{
  "movies" : [ {
    "id" : 93272,
    "title" : "La transamazonienne",
    "overview" : "",
    "genres" : [ ]
  }, {
    "id" : 93292,
    "title" : "Santana:  Multi Dimensional Warrior",
    "overview" : "Carlos Santana's unprecedented return to the legendary Fillmore in San Francisco, California in 2008 is his fan's greatest opportunity to see the enigmatic axe man in a rare and intimate setting, what many consider to be his greatest homecoming.",
    "genres" : [ ]
  }, {
    "id" : 93307,
    "title" : "Hamilton",
    "overview" : "Chronicles two summer days in the life of a young recent family: Lena, 17, and Joe, 20, two recent and accidental parents residing in a diverse suburban neighborhood in northeast Baltimore City.",
    "genres" : [ {
      "id" : 18,
      "name" : "Drama"
    } ]
  }, {
    "id" : 93352,
    "title" : "CantaJuego 1",
    "overview" : "",
    "genres" : [ {
      "id" : 10402,
      "name" : "Music"
    }, {
      "id" : 10751,
      "name" : "Family"
    } ]
  }, {
    "id" : 93357,
    "title" : "CantaJuego 5",
    "overview" : "",
    "genres" : [ ]
  }, {
    "id" : 93362,
    "title" : "Wicked Whispers",
    "overview" : "Evil comes in many voices!\r You can't see them, but you can hear them. Constantly. Whispers that shout so loud, it'll drive you insane.",
    "genres" : [ ]
  }, {
    "id" : 93367,
    "title" : "Teenage Hooker Confessions",
    "overview" : "What are these teenage beauties up to ?\r Find out, when they tell you their darkest secrets.",
    "genres" : [ ]
  }, {
    "id" : 93377,
    "title" : "Studio 69",
    "overview" : "What could be better than Studio 68? Why, Studio 69, of course. Anything goes in this studio of hardcore sex action.",
    "genres" : [ ]
  }, {
    "id" : 93382,
    "title" : "Sold",
    "overview" : "Have you ever wondered how much a night with the girl of your dreams would cost? Tonight the only size that matters is how big your bank roll is, because these girls are up for auction and if the price is right they will do anything and everything.",
    "genres" : [ ]
  }, {
    "id" : 93387,
    "title" : "Shanghai Grand",
    "overview" : "Gangsters abound in this lively, romantic crime drama that is set in Shanghai during WW II. The tale of Taiwanese patriot Hsu Wen-Chiang begins as he is washed up on a beach near Shanghai. He is taken in by Ting Lik, a kindly beggar who is desperately in love with Feng Ching-Ching, the daughter of a prominent gangster. It isn't long before Ting Lik successfully rises through the underworld ranks to become one of the city's most powerful gangsters. Hsu is beside him all the way and uses his own power to get revenge against those who tried to have him killed much earlier. The film's later focus is on the exploits of Feng who long ago had a relationship with Hsu when he was on the lam in northern China. Back in the present, Hsu and Feng meet again by chance and they resume their affair until Hsu learns that Feng's father is one of his enemies and kills him. Poor Feng goes mad with grief. Ting finds out and swears revenge upon Hsu.",
    "genres" : [ {
      "id" : 28,
      "name" : "Action"
    }, {
      "id" : 53,
      "name" : "Thriller"
    }, {
      "id" : 80,
      "name" : "Crime"
    }, {
      "id" : 10749,
      "name" : "Romance"
    }, {
      "id" : 10769,
      "name" : "Foreign"
    } ]
  }, {
    "id" : 93392,
    "title" : "Sex on Set",
    "overview" : "Lights! Camera! Action! And when Wicked points the camera, there's bound to be plenty of action! Mikayla Mendez lights up the screen as she seduces the camera, her man, and even sultry Sativa Rose. And when Mikayla isn't on set, it's time for fellow Wicked girl Alektra Blue to shine. Sit back and prepare to be seduced by Sex on Set.",
    "genres" : [ ]
  }, {
    "id" : 93397,
    "title" : "Seven Deadly Sins",
    "overview" : "Sin (sins) Noun : An act, thought or way of behaving that goes against moral teachings. To knowingly commit a serious moral offense. Something that offends ethical principle. Join award winning director Jonathan Morgan as he explores the dark side of Sin with an all star line up of adult's biggest names. Kaylani Lei, Mikayla, Eva Angelina, Shyla Stylez, Alexis Texas, Daisy Marie and Rebecca Linares will each push the envelope as they commit shameful offenses for the entire world to see. Can humanity survive Wicked's Seven Deadly Sins? There's only one way to find out...",
    "genres" : [ ]
  }, {
    "id" : 93407,
    "title" : "Animal",
    "overview" : "The young and promising genetics researcher Thomas Nielsen will stop at nothing to become the first person to identify the elements in man that trigger aggression. To achieve faster results he performs illegal tests on the convicted mass murderer Iparrah. But when Thomas one day gets caught, he injects the unauthorized test agent itself. This turns out to have unexpected effects ...",
    "genres" : [ {
      "id" : 53,
      "name" : "Thriller"
    }, {
      "id" : 878,
      "name" : "Science Fiction"
    } ]
  }, {
    "id" : 93412,
    "title" : "Golden Chicken 2",
    "overview" : "The year is 2046 and 82 year old Golden Chicken (slang for prostitute) Kum (Sandra Ng), spots a heartbroken man (Chapman To) planning to take memory loss-pills. Claiming that Hong Kong people have a way of forgetting, she begins to recap part of her life story, starting in 2003 during a time where she was desperately looking for a husband and the SARS outbreak happened...",
    "genres" : [ {
      "id" : 18,
      "name" : "Drama"
    }, {
      "id" : 35,
      "name" : "Comedy"
    }, {
      "id" : 10749,
      "name" : "Romance"
    }, {
      "id" : 10769,
      "name" : "Foreign"
    } ]
  }, {
    "id" : 93422,
    "title" : "Azn Super Idols 3",
    "overview" : "These sexy Asian girls will make you blow your load! You'll be creaming all over the place as you watch this smoking hot flick.",
    "genres" : [ ]
  }, {
    "id" : 93427,
    "title" : "Town Without Pity",
    "overview" : "Four American soldiers stationed near a German village face death in the rape of a local girl and are defended by outside counsel Major Steve Grant.",
    "genres" : [ {
      "id" : 18,
      "name" : "Drama"
    } ]
  }, {
    "id" : 93442,
    "title" : "Revenge",
    "overview" : "This tragic drama shows a young man fettered by Bushido, the way of the Samurai, who tried to escape the chains of his position, but was being forced to die. When the Tokugawa Shogunate ruled the land, Tatsuno castle in Wakisaka Clan's home of Harima held an established custom, the inspection of the arms warehouse. The Government Inspector Okuno Magodayu found a slight bit of dirt on the point of a spear and mentioned it with disdain. Ezaki Shinpachi heard it and started an argument with him. Magodayu then sent a a letter of challenge to him because he felt insulted by a low-ranking underling without a title. As it turned out Magodayu was killed. Since then, Shinpachi and the Okuno family have had continuous revenge duels. The tension mounts as this story builds to an extremely violent climax, when blood must pay for blood if the clan is to survive!",
    "genres" : [ ]
  }, {
    "id" : 93447,
    "title" : "Seven Minutes in Heaven",
    "overview" : "Galia, a young 27 year old woman injured in the bombing of a bus in Jerusalem, will start searching for the man who saved her life. A journey that will reveal to her an unsuspected truth.",
    "genres" : [ {
      "id" : 18,
      "name" : "Drama"
    }, {
      "id" : 10749,
      "name" : "Romance"
    }, {
      "id" : 53,
      "name" : "Thriller"
    } ]
  }, {
    "id" : 93452,
    "title" : "Eine unter Tausend",
    "overview" : "",
    "genres" : [ ]
  }, {
    "id" : 93457,
    "title" : "Split Decisions",
    "overview" : "When a boxer is killed because he wouldn't take a dive, his brother tries to find a way to avenge him even if only symbolically.",
    "genres" : [ {
      "id" : 18,
      "name" : "Drama"
    } ]
  }, {
    "id" : 93462,
    "title" : "Who's the Caboose?",
    "overview" : "A documentary team gets a grant to do a film on a rare fatal disease that is attacking homeless people. However, they quickly find the film too depressing. Ducking into a nightclub, they discover a young Manhattan comedienne and decide instead to follow her as she makes the circuit of auditions in L.A. as she tries to get a TV pilot. Unfortunately, she has failed to tell her boyfriend of this move. He decides he will trail her out west. There, the boyfriend runs into an old friend who has already made a break on a TV pilot. Seizing the opportunity, the actress turns her attentions to the established actor. However, the actress goes nowhere in auditions, but her ex-boyfriend is suddenly noticed and becomes the next hot prospect.",
    "genres" : [ {
      "id" : 35,
      "name" : "Comedy"
    } ]
  }, {
    "id" : 93482,
    "title" : "Jesus Walking on Screen",
    "overview" : "A short found footage trailer made for a film program dedicated to the depiction of Jesus in cinema.",
    "genres" : [ ]
  }, {
    "id" : 93487,
    "title" : "The Eighth Happiness",
    "overview" : "It is a comedy made for the Chinese New Year's day, the adventures of three brothers with women. They find their new love thanks to a breakdown of the telephone system which put them, by chance, in communication with young women whom they did not know.",
    "genres" : [ {
      "id" : 35,
      "name" : "Comedy"
    } ]
  }, {
    "id" : 93492,
    "title" : "Gladiators 7",
    "overview" : "Framed for the escape of five gladiators from the arena, the son of one of Sparta's leading citizens is sentenced to the arena as gladiator himself and forced to fight for his life in the Roman Colosseum. Years later he manages to escape and return to Sparta, only to find out that his father has been murdered--even though it was ruled a \"suicide\"--and the woman he loves is about to marry the evil king who has usurped the throne. He sets out to find six of his fellow gladiators and return to Sparta to save his woman and place the rightful king on the throne.",
    "genres" : [ {
      "id" : 18,
      "name" : "Drama"
    }, {
      "id" : 28,
      "name" : "Action"
    }, {
      "id" : 12,
      "name" : "Adventure"
    } ]
  }, {
    "id" : 93502,
    "title" : "They Came to Rob Hong Kong",
    "overview" : "A bungling gang of criminal mercenaries arrives from the Chinese mainland on a mission for a mysterious evil mastermind, only to discover that their shady new employer has set them all up for a fall.",
    "genres" : [ {
      "id" : 35,
      "name" : "Comedy"
    } ]
  }, {
    "id" : 93507,
    "title" : "Permutations",
    "overview" : "Computer graphics.",
    "genres" : [ {
      "id" : 99,
      "name" : "Documentary"
    } ]
  }, {
    "id" : 93517,
    "title" : "Jan Dvorak and His Friends",
    "overview" : "Join superstar Jan Dvorak and his euro-stud friends in five scenes of blistering hardcore action!",
    "genres" : [ ]
  }, {
    "id" : 93522,
    "title" : "Santana - Greatest Hits: Live at Montreux 2011",
    "overview" : "Carlos and the band have been frequent visitors to Montreux over the years and in 2011 they presented a stunning concert of their greatest hits, classic album tracks and brilliant cover versions from their debut album right up to 2010's Guitar Heaven . This is the ultimate Santana live concert and absolutely not to be missed.",
    "genres" : [ {
      "id" : 10402,
      "name" : "Music"
    } ]
  }, {
    "id" : 93527,
    "title" : "Dipu Number 2",
    "overview" : "An adventure story for young boys, Dipu Number Two is the second film of a talented director from Bangladesh who is one of the few who concentrate on quality filmmaking in a country with a rich commercial film industry. The story is taken from a youth-oriented novel in which Dipu, a boy belonging to the educated class, is teased by the school bully but eventually forms a deep relationship with him. The rest is totally escapist in nature, including a scene in which the two youths manage to capture single-handedly an entire group of robbers.",
    "genres" : [ {
      "id" : 12,
      "name" : "Adventure"
    }, {
      "id" : 10751,
      "name" : "Family"
    } ]
  }, {
    "id" : 93532,
    "title" : "The Devil Fetus",
    "overview" : "It's Satanic possession and grisly gore galore in the wildly entertaining horror spectacle Devil Fetus! The story concerns the exploits of a rich family and their daughter-in-law's purchase of a mysterious old statue. But a monster is released from the statue, and rapes the girl! Soon, people begin to get possessed, a dog goes on the bloodthirsty offensive, and guts and body parts begin flying...literally! The producers of Devil Fetus have spared no expense, or imagination, to produce some of the most entertaining displays of gory excess in Hong Kong Cinema history! Crushed heads, worm-infested human faces, a man snacking on his own intestines, and other assorted displays of creative cruelty abound in what has to be one of the most inventive splatter films ever made.",
    "genres" : [ {
      "id" : 27,
      "name" : "Horror"
    } ]
  }, {
    "id" : 93547,
    "title" : "Una aventura llamada Menudo",
    "overview" : "Xavier, Miguel, Johnny, Ricky, and Charlie (the members of Menudo) decide to take a hot air ballon to a concert and end up crashing in the woods. The boys have their own adventures (jumping in the mud, skateboarding, stealing motorbikes, playing practical jokes on each other, throwing sea sponges, and meeting beautiful girls) while the record company tries to get them back so that they can perform in concert.",
    "genres" : [ {
      "id" : 12,
      "name" : "Adventure"
    }, {
      "id" : 10402,
      "name" : "Music"
    } ]
  }, {
    "id" : 93562,
    "title" : "Law and Order",
    "overview" : "Frame Johnson's attempt to settle down in Tombstone is interrupted when a mob tries to mete out some frontier justice.",
    "genres" : [ {
      "id" : 28,
      "name" : "Action"
    }, {
      "id" : 37,
      "name" : "Western"
    } ]
  }, {
    "id" : 93567,
    "title" : "The Pride of Jesse Hallam",
    "overview" : "Jesse Hallum sells the family farm to see that his daughter receives the medical care she needs at the Cincinnati Children's Hospital. The big city challenges him, though, especially when his illiteracy is exposed.",
    "genres" : [ {
      "id" : 18,
      "name" : "Drama"
    }, {
      "id" : 10751,
      "name" : "Family"
    } ]
  }, {
    "id" : 93572,
    "title" : "Psycho Cheerleaders",
    "overview" : "Sexy just hit the post season.\r Sexed up and psyched out, these cheering babes are prepped to take on the whole team. Whether it's an anal encounter or a threeway pom-pom pussy parade, you don't want to miss a move!",
    "genres" : [ ]
  }, {
    "id" : 93577,
    "title" : "Julia Ann Hardcore",
    "overview" : "Guess again. With a new brunette look, the shapely beauty adds several exciting new \"firsts\" to her erotic resume. An anal pounding from Manuel Ferrara and a dp with Randy Spears and Eric Masterson. Sean Michaels brings her interracial fantasies to life. Gia Paloma and Roxy Deville bring the toys for another dp. A POV scorcher and Julia's first four-man gangbang usher in a new chapter in this Hall of Fame legend's career.",
    "genres" : [ ]
  }, {
    "id" : 93582,
    "title" : "You Shoot, I Shoot",
    "overview" : "A hired killer pairs up with an amateur filmmaker to provide clients with satisfying footage of enemies getting whacked in this black comedy. Business is down, so hit man Bart is thrilled when Mrs. Ma hires him to kill her enemies -- and film the murders. But Bart's first video killing stinks, so he hires filmmaker Chuen. Although business subsequently picks up, their notoriety creates complications.",
    "genres" : [ {
      "id" : 28,
      "name" : "Action"
    }, {
      "id" : 35,
      "name" : "Comedy"
    }, {
      "id" : 80,
      "name" : "Crime"
    }, {
      "id" : 10769,
      "name" : "Foreign"
    } ]
  }, {
    "id" : 93587,
    "title" : "Russian Institute: Lesson 5",
    "overview" : "",
    "genres" : [ ]
  }, {
    "id" : 93592,
    "title" : "Russian Institute: Lesson 6",
    "overview" : "",
    "genres" : [ ]
  }, {
    "id" : 93602,
    "title" : "Russian Institute: Lesson 9 - Special Camping",
    "overview" : "In this boarding school, strict Slavic education keeps the pretty lasses in line! Corporal punishment is meted out by the principal. But she must not be spanking them hard enough, otherwise they wouldn't be so horny all the time. Their tight little pussies are aching to be pinned down and forced open. So they set out for a hike in the woods. The young sluts are obviously on the lookout for lusty males, oozing cock in hand skulking in the thickets or sitting in a tent stroking it, ready to tame young pussy!",
    "genres" : [ ]
  }, {
    "id" : 93607,
    "title" : "All About Eva Angelina",
    "overview" : "Eva Angelina is the current \"it\" girl, and with good reason. Her stunning face, curvaceous body (those perfect tits!) and fun attitude toward sex make her the dream-cum-true performer. Enjoy eight stunning encounters with Eva taking on guys and girls, including three-ways! She even wears her glasses for an explosive eyes-open facial that helped her earn her Performer of the Year crown.",
    "genres" : [ ]
  }, {
    "id" : 93617,
    "title" : "Betting on Flesh",
    "overview" : "Are You A Betting Man???Justine was a New Millennium Madam with the body and libido to judge and tutor male talent!  On a dare- Justine agrees to transform geeky Don into a Stud for Hire!  During a raunchy \"Fuck Off\" with 2 insatiable nymphomaniacs- Don must prove himself a skilled lover and a top Cocksman!",
    "genres" : [ ]
  }, {
    "id" : 93622,
    "title" : "Katwoman XXX",
    "overview" : "Batfxxx is missing and Gothard City is in danger of being wiped out by a deadly virus. Katwoman is their only hope of survival and she makes a deal with her arch-enemy The Jo-Kerr to save the city from this potential threat. With Wonderchick, Jokette, 2-Face, Gangster Lovato and super-busty Superchick, it's an all-star cast of hot and horny players in this action-packed, sex-filled adventure. Packed with plenty of action, from the chases, fights and explosions to some of the hottest sex and orgies from the nastiest villains and heroes ever seen!",
    "genres" : [ {
      "id" : 14,
      "name" : "Fantasy"
    }, {
      "id" : 28,
      "name" : "Action"
    } ]
  }, {
    "id" : 93627,
    "title" : "El Terrible Toreador",
    "overview" : "A barmaid, a Mexican officer and a terrible toreador form a love triangle, as they dance, skip, kiss, punch and slap to the tune of Bizet's \"Carmen.\" Later, the barmaid cheers her lover, and the officer razzes him, during the big bullfight. The toreador and the bull are not above clowning, but never doubt they are two fearsome opponents striving toward a gruesome climax.",
    "genres" : [ {
      "id" : 16,
      "name" : "Animation"
    } ]
  }, {
    "id" : 93637,
    "title" : "Aquaponics Made Easy",
    "overview" : "Aquaponics master Murray Hallam takes you into the world of Aquaponics and explains how you can grow clean, fresh and organic fish and vegetables in your own backyard.",
    "genres" : [ {
      "id" : 99,
      "name" : "Documentary"
    } ]
  }, {
    "id" : 93647,
    "title" : "Skater Girl Fever",
    "overview" : "Ahh ... Do you remember those skate-rat daze? The street was your playground and you felt like you could ollie from the curb to the scenter of the blazing California sun. The only things that mattered were your stickered deck, those asphalt stained wheels, and of course ... your SKATER GIRL! Even if you were never good enough to get the girl, Dave Naz remembers those times. The former pop-punk rocker (Chemical People) turned acclaimed photographer (\"Lust Circus,\" \"Fresh: Girls of Seduction\") takes a Larry Clark-like approach to peeping on tube-sox wearing gals. Charlotte, Nadia, Christie, Leah, Gia, Faith, and Kimberly all live out Naz's cute-yet-raunchy old-school fantasy. With music by Andre \"Mr. Rhythm\" Williams, the Dwarves and OG gear from FUCT, you're sure to catch \"Skater Girl Fever\"!",
    "genres" : [ ]
  }, {
    "id" : 93672,
    "title" : "The Mouth Agape",
    "overview" : "The portrait of a woman going through a terminal illness and the tumorous lives of her husband and son.",
    "genres" : [ {
      "id" : 18,
      "name" : "Drama"
    } ]
  }, {
    "id" : 93682,
    "title" : "American Mormon",
    "overview" : "American Mormon is a 2005 comedic documentary (starring Daryn Tufts and Jed Knudsen) that takes look at the real life misconceptions (and understandings) concerning the faith and culture of The Church of Jesus Christ of Latter-day Saints.",
    "genres" : [ {
      "id" : 99,
      "name" : "Documentary"
    } ]
  }, {
    "id" : 93712,
    "title" : "Toyland Premiere",
    "overview" : "Santa Claus gets a telegram from Oswald the Rabbit, telling him the city is ready for his Toyland Parade and that there will be a reception in the big department store. Santa is a jolly elf indeed until he discovers that moths have eaten every last shred of his Santa suit. The day is saved when quick thinking on the part of an old elf, armed with red paint and popcorn, turns Santa's ordinary light-blue outfit into a real Santa suit. The parade is a big success, and the reception promises to be even better. Frankenstein's monster, Tarzan, Lupe Velez, Shirley Temple, Al Jolson and Bing Crosby are all there to greet Santa. Laurel and Hardy nearly spoil the day when they dress in a dragon's costume and try to steal the chocolate cake.",
    "genres" : [ {
      "id" : 16,
      "name" : "Animation"
    } ]
  }, {
    "id" : 93717,
    "title" : "Willie Nelson Outlaws & Angels",
    "overview" : "The performances come from a 2004 Willie Nelson Special aired on cable television; guests include many well-known musicians.",
    "genres" : [ ]
  }, {
    "id" : 93737,
    "title" : ".hack Liminality In the Case of Yuki Aihara",
    "overview" : "In the second volume of the .hack//Liminality series, Yuki Aihara was a school girl who one day went to a school theater and while watching a movie, the words \"The World\" suddenly appeared on the big screen and suddenly, the entire town of Yokohama was blacked out due to power shutting off. People are desparately trying to escape and Yuki tries to get out as well. Suddenly, a mysterious woman who claims that she happens to work at the school theater helps Yuki find the way out of the theater. Can Yuki escape from the black out crisis and join up with Junichiro Tokuoka to get the answers about \"The World\"?",
    "genres" : [ ]
  }, {
    "id" : 93752,
    "title" : "Two Undercover Angels",
    "overview" : "\"Red Lips\" are two female detectives trying to find missing models and dancers. A pop artist called Klaus Thriller and his werewolf-like assistant, Morpho, are the main suspects for the murderers.",
    "genres" : [ {
      "id" : 35,
      "name" : "Comedy"
    } ]
  }, {
    "id" : 93767,
    "title" : "Seven Women from Hell",
    "overview" : "Seven women from different backgrounds, nationality, age, class, and marital status find themselves in New Guinea, February 1942 - when the Japanese army takes over unexpectedly, and sends them into a war camp in the jungle.",
    "genres" : [ {
      "id" : 18,
      "name" : "Drama"
    }, {
      "id" : 10752,
      "name" : "War"
    } ]
  }, {
    "id" : 93777,
    "title" : "9 Leben",
    "overview" : "Several street children in Berlin talk about their daily life, referring not only to drug addiction and physical/traumatic injuries, but also to their talents and dreams.",
    "genres" : [ {
      "id" : 99,
      "name" : "Documentary"
    } ]
  }, {
    "id" : 93782,
    "title" : "Fate",
    "overview" : "Serial killers have plagued the American landscape for decades, committing gruesome atrocities, and providing some tough cases for criminal investigators to crack. This thriller follows the travails of two detectives who are on the trail of a bizarre murderer intent on slaughtering his victims, then using them as real-life puppets in a tale that he is trying to tell. The plot holds a key to the whereabouts of the monstrous deviant, but the detectives have to unravel it quickly before more unsuspecting citizens become theater fodder for the unhinged madman.",
    "genres" : [ {
      "id" : 18,
      "name" : "Drama"
    }, {
      "id" : 53,
      "name" : "Thriller"
    } ]
  }, {
    "id" : 93822,
    "title" : "Brea vs Roxy",
    "overview" : "Club Jenna brings you two amazing women with two incredible styles to the ring! Round one Roxy's unique head style and moaning deep throat leaves you creaming your jeans. Then we have round two with Brea the sensual seductress. Sucking, licking and teasing to the point of your giant release. You will be blown by two of the greatest in the business and you get to decide who wins this fight!",
    "genres" : [ ]
  }, {
    "id" : 93827,
    "title" : "Jenna Loves Pain 2",
    "overview" : "Uncover the darkest urges of Club Jenna for the second time! Explore your taste for pleasure and pain. Jenna Jameson is here to show you her love for bondage, whip cracking, and three-way sexual services. Strapped and tied upside down, Jenna gets an unforgiving work over with an authoritative vibrator before spilling all her naughty secrets to Mistress Nina Hartley. Jenna gives and takes a licking, along with her dirty playmates Dru Barrymore, Ava Vincent, Amber Micheals, Emily Marilyn, and Fujiko Kano. Get ready for some hot penetration, woman to woman! Please join us in the dungeon for some playfully serious pain.",
    "genres" : [ ]
  }, {
    "id" : 93837,
    "title" : "So Undercover",
    "overview" : "When the FBI hires her to go undercover at a college sorority, Molly Morris (Miley Cyrus) must transform herself from a tough, streetwise private investigator to a refined, sophisticated university girl to help protect the daughter of a one-time Mobster. With several suspects on her list, Molly unexpectedly discovers that not everyone is who they appear to be, including herself.",
    "genres" : [ {
      "id" : 28,
      "name" : "Action"
    } ]
  }, {
    "id" : 93847,
    "title" : "My Best Holidays",
    "overview" : "Over this long hot summer, Claude and Isabelle get their marriage back on track, while Bibou and Simon, spend a memorable summer discovering the world of grown-ups.",
    "genres" : [ {
      "id" : 35,
      "name" : "Comedy"
    }, {
      "id" : 10751,
      "name" : "Family"
    } ]
  }, {
    "id" : 93862,
    "title" : "Goodbye Gemini",
    "overview" : "Unnaturally close, jet-setting twins become enmeshed in the Swinging London scene, where their relationship is strained after they befriend a predatory hustler and his girlfriend.",
    "genres" : [ {
      "id" : 18,
      "name" : "Drama"
    }, {
      "id" : 10769,
      "name" : "Foreign"
    } ]
  }, {
    "id" : 93867,
    "title" : "Dr. Heckyl and Mr. Hype",
    "overview" : "An ugly, misshapen podiatrist ingests a formula made by a colleague and turns into a handsome, devil-may-care (but violent) ladies' man.",
    "genres" : [ {
      "id" : 14,
      "name" : "Fantasy"
    }, {
      "id" : 35,
      "name" : "Comedy"
    }, {
      "id" : 27,
      "name" : "Horror"
    } ]
  }, {
    "id" : 93872,
    "title" : "25 Hill",
    "overview" : "This is the story of an 11-year-old boy whose derby dreams are left in pieces when his soldier father is killed in Afghanistan. The boy teams up with a father figure whose own son, a firefighter, died in the line of duty, and the two help each other find redemption and revive the derby.",
    "genres" : [ {
      "id" : 18,
      "name" : "Drama"
    } ]
  }, {
    "id" : 93877,
    "title" : "Beltenebros",
    "overview" : "Madrid, 1962. More than twenty years after the civil war has finished, a communist comes back to Spain to kill a traitor.",
    "genres" : [ {
      "id" : 53,
      "name" : "Thriller"
    }, {
      "id" : 80,
      "name" : "Crime"
    }, {
      "id" : 18,
      "name" : "Drama"
    } ]
  }, {
    "id" : 93882,
    "title" : "Love Come",
    "overview" : "a japanese love comedy",
    "genres" : [ ]
  }, {
    "id" : 93892,
    "title" : "The Hoodlum Priest",
    "overview" : "Based on the life of Fr. Charles Clark, a minister to street gangs.",
    "genres" : [ {
      "id" : 18,
      "name" : "Drama"
    } ]
  }, {
    "id" : 93897,
    "title" : "A Very Gaga Thanksgiving",
    "overview" : "Lady Gaga is as likely to wear a turkey on her head as she is to eat one at Thanksgiving dinner. But the singer may surprise fans in a whole new way on Thanksgiving night, when she sits down with ABC's Katie Couric for a holiday special, A Very Gaga Thanksgiving.",
    "genres" : [ {
      "id" : 10402,
      "name" : "Music"
    }, {
      "id" : 99,
      "name" : "Documentary"
    } ]
  }, {
    "id" : 93907,
    "title" : "Los Chicos",
    "overview" : "Four young men are cited in a kiosk during a rainy afternoon. One has to study and the other three go to the cinema, although they are not allowed to entry because their young age. The group consists of Andres who works as bellboy in a hotel and dreams of becoming a bullfighter, \"El Chispa\" who follows the orders of an old grumpy man, Carlos, a student and \"El Negro\", a shy boy. All they want is to have fun. However, reality forces them to confront the problems of the adult world.",
    "genres" : [ ]
  }, {
    "id" : 93912,
    "title" : "Cuentos de la Alhambra",
    "overview" : "Mariquilla is a beautiful gypsy who is in love with Lucas, a soldier of the garrison in the Alhambra, but her father wants to marry her with Don Cosme, a rich old clerk for the service of the mayor. Soon, the girl asks for help to the governor of Granada, a gentleman who has always had a great adoration for the girl.",
    "genres" : [ {
      "id" : 35,
      "name" : "Comedy"
    } ]
  }, {
    "id" : 93917,
    "title" : "The Specialist",
    "overview" : "They called her for the jobs no one else could handle!",
    "genres" : [ {
      "id" : 28,
      "name" : "Action"
    }, {
      "id" : 53,
      "name" : "Thriller"
    } ]
  }, {
    "id" : 93922,
    "title" : "Getting Lucky",
    "overview" : "School nerd Bill just wants to save the world and to score a date with cheerleader babe Chrissie Schackler. Both become real possibilities when he finds an alcoholic Leprechaun in a beer bottle he was about to recycle. Wacky hijinks ensue as the leprechaun, Lepkey, messes up a few of the wishes. Can Bill fight off school jock Tony Chanuka and marry Chrissie so they can fulfill their dream of opening a clinic?",
    "genres" : [ {
      "id" : 35,
      "name" : "Comedy"
    }, {
      "id" : 10751,
      "name" : "Family"
    } ]
  }, {
    "id" : 93937,
    "title" : "Dangerous Curves",
    "overview" : "Two college student decide to go spend some quality time at a beauty pageant with the help of their Porsche.",
    "genres" : [ {
      "id" : 35,
      "name" : "Comedy"
    } ]
  }, {
    "id" : 93952,
    "title" : "Canucula!",
    "overview" : "Following his resurrection over a century after the events in Bram Stoker's classic novel, Count Dracula finds himself in Canada, where he can really sink his teeth into his trade! Our hero - a former hockey star - must save a distant relative of Dracula's original love from the power of the vampire, before she can be made his queen and spread pestilence amongst the living. Along the way, they encounter a vampire hunter from the black forests of Moose Jaw, a delicious minion of the Count, and a crazed accountant who just happens to be under Dracula's command!",
    "genres" : [ ]
  }, {
    "id" : 93957,
    "title" : "Twists of Terror",
    "overview" : "Stuck in the attic, Phillip, (Joseph Ziegler) recounts several different tales to an unknown listener in order to explain the dangers of the world.",
    "genres" : [ {
      "id" : 10770,
      "name" : "TV Movie"
    }, {
      "id" : 27,
      "name" : "Horror"
    }, {
      "id" : 53,
      "name" : "Thriller"
    } ]
  }, {
    "id" : 93962,
    "title" : "Glastonbury Fayre",
    "overview" : "In the Summer of 1971 the Glastonbury legend was born when the organisers decided to try and create a festival that would be a forerunner for an 'alternative and utopian society'. The festival encompassed Midsummer's Day, and in true medieval tradition, the area of Worthy Farm, Pilton was given over to music, dance, poetry, theatre, spontaneous entertainment and nudity.",
    "genres" : [ {
      "id" : 10402,
      "name" : "Music"
    }, {
      "id" : 99,
      "name" : "Documentary"
    } ]
  }, {
    "id" : 93967,
    "title" : "Vietnam",
    "overview" : "",
    "genres" : [ {
      "id" : 99,
      "name" : "Documentary"
    } ]
  }, {
    "id" : 93972,
    "title" : "Bikershaw Festival",
    "overview" : "Bikershaw Festival",
    "genres" : [ {
      "id" : 10402,
      "name" : "Music"
    } ]
  }, {
    "id" : 93992,
    "title" : "Golden Days",
    "overview" : "Golden Days The British Invasion Versus The SAN FRANCISCO Sound. This double feature DVD is your best chance ever to collect the greatest sngs and performance of one of music's most explosive periods.",
    "genres" : [ {
      "id" : 99,
      "name" : "Documentary"
    }, {
      "id" : 10402,
      "name" : "Music"
    } ]
  }, {
    "id" : 94022,
    "title" : "Grateful Dead - Still Alive And Well",
    "overview" : "Grateful Dead - Still Alive And Well",
    "genres" : [ {
      "id" : 10402,
      "name" : "Music"
    } ]
  }, {
    "id" : 94042,
    "title" : "Showgirls 2: Penny's from Heaven",
    "overview" : "Las Vegas stripper, Penny Slot (Rena Riffel), sets out on an adventure to become the star dancer on a dance television show. With stars in her eyes, she tries to find the pot of gold at the end of the rainbow but instead finds danger in a town more wicked than Sin City. Romance then leads her down a path towards her dream of stardom, fame, and fortune. But danger lurks at every twist and turn while Penny Slot becomes lured by a dangerous love triangle full of temptation and seduction. Penny's longtime fiancé/boyfriend, James \"Jimmy\" Smith (Glenn Plummer) warns her that she needs formal technique training if she wants to be taken seriously as a real dancer, so Penny heeds his advice and sets out to take ballet classes and practices her pique turns. But, she must pay the price. And there is a price to pay for success, sacrifices to be made at every imaginable level, and it all comes down to... How bad do you want it?",
    "genres" : [ {
      "id" : 35,
      "name" : "Comedy"
    }, {
      "id" : 18,
      "name" : "Drama"
    }, {
      "id" : 10749,
      "name" : "Romance"
    }, {
      "id" : 53,
      "name" : "Thriller"
    } ]
  }, {
    "id" : 94047,
    "title" : "My Way",
    "overview" : "Inspired by a true story. Jun Shik works for Tatsuo's grandfather's farm while Korea is colonized by Japan, but he has a dream to participate in Tokyo Olympics as a marathon runner. Tatsuo also aims to become a marathon runner, so the two are in rivalry. But war breaks out and they both are forced to enlist in the army. Tatsuo becomes the head of defense in Jun Shik's unit and he devises a scheme but fails. Jun Shik and Tatsuo are captured by the Soviets. They run away but soon are captured by Germans and forced to separate. In 1944, they meet again at the shores of Normandy.",
    "genres" : [ {
      "id" : 18,
      "name" : "Drama"
    }, {
      "id" : 28,
      "name" : "Action"
    }, {
      "id" : 36,
      "name" : "History"
    }, {
      "id" : 10752,
      "name" : "War"
    } ]
  }, {
    "id" : 94052,
    "title" : "Azazel",
    "overview" : "Based on Boris Akunin's novel 'Azazel' (English title 'The Winter Queen') set in Moscow in 1876. The novel started a long series quite popular in Russia. In 'Azazel' a young police officer - Erast Fandorin - investigates an odd suicide of some rich young man and finds a complex conspiracy, trying to take over most European countries - from Britain to Ottoman Empire - with the best intentions, of course.",
    "genres" : [ {
      "id" : 9648,
      "name" : "Mystery"
    }, {
      "id" : 12,
      "name" : "Adventure"
    }, {
      "id" : 28,
      "name" : "Action"
    }, {
      "id" : 10769,
      "name" : "Foreign"
    }, {
      "id" : 18,
      "name" : "Drama"
    } ]
  }, {
    "id" : 94067,
    "title" : "Snake Dancer",
    "overview" : "With the oppressive climate of 1970s South Africa as the backdrop, this erotic biopic tells the story of Glenda Kemp (playing herself), a former Sunday school teacher who becomes an exotic dancer -- and provocatively shares the stage with a python. Creating an uproar and breaking every taboo in the book with her act, Kemp soon finds herself charged with indecency as the government attempts to ban her seductive performance art.",
    "genres" : [ {
      "id" : 18,
      "name" : "Drama"
    }, {
      "id" : 10769,
      "name" : "Foreign"
    } ]
  }, {
    "id" : 94072,
    "title" : "Straight Out of Brooklyn",
    "overview" : "A Special Jury Award winner at the Sundance Film Festival, this drama stars a then-19-year-old Matty Rich (who also wrote and directed it). Rich plays Larry, a troubled teen living in the rough Red Hook section of Brooklyn who decides he wants out and turns to crime to fund his escape. But his plan involves scamming the neighborhood's biggest drug kingpin, a heist that's dangerous at best.",
    "genres" : [ {
      "id" : 18,
      "name" : "Drama"
    } ]
  }, {
    "id" : 94092,
    "title" : "Susan Slade",
    "overview" : "A pregnant teen allows her mother to pass the baby off as her own.",
    "genres" : [ {
      "id" : 18,
      "name" : "Drama"
    }, {
      "id" : 10749,
      "name" : "Romance"
    } ]
  }, {
    "id" : 94097,
    "title" : "Brigade Miscellaneous in the Mountains and at the Sea",
    "overview" : "Misc. Brigade must solve a drug traffic case, in their own way",
    "genres" : [ {
      "id" : 35,
      "name" : "Comedy"
    } ]
  }, {
    "id" : 94107,
    "title" : "Giuseppe Verdi",
    "overview" : "The great Italian opera composer recalls his eventful life on his deathbed: his childhood in Busseto, his studies in Milan, his first opera \"Oberto, conte di San Bonifacio\", the death of his wife and his children killed by smallpox.",
    "genres" : [ {
      "id" : 10402,
      "name" : "Music"
    }, {
      "id" : 18,
      "name" : "Drama"
    }, {
      "id" : 36,
      "name" : "History"
    } ]
  }, {
    "id" : 94117,
    "title" : "A Boy, a Girl and a Dog",
    "overview" : "During World War II, a young boy and girl, living with their respective families in an apartment house that had restrictions against pets, adopt a lost dog and hide it in a vacant apartment, which may have been the only vacant apartment in the United States at the time this movie was being filmed. A burglar breaks in and the apartment is damaged when the dog and crook have a tussle. This blows the dog's cover, but the kids enlist him in the K-9 Corps, and the dog distinguishes himself in the WWII Italian campaign",
    "genres" : [ {
      "id" : 18,
      "name" : "Drama"
    }, {
      "id" : 28,
      "name" : "Action"
    }, {
      "id" : 10751,
      "name" : "Family"
    }, {
      "id" : 10752,
      "name" : "War"
    } ]
  }, {
    "id" : 94122,
    "title" : "Übriggebliebene ausgereifte Haltungen",
    "overview" : "Rockumentary über die Goldenen Zitronen",
    "genres" : [ ]
  }, {
    "id" : 94127,
    "title" : "Sanrizuka - Heta Village",
    "overview" : "Shinsuke Ogawa documentary about the life of the farmers in Heta Village opposing their resettlement due to the construction of Narita Airport.",
    "genres" : [ {
      "id" : 99,
      "name" : "Documentary"
    } ]
  }, {
    "id" : 94132,
    "title" : "Chosyu Five",
    "overview" : "Fictionalised account of the story of the he Chōshū Five (長州五傑 Chōshū Goketsu) who travelled to and studied in Britain in 1863 while Japan was still under sakoku (鎖国 \"locked country\").",
    "genres" : [ {
      "id" : 36,
      "name" : "History"
    }, {
      "id" : 10769,
      "name" : "Foreign"
    }, {
      "id" : 18,
      "name" : "Drama"
    } ]
  }, {
    "id" : 94147,
    "title" : "Uganda Rising",
    "overview" : "For two decades, the Acholi people of Northern Uganda have been caught in a civil war between a rebel group whose main objective is inhumane terror and a government whose military response has often increased misery and suffering. Over one and a half million people have been displaced into camps and over 25,000 children have been abducted to be used as soldiers and sex slaves. Uganda Rising is the story of Northern Uganda, her stolen children, and their fight to be free.",
    "genres" : [ {
      "id" : 99,
      "name" : "Documentary"
    } ]
  }, {
    "id" : 94172,
    "title" : "Man Accused",
    "overview" : "Soon after celebrating his engagement to aristocratic heiress Kathy Riddle (Carol Marsh), engineer Bob Jensen (Ronald Howard) is accused by an insurance investigator of being a notorious -- and murderous -- jewel thief. Can Bob restore his reputation and regain Kathy's trust? Desperate to prove his innocence, Bob engineers a daring jailbreak and pursues the real culprit. Montgomery Tully directs this crime drama.",
    "genres" : [ {
      "id" : 80,
      "name" : "Crime"
    }, {
      "id" : 18,
      "name" : "Drama"
    } ]
  }, {
    "id" : 94177,
    "title" : "Triplet Trouble",
    "overview" : "Someone drops off three cute little kittens; Tom is put in charge of them while Beulah goes shopping. But behind her back, the the three little angels are real devils, immediately giving Tom a hotfoot and otherwise tormenting him. Jerry initially thinks they might be his allies since they have a mutual enemy, but they're cats first, so Tom and Jerry team up instead. Jerry chases the kittens, as Tom launches an aerial attack with a drop-leaf table, three pies, and a watermelon; he ends by scooping up the kittens and dropping them on the rotating clothes rack outdoors as Jerry spanks them. Tom cuts paper wings for the three \"angels\" as Beulah returns with their cream.",
    "genres" : [ {
      "id" : 35,
      "name" : "Comedy"
    }, {
      "id" : 16,
      "name" : "Animation"
    } ]
  }, {
    "id" : 94182,
    "title" : "Torrid Zone",
    "overview" : "A Central American plantation manager and his boss battle over a traveling showgirl.",
    "genres" : [ {
      "id" : 28,
      "name" : "Action"
    }, {
      "id" : 12,
      "name" : "Adventure"
    }, {
      "id" : 35,
      "name" : "Comedy"
    }, {
      "id" : 10749,
      "name" : "Romance"
    } ]
  }, {
    "id" : 94192,
    "title" : "Great Day in the Morning",
    "overview" : "After a card game Southerner Owen Pentecost finds himself the owner of a Denver hotel. Involved with two women - one who came with the hotel, and one newly arrived from the East to open a dress shop - he then has to make even more fundamental choices when, with the start of the Civil War, he becomes one of a small minority in a strongly Unionist town.",
    "genres" : [ {
      "id" : 37,
      "name" : "Western"
    } ]
  }, {
    "id" : 94207,
    "title" : "So This Is Washington",
    "overview" : "No Overview",
    "genres" : [ {
      "id" : 35,
      "name" : "Comedy"
    } ]
  }, {
    "id" : 94217,
    "title" : "IndoctriNation",
    "overview" : "The Majority of Christian children attend a public school. Their families have a vested interest in all that happens there. Join Scottish filmmaker Colin Gunn, a home school father of seven, on a field trip of a lifetime. Driving an old school bus, Colin and family travel across America asking questions about the origins and social impact of America's public education system",
    "genres" : [ {
      "id" : 99,
      "name" : "Documentary"
    }, {
      "id" : 10769,
      "name" : "Foreign"
    } ]
  }, {
    "id" : 94222,
    "title" : "Percy",
    "overview" : "Edwin Antony (Hywel Bennett) is emasculated in an accident which kills a young philanderer. Doctors successfully replace his member with that of the dead man, but refuse to tell him the full story of the organ's origin. So Edwin begins a search which takes him to the philanderer's wife - and also to his many, many girlfriends...",
    "genres" : [ {
      "id" : 35,
      "name" : "Comedy"
    } ]
  }, {
    "id" : 94237,
    "title" : "Street Sisters",
    "overview" : "What Would You Do If Your Mother Was a Hooker?",
    "genres" : [ {
      "id" : 18,
      "name" : "Drama"
    } ]
  }, {
    "id" : 94242,
    "title" : "Survivor",
    "overview" : "An astronaut, known only as The Survivor, returns from space only to find Earth a desolate, post-nuclear wasteland. Spending the next ten years searching for others, he finds rumors and signs of a hidden underground city. He finds a woman who claims to know where the city is, but she is kidnapped before she can tell him. Desperate to locate this hidden remnant of humanity, he begins his pursuit of her captors.",
    "genres" : [ {
      "id" : 878,
      "name" : "Science Fiction"
    }, {
      "id" : 28,
      "name" : "Action"
    }, {
      "id" : 12,
      "name" : "Adventure"
    } ]
  }, {
    "id" : 94252,
    "title" : "Tanya",
    "overview" : "A rich girl is kidnapped by a revolutionary group, but instead of wanting to be rescued, she decides to join her captors' organization.",
    "genres" : [ {
      "id" : 18,
      "name" : "Drama"
    }, {
      "id" : 35,
      "name" : "Comedy"
    } ]
  } ]
}