{
  "movies" : [ {
    "id" : 292602,
    "title" : "Kommt Mausi raus?!",
    "overview" : "A drama directed by Angelina Maccarone and Alexander Scherer.",
    "genres" : [ {
      "id" : 10770,
      "name" : "TV Movie"
    }, {
      "id" : 18,
      "name" : "Drama"
    }, {
      "id" : 35,
      "name" : "Comedy"
    }, {
      "id" : 10749,
      "name" : "Romance"
    } ]
  }, {
    "id" : 292607,
    "title" : "The Rise and Rise of Bitcoin",
    "overview" : "A documentary about the development and spread of the virtual currency called Bitcoin.",
    "genres" : [ {
      "id" : 99,
      "name" : "Documentary"
    }, {
      "id" : 36,
      "name" : "History"
    } ]
  }, {
    "id" : 292617,
    "title" : "The Leaf Blower Massacre",
    "overview" : "Ax. Chainsaw. Woodchipper. There's a new yard tool to be used for evil and only one man has the twisted passion to make it a reality. Witness the beginning of a madman's killing spree that occurs once every year...when the leaves begin to fall.",
    "genres" : [ {
      "id" : 27,
      "name" : "Horror"
    } ]
  }, {
    "id" : 292622,
    "title" : "Les affaires sont les affaires",
    "overview" : "",
    "genres" : [ {
      "id" : 18,
      "name" : "Drama"
    } ]
  }, {
    "id" : 292627,
    "title" : "Danger Trails",
    "overview" : "A football star grown up in the East goes West in order to meet his father. He discovers that his parent and his three half-brothers are now notorious outlaws .",
    "genres" : [ {
      "id" : 37,
      "name" : "Western"
    } ]
  }, {
    "id" : 292632,
    "title" : "Alice in Movieland",
    "overview" : "In a U.S. town that could be anywhere, 18-year-old Alice Purdee wins a free trip to Hollywood. With the assistance of a cheerful porter, she takes the night train and dreams about her arrival. Instead of instant success, she meets disappointment after disappointment, and she needs the unexpected encouragement of her grandmother and an aging, former star whom she meets at a talent night. Finally she gets a call to be an extra, and she's so hopeful that the regulars decide to make a fool of her. Is this the end of Alice's dream? Not if the porter has anything to say about it.",
    "genres" : [ {
      "id" : 10402,
      "name" : "Music"
    }, {
      "id" : 18,
      "name" : "Drama"
    } ]
  }, {
    "id" : 292637,
    "title" : "La clinique du docteur Blanche",
    "overview" : "",
    "genres" : [ {
      "id" : 18,
      "name" : "Drama"
    } ]
  }, {
    "id" : 292642,
    "title" : "L'amant de Bornéo",
    "overview" : "",
    "genres" : [ ]
  }, {
    "id" : 292647,
    "title" : "Wildcat of Bombay",
    "overview" : "The story revolves around the characters played by the actress Sulochana. Sulochana had eight separate roles in this film: a gardener, a policeman, a Hyderabadi gentleman, a street urchin, a European blonde, an old banana-seller and an expert pickpocket who gives her money to charity.",
    "genres" : [ ]
  }, {
    "id" : 292652,
    "title" : "Partners of the Night",
    "overview" : "A tricky woman criminal, in league with an international crook, falls in love with the honest detective tracking them.",
    "genres" : [ {
      "id" : 18,
      "name" : "Drama"
    }, {
      "id" : 10749,
      "name" : "Romance"
    } ]
  }, {
    "id" : 292657,
    "title" : "Kapitäne bleiben an Bord",
    "overview" : "",
    "genres" : [ {
      "id" : 12,
      "name" : "Adventure"
    } ]
  }, {
    "id" : 292662,
    "title" : "Nasebohren ist schön",
    "overview" : "",
    "genres" : [ {
      "id" : 10751,
      "name" : "Family"
    } ]
  }, {
    "id" : 292667,
    "title" : "Seedbed",
    "overview" : "“In this legendary sculpture/performance Acconci lay beneath a ramp built in the Sonnabend Gallery. Over the course of three weeks, he masturbated eight hours a day while murmuring things like, \"You're pushing your cunt down on my mouth\" or \"You're ramming your cock down into my ass.\" Not only does the architectural intervention presage much of his subsequent work, but all of Acconci's fixations converge in this, the spiritual sphincter of his art. In Seedbed Acconci is the producer and the receiver of the work's pleasure. He is simultaneously public and private, making marks yet leaving little behind, and demonstrating ultra-awareness of his viewer while being in a semi-trance state.” – Jerry Saltz (via: http://www.ubu.com/film/acconci_seedbed.html)",
    "genres" : [ {
      "id" : 99,
      "name" : "Documentary"
    } ]
  }, {
    "id" : 292677,
    "title" : "Lots Weib",
    "overview" : "",
    "genres" : [ {
      "id" : 18,
      "name" : "Drama"
    } ]
  }, {
    "id" : 292682,
    "title" : "Wie füttert man einen Esel",
    "overview" : "",
    "genres" : [ {
      "id" : 18,
      "name" : "Drama"
    }, {
      "id" : 10749,
      "name" : "Romance"
    } ]
  }, {
    "id" : 292687,
    "title" : "Sommer-Fick",
    "overview" : "",
    "genres" : [ ]
  }, {
    "id" : 292692,
    "title" : "Santana: Corazón Live from Mexico (Live It To Believe It)",
    "overview" : "Includes the concert film, a “making of the concert” 30 minute documentary film shot in Puerto Vallarta, Riviera Nayarit, and Guadalajara, entitled “Live It To Believe It,” along with a live CD from December 14, 2013.  Superstar performances at this concert event include Elan Atias, Chocquibtown, Lila Downs, Gloria Estefan, Juanes, Miguel, Fher Olvera (of Mana), Niña Pastori, Samuel Rosa (of Skank), Cindy Blackman Santana, Salvador Santana, Romeo Santos, Soledad, and Diego Torres.",
    "genres" : [ {
      "id" : 10402,
      "name" : "Music"
    } ]
  }, {
    "id" : 292697,
    "title" : "The Rise and Fall of the Third Reich",
    "overview" : "This documentary showcases Hitler's strategy for conquering hearts and minds by exploiting people's capacity to hate, something as relevant in our time as it seems to have been in his. This is a lesson which is especially worth remembering at this point in history.",
    "genres" : [ ]
  }, {
    "id" : 292702,
    "title" : "Obsession",
    "overview" : "An ambitious investigative reporter manages to get a meeting with a highly powerful businessman, but she does not expect to be pulled into the emotional maze that is his life which results in the two entering into a series of passionate encounters.",
    "genres" : [ {
      "id" : 18,
      "name" : "Drama"
    } ]
  }, {
    "id" : 292707,
    "title" : "Einfach Geil",
    "overview" : "",
    "genres" : [ ]
  }, {
    "id" : 292712,
    "title" : "Karaoke",
    "overview" : "Panda and Monster turn a Karaoke Bar into a musical battlefield.",
    "genres" : [ {
      "id" : 16,
      "name" : "Animation"
    } ]
  }, {
    "id" : 292717,
    "title" : "Anales Casting 16",
    "overview" : "",
    "genres" : [ ]
  }, {
    "id" : 292722,
    "title" : "Durstige Schamlippen",
    "overview" : "",
    "genres" : [ ]
  }, {
    "id" : 292727,
    "title" : "1,048",
    "overview" : "Four chilling real-life stories about social media.",
    "genres" : [ ]
  }, {
    "id" : 292732,
    "title" : "Spermagierige Abtrinkerinnen",
    "overview" : "",
    "genres" : [ ]
  }, {
    "id" : 292742,
    "title" : "Ridendo e scherzando",
    "overview" : "",
    "genres" : [ ]
  }, {
    "id" : 292747,
    "title" : "Son of Zorro",
    "overview" : "A Spaghetti western styled adventure of Zorro.",
    "genres" : [ {
      "id" : 37,
      "name" : "Western"
    }, {
      "id" : 12,
      "name" : "Adventure"
    } ]
  }, {
    "id" : 292752,
    "title" : "Die subjektive Kamera mit Lisa dem Titten Anal-Luder",
    "overview" : "",
    "genres" : [ ]
  }, {
    "id" : 292757,
    "title" : "Girls",
    "overview" : "",
    "genres" : [ ]
  }, {
    "id" : 292767,
    "title" : "Clean and Narrow",
    "overview" : "An ex-convict tries to make an honest living and take care of his girlfriend and her mentally slow brother.",
    "genres" : [ {
      "id" : 18,
      "name" : "Drama"
    } ]
  }, {
    "id" : 292772,
    "title" : "Pssst... No.17",
    "overview" : "",
    "genres" : [ ]
  }, {
    "id" : 292777,
    "title" : "Flower and Snake: Zero",
    "overview" : "Misaki Amemiya is an assistant inspector for the Metropolitan Police Department's Community Safety Bureau who becomes ensnared in a trap while investigating a mysterious illegal video website called \"Babylon\". Soon, she's bound and tortured along with Shizuko and an oversexed housewife named Ruri.",
    "genres" : [ {
      "id" : 9648,
      "name" : "Mystery"
    }, {
      "id" : 53,
      "name" : "Thriller"
    } ]
  }, {
    "id" : 292782,
    "title" : "Die Welt in jenem Sommer",
    "overview" : "",
    "genres" : [ {
      "id" : 18,
      "name" : "Drama"
    } ]
  }, {
    "id" : 292787,
    "title" : "Der Atem",
    "overview" : "",
    "genres" : [ {
      "id" : 878,
      "name" : "Science Fiction"
    } ]
  }, {
    "id" : 292792,
    "title" : "Ring of Spies",
    "overview" : "The film is based on the actual events of the Portland Spy Ring trial in the U.K. A disgruntled Navy Clerk is transferred to a secret research establishment and is subsequently black-mailed/paid by Czech intelligence to procure secrets for them. He seduces the secretary who controls the most secret documents, and they enjoy the fruits of their treachery until the British authorities begin to close in on them.",
    "genres" : [ {
      "id" : 18,
      "name" : "Drama"
    } ]
  }, {
    "id" : 292797,
    "title" : "Liebeserwachen",
    "overview" : "",
    "genres" : [ {
      "id" : 18,
      "name" : "Drama"
    } ]
  }, {
    "id" : 292802,
    "title" : "Take It Out In Trade",
    "overview" : "A couple hire a detective to locate their missing daughter. He finds her in a \"house of ill-repute.\"",
    "genres" : [ {
      "id" : 35,
      "name" : "Comedy"
    } ]
  }, {
    "id" : 292807,
    "title" : "Bible and Homosexualty: Exegesis and Hermeneutic",
    "overview" : "The bible readed through exegesis and hermeneutic don't mention any exclusion of the homosexuals, or abomination by God.  On the contrary, this movie shows reports and inclusion of homosexual couples.",
    "genres" : [ ]
  }, {
    "id" : 292812,
    "title" : "Brouillard: Passage #14",
    "overview" : "Alexandre Larose creates supernally spectral superimpositions infused with a meteorological mix and the intense lusciousness of the Québec landscape.",
    "genres" : [ ]
  }, {
    "id" : 292817,
    "title" : "1966-1988: Kieslowski, Polish Filmmaker",
    "overview" : "Documentary tracing the filmmaker’s work in Poland, from his days as a student through The Double Life of Véronique.",
    "genres" : [ {
      "id" : 99,
      "name" : "Documentary"
    } ]
  }, {
    "id" : 292822,
    "title" : "A Midsummer Night's Dream",
    "overview" : "A film of the NYC stage production directed by Julie Taymor (Film also directed by Julie Taymor)",
    "genres" : [ {
      "id" : 35,
      "name" : "Comedy"
    } ]
  }, {
    "id" : 292827,
    "title" : "Kornblumenblau",
    "overview" : "Based on a true story of a Polish musician who survived the concentration camp only because he could play on the accordion the title melody.",
    "genres" : [ {
      "id" : 18,
      "name" : "Drama"
    }, {
      "id" : 36,
      "name" : "History"
    }, {
      "id" : 10402,
      "name" : "Music"
    } ]
  }, {
    "id" : 292832,
    "title" : "Equipos de rescate del 11S",
    "overview" : "",
    "genres" : [ ]
  }, {
    "id" : 292837,
    "title" : "Officer 666",
    "overview" : "Upon learning that notorious art thief Alf Wilson plans to steal his valuable paintings, idle millionaire Travers Gladwyn decides to amuse himself by guarding his own home. After bribing Policeman Phelan, Officer 666, with a $500 bill, Travers dons the officer's uniform and identity. When Wilson appears at his mansion, Travers questions him and discovers that Wilson is posing as Travers, claiming that he is packing up his paintings for safe keeping. ...",
    "genres" : [ {
      "id" : 35,
      "name" : "Comedy"
    } ]
  }, {
    "id" : 292842,
    "title" : "2012 Crossing Over A New Beginning",
    "overview" : "December 21, 2012 is on everyone's mind. What will it bring? Is it the end of the world? A new beginning for mankind? Or just another year on the calendar? Brave Archer Films presents '2012 Crossing Over, A New Beginning.' The feature documentary explores a positive spiritual perspective on the events of Dec 21, 2012. The film investigates the galactic alignment, consciousness awakening, cycles of evolution, our binary star system with Sirius, the fear agenda in the media, who's behind it, love vs fear and much more.  The film is loaded with amazing revelations of the current times we live in, from exceptional astrologer and teacher Santos Bonacci, spiritual leaders Bud Barber, George Neo and much more. The doco is shot entirely in Full HD, illustrated with high end animations and includes original music by Jonathan Kent.",
    "genres" : [ {
      "id" : 99,
      "name" : "Documentary"
    } ]
  }, {
    "id" : 292847,
    "title" : "What Would It Look Like?",
    "overview" : "What if the world embodied our highest potential? What would it look like? As the structures of modern society crumble, is it enough to respond with the same tired solutions? Or are we being called to question a set of unexamined assumptions that form the very basis of our civilization? This 25-minute retrospective asks us to reflect on the state of the world and ourselves, and to listen more closely to what is being asked of us at this time of unprecedented global transformation.  - Written by Emmanuel Vaughan-Lee",
    "genres" : [ {
      "id" : 99,
      "name" : "Documentary"
    } ]
  }, {
    "id" : 292852,
    "title" : "Taprobana",
    "overview" : "In this short comedy, Luis Vaz de Camoes, the greatest Portuguese renaissance poet, struggles creatively while engaging in a hedonistic, coprophagic, and drug addled lifestyle. The film follows the poet, and his lover Dinamene, as he writes his masterpiece, the epic poem \"Os Lusiadas.\" He travels from the cacophony of the Indic jungles, surrounded by allegorical elephants and rhyming macaques, to the frontier of Heaven and Hell, where he is confronted by his fantasy: fame and immortality.",
    "genres" : [ {
      "id" : 35,
      "name" : "Comedy"
    } ]
  }, {
    "id" : 292857,
    "title" : "TNA Victory Road 2004",
    "overview" : "Victory Road 2004 was a professional wrestling pay-per-view event produced by Total Nonstop Action Wrestling, which took place on November 7, 2004 at the TNA Impact! Zone in Orlando, Florida. It was the first event under the Victory Road chronology, which became an annual event in 2006. Nine matches were featured on the event's card.",
    "genres" : [ ]
  }, {
    "id" : 292862,
    "title" : "Auf Wiedersehn am blauen Meer",
    "overview" : "",
    "genres" : [ {
      "id" : 10749,
      "name" : "Romance"
    }, {
      "id" : 18,
      "name" : "Drama"
    } ]
  }, {
    "id" : 292867,
    "title" : "Partners in Crime",
    "overview" : "After being dismissed for imitating his boss's voice on radio, former Assistant District Attorney Richard Deming witnesses a store robbery and is taken captive by the criminals. Suspected of the crime, he is sought by the police, but his sweetheart, Marie, convinced of his innocence, enlists the help of two friends, a newspaper reporter and a half-witted detective. Hoping to win the girl's favor, the two go to the gangsters' hideout, encounter a violent gang war, and accidently set off a case of police tear bombs. The police, summoned by Marie, arrive just in time to save the kidnaped attorney.",
    "genres" : [ {
      "id" : 10749,
      "name" : "Romance"
    }, {
      "id" : 28,
      "name" : "Action"
    }, {
      "id" : 12,
      "name" : "Adventure"
    }, {
      "id" : 35,
      "name" : "Comedy"
    }, {
      "id" : 80,
      "name" : "Crime"
    } ]
  }, {
    "id" : 292872,
    "title" : "Prince: Lovesexy Live",
    "overview" : "Lovesexy Live was the fifth Prince home video to be released and second live concert released on Home Video format.  It was first released on 2 cassettes under the name of \"Lovesexy Live 1\" and \"Lovesexy Live 2\" in Europe. Confusingly Vol.1 contained the latter part of the concert, while Vol.2 contained the first part. The concert was later re-released as Lovesexy Live on one cassette (of 127 minutes) and on laserdisc.",
    "genres" : [ {
      "id" : 10402,
      "name" : "Music"
    } ]
  }, {
    "id" : 292877,
    "title" : "Astonished",
    "overview" : "A European woman living in Greenwich Village sees her life starting to come apart. She's broke, seems to be hallucinating and seeing people she dreams about appear in her real life, and on top of that finds herself accused of a pair of murders.",
    "genres" : [ {
      "id" : 18,
      "name" : "Drama"
    }, {
      "id" : 27,
      "name" : "Horror"
    }, {
      "id" : 9648,
      "name" : "Mystery"
    } ]
  }, {
    "id" : 292882,
    "title" : "Summer to Remember",
    "overview" : "A mother keeps making excuses for why her son's father has not returned home. Jon Marco, just celebrating his ninth birthday, concludes his parents have separated and develops a plan to place himself in dad's care. Along with a new friend they run away to Milan to search for Marco's father. Once executed, our little hero learns the truth about his famous race-car driving father. Can mom and his pals help him deal with the trauma?",
    "genres" : [ {
      "id" : 18,
      "name" : "Drama"
    } ]
  }, {
    "id" : 292887,
    "title" : "The Kiss",
    "overview" : "Aimee and Steph are up for an adventure; its a hot summer's night and they are fueled by cheap alcohol and teen hormones. The promise of cool water lures the two girls to an isolated fire-water tank. Once there, the intimate mood of the tank takes a dramatic turn, forcing Aimee to make a decision that she will question for the rest of her life.",
    "genres" : [ ]
  }, {
    "id" : 292892,
    "title" : "Piggie",
    "overview" : "Alison Bagnall's feature debut stars Savannah Haske as Fannie, a young, motherless girl who is attracted to an inappropriate suitor.",
    "genres" : [ ]
  }, {
    "id" : 292897,
    "title" : "Raging Dove",
    "overview" : "This documentary profiles an Israeli-born Palestinian who has immigrated to America in search of a boxing career.",
    "genres" : [ ]
  }, {
    "id" : 292902,
    "title" : "Return to the Land of Wonders",
    "overview" : "Moving between the political sphere and everyday life on the streets of Baghdad, this documentary offers a unique glimpse into the resilience of Iraqis as they struggle to sustain their lives and to fight off a sense of despair and defeat.",
    "genres" : [ ]
  }, {
    "id" : 292907,
    "title" : "Patrick Ewing - Standing Tall",
    "overview" : "A vital cog in the New York Knicks machine, Patrick Ewing has his career extensively profiled here. He lead the Knicks to the NBA finals in 1994, only losing out to the Houston Rockets after seven games. A beloved favorite of fans at Madison Square Garden, who cheered his name at incredible volume on announcing his retirement, this release is a great testament to the talented basketball player Patrick Ewing.",
    "genres" : [ {
      "id" : 99,
      "name" : "Documentary"
    } ]
  }, {
    "id" : 292912,
    "title" : "Saudade do Futuro",
    "overview" : "Records the sights and sounds of the many extraordinary street musicians from the Northeast of Brazil whose music and lyrics tell the stories of their lives with improvised humor, drama and colorful vulgarisms.",
    "genres" : [ {
      "id" : 99,
      "name" : "Documentary"
    } ]
  }, {
    "id" : 292917,
    "title" : "Some Body",
    "overview" : "Culled from the real life experiences of its star/co-writer/producer Stephanie Bennett, and starring some of her real life ex-lovers, this is the story of Samantha (Bennett), a twenty-something Los Angeles schoolteacher, searching for excitement and an elusive happiness.",
    "genres" : [ {
      "id" : 18,
      "name" : "Drama"
    } ]
  }, {
    "id" : 292922,
    "title" : "Sherlock Holmes and the Shadow Watchers",
    "overview" : "Time is ticking and bodies are piling-up as the great Sherlock Holmes and Dr. Watson, go deep into London's underbelly in search of the Shadow Watchers.",
    "genres" : [ ]
  }, {
    "id" : 292927,
    "title" : "The Art of Amália",
    "overview" : "Documentary about the life of Portuguese Fado singer Amalia Rodrigues (1920-1999) with an interview and collection of footage from performances throughout her long career.",
    "genres" : [ ]
  }, {
    "id" : 292932,
    "title" : "The Great Dance: A Hunter's Story",
    "overview" : "This documentary by Craig and Damon Foster focuses on the surviving San bushmen in the central Kalahari.",
    "genres" : [ ]
  }, {
    "id" : 292937,
    "title" : "Killswitch Engage - Live at Monsters of Rock",
    "overview" : "Killswitch Engage play the 2013 Monsters of Rock festival in Brazil.  Setlist:  The New Awakening  A Bid Farewell  Fixation on the Darkness  You Don't Bleed for Me  Vide Infra  A Tribute to the Fallen  The Hell in Me  Rose of Sharyn  Reckoning  No End in Sight  My Last Serenade  The End of Heartache  My Curse  In Due Time",
    "genres" : [ {
      "id" : 10402,
      "name" : "Music"
    } ]
  }, {
    "id" : 292942,
    "title" : "Way Off Broadway",
    "overview" : "Way Off Broadway is the story of five friends who, frustrated by the abrupt juxtaposition of being successful artists on the university level to poor struggling artists in New York City, take a crash course in life as they explore the dynamic of conflict in friendship involving sex, love, failure and betrayal.",
    "genres" : [ {
      "id" : 18,
      "name" : "Drama"
    } ]
  }, {
    "id" : 292947,
    "title" : "Won't Anybody Listen",
    "overview" : "NC-17, whose members included Frank Rogala, Vince Rogala, and Robin Canada, spent two decades playing bars in Los Angeles and Orange County. From 1980 to 1990 they were billed as Exude.  They had a college playlist hit with \"Boys Just Want to Have Sex\" and got two videos on MTV. In 1990 they changed their name to NC-17 and revamped their style into a grungier more Floyd-influenced sound.  Filmmaker Dov Kelemer made a documentary of their career struggles. Once the movie was completed--it played on cable, at film festivals, and a few theaters.  It's available from the www.anybodylisten.com site.  NC-17 has since become inactive, as the members have scattered over several different states. Lead vocalist Frank Rogala remains active on the OC music scene.",
    "genres" : [ {
      "id" : 10402,
      "name" : "Music"
    }, {
      "id" : 99,
      "name" : "Documentary"
    } ]
  }, {
    "id" : 292957,
    "title" : "One Girl Against the Mafia",
    "overview" : "A powerful story of an ultra-violent world and the courage of one young woman against all odds.",
    "genres" : [ {
      "id" : 99,
      "name" : "Documentary"
    } ]
  }, {
    "id" : 292962,
    "title" : "Hiding Divya",
    "overview" : "The story of three generations of women and the taboos created in the South Asian-American community from mental illness in the family.",
    "genres" : [ ]
  }, {
    "id" : 292967,
    "title" : "If One Thing Matters: A Film About Wolfgang Tillmans",
    "overview" : "Heiko Kalmbach follows famed photographer, Wolfgang Tillsmans on the three year journey as he flits around the world making gallery appointments, taking on new projects and dealing with his public.",
    "genres" : [ ]
  }, {
    "id" : 292972,
    "title" : "Man Tricks",
    "overview" : "Come for the men... stay for the Man Tricks. Confident and secure and brimming with sexuality, a Colt man is the untamed essence of male desire. Just below that handsome and rugged demeanor are an urge so strong and a desire that runs deep. A Colt man knows what he needs, and he knows he needs to get it from another Colt man. Award-winning director John Rutherford brings you the hot and heavy hook ups... the passionate man-on-man encounters... and the hedonistic pleasures of men.",
    "genres" : [ ]
  }, {
    "id" : 292977,
    "title" : "Master of the Game",
    "overview" : "In the closing days of World War II, a concentration camp escapee is recaptured by a quartet of Nazi Officers waiting out a storm in a remote woodland cabin.",
    "genres" : [ ]
  }, {
    "id" : 292982,
    "title" : "Black Day",
    "overview" : "Learning that his wife deceived him with his best friend, Luc falls into a downward spiral...",
    "genres" : [ {
      "id" : 53,
      "name" : "Thriller"
    }, {
      "id" : 18,
      "name" : "Drama"
    } ]
  }, {
    "id" : 292987,
    "title" : "Space Cat Hob",
    "overview" : "A tiny and mysterious cat-like creature awakes in the remains of his smouldering spaceship and finds himself on a journey through a beautiful and dangerous world, in a quest for answers.",
    "genres" : [ {
      "id" : 28,
      "name" : "Action"
    }, {
      "id" : 16,
      "name" : "Animation"
    }, {
      "id" : 12,
      "name" : "Adventure"
    }, {
      "id" : 878,
      "name" : "Science Fiction"
    } ]
  }, {
    "id" : 292992,
    "title" : "Fury: The Tales of Ronan Pierce",
    "overview" : "Ronan Pierce is a vigilante cop with one thing on his mind, revenge. When his past comes back to haunt him in the form of a former friend Damien Logan, now human trafficking kingpin, Ronan must fight his way through the deadly streets of Harbor City and all the scum bags in his way to find his kidnapped ex wife. With the help of a former circus clown Karina McCoy, Ronan will paint the town red in this action packed comic book style adventure.",
    "genres" : [ {
      "id" : 28,
      "name" : "Action"
    }, {
      "id" : 12,
      "name" : "Adventure"
    }, {
      "id" : 53,
      "name" : "Thriller"
    }, {
      "id" : 27,
      "name" : "Horror"
    } ]
  }, {
    "id" : 292997,
    "title" : "Herz ist Trumpf",
    "overview" : "",
    "genres" : [ {
      "id" : 80,
      "name" : "Crime"
    } ]
  }, {
    "id" : 293002,
    "title" : "The Brave Adventures of a Little Shoemaker",
    "overview" : "Apprentice Lapitch, the little shoemaker sets off on a journey after experiencing injustice from the cruel Master Mrkonja. On his journey he meets Gita, a beautiful little circus girl who is an orphan just like him. They share adventures and experience problems during their journey. They have nowhere to sleep, no food and are poorly clothed, but nothing scares them. They are bold and happy, willing to help everyone. On the night of the full moon something terrible happens, and changes everything...",
    "genres" : [ {
      "id" : 12,
      "name" : "Adventure"
    }, {
      "id" : 10751,
      "name" : "Family"
    } ]
  }, {
    "id" : 293007,
    "title" : "Himmel, Amor und Zwirn",
    "overview" : "",
    "genres" : [ {
      "id" : 35,
      "name" : "Comedy"
    } ]
  }, {
    "id" : 293012,
    "title" : "Champagne Charlie",
    "overview" : "The story is told in flashback. Backers want a gambler to marry a rich girl for her dowry.",
    "genres" : [ ]
  }, {
    "id" : 293022,
    "title" : "Catalogue",
    "overview" : "Dana Berman Duff uses black-and-white 16mm to heighten the staged romanticism of a commercial catalogue's dreamily desaturated photos of designer furniture knock-offs.",
    "genres" : [ ]
  }, {
    "id" : 293027,
    "title" : "The Last Man on Planet Earth",
    "overview" : "During a war with Afghanistan, a weapon called the \"Y-bomb\" was used, which resulted in the deaths of 97% of the world's men. Feeling that they were better off without males, the women of Earth decided to outlaw men because they were too violent. 20 years later, scientist Hope Chase, fearing for the future of the species, conducts a cloning experiment to produce a new male of the species, whom she names Adam. When Adam reaches maturity, he soon finds himself on the run from the FBI, and hiding out with small rebel bands of the last remaining men.",
    "genres" : [ {
      "id" : 10749,
      "name" : "Romance"
    }, {
      "id" : 878,
      "name" : "Science Fiction"
    }, {
      "id" : 28,
      "name" : "Action"
    } ]
  }, {
    "id" : 293032,
    "title" : "The Diver",
    "overview" : "On an old, cluttered work ship, a man is helped on with a bulky, old fashioned diving suit. It's a complicated process, many layers and sections are carefully applied. He goes over the side. Some men row out to what looks like a wrecked barge and set dynamite. Then the diver returns and now laughs and acknowledges the camera.The other men, now safely away, blow up the barge.",
    "genres" : [ {
      "id" : 99,
      "name" : "Documentary"
    } ]
  }, {
    "id" : 293037,
    "title" : "Idle Wives",
    "overview" : "Characters in the film attend a movie titled 'Life’s Mirror', where they see parallel, cautionary versions of their own lives.  Only the first two of the original seven reels survive.",
    "genres" : [ ]
  }, {
    "id" : 293042,
    "title" : "Why Husbands Flirt",
    "overview" : "In this short, a restless newlywed, tired of the routine of married life, decides to sow a few more wild oats. Little does he realize that the young woman he’s singled out for a dalliance is his wife’s school chum, visiting from out of town. Complications ensue when the girls decide to teach the errant husband a lesson.",
    "genres" : [ ]
  }, {
    "id" : 293047,
    "title" : "The Storm of James",
    "overview" : "Experimental Short",
    "genres" : [ ]
  }, {
    "id" : 293052,
    "title" : "A Bashful Bigamist",
    "overview" : "A wife plots to keep her husband at home.",
    "genres" : [ ]
  }, {
    "id" : 293057,
    "title" : "Brilliantine the Bull Fighter",
    "overview" : "Brilliantino the Bullfighter (originally titled Flood and Sand) is one of the first spoofs of Blood and Sand, Paramount’s smoldering matador melodrama that set box offices ablaze. Like Mud and Sand, starring Stan Laurel, the Banks parody was rushed into theaters in November 1922, while memory of the Valentino vehicle was fresh. The concept of Monty Banks impersonating the passionate matador must have been innately hilarious to audiences who had seen the original picture.",
    "genres" : [ {
      "id" : 35,
      "name" : "Comedy"
    } ]
  }, {
    "id" : 293062,
    "title" : "Oil's Well",
    "overview" : "Set in the oil-soaked country of “Chilitina”—shot on location in San Diego’s Balboa Park—Oils Well! follows the travails of Monty, an everyman office clerk, who thinks only of his boss’s daughter. When Herbert Hester, an oilman “so crooked he cheats when counting his pulse,” schemes to cover up the company’s new gusher so he can claim it himself and get the girl, Monty swings into action. He eludes the hapless Chilitinan army, sidesteps the General’s amorous wife, thwarts Herbert, and saves the day.",
    "genres" : [ ]
  }, {
    "id" : 293067,
    "title" : "À Margem do Lixo",
    "overview" : "",
    "genres" : [ ]
  }, {
    "id" : 293072,
    "title" : "Gang de chauve-souris",
    "overview" : "",
    "genres" : [ ]
  }, {
    "id" : 293077,
    "title" : "Superman Isn't Jewish (...But I Am a Bit)",
    "overview" : "When he finds out that it's because he's Jewish that his willy is different, young Benjamin decides to do everything he can to hide his religion and keep his secret...",
    "genres" : [ ]
  }, {
    "id" : 293082,
    "title" : "10,000 Days",
    "overview" : "10,000 Days ago, Comet 23 struck Earth with the magnitude of all the nuclear weapons in the world sending the planet into a deep freeze. Now, 27 years in the future, those who survived are locked in an epic battle of life or death.",
    "genres" : [ {
      "id" : 878,
      "name" : "Science Fiction"
    } ]
  }, {
    "id" : 293092,
    "title" : "Back to the USSR",
    "overview" : "A film by Jari Halonen",
    "genres" : [ {
      "id" : 18,
      "name" : "Drama"
    }, {
      "id" : 35,
      "name" : "Comedy"
    } ]
  }, {
    "id" : 293097,
    "title" : "Harmagedon - Erään maailman loppu",
    "overview" : "Film by Juha Rosma",
    "genres" : [ ]
  }, {
    "id" : 293102,
    "title" : "When Father Has Toothache",
    "overview" : "A finnish film by Erkki Karu",
    "genres" : [ {
      "id" : 35,
      "name" : "Comedy"
    } ]
  }, {
    "id" : 293107,
    "title" : "A Man from This Star",
    "overview" : "Film by Jack Witikka.",
    "genres" : [ ]
  }, {
    "id" : 293112,
    "title" : "Riihalan valtias",
    "overview" : "A film by Hannu Leminen.",
    "genres" : [ ]
  }, {
    "id" : 293117,
    "title" : "Titus und der Fluch der Diamanten",
    "overview" : "",
    "genres" : [ {
      "id" : 10751,
      "name" : "Family"
    } ]
  }, {
    "id" : 293122,
    "title" : "The Guide",
    "overview" : "American boy Peter and blind minstrel Ivan are thrown together by fate amidst the turbulent mid-30s Soviet Ukraine.",
    "genres" : [ {
      "id" : 36,
      "name" : "History"
    }, {
      "id" : 18,
      "name" : "Drama"
    } ]
  }, {
    "id" : 293127,
    "title" : "Watch Your Step",
    "overview" : "Elmer Slocum has just served a jail sentence for speeding. On his first day of liberty he encounters a physician whose car has broken down and offers to take him to his patient; he is pursued by motorcops for speeding, wrecks his car in a closed street, and knocks down and believes he has killed a policeman. Elmer boards a freight train and makes his way to a small town in Iowa, where he meets Margaret Andrews.....",
    "genres" : [ {
      "id" : 35,
      "name" : "Comedy"
    } ]
  }, {
    "id" : 293132,
    "title" : "Head Over Heels",
    "overview" : "When theatrical agent Sterling, a ladies man known for signing his latest paramours onto his agency's talent roster, returns to New York from a trip to Europe, he tells his more down-to-earth partner, Lawson, that he has hired a beautiful Neopolitan acrobat he saw onstage in Italy. When the acrobat, Tina Bambinetti, arrives in their office, though, Sterling is shocked to find that, offstage, she is plain, unkempt and badly dressed. Crushed by Sterling's dismissive treatment, Tina performs some acrobatics that almost destroy the office...",
    "genres" : [ {
      "id" : 35,
      "name" : "Comedy"
    } ]
  } ]
}