{
  "movies" : [ {
    "id" : 302392,
    "title" : "Night Fantasies",
    "overview" : "Elliott Carter’s composition of the same title inspired Rudy Burckhardt, in collaboration with Yvonne Jacquette, to photograph this collage-style film. Mostly shot in New York City, but also in Hong Kong and Searsmont, Maine.",
    "genres" : [ ]
  }, {
    "id" : 302407,
    "title" : "East Side Summer",
    "overview" : "Rudy Burckhardt's color portrait of Manhattan's East Side strolls along at an easy pace befitting blue skies and Thelonious Monk's piano score. Where most city symphonies prize grandiose views of the urban organism, Burckhardt sticks to the walker's view.",
    "genres" : [ ]
  }, {
    "id" : 302412,
    "title" : "One Flight Up",
    "overview" : "ONE FLIGHT UP is both the name of this documentary portrait and the title of a piece by artist Alex Katz. The work-of-the-same-name figures prominently (or, more accurately, entirely) in the film-of-the-same-name.",
    "genres" : [ ]
  }, {
    "id" : 302417,
    "title" : "Sodom and Gomorrah, NY, 10036",
    "overview" : "A documentary about the sex industry around 8th Avenue and 42nd Street.",
    "genres" : [ ]
  }, {
    "id" : 302422,
    "title" : "Aag Hi Aag",
    "overview" : "An officer in the Indian army is called to duty on the same day his wife is to give birth to their son.  When he gets back, he learns that his sister has been raped and murdered and the police ignore the case.",
    "genres" : [ ]
  }, {
    "id" : 302427,
    "title" : "Aisa Pyaar Kahan",
    "overview" : "Drama about a family with three brothers and three sisters with a core of bitterness undermining the harmony among the family.",
    "genres" : [ ]
  }, {
    "id" : 302432,
    "title" : "Şafak Sökecek",
    "overview" : "",
    "genres" : [ {
      "id" : 10749,
      "name" : "Romance"
    }, {
      "id" : 18,
      "name" : "Drama"
    } ]
  }, {
    "id" : 302437,
    "title" : "RADHE RADHE: Rites of Holi",
    "overview" : "Bhargava and Iyer were inspired by the centennial of the Stravinsky-Nijinsky The Rite of Spring  to explore another of rite of spring: the Hindu festival of Holi, famous for its revelry of color in celebration of the love between the divine Krishna and mortal-born Radha. In northern India, Bhargava filmed the ravishing images of an eight-day Holi festival held in the city of Mathura, mythic birthplace of Krishna. Iyer – who released his ECM debut, Mutations, earlier this year – then composed his score as the musical complement to Bhargava’s beautiful visual ballet, drawing at times on the rhythms and chants of the Holi festival; the result is one of Iyer’s warmest, most colorful creations to date, as rich melodically as it is texturally. RADHE RADHE: Rites of Holi is a kaleidoscopic experience.",
    "genres" : [ ]
  }, {
    "id" : 302442,
    "title" : "Cast Alaska",
    "overview" : "Cast Alaska is not only for fishermen but fans of adventure, the great outdoors and The Last Frontier. Follow sportsmen rafting on white-water, throttling in jet-boats and drifting by wilderness and wildlife in this adventure of a lifetime.",
    "genres" : [ ]
  }, {
    "id" : 302452,
    "title" : "Tractor Drivers 2",
    "overview" : "The remake of the original 1939 \"Tractor Drivers\"... Same heroes, but totally different times.",
    "genres" : [ {
      "id" : 35,
      "name" : "Comedy"
    } ]
  }, {
    "id" : 302462,
    "title" : "Fool's Day",
    "overview" : "Van'ka works as a doorman at the hotel. He hates its wealthy guests, but has dreams to live a luxurious life. Forced to live in a car, he's miserable. In this already difficult situation he comes across the collector Sergey, who is determined to knock out the debt out of Vanka.",
    "genres" : [ {
      "id" : 12,
      "name" : "Adventure"
    }, {
      "id" : 35,
      "name" : "Comedy"
    } ]
  }, {
    "id" : 302467,
    "title" : "Chris Spencer: The Other Chris",
    "overview" : "Not to be confused with other African American Comedian's named Chris has certainly been a challenge for this groundbreaking comedian. Being an accomplished actor, writer and producer has allowed Chris to work with all the other Chris's in every capacity having also written for the Wayans family, Jamie Foxx and was significant in helping Nick Cannon create MTV's Wild 'N Out. Chris was the first host of the syndicated late night talk show VIBE, which aired on UPN. There is only one word to describe this half hour of original comedy from filmed during the LOL Comedy Festival Series...hilarious!",
    "genres" : [ ]
  }, {
    "id" : 302472,
    "title" : "Dhadakebaaz",
    "overview" : "Lakshya finds a bottle, which has Gangaram trapped in it who is his lookalike. He promises to make everything possible with the sand in the bottle, but once the sand is over he will be free to go.",
    "genres" : [ {
      "id" : 35,
      "name" : "Comedy"
    } ]
  }, {
    "id" : 302477,
    "title" : "Rotten Shaolin Zombies",
    "overview" : "AN EPIC TALE OF BROTHERLY LOVE, BAD SUSHI & ASS-KICKING ZOMBIES... Two brothers, the best of friends, devout martial artists, inseparable. One fateful sushi dinner would forever change the nature of their relationship and send them on a crash course to death and destruction. Thinking his dear brother has been killed by the toxic venom of the dirty lungfish that tore out his eye, Lone Brother trudges through life, wondering how he will ever be able to continue on all alone. Little does he know his brother has returned to walk the earth as the undead, pissed off and craving human flesh. The stage is set for an epic battle where brother must face brother, zombie versus the living, with the fate of the world hanging in the balance!",
    "genres" : [ {
      "id" : 28,
      "name" : "Action"
    }, {
      "id" : 35,
      "name" : "Comedy"
    }, {
      "id" : 27,
      "name" : "Horror"
    } ]
  }, {
    "id" : 302482,
    "title" : "Toy Place",
    "overview" : "Toyland apparently does exist. A toy museum in Vermont houses nearly 100,000 toys with the goal of creating a space for people to remember the worry-free days of their childhood. This short documentary will enrapture viewers with nostalgia and newfound curiosity.",
    "genres" : [ ]
  }, {
    "id" : 302487,
    "title" : "Jeff Mills - Blue Potential",
    "overview" : "‘Blue Potential’ is a CD and DVD package that documents Mills’ live collaboration with the Montpellier Philharmonic Orchestra in a free concert performed in July of 2005 under the magnificent Pont Du Gard just outside of Avignon, France. The concert consists of fifteen orchestral reworkings of Mills’ tracks ranging from classics such as ‘Amazon’ and ‘Sonic Destroyer’ to more recent material from his soundtracks to ‘Metropolis’ and ‘Three Ages’. The arrangement is simple: Mills provides the rhythmic backbone with his trademark 909 percussive hiss and snare while the orchestra provides the melodic and harmonic elements.",
    "genres" : [ ]
  }, {
    "id" : 302497,
    "title" : "Mendelssohn, Villa-Lobos",
    "overview" : "With Maestro James Judd at the podium, world-renowned classical guitarist Pablo Sáinz Villegas takes the stage with The Chamber Orchestra of Philadelphia at The Kimmel Center for the Performing Arts. Set between Elgar's popular Serenade and the melodic Swiss Symphony by Mendelssohn, Heitor Villa-Lobos' captivating concerto bring a delightful Euro-Latin flavor to the program.",
    "genres" : [ ]
  }, {
    "id" : 302502,
    "title" : "Pervert Park",
    "overview" : "Florida Justice Transitions is home to 120 convicted sex offenders. Like in many other U.S. states, sex offenders are not allowed to live within 1000 feet of places frequented by children. Because of this, many sex offenders live under bridges or in woods – or in the trailer park Florida Justice Transitions – known as Pervert Park. The crimes committed by the residents range from simple misdemeanors to horrendous acts unbearable to contemplate.",
    "genres" : [ {
      "id" : 80,
      "name" : "Crime"
    }, {
      "id" : 99,
      "name" : "Documentary"
    } ]
  }, {
    "id" : 302507,
    "title" : "United Natures",
    "overview" : "United Natures - a United Nations of all species. A documentary feature film on the Universal Declaration of the Rights of Mother Earth, jurisprudence, philosophy, permaculture, spirituality and a neo-indigenous future for humanity.",
    "genres" : [ ]
  }, {
    "id" : 302512,
    "title" : "Awaken the Devil",
    "overview" : "Brothers Tom and Vernon stumble into an abandoned building for shelter, entering a hellish world of shadows and nightmares that would change their lives forever. Trapped and psychologically tortured by unseen forces, the brothers descend into a vortex of madness dominated and controlled by demon succubi and paranormal entities for one sole purpose... to re-awaken the Anti Christ.",
    "genres" : [ ]
  }, {
    "id" : 302517,
    "title" : "Kidnapping Mom & Dad",
    "overview" : "",
    "genres" : [ {
      "id" : 35,
      "name" : "Comedy"
    } ]
  }, {
    "id" : 302522,
    "title" : "Francois Pirette - J'ai très bien connu Chose",
    "overview" : "",
    "genres" : [ {
      "id" : 35,
      "name" : "Comedy"
    } ]
  }, {
    "id" : 302527,
    "title" : "I Do! I Do!",
    "overview" : "Musical taking place entirely within a couple's four-post bed.",
    "genres" : [ ]
  }, {
    "id" : 302532,
    "title" : "Il sole di Nina",
    "overview" : "Drama starring Silvia Benedini as a woman who lives on rooftops and serves as a guardian angel for some of the city dwellers.",
    "genres" : [ ]
  }, {
    "id" : 302537,
    "title" : "Jawab",
    "overview" : "Family drama starring  Raaj Kumar, Karisma Kapoor and Harish",
    "genres" : [ ]
  }, {
    "id" : 302542,
    "title" : "Les Frères Taloches - 20 ans déjà",
    "overview" : "",
    "genres" : [ ]
  }, {
    "id" : 302547,
    "title" : "The Black Panther of Ratana",
    "overview" : "",
    "genres" : [ {
      "id" : 12,
      "name" : "Adventure"
    } ]
  }, {
    "id" : 302552,
    "title" : "Noramimi",
    "overview" : "Animated TV series",
    "genres" : [ ]
  }, {
    "id" : 302557,
    "title" : "Shan",
    "overview" : "Story about a young man in the Indian underclass who develops a crush on a young woman in a higher class to the disapproval of her parents.",
    "genres" : [ ]
  }, {
    "id" : 302562,
    "title" : "Astaraga",
    "overview" : "Indian film with Uttam Mohanty, Aparajita Mohanty and Sarat Pujari",
    "genres" : [ ]
  }, {
    "id" : 302567,
    "title" : "Celebration of Flight",
    "overview" : "Documentary by Lara Juliette Sanders",
    "genres" : [ ]
  }, {
    "id" : 302572,
    "title" : "Exploring Bloody Bay Wall",
    "overview" : "What is the value of ocean biodiversity? Bloody Bay Wall is the top of a five thousand foot underwater cliff. A group of divers - including scientists and photographers - gather at Little Cayman Island in the Caribbean Sea to explore this spectacular underwater feature. Motivated by questions of human biology, coral reef ecosystems, and the stunning imagery of this marine park, their collaborations help illuminate the range of what rich marine life offers to humanity: now, and in the future.",
    "genres" : [ {
      "id" : 12,
      "name" : "Adventure"
    }, {
      "id" : 99,
      "name" : "Documentary"
    } ]
  }, {
    "id" : 302582,
    "title" : "Monsieur Taurins",
    "overview" : "An unemployed Latvian gets a job as an agent finding a house in France.",
    "genres" : [ ]
  }, {
    "id" : 302587,
    "title" : "A Happy Family",
    "overview" : "Krazy has the entire family come to visit: dozens and dozens of cats who behave like the dwarfs who visit Bilbo's house, eating all the food, destroying the dishes and setting fire to the establishment in this good Krazy Kat cartoon.",
    "genres" : [ ]
  }, {
    "id" : 302592,
    "title" : "The Great Redeemer",
    "overview" : "A murderer and a thief, imprisoned together, find their lives changed forever when the thief's drawing of Christ's crucifixion on the cell wall comes to life.",
    "genres" : [ {
      "id" : 18,
      "name" : "Drama"
    } ]
  }, {
    "id" : 302597,
    "title" : "Surprising Europe",
    "overview" : "Surprising Europe  follows Ugandan born journalist Ssuuna Golooba making a film and website about life in Europe, and his return back to Africa to warn his brothers back home that Europe is not the paradise they imagine it to be. But do people want to hear his message?",
    "genres" : [ {
      "id" : 99,
      "name" : "Documentary"
    } ]
  }, {
    "id" : 302602,
    "title" : "El gran salto adelante",
    "overview" : "",
    "genres" : [ ]
  }, {
    "id" : 302607,
    "title" : "Liebling, sei nicht albern!",
    "overview" : "",
    "genres" : [ {
      "id" : 35,
      "name" : "Comedy"
    } ]
  }, {
    "id" : 302612,
    "title" : "Legalize Murder",
    "overview" : "Pop culture journalist Dominic Dalrymple spends a week with Black Metal artists Vic &amp; Jack Norseman in Wales, attempting to investigate this most feared musical genre and apparent threat to society.",
    "genres" : [ {
      "id" : 35,
      "name" : "Comedy"
    } ]
  }, {
    "id" : 302617,
    "title" : "Konsensya",
    "overview" : "This is the story of Marie Mayuga, who finds herself burdened with different kinds of problems. She is facing the dilemma of giving up her morality and importantly, her husband's high code of honor to resolve her problems, as well as to advance the stagnating career of her husband.",
    "genres" : [ ]
  }, {
    "id" : 302622,
    "title" : "Pôle Emploi, Ne quittez pas !",
    "overview" : "",
    "genres" : [ {
      "id" : 99,
      "name" : "Documentary"
    } ]
  }, {
    "id" : 302627,
    "title" : "French Dolls",
    "overview" : "Louise, Sam, Lili. Three women who don't know each other but whom will be forced to meet, get together, and compare themselves to each other by the wild will of evolution.",
    "genres" : [ {
      "id" : 35,
      "name" : "Comedy"
    } ]
  }, {
    "id" : 302632,
    "title" : "Quadrangle",
    "overview" : "Chotushkone (Bengali: চতুষ্কোণ; English: Quadrangle) is an Indian Bengali thriller film directed by Srijit Mukherji. \"Four directors get together and plan to make a film, consisting of four short stories. They have an appointment with the producer on the outskirts of the city. While they are together, each comes up with a story which is unique in its own way, but connected to the other stories by a common theme - death. They spend a night in a nearby bungalow when their car breaks down. It is here that each of them revisits their past and are held at gunpoint by their 'nemesis'.\"",
    "genres" : [ {
      "id" : 53,
      "name" : "Thriller"
    }, {
      "id" : 18,
      "name" : "Drama"
    } ]
  }, {
    "id" : 302637,
    "title" : "Tonight or Never",
    "overview" : "Satire on 19th-century class relations and thinly veiled commentary on the failure of the 1968 political revolution.",
    "genres" : [ ]
  }, {
    "id" : 302647,
    "title" : "Ghosts of Door County",
    "overview" : "Join a team of five highly-trained paranormal investigators from the Southern Wisconsin Paranormal Research Group as they travel to Wisconsin's picturesque Door County peninsula to dig deep into the area's haunted past. Ghost stories abound in this historic area, yet ten locations stand above the rest as the most notorious supernatural hot-spots. Armed with an assortment of high-tech devices and years of experience, the team sets out to determine if these locations are truly haunted or merely the birthplace of ghostly legends.",
    "genres" : [ ]
  }, {
    "id" : 302652,
    "title" : "Luenell: Hey Luenell!",
    "overview" : "Best know for her controversial role as the \"hooker with the heart of gold\" in the blockbuster comedy of 2006 \"Borat: Luenell has been honing he brand of comedy for... a long time landing her with likes of \"Katt Williams American Hustle\" and \"Laffapalooza\" with Jamie Foxx. In her non-stop uncut and uncensored stand-up comedy half hour Luenell exposes her self in more ways than one leaving no tightly fitted thong turned out... yes exactly what you think...hilarious! Lunell is also headlines Snopp Dogg Presents the Bad Girls Of Comedy, right here on lolflix.",
    "genres" : [ ]
  }, {
    "id" : 302657,
    "title" : "Past Due",
    "overview" : "The mysterious \"muti\" murders are an extreme form of occult belief: the body parts or blood of a killed person are ingested as a \"muti medicine\", in order to grant another person health, power, wealth or strength. We follow Scotland Yard's investigation and investigate the links between the historical, religious and criminological backgrounds to ritual murder.",
    "genres" : [ ]
  }, {
    "id" : 302662,
    "title" : "Stranded N Dangriga",
    "overview" : "In a small Caribbean town called Dangriga two up and coming musician, an overly jealous drum teacher, James and a gas station attendant Eddie, devise a plan to impress a major TV show host who is stranded in Dangriga. The plot proves to be too much for James to handle when the producer lusts after his beautiful wife, and things spiral out of control.",
    "genres" : [ {
      "id" : 10749,
      "name" : "Romance"
    }, {
      "id" : 35,
      "name" : "Comedy"
    }, {
      "id" : 18,
      "name" : "Drama"
    } ]
  }, {
    "id" : 302667,
    "title" : "A Real Desire For A Dream",
    "overview" : "The film follows the thrills and challenges of the humble and hard working trainer/caretaker duo who together developed their bargain priced ($16,000) yearling into a big-money making, stakes class racehorse, and ultimately a world champion.",
    "genres" : [ ]
  }, {
    "id" : 302672,
    "title" : "Nice Bombs",
    "overview" : "In Nice Bombs filmmaker Usama Alshaibi returns to Baghdad to reunite with his family after nearly 24 years. This documentary navigates through his unique relationship to an Iraq that is much different than the country of his childhood.",
    "genres" : [ ]
  }, {
    "id" : 302682,
    "title" : "Ukranian Brides",
    "overview" : "Three single Israeli men are in search of wives. But with their best years behind them, they've given up on the women in their own country and are heading for Ukraine. With the help of matchmaking agencies and interpreters, they plan a week-long marathon of blind dates and socialising. They offer the chosen girls a passport from poverty and the chance of a new life in Israel.",
    "genres" : [ ]
  }, {
    "id" : 302687,
    "title" : "Kev Adams - Voilà Voilà",
    "overview" : "",
    "genres" : [ ]
  }, {
    "id" : 302692,
    "title" : "SoleJourney",
    "overview" : "SoleJourney shows how dedicated and courageous individuals, following in the footsteps of Gandhi and Martin Luther King, Jr., use non-violent resistance and acts of civil disobedience to confront anti-gay rhetoric as well as religious and political oppression.  This powerful, inspiring documentary exposes James Dobson's Focus on the Family, a well-funded, politically powerful organization that assaults the civil rights of lesbian, gay, bisexual and transgender people and their families.  Interweaving stories of courage and commitment and interviews with movement leaders such as Mel White of Soulforce, Judy Shepard of the Matthew Shepard Foundation, and actor and activist Chad Allen, SoleJourney shows how a small group of individuals take action against a colossal adversary - including a six-day, 65 mile march from the Colorado State Capitol in Denver to the Focus on the Family's headquarters in Colorado Springs.",
    "genres" : [ ]
  }, {
    "id" : 302697,
    "title" : "World Cup '90",
    "overview" : "In this hardcore flick Cicciolina and Moana (Ilona Staller and Moana Pozzi) are hired to help the Italian team win the soccer world cup 1990. No prizes for guessing their strategy.",
    "genres" : [ ]
  }, {
    "id" : 302702,
    "title" : "Escape from the Palace",
    "overview" : "A family drama about life of a few children in Ukraine during thirties.",
    "genres" : [ {
      "id" : 12,
      "name" : "Adventure"
    }, {
      "id" : 10751,
      "name" : "Family"
    } ]
  }, {
    "id" : 302707,
    "title" : "Baltimore, Where You At?",
    "overview" : "Documentary about the Baltimore Club scene.",
    "genres" : [ ]
  }, {
    "id" : 302712,
    "title" : "The Lanthanide Series",
    "overview" : "The myth of the black mirror as a source of knowledge provides the platform for a deeply original film, which bridges scientific diligence with artistic freedom.",
    "genres" : [ ]
  }, {
    "id" : 302722,
    "title" : "Dangerous Temptation",
    "overview" : "Adventure film about a Seaman and a young boy in a North Sea fishing community.",
    "genres" : [ {
      "id" : 18,
      "name" : "Drama"
    } ]
  }, {
    "id" : 302727,
    "title" : "International Tourism",
    "overview" : "How does a dictatorship exhibit itself to the tourists visiting it? What kind of narration, actors, and staging does it summon? International Tourism has been shot as a recording of a show on the scale of a whole country, North Korea. Museums, painters’ studios, cinema production houses, or a chemical factory are presented to us by North Korean guides whose voices we never hear.",
    "genres" : [ ]
  }, {
    "id" : 302732,
    "title" : "Suchkind 312",
    "overview" : "",
    "genres" : [ {
      "id" : 18,
      "name" : "Drama"
    } ]
  }, {
    "id" : 302737,
    "title" : "Popcorn und Paprika",
    "overview" : "",
    "genres" : [ {
      "id" : 35,
      "name" : "Comedy"
    } ]
  }, {
    "id" : 302742,
    "title" : "Black Goddess",
    "overview" : "A Deusa Negra is a love story that spans two centuries.  In 18th century Yorubaland, Prince Oluyole is taken prisoner in the course of internecine warfare fanned by overseas slave traders. He is sold into slavery in Brazil. In present day Nigeria, at his father's deathbed, the young Babatunde promises to go to Brazil and search for traces of their once-enslaved ancestors. Beginning with a Candomblé ritual, his journey takes him ever deeper into this culture and, in a dream-like sequence, affords him a deeper understanding of his ancestors' suffering and powers of resistance. Balogun effortlessly links present with past, real with magical worlds and discourse with trance. The hypnotic atmosphere is also heightened by the music of the Nigerian drummer Remi Kabaka, which plays with repetitive patterns and distortions.",
    "genres" : [ {
      "id" : 18,
      "name" : "Drama"
    } ]
  }, {
    "id" : 302747,
    "title" : "Insaaf Main Karoonga",
    "overview" : "A man tries to kill the man who influenced his wife into killing herself while under supervision.",
    "genres" : [ ]
  }, {
    "id" : 302752,
    "title" : "Florida Crackers",
    "overview" : "The story of the descendents of Celtic and British settlers who tend cattle and horse ranches in Florida.  This documentary from directors Rob James and John F Michie tells the story of real-life modern cowboys.",
    "genres" : [ ]
  }, {
    "id" : 302757,
    "title" : "Milltown Pride",
    "overview" : "Sports drama from director Tim Rogers and writer David Burke.  A coming of age story for Will Wright, an enthusiastic baseball player in South Carolina during the 1920s.",
    "genres" : [ ]
  }, {
    "id" : 302762,
    "title" : "Minchina Ota",
    "overview" : "Film starring Ramesh Bhat, Loknath and Anant Nag",
    "genres" : [ ]
  }, {
    "id" : 302767,
    "title" : "Navarathriya Devi Sri Kateelu Durge",
    "overview" : "Film with music from Pallavi Prakash",
    "genres" : [ ]
  }, {
    "id" : 302772,
    "title" : "Robot World",
    "overview" : "The non-spoken documentary from Martin H. Schmitt exploring the senses and evolution of robots.",
    "genres" : [ ]
  }, {
    "id" : 302777,
    "title" : "Mullets On Fire",
    "overview" : "Comedy is truly one of God's great gifts to his children!  After winning a college stand-up competition, Bob Smiley honed his comedy chops as a funny MC and merch manager on tour with bands like Third Day, Newsboys, Mercy Me, Toby Mac, and Audio Adrenaline. His hard work plus God-given idiocy coupled to make him the top choice in the country for youth, marrieds, and singles events. With his distinctive high-pitched voice, energetic delivery and crazy stories, Bob has become one of the most popular Christian comics of our day. This full-length comedy concert was filmed before a live audience at Bayside Church in Roseville, California.",
    "genres" : [ {
      "id" : 35,
      "name" : "Comedy"
    } ]
  }, {
    "id" : 302782,
    "title" : "Carter USM: Ficking the V's",
    "overview" : "A full-length concert video of a 19-track show filmed at Doma Sportova, Zagreb in May 1994 when Carter were invited to perform at an anniversary party for Radio 101, the alternative local radio station. They were the first UK band to play Zagreb since the Serb-Croat conflicts began. The show features many Carter favourites interspersed with interview footage of Jim, Bob, Fruitbat and Wez.",
    "genres" : [ ]
  }, {
    "id" : 302787,
    "title" : "Habitar la Utopía",
    "overview" : "",
    "genres" : [ {
      "id" : 99,
      "name" : "Documentary"
    } ]
  }, {
    "id" : 302792,
    "title" : "Aquel famoso Remington",
    "overview" : "Historical drama about the career of a hit-man who specialized in political assassinations in Mexico in the 1920s-30s.",
    "genres" : [ ]
  }, {
    "id" : 302797,
    "title" : "Encounters",
    "overview" : "November 18th 2011 a small Danish film crew disappeared in the woods of northern Sweden without a trace. One year later, their footage was leaked by a hacker group now known as Pandoras. This is the crew's unsettling and disturbing footage.",
    "genres" : [ {
      "id" : 878,
      "name" : "Science Fiction"
    }, {
      "id" : 27,
      "name" : "Horror"
    }, {
      "id" : 9648,
      "name" : "Mystery"
    } ]
  }, {
    "id" : 302802,
    "title" : "Tre tocchi",
    "overview" : "",
    "genres" : [ {
      "id" : 18,
      "name" : "Drama"
    } ]
  }, {
    "id" : 302807,
    "title" : "X-Ray Glasses",
    "overview" : "A parlor full of bon vivants pass around an enchanted pair of spectacles that “reveal the personality and pleasures of the one who wears them.”",
    "genres" : [ {
      "id" : 35,
      "name" : "Comedy"
    }, {
      "id" : 14,
      "name" : "Fantasy"
    }, {
      "id" : 16,
      "name" : "Animation"
    } ]
  }, {
    "id" : 302812,
    "title" : "Always a Bride",
    "overview" : "A young man wants to marry his sweetheart, but her parents will agree to their wedding only on one condition: he must run for mayor--and win. Comedy.",
    "genres" : [ ]
  }, {
    "id" : 302817,
    "title" : "Madame hat Ausgang",
    "overview" : "",
    "genres" : [ {
      "id" : 35,
      "name" : "Comedy"
    } ]
  }, {
    "id" : 302822,
    "title" : "Comando de asesinos",
    "overview" : "A scientist discovers the formula of a particular resistant steel, and a spy ring from an enemy power sets after him to obtain it.",
    "genres" : [ {
      "id" : 28,
      "name" : "Action"
    }, {
      "id" : 53,
      "name" : "Thriller"
    }, {
      "id" : 35,
      "name" : "Comedy"
    } ]
  }, {
    "id" : 302827,
    "title" : "The Dam",
    "overview" : "In The Dam, although it is an experimental film, Kristl eschews the necessary earnestness in addressing his subject. The manufactured, unambiguously humorless profundity proffered up by other German contemporaries is absent here. Laughter is allowed. Kristl takes the dreadful liberty of tomfoolery, sending up himself, the characters, the action, \"tragedy,\" and everything else, including the audience, that might be held sacred. Within the framework of the action, we recognize a love triangle, one of the simplest of dramatic configurations. Not only the basic idea, but also numerous particulars, both in subject and style, are reminiscent of the films of Roman Polanski, which Kristl doubtless saw and holds in esteem. We meet two men: one is meant to embody the outsider, the artistic, intellectual, individualist. The other looks like the embodiment of the well-to-do man, the burgher, the functionary, the capitalist. The two battle for the favor of an indecisive and domineering girl.",
    "genres" : [ {
      "id" : 18,
      "name" : "Drama"
    } ]
  }, {
    "id" : 302832,
    "title" : "The Autumn Feast",
    "overview" : "A deliberately non-synchronous film, shot in 8mm with the sound on tape. Piero Heliczer reads his poem \"The Autumn Feast,\" and the visuals interact with, but does not literally represent, what is read.",
    "genres" : [ ]
  }, {
    "id" : 302842,
    "title" : "Modern School",
    "overview" : "The great men of letters and military conquest pose on subsequent pages of a very special history book.",
    "genres" : [ {
      "id" : 36,
      "name" : "History"
    }, {
      "id" : 14,
      "name" : "Fantasy"
    } ]
  }, {
    "id" : 302847,
    "title" : "Rêves enfantins",
    "overview" : "In \"Rêves enfantins\", players in the flesh are mixed with animated objects and cut-out paper actors.",
    "genres" : [ ]
  }, {
    "id" : 302852,
    "title" : "The Day After",
    "overview" : "The day after the committal of her loved one, Ernest tries to move on. She gets a visit from Niles and they talk about the secrets of the past, hoping to forego of the conflict between them.",
    "genres" : [ ]
  }, {
    "id" : 302862,
    "title" : "Histoire de chapeaux",
    "overview" : "A walk through the history of the relationship between man and his hats.",
    "genres" : [ ]
  }, {
    "id" : 302867,
    "title" : "Makin' It LA",
    "overview" : "Logan and Slack, move out to Hollywood to \"make it\". But when one of them decides to spend all of their rent money on a horrible idea, they have to find roommates fast. From an exotic soap opera drama queen, to a muscle bound fashion statement...",
    "genres" : [ ]
  }, {
    "id" : 302872,
    "title" : "Aau Piya Hamar Nagari",
    "overview" : "Film with music from Gyaneshwar Dubey and others",
    "genres" : [ ]
  }, {
    "id" : 302877,
    "title" : "#SorryNotSorry with Jenna Kim Jones",
    "overview" : "Jenna Kim Jones is an up and coming comedian known for her strong personality and little to no upper body strength. She recently came to grips with the fact that she will never be able to do a pull up and earn her 4th grade Presidential Fitness Award though she plans to exploit this limitation into a book or reality television deal. When she isn't working on her Netflix addiction, Jenna spends her days and nights writing and telling jokes all over the country.",
    "genres" : [ ]
  }, {
    "id" : 302882,
    "title" : "Bambai Ka Babu",
    "overview" : "Film starring Saif Ali Khan, Atul Agnihotri and Kajol",
    "genres" : [ ]
  }, {
    "id" : 302887,
    "title" : "Europakonzert 2007 from Berlin",
    "overview" : "Live from the Kabelwerk Oberspree in Berlin, Simon Rattle is conductor to the Berlin Philharmonic on its 125th anniversary on May 2007. With superb acoustics and magnificent architecture, the building proved to be an ideal setting for the annual Europa-Konzert. This recording features the magnificent works of Wagner and Brahms to be amazingly performed by Rattle, the Berlin Philharmonic Orchestra and featured artists Lisa Batiashvili (violinist) and Truls Mørk (cellist).",
    "genres" : [ ]
  }, {
    "id" : 302892,
    "title" : "Kamaal Dhamaal",
    "overview" : "Bollywood 2004",
    "genres" : [ ]
  }, {
    "id" : 302897,
    "title" : "Krishna",
    "overview" : "Sunil lives a poor life-style with his mom and sister. His passion is to pilot plane and he goes for training to become a successful pilot, but in the process he got himself entangled in a drug deal which changes his entire concept of life and engulfs his loved ones forever.",
    "genres" : [ ]
  }, {
    "id" : 302902,
    "title" : "Chaduvukovali",
    "overview" : "Film starring Baby Aney and Seetha",
    "genres" : [ ]
  }, {
    "id" : 302907,
    "title" : "Chhoti Bahoo",
    "overview" : "Film starring Vikas Anand, Beena Banerjee and Bindu",
    "genres" : [ ]
  }, {
    "id" : 302912,
    "title" : "Trois Like It Hot",
    "overview" : "Three friends (Maxi Witrak:Raven, Tiffany Kieu:Jaden, and Victoria Marcello:Clarrissa, are fed up with the way they've been treated by men. They've all decided that they are going to get revenge one unsuspecting man at a time. Enjoy.",
    "genres" : [ ]
  }, {
    "id" : 302917,
    "title" : "Welcome",
    "overview" : "One day, Hye-sook is tricked by her mother into visiting her hometown. When she finds out that her mother is fine and tries to leave for Seoul, she hears about the passing of Taek-gyu's father. After the funeral, Hye-sook plans to return to the city. Gi-ju, a struggling writer, tries to drown himself at Andong lake but Taek-gyu saves him. Hye-sook used to draw for Gi-ju's writings when they were young. The two were each other's first love and through the reunion, they are about to rekindle their old romance.",
    "genres" : [ {
      "id" : 18,
      "name" : "Drama"
    } ]
  }, {
    "id" : 302922,
    "title" : "Prem Mayee",
    "overview" : "Bollywood 2012",
    "genres" : [ ]
  }, {
    "id" : 302927,
    "title" : "Deswa",
    "overview" : "Film with music by Ashutosh Singh and others",
    "genres" : [ ]
  }, {
    "id" : 302932,
    "title" : "The Web of Desire",
    "overview" : "",
    "genres" : [ {
      "id" : 18,
      "name" : "Drama"
    } ]
  }, {
    "id" : 302937,
    "title" : "Aspirational",
    "overview" : "In this short film, Matthew Frost pulls focus to the modern cultural trend that has replaced pen-to-paper autographs. Although posing for a photo alongside another person seems like it would be more of an interactive experience, Dunst and Frost suggest that it is just a shallow attempt to document this faux-interaction for social-network bragging purposes rather than connect human to human.",
    "genres" : [ {
      "id" : 35,
      "name" : "Comedy"
    } ]
  }, {
    "id" : 302942,
    "title" : "Heavy Metal Horror",
    "overview" : "Julia, a disillusioned young prostitute hounded by an evil spirit, escapes her pimp and crosses paths with a heavy metal band, bringing their worlds together in a night of terror.",
    "genres" : [ ]
  } ]
}