{
  "movies" : [ {
    "id" : 108177,
    "title" : "Demetri Martin. Person.",
    "overview" : "A unique talent, Demetri Martin is one of the hottest stand-up comics working today. His new special, Demetri Martin. Person. Inventive and insightful, this top-rated program brings the funny in ways youÂ've never seen.",
    "genres" : [ {
      "id" : 35,
      "name" : "Comedy"
    }, {
      "id" : 10770,
      "name" : "TV Movie"
    } ]
  }, {
    "id" : 108202,
    "title" : "Our Sons",
    "overview" : "Our Sons is a 1991 made-for-TV movie starring Julie Andrews and Ann-Margret as two mothers of gay sons, one of whom is dying of AIDS. As a small town waitress, Ann-Margret's character must overcome her own homophobia and learn to love her son unconditionally. In the process, she cements a lasting friendship with Andrews's character. The movie was inspired by the 1987 documentary Too Little, Too Late.  Andrews' character is secretly homophobic, and Ann-Margret's character is openly homophobic.  The dying son is played by Željko Ivanek; Hugh Grant plays his partner.",
    "genres" : [ {
      "id" : 18,
      "name" : "Drama"
    } ]
  }, {
    "id" : 108207,
    "title" : "Empire Builder",
    "overview" : "A young mother (Kate Lyn Sheil) seeks a rural retreat from the doldrums of married life.",
    "genres" : [ ]
  }, {
    "id" : 108212,
    "title" : "Mother-Daughter Exchange Club 24",
    "overview" : "Moms and their daughters mix with other romance-minded mom-daughter pairs when they join www.motherdaughterexchangeclub.net.  Be sure to visit the site often and if you're a mom and daughter, join today.",
    "genres" : [ {
      "id" : 10749,
      "name" : "Romance"
    } ]
  }, {
    "id" : 108217,
    "title" : "On The Avenue",
    "overview" : "A new Broadway show starring Gary Blake shamelessly lampoons the rich Carraway family. To get her own back, daughter Mimi sets out to ensnare Blake, but the courtship is soon for real, to the annoyance of his co-star, hoofing chanteuese Mona Merrick.",
    "genres" : [ {
      "id" : 35,
      "name" : "Comedy"
    }, {
      "id" : 10402,
      "name" : "Music"
    }, {
      "id" : 10749,
      "name" : "Romance"
    } ]
  }, {
    "id" : 108222,
    "title" : "Tin Pan Alley",
    "overview" : "Songwriters Calhoun and Harrigan get Katie and Lily Blane to introduce a new one. Lily goes to England, and Katy joins her after the boys give a new song to Nora Bayes. All are reunited when the boys, now in the army, show up in England.",
    "genres" : [ {
      "id" : 18,
      "name" : "Drama"
    }, {
      "id" : 10749,
      "name" : "Romance"
    } ]
  }, {
    "id" : 108227,
    "title" : "The Face on the Milk Carton",
    "overview" : "Based on the book by Caroline B. Cooney, a girl happens to look down at a milk carton one day and she sees herself on the back! Could her parents really have kidnapped her?",
    "genres" : [ ]
  }, {
    "id" : 108232,
    "title" : "The Mating Season",
    "overview" : "Ellen McNulty leaves her New Jersey hamburger stand and heads west to pay a surprise visit to her son and his new bride. When Ellen arrives, her daughter-in-law mistakes her for the maid she has hired for a big party they are throwing. Rather than cause any embarrassment, Ellen goes along with the charade, which leads to many complications.",
    "genres" : [ {
      "id" : 35,
      "name" : "Comedy"
    } ]
  }, {
    "id" : 108237,
    "title" : "For the First Time",
    "overview" : "In this musical, a tempermental opera singer falls in love with a hearing-impaired young woman.",
    "genres" : [ {
      "id" : 10749,
      "name" : "Romance"
    }, {
      "id" : 18,
      "name" : "Drama"
    } ]
  }, {
    "id" : 108247,
    "title" : "Four Girls in Town",
    "overview" : "Four young starlets, from various parts of the world, are called to Hollywood to test for the lead in a major film. Each is romantically pursued by the director, composer, playboy, and actor. Which one of an international quartette of beauties will replace Universal's glamour star in an upcoming Biblical epic?",
    "genres" : [ {
      "id" : 18,
      "name" : "Drama"
    } ]
  }, {
    "id" : 108252,
    "title" : "The Girls of Pleasure Island",
    "overview" : "In the spring of 1945, World War II is coming to a close. Roger Halyard, a dignified, strait-laced Englishmen, lives on a South Sea atoll with his three daughters, Gloria, Hester and Violet, along with the housekeeper, Thelma, who has raised the girls since childhood. Other than their father, the girls have never seen another man. Halyard is informed that 1500 U.S. Marines will soon arrive to establish an air base on the island. Halyard is rather apprehensive over the prospect of his daughters, who have never met another man, being thrown together with 1500 Marines who haven't seen a woman in months.",
    "genres" : [ {
      "id" : 18,
      "name" : "Drama"
    }, {
      "id" : 35,
      "name" : "Comedy"
    }, {
      "id" : 10749,
      "name" : "Romance"
    } ]
  }, {
    "id" : 108257,
    "title" : "The Great Brain",
    "overview" : "Based on the book by John D. Fitgerald, the movie stars Jimmy Osmond as a mischievous boy out to swindle the whole town for everything they're worth...and occasionally putting his smarts to use for a good cause.",
    "genres" : [ {
      "id" : 35,
      "name" : "Comedy"
    }, {
      "id" : 10751,
      "name" : "Family"
    } ]
  }, {
    "id" : 108262,
    "title" : "The Colonel's Shower Bath",
    "overview" : "A colonel in the military receives an unorthodox shower, an unorthodox shower indeed!",
    "genres" : [ {
      "id" : 35,
      "name" : "Comedy"
    } ]
  }, {
    "id" : 108267,
    "title" : "The Lone Ranger and the Lost City of Gold",
    "overview" : "Three Indians were brutally murdered by a gang of hooded outlaws. Each one possessed a silver medallion, which were sections cut off from a large silver plaque which served as a treasure map to a secret location where a large amount of gold is reputedly stashed. Two more medallions are unaccounted for, and the The Lone Ranger and his friend Tonto must use all their resources to intercept the gang, prevent further carnage and save the owners of the medallions.",
    "genres" : [ {
      "id" : 28,
      "name" : "Action"
    }, {
      "id" : 12,
      "name" : "Adventure"
    }, {
      "id" : 37,
      "name" : "Western"
    } ]
  }, {
    "id" : 108277,
    "title" : "The Fisherman",
    "overview" : "An animate poem about a Filipino night fisherman. From the dual language Tagalog/English book 'Buhay Sa Angono/Life in Angono'.",
    "genres" : [ {
      "id" : 16,
      "name" : "Animation"
    } ]
  }, {
    "id" : 108282,
    "title" : "Murder on Flight 502",
    "overview" : "On a flight to London, a note is found stating that there will be murders taking place on the airliner before it lands.",
    "genres" : [ {
      "id" : 18,
      "name" : "Drama"
    }, {
      "id" : 28,
      "name" : "Action"
    }, {
      "id" : 53,
      "name" : "Thriller"
    }, {
      "id" : 9648,
      "name" : "Mystery"
    } ]
  }, {
    "id" : 108287,
    "title" : "El ojo de vidrio",
    "overview" : "",
    "genres" : [ {
      "id" : 28,
      "name" : "Action"
    }, {
      "id" : 12,
      "name" : "Adventure"
    }, {
      "id" : 18,
      "name" : "Drama"
    } ]
  }, {
    "id" : 108292,
    "title" : "Gulliver's Travels Among the Lilliputians and the Giants",
    "overview" : "Georges Méliès' adaptation of Jonathan Swift's \"Gulliver's Travels\" is most distinguished, today, for being a color film of the classic story. Color was rare in 1902 (and many years after) as non-tinted color has to be hand painted on the film; this was an arduous task. Also notable is the film's short running time of approximately five minutes. Much of the original work is not covered, but viewers were expected to be familiar with the story, and enjoy the filmed highlights. There are a couple of scenes missing; according to contemporary reports, Gulliver's shipwreck was certainly included. You can do a lot in a few minutes, as Mr. Méliès includes a re-make of his own \"Une partie de cartes\" (1896), which already looked like something previously covered by the Lumière Brothers.",
    "genres" : [ {
      "id" : 14,
      "name" : "Fantasy"
    } ]
  }, {
    "id" : 108297,
    "title" : "Marvellous Wreath",
    "overview" : "A magician performs tricks with a marvelous wreath.",
    "genres" : [ {
      "id" : 14,
      "name" : "Fantasy"
    } ]
  }, {
    "id" : 108302,
    "title" : "65_RedRoses",
    "overview" : "65_Redroses is a 2009 documentary film about Eva Markvoort, a young woman from New Westminster, British Columbia, who suffered from cystic fibrosis. The film follows Markvoort as she lives her life undaunted by her disease, waiting for a lung transplant while blogging about her experiences.",
    "genres" : [ {
      "id" : 99,
      "name" : "Documentary"
    } ]
  }, {
    "id" : 108307,
    "title" : "Desire",
    "overview" : "No overview found",
    "genres" : [ {
      "id" : 18,
      "name" : "Drama"
    }, {
      "id" : 10749,
      "name" : "Romance"
    }, {
      "id" : 10769,
      "name" : "Foreign"
    } ]
  }, {
    "id" : 108312,
    "title" : "Native Son",
    "overview" : "In 1940s Chicago, a young black man takes a job as a chauffeur to a white family, which takes a turn for the worse when he accidentally kills the teenage daughter of the couple and then tries to cover it up.",
    "genres" : [ {
      "id" : 18,
      "name" : "Drama"
    } ]
  }, {
    "id" : 108322,
    "title" : "Tracks",
    "overview" : "A soldier returns from Vietnam on special assignment, accompanying the body of his friend by train to California for burial. During the trip, he falls in love with a gentle college student. But their relationship is shattered by his flashbacks to combat.",
    "genres" : [ {
      "id" : 18,
      "name" : "Drama"
    } ]
  }, {
    "id" : 108332,
    "title" : "Burger Town",
    "overview" : "The hamburger has been an American icon, a popular food product, and now, the subject of this fascinating documentary, BURGER TOWN. Since its origins, this round pattie of beef has been a staple of American food, and soon after became an icon of popular culture. This hour-long video explores the unique history of the hamburger in the United States, focusing on Los Angeles's importance in its popularization, and in the success of fast food in general. Richard McDonald, founder of the food chain, is one of the many hamburger \"historians\" interviewed in this enticing film.",
    "genres" : [ {
      "id" : 99,
      "name" : "Documentary"
    } ]
  }, {
    "id" : 108337,
    "title" : "A Stone's Throw Away",
    "overview" : "Jacinto Medina, a 21 year old youth, is bored with his life as a shepherd in northern Mexico. He finds a keychain on the ground and, seeing it as a signal, undertakes a trip that will lead him to cross thousands of miles.",
    "genres" : [ {
      "id" : 12,
      "name" : "Adventure"
    } ]
  }, {
    "id" : 108342,
    "title" : "Blood Run",
    "overview" : "no overview found",
    "genres" : [ {
      "id" : 10770,
      "name" : "TV Movie"
    }, {
      "id" : 9648,
      "name" : "Mystery"
    }, {
      "id" : 53,
      "name" : "Thriller"
    } ]
  }, {
    "id" : 108352,
    "title" : "Honeymoon for Three",
    "overview" : "Noted writer Kenneth Bixby, in love with his witty secretary Anne Rogers, nevertheless agrees to a tete-a-tete with a former college fling, loopy Danish girl Julie who is married to penny-pinching Harvey Wilson. Bixby realizes he is in way over his head when he finds out he has become the co-respondent in a divorce lawsuit filed by Wison.",
    "genres" : [ {
      "id" : 35,
      "name" : "Comedy"
    } ]
  }, {
    "id" : 108357,
    "title" : "Miracle on Jongno Street",
    "overview" : "A story about 4 gay men who try to lead a normal life in South Korea.",
    "genres" : [ ]
  }, {
    "id" : 108367,
    "title" : "Ghost Legend",
    "overview" : "Early nineties ACGS knock-off with Wu Ma as an expert demon hunter and Joey Wong reprising her role as the otherwordly enchantress falling in love with a human.",
    "genres" : [ {
      "id" : 35,
      "name" : "Comedy"
    } ]
  }, {
    "id" : 108372,
    "title" : "Kal Ki Awaz",
    "overview" : "Kal Ki Awaz is a 1992 Bollywood film starring Dharmendra.",
    "genres" : [ {
      "id" : 28,
      "name" : "Action"
    } ]
  }, {
    "id" : 108377,
    "title" : "Dharmatma",
    "overview" : "Wealthy, powerful and influential Seth Dharamdas leads a financially secure life in a palatial mansion. He is known to come to the aid of all people who are beyond any hope of assistance, and this leads to him being known as \"Dharmatma\". But Seth Dharamdas does have a number of skeletons in his closet, and a parallel life as a gangster. The only person Dharamdas hates and fears is none other than his very own son, Ranbir, who has sworn that he will never compromise with his father's dark career, and threatens to expose him. Dharamdas has never conceded surrender or defeat at the hands of any mortal, and will never even consider to do so - even if this means the death of Ranbir.",
    "genres" : [ {
      "id" : 10749,
      "name" : "Romance"
    }, {
      "id" : 28,
      "name" : "Action"
    }, {
      "id" : 53,
      "name" : "Thriller"
    } ]
  }, {
    "id" : 108382,
    "title" : "The Monster Maker",
    "overview" : "Mad scientist injects his enemies with acromegaly virus, causing them to become hideously deformed.",
    "genres" : [ {
      "id" : 27,
      "name" : "Horror"
    } ]
  }, {
    "id" : 108387,
    "title" : "Ordeal by Innocence",
    "overview" : "Dr. Arthur Calgary visits the Argyle family to return an address book lost some time ago by Jack Argyle, only to find out that Jack has been executed for the murder of his mother. Calgary can prove that Jack was innocent. In spite of opposition from a hostile family, he is determined to solve the crime.",
    "genres" : [ {
      "id" : 9648,
      "name" : "Mystery"
    }, {
      "id" : 53,
      "name" : "Thriller"
    }, {
      "id" : 80,
      "name" : "Crime"
    } ]
  }, {
    "id" : 108392,
    "title" : "Orale Guey",
    "overview" : "",
    "genres" : [ {
      "id" : 28,
      "name" : "Action"
    }, {
      "id" : 35,
      "name" : "Comedy"
    } ]
  }, {
    "id" : 108397,
    "title" : "AK-47 La Reina De Sinaloa",
    "overview" : "",
    "genres" : [ ]
  }, {
    "id" : 108402,
    "title" : "Forgotten Prisoners: The Amnesty Files",
    "overview" : "A lawyer representing Amnesty International tries to find the whereabouts and condition of 17 political prisoners detained in a country known for its systematic torture of prisoners.",
    "genres" : [ {
      "id" : 18,
      "name" : "Drama"
    } ]
  }, {
    "id" : 108407,
    "title" : "The Absent Season",
    "overview" : "When love has to compete with artistic inspiration and memories from a sheltering past come to take the artist to imaginary worlds that exist deep in his mind. This is the story of young Adrian, pianist and composer, in love with his sister and having a romantic relationship with her until she thinks it's time to stop. Adrian becomes overwhelmed by the memories of his grandfather and mentor now dead. Then he falls in love with a young neighbour but she is more real in her imagination than in ordinary daily life. Adrian discovers that is just having fantasies and wants to put an end to his life. But his talent comes in the figure on an ancestor to help him and move on to a meaningful life.",
    "genres" : [ {
      "id" : 18,
      "name" : "Drama"
    } ]
  }, {
    "id" : 108412,
    "title" : "Los aretes que le faltan a la luna",
    "overview" : "Based on the story by writer Ángel Santiesteban, a young journalism student who prostitute herself to support her family in the agonizing economic outlook of 1994.",
    "genres" : [ {
      "id" : 18,
      "name" : "Drama"
    } ]
  }, {
    "id" : 108417,
    "title" : "The Mystery of the Almond Trees",
    "overview" : "A pair of macho private detectives pose as a gay couple to gain access into the world of a perverted wealthy widow, Doña Josefina, also known as “Mrs. Open Mind.” The widow’s summer home, it seems, is a legendary lightning rod for scandal because of mysterious and evil incidents that occur there.",
    "genres" : [ {
      "id" : 18,
      "name" : "Drama"
    }, {
      "id" : 35,
      "name" : "Comedy"
    }, {
      "id" : 53,
      "name" : "Thriller"
    }, {
      "id" : 10769,
      "name" : "Foreign"
    } ]
  }, {
    "id" : 108422,
    "title" : "8.5 Hours",
    "overview" : "\"8.5 Hours\" is a drama about one extraordinary day in the lives of four Dublin office workers  during the final months of Ireland's Celtic Tiger years. A controversial mix of intense drama and some very black comedy, it depicts the personal lives of four workers in a small software company spiralling out of control throughout the course of one working day from 9.00 to 5.30, the 8.5 hours of the title. Sexually charged and constantly surprising, the story relentlessly twists and turns and builds to a series of haunting and unforgettable resolutions.",
    "genres" : [ ]
  }, {
    "id" : 108427,
    "title" : "No Mercy",
    "overview" : "",
    "genres" : [ {
      "id" : 28,
      "name" : "Action"
    }, {
      "id" : 18,
      "name" : "Drama"
    } ]
  }, {
    "id" : 108432,
    "title" : "Sherlock Holmes and the Leading Lady",
    "overview" : "Sherlock Holmes and Doctor Watson get involved with Balkan terrorists to save Emperor Franz Joseph I of Austria from an assassination at the opera house and prevent World War I.",
    "genres" : [ {
      "id" : 80,
      "name" : "Crime"
    }, {
      "id" : 18,
      "name" : "Drama"
    }, {
      "id" : 9648,
      "name" : "Mystery"
    } ]
  }, {
    "id" : 108437,
    "title" : "Tre colonne in cronaca",
    "overview" : "A Roman newspaper, directed by Landolfi (Volonte) comes up against the ambitions of Mr Spano and a financier Lombard, this Leporino (Ackland). The idea is to make the climb to the newspaper, but the attempt does not fail to leave the victims in the field. He died immediately a stockbroker and just after the Arab girl who killed him. Meanwhile, Commissioner Morisi (Dapporto) investigates.",
    "genres" : [ ]
  }, {
    "id" : 108442,
    "title" : "Homicide in a Blue Light",
    "overview" : "In New York, an unknown killer in a police uniform stabs a young man and leaves a grenade between his legs. In the meanwhile, a role-playing prostitute (Florence Guerin) satisfies customers in various perverse ways. When one of them is found dead with a grenade between his legs, detective David Hess tries to solve the mystery.",
    "genres" : [ ]
  }, {
    "id" : 108452,
    "title" : "Bellator 61",
    "overview" : "Bellator LXI took place on March 16, 2012 at Horseshoe Riverdome in Bossier City, Louisiana.  Background  The event was to feature the rematch between season-five heavyweight tournament finalists Eric Prindle and Thiago Santos. Prindle and Santos met in the finals of Bellator's season-five heavyweight tourney, but the bout was ruled a no-contest when Santos inexplicably kicked a downed Prindle in the groin. However, on March 15, Bellator announced the fight had been pushed back a week to Bellator 62 due to Prindle having \"flu-like symptoms.\"  This event marked the first time that Bellator Fighting Championships aired in Brazil on TV Esporte Interativo.",
    "genres" : [ ]
  }, {
    "id" : 108457,
    "title" : "The Girl from Cortina",
    "overview" : "Vanessa Gravina is vapidly pretty as the heroine, who changes her hair color and hair style in order to escape an abusive painter husband and start a new life. She fakes her death by motorcar accident off a cliff, and the film heads downward from there, as surely as the vehicle plunges towards the Gothic waves-crashing-on-rocks below, set on the Greek island of Hydra.",
    "genres" : [ {
      "id" : 53,
      "name" : "Thriller"
    } ]
  }, {
    "id" : 108462,
    "title" : "La casa dove abitava Corinne",
    "overview" : "The story of Doriana, a young lawyer, who moves to Rome, because a criminal she convicted has escaped prison and threatens to kill her. But the flat she takes in Rome doesn't bring her any luck either: In her new flat, unbeknownst to her, a call girl called Corinne has been stabbed to death almost a year ago, and the killer has never been caught. As soon as she lives there, she gets anonymous telephone calls and other hints to the murder. When she learns about the unsolved case, she starts to investigate by herself.",
    "genres" : [ ]
  }, {
    "id" : 108467,
    "title" : "Il delitto di Via Monte Parioli",
    "overview" : "In the city of Rome, Mirko Reggiani is not only a university student who can't happily graduate from the university but also an amateur and only one detective of MARLOV &amp; CO. One day he meets a beautiful fair lady in a department store and falls immediately in love with her, but his best female friend hinders him. Soon, in a rather strange way, Mirko meets the lady, who is actually an unhappy housewife named Vera Grimaldi, again. Unfortunately it is not a happy reunion; both Mirko and Vera are deeply and almost independently trapped in a twisted web of vicious crime...",
    "genres" : [ ]
  }, {
    "id" : 108482,
    "title" : "Bloodbath in the House of Knives",
    "overview" : "What starts as a harmless visit to a hypnosis demonstration turns into a roller coaster ride filled with dead bodies that start to pile up around poor Ivy.",
    "genres" : [ {
      "id" : 27,
      "name" : "Horror"
    } ]
  }, {
    "id" : 108497,
    "title" : "Autumn Tale",
    "overview" : "",
    "genres" : [ ]
  }, {
    "id" : 108507,
    "title" : "Nam Angels",
    "overview" : "Lt. Vance Calhoun takes on a dangerous rescue mission of American P.O.W.s in the treacherous Darloc Valley in Vietnam. His only chance to escape is with the help of five young, fearless soldiers on motorcycles.",
    "genres" : [ {
      "id" : 28,
      "name" : "Action"
    }, {
      "id" : 12,
      "name" : "Adventure"
    }, {
      "id" : 10752,
      "name" : "War"
    } ]
  }, {
    "id" : 108512,
    "title" : "Three Resurrected Drunkards",
    "overview" : "Three students spend their holidays at the seaside where they are mistaken for Koreans, a minority which is looked down on in Japan. The action develops into a crime story.",
    "genres" : [ {
      "id" : 18,
      "name" : "Drama"
    }, {
      "id" : 35,
      "name" : "Comedy"
    }, {
      "id" : 10769,
      "name" : "Foreign"
    } ]
  }, {
    "id" : 108517,
    "title" : "Westernhagen - Wunschkonzert",
    "overview" : "",
    "genres" : [ ]
  }, {
    "id" : 108522,
    "title" : "Opera and Ballet Highlights",
    "overview" : "Including world-class artists such as Bryn Terfel, Cecilia Bartoli, Anne Sofie von Otter, Jose Cura, Simon Keenlyside and Agnes Letestu, this 50-minute sampler will give you a taste of many beloved classics in opera and ballet.",
    "genres" : [ ]
  }, {
    "id" : 108537,
    "title" : "Danger in Blue",
    "overview" : "Tina Krause stars as policewoman Jenny Pierce, hot on the trail of a masked killer.",
    "genres" : [ {
      "id" : 27,
      "name" : "Horror"
    }, {
      "id" : 53,
      "name" : "Thriller"
    } ]
  }, {
    "id" : 108542,
    "title" : "Lovemakers",
    "overview" : "Small time Hungarian matchmakers get the job to make a Hollywood star fall in love with a Russian businessman's spoiled brat sister. They get one million dollars if they succeed, but if they fail, they will have to pay with their lives.",
    "genres" : [ {
      "id" : 35,
      "name" : "Comedy"
    }, {
      "id" : 10749,
      "name" : "Romance"
    } ]
  }, {
    "id" : 108547,
    "title" : "Adventurers",
    "overview" : "",
    "genres" : [ ]
  }, {
    "id" : 108552,
    "title" : "The Wall Man",
    "overview" : "The wall man is a strange wall-dwelling creature that is neither human nor ghost.",
    "genres" : [ {
      "id" : 27,
      "name" : "Horror"
    }, {
      "id" : 18,
      "name" : "Drama"
    }, {
      "id" : 80,
      "name" : "Crime"
    } ]
  }, {
    "id" : 108557,
    "title" : "The Trumpeter",
    "overview" : "In the late 17th century, Hungary moved from Turkish to Austrian domination, becoming a key part of the Austro-Hungarian Empire. In this story, which takes place shortly after that time, three outlaws murder a group of people on their way to a wedding. One young man was a slave travelling with the group to entertain them with his skills as a trumpeter. The outlaws spare him for the same reason. He allows himself to believe that they are really an unattached group of independence-fighters, but after seeing their brutal and callous ways, he cannot believe that they are good men, and he turns them in to the authorities. At that point, he is unnerved to discover how nobly they bear the rigors of captivity. ~",
    "genres" : [ {
      "id" : 18,
      "name" : "Drama"
    } ]
  }, {
    "id" : 108582,
    "title" : "Go Man Go",
    "overview" : "The story of Abe Saperstein and the creation of the Harlem Globetrotters.",
    "genres" : [ ]
  }, {
    "id" : 108632,
    "title" : "The Show",
    "overview" : "Cock Robin (John Gilbert) is the swaggering ballyhoo man of a Hungarian sideshow known as the Palace of Illusions. The highlight of the show is a reenactment of Salome's dance of the seven veils, replete with the beheading of John the Baptist. The performer (Renee Adoree) playing Salome is in love with Cock Robin. Jealous, sinister The Greek (Lionel Barrymore) is determined to eliminate this competition for Salome's affections.",
    "genres" : [ {
      "id" : 80,
      "name" : "Crime"
    }, {
      "id" : 18,
      "name" : "Drama"
    } ]
  }, {
    "id" : 108647,
    "title" : "Bordello Death Tales",
    "overview" : "An anthology film set in a brothel, Bordello Death Tales incorporates three shorts by young horror directors, linked by a sinister venue: Madame Raven's bordello. The bloodletting begins in James Eaves' The Ripper featuring a mild-mannered psychopath. The second story, Stitch Girl, is Al Ronald's homage to Bride of Frankenstein.  The final short is Pat Higgins' Vice Day showing how a politician has developed a way of keeping his private life away from the prying eyes of journalists.",
    "genres" : [ {
      "id" : 27,
      "name" : "Horror"
    } ]
  }, {
    "id" : 108657,
    "title" : "Freeway Speedway 6",
    "overview" : "Sendo, champion of the Osaka Expressway is challenged to a race by Tatsuya Shikiba, champion racer of the Metropolitan Expressway. During their race, Sendo crashes and injures himself. Two months later, when Sendo is released from the hospital, je looks to find Tatsuya for a rematch. Tatsuya has given up racing after the death of his friend Kazuki during a race, but Sendo wants his rematch. Kazuki’s sister, though distraught with the loss of her brother, decides to help Tatsuya get over his fear of racing and get back on the road to live out his and Kazuki’s dream of being a race car driver.",
    "genres" : [ ]
  }, {
    "id" : 108672,
    "title" : "Pope John XXIII",
    "overview" : "This is a two-part Italian television mini-series directed by Giorgio Capitani and broadcasted in April 2002 on Rai Uno. It is the life story of Pope John XXIII, nicknamed \"the good Pope\".",
    "genres" : [ ]
  }, {
    "id" : 108677,
    "title" : "Frank Capra's American Dream",
    "overview" : "A documentary looking at the life and career of film director Frank Capra.  Hosted by Ron Howard.",
    "genres" : [ {
      "id" : 99,
      "name" : "Documentary"
    } ]
  }, {
    "id" : 108707,
    "title" : "No Pain, No Gain",
    "overview" : "David is a teenager who feels he doesn't belong to a life where his family, friends and the girl he loves seem not to understand him.",
    "genres" : [ {
      "id" : 35,
      "name" : "Comedy"
    } ]
  }, {
    "id" : 108712,
    "title" : "I Remember",
    "overview" : "The memories of Guiga, from early childhood to young adulthood: his family, relatives, friends, fears, dreams and reality in a still provincial city of Salvador, Bahia, from the 50s to the 70s.",
    "genres" : [ {
      "id" : 18,
      "name" : "Drama"
    } ]
  }, {
    "id" : 108717,
    "title" : "Colma: The Musical",
    "overview" : "In the town of Colma, just south of San Francisco, the dead outnumber the living one thousand to one. Here, one wouldn't expect teenagers to burst out in song, or dance around cemeteries and streets. But, that's exactly what happens. Best pals Rodel, Billy, and Maribel find themselves in a state of limbo; fresh out of high school, they are just beginning to explore a new world of part-time mall jobs and crashing college parties. As newfound revelations and romances challenge their relationships with one another and their parents, the trio must assess what to hold onto, and how to best follow their dreams. It's a love song to the city, and to the residents who dream of a better (and more musical) life.",
    "genres" : [ {
      "id" : 35,
      "name" : "Comedy"
    }, {
      "id" : 10402,
      "name" : "Music"
    }, {
      "id" : 10749,
      "name" : "Romance"
    } ]
  }, {
    "id" : 108727,
    "title" : "Forum Snowboards - Vacation",
    "overview" : "Crack open a cold one, or kick-start the blender and fire up that Piña Colada. It's time to celebrate! Forum is proud to announce the newest installment in their vast library of team-inspired videos. After winning back-to-back awards for Forever and Fuck It, a little team Vacation was long overdue. This last season was all about taking advantage of traveling on someone else's dime, and focusing more on good times than hard work. Ironically, when the pressure went down, the progression of snowboarding went up ... WAY UP.",
    "genres" : [ {
      "id" : 99,
      "name" : "Documentary"
    } ]
  }, {
    "id" : 108737,
    "title" : "Lake of Dracula",
    "overview" : "A doctor investigates the murders of several women at a lakeside resort. His investigation leads him to believe that a vampire is responsible for the murders. He sets out to track the vampire down.",
    "genres" : [ {
      "id" : 27,
      "name" : "Horror"
    } ]
  }, {
    "id" : 108747,
    "title" : "Love and Crime",
    "overview" : "Discover 4 famous japanese murderers: Takahashi Oden, the last woman beheaded in Japan, Sada Abe, a crazy lover, Kunihiko Kodaira, a rapist-killer and finally, the Toyokaku case, a woman who did everything to own a hotel!",
    "genres" : [ {
      "id" : 80,
      "name" : "Crime"
    }, {
      "id" : 18,
      "name" : "Drama"
    } ]
  }, {
    "id" : 108752,
    "title" : "Return of the Outlaws",
    "overview" : "Miraculously escaping a painful demise in the gallows, a notorious outlaw cons a crooked judge, an attractive saloon girl, and an old partner into carrying out the heist of a lifetime. As the plan gets underway, a small town sheriff makes it his personal mission to capture the outlaw and ensure that justice is served.",
    "genres" : [ {
      "id" : 37,
      "name" : "Western"
    } ]
  }, {
    "id" : 108762,
    "title" : "Life for Sale",
    "overview" : "Life for Sale is the story of one unlucky man's descent into disaster, a dramatic, human-destiny thriller with contemporary social undertones.",
    "genres" : [ ]
  }, {
    "id" : 108772,
    "title" : "These Encounters of Theirs",
    "overview" : "These Encounters Of Theirs divides 10 non-professional actors into couples, then has them take turns in declaiming the Dialogues With Leuco, Cesare Pavese's abstract, philosophical work.",
    "genres" : [ ]
  }, {
    "id" : 108777,
    "title" : "Dreaming About You",
    "overview" : "Two teenage friends spend their summer break preparing for the sexual conquests they hope to experience. That is, until one of the boys is visited by his older, more sexually aggressive cousin, Azucena. Ushering her naïve cousin into the world of sex could take more work than Azucena realized.",
    "genres" : [ {
      "id" : 35,
      "name" : "Comedy"
    }, {
      "id" : 10749,
      "name" : "Romance"
    } ]
  }, {
    "id" : 108782,
    "title" : "Like a Star Shining in the Night",
    "overview" : "A young couple finds out what love truly means when one of them has a brush with death. When Anne and Marc met, it was love at first sight, and the longer they were together, the more they realized they never wanted to be apart. But not long after they married, Marc's doctor discoveres some unexpected symptoms...",
    "genres" : [ {
      "id" : 18,
      "name" : "Drama"
    } ]
  }, {
    "id" : 108792,
    "title" : "Parts of the Family",
    "overview" : "Beyond the front door of an old, decrepit house is buried a horrible and tragic past. One horryfing and gory night a family of four is brutally hacked to pieces. The only survivor is the young and beautiful housekeeper, Ella. When she steps out of the house one day, she has no idea that she is about to be snatched by failed bank-robber Jason Goodis. Goodis, however, could not have imagined that the innocent hostage he is dragging back inside, has an unquenchable thirst for blood!",
    "genres" : [ {
      "id" : 35,
      "name" : "Comedy"
    }, {
      "id" : 27,
      "name" : "Horror"
    } ]
  }, {
    "id" : 108797,
    "title" : "The Lion Hunt",
    "overview" : "Two big game hunters are on safari in the jungle with their African guide. They observe zebras, ostrich and a hippopotamus, and catch a small monkey for a pet. During the night they are awakened by a lion which kills a small goat and then the hunters' horse. The hunters shoot the lion as it stands by the water on a beach. They discover another lion and shoot it also. The lions are gutted and skinned. The happy hunters sit and smoke cigarettes afterward.",
    "genres" : [ {
      "id" : 12,
      "name" : "Adventure"
    }, {
      "id" : 18,
      "name" : "Drama"
    } ]
  }, {
    "id" : 108807,
    "title" : "True Grit: A Further Adventure",
    "overview" : "The further adventures of 'True Grit' Rooster Cogburn which has him battling injustice in his own unorthodox way while contending with a teenage girl bent on reforming him.",
    "genres" : [ {
      "id" : 10770,
      "name" : "TV Movie"
    }, {
      "id" : 37,
      "name" : "Western"
    } ]
  }, {
    "id" : 108812,
    "title" : "Until They Sail",
    "overview" : "Four sisters in New Zealand fall for four U.S. soldiers en route to the Pacific theater in WWII.",
    "genres" : [ {
      "id" : 18,
      "name" : "Drama"
    }, {
      "id" : 10749,
      "name" : "Romance"
    }, {
      "id" : 10752,
      "name" : "War"
    } ]
  }, {
    "id" : 108822,
    "title" : "Night and Day",
    "overview" : "Jack and Julie live in a bare flat in Paris. At night, Jack drives a taxi while Julie wanders around the city, and in the day they make love. One day Julie meets Joseph, the daytime driver of the taxi, and soon Julie is spending her nights with Joseph and her days with Jack.",
    "genres" : [ {
      "id" : 18,
      "name" : "Drama"
    } ]
  }, {
    "id" : 108827,
    "title" : "Mirage",
    "overview" : "As Macedonia faces its difficult transition, a boy escapes into a world of his own creation.",
    "genres" : [ {
      "id" : 18,
      "name" : "Drama"
    } ]
  }, {
    "id" : 108842,
    "title" : "I Was a Teenage Faust",
    "overview" : "15 year old Brendan Willy hates himself for being un-cool when he falls in love with the girl of his dreams. Enter Mr. Five, a no good tempter from hell, which in his last attempt to ensnare a soul before being fried for eternity, transforms Brendan into the coolest kid in Indiana, only to find out that this contract isn't going to be easy at all.",
    "genres" : [ {
      "id" : 35,
      "name" : "Comedy"
    }, {
      "id" : 10751,
      "name" : "Family"
    }, {
      "id" : 14,
      "name" : "Fantasy"
    } ]
  }, {
    "id" : 108852,
    "title" : "The Youngest Profession",
    "overview" : "Joan Lyons and her friend Patricia Drew are autograph hounds spending most of their day bumping into, and having tea, with the likes of Greer Garson and Walter Pidgeon. Based on misinformation from a meddling old-maid governess, Miss Featherstone, Joan also devotes some time to working on the no-problem marriage of her parents to the extent of hiring Dr. Hercules, the strong man from a side show to pay attention to her mother in order to make her father jealous, despite the good advice received from Walter Pidgeon.",
    "genres" : [ {
      "id" : 35,
      "name" : "Comedy"
    }, {
      "id" : 10749,
      "name" : "Romance"
    } ]
  }, {
    "id" : 108857,
    "title" : "Rene Froger - 'K Heb Je Lief",
    "overview" : "",
    "genres" : [ {
      "id" : 10402,
      "name" : "Music"
    } ]
  }, {
    "id" : 108862,
    "title" : "Yogi's Great Escape",
    "overview" : "One spring, Yogi Bear and Boo Boo Bear awake from hibernation to discover three orphaned bear cubs left at the front door of their cave. Despite their initial reservations, Yogi and Boo Boo take the bear cubs into their home and take care of them. Meanwhile, Jellystone Park has gone over budget and the park commissioner orders Ranger Smith to close it down. This means that Yogi, along with the other bears at the park, must be sent to a zoo. Because Yogi can't stand the thought of being cooped up in a zoo for the rest of his life, he hatches an elaborate escape plan. Salvaging car parts from a failed fishing expedition, he constructs a getaway \"Supercar,\" complete with a picnic basket rumble seat for the three orphaned cubs. Together they make their escape from the park to find a new home.",
    "genres" : [ ]
  }, {
    "id" : 108872,
    "title" : "Poe",
    "overview" : "Brilliant and wealthy Dr. Andrew Casey is a serial killer who goes by the name 'The Chef'. One night eleven years ago his wife found out. He was arrested and imprisoned at Marathon County Asylum for the criminally insane. Eleven years pass and he is released, completely rehabilitated and moves to Los Angeles under the alias Mr. Jack Conway. Yuppie and former teacher, Johnathon Poe, a descendant of the famed writer Edgar Allan Poe and a brilliant writer in his own right is about to form a bond with the chef as the great doctor begins his spree of killings and cannibalism again.",
    "genres" : [ {
      "id" : 80,
      "name" : "Crime"
    }, {
      "id" : 18,
      "name" : "Drama"
    }, {
      "id" : 27,
      "name" : "Horror"
    } ]
  }, {
    "id" : 108877,
    "title" : "Darkroom",
    "overview" : "Looking for revenge for past incestuous experiences, a slasher invades a lonely farmhouse.",
    "genres" : [ {
      "id" : 27,
      "name" : "Horror"
    } ]
  }, {
    "id" : 108887,
    "title" : "Demented",
    "overview" : "Young Martin watches the quirky, extraordinary events that occur in and around the family home and barn from a distance. Quiet and introverted, it is only the housemaid and occasionally his brother, Didier, who pay him any attention. As for his mother, she has locked herself away in her room, while his grandmother assumes control of the household, which is slowly falling apart. When Didier discovers that his next-door neighbour and lover have decided to get married, all hell breaks loose, and the family disintegrates.",
    "genres" : [ {
      "id" : 18,
      "name" : "Drama"
    } ]
  }, {
    "id" : 108892,
    "title" : "To ja złodziej",
    "overview" : "Jajo to zaniedbany chłopak z rozbitej rodziny. Wzorem życiowego sukcesu jest dla niego \"profesja\" złodzieja samochodów w elitarnym gangu Maksa. Przed złodziejską karierą przestrzega bohatera właściciel warsztatu samochodowego, w którym on pracuje. Jajo, chcąc zdobyć respekt Maksa, kradnie wspaniałego jaguara, czym jednak niechcący naraża się gangsterowi.",
    "genres" : [ ]
  }, {
    "id" : 108907,
    "title" : "Looking for Alexander",
    "overview" : "",
    "genres" : [ ]
  }, {
    "id" : 108912,
    "title" : "Anabolic Frolic - The Hullabaloo Rave Experience",
    "overview" : "Anabolic Frolic, the best selling DJ behind the Happy2bHardcore series and promoter of the world famous Hullabaloo rave events, invites you into this secret world of music, fashion, culture and community unlike any other.  Captured live at the 10 year anniversary Hullabaloo rave, this may be the last time an event like this will ever be seen.",
    "genres" : [ ]
  }, {
    "id" : 108917,
    "title" : "Vito",
    "overview" : "In the aftermath of Stonewall, a newly politicized Vito Russo found his voice as a gay activist and critic of LGBT representation in the media. He went on to write \"The Celluloid Closet\", the first book to critique Hollywood's portrayals of gays on screen. During the AIDS crisis in the 1980s, Vito became a passionate advocate for justice via the newly formed ACT UP, before his death in 1990.",
    "genres" : [ {
      "id" : 99,
      "name" : "Documentary"
    } ]
  }, {
    "id" : 108942,
    "title" : "Babysitters",
    "overview" : "Valentine - a tough, cold-blooded owner of a large travel company, got a complex task in a country where a woman, regardless of her professionalism, can not success in business - Turkey. So she calls two workers of the Urals branch - Dima and Misha for help.",
    "genres" : [ {
      "id" : 35,
      "name" : "Comedy"
    } ]
  }, {
    "id" : 108947,
    "title" : "Scripted.",
    "overview" : "What happens when two young writers (David &amp; Matt) writing a film for a film festival, hoping for the film to make a mark on the portfolios? They decide to cast the film themselves and befriend two actresses (Jenny &amp; Kat) of the same age who soon become close to David and Matt as sparks between the characters become apparent. Upon convincing a local but influential producer (James) to produce their short film, all four characters become increasingly embroiled in a dilemma on whether to fight for their film, career and ambitions or fight for the person they find themselves caring most about in their young lives.",
    "genres" : [ {
      "id" : 35,
      "name" : "Comedy"
    }, {
      "id" : 18,
      "name" : "Drama"
    } ]
  }, {
    "id" : 108962,
    "title" : "The Magnificent Swordsman",
    "overview" : "Lone swordsman Jiang Dan-Feng (Wong Chung-Shun) is ambushed by a pair of bandits and quickly despatches them.  One of them, as he is dying, asks Jiang to take his personal effects to his sister.  This being a Wuxia film, our hero is bound by a strict code of honour, and he agrees.  The bandit’s sister, Xiu Xiu (Shu Pei-Pei), is surprisingly forgiving and tells him that he got mixed up in a bad crowd of robbers before he died.  As it happens, these self-same bandits are threatening to tear up the village at any moment, and Jiang prepares to defend it despite being despised by the town folk for killing Xiu Xiu’s brother.",
    "genres" : [ {
      "id" : 28,
      "name" : "Action"
    }, {
      "id" : 12,
      "name" : "Adventure"
    }, {
      "id" : 10769,
      "name" : "Foreign"
    } ]
  }, {
    "id" : 108972,
    "title" : "Helpless",
    "overview" : "A woman suddenly disappears. Her fiance then sets out to find her and, in the process, uncovers layers of dark hidden secrets.",
    "genres" : [ {
      "id" : 9648,
      "name" : "Mystery"
    }, {
      "id" : 53,
      "name" : "Thriller"
    } ]
  }, {
    "id" : 108982,
    "title" : "Chavez Ravine: A Los Angeles Story",
    "overview" : "How a community was betrayed by greed, political hypocrisy, and good intentions gone astray.",
    "genres" : [ {
      "id" : 99,
      "name" : "Documentary"
    } ]
  }, {
    "id" : 108992,
    "title" : "Gautama Buddha",
    "overview" : "The Life and Times of Gautama Buddha.",
    "genres" : [ {
      "id" : 18,
      "name" : "Drama"
    }, {
      "id" : 10769,
      "name" : "Foreign"
    } ]
  }, {
    "id" : 109002,
    "title" : "Shahji Ki Advice",
    "overview" : "This movie will definitely tickle your funny bone as Jaspal Bhatti brings a very unusual consultancy. This is a consultancy that offers unusual solutions to everyday problems and extraordinary solutions to unusual problems. In short keep laughing your way to health.",
    "genres" : [ {
      "id" : 35,
      "name" : "Comedy"
    } ]
  } ]
}