{
  "movies" : [ {
    "id" : 300252,
    "title" : "Sister Fahriye",
    "overview" : "",
    "genres" : [ {
      "id" : 18,
      "name" : "Drama"
    } ]
  }, {
    "id" : 300257,
    "title" : "Zwei Angebote",
    "overview" : "A woman prepares for a journey. Meanwhile her boyfriend, a film director, is searching for an actress.",
    "genres" : [ ]
  }, {
    "id" : 300262,
    "title" : "100 Miles from Hell",
    "overview" : "A couple of blue collar boys seek revenge on a group of drug dealers through a series of robberies.",
    "genres" : [ {
      "id" : 28,
      "name" : "Action"
    } ]
  }, {
    "id" : 300267,
    "title" : "A Sense of Wonder",
    "overview" : "A Sense of Wonder is a high-definition, extremely close-up and personal journey alongside some of the most amazing, bizarre, and beautiful creatures on the planet. The combination of stunning cinematography and beautiful music create a relaxing and inspiring experience. Come face-to-face with a sand tiger shark, get lost in the other-world beauty of bioluminescent sea jellies, and gaze in wonder at alien-like creatures such as the Leafy Sea Dragon and Spiny Lumpsucker. Not only can you take home your favorite creatures of the Pacific Ocean, but you will also get an exclusive look behind the scenes of one of the most dedicated, friendly, and tireless organizations you'll ever see - The Aquarium of the Pacific. This visually stunning presentation will inspire a Sense of Wonder in people of all ages.",
    "genres" : [ ]
  }, {
    "id" : 300272,
    "title" : "Am Ende der Krankheit",
    "overview" : "Men playing a card game and stripping.",
    "genres" : [ ]
  }, {
    "id" : 300277,
    "title" : "Beautiful Monster",
    "overview" : "Ogi okoye a girl from the under world was sent to the world to destroy mankind but met a prince that show him love and kindness and made her change her mind against her under world family. All hell broke lose. Grab a copy and see the war of the under world against one of their own.",
    "genres" : [ ]
  }, {
    "id" : 300282,
    "title" : "Christa McAuliffe: Reach for the Stars",
    "overview" : "The amazing story of NASA's Teacher in Space, Christa McAuliffe - and the impact her death had on her family and the nation - watching in horror as space shuttle Challenger exploded on January 28th 1986. Narrated by Susan Sarandon, music by Carly Simon.",
    "genres" : [ {
      "id" : 99,
      "name" : "Documentary"
    } ]
  }, {
    "id" : 300287,
    "title" : "Plötzlich das Mädchen",
    "overview" : "Love story in Berlin.",
    "genres" : [ ]
  }, {
    "id" : 300292,
    "title" : "Mimikry",
    "overview" : "Old man tells war stories to a younger man in a bar.",
    "genres" : [ ]
  }, {
    "id" : 300297,
    "title" : "Raven Rick's Deadly Adventure",
    "overview" : "The best year ever? The highs and lows of life at the park run the gauntlet as something is killing off everything. A record brood this year with six baby ravens for Harold and Maude, but how many will they be able to raise to adulthood?",
    "genres" : [ ]
  }, {
    "id" : 300302,
    "title" : "Comedy Central Roast of James Franco",
    "overview" : "It's James Franco's turn to step in to the celebrity hot seat for the latest installment of The Comedy Central Roast.",
    "genres" : [ {
      "id" : 35,
      "name" : "Comedy"
    } ]
  }, {
    "id" : 300307,
    "title" : "Key of Brown",
    "overview" : "Key of Brown a thriller, action, drama, tells the story of one harrowing night in the life of \"Bernadette Lawson\" a retiring call girl, recently released from prison and serving out the remainder of her sentence on monitored house arrest. In need of cash, she can't resist doing a, quick, one hour, five hundred dollar favor for her ex-madam but the night turns deadly when the client turns out to be a notorious serial killer of prostitutes, wanted by the F.B.I. and transporting a kilo of high quality brown heroin.",
    "genres" : [ {
      "id" : 53,
      "name" : "Thriller"
    }, {
      "id" : 28,
      "name" : "Action"
    }, {
      "id" : 18,
      "name" : "Drama"
    } ]
  }, {
    "id" : 300312,
    "title" : "Thodisi Bewafaii",
    "overview" : "Arvind Kumar Choudhary is widowed, respectable and wealthy businessman, who lives with his only son, Arun, in a palatial house. He re-marries another woman, Sujata, who is a widow, with two daughters, Veena and Seema. Arun does not respect her and refuses to even speak with her. Arun meets Neema Deshmukh and both of fall in love. With approval of their respective families they get married. Then things start to slide financially for the Choudharys when Arun accidentally breaks a valuable diamond while daydreaming about Neema; the Choudharys lose all their savings, building, vehicles and property, move to a shanty apartment, and Arvind passes away.",
    "genres" : [ ]
  }, {
    "id" : 300317,
    "title" : "Bnero My Journal",
    "overview" : "Bnero and Buffalos WEUP Nation brings to you the FIRST VISUAL MIXTAPE on the big screen. Including old &amp; new music videos,interviews and real life events.",
    "genres" : [ ]
  }, {
    "id" : 300322,
    "title" : "Christmas at Notre-Dame",
    "overview" : "Luciano Pavarotti at his best during the 1978 Christmas concert. The first video recording of this great singer in a magnificent performance of sacred music, Schubert's Ave Maria, Franck's Panis Angelicus and other Christmas melodies, such as Minuit, Crétiens at the historic Montreal Notre-Dame basilica. This program received the Christopher Society of New York award in 1981.",
    "genres" : [ ]
  }, {
    "id" : 300327,
    "title" : "Death Calls",
    "overview" : "An action-packed love story on the Mexican border featuring oppression, revenge, reincarnation and rebirth.",
    "genres" : [ ]
  }, {
    "id" : 300332,
    "title" : "The Multiple Rated-X Truth - Sonny Simmons documentary film by Brandon Evans",
    "overview" : "This film, directed, shot, edited &amp; produced by composer/multi-instrumentalist, Brandon Evans, has been in the making for ten months and is now completed. A film on the life of the great American Master Sonny Simmons, born August,1933. Featuring extended interviews with Simmons himself, Anthony Braxton, &amp; Juni Booth, plus great rare footage of Sonny Simmons playing alto saxophone and english horn in studio sessions and private rehearsals. True to its subject, 'multiple rated-X truth' chronicles in his own words the life of the legendary Sonny Simmons from his childhood in Louisiana to his years in San Francisco in the 80's.",
    "genres" : [ ]
  }, {
    "id" : 300337,
    "title" : "Aansoo Aur Muskan",
    "overview" : "Beautiful Radha lives in a small hill-station in India. One day, Mahesh comes for sight-seeing, both meet, fall in love with each other, get intimate, and Mahesh promises to return, marry her and take her with him to live in Bombay. He does not return, Radha continues to search for him in every train that stops at Shampur, in vain. She eventually gives birth to a baby girl, Laxmi, and both are looked after by Shampur's kind-hearted Station Master. Radha does come across Mahesh, but he refuses to recognize her, and she kills herself. The Station Master takes Laxmi to her next of kin, in all two families, but all reject Laxmi, consider her inauspicious, and will have nothing to do with her. He leaves Laxmi with her maternal grand-parent, Bhagwanti and her husband, but Laxmi is abused and she runs away to Bombay, where she is befriended and looked after by a blind beggar, Anwar.",
    "genres" : [ ]
  }, {
    "id" : 300342,
    "title" : "Last To Know",
    "overview" : "In the documentary Last To Know political prisoners, sent to jail for openly opposing the East German regime that existed until the German reunification in 1990, talk about their times of trial and their lives today. Neither they, nor their families have come to terms with what happened.",
    "genres" : [ {
      "id" : 99,
      "name" : "Documentary"
    } ]
  }, {
    "id" : 300347,
    "title" : "Die lila Weihnachtsgeschichte",
    "overview" : "",
    "genres" : [ {
      "id" : 35,
      "name" : "Comedy"
    } ]
  }, {
    "id" : 300352,
    "title" : "Midnight Cabaret",
    "overview" : "Meet Adam, a geeky college senior who only wants to feel accepted. An encounter with Jason, his bully from high school, triggers a painful and disturbing past: an abusive, alcoholic father; his mother who committed suicide; and Todd, his older brother who's up for parole. Inspired by the goth drag queen Eve who performs at Midnight Cabaret, Adam decides to change overnight from geek to chic. He then is befriended by a few troublemakers who introduce him to a wild lifestyle of drugs and crime, sending him into a downward spiral and an unexpected journey in finding who he truly is.",
    "genres" : [ ]
  }, {
    "id" : 300357,
    "title" : "Pitching Hope",
    "overview" : "When Samantha loses her scholarship, she is convinced by her retired vet father to compete in a high stakes horseshoes tournament to win back the squandered college cash. Samantha must then discover the physical and inner-strength she needs to succeed.",
    "genres" : [ ]
  }, {
    "id" : 300362,
    "title" : "Poison: MTV Unplugged",
    "overview" : "The consummate hard rock quartet of Bret Michaels, Bobby Dall, Rikki Rockett and C.C. DeVille get back to basics with acoustic renditions of \"Talk Dirty To Me\" from their first album and \"Look What The Cat Dragged In\", \"Your Mama Don't Dance\" and \"Every Rose Has A Thorn\" from their second release plus \"Open Up And Say ... Ahh!\" and \"Good Love,\" \"Let It Play\" and \"Unskinny Bop\" off their Flesh and Blood album. Recorded 19 November 1990 at National Video - NYC. Set List: 1. Your Mama Don't Dance; 2. Good Love; 3. Every Rose Has Its Thorn; 4. Let It Play; 5. Poor Boy Blues; 6. Unskinny Bop; 7. Talk Dirty to Me",
    "genres" : [ {
      "id" : 99,
      "name" : "Documentary"
    }, {
      "id" : 10402,
      "name" : "Music"
    } ]
  }, {
    "id" : 300372,
    "title" : "Stone Temple Pilots: MTV Unplugged 1993",
    "overview" : "Stone Temple Pilots, the hard rock sensation based south of Los Angeles, taped a performance for \"MTV Unplugged\" in New York City in November of 1993. Band members Weiland (vocals), Robert DeLeo (bass), Dean DeLeo (guitars) and Eric Kretz (drums) perform a rockin' acoustic set featuring tracks off their debut album Core. Recorded 17 November 1993 at Sony Music Studios - New York. Set List: 1. Crackerman; 2. Creep; 3. Andy Warhol; 4. Plush; 5. Big Empty; 6. Sin; 7. Wicked Garden; 8. Sex Type Thing.",
    "genres" : [ {
      "id" : 10402,
      "name" : "Music"
    } ]
  }, {
    "id" : 300377,
    "title" : "ZZ Top: VH1 Storytellers",
    "overview" : "ZZ Top might seem like something of a challenge for the VH1 \"Storytellers\" series because while this Texas blues-rock band has a secure spot in music history, its three members don't have a reputation for being all that chatty. Billy Gibbons and Dusty Hill - the two bearded guys out front - are droll and funny. So is drummer Frank Beard, the one without a beard. But they've mostly let their music talk over the 40 years they've been playing together. This show comes across more as a ZZ Top greatest-hits concert, which certainly won't disappoint ZZ Top fans. Few bands have been as consistent in their sound over the years, and there's no let down in this performance. Originally aired: 27 June 2009. Set List: 1. Just Got Paid; 2. La Grange; 3. Jesus Just Left Chicago; Gimme All Your Lovin'; 5. Tush; 6. Sharp Dressed Man",
    "genres" : [ {
      "id" : 99,
      "name" : "Documentary"
    }, {
      "id" : 10402,
      "name" : "Music"
    } ]
  }, {
    "id" : 300382,
    "title" : "Superman Super Villains : Bizarro",
    "overview" : "A cloning experiment gone wrong courtesy of Lex Luther, Bizarro now wanders the earth wreaking havoc with all the powers of Superman but none of the goodwill. More misguided than malevolent, Bizarro wages a twisted war against Superman who he sees as an impostor and a threat. Superman will have his hands full as Bizarro runs amok in these three thrilling adventures., This collection of three episodes from the animated Superman series focuses on his nemesis Bizarro. Included are the installments IDENTITY CRISIS, BIZARRO'S WORLD, and LITTLE BIG HEAD MAN.",
    "genres" : [ {
      "id" : 16,
      "name" : "Animation"
    } ]
  }, {
    "id" : 300387,
    "title" : "Habitat [Piavoli]",
    "overview" : "Franco Piavoli in his world.",
    "genres" : [ {
      "id" : 99,
      "name" : "Documentary"
    } ]
  }, {
    "id" : 300392,
    "title" : "Order of the Eagle",
    "overview" : "A teenage Eagle Scout accidentally discovers the lost plans for America's Star Wars missile defense program and soon becomes a target for a squad of ruthless industrial espionage hit men.",
    "genres" : [ {
      "id" : 12,
      "name" : "Adventure"
    }, {
      "id" : 28,
      "name" : "Action"
    } ]
  }, {
    "id" : 300397,
    "title" : "Unheilig: Sternstunden",
    "overview" : "",
    "genres" : [ {
      "id" : 10402,
      "name" : "Music"
    } ]
  }, {
    "id" : 300402,
    "title" : "Road to Kabul",
    "overview" : "In Casablanca, Ali, Hmida, Mbarek and Messoud are four unemployed youths who spend their time dreaming of a better life in the Netherlands. One day, Hmida falls on a specialist of illegal immigration, Ouchen. The four friends manage to collect enough money only for the departure of one of them, Hmida. Several months later, it still has not given any sign of life. Ali, Mbarek and Messoud discovering that he is not in Holland but in Afghanistan, they decide to go looking for him on the road to Kabul.",
    "genres" : [ {
      "id" : 35,
      "name" : "Comedy"
    }, {
      "id" : 28,
      "name" : "Action"
    } ]
  }, {
    "id" : 300407,
    "title" : "Suor Ubalda",
    "overview" : "These girls are dressed to tantalize and tease!",
    "genres" : [ ]
  }, {
    "id" : 300412,
    "title" : "East Is East",
    "overview" : "Victoria Vickers, a little East End Cockney girl, is left a vast fortune by an uncle in America. She is finally discovered hop-picking in Kent by her solicitor, who has given up the search and gone off on a photographic holiday instead! The conditions of the legacy are that she must spend three years learning to be a lady before she inherits absolutely. 'Vicky' does her best, but she is not happy in high society. Meanwhile her old East End beau Bert accepts a loan from her in order to 'better himself' and starts a highly-successful fish-and-chip shop business. He takes elocution lessons and buys gentleman's clothes in the hopes of aspiring to her hand. But Vicky, who thinks he has deserted her now she is a fine lady, is lonely enough to accept an offer of marriage from her guardian's spendthrift son, and when Bert reads of the engagement in the newspapers he abandons London and goes down to live in Kent where they were once happy together.",
    "genres" : [ ]
  }, {
    "id" : 300417,
    "title" : "The Thanksgiving Visitor",
    "overview" : "Adaptation of Truman Capote's short story. A sequel, from the same filmmakers, to the critically acclaimed A Christmas Memory (1966).",
    "genres" : [ {
      "id" : 18,
      "name" : "Drama"
    } ]
  }, {
    "id" : 300422,
    "title" : "Chasing the White Dragon",
    "overview" : "Six small town characters are trapped in the nightmare of crystal methamphetamine addiction and each must make the decision to escape the nightmare before their world implodes.",
    "genres" : [ ]
  }, {
    "id" : 300427,
    "title" : "The Gaucho War",
    "overview" : "In Salta Province in 1817 during the War of Independence, the irregular forces commanded by General Martín Güemes carry out a guerrilla action against the Spanish army. The commander of a Spanish army contingent, Lieutenant Villarreal, is wounded, captured by the guerrillas, and put under the medical care of Asunción, the mistress of an estancia. She finds out from his idenfication paper that the Lieutenant, though serving in the Spanish army, was born in Lima. She persuades him of the justice of liberating America from Spain. The patriot forces receive help from the sacristan of a chapel located next to the grounds of the royalist troops. The sacristan fakes loyalty to the king, but during the battles he sends messages to the gaucho guerrillas hiding in the mountains by means of a messenger boy and by ringing of the bell.",
    "genres" : [ {
      "id" : 36,
      "name" : "History"
    }, {
      "id" : 10752,
      "name" : "War"
    }, {
      "id" : 37,
      "name" : "Western"
    }, {
      "id" : 18,
      "name" : "Drama"
    } ]
  }, {
    "id" : 300432,
    "title" : "Secretary With Glasses",
    "overview" : "Anissa Kate and her team of gorgeous glasses-wearing secretaries will undoubtedly get your juices flowing.  With their white blouses, low-cut suits and high heels, these five secretaries make the heads of all the company's managers spin. Entirely devoted to their bosses' pleasure, they are ready to do anything to make their even their wildest desires come true!  Out of all of the company's secretaries, Anissa is the most keen. As executive assistant, she immediately complied with the CEO's request ask to join him for a boat ride. But this pervert has something else in mind... He has never been able to resist Anissa's charms, voluptuous figure and unparalleled cocksucking skills. And beautiful Anissa loves it. She simply loves being an object of fantasy.",
    "genres" : [ ]
  }, {
    "id" : 300437,
    "title" : "Peechha Karro",
    "overview" : "Giri Haridhara (Satish Shah) and Hari Giridhara (Ravi Baswani ) are two bumbling detectives, who believe that Brigadier (Amjad Khan) is leaking defense secrets to enemy countries. Vijay (Farooque Shaikh) is in love with Brigadier’s daughter Roma. Vijay is the son of Kandha Raam (Rajendranath) who is a mortician. Vijay disguises himself as his father and goes to meet Amjad Khan to fix his alliance with Roma. Giri Haridhara and Hari Giridhara come to know of this secret and use this as a weapon to blackmail him to spy on the Brigadier. What ensues is complete hilarity.",
    "genres" : [ {
      "id" : 10769,
      "name" : "Foreign"
    }, {
      "id" : 35,
      "name" : "Comedy"
    }, {
      "id" : 53,
      "name" : "Thriller"
    } ]
  }, {
    "id" : 300442,
    "title" : "Higurashi no Naku Koro ni Kaku: Outbreak",
    "overview" : "An OAV related to the Higurashi no Naku Koro ni series, known in English as \"When They Cry\". It is another re-telling of the terrible events occured in 1983 in the village of Hinamizawa and in particular of how the main characters dealt with the outbreak of a mysterious virus.",
    "genres" : [ {
      "id" : 9648,
      "name" : "Mystery"
    }, {
      "id" : 16,
      "name" : "Animation"
    }, {
      "id" : 27,
      "name" : "Horror"
    } ]
  }, {
    "id" : 300447,
    "title" : "Maroko",
    "overview" : "Theatrical anime movie created from the OVA 'Gosenzosama Banbanzai', written and directed by Mamoru Oshii.",
    "genres" : [ ]
  }, {
    "id" : 300452,
    "title" : "The Housemaster",
    "overview" : "A small village during the period of agricultural reforms in 1945. The two protagonists, a terminally ill count and his housemaster, engage in a private game that consists of artificially maintaining the social hierarchy which reigned here for centuries.",
    "genres" : [ ]
  }, {
    "id" : 300457,
    "title" : "Asian Hoze 2",
    "overview" : "XXX hardcore whores want to f*ck you! See these hot and spicy young Asian chicks in action.",
    "genres" : [ ]
  }, {
    "id" : 300462,
    "title" : "Le Nom du Feu",
    "overview" : "The encounter of a young doctor and a werewolf is the setting of unexpected results in another example of Eugène Green's taste for the fantastic.",
    "genres" : [ ]
  }, {
    "id" : 300467,
    "title" : "Dark Was the Night",
    "overview" : "An evil is unleashed in a small town when a logging company sets up shop in the neighboring woods. Isolated and threatened, a mysterious force hidden within the trees outside the small town of Maiden Woods, strikes fear in the townspeople as Sheriff Paul Shields attempts to overcome the demons of his past while protecting those that he loves.",
    "genres" : [ {
      "id" : 27,
      "name" : "Horror"
    }, {
      "id" : 53,
      "name" : "Thriller"
    } ]
  }, {
    "id" : 300472,
    "title" : "Reflections of the Past",
    "overview" : "On June 22, 1954, two teenage girls Pauline Yvonne Parker and Juliet Marion Hulme murdered Honora Parker, the mother of Pauline in Victoria Park outside of Christchurch, New Zealand. This crime continues to fascinate the world. In 1994, Peter Jackson created a film based on the events called 'Heavenly Creatures' with Kate Winslet &amp; Melanie Lynskey. This documentary will examine the relationship of Pauline &amp; Juliet and the murder case.",
    "genres" : [ ]
  }, {
    "id" : 300477,
    "title" : "Piet Piraat Show - Radio De Scheve Schuit",
    "overview" : "",
    "genres" : [ ]
  }, {
    "id" : 300482,
    "title" : "The Return of Eva-Man",
    "overview" : "",
    "genres" : [ ]
  }, {
    "id" : 300487,
    "title" : "The Swedish Moment",
    "overview" : "Pop singer Kari and his girl dump a tightly wrapped mattress on a frozen lake. Things don’t quite go as planned, and the two go to Kari’s old drummer friend for help. Paranoia, jealousy and a series of increasingly absurd events ensue.",
    "genres" : [ {
      "id" : 35,
      "name" : "Comedy"
    } ]
  }, {
    "id" : 300492,
    "title" : "Thong Girls",
    "overview" : "A funny comedy set mostly on the beach where countless men are trying to impress various women.",
    "genres" : [ {
      "id" : 35,
      "name" : "Comedy"
    } ]
  }, {
    "id" : 300497,
    "title" : "No me toques el pito que me irrito",
    "overview" : "",
    "genres" : [ {
      "id" : 35,
      "name" : "Comedy"
    } ]
  }, {
    "id" : 300502,
    "title" : "Drugs Are Like That",
    "overview" : "[…] Though the highs and lows of human experience are all here, it's often the gimcrack set design and fashion chops in these vintage clunkers that really wow – the pot-holder sweater vests, ponytails decorated with yarn, hippies with crumb-catching moustaches, banana-seat bikes and a hard rain of Quaaludes and amphetamines to illustrate the dangers of drug addiction. It is hard to believe anyone would buy the goofball cause-and-effect of that pill-popper's weather pattern in \"Drugs Are Like That\". Co-produced by the Miami Junior League and narrated by Anita Bryant in this cheery little hand-slapper, a kid stealing cookies from a cookie jar is implied to be headed down a bad road to Bowery bum rolls and LSD parties. (from: http://clatl.com/atlanta/av-geeks-greatest-hits-lessons-learned/Content?oid=1268313)",
    "genres" : [ {
      "id" : 99,
      "name" : "Documentary"
    }, {
      "id" : 10751,
      "name" : "Family"
    } ]
  }, {
    "id" : 300507,
    "title" : "Graffiti Wars: Banksy Vs. Robbo",
    "overview" : "Channel 4 documentary looking at the creative tensions in the world of British street art and graffiti,focusing in particular on the story of the ongoing feud between Banksy and Robbo. Meanwhile,on the streets,graffiti artists are locked in battle with the authorities,facing trial and prison sentences for their art while the work of more well-known street artists is being snapped up by the world's most prestigious galleries.",
    "genres" : [ ]
  }, {
    "id" : 300512,
    "title" : "In Silence",
    "overview" : "Slovak musicologist Agata Schindlerová, now settled in Dresden, has spent years mapping out the forgotten destinies of Jewish musicians whose lives were irrevocably marked by the advance of nazism. Scenes from the lives of several of them are portrayed in the film In Silence (ballet dancer Alice Flachová, pianist and conductor Karol Ebert, composer, conductor and director of the Dresden Theatre Arthur Chitz, pianist Edith Kraus, and the vocal ensemble Comedian Harmonists), which draws a sharp contrast between the protagonists’ carefree existence working and making music during the pre-war era and the subsequent severe upheaval in their lives brought on by the proliferation of nazism.",
    "genres" : [ {
      "id" : 36,
      "name" : "History"
    }, {
      "id" : 18,
      "name" : "Drama"
    } ]
  }, {
    "id" : 300517,
    "title" : "Dünden Sonra Yarından Önce",
    "overview" : "",
    "genres" : [ {
      "id" : 18,
      "name" : "Drama"
    } ]
  }, {
    "id" : 300522,
    "title" : "Defekt",
    "overview" : "Gedeon is a young, ambitious detective. Three women have disappeared and he strongly believes that there’s direct connection between them. All three of them were driving lonely and have disappeared in the same region. After a lenghty discussion Gedeon gets the permission from his boss for going on patrol with his colleague in that area.",
    "genres" : [ {
      "id" : 53,
      "name" : "Thriller"
    }, {
      "id" : 80,
      "name" : "Crime"
    } ]
  }, {
    "id" : 300532,
    "title" : "Unabomber: The True Story",
    "overview" : "The real story behind the hunt for Theodore J. Kaczynski, later known as the Unabomber, a terrorist who sent several bombs through the mail, alarming authorities and society. The movie follows a postal inspector who tracks down the suspect; a obstinate detective; and Kaczynski's brother, who suspected of Ted after the publishing of his manifesto explaining the reasons for the bombings.",
    "genres" : [ {
      "id" : 10770,
      "name" : "TV Movie"
    }, {
      "id" : 80,
      "name" : "Crime"
    }, {
      "id" : 18,
      "name" : "Drama"
    }, {
      "id" : 36,
      "name" : "History"
    } ]
  }, {
    "id" : 300537,
    "title" : "Demon Beast Resurrection Volume 2",
    "overview" : "From the radioactive emptiness of space comes the Demon Beast! A hideous alien monster, the Beast shares a psychic link with the beautiful Earth woman, Kayo. Bound by a forbidden past and a horrifying erotic encounter, she is destined to lure the Beast back to a helpless Earth. Her tortured soul cries out across dimensions, calling the Demon Beast to begin his reign of bloodlust, carnage, and terror!",
    "genres" : [ ]
  }, {
    "id" : 300542,
    "title" : "Queen of Earth",
    "overview" : "Two women retreat to a lake house to get a break from the pressures of the outside world, only to realize how disconnected from each other they have become, allowing their suspicions to bleed into reality.",
    "genres" : [ {
      "id" : 18,
      "name" : "Drama"
    }, {
      "id" : 9648,
      "name" : "Mystery"
    }, {
      "id" : 53,
      "name" : "Thriller"
    } ]
  }, {
    "id" : 300552,
    "title" : "The Pit Morgenrot",
    "overview" : "During the global economic crisis, the mine pit \"Morgenrot\" is due to be closed due to unprofitable results. With the use of a machine forbidden for security reasons, the mates try to work more effectively and thus save their jobs. A serious accident happens.",
    "genres" : [ {
      "id" : 18,
      "name" : "Drama"
    } ]
  }, {
    "id" : 300557,
    "title" : "Ein Mann von gestern",
    "overview" : "",
    "genres" : [ {
      "id" : 18,
      "name" : "Drama"
    } ]
  }, {
    "id" : 300562,
    "title" : "Liebe läßt alle Blumen blühen",
    "overview" : "",
    "genres" : [ {
      "id" : 18,
      "name" : "Drama"
    } ]
  }, {
    "id" : 300567,
    "title" : "Little Playdates: Little Friends",
    "overview" : "Little Friends is the delightful introduction to the Little Playdates series of videos, created by parents, to help teach young children positive social interaction.",
    "genres" : [ ]
  }, {
    "id" : 300572,
    "title" : "Plötzlich und unerwartet",
    "overview" : "",
    "genres" : [ {
      "id" : 80,
      "name" : "Crime"
    } ]
  }, {
    "id" : 300577,
    "title" : "Die letzte Entscheidung",
    "overview" : "",
    "genres" : [ {
      "id" : 18,
      "name" : "Drama"
    } ]
  }, {
    "id" : 300582,
    "title" : "Alan Vega: Just a Million Dreams",
    "overview" : "This intimate portrait will reveal uncommon stories of groundbreaking visual artist and pioneer of minimalist electronic rock, Alan Vega, vocalist and composer for 1970s and 80s punk/post punk duo Suicide. Alan plays with the camera and enjoys the friendship of filmmaker Losier, while also loving, fighting and living with his family (Liz Lamere, his wife and collaborator, and their son Dante, young replica of Alan). Traces of joy, eccentricity, illumination but also deep fatigue and slow Suicide. The rock-n-roll Alan is still very alive, funny and rebellious.",
    "genres" : [ ]
  }, {
    "id" : 300592,
    "title" : "Baptism",
    "overview" : "A 40-year-old sculptor returns home to witness the baptism of his young nephew. His return prompts a series of flashbacks to his youth and the political upheaval experienced by his family and friends.",
    "genres" : [ ]
  }, {
    "id" : 300602,
    "title" : "Capture the Flag",
    "overview" : "A young surfer rallies his friends to stop a billionaire from rewriting history as a way to horde Helium 3, the clean energy of the future.",
    "genres" : [ {
      "id" : 35,
      "name" : "Comedy"
    }, {
      "id" : 16,
      "name" : "Animation"
    }, {
      "id" : 12,
      "name" : "Adventure"
    } ]
  }, {
    "id" : 300607,
    "title" : "Oru Burus",
    "overview" : "Once upon a time, there was a little king, who lost control of the sun.",
    "genres" : [ ]
  }, {
    "id" : 300612,
    "title" : "Li Ké Terra",
    "overview" : "The story of Miguel Moreira and Ruben Furtado, two Cape Verdean immigrant descendants who live in Portugal but have no legal documents. They are torn between the desire to be a full Portuguese citizen and the obstacles they find in their day to day. Proud of being who they are they keep on dreaming of their future reflecting their wishes for a better life. Above all, Michael and Ruben lead us to one question: What kind of identity has a stateless person?",
    "genres" : [ {
      "id" : 99,
      "name" : "Documentary"
    } ]
  }, {
    "id" : 300617,
    "title" : "Saç",
    "overview" : "",
    "genres" : [ {
      "id" : 18,
      "name" : "Drama"
    } ]
  }, {
    "id" : 300622,
    "title" : "Dolby Atmos Demonstration Disc 2014",
    "overview" : "Dolby Atmos turns your room into an amazing place for entertainment with sound that fills every dimension of the room.",
    "genres" : [ ]
  }, {
    "id" : 300627,
    "title" : "The Growth of Plants",
    "overview" : "One of the first to use the techniques of cinematography to study biological phenomena, Comandon accelerated his films, originally shot frame by frame, to depict a detailed view of nature only visible through the mechanical eye of the camera.",
    "genres" : [ ]
  }, {
    "id" : 300632,
    "title" : "Vamos Cantar Disco Baby",
    "overview" : "",
    "genres" : [ {
      "id" : 35,
      "name" : "Comedy"
    } ]
  }, {
    "id" : 300637,
    "title" : "TNA Bound For Glory 2014",
    "overview" : "Bound for Glory (2014) was a professional wrestling pay-per-view (PPV) event produced by Total Nonstop Action Wrestling (TNA), in collaboration with Japanese promotion Wrestle-1. It took place on October 12, 2014 at the Korakuen Hall in Tokyo, Japan. It was the tenth pay-per-view under the Bound for Glory chronology, the second TNA/Wrestle-1 joint event held in Japan in 2014 (following Kaisen: Outbreak), and the fourth and last event in the 2014 TNA PPV schedule.",
    "genres" : [ ]
  }, {
    "id" : 300642,
    "title" : "Liebe unter Verdacht",
    "overview" : "",
    "genres" : [ {
      "id" : 80,
      "name" : "Crime"
    } ]
  }, {
    "id" : 300647,
    "title" : "مسرحية سيدتي الجميلة",
    "overview" : "",
    "genres" : [ {
      "id" : 18,
      "name" : "Drama"
    }, {
      "id" : 10749,
      "name" : "Romance"
    }, {
      "id" : 35,
      "name" : "Comedy"
    } ]
  }, {
    "id" : 300652,
    "title" : "Khateeat Malak",
    "overview" : "This vexing piece of 1970s psychedelia manages to make Heaven look like the interior of a starship, where vaguely STAR TREK-inspired viewing screens and uniforms, as well as choreographed dance routines, are all the rage. With the head angel outraged after viewing a compilation of scenes of (remarkably innocent-looking) human excess on Earth, blue-eyed Husayn Fahmi - frequently cast as something of an otherworldly enigma in Egyptian movies - gets to observe humanity at first hand, becoming embroiled in organised crime and murder but nevertheless concluding that humankind (not to mention fallen angels like himself) are still worthy of redemption.",
    "genres" : [ {
      "id" : 878,
      "name" : "Science Fiction"
    }, {
      "id" : 14,
      "name" : "Fantasy"
    } ]
  }, {
    "id" : 300657,
    "title" : "Çözülmeler",
    "overview" : "",
    "genres" : [ {
      "id" : 18,
      "name" : "Drama"
    } ]
  }, {
    "id" : 300662,
    "title" : "Strangers",
    "overview" : "After humiliating his date, a man awakes the next day to find himself locked up in his barricaded apartment. He has no chance of escaping. And he is not alone...",
    "genres" : [ {
      "id" : 53,
      "name" : "Thriller"
    }, {
      "id" : 18,
      "name" : "Drama"
    } ]
  }, {
    "id" : 300667,
    "title" : "3 Generations",
    "overview" : "A teenager transitions from female to male, and his family must come to terms with that fact.",
    "genres" : [ {
      "id" : 35,
      "name" : "Comedy"
    }, {
      "id" : 18,
      "name" : "Drama"
    } ]
  }, {
    "id" : 300672,
    "title" : "Vincent N Roxxy",
    "overview" : "A small town loner and a rebellious punk rocker unexpectedly fall in love as they are forced on the run and soon discover violence follows them everywhere.",
    "genres" : [ {
      "id" : 18,
      "name" : "Drama"
    }, {
      "id" : 80,
      "name" : "Crime"
    }, {
      "id" : 53,
      "name" : "Thriller"
    } ]
  }, {
    "id" : 300677,
    "title" : "Du bist mein Glück",
    "overview" : "",
    "genres" : [ {
      "id" : 18,
      "name" : "Drama"
    } ]
  }, {
    "id" : 300682,
    "title" : "Dein Leben gehört mir",
    "overview" : "",
    "genres" : [ {
      "id" : 80,
      "name" : "Crime"
    } ]
  }, {
    "id" : 300687,
    "title" : "Same Kind of Different as Me",
    "overview" : "International art dealer Ron Hall must befriend a dangerous homeless man in order to save his struggling marriage to his wife, a woman whose dreams will lead all three of them on the journey of their lives.",
    "genres" : [ {
      "id" : 18,
      "name" : "Drama"
    } ]
  }, {
    "id" : 300692,
    "title" : "House of horror - vol 1",
    "overview" : "Hammer's House of Horror is a British television series, made in 1980. An anthology series created by Hammer Films in association with Cinema Arts International and ITC Entertainment, it consisted of thirteen 50-minute episodes, which was broadcast on ITV. This volume contains 3 episodes: Witching Time, The Thirteenth Reunion and Rude Awakening.",
    "genres" : [ {
      "id" : 27,
      "name" : "Horror"
    } ]
  }, {
    "id" : 300697,
    "title" : "Guards of Shaolin",
    "overview" : "A troop of monks from the Shaolin Temple embark on a mission to get the Golden Sutra to Tibet after the Shaolin Abbot is killed by their traitorous teacher. They are joined on their quest by a beautiful, female warrior – with aims to avenge her father's death. They traverse forests and mountains on their mission, all the while fighting off deadly ninja assassins, vicious gangsters and even the undead.",
    "genres" : [ {
      "id" : 28,
      "name" : "Action"
    } ]
  }, {
    "id" : 300702,
    "title" : "Rotmord",
    "overview" : "",
    "genres" : [ {
      "id" : 18,
      "name" : "Drama"
    } ]
  }, {
    "id" : 300707,
    "title" : "Gaydar",
    "overview" : "Alvin Yapan’s latest work casts a refreshing take on modern relationships as he takes on the themes of romantic obsession, real identities and perhaps, true love. Tina’s love live seems doomed as every guy she falls for turns out to be…into other guys. She vows never to fall in love again and seeks solace in the company of her gay best friend Nick. Her life gets a turnaround when she meets a handsome FX driver that unleashes a dizzying string of surprises.",
    "genres" : [ {
      "id" : 10769,
      "name" : "Foreign"
    }, {
      "id" : 10749,
      "name" : "Romance"
    }, {
      "id" : 35,
      "name" : "Comedy"
    } ]
  }, {
    "id" : 300712,
    "title" : "5 Rifles",
    "overview" : "Film starring  Rakesh Khanna, Rajesh Khanna and Ambika Johar",
    "genres" : [ ]
  }, {
    "id" : 300717,
    "title" : "Aakraman",
    "overview" : "Drama about a major in the Indian army and his impending arranged marriage.",
    "genres" : [ ]
  }, {
    "id" : 300722,
    "title" : "Keine Feier ohne Meyer",
    "overview" : "",
    "genres" : [ {
      "id" : 35,
      "name" : "Comedy"
    } ]
  }, {
    "id" : 300727,
    "title" : "Apoorva Sangama",
    "overview" : "1984 Indian Kannada film starring Rajkumar, Shankar Nag and Ambika.",
    "genres" : [ ]
  }, {
    "id" : 300732,
    "title" : "Bandodu Gundamma",
    "overview" : "Indian film from 1980.",
    "genres" : [ ]
  }, {
    "id" : 300737,
    "title" : "Volcanic Planet",
    "overview" : "An exploration of volcanoes around the world. Adventure Filmmaker Peter Rowe climbs and films 19 volcanoes around the world, from Iceland to the Congo, Italy to Indonesia, Guatemala to Vanuatu, interacting with the people who live and work near these extreme forces of nature.",
    "genres" : [ ]
  }, {
    "id" : 300747,
    "title" : "Idhayam Pesugirathu",
    "overview" : "Film directed by  S.A. Chandrashekhar",
    "genres" : [ ]
  }, {
    "id" : 300752,
    "title" : "Oka Criminal Premakatha",
    "overview" : "Crime drama staring Manoj Nandam, Priyanka Pallavi and Satyanand",
    "genres" : [ ]
  }, {
    "id" : 300757,
    "title" : "Raja Rani",
    "overview" : "Drama about a young boy who turns to a life of crime after the death of his mother.",
    "genres" : [ ]
  }, {
    "id" : 300762,
    "title" : "Red Dot on the Ocean",
    "overview" : "Red Dot on the Ocean is a riveting film about a troubled youth who becomes a sailing legend, earning two Guinness Records. Matt Rutherford was an angry teen with learning disabilities; a petty criminal who lived on the streets. Sailing saved him from a life of crime, or worse. Matt became the first to sail alone, without stopping around both Americas. His beat up boat was as tiny as his budget, yet he raised $120,000 for disabled sailors while braving icebergs, the Arctic and Cape Horn. After 309 days at sea, he returned to a hero's welcome and 30 dollars in the bank. He founded a non-profit that does ocean research. Matt's story makes us feel we can do more than we imagined.",
    "genres" : [ {
      "id" : 12,
      "name" : "Adventure"
    }, {
      "id" : 99,
      "name" : "Documentary"
    } ]
  }, {
    "id" : 300767,
    "title" : "H7N3",
    "overview" : "A doctor struggles with his professional obligations as he attempts to diagnose a little girl's alarming symptoms on the eve of a viral outbreak.",
    "genres" : [ {
      "id" : 18,
      "name" : "Drama"
    }, {
      "id" : 27,
      "name" : "Horror"
    } ]
  }, {
    "id" : 300772,
    "title" : "Wira Angkasa",
    "overview" : "Iskandar Muhammad the son of a farmer who is ambitious to become a pilot. After graduation, he was recruited Air Force as a Lieutenant.  While in college, he met with Redzua Mazlan, the son of a retired Air Force general who lived socializing. Friendship among those who were initially close suddenly loosened by misunderstandings arising from captivating Redzua Aini's first cousin Iskandar. Then reconcile after a single incident where Alexander was almost captured by a group of terrorists who had escaped from the RMAF air strikes.",
    "genres" : [ {
      "id" : 28,
      "name" : "Action"
    } ]
  }, {
    "id" : 300782,
    "title" : "Hessen von oben",
    "overview" : "",
    "genres" : [ {
      "id" : 99,
      "name" : "Documentary"
    } ]
  } ]
}