{
  "movies" : [ {
    "id" : 277302,
    "title" : "A Love Divided",
    "overview" : "The dramatic true story of a marriage between a Catholic man and a Protestant woman in 1950's Ireland.",
    "genres" : [ ]
  }, {
    "id" : 277307,
    "title" : "A Piece of Eden",
    "overview" : "A bittersweet comedy that follows three generations of the unlucky Tredici family from Corsica in the 1940's to an Indiana fruit farm in the present.",
    "genres" : [ ]
  }, {
    "id" : 277312,
    "title" : "Hand Held",
    "overview" : "Mike Carroll was one of the first photographers to travel to Romania after the fall of the communist regime in 1989. When he arrived, he walked into one of the most horrific scenes of the 20th century. His incredible photographs and heart wrenching stories of the pediatric AIDS epidemic in Romania ran in The Boston Globe and The New York Times and opened the eyes of the western world to the plight of the Romanian children. What followed was a twenty-year odyssey for Mike and his colleagues as they fought to bring help to a population of children in need, in a country that they hardly knew. \"Hand Held\" is a documentary film produced and directed by two-time Academy Award nominee filmmaker Don Hahn. Hahn shot in Boston, Bucharest, and Transylvania for nearly two years on this extraordinary motion picture about one guy with a camera, a band of New Englanders, 160,000 orphans, and the unforgettable story of how they changed each other's lives forever.",
    "genres" : [ ]
  }, {
    "id" : 277327,
    "title" : "Adisaya Ulagam",
    "overview" : "Adhisaya Ulagam ia tamil 3D Movie, it is Scientific and Adventure movie in Steroscope 3D. The Movie Feature Dinosaur for the first time in the history of Indian Cinema. Actor Livingston plays an Important role of the movie.TV Actors Ananda Kannan and Latha Roa plays a Prominent role of the movie.  Shakthi Scott Direct the movie and including Music",
    "genres" : [ ]
  }, {
    "id" : 277332,
    "title" : "The Best of the Bachelor",
    "overview" : "Amidst a craze of reality television comes \"The Bachelor,\" a series that caused quite a stir when it aired on American television in 2002. Alex, the bachelor in question, is an attractive, wealthy, available heterosexual -- a perfect catch for any woman looking to find a life partner. A group of attractive women are given the chance to win Alex's heart in an elimination competition, and the winner gets a marriage proposal.",
    "genres" : [ ]
  }, {
    "id" : 277337,
    "title" : "A Shepherd of Pure Heart",
    "overview" : "Evenside Church is an upstanding and venerable institution that has served African-American families in rural Maryland for 200 years. Minister Karl Upton is proud to be its young, up-and-coming assistant pastor. Karl takes the Gospel and his calling very seriously, so when God calls him to reach out to at-risk young people in his community, Karl can't say no. The world of the poor, however, is not nearly as simple as Karl had imagined. As he brings their world into contact with his own, sparks of conflict and controversy ignite into a scandal that threatens his family, his faith, and the integrity of Evenside Church. Trapped in a web of secrets, accusations and temptations, Karl must face the shadows that haunt not only the poor, but his own family and church as well. It is a struggle he seems destined to lose unless his faith in God's greatness can dispel the doubts that have befallen his soul and the good people of Evenside.",
    "genres" : [ ]
  }, {
    "id" : 277342,
    "title" : "Chevalier: Maurice & Me",
    "overview" : "Belgian recording star Tony Sandler recounts the life and music of entertainment legend Maurice Chevalier in this theatrically staged production, filmed live at Boston's Cutler Majestic Theater. For more than two years, Sandler performed this passionate tribute before a live audience, singing many of Chevalier's signature tunes composed by artists such as Cole Porter, Oscar Hammerstein, Jerome Kern, Rodgers and Hart and Charles Aznavour.",
    "genres" : [ ]
  }, {
    "id" : 277347,
    "title" : "Lavakusa",
    "overview" : "With a story taken from the epic Indian poem \"Ramayana,\" Lavakusa depicts the lives of the sons of Lord Rama (Rao C.S.R.) and his wife, the goddess Sita (Anjali Devi). The movie's source material is often cited as one of South Asia's most important texts and provides great insight into many aspects of Indian culture. Star Rao C.S.R. and Chittajalu Pullayya co-directed this film, the first Telugu-language movie released in color.",
    "genres" : [ ]
  }, {
    "id" : 277352,
    "title" : "The Passionate Adventure",
    "overview" : "A rich man leaves his wife, poses as a coster, and saves a factory girl from a crook.",
    "genres" : [ {
      "id" : 18,
      "name" : "Drama"
    } ]
  }, {
    "id" : 277357,
    "title" : "Time to Run",
    "overview" : "The protagonist is young runaway Barbara Sigel (a Golden Globe nominee for her performance in this film), who has a mad-on against the world. Refusing help from anyone over 30, the runaway likewise rejects the solace of the church. This generation gap can only be closed by total and willing acceptance of God and Jesus Christ. Randall Carver and Ed Nelson head the supporting cast, while Rev. Billy Graham makes a brief appearance as himself.",
    "genres" : [ {
      "id" : 18,
      "name" : "Drama"
    }, {
      "id" : 10751,
      "name" : "Family"
    } ]
  }, {
    "id" : 277362,
    "title" : "Point de Gaze",
    "overview" : "Named after a type of Belgian lace, this spectral study investigates intricate illusion and optical arrest.",
    "genres" : [ ]
  }, {
    "id" : 277367,
    "title" : "Homesdale",
    "overview" : "Several people gather at the Homesdale Hunting Lodge including butcher/rock singer Mr Kevin, war veteran Mr Vaughan, an octogenarian Mr Levy. All are tormented by Homesdale's staff and forced to participate in a series of games about death and murder in which the true character of the guests starts to emerge.",
    "genres" : [ ]
  }, {
    "id" : 277372,
    "title" : "A Grande Noitada",
    "overview" : "",
    "genres" : [ ]
  }, {
    "id" : 277377,
    "title" : "Necromaniac: Scizophreniac 2",
    "overview" : "Deranged and drug-addled misogynistic lunatic Harry Russo suffers from painful flashbacks concerning the abuse he suffered from his parents as a kid. Accompanied by his ventriloquist dummy pal Rubberneck, Russo embarks on a brutal psychotic spree in Las Vegas in which he rapes and murders old ladies, lesbian hitchhikers, and sleazy two-bit whores. Meanwhile, two scummy cops try to nab Russo.",
    "genres" : [ {
      "id" : 27,
      "name" : "Horror"
    } ]
  }, {
    "id" : 277382,
    "title" : "Agreste",
    "overview" : "",
    "genres" : [ ]
  }, {
    "id" : 277387,
    "title" : "Just a Little Chemistry",
    "overview" : "Fan girl finds herself torn between the attraction for her film idol and her best male friend.",
    "genres" : [ {
      "id" : 10749,
      "name" : "Romance"
    }, {
      "id" : 35,
      "name" : "Comedy"
    } ]
  }, {
    "id" : 277392,
    "title" : "Firebird: Daybreak Chapter",
    "overview" : "This extraordinarily complex film is not only a send-up of every samurai film ever made, it is also an extrapolation of the value of life. The Yamatai, represented by Prince Susano-O and elderly advisor Sumuke, hire Yumihiko of Matsuro to hunt the phoenix so that Queen Himiko, sister of Susano-O can have eteranal life.",
    "genres" : [ {
      "id" : 12,
      "name" : "Adventure"
    }, {
      "id" : 16,
      "name" : "Animation"
    }, {
      "id" : 28,
      "name" : "Action"
    } ]
  }, {
    "id" : 277397,
    "title" : "Urban Games",
    "overview" : "Web loses his brother in an extreme sports accident. When he learns it may have been murder he searches, from America to his ancestral home in China, pursuing answers and vengeance.",
    "genres" : [ {
      "id" : 28,
      "name" : "Action"
    } ]
  }, {
    "id" : 277407,
    "title" : "Another Road Home",
    "overview" : "After the Six-Day War in 1967, Danae Elon’s parents, noted Israeli author Amos Elon, and former correspondent and literary agent Beth Elon, hired a Palestinian man named Musa, the father of eleven children, to take care of their six month old daughter on a daily basis. It was a job he would continue for the next twenty years until she was grown and he was able to save enough money to send all eight of his sons to America for education and career opportunities. The last time Danae saw Musa, in 1991, he proudly showed her the house he constructed in the Palestinian village of Battir. Then, against the mounting tensions of the Israeli occupation and the Palestinian Intifada, the two families lost track of each other. During that time Danae began to realize how much of an influence Musa had on her life and sought to reconnect with him. Her quest led her from her home in New York to Paterson, New Jersey, then to Battir in the occupied territories, and back to her birthplace in Jerusalem.",
    "genres" : [ ]
  }, {
    "id" : 277417,
    "title" : "The Adventures of Elias Mabrouk",
    "overview" : "A silent amateur comedy about a Lebanese immigrant who returns home after trying his luck in the United States of America.",
    "genres" : [ {
      "id" : 18,
      "name" : "Drama"
    }, {
      "id" : 35,
      "name" : "Comedy"
    } ]
  }, {
    "id" : 277422,
    "title" : "Altered Courses",
    "overview" : "In the year 2042, an aging couple (Aaron Bienvenu and Melissa Lynn) reflects on the events that led up to the economic and societal collapse of the world they once knew. Jerry Dalton writes and directs this independent drama about human nature, actions and consequences, a story told partially in flashback.",
    "genres" : [ ]
  }, {
    "id" : 277427,
    "title" : "Behind the Da Vinci Code",
    "overview" : "Before The Da Vinci Code, there was Henry Lincoln's Holy Blood, Holy Grail, in which the author documents his search for clues about the Holy Grail. This program examines the evidence Lincoln presents and its connections with the Knights Templar. Critics recount the controversy over the holy lineage and bring new insights to both popular and marginal theories. Lincoln's quest continues to stir imaginations and inspire the most ardent skeptics.",
    "genres" : [ ]
  }, {
    "id" : 277432,
    "title" : "Happy New Year",
    "overview" : "Six would-be thieves enter a prestigious dance competition as a cover for their larger goal of pulling off a major heist",
    "genres" : [ {
      "id" : 28,
      "name" : "Action"
    }, {
      "id" : 35,
      "name" : "Comedy"
    }, {
      "id" : 80,
      "name" : "Crime"
    } ]
  }, {
    "id" : 277437,
    "title" : "...And the Moon Dances",
    "overview" : "A story about a court musician student man named Ilalang who is faced by his trauma while studying court music.",
    "genres" : [ ]
  }, {
    "id" : 277442,
    "title" : "La Brecha",
    "overview" : "While traveling through a remote Mexican village, two couples find themselves stranded on the side of the road. There, they find a broken clock with a peculiar quality: it predicts the time that people will die. Together, the foursome watches the clock in horror as they contemplate their own mortality in this spine-tingling thriller titled The Devil's Clock in English. Ana Cepinska and Victor Hernandez star.",
    "genres" : [ ]
  }, {
    "id" : 277452,
    "title" : "Die Rothschilds",
    "overview" : "Anti-semitic Nazi propaganda \"biography\" of the Rothschilds, a German Jewish family whose members rose to the top of the European banking community during the Napoleonic era.",
    "genres" : [ {
      "id" : 18,
      "name" : "Drama"
    } ]
  }, {
    "id" : 277457,
    "title" : "WWE: Hardy Boyz: Leap of Faith",
    "overview" : "Hard-hitting, high fliers of the WWE, The the Hardy Boyz have changed the face of sports entertainment with their superior athleticism and awesome aerial assault. Bursting onto the scene in 1999, real-life brothers Matt and Jeff have captured the imaginations of wrestling fans around the globe. Featuring six complete matches, this documentary profile showcases the \"Boyz\" at the top of their game, sacrificing their bodies, and pushing the sport to the extreme.",
    "genres" : [ ]
  }, {
    "id" : 277462,
    "title" : "The Sinister Saga of Making The Stunt Man",
    "overview" : "In 1980, The Stunt Man, starring Peter O'Toole and Steve Railsback, became one of the most acclaimed motion pictures of the decade -- an odd mixture of black humor and riveting suspense. But the strange history of the film's embattled development, production and distribution has never been fully revealed ... until now.",
    "genres" : [ {
      "id" : 99,
      "name" : "Documentary"
    } ]
  }, {
    "id" : 277467,
    "title" : "Wingsuit Warrior",
    "overview" : "Base jumper Jeb Corliss sustained grave injuries on a crash in South Africa. Through rehab, Jeb relearns the sport to tackle mountains in Europe.",
    "genres" : [ {
      "id" : 99,
      "name" : "Documentary"
    } ]
  }, {
    "id" : 277472,
    "title" : "I Have Tourette's But Tourette's Doesn't Have Me",
    "overview" : "This insightful Home Box Office documentary profiles some American children afflicted with Tourette's syndrome -- a hereditary neurological disorder manifested by recurrent, involuntary vocal and motor tics. More than a dozen youngsters ranging from ages 6 to 13 discuss the stigma of Tourette's, what it's like to grow up with the condition, control measures and the challenges they face to be viewed as normal.",
    "genres" : [ ]
  }, {
    "id" : 277477,
    "title" : "We Are Monster",
    "overview" : "On 8th February 2000 at Feltham Young Offenders Institute, Robert Stewart, a known violent racist was placed in a cell with Zahid Mubarek, eventually leading to Mubarek's murder 6 weeks later.",
    "genres" : [ {
      "id" : 18,
      "name" : "Drama"
    }, {
      "id" : 53,
      "name" : "Thriller"
    } ]
  }, {
    "id" : 277482,
    "title" : "Bilanggong Birhen",
    "overview" : "This unforgettable Filipino drama stars Amalia Fuentes as a woman suffering under the viciousness of the worst kind of enemy imaginable: her family. Will her determined efforts to break free of their clutches succeed and allow her to find her rightful place in the world? Romeo Vasquez, Rod Navarro, Etang Discher and Lito Legaspi are among the film's supporting cast.",
    "genres" : [ ]
  }, {
    "id" : 277487,
    "title" : "Royal Visit of the Duke and Duchess of Cornwall and York to New Zealand",
    "overview" : "The Duke and Duchess of Cornwall and York travelled to New Zealand in 1901 to thank New Zealanders for their contribution to the Boer War.  Only a short fragment remains of a much longer film.",
    "genres" : [ ]
  }, {
    "id" : 277492,
    "title" : "Keep the Faith, Baby",
    "overview" : "Harry J. Lennix stars as trailblazing and controversial African-American congressman and Civil Rights activist Adam Clayton Powell Jr., who started out as a preacher in Harlem and then went on to deal with such issues as the integration of schools in the 1940s and '50s. Vanessa Williams portrays his second wife, jazz singer Hazel Scott.",
    "genres" : [ ]
  }, {
    "id" : 277497,
    "title" : "Love Bug",
    "overview" : "Nine-year old Turtle Thompson thinks his bug loving best friend Maddy is the coolest girl in the whole wide world. If only he had the guts to ask her to the Spring Fling Dance.",
    "genres" : [ ]
  }, {
    "id" : 277507,
    "title" : "M-X-S - Movie Night Of Extreme Sports",
    "overview" : "",
    "genres" : [ {
      "id" : 28,
      "name" : "Action"
    }, {
      "id" : 12,
      "name" : "Adventure"
    } ]
  }, {
    "id" : 277517,
    "title" : "Bloodbath at Pinky High Part 2",
    "overview" : "HijiriJunon'na school, there is a woman that school delinquents proud of the national minimum deviation gather. for school management had led a powerful pipe and underworld, police do not move me at all to any disaster in the school. Moreover, the Gyujiri the school in the name of the student council, and waged torture, gang rape, prostitution, a Seizetsu Lynch, poor group of bills with calling himself \"Oniyakko-kai\" is, can be a risk factor for on-campus I was raised to one and all the victimization Sukeban us.",
    "genres" : [ {
      "id" : 53,
      "name" : "Thriller"
    }, {
      "id" : 28,
      "name" : "Action"
    } ]
  }, {
    "id" : 277522,
    "title" : "A Picture of You",
    "overview" : "Kyle and Jen, estranged siblings, travel from New York City to rural Pennsylvania to pack up the home of their recently deceased mother. While there, they make a discovery that turns their world upside-down.  A Picture of You is a serious movie about life that gets sideswiped in the supermarket parking lot by a funny movie about death. It’s a story about family, loss, secrets, letting go, and starting anew.",
    "genres" : [ {
      "id" : 18,
      "name" : "Drama"
    } ]
  }, {
    "id" : 277527,
    "title" : "Kein Geist für alle Fälle",
    "overview" : "",
    "genres" : [ {
      "id" : 14,
      "name" : "Fantasy"
    }, {
      "id" : 10749,
      "name" : "Romance"
    } ]
  }, {
    "id" : 277532,
    "title" : "CBC THE PASSIONATE EYE FOR RIO",
    "overview" : "Battle for Rio takes you on a pre-World Cup tour of Rio de Janeiro, Brazil and looks at what Rio is doing to clean-up its violent slums prior to hosting the world's biggest football match.",
    "genres" : [ ]
  }, {
    "id" : 277542,
    "title" : "Perfect Lover",
    "overview" : "In a futuristic world where women run the show, a shy plastics' designer buys a female robot, so he gains confidence and becomes a lady's man, but he falls for plastic woman.",
    "genres" : [ {
      "id" : 878,
      "name" : "Science Fiction"
    }, {
      "id" : 35,
      "name" : "Comedy"
    } ]
  }, {
    "id" : 277547,
    "title" : "Playing It Cool",
    "overview" : "The story of a young man disillusioned by love who meets a breathtaking young woman at a charity dinner by pretending to be a philanthropist. Turns out that she’s engaged to a guy who doesn’t like her going on dates. Challenged by the chase, and egged on by his eclectic friends, he feigns a platonic relationship in order to keep seeing her as he tries to conquer her heart",
    "genres" : [ {
      "id" : 35,
      "name" : "Comedy"
    }, {
      "id" : 10749,
      "name" : "Romance"
    } ]
  }, {
    "id" : 277552,
    "title" : "Murder in Miami",
    "overview" : "When several beautiful models end up dead at the hands of a serial killer, a successful fashion photographer finds himself in a race to clear his name -- and save his life -- after he becomes the prime suspect.",
    "genres" : [ ]
  }, {
    "id" : 277557,
    "title" : "Cardboard",
    "overview" : "You see them everyday on street corners and off-ramps. People holding cardboard signs asking for spare change. Most of the time we look away, staring intently at the red light waiting for it to change. Other times we say 'sorry' and keep walking. Whether you give them money or not, have you ever stopped to ask their story? Cardboard is a documentary about the world of panhandling in Seattle. It tells the stories of those on the streets as well as the truth about scam artists. We often wonder about the story behind the sign. This is that story.",
    "genres" : [ {
      "id" : 99,
      "name" : "Documentary"
    } ]
  }, {
    "id" : 277567,
    "title" : "Threshold",
    "overview" : "Threshold narrates a story of love and mystery which takes place in an old house inhabited by the young Maria, whose fame as a saint extends well beyond the mountains of the interior of Brazil. The arrival of two new characters has a disturbing affect on Maria: a traveler, for whom \"Holy Maria\" develops an intense passion, and Aunt Emiliana, an elderly lady determined to prepare for the great miracle.",
    "genres" : [ ]
  }, {
    "id" : 277572,
    "title" : "Wild Men of the Kalahari",
    "overview" : "An introduction regarding the history of man in Africa precedes the beginning of Dr. Cadle's Denver African Expedition at Cape Town, South Africa. There are visits to Zulu warriors, Bushmen, diamond mines, coconut groves, and Victoria Falls.",
    "genres" : [ ]
  }, {
    "id" : 277577,
    "title" : "The Gristle",
    "overview" : "Multiculturalism reaches the depths of the criminal underworld as eight diverse con men must learn to work together to pull off a heist that's anything but ordinary. The target of this melting pot of thieves is a kidney inside a patient who's inside a hospital. This darkly comic caper stars Orson Bean and Michael Dorn.",
    "genres" : [ ]
  }, {
    "id" : 277582,
    "title" : "Monk With a Camera",
    "overview" : "Nicholas Vreeland walked away from a worldly life of privilege to become a Tibetan Buddhist monk. Grandson of legendary Vogue editor, Diana Vreeland, and trained by Irving Penn to become a photographer, Nicholas' life changed drastically upon meeting a Tibetan master, one of the teachers of the Dalai Lama. Soon thereafter, he gave up his glamorous life to live in a monastery in India, where he studied Buddhism for fourteen years. In an ironic twist of fate, Nicholas went back to photography to help his fellow monks rebuild their monastery. Recently, the Dalai Lama appointed Nicholas as Abbot of the monastery, making him the first Westerner in Tibetan Buddhist history, to attain such a highly regarded position.",
    "genres" : [ {
      "id" : 99,
      "name" : "Documentary"
    } ]
  }, {
    "id" : 277592,
    "title" : "UFO Fever",
    "overview" : "Leaving their New Jersey home to capture the existence of space aliens on camera -- and to collect a $1 million prize -- the Ganes clan vanishes and is never heard from again. Shot in the vein of The Blair Witch Project with an improvised script and a premise that the movie is compiled from \"recovered\" footage filmed by the Ganes family, this 2003 comedy lampoons two of America's favorite obsessions: money and UFOs.",
    "genres" : [ ]
  }, {
    "id" : 277597,
    "title" : "Mercenaries",
    "overview" : "A diplomatic official is captured and imprisoned while touring a war zone, so a team of elite female commandos is assembled to infiltrate a women's prison for a daring rescue.",
    "genres" : [ {
      "id" : 28,
      "name" : "Action"
    } ]
  }, {
    "id" : 277602,
    "title" : "Flower Battle",
    "overview" : "Inoue Mao plays the role of Mineko, a young maiko (apprentice geisha) in the Gion district of Kyoto.",
    "genres" : [ {
      "id" : 18,
      "name" : "Drama"
    }, {
      "id" : 36,
      "name" : "History"
    }, {
      "id" : 10770,
      "name" : "TV Movie"
    } ]
  }, {
    "id" : 277607,
    "title" : "Lucky Dog",
    "overview" : "\"Lucky Dog\" follows the story of one lonely puppy searching for a family of his own. As chance may have it, he is adopted by a picky, wealthy woman who desperately wants to win a prestigious dog show. However, when the dog is puppy-napped for a hefty sum, she realizes that her beloved pet means much more to her than winning a silly show.",
    "genres" : [ ]
  }, {
    "id" : 277612,
    "title" : "Der Herr Kanzleirat",
    "overview" : "",
    "genres" : [ {
      "id" : 35,
      "name" : "Comedy"
    } ]
  }, {
    "id" : 277617,
    "title" : "Koma",
    "overview" : "In the film Koma, Kawase explores the relationship between fragile and often tense history between Korea and Japan through the relationship that develops between a third generation Korean-Japanese man, who unexpectedly visits the small and quiet village of Koma, and a Japanese woman, a somewhat mysterious inhabitant of the village.",
    "genres" : [ ]
  }, {
    "id" : 277622,
    "title" : "The 27 Club",
    "overview" : "Twenty-seven is more than just a number. It is a lifetime.",
    "genres" : [ ]
  }, {
    "id" : 277627,
    "title" : "Assisted Fishing",
    "overview" : "A lifelong loser dreams of finding fame and fortune by beating his arch-rival in a big fishing tournament, but in order to win he will need the help of some unlikely heroes - A group of eccentric senior citizens who live in an abusive nursing home.",
    "genres" : [ ]
  }, {
    "id" : 277632,
    "title" : "Beautiful Islands",
    "overview" : "This movie (Executive Producer - KORE-EDA Hirokaz) looks at three beautiful islands, shaken by climate change: Tuvalu in the South Pacific, Venice in Italy, and Shishmaref in Alaska. The islands all have different climates and cultures, but the people all love their native lands. The film, which took three years to shoot, focuses on their daily lives. It portrays festivals that foster ties among the people, traditional crafts which have been passed on for generations, and peaceful lives by the water. They are all disappearing by climate change. When these people lose their homelands, their cultures and histories face death. Their lives in the midst of all the changes suggest where our future leads.",
    "genres" : [ ]
  }, {
    "id" : 277637,
    "title" : "Soif",
    "overview" : "A woman plays out her existence on the screen of her life. Alcohol is the essence of her being. She imbibes her youth and becomes completely absorbed by the desire to satisfy her thirst. Moving from parties to binge drinking, pleasure to distress, joy to delirium, she lets herself be lulled by the undulating waves of bottles. She floats in the intoxicating liquid, sees her childhood re-emerge, and feels as if she is a tiny fish lost in an ocean of madness. Her craving for alcohol engenders a burning passion. Drinking becomes a fatal embrace... On the verge of drowning in the torrent of this insane obsession, will she find the strength to rise to the surface?",
    "genres" : [ {
      "id" : 16,
      "name" : "Animation"
    } ]
  }, {
    "id" : 277642,
    "title" : "Formidable Force",
    "overview" : "A prominent man running for public office is also the brain behind an international ammunition smuggling ring. He murders his partner in crime to cover his tracks but unknown to him someone has all the evidence needed to bring him to justice. [parts 1-2]",
    "genres" : [ ]
  }, {
    "id" : 277647,
    "title" : "Cross",
    "overview" : "First a boy is forced to run. Then he runs on his own. Then he watches another one run.",
    "genres" : [ {
      "id" : 28,
      "name" : "Action"
    }, {
      "id" : 12,
      "name" : "Adventure"
    }, {
      "id" : 14,
      "name" : "Fantasy"
    }, {
      "id" : 878,
      "name" : "Science Fiction"
    } ]
  }, {
    "id" : 277652,
    "title" : "Far From Home",
    "overview" : "Upon the death of his estranged uncle, an embittered writer returns to his home town.",
    "genres" : [ {
      "id" : 18,
      "name" : "Drama"
    } ]
  }, {
    "id" : 277657,
    "title" : "La pioggia che non cade",
    "overview" : "",
    "genres" : [ {
      "id" : 35,
      "name" : "Comedy"
    } ]
  }, {
    "id" : 277662,
    "title" : "Nightingale",
    "overview" : "A lonely war veteran psychologically unravels ahead of an old friend's impending visit.",
    "genres" : [ {
      "id" : 18,
      "name" : "Drama"
    } ]
  }, {
    "id" : 277667,
    "title" : "Deep Sea Doodle",
    "overview" : "Heckle and Jeckle run a dilapidated old scow that they pass off a sport fishing boat to unsuspecting Dimwit. When things start falling apart, The dopey dog chases the merry birds around the tub until it sinks.",
    "genres" : [ ]
  }, {
    "id" : 277672,
    "title" : "The Four Monks",
    "overview" : "Four petty criminals pretend to be friars escaped from communist Hungary and go and live in a Sicilian convent",
    "genres" : [ ]
  }, {
    "id" : 277677,
    "title" : "Uncle Yanco",
    "overview" : "While in San Francisco for the promotion of her last film in October 1967, Agnès Varda, tipped by her friend Tom Luddy, gets to know a relative she had never heard of before, Jean Varda, nicknamed \"Yanco\". This hitherto unknown uncle lives on a boat in Sausalito, is a painter, has adopted a hippie lifestyle and loves life. The meeting is a very happy one.",
    "genres" : [ ]
  }, {
    "id" : 277682,
    "title" : "Anastasia",
    "overview" : "They only wanted to challenge the unjust government. But once they did...they had no way back. When Baltic states regain their independence from the Soviet Union, thousands of Russians living outside Russia find themselves cut off from their native land. Some of them return to Russia, others become naturalized citizens and go on with their lives in the new country. However, two Russian brothers, Kostya and Yura, are among those who do not want to return to Russia, nor to live under the new government. When brothers find out that they must leave the country or will be deported, they decide to challenge the government that they believe has violated their rights. The brothers capture a minivan full of passengers and demand a ransom of a million dollars as a compensation for the injustice inflicted upon them. According to their plan, none of the hostages will be hurt, however, as the brothers capture the minivan, the first blood spilled.",
    "genres" : [ ]
  }, {
    "id" : 277687,
    "title" : "The Midnight Swim",
    "overview" : "Spirit Lake is unusually deep. No diver has ever managed to find the bottom. When Dr. Amelia Brooks disappears during a deep-water dive, her three daughters travel home. They find themselves unable to let go and become drawn into the mysteries of the lake.",
    "genres" : [ {
      "id" : 9648,
      "name" : "Mystery"
    }, {
      "id" : 18,
      "name" : "Drama"
    } ]
  }, {
    "id" : 277692,
    "title" : "02:00 A.M.",
    "overview" : "The sequel to \"1:00 A.M,\" bringing you another three ghostly stories. First, see what happens when a costumer uses the mask of a dead actress to design a new wig. Second, witness three actresses' curiosity-gone-bad when they discover that their agent is messing around with the spirit of a deceased woman. And third, watch a commercial film-shoot cut short when the filmmakers are haunted by the apparition of a young boy.",
    "genres" : [ ]
  }, {
    "id" : 277697,
    "title" : "Rebellion of Thought",
    "overview" : "Conflicting with the traditional role of the church, post-modernist thought has released the individual from obedience and unconditional fealty to objects of authority and convention. This program tackles questions that arise from this configuration. How do believers reinvent their faith to remain relevant and compelling? The filmmakers' poignant inquiry turns to experts in philosophy and theology to contextualize faith in a post-modern world.",
    "genres" : [ ]
  }, {
    "id" : 277702,
    "title" : "Supremacy",
    "overview" : "The story centers on paroled white supremacist who has just killed a cop, and takes a black family hostage. Within hours of being released from 14 years of solitary confinement in maximum-security Pelican Bay State Prison, Garrett Tully is on the run again. When he finds a house off a dirt road and takes a family hostage, he thinks the Aryan Brotherhood has his back–and his kidnap victims are black. The family’s patriarch, Mr. Walker, is a jaded ex-con who hates cops so much he disavowed his own son for becoming one. Seeing a familiar desperation in Tully, Walker refuses to call the authorities for help, causing familial tensions to escalate, and soon grave missteps are made.",
    "genres" : [ {
      "id" : 80,
      "name" : "Crime"
    }, {
      "id" : 18,
      "name" : "Drama"
    } ]
  }, {
    "id" : 277707,
    "title" : "Kelek",
    "overview" : "\"KELEK belongs to the 'structural' or 'minimal' cinema movement in that its content is subordinated to the viewer's perception and has no intrinsic significance. Unlike most examples of this genre, though, KELEK is never boring and is brought to a new awareness of the process of perception. The five basic shots of the film have to be filled by the viewer's own consciousness and there is absolutely no opportunity given for any spurious identification.\" Werner Nekes",
    "genres" : [ ]
  }, {
    "id" : 277712,
    "title" : "Two Women",
    "overview" : "A headstrong young woman is married to land baron. Her feelings for her son's tutor becomes a complex web of unrequited love.",
    "genres" : [ {
      "id" : 10749,
      "name" : "Romance"
    }, {
      "id" : 18,
      "name" : "Drama"
    } ]
  }, {
    "id" : 277717,
    "title" : "Afraid of Everything",
    "overview" : "Nathalie Richard stars as Anne, a New Yorker who lives with her uptight husband (Aukin) in total denial of the ways a serious accident has changed her life. When Anne's impulsive half-sister Iris (Adler) shows up for an extended visit, new desires, and fresh rivalries transform the characters in unexpected ways.",
    "genres" : [ {
      "id" : 18,
      "name" : "Drama"
    } ]
  }, {
    "id" : 277722,
    "title" : "Bandido",
    "overview" : "When legendary thief Max Cruz is framed by the CIA, he has no choice but to help them with a top-secret mission in the Yucatan.",
    "genres" : [ ]
  }, {
    "id" : 277727,
    "title" : "Icons of Power: Napoleon's Final Battle",
    "overview" : "Documentary - This historical documentary from National Geographic recounts the final defeat of one of history's most compelling leaders. Napoleon Bonaparte's phenomenal rise to power came to an end by 1814, when an alliance of enemies triumphed over his forces and banished him to the island of Elba. But the French ruler refused to give up on his dream of world conquest, and he proceeded to organize an epic, history-defining battle from his island prison. -  Vasile Muraru, Philippe Nevo, Dorin Andone",
    "genres" : [ {
      "id" : 10770,
      "name" : "TV Movie"
    }, {
      "id" : 99,
      "name" : "Documentary"
    } ]
  }, {
    "id" : 277732,
    "title" : "Daryl Hall & John Oates ‎– Live At The Troubadour",
    "overview" : "Thirty-five years since they last performed there, Daryl Hall and John Oates returned to the Troubadour in May of 2008 to find the venerable Los Angeles club nearly unchanged. The same can't be said, however, for the best-selling duo in rock history, who were merely an opening act on their previous visit. During their two sold-out performances, Hall and Oates delighted fans with a seemingly endless barrage of unforgettable hits, all of which are included on this two-hour concert DVD.",
    "genres" : [ {
      "id" : 10402,
      "name" : "Music"
    } ]
  }, {
    "id" : 277737,
    "title" : "Smosh's If It Were Real Saga",
    "overview" : "SMOSH'S IF IT WERE REAL SAGA follows Ian and Anthony (SMOSH) as they try to make it to a clip show of their classic \"If_Were Real\" videos.",
    "genres" : [ {
      "id" : 35,
      "name" : "Comedy"
    } ]
  }, {
    "id" : 277742,
    "title" : "The Lone Rider Rides On",
    "overview" : "Tom Cameron (George Houston) is searching for the outlaws who ambushed a wagon train, murdered his parents and stole the deed to their land. Though he was only a child at the time, he vividly remembers the scar on the ringleader's face -- and Tom will stop at nothing until he brings him to justice … and exacts vengeance. Al St. John, Hillary Brooke and Karl Hackett costar in this 1941 oater from director Sam Newfield. -  George Houston, Hillary Brooke, Al St. John",
    "genres" : [ {
      "id" : 37,
      "name" : "Western"
    } ]
  }, {
    "id" : 277747,
    "title" : "Special Thanks To Roy London",
    "overview" : "Roy London, an acting coach, coached and influenced the acting careers of hundreds of A-list actors. In interviews with more than 50 actors - including Patricia Arquette, Hank Azaria, Drew Carey, Geena Davis, Jeff Goldblum, Famke Janssen, Gary Shandling, Sharon Stone, Patrick Swayze and Forest Whitaker - this documentary reveals the lessons and inspiration that Roy London provided to a spectacular community of actors.",
    "genres" : [ ]
  }, {
    "id" : 277752,
    "title" : "T9X: The Tech N9ne Experience",
    "overview" : "Documentary - Get to know hip-hop artist Tech N9ne through a comprehensive look at his life and career that includes rare interviews with his friends and family members. Ride along with Tech himself as he heads back to his old stomping grounds and recalls the highs and lows of his life in music. Also included is footage of Tech with artists such as Roger Troutman, Yukmouth, Jayo Felony, Chino XL, QD3 and many others. -  Jayo Felony, Tech N9ne, Chino XL",
    "genres" : [ ]
  }, {
    "id" : 277757,
    "title" : "Dance of My Heart",
    "overview" : "Dance of My Heart is a choreography of the choreographer - a story of passion and longevity in the life of the great artist Alberto Alonso, co-creator of the Cuban classical ballet style and the choreographer of Carmen Suite. It is also a story that celebrates love, and at its core, the relationship of Alberto Alonso and Sonia Calero, together for 50 years as lovers and artists, that created a powerful body of work.",
    "genres" : [ ]
  }, {
    "id" : 277762,
    "title" : "Castles and Cottages",
    "overview" : "Lifelong hard work for the count makes the servant Anton a cripple. Everybody calls him Crooked Anton. When, after the end of the war, the land of the count gets divided amongst the farmers, Anton receives a piece and hopes to be able to work freely. But an old debt and intrigue keep Anton and his family from finding peace. The farmers of the village begin to discover their own power when Annegret, Anton's daughter, leaves. Is a new beginning possible for Anton? This film paints an impressive panorama of the development of a minor village in Mecklenburg from the end of the war to the uprising of 17 June 1953.",
    "genres" : [ {
      "id" : 18,
      "name" : "Drama"
    } ]
  }, {
    "id" : 277767,
    "title" : "Ete und Ali",
    "overview" : "Ete and Ali are discharged from the army. Since Ete knows that his wife is having an affair, he doesn't want to go home. Ali tries to persuade his friend to stand up for himself and to kick the other man out. But since Ete obviously lacks courage, Ali himself goes into action and gets rid of the rival lover. At first, Mary and Ete seem to reconcile, but repairing their marriage won't work.",
    "genres" : [ {
      "id" : 18,
      "name" : "Drama"
    }, {
      "id" : 35,
      "name" : "Comedy"
    } ]
  }, {
    "id" : 277772,
    "title" : "Poison: Stand on the Road",
    "overview" : "This documentary has 2 interviews: one with Bret Michaels during the 'Flesh and Blood' world tour in 1991 and the other with C.C. Deville in 2000 at the time of his solo album release 'Samantha 7', right before his return to Poison for 'The Power To The People' album. And some music videos: Every Rose Has It's Thorn, Unskinny Bop, I Won't Forget You, Stand and Your Mama Don't Dance.",
    "genres" : [ ]
  }, {
    "id" : 277777,
    "title" : "Xime",
    "overview" : "The film tells the tale of Iala, whose authority over his two sons, Raul and Bedan, is shaken. Raul has left to study in a seminary in the big city, where unknown to anyone, he has joined the liberation movement. Meanwhile, younger son, Bedan is rebelling against every possible tradition, even eyeing his father's young bride-to-be.",
    "genres" : [ {
      "id" : 18,
      "name" : "Drama"
    } ]
  }, {
    "id" : 277782,
    "title" : "You Make Me Feel So Young",
    "overview" : "Justine, a recent college graduate turned retail employee, lives and works in a nameless city. The film begins when her boyfriend, Zach, leaves to interview for a position at a recently renovated art house movie theater in a small town. He lands the job and together they relocate to an air mattress in his new boss' garage. Dropped suddenly into an unfamiliar place and stripped of all routine and distraction, Justine is left to sit quietly by and observe the early signs of her own deteriorating relationship. You Make Me Feel So Young is a carefully selected collection of moments from the life of a young woman in transition, and a meditation on the subtly complex questions one often faces in such situations.",
    "genres" : [ ]
  }, {
    "id" : 277787,
    "title" : "Between The Navel And Knees",
    "overview" : "Best friends Jang-won and Choi Min and his wife Eun-hye make a bet to overcome their boring lives. They risk their lives to go after the married woman who is well known for her chasity. However, the bet goes the wrong way and they learn what real love is...",
    "genres" : [ {
      "id" : 10749,
      "name" : "Romance"
    }, {
      "id" : 18,
      "name" : "Drama"
    } ]
  }, {
    "id" : 277797,
    "title" : "India's Wild Beauty",
    "overview" : "India - unique in its diversity and breathtakingly beautiful. The subcontinent is characterized by scenic, cultural and ethnic diversity. After China, India is the second most populous country in the world. Despite growing space needs, there are efforts to preserve the wilderness through nature reserves and protected areas. So India still provides habitat for rare species such as the Bengal tiger or the Indian elephant. The 5-part series \"India's wild beauty\" leads to the most spectacular and beautiful regions and their inhabitants.  The complete series in five parts:  1 The Thar Desert  2 In the jungle, the Ghats  3 Life on the holy river  4 The Himalayas  5 In the land of Naga",
    "genres" : [ {
      "id" : 99,
      "name" : "Documentary"
    } ]
  }, {
    "id" : 277802,
    "title" : "One Way Street: Fragments for Walter Benjamin",
    "overview" : "Walter Benjamin is one of the most influential thinkers of the 20th century, yet his work is relatively unknown to many. One Way Street is both an exposition of Benjamin’s ideas and a search for Benjamin the man in locations as diverse as the academics of Moscow, the bookstores of New York, Parisienne arcades and the cemetery in a Spanish costal village that has become a place of pilgrimage for Benjamin devotees.",
    "genres" : [ {
      "id" : 99,
      "name" : "Documentary"
    } ]
  }, {
    "id" : 277807,
    "title" : "Wonderful Babies",
    "overview" : "A Nigerian LOOK WHO'S TALKING about a non-incestuous brother and sister who are somehow cursed with raising twin babies that piss and shit in several unwelcome locations. [parts 1-2]",
    "genres" : [ ]
  }, {
    "id" : 277812,
    "title" : "The Impeccables",
    "overview" : "Two sisters in their early thirties find themselves isolated in the Aegean summer cottage of their childhood, as they must deal with their uneasy sibling relationship and confront their devastating recent past past.",
    "genres" : [ ]
  }, {
    "id" : 277817,
    "title" : "In the footsteps of Babur Musical encounters from the Lands of the Mughals",
    "overview" : "",
    "genres" : [ {
      "id" : 99,
      "name" : "Documentary"
    }, {
      "id" : 10402,
      "name" : "Music"
    } ]
  }, {
    "id" : 277822,
    "title" : "Mona kriegt ein Baby",
    "overview" : "The 14-years old Mona becomes pregnant. Problems in the family are the result.",
    "genres" : [ {
      "id" : 18,
      "name" : "Drama"
    } ]
  }, {
    "id" : 277827,
    "title" : "Nerariyan CBI",
    "overview" : "Nerariyan CBI is a murder mystery. Sethurama Iyer (Mammootty) who investigates the death of a young girl, Mythili (Samvrutha), at her friend's 'tharavad', where she had come for a short holiday, around four years back.The plot is filled with suspects all round.",
    "genres" : [ {
      "id" : 53,
      "name" : "Thriller"
    } ]
  }, {
    "id" : 277832,
    "title" : "De Successen van Dorus",
    "overview" : "",
    "genres" : [ ]
  }, {
    "id" : 277837,
    "title" : "How To Steal A Wife",
    "overview" : "How to steal a wife – an upbeat holiday comedy with characters trying to figure out if love is really stronger than money. Can you imagine what would happen if we locked a woman in a small apartment with her husband and her ex? And what if the latter was also accused of stealing and hiding an insane amount of money? Is the „first cut“ really the deepest, especially when it involves amounts numbering in millions?",
    "genres" : [ {
      "id" : 10749,
      "name" : "Romance"
    }, {
      "id" : 35,
      "name" : "Comedy"
    } ]
  }, {
    "id" : 277842,
    "title" : "Seethakoka Chiluka",
    "overview" : "Ilavattam movie is about love between two people .Srinivas (Navdeep) who belongs to an ordinary middle class family.",
    "genres" : [ {
      "id" : 10749,
      "name" : "Romance"
    } ]
  }, {
    "id" : 277847,
    "title" : "Set Fire to the Stars",
    "overview" : "An aspiring poet in 1950s New York has his ordered world shaken when he embarks on a week-long retreat to save his hell raising hero, Dylan Thomas.",
    "genres" : [ {
      "id" : 18,
      "name" : "Drama"
    } ]
  }, {
    "id" : 277852,
    "title" : "Sutta Pazham",
    "overview" : "What the movie has in store for you, wait and watch this space for more updates.",
    "genres" : [ {
      "id" : 53,
      "name" : "Thriller"
    } ]
  } ]
}