{
  "movies" : [ {
    "id" : 259852,
    "title" : "At the End of the Desert",
    "overview" : "In the sacred desert of Wirikuta, in San Luis Potosi, there are plans to build an open pit mine. Its inhabitants, the Huichol Indians, oppose against plans.",
    "genres" : [ ]
  }, {
    "id" : 259857,
    "title" : "Conversations of a Marriage",
    "overview" : "A portriat of the daily lives of Beatriz and Gilberto, a couple that has been together for over 40 years. A reflection about love and marriage. An intimate glimpse into the lives of two people who struggle to live in harmony.",
    "genres" : [ ]
  }, {
    "id" : 259862,
    "title" : "Deadpan",
    "overview" : "Deadpan is a four-minute installation film in which McQueen re-stages a death-defying Buster Keaton stunt. The side of a house is filmed toppling again and again from all angles onto an unflinching McQueen, who survives thanks to a carefully positioned window.",
    "genres" : [ ]
  }, {
    "id" : 259872,
    "title" : "Skin. Like. Sun.",
    "overview" : "Real-life young couple Wim and Floor spend an afternoon in the sunwashed rooms of a crumbling home in Belgium. In a unique twist, this artistic erotic documentary is edited in nearly real-time. In the slowness, we get the build, the sweetness, and the sexiness. Forget about fingersnapping fast editing. Slow is where it’s at.",
    "genres" : [ {
      "id" : 99,
      "name" : "Documentary"
    } ]
  }, {
    "id" : 259877,
    "title" : "Forgot Something?",
    "overview" : "This film is a vertiginous voyage about the impermanence and evolution of the relative value of things through certain lapses, spaces, ideas, conditions, beings and objects; our attachment to them, to life, their way to the end, to their rebirth, to their transformation.",
    "genres" : [ ]
  }, {
    "id" : 259882,
    "title" : "When the Mountains Tremble",
    "overview" : "A documentary on the war between the Guatemalan military and the Mayan population, with first hand accounts by Nobel Peace Prize winner Rigoberta Menchu.",
    "genres" : [ {
      "id" : 99,
      "name" : "Documentary"
    } ]
  }, {
    "id" : 259887,
    "title" : "Paulo Moura - Alma Brasileira",
    "overview" : "",
    "genres" : [ {
      "id" : 99,
      "name" : "Documentary"
    } ]
  }, {
    "id" : 259897,
    "title" : "The Herd",
    "overview" : "A farmer finds a deer befriending his herd of cattle.",
    "genres" : [ {
      "id" : 99,
      "name" : "Documentary"
    }, {
      "id" : 35,
      "name" : "Comedy"
    } ]
  }, {
    "id" : 259902,
    "title" : "Doni tükör",
    "overview" : "",
    "genres" : [ {
      "id" : 99,
      "name" : "Documentary"
    } ]
  }, {
    "id" : 259907,
    "title" : "God Bless Dancougar",
    "overview" : "After destroying the Zorbados Empire, the Jyusenki-tai/Cyber Beast Force has expanded and are training new recruits. But after failing to stop a monster that seems to be a remnant of the Zorbados Empire from destroying a city, the CBF is thrown in jail. Now the CBF have to escape from jail and find out what was behind the monster they fought.",
    "genres" : [ {
      "id" : 16,
      "name" : "Animation"
    }, {
      "id" : 12,
      "name" : "Adventure"
    }, {
      "id" : 28,
      "name" : "Action"
    } ]
  }, {
    "id" : 259912,
    "title" : "Memed My Hawk",
    "overview" : "In 1920s Turkey, a young peasant is smitten with a beautiful young girl, who has been promised in marriage to the fat, dullard cousin of the province's powerful and corrupt governor. When an assassination attempt is made against the official, the young man flees his village and joins up with a group of outlaws fighting against the wealthy and powerful landowners who control the lives of the locals and make life miserable for them. The outlaws' successes prompt the governor to call in the Turkish army to capture or kill them.",
    "genres" : [ {
      "id" : 18,
      "name" : "Drama"
    } ]
  }, {
    "id" : 259917,
    "title" : "Freud's Naked Truths",
    "overview" : "Lucian Freud, the controversial grandson of Sigmund Freud, has been called one of the greatest painters of the 20th century. His extraordinary portraits - of children, lovers, gangsters, supermodels, even the Queen of England - pushed the boundaries of art and broke world records at auction. They also enraged sitters and ended friendships. The royal photographer for The Times of London was so incensed by Freud's picture of the Queen that he said Freud should be thrown from the Tower of London. Freud, who died last summer, was notoriously elusive. Shortly before his death, however, he gave his full backing to this documentary. The film includes the only known footage of him painting on what turned out to be the last day he ever worked.",
    "genres" : [ ]
  }, {
    "id" : 259922,
    "title" : "Blonde Dolly",
    "overview" : "Prostitute Dolly co-finances the purchase of a Vermeer painting with art expert Eddy Cremer. When they find out the painting is fake, she returns to the red light district, where conditions have worsened over time.",
    "genres" : [ ]
  }, {
    "id" : 259927,
    "title" : "Ljubov iz Probirki",
    "overview" : "Romance, in Russian language",
    "genres" : [ {
      "id" : 10749,
      "name" : "Romance"
    } ]
  }, {
    "id" : 259932,
    "title" : "The Stalking of Laurie Show",
    "overview" : "A teenage girl becomes entangled in a volatile relationship with a pair of high-school lovers.",
    "genres" : [ {
      "id" : 80,
      "name" : "Crime"
    }, {
      "id" : 18,
      "name" : "Drama"
    }, {
      "id" : 10770,
      "name" : "TV Movie"
    } ]
  }, {
    "id" : 259937,
    "title" : "Levin's Mill",
    "overview" : "In a small village in West Prussia in the 1870s, Germans, Poles, Gypsies and Jews live together as neighbors. One night Johann, a German mill-owner, secretly opens the dam gates and floods the mill of his Jewish rival Levin. After his business is ruined and his calls for justice go unanswered, Levin leaves town.",
    "genres" : [ {
      "id" : 18,
      "name" : "Drama"
    } ]
  }, {
    "id" : 259942,
    "title" : "Foute vrienden",
    "overview" : "Documentary about four maffia-like friends based in Amsterdam.",
    "genres" : [ {
      "id" : 99,
      "name" : "Documentary"
    } ]
  }, {
    "id" : 259947,
    "title" : "Hot Blood",
    "overview" : "Chow Yun Fat plays a police inspector named Cheng who is killed in the line of duty while trying to nab a crook. One of his close friends, Chang Lei (Cheung Lui), decides to take back his resignation letter and track down the crook at any cost.",
    "genres" : [ {
      "id" : 80,
      "name" : "Crime"
    } ]
  }, {
    "id" : 259957,
    "title" : "Rotfuchs",
    "overview" : "",
    "genres" : [ ]
  }, {
    "id" : 259967,
    "title" : "Night of the Animals",
    "overview" : "Lee and Harold escape from prison and with accomplice Joan take over the home of Stanley and his family.",
    "genres" : [ ]
  }, {
    "id" : 259972,
    "title" : "Sin and Redemption",
    "overview" : "Taking a short-cut home from work, high-schooler Billie Simms is raped. Not only does the incident cause an unwanted pregnancy that damages her college expectations, but it also outrages her smugly religious father who pressures her to give up the baby.",
    "genres" : [ {
      "id" : 18,
      "name" : "Drama"
    } ]
  }, {
    "id" : 259977,
    "title" : "Vampire Girls",
    "overview" : "Gorgeous vampires are thirsty for blood. Yumi and Seiji are a happy engaged couple and the envy of everyone, but Yumi suddenly disappears one day. A year later, a woman named Nami, looking exactly like Yumi, comes along in front of Seiji who’s frantically looked for her. But adding to the mystery even more is the presence of a strange woman named Luna, who’s always by Nami’s side.",
    "genres" : [ ]
  }, {
    "id" : 259982,
    "title" : "Westminster: Behind Closed Doors with Tony Benn",
    "overview" : "To celebrate the 700th anniversary of Parliment, Tony Benn has been taking his video camera around the Palace of Westminster. He films some of the people who work behind the scenes and visits places the public never see.",
    "genres" : [ ]
  }, {
    "id" : 259987,
    "title" : "Enough!",
    "overview" : "Set amidst the civil war of Algeria in the 1990s, Enough! is the story of two women. Emel is a Westerner whose husband, a journalist, is missing - perhaps kidnapped or even killed for articles he's written.",
    "genres" : [ {
      "id" : 18,
      "name" : "Drama"
    } ]
  }, {
    "id" : 259997,
    "title" : "Such Good People",
    "overview" : "A young couple discovers a secret room filled with cash while house-sitting for rich friends who die while out of the country.",
    "genres" : [ {
      "id" : 35,
      "name" : "Comedy"
    }, {
      "id" : 9648,
      "name" : "Mystery"
    } ]
  }, {
    "id" : 260002,
    "title" : "Caino e Caino",
    "overview" : "",
    "genres" : [ ]
  }, {
    "id" : 260007,
    "title" : "Whirlpool",
    "overview" : "An ex-convict tries to connect with the daughter who doesn't even know he exists.",
    "genres" : [ {
      "id" : 80,
      "name" : "Crime"
    }, {
      "id" : 18,
      "name" : "Drama"
    }, {
      "id" : 10749,
      "name" : "Romance"
    } ]
  }, {
    "id" : 260012,
    "title" : "Man Hunting",
    "overview" : "A young girl is kidnapped by a mysterious figure, and then taken to a cabin in the forest. The kidnapper, his face hidden under a hood, then pushes the girl to escape. He catches up, however, after a few hours fixes her up before letting her escape again.",
    "genres" : [ ]
  }, {
    "id" : 260017,
    "title" : "Siddham",
    "overview" : "Daya (Jagapati Babu) is a sincere cop and an encounter specialist. He handles his job professionally and does not hold anything personal. Salim (Kota Prasad) is his assistant who is greedy about increasing the encounters count so that he could get more publicity from the media. The city commissioner (Kota) is retired and a new commissioner takes the charge. The new commissioner has his own agenda and he discourages Daya from performing his duty in fair manner. The rest of the story is all about how Daya takes law into his hands and cleans up the mafia gang in his own indomitable style.",
    "genres" : [ {
      "id" : 53,
      "name" : "Thriller"
    }, {
      "id" : 28,
      "name" : "Action"
    } ]
  }, {
    "id" : 260027,
    "title" : "Tiko and the Shark",
    "overview" : "A classic story of a boy and his shark.",
    "genres" : [ {
      "id" : 12,
      "name" : "Adventure"
    }, {
      "id" : 18,
      "name" : "Drama"
    }, {
      "id" : 10749,
      "name" : "Romance"
    } ]
  }, {
    "id" : 260032,
    "title" : "Pirate Vacation",
    "overview" : "Story about a family that was set out on a lonely island.",
    "genres" : [ ]
  }, {
    "id" : 260037,
    "title" : "Traffic Jam",
    "overview" : "A hard working salaryman takes off five days from his busy job and sets off with his wife and two children to visit his parents in his hometown for the 1991 new year holidays. He decides that they will go by car to save on expenses. Unfortunately, the long drive from Tokyo to his hometown becomes a much longer journey than expected due to traffic, sickness and other misfortunes and by the time they arrive three days later, they only have time for a short but happy visit.",
    "genres" : [ ]
  }, {
    "id" : 260042,
    "title" : "Bad, Black & Beautiful",
    "overview" : "Blaxsploitation movie from 1973",
    "genres" : [ {
      "id" : 28,
      "name" : "Action"
    } ]
  }, {
    "id" : 260057,
    "title" : "Lialeh",
    "overview" : "The movie is about a girl named Lialeh who wants to make it as a soul singer.",
    "genres" : [ ]
  }, {
    "id" : 260062,
    "title" : "Top Secret",
    "overview" : "A hip American agent and his foxy associate try to recover a hundred pounds of stolen plutonium in Italy before it can be used by terrorists.",
    "genres" : [ ]
  }, {
    "id" : 260067,
    "title" : "La strada verso casa",
    "overview" : "",
    "genres" : [ ]
  }, {
    "id" : 260072,
    "title" : "Short Stack Live at the Sydney Opera House",
    "overview" : "In the pinnacle of their Stack Is The New Black national tour, Short Stack play the Sydney Opera House in a sold out mega-show.",
    "genres" : [ {
      "id" : 99,
      "name" : "Documentary"
    }, {
      "id" : 10402,
      "name" : "Music"
    } ]
  }, {
    "id" : 260077,
    "title" : "Chasse au gros en méditerranée",
    "overview" : "",
    "genres" : [ {
      "id" : 99,
      "name" : "Documentary"
    } ]
  }, {
    "id" : 260097,
    "title" : "As Delícias da Vida",
    "overview" : "",
    "genres" : [ ]
  }, {
    "id" : 260107,
    "title" : "Everywhen",
    "overview" : "A boy must fight his way from an alternate reality, back to his own, to save his suicidal 5-year old brother; when 3 billion people are reported missing.",
    "genres" : [ {
      "id" : 53,
      "name" : "Thriller"
    }, {
      "id" : 878,
      "name" : "Science Fiction"
    } ]
  }, {
    "id" : 260112,
    "title" : "Raya and Sakina",
    "overview" : "Dramatic rendition of a real life crime wave that terrorized the city of Alexandria, Egypt, between the years 1920 and 1922. Women are disappearing without a trace in what looked like the work of a serial killer. Being Egypt's first ever case of serial killings, the police is relentless and assigns the case to their best inspector. He traces the leads to sisters Raya and Sekina, but it becomes a race against time before they kill again.",
    "genres" : [ {
      "id" : 80,
      "name" : "Crime"
    }, {
      "id" : 18,
      "name" : "Drama"
    } ]
  }, {
    "id" : 260117,
    "title" : "The Peacock",
    "overview" : "Hamdy lives with his wife Nadia and her young sister Samiha. He loves his wife’s sister and decide to get rid of his wife by killing her.",
    "genres" : [ {
      "id" : 80,
      "name" : "Crime"
    }, {
      "id" : 53,
      "name" : "Thriller"
    } ]
  }, {
    "id" : 260122,
    "title" : "The Lion of St. Mark",
    "overview" : "In 1620 pirates are terrorizing the Adriatic coast. Our hero sets out to defeat them.",
    "genres" : [ {
      "id" : 12,
      "name" : "Adventure"
    } ]
  }, {
    "id" : 260127,
    "title" : "The King's Pirate",
    "overview" : "Handsome British officer, Lt. Brian Fleming is sent undercover to infiltrate a lively band of pirates.",
    "genres" : [ {
      "id" : 12,
      "name" : "Adventure"
    } ]
  }, {
    "id" : 260132,
    "title" : "Scar Tissue",
    "overview" : "Scar Tissue by Su Friedrich is a filmic version of a white canvas or a silent music piece.The fact that Friedrich never really shows the whole body, but rather plays off of body parts could be read as a desire to show less of the people on the screen, so that the viewer's reading can be generalized. If the \"characters\" existed as people, the images would inevitably read to be telling a story about these people. The legs and torsos do not signify people; it is the experience of these body parts and the rhythm with which they are portrayed that constitute the work.",
    "genres" : [ ]
  }, {
    "id" : 260137,
    "title" : "Lo sparviero dei Caraibi",
    "overview" : "In the mid-1500s, a ship containing Spanish prisoners being sent to a Spanish penal colony in the Caribbean sinks at sea, but some of the prisoners manage to survive and make it to shore at a nearby island. They organize themselves under the leadership of Juan Olivares (dynamically played by charismatic singer-actor Johnny Desmond), manage to take over a ship with some cargo that they barter for supplies, and eventually are asked to fight on behalf of the Spanish crown against the English... or is the request sincere?",
    "genres" : [ {
      "id" : 12,
      "name" : "Adventure"
    } ]
  }, {
    "id" : 260142,
    "title" : "L'uomo mascherato contro i pirati",
    "overview" : "Pirates capture a Spanish ship. After having landed on an island, they try to sell the surviving crew, especially the women. One of them is protected by a pirate who gained her as a prize for having saved the captain's life in the battle that ensued. Suddenly a man masked in green arrives and performs - ever haunting - in favour of the Spanish.",
    "genres" : [ ]
  }, {
    "id" : 260147,
    "title" : "Pirate Scurvy Dog's Pieces of Eight",
    "overview" : "Captain Scurvy F. Dog, Proprietor of the Caribbean Pub, Entertains his Patrons with Tales of his Privateerin' Adventures. Flashbacks of the Captain's 8 Voyages include Encounters with King Neptune, a Mermaid, WitchDoctor, Island Girls &amp; a Sea Witch to name a few... With Dangerous, Sexy, Gross &amp; Often Hilarious Results! Set Sail in a Tall Ship Headed for Disaster on the High Seas! Witness SwordFightin', Cannibalism &amp; Wet Wenches! Sing Along to Scurvy Dog's Pirate Shanties, Learn Pirate Proverbs, Codes of Conduct &amp; Treasure Never Afore Heared Pirate Jokes! So Grabs Yerself a Tankard of Rum, Lash the Wheel to Stern, Jerk Off... Yer Boots &amp; Socks, &amp; Join Captain Scurvy Dog, Along with Seaweed Sally, Drift Wood, Cork Screw &amp; the Rest of the Pirates &amp; Wenches of the Caribbean in \"Pirate Scurvy Dog's Pieces of Eight\" !",
    "genres" : [ ]
  }, {
    "id" : 260152,
    "title" : "Pugni, pirati e karatè",
    "overview" : "Two pirates are abandoned to inhabited island, and they get into many kinds of funny kind of adventures. You just have to watch it yourself really, I can't tell anymore without spoiling anything.",
    "genres" : [ ]
  }, {
    "id" : 260157,
    "title" : "Sansone contro i pirati",
    "overview" : "A terrible pirate terrorizes the Antilles plundering ships, slaughtering their crews and selling women as slaves. One of the women asks Sansone for help.",
    "genres" : [ {
      "id" : 12,
      "name" : "Adventure"
    } ]
  }, {
    "id" : 260162,
    "title" : "Born Dead",
    "overview" : "A man is on his way to commit suicide. He is accompanied by a friend.",
    "genres" : [ ]
  }, {
    "id" : 260167,
    "title" : "Otra historia de amor",
    "overview" : "A dynamic young man falls in love with his own boss, a married businessman, with two children.",
    "genres" : [ {
      "id" : 18,
      "name" : "Drama"
    }, {
      "id" : 10749,
      "name" : "Romance"
    } ]
  }, {
    "id" : 260177,
    "title" : "Tokyo Ballistic War Vol.2 - Cyborg High School Girl VS. Cyborg Beautiful Athletes",
    "overview" : "The story takes place in the alternate world slightly different from ours. In United Republic of Great Japan; which has become the world’s strongest nation; it is reported that a new breed of athletes is setting a phenomenal new world record, winning every sports game. Prompted by the pressure from other nations, the organization that supervises the country’s sports events, decides to look into the matter; but the entire investigation team goes missing just when it started the mission. What the investigation team witnessed was “Athlete-roid. Koumoto executive director of Great Japan Heavy Industries is planning to dominate the world market for special military-use robots by promoting the army of invincible “Athlete-roid.”...",
    "genres" : [ ]
  }, {
    "id" : 260182,
    "title" : "Ochtendzwemmers",
    "overview" : "Each morning a group of people meet in the swimming pool to swim. The police suspects it is a criminal organization and interrogate Loes.",
    "genres" : [ ]
  }, {
    "id" : 260187,
    "title" : "Prodavets igrushek",
    "overview" : "Romance, Comedy - in Russian language",
    "genres" : [ {
      "id" : 10749,
      "name" : "Romance"
    }, {
      "id" : 35,
      "name" : "Comedy"
    } ]
  }, {
    "id" : 260192,
    "title" : "Oasis - Live at River Plate Stadium, Argentina, 03.05.2009",
    "overview" : "Oasis, recorded live at Estadio River Plate, in Buenos Aires, Argentina, on March 5th 2009",
    "genres" : [ {
      "id" : 10402,
      "name" : "Music"
    } ]
  }, {
    "id" : 260197,
    "title" : "Karusel",
    "overview" : "Romance, in Russian",
    "genres" : [ {
      "id" : 10749,
      "name" : "Romance"
    } ]
  }, {
    "id" : 260202,
    "title" : "Turks & Caicos",
    "overview" : "The second movie in David Hare's Johnny Worricker trilogy. Loose-limbed spy Johnny Worricker, last seen whistleblowing at MI5 in Page Eight, has a new life. He is hiding out in Ray-Bans on the Caribbean islands of the title, eating lobster and calling himself Tom Eliot (he’s a poet at heart). We’re drawn into his world and his predicament when Christopher Walken strolls in as a shadowy American who claims to know Johnny. The encounter forces him into the company of some ambiguous American businessmen who claim to be on the islands for a conference on the global financial crisis. When one of them falls in the sea, their financial PR seems to know more than she's letting on. Worricker soon learns the extent of their shady activities and he must act quickly to survive when links to British prime minister Alec Beasley come to light.",
    "genres" : [ {
      "id" : 53,
      "name" : "Thriller"
    }, {
      "id" : 18,
      "name" : "Drama"
    }, {
      "id" : 28,
      "name" : "Action"
    }, {
      "id" : 9648,
      "name" : "Mystery"
    } ]
  }, {
    "id" : 260212,
    "title" : "7362",
    "overview" : "A film by Pat O'Neill",
    "genres" : [ ]
  }, {
    "id" : 260217,
    "title" : "Foregrounds",
    "overview" : "A film by Pat O'Neill",
    "genres" : [ ]
  }, {
    "id" : 260222,
    "title" : "Two Sweeps",
    "overview" : "A film by Pat O'Neill",
    "genres" : [ ]
  }, {
    "id" : 260227,
    "title" : "Jakarta Maghrib",
    "overview" : "Jakarta Maghrib sees the city in contemplation, during its momentary threshold at dusk. That is the common thread that connects the six stories in the film: Iman Cuma Ingin Nur, about a couple who are about to make love; Adzan, about a relationship between a thug and a mushollah gatekeeper; Menunggu Aki, about housing compound residents waiting for their favorite fried rice vendor; Jalan Pintas, about a couple looking for a shortcut; Cerita Si Ivan, about a frightened child; and Ba'da, when all the characters meet.",
    "genres" : [ {
      "id" : 35,
      "name" : "Comedy"
    }, {
      "id" : 18,
      "name" : "Drama"
    } ]
  }, {
    "id" : 260232,
    "title" : "Hari Ini Pasti Menang",
    "overview" : "Indonesia 2014. Gabriel Omar Baskoro rising star of Jakarta Metropolitan Football Club. His talent and persistence have brought Indonesian Football Team into 2014 World Cup final for the very first time in history and manage to pull through the quarter final against the mighty Brasil. Upon his return to Indonosia, Gabriel's life is torn between glory and integrity. Rumour has it, Gabriel's success is backed by a ruthless Indonesian mafioso group. Gabriel must choose to live by his ambitious coach or his honest-to-death father. Each choice has its own deadly consequence. Meanwhile, Andini, a dedicated sport journalist is doing an investigative report on mafioso's influence in Indonesian football. Andini's investigation leads to Gabriel's name among many others. What really happened to Gabriel Omar Baskoro, the real hero of Indonesian football, unfold during Andini's investigation.",
    "genres" : [ {
      "id" : 18,
      "name" : "Drama"
    } ]
  }, {
    "id" : 260237,
    "title" : "Lip",
    "overview" : "Australian artist, Tracey Moffatt, takes aim at Hollywood’s portrayal of black women in a cheeky montage of (surprise) maids throughout film history. Moffatt recontextualizes your favorite actresses as pegs in a machine of oppressive stereotyping and bigotry, in this strangely hilarious short, which sheds a familiar yet refreshing light on #whitegirlproblems. With clips including a young Elizabeth Taylor, Barbra Streisand, and Patty Duke, among others, LIP is like a trip down memory lane with modern criticism instead of nostalgia.",
    "genres" : [ ]
  }, {
    "id" : 260242,
    "title" : "Cin(T)a",
    "overview" : "Cina and Annisa love God and God loves them both. But Cina and Annisa cannot love each other because they call God by different names.",
    "genres" : [ {
      "id" : 18,
      "name" : "Drama"
    }, {
      "id" : 10749,
      "name" : "Romance"
    } ]
  }, {
    "id" : 260247,
    "title" : "Home Appliance",
    "overview" : "We were Adam and Eve / then home appliances appeared. Prudencio and Esther's life reflects a civilization plunged into the maelstrom of technology. In an attempt to get their relationship back on track, the couple uses objects to substitute aspects of their own relationship. And now, the sound of the doorbell announces the arrival of a new device, after which things will never be the same.",
    "genres" : [ ]
  }, {
    "id" : 260257,
    "title" : "Retez",
    "overview" : "",
    "genres" : [ {
      "id" : 18,
      "name" : "Drama"
    }, {
      "id" : 80,
      "name" : "Crime"
    }, {
      "id" : 53,
      "name" : "Thriller"
    } ]
  }, {
    "id" : 260267,
    "title" : "Lakshmi",
    "overview" : "Based on true events, Lakshmi is a story of heroism and untold courage. Lakshmi, a 13 year old girl is kidnapped and sold into prostitution. Thrown into this horrific, inhuman world where she is raped and brutally beaten she barely survives with the help of the other girls and her own will to never give in. Finally she is rescued in a police raid. Against all odds, Lakshmi shows courage where everybody else fails. Resisting all pressure - violent threats, coercion and bribes, she stands up in court and in a landmark case in India, succeeds in putting the traffickers behind bars.",
    "genres" : [ {
      "id" : 18,
      "name" : "Drama"
    } ]
  }, {
    "id" : 260272,
    "title" : "Presídio de Mulheres Violentadas",
    "overview" : "Erotica/Wip/Brazil: Also known as \"Le Porno Detenute\" in Italy...Fans of the legendary Brazilian Women-in-Prison send-up will be instantly at home with this sexploitation masterpiece.Plot-Our heroine is wrongly set up for a heist by her boyfriend...she is found guilty sent to prison where living conditions are intolerable.Added to that all jail female staffs are lesbian by default trying to lay the poor inmates.The male staffs are also trying to sneak in their snake in some hole too...Hence the inmates rebel...enjoy!",
    "genres" : [ ]
  }, {
    "id" : 260277,
    "title" : "The Last Western Heretic",
    "overview" : "The last western heretic is a timely and enthralling insight into the ideas and philosophies of the New Zealander described by the BBC as “the last living heretic”.  New Zealand’s very own Lloyd Geering, now 89 and still deeply involved in the debate of ideas about life and religion, and latterly, the very survival of human beings and the planet to which we belong.  The documentary explores his world view in a series of controversial and richly illustrated statements, and in doing so, makes simple and comprehensible the powerful theological and cultural ideas underpinning western civilisation.",
    "genres" : [ ]
  }, {
    "id" : 260282,
    "title" : "Li deien Shin Chan",
    "overview" : "",
    "genres" : [ ]
  }, {
    "id" : 260292,
    "title" : "The Good Son",
    "overview" : "The unbelievable story of 22 year old Or, who secretly finances his sex change operation in Thailand by lying to his conservative parents and then returns home as a woman to face her new life, her family and the cost of living her dream",
    "genres" : [ {
      "id" : 99,
      "name" : "Documentary"
    } ]
  }, {
    "id" : 260307,
    "title" : "The Wild Scene",
    "overview" : "The slimy underbelly of psychiatry is revealed in this nasty exploitation drama that centers on a female psychiatrist who talks about her tawdriest cases, examples of which, including incest, masochism, impotency and prostitution, are illustrated. When not talking, the doctor and her daughter get involved in a few wild adventures of their own including an orgy and a campus riot.",
    "genres" : [ {
      "id" : 18,
      "name" : "Drama"
    } ]
  }, {
    "id" : 260312,
    "title" : "The Yellow Eyes of Crocodiles",
    "overview" : "Two sisters, their families, and sometimes complicated lives.",
    "genres" : [ {
      "id" : 18,
      "name" : "Drama"
    } ]
  }, {
    "id" : 260317,
    "title" : "Om 7 flickor",
    "overview" : "The film portrays one day in an home for adolescent care on the Swedish countryside, where the faith of seven girls have been drawn together.",
    "genres" : [ {
      "id" : 18,
      "name" : "Drama"
    } ]
  }, {
    "id" : 260332,
    "title" : "Lash of the Scorpion",
    "overview" : "A woman is kidnapped and taken to the Krakenhall Penitentiary For Women. Here the warden samples the delights of each inmate...",
    "genres" : [ ]
  }, {
    "id" : 260337,
    "title" : "Contes et légendes Vol 2 - Le Vilain Petit Canard et autres contes...",
    "overview" : "",
    "genres" : [ {
      "id" : 16,
      "name" : "Animation"
    } ]
  }, {
    "id" : 260342,
    "title" : "Black Comedy",
    "overview" : "Detective Johnny Du was smart and agile but his height of 5 feet 4 has hindered him from joining the G4 protection detail for the Chief Executive. His sassy girlfriend Angel bullied him all the time, leaving him depressed at work and at home. His helplessness attracted Vincent, the Devil Prince and Jim, the Angel to fight for his soul.",
    "genres" : [ {
      "id" : 10769,
      "name" : "Foreign"
    }, {
      "id" : 35,
      "name" : "Comedy"
    } ]
  }, {
    "id" : 260347,
    "title" : "Scorpion: Double Venom 2",
    "overview" : "Nami Matsushima has escaped from the prison to which she was sentenced in Scorpion, but is now obsessed with tracking down the--don't laugh--one-armed man who murdered her younger sister fifteen years ago. Nami is certainly no great action heroine, and the plot at times makes little sense, climaxing with a coincidence more ridiculous than any Shakespeare ever used. For complicated reasons, Nami uses her medical knowledge to break into a women's prison as staff physician. There, as in the previous movie, the convicts wind up naked awfully frequently.",
    "genres" : [ ]
  }, {
    "id" : 260352,
    "title" : "Book of Days",
    "overview" : "This film is a rich and haunting reinvention of medieval life that never loses its contemporary perspective. When the plague afflicts a village, this world seems to go up in an apocalypse of hatred and disease that presages our own century.",
    "genres" : [ ]
  }, {
    "id" : 260357,
    "title" : "Apprehension",
    "overview" : "Inge Herold is in her mid-thirties. She is divorced and lives with her 15-year-old son. She works as a psychologist and social worker and is involved with a married man. Suddenly, Inge finds out she may have breast cancer, which would mean an operation the very next day. The 24 hours before the planned surgery puts her under enormous psychological pressure and she begins to reevaluate her life. With heightened awareness of matters of everyday life, she realizes that what she previously considered meaningful, was actually void of any real meaning.",
    "genres" : [ {
      "id" : 18,
      "name" : "Drama"
    } ]
  }, {
    "id" : 260362,
    "title" : "Caged Fear",
    "overview" : "After a jewelry theft Tommy Lane can hardly free. His girlfriend Kristen has less luck and is arrested. She's sentenced to jail in an ill-reputed female prison in Oklahoma. Tommy doesn't let her down; he manages to get into the prison - on the other side of the bars - to force the ruthless director to let her go.",
    "genres" : [ {
      "id" : 28,
      "name" : "Action"
    }, {
      "id" : 53,
      "name" : "Thriller"
    } ]
  }, {
    "id" : 260372,
    "title" : "Bermuda Tentacles",
    "overview" : "After Air Force One goes down during a storm over the Bermuda Triangle, the United States Navy is dispatched to find the escape pod holding the President. A giant monster beneath the ocean awakens and attacks the fleet.",
    "genres" : [ {
      "id" : 878,
      "name" : "Science Fiction"
    } ]
  }, {
    "id" : 260377,
    "title" : "Erotic Journey",
    "overview" : "Three girls working at an adult club in Hong Kong went on a vacation in Thailand. They got drunk in a club and got into a fight with the club manager. Three men also vacationing in Thailand from Hong Kong just happen to be there and rescued them.  The six of them went back to the hotel and have sex. It turns out those 3 men were drug dealers and left some drugs with the girls. The three drug dealers got involved in a busted drug deal when the 3 girls just turned up at the scene. The police thought the girls were involved and arrested them. They were sent to a prison camp in the Thai jungles.",
    "genres" : [ ]
  }, {
    "id" : 260382,
    "title" : "Jailhouse Girls",
    "overview" : "Caught up in a prostitution raid, Joanne is quickly introduced to the cruel realities of the penal system. Her first lesson comes courtesy of a transport van driver before she even arrives at the prison. Annoyed by the repeated protestations of her innocence, driver Jack stops the van, and while his female partner takes a smoke break in the cab, he rapes the shackled Joanne in front of three other constrained female prisoners who voice no objections. Upon arrival at the prison the warden tells her she must learn to \"play the game\" if she ever expects to be released.",
    "genres" : [ ]
  }, {
    "id" : 260387,
    "title" : "I Know Where I'm Going",
    "overview" : "A film by Ben Rivers",
    "genres" : [ ]
  }, {
    "id" : 260392,
    "title" : "We the People",
    "overview" : "A film by Ben Rivers",
    "genres" : [ ]
  }, {
    "id" : 260397,
    "title" : "Buried in Light",
    "overview" : "A film by Jem Cohen",
    "genres" : [ ]
  }, {
    "id" : 260402,
    "title" : "Thunder County",
    "overview" : "Four women escape from a prison and wind up stranded in a swamp with a lecherous redneck after them. Meanwhile, an federal agent tracks a ring of heroin smugglers through the same swamp.",
    "genres" : [ {
      "id" : 28,
      "name" : "Action"
    } ]
  }, {
    "id" : 260412,
    "title" : "Rage of the Innocents",
    "overview" : "A young warrior bands with a small group of rebels to wage a guerilla war in order to rescue his love and save his people from certain death.",
    "genres" : [ ]
  }, {
    "id" : 260432,
    "title" : "Journal d’une maison de correction",
    "overview" : "French Women in Prison film",
    "genres" : [ ]
  }, {
    "id" : 260447,
    "title" : "Manhattan by Numbers",
    "overview" : "The story of George Murphy, a laid-off newspaperman who has 24 hours to come up with the back rent he owes or be put out in the street. Desperately, he sets out to find an old friend who might help, yet when he discovers that his old friend has seemingly disappeared, George's search begins to take on a whole different meaning.",
    "genres" : [ {
      "id" : 18,
      "name" : "Drama"
    } ]
  }, {
    "id" : 260452,
    "title" : "Agnus dei",
    "overview" : "Alegory of the suppression of the 1919 revolution and the advent of fascism in Hungary; in the countryside, a unit of the revolutionary army spares the life of father Vargha, a fanatical priest. He comes back and leads massacres. A new force, represented by Feher, apparently avanges the people, but only to impose a different, more refined and effective kind of repression.",
    "genres" : [ ]
  }, {
    "id" : 260457,
    "title" : "Luar do Sertão",
    "overview" : "In a small town in São Paulo State, everyone lives happily: Tinoco and his bride Joan, Lollipop and Nha Barbina. One day come the men in charge of opening a railway arrive bringing with them trouble. Paul, one of the engineers, Joan tries to alienate Tinoco, who is accused of stealing money. Workers go to jail. Tinoco is delegated to investigate the case, to prove that their innocence.",
    "genres" : [ {
      "id" : 10402,
      "name" : "Music"
    }, {
      "id" : 18,
      "name" : "Drama"
    } ]
  }, {
    "id" : 260462,
    "title" : "For Love Alone: The Ivana Trump Story",
    "overview" : "Follows the triumphs and tragedies of Katrinka Kovár, a young Czechoslovakian ski prodigy who discovers high-society splendor in the arms of a wealthy American businessman. When lust turns to lies, Katrinka - long haunted by a burning secret from her past - sets out to find the love she left behind.",
    "genres" : [ {
      "id" : 10770,
      "name" : "TV Movie"
    }, {
      "id" : 18,
      "name" : "Drama"
    } ]
  }, {
    "id" : 260472,
    "title" : "The First Love",
    "overview" : "\"Hatsukoi\" (The First Love, 1989) is a rarely-seen early short film from a Goth-lolita-oriented experimental film-maker, Mari Terashima. Ritualized action and repetitive elements might remind some viewers of Maya Deren's strategy.",
    "genres" : [ ]
  }, {
    "id" : 260477,
    "title" : "Freedom River",
    "overview" : "Uplifting modern day parable about mankind getting along together. Narrated by Orson Welles.\r Animation directed by Sam Weiss.",
    "genres" : [ ]
  }, {
    "id" : 260482,
    "title" : "A Doctor's Job",
    "overview" : "Stubborn but caring ER Physician, Ramon Moran has to drive a taxicab in order to make ends meet in the city of Lima (Peru), a city that constantly challenges his pride and work ethics.",
    "genres" : [ {
      "id" : 28,
      "name" : "Action"
    }, {
      "id" : 18,
      "name" : "Drama"
    } ]
  }, {
    "id" : 260487,
    "title" : "Comme chez soi",
    "overview" : "",
    "genres" : [ {
      "id" : 35,
      "name" : "Comedy"
    } ]
  }, {
    "id" : 260492,
    "title" : "Cafe X",
    "overview" : "Karl Kraft uncovers a major weapon smuggling scheme going on in Oslo. Along the way he meets the waitress Lilly, who is involved in the affair.",
    "genres" : [ {
      "id" : 18,
      "name" : "Drama"
    }, {
      "id" : 80,
      "name" : "Crime"
    } ]
  } ]
}