{
  "movies" : [ {
    "id" : 389252,
    "title" : "Ghost: [2015] Stockholm, Sweden",
    "overview" : "Spirit  From the Pinnacle to the Pit  Ritual  Con Clavi Con Dio  Per Aspera ad Inferi  Majesty  Body and Blood  Devil Church  Cirice  Year Zero  He Is  Absolution  Mummy Dust  Jigolo Har Megiddo [Acoustic Version]  Ghuleh/Zombie Queen  If You Have Ghosts  Monstrance Clock",
    "genres" : [ ]
  }, {
    "id" : 389262,
    "title" : "Ghost: [2016] Malmo, Sweden",
    "overview" : "Spirit  From the Pinnacle to the Pit  Stand by Him  Con Clavi Con Dio  Per Aspera ad Inferi  Body and Blood  Devil Church  Cirice  Year Zero  He Is  Absolution  Mummy Dust  If You Have Ghosts  Ghuleh/Zombie Queen  Ritual  Monstrance Clock",
    "genres" : [ ]
  }, {
    "id" : 389267,
    "title" : "2n: A Story of the Power of Numbers",
    "overview" : "2ⁿ is a story about the exponential growth of numbers raised to powers. Part of the Mathematica Peep Shows, one of five films made to accompany the Mathematica: A World of Numbers and Beyond exhibition at the California Museum of Science and Industry and the Museum of Science and Industry in Chicago.",
    "genres" : [ {
      "id" : 99,
      "name" : "Documentary"
    }, {
      "id" : 16,
      "name" : "Animation"
    } ]
  }, {
    "id" : 389272,
    "title" : "Lost & Found",
    "overview" : "Sent to spend the summer with their uncle on a remote island, young brothers Andy and Mark learn that their eccentric grandfather once owned the island, but vanished without a trace…taking with him the secret to a vast fortune.  Delving into the mysterious past of the island, the brothers discover that their grandfather designed a complex treasure hunt, a hunt that could lead to unimaginable wealth and heal their broken family – if they can find it in time.  Sinister forces also search for the money and will stop at nothing to keep the boys from their quest.  As the adventure unfolds, the boys learn that the bonds of family are the most valuable riches of all, and that some family secrets can’t stay buried forever.",
    "genres" : [ {
      "id" : 12,
      "name" : "Adventure"
    }, {
      "id" : 10751,
      "name" : "Family"
    }, {
      "id" : 9648,
      "name" : "Mystery"
    } ]
  }, {
    "id" : 389277,
    "title" : "Bonzo Dog Doo Dah Band - 40th Anniversary Celebrations",
    "overview" : "The year 2006 marks the 40th anniversary of the release of \"My Brother Makes The Noises For the Talkies , the first record by The Bonzo Dog Doo-Dah Band. On January 28th 2006 Classic Rock Productions Ltd presented a very special evening celebrating the music and achievements of the legendary Bonzos. The part of the late great and sorely missed Vivian Stanshall was performed variously by Messrs Stephen Fry, Adrian Edmondson, Phill Jupitus and Paul Merton, making this the most exciting evening since the Secret Policeman s Ball. For the first time since the group broke up in the early seventies a British stage once again resounded to the inspired flights of lunacy of the Bonzos favourites performed live. An evening dedicated to the surreal stage presentation of the highlights of the music of the Bonzos, including all of the hits, which have built a lasting musical legacy.",
    "genres" : [ {
      "id" : 10402,
      "name" : "Music"
    } ]
  }, {
    "id" : 389282,
    "title" : "Girlschool - Live From London",
    "overview" : "Recorded at the Camden Palace in 1984 as part of the Live From London series, Girlschool took to the stage and proved they belong in the male-dominated world of lightning guitars, thundering drums and powerful vocals.",
    "genres" : [ {
      "id" : 10402,
      "name" : "Music"
    } ]
  }, {
    "id" : 389287,
    "title" : "The Female Orgasm Explained",
    "overview" : "The sexual revolution of the '70s has allowed women to claim their right to pleasure and to better know their body. However, 30 years later, the female orgasm remains mysterious to a lot of people - both men and women.  During the 1970's the sexual revolution enabled women the ability to lay claim to a right of pleasure in the bedroom; for the first time in public society, women were able to better understand their own bodies and discover what it actually is that enables/causes the orgasm. However, we are now 40 years since that revolution and for many men the onset and occurrence of feminine orgasm remains a total mystery.",
    "genres" : [ {
      "id" : 99,
      "name" : "Documentary"
    } ]
  }, {
    "id" : 389292,
    "title" : "Apex: The Story of the Hypercar",
    "overview" : "Rocket science meets the auto industry as \"APEX\" follows a thread that starts in the design studios and R&amp;D labs where these \"fighter jets of the street\" are created, and leads to a perilous racetrack in Germany where drivers can reach new heights of speed and performance -- if they dare. Equal parts human drama and speed, \"APEX\" follows Swedish entrepreneur Christian von Koenigsegg, a lifelong sports car enthusiast on a personal quest to build a \"mega\" car whose golden ratio defies all expectations for a hypercar's velocity and power, while competing against the biggest names in motorsports for space on the world stage. With insights from top engineers and designers, \"APEX\" pulls back the curtain on the top-secret development facilities at Porsche, Ferrari, McLaren and Pagani, where awe-inspiring hypercars are imagined and built, and puts you inches from the action, as top drivers shake down the latest hypercars, flat-out on some of the world's greatest racetracks.",
    "genres" : [ {
      "id" : 99,
      "name" : "Documentary"
    } ]
  }, {
    "id" : 389297,
    "title" : "Believeland",
    "overview" : "The Drive. The Fumble. The Shot. The Decision. José Mesa. And so it goes for Cleveland sports fans. BELIEVELAND attempts to explain the masochistic devotion many Browns, Indians, and Cavs fans have when it comes to cheering for teams that continue to break our hearts. Including interviews with ghosts of sports heroes past, current Cleveland personalities, and many of the very fanatics that keep taking their licks, BELIEVELAND is like group therapy where the patients are the ones asking “why, Why, WHY!” Only true Clevelanders can understand our love for our city, our loyalty to our teams, and the mentality that hungers for more even though it’s been 50 years since our last championship. And that’s because one day–one day–we’ll be able to say, “I told you so” to everyone who refuses to believe.",
    "genres" : [ {
      "id" : 99,
      "name" : "Documentary"
    } ]
  }, {
    "id" : 389302,
    "title" : "Katie Fforde - Das Weihnachtswunder von New York",
    "overview" : "",
    "genres" : [ {
      "id" : 18,
      "name" : "Drama"
    } ]
  }, {
    "id" : 389307,
    "title" : "Father, Behave Yourself!",
    "overview" : "Antonis is a wealthy peasant who finds out that his son spends money and time partying instead of studying. He decides to visit him and restore him to track but instead of achieving his purpose, he falls into the trap of sweet life too.",
    "genres" : [ {
      "id" : 35,
      "name" : "Comedy"
    } ]
  }, {
    "id" : 389312,
    "title" : "What Would Beethoven Do?",
    "overview" : "Classical music doesn’t exactly have a reputation for being hip. For too long it’s been seen as a stuffy genre for the high cultured elite. WHAT WOULD BEETHOVEN DO? follows a number of renegades, from composers flirting with modern mediums, to young musicians dedicated to changing the narrative, to a man who’s bringing turntablists and orchestras together. Notable artists such as, Bobby McFerrin, Benjamin Zander and Eric Whitacre add their voices to the debate about why classical music is still relevant today.",
    "genres" : [ {
      "id" : 10402,
      "name" : "Music"
    }, {
      "id" : 99,
      "name" : "Documentary"
    } ]
  }, {
    "id" : 389317,
    "title" : "The Flight",
    "overview" : "Two friends explore a city floating in the air, where their friendship is put to the test.",
    "genres" : [ {
      "id" : 878,
      "name" : "Science Fiction"
    }, {
      "id" : 16,
      "name" : "Animation"
    }, {
      "id" : 14,
      "name" : "Fantasy"
    }, {
      "id" : 12,
      "name" : "Adventure"
    } ]
  }, {
    "id" : 389322,
    "title" : "Detective Conan: Conan vs. Kid vs. Yaiba - The Grand Battle for the Treasure Sword!!",
    "overview" : "Conan borrows a large amount of manga from Mitsuhiko and crazy things begin to happen around Beika City. Things aren't always the way they appear to be. A family asks Kogoro to help them protect a special sword in their dojo since Kaitou KID has sent word he's going to steal it. However Kaitou KID will have to steal the sword while Conan and Yaiba are after him.",
    "genres" : [ {
      "id" : 12,
      "name" : "Adventure"
    }, {
      "id" : 16,
      "name" : "Animation"
    }, {
      "id" : 9648,
      "name" : "Mystery"
    }, {
      "id" : 35,
      "name" : "Comedy"
    } ]
  }, {
    "id" : 389327,
    "title" : "Journey to Ouaga",
    "overview" : "Lionel, a young Frenchman, who has just arrived in Cotonou, Benin, loses his car, airplane ticket and passport and his hopes in riots in the city.",
    "genres" : [ {
      "id" : 18,
      "name" : "Drama"
    } ]
  }, {
    "id" : 389337,
    "title" : "The Stolen Lump",
    "overview" : "A short puppet animation movie by Tadahito Mochinaga.",
    "genres" : [ {
      "id" : 16,
      "name" : "Animation"
    } ]
  }, {
    "id" : 389342,
    "title" : "Poron Guitar",
    "overview" : "A puppet animation movie by Ryosaku Takayama.",
    "genres" : [ {
      "id" : 16,
      "name" : "Animation"
    } ]
  }, {
    "id" : 389347,
    "title" : "The Real State of Affairs",
    "overview" : "A young married man goes into the army and when he comes back finds out that his wife has gone off with another man.",
    "genres" : [ {
      "id" : 18,
      "name" : "Drama"
    } ]
  }, {
    "id" : 389357,
    "title" : "Amok",
    "overview" : "A group of problematic, abandoned teenagers from a Juvenile Adoption Centre share their destiny on the margins of the society, holding only on the teachings of their caring educator about the true values of life. But a series of tragic events that culminate with the death of one of the youngsters by the hand of a police inspector, will crush their illusions for a normal future in a world that stigmatizes them as outcasts. Incited by the awakening words of the broken educator and the emerging, ferocious leader of the pack, the boys take the path of revenge, which soon escalates into a spiral of violence and takes them deep into the catacombs of the criminal underworld.",
    "genres" : [ {
      "id" : 18,
      "name" : "Drama"
    }, {
      "id" : 80,
      "name" : "Crime"
    } ]
  }, {
    "id" : 389362,
    "title" : "MonaLisa Story",
    "overview" : "\"I was born stoned\". The words come from MonaLisa, who's struggling to put the heroin on the shelf. Documentary filmmaker Jessica Nettelbladt has followed the long-suffering, but far from broken, MonaLisa for eight years. The result is as honest as the raw film about a woman's struggle with herself and the world.",
    "genres" : [ {
      "id" : 99,
      "name" : "Documentary"
    } ]
  }, {
    "id" : 389367,
    "title" : "Bound By Desire: Act 1 - A Leap of Faith",
    "overview" : "When a young woman (CASEY CALVERT) and her best friend (ALLIE HAZE) get involved in relationships with a couple of older rich men (RICHIE CALHOUN &amp; RYAN DRILLER) they soon realize that there is a cost to leading a spoiled pampered life. These men are part of a group of lifestylists that enjoy the delights of whipping and dominating their lovers in a slave to master relationship. Friends with the recklessly perverted EVAN STONE and his demented wife CHANEL PRESTON, the young women find themselves immersed in a world of role playing and servitude. Wives are play toys and objects to be pampered and serve their masters' every sexual desire.",
    "genres" : [ ]
  }, {
    "id" : 389372,
    "title" : "Les siestes Grenadine",
    "overview" : "Wahid and his daughter Soufiya return to Tunisia after a long stay in West Africa.Wahid would like to transform Soufiya into a real Tunisian, a true daughter of their land, but the country has changed a lot in there absence.",
    "genres" : [ {
      "id" : 18,
      "name" : "Drama"
    } ]
  }, {
    "id" : 389382,
    "title" : "Oblivion",
    "overview" : "“Approximately thirty images comprise Oblivion. Most obsessively repeat themselves. Although the images appear to be solarized, the film was actually contact-printed, combining high contrast black and white negative with a colour positive of the same image. The high contrast accounts for the tendency of shots to flood. Images in the film swell and contrast, often disappearing into pure colour… Oblivion employs extremely rapid cutting. Some of the images last as briefly as two frames. The fact that we see so few frames, that a shot is representationally ambiguous, or shown upside down and sideways, often causes the viewer to project his/her own fantasies… When Jean Genet was asked to what end he was directing his life he responded, “To oblivion.” (J.J. Murphy, “Reaching for Oblivion”) (mikehoolboom.com)",
    "genres" : [ ]
  }, {
    "id" : 389387,
    "title" : "Brille und Bombe - Bei uns liegen Sie richtig!",
    "overview" : "",
    "genres" : [ {
      "id" : 35,
      "name" : "Comedy"
    } ]
  }, {
    "id" : 389397,
    "title" : "2001: A Big Bust Odyssey",
    "overview" : "In a world where big tits are but a fantasy, fearless space travelers must travel light years to find the busty babes they crave.",
    "genres" : [ ]
  }, {
    "id" : 389402,
    "title" : "Street Meet",
    "overview" : "Street Meet is a charming and delightful short film about how love finds you while you're busy looking for it.",
    "genres" : [ ]
  }, {
    "id" : 389407,
    "title" : "Slingrevalsen",
    "overview" : "",
    "genres" : [ {
      "id" : 35,
      "name" : "Comedy"
    } ]
  }, {
    "id" : 389412,
    "title" : "00:08",
    "overview" : "This piece takes 8 seconds, and creates intervals between the frames, and then makes them bigger. It's about expansion and enlargement, not the passage of time. 8 seconds becomes that much more luxuriant.",
    "genres" : [ {
      "id" : 16,
      "name" : "Animation"
    } ]
  }, {
    "id" : 389417,
    "title" : "My Wife Araweelo",
    "overview" : "Jama and Samira are newly married and very happy, but when Jama's friend Yonis show up and claim that Samira is a dangerous killer, it changes everything.",
    "genres" : [ {
      "id" : 27,
      "name" : "Horror"
    }, {
      "id" : 53,
      "name" : "Thriller"
    } ]
  }, {
    "id" : 389422,
    "title" : "In the Name of the Girl",
    "overview" : "En el Nombre de la Hija tells the story of a nine-year old girl whose name is in dispute.  Manuela has been named alter her socialist-atheist father, but her catholic-conservative grandmother insists she should carry the name the first daughters of the family have carried for generations: Dolores.  The story takes place in a Valley in the Ecuadorian Andes, during the summer of 1976. Manuela and her little brother, Camilo, are spending vacations with their cousins and grandparents at the family's farmhouse.  Eager to defend her father's ideas, Manuela confronts her cousins and grandparents, but an unexpected encounter leads her to confront herself instead.  Hidden in the family's abandoned library, schizophrenic uncle Felipe is devoted to setting words free from the constraints of dogmas. His wisdom sets Manuela free from her own dogmas and forever changes her relationship with words, including her own name.",
    "genres" : [ ]
  }, {
    "id" : 389427,
    "title" : "Hard Sell",
    "overview" : "When Hardy Buchanan, a senior at an elite private school, needs to make some quick cash, he enlists the help of Bo, a beautiful runaway. Together, they devise an unconventional plan of profiting off of the wayward teens at Hardy's school. When the students learn that Bo has more to offer than what meets the eye, the unlikely duo's new business takes a unique turn, tossing them headfirst into the lifestyles of the rich and dysfunctional.",
    "genres" : [ {
      "id" : 35,
      "name" : "Comedy"
    } ]
  }, {
    "id" : 389432,
    "title" : "La meridiana del convento",
    "overview" : "Italian short comedy directed by Eleuterio Rodolfi.",
    "genres" : [ ]
  }, {
    "id" : 389437,
    "title" : "Border Patrol",
    "overview" : "Even the dead need policemen. Meet the Border Patrol, which is to ensure that the law is enforced in the territory of the dead. These hard supernatural guards are responsible for sinners to face their destiny and that good are the creator. To Numan, a character who makes the laws are enforced in the gloomy abyss between the two worlds, the present case appears to be the most tremendous of his career, both his past life in New York, as now become the Patrullero Spooky Frontera .  When chasing a serial murderer, Dr. Helms, Numan is forced to break the rules of Purgatory and ask for help to the police in Miami Chavez, a mortal. The union of these incredible allies soon becomes clear that Helms, a strange supernatural being generic, has the power to open the door to other territories, threatening the existence of Life and Death as we know it.",
    "genres" : [ {
      "id" : 14,
      "name" : "Fantasy"
    }, {
      "id" : 878,
      "name" : "Science Fiction"
    }, {
      "id" : 10770,
      "name" : "TV Movie"
    } ]
  }, {
    "id" : 389442,
    "title" : "Ciguri – Tarahumaras 98 - La Danse Du Peyotl",
    "overview" : "A documentary cycle involving the Rarámuri or Tarahumara people of Northern Mexico. This film addresses rites of winter as well as peyote and bakaka rites. Its commentary, read by Raymonde Carasco and Jean Rouch, is drawn from texts by Antonin Artaud.",
    "genres" : [ ]
  }, {
    "id" : 389447,
    "title" : "And Baby Makes Six",
    "overview" : "A couple faces a dilemma when the 46-year-old wife unexpectedly becomes pregnant. She wants to have the baby, but her husband has plans for the future that do not involve raising another child. Their 3 grown children, as well as other family and friends, all have their own opinions on the situation. Their relationship and their marriage itself are tested as they try to resolve the conflict.",
    "genres" : [ ]
  }, {
    "id" : 389452,
    "title" : "Lucens",
    "overview" : "The story of the first nuclear power plant 100% made in Switzerland… but also the last.",
    "genres" : [ {
      "id" : 16,
      "name" : "Animation"
    } ]
  }, {
    "id" : 389457,
    "title" : "Steel Panther - Download Festival 2012",
    "overview" : "Steel Panther wowed the main stage at Download Festival 2012 with another classic Steel Panther performance.  Setlist:  Supersonic Sex Machine - Tomorrow Night - Asian Hooker - Just Like Tiger Woods - Community Property - Eyes of a Panther - Party All Day - 17 Girls in a Row - Death To All But Metal",
    "genres" : [ {
      "id" : 10402,
      "name" : "Music"
    } ]
  }, {
    "id" : 389462,
    "title" : "Geographies",
    "overview" : "Chaghig Arzoumanian is 27, but she could be a thousand years old; it is her voice-over that we hear telling her family’s past with its accumulation of first names, stories, journeys and photographs handed down to her in snippets, through hearsay and anecdotes. Her Armenian genealogy, which is of mythical proportions, becomes re-inscribed in today’s landscapes.",
    "genres" : [ ]
  }, {
    "id" : 389467,
    "title" : "Real Gone",
    "overview" : "After a brief glimpse into the great beyond, Elwood Holler can't give up on life. No matter how hard he tries.",
    "genres" : [ {
      "id" : 18,
      "name" : "Drama"
    } ]
  }, {
    "id" : 389472,
    "title" : "Il re della moda",
    "overview" : "A couple of country pumpkins go to the big city and learn a thing or two.",
    "genres" : [ ]
  }, {
    "id" : 389477,
    "title" : "Una bala es mi testigo",
    "overview" : "Cowboy goes to track down the man who murdered his brother, but it turns out to be someone other than the one he was looking for. Together, they set things straight and take care of the real murderer.",
    "genres" : [ ]
  }, {
    "id" : 389482,
    "title" : "gas_n_go032416",
    "overview" : "A convenience store robbery from the perspective of 8 security cameras.",
    "genres" : [ {
      "id" : 80,
      "name" : "Crime"
    } ]
  }, {
    "id" : 389487,
    "title" : "Hindi Pahuhuli Ng Buhay",
    "overview" : "An assassination attempt by rebels on a police officer was foiled by ex-convict.",
    "genres" : [ {
      "id" : 28,
      "name" : "Action"
    } ]
  }, {
    "id" : 389492,
    "title" : "An Evening with Harry Enfield and Paul Whitehouse",
    "overview" : "The show will celebrate not only their sketch characters, but also, for the first time, will introduce the real Harry and Paul, who appear almost live on stage as themselves as they take questions and introduce their favourite sketches from programmes including Harry Enfield and Chums, Harry and Paul and Harry Enfield's Television Programme. These include Kevin Patterson, Tim Nice-But-Dim, Wayne and Waynetta Slob, Dragons' Den, The Scousers and Smashie and Nicey. Harry and Paul also take it in turns to play the host of celebrities that have joined them to celebrate their anniversary, such as Mark Rylance as Thomas Cromwell from BBC Drama Wolf Hall; Rob Brydon, Ricky Gervais, Prince Charles, Miranda Hart, Stephen Hawking, Boris Johnson, Melyn Bragg and Jimmy Carr as they take viewers on a trip down memory lane. There's also a very special guest appearance from a Harry and Paul favourite.",
    "genres" : [ {
      "id" : 35,
      "name" : "Comedy"
    } ]
  }, {
    "id" : 389497,
    "title" : "Monument",
    "overview" : "The film, which can be seen as a preliminary study for Motion Picture, is 16 mm black / white footage of Torben Ulrich during exercise in HIKs tennis club in 1969. It wound back and forth during filming, made double exposures and filmed at various speeds. The film was shown mixed with Super-8 color recording from Copenhagen and from highways.",
    "genres" : [ ]
  }, {
    "id" : 389502,
    "title" : "Michael Mittermeier - Safari Swiss Edition",
    "overview" : "",
    "genres" : [ ]
  }, {
    "id" : 389507,
    "title" : "Great Comedy Moments",
    "overview" : "Ronnie Barker introduces this compilation of fondly-remembered comedy moments from the vaults of the BBC. Includes clips from 'The Two Ronnies', 'Morecambe and Wise', 'Only Fools and Horses', 'Blackadder', 'The Likely Lads', 'One Foot in the Grave', 'The Good Life', 'Yes Minister', 'Hancock', 'Last of the Summer Wine', 'Steptoe and Son' and 'Some Mothers Do 'Ave 'Em'.",
    "genres" : [ ]
  }, {
    "id" : 389512,
    "title" : "Even More Great Comedy Moments",
    "overview" : "Another compilation featuring more of the best bits from the BBC's modern comedy series such as: 'The Office', 'I'm Alan Partridge', 'The League of Gentlemen', 'Only Fools and Horses', 'Shooting Stars', 'Absolutely Fabulous', 'Red Dwarf' and others.",
    "genres" : [ ]
  }, {
    "id" : 389517,
    "title" : "reConception",
    "overview" : "A hell-bent bunch of boys break into an abandoned cargo trailer. Their conquest is interrupted by the owner of the vehicle's unexpected return.",
    "genres" : [ ]
  }, {
    "id" : 389522,
    "title" : "Worm",
    "overview" : "A worm is chained to a lead ball in a prison cell, awaiting his punishment.",
    "genres" : [ ]
  }, {
    "id" : 389527,
    "title" : "Women In Sink",
    "overview" : "It is the story of a little hair salon in the heart of the Arab community in Haifa (Israel); it is the story of a friendship between Arab and Jewish women in the city, which is considered a model of coexistence; and it is the story of Iris, the director, who worked as a hair washer at the salon so she could get to know women of the neighbourhood. Through her interaction with the women, in this unique frame, Iris wishes to tell the story of the community from the personal experience of the film's subjects, and to explore what it reflects of Israeli society.",
    "genres" : [ {
      "id" : 18,
      "name" : "Drama"
    }, {
      "id" : 99,
      "name" : "Documentary"
    } ]
  }, {
    "id" : 389532,
    "title" : "Casanova, identitate feminină",
    "overview" : "A young girl , Ioana appears in a spot for teenagers , and scandalize her family because the erotic content of the spot.She run away from home and try to live by herself.She realize she beame a litle star .She try to find her own identity in a very stirred society",
    "genres" : [ ]
  }, {
    "id" : 389537,
    "title" : "Making Opera: La Forza del Destino",
    "overview" : "The Opera is Giuseppe Verdi's La Forza del Destino, a new production from the Canadian Opera Company Orchestra and Chorus, conducted by Maurizio Arena and directed by John Copley, with a world-renowned cast featuring opera stars Stefka Evstatieva, Allan Monk, Judith Forst and Ernesto Veronelli. Combining behind-the-scenes footage, beginning with the initial chorus rehearsals, with the set, timing and scheduling, costumes, music, staging rehearsals and on to the final spectacular production, this documentary film tells the complete story, from humble beginnings to the magnificent performance.",
    "genres" : [ ]
  }, {
    "id" : 389542,
    "title" : "Железный поток",
    "overview" : "",
    "genres" : [ {
      "id" : 37,
      "name" : "Western"
    }, {
      "id" : 10752,
      "name" : "War"
    }, {
      "id" : 18,
      "name" : "Drama"
    } ]
  }, {
    "id" : 389547,
    "title" : "Reed Paradise",
    "overview" : "A young man is abducted by mafia and forced to work in the underground factory.",
    "genres" : [ {
      "id" : 28,
      "name" : "Action"
    }, {
      "id" : 18,
      "name" : "Drama"
    }, {
      "id" : 53,
      "name" : "Thriller"
    } ]
  }, {
    "id" : 389557,
    "title" : "Callous",
    "overview" : "A unique look at criminals and the world they inhabit. An assistant district attorney is dragged into this world to protect his friends but soon learns nothing is what it seems.",
    "genres" : [ {
      "id" : 53,
      "name" : "Thriller"
    }, {
      "id" : 80,
      "name" : "Crime"
    }, {
      "id" : 18,
      "name" : "Drama"
    } ]
  }, {
    "id" : 389562,
    "title" : "Only Fools and Horses - Sleepless in Peckham",
    "overview" : "When Marlene vanishes and Boycie is secretive about her disappearance, people assume he has killed her, but she only went to have a boob job. The Trotters need money to stave off being evicted but are saved when it transpires that Uncle Albert invested his savings wisely and leaves them almost a quarter of a million pounds. Del tells Rodney that his real father was not Reg Trotter but a flash local crook called Freddie 'the Frog' Robdal. Cassandra goes into labour, this time successfully and her baby girl is named Joan after Del and Rodney's mother and with whose spirit the brothers go to commune.",
    "genres" : [ ]
  }, {
    "id" : 389567,
    "title" : "Le premier du nom",
    "overview" : "Directed by Sabine Franel",
    "genres" : [ ]
  }, {
    "id" : 389572,
    "title" : "Sunday's Dream",
    "overview" : "Directed by Yoichiro Takahashi",
    "genres" : [ ]
  }, {
    "id" : 389577,
    "title" : "Three Nights, Three Days: Endeavour's Journey Through Los Angeles",
    "overview" : "The California Science Center wins the bid to become the new home of the retired Space Shuttle Endeavour. Through an immense coordinated effort the Shuttle is transported through twelve miles of urban streets. During its journey the city is unified as the Shuttle inspires the next generation of explorers.",
    "genres" : [ {
      "id" : 99,
      "name" : "Documentary"
    } ]
  }, {
    "id" : 389582,
    "title" : "It's Your Move",
    "overview" : "Edgar's landlord wants to sell the house Edgar is renting. He has to come up with the money in two weeks or the landlord will sell it out from under him.",
    "genres" : [ {
      "id" : 35,
      "name" : "Comedy"
    } ]
  }, {
    "id" : 389587,
    "title" : "Prince of Arcadia",
    "overview" : "A Ruritanian Prince is due to marry a princess with acting ambitions, but he has fallen in love with another woman.",
    "genres" : [ {
      "id" : 10402,
      "name" : "Music"
    } ]
  }, {
    "id" : 389592,
    "title" : "Self-defense",
    "overview" : "Documentary maked in Valparaiso; explores and reflects where the most radical social manifestations are conceived as a self-defense against state violence inflicted on society or much of it.",
    "genres" : [ {
      "id" : 99,
      "name" : "Documentary"
    } ]
  }, {
    "id" : 389597,
    "title" : "The Man Who Couldn't Open Doors",
    "overview" : "Directed by Paul Arden",
    "genres" : [ ]
  }, {
    "id" : 389602,
    "title" : "Agent Sinikael",
    "overview" : "Hans Wild Duck Gens, an old school industrial spy becomes suicidally jealous when the firm brings in a German performance artist who becomes not only the top agent, but also replaces him in his girlfriend Monika's affections.",
    "genres" : [ {
      "id" : 12,
      "name" : "Adventure"
    }, {
      "id" : 18,
      "name" : "Drama"
    }, {
      "id" : 28,
      "name" : "Action"
    } ]
  }, {
    "id" : 389607,
    "title" : "Luminauts",
    "overview" : "Several performers in neon light-suits of various colors wield light wands and interact in a darkened studio to produce choreographed three dimensional volumes of light.",
    "genres" : [ ]
  }, {
    "id" : 389612,
    "title" : "Das Konzert",
    "overview" : "",
    "genres" : [ {
      "id" : 35,
      "name" : "Comedy"
    } ]
  }, {
    "id" : 389617,
    "title" : "Die Firma heiratet",
    "overview" : "",
    "genres" : [ {
      "id" : 35,
      "name" : "Comedy"
    } ]
  }, {
    "id" : 389622,
    "title" : "Breathin': The Eddy Zheng Story",
    "overview" : "Arrested at 16 and tried as an adult for kidnapping and robbery, Eddy Zheng served over 20 years in California prisons and jails. Ben Wang’s BREATHIN’: THE EDDY ZHENG STORY paints an intimate portrait of Eddy—the prisoner, the immigrant, the son, the activist—on his journey to freedom, rehabilitation and redemption.  BREATHIN’ moves with a deep, critical love, unafraid in confronting the hard truths of Eddy’s crime, the harsh realities of mass incarceration and the intertwined emotional hardships experienced by all involved. The film finds Eddy at many crossroads — in and out of parole hearings, organizing in the community, othered and at risk of deportation — his resilience and astounding compassion resounding throughout. In chronicling Eddy’s decades-long struggle for freedom, the film interrogates the complexities and hypocrisies of crime and punishment in the United States, raising the greater question: For whom are prisons for?",
    "genres" : [ {
      "id" : 99,
      "name" : "Documentary"
    } ]
  }, {
    "id" : 389627,
    "title" : "Nerdland",
    "overview" : "Samuel Goldwyn Films, Titmouse, and Fathom Events are excited to bring the theatrical premiere of the animated film Nerdland, to cinemas nationwide for a special one night event! Aspiring actor John (Paul Rudd) and wannabe screenwriter Elliot (Patton Oswalt) are slacker best friends who have seen their dreams of stardom fizzle. With their 30th birthdays looming, they set out on a mission to become famous in the 24/7, celebrity-obsessed world. Through it all, our disheartened duo inadvertently become key witnesses in a high profile crime that sets the news cycle on fire, making them household names... but only if they can survive the infamy and worldwide shame.",
    "genres" : [ {
      "id" : 16,
      "name" : "Animation"
    } ]
  }, {
    "id" : 389632,
    "title" : "Lessons in the Language of Love",
    "overview" : "Two people meet, they connect. One disconnects, the other can't and then it's all over. The definitive guide to a language harder to learn than Votyak but much more important.",
    "genres" : [ ]
  }, {
    "id" : 389637,
    "title" : "Tomboy",
    "overview" : "Melanie Scott is the ultimate tight end. She was into touch football with the team, until she found out touching the football team was more fun. Everybody scores with the Tomboy, and she'll show you some new plays too!",
    "genres" : [ ]
  }, {
    "id" : 389642,
    "title" : "The Broken Journey",
    "overview" : "Sen Gupta, a doctor who only treats upper-class patients, is forced to confront his own moral and medical beliefs as he discovers rural India during an unexpected stop at a village. He finds a breathless man lying on the side of the road. With little sympathy, the doctor sends him back to his own village for treatment. When Dr. Gupta discovers that the villages wants a witch doctor to treat the man, he attends the exorcism and is shocked. A transformation of the cold city man then follows.",
    "genres" : [ ]
  }, {
    "id" : 389647,
    "title" : "Luis",
    "overview" : "Luis talks about his life in the forest and how he fell in love with Lucia.",
    "genres" : [ ]
  }, {
    "id" : 389657,
    "title" : "Predchuvstviye",
    "overview" : "There are a small number of people for whom imagery and symbolism alone are sufficient reason to watch an otherwise difficult film such as this one. In the story, a boy, a woman and a cow seem to be the only survivors of a global catastrophe, except for whoever is following them threateningly in a tank. Slowly they put together what they need to survive, and despite the difficulty of all this, it looks as though the human race may just manage a new beginning. This simple, darkly imaged story is told with a very minimal amount of dialog. Sci-Fi and action fans may find the film disappointing, but conoisseurs of metaphor may find what they are looking for here.",
    "genres" : [ ]
  }, {
    "id" : 389662,
    "title" : "Fox Fears",
    "overview" : "In the evening of a village festival, a young boy named Bunroku goes to the festival with his friend and visits a clog shop on the way. There he learns an old superstition about the fox.",
    "genres" : [ {
      "id" : 16,
      "name" : "Animation"
    } ]
  }, {
    "id" : 389667,
    "title" : "Holy Shit!",
    "overview" : "One elephant lives in a mountain.  He spends his life drawing pictures and fishing.  Pigs with swollen crotches live in the city.  The city is full of towers.  One day a tower is built near the elephant’s cabin, the elephant starts to climb it.",
    "genres" : [ {
      "id" : 16,
      "name" : "Animation"
    } ]
  }, {
    "id" : 389672,
    "title" : "Helleborus Niger",
    "overview" : "A story of a father and a daughter. He projects the images of former himself on his daughter. Their feelings start to merge as their memories clearer.",
    "genres" : [ {
      "id" : 16,
      "name" : "Animation"
    } ]
  }, {
    "id" : 389677,
    "title" : "Blind Vaysha",
    "overview" : "From the moment she was born, Vaysha was a very special girl. With her left eye she can only see into the past, and with her right she can only see the future. The past is familiar and safe, the future is sinister and threatening. The present is a blind spot. In captivating parabolic imagery, the award-winning animation artist Theodore Ushev illustrates the world through Vaysha’s eyes.",
    "genres" : [ {
      "id" : 16,
      "name" : "Animation"
    } ]
  }, {
    "id" : 389682,
    "title" : "TNA Hard Justice 2005",
    "overview" : "Hard Justice (2005) was a professional wrestling pay-per-view (PPV) event produced by the Total Nonstop Action Wrestling (TNA) promotion, which took place on May 15, 2005 at the TNA Impact! Zone in Orlando, Florida. It was the first event under the Hard Justice chronology and the fifth event in the 2005 TNA PPV schedule. Eight matches and one pre-show match were featured on the event's card.  The main event was for the NWA World Heavyweight Championship between then-champion Jeff Jarrett and the challenger A.J. Styles with Tito Ortiz as Special Guest Referee.",
    "genres" : [ ]
  }, {
    "id" : 389687,
    "title" : "TNA Slammiversary 2005",
    "overview" : "Slammiversary (2005) was a professional wrestling pay-per-view (PPV) event produced by the Total Nonstop Action Wrestling (TNA) promotion, which took place on June 19, 2005 at the TNA Impact! Zone in Orlando, Florida. It was the first event under the Slammiversary chronology and the sixth event in the 2005 TNA PPV schedule. Nine professional wrestling matches, three of which featured championships, and one pre-show match were featured on the event's card. The event commemorated TNA's third-year anniversary, after forming on June 19, 2002.",
    "genres" : [ ]
  }, {
    "id" : 389692,
    "title" : "TNA Bound for Glory 2005",
    "overview" : "Bound for Glory (2005) was a professional wrestling pay-per-view (PPV) event produced by the Total Nonstop Action Wrestling (TNA) promotion that took place on October 23, 2005 at the TNA Impact! Zone in Orlando, Florida. It was the first event under the Bound for Glory name and tenth event in the 2005 TNA PPV schedule. The show was promoted as TNA's premiere PPV event and their equivalent to the rival World Wrestling Entertainment's (WWE) WrestleMania. Ten professional wrestling matches and one pre-show match were featured on the card, three of which involved championships.  The main event was for the NWA World Heavyweight Championship, in which champion Jeff Jarrett fought the challenger Rhino with Tito Ortiz as Special Guest Referee. The match was originally Jarrett versus Kevin Nash with Ortiz as referee, however Nash was not cleared to wrestle due to a medical emergency. A Ten-Man Gauntlet match was held to determine Nash's replacement, which Rhino won.",
    "genres" : [ ]
  }, {
    "id" : 389702,
    "title" : "Bizans Oyunları",
    "overview" : "",
    "genres" : [ {
      "id" : 35,
      "name" : "Comedy"
    } ]
  }, {
    "id" : 389707,
    "title" : "Das Geheimnis der Mittsommernacht",
    "overview" : "",
    "genres" : [ {
      "id" : 18,
      "name" : "Drama"
    } ]
  }, {
    "id" : 389712,
    "title" : "Scream for help",
    "overview" : "Used Google Translate",
    "genres" : [ {
      "id" : 18,
      "name" : "Drama"
    } ]
  }, {
    "id" : 389717,
    "title" : "See ya, Mr. Banno!",
    "overview" : "One day out of the blue Prof. Banno of came to school with his hair shaven.  Students made fun of his bald head.  Prof. Banno flew in a hot air balloon the next day.  Nobody knows anything about what happened to him after that",
    "genres" : [ {
      "id" : 16,
      "name" : "Animation"
    } ]
  }, {
    "id" : 389722,
    "title" : "A Band of Thieves",
    "overview" : "The story of a young, western-obsessed girl hell-bent on turning her quiet Texas suburb into the lawless playground of her imagination.",
    "genres" : [ ]
  }, {
    "id" : 389727,
    "title" : "Moms Favorite Babysitter",
    "overview" : "Mom has a favorite teenage sitter to call on and make a bet she is going to give it up!! The sweet taste of young juice is simply to irresistible. Watch how Rebecca sucks all of Victoria's essence! It seems as though it makes her a little high!!! Then see how Bianca's sitter Beverly has giant triple E breast - the love that is shared between an older younger couple is real... Hold on there is more meow meow! (sic)",
    "genres" : [ ]
  }, {
    "id" : 389732,
    "title" : "The Cat Lady",
    "overview" : "“A portrait of Carla Liss, evoking the atmosphere of the old horror films we both loved.”",
    "genres" : [ ]
  }, {
    "id" : 389737,
    "title" : "Couples Seeking Teens #3",
    "overview" : "Rebecca and Vannah make up after fighting over Rebecca not doing her work. Vannah's husband comes home and joins the fun. After being kicked out of her mother's house, Amia moves in with Zoey and Talon. Talon isn't very happy with the situation. He changes her mind. Ally is tricked and seduced into fucking her friend's mom and dad while she waits for her friend to get home. Devon and Randy will donate plenty of money towards Brittney's dance troupe, but in return she has to do something for them. Victoria the babysitter gets an old school spanking when Mellanie and Otto come home early to find her trying on Mellanie's clothes.",
    "genres" : [ ]
  }, {
    "id" : 389752,
    "title" : "The Arrival of Averill",
    "overview" : "In this highly symbolic political allegory, Averill is traveling through a troubled countryside amid rumors of war to visit his father. He reaches a train station in a city which is paralyzed by a transportation strike and is forced to take lodgings in a bizarre, unattractive town populated by seemingly malformed individuals. After a while, he begins to try to woo a much older woman, and symbolic images of entrapment, imprisonment and erotic enticement mark his adventures in this regard.",
    "genres" : [ ]
  }, {
    "id" : 389757,
    "title" : "2CELLOS - Back to the Roots",
    "overview" : "Luka Šulić and Stjepan Hauser along with the Zagreb Soloists performed two days in a row at the Lisinski Concert Hall presenting a classical music repertoire. During these unique music evenings, held on the 9th and the 10th of June, 2CELLOS showed how cello sounds while playing Vivaldi, Bach, Rachmaninov, Morricone, Zimmer ...",
    "genres" : [ {
      "id" : 10402,
      "name" : "Music"
    } ]
  }, {
    "id" : 389762,
    "title" : "Phantom City",
    "overview" : "In a big city, a young woman goes to see the film Naked Angels. It turns out to be a film noir that breaks through the fourth wall.",
    "genres" : [ {
      "id" : 16,
      "name" : "Animation"
    } ]
  }, {
    "id" : 389772,
    "title" : "המכבים: מחזמר 2015",
    "overview" : "",
    "genres" : [ ]
  }, {
    "id" : 389777,
    "title" : "Change Your Food Change Your Life",
    "overview" : "NEW! Change Your Food; Change Your Life - Professional 80 Minute DVD - Beautifully produced and packaged - BEST MONEY YOU COULD EVER SPEND ON YOURSELF -- SAVE THOUSANDS OF DOLLARS ON MEDICAL COSTS. FEEL AND LOOK GREAT! Illustrates the health benefits of a plant-based diet that can help you regain lost energy, lose weight, and avoid cancer, heart disease, diabetes, etc. Packed with practical advice on how to change your life by changing the food you eat.",
    "genres" : [ ]
  }, {
    "id" : 389782,
    "title" : "Reinventing the Square Wheel",
    "overview" : "On various forms expanded in all directions and a dance by a man in tights.",
    "genres" : [ {
      "id" : 16,
      "name" : "Animation"
    } ]
  }, {
    "id" : 389787,
    "title" : "ImZoo",
    "overview" : "Signs such as circles, points, and lines get together to make the shape of a ‘bear’.  ‘The bear’ starts to walk to find the concrete places and comes across animals in the forest.  We tend to find a story in the relationship between ‘The bear’ and other animals.",
    "genres" : [ {
      "id" : 16,
      "name" : "Animation"
    } ]
  }, {
    "id" : 389792,
    "title" : "Bhagavata Purana - Yadunath Maharaja",
    "overview" : "Shrimad Bhagavad (Bhagavata Purana) saptah as read by Shri Yadunathji Mahodayshri following the Pushtimargiya traditions. His discourse on Shrimad Bhagvatji has mesmerized vaishnavs and earned him lot of respect. His Holiness has minutely explained the principles of seva kram and transferred the vaishanavs from doing mere “reet” to do “preet”. Shri YADUNATHJI has made enormous efforts for propagating Pushtimarg to the whole world.This is the 7 day reading and discourse following the tradition of the Bhagavad saptah as described by Shri Yadunathji.",
    "genres" : [ {
      "id" : 99,
      "name" : "Documentary"
    } ]
  }, {
    "id" : 389797,
    "title" : "Tumbled Cat",
    "overview" : "A record of sensation and signs of watching tumbling, moving and then floating",
    "genres" : [ {
      "id" : 16,
      "name" : "Animation"
    } ]
  }, {
    "id" : 389807,
    "title" : "Nadie Canta Sobre Viejas",
    "overview" : "",
    "genres" : [ ]
  } ]
}