{
  "movies" : [ {
    "id" : 325532,
    "title" : "Brice Marden",
    "overview" : "After a few seconds of footage from 1968 of the artist working, this powerful film moves into 1976, providing an intimate look at the enigmatic abstract painter, Brice Marden. Shot in 16mm shortly after Marden's 1975 exhibition at the Guggenheim, this film reveals, through interviews with Marden and numerous shots of his preparations and working process, the depth of intellectual creativity behind his works.",
    "genres" : [ ]
  }, {
    "id" : 325537,
    "title" : "Neenade Naa",
    "overview" : "Based on a true story, Dev (Prajwal Devraj), an assistant director, is struggling with his career and love life. Ankita (Ankita Maheshwari) is the girl with whom he falls in love. He spends time with her by dropping her to work, singing songs to her and watching movies with her. But when Ankita realizes it is not just friendship but love, she dumps him and asks him to move on. To get over his first love, he then falls in love with Pavi (Priyanka Kandwal). Will Pavi too dump Dev like Ankita? The movie also deals with the issue of women’s empowerment and stresses the need of women being independent in today's world.",
    "genres" : [ ]
  }, {
    "id" : 325542,
    "title" : "Canadian Muscle",
    "overview" : "As the last day of class draws to a close, headstrong high school senior Derek sets out in search of his first set of wheels. Meanwhile, his colorful gang of pals, lead by muscle car driving Shaden, make their plans for the first night of summer vacation.",
    "genres" : [ ]
  }, {
    "id" : 325547,
    "title" : "My Geeky Nerdy Buddies",
    "overview" : "Otaku and his roommate Mr. Cheap as known as the ultimate geeks of their university. However, like any normal guy, their goal is to fall in love with their girls of their dreams. To get close to his goddess Mei, Mr. Cheap pretends to be a spoiled rich kid, appearing everywhere she goes. Meanwhile, the introverted Otaku tries to create a chance to talk to class beauty Ling by running into her in the hallway, only to have his plan fall awkwardly.",
    "genres" : [ {
      "id" : 10749,
      "name" : "Romance"
    }, {
      "id" : 35,
      "name" : "Comedy"
    } ]
  }, {
    "id" : 325562,
    "title" : "The Greatest House in the World",
    "overview" : "Rocio, a Maya Mam girl, lives in the mountains with her mother, who is pregnant and her granny. Due to an early delivery from her mother, Rocio is stuck with caring for a herd of sheep, the first time she has done it on her own. Playing in the mountains she loses one of the sheep. Looking for it, she will lose the rest of the herd. In the midst of this tragedy, Rocio will have to face her innocence, conquer her fear of fog and learn that freedom entails responsibility. Nature will teach her that you do not have to defeat your fears, you just have to experience them. The Greatest House in the World is a story of children -which we all are- when facing fears, the unknown, the uncertain... the fog.",
    "genres" : [ {
      "id" : 18,
      "name" : "Drama"
    } ]
  }, {
    "id" : 325567,
    "title" : "Nobita's the Night Before a Wedding",
    "overview" : "The movie starts with Dekisugi expressing his love to Shizuka which makes Nobita cry (even though it was a rehearsal for a play in Nobita's school—Nobita thought that it could influence Shizuka to marry Dekisugi). He goes to Doraemon, asking him to take him to the future to see if he and Shizuka will marry",
    "genres" : [ ]
  }, {
    "id" : 325572,
    "title" : "The Dave Clark Five and Beyond: Glad All Over",
    "overview" : "Three British bands defined the British Invasion of 1964 which changed America. The Beatles, the Rolling Stones and the Dave Clark Five.  Fifty years later this film tells the story of the Dave Clark Five, their emergence from working-class Tottenham, their unique sound, their close friendship, their self-managed business philosophy and the youthful exuberance with which they captured the USA.",
    "genres" : [ {
      "id" : 10402,
      "name" : "Music"
    }, {
      "id" : 99,
      "name" : "Documentary"
    } ]
  }, {
    "id" : 325577,
    "title" : "Odessa",
    "overview" : "Short - The late Yolanda King (Dr. Martin Luther King Jr.'s) daughter, gives a dynamic shattering performance as Odessa, a nanny that comes to the Spinelli household in upstate New York in 1969. Odessa quickly bonds with their only child Lisa, and together they learn how to deal with desegregation, family values and forgiveness during a very turbulent time in American History. Odessa a story of love, forgiveness and the courage to stand up for yourself as long as no one gets hurt. -  Brenda Grate, Amy Lyndon, Rae'Ven Larrymore Kelly",
    "genres" : [ ]
  }, {
    "id" : 325582,
    "title" : "The Tuskegee Airmen: They Fought Two Wars",
    "overview" : "A documentary filmed at Moton Field in Tuskegee Alabama, home to the airmen of the 99th Fighter Squadron. They were the first African American fighter pilots trained to fly in the U.S. Army Air Corps during World War II. Nearly 1,000 pilots trained in Tuskegee and about half of those saw combat, destroying or damaging about 400 enemy aircraft, but found themselves fighting two wars-- the one against fascism abroad, and the one against racism at home.",
    "genres" : [ {
      "id" : 99,
      "name" : "Documentary"
    } ]
  }, {
    "id" : 325587,
    "title" : "Los Fabulosos Cadillacs - Lo Esencial",
    "overview" : "Essentials of Cadillacs complete with comprehensive menu . This is a special compiled with hits of the band Vicentico with video images of the concerts Hello and Chau material farewell Fabulous Cadillacs in vivo. Originally accompanied this DVD three CDs with the successes of Cadillacs .",
    "genres" : [ ]
  }, {
    "id" : 325592,
    "title" : "Camp Belvidere",
    "overview" : "Camp Belvidere is a lesbian romance set in the 1950s about the coming of age of Camp Leader Rose and her forbidden encounter with Nurse Gin. It depicts the journey and evolution of a friendship into a romance between two women when their rapport would have been unlikely.",
    "genres" : [ {
      "id" : 10749,
      "name" : "Romance"
    }, {
      "id" : 18,
      "name" : "Drama"
    } ]
  }, {
    "id" : 325597,
    "title" : "Now and Then: From Frosh to Seniors",
    "overview" : "Daniel Geller - NOW &amp; THEN is a four-year journey through the American rite of passage known as college. This feature-length documentary follows ten undergraduates at Stanford University from move-in day to graduation, from their last days as teenagers to their first days as adults. NOW &amp; THEN is at once a reflection on college life and a portrait of ten diverse twenty-somethings traversing the path to adulthood. -",
    "genres" : [ ]
  }, {
    "id" : 325602,
    "title" : "Somewhere Else Tomorrow",
    "overview" : "Documentary - War zone borders, engine trouble and the difficulties of making money to survive couldn't outweigh the thrill of adventure and discovery Daniel Rintz encountered while motorcycling around the world for two and a half years.",
    "genres" : [ {
      "id" : 99,
      "name" : "Documentary"
    } ]
  }, {
    "id" : 325607,
    "title" : "Lisa's Nightmares",
    "overview" : "Omnibus in which horror-movie actress Lisa Cook is menaced by various monsters and psychos in her dreams.",
    "genres" : [ ]
  }, {
    "id" : 325612,
    "title" : "Lisa's Nightmares 3",
    "overview" : "Omnibus vehicle for Lisa Cook in which she dreams of being a vampire, being a mob boss, a date gone wrong and being murdered in various sundry ways.",
    "genres" : [ ]
  }, {
    "id" : 325617,
    "title" : "Lisa Cook's Deadly Workout",
    "overview" : "Lisa Cook, as the various characters from her films, battles monsters and psychos while staying in shape.",
    "genres" : [ ]
  }, {
    "id" : 325622,
    "title" : "The Hound of the Baskervilles",
    "overview" : "After the death in suspicious circumstances of Charles Baskerville, the last descendant of the lineage of the Baskervilles, Henry, returned to the old family mansion. The charismatic detective Sherlock Holmes and his faithful assistant, Dr. Watson, investigating the case, and discover the existence of a supernatural hound that in addition murderer according to history, killed many years ago Hugo Baskerville, the first of the line, and it seems that the curse stalks his descendants.",
    "genres" : [ {
      "id" : 9648,
      "name" : "Mystery"
    } ]
  }, {
    "id" : 325637,
    "title" : "Toms: The Complex World of Female Love in Thailand",
    "overview" : "Thailand's 'toms' (as in tomboys) inhabit a unique place on the gender spectrum. They are girls who dress and act in a masculine way, typically sporting a uniform look of short hair, t-shirts and jeans. But toms don't consider themselves trans or even lesbians, despite the fact that they date women (often girly 'dees' or other toms).",
    "genres" : [ {
      "id" : 99,
      "name" : "Documentary"
    } ]
  }, {
    "id" : 325642,
    "title" : "Lo Mejor de Jaime Garzón",
    "overview" : "",
    "genres" : [ {
      "id" : 99,
      "name" : "Documentary"
    }, {
      "id" : 36,
      "name" : "History"
    }, {
      "id" : 10770,
      "name" : "TV Movie"
    } ]
  }, {
    "id" : 325647,
    "title" : "La Baston",
    "overview" : "After doing some time in jail, René has finally said goodbye to his criminal past. But when his son is mortally ill and in desperate need of expensive medical help, René can't refuse the offer to crack a safe in a villa. What René and his pals don't know is that they serve as a decoy for criminals who have much bigger plans. Can he escape from the police?",
    "genres" : [ {
      "id" : 18,
      "name" : "Drama"
    }, {
      "id" : 80,
      "name" : "Crime"
    } ]
  }, {
    "id" : 325652,
    "title" : "Handy Manny: Fixing It Right",
    "overview" : "A show about handyman Manny Garcia and his helpful talking tools, who make repairs and fix problems in the small town of Sheetrock Hills.  Features Manny To The Rescue, Felipe Strikes Out, Pat's Big Idea, Rusty To The Rescue and Detective Dusty.",
    "genres" : [ ]
  }, {
    "id" : 325662,
    "title" : "Der Familie Popolski - Live in der Zloty-Palast",
    "overview" : "",
    "genres" : [ {
      "id" : 10402,
      "name" : "Music"
    } ]
  }, {
    "id" : 325667,
    "title" : "Las Calles Siguen Ardiendo",
    "overview" : "",
    "genres" : [ ]
  }, {
    "id" : 325672,
    "title" : "Sprache: Sex",
    "overview" : "Sex is the most beautiful thing in the world. But talking about it without straying into lasciviousness or becoming inhibited remains tricky. Sprache:Sex places its trust in the power of free expression, the art of conversation, the miracle of the encounter. Sixteen people aged between 13 and 74 prove themselves to be practitioners of these disciplines. It is a matter of insecurities and desires, of preferences and turn offs, of varieties of love and life. A representative cross-section of society? Surely not! Statistically useful results? Even less so! A fanatical handing out of advice? Not a bit of it! Instead, it is a bold experimental set-up. Sober and playful. A documentary dance whose whole is more than the sum of its parts. Who should care? Actually, everybody.",
    "genres" : [ ]
  }, {
    "id" : 325677,
    "title" : "Sur la route d'Okinawa",
    "overview" : "",
    "genres" : [ ]
  }, {
    "id" : 325682,
    "title" : "Der Metzger und der Tote im Haifischbecken",
    "overview" : "",
    "genres" : [ {
      "id" : 35,
      "name" : "Comedy"
    }, {
      "id" : 80,
      "name" : "Crime"
    } ]
  }, {
    "id" : 325687,
    "title" : "Doshomi",
    "overview" : "The film is about two childhood friends Abhi and Tuli (played by Indraneil Sengupta and Koel Mullick) and begins on a very promising note. They are the ‘bestest of friends’, closer than anyone can hope to be, but Abhi does fall in love with Tuli over a period of time which she doesn’t realise and confesses his feelings to her when she comes to town for the pujas after 3 long years. However for her , Abhi can only be her closest friend and confidante who is more than a soul mate to her but can’t be her boyfriend as she just can’t think of him in that way.",
    "genres" : [ {
      "id" : 10749,
      "name" : "Romance"
    }, {
      "id" : 18,
      "name" : "Drama"
    } ]
  }, {
    "id" : 325692,
    "title" : "After Work",
    "overview" : "A documentary focusing on group leisure activities.",
    "genres" : [ {
      "id" : 99,
      "name" : "Documentary"
    } ]
  }, {
    "id" : 325697,
    "title" : "Dårskapens hus",
    "overview" : "In Stockholm in the year 2248 an excavation leads to the discovery of 45,000 meters of film from the 1940's master director Hasse Ekman . The material is in a disarray but the Society for Ancient Film Research compiles the material after what is believed to have been the master's artistic intentions",
    "genres" : [ {
      "id" : 35,
      "name" : "Comedy"
    } ]
  }, {
    "id" : 325702,
    "title" : "Banana Ridge",
    "overview" : "When Susie Long appears, together with her 20 year old son, Pink and Pound are thrown into confusion that one of them could be his father.",
    "genres" : [ {
      "id" : 35,
      "name" : "Comedy"
    } ]
  }, {
    "id" : 325707,
    "title" : "PWG: Pimpin' In High Places",
    "overview" : "1. Phoenix Star vs. Puma vs. Zokre  2. Aerial Xpress (Quicksilver &amp; Scorpio Sky) vs. The Havana Pitbulls (Ricky Reyes &amp; Rocky Romero)  3. \"Photogenic\" Chris Bosh vs. Excalibur  4. The Ballard Brothers (Shane &amp; Shannon Ballard) vs. Jardi Frantz &amp; MDogg 20  5. Samoa Joe vs. BJ Whitmer  6. \"Classic\" Colt Cabana, Super Dragon, &amp; \"Scrap Iron\" Adam Pearce vs. \"The Future\" Frankie Kazarian, CM Punk, &amp; Joey Ryan",
    "genres" : [ ]
  }, {
    "id" : 325712,
    "title" : "Cool Cat Saves the Kids",
    "overview" : "Cool Cat is the coolest cat in town. All the kids love him. Except for the bully Butch, who hates Cool Cat for his coolness. He terrorizes Cool Cat, his friends and family with threats, taunting, and the internet. Can Cool Cat face his fears and defeat the bully Derrick.",
    "genres" : [ {
      "id" : 28,
      "name" : "Action"
    }, {
      "id" : 35,
      "name" : "Comedy"
    }, {
      "id" : 80,
      "name" : "Crime"
    }, {
      "id" : 18,
      "name" : "Drama"
    }, {
      "id" : 10751,
      "name" : "Family"
    }, {
      "id" : 14,
      "name" : "Fantasy"
    }, {
      "id" : 10402,
      "name" : "Music"
    }, {
      "id" : 53,
      "name" : "Thriller"
    } ]
  }, {
    "id" : 325717,
    "title" : "Hell Hath No Fury",
    "overview" : "HELL HATH NO FURY is the new film from Creepy Six Films (Vampires vs. Zombies; Human Nature), an independent horror film company based in Vancouver, B.C. Hell Hath No Fury is a balls-out horror anthology that is a bloody and erotic mix of stories in the style of the horror-lit anthologies. The Hot Blood Series and comedic horror shows like Tales form the Crypt. Spiced with liberal -and very gory- doses of wicked inspiration from classic revenge films like Ms. 45, I Spit on Your Grave, Irreversible, and Last House on the Left, Creepy Six Films' Hell Hath No Fury is a funny, sexy, gory, disturbing and exciting ride into an insanely twisted world where the women scorned exact their vengeance like never before.",
    "genres" : [ {
      "id" : 27,
      "name" : "Horror"
    } ]
  }, {
    "id" : 325722,
    "title" : "Thirupathi Express",
    "overview" : "Thirupathi Express' is a clean fun-filled family entertainer, starring Sumanth Shailendra and Kriti Kharbanda in the lead roles. . The film is a travel love story. The family of Sumanth is bound to Tirupathi, while on the journey he meets many characters, turning out to be a roller coaster ride of adventure. What happens when he misses the train, forms the crux of the story.",
    "genres" : [ ]
  }, {
    "id" : 325727,
    "title" : "Burning Passion",
    "overview" : "The heartwarming story about a guy who ejaculates fire.",
    "genres" : [ ]
  }, {
    "id" : 325732,
    "title" : "Godard 1980",
    "overview" : "",
    "genres" : [ {
      "id" : 99,
      "name" : "Documentary"
    } ]
  }, {
    "id" : 325742,
    "title" : "Skiing On My Mind",
    "overview" : "What do you think about all day: snow, winter, chairlifts, powder? Don’t worry, you certainly aren’t the only person with Skiing on their Mind. Join Warren Miller as well as skiers like Fred Noble, Wayne Wong, Floyd Wilkie, John Clandenen, Eddie Lincoln, and even U.S. President Gerald Ford as they travel and ski some of the most famous resorts on the planet. All across the U.S. from Sun Valley down to Vail and Copper, over to Lake Tahoe, and even Austria, Warren Miller takes you on an epic trip that will remind just why skiing is always on your mind.",
    "genres" : [ ]
  }, {
    "id" : 325747,
    "title" : "A Cuillin Rising",
    "overview" : "In a shadowy caravan on a Scottish Island, teenage lovers, Sorley and Maggie spend time awkwardly, stalked by the haunting presence of Sorley's father. Arrested by this and by their feelings for each other, the couple seek escape, where a Cuillin rises out of the sea.",
    "genres" : [ ]
  }, {
    "id" : 325752,
    "title" : "Bete",
    "overview" : "Directed by V. Somasekhar.",
    "genres" : [ ]
  }, {
    "id" : 325757,
    "title" : "Eskimo Kiss",
    "overview" : "A young man with a disability experiences intimacy for the first time.",
    "genres" : [ ]
  }, {
    "id" : 325762,
    "title" : "Meconium",
    "overview" : "Owain's girlfriend Lorna has gone into labour unexpectedly. The baby is stuck in its sac and Owain's the only one who can do anything about it. Has he got what it takes when life gets messy?",
    "genres" : [ ]
  }, {
    "id" : 325767,
    "title" : "The Balloonist",
    "overview" : "Watch and be amazed at the fantastically bizarre adventures of Col. Buck Mulligan! After completing his goal, of circumnavigating the globe by way of hot-air balloon, he finds himself faced with an impossible dilemma: the balloon continues to rise!",
    "genres" : [ ]
  }, {
    "id" : 325772,
    "title" : "The Fort",
    "overview" : "On a rainy day, a young boy builds a fort in the woods when a man appears and offers to help.",
    "genres" : [ {
      "id" : 18,
      "name" : "Drama"
    } ]
  }, {
    "id" : 325777,
    "title" : "Two-Legged Rat Bastards",
    "overview" : "A short film based on the story by Daniel Wallace (Big Fish) detailing the strange estrangement of an elderly father and his son. Set on a park bench in the present day, Eddie, a cantankerous old alcoholic, attempts to connect with his son Winstead, who's spent the majority of his adult life trying to get away from him. In the course of their conversation Eddie reveals how he lost his leg - in a high stakes poker game 30 years ago.",
    "genres" : [ ]
  }, {
    "id" : 325782,
    "title" : "Far from Jordbro",
    "overview" : "Forty years ago, the first film about the Jordbro families was released. The latest one came out in 2006. When Rainer Hartleb once more trains his camera on the families, the children of the Jordbro children have grown up and live far from the area where the Jordbro story began.",
    "genres" : [ {
      "id" : 99,
      "name" : "Documentary"
    } ]
  }, {
    "id" : 325792,
    "title" : "Dinosaurs Decoded",
    "overview" : "New evidence has paleontologists questioning whether a third of all dinosaur species ever existed. Could some discoveries once thought to be distinct species, in fact, be the same species at different stages of development?  National Geographic joins famed paleontologists—including Jack Horner, a contributing expert to the Jurassic Park films—who are challenging the long held belief that young dinosaurs looked like miniature versions of their parents.",
    "genres" : [ {
      "id" : 99,
      "name" : "Documentary"
    } ]
  }, {
    "id" : 325797,
    "title" : "Hoomania",
    "overview" : "When Kris tells Sam Weatherfield, the inventor, about breaking his parent’s window and running away, Sam has Kris play a strange, colorful game called HOOMANIA.  As Kris places his piece on the board, he is zapped INSIDE the game, full of life-sized animated characters like the daffy Dodo Bird or the goodie-gobbling sluggards.  These crazy creatures, and others, either help or hinder Kris in his race to Mount Wisdom.  Through his fantastic adventure, Kris learns the true meaning of “wisdom”.",
    "genres" : [ {
      "id" : 16,
      "name" : "Animation"
    }, {
      "id" : 10751,
      "name" : "Family"
    } ]
  }, {
    "id" : 325807,
    "title" : "Hypebeasts",
    "overview" : "\"Hypebeasts,\" A boy's desire to cop the most coveted pair of sneakers is quickly replaced with the fear that he and his sister are in danger when racial tensions explode in a sneaker line in NYC. HD Version",
    "genres" : [ ]
  }, {
    "id" : 325812,
    "title" : "Saat Pake Bandha",
    "overview" : "Archana (Suchitra Sen) falls in love with Sukhendu (Soumitra Chatterjee), a serious University Lecturer, much to the chargin her snobbish and interfering mother (Chhaya Devi) for whom Sukhendu is just not good enough for her daughter or their family. Archana however, is adamant and with the approval of her father (Pahadi Sanyal) gets married to Sukhendu. The mother continues to interfere in the marriage constantly reminding her son-in-law of his poverty. Suffering from divided loyalties, Archana's problems are aggravated when Sukhendu insists she sever all ties with her mother. Archana separates from Sukhendu and stays independently completing her studies. When she finally accepts her wifely duties and returns home it is too late as Sukhendu has resigned and gone abroad.",
    "genres" : [ {
      "id" : 18,
      "name" : "Drama"
    } ]
  }, {
    "id" : 325817,
    "title" : "Story of a Girl Alone",
    "overview" : "A chronicle of the different reactions of a girl when she finds that her boyfriend decides to end their relationship.",
    "genres" : [ {
      "id" : 18,
      "name" : "Drama"
    } ]
  }, {
    "id" : 325822,
    "title" : "The Cannibals",
    "overview" : "A man (Chang Yi) is looking for stolen money (gold coins) and seeking revenge for the death of his master.",
    "genres" : [ {
      "id" : 28,
      "name" : "Action"
    } ]
  }, {
    "id" : 325827,
    "title" : "Dead Still",
    "overview" : "Upon the death of his great grandfather, Brandon Davis a wedding photographer inherits an antique camera famous for taking Victorian death photography. After photographing his subjects they start to die from horrible, bizarre deaths.",
    "genres" : [ {
      "id" : 27,
      "name" : "Horror"
    }, {
      "id" : 878,
      "name" : "Science Fiction"
    }, {
      "id" : 53,
      "name" : "Thriller"
    } ]
  }, {
    "id" : 325837,
    "title" : "Coup Manqué",
    "overview" : "Short horror film, further information TBA",
    "genres" : [ {
      "id" : 27,
      "name" : "Horror"
    }, {
      "id" : 80,
      "name" : "Crime"
    } ]
  }, {
    "id" : 325842,
    "title" : "Murder: By Reason of Insanity",
    "overview" : "A crime drama dircted by Anthony Page.",
    "genres" : [ {
      "id" : 80,
      "name" : "Crime"
    }, {
      "id" : 18,
      "name" : "Drama"
    } ]
  }, {
    "id" : 325847,
    "title" : "This Wrestling Life",
    "overview" : "An insider's journey through the bizarre and highly charged world of the professional wrestling industry.",
    "genres" : [ {
      "id" : 99,
      "name" : "Documentary"
    } ]
  }, {
    "id" : 325852,
    "title" : "Ich, der Boss",
    "overview" : "",
    "genres" : [ {
      "id" : 35,
      "name" : "Comedy"
    } ]
  }, {
    "id" : 325857,
    "title" : "Jacks Baby",
    "overview" : "",
    "genres" : [ {
      "id" : 35,
      "name" : "Comedy"
    } ]
  }, {
    "id" : 325862,
    "title" : "Luchadoras",
    "overview" : "Documentary about the indigenous female wrestlers of the Bolivian Andes.",
    "genres" : [ {
      "id" : 99,
      "name" : "Documentary"
    } ]
  }, {
    "id" : 325892,
    "title" : "Hunterrr",
    "overview" : "Hunterrrrr: 1. Someone that is always looking to score with women. 2. Someone that is always alert to the presence of women around him.",
    "genres" : [ ]
  }, {
    "id" : 325897,
    "title" : "Bloody Wings",
    "overview" : "A Thriller/Romance/Comedy - A mysterious man is sent to protect a woman against her sister's attempts to have her killed. In the process, the man and woman fall in love.",
    "genres" : [ ]
  }, {
    "id" : 325902,
    "title" : "Indiscretion",
    "overview" : "INDISCRETION Drama/Suspense USA. 85 min. 2006 A harrowing morality tale of past sins exposed and old wounds reopened. Two brothers have conflict over their abusive father, interconnects with a 12-year-old's fate that hinges on a prayer and a balloon carrying a message as Sophia endures a bleak existence with the constant battering at the hands of her sadistic mother, Melba. Unbeknownst to Sophia, the note becomes the catalyst that will affect her life and the lives of others.",
    "genres" : [ ]
  }, {
    "id" : 325907,
    "title" : "Docent",
    "overview" : "Filmed in Historic Pensacola Village, The Docent offers a look at the lifestyles and history of the settlers who established Pensacola. Join the docent, long-time Pensacola resident Jacquelyn Drewett, on her tour. She's is a retired educator, and it shows. The tour is wonderful. Take a walk through the Village and get to know some of the colorful and hearty characters who lived there.Filmed in Historic Pensacola Village, The Docent offers a look at the lifestyles and history of the settlers who established Pensacola. Join the docent, long-time Pensacola resident Jacquelyn Drewett, on her tour. She's is a retired educator, and it shows. The tour is wonderful. Take a walk through the Village and get to know some of the colorful and hearty characters who lived there.",
    "genres" : [ ]
  }, {
    "id" : 325912,
    "title" : "Dr. Qassimlu Street",
    "overview" : "After nearly getting caught by the dreaded \"Bat Guards\" for placing political posters, Hawar meets the lovely Hiro, a young girl who offers him shelter and helps him hide from the brutal secret police. In Hiro, Hawar finds a kindred spirit that like himself yearns for freedom and self-expression under a suppressive regime. Hiro's brother Shooresh supports Hawaar's underground activities and is sympathetic to Hawaar's feelings for his sister. But Hiro's cousin Houmayoun is also courting Hiro.",
    "genres" : [ ]
  }, {
    "id" : 325917,
    "title" : "MONARCH Three 2012",
    "overview" : "Army intelligence is using classified anti-personnel weapons to target activists and whistleblowers.",
    "genres" : [ ]
  }, {
    "id" : 325922,
    "title" : "Shalom Sesame - Grover Learns Hebrew",
    "overview" : "Join Grover as he learns lots of new words in Hebrew and is welcomed by the Rechov Sumsum family. Come along and sing the Aleph-Bet song and find out what Grover's favorite Hebrew word is.",
    "genres" : [ ]
  }, {
    "id" : 325927,
    "title" : "View from Itford Hill",
    "overview" : "Continuously moving across a hazy landscape, translucent layers multiplying and decreasing, with several points of view across land and screen surfaces.",
    "genres" : [ ]
  }, {
    "id" : 325932,
    "title" : "I Died",
    "overview" : "Shot entirely from the perspective of a murdered woman, we explore the home and lives of four Seattle roommates. It's a very raw view into what drives these friends, and why someone might have committed murder. This ultra-low budget film is shot completely in real time and with a single camera move. There is a bit of strong language, adult situations, and very mild violence.",
    "genres" : [ ]
  }, {
    "id" : 325937,
    "title" : "Colourge",
    "overview" : "Video by Richard Layzell.",
    "genres" : [ ]
  }, {
    "id" : 325942,
    "title" : "The Club of Ugly Children",
    "overview" : "Under president Isimo, the Netherlands must be made clean and fresh. All ugly children are deported, but some escape and launch an uprising. Adapted from Koos Meinderts’ children’s book.",
    "genres" : [ {
      "id" : 12,
      "name" : "Adventure"
    }, {
      "id" : 10751,
      "name" : "Family"
    } ]
  }, {
    "id" : 325947,
    "title" : "Dr Breakfast",
    "overview" : "One day at breakfast, a man's soul bursts out of his eyeball. While the soul roams the earth eating everything in sight, two wild deer bathe, clothe, and feed the man's catatonic body. A surreal meditation on the quirky but rejuvenating nature of friendship.",
    "genres" : [ ]
  }, {
    "id" : 325952,
    "title" : "Calling the Shots",
    "overview" : "Mark Wilcox breaks all the rules of narrative video, with an ambition to take the themes and preoccupations of art video practice into a more professional arena and a potentially rewarding new ground.",
    "genres" : [ ]
  }, {
    "id" : 325957,
    "title" : "Jim Cornette Live In Manchester",
    "overview" : "Jim covers topics such as Working with and being fired by TNA, Shooting on Russo’s Brawl For All concept, Memories of The Big Bossman, Thoughts on Eric Bischoff, Jim Cornette’s Time in ROH, And much more…",
    "genres" : [ ]
  }, {
    "id" : 325967,
    "title" : "Flugten",
    "overview" : "",
    "genres" : [ {
      "id" : 18,
      "name" : "Drama"
    }, {
      "id" : 80,
      "name" : "Crime"
    } ]
  }, {
    "id" : 325972,
    "title" : "El mundo de Fructuoso Gelabert",
    "overview" : "",
    "genres" : [ ]
  }, {
    "id" : 325977,
    "title" : "Nike of Samothrace",
    "overview" : "A blacksmith and a car mechanic, harboring a hostile relationship they inherited from their grandfathers, must come to terms with a new way of dealing with each other, when the blacksmith faces economic struggle and the mechanic offers to buy him out.",
    "genres" : [ ]
  }, {
    "id" : 325982,
    "title" : "Le chien",
    "overview" : "In 1970, Tahar, a young Tunisian, travels to France for the first time to help his older brother, who is wrongly accused of murder and incarcerated in Paris. He first stops in Marseille, where he meets Tunisians very different from those familiar to him; enigmatic French people; and a strange atmosphere that makes him doubt his brother’s innocence, his own innocence and his own mental integrity.",
    "genres" : [ {
      "id" : 18,
      "name" : "Drama"
    } ]
  }, {
    "id" : 325987,
    "title" : "Spitfire Guardians",
    "overview" : "Spitfire Guardians have captured the experiences of the pilots involved in the Battle of Britain. Their pain, sorrow, joy and affection. Narrated by Charles 'Bud' Tingwell.",
    "genres" : [ {
      "id" : 99,
      "name" : "Documentary"
    } ]
  }, {
    "id" : 325992,
    "title" : "Saving Africa's Giants With Yao Ming",
    "overview" : "Basketball superstar and wildlife advocate Yao Ming travels to Africa to help spread awareness about the cruelty of poaching. Yao sees for himself the evidence of a losing battle, where Africa's giants are senselessly slain every day for their tusks.",
    "genres" : [ ]
  }, {
    "id" : 325997,
    "title" : "Mark Knopfler - Live In Berlin 2007",
    "overview" : "Mark Knopfler performing live in Meistersaal, Berlin, 2007-09-10, as a part of his promo tour for the album \"Kill To Get Crimson\".",
    "genres" : [ {
      "id" : 10402,
      "name" : "Music"
    } ]
  }, {
    "id" : 326002,
    "title" : "Condominium",
    "overview" : "A new condominium is built right on the beach in Florida. Well, mother nature takes that as a challenge and decides to throw a hurricane at it. Of course, there is the mix of the mistress and wife finding out about each other, substandard building supplies, and stubborn people that won't evacuate.",
    "genres" : [ {
      "id" : 28,
      "name" : "Action"
    }, {
      "id" : 18,
      "name" : "Drama"
    } ]
  }, {
    "id" : 326007,
    "title" : "An Idiot's Guide to Politics",
    "overview" : "Comedian Jolyon Rubinstein is on a mission. He wants to find out why the Facebook generation is so disengaged from politics. With the general election just around the corner, according to a recent survey less than a quarter of under 25s plan to vote. Is this just apathy and ignorance? Or is something else going on? The film is packed with stunts, pranks and some pretty serious interviews in which Jolyon seeks to find the answers.\r On the way he takes a fire engine armed with fireproof underpants to Conservative Party HQ ('liar, liar, pants on fire'); visits UKIP HQ to use his lie-detecting test to help Nigel Farage root out members hiding a BNP past; takes a union leader a statue of Ed Miliband as Wallace to thank him for getting Ed elected Labour leader - a present from the Conservatives; and tries to raise £50k to have dinner with the PM - it's the going rate for Tory Party donors, he learns.",
    "genres" : [ {
      "id" : 99,
      "name" : "Documentary"
    } ]
  }, {
    "id" : 326012,
    "title" : "Frankenstein",
    "overview" : "Staying as close to the novel as much as possible. Victor Frankenstein creates a chemical that could bring the dead back to life.",
    "genres" : [ {
      "id" : 27,
      "name" : "Horror"
    } ]
  }, {
    "id" : 326017,
    "title" : "Yo y mi bicicleta",
    "overview" : "",
    "genres" : [ ]
  }, {
    "id" : 326022,
    "title" : "Spécial investigation - Caprices de riches",
    "overview" : "",
    "genres" : [ ]
  }, {
    "id" : 326027,
    "title" : "New York City Ballet Workout Vol. 1",
    "overview" : "Learn to develop lean abs, firm glutes, sculpted legs, strong arms, perfect posture-and a dancer's grace and poise. Created by Ballet Master Peter Martins and New York City Ballet in association with New York Sports Club, featuring company dancers, this is a workout you'll love: stretches and exercises that blend art with fitness. Introduced by Sarah Jessica Parker.",
    "genres" : [ ]
  }, {
    "id" : 326032,
    "title" : "Wasted Time",
    "overview" : "Accused of a crime he did not commit, Tommy decides to take the blame and serve a sentence at Glasgow’s Barlinnie prison, presuming his family will be looked after. However, he finds himself at the mercy of prison life whilst his family are left to fend for themselves. When he is finally released he is forced to pick up the pieces of his life and face the reality of his situation.",
    "genres" : [ {
      "id" : 18,
      "name" : "Drama"
    } ]
  }, {
    "id" : 326037,
    "title" : "Tiger!",
    "overview" : "Tiger! is a compelling story about a wrestling legend who turned 60 in 2004. For most people this would be seen as a good time to retire on a 100 acre property. Tiger chooses instead to take on 36 year old Japanese Judo champion Naoya Ogawa.  ‘Tiger!' is a riveting story with a nail-biting climax.",
    "genres" : [ {
      "id" : 99,
      "name" : "Documentary"
    } ]
  }, {
    "id" : 326042,
    "title" : "The Merry-Go-Round",
    "overview" : "Drama about street walker Elena who marries shop keeper Albert. When her former pimp Peter shows up, her life is ruined. She shoots him and poisons herself.",
    "genres" : [ {
      "id" : 18,
      "name" : "Drama"
    } ]
  }, {
    "id" : 326047,
    "title" : "When Kiran Met Karen",
    "overview" : "A famous Bollywood actress, Kiran, meets a lesbian journalist, Karen - 3 days before the release of her international film - 'A Himalayan Love Story'.",
    "genres" : [ ]
  }, {
    "id" : 326052,
    "title" : "Lagan",
    "overview" : "Bollywood 1955",
    "genres" : [ ]
  }, {
    "id" : 326057,
    "title" : "Assassin",
    "overview" : "Ruthless killer for hire breaks the rules of his profession and falls for a beautiful young woman. Discovering the notorious gangland brothers had hired him to kill her father, his world breaks down and he must turn against his criminal employers and their gang to save the woman he loves.",
    "genres" : [ {
      "id" : 80,
      "name" : "Crime"
    }, {
      "id" : 53,
      "name" : "Thriller"
    } ]
  }, {
    "id" : 326062,
    "title" : "Ice Saints",
    "overview" : "Real life married couple build a narrative surrounding the year they were married, asking \"Does your relationship need to change for marriage and can marriage change for your relationship?\" Features candid conversation on love, sex and wedding planning.",
    "genres" : [ {
      "id" : 99,
      "name" : "Documentary"
    } ]
  }, {
    "id" : 326067,
    "title" : "The History of Caves",
    "overview" : "Evan Snow, a forty year-old watchmaker, spends his hours working from his run down home in the Hollywood Hills. His three children; Velvet, Cassius, and Azalea exist around him as they reel from the loss of their mother who is never mentioned in the film. To bury his own pain, Evan takes to sleeping with young women, and vacillates between extremely affectionate behavior toward his children and blatant neglect. After bearing witness to a particularly stinging example of their father’s womanizing with a girl named Sarah who arrives as a potential client to Evan, the children decide take matters into their own hands and rid the Snow house of Sarah and any other women that threaten to alter their peculiar yet functional family dynamic.",
    "genres" : [ ]
  }, {
    "id" : 326072,
    "title" : "The Way Out",
    "overview" : "The Way Out tells a story of a young Romani couple, Zaneta and David, the parents of little Janicka. Their efforts to live a decent and dignified life run up against the \"Romani social trap,\" which is racism, the society's prejudices, exclusion from opportunities to obtain legal work, the lack of necessary qualifications, difficult communication with officials, debts and the miserable life conditions connected with the environment, lifestyle and traditional values of their ethnicity. David wants to protect his family, even at the expense of committing a crime. But Zaneta finds inner strength to defy the unfavorable situation in a different way. Will they overcome the existential problems that start to take apart their relationship? Is it worthwhile for them to continue to Honor their own values and family traditions? And will their \"way out\" be only another \"escape\" for them, or a promise to change their lives?",
    "genres" : [ {
      "id" : 18,
      "name" : "Drama"
    } ]
  }, {
    "id" : 326077,
    "title" : "Listening to Rain",
    "overview" : "Listening to Rain is a coming of age story centered around two girls who are sexually assaulted during their senior year of high school. This unique films follows Haley and Emily as they attempt find themselves and recover from unimaginable trauma. Written by Stefanie Walesch and Joshua Good, this film is an insightful look into the adolescence experience of the late 2000's. Listening to Rain provides a window into the minds of scared young women as they try to mend the damage and live on. It is a film about coming of age, coping with trauma and tragedy seen through the lens of those whom are coming of age, overcoming tragedy, and dealing with trauma. Erica Gonzales, Samantha Rakell, and Katie Stewart star in this thought-provoking film directed by Joshua Good and photographed by William Davies Meldon.",
    "genres" : [ ]
  }, {
    "id" : 326082,
    "title" : "11 thru 12",
    "overview" : "An avant-garde meditation on the principles of the I Ching.",
    "genres" : [ ]
  }, {
    "id" : 326087,
    "title" : "Exploiting Christ",
    "overview" : "Feature Length Documentary about the making of Brutal Jesus",
    "genres" : [ ]
  }, {
    "id" : 326097,
    "title" : "Kurt Dirt: The Duke of Puke",
    "overview" : "Infamous Musician and performance artist Kurt Dirt goes on a quest to dig up the corpse of Mary Whitehouse and Resurrect her to show her there is good in bad taste",
    "genres" : [ ]
  }, {
    "id" : 326102,
    "title" : "The true face",
    "overview" : "Lau Lauritzen plays an ordinary architect, with a wife and a son. He gets accused for killing a 10-year old girl, and of course nobody doubts he's the one. Even his wife and his uncle has trouble believing him, but at least they don't tell him.",
    "genres" : [ {
      "id" : 18,
      "name" : "Drama"
    }, {
      "id" : 80,
      "name" : "Crime"
    } ]
  }, {
    "id" : 326107,
    "title" : "Seven Nights in Japan",
    "overview" : "Handsome Prince George arrives on board his ship in Japan. Youthful, immaculate in naval uniform and smiling broadly, he goes through the complicated formalities of being greeted by a host nation. But housed with the Ambassador and his family, the Prince finds the atmosphere stuffy and dull; he longs for freedom and, for once, rebels against his upbringing with all its constraints and responsibilities, escaping for a week of romance, and unexpected drama…",
    "genres" : [ {
      "id" : 35,
      "name" : "Comedy"
    }, {
      "id" : 18,
      "name" : "Drama"
    } ]
  } ]
}