{
  "movies" : [ {
    "id" : 261127,
    "title" : "Criminal Hunter",
    "overview" : "Chu Yu (Eric Tsang) is a homicide detective who accidently stabs his girlfriend while wrestling with a murderer. The killer returns later and squeezes her wound until it ruptures, causing her death. But the wily Chu Yu photographs his girlfriend's corpse in a wedding dress, tricking the killer into believing she is not dead and causing him to return for a second try. When he does, Chu Yu is waiting, having rigged the corpse like a marionette and causing it to shoot its own murderer. Co-starring Danny Lee, as Officer Li Ta Hsiu, and Dick Wei in this decidedly offbeat attempt at gallows humor which works extremely well under the direction of action specialist Frankie Chan.",
    "genres" : [ ]
  }, {
    "id" : 261132,
    "title" : "Walk on Fire",
    "overview" : "Sergeant Kwok Wah (Andy Lau) and Ho Lung (Ray Lui) are both colleagues and best friends. Ho Lung has developed hatred with a gang leader Dick. Dick sends Hung (Cherie Chung) as a bait to kill Ho Lung. Swore to take revenge for his best friend, Kwok Wah works with Ho Lung's partner Mother (Kent Cheng) to unveil the enemy. Kwok Wah saves Hung during an operation and Hung starts to like Kwok Wah. Kwok Wah and Mother follow their plan to capture Dick, but it ends in vain and both of them get into a gunfight. Hung is killed for saving Kwok Wah during the gunfight. Though heart-broken, Kwok Wah and Mother go on fighting the villain...",
    "genres" : [ {
      "id" : 28,
      "name" : "Action"
    } ]
  }, {
    "id" : 261137,
    "title" : "Fizzy Days",
    "overview" : "For a brief few years in the early 70's the only transport available to the sixteen year old teenager itching to sample the freedom of the open road and all that went with it, was a phenomenon known as the 50cc sports moped. The fastest and most nimble of these was the Fizzy. It was the passport to a young boys dream---Girls. 'Get the bike, get the girl'. It never worked of course, but on occasion it came close! Eddy and Tommo are two likely teenagers about to finish school. They need transport if they are to win the affection of Debs and Ange, two local girls itching too, for the freedom a moped might bring. The two lads set off on a quest to secure funds by any means, to purchase two hot chick magnets--- a couple of Fizzies! Fizzy Days is an affectionate look at a time before video games and I-pods. When all you really needed to get to the front of the line was a Fizzy.",
    "genres" : [ ]
  }, {
    "id" : 261142,
    "title" : "Polka In Athens",
    "overview" : "Polka in Athens is a non-fiction documentary that tellsMaria’s story. Her grandfather was a left-wing partisan during the Civil War in Greece (1946-49), who escaped to Poland where he lived for 30 years as a political refugee. His granddaughter Maria grew up in Poland. Like many young people of her generation, she left Poland to work and travel. She came to Greece for a vacation and decided to stay. She lived in a Polish neighbourhood in Athens. Her dream was to be an actress and, ironically enough, she got an important role in a play about the Civil War, Dying as a Country. Her dream came true and she completed a circle of immigration: her Greek grandfather escaped to Poland as a political refugee and she came back to Greece as an economic immigrant. However, after the financial crisis hits Athens, she will be forced to return to Poland, thus closing the circle",
    "genres" : [ {
      "id" : 99,
      "name" : "Documentary"
    } ]
  }, {
    "id" : 261147,
    "title" : "10000 Nights",
    "overview" : "In 1981, after many of the live-music bars in Plaka, Athens, were shut down, two professional musicians, Spiros Podaras and Christos Tolos, decided to open Cafe Santan, a live rock music bar in Volos – a sleepy provincial town – that soon became a place of artistic expression for restless and free-spirited people and changed the way of life of the town’s youth, becoming a legendary landmark. For 28 years, many famous Greek and foreign artists and bands performed live at the Cafe Santan. In 2009, the building that housed Cafe Santan was reclaimed by the owner for private use and its demolition was scheduled. Cafe Santan’s last nights as a live-music bar were full of live music sessions, gatherings of old regulars and new visitors, memories and rock ’n’ roll stories",
    "genres" : [ {
      "id" : 99,
      "name" : "Documentary"
    } ]
  }, {
    "id" : 261152,
    "title" : "Nobody's Hero",
    "overview" : "Heroic Bloodshed movie from 1989",
    "genres" : [ {
      "id" : 18,
      "name" : "Drama"
    } ]
  }, {
    "id" : 261157,
    "title" : "Senn",
    "overview" : "Strange phenomena begin to plague Senn, a factory worker on the forgotten world, Pyom, when an enigmatic alien intelligence arrives to deliver him to the Polychronom. This ancient object has surreptitiously chosen him for a mysterious purpose that could mean his undoing.",
    "genres" : [ {
      "id" : 878,
      "name" : "Science Fiction"
    }, {
      "id" : 9648,
      "name" : "Mystery"
    }, {
      "id" : 12,
      "name" : "Adventure"
    } ]
  }, {
    "id" : 261167,
    "title" : "Dreaming of Democracy",
    "overview" : "A desperate journey in the heart of Thessaloniki. Seven Iranians, each one for his personal reasons, leave their homeland and embark on a life journey. Europe can provide them with a different life. It can provide them with human rights. An obligatory stop on the way is Greece. There, they meet each other, they are imprisoned and they realize that “democracy” isn’t what they imagined. They try in any way they can to flee the country, living to the fullest every last moment they spend here. Thessaloniki is their new homeland for now. So, they try to become one with the city, to experience “Greek democracy”",
    "genres" : [ {
      "id" : 99,
      "name" : "Documentary"
    } ]
  }, {
    "id" : 261172,
    "title" : "The Artist from Gribov",
    "overview" : "A romantic comedy about a not so young actress who decides to leave her career and move back to a small town of her childhood.",
    "genres" : [ {
      "id" : 35,
      "name" : "Comedy"
    }, {
      "id" : 18,
      "name" : "Drama"
    }, {
      "id" : 10749,
      "name" : "Romance"
    } ]
  }, {
    "id" : 261177,
    "title" : "Arika A.",
    "overview" : "“Even in hell, I would still paint.” Dimitris Andrianopoulos paints relentlessly. However, he refuses to sell his artwork, he doesn’t exhibit and he signs his wife’s name. On his 79th birthday he agrees to open up the door to his painting and share his art and thoughts in a documentary film. Over a period of 12 months, the camera records the microcosm of his colors and his life. The film follows his wanderings in search of answers regarding the relationship between the artist and his work, the difficulty of parting with his works, the mystery of inspiration and the unfathomable influence of the unknown",
    "genres" : [ {
      "id" : 99,
      "name" : "Documentary"
    } ]
  }, {
    "id" : 261182,
    "title" : "Come Spy with Me",
    "overview" : "Set amidst the steamy underworld of Bermuda and Jamaica, this spy adventure chronicles the exploits of a female spy trying to investigate the mysterious murders of two colleagues before an important meeting between the world's most powerful leaders.",
    "genres" : [ {
      "id" : 28,
      "name" : "Action"
    }, {
      "id" : 80,
      "name" : "Crime"
    } ]
  }, {
    "id" : 261187,
    "title" : "Cerro Torre: A Snowball's Chance in Hell",
    "overview" : "Movie about David Lama climbing the Patagonian mountain Cerro Torre for the first time free, a mountain that has been dubbed the most difficult to climb in the world.",
    "genres" : [ {
      "id" : 99,
      "name" : "Documentary"
    } ]
  }, {
    "id" : 261192,
    "title" : "Age of Cannibals",
    "overview" : "Öllers and Niederländer have everything under control. For the past six years, the two successful business consultants have been traveling through some of the seediest countries around the world in order to satisfy their clients greed. They have achieved almost everything, but there is one career move left: to finally become a partner in the company! When they find out that their team colleague Hellinger made the cut, they are at their wits end. Up or Out is the name of the game. The fact that Hellinger falls from an office window for no explainable reason doesnt seem to help the situation. Of all people, the young and ambitious Bianca steps in for Hellinger. Öllers and Niederländer are irritated, sarcasm spreads, neuroses break out. The fight for survival within the company takes its toll the AGE OF CANNIBALS dawns.",
    "genres" : [ {
      "id" : 18,
      "name" : "Drama"
    } ]
  }, {
    "id" : 261197,
    "title" : "Doublecross",
    "overview" : "A Cornish fisherman becomes involved with Iron Curtain spies.",
    "genres" : [ {
      "id" : 53,
      "name" : "Thriller"
    }, {
      "id" : 18,
      "name" : "Drama"
    } ]
  }, {
    "id" : 261202,
    "title" : "Return to Aztlán",
    "overview" : "When King Motecuzoma dies in 1468, a drought sets upon the Mexicas' land. The younger Motecuzoma sends a retinue to collect tributes from the peasants and make an offering to Coatlicue at Aztlán, the home of their ancestors. The peasant Ollin finds a discarded tribute and makes his own journey to Aztlán to appease his rulers.",
    "genres" : [ ]
  }, {
    "id" : 261207,
    "title" : "A Night at the Movies: The Suspenseful World of Thrillers",
    "overview" : "A look at thrillers from all sides, including different types of thrillers and the stylistic tools filmmakers use to give their audiences a shot of adrenaline.",
    "genres" : [ {
      "id" : 99,
      "name" : "Documentary"
    } ]
  }, {
    "id" : 261212,
    "title" : "Dharma Raja",
    "overview" : "",
    "genres" : [ {
      "id" : 18,
      "name" : "Drama"
    } ]
  }, {
    "id" : 261217,
    "title" : "See How They Run",
    "overview" : "Three children are stalked by hired killers after they unknowingly take evidence pointing to the existence of a corrupt international cartel, which has just murdered their father.",
    "genres" : [ {
      "id" : 18,
      "name" : "Drama"
    } ]
  }, {
    "id" : 261222,
    "title" : "Amarakaaviyam",
    "overview" : "",
    "genres" : [ {
      "id" : 18,
      "name" : "Drama"
    } ]
  }, {
    "id" : 261227,
    "title" : "Nenjangal",
    "overview" : "",
    "genres" : [ {
      "id" : 18,
      "name" : "Drama"
    } ]
  }, {
    "id" : 261232,
    "title" : "Anal Juice",
    "overview" : "A dream that occurs after breaking up with a boyfriend.",
    "genres" : [ {
      "id" : 16,
      "name" : "Animation"
    } ]
  }, {
    "id" : 261237,
    "title" : "No More Love No More Death",
    "overview" : "The prequel to Taylor Wong's With or Without You finds Prince being raised as a trained assassin by his \"father.\" Meanwhile, he falls in love with Tweedy, a singer who teaches him how to love.",
    "genres" : [ ]
  }, {
    "id" : 261242,
    "title" : "Hunting List",
    "overview" : "Chu Chi Kit returns to HK from Taiwan after many years in hiding, and immediately resumes his relationship with old flame May and rejoins his old friend Cramp in a drug operation. But times are different, and their big boss Lui now cares more about business than loyalty.",
    "genres" : [ {
      "id" : 28,
      "name" : "Action"
    } ]
  }, {
    "id" : 261247,
    "title" : "Speed Racer: The Next Generation - Comet Run",
    "overview" : "Speed Racer The Next Generation: Comet Run marks the third film for The Next Generation which builds on the legendary adventures of the original iconic series. It’s a challenge too cool to pass up! Whoever beats trillionaire Dickie Radford’s extraordinary Eco-Car in a pulse- pounding 3-day race, will win his entire company! He claims his car is so efficient it needs only one tank of gas for the whole race. Speed, Conor and Lucy are convinced their incredible Mach 6 can beat anyone and they’re ready to take him on. So is billionaire Zile Zazic who puts his new gas-guzzling SUV to the test just to prove he can take Radford down. But this is no ordinary heart-pumping, virtual race. Radford’s road is full of dirty tricks and he quickly steers the Mach 6 into a terrifying avalanche, knocking it out of the running just when it had taken the lead. It’s up to Speed and his team to outrun and outsmart the most evil competitor they’ve ever raced!",
    "genres" : [ {
      "id" : 10751,
      "name" : "Family"
    }, {
      "id" : 12,
      "name" : "Adventure"
    }, {
      "id" : 28,
      "name" : "Action"
    }, {
      "id" : 16,
      "name" : "Animation"
    } ]
  }, {
    "id" : 261252,
    "title" : "Souvenirs intimes",
    "overview" : "In this French Canadian drama, the life of a paraplegic painter implodes when an old girlfriend comes back into his life and accuses him of raping her 15 years earlier.",
    "genres" : [ {
      "id" : 18,
      "name" : "Drama"
    } ]
  }, {
    "id" : 261257,
    "title" : "Lovers Beyond Time",
    "overview" : "A fantasy film, featuring the weird relationship between attractive Sylvia and Angelos. The girl breaks up with him. Three years later she is married to a doctor and her life is upset by a series of unbelievable events, such as strange assassinations of her friends and her being inexplicably aroused, at the most inappropriate moments and occasions. This mysterious experiences stem from the presence of Angelos, who, having built a time-machine, wanders around in space-time, in order to eliminate those he sees as rivals and to make love to her.",
    "genres" : [ {
      "id" : 878,
      "name" : "Science Fiction"
    }, {
      "id" : 53,
      "name" : "Thriller"
    }, {
      "id" : 10749,
      "name" : "Romance"
    } ]
  }, {
    "id" : 261262,
    "title" : "The Desert Renegades",
    "overview" : "In the deserts of the Middle East, circa 1930s, a half-Arab-half-French adventurer named Aldar woos the Princess Yasmin while engaged in selling guns to warring factions.",
    "genres" : [ {
      "id" : 12,
      "name" : "Adventure"
    } ]
  }, {
    "id" : 261267,
    "title" : "Champions: A Love Story",
    "overview" : "Two teens become romantically involved as they train for a skating championship.",
    "genres" : [ {
      "id" : 18,
      "name" : "Drama"
    }, {
      "id" : 10770,
      "name" : "TV Movie"
    } ]
  }, {
    "id" : 261272,
    "title" : "Why Try to Escape from Which You Know You Can't Escape from? Because You Are a Coward",
    "overview" : "A man is being haunted by a masked stranger.  The only language used in the movie comes from three (inter) title cards and a few sentences of sermon-like talk in Danish. Some of the talk is modified citations from the bible and similar sources.",
    "genres" : [ {
      "id" : 9648,
      "name" : "Mystery"
    }, {
      "id" : 27,
      "name" : "Horror"
    } ]
  }, {
    "id" : 261277,
    "title" : "Fernando Lemos, Atrás da Imagem",
    "overview" : "",
    "genres" : [ {
      "id" : 99,
      "name" : "Documentary"
    } ]
  }, {
    "id" : 261282,
    "title" : "Life with the Dice Bag",
    "overview" : "Life with the Dicebag is an in-depth documentary about role-playing games and the people who play them. Filmmaker Mason Booker travels across the country and into Gen Con's final year in Milwaukee to find out who the people are behind the games, and what about role-playing has transformed it from a pastime into a complete subculture. By including original animation and interviews with Gary Gygax, Chris Clark, Tony D and Brom, Life with the Dicebag overviews what role-playing is all about yet it still stays close to the heart of the industry: the devotion of its loyal fans.",
    "genres" : [ ]
  }, {
    "id" : 261287,
    "title" : "S.D.U. - Mission in Mission",
    "overview" : "The story follows Hunter and Yat, two new hot shot recruits, who under the watchful eye of their commanding officer, Yuk Pai, rise quickly through the ranks, enduring much mental and physical hardship along the way. Their new found skills are put to the test when renegade SDU member returns from seclusion in Thailand to wreak havoc on Hong Kong and the SDU's most secret missions.",
    "genres" : [ ]
  }, {
    "id" : 261292,
    "title" : "Heart of Killer",
    "overview" : "Ultra serious Ko Lap and carefree Kung Kwan are expert assassins.It's love at first sight for Kwan when he runs into the lovely Bin Yee. And Ko Lap continues to hide his love for Sau Yu, agent for him and Kwan. Unkowingly, Ko Lap executes a contract on Yee's father.",
    "genres" : [ {
      "id" : 18,
      "name" : "Drama"
    }, {
      "id" : 28,
      "name" : "Action"
    } ]
  }, {
    "id" : 261297,
    "title" : "Naam Iruvar",
    "overview" : "Naam Iruvar is a 1985 Indian Tamil film, directed by R. Krishnamoorthy and produced by A. V. M. Kumaran.",
    "genres" : [ {
      "id" : 18,
      "name" : "Drama"
    } ]
  }, {
    "id" : 261302,
    "title" : "Memorial Project Nha Trang, Vietnam: Towards the Complex - For the Courageous, the Curious, and the Cowards.",
    "overview" : "Filmed on location in Vietnam’s Indochina Sea, this remarkable 13-minute video depicts a number of young men struggling to propel cyclos across the rock-strewn, sandy, ocean bottom. Working in teams, they pull, push, and pedal the passengerless vehicles; and periodically they must rush up to the surface for air or risk drowning. The water grows deeper; the boulders get larger; the trip to the surface takes longer; and the task is increasingly arduous. Finally, the drivers abandon their cyclos, and swim together toward an underwater “city” composed of tents made from white netting strung between boulders, a metaphorical memorial for the many Vietnamese boat people drowned in the aftermath of the war.",
    "genres" : [ ]
  }, {
    "id" : 261312,
    "title" : "Ezhudhaadha Sattangal",
    "overview" : "",
    "genres" : [ {
      "id" : 10749,
      "name" : "Romance"
    } ]
  }, {
    "id" : 261317,
    "title" : "Tharaasu",
    "overview" : "",
    "genres" : [ {
      "id" : 18,
      "name" : "Drama"
    } ]
  }, {
    "id" : 261322,
    "title" : "Sumangali",
    "overview" : "",
    "genres" : [ {
      "id" : 18,
      "name" : "Drama"
    } ]
  }, {
    "id" : 261327,
    "title" : "Die Hebamme",
    "overview" : "",
    "genres" : [ {
      "id" : 10770,
      "name" : "TV Movie"
    }, {
      "id" : 18,
      "name" : "Drama"
    } ]
  }, {
    "id" : 261332,
    "title" : "Theerpu",
    "overview" : "Theerpu, story deals about sivaji ganesan's daughter’s rape happened by someone how sivaji solve it.",
    "genres" : [ {
      "id" : 18,
      "name" : "Drama"
    } ]
  }, {
    "id" : 261337,
    "title" : "Oorukku Oru Pillai",
    "overview" : "",
    "genres" : [ {
      "id" : 18,
      "name" : "Drama"
    } ]
  }, {
    "id" : 261342,
    "title" : "Vaa Kanna Vaa",
    "overview" : "",
    "genres" : [ {
      "id" : 18,
      "name" : "Drama"
    } ]
  }, {
    "id" : 261347,
    "title" : "Oorum Uravum",
    "overview" : "",
    "genres" : [ {
      "id" : 18,
      "name" : "Drama"
    } ]
  }, {
    "id" : 261352,
    "title" : "Bandham",
    "overview" : "",
    "genres" : [ {
      "id" : 18,
      "name" : "Drama"
    } ]
  }, {
    "id" : 261357,
    "title" : "They",
    "overview" : "A father experiences strange apparitions after his daughter is killed in a car accident.",
    "genres" : [ {
      "id" : 18,
      "name" : "Drama"
    }, {
      "id" : 27,
      "name" : "Horror"
    }, {
      "id" : 9648,
      "name" : "Mystery"
    } ]
  }, {
    "id" : 261362,
    "title" : "Flaming Ears",
    "overview" : "FLAMING EARS is a pop sci-fi lesbian fantasy feature set in the year 2700 in the fictive burned-out city of Asche. It follows the tangled lives of three women -- Volley, Nun and Spy. Spy is a comic book artist whose printing presses are burned down by Volley, a sexed-up pyromaniac. Seeking revenge, Spy goes to the lesbian club where Volley performs every night. Before she can enter, Spy gets into a fight and is left wounded, lying in the streets. She is found by Nun--an amoral alien in a red plastic suit with a predilection for reptiles, and who also happens to be Volley’s lover. Nun takes her home and subsequently must hide her from Volley. It’s a story of love and revenge, and an anti-romantic plea for love in its many forms.",
    "genres" : [ {
      "id" : 878,
      "name" : "Science Fiction"
    }, {
      "id" : 14,
      "name" : "Fantasy"
    } ]
  }, {
    "id" : 261367,
    "title" : "Pathukappu",
    "overview" : "",
    "genres" : [ {
      "id" : 18,
      "name" : "Drama"
    } ]
  }, {
    "id" : 261377,
    "title" : "Thanga Surangam",
    "overview" : "",
    "genres" : [ {
      "id" : 18,
      "name" : "Drama"
    } ]
  }, {
    "id" : 261387,
    "title" : "A Vision of Murder: The Story of Donielle",
    "overview" : "When Donielle is just eight years old and attending her best friend's funeral she has a vision that her friend was murdered by his father. No one believes her and she is disowned by her mother. Years later and now a mother herself she drifts from town to town and they finally settle in a town that is in the grips of a serial killer.Only Donielle can \"see\" who the killer is and after he threatens her daughter she knows she must face him down. Based on actual events.",
    "genres" : [ {
      "id" : 53,
      "name" : "Thriller"
    }, {
      "id" : 18,
      "name" : "Drama"
    } ]
  }, {
    "id" : 261392,
    "title" : "American Ultra",
    "overview" : "American Ultra is a fast-paced action comedy about Mike, a seemingly hapless and unmotivated stoner whose small-town life with his live-in girlfriend, Phoebe, is suddenly turned upside down.  Unbeknownst to him, Mike is actually a highly trained, lethal sleeper agent. In the blink of an eye, as his secret past comes back to haunt him, Mike is thrust into the middle of a deadly government operation and is forced to summon his inner action-hero in order to survive.",
    "genres" : [ {
      "id" : 35,
      "name" : "Comedy"
    }, {
      "id" : 28,
      "name" : "Action"
    } ]
  }, {
    "id" : 261397,
    "title" : "Boulevard's End",
    "overview" : "This short documentary focuses on the very end of Washington Boulevard, where the city of Los Angeles meets the ocean and the Venice Pier begins. The rough and simplistic concrete pier braves pacific storms and provides stillness and stability. People come to walk, to fish and ease their minds. The film takes a closer look at the diverse people all around the pier. Among them the filmmakers find two citizens, both immigrants, who take us on their personal journey through history.  IMDB",
    "genres" : [ ]
  }, {
    "id" : 261402,
    "title" : "The House That Chicago Built",
    "overview" : "A history of House Music from one of it's founders, Lil' Louis",
    "genres" : [ ]
  }, {
    "id" : 261407,
    "title" : "5,000 Feet is the Best",
    "overview" : "5000 Feet is the Best is a film based on two conversations that artist Omer Fast conducted in the fall of 2010 with a former Predator Drone aerial vehicle operator-turned Las Vegas casino security guard. The interviews are the seedbed from which Fast has pulled themes of remote warfare and the psychological effects of it on the Drone pilot, suggesting the implications of these things on current culture at large. Fast’s film sutures together reality and fiction and deflects any pat or partisan readings.",
    "genres" : [ {
      "id" : 10752,
      "name" : "War"
    } ]
  }, {
    "id" : 261412,
    "title" : "Juan soldado",
    "overview" : "",
    "genres" : [ {
      "id" : 18,
      "name" : "Drama"
    }, {
      "id" : 14,
      "name" : "Fantasy"
    } ]
  }, {
    "id" : 261422,
    "title" : "Christine",
    "overview" : "Christine, a village girl, raped by Jason Uqmadze, a local aristocrat, decides to take her own life but the villagers spot her body in the river and manage to save her. After the suicide fiasco, Christine befriends Sona, her alleged well-wisher in hope to start her life anew. Instead of helping her, as promised, Sona takes Christine to the brothel…",
    "genres" : [ {
      "id" : 18,
      "name" : "Drama"
    }, {
      "id" : 10749,
      "name" : "Romance"
    } ]
  }, {
    "id" : 261427,
    "title" : "A Wicked Ghost",
    "overview" : "A group of friends decide to do a ritual to contact the spirit world, but things go bad and a spirit actually appears. One by one the group of friends die, one of them who is not affected by the spirit tries to uncover the truth behind the ghost. He is joined by his sister and a friend who is familiar with the occult. They soon find out that the ghost targets people from a certain village where 66 people died long ago. They desperately try to find a solution to appease the spirit.",
    "genres" : [ {
      "id" : 27,
      "name" : "Horror"
    } ]
  }, {
    "id" : 261432,
    "title" : "The Story of Yunnan",
    "overview" : "Raised in occupied Manchuria during World War II young Zyuko is left behind when her father's regiment suddenly retreats. Captured on the great wall she is protected by a Chinese officer whom she marries and accompanies to his village in central Yunnan Province. Shortly after the arrival he dies and leaves her stuck with his compassionate mother and the younger brother who claims to be her husband now. Family Saga.",
    "genres" : [ {
      "id" : 18,
      "name" : "Drama"
    } ]
  }, {
    "id" : 261437,
    "title" : "Apocalypse, Man",
    "overview" : "Most people were first exposed to Michael C. Ruppert through the 2009 documentary, Collapse, directed by Chris Smith. Apocalypse, Man is an intimate portrait of a man convinced of the imminent collapse of the world, but with answers to how the human spirit can survive the impending apocalypse.",
    "genres" : [ {
      "id" : 99,
      "name" : "Documentary"
    } ]
  }, {
    "id" : 261442,
    "title" : "Bill Maher: The Golden Goose Special",
    "overview" : "Bill Maher's second feature-length stand-up comedy special for HBO. Premiered January 6th, 1997",
    "genres" : [ {
      "id" : 35,
      "name" : "Comedy"
    } ]
  }, {
    "id" : 261447,
    "title" : "A Better Man",
    "overview" : "David has something very important to say from the heart. He's a legend at choosing his moments.",
    "genres" : [ {
      "id" : 35,
      "name" : "Comedy"
    } ]
  }, {
    "id" : 261452,
    "title" : "Luz, Cama, Ação!",
    "overview" : "",
    "genres" : [ ]
  }, {
    "id" : 261457,
    "title" : "A Arte de Amar Bem",
    "overview" : "",
    "genres" : [ ]
  }, {
    "id" : 261462,
    "title" : "24 Hours",
    "overview" : "A nightclub singer is carrying on an affair with a married man. When she is found murdered, her lover is suspected of the crime.",
    "genres" : [ {
      "id" : 18,
      "name" : "Drama"
    } ]
  }, {
    "id" : 261467,
    "title" : "45 Calibre Echo",
    "overview" : "A cowhand and his sidekick come to the Texas border country looking for the man who had lured the cowhand's sister in bondage in Mexico. But the man doesn't want to be found and has hired some gunmen to see that he isn't.",
    "genres" : [ {
      "id" : 28,
      "name" : "Action"
    }, {
      "id" : 12,
      "name" : "Adventure"
    }, {
      "id" : 10749,
      "name" : "Romance"
    }, {
      "id" : 37,
      "name" : "Western"
    } ]
  }, {
    "id" : 261472,
    "title" : "The Criminals, Part 2: Homicides",
    "overview" : "An anthology film featuring four true-crime stories that took place in Hong Kong in the early 1970's.",
    "genres" : [ {
      "id" : 27,
      "name" : "Horror"
    }, {
      "id" : 80,
      "name" : "Crime"
    } ]
  }, {
    "id" : 261477,
    "title" : "Lady Exterminator",
    "overview" : "After a sudden spike of supply into the drug ridden streets, staunch anti-narcotics cop hellbent on disrupting the flow of drugs beyond the Golden Triangle recruits the help of an attractive young ex-convict to infiltrate a major Thai based drug syndicate controlled by a ruthless drug lord who's expanded their operations into Hong Kong. As our seductive undercover heroine gets inside and rises the ranks to the top, skepticism also rises as the boss' jealous moll smells a plant.",
    "genres" : [ ]
  }, {
    "id" : 261482,
    "title" : "The Handcuff",
    "overview" : "Chan Wai Man is Ah Keung, a thug and assassin who tries to go straight after his job becomes to dangerous. A series of events plunges him back into his former lifestyle and he find himself up against his old buddy who has now become a cop. Fights choreographed by Chan Wai Man.",
    "genres" : [ ]
  }, {
    "id" : 261487,
    "title" : "The Saviour",
    "overview" : "Inspectors Tong (Shaw Brothers regular Pai Ying) and Cheng (Kent Cheng) are investing a psychopathic serial killer who has been raping and murdering prostitutes. With the help of a young prostitute, they follow the bloody trail to...",
    "genres" : [ {
      "id" : 53,
      "name" : "Thriller"
    }, {
      "id" : 80,
      "name" : "Crime"
    }, {
      "id" : 18,
      "name" : "Drama"
    }, {
      "id" : 27,
      "name" : "Horror"
    } ]
  }, {
    "id" : 261492,
    "title" : "The Bunker",
    "overview" : "\"The Bunker,\" is a fictional war torn valor story of heroism, set in the uncharted lands of \"The Ho Bo Woods\" in southern Vietnam 1965. Following a bogus ghost hunt for a missing Special Forces unit lead by a man they call Ranger. Pvt. Johannes Schenke (Han), an engineer, attempts to save an alleged nVa (North Vietnamese Army) operative, a Vietnamese girl named Kim-Ly, along with his fellow comrades who have been captured by Ranger and his renegade Special Forces squad while operating out of an abandoned nVa bunker.",
    "genres" : [ {
      "id" : 10752,
      "name" : "War"
    }, {
      "id" : 28,
      "name" : "Action"
    } ]
  }, {
    "id" : 261497,
    "title" : "Gun Is Law",
    "overview" : "Hong Kong crime movie from 1983",
    "genres" : [ ]
  }, {
    "id" : 261502,
    "title" : "Cop of the Town",
    "overview" : "A womanizing cop has to protect a beautiful model, who is being terrorized by her psychotic ex-boyfriend.",
    "genres" : [ {
      "id" : 28,
      "name" : "Action"
    }, {
      "id" : 80,
      "name" : "Crime"
    } ]
  }, {
    "id" : 261507,
    "title" : "Heavenly Mission",
    "overview" : "Ekin Cheng plays Autumn Yip, a triad mobster who gets caught in Thailand and does 8 years in prison before being released. He visits \"The Doctor\" and asks for a loan before returning to Hong Kong where he is eagerly awaited by his old triad business partners as well as the Hong Kong police who have set up a special 'anti-Triad' unit just to keep tabs on Yip. The movie shows the confusion shown by the mob and the police over Yip's sudden philanthropy as he makes headline after headline for doing good deeds, not bad. This does not sit well with his old triad boss Brother Hung (Ti Lung) nor Hung's son, Gwai Chai (Stephen Fung). Gwai Chai in particular is itching to rise the ranks of the mob and take over and sets up deals on his own which increasingly puts pressure on himself to deliver. The mob's success hinges on Yip's connections to Thailand and Gwai Chai takes matters to the extreme in order to force his deal to be a success...",
    "genres" : [ ]
  }, {
    "id" : 261512,
    "title" : "8000 Miles 2: Girls Rapper",
    "overview" : "With Saitama no rappa 2 (AKA 8000 Miles 2 – Girls Rapper), Yu Irie tells the story of amateur girl rappers who dream of a small big-time. The film opens with Saitama 1 B-boys, Ikku and Tom coming to town. They run into young Ayoma (Maho Yamada), inspiring her to gather her girlfriends and work up their rap routine.",
    "genres" : [ {
      "id" : 18,
      "name" : "Drama"
    }, {
      "id" : 80,
      "name" : "Crime"
    }, {
      "id" : 10402,
      "name" : "Music"
    } ]
  }, {
    "id" : 261517,
    "title" : "Bunny Yeager's Nude Camera",
    "overview" : "Dedicated to the wholesome feminine type of glamour, workaholic Bunny shoots nude after nude while giving us the scoop on what photographing naked cheesecake is all about.",
    "genres" : [ ]
  }, {
    "id" : 261522,
    "title" : "Perfect Gift",
    "overview" : "An erotic comedy about a man who meets a sensuous, fun-loving girl at a pajama party after separating from his dour girlfriend. His new love searches high and low to find someone to fulfill his ultimate fantasy - a menage a trois.",
    "genres" : [ {
      "id" : 35,
      "name" : "Comedy"
    } ]
  }, {
    "id" : 261527,
    "title" : "48 Minutes",
    "overview" : "Brenda, Laura, Ruben and Willem meet each other at an uneasy therapy session. The unconventional therapist (Pamela Tevis) tells them they only have 48 minutes left to live. Looking back at their lives, they start making choices they never dared before. ** This movie was made as part of the 48 Days Film Project: all writing, shooting and editing happened within 48days.",
    "genres" : [ {
      "id" : 18,
      "name" : "Drama"
    }, {
      "id" : 35,
      "name" : "Comedy"
    } ]
  }, {
    "id" : 261532,
    "title" : "Past and Present",
    "overview" : "This is an intriguing avant-garde look at what motivates the leisurely classes in Portugal, for better or worse, by director Manoel de Oliveira. Set in a spacious country home peopled with a wide-ranging cast of characters, the drama begins as the friends of a widow come to console her on the loss of her husband. But at one point, the widow goes upstairs, encounters her husband, and is faced with his accusations about the past. This event and others provide the means of revealing the petty, self-serving, egocentric, and romantic pursuits of the melange of people in the house. - Eleanor Mannikka, Rovi",
    "genres" : [ {
      "id" : 35,
      "name" : "Comedy"
    }, {
      "id" : 18,
      "name" : "Drama"
    } ]
  }, {
    "id" : 261537,
    "title" : "Bharatha Vilas",
    "overview" : "Baratha Vilas is a 1973 Tamil film starring Sivaji Ganesan. Gopal Sivaji Ganesan and Gowri KR Vijaya are salespeople in competing organisations. They are professional rivals and end up sharing rooms in the same house belonging to an English. Naidu M. R. Radha and his Telegu wife Manorama are caretakers of the house where Mohan and Gowri stay. Gopal and Gowri get married and both quit their jobs on the same day. Nair and his wife lend them some money to start a business.",
    "genres" : [ {
      "id" : 18,
      "name" : "Drama"
    } ]
  }, {
    "id" : 261542,
    "title" : "Paarambariyam",
    "overview" : "",
    "genres" : [ {
      "id" : 18,
      "name" : "Drama"
    } ]
  }, {
    "id" : 261547,
    "title" : "Thaaiku Oru Thaalaattu",
    "overview" : "Thaaiku Oru Thaalaattu is a 1986 Indian Tamil film, directed by Balachandra Menon and produced by K. R. Gangadharan.",
    "genres" : [ {
      "id" : 18,
      "name" : "Drama"
    } ]
  }, {
    "id" : 261552,
    "title" : "Aalayamani",
    "overview" : "Aalayamani is a tale of possessiveness and distrust towards one's partner and the eventual redemption by sacrifice. The story is an essential interplay of feelings and the shadows cast upon by darker feelings of one person and the effect it produces on himself and in his immediate circle of friends and family.",
    "genres" : [ {
      "id" : 18,
      "name" : "Drama"
    } ]
  }, {
    "id" : 261557,
    "title" : "Hudozhnikat Zlatyu Boyadzhiev",
    "overview" : "Short Bulgarian documentary shown at Cannes 1961.",
    "genres" : [ ]
  }, {
    "id" : 261562,
    "title" : "Road To The Stars",
    "overview" : "This film consists of three parts. The first dramatizes the life of the founder of Soviet astronautics, Konstantin Tsiolkovsky; the second describes the  development of rocket technology; and the third visualizes the future with enactments of the first manned spaceflight, spacewalk, space station construction and humans on the moon.",
    "genres" : [ {
      "id" : 99,
      "name" : "Documentary"
    } ]
  }, {
    "id" : 261572,
    "title" : "World War II in 3D",
    "overview" : "For the first time, you will see dramatic moments of WWII that were captured in 3D with stereographs and then shuttered away in secret archives and attics, until now. This stunning collection of color 3D photos includes Allied reconnaissance photos, a trove of images that documents the rise and fall of the Third Reich, and photos secretly taken by a civilian in occupied France. WWII IN 3D also features an actual 3D motion picture film shot by the Nazis in 1943 and creates a fully immersive, three dimensional portrait of history's largest and bloodiest conflict.",
    "genres" : [ ]
  }, {
    "id" : 261577,
    "title" : "Ohnsorg Theater - Brandstiftung",
    "overview" : "",
    "genres" : [ {
      "id" : 35,
      "name" : "Comedy"
    } ]
  }, {
    "id" : 261587,
    "title" : "The Ravine",
    "overview" : "In the winter of 1943, deep in the frozen waste of German occupied Yugoslavia, a lone parachute drifts from the snowy skies, falling ever closer to earth and a waiting German patrol car. Suddenly shots ring out from a hidden sniper, the Germans are killed, and the parachutist scurries away into the forest. The sniper is a woman, the number one partisan terrorist on the German hit list, and her adversary is the German number one exterminator sent direct from berlin to eliminate her. The battle is on, orders from high command - capture her… alive. Both are professional, but now the hunter becomes the hunted.",
    "genres" : [ {
      "id" : 10752,
      "name" : "War"
    }, {
      "id" : 18,
      "name" : "Drama"
    } ]
  }, {
    "id" : 261592,
    "title" : "Computer Boy",
    "overview" : "Neo must fight the agents and return back successfully to the real world.",
    "genres" : [ ]
  }, {
    "id" : 261597,
    "title" : "Space Probe Taurus",
    "overview" : "In the year 2000 the spaceship Hope One sets off to find new galaxies for colonization. However, an encounter with an alien being and a swarm of meteorites sends the ship streaking off course into a sea of monsters on an uncharted world. Written by Jeremy Lunt",
    "genres" : [ {
      "id" : 27,
      "name" : "Horror"
    }, {
      "id" : 878,
      "name" : "Science Fiction"
    } ]
  }, {
    "id" : 261602,
    "title" : "Little White Lies",
    "overview" : "Directed by Caradog W. James and based on the play 'Flesh and Blood' by Helen Griffin, 'Little White Lies' deals with the paranoia of racism, the politics of hate and how these things threaten to tear one family apart. The father is an armchair politician who never leaves the house, the daughter has a new boyfriend that she won't bring home to meet her parents and the son has just become an active member of the BNP. The only person in the family trying to hold it all together is the mother, who just wants everyone to get along.",
    "genres" : [ {
      "id" : 35,
      "name" : "Comedy"
    }, {
      "id" : 18,
      "name" : "Drama"
    } ]
  }, {
    "id" : 261607,
    "title" : "Os Nazistas na Argentina",
    "overview" : "",
    "genres" : [ {
      "id" : 99,
      "name" : "Documentary"
    } ]
  }, {
    "id" : 261612,
    "title" : "Gary Gulman: Boyish Man",
    "overview" : "Boyish Man captures the veteran stand-up performing a set full of his observational comedy. He jokes on such mundane topics as food, the differences between men and women, and religious holidays.",
    "genres" : [ {
      "id" : 35,
      "name" : "Comedy"
    } ]
  }, {
    "id" : 261617,
    "title" : "Where Words Fail",
    "overview" : "An old timbal performer in a puppet theater has a secret past.",
    "genres" : [ {
      "id" : 18,
      "name" : "Drama"
    }, {
      "id" : 10402,
      "name" : "Music"
    } ]
  }, {
    "id" : 261622,
    "title" : "Wallander 22 - Dödsängeln",
    "overview" : "",
    "genres" : [ {
      "id" : 53,
      "name" : "Thriller"
    } ]
  }, {
    "id" : 261627,
    "title" : "Kavari Maan",
    "overview" : "",
    "genres" : [ {
      "id" : 10751,
      "name" : "Family"
    } ]
  }, {
    "id" : 261632,
    "title" : "Las inocentes",
    "overview" : "Nunsploitation movie from 1986",
    "genres" : [ ]
  }, {
    "id" : 261637,
    "title" : "Give",
    "overview" : "An identical twin has a premonition about her sister's violent death and has to decide how much she is willing to sacrifice to save her.",
    "genres" : [ {
      "id" : 53,
      "name" : "Thriller"
    }, {
      "id" : 18,
      "name" : "Drama"
    } ]
  }, {
    "id" : 261642,
    "title" : "Zwanzig Mädchen und die Pauker: Heute steht die Penne kopf",
    "overview" : "",
    "genres" : [ ]
  }, {
    "id" : 261647,
    "title" : "Master of Love",
    "overview" : "The film’s premise had to do with a wise and experienced maestro in the arts of love (Rossano) imparting his knowledge and techniques to a younger man before he dies ... Rossano’s character’s final great act of love was to “expire in the arms of the outrageously beautiful Lady Death”. The film is considered an erotic comedy, the majority of the cast spending a considerable amount of time without the benefit of clothing, in a variety of unusual circumstances. By the way, the “student” is played by Ben Ecklund, Britt’s younger brother, and even Lidia Brazzi was in the cast of this film, so really - how much fun could Rossano have really had, making it?",
    "genres" : [ {
      "id" : 35,
      "name" : "Comedy"
    } ]
  }, {
    "id" : 261652,
    "title" : "Auch ich war nur ein mittelmäßiger Schüler",
    "overview" : "",
    "genres" : [ {
      "id" : 35,
      "name" : "Comedy"
    } ]
  }, {
    "id" : 261657,
    "title" : "Annan Oru Koyil",
    "overview" : "",
    "genres" : [ {
      "id" : 10751,
      "name" : "Family"
    } ]
  } ]
}