{
  "movies" : [ {
    "id" : 268982,
    "title" : "The Flying Scissors",
    "overview" : "Comedy starring  Mason Pettit, Matthew Arkin, Devin Ratray",
    "genres" : [ ]
  }, {
    "id" : 268987,
    "title" : "Hard Coal: Last of the Bootleg Miners",
    "overview" : "Documentary by Marc Brodzik",
    "genres" : [ ]
  }, {
    "id" : 268992,
    "title" : "House",
    "overview" : "Comedy - Daniel MacIvor, Ben Cardinal, Patricia Collins",
    "genres" : [ ]
  }, {
    "id" : 268997,
    "title" : "Jack & Jill",
    "overview" : "In this lightweight Canadian romantic comedy, a couple in their thirties discovers that love in the '90s can be a messy and complicated proposition. Jack (John Kalangis, who also directs) and Jill (Shauna MacDonald) are going to get married, until Jack changes his mind and coldly announces his reluctance on a voice-mail message. The two later talk in person and decide that rather than breaking up completely, they just allow themselves to see other people. Jack and Jill find their new flings at the same bookstore. Jack takes up with Laura (Tara Johnson), a beautiful customer, while Jill becomes seriously involved with store-clerk Stephen (Scott Gibson). When Jack and Laura realize that they don't have the right chemistry for a long-term relationship, Laura decides to help him win Jill back.",
    "genres" : [ ]
  }, {
    "id" : 269002,
    "title" : "Welcome Back, Potter",
    "overview" : "A 3-part miniseries about an alternate Harry Potter timeline.",
    "genres" : [ {
      "id" : 35,
      "name" : "Comedy"
    } ]
  }, {
    "id" : 269007,
    "title" : "Der Winzerkrieg",
    "overview" : "",
    "genres" : [ {
      "id" : 18,
      "name" : "Drama"
    } ]
  }, {
    "id" : 269012,
    "title" : "Kidnapped Souls",
    "overview" : "Horror - Jose Yenque, Noel Gugliemi, Neil Brown Jr.",
    "genres" : [ ]
  }, {
    "id" : 269022,
    "title" : "Where Is Mr. Belling?",
    "overview" : "",
    "genres" : [ ]
  }, {
    "id" : 269027,
    "title" : "Miami Snow",
    "overview" : "Rey Hernandez -  Rey Hernandez",
    "genres" : [ ]
  }, {
    "id" : 269032,
    "title" : "Anatomy of a Dewback",
    "overview" : "Documentary where ILM animators explain how they added computer-generated Dewback creatures to the re-release of Star Wars IV",
    "genres" : [ ]
  }, {
    "id" : 269037,
    "title" : "Nowhere Land",
    "overview" : "Dean sees mafia boss Santelli whack an FBI infiltrator and is relocated to a remote cabin in the Sierras for protection. While Santelli's crew tries to locate him, Dean gets company from the beautiful Monica.",
    "genres" : [ {
      "id" : 28,
      "name" : "Action"
    }, {
      "id" : 53,
      "name" : "Thriller"
    }, {
      "id" : 18,
      "name" : "Drama"
    }, {
      "id" : 80,
      "name" : "Crime"
    } ]
  }, {
    "id" : 269042,
    "title" : "Up, Down, Around",
    "overview" : "A student film comprising entirely of found footage, constructed to challenge the viewer's perception and induce a struggle between processing the images, keeping track of their sequence and interpreting the allegorical layers within the film.  The screen is broken up into eight more or less equal squares of which, at any one moment, a scene fragment may flickeringly appear in only one frame-corner at a time. As the film moves forward in time and patterns on screen become more complex, the viewer must choose what to focus on.",
    "genres" : [ {
      "id" : 10752,
      "name" : "War"
    } ]
  }, {
    "id" : 269052,
    "title" : "VeggieTales: An Easter Carol",
    "overview" : "An adoption of Charles Dickens' A Christmas Carol translated into a Christian retelling for Easter with the Veggie Tales characters.",
    "genres" : [ {
      "id" : 10751,
      "name" : "Family"
    } ]
  }, {
    "id" : 269057,
    "title" : "Bang Bang Baby",
    "overview" : "A small town teenager in the 1960s believes her dreams of becoming a famous singer will come true when her rock star idol gets stranded in town. But a leak in a nearby chemical plant that is believed to be causing mass mutations threatens to turn her dream into a nightmare.",
    "genres" : [ {
      "id" : 878,
      "name" : "Science Fiction"
    }, {
      "id" : 18,
      "name" : "Drama"
    }, {
      "id" : 10402,
      "name" : "Music"
    } ]
  }, {
    "id" : 269062,
    "title" : "La difficulté d'être infidèle",
    "overview" : "Directed by Bernard Toublanc-Michel",
    "genres" : [ ]
  }, {
    "id" : 269067,
    "title" : "Mad Sex",
    "overview" : "The nerve wracked parents of four out of control, disrespectful siblings reach the end of their tether and vow not to accept their children’s behaviour anymore. It takes a concerned pastor to direct them to where the root of the problem lies. [parts 1-2]",
    "genres" : [ ]
  }, {
    "id" : 269072,
    "title" : "Wähle das Leben",
    "overview" : "Directed by Erwin Leiser",
    "genres" : [ {
      "id" : 99,
      "name" : "Documentary"
    } ]
  }, {
    "id" : 269077,
    "title" : "Strange Affair",
    "overview" : "Comedic murder mystery in the style of \"The Thin Man\".",
    "genres" : [ {
      "id" : 9648,
      "name" : "Mystery"
    } ]
  }, {
    "id" : 269082,
    "title" : "Il y a un train toutes les heures",
    "overview" : "In one of the early attempts at a feature-length film in Belgium, director Andre Cavens has come up with a slow-paced, mediocre melodrama that revolves around a conflict between a woman's needs and her responsibilities. The young wife is unhappy with the way her marriage is going (or not going) and she decides that she needs a break to come to grips with the situation. While she is taking a leave of absence from home and hearth she meets a companionable young man who by his very nature provides her with everything she misses in her husband and marriage. But is that any reason to either start an affair or seek a divorce?",
    "genres" : [ ]
  }, {
    "id" : 269087,
    "title" : "Bajo un mismo rostro",
    "overview" : "Directed by Daniel Tinayre",
    "genres" : [ ]
  }, {
    "id" : 269092,
    "title" : "Pikku Pietarin piha",
    "overview" : "This simple, unsophisticated tale by Finnish director and writer Jack Witikka is geared toward the younger set, whatever their age. It is a standard melodrama with a touch of fantasy, centered on events in a courtyard in a small village. A little orphan boy (Tuukka Tanner) is the focus of attnetion, as well as his stepmother (Elsa Turakainen) whose special qualities engender a certain mystery around her person -- and hint at magical powers.",
    "genres" : [ ]
  }, {
    "id" : 269097,
    "title" : "Elvira",
    "overview" : "Elvira Arellano was working undocumented in the Chicago Airport. After September 11, the U.S. government conducted raids at all airports with the aim of finding terrorists. Elvira and other migrants were arrested. She has a deportation order and will be separated from her child born in the USA. Elvira struggle for human rights for her child and all migrants. To avoid deportation, she seeks sanctuary in a Methodist church in defiance of the U.S. government, establishing herself as a symbolic figure of the migration issue.",
    "genres" : [ ]
  }, {
    "id" : 269102,
    "title" : "La vie devant soi",
    "overview" : "",
    "genres" : [ {
      "id" : 18,
      "name" : "Drama"
    } ]
  }, {
    "id" : 269107,
    "title" : "Amélie ou le temps d'aimer",
    "overview" : "The vagaries of love are often tragic, as Amelie ou le Temps d'Aimer seems to say. Directed by Michel Drach in his second try at a feature-length film, the well-wrought romance revolves around the love that develops between Amelie (Marie-Jose Nat) and her cousin Alain (Jean Sorel). Amelie is an orphan who lives with Alain and his family on an island off the coast of France. Alain has dreams of working as a seaman, while Amelie works for Alain's father. The budding romance between the two takes a nose-dive when Alain falls for a glamorous actress who shows up on the island one day. Not mature enough yet to make a wise choice, Alain's betrayal of Amelie turns out to be a grievous mistake.",
    "genres" : [ ]
  }, {
    "id" : 269112,
    "title" : "Macbeth",
    "overview" : "Directed by George Schaefer",
    "genres" : [ ]
  }, {
    "id" : 269117,
    "title" : "Mischievous",
    "overview" : "Jeff meets up with a woman named Angela with whom he raised hell in high school when he attends his class reunion. She has become obsessed with 'the rush' of being spontaneous and wants someone to play with while she tries new erotic experiences. This 'rush' soon becomes deadly as her need for a thrill becomes more and more intense.",
    "genres" : [ {
      "id" : 53,
      "name" : "Thriller"
    } ]
  }, {
    "id" : 269122,
    "title" : "Even the Clouds Are Drifting",
    "overview" : "A 10-year old girl in a mining town, separated from her family, keeps a diary which becomes a best-seller.",
    "genres" : [ ]
  }, {
    "id" : 269127,
    "title" : "Pale Saints",
    "overview" : "Two small time hoods pretend to be serious henchmen in order to get to do a job in Toronto that they think will get them serious recognition in the mob. Things soon get out of control.",
    "genres" : [ ]
  }, {
    "id" : 269132,
    "title" : "The Protector",
    "overview" : "Action &amp; Adventure - Ron Perlman, Carol Alt",
    "genres" : [ ]
  }, {
    "id" : 269137,
    "title" : "The Abduction Series, Part I - The Abduction",
    "overview" : "The most controversial video ever! Fisting, hot wax, spanking, huge dicks, huge toys, mad enema doctors, and much, much more!",
    "genres" : [ ]
  }, {
    "id" : 269147,
    "title" : "La Prédiction Maya",
    "overview" : "",
    "genres" : [ {
      "id" : 99,
      "name" : "Documentary"
    } ]
  }, {
    "id" : 269152,
    "title" : "Der Zauber des Regenbogens",
    "overview" : "A very skilful young architect from Berlin, Lea Winter, who has a promising career, is pregnant with Klaus Arnheim, her head of department, a long-time lover but married and father of a family. At the announcement of this unexpected pregnancy, of course, he only envisages abortion for Lea. However, the young woman hesitates. On the advice of her gynecologist, she decides to leave Ireland for a few days to think and make a decision without any pressure. She finds there a simple, authentic life and is confronted with another rhythm of life, with other values and with herself.",
    "genres" : [ {
      "id" : 10770,
      "name" : "TV Movie"
    }, {
      "id" : 18,
      "name" : "Drama"
    }, {
      "id" : 10749,
      "name" : "Romance"
    } ]
  }, {
    "id" : 269157,
    "title" : "Zirkus Renz",
    "overview" : "Circus film featuring Rene Deltgen.",
    "genres" : [ ]
  }, {
    "id" : 269162,
    "title" : "Pika*nchi Life Is Hard Dakedo Happy",
    "overview" : "\"Pika*nchi Life Is Hard Dakedo Happy\" centers around five friends who are residents in a Tokyo apartment complex. Now senior high school students, the five friends live the wild life in Harajuku before encountering unforeseen surprises.",
    "genres" : [ {
      "id" : 35,
      "name" : "Comedy"
    }, {
      "id" : 18,
      "name" : "Drama"
    } ]
  }, {
    "id" : 269172,
    "title" : "Her Children",
    "overview" : "Events take place in an isolated mountaineous village where a rabid dog bites the son of Fatime. The woman has to decide where to take her son, to the doctor or to Aunt Remja, an old woman who practices magic.",
    "genres" : [ ]
  }, {
    "id" : 269177,
    "title" : "Florence Foresti - Foresti Party Bercy",
    "overview" : "Florence Foresti is offered Bercy tribute to artist she loves: itself.  A show at its disproportion (1m60) with:  Unpublished sketches (not yet written)  New characters (and old)  Live parodies (and video, it is less tiring)  Choreography with chicks (but not too good anyway)  And Guests (if they come).",
    "genres" : [ {
      "id" : 35,
      "name" : "Comedy"
    } ]
  }, {
    "id" : 269187,
    "title" : "My Slave",
    "overview" : "This typical Thai drama of an innocent woman victimized in a situation she cannot control, stars the multi-syllabic Vilaiwan Wattanaphanich who had a small part in The Bridge Over the River Kwai. She plays the daughter of an impoverished farmer with no way to pay his mounting debts except to sell her off to a wealthy landholder. Once in this new household, the unhappy daughter becomes a favorite of the master and thereby raises the green demon of jealousy in the heart of the dethroned favorite. The angry woman does her best to slander the newcomer out of her exalted position, and it almost works.",
    "genres" : [ ]
  }, {
    "id" : 269192,
    "title" : "Faith, Hope and Witchcraft",
    "overview" : "In the northern part of the Atlantic Ocean on the island of Troldø lives a single farming family.  The grandmother Gunhild is the only woman on the island and her son Enok is unable to find a wife.  Gunhild's advanced age causes her to worry for the future of the family. So she initiates a plan to get Enok married, a plan that is put into action when the young Eva becomes stranded on the island.  But the community must be shaken by several dramatic events before Gunhild can breathe a sigh of relief.",
    "genres" : [ {
      "id" : 10751,
      "name" : "Family"
    } ]
  }, {
    "id" : 269202,
    "title" : "Delfine 3D",
    "overview" : "",
    "genres" : [ {
      "id" : 99,
      "name" : "Documentary"
    } ]
  }, {
    "id" : 269207,
    "title" : "Crime at School",
    "overview" : "Zlatko Kovač, a provincial professor, gets the job in the big city's school, only to find out that his red-employment is not random. Professor Toth, the man he replaced, has died under the strange circumstances. Kovac meets a variety of strange people in his school's collective, and it was not long before they came up with the new body. However, the police is unable to solve the case, but he takes the matter into his own hands and setting a trap for a murderer on a school manifestation.",
    "genres" : [ {
      "id" : 53,
      "name" : "Thriller"
    }, {
      "id" : 18,
      "name" : "Drama"
    }, {
      "id" : 9648,
      "name" : "Mystery"
    } ]
  }, {
    "id" : 269212,
    "title" : "Oxygen",
    "overview" : "In this story set in near future, a group of young rebels, hippies and 1968 protesters want to cede and make an independent Island from the Mainland. A journalist who came to the Island to make a report about political summit that takes place there gets involved in the clash between young rebels and establishment.",
    "genres" : [ {
      "id" : 878,
      "name" : "Science Fiction"
    } ]
  }, {
    "id" : 269222,
    "title" : "Hoya! Lero!",
    "overview" : "The council of an old Slavic tribe makes unrighteous decision by giving the best looking girl Voljenka to Kohan the warrior. Voljenka is in love with Dalibor, who tries to prove his courage by fighting with Kohan, and therefore drive the council to change their original decision.",
    "genres" : [ {
      "id" : 18,
      "name" : "Drama"
    } ]
  }, {
    "id" : 269232,
    "title" : "Going Up",
    "overview" : "Musty Suffer is invited to stay in a mansion; hilarity ensues.",
    "genres" : [ {
      "id" : 35,
      "name" : "Comedy"
    } ]
  }, {
    "id" : 269237,
    "title" : "Mor",
    "overview" : "Sue, the only daughter of a squire comes back from a fashionable European resort where she spent vacation. Arno, an impoverished nobleman wins her heart and they soon get engaged. But in the farm is the manager's son named Mor whom Sue spent her childhood with. Their reunion flare up old emotions, but soon strange things begin to happen. The stories about a werewolf start to circle around.",
    "genres" : [ {
      "id" : 18,
      "name" : "Drama"
    }, {
      "id" : 27,
      "name" : "Horror"
    } ]
  }, {
    "id" : 269242,
    "title" : "Alpha House",
    "overview" : "When two freshmen pledges are accepted into the biggest party frat on campus (ALPHA HOUSE), they think they have it all. That is, until the assistant dean forces the Alphas to share their house with a sorority or face expulsion from school. Not wanting to see their lifelong dream of becoming Alphas destroyed, the pledges convince the other members of the house to take back what's theirs, waging an epic battle of the sexes to fight for their right to party.",
    "genres" : [ {
      "id" : 35,
      "name" : "Comedy"
    } ]
  }, {
    "id" : 269247,
    "title" : "Maria och skuggan",
    "overview" : "",
    "genres" : [ {
      "id" : 99,
      "name" : "Documentary"
    } ]
  }, {
    "id" : 269252,
    "title" : "Generation HipHop",
    "overview" : "",
    "genres" : [ {
      "id" : 99,
      "name" : "Documentary"
    } ]
  }, {
    "id" : 269257,
    "title" : "Oasis",
    "overview" : "The first Yugoslavian hardcore porn ever. Upon its completion, the authorities destroyed the only copy and today the film is lost.",
    "genres" : [ {
      "id" : 35,
      "name" : "Comedy"
    } ]
  }, {
    "id" : 269262,
    "title" : "Un uomo facile",
    "overview" : "The changing fortunes of two boxers are explored in this interesting drama by Paolo Heusch, seen from the point of view of the women the boxers love. One of the pugilists is a rookie on the rise and his sister has married the reigning champion. Now the champ is getting older and less able to hold his own against the newcomers -- including his brother-in-law. As his fortunes begin to decline, his wife whom he married while affluent is slowly forced to deal with the difficulties of poverty. This Italian drama was an entry in the 1959 Berlin Film Festival.",
    "genres" : [ ]
  }, {
    "id" : 269272,
    "title" : "Telesme schekasté",
    "overview" : "Essentially a Middle Eastern Western, this adventure yarn by director Syamak Yassami is set in Iran and features a ruling Khan who is not alert enough to see that there are some blackguards around him up to no good. As their intrigues deepen and expand, the Khan's nephew begins to suspect something is up and decides to find out what is going on. The good guys and bad guys are well, if naively defined, and the photography enhances the visual impact of the story. This film was one of the entries at the 1959 Berlin Film Festival.",
    "genres" : [ ]
  }, {
    "id" : 269282,
    "title" : "Ut av mørket",
    "overview" : "Directed by Arild Brinchmann",
    "genres" : [ ]
  }, {
    "id" : 269287,
    "title" : "Miriam",
    "overview" : "After her aunts death, young Miriam gets a position with the Allnes family. They have a son, Hans. Miriam and Hans fall in love. But the Hans mother is jealous and disapprove.",
    "genres" : [ {
      "id" : 18,
      "name" : "Drama"
    } ]
  }, {
    "id" : 269292,
    "title" : "Copenhagen Dreams",
    "overview" : "People in a room in an apartment in a house on a street in a city. \"Dreams in Copenhagen\" is Max Kestners's documentary film portrait of Denmark's capital. A film about the physical surroundings that are part of shaping our lives. About the buildings we wake up in, the front doors we walk out of, the streets we traverse. It is also a film about how the way we live our lives affect our physical surroundings. About places we dream of and the walls onto which we scratch the names our loved ones, before it is too late.",
    "genres" : [ ]
  }, {
    "id" : 269297,
    "title" : "La finestra sul Luna Park",
    "overview" : "Young Mario (Giancarlo Damiani) loses his mother, Ada (Giulia Rubini), when she's hit by a truck, and so his father, Aldo (Gastone Renzelli), a mechanic, must leave his job in Kenya and return to Italy. The father and son have nothing in common, and Mario shies away from him. Aldo must return to Africa and so puts his son in an orphanage, but the boy escapes on the eve of his father's departure and takes refuge with his friend Richetto (Pierre Trabaud). Aldo finds Mario, and Richetto explains that he had been only a helping friend to Ada -- and that, as a woman alone in the city with a child, she needed help. He urges Aldo to be there for the son who needs him, and Aldo decides not to go back to Kenya but to stay and raise Mario.",
    "genres" : [ ]
  }, {
    "id" : 269302,
    "title" : "Campaign: The Making of a Candidate",
    "overview" : "This feature documentary follows Toronto mayoral candidate David Miller as he runs in the 2003 municipal election.",
    "genres" : [ {
      "id" : 99,
      "name" : "Documentary"
    } ]
  }, {
    "id" : 269307,
    "title" : "It Was Not Useless",
    "overview" : "Boris Buzančić plays an idealistic young doctor who is assigned a nearly deserted village. The backwards residents at first resent Buzančić's new-fangled methods. Gradually, he proves his worth and wins their confidence. The clincher comes when Buzančić rids the community of a despotic villain.",
    "genres" : [ {
      "id" : 18,
      "name" : "Drama"
    } ]
  }, {
    "id" : 269312,
    "title" : "The Road of Life",
    "overview" : "El Camino de la Vida was released in English-speaking regions of The Road of Life. Filmed almost entirely on location, the story focuses in on three young boys who, arrested by the authorities, await sentencing in Mexico City's Juvenile Court. One boy has killed his stepfather to protect his mother; the second boy has been goaded into blinding his chief tormentor; and the third resorts to stealing to support his family. Since none of the protagonists is a \"born criminal\" (if there is such a thing), compassionate lawyer Enrique Lucero sets about to rehabilitate the trio so that they can re-enter society's mainstream. While there are several repellantly brutal moments in El Camion de la Vida, there is also a surfeit of optimism and humor.",
    "genres" : [ {
      "id" : 18,
      "name" : "Drama"
    } ]
  }, {
    "id" : 269317,
    "title" : "Een gouden eeuw-de kunst der Vlaamse primitieven",
    "overview" : "Directed by Paul Haesaerts",
    "genres" : [ ]
  }, {
    "id" : 269322,
    "title" : "Processo alla città",
    "overview" : "Turn-of-the-century Naples. Salvatore Ruotolo and his wife are murdered and their bodies are found in different locations. Since the evidence points to a crime by the Neapolitan crime organization, the Camorra, fear and corruption cause serious hindrances to the investigation by police authorities. In charge is a young and courageous judge who, using evidence discovered by chance, tries to reconstruct the story of the double murder. The plot that the judge must unravel is very complicated. Many people are questioned, even those apparently above suspicion. Deciding to get to the bottom of the matter, the judge keeps all the suspects under arrest, causing a backlash of public opinion. But in the face of passive resistance which he finds everywhere, even from his own colleagues and family, he begins to feel discouraged and is about to give up the investigation when a new piece of evidence comes to light.",
    "genres" : [ ]
  }, {
    "id" : 269327,
    "title" : "Trapped In Silence",
    "overview" : "A compelling drama about a silent, violent teenager.  Kevin suffers from elective mutism and no one has ever heard him utter a word.",
    "genres" : [ {
      "id" : 18,
      "name" : "Drama"
    } ]
  }, {
    "id" : 269332,
    "title" : "Darna",
    "overview" : "A girl is granted a magical stone by an angel to become the superheroine Darna to combat evil and would later battle Valentina, her future nemesis.",
    "genres" : [ {
      "id" : 27,
      "name" : "Horror"
    }, {
      "id" : 28,
      "name" : "Action"
    }, {
      "id" : 35,
      "name" : "Comedy"
    } ]
  }, {
    "id" : 269337,
    "title" : "Ulice zpívá",
    "overview" : "",
    "genres" : [ {
      "id" : 35,
      "name" : "Comedy"
    } ]
  }, {
    "id" : 269342,
    "title" : "Bar Mitzvah Boy",
    "overview" : "On the eve of his Bar Mitzvah, young Elliot finds that all the grown men in his life are somewhat wanting.",
    "genres" : [ ]
  }, {
    "id" : 269347,
    "title" : "Land of Green Ginger",
    "overview" : "Faced with the prospect of being sent to work abroad, Sally Brown returns home from London to Hull, to see if she still feels the same attachment for her home town - and for her old boyfriend Mike Thurlow. Will she decide to take the job abroad or return to live with Mike in Hull?",
    "genres" : [ ]
  }, {
    "id" : 269352,
    "title" : "The Crime of Doctor Hallet",
    "overview" : "Doctor in jungle works on cure for fever.",
    "genres" : [ {
      "id" : 18,
      "name" : "Drama"
    } ]
  }, {
    "id" : 269362,
    "title" : "Farm Fresh",
    "overview" : "Jaws and drawers will drop at the amazing collection of young and sexy cock-loving, free-range chicks gathered for Farm Fresh. Tight bodies, moist pussies and frenzied sexual appetites are abound in this 100% All \"Whore-ganic\" fuckfest. Don't let their sweet young faces fool you - these girls are wild sexual animals who want to graze on pussy and dick all day-long. After just 1 viewing, you're guaranteed to wake up at the crack of dawn and churn your butter!",
    "genres" : [ ]
  }, {
    "id" : 269367,
    "title" : "Velvet Revolver - Rock am Ring",
    "overview" : "Velvet Revolver is an American hard rock supergroup consisting of former Guns N' Roses members Slash, Duff McKagan, and Matt Sorum, alongside Dave Kushner formerly of punk band Wasted Youth and Stone Temple Pilots vocalist Scott Weiland.  Rock Am Ring\r Nürburgring – Nürburg, Germany.\r 3rd June 2007",
    "genres" : [ ]
  }, {
    "id" : 269372,
    "title" : "Goo 4 Two 6",
    "overview" : "Sharing is caring, one is such a lonely number, and the best things in life always come in pairs! So what does that mean for the cum-starved semen sluts that signed up to star in this extra sticky sperm celebration? It means that Goo for Two is twice as nice and these babes love every second of it! That's right, these cum-freaks get a double dosage of dick drool to savor, share, and absorb with every orifice! They swap pop and share milky mouthfuls of man muck like its good for their health. Actually, it is--Goo for Two is good for you!",
    "genres" : [ ]
  }, {
    "id" : 269377,
    "title" : "Atención Atención: En Vivo",
    "overview" : "Atencion Atencion; En Vivo",
    "genres" : [ {
      "id" : 35,
      "name" : "Comedy"
    }, {
      "id" : 10751,
      "name" : "Family"
    }, {
      "id" : 10402,
      "name" : "Music"
    } ]
  }, {
    "id" : 269387,
    "title" : "Talking Heads",
    "overview" : "Six monologues tell the stories of six different repressed souls: a man dominated by his mother, a vicar's wife, an inveterate letter writer, a hopeful actress, a recently widowed woman, and an elderly shut-in.",
    "genres" : [ ]
  }, {
    "id" : 269392,
    "title" : "The Black Dress",
    "overview" : "Two handed chamber piece about a middle aged woman who returns from the camps after WWII and meets the mother of her deceased husband. Unable to explain the truth about her husband’s death, Joanna weaves a web of lies to comfort the old woman. In time she is forced to involve more and more people who know of his fate.",
    "genres" : [ ]
  }, {
    "id" : 269402,
    "title" : "Beneath Her Window",
    "overview" : "Duša is a young dancer and dance instructor. Torn between a dominant mother, an absent father and a married lover, she is sinking into a typical crisis of the thirties, which gets worse when she starts suspecting that someone has been following her and invading her privacy.",
    "genres" : [ {
      "id" : 18,
      "name" : "Drama"
    } ]
  }, {
    "id" : 269407,
    "title" : "Street Without a Name",
    "overview" : "The story focuses on a street in the Parisian banlieue where Italian and French workers live. Their neighborhood will soon be demolished and a mysterious character hides himself in this street.",
    "genres" : [ {
      "id" : 18,
      "name" : "Drama"
    } ]
  }, {
    "id" : 269412,
    "title" : "Presque Des Hommes",
    "overview" : "",
    "genres" : [ ]
  }, {
    "id" : 269417,
    "title" : "The Lady from the Sea",
    "overview" : "Handsome young fisherman Tom Roberts is among the crew of a lifeboat that rescues Frenchwoman Claire le Grange, sole survivor of a shipwreck on the treacherous Goodwin Sands. Tom's marriage to his own sweetheart, Mary, is postponed owing to injuries he sustained in the dramatic rescue, and during his convalescence he falls for the charms of the flirtatious Claire.",
    "genres" : [ {
      "id" : 18,
      "name" : "Drama"
    } ]
  }, {
    "id" : 269422,
    "title" : "The Runnin' Kind",
    "overview" : "An Ohio teen moves to L.A. to find fame as a rock musician and to find a drummer.",
    "genres" : [ {
      "id" : 35,
      "name" : "Comedy"
    }, {
      "id" : 18,
      "name" : "Drama"
    } ]
  }, {
    "id" : 269427,
    "title" : "Mountain Music",
    "overview" : "Mountain Music illustrates what happens when technology gets too advanced too soon.",
    "genres" : [ {
      "id" : 16,
      "name" : "Animation"
    } ]
  }, {
    "id" : 269432,
    "title" : "The Madman and The Cathedral",
    "overview" : "Almost 50 years ago, Justo Gallego Martínez promised himself that he would dedicate the rest of his life to the construction of a cathedral. He is now 84 years old and still building.",
    "genres" : [ {
      "id" : 99,
      "name" : "Documentary"
    } ]
  }, {
    "id" : 269437,
    "title" : "Pixie Hollow Bake Off",
    "overview" : "Tink challenges Gelata to see who can bake the best cake for the queen's party.  Plus 10 Disney Fairies Mini-Shorts:\r - Just Desserts\r - If The Hue Fits\r - Dust Up\r - Scents And Sensibility\r - Just One Of The Girls\r - Volleybug\r - Hide And Tink\r - Rainbow's Ends\r - Fawn And Games\r - Magic Tricks",
    "genres" : [ {
      "id" : 16,
      "name" : "Animation"
    } ]
  }, {
    "id" : 269442,
    "title" : "El baile de San Juan",
    "overview" : "It is the final decade of the 18th century in New Spain. We are in Mexico City, inhabited by local adventurers, native inhabitants and Europeans of every kind. In these surroundings, our characters, Jerónimo Marani, court choreographer, Giovanni, his mestizo son, and Victoria, the daughter of the most prominent family in the city, who is in love with Giovanni, live a life of love and aversion, court intrigue and popular grievances, Viceregal dogmas and dreams of freedom. Mexico´s war of independence is only a few years in the future.",
    "genres" : [ ]
  }, {
    "id" : 269447,
    "title" : "Borrar de la memoria",
    "overview" : "A love story turned assassination against the backdrop of the 1968 student massacre whose unresolved status is finally resolved in tense life threatening conditions. The story of a stubborn journalist who undertakes the clarification and bringing to justice of the heinous murder of one student forty years later represents a dedicated effort to force a country from denial to reconciliation and closure of tragic social and political events in a country´s history. A nation cannot allow official cover-ups that seek to delete and erase from the collective memory events that prevent a nation´s march towards social justice.",
    "genres" : [ ]
  }, {
    "id" : 269452,
    "title" : "The Mermaid and the Diver",
    "overview" : "The body of Sinbad the Diver turned up floating off the Atlantic coast of Nicaragua. The mermaid had turned his soul into a turtle, and the turtle was the one who returned him to the world of men. Sinbad was born once more as a Miskito and was raised on the banks of the wonderful Coco River. When he grew up, nature took care of carrying him back to the sea, where the mermaid is waiting for him. The Mermaid and the Diver is a journey to Central America, to Nicaragua, to the Atlantic Coast, and to the Miskito people.",
    "genres" : [ ]
  }, {
    "id" : 269457,
    "title" : "Mythos Kamikaze",
    "overview" : "",
    "genres" : [ {
      "id" : 99,
      "name" : "Documentary"
    } ]
  }, {
    "id" : 269462,
    "title" : "John Rabe - Die Dokumentation",
    "overview" : "",
    "genres" : [ {
      "id" : 99,
      "name" : "Documentary"
    } ]
  }, {
    "id" : 269467,
    "title" : "Janie Summers: Girl Next Door",
    "overview" : "A quick peek over the fence will reveal a world beyond your wildest fantasies. It's a world of teddy bears, night gowns and pillow fights, as well as hand cuffs, dildo's and paddles. Join Janie and friends as they give new meaning to \"friendly neighbor\". Welcome to the world of the Girl Next Door!",
    "genres" : [ ]
  }, {
    "id" : 269472,
    "title" : "This Ain't Die Hard XXX",
    "overview" : "Yippee ki-yay mother fucker!",
    "genres" : [ ]
  }, {
    "id" : 269477,
    "title" : "Lex the Impaler 3",
    "overview" : "Jules and Lex return for another Interracial epic! Jenna takes a cock the size of her forearm up her ass! Gina says \"You're hitting all my organs.\" Shyla goes balls deep up her ass! Lex and Alexis... Black in Latina. Nadia Styles is a deep throat queen that takes the Lex test. Lexcalibur penetrates the perfect ass of Brianna.",
    "genres" : [ ]
  }, {
    "id" : 269482,
    "title" : "Massive Facials 6",
    "overview" : "Massive Facials 6 features the hottest pornstars pushing their boundaries! These very dirty girls get covered in cum for your viewing pleasure. Feauring Riley Reid with 6 loads, Maddy Oreilly with 10 loads, Sheena Shaw with 10 loads, Alexis Ford with 6 loads, and Bonnie Rotten with 12 loads! If you love cum facials it doesn't get any better than this. The award winning director Mason has put together a blowbang epic. Do not miss!",
    "genres" : [ ]
  }, {
    "id" : 269487,
    "title" : "Fight for Life",
    "overview" : "",
    "genres" : [ {
      "id" : 18,
      "name" : "Drama"
    } ]
  }, {
    "id" : 269492,
    "title" : "Reckless",
    "overview" : "An uncompromising and controversial short set in the Scandinavian suburbia on the hottest day of the summer. A sister reluctantly babysits her little brother. Two young boys catch her attention, and she makes a crucial decision.",
    "genres" : [ {
      "id" : 18,
      "name" : "Drama"
    } ]
  }, {
    "id" : 269497,
    "title" : "The People's Champion",
    "overview" : "If the first one stunned you, The People's Champion will floor you. This jawbusting follow-up contains the best of Manny Pacquiao's world title defense fights flashing that on-ring bravura that has made him one of the world boxing's crème de la crème. If you've been keeping count of fighters felled by the man with fists of gold, this one could blow your score sheet. Pound for pound, it's world-class sports entertainment at its finest.",
    "genres" : [ {
      "id" : 99,
      "name" : "Documentary"
    }, {
      "id" : 28,
      "name" : "Action"
    } ]
  }, {
    "id" : 269502,
    "title" : "Pinoy Pride XXV",
    "overview" : "Donnie ‘Ahas’ Nietes and Mexican Moises 'Moi' Fuentes will fight for the WBO Light Flyweight title in Pinoy Pride XXV: The Rematch For Glory happening on May 10, 2014 at the Mall of Asia Arena.",
    "genres" : [ {
      "id" : 28,
      "name" : "Action"
    } ]
  }, {
    "id" : 269507,
    "title" : "Heino Jaeger - Look Before You Kuck",
    "overview" : "A documentary about the tragic life of the forgotten German comedian Heino Jäger.",
    "genres" : [ {
      "id" : 99,
      "name" : "Documentary"
    } ]
  }, {
    "id" : 269512,
    "title" : "Emoticon",
    "overview" : "Elena Gallenti is an anthropology graduate student struggling to complete her thesis on 'modern means of communication.' All that changes when she meets her new boyfriend's teenage kids, who are going through their own journeys of self-discovery. All of them learn to navigate love and intimacy in the digital age.",
    "genres" : [ {
      "id" : 18,
      "name" : "Drama"
    } ]
  }, {
    "id" : 269517,
    "title" : "Here Comes the Sun",
    "overview" : "When a wealthy newspaper proprietor passes away, his crooked business partner moves to secure the deceased's fortune by substituting a false will. But 'Corona' Flanagan is onto the fraudster, and his efforts to unmask the villain see him popping in and out of jail – which isn't all that bad, since the governor is an old friend of his – and dressing up as a Russian countess...",
    "genres" : [ {
      "id" : 35,
      "name" : "Comedy"
    }, {
      "id" : 10402,
      "name" : "Music"
    } ]
  }, {
    "id" : 269522,
    "title" : "Eurovision Song Contest 2013 Grand Final",
    "overview" : "The 58th Eurovision Song Contest to take place in Malmö, Sweden ended in 26 countries competing in the Grand Final after 2 Semi-Finals earlier in the week. Estimated to have been seen by more than 170 million viewers.  The opening started with a Eurovision Song Contest anthem, We Write The Story, by Benny and Björn from ABBA in collaboration with Swedish DJ sensation Aviccii.  Petra Mede, a Swedish comedienne, was one of the first person in the past decades host  entire show, a role often split between 2 or more. She additionally performed \"Swedish Smorgasbord\", a song and dance number during the interval, that was a lighthearted look at  the Swedish Culture and people.  She hosted wearing dresses which were all designed Jean-Paul Gaultier, who is also a big fan of the contest.  The 58th annual Eurovision concluded with Emmelie de Forest, of Denmark, taking home the trophy, a short drive over the bridge from Malmö to Denmark, the second time Denmark had won when Sweden hosted.",
    "genres" : [ {
      "id" : 10402,
      "name" : "Music"
    } ]
  }, {
    "id" : 269527,
    "title" : "Rabbit Cop",
    "overview" : "A comedy directed by Pete Carboni",
    "genres" : [ ]
  }, {
    "id" : 269562,
    "title" : "Football stars",
    "overview" : "",
    "genres" : [ {
      "id" : 16,
      "name" : "Animation"
    } ]
  }, {
    "id" : 269567,
    "title" : "Alim i ego oslik",
    "overview" : "",
    "genres" : [ ]
  }, {
    "id" : 269572,
    "title" : "Almost Thirty",
    "overview" : "Hilarious romantic comedy which main essence is based on the maturation process that young people face when entering their thirties. When their options come to settling down and starting a family or pursuing and achieving what they've always dreamed of, even though this could become a risk for their economic and emotional stability.",
    "genres" : [ {
      "id" : 35,
      "name" : "Comedy"
    } ]
  } ]
}