{
  "movies" : [ {
    "id" : 317472,
    "title" : "Love, Live & Laugh",
    "overview" : "Any movie that starts Jewish entertainer George Jessel as an Italian accordionist named Luigi can't be all bad. In love with the beautiful Margharita (Lila Lee), Luigi lands a job in the music store owned by the girl's uncle. Ultimately, however, our hero does the Pagliacci act when Margharita evinces a preference for handsome Pasquale (David Rollins). The film's best scene takes place in a nursery full of talented tots, a sequence that undoubtedly reminded Jessel of his days with Gus Edwards' \"Schoolroom\" act. Exercising his droit du seigneur, Georgie Jessel sings the title tune.",
    "genres" : [ {
      "id" : 18,
      "name" : "Drama"
    } ]
  }, {
    "id" : 317477,
    "title" : "Sour Grapes",
    "overview" : "Dingbat tries to prevent the fox from stealing the grapes from his vineyard, but the wily fox finally does succeed in steal some. The fox soon finds out that the grapes are sour.",
    "genres" : [ ]
  }, {
    "id" : 317482,
    "title" : "A Bath Tub Elopement",
    "overview" : "A 1916 short comedy starring Marcel Perez",
    "genres" : [ {
      "id" : 35,
      "name" : "Comedy"
    } ]
  }, {
    "id" : 317487,
    "title" : "Bharatanatyam: Anita Ratnam",
    "overview" : "Dancer Anita Ratnam explores the wonders of the 2,000-year-old classical Indian dance known as Bharatanatyam. Ratnam, a cultural activist and founder of the Arangam Dance Theatre, has entertained audiences worldwide. With more than 1,000 performances in 15 countries, she is one of India's most famous dance icons. The Bharatanatyam traces its origins to the time of the sage Bharatha and is marked by a seamless flow of emotion, melody and rhythm.",
    "genres" : [ ]
  }, {
    "id" : 317492,
    "title" : "Dog the Bounty Hunter: Crime Is on the Run",
    "overview" : "Compiled by popular demand, this collection of most-watched \"Dog the Bounty Hunter\" episodes includes some of Dog and Beth's best work, like the time they tried to stop a fugitive from boarding a flight from Hawaii to Florida. Later on, the team gets tough with a drug addict who took his problems out on an innocent kitten, and goes head-to-head with a target who's got a serious anger management problem.",
    "genres" : [ ]
  }, {
    "id" : 317502,
    "title" : "Lost Concerts Series: Presley & Cash: The Road Show",
    "overview" : "Before they were legends, Elvis Presley and Johnny Cash hit the road, guitars in hand, playing for small crowds. This impressive collection of 30 early performances features Presley and Cash wowing fans on the way to superstardom. Bonus material includes Cash spoofing Presley's megahit \"Heartbreak Hotel,\" plus rare Sun Records footage and a glimpse into the history of two celebrated artists who greatly influenced American music.",
    "genres" : [ ]
  }, {
    "id" : 317507,
    "title" : "Tragedy at the Royal Circus",
    "overview" : "",
    "genres" : [ ]
  }, {
    "id" : 317512,
    "title" : "Dans la peau de Jean-Claude Van Damme",
    "overview" : "If you want to find out how it is being Jean-Claude Van Damme.",
    "genres" : [ ]
  }, {
    "id" : 317517,
    "title" : "Punngai Desam",
    "overview" : "Raja (Kunal), Selvam (Hamsavardhan) and Vijay (Dhamu) leave their village and move to Madras to pursue their dreams. Meanwhile, their friend Ganesh (Tarun Kumar) moves to the city to be with his love, but her newly rich father shuns the modest Ganesh. Dejected, he moves in with his three friends and vows to help them realize their goals. But will the four friends find success in life and love? Sneha also stars.",
    "genres" : [ ]
  }, {
    "id" : 317522,
    "title" : "Rise and Fall of the Berlin Wall",
    "overview" : "On one night in August 1961, a few railway cars and a lot of barbed wire were moved into position in Berlin, dividing East Germany from West. It was a barrier that would be extended and become increasingly more sophisticated over the 18 years of its existence, a technological counter to each escape attempt. In this feature length special, History uses a computer imagery to reconstruct how the wall grew from a meager obstacle to a 97 mile barrier of concrete slabs, watchtowers and guards. It charts the rise and then the sudden fall of the wall on Nov.9, 1989. Rise And Fall Of The Berlin Wall is filled with first-person accounts of escapes by any means possible, including tunnels, hot air balloons, wind surfing, bi-planes and a cable railway. Other interviews with people who were there during the rise and fall of one of history’s most dramatic symbols of the Cold War included historians, journalists, East German guards, and diplomats.",
    "genres" : [ {
      "id" : 99,
      "name" : "Documentary"
    } ]
  }, {
    "id" : 317527,
    "title" : "Sharkbite! Surviving Great Whites",
    "overview" : "Survivors of great white shark attacks share their tales in this dramatic Discovery Channel program. Featuring stunning ocean footage and interviews with shark experts, this chilling look at the most feared underwater predator brings their terrifying reality to light. Stories include those of a South African teenager who lost his leg to a great white, and a surfer who fended off a shark with his board but was unable to save his friend.",
    "genres" : [ ]
  }, {
    "id" : 317532,
    "title" : "St. Bear's Dolls Hospital: Toyworld",
    "overview" : "A parrot that mangles its words, a ballerina who can no longer dance and an identical twin who's the polar opposite of her look-alike sister all make their way to St. Bear's Dolls Hospital in the three episodes presented here. Kids learn lessons of friendship, teamwork, respect and understanding as they watch how hospital staff members tend to the tattered toys while also coming up with remedies to their own problems.",
    "genres" : [ ]
  }, {
    "id" : 317537,
    "title" : "The Big Black Comedy Show: Vol. 2",
    "overview" : "This laugh-packed second installment of \"The Big Black Comedy Show\" is hosted by Mo'Nique, along with co-host Rodney Perry, and features a talented lineup of today's most popular African-American comics performing their routines at large venues. You'll bust a gut laughing at these talented, in-your-face stand-up acts who don't hold anything back. Vince Morris, Ralphie May, Chris Spencer and Sexy Marlo are among the featured comics.",
    "genres" : [ ]
  }, {
    "id" : 317542,
    "title" : "The History Makers: Success",
    "overview" : "Ossie Davis, Terry McMillan, Horace Julian Bond, Isaac Hayes, Dionne Warwick and many others share their inspiring stories of success in the first installment of this series about African-American history makers, including civil rights leaders, actors and authors. A good education, dedication to work, dogged determination and the courage to take risks figure prominently in these remarkable success stories told by notable African Americans.",
    "genres" : [ ]
  }, {
    "id" : 317547,
    "title" : "UFC: Ultimate Fighting Championship: Ultimate Knockouts 4",
    "overview" : "The fourth round of UFC's \"Ultimate Knockouts\" series pulls absolutely no punches. With action-packed highlights from 2004 and 2005, this collection features some of the most punishing knockouts in the long bloody history of UFC. Bouts between some of the biggest and boldest figures in the sport include Chuck Liddell, B.J. Penn, Paul Buentello, Andrei Arlovski, Georges St. Pierre, Dave Terrell and Nick Diaz.",
    "genres" : [ ]
  }, {
    "id" : 317552,
    "title" : "Zatoichi: Vol. 9: Adventures of Zatoichi",
    "overview" : "Zatoichi raises an entirely different kind of cane in this hard-hitting episode. While corrupt bosses exploit hardworking merchants preparing for a New Year's celebration, blind swordsman Zatoichi dispenses justice with the edge of his cane sword. Zatoichi attempts to help two women whose paths have crossed with the Yakuza in this installment of the serial directed by Kimiyoshi Yasuda and starring Shintarô Katsu.",
    "genres" : [ ]
  }, {
    "id" : 317557,
    "title" : "Queen of Katwe",
    "overview" : "A young girl overcomes her disadvantaged upbringing in the slums of Uganda to become a Chess master.",
    "genres" : [ {
      "id" : 18,
      "name" : "Drama"
    } ]
  }, {
    "id" : 317562,
    "title" : "Deep Roots Music 2: Bunny Lee Story / Black Ark",
    "overview" : "Continue exploring the history of reggae in this dynamic musical series, which spotlights record producer Bunny Lee and his roster of artists, along with a look at the Rastafari movement's influence on reggae. Featured artists are Lee Perry, Bob Marley, the Mighty Diamonds, Delroy Wilson, Jackie Edwards and many more. The documentary also includes rare footage of former Ethiopian emperor Haile Selassie.",
    "genres" : [ ]
  }, {
    "id" : 317567,
    "title" : "Engelbert Humperdinck: Hansel and Gretel",
    "overview" : "Staging directors Patrice Caurier and Moshe Leiser infuse German composer Engelbert Humperdinck's fairy-tale opera with more than a dollop of black humor in this 2008 London performance that's both enchanting and menacing. Angelika Kirchschlager and Diana Damrau play Hansel and Gretel, respectively, and beloved British baritone Thomas Allen portrays their father in an outstanding production led by maestro Colin Davis.",
    "genres" : [ ]
  }, {
    "id" : 317572,
    "title" : "Globe World Cup 2003",
    "overview" : "The top skateboarders in the world convened in Australia in February 2003, competing for a $120,000 top prize. Some spectacular courses were constructed, both on the street and on a huge 60-ft. ramp. The skaters helped design the courses for optimum performance, so get ready for a serious thrill-ride with some seriously radical, danger-seeking boarders!",
    "genres" : [ ]
  }, {
    "id" : 317582,
    "title" : "Kingston Trio: 50 Years of Having Fun",
    "overview" : "In 1957, fresh-out-of-college California boys Bob Shane, Nick Reynolds and Dave Guard formed The Kingston Trio -- in the process ushering in the folk era. This film documents the group's 50-year journey. Interviews with Shane, John Stewart, Pete Seeger and others, as well as footage of the group performing, provide a fascinating portrait of the trio whose tight vocal harmonies, accessible tunes and signature banjo riffs defined an era.",
    "genres" : [ ]
  }, {
    "id" : 317587,
    "title" : "Orson Welles: The Stranger/Orson Welles on Film",
    "overview" : "This Academy Award-nominated thriller follows Franz Kindler (Orson Welles), a Nazi fugitive hiding out as a professor in a small Connecticut town. When his new wife (Loretta Young) begins to suspect his past, a detective (Edward G. Robinson) sets out to uncover his identity. Also includes a documentary about director Orson Welles' life, innovative filmmaking and struggles with the Hollywood establishment.",
    "genres" : [ ]
  }, {
    "id" : 317597,
    "title" : "The Kumars at No. 42",
    "overview" : "Part sitcom, part off-the-cuff conversations, this clever British television comedy takes place in a suburban London backyard, where Sanjeev Kumar (Sanjeev Bhaskar) and his eccentric family produce their own talk show. While host Sanjeev interviews celebrities such as Minnie Driver and Jerry Hall, his mother (Indira Joshi) tries to find a wife for her son, and mischievous Granny Kumar (Meera Syal) appraises the male guests.",
    "genres" : [ ]
  }, {
    "id" : 317602,
    "title" : "Vampire Knight Guilty: Vol. 2",
    "overview" : "This sequel to the anime series \"Vampire Knight\" follows the exploits of inquisitive student Yuki Cross, a teen in charge of protecting the daytime students of Cross Academy, who don't know that the dangerous nighttime students are actually vampires. Yuki is also trying to preserve the little humanity left of her longtime friend Zero, who drank the blood of a vampire, even as she uncovers shocking truths about her family's tempestuous history.",
    "genres" : [ ]
  }, {
    "id" : 317607,
    "title" : "Willie the Kid",
    "overview" : "Little Willie's large imagination turns his family-home in the suburbs into the old Wild WEst when he puts on his cowboy suit, guns, holsters and hat, and goes out to play with his friend Archie.(No, this is not Archie Andrews.) The two boys have some desperate adventures, until Willie's mom calls him in to take his afternoon nap.",
    "genres" : [ {
      "id" : 16,
      "name" : "Animation"
    } ]
  }, {
    "id" : 317612,
    "title" : "The Emperor's New Clothes",
    "overview" : "The king is offered a fine new suit that can only be seen by wise people, and walks naked in the procession.",
    "genres" : [ ]
  }, {
    "id" : 317617,
    "title" : "Magoo Slept Here",
    "overview" : "Mr. Magoo decides to sell his old house and plans to make an additional profit by selling off his furnishing as antiques. But, the near-sighted Mr. McGoo can think better than he can see, so he inflates the value to the tax-collector and lowers it to the antique dealer.",
    "genres" : [ ]
  }, {
    "id" : 317622,
    "title" : "Hearts",
    "overview" : "Three heart transplant recipients attempt the arduous La Jolla Half Marathon.",
    "genres" : [ ]
  }, {
    "id" : 317627,
    "title" : "Di Xia Jian Bing",
    "overview" : "",
    "genres" : [ ]
  }, {
    "id" : 317632,
    "title" : "Operation Atlantis",
    "overview" : "An American agent discovers that the Red Chinese have built a secret atomic city from which they will attempt to invade America.",
    "genres" : [ {
      "id" : 878,
      "name" : "Science Fiction"
    }, {
      "id" : 12,
      "name" : "Adventure"
    }, {
      "id" : 80,
      "name" : "Crime"
    } ]
  }, {
    "id" : 317637,
    "title" : "Ten thousand rivers and one thousand mountains",
    "overview" : "A general depiction of the famous 1930's Long March of the Chinese Red Army.",
    "genres" : [ {
      "id" : 10752,
      "name" : "War"
    } ]
  }, {
    "id" : 317642,
    "title" : "Main tu Assi Tussi",
    "overview" : "The presence of three sets of identical twins leads to mass confusion and mistaken identity.",
    "genres" : [ {
      "id" : 35,
      "name" : "Comedy"
    } ]
  }, {
    "id" : 317647,
    "title" : "Teen Spirit: Teenagers and Hollywood",
    "overview" : "Teen movies have had a great impact on the movie industry - especially in the 80s. This documentary takes a closer look at the genre's origins and the impact it has made up till today.",
    "genres" : [ {
      "id" : 99,
      "name" : "Documentary"
    } ]
  }, {
    "id" : 317652,
    "title" : "Dennis DeYoung and the Music of Styx - Live in Los Angeles",
    "overview" : "On March 18th, 2014, Dennis DeYoung, the legendary front man of Styx and author of five key songs that define that band s career, returned to Los Angeles for the first time during his solo career to play a sold out show at the El Rey Theater. Recorded live for AXS-TV and captured in pristine HD quality, the performance has been slated for release via Frontiers Records.",
    "genres" : [ {
      "id" : 10402,
      "name" : "Music"
    } ]
  }, {
    "id" : 317657,
    "title" : "They Came from the Attic",
    "overview" : "When an accidental death takes the life of a young boy, the family moves to a country home for a fresh start, only to discover there is something much worse than than their memories and guilt living in the attic.",
    "genres" : [ ]
  }, {
    "id" : 317662,
    "title" : "Rallying - The Killer Years",
    "overview" : "In the 1980s rallying was more popular than Formula 1. However the sport was heading out of control and the unregulated mayhem would end abruptly after a series of horrific tragedies.",
    "genres" : [ ]
  }, {
    "id" : 317667,
    "title" : "Verdi Macbeth",
    "overview" : "Part of Tutto Verdi series - Macbeth (2006) Parma.  Macbeth is one of the most multi-layered, profound and demanding roles that Verdi ever wrote for a baritone and the Italian singer Leo Nucci is arguably the most distinguished in his field. The role has repeatedly brought him lasting success and he enacts it with an intensity that only the very experienced stage personality can muster. French singer Sylvie Valayre is known for her versatile interpretations of spinto and dramatic coloratura soprano parts, especially for particularly gruelling roles like Lady Macbeth. Supported by Italian bass Enrico Iori as Banco and tenor Roberto Iuliano as Macduff, they make up a wonderful cast under the baton of Bruno Bartoletti, musical director of the Teatro Regio di Parma.",
    "genres" : [ {
      "id" : 10402,
      "name" : "Music"
    } ]
  }, {
    "id" : 317672,
    "title" : "Christmas in Appalachia",
    "overview" : "Examines the meager holiday season for poor families in the mountains of Kentucky. Reporter, Charles Kuralt, talks with the people about the disappointments their children will have on Christmas Day. The children sing carols and eat a hot meal, the only joy they will have at Christmas. A general store owner explains how automation has taken away jobs for men in coal mines. Shows people in line to receive surplus, government commodities. Emphasizes that poverty prevails year round, and shows the misery and discouragement of adults, the scant prospects of education for children, and the shacks that serve as homes.",
    "genres" : [ ]
  }, {
    "id" : 317677,
    "title" : "White Corridors",
    "overview" : "White Corridors was based on Yeoman Hospital, a novel by Helen Ashton. Told episodically, the story concentrates on the day-to-day activities in a busy hospital, where research pathologist Neil Marriner (James Donald) conducts experiments in the hopes of curing diseases impervious to penicillin. Marriner is aided in this endeavor by lady surgeon Dr. Sophie Dean (Googie Withers), who happens to be in love with him. After a tragedy occurs for which Marriner holds himself responsible, the film builds steadily to an exciting climax involving a untested -- and potentially dangerous -- serum. The top-rank British supporting cast includes Barry Jones, Moira Lister, Petula Clark, Basil Radford, Dagmar (later Dana) Wynter, Bernard Lee, and, in a minor role, future \"Dr. Who\" Patrick Troughton.",
    "genres" : [ ]
  }, {
    "id" : 317682,
    "title" : "Borman",
    "overview" : "Eurospy oddity that features a lot of stock footage and a spy that is constantly getting beat up.",
    "genres" : [ ]
  }, {
    "id" : 317692,
    "title" : "Under the Counter Spy",
    "overview" : "This cartoon is a parody of the then current TV show, \"Dragnet\". Police are warned of an escaped criminal, \"The Bat\", who possesses a super strength tonic.",
    "genres" : [ {
      "id" : 16,
      "name" : "Animation"
    } ]
  }, {
    "id" : 317697,
    "title" : "Howdy Doody and His Magic Hat",
    "overview" : "A UPA adaptation of the television series (1947-1960) dummy-cowboy, Howdy Doody. Filmed in both 35 and 16mm (for immediate television use in the event theatre exhibitors balked at showcasing a television character,) the plot has Howdy Doody in quest of a magic cowboy hat that will make him invincible. Filled with predominant variations of colors and designs and abstract-color designs as Howdy chases the elusive hat. Finally capturing it, he uses the hat's magical powers to become a rodeo star.",
    "genres" : [ ]
  }, {
    "id" : 317702,
    "title" : "Destination Magoo",
    "overview" : "The title of this short is a play on the title of the feature film Destination Moon (which itself has an animated sequence made by Walter Lantz and starring Woody Woodpecker) and once again Magoo and his myopia take an adventure, hand in hand, off to the \"Moon\". The life that man leads!",
    "genres" : [ {
      "id" : 35,
      "name" : "Comedy"
    }, {
      "id" : 16,
      "name" : "Animation"
    } ]
  }, {
    "id" : 317707,
    "title" : "The Ostrich Egg and I",
    "overview" : "Sam acquires and ostrich from which hatches, no surprise, an ostrich. The ostrich attach's itself to Sam, in addition to eating everything in sight, and Maggie orders him to get rid of it. When Sam thinks he has lost the bird, he returns home where Maggie leads him to the bedroom, where Sam finds the ostrich with a family of her own.",
    "genres" : [ {
      "id" : 16,
      "name" : "Animation"
    } ]
  }, {
    "id" : 317712,
    "title" : "The Legend of Sayo",
    "overview" : "",
    "genres" : [ {
      "id" : 27,
      "name" : "Horror"
    } ]
  }, {
    "id" : 317717,
    "title" : "Picnics Are Fun and Dino's Serenade",
    "overview" : "A \"Ham &amp; Hattie\" cartoon which means two different cartoons splitting the seven minutes of running time. \"Picnics are Fun\" finds Hattie taking her two dolls for a picnic in the 'Country\"---the roof of her apartment building where the trees, flowers and greenery grow only in her fertile imagination; the second offering, \"Dino's Serenade\", has Ham &amp; His World Players doing a sketch about a strolling musician, the girl he loves and the villain who steals her away.",
    "genres" : [ ]
  }, {
    "id" : 317722,
    "title" : "Let's Talk",
    "overview" : "Radhika (Maia Katrak) has been married for over ten years to Nikhil (Boman Irani) and is having an affair for the past six months with an interior designer, Krish. Radhika is now pregnant with Krish’s child and pours out her plight to a friend, Rita (Anahita Oberoi). She mentions a particular incident where she suffered a miscarriage of their second child that had started the rift.",
    "genres" : [ {
      "id" : 18,
      "name" : "Drama"
    } ]
  }, {
    "id" : 317727,
    "title" : "Fobia Malam Pertama",
    "overview" : "The movie tells the tale of Asyraf and Zaty. Zaty is afraid to fall in love as she believes that because of a dark curse on her family when she falls in love and gets married she will die after giving birth to her first child. Asyraf on the other hand is a playboy who has returned from his studies in Indonesia and has been told by his father that he will need to get married to a virgin as it is family tradition. Asyraf is then enrolled into the same college as Zaty and thus begins a comedy of epic proportions as our two love birds have to deal with a scorned ex, a bomoh, over bearing in laws and how Zaty tries to save herself from getting pregnant on the first night!",
    "genres" : [ {
      "id" : 10749,
      "name" : "Romance"
    }, {
      "id" : 35,
      "name" : "Comedy"
    } ]
  }, {
    "id" : 317732,
    "title" : "The Goose Is Wild",
    "overview" : "Charlie Beary, furiously plowing through a mountain of bills, vows that he's going to cut expenses.",
    "genres" : [ {
      "id" : 16,
      "name" : "Animation"
    } ]
  }, {
    "id" : 317737,
    "title" : "La maschera del Minotauro",
    "overview" : "",
    "genres" : [ ]
  }, {
    "id" : 317742,
    "title" : "Va te rincer l'oeil",
    "overview" : "A look into the world of early 1980s male strippers in Montreal.",
    "genres" : [ {
      "id" : 99,
      "name" : "Documentary"
    } ]
  }, {
    "id" : 317747,
    "title" : "Rasmus Klump og hans venner på udflugt",
    "overview" : "",
    "genres" : [ {
      "id" : 16,
      "name" : "Animation"
    }, {
      "id" : 10751,
      "name" : "Family"
    } ]
  }, {
    "id" : 317752,
    "title" : "Anita O'Day: Live in Tokyo '63",
    "overview" : "Celebrated jazz vocalist Anita O'Day, known for her inventive improvisational style and rhythmic instincts, puts on a swinging performance in this vintage 1963 concert filmed in Tokyo. Songs include \"Boogie Blues,\" \"Trav'lin' Light,\" \"Honeysuckle Rose,\" \"Avalon,\" \"Bewitched,\" \"You'd Be So Nice to Come Home To,\" \"Night and Day,\" \"Let's Fall in Love,\" \"Sweet Georgia Brown,\" \"Tea for Two\" and more.",
    "genres" : [ ]
  }, {
    "id" : 317757,
    "title" : "Carl Zeller: Der Vogelhandler",
    "overview" : "Rudolf Bibl conducts the Symphony Orchestra Burgenland in this 1998 Sea Festival Mörbisch production of Carl Zeller's popular operetta about the romantic complications between a Tyrolean bird seller and a local postmistress at the royal court. In addition to the complete operetta, staged outside with a magnificent ocean backdrop, the program takes viewers on a journey through the festival city Mörbisch, known as the \"Austrian Mecca of Operetta.\"",
    "genres" : [ ]
  }, {
    "id" : 317762,
    "title" : "El de la Camisa Negra",
    "overview" : "Years after the murder of their parents, three brothers return to their hometown seeking revenge. They plan to kill, one by one, the sheriff and the conspirators responsible for their parents' deaths. But what the brothers don't know is that they'll have to confront the town's new sheriff first. Leonardo García Vale, Claudia Vega and Rodolfo de Anda Jr. star in this action adventure directed by Arturo Martinez.",
    "genres" : [ ]
  }, {
    "id" : 317767,
    "title" : "Heavy Gear: Battle for the Badlands",
    "overview" : "This vibrantly computer animated series (based on the video game) takes place on the planet Terra Nova. Here, teams meet in an arena to pilot massive machines and play out complex and violent war games. Young Marcus Rover's dream comes true when he is accepted into the Shadow Dragons as a Gear pilot. He finds himself up against difficult odds, however, when he ends up in the Heavy Gear Championship against the Northern Vanguard of Justice.",
    "genres" : [ ]
  }, {
    "id" : 317772,
    "title" : "Juvies",
    "overview" : "Director Leslie Neale delivers an unblinking look at the juvenile criminal justice system. Narrator Mark Wahlberg -- who experienced adult prison firsthand after being arrested at age 16 -- also served as the film's executive producer.",
    "genres" : [ ]
  }, {
    "id" : 317777,
    "title" : "Monchy & Alexandra: En Vivo Desde Bellas Artes",
    "overview" : "Filmed live in Puerto Rico, this concert video features the Dominican bachata duo Monchy &amp; Alexandra, as they play a rhythmic tropical Latin set featuring some of their best-known hits, along with a few of their more recent songs. Tracks from this performance include \"Eras Diferente,\" \"Te Quiero Igual Que Ayer,\" \"Hasta el Fin,\" \"Perdidos,\" \"Polo Opuesto,\" \"Llorando Penas,\" \"Dos Locos\" and many more.",
    "genres" : [ {
      "id" : 10402,
      "name" : "Music"
    } ]
  }, {
    "id" : 317782,
    "title" : "The Beckett Affair",
    "overview" : "Rod Cooper, an American agent of the CIA, is sent to Paris to discover if colonel Segura, head of a clandestine organization which proclaims itself anti-Castroist, is playing a double game at the expense of the United States. He first tries to make contact with Ms Beckett, who should tell him. Segura's intentíons, but the woman is found killed. Subsequently, Rogerson, another American, presents Cooper to Segura himself and so Rod can enter his organization. Here he discovers that the colonel tries to attract a certain number of Americans to use them in an attack against the president of a state of southern America and thus promote communist expansion. Segura soon discovers Rod's real identity and tries to get rid of him; but the agent manages to reverse the situation and kills Segura in a shoot-out.",
    "genres" : [ ]
  }, {
    "id" : 317787,
    "title" : "Roy Rogers with Dale Evans: Vol. 13",
    "overview" : "Roy Rogers rides the open prairie with \"Queen of the West\" Dale Evans in this collection of classic episodes culled from \"The Roy Rogers Show\" archives that also features appearances by his loyal horse, Trigger, and Bullet the Wonder Dog. Adventures find Roy scouting out a stash of stolen silver, hunting down the men who stole a widow's charitable trust and trying to turn two young criminals away from a life of dishonesty.",
    "genres" : [ ]
  }, {
    "id" : 317792,
    "title" : "Steve Hackett: Once Above a Time: Live in Europe 2004",
    "overview" : "Recorded in Budapest in April 2004, this video captures composer and guitarist Steve Hackett's final performance of his European tour in support of his album \"To Watch the Storms.\" It combines songs from throughout the course of his long career, including such classic Genesis tracks as \"Blood on the Rooftops,\" \"Firth of Fifth\" and \"Los Endos.\" Other tracks include \"Ace of Wands,\" \"Spectral Mornings\" and \"Valley of the Kings.\"",
    "genres" : [ ]
  }, {
    "id" : 317797,
    "title" : "The Tales of Beatrix Potter",
    "overview" : "The beloved storybook characters of Beatrix Potter -- including Tom Thumb, Peter Rabbit, Jemima Puddle-Duck and Squirrel Nutkin -- literally come alive in this delightful 1971 production. Featuring Britain's Royal Ballet Company, Frederick Ashton's superb choreography, John Lanchbery's original score and Rostislav Douboujinsky's fabulous costumes, the story follows bashful Beatrix, whose shyness fades when her stuffed animals spring to life.",
    "genres" : [ ]
  }, {
    "id" : 317802,
    "title" : "Barbra Streisand: The Concert: Live at the MGM Grand",
    "overview" : "The one and only Barbra Streisand took to the stage of the Las Vegas MGM Grand's Grand Garden Arena for two New Year's performances on December 31, 1993, and January 1, 1994. Fans delighted at hearing songs such as \"As If We Never Said Goodbye,\" \"People,\" \"He Touched Me,\" \"The Man That Got Away,\" \"The Way We Were,\" \"You Don't Bring Me Flowers,\" \"Not While I'm Around,\" \"Ordinary Miracles,\" \"Evergreen\" and more.",
    "genres" : [ ]
  }, {
    "id" : 317807,
    "title" : "Distress Signals",
    "overview" : "A film about the predominance of American television programming around the world at the expense of regional cultural voices.",
    "genres" : [ {
      "id" : 99,
      "name" : "Documentary"
    } ]
  }, {
    "id" : 317812,
    "title" : "Beyond the Divide",
    "overview" : "Fifty years have passed since the beginning of the Vietnam War. The politics and casualties are history yet deep scars remain between those who served and those who fought a different war at home. In Missoula, Montana, a mysterious graffiti peace symbol inflamed the enduring animosity, dividing a community for decades. Through the courageous acts of a Vietnam veteran and a peace advocate, BEYOND THE DIVIDE illuminates a path to healing old wounds and demonstrates authentic peacebuilding. The story inspires audiences to take courageous first steps to reach beyond polarization in search of what unites us instead of what divides us.",
    "genres" : [ ]
  }, {
    "id" : 317817,
    "title" : "Huston Smith: The Mystic's Journey",
    "overview" : "Huston Smith, professor of philosophy at Syracuse University, has spent years exploring the power of faith and religion. For this fascinating series, Smith teamed up with New Age filmmaker Elda Hartley to discover how people from around the world participate in spiritual traditions. Includes the films \"Islamic Mysticism: The Sufi Way,\" \"Reqiuem for a Faith: Tibetan Buddhism\" and \"India and the Infinite: The Soul of a People.\"",
    "genres" : [ ]
  }, {
    "id" : 317822,
    "title" : "Miracles of Shirdi Ke Saibaba",
    "overview" : "Explore the life and miraculous works of Indian guru Sri Sai Baba in this religious drama. Born in the mid-19th century, Sai Baba is considered a saint by his Hindu and Muslim followers. With teachings drawn from both religious traditions, the ascetic monk sought to bring people together. Directed by Amol Surve and starring Sudhir Dalvi, the film focuses on the numerous miracles attributed to Sai Baba as well as his succinct adages.",
    "genres" : [ ]
  }, {
    "id" : 317827,
    "title" : "History Special: 51 Amazing Facts About America",
    "overview" : "Amazing people, amazing places and amazing things! This special zips across the US looking for the facts. From our founding fathers' favorite treats to buried treasure, very old bones from a swamp to the ever-expanding earth, gold and gems in unusual places to whiskers in the White House, lightning, volcanoes and presidential grandchildren. So many facts--so little time!",
    "genres" : [ ]
  }, {
    "id" : 317832,
    "title" : "Sasquatch Odyssey",
    "overview" : "Director Peter von Puttkamer helms this fact-finding mission to investigate one of the greatest mysteries yet to be solved on the North American continent: the existence of Sasquatch (or \"Bigfoot\"). Now, for the first time, a tireless team of documentarians -- known as \"the four horsemen of Sasquatchery\" -- risk all to bring the elusive missing link out into the open and prove once and for all that Bigfoot does exist!",
    "genres" : [ ]
  }, {
    "id" : 317837,
    "title" : "Sufi in Concert: Hans Raj Hans",
    "overview" : "Famed for his smooth voice, Hans Raj Hans -- backed by instrumental musicians Bhure Khan and Jaswant Singh -- delivers a moving performance in this concert video. The Punjabi vocalist boasts a repertoire spanning bhangra dance music, film soundtracks and classical songs inspired by folklore and mysticism. Here, Hans sings Sufiana Qalam -- songs based on the writings of mystic poets including Baba Bullehshah, Shah Hussain and Shahbaz Qalandar.",
    "genres" : [ ]
  }, {
    "id" : 317842,
    "title" : "WWE Tagged Classics 2003: Royal Rumble",
    "overview" : "Tensions are high inside Boston's Fleet Center in this WWE special event filmed live in 2003 that pits some of the hottest wrestling superstars against one another in memorable matchups that culminate in a Royal Rumble. Highlights include a girl-on-girl scrimmage between Torrie Wilson and Dawn Marie, and an incredible contest between Kurt Angle and Chris Benoit that could go down as one of the greatest matches in history.",
    "genres" : [ ]
  }, {
    "id" : 317847,
    "title" : "Asia: Live Legends",
    "overview" : "The magical songwriters and front-liners of Asia, the legendary British rock band, show off what they do best in this rousing concert. John Wetton, who co-wrote many of the group's hits, claims the mike; Geoff Downes takes command of the keyboard; and genius drummer Carl Palmer lays down the bass line. Take a front seat as Wetton, Downes, Palmer and the rest of the band prove why their music has endured through the ages.",
    "genres" : [ ]
  }, {
    "id" : 317852,
    "title" : "EnlivenArt's Fantastis Series: Vol. 1",
    "overview" : "Children will be entertained as well as educated when they watch this collection of five animated adventures about the world in which we live. Travel to the Earth's core in High Tech Kingdom. Join an elephant's search for his family in Moon Lake. Swim the world's oceans in Under Sea Adventure. Finally, experience the wonder of the Magic Book, which beckons two brave boys to embark on a spelunking quest for a magic wand.",
    "genres" : [ ]
  }, {
    "id" : 317857,
    "title" : "Gidon Kremer and Kremerata Baltica Play Schubert, Schnittke, Rozsa & Raskatov",
    "overview" : "Distinguished Latvian conductor and violinist Gidon Kremer plays live in Salzburg, Austria, with the Kremerata Baltica, a chamber orchestra he founded whose members hail from Latvia and other Baltic states. Filmed in 2002, this concert features performances of Franz Schubert's String Quartet in C Major, Alfred Schnittke's Still Musick for Violin and Violoncello, Miklós Rózsa's Tema con Variazioni and other selections.",
    "genres" : [ ]
  }, {
    "id" : 317862,
    "title" : "Isabel Pantoja: Sinfonia de La Copla",
    "overview" : "Reigning queen of the Spanish folk music known as &amp;NFi;copla&amp;NFi_;, singer Isabel Pantoja performs her favorite hits live in this concert film. With a song always coming from her heart, Pantoja shares her fiery passions for her native homeland in memorable compositions such as \"Como Nadie Te He Querido,\" Dolores La Golondrina,\" \"13 de Mayo,\" \"Capote de Grana y Oro,\" \"Francisco Alegre,\" \"Marma de La O\" and many others.",
    "genres" : [ ]
  }, {
    "id" : 317867,
    "title" : "Movement '04: Detroit's Electronic Music Festival",
    "overview" : "Filmmaker Marco Aluia captures the buzz as more than a million fans flock to Detroit to catch dozens of electronic music's biggest stars, from seminal art-funk group ESG to local electronic jazz favorite John Arnold. The documentary also features interviews with many of the performers, a festival fashion show and a look at some of the technology behind the event's spectacular visuals. Detroit techno pioneer Derrick May produced the 2004 event.",
    "genres" : [ ]
  }, {
    "id" : 317872,
    "title" : "The Sarah Jane Adventures: Invasion of the Bane",
    "overview" : "There's a new drink taking the world by storm - Bubbleshock! Everyone's drinking it. When Maria's dragged along to the factory tour by her new friend, Kelsey - a girl with an opinion on everything - she's plunged into the sinister world of Bubbleshock and the mysterious Mrs Wormwood. There's something terrible behind the hype - something Sarah Jane's interested in too...",
    "genres" : [ {
      "id" : 878,
      "name" : "Science Fiction"
    } ]
  }, {
    "id" : 317877,
    "title" : "The Shootout",
    "overview" : "The Shootout is an early-nineties action comedy that brings together many stars of past and present Hong Kong films. Popstar Aaron Kwok is Fai, a relatively young, inexperienced cop who accidentally nabs a member of a thievery gang. However, Fai loses his collar when the gang's vicious boss (Elvis Tsui) infiltrates Police HQ to take down his own comrade! Luckily, the cops bring in two \"expert\" policemen, Lau (Sean Lau Ching Wan) and Ma (Leung Ka Yan) to help nab the bad guys. Helping their investigation is Min (Fennie Yuen), the club singer to whom Fai is attracted AND the girlfriend to the head bad guy. With topnotch police work - and maybe a little luck - the cops regroup in time for a violent finish. Gritty violence and entertaining, over-the-top action highlight The Shootout, but it's the charismatic stars and quick-footed comedy which keep things amusing.",
    "genres" : [ ]
  }, {
    "id" : 317882,
    "title" : "500 Miles",
    "overview" : "Emily is the girl that the world seemingly forgot about. Abandoned and forced into the foster care system, Emily turned to a dark world of sex and drugs to hide her fear. The only thing that can save her is the one thing she has never known: love.",
    "genres" : [ {
      "id" : 10749,
      "name" : "Romance"
    }, {
      "id" : 18,
      "name" : "Drama"
    } ]
  }, {
    "id" : 317887,
    "title" : "Gallhammer: Ruin of a Church",
    "overview" : "Tokyo's all-girl black metal band Gallhammer electrifies fans in this 2007 concert recorded live in a deconsecrated church in Colchester, U.K. Songs include \"Hallucination,\" \"Speed of Blood,\" \"Endless Nauseous Days\" and more. The trio -- Vivian Slaughter, Risa Reaper and Mika Penetrator -- also rips through \"At the Onset of Age of Despair\" and \"Crucifixion,\" and bonus material includes a band interview and the music video for \"World to Be Ashes.\"",
    "genres" : [ ]
  }, {
    "id" : 317892,
    "title" : "Gunter Schlierkamp: Guntermania",
    "overview" : "German bodybuilder Gunter Schlierkamp has a dream: to become the next Arnold Schwarzenegger and seize the Mr. Olympia title. But like so many others, he's come close to the goal but hasn't quite been able to grasp it, every competition producing insurmountable setbacks. But rather than walk away from it, Schlierkamp has proved himself worthy of the title, at the very least in spirit, doggedly pursuing it year after year and training to the hilt.",
    "genres" : [ ]
  }, {
    "id" : 317897,
    "title" : "Gnana Kirukkan",
    "overview" : "Muli Starrer Low Budget Film",
    "genres" : [ {
      "id" : 10769,
      "name" : "Foreign"
    }, {
      "id" : 18,
      "name" : "Drama"
    } ]
  }, {
    "id" : 317902,
    "title" : "Island of Lucifer",
    "overview" : "A mysterious and secretive satanic cult has been scattering various occult artifacts, threatening letters and satanic coins all around Denmark for the pas 40 years. A small, but determined film crew venture to the remote island of Anholt: The Island of Lucifer, as the cult has named it - to uncover the truth behind the mystery. The journey reveals several clues and strange coincidences and ultimately results in a surprising and unpredictable conclusion.",
    "genres" : [ ]
  }, {
    "id" : 317907,
    "title" : "Man soll den Onkel nicht vergiften",
    "overview" : "",
    "genres" : [ {
      "id" : 80,
      "name" : "Crime"
    } ]
  }, {
    "id" : 317912,
    "title" : "The Master Designer",
    "overview" : "With the advance of science we see life in intricate detail and mind-blowing wonder.How did this all come to be? Can it all be attributed to unintelligent random processes? Does the scientific evidence now demonstrate clear design and reveal a Master Designer? Join host Brian Corsetti on a journey into our created world to discover clues and answers that the animals themselves reveal. And discover the remarkable story of how some of these animals have even changed the course of history!",
    "genres" : [ ]
  }, {
    "id" : 317917,
    "title" : "Blue Demon",
    "overview" : "Wrestler vs mad-scientist with werewolf serum.",
    "genres" : [ {
      "id" : 878,
      "name" : "Science Fiction"
    }, {
      "id" : 27,
      "name" : "Horror"
    } ]
  }, {
    "id" : 317922,
    "title" : "Just a Measure of Faith",
    "overview" : "Takes you deep inside the meaning of FAITH, as Jacob will learn. His wife Kayla must find the strength to endure as the couple go through life-altering hardships.",
    "genres" : [ {
      "id" : 18,
      "name" : "Drama"
    } ]
  }, {
    "id" : 317927,
    "title" : "American Beauty: Look Closer...",
    "overview" : "A promotional short documentary on the making of the film American Beauty, directed by Sam Mendes and written by Alan Ball.",
    "genres" : [ {
      "id" : 99,
      "name" : "Documentary"
    } ]
  }, {
    "id" : 317932,
    "title" : "Dragon's Feast 3D",
    "overview" : "The Okavango River in southwest Africa, home to one of the world's most magnificent and deadly hunters: the crocodile. These highly adapted and lethally efficient predators are known to attack humans as well as animals and few sights in nature compare to the spectacle and savagery of a crocodile feeding frenzy. Follow Roger Horrocks as he prepares to dive with over twenty feeding crocodiles. Witness these spectacular predators like never before with Dragon's Feast shot in stunning 3D.",
    "genres" : [ {
      "id" : 99,
      "name" : "Documentary"
    } ]
  }, {
    "id" : 317937,
    "title" : "Swift Feet",
    "overview" : "The story of two of the best runners Mexico has ever had, and who are now forgotten. These are the lives of Victoriano Churo and Cirildo Chacarito, Raramuri Indians who in the 90’s reached their summit as sportsmen, receiving national and international recognition. However, lack of support for them forced two of the brightest sparks in ultra-marathon to dim out. Now, in the place where they have belonged for so many years, their descendants have a great task —to assert their place as the sturdiest runners in the world.",
    "genres" : [ ]
  }, {
    "id" : 317942,
    "title" : "Mind Puppets",
    "overview" : "The story about a hypnotist whose stage act is to give contrasting personalities to his audience members: but during one of his shows, after hypnotizing ten “victims”, he suffers a stroke and falls into a coma. The question is, then: how are these people supposed to come back to their normal lives?",
    "genres" : [ {
      "id" : 35,
      "name" : "Comedy"
    } ]
  }, {
    "id" : 317947,
    "title" : "Rocha Que Voa",
    "overview" : "",
    "genres" : [ {
      "id" : 99,
      "name" : "Documentary"
    } ]
  }, {
    "id" : 317952,
    "title" : "Cartel Land",
    "overview" : "In the Mexican state of Michoacán, Dr. Jose Mireles, a small-town physician known as \"El Doctor,\" shepherds a citizen uprising against the Knights Templar, the violent drug cartel that has wreaked havoc on the region for years. Meanwhile, in Arizona's Altar Valley—a narrow, 52-mile-long desert corridor known as Cocaine Alley—Tim \"Nailer\" Foley, an American veteran, heads a small paramilitary group called Arizona Border Recon, whose goal is to halt Mexico’s drug wars from seeping across our border.",
    "genres" : [ {
      "id" : 18,
      "name" : "Drama"
    }, {
      "id" : 99,
      "name" : "Documentary"
    } ]
  }, {
    "id" : 317957,
    "title" : "Kyoko vs. Yuki",
    "overview" : "Two Japanese girls (one of them is a schoolgirl trained to be killer and another one is a lesbian) fighting with each other with incredibly bloody results.",
    "genres" : [ {
      "id" : 27,
      "name" : "Horror"
    }, {
      "id" : 28,
      "name" : "Action"
    }, {
      "id" : 18,
      "name" : "Drama"
    } ]
  }, {
    "id" : 317972,
    "title" : "¡Hay motivo!",
    "overview" : "A multi-part feature on the governing body of Spain, the Popular Party under Jose María Aznar. Themes include the bombing of Iraq, immigration, U.S. fire in Baghdad, and the manipulation of the media.",
    "genres" : [ {
      "id" : 99,
      "name" : "Documentary"
    } ]
  }, {
    "id" : 317977,
    "title" : "Bain de minuit",
    "overview" : "",
    "genres" : [ ]
  }, {
    "id" : 317982,
    "title" : "Dead Bunnies",
    "overview" : "A hapless soldier accidentally kills a rabbit during a reconnaissance mission, and then runs for his life when killer rabbits decide to exact their revenge.",
    "genres" : [ {
      "id" : 9648,
      "name" : "Mystery"
    }, {
      "id" : 27,
      "name" : "Horror"
    }, {
      "id" : 35,
      "name" : "Comedy"
    } ]
  }, {
    "id" : 317987,
    "title" : "Wir Impfen Nicht!",
    "overview" : "",
    "genres" : [ {
      "id" : 99,
      "name" : "Documentary"
    } ]
  }, {
    "id" : 317992,
    "title" : "Passage",
    "overview" : "Three estranged sisters reunite one night when the oldest comes back for her two younger sisters after leaving them years before in mysterious circumstances.",
    "genres" : [ {
      "id" : 18,
      "name" : "Drama"
    } ]
  }, {
    "id" : 317997,
    "title" : "Estong Tutong: Ikalawang yugto",
    "overview" : "Another Filipino ET spoof starring Estong Tutong AKA Chiquito.",
    "genres" : [ {
      "id" : 878,
      "name" : "Science Fiction"
    }, {
      "id" : 35,
      "name" : "Comedy"
    } ]
  } ]
}