{
  "movies" : [ {
    "id" : 157887,
    "title" : "The Outlaw Brothers",
    "overview" : "Follows the exploits of two car thieves, and the female police officer who is on their trail.",
    "genres" : [ {
      "id" : 10769,
      "name" : "Foreign"
    }, {
      "id" : 28,
      "name" : "Action"
    }, {
      "id" : 35,
      "name" : "Comedy"
    } ]
  }, {
    "id" : 157907,
    "title" : "Tom Petty and the Heartbreakers: Playback",
    "overview" : "Compilation of Tom Petty &amp; the Heartbreakers' music videos from 1979 to 1994",
    "genres" : [ {
      "id" : 10402,
      "name" : "Music"
    } ]
  }, {
    "id" : 157912,
    "title" : "Wrangler: Anatomy of an Icon",
    "overview" : "The outrageous story of 1970s porn icon Jack Wrangler, and how he rose to the top of the gay, and then straight, adult film industry.",
    "genres" : [ {
      "id" : 99,
      "name" : "Documentary"
    } ]
  }, {
    "id" : 157917,
    "title" : "Fear of Fanny",
    "overview" : "The bizarre tale of Fanny Cradock, Britain's famous and maligned TV chef from 50s to the 70s.",
    "genres" : [ ]
  }, {
    "id" : 157922,
    "title" : "The Picture of Dorian Gray",
    "overview" : "A contemporary adaptation of Oscar Wilde's classic tale of vanity.",
    "genres" : [ ]
  }, {
    "id" : 157927,
    "title" : "Marcelo Yuka: Follow the Signs",
    "overview" : "A documentary on the life of renowned Brazilian musician Marcelo Yuka, who was shot nine times in the streets of Rio de Janeiro in 2000 and became one of the main voices of social justice and peace in Brazil.",
    "genres" : [ {
      "id" : 99,
      "name" : "Documentary"
    } ]
  }, {
    "id" : 157932,
    "title" : "Harte Brötchen",
    "overview" : "",
    "genres" : [ ]
  }, {
    "id" : 157952,
    "title" : "The Lost Gospels",
    "overview" : "Documentary presented by Anglican priest Pete Owen Jones which explores the huge number of ancient Christian texts that didn't make it into the New Testament. Shocking and challenging, these were works in which Jesus didn't die, took revenge on his enemies and kissed Mary Magdalene on the mouth - a Jesus unrecognisable from that found in the traditional books of the New Testament.  Through these lost Gospels, Pete reconstructs the intense intellectual and political struggles for orthodoxy that was fought in the early centuries of Christianity, a battle involving different Christian sects, each convinced that their gospels were true and sacred.  Owen Jones sets out the context in which heretical texts like the Gospel of Mary emerged. He also strikes a cautionary note - if these lost gospels had been allowed to flourish, Christianity may well have faced an uncertain future, or perhaps not survived at all.",
    "genres" : [ ]
  }, {
    "id" : 157957,
    "title" : "Chasing the Wind",
    "overview" : "Anna hasn’t seen her family for a decade. When her grandmother dies, she returns home to take care of her grandfather. In the week leading up to the funeral, nothing goes as expected, and Anna is forced to reconsider how she lives her life.",
    "genres" : [ {
      "id" : 18,
      "name" : "Drama"
    } ]
  }, {
    "id" : 157962,
    "title" : "Admiral Nakhimov",
    "overview" : "A biography of a famous Russian Admiral Pavel Stepanovich Nakhimov.",
    "genres" : [ {
      "id" : 10752,
      "name" : "War"
    }, {
      "id" : 18,
      "name" : "Drama"
    }, {
      "id" : 36,
      "name" : "History"
    } ]
  }, {
    "id" : 157967,
    "title" : "Without Dowry",
    "overview" : "Ogudolova, unlike her sisters, refuses to obey her mother's wish that she marry a wealthy old man in order to collect a dowry",
    "genres" : [ ]
  }, {
    "id" : 157997,
    "title" : "Zirkus Nemo: Nu med zebra",
    "overview" : "",
    "genres" : [ ]
  }, {
    "id" : 158007,
    "title" : "Trinity Plus the Clown and a Guitar",
    "overview" : "A town awaits the arrival of a gunslinger to help defeat a gang of bandits, but a trio of misfits is mistaken for the anticipated relief.",
    "genres" : [ {
      "id" : 37,
      "name" : "Western"
    }, {
      "id" : 28,
      "name" : "Action"
    }, {
      "id" : 35,
      "name" : "Comedy"
    } ]
  }, {
    "id" : 158012,
    "title" : "Tiger From River Kwai",
    "overview" : "A secret agent from Thailand goes to the United States on a mission to find out why a Mr. Stone died and bring his ashes and fortune, a jeweled elephant, back to his homeland.",
    "genres" : [ {
      "id" : 12,
      "name" : "Adventure"
    }, {
      "id" : 37,
      "name" : "Western"
    } ]
  }, {
    "id" : 158032,
    "title" : "Hanno ucciso un altro bandito",
    "overview" : "western movie",
    "genres" : [ ]
  }, {
    "id" : 158052,
    "title" : "God Save The Kink",
    "overview" : "Franki is the diva who, flogs her slaveboy black and blue. Then she eats his cock with greed, sucking down his creamy seed! Cathy Heaven, Euro whore, stuffs big black cock up her backdoor. Lick and suck and spit and gag, she fucking loves it, dirty slag! Angell waits the twisted clown, ass pushed up, and face pushed down. Through the bars and under the lock, he fills her poopshoot up with cock! Two rigid cocks for Rio Lee, perverts on a shagging spree. The latex ladies acting scummy, spread their buttocks for the mummy! He rogers Paige, the dirty brass, then does Rebecca up the ass. So raise your glass up for a drink, and let us toast, 'God Save the Kink'! ...",
    "genres" : [ ]
  }, {
    "id" : 158062,
    "title" : "Heroes of the West",
    "overview" : "Two stage robbers impersonate the heirs to a gold mine but end up defending the families they intended to rip-off.",
    "genres" : [ {
      "id" : 37,
      "name" : "Western"
    } ]
  }, {
    "id" : 158072,
    "title" : "Damned Pistols of Dallas",
    "overview" : "Clay Stone defends a lawless town from a gang of outlaws after s stagecoach robbery.",
    "genres" : [ {
      "id" : 37,
      "name" : "Western"
    } ]
  }, {
    "id" : 158087,
    "title" : "Star Time",
    "overview" : "A confused misfit becomes suicidal when his favorite TV show is cancelled. An agent promises to make him a TV star if he kills certain people, so he becomes \"The Baby Mask Killer.\"",
    "genres" : [ {
      "id" : 53,
      "name" : "Thriller"
    }, {
      "id" : 9648,
      "name" : "Mystery"
    }, {
      "id" : 80,
      "name" : "Crime"
    }, {
      "id" : 18,
      "name" : "Drama"
    } ]
  }, {
    "id" : 158097,
    "title" : "Zoya",
    "overview" : "A young Russian countess escapes the 1917 revolution and, despite hardship, makes a new life for herself in America.",
    "genres" : [ {
      "id" : 10770,
      "name" : "TV Movie"
    }, {
      "id" : 18,
      "name" : "Drama"
    }, {
      "id" : 10749,
      "name" : "Romance"
    } ]
  }, {
    "id" : 158102,
    "title" : "Shopping",
    "overview" : "Living in New Zealand in 1981 amid high racial tension, Willie, a half-Samoan teenager, is coming into his own. With an unpredictable father, Willie spends most of his time working at a department store or taking care of his little brother, Solomon. A chance encounter at work with an eccentric and charming “shopper” named Bennie lures Willie into a world without rules. As Willie begins to find a place in Bennie’s reckless nest of criminals, Solomon grows increasingly vulnerable to their father’s violent tendencies.",
    "genres" : [ ]
  }, {
    "id" : 158112,
    "title" : "How to Be a Woman and Not Die in the Attempt",
    "overview" : "Carmen, a journalist with two children, is on her third marriage, to Antonio, a record producer. Over the course of a year, we follow her through her discontents: Antonio's lateness, his fatigue when she wants to make love, his insistence on her company when she prefers solitude, his treating her work as less important than his, his casual and cruel dismissal of her opinions, her boss assigning her an incompetent editor, bartenders ignoring her, her passage into middle age. She can be feisty and edgy, which sometimes gets in the way of what would make her happy. And she regularly threatens to leave Antonio. Will she, and on what terms? What will he do?",
    "genres" : [ {
      "id" : 35,
      "name" : "Comedy"
    } ]
  }, {
    "id" : 158122,
    "title" : "Inside John Lennon - Unauthorized",
    "overview" : "Fueled by archival film clips and captivating anecdotes from friends and family, this unauthorized biography of John Lennon captures a lesser-known side of the Beatle who caused as much a stir with his personal causes as he did with his music. Highlights include rarely told stories about Lennon's upbringing from his half sister, Julia Baird, and tales from former members of Lennon's first band, the Quarrymen.",
    "genres" : [ ]
  }, {
    "id" : 158157,
    "title" : "Goliath and the Barbarians",
    "overview" : "An Italian strong man (Steve Reeves) repels a Germanic king's (Bruce Cabot) invaders, except for one's dancing daughter (Chelo Alonso).",
    "genres" : [ ]
  }, {
    "id" : 158162,
    "title" : "79 A.D.",
    "overview" : "Intrigue at the Roman Emperor's court prior to its destruction by Vesuvius.",
    "genres" : [ {
      "id" : 18,
      "name" : "Drama"
    }, {
      "id" : 36,
      "name" : "History"
    } ]
  }, {
    "id" : 158182,
    "title" : "There Will Come a Day",
    "overview" : "Painful family events lead Augusta to leave Italy. On a small boat, immersed in the Amazon Forest grandness, she begins a travel between Indios villages. From the favela to the isolation in the Forest, Augusta will go in search of herself.",
    "genres" : [ {
      "id" : 35,
      "name" : "Comedy"
    }, {
      "id" : 18,
      "name" : "Drama"
    } ]
  }, {
    "id" : 158192,
    "title" : "Я и другие",
    "overview" : "",
    "genres" : [ {
      "id" : 99,
      "name" : "Documentary"
    } ]
  }, {
    "id" : 158212,
    "title" : "Please Kill Mr. Kinski",
    "overview" : "Crawlspace director David Schmoeller talks about his experiences of working with Klaus Kinski on the film, and discusses how cast and crew members approached him begging to kill the notorious German actor.",
    "genres" : [ ]
  }, {
    "id" : 158217,
    "title" : "Kamikaze Taxi",
    "overview" : "A young foot soldier in the yakuza seeks revenge when his prostitute girlfriend dies after a session with a high-ranking Japanese politician with a taste for torture. He sets out on a 'kamikaze' mission to kill his bosses and the politician; along the way, he acquires the aid of a taxi driver who has recently returned to Japan after living in South America for several decades and is struggling to cope with poverty and the prejudices of native-born Japanese.",
    "genres" : [ {
      "id" : 80,
      "name" : "Crime"
    }, {
      "id" : 28,
      "name" : "Action"
    } ]
  }, {
    "id" : 158227,
    "title" : "Brief Reunion",
    "overview" : "Be careful who you let play in your virtual sandbox – even if they’re old friends.  Aaron Clark has it all: financial security, a beautiful wife, and a close-knit circle of old friends. But this cozy life is shattered by the arrival of Teddy, former classmate and proverbial snake.  Teddy worms his way back into their lives, ‘befriends’ Aaron’s wife and hijacks Aaron’s 40th birthday surprise. He systematically stalks them — at home, at work, and in cyberspace. Bitter over Aaron’s success, Teddy pries into his business affairs and hints at improprieties, threatening extortion and revenge.  He relentlessly pushes, until Aaron snaps. And suddenly the question on everyone’s mind: Is Aaron really the man he appears to be? Or is it true that “Nobody really knows anybody, least of all themselves?” This deep, dark question goes at the heart of human nature, and in Brief Reunion, finds some disturbing and even fatal answers.",
    "genres" : [ ]
  }, {
    "id" : 158232,
    "title" : "Greenwich Village: Music That Defined a Generation",
    "overview" : "Explores the music scene in Greenwich Village, New York in the 60's and early 70's. The film highlights some of the finest singer/songwriters of the day.",
    "genres" : [ ]
  }, {
    "id" : 158242,
    "title" : "Came the Brawn",
    "overview" : "A 1938 1-reeler from Hal Roach's \"Our Gang\" series (better known as \"The Little Rascals\").  \"Came the Brawn\" features the most famous cast members: Spanky, Alfalfa, Darla, Porky and Buckwheat.",
    "genres" : [ {
      "id" : 35,
      "name" : "Comedy"
    } ]
  }, {
    "id" : 158257,
    "title" : "Charlie's Ghost Story",
    "overview" : "Actor Anthony Edwards made his directorial debut with this comic fantasy based on a story by Mark Twain. Trenton Knight plays Charlie, a young boy whose archeologist father (Anthony Edwards) has made several discoveries while exploring a cave in Colorado. However, Charlie makes a discovery of his own -- the spirit of a long-dead explorer has come back to haunt him until his remains can be recovered and finally burried in a proper place. However, Charlie can't manage this on his own, and his father is too busy with his own work to pay much attention to him. Linda Fiorentino also appears in a supporting role. Also shown under the title Charlie's Ghost: The Story Of Coronado.",
    "genres" : [ ]
  }, {
    "id" : 158262,
    "title" : "The Angel Levine",
    "overview" : "Morris Mishkin is a elderly religious Jew in New York. His wife Fanny is very ill. He's a tailor, but he can't work because his back has given out. He doesn't even have enough money for Fanny's medicine. Finally, a black fellow appears from nowhere in the Mishkin kitchen. He says he's an angel from God, sent to help Mishkin. The black angel is even Jewish, named Alex Levine? But will Morris believe in the angel? And can the angel perform the miracle that he promises?  Written by Martin Lewison",
    "genres" : [ {
      "id" : 18,
      "name" : "Drama"
    } ]
  }, {
    "id" : 158272,
    "title" : "Stabat Mater",
    "overview" : "Filmed in the Santuario della Beata Vergine dei Miracoli in Saronno, the DVD set Pergolesi's music against the background of the magnificent cupola frescoes of Gaudenzio Ferrari",
    "genres" : [ ]
  }, {
    "id" : 158282,
    "title" : "1,99 - Um Supermercado Que Vende Palavras",
    "overview" : "Different costumers shop in a supermarket that sells words and ideas.",
    "genres" : [ {
      "id" : 99,
      "name" : "Documentary"
    } ]
  }, {
    "id" : 158287,
    "title" : "L'anno prossimo vado a letto alle dieci",
    "overview" : "It's new year's eve and two friends decide to spend the night in a special way, just to forget a sentimental disillusionment. After some failing experiences, the night becomes a nightmare, among fool policemen and maniac murderers.",
    "genres" : [ {
      "id" : 35,
      "name" : "Comedy"
    } ]
  }, {
    "id" : 158292,
    "title" : "Could See a Puma",
    "overview" : "The accident leads a group of young boys from the high roofs of their neighborhood, passing through its destruction, to the deepest of the earth.",
    "genres" : [ ]
  }, {
    "id" : 158297,
    "title" : "Your Hat",
    "overview" : "George, working in a hat shop, gets tricky with the customers. Then Gracie comes in and drives him batty.",
    "genres" : [ ]
  }, {
    "id" : 158312,
    "title" : "La Conciergerie",
    "overview" : "Police detective Jacques Laniel's life becomes a nightmare the day drive-by shootists gun down his partner Thomas Colin. His colleagues make matters worse by blaming him for the death, and after his wife leaves him, Laniel decides to quit the force and launch a private investigation into Colin's murder. Soon afterward, Laniel finds the bullet-riddled body of famed author and literature professor Zachary Osborne tied to his car hood. The professor's wife hires Laniel to solve the murder, but what the detective finds is ugly: Osborne was a part of a lucrative land-speculation deal that involved the sale of a crumbling old rectory that had been turned into a halfway house called the Haven of the Monsters. The name is apt, for all the residents are convicted killers who were given inordinately light sentences. When Lanier starts questioning the Haven's tenants and their crimes are revealed via flashback, it takes on the character of a David Lynch production.",
    "genres" : [ ]
  }, {
    "id" : 158317,
    "title" : "Charlotte Link - Das andere Kind",
    "overview" : "",
    "genres" : [ ]
  }, {
    "id" : 158337,
    "title" : "The Mole Man of Belmont Avenue",
    "overview" : "Horror/ comedy that explores what happens when a terrible situation is dropped into the laps of the two people least equipped to deal with it. The Brothers Mugg can either step up to the plate and finally grow up, or they can wait and clean up the mess as a mysterious creature eats every living thing in the building, one by one.",
    "genres" : [ ]
  }, {
    "id" : 158342,
    "title" : "Béru et ces dames",
    "overview" : "",
    "genres" : [ ]
  }, {
    "id" : 158352,
    "title" : "Kamień na kamieniu",
    "overview" : "",
    "genres" : [ ]
  }, {
    "id" : 158357,
    "title" : "Derder Obscure Influence",
    "overview" : "Coverage includes NPPL Las Vegas, PSP World Cup, NPPL San Diego, PSP LA Open, NPPL Huntington Beach, PSP Orlando, PSP Chicago TEAM PROFILES: DYNASTY, XSV, AVALANCHE, INFAMOUS  Bonus Features: Bunkerfest, PSP Northeast '04, \"On the Short Bus\", New York Raiders",
    "genres" : [ ]
  }, {
    "id" : 158367,
    "title" : "Ana Carolina - 9+Um",
    "overview" : "",
    "genres" : [ ]
  }, {
    "id" : 158372,
    "title" : "Chico Buarque - Na Carreira",
    "overview" : "",
    "genres" : [ ]
  }, {
    "id" : 158382,
    "title" : "Hotel Hell Vacation",
    "overview" : "Clark and Ellen Griswold embark on a trip to visit their son Rusty and his family, but along the way Clark has planned a romantic getaway where everything turns to disaster.",
    "genres" : [ {
      "id" : 35,
      "name" : "Comedy"
    } ]
  }, {
    "id" : 158397,
    "title" : "?: A Question Mark",
    "overview" : "A group of friends went to shoot their film project, but never returned. A few days later, their camera was found.",
    "genres" : [ ]
  }, {
    "id" : 158442,
    "title" : "The Ecstasies of Women",
    "overview" : "Harry is a man whose friends throw him night-long bachelor party on the eve of him getting married. Harry flashes back to his many female \"conquests\" with the go-go dancers that remind him of his many past lovers.",
    "genres" : [ {
      "id" : 35,
      "name" : "Comedy"
    }, {
      "id" : 18,
      "name" : "Drama"
    } ]
  }, {
    "id" : 158447,
    "title" : "Thomas Jefferson: A View from the Mountain",
    "overview" : "In this documentary, historians, politicians and actors (including Danny Glover and Sissy Spacek) try to illuminate the quixotic nature of founding father Thomas Jefferson, focusing on his views about slavery and rumored affair with his slave Sally Hemmings. Though many consider Jefferson America's most influential political logician, his life was a series of paradoxes. Edward Herrmann is featured as the voice of the conflicted aristocrat. [netflix]",
    "genres" : [ ]
  }, {
    "id" : 158452,
    "title" : "Inteha",
    "overview" : "Tina Saxena lives a wealthy life-style with her widowed businessman dad. One day, all of a sudden, she gets a nasty shock when her dad informs her that he had a mistress before he was married to her mother, and that this affair had resulted in the birth of a daughter, Nandini. Much to Tina's distaste, he invites Nandini to live with them, and asks her to look after Tina after he passes away, as he has been ill for quite sometime. Mr. Saxena does pass away, leaving a grieving Tina and Nandini, with Tina still having nothing to do with her step-sister. Then a dashing young man, Ranbir Oberoi, enters Tina's life and it is love at first sight for them. Nandini also approves of him, and it looks like Tina has given up on her dislike for Nandini. After a few days, and a purse-snatching incident, Nandini counsels Tina that she should consider breaking up with Ranbir. Aghast at this sudden volte face.",
    "genres" : [ ]
  }, {
    "id" : 158482,
    "title" : "Capital, or How to Make Money in Poland",
    "overview" : "",
    "genres" : [ {
      "id" : 35,
      "name" : "Comedy"
    } ]
  }, {
    "id" : 158492,
    "title" : "The Well",
    "overview" : "Vihir is a story of two adolescent boys Sameer and Nachiket (cousins, who are best friends) who struggle with their unconventional outlooks on life and family. They write to each other telling each other about their doings and happenings in life. They get to meet after a long time as Sameer with his mother and sister visit Nachiket's village for a family wedding.",
    "genres" : [ {
      "id" : 18,
      "name" : "Drama"
    } ]
  }, {
    "id" : 158497,
    "title" : "Shaun Majumder, Every Word Is Absolutely True",
    "overview" : "Feature-length documentary following Canadian funny man Shaun Majumder as he embarks on his first ever cross-Canada solo stand-up tour from St. John's, Newfoundland to Victoria, B.C. Everyone has a story and Shaun is the quintessential storyteller. In this film, we get to see how a stand-up act develops from the genesis of the idea, to its being worked, reworked, and reworked again. Director Peter Esteves' unique and unprecedented access to Shaun's life goes beyond the public persona providing a window that is both funny and deeply revealing. As the story unfolds, a more intimate and complex side of one of Canada's funniest people is revealed.",
    "genres" : [ ]
  }, {
    "id" : 158502,
    "title" : "Kardiogram",
    "overview" : "",
    "genres" : [ ]
  }, {
    "id" : 158507,
    "title" : "Eduardo Dussek - É Show",
    "overview" : "",
    "genres" : [ ]
  }, {
    "id" : 158517,
    "title" : "Beyond the Law",
    "overview" : "On her way home from an evening shift at a men's clothing store, Saara Nevanen is raped by a man whom she recognizes as her regular but eccentric customer, Antti Kaironen. The doctor and policemen question Saara in an insensitive manner,and she breaks down with guilt. When the court releases the perpetrator inlack of evidence, Saara's aggressive brother Jari talks her mild-mannered husband Sakari into a self-made revenge plot. Armed with two rifles, Jari and Sakari take matters into their own hands.",
    "genres" : [ {
      "id" : 80,
      "name" : "Crime"
    }, {
      "id" : 18,
      "name" : "Drama"
    }, {
      "id" : 53,
      "name" : "Thriller"
    } ]
  }, {
    "id" : 158532,
    "title" : "Chonda Pierce: This Ain't Prettyville",
    "overview" : "Christian Comedienne Chondra Pierce with skits about  \"The Pierce Memorial Funeral Home and Taxidermy,\" \"Thirty Rednecks in the Holy Land\" and \"The Thrill of the Amazing Exploding Toilet\" plus others!",
    "genres" : [ ]
  }, {
    "id" : 158557,
    "title" : "A Father's Revenge",
    "overview" : "German terrorists kidnap the crew of an aeroplane as they leave the airport. The terrorists demand the release of two of their colleagues, who are to be extradited to the USA. The father of one of the stewardesses decides he can no longer wait for diplomacy, and so flies out to Germany. There, frustration leads him to hire a former SAS counter-terrorism expert. Together they hunt down the terrorists.",
    "genres" : [ {
      "id" : 53,
      "name" : "Thriller"
    } ]
  }, {
    "id" : 158567,
    "title" : "Fábio Junior - Ao Vivo",
    "overview" : "",
    "genres" : [ ]
  }, {
    "id" : 158572,
    "title" : "Tails You Live, Heads You're Dead",
    "overview" : "",
    "genres" : [ ]
  }, {
    "id" : 158577,
    "title" : "Fatboy Slim - Big Beach Bootique 5",
    "overview" : "It's been quite a year for Norman Cook, aka Fatboy Slim. Having entertained billions worldwide at the Olympics closing ceremony, Fatboy Slim took the party global once more with the screening of \"Fatboy Slim Live: At The Beach Beach Bootique\" at over 800 cinemas worldwide. After performing to over 40,000 fans at the Big Beach Bootique 5, fans will be able to continue the party at home with the \"Fatboy Slim: Big Beach Bootique 5\" DVD/CD. Filmed at a favourite venue of Norman's, (the Amex football stadium in Brighton), his most ambitious show yet features the largest ever built, 600 square metre LED video wall (lengthways alongside the pitch), spectacular laser and light effects, thrilling pyrotechnics and dazzling visuals. The set includes Fatboy Slim's latest material and of course his biggest hits, along with huge tracks from Calvin Harris, Armand van Helden and Knife Party all recorded in Dolby 5.1 surround sound.",
    "genres" : [ ]
  }, {
    "id" : 158587,
    "title" : "Los Angeles Lakers: '87 The Drive For Five",
    "overview" : "The video takes you threw the Lakers run to the 1987 NBA Finals! This video includes Lakers summary threw the regular season. All-Star weekend. Playoffs. And NBA Finals Lakers vs Celtics with the lakers climbing on top 4-2.",
    "genres" : [ {
      "id" : 99,
      "name" : "Documentary"
    } ]
  }, {
    "id" : 158602,
    "title" : "Between Fighting Men",
    "overview" : "Ken not only has to fight with his brother Wally over the girls, he has to try and stop the conflict between the cattlemen and the sheepmen. It gets worse when Butch kills Judy's father.",
    "genres" : [ {
      "id" : 28,
      "name" : "Action"
    }, {
      "id" : 37,
      "name" : "Western"
    }, {
      "id" : 10749,
      "name" : "Romance"
    }, {
      "id" : 35,
      "name" : "Comedy"
    } ]
  }, {
    "id" : 158607,
    "title" : "Cousin ... my love!",
    "overview" : "Cousin ... my love!",
    "genres" : [ {
      "id" : 35,
      "name" : "Comedy"
    } ]
  }, {
    "id" : 158617,
    "title" : "Emilie Richards: Spuren der Vergangenheit",
    "overview" : "",
    "genres" : [ ]
  }, {
    "id" : 158622,
    "title" : "Caligula Reincarnated As Nero",
    "overview" : "Caesar Neron indulges himself in any known debauchery including incest with his mother when his Empire slowly declines.",
    "genres" : [ {
      "id" : 18,
      "name" : "Drama"
    } ]
  }, {
    "id" : 158637,
    "title" : "They Never Come Back",
    "overview" : "Prizefighter Jimmy Nolan, facing an opportunity to get a championship fight, is knocked out when he sustains what is apparently a permanent injury to his arm. From there, Nolan's path leads downhill. He is drawn into a romance with a nightclub entertainer, then is framed on a theft charge by a jealous suitor. After his prison term, Nolan makes a spectacular comeback in a fight which proves his courage and integrity, while disproving the fallacy about the old sports adage that \"they never come back.\"",
    "genres" : [ {
      "id" : 18,
      "name" : "Drama"
    }, {
      "id" : 28,
      "name" : "Action"
    }, {
      "id" : 80,
      "name" : "Crime"
    } ]
  }, {
    "id" : 158647,
    "title" : "Innocence and Desire",
    "overview" : "A young man is temporarily home from a Seminary, but eventually falls in love with his father's young new wife.",
    "genres" : [ {
      "id" : 35,
      "name" : "Comedy"
    } ]
  }, {
    "id" : 158652,
    "title" : "Pover'ammore",
    "overview" : "Fernando Di Leo",
    "genres" : [ ]
  }, {
    "id" : 158677,
    "title" : "Mike Epps: I'm Still Standing Tour",
    "overview" : "Stand-up Comedy Tour",
    "genres" : [ ]
  }, {
    "id" : 158682,
    "title" : "The Story of Jesus for Children",
    "overview" : "\"The Story of Jesus for Children\" is a video/DVD which will give every child, both churched and unchurched, a chance to see and hear the gospel of Jesus in a way he/she can understand, in every possible language worldwide. (see our Languages page for current list).  \"The Story of Jesus for Children\" provides a solution to the challenge of teaching children the truth about God and His Son Jesus. The video allows children to hear and see the whole story at once, answering questions in clear and concrete terms, and providing fast action.  *(The dialogue of the original \"JESUS\" film was taken from the Gospel of Luke. It has been translated into more than 1,000 languages and has had more than 6 billion viewings worldwide since 1979, making \"JESUS\" the most-watched film in history.)",
    "genres" : [ ]
  }, {
    "id" : 158687,
    "title" : "Camino de Guanajuato",
    "overview" : "The romantic entanglements of three singers: two boys and a girl who fail in a radio contest and formed a trio.",
    "genres" : [ ]
  }, {
    "id" : 158697,
    "title" : "The Rugby World Cup The Final",
    "overview" : "All the action from the final of the Rugby World Cup 2003.",
    "genres" : [ ]
  }, {
    "id" : 158712,
    "title" : "The Local Bad Man",
    "overview" : "The Murdock's bank is in trouble. So they ship money on the train and rob it to get back the money plus the insurance, Bonner and his two pals recover the money only to be thrown in jail.",
    "genres" : [ ]
  }, {
    "id" : 158727,
    "title" : "Stenka Razin",
    "overview" : "Stenka Razin is the leader of a group of outlaws who live a life of revelry and carousing along the Volga River and in the nearby forests. When Razin becomes distracted by a captured foreign princess and starts to dote on her, his men are displeased, feeling that he is neglecting them and their usual activities. Soon they come up with a plot, in the hopes of turning Razin against the princess.",
    "genres" : [ {
      "id" : 18,
      "name" : "Drama"
    } ]
  }, {
    "id" : 158732,
    "title" : "The Shield and the Sword",
    "overview" : "Soviet spy film , based on a novel by Vadim Kozhevnikov, who was Secretary of the Soviet Writers' Union.",
    "genres" : [ {
      "id" : 12,
      "name" : "Adventure"
    }, {
      "id" : 10752,
      "name" : "War"
    }, {
      "id" : 18,
      "name" : "Drama"
    } ]
  }, {
    "id" : 158742,
    "title" : "Sabrina the Teenage Witch in Friends Forever",
    "overview" : "Sabrina must prove that she is worthy of attending an academy for witches.",
    "genres" : [ {
      "id" : 16,
      "name" : "Animation"
    }, {
      "id" : 12,
      "name" : "Adventure"
    }, {
      "id" : 10751,
      "name" : "Family"
    } ]
  }, {
    "id" : 158747,
    "title" : "Range of Motion",
    "overview" : "A woman intensely believes her husband will recover from a coma during the holiday season.",
    "genres" : [ ]
  }, {
    "id" : 158752,
    "title" : "Escape from Tomorrow",
    "overview" : "In a world of fake castles and anthropomorphic rodents, an epic battle begins when an unemployed father's sanity is challenged by a chance encounter with two underage girls on holiday.",
    "genres" : [ {
      "id" : 27,
      "name" : "Horror"
    }, {
      "id" : 14,
      "name" : "Fantasy"
    } ]
  }, {
    "id" : 158762,
    "title" : "King of the Wind",
    "overview" : "In 1727, an Arab colt is born with the signs of the wheat ear and the white spot on his heel: evil and good. And thus begins the life of Sham. He is a gift to the King of France, through a series of adventures with his faithful stable boy, Agba, he becomes the Godolphin Arabian, the founder of one of the greatest thoroughbred racing lines of all time.",
    "genres" : [ {
      "id" : 12,
      "name" : "Adventure"
    } ]
  }, {
    "id" : 158777,
    "title" : "Mummy & Me",
    "overview" : "Mummy and Me' tells the story of a nuclear family that consists of a dad, mom and daughter who love each other a bit too much. Jewel (Archana Kavi) is the only daughter of Joseph (Mukesh) and Clara (Urvasi). This family so much seems like an ideal one for everyone else but for its members",
    "genres" : [ {
      "id" : 18,
      "name" : "Drama"
    }, {
      "id" : 10751,
      "name" : "Family"
    } ]
  }, {
    "id" : 158782,
    "title" : "Sofia and the Stubborn",
    "overview" : "Sofia and the Stubborn is the story of an old lady (Carmen Maura), who lives in a cold and quiet village in the Andes and has never seen the sea. For many years her husband (Gustavo Angarita), has promised to take her to the Caribbean, but the plans are always thwarted for different reasons. Until finally one day, at the insistence of a friend (Constanza Duque), Sofia begins the journey alone, leaving her husband immersed in domestic life without her. During her trip to the coast, she comes to know different characters who share new experiences that make her see life differently. These characters are portrayed by young talents such as Jair Romero (a recent revelation for his television role as Joe Arroyo in the series based on the singer’s life), Carolina Lopez, and Carlos Manuel Vesga, among others, along with veterans Julián Arango (protagonist of the new series The Departed) and Alvaro Rodriguez (protagonist of Carlos Moreno’s All Your Dead Ones).",
    "genres" : [ {
      "id" : 35,
      "name" : "Comedy"
    }, {
      "id" : 10769,
      "name" : "Foreign"
    }, {
      "id" : 10749,
      "name" : "Romance"
    } ]
  }, {
    "id" : 158792,
    "title" : "Zeca Baleiro - Liricas",
    "overview" : "",
    "genres" : [ ]
  }, {
    "id" : 158807,
    "title" : "Chalo Ishq Ladaaye",
    "overview" : "Popular but lonely Bollywood actress, Rani, lives a fairly isolated life, through publicly she is thronged by fans, and has taken to drinking alcohol in a big way. Thus intoxicated she runs her vehicle into a young man named Pappu, who suffers minor injuries. He recognizes her, and tells her that he is her number one fan, and will do anything for her. She wants him to kill her double-timing boyfriend, Rahul. He agrees to do so, provided she kills his overbearing, aged grandmother, to which she agrees. After Pappu completes his gruesome task, he meets with Rani, only to be told that she does not recognize him, but when presented with proof, she relents and agrees to fulfill her part of this trade.",
    "genres" : [ ]
  }, {
    "id" : 158842,
    "title" : "Our Gang",
    "overview" : "A gang of friends lose their club house and collect money for a new one by singing in public.",
    "genres" : [ {
      "id" : 35,
      "name" : "Comedy"
    }, {
      "id" : 10402,
      "name" : "Music"
    } ]
  }, {
    "id" : 158852,
    "title" : "Tomorrowland",
    "overview" : "Bound by a shared destiny, a bright, optimistic teen bursting with scientific curiosity and a former boy-genius inventor jaded by disillusionment embark on a danger-filled mission to unearth the secrets of an enigmatic place somewhere in time and space that exists in their collective memory as \"Tomorrowland.\"",
    "genres" : [ {
      "id" : 12,
      "name" : "Adventure"
    }, {
      "id" : 10751,
      "name" : "Family"
    }, {
      "id" : 9648,
      "name" : "Mystery"
    }, {
      "id" : 878,
      "name" : "Science Fiction"
    } ]
  }, {
    "id" : 158867,
    "title" : "La Bohème",
    "overview" : "La bohème is an opera in four acts, composed by Giacomo Puccini to an Italian libretto by Luigi Illica and Giuseppe Giacosa, based on Scènes de la vie de bohème by Henri Murger. The world premiere performance of La bohème was in Turin on 1 February 1896 at the Teatro Regio and conducted by the young Arturo Toscanini. Since then, La bohème has become part of the standard Italian opera repertory and is the one of the most frequently performed operas worldwide.",
    "genres" : [ {
      "id" : 18,
      "name" : "Drama"
    }, {
      "id" : 10402,
      "name" : "Music"
    } ]
  }, {
    "id" : 158882,
    "title" : "Garijs Porters un Sašas Dzira",
    "overview" : "",
    "genres" : [ ]
  }, {
    "id" : 158907,
    "title" : "Breathe In",
    "overview" : "When a foreign exchange student arrives in a small upstate New York town, she challenges the dynamics of her host family's relationships and alters their lives forever.",
    "genres" : [ {
      "id" : 18,
      "name" : "Drama"
    } ]
  }, {
    "id" : 158917,
    "title" : "Dead A Go! Go!",
    "overview" : "Educational mockumentary about 3 sucides",
    "genres" : [ ]
  }, {
    "id" : 158922,
    "title" : "Soldiers in the Army of God",
    "overview" : "Connected by the Internet and an unshakable belief in their cause, a tight-knit group of extreme pro-life activists who -- all members of the Army of God -- have turned to violence to abolish abortion. This fascinating documentary examines several of the soldiers involved in the ongoing \"battle,\" including Paul Hill, the man who committed the infamous 1993 murders of two abortion clinic workers in Pensacola, Fla.",
    "genres" : [ ]
  }, {
    "id" : 158932,
    "title" : "Dragon Tales - Sing and Dance in Dragonland",
    "overview" : "Favorite musical moments from the popular children's television series Dragon Tales are collected on this special home-video release. Dragon Tales: Sing and Dance in Dragonland features 20 songs from the show, with easy-to-read singalong lyrics appearing onscreen so kids of all ages can join in the musical fun.",
    "genres" : [ ]
  }, {
    "id" : 158942,
    "title" : "Silent Ones",
    "overview" : "A young Hungarian woman (played by Hungarian actress Orsi Tóth) wakes up inside a crashed car in the middle of nowhere, not knowing where her brother Isti is. Upset and alone, she leaves aboard a cargo ship to keep a promise she made to him. Once at sea, she withdraws into a dream world and loses grip on her life completely.",
    "genres" : [ ]
  }, {
    "id" : 158947,
    "title" : "My Dog Killer",
    "overview" : "Môj pes Killer is a one-day drama portraying eighteen-year-old Marek living near the Slovak-Moravian border with his dad and his racist friends. However, Marek's best true friend is his dog. His life is shaken up when he discovers the secret of his lost mother Marika.",
    "genres" : [ {
      "id" : 18,
      "name" : "Drama"
    }, {
      "id" : 10769,
      "name" : "Foreign"
    } ]
  }, {
    "id" : 158952,
    "title" : "Karaoke Girl",
    "overview" : "Young sex worker Sa is the protagonist of Visra Vichit Vadakan's first feature film. Sa was sent to Bangkok when she was just 15. After three years in a factory, she decided to become a sex worker in order to support her family. Four years later, Vichit Vadakan met her and invited her to be the subject of this film. She documented Sa's life in the city and in the country and also wrote a fictional script for her to act in. Karaoke Girl is made from these building blocks of real life and fiction.",
    "genres" : [ {
      "id" : 18,
      "name" : "Drama"
    } ]
  }, {
    "id" : 158962,
    "title" : "The Caretaker",
    "overview" : "As a wave of vampirism sweeps the world, a small but discordant group hole up in a country mansion in Victoria, Australia. A vampire, who has also occupied the mansion, offers them a deal: if they protect him from humans during the day, he'll protect them from other vampires at night. So begins an uneasy alliance which soon threatens to fall apart.",
    "genres" : [ {
      "id" : 18,
      "name" : "Drama"
    }, {
      "id" : 27,
      "name" : "Horror"
    }, {
      "id" : 10749,
      "name" : "Romance"
    } ]
  }, {
    "id" : 158967,
    "title" : "House Hunting",
    "overview" : "Two families go to an open house and can't leave",
    "genres" : [ {
      "id" : 9648,
      "name" : "Mystery"
    }, {
      "id" : 53,
      "name" : "Thriller"
    } ]
  }, {
    "id" : 158992,
    "title" : "Perfect Control",
    "overview" : "Babe Ruth plays ball with some kids.",
    "genres" : [ ]
  } ]
}