{
  "movies" : [ {
    "id" : 339492,
    "title" : "The RockTronix - Magnificent Obsession",
    "overview" : "This Music Documentary captures the birth and evolution of The RockTronix. Follow this original band through rehearsals, pre-production and three days in the studio as they record their debut album. Delve into the creative minds of this project with in-depth interviews, unedited rehearsal footage, live performances and a full length music video.",
    "genres" : [ ]
  }, {
    "id" : 339502,
    "title" : "Citizen Langlois",
    "overview" : "This French documentary pays homage to a young man whose passion left a rich and valuable legacy to the world of cinema. Henri Langlois was one of the co-founders of the Cinematheque Francaise, a museum which contains many rare artifacts from early cinema as well as one of the most extensive film archives in the world. This documentary will be most meaningful for those already familiar with Langlois' story. Through old film clips and interviews, Langlois is seen as an eccentric but charismatic young visionary obsessed with preserving and locating old films. Filmmaker Edgardo Cozarinsky uses scenes from Citizen Kane to compare the portly iconoclast to Charles Foster Kane, in that both Langlois and Welle's fictional newspaper magnate where avid collectors, and both were men of mystery.",
    "genres" : [ {
      "id" : 99,
      "name" : "Documentary"
    } ]
  }, {
    "id" : 339507,
    "title" : "Jeju: A Bicycle Adventure in South Korea",
    "overview" : "A family rides the circumference of Jeju Island for 2 weeks, with everything they need strapped to their 3 folding bikes - they meet remarkable people and discover the island's beautiful natural landscapes. The first person they meet in Jeju Island happens to be a tour guide who gives them some valuable advice: meet the people of Jeju Island, go see the small islands off Jeju-do and visit the shrinking 'gotjawal' rocky forests. This sets the tone for their journey as they set out from Jeju City to circumnavigate the entire island by bicycle with their 10-year-old son.",
    "genres" : [ ]
  }, {
    "id" : 339512,
    "title" : "Beautiful Sounds of Love",
    "overview" : "A deaf college student falls in love with a guy who can hear. However, with a history of domestic abuse, it is difficult for her to truly commit to the relationship. Throughout, they face many challenges because of the differences in their wolds, as well as the fact that both of their exes are trying to break them up at all costs.",
    "genres" : [ {
      "id" : 10749,
      "name" : "Romance"
    }, {
      "id" : 18,
      "name" : "Drama"
    } ]
  }, {
    "id" : 339517,
    "title" : "El sinvergüenza",
    "overview" : "Smooth-talking ladies' man runs an employment agency for call girls masquerading as language tutors.",
    "genres" : [ ]
  }, {
    "id" : 339522,
    "title" : "Onkel Theodor amüsiert sich",
    "overview" : "An animated corpulent man comes to life",
    "genres" : [ ]
  }, {
    "id" : 339527,
    "title" : "Solace",
    "overview" : "A psychic doctor, John Clancy, works with an FBI special agent in search of a serial killer. After having lived in isolation for two years, since the death of his daughter, Clancy is asked by his friend Joe, an FBI special agent to help him solve several murders committed by a serial killer.",
    "genres" : [ {
      "id" : 53,
      "name" : "Thriller"
    }, {
      "id" : 80,
      "name" : "Crime"
    }, {
      "id" : 9648,
      "name" : "Mystery"
    } ]
  }, {
    "id" : 339532,
    "title" : "Fireplace Lounge",
    "overview" : "",
    "genres" : [ ]
  }, {
    "id" : 339537,
    "title" : "Krabi",
    "overview" : "A sci-fi film that is an allegory about the suicidal character of war waged by militant factions. A military scientist who originally intends to breed perfect robots - crabs, based on the principle \"the strongest survive\", that would live on metal and would be an ideal diversionary weapon - finds his plans turned against him but it is too late to change it. Written by KrátkýFilm",
    "genres" : [ ]
  }, {
    "id" : 339542,
    "title" : "Det tause flertall",
    "overview" : "Young Øystein lives in a small apartment outside Oslo, where every day is filled with everyday habits, and he is constantly looking for someone to marry. Then he meets Britt, which hates conformity and traditional values.",
    "genres" : [ {
      "id" : 18,
      "name" : "Drama"
    } ]
  }, {
    "id" : 339547,
    "title" : "Jeruzalem",
    "overview" : "When a couple of American young adults fly to Israel to visit the city of Jerusalem, a biblical nightmare falls upon the city",
    "genres" : [ {
      "id" : 27,
      "name" : "Horror"
    } ]
  }, {
    "id" : 339557,
    "title" : "Preserving Lonesome George",
    "overview" : "Scientists and a master taxidermist at the American Museum of Natural History face the difficult task of preserving the last Pinta Island tortoise for posterity, with no margin for error.",
    "genres" : [ ]
  }, {
    "id" : 339562,
    "title" : "To the Fore",
    "overview" : "A young man chases his dream of becoming a pro cyclist and is met with challenges.",
    "genres" : [ {
      "id" : 10749,
      "name" : "Romance"
    }, {
      "id" : 28,
      "name" : "Action"
    }, {
      "id" : 18,
      "name" : "Drama"
    } ]
  }, {
    "id" : 339567,
    "title" : "STRICHE ZIEHEN.",
    "overview" : "Former East Germany, punk music, the wall, betrayal, jail, exit for the West: a film confronting these things on the offensive – and seeing its view of them as a balancing act.",
    "genres" : [ {
      "id" : 99,
      "name" : "Documentary"
    } ]
  }, {
    "id" : 339572,
    "title" : "Lush 2",
    "overview" : "Lush 2, focus's on naturalism and capturing performers sharing themselves with authenticity and passion. There are no rules, and no expectations. Just real emotions as two beautiful girls bring each other to orgasm. \"Club 59\" stands for real sex with girls who love girls. \"Lush 2\" is the epitome of sensual, sexual, and orgasmic girl/girl sex.",
    "genres" : [ ]
  }, {
    "id" : 339587,
    "title" : "Repent at Leisure",
    "overview" : "A New York department store employee falls in love with a co-worker, but what he doesn't know is that she's the store owner's daughter.",
    "genres" : [ {
      "id" : 10749,
      "name" : "Romance"
    }, {
      "id" : 18,
      "name" : "Drama"
    } ]
  }, {
    "id" : 339592,
    "title" : "Rocco Steele's Breeding Party",
    "overview" : "Rocco Steele’s Breeding Party” is a gay-porn event by invitation only, and some of the sexiest men in the industry got in on the action.",
    "genres" : [ ]
  }, {
    "id" : 339597,
    "title" : "VeggieTales: Bob Lends a Helping Hand",
    "overview" : "When Joe's mom breaks her big left toe, Bob the Tomato decides to help.  Larry and Joe offer their 'superhero' help, too, but that's not exactly what Bob has in mind.  Kids will discover right along with Larry and Joe that everyone can be a superhero if you lend a helping hand!",
    "genres" : [ {
      "id" : 16,
      "name" : "Animation"
    }, {
      "id" : 10751,
      "name" : "Family"
    } ]
  }, {
    "id" : 339602,
    "title" : "UFC Fight Night 65: Miocic vs. Hunt",
    "overview" : "UFC Fight Pass Main Event:  265 lbs.: Stipe Miocic vs. Mark Hunt | 185 lbs.: Brad Tavares vs. Robert Whittaker |  205 lbs.: Sean O'Connell vs. Anthony Perosh |  155 lbs.: Jake Matthews vs. James Vick",
    "genres" : [ ]
  }, {
    "id" : 339607,
    "title" : "Obsession: Letters to David Lynch",
    "overview" : "Struggling actor Dennis Woodruff is on an obsessive quest to be in David Lynch's movies, ALL OF THEM.  Music by IdiOt-SaVanT.",
    "genres" : [ ]
  }, {
    "id" : 339612,
    "title" : "Utta Danella - Die Hochzeit auf dem Lande",
    "overview" : "",
    "genres" : [ {
      "id" : 18,
      "name" : "Drama"
    } ]
  }, {
    "id" : 339617,
    "title" : "Rosendo, mentira me parece, directo en Las Ventas",
    "overview" : "",
    "genres" : [ {
      "id" : 10402,
      "name" : "Music"
    } ]
  }, {
    "id" : 339632,
    "title" : "Office du tourisme",
    "overview" : "When Agathe moves to Paris, she discovers city life, liberty, and love. But the city's picture-perfect scenery and the dreamy soundtrack of the young woman's days and nights contrast with the cold detachment of its inhabitants.",
    "genres" : [ ]
  }, {
    "id" : 339642,
    "title" : "Utta Danella - Mit dir die Sterne sehen",
    "overview" : "",
    "genres" : [ {
      "id" : 18,
      "name" : "Drama"
    } ]
  }, {
    "id" : 339647,
    "title" : "O Tarzan do 5º Esquerdo",
    "overview" : "",
    "genres" : [ {
      "id" : 35,
      "name" : "Comedy"
    } ]
  }, {
    "id" : 339652,
    "title" : "Utta Danella - Wachgeküsst",
    "overview" : "",
    "genres" : [ {
      "id" : 18,
      "name" : "Drama"
    } ]
  }, {
    "id" : 339657,
    "title" : "Sweet Honey Juice",
    "overview" : "A pair of sexual maniacs are using experimental new drugs to rape,torture and kill the innocent girls that arouse them.Will a woman on the inside of the pharmaceutical company making them take them down or join in their debauchery? Bad things are bound to happen.",
    "genres" : [ {
      "id" : 18,
      "name" : "Drama"
    } ]
  }, {
    "id" : 339662,
    "title" : "Monsters",
    "overview" : "Two couples find themselves dealing with decaying relationships.",
    "genres" : [ ]
  }, {
    "id" : 339667,
    "title" : "Something That Lord Made",
    "overview" : "A dramatization of the relationship between heart surgery pioneers Alfred Blalock and Vivien Thomas.",
    "genres" : [ ]
  }, {
    "id" : 339672,
    "title" : "Night Labor",
    "overview" : "Night Labor follows Sherman Frank Merchant, a forty-six year old 6'6\" Downeaster during his transition from an independent and rugged clam digger by day to manning a factory at night. With his white smock, arsenal of knives, and signature black beret, Sherman performs the tasks of preparing and arranging tools for the day laborers who arrive to their 6am shift.",
    "genres" : [ {
      "id" : 99,
      "name" : "Documentary"
    } ]
  }, {
    "id" : 339677,
    "title" : "The House at the Edge of the Galaxy",
    "overview" : "The House at the Edge of the Galaxy is an allegorical short film about the beauty and significance of the here and now, versus the quest for the bigger and better world perpetually beyond our grasp. This cosmic tale takes place at a desolate outpost where a lonely boy is taught by a passing Cosmonaut how to plant a “star” to transform his existence. In the process of yearning for the heavens, he discovers that paradise instead resides in his own backyard.",
    "genres" : [ {
      "id" : 18,
      "name" : "Drama"
    }, {
      "id" : 9648,
      "name" : "Mystery"
    } ]
  }, {
    "id" : 339682,
    "title" : "Blur",
    "overview" : "A man is caught by two masked villains. Will he get away?",
    "genres" : [ {
      "id" : 18,
      "name" : "Drama"
    }, {
      "id" : 28,
      "name" : "Action"
    } ]
  }, {
    "id" : 339687,
    "title" : "Family Secrets",
    "overview" : "Paulinita is a little rich girl who seemingly has everything, but lacks the love of her parents: Julio is too busy with his million-dollar deals to look after her, while Regina spends her time at social events and fashion shows. One fine day, Julio´s brother Manuel comes to visit them from Spain. He has just obtained a Master´s degree in child pedagogy. Paulinita quickly warms to him, as he has time to play with her, but Manuel has a dark past.",
    "genres" : [ ]
  }, {
    "id" : 339692,
    "title" : "Shot Caller",
    "overview" : "A newly-released prison gangster is forced by the leaders of his gang to orchestrate a major crime with a brutal rival gang on the streets of Southern California.",
    "genres" : [ {
      "id" : 80,
      "name" : "Crime"
    }, {
      "id" : 18,
      "name" : "Drama"
    }, {
      "id" : 53,
      "name" : "Thriller"
    } ]
  }, {
    "id" : 339697,
    "title" : "Cry_Wolf_Movie",
    "overview" : "As if sex addicts weren't aggressive enough, it seems some of them have a thirst for blood as intense as their taste for tail. This off-kilter short film follows the life and slaughter of a few unbelieving souls and one girls mission to hunt the hunters and get off in a different kind of way.",
    "genres" : [ ]
  }, {
    "id" : 339702,
    "title" : "Freedom Academy Lecture #5 The End of the Axis (March - August 1945)",
    "overview" : "As the Allies gained the upper hand toward the end of World War II, they could not simply defeat Germany, Italy and Japan. They had to humiliate them in order to fulfill their promises of eradicating fascism and deterring its proponents from ever again waging worldwide war. But the Allies wanted to achieve that goal without shedding any more of their own people's blood than necessary. The uneasy alliance with Soviet leader Josef Stalin also posed new challenges. Watch as historian Victor Davis Hanson analyzes the impact of the deadly Battle of the Bulge, the horrific siege of Berlin and the relentless U.S. bombing of Japan, including the first use of atomic weapons.",
    "genres" : [ ]
  }, {
    "id" : 339707,
    "title" : "Lazy Lama",
    "overview" : "Ringu Tulku is a Buddhist teacher from Tibet. This film shows him preparing western students for a retreat which lasts 3 years, 3 months and 3 days in Sikkim, North India. It offers an insight into his working life and into the trials of enlightenmen",
    "genres" : [ ]
  }, {
    "id" : 339712,
    "title" : "He Drank. He Smoked",
    "overview" : "Two retired killers working at a cemetery decide to take a new gig. A Russian film-noir with an unexpected ending.",
    "genres" : [ {
      "id" : 80,
      "name" : "Crime"
    } ]
  }, {
    "id" : 339717,
    "title" : "The Turtleneck Club",
    "overview" : "The exact year is unknown, but one this is for certain...turtlenecks are awesome and in Jonathan Pierce's movie The Turtleneck Club, seven friends unite one a week to make sure none of them forget that. Returning home after running errands, Tim Kawoski (Jonathan Pierce) arrives at his apartment with an item that is anything but typical...a traction kit. Having never owned one, Tim is determined to figure out just exactly what this new contraption is all about",
    "genres" : [ ]
  }, {
    "id" : 339722,
    "title" : "Fritz",
    "overview" : "Two young filmmakers discover a 70-year-old, hard-of-hearing artist named Fritz and they turn his world up side down. Fritz faces his past and rediscovers happiness as the group stumbles upon just how to \"make it,\" in the art world.",
    "genres" : [ ]
  }, {
    "id" : 339727,
    "title" : "Highlander",
    "overview" : "An immortal Scottish swordsman faces off with other immortal warriors in order to obtain a coveted ability; Mortality.",
    "genres" : [ {
      "id" : 12,
      "name" : "Adventure"
    }, {
      "id" : 28,
      "name" : "Action"
    }, {
      "id" : 14,
      "name" : "Fantasy"
    } ]
  }, {
    "id" : 339732,
    "title" : "In My Own Hands",
    "overview" : "Joven dela Rosa is an NBI officer who investigates The Catleya Killer case perpetrated by a man who preys married women. The killer tortures his victim to death and disposes the body at the sidewalk during night time. However, as Joven gets busy solving the case, he gets to spend lesser time with his wife Camille, who met a handsome man named Gene Rivera. Camille finds Gene’s mysteriousness attractive. But behind Gene’s good looks is a man haunted by his past which keeps him from committing violence against women. How soon will Joven figure out that the man behind the heinous crimes has already penetrated to his household?",
    "genres" : [ {
      "id" : 28,
      "name" : "Action"
    }, {
      "id" : 80,
      "name" : "Crime"
    }, {
      "id" : 18,
      "name" : "Drama"
    }, {
      "id" : 53,
      "name" : "Thriller"
    } ]
  }, {
    "id" : 339737,
    "title" : "Come un soffio",
    "overview" : "Short film from  Michela Cescon",
    "genres" : [ ]
  }, {
    "id" : 339742,
    "title" : "Phantomanie",
    "overview" : "Mystery suspense movie from Miron Zownir",
    "genres" : [ ]
  }, {
    "id" : 339747,
    "title" : "Inmu: Ikenie no Utage",
    "overview" : "Yumi is raped on her way to school. He violently molested her over and over again, but somehow she escaped. Ever since then she feels as someone follow her. The story turn to the female fashion designer who always blames who made mistake. Soon she becomes imprisoned, totally nude inside of the public telephone booth. But it was just the beginning of revenge…",
    "genres" : [ {
      "id" : 18,
      "name" : "Drama"
    } ]
  }, {
    "id" : 339752,
    "title" : "Shusaku the Letch",
    "overview" : "In the girls dormitory of Shukusei Music Academy are the famous daughters of good families. In the middle of the night, the girl's screams echo in the silent academy. Kaori is tied up and at that moment she becomes baptized into disgrace. There is a man whose name is Kato Shusaku who looks down at her with a fiendish grin as she cries in misery...",
    "genres" : [ ]
  }, {
    "id" : 339757,
    "title" : "Borrowed Moments",
    "overview" : "",
    "genres" : [ {
      "id" : 10749,
      "name" : "Romance"
    }, {
      "id" : 18,
      "name" : "Drama"
    }, {
      "id" : 53,
      "name" : "Thriller"
    } ]
  }, {
    "id" : 339762,
    "title" : "Four More Years",
    "overview" : "This witty and startlingly candid look at the 1972 Republican National Convention is a classic work of guerrilla television, and an alternative time capsule of an era of dramatic change in American politics, media, and culture.",
    "genres" : [ {
      "id" : 99,
      "name" : "Documentary"
    } ]
  }, {
    "id" : 339767,
    "title" : "Beauty and the Right to the Ugly",
    "overview" : "A documentary by Wendelien van Oldenborgh.",
    "genres" : [ {
      "id" : 99,
      "name" : "Documentary"
    } ]
  }, {
    "id" : 339772,
    "title" : "The Fighting O'Flynn",
    "overview" : "A swashbuckling Irishman opposes French agents during the Napoleonic wars.",
    "genres" : [ {
      "id" : 12,
      "name" : "Adventure"
    }, {
      "id" : 28,
      "name" : "Action"
    } ]
  }, {
    "id" : 339777,
    "title" : "Il tesoro della foresta pietrificata",
    "overview" : "",
    "genres" : [ {
      "id" : 12,
      "name" : "Adventure"
    }, {
      "id" : 28,
      "name" : "Action"
    }, {
      "id" : 18,
      "name" : "Drama"
    }, {
      "id" : 10749,
      "name" : "Romance"
    }, {
      "id" : 10402,
      "name" : "Music"
    } ]
  }, {
    "id" : 339782,
    "title" : "Peppa Pig: The Fire Engine and Other Stories",
    "overview" : "Peppa is a lovable, cheeky little piggy who lives with her younger brother George, Mummy Pig and Daddy Pig. Peppa loves playing games, dressing up, visiting exciting places and making new friends, but her absolutely favourite thing is jumping up and down in muddy puddles. Her adventures always end happily with loud snorts of laughter.",
    "genres" : [ {
      "id" : 16,
      "name" : "Animation"
    }, {
      "id" : 10751,
      "name" : "Family"
    } ]
  }, {
    "id" : 339787,
    "title" : "Rainbow Ranch",
    "overview" : "An emergency at his Aunt's ranch gets Ed Randall leave from the Navy. He returns to find the water cut off and her note due the next day. When the man he seeks legal advice from is murdered, Ed is accused and he now finds himself in jail with a lynch mob forming outside.",
    "genres" : [ ]
  }, {
    "id" : 339792,
    "title" : "David Brent: Life on the Road",
    "overview" : "A camera crew catches up with David Brent, the former star of the fictional British series, \"The Office\" as he now fancies himself a rockstar on the road.",
    "genres" : [ {
      "id" : 35,
      "name" : "Comedy"
    }, {
      "id" : 10402,
      "name" : "Music"
    } ]
  }, {
    "id" : 339797,
    "title" : "Aasaiyil Oru Kaditham",
    "overview" : "Kartik (Prashant) on his way to attend a close friend Anand's (Anand), marriage sets eyes on Lakshmi (Kausalya) at a bus stop and falls for her. He with his friends reach the village and Kartik to his delight finds Lakshmi there. He sends her a love letter (as in the title) and then to his horror discovers that Lakshmi was the intended bride of Anand. The matter becomes public, with the whole village going in search of the anonymous letter writer. The scenes where Kartik's friends (Vivek, Damu, Vyapuri) ae mistaken for the senders of the letter and get a sound thrashing in turn, gives some comic relief. The marriage is meanwhile over and it is time to leave. And then Kartik comes out with his confession and makes a public apology to his friend and the family. His gesture is appreciated, the matter settled and the newly weds return to the city.",
    "genres" : [ ]
  }, {
    "id" : 339802,
    "title" : "Wife by Night",
    "overview" : "The story of a beautiful young woman who, for the love of her ambitious husband, becomes a blackmail victim and has to resort to prostitution...",
    "genres" : [ {
      "id" : 18,
      "name" : "Drama"
    } ]
  }, {
    "id" : 339807,
    "title" : "O Rei das Berlengas",
    "overview" : "",
    "genres" : [ {
      "id" : 35,
      "name" : "Comedy"
    } ]
  }, {
    "id" : 339812,
    "title" : "Last Love First Love",
    "overview" : "",
    "genres" : [ {
      "id" : 18,
      "name" : "Drama"
    }, {
      "id" : 10749,
      "name" : "Romance"
    } ]
  }, {
    "id" : 339817,
    "title" : "The Blind Boy",
    "overview" : "A violinist adopts a blind boy busker and dreams a cousin tries to kill him for his inheritance.",
    "genres" : [ {
      "id" : 18,
      "name" : "Drama"
    } ]
  }, {
    "id" : 339827,
    "title" : "Thagapansamy",
    "overview" : "The film begins with Kadhirvel (Prashanth), a do-gooder going all out to get water for his village. With monsoon repeatedly failing, his village reels under drought and Prashanth runs from pillar to post to get a well dug in the village. He manages to bring Shanmugham (Mahadevan), a water-divining expert to dig a well in the village. Shanmugham along with his wife and daughter Marikozhundhu (Pooja) come to the village. Unfortunately a freak mishap kills Shanmugham and the villagers' search for water continues.",
    "genres" : [ ]
  }, {
    "id" : 339832,
    "title" : "Piriyadha Varam Vendum",
    "overview" : "Sanjay (Prashanth) and Nithi (Shalini) are best friends right from their childhood days. They are neighbours, have grown up together, attend the same college and spend every minute of their waking hours together. Both have their admirers in college with Sneha (Jomol) wooing Sanjay and Praveen (Krishna) revealing his love for Nithi. Nithi's week-long trip to Bangalore, along with some prodding by his housemaid, makes Sanjay realise how much he misses Nithi and that he is in love with her. But respect for their friendship and her makes him hide his feelings. Meanwhile, Nithi accepts Praveen's proposal and things quickly move towards their marriage. But when things come together Nithi realises that she cannot stay without Sanjay and at that time he reveals that he too loves her.",
    "genres" : [ ]
  }, {
    "id" : 339837,
    "title" : "Pattikkaattu Raja",
    "overview" : "Pattikkaattu Raja is a Tamil language film starring Sivakumar in the title role. Jayasudha and Sri Priya also portray important roles.Kamal Haasan plays a very small supporting role with negative touch.",
    "genres" : [ ]
  }, {
    "id" : 339847,
    "title" : "Lore",
    "overview" : "A young man defends the world from legendary beasts from folklore.",
    "genres" : [ {
      "id" : 12,
      "name" : "Adventure"
    }, {
      "id" : 28,
      "name" : "Action"
    } ]
  }, {
    "id" : 339852,
    "title" : "Piter",
    "overview" : "Brother and sister Gorter made a variegated portrait of Piter, or St. Petersburg, through seven of its inhabitants. Poles apart in age, affluence and personality, their lives cross paths now and then. Elderly people like the 87-year-old Jelena Jakovlevna still live in the past; her apartment has furniture from before the communist revolution and still has a portrait of Stalin on the wall. To a young and successful publicity agent, the names Lenin and Stalin do not mean a whole lot anymore. A former party bigwig is now a thriving capitalist; an ex-journalist who thought the Brezhnev era would never end is on the breadline nowadays. The film, featuring Frank Gorter's striking music, meanwhile also shows life in the streets of St. Petersburg and the diverse interiors of the houses and workplaces of the seven Piter men and women.",
    "genres" : [ {
      "id" : 99,
      "name" : "Documentary"
    } ]
  }, {
    "id" : 339857,
    "title" : "Untitled NASCAR/Junior Johnson Project",
    "overview" : "The origin story of NASCAR as told through the eyes of its first star: Junior Johnson.",
    "genres" : [ {
      "id" : 28,
      "name" : "Action"
    } ]
  }, {
    "id" : 339862,
    "title" : "Kutumba",
    "overview" : "A 2003 Kannada film.",
    "genres" : [ ]
  }, {
    "id" : 339867,
    "title" : "Super Star",
    "overview" : "A 2002 Kannada film.",
    "genres" : [ ]
  }, {
    "id" : 339872,
    "title" : "The House in the South",
    "overview" : "Indian village experiences forced relocation; their experience is paralleled by that of other groups dating back to the 18th century.",
    "genres" : [ {
      "id" : 36,
      "name" : "History"
    }, {
      "id" : 12,
      "name" : "Adventure"
    }, {
      "id" : 18,
      "name" : "Drama"
    } ]
  }, {
    "id" : 339877,
    "title" : "Loving Vincent",
    "overview" : "The film brings the paintings of Vincent van Gogh to life to tell his remarkable story. Every one of the 65,000 frames of the film is an oil-painting hand-painted by 125 professional oil-painters who travelled from all across the world to the Loving Vincent studios in Poland and Greece to be a part of the production. As remarkable as Vincent’s brilliant paintings are his passionate and ill-fated life and mysterious death.",
    "genres" : [ {
      "id" : 16,
      "name" : "Animation"
    }, {
      "id" : 18,
      "name" : "Drama"
    } ]
  }, {
    "id" : 339882,
    "title" : "Tyranny",
    "overview" : "A young teen notices an abnormality in his driveway & comes to grips with the other things on his mind.",
    "genres" : [ {
      "id" : 18,
      "name" : "Drama"
    } ]
  }, {
    "id" : 339887,
    "title" : "Lillian's Dilemma",
    "overview" : "Lillian dresses as a man to gain access to a boy's school. (from Performing Queer Female Identity on Screen: A Critical Analysis of Five Recent Films)",
    "genres" : [ {
      "id" : 35,
      "name" : "Comedy"
    } ]
  }, {
    "id" : 339892,
    "title" : "NXT TakeOver: Unstoppable",
    "overview" : "It’s official! The next generation of Superstars and Divas are set to hijack the WWE Network with their high-octane brand of sports-entertainment on Wednesday, May 20, when NXT TakeOver: Unstoppable airs live at 8 p.m. ET/5 p.m. PT!",
    "genres" : [ ]
  }, {
    "id" : 339902,
    "title" : "Who Has Seen the Wind",
    "overview" : "The coming-of-age of adolescent Brian O'Connal in small town Depression-era Saskatchewan is told. The son of the local pharmacist Gerald O'Connal, Brian is in many ways a typical boy, who dislikes school if only because of his run-ins with the nervous schoolteacher, Miss MacDonald, and who tries to catch gophers with his friends, Artie and Forbsie. His best friend and protector is slightly older Jonathan Ben, better known as The Young Ben (as his father is referred to as The Ben), who is highly regarded as a problem by those in town who see themselves as the moral authority if only because of The Young Ben's association to The Ben, the town still keeper and drunk. Brian's life takes a turn when his parents have to leave town temporarily, while Brian stays on his Uncle Sean's farm. That stint leads to a series of events which make Brian see life around him through slightly older and wiser eyes.",
    "genres" : [ {
      "id" : 35,
      "name" : "Comedy"
    }, {
      "id" : 18,
      "name" : "Drama"
    } ]
  }, {
    "id" : 339907,
    "title" : "Fazil Say: Nazim",
    "overview" : "Composer Fazil Say's oratorio for Turkish poet Nazim Hikmet Ran performed by Bilkent Symphony Orchestra at the antique Aspendos Theater.  Conducted by İbrahim Yazıcı.  Solists: Genco Erkal, Zuhal Olcay, Güvenç Dağüstün and child solists.",
    "genres" : [ ]
  }, {
    "id" : 339912,
    "title" : "Nurse-made",
    "overview" : "Two men concoct a scheme to get all the sex they want by faking a medical condition and hiring an in-home nurse.",
    "genres" : [ {
      "id" : 18,
      "name" : "Drama"
    } ]
  }, {
    "id" : 339917,
    "title" : "The Girl with the Hungry Eyes",
    "overview" : "",
    "genres" : [ {
      "id" : 27,
      "name" : "Horror"
    } ]
  }, {
    "id" : 339927,
    "title" : "Kevin Hart: What Now ?",
    "overview" : "Comedian Kevin Hart performs in front of a crowd of 50,000 people at Philadelphia's outdoor venue, Lincoln Financial Field.",
    "genres" : [ {
      "id" : 35,
      "name" : "Comedy"
    } ]
  }, {
    "id" : 339932,
    "title" : "The Unseen Best Of The Booth Brothers Films",
    "overview" : "From acclaimed filmmakers The Booth Brothers (Death Tunnel (Sony Pictures), Spooked, The Possessed, Children Of The Grave (as seen on SyFy and Chiller) comes THE UNSEEN. A celebration of The Human Spirit and it's Ghosts. What the networks could not show, uncensored, uncut. The truth behind the twisted paranormal cases that left the abandoned structures infested by ghosts. These are all true stories with real ghost evidence that will leave emotionally moved, shocked and hungry for more! \"A compassionate message for all Ghost Hunters alike\".",
    "genres" : [ ]
  }, {
    "id" : 339937,
    "title" : "The Mourner",
    "overview" : "Shizuto Sakatsuki (Kengo Kora) is a mourner. He goes to scenes of accidents and mourns for the victims. Yukiyo Nagi (Yuriko Ishida), who killed her husband and served prison time, goes to the scene of the murder and meets Shizuto. She follows him from that time.  Other people that exists in their lives are Shizuto’s mother Junko who is terminally ill with cancer and waits for Shizuto’s return, his younger sister Mishio who is pregnant by her now ex-boyfriend and a magazine reporter who chases after Shizuto. The movie examines life and death, love and hate and sin and forgiveness through these characters.",
    "genres" : [ {
      "id" : 18,
      "name" : "Drama"
    } ]
  }, {
    "id" : 339942,
    "title" : "La Dame au chien",
    "overview" : "A teenager brings back a dog to its owner, an obese black woman. He soon finds himself having to dirnk with her.",
    "genres" : [ {
      "id" : 35,
      "name" : "Comedy"
    } ]
  }, {
    "id" : 339947,
    "title" : "Sampled Dreams",
    "overview" : "By combining new and existing film footage, surprising scenes emerge, like the one in which a woman, dressed in an evening gown, laconically makes a mobile phone call inside a boxing ring.",
    "genres" : [ ]
  }, {
    "id" : 339952,
    "title" : "Talking Feet",
    "overview" : "This documentary features 24 traditional dancers filmed on location in West Virginia, Kentucky, Virginia, and North Carolina.",
    "genres" : [ {
      "id" : 99,
      "name" : "Documentary"
    } ]
  }, {
    "id" : 339957,
    "title" : "The Idea",
    "overview" : "A struggling film school student juggles plot devices in his head while trying to figure out the perfect plot for his first short film.",
    "genres" : [ ]
  }, {
    "id" : 339962,
    "title" : "Outros",
    "overview" : "",
    "genres" : [ {
      "id" : 10769,
      "name" : "Foreign"
    } ]
  }, {
    "id" : 339967,
    "title" : "Colossal",
    "overview" : "A woman discovers that severe catastrophic events are somehow connected to the mental breakdown from which she's suffering.",
    "genres" : [ {
      "id" : 28,
      "name" : "Action"
    }, {
      "id" : 35,
      "name" : "Comedy"
    }, {
      "id" : 18,
      "name" : "Drama"
    }, {
      "id" : 14,
      "name" : "Fantasy"
    }, {
      "id" : 878,
      "name" : "Science Fiction"
    } ]
  }, {
    "id" : 339977,
    "title" : "Yolf",
    "overview" : "Approaching her transition from human to vampire form, young Stephanie Bloomwood begins to question her very identity, as it begins to unravel around her.",
    "genres" : [ ]
  }, {
    "id" : 339987,
    "title" : "The Exception",
    "overview" : "A German soldier tries to determine if the Dutch resistance has planted a spy to infiltrate the home of Kaiser Wilhelm in Holland during the onset of World War II, but falls for a young Jewish Dutch woman during his investigation.",
    "genres" : [ {
      "id" : 18,
      "name" : "Drama"
    } ]
  }, {
    "id" : 339992,
    "title" : "The Redwood Massacre",
    "overview" : "​‘THE REDWOOD MASSACRE’ is about five adventurous friends, visiting the legendary murder site of Redwood. It has all the hallmarks of being an exciting and thrilling camping weekend away.  They soon discover they’re not the only people in the mysterious location. The fun camping expedition soon turns into a nightmare as they are sadistically stalked by a mysterious unseen killer.",
    "genres" : [ {
      "id" : 14,
      "name" : "Fantasy"
    }, {
      "id" : 27,
      "name" : "Horror"
    } ]
  }, {
    "id" : 339997,
    "title" : "Namasthe Bali",
    "overview" : "The story of a girl who courageously tries to get through a tragedy that happens in her life quite unexpectedly and how it leads to certain revelations in her life. Annamma (Roma), daughter of business tycoon Anto and Marykkutty, is a very bold girl. She gets four friends from Bali Island. Her life is influenced with their presence and vice versa. This unravels many truths before them. The resulting events are plotted in ‘Namesthe Bali’. ‘Namesthe Bali’ is the debut directorial venture of K V Bejoy. Bali Island in Indonesia is the main location and the rest is shot in Kochi. Aju Varghese, Manoj K Jayan, Devan, Arun, Noby, Harisree Yusef, Kottayam Pradeep, Neena Kurup, Sangeetha Rajendran, and Mini Arun do the main roles. In the banner of Minhal Productions, ‘Namasthe Bali’ is produced by Muhammedali.",
    "genres" : [ ]
  }, {
    "id" : 340002,
    "title" : "Girls Beware",
    "overview" : "Girls Beware is a trilogy of tragedies brought about by teenage girls' attempts at independent behavior. Covers do's and don'ts in the babysitting situation. Develops the problem of the 'PICK UP' and the girls who go with boys that are too old.",
    "genres" : [ {
      "id" : 80,
      "name" : "Crime"
    }, {
      "id" : 18,
      "name" : "Drama"
    } ]
  }, {
    "id" : 340007,
    "title" : "Zabak",
    "overview" : "A 1961 Hindi movie.",
    "genres" : [ ]
  }, {
    "id" : 340012,
    "title" : "Druglawed",
    "overview" : "DRUGLAWED is the explosive documentary exposing how New Zealand has been co-opted by the US into fighting the failed War On Drugs.  Filmed in six countries over four years, this is the documentary that finally clears the smoke around the international prohibition of cannabis.  Over the last 100 years the US government has forced its drug control policies on almost every country on earth. 40 years since Richard Nixon declared the War On Drugs in 1972, 22 million Americans have been arrested for marijuana. Only one country in the world has higher arrest and conviction rates: New Zealand.  DRUGLAWED examines how New Zealand fell in lockstep with US policies, and shows how smaller countries can break out.",
    "genres" : [ {
      "id" : 99,
      "name" : "Documentary"
    } ]
  }, {
    "id" : 340017,
    "title" : "The Alcohol Years",
    "overview" : "Carol Morley returns to Manchester, where in the early 1980s, five years of her life were lost in an alcoholic blur. The Alcohol Years is a poetic retrieval of that time, in which rediscovered friends and acquaintances recount tales of her drunken and promiscuous behavior. In Morley’s search for her lost self, conflicting memories and viewpoints weave in and out, revealing a portrait of the city, its pop culture, and the people who lived it.",
    "genres" : [ {
      "id" : 18,
      "name" : "Drama"
    }, {
      "id" : 99,
      "name" : "Documentary"
    } ]
  }, {
    "id" : 340022,
    "title" : "Gringo",
    "overview" : "An American businessman with a stake in a pharmaceutical company that's about to go public finds his life is thrown into turmoil by an incident in Mexico.",
    "genres" : [ {
      "id" : 35,
      "name" : "Comedy"
    }, {
      "id" : 18,
      "name" : "Drama"
    }, {
      "id" : 28,
      "name" : "Action"
    } ]
  }, {
    "id" : 340027,
    "title" : "Brain on Fire",
    "overview" : "A look at a young woman's rapid descent into insanity.",
    "genres" : [ {
      "id" : 18,
      "name" : "Drama"
    } ]
  }, {
    "id" : 340032,
    "title" : "Sammy",
    "overview" : "A comedy movie by Matt Farley and Charles Roxburgh. It's both a part of their Druid-themed Thomasville series and an homage to the early 1980s horror movie The Pit.  A wild and wacky no-budget comedy, Sammy was shot on DV and completed in 2002. The movie was filmed primarily in Manchester, New Hampshire, with some scenes also filmed in Connecticut.",
    "genres" : [ ]
  }, {
    "id" : 340037,
    "title" : "Ophilia",
    "overview" : "Three skinheads learning about the meaning of life and true friendship.",
    "genres" : [ {
      "id" : 18,
      "name" : "Drama"
    }, {
      "id" : 28,
      "name" : "Action"
    } ]
  }, {
    "id" : 340042,
    "title" : "Book Club",
    "overview" : "A book club has a meeting.",
    "genres" : [ {
      "id" : 35,
      "name" : "Comedy"
    } ]
  }, {
    "id" : 340047,
    "title" : "Gilberto Gil - Live At Montreux Jazz Festival 2012",
    "overview" : "Gilberto Gil live at the Montreux Jazz Festival 2012  GILBERTO GIL'S VIRAMUNDO  Feat. Vusi Mahlasela - Paul Hanmer - Jaques Morelenbaum and the Lausanne Sinfonietta  Miles Davis Hall at the Montreux Music &amp; Convention Centre - Montreux, Switzerland",
    "genres" : [ {
      "id" : 10402,
      "name" : "Music"
    } ]
  }, {
    "id" : 340052,
    "title" : "Solitude of One Divided by 880,000",
    "overview" : "A lonely man in Tokyo. Friendly gestures from strangers and sudden encounters with old friends are the only pillars available for the man about to slip into the abyss of absolute loneliness.",
    "genres" : [ ]
  } ]
}