{
  "movies" : [ {
    "id" : 233467,
    "title" : "Dr. Dre & Snoop Dogg Live at Coachella",
    "overview" : "Dr. Dre &amp; Snoop Dogg Live at Coachella 2012",
    "genres" : [ {
      "id" : 10402,
      "name" : "Music"
    } ]
  }, {
    "id" : 233472,
    "title" : "France at Work",
    "overview" : "1895 short film \"La France qui Travaille\" by the Lumière brothers.",
    "genres" : [ ]
  }, {
    "id" : 233482,
    "title" : "Tobias Dybvad: Sjov Mand - Klam Personlighed",
    "overview" : "",
    "genres" : [ {
      "id" : 35,
      "name" : "Comedy"
    } ]
  }, {
    "id" : 233487,
    "title" : "He Who Dares",
    "overview" : "On Christmas Eve a group of ruthless masked terrorists kidnap the Prime Ministers daughter, fortifying themselves in an underground car park rigged with explosives. Crack SAS operative Chris Lowe and his team are sent in and must take the building one level at a time. \"The Raid meets Die Hard\" in this explosive action thriller.",
    "genres" : [ {
      "id" : 28,
      "name" : "Action"
    } ]
  }, {
    "id" : 233492,
    "title" : "Shojo Sei No Mezame",
    "overview" : "Pinku from 1969.",
    "genres" : [ ]
  }, {
    "id" : 233502,
    "title" : "Kôshoku kinchaku kiri no onna",
    "overview" : "Pinku from 1969.",
    "genres" : [ ]
  }, {
    "id" : 233507,
    "title" : "Smoke & Suck",
    "overview" : "Luscious lipsticked lips - Sexy cigarette smoking mouths - Warm wet blowjobs! 5 hot scenes with 5 smoking, sucking bad girls... Who have some serious oral fixations! Chicks smoking cigarettes is hot! Chicks sucking cock is hot! Combine both and you've got some ultra hot XXX oral action!",
    "genres" : [ ]
  }, {
    "id" : 233512,
    "title" : "Onna Gokudou Iroyoku Ichidai",
    "overview" : "Pinku from 1969.",
    "genres" : [ ]
  }, {
    "id" : 233517,
    "title" : "Sex Turnover",
    "overview" : "Pinku from 1969.",
    "genres" : [ ]
  }, {
    "id" : 233522,
    "title" : "Seiki",
    "overview" : "Pinku from 1969.",
    "genres" : [ ]
  }, {
    "id" : 233527,
    "title" : "André van Duin - Ja Hoor Daar Is Ie Weer!",
    "overview" : "",
    "genres" : [ {
      "id" : 35,
      "name" : "Comedy"
    } ]
  }, {
    "id" : 233542,
    "title" : "A Dinner of Herbs",
    "overview" : "Filmed on location in the North of England, A Dinner of Herbs is a film based on Catherine Cookson's novel about hardship, betrayal and family life in a 19th century working class town. Roddy and Hal have been friends since childhood, but their closeness is strengthened by the murder of their fathers by the same man. Mary Ellen is also in their circle of friends, but when she is rejected by Roddy after an affair that leaves her pregnant, she turns to Hal for security. Their lives spiral into an explosive and dramatic conclusion.",
    "genres" : [ ]
  }, {
    "id" : 233547,
    "title" : "The Moth",
    "overview" : "This 1940s drama presents a story of class conflict and its influence on romance. Robert Bradley leaves the shipyards to work in his uncle's furniture business but soon finds himself at odds with the old man. So he becomes a servant for the destructive Thormans, and falls for the lady of the house, Sarah. But in 1913 this upstairs/downstairs romance can only lead to disaster.",
    "genres" : [ {
      "id" : 18,
      "name" : "Drama"
    } ]
  }, {
    "id" : 233552,
    "title" : "The Glass Virgin",
    "overview" : "Set in 1870s England, the story tells of Annabella Lagrange and the terrible secret her wealthy parents have kept from her. When she finally learns the truth, she runs away and eventually finds solace in the company of her family's former groom, a young Irishman with the very Spanish name of Manuel Mendoza. Together they travel the Northumbria countryside from job to job in his horse and caravan, Annabella trapped in limbo between her upper class upbringing which has rejected her, and the working class who are sometimes suspicious of her, only Manuel understanding her situation.",
    "genres" : [ {
      "id" : 18,
      "name" : "Drama"
    }, {
      "id" : 10749,
      "name" : "Romance"
    } ]
  }, {
    "id" : 233557,
    "title" : "The Mallens",
    "overview" : "Adaptation of the Mallen series of novels by Catherine Cookson.",
    "genres" : [ ]
  }, {
    "id" : 233567,
    "title" : "Absolute Hell",
    "overview" : "Black comedy written by Rodney Ackland.",
    "genres" : [ ]
  }, {
    "id" : 233572,
    "title" : "Top Girls",
    "overview" : "Adaptation of the play by Caryl Churchill.",
    "genres" : [ ]
  }, {
    "id" : 233582,
    "title" : "The Maitlands",
    "overview" : "Family saga written by Ronald Mackenzie.",
    "genres" : [ ]
  }, {
    "id" : 233587,
    "title" : "A Summer Day's Dream",
    "overview" : "Adaptation of the play by J B Priestley.",
    "genres" : [ ]
  }, {
    "id" : 233592,
    "title" : "Cock Smokers 2",
    "overview" : "Cock Smokers 2",
    "genres" : [ ]
  }, {
    "id" : 233597,
    "title" : "Fightin' Jack",
    "overview" : "Jack is accused of horse stealing and trespassing after saving a girl from drowning.",
    "genres" : [ ]
  }, {
    "id" : 233602,
    "title" : "Bijo, Chijo, Majo",
    "overview" : "Pinku from 1970.",
    "genres" : [ ]
  }, {
    "id" : 233607,
    "title" : "Tsugaru Yomeko: Nippon porno Monogatari",
    "overview" : "Pinku from 1970.",
    "genres" : [ ]
  }, {
    "id" : 233612,
    "title" : "Oiroke Fujin Furo",
    "overview" : "Pinku from 1970.",
    "genres" : [ ]
  }, {
    "id" : 233622,
    "title" : "Mischa Elman",
    "overview" : "Violinist Mischa Elman performs a set of two of the most recognizable popular classic violin pieces: \"Humoresque\" composed by Antonín Dvorák, and \"Gavotte\" by François-Joseph Gossec. He is accompanied off screen by pianist Josef Bonime, although Bonime's instrument can be seen in the background behind Elman on screen. In one continuous single shot, the stationary camera focuses in squarely on Elman as he performs the two pieces.",
    "genres" : [ ]
  }, {
    "id" : 233627,
    "title" : "Majo-gari",
    "overview" : "Pinku from 1970.",
    "genres" : [ ]
  }, {
    "id" : 233632,
    "title" : "Whispering Whiskers",
    "overview" : "Billy Bevan and Andy Clyde are hobos who happen upon a train and are hired as cooks.",
    "genres" : [ ]
  }, {
    "id" : 233642,
    "title" : "A Preferred List",
    "overview" : "Leigh Jason directed short film that was nominated for an Academy Award for Best Short Subject, Comedy.",
    "genres" : [ ]
  }, {
    "id" : 233647,
    "title" : "Confessions of a Pillow Geisha: Bedroom Techniques",
    "overview" : "Pinku from 1971.",
    "genres" : [ ]
  }, {
    "id" : 233657,
    "title" : "Seeing the World",
    "overview" : "In this Our Gang film, James Finlayson plays the gang's schoolteacher who takes the kids to Europe after winning a local contest. He takes them on a tour of Naples, Pompeii, Rome, the Vatican, Venice, London, and finally Paris, where problems arise on top of the Eiffel Tower.",
    "genres" : [ {
      "id" : 35,
      "name" : "Comedy"
    } ]
  }, {
    "id" : 233662,
    "title" : "Holiday Land",
    "overview" : "Scrappy does not want to get up and go to school. As the days peel off his calendar, the dates representing holidays come to life. Father time, in particular, takes Scrappy on a tour of the other holidays, stopping at dioramas representing Christmas, New Year's, Easter, and taking some eggs from Easter over to the feasts of Thanksgiving. Then he wakes up, and has to hurry to get to school on time.",
    "genres" : [ {
      "id" : 10402,
      "name" : "Music"
    }, {
      "id" : 16,
      "name" : "Animation"
    } ]
  }, {
    "id" : 233677,
    "title" : "Stryta",
    "overview" : "Icelandic short film.",
    "genres" : [ ]
  }, {
    "id" : 233682,
    "title" : "Maruhi Toruko: Misshitsu no Engi",
    "overview" : "Pinku from 1971.",
    "genres" : [ ]
  }, {
    "id" : 233687,
    "title" : "Arthurs Quest",
    "overview" : "To escape the clutches of the evil warrior and sorceress Morgana, Merlin transports young King Arthur into modern day America. When Merlin comes back ten years later to retrieve him, he finds a hip 15 year-old Arthur who does not believe Merlin, nor does he want to return to the past. Merlin must convince Arthur of his true identity, before Morgana can retrieve Excalibur and allow the Dark Forces to take over the world.",
    "genres" : [ {
      "id" : 28,
      "name" : "Action"
    }, {
      "id" : 10751,
      "name" : "Family"
    } ]
  }, {
    "id" : 233697,
    "title" : "Nedoko-tsuma",
    "overview" : "Pinku from 1971.",
    "genres" : [ ]
  }, {
    "id" : 233707,
    "title" : "Baby Brother",
    "overview" : "Joe Cobb is a wealthy child who longs for a baby brother. His nursemaid takes him to the other side where he meets some kids his age (the rest of Our Gang) where Joe offers three dollars for a baby. Farina finds a fellow African-American neighbor woman who lets him mind her infant which he then paints white and sells to Joe. The rest of the gang has set an assembly-line system that washes, dries, rocks, and feeds male and female babies.",
    "genres" : [ ]
  }, {
    "id" : 233742,
    "title" : "Make Deadshits History: Live at Pentridge",
    "overview" : "In April 2009, Chopper broke back into Pentridge Prison, and this time there was no screws, no curfews and no bars to hold him back. In a case of art imitating life intimidating art with a blow torch and bolt cutters, Heath Franklin briought his much loved comedy character ‘Chopper’ to the halls of D-Division to record a DVD of his sell out national tour - Make Deadshits History. Packed with f#ck-tons of deleted and extended scenes, behind the scenes stabbings and muggings, and more moustache than you can poke a stick at. So sharpen your toothbrush, grab your gang and sentence yourself to a night of laughter without parole, and be the fi rst to grab a copy of- Heath Franklin’s Chopper in Make Deadshits History: Live at Pentridge.",
    "genres" : [ {
      "id" : 35,
      "name" : "Comedy"
    } ]
  }, {
    "id" : 233752,
    "title" : "Macbeth",
    "overview" : "An adaptation of Shakespeare's play.",
    "genres" : [ {
      "id" : 18,
      "name" : "Drama"
    } ]
  }, {
    "id" : 233762,
    "title" : "Loose Change",
    "overview" : "LOOSE CHANGE - starring Jack Duffy and Neal Burns, with Lorriane Eddy, Winnie Law, and Glen Cavender. A young woman decides to vamp her friend's husbands visiting Scottish uncle, but her scheme to trick him into marrying him backfires when her own husband catches on.",
    "genres" : [ ]
  }, {
    "id" : 233767,
    "title" : "The Rainbow",
    "overview" : "Adaptation of DH Lawrence's novel.  Ursula Brangwen (Stubbs) is the beautiful, naive daughter of a wealthy country squire, one of five children living in the Nottinghamshire mining heartland at the turn of the century. From wide-eyed sixteen-year-old to fully grown woman, the drama follows Ursula through the trials and tribulations of her burgeoning personal relationships in her quest to find fulfilment for her developing passionate and sensual nature.",
    "genres" : [ {
      "id" : 18,
      "name" : "Drama"
    } ]
  }, {
    "id" : 233787,
    "title" : "The Five Locust Sisters",
    "overview" : "The title performers (four singers and a pianist) perform two popular songs.",
    "genres" : [ ]
  }, {
    "id" : 233792,
    "title" : "La gata",
    "overview" : "In a farm dedicated to breeding bulls, bound for bullfighting, a love story emerges conditioned by social class difference. Man belongs to the family of farmers, women and rural workers.",
    "genres" : [ ]
  }, {
    "id" : 233802,
    "title" : "Mord nach Zahlen",
    "overview" : "",
    "genres" : [ {
      "id" : 80,
      "name" : "Crime"
    }, {
      "id" : 35,
      "name" : "Comedy"
    } ]
  }, {
    "id" : 233807,
    "title" : "Fla x Flu - 40 Minutos Antes do Nada",
    "overview" : "",
    "genres" : [ {
      "id" : 99,
      "name" : "Documentary"
    } ]
  }, {
    "id" : 233812,
    "title" : "Vagas para Moças de Fino Trato",
    "overview" : "",
    "genres" : [ ]
  }, {
    "id" : 233817,
    "title" : "Alpine Antics",
    "overview" : "Oswald and his dog go up the mountains to rescue a pussycat dangling from a ridge.",
    "genres" : [ ]
  }, {
    "id" : 233822,
    "title" : "Os Rapazes da Difícil Vida Fácil",
    "overview" : "",
    "genres" : [ ]
  }, {
    "id" : 233827,
    "title" : "Guns of the Pecos",
    "overview" : "A singing cowboy (Dick Foran) thwarts a thieving judge and courts a woman (Anne Nagel) in Texas.",
    "genres" : [ {
      "id" : 37,
      "name" : "Western"
    } ]
  }, {
    "id" : 233832,
    "title" : "The Installment Collector",
    "overview" : "25 years prior to appearing on Goodson-Todman game shows, and 5 years prior to the premiere of his long-running radio show, Fred Allen starred in this unremarkable one-reeler most likely shot in the Kaufman-Astoria studios in New York. The early sound era was full of one-shot comedy shorts provided by virtually every vaudeville entertainer of the day. This is Fred Allen's first on-screen appearance.",
    "genres" : [ ]
  }, {
    "id" : 233837,
    "title" : "Crackheads",
    "overview" : "Four unlikely friends, connected through social football, fall victim to methamphetamine addiction. Acting as the catalyst, the drug sends them on a disastrous, yet hilarious roller-coaster ride that will change their lives forever.",
    "genres" : [ {
      "id" : 35,
      "name" : "Comedy"
    }, {
      "id" : 18,
      "name" : "Drama"
    } ]
  }, {
    "id" : 233842,
    "title" : "Bunshinsaba 2",
    "overview" : "A group of friends go through a series of horrifying events. A suicide that occurred two years earlier is revealed.",
    "genres" : [ {
      "id" : 27,
      "name" : "Horror"
    }, {
      "id" : 53,
      "name" : "Thriller"
    } ]
  }, {
    "id" : 233847,
    "title" : "Little Mother",
    "overview" : "Little Mother is a 1929 Our Gang short silent comedy film directed by Robert F. McGowan. Produced by Hal Roach and released to theaters by Metro-Goldwyn-Mayer, Little Mother was the 87th Our Gang short to be released. A silent film, it followed Our Gang's first sound film, Small Talk, on the release schedule.",
    "genres" : [ ]
  }, {
    "id" : 233882,
    "title" : "Jazz a Porquerolles",
    "overview" : "",
    "genres" : [ {
      "id" : 10402,
      "name" : "Music"
    } ]
  }, {
    "id" : 233887,
    "title" : "Piove sul bagnato",
    "overview" : "",
    "genres" : [ {
      "id" : 35,
      "name" : "Comedy"
    } ]
  }, {
    "id" : 233892,
    "title" : "Gåte - Liva",
    "overview" : "Liva is the first live DVD released by the Norwegian band Gåte, and was recorded on December 30, 2005 at Rockefeller Music Hall, Oslo, Norway.",
    "genres" : [ {
      "id" : 10402,
      "name" : "Music"
    } ]
  }, {
    "id" : 233897,
    "title" : "The Horrible Obsessions",
    "overview" : "Pinku from 1972.",
    "genres" : [ ]
  }, {
    "id" : 233912,
    "title" : "Ichiyazuma no Negoto",
    "overview" : "Pinku from 1972.",
    "genres" : [ ]
  }, {
    "id" : 233917,
    "title" : "Kalevala - Uusi aika",
    "overview" : "A story based on the Finnish national epic Kalevala.",
    "genres" : [ {
      "id" : 36,
      "name" : "History"
    } ]
  }, {
    "id" : 233922,
    "title" : "Edo Beauty: Feast of Lust",
    "overview" : "Pinku from 1972.",
    "genres" : [ ]
  }, {
    "id" : 233932,
    "title" : "August: Scent of Eros",
    "overview" : "Pinku from 1972.",
    "genres" : [ ]
  }, {
    "id" : 233937,
    "title" : "Tit for Tat",
    "overview" : "Pinku from 1972.",
    "genres" : [ ]
  }, {
    "id" : 233947,
    "title" : "Night Spot: Drifting Flower",
    "overview" : "",
    "genres" : [ ]
  }, {
    "id" : 233957,
    "title" : "Warmth of Love",
    "overview" : "Pinku from 1972.",
    "genres" : [ ]
  }, {
    "id" : 233967,
    "title" : "She-Beasts, Warm Bodies",
    "overview" : "Pinku from 1972.",
    "genres" : [ ]
  }, {
    "id" : 233972,
    "title" : "Yamekraw",
    "overview" : "In a wordless story with semi-surreal stage sets, a poor black man ventures from his ramshackle rural home to the big city, where a dancing girl in a dive two-times him. He returns to his home and wife's arms.",
    "genres" : [ ]
  }, {
    "id" : 233977,
    "title" : "Affair at Twilight",
    "overview" : "Reyko the housewife is sleeping with a sadistic thug that looks more interesting then her husband. One of her husband's pals sees the illicit couple, the thug tries to kill him, he stabs the husband instead, the thug gets arrested, the husband goes insane, and the housewife is left alone and wondering why she did what she did.",
    "genres" : [ ]
  }, {
    "id" : 233987,
    "title" : "Kanto County Sex Unit",
    "overview" : "Pinku from 1973.",
    "genres" : [ ]
  }, {
    "id" : 233992,
    "title" : "Beaver People",
    "overview" : "A short silent film about famous conservationist Grey Owl (born Archibald Belaney) and his wife, Angele Egwuna, who had a special talent for interacting with beavers. Note: The beavers in the film may be Grey Owl's pets, Jellyroll and Rawhide.",
    "genres" : [ ]
  }, {
    "id" : 233997,
    "title" : "The Apache Kid",
    "overview" : "Krazy and his girlfriend are dancing at a nightclub. In the blink of an eye, the girl gets kidnapped by a hoodlum on a horse.",
    "genres" : [ ]
  }, {
    "id" : 234002,
    "title" : "Female Teacher: Sweet Life",
    "overview" : "Pinku from 1973.",
    "genres" : [ ]
  }, {
    "id" : 234007,
    "title" : "Sigh",
    "overview" : "Pinku from 1973.",
    "genres" : [ ]
  }, {
    "id" : 234017,
    "title" : "Seigôretsuden: Yoru no hinba narashi",
    "overview" : "Pinku from 1973.",
    "genres" : [ ]
  }, {
    "id" : 234027,
    "title" : "Экстримальные старушки: Жёсткая езда старых кобыл",
    "overview" : "",
    "genres" : [ ]
  }, {
    "id" : 234032,
    "title" : "Dokyumento poruno: Zoku chikan",
    "overview" : "Pinku from 1973.",
    "genres" : [ ]
  }, {
    "id" : 234042,
    "title" : "Mano a mano",
    "overview" : "Carlos Gardel sing his hit song \"Mano a mano\".",
    "genres" : [ ]
  }, {
    "id" : 234052,
    "title" : "Kaikan wa sex kara",
    "overview" : "Pinku from 1973.",
    "genres" : [ ]
  }, {
    "id" : 234057,
    "title" : "Tengo miedo",
    "overview" : "Carlos Gardel sing his hit song \"Tengo miedo\".",
    "genres" : [ ]
  }, {
    "id" : 234062,
    "title" : "Sukeban jokôsei: Nikutai bôryoku",
    "overview" : "Pinku from 1973.",
    "genres" : [ ]
  }, {
    "id" : 234067,
    "title" : "Lipsett Diaries",
    "overview" : "A descent into the maelstrom of anguish that tormented Arthur Lipsett, a famed Canadian experimental filmmaker who died at 49. A diary transmuted into a clash of images and sounds charting a prodigious frenzy of creation, a tableau depicting an artist’s dizzying descent into depression and madness: with LIPSETT DIARIES, Theodore Ushev renews his filmmaking aesthetic and explores what happens when genius is on a first-name basis with madness.",
    "genres" : [ {
      "id" : 16,
      "name" : "Animation"
    } ]
  }, {
    "id" : 234072,
    "title" : "Apartment Wife: Scent of a Woman",
    "overview" : "Pinku from 1973.",
    "genres" : [ ]
  }, {
    "id" : 234077,
    "title" : "Apartment Wife: Night of Pleasure",
    "overview" : "Pinku from 1973.",
    "genres" : [ ]
  }, {
    "id" : 234082,
    "title" : "The Banker's Daughter",
    "overview" : "Oswald is fired from his job as a limousine driver for flirting with the boss' daughter. But when the boss' bank is robbed by Pete, it's Oswald to the rescue!",
    "genres" : [ {
      "id" : 16,
      "name" : "Animation"
    } ]
  }, {
    "id" : 234087,
    "title" : "Foolish Hearts",
    "overview" : "A little entry from the RKO shorts department serving also as an audition-type (stick 'em in one of these and see if they appeal to a real audience, and make a buck or two at the same time)film for studio contractees and budding starlets. And, surrounded and supported by veteran character actors, such as Jack Norton, Jack Rice and Harrison Green, the likes of Tony Martin, Phyllis Brooks and Lucille Ball usually looked pretty good. And soon made for themselves, with studio help, rather nice Hollywood careers.",
    "genres" : [ {
      "id" : 35,
      "name" : "Comedy"
    } ]
  }, {
    "id" : 234102,
    "title" : "Mörderisches Wespennest",
    "overview" : "",
    "genres" : [ {
      "id" : 80,
      "name" : "Crime"
    }, {
      "id" : 35,
      "name" : "Comedy"
    }, {
      "id" : 10770,
      "name" : "TV Movie"
    } ]
  }, {
    "id" : 234112,
    "title" : "Romance Road",
    "overview" : "A RCMP sergeant must mediate a land rights dispute between an advancing railroad construction gang and French Canadian trappers in the rugged Northwest Territory of Canada.",
    "genres" : [ {
      "id" : 12,
      "name" : "Adventure"
    }, {
      "id" : 10402,
      "name" : "Music"
    }, {
      "id" : 10749,
      "name" : "Romance"
    }, {
      "id" : 37,
      "name" : "Western"
    } ]
  }, {
    "id" : 234147,
    "title" : "This Is My Street",
    "overview" : "A bored housewife has an affair with her mother's lodger.",
    "genres" : [ {
      "id" : 18,
      "name" : "Drama"
    } ]
  }, {
    "id" : 234157,
    "title" : "Mechanical Marvels: Clockwork Dreams",
    "overview" : "Documentary presented by Professor Simon Schaffer which charts the amazing and untold story of automata - extraordinary clockwork machines designed hundreds of years ago to mimic and recreate life.  The film brings the past to life in vivid detail as we see how and why these masterpieces were built. Travelling around Europe, Simon uncovers the history of these machines and shows us some of the most spectacular examples, from an entire working automaton city to a small boy who can be programmed to write and even a device that can play chess. All the machines Simon visits show a level of technical sophistication and ambition that still amazes today.",
    "genres" : [ {
      "id" : 99,
      "name" : "Documentary"
    } ]
  }, {
    "id" : 234162,
    "title" : "The Medicine Seller",
    "overview" : "A farmaceutical salesman is involved in the spiral of corruption in the medical assistance of the welfare state system.",
    "genres" : [ {
      "id" : 18,
      "name" : "Drama"
    } ]
  }, {
    "id" : 234167,
    "title" : "Lipstick on Your Collar",
    "overview" : "Musical black comedy set during the Suez Crisis, written by Dennis Potter.",
    "genres" : [ ]
  }, {
    "id" : 234182,
    "title" : "Tender is the Night",
    "overview" : "Mini-series by Dennis Potter, based on the novel by F Scott Fitzgerald.",
    "genres" : [ {
      "id" : 18,
      "name" : "Drama"
    } ]
  }, {
    "id" : 234197,
    "title" : "Bypass",
    "overview" : "Tim has no job, but Tim ‘works’, selling stolen goods...In the face of mounting internal and external pressure, how far will he go to keep his head above water and protect those he loves?",
    "genres" : [ {
      "id" : 18,
      "name" : "Drama"
    }, {
      "id" : 53,
      "name" : "Thriller"
    } ]
  }, {
    "id" : 234202,
    "title" : "The Inner Jungle",
    "overview" : "Before embarking on a long scientific expedition to the Pacific, Juan takes his girlfriend Gala to the town where he spent his childhood. During the visit, the couple talk about future plans and deep differences emerge. Five months later, when John returns home, he discovers that his life is about to change forever",
    "genres" : [ {
      "id" : 18,
      "name" : "Drama"
    } ]
  }, {
    "id" : 234207,
    "title" : "Love Me Forever",
    "overview" : "A man who loves an aspiring opera singer is prepared to sacrifice everything to help her with her career, even though he knows she doesn't love him.",
    "genres" : [ {
      "id" : 18,
      "name" : "Drama"
    }, {
      "id" : 10402,
      "name" : "Music"
    }, {
      "id" : 10749,
      "name" : "Romance"
    } ]
  }, {
    "id" : 234212,
    "title" : "Demonic",
    "overview" : "A police officer and a psychologist investigate the deaths of five people who were killed while trying to summon ghosts.",
    "genres" : [ {
      "id" : 53,
      "name" : "Thriller"
    }, {
      "id" : 27,
      "name" : "Horror"
    } ]
  }, {
    "id" : 234227,
    "title" : "Long Arm of the Law IV: Underground Express",
    "overview" : "The final entry in Michael and Johnny Mak's Long Arm of the Law series, Underground Express once again tells a story of gangsters versus police, focusing on the difference between how both factions act depending if they're coming from Hong Kong or Mainland China. There's some decent action that delivers a high body count, but the rushed production and editing that was obviously and clumsily done to avoid a Category III rating regulates this to being just another average Hong Kong cops and robbers flick.",
    "genres" : [ {
      "id" : 10769,
      "name" : "Foreign"
    }, {
      "id" : 28,
      "name" : "Action"
    }, {
      "id" : 80,
      "name" : "Crime"
    } ]
  }, {
    "id" : 234232,
    "title" : "Empty Quarter",
    "overview" : "A brooding, deceptively rich series of near-static shots of farms, factories, townscapes, and—in dispassionate middle distance—people going about their mundane daily tasks in sparsely populated southeastern Oregon.",
    "genres" : [ {
      "id" : 99,
      "name" : "Documentary"
    } ]
  }, {
    "id" : 234252,
    "title" : "A Filha do Advogado",
    "overview" : "In Recife, Dr. Paulo is an important lawyer that has a daughter, Heloísa, with his paramour and living in the country. A few days before traveling to Europe, Dr. Paulo asks to a close friend to bring Heloísa to Recife. Meanwhile, his bohemian and irresponsible son Helvécio meets Heloísa, and without knowing that she is his sister, he tries to rape her, and she kills him. Heloísa is arrested and goes to trial without any evidence to prove that she self-defended her honor.",
    "genres" : [ {
      "id" : 18,
      "name" : "Drama"
    } ]
  }, {
    "id" : 234262,
    "title" : "The Claw",
    "overview" : "Based on the 1911 novel by Cynthia Stockley, this is the story of Dierdre Saurin (Claire Windsor), whose infatuation with Major Kinsella (Arthur Edmund Carewe) takes her to Africa where native uprisings and the jealous connivings of Maurice Stair (Norman Kerry) await her.",
    "genres" : [ ]
  }, {
    "id" : 234267,
    "title" : "The Monkey Talks",
    "overview" : "In 1927 Olive Borden starred in Fox drama The Monkey Talks directed by Raoul Walsh. She played a circus performer who meets a man pretending to be a talking monkey.",
    "genres" : [ ]
  }, {
    "id" : 234272,
    "title" : "Ruk Aiy",
    "overview" : "Ruk aiy. A love story starring by 'Ning' Kullasatree and Rawich Terdwong.",
    "genres" : [ {
      "id" : 18,
      "name" : "Drama"
    } ]
  } ]
}