{
  "movies" : [ {
    "id" : 299717,
    "title" : "Spongebob Squarepants: The Great Patty Caper",
    "overview" : "Tired of Plankton always trying to steal his Krabby Patty recipe, Mr. Krabs sends it to be safely stored in a bank in Way Far-Out Townville on the other side of the ocean. But now he can't remember what goes into making the perfect patty! Spongebob and Patrick get on a train to retrieve the Krabby Patty recipe-and so does Plankton! Will our heroic duo get to the recipe before Plankton does? Find out in this action-packed story!",
    "genres" : [ {
      "id" : 16,
      "name" : "Animation"
    } ]
  }, {
    "id" : 299722,
    "title" : "Teleco e Teco a Animação",
    "overview" : "",
    "genres" : [ {
      "id" : 16,
      "name" : "Animation"
    } ]
  }, {
    "id" : 299727,
    "title" : "Joe Cocker:  Respect Yourself",
    "overview" : "Shot in Cologne, Germany, the Respect Yourself DVD features one of the true great rock voices of all time delivering an outstanding live performance. Set in an intimate setting at the Limelight club, Cocker performs songs from his 2002 studio album \"Respect Yourself\", which is included in this amazing Special Edition. The DVD also includes an up close and personal interview with Joe Cocker himself.",
    "genres" : [ {
      "id" : 99,
      "name" : "Documentary"
    }, {
      "id" : 10402,
      "name" : "Music"
    } ]
  }, {
    "id" : 299732,
    "title" : "Hit Favorites: Preschool Fun",
    "overview" : "A is for adventure with your favorite preschool friends! Jump on the learning track because Thomas, Barney, and all of their friends are waiting for you to join in the excitement. Create a dance-tastic school poster with Angelina Ballerina and then build a pirate ship with Bob the Builder. Don't forget your rescue hat because Fireman Sam needs help saving the school bus. With these fun- filled adventures, discover that playtime can be learning time for the whole family!",
    "genres" : [ ]
  }, {
    "id" : 299737,
    "title" : "Innards",
    "overview" : "Two co-workers eat some contaminated apples. At dinner, a couple of nights later, they discover a truth more bizarre and horrifying than they could ever have imagined.",
    "genres" : [ {
      "id" : 18,
      "name" : "Drama"
    }, {
      "id" : 27,
      "name" : "Horror"
    } ]
  }, {
    "id" : 299742,
    "title" : "WWE: Macho Madness - The Randy Savage Ultimate Collection Vol. 2",
    "overview" : "Randy Savage was one of the most controversial Superstars in the history of sports entertainment; the Macho Man brought a chaotic poetry to the ring. He's widely considered one of the finest in-ring competitors of all time, and his interviews were always a sight to behold. MACHO MADNESS: THE RANDY SAVAGE ULTIMATE COLLECTION VOLUME 2 chronicles the formation and breakup of the MegaPowers with Hulk Hogan, the reign of the Macho King, Savage's second WWE Championship reign, and rivalries with Dusty Rhodes, Ultimate Warrior, and Jake Roberts.",
    "genres" : [ ]
  }, {
    "id" : 299747,
    "title" : "WWE: United We Slam - Best Of The Great American Bash (Volume 3)",
    "overview" : "One of sports-entertainment's most patriotic traditions, The Great American Bash brought excitement to fans of the NWA and WCW for over a decade. It featured legends like Sting, \"Nature Boy\" Ric Flair, \"The American Dream\" Dusty Rhodes, Hulk Hogan, \"Macho Man\" Randy Savage, the New World Order (nWo), the Road Warriors and more, competing for pride, honor and championship gold. This red, white and blue extravaganza always delivered the fireworks.",
    "genres" : [ ]
  }, {
    "id" : 299752,
    "title" : "Conditions",
    "overview" : "",
    "genres" : [ ]
  }, {
    "id" : 299757,
    "title" : "Ana Hakkı Ödenmez",
    "overview" : "",
    "genres" : [ {
      "id" : 18,
      "name" : "Drama"
    } ]
  }, {
    "id" : 299762,
    "title" : "Dracula: Das Musical",
    "overview" : "",
    "genres" : [ ]
  }, {
    "id" : 299772,
    "title" : "Biagio Antonacci - S.Siro 07",
    "overview" : "",
    "genres" : [ {
      "id" : 10402,
      "name" : "Music"
    } ]
  }, {
    "id" : 299782,
    "title" : "The Other Side of the Wind",
    "overview" : "Orson Welles' unfinished masterpiece, restored and assembled based on Welles' own notes. During the last 15 years of his life, Welles, who died in 1985, worked obsessively on the film, which chronicles a temperamental film director—much like him—who is battling with the Hollywood establishment to finish an iconoclastic work.",
    "genres" : [ {
      "id" : 35,
      "name" : "Comedy"
    }, {
      "id" : 18,
      "name" : "Drama"
    } ]
  }, {
    "id" : 299787,
    "title" : "The Ponder Heart",
    "overview" : "Uncle Daniel Ponder moves to give away his fortune, while his niece, Edna Earle, tries to tighten the reins on Daniel's generosity. After Daniel marries teenager Bonnie Dee Peacock, her death leads to Daniel's trial for murder",
    "genres" : [ {
      "id" : 18,
      "name" : "Drama"
    } ]
  }, {
    "id" : 299792,
    "title" : "Dynamite Man",
    "overview" : "Two brothers try to break free of the gang life, only to be attacked in retaliation for their decision. The younger brother is seriously burned and dying in a hospital, which drives his older brother to take vicious revenge.",
    "genres" : [ {
      "id" : 28,
      "name" : "Action"
    }, {
      "id" : 18,
      "name" : "Drama"
    } ]
  }, {
    "id" : 299797,
    "title" : "Un bon client",
    "overview" : "Alban is a businessman trying to get Eric to sign a contract and also having sex with anyone in skirts - his secretary Cathy Stewart and his wife Nicole Segaud for starters. He invites Eric to his home and also invites a call girl, Patricia Santos, along to entertain him, to the initial disgust of his wife. His wife retreats to the kitchen in a huff, but then discovers alban having his way with the call girl after Eric has finished with her. So his wife has her way with Eric. Then the secretary turns up and joins in. Eric is so pleased he signs the contract, resting the paperwork on her back.",
    "genres" : [ ]
  }, {
    "id" : 299802,
    "title" : "Summer of Evil",
    "overview" : "Version of Yotsuya Kaidan.",
    "genres" : [ {
      "id" : 27,
      "name" : "Horror"
    }, {
      "id" : 80,
      "name" : "Crime"
    }, {
      "id" : 18,
      "name" : "Drama"
    } ]
  }, {
    "id" : 299807,
    "title" : "The Swamp",
    "overview" : "Horror film directed by Eiichi Koishi.",
    "genres" : [ {
      "id" : 27,
      "name" : "Horror"
    } ]
  }, {
    "id" : 299817,
    "title" : "Hanoi: Winter 1946",
    "overview" : "A film about Hồ Chí Minh's attempt to negotiate peaceful autonomy from France in 1946.",
    "genres" : [ {
      "id" : 36,
      "name" : "History"
    } ]
  }, {
    "id" : 299822,
    "title" : "Zhongkui: Snow Girl and the Dark Crystal",
    "overview" : "The story of Chinese legendary anti-hero Zhong Kui, a young man endowed with mysterious powers who is forced into a battle among the realms of Heaven, Earth and Hell in the course of his attempt to save his countrymen and the woman he loves.",
    "genres" : [ {
      "id" : 28,
      "name" : "Action"
    }, {
      "id" : 14,
      "name" : "Fantasy"
    }, {
      "id" : 10749,
      "name" : "Romance"
    } ]
  }, {
    "id" : 299827,
    "title" : "Mozart's Cosi Fan Tutte",
    "overview" : "Dorothea Roeschmann, Katharina Kammerloher, Hanno Mueller-Brachmann, Werner Guera, Daniela Bruera, and Roman Trekel star in this 2002 Deutsche Staatsoper production of the Mozart opera conducted by Daniel Barenboim.",
    "genres" : [ {
      "id" : 10402,
      "name" : "Music"
    } ]
  }, {
    "id" : 299832,
    "title" : "No me quieras tanto",
    "overview" : "Feud between two rival gangsters over drug-sales turf.",
    "genres" : [ ]
  }, {
    "id" : 299837,
    "title" : "La petición",
    "overview" : "",
    "genres" : [ {
      "id" : 18,
      "name" : "Drama"
    } ]
  }, {
    "id" : 299847,
    "title" : "Confusi e felici",
    "overview" : "",
    "genres" : [ {
      "id" : 35,
      "name" : "Comedy"
    } ]
  }, {
    "id" : 299852,
    "title" : "Very Best of Foxy Lady",
    "overview" : "This compilation of their absolute best scenes is a film for the gourmet. German Bestseller from Teresa Orlowski",
    "genres" : [ ]
  }, {
    "id" : 299857,
    "title" : "My Sister Seka",
    "overview" : "What more could be said about the Platinum Princess of Porn? For her millions of devoted fans, every adjective has been used to describe her delectable breasts, her magnificent body, and her fiery brand of sexuality. In the business where performers come and go, SEKA has proven to be the all-time champion of erotica. Passionate, and yet always aloof, she's a unique combination of Greta Garbo and Marilyn Monroe. You will love this collection of scenes that show SEKA at her hottest. Her scene with the legendary John Holmes is one you will not forget!",
    "genres" : [ ]
  }, {
    "id" : 299862,
    "title" : "Her Private Affair",
    "overview" : "A married society woman accidentally kills her would-be blackmailer and suffers a crisis of conscious when his disgruntled butler is charged with the crime. Even after his acquittal, however, the woman suffers guilt and paranoia.",
    "genres" : [ {
      "id" : 18,
      "name" : "Drama"
    } ]
  }, {
    "id" : 299867,
    "title" : "Blank",
    "overview" : "In this sensitive examination of the effects of Alzheimer's a home care assistant, Felicia, is charged with spending her days with Anna, an elderly woman suffering from dementia. When Anna's husband vanishes, Felicia dedicates herself to Anna, and like Anna, slowly loses all sense of time and self.",
    "genres" : [ {
      "id" : 18,
      "name" : "Drama"
    } ]
  }, {
    "id" : 299872,
    "title" : "Thomas & Friends – Aprendendo Com Thomas",
    "overview" : "",
    "genres" : [ {
      "id" : 16,
      "name" : "Animation"
    } ]
  }, {
    "id" : 299877,
    "title" : "Father Is a Dog",
    "overview" : "A father brings a 19-year-old Chinese boy to a house where he lives with his three sons. The father sleeps with the Chinese boy on the bed where their mother used to sleep. The father, Chinese boy and his three sons begin to live together. The father exploits the Chinese boy sexually and abuses his three sons. The three sons suddenly brings home a woman.",
    "genres" : [ ]
  }, {
    "id" : 299882,
    "title" : "Fireman Sam: Help Is Here!",
    "overview" : "See Fireman Sam in action in this thrilling collection of firefighting adventures! Join your pals, Fireman Sam, Norman, Mandy, and Radar as they make courageous rescues throughout the town of Pontypandy. Fireman Sam saves the supermarket on Fire Prevention Day, helps the rescue dogs find missing people, shares important safety tips, and makes a daring helicopter rescue in the midst of a forest fire. Fireman Sam is here to help you learn about fire safety, teamwork, and having fun with your friends.",
    "genres" : [ {
      "id" : 10751,
      "name" : "Family"
    } ]
  }, {
    "id" : 299887,
    "title" : "Accident in Park Road",
    "overview" : "A road safety awareness video aimed at schoolchildren.",
    "genres" : [ ]
  }, {
    "id" : 299892,
    "title" : "Magpie House",
    "overview" : "A flock of magpies fly through an open window into a bedroom leaving a wake of destruction and mayhem.",
    "genres" : [ ]
  }, {
    "id" : 299897,
    "title" : "Never Go with Strangers",
    "overview" : "An educational film warning children not to go with strangers.",
    "genres" : [ ]
  }, {
    "id" : 299902,
    "title" : "Big Ballin'",
    "overview" : "Kenny and Kevin Phillips just made it to college. The Dean lets them know that their father's tuition check has bounced and they're in jeopardy of being expelled. After stumbling into a dumped package of medical marijuana they start supplying stoners for the tuition money but end up getting carried away. The owner of the package wants his his stuff back, the campus police has gotten wind of their escapades, their tuition is past due, and their church going mother finds out what they're up to resulting in a hilarious comedy. In the tradition of Friday, Cheech and Chong and Harold and Kumar. Featuring television star Todd Bridges of Diff'rent Strokes and Everybody Hates Chris.",
    "genres" : [ ]
  }, {
    "id" : 299907,
    "title" : "Divorce: A Journey Through the Kids' Eyes",
    "overview" : "A powerful examination of the effects of divorce told by kids for kids that the whole family will benefit from. Witness testimonies as kids face the trauma, work through the pain, and learn to heal.",
    "genres" : [ ]
  }, {
    "id" : 299912,
    "title" : "Elephants in Frames",
    "overview" : "Two former photojournalists bring a large format camera to South-East Asia to portray Asian elephants living in captivity and to record their biographies. Ten years earlier, in 1999, they had spent months in a logging camp in a mountain range of western Burma. They go back to the same camp to find out whether the elephants they had filmed back in 1999 would still be there. After Burma, the photographers travel in three other Asian countries to determine how different cultures influence the fate of the animals and their future.",
    "genres" : [ ]
  }, {
    "id" : 299917,
    "title" : "Fountain of Dreams",
    "overview" : "A bold synchronization to the Transcendental music of Franz Liszt.",
    "genres" : [ ]
  }, {
    "id" : 299922,
    "title" : "Hello",
    "overview" : "When Max (Eric Stoltz), urged on by \"Risk Management,\" a self-help book for the hapless, decides to approach his fellow ferry-commuter Rory (Susanna Thompson), he hopes simply saying hello might change his life for the better. But Rory only accepts contact by contract. Max finds he can play along. As the two negotiate a whirlwind relationship on paper, Rory slowly lets down her guard; but when her unresolved personal life intervenes in the form of Donald (Kevin Tighe), Max must manage a little more risk than he bargained on.",
    "genres" : [ ]
  }, {
    "id" : 299927,
    "title" : "Autumn's Fall",
    "overview" : "Through a random series of events, a collection of bad decisions, and Eve Autumn's addictive personality she falls from her perch of opulence and riches to depravity and despair.",
    "genres" : [ ]
  }, {
    "id" : 299932,
    "title" : "Kate Nash",
    "overview" : "Kate Nash performing Kate Nash live at Metro Theatre, Sydney from August 2010.",
    "genres" : [ ]
  }, {
    "id" : 299937,
    "title" : "Murders of Hollywood",
    "overview" : "Sensational and shocking stories from Hollywood are not always fiction. Beyond anything a screenwriter could imagine, and with cast of famous stars and celebrities, this documentary goes behind the scenes to explore the real-life stories of murders in Hollywood. From the silent era to the present day, out-of-control passions, burning hatreds, and the driving greed for gain have pushed many of the rich and famous over the edge into violence - to commit bloody murder or end up as the victims of murder.",
    "genres" : [ ]
  }, {
    "id" : 299942,
    "title" : "Lots and Lots of Trucks: Hard Workin' Trucks",
    "overview" : "Hey good buddies, no matter what your age, if you love trucks we guarantee you'll love this jam-packed action sing-a-long new DVD, Lots &amp; Lots of Trucks : Hard Workin' Trucks! Its filled with lots and lots of construction trucks and ground-pounding, dirt-flying, close-up action! Plus, youll see trucks of every shape and size; there are so many trucks in this program youll hardly be able to count them all!",
    "genres" : [ ]
  }, {
    "id" : 299947,
    "title" : "PERSEVERANCE: The Story of Dr. Billy Taylor",
    "overview" : "Inspiring 52 minute biography of the turbulent life of All-American, University of Michigan running back, Billy Taylor.",
    "genres" : [ ]
  }, {
    "id" : 299952,
    "title" : "Hibana",
    "overview" : "A Documentary film about an American man that travels to the Dominican Republic. He does not know Spanish but is introduced to a Dominican woman and they fall for each other. They each have two children and now a new girl (Hibana) on the way. The audience learns the Dominican culture through following this very unique family as he learns Spanish and is introduced to an entire new way of life. She incorporates his Islamic faith with her beliefs and Catholic culture. The film has a dramatic twist that is sure to surprise all.",
    "genres" : [ ]
  }, {
    "id" : 299957,
    "title" : "Robin Hood III, Forever Enemies: An Animated Classic",
    "overview" : "Join Robin Hood on another adventure in this high quality animated feature for your kids and family. This time, Robin escapes the Sherwood forest fire and must confront the evil Baron and Count John.",
    "genres" : [ ]
  }, {
    "id" : 299962,
    "title" : "Solving The Inequality",
    "overview" : "Xpose The Gap is proud to announce the release of this innovative and captivating documentary, 'Solving the Inequality'. Solving the Inequality, a documentary by filmmaker, Jameel Pugh, and producer, Dr. Richard Callahan that tells the powerful story of Dr. Raj's remarkably effective strategy and techniques for transforming the academic outcomes of students in urban classrooms. Dr. Rajagopal determined to be the difference in the lives of these students, against all odds, he started the C.R.E.A.T.E Academy Instructional Model as a pilot program in 2011 to significantly raise the bar of achievement for the lowest performing incoming 9th Graders. \"I am launching a revolution to transform my urban school into a college-going powerhouse,\" says Dr. Rajagopal. In three years, C.R.E.A.T.E students have shown strong signs of growth in the classroom. A film of inspiration, hope and practical steps for teachers, parents and students faced with the inequalities of urban public education.",
    "genres" : [ ]
  }, {
    "id" : 299967,
    "title" : "The Milk Carton Kids: Live From Lincoln Theatre",
    "overview" : "On September 29, 2013, The Milk Carton Kids perform live from the Lincoln Theatre in Columbus, Ohio.",
    "genres" : [ ]
  }, {
    "id" : 299972,
    "title" : "To Pull A Stunt",
    "overview" : "Presented by: Genuine Gypsy Productions",
    "genres" : [ ]
  }, {
    "id" : 299977,
    "title" : "The Founders' Keeper",
    "overview" : "Sean Johnson (Shadner Ifrene), is a member of a fraternity and a serial killer, who is killing members of his own fraternity who do not adhere to the fraternity's guidelines. He is dating the woman of his dreams, Christina (Khalimah Gaston), who is also a member of a sorority. When Sean feels Christina's love for her sorority doesn't match the love he has for his fraternity, he decides to kill her, but there is a bump along the way. During the process, he finds out she is pregnant and is now torn between keeping her alive or finishing the job.",
    "genres" : [ ]
  }, {
    "id" : 299982,
    "title" : "Sarah & Suzanne",
    "overview" : "When Alabama's Sarah Patterson and Georgia's Suzanne Yoculan arrived on their respective campuses, both programs were on the verge of folding. The Crimson Tide and the Gym Dogs were having little success, and Patterson and Yoculan were brought in to help salvage what was left.",
    "genres" : [ ]
  }, {
    "id" : 299987,
    "title" : "A Tweet from Heaven",
    "overview" : "A 'Tweet from Heaven' is a touching faith-based film about a daughter's mistake and her father's and Father's (God) unwavering love and forgiveness. The story follows this family as they deals with their 19-year old daughter's (Stacey) sexual mis-conduct and disobedience with her 38-year fiance Tyrone who's holding onto a secret. Stacey's loyalty to Tyrone leaves an abortion as her only option and a decision that will affect this family for generations to come. But God intervenes and speaks to her concerning her unborn child. But the choice is still hers. Will Stacey's decision be a curse or a blessing, will she deny her faith, or will God get the Glory",
    "genres" : [ ]
  }, {
    "id" : 299992,
    "title" : "Amanda Palmer And The Grand Theft Orchestra",
    "overview" : "Amanda Palmer and The Grand Theft Orchestra performing live at Koko, London from October 2012.",
    "genres" : [ ]
  }, {
    "id" : 299997,
    "title" : "Bill Santiago: Pardon My Spanglish",
    "overview" : "It's been said Bill was born to Puerto Rican immigrants, which is technically untrue, as Puerto Ricans are US citizens, although he's got an uncle who was once deported to the Bronx. As a seasoned stand-up Comedian and now accomplished and published writer Bill Santiago takes a linguistic look at the New American language, \"Spanglish\" by dissecting words and sentences created through the fusion of two languages by the mere act of emotional intent or maybe just accident.",
    "genres" : [ ]
  }, {
    "id" : 300007,
    "title" : "There We Were, Now Here We Are... The Making of Oasis",
    "overview" : "A short documentary made for television that looks back on the development and rapid rise of Oasis from being a band practicing nightly in the Boardwalk to one the biggest British bands of the last thirty years. Building from the formation of the band (with Liam apparently just fed up waiting for other bands to release records and decides to do something himself), the film uses contributions from key people really well to tell the story in an engaging way.",
    "genres" : [ ]
  }, {
    "id" : 300012,
    "title" : "Buck Denver Asks: What's in the Bible? Volume 13 - God's Kingdom Comes!",
    "overview" : "Volume 13: God's Kingdom Comes! will take your family through the final books of the Bible - the General Epistles and Revelation! Learn more about what it means to be a follower of Jesus from the books of Hebrews and James, and then watch Buck Denver and friends learn about John's visions in Revelation and the coming kingdom of God!",
    "genres" : [ ]
  }, {
    "id" : 300017,
    "title" : "5",
    "overview" : "On a stakeout at an Atlanta warehouse, Detective Russell Harris (Victor Jones) and his partner, Detective David Jackson (Enoch King) are on a case that could make or break their careers. The target of the sting is Orlando Brown, the largest drug supplier on the east coast of the United States. As they move in to arrest Brown, the two detectives find themselves in the middle of a gunfight with Brown and his men. When the smoke clears, Brown is dead and Detective Harris is credited with getting a major drug dealer off the street as well as the largest drug bust in Atlanta history. 15 years later, Detective Harris is forced to face his past when Browns' daughter, Angel (Nikki Mynyon) who was 5 when her father was killed, kidnaps his daughter whose 5th birthday is just 17 hours away.",
    "genres" : [ ]
  }, {
    "id" : 300022,
    "title" : "Edgar Cayce of Hopkinsville, Kentucky",
    "overview" : "William T. Turner is a retired college professor with a Masters Degree in History. He has also been the official Hopkinsville-Christian County Historian for the past 30 years. His research of local history has developed into hundreds of topics that he shares with the community and the surrounding area and serves as a resource for researchers about Edgar Cayce from around the world.",
    "genres" : [ ]
  }, {
    "id" : 300027,
    "title" : "Gay Cuba",
    "overview" : "The 1959 revolution which gave Cuba its independence ushered in a new era of equality, blind to race and to gender - but not to sexual orientation. Military necessity and contemporary Stalinist ideology served only to reinforce long-held stereotypes detrimental to the integration of homosexuals into Cuba's perpetually reforming social structure.",
    "genres" : [ ]
  }, {
    "id" : 300032,
    "title" : "Bentornato Pinocchio",
    "overview" : "In its first part, the film does not follow a specific fable; follows rather a patchwork of stories of various characters. In fact, the film starts after the transformation of Pinocchio child. Geppetto in his workshop, remembers when Pinocchio was still wood",
    "genres" : [ {
      "id" : 16,
      "name" : "Animation"
    }, {
      "id" : 10751,
      "name" : "Family"
    } ]
  }, {
    "id" : 300037,
    "title" : "History's Greatest Secrets",
    "overview" : "Host William Devane guides a journey separating myth from reality about ancient stories. Did a group of rabbis actually find the Ark of the Covenant? Was The Tower of Babel smashed to bits by God? What have scientists found? What have recent archaeological digs uncovered about Sodom and Gomorrah? Examine new evidence about these and other ancient myths that just may be factual historical events.",
    "genres" : [ ]
  }, {
    "id" : 300047,
    "title" : "One Day in Africa",
    "overview" : "In Kenyan offices and Malian farms, in Moroccan tea houses and Nigerien huts normal people of various backgrounds go about their lives. On a single day at the messy juncture of tradition and modernity, six people from different geographic and cultural backgrounds describe six versions of the African story.",
    "genres" : [ ]
  }, {
    "id" : 300052,
    "title" : "Room to Breathe",
    "overview" : "Room To Breathe is a surprising story of transformation as struggling kids in a San Francisco public middle school are introduced to the practice of mindfulness meditation.",
    "genres" : [ ]
  }, {
    "id" : 300062,
    "title" : "The Last Christmas Party",
    "overview" : "During an overwhelming snowstorm, one New York family turns the camera in on themselves and their guests at their annual Christmas party. With a bare bones crew and hidden cameras, a moment in time in a city of complex people is captured and takes us into the hearts and lives of 122 of New York's bravest party guests. This is The Last Christmas Party.",
    "genres" : [ ]
  }, {
    "id" : 300067,
    "title" : "Kismet Diner",
    "overview" : "A shy young diner waitress entertains her patrons with her beautiful singing voice. One handsome patron appears oblivious to her music, much to her consternation. It is a light bulb moment and realisation that allows her to sing her way into his heart.",
    "genres" : [ {
      "id" : 10749,
      "name" : "Romance"
    } ]
  }, {
    "id" : 300072,
    "title" : "Bal paré",
    "overview" : "",
    "genres" : [ {
      "id" : 35,
      "name" : "Comedy"
    } ]
  }, {
    "id" : 300077,
    "title" : "Viel Lärm um Nixi",
    "overview" : "",
    "genres" : [ {
      "id" : 35,
      "name" : "Comedy"
    } ]
  }, {
    "id" : 300082,
    "title" : "Chasing the White Air",
    "overview" : "Chasing the White Air- This feel-good documentary takes the viewer on a visit to the world of competitive skiing and snowboard jumping and captures the emotion and adrenaline which these athletes seek. Set on the beautiful snow-covered Australian mountain, Mt Kosciusko, see international competitors sail off 92 foot jumps, traveling over 100 miles per hour, to display their amazing aerobatics.",
    "genres" : [ ]
  }, {
    "id" : 300087,
    "title" : "Burma's Saffron Revolution",
    "overview" : "Ashin Yevata, a humble monk from Burma (Myanmar), helped lead the massive protests that spread throughout the country calling for change. Burma is one of the poorest countries in the world, strangled by its own despotic government. Forced labor, torture and systematic genocide are practiced by the ruthless Junta. Ashin was able to escape to the Burma-Thai border, where thousands of Burmese refugees live in fear of deportation and at the will of a corrupt police. He gathered footage from what he and his friends had as well as what he could find on the news.",
    "genres" : [ {
      "id" : 99,
      "name" : "Documentary"
    } ]
  }, {
    "id" : 300092,
    "title" : "Rendezvous im Salzkammergut",
    "overview" : "",
    "genres" : [ {
      "id" : 35,
      "name" : "Comedy"
    }, {
      "id" : 10402,
      "name" : "Music"
    } ]
  }, {
    "id" : 300097,
    "title" : "Kätchen für alles",
    "overview" : "",
    "genres" : [ {
      "id" : 35,
      "name" : "Comedy"
    } ]
  }, {
    "id" : 300102,
    "title" : "Mordprozeß Dr. Jordan",
    "overview" : "",
    "genres" : [ {
      "id" : 18,
      "name" : "Drama"
    } ]
  }, {
    "id" : 300107,
    "title" : "Making Your Mark: The Snowboard Life of Mark McMorris",
    "overview" : "So how did a five-year-old kid from the flattest prairie region in Canada with the closest resort 8-hours away land the first ever backside triple cork 1440, win three X Games gold medals and just about every major snowboard competition by age 19? Director David Tindale reaches deep into the archives to bring you a story about an unlikely journey that begins in Regina, Saskatchewan with shotgun-blasting coach Russ Davies and brother Craig McMorris, and follows the good times and beautiful places Mark rides all over the world as he prepares for the biggest stage of all -- the Sochi 2014 Olympics. Making Your Mark: The Snowboard Life of Mark McMorris brings you a blueprint for making it big in snowboarding and in life with guest appearances and insights from Ryan Sheckler, Danny Davis, Jake Burton, Don and Cindy McMorris, Sal Masekela, Torstein Horgmo, and legend, Terje Haakonsen.",
    "genres" : [ {
      "id" : 99,
      "name" : "Documentary"
    } ]
  }, {
    "id" : 300112,
    "title" : "Playing God: Human Cloning",
    "overview" : "This documentary examines the ethical issues and scientific achievements surrounding this controversial topic. Are scientists playing god? Has science gone too far?",
    "genres" : [ ]
  }, {
    "id" : 300117,
    "title" : "The Color of Noise",
    "overview" : "The Color Of Noise  The Color of Noise is a full length documentary about the Artist Haze XXL (Tom Hazelmyer) and his notorious record label, Amphetamine Reptile Records. Throughout the 80's and 90's the label would achieve almost cult like status for being adventurous and daring in the midst of a time where \"safe\" punk rock would rule the airwaves with a newly accepted style of music by the mainstream college goers, Grunge. Though with AmRep, not only a roster of the most outrageous performers would find a home, but also a legion of poster artists who broke all of the rules. Armed with a computer and an aesthetic of bold imagery, an artist would emerge in Hazelmyer. This is an American mid-west story about a man who created his own path, far from the norm and how he brought along with him countless others who would achieve greatness by sheer proximity and participation. This is the true American underground.",
    "genres" : [ {
      "id" : 10402,
      "name" : "Music"
    }, {
      "id" : 99,
      "name" : "Documentary"
    } ]
  }, {
    "id" : 300122,
    "title" : "The Crash",
    "overview" : "Student Kate Harper returns home for the Christmas break and joins her boyfriend Tom,his brother Brian and friends Rachel,Leah,Ashley and Ethan to go to the pub in two cars. It is a rainy night and,in trying to overtake a lorry,Tom,followed by Ethan,causes a crash.",
    "genres" : [ {
      "id" : 18,
      "name" : "Drama"
    }, {
      "id" : 10770,
      "name" : "TV Movie"
    } ]
  }, {
    "id" : 300127,
    "title" : "Ghost Story: Passion in Fukagawa",
    "overview" : "Horror film directed by Minoru Inuzuka.",
    "genres" : [ {
      "id" : 27,
      "name" : "Horror"
    } ]
  }, {
    "id" : 300132,
    "title" : "Koukou",
    "overview" : "Vocal calisthenics and an ultra stunning example of the art of synchronisation.",
    "genres" : [ {
      "id" : 16,
      "name" : "Animation"
    } ]
  }, {
    "id" : 300137,
    "title" : "Recycled",
    "overview" : "An exhaustively created moving image mural of Beijing and her inhabitants, painstakingly extracted from an archive of half a million 35mm negatives.",
    "genres" : [ ]
  }, {
    "id" : 300142,
    "title" : "Ghost Tower",
    "overview" : "Horror film directed by Kôzô Saeki.",
    "genres" : [ {
      "id" : 10749,
      "name" : "Romance"
    }, {
      "id" : 80,
      "name" : "Crime"
    }, {
      "id" : 9648,
      "name" : "Mystery"
    } ]
  }, {
    "id" : 300147,
    "title" : "Buba Matti",
    "overview" : "The songs, except 'six' and'nmlim, are well-known songs, all new arrangements written especially for the album, which had already appeared when the previous albums, especially the album 'Another Side' is also dedicated to children's songs. When surprising and choose to add to the album the song \"My Second Childhood, one of the older songs and created complex. This song, and the entirety of songs like 'dog' or 'Maybe it's insulting, when appearances of adults indicate that when not perceive their children's work a separate genre of his work for adults. Indeed, even those who have already reached the age of six and six times more can enjoy without fear of diversity and fascinating album, containing new arrangements of familiar songs and favorite of Matthew.",
    "genres" : [ ]
  }, {
    "id" : 300152,
    "title" : "The Pay Train",
    "overview" : "Helen, overhearing Tony and his accomplices plotting to derail the pay train and steal its money, is thrown into a cattle car; grabbing a revolver which one of the men has dropped, she shoots the wire controlling the semaphore arm, which then swings up and flashes the danger flag, thus averting disaster in the nick of time.",
    "genres" : [ ]
  }, {
    "id" : 300157,
    "title" : "Grandma's Child",
    "overview" : "A mother comes to visit and see the child that the married couple has made up. A Bobby Ray comedy.",
    "genres" : [ ]
  }, {
    "id" : 300162,
    "title" : "Nadia",
    "overview" : "Nadia is a Malay film published in Malaysia in 1992. The film was published in the form of colour.Filem first film aired in 1992 in cinema throughout the country. Featuring HM Saukat, Julia Rais, Hani Mohsin, XPDC and many more.",
    "genres" : [ {
      "id" : 18,
      "name" : "Drama"
    }, {
      "id" : 10749,
      "name" : "Romance"
    } ]
  }, {
    "id" : 300167,
    "title" : "Rainbow's Children",
    "overview" : "Experimental animated short, winner of the Diploma D'Excellence Festival D'International Cinema Montreal. Original electronic score by Suzanne Ciani.",
    "genres" : [ {
      "id" : 16,
      "name" : "Animation"
    } ]
  }, {
    "id" : 300172,
    "title" : "Biri ve Diğerleri",
    "overview" : "",
    "genres" : [ ]
  }, {
    "id" : 300177,
    "title" : "Kehinde Wiley: An Economy of Grace",
    "overview" : "The movie follows Kehinde Hindley, an artist stepping out of his comfort zone and creating a series of paintings of women for the first time.",
    "genres" : [ ]
  }, {
    "id" : 300182,
    "title" : "Care Bears: Tell-Tale Tummies",
    "overview" : "Come along with the Care Bears™ for more friendship-filled adventures among the clouds and rainbows of Care-a-lot! Whether it's teaching Grumpy how to ride a bicycle or becoming detectives to help Grizzle find his missing best friend, the Care Bears discover the true meaning of teamwork. Along the way, they also learn how important it is to always tell friends the truth. So hop on your bicycle and join the care bears at Rainshine Meadow for eight enchanting tales of caring, sharing, and fun!",
    "genres" : [ ]
  }, {
    "id" : 300187,
    "title" : "One Christmas Eve",
    "overview" : "A series of mishaps threaten a recently divorced mom's attempts to make her two kids' first Christmas \"without dad\" perfect.",
    "genres" : [ {
      "id" : 35,
      "name" : "Comedy"
    }, {
      "id" : 18,
      "name" : "Drama"
    } ]
  }, {
    "id" : 300192,
    "title" : "lynda.com: Foundations Of Programming [object-oriented design]",
    "overview" : "Most modern programming languages, such as Java, C#, Ruby, and Python, are object-oriented languages, which help group individual bits of code into a complex and coherent application. However, object-orientation itself is not a language; it's simply a set of ideas and concepts.  Let Simon Allardice introduce you to the terms—words like abstraction, inheritance, polymorphism, subclass—and guide you through defining your requirements and identifying use cases for your program. The course also covers creating conceptual models of your program with design patterns, class and sequence diagrams, and unified modeling language (UML) tools, and then shows how to convert the diagrams into code.",
    "genres" : [ ]
  }, {
    "id" : 300197,
    "title" : "Felix ein Freund fürs Leben",
    "overview" : "",
    "genres" : [ {
      "id" : 18,
      "name" : "Drama"
    } ]
  }, {
    "id" : 300202,
    "title" : "Dames de Compagnie",
    "overview" : "Be prepared for one of the most mind-blowing sexperiences you have ever viewed! Philip, several gorgeous girls, and their mates, are all part of an outrageous sex club where everybody does everything to everyone - in every place! What ensues staggers the imagination. And there's only one word to describe it all - Sexrageous!",
    "genres" : [ ]
  }, {
    "id" : 300207,
    "title" : "My Auntie",
    "overview" : "7 yo Umur falls in love with his much older aunt in the midst of political upheaval and dysfunctions of his family.",
    "genres" : [ {
      "id" : 18,
      "name" : "Drama"
    } ]
  }, {
    "id" : 300212,
    "title" : "Cocoricó - Coleção Meu Querido Alípio",
    "overview" : "",
    "genres" : [ {
      "id" : 16,
      "name" : "Animation"
    } ]
  }, {
    "id" : 300217,
    "title" : "Fuzoku: The World Of Sex Entertainment In Japan",
    "overview" : "In Tokyo, three women take us through the discovery of fuzoku, the world of erotic entertainment in Japan. Yuna is an aspiring actress in hard-core films, Nao engages clients in hard-chats and Miho is a well-known striptease artist. We learn about their dreams, we follow them at work and during their free time, in host clubs where they drink and find escorts, and in nightclubs where shibari, the art of sadomasochistic binding, is practiced.",
    "genres" : [ {
      "id" : 99,
      "name" : "Documentary"
    } ]
  }, {
    "id" : 300222,
    "title" : "The Dude and the Burglars",
    "overview" : "Two burglars have just entered an elegant-looking home, but before they can proceed, the woman of the house enters the room. One of the burglars seizes her, but then her husband enters and gets her free of the burglar's grasp. But the husband did not notice the second burglar, who now comes to the aid of his partner - and a tense confrontation is about to begin.",
    "genres" : [ ]
  }, {
    "id" : 300227,
    "title" : "Das Zimmer",
    "overview" : "An arab immigrant, living in Berlin.",
    "genres" : [ ]
  }, {
    "id" : 300232,
    "title" : "Alexander the Great: An Animated Classic",
    "overview" : "Inspired by his mentor Aristotle, young Alexander wishes to become a hero like the legendary Achilles. When his father, King Philip, is killed by the wicked Emperor Darius, the young king assembles an army and sets out for revenge. Come join Alexander the Great on a journey full of epic battles where he learns that the value of forgiveness is more powerful than revenge.",
    "genres" : [ ]
  }, {
    "id" : 300237,
    "title" : "Cinderella and the Prince Charles: An Animated Classic",
    "overview" : "Relive the story of Cinderella in this high quality animated feature for your kids and family. Cinderella is in the hands of her cruel mother, but finds Prince Charles, and with him, lives happily ever after.",
    "genres" : [ ]
  }, {
    "id" : 300242,
    "title" : "Karyn Dolan - Life Of A Contactee",
    "overview" : "Karyn Dolan is host of the radio program, Through the Keyhole, on the Paranormal Radio Network since 2007. She served on the Board of Directors of the International UFO Congress in Laughlin, Nevada and has lectured at UFO and paranormal conferences around the US. Karyn has also written for Women of Esoterica and published articles in magazines such as The Spirit Diggers and Fate Magazine. This video was filmed at the \"Look To The Stars\" 2013 UFO Symposium, brought to you by Starworks USA. Karyn discusses her experiences with alien abduction and the reaction of her family, friends and colleagues.",
    "genres" : [ ]
  }, {
    "id" : 300247,
    "title" : "Beach Chair",
    "overview" : "A film representing the early efforts of Pixar to explore all elements of CG processes such as animation, shading, lighting, rendering and effects.",
    "genres" : [ {
      "id" : 16,
      "name" : "Animation"
    }, {
      "id" : 35,
      "name" : "Comedy"
    } ]
  } ]
}