{
  "movies" : [ {
    "id" : 117407,
    "title" : "They Call It Myanmar: Lifting the Curtain",
    "overview" : "Shot clandestinely over a two year period, this film provides a rare look into the second most isolated country on the planet held in a stasis by a brutal military regime for almost a half century. From over 100 interviews of people across Burma, including the recently released Aung San Suu Kyi, interwoven with stunning footage of Burmese life this documentary is truly unique.",
    "genres" : [ {
      "id" : 99,
      "name" : "Documentary"
    } ]
  }, {
    "id" : 117412,
    "title" : "Passing Fancy",
    "overview" : "Two Tokyo co-workers come across a destitute young lady in search of a place to live.",
    "genres" : [ {
      "id" : 35,
      "name" : "Comedy"
    }, {
      "id" : 18,
      "name" : "Drama"
    } ]
  }, {
    "id" : 117417,
    "title" : "Jayam Manade Raa",
    "overview" : "Jayam Manade Raa (Telugu: జయం మనదేరా) is a 2000 Tollywood film which was written and directed by N. Shankar. It starred Venkatesh and Soundarya in the lead roles. The film went on to be a big hit. Abhiram (Duggubati Venkatesh) is a fun loving guy staying with his parents in Jim Corbett. A bunch of 8 people won the contest of Thumps up, which gave them an opportunity to tour Jim Corbett National Park. Uma (Soundarya) is one of the contest winners. Abhiram likes Uma and acts as a tour companion for them during their stay in Jim Corbett National Park. A shy Uma could not express her love towards him so she leaves a message in Abhiram's answering machine. But Abhiram could not listen to the message at the right time.",
    "genres" : [ {
      "id" : 10751,
      "name" : "Family"
    }, {
      "id" : 18,
      "name" : "Drama"
    }, {
      "id" : 10769,
      "name" : "Foreign"
    } ]
  }, {
    "id" : 117422,
    "title" : "Make Way For A Lady",
    "overview" : "An imaginative teenager decides to play matchmaker for her widowed father. Director David Burton's 1936 comedy stars Herbert Marshall, Anne Shirley, Gertrude Michael, Margot Grahame, Clara Blandick, Frank Coghlan Jr., Willie Best and Maxine Jennings.",
    "genres" : [ {
      "id" : 35,
      "name" : "Comedy"
    } ]
  }, {
    "id" : 117432,
    "title" : "The Settlement",
    "overview" : "Dying is a lousy way to make a living",
    "genres" : [ ]
  }, {
    "id" : 117447,
    "title" : "Orkney Snork Nie 2",
    "overview" : "The second movie based on a South African sitcom by the same name.They celebrate their new found richness in style but soon lose more than they had won. Scam artists rob and deceive them.The mine fires them and their wives won't allow them to come home. They numerous trials and tribulations to get everything back to the way it was.",
    "genres" : [ {
      "id" : 35,
      "name" : "Comedy"
    } ]
  }, {
    "id" : 117452,
    "title" : "Tony 10",
    "overview" : "A family film which tells the unlikely and timeless story about almost ten year old Tony, whose father rises from being a crane driver to Secretary of State. As a result his parents get divorced and Tony does everything he can to bring them back together. He even calls in the help of the queen.",
    "genres" : [ {
      "id" : 10769,
      "name" : "Foreign"
    }, {
      "id" : 10751,
      "name" : "Family"
    } ]
  }, {
    "id" : 117457,
    "title" : "Salon Mexico",
    "overview" : "Mercedes (Marga Lopez) dances for money with the clients of Salon Mexico, a famous cabaret in Mexico City. Her younger sister Beatriz (Derbez) studies in an expensive private school, paid by Mercedes. Obviously, young Beatriz doesn't know about her sister's job. Troubles begin when Mercedes wins a danzon contest with Paco (Acosta), her pimp. Paco refuses to share the prize with Mercedes, so she steals the money when he's sleeping.",
    "genres" : [ {
      "id" : 18,
      "name" : "Drama"
    } ]
  }, {
    "id" : 117467,
    "title" : "Partly Sunny",
    "overview" : "Two young guys in a bar hit on the woman they fancy by sending one of them over who tells her that the other one is terminally ill...",
    "genres" : [ {
      "id" : 35,
      "name" : "Comedy"
    }, {
      "id" : 18,
      "name" : "Drama"
    }, {
      "id" : 10749,
      "name" : "Romance"
    } ]
  }, {
    "id" : 117472,
    "title" : "Dragnet Girl",
    "overview" : "Tokiko leads a double-life as an office typist and the mistress of a retired champion boxer and small-time ringleader named Jyoji. Hiroshi, a new recruit to the gang, hero worships Jyoji and neglects his studies. Hiroshi's sister Kazuko begs Jyoji to spare her brother from their shady dealings, but inadvertently casts a spell on Jyoji. After several reversals, Jyoji returns to Tokiko's arms. They decide to come clean, but not before pulling one last job to help Hiroshi and Kazuko.",
    "genres" : [ {
      "id" : 10749,
      "name" : "Romance"
    }, {
      "id" : 18,
      "name" : "Drama"
    }, {
      "id" : 80,
      "name" : "Crime"
    } ]
  }, {
    "id" : 117477,
    "title" : "Nice Time",
    "overview" : "A montage of the night-life of Piccadilly Circus across the hours, from early evening to the last lingering passers-by.",
    "genres" : [ {
      "id" : 99,
      "name" : "Documentary"
    } ]
  }, {
    "id" : 117482,
    "title" : "Enginemen",
    "overview" : "he working day of enginemen at Newton Heath locomotive sheds, Manchester. They discuss the impact of dieselisation on their jobs.",
    "genres" : [ {
      "id" : 99,
      "name" : "Documentary"
    } ]
  }, {
    "id" : 117487,
    "title" : "Wakefield Express",
    "overview" : "Documentary about the production of a small town weekly newspaper from reporting to printing.",
    "genres" : [ {
      "id" : 99,
      "name" : "Documentary"
    } ]
  }, {
    "id" : 117497,
    "title" : "Run Like Hell",
    "overview" : "In the year of 2008, war and sickness have overtaken the planet. The deranged government declares single women a threat to the human race. Singles women are imprisoned. The corrupt warden is determined to keep the prisoners locked up.",
    "genres" : [ {
      "id" : 878,
      "name" : "Science Fiction"
    }, {
      "id" : 53,
      "name" : "Thriller"
    } ]
  }, {
    "id" : 117507,
    "title" : "Daring Game",
    "overview" : "Survival Devices, Inc are an organisation that employ a team of adventurers known as \"the Flying Fish\" who are adept in sky diving, scuba diving and martial arts. They are engaged to rescue a captured scientist imprisoned on a Caribbean island by a dictator.\r The team parachutes off the coast of the island in a HALO jump and establishes an inflatable underwater basecamp in an \"Instant Underwater Habitat\" or \"Igloo\".",
    "genres" : [ {
      "id" : 18,
      "name" : "Drama"
    } ]
  }, {
    "id" : 117512,
    "title" : "Goin' All the Way!",
    "overview" : "The Funniest Movie About Growing Up Since \"Porky's\"!",
    "genres" : [ {
      "id" : 35,
      "name" : "Comedy"
    } ]
  }, {
    "id" : 117517,
    "title" : "A Matter of Love",
    "overview" : "Sometimes a Taste of Infidelity Can Save a Relationship",
    "genres" : [ ]
  }, {
    "id" : 117522,
    "title" : "PTU File: Death Trap",
    "overview" : "In one of the modern buildings in Hong Kong, a group of well dressed middle-class people are attending a party held by a medical college. Among them are Ka Ho, a doctor, and his sexy partner Mary, a crime woman and a booty buyer from Japan, a German killer named Stefan, a sexy undercover cop for catching a lawless merchant. All these people, not knowing each other, met more than once on the morning of that day. A lucky draw is being held on the stage, everybody has a 'lucky number'. Suddenly four unexpected guests come. One of them has received a bullet wound while another is holding a gun. Outside the banquet hall a superintendent of police has arrived and his teams have surrounded the building. Meanwhile, inside the hall, as the injured youngster died, his brother, the other youngster, has turned crazy. In his anger, he decide to kill hostages by drawing numbers....",
    "genres" : [ {
      "id" : 28,
      "name" : "Action"
    } ]
  }, {
    "id" : 117527,
    "title" : "Alter Egos",
    "overview" : "Explores the life and work of Ryan Larkin, as well as the making of Chris Landreth's short film Ryan.",
    "genres" : [ {
      "id" : 99,
      "name" : "Documentary"
    } ]
  }, {
    "id" : 117547,
    "title" : "Leave It On The Track",
    "overview" : "Documentary following the friendship and rivalry between two teams in a Texas roller derby league.",
    "genres" : [ {
      "id" : 99,
      "name" : "Documentary"
    } ]
  }, {
    "id" : 117557,
    "title" : "Shadow of China",
    "overview" : "A Chinese immigrant tries to make his way to the top as a businessman in Hong Kong while his former radicalism is transformed into cynicism.",
    "genres" : [ ]
  }, {
    "id" : 117562,
    "title" : "Radiohead - ARTE music planet",
    "overview" : "Radiohead perform acoustic versions of some of their most renowned tracks.",
    "genres" : [ ]
  }, {
    "id" : 117567,
    "title" : "The Road to Fort Alamo",
    "overview" : "A lone rider comes across a dying soldier, the victim of an Indian attack, who gives him a paper authorizing the payment of $150,000 to the U.S. Army. The rider gathers some colleagues who disguise themselves as soldiers and who take the paper to a bank. They get the money but a shoot-out occurs, an old woman is killed, and the gang acrimoniously splits up. Later some members of the gang meet up with some real U.S. Cavalry soldiers and together they must fight off new Indian attacks.",
    "genres" : [ {
      "id" : 37,
      "name" : "Western"
    } ]
  }, {
    "id" : 117577,
    "title" : "Don't Need You - The Herstory of Riot Grrrl",
    "overview" : "A documentary film that tells the story of the origins of Riot Grrrl in the American independent music scene of the 1990s, and how this feminist movement evolved into a revolutionary underground network of education and self-awareness through music, writing, activism, and women-friendly community.",
    "genres" : [ {
      "id" : 99,
      "name" : "Documentary"
    }, {
      "id" : 10402,
      "name" : "Music"
    } ]
  }, {
    "id" : 117582,
    "title" : "Chaplin's Goliath",
    "overview" : "A film about the tall actor who was most famous for playing the quintessential villian for Charles Chaplin's Tramp character.",
    "genres" : [ {
      "id" : 99,
      "name" : "Documentary"
    } ]
  }, {
    "id" : 117587,
    "title" : "Le Complot diabolique du docteur Fu Manchu",
    "overview" : "",
    "genres" : [ ]
  }, {
    "id" : 117592,
    "title" : "The Seahorse",
    "overview" : "Examines the sea horse, the only fish that swims upright. We watch it use its prehensile tail to wrap around plants and other sea horses. A frontal bulge houses organs including an air ballast. Three fins propel this fish. We see a female place her eggs in a male's pouch where they are fertilized and nurtured until birth in violent contractions. Inside the pouch are nurturing blood vessels. We then follow the growth of an embryo, greatly magnified: we examine its heart beating and its dorsal fin moving. Young sea horses attach themselves to each other. The film ends with images of many sea horses moving on the ocean floor, superimposed on a horse race.",
    "genres" : [ ]
  }, {
    "id" : 117597,
    "title" : "Career Suicide",
    "overview" : "Short about a woman who winds up in Purgatory because the bureaucrats there mistook her accidental death for suicide.",
    "genres" : [ ]
  }, {
    "id" : 117602,
    "title" : "California Girls",
    "overview" : "A New Jersey auto mechanic travels to California to find the girl of his dreams and woos a bikini fashion model while the time quarreling with her high-powered manager and avoiding his New Jersey girlfriend who comes looking for him.",
    "genres" : [ {
      "id" : 35,
      "name" : "Comedy"
    }, {
      "id" : 18,
      "name" : "Drama"
    }, {
      "id" : 10749,
      "name" : "Romance"
    }, {
      "id" : 10770,
      "name" : "TV Movie"
    } ]
  }, {
    "id" : 117612,
    "title" : "Deadroom",
    "overview" : "A film of four vignettes that each take place in a single room.",
    "genres" : [ {
      "id" : 18,
      "name" : "Drama"
    } ]
  }, {
    "id" : 117627,
    "title" : "The World Is Funny",
    "overview" : "Simple people struggle through extraordinary circumstances. Sometimes the only answer to any problem is 'The world is funny so we have to laugh.",
    "genres" : [ {
      "id" : 35,
      "name" : "Comedy"
    }, {
      "id" : 18,
      "name" : "Drama"
    } ]
  }, {
    "id" : 117632,
    "title" : "Fascinating Aida Silver Jubilee",
    "overview" : "Britain's top female comedy trio are 25 years old. (Well, actually they're a bit older than that)  Back by popular demand after two nationwide sell-out anniversary tours in 2008 and 2009, the girls are still celebrating. Recorded live at the Theatre Royal Windsor, Dillie, Adele and Liza look forward to entertaining you with a night of hilarious new songs, beautiful harmonies and intricate, satirical lyrics.",
    "genres" : [ {
      "id" : 35,
      "name" : "Comedy"
    }, {
      "id" : 10402,
      "name" : "Music"
    } ]
  }, {
    "id" : 117637,
    "title" : "Joe Bonamassa: Live at Rockpalast",
    "overview" : "Shot on location at Burg Satzvey, one of Germany's oldest and most revered castles, Live at Rockpalast gives old world Europe a shot in the arm with an electrifying brand of rock and blues. Joe performs his own music as well as works from Ian Anderson, Rod Stewart, B.B. King, John Lee Hooker and Steve Winwood, 11 tracks in all. Recorded June 28, 2005\r Tracklisting:\r 01 Takin' The Hit\r 02 A New Day Yesterday\r 03 Blues Deluxe\r 04 Mountain Time\r 05 You Upset Me Baby\r 06 The River\r 07 Burning Hell\r 08 Had To Cry Today\r 09 Heart Of The Sunrise\r 10 Starship Trooper\r 11 I Don't Live Anywhere",
    "genres" : [ ]
  }, {
    "id" : 117647,
    "title" : "Ayumi Aamasaki ~POWER of MUSIC~ 2011 LIMITED EDITION",
    "overview" : "Originally named Hotel Love Songs after her previous album, Hamasaki Ayumi's 2011 concert tour changed its title to Power of Music after the March 2011 disasters in northeastern Japan. As the title suggests, Ayu used the power of her music to bring hope and happiness back to the people of Japan on this 10-city tour. The show featured on the concert video release is the \"Limited Edition\" concert at the Saitama Super Arena, and it features performances of all the songs from the mini-album Five, as well as other Ayu fan favorites. In addition to the concert, this video release also includes making of and other bonus features.",
    "genres" : [ ]
  }, {
    "id" : 117657,
    "title" : "Bumboo",
    "overview" : "Bumboo movie is based on one simple idea. Every person meets someone, who screws it up and makes life miserable (In the 'Bambaiyya' lingo it is called as 'Vaat Lagna'). In Bumboo the movie each character screws someone or the others happiness. Each situation is humorous and ends up into comedy of errors. Bumboo is based upon \"L'emmerduer\" which is by Francis Veber",
    "genres" : [ {
      "id" : 35,
      "name" : "Comedy"
    } ]
  }, {
    "id" : 117667,
    "title" : "Soozhnilai",
    "overview" : "Soozhnilai is an upcoming Tamil movie directed and produced by debutant T Senthuran under the banner name of Global Television",
    "genres" : [ {
      "id" : 28,
      "name" : "Action"
    }, {
      "id" : 18,
      "name" : "Drama"
    } ]
  }, {
    "id" : 117672,
    "title" : "Vilai",
    "overview" : "Director: G. Kamaraj  Music Director: D. Imman  Cast: Bharani, Amarasigamani, Mohanapriya, Saravanan, Bhanuchandar, Balaji, Udhayathara, Reethu, Madhumitha, Fathima",
    "genres" : [ {
      "id" : 99,
      "name" : "Documentary"
    } ]
  }, {
    "id" : 117677,
    "title" : "Reflections of China",
    "overview" : "Scenes depicting China's varied cultures and landscapes are presented in Circle-Vision 360°.",
    "genres" : [ ]
  }, {
    "id" : 117682,
    "title" : "The Last Days of Dolwyn",
    "overview" : "An old woman fights a group of industrialists who are planning to build a dam and flood the valley where she grew up.",
    "genres" : [ {
      "id" : 18,
      "name" : "Drama"
    } ]
  }, {
    "id" : 117687,
    "title" : "Rhythm and Blues Revue",
    "overview" : "Rhythm and Blues Revue is a plotless variety show, one of several compiled for theatrical exhibition from the made-for-television short films produced by Snader and Studio Telescriptions, with newly-filmed host segments by Willie Bryant. Originally 86 minutes, the \"short\" version available on public domain collections and websites is missing a reel",
    "genres" : [ {
      "id" : 99,
      "name" : "Documentary"
    }, {
      "id" : 10402,
      "name" : "Music"
    } ]
  }, {
    "id" : 117697,
    "title" : "Tricks",
    "overview" : "Ex-showgirl and part-time hooker Rogers looses her legitimate job at a casino because of an abusive trick. She gets revenge when she is blacklisted and her son is threatened.",
    "genres" : [ {
      "id" : 18,
      "name" : "Drama"
    } ]
  }, {
    "id" : 117702,
    "title" : "Bedfellows",
    "overview" : "The film 'Bedfellows,' told in the style of an old children's fairy tale but set against the modern-day backdrop of New York City, follows the adventure of 20-something Bobby as he returns to the gay bar where he got his heart broken for the first time. Upon meeting and spending the night with an attractive stranger named Jonathan, Bobby dreams about what a lifetime relationship with him could be like. The dream takes us on a thirty year journey of ups and downs in life and love. But what will happen when Bobby wakes up to reality in the morning?",
    "genres" : [ {
      "id" : 18,
      "name" : "Drama"
    }, {
      "id" : 35,
      "name" : "Comedy"
    } ]
  }, {
    "id" : 117707,
    "title" : "Curious Thing",
    "overview" : "Jared is closeted. Sam is straight. They find a connection in each other that they've never had before, but where do they go from there? Over the course of three nights, six gay men sat down for interviews about their experiences, sexual and otherwise, with straight men. Those documentary interviews provide the narration for 'Curious Thing' as we watch Jared and Sam form a friendship that tests the boundaries of what they know about love. But as Jared's walls slowly come down and his passion for Sam grows, things take an unexpected turn.",
    "genres" : [ {
      "id" : 18,
      "name" : "Drama"
    }, {
      "id" : 10749,
      "name" : "Romance"
    } ]
  }, {
    "id" : 117727,
    "title" : "Primal Justice",
    "overview" : "",
    "genres" : [ {
      "id" : 18,
      "name" : "Drama"
    }, {
      "id" : 53,
      "name" : "Thriller"
    } ]
  }, {
    "id" : 117732,
    "title" : "Repeat Dive",
    "overview" : "oav (Doron Nesher) is a member of an elite diving unit in the Israeli Navy who has just lost a friend (killed in action). It is up to him to visit the widow, and when he does, they develop a bond based on their shared grief. This unspoken affinity between them is on the verge of growing into something beyond simple commiseration when Yoav realizes he must decide where his priorities lie, with his military unit or with his personal life. Like others in his group, their excursions into civilian life so often involve consoling widows or parents or children, made all the worse by knowing that they must go back again and face future tragedies in action.",
    "genres" : [ ]
  }, {
    "id" : 117737,
    "title" : "Les Mystères de Paris",
    "overview" : "",
    "genres" : [ ]
  }, {
    "id" : 117747,
    "title" : "I Don't Give a Damn",
    "overview" : "Like many, another young Israeli, Rafi never gave much thought to the fact that when he reached a certain age, he would be expected to serve in the Israeli Army and that he would experience active duty in combat. It certainly never occurred to him that he might be injured, and if it did, it never occurred to him that he would be crippled, as he was. Now he must try to learn to cope with a life which is vastly different from anything he ever imagined, and at first he has nothing but bitterness. An older veteran tries to help him learn to cope, and his relatives work hard to adjust as well. However, only his sister-in-law Maya seems to understand his state of mind and doesn't freak out at his easily provoked displays of temper.",
    "genres" : [ {
      "id" : 18,
      "name" : "Drama"
    } ]
  }, {
    "id" : 117767,
    "title" : "Eroica",
    "overview" : "Two sketches covering episodes from the World War II. In the first novel, \"Scherzo alla polacca\", a shrewd son, trying to preserve his skin, ultimately becomes a hero and finds a reason for fighting. He initially tries to avoid underground training to avoid the Warsaw uprising. His drunkenness, disregard for safety and cowardice when sober stated with humorous effect come out as something sane in the world gone mad. His will to survive is more acceptable than any desire for heroic death. The second novel, \"Ostinato lugubre\", details a hopeless attempt at escape from a prison camp by a man who can no longer stand the confinement and idiocy of the professional soldiers trying to keep up the military preneses in prison. Nevertheless, his escape boosts the morale of his fellow prisoners, while the \"escapee\" lies hidden from Germans and comrades alike.\"  From  Polish Cinema Database",
    "genres" : [ {
      "id" : 35,
      "name" : "Comedy"
    }, {
      "id" : 18,
      "name" : "Drama"
    } ]
  }, {
    "id" : 117772,
    "title" : "The Pied Piper of Hamelin",
    "overview" : "The singing, rhyming citizens of Hamelin hope to win a competition with rival towns for royal recognition. To this end, the mayor outlaws play (which is a bit hard on the children) and refuses to help a rival town when it's flooded. But rats (seen only as shadows), fleeing the flood, invade Hamelin in droves; a magical piper, whose music only children (and rats) can hear, strikes a bargain...which, once the rats are gone, the Mayor and council renege on, to their subsequent regret.",
    "genres" : [ ]
  }, {
    "id" : 117782,
    "title" : "Char Din Ki Chandni",
    "overview" : "Chandini comes to India to attend Veer's sisters wedding. In those four days, she wins everyone's heart.",
    "genres" : [ {
      "id" : 35,
      "name" : "Comedy"
    }, {
      "id" : 10749,
      "name" : "Romance"
    } ]
  }, {
    "id" : 117792,
    "title" : "Met grote blijdschap",
    "overview" : "By accident, Luc discovers the whereabouts of his brother Ad, who mysteriously disappeared fifteen years before. As it turns out, he is living with Els, secluded from the rest of the world, on a farm. Luc decides to stay a few days, even though he and his wife Mieke are not welcome at first. After a while, Mieke heads home. Also, Luc hears strange sounds coming from a barn at the farm. He decides to investigate the matter. He discovers a secret that Ad and Els have been hiding for years.",
    "genres" : [ {
      "id" : 18,
      "name" : "Drama"
    } ]
  }, {
    "id" : 117797,
    "title" : "Shin harenchi gakuen",
    "overview" : "Based on the Harenchi Gakuen Manga.",
    "genres" : [ {
      "id" : 35,
      "name" : "Comedy"
    } ]
  }, {
    "id" : 117802,
    "title" : "Kabamaru the Ninja Boy",
    "overview" : "Kabamaru is a young boy raised and trained by his grandfather as a ninja. After the sudden death of his grandfather, he starts living with Mai, his grandfather’s mistress, who is a school director. He is asked to help out on struggles against other schools, as he is master of the ninja mystical arts. As time passes he will make lots of friends as well as enemies, and fall in love with Mai.",
    "genres" : [ {
      "id" : 35,
      "name" : "Comedy"
    } ]
  }, {
    "id" : 117827,
    "title" : "Maicching Machiko! Begins",
    "overview" : "Based on the Maicching Machiko Teacher Manga.",
    "genres" : [ {
      "id" : 28,
      "name" : "Action"
    }, {
      "id" : 35,
      "name" : "Comedy"
    }, {
      "id" : 53,
      "name" : "Thriller"
    }, {
      "id" : 878,
      "name" : "Science Fiction"
    } ]
  }, {
    "id" : 117837,
    "title" : "Phantom Killer",
    "overview" : "Well-known philanthropist and deaf-mute John G. Harrison is identified leaving the scene of several murders but evades successful prosecution as there are hundreds of witnesses who have also seen him emceeing benefits at the exact same time as the murders.",
    "genres" : [ {
      "id" : 10749,
      "name" : "Romance"
    }, {
      "id" : 9648,
      "name" : "Mystery"
    } ]
  }, {
    "id" : 117847,
    "title" : "Maa Alludu Very Good",
    "overview" : "Maa Alludu Very Good is an Comedy Romance based movie. In which,Purse Ram aka Parasuram (Naresh) is a petty thief who is grown up on stealing things since his childhood. He happens to see a girl Meghana (Mounika) and then instantly falls in love with her. He comes to know that she prefers educated guys with knowledge in various languages and cops. He impresses Meghana by feigning that he is a strict cop.",
    "genres" : [ {
      "id" : 35,
      "name" : "Comedy"
    }, {
      "id" : 18,
      "name" : "Drama"
    }, {
      "id" : 10749,
      "name" : "Romance"
    } ]
  }, {
    "id" : 117852,
    "title" : "Slayer & Friends: The Unholy Alliance",
    "overview" : "On June 6, 2006, devilish metal gods Slayer hit the road with fellow headbangers Mastodon, Lamb of God, Children of Bodom and Thine Eyes Bleed for the \"Unholy Alliance\" tour. This release captures all the raw energy of that event. Songs performed include Slayer's \"South of Heaven\" and a furious rendition of \"Silent Scream\"; Mastodon's \"Crystal Skull\"; Lamb of God's \"Vigil\"; Children of Bodom's \"In Your Face\"; and Thine Eyes Bleed's \"Dark White.\"",
    "genres" : [ {
      "id" : 10402,
      "name" : "Music"
    } ]
  }, {
    "id" : 117857,
    "title" : "Possumus Woman",
    "overview" : "Rustic Resort has a new owner but an old problem has resurfaced – a giant killer possum! Anti-heroes Grady &amp; Jamie are called back to deal with this menace, grappling with Secret Service agents, the Department of Homeland Resources, possumatologists and even the president’s daughter along the way.",
    "genres" : [ ]
  }, {
    "id" : 117867,
    "title" : "The Seeker",
    "overview" : "It's Easyrider with a quadriplegic at the throttle when forty-five year old Evan Somers sets out on a self-reflective odyssey by modified motorcycle seeking answers to the questions of his life.",
    "genres" : [ {
      "id" : 99,
      "name" : "Documentary"
    } ]
  }, {
    "id" : 117872,
    "title" : "Wildfire 7: The Inferno",
    "overview" : "Nell is a young mother convicted of accidentally killing her alcoholic husband. When given the opportunity to serve his sentence as a forest firefighter, demonstrates his courage and discipline in an exceptional way.",
    "genres" : [ {
      "id" : 28,
      "name" : "Action"
    }, {
      "id" : 18,
      "name" : "Drama"
    }, {
      "id" : 10770,
      "name" : "TV Movie"
    } ]
  }, {
    "id" : 117877,
    "title" : "Aquaponics Secrets",
    "overview" : "Australian Aquaponics master Murray Hallam reveals little known secrets to successfully growing fish and vegetables in your backyard.",
    "genres" : [ {
      "id" : 99,
      "name" : "Documentary"
    } ]
  }, {
    "id" : 117882,
    "title" : "The Prince and the Surfer",
    "overview" : "The classic Twain story \"The Prince and the Pauper\" gets a modern slant when Prince Edward of Gelfland switches places with Southern California surfer Cash Canty. Both discover a new world of romance, danger, and adventure beyond their wildest dreams.",
    "genres" : [ {
      "id" : 35,
      "name" : "Comedy"
    }, {
      "id" : 10751,
      "name" : "Family"
    }, {
      "id" : 14,
      "name" : "Fantasy"
    } ]
  }, {
    "id" : 117897,
    "title" : "El ruiseñor de las cumbres",
    "overview" : "Joselito is a shepherd who lives happily taking care of his sheep in the mountains. From time to time he goes down to the village where his parents live. His mother always expects him but his father is never there. When Joselito discovers the real reason for this absence (his father spends all the money the boy carries home in drinking) he decides to quit everything. Then he associates with Pepino a sympathetic rogue who believes that the voice of the shepherd is going to provide them a lot of money",
    "genres" : [ ]
  }, {
    "id" : 117907,
    "title" : "Qui non è il paradiso",
    "overview" : "",
    "genres" : [ ]
  }, {
    "id" : 117917,
    "title" : "Der Tote im Spreewald",
    "overview" : "",
    "genres" : [ {
      "id" : 80,
      "name" : "Crime"
    } ]
  }, {
    "id" : 117922,
    "title" : "Queen Under Review:  1973-1980",
    "overview" : "",
    "genres" : [ {
      "id" : 99,
      "name" : "Documentary"
    }, {
      "id" : 10402,
      "name" : "Music"
    } ]
  }, {
    "id" : 117932,
    "title" : "Kataklysm: On Fire at Summer Breeze",
    "overview" : "",
    "genres" : [ {
      "id" : 10402,
      "name" : "Music"
    } ]
  }, {
    "id" : 117942,
    "title" : "Girls Gone Dead",
    "overview" : "A group of six ex-high school cheerleaders are stalked by a killer with a medieval war hammer and battle axe during their first Spring Break from college.",
    "genres" : [ {
      "id" : 27,
      "name" : "Horror"
    }, {
      "id" : 35,
      "name" : "Comedy"
    } ]
  }, {
    "id" : 117962,
    "title" : "Ten Days To Tulara",
    "overview" : "Director George Sherman's 1958 western about gold thieves in Mexico stars Sterling Hayden, Grace Raynor and Rodolfo Hoyos.",
    "genres" : [ {
      "id" : 12,
      "name" : "Adventure"
    }, {
      "id" : 37,
      "name" : "Western"
    } ]
  }, {
    "id" : 117967,
    "title" : "Laura",
    "overview" : "Remake of the classic film noir drama for television",
    "genres" : [ {
      "id" : 10770,
      "name" : "TV Movie"
    } ]
  }, {
    "id" : 117982,
    "title" : "Don Quixote",
    "overview" : "Animated version of Don Quixote.",
    "genres" : [ {
      "id" : 16,
      "name" : "Animation"
    } ]
  }, {
    "id" : 117987,
    "title" : "3 A.M.",
    "overview" : "A woman begins an affair with her brother-in-law. The family finds out. Complications ensue.",
    "genres" : [ {
      "id" : 18,
      "name" : "Drama"
    }, {
      "id" : 9648,
      "name" : "Mystery"
    } ]
  }, {
    "id" : 117992,
    "title" : "Advance To The Rear",
    "overview" : "Slapstick rules in this 1964 Civil War comedy about miltary misfits and their incompetent commanders. Directed by George Marshall, and starring Glenn Ford, Stella Stevens, Melvyn Douglas, Joan Blondell, Jim Backus, Andrew Prine, Alan Hale Jr., Jesse Pearson, Michael Pate, James Griffith, Preston Foster, Yvonne Craig and the ever ubiquitous Whit Bissell.",
    "genres" : [ {
      "id" : 35,
      "name" : "Comedy"
    } ]
  }, {
    "id" : 118002,
    "title" : "Aïcha 3 : La grande débrouille",
    "overview" : "Rid of her rival Gloria, Aïcha will do everything to make her boss proud, with Ginette's help. Patrick presents her with a love ultimatum: their mothers must meet. And to top it off, things are getting worse in the neighborhood.",
    "genres" : [ {
      "id" : 35,
      "name" : "Comedy"
    } ]
  }, {
    "id" : 118007,
    "title" : "The Skeleton of Mrs. Morales",
    "overview" : "A taxidermist decides to murder his wife after having to put up with her after twenty years of hellish marriage.",
    "genres" : [ {
      "id" : 35,
      "name" : "Comedy"
    }, {
      "id" : 80,
      "name" : "Crime"
    }, {
      "id" : 27,
      "name" : "Horror"
    } ]
  }, {
    "id" : 118017,
    "title" : "Welcome to Hard Times",
    "overview" : "A sociopathic stranger all but destroys a small hardscrabble town but the 'mayor' convinces its survivors to stay and rebuild.",
    "genres" : [ {
      "id" : 37,
      "name" : "Western"
    } ]
  }, {
    "id" : 118027,
    "title" : "Lesbian Sex 7",
    "overview" : "Simply the most realistic sex in lesbian adult video!",
    "genres" : [ ]
  }, {
    "id" : 118032,
    "title" : "Ferrari Ki Sawaari",
    "overview" : "A little boy thinks of nothing but cricket. His father, Rusy, thinks of nothing but his little boy. To fulfill his sons dream of playing at Lords cricket ground, the honest and upright Rusy takes a reckless step. He borrows a gleaming red Ferrari. Just for one hour. The only trouble-- he doesnt inform the cars legendary owner. A wild, breathless, bumpy ride begins. A naive Rusy must dodge bullets and bouncers for one unforgettable night, and play the role of a perfect father. Can he do it?  Ferrari Ki Sawaari is a fun-filled story of small guys and their big dreams and how these dreams turn into a mad comedy of errors.  Fasten your seatbelts. The joyride awaits",
    "genres" : [ {
      "id" : 10751,
      "name" : "Family"
    }, {
      "id" : 10769,
      "name" : "Foreign"
    }, {
      "id" : 35,
      "name" : "Comedy"
    } ]
  }, {
    "id" : 118037,
    "title" : "Why did the dinosaurs disappear?",
    "overview" : "Short film based on the idea of what it would be possible to see the earth from a distance so that allowed us to see their past, see the dinosaurs, Romans, our grandparents.",
    "genres" : [ ]
  }, {
    "id" : 118052,
    "title" : "Rat",
    "overview" : "After a night of drinking Guiness at the local watering hole, an ordinary, working-class, family man in Dublin's life is turned upside-down when he wakes up as a rat.",
    "genres" : [ {
      "id" : 18,
      "name" : "Drama"
    }, {
      "id" : 14,
      "name" : "Fantasy"
    }, {
      "id" : 35,
      "name" : "Comedy"
    }, {
      "id" : 10751,
      "name" : "Family"
    } ]
  }, {
    "id" : 118057,
    "title" : "Carland Cross",
    "overview" : "Detective Carland Cross, lives in London and shares his adventures with his efficient assistant Andy White and his fervent admirer Medqeena aristocrat Simpson. Investigations by our detective transferred the most amazing and spectacular: the ancient civilizations that have disappeared with their enigmatic ruins, forbidden regions not without dangers strange desert cities ... a clever combination of adventure, information and cultural background, all seen through the eyes of the detective can solve all the riddles.",
    "genres" : [ ]
  }, {
    "id" : 118087,
    "title" : "Las Fieras",
    "overview" : "Historia de un grupo de estafadores internacionales y sus artimañas.",
    "genres" : [ {
      "id" : 35,
      "name" : "Comedy"
    }, {
      "id" : 18,
      "name" : "Drama"
    }, {
      "id" : 80,
      "name" : "Crime"
    } ]
  }, {
    "id" : 118092,
    "title" : "Martin Martin",
    "overview" : "My name is Martin Martin. I have 9 years old, and my best friend is Gromo and is great fun. Every morning I go to school with my friend Gromo. Everything that they say to me in school is that I am an average child: the average student, average height, average intelligence .. Only about half. But guess what? Every morning when I wake up, things happen very little normal.Amazing things and even extraordinary! When I'm around, my friends never get bored.",
    "genres" : [ ]
  }, {
    "id" : 118102,
    "title" : "Hasutasok",
    "overview" : "",
    "genres" : [ {
      "id" : 35,
      "name" : "Comedy"
    } ]
  }, {
    "id" : 118107,
    "title" : "Negro es mi color",
    "overview" : "Negro Es Mi Color (literally translates to \"Black Is My Color\"), the 1951 Tito Davison Mexican racial musical melodrama (about a light-skinned Mexican woman with dark-skinned parents who passes as \"white\"; a Mexican version of \"Imitation of Life\")",
    "genres" : [ {
      "id" : 18,
      "name" : "Drama"
    } ]
  }, {
    "id" : 118112,
    "title" : "Amanecí en tus brazos",
    "overview" : "",
    "genres" : [ {
      "id" : 18,
      "name" : "Drama"
    } ]
  }, {
    "id" : 118122,
    "title" : "By Whose Hand?",
    "overview" : "Is an escaped homicidal maniac among the passengers of a speeding train? Director Benjamin Stoloff's 1932 mystery stars Ben Lyon, Barbara Weeks, Dwight Frye, Tom Dugan, Nat Pendleton and Helene Millard.",
    "genres" : [ {
      "id" : 9648,
      "name" : "Mystery"
    } ]
  }, {
    "id" : 118142,
    "title" : "My Daughter Joy",
    "overview" : "A financier (Edward G. Robinson) plots to become the richest man in the world by marrying off his daughter (Peggy Cummins) to the son of an Arab sheik.",
    "genres" : [ {
      "id" : 18,
      "name" : "Drama"
    } ]
  }, {
    "id" : 118167,
    "title" : "El Salvavidas",
    "overview" : "Mauricio, a lifeguard on a Chilean beach, considers himself to be a model of efficiency and professionalism. His colleagues, however, think otherwise, and speculate on why he never goes into the water. Maite Alberdi's visually gorgeous feature documentary debut has the intensity of a short story; beginning as a quirky character study of lifeguards and beachgoers, it becomes something altogether darker and more shocking when events take a dramatic turn.",
    "genres" : [ ]
  }, {
    "id" : 118172,
    "title" : "The Past is a Strange Country",
    "overview" : "On April 28, 1986, two students, twenty-year-old Kim Se-jin and Lee Jae-ho, immolated themselves to death, shouting slogans, “No war, no nuclear weapons, Yankee go home,” “U.S. sign the peace treaty with North Korea,” and “Expel American imperialists.” This took place in the midst of a public demonstration against the forced conscription of students, joined by approximately four hundred students and held at the Sinrim crossroads facing the Seoul National University main gate. The manner of their deaths, the radicalness of their slogans (they were the first overtly anti-American statements to be heard in public since the conclusion of the Korean War) deeply shocked Korean society at the time. Twenty years have since passed. The world has changed.",
    "genres" : [ {
      "id" : 99,
      "name" : "Documentary"
    } ]
  }, {
    "id" : 118182,
    "title" : "Camel(s)",
    "overview" : "One married man. One single woman. Both are in their 40’s. They sleep together on the day they first meet.  \"Camel(s)\" is a one-night story of a middle-aged couple who visited a small port village named 'Wol-got' in the west coast. Unlike the classical love story, \"Camel(s)\" offers you a different taste of how a love affair can grow between two complete strangers in a black-and-white tone. The man (Lee Dae-yeon), as a chauffeur, brings the woman (Park Myung-shin) to 'Wol-got', a used-to-be village but now a small town full of motels, sashimi and karaoke bars. Having no idea of who each other is, the two middle-aged people sit in the corner of a sashimi bar and start chatting. They have dinner together.  They sing karaoke together. They head for a motel together and finally they sleep together?",
    "genres" : [ {
      "id" : 18,
      "name" : "Drama"
    } ]
  }, {
    "id" : 118187,
    "title" : "Samael: Black Trip",
    "overview" : "The Black Trip album from Swiss heavy metal band Samael is a double DVD set which contains a concert held on Summer Breeze Festival (2002), a live concert held in Live in Studio TVP Łęg, Kraków, Poland, in 1996 during their \"Passage\" world tour and also a bootleg concert shot in Illinois (USA) during the \"Ceremony of Opposites\" tour. There are also video clips for the songs \"Jupiterian Vibe\", \"Infra Galaxia\" and \"Baphomet's Throne\" as well as some interviews and footage shot at Woodhouse Studios during the making of the Passage album.",
    "genres" : [ {
      "id" : 10402,
      "name" : "Music"
    } ]
  }, {
    "id" : 118192,
    "title" : "I don't owe a 100 times",
    "overview" : "A comedy about a young girl who gets pregnant on a traditional Argentinean family.",
    "genres" : [ ]
  }, {
    "id" : 118197,
    "title" : "Nuts for love",
    "overview" : "En 1975, unos meses antes del comienzo de la dictadura militar argentina, Alicia y Marcelo se conocen en un concierto de Sui Géneris. El amor surge inmediatamente entre ellos, pero el retorno del novio de Alicia provoca la separación. En 1982, en Madrid, sus caminos vuelven a cruzarse. Tras el encuentro, se dan cuenta de que, a pesar de que el amor sigue latente, sus destinos discurren por rumbos separados. Años después, en 1990, tras otro encuentro casual, Marcelo decide hacer frente a sus sentimientos por Alicia: ambos quieren hacer realidad su sueño postergado desde la adolescencia.",
    "genres" : [ {
      "id" : 18,
      "name" : "Drama"
    }, {
      "id" : 10749,
      "name" : "Romance"
    }, {
      "id" : 10769,
      "name" : "Foreign"
    } ]
  }, {
    "id" : 118202,
    "title" : "Lost and Found",
    "overview" : "Where is the end of the world? A rich girl diagnosed with leukemia wants to follow a sailor friend to St Kilda, Scotland to find out...but first she must search him out, who is missing.",
    "genres" : [ {
      "id" : 18,
      "name" : "Drama"
    }, {
      "id" : 10749,
      "name" : "Romance"
    }, {
      "id" : 10769,
      "name" : "Foreign"
    } ]
  }, {
    "id" : 118212,
    "title" : "92 Legendary La Rose Noire",
    "overview" : "A poet named Butterfly and her friend Kuen visit a stranger's mansion to return some possessions that were unintentionally taken. At the house, they stumbled upon an illegal weapons trade that ultimately went bad. To evade the police from interrogations, the two innocent witnesses wiped away their fingerprints and left a note that stated that the crimes were committed by \"The Black Rose,\" who is known to be a fictional hero in a 1965 movie. However, a recovered fingerprint caused Kuen to be the prime suspect, and the apprentices of the Black Rose, apparently a real hero whose legacy was portrayed in the 1965 movie, attempt to seek the truth in the matter by confronting Butterfly.",
    "genres" : [ {
      "id" : 28,
      "name" : "Action"
    }, {
      "id" : 35,
      "name" : "Comedy"
    }, {
      "id" : 10749,
      "name" : "Romance"
    } ]
  }, {
    "id" : 118227,
    "title" : "The Alien Within",
    "overview" : "Crew of an undersea mining platform falls prey to mysterious and dangerous parasite. The parasite has the ability to affect people's minds, so survivors can't be certain who is safe and who is infected.",
    "genres" : [ {
      "id" : 27,
      "name" : "Horror"
    }, {
      "id" : 878,
      "name" : "Science Fiction"
    } ]
  }, {
    "id" : 118232,
    "title" : "Off and Running",
    "overview" : "Cyndi Lauper stars as a performing mermaid in a Miami nightclub who ends up on the wrong end of a murder. On the run carrying a locket that people seem to be getting killed for, she runs into an ex-golfer and a wisecracking kid who might just be able to bail her out of this wacky nightmare.",
    "genres" : [ {
      "id" : 35,
      "name" : "Comedy"
    }, {
      "id" : 18,
      "name" : "Drama"
    }, {
      "id" : 53,
      "name" : "Thriller"
    } ]
  }, {
    "id" : 118247,
    "title" : "Doki Descubre",
    "overview" : "",
    "genres" : [ ]
  }, {
    "id" : 118257,
    "title" : "Room 666",
    "overview" : "During the 1982 Cannes Film Festival, Wenders asks a number of film directors from around the world to get, each one at a time, into a hotel room, turn on the camera and sound recorder, and, in solitude, answer a simple question: \"What is the future of cinema?\".",
    "genres" : [ {
      "id" : 99,
      "name" : "Documentary"
    } ]
  } ]
}