{
  "movies" : [ {
    "id" : 313672,
    "title" : "Bundok Chubibo",
    "overview" : "OooOooOooOoo",
    "genres" : [ ]
  }, {
    "id" : 313677,
    "title" : "An Maogmang Lugar",
    "overview" : "Nesto and Verga are very loving and happy couple. Even though they haven’t been blessed with a child, they never failed to cherish each other every day. They depend to each other for every challenges life brings and always see it through. Until one day, Nesto died in a car accident. Verga was crushed. She is struggling to bear the sorrow of his partner’s death. Her smiles faded, and her body started to weaken. Nesto’s death was untimely. Worried about what would happen to his wife, he pleaded to San Pedro to give him time to say goodbye to her. San Pedro knew that Nesto is good man so he gave him limited time to sort things out and in order to make sure he’ll return, he sent his rooster to guard and guide him in the living world. Nesto went to their house and started to catch Verga’s attention.",
    "genres" : [ ]
  }, {
    "id" : 313682,
    "title" : "Láska na vlásku",
    "overview" : "",
    "genres" : [ {
      "id" : 10751,
      "name" : "Family"
    } ]
  }, {
    "id" : 313687,
    "title" : "Ein Mann stürzt ab",
    "overview" : "",
    "genres" : [ {
      "id" : 18,
      "name" : "Drama"
    } ]
  }, {
    "id" : 313692,
    "title" : "Italia 90",
    "overview" : "A drama that center's around 5 soccer players from Costa Rica, that qualifies for the first time to a World Cup. With no support, they must face the most important challenge ever, prepare themselves to play the first official World Cup match.",
    "genres" : [ {
      "id" : 35,
      "name" : "Comedy"
    }, {
      "id" : 18,
      "name" : "Drama"
    } ]
  }, {
    "id" : 313702,
    "title" : "Winners",
    "overview" : "Gay porn.  Mark Jennings makes his way through jungles, leather rooms, dorms and gyms.",
    "genres" : [ ]
  }, {
    "id" : 313707,
    "title" : "Tales From The Lumber Yard: The Making of Galaxy Of Terror",
    "overview" : "Behind the scenes of Roger Corman's Galaxy Of Terror.",
    "genres" : [ ]
  }, {
    "id" : 313712,
    "title" : "Fire Dance",
    "overview" : "Fire poi in elegant slow motion.",
    "genres" : [ ]
  }, {
    "id" : 313722,
    "title" : "Prends ta Rolls et va pointer",
    "overview" : "",
    "genres" : [ {
      "id" : 35,
      "name" : "Comedy"
    } ]
  }, {
    "id" : 313727,
    "title" : "Song of Surrender",
    "overview" : "In 1906 in Connecticut, Elisha Hunt, the 55-year-old curator of a small government museum, marries Abigail, the 19-year-old daughter of a local farmer. In addition to the differences in their ages in this May-to-December union, Elizha is a man of culture while Abigail is uneducated. Bruce Edridge, young, handsome and wealthy, comes into her life, and they fall in love. Abigail is now faced with two choices; the chance of wealth versus her present mediocre circumstances, or her love for Bruce versus her loyalty to Elisha.",
    "genres" : [ {
      "id" : 10749,
      "name" : "Romance"
    }, {
      "id" : 18,
      "name" : "Drama"
    }, {
      "id" : 10402,
      "name" : "Music"
    } ]
  }, {
    "id" : 313732,
    "title" : "For the Term of his Natural Life",
    "overview" : "In 1830's England, a young man from a good but troubled family is unjustly convicted of stealing a watch. He's transported to Van Dieman's Land (Tasmania) where he suffers under the enmity of Lt. Frere while falling in love with Sylvia, the Warden's daughter. Meanwhile, back in England, an imposter lays claim to the young man's inheritance.",
    "genres" : [ {
      "id" : 80,
      "name" : "Crime"
    }, {
      "id" : 18,
      "name" : "Drama"
    }, {
      "id" : 12,
      "name" : "Adventure"
    } ]
  }, {
    "id" : 313737,
    "title" : "Louco Por Cinema",
    "overview" : "Movie director gets crazy while shooting a film, and goes to a mental institution. There, he leads a revolt, kidnapping a group of Human Rights activists and demanding a camera as ransom.",
    "genres" : [ ]
  }, {
    "id" : 313742,
    "title" : "Rosamunde Pilcher: Mit den Augen der Liebe",
    "overview" : "",
    "genres" : [ {
      "id" : 10749,
      "name" : "Romance"
    } ]
  }, {
    "id" : 313747,
    "title" : "20 Cents",
    "overview" : "\"20 Centavos\" is a feature-length documentary that portrays the social and political unrest triggered by the fight against the raise in the rates of public transport in Sao Paulo and follows all the developments, on a national scale, of these early protests. Its main characters are the streets, the public spaces taken by the voice of the protesters. Its speech is constructed by billboard after billboard, from claim to claim. The result is a portrait, with more than realistic textures, of zeitgeist, a spirit of an era unknown in Brazil, marking the emergence of a new form of political activism that comes from a deep crisis with the idea of representative democracy.",
    "genres" : [ {
      "id" : 99,
      "name" : "Documentary"
    } ]
  }, {
    "id" : 313752,
    "title" : "Ladies of Pleasure",
    "overview" : "Maybe they just love anal sex. Then again, it could be that the taste of a cock sliding into their mouths drives them wild. Or, it could be they love getting that pussy tapped by a horny stud. Whatever way they can, they grab their pleasure where they get it.\r They love their cock, they love their cunt, they love it up the butt. Others call them fuck-puppets because they love to rut. These are modern women-up for it! They'll take on any man, fuck his brains out, drain his balls, then do it all again.",
    "genres" : [ ]
  }, {
    "id" : 313757,
    "title" : "Fragments: Surviving Pieces of Lost Films",
    "overview" : "Among the pieces featured in Fragments are the final reel of John Ford's The Village Blacksmith (1922) and a glimpse at Emil Jannings in The Way of All Flesh (1927), the only Oscar®-winning performance in a lost film. Fragments also features clips from such lost films as Cleopatra (1917), starring Theda Bara; The Miracle Man (1919), with Lon Chaney; He Comes Up Smiling (1918), starring Douglas Fairbanks; an early lost sound film, Gold Diggers of Broadway (1929), filmed in early Technicolor, and the only color footage of silent star Clara Bow, Red Hair (1928). The program is rounded out with interviews of film preservationists involved in identifying and restoring these films. Also featured is a new interview with Diana Serra Cary, best known as \"Baby Peggy,\" one of the major American child stars of the silent era, who discusses one of the featured fragments, Darling of New York (1923).",
    "genres" : [ {
      "id" : 99,
      "name" : "Documentary"
    } ]
  }, {
    "id" : 313762,
    "title" : "Hot Sands",
    "overview" : "Monty Banks finds love and mischief at the amusement park, in this two-reel comedy",
    "genres" : [ {
      "id" : 35,
      "name" : "Comedy"
    } ]
  }, {
    "id" : 313767,
    "title" : "Hollywood on Parade",
    "overview" : "A short featuring many stars",
    "genres" : [ ]
  }, {
    "id" : 313772,
    "title" : "Un par... a todo dar",
    "overview" : "Comedy about two friends (Viruta and Capulina) who are swindled when they buy a plot of land. It turns out that the land they just purchased is actually the cemetery of a small town. Moreover, the two bumbling stooges cross paths with the local criminal, a masked robber known as \"El Esqueleto\" (the Skeleton). The film also stars Dacia Gonzalez.",
    "genres" : [ ]
  }, {
    "id" : 313777,
    "title" : "Lucretia",
    "overview" : "",
    "genres" : [ ]
  }, {
    "id" : 313782,
    "title" : "Daughter",
    "overview" : "A mother is seriously obsessed with her daughter. The mother forces her daughter to live a ascetic life and keeps a close watch to ensure she doesn’t stray. Years later, now fully grown up, the daughter learns that her mother is stricken with cancer and visits the hospital. The mother, however, has not changed at all, even while awaiting her imminent death. The daughter visits her former piano teacher, who consoled her when she was young. Since she was not on good terms with her own father, the teacher understands the daughter’s position and tries to support her former student. This teacher now lives alone at her old house after all these years. When the teacher tells the daughter that she took care of her father with Alzheimer’s until he died, the daughter begins to wonder if she, now pregnant, will ever be able to be free from the painful memories involving her mother.",
    "genres" : [ {
      "id" : 18,
      "name" : "Drama"
    } ]
  }, {
    "id" : 313787,
    "title" : "The Fighting Streak",
    "overview" : "",
    "genres" : [ {
      "id" : 37,
      "name" : "Western"
    } ]
  }, {
    "id" : 313792,
    "title" : "Shaun das Schaf - Der falsche Hund",
    "overview" : "",
    "genres" : [ ]
  }, {
    "id" : 313802,
    "title" : "Ostende",
    "overview" : "When a young woman wins a radio contest, her prize is four days in a hotel in Ostende, a seaside town by the Atlantic coast in the province of Buenos Aires. Only it’s not high season, so the beach proves blustery, the hotel is pretty much empty and she doesn’t have much to do while she waits for her boyfriend to join her. So she listens to the stories of a friendly local waiter and watches the comings and goings of an older man and the two women who appear to be with him.",
    "genres" : [ ]
  }, {
    "id" : 313807,
    "title" : "The Passing of Wolf MacLean",
    "overview" : "",
    "genres" : [ {
      "id" : 10749,
      "name" : "Romance"
    }, {
      "id" : 37,
      "name" : "Western"
    } ]
  }, {
    "id" : 313812,
    "title" : "A Escola da Vida",
    "overview" : "",
    "genres" : [ ]
  }, {
    "id" : 313817,
    "title" : "Bamses Billedbog 22",
    "overview" : "",
    "genres" : [ {
      "id" : 10751,
      "name" : "Family"
    } ]
  }, {
    "id" : 313822,
    "title" : "İncir Reçeli 2",
    "overview" : "",
    "genres" : [ ]
  }, {
    "id" : 313827,
    "title" : "TV 31-1 Minirama (Turn On-Turn Off)",
    "overview" : "Structural film by Ivan Faktor examining television and media.",
    "genres" : [ ]
  }, {
    "id" : 313832,
    "title" : "Fear in the City (1181 Days Later or Smell of Rats)",
    "overview" : "Super8 post-punk film by Davorin Marc. Paura in citta does not only display a bold and powerful exploration of form and themes that seem to have occupied Marc throughout his oeuvre, the film is also a straightforward document of the spirit of the times and surroundings of its making.",
    "genres" : [ {
      "id" : 99,
      "name" : "Documentary"
    } ]
  }, {
    "id" : 313837,
    "title" : "Hidden Agenda: Vol. 3: The Truth About Communism",
    "overview" : "An in-depth look at the roots of communism in the 20th century, this fascinating documentary series closely examines the Soviet Union's incredible transformation into a global superpower and the remarkable details behind the Spanish Civil War. Rare archival footage allows viewers to witness important historical events firsthand and shows how propaganda helped spread communism across both countries.",
    "genres" : [ ]
  }, {
    "id" : 313842,
    "title" : "Kath Putli",
    "overview" : "In this Bollywood classic tearjerker, a romance for the ages blooms between the puppeteer Shivraj and the young admirer Pushpa after Shivraj loses the use of his hands and his livelihood. But love turns to resentment when Pushpa begins paying the bills with money made through her budding stage career. Will fierce pride keep them apart, or will Pushpa's faithful agent find a way to bring them together again?",
    "genres" : [ ]
  }, {
    "id" : 313847,
    "title" : "Maximum MMA: Cage Rage 16: Critical Condition",
    "overview" : "Prepare to witness 13 of the most intense, action-packed cage fights to ever take place in the United Kingdom. Included are championship matches between Ryan Robinson and Mark Epstein and Anderson \"The Spider\" Silva and Tony \"The Freak\" Fryklund. Die-hard fight fans will enjoy memorable moments such as a lightning-fast knockout, one of the best matches of the entire year and an incredibly powerful final blow.",
    "genres" : [ ]
  }, {
    "id" : 313852,
    "title" : "Go, Diego, Go!: The Great Dinosaur Rescue",
    "overview" : "While visiting a dinosaur museum, Alicia tells Diego, Dora and Baby Jaguar a story about a young Maiasaura who got separated from her family herd. To help the lost reptile reunite with her family, it'll take the combined efforts of an animal rescuer, a great explorer and a dinosaur expert. Transporting themselves back in time to the Cretaceous period to help Maia, Diego, Dora, Alicia and even Baby Jaguar may just fill the bill!",
    "genres" : [ {
      "id" : 16,
      "name" : "Animation"
    }, {
      "id" : 10751,
      "name" : "Family"
    } ]
  }, {
    "id" : 313857,
    "title" : "Rock for Asia",
    "overview" : "Rock the night away for all the right reasons in this charitable concert event staged for Asia's tsunami relief. Some of the biggest names in music turned out for this remarkable benefit show filmed live in Germany one month after the 2004 disaster. Enjoy unforgettable performances by Bonfire, Bonnie Tyler, In Extremo, Krypteria, David Knopfler, Edguy, Doro, Saxon, Man Doki Soulmates, Crystal Ball and many more.",
    "genres" : [ ]
  }, {
    "id" : 313862,
    "title" : "Im Wiener Prater",
    "overview" : "Im Wiener Prater is not about the amusement park that one normally associates with this name. The spectacle in the film takes place in a much more basic sense. Right at the start, we see a camera tripod left standing, and instead, the filmmaker has set off to track down a woman (artist Martina L.). Carefully, concealed—with a thoroughly male-coded gaze—she approaches the unsuspecting woman who is out taking a walk. What we are then shown, a close-up of a woman urinating, activates a quasi-childish delight in investigating taboos: Evident here are both a conscious reference to Viennese Actionism and the counterpart to one of Gröller´s early films, Boston Steamer (2009) about the process of anal excretion. Yet rather than the close-ups of anatomical details and the associated sexualization, what is actually `unsettling´ about Im Wiener Prater is the gaze forced upon the viewer: this woman looks at us, questioning and self-confidently—now that´s pure cinema of attraction.",
    "genres" : [ ]
  }, {
    "id" : 313867,
    "title" : "Roald Dahl's Esio Trot",
    "overview" : "Mr. Hoppy is a shy old man who lives alone in an apartment building. For many years, he has been secretly in love with Mrs. Silver, a woman who lives below him.  Mr. Hoppy frequently leans over his balcony and exchanges polite conversation with Mrs. Silver, but he is too shy to disclose how he feels.  Mr. Hoppy longs to express his feelings to Mrs. Silver, but he can never bring his lips to form the words.  Mrs. Silver has a small pet tortoise, Alfie, whom she loves very much.  One morning, Mrs. Silver mentions to Mr. Hoppy that even though she has had Alfie for many years, her pet has only grown a tiny bit and has gained only 3 ounces in weight.  She confesses that she wishes she knew of some way to make her little Alfie grown into a larger, more dignified tortoise.  Mr. Hoppy suddenly thinks of a way to give Mrs. Silver her wish and win her affection.",
    "genres" : [ {
      "id" : 10749,
      "name" : "Romance"
    }, {
      "id" : 35,
      "name" : "Comedy"
    } ]
  }, {
    "id" : 313872,
    "title" : "Field Notes",
    "overview" : "Field Notes is an experimental documentary about the ghosts embedded in the culture of Trinidad and Tobago. The film is structured as a visual and aural field guide to the ghosts spirits and jumbies througout the island. From personal tales about the soucouyant and lagahoo, to the ghosts of Trinidads past. Shot and finished on 16mm.",
    "genres" : [ ]
  }, {
    "id" : 313877,
    "title" : "Pen Up the Pigs",
    "overview" : "'Pen Up the Pigs' is a handcrafted collage animation that explores connections between slavery and present day institutionalized racism and mass incarceration. Through chromatic animated histories and futures of radical collective power, the strength of left revolutionary thought and action found in every frame embeds in the viewer visual understandings of the imperative resistance required to combat racism.",
    "genres" : [ ]
  }, {
    "id" : 313882,
    "title" : "Lets Sing Nursery Rhymes - With Justin Fletcher",
    "overview" : "Come and join Justin on a magical trip to Nursery Rhyme Land and meet lots of your favourite characters along the way!  Sing along to over 25 classic Nursery Rhymes including Little Miss Muffet, Jack and Jill, The Grand Old Duke of York and many more with a few surprises around the corner too!  So join in with Justin and Lets Sing Nursery Rhymes",
    "genres" : [ {
      "id" : 10751,
      "name" : "Family"
    } ]
  }, {
    "id" : 313887,
    "title" : "Lyhnida",
    "overview" : "Produced at International Video Colony Ohrid, Macedonia 1989. Screened in retrospective at Alternative Film/Video Belgrade Festival 2014.",
    "genres" : [ ]
  }, {
    "id" : 313892,
    "title" : "Please, Stop Everything",
    "overview" : "Produced at International Video Colony Ohrid, Macedonia 1989. Screened in retrospective at Alternative Film/Video Belgrade Festival 2014.",
    "genres" : [ ]
  }, {
    "id" : 313897,
    "title" : "Siebenschön",
    "overview" : "",
    "genres" : [ {
      "id" : 14,
      "name" : "Fantasy"
    }, {
      "id" : 10751,
      "name" : "Family"
    } ]
  }, {
    "id" : 313902,
    "title" : "Der kleine Napoleon",
    "overview" : "",
    "genres" : [ {
      "id" : 35,
      "name" : "Comedy"
    } ]
  }, {
    "id" : 313907,
    "title" : "Autobus",
    "overview" : "The video starts with a graphic sign from which emerge images, and this procedure points to the fact that any documentary is but an artefact. The narrator searches through documents and reconstructs the life of Lela: in the Middle Ages she was accused of witchcraft; in the 20th century she finds herself in the midst of war, in the future she will leave the planet. Lela's individual destiny is being inscribed into the fate of humanity by means of layering the image; only television shots of the war in former Yugoslavia are presented 'in one layer', clean. The television image has become the only document, the war - the only certainty. Autobus discloses two images of the electronic picture: the one that creates reality, and the other that creates artefacts.",
    "genres" : [ ]
  }, {
    "id" : 313912,
    "title" : "Portraying A'dam",
    "overview" : "Part of my project exploring the potential of Webcams as Emerging Cinematic Medium, \"Portraying A'dam\" consists of a documental approach to the city of Amsterdam, exclusively making use of the publicly-accessible Webcams available on the 4th of October 2013. This film is composed by three chapters of which only the third is shown at present. Entitled \"Face to Ground\", this chapter focuses on the extreme ability for the cameras to discern and highlight identifiable people's facial features, while also covering an enormous amount of ground detail.",
    "genres" : [ ]
  }, {
    "id" : 313917,
    "title" : "The Stream 2",
    "overview" : "In the man-made waterways of rice paddies, the water in nature must follow artificial rules. In that way, nature is made abstract, giving rise to a new form of beauty distinct from the natural state. This video is composed of the lines that are formed at the points where the surface of the flowing water comes in contact with the walls of those waterways. I have put moving images of ten different lines, each taken from a different area, in a row on the screen. By arranging them in this way we can compare the color, shape, sound, texture and speed of adjacent lines. This composite video image communicates both the diversity of expression and liveliness of the water as it follows the man-made course.",
    "genres" : [ ]
  }, {
    "id" : 313922,
    "title" : "Green Room",
    "overview" : "A young punk rock band find themselves trapped in a secluded venue after stumbling upon a horrific act of violence.",
    "genres" : [ {
      "id" : 27,
      "name" : "Horror"
    }, {
      "id" : 80,
      "name" : "Crime"
    }, {
      "id" : 53,
      "name" : "Thriller"
    } ]
  }, {
    "id" : 313927,
    "title" : "We Are Become Death",
    "overview" : "\"We knew the world would not be the same. A few people laughed. A few people cried. Most people were silent.\"",
    "genres" : [ ]
  }, {
    "id" : 313932,
    "title" : "Ko-Ko Plays Pool",
    "overview" : "Max Fleischer and brother David are playing pool when Ko-ko and Fitz force their way out of the ink bottle. They want to play pool too, so Max obligingly draws a table for their use.",
    "genres" : [ ]
  }, {
    "id" : 313937,
    "title" : "Den stora premiären",
    "overview" : "",
    "genres" : [ {
      "id" : 35,
      "name" : "Comedy"
    } ]
  }, {
    "id" : 313942,
    "title" : "Sleepy Time Down South",
    "overview" : "Fire chief Bimbo is called to a house on fire, and rescues the Boswell Sisters and their piano, who start performing \"When It's Sleepy Time Down South\".",
    "genres" : [ ]
  }, {
    "id" : 313947,
    "title" : "Ups and Downs",
    "overview" : "Director Charley Bowers has the unlikely pair of Mutt and Jeff go mountain climbing, dealing with the cartoon laws of physics and various wild animals, including a mountain goat with more personality than their exhibit in their movies.",
    "genres" : [ {
      "id" : 16,
      "name" : "Animation"
    }, {
      "id" : 35,
      "name" : "Comedy"
    } ]
  }, {
    "id" : 313952,
    "title" : "Undelivered Package",
    "overview" : "In the near future, a company has discovered human teleportation. The world is a better place now. But the technology has a glitch. One out of several milions shipments never reaches its destination, and nobody knows the whereabouts of the lost people.",
    "genres" : [ ]
  }, {
    "id" : 313957,
    "title" : "Bull-ero",
    "overview" : "A Terrytoons cartoon involving bullfighting.",
    "genres" : [ ]
  }, {
    "id" : 313962,
    "title" : "The Chronicles of Narnia: Prince Caspian",
    "overview" : "Prince Caspian calls Lucy, Edmund, Peter and Susan back to Narnia in his most harrowing time of need.  Led by Aslan, the Great Lion, the children help young Caspian defeat corrupt King Miraz in a spectacular battle.",
    "genres" : [ {
      "id" : 10751,
      "name" : "Family"
    }, {
      "id" : 14,
      "name" : "Fantasy"
    } ]
  }, {
    "id" : 313967,
    "title" : "Der kleine Ritter Trenk - Auf zur Burg Hohenlob!",
    "overview" : "",
    "genres" : [ {
      "id" : 16,
      "name" : "Animation"
    }, {
      "id" : 10751,
      "name" : "Family"
    } ]
  }, {
    "id" : 313972,
    "title" : "East, West, East: The Final Sprint",
    "overview" : "An amateur cycling team from Albania heads to France to take part in a tournament only to discover on the way that revolution has broken out back home.",
    "genres" : [ {
      "id" : 18,
      "name" : "Drama"
    }, {
      "id" : 35,
      "name" : "Comedy"
    } ]
  }, {
    "id" : 313977,
    "title" : "Pieter Post - En De Kinderen Van Groenbeek",
    "overview" : "",
    "genres" : [ {
      "id" : 10751,
      "name" : "Family"
    }, {
      "id" : 12,
      "name" : "Adventure"
    }, {
      "id" : 16,
      "name" : "Animation"
    } ]
  }, {
    "id" : 313982,
    "title" : "Back in Trouble",
    "overview" : "Unsuccessful Luxembourg bank robber Johnny Chicago is released from prison and immediately and incompetently attempts to resume his life of crime. In a few days he manages to get his old partner fired and thrown out of the house, his girlfriend arrested and jailed, all the while scheming to rob a bunch of German pensioners, stop a train and make some quick money to make a name for himself.",
    "genres" : [ {
      "id" : 35,
      "name" : "Comedy"
    } ]
  }, {
    "id" : 313987,
    "title" : "The Runner",
    "overview" : "First breath is a decision. Each subsequent breath is a struggle for a goal still not in sight. A struggle for life. He is a former professional runner. A marathon runner. He reveals his suffering, pain and effort which are crucial elements of each and every race.",
    "genres" : [ ]
  }, {
    "id" : 313992,
    "title" : "Latest Fashion ('78 Spring-Summer)",
    "overview" : "Fashion film directed by Gábor Bódy. Screened in retrospective at Alternative Film/Video Belgrade Festival 2014.",
    "genres" : [ ]
  }, {
    "id" : 313997,
    "title" : "Oliyambukal",
    "overview" : "This film revolved around a young man's revenge against his father's killers though all possible ways",
    "genres" : [ {
      "id" : 53,
      "name" : "Thriller"
    } ]
  }, {
    "id" : 314002,
    "title" : "No Other Choice",
    "overview" : "An undercover documentary film produced and directed by British filmmaker Dominic Brown, about the struggle of the indigenous Sahrawi people of Western Sahara. The documentary covers the current human rights and political situation of the Sahrawi. There are several interviews recorded with human rights victims including an elderly lady who had been attacked in her home the previous day by Moroccan security forces. There is also a focus given to the alleged vested interests of countries in the region, particularly France. The film states that the French Government's close relationship with Morocco, their trade deals and their use of veto over the terms of the UN mission in Western Sahara are major factors.",
    "genres" : [ {
      "id" : 99,
      "name" : "Documentary"
    } ]
  }, {
    "id" : 314007,
    "title" : "Susan Wong: My LIVE Stories",
    "overview" : "Susan Wong's first ever blu-ray, My Live Stories was filmed live over 2 days in the world famous Ocean Way Studios in Nashville,USA. The performance was filmed in high definition and was recorded and mixed at 24bit/96khz and encoded as DTS-HD 96/24 &amp; PCM Stereo 96/24. Highlights include Billie Jean, the blues tinged Cry Me A River, an up tempo Perfect and a spine tingling performance of Desperado.",
    "genres" : [ {
      "id" : 10402,
      "name" : "Music"
    } ]
  }, {
    "id" : 314012,
    "title" : "Night Life of New York",
    "overview" : "",
    "genres" : [ {
      "id" : 10749,
      "name" : "Romance"
    }, {
      "id" : 35,
      "name" : "Comedy"
    } ]
  }, {
    "id" : 314022,
    "title" : "Thomas & Friends: Thomas and the Toy Workshop",
    "overview" : "ALL ABOARD! Thomas, Percy, and their friends learn about the \"Spirit of Sodor\" and the secret of the cliffs. Join them as they prepare for the grand opining of the Toy workshop and find out what lies at the end of the rainbow! Hop on board for these nonstop adventures today!",
    "genres" : [ ]
  }, {
    "id" : 314027,
    "title" : "Siani Alessandro - Tienimi presente",
    "overview" : "",
    "genres" : [ {
      "id" : 35,
      "name" : "Comedy"
    } ]
  }, {
    "id" : 314032,
    "title" : "The Perfect Storm: Story of the 1994 Montreal Expos",
    "overview" : "In 1994, the Montreal Expos held the best record in baseball until the mid-August strike and the entire post-season was cancelled.  The team never found success again, and in 2004, the franchise was forced to leave Montreal and move to Washington. This film provides access to powerful behind-the-scenes footage – ranging from the players’ bus ride to the stadium, to their emotional reactions stepping onto the field, to the Montreal fans who have never forgotten baseball’s best team in 1994. Interviews with media who followed the team’s season and discussions with former coaches and players will paint both a thrilling and heartbreaking picture of the influential ‘94 Montreal Expos – a groundbreaking squad whose legacy lives on in Montreal ",
    "genres" : [ {
      "id" : 99,
      "name" : "Documentary"
    } ]
  }, {
    "id" : 314037,
    "title" : "Hitting the Trail",
    "overview" : "A silent cartoon short produced by Mason Wadsworth and animated by John R. McCory.",
    "genres" : [ ]
  }, {
    "id" : 314047,
    "title" : "Seven Ways from Sundown",
    "overview" : "",
    "genres" : [ ]
  }, {
    "id" : 314052,
    "title" : "The Appendices: Part Eight - Return to Middle-earth",
    "overview" : "Bonus Disc 2 of The Hobbit - An Unexpected Journey (Extended Edition)  The Company of Thorin\" Documentary  \"Mr. Baggins: The 14th Member\" Documentary  \"Durin's Folk: Creating the Dwarves\" Documentary  \"The Peoples and Denizens of Middle-earth\" Documentary  \"Realms of the Third Age: From Bag End to Goblin-town\" Documentary  \"The Songs of The Hobbit\" Documentary",
    "genres" : [ {
      "id" : 99,
      "name" : "Documentary"
    } ]
  }, {
    "id" : 314057,
    "title" : "Nepravděpodobná romance",
    "overview" : "",
    "genres" : [ {
      "id" : 18,
      "name" : "Drama"
    } ]
  }, {
    "id" : 314062,
    "title" : "Die Schneekönigin",
    "overview" : "",
    "genres" : [ {
      "id" : 10751,
      "name" : "Family"
    }, {
      "id" : 14,
      "name" : "Fantasy"
    } ]
  }, {
    "id" : 314067,
    "title" : "Herrskap och tjänstehjon",
    "overview" : "",
    "genres" : [ {
      "id" : 35,
      "name" : "Comedy"
    } ]
  }, {
    "id" : 314072,
    "title" : "Masa",
    "overview" : "This prison break story combines animation, puppetry and live action. The parallel worlds and scales collide as Masa, a guinea pig yearning for freedom, and his owner go about implementing their own plans. In his nest, the technologically surprisingly advanced and creative pet plots his convoluted getaway plans, which always run into the impenetrable wall of his owner’s love. This movie features electric gadgets, bodybuilding, Steve McQueen and surprisingly long monologues spoken in guinea pig language.",
    "genres" : [ {
      "id" : 16,
      "name" : "Animation"
    } ]
  }, {
    "id" : 314077,
    "title" : "A Finnish Fable 2011",
    "overview" : "Snapshots of the life of a mannequin in the countryside.",
    "genres" : [ {
      "id" : 16,
      "name" : "Animation"
    } ]
  }, {
    "id" : 314082,
    "title" : "Blur: The Best Of",
    "overview" : "The Best Of Blur - A Collection of Blur's Music Videos",
    "genres" : [ ]
  }, {
    "id" : 314087,
    "title" : "Time Trip App",
    "overview" : "In 1868, a battle between new government forces and shogunate forces are about to take place in Edo. Katsu Kaishu (Hiroshi Tamaki) wants to avoid useless bloodshed and sends a peace envoy to Takamori Saigō, but Katsu Kaishu is unable to get a response from Takamori Saigō. One day, Katsu Kaishu meets high school teacher Mikako (Satomi Ishihara) and her student Masaya who is captivated by the shogunate. Mikako and her student Masaya tells Katsu Kaishu that they are from the future. Katsu Kaishu takes care of Mikako and her student Masaya, while Mikako hopes to go back to the future where she came from.",
    "genres" : [ {
      "id" : 878,
      "name" : "Science Fiction"
    }, {
      "id" : 18,
      "name" : "Drama"
    } ]
  }, {
    "id" : 314092,
    "title" : "Void",
    "overview" : "",
    "genres" : [ ]
  }, {
    "id" : 314097,
    "title" : "Los Hijos de María Morales",
    "overview" : "Two brothers known in town for their womanizing, drinking and rowdiness meet their matches when two girls who like them decide to tame the two machos.",
    "genres" : [ {
      "id" : 18,
      "name" : "Drama"
    }, {
      "id" : 35,
      "name" : "Comedy"
    } ]
  }, {
    "id" : 314102,
    "title" : "Scryed Alteration I: Tao",
    "overview" : "Special recap of Scryed to commemorate the 10th anniversary of the anime; featuring digital remastering and some new footage.\r A strange environmental phenomenon 22 years ago in the Kanazawa prefecture caused the land to split and protrude upwards reaching unprecedented heights, creating the secluded area known as The Lost Ground. Kazuma is a young mercenary who lives in the Lost Ground, looking for any work he can find to sustain his livelihood within the harsh environment. He is one of the few people that are gifted with the Alter ability, which allows him to plaster his right arm and torso with a metallic alloy. When this mercenary encounters HOLY, an order whose purpose is to suppress and capture what they call Native Alter Users, and one of the elite members of HOLY, Ryuho, an epic rivalry begins.",
    "genres" : [ {
      "id" : 28,
      "name" : "Action"
    }, {
      "id" : 12,
      "name" : "Adventure"
    }, {
      "id" : 16,
      "name" : "Animation"
    }, {
      "id" : 878,
      "name" : "Science Fiction"
    } ]
  }, {
    "id" : 314112,
    "title" : "Sloppy Head 6",
    "overview" : "In 'Sloppy Head 6' director Jonni Darkko presents filthy, spit and sperm-slathered blow jobs. Sloppy Head # 6 porn Glamorous brunette Adriana Chechik drools into a martini glass and all over herself. Sloppy Head # 6 DVD video A soaking, deep-throat suck job cascades gag slime all over his balls, and nasty Adriana swallows her viscous mess.",
    "genres" : [ ]
  }, {
    "id" : 314117,
    "title" : "The House by the Railway Tracks",
    "overview" : "A Serbian family leaves the troubled Kosovo region after Albanians rape the daughter in front of her mother. When they leave their home after the assault, their family tombs are desecrated, and the move to northern Serbia is marked by rejection by the local people of their new community.",
    "genres" : [ {
      "id" : 18,
      "name" : "Drama"
    } ]
  }, {
    "id" : 314122,
    "title" : "Die blaue Kanone",
    "overview" : "A crime comedy directed by Otto W. Retzer.",
    "genres" : [ {
      "id" : 80,
      "name" : "Crime"
    }, {
      "id" : 35,
      "name" : "Comedy"
    } ]
  }, {
    "id" : 314127,
    "title" : "A Wife's Nightmare",
    "overview" : "Liz, just returned home after a mental breakdown, has to welcome a relative stranger into her home when Caitlin, a young, vivacious woman, claims to be her husband's daughter.",
    "genres" : [ {
      "id" : 10770,
      "name" : "TV Movie"
    }, {
      "id" : 53,
      "name" : "Thriller"
    }, {
      "id" : 18,
      "name" : "Drama"
    }, {
      "id" : 9648,
      "name" : "Mystery"
    } ]
  }, {
    "id" : 314132,
    "title" : "The Ghost Of Uniondale",
    "overview" : "Die Spook van Uniondale tells the story of the legend of The Ghost of Uniondale. It is a charming romantic family comedy based on true rumours. The movie is filled with original characters such as the charming Cornelius played by Tobie Cronje and the sinister Jan-Dawid played by Andre Schwartz. The princess of the film Marie is portrayed by Tanya van Graan and her love interest Johan played by Ivan Zimmermann. This film is bedazzled with light hearted moments that will make you smile and gut wrenching scenes Written by Pierre Smith",
    "genres" : [ {
      "id" : 10749,
      "name" : "Romance"
    } ]
  }, {
    "id" : 314137,
    "title" : "Water",
    "overview" : "Two men, a wanderer in need of water, and a sophisticated lowlife, having been thrown out of the saloon and in need of money, meet face to face in the town street.",
    "genres" : [ {
      "id" : 37,
      "name" : "Western"
    } ]
  }, {
    "id" : 314142,
    "title" : "Bizan",
    "overview" : "Sakiko (Matsushima Nanako), works independently at a travel agent in Tokyo. She was raised by her mother, Tatsuko (Miyamoto Nobuko), is hospitalized, Sakiko returns to her hometown Tokushima on Shikoku. The town is famous for its annual Awa Dance Festival. She is told by doctor, Terasawa Daisuke (Osawa Takao), that her mother has terminal cancer.",
    "genres" : [ {
      "id" : 18,
      "name" : "Drama"
    } ]
  }, {
    "id" : 314147,
    "title" : "Pan Novák",
    "overview" : "",
    "genres" : [ {
      "id" : 35,
      "name" : "Comedy"
    } ]
  }, {
    "id" : 314152,
    "title" : "MY 2",
    "overview" : "",
    "genres" : [ ]
  }, {
    "id" : 314157,
    "title" : "East of Suez",
    "overview" : "After being educated in England, Daisy Forbes returns to China, the country of her birth, and discovers that her father has recently died and that she has become a social outcast, owing to the public revelation that the oriental nurse who raised her was actually her mother...",
    "genres" : [ {
      "id" : 18,
      "name" : "Drama"
    } ]
  }, {
    "id" : 314162,
    "title" : "The Branding Iron",
    "overview" : "",
    "genres" : [ {
      "id" : 18,
      "name" : "Drama"
    } ]
  }, {
    "id" : 314167,
    "title" : "The Fisherman",
    "overview" : "Oswald and his girlfriend start out on a fishing trip and end up on an island with all kinds of crazy stuff going on.",
    "genres" : [ ]
  }, {
    "id" : 314172,
    "title" : "Teacher's Pests",
    "overview" : "Oswald and his friends are students in a classroom run by an increasingly violent schoolmarm in this rather poor Oswald the Lucky Rabbit cartoon.",
    "genres" : [ ]
  }, {
    "id" : 314177,
    "title" : "Ye Happy Pilgrims",
    "overview" : "Ye Happy Pilgrims is a short animated film by Walter Lantz Productions, starring Oswald the Lucky Rabbit.",
    "genres" : [ ]
  }, {
    "id" : 314182,
    "title" : "Merry Mutineers",
    "overview" : "Two little boys \"battle\" their toy pirate ships in a pool. The crews of both sea vessels are made of caricatures of such 30's era stars as Charles Laughton (as Captain Bligh), the Three Stooges, Wallace Beery, Jimmy Durante, Laurel &amp; Hardy, and the Marx Brothers.",
    "genres" : [ {
      "id" : 16,
      "name" : "Animation"
    }, {
      "id" : 35,
      "name" : "Comedy"
    } ]
  }, {
    "id" : 314187,
    "title" : "The Perfect Plan",
    "overview" : "Mr Veena only cares about himself. He wants to gain control and ruin his sister-in-law's life. He uses the people of the small town he lives in like puppets. Can his web of deceit be torn or will he succeed in his perfect plan?",
    "genres" : [ ]
  }, {
    "id" : 314192,
    "title" : "Michel Sardou - Bercy 93",
    "overview" : "",
    "genres" : [ ]
  }, {
    "id" : 314197,
    "title" : "Boy Briefs 4",
    "overview" : "BOYS BRIEFS 4 is a collection of six short films about gay male hustlers. While sex plays a key role in these films they aren't mere exploitation vehicles. Instead BOYS BRIEFS 4 reveals the true experiences of the hustler resulting in a series of slice-of-life vignettes that are surprisingly poignant and emotionally compelling.",
    "genres" : [ {
      "id" : 18,
      "name" : "Drama"
    } ]
  } ]
}