{
  "movies" : [ {
    "id" : 91367,
    "title" : "Sing Your Song",
    "overview" : "Most people know the lasting legacy of Harry Belafonte, the entertainer. This film unearths his significant contribution to and his leadership in the civil rights movement in America and to social justice globally.",
    "genres" : [ {
      "id" : 99,
      "name" : "Documentary"
    } ]
  }, {
    "id" : 91377,
    "title" : "Jethro Tull: Jack in the Green - Live in Germany",
    "overview" : "This collection of live performances filmed in Germany in the 1970's, '80s and '90s capture British rockers Jethro Tull in top form over a long and fruitful career. Selection from concerts recorded in 1982 and 1986 include \"Aqualung,\" \"Heavy Horses,\" \"Thick as a Brick,\" \"Too Old to Rock 'n' Roll: Too Young to Die\" and \"Locomotive Breath.\" Bonus tracks from 1970-71 and 1993 include \"So Much Trouble,\" \"Nothing is Easy\" and \"My Sunday Feeling.\"",
    "genres" : [ {
      "id" : 10402,
      "name" : "Music"
    }, {
      "id" : 99,
      "name" : "Documentary"
    } ]
  }, {
    "id" : 91382,
    "title" : "The Cat",
    "overview" : "Short animated inspired by the Aesop's fable.",
    "genres" : [ {
      "id" : 16,
      "name" : "Animation"
    }, {
      "id" : 14,
      "name" : "Fantasy"
    } ]
  }, {
    "id" : 91387,
    "title" : "Mister Twister",
    "overview" : "Adaptation of the satirical poem by Samuil Marshak, ridiculed racism. Mister Twister with his family went to the USSR on the boat, previously agreed with the Cook Travel Company to any boat or in the hotel was not \"blacks, Malays and other riff-raff.\" Arriving in Leningrad, Twister and his family stayed at the hotel \"Engleterre\", and everything went smoothly until they saw on one of the floors the guest from Africa.",
    "genres" : [ {
      "id" : 35,
      "name" : "Comedy"
    }, {
      "id" : 16,
      "name" : "Animation"
    } ]
  }, {
    "id" : 91402,
    "title" : "Cockasian 2",
    "overview" : "It’s better than a fortune cookie, fried ice cream, pad thai, and sushi! Director Robby D. mastered the art of high-def porn and now he’s created a whole new breed of gonzo eye candy. This deliciously perverse title will satisfy your Asian craving for at least a week. Throughout the movie, you will enjoy the anal plundering of Katsumi and Nicara; Evelyn Lin will blow you away and there’s enough succulent p*ssy to keep you going for almost three hours. This amazing, all-Asian, f*ck fare is guaranteed to rock your planet.",
    "genres" : [ ]
  }, {
    "id" : 91417,
    "title" : "Dragons: Gift of the Night Fury",
    "overview" : "The Viking town of Berk, now enjoying its new alliance with the dragons, is preparing for its annual winter holiday of Snoggletog. However, that spirit is threatened when all the dragons, except Toothless who needs Hiccup to help him, suddenly fly away for some reason. While Astrid ineffectually tries to salvage the occasion, Hiccup decides to build Toothless a new prosthetic to allow him to fly independently, only to have the dragon take off as well. However, as the holiday approaches, Hiccup finds himself swept up to learn the dragons' secret the hard way and to find a solution to bring them home early.",
    "genres" : [ {
      "id" : 16,
      "name" : "Animation"
    }, {
      "id" : 35,
      "name" : "Comedy"
    }, {
      "id" : 12,
      "name" : "Adventure"
    } ]
  }, {
    "id" : 91422,
    "title" : "Not With My Wife, You Don't!",
    "overview" : "During the Korean War, Italian nurse Virna Lisi falls in love with two American fliers, Tony Curtis and George C. Scott. Lisi marries Curtis after he convinces her that Scott has been killed in a plane crash. She soon discovers Scott is alive, but remains happily married to Curtis until Scott re-enters their lives 14 years later. Written by Jeanne Armintrout",
    "genres" : [ {
      "id" : 35,
      "name" : "Comedy"
    } ]
  }, {
    "id" : 91442,
    "title" : "Portugiesische Feigen",
    "overview" : "Typical Christine Black &amp; Gina Janssen roaming around having sex or watching people have sex.",
    "genres" : [ ]
  }, {
    "id" : 91467,
    "title" : "Madame O",
    "overview" : "After being brutally gang-raped, a young girl grows into a woman with a double life: She's a well-to-do doctor by day and, by night, a revenge-driven streetwalker who uses sex as a weapon. That all changes when she finally falls in love and begins a new life with her husband -- only to discover that he has a troubling secret of his own.",
    "genres" : [ {
      "id" : 18,
      "name" : "Drama"
    } ]
  }, {
    "id" : 91472,
    "title" : "Man from Del Rio",
    "overview" : "Mexican gunfighter Dave Robles outdraws the town's outlaw-turned-sheriff and is invited to fill the dead man's shoes. But a tin star doesn't bring automatic respectability and Robles is shunned by the town's leading citizens. His popularity with its less-savory element, particularly saloonkeeper Bannister, wanes dramatically, too, as he starts to take his job seriously. It is his love for a decent, caring woman that keeps Dave in town, but can she convince him to lay down his gun and start a new life?",
    "genres" : [ {
      "id" : 37,
      "name" : "Western"
    } ]
  }, {
    "id" : 91477,
    "title" : "Men of the Fighting Lady",
    "overview" : "M-G-M presents the heroic story of what happened to the MEN OF THE FIGHTING LADY",
    "genres" : [ ]
  }, {
    "id" : 91482,
    "title" : "Mondo Freudo",
    "overview" : "A “hidden camera” takes the viewer on a worldwide tour of sexual practices and rituals, including Tijuana strippers, Asian sex shows, British prostitutes, New York devil worshipers and a Mexican slave market.",
    "genres" : [ {
      "id" : 99,
      "name" : "Documentary"
    } ]
  }, {
    "id" : 91487,
    "title" : "State of Siege",
    "overview" : "Like most of Costa-Gavras' political thrillers, the French State of Siege is based on a true story. The incident dramatized herein is the kidnapping of a U.S. official somewhere in Latin America. The director's sympathies clearly lie with the kidnappers, especially since the official (played by Yves Montand), ostensibly an expert in traffic control, has been assigned as special advisor to the government's secret police, training these worthies in the art of the torturing of political prisoners. Uruguay was the country where this story actually took place; though no names are given, there's little doubting the identity of Costa-Gavras' fictional locale. Despite its up-to-date radicalism, State of Siege adheres to time-honored Hollywood formula, with ugly, vulgar bad guys vs. handsome, articulate good guys.",
    "genres" : [ {
      "id" : 18,
      "name" : "Drama"
    }, {
      "id" : 53,
      "name" : "Thriller"
    } ]
  }, {
    "id" : 91497,
    "title" : "Eurythmics: Ultimate Collection",
    "overview" : "The Ultimate Collection of Eurythmics' music videos. Tracklist: 1. I've Got A Life - 2. Love Is A Stranger - 3. Sweet Dreams [Are Made Of This] - 4. Who's That Girl? - 5. Right By Your Side - 6. Here Comes That Rain Again - 7. Would I Lie To You? - 8. There Must Be An Angel [Playing With My Heart] - 9. Sisters Are Doin' It For Themselves - 10. It's Alright [Baby's Coming Back] - 11. When Tomorrow Comes - 12. Thorn In My Side - 13. The Miracle Of Love - 14. Missionary Man - 15. You Have Placed A Chill In My Heart - 16. I Need A Man - 17. I Saved The World Today",
    "genres" : [ ]
  }, {
    "id" : 91502,
    "title" : "El insolito embarazo de los martinez",
    "overview" : "One man becomes each day more and more fat. The exercise does not help him. Finally he goes to the doctor that finds out his problem: he is pregnant.",
    "genres" : [ ]
  }, {
    "id" : 91507,
    "title" : "Настоящий Путин",
    "overview" : "",
    "genres" : [ ]
  }, {
    "id" : 91512,
    "title" : "Sunday",
    "overview" : "An imaginative boy suffers the stifling ordinariness of his family's weekly Sunday ritual.",
    "genres" : [ {
      "id" : 16,
      "name" : "Animation"
    } ]
  }, {
    "id" : 91522,
    "title" : "The Hybrid Union",
    "overview" : "Machines working on different energy sources see their fortunes fluctuate depending on their proximity to a giant cloud.",
    "genres" : [ {
      "id" : 16,
      "name" : "Animation"
    } ]
  }, {
    "id" : 91527,
    "title" : "Vaastupurush",
    "overview" : "Dr. Bhaskar, a Magsaysay Award winner, returns to his native village after forty years accompanied by his doctor son and American daughter-in-law. While watching the ruins of his ancestral manor, Dr. Bhaskar remembers the critical year before his joining medical college. It was not his Gandhian freedom fighter father nor his feudal uncle or romantic elder brother, but his mother who motivated him to be a doctor for the service of the poor. She believed that is the only way to appease the Guardian Spirit of the house. Bhaskar is indebted to another woman, Krishnatai, his brother's lower caste lover, who was enlightened enough to support his mother's dream. Bhaskar is now back home to fulfill the wish of his mother",
    "genres" : [ ]
  }, {
    "id" : 91532,
    "title" : "Het Goede Doel: Alsof er niets gebeurd is",
    "overview" : "",
    "genres" : [ {
      "id" : 10402,
      "name" : "Music"
    } ]
  }, {
    "id" : 91547,
    "title" : "The Other Side of Sleep",
    "overview" : "Loosely inspired by the director’s own memory of a girl’s disappearance from her village, the film follows Arlene (Antonia Campbell-Hughes), a young factory worker living alone in a rural Irish community.",
    "genres" : [ {
      "id" : 18,
      "name" : "Drama"
    }, {
      "id" : 53,
      "name" : "Thriller"
    }, {
      "id" : 10769,
      "name" : "Foreign"
    } ]
  }, {
    "id" : 91552,
    "title" : "The Year of the Tiger",
    "overview" : "A prison inmate escapes from his wrecked penitentiary during Chile's February 2010 earthquake.",
    "genres" : [ {
      "id" : 10769,
      "name" : "Foreign"
    }, {
      "id" : 18,
      "name" : "Drama"
    } ]
  }, {
    "id" : 91567,
    "title" : "Long Play",
    "overview" : "A rainy day forces Joaquin, Joe Luis and Alvaro to refuge in Martins' house. They also go there two Swedish girls who want love and spanish ham; a nun with hobbies of racing driver; a fat priest; a policeman unable to establish order; and the father of Joaquin, a fortune hunter. In the chaos that is triggered, the five young people discover their common love for music and they form a band.",
    "genres" : [ ]
  }, {
    "id" : 91577,
    "title" : "Beth Hart: Live at The Echoplex",
    "overview" : "Beth Hart with Special Guest Joe Bonamassa at The Echoplex, Los Angeles, CA, recorded on September 19, 2011 (source: YouTube) Tracklist: 1. As Good As It Gets - 2. Favorite Things - 3. LA Song - 4. Leave the Light On - 5. Monkey Back - 6. One Eyed Chicken - 7. Skin - 8. Ugliest House On The Block - 9. My California - 10. Everybody Is Sober - 11. Lifts You Up - 12. Happiness Any Day Now - 13. Immortal - 14. Sister Heroine - 15. Sick - 16. Well, Well, Well - 17. I'll Take Care of You - 18. Chocolate Jesus - 19. A Change Is Gonna Come - 20. Sinner's Prayer - 21. Something's Got a Hold on Me - 22. For My Friends - 23. I'd Rather Go Blind (Rock Candy Funk Party) - 24. Am I The One (Echoplex 20-09-2011) *** Tracks 16-22 with support of Joe Bonamassa",
    "genres" : [ {
      "id" : 10402,
      "name" : "Music"
    } ]
  }, {
    "id" : 91582,
    "title" : "Bloodstained Clan Of Honor",
    "overview" : "It takes place in the sunset days of the yakuza in the 1970s. The postwar turmoil that created the black market and lubricated illegal business opportunities was giving way to Japan Inc. A young Bunta Sugawara takes over as the oyabun of a crime syndicate in Yokohama, where he is struggling to keep operations at the port there alive.  As his syndicate is eroding quickly, a major heavy industries company offers his gang the chance to chase some vagrants out of a shantytown where they are squatting on land where a factory is to be built. The job would secure steady profits for Bunta's crime ring for years to come. However, Bunta and other members of his outfit grew up in the shanty, and they would be muscling their friends and neighbors. This sets the stage for an internal struggle that complicates the violent struggle with a rival mafia organization in Tokyo.",
    "genres" : [ {
      "id" : 28,
      "name" : "Action"
    }, {
      "id" : 80,
      "name" : "Crime"
    } ]
  }, {
    "id" : 91587,
    "title" : "Colossus and the Amazon Queen",
    "overview" : "Two muscle-men come up against a tribe of Amazon women.",
    "genres" : [ {
      "id" : 28,
      "name" : "Action"
    }, {
      "id" : 12,
      "name" : "Adventure"
    }, {
      "id" : 35,
      "name" : "Comedy"
    } ]
  }, {
    "id" : 91592,
    "title" : "Vampiro: Angel, Devil, Hero",
    "overview" : "Documentary about the life of wrestler Ian Hodgkinson, \"Vampiro\", detailing his biggest international tour as well as his life outside the ring.",
    "genres" : [ {
      "id" : 99,
      "name" : "Documentary"
    } ]
  }, {
    "id" : 91607,
    "title" : "Who Is Harry Kellerman and Why Is He Saying Those Terrible Things About Me?",
    "overview" : "Georgie Soloway, a pop hit love song writer who cannot love, himself, or others. He spends his days with various women flying his plane, and dropping in to the world around him.",
    "genres" : [ {
      "id" : 18,
      "name" : "Drama"
    }, {
      "id" : 35,
      "name" : "Comedy"
    } ]
  }, {
    "id" : 91612,
    "title" : "Caged Fury",
    "overview" : "Kat arrives in Los Angeles to audition for movies. However, after meeting a sleazy producer, she and her new friend find themselves in a women's prison run by sadistic guards and a lesbian warden.",
    "genres" : [ {
      "id" : 28,
      "name" : "Action"
    }, {
      "id" : 53,
      "name" : "Thriller"
    } ]
  }, {
    "id" : 91617,
    "title" : "Tori Amos: Live from The Artists Den",
    "overview" : "The Veterans Room of New York City’s Park Avenue Armory set the stage for a private concert by Tori Amos for one hundred lucky fans. Described as “Greek, Moresque, and Celtic with a dash of the Egyptian, the Persian, and the Japanese,” the room provided a fitting setting for one of the most eclectic and culturally curious artists in music today.  Amos performed a career-spanning set featuring classics from her debut Little Earthquakes through to Abnormally Attracted to Sin.  A candid interview with Tori is also included.  Tori Amos is one of the most influential and respected artists of the modern era.  The double-digit Grammy nominee has recorded 11 acclaimed studio albums (and gone platinum nearly 20 times) since emerging in the early ’90s.  She released two new CDs in 2009:Abnormally Attracted to Sin and her first seasonal project, Midwinter Graces.",
    "genres" : [ {
      "id" : 10402,
      "name" : "Music"
    } ]
  }, {
    "id" : 91622,
    "title" : "Late Fragment",
    "overview" : "Faye, Kevin and Théo three troubled strangers, three lives fractured by thoughts and acts of violence. In the interactive feature film Late Fragment, their narratives interlock in a unique cinematic experience in which you play a creative and interactive role. Navigating through the movie, you uncover their stories, and their secrets, at will, controlling the flow and direction of the elaborate sequencing with a simple click.",
    "genres" : [ {
      "id" : 18,
      "name" : "Drama"
    } ]
  }, {
    "id" : 91627,
    "title" : "Love Me Deadly",
    "overview" : "A coven of devil-worshipping necrophiliacs moves to Los Angeles and sets up their base of operations out of a funeral home.",
    "genres" : [ {
      "id" : 27,
      "name" : "Horror"
    }, {
      "id" : 18,
      "name" : "Drama"
    } ]
  }, {
    "id" : 91642,
    "title" : "The Nightingale",
    "overview" : "No overview found.",
    "genres" : [ {
      "id" : 16,
      "name" : "Animation"
    }, {
      "id" : 14,
      "name" : "Fantasy"
    } ]
  }, {
    "id" : 91647,
    "title" : "Wildman",
    "overview" : "\"Ürgmees\" on Ameerika näitekirjaniku Rob Beckeri kirjutatud ühemeheetendus, mis toob välja, et igas mehes on peidus tundeline ja hooliv ürgmees. \"Ürgmehe\" näol on tegemist humoorika ja teravmeelse etendusega, mis räägib meeste ja naiste vahelistest suhetest, võrdleb naisi ja mehi ning toob esile juba ürgajal kujunenud instinktid.  Ligi kaks tundi kestev näidend seletab, kuidas on naiste ja meeste erinevus loonud eri maailmapildid, kultuuri ja isegi keele ning mis moel põhjustavad need erinevused arusaamatusi ja teineteise mittemõistmist tänapäeval. Peaosalise Jan Uuspõllu sõnul elab igas mehes ürgmees. \"Arvatakse, et meestel on tundeid vähem kui naistel, aga tegelikult see nii pole,\" arvab ta. \"Mehed on tundelised, kohusetundlikud ja neil on instinkt hoida oma peret ning lähedasi.\"  Etendus lükkab ümber laialtlevinud arvamuse, et kõik mehed on mühakad, ja õigustab mõlemat sugupoolt. Muuhulgas saab etenduses üsna palju meeste ja naiste kohta teada.",
    "genres" : [ ]
  }, {
    "id" : 91652,
    "title" : "Serenades",
    "overview" : "A girl is born to an Aboriginal mother and an Afgan father.",
    "genres" : [ {
      "id" : 18,
      "name" : "Drama"
    }, {
      "id" : 10749,
      "name" : "Romance"
    }, {
      "id" : 10769,
      "name" : "Foreign"
    } ]
  }, {
    "id" : 91662,
    "title" : "Guerrilla",
    "overview" : "Bilkis Banu, lost her husband Hasan on the bloody night of 25th March 1971. She tries to forget him and concentrate on the urban guerrilla movements of Dhaka with Altaf Mahmud, Shahadat, Mrs Khan and many more. But the when spies and the razakars inform on them, most of their people get arrested and Bilkis has to run for her lives, towards her village.",
    "genres" : [ {
      "id" : 18,
      "name" : "Drama"
    }, {
      "id" : 36,
      "name" : "History"
    }, {
      "id" : 10752,
      "name" : "War"
    } ]
  }, {
    "id" : 91672,
    "title" : "A Blue Bird",
    "overview" : "No overview found.",
    "genres" : [ {
      "id" : 16,
      "name" : "Animation"
    } ]
  }, {
    "id" : 91677,
    "title" : "Greedy Lying Bastards",
    "overview" : "What happens when an industry has too much power? \"Greedy Lying Bastards\" presents a searing indictment of the influence, deceit and corruption that defines the fossil fuel industry.",
    "genres" : [ {
      "id" : 99,
      "name" : "Documentary"
    } ]
  }, {
    "id" : 91692,
    "title" : "Gehra Daag",
    "overview" : "While defending his sister's honor, Shanker kills a man. His ashamed family say he is away in Africa, while he spends the next ten years in prison. What happens when the truth comes out, can he ever find forgiveness or acceptance?",
    "genres" : [ {
      "id" : 18,
      "name" : "Drama"
    }, {
      "id" : 80,
      "name" : "Crime"
    }, {
      "id" : 10749,
      "name" : "Romance"
    }, {
      "id" : 10769,
      "name" : "Foreign"
    } ]
  }, {
    "id" : 91702,
    "title" : "Kärleksön",
    "overview" : "Katrin (Leena Hiltonen), a young erotic and primitive teenager, spends her summertime at a little island in the Stockholm archipelago.",
    "genres" : [ ]
  }, {
    "id" : 91712,
    "title" : "I don´t Care",
    "overview" : "",
    "genres" : [ ]
  }, {
    "id" : 91717,
    "title" : "Winter Of Wells The Documentary",
    "overview" : "For the past two years “Winter of Wells” has enjoyed cult status: hundreds of thousands of viewers have followed the 22 episodes of the online documentary about Jossi Wells and his ski-obsessed family. But that’s not enough, according to director Tim Pierce: since the start of the year he has been shooting a DVD documentary about Jossi, Byron, Beau and Jackson Wells and their parents Bruce and Stacey. “The story of the Wells family is one of the most exciting tales there has ever been in action sport,” says Pierce, “Which is why I want to introduce this unique family, which has spawned four of the most talented freeskiers in the world.” In 52 action-packed minutes, viewers are not only given a surprising insight into the dynamics of an exceptional family. They get to experience skiing at a whole new level. “This docu-DVD aims to give the fans more than ever before. It’s like ‘Winter of Wells’ on steroids.”",
    "genres" : [ ]
  }, {
    "id" : 91722,
    "title" : "Norman... Is That You?",
    "overview" : "Parents (Redd Foxx, Pearl Bailey) discover their son is gay and lives in Hollywood with his white lover (Dennis Dugan).",
    "genres" : [ {
      "id" : 35,
      "name" : "Comedy"
    }, {
      "id" : 18,
      "name" : "Drama"
    } ]
  }, {
    "id" : 91727,
    "title" : "Night Must Fall",
    "overview" : "When a rich but cantankerous dowager on an isolated estates hires an engaging handyman, her niece/companion becomes suspicious of his motives.",
    "genres" : [ {
      "id" : 18,
      "name" : "Drama"
    }, {
      "id" : 9648,
      "name" : "Mystery"
    }, {
      "id" : 53,
      "name" : "Thriller"
    } ]
  }, {
    "id" : 91732,
    "title" : "Nudo e crudele",
    "overview" : "Documentary about strange or grotesque things around the world: the sacred city of Benares, India, where old men go to die and be cremated; an american tourist in Hong-Kong, who buys a \"baby-prostitute\"; many animals having sex; the celebration in honor of a totem with the shape of a penis, in Japan; topless and prostitution places; an african tribe in which the men have gigantic male organs; a massage parlour in Thailand; snakes being eaten almost alive; hunting and safaris in Africa; a ranger being eaten by an alligator, in Florida; a missionary priest being eaten by indians; the betting clubs and strip-tease joints in Las Vegas; and much more.",
    "genres" : [ {
      "id" : 99,
      "name" : "Documentary"
    } ]
  }, {
    "id" : 91737,
    "title" : "The Learning Tree",
    "overview" : "The story, set in Kansas during the 1920's, covers less than a year in the life of a black teenager, and documents the veritable deluge of events which force him into sudden manhood. The family relationships and enmities, the fears, frustrations and ambitions of the black teenager in small-town America are explored with a strong statement about human values.",
    "genres" : [ {
      "id" : 18,
      "name" : "Drama"
    } ]
  }, {
    "id" : 91767,
    "title" : "Harry & Son",
    "overview" : "Widower Harry Keach is a construction worker who was raised to appreciate the importance of working for a living. He takes a dim view of his sensitive son Howard's lackadaisical lifestyle and has a strained relationship with his daughter Nina as he does not approve of her husband. When Harry is fired from his job, his life changes drastically as he is made to focus on the relationships around him.",
    "genres" : [ {
      "id" : 18,
      "name" : "Drama"
    } ]
  }, {
    "id" : 91772,
    "title" : "Tierra: Infierno",
    "overview" : "A short film inspired by Austin Osman Spare’s first book released on DVD by Fulgur Limited. The film was produced in Argentina by Mor Navon and Julian Moguillansky. Contains nudity and moderate sex references",
    "genres" : [ {
      "id" : 878,
      "name" : "Science Fiction"
    } ]
  }, {
    "id" : 91777,
    "title" : "Monpura",
    "overview" : "A housemaid is killed by a local landlord's son. His servant takes the blame for the murder, to save the landlord's mentally ill son and is marooned in an island named Monpura. There the servant comes across a fisherman's daughter.",
    "genres" : [ {
      "id" : 10749,
      "name" : "Romance"
    } ]
  }, {
    "id" : 91782,
    "title" : "Libero Burro",
    "overview" : "",
    "genres" : [ ]
  }, {
    "id" : 91797,
    "title" : "Mama tomate la sopa",
    "overview" : "40 years old Vicente lives with his mother who wants him to get married with his boring girlfriend but he likes someone else more.",
    "genres" : [ {
      "id" : 35,
      "name" : "Comedy"
    } ]
  }, {
    "id" : 91802,
    "title" : "Playa del Futuro",
    "overview" : "Den Traum vom Lebensabend im sonnigen Spanien haben sich inzwischen immer mehr Deutsche erfüllt. Die iberische Halbinsel wird bei Aussteigern immer beliebter. Eher zufällig kommt in Peter Lichtefelds „Playa Del Futuro“, seinem erst zweiten Projekt in Spielfilmlänge, der Protagonist mit diesem Lebensziel in Berührung, denn eigentlich ist er nur auf der Suche nach einem besseren Job und seiner großen Liebe.",
    "genres" : [ {
      "id" : 35,
      "name" : "Comedy"
    } ]
  }, {
    "id" : 91807,
    "title" : "Jericho",
    "overview" : "At early 16th century a priest joins the spanish conquerros in order to bring christianity to the indios. The expedition is murdered by the indios, only the priest is sparred. Santiago, the priest, first tries to continue christianization, but finally becomes one of them - until the Spaniards return.",
    "genres" : [ {
      "id" : 36,
      "name" : "History"
    }, {
      "id" : 18,
      "name" : "Drama"
    }, {
      "id" : 12,
      "name" : "Adventure"
    } ]
  }, {
    "id" : 91817,
    "title" : "Fear No Evil",
    "overview" : "High school student turns out to be personification of Lucifer. Two archangels in human form (as women) take him on.",
    "genres" : [ {
      "id" : 27,
      "name" : "Horror"
    } ]
  }, {
    "id" : 91837,
    "title" : "Oddly",
    "overview" : "\"Oddly\" was created in 2009, adapted from the ancient Chinese ghost story \"liao zhai zhi yi-BaiLianJiao.\"  A Taoist priest goes out on a boat. While he is away, his wife cheats on him with his apprentice. The Taoist priest turns the apprentice into a pig and eats him. His child witnesses the entire event.",
    "genres" : [ {
      "id" : 16,
      "name" : "Animation"
    } ]
  }, {
    "id" : 91847,
    "title" : "Sister Street Fighter: Fifth Level Fist",
    "overview" : "Although not an official sequel (Shihomi plays a different character), the film is often referred to as a sequel to the series. Kiku Nakakawa, the only daughter of an old kimono shop owner in Kyoto, is enthusiastic about karate. In order to help her friend Michi avenge her brother, she sneaks into a movie studio in Kyoto where a drug dealing syndicate is based.",
    "genres" : [ {
      "id" : 28,
      "name" : "Action"
    }, {
      "id" : 10769,
      "name" : "Foreign"
    } ]
  }, {
    "id" : 91852,
    "title" : "Blossoming No. 3369",
    "overview" : "No overview found.",
    "genres" : [ {
      "id" : 16,
      "name" : "Animation"
    } ]
  }, {
    "id" : 91862,
    "title" : "Silicon Valley: A 100 Year Renaissance",
    "overview" : "More than a history of computing, this program shows how the mecca of computer technology caused a fundamental shift in American society. Walter Cronkite is the host for this fascinating film featuring the stories of Hewlett and Packard, Intel, Apple Computer and dozens of other Silicon Valley entrepreneurs, inventors and visionaries.",
    "genres" : [ {
      "id" : 99,
      "name" : "Documentary"
    } ]
  }, {
    "id" : 91867,
    "title" : "Caught in the Headlights",
    "overview" : "A federal agent, Kate Parker arrives in a small rural town to extradite Claire Scott, a young woman suspected of murdering a government scientist. Kate is prevented from delivering her prisoner as the mysterious John Lawson, a rouge agent, now selling classified information on the black market, wants what Claire has - a deadly biological formula. Claire, unaware that she has it, proclaims her innocence, and together with Kate, must escape from Lawson and his two seasoned assassins Mr. and Mrs. Jones. Harry Eden, a CIA operative and Kate's former lover, is dropped into the equation to help Kate but ultimately might lead to her demise as a deadly game of cat-and-mouse is played to its extreme.",
    "genres" : [ {
      "id" : 53,
      "name" : "Thriller"
    } ]
  }, {
    "id" : 91872,
    "title" : "Cops vs. Thugs",
    "overview" : "In at least 6 movies by director Kinji Fukasaku, Bunta Sugawara played a yakuza thug. This time, he carries a badge but his character hasn't lost his distaste for double-dealing bosses and authority figures who are out to cover their own butts.  Detective Kuno is balanced between the law and pragmatism. Cops didn't enforce the law to the point of pushing gangsters over the edge. In return, the gangsters mostly stayed out of the public eye. Some of them even became friends with cops, sharing a mutual desire to keep-down trade unions and leftists. When that balance is upset, Kuno has to decide where his loyalties lie. In this gray world, cops aren't always good and gangsters are thoroughly bad.. although there's no reward for good men who drink from the cup of corruption.  \"Cops Versus Thugs\" has that trademark Fukasaku camera-work.. constantly moving, zooming, and putting you right in the middle of the action, changing loyalties and political maneuvering between cops and criminals.",
    "genres" : [ {
      "id" : 18,
      "name" : "Drama"
    }, {
      "id" : 28,
      "name" : "Action"
    }, {
      "id" : 10769,
      "name" : "Foreign"
    } ]
  }, {
    "id" : 91887,
    "title" : "All Things Digital: Steve Jobs and Bill Gates",
    "overview" : "The complete interview with Steve Jobs and Bill Gates at the All Things Digitial D5 conference July 2007",
    "genres" : [ ]
  }, {
    "id" : 91892,
    "title" : "Hokuriku Proxy War",
    "overview" : "In the setting of the Hokuriku region, where the snow and cold winds rage, for the first time in true-life yakuza film history, director Kinji Fukasaku shows battles among yakuza who value land over tradition. Hiroki Matsukata stars as Noboru Kawada, a Hokuriku yakuza who will use any measure for survival, disregarding parents, brothers, and tradition.",
    "genres" : [ {
      "id" : 18,
      "name" : "Drama"
    }, {
      "id" : 80,
      "name" : "Crime"
    } ]
  }, {
    "id" : 91902,
    "title" : "Ecstasy",
    "overview" : "ECSTASY is a dark romantic comedy, based on the controversial book, “Ecstasy”, by Irvine Welsh. “Ecstasy”, was translated into 20 languages and was a number one bestseller in over 20 countries. Mr. Welsh’s first book, “Trainspotting”, published in 1993, (and voted by Waterstone, Europe’s largest bookstore chain, as one of the Ten Best Books of the Century), sold over 1 million copies in the UK alone, and has its own Cinematic Cinderella success story.",
    "genres" : [ {
      "id" : 10749,
      "name" : "Romance"
    }, {
      "id" : 35,
      "name" : "Comedy"
    }, {
      "id" : 80,
      "name" : "Crime"
    } ]
  }, {
    "id" : 91927,
    "title" : "The Bengali Detective",
    "overview" : "Chubby, dance-obsessed private-detective Rajesh Ji and his motley band of helpers tackle poisonings, adultery and the occasional murder on the frenzied streets of Kolkata.",
    "genres" : [ {
      "id" : 99,
      "name" : "Documentary"
    } ]
  }, {
    "id" : 91932,
    "title" : "Coup at Daybreak",
    "overview" : "The film follows the events of the night of February 4, 1992 in Caracas, Venezuela. That night a group of military rebels staged a coup d'etat. Venezuelans found themselves as virtual prisoners. As the coup starts and fighting takes place from a military base which is in the center of the city's most affluent areas, with both luxury high rises and palatial mansions. The area of La Carlota provides a wealth of very interesting, often flamboyant and typical characters of the Latin America upper middle and upper classes. They are among the most affected. Various vignettes in these different characters' homes are developed. These people's reactions, lifestyles, vices, and humanity come out in a very honest fashion under duress.",
    "genres" : [ {
      "id" : 18,
      "name" : "Drama"
    }, {
      "id" : 28,
      "name" : "Action"
    }, {
      "id" : 36,
      "name" : "History"
    }, {
      "id" : 53,
      "name" : "Thriller"
    }, {
      "id" : 80,
      "name" : "Crime"
    }, {
      "id" : 10769,
      "name" : "Foreign"
    } ]
  }, {
    "id" : 91937,
    "title" : "Topsy Turvy",
    "overview" : "Renato is a grandfather enthusiastically, with a weak and sick body that holds prisoner in his own home, on top of a mountain, from where views of the sea, both longs and dreams of return.  Renato has three children to know their real needs and make decisions for him without asking: Montserrat, who has for caring setting aside their own interests and wants to resume his life. Anita, the second daughter, accidentally pregnant at 45, disillusioned and marriage in crisis, so focused on their personal problems, that does not perceive those of others, not even his own daughter. And Salvador, the youngest son, who by being tied to the tragic memory of the death of his mother, lives in an eternal present evasion.",
    "genres" : [ {
      "id" : 35,
      "name" : "Comedy"
    }, {
      "id" : 10751,
      "name" : "Family"
    }, {
      "id" : 18,
      "name" : "Drama"
    } ]
  }, {
    "id" : 91952,
    "title" : "Una Vida y Dos Mandados",
    "overview" : "The story of Romer, who on his 50th birthday, returns to the Andes where he grew up after he has a premonition that his mother has died. On his journey he comes to a fork in the road, and takes a path which leads him to revisit his past--an upbringing in a remote traditional community which fiercely protects its ancient customs from modernity.",
    "genres" : [ ]
  }, {
    "id" : 91967,
    "title" : "No Subtitles Necessary: Laszlo & Vilmos",
    "overview" : "The artistry, triumph and lifelong friendship of the great cinematographers Laszlo Kovacs and Vilmos Zsigmond. With film school equipment, they shoot the Soviet crackdown of the 1956 Hungarian Revolution. As refugees they struggle in Hollywood, finally breaking into the mainstream with their pivotal contribution to the \"American New Wave.\"",
    "genres" : [ {
      "id" : 99,
      "name" : "Documentary"
    } ]
  }, {
    "id" : 91972,
    "title" : "M",
    "overview" : "Mixed up by desire, love and hatred, a disturbed young man begins tailing and eventually tries to save his neighbor, a housewife who has turned to prostitution despite her comfortable lifestyle.",
    "genres" : [ {
      "id" : 18,
      "name" : "Drama"
    }, {
      "id" : 28,
      "name" : "Action"
    }, {
      "id" : 53,
      "name" : "Thriller"
    }, {
      "id" : 10769,
      "name" : "Foreign"
    } ]
  }, {
    "id" : 91982,
    "title" : "Primal Scream",
    "overview" : "In the future, a private detective tries to stop a large corporation from mining an element whose side effects include igniting human flesh and destroying internal body parts.",
    "genres" : [ {
      "id" : 27,
      "name" : "Horror"
    }, {
      "id" : 28,
      "name" : "Action"
    }, {
      "id" : 878,
      "name" : "Science Fiction"
    }, {
      "id" : 80,
      "name" : "Crime"
    } ]
  }, {
    "id" : 91987,
    "title" : "Runway Beat",
    "overview" : "Transfer student Biito “Beat” Mizorogi, talented in fashion design, bring classmates together to stage a fashion show for the school's annual festival.",
    "genres" : [ ]
  }, {
    "id" : 91992,
    "title" : "Trust - Soulagez vous dans les Urnes",
    "overview" : "",
    "genres" : [ ]
  }, {
    "id" : 92002,
    "title" : "That's My Mommy",
    "overview" : "When a duck hatches from the egg underneath Tom, he is convinced he is his mother. Tom thinks that he would like to eat the newborn duck, but Jerry shows him the truth while saving him from being eaten.",
    "genres" : [ {
      "id" : 35,
      "name" : "Comedy"
    }, {
      "id" : 16,
      "name" : "Animation"
    } ]
  }, {
    "id" : 92097,
    "title" : "Tak for i aften On tour 1-6",
    "overview" : "",
    "genres" : [ ]
  }, {
    "id" : 92117,
    "title" : "Like Water",
    "overview" : "Anderson Silva is the deadliest man on the planet - The longest-reigning UFC Champion, and the most feared fighter in mixed martial arts. Like Water offers a unique perspective of the living legend as he trains with fellow fighters Lyoto \"The Dragon\" Machida, Junior Dos Santos, and Antonio \"Minotauro\" Nogueira, in preparation for his career defining title defense against challenger, and arch villain Chael Sonnen. A man of few words, Anderson Silva walks the fine line between cockiness and confidence. A philosopher in spirit, and dedicated family man, Silva's personality contradicts that of Sonnen's, who uses trash talk and intimidation to get under his opponents' skin. Balancing family and fighting; respect for the sport, and rage for his opponent; Silva's mind and body will be put to the test, as first-time filmmaker Pablo Croce peels back the layers of an ultimate fighter to reveal the heart of a champion.",
    "genres" : [ {
      "id" : 99,
      "name" : "Documentary"
    } ]
  }, {
    "id" : 92122,
    "title" : "Louie Giglio: Hope- When Life Hurts Most",
    "overview" : "Life isn't easy.  We experience problems and setbacks every day.  But during the hardest parts of life, when the bottom seems to fall out, where do we turn to peace?  God offers Himself and His cross as an anchor of hop no matter what we face in life.  The hope we find in Him allows us to leverage our darkest moments for His fame.",
    "genres" : [ ]
  }, {
    "id" : 92127,
    "title" : "The Scarlet Worm",
    "overview" : "An aging killer trains a young hired gun in a plot to assassinate a meek brothel owner performing barbaric abortion acts on his prostitutes.",
    "genres" : [ {
      "id" : 37,
      "name" : "Western"
    } ]
  }, {
    "id" : 92132,
    "title" : "White Dew",
    "overview" : "A funny story about Fyodor - the oldest person in the village - and his three sons.",
    "genres" : [ {
      "id" : 35,
      "name" : "Comedy"
    } ]
  }, {
    "id" : 92142,
    "title" : "Devin Townsend Project - Tuska Open Air Metal Festival",
    "overview" : "Tuska Open Air Metal Festival, commonly shortened to Tuska, is the largest music festival dedicated only to metal and related styles of music in the Nordic countries.  1. Addicted!\r 2. Supercrush!\r 3. Numbered!\r 4. Truth  5. Om\r 6. Deadhead\r 7. Gaia\r 8. Earth Day\r 9. Seventh Wave\r 10. Life",
    "genres" : [ {
      "id" : 10402,
      "name" : "Music"
    } ]
  }, {
    "id" : 92152,
    "title" : "The Joker",
    "overview" : "",
    "genres" : [ {
      "id" : 18,
      "name" : "Drama"
    }, {
      "id" : 80,
      "name" : "Crime"
    }, {
      "id" : 53,
      "name" : "Thriller"
    } ]
  }, {
    "id" : 92182,
    "title" : "Silent House",
    "overview" : "Sarah returns with her father and uncle to fix up the family's longtime summerhouse after it was violated by squatters in the off-season. As they work in the dark, Sarah begins to hear sounds from within the walls of the boarded-up building. Although she barely remembers the place, Sarah senses the past may still haunt the home.",
    "genres" : [ {
      "id" : 27,
      "name" : "Horror"
    }, {
      "id" : 9648,
      "name" : "Mystery"
    } ]
  }, {
    "id" : 92202,
    "title" : "For Hire",
    "overview" : "The city has been taken over by a vicious, Mob-connected teenage gang and their deadly leader, a mysterious Martial Arts master known only as Sonny. In desperation the Mayor and Police Commissioner hire karate expert and mercenary vengeance fighter, J.D. McKay, to save their ravaged city. McKay eliminates the ruthless thugs with pin-point precision until there is only one left... Sonny... McKay's boyhood friend turned killer. They were boyhood friends. Now they are enemies. One is destroying the city... The other has been hired to stop him.",
    "genres" : [ {
      "id" : 28,
      "name" : "Action"
    }, {
      "id" : 53,
      "name" : "Thriller"
    } ]
  }, {
    "id" : 92217,
    "title" : "Unsung Hero",
    "overview" : "This is a historical account of an army officer in 1759 who managed to gather together and train 400 civilians for a special mission to try to repel an incoming Burmese army contingent.",
    "genres" : [ {
      "id" : 36,
      "name" : "History"
    }, {
      "id" : 10752,
      "name" : "War"
    } ]
  }, {
    "id" : 92227,
    "title" : "Serial Rabbit 3: Splitting Hares",
    "overview" : "Cute. Cuddly. Killer.",
    "genres" : [ {
      "id" : 27,
      "name" : "Horror"
    } ]
  }, {
    "id" : 92232,
    "title" : "Wilfred Owen: A Remembrance Tale",
    "overview" : "Jeremy Paxman tells the tragic story of World War One poet Wilfred Owen.",
    "genres" : [ {
      "id" : 99,
      "name" : "Documentary"
    }, {
      "id" : 10752,
      "name" : "War"
    }, {
      "id" : 10770,
      "name" : "TV Movie"
    } ]
  }, {
    "id" : 92237,
    "title" : "Thorium Remix",
    "overview" : "How LFTR, the Liquid Fluoride Thorium Reactor, will unlock abundant clean energy stored in Earth's plentiful thorium.",
    "genres" : [ {
      "id" : 99,
      "name" : "Documentary"
    } ]
  }, {
    "id" : 92247,
    "title" : "Adorable Liar",
    "overview" : "A romantic comedy about love adventures of two beautiful sisters - Juliette and Sophie.",
    "genres" : [ {
      "id" : 35,
      "name" : "Comedy"
    } ]
  }, {
    "id" : 92257,
    "title" : "Dance Program",
    "overview" : "After the death of her husband, Christine realizes she has possibly wasted her life by marrying him instead of the man towards whom, in her youth, she had a stronger inclination. To overcome these dreary thoughts, she decides to find out about him and the other men who danced with her during a ball that was a turning point in her life, many years ago. She pays a visit to those forgotten acquaintances one after the other; Christine is not only surprised to see how they have fared, but also discovers the impact she had, unknowingly, on the feelings and the destiny of these persons.",
    "genres" : [ {
      "id" : 18,
      "name" : "Drama"
    } ]
  }, {
    "id" : 92267,
    "title" : "Snowballing",
    "overview" : "Bus loads of teenagers arrive to the ski resort. Each one is eager to get out on the slopes to ski and score. One problem; the owner has all the prices jacked up, secretly ripping people for the last two years he has been in charge. The police don't do anything because the Sheriff is in on the cover-up. The teens feel their only chance to even the score is at a skiing tournament where the winner is picked to in a raffle to win a bunch of prizes.",
    "genres" : [ {
      "id" : 28,
      "name" : "Action"
    }, {
      "id" : 35,
      "name" : "Comedy"
    } ]
  }, {
    "id" : 92272,
    "title" : "The Organization",
    "overview" : "After a group of young revolutionaries break into a company's corporate headquarters and steal $5,000,000 worth of heroin to keep it off the street, they call on San Francisco Police Lieutenant Virgil Tibbs for assistance.",
    "genres" : [ {
      "id" : 18,
      "name" : "Drama"
    }, {
      "id" : 28,
      "name" : "Action"
    }, {
      "id" : 53,
      "name" : "Thriller"
    }, {
      "id" : 80,
      "name" : "Crime"
    } ]
  }, {
    "id" : 92277,
    "title" : "Losing Control",
    "overview" : "A smart and original, quirky comedy about a female scientist who wants proof that her boyfriend is \"the one.\"",
    "genres" : [ {
      "id" : 35,
      "name" : "Comedy"
    }, {
      "id" : 10749,
      "name" : "Romance"
    } ]
  }, {
    "id" : 92282,
    "title" : "Timber",
    "overview" : "Hobo Donald steals dinner off Pegleg Pete's table. Pete gives Donald a stick of dynamite. Then he puts Donald to work chopping trees. To say Donald is an inept lumberjack is understating the case. After several mishaps, Pete/Pierre chases Donald on railroad handcars.",
    "genres" : [ {
      "id" : 16,
      "name" : "Animation"
    } ]
  }, {
    "id" : 92287,
    "title" : "One Is a Lonely Number",
    "overview" : "A young woman has difficulty understanding why her husband walks out on her. Alone for the first time, she finds life difficult to cope with and for a time lives with the hope that her husband will come back to her. After uncovering disturbing new information about her husbands infidelity, she finally comes to realize her marriage is truly over. And it is only then that she discovers what is truly important in life.",
    "genres" : [ {
      "id" : 18,
      "name" : "Drama"
    } ]
  }, {
    "id" : 92292,
    "title" : "Star Spangled Girl",
    "overview" : "I may be provincial and old-fashioned. I may believe in a lot of dead things like patriotism and the Constitution, and I like apple pie, because that's the dumb way I was brought up, and that's the dumb way I feel!",
    "genres" : [ {
      "id" : 35,
      "name" : "Comedy"
    } ]
  }, {
    "id" : 92297,
    "title" : "Timid Tabby",
    "overview" : "Tom's cousin, George, comes to visit, even though he's terribly afraid of mice. When Jerry gets out of Tom's ineffective prison, he discovers this and takes full advantage of it though he's rather confused, since Tom and George look alike. When Tom and George find this out, it's their turn to have some fun.",
    "genres" : [ {
      "id" : 16,
      "name" : "Animation"
    }, {
      "id" : 10751,
      "name" : "Family"
    }, {
      "id" : 35,
      "name" : "Comedy"
    } ]
  }, {
    "id" : 92302,
    "title" : "Richard Simmons Disco Blast-Off",
    "overview" : "Part of Richard Simmons' Blast Off the Pounds program, Disco Blast Off offers a fun dance workout to the hits of the disco era. The program provides total body conditioning with a high-energy 30-minute dance, followed by ten minutes of toning excercises. Includes the disco hit songs \"Boogie Oogie Oogie,\" \"Shame,\" and \"YMCA.\" Useful for all fitness levels, but especially recommended for beginners.",
    "genres" : [ ]
  }, {
    "id" : 92307,
    "title" : "The Final Comedown",
    "overview" : "Black revolutionaries take action in the white suburbs.",
    "genres" : [ {
      "id" : 18,
      "name" : "Drama"
    } ]
  }, {
    "id" : 92312,
    "title" : "Django the Bastard",
    "overview" : "A Union soldier returns from the dead to take revenge on three officers who betrayed his unit in battle.",
    "genres" : [ {
      "id" : 28,
      "name" : "Action"
    }, {
      "id" : 53,
      "name" : "Thriller"
    }, {
      "id" : 37,
      "name" : "Western"
    } ]
  }, {
    "id" : 92317,
    "title" : "Vampire Dentist",
    "overview" : "After two new bumbling young dentists partner with a 'night-only' dentist, the staff and clients from the two different 'lifestyles' clash.",
    "genres" : [ {
      "id" : 27,
      "name" : "Horror"
    }, {
      "id" : 35,
      "name" : "Comedy"
    } ]
  }, {
    "id" : 92322,
    "title" : "George: A Zombie Intervention",
    "overview" : "George's friends have all gathered for an intervention... George's intervention. You see, George is a zombie and George's friends are attempting to convince George to stop eating people and to enter 'zombie rehab'. But the intervention doesn't go quite as planned.",
    "genres" : [ {
      "id" : 27,
      "name" : "Horror"
    } ]
  } ]
}