{
  "movies" : [ {
    "id" : 332282,
    "title" : "Employé du  Mois",
    "overview" : "Unemployment is the great evil of our time. Thankfully, the Agency for Professional Reorientation for Myths and Legends can guide creatures into their professional life.",
    "genres" : [ ]
  }, {
    "id" : 332287,
    "title" : "Winnetous Sohn",
    "overview" : "Directed by André Erkau.",
    "genres" : [ {
      "id" : 10751,
      "name" : "Family"
    } ]
  }, {
    "id" : 332292,
    "title" : "F2 grand prix",
    "overview" : "Drama set in the world of Formula 2 motor racing in Japan.",
    "genres" : [ {
      "id" : 28,
      "name" : "Action"
    } ]
  }, {
    "id" : 332297,
    "title" : "The Small Ones",
    "overview" : "During World War II, the United States Army hired Lynne Sachs’ cousin, Sandor Lenard, to reconstruct the bones, small and large, of dead American soldiers. This short anti-war cine-poem is composed of highly abstracted battle imagery and children at a birthday party.",
    "genres" : [ {
      "id" : 99,
      "name" : "Documentary"
    } ]
  }, {
    "id" : 332302,
    "title" : "O Petróleo é Nosso",
    "overview" : "",
    "genres" : [ {
      "id" : 10402,
      "name" : "Music"
    }, {
      "id" : 35,
      "name" : "Comedy"
    } ]
  }, {
    "id" : 332307,
    "title" : "Your Personal Best Workout",
    "overview" : "International supermodel and avid athlete Elle Macpherson plus world-renowned fitness authority Karen Voight have teamed up for a unique program that combines low-impact aerobics with target toning.",
    "genres" : [ ]
  }, {
    "id" : 332312,
    "title" : "Helen Keller vs. Nightwolves",
    "overview" : "Helen Keller vs. Nightwolves tells the shocking story of how a group of Nightwolves terrorized a tiny village taking people's hearing and eye sight... and the one woman who fought back.",
    "genres" : [ {
      "id" : 28,
      "name" : "Action"
    }, {
      "id" : 35,
      "name" : "Comedy"
    }, {
      "id" : 27,
      "name" : "Horror"
    } ]
  }, {
    "id" : 332317,
    "title" : "Discipline. - Live 1995 DVD Extra 1998",
    "overview" : "DVD Overview: Discipline Live 1995 presents the band at its most theatrical. This special edition DVD includes an extra hour of live footage spanning the band’s career from shows in 1988, 1992, 1997, and a rare 1998 performance of the 20-minute song suite Into the Dream.  This is from a 1998 show at the Magic Bag in Ferndale, MI; a DVD Extra includes:  01 into the dream",
    "genres" : [ ]
  }, {
    "id" : 332322,
    "title" : "Meinungsverschiedenheiten",
    "overview" : "",
    "genres" : [ {
      "id" : 18,
      "name" : "Drama"
    } ]
  }, {
    "id" : 332327,
    "title" : "Light-Hearted Tales of Pro Baseball Part II",
    "overview" : "More of Emoto Takenori's humorous tales of the Baseball world.",
    "genres" : [ {
      "id" : 10751,
      "name" : "Family"
    } ]
  }, {
    "id" : 332332,
    "title" : "Falling Apart",
    "overview" : "Drama about domestic violence in a cosy middle-class relationship starring Hermione Norris and Mark Strong. First aired on Channel 4 won Bafta awards for Best New Writer and Best New Fiction Director.",
    "genres" : [ {
      "id" : 18,
      "name" : "Drama"
    } ]
  }, {
    "id" : 332337,
    "title" : "Don't Call It A Comeback",
    "overview" : "A Manhattan bachelor dies and crosses over to 'the other side', where he tries to convince an angel to put him back into his body so he can have a one night-stand.",
    "genres" : [ {
      "id" : 35,
      "name" : "Comedy"
    } ]
  }, {
    "id" : 332347,
    "title" : "La terra dei santi",
    "overview" : "Vittoria (Valeria Solarino) is a magistrate, from the north and believes in justice. Assumption (Daniela Marra) is the widow of a soldier's' Ndrangheta, is never out of his land and the only ties that recognizes are those of the family. For her revenge is a right and not be afraid of blood a duty; and that is a duty that is forced to marry his brother Nando, as has already happened to his sister Catherine (Lorenza Guess) wife of fugitive boss Alfredo Raso at war with the clan of Macri. Victoria has a goal: to disrupt the silence of women towards the patriarchal system that is the basis of the most influential criminal organization in the world. Investigations and arrests weapons useless for the purpose; to win her battle the only option is to remove the parental rights to all mothers who send their children to die.",
    "genres" : [ {
      "id" : 53,
      "name" : "Thriller"
    }, {
      "id" : 80,
      "name" : "Crime"
    } ]
  }, {
    "id" : 332352,
    "title" : "Jake Bugg - Live at Eurosonic",
    "overview" : "setlist: 1.Kentucky , 2.Love Me the Way You Do ,3.Trouble Town , 4.Seen It All , 5.Ballad of Mr Jones ,6.Someone Told Me ,7.Note to Self , 8.Simple as This , 9.Slide , 10.Two Fingers , 11.Taste It , 12.Lightning Bolt , 13.Country Song , 14.Green Man",
    "genres" : [ {
      "id" : 10402,
      "name" : "Music"
    } ]
  }, {
    "id" : 332362,
    "title" : "Ocean Giants 3D",
    "overview" : "Until today, the seas are remaining the beauty and mystery of the world far away from the civilization at Galapagos Islands! Beyond the sea surface to deepness in the pristine and untouched inside, Ocean Giants 3D will kidnap you. Amazing 3D images of the giants of the seas from the majestic whales, the gentle manatee to the most dangerous animals of the sea, the sharks and many other creatures that you have never even seen before.",
    "genres" : [ {
      "id" : 99,
      "name" : "Documentary"
    } ]
  }, {
    "id" : 332367,
    "title" : "Giraffe - The Lamb Lies Down on Broadway - Progfest 1994",
    "overview" : "In 1994, Kevin Gilbert reformed his progressive rock band Giraffe for one special performance of Genesis' opus The Lamb Lies Down on Broadway at Progfest 94.  The concert took place at the Variety Arts Center in Los Angeles, CA on November 5, 1994.  The performance does not include the entire Lamb album (several songs were omitted due to time constraints), but two non-Lamb Genesis tracks were included in the set.",
    "genres" : [ ]
  }, {
    "id" : 332372,
    "title" : "Hoodlum Soldier: Rebel in the Army",
    "overview" : "",
    "genres" : [ ]
  }, {
    "id" : 332377,
    "title" : "Steve Hackett - Live at the Bottom Line 1980",
    "overview" : "Steve Hackett - Live at the Bottom Line 30th September 1980 (EFDVDSH06)\r ------------  Proshot film, digitised from timecoded tape of pre-broadcast masters.  1.1 Slogans\r 1.2 Every Day\r 1.3 The Red Flower Of Tachai\r 1.4 Tigermoth\r 1.5 Time To Get Out\r 1.6 The Steppes (cuts in)\r 1.7 Acoustic Set\r 1.8 Kim\r 1.9 Narnia\r 1.10 Jacuzzi\r 1.11 Sentimental Institution\r 1.12 Spectral Mornings  2.1 A Tower Struck Down\r 2.2  Clocks\r 2.3 Band Introduction\r 2.4  The Show\r 2.5 It's Now Or Never\r 2.6 Please Don't Touch  Bonus:  -Waiting In Line\r -Photos by Roger Salem",
    "genres" : [ ]
  }, {
    "id" : 332392,
    "title" : "The Man Who Had Power Over Women",
    "overview" : "A successful talent agent enjoys the good life until his wife leaves him. He moves in with his friend and begins an affair with the man's wife. He also gets a new difficult client whose public image must be preserved at any cost.",
    "genres" : [ {
      "id" : 35,
      "name" : "Comedy"
    } ]
  }, {
    "id" : 332397,
    "title" : "Vedan",
    "overview" : "The film starts begins with a politician's murder by a henchman of the local don Boopathy (Charan Raj). The police commissioner Ganesh (Sarath Babu) appoints the Scotland Yard trainee Vijay (R. Sarathkumar) to arrest Boopathy. Vijay finally infiltrates Boopathy's gang under the name Ranjith Kumar as an ex-jailbird. Vijay later arranges kidnap of Boopathy's sister Usha and he rescues her (Kushboo). Vijay slowly becomes Boopathy's right hand. In the meantime, Vijay and Usha fall in love with each other. Thereafter, Ganesh gets killed and Vijay gets stuck in Boopathy's gang. In addition to this, Boopathy begins to suspect Vijay. What transpires next forms the rest of the story.",
    "genres" : [ {
      "id" : 28,
      "name" : "Action"
    } ]
  }, {
    "id" : 332402,
    "title" : "Second Thoughts",
    "overview" : "Lawyer Amy finds herself courted by two very different men: her client, a roguish street musician named Will, and her ex John Michael. A curious triangle develops as Amy gets pregnant by Will and both men vie for her affections",
    "genres" : [ {
      "id" : 35,
      "name" : "Comedy"
    } ]
  }, {
    "id" : 332407,
    "title" : "Disney's Wondere Wereld van de Dieren 1: Leeuwen & Apen",
    "overview" : "",
    "genres" : [ {
      "id" : 99,
      "name" : "Documentary"
    }, {
      "id" : 16,
      "name" : "Animation"
    } ]
  }, {
    "id" : 332412,
    "title" : "The Billion Dollar Game",
    "overview" : "In 1989, the NCAA men’s basketball tournament was at a crossroads. Schools from larger conferences like the SEC and Big East didn’t see the need to keep allowing the mid-major teams into the Big Dance. They always lost, so what was the point? When Alonzo Mourning’s no. 1 seed Georgetown Hoyas entered the tournament, they had their eyes set on the Final Four and a national title. Dealing with the likes of Ivy League champion and no. 16 seed Princeton was more of an afterthought. So when these two teams faced off on March 17, 1989, in Providence, Rhode Island, no one, not even Princeton, expected much of a game. They were all wrong. Pete Carril’s Tigers not only played one of the greatest games in college basketball history, they also let the NCAA and the rest of the world know that the mid-majors could play and were here to stay. Without that game, the tournament would not be what it is today — a billion-dollar enterprise that stops America for two weeks each year.",
    "genres" : [ {
      "id" : 99,
      "name" : "Documentary"
    } ]
  }, {
    "id" : 332417,
    "title" : "A Woman's Error",
    "overview" : "Considered the first film to be directed by a black woman in the United States.",
    "genres" : [ ]
  }, {
    "id" : 332422,
    "title" : "Gamushara",
    "overview" : "Yuka Yasukawa is an actress and also a professional wrestler with the nickname of Akuto Yasukawa. An in-depth look is given into her personal life as well as her in the ring. Her past experiences are also told including being bullied, refusing to go to school, rape and attempted suicide.",
    "genres" : [ {
      "id" : 99,
      "name" : "Documentary"
    } ]
  }, {
    "id" : 332427,
    "title" : "England, Summer, Sunday",
    "overview" : "A play from 1976",
    "genres" : [ ]
  }, {
    "id" : 332432,
    "title" : "Disney's Wondere Wereld van de Dieren 6: Tijgers & Slangen",
    "overview" : "",
    "genres" : [ {
      "id" : 16,
      "name" : "Animation"
    }, {
      "id" : 99,
      "name" : "Documentary"
    } ]
  }, {
    "id" : 332437,
    "title" : "The Sleeping Beauty On Ice",
    "overview" : "The Imperial Ice Stars combine the brilliance of world-class ice skating with the intimacy of theatre to bring to life the classic story of the Sleeping Beauty on Ice.",
    "genres" : [ {
      "id" : 10402,
      "name" : "Music"
    }, {
      "id" : 14,
      "name" : "Fantasy"
    } ]
  }, {
    "id" : 332442,
    "title" : "Jeannot l'intrépide",
    "overview" : "",
    "genres" : [ {
      "id" : 16,
      "name" : "Animation"
    } ]
  }, {
    "id" : 332447,
    "title" : "Dennis The Menace - Dennis En De Presidenten",
    "overview" : "",
    "genres" : [ ]
  }, {
    "id" : 332452,
    "title" : "Proving Ground 2",
    "overview" : "The zombie apocalypse, in Russia.",
    "genres" : [ ]
  }, {
    "id" : 332457,
    "title" : "The Yellow Bank",
    "overview" : "A short documentary that captures the longest total solar eclipse of the 21st century, The Yellow Bank takes you on a contemplative boat ride across the Huangpu River in Shanghai, China. Filmmaker J.P. Sniadecki, who lived and worked in Shanghai nine years earlier, uses the eclipse as a catalyst to explore the way weather, light, and sound affect the urban architectural environment during this extremely rare phenomenon.",
    "genres" : [ {
      "id" : 99,
      "name" : "Documentary"
    } ]
  }, {
    "id" : 332462,
    "title" : "El señor Tormenta",
    "overview" : "Wrestling melodrama: crooked gamblers, boy/girl stuff and a priest who needs money to run his orphanage.",
    "genres" : [ ]
  }, {
    "id" : 332467,
    "title" : "Seishoku no ishibumi",
    "overview" : "",
    "genres" : [ {
      "id" : 18,
      "name" : "Drama"
    } ]
  }, {
    "id" : 332472,
    "title" : "Psycho",
    "overview" : "Anna - an ordinary woman 35 years old. She works in a small office, she is divorced, single mother with a son. Repeated attempts to arrange a personal life and find a good father to the boy came to nothing. One day, returning home, the main character accidentally witnesses a politician's assassination.",
    "genres" : [ {
      "id" : 80,
      "name" : "Crime"
    }, {
      "id" : 10749,
      "name" : "Romance"
    } ]
  }, {
    "id" : 332477,
    "title" : "Song of the White Orchid",
    "overview" : "Song of the White Orchid was a co-production of Toho and Mantetsu, the railway that served the colonial region of Manchuria, and the first film in the Kazuo Hasegawa/Shirley Yamaguchi (Ri Koran) “Continental Trilogy.” Handsome Hasegawa (representing Japan) runs up against an impertinent Yamaguchi (representing the continent); not surprisingly, in the course of the film the woman comes around and realizes the benevolent intentions of the Japanese. In Song of the White Orchid Yamaguchi leaves Hasegawa, who plays an expatriate working for the railway, because of a misunderstanding. She joins a communist guerilla group plotting to blow up the Manchurian railway. Learning of the subterfuge that led to the misunderstanding, she renews her faith in Hasegawa—and by extension Japan—and tries to undermine the plot.",
    "genres" : [ {
      "id" : 18,
      "name" : "Drama"
    } ]
  }, {
    "id" : 332482,
    "title" : "Rent a Lover",
    "overview" : "Twenty-five-year-old bank employee Nina returns to work from holiday with some surprising news. She has fallen in love with a young man and is soon to be married. Her parents and friends are shocked and naturally concerned - their suspicions are soon justified. One evening Nina returns home to find her flat burgled, and her beloved Gosha has disappeared. Nina confides to her neighbour, Valentina, a former actress, that she has promised to introduce Gosha to her parents at her birthday party and does not want to let them down. So Valentina comes up with an interesting suggestion - to hire an actor for the evening to play the role of Gosha.",
    "genres" : [ ]
  }, {
    "id" : 332487,
    "title" : "Love's Vacation",
    "overview" : "Zhenia is a Roman’s wife and they have got a son, Ilya. Sasha is Sergey’s wife but they don’t have children. Roman is a good painter by his vocation but he is a bad businessman by definition. His wife wants to succeed in a little family polygraph business. Sergey is a good entrepreneur but not a very attentive husband. And Sasha is a lonely housewife. It happened so that their families turned out neighbors. They got acquainted and Sergey offered to start a common business of printing pornographic issues. Zhenia agreed immediately but it took much time to persuade Roman.  Meanwhile, the men switched their wives.",
    "genres" : [ ]
  }, {
    "id" : 332492,
    "title" : "De Masters",
    "overview" : "",
    "genres" : [ ]
  }, {
    "id" : 332497,
    "title" : "Stuffed",
    "overview" : "Taxidermist Peter Murphy loves his mother, so when she dies he can't bear to live without her and does all that he can to keep her with him.",
    "genres" : [ ]
  }, {
    "id" : 332502,
    "title" : "400 Days",
    "overview" : "4 would be astronauts spend 400 days in a land locked space simulator to test the psychological effects of deep space travel but, when something goes terribly wrong and they are forced to leave the simulation, they discover that everything on earth has changed. Is this real or is the simulation on a higher level than they could have ever imagined?",
    "genres" : [ {
      "id" : 9648,
      "name" : "Mystery"
    }, {
      "id" : 878,
      "name" : "Science Fiction"
    }, {
      "id" : 53,
      "name" : "Thriller"
    } ]
  }, {
    "id" : 332507,
    "title" : "Five Days",
    "overview" : "Days in the life of a happy-go-lucky youth who strives to fight a haunting, unpleasant memory.",
    "genres" : [ {
      "id" : 53,
      "name" : "Thriller"
    }, {
      "id" : 18,
      "name" : "Drama"
    } ]
  }, {
    "id" : 332512,
    "title" : "Ghost",
    "overview" : "An aircraft designer becomes a ghost after a sudden death. Now he needs to engage a help of seven-grader in order to finish all his unaccomplished tasks.",
    "genres" : [ {
      "id" : 10751,
      "name" : "Family"
    }, {
      "id" : 35,
      "name" : "Comedy"
    } ]
  }, {
    "id" : 332517,
    "title" : "Sayang Si Buta",
    "overview" : "A sister love towards her blind little sister can't be compared. She  sacrifice everyhting for her but once she got her eyesight back, she start to rebelion towards their mother",
    "genres" : [ ]
  }, {
    "id" : 332522,
    "title" : "Monsoon-Reflections",
    "overview" : "A deeply felt reflection on labor, gender, and fleeting pleasures in rural Nepal, filmmaker Stephanie Spray's short but powerful documentary on two strong-willed female field hands captures the monotonous and arduous nature of their work during Monsoon season. Spray's close friendships with the women (who were also passengers in Spray and Velez' monumental film Manakamana) allows for an intimacy and honesty rarely seen in anthropological works.",
    "genres" : [ ]
  }, {
    "id" : 332527,
    "title" : "Fear on Film: Inside 'The Fog'",
    "overview" : "Short documentary. Interviews with the cast &amp; crew of 'The Fog'",
    "genres" : [ ]
  }, {
    "id" : 332532,
    "title" : "The Easter Conspiracy",
    "overview" : "The resurrection of Jesus Christ has been a source of controversy since 33 AD. Scores of scholars have examined this Easter event from every angle and proposed countless alternative explanations to the idea of a man rising from the dead. This 45 minute program takes a look at the resurrection from various perspectives but in the end, leaves one believing and having faith in the resurrection of Christ.",
    "genres" : [ ]
  }, {
    "id" : 332537,
    "title" : "Bare Boy Kink",
    "overview" : "Raw, Nasty and uninhibited, HotStuds brings you a pack of young pigs that add a little kink into the mix. Kyle Ross gets his tight pucker seeded by not one, but two huge cocks in a ground breaking twink DP. Max Carter's beautiful jock ass gets a good breeding from hugely endowed Ryan Conners while the stellar bubble butt of Chase Young gets toyed and tampered with by Skyelr Bleu and Brycen Cox. Watch out for spilled seed, and adventurous sex-play. You're entering a condom free zone in Bare Boy Kink.",
    "genres" : [ ]
  }, {
    "id" : 332547,
    "title" : "Attractive Distractions",
    "overview" : "In our film project Attractive Distractions we take 10 of the most progressive young surfers today on a journey from their hometowns to far off destinations. We were on a mission to capture surfing at its highest level from paddling Jaws at 50 feet, to airs that yet to be seen. Follow us on our adventure to beautiful destinations as we merge surfing &amp; scenic cinematography. Highlighting a surfer's world of Attractive Distractions and the world of emotions that it entails.",
    "genres" : [ ]
  }, {
    "id" : 332552,
    "title" : "Bareback Alley",
    "overview" : "Horny and hot, our bareback loving boys hook-up around dark corners and bring their sexy finds home to get naked and naughty. HotStuds brings you hung, frisky newbie models including cover boy, Travis Groves. Watch Groves steam up the screen with partner Skyler Bleu, followed by a cum filled threesome with young costar sex fiend, Blake Carnage. Enjoy a fresh handful of raw twinks and college boy fuckers on the prowl in Bareback Alley.",
    "genres" : [ ]
  }, {
    "id" : 332557,
    "title" : "The Cocksure Lads Movie",
    "overview" : "The Cocksure Lads arrive in Toronto on the morning of their first North American tour.",
    "genres" : [ ]
  }, {
    "id" : 332562,
    "title" : "A Star is Born",
    "overview" : "A movie star helps a young singer/actress find fame, even as age and alcoholism send his own career into a downward spiral.",
    "genres" : [ {
      "id" : 18,
      "name" : "Drama"
    }, {
      "id" : 10402,
      "name" : "Music"
    }, {
      "id" : 10749,
      "name" : "Romance"
    } ]
  }, {
    "id" : 332567,
    "title" : "The Shallows",
    "overview" : "An injured surfer stranded on a buoy needs to get back to shore, but the great white shark stalking her might have other ideas.",
    "genres" : [ {
      "id" : 27,
      "name" : "Horror"
    }, {
      "id" : 18,
      "name" : "Drama"
    }, {
      "id" : 53,
      "name" : "Thriller"
    } ]
  }, {
    "id" : 332572,
    "title" : "Rachmaninov, Piano Concerto No. 3 in D minor - Khatia Buniatishvili, Neeme J",
    "overview" : "For the Verbier Festival's 18th edition, the rising piano star Khatia Buniatishvili gained the attention of the audience. The first concert she performed at the Festival was Rachmaninov's Piano concerto No. 3. Some days later, in the Church of Verbier, she gave a recital including works by Frédéric Chopin and Franz Liszt. This film presents her best at Verbier Festival 2011.",
    "genres" : [ ]
  }, {
    "id" : 332577,
    "title" : "Wet Dream: A Skateboard Tale",
    "overview" : "It combines visual effects, daring stunts, underwater photography and a shockingly bold visual style. It is an ode to all things we love about skateboarding. The film follows a day in the life of Gino Iannucci and his friends as they skate the streets of Los Angeles, turning each neighborhood into a unique playground. During an epic backyard pool session, Gino's world is turned upside down when a skating accident sends him off into a surreal dream where nothing is as it seems.",
    "genres" : [ {
      "id" : 99,
      "name" : "Documentary"
    } ]
  }, {
    "id" : 332582,
    "title" : "Now Now: Jordy Smith",
    "overview" : "Jordy Smith stormed onto the World Tour with no apologies and no prisoners. Since first pulling on a 'Smith' jersey, he's cried after home victories (J-Bay), accomplished personal goals (winning outside South Africa, in Rio), clocked 10s (everywhere) and shown us all how endearing the transition from cocky benchwarmer to graceful batsman can really be. Watching all 6'3\" of him hospitalise a beachbreak end section or man-handle a Cloudbreak freight train with equal panache will steal your breath.",
    "genres" : [ ]
  }, {
    "id" : 332587,
    "title" : "Bareback Twink Tales",
    "overview" : "Twinks have a way of finding themselves in sexy serendipitous situations. Evan Parker’s lazy day turns into a booty call to his bottom boy Jamie Sanders while an afternoon at the dog park brings blond boys Dylan Hall and Jessie Montgomery together to satisfy their puppy lust. There’s a surprise in every story as any seemingly innocent interaction or chance reunion leads to these big dick bareback teens going home with a new tall tale.",
    "genres" : [ ]
  }, {
    "id" : 332592,
    "title" : "Arcadia Bay",
    "overview" : "A resident of the beautiful and peaceful town of Arcadia Bay sees haunting visions and sets out to discover what they mean. After searching he finds the man from his vision and together they set out to discover what the visions mean.",
    "genres" : [ ]
  }, {
    "id" : 332597,
    "title" : "Dancing Before the Enemy: How a Teenage Boy Fooled the Nazis and Lived",
    "overview" : "Film producer Gene Gutowski (Repulsion, Cul-de-Sac, The Pianist) was fourteen years old when first the Soviets then the Nazis invaded his hometown of Lwow, Poland. With a combination of chutzpah, street smarts and an unflinching will to live, he spent the war flirting with danger as a teenage Jew hiding in plain site. Witnessing first-hand the unspeakable horrors of the Nazi occupation, frequently cheating death himself and losing his entire family in the process, Gutowski's story is ultimately one of hope. As recounted with humor and pathos to his son, filmmaker Adam Bardach, his remarkable survival tale represents a thumb of the nose at darkness and totalitarianism.",
    "genres" : [ ]
  }, {
    "id" : 332602,
    "title" : "Gone For A Soldier",
    "overview" : "Documentary about the Scottish soldiers who fought in Normandy in 1917 and survived the terrible battles that took place there.",
    "genres" : [ ]
  }, {
    "id" : 332607,
    "title" : "Black Tape",
    "overview" : "Black Tape explores the theme of domination. In an entangled tango, the victim and victimizer dance, occupying the frame and space between brushstrokes.",
    "genres" : [ {
      "id" : 16,
      "name" : "Animation"
    }, {
      "id" : 99,
      "name" : "Documentary"
    } ]
  }, {
    "id" : 332612,
    "title" : "Not New Russians",
    "overview" : "Dark scenes from Russia in 2004, that reveal the anger and despair of ordinary Russians who feel abandoned by the state infrastructure: Old pensioners cling to one of the last communal apartments in the center of St. Petersburg. Friends and family make sense of the death of a poisoned man outside of St. Petersburg. A parent, mourning the loss of a son killed in Chechnya, confronts a military representative north of the Arctic Circle. A young gay man drinks himself to oblivion in an apartment in St. Petersburg.",
    "genres" : [ ]
  }, {
    "id" : 332617,
    "title" : "Skydancers",
    "overview" : "Skydancers explores the developing world of women in Aerobatics. It presents some of the world's best female pilots during The 27th World Aerobatics Championships (WAC), Texas.",
    "genres" : [ ]
  }, {
    "id" : 332622,
    "title" : "The Dum Dum Capitol of the World",
    "overview" : "A documentary that contemplates landscape, home, memory, queerness, and time. The project illuminates social constructs about sexuality, self, and human instinct. Visible and latent hostilities directed towards queerness surface through first-person examinations of same sex desire, queer parenting, internalized homophobia, and familial loss.",
    "genres" : [ ]
  }, {
    "id" : 332627,
    "title" : "Endless Summer",
    "overview" : "Follow beautiful blonds Scotty Clarke, Dylan Hall and Nicholas Reed as they embark on a summer of endless pleasures. Embracing all the freedoms of the season these fun-loving boys go from playing video games to frolicking on the beach, from getting their nerd on at Comic Con to grinding in the great outdoors. With enough time and enough twinks can these sexy Helix hotties literally do it all and fuck like it's summer forever?",
    "genres" : [ ]
  }, {
    "id" : 332637,
    "title" : "Samoa Joe Vs. CM Punk",
    "overview" : "In June of 2004, Samoa Joe was in the midst of a legendary ROH World Title run. Having captured the belt in March of 2003, his reign had recently eclipsed the one year mark and having already defeated numerous challengers, there was no end in sight for the dominant champion. Enter: CM Punk…  What happened on June 12, 2004 in Ohio would come to be known as “World Title Classic” and that bout between Joe &amp; Punk would mark the beginning of a trilogy of matches that have become legendary.  From Dayton to Chicago to New Jersey, these two warriors gave everything they had, their blood, sweat, and tears, for the right to be called ROH World Champion.  This is the definitive collection of the Samoa Joe/CM Punk Trilogy….",
    "genres" : [ ]
  }, {
    "id" : 332642,
    "title" : "Nägel mit Köpfen",
    "overview" : "",
    "genres" : [ {
      "id" : 35,
      "name" : "Comedy"
    } ]
  }, {
    "id" : 332647,
    "title" : "Matthew Keading Bareback",
    "overview" : "Dream boy Matthew Keading is a fan favorite for his insatiable sex drive and passionate performances in six of Helix’s Top Rated scenes ever! The versatile and sultry superstar reveals his sexy nerdy side in an intimate interview before indulging every fan’s ultimate fantasy in a five-way school boy gangbang. The hypersexual young man will leave you begging for more as he takes every inch of Adrian Rivers and Jacob Dixon’s 9” bareback cocks.",
    "genres" : [ ]
  }, {
    "id" : 332652,
    "title" : "Twink Sexcapades",
    "overview" : "Anywhere our twinks go turns into a horny, hot time. there’s something that happens when young, beautiful boys travel together. nine of our hottest, smooth boys fuck and suck like sex maniacs, and end up making a cum filled mess whereever they go. Hop on board and enjoy the ride!",
    "genres" : [ ]
  }, {
    "id" : 332657,
    "title" : "Velo",
    "overview" : "The Velo bike messenger boys work long hours navigating new relationships, overbearing bosses and upset customers in an unforgiving urban environment. Our hero Matthew Keading is forced to pay the consequences for sleeping in with boyfriend Jessie Montgomery when hot jock Ty Roderick accepts Matthew’s ass as payment for his late delivery. Bad boy Jacob Dixon knows how to be fast on the bike and smooth with the boys as he seduces pampered millionaire Damon Archer and plows his ass bareback for all it’s worth. The daily grind doesn’t stop until Matthew finally returns home to Jessie for an exhilarating flip-fuck with his big dick blond boy toy.",
    "genres" : [ ]
  }, {
    "id" : 332662,
    "title" : "The Scopia Effect",
    "overview" : "Reincarnation goes horribly wrong releasing dark forces across time. Basia accesses parts of her mind that should never be tampered with. Past lives merge with present as her reality becomes distorted, she fights for her very existence.",
    "genres" : [ {
      "id" : 53,
      "name" : "Thriller"
    }, {
      "id" : 27,
      "name" : "Horror"
    }, {
      "id" : 878,
      "name" : "Science Fiction"
    } ]
  }, {
    "id" : 332667,
    "title" : "Mary and Joseph: A Story of Faith",
    "overview" : "A dramatization of the possible trials and tribulations that the parents of Christ might have faced. Made for television.",
    "genres" : [ ]
  }, {
    "id" : 332672,
    "title" : "Rendez-Vous",
    "overview" : "Simone inherits a dilapidated farmhouse in France and makes her way there with her husband Eric and their two children. Her dream is to turn the house into a bed and breakfast but as the hectic pace of the rebuilding gets underway, she gets caught up in the romance and chaos of it all. Losing sight of her goals, she must find her way back to the dreams and ambitions which brought her there in the first place.",
    "genres" : [ {
      "id" : 10749,
      "name" : "Romance"
    }, {
      "id" : 53,
      "name" : "Thriller"
    } ]
  }, {
    "id" : 332677,
    "title" : "Hollywood Victory Caravan",
    "overview" : "A girl is desperate to get to Washington D.C. to be with her lonesome brother, a wounded G.I. She persuades Bing Crosby to let her join his caravan.",
    "genres" : [ {
      "id" : 10402,
      "name" : "Music"
    }, {
      "id" : 35,
      "name" : "Comedy"
    } ]
  }, {
    "id" : 332682,
    "title" : "Repressione in Citta",
    "overview" : "A short film by Giulio Questi.",
    "genres" : [ {
      "id" : 18,
      "name" : "Drama"
    } ]
  }, {
    "id" : 332687,
    "title" : "Silhouettes",
    "overview" : "In the midst of a casting, the manipulative casting director Henri presents a constant stream of faces to Yvan an eccentric and provocative fashion photographer. A young woman named Julie momentarily offers a glimpse of the unseen. She is a paradox of fragility and brutality, of woman and child. Through a variety of circumstances the characters find themselves trapped in a world of lies and manipulation they are all taking part of. For Julie the line between fantasy and reality blurs. However in the casting sessions she finds something that she apparently needs. As all her defenses break down, it reveals what is the deepest and the most hidden in the young girl. A modern portrait of the ego and the human longing for recognition.",
    "genres" : [ ]
  }, {
    "id" : 332692,
    "title" : "Two in Revolt",
    "overview" : "A dog and a horse become unlikely allies when they attempt to thwart a crooked gambler from rigging a race.",
    "genres" : [ ]
  }, {
    "id" : 332697,
    "title" : "Buneng chuo de mimi 2: Guojia jiqi",
    "overview" : "",
    "genres" : [ ]
  }, {
    "id" : 332702,
    "title" : "Another... for the Million!",
    "overview" : "A stupid honest employee keeps a million without proof for his manager. Problems will begin when the manager dies in a plane crash and the honest employee has to turn the amount to the legitimate heirs. Based on the theatrical work of Tsiforos - Vassiliadis \"The Last Honest\"",
    "genres" : [ {
      "id" : 35,
      "name" : "Comedy"
    } ]
  }, {
    "id" : 332712,
    "title" : "Κόσμος και Κοσμάκης",
    "overview" : "",
    "genres" : [ {
      "id" : 35,
      "name" : "Comedy"
    } ]
  }, {
    "id" : 332717,
    "title" : "The Bible on Trial",
    "overview" : "Biblical criticism, ancient historical voices, the illumination of archaeology, the testimony of first-century followers of Jesus Christ -- all these come to bear on the examination of the reliability of the Scriptures in The Bible On Trial: Beyond A Reasonable Doubt.  This Bible study features expert testimony from Dr. Paul Maier of Western Michigan University, Kalamazoo, Mich.; Dr. Randall Price of Liberty University, Lynchburg, Va.; Dr. Jeff Kloha of Concordia Seminary, St. Louis, Mo. and Joel Lampe of The Bible Museum, Goodyear, Ariz. A four-session discussion guide adds depth and detail to the video content. Includes subtitles in English &amp; Spanish",
    "genres" : [ ]
  }, {
    "id" : 332722,
    "title" : "Kid Protocol",
    "overview" : "“Kid Protocol” is a remarkable, short documentary that demonstrates just how easy it is for the film's namesake to worm his way into exclusive parties for stars.",
    "genres" : [ ]
  }, {
    "id" : 332727,
    "title" : "The Vest",
    "overview" : "When a third-grader wears a homemade vest to school and gets teased for it, her reaction surprises even herself and leaves her with a lot of explaining to do (or not do) back at home.",
    "genres" : [ {
      "id" : 35,
      "name" : "Comedy"
    } ]
  }, {
    "id" : 332732,
    "title" : "Waking Up",
    "overview" : "An artistically shot film that slowly blurs the boundaries between dreams and reality as it builds into an unnerving then touching climax.",
    "genres" : [ ]
  }, {
    "id" : 332737,
    "title" : "Virginity",
    "overview" : "Anything can be sold and bought in our modern world. Virginity too. How much is its worth in dollars? Is it worth keeping till marriage? These are the questions girls ask nowadays. But is virginity the only thing a modern girl is ready to sell? Vitalij Manskij’s film follows the stories of three teenage girls from the provinces who come to Moscow wanting to succeed. Each of them has her own plan. One girl hopes to enter popular reality TV show “House 2”. The second thinks she is the new Madonna, or at least, another Britney Spears. The third girl is ready to sell her virginity to get the money she needs for her studies.",
    "genres" : [ {
      "id" : 99,
      "name" : "Documentary"
    } ]
  }, {
    "id" : 332742,
    "title" : "Song of Lahore",
    "overview" : "Until the late 1970s, the Pakistani city of Lahore was world-renowned for its music. Following the Islamization of Pakistan, many artists struggled to continue their life's work. Song of Lahore turns the spotlight on a group of stalwart musicians that kept playing and ultimately attracted listeners from around the world.",
    "genres" : [ {
      "id" : 99,
      "name" : "Documentary"
    } ]
  }, {
    "id" : 332752,
    "title" : "The Crown of Fire",
    "overview" : "In medieval Wallachia a young prince battles his twin brother for their father's throne and for their ancestors' crown of fire.",
    "genres" : [ {
      "id" : 53,
      "name" : "Thriller"
    }, {
      "id" : 18,
      "name" : "Drama"
    } ]
  }, {
    "id" : 332757,
    "title" : "A Virgin in the Family",
    "overview" : "The strand that opposes the bourgeois morality of the solar facade freedom of sexual behavior is an additional coarse exemplary in this film where the most excessive declarations of honesty of a family hiding intrigues and debauchery. Father, mother and son are all entangled. Only daughter, Anna, seems to be out. \"He studied and preserved virgin\" is the recommendation that the father, truffle hardened, the repeats. But when she discovers her father with his secretary, starts for her, more than a drama, a confused search morbid. Approaches, waste, leaks, adventurous experiences until, almost by breaking it with an equivocal situation, ask an occasional companion to deprive her of her virginity, as a cumbersome burden. Then haughtily refuses the marriage with a young friend, that his father would want to impose \"the good name of the family\" and flees with the father of his friend, to a free tomorrow.",
    "genres" : [ {
      "id" : 18,
      "name" : "Drama"
    } ]
  }, {
    "id" : 332762,
    "title" : "Carry Greenham Home",
    "overview" : "Directed by Beeban Kidron and Amanda Richardson",
    "genres" : [ ]
  }, {
    "id" : 332767,
    "title" : "The Walkers Among Us",
    "overview" : "Directed by Cris Macht.",
    "genres" : [ ]
  }, {
    "id" : 332772,
    "title" : "Forever",
    "overview" : "Anton, a slick and succesful creative at an ad agency, decides to get a tattoo to prove his girlfriend that he is still 'rock 'n' roll'. When Anton accidently hits Dr. Lee - the tattoo artist - with his car, Lee puts an old Chinese curse on him. Slowly but surely, the tattoo gets bigger and bigger, and Antons life starts to fall apart... Based on the comic by Uli Oesterle.",
    "genres" : [ {
      "id" : 35,
      "name" : "Comedy"
    }, {
      "id" : 27,
      "name" : "Horror"
    } ]
  }, {
    "id" : 332777,
    "title" : "Joe Bonamassa - Muddy Wolf at Red Rocks",
    "overview" : "\"They always try to write off the blues; well we’ve proven tonight that at least 9,000 people like the blues,\" says celebrated blues rock master Joe Bonamassa who releases \"Joe Bonamassa – Muddy Wolf At Red Rocks\" on DVD, Blu-ray and CD set on March 23, 2015.  The exclusive concert experience, which is a tribute to blues legends Muddy Waters and Howlin’ Wolf, was filmed at Red Rocks Amphitheatre over Labor Day weekend in 2014.",
    "genres" : [ {
      "id" : 10402,
      "name" : "Music"
    } ]
  }, {
    "id" : 332782,
    "title" : "Drei Unteroffiziere",
    "overview" : "A soldier thinks about leaving the army for a woman. His friends try to stop him.",
    "genres" : [ ]
  }, {
    "id" : 332787,
    "title" : "La Magie Par Les Cartes 6",
    "overview" : "",
    "genres" : [ ]
  }, {
    "id" : 332792,
    "title" : "Blutige Scheidung",
    "overview" : "",
    "genres" : [ {
      "id" : 53,
      "name" : "Thriller"
    } ]
  }, {
    "id" : 332797,
    "title" : "Die Brut der schönen Seele",
    "overview" : "",
    "genres" : [ {
      "id" : 80,
      "name" : "Crime"
    } ]
  }, {
    "id" : 332802,
    "title" : "Berlin – Eine Stadt sucht den Mörder",
    "overview" : "",
    "genres" : [ {
      "id" : 80,
      "name" : "Crime"
    } ]
  }, {
    "id" : 332807,
    "title" : "Karka Kasadara",
    "overview" : "The film begins with Rahul (Vikranth) coming from US to India to see his grandparents for the first time. He helps a girl who was going to commit suicide due to her upcoming marriage. He performs some comedy with Vadivelu and falls in love with Vijayalakshmi.  The background of the movie is given by Prayog",
    "genres" : [ {
      "id" : 10749,
      "name" : "Romance"
    } ]
  }, {
    "id" : 332812,
    "title" : "Our Women",
    "overview" : "Max, Paul and Simon have been friends for 35 years. They take great pleasure in their one vacation a year together without their partners and meet-up regularly to spend evenings drinking or playing cards. Each has a successful career and they all appear to have perfect lives until the night Simon announces to his friends that he has just strangled his wife, Estelle after a blazing row. Max and Paul are horrified by Simon's confession, but worse is to come when Simon asks them to lie and provide him with an alibi for the time Estelle was killed. Both men are torn between lying or turning over their best friend to the police.",
    "genres" : [ {
      "id" : 10749,
      "name" : "Romance"
    }, {
      "id" : 35,
      "name" : "Comedy"
    }, {
      "id" : 18,
      "name" : "Drama"
    } ]
  }, {
    "id" : 332817,
    "title" : "Wie verliebt man seinen Vater?",
    "overview" : "",
    "genres" : [ {
      "id" : 35,
      "name" : "Comedy"
    } ]
  } ]
}