{
  "movies" : [ {
    "id" : 319082,
    "title" : "The Muses of Bashevis Singer",
    "overview" : "Many books, biographies and articles have been written about the life and work of Isaac Bashevis Singer. An exclusive discovery of the filmmakers brings to light a hitherto unknown chapter of his life. In the mid 1960's Bashevis Singer established an army of female translators - more than forty women - who helped spread his work. He chose his translators carefully, was inspired by their presence, often falling in love with them. Nine of the women who were intimately familiar with the man and work are still here. Theirs will be the only voices heard in the film, as they allow us a glimpse into his complex personality and personal life.",
    "genres" : [ {
      "id" : 99,
      "name" : "Documentary"
    } ]
  }, {
    "id" : 319087,
    "title" : "The Amina Profile",
    "overview" : "There is no indication that this typical online flirtation between two strangers would turn into a case of shocking international intrigue. For months, Sandra in Montreal and Amina, a Syrian-American, bond romantically and intellectually. Encouraged by Sandra, Amina launches a blog called \"A Gay Girl in Damascus,\" representing a marginalized voice in the Middle East on politics, religion, and sexuality. Rapidly garnering worldwide attention, Amina becomes something of a star blogger. But when Syria enters the Arab uprising of 2011, Sandra receives word that Amina has been kidnapped, and soon the search for Amina becomes a global concern and an even larger mystery to solve.",
    "genres" : [ ]
  }, {
    "id" : 319092,
    "title" : "The Russian Woodpecker",
    "overview" : "As his country is gripped by revolution and war, a Ukrainian victim of the Chernobyl nuclear disaster discovers a dark secret and must decide whether to risk his life and play his part in the revolution by revealing it.",
    "genres" : [ {
      "id" : 99,
      "name" : "Documentary"
    }, {
      "id" : 36,
      "name" : "History"
    } ]
  }, {
    "id" : 319097,
    "title" : "Postman Pat Special Delivery Service A Speedy Delivery",
    "overview" : "Postman Pat is back as \"Head of Special Delivery Service\" with 4 action packed mission focused episodes.",
    "genres" : [ ]
  }, {
    "id" : 319107,
    "title" : "Couples en chaleur",
    "overview" : "",
    "genres" : [ ]
  }, {
    "id" : 319112,
    "title" : "L'année de l'Algérie",
    "overview" : "Short film about the difficulty of casting fo a film about Algeria.",
    "genres" : [ ]
  }, {
    "id" : 319117,
    "title" : "Zone Moment",
    "overview" : "Shots of city and country life come together to form an impressionistic whole.",
    "genres" : [ ]
  }, {
    "id" : 319122,
    "title" : "Violettes impériales",
    "overview" : "",
    "genres" : [ ]
  }, {
    "id" : 319127,
    "title" : "The Unlucky Butterfly",
    "overview" : "The Unlucky Butterfly. A early Japanese animation short.",
    "genres" : [ ]
  }, {
    "id" : 319132,
    "title" : "Il tacchino prepotente",
    "overview" : "According to Ferrara, Rossellini told him it was a satire in which “Perfidious Albion,” a big turkey representing England, goes around pecking at the hens representing the nations of Europe, until defied by a rooster representing Italy. “Rossellini detested it,” said Ferrara, “[though his] genius was such that he could achieve extraordinary effects out of nothing.",
    "genres" : [ ]
  }, {
    "id" : 319137,
    "title" : "Olympic Games on Dankichi Island",
    "overview" : "Olympic Games on Dankichi Island. Early Japanese Animation short.",
    "genres" : [ {
      "id" : 16,
      "name" : "Animation"
    } ]
  }, {
    "id" : 319142,
    "title" : "The Long Road to Cabo",
    "overview" : "The Long Road to Cabo is a delightful documentary about rock &amp; roll fellowship, featuring Sammy Hagar as the founder of a summer-long feast of heavy metal, Van Halen memories, and many bared female bosoms (in Hagar's audiences, that is). Looking more like a mellow, mid-life surfer than hairy rock icon from the 1980s, the ever-expansive Hagar leads the Waboritas through a long, hot 2002 tour, sharing a bill with David Lee Roth, Hagar's co-outcast from Van Halen. Despite their shared ignominy, Roth rebuffs Hagar's efforts at collaboration, or at least camaraderie, resulting in a competitive and entertainingly catty atmosphere.",
    "genres" : [ {
      "id" : 10402,
      "name" : "Music"
    }, {
      "id" : 99,
      "name" : "Documentary"
    } ]
  }, {
    "id" : 319147,
    "title" : "Wallace & Gromit - The Complete Collection",
    "overview" : "Celebrating the 20th Anniversary of Wallace and Gromit - the Academy Award winning claymated pair have specially re-mastered all four of their smashing half hour specials packed along with all 10 shorts from Wallace &amp; Gromit Cracking Contraptions series",
    "genres" : [ {
      "id" : 16,
      "name" : "Animation"
    }, {
      "id" : 35,
      "name" : "Comedy"
    }, {
      "id" : 10751,
      "name" : "Family"
    } ]
  }, {
    "id" : 319152,
    "title" : "Finders Keepers",
    "overview" : "In this documentary, recovering addict and amputee John Wood finds himself in a stranger-than-fiction battle to reclaim his mummified leg from Southern entrepreneur Shannon Whisnant, who found it in a grill he bought at an auction and believes it therefore to be his rightful property.",
    "genres" : [ {
      "id" : 99,
      "name" : "Documentary"
    } ]
  }, {
    "id" : 319157,
    "title" : "Private 2nd Class Norakuro: The Drill",
    "overview" : "Norakuro keeps getting his allies and enemies mixed up during training.",
    "genres" : [ {
      "id" : 16,
      "name" : "Animation"
    } ]
  }, {
    "id" : 319162,
    "title" : "Corporal Norakuro",
    "overview" : "Norakuro is now a corporal. On his day off-duty, he goes to eat chicken on the stick. On his way home, he falls into a slumber and dreams of fighting with the Monkey Corps, his enemy.",
    "genres" : [ {
      "id" : 16,
      "name" : "Animation"
    } ]
  }, {
    "id" : 319167,
    "title" : "Station to Station",
    "overview" : "Sending a burning arrow into the stunting effects that the compartmentalization of culture has on how creativity manifests, visual artist Doug Aitken embarked on an experiment exploring a less materialistic and more nomadic direction of art creation, exhibition, and participation. Station to Station involved a train that crossed North America housing a constantly changing creative community including artists, musicians, and curators, who collaborated in the creation of recordings, artworks, films, and 10 unique happenings, across the country.",
    "genres" : [ {
      "id" : 18,
      "name" : "Drama"
    } ]
  }, {
    "id" : 319177,
    "title" : "Hinomaru Hatanosuke Takes Down the Inazuma Gang",
    "overview" : "Short film where the hero Hatanosuke battles with an evil gang of thieves.",
    "genres" : [ {
      "id" : 16,
      "name" : "Animation"
    } ]
  }, {
    "id" : 319182,
    "title" : "Sugarcane Shadows",
    "overview" : "It is the end of an era. Marco, Bissoon and their friends have spent their lives working for a sugar factory that is due to close. Sugarcane is no longer profitable so it will soon be replaced by luxurious villas, golf courses and playgrounds for rich tourists, making this area forbidden for the working class. As their world seems to fall apart around them, some struggle to find their places in their strange new surroundings, while others decide to leave the country. For Bissoon, the closing of the factory brings frustration, emptiness and neo-colonial malaise. Meanwhile Marco gets intrigued by Devi, the wife of the authoritarian man overseeing the demolition of the factory.  Continuing his work of putting Mauritius on the cinematic map, David Constantin tells a story of a move from tradition to modernity. In doing so, he offers a view behind the postcard façade of paradise, portraying the world less picture perfect than you might think.",
    "genres" : [ ]
  }, {
    "id" : 319187,
    "title" : "Belly Drum Dance at Shojoji Temple",
    "overview" : "Early Japanese animation featuring a dancing tanuki (a Japanese raccoon dog).",
    "genres" : [ {
      "id" : 16,
      "name" : "Animation"
    } ]
  }, {
    "id" : 319192,
    "title" : "Boundary",
    "overview" : "An isolated community near the Latvia-Russia border. A space of ambiguity, a psycho-geography, an absence of personal histories.",
    "genres" : [ ]
  }, {
    "id" : 319197,
    "title" : "The Monkey Fleet",
    "overview" : "This very brief cartoon from Japan whose title translated means \"The Monkey Fleet\" and runs little more than a minute has the Asian monkeys battling octopuses as they both go underwater with the simian animals riding in submarines shooting their torpedo bullets at the sea creatures.",
    "genres" : [ {
      "id" : 10752,
      "name" : "War"
    }, {
      "id" : 16,
      "name" : "Animation"
    } ]
  }, {
    "id" : 319202,
    "title" : "Twisted Fates",
    "overview" : "A trio of suspenseful horror stories, each with twisted plots and heaping' helpings of babes &amp; blood!",
    "genres" : [ {
      "id" : 27,
      "name" : "Horror"
    } ]
  }, {
    "id" : 319207,
    "title" : "Going To Whatstock?",
    "overview" : "Michael and Jackie O'Brien (Owner's of the World Famous 'Toi' restaurant on Sunset), take a journey of rock music, love, and family as they get their sixties band back together again to play one last time at 'Goodstock' in West Virginia. Along the way they talk to Ed Begley Jr. about his sixties experiences, jam out with Giovanni Ribisi, and find out that Woodstock isn't 'what' it used to be.",
    "genres" : [ ]
  }, {
    "id" : 319212,
    "title" : "Die vom Rummelplatz",
    "overview" : "Young Anny returns from school to her circus family, which runs a little venue at the town fair. When Anny suddenly has to fill in for one of the artists, her piano-playing not only enthrals the audience, but also theatre agent Hobbes. He casts the whole family for the Apollo theatre in Berlin, where Anny quickly raises to stardom and is offered an engagement from the US.",
    "genres" : [ {
      "id" : 35,
      "name" : "Comedy"
    } ]
  }, {
    "id" : 319217,
    "title" : "La familia... 30 años después",
    "overview" : "",
    "genres" : [ ]
  }, {
    "id" : 319222,
    "title" : "Taring",
    "overview" : "A photoshoot in the jungle goes haywire when the models are attacked by mysterious creatures",
    "genres" : [ {
      "id" : 27,
      "name" : "Horror"
    } ]
  }, {
    "id" : 319227,
    "title" : "At the End of the Line",
    "overview" : "Crișan and Cicea, two recently released prisoniers, are trying to reintegrate into a society which proves to be a hostile environment.",
    "genres" : [ {
      "id" : 18,
      "name" : "Drama"
    } ]
  }, {
    "id" : 319232,
    "title" : "In Smog and Thunder",
    "overview" : "California was teetering on the edge of doom. Animosity between Los Angeles and San Francisco had grown out of control. War was looming in the hearts of men and women from Petaluma to Pacoima. Then, in early May, General Juan Gomez de los Angeles led his Southern troops in an offensive against the Bay Area. Once the Battle of San Francisco began there was no turning back . . . In Smog and Thunder is a mockumentary about a California civil war set in a vaguely recent past.  - Written by Sean Meredith",
    "genres" : [ ]
  }, {
    "id" : 319237,
    "title" : "Lemgo",
    "overview" : "",
    "genres" : [ {
      "id" : 53,
      "name" : "Thriller"
    } ]
  }, {
    "id" : 319242,
    "title" : "Tom and Jerry Classic Collection Volume 8",
    "overview" : "Tom and Jerry Classic Collection Volume 8",
    "genres" : [ {
      "id" : 35,
      "name" : "Comedy"
    }, {
      "id" : 16,
      "name" : "Animation"
    } ]
  }, {
    "id" : 319247,
    "title" : "Die Nacht hat 17 Stunden",
    "overview" : "",
    "genres" : [ {
      "id" : 18,
      "name" : "Drama"
    } ]
  }, {
    "id" : 319252,
    "title" : "Tödliches Rendezvous - Die Spur führt nach Palma",
    "overview" : "",
    "genres" : [ {
      "id" : 80,
      "name" : "Crime"
    } ]
  }, {
    "id" : 319257,
    "title" : "Falasha",
    "overview" : "True story of the plight and persecution of Ethiopian Jewry and of Operation Moses, which was organized in response, transporting thousands of Ethiopian Jews to Israel by means of secret airlifts from Sudan.",
    "genres" : [ {
      "id" : 99,
      "name" : "Documentary"
    } ]
  }, {
    "id" : 319262,
    "title" : "All at Sea",
    "overview" : "",
    "genres" : [ {
      "id" : 35,
      "name" : "Comedy"
    } ]
  }, {
    "id" : 319267,
    "title" : "One Republic - iTunes Festival",
    "overview" : "",
    "genres" : [ {
      "id" : 10402,
      "name" : "Music"
    } ]
  }, {
    "id" : 319272,
    "title" : "Alanis Morissette - Live at Credicard Hall",
    "overview" : "",
    "genres" : [ {
      "id" : 10402,
      "name" : "Music"
    } ]
  }, {
    "id" : 319282,
    "title" : "Camera Makes Whoopee",
    "overview" : "Montage and animation in two Acts: the preparation for the Glasgow Arts School Ball; and the ball itself.",
    "genres" : [ ]
  }, {
    "id" : 319287,
    "title" : "Fantômas",
    "overview" : "Fantômas is a French silent crime film serial directed by Louis Feuillade, based on the novel of the same name. The serial follows the exploits of the arch villain Fantômas, who commits crimes while eluding Juve, the inspector on his trail.",
    "genres" : [ {
      "id" : 18,
      "name" : "Drama"
    }, {
      "id" : 80,
      "name" : "Crime"
    } ]
  }, {
    "id" : 319292,
    "title" : "Lovely Andrea",
    "overview" : "If all pictures became current, in that they pass by and in doing so, are connectable with one another, whether elegantly or obscenely, through translation or associationhow would it be possible to fasten down a picture? Hito Steyerls light-hearted picture translations are about fastening things in an elegant-obscene way: In Tokyo she is looking for a photo series that she posed for in 1987 as a rope bondage model. While making inquiries with experts and authorities in the bondage arts (which are mainly marketed online nowadays), she found what she was looking for in a magazine archive. The cinematic tension is extremely high just now says the translator while Steyerl looks through photos of herself from her days as a film student.",
    "genres" : [ ]
  }, {
    "id" : 319297,
    "title" : "The Black Cat",
    "overview" : "The Black Cat, set in 1840 Philadelphia, has the great writer Edgar Allan Poe, struggling with alcoholism, writers block, as well as being out of ideas, short on cash, and tormented by his wife Virginia's black cat that will either destroy his life or inspire him to write one of his most famous stories.",
    "genres" : [ {
      "id" : 27,
      "name" : "Horror"
    } ]
  }, {
    "id" : 319302,
    "title" : "Right to Die",
    "overview" : "When a grisly car accident put his wife into a coma, a man reluctantly pulls the plug only to realize her spirit has turned vengeful against the living.",
    "genres" : [ {
      "id" : 53,
      "name" : "Thriller"
    }, {
      "id" : 27,
      "name" : "Horror"
    } ]
  }, {
    "id" : 319307,
    "title" : "Terras",
    "overview" : "",
    "genres" : [ ]
  }, {
    "id" : 319317,
    "title" : "Chido Guan, el tacos de oro",
    "overview" : "Street-punk drafted to soccer team, rises to stardom. Cuz he plays so good.",
    "genres" : [ ]
  }, {
    "id" : 319322,
    "title" : "Como perros y gatos",
    "overview" : "Teen romance comedy.",
    "genres" : [ {
      "id" : 35,
      "name" : "Comedy"
    } ]
  }, {
    "id" : 319327,
    "title" : "Incident on and Off a Mountain Road",
    "overview" : "While driving at night along a lonely road through the mountains, Ellen gets distracted by her radio and hits a car parked on the road. She faints and looks for help since her car does not start again. She meets Moonface pulling a woman in the woods. He's a deranged monster-like man that collects human bodies. She is abducted by Moonface, but she recalls the survival lessons of her husband Bruce as she faces and fights back against the killer.",
    "genres" : [ {
      "id" : 27,
      "name" : "Horror"
    } ]
  }, {
    "id" : 319332,
    "title" : "El Tram Final V.O. Cat",
    "overview" : "",
    "genres" : [ ]
  }, {
    "id" : 319337,
    "title" : "13 Minutes",
    "overview" : "The breath-taking story of a man who nearly would have changed the world. 1939, when Hitler tricked millions of people at the height of his power, one said a radical No: Georg Elser, disparaged as an assassin, is one of the greatest resistance fighters.",
    "genres" : [ {
      "id" : 18,
      "name" : "Drama"
    }, {
      "id" : 10752,
      "name" : "War"
    } ]
  }, {
    "id" : 319342,
    "title" : "Atlit",
    "overview" : "In October 1995 three French sisters gather in Atlit, Israel to sell the family home. Tensions arise between elders Darel and Cali when Darel proves unwilling to sell. That's when the sisters start seeing apparitions of their dead parents.",
    "genres" : [ {
      "id" : 18,
      "name" : "Drama"
    }, {
      "id" : 35,
      "name" : "Comedy"
    } ]
  }, {
    "id" : 319347,
    "title" : "As 1001 Posições do Amor",
    "overview" : "",
    "genres" : [ ]
  }, {
    "id" : 319352,
    "title" : "The Birth of the Tramp",
    "overview" : "A look back at Charlie Chaplin's early life and career, from his rough childhood and music hall success in England to his early Hollywood days and the development of his enormously popular \"Little Tramp\" character.",
    "genres" : [ {
      "id" : 99,
      "name" : "Documentary"
    }, {
      "id" : 10770,
      "name" : "TV Movie"
    } ]
  }, {
    "id" : 319357,
    "title" : "Vi behöver varann",
    "overview" : "A film by Hampe Faustman.",
    "genres" : [ ]
  }, {
    "id" : 319362,
    "title" : "La Sonate des spectres",
    "overview" : "",
    "genres" : [ {
      "id" : 99,
      "name" : "Documentary"
    } ]
  }, {
    "id" : 319367,
    "title" : "Turist Ömer",
    "overview" : "Directed by Hulki Saner.",
    "genres" : [ {
      "id" : 12,
      "name" : "Adventure"
    }, {
      "id" : 35,
      "name" : "Comedy"
    }, {
      "id" : 18,
      "name" : "Drama"
    } ]
  }, {
    "id" : 319372,
    "title" : "Hoochie Mamma Drama",
    "overview" : "Guera and Big Eyes are the flyest girls in the neighborhood proud of being known for their sexy antics and defined eyebrows. They will use their looks, dirty tricks and all they have to get the love of a man. As long as they don't find out they are both after the same man; Lazy, a man that has tricks and secrets of his own.",
    "genres" : [ ]
  }, {
    "id" : 319377,
    "title" : "Ricky 1",
    "overview" : "In this parody of the Rocky films, Ricky Wanero is a male gigolo and stripper who sets out to beat \"The Champ\" in the boxing ring.",
    "genres" : [ {
      "id" : 35,
      "name" : "Comedy"
    } ]
  }, {
    "id" : 319382,
    "title" : "Andy Williams: In Concert at Branson",
    "overview" : "Gracing the stage of his very own theater - the aptly named Moon River Theatre - beloved crooner Andy Williams delights a sold-out, Branson, Mo., crowd with this performance of his greatest hits and fan favorites. Highlights include \"Days of Wine and Roses,\" \"The American Trilogy,\" \"Born Free,\" \"You'll Never Walk Alone,\" \"He's Got the Whole World in His Hands,\" \"Oh, Happy Day\" and the love theme from The Godfather.",
    "genres" : [ {
      "id" : 10402,
      "name" : "Music"
    } ]
  }, {
    "id" : 319387,
    "title" : "Double Time Jazz Collection: Tribute to John Coltrane / Tribute to Bill Evans",
    "overview" : "This volume features two tribute concerts. In a tribute to John Coltrane, Wayne Shorter, Dave Liebman, Richie Beirach, Eddie Gomez and Jack De Johnette perform classics including \"Mr. P.C.,\" \"After the Rain\" and \"Naima.\" In a tribute to Bill Evans, Gordon Beck, Dieter Ilg, Tony Oxley, Stan Sulzmann and Kenny Wheeler perform \"Perri' Scope,\" \"Blue in Green\" and much more. Extras include concert notes and information on the artists and songs.",
    "genres" : [ ]
  }, {
    "id" : 319392,
    "title" : "Jo Dee Messina - The Video Collection",
    "overview" : "Bursting onto the scene with chart-topping hits like \"Heads Carolina, Tails California,\" \"You're Not in Kansas Anymore\" and \"Stand Beside Me,\" Jo Dee Messina stands as one of the most successful country music artists of the 1990s. This music video compilation features nine of the Massachusetts native's biggest songs, including \"Burn,\" \"Because You Love Me,\" \"I'm Alright,\" \"Bye-Bye,\" \"Do You Wanna Make Something of It,\" \"Closer\" and \"That's the Way.\"",
    "genres" : [ {
      "id" : 10402,
      "name" : "Music"
    } ]
  }, {
    "id" : 319397,
    "title" : "Saint Therese of the Child Jesus",
    "overview" : "When Therese was 4, her mother died of cancer; at age 8, Therese suffered from tuberculosis. After a statue of the Virgin Mary smiled at her, the girl who would become Saint Therese was cured. Followers know Saint Therese as the \"Little Flower of Jesus,\" a devout girl who joined the Order of Carmelites at 15 and died at 25. Learn about one of Catholicism's most popular saints through letters, interviews and reenactments of her remarkable life.",
    "genres" : [ ]
  }, {
    "id" : 319402,
    "title" : "The Secrets of the Dead Sea Scrolls",
    "overview" : "Even as scientists work diligently to authenticate the Dead Sea Scrolls, a historical and momentous find for archaeologists, questions surface about their true origin. Who wrote them? Did they truly know Jesus? And what do the scrolls mean for modern-day Christianity? This riveting documentary aims to find the answers to these and many other questions and shares new information about this important archaeological artifact.",
    "genres" : [ {
      "id" : 99,
      "name" : "Documentary"
    } ]
  }, {
    "id" : 319407,
    "title" : "ZZ Top: Greatest Hits: The Video Collection",
    "overview" : "Bearded rockers ZZ Top just might be the most easily recognizable musicians in history, with their identical beards, sunglasses and blazing guitars. Beyond the look is the gritty, bluesy rock sound that has kept them an enduring part of the music scene for many years. When MTV was new, it aired only videos, such as ZZ Top gems \"Sharp Dressed Man\" and \"Legs.\" This collection includes 12 of the band's most popular videos.",
    "genres" : [ ]
  }, {
    "id" : 319412,
    "title" : "Before They Were Wrestling Stars: CM Punk",
    "overview" : "Want to know all about professional wrestler CM Punk's life before he made a name for himself? Featuring some of his earliest bouts, this intriguing video traces the experiences that shaped Punk's identity and helped him become a success in the ring. Determined to make it to the top of his sport, Punk crisscrossed America to compete in countless independent wrestling matches before hitting pay dirt.",
    "genres" : [ ]
  }, {
    "id" : 319417,
    "title" : "Broken Glass",
    "overview" : "After being caught in the arms of her lover, Alessandra (Danielle James), artist Valentina (Mariela Santos) is given a devastating ultimatum: be heterosexual or be disowned. The trauma forces a duality in her, and her male ego, Valentin (Gustavo Camelot), emerges to take over. Spiraling out of control, her life is manipulated by seven bottles of wine made to celebrate her milestones. And in the magic of the seventh bottle, she finds redemption.",
    "genres" : [ {
      "id" : 18,
      "name" : "Drama"
    } ]
  }, {
    "id" : 319427,
    "title" : "David Oistrakh: Remembering a Musician",
    "overview" : "This compelling documentary features renowned Russian violinist David Oistrakh performing several powerfully emotional pieces, including \"Intermezzo\" from Lalo's \"Symphonie Espagnole\" and an excerpt from \"F minor Sonata\" by Prokofiev. Drawn from the Soviet Union's video archives and narrated by Erick Friedman, this program also features Oistrakh playing selections from Tchaikovsky's Violin Concerti, from Schumann and more.",
    "genres" : [ ]
  }, {
    "id" : 319432,
    "title" : "Flowers for My Grandparents",
    "overview" : "The treasured bond between children and their grandparents is celebrated in this unique program that combines lush images of flowers from gardens around the world with soothing classical music. You'll also experience heartfelt words by writers who have explored the special relationship between grandparent and grandchild.",
    "genres" : [ ]
  }, {
    "id" : 319437,
    "title" : "Kenny Werner: Effortless Mastery",
    "overview" : "Renowned jazz pianist Kenny Werner speaks before a live audience about his \"Effortless Mastery\" concept, a program he developed -- based on his popular book -- to help musicians and other creative people overcome obstacles that prevent them from tapping deeply into their creative talent. The system has had a profound impact on numerous artists, allowing them to get rid of self-consciousness, apprehension, negative inner voices and stress.",
    "genres" : [ ]
  }, {
    "id" : 319442,
    "title" : "Daughter of the Sun God",
    "overview" : "This adventure chronicles the exploits of an author/explorer on a trip to Peru to hunt for the missing uncle of his pretty young companion. Her archaeologist uncle disappeared while searching for a lost Incan city that he found upon an ancient map. Together the writer and the girl launch an expedition to search for this legendary city. They are guided by another Yankee archaeologist. It is he who swiped the map from the woman's uncle. With their help, he hopes to find the city so he and his gang of thieves can loot it. Along the way they encounter many dangers including, snakes, crocodiles, jaguars, and quicksand. The writer and the niece get their first and warn the Incas living their. The Indians neatly dispatch the evil archaeologist and his band.",
    "genres" : [ {
      "id" : 12,
      "name" : "Adventure"
    } ]
  }, {
    "id" : 319447,
    "title" : "National Parks USA: From the Pacific to the Atlantic",
    "overview" : "Take an awe-inspiring journey across the United States to visit the country's magnificent national parks with this visually lush travelogue. Beginning in exotic Hawaii and moving east all the way to the Bahamas, you'll enjoy a variety of natural landscapes bursting with bubbly geysers, breathtaking canyons and spectacular waterfalls. Highlighted parks include Yellowstone, Bryce Canyon, Yosemite, Monument Valley and the Everglades.",
    "genres" : [ ]
  }, {
    "id" : 319452,
    "title" : "Queen Esther Marrow with the Harlem Gospel Singers & Band: Let the Good Times Roll",
    "overview" : "In concerts performed the world over, the Harlem Gospel Singers have bowled over audiences with their powerful singing and professional musical accompaniment. This live performance -- with Queen Esther Marrow front and center -- demonstrates why. Beginning her career under the tutelage of Duke Ellington, Queen Esther performed with many of the world's greatest musicians before forming the Harlem Gospel Singers ensemble.",
    "genres" : [ ]
  }, {
    "id" : 319457,
    "title" : "SLG Click: The Game's Begun",
    "overview" : "The beats, lyrics and images of Chicano rap combine in this booty-shaking audiovisual extravaganza. Fans of the underground Latino rap scene will see and hear plenty of their favorite tracks, accompanied by cool music videos. Rock the party or your ride with this collection of sights and sounds straight off the street.",
    "genres" : [ ]
  }, {
    "id" : 319462,
    "title" : "Dumb Witness",
    "overview" : "An elderly woman confides to Poirot that she fears one of her relatives is trying to kill her for her money. He persuades her to disinherit her heirs, but she is murdered anyway.",
    "genres" : [ {
      "id" : 53,
      "name" : "Thriller"
    }, {
      "id" : 80,
      "name" : "Crime"
    } ]
  }, {
    "id" : 319467,
    "title" : "The Littlest Leaguers Learn to Play Baseball",
    "overview" : "Computer-animated characters Mitt, BB, Slugger, Stevie and the rest of the Little Leaguers are in the dugout to teach your littlest athletes the ins and outs (if not exactly the finer points) of America's national pastime. A fun blend of songs, comedy and animation makes it a blast for kids to learn everything they need to know to play the game.",
    "genres" : [ ]
  }, {
    "id" : 319472,
    "title" : "The History of Talk Radio",
    "overview" : "Freedom of speech takes to the airwaves in this revealing look at talk radio. The program covers the history of this fast-growing format through archival material of talk radio pioneers including Joe Pyne, Alan Burke and others and features interviews and clips of leading hosts Larry King, Howard Stern, Don Imus, Rush Limbaugh, Bob Grant, Dr. Laura Schlessinger, Ollie North, Dr. Ruth Westheimer, Morton Downey Jr. and G. Gordon Liddy.",
    "genres" : [ ]
  }, {
    "id" : 319477,
    "title" : "Waylon Jennings: Nashville Rebel",
    "overview" : "Country music star Waylon Jennings may no longer be with us, but his legend will live on. His legacy is evident in this video homage -- a complement to the audio box set of the same name. The historical profile combines live stage performances and rare footage of the man behind the entertainer. Fans will delight in watching previously unreleased performance tracks from the musical icon, including \"Ramblin' Man\" and \"Good-Hearted Woman.\"",
    "genres" : [ ]
  }, {
    "id" : 319482,
    "title" : "Jive & Rock 'n' Roll",
    "overview" : "This two-part DVD is a great way to learn how to really rock out! In \"How to Jive,\" champion dancers offer instruction on modern jive, ballroom jive and the Lindy Hop, all set to music by the Firebirds. International dance pro Kav Kavanaugh lends his expertise to \"How to Rock 'n' Roll.\" With tunes from the '50s band The Cobras, the easy-to-follow routines cover the essential moves you'll need whether you're a newbie or just want to brush up.",
    "genres" : [ ]
  }, {
    "id" : 319487,
    "title" : "Ballers: Street Dreams of the Rich and Famous",
    "overview" : "Hip-hop may be made in the studio, but the deals happen in offices and boardrooms, as witnessed in this candid documentary from producers Tony Dofat and Heavy D. With unprecedented access, their cameras follow some of the genre's biggest names. Interviews with Timbaland, Russell Simmons, P. Diddy, Method Man and others reveal the true story behind the creative process and the decisions that shape the industry.",
    "genres" : [ ]
  }, {
    "id" : 319492,
    "title" : "Cartoon Crazys: The Great Animators",
    "overview" : "Twelve full-length, fully restored classic cartoons from legendary animators make up this fun collection. The anthology includes the works of the outlandish and colorful Tom Palmer, the genius behind Betty Boop and Little Lulu; Myron Waldman; and animation pioneer Seymour Kneitel. Cartoons include \"Hawaiian Birds,\" \"Hunky and Spunky,\" \"A Waif's Welcome,\" \"Molly Moo Cow,\" \"Dancing on the Moon,\" \"Customers Wanted,\" \"Bold King Cole\" and more.",
    "genres" : [ ]
  }, {
    "id" : 319497,
    "title" : "Bass on Titles",
    "overview" : "Explores the visual art of Saul Bass and his contributions to film credits.",
    "genres" : [ ]
  }, {
    "id" : 319502,
    "title" : "Gregorian Chant: Songs of the Spirit",
    "overview" : "Enthusiasts who have been privy to performances of Gregorian chants know that the stirring music raises spirits, uplifts the soul and stirs emotions in its listeners. Among many performers, the monks of the Spanish San Isidoro monastery are some of the genre's best interpreters. Catch them singing from the spirit in this moving concert (held at the tombs of Kings Aragon and Leon) that includes pieces from as far back as the 12th century.",
    "genres" : [ ]
  }, {
    "id" : 319507,
    "title" : "Jacqueline Du Pre: Legend",
    "overview" : "Before her untimely death from multiple sclerosis in 1987, renowned cellist Jacqueline Du Pre won classical audiences in the 1960s and '70s with her robust and lively approach to musicianship, a testament to her innate genius and deep affinity for the pieces she played. See her face Brahms's cello sonatas, Beethoven's \"Sonata No. 3 in A, Op. 69\" (with husband Daniel Barenboim on piano), Elgar's \"Cello Concerto in E minor, Op. 85\" and many others.",
    "genres" : [ ]
  }, {
    "id" : 319512,
    "title" : "Michael Lee Firkins: Mastering Lead Guitar",
    "overview" : "Accomplished guitarist Michael Lee Firkins shares his secrets for mastering the art of playing lead guitar in this easy-to-follow tutorial that also includes an overview of the enviable styles of Jimmy Page and Joe Walsh. Firkins tackles a range of topics, from scales and routines, whammy bar effects, blues leads and tapping effects, to open-string tapping styles and advanced sweeping and arpeggio techniques.",
    "genres" : [ ]
  }, {
    "id" : 319522,
    "title" : "Pet Alien: Lighter Side of Doom",
    "overview" : "These fun-loving aliens sure know how to have a good time on our meek little planet, but their frisky antics aren't always appreciated by 12-year-old Tommy Cadle, whose lighthouse hideaway the exuberant extraterrestrials have adopted as their own. In this collection of all four first-season \"Doom\" episodes from the popular animated series, Tommy manages to cope with adolescent dramas -- despite the \"help\" of his well-meaning space buddies.",
    "genres" : [ ]
  }, {
    "id" : 319527,
    "title" : "Secrets of the Serpent: In Search of the Sacred Past",
    "overview" : "Based on Philip Gardiner's theory that an ancient serpent cult once dominated the human race, this program explores mysterious locations sacred to the cult, undisclosed information about the Holy Grail and the Elixir of Life, and the massive conflict that led to the sect's demise as Christianity took over. Controversial researcher and best-selling author Gardiner's intriguing documentary complements his novel of the same name.",
    "genres" : [ ]
  }, {
    "id" : 319532,
    "title" : "Stage Ghost",
    "overview" : "Get ready for a horrifying tale- Western style! A stagecoach pulls into its regular station on schedule, but without its passengers and driver. An investigation discovers blood stained seats, but no sign of any bodies. Now, it is up to a group of locals to uncover what happened on the haunted stagecoach and to confront the supernatural beings that have put them all under siege.",
    "genres" : [ ]
  }, {
    "id" : 319537,
    "title" : "The Life and Times of John F. Kennedy",
    "overview" : "Esteemed actor Cliff Robertson narrates this moving documentary, which was produced just months after President John F. Kennedy's 1963 assassination. Through a montage of photos and film clips, the program chronicles the idyllic \"Camelot\" years of the 35th president and his elegant society wife, Jacqueline Bouvier Kennedy, as well as JFK's childhood, his naval service during World War II and his early days as a young politician.",
    "genres" : [ ]
  }, {
    "id" : 319542,
    "title" : "Batwoman and Robin",
    "overview" : "70s Queen of action movies, Virginia and son, Robin Aristorenas teamed up for this spectacular adventure in the 1972 movie, Batwoman and Robin",
    "genres" : [ {
      "id" : 28,
      "name" : "Action"
    }, {
      "id" : 14,
      "name" : "Fantasy"
    } ]
  }, {
    "id" : 319547,
    "title" : "Cartoon Crazys Kids' All Time Favorites",
    "overview" : "Culled from a storehouse of family-friendly, animated 'toons, this collection of remastered classics will keep children entertained for hours. The familiar faces of Popeye, Bugs Bunny, Daffy Duck and Casper the Friendly Ghost light up the screen in memorable shorts such as \"Wackiki Wabbit,\" \"Pigs in a Polka,\" \"Daffy Duck and the Dinosaur,\" \"Boo Moon\" and \"Popeye the Sailor Meets Ali Baba's Forty Thieves.\"",
    "genres" : [ ]
  }, {
    "id" : 319552,
    "title" : "Scotland's Lighthouses: An Exploration of Working Landmarks",
    "overview" : "Take a tour of the wild, rocky and beautiful coastline of Scotland, where you'll find 36 majestic lighthouses. And behind the physical splendor of each structure is a unique tale -- told by the people who know and love them best. The breathtaking journey also includes stories about the newer businesses that have brought renewed interest in some of these glorious beacons. The soundtrack won two awards at the Just Plain Folks Music Awards.",
    "genres" : [ ]
  }, {
    "id" : 319557,
    "title" : "Joshua Slocum: Life & Epic Journey",
    "overview" : "Following a stellar career that found him commanding some of the world's finest ships, Joshua Slocum embarked on journey far different from any he'd ever taken before, setting out to become the first person to single-handedly sail around the world. Explore the fascinating life of this seaman adventurer with this award-winning documentary that chronicles everything from his childhood in Nova Scotia to his mysterious disappearance in 1909.",
    "genres" : [ ]
  }, {
    "id" : 319562,
    "title" : "Opry Video Classics: Honky-Tonk Heroes",
    "overview" : "From historic Ryman Auditorium in Nashville, Tenn., comes this collection of 15 Grand Ole Opry performances, including Johnny Cash singing \"Folsom Prison Blues\" and George Jones delivering \"The Race Is On.\" Among the other honky-tonk legends are Ray Price (\"Heartaches by the Number\"), Porter Wagoner (\"Misery Loves Company\"), Dave Dudley (\"Six Days on the Road\"), Ernest Tubb (\"Walking the Floor Over You\") and Bobby Bare (\"Detroit City\").",
    "genres" : [ ]
  }, {
    "id" : 319567,
    "title" : "Matters of the Heart",
    "overview" : "A story about lives of an ambulance employees and their relationships.",
    "genres" : [ {
      "id" : 18,
      "name" : "Drama"
    } ]
  }, {
    "id" : 319572,
    "title" : "Tea Leaf Green: Rock 'N' Roll Band",
    "overview" : "Join Ben Chambers, Trevor Garrod and the rest of the Tea Leaf Green jam band in this Justin Kreutzmann-directed documentary that incorporates a generous sprinkling of concert footage. Witness the group's unforgettable performance at Boulder, Colorado's Fox Theater, where they shared their San Francisco-grown sound, as well as more intimate moments where band members talk about what it's like to be on the way up the mountain of fame.",
    "genres" : [ ]
  }, {
    "id" : 319577,
    "title" : "Styles of Krump",
    "overview" : "Maybe you can't krump. (Maybe you don't even know what krumping is.) But did you know that krumping comes in a variety of styles, including \"beastly,\" \"scary,\" \"rugged\" and even \"funny\"? In this fast-paced instructional program, the creators of the South Central-based dance style show you how to adapt your moves to suit your mood. And you won't want to miss a dance showdown between Tight Eyez and the Victorville Clowns.",
    "genres" : [ ]
  }, {
    "id" : 319582,
    "title" : "The Toy Castle: Twinkle, Twinkle",
    "overview" : "Little ones will leap for this award-winning live-action program performed by members of the Royal Winnipeg Ballet. In this installment, you'll join Ballerina, Soldier and Rag Doll for a collection of musical adventures built around the theme of bedtime stories, including \"Sky Show,\" \"Soldier's Story,\" \"Horse Dreams,\" \"Night Light,\" \"Solo Sleep Out,\" \"Tooth Fairy,\" \"Man in the Moon,\" \"Again, Please,\" \"Sleep Dancing\" and \"Starry Night.\"",
    "genres" : [ ]
  }, {
    "id" : 319587,
    "title" : "Uncle Nick and the Magic Forest: Vol. 1: Poco and Friends",
    "overview" : "Joined by furry buddies O.D. Coyote, Flora Flower and Chee Chee Bea Birdie, Uncle Nick Felix -- the award-winning choreographer of the \"Barney &amp; Friends\" series -- leads kids on a song-and-dance-filled journey through the woods of the Magic Forest. Geared towards kid ages 2 though 8, this vibrant program is designed to boost self-esteem, encourage physical activity and foster creativity and expression.",
    "genres" : [ ]
  }, {
    "id" : 319592,
    "title" : "Erbarme Dich - Matthäus Passion Stories",
    "overview" : "Erbarme dich - Matthäus Passion Stories is a labyrinthine narrative in which notables such as Peter Sellars, Emio Greco, Simon Halsey and painter Rinke Nijburg explain their special relationship with Bach’s St Matthew Passion to Ramón Gieling (Johan Cruijff: en un momento dado). They speak against the backdrop of a church which has fallen into disrepair, while a choir of homeless people and Pieter Jan Leusink’s Bach Choir &amp; Orchestra rehearse the Passion.  Leusink isn't just the conductor, he is one of the main characters himself, with a painful past in which this musical piece has played a dominant role. Stories from the others alternate seamlessly with this. We learn how the St Matthew Passion played a decisive role in the relations between men and women, fathers and sons, fathers and daughters, mothers and their unborn children, and finally that in spite of our differences we all find a common denominator in the secret of Bach's music.",
    "genres" : [ {
      "id" : 99,
      "name" : "Documentary"
    }, {
      "id" : 18,
      "name" : "Drama"
    } ]
  }, {
    "id" : 319597,
    "title" : "Wait for Me",
    "overview" : "A story of true love set during the WWII.",
    "genres" : [ {
      "id" : 10749,
      "name" : "Romance"
    }, {
      "id" : 18,
      "name" : "Drama"
    }, {
      "id" : 10752,
      "name" : "War"
    } ]
  }, {
    "id" : 319602,
    "title" : "One of a Kind in Seoul",
    "overview" : "Following the success of his solo mini-album One of a Kind, G-Dragon launched his first Asia tour on March 30, 2013 in Seoul. The Big Bang leader worked with This is It tour choreographers Travis Payne and Stacey Walker as well as stage designer Michael Cotton for the large-scale One of a Kind tour which included stops in Beijing, Taipei, Hong Kong, Shanghai, Bangkok, Jakarta, Kualu Lumpur, Singapore and Japan.",
    "genres" : [ {
      "id" : 10402,
      "name" : "Music"
    } ]
  }, {
    "id" : 319607,
    "title" : "Danskernes egen historie - Modstanden vokser",
    "overview" : "",
    "genres" : [ ]
  } ]
}