{
  "movies" : [ {
    "id" : 274007,
    "title" : "The Color of Rain",
    "overview" : "After cancer claims Matt Kell's life on Christmas Day 2005, his widow, Gina and two young boys are left to cope with the pain of his loss while their close church community gathers around them for support.",
    "genres" : [ {
      "id" : 10770,
      "name" : "TV Movie"
    }, {
      "id" : 18,
      "name" : "Drama"
    } ]
  }, {
    "id" : 274012,
    "title" : "Paranormal Rosslyn Chapel",
    "overview" : "Paranormal and supernatural mysteries abound at Scotland's Rosslyn Chapel, one of the most mysterious places in the world. From the head of Jesus and the Holy Grail, to the Secret Templar text and Dark Magick, explore this enigmatic Paranormal hot spot.",
    "genres" : [ ]
  }, {
    "id" : 274022,
    "title" : "The Meteor",
    "overview" : "Planetary Alignment causes a horrific meteor storm, imbuing a newborn with bloodthirsty supernatural abilities.",
    "genres" : [ {
      "id" : 53,
      "name" : "Thriller"
    }, {
      "id" : 28,
      "name" : "Action"
    }, {
      "id" : 878,
      "name" : "Science Fiction"
    } ]
  }, {
    "id" : 274027,
    "title" : "Last Seen at Angkor",
    "overview" : "Jeremy Oden returns to Cambodia four years after his fiance disappeared from the streets.",
    "genres" : [ ]
  }, {
    "id" : 274032,
    "title" : "Here's the Kicker",
    "overview" : "A down-on-his-luck football kicker decides to give up his dreams of making it in the NFL and move to Texas with his fiance. The only things standing in their way are 1000 miles of road and every single person that they care about.",
    "genres" : [ ]
  }, {
    "id" : 274037,
    "title" : "The Company We Keep",
    "overview" : "Teri Stewart is the 28 year-old President of Eclectic Records, a boutique music label struggling to survive in the declining music industry. As Teri searches for love, she juggles a constantly demanding professional life with the emotional ups and downs of her personal relationships.",
    "genres" : [ ]
  }, {
    "id" : 274042,
    "title" : "The Devil Operation",
    "overview" : "The charismatic Father Marco Arana, named a Hero of the Environment in 2009 by Time Magazine, has been so effective in advocating against the US-owned Yanacocha mine that he's code-named \"the Devil\" and targeted in a campaign of harassment and terror.When one colleague is threatened with rape and another is killed, the activists fight back, capture a spy, and uncover a military-scale operation of surveillance and violence that shocks even them. When billions of dollars are at stake, just how far are corporations willing to go to protect their bottom line?",
    "genres" : [ ]
  }, {
    "id" : 274047,
    "title" : "The Weekend",
    "overview" : "A hilarious and spontaneous ensemble film shot in real time about eight former summer campers who take over a rental cottage in upstate New York for one last crazy weekend.",
    "genres" : [ ]
  }, {
    "id" : 274052,
    "title" : "Guerrilla Girl",
    "overview" : "Thriller - During World War II, Helmut Dantine specialized in playing villainous Nazis in Hollywood melodramas. He offers a compelling performance in a variation of these earlier roles in this suspense filled and politically loaded tale of intrigue. The story opens in German-occupied Athens during the darkest hours of the war. Civilians are not allowed on the streets after dark. -  Helmut Dantine, Marianna, Irene Champlin",
    "genres" : [ {
      "id" : 18,
      "name" : "Drama"
    }, {
      "id" : 53,
      "name" : "Thriller"
    }, {
      "id" : 10752,
      "name" : "War"
    } ]
  }, {
    "id" : 274057,
    "title" : "Hooloock Gibbons: Grasping The Last Branch",
    "overview" : "Documentary - The Hoolock Gibbons of Bangladesh have been brought to the brink of extinction by the relentless destruction of their forested habitats throughout the country, even in the most highly protected forest reserves. This species used to number in the tens of thousands, but are now down to the last 200 or so.",
    "genres" : [ ]
  }, {
    "id" : 274062,
    "title" : "Judge Mujrim",
    "overview" : "Action - One day Justice Sinha sees a young man kill another and escape. He assists in drawing a picture of the assailant, who turns out to be Sunil. He is found guilty and sentenced to hanging. Shortly after, Sinha realizes that the killer is somebody else. -  Jeetendra, Sunil Shetty, Sujata Mehta",
    "genres" : [ ]
  }, {
    "id" : 274067,
    "title" : "Lee Harvey Oswald: 48 Hours to Live",
    "overview" : "Documentary - This special seeks to explain the enigmatic Oswald using a brand new approach. No other documentary has exclusively traced Oswald's actions in the minutes, hours and days following the events in Dallas. By shifting the focus on that November weekend, we're able to tell a familiar story in an unfamiliar way, providing a refreshing new perspective on Oswald himself, as well as on the Kennedy assassination. -  Michael Baker, Jason Lee Boyson, Sarah Joy Byington",
    "genres" : [ ]
  }, {
    "id" : 274072,
    "title" : "A Line in the Sand",
    "overview" : "Drama - Set in the present-day Iraq war, this tense and gripping drama unfolds as two US Marines find themselves stranded and alone in the desert after their unit is all but destroyed in a routine mission. One of their team is taken hostage in the attack, their Humvee is stolen, their communications are down and their supplies are limited. -  Gary Weeks, Rob Botts, Paul J. Alessi",
    "genres" : [ {
      "id" : 10752,
      "name" : "War"
    }, {
      "id" : 18,
      "name" : "Drama"
    } ]
  }, {
    "id" : 274077,
    "title" : "Mission Accomplished: Langan in Iraq",
    "overview" : "Documentary - Seven months after the end of the war, acclaimed BBC journalist and filmmaker Sean Langan (Behind the Lines, Travels of a Gringo) takes a brave and eventful trip through Iraq, seeking to shed light on the current situation. -  Sean Langan",
    "genres" : [ ]
  }, {
    "id" : 274082,
    "title" : "Spike of Love",
    "overview" : "An innocent businessman gets in over his head during a night of lust in this horror-comedy from director Steve DiMarco.",
    "genres" : [ {
      "id" : 27,
      "name" : "Horror"
    }, {
      "id" : 35,
      "name" : "Comedy"
    } ]
  }, {
    "id" : 274092,
    "title" : "Historia de un ballet",
    "overview" : "This short documentary describes the process and inspiration behind the creation and performance of a new Cuban ballet based on Afro-Cuban traditions and beliefs.",
    "genres" : [ {
      "id" : 99,
      "name" : "Documentary"
    } ]
  }, {
    "id" : 274097,
    "title" : "Que personne ne sorte",
    "overview" : "Set between Christmas and New Year, the film told the story of six criminals who kidnap an ambassador's daughter and await the ransom; enter Monsieur Wens, who infiltrates their hideout using various comic disguises, bumps them off one by one and rescues the little girl.",
    "genres" : [ {
      "id" : 80,
      "name" : "Crime"
    } ]
  }, {
    "id" : 274102,
    "title" : "The Very Edge",
    "overview" : "Tracey Lawrence is assautled in her home and is so affected by the traumatic event she now finds all men totally repulsive, including her husband. Her attitude does not change with time, and to make matters worse her husband has got romantically involved with his secretary. Also, the police still have not tracked down Tracey's attacker and there is no guarantee that she is safe.",
    "genres" : [ {
      "id" : 18,
      "name" : "Drama"
    } ]
  }, {
    "id" : 274107,
    "title" : "PMS Cop",
    "overview" : "PMS COP is the story of Mary, a police officer, who after being caught on television beating a rapist, is forced into an evil Pharmaceutical Company's drug trial for a PMS inhibitor known as Corybantic. After a tragic event Mary suffers a horrific side effect, and with her new found superhuman strength, she begins to systematically take out her vengeance on everyone in her path! Will Mary fight against her inner urge to destroy or could she become the first of a new secret weapons program designed by an evil corporation?",
    "genres" : [ {
      "id" : 27,
      "name" : "Horror"
    } ]
  }, {
    "id" : 274112,
    "title" : "Dear Courtney",
    "overview" : "",
    "genres" : [ {
      "id" : 10402,
      "name" : "Music"
    }, {
      "id" : 35,
      "name" : "Comedy"
    } ]
  }, {
    "id" : 274117,
    "title" : "Islamic Art: Mirror of the Invisible World",
    "overview" : "This ninety-minute film takes audiences on an epic journey across nine countries and over 1,400 years of history. It explores themes such as the Word, Space, Ornament, Color and Water and presents the stories behind many great masterworks of Islamic Art and Architecture.  Narrated by Academy Award winning performer Susan Sarandon, this dazzling documentary reveals the variety and diversity of Islamic art. It provides a window into Islamic culture and brings broad insights to the enduring themes that have propelled human history and fueled the rise of world civilization over the centuries",
    "genres" : [ {
      "id" : 99,
      "name" : "Documentary"
    } ]
  }, {
    "id" : 274122,
    "title" : "Fric-Frac",
    "overview" : "",
    "genres" : [ {
      "id" : 35,
      "name" : "Comedy"
    } ]
  }, {
    "id" : 274127,
    "title" : "A Star for Two",
    "overview" : "Love between a man and a woman that endures the ravages of time.",
    "genres" : [ {
      "id" : 10749,
      "name" : "Romance"
    }, {
      "id" : 18,
      "name" : "Drama"
    } ]
  }, {
    "id" : 274132,
    "title" : "Devotion",
    "overview" : "In Sardinia, at the beginning of the twentieth century, the once powerful aristocratic Decherchi family is going through difficult times and is threatened with eviction. To be able to pay his debts, Don Paulu, the son, needs help. He seeks aid from Uncle Zua, an old miser, who rejects him bluntly. Upset by Paulu's misfortunes, Annesa, the servant girl adopted by the family and Paulu's lover, decides to kill Zua so that the Decherchis inherit from him...",
    "genres" : [ ]
  }, {
    "id" : 274137,
    "title" : "Formol",
    "overview" : "",
    "genres" : [ ]
  }, {
    "id" : 274142,
    "title" : "Девочка и слон",
    "overview" : "",
    "genres" : [ ]
  }, {
    "id" : 274147,
    "title" : "The Making of Broncho Billy",
    "overview" : "Broncho Billy runs into trouble in a bar when he gets into a confrontation with a bully. Since the bully has a gun and Billy doesn't, he's forced to endure the bully's humiliating tactics until he manages to get away. He determines to find himself a gun, learn how to use it and then go back and find the bully for a little payback.",
    "genres" : [ ]
  }, {
    "id" : 274152,
    "title" : "Mutthi Bhar Chawal",
    "overview" : "Directed by Sangeeta.",
    "genres" : [ ]
  }, {
    "id" : 274157,
    "title" : "Waves - A Portrait of Maria á Heygum",
    "overview" : "The story of a Grandmother who swims every day in the sea whatever the weather.",
    "genres" : [ {
      "id" : 18,
      "name" : "Drama"
    } ]
  }, {
    "id" : 274162,
    "title" : "The Dog",
    "overview" : "A tale of rage, hate, love and passion. Of guilt and revenge.",
    "genres" : [ {
      "id" : 18,
      "name" : "Drama"
    }, {
      "id" : 10751,
      "name" : "Family"
    } ]
  }, {
    "id" : 274167,
    "title" : "Daddy's Home",
    "overview" : "The story of a mild-mannered radio executive (Ferrell) who strives to become the best stepdad ever to his wife's two children, but complications ensue when their freewheeling, freeloading real father arrives, forcing stepdad to compete for the affection of the kids.",
    "genres" : [ {
      "id" : 35,
      "name" : "Comedy"
    } ]
  }, {
    "id" : 274172,
    "title" : "The Backpacker",
    "overview" : "On the lonely back roads of rural Australia a deadly secret from the past awaits returned soldier Sergeant Ben Cross. Vincent Malek, a cruel and uncompromising killer forces Ben to play his deadly game. Relentlessly hunted through unforgiving terrain, Ben must draw on all his strength to survive, and unravel the truth along the way. The ultimate psychological chase film with revenge at its core, The Backpacker is a thriller in the same chilling vein as the late 60's box office sensation 'Deliverance'. As Malek hunts Ben relentlessly through his forest hunting ground in a gruesome game of cat and mouse, the action revolves around one crucial question: how far would you go for revenge...",
    "genres" : [ {
      "id" : 53,
      "name" : "Thriller"
    }, {
      "id" : 27,
      "name" : "Horror"
    } ]
  }, {
    "id" : 274177,
    "title" : "Dada Dum",
    "overview" : "A surreal dance narrative set within the aesthetic of an old black-and-white silent film paired with a haunting musical score: the journey of transformation through three stages of life.",
    "genres" : [ ]
  }, {
    "id" : 274182,
    "title" : "Hope's War",
    "overview" : "A man suffering from post-traumatic stress disorder relives his horrific experiences during the Gulf War in this short film from filmmaker Yake Smith.",
    "genres" : [ ]
  }, {
    "id" : 274187,
    "title" : "Purim: The Lot",
    "overview" : "Drama - The time is the 4th century B.C.E. and Persia is one of the most powerful nations in the Middle East with its beautiful capital, Shushan, a jewel in the crown of King Ahasuerus. Everyone enjoys peace and harmony, except the treacherous Haman, the King's chief adviser. One day he decides to exterminate all Persian Jews. Queen Esther and her wise Uncle Mordechai thwart his treacherous plot. Jewish victory over Haman is now widely celebrated by all Jews during the holiday of Purim.",
    "genres" : [ ]
  }, {
    "id" : 274192,
    "title" : "Russia: The Outpost Vol. 1",
    "overview" : "Documentary - Russia, The Outpost Vol. 1 is a journey into the remote wilderness of the Kamchatka Peninsula, camping and fishing along the way, in a groundbreaking search for surf and adventure. -",
    "genres" : [ ]
  }, {
    "id" : 274197,
    "title" : "Sugar Wars - The Rise of the Cleveland Mafia",
    "overview" : "Documentary - The Sugar Wars chronicles the life of the Lonardos', the first crime family in Cleveland, Ohio. On his deathbed, Angelo Lonardo comes out of hiding at 90 years old to tell the story of the Cleveland Mafia. -  Michael Cipiti",
    "genres" : [ ]
  }, {
    "id" : 274202,
    "title" : "Perpetrators of the Crime",
    "overview" : "Seriously strapped for cash, three college roommates decide to solve their financial woes by kidnapping the daughter of a wealthy businessman. But the rookie criminals make a huge mistake when they accidentally grab the wrong girl (Tori Spelling). What started out as a simple plan turns into a big mess as the friends struggle to keep up with their hostage's demands. Sean Devine, Danny Strong and Mark Burgess star in this comedy.",
    "genres" : [ ]
  }, {
    "id" : 274207,
    "title" : "Agent Beetle",
    "overview" : "The Fantastic Five",
    "genres" : [ ]
  }, {
    "id" : 274212,
    "title" : "Djuka Begovic",
    "overview" : "After spending 13 years in prison, forty-year-old Djuka Begovic returns to his home-village in Slavonia. He promises to his mother that he will begin a new and honest life. He finds new meaning in taking care of his daughter Smilja. He tries to chase away destructive thoughts that threaten to overwhelm him by throwing himself into hard work. However, everything around him reminds him of his past and his family's tragic destiny. His family was wealthy at the beginning of the twentieth century, but was destroyed by the capitalist powers that took over the villages and broke the traditional family cooperatives. Djuka's personal life was marked by constant conflicts with his father.",
    "genres" : [ {
      "id" : 18,
      "name" : "Drama"
    } ]
  }, {
    "id" : 274222,
    "title" : "Домашний цирк",
    "overview" : "",
    "genres" : [ ]
  }, {
    "id" : 274227,
    "title" : "In MacArthur Park",
    "overview" : "Struggling to survive amid urban squalor in downtown Los Angeles, transplanted Mojave Indian Triam Lee sees no other option but crime to support his family. But when he unintentionally commits murder, Triam must face the repercussions of his actions, including pursuit by racist cops, as well as his own sense of guilt. Shot in 1977, Bruce Schwartz's stark yet moving film was one of the first to star a Native American in a lead role.",
    "genres" : [ ]
  }, {
    "id" : 274232,
    "title" : "Mazha Peyyunnu Maddalam Kottunnu",
    "overview" : "Mazha Peyyunnu Maddalam Kottunnu is a 1986 Malayalam comedy film directed by Priyadarshan. Starring Mohanlal, Mukesh, Lizy, Sreenivasan, Jagathi Sreekumar, Maniyanpilla Raju, and Kuthiravattam Pappu in the main roles. This film was a huge hit in theaters and is considered as one of the best comedy films in Malayalam cinema.",
    "genres" : [ {
      "id" : 35,
      "name" : "Comedy"
    } ]
  }, {
    "id" : 274237,
    "title" : "When Billy Broke His Head... and Other Tales of Wonder",
    "overview" : "Documentary - When Billy Broke His Head...and Other Tales of Wonder is an entertaining, irreverent road movie about disability, civil rights, and the search for intelligent life after brain damage. -  Billy Golfus, Joy Mincey Powell, Ed Roberts",
    "genres" : [ ]
  }, {
    "id" : 274242,
    "title" : "Zoroastre",
    "overview" : "Music - Making full use of Drottningholm Theatre's unique 18th-century baroque theatre machinery, as well as his deep creative understanding of the profound drama of the work, stage director Pierre Audi creates a production of ZOROASTRE that completely accords with the spirit of Rameau. True to the form of the tragedie lyrique, choreographer Amir Hosseinpour's dances perfectly match the weight and meaning of both plot and music. The ensemble, Les Talens Lyriques, reinforced with musicians from the Drottningholm Court Theatre Orchestra and Chorus, is expertly and passionately led into the musical stratosphere by musical director Christophe Rousset. This intensely dramatic production is captured live in vibrant High Definition video and true surround sound. -  Anders J. Dahlin, Evgueniy Alexiev, Sine Bundgaard",
    "genres" : [ {
      "id" : 10402,
      "name" : "Music"
    } ]
  }, {
    "id" : 274247,
    "title" : "Punk Rock Holocaust 2",
    "overview" : "Picking up a year after a homicidal madman turned the Vans Warped Tour into a massacre, this intense sequel finds the decapitated Executioner looking for his missing noggin. While tour production manager Kevin Lyman faces off with a record label bigwig, the Executioner continues the bloodshed, and a nubile newshound sets out to expose the truth about the demonic killings.",
    "genres" : [ ]
  }, {
    "id" : 274252,
    "title" : "Behind the Bars with Lorna",
    "overview" : "Television - The self-deluding Lorna gets a dose of hard truth and goes from high comedy to despair in actress Yael Stone's favorite scene.",
    "genres" : [ ]
  }, {
    "id" : 274257,
    "title" : "The First Wave",
    "overview" : "Following the outbreak of an aggressive virus, a young woman awakes in a hospital bed. As the horrifying events that led her there are revealed, it becomes clear that the cure is just the beginning. This short film is a prequel for the feature film, The Third Wave, which was written at the Binger FilmLab 2012. The project also won the Best Story Pitch award at the Edinburgh Film Festival, June 2012.",
    "genres" : [ {
      "id" : 27,
      "name" : "Horror"
    } ]
  }, {
    "id" : 274262,
    "title" : "The Giant Buddhas",
    "overview" : "Christian Frei's documentary traces the tragic tale of the giant Buddhas of Afghanistan's Bamiyan Valley, which stood as monumental landmarks for 1,500 years until 2001, when the Taliban declared that all non-Islamic statues in the country be destroyed. Despite international protest, the statues were blown up. Through interwoven narratives from past and present, Frei's film sheds light on the disturbing consequences of religious fanaticism.",
    "genres" : [ ]
  }, {
    "id" : 274267,
    "title" : "The History of the Sons of Hawaii",
    "overview" : "Via archival footage, performance clips and interviews, this in-depth documentary recounts the history of renowned Hawaiian quartet the Sons of Hawaii, chronicling more than three decades of the group's storied career. Founded in 1960 by ukulele maestro Eddie Kamae, the Sons of Hawaii were the vanguard of revitalizing traditional Hawaiian music and helped fan the flames of Hawaii's cultural renaissance.",
    "genres" : [ ]
  }, {
    "id" : 274272,
    "title" : "The Greenman",
    "overview" : "Seven friends at a birthday party discover a story about an urban legend. They decide to go searching for the Greenman. After the party is over, and the fun stops, they soon realize there is more to the legend than people actually know,",
    "genres" : [ {
      "id" : 27,
      "name" : "Horror"
    } ]
  }, {
    "id" : 274277,
    "title" : "Himmelsheim",
    "overview" : "A comedy directed by Manfred Stelzer.",
    "genres" : [ {
      "id" : 35,
      "name" : "Comedy"
    } ]
  }, {
    "id" : 274282,
    "title" : "Paramanandayya Sishyula Katha",
    "overview" : "Foreign - Eight unsuspecting people stumble across a bathing woman -- but she's no mere mortal, she is a mighty goddess. The goddess is angry when she learns she's been spied upon and, in a rage, uses her powers to curse the peepers and take away their wisdom. But the only way the poor fools can restore their smarts now is to visit the wizened sage Paramanandaiah -- a man they may no longer know how to find.",
    "genres" : [ {
      "id" : 10749,
      "name" : "Romance"
    }, {
      "id" : 35,
      "name" : "Comedy"
    }, {
      "id" : 14,
      "name" : "Fantasy"
    } ]
  }, {
    "id" : 274287,
    "title" : "Amazing Fusion Concert: Ganesh & Kumaresh",
    "overview" : "Ganesh sings while Kumaresh plays violin in this six-song concert, an inspiring and patriotic performance from the Indian music fest Swarutsav 2003. Set to the melodic modes of several classical Indian ragas, the tracks include \"Ghambira,\" set to the raga Ghambira Nattai; \"Utsav,\" in raga Shuddha Dhanyasi; \"Taj Mahal,\" in raga Nalinakanti; \"Chanchal,\" in raga Ranjini; as well as the songs \"Colours of India\" and \"Ahimsa.\"",
    "genres" : [ ]
  }, {
    "id" : 274292,
    "title" : "La traviata",
    "overview" : "Musical - Soprano Anna Moffo stars as winsome courtesan Violetta Valery -- who tries to protect her rash lover, Alfredo (Franco Bonisolli), even if it means lying and breaking his heart -- in this 1968 version of composer Giuseppe Verdi's masterpiece. Recorded at the Rome Opera House with renowned conductor Giuseppe Patanè leading the orchestra and chorus, the production also stars Gino Bechi as Alfredo's angst-ridden father. -  Anna Moffo, Gino Bechi, Franco Bonisolli",
    "genres" : [ ]
  }, {
    "id" : 274297,
    "title" : "Adventures of Little Herbert in Mushroom Land",
    "overview" : "Animation - Small in size but big in heart, 10-year-old Herbert wants one thing above all else: to be good enough to play baseball with the other kids. Will a trip to a miniature mushroom kingdom, where he fights a giant slug, give him the confidence he needs? -  Neville Aurelius, Vigil Chime, Renee Colwell",
    "genres" : [ ]
  }, {
    "id" : 274302,
    "title" : "Bepanaah",
    "overview" : "Drama - In this crime story, lawyer Bhavna (Rati Agnihotri) and her ex-lover, police officer Ravi (Shashi Kapoor), go after the local mafia. When Bhavna's son is kidnapped, the only person she can turn to for help is Bajrang (Mithun Chakraborty), a mafia kingpin's son who knows her secret. The stakes grow even higher when Ravi is ordered to arrest Bajrang. Kader Khan, Madan Puri and Poonam Dhillon co-star. -  Shashi Kapoor, Mithun Chakraborty, Poonam Dhillon",
    "genres" : [ ]
  }, {
    "id" : 274307,
    "title" : "Chasing a Butterfly",
    "overview" : "Documentary - This is a film about post-Soviet Russia seen through the eyes of the filmmaker, as she returns to her home town (Vladivostok, Russian Far East) after a decade of absence with the intention of resettling there. Unusual places, unusual characters, unusual ways-about, unusual mentality becomes a colorful and contrasting carousel of her welcome-home. -  Sonya Borovskaya",
    "genres" : [ {
      "id" : 99,
      "name" : "Documentary"
    } ]
  }, {
    "id" : 274312,
    "title" : "Lucia di Lammermoor",
    "overview" : "Legendary soprano Anna Moffo stars as Lucia and Lajos Kozma plays her lover, Edgardo, in this lush production of Gaetano Donizetti's great bel canto opera. Featuring gorgeous cinematography, the film was shot in authentic Italian locations in 1971 and directed by Moffo's first husband, Mario Lanfranchi. The cast also includes Paolo Washington as Raimondo, Guilio Fioravanti as Enrico, Glauco Scarlini as Normanno and Pietro di Vietri as Arturo.",
    "genres" : [ ]
  }, {
    "id" : 274317,
    "title" : "Günter Wand: My Life, My Music",
    "overview" : "Foreign, Foreign Documentaries, Classical Instrumental Music, Classical Music - Through archival performance footage and candid interview clips, this biographical program pays tribute to the long and fruitful career of German conductor Günter Wand, who shares his own impressions of his musical accomplishments. Highlights include a glimpse of Wand in action, rehearsing with his orchestra for performances of Brahms's Symphony no. 1 and Symphony no. 2 and Tchaikovsky's Symphony no. 6.",
    "genres" : [ ]
  }, {
    "id" : 274322,
    "title" : "Edward M. Kennedy: Lion of the Senate",
    "overview" : "History and political science buffs will appreciate this anthology of speeches by Sen. Ted Kennedy -- one of America's most enduring lawmakers -- featuring footage spanning more than four decades of the Massachusetts democrat's illustrious career. Highlights include Kennedy's moving eulogy at his brother Robert's funeral in 1968, the dedication of the John F. Kennedy Library in 1993 and a stirring speech from Barack Obama's presidential campaign.",
    "genres" : [ ]
  }, {
    "id" : 274327,
    "title" : "Little Girl Lost",
    "overview" : "This heart-wrenching story inspired by real events depicts the trials of the Brady family, who are trying desperately to adopt a helpless little girl they took in when she was in a foster care program. Clara and Tim Brady are in for the fight of their lives as they find that adopting Tella will not be so easy -- especially when social services puts her back into the care of her abusive father.",
    "genres" : [ ]
  }, {
    "id" : 274332,
    "title" : "Los Caminantes: Lo Mas Chulo, Chulo, Chulo",
    "overview" : "Music &amp; Musicals, Latin Music, Traditional Latin Music - For more than 20 years, Guanajuato, Mexico, natives Los Caminantes have delighted fans with a stream of hit songs and memorable live concerts. Their music has transcended the borders of their homeland and has garnered the band a fan base that stretches from the United States to South America. This collection of six video hits includes \"Jaula Dorada,\" \"Baraja Adicta,\" \"Sin un Adios,\" \"Ven y Abrazame,\" \"Amor sin Palabras\" and \"Todo Me Gusta de Ti.\"",
    "genres" : [ ]
  }, {
    "id" : 274337,
    "title" : "Luisa Miller",
    "overview" : "June Anderson stars in this production of the Verdi opera, performed with the Lyon National Opera Orchestra and Chrosu, and conducted by Maurizio Arena.",
    "genres" : [ ]
  }, {
    "id" : 274342,
    "title" : "National Lampoon's Mr. Wong",
    "overview" : "Comedy, Animation for Grown-ups, Spoofs and Satire - In the animated world of Mr. Wong, it's irreverent camp all the way as the 85-year-old houseboy goes to extraordinary measures to deal with his evil, WASP-ish employer, Pam (who verbally stings like a wasp, too!). But servitude can make strange bedfellows, and in an unlikely turn of events, Wong and Pam actually lay down the boxing gloves and form a friendship that could lead to romance and eternal bliss. Yeah, right!",
    "genres" : [ ]
  }, {
    "id" : 274347,
    "title" : "Underground Doctors",
    "overview" : "Not that long ago, crippling diseases were blamed on evil demons. What's more, nowadays, healing miracles are often considered to be natural events, misinterpreted by superstitious people. Despite the advances of modern medicine, many people still employ unorthodox means for achieving and maintaining physical and spiritual health. Some of these decidedly bizarre methods are the focus on this fascinating video hosted by Henry Fonda.",
    "genres" : [ ]
  }, {
    "id" : 274352,
    "title" : "A Passion for Sustainability",
    "overview" : "Filmmaker Eric G. Stacey chronicles the decisions of 14 Portland, Ore., businesses to operate according to the visionary \"Natural Step Network\" business model, which stresses environmental sustainability and social justice alongside profitability. Their decadelong, successful journey can serve as an inspirational example of how creative thinking and focused passion can blaze new trails in business and in life.",
    "genres" : [ ]
  }, {
    "id" : 274357,
    "title" : "Ascension Oratorios",
    "overview" : "Sigiswald Kuijken conducts La Petite Bande and the chamber choir Ex Tempore in this superb concert, a highlight of Germany's 2004 Leipzig Bach Festival. Featuring soprano Sophie Karthauser, contralto Patrizia Hardt, tenor Christoph Einhorn, bass Stephan Genz and bass-baritone Jan van der Crabben, the talented ensemble performs Johann Sebastian Bach's two-part cantata \"Ascension Oratorio\" and his son Carl Philipp Emanuel Bach's related oratorio.",
    "genres" : [ ]
  }, {
    "id" : 274362,
    "title" : "Blues Rock: The Anthology",
    "overview" : "The biggest names in soul-wrenching blues show off their chops in this fiery collection of live performances. From boogie to barroom, the 16-song collection kicks off with Free's \"Mr. Big\" and brings it on home with Thin Lizzy's \"The Sun Goes Down.\" Other guitar-saturated tracks include Cream's Jack Bruce cranking out \"Sunshine of Your Love,\" the late Alex Harvey and his band on \"Bar Room Blues,\" Dr. Feelgood's \"Milk and Alcohol\" and more.",
    "genres" : [ ]
  }, {
    "id" : 274367,
    "title" : "Cross Bronx",
    "overview" : "This Bronx-based coming-of-age drama follows four high school friends as they navigate the treacherous waters of independence, love and careers on their individual paths toward achieving their dreams.",
    "genres" : [ {
      "id" : 18,
      "name" : "Drama"
    } ]
  }, {
    "id" : 274372,
    "title" : "Destination Point",
    "overview" : "Hang 10 with some of the world's elite surfers -- including Tom Curren, Kelly Slater and Andy Irons -- as they ride the biggest waves and perform the coolest tricks from stunning beaches in Indonesia, Mexico, Australia and Hawaii. Veteran surf-film director Josh Pomer will keep you on the edge of your seat with his combination of knockout surf footage and a kickin' soundtrack courtesy of bands such as Pennywise, Soccer Mom and Civil Unrest.",
    "genres" : [ ]
  }, {
    "id" : 274377,
    "title" : "Don Diva: A Gangster's Story",
    "overview" : "Chronicling the life of Chicago gangster Larry Hoover -- who attempted to engineer a political takeover from inside the walls of his Illinois prison cell -- this fascinating documentary interviews the men who played a role in making sure the inmate's plan was dismantled, including a few of Hoover's GDs (short for \"Gangster Disciples\"). But were the government's efforts to keep the so-called Don Diva out of power truly effective?",
    "genres" : [ ]
  }, {
    "id" : 274382,
    "title" : "Jan Vermeer: Light Love and Silence",
    "overview" : "Not much is known about Jan Vermeer. He only produced around 35 works of art, yet they made him immortal. He was born in Delft and never left the town; he married there, worked as an art-dealer and died in debt. Michael Gill delves into the master's world and talks about the camera obscura and Vermeer's interest in science and cartography. Together with experts, he explores Vermeer's secrets of perspective, space, allegory and symbolic relationships in his works.",
    "genres" : [ ]
  }, {
    "id" : 274387,
    "title" : "Rumbleseat",
    "overview" : "A man takes a ride through the afterlife with four rocktacular musicians in this hypnotic and highly stylized short film.  Featuring music by The Sadies",
    "genres" : [ {
      "id" : 16,
      "name" : "Animation"
    } ]
  }, {
    "id" : 274392,
    "title" : "The Sublime and Beautiful",
    "overview" : "David Conrad is a college professor and sometimes philanderer raising three children in a small Kansas suburb with his wife Kelly. When sudden tragedy strikes the family in the days before Christmas, David and Kelly's marriage is brought to its breaking point and David's desire for retribution leads him into uncharted moral territory with the question: what can we forgive?",
    "genres" : [ {
      "id" : 18,
      "name" : "Drama"
    } ]
  }, {
    "id" : 274397,
    "title" : "L'últim ball de Carmen Amaya",
    "overview" : "",
    "genres" : [ {
      "id" : 18,
      "name" : "Drama"
    } ]
  }, {
    "id" : 274402,
    "title" : "Paradise Omeros",
    "overview" : "Directed by Isaac Julien.",
    "genres" : [ ]
  }, {
    "id" : 274412,
    "title" : "Feelings",
    "overview" : "The Second World War is ending. Widower Kasparas moves in with his brother Andrius, who lives on the other side of the bay where the German occupation has already ended. Andrius' wife Egne is still in love with Kasparas. Her relatives and a group of Lithuanian nationalists are planning on fleeing to Sweden. Egne persuades her husband that they should all go together, hoping to once again regain Kasparas' affection after crossing the sea. But Kasparas opts to return home and border guards detain Andrius. Nine long years pass before the brothers see each other again",
    "genres" : [ {
      "id" : 36,
      "name" : "History"
    }, {
      "id" : 18,
      "name" : "Drama"
    } ]
  }, {
    "id" : 274417,
    "title" : "Sonora Rio Bahia",
    "overview" : "",
    "genres" : [ ]
  }, {
    "id" : 274422,
    "title" : "O Velho - A História de Luiz Carlos Prestes",
    "overview" : "",
    "genres" : [ ]
  }, {
    "id" : 274427,
    "title" : "Grip Video Volume 2",
    "overview" : "Here it is – the exciting Second issue of Grip Video! The boys at Grip bring you the best car show coverage, in-depth celebrity interviews, the hottest import girls and the craziest street racing action you’ll ever see in an import street racing video. Packed with technical features and the latest product reviews, Grip delivers to car fans around the world.",
    "genres" : [ {
      "id" : 28,
      "name" : "Action"
    }, {
      "id" : 99,
      "name" : "Documentary"
    } ]
  }, {
    "id" : 274432,
    "title" : "National Geographic: Wild Adventure - Vol. 1",
    "overview" : "National Geographic documentary",
    "genres" : [ {
      "id" : 99,
      "name" : "Documentary"
    } ]
  }, {
    "id" : 274437,
    "title" : "Veias e Vinhos - Uma História Brasileira",
    "overview" : "",
    "genres" : [ ]
  }, {
    "id" : 274442,
    "title" : "Killer on Board",
    "overview" : "The passengers on a cruise ship are seized by panic when a deadly virus begins killing off passengers and crew.",
    "genres" : [ {
      "id" : 10770,
      "name" : "TV Movie"
    } ]
  }, {
    "id" : 274447,
    "title" : "Il Figlioccio del padrino",
    "overview" : "",
    "genres" : [ ]
  }, {
    "id" : 274457,
    "title" : "Crocodile in the Yangtze",
    "overview" : "Crocodile in the Yangtze follows China's first Internet entrepreneur and former English teacher, Jack Ma, as he battles US giant eBay on the way to building China's first global Internet company, Alibaba Group. An independent memoir written, directed and produced by an American who worked in Ma's company for eight years, Crocodile in the Yangtze captures the emotional ups and downs of life in a Chinese Internet startup at a time when the Internet brought China face-to-face with the West.  Crocodile in the Yangtze draws on 200 hours of archival footage filmed by over 35 sources between 1995 and 2009. The film presents a strikingly candid portrait of Ma and his company, told from the point of view of an “American fly on a Chinese wall” who witnessed the successes and the mistakes Alibaba encountered as it grew from a small apartment into a global company employing 16,000 staff.",
    "genres" : [ {
      "id" : 99,
      "name" : "Documentary"
    } ]
  }, {
    "id" : 274462,
    "title" : "Tooth and Nail",
    "overview" : "The second feature length movie of Paulino Viota, this is a disillusioned and biting look at the years of Spanish democratic transition, narrated in a dry and scrawny style that shows the political intrigues, struggles and frustrated hopes of the first years of Spanish transition to democracy.",
    "genres" : [ {
      "id" : 18,
      "name" : "Drama"
    } ]
  }, {
    "id" : 274467,
    "title" : "Tiempo de busca",
    "overview" : "Santander, 1967. Tina's desire is to leave her hometown and move to London, but her mother does not approve her choice.",
    "genres" : [ {
      "id" : 18,
      "name" : "Drama"
    } ]
  }, {
    "id" : 274472,
    "title" : "May We Chat",
    "overview" : "Set in the generation of smartphones and web 2.0, the film follows three troubled young girls who will do anything to escape their stifling lives – even if it means turning to drugs and prostitution. The advent of technology may have made communication easier than ever, but cautionary tales of misunderstood youths remain as relevant as they were two decades ago.",
    "genres" : [ {
      "id" : 53,
      "name" : "Thriller"
    }, {
      "id" : 18,
      "name" : "Drama"
    } ]
  }, {
    "id" : 274477,
    "title" : "Snakehead Swamp",
    "overview" : "A horrifying hybrid of genetic science and nature has taken over the Louisiana bayou, leaving terror in its wake! In the heat of the summer, what began as an day of boating and bikinis changes drastically when a school of genetically enhanced snakehead fish finds their way into Black Briar Swamp.",
    "genres" : [ {
      "id" : 27,
      "name" : "Horror"
    }, {
      "id" : 878,
      "name" : "Science Fiction"
    } ]
  }, {
    "id" : 274482,
    "title" : "Ça ira - Il fiume della rivolta",
    "overview" : "",
    "genres" : [ {
      "id" : 10752,
      "name" : "War"
    }, {
      "id" : 99,
      "name" : "Documentary"
    }, {
      "id" : 36,
      "name" : "History"
    }, {
      "id" : 10402,
      "name" : "Music"
    } ]
  }, {
    "id" : 274487,
    "title" : "Pinatta's View: Trip to the Dentist",
    "overview" : "Children &amp; Family, Education &amp; Guidance - Join Pinatta and a group of her closest puppet friends as they lead a preschooler and her mom on an entertaining trip to the dentist's office, where they learn about the importance of dental hygiene and what to expect during a routine checkup. Comical skits, catchy songs and cool characters will help your children relax and overcome any fears they may have about seeing a dentist for the first time.",
    "genres" : [ ]
  }, {
    "id" : 274492,
    "title" : "Gangbangin' Fo' Life",
    "overview" : "Not for the faint of heart, this voyeuristic documentary takes you straight to the streets of Compton and Watts, revealing the inner workings of the infamous Bloods street gang. Here, gangbanging is a way of life, and the film pulls no punches, exposing pushers and dealers, brutal fights and rampant drug use, as well as interviewing gang members who reveal why they joined the Bloods.",
    "genres" : [ ]
  }, {
    "id" : 274497,
    "title" : "Snowy White: Live from London",
    "overview" : "Music &amp; Musicals, Blues, Hard Rock &amp; Heavy Metal, Rock &amp; Pop, Urban &amp; Dance - Guitarist Snowy White performs live in this mid-1980s concert filmed at London's Camden Palace. Once a member of Thin Lizzy, White struck out on his own in the early '80s, released the album \"White Flames\" and scored an international hit with the song \"Bird of Paradise.\" White later went on to form his own blues band. This concert features White and his band performing a set of contemporary blues songs for appreciative fans.",
    "genres" : [ ]
  }, {
    "id" : 274502,
    "title" : "The Path of the Messiah",
    "overview" : "Faith &amp; Spirituality, Documentary - Follow the footsteps of Jesus from his birth to the Resurrection in this film that takes you on a journey to the city of Bethlehem, across the Sea of Galilee, through the marketplaces of Jerusalem and beyond.",
    "genres" : [ ]
  }, {
    "id" : 274507,
    "title" : "The Wedding Cow",
    "overview" : "Comedy - Flora (Isabella Parkinson) the librarian is hitchhiking to a job in a faraway town. Simplehearted plumber Tim (Oliver Reinhard) is headed to the Black Forest, a cow for his nuptials in tow. But when their paths intersect, the cow isn't the only one who loses its bearings. In this quixotic road movie, Flora is an endearing handful -- misplacing the cow, then adding a runaway to Tim's cargo load -- and soon Tim's wedding plans are fading from view. -  Isabella Parkinson, Oliver Reinhard, Hannah",
    "genres" : [ {
      "id" : 35,
      "name" : "Comedy"
    } ]
  }, {
    "id" : 274512,
    "title" : "UB40: Rockpalast Live",
    "overview" : "British reggae band UB40 became synonymous with the 1980s for its funky, happy sound. Relive the band's heyday with this live 1982 televised concert in which they perform hits such as \"Present Arms,\" \"Sardonicus,\" \"Silent Witness,\" \"Don't Do the Crime,\" \"I Won't Close My Eyes,\" \"Don't Slow Down,\" \"The Piper Calls the Tune,\" \"Love Is All Is Alright,\" \"Forget the Cost,\" \"Folitician\" and \"One in Ten and Tyler.\"",
    "genres" : [ ]
  }, {
    "id" : 274517,
    "title" : "Buffett and Gates Go Back to School",
    "overview" : "This PBS special features the two richest men in America as they discuss business and life at Lincoln's College of Business Administration.",
    "genres" : [ ]
  }, {
    "id" : 274522,
    "title" : "American Ballet Theatre at the Met",
    "overview" : "Music - Witness three wonderful ballets performed live on stage at the Metropolitan Opera House in New York City. \"Sylphides\" stars legend Mikhail Baryshnikov, \"Sylvia\" features a lovely duet and \"Paquita\" is full of energetic Spanish-style choreography. The American Ballet Theatre performers display their incredible talent and amazing versatility through this beautiful collection of memorable ballets. -  Marianna Tcherkassky, Cynthia Harvey, Cheryl Yeager",
    "genres" : [ ]
  }, {
    "id" : 274527,
    "title" : "Itihaas",
    "overview" : "Devgan's village simpleton agrees to escort to the city Khanna's charming village belle unaware that he is delivering her only to be exploited by a corrupt landowner.",
    "genres" : [ ]
  } ]
}