{
  "movies" : [ {
    "id" : 33157,
    "title" : "Waterloo",
    "overview" : "After defeating France and imprisoning Napoleon on Elba, ending two decades of war, Europe is shocked to find Napoleon has escaped and has caused the French Army to defect from the King back to him. The best of the British generals, the Duke of Wellington, beat Napolean's best generals in Spain and Portugal, but now must beat Napoleon himself with an Anglo Allied army.",
    "genres" : [ {
      "id" : 36,
      "name" : "History"
    }, {
      "id" : 28,
      "name" : "Action"
    }, {
      "id" : 18,
      "name" : "Drama"
    } ]
  }, {
    "id" : 33162,
    "title" : "Respect Jehovah's Authority",
    "overview" : "",
    "genres" : [ {
      "id" : 18,
      "name" : "Drama"
    }, {
      "id" : 36,
      "name" : "History"
    } ]
  }, {
    "id" : 33167,
    "title" : "Pursue Goals That Honor God",
    "overview" : "No overview found.",
    "genres" : [ ]
  }, {
    "id" : 33172,
    "title" : "Watchers",
    "overview" : "A boy takes in a stray dog, later finding out that its an ultra-intelligent runaway from a genetic research lab. Unknow to him, the dog is being stalked by another escaped creature thats not quite so friendly.",
    "genres" : [ {
      "id" : 28,
      "name" : "Action"
    }, {
      "id" : 27,
      "name" : "Horror"
    }, {
      "id" : 878,
      "name" : "Science Fiction"
    }, {
      "id" : 53,
      "name" : "Thriller"
    } ]
  }, {
    "id" : 33197,
    "title" : "Chupacabra Terror",
    "overview" : "Cryptozoologist Doctor Peña traps the legendary Chupacabra on a remote Caribbean Island to make his name in the scientific community. When he smuggles it aboard the cruise ship Regent Queen, commanded by Captain Randolph, the monster breaks out of the cargo hold and makes a smorgasbord out of the passengers and crew.",
    "genres" : [ {
      "id" : 27,
      "name" : "Horror"
    } ]
  }, {
    "id" : 33202,
    "title" : "Jo Jeeta Wohi Sikandar",
    "overview" : "Ramlal Sharma lives a poor life-style with two sons Ratanlal Sharma and Sanjaylal Sharma. Both sons attend Model School for the poorer folks. Rantanlal excels at everything he does including his studies and outdoor activities while Sanjaylal is a no good slacker who loves to enjoy himself with his friends and have everything done without any hard work. Both sons run a small café providing eatable",
    "genres" : [ {
      "id" : 18,
      "name" : "Drama"
    }, {
      "id" : 10769,
      "name" : "Foreign"
    } ]
  }, {
    "id" : 33217,
    "title" : "Diary of a Wimpy Kid",
    "overview" : "Greg Heffley is headed for big things, but first he has to survive the scariest, most humiliating experience of any kid’s life – middle school! That won’t be easy, considering he’s surrounded by hairy-freckled morons, wedgie-loving bullies and a moldy slice of cheese with nuclear cooties!",
    "genres" : [ {
      "id" : 35,
      "name" : "Comedy"
    }, {
      "id" : 10751,
      "name" : "Family"
    } ]
  }, {
    "id" : 33222,
    "title" : "The Revolution Will Not Be Televised",
    "overview" : "Hugo Chavez was a colourful, unpredictable folk hero who was beloved by his nation’s working class. He was elected president of Venezuela in 1998, and proved to be a tough, quixotic opponent to the power structure that wanted to depose him. When he was forcibly removed from office on 11 April 2002, two independent filmmakers were inside the presidential palace.",
    "genres" : [ {
      "id" : 99,
      "name" : "Documentary"
    } ]
  }, {
    "id" : 33227,
    "title" : "Tapas",
    "overview" : "The film centers on a Spanish tapas bar and the love lives of the loosely interconnected people in the neighborhood surrounding the bar. The pairs of lovers include a middle aged woman and a young man; an elderly, drug dealing woman and her terminally ill husband in poor health; the tapas bar owner and his estranged wife; and two Chinese immigrants.",
    "genres" : [ {
      "id" : 35,
      "name" : "Comedy"
    }, {
      "id" : 18,
      "name" : "Drama"
    } ]
  }, {
    "id" : 33247,
    "title" : "The Living End",
    "overview" : "Luke is a gay hustler. Jon is a movie critic. Both are HIV positive. They go on a hedonistic, dangerous journey. Their motto: \"Fuck the world\".",
    "genres" : [ {
      "id" : 18,
      "name" : "Drama"
    }, {
      "id" : 10749,
      "name" : "Romance"
    } ]
  }, {
    "id" : 33252,
    "title" : "Doggy Poo",
    "overview" : "After being \"created\" by a dog, Doggy Poo meets various living and inanimate things. No one wants to be his friend, and Doggy Poo becomes sad as he tries to find his purpose.",
    "genres" : [ {
      "id" : 16,
      "name" : "Animation"
    }, {
      "id" : 10751,
      "name" : "Family"
    }, {
      "id" : 10769,
      "name" : "Foreign"
    } ]
  }, {
    "id" : 33257,
    "title" : "Fando and Lis",
    "overview" : "Fando and his partially paralyzed lover Lis search for the mythical city of Tar. Based on Jodorowsky's memories of a play by surrealist Fernando Arrabal.",
    "genres" : [ {
      "id" : 14,
      "name" : "Fantasy"
    } ]
  }, {
    "id" : 33272,
    "title" : "Lucky Country",
    "overview" : "1902....the Australian Federation is a year old. Twelve year-old Tom's father, Nat, has dragged him and his sister, Sarah, to an isolated farm at the edge of the woods. But Nat's dream of living off the land has died and he is losing his grip on sanity. When three ex-soldiers arrive at their cabin one night Tom, like his father, believes they are providence.",
    "genres" : [ {
      "id" : 36,
      "name" : "History"
    }, {
      "id" : 18,
      "name" : "Drama"
    }, {
      "id" : 53,
      "name" : "Thriller"
    }, {
      "id" : 37,
      "name" : "Western"
    } ]
  }, {
    "id" : 33282,
    "title" : "Natale a Beverly Hills",
    "overview" : "No overview found.",
    "genres" : [ {
      "id" : 35,
      "name" : "Comedy"
    } ]
  }, {
    "id" : 33297,
    "title" : "Her Name Is Sabine",
    "overview" : "A sensitive portrait of Sabine Bonnaire, the autistic sister of the french actress Sandrine Bonnaire.",
    "genres" : [ {
      "id" : 99,
      "name" : "Documentary"
    } ]
  }, {
    "id" : 33302,
    "title" : "The Girl from Paris",
    "overview" : "Sandrine, a woman in her thirties gets tired of life in Paris and decides to leave her work in computers and become a farmer. She takes the required practice for two years, and after that she buys an isolated farm from Adrien, an old farmer who decides it's time to retire. However, Adrien wants to stay a few more months before moving away from the farm, and the rough winter finds them together...",
    "genres" : [ {
      "id" : 18,
      "name" : "Drama"
    }, {
      "id" : 35,
      "name" : "Comedy"
    } ]
  }, {
    "id" : 33307,
    "title" : "All About John Deere for Kids, Part 1",
    "overview" : "An exciting mix of new and antique John Deere equipment in action - tractors, excavators, cultivators, dozers, planters, and dump trucks. See John Deere's biggest and new tractors along with legendary Johnny Poppers - including the 1925 Spoker D. Also Windrowers and Hay Balers. How the field is prepped, seeds planted, and then cultivated. We visit a John Deere Auction and the two-cylinder Expo.",
    "genres" : [ {
      "id" : 10751,
      "name" : "Family"
    } ]
  }, {
    "id" : 33312,
    "title" : "All About John Deere for Kids, Part 4",
    "overview" : "See a John Deere 9520 tractor and 1600 elevated scraper, decorated with over 20 miles of Christmas lights. See a John Deere Dozer help put out a brush fire and John Deere windrowers, hay balers, graders and back-hoes – all in action. All aboard for a spectacular exhibit featuring John Deere model trains and toys. Otto is back operating a remote control John Deere 9520!",
    "genres" : [ ]
  }, {
    "id" : 33317,
    "title" : "Monkeyshines, No. 3",
    "overview" : "Experimental film that follows up on the results of \"Monkeyshines, No. 1\" and \"Monkeyshines, No. 2\". Once again, an Edison company worker moves around in front of the motion picture camera.",
    "genres" : [ ]
  }, {
    "id" : 33322,
    "title" : "Armitage III: Poly Matrix",
    "overview" : "Ross Sylibus is assigned to a police unit on a Martian colony, to find that women are being murdered by a psychotic named D'anclaude. He is assigned a very unorthodox partner named Naomi Armitage, who seems to have links to the victims. To stir things up more, every victim is found to be an illegally made third-generation android.",
    "genres" : [ {
      "id" : 16,
      "name" : "Animation"
    }, {
      "id" : 878,
      "name" : "Science Fiction"
    }, {
      "id" : 53,
      "name" : "Thriller"
    } ]
  }, {
    "id" : 33332,
    "title" : "Glitch",
    "overview" : "A trio of brainboxes create a cell phone chip that allows telepathic communication. But when the experiment goes wrong and power falls into the wrong hands, the results are terrifying.",
    "genres" : [ {
      "id" : 878,
      "name" : "Science Fiction"
    } ]
  }, {
    "id" : 33337,
    "title" : "Dear Inspector",
    "overview" : "When Lise's car bumps Antoine's bike, they recognize each other from a brief fling 20 years before while at the Sorbonne. He's now a professor of Greek; she's loathe to tell him she's a police inspector. A call interrupts their first dinner date: a Deputy of the National Assembly has been murdered. She has a suspect, another Deputy, and must track him while deflecting Antoine's eye from her vocation. All roads in the inquiry lead to Christine Vallier, the dead Deputy's mistress, a beguiling 22-year-old whose mother ran the Assembly's snack bar. When more deputies die and Antoine learns Lise's identity, she must act quickly solve the crime and save her future.",
    "genres" : [ {
      "id" : 35,
      "name" : "Comedy"
    } ]
  }, {
    "id" : 33342,
    "title" : "Akitsu Springs",
    "overview" : "Yoshida’s first big-budget production and colour film is a haunting tale of unrequited love and postwar disillusion. The story of the fatal attraction between a spineless intellectual and a strong woman is conventional, but its enactment is radically new.",
    "genres" : [ {
      "id" : 10749,
      "name" : "Romance"
    }, {
      "id" : 18,
      "name" : "Drama"
    } ]
  }, {
    "id" : 33347,
    "title" : "Paranoid",
    "overview" : "Chloe Keane is an stressed American fashion model living in London who is about to have the worst weekend of her life. She and her boyfriend are invited to attend a party at the house of a former rock-star named Stan and his weird family who live in the countryside. Chloe awakes the next morning only to find her boyfriend has abandoned her at Stan's house and she has been drugged and handcuffed to the bed.",
    "genres" : [ {
      "id" : 80,
      "name" : "Crime"
    }, {
      "id" : 53,
      "name" : "Thriller"
    } ]
  }, {
    "id" : 33352,
    "title" : "Aftermath",
    "overview" : "A young married couple has to deal with their emotional breakdowns after the death of their only daughter.",
    "genres" : [ {
      "id" : 18,
      "name" : "Drama"
    } ]
  }, {
    "id" : 33357,
    "title" : "The Valachi Papers",
    "overview" : "When Joe Valachi (Charles Bronson) has a price put on his head by Don Vito Genovese (Lino Ventura), he must take desperate steps to protect himself while in prison. An unsuccessful attempt to slit his throat puts him over the edge to break the sacred code of silence.",
    "genres" : [ {
      "id" : 80,
      "name" : "Crime"
    }, {
      "id" : 18,
      "name" : "Drama"
    } ]
  }, {
    "id" : 33362,
    "title" : "The Old Guard",
    "overview" : "Retraité de la SNCF, Baptiste Talon revient en Vendée dans son village natal de Thioune ou Tioune pour y retrouver deux vieux amis : Jean-Marie Pejat et Blaise Poulossière. Pourquoi tous trois n'entreraient-ils pas à l'hospice de Gouyette ? Les voilà partis, non sans disputes, mais l'établissement leur semble si rébarbatif qu'ils le fuient à la suite d'une panique déclenchée par leurs soins.",
    "genres" : [ {
      "id" : 35,
      "name" : "Comedy"
    } ]
  }, {
    "id" : 33367,
    "title" : "Harem",
    "overview" : "Diane is a sophisticated trainee on the New York Stock Exchange who is suddenly kidnapped and held captive in a North African desert hideaway by Selim, an Arab mogul.",
    "genres" : [ {
      "id" : 36,
      "name" : "History"
    }, {
      "id" : 18,
      "name" : "Drama"
    }, {
      "id" : 10749,
      "name" : "Romance"
    } ]
  }, {
    "id" : 33377,
    "title" : "Bush's Brain",
    "overview" : "An examination of political consultant Karl Rove's influence on George W. Bush's candidacy.",
    "genres" : [ {
      "id" : 99,
      "name" : "Documentary"
    } ]
  }, {
    "id" : 33382,
    "title" : "Chappaqua",
    "overview" : "Semi-autobiographical story of Conrad Rooks, who travels to France to undergo a drug-withdrawal cure. Flashbacks to the beginings of psychedelia in San Fran. Though initially confusing, as Rooks blends drug-illusion with reality, and cuts color with black-and-white and monochrome tinted shots, \"Chappaqua\" is conventionally constructed with a beginning, middle, and end.",
    "genres" : [ {
      "id" : 18,
      "name" : "Drama"
    } ]
  }, {
    "id" : 33387,
    "title" : "Charlie Chan at the Race Track",
    "overview" : "When a friend of Charlie's is found kicked to death by his own race horse on board a Honolulu-bound liner, the detective discovers foul play and uncovers an international gambling ring.",
    "genres" : [ {
      "id" : 9648,
      "name" : "Mystery"
    }, {
      "id" : 35,
      "name" : "Comedy"
    }, {
      "id" : 53,
      "name" : "Thriller"
    }, {
      "id" : 80,
      "name" : "Crime"
    } ]
  }, {
    "id" : 33392,
    "title" : "Charlie Chan in Honolulu",
    "overview" : "While Charlie is distracted with the birth of his first grandchild, son Jimmy impersonates his father in order to investigate a murder aboard a freighter in the harbor.",
    "genres" : [ {
      "id" : 9648,
      "name" : "Mystery"
    }, {
      "id" : 80,
      "name" : "Crime"
    }, {
      "id" : 18,
      "name" : "Drama"
    }, {
      "id" : 35,
      "name" : "Comedy"
    }, {
      "id" : 53,
      "name" : "Thriller"
    } ]
  }, {
    "id" : 33397,
    "title" : "Unlocking the Great Pyramid",
    "overview" : "No overview found.",
    "genres" : [ {
      "id" : 99,
      "name" : "Documentary"
    } ]
  }, {
    "id" : 33402,
    "title" : "Radiohead: Bonnaroo",
    "overview" : "No overview found.",
    "genres" : [ ]
  }, {
    "id" : 33407,
    "title" : "Twigson",
    "overview" : "The film Twigson is all about a tough, naughty, quick-witted and brave boy. Lillebror has just moved, and has not made any new friends yet, when his imaginary friend – the wooden twig Knerten – appears in the middle of a pile of firewood...",
    "genres" : [ {
      "id" : 12,
      "name" : "Adventure"
    }, {
      "id" : 35,
      "name" : "Comedy"
    }, {
      "id" : 10751,
      "name" : "Family"
    } ]
  }, {
    "id" : 33412,
    "title" : "Lotto",
    "overview" : "Jørgen manages the lotto club at the factory where he works. If you ask him, he would say he is a good person, even better than most. Then one day, he has to share a three million kroner jackpot with his friends, and his high morals are put to the test.",
    "genres" : [ {
      "id" : 35,
      "name" : "Comedy"
    } ]
  }, {
    "id" : 33417,
    "title" : "The Miracle in Valby",
    "overview" : "14 year old Sven is a technical genius, who has rebuilt an old caravan into a radio communication center. Via radio he is in contact with his father, who works at a big ship at the other side of the globe. One day the radio communication is suddenly interrupted by something which sounds like a Latin mass. In school Sven attends a lesson about radio-astronomy. The teacher explains that astronomers can receive radio waves that are thousand years old. Sven understands that the Latin mass he heard was transmitted to him from another age. He gets curious and starts making experiments by connecting his radio kit to bigger aerials. When he sits in the caravan together with his friends Bo and Petra, they not only hear the Latin mass on his radio, but the whole caravan is turned into a time-machine that brings them to the Middle Ages. They get in trouble with some warriors, who capture Petra, while Sven and Bo escape with the help of their time-machine...",
    "genres" : [ {
      "id" : 10751,
      "name" : "Family"
    }, {
      "id" : 12,
      "name" : "Adventure"
    }, {
      "id" : 18,
      "name" : "Drama"
    }, {
      "id" : 14,
      "name" : "Fantasy"
    } ]
  }, {
    "id" : 33422,
    "title" : "Murder in Paradise",
    "overview" : "No overview found.",
    "genres" : [ {
      "id" : 80,
      "name" : "Crime"
    }, {
      "id" : 18,
      "name" : "Drama"
    } ]
  }, {
    "id" : 33427,
    "title" : "LEGO: The Adventures of Clutch Powers",
    "overview" : "Meet Clutch Powers, the best builder and explorer in the LEGO universe as he heads off on his most dangerous mission yet. Join Clutch and his team of experts as their adventure leads them from City to the Space Police prison planet to the medieval world of Ashlar where they must help the rightful heir to the King’s throne find the courage to regain the kingdom from the evil wizard Malign.",
    "genres" : [ {
      "id" : 28,
      "name" : "Action"
    }, {
      "id" : 12,
      "name" : "Adventure"
    }, {
      "id" : 16,
      "name" : "Animation"
    }, {
      "id" : 10751,
      "name" : "Family"
    } ]
  }, {
    "id" : 33432,
    "title" : "Dropkick Murphys: On the Road With the Dropkick Murphys",
    "overview" : "A full live show from the 2002 Boston St. Patrick's Day Weekend All the Dropkick Murphys' music videos from the very beginning...",
    "genres" : [ {
      "id" : 10402,
      "name" : "Music"
    } ]
  }, {
    "id" : 33437,
    "title" : "Pickup",
    "overview" : "Low-budget, tabloid-lurid story with high camp value of older man falling for much younger beauty who's busy figuring out how she can kill him now that they're married. Nasty verbal encounters and above all, Beverly Michaels, spike up this flick.",
    "genres" : [ {
      "id" : 80,
      "name" : "Crime"
    }, {
      "id" : 18,
      "name" : "Drama"
    } ]
  }, {
    "id" : 33442,
    "title" : "Relax Freddie",
    "overview" : "The sequel of the famous \"Slå Først, Frede!\"",
    "genres" : [ {
      "id" : 35,
      "name" : "Comedy"
    } ]
  }, {
    "id" : 33447,
    "title" : "Summer in Tyrol",
    "overview" : "Summer in Tyrol (Danish: Sommer i Tyrol) is a 1964 Danish comedy film directed by Erik Balling and starring Dirch Passer.",
    "genres" : [ {
      "id" : 10402,
      "name" : "Music"
    }, {
      "id" : 35,
      "name" : "Comedy"
    }, {
      "id" : 10751,
      "name" : "Family"
    } ]
  }, {
    "id" : 33452,
    "title" : "Entangled",
    "overview" : "A struggling writer on the verge of success finds his love for the woman of his wildest dreams drawing him deeper into the depths of passion and jealousy, until he realizes he has been framed for murder.",
    "genres" : [ {
      "id" : 18,
      "name" : "Drama"
    } ]
  }, {
    "id" : 33457,
    "title" : "Nayak: The Real Hero",
    "overview" : "TV reporter Shivajirao gets a chance to be the Chief Minister of Maharashtra for a day, after being challenged by incumbent Chief Minister Balraj Chauhan. After his successful one-day stint, he attempts to get back to his normal life, but it is not as easy as he thought it to be, with the lives of his near and dear ones now in danger on account of his honesty.",
    "genres" : [ {
      "id" : 28,
      "name" : "Action"
    }, {
      "id" : 18,
      "name" : "Drama"
    }, {
      "id" : 53,
      "name" : "Thriller"
    } ]
  }, {
    "id" : 33472,
    "title" : "Abbott and Costello Go to Mars",
    "overview" : "Lester and Orville accidentally launch a rocket which is supposed to fly to Mars. Instead it goes to New Orleans for Mardi Gras. They are then forced by bank robber Mugsy and his pal Harry to fly to Venus where they find a civilization made up entirely of women, men having been banished.",
    "genres" : [ {
      "id" : 35,
      "name" : "Comedy"
    }, {
      "id" : 14,
      "name" : "Fantasy"
    }, {
      "id" : 878,
      "name" : "Science Fiction"
    } ]
  }, {
    "id" : 33477,
    "title" : "Abbott and Costello Meet the Killer, Boris Karloff",
    "overview" : "Lost Caverns Hotel bellhop Freddie Phillips is suspected of murder. Swami Talpur tries to hypnotize Freddie into confessing, but Freddie is too stupid for the plot to work. Inspector Wellman uses Freddie to get the killer (and it isn't the Swami).",
    "genres" : [ {
      "id" : 35,
      "name" : "Comedy"
    }, {
      "id" : 27,
      "name" : "Horror"
    } ]
  }, {
    "id" : 33482,
    "title" : "Here Come the Co-eds",
    "overview" : "Molly (Martha O'Driscoll), her brother, Slats (Abbott), and his pal, Oliver (Costello), are taxi dancers at the Miramar Ballroom. As a publicity stunt, Slats plants an article about Molly claiming her ambition is to earn enough money to attend staid, all-girl Bixby College. Bixby's progressive dean offers Molly a scholarship. Molly accepts on the condition that Slats and Oliver come along too as campus caretakers. But the pompous Chairman threatens to foreclose on the school's mortgage if Molly isn't expelled. Together, the trio, with the help of some new friends, concocts a scheme to raise enough money to save the school. The plan involves a bet on the Bixby basketball team, which is playing in a game rated at 20 to 1 by the local bookie. But the bookie has other plans for their dough and hires a group of ringers to step in for the opponents. All is not lost, at least while Oliver has the chance to turn things around for his friends-one way or another.",
    "genres" : [ {
      "id" : 35,
      "name" : "Comedy"
    } ]
  }, {
    "id" : 33497,
    "title" : "Ravanello Pallido",
    "overview" : "No overview found.",
    "genres" : [ {
      "id" : 35,
      "name" : "Comedy"
    } ]
  }, {
    "id" : 33502,
    "title" : "The Legend of Lucy Keyes",
    "overview" : "Guy moves to an old farm in Princeton with his wife Jeanne Cooley and their two daughters, Molly and Lucy to build eight windmills to generate clean power to the city. The Cooley family has a cold reception in town, and while voting for the approval of the project, the old woman Gretchen Caswell votes against the construction with many followers and mentions the historic importance of the spot and the name of Martha. Jeanne researches and discloses that two hundred and fifty years ago, a girl called Lucy Keyes got lost in the woods and in spite of the efforts of her mother Martha Keyes and the locals, she was never found. When the ghost of Martha comes to the fields around their property calling for Lucy, Jeanne realizes that the legend is true and that there are many hidden secrets in that location.",
    "genres" : [ {
      "id" : 18,
      "name" : "Drama"
    }, {
      "id" : 27,
      "name" : "Horror"
    }, {
      "id" : 53,
      "name" : "Thriller"
    } ]
  }, {
    "id" : 33512,
    "title" : "Spinning Into Butter",
    "overview" : "A hate crime on the campus of a New England college puts the school's dean (Parker) in a position where she has to examine her own feelings about race and prejudice, while maintaining her administration's politically correct policies.",
    "genres" : [ {
      "id" : 18,
      "name" : "Drama"
    } ]
  }, {
    "id" : 33517,
    "title" : "Beyond the Clouds",
    "overview" : "Made of four short tales, linked by a story filmed by Wim Wenders. Taking place in Ferrara, Portofino, Aix en Provence and Paris, each story, which always a woman as the crux of the story, invites to an inner travel, as Antonioni says \"towards the true image of that absolute and mysterious reality that nobody will ever see\".",
    "genres" : [ {
      "id" : 18,
      "name" : "Drama"
    }, {
      "id" : 10749,
      "name" : "Romance"
    } ]
  }, {
    "id" : 33522,
    "title" : "Lost in Alaska",
    "overview" : "Two volunteer firemen rescue a gold prospector from suicide. However, once they discover that the police mistakenly want them for murder, they travel with the prospector to Alaska to help chase his girl. Once they arrive, the men discover that most of the town wants the prospector dead. It's up to Abbot and Costello to keep him alive, or else San Francisco is ready to hang them for the murder.",
    "genres" : [ {
      "id" : 35,
      "name" : "Comedy"
    } ]
  }, {
    "id" : 33537,
    "title" : "Legend of The Wolf",
    "overview" : "Wolf (Donnie Yen) is a war veteran who recounts the tale of his legendary youth to a young upstart killer (Edmond Leung). Flashback to a post-World War 2 time when the young Wolf (Yen) is wandering the Chinese countryside in search of his missing memories. He only knows to meet someone at an abandoned temple. He ends up hooking up with a local villager (Dayo Wong), who intends to guide the Wolf to his destination. On the way, they find Wai-Yee (Carmen Lee), who’s been waiting for Wolf for quite some time. However, Wolf still can’t remember anything, until the bad guys (led by Ben Lam) come to find him, and they bear the terrible secret of the Wolf's past.",
    "genres" : [ {
      "id" : 28,
      "name" : "Action"
    }, {
      "id" : 10769,
      "name" : "Foreign"
    } ]
  }, {
    "id" : 33542,
    "title" : "Rumble in the Bronx",
    "overview" : "Keong comes from Hong Kong to visit New York for his uncle's wedding. His uncle runs a market in the Bronx and Keong offers to help out while Uncle is on his honeymoon. During his stay in the Bronx, Keong befriends a neighbor kid and beats up some neighborhood thugs who cause problems at the market. One of those petty thugs in the local gang stumbles into a criminal situation way over his head.",
    "genres" : [ {
      "id" : 80,
      "name" : "Crime"
    }, {
      "id" : 28,
      "name" : "Action"
    }, {
      "id" : 35,
      "name" : "Comedy"
    }, {
      "id" : 53,
      "name" : "Thriller"
    } ]
  }, {
    "id" : 33557,
    "title" : "Daddy and Them",
    "overview" : "When an uncle is charged with murder, the event reverberates throughout a poor Arkansas family, including a struggling musician and his wife, her mother, her sister, and his father.",
    "genres" : [ {
      "id" : 18,
      "name" : "Drama"
    }, {
      "id" : 35,
      "name" : "Comedy"
    } ]
  }, {
    "id" : 33572,
    "title" : "Lost and Found",
    "overview" : "A magical tale of friendship and loneliness, which tells the story of a little boy who one day finds a penguin on his doorstep. Although at first he is unsure what to do, the boy becomes determined to help the penguin find his way back home...Even if that means rowing all the way to the South Pole!",
    "genres" : [ {
      "id" : 10751,
      "name" : "Family"
    }, {
      "id" : 16,
      "name" : "Animation"
    } ]
  }, {
    "id" : 33582,
    "title" : "Teenage Dirtbag",
    "overview" : "A popular high school girl is harassed by a delinquent boy until they are placed in creative writing class together. Through written words, they create a bond, but tragically a bond that cannot withstand her social pressures or his brutal home life.",
    "genres" : [ {
      "id" : 18,
      "name" : "Drama"
    } ]
  }, {
    "id" : 33587,
    "title" : "The Fall of Rock and Roll",
    "overview" : "Omnibus film, consisting of three independent parts: in the first story, Koma, a failed rocker, wants to prove to his producer father that newly composed music could be better than his. He becomes a mysterious masked folk singer-known as Ninja. In the second, Dracula is killed... again. This time he does not dies oby way of a wooden stake, a silver bullet, or a cross. A blonde woman manages to deprive him of eternal life without the help of sunrise. The last story is about Eve and Djuro. She is creator, he is a musician. They live in a harmonious relationship, but a love letter brings division among them.",
    "genres" : [ {
      "id" : 35,
      "name" : "Comedy"
    } ]
  }, {
    "id" : 33592,
    "title" : "White of the Eye",
    "overview" : "Evidence of mutilated housewives points to a sound expert (David Keith) living unhappily with his wife (Cathy Moriarty) in Arizona.",
    "genres" : [ {
      "id" : 27,
      "name" : "Horror"
    }, {
      "id" : 53,
      "name" : "Thriller"
    } ]
  }, {
    "id" : 33602,
    "title" : "Temple Grandin",
    "overview" : "A biopic of Temple Grandin, an autistic woman who has become one of top scientists in humane livestock handling.",
    "genres" : [ {
      "id" : 18,
      "name" : "Drama"
    } ]
  }, {
    "id" : 33607,
    "title" : "I Killed My Lesbian Wife, Hung Her on a Meat Hook, and Now I Have a Three-Picture Deal at Disney",
    "overview" : "A first-time feature-film director (who's also the writer and producer) is casting the lead actress. We meet him talking to his wife about the picture and the process. We meet the actress, Sandy, negotiating with her roommate and talking by phone to her mother. Then, we watch Sandy audition for the director at the call-back session; also attending are the casting director and the production company's sycophants. The wrinkle is that the director is a homicidal misogynist, his wife is tied up and hanging from the ceiling, and Sandy has something in her purse that bodes a rocky future. (IMDb)",
    "genres" : [ {
      "id" : 35,
      "name" : "Comedy"
    } ]
  }, {
    "id" : 33622,
    "title" : "Detonator",
    "overview" : "A former FBI agent must stop a crazy man from blowing up bombs.",
    "genres" : [ {
      "id" : 28,
      "name" : "Action"
    }, {
      "id" : 18,
      "name" : "Drama"
    }, {
      "id" : 53,
      "name" : "Thriller"
    } ]
  }, {
    "id" : 33627,
    "title" : "OceanWorld 3D",
    "overview" : "A 3-D documentary chronicling a sea turtle's journey across the oceans.",
    "genres" : [ {
      "id" : 99,
      "name" : "Documentary"
    } ]
  }, {
    "id" : 33632,
    "title" : "Sweet Bird of Youth",
    "overview" : "Gigolo and drifter, Chance Wayne, returns to his home town as the accompaniment of a faded movie star, Alexandra Del Lago, whom he hopes to use to help him break into the movies. Chance runs into trouble when he finds his ex-girlfriend, the daughter of the local politician Tom 'Boss' Finley, who more or less forced him to leave his daughter and the town many years ago.",
    "genres" : [ {
      "id" : 18,
      "name" : "Drama"
    }, {
      "id" : 10749,
      "name" : "Romance"
    } ]
  }, {
    "id" : 33642,
    "title" : "Hells Angels on Wheels",
    "overview" : "At first gas station attendant Poet is happy when the rockers gang “Hell’s Angels” finally accepts him. But he’s shocked when he learns how brutal they are – not even murder is a taboo to them. He gets himself in trouble when the leader’s girlfriend falls in love with him – and he welcomes her approaches.",
    "genres" : [ {
      "id" : 12,
      "name" : "Adventure"
    }, {
      "id" : 18,
      "name" : "Drama"
    }, {
      "id" : 28,
      "name" : "Action"
    }, {
      "id" : 53,
      "name" : "Thriller"
    }, {
      "id" : 80,
      "name" : "Crime"
    } ]
  }, {
    "id" : 33647,
    "title" : "Bound by Lies",
    "overview" : "When Detecive Max Garrett is assigned to protect the sultry photographer Laura Cross from a ruthless killer, he has no idea what he's in for. The more involved Garrett gets in the case, the more attracted he is to Cross, but as they get closer, so does the killer.",
    "genres" : [ {
      "id" : 18,
      "name" : "Drama"
    }, {
      "id" : 53,
      "name" : "Thriller"
    }, {
      "id" : 80,
      "name" : "Crime"
    } ]
  }, {
    "id" : 33652,
    "title" : "The Journals of Knud Rasmussen",
    "overview" : "Based on the journal of Knud Rasmussen's \"Great Sled Journey\" of 1922 across arctic Canada. The film is shot from the perspective of the Inuit, showing their traditional beliefs and lifestyle. It tells the story of the last great Inuit shaman and his beautiful and headstrong daughter; the shaman must decide whether to accept the Christian religion that is converting the Inuit across Greenland.",
    "genres" : [ {
      "id" : 99,
      "name" : "Documentary"
    } ]
  }, {
    "id" : 33657,
    "title" : "A Smile Like Yours",
    "overview" : "A comedy about a couple who cannot conceive a baby",
    "genres" : [ {
      "id" : 35,
      "name" : "Comedy"
    }, {
      "id" : 10749,
      "name" : "Romance"
    } ]
  }, {
    "id" : 33667,
    "title" : "Gentleman's Agreement",
    "overview" : "A magazine writer poses as a Jew to expose anti-Semitism.",
    "genres" : [ {
      "id" : 18,
      "name" : "Drama"
    }, {
      "id" : 10749,
      "name" : "Romance"
    } ]
  }, {
    "id" : 33672,
    "title" : "Maybe Logic: The Lives and Ideas of Robert Anton Wilson",
    "overview" : "Guerrilla ontologist. Psychedelic magickian. Outer head of the Illuminati. Quantum psychologist. Sit-down comic/philosopher. Discordian Pope. Whatever the label and rank, Robert Anton Wilson is undeniably one of the foundations of 21th Century Western counterculture.Maybe Logic follows a reality labyrinth which leads through the hollows of human perception to the vast star fields of Sirius where we find one man alone, joyfully accepting his status as Damned Old Crank and Cosmic Schmuck. Beaming with insight, frustration, compassion, and unshakable optimism, the ever-open eye of Robert Anton Wilson penetrates human illusions exposing the mathematical probabilities and spooky synchronicities of the 8 dimensions of his Universe.",
    "genres" : [ {
      "id" : 99,
      "name" : "Documentary"
    } ]
  }, {
    "id" : 33682,
    "title" : "Something Like Happiness",
    "overview" : "Over the course of a year, in a small town scarred and beaten down by industrialization, Tonda and Monika, friends since childhood, come to experience what life might be like if they could be with one another – which they seemingly can't. Or can they?",
    "genres" : [ {
      "id" : 18,
      "name" : "Drama"
    } ]
  }, {
    "id" : 33687,
    "title" : "The Return of the Whistler",
    "overview" : "When a woman goes missing on the eve of her wedding, her fiancee hires a detective to track her down",
    "genres" : [ {
      "id" : 80,
      "name" : "Crime"
    }, {
      "id" : 9648,
      "name" : "Mystery"
    } ]
  }, {
    "id" : 33697,
    "title" : "Iowa",
    "overview" : "A cautionary tale of love, crime, fantasy and addiction that follows two young Iowan lovers who decide to go into the \"batch\" business - cooking their own methamphetamine - only to watch it burn a searing hole in their lives.",
    "genres" : [ {
      "id" : 80,
      "name" : "Crime"
    }, {
      "id" : 18,
      "name" : "Drama"
    } ]
  }, {
    "id" : 33707,
    "title" : "Bruno Salomone au Bataclan",
    "overview" : "No overview found.",
    "genres" : [ {
      "id" : 35,
      "name" : "Comedy"
    } ]
  }, {
    "id" : 33712,
    "title" : "Trudell",
    "overview" : "Trudell is a 2005 documentary film about the life of author and American Indian activist John Trudell. The film traces Trudell from his childhood in Omaha, Nebraska, to his role in the American Indian Movement, and finally to his rebirth as a musician and spoken word poet.",
    "genres" : [ {
      "id" : 99,
      "name" : "Documentary"
    } ]
  }, {
    "id" : 33717,
    "title" : "Bob the Builder - Race to the Finish",
    "overview" : "When Sunflower Valley needs a new sports stadium, there's only one team for the job. It's Bob the Builder™ and his Can-Do Crew! Can Bob build it? With the help of his new friends, Gripper and Grabber - YES, HE CAN! Join Bob, Wendy, and the Can-Do Crew as they race to the finish line in their biggest construction job yet. See how teamwork and fun go hand-in-hand in this colossal building adventure.",
    "genres" : [ {
      "id" : 16,
      "name" : "Animation"
    }, {
      "id" : 10751,
      "name" : "Family"
    } ]
  }, {
    "id" : 33722,
    "title" : "The Priests: In Concert at Armagh Cathedral",
    "overview" : "No overview found.",
    "genres" : [ {
      "id" : 10402,
      "name" : "Music"
    } ]
  }, {
    "id" : 33727,
    "title" : "Can-Can",
    "overview" : "No overview found.",
    "genres" : [ ]
  }, {
    "id" : 33737,
    "title" : "Steve McQueen: The Essence of Cool",
    "overview" : "The life and times of actor Steve McQueen, on the 75th anniversary of his birth.",
    "genres" : [ {
      "id" : 99,
      "name" : "Documentary"
    } ]
  }, {
    "id" : 33762,
    "title" : "Band of the Hand",
    "overview" : "An Indian Vietnam veteran trains five street punks in the Everglades to fight vice in Miami.",
    "genres" : [ {
      "id" : 28,
      "name" : "Action"
    }, {
      "id" : 80,
      "name" : "Crime"
    }, {
      "id" : 18,
      "name" : "Drama"
    } ]
  }, {
    "id" : 33767,
    "title" : "Beyond the Door III",
    "overview" : "A shy co-ed and her classmates travel to Europe to see a ritual. With a satanist/professor with them, he lures them into deadly traps to become sacrifices to Satan. One co-ed is a virgin, the main key to bring Satan back to life. But can the co-ed lose her virginity before Satan controls the world?",
    "genres" : [ {
      "id" : 27,
      "name" : "Horror"
    } ]
  }, {
    "id" : 33782,
    "title" : "National Lampoon's Movie Madness",
    "overview" : "A parody of film genres composed of three shorts, spoofing personal growth films, glossy soap operas, and police stories.",
    "genres" : [ {
      "id" : 35,
      "name" : "Comedy"
    } ]
  }, {
    "id" : 33787,
    "title" : "Get Smart, Again!",
    "overview" : "KAOS has invented a weather machine so Maxwell Smart and Agent 99 are called back into action to foil this evil plan.",
    "genres" : [ {
      "id" : 28,
      "name" : "Action"
    }, {
      "id" : 35,
      "name" : "Comedy"
    }, {
      "id" : 10751,
      "name" : "Family"
    } ]
  }, {
    "id" : 33792,
    "title" : "State of the Union",
    "overview" : "An industrialist is urged to run for President, but this requires uncomfortable compromises on both political and marital levels.",
    "genres" : [ {
      "id" : 35,
      "name" : "Comedy"
    }, {
      "id" : 18,
      "name" : "Drama"
    }, {
      "id" : 10749,
      "name" : "Romance"
    } ]
  }, {
    "id" : 33802,
    "title" : "In the White City",
    "overview" : "A Swiss sailor jumps ship in Lisbon, tired of the noisy engine room, the ship \"a floating factory of crazy people.\" He rents a room and does little. He writes letters to his lover, describing the whiteness of the city, the solitude and the silence. He sends his love and emptiness; she replies with love and confusion. He sends movies from his 8mm camera. Then he becomes friendly with Rosa, a chambermaid, and soon it's a love affair. He continues to send letters and movies home. His Swiss lover is hurt and angry; she sends an ultimatum. Written by jhailey",
    "genres" : [ {
      "id" : 18,
      "name" : "Drama"
    } ]
  }, {
    "id" : 33807,
    "title" : "Camping",
    "overview" : "A grief-stricken dysfunctional family goes camping.",
    "genres" : [ {
      "id" : 35,
      "name" : "Comedy"
    }, {
      "id" : 18,
      "name" : "Drama"
    } ]
  }, {
    "id" : 33812,
    "title" : "James Blunt - Chasing Time: The Bedlam Sessions",
    "overview" : "British ex-military singer/songwriter and consummate lady's man James Blunt watched his career go from coffeehouses to stadiums in 2005 with the smash hit \"You're Beautiful.\" Blunt's Rod Stewart-esque croak, wry humor, and earnest balladry is on full display for WEA International's Chasing Time: The Bedlam Sessions.",
    "genres" : [ ]
  }, {
    "id" : 33817,
    "title" : "Satanás - Profile of a Killer",
    "overview" : "Based on the Mario Mendoza's book and inspired by true events, tells three interconnected stories happening in the eve of the infamous Pozzetto Massacre.",
    "genres" : [ {
      "id" : 80,
      "name" : "Crime"
    }, {
      "id" : 18,
      "name" : "Drama"
    }, {
      "id" : 53,
      "name" : "Thriller"
    } ]
  }, {
    "id" : 33827,
    "title" : "The Graffiti Artist",
    "overview" : "Adrift in the lush, nocturnal urban landscape of THE GRAFFITI ARTIST, Nick (Ruben Bansie-Snellman) is a post-modern urban hero asserting his anarchistic agenda on the endless maze of virgin exterior walls that comprise downtown Seattle and Portland. For this iconoclastic young visionary, the vast wall surfaces of deserted alleys and train yards are at once a daunting symbol of capitalist oppression and a texturally rich, seamless tableau ripe for exploitation to amplify his artistic dialectic of anger and rebellion.",
    "genres" : [ ]
  }, {
    "id" : 33832,
    "title" : "Oscar Peterson A Night In Vienna",
    "overview" : "A Night In Vienna was recorded at Musikverein in Vienna, Austria on Friday, November 21st, 2003. The Gala Concert was part of the 175th anniversary celebrations for Bosendorfer. During the festive week which would climax with the concert, the President of Austria wished to bestow on Peterson in person the nation's highest award for the Arts &amp; Sciences.",
    "genres" : [ {
      "id" : 10402,
      "name" : "Music"
    } ]
  }, {
    "id" : 33842,
    "title" : "25 Carat",
    "overview" : "Abel is a boxer turned debt collector who is struggling to provide for his young son. When he falls in love with beautiful car thief Kay, the couple plan for a new crime-free beginning. To fund their new law-abiding life, however, they conspire for one last big score. The resulting fiasco takes them on a rough ride through the gritty Barcelona underworld. Winner of Best Film at the 2009 Málaga Spanish Film Festival.",
    "genres" : [ {
      "id" : 10769,
      "name" : "Foreign"
    }, {
      "id" : 53,
      "name" : "Thriller"
    } ]
  }, {
    "id" : 33857,
    "title" : "Bye-Bye Bin Laden",
    "overview" : "The Bushes and the Bin Ladens battle on national television with dueling series aimed at boosting their popularity with the masses in this animated musical satire with a cast of characters\r that includes Osama Bin Laden, Mullah Omar and Jenna Bush. While Bin Laden waffles on format, the Bushes come up with a surefire winner: \"The George and Jenna Comedy Hour,\" where dancing crucifixes and patriotic hot pants are the order of the day.",
    "genres" : [ {
      "id" : 16,
      "name" : "Animation"
    }, {
      "id" : 35,
      "name" : "Comedy"
    }, {
      "id" : 10402,
      "name" : "Music"
    } ]
  }, {
    "id" : 33862,
    "title" : "Cell 2455 Death Row",
    "overview" : "A Death Row inmate uses his prison law studies to fight for his life. Based on a true story.",
    "genres" : [ ]
  }, {
    "id" : 33912,
    "title" : "Goodbye Gary",
    "overview" : "Au milieu de nulle part, une cité ouvrière vidée de sa population depuis quelques années déjà. Pourtant, certains habitants ont décidé d'y rester, plus par choix que par nécessité, parce que c'est là qu'ils sont nés et qu'ils ont grandi. Parmi eux il y a Francis, l'ouvrier consciencieux qui continue d'entretenir la machine sur laquelle il a travaillé toute sa vie ; Samir, son fils.",
    "genres" : [ {
      "id" : 18,
      "name" : "Drama"
    } ]
  }, {
    "id" : 33927,
    "title" : "Deadfall",
    "overview" : "After he accidentally kills his father, Mike, during a sting, Joe tries to carry out Mike's dying wish by recovering valuables that Mike's twin brother Lou stole from him years earlier. But Uncle Lou is also a confidence artist, and Joe is soon drawn into his increasingly dangerous schemes.",
    "genres" : [ {
      "id" : 80,
      "name" : "Crime"
    }, {
      "id" : 18,
      "name" : "Drama"
    }, {
      "id" : 53,
      "name" : "Thriller"
    } ]
  }, {
    "id" : 33932,
    "title" : "Shortcut to Happiness",
    "overview" : "In Manhattan, the aspirant writer Jabez Stone is a complete loser: he is not able to sell his novels, he lives in a lousy apartment and he does not have success with women. When one of his friends Julius Jenson sells his novel for US$ 190,000.00 to an editor, Jabez fells envy and promises to sell his soul to the devil for success and accidentally kills a woman with his typing machine. The Devil knocks on his door, fixes the situation and seals a contract with Jabez. His low quality novels have bad reviews but become best-sellers; Jabez enriches; has success with women, but has no time for his friends. Jabez meets with the publisher Daniel Webster who offers him a chance to break the contract with the devil.",
    "genres" : [ {
      "id" : 14,
      "name" : "Fantasy"
    }, {
      "id" : 18,
      "name" : "Drama"
    }, {
      "id" : 35,
      "name" : "Comedy"
    }, {
      "id" : 878,
      "name" : "Science Fiction"
    } ]
  }, {
    "id" : 33937,
    "title" : "Old Maids",
    "overview" : "Bettina Eriksen, manager of her Uncle Teodor's nursing home, is being framed for murder. With the help of 2 older ladies, Bettina sets out to find out the murderer's identity and motive.",
    "genres" : [ {
      "id" : 9648,
      "name" : "Mystery"
    }, {
      "id" : 35,
      "name" : "Comedy"
    }, {
      "id" : 80,
      "name" : "Crime"
    } ]
  }, {
    "id" : 33942,
    "title" : "Girls at Sea",
    "overview" : "No overview found.",
    "genres" : [ {
      "id" : 35,
      "name" : "Comedy"
    } ]
  }, {
    "id" : 33947,
    "title" : "Soldaterkammerater paa efteraarsmanøvre",
    "overview" : "",
    "genres" : [ {
      "id" : 35,
      "name" : "Comedy"
    }, {
      "id" : 10752,
      "name" : "War"
    } ]
  } ]
}