{
  "movies" : [ {
    "id" : 160892,
    "title" : "Slash Apocalyptic Love - Live In New York",
    "overview" : "Official Sites: Official site | Add/edit official sites  »  Country: USA  Language: English  Release Date: 22 May 2012 (USA) See more »  Filming Locations: Best Buy Theatre, New York City, New York, USA",
    "genres" : [ ]
  }, {
    "id" : 160897,
    "title" : "Barrio Tales",
    "overview" : "Two American teenagers in search of cheap drugs, trespass into the seedy town of Barrio, Mexico. What they find instead is a disturbed story teller and three tales filled with blood, witches and a cannibalistic taco chef.",
    "genres" : [ {
      "id" : 27,
      "name" : "Horror"
    } ]
  }, {
    "id" : 160902,
    "title" : "Photography 101",
    "overview" : "Today’s cameras put an amazing amount of power in the hands of amateur photographers, but it’s not always easy to make use of it. All those buttons, dials, and settings can be pretty intimidating. In this workshop, expert photographer Joseph Linaschke helps you understand what’s going on inside your camera, explaining fundamentals like what an aperture is and how shutter speed works. You'll learn basics such as how to hold the camera, what various modes mean and when to use them, and even how and when to use the camera’s flash. There's also creative instruction to guide you towards becoming a better photographer. As you become more comfortable with your gear, you’ll find that many new creative possibilities open up for you and the quality of your photography improves.",
    "genres" : [ ]
  }, {
    "id" : 160907,
    "title" : "The Fall of the Essex Boys",
    "overview" : "The rise and fall of the Essex Boys gang - the drugs, the violence and, of course, the murders. The real story is the most shocking of all.",
    "genres" : [ {
      "id" : 80,
      "name" : "Crime"
    } ]
  }, {
    "id" : 160917,
    "title" : "El Lenguaje del Tiempo",
    "overview" : "",
    "genres" : [ ]
  }, {
    "id" : 160962,
    "title" : "Help, Help, the Globolinks!",
    "overview" : "The world’s only psychedelic children’s opera about an alien invasion.",
    "genres" : [ ]
  }, {
    "id" : 160967,
    "title" : "Men from the Gutter",
    "overview" : "From its evocative title to its gritty filming to its gutsy plot, this sizzling crime thriller struck a chord with international audiences. The robberies, ambushes, double-crosses, and murders multiply as a hitman, a robber gang, and two obsessed cops clash with increasing deadliness and danger",
    "genres" : [ ]
  }, {
    "id" : 160977,
    "title" : "Adieu au TNS",
    "overview" : "In 1998, Jean-Luc Godard made a short video entitled Adieu au TNS (Farewell to the TNS). Never released (or intended to be), the video is nearly impossible to see and has not been included in any Godard retrospectives to date.",
    "genres" : [ ]
  }, {
    "id" : 160997,
    "title" : "Japanische Kampfspielfilme",
    "overview" : "This documentary (presented by german porn director No.1 Harry S. Morgan) brings insights into the touring and band life, shows many rare recordings from the early days of the band, up to current festival recordings at the peak of the career of the \"Japanese Kampfhörspiele\" on the With Full Force festival and U.S. tour in May 2008 and all the video clips of the band. A must-see for every JaKa fan.",
    "genres" : [ ]
  }, {
    "id" : 161002,
    "title" : "My Friend Bety",
    "overview" : "Bety was Diana's childhood friend. They grew up together, attended the same school, share the same friends. But Bety is in prison now and Diana wants to understand how her friend got there, so she decided to make a documentary about her friend.",
    "genres" : [ ]
  }, {
    "id" : 161007,
    "title" : "The Files of Young Kindaichi: Hong Kong Kowloon Treasure Murder Case",
    "overview" : "Korean foreign exchange student Kim Yong-Dong (Seung-Ri) studies in Hong Kong and works part-time at a hotel. A murder then takes place in the hotel and Kim Yong-Dong is the prime suspect. Hajime Kindaichi (Ryosuke Yamada) works to uncover the truth.",
    "genres" : [ {
      "id" : 18,
      "name" : "Drama"
    }, {
      "id" : 9648,
      "name" : "Mystery"
    } ]
  }, {
    "id" : 161017,
    "title" : "Spiritual Boxer II",
    "overview" : "Liu Chia-Liang returns to the success of his first directed film, \"The Spiritual Boxer\", which also stars the original film's bumbling ghost controller, Wang Yu. Hoping to make the lightning of success strike in the same place, Liu had his two brothers Lau Kar Wing and Gordon Liu not only act but also help with the fights. The end result is a martial arts film masterpiece filled with breathtaking action and set pieces.",
    "genres" : [ {
      "id" : 28,
      "name" : "Action"
    } ]
  }, {
    "id" : 161027,
    "title" : "Newman and Baddiel: Live and in Pieces",
    "overview" : "Rob Newman and David Baddiel take many of their characters and sketches from the acclaimed 1990s British sketch show The Mary Whitehouse Experience to a packed Wembley Arena for one of the landmark live British comedy shows of the decade. That's you, that is.",
    "genres" : [ {
      "id" : 35,
      "name" : "Comedy"
    } ]
  }, {
    "id" : 161032,
    "title" : "Evacuation",
    "overview" : "Evacuation is an experimental short movie about the life and death of a juice box.",
    "genres" : [ ]
  }, {
    "id" : 161037,
    "title" : "Puthagam",
    "overview" : "Puthagam is an Indian Tamil film, directed by debutant Vijay Adiraj, a television actor/anchor and produced by S. Manjula for Ram Pictures Private Limited. The movie is about three youngsters whose lives turn upside down after a crucial incident.",
    "genres" : [ {
      "id" : 18,
      "name" : "Drama"
    } ]
  }, {
    "id" : 161052,
    "title" : "Americas Orchestra: Celebrating 125 Years of the Boston Pops",
    "overview" : "Craig Ferguson hosts. This tribute features some of the greatest moments from the Boston Pops' 125-year history, outlining the orchestra's transformation from summertime entertainment for Bostonians to the national icon and beloved institution of today.",
    "genres" : [ ]
  }, {
    "id" : 161067,
    "title" : "The Count",
    "overview" : "Pertti Ylermi Lindgren (b. 1936) was engaged to 76 women, married none, but took the money of all. Lindgren is the real thing, as far as swindlers go. Peter von Bagh asked him to play himself in a film that would reconstruct some of his greatest moments, i.e. the most flamboyant «stunts» – and he agreed! So, marvel at Lindgren playing Lindgren, and study, on the film's second narrative string, how he's trying to get by, dancing and being charming through the summer of 1970, in dance-halls and pavilions.",
    "genres" : [ ]
  }, {
    "id" : 161072,
    "title" : "My Sweet Orange Tree",
    "overview" : "Poor boy treats a sweet lemon tree as his only friend, talking to it, and learning important values in the process. But one day the tree must be cut.",
    "genres" : [ {
      "id" : 18,
      "name" : "Drama"
    } ]
  }, {
    "id" : 161077,
    "title" : "Volunteer Jam: Starring The Charlie Daniels Band",
    "overview" : "In 1975, The Charlie Daniels Band performed the second of their legendary Volunteer Jams at Middle Tennessee Statue University in Murfreesboro, Tennessee. This annual event featured a number of special guests, including The Marshall Tucker Band, Dickey Betts and Chuck Leavell from the Allman Brothers band, Jimmy Hall, Dru Lombar, Bill Hart &amp; Gary Peacemaker.",
    "genres" : [ ]
  }, {
    "id" : 161087,
    "title" : "Aliens in the Wild, Wild West",
    "overview" : "When a UFO crash lands nearby, it's up to a couple of kids to save the aliens from the local townspeople.",
    "genres" : [ {
      "id" : 37,
      "name" : "Western"
    }, {
      "id" : 28,
      "name" : "Action"
    }, {
      "id" : 878,
      "name" : "Science Fiction"
    } ]
  }, {
    "id" : 161097,
    "title" : "Marvel Studios: Building a Cinematic Universe",
    "overview" : "Feature-length documentary about the rise of Marvel Studios and their films leading up to, and including, The Avengers.",
    "genres" : [ {
      "id" : 99,
      "name" : "Documentary"
    } ]
  }, {
    "id" : 161122,
    "title" : "The Real L Word XXX: NYC Edition",
    "overview" : "Sparks fly high in this drama and passion filled erotic lesbian mockumentary as Madison Young and her sexy and eager please production assistant, Kristen O, follow three NYC lesbian couples through lover’s quarrels and orgasmic juicy make up sex. Sexual appetites are satiated with fierce fucking by delicious dykes on kitchen counters, sopping wet screaming orgasms in the shower with avant-garde Brooklyn babes, and deep pounding anal pleasure with fetish lovin’ femmes. A taste of real lesbian life in New York City.",
    "genres" : [ ]
  }, {
    "id" : 161127,
    "title" : "Steps: The End Of The Road",
    "overview" : "Steps recorded live at Manchester Evening News Arena. The tracklist includes: 'One For Sorrow Sleazesisters Mix', 'Deeper Shade Of Blue Sleazesisters Mix', 'Love's Got A Hold On My Heart', 'Believe', 'After The Love Has Gone', 'If You Believe', 'It's The Way You Make Me Feel', 'Hand On Your Heart', 'I Know Him So Well', 'Last Thing On My Mind', 'You'll Be Sorry', 'Better Best Forgotten' and 'Chain Reaction'.",
    "genres" : [ ]
  }, {
    "id" : 161132,
    "title" : "Die Rückkehr des Tanzlehrers",
    "overview" : "",
    "genres" : [ {
      "id" : 53,
      "name" : "Thriller"
    }, {
      "id" : 18,
      "name" : "Drama"
    }, {
      "id" : 80,
      "name" : "Crime"
    } ]
  }, {
    "id" : 161152,
    "title" : "Deadly Pursuit",
    "overview" : "A crazed Vietnam vet avenges his platoons' friendly fire death at a paintball weekend.",
    "genres" : [ {
      "id" : 28,
      "name" : "Action"
    }, {
      "id" : 10770,
      "name" : "TV Movie"
    } ]
  }, {
    "id" : 161157,
    "title" : "Teen Knight",
    "overview" : "A young teenager wins a contest for a \"Medeval Adventure\" from a soda company. The winners, plus a film crew from the soda company arrive at the castle for the adventure. During the night, a spell cast over 600 years prior brings the castle and all the people in it back to 1383. The evil Lord Drakin plans on retrying to take the castle. It is up to the group to stop him, and thereby return to the 20th century. They enlist the help of the former court magician, Percival, to help them.",
    "genres" : [ {
      "id" : 12,
      "name" : "Adventure"
    } ]
  }, {
    "id" : 161172,
    "title" : "Blue, White, and Perfect",
    "overview" : "In order to win back his girlfriend, Mike Shayne promises to give up his detective practice and get a job as riveter in an aircraft plant. He quickly finds himself investigating the theft of industrial diamonds from the plant's safe and, utilizing a variety of false identities, traces them first to a dress factory and later to a Hawaii-bound ocean liner. Escaping several attempts on his life, he is able to uncover a Nazi smuggling ring, but the location of the missing diamonds continues to elude him.",
    "genres" : [ {
      "id" : 80,
      "name" : "Crime"
    }, {
      "id" : 18,
      "name" : "Drama"
    }, {
      "id" : 9648,
      "name" : "Mystery"
    }, {
      "id" : 10749,
      "name" : "Romance"
    } ]
  }, {
    "id" : 161187,
    "title" : "Saving Lincoln",
    "overview" : "The almost entirely true story of Abraham Lincoln and his self-appointed bodyguard, U.S. Marshal Ward Hill Lamon - a banjo-playing Southerner who foiled repeated attempts on the President's life, and kept him functioning during the darkest hours of the Civil War.",
    "genres" : [ {
      "id" : 18,
      "name" : "Drama"
    }, {
      "id" : 36,
      "name" : "History"
    } ]
  }, {
    "id" : 161202,
    "title" : "Beverly Hood",
    "overview" : "When the Washington family wins the lottery they decide to move from the poor south to the hood, Beverly Hood! When the Washington's daughter, Pam, falls for the guy next door the new neighbors really clash.",
    "genres" : [ {
      "id" : 35,
      "name" : "Comedy"
    } ]
  }, {
    "id" : 161207,
    "title" : "Le Mystère Egoyan",
    "overview" : "The strange case of Atom Egoyan attempts to reveal filmmaker Atom Egoyan's creative process, throwing light on what might be its most enigmatic and personal side: writing. Starting with his most recent film, we proceed backwards, gradually unveiling his 13 feature films, up to his early unreleased camera tests, heralding his future works. Thus can we closely penetrate and fathom out the mysterious world of Atom Egoyan: a surveyor of the human mind, and an artist whose work has shattered the rules of film language, by blowing up several of cinema's conventional narrative means.",
    "genres" : [ ]
  }, {
    "id" : 161212,
    "title" : "Kyon Ki...",
    "overview" : "Widowed Colonel Khurana, a resident of India, goes to London, accumulates enough wealth, returns to India, opens a private Sanatorium for the insane, and hires his daughter, Tanvi, as one of the psychiatrists'. His second-in-charge is Dr. Sunil. Tanvi looks after patient #36, a woman by the name of Shobhna Mathur, quite lovingly, almost like the mother she never had. Then Shobhna gets well, is discharged and unable to recollect Tanvi's loving care. This does hurt Tanvi, so she decides never to get close to any patient, especially the new patient #36, Anand J. Sharma, who has been admitted by a Court Order. Circumstances do make Tanvi and Anand get close, so close that they fall in love with each other. But her disciplinarian father has chosen a suitor named Karan, and is not willing to take the risk of Tanvi marrying a mental patient, especially one like Anand, who has been arrested and charged with killing his fiancée, Maya.",
    "genres" : [ ]
  }, {
    "id" : 161217,
    "title" : "Clear All Wires!",
    "overview" : "Buckley is an unethical reporter who manipulates the news for his own benefit as much as he reports it. When he is in Paris to get a medal for being rescued from his alleged kidnappers, he finds that his boss, Stevens, at the Chicago Globe is going with his old gal Dolly. When Stevens learns that Dolly is staying with Buckley in Moscow, he fires Buckley. To get his job back, Buckley and Lefty stage a great news story about the shooting of the last Romanoff, but the plan backfires and they are now in line to be shot by the Commissar.",
    "genres" : [ ]
  }, {
    "id" : 161227,
    "title" : "Jaanam Samjha Karo",
    "overview" : "Talented singer and dancer, Chandni's life is dominated by three aunts, and a soft-spoken maternal grandmother. She meets with a womanizer named Rahul, and falls in love with him. Rahul treats her just like any of his other girlfriends, and decides to have an affair with her. Rahul unexpectedly meets with his dadaji, who wants him to get married to Chandni. In order to fool him, Rahul asks Chandni to pretend to be his wife, which she does. After Dadaji leaves, will Rahul and Chandni go their separate ways, and will Rahul return to the waiting arms of his many girlfriends?",
    "genres" : [ ]
  }, {
    "id" : 161237,
    "title" : "Auzaar",
    "overview" : "Two college friends find themselves on the opposite side of the law when they reunite.",
    "genres" : [ ]
  }, {
    "id" : 161252,
    "title" : "Tu Mera 22 Main Tera 22",
    "overview" : "A Punjabi film starring Amrinder Gill, Mandy Takhar and  Yo Yo Honey Singh, who also composed the music.",
    "genres" : [ ]
  }, {
    "id" : 161257,
    "title" : "The Will",
    "overview" : "The story of Mohammed the son of a barber who has recently got his degree, his lover Fatma, his rivel Al-Etr.",
    "genres" : [ {
      "id" : 18,
      "name" : "Drama"
    } ]
  }, {
    "id" : 161267,
    "title" : "Somewhere Under the Broad Sky",
    "overview" : "This drama of middle-class life in postwar Japan tells the story lower-middle-class workers in the city of Kawasaki, and their troubles and travails.",
    "genres" : [ {
      "id" : 18,
      "name" : "Drama"
    } ]
  }, {
    "id" : 161272,
    "title" : "Clinton",
    "overview" : "The political history of Bill Clinton including his two terms as President of the United States.",
    "genres" : [ {
      "id" : 99,
      "name" : "Documentary"
    } ]
  }, {
    "id" : 161277,
    "title" : "Flight from Death: The Quest for Immortality",
    "overview" : "Narrated by Gabriel Byrne (Usual Suspects, Vanity Fair, Miller's Crossing), this seven-time Best Documentary award-winning film (Silver Lake Film Festival, Beverly Hills Film Festival) is the most comprehensive and mind-blowing investigation of humankind's relationship with death ever captured on film. Hailed by many viewers as a \"life-transformational film,\" Flight from Death uncovers death anxiety as a possible root cause of many of our behaviors on a psychological, spiritual, and cultural level. Following the work of the late cultural anthropologist, Ernest Becker, and his Pulitzer Prize-winning book Denial of Death, this documentary explores the ongoing research of a group of social psychologists that may forever change the way we look at ourselves and the world. Over the last twenty-five years, this team of researchers has conducted over 300 laboratory studies, which substantiate Becker's claim that death anxiety is a primary motivator of human behavior...",
    "genres" : [ {
      "id" : 99,
      "name" : "Documentary"
    } ]
  }, {
    "id" : 161297,
    "title" : "Arsène Lupin",
    "overview" : "A charming and very daring thief known as Arsene Lupin is terrorizing the wealthy of Paris, he even goes so far as to threaten the Mona Lisa. But the police, led by the great Guerchard, think they know Arsene Lupin's identity, and they have a secret weapon to catch him.",
    "genres" : [ {
      "id" : 9648,
      "name" : "Mystery"
    }, {
      "id" : 10749,
      "name" : "Romance"
    } ]
  }, {
    "id" : 161322,
    "title" : "Angel 4: Undercover",
    "overview" : "Angel, the high school student by day / hooker by night, has grown into a smart successful career woman. A prostitute is brutally murdered.  The police dismiss it as \"just another dead whore.\" Now Angel must take to the streets of Hollywood once again, seeking justice, using a weapon as deadly as any gun...her own body.",
    "genres" : [ {
      "id" : 28,
      "name" : "Action"
    }, {
      "id" : 80,
      "name" : "Crime"
    }, {
      "id" : 53,
      "name" : "Thriller"
    } ]
  }, {
    "id" : 161327,
    "title" : "Young and Dangerous: Reloaded",
    "overview" : "On a dark Mongkok night, May, the cousin of Dai Tin-yee (Dominic Ho), was gang-raped to death by Med King (Deep Ng) and his men. The furious Tin-yee, together with his buddies, Ho-Nam(Him Law), Chicken (Oscar Leung), Pou-Pan (Jazz Lam) tracked down Med King to revenge May’s death. As Med King was under the wing of Ugly Kwan (Sammy Sum), a leader of the Hung Hing triad, Kwan gave orders to get rid of Ho-Nam by all means….",
    "genres" : [ {
      "id" : 53,
      "name" : "Thriller"
    }, {
      "id" : 80,
      "name" : "Crime"
    }, {
      "id" : 28,
      "name" : "Action"
    } ]
  }, {
    "id" : 161337,
    "title" : "Underworld: Endless War",
    "overview" : "Underworld: Endless War is a collection of three short, anime-style tie-in stories-—whose creation was supervised by Len Wiseman, director of the first 2 Underworld movies and producer of Underworld 3 &amp; 4--each tell a different story, and at different periods of history to highlight new events of the Underworld mythology. These stories also tell of what happened before the events in Underworld: Awakening",
    "genres" : [ {
      "id" : 28,
      "name" : "Action"
    }, {
      "id" : 16,
      "name" : "Animation"
    }, {
      "id" : 27,
      "name" : "Horror"
    } ]
  }, {
    "id" : 161342,
    "title" : "Maldone",
    "overview" : "Maldone is a canal worker, happy with his life after running away from his family estate. He falls in love with Zita, a young gypsy girl, during a local fete. However, after his brother dies, Maldone is called back to manage the estate. There, he takes up the life of a landowner and marries a neighbor's daughter. Years later Maldone is still restless on the estate, and becomes obsessed with Zita, after meeting her by chance one evening.",
    "genres" : [ ]
  }, {
    "id" : 161347,
    "title" : "An Everlasting Duel",
    "overview" : "An exotic beauty is rescued by a gallant swordsman.",
    "genres" : [ ]
  }, {
    "id" : 161367,
    "title" : "Thriller Zone",
    "overview" : "There are three unrelated, unconnected segments in this horror anthology. In the first segment, \"The Last Hand,\" a man is shot, while another man has a heart attack. The latter man (Morty) survives, and goes to his regular poker game, but the man who was shot shows up looking well, if sinister. Morty had a hand in his death, it seems, and Morty grows increasingly agitated, and starts hallucinating. In the second segment,\"The Final Hour,\" a convicted murderer in the year 2213 is being transported to a trial for his appeal and forms a relationship with the ship's pilot. The last segment, \"Fanatical Extreme,\" is a condensed version of the feature film The Last Horror Film (1982), in which taxi driver Joe Spinell tries to realize his fantasy of making a horror movie with his favorite star, but he's not exactly welcome.",
    "genres" : [ {
      "id" : 27,
      "name" : "Horror"
    } ]
  }, {
    "id" : 161377,
    "title" : "My Friends",
    "overview" : "It’s a tough winter for young Julien: he meets up with his mother and she asks him to write a statement against his father for the divorce trial; he meets up with his friend Arthur and he tells him that his girl, Lolita, slept with Demian, another friend; he meets up with Demian, who confesses the betrayal; he meets up with his father, who warns him that if he testifies against him, Julien will be a dead man for him; he meets up with the beautiful Lolita and she makes it clear that, for her, being with him or with any of his friends or with all of them is the same thing; he meets up with his sister, who cries over their parents’ fighting, and asks Julian for help.",
    "genres" : [ ]
  }, {
    "id" : 161382,
    "title" : "The Opium War",
    "overview" : "The story of the Opium War between China, in the waning days of the Qing Dynasty, and the British Empire, in the 1830s, and the subsequent takeover of Hong Kong by Britain; through the eyes of the key figures, fiercely nationalistic Lin Zexu, and opportunistic British naval diplomat Charles Elliot.",
    "genres" : [ {
      "id" : 18,
      "name" : "Drama"
    }, {
      "id" : 10752,
      "name" : "War"
    }, {
      "id" : 36,
      "name" : "History"
    } ]
  }, {
    "id" : 161387,
    "title" : "Geert Hoste: Verdorie!",
    "overview" : "",
    "genres" : [ ]
  }, {
    "id" : 161392,
    "title" : "Baaghi: A Rebel for Love",
    "overview" : "Saajan is a college youth, enjoying his life, meets with Kajal the girl of his dreams at a brothel. Kajal is an innocent victim of Dhanraj, who runs this brothel. Saajan eventually falls in love with Kajal, but this love affair is not acceptable to the society, which includes his parents Mr. and Mrs. Sood. Saajan's dad Col. Sood wants his son to join the Indian army. On the other side, this relationship of love is also not acceptable to Dhanraj, since he doesn't want any of his brothel girls to go into normal respectable society. Trapped between both, Saajan, along with his friends, rescues his love from the brothel. But the question remains: Will Saajan's parents accept him along with Kajal or Will Dhanraj's evilness overcome the couple's love?",
    "genres" : [ ]
  }, {
    "id" : 161402,
    "title" : "Suryavanshi",
    "overview" : "Vicky lives a wealthy lifestyle with his widower dad, J.B., in India. Since he has matured, his dad would like him to get married to Sonia, who is the daughter of his friend, D.D., who is an Archeologist, currently looking for artifacts in Sangramgarh. Vicky and Sonia like each other and have no qualms of getting married. Then a series of events shake-up the crew at the site at Sangramgarh as they find that what appears to be an underground palace. The locals are superstitious and afraid of what they happen if they start digging and would prefer to leave the past alone. They may well be right as an ancient, ageless and cruel entity, Rajkumari Suryalekha, who at one time actually reared a half-man half-beast, cannibals and man-eating beasts to defeat and kill all her suitors as she hated men, save and except for Vikram Singh, who was able to emerge victorious, but ended up rejecting her as she had his friend...",
    "genres" : [ ]
  }, {
    "id" : 161407,
    "title" : "The Middle Passage",
    "overview" : "A realistic look at the horrors of the slave trade, told entirely through the voice of a dead African slave whose spirit haunts the ocean route",
    "genres" : [ ]
  }, {
    "id" : 161412,
    "title" : "Sangdil Sanam",
    "overview" : "Kailash Nath is the Manager of a Bank and lives a comfortable lifestyle with his wife, Savitri, and son, Kishan. He is friendly with the Bank Watchman, Shankar Dayal Khurana, so much so that he arranges the marriage of Kishan with Shankar's daughter, Sanam. Shortly after the marriage of the two children, the bank is robbed, Kailash becomes a suspect, is arrested, charged, and sentenced to 12 years in prison. After he completes his sentence he returns home to find out that Savitri and Kishan are not traceable. He also finds out that he was framed for the bank robbery by none other than Shankar, who is now the Mayor of this town. In the meantime, Kishan, now grown up, goes to take Sanam home with him as his bride. She refuses to do so, but he forcibly takes her, so Sanam decides to go along too. What Kishan does know is that Sanam to get married to Pradeep, the only son of millionaire Lalla, but before doing that she wants to publicly humiliate Kishan and Savitri.",
    "genres" : [ ]
  }, {
    "id" : 161417,
    "title" : "Saugandh",
    "overview" : "Story of love and war",
    "genres" : [ ]
  }, {
    "id" : 161422,
    "title" : "The Orkly Kid",
    "overview" : "Larry (Crispin Glover) organizes a talent show in an attempt to get on TV but the small town of Orkly, Idaho, isn't ready for his Olivia Newton-John impersonation.",
    "genres" : [ {
      "id" : 35,
      "name" : "Comedy"
    } ]
  }, {
    "id" : 161427,
    "title" : "REO Speedwagon: Live in the Heartland",
    "overview" : "Captured in high-definition and mixed in 5.1 surround sound. REO Speedwagon: Live in the Heartland presents Kevin Cronin (lead vocals, guitar), Bruce Hall (bass), Neal Doughty (keyboards), Dave Amato (lead guitar) and Bryan Hitt (drums) performing a full-throttle, 16-song set that spans the band’s celebrated 35-year career – from the Number 1 charting \"Keep on Loving You\" and \"Can't Fight This Feeling\" to hits from their most recent album release \"Find Your Own Way Home\".",
    "genres" : [ {
      "id" : 10402,
      "name" : "Music"
    } ]
  }, {
    "id" : 161437,
    "title" : "Deedar",
    "overview" : "Anand Malhotra, the only son of a very wealthy industrialist, Kailanshnath Malhotra is in love with the only daughter of a widowed schoolteacher, Gayetri Saxena, whose name is Sapna Saxena. His mom and dad find out about his romance, and decide to get him married to her. On the day of the engagement, Gayetri and Sapna lock their door and spend the week elsewhere. Kailashnath and his wife are outraged by this humiliation and swear never to marry their son to Sapna. Anand is perplexed at this, and attempts to find from Gayetri, as to her refusal, but Gayetri refuses to tell him anything. Anand knows that Sapna loves him, and is determined to find out why their marriage is not possible. Little does he know that by doing so, he could be challenging Gayetri's widowhood, as well as putting his dad and his business in jeopardy.",
    "genres" : [ ]
  }, {
    "id" : 161442,
    "title" : "Waqt Hamara Hai",
    "overview" : "One-time rival collegians, Vikas Sabkuchwala and Sunil, are now friends and in love with sisters Ayesha and Mamta Vidrohi, who they would like to marry. But their politician father wants a size-able dowry as well as well-placed sons-in-laws, and refuses to have to do anything with them. The foursome get together and arrange the fake kidnapping of the sisters so as to extort a large sum of money from Vidrohi. Things go completely out of control and awry, when Vikas and Sunil find out that the kidnapping has taken place - not by them - but by notorious international terrorist and seemingly invincible Colonel Chikara.",
    "genres" : [ ]
  }, {
    "id" : 161447,
    "title" : "Yeh Dillagi",
    "overview" : "Sapna, the daughter of the Saigal family's driver is a simple fun-loving girl, but her dreams are not as simple. She dreams about riches and day-dreams about her dream man. Vijay Saigal and Vicky Saigal, both heirs to Saigal Industries have almost all the qualities of a dream man. Almost. Because \"All work and no play\" makes Vijay a dull boy and \"All play and no work\" makes Vicky and outrageous flirt, as he does not believe in the affairs of the hearts, but only in affairs. But then even Sapna is not made of the stuff, dream girls are made of. Not until she becomes a successful model and transforms into a beautiful girl. That's when she become Vicky's dream girl. But Sapna's success hasn't changed her status. She is still the driver's daughter and Mrs. Shanti Devi may overlook her son's affairs with rich girls but not with a driver's daughter...",
    "genres" : [ ]
  }, {
    "id" : 161452,
    "title" : "The Talking Parcel",
    "overview" : "The Talking Parcel is based on a 1974 book by Gerald Durrell in which a young girl is transported to the fantasy land of Mythologia to save it from cockatrices.  She is aided by a talking parrot and encounter many other magical creatures, including a mooncalf.",
    "genres" : [ ]
  }, {
    "id" : 161457,
    "title" : "Paandav",
    "overview" : "Inspector Vijay lives with his elder brother, Assistant Commissioner of Police, Ashwini Kumar; and sister-in-law, Jyoti, in a upper middle-class community in India. Assigned an investigation, which leads Vijay to conclude that the crime was committed by K.K. Kelva's man, he risks his life to arrest him, and hold him in prison until such time a date is fixed for a court hearing. Vijay also interrogates his prisoner, often using excessive force. Shortly thereafter, Vijay is instructed to release the prisoner - and the person who instructs him thus is no other than his very own brother, Ashwini, who it seems on the pay-roll of Kelva and his gangsters. What can Vijay possibly do to bring an end to this illicit relationship?",
    "genres" : [ ]
  }, {
    "id" : 161462,
    "title" : "Tony Carreira - Ao Vivo No Pavilhão Atlântico",
    "overview" : "",
    "genres" : [ ]
  }, {
    "id" : 161477,
    "title" : "Who by Water",
    "overview" : "Drawing from a passage from the Rosh Hashana Service, “Who shall live, who shall die… who by water, who by fire,” this short film deals with that which has been preordained—a future history that will in time unfold before us as the faces of passengers on a ship forces us to contemplate our own fate.",
    "genres" : [ ]
  }, {
    "id" : 161482,
    "title" : "The Coalition",
    "overview" : "A group of women form an unlikely alliance to get their revenge on a pro athlete and his three friends who played them. The guys are used to getting what they want when they want it, but that's all about to change.",
    "genres" : [ {
      "id" : 18,
      "name" : "Drama"
    }, {
      "id" : 10749,
      "name" : "Romance"
    } ]
  }, {
    "id" : 161497,
    "title" : "I'm Getting a Yacht",
    "overview" : "A dentist buys a small yacht and takes his two children on a cruise of the Mediterranean. His ex-wife stows away to keep an eye on the children and the inevitable happens.",
    "genres" : [ {
      "id" : 35,
      "name" : "Comedy"
    } ]
  }, {
    "id" : 161502,
    "title" : "Tornado Warning",
    "overview" : "A scientist (Gerald McRaney) perfects a tornado-warning system and tries to convince residents of a nearby town that a deadly twister is approaching.",
    "genres" : [ ]
  }, {
    "id" : 161507,
    "title" : "Landscapes 2 on Vimeo",
    "overview" : "Landscapes: Volume 2 is the second of a three part series. Every frame of this video is a raw still from a Canon 5D2 DSLR and processed with Adobe software. In Volume 2 I again show off my beautiful home state of Arizona and I also made several trips to Utah. This video has some iconic landmarks that we have seen before. I felt that showing them again with motion controlled HDR and/or night timelapse would be a new way to see old landmarks.",
    "genres" : [ ]
  }, {
    "id" : 161512,
    "title" : "Mission to Moscow",
    "overview" : "Ambassador Joseph Davies is sent by FDR to Russia to learn about the Soviet system and returns to America as an advocate of Stalinism.",
    "genres" : [ {
      "id" : 10752,
      "name" : "War"
    }, {
      "id" : 18,
      "name" : "Drama"
    } ]
  }, {
    "id" : 161517,
    "title" : "Attentat",
    "overview" : "",
    "genres" : [ {
      "id" : 18,
      "name" : "Drama"
    } ]
  }, {
    "id" : 161522,
    "title" : "Fatty Joins the Force",
    "overview" : "Fatty rescues the daughter of the police commisioner and is given a job as an officer as a reward, but its not all its cracked up to be!",
    "genres" : [ {
      "id" : 35,
      "name" : "Comedy"
    } ]
  }, {
    "id" : 161527,
    "title" : "Pearl Diver",
    "overview" : "Divided by the same family tragedy that once bonded them closer than ever before, two grown siblings left with numerous unanswered questions regarding their mother's murder struggle to find a common ground after the daughter of one is badly injured in a horrific farming accident. Marian and her younger sister Hanna were forever scarred when, one fateful night twenty years ago, their mother was murdered under mysterious circumstances. In the aftermath of the murder, Marian remained in the Mennonite farming community where the pair were raised, giving birth to a little girl as Hanna departed for Chicago to launch her writing career. One day, when Marian's six year old daughter Rebecca is injured in a terrible farming accident, Hanna returns home intending to help her sister and niece.",
    "genres" : [ ]
  }, {
    "id" : 161542,
    "title" : "Con el odio en la piel",
    "overview" : "After group of racist cops from Texas kill his brother, a young Mexican man stands up to the corrupt bunch in this action-drama.",
    "genres" : [ ]
  }, {
    "id" : 161547,
    "title" : "Piano Tooners",
    "overview" : "Tom and Jerry (the human versions, not the cat and mouse) work as piano tuners. After seeing them at work and several creative ways of tuning a piano (such as removing the offending key and cutting the key itself to a shorter length), the two attend an opera singers performance. The singer passes out when the piano plays a wrong note, and Tom and Jerry are pressed into service to re-tune the piano. After pulling the offending key from the keyboard like a bad tooth, the two give the opera audience a jazz piano performance, with the now recovered opera singer joining in.",
    "genres" : [ ]
  }, {
    "id" : 161552,
    "title" : "Bosko and Honey",
    "overview" : "Honey is a music teacher; her pupil is a kitten who hates playing the violin. No matter what she does to correct him, the kitten plays horribly. She phones Bosko, who is asleep. Bosko's dog, Bruno, tries to wake him but fails. He answers the phone himself by knocking off the receiver and barking into the speaker. Honey asks Bruno to wake up Bosko, so the dog tries again. Even the phone does its part by sprouting hands and arms, which it uses to whistle and knock its receiver on the floor. Bosko finally answers and tells Honey he'll be right over. When Bosko arrives at Honey's place, the two of them sing and dance and play music. The kitten expresses its disdain by dumping bathwater into Bosko's saxophone, but Bosko continues to play as bubbles emerge from the bell. Honey dances on the soap bubbles, safely descending from her balcony to the ground as they pop. The kitten is soon forgotten as Bosko and Honey go for a bicycle ride... Written by J. Spurlin",
    "genres" : [ {
      "id" : 16,
      "name" : "Animation"
    }, {
      "id" : 35,
      "name" : "Comedy"
    } ]
  }, {
    "id" : 161557,
    "title" : "Nursery Scandal",
    "overview" : "Mother Goose and a scarecrow are having a secret romance.",
    "genres" : [ {
      "id" : 16,
      "name" : "Animation"
    } ]
  }, {
    "id" : 161562,
    "title" : "Girls Behaving Badly",
    "overview" : "Angel longs for dirty dongs. She's such a filthy lass. Danny pumps her pussy while Omar fucks her ass. Then Ian Tate the filthy mutt rams rock hard cock up Karlie's butt. The dirty doggie doesn't care. His baby paste flies through the air. The sordid truth of Shay Hendrix is her addiction to big pricks. Black Elvis with his thick tubesteak is almost more than she can take. Seb Cam in bondage on the floor, the prisoner of a sleazy whore. Rebecca's that nasty brass. A fuck machine deep in her ass. Paige bends to lick the chauffeur's boot. A diamond jammed in her poopshoot - she cannot keep her asshole dry as pints of spunk begin to fly.",
    "genres" : [ ]
  }, {
    "id" : 161567,
    "title" : "Accordeonissi-mots",
    "overview" : "",
    "genres" : [ ]
  }, {
    "id" : 161572,
    "title" : "A Great Big Bunch of You",
    "overview" : "A mannequin in the city dump improvises a piano from the junk to play and sing the title song The various animals and pieces of junk all join in.",
    "genres" : [ {
      "id" : 10402,
      "name" : "Music"
    }, {
      "id" : 16,
      "name" : "Animation"
    }, {
      "id" : 35,
      "name" : "Comedy"
    } ]
  }, {
    "id" : 161577,
    "title" : "The Electric Chair",
    "overview" : "Prohibition-era thriller.",
    "genres" : [ {
      "id" : 80,
      "name" : "Crime"
    }, {
      "id" : 18,
      "name" : "Drama"
    } ]
  }, {
    "id" : 161582,
    "title" : "Free Eats",
    "overview" : "The kids help capture a family of thieves.",
    "genres" : [ ]
  }, {
    "id" : 161597,
    "title" : "Murder in Soho",
    "overview" : "A London nightclub hostess (Sandra Storme) pretends to fall for the mobster (Jack La Rue) who killed her husband.",
    "genres" : [ ]
  }, {
    "id" : 161602,
    "title" : "Calling Bulldog Drummond",
    "overview" : "The British sleuth (Walter Pidgeon) leaves retirement to help a Scotland Yard woman (Margaret Leighton) catch thieves armed with radar.",
    "genres" : [ {
      "id" : 9648,
      "name" : "Mystery"
    }, {
      "id" : 80,
      "name" : "Crime"
    } ]
  }, {
    "id" : 161607,
    "title" : "Stormy Seas",
    "overview" : "Someone spit (Flip The Frog) and the saliva turns into a tiny human who then dances on the ship deck; someone (Flip) roll up their sleeves and get a complete dance routine out of a tattoo and then the owner slaps the buttocks of the female dancer; a skunk comes out of an accordion, gets thrown in the sea and fish all jump out and run on top of the water while holding their noses! And - all of this is just in the first minute of this wild Flip The Frog cartoon from UB Iwerks.",
    "genres" : [ ]
  }, {
    "id" : 161617,
    "title" : "Let Me Call You Sweetheart",
    "overview" : "Betty Boop, a nursemaid, meets a masher in the park; with the Bouncing Ball, Ethel Merman sings the title song.",
    "genres" : [ ]
  }, {
    "id" : 161622,
    "title" : "Phoney Express",
    "overview" : "Flip is a stagecoach driver. A villain, politically incorrect-looking bandit Bronx Cheerio (for whom there's a $10,000 reward, dead or alive), holds up the stagecoach and takes the female passenger until Flip steps up and rescues her.",
    "genres" : [ ]
  }, {
    "id" : 161627,
    "title" : "The Duck Hunt",
    "overview" : "Mickey and Pluto go duck hunting, stopping to jam to \"Columbia, Gem of the Ocean.\" The ducks get their own back, carrying the hunters through the air and dropping them on a clothesline.",
    "genres" : [ {
      "id" : 16,
      "name" : "Animation"
    } ]
  }, {
    "id" : 161632,
    "title" : "Ride Him, Bosko",
    "overview" : "Ride Him, Bosko! is a western-flavored cartoon with lots of shooting gags involving body reduction, and card characters singing! There's also an alcohol gag that has a really strong one turning a male piano player into a woman instantly!",
    "genres" : [ {
      "id" : 16,
      "name" : "Animation"
    }, {
      "id" : 35,
      "name" : "Comedy"
    } ]
  }, {
    "id" : 161637,
    "title" : "The Pooch",
    "overview" : "Stymie spots a dogcatcher taking the gang's dogs and lets them out of the dogcatcher's truck. But the gang thinks Stymie is stealing their dogs and threaten him. When it's learned that Stymie actually was rescuing their pets and that the dogcatcher now has Stymie's dog Petey in custody, the gang helps him in his attempt to save Petey before the dogcatcher can gas him.",
    "genres" : [ ]
  }, {
    "id" : 161647,
    "title" : "The Betty Boop Limited",
    "overview" : "On a special train, Betty's show troupe rehearses: Betty sings, Bimbo juggles, and Koko does a soft-shoe. The train itself also does tricks.",
    "genres" : [ {
      "id" : 14,
      "name" : "Fantasy"
    }, {
      "id" : 16,
      "name" : "Animation"
    }, {
      "id" : 35,
      "name" : "Comedy"
    } ]
  }, {
    "id" : 161652,
    "title" : "Uncle Tom and Little Eva",
    "overview" : "What we got here is a re-telling of Uncle Tom's Cabin (as if no one could guess) with a lot of music and dancing.",
    "genres" : [ ]
  }, {
    "id" : 161662,
    "title" : "The Robot",
    "overview" : "Bimbo is a mechanic whose girlfriend (not Betty) agrees to marry him if he wins a fight against \"One-Round Mike.\" Quick as a wink, he transforms his car into a robot to help him in the ring!",
    "genres" : [ {
      "id" : 10749,
      "name" : "Romance"
    }, {
      "id" : 16,
      "name" : "Animation"
    }, {
      "id" : 35,
      "name" : "Comedy"
    } ]
  }, {
    "id" : 161667,
    "title" : "Satin Steel",
    "overview" : "Jade Leung, who delivers a lethal kick, the deadly and awesome cop who teams with policewoman Anita Lee track an arms dealer in Singapore. The fighting and stuntwork in this action film has audiences cheering for the women when they show their stuff.",
    "genres" : [ ]
  }, {
    "id" : 161672,
    "title" : "The Oxbow Cure",
    "overview" : "The Oxbow Cure is a winter tale of Lena, a middle-aged woman who has recently been diagnosed with a life-altering disease. In an attempt to come to terms with her transforming body, she leaves her home in the city for a new life in remote northern Ontario. While exploring the natural world outside her cottage, she begins to create an interior routine. A frozen lake, mere steps from her front door, is a source of both fear and fascination.",
    "genres" : [ {
      "id" : 18,
      "name" : "Drama"
    }, {
      "id" : 27,
      "name" : "Horror"
    }, {
      "id" : 878,
      "name" : "Science Fiction"
    } ]
  }, {
    "id" : 161687,
    "title" : "The Ballad of Ramblin' Jack",
    "overview" : "With the help of her mother, family, friends, and fellow musicians, Aiyana Elliott reaches for her father, legendary cowboy troubadour, Ramblin' Jack Elliott. She explores who he is and how he got there, working back and forth between archival and contemporary footage. Born in 1932 in Brooklyn, busking through the South and West in the early 50s, a year with Woody Guthrie, six years flatpicking in Europe, a triumphant return to Greenwich Village in the early 60s, mentoring Bob Dylan, then life on the road, from gig to gig, singing and telling stories. A Grammy and the National Medal of Arts await Jack near the end of a long trail. What will Aiyana find for herself?",
    "genres" : [ {
      "id" : 10402,
      "name" : "Music"
    }, {
      "id" : 99,
      "name" : "Documentary"
    } ]
  }, {
    "id" : 161692,
    "title" : "The Night God Screamed",
    "overview" : "A woman is persecuted by Jesus freaks after they've crucified her preacher husband.",
    "genres" : [ {
      "id" : 80,
      "name" : "Crime"
    }, {
      "id" : 27,
      "name" : "Horror"
    } ]
  }, {
    "id" : 161702,
    "title" : "The Blonde",
    "overview" : "Valerie Vincent was Hollywood's reigning blonde sex queen until her mysterious and tragic death. Now, several years later, every aspiring actress is vying to play her in the steamy new motion picture based on Valerie's life. Along the way some strange facts are discovered about Valerie's disappearance and some rather shocking ones about her early film career. Annette Haven, the reigning queen of adult movie land, appears in the dual role of Valerie and an aspiring actress hoping to play her. Along with Annette, the Lewis Brothers of Detroit have brought together the exciting Brooke West, Bonnie Holiday and introducing oriental beauty Mai Lin. Hollywood has for years exploited and enjoyed its platinum queens, and now adult film land has its own. Annette Haven is The Blonde.",
    "genres" : [ ]
  }, {
    "id" : 161707,
    "title" : "Doraemon: Nobita and the Animal Planet",
    "overview" : "A mysterious pink fog takes Nobita, Doraemon, Shizuka, Suneo, and Jyaian to a planet populated by animals. Legend says that the ancestors of this population used to live on the moon, but were transported out of there to escape from the voracious creatures that lived there too. Nobita and his friends curiously explore this distinct planet until they discover the secret behind the strange fog.  Nobita went to a world of animals through the \"Wherever Gas\", the substance to let you travel anywhere, same as the \"Wherever Door\" Doraemon uses. They came across with Chippo, a boy who looks like a dog and very adventurous. A group called Numiges plans on taking over the animal planet. Doraemon and friends plan to stop them with the animal's help.",
    "genres" : [ {
      "id" : 14,
      "name" : "Fantasy"
    }, {
      "id" : 16,
      "name" : "Animation"
    }, {
      "id" : 12,
      "name" : "Adventure"
    } ]
  }, {
    "id" : 161717,
    "title" : "The Charm of Others",
    "overview" : "Hyper-realistic, comic drama about a group of workers in a small Japanese vending-machine factory. The young men gossip in their grubby canteen about women and each other. In order to drive out the boredom, they play soccer on the colourless industrial site.  The relationships do not entirely run smoothly: ‘senior’ employee Takahashi enjoys making his colleague Yoda feel every day that he is at the bottom of the ladder. Yoda barely reacts. In the meantime, Sakata, a cheerful kid, tries in vain to make friends with the taciturn Yoda.  This ensemble film shows in a dryly comic way the everyday lives of these so very normal Japanese kids, who still have one foot in childhood, but need to make choices as adults. The director himself plays the lead of the charming Sakata, who closely observes his colleagues. As he does in the role of filmmaker: his clear gaze soon reveals how it all fits together.",
    "genres" : [ {
      "id" : 18,
      "name" : "Drama"
    } ]
  }, {
    "id" : 161722,
    "title" : "In the Darkroom",
    "overview" : "Documentary about the German Magdalena Kopp, wife and accomplice of political terrorist Carlos the Jackal. The film takes the audience on Magdalena Kopp’s and her daughter's journey beyond the shadows of his myth.",
    "genres" : [ ]
  }, {
    "id" : 161732,
    "title" : "How to Make Love to a Negro Without Getting Tired",
    "overview" : "A warm summer in Montreal. Two black men, Man and Bouba, share an apartment. Man is an ambitious author, writing on The Great Novel. Bouba is a lazy amateur philosopher who quotes the Koran. Man's habit of picking up young white women makes many young white men jealous...",
    "genres" : [ {
      "id" : 35,
      "name" : "Comedy"
    } ]
  } ]
}