{
  "movies" : [ {
    "id" : 192442,
    "title" : "Will You Kill For Me?  Charles Manson and His Followers",
    "overview" : "The Charles Manson murders, what really happened. A documentary that tries to tell the story of the murders while at the same time asking what power did Manson really have over the people doing the killing.",
    "genres" : [ ]
  }, {
    "id" : 192452,
    "title" : "Hot Times at Montclair High",
    "overview" : "It's a new year at Montclair High and it's about to become the most tumultuous time for this year's senior crop. At Montclair High School, three different students bond with one another through a variety of comic, dramatic and episodic circumstances. Star jock Sean (Ross Hamilton) has it all, including the girl (Kim Valentine) and the scholarship. But when he fails an important exam and his girlfriend's life is endangered by a sleazy musician, Sean enlists a class clown (Brent Jasmer) and a sex-starved computer geek (Jonathan Gorman) for the ultimate revenge.",
    "genres" : [ {
      "id" : 35,
      "name" : "Comedy"
    } ]
  }, {
    "id" : 192457,
    "title" : "Story of Mégane",
    "overview" : "\"My name is Megane and how you're going to see it, I became a sex addicted in all its forms. My first bow job? I was very young, almost a kid. But today, I live intensely my sexual urges and I assume them\"  So, during a movie time, Megane and her partners break the taboos and release in front of you all you couldn't even dare imagine in your everyday life.",
    "genres" : [ ]
  }, {
    "id" : 192462,
    "title" : "Lily Carter is Irresistible",
    "overview" : "Lily Carter defies convention. She combines Supermodel beauty with an insatiable sexual appetite. She is the definition of a superstar and simply irresistible. Featuring five unforgettable hardcore scenes that will leave your jaw firmly fixed to the floor. Including Lily's 1st DP and 1st DAP, and also starring Anikka Albrite and Lizz Tayler. Directed by the award winning, William H.",
    "genres" : [ ]
  }, {
    "id" : 192477,
    "title" : "The Vanishing Riders",
    "overview" : "Sheriff Bill Jones, in the line of duty, kills outlaw Joe Land and adopts his young son, Tim. They come upon a former silver boomtown, reputed to be haunted, whose only inhabitant is Hiram McDuff, a friend of Bill's. Ranch owner Joan Stanley hires Bill and Tim. Her father has been killed by the gang of Wolf Larson. By mistake, McDuff hires the Larson gang on as ranch hands for Joan. They plan to steal the stock while Bill is away. Tim overhears the plot and informs Bill. Bill and Tim use ghost makeup, skeleton sheets (even outfitting their horses with skeleton-looking blankets) and tricks to rout the superstitious gang members...",
    "genres" : [ {
      "id" : 37,
      "name" : "Western"
    } ]
  }, {
    "id" : 192507,
    "title" : "E adesso sesso",
    "overview" : "",
    "genres" : [ {
      "id" : 35,
      "name" : "Comedy"
    } ]
  }, {
    "id" : 192512,
    "title" : "Mauá - O Imperador e o Rei",
    "overview" : "A movie about a Brazilian entrepreneur who rivalled American's richest man at his time, well-known Rockfeller. Irineu Evangelista de Souza in 1867 had $155.000 contos de reis, meanwhile the Brazilian Governement annual budget was 97.000 contos de reis. The movie shows his life from poverty to riches and back to poverty again, as is common in Brazil, rich people die poor.",
    "genres" : [ {
      "id" : 36,
      "name" : "History"
    }, {
      "id" : 18,
      "name" : "Drama"
    } ]
  }, {
    "id" : 192562,
    "title" : "The Test",
    "overview" : "A fur trapper catches another trapper trying to steal his furs. He stops the thief, but later on the furs are stolen anyway. Rin Tin Tin Jr. tracks down the thief to try to get the furs back.",
    "genres" : [ {
      "id" : 28,
      "name" : "Action"
    }, {
      "id" : 12,
      "name" : "Adventure"
    } ]
  }, {
    "id" : 192572,
    "title" : "All Together Now",
    "overview" : "Youth, in all its messy, drunken glory, is the connective thread at an all night noise-rock concert in the woods, where a motley assortment of music lovers prove that it isn’t always darkest before the dawn.",
    "genres" : [ ]
  }, {
    "id" : 192577,
    "title" : "Space Pirate Captain Harlock",
    "overview" : "Space Pirate Captain Harlock and his fearless crew face off against the space invaders who seek to conquer the planet Earth.",
    "genres" : [ {
      "id" : 16,
      "name" : "Animation"
    }, {
      "id" : 878,
      "name" : "Science Fiction"
    } ]
  }, {
    "id" : 192582,
    "title" : "Skull and Crown",
    "overview" : "Rin-Tin-Tin brings the killer of his mistress to justice.",
    "genres" : [ {
      "id" : 28,
      "name" : "Action"
    }, {
      "id" : 12,
      "name" : "Adventure"
    } ]
  }, {
    "id" : 192587,
    "title" : "Joni Mitchell - Refuge of the Roads",
    "overview" : "Nearly 15 years after its initial release on VHS, Joni Mitchell’s critically acclaimed Refuge Of The Roads concert film is available on DVD. This legendary 1983 show, filmed on a soundstage at the end of a successful tour, is highlighted by her version of \"Woodstock\" (a hit for Crosby, Stills, Nash and Young), \"For Free\" and \"Raised On Robbery,\" as well as clips from intimate home movies shot during the tour.  Mitchell’s love affair with jazz/rock was in full swing during the tour, and she brought with her a great band: keyboardist Russell Ferrante (Yellowjackets), guitarist Michael Landau, bassist (and husband) Larry Klein, and drummer Vinnie Colaiuta. The ensemble seamlessly wove elements of jazz, pop, rock and folk together, while Mitchell’s incomparable lyrics gracefully floated above it all.",
    "genres" : [ {
      "id" : 10402,
      "name" : "Music"
    }, {
      "id" : 99,
      "name" : "Documentary"
    } ]
  }, {
    "id" : 192617,
    "title" : "Trigger Tom",
    "overview" : "Tom Hilton and Stub Macey are heading to the Jergenson ranch to buy his cattle. But Jeckyl and Sheriff Slater control the cattle market forcing the ranchers to buy at their price and they intend to keep the newcomers out.",
    "genres" : [ ]
  }, {
    "id" : 192642,
    "title" : "Castle Eros",
    "overview" : "This was a good softcore video from Playboy/Image. They've done better, but this is still easy to recommend.  There's a little threadbare story to tie all the action together. The tone of the video is upbeat throughout. Nobody gets mad at anybody, nobody's life is in danger, and there are no bad guys.  The sex scenes were good, but I've seen better in other Playboy/Image videos. A lot of them seemed to end too soon... that is, there was no \"climax\", or it was so underplayed that I must have missed it. If these scenes had been longer and ended better, I would have given it a higher rating.  The actresses were all attractive. Holly Sampson was the real highlight for me. She is in two scenes. Catalina Larranaga has one scene that was excellent. Amber Karney, who I've never seen before, was in several scenes, and was good. She put a lot of energy into her performances.",
    "genres" : [ {
      "id" : 14,
      "name" : "Fantasy"
    }, {
      "id" : 10749,
      "name" : "Romance"
    } ]
  }, {
    "id" : 192652,
    "title" : "Roaring Roads",
    "overview" : "Young David Morton, heir to millions, has been over-zealously restrained from normal youthful activities by his two old-maid Aunts, Harriet and Agatha. In an outburst from his confinement, he meets lovely Gertrude, and promises to race her injured-brothers car in the Big Race. Between the gangsters trying to win the race by disabling him, and his bungling bodyguards trying to bring him home safely, David has a battle to win the race and Gertrude's heart.",
    "genres" : [ ]
  }, {
    "id" : 192657,
    "title" : "Whitesnake: Made in Japan",
    "overview" : "Live performance from British rock band Whitesnake, recorded at Japan's 2011 Loud Park Festival at Saitama Super Arena in Saitama City.",
    "genres" : [ {
      "id" : 10402,
      "name" : "Music"
    } ]
  }, {
    "id" : 192677,
    "title" : "Nandanam",
    "overview" : "Balamani is the housemaid looking after Unni Amma. There are three more housemaids in the house but it is Balamani's duty to look after them too. Balamani is a devotee of Guruvayoorappan (Lord Krishna of Guruvayoor). But she could never visit the Guruvayoor temple, though her house is very near to the temple. Unni Amma's grandson Manu comes to spend a couple of weeks with Unni Amma before he goes to USA. Manu and Balamani fall in love but the whole family is against their union. Will Balamani's friend Guruvayoorappan (Lord Krishna of Guruvayoor) come to their help..?",
    "genres" : [ {
      "id" : 10749,
      "name" : "Romance"
    }, {
      "id" : 10751,
      "name" : "Family"
    } ]
  }, {
    "id" : 192682,
    "title" : "Loss of Faith",
    "overview" : "",
    "genres" : [ {
      "id" : 53,
      "name" : "Thriller"
    }, {
      "id" : 18,
      "name" : "Drama"
    } ]
  }, {
    "id" : 192687,
    "title" : "Onbadhule Guru",
    "overview" : "Billa, Ranga and Kochadaiyaan are dissatisfied with their respective marriages. Along with their friend Guru, who is about to marry, they resolve to turn bachelors once again and live life to the fullest.",
    "genres" : [ {
      "id" : 35,
      "name" : "Comedy"
    } ]
  }, {
    "id" : 192692,
    "title" : "Centre Forward",
    "overview" : "In-Son, a young benchwarmer with aspirations of breaking into the first team, which is littered with established stars. The opening game of the season hands him his opportunity, but his lack of experience coupled with the expectation of the crowd leave him with little success on the pitch. The side loses, forcing the manager and the team back to the drawing board.",
    "genres" : [ {
      "id" : 18,
      "name" : "Drama"
    } ]
  }, {
    "id" : 192697,
    "title" : "Katatonia: The Black Sessions",
    "overview" : "The Black Sessions is a best-of album from Katatonia. It contains the material from Katatonia's 1998-2003 era, which mainly consists of goth rock/doom metal material. This is the live performance by Katatonia in Krakow, Poland, while Katatonia was touring in support of Viva Emptiness.  1.Ghost of the Sun\r 2.Criminals\r 3.Teargas\r 4.I Break\r 5.I Am Nothing\r 6.Sweet Nurse\r 7.Tonight's Music\r 8.For My Demons\r 9.Chrome\r 10.Future of Speech\r 11.Complicity\r 12.Burn the Rememberance\r 13.Evidence\r 14.Deadhouse\r 15.Murder",
    "genres" : [ {
      "id" : 10402,
      "name" : "Music"
    } ]
  }, {
    "id" : 192707,
    "title" : "Red Hot Chili Peppers: [2012] Rock Im Pott",
    "overview" : "Near perfect quality Pro-shot Broadcast recording of Red Hot Chili Peppers, recorded live at the Rock IM Pott, at Veltins Arena, in Gelsenkirchen, Germany on July, 7th, 2012.",
    "genres" : [ {
      "id" : 10402,
      "name" : "Music"
    } ]
  }, {
    "id" : 192712,
    "title" : "Kite",
    "overview" : "Based on the groundbreaking, cult classic anime, KITE tells the story of Sawa, a young woman living in a corrupt society where crime and gangs terrorize the streets. When Sawa's mother and policeman father are found victims of a grisly double homicide, she begins a ruthless pursuit for the man who murdered them. With the help of her father's ex-partner, Karl Aker, and a mysterious friend from her past, she becomes a merciless teen assassin, blasting her way through the dark world of human trafficking only to uncover a devastating truth",
    "genres" : [ {
      "id" : 18,
      "name" : "Drama"
    }, {
      "id" : 28,
      "name" : "Action"
    } ]
  }, {
    "id" : 192717,
    "title" : "Girl with an Itch",
    "overview" : "Ben Cooper, an old farmer, falls in love with the young blond hitchhiker Mari Lou. She falls in love with Ben Coopers money. But, will he have enough to make her happy?",
    "genres" : [ ]
  }, {
    "id" : 192727,
    "title" : "Arms and the Man",
    "overview" : "1865: Swiss captain Bluntschli fights as mercenary in the war between Bulgaria and Serbia. When his group's attacked by a few Bulgarian troopers, he learns that he's got the wrong ammunition for his cannon and has to flee. His flight leads him right into the bedroom of his enemy's fiancée.",
    "genres" : [ {
      "id" : 35,
      "name" : "Comedy"
    }, {
      "id" : 10749,
      "name" : "Romance"
    } ]
  }, {
    "id" : 192732,
    "title" : "The Second Meeting",
    "overview" : "An American stealth-bomber pilot shot down over Serbia meets his enemy a dozen years later, in peace, and in friendship.",
    "genres" : [ {
      "id" : 99,
      "name" : "Documentary"
    } ]
  }, {
    "id" : 192737,
    "title" : "De spooktrein",
    "overview" : "A group of travelers find themselves stranded for the night at a deserted train station, which according to the old stationmaster, has been haunted for the last 20 years.",
    "genres" : [ {
      "id" : 27,
      "name" : "Horror"
    }, {
      "id" : 35,
      "name" : "Comedy"
    }, {
      "id" : 80,
      "name" : "Crime"
    } ]
  }, {
    "id" : 192742,
    "title" : "Rainbow's End",
    "overview" : "A rancher's son finds himself helping another rancher who is at odds with his father--all because of the father's crooked partner.",
    "genres" : [ ]
  }, {
    "id" : 192762,
    "title" : "Dief!",
    "overview" : "This is the real story of Frans Van Reeth, a small time crook who spent most of his life in jail. In an hour and a half we learn all about the love of his life, his inmates, his adventures in and out of prison and the way he ends up.",
    "genres" : [ {
      "id" : 80,
      "name" : "Crime"
    } ]
  }, {
    "id" : 192767,
    "title" : "Noble",
    "overview" : "Christina Noble overcomes the harsh difficulties of her childhood in Ireland to discover her destiny on the streets of Saigon. A true story.",
    "genres" : [ {
      "id" : 18,
      "name" : "Drama"
    } ]
  }, {
    "id" : 192792,
    "title" : "No desearás al vecino del quinto",
    "overview" : "Spanish comedy.",
    "genres" : [ {
      "id" : 35,
      "name" : "Comedy"
    } ]
  }, {
    "id" : 192797,
    "title" : "Défilé de jeunes filles au lycée",
    "overview" : "No Overview",
    "genres" : [ ]
  }, {
    "id" : 192807,
    "title" : "Cross Streets",
    "overview" : "A man falls in love with a young woman, only to discover that she's the daughter of an ex-girlfriend who jilted him almost 20 years before.",
    "genres" : [ ]
  }, {
    "id" : 192817,
    "title" : "The Tonto Kid",
    "overview" : "Lawyer Creech is after the ranch of the dying Cartwright. First he brings in Cahill to pose as the only living relative. Then when the Tonto Kid finds platinum on the ranch, Creech frames him for murder.",
    "genres" : [ {
      "id" : 37,
      "name" : "Western"
    } ]
  }, {
    "id" : 192822,
    "title" : "The Crossing",
    "overview" : "Two young Australians decide to go on an adventure to become the first to cross Victoria Island unsupported. Alone and high in the Canadian Artic, to say it doesn't go to plan is an understatement.",
    "genres" : [ {
      "id" : 99,
      "name" : "Documentary"
    }, {
      "id" : 12,
      "name" : "Adventure"
    } ]
  }, {
    "id" : 192837,
    "title" : "Encore Vol.12 : Saki Kozakura",
    "overview" : "Intense passion with a flawless Japanese Goddess. She is pure sex incarnate",
    "genres" : [ ]
  }, {
    "id" : 192842,
    "title" : "Souten",
    "overview" : "Shyam an ambitious young man is in Mauritius to fulfill his dreams. He meets Rukmini, a millionaire's daughter. They fall in love and get married despite strong opposition from Rukmani's stepmother and brother. Shyam would love to be a father, but Rukmani undergoes an operation to stop any pregnancy, as she is least interested in becoming a mother. This widens the gap between the couple. Rukmini even suspects Shyam of having an illicit relationship with Radha, a librarian. Rukmini's stepmother and uncle, who have an eye on Rukmini's wealth, further fuel the misunderstanding to the point of breaking their marriage.",
    "genres" : [ {
      "id" : 18,
      "name" : "Drama"
    }, {
      "id" : 10749,
      "name" : "Romance"
    } ]
  }, {
    "id" : 192852,
    "title" : "Twisted Rails",
    "overview" : "A railroad employee finds out the identity of \"The Wrecker\", a criminal who is deliberately causing trains to crash. However, before he can disclose the crook's name, he is shot and killed. A passenger aboard the train volunteers to go after the killer and bring \"The Wrecker\" to justice.",
    "genres" : [ ]
  }, {
    "id" : 192857,
    "title" : "Zombie Musical",
    "overview" : "Being a teenager gets a whole lot more complicated for Anna when a zombie outbreak forces her and her friends to fight their way to their high school to rescue their parents. Singing and dancing their way to escape, they find they have to contend with more than just the vicious undead. This action-packed musical comedy promises to be a fresh twist on the zombie genre.",
    "genres" : [ ]
  }, {
    "id" : 192862,
    "title" : "Satan Was A Lady",
    "overview" : "Wishman's plot rotates around the maneuverings of a whore who longs for a touch of mink and a seat at the finer tables in life. Blackmail, betrayal, murder and malice are all part of her tender trade. Lord help anyone who lays in her way.",
    "genres" : [ {
      "id" : 18,
      "name" : "Drama"
    } ]
  }, {
    "id" : 192867,
    "title" : "Ken Russell 'In Search of the English Folk Song'",
    "overview" : "This documentary begins with Ken Russell posing the question: \"What is a true English folk song, if there is such a thing?\" After recieving an indifferent response from his dog, Ken journeys around the countryside of England searching for an answer. He bumps into and interviews such famous artists as; Donovan, Fairport Convention, Osibisa, Eliza Carthy, So What, Edward II and The Albion Band among others.",
    "genres" : [ ]
  }, {
    "id" : 192877,
    "title" : "Winnie Puuh - Unzertrennliche Freunde",
    "overview" : "",
    "genres" : [ {
      "id" : 16,
      "name" : "Animation"
    }, {
      "id" : 10751,
      "name" : "Family"
    }, {
      "id" : 10770,
      "name" : "TV Movie"
    } ]
  }, {
    "id" : 192902,
    "title" : "National Geographic - Einzigartiger Everest",
    "overview" : "",
    "genres" : [ {
      "id" : 99,
      "name" : "Documentary"
    } ]
  }, {
    "id" : 192917,
    "title" : "Daily Timelapse Midnight Barcelona on Vimeo",
    "overview" : "A fast, modern look to the city of Barcelona, at night.",
    "genres" : [ ]
  }, {
    "id" : 192927,
    "title" : "Keith Jarrett - Solo Tribute The 100th Performance In Japan 1987",
    "overview" : "",
    "genres" : [ {
      "id" : 10402,
      "name" : "Music"
    } ]
  }, {
    "id" : 192932,
    "title" : "Steve Jansen - The Occurrence of Slope",
    "overview" : "Steve Jansen's live performance in Tokyo Feb 29th 2008 - filmed in high definition.",
    "genres" : [ {
      "id" : 10402,
      "name" : "Music"
    } ]
  }, {
    "id" : 192942,
    "title" : "Blond Cheat",
    "overview" : "Socially prominent Michael Ashburn, is the chief assistant to Rufus Trent, wealthy London loan broker. He has allowed himself to become engaged to the Rufus' daughter, Roberta, the match engineered primarily by socially-ambitious Mrs. Trent. As Michael is closing the shop in the late afternoon, a man named Douglas takes out a large loan, using his niece's (Julie Evans) earring as a deposit. He scurries right off with the money but, to his dismay, Michael finds that the earrings are fastened to Julie's ears and can not be removed. Much to his socially-prominent position he is very disgusted as he must now keep a guard of her. Soon, he finds himself in jail and Julie has his flat keys.",
    "genres" : [ {
      "id" : 35,
      "name" : "Comedy"
    }, {
      "id" : 10749,
      "name" : "Romance"
    }, {
      "id" : 10402,
      "name" : "Music"
    } ]
  }, {
    "id" : 192977,
    "title" : "Osuofia in London 2",
    "overview" : "Osuofia return to his Nigerian village with a new British wife, the scheming fiancee of his dead brother.",
    "genres" : [ ]
  }, {
    "id" : 192982,
    "title" : "Delitti",
    "overview" : "A mysterious murderer has already killed seven people using the deadly venom of a snake from Martinique which causes immediate death with the victim's face turning into a horrible mask. A young and ingenious police lieutenant is called on the case",
    "genres" : [ {
      "id" : 80,
      "name" : "Crime"
    }, {
      "id" : 27,
      "name" : "Horror"
    }, {
      "id" : 53,
      "name" : "Thriller"
    } ]
  }, {
    "id" : 192987,
    "title" : "Mongrel",
    "overview" : "At a boarding house, a vicious dog gets loose from his chain and chews up a tenant's ass that was teasing him with a piece of raw meat. As a result, the dog is shot to death. Another tenant, a very high strung book editor, is picked on a lot. Soon he starts having dreams that the dog has returned and dead chewed up tenants begin popping up everywhere.",
    "genres" : [ {
      "id" : 27,
      "name" : "Horror"
    } ]
  }, {
    "id" : 192997,
    "title" : "With God On Our Side",
    "overview" : "With God On Our Side takes a look at the theology of Christian Zionism, which teaches that because the Jews are God's chosen people, they have a divine right to the land of Israel. Aspects of this belief system lead some Christians in the West to give uncritical support to Israeli government policies, even those that privilege Jews at the expense of Palestinians, leading to great suffering among Muslim and Christian Palestinians alike and threatening Israel's security as a whole.  This film demonstrates that there is a biblical alternative for Christians who want to love and support the people of Israel, a theology that doesn't favor one people group over another but instead promotes peace and reconciliation for both Jews and Palestinians.",
    "genres" : [ {
      "id" : 99,
      "name" : "Documentary"
    } ]
  }, {
    "id" : 193022,
    "title" : "Night Highway",
    "overview" : "B/W visualization of the highway during the night.",
    "genres" : [ ]
  }, {
    "id" : 193027,
    "title" : "Trinity",
    "overview" : "Explores Man's tendency to reduce the world into discrete intervals so that it might be more readily analyzed, even if not wholly understood.",
    "genres" : [ ]
  }, {
    "id" : 193037,
    "title" : "The Pirates of Capri",
    "overview" : "A group of men calling themselves 'The Pirates of Capri\", headed by Captain Sirroco, who is really Count Amalfi, are trying to restore freedom to the people of Naples in 1779. The Queen is advised of the pirate's assault of a member of her court and she seeks to escape to Palermo. But, she is advised it would be good politics for her to attend a ball Amalfi is giving for his fiancée, Mercedes, who is unaware of the dual role Amalfi is playing.",
    "genres" : [ ]
  }, {
    "id" : 193067,
    "title" : "Vediamoci chiaro",
    "overview" : "",
    "genres" : [ {
      "id" : 35,
      "name" : "Comedy"
    } ]
  }, {
    "id" : 193072,
    "title" : "A Family Basketball Team",
    "overview" : "Sol Ok is in love with Chol Young. when they ask for his parents' acceptance for their upcoming marriage, she is denied by Chol Young's sports obsessed family for being a mere musician. Can she learn the DPRK state sport of basketball, and win over his family?",
    "genres" : [ ]
  }, {
    "id" : 193077,
    "title" : "Being President",
    "overview" : "For the very first time and in complete exclusivity, Patrick Rotman films the daily work of french President François Hollande. Through an essential mise-en-scène, the film penetrates and reveals the core of the Elysée Palace.",
    "genres" : [ {
      "id" : 99,
      "name" : "Documentary"
    } ]
  }, {
    "id" : 193087,
    "title" : "Border Vengeance",
    "overview" : "A rancher is murdered after discovering that 40 head of his cattle have been rustled. A neighboring family is accused of the crime and flees across the border, then tries to find the real killers to clear their name.",
    "genres" : [ ]
  }, {
    "id" : 193092,
    "title" : "Dreamers",
    "overview" : "Dreamers is a film directed by Noelle Deschamps in 2012. Creation was always imagined as a mysterious process. Following these filmmakers, brings to light their passion, their imagination and their magical process.",
    "genres" : [ {
      "id" : 99,
      "name" : "Documentary"
    } ]
  }, {
    "id" : 193097,
    "title" : "Naked Africa",
    "overview" : "A documentary about the Xhosa tribe of Cape Nguru, Africa.",
    "genres" : [ {
      "id" : 99,
      "name" : "Documentary"
    } ]
  }, {
    "id" : 193102,
    "title" : "Hidden Valley Outlaws",
    "overview" : "Lawyer Leland is using land rights to kick the ranchers off their land. When Wild Bill and Gabby arrive to help the ranchers, he has actor Percel frame them for murder and then incites the townsmen to lynch them.",
    "genres" : [ {
      "id" : 37,
      "name" : "Western"
    } ]
  }, {
    "id" : 193107,
    "title" : "Will the Real Terrorist Please Stand Up",
    "overview" : "This documentary chronicles half a century of hostile U.S.-Cuba relations. The film highlights decades of assassinations and sabotage at first backed by Washington, then ignored by the very government that launched a \"war against terrorism.\"",
    "genres" : [ ]
  }, {
    "id" : 193112,
    "title" : "Pals of the Pecos",
    "overview" : "Dan Burke is after a mail contract and Stevens through his henchman Keno is out to stop him. When Burke's son Larry brings the payroll he is murdered and the Three Mesquiteers blamed. Young Tim Burke breaks them out of jail and they start the timed mail run to obtain the contract. But Keno and his men plan to stop them by using dynamite to make a road block.",
    "genres" : [ {
      "id" : 37,
      "name" : "Western"
    } ]
  }, {
    "id" : 193122,
    "title" : "Purification",
    "overview" : "Bret Fitzpatrick (Joe Ciminera), a wealthy real estate investor located in New York, is caught between reality and the supernatural. There he crosses paths with people who are in a stationary place for the terrible things they have done in their lifetime. As Bret begins to wake up to the dark forces from his devastating past, he confronts members of the underworld and has 24 hours to redeem himself.",
    "genres" : [ ]
  }, {
    "id" : 193132,
    "title" : "Indica: Live at Ideapark",
    "overview" : "Indica: Live at Ideapark",
    "genres" : [ ]
  }, {
    "id" : 193137,
    "title" : "Uomini sull'orlo di una crisi di nervi",
    "overview" : "",
    "genres" : [ {
      "id" : 35,
      "name" : "Comedy"
    } ]
  }, {
    "id" : 193142,
    "title" : "¡Soy un pelele!",
    "overview" : "Olvido, a low hours writer, sees a chance to regain his career and, above all, to win the love of his life, a renowned film director when he suffers a shock that leaves him amnesiac.",
    "genres" : [ ]
  }, {
    "id" : 193147,
    "title" : "Two in the Amsterdam Rain",
    "overview" : "Akira, a Japanese expat working in Amsterdam, falls in love with a Japanese woman at Schiphol Airport who he thinks is his high school love.",
    "genres" : [ ]
  }, {
    "id" : 193152,
    "title" : "Lieverdjes uit Amsterdam",
    "overview" : "Kitty and Inge are two sisters from Amsterdam who are on holiday in Limburg. During their stay they hear about a mysterious criminal on the loose named \"the black rider\" on the radio. To their surprise, they encounter a man dressed in black walking around in the forest...",
    "genres" : [ ]
  }, {
    "id" : 193162,
    "title" : "Lassiter",
    "overview" : "Tom Selleck  Jewel thief.",
    "genres" : [ ]
  }, {
    "id" : 193167,
    "title" : "Amsterdam bij Nacht",
    "overview" : "Drummel is an accountant who gets acquainted with the Amsterdam nightlife. He and his secretary Mary are suspected for having committed theft.",
    "genres" : [ ]
  }, {
    "id" : 193177,
    "title" : "The Lost Man",
    "overview" : "A gang of black militants plots to rob a factory to finance their \"revolutionary struggle.\"",
    "genres" : [ {
      "id" : 18,
      "name" : "Drama"
    } ]
  }, {
    "id" : 193197,
    "title" : "Seethamma Vakitlo Sirimalle Chettu",
    "overview" : "Seethamma Vakitlo Sirimalle Chettu, also known as SVSC, is a 2013 Telugu drama film, written and directed by Srikanth Addala.",
    "genres" : [ {
      "id" : 10751,
      "name" : "Family"
    }, {
      "id" : 35,
      "name" : "Comedy"
    }, {
      "id" : 10769,
      "name" : "Foreign"
    } ]
  }, {
    "id" : 193212,
    "title" : "The Man Who Captured Eichmann",
    "overview" : "Set in 1960, the story follows the efforts of the Mossad, the Israeli Secret Service, to find former SS Colonel Adolf Eichmann, who ran from Germany to Argentina and took the name Ricardo Clement. He was wanted for the murders of both Europeans and Jews during the Holocaust. Learning of Eichmann's living in Argentina, the Mossad sends a team to capture him, led by agent Peter Malkin. The standing order: bring Eichmann back alive to Israel for trial.",
    "genres" : [ {
      "id" : 10770,
      "name" : "TV Movie"
    }, {
      "id" : 18,
      "name" : "Drama"
    }, {
      "id" : 36,
      "name" : "History"
    }, {
      "id" : 10752,
      "name" : "War"
    } ]
  }, {
    "id" : 193227,
    "title" : "The Neighbor",
    "overview" : "A story that drifts between the lives of five generations of mothers and daughters, 'The Neighbor' takes its audience on an unexpected journey. At the center is a the story of Shirin, a dancer with unfulfilled dreams, and her fateful connection with her next door neighbor, Leila, a young woman with a small secret. Shirin struggles to come to terms with her estranged mother as Leila struggles to reconcile present life circumstances with her yearnings for a better future.",
    "genres" : [ ]
  }, {
    "id" : 193232,
    "title" : "陽陽(Yangyang)",
    "overview" : "本片入圍2009柏林影展「電影大觀」單元 ，李崗監製、鄭有傑導演，張榕容、張睿家主演，美籍攝影師包軒鳴在片中大量使用手持運鏡的攝影風格。  陽陽，一個法籍生父在人生缺席的大學女孩，隨著母親改嫁田徑教練，必須適應新的家人和生活。小如，原本田徑隊同學，因父親娶了陽母而成了她的姊姊，在得知陽陽和自己男友「偷吃」後，使出絕招讓陽陽離開了家，投靠經紀人學長（黃健瑋飾），成了其麾下的藝人。電影前半部著重陽陽新的家庭生活、練習短跑比賽和壓抑的愛情，後半段則呈現藝人未成名前的甘苦，與學長經紀人的依存關係。自小沒有父愛的陽陽，透過飾演類似角色而釋放傷痛。《陽陽》就呈現一個女孩的成長故事，是引人入勝的。鏡頭下的飽滿的細膩情緒，讓觀眾體會某種無聲卻濃烈的感受。  本片可以說是為張榕容量身打造的電影，鄭有傑三年前拍攝《一年之初》時結識張榕容，感受到她的樂觀、勇敢以及善良。鄭有傑說：「那是一種純粹的美麗，深深感動了我。於是她啟發了我撰寫《陽陽》這部電影的劇本。」  張榕容在《陽陽》的演出，已經跳脫原本清純少女的形象，首次擔綱挑大樑，她卯足全力投入本片拍攝。除了練跑、體能訓練外，有場手猛捶跑道的畫面都是來真的，看了都令人心疼。還有與另一男主角黃健瑋大跳探戈的戲，也是她生平第一次穿起高跟鞋跳舞。有場被呼巴掌的戲，劇中陽陽堅強地忍住眼淚，但導演喊卡後，張榕容也忍不住大哭了一場，「我是在為陽陽哭，陽陽受到那麼大委屈，所以我要幫她哭，然後我們兩個都沒事了」，入戲程度可見一般。  《陽陽》也是李安、李崗合力拓展的「推手計劃」的首部電影， 「推手計劃」是李安、李崗兄弟為台灣電影培育人才的長遠計畫，希望能為國片帶入新活水",
    "genres" : [ ]
  }, {
    "id" : 193242,
    "title" : "Dushi fengguang",
    "overview" : "A novelist uses all his money to buy gifts for the woman he loves who in turn is also seeing a business man, using him for expensive presents. As a consequence the writer is unable to pay the rent, whilst the womans family goes hungry as her fathers business suffers. A joyful comedy that expresses the dangers of consumerism for the careless spender.",
    "genres" : [ ]
  }, {
    "id" : 193257,
    "title" : "Alice at the Palace",
    "overview" : "Meryl Streep stars as Alice in this production of Elizabeth Swados' musical, which was adapted from Alice's Adventures in Wonderland and Through the Looking Glass by Lewis Carroll. Based on the acclaimed New York Shakespeare Festival production by Joseph Papp, Alice at the Palace follows Alice's surreal adventures with The Mad Hatter, The March Hare, The Queen of Hearts, and The Cheshire Cat, among many others.",
    "genres" : [ {
      "id" : 12,
      "name" : "Adventure"
    }, {
      "id" : 14,
      "name" : "Fantasy"
    }, {
      "id" : 10751,
      "name" : "Family"
    } ]
  }, {
    "id" : 193267,
    "title" : "Our Fragrance",
    "overview" : "Although an initial match-making attempt between Pyongho and Saebyol through their grandparents is unsuccessful, the two are brought together by fate to participate in the Pyongyang spring fashion show. Modelling both the fashion and the virtues of a wedding couple, their families convene to judge the potential unity. However, tradition versus the foreign influence seeping into society becomes the theme as misunderstandings come to create drama between the two families and the young couple",
    "genres" : [ {
      "id" : 18,
      "name" : "Drama"
    } ]
  }, {
    "id" : 193272,
    "title" : "Rodeo King and the Senorita",
    "overview" : "Lacey is after the profits of the Foster and Morales rodeo show. He has Morales killed during a stunt and then forces Foster to take him on as a silent partner. When Rex Allen joins the show, Lacey tries to get rid of him also. But Rex survives and now believes Morales' accident may have been murder.",
    "genres" : [ {
      "id" : 37,
      "name" : "Western"
    } ]
  }, {
    "id" : 193277,
    "title" : "Zero to Sixty",
    "overview" : "A divorced man hooks up with a street-smart 16-year-old who makes her living by repossessing cars from their owners.",
    "genres" : [ {
      "id" : 35,
      "name" : "Comedy"
    } ]
  }, {
    "id" : 193282,
    "title" : "Nathalie",
    "overview" : "Haute Couture mannequin in Paris becomes involved in the activities of two rival jewel thief gangs.",
    "genres" : [ {
      "id" : 35,
      "name" : "Comedy"
    }, {
      "id" : 9648,
      "name" : "Mystery"
    } ]
  }, {
    "id" : 193287,
    "title" : "The Little Match Makers",
    "overview" : "It's summer in San Diego. Lily and her mother, encounter Pepin and his father, from Mexico City. The kids have a lot in common: Both are 10 years old, both of their parents are divorced ... and both want their parents to be happy.",
    "genres" : [ ]
  }, {
    "id" : 193297,
    "title" : "Un tigre de papel",
    "overview" : "The life of Pedro Manrique Figueroa not is written by anyone because of a very powerful reason: too much like an adventure novel, both incomplete and contradictory, always linked to the sparkling tradition uncertainties oral. Using as a pretext the life and work of Manrique Figueroa, the film takes us through history from 1934-1981, the year of the mysterious disappearance of the artist. In the manner of a collage, A Paper Tiger juxtaposes the art and politics, truth with falsehood, documentary with fiction.",
    "genres" : [ {
      "id" : 99,
      "name" : "Documentary"
    } ]
  }, {
    "id" : 193302,
    "title" : "The Blonds",
    "overview" : "In 1977, when she was four years old, Albertina Carri's parents vanished without a trace, victims of Argentina's brutal military junta. In this fresh and politically daring film, the young Argentinian filmmaker attempts to unravel the mystery, piecing together her memories and fantasies in a quest to understand her parents' untimely fate.",
    "genres" : [ ]
  }, {
    "id" : 193317,
    "title" : "Things Are Looking Up",
    "overview" : "Scatterbrain circus lady has to cover for her sour schoolmistress sister.",
    "genres" : [ {
      "id" : 35,
      "name" : "Comedy"
    } ]
  }, {
    "id" : 193322,
    "title" : "The Sixth Day",
    "overview" : "Egypt, 1947: in the midst of a cholera outbreak. A washerwoman tries to take care of her family, while at the same time resisting the advances of a charming suitor who's half her age.",
    "genres" : [ {
      "id" : 18,
      "name" : "Drama"
    } ]
  }, {
    "id" : 193337,
    "title" : "Blændværk",
    "overview" : "The young mechanic Borge Rasmussen works in Salling Harbour and lives with the slightly older Marinus Frederiksen, who chairs the city's port workers. Marinus sees in Borge, who has lost his parents, his only friend and is easily influenced by his extremist views.",
    "genres" : [ {
      "id" : 18,
      "name" : "Drama"
    } ]
  }, {
    "id" : 193352,
    "title" : "Blood Ties: The Life and Work of Sally Mann",
    "overview" : "An intimate portrait of the photographer and the complex, enigmatic pictures she takes of her children",
    "genres" : [ {
      "id" : 99,
      "name" : "Documentary"
    } ]
  }, {
    "id" : 193357,
    "title" : "Caldi Ricordi a Bologna",
    "overview" : "",
    "genres" : [ {
      "id" : 10749,
      "name" : "Romance"
    } ]
  }, {
    "id" : 193362,
    "title" : "Priscila Fièvre au PeepShow",
    "overview" : "",
    "genres" : [ ]
  }, {
    "id" : 193367,
    "title" : "Le Scribe qui Dessine",
    "overview" : "",
    "genres" : [ {
      "id" : 99,
      "name" : "Documentary"
    } ]
  }, {
    "id" : 193372,
    "title" : "The Man in Black",
    "overview" : "Henry Clavering suspects his second wife Bertha is trying to drive his daughter (by his first marriage) insane, to stop her inheriting his money. He decides to use his yoga skills to pretend to be dead, and thereby expose her villainy.",
    "genres" : [ {
      "id" : 53,
      "name" : "Thriller"
    } ]
  }, {
    "id" : 193387,
    "title" : "Me and the Kid",
    "overview" : "A lonely and emotionally neglected rich kid forms an attachment to one of the men who kidnap him during a botched robbery of his father's safe.",
    "genres" : [ {
      "id" : 10751,
      "name" : "Family"
    }, {
      "id" : 35,
      "name" : "Comedy"
    }, {
      "id" : 80,
      "name" : "Crime"
    }, {
      "id" : 18,
      "name" : "Drama"
    } ]
  }, {
    "id" : 193392,
    "title" : "Soft Hands",
    "overview" : "A prince of the former royal family finds himself without a meaningful role in post-revolutionary Egyptian society. Based on the play by Tawfiq el-Hakim.",
    "genres" : [ ]
  }, {
    "id" : 193397,
    "title" : "Tropic Zone",
    "overview" : "A fugitive from the police helps a beautiful farmer run her struggling banana plantation.",
    "genres" : [ {
      "id" : 10749,
      "name" : "Romance"
    }, {
      "id" : 80,
      "name" : "Crime"
    }, {
      "id" : 18,
      "name" : "Drama"
    } ]
  }, {
    "id" : 193402,
    "title" : "Bayside Shakedown The Final: The New Hope",
    "overview" : "Set 2 years after prior film \"Bayside Shakedown 3: Set the Guys Loose,\" a major case occurs that has the potential to take down the entire police organization. For the next 3 days, Shunsaku Aoshima (Yuji Oda) and his colleagues struggle to unravel the case...",
    "genres" : [ {
      "id" : 28,
      "name" : "Action"
    }, {
      "id" : 80,
      "name" : "Crime"
    } ]
  }, {
    "id" : 193407,
    "title" : "Attack on a Piquet",
    "overview" : "No Overview",
    "genres" : [ ]
  }, {
    "id" : 193412,
    "title" : "The Flirtation of Girls",
    "overview" : "Hamam is a poor Arabic language teacher who gets sacked from a girls' elementary school for not being able to control mischievous students. He feels pessimistic about everything in life,but his freind,an employee working for a pasha finds him a job as a private teacher for his only daughter Laila in order to help her pass an exam. Laila treats Hamam like a friend and helps him to appreciate life and enjoy its qualities,and the man soon is drawn to her.",
    "genres" : [ {
      "id" : 10749,
      "name" : "Romance"
    }, {
      "id" : 35,
      "name" : "Comedy"
    }, {
      "id" : 10402,
      "name" : "Music"
    } ]
  }, {
    "id" : 193422,
    "title" : "I Love Cinema",
    "overview" : "A child who loves the cinema struggles with a fanatic dad who finds everything (including cinema) a sin, and a mother who is sexually repressed.",
    "genres" : [ ]
  } ]
}