{
  "movies" : [ {
    "id" : 174337,
    "title" : "The Pretty One",
    "overview" : "When her idolized twin sister Audrey dies in a car accident, Laurel decides to take her place. But, as she eases into the life she has always wanted, she must decide between continuing the lie or revealing herself.",
    "genres" : [ {
      "id" : 35,
      "name" : "Comedy"
    }, {
      "id" : 18,
      "name" : "Drama"
    } ]
  }, {
    "id" : 174352,
    "title" : "Let the Fire Burn",
    "overview" : "Jason Osder makes an impressive feature film debut through his unbiased and thorough account of the incidents leading up to and during the 1985 standoff between the extremist African-American organization MOVE and Philadelphia authorities. The dramatic clash claimed eleven lives and literally and figuratively devastated an entire community. Let the Fire Burn is a real-life Wild West story absent the luxury of identifying its heroes by the color of their hats.",
    "genres" : [ {
      "id" : 99,
      "name" : "Documentary"
    } ]
  }, {
    "id" : 174357,
    "title" : "Raw Herring",
    "overview" : "Every year millions of people look forward to the first preparation of Hollandse Nieuwe, the popular snack of raw herring from the North Sea’s spring catch. But how do you find glory in the grueling pursuit of a once-iconic fish that even the queen no longer accepts as definitively Dutch? Raw Herring celebrates the cultural legacy maintained by Holland’s last great herring fishers even as new trends and foreign competition threaten their way of life.",
    "genres" : [ {
      "id" : 99,
      "name" : "Documentary"
    } ]
  }, {
    "id" : 174362,
    "title" : "Bending Steel",
    "overview" : "The Cyclone, The Freakshow, The Mermaid Parade: all Coney Island icons. But Chris “Wonder” Schoeck has always preferred the Coney Island Strongman. Bending Steel follows the sweet, unassuming Schoeck as he parlays his extraordinary strength into the pursuit of his lifelong dream. Training with an elite group of men whose hands bend, drag, twist and shred metal, he tackles an enormous physical and mental challenge, taking a surprisingly emotional journey as a result.",
    "genres" : [ {
      "id" : 99,
      "name" : "Documentary"
    } ]
  }, {
    "id" : 174367,
    "title" : "Indiscreet",
    "overview" : "A case involving adultery, money and murder threatens a private eye's sobriety.",
    "genres" : [ {
      "id" : 53,
      "name" : "Thriller"
    } ]
  }, {
    "id" : 174372,
    "title" : "Floating Skyscrapers",
    "overview" : "Kuba attends an art opening with his girlfriend of two years and bumps into Mikal. The connection between these two young men is instantaneous and intoxicating, and despite opposition from all sides, he allows Mikal into his life. The results go beyond anything he could have imagined. This intimate and bold second feature from Polish director Tomasz Wasilewski captures the often-complicated consequences of finding love where others do not want it.",
    "genres" : [ {
      "id" : 18,
      "name" : "Drama"
    }, {
      "id" : 10749,
      "name" : "Romance"
    } ]
  }, {
    "id" : 174392,
    "title" : "Shooting Beauty",
    "overview" : "Aspiring fashion photographer Courtney Bent's career takes an unexpected turn when she discovers a hidden world of beauty at a center for people living with significant disabilities. When Courtney begins inventing cameras her new friends can use, an unforgettable story unfolds that will make you rethink what it means to live with a disability - and without one.",
    "genres" : [ ]
  }, {
    "id" : 174397,
    "title" : "And1 Mix Tape Tour: Asia-Pacific",
    "overview" : "Streetball has gone worldwide. AND 1 is there to represent Mix Tape style. Unlike the Olympic team, we’re still giving lessons. We hold it down from Tokyo to Sydney with many other stops along the way. Features previously unreleased tracks from Paul Wall, Mike Jones, Sam Scarfo, Clipse, Dipset featuring JR Writer and Kanecc!",
    "genres" : [ ]
  }, {
    "id" : 174412,
    "title" : "Looking for an Echo",
    "overview" : "The lead singer of an oldies group reminisces about the good ol' days and a potential comeback.",
    "genres" : [ ]
  }, {
    "id" : 174417,
    "title" : "Ship of the Ether",
    "overview" : "Puppet animation film advertising Philips Radio sets. A ship steers its way to several international radio stations, where characteristic music is heard - France, Vienna, Rome, Hilversum, Beromünster, Munich and Daventry.",
    "genres" : [ ]
  }, {
    "id" : 174427,
    "title" : "Eva går ombord",
    "overview" : "Eva is an employee in a fashion store. One day she finds cruise tickets in the name of Bo Stensjö and boards the ship pretending to be his wife. Things get awkward when Stensjö eventually boards the boat himself  and is informed that his \"wife\" is already aboard....",
    "genres" : [ ]
  }, {
    "id" : 174437,
    "title" : "Washee Ironee",
    "overview" : "Rich boy Waldo gets his clothes dirty playing football with the gang just before he has to go to his mother's society party. The gang tries to help him clean up.",
    "genres" : [ {
      "id" : 35,
      "name" : "Comedy"
    }, {
      "id" : 10751,
      "name" : "Family"
    } ]
  }, {
    "id" : 174442,
    "title" : "Bosko's Parlor Pranks",
    "overview" : "Bosko keeps Wilbur occupied with tales of his past exploits while Honey steps out on an errand.",
    "genres" : [ {
      "id" : 35,
      "name" : "Comedy"
    }, {
      "id" : 16,
      "name" : "Animation"
    } ]
  }, {
    "id" : 174447,
    "title" : "There's Something About a Soldier",
    "overview" : "Betty Boop recruits for the Army by offering inductees a kiss. The recruits march off to war with a force of giant mosquitoes!",
    "genres" : [ ]
  }, {
    "id" : 174452,
    "title" : "William Tell",
    "overview" : "The story of how William Tell came to shoot the apple off his son's head is told in this Oswald the Lucky Rabbit cartoon from Walter Lantz.",
    "genres" : [ ]
  }, {
    "id" : 174457,
    "title" : "Buddy of the Apes",
    "overview" : "Buddy encounters black cannibals. He and his animal friends beat up near-naked natives (with rings in their noses)..",
    "genres" : [ ]
  }, {
    "id" : 174462,
    "title" : "Viva Willie",
    "overview" : "Willie tells his friend that he was once a cowboy.",
    "genres" : [ ]
  }, {
    "id" : 174472,
    "title" : "Keep in Style",
    "overview" : "Betty Boop puts on a musical show of new inventions and styles; her creation of \"ankle skirts\" sweeps the nation.",
    "genres" : [ ]
  }, {
    "id" : 174482,
    "title" : "The Old Pioneer",
    "overview" : "In this first entry in MGM's Happy Harmonies series, an old man tells a newsboy about his adventures with Native Americans in the Old West.",
    "genres" : [ ]
  }, {
    "id" : 174487,
    "title" : "True Love and Chaos",
    "overview" : "Hanif and Dean steal a cache of drugs from Dean's psychotic brother Jerry, and at the last minute get a lift with Mimi as she decides to drive to Perth. They pick up a drunken singer, Morris, as they cross the country, chased by Jerry. Written by Simon Bastin",
    "genres" : [ {
      "id" : 80,
      "name" : "Crime"
    }, {
      "id" : 18,
      "name" : "Drama"
    } ]
  }, {
    "id" : 174492,
    "title" : "The Man on the Flying Trapeze",
    "overview" : "Popeye comes to ask Olive out, but finds she's gone off with the title character. Popeye goes to the circus (ringmaster Wimpy) looking for her, to find she's part of the act; an aerial battle ensues.",
    "genres" : [ ]
  }, {
    "id" : 174497,
    "title" : "Shrimps for a Day",
    "overview" : "A magic lamp lets a young couple become kids again and exposes a mean old man who runs his orphanage like a prison.",
    "genres" : [ ]
  }, {
    "id" : 174507,
    "title" : "Rasslin' Round",
    "overview" : "Willie is shining the shoes of a man reading the newspaper. The cover story is features a wrestler, inspiring Willie to tell a whopper about fighting the man and winning.",
    "genres" : [ ]
  }, {
    "id" : 174512,
    "title" : "Red Hot Mamma",
    "overview" : "Betty Boop, sleepless on a freezing night, builds a nice hot fire which proves too much of a good thing; in a dream she visits Hell, sings \"Hell's Bells,\" and makes Hell freeze over!",
    "genres" : [ ]
  }, {
    "id" : 174517,
    "title" : "The Brave Tin Soldier",
    "overview" : "A musical rendition of the Hans Christian Anderson Fairy Tale where a brave tin soldier with only one leg and a toy ballerina find happiness.",
    "genres" : [ ]
  }, {
    "id" : 174522,
    "title" : "Rock Paper Scissors",
    "overview" : "Four men are each looking for a way out. Their fates collide one night.",
    "genres" : [ {
      "id" : 28,
      "name" : "Action"
    }, {
      "id" : 80,
      "name" : "Crime"
    }, {
      "id" : 18,
      "name" : "Drama"
    } ]
  }, {
    "id" : 174532,
    "title" : "The Battle Royal",
    "overview" : "Plump and Runt are on opposite sides of a mountain feud. Then government revenue agents arrive and both families join together to run off the common enemy.",
    "genres" : [ ]
  }, {
    "id" : 174542,
    "title" : "Purple Flowers",
    "overview" : "Jack likes Jill. Jill likes Jack. Two teenagers dealing with love, lust and death. A short film written and directed by Julian Ryan, stars Christian Byers and Airlie Dodds in the two main roles",
    "genres" : [ ]
  }, {
    "id" : 174547,
    "title" : "Oedipus Rex",
    "overview" : "Visually gripping and filled with corruption, murder and heartbreak, this film rendition of Stravinsky's opera-oratorio stars English tenor Philip Langridge in the title role, with Jessye Norman as the commanding Jocasta and Bryn Terfel as Creon. Produced, directed and designed by Julie Taymor, the production also features accompaniment by the Saito Kinen Orchestra, under the baton of maestro Seiji Ozawa.",
    "genres" : [ ]
  }, {
    "id" : 174552,
    "title" : "A Life for a Life",
    "overview" : "Wealthy Mrs. Khromova has a natural daughter, Musya, and an adopted daughter, Nata. The merchant Zhurov is in love with Nata, and hopes to marry her, but she is non-committal.",
    "genres" : [ ]
  }, {
    "id" : 174562,
    "title" : "Новогодняя жена",
    "overview" : "",
    "genres" : [ {
      "id" : 35,
      "name" : "Comedy"
    } ]
  }, {
    "id" : 174567,
    "title" : "Kapten Grogg i ballong",
    "overview" : "A man draws Captain Grogg on a hot air balloon flight.",
    "genres" : [ ]
  }, {
    "id" : 174582,
    "title" : "Halloween: Unmasked 2000",
    "overview" : "A documentary/retrospect on the making of the movie Halloween, featuring exclusive interviews with director John Carpenter, producer Debra Hill, and stars Jamie Lee Curtis, PJ Soles, and Nick Castle.",
    "genres" : [ {
      "id" : 99,
      "name" : "Documentary"
    } ]
  }, {
    "id" : 174622,
    "title" : "Bomba On Panther Island",
    "overview" : "The second of the eleven films in the \"Bomba, The Jungle Boy\" series.",
    "genres" : [ {
      "id" : 12,
      "name" : "Adventure"
    } ]
  }, {
    "id" : 174642,
    "title" : "You Can't Buy Everything",
    "overview" : "A widowed mother attempts to teach her children the importance of saving money. Drama.",
    "genres" : [ ]
  }, {
    "id" : 174647,
    "title" : "The United Snakes of America",
    "overview" : "The animating of an early American political cartoon.",
    "genres" : [ ]
  }, {
    "id" : 174657,
    "title" : "Der Schluchtenflitzer",
    "overview" : "",
    "genres" : [ {
      "id" : 18,
      "name" : "Drama"
    } ]
  }, {
    "id" : 174662,
    "title" : "Terra Nova - Die neue Erde",
    "overview" : "",
    "genres" : [ ]
  }, {
    "id" : 174667,
    "title" : "Everybody's Business",
    "overview" : "A soldier's father dreams the food economy helps to win the war.",
    "genres" : [ ]
  }, {
    "id" : 174672,
    "title" : "Do Children Count?",
    "overview" : "This is a rare silent film of 26 minutes from 1917, called Do Children Count. It was directed by Lawrence C Windom and stars Mary McAllister.",
    "genres" : [ ]
  }, {
    "id" : 174682,
    "title" : "Raze",
    "overview" : "After Sabrina is abducted, she finds herself in an underground lair, forced to do battle with other innocent women for the amusement of unseen spectators. Each of these reluctant warriors has something to lose, but only one will remain when the game is done.",
    "genres" : [ {
      "id" : 27,
      "name" : "Horror"
    }, {
      "id" : 53,
      "name" : "Thriller"
    } ]
  }, {
    "id" : 174687,
    "title" : "Colonel Heeza Liar on the Jump",
    "overview" : "Colonel Heeza Liar is a character a bit like Baron Munchausen. Many wild things occur to him in the cartoons and they are meant to be silly entertainment. Here, he gets into a fight with a kangaroo. On the verge of death, he's saved by a quack doctor--who gives him a transfusion of donkey blood! And, as a result, there is a funny lingering after-effect.",
    "genres" : [ ]
  }, {
    "id" : 174692,
    "title" : "A Studio Stampede",
    "overview" : "In this movie Ben Turpin plays Vic Vacuum, who is in love with a movie star and ends up working at her studio when he hangs around and people at the studio mistakingly think he has money, which can help their productions out.",
    "genres" : [ ]
  }, {
    "id" : 174702,
    "title" : "Antenna",
    "overview" : "Yuichiro (Ryo Kase) is a college student whose sister went missing 15 years ago. That traumatic event hangs over him like a pall as he wanders Japan's S&amp;M clubs. But his younger brother claims to be able to sense their sister with his \"antenna\".",
    "genres" : [ ]
  }, {
    "id" : 174707,
    "title" : "Thais",
    "overview" : "Thaïs is a 1917 silent film directed by Anton Giulio Bragaglia. The movie is the only surviving Italian futurist film and currently kept at the Cinémathèque Francaise. The plot is fairly conventional and refers to the love stories of turbid \"diva-film\" typical of the period. The beautiful Slavic countess Galitzy Thaïs is a seductress of married men that drags on the brink of ruin. When Thaïs seduces the husband of her best friend she dies from falling off of her horse.",
    "genres" : [ ]
  }, {
    "id" : 174712,
    "title" : "Coo of The Far Seas",
    "overview" : "After a storm hits their island, Yusuke (driving his jet-ski) finds a baby dinosaur. He show it to his dad, they keep it and call it Coo. But there are other parties interested in a 65 milion year old creature ...",
    "genres" : [ ]
  }, {
    "id" : 174717,
    "title" : "The Pinch Hitter",
    "overview" : "Shy Joel Parker seems bound for nowhere, until Abbie Nettleton enters his life. With her prodding, Joel goes from timid nobody to a baseball star with bravura.",
    "genres" : [ ]
  }, {
    "id" : 174727,
    "title" : "The Woman in White",
    "overview" : "The lead Florence La Badie plays dual roles. Clever editing is used for the scene where her two characters meet. La Badie, however, does appear twice within a scene via superimposition, but that's in a flashback-within-a-mirror scene. There are a couple such scenes where La Badie's reflection in the mirror reflects her reflective melancholy mood.",
    "genres" : [ ]
  }, {
    "id" : 174737,
    "title" : "Ghost on Air",
    "overview" : "DJ is haunted by the very stories he is telling will he find the truth before the haunting before it is too late?",
    "genres" : [ ]
  }, {
    "id" : 174762,
    "title" : "Passion Flower",
    "overview" : "A bored society woman invites scandal and heartache when she falls in love with her low-born chauffeur.",
    "genres" : [ {
      "id" : 18,
      "name" : "Drama"
    } ]
  }, {
    "id" : 174767,
    "title" : "Valley of the Giants",
    "overview" : "A lumberman takes on pirates out to plunder the forest.",
    "genres" : [ {
      "id" : 12,
      "name" : "Adventure"
    } ]
  }, {
    "id" : 174772,
    "title" : "Europa Report",
    "overview" : "A crew of international astronauts are sent on a private mission to Jupiter's fourth moon.",
    "genres" : [ {
      "id" : 878,
      "name" : "Science Fiction"
    }, {
      "id" : 53,
      "name" : "Thriller"
    } ]
  }, {
    "id" : 174777,
    "title" : "L'uomo che ride",
    "overview" : "A 1966 French-Italian film version made in Italy, titled L'uomo che ride, directed by Sergio Corbucci. This version features elaborate colour photography but a very low production budget. The main action is shifted to Italy and moved yesterwards in time, with the deformed protagonist meeting Lucrezia Borgia instead of Queen Anne. In this version, Gwynplaine is renamed Angelo (played by Jean Sorel). His disfigurement is represented as a single broad slash across his mouth, crude yet convincing. The story (which is attributed, in the movie credits, to the director, producer and others involved in making the film, but not to Victor Hugo) is a swashbuckler pitting the disfigured acrobat against the henchmen of the Borgias. At the end, Dea (actress Lina Sini) miraculously acquires her eyesight and Angelo undergoes surgery that completely reverses his disfigurement and renders him perfectly handsome.",
    "genres" : [ ]
  }, {
    "id" : 174782,
    "title" : "Father of the Kamikaze",
    "overview" : "Vice Admiral Takajiro Ohnishi could see that Japan's defeat in WWII was inevitable. He came to realize that the only way to force a negotiated solution was to convince the Americans that invading Japan would cause massive casualties on both sides. The cold logic of suicide attacks, where one man and one plane could kill hundreds, seemed the only solution. In one of the cruel ironies of fate, Ohnishi actually succeeded; he convinced the Americans that invading Japan would be too costly in lives. But what he could not foresee was that America had another way of ending the war.",
    "genres" : [ {
      "id" : 10752,
      "name" : "War"
    }, {
      "id" : 18,
      "name" : "Drama"
    }, {
      "id" : 36,
      "name" : "History"
    } ]
  }, {
    "id" : 174787,
    "title" : "Guerrilla: The Taking of Patty Hearst",
    "overview" : "A documentary on the curious American domestic terrorist group, infamous for the 1974 kidnapping of Patty Hearst.",
    "genres" : [ {
      "id" : 99,
      "name" : "Documentary"
    } ]
  }, {
    "id" : 174792,
    "title" : "The Girl Said No",
    "overview" : "A comedy romance in which breezy Haines, as a young lady killer, tries to capture the heart of Hyams who has turned him down for Bushman.  Haines plots dozens of extreme measures to win her over, and finally goes so far as to drag her from the altar, bound and gagged.",
    "genres" : [ {
      "id" : 35,
      "name" : "Comedy"
    }, {
      "id" : 10749,
      "name" : "Romance"
    } ]
  }, {
    "id" : 174797,
    "title" : "Witchblade",
    "overview" : "NYPD Detective Sara Pezzini's main goal in life was to bring down Tommy Gallo, the hitman who killed her father, her best friend, and eventually her partner. While chasing down one of Gallo's thugs, she acquires the Witchblade, an enchanted armored glove once used by Joan of Arc that deflects bullets, extends into bladed weapons, produces visions, and neatly compacts itself into a bracelet. She uses it to help her take down Gallo with the aid of businessman Kenneth Irons and his enigmatic and lethal compatriot Ian Nottingham.",
    "genres" : [ {
      "id" : 10770,
      "name" : "TV Movie"
    }, {
      "id" : 28,
      "name" : "Action"
    }, {
      "id" : 14,
      "name" : "Fantasy"
    }, {
      "id" : 9648,
      "name" : "Mystery"
    } ]
  }, {
    "id" : 174822,
    "title" : "A Cartoonist's Nightmare",
    "overview" : "A cartoonist falls asleep at the drawing board and into the clutches of his own villains, until Beans the Cat comes to the rescue.",
    "genres" : [ ]
  }, {
    "id" : 174842,
    "title" : "The Sin of Adam and Eve",
    "overview" : "Absurd retelling of the story of Adam and Eve, this was the first of several biblical movies by director Miguel Zacarías that were intended to inspire the faithful but only inspired laughter instead. This film gained much notoriety due to the abundant nudity of its stars and was released worldwide.",
    "genres" : [ {
      "id" : 36,
      "name" : "History"
    } ]
  }, {
    "id" : 174857,
    "title" : "Kabayan Jadi Milyuner",
    "overview" : "The tranquility of a village in West Java where there is a simple pesantren lead by Ustad As-Salam Salah suddenly disturbed by the presence of a real estate entrepreneur Boss Rocky who wants to buy the land that to be boarding resort. But the Boss Rocky's intentions he could not carry out easily because it was not unexpected, he met the toughest opponent he has ever met. Opponents are not effective nor bribe the most powerful persuasion. That person is right-handed Ustad Saleh, a young innocent, but cleverly named .. KABAYAN",
    "genres" : [ ]
  }, {
    "id" : 174862,
    "title" : "Dormíamos, Despertamos",
    "overview" : "Spurred by the contagious energy and vitality that generated the 15-M movement, a group of filmmakers decided to get down to work and that May 15, 2011 took to record much of what went on day and night in the Puerta del Sol and its environs, the spread to Sevilla, Barcelona and New York, with the aim of conveying to the viewer a small part of the excitement that caused this event.",
    "genres" : [ ]
  }, {
    "id" : 174872,
    "title" : "Return To Warbow",
    "overview" : "Three escaped prisoners return to the site of a robbery to find the stolen money that was never recovered. Western.",
    "genres" : [ {
      "id" : 37,
      "name" : "Western"
    } ]
  }, {
    "id" : 174877,
    "title" : "Gundello Godari",
    "overview" : "The story of the film is loosely based on a novel named 'Godavari Kathalu', written by BVS Rama Rao. The film is set in 1986, in Bangarappeta village near Rajahmundry. Malli (Aadhi) and Chitra (Lakshmi Manchu) is a newlywed couple who are forced to battle it out against a devastating flood of the River Godavari. They lose all hope of survival, so they decide to narrate the darkest moments of their lives to each other after they find a support to rest on.",
    "genres" : [ {
      "id" : 18,
      "name" : "Drama"
    } ]
  }, {
    "id" : 174882,
    "title" : "Den Dovnes Himmerige",
    "overview" : "Unable to bring himself to live without Jette, the woman he loves, a tramp decides to enter the kingdom of heaven.  But the Eden dreamt of by the inveterate lazybones is closer to earth than the celestial heavens:  the godly Hospital offers accommodation and food.  Anything goes when it comes to obtaining eternal peace!",
    "genres" : [ ]
  }, {
    "id" : 174887,
    "title" : "Der ewige Zweifel",
    "overview" : "Woman doesn't let the man know whether he is the father of the child.",
    "genres" : [ ]
  }, {
    "id" : 174892,
    "title" : "Drifters",
    "overview" : "A silent film by John Grierson. It tells the story of Britain's North Sea herring fishery.",
    "genres" : [ ]
  }, {
    "id" : 174907,
    "title" : "Bud's Recruit",
    "overview" : "This WWI home-front comedy is the earliest surviving film of King Vidor, who would later go on to make such classics as The Big Parade and The Crowd. A two-reeler, it's a propaganda comedy involving a little boy who can't wait to go fight against the Kaiser, and who sets an unrelentingly patriotic (and militaristic) example for his draft-age, feminized brother and peace-lovin' mother.",
    "genres" : [ ]
  }, {
    "id" : 174917,
    "title" : "Johanna Enlists",
    "overview" : "A young girl, stifling on her father's backwoods farm, is reinvigorated by the arrival of an army regiment, come to train in the area.",
    "genres" : [ {
      "id" : 35,
      "name" : "Comedy"
    }, {
      "id" : 10749,
      "name" : "Romance"
    } ]
  }, {
    "id" : 174932,
    "title" : "The Forbidden City",
    "overview" : "The daughter of a Chinese mandarin is sentenced to death for her secret marriage to an American. Their child, raised in the mandarin's palace, grows up and escapes to seek her father, now a high-ranking official in the Philippines.",
    "genres" : [ {
      "id" : 10749,
      "name" : "Romance"
    }, {
      "id" : 18,
      "name" : "Drama"
    } ]
  }, {
    "id" : 174937,
    "title" : "The Ultimate Fighter 6 Finale",
    "overview" : "The Ultimate Fighter 6 Finale was a mixed martial arts event held by the Ultimate Fighting Championship on December 8, 2007. Featured were the finals from The Ultimate Fighter: Team Hughes vs Team Serra in the Welterweight division as well as a main event between Roger Huerta and Clay Guida.",
    "genres" : [ ]
  }, {
    "id" : 174942,
    "title" : "The False Faces",
    "overview" : "During World War I, a professional thief known as The Lone Wolf is assigned to steal a cylinder with important information from behind the German lines and bring it to Allied intelligence headquarters. However, German agents set out to stop him, headed by the man who was responsible for the death of the thief's sister.",
    "genres" : [ {
      "id" : 28,
      "name" : "Action"
    }, {
      "id" : 18,
      "name" : "Drama"
    }, {
      "id" : 10752,
      "name" : "War"
    } ]
  }, {
    "id" : 174947,
    "title" : "The Tantalizing Fly",
    "overview" : "A film in the “Out of the Inkwell” series, an early animated short from Max Fleischer.",
    "genres" : [ {
      "id" : 16,
      "name" : "Animation"
    }, {
      "id" : 35,
      "name" : "Comedy"
    } ]
  }, {
    "id" : 174962,
    "title" : "The Ultimate Fighter 11 Finale",
    "overview" : "The Ultimate Fighter 11 Finale was a mixed martial arts event that was held by the Ultimate Fighting Championship at the Palms Casino Resort in Las Vegas, Nevada, United States on June 19, 2010. Featured were the finalists from The Ultimate Fighter: Team Liddell vs. Team Ortiz in the Middleweight division and a fight between Keith Jardine and Matt Hamill.",
    "genres" : [ ]
  }, {
    "id" : 174967,
    "title" : "The Roaring Road",
    "overview" : "A young man pursues a young lady with the same energy he applies to his other obsession in life, auto racing.",
    "genres" : [ {
      "id" : 18,
      "name" : "Drama"
    }, {
      "id" : 35,
      "name" : "Comedy"
    } ]
  }, {
    "id" : 174972,
    "title" : "Dew Drop Inn",
    "overview" : "A comedy short by and with Larry Semon.",
    "genres" : [ ]
  }, {
    "id" : 174977,
    "title" : "Traps and Tangles",
    "overview" : "Larry Semon stars a guy being chased. Here we have a small twist on the sitting on the tram path and the tram goes the other way at the last minute stunt.",
    "genres" : [ ]
  }, {
    "id" : 174982,
    "title" : "Ella(s)",
    "overview" : "Documentary about the life of Mercedes Pinto by three women, student, journalist and writer, go in search of another woman: Mercedes Pinto Canarian writer. The film recovers the memory of one of the most important figures in the defense of the rights of women, to get into what their struggles were vital: gender violence, the social status of women ...",
    "genres" : [ {
      "id" : 99,
      "name" : "Documentary"
    } ]
  }, {
    "id" : 174987,
    "title" : "Spring Reunion",
    "overview" : "A spinster finally finds the right man when she returns to her alma mater after 15 years for a class reunion.",
    "genres" : [ {
      "id" : 18,
      "name" : "Drama"
    } ]
  }, {
    "id" : 174992,
    "title" : "Don't Shove",
    "overview" : "Harold and his rival fight over Bebe on her birthday, first at her home and then at a nearby skating rink.",
    "genres" : [ {
      "id" : 35,
      "name" : "Comedy"
    } ]
  }, {
    "id" : 175007,
    "title" : "On the Fire",
    "overview" : "Many of the scenes in \"On the Fire\" seem to be direct copies from Arbuckle's earlier \"Waiter's Ball.\" Such similarities as trying to kill a fish with a gun hopping around out of water, the tossing of the food to the waiters, and several other scenes seem to be carbons of Arbuckle's film.",
    "genres" : [ ]
  }, {
    "id" : 175012,
    "title" : "Rowdy Ann",
    "overview" : "Ann is one tough cowgirl. After she beats up Hank, her parents send her East to college, hoping she'll come back a lady.",
    "genres" : [ {
      "id" : 37,
      "name" : "Western"
    }, {
      "id" : 35,
      "name" : "Comedy"
    } ]
  }, {
    "id" : 175017,
    "title" : "The Floor Below",
    "overview" : "Snub Pollard and his friend are clearly under their wives thumbs. But his grandfather turns up and tells them to assert themselves, which they do. Her father is not impressed.",
    "genres" : [ ]
  }, {
    "id" : 175022,
    "title" : "Emergency Hospital",
    "overview" : "A true-to-life glimpse of a modern emergency ward",
    "genres" : [ ]
  }, {
    "id" : 175027,
    "title" : "Double Harness",
    "overview" : "After tricking him into marriage, a woman (Ann Harding) tries to win the love of her philandering husband (William Powell).",
    "genres" : [ {
      "id" : 18,
      "name" : "Drama"
    } ]
  }, {
    "id" : 175032,
    "title" : "Skirt",
    "overview" : "To be added.",
    "genres" : [ ]
  }, {
    "id" : 175037,
    "title" : "Make Way For Ducklings",
    "overview" : "Part of the Scholastic Video Collection, \"Make Way for Ducklings... and More Robert Mccluskey Stories\" brings 5 Robert McCluskey classics to life on the screen. 1- Make Way for Ducklings 2- Blueberries for Sal 3- Time of Wonder 4- Burt Dow: Deep Water Man 5- Lentil.",
    "genres" : [ ]
  }, {
    "id" : 175072,
    "title" : "Graham Norton: Live at the Roundhouse",
    "overview" : "Live Standup from Graham Norton",
    "genres" : [ ]
  }, {
    "id" : 175077,
    "title" : "Frankie Valli And The Four Seasons",
    "overview" : "Live in Atlantic City, 1992.",
    "genres" : [ ]
  }, {
    "id" : 175082,
    "title" : "The Beach Boys Live At Knebworth 1980",
    "overview" : "Live at Knebworth, 1980.",
    "genres" : [ {
      "id" : 10402,
      "name" : "Music"
    } ]
  }, {
    "id" : 175087,
    "title" : "The Diplomatic Pouch",
    "overview" : "A Soviet diplomat is being pursued by the evil British police and is fatally injured by a railway line (incidently the visuals certainly hint at what Dovzhenko was to achieve in the way of memorable imagary) and finds shelter with a railway worker. He dies (naturally having a vision of Lenin as he passes) and entrusts the eponymous pouch to the worker - who just happens to have a relative heading to Leningrad with his ship and all the sailors just happen to be Soviet sympathisers. Will they escape the evil Bourgoise police?!?!?!?",
    "genres" : [ ]
  }, {
    "id" : 175092,
    "title" : "WCW Clash of the Champions IX: New York Knockout",
    "overview" : "Clash of the Champions IX took place on November 15, 1989 at the Houston Field House in Troy, New York. There were 4,000 fans in attendance and the show drew a 4.9 rating on TBS. This show mainly dealt with fallout from Halloween Havoc PPV and set up the Iron Man / Iron Team tournaments at Starrcade 1989.",
    "genres" : [ ]
  }, {
    "id" : 175102,
    "title" : "HMS Pinafore & Trial By Jury (The G&S Opera Company)",
    "overview" : "Recorded in Buxton, 2009.",
    "genres" : [ ]
  }, {
    "id" : 175107,
    "title" : "Koko Is 19",
    "overview" : "A movie about a talented kid Koko whose song gets stolen by a greedy producer. Desperate Koko influenced by his fierce friend Pini to pull a job on a jewelry store.",
    "genres" : [ {
      "id" : 18,
      "name" : "Drama"
    } ]
  }, {
    "id" : 175112,
    "title" : "Tinker Bell and the Pirate Fairy",
    "overview" : "Zarina, a smart and ambitious dust-keeper fairy who’s captivated by Blue Pixie Dust and its endless possibilities, flees Pixie Hollow and joins forces with the scheming pirates of Skull Rock, who make her captain of their ship. Tinker Bell and her friends must embark on an epic adventure to find Zarina, and together they go sword-to-sword with the band of pirates led by a cabin boy named James, who’ll soon be known as Captain Hook himself.",
    "genres" : [ {
      "id" : 16,
      "name" : "Animation"
    }, {
      "id" : 10751,
      "name" : "Family"
    } ]
  }, {
    "id" : 175117,
    "title" : "The Pirates Of Penzance (New Lyric Operatic Company)",
    "overview" : "Recorded in Buxton, 2010.",
    "genres" : [ ]
  }, {
    "id" : 175122,
    "title" : "Le Tombeau Secret de Genghis Khan",
    "overview" : "",
    "genres" : [ {
      "id" : 99,
      "name" : "Documentary"
    } ]
  }, {
    "id" : 175132,
    "title" : "Guide to Advanced Anal Sex",
    "overview" : "Nina And Her Close Friend Kylie Ireland Share Advanced Techniques For Great Sex!  Adult film legend Nina Hartley as seen (and done!) it all! In this episode of her award-winning \"How-To\" series, she joins Kylie Ireland to share their advanced techniques for super-satisfying anal sex. For anal adventurers ready to explore more sophisticated forms of posterior pleasure, Nina's Guide to Advanced Anal Sex provides informative and erotic \"show and tell\" information. Join Nina, Kylie and friends Adrianna Nicole, Christian and Evan Stone as they demonstrate the path to anal enlightenment.",
    "genres" : [ ]
  }, {
    "id" : 175137,
    "title" : "Guide to Swinging",
    "overview" : "Tips From The \"Pro\" of Swinging!  Queen of Swing and XXX star Nina Hartley shows you how to explore this controversial multi-partner lifestyle. Anne Malle and Hank Armstrong enact partner responses (from insecurity to warm acceptance). Christi Lake is Hot as their \"experienced\" playmate - they can't get enough of her shaved love zone! Don't miss the 11-person orgy at Nina's. With deep throat expert Ariana, Sahara Sands, big and dark Bob Magnum, Luc Wylder, nasty Shannon Rush, pretty Dallas and more!",
    "genres" : [ ]
  }, {
    "id" : 175142,
    "title" : "Pada Suatu Cinta Dahulu",
    "overview" : "Zainal, a man feeling pressured and dissatisfied with his current marital life, thinks back to his past when he was a mischievous student who fell in love with Azura, a girl like him whom he betrayed.",
    "genres" : [ {
      "id" : 10749,
      "name" : "Romance"
    } ]
  }, {
    "id" : 175152,
    "title" : "Nina Hartley's Guide To Stripping For Your Partner",
    "overview" : "Nina Hartley's got all the right moves! Let her show you just how seductive the art of stripping can be for both sexes. Nina joins friends Marco Banderas, Marie Luv, and Evan Stone in this explicit guide to stripping for your partner and warming up for the incredible sex that follows!",
    "genres" : [ ]
  } ]
}