{
  "movies" : [ {
    "id" : 254147,
    "title" : "3 Mile Limit",
    "overview" : "Set in 1965, a true story of one man’s struggle to bring rock music to a nation, an iconic New Zealand story with a universal ‘David and Goliath’ theme. The youth will find it incredible this actually happened and existed as part of New Zealand society in the 1960′s. It’s a titanic struggle for freedom and ‘the choice to choose’.",
    "genres" : [ {
      "id" : 18,
      "name" : "Drama"
    } ]
  }, {
    "id" : 254152,
    "title" : "Secret of Deep Harbor",
    "overview" : "A reporter learns that his girlfriend's father, an old sea captain, is being paid by the mob to transport gangsters out of the country.",
    "genres" : [ {
      "id" : 53,
      "name" : "Thriller"
    }, {
      "id" : 18,
      "name" : "Drama"
    } ]
  }, {
    "id" : 254157,
    "title" : "Road to Revolution",
    "overview" : "Road to Revolution follows the journey of three Portuguese journalists who travel through Tunisia, Syria, Egypt and Libya, two years after the uprising that became known as the Arab Spring. There they meet the men and women who have experienced the consequences of revolution first-hand. From the bold resisters of Egypt's Tahrir Square to Syrian refugees, freedom fighters and the mothers of Libyan martyrs, Road to Revolution captures the voices of ordinary people caught up in extraordinary events, standing as an honest and intimate testimony of past, present and future.",
    "genres" : [ {
      "id" : 99,
      "name" : "Documentary"
    }, {
      "id" : 18,
      "name" : "Drama"
    } ]
  }, {
    "id" : 254162,
    "title" : "Twenty Something Taipei",
    "overview" : "In the Taiwanese capital of Taipei, the taboo of sex is racing through everyone's minds: a kindergarten teacher is a party animal at night, a sex-addicted hairstylist seduces anyone she can, a cyber angel hungers for various sexual relationships, and a lesbian swears to protect the women of the world. In their lives the questions of sex, love, and the game of romance plays through their minds, but will the answers ever come?",
    "genres" : [ ]
  }, {
    "id" : 254167,
    "title" : "Don't Pass Me By",
    "overview" : "A stirring story about regret, love, and second chances, woven together in a vignette style. The story follows four women who sit at a crisis point in their lives--their desires clouded by fear, duty, tragedy, and regret. As each story unfolds, the characters struggle to find the courage to live for themselves, to reclaim the relationships they have lost along the way, and to make time for the things that really matter.",
    "genres" : [ {
      "id" : 18,
      "name" : "Drama"
    } ]
  }, {
    "id" : 254172,
    "title" : "Fathers and Daughters",
    "overview" : "A Pulitzer-winning writer grapples with being a widower and father after a mental breakdown, while, 27 years later, his grown daughter struggles to forge connections of her own.",
    "genres" : [ {
      "id" : 18,
      "name" : "Drama"
    } ]
  }, {
    "id" : 254177,
    "title" : "Supernatural",
    "overview" : "In a futurist world, the Thai kingdom has been transformed by ‘The Leader’ into 'the Realm of people who have done good deeds and earned merits'. It’s a nice place to be, even though the inhabitants are plagued by an indefinable nostalgia. In the old days, people could at least touch each other. Although the Realm has reached version 2.0, technical possibilities remain limited.  This wondrous story of the future is interwoven with stories set in the present and past. According to Pansittivorakul, known for his independently-produced and taboo-breaking documentaries on homosexuality and politics, his first feature is science fiction, yet it is about today’s Thailand. For instance he criticises the need for religion and superstition.  But in the end, this very idiosyncratic, homo-erotically charged essay is above all about time: ‘Time influences everything. The past has to do with the present, and the present is linked to the future.’  IFFR",
    "genres" : [ {
      "id" : 878,
      "name" : "Science Fiction"
    }, {
      "id" : 35,
      "name" : "Comedy"
    }, {
      "id" : 18,
      "name" : "Drama"
    } ]
  }, {
    "id" : 254182,
    "title" : "Komödienstadel - Das sündige Dorf",
    "overview" : "A comedy directed by Olf Fischer.",
    "genres" : [ {
      "id" : 35,
      "name" : "Comedy"
    } ]
  }, {
    "id" : 254187,
    "title" : "Stan Lee's Mighty 7",
    "overview" : "When seven aliens crash land in the desert night, Stan Lee discovers that they are being chased by a top-secret military force led by Mr. Cross and his Chinese technical assistant, Lily. Stan hides the distressed aliens in his Malibu beach house, but when the evil reptilian Taegons invade Planet Earth days later, Stan needs to act quick! He teaches the seven aliens how to become superheroes, and in a climactic battle, Stan and the Mighty 7 defeat the Taegon invaders.",
    "genres" : [ {
      "id" : 878,
      "name" : "Science Fiction"
    }, {
      "id" : 16,
      "name" : "Animation"
    }, {
      "id" : 10751,
      "name" : "Family"
    } ]
  }, {
    "id" : 254192,
    "title" : "Falling for Art",
    "overview" : "A short directed by Lancelot von Naso.",
    "genres" : [ ]
  }, {
    "id" : 254197,
    "title" : "Compressed 02",
    "overview" : "I combined everyday soap bubbles with exotic ferrofluid liquid to create an eerie tale, using macro lenses and time lapse techniques. Black ferrofluid and dye race through bubble structures, drawn through by the invisible forces of capillary action and magnetism.",
    "genres" : [ ]
  }, {
    "id" : 254202,
    "title" : "Verfall",
    "overview" : "A short drama directed by Gerrit Hemsen and Uwe Langmann.",
    "genres" : [ {
      "id" : 18,
      "name" : "Drama"
    } ]
  }, {
    "id" : 254207,
    "title" : "Ladies' Man: A Made Movie",
    "overview" : "One guy wants to step out of the friendzone and be MADE into the ultimate ladies man.",
    "genres" : [ {
      "id" : 35,
      "name" : "Comedy"
    } ]
  }, {
    "id" : 254212,
    "title" : "Flirtation",
    "overview" : "A naive farmer encounters a beautiful burlesque dancer on the streets of New York and agrees to pose as her husband during her mother's visit.",
    "genres" : [ {
      "id" : 18,
      "name" : "Drama"
    }, {
      "id" : 10402,
      "name" : "Music"
    }, {
      "id" : 10749,
      "name" : "Romance"
    } ]
  }, {
    "id" : 254227,
    "title" : "Meet Sexton Blake",
    "overview" : "The famous detective and his trusty side-kick, Tinker, are called in by the War Office to find some important papers that were stolen from a man killed during an air raid.",
    "genres" : [ {
      "id" : 18,
      "name" : "Drama"
    }, {
      "id" : 53,
      "name" : "Thriller"
    } ]
  }, {
    "id" : 254232,
    "title" : "Teatro Amazonas",
    "overview" : "Teatro Amazonas is an elaborate, intriguing formalist experiment investigating the cinematic gaze and cultural exchange, and offering an unconventional ethnographic record of its Amazonian subjects engaged (and disengaged) in the act of spectatorship.",
    "genres" : [ {
      "id" : 99,
      "name" : "Documentary"
    } ]
  }, {
    "id" : 254242,
    "title" : "Son",
    "overview" : "August has to put up with quite a lot. Ever since his parents separated, his father no longer seems to have any time for him. To console him, his Dad gives him a sweet little dog. But his mother refuses to have the animal in her house and before long there are shouting matches on the phone again. August can hear them arguing through his bedroom door – it's something he seems to have become used to. When his mother remains adamant about not having the dog, August packs his bags to move in with his father. But there’s no place for him in his father’s new family either. And so the boy makes up his mind to create a drastic wake-up call. Told from the boy’s perspective, this coming-of-age drama describes the situation for children who are caught in the middle when their parents decide to separate.",
    "genres" : [ ]
  }, {
    "id" : 254247,
    "title" : "Keke Millionaire",
    "overview" : "A family man decides that his children must join him in his rat killing business. However, his eldest daughter has plans of her own to make money by dating rich men.",
    "genres" : [ ]
  }, {
    "id" : 254252,
    "title" : "Call Center Girl",
    "overview" : "Call Center Girl is a 2013 Filipino family comedy drama film directed by Don Cuaresma, starring Pokwang, Enchong Dee, and Jessy Mendiola.",
    "genres" : [ {
      "id" : 35,
      "name" : "Comedy"
    }, {
      "id" : 18,
      "name" : "Drama"
    } ]
  }, {
    "id" : 254257,
    "title" : "A Song for Tomorrow",
    "overview" : "Derek Wardwell (Shaun Noble) is struck with amnesia, and the last thing he remembers is the beautiful voice of opera singer Helen Maxwell (Evelyn Maccabe). When he regains consciousness, Wardwell thinks he's in love with her. After his amnesia is cured, Wardwell returns to his fiancee while Helen begins a romance with his doctor.",
    "genres" : [ {
      "id" : 18,
      "name" : "Drama"
    }, {
      "id" : 10749,
      "name" : "Romance"
    } ]
  }, {
    "id" : 254267,
    "title" : "Kill",
    "overview" : "",
    "genres" : [ ]
  }, {
    "id" : 254277,
    "title" : "Pixadores",
    "overview" : "Pixadores are a group of young men from the São Paulo favelas. They paint their message on incredible locations to fight the society that’s suppressing them. An invitation to the Berlin Biennale changes everything for the outcasts. Their art, however, won’t fit the frames provided by the establishment. As the men’s world expands outside the favelas, their friendship is put to test.",
    "genres" : [ {
      "id" : 99,
      "name" : "Documentary"
    } ]
  }, {
    "id" : 254282,
    "title" : "American Joyride",
    "overview" : "A down on their luck couple from South Georgia go on the run to get the money to repay a gambling debt, and decide to film their escapade, in hopes of selling their 'reality movie' to Hollywood for a quick buck. However, the danger becomes very real when their misguided foray into drug dealing does not go as planned, and they quickly find out they are in over their heads.",
    "genres" : [ {
      "id" : 12,
      "name" : "Adventure"
    }, {
      "id" : 35,
      "name" : "Comedy"
    }, {
      "id" : 18,
      "name" : "Drama"
    }, {
      "id" : 53,
      "name" : "Thriller"
    } ]
  }, {
    "id" : 254292,
    "title" : "L'amante tutta da scoprire",
    "overview" : "Erika (Nadia Cassini) and George (Francisco Cecilio), are two crooks hired by a rich lady (Maria Luisa San Jose) to get rid of her philandering husband (Yorgo Voyagis).",
    "genres" : [ {
      "id" : 35,
      "name" : "Comedy"
    } ]
  }, {
    "id" : 254297,
    "title" : "Peg Leg Pedro",
    "overview" : "Peg-Leg Pedro is a 1938 Technicolor cartoon sponsored film. A boy and girl on a trip are attacked by pirates while looking for treasure.",
    "genres" : [ ]
  }, {
    "id" : 254302,
    "title" : "High-Rise",
    "overview" : "Life for the residents of a tower block begins to run out of control.",
    "genres" : [ {
      "id" : 18,
      "name" : "Drama"
    } ]
  }, {
    "id" : 254307,
    "title" : "The Language of the Fox",
    "overview" : "An adaptation of Jorge Luis Borges' The Chinese Fox. A man steals an indecipherable note from a pair of mythological foxes only to have his personal life fall to pieces as a consequence.",
    "genres" : [ ]
  }, {
    "id" : 254312,
    "title" : "Na okraine, gde-to v gorode...",
    "overview" : "The problems of the soviet school system: A Mother, tired and stupefied by her two sons. A stepfather, who could not care less. A teacher, who is trying to reach the heart of every student, those guys who do not know, where to put their energy ...",
    "genres" : [ ]
  }, {
    "id" : 254317,
    "title" : "Magnum Begynasium Bruxellense",
    "overview" : "\"’Magnum Begynasium Bruxellense’ is a living chronicle of the inhabitants of the Béguinage area of Brussels, so named because it is located over the site of the old béguinage. Conceived of as an encyclopaedic inventory, the film is composed of around 30 chapters interlinked like so many pieces of a jigsaw puzzle, or an anthill of numerous and overlapping galaxies. It unrolls itself in the spaces and cracks of a day, beginning at dawn and ending at night. Beginning: One day... A strange story came to me... I had just woken up from a long dream... End: I walked the length of the canal over the wet cobblestones with my eyes shut, between deep walls, under trees long ago defeated. It was winter. The sun blinded me. It did not warm me. I thought I was travelling towards death.\" (source: www.borislehman.be, translated at Argos)",
    "genres" : [ ]
  }, {
    "id" : 254322,
    "title" : "Coming Out",
    "overview" : "Follow the personal journeys of Rachael, a 21 year-old lesbian living in California, coming out to her estranged father; and Nevin, a 20 year-old African American collegiate all-star athlete in Ohio, coming out to his college rugby team.",
    "genres" : [ ]
  }, {
    "id" : 254327,
    "title" : "40 Days of Silence",
    "overview" : "This is a passage between two faces, each the same, yet different. Bibicha’s face first appears in the dark, her eyes open and expression impassive, only her heavy breathing betraying the strain she feels. She will withstand the strain and take the vow of silence, retreating to her grandmother’s house for the 40 days to pass. The house and the landscape outside at least offer Bibicha certain sensory distractions: the taste of honey, the texture of a wall, an eye-catching bedspread, the view out over a sea of cloud, water fizzling on the stove. But it is not just her under strain, as her aunt’s frantic text messaging, her grandmother’s rueful acknowledgement of the stories of marital strife on the radio and her little cousin’s illegitimate status bear witness to. Four generations of women in the complete absence of men, yet all marked by their presence, the similarity of their fates blurring together different times and customs.",
    "genres" : [ {
      "id" : 18,
      "name" : "Drama"
    } ]
  }, {
    "id" : 254332,
    "title" : "Story of a Real Man",
    "overview" : "Alexey Meresyev was a fighter pilot during the war. One day he was shot down by Nazis, and because of his wounds both of his legs had to be cut off up to his knees. Because of his spirit and courage, Alexey was able to overcome his disability. He learned not only to walk on his artificial limps, but even dance and fly the plane again. Based on a real-life story.",
    "genres" : [ {
      "id" : 10752,
      "name" : "War"
    }, {
      "id" : 18,
      "name" : "Drama"
    } ]
  }, {
    "id" : 254337,
    "title" : "Summit on the Summit",
    "overview" : "The global clean water crisis brings Kenna, Jessica Biel, Emile Hirsch, Lupe Fiasco and more to face the ominous Mount Kilimanjaro.",
    "genres" : [ ]
  }, {
    "id" : 254342,
    "title" : "Get In the Trunk 3: All Trunks Go to Heaven",
    "overview" : "In the underground phenomenon and cult classic Get In the Trunk, #$%^@! infamous drug dealer Stretch got the best of two friends shoving one of them in a car trunk. In the sequel (Get In the Trunk 2: The Trunk Strikes Back) after disappearing for months the friend returned and sought his revenge this time stuffing Stretch himself in a trunk. The stakes are raised this time. Stretch is back in town, this time with a henchman named Constrict, running the drug game and eliminating foes while enjoying the finest hoes. The friends seek to get rid of Stretch for once and all by utilizing some \"trunk magic\" but will their gamble pay off?  Watch the film here:  http://youtu.be/cevuIHyc3DI",
    "genres" : [ {
      "id" : 28,
      "name" : "Action"
    }, {
      "id" : 35,
      "name" : "Comedy"
    } ]
  }, {
    "id" : 254347,
    "title" : "Io ti assolvo",
    "overview" : "",
    "genres" : [ {
      "id" : 18,
      "name" : "Drama"
    }, {
      "id" : 53,
      "name" : "Thriller"
    } ]
  }, {
    "id" : 254352,
    "title" : "Dirty Hands",
    "overview" : "A young intellectual, Hugo, joins the Communist Party out of a sense of idealism, only to see his principles manipulated by party leaders. He is given the assignment of killing Professor Hoederer, a party deviationist. However, he grows to admire the man and begins to have doubts about morals and revolutionary politics. But jealousy - Hugo thinks Hoederer has made love to his wife, Jessica - takes matters out of the political realm.",
    "genres" : [ {
      "id" : 18,
      "name" : "Drama"
    } ]
  }, {
    "id" : 254357,
    "title" : "Sense of Scale",
    "overview" : "Berton Pierce directed Sense of Scale, his first feature length documentary, with Tom Griep as co-producer. The film was made from 2010 to 2012. Berton travelled around America and Europe to interview the model makers personally. Altogether there are interviews with model makers from America, England, Germany, and Canada. Each offers a personal account of their work, and thoughts on the changes in the industry. The documentary is an oral history of the amazing hand crafted workmanship that has produced many iconic film effects over the last 35 years. It focuses on a subject Berton cares deeply about; how computer technology is slowly taking away practical hand made craftsmanship.",
    "genres" : [ {
      "id" : 99,
      "name" : "Documentary"
    }, {
      "id" : 878,
      "name" : "Science Fiction"
    } ]
  }, {
    "id" : 254362,
    "title" : "Navajazo",
    "overview" : "An imagined apocalypse is presented to us through portraits of people struggling to survive in a hostile environment, where they only have themselves and the only thing they have in common is the desire to live, no matter the cost.",
    "genres" : [ {
      "id" : 99,
      "name" : "Documentary"
    } ]
  }, {
    "id" : 254367,
    "title" : "Erotic Fantasies",
    "overview" : "Two women buy a home in the country, but they discover that it needs a lot of work. They raise the money for the repairs by providing the local female population with the sexual services of their hunky male friend.",
    "genres" : [ ]
  }, {
    "id" : 254372,
    "title" : "Cutting Deep",
    "overview" : "Cutting Deep is the very first feature length documentary about a Death Match Wrestler. It follows the German wrestler Thumbtack Jack in- and outside of the wrestling ring granting a deep look into the career and life of this unique athlete. It takes the viewer beyond what happens in the ring and reveals a person that couldn't be any more different from the sick and twisted character that Thumbtack Jack is inside of the ring.",
    "genres" : [ {
      "id" : 99,
      "name" : "Documentary"
    } ]
  }, {
    "id" : 254377,
    "title" : "Old Towns of Normandy",
    "overview" : "Travelogue by Andre de la Varre from 1938 of towns and historic sites along the French Normandy coast. Cathedrals and religious ceremonies in towns along the River Seine, such as Fecamp, Rouen, Les Andelys, and Lisieux.",
    "genres" : [ ]
  }, {
    "id" : 254382,
    "title" : "Natural Wonders of the West",
    "overview" : "This Traveltalk entry looks at some natural wonders of the western United States, including the Grand Canyon and the Devil's Tower. The last stop on the tour, an \"unnatural wonder,\" is the Mount Rushmore National Memorial, where sculptor Gutzon Borglum is hard at work. At the time of filming, only the head of George Washington was close to completion. Thomas Jefferson's face was almost finished; only the upper half of Abraham Lincoln's face is visible; and Theodore Roosevelt's head was not yet started.",
    "genres" : [ {
      "id" : 99,
      "name" : "Documentary"
    } ]
  }, {
    "id" : 254387,
    "title" : "En",
    "overview" : "A second Clammbon documentary, this time created during the rehearsal and performance of the Yomiuri Again &amp; Again ~Acoustic Sound &amp; Band Sound~ shows in September 2012, and released in 2013.",
    "genres" : [ ]
  }, {
    "id" : 254392,
    "title" : "Larry Clinton & His Orchestra with Bea Wain",
    "overview" : "Larry Clinton &amp; His Orchestra and two guest vocalists perform a number of songs.",
    "genres" : [ ]
  }, {
    "id" : 254397,
    "title" : "Ámsterdam",
    "overview" : "“Amsterdam” is a fictional film made from a screenplay written in collaboration with Argentinian author Reinaldo Laddaga, that researched and used the non semantical languages that where explored in previous works. The obstruction of understandable language allowed for the actors and the director to improvise when shooting the scenes. As spoken language and text became more and more abstracted through the filming process, the actors physical expression became the predominant form of communication. Under these working premisses, the act of filmmaking allows to experience an “state of exception” comparable to a moment of social anarchy. Ultimately “Amsterdam” perhaps can be considered a love story gone strange.",
    "genres" : [ ]
  }, {
    "id" : 254402,
    "title" : "The Palace",
    "overview" : "The Palace is a documentary that follows the everyday life of seventeen women who live together, sharing a large house for emotional and financial reasons. They help each other to train for various jobs. Most become nannies, domestic workers and private nurses for elderly patients.",
    "genres" : [ ]
  }, {
    "id" : 254407,
    "title" : "The Rest of the World",
    "overview" : "Alejandro is an artisan who lives with Kiara, his 7 year old daughter. This is the story of how they live in a small rented room in San Cristóbal de las Casas, Mexico",
    "genres" : [ {
      "id" : 99,
      "name" : "Documentary"
    }, {
      "id" : 18,
      "name" : "Drama"
    } ]
  }, {
    "id" : 254412,
    "title" : "The Tears of an Onion",
    "overview" : "It's harvesting season, so all the fruits and vegetables come out to play.",
    "genres" : [ {
      "id" : 10749,
      "name" : "Romance"
    }, {
      "id" : 16,
      "name" : "Animation"
    }, {
      "id" : 35,
      "name" : "Comedy"
    }, {
      "id" : 18,
      "name" : "Drama"
    } ]
  }, {
    "id" : 254417,
    "title" : "The Abashiri Family OVA",
    "overview" : "The infamous and most terrifying Mafia family in the world, the Abashiri family, is about to disband after years of murders and robbing banks. Along with the disbanding of the family a well guarded secret will be revealed and Kikunosuke, the strongest family member, is in the middle of it all.",
    "genres" : [ {
      "id" : 16,
      "name" : "Animation"
    } ]
  }, {
    "id" : 254422,
    "title" : "Ristabbanna",
    "overview" : "",
    "genres" : [ {
      "id" : 18,
      "name" : "Drama"
    } ]
  }, {
    "id" : 254427,
    "title" : "Stray Dogs",
    "overview" : "A reporter who lives an extreme life stumbles upon a countryside village one day and unravels the hideous secrets behind it.",
    "genres" : [ {
      "id" : 27,
      "name" : "Horror"
    } ]
  }, {
    "id" : 254432,
    "title" : "Sukaryot",
    "overview" : "Salah, an Israeli-Arab enterpriser, strives to bring happiness for the children of the Arab sector in Israel by opening a new chain of candy stores. 'The Firm', an Israeli corporation headed by Klausner , that controls Israeli candy market, resent Salah on his former business move - taking control over the Israeli market of Turkish coffee. Klausner sees the new business initiative of Salah as a real threat, not only a business one but also a cultural and a political one, even a real challenge against Zionism itself. In a disguise of a Business struggle the story reveals moral dilemmas and a cultural struggle: the Arab businessman trying to integrate in Modern Israel against the dominant Zionist culture.",
    "genres" : [ ]
  }, {
    "id" : 254437,
    "title" : "Paramount Headliner: Bob Crosby and His Orchestra",
    "overview" : "In a nightclub setting, Bob Crosby and His Orchestra play five numbers, as young couples dance in front of the bandstand, in contrasting styles ranging from Dixieland to Blues to Ragtime Pop to Swing: \"How'dja Like to Love Me?\", \"Pagan Love Song\", \"Moments Like This\", \"Romance in the Dark\" and one of the group's best-known recordings, \"The South Rampart Street Blues.\" The featured vocalist if Kay Weber and the drummer is Ray Bauduc.",
    "genres" : [ ]
  }, {
    "id" : 254442,
    "title" : "“May Your Memory Be Love“ - The Story of Ovadia Baruch",
    "overview" : "In March 1943, twenty-year-old Ovadia Baruch was deported together with his family from Greece to Auschwitz-Birkenau. Upon arrival, his extended family was sent to the gas chambers. Ovadia struggled to survive until his liberation from the Mauthausen concentration camp in May 1945. While in Auschwitz, Ovadia met Aliza Tzarfati, a young Jewish woman from his hometown, and the two developed a loving relationship despite inhuman conditions. This film depicts their remarkable, touching story of love and survival in Auschwitz, a miraculous meeting after the Holocaust and the home they built together in Israel. This film is part of the \"Witnesses and Education\" project, a joint production of the International School for Holocaust Studies and the Multimedia Center of the Hebrew University of Jerusalem. In this series, survivors recount their life stores - before, during and after the Holocaust. Each title is filmed on location, where the events originally transpired.",
    "genres" : [ {
      "id" : 99,
      "name" : "Documentary"
    }, {
      "id" : 36,
      "name" : "History"
    } ]
  }, {
    "id" : 254447,
    "title" : "Strange Glory",
    "overview" : "During the American Civil War, General Ulysses Grant carries out the 'Tennessee Plan,' which involves stopping the Confederate supply line on the Tennessee River. This proved to be a vital action for the North in its push south...",
    "genres" : [ ]
  }, {
    "id" : 254452,
    "title" : "This England",
    "overview" : "Set in Claverly Village, it follows the fortunes of the Rookebys (Clements) and the ne'r-do-well Appleyards (Williams) from the time of the Normans, 1588, 1804, 1914, and 1940. Made to support morale during the war, its message is basically that you can't suppress the British; they've been there since the beginning; they'll be there to the end.",
    "genres" : [ {
      "id" : 18,
      "name" : "Drama"
    }, {
      "id" : 36,
      "name" : "History"
    }, {
      "id" : 10749,
      "name" : "Romance"
    } ]
  }, {
    "id" : 254457,
    "title" : "National Geographic: Diamonds of War - Africa's Blood Diamonds",
    "overview" : "Hosted by investigative reporter Dominic Cunningham-Reid, this National Geographic TV special follows the international trade of illegal diamonds along a danger-filled route from Sierra Leone to Antwerp. Much of the footage is disturbingly authentic, culled via hidden cameras and surveillance photos. It is clear throughout that Cunningham-Reid and his crew are in grave danger as they article the tie-in between diamond smuggling and the financing of terrorists.",
    "genres" : [ {
      "id" : 99,
      "name" : "Documentary"
    } ]
  }, {
    "id" : 254462,
    "title" : "Prairie Moon",
    "overview" : "Gene takes care of three tough kids sent west from Chicago after their father died and left them a cattle ranch. They help him catch a bunch of rustlers.",
    "genres" : [ {
      "id" : 37,
      "name" : "Western"
    } ]
  }, {
    "id" : 254472,
    "title" : "Stung",
    "overview" : "A fancy garden party turns into upper class prey when a colony of killer wasps mutates into seven foot tall predators.",
    "genres" : [ {
      "id" : 35,
      "name" : "Comedy"
    }, {
      "id" : 27,
      "name" : "Horror"
    } ]
  }, {
    "id" : 254477,
    "title" : "Western Jamboree",
    "overview" : "Knowing that is contains valuable helium gas, a gang of bad guys first tries to purchase the ranch which Gene straw-bosses. When that fails, they lay a hidden pipeline to snag the gas.",
    "genres" : [ {
      "id" : 10749,
      "name" : "Romance"
    }, {
      "id" : 37,
      "name" : "Western"
    }, {
      "id" : 28,
      "name" : "Action"
    }, {
      "id" : 12,
      "name" : "Adventure"
    }, {
      "id" : 10402,
      "name" : "Music"
    } ]
  }, {
    "id" : 254482,
    "title" : "Pure Feud",
    "overview" : "Edgar Appletree learns the ins and outs of family feuding courtesy of Charlie McCarthy.",
    "genres" : [ {
      "id" : 35,
      "name" : "Comedy"
    } ]
  }, {
    "id" : 254487,
    "title" : "Make Me an Offer",
    "overview" : "A struggling antiques dealer (Peter Finch) thinks he has found the answer to his problems when he stumbles across a precious vase amid a range of other less desirable items.  The trouble is, the owners of the vase are pretty shrewd themselves and are not keen on letting it go for a song - meaning that our hapless chap has to pull out every trick in the book in order to win his prize.",
    "genres" : [ {
      "id" : 35,
      "name" : "Comedy"
    } ]
  }, {
    "id" : 254492,
    "title" : "Cabaret Berlin",
    "overview" : "",
    "genres" : [ ]
  }, {
    "id" : 254497,
    "title" : "See You",
    "overview" : "",
    "genres" : [ ]
  }, {
    "id" : 254502,
    "title" : "R20",
    "overview" : "A shy and reluctant Theology high school teacher in Thessaloniki-Greece decides to solve his erection problem by consulting a doctor for the first time after two years. The doctor just replies that the problem can be solved by R20. R20 is played fabulously by Dimitris Starovas. He is a former psychologist (now operating his father's import export meat business) that uses company trucks as moving brothels. R20 actually stands for: \"Russian 20 years old\" which eventually means that Lakis Lazopoulos has to cheat on his wife to solve his problem.",
    "genres" : [ {
      "id" : 35,
      "name" : "Comedy"
    } ]
  }, {
    "id" : 254507,
    "title" : "Something Strangely Familiar",
    "overview" : "An apocalypse in ink, soap and 35mm film, shot in high definition video.",
    "genres" : [ {
      "id" : 14,
      "name" : "Fantasy"
    }, {
      "id" : 10402,
      "name" : "Music"
    }, {
      "id" : 878,
      "name" : "Science Fiction"
    } ]
  }, {
    "id" : 254512,
    "title" : "Rambling Round Radio Row #4",
    "overview" : "The Happiness Boys, Billy Jones and Earnie Hare, are invited to a party, but separate themselves from the rest of the guests, so they can't be urged to perform. However, they are watching the other guests from radio doing their stuff: Song team Reece &amp; Dunn as well as the Funnyboners are singing; Smith Ballew and Frances Langford are exchanging love songs; Arthur Tracy tries his luck with a girl, just to find out that she prefers Bing Crosby; and 4 orchestra leaders are trying to find out who the best conductor is by conducting a piece of recorded music....",
    "genres" : [ ]
  }, {
    "id" : 254517,
    "title" : "Rambling 'Round Radio Row #10",
    "overview" : "The newspaper \"The Morning After Associated with The Night Before\" has not much to print except for its radio news. Here, some of the articles come to life, like the ones about Baby Rose Marie, Frank Novak, Jr., Roy Atwell, Tito Guizar, Harriet Lee, and Morton Downey.",
    "genres" : [ ]
  }, {
    "id" : 254522,
    "title" : "Swing Cat's Jamboree",
    "overview" : "\"Swing cat\" Louis Prima and his jazz quartette play songs and accompany featured singers and dancers.",
    "genres" : [ ]
  }, {
    "id" : 254527,
    "title" : "Songs",
    "overview" : "Simple, emotionally compelling documentary that delves into the songs that hold meaning in people's lives. It is composed of 18 sessions where the director engages his subjects in conversation about the song they picked. The end product is deeply personal stories about music and its intimate connection to memory, love, loss, self-discovery, regret, death, and life.",
    "genres" : [ {
      "id" : 99,
      "name" : "Documentary"
    }, {
      "id" : 10769,
      "name" : "Foreign"
    } ]
  }, {
    "id" : 254532,
    "title" : "The Little Cotton Girl",
    "overview" : "The urban legend of 'cotton girl'. The dead girl appeared in the bathrooms of schools to terrorize children.",
    "genres" : [ {
      "id" : 27,
      "name" : "Horror"
    }, {
      "id" : 14,
      "name" : "Fantasy"
    } ]
  }, {
    "id" : 254537,
    "title" : "Love Pains",
    "overview" : "",
    "genres" : [ {
      "id" : 35,
      "name" : "Comedy"
    } ]
  }, {
    "id" : 254542,
    "title" : "Perfect Assassins",
    "overview" : "When deadly terrorists strike, an FBI man, who is an expert on terrorist mentality, hunts their twisted \"creator,\" who may be connected with a disgraced professor from his past.",
    "genres" : [ {
      "id" : 28,
      "name" : "Action"
    }, {
      "id" : 53,
      "name" : "Thriller"
    } ]
  }, {
    "id" : 254547,
    "title" : "Walt Disney e l'Italia - Una storia d'amore",
    "overview" : "",
    "genres" : [ {
      "id" : 99,
      "name" : "Documentary"
    }, {
      "id" : 36,
      "name" : "History"
    } ]
  }, {
    "id" : 254552,
    "title" : "Hungry Hearts",
    "overview" : "The story focuses on a young, up-and-coming chef who caters a party for four mysterious women only to discover they have a shocking surprise in store for him.",
    "genres" : [ {
      "id" : 35,
      "name" : "Comedy"
    }, {
      "id" : 18,
      "name" : "Drama"
    } ]
  }, {
    "id" : 254557,
    "title" : "The Return of Goopy and Bagha",
    "overview" : "Goopy Bagha Phire Elo (Bengali: গুপী বাঘা ফিরে এলো) (1992) is the third sequel of Goopy Gyne Bagha Byne series. It was directed by Sandip Ray and written by his father Satyajit Ray. This film was released eleven years after its predecessor Hirak Rajar Deshe.",
    "genres" : [ {
      "id" : 10751,
      "name" : "Family"
    }, {
      "id" : 14,
      "name" : "Fantasy"
    } ]
  }, {
    "id" : 254562,
    "title" : "Where the Buffalo Roam",
    "overview" : "Tex returns to Santa Fe to find his Mother murdered. Foster runs the town and all crimes committed by his gang are blamed on Rogel and his men. He makes Tex Marshal but this backfires when Tex enlists Rogel and his men and goes after Foster who he now knows is responsible for his Mother's death.",
    "genres" : [ ]
  }, {
    "id" : 254567,
    "title" : "Disco Kung Fu",
    "overview" : "Kung Fu dancing",
    "genres" : [ {
      "id" : 35,
      "name" : "Comedy"
    } ]
  }, {
    "id" : 254572,
    "title" : "The Izu Dancer",
    "overview" : "In late 1920s Japan, a high school student (Tomokazu Miura) is vacationing in the Izu peninsula and sees a troupe of travelling performers. He becomes intrigued by Kaoru (Momoe Yamaguchi), a pretty and innocent young dancing girl in the group, and he tags along with them on their journeys.",
    "genres" : [ {
      "id" : 18,
      "name" : "Drama"
    } ]
  }, {
    "id" : 254582,
    "title" : "Oppressed Majority",
    "overview" : "On what seems to be just another ordinary day, a man is exposed to sexism and sexual violence in a society ruled by women.",
    "genres" : [ {
      "id" : 18,
      "name" : "Drama"
    } ]
  }, {
    "id" : 254587,
    "title" : "Another Audience With Ken Dodd",
    "overview" : "Once again, Ken Dodd (with over 40 years in his trade) performs his unique set in front of a host of celebrities gathered to show their appreciation of his enduring talent.",
    "genres" : [ ]
  }, {
    "id" : 254602,
    "title" : "Easy Money",
    "overview" : "Francesco, the star of this movie, is an employee that, tired of the everyday life monotony, on the advise of a friend, decides to change his life taking advantage of his amatory talents. He attends enviroments of the high society where he becomes friends of important people. He pursues assiduously the women to whom he givse himself with all his charm and sexual streght obtaining their complicity to reach his target. It doesn't take too long before he becomes rich and famous. The end will be a surprise.",
    "genres" : [ {
      "id" : 18,
      "name" : "Drama"
    } ]
  }, {
    "id" : 254607,
    "title" : "Bomba",
    "overview" : "A young man from rural Argentina arrives in Buenos Aires to present his graphic novel at a book fair. He gets into a taxi and discovers that he is sitting in a car bomb: the vehicle is packed with explosives. Driver and passenger are now prisoners of one another...",
    "genres" : [ {
      "id" : 28,
      "name" : "Action"
    }, {
      "id" : 18,
      "name" : "Drama"
    }, {
      "id" : 53,
      "name" : "Thriller"
    } ]
  }, {
    "id" : 254612,
    "title" : "Kurt und der Sessellift",
    "overview" : "It is the year 2012 AD. The entire Swiss Alpine region would be full of modern ski resorts if it were not for Kurt. Tucked away behind high mountains he reigns over the Haldigrat. Ten years ago, he saved an out-dated chair lift from demolition. Since then he operates it himself - headstrong, in all weathers and forthcoming. In this archaic world, where the contemporary clashes with the traditional, one can easily leave the everyday life behind.",
    "genres" : [ ]
  }, {
    "id" : 254617,
    "title" : "Negativipeg",
    "overview" : "An examination of Rory Lepine, who sent Winnipeg into a frenzy when he beat local legend Burton Cummings with a beer bottle in a 7-Eleven in 1985",
    "genres" : [ ]
  }, {
    "id" : 254622,
    "title" : "Chattes Contre Diamants",
    "overview" : "",
    "genres" : [ ]
  }, {
    "id" : 254627,
    "title" : "A Meeting with Milton Santos",
    "overview" : "The film deals with the process of globalization based on the thought of geographer Milton Santos, who through his ideas and practices, inspires the debate about Brazilian society and the construction of a new world. Santos discusses his views on the importance of respecting difference and his belief that an alternative globalisation model could wholly enfranchise all citizens of the world. An illustrious presence in 20th century social sciences, the man dubbed as ‘geography’s philosopher’ eloquently elucidates a developing world perspective on the global age.",
    "genres" : [ {
      "id" : 99,
      "name" : "Documentary"
    } ]
  }, {
    "id" : 254632,
    "title" : "H2Omx",
    "overview" : "Can a región of 22 million people become water sustainable? Mexico City was not built near water, but in the middle of a lake. To supply it with fresh water, it is necessary to bring it from other states. In addition, once sewage water leaves the city, it ends up in the state of Hidalgo to be used in agriculture. This is an environmental case study of the Valley of Mexico and its struggles to save itself as the population grows.",
    "genres" : [ ]
  }, {
    "id" : 254642,
    "title" : "Memory of the Camps",
    "overview" : "On the 29th September 1945, the incomplete rough cut of a brilliant documentary about concentration camps was viewed at the MOI in London. For five months, Sidney Bernstein had led a small team – which included Stewart McAllister, Richard Crossman and Alfred Hitchcock – to complete the film from hours of shocking footage. Unfortunately, this ambitious Allied project to create a feature-length visual report that would damn the Nazi regime and shame the German people into acceptance of Allied occupation had missed its moment. Even in its incomplete form (available since 1984) the film was immensely powerful, generating an awed hush among audiences. But now, complete to six reels, this faithfully restored and definitive version produced by IWM, is being compared with Alain Resnais’ Night and Fog (1955).",
    "genres" : [ {
      "id" : 99,
      "name" : "Documentary"
    }, {
      "id" : 36,
      "name" : "History"
    } ]
  }, {
    "id" : 254647,
    "title" : "Leave 'em Laughing",
    "overview" : "Based on a true story, Mickey Rooney plays real-life clown Jack Thum. Thum and his wife cared for dozens of unwanted children. When Thum realizes he has terminal cancer, he falls apart and his wife must help him regain his innerstrength and deal with reality. (IMDB)",
    "genres" : [ {
      "id" : 10770,
      "name" : "TV Movie"
    } ]
  }, {
    "id" : 254652,
    "title" : "Dan Quichotte Et Les Femmes",
    "overview" : "Dan Quichotte is the heir of the famous Don Quichotte. He is sent on a crusade that will take him between the legs of a lot of pretty girls",
    "genres" : [ ]
  }, {
    "id" : 254657,
    "title" : "The Man from Hell's Edges",
    "overview" : "A cowboy after the man that killed his father goes to prison to get in with his gang.",
    "genres" : [ ]
  }, {
    "id" : 254662,
    "title" : "Verlassen sie bitte ihren Mann",
    "overview" : "",
    "genres" : [ {
      "id" : 35,
      "name" : "Comedy"
    } ]
  }, {
    "id" : 254672,
    "title" : "The Wrath Of Vajra",
    "overview" : "In the 1930s , a Japanese cult called The Temple of Hades was ordered to cooperate with the Japanese military to destroy China. They buy so many  young children from poor family , who will be trained as a lethal killing machine and serve the Empire of Japan. One of them is Vajra , who was forced by his captors to fight for the food , and accidentally causing the death of his brother. Several years later , Vajra grown up and become one of the biggest killer in the Hades sect. Vajra escapes to China and joins Shaolin , where he receives spiritual enlightenment and determined to support China against Japan.",
    "genres" : [ {
      "id" : 14,
      "name" : "Fantasy"
    }, {
      "id" : 28,
      "name" : "Action"
    }, {
      "id" : 27,
      "name" : "Horror"
    } ]
  }, {
    "id" : 254677,
    "title" : "Body Shot",
    "overview" : "Paparazzi photographer Mickey Dane is obsessed with elusive pop singer Chelsea, and his attempts to capture her on film often land him in trouble.",
    "genres" : [ ]
  }, {
    "id" : 254682,
    "title" : "The Man from Morocco",
    "overview" : "With the ending of the Spanish Civil War, a dispirited band of volunteers from the International Brigades seeks refuge in France. But on reaching the frontier the band is disarmed, and all are detained as political prisoners. Then come instructions from Vichy that all fit prisoners are to be sent to Morocco to work on the Sahara railway for the Germans. However, one man manages to escape to London with vital information for the Allies...",
    "genres" : [ {
      "id" : 28,
      "name" : "Action"
    }, {
      "id" : 12,
      "name" : "Adventure"
    } ]
  }, {
    "id" : 254692,
    "title" : "John Martyn: Johnny Too Bad",
    "overview" : "This honest and often blackly hilarious film shows Martyn at home in Ireland, during the lead-up to and aftermath of an operation to have one of his legs amputated below the knee.  Contributors include sometime collaborator and buddy Phil Collins, the late Robert Palmer, Ralph McTell, Island Records founder Chris Blackwell, fellow hellraiser bassist Danny Thompson, John's ex-wife Beverley Martyn and younger generation fan Beth Orton.  We see a man incapable of compromising his creative vision, from his folk club roots in the Sixties, through a career of continuous musical experimentation. Along the way there is a surreal roll-call of accidents and incidents, including a collision with a cow",
    "genres" : [ {
      "id" : 10402,
      "name" : "Music"
    }, {
      "id" : 99,
      "name" : "Documentary"
    } ]
  }, {
    "id" : 254697,
    "title" : "Gary Barlow On Her Majesty's Service",
    "overview" : "On Her Majesty’s Service follows Gary Barlow as he embarks on a mission to record a special song to celebrate the Queen's Diamond Jubilee. He writes the melody with Lord Lloyd Webber, but wants performers from around the Commonwealth to play on it. Prince Charles gives Gary some suggestions before he begins an extraordinary trip, recording a vast number of musicians on their home turfs to make the unique record \"Sing\".",
    "genres" : [ {
      "id" : 99,
      "name" : "Documentary"
    } ]
  }, {
    "id" : 254702,
    "title" : "Gun Play",
    "overview" : "A cowboy comes to the aid of a lady rancher threatened by Mexican bandits who believe there is a treasure buried on her land.",
    "genres" : [ ]
  }, {
    "id" : 254707,
    "title" : "Sight Sound",
    "overview" : "Surfing is supposed to be an individual act. It's supposed to elicit creativity and take place in a natural environment. It's supposed to have moments familiar and original. It's supposed to be both elegant and raw. Surfing isn’t supposed to be choreographed. The surfer and board do what they want. Let them be seen as they want to be seen; let them be heard through only their motions. Let them surf in climates warm and cold, on waves big and small, on boards long and short, in countries near and far. Let the camera capture what it can. Let there be Sight Sound. From the surfer-director of Picaresque, is another film without dialogue. Another group of talented individuals doing what they do best, with an eclectic soundtrack mixed-in to enhance the vibe.",
    "genres" : [ {
      "id" : 99,
      "name" : "Documentary"
    } ]
  } ]
}