{
  "movies" : [ {
    "id" : 138432,
    "title" : "The Tragedy of Flight 103: The Inside Story",
    "overview" : "Examination of the events that led to the 1988 bombing of Pan Am flight 103 over Lockerbie, Scotland.",
    "genres" : [ ]
  }, {
    "id" : 138452,
    "title" : "The Goon",
    "overview" : "“The Goon” comic, which debuted in 1998 and was picked up by Dark Horse in 2003, is about a hulking orphan raised by his aunt, a strong-woman for a carnival. When a gangster named Labrazio guns down the aunt, the Goon kills the gangster and takes over his operation.",
    "genres" : [ {
      "id" : 35,
      "name" : "Comedy"
    } ]
  }, {
    "id" : 138457,
    "title" : "Umphrey's McGee: Live At Red Rocks",
    "overview" : "Umphrey’s McGee was back and better than ever for this blowout at the storied Red Rocks Amphitheatre. Playing to a near capacity crowd, UM rose to the occasion and brought the thunder. Shot in stunning HD, these videos encapsulate the essence of the band: raw yet precise, energetic yet focused, relaxed yet tight.  Including Radiohead’s Weird Fishes/Arpeggi, the band mixed old classics with fresh material for an engaging and raucous show.  Hold on tight. Rage. Rest. Repeat.",
    "genres" : [ ]
  }, {
    "id" : 138472,
    "title" : "Virgin Nightmares",
    "overview" : "The execution of an alluring witch from the past opens an erotic portal to another dimension. When a poor young family moves into a desolate house, they are haunted by the strange crakes in the wall. The occult atmosphere forces the husband into bizarre sexual acts. Cruelty brews as no one, not even their young daughter, is safe from the powerful and erotic evil emanating from the unexplained fissures. A unique tale of a Japanese horror with a sensual twist that you've never seen!",
    "genres" : [ ]
  }, {
    "id" : 138477,
    "title" : "Don Sullivan's Secrets to Training the Perfect Dog",
    "overview" : "From a theoretical point of view, this DVD set gives you a thorough understanding of the philosophy behind Don's training System. On the practical side, the DVDs cover everything from basic and advanced commands, dealing with a variety of problem behaviors, creating boundary line safety, to even teaching your dog how to swim! With logical, easy to apply, step-by-step instruction, this DVD set will leave you with the feeling, \"Wow, this guy really makes sense, and I know I can do it too!\"",
    "genres" : [ ]
  }, {
    "id" : 138487,
    "title" : "Uncontrollable",
    "overview" : "A writer interviews a convicted killer about the mysterious circumstances that lead him to commit murder.",
    "genres" : [ ]
  }, {
    "id" : 138497,
    "title" : "The Sound of Mumbai: A Musical",
    "overview" : "For one emotional night, a group of slum children in Mumbai, India, get a chance to experience a different world as they perform The Sound of Music with a classical orchestra, fostering hopes that it could change their lives forever.",
    "genres" : [ {
      "id" : 10402,
      "name" : "Music"
    }, {
      "id" : 99,
      "name" : "Documentary"
    } ]
  }, {
    "id" : 138502,
    "title" : "Offline",
    "overview" : "A man attempts to reclaim the life that prison took from him but his dark past threatens to ruin everything.",
    "genres" : [ {
      "id" : 18,
      "name" : "Drama"
    } ]
  }, {
    "id" : 138512,
    "title" : "Nuyorican Dream",
    "overview" : "Chronicles the ups and downs of a poverty-stricken Puerto Rican family living in New York.",
    "genres" : [ {
      "id" : 99,
      "name" : "Documentary"
    } ]
  }, {
    "id" : 138517,
    "title" : "Under Heaven",
    "overview" : "Two young lovers try to con a wealthy woman out of her inheritance by pretending to be brother and sister.",
    "genres" : [ {
      "id" : 10749,
      "name" : "Romance"
    }, {
      "id" : 18,
      "name" : "Drama"
    } ]
  }, {
    "id" : 138522,
    "title" : "Few of Us",
    "overview" : "A slow, dialogue-free film about a woman's journey in Siberia.",
    "genres" : [ {
      "id" : 18,
      "name" : "Drama"
    } ]
  }, {
    "id" : 138527,
    "title" : "Trudy",
    "overview" : "A forgotten teenager is home alone and on hallucinatory drugs. She's trying to figure out if there is a man inside her house. Her bad trip turns deadly as the paranoia consumes her.",
    "genres" : [ ]
  }, {
    "id" : 138542,
    "title" : "Hilary Duff - The Concert - The Girl Can Rock",
    "overview" : "Hit the road with Hilary Duff on her first concert tour and see what life is like on centre stage.  Hilary and her band rock out to all your favorite songs, including \"Come Clean\", \"So Yesterday\", \"Why Not\" and \"Metamorphosis\".  Get up close and personal with Hilary in revealing interviews, crazy behind-the-scenes moments and special features - including the making of her \"Come Clean\" music video!  And, you won't want to miss the exclusive sneak peek of Hilary recording her all-new album featuring \"Crash World\".  Join Hilary as she explores new adventures as a rock star, and find out more about her life on and off the stage.  Take a front row seat and get ready because The Girl Can Rock!",
    "genres" : [ {
      "id" : 10402,
      "name" : "Music"
    } ]
  }, {
    "id" : 138547,
    "title" : "The Dutch Eagles - Live at Caprera",
    "overview" : "Registration of the concert at the Caprera Theatre in Bloemendaal, part of  the \"Welcome Back To Hotel Califormia Tour\". Tracklisting: 1. How Long - 2. Witchy Woman - 3. Tequila Sunrise - 4. Doolin'Dalton - 5. Lyin' Eyes - 6. Pretty Maids (All in a Row) - 7. Wasted Time - 8. Peaceful Easy Feeling - 9. New Kid in Town - 10. Take It to the Limit - 11. Hotel California - 12. Bitter Creek - 13. Train Leaves Here - 14. The Sad Café (with Tom Beek) - 15. The Long Run (with Tom Beek) - 16. Life in the Fast Lane - 17. One of these Nights - 18. Rocky Mountain Way - 19. Already Gone - 20. In the City - 21. Take it Easy - 22. Heartache Tonight - 23. Desperado - 24. The Last Resort - 15. Seven Bridges Road",
    "genres" : [ {
      "id" : 10402,
      "name" : "Music"
    } ]
  }, {
    "id" : 138567,
    "title" : "Escape from Coral Cove",
    "overview" : "A group of young, rich, boring idlers spends some summer days in the beach resort of Coral Cove. They waterski. They dive. They are jealous. They are potential final girls. One of 'em is called Four-Eyes (Louis Kong) and has a little brother.  After hours of painful \"excitement\" with them, a friendly dead guy (Roy Cheung) starts to kill off the annoying people. Instead of thanking the dead guy or making him president of the yacht club or something, a security guard calls his uncle, a buddhist exorcist.  Too bad for him that he's a crap exorcist, and doesn't survive the meeting with dead guy.",
    "genres" : [ {
      "id" : 12,
      "name" : "Adventure"
    }, {
      "id" : 27,
      "name" : "Horror"
    } ]
  }, {
    "id" : 138577,
    "title" : "Death Tube 2",
    "overview" : "The sequel to the exciting terror film! 'Death Tube,' the website where murders are streamed live in real time, is back online with a new generation of challengers / victims! Who will escape and what will be left of them? The real killer is about to be revealed!  A new crop of contestants turn up to participate in a vicious game of life or death, broadcast live over the internet for all the world to see.",
    "genres" : [ ]
  }, {
    "id" : 138587,
    "title" : "Nothing to Report",
    "overview" : "In 1956, the professional army of France lacks the manpower to keep the peace in Algeria, the colony which the country is determined to hold on to at any price. For this reason, reservists are called up and subject to an intense period of training before being sent to the front. Rémy March, Alain Charpentier and Raymond Dax are three such young men who have no interest in the military escapade and are reluctant conscripts. What they witness in Algeria will appall and transform them. Rape, torture, executions... there is no end to the atrocities in which they become unwilling participants. No wonder the French military are so willing to proclaim that there is nothing to report...",
    "genres" : [ {
      "id" : 10752,
      "name" : "War"
    } ]
  }, {
    "id" : 138592,
    "title" : "Blood Call",
    "overview" : "A series of strange stalkings lead three girls to flee to the remote countryside where the nightmare really begins.",
    "genres" : [ {
      "id" : 80,
      "name" : "Crime"
    } ]
  }, {
    "id" : 138597,
    "title" : "The Kills - 10th Anniversary ‘Live in NYC’",
    "overview" : "On Saturday night (February 11) the Kills celebrated their tenth anniversary in style, with a Live in NYC performance in front of 3,000 fans/party-goers at New York’s Terminal 5. The seething, slithering Mosshart donned pink hair for the occasion, while Hince exuded the rock star confidence of, well, a rock star married to a supermodel, goading the crowd and at times, holding up his guitar like a shotgun. At one point Hince managed to use the mic stand as a guitar slide, much to Mosshart’s delight. The duo was flanked by a quartet of ominous drummers for most of the evening, giving the sound and sights some added grandiosity for the special occasion.  Tracklist:\r No Wow/Future Starts Slow/Heart Is a Beating/Kissy Kissy/URA Fever/DNA/Satellite/Last Day of Magic/Crazy/Back of the Shell/Black Balloon/Baby Says/You Don’t Own the Road/Tape Sing/Cheap and Cheerful/Pots and Pans/Last Goodbye/Nail in My Coffin/Sour Cherry/Fuck the People/Monkey 23",
    "genres" : [ ]
  }, {
    "id" : 138602,
    "title" : "Alchemy And Other Imperfections",
    "overview" : "A man and a woman have completely lost touch with the outside world - that is until the woman takes one last desperate measure to erase the pesky memory that ruined their lives.",
    "genres" : [ ]
  }, {
    "id" : 138617,
    "title" : "Explosions in the Sky at Coachella",
    "overview" : "Explosions In The Sky's full live set from Coachella, 2012.",
    "genres" : [ {
      "id" : 10402,
      "name" : "Music"
    } ]
  }, {
    "id" : 138622,
    "title" : "Beauty and the Least",
    "overview" : "When they say “love is blind” they must have been talking about Amy and Ben. Amy is a beautiful young woman with a mysterious past. Ben is a scruffy slacker, whose only ambition seems to be avoiding growing up. However, Amy sees something in Ben that Ben doesn't see in himself, which gives Ben the confidence to make something of his life. The power of love shows Ben that being a grown-up isn't such a bad thing after all.",
    "genres" : [ {
      "id" : 10749,
      "name" : "Romance"
    }, {
      "id" : 18,
      "name" : "Drama"
    } ]
  }, {
    "id" : 138627,
    "title" : "The Bar at the Crossing",
    "overview" : "In 1916, Vincent van Horst leaves Europe to return to his Canadian homeland. There, he seeks his former love, Maria... but the lady's pride is hurt and she refuses to see him. Vincent then falls for a younger woman, Annie.",
    "genres" : [ ]
  }, {
    "id" : 138632,
    "title" : "Maid of honor",
    "overview" : "While driving in the road, Richard Wynn crashes his car and his beloved wife Carrie Wynn dies. Along two years, his sister-in-law Laci Collins moves to his house and helps Richard to raise his son Danny Wynn and his teenage daughter Molly Wynn. When Richard decides to get married with Nicole Harris, the deranged and psychotic Laci that is in love for Richard, tries to force Richard to call off the wedding with malevolence against Nicole and manipulating Danny.",
    "genres" : [ {
      "id" : 53,
      "name" : "Thriller"
    } ]
  }, {
    "id" : 138637,
    "title" : "Matters of Life & Dating",
    "overview" : "Linda Dackman has been diagnosed with breast cancer, but this does not prevent she from seeing the positive side of life and continue their quest for Prince Charming.",
    "genres" : [ ]
  }, {
    "id" : 138642,
    "title" : "Cyrano and d'Artagnan",
    "overview" : "Duelist and poet Cyrano de Bergerac and musketeer d'Artagnan meet and team up to stop the conspiracy against King Louis XIII of France.",
    "genres" : [ {
      "id" : 12,
      "name" : "Adventure"
    } ]
  }, {
    "id" : 138647,
    "title" : "Operación Algeciras",
    "overview" : "Spring, 1982. During the conflict of the islands Malvinas, a secret command of the Marine Argentina, comes to Spain with the mission to sabotage the British Base of Gibraltar across the Embassy in Madrid. A few events that they have to see with Spain in the times of the government of Bald man Sotelo, during the conflict that faced the United Kingdom and Argentina. The history is narrated and reconstructed by his own protagonists who reveal a few facts palmed to the public opinion and to the justice.",
    "genres" : [ ]
  }, {
    "id" : 138657,
    "title" : "Jean Jaurès, naissance d'un géant",
    "overview" : "",
    "genres" : [ {
      "id" : 36,
      "name" : "History"
    } ]
  }, {
    "id" : 138667,
    "title" : "Cameraman Ganga Tho Rambabu",
    "overview" : "As for the film, Cameraman Ganga Tho Rambabu is another story of corrupt Indian politics brought to its knees by a single man, in this case Pawan Kalyan's Rambabu. When Rambabu is spotted defusing a potential riot he becomes something of a folk hero in Andhra Pradesh, and Cameraman Ganga (Tamannah), a newswoman eager to climb the corporate ladder, decides to take advantage of his new celebrity by bringing him on as an investigative reporter of sorts at her TV station. There is tension, suspense, a love triangle, murder, and numerous fights and songs, and it all adds up to what seems to be an above average masala film, and a return to form for director Puri Jagannadh.",
    "genres" : [ {
      "id" : 10769,
      "name" : "Foreign"
    }, {
      "id" : 18,
      "name" : "Drama"
    } ]
  }, {
    "id" : 138672,
    "title" : "Agent Ranjid rettet die Welt",
    "overview" : "Kaya Yanar (born 20 May 1973 in Frankfurt am Main, Germany) is a German comedian best known for his comedy show Was guckst du?! (Whaddaya lookin' at?!).  In 2006 he ended his comedy show to pursue a film project. In 2012 \"Agent Ranjid rettet die Welt\" was released.",
    "genres" : [ {
      "id" : 35,
      "name" : "Comedy"
    } ]
  }, {
    "id" : 138697,
    "title" : "Don Jon",
    "overview" : "A New Jersey guy dedicated to his family, friends, and church, develops unrealistic expectations from watching porn and works to find happiness and intimacy with his potential true love.",
    "genres" : [ {
      "id" : 10749,
      "name" : "Romance"
    }, {
      "id" : 35,
      "name" : "Comedy"
    }, {
      "id" : 18,
      "name" : "Drama"
    } ]
  }, {
    "id" : 138702,
    "title" : "Field of Amapolas",
    "overview" : "Farmer Emilio is forced to work for his cousin gathering the poppy crop while his nine-year-old son Simon befriends a girl of his age. She is obsessed with playing with a puppy dog she can't afford. Simon steals it for her every day, but returns it each night. One day, the cousin discovers Simon's secret and decides to use him for his own greedy plan.",
    "genres" : [ ]
  }, {
    "id" : 138717,
    "title" : "Hatred",
    "overview" : "A young woman fleeing Iran via Turkey will do whatever it takes to reach the West. One evening she meets a young Turkish-Iranian man outside a club in Istanbul and offers to get him into the club for free. A a relationship develops between them and she convinces him to leave Turkey with her. They initially approach a relative of the young man, who owns a carpet shop, to help them escape but between drugs and fiery temperaments things seriously misfire. They then try to to hustle for the money they need to pay for fake passports and visas but in the carpet bazaar of Istanbul they are out of their depth.",
    "genres" : [ ]
  }, {
    "id" : 138722,
    "title" : "Killing Time",
    "overview" : "Two hit men wait for their next target in an empty apartment. The hours go by. Little by little, they start losing their patience and their temper. Pretty soon, they may even lose their lives. Killing time can be a deadly affair.",
    "genres" : [ ]
  }, {
    "id" : 138727,
    "title" : "Superzam el invencible",
    "overview" : "The first solo feature of super-powered, \"flying\", telepathic luchador Superzan, in which he saves the world from three midget aliens in silver suits.",
    "genres" : [ ]
  }, {
    "id" : 138732,
    "title" : "Zagor kara bela",
    "overview" : "Zagor is a costumed hero in the tradition of Batman or the Phantom who has been transplanted to the old west, with perhaps a bit of Tarzan thrown into the mix for extra pop cultural resonance. The son of a white army officer and his wife who were slain by Indians, Zagor was raised by a trapper who taught him to be murderously handy with an ax, a task that would come in handy when he embarked on his planned mission of vengeance against his parents' killers. Upon reaching adulthood, however, Zagor discovered that his father had also been responsible for the deaths of many Indians, and that the moral line was not drawn as clearly as he had initially thought. As a result, he vowed to become an equal opportunity protector of the oppressed, whether they be white settlers or Indians.",
    "genres" : [ ]
  }, {
    "id" : 138747,
    "title" : "Eclipse of the Sun Virgin",
    "overview" : "Eclipse of the Sun Virgin is a 16mm, film; directed by George Kuchar. The film is based on dealing with a poignant self-identity and the feeling of void between pornography.",
    "genres" : [ ]
  }, {
    "id" : 138752,
    "title" : "Return to Reason",
    "overview" : "Experimental film, white specks and shapes gyrating over a black background, the light-striped torso of Kiki of Montparnasse (Alice Prin), a gyrating eggcrate. One of the first Dadaist films.",
    "genres" : [ ]
  }, {
    "id" : 138757,
    "title" : "James Batman",
    "overview" : "An evil syndicate is set to conquer the world, and the mission is to stop them from fulfilling their viscious plans. The consequences of their failure may mean the destruction of all dissenting countries who stand in their way. All countries must bow to their power before the deadline of five days expires. The solution is sending in their best operatives; James Hika, and the dynamic duo of Batman and Robin. They are first detested with working with each other, but for the safety of the world, they join forces. Through thick and thin, they survive the syndicate's plan to dispose of them. They get closer to stopping the syndicate plan, but there is a traitor in their midst. Will this deter them from achieving their goal?",
    "genres" : [ {
      "id" : 28,
      "name" : "Action"
    }, {
      "id" : 12,
      "name" : "Adventure"
    }, {
      "id" : 35,
      "name" : "Comedy"
    }, {
      "id" : 878,
      "name" : "Science Fiction"
    } ]
  }, {
    "id" : 138767,
    "title" : "Room 514",
    "overview" : "A young, idealistic female Israeli military investigator confronts an elite commander with accusations of unnecessary violence in the Occupied Territories. Her integrity and determination are put to the test as the case proves less black-and-white than it originally seemed.",
    "genres" : [ ]
  }, {
    "id" : 138772,
    "title" : "The Neighbor's Wife and Mine",
    "overview" : "Like Ernst Lubitsch, whom he studied, Gosho was an early experimenter in the narrative uses of sound (and silence). Japan’s first “all talkie,” this charming comedy lends itself to a natural use of sound. A playwright is distracted from his work by the din of a jazz band practicing next door. He goes over to complain but is totally disarmed by the lady of the house. The whole film plays on the presence of sound, from blaring horns and crying children to the duets our hero engages in with the neighbor’s wife to the dismay of his own spouse. The film also demonstrates the growing importance of Western influences to the Japanese. American jazz, modern French painting, and Western dress are treated positively, if comically. But nothing quite prepares one for the closing duet of husband and wife singing “My Blue Heaven” on their Sunday outing with the children. Look for Gosho’s signature use of brief, separate shots, another influence from abroad. —BAM/PFA",
    "genres" : [ {
      "id" : 18,
      "name" : "Drama"
    }, {
      "id" : 35,
      "name" : "Comedy"
    } ]
  }, {
    "id" : 138792,
    "title" : "Mold!",
    "overview" : "Set in 1984, when the war on drugs was at its height, the story concerns a strain of mold developed by the government to wipe out Colombian coca fields. Unfortunately, during a demonstration, the mold gets out of control and proves to be deadly to more than just vegetation.",
    "genres" : [ {
      "id" : 18,
      "name" : "Drama"
    }, {
      "id" : 10769,
      "name" : "Foreign"
    } ]
  }, {
    "id" : 138797,
    "title" : "Il Banchetto di Platone",
    "overview" : "",
    "genres" : [ ]
  }, {
    "id" : 138802,
    "title" : "Testament: Seen Between the Lines",
    "overview" : "Seen Between the Lines is a live Testament home video that was released June 25, 1991 on VHS and re-released to DVD on March 8, 2005.  \"Eerie Inhabitants\" \"Face In the Sky\" \"Greenhouse Effect\" \"Souls of Black\" \"Sins of Omission\" \"Disciples of the Watch\"",
    "genres" : [ ]
  }, {
    "id" : 138827,
    "title" : "Penance",
    "overview" : "The murder of a young girl leaves the inhabitants of a small Japanese village in shock. The body of Emili is found by four classmates with whom she was playing. The murder is never solved. Emili's mother Asako is torn by grief and puts a curse on the four girls when they claim not to remember the killer's face. Each of the girls, in their own way, will do penance for their silence.",
    "genres" : [ {
      "id" : 18,
      "name" : "Drama"
    } ]
  }, {
    "id" : 138832,
    "title" : "We're the Millers",
    "overview" : "A veteran pot dealer creates a fake family as part of his plan to move a huge shipment of weed into the U.S. from Mexico.",
    "genres" : [ {
      "id" : 35,
      "name" : "Comedy"
    }, {
      "id" : 80,
      "name" : "Crime"
    } ]
  }, {
    "id" : 138852,
    "title" : "Dance Academy",
    "overview" : "Blue-collar worker Vince stumbles into a dance school, where he quickly becomes entranced by the music. Miss McKenzie, the school's manager and former owner, is about to throw him out on his ear when Moon, the school's rebellious new jazz instructor, vouches for him. Although the school's new owner has insisted on bringing in Moon as a teacher, Miss McKenzie absolutely hates him and the influence of his mordern music, and will stop at nothing to see him (and Vince) thrown out for good.",
    "genres" : [ {
      "id" : 10402,
      "name" : "Music"
    }, {
      "id" : 18,
      "name" : "Drama"
    }, {
      "id" : 35,
      "name" : "Comedy"
    } ]
  }, {
    "id" : 138857,
    "title" : "Valentina... The Virgin Wife",
    "overview" : "Valentina and Giovannino have just got married, but the Honeymoon has gone by and nothing happened between the two. Tension grows and they are about to break up the marriage, until a French tourist satisfies Valentina, while Giovannino regains his virility with his mother in law.",
    "genres" : [ {
      "id" : 35,
      "name" : "Comedy"
    } ]
  }, {
    "id" : 138887,
    "title" : "Girl Seduction",
    "overview" : "Misty Mundae (starring in internationally released Play-Mate of the Apes, Gladiator Eroticus, Lord of the G-Strings, and SpiderBabe) is the hottest, most sought after actress in erotic cinema. Her virginal, girl-next-door beauty and seemingly innocent demeanor seduce both men and women, creating a sexual energy that burns up the screen. Due to the overwhelming demand, Seduction Cinema has compiled Misty's finest work to date and presents, for the very first time, the DEFINITIVE MISTY MUNDAE collection.  This EXCLUSIVE collection of Misy Mundae featurettes includes OVER FOUR HOURS of Rare Misty Short Films, including:  * My Date With Misty Mundae * Inside Misty Mundae * Girlfriend * Three Nudes and a Camera * Bi-Curious * Virgin Cheerleader * And much more!!",
    "genres" : [ {
      "id" : 35,
      "name" : "Comedy"
    }, {
      "id" : 10402,
      "name" : "Music"
    }, {
      "id" : 10749,
      "name" : "Romance"
    } ]
  }, {
    "id" : 138907,
    "title" : "Sassy Pants",
    "overview" : "Desperate to get out from under her overprotective mother, a home-schooled teen runs off to live with her dad, and forms a bond with his much-younger boyfriend.",
    "genres" : [ {
      "id" : 35,
      "name" : "Comedy"
    }, {
      "id" : 18,
      "name" : "Drama"
    } ]
  }, {
    "id" : 138912,
    "title" : "I'm Here For You",
    "overview" : "It’s a love story crossing the Straits and all difficulties. A Taiwanese girl Xie Yijia comes to a city named Ningzhou on the west bank of the Straits, for the purpose of seeking dreams and fulfilling wishes for her old family. She meets a local photographer called Lin Da and invites him to join her journey.",
    "genres" : [ ]
  }, {
    "id" : 138917,
    "title" : "The Beau Brummels",
    "overview" : "Vaudeville team Shaw &amp; Lee sing songs and tell jokes in hilarious deadpan.",
    "genres" : [ {
      "id" : 35,
      "name" : "Comedy"
    } ]
  }, {
    "id" : 138922,
    "title" : "Hash House Mashers",
    "overview" : "A boy pines for the girl next door to the dismay of both their parents.",
    "genres" : [ {
      "id" : 35,
      "name" : "Comedy"
    } ]
  }, {
    "id" : 138947,
    "title" : "First Strike",
    "overview" : "Jordan Tyler has the skill of a Ninja.... with telepathic powers.... He can see the future.... Mankind is at its end.... A fatal airborne flesh-eating virus has been unleashed.... The future can change.... Destiny is calling.... This year, our Enemies strike first.... \"First Strike\" .... you can hide from what you can't see.",
    "genres" : [ ]
  }, {
    "id" : 138952,
    "title" : "Thadaiyara Thaakka",
    "overview" : "Selva (Arun Vijay) owns a travel agency in Chennai. He dreams to make it big in life and is all set to marry his lover Priya (Mamta Mohandas). The city is under the grip of dreaded baddies Maha (Maha Gandhi) and his brother Kumar (Krishnavamsi). They are loan sharks who go to any extent to wield their clout in the city. Selva comes across Maha and soon Maha gets killed in mysterious circumstances. The blame falls on Selva. Kumar and his men want to bump off Selva. A perplexed Selva runs for cover. He sets out to find the real killer. But there is a twist in the tale and Selva takes a new avatar as he decides to wage a bloody war with baddies.",
    "genres" : [ {
      "id" : 28,
      "name" : "Action"
    }, {
      "id" : 18,
      "name" : "Drama"
    } ]
  }, {
    "id" : 138967,
    "title" : "Posed for Murder",
    "overview" : "A model poses nude for men's magazines and acts in slasher movies. Her psycho bodybuilder boyfriend gets jealous and starts killing other men.",
    "genres" : [ {
      "id" : 27,
      "name" : "Horror"
    }, {
      "id" : 53,
      "name" : "Thriller"
    } ]
  }, {
    "id" : 138977,
    "title" : "Hello Herman",
    "overview" : "Set in the not so distant future, in Any Town USA, sixteen year old Herman Howards makes a fateful decision. He enters his suburban school and kills thirty nine students, two teachers, and a police officer. Just before his arrest he emails his idol, famous journalist Lax Morales, sending him clips of the shootings captured with Herman's own digital camera. In the clips Herman tells Lax, \"I want to tell my story on your show\". Lax, haunted by his own past, is now face to face with Herman.",
    "genres" : [ {
      "id" : 18,
      "name" : "Drama"
    } ]
  }, {
    "id" : 138982,
    "title" : "München '72 - Das Attentat",
    "overview" : "",
    "genres" : [ ]
  }, {
    "id" : 138987,
    "title" : "Coda",
    "overview" : "A maniac is stalking and killing female students at a university.",
    "genres" : [ {
      "id" : 53,
      "name" : "Thriller"
    }, {
      "id" : 27,
      "name" : "Horror"
    } ]
  }, {
    "id" : 138997,
    "title" : "The Undertaker",
    "overview" : "A deranged undertaker kills various people to keep as his friends in his seedy funeral home.",
    "genres" : [ {
      "id" : 27,
      "name" : "Horror"
    } ]
  }, {
    "id" : 139012,
    "title" : "Ana Carolina: Ensaio de Cores - Ao Vivo",
    "overview" : "",
    "genres" : [ ]
  }, {
    "id" : 139017,
    "title" : "Franklin and the Green Knight",
    "overview" : "It's winter in Woodland and Franklin is excited about spring coming because his new baby sister will be born. Following the lead of a myth his mom told him, he assumes the role of a Knight and sets out to the woods on a quest for spring. Written by Damaris",
    "genres" : [ {
      "id" : 10751,
      "name" : "Family"
    } ]
  }, {
    "id" : 139022,
    "title" : "Stella & Sam Take a Trip",
    "overview" : "Based on the award-winning best-selling book series by Marie-Louise Gay. Stella guides her younger brother, Sam, through endless adventures that transform their house and backyard into anywhere in the world! Along the way Sam has a million questions and Stella has a zillion answers as their imaginations discover the awe and wonder of childhood within the natural world.",
    "genres" : [ ]
  }, {
    "id" : 139027,
    "title" : "The Wave of Rage",
    "overview" : "Deep below the sea off the coast of Okinawa, the Ocean Technopolis is at the forefront of humankind's efforts to adapt to catastrophically rising sea levels, but it's caught in the middle of escalating tensions between Japan and Taiwan. Based on the 1995 novel by Katsufumi Umehara.",
    "genres" : [ ]
  }, {
    "id" : 139042,
    "title" : "Revelação - Ao Vivo no Morro",
    "overview" : "",
    "genres" : [ {
      "id" : 10402,
      "name" : "Music"
    } ]
  }, {
    "id" : 139047,
    "title" : "End Play",
    "overview" : "And just when you believe there is nothing more to fear, you will begin to experience the ultimate terror of the END PLAY.",
    "genres" : [ {
      "id" : 53,
      "name" : "Thriller"
    } ]
  }, {
    "id" : 139057,
    "title" : "Sans Titre",
    "overview" : "In 1997, for it’s fiftieth anniversary, the Cannes Film Festival asked Leos Carax for a short film, a kind of postcard addressed to the festival, in which the director would give news of himself and of his film project “Pola X”.",
    "genres" : [ ]
  }, {
    "id" : 139067,
    "title" : "Topless",
    "overview" : "A beautiful girl Maya (K.Gauri) comes to Mumbai to become rich and famous. After passing through some struggle she joins the modeling career in one of the top agency owned by a lady Dolly (Shweta Menon). In a short span of time she succeeds to become the top model in the advertising and fashion media.  During this time she meets a handsome boy and love develops. Maya has got everything in life one can wish to have. She has name, success, money and above all true love. A moment comes when she is offered high money to model as Topless for a product of big corporate sector. She refuses. Offers are multiplied but Maya is not saleable. She is rock-steady in her decision.",
    "genres" : [ ]
  }, {
    "id" : 139072,
    "title" : "My Last Minute",
    "overview" : "Carax was asked for a one minute film, by the Vienna Film Festival.",
    "genres" : [ {
      "id" : 9648,
      "name" : "Mystery"
    }, {
      "id" : 18,
      "name" : "Drama"
    } ]
  }, {
    "id" : 139082,
    "title" : "Popelka",
    "overview" : "",
    "genres" : [ ]
  }, {
    "id" : 139102,
    "title" : "The Drudgery Train",
    "overview" : "In this offbeat coming-of-age tale, a charming, rebellious high school dropout named Kanta befriends the kind, provincial Shoji. The two bring out the best in each other, each gaining confidence from their friendship - especially regarding pursuit of the opposite sex. The working class Kanta becomes a sort of unruly anti-hero, maintaining his pride, defiance, and self-assurance even as his prospects seem increasingly grim. (Chicago International Film Festival)",
    "genres" : [ ]
  }, {
    "id" : 139122,
    "title" : "Les Chevaliers de la croupe",
    "overview" : "",
    "genres" : [ ]
  }, {
    "id" : 139132,
    "title" : "The Mad Room",
    "overview" : "This compelling remake of the classic 'Ladies In Retirement (1941)' stars Stella Stevens as Ellen, a woman living as a companion to her future mother-in-law, wealthy and very irascible widow Mrs. Armstrong (Shelley Winters).  Soon after, Ellen's younger brother and sister, one of whom murdered their parents (they can't remember which one of them did it), are released from an asylum and come to live with them.  And thus begins a chilling mystery loaded with twists and thrills, as director Bernard Girard (Dead Heat On A Merry-Go-Round) keeps tightening the screws brilliantly.",
    "genres" : [ {
      "id" : 27,
      "name" : "Horror"
    }, {
      "id" : 53,
      "name" : "Thriller"
    }, {
      "id" : 9648,
      "name" : "Mystery"
    } ]
  }, {
    "id" : 139142,
    "title" : "Il sangue verde",
    "overview" : "",
    "genres" : [ {
      "id" : 99,
      "name" : "Documentary"
    } ]
  }, {
    "id" : 139147,
    "title" : "Čechomor Proměny Tour  2003",
    "overview" : "",
    "genres" : [ ]
  }, {
    "id" : 139152,
    "title" : "Avantasia: Wacken Open Air",
    "overview" : "Avantasia Live at Wacken Open Air 2011",
    "genres" : [ ]
  }, {
    "id" : 139162,
    "title" : "White Deer Plain",
    "overview" : "White Deer Plain is a 2011 Chinese drama film directed by Wang Quan'an and based on the novel of the same name by Chen Zhongshi.",
    "genres" : [ {
      "id" : 10769,
      "name" : "Foreign"
    } ]
  }, {
    "id" : 139167,
    "title" : "Blanco y negro - Bebo & Cigala En Vivo",
    "overview" : "",
    "genres" : [ {
      "id" : 10402,
      "name" : "Music"
    } ]
  }, {
    "id" : 139172,
    "title" : "Belgrano La película",
    "overview" : "",
    "genres" : [ {
      "id" : 36,
      "name" : "History"
    } ]
  }, {
    "id" : 139182,
    "title" : "Zeca Baleiro - O Coração do Homem Bomba",
    "overview" : "",
    "genres" : [ ]
  }, {
    "id" : 139187,
    "title" : "Next Attraction",
    "overview" : "Purports to document the production of a short about a young man’s first sexual experience while doubling as a coming-out film and a multiply layered making-of movie.",
    "genres" : [ ]
  }, {
    "id" : 139212,
    "title" : "Recipes For Disaster",
    "overview" : "Director John Webster convinces his wife and two small children that the whole family should go on an oil diet, yet without having to give up their a middle class suburban lifestyle. All the everyday things that we don't do, or that we can't help doing, make up recipes for disaster. In this comedy of errors they find themselves questioning their values and putting to test their will power and ultimately, their happiness.",
    "genres" : [ ]
  }, {
    "id" : 139217,
    "title" : "The Magnificent Tati",
    "overview" : "This documentary traces Jacques Tati's rise from the Parisian Music-Hall stage to his Oscar winning films of the 1950s, the documentary then explains how Tati bet all he had on his fourth film 'PlayTime' and how this mammoth film ended prematurely the career of a genius while also giving the world one of the most beautiful films ever made.",
    "genres" : [ ]
  }, {
    "id" : 139222,
    "title" : "Hans Teeuwen: Live in London",
    "overview" : "Hans Teeuwen is a successful comedian, jazz singer and a staunch defender of free speech. Nowadays he plays his unique comedy shots only in the UK, where he gets a great response and fantastic reviews plus he was the recipient of a 2008 Chortle Award. Here, finally, is a chance for Dutch audiences to see Hans Teeuwen's first new comedy show in five years, and the first show in English for the rest of the world: Hans Teeuwen Live in London!",
    "genres" : [ {
      "id" : 35,
      "name" : "Comedy"
    } ]
  }, {
    "id" : 139242,
    "title" : "TAD: Busted Circuits and Ringing Ears",
    "overview" : "TAD: Busted Circuits and Ringing Ears” chronicles the rise and fall of the pioneering Seattle grunge band TAD. It follows the band from their height - when they were one of the most influential bands of the Seattle scene -- to their low, when they were riddled with lawsuits and dumped by their label. Featuring rare footage of the band, from its club days to the arenas, as well as perspectives from other grunge-era musicians such as Mudhoney’s Mark Arm and Soundgarden’s Kim Thayil, “TAD: Busted Circuits and Ringing Ears” is a story of the band that could have been.",
    "genres" : [ ]
  }, {
    "id" : 139247,
    "title" : "Old Doc Yak and the Artist's Dream",
    "overview" : "An animator's dog gets the better of him",
    "genres" : [ ]
  }, {
    "id" : 139257,
    "title" : "Pétrus",
    "overview" : "",
    "genres" : [ {
      "id" : 10749,
      "name" : "Romance"
    }, {
      "id" : 18,
      "name" : "Drama"
    } ]
  }, {
    "id" : 139262,
    "title" : "The Last Days of Patton",
    "overview" : "The Last Days of Patton is a 1986 made-for-television film sequel to the 1970 film Patton, which portrays the last few months of the general's life. George C. Scott reprises the role of General George S. Patton, and Eva Marie Saint portrays Beatrice Patton, the general's wife.",
    "genres" : [ {
      "id" : 10752,
      "name" : "War"
    }, {
      "id" : 18,
      "name" : "Drama"
    } ]
  }, {
    "id" : 139272,
    "title" : "A Long Story",
    "overview" : "A long story that started and ended at the station.",
    "genres" : [ ]
  }, {
    "id" : 139282,
    "title" : "Lego Indiana Jones and the Raiders of the Lost Brick",
    "overview" : "An adventure of epic proportion ... only smaller.",
    "genres" : [ ]
  }, {
    "id" : 139287,
    "title" : "Queen Millennia",
    "overview" : "In the year 1999, astronomer Professor Amamori has discovered a tenth planet within the solar system. Unfortunately, he also discovers that it is set to collide with the Earth on 9 September 1999, at 9:09:09 AM. Professor Amamori makes preparations to save the planet, aided in his campaign by his nephew Hajime and his secretary Yukino Yayoi. Unknown to anyone, Yayoi harbours deep secrets: LaMetal crosses paths with Earth (and wreaks chaos) every millennium, it is home to an advanced civilization who enslave any human survivors of the cataclysm, and she herself is the Millennial Queen, a special citizen of La Metal who comes to Earth every 1000 years to prepare for the this passing. However, she also hopes to save Earth, for though she is from LaMetal, she cannot stand aside and let her home world destroy the planet and its natives that she has come to love. And so she begins a desperate struggle of her own.",
    "genres" : [ {
      "id" : 28,
      "name" : "Action"
    }, {
      "id" : 878,
      "name" : "Science Fiction"
    } ]
  }, {
    "id" : 139292,
    "title" : "Tool: Live at Mohegan Sun Arena",
    "overview" : "Tool's performance at Mohegan Sun Arena (USA) from 31.01.2012.",
    "genres" : [ ]
  }, {
    "id" : 139297,
    "title" : "Killer Motel",
    "overview" : "There is a Japanese style inn located in an out-of-the-way area near Mount Fuji. No one knows if it's in business or not, but the inn is owned by two people: the expressionless host, and his bewitching daughter. The host lures six patrons to stay at his inn for one night. All the guests feel the inn has an odd feel to it, but none of them pays attention to it in particular. In reality, the host and his daughter have a hidden agenda. They are hunting in order to feed the host's son: a huge living zombie hidden away in a locked room, whom these cruel hunters dote on as if he were still part of the family. A twisted tale illustrating conflicts of consciousness, cold-blooded insanity, and the depths one will sink to for the love of one's family is about to begin...",
    "genres" : [ {
      "id" : 27,
      "name" : "Horror"
    } ]
  }, {
    "id" : 139302,
    "title" : "The Bitter Buddha",
    "overview" : "The Documentary takes an unconventional journey through the life of one of America's most original comedic voices. Eddie Pepitone, \"The Bitter Buddha\", is looked at in this portrait of creativity, enlightenment and rage.",
    "genres" : [ {
      "id" : 99,
      "name" : "Documentary"
    } ]
  }, {
    "id" : 139317,
    "title" : "Amici più di prima",
    "overview" : "",
    "genres" : [ ]
  }, {
    "id" : 139322,
    "title" : "Mr. Superinvisible",
    "overview" : "A superhero becomes invisible after he swallows an Indian potion.",
    "genres" : [ {
      "id" : 878,
      "name" : "Science Fiction"
    }, {
      "id" : 35,
      "name" : "Comedy"
    }, {
      "id" : 14,
      "name" : "Fantasy"
    }, {
      "id" : 10749,
      "name" : "Romance"
    } ]
  }, {
    "id" : 139327,
    "title" : "The Believers",
    "overview" : "March 1989: two respected chemists from the University of Utah stand in front of a wall of reporters. Flashbulbs pop as they announce they have solved the world's energy problems using seawater, batteries and a mysterious glass contraption. 'Cold Fusion' is born. Within days, Stanley Pons and Martin Fleischmann are on the cover of Time Magazine. But three short months later, their careers in tatters and their reputations ruined, they flee the US as Cold Fusion becomes synonymous with 'bad science.' Twenty-two years later, despite continued disdain from mainstream science, a group of scientists, entrepreneurs and one high school student are confident that Cold Fusion will save the world, and that we're closer than ever to the Holy Grail of civilization. They're The Believers.",
    "genres" : [ {
      "id" : 99,
      "name" : "Documentary"
    } ]
  }, {
    "id" : 139332,
    "title" : "Sunny",
    "overview" : "They say the lack of sunlight affects our mood- that the natural balance of the human mind state quickly shifts with presence of the giant solar fireball in the sky. But this isn’t about winter blues or summer depression. Sunny is a mental disposition, and not just one reserved for beaches and fun parks. Level 1 injected a positive mood into the ski season – giving a dose of light therapy to dark northern landscapes of Scandinavia, Alaska, Japan and British Columbia. So sit back and relax, put your shades on and soak up the rays- the future looks bright.",
    "genres" : [ {
      "id" : 18,
      "name" : "Drama"
    }, {
      "id" : 10769,
      "name" : "Foreign"
    } ]
  }, {
    "id" : 139352,
    "title" : "Cry of the Wild",
    "overview" : "A penetrating insight into the life of the mysterious and powerful timber wolf...",
    "genres" : [ ]
  }, {
    "id" : 139357,
    "title" : "Pizza",
    "overview" : "The story is about how around a pizza delivery boy lands in a mysterious circumstance and how it works a dramatic change in his life. A very different thriller which will make you sweat.",
    "genres" : [ {
      "id" : 53,
      "name" : "Thriller"
    }, {
      "id" : 35,
      "name" : "Comedy"
    }, {
      "id" : 10749,
      "name" : "Romance"
    }, {
      "id" : 27,
      "name" : "Horror"
    } ]
  } ]
}