{
  "movies" : [ {
    "id" : 270807,
    "title" : "Eaten Out of House and Home",
    "overview" : "The gullible buyer Žemla Martin (Francis Smolik) finally opened his dream shop. After a while, you get a lot of friends. Especially the former captain Kyllijána (Vlasta Burian), who come to him to drink brandy debt and sit on a bag of peas, where he talks nonsense. Its debt is starting to grow nicely. Later dupe marry an evil Pavlina Šustrová (Ela Poznerová). It can also bring their calculating mother, widow Catherine Šustrová (Antonie Nedošínská). These two together with a bun Kyllijánem use, but outside him are friendly. Later, when Žemla catches his wife cheating when he has become the father of a foreign child, and when he discovers that the shop is broke and completely vyjedený, poisoning. A best friend Žemlův captain Kylliján happily drunk debt for plum deleted.",
    "genres" : [ ]
  }, {
    "id" : 270812,
    "title" : "My Life as a Turkey",
    "overview" : "Naturalist Jim Hutto's remarkable experience of being imprinted on by group of wild turkey hatchlings, and raising them to adulthood and beyond, in the remote wilderness of northern Florida.",
    "genres" : [ {
      "id" : 99,
      "name" : "Documentary"
    }, {
      "id" : 10751,
      "name" : "Family"
    } ]
  }, {
    "id" : 270817,
    "title" : "The Kids Find Candy's Catching",
    "overview" : "Animation featuring the characters Bud and Susie.",
    "genres" : [ ]
  }, {
    "id" : 270822,
    "title" : "Junior",
    "overview" : "Feature documentary exploring the world of junior hockey and its relentless competitiveness. Portrait larger than life where young people of barely 16 years old already play their future.",
    "genres" : [ {
      "id" : 99,
      "name" : "Documentary"
    } ]
  }, {
    "id" : 270827,
    "title" : "Jacqueline Kennedy's Asian Journey",
    "overview" : "Documentary detailing Jacqueline Kennedy diplomatic efforts and visits to India and Pakistan in 1962",
    "genres" : [ ]
  }, {
    "id" : 270832,
    "title" : "Deadliest Volcanoes",
    "overview" : "Millions of people around the world live in the shadow of active volcanoes. From Japan s Mount Fuji to the Sleeping Giant submerged beneath Naples to the Yellowstone Supervolcano in the United States, NOVA travels with scientists who are attempting to discover how likely these volcanoes are to erupt, when it might happen, and exactly how deadly they could prove to be.",
    "genres" : [ ]
  }, {
    "id" : 270837,
    "title" : "Lizard Man",
    "overview" : "Sci-Fi - Haunted by a terrifying incident in his past, billionaire Bill Hansen seeks revenge by enlisting a team of mercenaries and a television personality to capture and exploit a dangerous lizard-like creature - Alejandra Bejar, Steven M. Blasini, Brittany Blaze",
    "genres" : [ {
      "id" : 878,
      "name" : "Science Fiction"
    }, {
      "id" : 27,
      "name" : "Horror"
    } ]
  }, {
    "id" : 270842,
    "title" : "Tiny Times 3",
    "overview" : "Lin Xiao, Gu Li, Nan Xiang, Tang Wanru - these four best friends, after waving goodbye to their school campus and entering the workforce, they are faced with various challenges in their life: friendship, love, and career. Together, they become lost in life, having long forgotten their past courage.",
    "genres" : [ {
      "id" : 10749,
      "name" : "Romance"
    }, {
      "id" : 18,
      "name" : "Drama"
    } ]
  }, {
    "id" : 270847,
    "title" : "My Village, My Lobster",
    "overview" : "independent, Men risk their lives everyday in the search to catch the lobster on your plate. See how here. A FilmBuff Presentation. - Joshua Wolff",
    "genres" : [ ]
  }, {
    "id" : 270852,
    "title" : "No Limit Kids - Much Ado About Middle School",
    "overview" : "Comedy -  Bill Cobbs, Lee Meriwether, Blake Michael",
    "genres" : [ ]
  }, {
    "id" : 270857,
    "title" : "Wallander 31 - Mordbrännaren",
    "overview" : "",
    "genres" : [ ]
  }, {
    "id" : 270862,
    "title" : "David Bailey: Four Beats to the Bar and No Cheating",
    "overview" : "From Vogue magazine fashion photographer to filmmaker, painter and sculptor, Bailey is the working-class Londoner who befriended the stars, married his muses (Jean Shrimpton, Catherine Deneuve, Marie Helvin) and captures the spirit and elegance of his times with his refreshingly simple approach and razor-sharp eye. He is also the man whose life and work inspired one of the cult movies of the sixties, Michelangelo Antonioni's Blow-Up, and who has constantly travelled the globe either with the most beautiful models or chronicling the contemporary reality of Papua New Guinea, Brazil, Vietnam, Afghanistan and other countries with ground-breaking reportages. Above all, Bailey is a romantic with a delightful sense of humour approaching his 73rd year and showing no sign of slowing up. Director Jérôme de Missolz has created an engaging portrait of this very private man who bared the soul of the swinging sixties and seventies with his photographs and films.",
    "genres" : [ {
      "id" : 99,
      "name" : "Documentary"
    } ]
  }, {
    "id" : 270867,
    "title" : "Riff Raff",
    "overview" : "independent - Bong a beer. Do 50 push-ups. Welcome to The Crew.",
    "genres" : [ ]
  }, {
    "id" : 270872,
    "title" : "disCONNECT",
    "overview" : "A man’s attempt to deactivate his Facebook account becomes complicated and surreal.",
    "genres" : [ ]
  }, {
    "id" : 270877,
    "title" : "Storybook Classics: The Odyssey",
    "overview" : "independent, Animated - After the Trojan War a legendary hero Odysseus makes his valiant voyage at sea, trying to reach the shores of his beloved home.",
    "genres" : [ ]
  }, {
    "id" : 270882,
    "title" : "L'empire de Médor",
    "overview" : "L'empire de medor is a satirical voyage of discovery through the universe of the dog lover. By systematically scrutinising the industry that capitalises on the love for man's best friend, Moullet has made an absurdist film that shows how the love of animals has become a kind of surrogate religion for many people. He takes us to canine beauticians and beauty contests, and explores the field from dried dog food to advanced super-duper pooper-scoopers. By showing in great detail all those gadgets and gimmicks to make the lives of pets as agreeable as possible, Moullet vents his barely concealed criticism of consumer society. (IDFA)",
    "genres" : [ ]
  }, {
    "id" : 270887,
    "title" : "Hitler from Our Street",
    "overview" : "Before and during WW II and the German occupation of Serbia, in a village in Vojvodina, inhabitants are separated based on their nationality. Local Volksdeutschers (ethnic Germans) enlist with the Nazi occupiers. The village bum, Leksi, jumps at the opportunity to put on a uniform and parade around with a gun. Leksi gets into an argument with villagers Marko and Joca, who devise a plan to get rid of him. At the same time, Marko tries to seduce Leksi's wife, Anika.",
    "genres" : [ {
      "id" : 10752,
      "name" : "War"
    } ]
  }, {
    "id" : 270892,
    "title" : "The Place at the Coast",
    "overview" : "Teenager Ellie is distressed by forces that threaten the special family holidays she shares with her widowed father. These threats are posed by a new coastal development and her father's new relationship with a local woman. Ellie desperately clings to memories and places that preserve the memory of her late mother.",
    "genres" : [ ]
  }, {
    "id" : 270897,
    "title" : "The Queen of Sheba",
    "overview" : "The story of the ill-fated romance between Solomon, king of Israel, and the Queen of Sheba.",
    "genres" : [ ]
  }, {
    "id" : 270902,
    "title" : "Sfora: Bez litości",
    "overview" : "",
    "genres" : [ ]
  }, {
    "id" : 270907,
    "title" : "Hart's Desire",
    "overview" : "Featuring an aspiring hermit, an aspiring socialite and a shared flask of tea, the film is constructed around my own uncertainties about the ideal life.",
    "genres" : [ ]
  }, {
    "id" : 270912,
    "title" : "The Tiger Man",
    "overview" : "Every year, Ghunuram takes time off from his job to prepare for and appear in a folk dance in his village. His special part of the performance is called the Tiger Dance. This year is special, too; he hopes to become engaged to the daughter of his fellow performer. But a circus with a newly captured leopard has come into town. What's worse, the woman Ghunuram had hoped to woo has gone gaga over a circus performer. Not to be outdone, he prepares for a last, tragic, performance in which the tiger meets the leopard. Winner of the National Film Award for Best Picture.",
    "genres" : [ ]
  }, {
    "id" : 270917,
    "title" : "Mudas Mudanças",
    "overview" : "A paralyzed man travels across the city of Porto, finding characters and scenes from popular tales along the way.",
    "genres" : [ ]
  }, {
    "id" : 270922,
    "title" : "Kärlek deluxe",
    "overview" : "Selma is a successful chick lit author who decides to start over, writing \"real literature\". At the same time, she embarks on parallel relationships with two different men - the bookish Nils and a rock star wannabe named John.",
    "genres" : [ {
      "id" : 35,
      "name" : "Comedy"
    } ]
  }, {
    "id" : 270927,
    "title" : "Dilemma",
    "overview" : "Dilemma is an omnibus film, five stories that depict dark side of Jakarta's underbelly. Jakarta's underground world that seldom to talk about, and forgotten by most of the people.",
    "genres" : [ {
      "id" : 80,
      "name" : "Crime"
    }, {
      "id" : 18,
      "name" : "Drama"
    } ]
  }, {
    "id" : 270932,
    "title" : "God Save The Archies",
    "overview" : "A pre-internet mash up of The Archies and The Sex Pistols",
    "genres" : [ ]
  }, {
    "id" : 270937,
    "title" : "The Garden",
    "overview" : "A nostalgia trip in the enigmatic labyrinth of the passed childhood.",
    "genres" : [ ]
  }, {
    "id" : 270942,
    "title" : "A Dream of a House",
    "overview" : "A short film directed by István Szabó.",
    "genres" : [ ]
  }, {
    "id" : 270947,
    "title" : "Lights Before Dawn",
    "overview" : "An homage to Emile Reynaud, the first man to project animated films on a public screen.",
    "genres" : [ ]
  }, {
    "id" : 270952,
    "title" : "The Life and Times of Allen Ginsberg",
    "overview" : "Visionary, radical, spiritual seeker, renowned poet, founding member of a major literary movement, champion of human rights, Buddhist, political activist and teacher. Allen Ginsberg's remarkable life challenged the very soul of the United States.",
    "genres" : [ {
      "id" : 99,
      "name" : "Documentary"
    } ]
  }, {
    "id" : 270957,
    "title" : "The Putt Putt Syndrome",
    "overview" : "independent, comedy - A man's perception of marital bliss comes tumbling down.  - Jason London, David Chokachi",
    "genres" : [ ]
  }, {
    "id" : 270962,
    "title" : "The Three Fishketeers",
    "overview" : "Animation -  Adam Dykstra, Russ Harris, G. Brian Reynolds",
    "genres" : [ ]
  }, {
    "id" : 270967,
    "title" : "Jelenlét",
    "overview" : "Two old men enter an abandoned synagogue, look at the decay around them, and pray.",
    "genres" : [ ]
  }, {
    "id" : 270972,
    "title" : "Today We Have the Power",
    "overview" : "documentary - Gauravani Buchwald  Edward Keenan  Katie Walsh",
    "genres" : [ ]
  }, {
    "id" : 270977,
    "title" : "Truck Farm",
    "overview" : "Documentary, comedy - Truck Farm is a whimsical, musically-narrated, documentary film about urban agriculture. Filmmaker Ian Cheney",
    "genres" : [ ]
  }, {
    "id" : 270982,
    "title" : "V.I.P. Very important Prisoners",
    "overview" : "Crime - Shot inside of one of Guatemala's most dangerous prisons, with it's inmate population as actors in the film.  - Juan Pablo Olyslager, Monica Palmieri, Jorge 'El Pumita' Asturias",
    "genres" : [ ]
  }, {
    "id" : 270987,
    "title" : "Whitney Houston: The Woman Behind the Voice",
    "overview" : "independent, music, documentary - Whitney Elizabeth Houston showed the vocal range and star quality that would soon make her a legend in the music world. Whitney Houston: The Woman Behind the Voice willretrace her steps to stardom and revisit some of her most stunning performances.  - Maureen Goldthorpe",
    "genres" : [ ]
  }, {
    "id" : 270992,
    "title" : "Johann Baptiste Lingg",
    "overview" : "A 1920 German costume drama from the days of Napoleon Bonaparte directed by Arthur Teuber and starring Carl Auen as Johann Baptiste Lingg.",
    "genres" : [ ]
  }, {
    "id" : 270997,
    "title" : "Szilveszter",
    "overview" : "Hungarian short film.",
    "genres" : [ ]
  }, {
    "id" : 271002,
    "title" : "Tisza: Autumn Sketches",
    "overview" : "The first signs of autumn are seen in a landscape along a river. Some villagers are stacking a bed of stone blocks on the river-bank to avoid more eroding. Others are occupied by ploughing, fishing or repairing. A small steamboat passes by. In the engine room a stoker is shovelling coal into the oven. Further down the river a small town is passed by the water. A rowing-team is training for coming races. Some biologists are looking at microbes from the water through a microscope. A group of workers are painting a new barge and push it into the river. When a small boy sees a racing boat, he leaves his sand-castle and runs along the river.",
    "genres" : [ ]
  }, {
    "id" : 271007,
    "title" : "Appointment in Tokyo",
    "overview" : "Produced by the Army Pictorial Service, Signal Corps, with the cooperation of the Army Air Forces and the United States Navy, and released by Warner Bros. for the War Activities Committee shortly after the surrender of Japan. Follow General Douglas MacArthur and his men from their exile from the Philippines in early 1942, through the signing of the instrument of surrender on the USS Missouri on September 1, 1945",
    "genres" : [ {
      "id" : 99,
      "name" : "Documentary"
    }, {
      "id" : 10752,
      "name" : "War"
    } ]
  }, {
    "id" : 271012,
    "title" : "Up With Me",
    "overview" : "When a Harlem teen goes to boarding school, he is torn between home and a new world",
    "genres" : [ ]
  }, {
    "id" : 271017,
    "title" : "Mal d'Africa",
    "overview" : "",
    "genres" : [ {
      "id" : 99,
      "name" : "Documentary"
    } ]
  }, {
    "id" : 271022,
    "title" : "Codex Alimentarius: The UN Plan to Eradicate Organic Farming and Destroy the Natural Health Industry",
    "overview" : "With biting political analysis, Ian R. Crane probes the track record of those who openly crave the introduction of a One World hierarchical government. Exposing the agenda of those who have presided over events leading directly to the launching of illegal wars in Afghanistan and Iraq and who continually demonstrate their desire to perpetuate a state of permanent global conflict; whilst systematically eroding personal freedom, through the process of gradualism.",
    "genres" : [ {
      "id" : 99,
      "name" : "Documentary"
    } ]
  }, {
    "id" : 271027,
    "title" : "Los salvajes",
    "overview" : "",
    "genres" : [ ]
  }, {
    "id" : 271032,
    "title" : "Crop Circles: What Do They Mean?",
    "overview" : "Leading expert, Andy Thomas explores the meaning of crop circles",
    "genres" : [ ]
  }, {
    "id" : 271037,
    "title" : "Dar Williams: Live at Bearsville Theater",
    "overview" : "Dar Williams performs at the Bearsville Theater.",
    "genres" : [ ]
  }, {
    "id" : 271042,
    "title" : "Blonde on a Bum Trip",
    "overview" : "A naive young college student, who is majoring in chemistry, is persuaded by her roommates and a would-be drug dealer to make LSD for them, and she winds up getting caught up in the \"acid\" lifestyle.",
    "genres" : [ ]
  }, {
    "id" : 271047,
    "title" : "Annabelle Lee",
    "overview" : "This drama was based on the poem by Edgar Allan Poe.",
    "genres" : [ {
      "id" : 18,
      "name" : "Drama"
    }, {
      "id" : 10749,
      "name" : "Romance"
    } ]
  }, {
    "id" : 271052,
    "title" : "Greenways Farm: Journey Into the Heart of England's Most Haunted Farm",
    "overview" : "Join acclaimed psychic and medium, Patrick McNamara, as he explores Greenways Farm, one of England's oldest and most haunted Farms with many strange tales.",
    "genres" : [ ]
  }, {
    "id" : 271057,
    "title" : "Holiday on Ice",
    "overview" : "Originally produced in November, 2006. World-renowned skaters skate to their favorite Christmas songs on a special rink that was staged at the 5,000-seat Dodge Theatre in Phoenix, Arizona.",
    "genres" : [ ]
  }, {
    "id" : 271062,
    "title" : "I Used to Love Her",
    "overview" : "Simee Smith, a famous Pop Singer, has lost her way in the music industry. When she falls in love with a regular guy, she feels there may be hope. But sometimes your past comes back to haunt you.",
    "genres" : [ ]
  }, {
    "id" : 271067,
    "title" : "I'll Be Homeless for Christmas",
    "overview" : "When a petty thief learns that his latest mark is a struggling single mother who works at a homeless shelter, he decides to use his savvy street smarts to make this Christmas one to remember for her and her young son.",
    "genres" : [ ]
  }, {
    "id" : 271072,
    "title" : "Revue des troupes par S.M. le roi Albert",
    "overview" : "News item showing the alertness of the Belgian army, just before the outbreak of the war and on the occasion of the visit of King Christian X from Denmark to Belgium.",
    "genres" : [ ]
  }, {
    "id" : 271077,
    "title" : "Língua - Vidas em Português",
    "overview" : "Documentary about the Portuguese language, and people who speak it around the world.",
    "genres" : [ ]
  }, {
    "id" : 271082,
    "title" : "Compo",
    "overview" : "Compo is a comedy set in a government unemployment-compensation office.",
    "genres" : [ ]
  }, {
    "id" : 271087,
    "title" : "Struck by Lightning",
    "overview" : "This little comedy is set in a small factory come halfway home, employing only handicapped people. Ollie Rennie is the boss and sometime minder of all his workers. He employees Pat Cannizzaro to help get all his workers into some sort of sport, and Pat just happens to be a soccer teacher. He forms a team and tries to take them all the way, with some funny results.",
    "genres" : [ ]
  }, {
    "id" : 271092,
    "title" : "Weekend with Kate",
    "overview" : "This breezy sex comedy follows ex-journalist turned rock promoter Richard Muir (Colin Friel), who is pulled in two different directions by the women in his life -- his vivacious wife, Catherine (Catherine McClements), who wants to have a baby -- and Carla (Helen Mutkins), his ambitious mistress, who wants to have Richard.",
    "genres" : [ ]
  }, {
    "id" : 271097,
    "title" : "Unknown Valley",
    "overview" : "Looking for his missing father, Joe Gordon heads into the desert where Elders from a secret village find him unconscious. Attracted to Sheilla O'Neill, the two plan an escape from the village where no one is allowed to leave. But then he learns his father is being held prisoner and finding him, he is also made a prisoner.",
    "genres" : [ {
      "id" : 37,
      "name" : "Western"
    } ]
  }, {
    "id" : 271102,
    "title" : "Shibukawa Bangorô",
    "overview" : "A film on the life of Shibukawa Bangorō, the founder of the Shibukawa-ryū school of jūjutsu. To paraphrase Satō Tadao’s blurb on the back cover of the video, this is an important film for three reasons. 1. it is an almost perfectly well preserved copy of one of only a few full-length movies still available of the first superstar in Japanese cinema history, the very famous Onoe Matsunosuke. 2. it uses a method that was common in the silent era, the dyeing/tinting of film to mark given moments of day (for ex., blue for night-time) or given situations (for ex., red for fire) – and even though most films that used this technique have been redeveloped in straight b&amp;w, this one is available in its original form. 3. it is an early SFX (special effects) movie that uses the basic tools of the trade - a great action movie full of swordsmanship and monsters (bakemono).",
    "genres" : [ ]
  }, {
    "id" : 271107,
    "title" : "Little Golden Book Land Friends in The Great Harbor Rescue",
    "overview" : "A storm threatens the already damaged harbor breakwater, and Beamer, the Lighthouse, fears for the safety of all who live in Little Golden Book Land!  When Scuffy overhears Beamer sharing bad news with the big ships anchored nearby, he promises to help. Undaunted, Scuffy recruits Tootle the Train, Poky Little Puppy, and Shy Little Kitten to join him on his mission.",
    "genres" : [ {
      "id" : 16,
      "name" : "Animation"
    }, {
      "id" : 10751,
      "name" : "Family"
    } ]
  }, {
    "id" : 271112,
    "title" : "Fratelli di sangue",
    "overview" : "",
    "genres" : [ {
      "id" : 18,
      "name" : "Drama"
    } ]
  }, {
    "id" : 271117,
    "title" : "Erotic Passion",
    "overview" : "Yuen Shang is trying to kill tough guy Ting Sai Hung, because he killed her father. But Yuen's attempt is foiled by recently-reincarnated Shum Key. Ting then hires Key as a bodyguard, but Key's entry to the Ting household causes problems. Ting's daughter Carrie is mad about Key, but Key is hot for Ting's pretty wife Cindy. And Horse, one of Ting's henchman, spends lots of time trying to get on with Carrie and repel Key. Inbetween all this, Ting finds a nightclub dancer who \"drives his dicky wild\", Tong Yan. He invites Tong to be his concubine, not knowing she is Yuen Shang's cousin, and bent on helping to bump off Ting.",
    "genres" : [ {
      "id" : 28,
      "name" : "Action"
    } ]
  }, {
    "id" : 271122,
    "title" : "Enthusiasm",
    "overview" : "El Entusiasmo/Enthusiasm begins in 1984, when Guillermo (Alvaro Rudolphi) introduces two of his friends to each other -- Fernando (Alvaro Escobar) and Isabel (Maribel Verdu). A decade later, Fernando and Isabel have a son, and they join forces with Guillermo to start a business offering sightseeing expeditions for tourists visiting the newly-democratic nation. Fernando gets an idea for a special multi-media presentation that would educate viewers on Chile's history, culture and political legacy, and it proves to be a major success -- enough so that he's roped by a group of less-than-trustworthy developers who want his help with a project building luxury housing in the desert. However, this is the opposite of the utopian collective that Guillermo had dreamed of years ago; Fernando's new ideals and associates alienate both Guillermo and Isabel, who turn against Fernando and into each others arms.",
    "genres" : [ {
      "id" : 18,
      "name" : "Drama"
    } ]
  }, {
    "id" : 271127,
    "title" : "Hostias (Un amor de película)",
    "overview" : "Romantic comedy about a cinema director who is cheated by his producer and distributor, forcing him to make a low budget movie from a terrible script.",
    "genres" : [ ]
  }, {
    "id" : 271132,
    "title" : "Sal",
    "overview" : "",
    "genres" : [ ]
  }, {
    "id" : 271137,
    "title" : "Querido profesor",
    "overview" : "",
    "genres" : [ ]
  }, {
    "id" : 271142,
    "title" : "5 Seconds",
    "overview" : "",
    "genres" : [ ]
  }, {
    "id" : 271147,
    "title" : "Search for Paradise",
    "overview" : "Cinerama documentary",
    "genres" : [ {
      "id" : 99,
      "name" : "Documentary"
    } ]
  }, {
    "id" : 271152,
    "title" : "Pôr do Sol no Areeiro",
    "overview" : "",
    "genres" : [ {
      "id" : 10749,
      "name" : "Romance"
    } ]
  }, {
    "id" : 271162,
    "title" : "Monk3ys",
    "overview" : "Voluntarily locked in a cell for 48 hours with no restrictions and no outside help three emotional archetypes battle for psychological supremacy before they can be destroyed by their own weaknesses.",
    "genres" : [ {
      "id" : 53,
      "name" : "Thriller"
    } ]
  }, {
    "id" : 271167,
    "title" : "Die Wirklichkeit kommt",
    "overview" : "",
    "genres" : [ ]
  }, {
    "id" : 271172,
    "title" : "Nicki Minaj: Pink Planet",
    "overview" : "Documentary profiling Nicki Minaj",
    "genres" : [ ]
  }, {
    "id" : 271177,
    "title" : "That Englishwoman: An Account of the Life of Emily Hobhouse",
    "overview" : "Dirk de Villiers -An English woman dares to defy the might of the British Empire and champions the cause of the Boers during the Anglo-Boer War, battling to alleviate the suffering of women and children in concentration camps.  - Veronica Lang, Terence Alexander, Jenny Runacre",
    "genres" : [ {
      "id" : 10752,
      "name" : "War"
    }, {
      "id" : 18,
      "name" : "Drama"
    }, {
      "id" : 36,
      "name" : "History"
    } ]
  }, {
    "id" : 271182,
    "title" : "Tons of Trouble",
    "overview" : "Family &amp; Kids, Action &amp; Adventure - An African elephant wanders into the lives of four wide-eyed children and all pandemonium breaks loose. - Lee Purcell, John Laughlin, R.D. Call",
    "genres" : [ ]
  }, {
    "id" : 271187,
    "title" : "Unbeatable Harold",
    "overview" : "A wannabe Elvis meets his true love, the best waitress in the West..",
    "genres" : [ {
      "id" : 35,
      "name" : "Comedy"
    }, {
      "id" : 10749,
      "name" : "Romance"
    } ]
  }, {
    "id" : 271192,
    "title" : "Walk By Faith",
    "overview" : "Comedy - Young Noelle has left the confinement of the mother's home, and the tutelage of Pastor Jones to face a new chapter of her life. Now as she heads to college, she faces new challenges. - Paige Barton, Sid Burston, Ahnaise Christmas",
    "genres" : [ ]
  }, {
    "id" : 271197,
    "title" : "Samoa, Queen of the Jungle",
    "overview" : "The adventurer Clint (Roger Browne) travels across Borneo with a bunch of rogues and geologists on the search for a diamond mine. In the middle of the jungle, they meet a beautiful woman called Samoa (Edwige Fenech). Hardly a surprise that Clint falls in love with Samoa, but trouble with the natives begins when the diamonds are found because diamonds are holy stones to them.",
    "genres" : [ {
      "id" : 12,
      "name" : "Adventure"
    }, {
      "id" : 28,
      "name" : "Action"
    } ]
  }, {
    "id" : 271202,
    "title" : "Sob",
    "overview" : "The first Turkish color film directed by Muhsin Ertugrul.",
    "genres" : [ {
      "id" : 18,
      "name" : "Drama"
    } ]
  }, {
    "id" : 271207,
    "title" : "Soap Life",
    "overview" : "In the feature-length documentary SOAP LIFE, producers John Grossman and Matthew D’Amato attempt to find out why, with millions of viewers, these icons of American culture are disappearing from the television landscape. SOAP LIFE features interviews with actors, directors, producers, writers, and fans to get their perspective on the changing face of daytime television.",
    "genres" : [ ]
  }, {
    "id" : 271212,
    "title" : "Stiffs",
    "overview" : "Frank Tramontana, a hearse driver who unwittingly gets drawn into a scheme his co-workers have concocted for a series of unfortunate \"accidents\" designed to clean up the neighborhood and fill their funeral parlor with much needed customers.",
    "genres" : [ ]
  }, {
    "id" : 271217,
    "title" : "Swan Lake",
    "overview" : "Swan Lake performance featuring Agnes Letestu, Jose Martinez, Karl Paquette, and Muriel Halle  The story is adapted from an old Russian folk tale. Princess Odette (Gillian Murphy) is captured by the evil sorcerer Rathbart (Isaac Stappas) and cursed to be changed into a swan. Young Prince Siegfried (Angel Corolla) is being pressured by his mother (Georgina Parkinson) to find a bride. Irritated, he runs out into the woods and finds Swan Lake, where Odette has become queen of the swans. He learns that only by someone swearing eternal love to her can the spell be broken, and he does so. At a ball, numerous princesses are paraded before the prince, who shows little interest. But when Rathbart, in human form (Marcelo Gomes), arrives with his daughter Odile (Murphy), enchanted to resemble Odette, Siegfried is deceived. Swearing love to Odile, and betraying Odette, he may have condemned her to spend the rest of her life as a swan.",
    "genres" : [ {
      "id" : 10402,
      "name" : "Music"
    } ]
  }, {
    "id" : 271222,
    "title" : "Shotgun Wedding",
    "overview" : "Shotgun Wedding is a 1993 Australian film based on the Wally Melish siege.",
    "genres" : [ ]
  }, {
    "id" : 271227,
    "title" : "Battle for Dien Bien Phu",
    "overview" : "Documentary - This is the story of the Vietminh siege at Dien Bien Phu in 1954, and France's last great battle in Vietnam. - Peter Batty -Director, Bernard Archard -Actor",
    "genres" : [ {
      "id" : 99,
      "name" : "Documentary"
    } ]
  }, {
    "id" : 271232,
    "title" : "Resistance",
    "overview" : "Over the five days after a military coup, army troops arrive to enforce martial law and encounter a growing resistance movement.",
    "genres" : [ ]
  }, {
    "id" : 271237,
    "title" : "Black Mask Vs. Gambling Mastermind",
    "overview" : "When Gao, the young saint of gamblers, vows not to gamble again after his latest win, he becomes the target of assassination from rival gamblers. He teams up with Black Mask to combat the assailants when he is challenged to an ultimate gambling duel.",
    "genres" : [ ]
  }, {
    "id" : 271242,
    "title" : "The Good Life",
    "overview" : "Christopher Nolen's \"The Good Life\" is the story of Jacques and Marianne Vandelay, a highly successful African American couple. They are happy but both are keeping dark secrets from each other.",
    "genres" : [ {
      "id" : 18,
      "name" : "Drama"
    }, {
      "id" : 10749,
      "name" : "Romance"
    } ]
  }, {
    "id" : 271247,
    "title" : "A Green Chariot",
    "overview" : "Sasha's greatest wish is to become an Israeli. He has become religious, changed his name to Yair and speaks only in Hebrew. He has completely cut himself off from his Russian past. But when Yair receives a package from his aunt in the Ukraine, his world is shaken. Something inside challenges everything Yair believes about himself and the person he`s tried to become.",
    "genres" : [ ]
  }, {
    "id" : 271252,
    "title" : "Island Assault 3",
    "overview" : "Brian Viloria versus Giovanni Segura for the world flyweight championship at the Ynares Sports Center, Pasig City, Philippines.",
    "genres" : [ {
      "id" : 28,
      "name" : "Action"
    } ]
  }, {
    "id" : 271257,
    "title" : "DJ Domination: World Domination",
    "overview" : "Documentary - Go backstage with hip hop's premier mixologist, DJ Domination. See how the most creative captain of cuts rolls as he hangs with hip hop's elite. Features Ludacris, Scarface, Busta Rhymes, Destiny's Child, Shaq, Ice T, and more. -  Domination, Ice-T, Ludacris",
    "genres" : [ ]
  }, {
    "id" : 271262,
    "title" : "Dolphin Adventures",
    "overview" : "Documentary - Jacques Costeau tried. Pioneer dolphin researcher John Lilly said it couldn't be done. But in 1978, a ship of fools set out to swim in the open oceans and, for three days, interacted with a school of wild dolphins.",
    "genres" : [ ]
  }, {
    "id" : 271267,
    "title" : "Escape From Nightmare",
    "overview" : "Drama - Ma is the best investigator in the homicide division, but his wife's accidental death devastates him. When a case of serial murders surfaces, he vows to track down the killer in hopes of escaping from his own personal nightmare.",
    "genres" : [ ]
  }, {
    "id" : 271272,
    "title" : "Millowitsch Theater - Die vertagte Hochzeitsnacht",
    "overview" : "",
    "genres" : [ {
      "id" : 35,
      "name" : "Comedy"
    } ]
  }, {
    "id" : 271277,
    "title" : "Millowitsch Theater - Die spanische Fliege",
    "overview" : "",
    "genres" : [ {
      "id" : 35,
      "name" : "Comedy"
    } ]
  }, {
    "id" : 271282,
    "title" : "Waidmannsheil",
    "overview" : "",
    "genres" : [ {
      "id" : 35,
      "name" : "Comedy"
    } ]
  }, {
    "id" : 271292,
    "title" : "Hope, Gloves and Redemption",
    "overview" : "Documentary - This passionate documentary follows Mickey and Negra as they train some of their most promising young proteges for the biggest tournament in amateur boxing. -",
    "genres" : [ ]
  }, {
    "id" : 271297,
    "title" : "That Eye, the Sky",
    "overview" : "Ort Flack is 12 years old and lives with his mother and his sister Tegwyn in the Australian outback. The three of them also have to take care of their old grandma and their paralyzed father. It is not easy for one mother to take care of everybody. But one day a mysterious stranger, Henry, comes to their desolate house to help them...",
    "genres" : [ ]
  }, {
    "id" : 271302,
    "title" : "Tim Tebow: On a Mission",
    "overview" : "An in-depth biography about the New York Jets / ex-Denver Bronco's polarizing QB Tim Tebow.",
    "genres" : [ ]
  }, {
    "id" : 271307,
    "title" : "Korean War Stories",
    "overview" : "Documentary - The Korean conflict is often called \"The Forgotten War,\" but it has never been forgotten by the men and women who experienced it. These veterans share their thoughts, experiences and memories, highlighting the human and social costs of war. Hosted by Walter Cronkite.",
    "genres" : [ ]
  }, {
    "id" : 271312,
    "title" : "Operation Cross Eagles",
    "overview" : "War - In this thrilling war drama set in Yugoslavia during WWII, a small band of courageous commandoes are sent to kidnap an important German commander in exchange for an American general being held in a German fortress. \"Operation Cross Eagles\" is a story of suspense and intrigue that will have you on the edge of your seat one moment and blast you back the next. -  Richard Conte, Rory Calhoun, Aili King",
    "genres" : [ {
      "id" : 10752,
      "name" : "War"
    } ]
  } ]
}