{
  "movies" : [ {
    "id" : 25392,
    "title" : "Destination Moon",
    "overview" : "Postulates the first manned trip to the moon, happening in the (then) near future, and being funded by a consortium of private backers. Assorted difficulties occur and must be overcome in-flight. Attempted to be realistic, with Robert A. Heinlein providing advice.",
    "genres" : [ {
      "id" : 878,
      "name" : "Science Fiction"
    } ]
  }, {
    "id" : 25407,
    "title" : "Riff-Raff",
    "overview" : "A private detective foils the plans of villains attempting to take over Panamanian oilfields when he hides a valuable map in plain sight.",
    "genres" : [ {
      "id" : 18,
      "name" : "Drama"
    }, {
      "id" : 53,
      "name" : "Thriller"
    }, {
      "id" : 12,
      "name" : "Adventure"
    }, {
      "id" : 35,
      "name" : "Comedy"
    } ]
  }, {
    "id" : 25422,
    "title" : "Die You Zombie Bastards!",
    "overview" : "Red Toole is an average good-hearted serial killer who enjoys killing hippies almost as much as he loves his wife Violet. But when Violet is kidnapped Toole sets out to reclaim the woman he loves, with unusual and often hilarious results.",
    "genres" : [ {
      "id" : 35,
      "name" : "Comedy"
    }, {
      "id" : 27,
      "name" : "Horror"
    } ]
  }, {
    "id" : 25432,
    "title" : "Soccer Mom",
    "overview" : "A warm-hearted comedy about a compulsive soccer mom who masquerades as a famous Italian soccer star hired to coach her daughter's floundering soccer team, then struggles frantically to keep her wacky charade going long enough to see the girls win their big tournament.",
    "genres" : [ {
      "id" : 35,
      "name" : "Comedy"
    }, {
      "id" : 18,
      "name" : "Drama"
    }, {
      "id" : 10751,
      "name" : "Family"
    } ]
  }, {
    "id" : 25437,
    "title" : "Cleaning in Progress",
    "overview" : "Four friends, Abdul, Jason, Angela and Danielle enrolled at university with two things in mind: to pass their degree and have fun at the same time. They attended induction day to find out the first year exams weren't compulsory, so they did what any other student would do, take the year off.",
    "genres" : [ {
      "id" : 28,
      "name" : "Action"
    }, {
      "id" : 35,
      "name" : "Comedy"
    } ]
  }, {
    "id" : 25442,
    "title" : "Hollywood Wives",
    "overview" : "No overview found.",
    "genres" : [ ]
  }, {
    "id" : 25447,
    "title" : "Tapeheads",
    "overview" : "The story of Ivan and Josh, two dim witted ex-security guards who love music videos. Out of work, with no job prospects, they form a music video production company. They soon learn the in's and out's of the business in LA and with some help from Mo Fuzz, they soon become hot property. But not all goes smoothly when they try to resurrect the career of their favorite R&amp;B duo, the Swanky Modes.",
    "genres" : [ {
      "id" : 35,
      "name" : "Comedy"
    }, {
      "id" : 18,
      "name" : "Drama"
    } ]
  }, {
    "id" : 25452,
    "title" : "Dough Boys",
    "overview" : "For the “Dough Boys” every day is a struggle to survive. Determined to make something of their lives, these four friends work any hustle no matter how risky. But when they bite off more than they can chew, their loyal bond is tested as they fight to stay alive. Now, the rules of the street that they live by are the very rules that could destroy them.",
    "genres" : [ {
      "id" : 18,
      "name" : "Drama"
    } ]
  }, {
    "id" : 25457,
    "title" : "The Wiggles: Wiggly Safari",
    "overview" : "Wiggly Safari is the 14th album release from an Australian children's music group, The Wiggles. This is about when they all go on safari at Australia Zoo with Steve Irwin the crocodile hunter. The album was released in 2002 &amp; was nominated for the Best Children's Album ARIA the same year but lost to Hi-5 Boom Boom Beat.",
    "genres" : [ {
      "id" : 10751,
      "name" : "Family"
    } ]
  }, {
    "id" : 25462,
    "title" : "Two Can Play That Game",
    "overview" : "Vivica A. Fox sizzles as a woman scorned who plans to get her man back by any means necessary. In this comedy about players and those who \"get played.\" As corporate overachiever and all-around fly chick Shanté Smith, Fox thinks she's got the goods to keep her slickster boyfriend (Morris Chestnut) from straying - until he discovers a greener pasture, Shanté's archrival (Gabrielle Union)",
    "genres" : [ {
      "id" : 35,
      "name" : "Comedy"
    }, {
      "id" : 10749,
      "name" : "Romance"
    } ]
  }, {
    "id" : 25467,
    "title" : "Before I Self Destruct",
    "overview" : "A coming of age story about an inner-city youth raised by a hardworking single mother. When his dream of becoming a basketball player fails to materialize, he finds himself employed in a supermarket. After his mother is tragically gunned down, Clarence (played by Jackson) is consumed by revenge and takes up a life of crime in order to support his younger brother.",
    "genres" : [ {
      "id" : 28,
      "name" : "Action"
    }, {
      "id" : 18,
      "name" : "Drama"
    } ]
  }, {
    "id" : 25472,
    "title" : "Merry Madagascar",
    "overview" : "The Zoosters are back in an all-new holiday adventure. When Santa and his reindeer crash onto the island of Madagascar it's up to Alex, Marty, Gloria, Melman and those wacky penguins to save Christmas. Get ready for a sleigh full of laughs in this hilarious new holiday classic.",
    "genres" : [ {
      "id" : 10751,
      "name" : "Family"
    }, {
      "id" : 16,
      "name" : "Animation"
    } ]
  }, {
    "id" : 25482,
    "title" : "Lolita's Club",
    "overview" : "The plot follows the story of twin brothers, one is a coldhearted violent police officer, the other is a helpless romantic with a mental disability. The two brothers are tragically involved with a prostitute who works in the bordello that gives the film its title. The film was adapted from an eponymous novel written by Juan Marsé.",
    "genres" : [ {
      "id" : 18,
      "name" : "Drama"
    } ]
  }, {
    "id" : 25487,
    "title" : "Conflict of Interest",
    "overview" : "Gideon rules the down and dirty side of town. From the docks where he runs an export business in stolen cars, to the heavy metal club where he can turn a little extra cash on hot women and cool drugs. Everyone loves Gideon, especially his posse of desirable women, everyone except the corpses he leaves behind and the cops who clean up after him. But now there's a new cop on Gideon's back, Mickey Fl",
    "genres" : [ {
      "id" : 28,
      "name" : "Action"
    }, {
      "id" : 18,
      "name" : "Drama"
    }, {
      "id" : 9648,
      "name" : "Mystery"
    }, {
      "id" : 53,
      "name" : "Thriller"
    } ]
  }, {
    "id" : 25492,
    "title" : "Billy Connolly: Was it Something I Said?",
    "overview" : "Billy Connolly's sensational show \"Was It Something I Said?\" was filmed in Adelaide on the Australian leg of his sell out 2006 World Tour.  This recording captures comedy legend Billy at his brilliant, inspirational, hilariously funny best.",
    "genres" : [ {
      "id" : 35,
      "name" : "Comedy"
    } ]
  }, {
    "id" : 25497,
    "title" : "Stormy Monday",
    "overview" : "When a corrupt American businessman tries to strong arm his way into businesses in Newcastle, England, he is thwarted by an club attendant and his waitress girlfriend.",
    "genres" : [ {
      "id" : 10749,
      "name" : "Romance"
    }, {
      "id" : 80,
      "name" : "Crime"
    }, {
      "id" : 18,
      "name" : "Drama"
    } ]
  }, {
    "id" : 25502,
    "title" : "Deception",
    "overview" : "Davis and Rains shine in a romantic melodrama set in the world of concert music. Davis is a pianist torn between her wealthy, jealous patron and her cellist husband.",
    "genres" : [ {
      "id" : 18,
      "name" : "Drama"
    }, {
      "id" : 10749,
      "name" : "Romance"
    } ]
  }, {
    "id" : 25507,
    "title" : "The Get-Away",
    "overview" : "A jailed cop befriends a mob chieftain and stages a breakout with him.",
    "genres" : [ {
      "id" : 80,
      "name" : "Crime"
    } ]
  }, {
    "id" : 25512,
    "title" : "Jeanne and the Perfect Guy",
    "overview" : "Jeanne, a receptionist at a travel agency, is looking for the love of her life. She thinks she has finally found it with Olivier. However, Olivier reveals he has AIDS and disappears from her life after her profession of love and confession of infidelity.",
    "genres" : [ {
      "id" : 18,
      "name" : "Drama"
    } ]
  }, {
    "id" : 25517,
    "title" : "The Gospel",
    "overview" : "A young singer turns his back on God and his father's church when tragedy strikes. He returns years later to find the once powerful congregation in disarray. With his childhood nemesis creating a \"new vision\" for the church, he is forced to deal with family turmoil, career suicide, and relationship issues that send him on a collision course with redemption or destruction",
    "genres" : [ {
      "id" : 18,
      "name" : "Drama"
    }, {
      "id" : 10402,
      "name" : "Music"
    } ]
  }, {
    "id" : 25527,
    "title" : "The Ron Clark Story",
    "overview" : "Matthew Perry is real-life inspiration Ron Clark, a passionate and innovative teacher who leaves his small hometown to teach in one of Harlem's toughest schools. But to break through to this students, Clark must use unconventional methods, including his ground-breaking classroom rules, to drive them toward their potential.",
    "genres" : [ {
      "id" : 10770,
      "name" : "TV Movie"
    }, {
      "id" : 18,
      "name" : "Drama"
    } ]
  }, {
    "id" : 25532,
    "title" : "Chronicle of an Escape",
    "overview" : "The true story of four men who narrowly escaped death at the hands of Argentina's military death squads during the 1970s is brought to the screen in this thriller. In 1977, Claudio Tamburrini (Rodrigo de la Serna) was a goalie for a minor-league football team when he was abducted by members of the Argentine military police and taken to an unofficial detention center on the false suspicion that he was a terrorist. Over 30,000 people lost their lives at the hands of Argentinean authorities under the military junta that ruled the country between 1976 and 1983, and as he was tortured by intelligence agents looking for information he didn't have, Tamburrini fully expected to become another victim. After many sessions of brutal torture, Tamburrini and his fellow captives Guillermo (Nazareno Casero) and Tano (Martin Urruty) were being readied for execution when, in a final desperate act, Tamburrini dove out a window during a rainstorm.",
    "genres" : [ {
      "id" : 80,
      "name" : "Crime"
    }, {
      "id" : 10769,
      "name" : "Foreign"
    }, {
      "id" : 53,
      "name" : "Thriller"
    } ]
  }, {
    "id" : 25537,
    "title" : "Staunton Hill",
    "overview" : "When a group of hikers take off for a weekend of fun and adventure in remote mountain region, they unwittingly stumble across the Staunton family - for whom the hill is named - and find themselves at the mercy of a depraved, diabolical brood that will stop at nothing to rid their property of these \"trespassers.\" The only law on Staunton's Hill is the law of the Stauntons...and, in this case, the penalty for defying that law is death.",
    "genres" : [ {
      "id" : 27,
      "name" : "Horror"
    } ]
  }, {
    "id" : 25557,
    "title" : "The Puppet Masters",
    "overview" : "The Earth is invaded by alien parasites aka \"slugs\" that ride on people's backs and control their minds. A trio of American government agents attempt to thwart this.",
    "genres" : [ {
      "id" : 27,
      "name" : "Horror"
    }, {
      "id" : 878,
      "name" : "Science Fiction"
    }, {
      "id" : 53,
      "name" : "Thriller"
    } ]
  }, {
    "id" : 25562,
    "title" : "Soapdish",
    "overview" : "Celeste Talbert is the star of the long-running soap opera \"The Sun Also Sets.\" With the show's ratings down, Celeste's ruthlessly ambitious co-star, Montana Moorehead, and the show's arrogant producer, David Seton Barnes, plot to aggravate her into leaving the show by bringing back her old flame, Jeffrey Anderson, and hiring her beautiful young niece, Lori Craven.",
    "genres" : [ {
      "id" : 35,
      "name" : "Comedy"
    }, {
      "id" : 18,
      "name" : "Drama"
    }, {
      "id" : 10749,
      "name" : "Romance"
    } ]
  }, {
    "id" : 25567,
    "title" : "The Community Project",
    "overview" : "Indie film studio Silver Platter serves up yet another exhilarating ride through exotic and extreme snowboarding terrain with this documentary that's part travelogue and part sports spectacle. Watch Andy Finch, Travis Rice, Colin Langlois, Kyle Clancy and Shaun White take on the wildest of slopes in such places as New Zealand, Norway, British Columbia and Japan, all for the love of snowboarding.",
    "genres" : [ {
      "id" : 99,
      "name" : "Documentary"
    } ]
  }, {
    "id" : 25572,
    "title" : "American Drug War: The Last White Hope",
    "overview" : "Texas filmmaker Kevin Booth delves into a world of deceit and corruption controlled by a drug dealing government who's only allegiance is to its corporate masters.",
    "genres" : [ {
      "id" : 99,
      "name" : "Documentary"
    } ]
  }, {
    "id" : 25577,
    "title" : "Natasha",
    "overview" : "Terrified after having witnessed the cold-blooded murder of her boss and her cousin by vicious gangsters, an exotic dancer from Russia flees to England and assumes the identity of her dead relative only to discover that no matter how far you run, you can never escape your past. Arriving in England, the frightened dancer takes the name Natasha and enters into a passionate relationship with local vicar's daughter Christine. Later, after a stealthy photographer posts snaps some steamy shots of Natasha and Christine making love and posts them on the internet, the vengeful gangsters stumble across the website and dispatch some ruthless hired guns to rub the Russian dancer out. Now Natasha's time is quickly running out, and the only person willing to help her fight back against the ruthless Russian mob is a fierce-but-sexy Russian policewoman who isn't afraid to fight back against one of the most dangerous criminal organizations on the planet.",
    "genres" : [ {
      "id" : 18,
      "name" : "Drama"
    }, {
      "id" : 53,
      "name" : "Thriller"
    }, {
      "id" : 10769,
      "name" : "Foreign"
    } ]
  }, {
    "id" : 25587,
    "title" : "The Land Before Time VIII: The Big Freeze",
    "overview" : "When the dinosaur families get trapped in a valley by an ice storm, one family of \"spike tail\" dinosaurs volunteers to leave since they consume more food than the others. Meanwhile, the young dinos and a new adult dinosaur named Mr. Thicknose, head out to bring back their friend Spike, who has left his friends to be with members of his own species.",
    "genres" : [ {
      "id" : 12,
      "name" : "Adventure"
    }, {
      "id" : 16,
      "name" : "Animation"
    }, {
      "id" : 10751,
      "name" : "Family"
    } ]
  }, {
    "id" : 25592,
    "title" : "Au secours, j'ai 30 ans !",
    "overview" : "Ils sont amis depuis l'enfance et se sont juré de toujours s'entraider. Ensemble, Kathy, Tara et Yann ont quitté leur île bretonne pour s'installer à Paris. Alors que Yann est heureux avec Alfredo, son compagnon, les deux filles connaissent des vies sentimentales plutôt désastreuses. Tara, aussi rieuse que peu sûre d'elle, se fait esclavagiser par Thomas, petit prof égocentrique et mesquin...",
    "genres" : [ {
      "id" : 35,
      "name" : "Comedy"
    } ]
  }, {
    "id" : 25597,
    "title" : "Hansel & Gretel",
    "overview" : "When Eun-soo gets lost in a country road, he meets a mysterious girl and is led to her fairytale ike house in the middle of the forest. There, Eun-soo is trapped with the girl and her siblings who never age. Eun-soo finally discovers a way out which is written on a fairy tale book. But the book tells a story of none other than himself!",
    "genres" : [ {
      "id" : 14,
      "name" : "Fantasy"
    }, {
      "id" : 18,
      "name" : "Drama"
    }, {
      "id" : 27,
      "name" : "Horror"
    } ]
  }, {
    "id" : 25602,
    "title" : "Ninja",
    "overview" : "A westerner named Casey, studying Ninjutsu in Japan, is asked by the Sensei to return to New York to protect the legendary Yoroi Bitsu, an armored chest that contains the weapons of the last Koga Ninja.",
    "genres" : [ {
      "id" : 28,
      "name" : "Action"
    }, {
      "id" : 80,
      "name" : "Crime"
    }, {
      "id" : 18,
      "name" : "Drama"
    }, {
      "id" : 53,
      "name" : "Thriller"
    } ]
  }, {
    "id" : 25622,
    "title" : "Demon Pond",
    "overview" : "The modern-day story of a man searching for a friend who has mysteriously disappeared, with a magical tale involving strange creatures, a heartbroken princess, and a pact that can't be broken. Conflicts between faith and skepticism, and between social obligation and personal desire drive the narrative toward a dramatic conclusion where the worlds of the real and the surreal inevitabl",
    "genres" : [ {
      "id" : 14,
      "name" : "Fantasy"
    }, {
      "id" : 878,
      "name" : "Science Fiction"
    }, {
      "id" : 10769,
      "name" : "Foreign"
    } ]
  }, {
    "id" : 25627,
    "title" : "The Living Dead at Manchester Morgue",
    "overview" : "A cop chases two hippies suspected of a series of Manson family-like murders; unbeknown to him, the real culprits are the living dead, brought to life with a thirst for human flesh after government officials conduct pest control experiments using subsonic waves in the area.",
    "genres" : [ {
      "id" : 878,
      "name" : "Science Fiction"
    }, {
      "id" : 27,
      "name" : "Horror"
    } ]
  }, {
    "id" : 25637,
    "title" : "Rockfish",
    "overview" : "A fisherman and his little alien pet go fishing on a desolate barren planet somewhere in the galaxy. With his gear he digs a whole in the crust up until the magma shows up. Now the fishing can start, some bait, and down the mechanical fishing rod goes. It won't take long until something eats the bait. But what kind of fish is this? One thing we know for sure: it doesn't want to get caught.",
    "genres" : [ {
      "id" : 16,
      "name" : "Animation"
    } ]
  }, {
    "id" : 25642,
    "title" : "Ben 10 : Alien Swarm",
    "overview" : "Ben tenison is back in this all new Comedy Central, Movie, Based on the current Alien Force story. Alien swarm picks up with Ben 10 as a full fledged plumber but he's about to leave the ranks to do what he believes is right.",
    "genres" : [ {
      "id" : 12,
      "name" : "Adventure"
    } ]
  }, {
    "id" : 25647,
    "title" : "Breath",
    "overview" : "A convicted prisoner falls for a woman that decorates his prison cell.",
    "genres" : [ {
      "id" : 80,
      "name" : "Crime"
    }, {
      "id" : 18,
      "name" : "Drama"
    } ]
  }, {
    "id" : 25652,
    "title" : "Crocodile",
    "overview" : "Crocodile is a 1996 South Korean film. It was the directorial debut of Ki-duk Kim and stars Cho Jae-hyun as \"Crocodile\".The film tells the story of a man living at the edge of the Han River in Seoul, who saves a woman trying to commit suicide. He then proceeds to rape and abuse her until an odd relationship develops between them.",
    "genres" : [ {
      "id" : 18,
      "name" : "Drama"
    } ]
  }, {
    "id" : 25657,
    "title" : "Kamome Diner",
    "overview" : "Where are we welcome? On a quiet street in Helsinki, Sachie has opened a diner featuring rice balls. For a month she has no customers. Then, in short order, she has her first customer, meets Midori, a gangly Japanese tourist, and invites her to stay with her, and meets Masako, a formal and ethereal middle-aged woman whose luggage has gone missing. The three women work in the diner, interact, and serve customers. A somewhat brusque man teaches Sachie to make delicious coffee, then he returns under other circumstances. Three neighborhood women inspect the empty diner every day; will anything bring them inside? The number of customers gradually increases, but the diner seems to attract only those with problems. Conversation with Sachie and the tasty food seem to resolve people's woes. We learn why Sachie serves rice balls; but why Finland?",
    "genres" : [ {
      "id" : 18,
      "name" : "Drama"
    }, {
      "id" : 35,
      "name" : "Comedy"
    } ]
  }, {
    "id" : 25662,
    "title" : "SOS! Tokyo Metro Explorers: The Next",
    "overview" : "Summer, 2006. A 5th grader Ryuhei discovers a notebook entitled \"Tokyo Exploring Records.\" It was a journal kept by his father, Shohei, when he was around Ryuhei's age. Ryuhei forms his own exploration party with his friends Shun and Yoshio. One summer day, the party and Ryuhei's younger brother Sasuke who happens to tag along, heads to the dungeon looking for a treasure indicated on the journal",
    "genres" : [ {
      "id" : 16,
      "name" : "Animation"
    } ]
  }, {
    "id" : 25667,
    "title" : "Little Moscow",
    "overview" : "During the Cold War, a young Soviet officer and a local Polish woman are drawn together by music.",
    "genres" : [ {
      "id" : 18,
      "name" : "Drama"
    } ]
  }, {
    "id" : 25672,
    "title" : "Hollow Triumph",
    "overview" : "A film noir drama in which a sophisticated con man, who has just stolen from the mob, is forced to impersonate a psychiatrist who looks just like him, going so far as to cut himself on the cheek to duplicate a similar scar on the doctor. When he takes matters even further, karma arrives, forcing him to pay the debts of his double.",
    "genres" : [ {
      "id" : 53,
      "name" : "Thriller"
    }, {
      "id" : 80,
      "name" : "Crime"
    } ]
  }, {
    "id" : 25677,
    "title" : "Northsyde - Live In Italy",
    "overview" : "Live concert of Northsyde in Domadossola, Italy",
    "genres" : [ ]
  }, {
    "id" : 25682,
    "title" : "American Ninja 3: Blood Hunt",
    "overview" : "Jackson is back, and now he has a new partner, karate champion Sean, as they must face a deadly terrorist known as \"The Cobra\", who has infected Sean with a virus. Sean and Jackson have no choice but to fight the Cobra and his bands of ninjas.",
    "genres" : [ {
      "id" : 28,
      "name" : "Action"
    }, {
      "id" : 12,
      "name" : "Adventure"
    }, {
      "id" : 18,
      "name" : "Drama"
    } ]
  }, {
    "id" : 25687,
    "title" : "Stephen Lynch: Live at the El Rey",
    "overview" : "Recorded live at the El Rey Theatre in Los Angeles, CA - featuring six songs previously not available on any album..",
    "genres" : [ {
      "id" : 35,
      "name" : "Comedy"
    }, {
      "id" : 10402,
      "name" : "Music"
    } ]
  }, {
    "id" : 25697,
    "title" : "Getting Away with Murder",
    "overview" : "When the very moralistic college ethics instructor Jack Lambert finds himself living next door to an accused German death camp commander, he takes it upon himself to rid the world of this man.",
    "genres" : [ {
      "id" : 35,
      "name" : "Comedy"
    } ]
  }, {
    "id" : 25707,
    "title" : "Dot.Kill",
    "overview" : "The morphine-addicted detective Charlie Daines is on the trail of a sophisticated psychopath who is setting up murders and broadcasting them live on the internet. As he closes in on the killer, he realizes that it has become personal and that he is to be the final victim. Will he catch the killer before it's too late or will his old-school methods mean his death?",
    "genres" : [ {
      "id" : 53,
      "name" : "Thriller"
    }, {
      "id" : 80,
      "name" : "Crime"
    } ]
  }, {
    "id" : 25712,
    "title" : "The Alien Dead",
    "overview" : "A meteor strikes a houseboat in the swamps near a southern town populated by Yankees with fake accents. The people on the houseboat become zombies who feed on the alligators in the swamp. Once they run out of alligators, they start going for the citizens. A local scientist tries to figure out what's happening to people once they start disappearing.",
    "genres" : [ {
      "id" : 27,
      "name" : "Horror"
    }, {
      "id" : 878,
      "name" : "Science Fiction"
    } ]
  }, {
    "id" : 25722,
    "title" : "The Unholy Wife",
    "overview" : "A woman marries a man for his wealth, then concocts a plan to kill him, take his money, and run off with her lover. Things go wrong when they accidentally kill the wrong person.",
    "genres" : [ {
      "id" : 53,
      "name" : "Thriller"
    } ]
  }, {
    "id" : 25727,
    "title" : "The Girls Rebel Force of Competitive Swimmers",
    "overview" : "A psycho scientist sent in to inoculate the luscious young student bodies against a new virus makes a little error in judgment, resulting in a not-so-little flesh-eating zombie problem. Now, with most of the school and all of the teachers running amuck, eating each other, having rabid sex and juggling, it's up to Aki and her new found allies on the Girls Swim Team to take care of business.",
    "genres" : [ {
      "id" : 28,
      "name" : "Action"
    }, {
      "id" : 27,
      "name" : "Horror"
    } ]
  }, {
    "id" : 25742,
    "title" : "Cannibal Mercenary",
    "overview" : "A retired soldier is deeply disturbed by his past experiences in Vietnam, but goes out in the jungle one more time to save his sick daughter. He gathers his old gang of misfits, including a sex-maniac and a wife-killer. They slay their way through Vietcong, innocent villagers and traitors - anybody who stands between them and getting the job done.",
    "genres" : [ {
      "id" : 27,
      "name" : "Horror"
    }, {
      "id" : 28,
      "name" : "Action"
    }, {
      "id" : 12,
      "name" : "Adventure"
    } ]
  }, {
    "id" : 25747,
    "title" : "Beautiful",
    "overview" : "Eun-young is a woman cursed with great beauty. Wherever she goes, she gets unwanted admiration from men and jealousy from women. One day, one of her stalking admirer invades her place.",
    "genres" : [ {
      "id" : 18,
      "name" : "Drama"
    }, {
      "id" : 53,
      "name" : "Thriller"
    }, {
      "id" : 9648,
      "name" : "Mystery"
    }, {
      "id" : 10769,
      "name" : "Foreign"
    } ]
  }, {
    "id" : 25752,
    "title" : "Children of the Corn 666: Isaac's Return",
    "overview" : "A girl called Hannah goes back to her hometown (Gatlin) to find out who her mother but on the way she picks up a strange man who fore-shadows her life with a passage from the bible. When she gets there she wakes up Isaac from a coma he has been in for 19 years. Isaac is awake and wants to fulfill the final prophecy.",
    "genres" : [ {
      "id" : 27,
      "name" : "Horror"
    }, {
      "id" : 9648,
      "name" : "Mystery"
    } ]
  }, {
    "id" : 25757,
    "title" : "Comic Book: The Movie",
    "overview" : "A host of real-life celebrities - including Hugh Hefner, Stan Lee, and Kevin Smith - journey into the world of comic book fandom! Documentary filmmaker Donald Swan heads to the world's largest comic book convention where he encounters a culture of craziness that he's totally unprepared for.",
    "genres" : [ {
      "id" : 28,
      "name" : "Action"
    }, {
      "id" : 35,
      "name" : "Comedy"
    }, {
      "id" : 53,
      "name" : "Thriller"
    } ]
  }, {
    "id" : 25762,
    "title" : "Curse of the Queerwolf",
    "overview" : "After being bitten by what he thinks is a transvestite, Larry starts having nightmares about hillbillies, ominous visits from an old gypsy woman, and having the strangest reactions to the full moon...",
    "genres" : [ {
      "id" : 35,
      "name" : "Comedy"
    }, {
      "id" : 27,
      "name" : "Horror"
    } ]
  }, {
    "id" : 25767,
    "title" : "The Grass Is Greener",
    "overview" : "Victor and Hillary are down on their luck to the point that they allow tourists to take guided tours of their castle. But Charles Delacro, a millionaire oil tycoon, visits, and takes a liking to more than the house. Soon, Hattie Durant gets involved and they have a good old fashioned love triangle.",
    "genres" : [ {
      "id" : 35,
      "name" : "Comedy"
    }, {
      "id" : 18,
      "name" : "Drama"
    }, {
      "id" : 10749,
      "name" : "Romance"
    } ]
  }, {
    "id" : 25772,
    "title" : "Lethal Angels",
    "overview" : "A group of women who have been wronged by various men or groups are given a chance at vengeance. One woman, once beaten to a miscarriage, trains these once mistreated women to become artful killers; using their looks to get close to targets. In the end, though, two befriended women find that not all is as it seams and vengeance without conscience is worse then the acts committed by their targets. Deception, reversals, and betrayal on all fronts fill this journey into the minds of the abused; and the world of the dark art of vengeance killing.",
    "genres" : [ {
      "id" : 28,
      "name" : "Action"
    }, {
      "id" : 53,
      "name" : "Thriller"
    }, {
      "id" : 10769,
      "name" : "Foreign"
    } ]
  }, {
    "id" : 25782,
    "title" : "The New Man",
    "overview" : "Sweden 1951. A new society is developing, a society where there is no room for the socially and mentally weak...",
    "genres" : [ {
      "id" : 18,
      "name" : "Drama"
    } ]
  }, {
    "id" : 25787,
    "title" : "One Girl's Confession",
    "overview" : "Cleo Moore stars as Mary Adams, whose first step on the road to ruin is a $25,000 robbery. Mary hides the money, then confesses to the crime, secure in the belief that she can dig up the loot upon her release from prison.",
    "genres" : [ {
      "id" : 18,
      "name" : "Drama"
    } ]
  }, {
    "id" : 25797,
    "title" : "Miss Minoes",
    "overview" : "A cat who turns into a young woman helps a journalist protect their town from a factory boss with an evil plan.",
    "genres" : [ {
      "id" : 35,
      "name" : "Comedy"
    }, {
      "id" : 10751,
      "name" : "Family"
    }, {
      "id" : 14,
      "name" : "Fantasy"
    }, {
      "id" : 878,
      "name" : "Science Fiction"
    } ]
  }, {
    "id" : 25802,
    "title" : "26th July At Barista",
    "overview" : "The movie is a salute to the spirit of Mumbai and World Humanity. The Natural catastrophe which destructed many lives of People and Property and laid the bare fact that nobody is above the nature. But the human spirit moves ahead to fight &amp; make his &amp; other lives for a better tomorrow. An example to glory and fighting spirit of Mumbaikars.",
    "genres" : [ {
      "id" : 18,
      "name" : "Drama"
    }, {
      "id" : 10769,
      "name" : "Foreign"
    } ]
  }, {
    "id" : 25807,
    "title" : "Red Light",
    "overview" : "Nick Cherney, in prison for embezzling from Torno Freight Co., sees a chance to get back at Johnny Torno through his young priest brother Jess. He pays fellow prisoner Rocky, who gets out a week before Nick, to murder Jess... who, dying, tells revenge-minded Johnny that he'd written a clue \"in the Bible.\" Frustrated, Johnny obsessively searches for the missing Gideon Bible from Jess's hotel room.",
    "genres" : [ {
      "id" : 9648,
      "name" : "Mystery"
    }, {
      "id" : 53,
      "name" : "Thriller"
    } ]
  }, {
    "id" : 25822,
    "title" : "Hawaii Max",
    "overview" : "No overview found.",
    "genres" : [ ]
  }, {
    "id" : 25827,
    "title" : "Marigold",
    "overview" : "The film follows the story of Marigold Lexton, an American actress who gets stranded in Mumbai and lands a minor role in a Bollywood musical. She meets Prem, the film's choreographer, and undergoes a personal transformation as she experiences Bollywood firsthand.",
    "genres" : [ {
      "id" : 35,
      "name" : "Comedy"
    }, {
      "id" : 10749,
      "name" : "Romance"
    } ]
  }, {
    "id" : 25832,
    "title" : "Aria",
    "overview" : "Ten short pieces directed by ten different directors, including Ken Russell, Jean-Luc Godard, Robert Altman, Bruce Beresford, and Nicolas Roeg. Each short uses an aria as soundtrack/sound (Vivaldi, Bach, Wagner), and is an interpretation of the particular aria.",
    "genres" : [ {
      "id" : 35,
      "name" : "Comedy"
    }, {
      "id" : 18,
      "name" : "Drama"
    }, {
      "id" : 10402,
      "name" : "Music"
    } ]
  }, {
    "id" : 25842,
    "title" : "A Christmas Carol",
    "overview" : "Reginald Owen portrays Charles Dickens' holiday humbug Ebenezer Scrooge, the miser's miser who has a huge change of heart after spirits whisk him into the past, present and future.",
    "genres" : [ {
      "id" : 18,
      "name" : "Drama"
    }, {
      "id" : 10751,
      "name" : "Family"
    }, {
      "id" : 14,
      "name" : "Fantasy"
    } ]
  }, {
    "id" : 25852,
    "title" : "Nothing Like the Holidays",
    "overview" : "It’s Christmastime and the far-flung members of the Rodriguez family are converging at their parents’ home in Chicago to celebrate the season and rejoice in their youngest brother’s safe return from combat overseas.",
    "genres" : [ {
      "id" : 35,
      "name" : "Comedy"
    }, {
      "id" : 18,
      "name" : "Drama"
    }, {
      "id" : 10749,
      "name" : "Romance"
    } ]
  }, {
    "id" : 25857,
    "title" : "The Calling: Live In Italy",
    "overview" : "Music In High Places, the ultimate international music and travel adventure series that takes top recording artists to the most ancient sites on Earth. The Calling discover the colture, history and spirituality of Italy, while sharing their hits from the debut album with the people of Italy. Songs include Stigmitized, Wherever You Will Go and many more...",
    "genres" : [ {
      "id" : 10402,
      "name" : "Music"
    } ]
  }, {
    "id" : 25862,
    "title" : "Blues in the Night",
    "overview" : "Members of a traveling jazz band try to keep their talented leader from dying after he breaks from the band and begins drinking and taking drugs.",
    "genres" : [ {
      "id" : 18,
      "name" : "Drama"
    }, {
      "id" : 10402,
      "name" : "Music"
    } ]
  }, {
    "id" : 25867,
    "title" : "De Dana Dan",
    "overview" : "Nitin (Akshay Kumar) and Ram (Suniel Shetty) are only lucky in love, otherwise their life is a big zero as is their bank balance. But now their rich girlfriends, Anjali (Katrina Kaif) and Manpreet (Sameera Reddy) have given them an ultimatum – earn enough money so that we can elope or forget us forever. Broke and desperate Nitin and Ram need to make big money and fast.",
    "genres" : [ {
      "id" : 28,
      "name" : "Action"
    }, {
      "id" : 35,
      "name" : "Comedy"
    }, {
      "id" : 10769,
      "name" : "Foreign"
    } ]
  }, {
    "id" : 25872,
    "title" : "The Pirate Movie",
    "overview" : "A comedy/musical utilizing both new songs and parodies from the original (Gilbert and Sullivan's Pirates of Penzance), as well as references to popular films of the time, including Star Wars and Raiders of the Lost Ark. In your typical boy meets girl, boy loses girl, boy fights girl with swords plot, the story revolves around Mabel ...",
    "genres" : [ {
      "id" : 28,
      "name" : "Action"
    }, {
      "id" : 35,
      "name" : "Comedy"
    }, {
      "id" : 18,
      "name" : "Drama"
    }, {
      "id" : 10751,
      "name" : "Family"
    }, {
      "id" : 10402,
      "name" : "Music"
    }, {
      "id" : 10749,
      "name" : "Romance"
    } ]
  }, {
    "id" : 25877,
    "title" : "Shania A Life in Eight Albums",
    "overview" : "Subtitled, \"A Life In Eight Albums\", \"Shania\" is the story of the early years of struggle and triumph of music sensation Shania Twain.",
    "genres" : [ {
      "id" : 10402,
      "name" : "Music"
    }, {
      "id" : 18,
      "name" : "Drama"
    } ]
  }, {
    "id" : 25882,
    "title" : "Indra",
    "overview" : "Indra opens in a village in Andhra Pradesh showing the rivalry between two families. A police officer wishing to end this hostility comes up with the proposal of marriage between the two families which ultimately is used by Shivraj as a trap to finish off his rival. After the funeral, no one is willing to stake claim for the leadership of the clan when the young Indrasena Reddy comes in and tells his grandmother that he will.",
    "genres" : [ {
      "id" : 18,
      "name" : "Drama"
    }, {
      "id" : 10769,
      "name" : "Foreign"
    } ]
  }, {
    "id" : 25887,
    "title" : "Gangs of New York",
    "overview" : "In this crime drama, an undercover cop infiltrates a powerful New York based crime syndicate.",
    "genres" : [ {
      "id" : 80,
      "name" : "Crime"
    } ]
  }, {
    "id" : 25892,
    "title" : "Cinderella",
    "overview" : "TV-version of the classic fairy tale, set to a Rodgers and Hammerstein score.",
    "genres" : [ {
      "id" : 14,
      "name" : "Fantasy"
    }, {
      "id" : 10749,
      "name" : "Romance"
    } ]
  }, {
    "id" : 25902,
    "title" : "Just Sex and Nothing Else",
    "overview" : "The attractive, 32-year old and single Dora edits scripts for plays and is working on \"Dangerous Liaisons.\" One day when her lover shoves her, half-naked, out on a balcony at the sudden appearance of the wife that Dora didn't know he had, Dora is rescued by a handsome man named Tamas.",
    "genres" : [ {
      "id" : 18,
      "name" : "Drama"
    }, {
      "id" : 35,
      "name" : "Comedy"
    }, {
      "id" : 10749,
      "name" : "Romance"
    } ]
  }, {
    "id" : 25907,
    "title" : "Snowdrops and Aces",
    "overview" : "A quarter century after the release of the original film, this sequel brings us a drama about platonic love, life retrospective and memories. Former schoolmates meet again in the mountains and it turns out they have not changed much. Even though so many years have passed, we can still see the souls of boys and girls we know from the teenage comedy Snowdrops and Aces; kids who participated in that legendary skiing course. Its nostalgic humour gives the film a bitter-sweet touch. Thawing Out follows the lives of the main heroes during a period of great changes. How did they manage to escape the traps and what scars have they suffered? Where did they want to go, how far have they got and what is still in front of them?",
    "genres" : [ {
      "id" : 35,
      "name" : "Comedy"
    }, {
      "id" : 10751,
      "name" : "Family"
    } ]
  }, {
    "id" : 25912,
    "title" : "Sa-kwa",
    "overview" : "A woman breaks up with her boyfriend of seven years. Devastated, she throws herself into another relationship and decides to get married, only to have her exboyfriend return to her...",
    "genres" : [ {
      "id" : 18,
      "name" : "Drama"
    }, {
      "id" : 10769,
      "name" : "Foreign"
    }, {
      "id" : 10749,
      "name" : "Romance"
    } ]
  }, {
    "id" : 25917,
    "title" : "Bastard!!",
    "overview" : "The characters in BASTARD!! have forsaken technology and have traded it in for magic and the occult arts. The story revolves around a group of five magicians who set out to rebuild their world after a rampaging God destroys it and tips it into chaos. Driven by their leader Dark Schneider, Gara, Arshes Nei, Abigail and Kall Su set out to conquer kingdoms in the hope of rebuilding them into utopias,",
    "genres" : [ {
      "id" : 12,
      "name" : "Adventure"
    }, {
      "id" : 16,
      "name" : "Animation"
    }, {
      "id" : 14,
      "name" : "Fantasy"
    }, {
      "id" : 28,
      "name" : "Action"
    } ]
  }, {
    "id" : 25922,
    "title" : "Three Days",
    "overview" : "A meteorite will destroy the world in three days. For Ale (Victor Clavijo), that means 72 hours of alone time, getting as drunk as possible. But when a mysterious drifter (Eduard Fernández) appears, the self-serving Ale faces a more immediate danger. Now, he finds himself protecting his mother (Mariana Cordero) and his brother's children from his fellow man in humanity's final hours. Daniel Casadella co-stars in this thought-provoking drama.",
    "genres" : [ {
      "id" : 80,
      "name" : "Crime"
    }, {
      "id" : 18,
      "name" : "Drama"
    }, {
      "id" : 878,
      "name" : "Science Fiction"
    } ]
  }, {
    "id" : 25927,
    "title" : "Staten Island",
    "overview" : "Sully (Ethan Hawke) is desperate to give his unborn son the chance he never had. Jasper (Seymour Cassel) wants to escape the mobsters that have infiltrated his life and business. Parmie Tarzo (Vincent D'Onofrio), a local mob boss, dreams of crushing the competition. All three men live in Staten Island... once their lives intersect, nothing will ever be the same.",
    "genres" : [ {
      "id" : 18,
      "name" : "Drama"
    }, {
      "id" : 28,
      "name" : "Action"
    }, {
      "id" : 53,
      "name" : "Thriller"
    }, {
      "id" : 80,
      "name" : "Crime"
    } ]
  }, {
    "id" : 25932,
    "title" : "Roommates",
    "overview" : "Billie is an advertising executive with a secret past she can’t seem to leave behind. Joan is a hopeful young actress looking for the right part and the right guy. Sherry is a model whose whirlwind lifestyle is catching up with her.",
    "genres" : [ {
      "id" : 10749,
      "name" : "Romance"
    } ]
  }, {
    "id" : 25937,
    "title" : "Once in a Summer",
    "overview" : "An assistant to a TV producer, eager to stay off his bad side, promises to convince her former professor, a famous but reclusive academic, to appear on their show, which helps locate long-lost persons. Who does grey-haired Professor Yun Suk-Young want to see again more than anything? The answer to that question lies decades in the past.",
    "genres" : [ {
      "id" : 18,
      "name" : "Drama"
    }, {
      "id" : 10749,
      "name" : "Romance"
    } ]
  }, {
    "id" : 25947,
    "title" : "Max Havelaar",
    "overview" : "An idealistic Dutch colonial officer posted to Indonesia in the 19th century is convinced that he can make the kinds of changes that will actually help the local people he is in charge of, but circumstances soon make him realize just how out of touch he really is, and it doesn't take long for things to go from bad to worse. Written by frankfob2@yahoo.com",
    "genres" : [ {
      "id" : 18,
      "name" : "Drama"
    } ]
  }, {
    "id" : 25952,
    "title" : "Conquest of Space",
    "overview" : "A team of American astronauts leave their space station on the first mission to Mars, but the captain's religious beliefs may get in the way.",
    "genres" : [ {
      "id" : 878,
      "name" : "Science Fiction"
    } ]
  }, {
    "id" : 25957,
    "title" : "Clear Skies",
    "overview" : "Clear Skies follows a trio of down-and-out misfits who've seen no end of bad luck. John Rourke is the obstinate captain of the Clear Skies, a Tempest class battleship manufactured by the downtrodden Minmatar race of New Eden. Rourke's attitude toward his hazardous chosen lifestyle is cavalier, although this does not sit well with his friends among the crew.",
    "genres" : [ {
      "id" : 878,
      "name" : "Science Fiction"
    } ]
  }, {
    "id" : 25962,
    "title" : "La Famiglia Passaguai",
    "overview" : "Quando il cavaliere Peppe Valenzi detto Passaguai (Fabrizi) decide di approfittare di uno sconto aziendale per portare la moglie (Ninchi) ed i figli a trascorrere una domenica al mare di Fiumicino, inizia per tutti una serie di guai, sotto forma di incubo comico.",
    "genres" : [ ]
  }, {
    "id" : 25967,
    "title" : "Isolation",
    "overview" : "On a remote Irish farm, five people become unwilling participants in an experiment that goes nightmarishly wrong.",
    "genres" : [ {
      "id" : 27,
      "name" : "Horror"
    }, {
      "id" : 878,
      "name" : "Science Fiction"
    }, {
      "id" : 53,
      "name" : "Thriller"
    } ]
  }, {
    "id" : 25977,
    "title" : "Showdown at Area 51",
    "overview" : "Two aliens who crash on Earth must find a buried weapon that will destroy the planet and their own society if not stopped.",
    "genres" : [ {
      "id" : 878,
      "name" : "Science Fiction"
    }, {
      "id" : 53,
      "name" : "Thriller"
    } ]
  }, {
    "id" : 25982,
    "title" : "Eros Ramazotti: Stilelibero",
    "overview" : "Tracklist: 1. Dove C'è Musica 2. Il Mio Amore Per Te 3. Musica E' 4. L'Aquila E Il Condor 5. Per Me Per Sempre 6. L'Ombra Del Gigante 7. Lo Spirito Degli Alberi 8. Un Angelo Non E' 9. Più Che Puoi 10. Fuoco Nel Fuoco 11. Improvvisa Luce Ad Est 12. E Ancor Mi Chiedo 13. Lei Però 14. Se Bastasse Una Canzone 15. Fuoco Nel Fuoco 16. Fuego En El Fuego 17. L'Ombra Del Gigante 18. La Sombra Del Gigante",
    "genres" : [ {
      "id" : 10402,
      "name" : "Music"
    } ]
  }, {
    "id" : 25992,
    "title" : "Bibel Code",
    "overview" : "Johanna Bachmann is a young police received an emergency call from his father he believed dead, but to meet him, kill him. Nevertheless, the man gets to give her daughter a bag with various personal items. These will put you on the track of a manuscript that will reveal the secret to interpret the Bible. Vatican Party disagrees with the search performs young as they believe in a God who must punish humanity",
    "genres" : [ {
      "id" : 12,
      "name" : "Adventure"
    }, {
      "id" : 28,
      "name" : "Action"
    }, {
      "id" : 18,
      "name" : "Drama"
    }, {
      "id" : 9648,
      "name" : "Mystery"
    } ]
  }, {
    "id" : 25997,
    "title" : "Besser Biken 1",
    "overview" : "Diese DVD stellt erstmals die komplette Mountainbike-Fahrtechnik dar - von der Grundposition bis zum Bunny-Hop. Die einzelnen Manöver werden Schritt für Schritt gezeigt und verständlich erklärt. Mit diesen Tipps von Stefan Herrmann können Sie schon bald auch anspruchsvolle Manöver selbst nachmachen.",
    "genres" : [ {
      "id" : 99,
      "name" : "Documentary"
    } ]
  }, {
    "id" : 26002,
    "title" : "Insadong Scandal",
    "overview" : "A fabled painting from royal palace was discovered after 400 years. Once properly restored, it could fetch at least $40 million in the international auction market. Bae is the owner of the gallery which possesses the painting. She scouts top-tier restoration artist Lee to work on the painting. With Lee's expert stroke, the controversy surrounding the painting is slowly unveiled. As the painting's true form is restored, art experts in Korea hold a collective breath. Little do they know that they're only a part of a bigger scheme.",
    "genres" : [ {
      "id" : 80,
      "name" : "Crime"
    }, {
      "id" : 18,
      "name" : "Drama"
    }, {
      "id" : 53,
      "name" : "Thriller"
    }, {
      "id" : 10769,
      "name" : "Foreign"
    } ]
  }, {
    "id" : 26007,
    "title" : "Killer Diller",
    "overview" : "A guitar playing car thief meets an autistic savant piano player, and together they transform a group of reluctant halfway house convicts into The Killer Diller Blues Band.",
    "genres" : [ {
      "id" : 18,
      "name" : "Drama"
    }, {
      "id" : 10402,
      "name" : "Music"
    } ]
  }, {
    "id" : 26012,
    "title" : "Shakedown",
    "overview" : "For the first time ever, director Mike McEntire (Decade, Technical Difficulties) and director Sean Kearns (The Resistance, True Life) have joined forces to bring you the most progressive snowboard video ever - \"SHAKEDOWN\".",
    "genres" : [ {
      "id" : 28,
      "name" : "Action"
    }, {
      "id" : 53,
      "name" : "Thriller"
    } ]
  }, {
    "id" : 26017,
    "title" : "Kathy Griffin: Straight to Hell",
    "overview" : "Kathy Griffin talks about her Emmy acceptance speech, Larry Craig, Paris Hilton, Paula Abdul, and \"The View\" (1997). Filmed live at the Chicago Theater - 175 N State St, Chicago, Illinois, USA",
    "genres" : [ {
      "id" : 35,
      "name" : "Comedy"
    } ]
  }, {
    "id" : 26022,
    "title" : "My Name Is Khan",
    "overview" : "Rizwan Khan, a Muslim from the Borivali section of Mumbai, has Asperger's syndrome. He marries a Hindu single mother, Mandira, in San Francisco. After 9/11, Rizwan is detained by authorities at LAX who treat him as a terrorist because of his condition and his race.",
    "genres" : [ {
      "id" : 18,
      "name" : "Drama"
    }, {
      "id" : 10749,
      "name" : "Romance"
    } ]
  }, {
    "id" : 26032,
    "title" : "Make the Yuletide Gay",
    "overview" : "The holidays get overly festive as Olaf \"Gunn\" Gunnunderson, an out-and-proud gay college student, crawls back into the closet to survive the holidays with his parents. But when his boyfriend, Nathan, shows up at their doorstep unannounced, Gunn must put on a charade to keep the relationship a secret. With pressure mounting from all sides, will Gunn come out before the truth does?",
    "genres" : [ {
      "id" : 18,
      "name" : "Drama"
    }, {
      "id" : 35,
      "name" : "Comedy"
    }, {
      "id" : 10749,
      "name" : "Romance"
    } ]
  }, {
    "id" : 26037,
    "title" : "Into Temptation",
    "overview" : "A call girl goes to a priest to confess a sin she hasn't committed yet: she plans to kill herself on her next birthday. Then she disappears and he goes looking for her, enlisting the help of an ad hoc congregation of troubled souls along the way. A story about forgiveness.",
    "genres" : [ {
      "id" : 18,
      "name" : "Drama"
    }, {
      "id" : 9648,
      "name" : "Mystery"
    }, {
      "id" : 53,
      "name" : "Thriller"
    } ]
  }, {
    "id" : 26042,
    "title" : "Warlock III: The End of Innocence",
    "overview" : "A college student unexpectedly finds that she has inherited a derelict house. Accompanied by a group of friends...",
    "genres" : [ {
      "id" : 14,
      "name" : "Fantasy"
    }, {
      "id" : 27,
      "name" : "Horror"
    } ]
  } ]
}