{
  "movies" : [ {
    "id" : 301322,
    "title" : "Nick Pope: Summer of the Saucers",
    "overview" : "Nick Pope of the British Ministry of Defense discusses the impending advent of aliens on Earth.",
    "genres" : [ ]
  }, {
    "id" : 301327,
    "title" : "Meet the Creeps Volume III",
    "overview" : "This is the 3rd volume of hidden-camera pranks from Emmy-Award winners and co-hostos fo VH1 Classic's \"That Metal Show,\" Jim Florentine and Don Jamieson. This DVD is over an hour and a half of uncomfortable comedy. This time they terrorize tattoo parlors, real estate agents, comedy club audiences and more. Like the front cover says, there are no happy endings to these pranks. We never reveal to our victims that it was all a big joke. Each bit fades to black as the viewer wonders what the f*ck just happened! Also featuring: Club Soda Kenny, Laura Levites &amp; Shuli Egar (The Howard Stern Show).",
    "genres" : [ ]
  }, {
    "id" : 301332,
    "title" : "Portraits of Inspiring Lives with Bob Proctor",
    "overview" : "For more than 40 years, Bob Proctor has focused his work and his teachings on helping people use the power of their minds to achieve lives of prosperity, rewarding relationships and spiritual awareness. But it wasn't always thus – at age 26 he was unhappy, sick, broke, and headed in the wrong direction, until a man introduced him to a powerful book.",
    "genres" : [ ]
  }, {
    "id" : 301337,
    "title" : "Downsizing",
    "overview" : "A kindly occupational therapist undergoes a new procedure to be shrunken to four inches tall so that he and his wife can help save the planet and afford a nice lifestyle at the same time.",
    "genres" : [ {
      "id" : 878,
      "name" : "Science Fiction"
    }, {
      "id" : 18,
      "name" : "Drama"
    }, {
      "id" : 35,
      "name" : "Comedy"
    } ]
  }, {
    "id" : 301342,
    "title" : "O Ônibus da Suruba II",
    "overview" : "",
    "genres" : [ ]
  }, {
    "id" : 301347,
    "title" : "Chocolate Milk",
    "overview" : "A former hit-man recalls his first kill. When Luigi's mission is hampered, he inevitably encounters a cashier, a taxi-driver, a few clock collectors and a psychopath.",
    "genres" : [ ]
  }, {
    "id" : 301357,
    "title" : "Sesame Street: Elmo's World - All About Animals",
    "overview" : "Ribbet! Woof! Neigh! Tweet! Elmo loves animals and he wants to learn all about them. What's the best way to walk a dog? What type of animal is considered a wild animal? Do frogs live on land or in water? And how do penguins stay warm? Join Sesame Street's curious red monster and his special friend Dorothy as they explore wild animals, pets, and more!",
    "genres" : [ ]
  }, {
    "id" : 301362,
    "title" : "The Uffe Holm Show 4",
    "overview" : "",
    "genres" : [ {
      "id" : 35,
      "name" : "Comedy"
    } ]
  }, {
    "id" : 301367,
    "title" : "Make Them Disappear",
    "overview" : "After viewing a strange object in the night sky, a child wakes to an empty home. Realizing he is left to his own devices and completely free of parents and the usual restrictions, the boy relishes in the newly found mischief and independence his home now offers. As time passes, the boy soon realizes that perhaps this new found freedom and fun will cost him far more than he bargained for.",
    "genres" : [ ]
  }, {
    "id" : 301372,
    "title" : "Voice from the Stone",
    "overview" : "Set in 1950s Tuscany, Voice from the Stone is the haunting and suspenseful story of Verena, a solemn nurse drawn to aid a young boy who has fallen silent since the sudden passing of his mother.",
    "genres" : [ {
      "id" : 18,
      "name" : "Drama"
    }, {
      "id" : 9648,
      "name" : "Mystery"
    }, {
      "id" : 10749,
      "name" : "Romance"
    }, {
      "id" : 53,
      "name" : "Thriller"
    } ]
  }, {
    "id" : 301377,
    "title" : "Single Creek",
    "overview" : "According to U.S. Census data, approximately 100 million single adults now live in the United States, representing 45% of all U.S. households. Single Creek is a documentary about real Christian singles with real issues at all stages of life. How does the family-centric church treat those who are unmarried, divorced, widowed or those who choose lives of celibacy?",
    "genres" : [ ]
  }, {
    "id" : 301382,
    "title" : "The Maniac Project",
    "overview" : "In a world in which Maniac Killers are so plentiful that they regularly stumble upon one another and fight to the death, an evil mastermind identifies a financial opportunity. He begins to round up 9 of the most notorious killers to battle in a custom built, camera saturated, wooded arena. So begins The Maniac Project, the greatest, grind-house style, exploitation, snuff movie ever conceived.",
    "genres" : [ {
      "id" : 27,
      "name" : "Horror"
    } ]
  }, {
    "id" : 301387,
    "title" : "Treat Me Like a Dog",
    "overview" : "A diverse perspective of human relationships with man's best friend, produced by Dennis Genovese and Pat McLarnon",
    "genres" : [ ]
  }, {
    "id" : 301392,
    "title" : "Key Lime Pie",
    "overview" : "In this animated spin on the noir genre, A man's obsession with key lime pie brings him to the brink of insanity and a chance encounter with the grim reaper.",
    "genres" : [ {
      "id" : 35,
      "name" : "Comedy"
    }, {
      "id" : 16,
      "name" : "Animation"
    } ]
  }, {
    "id" : 301397,
    "title" : "Baltimore Boys",
    "overview" : "Feature documentary that questions why many urban youth ride dirt-bikes, 4 wheelers, and 3 wheelers illegally through the streets of Baltimore.",
    "genres" : [ ]
  }, {
    "id" : 301402,
    "title" : "Black Ink",
    "overview" : "Focusing on possibly the biggest and most widespread epidemic in the world - DEPRESSION. Everyone has their own way of dealing with grief. For Angela, writing was her comfort. Angela is married to Martin, newly pregnant and desperate to accomplish her dream of becoming a writer. She concentrates on little else and puts all her energy into her book. However, her self esteem takes a constant battering as the publishers' rejections pile up and her husband's support wavers. Life seems bleak and she begins to question her ability as a writer. Martin, failing to comprehend Angela's devotion to her passion, seeks attention elsewhere in the arms of another woman. He eventually abandons his wife and unborn child, sending Angela into a deep depression. Things get drastically worse for Angela and we watch her losing her grip on reality as she struggles to identify between what is real and what is fantasy.",
    "genres" : [ ]
  }, {
    "id" : 301407,
    "title" : "Eye of the Wolf",
    "overview" : "Set in 1912, Canada. A government zoologist fights to save the life of a wolf dog that attacked his master's killer.",
    "genres" : [ {
      "id" : 12,
      "name" : "Adventure"
    } ]
  }, {
    "id" : 301412,
    "title" : "Little Boxes: The Legacy of Henry Doelger",
    "overview" : "A documentary celebrating the life and works of Bay Area real estate development icon Henry Doelger, a pioneer of Mid-Century Modern design.",
    "genres" : [ {
      "id" : 99,
      "name" : "Documentary"
    } ]
  }, {
    "id" : 301417,
    "title" : "Hell Fire",
    "overview" : "Meet the Antichrist. He's been kidnapped by a group of women who've mistaken him for someone else, and now they're about to find out exactly who they're messing with. One by one the women become possessed by demonic forces and turn on each other. As the bodies begin to pile up, the girls fight for their lives and to save mankind against the Prince of Evil. Hell Fire is a blood soaked, action packed tale of revenge, murder, satanic evil and demonic possession.",
    "genres" : [ {
      "id" : 27,
      "name" : "Horror"
    } ]
  }, {
    "id" : 301422,
    "title" : "Parks Documentary: The Story of Parks Bonifay",
    "overview" : "The Parks Bonifay Documentary is a film showcasing the extraordinary life of wakeboarding legend Parks Bonifay. This unique look into his life not only tells the story of the sport, but of a determined and driven athlete who has become the most decorated and accomplished wakeboarder of all time. We reveal the history of his family of water skiers that preceded him and Park's subsequent quest to push the boundaries of his sport while occasionally flirting with disaster. The film documents his accomplishments as well as captures his carefree personality, competitiveness, fearlessness and drive. After five years in production and footage in multiple formats spanning from 1942 to today, this was an incredible story telling feat.",
    "genres" : [ ]
  }, {
    "id" : 301427,
    "title" : "The New Jersey Americans",
    "overview" : "Witness the stunningly true story of the most inept basketball team ever assembled, The New Jersey Americans, who lost every single game they ever played, all to the same team, The Uptown Worldbeaters. Hear from actual 1970s New Jersey Americans players, their coach, fans, and their lone original cheerleader. Even a referee is including in this short mockumentary.",
    "genres" : [ ]
  }, {
    "id" : 301432,
    "title" : "The Art Guys: Home on the Range",
    "overview" : "Known for blending live performance, irreverent comedy, experimental film and conceptual art, Michael Galbreth and Jack Massing -- collectively known as The Art Guys -- have been entertaining audiences around the world for more than 25 years. Produced by Microcinema International, this program features performance highlights from several \"Guys\" appearances as well as the documentary Nothing to it: The Art Guys in Concert, filmed in 2008.",
    "genres" : [ ]
  }, {
    "id" : 301437,
    "title" : "De Fil En Aiguilles",
    "overview" : "A year shooting some of the best highliners looking for the purest lines in the Pyrénées mountains. A quest of balance with life in society, work and passions. With Pyrénaline, Catliners, Skyliners, .... Featuring Gautier bourgard, Ramon Maeso, Laure &amp; Julien Millot, Alexander Schulz and many more crazy people...",
    "genres" : [ {
      "id" : 99,
      "name" : "Documentary"
    } ]
  }, {
    "id" : 301442,
    "title" : "Jorge & Mateus At The Royal Albert Hall - Live In London",
    "overview" : "Representatives of the new country music inside and outside the country, Jorge &amp; Mateus is considered one of the most important double the genre and received the honor of being the first Brazilian artists to burn a DVD at the renowned salon shows Royal Albert Hall in London. The new project titled Jorge &amp; Mateus - At The Royal Albert Hall - Live In London brings 32 songs that have marked the course of  Love double as night and day, flower, Your astral of Frejat also stands out on this selection of songs on the record with the participation of an orchestra.",
    "genres" : [ ]
  }, {
    "id" : 301447,
    "title" : "Mr. Gyn - Eletroacustico",
    "overview" : "",
    "genres" : [ ]
  }, {
    "id" : 301452,
    "title" : "Amphitryon 38",
    "overview" : "",
    "genres" : [ {
      "id" : 35,
      "name" : "Comedy"
    } ]
  }, {
    "id" : 301457,
    "title" : "Zwei Girls vom roten Stern",
    "overview" : "",
    "genres" : [ {
      "id" : 35,
      "name" : "Comedy"
    } ]
  }, {
    "id" : 301462,
    "title" : "Sein Doppelgänger",
    "overview" : "",
    "genres" : [ {
      "id" : 35,
      "name" : "Comedy"
    } ]
  }, {
    "id" : 301467,
    "title" : "Consumption",
    "overview" : "Jack O'Keefe is a young, streetwise kid who's created a life by taking advantage of the people around him. Things change, though, when he witnesses a gruesome murder on the streets and is pulled into the vicious world of mysterious killers.",
    "genres" : [ ]
  }, {
    "id" : 301472,
    "title" : "Dark Side of the Earth",
    "overview" : "A runaway scientist leaks a video confession of a secret and shocking discovery regarding our Solar System.",
    "genres" : [ {
      "id" : 878,
      "name" : "Science Fiction"
    } ]
  }, {
    "id" : 301477,
    "title" : "Die Hochstaplerin",
    "overview" : "A fake countess falls in love with an honest man.",
    "genres" : [ {
      "id" : 35,
      "name" : "Comedy"
    } ]
  }, {
    "id" : 301482,
    "title" : "Die Stadt ist voller Geheimnisse",
    "overview" : "",
    "genres" : [ {
      "id" : 18,
      "name" : "Drama"
    } ]
  }, {
    "id" : 301487,
    "title" : "Tachyonic Anti-Telephone",
    "overview" : "Imagine making a simple phone call. Now Imagine that you needed 3 people to make that call, because of course ,you are in the 4th dimension. Now imagine that the distances between you are so vast, that even the speed of light is not fast enough to get the signals through, so you have to use tachyons, which travel faster than light. But there's a catch, one of the 3 people on the call committed a violent crime, but they will not know it until the call is completed. Imagine how messages and voices and words can get confused when making a phone call from one galaxy to another, through another dimension, and past fractured time. Ever hear static on a call? What if you were speaking to someone from the 4th dimension, and their words made no sense, and they were speaking in the 3rd person, and they were living in eternity, so time meant nothing, and they had to talk to you. Would you understand them? Would it be garbled? Would it drive you insane? Would you hang up? Watch and see.",
    "genres" : [ ]
  }, {
    "id" : 301492,
    "title" : "To pio labro asteri",
    "overview" : "A girl from the slums of Athens becomes a famous singer while falling in love with her songwriter.",
    "genres" : [ {
      "id" : 35,
      "name" : "Comedy"
    }, {
      "id" : 18,
      "name" : "Drama"
    }, {
      "id" : 10402,
      "name" : "Music"
    } ]
  }, {
    "id" : 301497,
    "title" : "Jungle Mania",
    "overview" : "This work by indie filmmaker Ikon documents 20 Years of Jungle Mania, a rave held on 6 April 2013 at the Coronet Theatre in London. The event celebrated and commemorated 20 years of drum and bass music in London dance culture. In addition to coverage of the live performances and the crowd, the film features interviews with reknowned drum and bass DJs and producers who performed that night.",
    "genres" : [ {
      "id" : 99,
      "name" : "Documentary"
    } ]
  }, {
    "id" : 301502,
    "title" : "Blonde",
    "overview" : "A chronicle of the inner life of Marilyn Monroe.",
    "genres" : [ {
      "id" : 18,
      "name" : "Drama"
    } ]
  }, {
    "id" : 301507,
    "title" : "Barber's Sorrow",
    "overview" : "A S&amp;M comedy about a masochist barber.",
    "genres" : [ ]
  }, {
    "id" : 301512,
    "title" : "Jana",
    "overview" : "Two young, he (Vlad) -a poor factory worker, but with profound inner experiences, admirer of  Shakespeare, Nichita Stanescu and Bob Dylan, she (Jana) - a girl ready for money, live a romance. Jana, although Vlad's love, marries Alic, a young wealthy businessman.",
    "genres" : [ {
      "id" : 18,
      "name" : "Drama"
    } ]
  }, {
    "id" : 301517,
    "title" : "The Sword Knows",
    "overview" : "In 1590, Toyotomi Hideyoshi concerted with Tokugawa Ieyasu and attacked the army of the Hojo Clan. Confronted as such, the Hojo army focused their clan at Odawara Castle, and posted an attacking force along the mountains of Hakone. Against this backdrop is one of the best movies to come out of Toei Studios during the Golden Age. A lone swordsman named Mayadono Kyonosuke sets out to right an injustice from 5 years before.",
    "genres" : [ {
      "id" : 28,
      "name" : "Action"
    }, {
      "id" : 18,
      "name" : "Drama"
    } ]
  }, {
    "id" : 301522,
    "title" : "White Dog with White Heart",
    "overview" : "Sol and Dong live with their widower father on an island village, where he works as a fisherman. One day a white puppy enters their lives. They adopt him and name him Max. However, after their father dies at sea and circumstances separate Max from Sol and Dong, Max must find the will to fight his way home, so he can be reunited with his owners.",
    "genres" : [ ]
  }, {
    "id" : 301527,
    "title" : "Sinterklaas & Diego: Het Geheim van de Ring",
    "overview" : "Dutch children’s friend Saint Nicholas is at his wit's end. The letters from children are stacking up and the list of gifts just keeps getting longer. How is he supposed to deliver all those gifts to all those sweet little children in one night? When Diego proposes to ask good old Santa for help, they travel to the North Pole, together with Clumsy Pete and children Max and Anna. Everything seems to work out fine, until Famke and Yvette, two escaped convicts, mess things up. Will Saint Nicolas and his Petes be able to save the feast of St. Nicholas?",
    "genres" : [ {
      "id" : 10751,
      "name" : "Family"
    } ]
  }, {
    "id" : 301532,
    "title" : "Monsters of Metal Vol. 1",
    "overview" : "Monsters of Metal gives no quarter, cramming 50 videos by 50 different metal bands onto two discs. You name the place and the sound, and it's here: from all over Europe (England, Germany, Italy, the Netherlands, Finland, Norway, and Denmark), the U.S., Canada, and Brazil comes hard rock in all shapes and styles, from radio-friendly pop-metal to heavier thrash and speed-metal to extreme forms like gothic, industrial, and death metal. If you're already a fan of the genre, you can discover bands you most likely haven't heard before; if you're not, four hours of head-banging probably won't change your mind. But for those already converted, here's a golden opportunity to widen your metal outlook: Brazil's thrash-metal quartet Sepultura's heavy-duty cover of U2's \"Bullet the Blue Sky\" and stalwarts Iron Maiden's live version of its classic \"Run to the Hills\" are the exceptions to the rule of unfamiliar or new bands showing off their considerable metal chops.",
    "genres" : [ {
      "id" : 10402,
      "name" : "Music"
    } ]
  }, {
    "id" : 301542,
    "title" : "Leutnant warst Du einst bei deinen Husaren",
    "overview" : "",
    "genres" : [ {
      "id" : 35,
      "name" : "Comedy"
    } ]
  }, {
    "id" : 301547,
    "title" : "Alles um eine Frau",
    "overview" : "",
    "genres" : [ {
      "id" : 18,
      "name" : "Drama"
    } ]
  }, {
    "id" : 301552,
    "title" : "Herz ohne Heimat",
    "overview" : "",
    "genres" : [ {
      "id" : 18,
      "name" : "Drama"
    } ]
  }, {
    "id" : 301557,
    "title" : "Monsters of Metal Vol. 3",
    "overview" : "Bands like Nightwish, Edguy, Machine Head, Apocalyptica and Iced Earth, all to be found on this DVD, can really stand their ground against their pop colleagues. If these video clips can not be found on TV, then the congenial DVD-series brings it to your screen. Nothing that can not be shown, every metal genre essential release, and no act too small. That is what I call a perfect co-existence.",
    "genres" : [ ]
  }, {
    "id" : 301562,
    "title" : "Glory Hole",
    "overview" : "",
    "genres" : [ {
      "id" : 14,
      "name" : "Fantasy"
    }, {
      "id" : 18,
      "name" : "Drama"
    } ]
  }, {
    "id" : 301572,
    "title" : "Illusion of Fear",
    "overview" : "Story of a successful businessman, who has to protect his business in difficult conditions. He gets entrapped into the net of law enforcement structures and after arrest the protagonist starts to notice weird things: some of his interlocutors appear to be not real persons, but phantoms, created by his consciousness. Fantomness, dematerialization of things that are obvious for common sense brings the author to the next stage of thinking - that the illusion of fear is also fruit of our imagination.",
    "genres" : [ {
      "id" : 53,
      "name" : "Thriller"
    } ]
  }, {
    "id" : 301577,
    "title" : "Sa Ngalan ni Ultimate Warrior",
    "overview" : "Jolo is a seven year old super fan of the charismatic wrestling champion Ultimate Warrior. But when rumors arose of Ultimate Warrior dying from a wrestling match, his world suddenly collapses and puts him to the test of accepting death and his beliefs.",
    "genres" : [ {
      "id" : 35,
      "name" : "Comedy"
    }, {
      "id" : 18,
      "name" : "Drama"
    } ]
  }, {
    "id" : 301582,
    "title" : "Senior",
    "overview" : "On the day of her 60th birthday, Lola Susan looks forward to have her Senior Citizen's card. While waiting in line, she meets a groovy senior, Lola Amanda whom she feels instant connection. Amanda eventually helps her secure the ID. However, the moment they need to present it to the movie sales clerk, they've found out that it is missing.",
    "genres" : [ {
      "id" : 35,
      "name" : "Comedy"
    } ]
  }, {
    "id" : 301592,
    "title" : "Donizetti Lucia di Lammermoor",
    "overview" : "The emotionally fragile Lucia is driven to madness when manipulated to marry a man she does not love. Featuring the most famous mad scene in the repertory and full of ravishingly beautiful melodies, this timeless opera evokes the passion and desperation of a woman used by her brother as a political pawn. e Met has since shipped nearly 35,000 units. Now it is coming to Blu-Ray for the first time.  Having dazzled opera audiences as Lucia from St. Petersburg to Los Angeles, in 2009 Anna Netrebko returned to the Met in Mary Zimmerman´s “imaginative staging” (The New York Times) of Donizetti's bel canto masterpiece LUCIA DI LAMMERMOOR.",
    "genres" : [ {
      "id" : 18,
      "name" : "Drama"
    }, {
      "id" : 10402,
      "name" : "Music"
    } ]
  }, {
    "id" : 301597,
    "title" : "Not Again!",
    "overview" : "Angie, a befuddled young woman, cannot seem to end a hectic day, when she's confronted by her ex, Jamie. Whisked about town on a whirlwind date, Jamie falls for Angie again, but she resists. Unfortunately, her roommate, Rita, does not and falls for Jamie anyway. It all explodes at a party attended by all and with the additions of ex girls and guys everywhere.",
    "genres" : [ {
      "id" : 10749,
      "name" : "Romance"
    }, {
      "id" : 35,
      "name" : "Comedy"
    } ]
  }, {
    "id" : 301602,
    "title" : "HD Moods - Mountains",
    "overview" : "Imagine mountain scenes so lifelike and captivating, you can smell the evergreens and feel the mist from a waterfall on your face! With soothing scenery and calming music, HD Moods Mountains will help you relax and unwind from a hectic day. Featuring a multitude of mountain scenery from the Western United States from cascading waterfalls to lush green valleys and peaks that touch the clear blue sky it s perfect for people who want to enjoy the relaxing qualities of the great outdoors. And, it s great as background scenery and sounds for a party any time of the year!",
    "genres" : [ ]
  }, {
    "id" : 301607,
    "title" : "The Borrowed Christmas",
    "overview" : "\"The Borrowed Christmas\" is the new family movie by Rossetti Productions. John Dale has everything. Money, notoriety, the biggest house in town. But what he really wants, is a good, old fashion Christmas. With no family in town, John turns to the local \"Rent-All\" store and Anne Weston. Anne's store is struggling, and in an attempt to save the shop, she takes on this unusual order, from this unusual man. She goes about trying to fill the order, but ends up filling a need much greater.",
    "genres" : [ ]
  }, {
    "id" : 301612,
    "title" : "Allah-Rakha",
    "overview" : "Karim Khan is employed as driver for a gangster named Don, who has an accident with his car, and asks Karim to take the blame for it for a hefty sum of cash, which Karim does so, and is imprisoned. But Don does not fulfill his promise, and as a result, Karim's wife, Razia, and new-born son are left destitute. Razia complains to Police Inspector Anwar, who arrests Don and holds him in prison, pending his trial in court. When Anwar finds out that his new-born son, Iqbal, is in need of a pace-maker, which he is unable to afford, he makes a compromise with Don, who lets him have one. Iqbal undergoes surgery and a pace-maker number 786, considered lucky in Islamic faith, is attached to his tiny heart.",
    "genres" : [ ]
  }, {
    "id" : 301617,
    "title" : "Bangalore Mail",
    "overview" : "Bollywood 1968",
    "genres" : [ ]
  }, {
    "id" : 301622,
    "title" : "Dak Diye Jai",
    "overview" : "Bollywood 1978",
    "genres" : [ ]
  }, {
    "id" : 301627,
    "title" : "Cow on the Moon",
    "overview" : "A little girl tricks a nasty boy into thinking that the \"rocketship\" she built has taken him to the moon.",
    "genres" : [ {
      "id" : 16,
      "name" : "Animation"
    }, {
      "id" : 35,
      "name" : "Comedy"
    }, {
      "id" : 10751,
      "name" : "Family"
    } ]
  }, {
    "id" : 301632,
    "title" : "Soapbox Derby",
    "overview" : "The Battersea Bats are a gang of four kids who have their den in an abandoned building near the Thames, and they have a plan of action in mind because in about a week there is a soapbox derby being held, a contest they mean to win.",
    "genres" : [ {
      "id" : 18,
      "name" : "Drama"
    }, {
      "id" : 10751,
      "name" : "Family"
    } ]
  }, {
    "id" : 301637,
    "title" : "Somnath ni Sakhate",
    "overview" : "Veer Hamirji - Somnath ni Sakhate is a Gujarati film released on 25 May 2012.",
    "genres" : [ ]
  }, {
    "id" : 301642,
    "title" : "Black Church, Inc.",
    "overview" : "Black Church, Inc. is an investigative documentary that examines the excess of the black church and its present day relationship with serving the community. The documentary compares the black church's origins to its modern day cultural relevance. The film focuses on modern mega-churches and asks questions about service vs. the extravagant lifestyles of its million dollar ministers and ministries.",
    "genres" : [ {
      "id" : 99,
      "name" : "Documentary"
    } ]
  }, {
    "id" : 301647,
    "title" : "Proll Out",
    "overview" : "",
    "genres" : [ {
      "id" : 35,
      "name" : "Comedy"
    }, {
      "id" : 878,
      "name" : "Science Fiction"
    }, {
      "id" : 16,
      "name" : "Animation"
    } ]
  }, {
    "id" : 301652,
    "title" : "Silvio, One of Us",
    "overview" : "Silvio, One of us, shows the current political mood in Italy and through some portraits investigates the phenomenon of how far Berlusconi and his politics mirror Italy.",
    "genres" : [ {
      "id" : 99,
      "name" : "Documentary"
    } ]
  }, {
    "id" : 301657,
    "title" : "Explode for Me",
    "overview" : "This hilarious and moving 'mockumentary' follows the exploits of Vincent Di Bona, an eccentric Hollywood director, and his protege, movie star Kelly Wind, as they embark on the most important project of their lives. Convinced they are being used by the 'Great Spirit', Vin and Kelly set out to create the perfect movie before the world ends on December 21st, 2012, in order to pass it on to the future inhabitants of planet Earth. The perfect film? A remake of Disney's 1970's classic 'Pete's Dragon'. But when Vin casts an unknown boy in the lead role of Pete, his friendship with Kelly will be put to the test, as will his entire world view.",
    "genres" : [ ]
  }, {
    "id" : 301662,
    "title" : "Patthar Aur Payal",
    "overview" : "Ajit Singh is a leader of gang of bandits. He has his younger brother, Ranjeet, also in the gang. Ranjeet meets with a beautiful young woman named Aasha, and decides he does not want to be a bandit anymore, and much to the anger of Ajit and his henchman, Sarju, re-locates to the city, in order to live a peaceful life. But Ranjeet is arrested and held in prison. Then Sarju and Ajit come to the city and kidnap Aasha, as they know that Ranjeet will come back to rescue her. Ranjeet seeks the co-operation of the police, but they will only help him conditionally.",
    "genres" : [ ]
  }, {
    "id" : 301667,
    "title" : "Semiprofesionales",
    "overview" : "",
    "genres" : [ {
      "id" : 35,
      "name" : "Comedy"
    } ]
  }, {
    "id" : 301672,
    "title" : "Das Leben beginnt um acht",
    "overview" : "",
    "genres" : [ {
      "id" : 18,
      "name" : "Drama"
    } ]
  }, {
    "id" : 301677,
    "title" : "Heart of Fear",
    "overview" : "When a nine-year-old boy witnesses the violent murder of his mother by a notorious serial killer, ambitious young FBI agent, Samantha Hunt has to gain the boy's trust in order to help him to remember what he saw on that terrifying night. However, a sharp police detective and a manipulative reporter stand in her way to catch the killer on the loose.",
    "genres" : [ ]
  }, {
    "id" : 301682,
    "title" : "Israel & New Breed: Jesus At the Center",
    "overview" : "Following two back-to-back Billboard Top 200-selling, GRAMMY Award-winning solo studio albums, Israel Houghton returns with New Breed for their first live recording in five years, Jesus At The Center. Recorded live with thousands of worshipers at Houston's Lakewood Church, this 17 song live performance features Israel &amp; New Breed returning to their roots, delivering new anthems for the modern day church.",
    "genres" : [ ]
  }, {
    "id" : 301687,
    "title" : "Tango Charlie",
    "overview" : "Indian Army Sepoy Tarun Chauhan is assigned to proceed to Northeastern part of India that has been rocked by riots and violence with orders to report to his superior, Havaldar Mohammed Ali. Once there, he comes to know that things can be quiet for weeks, following by sporadic violence, and casualties on both sides. His group also comes under attack by vicious terrorists, who like to cut an ear from a dead body, then leave the body as bait, in order to kill anyone who comes to the rescue. This is where Tarun makes his first kill.",
    "genres" : [ ]
  }, {
    "id" : 301692,
    "title" : "Sota, caballo y rey",
    "overview" : "Theatrical troupe schemes to expose corrupt dealings in local government.",
    "genres" : [ ]
  }, {
    "id" : 301697,
    "title" : "9/11: In Our Own Words",
    "overview" : "9/11: In Our Own Words: NBC anchors and correspondents recall their memories of reporting on the morning of 9/11/01. Weaving together live footage with present-day interviews, the special covers the first several hours as the terrorist attacks on America unfolded.",
    "genres" : [ ]
  }, {
    "id" : 301702,
    "title" : "Die letzten Tage der Menschheit",
    "overview" : "",
    "genres" : [ {
      "id" : 18,
      "name" : "Drama"
    } ]
  }, {
    "id" : 301707,
    "title" : "Quo Vadis?",
    "overview" : "Watch the Apostles and other followers like Saul preach the gospel and spread the message of love and hope in this high quality entertaining animated feature for your kids and family.",
    "genres" : [ ]
  }, {
    "id" : 301712,
    "title" : "Squeezed Like Lemons: Italy In Crisis",
    "overview" : "The economic crisis and consequences of the strict austerity policies have hit the Italian people hard. Tax offices are being occupied while business people are taking their own lives in despair. We document the current mood in Italy from the point of view of those whose existence is threatened by this crisis.",
    "genres" : [ ]
  }, {
    "id" : 301717,
    "title" : "The Newton Hill Academy Talking Picture Book",
    "overview" : "This charming musical talking book is great, wholesome educational entertainment for kids. They'll want to watch this over and over. This product can dramatically improve reading comprehension as well. The soundtrack is incredibly lively and the voice over artists shine in this unique production from the Los Angeles based Newton Hill Academy. Soundtrack includes famous classical melodies as well as fun boogie woogie. The kids will have fun and learn a ton. Also easy on the eyes and ears for adults.",
    "genres" : [ ]
  }, {
    "id" : 301722,
    "title" : "A Quiet Day at War's End",
    "overview" : "Near the end of WWII a wounded soldier and a Kazakh girl rest in a church where they find a number of old paintings stowed away. Then the Germans arrive and start defacing everything, and the soldier can't simply look on.",
    "genres" : [ ]
  }, {
    "id" : 301727,
    "title" : "Heyonuvaane",
    "overview" : "A teacher recalls his broken relationship with the girl he loved due to his parents' request to marry a spoiled daughter of the family they were indebted to, while being centered only about giving love to his child in the process. Eight years later ill-fated lovers meet again.",
    "genres" : [ {
      "id" : 18,
      "name" : "Drama"
    } ]
  }, {
    "id" : 301737,
    "title" : "The Blazing Ninja",
    "overview" : "Rebels mobilize Japanese troops who are pillaging villages in China, resulting in a failed assassination attempt that has dire consequences for both sides.",
    "genres" : [ {
      "id" : 28,
      "name" : "Action"
    } ]
  }, {
    "id" : 301742,
    "title" : "Ayumi Hamasaki - Arena Tour 2005 A My Story",
    "overview" : "",
    "genres" : [ {
      "id" : 10402,
      "name" : "Music"
    } ]
  }, {
    "id" : 301747,
    "title" : "Zombie Walk Lille 2014",
    "overview" : "",
    "genres" : [ {
      "id" : 27,
      "name" : "Horror"
    } ]
  }, {
    "id" : 301757,
    "title" : "Drunk Sex Orgy: Pussy Blizzard",
    "overview" : "",
    "genres" : [ ]
  }, {
    "id" : 301762,
    "title" : "Little & Big",
    "overview" : "A competitive game of one-upsmanship between two men, one small and one tall.",
    "genres" : [ {
      "id" : 35,
      "name" : "Comedy"
    }, {
      "id" : 16,
      "name" : "Animation"
    } ]
  }, {
    "id" : 301767,
    "title" : "The Stairs",
    "overview" : "A figure wanders through a world of endless stairs, seeking purpose to his monotonous existence.",
    "genres" : [ {
      "id" : 18,
      "name" : "Drama"
    }, {
      "id" : 16,
      "name" : "Animation"
    } ]
  }, {
    "id" : 301777,
    "title" : "Roma",
    "overview" : "A train enters a soap factory. Inside it, hidden travellers, immigrants. One of them gets out of the train. In the factory she finds relief, help, solidarity.",
    "genres" : [ ]
  }, {
    "id" : 301792,
    "title" : "Big Girl",
    "overview" : "Hannah is only six years old but her mom calls her a big girl. Sometimes big girls don't go to school. Sometimes they have to tell the truth and other times they should tell lies. Being a big girl means Hannah has to do things even when she doesn't want to.",
    "genres" : [ {
      "id" : 18,
      "name" : "Drama"
    } ]
  }, {
    "id" : 301797,
    "title" : "Elbow - Live at Glastonbury 2011",
    "overview" : "Set list: 1. The Birds,  2. The Bones Of You,  3. Mirrorball,  4. Neat Little Rows,  5. Grounds For Divorce,  6. The Loneliness Of A Tower Crane,  7. Lippy Kids,  8. Weather To Fly,  9. Open Arms,  10. One Day Like This.",
    "genres" : [ ]
  }, {
    "id" : 301807,
    "title" : "Brilliant Marriage",
    "overview" : "When a wealthy heiress discovers the terrible family secret that has been hidden from her since birth, her world is turned upside down.",
    "genres" : [ {
      "id" : 18,
      "name" : "Drama"
    } ]
  }, {
    "id" : 301812,
    "title" : "Two in a Crowd",
    "overview" : "When two halves of a thousand-dollar bill are discovered in the snow, the penniless pair that individually grabs each half must come to terms. Actress Julia Wayne needs the whole $1,000, and so does sportsman Larry Stevens. Since compromise will serve neither of their needs, they are stalemated - until complications arise.",
    "genres" : [ {
      "id" : 10749,
      "name" : "Romance"
    }, {
      "id" : 35,
      "name" : "Comedy"
    } ]
  }, {
    "id" : 301817,
    "title" : "Bar Girls",
    "overview" : "Gai Nhay (\"Bar Girls\") is the story of how the other half lives, with a twist. Southeast Asia being known for the multitude of bar girls ready to be \"borrowed\" for a (usually quite cheap) price, the life these girls live--and the motivations and tribulations that lead them to it--are usually hidden to their oblivious clientéle.",
    "genres" : [ {
      "id" : 18,
      "name" : "Drama"
    } ]
  }, {
    "id" : 301822,
    "title" : "Millions",
    "overview" : "Two feuding millionaires try to destroy each other's business while their children fall in love with each other.",
    "genres" : [ {
      "id" : 35,
      "name" : "Comedy"
    } ]
  }, {
    "id" : 301827,
    "title" : "Royal Clipper - Ein Traum wird wahr",
    "overview" : "",
    "genres" : [ ]
  }, {
    "id" : 301832,
    "title" : "Kick In",
    "overview" : "",
    "genres" : [ {
      "id" : 80,
      "name" : "Crime"
    }, {
      "id" : 18,
      "name" : "Drama"
    } ]
  }, {
    "id" : 301837,
    "title" : "Hud",
    "overview" : "",
    "genres" : [ {
      "id" : 18,
      "name" : "Drama"
    } ]
  }, {
    "id" : 301842,
    "title" : "All About 8 Pack Volume 1",
    "overview" : "This collection of the ever-popular All About series gives children a fascinating tour of the things they just love to learn about! Children will be educated and enthralled about all of the big and wondrous things in their amazing, little worlds.  Includes the following 8 All About episodes: Cars, Monster Trucks, Trucks, Fast Trains, Fun on Wheels, Motorcycles, Airplanes, Boats &amp; Ships",
    "genres" : [ ]
  }, {
    "id" : 301852,
    "title" : "Libertad provisional",
    "overview" : "",
    "genres" : [ {
      "id" : 18,
      "name" : "Drama"
    } ]
  }, {
    "id" : 301857,
    "title" : "Der kleine Dachschaden",
    "overview" : "",
    "genres" : [ {
      "id" : 35,
      "name" : "Comedy"
    } ]
  }, {
    "id" : 301862,
    "title" : "Heiraten macht mich nervös",
    "overview" : "",
    "genres" : [ {
      "id" : 18,
      "name" : "Drama"
    } ]
  }, {
    "id" : 301867,
    "title" : "By Any Means Necessary: The Making of Malcolm X",
    "overview" : "A short documentary about the making of Spike Lee's biopic, 'Malcolm X'.",
    "genres" : [ {
      "id" : 99,
      "name" : "Documentary"
    } ]
  }, {
    "id" : 301872,
    "title" : "Saul: The Journey to Damascus",
    "overview" : "Known as Saul the Butcher, the stoning of Stephen was said to have shattered Saul's faith in the Temple and its denial of Christ as the Messiah. His conversion to Christianity and baptism as Paul changed the history of the world.",
    "genres" : [ {
      "id" : 18,
      "name" : "Drama"
    } ]
  } ]
}