{
  "movies" : [ {
    "id" : 27367,
    "title" : "Mrs. Miniver",
    "overview" : "The Minivers, an English \"middle-class\" family experience life in the first months of World War II.",
    "genres" : [ {
      "id" : 18,
      "name" : "Drama"
    }, {
      "id" : 10749,
      "name" : "Romance"
    }, {
      "id" : 10752,
      "name" : "War"
    } ]
  }, {
    "id" : 27372,
    "title" : "There Was a Father",
    "overview" : "Shuhei Horikawa, a poor schoolteacher, struggles to raise his son Ryohei by himself, despite neither money nor prospects.",
    "genres" : [ {
      "id" : 18,
      "name" : "Drama"
    } ]
  }, {
    "id" : 27382,
    "title" : "Dawn Anna",
    "overview" : "The true story of a single mom who overcomes many of life's obstacles.",
    "genres" : [ {
      "id" : 18,
      "name" : "Drama"
    } ]
  }, {
    "id" : 27387,
    "title" : "Gacy",
    "overview" : "Based on a true story of serial killer a model citizen, loving father and husband and serial killer John Wayne Gacy, a man with over 30 dead men and boys entombed in the crawl space underneath his house which he shared with his family.",
    "genres" : [ {
      "id" : 80,
      "name" : "Crime"
    }, {
      "id" : 18,
      "name" : "Drama"
    } ]
  }, {
    "id" : 27392,
    "title" : "Blue Eyes of the Broken Doll",
    "overview" : "An ex-convict, troubled by dreams that he strangles women, is hired as the caretaker on an estate owned by three very strange sisters. Soon after his arrival, a serial killer begins slaughtering blonde, blue-eyed women - and leaving their eyeballs in a bowl of water.",
    "genres" : [ {
      "id" : 27,
      "name" : "Horror"
    }, {
      "id" : 9648,
      "name" : "Mystery"
    }, {
      "id" : 53,
      "name" : "Thriller"
    } ]
  }, {
    "id" : 27397,
    "title" : "Crossing Delancey",
    "overview" : "Isabelle's life revolves around the New York bookshop she works in and the intellectual friends of both sexes she meets there. Her grandmother remains less than impressed and decides to hire a good old-fashioned Jewish matchmaker to help Isabelle's love-life along. Enter pickle-maker Sam who immediately takes to Isabelle. She however is irritated by the whole business, at least to start with.",
    "genres" : [ {
      "id" : 35,
      "name" : "Comedy"
    }, {
      "id" : 18,
      "name" : "Drama"
    }, {
      "id" : 10749,
      "name" : "Romance"
    } ]
  }, {
    "id" : 27402,
    "title" : "Mr. Suave",
    "overview" : "Rico Suave is the ultimate ladies' man - or so it seems. His secret problem: when he gets intimate with a girl, his entire body freezes. When Rico's friends discover his condition, they enlist the services of Venus, a sexy con artist. Sparks fly as Venus tries to scam Rico, but when she finds herself genuinely falling for him, she is caught in a dilemma.",
    "genres" : [ {
      "id" : 18,
      "name" : "Drama"
    }, {
      "id" : 35,
      "name" : "Comedy"
    }, {
      "id" : 10749,
      "name" : "Romance"
    } ]
  }, {
    "id" : 27407,
    "title" : "Love After Death",
    "overview" : "During a cataleptic fit, Montel is buried alive, a burial plotted by his greedy wife Sofia with several men, including her lover, Montel's doctor. Exiting his grave, Montel goes on a sexual rampage. When the conspirators engage in gun play at an abandoned castle, Montel arrives to stab the doctor and strangle Sofia, followed by the revelation that he is actually dead.",
    "genres" : [ {
      "id" : 27,
      "name" : "Horror"
    } ]
  }, {
    "id" : 27412,
    "title" : "Hollywood Chainsaw Hookers",
    "overview" : "A L.A. Private Eye is hired by a worried mother to find her missing runaway daughter, Samantha. As Private Dick Jack Chandler searches for her whereabouts he will have the misfortune of encountering an evil cult that worships an Egyptian god, the methods of human sacrifice using chainsaws their choice of appeasing their deity. What Chandler learns is that Samantha has revenge in store for \"The Master\" and his bevy of blood-thirsty, chainsaw-wielding hookers.",
    "genres" : [ {
      "id" : 35,
      "name" : "Comedy"
    }, {
      "id" : 27,
      "name" : "Horror"
    } ]
  }, {
    "id" : 27417,
    "title" : "The Roost",
    "overview" : "Part of a \"special\" late-nite television program...Four friends on their way to a wedding find themselves marooned on a mysterious farm. Creatures of the night awaken and the undead rise, as a night of relentless horror...Begins!",
    "genres" : [ {
      "id" : 27,
      "name" : "Horror"
    } ]
  }, {
    "id" : 27422,
    "title" : "No Dead Heroes",
    "overview" : "Left for dead in Vietnam, Lieutenant Cotter became a guinea pig for KGB baddie Mitovitch. Implanted with a mind control microchip, he is turned into a mindless killer. His colleague Lieutenant Sanders goes looking for him in Cambodia, then in El Salvador, where they kill pretty much everyone they meet.",
    "genres" : [ {
      "id" : 28,
      "name" : "Action"
    }, {
      "id" : 53,
      "name" : "Thriller"
    } ]
  }, {
    "id" : 27432,
    "title" : "Killer of Sheep",
    "overview" : "Stan works in drudgery at a slaughterhouse. His personal life is drab. Dissatisfaction and ennui keep him unresponsive to the needs of his adoring wife, and he must struggle against influences which would dishonor and endanger him and his family.",
    "genres" : [ {
      "id" : 18,
      "name" : "Drama"
    } ]
  }, {
    "id" : 27437,
    "title" : "The Bachelor and the Bobby-Soxer",
    "overview" : "Teenaged Susan Turner, with a severe crush on playboy artist Richard Nugent, sneaks into his apartment to model for him and is found there by her sister Judge Margaret Turner. Threatened with jail, Nugent agrees to date Susan until the crush abates. He counters Susan's comic false sophistication by even more comic put-on teenage mannerisms, with a slapstick climax.",
    "genres" : [ {
      "id" : 35,
      "name" : "Comedy"
    }, {
      "id" : 10749,
      "name" : "Romance"
    } ]
  }, {
    "id" : 27442,
    "title" : "Senseless",
    "overview" : "Elliott Gast (Jason Behr) is quickly climbing the corporate ladder of international commerce, negotiating deals to generate large fortunes for giant corporations. His success makes him the target for political extremists who kidnap him and broadcast his imprisonment and mutilation over the internet as macabre reality show and fundraiser.",
    "genres" : [ {
      "id" : 28,
      "name" : "Action"
    }, {
      "id" : 12,
      "name" : "Adventure"
    }, {
      "id" : 18,
      "name" : "Drama"
    }, {
      "id" : 10769,
      "name" : "Foreign"
    }, {
      "id" : 27,
      "name" : "Horror"
    }, {
      "id" : 53,
      "name" : "Thriller"
    } ]
  }, {
    "id" : 27447,
    "title" : "Edge of Madness",
    "overview" : "1851, Manitoba's Red River Valley. As winter sets in, a young woman on the edge of madness arrives exhausted at the fort, a wilderness station, claiming she murdered her husband. She's placed in a cell; for the next several months, she sews while the local prefect, Henry Mullen, investigates.",
    "genres" : [ {
      "id" : 18,
      "name" : "Drama"
    }, {
      "id" : 9648,
      "name" : "Mystery"
    }, {
      "id" : 53,
      "name" : "Thriller"
    } ]
  }, {
    "id" : 27452,
    "title" : "The Spiral Staircase",
    "overview" : "In 1916, beautiful young mute Helen is a domestic worker for elderly, ailing Mrs. Warren. Mrs. Warren's two adult sons, Albert (a professor) and womanizing impudent Steven, also live in the Warren mansion. Mrs. Warren becomes concerned for Helen's safety when a rash of murders involving 'women with afflictions' hits the neighborhood. She implores her physician, Dr. Parry, to take Helen away for her own safety. When another murder occurs inside the Warren mansion, it becomes obvious that Helen is in danger.",
    "genres" : [ {
      "id" : 80,
      "name" : "Crime"
    }, {
      "id" : 18,
      "name" : "Drama"
    }, {
      "id" : 27,
      "name" : "Horror"
    }, {
      "id" : 9648,
      "name" : "Mystery"
    }, {
      "id" : 53,
      "name" : "Thriller"
    } ]
  }, {
    "id" : 27457,
    "title" : "Peacetime",
    "overview" : "Rio de Janeiro, April 18, 1945. Brazil's foreign policy aligns closely with that of the United States and opens a brief period of democratic rule after the end of World War 2. For years, hundreds of people were arrested and tortured by the Vargas regime. But with the external pressure, several political prisoners gain freedom.",
    "genres" : [ {
      "id" : 18,
      "name" : "Drama"
    } ]
  }, {
    "id" : 27462,
    "title" : "Slave Girls from Beyond Infinity",
    "overview" : "Lovely and resourceful Daria and Tisa escape a space gulag only to crash land on a nearby world where a guy in tight pants named Zed is playing The Most Dangerous Game. Zed turns the girls and another guest loose in his jungle preserve to serve as the prey in a mad hunt. Armed only with knives and their wits, the girls must battle their way across the jungle to a hidden arms cache before Zed catches and kills them.",
    "genres" : [ {
      "id" : 28,
      "name" : "Action"
    }, {
      "id" : 12,
      "name" : "Adventure"
    }, {
      "id" : 878,
      "name" : "Science Fiction"
    } ]
  }, {
    "id" : 27467,
    "title" : "Blood Scarab",
    "overview" : "No overview found.",
    "genres" : [ {
      "id" : 27,
      "name" : "Horror"
    } ]
  }, {
    "id" : 27472,
    "title" : "The Odd Couple II",
    "overview" : "30 years after the first film, Oscar and Felix embark on a road trip together, to attend the wedding of Oscar's son to Felix's daughter.",
    "genres" : [ {
      "id" : 12,
      "name" : "Adventure"
    }, {
      "id" : 35,
      "name" : "Comedy"
    } ]
  }, {
    "id" : 27477,
    "title" : "Thirteen Erotic Ghosts",
    "overview" : "When a Reality-Based TV crew arrives at the creepy old \"Waufle House School for Wayward Girls\" to prove once and for all if the place is really haunted by the restless Ghosts of Young Lovelies, they get quite an eye-full. Armed with special GHOST-GOGGLES that allow them to see the spirits up close and personal, the crew slowly succumbs to the charms of the Lusting Dead. You will too as you don y",
    "genres" : [ {
      "id" : 14,
      "name" : "Fantasy"
    } ]
  }, {
    "id" : 27482,
    "title" : "Burial of the Rats",
    "overview" : "In 19th Century France, a young Bram Stoker is captured by a man-hating, all-female cult of thong bikini wearers. Aided by flesh-eating rats, the warrior women raid the lairs of evil men and punish them. Our hero must decide between his wish to escape the dangerous cult and his love for one of its members.",
    "genres" : [ {
      "id" : 27,
      "name" : "Horror"
    } ]
  }, {
    "id" : 27487,
    "title" : "Fort Doom",
    "overview" : "No overview found.",
    "genres" : [ {
      "id" : 28,
      "name" : "Action"
    }, {
      "id" : 27,
      "name" : "Horror"
    } ]
  }, {
    "id" : 27492,
    "title" : "Satan Hates You",
    "overview" : "Inspired from the golden age of religious cinema, Satan Hates You is a graphic horror film that tells the stories of a brother and sister and their personal struggles with the ultimate evil; Lucifer himself!",
    "genres" : [ {
      "id" : 27,
      "name" : "Horror"
    }, {
      "id" : 35,
      "name" : "Comedy"
    }, {
      "id" : 18,
      "name" : "Drama"
    } ]
  }, {
    "id" : 27497,
    "title" : "Autopsy of a Ghost",
    "overview" : "No overview found.",
    "genres" : [ {
      "id" : 878,
      "name" : "Science Fiction"
    }, {
      "id" : 35,
      "name" : "Comedy"
    }, {
      "id" : 27,
      "name" : "Horror"
    } ]
  }, {
    "id" : 27502,
    "title" : "The Monster",
    "overview" : "A general store clerk and aspiring detective investigates a mysterious disappearance that took place quite close to an empty insane asylum.",
    "genres" : [ {
      "id" : 35,
      "name" : "Comedy"
    }, {
      "id" : 27,
      "name" : "Horror"
    }, {
      "id" : 878,
      "name" : "Science Fiction"
    } ]
  }, {
    "id" : 27507,
    "title" : "Laugh, Clown, Laugh",
    "overview" : "A professional clown and a self-indulgent count learn to help each other with their problems, but both fall in love with the same young woman.",
    "genres" : [ {
      "id" : 18,
      "name" : "Drama"
    } ]
  }, {
    "id" : 27512,
    "title" : "While Paris Sleeps",
    "overview" : "Lon Chaney plays a Parisian sculptor who falls in love with his model (Mildred Manning). She, however, cares nothing for him. The film is considered lost.",
    "genres" : [ {
      "id" : 27,
      "name" : "Horror"
    } ]
  }, {
    "id" : 27517,
    "title" : "The Man Who Laughs",
    "overview" : "Gwynplaine, son of Lord Clancharlie, has a permanent smile carved on his face by the King, in revenge for Gwynplaine's father's treachery. Gwynplaine is adopted by a travelling showman and becomes a popular idol. He falls in love with the blind Dea. The king dies, and his evil jester tries to destroy or corrupt Gwynplaine.",
    "genres" : [ {
      "id" : 18,
      "name" : "Drama"
    }, {
      "id" : 27,
      "name" : "Horror"
    } ]
  }, {
    "id" : 27522,
    "title" : "Waxworks",
    "overview" : "A poet is hired by the owner of a wax museum in a circus to write tales about Harun al Raschid, Ivan the Terrible and Jack the Ripper. While writing, the poet and the daughter of the owner, Eva, fantasize the fantastic stories and fall in love for each other.",
    "genres" : [ {
      "id" : 14,
      "name" : "Fantasy"
    }, {
      "id" : 18,
      "name" : "Drama"
    }, {
      "id" : 27,
      "name" : "Horror"
    } ]
  }, {
    "id" : 27527,
    "title" : "Blood and Sex Nightmare",
    "overview" : "A lascivious boyfriend takes his virginal girlfriend to an adult retreat for a passionate weekend unaware of the camp-ground's history of murder and rape.",
    "genres" : [ {
      "id" : 27,
      "name" : "Horror"
    } ]
  }, {
    "id" : 27532,
    "title" : "Screaming Dead",
    "overview" : "Into an abandoned insane asylum pass six individuals who are about to discover its terrifying secrets and come face to face with its blackest horrors... Sleaze photographer Roger Neale and three beautiful models take up residence in a reportedly haunted old building - an ideal location for Neale's photographic \"study in terror.\" But their project is abandoned when he discovers a secret passageway, leading to a blood-splattered dungeon ... and into a supernatural world where pain and evil await.",
    "genres" : [ {
      "id" : 27,
      "name" : "Horror"
    } ]
  }, {
    "id" : 27537,
    "title" : "Red Lips II",
    "overview" : "No overview found.",
    "genres" : [ {
      "id" : 27,
      "name" : "Horror"
    } ]
  }, {
    "id" : 27542,
    "title" : "Vicious Kiss",
    "overview" : "No overview found.",
    "genres" : [ {
      "id" : 27,
      "name" : "Horror"
    }, {
      "id" : 18,
      "name" : "Drama"
    } ]
  }, {
    "id" : 27547,
    "title" : "Slime City Massacre",
    "overview" : "A dirty bomb has decimated New York City s financial district and reduced midtown to a post-apocalyptic nightmare. The neighborhood known as Slime City has been evacuated, except for the homeless, and in the ruins of a soup kitchen four squatters discover a supply of food that transforms them into hideous slime creatures, driven to murder! Meanwhile, a greedy developer who has set his sights on Slime City hires a team of mercenaries to wipe out the creatures.",
    "genres" : [ {
      "id" : 27,
      "name" : "Horror"
    }, {
      "id" : 35,
      "name" : "Comedy"
    } ]
  }, {
    "id" : 27552,
    "title" : "Fearmakers",
    "overview" : "Two old friends team up with a woman to solve her sister's murder - and stop a vengeful, murderous ghost.",
    "genres" : [ {
      "id" : 10769,
      "name" : "Foreign"
    }, {
      "id" : 27,
      "name" : "Horror"
    } ]
  }, {
    "id" : 27557,
    "title" : "Lord of the Undead",
    "overview" : "No overview found.",
    "genres" : [ ]
  }, {
    "id" : 27562,
    "title" : "Nikos the Impaler",
    "overview" : "Due to a botched robbery attempt, a ruthless Romanian barbarian is somehow resurrected in modern day New York and begins wreaking havoc on a small Manhattan art-house. Chaos ensues as the patrons of the establishment band together to fight for their lives. (IMDb)",
    "genres" : [ {
      "id" : 53,
      "name" : "Thriller"
    }, {
      "id" : 35,
      "name" : "Comedy"
    }, {
      "id" : 27,
      "name" : "Horror"
    } ]
  }, {
    "id" : 27567,
    "title" : "The Maid",
    "overview" : "Raquel has been the live-in housekeeper for a kind, reasonably wealthy family for half her life, and the joyless repetition of the job has begun to take its toll. Increasingly dependent on painkillers, Raquel resorts to pranks and childish avoidance to antagonize the family’s college-age daughter and a procession of new servants, all in the hopes of protecting her precarious power within the home. Her antics successfully push everyone away, until new maid Lucy actually pushes back.",
    "genres" : [ {
      "id" : 35,
      "name" : "Comedy"
    }, {
      "id" : 18,
      "name" : "Drama"
    } ]
  }, {
    "id" : 27582,
    "title" : "The Mechanic",
    "overview" : "Arthur Bishop is a 'mechanic' - an elite assassin with a strict code and unique talent for cleanly eliminating targets. It's a job that requires professional perfection and total detachment, and Bishop is the best in the business. But when he is ordered to take out his mentor and close friend Harry, Bishop is anything but detached.",
    "genres" : [ {
      "id" : 28,
      "name" : "Action"
    }, {
      "id" : 53,
      "name" : "Thriller"
    }, {
      "id" : 80,
      "name" : "Crime"
    } ]
  }, {
    "id" : 27592,
    "title" : "Back in the Day",
    "overview" : "A young man slides back into a life of crime after reuniting with a shady acquaintance from his past.",
    "genres" : [ {
      "id" : 80,
      "name" : "Crime"
    }, {
      "id" : 18,
      "name" : "Drama"
    } ]
  }, {
    "id" : 27597,
    "title" : "Stowaway",
    "overview" : "Chin-Ching gets lost in Shanghai and is befriended by American playboy Tommy Randall. She falls asleep in his car which winds up on a ship headed for America. Susan Parker, also on the ship, marries Randall to give Chin-Ching a family.",
    "genres" : [ {
      "id" : 10402,
      "name" : "Music"
    }, {
      "id" : 12,
      "name" : "Adventure"
    }, {
      "id" : 10751,
      "name" : "Family"
    } ]
  }, {
    "id" : 27602,
    "title" : "Cottonmouth",
    "overview" : "Four angry women who died from toxic shock syndrome rise from the grave to take their revenge on a tampon company man.",
    "genres" : [ ]
  }, {
    "id" : 27607,
    "title" : "Parents",
    "overview" : "Michael is a young boy living in a typical 1950's suburbanite home... except for his bizarre and horrific nightmares, and continued unease around his parents. Young Michael begins to suspect his parents are cooking more than just hamburgers on the grill outside, but has trouble explaining his fears to his new-found friend Sheila, or the school's social worker.",
    "genres" : [ {
      "id" : 35,
      "name" : "Comedy"
    }, {
      "id" : 18,
      "name" : "Drama"
    }, {
      "id" : 27,
      "name" : "Horror"
    } ]
  }, {
    "id" : 27612,
    "title" : "Plague Town",
    "overview" : "An American family visiting their Irish roots accidentally stumbles on a horde of bloodthirsty mutant children.",
    "genres" : [ {
      "id" : 27,
      "name" : "Horror"
    }, {
      "id" : 10769,
      "name" : "Foreign"
    }, {
      "id" : 53,
      "name" : "Thriller"
    } ]
  }, {
    "id" : 27617,
    "title" : "Splatter Disco",
    "overview" : "No overview found.",
    "genres" : [ {
      "id" : 27,
      "name" : "Horror"
    } ]
  }, {
    "id" : 27622,
    "title" : "A Woman's Face",
    "overview" : "Plastic surgery gives a scarred female criminal a new outlook on life.",
    "genres" : [ {
      "id" : 18,
      "name" : "Drama"
    }, {
      "id" : 53,
      "name" : "Thriller"
    } ]
  }, {
    "id" : 27627,
    "title" : "Animals",
    "overview" : "The Evans' family vacation becomes a nightmare when a gang of cut-throats raid their trailer and camp site.",
    "genres" : [ {
      "id" : 27,
      "name" : "Horror"
    } ]
  }, {
    "id" : 27632,
    "title" : "Black Sunday",
    "overview" : "A vengeful witch and her fiendish servant return from the grave and begin a bloody campaign to possess the body of the witch's beautiful look-alike descendant. Only the girl's brother and a handsome doctor stand in her way.",
    "genres" : [ {
      "id" : 27,
      "name" : "Horror"
    } ]
  }, {
    "id" : 27637,
    "title" : "Horst Schlämmer - Isch kandidiere!",
    "overview" : "No overview found.",
    "genres" : [ {
      "id" : 35,
      "name" : "Comedy"
    } ]
  }, {
    "id" : 27642,
    "title" : "Queen of Blood",
    "overview" : "A spaceship is sent to Mars after a alien distress signal is picked up. They find one survivor, but when a crew member is found drained of blood it's evident they have rescued a bloodsucking monster.",
    "genres" : [ {
      "id" : 27,
      "name" : "Horror"
    }, {
      "id" : 878,
      "name" : "Science Fiction"
    } ]
  }, {
    "id" : 27647,
    "title" : "Spring Break Massacre",
    "overview" : "When six sorority sex kittens hook up for a night of carefree indulgence during spring break, they have no idea that maniacal serial killer Stanley Peterson (Curtis Taylor) has escaped from a nearby prison and is now on the prowl for fresh blood. Can they stop the madman before he notches up another half-dozen deadly conquests?",
    "genres" : [ {
      "id" : 27,
      "name" : "Horror"
    } ]
  }, {
    "id" : 27652,
    "title" : "Blood Nasty",
    "overview" : "No overview found.",
    "genres" : [ {
      "id" : 27,
      "name" : "Horror"
    } ]
  }, {
    "id" : 27657,
    "title" : "Final Examination",
    "overview" : "A burned out L.A. detective moves to Hawaii, where he stumbles upon a murder at a college sorority reunion.",
    "genres" : [ {
      "id" : 27,
      "name" : "Horror"
    } ]
  }, {
    "id" : 27662,
    "title" : "Deep Space",
    "overview" : "Secretly engineered and blasted into space by government scientists, a vile monster crash-lands back on Earth and begins killing everyone it encounters. As the death toll rises, veteran cop McLemore (Charles Napier) bravely steps forward to crush the scary creature. Co-starring Julie Newmar as a powerful psychic, this low-rent horror flick finds the police force continually confounded by the organism's evolving physical features.",
    "genres" : [ {
      "id" : 27,
      "name" : "Horror"
    }, {
      "id" : 878,
      "name" : "Science Fiction"
    } ]
  }, {
    "id" : 27672,
    "title" : "Dorm of the Dead",
    "overview" : "At Arkham University, campus bitches Clare and Julie have a score to settle with goth chicks Sarah and Allison. And when Amy accidentally unleashes a campus zombie epidemic, Clare picks Sarah as the perfect candidate to join the walking dead! But things have a way of backfiring. . .don't they? So don't be surprised if Clare and Julie wind up on tonight's menu!",
    "genres" : [ {
      "id" : 27,
      "name" : "Horror"
    } ]
  }, {
    "id" : 27677,
    "title" : "Gut-Pile",
    "overview" : "No overview found.",
    "genres" : [ {
      "id" : 27,
      "name" : "Horror"
    } ]
  }, {
    "id" : 27682,
    "title" : "Blood of the Werewolf",
    "overview" : "No overview found.",
    "genres" : [ {
      "id" : 27,
      "name" : "Horror"
    } ]
  }, {
    "id" : 27687,
    "title" : "GoreGoyles: First Cut",
    "overview" : "No overview found.",
    "genres" : [ ]
  }, {
    "id" : 27692,
    "title" : "The Invisible Stalker",
    "overview" : "No overview found.",
    "genres" : [ {
      "id" : 27,
      "name" : "Horror"
    } ]
  }, {
    "id" : 27697,
    "title" : "The Diabolical Dr. Z",
    "overview" : "A woman seeks to avenge her father's death by using a local dancer, with long poisonous fingernails, to do her bidding.",
    "genres" : [ {
      "id" : 27,
      "name" : "Horror"
    }, {
      "id" : 878,
      "name" : "Science Fiction"
    } ]
  }, {
    "id" : 27702,
    "title" : "anlyze",
    "overview" : "No overview found.",
    "genres" : [ ]
  }, {
    "id" : 27707,
    "title" : "The Fall of Rome",
    "overview" : "Immediately following the death of Constantine the proconsul Junio ​​resumed the persecutions against Christians. Among them is the centurion Mark, who manages to escape arrest and, together with her sister Licia, sets out on a journey to the consul Gaius. Attacked by soldiers of Valerio, Marco is saved with the help of a barbarian tribe, but loses Licia. Junio ​​promises to Marco that all Christians will be freed if he agrees to fight in the arena and manages to defeat all his opponents. Accompanied by Svetla, a girl barbara, Marco fights and returns freedom to Christians, but suddenly an earthquake strikes.",
    "genres" : [ {
      "id" : 28,
      "name" : "Action"
    }, {
      "id" : 18,
      "name" : "Drama"
    } ]
  }, {
    "id" : 27712,
    "title" : "Killjoy 2: Deliverance from Evil",
    "overview" : "In this sequel, two juvenile detention officers must escort a group of criminally-inclined urban kids to the country where they are being forced to renovate a shelter for teens as punishment for their crimes. After one of them is shot by a local, the survivors seek refuge in the home of a voodoo woman, where they mistakenly summon legendary clown-faced demon Killjoy who begins hunting them down one by one.",
    "genres" : [ {
      "id" : 27,
      "name" : "Horror"
    } ]
  }, {
    "id" : 27717,
    "title" : "The Phantom Planet",
    "overview" : "After an invisible asteroid draws an astronaut and his ship to its surface, he is miniaturized by the phantom planet's exotic atmosphere.",
    "genres" : [ {
      "id" : 878,
      "name" : "Science Fiction"
    } ]
  }, {
    "id" : 27727,
    "title" : "Raging Sharks",
    "overview" : "An oceanic observation station is in desperate trouble after a sudden shark attack wrecked the oxygen supply. The accompanying ship, a coast guard cruiser, and other ships in and around the Bermuda triangle are attacked as well. The US Navy sends a submarine to investigate, but soon they too are under attack.",
    "genres" : [ {
      "id" : 27,
      "name" : "Horror"
    }, {
      "id" : 878,
      "name" : "Science Fiction"
    } ]
  }, {
    "id" : 27732,
    "title" : "Road House 2: Last Call",
    "overview" : "Shane Tanner, the son of a legendary cooler named Dalton, learns that his uncle Nate got beat up by a group of men because he doesn't want to sell his bar, The Black Pelican, to a bunch of drug dealers. To help out his uncle, Shane teams up with local school teacher Beau Hampton, who is a regular at the Black Pelican, and takes down the baddies.",
    "genres" : [ {
      "id" : 12,
      "name" : "Adventure"
    }, {
      "id" : 28,
      "name" : "Action"
    }, {
      "id" : 53,
      "name" : "Thriller"
    }, {
      "id" : 80,
      "name" : "Crime"
    } ]
  }, {
    "id" : 27737,
    "title" : "Rolling Vengeance",
    "overview" : "A truck driver builds a special, eight-ton truck to help get revenge against the rednecks who killed his family and raped his girlfriend.",
    "genres" : [ {
      "id" : 53,
      "name" : "Thriller"
    }, {
      "id" : 28,
      "name" : "Action"
    }, {
      "id" : 18,
      "name" : "Drama"
    } ]
  }, {
    "id" : 27742,
    "title" : "Séance",
    "overview" : "A psychic housewife and her husband become burdened with a kidnapped girl who escaped her assailant. Junko will not let her husband call the hospital or the police for purely selfish reasons. The girl dies while still in their house and her ghost begins to haunt the couple.",
    "genres" : [ {
      "id" : 18,
      "name" : "Drama"
    }, {
      "id" : 27,
      "name" : "Horror"
    } ]
  }, {
    "id" : 27747,
    "title" : "Terror Toons",
    "overview" : "No overview found.",
    "genres" : [ {
      "id" : 27,
      "name" : "Horror"
    } ]
  }, {
    "id" : 27752,
    "title" : "Terror Toons 2",
    "overview" : "No overview found.",
    "genres" : [ ]
  }, {
    "id" : 27757,
    "title" : "The Little Engine That Could",
    "overview" : "Eric, a young boy, is excited about his birthday after reading a book and believes that a train will come for him, despite his sister Jill's disbelief.",
    "genres" : [ {
      "id" : 28,
      "name" : "Action"
    }, {
      "id" : 12,
      "name" : "Adventure"
    }, {
      "id" : 10751,
      "name" : "Family"
    } ]
  }, {
    "id" : 27762,
    "title" : "Skull Heads",
    "overview" : "When an eccentric clan living in virtual isolation in an Italian castle finds their family togetherness threatened by the arrival of three mysterious strangers, they summon up some supernatural protectors to fend off the barbarian invasions.",
    "genres" : [ {
      "id" : 27,
      "name" : "Horror"
    } ]
  }, {
    "id" : 27767,
    "title" : "Slumber Party Massacre III",
    "overview" : "After a hard day of volleyball at the beach, a teen whose parents are away decides to have a slumber party with her girlfriends. Their boyfriends predictably show up to scare them, but a stranger from the beach is also seen lurking around the house. Soon the group begins experiencing an attrition problem.",
    "genres" : [ {
      "id" : 27,
      "name" : "Horror"
    }, {
      "id" : 35,
      "name" : "Comedy"
    } ]
  }, {
    "id" : 27772,
    "title" : "Play Dead, Inc.",
    "overview" : "No overview found.",
    "genres" : [ ]
  }, {
    "id" : 27777,
    "title" : "The Racket",
    "overview" : "In this silent film, a renegade police captain sets out to catch a sadistic mob boss.",
    "genres" : [ {
      "id" : 80,
      "name" : "Crime"
    }, {
      "id" : 18,
      "name" : "Drama"
    } ]
  }, {
    "id" : 27782,
    "title" : "Silk Stocking Strangler",
    "overview" : "Jackie, a pretty young lesbian, moves in with Olivia, an older and experienced lesbian. Their landlord, a leering voyeuristic psychopath, demands that they pay their back rent or he'll throw them out. In order to forestall eviction, Olivia convinces the naive young Jackie to help put on a \"show\" for the landlord, but as his fantasies about the two of them get more perverse, Jackie begins to fear that their lives may be in danger.",
    "genres" : [ {
      "id" : 18,
      "name" : "Drama"
    } ]
  }, {
    "id" : 27787,
    "title" : "Encounter Point",
    "overview" : "Encounter Point is an 85-minute feature documentary film that follows a former Israeli settler, a Palestinian ex-prisoner, a bereaved Israeli mother and a wounded Palestinian bereaved brother who risk their lives and public standing to promote a nonviolent end to the conflict. Their journeys lead them to the unlikeliest places to confront hatred within their communities.",
    "genres" : [ {
      "id" : 99,
      "name" : "Documentary"
    }, {
      "id" : 10769,
      "name" : "Foreign"
    } ]
  }, {
    "id" : 27792,
    "title" : "Vampyre Tales",
    "overview" : "No overview found.",
    "genres" : [ ]
  }, {
    "id" : 27797,
    "title" : "Scream Farm",
    "overview" : "No overview found.",
    "genres" : [ {
      "id" : 27,
      "name" : "Horror"
    } ]
  }, {
    "id" : 27802,
    "title" : "The Ghosts of Angela Webb",
    "overview" : "Angela Webb believes her house is haunted. Psychics Alexander Stewart and Bernadette Fieldstone are contacted to try to uncover the secrets hidden within her home. What they experience is more than a mere haunting. They come to understand that reality is far more horrifying than fiction. What makes this ghost story unique is that it is based on a true story. In 2001 the two psychics investigated an old western New Jersey farmhouse. So powerful were the images they captured on film, a British television production company met with Angela Webb to do a television special at her house! The story IS factual; the conclusion is shocking.",
    "genres" : [ {
      "id" : 18,
      "name" : "Drama"
    }, {
      "id" : 27,
      "name" : "Horror"
    }, {
      "id" : 53,
      "name" : "Thriller"
    } ]
  }, {
    "id" : 27807,
    "title" : "The Dead Matter",
    "overview" : "Tells the story of a vampire relic with occult powers that falls into the hands of a grief-stricken young woman who will do anything to contact her dead brother.",
    "genres" : [ {
      "id" : 27,
      "name" : "Horror"
    } ]
  }, {
    "id" : 27812,
    "title" : "Kakurenbo: Hide and Seek",
    "overview" : "Among the ruins of the city, there is a game only children can play. It is called “Otokoyo”; a game of hide-and-seek. But whenever children play this game, one by one they would disappear into the blinds of the buildings… The story begins when a boy enters the world of Otokoyo, to find his missing sister.",
    "genres" : [ {
      "id" : 16,
      "name" : "Animation"
    }, {
      "id" : 27,
      "name" : "Horror"
    } ]
  }, {
    "id" : 27817,
    "title" : "Orion's Belt",
    "overview" : "Live to tell the truth. What can one man do against the most lethal army on earth? Local fishermen/smugglers/tourist guides Tom, Lars and Sverre discover the Soviet Union aren't just mining for coal in the arctic archipelago of Svalbard. This is a secret too big for any of them, and soon they find themselves hunted down by soviet forces and secret agents.",
    "genres" : [ {
      "id" : 28,
      "name" : "Action"
    }, {
      "id" : 12,
      "name" : "Adventure"
    }, {
      "id" : 53,
      "name" : "Thriller"
    } ]
  }, {
    "id" : 27822,
    "title" : "Invasion of the Scream Queens",
    "overview" : "Women who have made a career out of starring in the B horror and science fiction genres are interviewed, and clips and trailers from their films are shown.",
    "genres" : [ {
      "id" : 99,
      "name" : "Documentary"
    } ]
  }, {
    "id" : 27827,
    "title" : "Manufacturing Dissent",
    "overview" : "\"Michael Moore doesn't like documentaries. That's why he doesn't make them.\" A documentary that looks to distinguish what's fact, fiction, legend, and otherwise as a camera crew trails Michael Moore as he tours with his film, Fahrenheit 9/11.",
    "genres" : [ {
      "id" : 99,
      "name" : "Documentary"
    } ]
  }, {
    "id" : 27832,
    "title" : "The Corpse Grinders",
    "overview" : "When the Lotus Cat Food Company finds itself in financial trouble, the owners decide to find a new, cheap source of meat -- the local graveyard. Only one problem -- soon cats develop a taste for human flesh, and tabbies are tearing out throats all over town.",
    "genres" : [ {
      "id" : 27,
      "name" : "Horror"
    } ]
  }, {
    "id" : 27837,
    "title" : "Mobile Suit Gundam 00 Special Edition II: End of World",
    "overview" : "Like the Japanese Special Editions of other Gundam and Sunrise anime series, this is the second of three volumes, that will condense the first half of the second season of Gundam 00 into feature-length videos. They all feature some new animated sequences and some partially re-recorded dialogue.",
    "genres" : [ {
      "id" : 28,
      "name" : "Action"
    }, {
      "id" : 18,
      "name" : "Drama"
    }, {
      "id" : 12,
      "name" : "Adventure"
    }, {
      "id" : 878,
      "name" : "Science Fiction"
    }, {
      "id" : 10752,
      "name" : "War"
    } ]
  }, {
    "id" : 27842,
    "title" : "Slumber Party Slaughterhouse: The Game",
    "overview" : "No overview found.",
    "genres" : [ ]
  }, {
    "id" : 27847,
    "title" : "Universal Soldier III: Unfinished Business",
    "overview" : "Luc Devereaux and Veronica Roberts continue their attempts to expose the Universal Soldier unit. But after a hostage situation mistakenly leaves Veronica a fugitive, the two escape the city and go into hiding. CIA Deputy Director Mentor and Dr. Walker are also in the middle of literally 'growing' a powerful new Universal Soldier clone of Luc's brother Eric to assassinate him and Veronica.",
    "genres" : [ {
      "id" : 28,
      "name" : "Action"
    }, {
      "id" : 878,
      "name" : "Science Fiction"
    } ]
  }, {
    "id" : 27852,
    "title" : "Terror House",
    "overview" : "No overview found.",
    "genres" : [ ]
  }, {
    "id" : 27857,
    "title" : "Prick Up Your Ears",
    "overview" : "Stephen Frears directs this biographical drama focusing on controversial British playwright Joe Orton, revealed in flashback after his murder by lover Kenneth Halliwell.  Born in 1933 in Leicester, in the English Midlands, John 'Joe' Orton moves to  London in 1951, to study at RADA, and enjoys an openly gay relationship with Halliwell in their famous Islington flat in the 1960s. However, when Orton achieves spectacular success with such plays as 'What the Butler Saw' and 'Loot', Halliwell begins to feel alienated and the pair's future looks increasingly uncertain.",
    "genres" : [ {
      "id" : 18,
      "name" : "Drama"
    } ]
  }, {
    "id" : 27862,
    "title" : "Walking the Streets of Moscow",
    "overview" : "\"I Am Walking Along Moscow\" aka \"Ya Shagayu Po Moskve\" (1963) is a charming lyrical comedy directed by Georgi Daneliya in 1963 that was nominated for Golden Palm at Cannes Film Festival. Daneliya proved that it is possible to create a masterpiece in the most difficult genre of romantic comedy. Made by the team of young and incredibly talented artists that besides Daneliya included writer/poet Gennady Shpalikov, composer Andrei Petrov, and cinematographer Vadim Yusov (who had made four films with Andrei Tarkovski), and the dream cast of the talented actors even in the smaller cameos, \"I Am Walking Along Moscow\" keeps walking victoriously through the decades remaining deservingly one of the best and most beloved Russian comedies and simply one of the best Russian movies ever made. Funny and gentle, dreamy and humorous, romantic and realistic, the film is blessed with the eternal youth and will always take to the walk on the streets of Moscow new generations of the grateful viewers.",
    "genres" : [ {
      "id" : 10749,
      "name" : "Romance"
    }, {
      "id" : 35,
      "name" : "Comedy"
    } ]
  }, {
    "id" : 27867,
    "title" : "Sakura Wars: The Movie",
    "overview" : "Following in the aftermath of a terrible Demon-Human war, turn of the century Japan is preparing a new fighting force in case the demons decide to return. A squadron of giant robots are built to be controlled by the spirit of the pilot, but it is discovered that the only people with sufficient spirit are young women. After recruiting a team of youths from around the world, the Japanese government decides to keep them a secret by disguising them as a theater troupe, thus requiring them to spend as much time memorizing Shakespeare as they do on military training.",
    "genres" : [ {
      "id" : 28,
      "name" : "Action"
    }, {
      "id" : 16,
      "name" : "Animation"
    }, {
      "id" : 35,
      "name" : "Comedy"
    }, {
      "id" : 878,
      "name" : "Science Fiction"
    } ]
  }, {
    "id" : 27877,
    "title" : "Zombie Bloodbath",
    "overview" : "A meltdown at a nuclear power plant turns a bunch of folks into lethal shambling flesh-eating zombies who go on a gory rampage.",
    "genres" : [ ]
  }, {
    "id" : 27882,
    "title" : "Zombies & Cigarettes",
    "overview" : "Short film about zombies invading a shopping mall. How original.",
    "genres" : [ {
      "id" : 27,
      "name" : "Horror"
    } ]
  }, {
    "id" : 27892,
    "title" : "Dark Universe",
    "overview" : "On its way back to Earth, the space shuttle Nautilus passes through a cloud of alien spores causing its sole occupant, astronaut Steve Thomas to transform into a blood-thirsty monster. The shuttle crashes into a swampy region of central Florida, creating a situation which threatens contagion and/or death to all who encounter the shuttle or its mutated pilot.",
    "genres" : [ {
      "id" : 27,
      "name" : "Horror"
    }, {
      "id" : 878,
      "name" : "Science Fiction"
    } ]
  }, {
    "id" : 27897,
    "title" : "You Can't Escape Forever",
    "overview" : "A demoted reporter (George Brent) and his girlfriend (Brenda Marshall) seek to expose a crime kingpin.",
    "genres" : [ {
      "id" : 53,
      "name" : "Thriller"
    } ]
  }, {
    "id" : 27902,
    "title" : "Love Wrecked",
    "overview" : "On a Caribbean cruise, Jenny (Bynes) is marooned on a beach with her rock and roll idol. Deliriously in love with the idea of time alone with him, she manages to hide the fact that they're a stone's throw away from their resort.",
    "genres" : [ {
      "id" : 10751,
      "name" : "Family"
    }, {
      "id" : 10749,
      "name" : "Romance"
    } ]
  }, {
    "id" : 27907,
    "title" : "Spirit of the Marathon",
    "overview" : "Four years in the making, Spirit of the Marathon is the collaborative effort of three-time Academy Award winner Mark Jonathan Harris, Telly Award winner and director/marathoner Jon Dunham and producer/marathoner Gwendolen Twist. It is the first film to capture the story, drama and ultimate essence of the legendary 26.2 mile running event. Filmed globally in North America, Europe, Africa and A",
    "genres" : [ {
      "id" : 99,
      "name" : "Documentary"
    } ]
  } ]
}