{
  "movies" : [ {
    "id" : 347857,
    "title" : "Bilder machen Leute",
    "overview" : "",
    "genres" : [ {
      "id" : 35,
      "name" : "Comedy"
    } ]
  }, {
    "id" : 347862,
    "title" : "The Love Swindle",
    "overview" : "Bluebirds production.",
    "genres" : [ ]
  }, {
    "id" : 347867,
    "title" : "Sundown",
    "overview" : "Two young men enter the adrenaline fueled world of rodeo to look for a long lost father at the behest of a dying mother only to confront a future that looks a lot like the past. A story of redemption, learning to love and not repeating the sins of their fathers.",
    "genres" : [ {
      "id" : 18,
      "name" : "Drama"
    } ]
  }, {
    "id" : 347872,
    "title" : "The Rendezvous",
    "overview" : "A miss-matched couple embark on a frantic search for the Dead Sea Scroll hidden in the ancient city of Petra.",
    "genres" : [ {
      "id" : 12,
      "name" : "Adventure"
    }, {
      "id" : 28,
      "name" : "Action"
    } ]
  }, {
    "id" : 347877,
    "title" : "Se está volviendo gobierno (1915-1919)",
    "overview" : "Chapter 4 of the series 18 decades of life in Mexico in the twentieth century. Images of the cultural, social and political life in Mexico between 1915 and 1919.",
    "genres" : [ {
      "id" : 99,
      "name" : "Documentary"
    } ]
  }, {
    "id" : 347882,
    "title" : "Sleight",
    "overview" : "A young street magician is left to take care of his little sister after his mother's passing and turns to drug dealing in the Los Angeles party scene to keep a roof over their heads. When he gets into trouble with his supplier, his sister is kidnapped and he is forced to rely on both his sleight of hand and brilliant mind to save her.",
    "genres" : [ {
      "id" : 18,
      "name" : "Drama"
    }, {
      "id" : 53,
      "name" : "Thriller"
    }, {
      "id" : 28,
      "name" : "Action"
    }, {
      "id" : 878,
      "name" : "Science Fiction"
    } ]
  }, {
    "id" : 347887,
    "title" : "Tandberg on Page One",
    "overview" : "Ron Tandberg is Australia's best known political cartoonist. This film follows through Tandberg's work on the front page of the Melbourne 'Age' on one particular night's edition. This document is significant for its depiction of the production of a broadsheet newspaper (including it printing) in 1983 and the dramatic change in production since computerisation was introduced shortly afterwards.",
    "genres" : [ ]
  }, {
    "id" : 347892,
    "title" : "Jubilee and Beyond",
    "overview" : "A non-narrated impression of the Royal visit to Melbourne, in the Queen's Jubilee year, in 1977. Showing behind the scene preparations by the Army and Navy personnel, news crews, teachers and school children. The actual event is intercut with students from McRobertson Girls High School and Melbourne High School conducting a debate about the role of the Monarchy in Australia, touching on the issue of republic as an alternative.",
    "genres" : [ ]
  }, {
    "id" : 347897,
    "title" : "Guddu Rangeela",
    "overview" : "Rangeela (Arshad Warsi) and Guddu (Amit Sadh) are from North India they both are cousins. They play orchestra. But they want to make money from any way. One day the information provided to local gangsters about the richest families in town, has fetched them an easy and safe way to subsist without getting their hands dirty in the bargain. So they kidnap Baby (Aditi Rao Hydari). They were supposed to get 10 crore as kidnapping amount. After kidnapping her they have to face a lot of problem. But suddenly Billu Pahalwan (Ronit Roy) comes in action. He is politician and he changes the game of Guddu Rangeela. Then story takes an interesting twist.",
    "genres" : [ ]
  }, {
    "id" : 347902,
    "title" : "Sesame Street: Play with Me Sesame: Good Night Sesame",
    "overview" : "Good Night Sesame is a DVD of Play With Me Sesame. The DVD comes with a bonus CD-ROM with more than 40-minutes of interactive activities.",
    "genres" : [ {
      "id" : 10751,
      "name" : "Family"
    } ]
  }, {
    "id" : 347907,
    "title" : "A Beginner's Guide to the Presidency",
    "overview" : "A governor wants to be president, but in order to reach his goal he needs to do what he hates most: being a politician.",
    "genres" : [ ]
  }, {
    "id" : 347912,
    "title" : "The Tragedy Of Whispering Creek",
    "overview" : "Silent short movie..",
    "genres" : [ {
      "id" : 37,
      "name" : "Western"
    } ]
  }, {
    "id" : 347917,
    "title" : "Surf Surf",
    "overview" : "",
    "genres" : [ {
      "id" : 10749,
      "name" : "Romance"
    }, {
      "id" : 35,
      "name" : "Comedy"
    }, {
      "id" : 18,
      "name" : "Drama"
    } ]
  }, {
    "id" : 347922,
    "title" : "Os Heróis da Cidade das Cores",
    "overview" : "",
    "genres" : [ {
      "id" : 16,
      "name" : "Animation"
    } ]
  }, {
    "id" : 347927,
    "title" : "A Man for a Day",
    "overview" : "",
    "genres" : [ {
      "id" : 35,
      "name" : "Comedy"
    } ]
  }, {
    "id" : 347932,
    "title" : "The Body's Architecture",
    "overview" : "The dancers and their forms. Their pains. Their dreams.",
    "genres" : [ {
      "id" : 99,
      "name" : "Documentary"
    } ]
  }, {
    "id" : 347937,
    "title" : "Das Gelächter des Suppenhuhns",
    "overview" : "",
    "genres" : [ {
      "id" : 35,
      "name" : "Comedy"
    } ]
  }, {
    "id" : 347942,
    "title" : "Meathead Goes Hog Wild",
    "overview" : "A young man tries to self-justify that he's a good person, only to spiral into primitive urges, leaving his mark all over Chicago.",
    "genres" : [ {
      "id" : 53,
      "name" : "Thriller"
    }, {
      "id" : 12,
      "name" : "Adventure"
    }, {
      "id" : 35,
      "name" : "Comedy"
    } ]
  }, {
    "id" : 347947,
    "title" : "Golden Bride",
    "overview" : "A few men are trying to marry a young girl thinking that she's very rich.",
    "genres" : [ {
      "id" : 10749,
      "name" : "Romance"
    }, {
      "id" : 35,
      "name" : "Comedy"
    } ]
  }, {
    "id" : 347952,
    "title" : "Forever Young",
    "overview" : "A college couple has their relationship tested by the obstacles they encounter realizing their artistic dreams.",
    "genres" : [ {
      "id" : 10749,
      "name" : "Romance"
    } ]
  }, {
    "id" : 347957,
    "title" : "Ar-chi-me-des!",
    "overview" : "A funny story about four young men who are starting a band.",
    "genres" : [ {
      "id" : 35,
      "name" : "Comedy"
    }, {
      "id" : 10749,
      "name" : "Romance"
    } ]
  }, {
    "id" : 347962,
    "title" : "Tap World",
    "overview" : "Gotta dance!",
    "genres" : [ {
      "id" : 99,
      "name" : "Documentary"
    } ]
  }, {
    "id" : 347967,
    "title" : "Secrets of the Living Dolls",
    "overview" : "A remarkable behind-the-scenes look at the secretive world of female masking, where men transform themselves into dolls by squeezing into elaborate rubber second skins.",
    "genres" : [ {
      "id" : 99,
      "name" : "Documentary"
    } ]
  }, {
    "id" : 347972,
    "title" : "Käpt'n Senkstakes Abenteuer: Ehrenhäuptling der Watubas",
    "overview" : "",
    "genres" : [ {
      "id" : 35,
      "name" : "Comedy"
    } ]
  }, {
    "id" : 347977,
    "title" : "Tease Before The Please",
    "overview" : "These sluts tease your nuts with their busts and butts! Who needs Viagra to get in the mood? Get a little lap dance or a little handy before you get to the fucking. We guarantee a little play will get your rock hard cock to stay.",
    "genres" : [ ]
  }, {
    "id" : 347982,
    "title" : "Sex Pistols - Anthems",
    "overview" : "Clips of the Pistols from various sources.  Anarchy in the U.K. (So It Goes);  Pretty Vacant (Maasbree);  Anarchy in the U.K. (Maasbree);  EMI (Maasbree);  God Save The Queen (promo);  No Fun (Notre Dame Hall);  New York (Stockholm);  17 (Stockholm);  God Save The Queen (\"Sex Pistols Number 1\");  Anarchy in the U.K. (from DOA);  I Wanna Be Me (Stockholm - bootleg quality);  God Save The Queen (from DOA);  Anarchy in the U.K. (1992 promo);  Pretty Vacant (from DOA);  EMI (from DOA);  Pretty Vacant (promo);  New York (from DOA);  Anarchy in the U.K. (Stockholm - bootleg quality);  Problems (Stockholm - bootleg quality);  No Fun (Stockholm - bootleg quality);  Bodies (from DOA);  Anarchy in the U.K. (Jubilee Boat Trip);  Pretty Vacant (Jubilee Boat Trip);  Problems (Jubilee Boat Trip).",
    "genres" : [ ]
  }, {
    "id" : 347987,
    "title" : "Teste de Elenco",
    "overview" : "",
    "genres" : [ {
      "id" : 35,
      "name" : "Comedy"
    } ]
  }, {
    "id" : 347992,
    "title" : "What Happened To Anne",
    "overview" : "The body-horror short tells the story of Anne, a college student researching a rare fungus. When something goes awry with Anne's project, she begins to ... change.",
    "genres" : [ {
      "id" : 27,
      "name" : "Horror"
    } ]
  }, {
    "id" : 347997,
    "title" : "Here comes the procession",
    "overview" : "In 1939 it was filmed this dramatization of the victory of fascism in the bloody Spanish Civil War...",
    "genres" : [ {
      "id" : 99,
      "name" : "Documentary"
    } ]
  }, {
    "id" : 348002,
    "title" : "Diary of a Badman",
    "overview" : "\"We are still fighting for freedom in this country. You overstand?\" How far would you go for your career and do to get the job done? Lady Detective, Simone Williams (played by actress Jacinth Sutphin), a Jamaican immigrant to the US, dreams of working undercover on a high profile case. She finally gets her chance to go undercover to catch a notorious drug dealer, Winston Bailey aka Bucky. She falls victim to his charming personality; compromising her assignment. Lines begin to blur as she gets in deeper. Over time, Williams develops a close bond with Bailey, and their loyalties are put to the ultimate test.",
    "genres" : [ ]
  }, {
    "id" : 348017,
    "title" : "Degrassi Spring Break Movie",
    "overview" : "Teen Drama....",
    "genres" : [ {
      "id" : 18,
      "name" : "Drama"
    } ]
  }, {
    "id" : 348022,
    "title" : "Toponymy",
    "overview" : "From toponymy, a branch of linguistics, to politics, the links can be quite unexpected. These are which are sought to be revealed in the new fi lm by Jonathan Perel who uses his filmwork as a tool to explore and accurately document the marks left by previous dictators of Argentina. We are in the province of Tucuman, in the north of Argentina, an emblematic region where the fi rst Act of Independence in South America was signed in 1816 and where the “Operation Independence” took place in 1974, during which the guerillas’ insurgence was violently repressed.",
    "genres" : [ ]
  }, {
    "id" : 348032,
    "title" : "Big Risk",
    "overview" : "Footage of this film was found in his belongings of director Mark Zenner after his death. A classic slice of Australian punk, both literally and figuratively, as razor sharp editing and collage techniques enliven the documentary on several punk bands.",
    "genres" : [ {
      "id" : 99,
      "name" : "Documentary"
    }, {
      "id" : 10402,
      "name" : "Music"
    } ]
  }, {
    "id" : 348037,
    "title" : "Rosehill",
    "overview" : "The film shows the times directly before and after the revolution of 1956 in a Rosehill villa and its garden, guarded by the state security, from the perspective of a powerful party functionary’s children living there. The children witness a lot of things they do not understand, mysterious things, which they interpret in their own way.",
    "genres" : [ {
      "id" : 18,
      "name" : "Drama"
    } ]
  }, {
    "id" : 348047,
    "title" : "Movie Clip",
    "overview" : "In the open-air cinema-like scenery domestic rock bands get time for a short movie clip each, linked by an also short musical frame-play. Each of the altogether eighteen clips is a whole film etude playing with visual-lingual associations, film ideas, revealing the back-thought of the songs, and on the whole sometimes melancholicly, sometimes ironically the hopeless, sad picture of the era can be distinguished.",
    "genres" : [ {
      "id" : 10402,
      "name" : "Music"
    } ]
  }, {
    "id" : 348052,
    "title" : "Papi Gudia",
    "overview" : "This movie tells the story of a black magic practitioner (Shakti Kapoor), who before dying transfers his soul into a doll who finally gets into the hands of Karishma Kapoor's brother. This evil doll has plans of his to get into a new body before he permanently gets stuck into the doll's body.  This movie is an unofficial remake of Hollywood movie Child's Play.",
    "genres" : [ {
      "id" : 53,
      "name" : "Thriller"
    }, {
      "id" : 27,
      "name" : "Horror"
    } ]
  }, {
    "id" : 348057,
    "title" : "Tiempos de guerra (1940-1944)",
    "overview" : "Chapter 9 of the series 18 decades of life in Mexico in the twentieth century. Images of the cultural, social and political life in Mexico from 1940 to 1944. The presidency of Manuel Avila Camacho (1940-1946) in the context of the World War II.",
    "genres" : [ {
      "id" : 99,
      "name" : "Documentary"
    } ]
  }, {
    "id" : 348067,
    "title" : "Die Kleinen und die Bösen",
    "overview" : "Dark comedy about a german probation officer and some of his clients...",
    "genres" : [ {
      "id" : 18,
      "name" : "Drama"
    }, {
      "id" : 35,
      "name" : "Comedy"
    } ]
  }, {
    "id" : 348072,
    "title" : "Six Gun Mesa",
    "overview" : "To get the herd on Six Gun Mesa, Carson has the owner and hands killed. But one hand, Dave Emmett was in town instead of with the cattle. So Carter kills a man and frames Dave for the murder. Johnny Mack Brown arrives just in time to stop the lynching and sets out to find the real killer. Getting the Doctor who falsified the murder evidence drunk gets him the information he wants and this leads to the showdown with Carson.",
    "genres" : [ {
      "id" : 37,
      "name" : "Western"
    } ]
  }, {
    "id" : 348077,
    "title" : "Julie de Carneilhan",
    "overview" : "",
    "genres" : [ {
      "id" : 18,
      "name" : "Drama"
    }, {
      "id" : 10770,
      "name" : "TV Movie"
    } ]
  }, {
    "id" : 348082,
    "title" : "Dreifach",
    "overview" : "Short film about wool.",
    "genres" : [ ]
  }, {
    "id" : 348087,
    "title" : "Bob the Builder: Built for Fun",
    "overview" : "\"Bob The Builder: Built for Fun\" is comprised of five wonderfully imaginative stories where Bob and his Can-Do Crew build a radio station, design greenhouses out of recycled material, and more.",
    "genres" : [ {
      "id" : 10751,
      "name" : "Family"
    } ]
  }, {
    "id" : 348092,
    "title" : "Wolf Riders",
    "overview" : "Deputy Indian Agent is framed for the murder of a captured fur thief actually killed by his boss in rivalry for affections of a saloon girl.",
    "genres" : [ {
      "id" : 37,
      "name" : "Western"
    } ]
  }, {
    "id" : 348097,
    "title" : "La tregua",
    "overview" : "Martín Santomé has been woking in an office for the last 50 years, but his life will change when he starts falling in love with a woman named Laura Avellaneda.",
    "genres" : [ ]
  }, {
    "id" : 348102,
    "title" : "Santos diablos",
    "overview" : "10 stories about corruption, drug trafficking and poverty.",
    "genres" : [ ]
  }, {
    "id" : 348112,
    "title" : "A Bus Came…",
    "overview" : "",
    "genres" : [ {
      "id" : 80,
      "name" : "Crime"
    }, {
      "id" : 14,
      "name" : "Fantasy"
    }, {
      "id" : 35,
      "name" : "Comedy"
    }, {
      "id" : 18,
      "name" : "Drama"
    } ]
  }, {
    "id" : 348117,
    "title" : "Life in Short, Vol. 1",
    "overview" : "9 visions, 9 lives, 9 stories, 9 shorts from 9 different mexican directors.",
    "genres" : [ ]
  }, {
    "id" : 348122,
    "title" : "Tren Paraguay",
    "overview" : "The Paraguayan railroad, created in 1861, fell in the late twentieth century in decline. Operated for decades by foreign companies and later by the Paraguayan State has been in a growing abandonment since the late 90s. Since then there have been projects of recovery, but the stations are empty and the main terminal was demolished late last year.",
    "genres" : [ {
      "id" : 99,
      "name" : "Documentary"
    } ]
  }, {
    "id" : 348127,
    "title" : "El Sueño de Todos",
    "overview" : "\"El Sueño de Todos” is about the chilean national football team and what they lived during their qualification process for the 2014 Brazil World Cup.",
    "genres" : [ {
      "id" : 99,
      "name" : "Documentary"
    } ]
  }, {
    "id" : 348132,
    "title" : "Vampire from Gorjanci",
    "overview" : "An old legend of a vampire from Gorjanci forest, a dwelling place for creatures from folk legends and myths.",
    "genres" : [ {
      "id" : 35,
      "name" : "Comedy"
    }, {
      "id" : 27,
      "name" : "Horror"
    } ]
  }, {
    "id" : 348137,
    "title" : "The Fly Room",
    "overview" : "When a wide-eyed 10-year-old girl visits her fathers insect laboratory, she receives an unorthodox education in genetics.",
    "genres" : [ ]
  }, {
    "id" : 348147,
    "title" : "DEFENSORXS",
    "overview" : "The film records the everyday struggle of indigenous and LGBT people, the action of defenders of housing rights and justice, the resistance of traditional communities megaobras the state.",
    "genres" : [ {
      "id" : 99,
      "name" : "Documentary"
    } ]
  }, {
    "id" : 348152,
    "title" : "Land of the Little People",
    "overview" : "A young man lands in the land of little people, who ask him to save them from their enemies.",
    "genres" : [ {
      "id" : 10751,
      "name" : "Family"
    }, {
      "id" : 14,
      "name" : "Fantasy"
    } ]
  }, {
    "id" : 348157,
    "title" : "Berdella",
    "overview" : "The story of serial killer Bob Berdulla who was responsible for six murders.",
    "genres" : [ {
      "id" : 27,
      "name" : "Horror"
    } ]
  }, {
    "id" : 348162,
    "title" : "The Bowery",
    "overview" : "Documentary about the history, people, and culture of New Yorks' Bowery Street and neighborhood.",
    "genres" : [ {
      "id" : 99,
      "name" : "Documentary"
    } ]
  }, {
    "id" : 348167,
    "title" : "Santiago Segura: la entrevista",
    "overview" : "",
    "genres" : [ {
      "id" : 99,
      "name" : "Documentary"
    } ]
  }, {
    "id" : 348172,
    "title" : "Caress of the Vampire 2",
    "overview" : "Billy, a long dormant vampire, is accidentally revived by human blood. He teams up with ghoulish woman, a mad podiatrist and a record producer to create an album of surf music to assault the charts.",
    "genres" : [ {
      "id" : 27,
      "name" : "Horror"
    } ]
  }, {
    "id" : 348177,
    "title" : "There's No Tomorrow",
    "overview" : "There's No Tomorrow is a half-hour animated documentary about resource depletion, energy and the impossibility of infinite growth on a finite planet.",
    "genres" : [ {
      "id" : 99,
      "name" : "Documentary"
    } ]
  }, {
    "id" : 348182,
    "title" : "Sinfully Sexy",
    "overview" : "",
    "genres" : [ ]
  }, {
    "id" : 348187,
    "title" : "Spyball",
    "overview" : "President Franklin Delano Roosevelt once told the head of the Office of Strategic Services (precursor to the CIA), “Give my regards to the catcher.” The catcher was Moe Berg, who spent 15 seasons in the majors before taking up espionage for the government. Spyball tells the extraordinary story of Berg, a linguist/Ivy-educated lawyer/.243 lifetime hitter whom manager Casey Stengel called “the strangest man to ever play the game of baseball.” Berg walked in eclectic circles, counting Babe Ruth, Albert Einstein, and the Marx Brothers among his friends, but it was his service to his country that truly distinguished him. His surreptitious filming of Tokyo during a 1934 baseball tour helped develop strategies for the eventual bombing of the city during World War II, and his cloak-and-dagger mind games involving a German scientist helped prove that the Nazis were failing in their attempts to develop an atomic bomb.",
    "genres" : [ {
      "id" : 99,
      "name" : "Documentary"
    } ]
  }, {
    "id" : 348192,
    "title" : "Finn Bálor The Demon Revealed",
    "overview" : "Just hours before returning to Tokyo, Japan to challenge Kevin Owens for the NXT Championship, take an in depth look inside the life and career of Finn Bálor. From his humble beginnings in Ireland, to his unparalleled superstardom in Japan, the remarkable story of NXT's fastest rising superstar is highlighted in this special presentation.",
    "genres" : [ ]
  }, {
    "id" : 348202,
    "title" : "Rosamunde Pilcher: Stürmische Begegnung",
    "overview" : "",
    "genres" : [ {
      "id" : 10749,
      "name" : "Romance"
    } ]
  }, {
    "id" : 348207,
    "title" : "Ready for Love",
    "overview" : "In this fluffy romance, a young woman fights against the narrow-minded residents of her small town. The trouble begins when a young woman flees her boarding school to stay with her retired aunt, a former actress, who try as she might, has never been welcomed into the snobbish community in which she resides. The young woman too, is shunned and ends up being victimized in witchcraft trial and ducked into a pool of water.",
    "genres" : [ {
      "id" : 18,
      "name" : "Drama"
    }, {
      "id" : 10749,
      "name" : "Romance"
    } ]
  }, {
    "id" : 348212,
    "title" : "Kravmaga - Vol.1 : Self Defense",
    "overview" : "",
    "genres" : [ {
      "id" : 99,
      "name" : "Documentary"
    } ]
  }, {
    "id" : 348217,
    "title" : "Mysterious Swamp",
    "overview" : "It's a mysterious story about a black stork, some frogs and a terrible danger lurking deep in the Estonian swamps.",
    "genres" : [ {
      "id" : 35,
      "name" : "Comedy"
    }, {
      "id" : 16,
      "name" : "Animation"
    } ]
  }, {
    "id" : 348222,
    "title" : "A Bum Deal",
    "overview" : "In 1932, Michel Simon plays in \"Boudu sauvé des eaux\" under the direction of Jean Renoir.Three years later, he was again invited to don the clothes of the famous tramp on the sets of Boulogne.",
    "genres" : [ {
      "id" : 35,
      "name" : "Comedy"
    }, {
      "id" : 18,
      "name" : "Drama"
    } ]
  }, {
    "id" : 348227,
    "title" : "Dominion",
    "overview" : "The thistle, shamrock, rose entwined, a vision in the longhouse, a dream in the wilderness.",
    "genres" : [ ]
  }, {
    "id" : 348232,
    "title" : "Game Player's Gametape for Nintendo Cartridges - Vol. 1, No. 1",
    "overview" : "A video strategy guide tutorial released by Game Player's magazine that covers Double Dragon, Milon's Secret Castle, Bionic Commando and Robowarrior.",
    "genres" : [ ]
  }, {
    "id" : 348237,
    "title" : "P*to",
    "overview" : "This is Arturo's tale, a coming of age story about a boy who tries to find and accept his sexual identity. It takes place in a small town in the state of Zacatecas during the 90's, and explores the stigma the homosexual community lived during the HIV crisis.",
    "genres" : [ {
      "id" : 18,
      "name" : "Drama"
    } ]
  }, {
    "id" : 348242,
    "title" : "Game Player's Gametape for Nintendo Cartridges - Vol. 1, No. 5: Konami Games",
    "overview" : "A video strategy guide tutorial released by Game Player's magazine that covers various Konami titles including The Adventures of Bayou Billy, Blades of Steel, Castlevania and Track &amp; Field II.",
    "genres" : [ ]
  }, {
    "id" : 348247,
    "title" : "Game Player's Gametape for Nintendo Cartridges - Vol. 1, No. 10",
    "overview" : "A video strategy guide tutorial released by Game Player's magazine that covers Castlevania II: Simon's Quest, Crystalis, Double Dragon and Low G Man.",
    "genres" : [ ]
  }, {
    "id" : 348252,
    "title" : "Game Player's Gametape for Game Boy Games - Vol. 1, No. 13",
    "overview" : "A video strategy guide tutorial released by Game Player's magazine that covers various Game Boy titles including Batman, Double Dragon, Castlevania Adventure, Final Fantasy Legend, Wizards and Warriors X.",
    "genres" : [ ]
  }, {
    "id" : 348257,
    "title" : "Rosamunde Pilcher: Stunden der Entscheidung",
    "overview" : "",
    "genres" : [ {
      "id" : 10749,
      "name" : "Romance"
    } ]
  }, {
    "id" : 348262,
    "title" : "Rosamunde Pilcher: Der Preis der Liebe",
    "overview" : "",
    "genres" : [ {
      "id" : 10749,
      "name" : "Romance"
    } ]
  }, {
    "id" : 348267,
    "title" : "Rosamunde Pilcher: Magie der Liebe",
    "overview" : "",
    "genres" : [ {
      "id" : 10749,
      "name" : "Romance"
    } ]
  }, {
    "id" : 348277,
    "title" : "Games That Lovers Play",
    "overview" : "Joanna Lumley and Penny Brahms star as notorious prostitutes Fanny Hill and Lady Chatterley faced with the challenge of seducing the seemingly impossible in this 1970s sex comedy",
    "genres" : [ ]
  }, {
    "id" : 348282,
    "title" : "Rosamunde Pilcher: Küste der Träume",
    "overview" : "",
    "genres" : [ {
      "id" : 10749,
      "name" : "Romance"
    } ]
  }, {
    "id" : 348287,
    "title" : "Nude Odeon",
    "overview" : "A faux documentary in the vein of the German sex report films, 'Nude Odeon' collects clips of men and women engaging in sexual and nudist activities whilst a female and male voice-over team continually comments on the activities being presented.",
    "genres" : [ {
      "id" : 35,
      "name" : "Comedy"
    } ]
  }, {
    "id" : 348292,
    "title" : "Efeito Casimiro",
    "overview" : "March 8, 1980, 05h20min AM: 10,000 people remain in silence looking at the sky waiting for a flying saucer coming from Jupiter. Edílcio Barbosa, the messenger of Jupiter, had announced the extraterrestrial mission a few months before and, mysteriously, the fact gained international proportions. A story that looks more like science fiction movie really happened in the municipality of Casimiro de Abreu, Rio de Janeiro. The media widely covered the event recording the visible presence of the army, the whole structure built by the city and the arrival of thousands of people from several cities in Brazil-and even exterior- that have transformed the place into a brazilian ufological Woodstock .",
    "genres" : [ {
      "id" : 99,
      "name" : "Documentary"
    } ]
  }, {
    "id" : 348297,
    "title" : "Short Movie 2",
    "overview" : "",
    "genres" : [ {
      "id" : 35,
      "name" : "Comedy"
    } ]
  }, {
    "id" : 348302,
    "title" : "The House That Jack Built",
    "overview" : "A cleverly conceived picture of a little boy and girl with building blocks. The little girl has erected a pretty structure, which the boy proceeds to demolish with pokes of his fingers. When the demolition of the house is completed, the film is shown in reverse, and the little building comes back to its original form in a most marvellous manner.",
    "genres" : [ {
      "id" : 35,
      "name" : "Comedy"
    } ]
  }, {
    "id" : 348307,
    "title" : "Wall",
    "overview" : "A man looks after his daughter for a week.",
    "genres" : [ {
      "id" : 18,
      "name" : "Drama"
    } ]
  }, {
    "id" : 348312,
    "title" : "Snake Charmer",
    "overview" : "The story in \"Snake Charmer\" is about some mystery murders that take place in Hong Kong where the victims are found poisoned by a very rare and deadly toxin. A single woman (played by Marsha Yuen), who works as a night club called Club Medusa, is tied to the murders, as she is the last to be seen with the victims in every single case. Inspector Chi-Wai Man (played by Jackie Lui Chung-yin) is assigned to the case and is working on a tight deadline to crack the case.",
    "genres" : [ {
      "id" : 27,
      "name" : "Horror"
    } ]
  }, {
    "id" : 348317,
    "title" : "Flesh&Blood",
    "overview" : "Whilst investigating the death of a local farmer, a rude journalist called Frances Williams uncovers a legend about a supernaturally-cursed, sharpened knife circulating throughout farm. As soon as anyone uses the knife, he or she has exactly 33 days left to live.",
    "genres" : [ ]
  }, {
    "id" : 348322,
    "title" : "De Club van Sinterklaas & De Verdwenen Schoentjes",
    "overview" : "",
    "genres" : [ {
      "id" : 10751,
      "name" : "Family"
    } ]
  }, {
    "id" : 348327,
    "title" : "J. Kessels",
    "overview" : "J. Kessels is the story of the bizarre road trip taken by a French literary pulp writer with his favourite character J. Kessels. The journey takes them from Tilburg to the Hamburg Reeperbahn in Kessels' old American 'Kamikaze' clunker as they seek out cheating dealer. When they get there they find a corpse in the trunk of the Kamikaze: easy to find, but how do you get rid of it?",
    "genres" : [ {
      "id" : 18,
      "name" : "Drama"
    }, {
      "id" : 35,
      "name" : "Comedy"
    } ]
  }, {
    "id" : 348332,
    "title" : "Mission of Dead Souls - The Last Live Performance of TG",
    "overview" : "Throbbing Gristle performing live at the Kezar Pavillion in San Francisco, California on the evening of May 29th, 1981. This would be TG's last show until reforming in 2002.",
    "genres" : [ ]
  }, {
    "id" : 348337,
    "title" : "Rosamunde Pilcher: Segel der Liebe",
    "overview" : "",
    "genres" : [ {
      "id" : 18,
      "name" : "Drama"
    } ]
  }, {
    "id" : 348342,
    "title" : "Rosamunde Pilcher: Und plötzlich war es Liebe",
    "overview" : "",
    "genres" : [ {
      "id" : 18,
      "name" : "Drama"
    } ]
  }, {
    "id" : 348347,
    "title" : "Rosamunde Pilcher: Sieg der Liebe",
    "overview" : "",
    "genres" : [ {
      "id" : 10749,
      "name" : "Romance"
    }, {
      "id" : 18,
      "name" : "Drama"
    } ]
  }, {
    "id" : 348352,
    "title" : "Rosamunde Pilcher: Melodie der Liebe",
    "overview" : "",
    "genres" : [ {
      "id" : 18,
      "name" : "Drama"
    } ]
  }, {
    "id" : 348357,
    "title" : "Rosamunde Pilcher: Liebe am Horizont",
    "overview" : "",
    "genres" : [ {
      "id" : 10749,
      "name" : "Romance"
    }, {
      "id" : 18,
      "name" : "Drama"
    } ]
  }, {
    "id" : 348362,
    "title" : "The Summer of Gods",
    "overview" : "A troubled young girl named Lilly unites with her Afro-Brazilian religious ancestry on a summer visit with family to their ancestral village in rural Northeast Brazil. Soon after her arrival, she encounters Orishas (African Gods) who join with her grandmother to help her find peace with a gift that has previously vexed her.",
    "genres" : [ {
      "id" : 14,
      "name" : "Fantasy"
    }, {
      "id" : 18,
      "name" : "Drama"
    }, {
      "id" : 10751,
      "name" : "Family"
    } ]
  }, {
    "id" : 348367,
    "title" : "Emilia Galotti",
    "overview" : "TV adaptation of Michael Thalheimer's production at the Deutsches Theater Berlin.",
    "genres" : [ ]
  }, {
    "id" : 348372,
    "title" : "The Hidden Life of the Burrowing Owl",
    "overview" : "Meet The Burrowing Owl. He must fend for himself as a large predator is hunting in his natural habitat. A story of love lost... and survival!",
    "genres" : [ {
      "id" : 16,
      "name" : "Animation"
    } ]
  }, {
    "id" : 348377,
    "title" : "The Rosie Project",
    "overview" : "An unlucky-in-love university professor creates an elaborate questionnaire in an effort to find a wife and meets an unconventional woman who doesn't match any of his \"requirements\", but might be the perfect woman for him.",
    "genres" : [ {
      "id" : 10749,
      "name" : "Romance"
    } ]
  }, {
    "id" : 348382,
    "title" : "Owo-Blow: The Genesis",
    "overview" : "Mr. Owolabi is a father of four whose quest to create a just society unwittingly earns him a ten year jail term. His incarceration wreaks havoc on his family, who are forced to do whatever it takes to survive.",
    "genres" : [ ]
  }, {
    "id" : 348387,
    "title" : "The Apple Incident",
    "overview" : "Giant apples appear in a city, and when people eats them, new apples start to grow from their heads.",
    "genres" : [ {
      "id" : 16,
      "name" : "Animation"
    } ]
  }, {
    "id" : 348392,
    "title" : "Cyclone Tracy: Darwin, Christmas 1974",
    "overview" : "Made by Film Australia 1974. Directed by Chris Noonan. Early in the morning of December 25 the Territory's capital city - Darwin - was destroyed by Cyclone Tracy. The city became the site of possibly the greatest natural disaster in the nation's history causing the mass evacuation south of three-quarters of the city's 43,000 people.",
    "genres" : [ ]
  }, {
    "id" : 348397,
    "title" : "Horse/Kappa/House",
    "overview" : "Iwate Prefecture in northeastern Japan is the setting for \"The Legends of Tono,\" a unique collection of regional folktales, gathered in the early 20th century by Yanagita Kunio. The tales manifest and explain invisible forces and malevolent events which shape the psycho-cultural dimensions of Japanese indigenous beliefs and folk faith. Inspired by \"The Legends of Tono,\" HORSE/KAPPA/HOUSE records the surrounding landscape in a number of small villages throughout Iwate Prefecture in order to create a cinematic space which echoes, by implication and association, the external and unseen world in the environment.",
    "genres" : [ ]
  } ]
}