{
  "movies" : [ {
    "id" : 278967,
    "title" : "America's Prince: The John F. Kennedy Jr. Story",
    "overview" : "A look inside the life of John F. Kennedy Jr.",
    "genres" : [ ]
  }, {
    "id" : 278972,
    "title" : "Animal Behavior",
    "overview" : "Unfunny comedy about a love triangle between a music instructor, and an animal research scientist, and a chimp.",
    "genres" : [ ]
  }, {
    "id" : 278977,
    "title" : "Baywatch: White Thunder at Glacier Bay",
    "overview" : "Baywatch in Alaska! The crew becomes entangled with a jewel thief (she's beautiful of course) who is being stalked by a hitman.",
    "genres" : [ ]
  }, {
    "id" : 278982,
    "title" : "Keb Mo Band - 2013 - Rawa Blues Festival",
    "overview" : "",
    "genres" : [ {
      "id" : 10402,
      "name" : "Music"
    } ]
  }, {
    "id" : 278992,
    "title" : "Jacob: The Man Who Fought with God",
    "overview" : "From Genesis: “In the Beginning…” This moving film shows Jacob's struggle to receive his father's blessing. Esau and Jacob were born to Isaac and Rebekah. As firstborn son, Esau was destined to become head of the family and inherit a double share of the estate. Before his death, Isaac was to place his blessings upon each son, when Rebekah heard that Isaac was going to bless Esau, she took matters into her own hands and devised a plan to trick Isaac, who was blind, into blessing Jacob instead. Jacob obeys his mother and receives the blessings but is forced to flee for his life when an enraged Esau vows to kill him. Jacob seeks refuge in the homeland of his mother's brother Leban. He marries Leban's daughters, rears a family and works for his father-in-law tending sheep. Soon, Jacob loses favor with his father-in-law and God tells him to return to the land of his father. Fearing a confrontation with his brother Esau, he nervously prepares for the reunion with his brother.",
    "genres" : [ ]
  }, {
    "id" : 278997,
    "title" : "Hold on, Cossack!",
    "overview" : "Cossack Maxim and the girl who dressed in men's clothing run from Turkish captivity. On the road, full of adventures and surprises, they have to release the children stolen by evil janissaries. Lovers overcome all obstacles and win.",
    "genres" : [ {
      "id" : 35,
      "name" : "Comedy"
    }, {
      "id" : 12,
      "name" : "Adventure"
    } ]
  }, {
    "id" : 279007,
    "title" : "Kill Line",
    "overview" : "A martial artist wrongly imprisoned seeks revenge for the murder of his brother's family by a gang looking for the money he was convicted of stealing.",
    "genres" : [ ]
  }, {
    "id" : 279012,
    "title" : "Statsminister: Özz Nûjen",
    "overview" : "",
    "genres" : [ {
      "id" : 35,
      "name" : "Comedy"
    } ]
  }, {
    "id" : 279017,
    "title" : "The Last Fling",
    "overview" : "Television comedy about a young woman who decides to have one more romantic escapade before marrying her dull fiance.",
    "genres" : [ {
      "id" : 35,
      "name" : "Comedy"
    }, {
      "id" : 10749,
      "name" : "Romance"
    }, {
      "id" : 10770,
      "name" : "TV Movie"
    } ]
  }, {
    "id" : 279022,
    "title" : "Little Vegas",
    "overview" : "Quirky serio-comedy about the unusual residents of a desert trailer park that mobsters want to turn into a gambling mecca.",
    "genres" : [ {
      "id" : 10749,
      "name" : "Romance"
    }, {
      "id" : 35,
      "name" : "Comedy"
    }, {
      "id" : 18,
      "name" : "Drama"
    } ]
  }, {
    "id" : 279027,
    "title" : "Displaced Perssons",
    "overview" : "Per Persson left Sweden 40 years ago. In Pakistan he fell in love and became the father of two daughters. Trouble starts when the girls grow up and the family decides to emigrate to Sweden. When they end up living in a caravan outside Hässleholm, all their expectations are dashed.",
    "genres" : [ {
      "id" : 18,
      "name" : "Drama"
    }, {
      "id" : 99,
      "name" : "Documentary"
    } ]
  }, {
    "id" : 279032,
    "title" : "Fantom kiler 3",
    "overview" : "A beautiful woman drives to the country, strips and photographs herself in various compromising positions.  Naturally, Such lewed behaviour cannot go unpunished by the Fantom Kiler.  Later on Ursula arrives at a run down garage where she hopes to get her car serviced.  Unfortunately its not only her car that gets serviced as Natasha is forced to strip and be humiliated.  But there's only so much a woman can take as she turns the tables on the licentious mechanics.  But for Ursula a more terrible fate awaits her out in the woods...",
    "genres" : [ {
      "id" : 80,
      "name" : "Crime"
    }, {
      "id" : 27,
      "name" : "Horror"
    } ]
  }, {
    "id" : 279037,
    "title" : "Queen Control",
    "overview" : "Queen Control is a Malay film published in Malaysia in 1992. Films Queen Control published in the form of color film.  Queen Control first film aired in 1992 in pawagam throughout the country. Displaying Raja Ema, Jalil Hamid and more again.",
    "genres" : [ {
      "id" : 35,
      "name" : "Comedy"
    } ]
  }, {
    "id" : 279042,
    "title" : "Sup de fric",
    "overview" : "",
    "genres" : [ {
      "id" : 35,
      "name" : "Comedy"
    } ]
  }, {
    "id" : 279047,
    "title" : "SMS",
    "overview" : "9:00 Lawrence receives a SMS / 9:01 He stole his mobile / 9:30 His son disappears 10:00 His house burns / 10:15 His wife leaves him / 10:30 His company is liquidated / 11:00 he is in custody. And that's only the beginning of the crap ...",
    "genres" : [ {
      "id" : 35,
      "name" : "Comedy"
    } ]
  }, {
    "id" : 279052,
    "title" : "The Suspicious",
    "overview" : "The Suspicious centers around a mysterious pharmaceutical company and its new drug that cures insomnia. The owner Li attempts to sell his company to a Japanese businessman, but the businessman only has eyes on the formula of his new drug.  Joe portrays An Qi’er, a senior secretary who strikes an ambiguous relationship with Lin Yitai, an insomniac general sales manager at the pharmaceutical company. Portraying an extremely cold, evil and manipulative character, Joe said she has finally fulfilled her wish to portray a completely different character from past roles.",
    "genres" : [ {
      "id" : 9648,
      "name" : "Mystery"
    }, {
      "id" : 10749,
      "name" : "Romance"
    }, {
      "id" : 53,
      "name" : "Thriller"
    } ]
  }, {
    "id" : 279057,
    "title" : "The Arab",
    "overview" : "",
    "genres" : [ {
      "id" : 18,
      "name" : "Drama"
    } ]
  }, {
    "id" : 279062,
    "title" : "Before the Morning Sun Shines",
    "overview" : "Directed by Eizo Tanaka.",
    "genres" : [ ]
  }, {
    "id" : 279067,
    "title" : "Ashima",
    "overview" : "Ashima is a brave and beautiful girl of the Sani people, beloved by all. One day as she is down at the lake to fetch water, she hears the sound of a shepherd's flute coming from the hills across the lake. She replies in song.",
    "genres" : [ ]
  }, {
    "id" : 279072,
    "title" : "Carlos Mencia: The Best of 'Funny is Funny'",
    "overview" : "A selection of some of the best material from Carlos Mencia's stand-up comedy.",
    "genres" : [ ]
  }, {
    "id" : 279077,
    "title" : "Canada Vignettes: Newfoundland",
    "overview" : "An examination of the Viking explorers who were the first Europeans to discover Canada.",
    "genres" : [ ]
  }, {
    "id" : 279082,
    "title" : "Diary of a Perv",
    "overview" : "Sex driven adult legend Kieran Lee offers a glimpse fro his daily life through four POV scenes. From banging his wife, Kirsten Price and Digital Playground star, Jesse Jane in a scorching hot threesome to experiencing casual sexual encounters with Chanel Preston in a hotel room and Maddy O'Reilly the house maid, to later screwing his best friend's sister, Veruca James. Kieran is sure to make every man envious. Two additional POV scenes from the perspective of Xander Corvus and Erik Everhard include Digital Playground star, Selena Rose and Giselle Leon.",
    "genres" : [ ]
  }, {
    "id" : 279087,
    "title" : "Specter",
    "overview" : "The town of Midground is threatened by a tsunami caused by a massive earthquake in the North Pacific Ocean. After other unexplainable events transpire, Chase Lombardi and friends are forced to discover whether they are experiencing a natural phenomenon or something else all together.",
    "genres" : [ {
      "id" : 53,
      "name" : "Thriller"
    }, {
      "id" : 27,
      "name" : "Horror"
    }, {
      "id" : 878,
      "name" : "Science Fiction"
    } ]
  }, {
    "id" : 279092,
    "title" : "Partners in Crime",
    "overview" : "On his way to school, Huang witnesses the death of Hsia, a popular teenager in their high school,along with Lin and Yeh, the other 2 students from their high school, whom Huang has never known before. Even though the three guys try to save her, she is now gone forever. Her dead body lies in front of them, and this shocking image ties their fates together, and this twisted fate is going to change their high school lives forever... Because of all different reasons, Huang, Yeh, and Lin start their own investigations in order to find out the truth for Hsia’s death.",
    "genres" : [ {
      "id" : 53,
      "name" : "Thriller"
    }, {
      "id" : 9648,
      "name" : "Mystery"
    } ]
  }, {
    "id" : 279097,
    "title" : "Allein gegen die Angst",
    "overview" : "",
    "genres" : [ {
      "id" : 80,
      "name" : "Crime"
    }, {
      "id" : 18,
      "name" : "Drama"
    } ]
  }, {
    "id" : 279102,
    "title" : "The GiggleBellies Musical Adventures",
    "overview" : "Meet the lovable GiggleBellies! A fresh and modern twist to preschool DVD's and music is finally here. Watch \"The GiggleBellies\" giggle and wiggle right into your little one's hearts. The Engaging multi-award winning DVD series combines colorful whimsical worlds, endearing characters, and fun upbeat music that even parents can enjoy! This fully animated music video DVD will keep your toes tapping and everyone can join the fun by singing and dancing along. Winner of multiple awards and accolades including \"2010 DVD OF THE YEAR AWARD by Creative Child Magazine\" and \"Dr. Toy's Best Picks 2013\".",
    "genres" : [ {
      "id" : 10751,
      "name" : "Family"
    }, {
      "id" : 16,
      "name" : "Animation"
    } ]
  }, {
    "id" : 279112,
    "title" : "The Last Romantic Lover",
    "overview" : "The romance between a lion tamer and a liberated girl.",
    "genres" : [ {
      "id" : 10749,
      "name" : "Romance"
    }, {
      "id" : 18,
      "name" : "Drama"
    } ]
  }, {
    "id" : 279117,
    "title" : "Nest of Vipers",
    "overview" : "During the Fascist era in Venice, a young music student has affairs with two beautiful women.",
    "genres" : [ {
      "id" : 18,
      "name" : "Drama"
    }, {
      "id" : 10749,
      "name" : "Romance"
    } ]
  }, {
    "id" : 279122,
    "title" : "Rowdy Alludu",
    "overview" : "Rowdy Alludu is a action drama based movie in which, Chiranjeevi played dual roles of a Mumbai-based auto driver Jhonny and an industrialist Kalyan.Kalyan was interfering with the plans of the villains, led by Kota Sreenivas Rao is first temporarily replaced by Jhonny and then framed for the murder of Kalyan",
    "genres" : [ {
      "id" : 35,
      "name" : "Comedy"
    } ]
  }, {
    "id" : 279127,
    "title" : "State Rowdy",
    "overview" : "State Rowdy is action oriented movie in which, The story deals with aspiring police officer, Prithviraj, who lives a poor lifestyle with his widowed mother",
    "genres" : [ {
      "id" : 18,
      "name" : "Drama"
    } ]
  }, {
    "id" : 279132,
    "title" : "Yudda Bhoomi",
    "overview" : "What the movie has in store for you, wait and watch this space for more updates.",
    "genres" : [ {
      "id" : 28,
      "name" : "Action"
    } ]
  }, {
    "id" : 279142,
    "title" : "Cereal Killers",
    "overview" : "The film follows Donal - a lean, fit, seemingly healthy 41 year old man – on a quest to hack his genes and drop dead healthy by avoiding the heart disease and diabetes that has afflicted his family.",
    "genres" : [ {
      "id" : 99,
      "name" : "Documentary"
    } ]
  }, {
    "id" : 279147,
    "title" : "Ziellos",
    "overview" : "",
    "genres" : [ {
      "id" : 18,
      "name" : "Drama"
    } ]
  }, {
    "id" : 279152,
    "title" : "In-Fisherman Flathead Catfish: Day On The River",
    "overview" : "Join catfishing legend and In-Fisherman Editor-In-Chief Doug Stange along with catfish expert and Catfish In-Sider Editor Steve Hoffman as they take you along for a Day On The River. Doug and Steve demonstrate their game plan for finding and catching flatheads.",
    "genres" : [ ]
  }, {
    "id" : 279157,
    "title" : "Double Love",
    "overview" : "Jean Angelo is a degenerate gambler. His losses at baccarat have bankrupted his lover, Nathalie Lissenko. When he steals four hundred thousand francs and loses that at the gambling tables, he flees to the United States, and Nathalie takes the blame. Twenty years later, she has a flourishing career as a night club singer, but their son is just as inept a gambler as his father had been.",
    "genres" : [ ]
  }, {
    "id" : 279162,
    "title" : "Puteri",
    "overview" : "The film tells the story of Princess Princess (ogy Ahmad Daud) is the only daughter of Captain Shamsul and Engku Zubaidah, Puteri fell in love with the Iskandar and decided to break off her engagement to Dato 'Aminuddin son, Jay as relationships with family Engku Zubaidah is important to its business.",
    "genres" : [ {
      "id" : 10749,
      "name" : "Romance"
    }, {
      "id" : 18,
      "name" : "Drama"
    } ]
  }, {
    "id" : 279167,
    "title" : "History of Philosophy",
    "overview" : "A student rebellion precedes revolutionary events in Prague.",
    "genres" : [ {
      "id" : 18,
      "name" : "Drama"
    } ]
  }, {
    "id" : 279172,
    "title" : "Dogville Collection 2",
    "overview" : "A collection of Dogville Comedy shorts, showcasing creatively costumed \"talking\" dogs of various breeds and spoofed thenoble and naughty behaviors of people.  The second disc contains The Big Dog House, Love Tails of Morocco, Two Barks Brothers, and Trader Hound.",
    "genres" : [ {
      "id" : 35,
      "name" : "Comedy"
    } ]
  }, {
    "id" : 279177,
    "title" : "Hello! Junichi",
    "overview" : "Katsuhito Ishii (\"Funky Forest: The First Contact\" and \"The Taste of Tea\") takes on the story of Junichi--a timid third grader who can't muster the courage to return an eraser he borrowed from his secret crush--and turns it into a children's rock 'n' roll comedy. Junichi's world is turned upside down as apprentice teacher Anna-sensei (Hikari Mitsushima) scraps her lesson plan to show the rambunctious students about life as an adult. With Anna's unorthodox style, Junichi and his friends are able to gain confidence and pursue their goal of putting on a big concert. Co-directed with Kanoko Kawaguchi and Atsushi Yoshioka, \"Hello! Junichi\" brings out the kid in adults and lets kids be kids. Boasting Ishii's signature dance numbers and Yoshiyuki Morishita (the \"Japanese Steve Buscemi\") as the band's homeroom teacher, it's a unique experience built for future and current movie maniacs.",
    "genres" : [ {
      "id" : 35,
      "name" : "Comedy"
    } ]
  }, {
    "id" : 279182,
    "title" : "Meine Freunde Tigger und Puuh: Die Welt um uns herum",
    "overview" : "",
    "genres" : [ ]
  }, {
    "id" : 279187,
    "title" : "The Extreme Sukiyaki",
    "overview" : "Former college buddies Horaguchi and Okawa suddenly reunite on a whim after 15 years apart and try to resume their friendship by planning a trip together. Meanwhile, Okawa’s live-in girlfriend Kaede and the pair's old friend Kyoko get roped into joining them. Soon, the four head off on a trip together with the goal of sharing sukiyaki by the sea.",
    "genres" : [ {
      "id" : 18,
      "name" : "Drama"
    } ]
  }, {
    "id" : 279192,
    "title" : "Aurat",
    "overview" : "The 1940 Hindi film Aurat can rightly be described as Mehboob Khan’s domestic saga that details the pathetic plight of a mother. The plot pivots around the central character Radha a resolute mother, abandoned by her husband, who strives hard against poverty and a lecherous money lender to feed her two sons who grew up with contrasting temperament. The elder one Ramu becomes a tight-laced poor fellow and the younger one Birju becomes a thug. Birju kills the moneylender and kidnaps his daughter who is his childhood love.",
    "genres" : [ {
      "id" : 18,
      "name" : "Drama"
    } ]
  }, {
    "id" : 279197,
    "title" : "Autumn",
    "overview" : "Directed by Kim Chun.",
    "genres" : [ ]
  }, {
    "id" : 279202,
    "title" : "Yoga Exercise Workout",
    "overview" : "The focus is on the \"sun salutation,\" a connected series of poses that builds strength, flexibility, and balance, and with repeated practice this offers what Fonda calls \"an excellent full-body workout.\" The program is divided into three sections, any one of which can be practiced on its own. The first breaks down the various poses comprising the sun salute, while the second is devoted to several repetitions of the salute itself; three variations are offered, two incorporating some of Fonda's own techniques and one that's closer to the \"classical\" or \"Series C\" salutation. The final section (which might actually be a better place to prepare for your practice than to finish it) focuses on relaxation and breathing. Fonda's manner is brisk, but her instructions are clear and concise, and while the tape isn't especially difficult, it should prove challenging enough for beginners and most intermediates.",
    "genres" : [ ]
  }, {
    "id" : 279212,
    "title" : "Babicka",
    "overview" : "Directed by Thea Cervenková.",
    "genres" : [ ]
  }, {
    "id" : 279217,
    "title" : "Sous France",
    "overview" : "A family in the french countryside have their lives changed forever by the news of one's infidelity. An unflinching look at what happens when the mind goes and all blacks out.  The title \"Sous France\" is a play on the French word \"Souffrance\" meaning, sufferance or pain.",
    "genres" : [ ]
  }, {
    "id" : 279227,
    "title" : "Les Guignols de l'info 1999/2000 : Ras le bol les guignols !",
    "overview" : "- The Board of DSK\r - The complaints of the grandmother mustache\r - The Tiberi make us cry\r - Edward loose\r - Right Park\r - Lionel Jospin Love",
    "genres" : [ {
      "id" : 35,
      "name" : "Comedy"
    } ]
  }, {
    "id" : 279232,
    "title" : "New Morning - The Paris Concert - Al Foster Quintet",
    "overview" : "",
    "genres" : [ {
      "id" : 10402,
      "name" : "Music"
    } ]
  }, {
    "id" : 279237,
    "title" : "Jizo the Spook",
    "overview" : "One of the two earliest horror films ever made. This film is presumed lost.",
    "genres" : [ {
      "id" : 27,
      "name" : "Horror"
    } ]
  }, {
    "id" : 279242,
    "title" : "The Young Have No Time",
    "overview" : "A tale of wealthy youth in post-WWII Copenhagen.",
    "genres" : [ {
      "id" : 18,
      "name" : "Drama"
    } ]
  }, {
    "id" : 279252,
    "title" : "Lawine - Leben und Sterben des Werner Koenig",
    "overview" : "This is the story of an addiction and an addict - a life addicts looking for propinquity to the death. Werner King was one of the business heroes of the new economy. With his movie trading company Helkon he saw himself as a global player. The gifted skier and former sailing champion loved speed and risk - professional and private. With luck and irrepressible will, he survived an avalanche in 1993. November 2000 he flies again to the deep snow skiing, it will be his last start.",
    "genres" : [ {
      "id" : 99,
      "name" : "Documentary"
    } ]
  }, {
    "id" : 279257,
    "title" : "M - Les saisons de passage",
    "overview" : "",
    "genres" : [ ]
  }, {
    "id" : 279262,
    "title" : "Pik & Amadeus – Freunde wider Willen",
    "overview" : "",
    "genres" : [ {
      "id" : 10770,
      "name" : "TV Movie"
    }, {
      "id" : 10751,
      "name" : "Family"
    } ]
  }, {
    "id" : 279267,
    "title" : "Adventures of Casanova",
    "overview" : "Casanova, a young patriot in 18th-century Sicily, upon learning that his father and sister have been murdered, returns to Palermo and engages in guerilla tactics against the forces of the Governor. Lady Bianca, the Governor's daughter, is in love with one of the patriots, Lorenzo, and desires to escape from the palace. Her lady-in-waiting, Zanetta, enlists the aid of Casanova and he rescues them and takes them to the partisan's camp. The rebels are victorious. Lady Bianca makes plans to marry Lorenzo, and Casanova and Zanetta have similar plans.",
    "genres" : [ {
      "id" : 12,
      "name" : "Adventure"
    }, {
      "id" : 36,
      "name" : "History"
    }, {
      "id" : 10749,
      "name" : "Romance"
    } ]
  }, {
    "id" : 279272,
    "title" : "Story of an Unknown Actor",
    "overview" : "The of an actor in a provincial theatre.",
    "genres" : [ {
      "id" : 18,
      "name" : "Drama"
    } ]
  }, {
    "id" : 279277,
    "title" : "Atan & Atoi",
    "overview" : "Atan $ Atoi tells the story of  Atan who dreams of becoming a police officer but failed the examination due to colour blindness. One day, he met a kidnapped girl while searching for his mom beloved cat, Atoi and his life changed.",
    "genres" : [ ]
  }, {
    "id" : 279282,
    "title" : "UFC Fight Night 43: Te Huna vs. Marquardt",
    "overview" : "Main event: Middleweight - Nate Marquardt vs. James Te Huna  Heavyweight - Jared Rosholt vs. Soa Palelei  Featherweight - Charles Oliveira vs. Hatsu Hioki  Welterweight - Robert Whittaker vs. Mike Rhodes",
    "genres" : [ ]
  }, {
    "id" : 279287,
    "title" : "Chakravarthy",
    "overview" : "What the movie has in store for you, wait and watch this space for more updates.",
    "genres" : [ {
      "id" : 18,
      "name" : "Drama"
    } ]
  }, {
    "id" : 279292,
    "title" : "Aradhana",
    "overview" : "Aaradhana is story about an illiterate Puliraju (Chiranjeevi), who is a small time rowdy in a small town. He meets (Suhasini), who arrives in that town as a school teacher. Suhasini slaps and accuses him for ill-treating his mother. Puliraju, instead of taking revenge on her, gets attracted towards her and manages to join as her student. Over a period of time, Pulitsju transforms in his looks, behaviour and leaves his past life back. Over few reels, they both get attracted towards each other, but neither of them express their feelings. His mother, surprised by changes in his behaviour brings his maradalu (Radhika) from his village and tries to marry him off. At the same time, suhasini",
    "genres" : [ {
      "id" : 10749,
      "name" : "Romance"
    } ]
  }, {
    "id" : 279297,
    "title" : "Dairyavanthudu",
    "overview" : "What the movie has in store for you, wait and watch this space for more updates.",
    "genres" : [ {
      "id" : 80,
      "name" : "Crime"
    } ]
  }, {
    "id" : 279302,
    "title" : "Kirathakudu",
    "overview" : "Kiratakudu is a action oriented movie in which, Chiranjeevi played a rather unusual role, who hates his father to the core and does not support him even when is getting destroyed. Chakravarthy (Jaggayya), who is a prominent industrialist in the city, is president of the interpol and his son Charan (chiru) is a reputed sportsman, but there is no love between them. Charan, spends his life with friends and alchohol to overcome his loneliness.Despite chakravarti",
    "genres" : [ {
      "id" : 80,
      "name" : "Crime"
    } ]
  }, {
    "id" : 279307,
    "title" : "Raktha Sindhuram",
    "overview" : "Raktha Sindhuram is action drama based movie in which, Chiranjeevi played dual role as jailer and khaidi. Gopi(Chiranjeevi) is a conscientious sub jailor. One fine day he is tricked by Rekha (Radha) who had already fooled police officers thrice. Rekha thinks that it was easy to fool police officers, but with an intelligent trick gopi wins the love of Rekha.meanwhile, Gandragoddali (Chiranjeevi) was sentenced to be hanged for murder.He meets gopi in jail and asks Gopi to go to his village and save a bonded labour from the clutches of the money lender without causing any harm to the money lender.But, Gopi had to kill the money lender to free the bonded labour. Now,Gandrogoddali argues in court that he had done the same thing as Gopi and if gopi is free then he has to be free too and expresses his desire to be set free.",
    "genres" : [ {
      "id" : 18,
      "name" : "Drama"
    } ]
  }, {
    "id" : 279312,
    "title" : "Parking Shootout",
    "overview" : "A guy gets into a gun fight inside a parking lot building, Will he make it out alive?",
    "genres" : [ {
      "id" : 28,
      "name" : "Action"
    } ]
  }, {
    "id" : 279317,
    "title" : "Challenge",
    "overview" : "Challenge movie is action thrilling based movie in which, Gandhi (Chiranjeevi) steals medicine for his mother who is on death bed. But, by the time he reaches the hospital, his mother is dead, and he is left without any money to cremate her. Wardboy Sai Kumar demands money to protect his mother",
    "genres" : [ {
      "id" : 18,
      "name" : "Drama"
    } ]
  }, {
    "id" : 279322,
    "title" : "Rustum",
    "overview" : "Rustum is a 1984 Telugu film directed by Kodandarami Reddy. The film stars Chiranjeevi, Urvashi, Raogopal Rao and Nutan Prasad in lead roles.",
    "genres" : [ {
      "id" : 18,
      "name" : "Drama"
    } ]
  }, {
    "id" : 279327,
    "title" : "Goonda",
    "overview" : "Goonda is action oriented movie in which, Crime king Kalidas (Chiranjeevi), one fine day, Kalidas tries to running away in his Jeep with his god father, and unexpectedly their jeep meets with an accident.After accident, a tranformed kalidas decides to live as a normal man under the new name of Raja.He meets his father ananda rao and his family. His childhood friend and neighbour Jaya (radha) comes back into his new found life.Anandrao attempts to stop the rice smuggling by Dharmayya and Kailasam. They both trap Raja into a case and Raja goes to jail.Later, when raja learns that dharmayya and kailasam are planning big,he escapes from jail and saves a train from being Bombed by Dharmaraja and kailasam, and in the end again surrenders himself to the police.",
    "genres" : [ {
      "id" : 28,
      "name" : "Action"
    } ]
  }, {
    "id" : 279332,
    "title" : "Mom's Day Away",
    "overview" : "A frustrated stay-at-home mom takes a weekend away when her family ignores her over Mother's Day.",
    "genres" : [ {
      "id" : 35,
      "name" : "Comedy"
    } ]
  }, {
    "id" : 279337,
    "title" : "Simhapoori Simham",
    "overview" : "Simhapoori Simham is a 1983 Telugu film directed by . The film stars Chiranjeevi, Radhika Sarathkumar, Madhavi and Maruthirao Gollapudi in lead roles.",
    "genres" : [ {
      "id" : 18,
      "name" : "Drama"
    } ]
  }, {
    "id" : 279342,
    "title" : "Palletoori Monagadu",
    "overview" : "Palletoori Monagaadu is action drama based movie in which, the movie opens with murder of a Doctor who tries to setup his medical practice in a village.Everyone knows that the Zamindar of that village is behind that murder.He doesn’t like the villagers to get exposed to better things, as he fears they might get out of his control.Enters Dr.Santhi (Radhika), who is determined to complete her father’s incomplete dream.She meets chiru, who will be very helpful and co-coperative to her. But, zamindar has his own cruel intentions. He plans to kills Dr.santi also, but chiru saves her.Every attempt on her life is foiled by chiru and in the end chiru manages to help Dr.santi to run her practice smoothly by bringing zamindar to justice.",
    "genres" : [ {
      "id" : 18,
      "name" : "Drama"
    } ]
  }, {
    "id" : 279352,
    "title" : "Ooriki Ichina Maata",
    "overview" : "Ooriki Ichina Maata is a 1981 Telugu film directed by Balaiah M. The film stars Chiranjeevi, Madhavi, Kavitha and Sudhakar in lead roles.",
    "genres" : [ {
      "id" : 18,
      "name" : "Drama"
    } ]
  }, {
    "id" : 279362,
    "title" : "Mosagadu",
    "overview" : "Mosagadu is action drama based movie in which, Chiranjeevi acted as a villain in this movie  for the first time in his career.Sobhan babu and sridevi, who are in love with each other plan to marry soon . Chiru is a local rowdysheeter in their area who has a relationship with sridevi’s twin sister(dual role).Sridevi tries to keep herself away from his twin sister’s life style and sobhan decides to give her new life by marrying her. But, chiru has his eyes on sridevi also,but gets bashed up by sobhan few times.He develops personal grudge against them.Oneday, when sobhan and sridevi are about to get married in a temple,chiru spots her alone waiting for sobhan and he rapes her. Unable to bear this humiliation, she commits suicide and before she dies, sobhan reaches there and he vows to take revenge.In the end, sobhan kills chiru and is sentenced to death, and we are shown that sobhan meets sridevi in heaven.",
    "genres" : [ {
      "id" : 18,
      "name" : "Drama"
    } ]
  }, {
    "id" : 279367,
    "title" : "Love In Singapore",
    "overview" : "Love in Singapore is action romance based movie in which, Chiranjeevi (suresh) acted as the brother of Ranganath who is the main hero of the film. chiru’s father (P J Sharma) is a police officer and one day he catches a criminal ( om prakash) and sends him to jail. chiru and ranganath were small boys at that time. One night chiru quarrles with his brother over a silly issue and when his father beats him ,he runs away from house in anger. Same night the villain cames to chiru’s house and kills his father in revenge.",
    "genres" : [ {
      "id" : 18,
      "name" : "Drama"
    } ]
  }, {
    "id" : 279372,
    "title" : "2 Degrees",
    "overview" : "2 Degrees is about nothing less than the fight for the health of the planet we call home. The abstract idea of climate change is explored through the weaving of real and emotional journeys an audience can relate to. Our characters battle to mitigate the potential disasters of climate change and fight for climate justice, for it will be the developing world that bears the brunt of our profligacy and short sightedness. While An Inconvenient Truth alerted us to the problems facing the earth, 2 Degrees is the gripping and vital fight for a solution.",
    "genres" : [ {
      "id" : 99,
      "name" : "Documentary"
    } ]
  }, {
    "id" : 279377,
    "title" : "Sobre la misma tierra",
    "overview" : "",
    "genres" : [ ]
  }, {
    "id" : 279382,
    "title" : "El estafador",
    "overview" : "",
    "genres" : [ ]
  }, {
    "id" : 279387,
    "title" : "Adventures on the Red Plane",
    "overview" : "A film about imagination, in which the protagonist goes on internal journeys around the world, overcoming fears and making new discoveries.",
    "genres" : [ {
      "id" : 16,
      "name" : "Animation"
    } ]
  }, {
    "id" : 279397,
    "title" : "The Bastard",
    "overview" : "Directed by Vagif Mustafayev.",
    "genres" : [ ]
  }, {
    "id" : 279402,
    "title" : "Bay of Pigs",
    "overview" : "Directed by Manuel Herrera.",
    "genres" : [ ]
  }, {
    "id" : 279407,
    "title" : "The Solitary Child",
    "overview" : "A young woman marries a gentleman farmer who may have murdered his first wife.",
    "genres" : [ {
      "id" : 9648,
      "name" : "Mystery"
    } ]
  }, {
    "id" : 279417,
    "title" : "Bedara Kannappa",
    "overview" : "A hunter tries to prove his extreme devotion to Lord Shiva by removing both of his eyes.",
    "genres" : [ ]
  }, {
    "id" : 279422,
    "title" : "Before the New Director Arrives",
    "overview" : "Directed by Ban Lu.",
    "genres" : [ ]
  }, {
    "id" : 279427,
    "title" : "Baader-Meinhof: In Love with Terror",
    "overview" : "In October 1977, the leadership of the German leftwing terrorist group Baader-Meinhof, died in a German high-security prison. Their apparent suicides hailed the end of a long and bloody struggle to start a revolution in one of the world's richest democracies. 25 years on In Love With Terror traces this astonishing story through extraordinary interviews with former group members, never-before seen archive footage, secret police reports and obscure government files.",
    "genres" : [ ]
  }, {
    "id" : 279432,
    "title" : "Bini Aku Hantu Langsuir",
    "overview" : "A rubber tapper manage to nailed a Langsuir which turned to a beautiful woman. He then marries her and .....",
    "genres" : [ ]
  }, {
    "id" : 279437,
    "title" : "As Tranças de Maria",
    "overview" : "",
    "genres" : [ ]
  }, {
    "id" : 279442,
    "title" : "The Penguins of Madagascar: The All-Nighter Before Xmas",
    "overview" : "The New York Zoo is closed one day out of the year for Christmas. To rejoice the season (and the human-free environment) the animals take over the zoo for Kidsmas; their annual animal celebration complete with decorations, food, gifts and a visit from Santa. But tradition is neglected now that King Julien and company live at the zoo. Struggling to make things right, the zoosters discover the truth behind Santa’s magic. Episodes include: The All-Nighter Before Christmas, The Lost Treasure Of The Golden Squirrel, The Hoboken Surprise, Miracle On Ice, Wishful Thinking and Operation:Good Deed.",
    "genres" : [ {
      "id" : 10751,
      "name" : "Family"
    }, {
      "id" : 16,
      "name" : "Animation"
    } ]
  }, {
    "id" : 279457,
    "title" : "Benyamin Falls in Love",
    "overview" : "Indonesian film starring Benyamin Sueb.",
    "genres" : [ ]
  }, {
    "id" : 279462,
    "title" : "Barney: Imagination Island",
    "overview" : "Set sail on a magical journey to Imagination Island in Barney's full-length movie! When a giant wave leaves the ship stranded atop a group of palm trees, Barney and his friends set out to explore the jungle island. There, they meet Professor Tinkerputt – a toy inventor who doesn’t want anyone to play with his toys. Join the adventure and see if Barney and his friends can show the professor that good things happen when you share.",
    "genres" : [ ]
  }, {
    "id" : 279467,
    "title" : "Devi Putrudu",
    "overview" : "Devi Putrudu is story of a child in which, Krishna (Venky) doing pranks in Mumbai and earn living with petty thefts. Satyavati (Anjala) is a foreign returned girl and she comes to know that her elder sister Karuna (Soundarya) got married to an archeologist when she visited to see the site of Dwaraka. Satyavani decides to visit Dwaraka to meet her sister. As Satyavati comes out of the airport of Bombay to go to Dwaraka",
    "genres" : [ {
      "id" : 36,
      "name" : "History"
    } ]
  }, {
    "id" : 279472,
    "title" : "Premante Ideraa",
    "overview" : "Premante Ideraa is a 1998 Telugu film directed by Jayanth C Paranji. The film stars Venkatesh, Preity Zinta, Srihari and Ali in lead roles.",
    "genres" : [ {
      "id" : 10749,
      "name" : "Romance"
    } ]
  }, {
    "id" : 279477,
    "title" : "Pavithra Bandham",
    "overview" : "Pavithra Bandham is a 1996 Telugu film directed by Muthyala Subbayya. The film stars Venkatesh, Soundarya, S P Balasubramaniam and Subhalekha Sudhakar in lead roles.",
    "genres" : [ {
      "id" : 10749,
      "name" : "Romance"
    } ]
  }, {
    "id" : 279482,
    "title" : "Saradha Bullodu",
    "overview" : "Saradha Bullodu is a 1996 Telugu film directed by Raviraja Pinisetty. The film stars Venkatesh, Nagma and Brahmanandam in lead roles.",
    "genres" : [ {
      "id" : 10749,
      "name" : "Romance"
    } ]
  }, {
    "id" : 279487,
    "title" : "Signature Sounds - The Music of WWE",
    "overview" : "Music has been integral in WWE history, especially anthems for all the greatest WWE Superstars. Since Sgt. Slaughter first made his entrance to the Marine Corp hymn in the early 80's music themes have become synonymous with the Superstars themselves.  Just hearing the first few notes brings the crowd to their feet. They are the songs that let the WWE Universe know that business is about to pick up. Now, get behind the music and learn the inside story behind the timeless anthems of WWE and the superstars.",
    "genres" : [ ]
  }, {
    "id" : 279492,
    "title" : "Shathruvu",
    "overview" : "Shathruvu is a 1991 Telugu film directed by Kodi Ramakrishna. The film stars Venkatesh, Vijayashanti, Kota Srinivasan Rao and Jeeva in lead roles.",
    "genres" : [ {
      "id" : 10749,
      "name" : "Romance"
    } ]
  }, {
    "id" : 279497,
    "title" : "Aggni Ramudu",
    "overview" : "Aggni Ramudu is a 1990 Telugu film directed by S S Ravichandra. The film stars Venkatesh, Amala Akkineni, Gouthami and Sharada in lead roles.",
    "genres" : [ {
      "id" : 10749,
      "name" : "Romance"
    } ]
  }, {
    "id" : 279502,
    "title" : "Dhruva Naksthram",
    "overview" : "Dhruva Naksthram is a 1989 Telugu film directed by Y Nageswara Rao. The film stars Venkatesh, Shalini, Brahmanandam and Mohan Babu in lead roles.",
    "genres" : [ {
      "id" : 10749,
      "name" : "Romance"
    } ]
  }, {
    "id" : 279507,
    "title" : "Swarna Kamalam",
    "overview" : "Swarna Kamalam is a 1988 Telugu film directed by K Viswanath. The film stars Venkatesh, Bhanupriya, Brahmanandam and Mucherla Aruna in lead roles.",
    "genres" : [ {
      "id" : 10749,
      "name" : "Romance"
    } ]
  }, {
    "id" : 279512,
    "title" : "Bharathamlo Arjunudu",
    "overview" : "Bharathamlo Arjunudu is a 1987 Telugu film directed by K. Raghavendra Rao. The film stars Venkatesh and Khushboo in lead roles.",
    "genres" : [ {
      "id" : 10749,
      "name" : "Romance"
    } ]
  }, {
    "id" : 279517,
    "title" : "Rakshakan",
    "overview" : "Mukundan, who runs a garage and has a large family to look after, and a lot of financial liabilities.",
    "genres" : [ {
      "id" : 18,
      "name" : "Drama"
    } ]
  }, {
    "id" : 279522,
    "title" : "Ravanan",
    "overview" : "Ravanan movie tells the story of Varghese John (Kalabhavan Mani), who is a senior I P S officer of the Crime Branch  and who has been specially deputed to solve two high profile murders.",
    "genres" : [ {
      "id" : 28,
      "name" : "Action"
    } ]
  }, {
    "id" : 279527,
    "title" : "Red Salute",
    "overview" : "Red Salute tells the story of Chala Vasu (Kalabhavan Mani), who is a head-load worker and a trade union activist. His father Karunan was an idealist who had committed suicide when Vasu was a child. For Vasu, the affluent businessman Joseph Thomas, who was his father",
    "genres" : [ {
      "id" : 28,
      "name" : "Action"
    } ]
  } ]
}