{
  "movies" : [ {
    "id" : 15177,
    "title" : "Buddy",
    "overview" : "Kristoffer is a billboard hanger, 24 years old and carefree. When his girlfriend Elisabeth dumps him for the boss of her trend bureau, his life falls to pieces. He feels like a loser. By coincidence some of Kristoffer's video diaries end up with the producer of the popular talk show \"Karsten Tonight\" on TV2. A few weeks later Kristoffer's life has become TV entertainment. People love the sequences from his commune at Tøyen: Kristoffer's half-twisted view of his surroundings, his crazy best friend Geir, not to mention the weird web designer Stig Inge, who hasn't set foot outside the Tøyen shopping centre for two years. Kristoffer's future again looks bright, everyone likes him. But revealing your life on national television comes with a price tag. As Kristoffer's future in the TV business looks brighter and brighter, his friends start suffering. Geir's big secret is revealed, and Stig Inge's personal problems are much more serious than Kristoffer first thought...",
    "genres" : [ {
      "id" : 35,
      "name" : "Comedy"
    }, {
      "id" : 18,
      "name" : "Drama"
    }, {
      "id" : 10769,
      "name" : "Foreign"
    }, {
      "id" : 10749,
      "name" : "Romance"
    } ]
  }, {
    "id" : 15182,
    "title" : "Just Buried",
    "overview" : "A young man inherits a nearly bankrupt funeral home from his estranged father. He falls in love with the alluring young mortician, only to find out she's offing people to keep the place in business!",
    "genres" : [ {
      "id" : 35,
      "name" : "Comedy"
    }, {
      "id" : 18,
      "name" : "Drama"
    } ]
  }, {
    "id" : 15192,
    "title" : "The Grey Zone",
    "overview" : "A Nazi doctor, along with the Sonderkomando Jews – who are forced to work in the crematoria of Auschwitz against their fellow-Jews – find themselves in a moral grey zone.",
    "genres" : [ {
      "id" : 18,
      "name" : "Drama"
    }, {
      "id" : 10752,
      "name" : "War"
    } ]
  }, {
    "id" : 15202,
    "title" : "500 Person Sex!",
    "overview" : "No overview found.",
    "genres" : [ ]
  }, {
    "id" : 15212,
    "title" : "Species: The Awakening",
    "overview" : "A scientist, Dr Holander, takes his niece Miranda to Mexico in an attempt to reverse the effects of the alien DNA he used to create her. However the treatment goes horribly wrong, and sets Miranda on a killing spree as she sets out to find a mate.",
    "genres" : [ {
      "id" : 27,
      "name" : "Horror"
    }, {
      "id" : 878,
      "name" : "Science Fiction"
    }, {
      "id" : 53,
      "name" : "Thriller"
    } ]
  }, {
    "id" : 15227,
    "title" : "Galaxy Express 999",
    "overview" : "In the future, one can achieve immortality by obtaining a mechanized body. Orphaned, young Tetsuro hitches a ride on the space train Galaxy Express 999 in the hope of obtaining a cyborg body to avenge his mother's death. Along the way, he meets Matael, who is the spitting image of his dead mother.",
    "genres" : [ {
      "id" : 12,
      "name" : "Adventure"
    }, {
      "id" : 16,
      "name" : "Animation"
    }, {
      "id" : 878,
      "name" : "Science Fiction"
    } ]
  }, {
    "id" : 15237,
    "title" : "De-Lovely",
    "overview" : "From Paris to Venice to Broadway to Hollywood, the lives of Cole Porter and his wife, Linda were never less than glamorous and wildly unconventional. And though Cole's thirst for life strained their marriage, Linda never stopped being his muse, inspiring some of the greatest sons of the twentieth century.",
    "genres" : [ {
      "id" : 18,
      "name" : "Drama"
    }, {
      "id" : 10402,
      "name" : "Music"
    } ]
  }, {
    "id" : 15242,
    "title" : "Snoopy, Come Home",
    "overview" : "When Snoopy receives a letter from his original owner Lila, he goes to visit her in the hospital while Charlie Brown and the gang are on the lookout for him. Suddenly, Snoopy feels that he must go live with Lila, but must say goodbye to all his friends. In his adventure to the hospital, he encounters numerous \"No Dogs Allowed\" signs, an annoying little girl who desires to keep him, and more!",
    "genres" : [ {
      "id" : 10751,
      "name" : "Family"
    } ]
  }, {
    "id" : 15247,
    "title" : "The Ipcress File",
    "overview" : "This espionage thriller represents a landmark in spy movies introducing the sly, dry intelligence agent Harry Palmer. The story, centers on Palmer's investigation into British Intelligence security. He's soon enmeshed in a world of double-dealing, kidnap and murder and finds a traitor is operating at the heart of the secret service. Will the mysterious 'Ipcress File' reveal who the traitor is?",
    "genres" : [ {
      "id" : 53,
      "name" : "Thriller"
    } ]
  }, {
    "id" : 15257,
    "title" : "Hulk vs. Wolverine",
    "overview" : "Department H sends in Wolverine to track down a mysterious beast known by the US Military as the Hulk, who is rampaging across the Canadian wilderness. Surveying the extent of the damage to a destroyed town, Wolverine notices a toxic scent as well as the smell of gunpowder. He is then deployed to the wilderness to resume tracking the creature.",
    "genres" : [ {
      "id" : 16,
      "name" : "Animation"
    }, {
      "id" : 28,
      "name" : "Action"
    }, {
      "id" : 878,
      "name" : "Science Fiction"
    } ]
  }, {
    "id" : 15262,
    "title" : "Boogeyman 3",
    "overview" : "When a college student witnesses the alleged suicide of her roommate, it sets into motion a series of horrific events that cause her to fear the supernatural entity. As she tries to convince the rest of her dorm that the Boogeyman does exist, the evil force grows stronger and her friends begin to pay the price. Now she must stop this ultimate evil before the entire campus falls prey.",
    "genres" : [ {
      "id" : 27,
      "name" : "Horror"
    } ]
  }, {
    "id" : 15267,
    "title" : "The Beast of War",
    "overview" : "During the war in Afghanistan a Soviet tank crew commanded by a tyrannical officer find themselves lost and in a struggle against a band of Mujahadeen guerrillas in the mountains.",
    "genres" : [ {
      "id" : 18,
      "name" : "Drama"
    }, {
      "id" : 10752,
      "name" : "War"
    } ]
  }, {
    "id" : 15272,
    "title" : "Up the Yangtze",
    "overview" : "A luxury cruise boat motors up the Yangtze - navigating the mythic waterway known in China simply as \"The River.\" The Yangtze is about to be transformed by the biggest hydroelectric dam in history. At the river's edge - a young woman says goodbye to her family as the floodwaters rise towards their small homestead. The Three Gorges Dam - contested symbol of the Chinese economic miracle - provides the epic backdrop for Up the Yangtze, a dramatic feature documentary on life inside modern China.",
    "genres" : [ {
      "id" : 99,
      "name" : "Documentary"
    }, {
      "id" : 10769,
      "name" : "Foreign"
    } ]
  }, {
    "id" : 15282,
    "title" : "The Hide",
    "overview" : "On the windswept Suffolk mudflats creaks a bird-hide, inside which hovers Roy Tunt, a prematurely aged, mildly obsessive-compulsive birder. With one more sighting - the elusive sociable plover - he will have 'twitched' the entire British List. Tunt has his shortwave radio, packed-lunch and a portrait of his ex-wife Sandra for company. Suddenly, in the midst of a conversation with Sandra's portrait, the hide door blows open and a bedraggled stranger - unshaven, edgy and bloodied introduces himself as Dave John, a fugitive from the storm. After a tense introduction, the two men discover that they have a good deal in common, sharing sandwiches, tea and personal exchanges which are frank, poignant and often funny. As the two men begin to form a close bond news of a police manhunt sets them both on edge driving their fragile relationship to a tragic conclusion.",
    "genres" : [ {
      "id" : 27,
      "name" : "Horror"
    }, {
      "id" : 53,
      "name" : "Thriller"
    } ]
  }, {
    "id" : 15292,
    "title" : "Step Into Liquid",
    "overview" : "No special effects. No stuntmen. No stereotypes. No other feeling comes close. Surfers and secret spots from around the world are profiled in this documentary.",
    "genres" : [ {
      "id" : 99,
      "name" : "Documentary"
    }, {
      "id" : 18,
      "name" : "Drama"
    } ]
  }, {
    "id" : 15302,
    "title" : "The Pixar Story",
    "overview" : "A look at the first years of Pixar Animation Studios - from the success of \"Toy Story\" and Pixar's promotion of talented people, to the building of its East Bay campus, the company's relationship with Disney, and its remarkable initial string of eight hits. The contributions of John Lasseter, Ed Catmull and Steve Jobs are profiled. The decline of two-dimensional animation is chronicled as three-dimensional animation rises. Hard work and creativity seem to share the screen in equal proportions.",
    "genres" : [ {
      "id" : 99,
      "name" : "Documentary"
    } ]
  }, {
    "id" : 15312,
    "title" : "American Cousins",
    "overview" : "Two American mafiosi, Gino and Settimo, take refuge in the Glasgow cafe owned by their Scottish/Italian cousin, but he isn't the tough guy they'd expected. Gino and Settimo try to repay Roberto's hospitality by chasing off a debt collector who wants his property, but their strong arm tactics alarm him and he realises they aren't the PR consultants they claimed to be.",
    "genres" : [ {
      "id" : 18,
      "name" : "Drama"
    }, {
      "id" : 80,
      "name" : "Crime"
    } ]
  }, {
    "id" : 15322,
    "title" : "I.D.",
    "overview" : "Four policemen go undercover and infiltrate a gang of football hooligans hoping to route out their leaders. For one of the four, the line between 'job' and 'yob' becomes more unclear as time passes . . .",
    "genres" : [ {
      "id" : 80,
      "name" : "Crime"
    }, {
      "id" : 18,
      "name" : "Drama"
    } ]
  }, {
    "id" : 15342,
    "title" : "The Girl from Monaco",
    "overview" : "A brilliant and neurotic attorney goes to Monaco to defend a famous criminal. But, instead of focusing on the case, he falls for a beautiful she-devil, who turns him into a complete wreck... Hopefully, his zealous bodyguard will step in and put everything back in order... Or will he ?",
    "genres" : [ {
      "id" : 35,
      "name" : "Comedy"
    }, {
      "id" : 18,
      "name" : "Drama"
    } ]
  }, {
    "id" : 15347,
    "title" : "Born Free",
    "overview" : "Born Free (1966) is an Open Road Films Ltd./Columbia Pictures feature film starring Virginia McKenna and Bill Travers as Joy and George Adamson, a real-life couple who raised an orphaned lion cub to adulthood, and released her into the wilds of Kenya.",
    "genres" : [ {
      "id" : 10751,
      "name" : "Family"
    }, {
      "id" : 12,
      "name" : "Adventure"
    }, {
      "id" : 18,
      "name" : "Drama"
    } ]
  }, {
    "id" : 15352,
    "title" : "Soit je meurs, soit je vais mieux",
    "overview" : "Après que son père eut quitté le foyer pour une autre femme, Martial, 16 ans, doit déménager avec sa mère, Sabine, pour un appartement plus modeste. Nouveau quartier, nouveau lycée, Martial a du mal à s'intégrer. Sa mère propose de l'aider, mais maladroite et fantasque, elle ne fait qu'envenimer la situation...",
    "genres" : [ {
      "id" : 18,
      "name" : "Drama"
    } ]
  }, {
    "id" : 15357,
    "title" : "District 13: Ultimatum",
    "overview" : "Damien and Leito return to District 13 on a mission to bring peace to the troubled sector that is controlled by five different gang bosses, before the city's secret services take drastic measures to solve the problem.",
    "genres" : [ {
      "id" : 28,
      "name" : "Action"
    }, {
      "id" : 53,
      "name" : "Thriller"
    }, {
      "id" : 80,
      "name" : "Crime"
    } ]
  }, {
    "id" : 15362,
    "title" : "Mesrine: Public Enemy #1",
    "overview" : "The story of Jacques Mesrine, France's public enemy No. 1 during the 1970s. After nearly two decades of legendary criminal feats -- from multiple bank robberies and to prison breaks -- Mesrine was gunned down by the French police in Paris.",
    "genres" : [ {
      "id" : 28,
      "name" : "Action"
    }, {
      "id" : 53,
      "name" : "Thriller"
    }, {
      "id" : 80,
      "name" : "Crime"
    }, {
      "id" : 18,
      "name" : "Drama"
    } ]
  }, {
    "id" : 15372,
    "title" : "Jimmy Carr: Comedian",
    "overview" : "Recorded live at London's Bloomsbury theatre, the posh-suited gagster unleashes his rapid-fire wit upon his audience, with jokes that are just too rude for TV.",
    "genres" : [ {
      "id" : 35,
      "name" : "Comedy"
    } ]
  }, {
    "id" : 15377,
    "title" : "All the World's Memory",
    "overview" : "Toute la mémoire du monde is a documentary about the Bibliothèque Nationale in Paris. It presents the building, with its processes of cataloguing and preserving all sorts of printed material, as both a monument of cultural memory and as a monstrous, alien being.",
    "genres" : [ {
      "id" : 99,
      "name" : "Documentary"
    } ]
  }, {
    "id" : 15382,
    "title" : "White Mane",
    "overview" : "In the south of France, in a vast plain region called the Camargue, lives White Mane, a magnificent stallion and the leader of a herd of wild horses too proud to let themselves be broken by humans. Only Folco, a young fisherman, manages to tame him. A strong friendship grows between the boy and the horse, as the two go looking for the freedom that the world of men won’t allow them.",
    "genres" : [ {
      "id" : 18,
      "name" : "Drama"
    } ]
  }, {
    "id" : 15387,
    "title" : "Cosy Dens",
    "overview" : "Two families, Sebkovi and Krausovi, are celebrating christmas, but not everyone is in a good mood. Teenage kids think their fathers are totaly stupid, fathers are sure their children are nothing more than rebels, hating anything they say. Written by Antonín",
    "genres" : [ {
      "id" : 35,
      "name" : "Comedy"
    }, {
      "id" : 18,
      "name" : "Drama"
    } ]
  }, {
    "id" : 15392,
    "title" : "Crossroads",
    "overview" : "Cult classic starring Ralph Macchio as a want-to-be blues guitar virtuoso who seeks a long-lost song by legendary musician Robert Johnson.",
    "genres" : [ {
      "id" : 18,
      "name" : "Drama"
    }, {
      "id" : 10402,
      "name" : "Music"
    }, {
      "id" : 9648,
      "name" : "Mystery"
    }, {
      "id" : 10749,
      "name" : "Romance"
    } ]
  }, {
    "id" : 15397,
    "title" : "I Am David",
    "overview" : "Based on Anne Holm's acclaimed young adult novel North to Freedom, I Am David chronicles the struggles of a 12-year-old boy (Ben Tibber) who manages to flee a Communist concentration camp on his own -- through sheer will and determination. All he has in his possession is a loaf of bread, a letter to deliver to someone in Denmark and a compass to help get him there.",
    "genres" : [ {
      "id" : 18,
      "name" : "Drama"
    }, {
      "id" : 10751,
      "name" : "Family"
    } ]
  }, {
    "id" : 15402,
    "title" : "The Notorious Bettie Page",
    "overview" : "Bettie Page grew up in a conservative religious family in Tennessee and became a photo model sensation in 1950s New York. Bettie's legendary pin-up photos made her the target of a Senate investigation into pornography, and transformed her into an erotic icon who continues to enthrall fans to this day.",
    "genres" : [ {
      "id" : 35,
      "name" : "Comedy"
    }, {
      "id" : 18,
      "name" : "Drama"
    } ]
  }, {
    "id" : 15412,
    "title" : "Khosla Ka Ghosla!",
    "overview" : "Upon retirement, cranky control freak Kamal Kishore Khosla obsesses about procuring a plot of land in Delhi, where he plans to build his dream house. After investing his entire life's savings to acquire the land, he discovers the plot's been stolen by a greedy land shark. Now, Khosla must rely on his comically dysfunctional family to pull off a scam on the biggest goon in real estate and win back.",
    "genres" : [ {
      "id" : 35,
      "name" : "Comedy"
    } ]
  }, {
    "id" : 15417,
    "title" : "Every Which Way But Loose",
    "overview" : "Philo Beddoe is your regular, easygoing, truck-driving guy. He's also the best bar-room brawler west of the Rockies. And he lives with a 165-pound orangutan named Clyde. Like other guys, Philo finally falls in love - with a flighty singer who leads him on a screwball chase across the American Southwest. Nothing's in the way except a motorcycle gang, and legendary brawler Tank Murdock.",
    "genres" : [ {
      "id" : 28,
      "name" : "Action"
    }, {
      "id" : 12,
      "name" : "Adventure"
    }, {
      "id" : 35,
      "name" : "Comedy"
    }, {
      "id" : 10749,
      "name" : "Romance"
    } ]
  }, {
    "id" : 15422,
    "title" : "Dark Ride",
    "overview" : "Ten years after he brutally murdered two girls, a killer escapes from a mental institution and returns to his turf, the theme park attraction called Dark Ride. About to crash his path are a group of college kids on a road trip who stumble across the park.",
    "genres" : [ {
      "id" : 27,
      "name" : "Horror"
    }, {
      "id" : 53,
      "name" : "Thriller"
    } ]
  }, {
    "id" : 15432,
    "title" : "Frank Skinner: Stand-Up",
    "overview" : "Frank Skinner has been in the stand-up game for well over 20 years and this DVD showcases him at the peak of his talents at the Birmingham's National Indoor Arena (NIA) in front of a packed audience as part of his 2007 tour. Since quitting TV 2 years ago, Skinner has focused on his stand-up and this show is the culmination of those efforts.",
    "genres" : [ {
      "id" : 35,
      "name" : "Comedy"
    } ]
  }, {
    "id" : 15437,
    "title" : "Crime Is Our Business",
    "overview" : "",
    "genres" : [ {
      "id" : 35,
      "name" : "Comedy"
    }, {
      "id" : 80,
      "name" : "Crime"
    }, {
      "id" : 9648,
      "name" : "Mystery"
    } ]
  }, {
    "id" : 15457,
    "title" : "Paris 36",
    "overview" : "A star is born in a time of both celebration and instability in this historical drama with music from director Christophe Barratier. In the spring of 1936, Paris is in a state of uncertainty; while the rise of the Third Reich in Germany worries many, a leftist union-oriented candidate, Léon Blum, has been voted into power, and organized labor is feeling its new power by standing up to management.",
    "genres" : [ {
      "id" : 18,
      "name" : "Drama"
    } ]
  }, {
    "id" : 15462,
    "title" : "Car Wash",
    "overview" : "This day-in-the-life cult comedy focuses on a group of friends working at Sully Boyar's Car Wash in the Los Angeles ghetto. The team meets dozens of eccentric customers -- including a smooth-talking preacher, a wacky cab driver and an ex-convict -- while cracking politically incorrect jokes to a constant soundtrack of disco and funk. Some of the workers find romance as the day moves along, but most are just happy to get through another shift.",
    "genres" : [ {
      "id" : 10749,
      "name" : "Romance"
    }, {
      "id" : 35,
      "name" : "Comedy"
    }, {
      "id" : 18,
      "name" : "Drama"
    } ]
  }, {
    "id" : 15467,
    "title" : "Kismat Konnection",
    "overview" : "This is a story about an architect Raj Malhotra. While he was a top student in his school and college days, he is not having much luck finding work, clients or projects. All he does seems to go wrong. Raj goes to a gypsy named Haseena Bano Jann who advises him that his luck is not good and he needs a lucky charm or a person who can change his life.",
    "genres" : [ {
      "id" : 18,
      "name" : "Drama"
    }, {
      "id" : 35,
      "name" : "Comedy"
    }, {
      "id" : 10749,
      "name" : "Romance"
    }, {
      "id" : 10769,
      "name" : "Foreign"
    } ]
  }, {
    "id" : 15472,
    "title" : "The Girl with the Dragon Tattoo",
    "overview" : "Swedish thriller based on Stieg Larsson's novel about a male journalist and a young female hacker. In the opening of the movie, Mikael Blomkvist, a middle-aged publisher for the magazine Millennium, loses a libel case brought by corrupt Swedish industrialist Hans-Erik Wennerström. Nevertheless, he is hired by Henrik Vanger in order to solve a cold case, the disappearance of Vanger's niece",
    "genres" : [ {
      "id" : 18,
      "name" : "Drama"
    }, {
      "id" : 53,
      "name" : "Thriller"
    }, {
      "id" : 80,
      "name" : "Crime"
    }, {
      "id" : 9648,
      "name" : "Mystery"
    } ]
  }, {
    "id" : 15477,
    "title" : "Love and a .45",
    "overview" : "Small-time criminal Watty Watts attempts to rob a convenience store with his drug-addict buddy, Billy Mack Black. The robbery, however, leads to murder, and soon Watty leaves Billy behind and goes on the run with his beloved girlfriend, Starlene. Heading toward Mexico, the fugitive couple gets plenty of media coverage, until there are even more people on their trail. Can Watty and Starlene make it south of the border without getting caught?",
    "genres" : [ {
      "id" : 80,
      "name" : "Crime"
    }, {
      "id" : 53,
      "name" : "Thriller"
    } ]
  }, {
    "id" : 15482,
    "title" : "Return of the Killer Tomatoes!",
    "overview" : "Crazy old Professor Gangreen has developed a way to make tomatoes look human for a second invasion.",
    "genres" : [ {
      "id" : 35,
      "name" : "Comedy"
    }, {
      "id" : 27,
      "name" : "Horror"
    }, {
      "id" : 878,
      "name" : "Science Fiction"
    } ]
  }, {
    "id" : 15487,
    "title" : "The Greatest Game Ever Played",
    "overview" : "A biopic of 20-year-old Francis Ouimet who defeated his golfing idol and 1900 US Open Champion, Harry Vardon.",
    "genres" : [ {
      "id" : 18,
      "name" : "Drama"
    }, {
      "id" : 10751,
      "name" : "Family"
    } ]
  }, {
    "id" : 15492,
    "title" : "Daniels Daughter",
    "overview" : "When a woman learns that her father has passed away, she must confront the past (and the town) she left behind.",
    "genres" : [ {
      "id" : 10770,
      "name" : "TV Movie"
    }, {
      "id" : 18,
      "name" : "Drama"
    }, {
      "id" : 10749,
      "name" : "Romance"
    } ]
  }, {
    "id" : 15497,
    "title" : "Twelve O'Clock High",
    "overview" : "In this story of the early days of daylight bombing raids over Germany, General Frank Savage must take command of a \"hard luck\" bomber group. Much of the story deals with his struggle to whip his group into a disciplined fighting unit in spite of heavy losses, and withering attacks by German fighters over their targets. --KC Hunt",
    "genres" : [ {
      "id" : 10752,
      "name" : "War"
    }, {
      "id" : 28,
      "name" : "Action"
    }, {
      "id" : 18,
      "name" : "Drama"
    } ]
  }, {
    "id" : 15502,
    "title" : "Dream 2",
    "overview" : "Dream.2 Middle Weight Grandprix 2008 1st Round was a mixed martial arts event promoted by DREAM. It took place on Tuesday, April 29, 2008 at the Saitama Super Arena in Saitama City, Japan. The event hosted the opening round of the promotion's Middleweight Grand Prix. All bouts were conducted under DREAM Rules, (1stR x 10 min, 2ndR x 5min) in an 84 kg/185 lbs weight class.",
    "genres" : [ ]
  }, {
    "id" : 15512,
    "title" : "Monsters vs Aliens",
    "overview" : "When Susan Murphy is unwittingly clobbered by a meteor full of outer space gunk on her wedding day, she mysteriously grows to 49-feet-11-inches. The military jumps into action and captures Susan, secreting her away to a covert government compound. She is renamed Ginormica and placed in confinement with a ragtag group of Monsters...",
    "genres" : [ {
      "id" : 16,
      "name" : "Animation"
    }, {
      "id" : 10751,
      "name" : "Family"
    }, {
      "id" : 12,
      "name" : "Adventure"
    }, {
      "id" : 878,
      "name" : "Science Fiction"
    } ]
  }, {
    "id" : 15527,
    "title" : "Otis",
    "overview" : "After being captured and tortured by the psychopath Otis, teen cheerleader Riley Lawson escapes and informs her parents, who quickly sidestep sluggish FBI agents and take matters into their own hands. But the Lawsons' revenge plan hits a snag when Otis's unusual brother enters the picture.",
    "genres" : [ {
      "id" : 35,
      "name" : "Comedy"
    }, {
      "id" : 27,
      "name" : "Horror"
    } ]
  }, {
    "id" : 15532,
    "title" : "Ek Vivaah Aisa Bhi",
    "overview" : "Chandni, a singer from an upper middle-class family, falls in love with Prem. They are unable to marry for many years until Chandni's siblings grow up.",
    "genres" : [ {
      "id" : 18,
      "name" : "Drama"
    } ]
  }, {
    "id" : 15537,
    "title" : "The Olsen Gang Long Gone",
    "overview" : "Criminal genius Egon Olsen presents his accomplices Benny and Keld with yet another infallible plan that can only end badly. The booty is a red suitcase containing values ​​worth five million. The sinister mastermind Bang-Johansen carries the suitcase. The Olsen Gang follows him to Paris, where they put their cunning and carefully organized plan into motion.",
    "genres" : [ {
      "id" : 10751,
      "name" : "Family"
    }, {
      "id" : 35,
      "name" : "Comedy"
    }, {
      "id" : 80,
      "name" : "Crime"
    } ]
  }, {
    "id" : 15542,
    "title" : "Stiletto",
    "overview" : "The seemingly random killings of an assassin puzzle her former lover, a wealthy Greek crime boss whose organization is jeopardized by his love for her, and the detective following her rising body count",
    "genres" : [ {
      "id" : 28,
      "name" : "Action"
    }, {
      "id" : 80,
      "name" : "Crime"
    }, {
      "id" : 18,
      "name" : "Drama"
    }, {
      "id" : 53,
      "name" : "Thriller"
    } ]
  }, {
    "id" : 15552,
    "title" : "Cirque du Soleil: Varekai",
    "overview" : "Icarus (Anton Chelnokov) is the main character of Varekai, who falls to the ground, breaking his legs as he does. He is suddenly in a strange, new world full of creatures he has never seen before. \"Parachuted into the shadows of a magical forest, a kaleidoscopic world populated by fantastical creatures, this young man sets off on an adventure both absurd and extraordinary.",
    "genres" : [ {
      "id" : 18,
      "name" : "Drama"
    }, {
      "id" : 10751,
      "name" : "Family"
    }, {
      "id" : 14,
      "name" : "Fantasy"
    }, {
      "id" : 10402,
      "name" : "Music"
    } ]
  }, {
    "id" : 15557,
    "title" : "Grand Canyon Adventure: River at Risk",
    "overview" : "A documentary about a 15-day river-rafting trip on the Colorado River aimed at highlighting water conservation issues.",
    "genres" : [ {
      "id" : 12,
      "name" : "Adventure"
    }, {
      "id" : 99,
      "name" : "Documentary"
    } ]
  }, {
    "id" : 15567,
    "title" : "Stitch! The Movie",
    "overview" : "The continuing adventures of Lilo, a little Hawaiian girl, and Stitch, the galaxy's most wanted extraterrestrial. Stitch, Pleakley, and Dr. Jumba are all part of the household now. But what Lilo and Stitch don't know is that Dr. Jumba brought one of his alien \"experiments\" to Hawaii.",
    "genres" : [ {
      "id" : 16,
      "name" : "Animation"
    }, {
      "id" : 35,
      "name" : "Comedy"
    }, {
      "id" : 10751,
      "name" : "Family"
    } ]
  }, {
    "id" : 15577,
    "title" : "Crossing Over",
    "overview" : "Immigrants from around the world enter Los Angeles every day, with hopeful visions of a better life, but little notion of what that life may cost. Their desperate scenarios test the humanity of immigration enforcement officers. In Crossing Over, writer-director Wayne Kramer explores the allure of the American dream, and the reality that immigrants find – and create -- in 21st century L.A.",
    "genres" : [ {
      "id" : 80,
      "name" : "Crime"
    }, {
      "id" : 18,
      "name" : "Drama"
    } ]
  }, {
    "id" : 15582,
    "title" : "Teen Wolf Too",
    "overview" : "Although awkward college student Todd Howard is particularly adept at science, he's paying for school with an athletic scholarship that he will lose should he not fare well in an upcoming boxing tournament. Luckily for Todd, he has inherited the same family curse that once turned his cousin into a werewolf. As he transforms into the hairy, fanged, howling monster, he finds both his physical agility and his popularity skyrocketing -- but at what cost?",
    "genres" : [ {
      "id" : 35,
      "name" : "Comedy"
    }, {
      "id" : 14,
      "name" : "Fantasy"
    }, {
      "id" : 10751,
      "name" : "Family"
    } ]
  }, {
    "id" : 15587,
    "title" : "Safari",
    "overview" : "Richard Dacier owns a tour agency specialized on organizing safaris for European tourists eager to confront the African wild life. Actually, he took the job after his father and never went into the savanna by himself. As he owes big money to some mobster, he is compelled to convey a fake tourist, with a suspicious suitcase, toward Mozambic. To avoid suspicion from the authorities, he is supposed to tour a group of tourists as usual. The only problem - he is completely unexperienced as a guide!",
    "genres" : [ {
      "id" : 12,
      "name" : "Adventure"
    }, {
      "id" : 35,
      "name" : "Comedy"
    } ]
  }, {
    "id" : 15592,
    "title" : "Beaches",
    "overview" : "A privileged rich debutante and a cynical struggling entertainer share a turbulent, but strong childhood friendship over the years.",
    "genres" : [ {
      "id" : 35,
      "name" : "Comedy"
    }, {
      "id" : 18,
      "name" : "Drama"
    } ]
  }, {
    "id" : 15602,
    "title" : "Grumpier Old Men",
    "overview" : "A family wedding reignites the ancient feud between next-door neighbors and fishing buddies John and Max. Meanwhile, a sultry Italian divorcée opens a restaurant at the local bait shop, alarming the locals who worry she'll scare the fish away. But she's less interested in seafood than she is in cooking up a hot time with Max.",
    "genres" : [ {
      "id" : 10749,
      "name" : "Romance"
    }, {
      "id" : 35,
      "name" : "Comedy"
    } ]
  }, {
    "id" : 15607,
    "title" : "EliteXC/CBS - Primetime 1",
    "overview" : "EliteXC: Primetime The main card aired live on CBS, marking the first time a MMA event aired in primetime on major American network television. The most hyped fights was Kimbo Slice vs James Thompson, Robbie Lawler vs Scott Smith and Gina Carano vs Kaitlin Young.",
    "genres" : [ ]
  }, {
    "id" : 15617,
    "title" : "A Real Man",
    "overview" : "During a party somewhere in Paris, an apprentice filmmaker, Boris, and a young executive, Marilyne, play at being a loving couple when they've only just met. They end up really falling in love. Five years later, Marilyne, accompanied by Boris and their two kids, goes to Ibiza on a business trip. Just as Boris, tired of being a househusband, is about to leave her, Marilyne takes off on a lover's spree. Five years later,; Marilyne reappears in the depths of the Pyrenees as the leader of a group of American women on a \"personal growth\" tour. She learns that the man who is to introduce them to the mysteries of coqs de Bruyère mating rituals is none other than Boris. In the same way that, five years earlier, they played at being intimate when they'd only just met, Marilyne and Boris will now play at being strangers when they know each other, For the very best.",
    "genres" : [ {
      "id" : 18,
      "name" : "Drama"
    }, {
      "id" : 35,
      "name" : "Comedy"
    } ]
  }, {
    "id" : 15622,
    "title" : "Hinokio: Inter Galactic Love",
    "overview" : "A recent accident has left Satoru Iwamoto, an elementary school student, temporarily wheelchair-ridden. In addition, the recent loss of his mother has thrown Satoru into a reclusive state, locking himself from the outside world. However, in an effort to help Satoru recover from his injuries, his father, Kaoru, has designed a remote-controlled robot that will go to school in his place and allow him to interact with people and do normal things.",
    "genres" : [ {
      "id" : 18,
      "name" : "Drama"
    }, {
      "id" : 878,
      "name" : "Science Fiction"
    } ]
  }, {
    "id" : 15642,
    "title" : "Rascals on the Road",
    "overview" : "Four kids - Eugen, Wrigley, Bäschteli and Eduard - leave for an adventure around Switzerland, searching for the fabulous treasure of Titicaca Lake, discovered by Fritzli Bühler.",
    "genres" : [ {
      "id" : 10751,
      "name" : "Family"
    }, {
      "id" : 35,
      "name" : "Comedy"
    } ]
  }, {
    "id" : 15647,
    "title" : "Kissing Jessica Stein",
    "overview" : "Jessica, a Jewish copy editor living and working in New York City, is plagued by failed blind dates with men, and decides to answer a newspaper's personal advertisement. The advertisement has been placed by 'lesbian-curious' Helen Cooper, a thirtysomething art gallerist.",
    "genres" : [ {
      "id" : 35,
      "name" : "Comedy"
    } ]
  }, {
    "id" : 15652,
    "title" : "Hoboken Hollow",
    "overview" : "As Trevor drifts through Texas on collision course with a nightmare he is still haunted by the evils of the war he recently returned from and a promise he failed to keep. When a stranger offers a ride, Trevor finds himself battling the brutal homegrown evil of the Broderick family at Hoboken Hollow,a remote West Texas ranch that many visit but few ever leave.",
    "genres" : [ {
      "id" : 27,
      "name" : "Horror"
    } ]
  }, {
    "id" : 15657,
    "title" : "Tarzan II",
    "overview" : "Experience the beginning of the legend with Disney's Tarzan Ⅱ, a hilarious, all-new, animated motion picture loaded with laughs, irresistible new songs by Phil Collins, and the inspired voice talent of Glenn Close, George Carlin, and Emmy Award winner Brad Garrett. Before he was King of the Jungle, Tarzan was an awkward young kid just trying to fit in. When one of his missteps puts his family in jeopardy, Tarzan decides they would be better off without him. His thrilling new journey brings him face to face with the mysterious Zugor, the most powerful force in the land. Together, Tarzan and Zugor discover that being different is not a weakness and that friends and family are the greatest strength of all. This action-packed adventure is sure to delight the entire family. Get ready to GO APE over Disney's wild, new Tarzan Ⅱ.",
    "genres" : [ {
      "id" : 12,
      "name" : "Adventure"
    }, {
      "id" : 16,
      "name" : "Animation"
    }, {
      "id" : 10751,
      "name" : "Family"
    } ]
  }, {
    "id" : 15662,
    "title" : "Quid Pro Quo",
    "overview" : "A semi-paralyzed radio reporter is sent out to investigate a story that leads him into an odd subculture and on a journey of disturbing self-realization.",
    "genres" : [ {
      "id" : 9648,
      "name" : "Mystery"
    }, {
      "id" : 18,
      "name" : "Drama"
    }, {
      "id" : 53,
      "name" : "Thriller"
    } ]
  }, {
    "id" : 15667,
    "title" : "The Last Winter",
    "overview" : "In the Arctic region of Northern Alaska, an oil company's advance team struggles to establish a drilling base that will forever alter the pristine land. After one team member is found dead, a disorientation slowly claims the sanity of the others as each of them succumbs to a mysterious fear.",
    "genres" : [ {
      "id" : 27,
      "name" : "Horror"
    }, {
      "id" : 53,
      "name" : "Thriller"
    } ]
  }, {
    "id" : 15672,
    "title" : "WEC 39: Brown vs. Garcia",
    "overview" : "WEC 39: Brown vs. Garcia Took place on March 1, 2009 in Corpus Christi, Texas. The event aired live on the Versus Network.WEC Featherweight Champion Mike Brown made his first title defense against number one contender Leonard Garcia.",
    "genres" : [ ]
  }, {
    "id" : 15677,
    "title" : "84 Charing Cross Road",
    "overview" : "When a humorous script-reader in her New York apartment sees an ad in the Saturday Review of Literature for a bookstore in London that does mail order, she begins a very special correspondence and friendship with Frank Doel, the bookseller who works at Marks &amp; Co., 84 Charing Cross Road.",
    "genres" : [ {
      "id" : 18,
      "name" : "Drama"
    }, {
      "id" : 10749,
      "name" : "Romance"
    } ]
  }, {
    "id" : 15682,
    "title" : "Nitro Circus 5 ThrillBillies",
    "overview" : "Travis and the Nitro Circus Crew head full throttle into the gears of insanity. Witness Travis’ triumphant return to the Grand Canyon where he barely survives. Then watch the madness at the legendary Castaic shoot where dirt bikes, monster trucks, helicopters and a trophy truck hit the air in orchestrated chaos.",
    "genres" : [ ]
  }, {
    "id" : 15687,
    "title" : "Nitro Circus 6 Thrillbillies Doublewide",
    "overview" : "Join Travis Pastrana and the Nitro Circus Thrillbillies gang as they invade and take over a motocross race in Costa Rica, compete in their own brand of Winter and Summer Olympics, and big wheel base jump ridiculous cliffs at Lake Powell! Travis also planes his motocross bike off of a floating ramp in the middle of a lake! Other adventures include Rally Car action with Ken Block, and an Evil Knievel tribute with guest, Johnny Knoxville. Plus, all the Nitro Circus non-sense you've come to expect. Double wide = double-fun!",
    "genres" : [ ]
  }, {
    "id" : 15697,
    "title" : "Jailhouse Rock",
    "overview" : "After serving time for manslaughter, young Vince Everett becomes a teenage rock star.",
    "genres" : [ {
      "id" : 18,
      "name" : "Drama"
    }, {
      "id" : 10402,
      "name" : "Music"
    } ]
  }, {
    "id" : 15702,
    "title" : "To Paint or Make Love",
    "overview" : "An affluent, middle-aged couple's uneventful lives are forever changed when they move into an isolated house in the country and befriend an odd, younger couple.",
    "genres" : [ {
      "id" : 18,
      "name" : "Drama"
    }, {
      "id" : 35,
      "name" : "Comedy"
    }, {
      "id" : 10749,
      "name" : "Romance"
    } ]
  }, {
    "id" : 15707,
    "title" : "Man of Her Dreams",
    "overview" : "Marcus seems to have the perfect marriage, but a surprise visit from his long-absent sister-in-law, Louise, threatens to disrupt his serene home. Louise brings along her adopted daughter, who professes her love for Marcus's son. The news forces Marcus to share his own long-buried secret in this film adaptation of Donald Gray's stage play - a secret that may destroy his family.",
    "genres" : [ {
      "id" : 35,
      "name" : "Comedy"
    }, {
      "id" : 18,
      "name" : "Drama"
    } ]
  }, {
    "id" : 15712,
    "title" : "Welcome",
    "overview" : "Bilal is 17 years old, a Kurdish boy from Iraq. He sets off on an adventure-filled journey across Europe. He wants to get to England to see his love who lives there. Bilal finally reaches Calais, but how do you cover 32 kilometers of the English Channel when you can't swim? The boy soon discovers that his trip won't be as easy as he imagined... The community of struggling illegal aliens in Calais",
    "genres" : [ {
      "id" : 18,
      "name" : "Drama"
    }, {
      "id" : 10749,
      "name" : "Romance"
    } ]
  }, {
    "id" : 15717,
    "title" : "Rockers",
    "overview" : "Horsemouth, a drummer living in a ghetto of Kingston plans to make some extra money selling and distributing records. He buys a motorcycle to carry them to the sound systems around the island.",
    "genres" : [ {
      "id" : 18,
      "name" : "Drama"
    }, {
      "id" : 28,
      "name" : "Action"
    }, {
      "id" : 10769,
      "name" : "Foreign"
    } ]
  }, {
    "id" : 15722,
    "title" : "Sherlock Holmes and the Case of the Silk Stocking",
    "overview" : "The corpse of a shabbily dressed young woman has been discovered in the mud flats of the Thames at low tide. Police assume she's a prostitute, but Dr. Watson suspects something more and goes to his old friend Holmes, now retired and at very loose ends.",
    "genres" : [ {
      "id" : 9648,
      "name" : "Mystery"
    }, {
      "id" : 18,
      "name" : "Drama"
    } ]
  }, {
    "id" : 15727,
    "title" : "My Name Is Bill W.",
    "overview" : "Based on the true story of Bill W. (James Woods), a successful stock broker whose life falls apart after the stock crash of the 20's and how he comes to grips with his alcoholism. Along with a fellow alcoholic (James Garner) he forms a support group that would eventually become Alcoholics Anonymous.",
    "genres" : [ {
      "id" : 18,
      "name" : "Drama"
    }, {
      "id" : 36,
      "name" : "History"
    } ]
  }, {
    "id" : 15732,
    "title" : "Libera",
    "overview" : "This high-energy three part comedy has a strong undercurrent of melancholy, as it shows three different women coping with difficult situations which are usually sexual in origin, even if the moment of romance is long past. In the first tale, Aurora has gotten used to a cozy, wealthy life, but begins to see her world destroyed when her husband is caught in bed with his secretary. Later, he flees the country to avoid getting arrested for something else he has done. Carmela is just welcoming her wayward son back to their slum home after he has spent a stint in \"reform\" school. Not only has he just confessed to her that he's gay, but he has become a heroin addict.Finally, Libera works at a newsstand outside of Naples as the sole breadwinner for her family. She is tired of her husband lounging in their house when he is not out tomcatting around with prostitutes, and decides to do something about it. So she secretly has him filmed in bed, and is marketing the tapes at her newsstand.",
    "genres" : [ {
      "id" : 35,
      "name" : "Comedy"
    } ]
  }, {
    "id" : 15737,
    "title" : "Adored",
    "overview" : "South of France: Riki Kandinski and his elder brother Fredrico, come back to their family castle for their father's funeral. Fredrico knows nothing about his younger brother, but he notices that he is making big money and living in luxury all for a few days work a week. By pure chance, Fredrico gets his hands on a gay porn magazine and sees his brother in it.",
    "genres" : [ {
      "id" : 18,
      "name" : "Drama"
    } ]
  }, {
    "id" : 15742,
    "title" : "Taxidermia",
    "overview" : "Three generations of men, including a pervert that constantly seeks for new kinds of satisfaction, an obese speed eater and a passionate embalmer.",
    "genres" : [ {
      "id" : 18,
      "name" : "Drama"
    }, {
      "id" : 27,
      "name" : "Horror"
    }, {
      "id" : 35,
      "name" : "Comedy"
    } ]
  }, {
    "id" : 15752,
    "title" : "Barenaked in America",
    "overview" : "A rockumentary about the Canadian rock band Barenaked Ladies's life, in a nutshell.  It follows the band on its Stunt Tour.",
    "genres" : [ {
      "id" : 99,
      "name" : "Documentary"
    } ]
  }, {
    "id" : 15762,
    "title" : "Night of the Creeps",
    "overview" : "In 1959, an alien experiment crashes to earth and infects a fraternity member. They freeze the body, but in the modern day, two geeks pledging a fraternity accidentally thaw the corpse, which proceeds to infect the campus with parasites that transform their hosts into killer zombies.",
    "genres" : [ {
      "id" : 35,
      "name" : "Comedy"
    }, {
      "id" : 27,
      "name" : "Horror"
    }, {
      "id" : 878,
      "name" : "Science Fiction"
    } ]
  }, {
    "id" : 15767,
    "title" : "Godzilla: Final Wars",
    "overview" : "Evil Space Aliens called the Xilians unleashes all the Earth's monsters to lay waste to most of the world's major cities, including Tokyo, New York, Sydney, Shanghai and Paris. It is up to Godzilla and the Earth Defense Force to vanquish the monsters and aliens to rescue the world in the ultimate \"Save the Earth\" battle.",
    "genres" : [ {
      "id" : 28,
      "name" : "Action"
    }, {
      "id" : 12,
      "name" : "Adventure"
    }, {
      "id" : 878,
      "name" : "Science Fiction"
    }, {
      "id" : 14,
      "name" : "Fantasy"
    }, {
      "id" : 53,
      "name" : "Thriller"
    } ]
  }, {
    "id" : 15772,
    "title" : "Guru",
    "overview" : "Gurukant Desai hails from Idhar, a small village in Gujarat, but dreams of setting up his own business in Mumbai. After he returns from Turkey, he marries Sujatha for getting the dowry and arrives in Mumbai to start his business. This film chronicles the obstacles he meets, his subsequent rise and the huge backlash he receives when it is revealed that he used unethical means to rise in the business circuit.",
    "genres" : [ {
      "id" : 18,
      "name" : "Drama"
    } ]
  }, {
    "id" : 15777,
    "title" : "Crying for Love",
    "overview" : "Three girls meet by chance in a hospital. Struggling to come to terms with their fate, they all look back on a decisive moment in their life: Sara, a professional swimmer relentlessly urged on by her ambitious father, was deprived of her only real chance of happiness. Mette has left her deeply religious family, finding it too hard to bear that they have accepted her fate while she hasn't. And Stephanie has brutally rejected her boyfriend in fear of being rejected herself. Although their stories are very different, the three girls are brought together in their search for love and companionship. Based on the Oscar nominated short fiction »At Night«",
    "genres" : [ {
      "id" : 18,
      "name" : "Drama"
    } ]
  }, {
    "id" : 15782,
    "title" : "To See If I'm Smiling",
    "overview" : "Israel is the only country in the world where 18-year-old girls are drafted for compulsory military service. The frank testimonials of six female Israeli soldiers stationed in Gaza and the West Bank sees the young women revisit their tours of duty in the occupied territories, and share shocking moments of negligence, flippancy, immaturity and power-tripping.",
    "genres" : [ {
      "id" : 99,
      "name" : "Documentary"
    }, {
      "id" : 10769,
      "name" : "Foreign"
    } ]
  }, {
    "id" : 15787,
    "title" : "The Delicate Delinquent",
    "overview" : "Sidney Pythias (Jerry Lewis) is the a bumbling janitor picked up by cop Darren McGavin as a teenage gang member worth saving from delinquency. With McGavin's help, Sidney works his way through the Police Academy to become a cop too.",
    "genres" : [ {
      "id" : 35,
      "name" : "Comedy"
    } ]
  }, {
    "id" : 15792,
    "title" : "Love, Ludlow",
    "overview" : "Myra Smuldanski has done the unthinkable. After years of shunning men she accepts a date with Reginald Baron, an account executive at the office where she temps. The only man in her life up to this point has been Ludlow, Myra's bi-polar younger brother who aspires to be the next Jackson Pollack. Lud is not to happy with the new man in Myra's life and tries his best to destroy any budding relations",
    "genres" : [ {
      "id" : 35,
      "name" : "Comedy"
    }, {
      "id" : 10749,
      "name" : "Romance"
    } ]
  }, {
    "id" : 15797,
    "title" : "Only the Strong",
    "overview" : "Former Green Beret Louis Stevens returns to his hometown of Miami after completing military service in Brazil, only to learn that his old high school has become a haven for gangs and drug dealers. After Stevens uses his capoeira skills to kick several drug dealers off of the school property, Kerrigan, one of Stevens' old teachers, sees the impact that Stevens has on the students. Kerrigan gives him the task of teaching Capoeira to a handful of the worst at-risk students at the school.",
    "genres" : [ {
      "id" : 28,
      "name" : "Action"
    } ]
  }, {
    "id" : 15802,
    "title" : "Tokyo Decadence",
    "overview" : "A submissive hooker goes about her trade, suffering abuse at the hands of Japanese salarymen and Yakuza types. She's unhappy about her work, and is apparently trying to find some sort of appeasement for the fact that her lover has married.",
    "genres" : [ {
      "id" : 18,
      "name" : "Drama"
    } ]
  }, {
    "id" : 15807,
    "title" : "Air Force",
    "overview" : "The crew of an Air Force bomber arrives in Pearl Harbor in the aftermath of the Japanese attack and is sent on to Manila to help with the defense of the Philippines.",
    "genres" : [ {
      "id" : 28,
      "name" : "Action"
    }, {
      "id" : 12,
      "name" : "Adventure"
    }, {
      "id" : 18,
      "name" : "Drama"
    }, {
      "id" : 36,
      "name" : "History"
    }, {
      "id" : 10752,
      "name" : "War"
    } ]
  }, {
    "id" : 15817,
    "title" : "500 Stenkastende Autonome Voldspsykopater Fra Helvede",
    "overview" : "No overview found.",
    "genres" : [ ]
  }, {
    "id" : 15822,
    "title" : "Accused",
    "overview" : "On the surface Henrik and Nina Christofferson are an ordinary family living happily. But they have a problem. Their daughter, Stine, a difficult 14 year old, has a habit of telling lies in class. When Stine accuses her father of sexual abuse, and is believed by seemingly eager social workers, their family is thrust into crisis. Could Henrik have done it? And when Stine prepares to return home, the ugly side of family life is exposed.",
    "genres" : [ {
      "id" : 53,
      "name" : "Thriller"
    }, {
      "id" : 18,
      "name" : "Drama"
    } ]
  }, {
    "id" : 15827,
    "title" : "Cortex",
    "overview" : "Trapped in an old folks home where people keep going missing, an ex-cop must overcome his Alzheimers to find out who is killing people in this jigsaw thriller.",
    "genres" : [ {
      "id" : 53,
      "name" : "Thriller"
    } ]
  }, {
    "id" : 15837,
    "title" : "What No One Knows",
    "overview" : "When Thomas´ sister dies in an accident, he discovers that her death may be connected to their deceased father´s work in military intelligence. As Thomas embarks on an investigation he soon finds himself and his family under surveillance by an unknown group of people.",
    "genres" : [ {
      "id" : 18,
      "name" : "Drama"
    }, {
      "id" : 53,
      "name" : "Thriller"
    } ]
  }, {
    "id" : 15842,
    "title" : "Kira's Reason: A Love Story",
    "overview" : "Kira and Mads try to work out their marriage, after Kira has been two years in a mental institution, but is she really ready for the real world?",
    "genres" : [ {
      "id" : 18,
      "name" : "Drama"
    }, {
      "id" : 10749,
      "name" : "Romance"
    } ]
  }, {
    "id" : 15847,
    "title" : "Generation Model",
    "overview" : "No overview found.",
    "genres" : [ {
      "id" : 99,
      "name" : "Documentary"
    } ]
  }, {
    "id" : 15867,
    "title" : "Interiors",
    "overview" : "A look at a dysfunctional family dominated by the controlling madness of its matriarch, Eve. Her reluctant husband and their three daughters make doomed efforts to cope with Eve's demands, while also trying to get on with their own lives. But, all bets are off when an ebullient stranger enters the picture.",
    "genres" : [ {
      "id" : 18,
      "name" : "Drama"
    } ]
  }, {
    "id" : 15872,
    "title" : "Russell Brand: Live",
    "overview" : "At the Shepherd's Bush Empire, Russell Brand talks about sex and the ridiculous wording of tabloid newspaper stories.",
    "genres" : [ {
      "id" : 35,
      "name" : "Comedy"
    } ]
  } ]
}