{
  "movies" : [ {
    "id" : 276187,
    "title" : "Maria's Story",
    "overview" : "Documentary, Biographical Documentaries, Historical Documentaries - In this riveting documentary that was an official selection at the Sundance Film Festival, filmmakers Monona Wali and Pamela Cohen shadow the remarkable Maria Serrano, an El Salvadoran woman who splits her time as a wife, mother and guerrilla leader. Released some 20 years after the original footage was filmed, this anniversary edition includes an update on Serrano, her family and her country in the wake of civil war.  Alma Martinez, Edward James Olmos, María Serrano",
    "genres" : [ {
      "id" : 99,
      "name" : "Documentary"
    } ]
  }, {
    "id" : 276192,
    "title" : "The Biggest Loser Workout: Cardio Max",
    "overview" : "This includes a power-packed workout inspired by the hit TV series. Included is a 6 week program for maximum weight loss, with Level 1, 2, &amp; 3 workouts.",
    "genres" : [ ]
  }, {
    "id" : 276197,
    "title" : "Rod Z: I Ain't Lied Yet!",
    "overview" : "Comedy, Stand-Up - Laughter is often the best medicine for what ails you. With a desire to touch lives through the healing balm of humor, jokester Rod Z has created another comedic gem. In his sophomore release -- \"I Ain't Lied Yet!\" -- this funnyman of The Most High shines with energy and hilarious on-target stories that connect with and captivate his audience. Get ready for an amusing yet refreshing outlook on life; it's a real bull's eye.",
    "genres" : [ ]
  }, {
    "id" : 276202,
    "title" : "Secrets of the Deep: Ocean Phantoms",
    "overview" : "Documentary, Science and Nature Documentaries - Head far beneath the ocean's surface to explore a mysterious world where time has stood still for ages. In this dark and rarely seen region, witness an amazing variety of actual sea monsters, strange and wondrous creatures with incredible features. Captured by accomplished nature filmmakers using advanced technology, this undersea documentary provides a wonderful opportunity to visit a primordial kingdom normally inaccessible to humans.",
    "genres" : [ ]
  }, {
    "id" : 276207,
    "title" : "Battling Marshal",
    "overview" : "In one of his last film roles, legendary B-Western cowboy Sunset Carson roots out the varmints responsible for a false smallpox scare. After arriving in the small town of Quartzville, Carson determines that a crooked lawyer-and-doctor team created a false smallpox epidemic in order to seize a gold mine from an old man and his family. Carson and his friends set out to bring the villains to justice. Al Terry, Pat Starling and Lee Roberts co-star.",
    "genres" : [ {
      "id" : 37,
      "name" : "Western"
    } ]
  }, {
    "id" : 276212,
    "title" : "The Bell",
    "overview" : "According to  the  recorded narrations, 300 years ago, during the Lithuanian-Swedish war, the bell of Plateliai church belfry was taken down and was being carried over the ice of the frozen lake when the ice broke near the Castle island and the bell sank. 100 years later, an expedition of divers organized by the Count Shuazel searched for the sunken bell. It is said that they found the bell, but, for reasons unknown, they let it sink again. It is also said that the sound of the sunken bell can be heard from the depths of the lake. A film crew together with a team of divers organized an expedition in the summer of 2006 to trace the sunken bell.",
    "genres" : [ ]
  }, {
    "id" : 276217,
    "title" : "The Cure: Rock Case Studies",
    "overview" : "Music &amp; Musicals, Rockumentaries, Rock &amp; Pop, Modern &amp; Alternative Rock - Featuring performance footage and commentary from musicians, fans and critics, this in-depth analysis of alternative rock band the Cure examines the influence of the unique group that came of age in the post-punk era and continues to draw fans today. A rare archival interview with lead singer Robert Smith sheds light on the Cure's music and history, and footage of the band's performance on British show \"The Tube\" provides a special treat.",
    "genres" : [ ]
  }, {
    "id" : 276222,
    "title" : "The Decline: Lost Across America",
    "overview" : "Sports &amp; Fitness, Water Sports, Surfing &amp; Boardsports - The second installment of the Lost Across America series covering the United States and its most noteworthy surf spots profiles a lineup of talented athletes who've managed to stay on the cultural fringe. Featured surfers in California, New York, Hawaii and the Outer Banks include Aaron Cormican, John Robertson, Cory and Shea, Flip Bellinzoni, Randall, Dean Randazzo, Dustin Ray, Col. Volland, Justin Matteson and Majica the surfing dog.",
    "genres" : [ ]
  }, {
    "id" : 276227,
    "title" : "Quadro Pink",
    "overview" : "When terrorists strike, President George \"Dubya\" Bush (Eddie \"Ed\" O'Brien) and Dick Cheney (Vince Clark) turn to a beautiful foursome -- Wellen Dowd (director Carrie Cain Sparks), Curvay Bootay (Cassandra Cade), Mi Lei Yew (Jane Lee) and Dime Bag (Karalee Austin) -- to root out evil and capture Ben Flatten (Frank Gorgie). With their collective smarts and a little sass, the girls work to turn the terror level from red to pink.",
    "genres" : [ ]
  }, {
    "id" : 276232,
    "title" : "Ribbits!: The Hero of Hopper's Landing",
    "overview" : "Little Tad is sick and tired of being picked on by Bully Frog and all his mean friends. He really wishes he could win the frog-jumping contest at the annual fair to show them he's not so little. Although Tad trains hard for the contest, he soon realizes that he simply isn't big enough just yet. That sneaky snake Cottonmouth convinces Tad he  is big enough and can become the \"hero of Hopper's Landing,\" but Cottonmouth isn't telling the truth.",
    "genres" : [ {
      "id" : 16,
      "name" : "Animation"
    } ]
  }, {
    "id" : 276237,
    "title" : "Testigo en Esperanza",
    "overview" : "Relying on rare historical stills, archival film and original location footage shot in Rome and Poland, this Spanish-language documentary chronicles the personal life and struggles of Pope John Paul II, aka Karol Wojtyla, the first non-Italian to be elected pontiff in more than 450 years. The film, which originally aired on American public television under the title Witness to Hope, is based on the book by George Weigel.",
    "genres" : [ ]
  }, {
    "id" : 276247,
    "title" : "Undeniable: The Rise of Dwyane Wade",
    "overview" : "Sports &amp; Fitness, Basketball, Sports Documentaries - Selected fifth in the 2003 draft by the Miami Heat, hoopster Dwyane Wade has more than fulfilled his promise in the intervening years. This program documents the path Wade followed to achieve greatness. From learning the game in Illinois and patterning his play after idol Michael Jordan through his time as an overlooked high school star, his rise to prominence at Marquette and his explosive NBA debut, Wade's journey is revealed.",
    "genres" : [ {
      "id" : 99,
      "name" : "Documentary"
    } ]
  }, {
    "id" : 276252,
    "title" : "Veer Yodha Prithviraj Chauhan",
    "overview" : "Dazzling animation brings to life this timeless story of India's kings. When Muhammed Ghori, ruthless leader of Ghazni, learns of the wealth of neighboring Delhi, he sets out to claim it for his own. But he doesn't count on Delhi's king, Prithviraj Chauhan, who repels 16 attacks by Ghori and his army. Furious, the deceitful Ghori schemes to bring Chauhan to his knees at any cost. Sanjeev Jaiswal, J.P. Sharma and Amar Babaria provide voices.",
    "genres" : [ ]
  }, {
    "id" : 276257,
    "title" : "Arputham",
    "overview" : "In this affecting drama, Lawrence Raghavendra stars as irresponsible Ashok, who likes to party hearty with his friends -- using daddy's hard-earned cash -- until he meets a staid woman who transforms his life. To win the heart of beautiful Priya (played by Anu Prabhakar), Ashok changes his ne'er-do-well ways and becomes a hard-working, successful businessman. The only trouble is, Priya loves another man.",
    "genres" : [ ]
  }, {
    "id" : 276262,
    "title" : "Diwangi Ne Had Kar Di",
    "overview" : "When Priya, the daughter of a powerful crime lord, falls in love with Raj, the son of one of the city's most respected prosecutors, the girl's angry father responds by ordering a series of killings and promptly framing Raj for the crimes.",
    "genres" : [ ]
  }, {
    "id" : 276267,
    "title" : "Game Recognize Game: An Unauthorized Biography",
    "overview" : "The life of Grammy-nominated rapper the Game is chronicled in this hourlong documentary that tells of his rise from violent street gangs and drug dealing to the top of the music charts with hits such as \"Hate It or Love It.\" Get an intriguing glimpse at the man behind the rap, from his early family life to his stint in foster care, from his brush with death to the release of his multiplatinum album \"The Documentary.\"",
    "genres" : [ ]
  }, {
    "id" : 276272,
    "title" : "Jane Goodall's Wild Chimpanzees",
    "overview" : "Showcased in beautiful IMAX format, this documentary takes viewers into the hearts, minds and world of chimpanzees as it profiles legendary scientist Dr. Jane Goodall's work among the chimps at Gombe Park on Africa's Lake Tanganyka. Dr. Goodall and other researchers give us an up-close look at the daily lives of the Gombe chimp families -- Fifi and sons Freud and alpha male Frodo, along with Gremlin, Gaia and the endearing Galahad.",
    "genres" : [ ]
  }, {
    "id" : 276277,
    "title" : "La Belle Visite",
    "overview" : "Deep in the Quebec countryside, a once prosperous motel had fallen into disrepair before being turned into a retirement home. This thoughtful documentary explores the lives of its residents and how aging has altered the meaning of time for them. Quietly and without comment, director Jean-François Caissy follows 24 seniors over the course of five seasons, showing how their daily routines have become both very fixed and incredibly meaningful.",
    "genres" : [ ]
  }, {
    "id" : 276282,
    "title" : "Mary Pickford: A Life on Film",
    "overview" : "Arguably the quintessential film siren of the silent era, Mary Pickford was known as \"America's Sweetheart.\" This documentary explores Pickford's life beyond the screen, as a writer, producer, director and keen businesswoman who co-founded United Artists. Narrated by Whoopi Goldberg and featuring clips of Pickford's movies, the film offers insight from historians, film critics (including Leonard Maltin) and silver-screen stars such as Janet Leigh and Roddy McDowall.",
    "genres" : [ ]
  }, {
    "id" : 276287,
    "title" : "Dead Leaves",
    "overview" : "Drama - Devastated by his girlfriend's (Beth Gondek) sudden death, Joey (Haim Abramsky) tries to keep her spirit alive by carting her corpse along with him on an interstate road trip. But when his lover's body begins to decompose, Joey's morbid journey only serves to make his loss more painful. Los Angeles-based director Constantin Werner makes his feature debut with this dark, brooding tale of undying love. -  Haim Abramsky, Beth Gondek, Ken Cypert",
    "genres" : [ ]
  }, {
    "id" : 276292,
    "title" : "Desert of Blood",
    "overview" : "Horror - Buried beneath the Mexican desert for 50 years, vampire Luis Diego (Justin Quinn) wakes with a thirst for vengeance when a treasure hunter unearths him. But after falling for a beautiful mortal (Brenda Romero), he begins to believe he may have a second chance at life and love. While trying to quell his inner demons, however, the lovelorn bloodsucker finds that the monster within is not so easily subdued. -  Justin Quinn, Brenda Romero, Naím Thomas",
    "genres" : [ {
      "id" : 27,
      "name" : "Horror"
    } ]
  }, {
    "id" : 276297,
    "title" : "Lecciones para un beso",
    "overview" : "A young boy falls in love with a stunning girl, who simply ignores him. But, three men with different strategies in the art of love (romance, lies and money), come to the rescue to try to lead the young boy to his dream: a kiss on the lips.",
    "genres" : [ ]
  }, {
    "id" : 276302,
    "title" : "Vans Warped Tour 2002",
    "overview" : "This rockin' concert video chronicles the 2002 incarnation of the popular Warped Tour, an ongoing traveling punk rock/ska/skateboarding/BMX extravaganza that started in 1993. Features live performances of bands such as New Found Glory, Bad Religion, Something Corporate and many others, plus skate and BMX competitions and footage of life backstage during the tour.",
    "genres" : [ ]
  }, {
    "id" : 276307,
    "title" : "Yauwan",
    "overview" : "When a young woman's health is threatened, her family seeks answers from physicians -- who suggest that her illness's origins are psychological. As her condition soon worsens, her desperate family finds a psychiatrist who helps her, and she gradually improves. In the process, the patient and the doctor fall madly in love in director Ranjan Bose's romantic yarn starring Yogeeta Bali, Anil Dhawan and Sujit Kuma.",
    "genres" : [ ]
  }, {
    "id" : 276312,
    "title" : "You Only Die Once",
    "overview" : "In this campy send-up of the James Bond flicks, evil Blofelch Industries plots to rule the world by supplying the antidote for an impotence-causing virus -- which the company unleashed. It's up to Lames Blond (John Wardlaw), aka Agent Double O Zero, and CIA operative Felix Heavier (Bill Garst) to scotch the villainous plan. Along the way, the duo battles the malevolent Mr. Cowabunga and seductress Sherly Bilt (Suzannah LeGault).",
    "genres" : [ ]
  }, {
    "id" : 276317,
    "title" : "A Hole in a Fence",
    "overview" : "The changing face of Red Hook -- a one-of-a-kind neighborhood in Brooklyn, N.Y. -- is the subject of this rich examination of city living by filmmaker D.W. Young. The documentary peeks in on an urban farm run by local kids; an uphill struggle to save a portion of the waterfront; the infamous arrival of an IKEA store; and more. The film was an official selection at the 2008 San Francisco International Documentary Film Festival.",
    "genres" : [ {
      "id" : 99,
      "name" : "Documentary"
    } ]
  }, {
    "id" : 276322,
    "title" : "In the Name of the Family",
    "overview" : "Documentary - A hard-hitting look at the rise of \"honor killings\" among immigrant families in North America, this unsettling documentary profiles the senseless deaths of several teenage girls, who tragically perished at the hands of their own family members. With a passion for exploring human rights issues, filmmaker Shelley Saywell showcases powerful interviews with relatives, friends and other young women facing similar fears in their homes. -  Patricia Owens, Amina Said, Sarah Said",
    "genres" : [ ]
  }, {
    "id" : 276327,
    "title" : "Ballet Shoes",
    "overview" : "The Fossil girls (Elizabeth Morgan, Jane Slaughter and Sarah Prince) lead a sheltered life with their guardian (Angela Thorne), who struggles to make ends meet in this Emmy Award winner for Outstanding Children's Special. When the girls are accepted to ballet school, life becomes a whirl of classes and rehearsals -- until yet another financial crisis threatens their future. Now, the girls must combine their talents to accomplish their goals.",
    "genres" : [ ]
  }, {
    "id" : 276332,
    "title" : "Duane Incarnate",
    "overview" : "Surrounded by three gorgeous girlfriends (Caroleen Feeney, Kristen Johnston and Cynthia Watros) who are involved in satisfying relationships, the ever-single Wanda (Crystal Bock) is used to feeling left out. So, when she finally meets the man of her dreams -- a handsome and successful stranger named Duane (Peter Hermann) -- she can't wait to share the news with her friends. The trouble is, they refuse to believe her!",
    "genres" : [ ]
  }, {
    "id" : 276337,
    "title" : "Big Deal on Madonna Street: 20 Years Later",
    "overview" : "Two decades after their first \"big deal\" landed them in jail, the original gang of Italian thieves is back in action. Peppe \"The Panther\" (Vittorio Gassman) already has a new job lined up, but his pal Tiberio (Marcello Mastroianni) doesn't want anything to do with it. After a series of bad breaks and mishaps, they get a run of luck that just about puts them in the clear, setting them up to enjoy the life they've been dreaming about.",
    "genres" : [ ]
  }, {
    "id" : 276342,
    "title" : "Candido: Hands of Fire",
    "overview" : "Packed with plenty of captivating performance footage, director Ivan Acosta's documentary shines the spotlight on Candido Camero's invaluable contribution to Cuban music, American jazz and Latin jazz. One of the greatest Cuban percussionists to immigrate to the United States, Camero has played with such legendary musicians as Tony Bennett, Dizzy Gillespie, Tito Puente, Charlie Parker, Duke Ellington, Ray Charles and John Coltrane.",
    "genres" : [ ]
  }, {
    "id" : 276347,
    "title" : "Concert in Versailles",
    "overview" : "Laurent Petitgirard conducts the French Symphonic Orchestra in this 1995 concert from Trianon Palace in Versailles, with violinist Sung Sic Yang and pianist Kun Woo Paik as the featured soloists. Pieces include Beethoven's \"Concerto for Piano and Orchestra no. 4 in G Major, op. 58,\" Brahms's \"Concerto for Violin and Orchestra in D Major, op. 77\" and Saint-Saëns's \"Introduction and Rondo Capriccioso for Violin and Orchestra in A Minor, op. 28.\"",
    "genres" : [ ]
  }, {
    "id" : 276352,
    "title" : "Crisis at the Castle",
    "overview" : "The owners of three magnificent examples of British architecture are faced with pivotal decisions about how to preserve the family home in the face of crumbling infrastructures, fading public attention and exponentially rising expenses.",
    "genres" : [ ]
  }, {
    "id" : 276357,
    "title" : "Grave Danger",
    "overview" : "Home alone, Becky (Debbie Kopacz) is already on edge from a night of watching scary movies when an anonymous caller takes her terror to the brink by forcing her to trade spooky stories with him in this Jim Haggerty-helmed horror flick. Tales of murderous ventriloquist dummies, housewives ensnared by voodoo and more follow in an agonizing game of one-upmanship that could end up with Becky dead. Cathy St. George and Vic Martino co-star.",
    "genres" : [ {
      "id" : 35,
      "name" : "Comedy"
    }, {
      "id" : 27,
      "name" : "Horror"
    } ]
  }, {
    "id" : 276362,
    "title" : "Huey P. Newton: Prelude to Revolution",
    "overview" : "Hear the inside story of Huey Newton and the Black Panthers with this documentary that examines their efforts to promote the rights of African Americans as well as the organization's violent tactics, including the killing of a police officer. The film features a rare jailhouse interview with Newton discussing the role of revolution and civil disobedience, plus footage of several Panthers' bullet-riddled homes following police raids.",
    "genres" : [ ]
  }, {
    "id" : 276367,
    "title" : "Next Door to the Velinsky's",
    "overview" : "When James Marshall runs into his childhood friend Ruby Taylor -- who's lost her memory in a car accident -- he tries to help her remember her past. But he soon finds himself facing his own terrifying secrets that he's tried to repress.",
    "genres" : [ ]
  }, {
    "id" : 276372,
    "title" : "Loop Dreams: The Making of a Low-Budget Movie",
    "overview" : "Directed by Harvey Hubbell V, this small-scale documentary offers an insider's look at what it's really like to make a movie on a shoestring budget, focusing on the cast and crew of a thriller called BlackMale (2000). But perhaps more interesting than the film's plot -- which follows a pair of con men who try to blackmail a doctor they believe to be a serial killer -- is the behind-the-scenes drama Hubbell captures.",
    "genres" : [ ]
  }, {
    "id" : 276377,
    "title" : "Loretta LaRoche: How Serious Is This?",
    "overview" : "Putting it all into perspective, stress management expert Loretta LaRoche reveals how we hinder our lives by the irrational stresses we create. By learning how we employ ridiculous patterns of thinking to deal with stress, we can then move on to \"the joy of living.\" LaRoche shows viewers how to get back on a sensible path through simple breathing exercises and exaggeration therapy, whereby one's debilitating worries are recast in a new light.",
    "genres" : [ ]
  }, {
    "id" : 276382,
    "title" : "MacShayne: The Final Roll of the Dice",
    "overview" : "Reformed con man Jack MacShayne (Kenny Rogers) is back, this time as the head of security at the Las Vegas hotel he stayed at in MacShayne: Winner Takes All. As part of his new job, he's charged with protecting a variety of distinguished guests, from the kleptomaniac grandson of the hotel's CEO to the lounge singer whose ex-husband shows up dead. Meanwhile, a senatorial candidate is relying on MacShayne to keep him safe from a deadly hit man.",
    "genres" : [ ]
  }, {
    "id" : 276387,
    "title" : "Shikhar",
    "overview" : "Drama - Opposing ideologies are at the heart of this offbeat tale directed by John Mathew Matthan. On one side of the debate is greedy, conniving businessman Gaurav Gupta (Ajay Devgan), who values money above all else; on the other side stands industrial tycoon Srinath Vardhan (Javed Sheikh), who believes in using wealth to benefit society. Caught in the cross fire, unfortunately, is Vardhan's susceptible son, Jaidev (Shahid Kapoor). -  Ajay Devgn, Shahid Kapoor, Bipasha Basu",
    "genres" : [ {
      "id" : 18,
      "name" : "Drama"
    } ]
  }, {
    "id" : 276392,
    "title" : "China Circus on Ice",
    "overview" : "For more than a half a century, the Heilongjiang Acrobatic troupe kept audiences on the edge of their seats with a contemporary spin on traditional Chinese acrobatics. Then, the company's artistic director had an idea: Put the act on ice. Follow a group of graduates from the Wuqiao School of Acrobatic Arts as they train for the troupe's upcoming Aurora on Ice tour during the obstacle-filled preparations for their big opening night in Taipei.",
    "genres" : [ ]
  }, {
    "id" : 276397,
    "title" : "The Art of the Game",
    "overview" : "The Art of the Game documents a cultural shift in the entertainment people enjoy by following a group of college students as they compete for a job in the increasingly influential video game industry. Through a series of interwoven stories, the film explores the passion, creativity, and change taking place in interactive entertainment, and its oftentimes misunderstood artistic culture. [from imdb]",
    "genres" : [ ]
  }, {
    "id" : 276402,
    "title" : "The Pointer Sisters Live in Concert",
    "overview" : "With a string of chart-topping hits like \"Jump,\" \"Neutron Dance,\" \"Yes We Can Can\" and \"I'm So Excited,\" the Pointer Sisters are among the biggest pop acts of '70s, '80s and '90s, captured here in 2004 at the Alberta Bair Theatre in Billings, Mont. The Grammy Award-winning \"sisters\" demonstrate that they're still capable of bringing down the house with the best of them. Selections include \"Happiness,\" \"Automatic\" and \"Slow Hand.\"",
    "genres" : [ ]
  }, {
    "id" : 276407,
    "title" : "Best of Subhash Ghai Hits: Vol. 1",
    "overview" : "Memorable song-and-dance routines from such hit films as Karz, Taal, Pardes and Karma are brought together in this entertaining collection showcasing the work of Subhash Ghai, a well-respected Bollywood director, producer, writer and actor. Included in this volume are \"Ding Dong O Baby Sing a Song\" from Hero, \"Bikta Hai Sona Mitti Ke Mol\" from Trimurti, \"Choli Ke Peeche Kya Hai\" from Khalnaak and many more.",
    "genres" : [ ]
  }, {
    "id" : 276412,
    "title" : "Big Dogs / Little Dogs",
    "overview" : "Man's best friend comes in all shapes and sizes, from teacup poodles to mountainous mastiffs. This entertaining look at domesticated canines follows the history of the relationship between humans and dogs, traces the origins of the most popular breeds from big to small, features training tips from doggie experts, digs into the reasons behind Fido's more peculiar habits and sniffs out the huge profits behind the billion-dollar dog industry.",
    "genres" : [ ]
  }, {
    "id" : 276417,
    "title" : "Ex$pendable",
    "overview" : "Police informant Raffy-el thinks he's gotten the upper hand on cops and crooks alike when he obtains a master list of all the snitches the Philadelphia police have working for them. Instead, he discovers he's been played. Now he and his brother, Salim, must elude the corrupt cops and fellow criminals who are hunting them down.",
    "genres" : [ ]
  }, {
    "id" : 276422,
    "title" : "Calling All Coyotes 2",
    "overview" : "Hunting expert Randy Anderson returns with another installment of his instructional hunting program, using this entry to focus on the best strategies and techniques to lure female coyotes in for a clean shot. Joined by fellow hunters Tal Lockwood, Rick Paillet, Dan Thompson and former South Dakota state trapper Dave Tatum, Anderson demonstrates the proper use of the Fox Pro Digital Electronic Caller in combination with a female coyote decoy.",
    "genres" : [ ]
  }, {
    "id" : 276427,
    "title" : "When Tat Fu Was Young",
    "overview" : "In 1913, 17-year-old Dafu travels from China to Japan to study. Japan is on the rise, a nation of proud people. China, on the other hand, is in turmoil. Dafu takes his demanding courses and racial discrimination in stride, but he finds his nascent manhood difficult to handle. In a hot-springs spa, he meets Lung Erh, his dream girl, but she soon disappears.",
    "genres" : [ ]
  }, {
    "id" : 276432,
    "title" : "The Story of Mariama",
    "overview" : "Part of the Film Project Gambia.",
    "genres" : [ {
      "id" : 18,
      "name" : "Drama"
    } ]
  }, {
    "id" : 276437,
    "title" : "L'Italiana in Algeri",
    "overview" : "Live performance from the Schwetzinger Festspiele, 1987. At the age of 21, Italian composer Giacchino Rossini penned the masterful comic opera L'ITALIANA IN ALGERI (The Italian Girl in Algiers) in less than a month. The composer's youthful exuberance comes across in this infectious 1987 performance. Though she's known mainly for her Wagner roles, acclaimed German mezzo-soprano Doris Soffel shines in the title role of Isabella. Ralf Weikert conducts, and Mauro Pagano oversees sets and costumes.",
    "genres" : [ {
      "id" : 10402,
      "name" : "Music"
    } ]
  }, {
    "id" : 276442,
    "title" : "Len Horowitz: Emerging Viruses: Aids, Ebola & Vaccinations",
    "overview" : "In this fascinating exposé, Dr. Len Horowitz investigates the genesis of the AIDS and Ebola viruses, debunking the premise that they jumped species from monkeys to humans. Horowitz contends that the pathogens are manmade and spread from contaminated vaccines in the United States and Africa. His genocidal theory on AIDS sheds a shocking light on the potential political motives that may be at the root of this deadly disease.",
    "genres" : [ ]
  }, {
    "id" : 276447,
    "title" : "Draupadi & Shankuntala",
    "overview" : "These two animated tales draw from the ancient Indian Sanskrit epic the Mahabharatha, telling the stories of Princess Draupadi and the beautiful Shakuntala. The common wife of the five Pandava brothers, Draupadi is devoted to Lord Krishna, who protects her from humiliation by the Kauravas. Shakuntala marries King Dusyanta, but the two are immediately separated. Soon, a sage's curse causes Dusyanta to forget about the existence of his bride.",
    "genres" : [ ]
  }, {
    "id" : 276452,
    "title" : "Foghat: The Millennium Tour",
    "overview" : "Known for delivering blues-infused rock with an American soul, the British band Foghat topped 1970s charts with classic hits such as \"Slow Ride,\" \"Stone Blue,\" \"Sweet Home Chicago\" and \"I Just Want to Make Love to You.\" This 1999 performance, filmed live during front man Dave Peverett's final tour before his premature death in 2000, also includes rare interviews with band members and backstage footage.",
    "genres" : [ {
      "id" : 10402,
      "name" : "Music"
    } ]
  }, {
    "id" : 276457,
    "title" : "Seeing the Scientific Light",
    "overview" : "Learn about the many fascinating uses of spectroscopy -- the measurement of matter interacting with light -- in this engrossing educational program geared toward advanced high school students and college undergraduates. Scientists use spectroscopy to study the history and composition of the universe, predict the future of the universe, monitor weather and make medical diagnoses with tools including the MRI.",
    "genres" : [ ]
  }, {
    "id" : 276462,
    "title" : "The Little Red Truck",
    "overview" : "Producer Pam Voth and director Rob Whitehair's heartwarming documentary charts the travels of the Missoula Children's Theatre Little Red Truck, a touring theater group that moves from city to city to put on productions cast with local kids. For over 30 years, MCT has moved from one U.S. town to the next, recruiting children from the area to join them in taking on the feat of mounting a full-scale, one-hour musical in one week's time.",
    "genres" : [ {
      "id" : 99,
      "name" : "Documentary"
    } ]
  }, {
    "id" : 276477,
    "title" : "The Man Who Cracked The Nazi Code - The Story Of Alan Turing",
    "overview" : "",
    "genres" : [ {
      "id" : 99,
      "name" : "Documentary"
    } ]
  }, {
    "id" : 276482,
    "title" : "JDM Option International: Volume 15 - 2005 D1 Tokyo Night Stage",
    "overview" : "The Odaiba parking lot was cleared off as the 500hp drift machines replaced the wandering shopping carts for the 2005 D1 Grand Prix round 2. It's that time of yeah when the grandstands rise above the scenery and ten thousand JDM fans fight their way through the gates to experience the infamous D1 night battle session.  It's ALIVE!! Kumakubo's 500hp FR Impreza produced by JUN Auto received its first breath of life. How will JUN's extensive tuning knowledge affect it's first attempt at a drift machine? Orido's remastered RS8R Supra also makes its appearance after mending it's wounds from the first battle!",
    "genres" : [ {
      "id" : 99,
      "name" : "Documentary"
    } ]
  }, {
    "id" : 276487,
    "title" : "Another Man's Garden",
    "overview" : "Sofia, a young girl in Mozambique who is studying to be a doctor, finds that her professor wants more from her than hard work. An unwillingness to compromise her values and potentially her health, may cost her a place there.",
    "genres" : [ {
      "id" : 18,
      "name" : "Drama"
    } ]
  }, {
    "id" : 276502,
    "title" : "Take Me To Pitcairn",
    "overview" : "Seduced by tales of endurance, villainy and adventure, one man attempts to re-trace the romantic voyages of the most infamous fugitives in British naval history. However, he soon discovers he is not alone on an emotional quest to reach one of the most remote islands in the world.",
    "genres" : [ {
      "id" : 99,
      "name" : "Documentary"
    } ]
  }, {
    "id" : 276512,
    "title" : "Les Trafiquants de la mer",
    "overview" : "A gang of drug pushers is rampant on the French Riviera. The police has been informed and arrests an accomplice who is about to collect the drugs dropped off from a yacht. This person happens to be a public figure of a nearby village...",
    "genres" : [ {
      "id" : 80,
      "name" : "Crime"
    }, {
      "id" : 12,
      "name" : "Adventure"
    } ]
  }, {
    "id" : 276517,
    "title" : "Piège pour Cendrillon",
    "overview" : "Based on Sébastien Japrisot's novel, the story revolves around a young girl who suffers from amnesia after surviving a terrible fire.",
    "genres" : [ {
      "id" : 53,
      "name" : "Thriller"
    }, {
      "id" : 9648,
      "name" : "Mystery"
    } ]
  }, {
    "id" : 276522,
    "title" : "The Last Gateway",
    "overview" : "Michael and Marianne recently married and moved into their new home, however they have come to discover that their peaceful lives are about to be turned upside down when Michael starts suffering from severe stomach pains. They will soon discover that the pain comes from a miscalculation made by Victor, a demonologist who has just opened a portal to hell in Michael's stomach. Now both Michael and Marianne have to run from dangerous people who are after this gate while facing horrific creatures that are escaping from the portal that Michael carries in his body. They will soon arrive to a deserted town, which will be plagued with monsters and death. Will Michael find a way out before it is too late?",
    "genres" : [ {
      "id" : 878,
      "name" : "Science Fiction"
    } ]
  }, {
    "id" : 276527,
    "title" : "Miners Shot Down",
    "overview" : "In August 2012, mineworkers in one of South Africa’s biggest platinum mines began a wildcat strike for better wages. Six days later the police used live ammunition to brutally suppress the strike, killing 34 and injuring many more. Using the point of view of the Marikana miners, Miners Shot Down follows the strike from day one, showing the courageous but isolated fight waged by a group of low-paid workers against the combined forces of the mining company Lonmin, the ANC government and their allies in the National Union of Mineworkers.",
    "genres" : [ {
      "id" : 99,
      "name" : "Documentary"
    } ]
  }, {
    "id" : 276532,
    "title" : "Lies He Told",
    "overview" : "A charming military man arranges his own disappearance and death in order to begin a new life with a woman who is completely deceived by his lies. Bored by his military career and secure lifestyle with his wife, Cindy, and two children, Dave Bay falls in love with Alyson and plots a new existence. This new, deceptive life includes bank robberies committed as a desperate means to support his new family and hide his past. Inspired by actual events.",
    "genres" : [ ]
  }, {
    "id" : 276537,
    "title" : "The Last Man on the Moon",
    "overview" : "The 1960s was an extraordinary time for the United States. Unburdened by post-war reparations, Americans were preoccupied with other developments like NASA, the game-changing space programme that put Neil Armstrong on the moon. Yet it was astronauts like Eugene Cernan who paved the uneven, perilous path to lunar exploration. A test pilot who lived to court danger, he was recruited along with 14 other men in a secretive process that saw them become the closest of friends and adversaries. In this intensely competitive environment, Cernan was one of only three men who was sent twice to the moon, with his second trip also being NASA’s final lunar mission. As he looks back at what he loved and lost during the eight years in Houston, an incomparably eventful life emerges into view. Director Mark Craig crafts a quietly epic biography that combines the rare insight of the surviving former astronauts with archival footage and otherworldly moonscapes.",
    "genres" : [ {
      "id" : 18,
      "name" : "Drama"
    }, {
      "id" : 99,
      "name" : "Documentary"
    }, {
      "id" : 36,
      "name" : "History"
    } ]
  }, {
    "id" : 276542,
    "title" : "Shield and Spear",
    "overview" : "In the changing political climate of South Africa a revolution is taking place as artists, musicians and designers tackle issues of politics, race and history. This newest film by director Petter Ringbom follows some of the most recognized artists in South Africa today, exploring what it means to live and work in the new democracy. Artist Brett Murray’s painted caricature of South African president Jacob Zuma results in a lawsuit and death threats. Photographer and activist Zanele Muholi’s work exposes hate crimes in the LGBT community. The Smarteez design collective creates international styles while running a free after-school program for kids. Musician Xander Ferreira of Gazelle parades on stage as a character based on an archetypal African dictator. Shield and Spear presents intimate stories about the artists, art, music, identity, race and freedom of expression in South Africa 20 years into democracy.",
    "genres" : [ ]
  }, {
    "id" : 276547,
    "title" : "Buddy Rich: Jazz Legend: 1917-1987",
    "overview" : "Narrated by Mel Torme, this retrospective showcasing jazz icon Buddy Rich is packed with rare performance footage, interviews and behind-the-scenes clips. The collection features the legendary musician in a remarkable drum duel with Gene Krupa and performing with the Artie Shaw, Harry James and Tommy Dorsey bands. Commentary from Rich, his daughter and various friends sheds light on the life and work of this musical genius.",
    "genres" : [ ]
  }, {
    "id" : 276557,
    "title" : "Anne Murray in Jamaica",
    "overview" : "Grammy-winning country-pop chanteuse Anne Murray takes to the sunny Jamaican stage to perform some of her most memorable songs, including \"Let Your Love Flow,\" \"I Can See Clearly Now,\" \"On and On,\" \"You Needed Me\" and \"Why Oh Why.\" As an added bonus, Murray is by several talented friends -- among them, Valerie Harper, Ruth Buzzi and the Joymakers.",
    "genres" : [ ]
  }, {
    "id" : 276562,
    "title" : "One Rogue Reporter",
    "overview" : "Rich Peppiatt delivers a satirical dissection of the newspaper trade by turning the tables on unscrupulous editors. Through a series of mischievous stunts and interviews with heavyweights of journalism, comedy &amp; politics, Peppiatt hilariously exposes the hypocrisy at the heart of modern journalism.",
    "genres" : [ {
      "id" : 35,
      "name" : "Comedy"
    }, {
      "id" : 99,
      "name" : "Documentary"
    } ]
  }, {
    "id" : 276567,
    "title" : "Frankenstein",
    "overview" : "A scientist brings his dead wife back to life, only to find she's now a sex-hungry monster.",
    "genres" : [ ]
  }, {
    "id" : 276572,
    "title" : "The Pinocchio Effect",
    "overview" : "Comedy, Spoofs and Satire - Loosely inspired by the timeless tale of Pinocchio, the wooden boy whose nose grows every time he tells a lie, this sexually charged bedtime story for adults follows the misadventures of a man blessed with an uncommon appendage between his legs. In a convoluted plot involving angels, God and a talking penis, Tom sets out to win the woman of his dreams but must first learn to master his own member.",
    "genres" : [ ]
  }, {
    "id" : 276577,
    "title" : "The Technical Writer",
    "overview" : "Drama - Slim (Tatum O'Neal) and her husband, Joe (William Forsythe), live in a posh Manhattan apartment building. Also a resident is Jessop (Michael Harris), a hermit whom Slim can't wait to integrate into her circle of friends, which happens to be known for its swinging lifestyle. Jessop isn't interested, but Slim eventually changes his mind -- and manages to seduce him, to boot. Just as soon as she reels him in, however, she spits him right back out. -  Michael Harris, Tatum O'Neal, William Forsythe",
    "genres" : [ ]
  }, {
    "id" : 276582,
    "title" : "Top Hat and Tales: Harold Ross and the Making of the New Yorker",
    "overview" : "Documentary - \"Top Hat and Tales\" chronicles the early years of The New Yorker, from its fledging beginnings under its legendary creator and editor Harold Ross, to its rise as an indispensable American institution. -  Roy Blount Jr., Stuart Hemple, John Updike",
    "genres" : [ {
      "id" : 99,
      "name" : "Documentary"
    } ]
  }, {
    "id" : 276587,
    "title" : "Mohr und die Raben von London",
    "overview" : "London in 1856. Karl Marx is living in exile in the British capital. One day, \"Mohr\", as Marx is called by his friends, meets the 13-year old worker′s son Joe. The boy works every day for twelve hours in a spinning mill and even has to work night shifts although that violates current rules. Marx tries to end the illegal activities of the spinning mill owner and one night shows up at the mill together with an inspector. But his foray is undermined by a robbery by the rebellious raven gang that is led by Joe′s brother Billy. The spinning mill owner of course takes this chance to blame his young workers for the theft. But Marx is not let astray and does not stop to fight against child labour. Furthermore, he tries to get the members of the raven gang back on the straight and narrow – with success.",
    "genres" : [ {
      "id" : 10751,
      "name" : "Family"
    }, {
      "id" : 18,
      "name" : "Drama"
    }, {
      "id" : 36,
      "name" : "History"
    } ]
  }, {
    "id" : 276592,
    "title" : "Wordz: A Longboarding Lexicon",
    "overview" : "Combine some of earth's most gorgeous locations -- such as the Canary Islands, Rincon and Waikiki -- with the best longboard action anywhere, and what do you have? \"Wordz.\" See profiles and interviews with hot surfers such as Colin McPhillips, Titus Kinimaka, Alex Knost, Joel Tudor, Summer Romero, Mary Bagalso and Kassia Meador, all backed by a killer soundtrack that sets the mood from mellow to hyper. Every longboard freak needs to see this film.",
    "genres" : [ ]
  }, {
    "id" : 276597,
    "title" : "The Investigation",
    "overview" : "Tells the true story of a bungled and obstructed police manhunt for a serial killer who could and should have been imprisoned after his first crime. Two young RCMP officers, each separately investigating a rape and murder, captured the culprit, but because of legal red tape, jurisdictional chaos and incompetence, the suspect was allowed to continue his rampage until he was finally arrested and imprisoned - several murders later.",
    "genres" : [ {
      "id" : 53,
      "name" : "Thriller"
    } ]
  }, {
    "id" : 276602,
    "title" : "Jose Carreras Collection: A Bolshoi Opera Night",
    "overview" : "Legendary tenor Jose Carreras hosts this gala evening of aria music boasting 11 of the world's greatest opera voices, recorded live at Moscow's Bolshoi Theatre in 1989. Highlights include soprano Lucia Aliberti singing \"Ah Se una Volta Sola\" from Vincenzo Bellini's \"La Sonnambula\" and baritone Hermann Prey's performance of \"Lied an den Abendstern\" from Richard Wagner's \"Tannhauser.\"",
    "genres" : [ ]
  }, {
    "id" : 276607,
    "title" : "Lena will es endlich wissen",
    "overview" : "",
    "genres" : [ {
      "id" : 18,
      "name" : "Drama"
    } ]
  }, {
    "id" : 276612,
    "title" : "Of Cows and People",
    "overview" : "Milan and Silvana live in Medulin, a small coastal town in Croatia. Milan rears cows on the nearby island of Finera, tending them daily, as many did before him. But Silvana wants much more and keeps complaining that Milan should pay more attention to their house and possibly rent it to tourists. However, a dramatic event in Milan's life will clearly show that the times have changed and they are not getting any younger.",
    "genres" : [ {
      "id" : 99,
      "name" : "Documentary"
    } ]
  }, {
    "id" : 276617,
    "title" : "L'ami Hollandais",
    "overview" : "The friendship between the world-famous French writer André Gide and the Dutch writer and Communist Jef Last provides a picture of the political and cultural climate in Europe in the 1930s.\r During a journey they made together through the Soviet Union, Jef Last was increasingly influenced by the critical attitude of André Gide and came to the realisation that there was no point in clinging on to an ideal that demanded increasing personal sacrifices.",
    "genres" : [ {
      "id" : 99,
      "name" : "Documentary"
    } ]
  }, {
    "id" : 276622,
    "title" : "Palazzo delle aquile",
    "overview" : "The film is the everyday chronicle of the one month long occupation of the Palermo city-hall by 20 families of homeless citizens. While dressing the portrait of a public institution under exceptional circumstances it seizes the opportunity to inquire into the controversial and often ambiguous relations between the citizens and their elected representatives.",
    "genres" : [ {
      "id" : 99,
      "name" : "Documentary"
    } ]
  }, {
    "id" : 276627,
    "title" : "& - Là il cielo e la terra si univano, là le stagioni si ricongiungevano, là il vento e la pioggia si univano",
    "overview" : "italian documentary",
    "genres" : [ ]
  }, {
    "id" : 276632,
    "title" : "Just say yes",
    "overview" : "'Just say yes' is a tale of two women who love each other. 'Just say yes' is a fragment of Italy, a collection of Swedish woods and lakes, it's a wedding party where the main ingredients on the menu are civil rights. Lorenza and Ingrid have been living a seven year long love story and their wish is to get married (In Italy the same sex wedding is not allowed): that's why they get friends and family together for the preparation of their wedding celebration in a country where everyone has the right to get married, Sweden, on the day of midsummer feast.",
    "genres" : [ {
      "id" : 99,
      "name" : "Documentary"
    } ]
  }, {
    "id" : 276637,
    "title" : "Digna... hasta el último aliento",
    "overview" : "It is a dramatized feature length documentary film describing the life and works of the Mexican lawyer Digna Ochoa and Plácido, through her death. The action goes from her first kidnapping by the judicial police of the state of Veracruz, in August of 1988, to her tragic end in October of 2001, in Mexico City. More than sixty on screen testimonies unarguably highlight Digna´s heroic actions in defense of Human Rights. Likewise, many incidents in which Digna was harassed, deprived of her freedom and tortured with impunity, were dramatically recreated. Finally, the testimonies of Digna's fellow coworkers will underscore her determination not to succumb to threats, but rather, at the risk of losing her life, to shoulder with renewed resolve the task of defending Human Rights.",
    "genres" : [ ]
  }, {
    "id" : 276647,
    "title" : "Johnny's Girl",
    "overview" : "A father gives his daughter an unorthodox upbringing on the fringes of the Alaskan underworld in the 1960's and 70's.",
    "genres" : [ {
      "id" : 10770,
      "name" : "TV Movie"
    }, {
      "id" : 18,
      "name" : "Drama"
    } ]
  }, {
    "id" : 276652,
    "title" : "Vivir mata",
    "overview" : "A romantic comedy of our times about passion, friendship and lies, on one of those days when the city and its inhabitants go crazy and anything seems possible. Diego and Silvia meet each other and fall in love thanks to their masterly lies. The morning after, with their respective friends, they remember the encounter and slowly begin to realize how sincere and honest that relationship was. When the opportunity arises, both struggle to meet again on a day in which a sudden and unusual disorder reigns in Mexico City.",
    "genres" : [ {
      "id" : 35,
      "name" : "Comedy"
    } ]
  }, {
    "id" : 276657,
    "title" : "Iron Maiden: [2014] Rock am Ring",
    "overview" : "1) Doctor Doctor (UFO song)  [00:00]  2) Rising Mercury  [03:52]  3) Moonchild  [04:55]  4) Can I Play with Madness  [10:47]  5) The Prisoner  [14:25]  6) 2 Minutes to Midnight  [20:45]  7) Revelations  [27:57:00]  8) The Trooper  [34:30:00]  9) The Number of the Beast  [38:37:00]  10) Phantom of the Opera  [44:03:00]  11) Run to the Hills  [51:40:00]  12) Wasted Years  [55:47:00]  13) Seventh Son of a Seventh Son  [61:20:00]  14) Wrathchild  [73:45:00]  15) Fear of the Dark  [76:50:00]  16) Iron Maiden  [84:24:00]  17) Aces High  [91:17:00]  18) The Evil That Men Do (preceded by Happy Birthday to Nicko McBrain) [98:25:00]  19) Sanctuary  [102:55:00]",
    "genres" : [ {
      "id" : 10402,
      "name" : "Music"
    } ]
  }, {
    "id" : 276662,
    "title" : "Le voyageur de la Toussaint",
    "overview" : "A young man comes back to his hometown to be confronted with a bourgeois obnoxious family who has always despised his -now dead - parents because they were music hall artists, \"entertainers\". But because he's the sole legatee of an uncle's fortune, his relatives become friendly with him.. at least for a while.",
    "genres" : [ {
      "id" : 18,
      "name" : "Drama"
    }, {
      "id" : 80,
      "name" : "Crime"
    } ]
  }, {
    "id" : 276677,
    "title" : "Matar al Nani",
    "overview" : "",
    "genres" : [ {
      "id" : 80,
      "name" : "Crime"
    }, {
      "id" : 18,
      "name" : "Drama"
    } ]
  }, {
    "id" : 276682,
    "title" : "The Tree of Life",
    "overview" : "In a small town, a nomad cuts down a tree he needs to use. However, he accidentally chops down the wrong tree, felling the tree that sustains life itself. When the latter tree falls, all life disappears. The nomad then finds himself in the middle of a desert that he does not recognize, and he tries to work his way out of it. During this particular quest, he comes across a small tree that is in the process of dying and opts instead to save this one.",
    "genres" : [ {
      "id" : 18,
      "name" : "Drama"
    } ]
  }, {
    "id" : 276687,
    "title" : "Paul Wilbur - Shalom Jerusalem",
    "overview" : "Paul Wilburs best-selling albums Shalom Jerusalem and Jerusalem Arise are visually capturing two magnificent worship events. Recorded LIVE in Jerusalem, these DVDs feature Messianic worship songs that are as rich and deep as the history of that holy city including the Jewish classics Roni Roni, Hinei Ma Tov and Kadosh as well as newer songs like Praise Adonai, Let The Weight Of Your Glory Fall and Days Of Elijah. The stunning visuals are sure to impact the Church as well.",
    "genres" : [ {
      "id" : 10402,
      "name" : "Music"
    } ]
  }, {
    "id" : 276692,
    "title" : "Natural Selection",
    "overview" : "Software programmer Ben Braden has it all: beautiful wife, cute kid, dream house, sports car, great job. Then one day the doorbell rings and he finds himself standing eye to eye with Alex Connelly, every inch his double and hell-bent on getting Ben's material features as well...",
    "genres" : [ {
      "id" : 27,
      "name" : "Horror"
    }, {
      "id" : 9648,
      "name" : "Mystery"
    }, {
      "id" : 878,
      "name" : "Science Fiction"
    }, {
      "id" : 53,
      "name" : "Thriller"
    }, {
      "id" : 10770,
      "name" : "TV Movie"
    } ]
  }, {
    "id" : 276697,
    "title" : "Go and Get It",
    "overview" : "Wrestling legend Bull Montana plays a murderous gorilla with a human brain transplant who is tracked by a feisty newspaper reporter.",
    "genres" : [ {
      "id" : 9648,
      "name" : "Mystery"
    }, {
      "id" : 35,
      "name" : "Comedy"
    }, {
      "id" : 18,
      "name" : "Drama"
    } ]
  }, {
    "id" : 276702,
    "title" : "Arvo Pärt: 24 Preludes for a Fugue",
    "overview" : "Documentary covering three years in the life of composer Arvo Pärt.",
    "genres" : [ {
      "id" : 99,
      "name" : "Documentary"
    } ]
  }, {
    "id" : 276707,
    "title" : "Be My Guest",
    "overview" : "A couple inherit a hotel with no guests until their son's pop group turns things around.",
    "genres" : [ ]
  }, {
    "id" : 276712,
    "title" : "Brandon Semenuk's Rad Company",
    "overview" : "Brandon Semenuk's Rad Company pushes the limits of freeride mountain biking and showcases the skills and passion that make him one of the most versatile and explosive riders on the planet. Brandon handpicked a crew of riders who drive and inspire him in each discipline for this film, ultimately creating some of the highest level of riding ever caught on camera.  The film features an eclectic soundtrack that flows like your favorite mix tape, while seamlessly meshing all disciplines of mountain biking. NWD Films and Red Bull Media House have teamed up with some of the top cinematographers and digital effects artists to create an innovative style, while keeping true to the “all killer no filler” style of the New World Disorder.  FEATURED LOCATIONS: Fiji, Retallack BC, Sunshine Coast BC, Pemberton BC, Kamloops BC, and Utah",
    "genres" : [ {
      "id" : 28,
      "name" : "Action"
    }, {
      "id" : 12,
      "name" : "Adventure"
    } ]
  }, {
    "id" : 276737,
    "title" : "Cupidiculous",
    "overview" : "Cupidiculous(2014) is a motion graphic project fusing 2D cel-animation and 3D techniques together. It conveys a humor story about Cupid, who makes Adam and Eve fall in love. But this act of love leads to overpopulation, overconsumption and global warming. So he has to find the way to fix these problems. Most characters and elements have been done in 3D but rendered as 2D flat vector look with poppy pastel, splashy and heightened color schemes. Then added more 2D liquid speed lines by drawing frame by frame. Even though laughter is the major objective, but Cupidiculous also delivers critical messages covertly. More or less audiences will get that with absolutely enjoyment.",
    "genres" : [ ]
  }, {
    "id" : 276742,
    "title" : "Das verhexte Fischerdorf",
    "overview" : "",
    "genres" : [ {
      "id" : 35,
      "name" : "Comedy"
    } ]
  }, {
    "id" : 276747,
    "title" : "A Cool Sound from Hell",
    "overview" : "To the dismay of his girlfriend, Charlie is introduced to the beatnik scene when he falls in love with a hep chick named Steve. But when he discovers Steve is mixed up with a vicious drug ring, he has to decide where his values really lie.",
    "genres" : [ {
      "id" : 18,
      "name" : "Drama"
    } ]
  }, {
    "id" : 276752,
    "title" : "Hello Taxi",
    "overview" : "A comedy directed by Hermann Kugelstadt.",
    "genres" : [ {
      "id" : 35,
      "name" : "Comedy"
    } ]
  } ]
}