{
  "movies" : [ {
    "id" : 227587,
    "title" : "What Killed the Mega Beasts?",
    "overview" : "\"What Killed the Mega Beasts?\" is a TV movie about the mystery of what caused the great extinction from the Pleistocene to Holocene eras with several paleontologists to find out what happened with their theories. It aired on the Discovery Channel in 2002. The animation for the animals was done at Meteor Studios who also helped in making the animation from a program that aired in the previous year, When Dinosaurs Roamed America. The designs and models were reused in Before We Ruled the Earth which talked about early men trying to adapt in a world with giant animals.",
    "genres" : [ {
      "id" : 99,
      "name" : "Documentary"
    } ]
  }, {
    "id" : 227597,
    "title" : "Prehistoric Predators",
    "overview" : "Prehistoric Predators was a National Geographic Channel program that was based on different predators that lived in our past e.g.: Smilodon, Megalodon etc. It was featured on Nat Geo during 2007. The series investigate how this beast hunt and fight other creatures that live along with them, and show what drove them into extinction.",
    "genres" : [ {
      "id" : 99,
      "name" : "Documentary"
    } ]
  }, {
    "id" : 227602,
    "title" : "Disk Jockey",
    "overview" : "Franky B and Dane are partners in crime - they kill for the money. Their former colleague, Jeremy, has decided to quit the business, taking with him an insurance policy in the form of a disc containing all their business information. The race is on as Frank B, Dane and more battle time and each other to retrieve the disc.",
    "genres" : [ ]
  }, {
    "id" : 227607,
    "title" : "Gorno: An American Tragedy",
    "overview" : "Violence and murder as seen through the eyes of a young man infuse this story that parallels the tragedy of Columbine.",
    "genres" : [ ]
  }, {
    "id" : 227627,
    "title" : "El Viaje de la Nonna",
    "overview" : "A Mexican family, wanting to grant their Grandmother her last wish, embarks on a make believe trip to a small town in Italy ... in Mexico!",
    "genres" : [ {
      "id" : 35,
      "name" : "Comedy"
    } ]
  }, {
    "id" : 227637,
    "title" : "The Voice of the Water",
    "overview" : "The Netherlands and water, they are inseparable from one another. Water in its soothing form, as a place of work and pleasure and as a source of threat and misery. Bert Haanstra thought it a great subject for a big cinema documentary and made The Voice of the Water. At the start, while the credits are still running, it is already apparent how remarkable and original he portrays the beauty of the landscape of the Dutch coastline. In the following ninety minutes we see numerous people that live, work and recreate on, by and in the water. Often they are being observed in a gentle humorous way that reminds us of The Human Dutch. Some people prefer to stay far away from all the wetness: the little boy having a swimming lesson, but who doesn’t dare to put his head under water, is forever imprinted on the memory of many of the viewers.",
    "genres" : [ ]
  }, {
    "id" : 227657,
    "title" : "Period Piece",
    "overview" : "From Critically-Acclaimed Underground Filmmaker Giuseppe Andrews (Trailer Town, Touch Me in the Morning) comes Period Piece, his most ambitious film experiment yet! Featuring talking tater tots, fornicating teddy bears, a smoking dead pig and the most disturbing visage of God ever put on screen, Period Piece threads together multiple plotlines following a unique assortment of tragicomic characters living along the Ventura Highway.  There’s the retired police officer (Walt Dongo), broken and homeless after the untimely death of his son during a birthday camping trip.  The elderly homebound father (Tyree), hopelessly doomed to pantomime the sexual conquests of his glory days with an imaginary prostitute named Serenity.  The French Midget writing his epic screenplay about a half-man/half-stuffed animal chauffeur.  This truly independent masterpiece takes Andrews one-of-a-kind aesthetic to a new level of surreal hilarity, creating a portrait of love and death you’ll never forget.",
    "genres" : [ ]
  }, {
    "id" : 227662,
    "title" : "Outcast",
    "overview" : "",
    "genres" : [ {
      "id" : 878,
      "name" : "Science Fiction"
    }, {
      "id" : 27,
      "name" : "Horror"
    } ]
  }, {
    "id" : 227667,
    "title" : "Perry Mason: The Case of the Shooting Star",
    "overview" : "An actor rigs a fake shooting on TV with the connivance of his friend, the show's host, but the practical joke goes wrong when the gun turns out to contain a live round.",
    "genres" : [ {
      "id" : 80,
      "name" : "Crime"
    }, {
      "id" : 18,
      "name" : "Drama"
    } ]
  }, {
    "id" : 227677,
    "title" : "Know Thy Wife",
    "overview" : "Rather than telling his parents, who have another girl picked out for him, Bob brings home his new wife disguised as his friend \"Steve.\"",
    "genres" : [ {
      "id" : 35,
      "name" : "Comedy"
    } ]
  }, {
    "id" : 227687,
    "title" : "Crónica sentimental en rojo",
    "overview" : "A girl is found dead and a chest amputee on the beach of San Salvador. The chest appears later on the judge's desk Oblivion. As if anyone would like to relate the fabulous legacy of Don Carlos Bassagoda, which lady judge is executor, with the portrait of Nuria Bassagoda now deceased that also plays a severed breast.",
    "genres" : [ ]
  }, {
    "id" : 227692,
    "title" : "The Last Strands of Man",
    "overview" : "The Last Strands of Man follows a small band of men after 'the end of the world.' When one of their piers fails to return from a night watch, the group decides to investigate, eventually discovering a key to their ongoing survival.",
    "genres" : [ {
      "id" : 27,
      "name" : "Horror"
    }, {
      "id" : 18,
      "name" : "Drama"
    } ]
  }, {
    "id" : 227702,
    "title" : "Night Class",
    "overview" : "When Jake, a security guard in a small hotel, inadvertently helps out a beautiful burglar, he becomes a primary suspect and is quickly fired. Jake decides to track down the burglar himself and retrieve the stolen property.",
    "genres" : [ ]
  }, {
    "id" : 227707,
    "title" : "The Adventurer: The Curse of the Midas Box",
    "overview" : "17-year-old Mariah Mundi's life is turned upside down when his parents vanish and his younger brother is kidnapped. Following a trail of clues to the darkly majestic Prince Regent Hotel, Mariah discovers a hidden realm of child-stealing monsters, deadly secrets and a long-lost artifact that grants limitless wealth – but also devastating supernatural power. With the fate of his world, and his family at stake, Mariah will risk everything to unravel the Curse of the Midas Box.",
    "genres" : [ {
      "id" : 14,
      "name" : "Fantasy"
    }, {
      "id" : 12,
      "name" : "Adventure"
    }, {
      "id" : 10751,
      "name" : "Family"
    } ]
  }, {
    "id" : 227712,
    "title" : "My Cousin",
    "overview" : "Sincere but struggling sculptor Tommasso (Caruso--bushy moustache, gawky) works in an ornamental plaster shop, but his masterpiece on the side is a bust of his cousin Caroli (Caruso--no moustache, polished), who is the Metropolitan Opera's leading tenor. Tommasso hopes to marry his model Rosa, but her father, restaurant owner Pietro, wants her to find someone more settled and money-conscious, such as the greengrocer Lombardi down the street. Tommasso, he says, throws away his money, such as for a pair of tickets to take Rosa to the opera to see his famed cousin. After the opera, the cousins cross paths in the swanky Galeotto's restaurant, but when neither recognizes the other, Tommasso is generally mocked and Rosa believes him a liar and unworthy. Tommasso must recover his reputation and make a sale, preferably the Caroli bust to his cousin, in order to win Rosa back.",
    "genres" : [ ]
  }, {
    "id" : 227717,
    "title" : "A Letter for Evie",
    "overview" : "Evie's co-workers at the uniform shirt factory, and her almost-fiancée's inability to kiss, inspire her to slip a letter into a size sixteen-and-a-half shirt for some anonymous soldier. It's received by \"Wolf\" Larson, who immediately throws it away, but his sensitive, dreaming--and short--buddy John McPherson snags it, and begins a correspondence with Evie, pretending to be Wolf. But things get complicated when Evie wants to meet her tall, handsome soldier. And even more complicated when Wolf sees Evie and likes what he sees.",
    "genres" : [ {
      "id" : 10749,
      "name" : "Romance"
    }, {
      "id" : 35,
      "name" : "Comedy"
    } ]
  }, {
    "id" : 227742,
    "title" : "Sweet Leaf",
    "overview" : "Billy and Steve have to get some money to pay off their drug dealer Tyvan. Their plan to rob a Carwash gets complicated when the plan gets shared and everyone has an ulterior motive. Crime/drama with a supernatural edge.",
    "genres" : [ ]
  }, {
    "id" : 227747,
    "title" : "Border River",
    "overview" : "A Mountie searching for known moonshiners falls in love with the sister of a man associated with them.",
    "genres" : [ ]
  }, {
    "id" : 227757,
    "title" : "Exemplo Regenerador",
    "overview" : "A man leaves his wife alone every evening to gamble and enjoy the nightlife. But one night, when he arrives home, he finds her drinking and smoking languorously next to the butler.",
    "genres" : [ ]
  }, {
    "id" : 227772,
    "title" : "Wolf",
    "overview" : "People on an island are brutally murdered one by one by a mysterious stranger in this Indonesian Friday the 13th rip-off.",
    "genres" : [ {
      "id" : 27,
      "name" : "Horror"
    }, {
      "id" : 53,
      "name" : "Thriller"
    } ]
  }, {
    "id" : 227777,
    "title" : "Dry and Thirsty",
    "overview" : "Horace Radish wants a drink, but Prohibition is in force. When all his other schemes fail, he heads to the Bootlegger's Haven Hotel with high hopes. But waiting at the hotel is the tough lawman William Allways Tryan, who is ready to toss in jail anyone found with even a drop of liquor.",
    "genres" : [ ]
  }, {
    "id" : 227787,
    "title" : "The Water Plug",
    "overview" : "Billy is on the bum. He sees a copper writing a ticket to a driver parked in front of a fire hydrant. The driver slips the cop some money to tear up the ticket. Billy acquires a fake fire plug and a policeman's badge, and sets out to make some money.",
    "genres" : [ ]
  }, {
    "id" : 227802,
    "title" : "Blissful Lies",
    "overview" : "Blissful Lies examines the close ties and bonds between a group of 5 college-aged people who find that the limits of their relationships are tested when secrets and lies begin to rise to the surface.",
    "genres" : [ ]
  }, {
    "id" : 227812,
    "title" : "Church",
    "overview" : "Five people from different backgrounds explore, the ups and downs of life. Will the Church, help them find a way to deal with it all, or will the church fail them?",
    "genres" : [ ]
  }, {
    "id" : 227832,
    "title" : "Hogi Pyar Ki Jeet",
    "overview" : "Surjit finds out that his sister is in love with Manjit Singh . Surjit goes to Thakurs house in order to get Manjit to marry his sister. The Thakur humiliates him; making him, a vegetarian, eat dog food and beg on his knees. Surjit does so and is told to go home and make wedding preparations. The next day, Thakur visits Surjit and kills him and his wife in broad daylight. Surjits last dying wish is that his two sons Raju and Kishan must get married to Thakur's and his brother's two daughters Megha and Preeti and they must have the Thakur come begging to their doorstep for this marriage alliance. Surjits sister agrees to this and accordingly brings up the two children. Unfortunately Raju goes missing leaving her alone to bring up Kishan. Years later they are reunited when Raju returns home and they join together to fulfill Surjits last wish.",
    "genres" : [ ]
  }, {
    "id" : 227852,
    "title" : "The Somnambulists",
    "overview" : "Plagued by terrifying nightmares, Francesca finds herself waking up in tears. Her Grandfather explains the legend of The Somnambulists - the spirits of people wronged in life possessing the living in their dreams. To make matters worse, the sleepy little town Francesca lives in is being terrorized by a deranged serial killer. As Francesca loses her grip on reality, she begins to realize that the legend of The Somnambulists may be more than just a legend.",
    "genres" : [ ]
  }, {
    "id" : 227857,
    "title" : "I Was a Teenage Mummy",
    "overview" : "A campy spoof of the classic horror films, this low-budget comedy unearths a 3700-year-old mummy that menaces Westport, Conn.",
    "genres" : [ {
      "id" : 27,
      "name" : "Horror"
    } ]
  }, {
    "id" : 227862,
    "title" : "To Become One",
    "overview" : "A killer wearing a gas mask stalks and murders a group of thieving friends at a birthday party. Seeking an escape from the tragedy, and to lie low while the police do their job, Melissa and her remaining friends head to the countryside where an even more sinister plot unfolds.",
    "genres" : [ ]
  }, {
    "id" : 227867,
    "title" : "The Woodland Haunting 2",
    "overview" : "A ghost hunting Elvis impersonator is interviewed on videotape about his hair-raising experience with the Woodland haunting.",
    "genres" : [ {
      "id" : 35,
      "name" : "Comedy"
    }, {
      "id" : 27,
      "name" : "Horror"
    } ]
  }, {
    "id" : 227877,
    "title" : "Torment",
    "overview" : "Newlyweds Sarah and Cory Morgan have decided to take a relaxing holiday with Cory’s 7 year old son Liam to try and smooth over some of the teething problems Liam is having with his new Mom. Despite the idyllic location of Cory’s isolated and luxurious country house, the family soon realize they have made a mistake in going there. Someone has been using the house in their absence. Their unwanted house guests will soon reveal themselves and the family will find itself caught up in a fight for their lives. What was planned as a relaxing getaway quickly turns into their worst nightmare as the family find themselves on a holiday from hell.",
    "genres" : [ {
      "id" : 53,
      "name" : "Thriller"
    }, {
      "id" : 27,
      "name" : "Horror"
    } ]
  }, {
    "id" : 227902,
    "title" : "The Virgin Goddess",
    "overview" : "Reworking of H. Ridder Haggard's SHE with softcore sex star Sarli as the white \"goddess\" who lives among the tribes of South Africa and can enjoy eternal life as long as she remains a virgin. Enter adventurer Bo and the trouble begins.",
    "genres" : [ {
      "id" : 12,
      "name" : "Adventure"
    }, {
      "id" : 14,
      "name" : "Fantasy"
    } ]
  }, {
    "id" : 227907,
    "title" : "Truth or Dare",
    "overview" : "Six college kids find internet stardom when they make \"Truth or Dare\" videos with a violent twist. It is all fun and games until their number one fan decides he wants to play by his own rules.",
    "genres" : [ {
      "id" : 27,
      "name" : "Horror"
    } ]
  }, {
    "id" : 227922,
    "title" : "Bluebeard",
    "overview" : "Based on the classic fairytale \"La Barbe Bleue\" (Bluebeard, 1697) by Charles Perrault, author of Cinderella, which tells the story of a wealthy and feared aristocrat with a blue beard who has the bad habit of killing his wives.",
    "genres" : [ {
      "id" : 27,
      "name" : "Horror"
    } ]
  }, {
    "id" : 227927,
    "title" : "Mozarts Leben, Lieben und Leiden",
    "overview" : "The happy and miserable life of Mozart has always of artistic interest for silent film directors. Such an example is \"Mozarts Leben, Lieben Und Leiden\" (1921) by Otto Kreisler (the first silent length feature depicting the loves and sufferings of the famous Salzburg composing genius).",
    "genres" : [ ]
  }, {
    "id" : 227932,
    "title" : "My Mom Is a Character 2",
    "overview" : "Dona Hermínia is back, but now rich and famous since she is the host of her own successful TV show. However, the overprotective character will have to deal with her children's departures, as Marcelina and Juliano decide to move out. In counterpart, she will welcome, as a visitor, her sister Lúcia Helena, who's been living in New York.",
    "genres" : [ {
      "id" : 35,
      "name" : "Comedy"
    } ]
  }, {
    "id" : 227952,
    "title" : "Anita e Garibaldi",
    "overview" : "",
    "genres" : [ ]
  }, {
    "id" : 227957,
    "title" : "Khel",
    "overview" : "Widowed Sulakshana Devi is a wealthy industrialist and lives a very wealthy, though hectic lifestyle with her only son, Ravi, and nephew, Balwant. While returning from overseas, she is told that Ravi has met with an accident and has been killed. This news does devastate her, but she soon recovers. Then years later, she meets with a young man, Arun Kumar, who was able to retrieve her purse from a thief. Sulakshana finds out that he is unemployed and has not eaten for days. She decides to hire him, not knowing that Arun is a actually a con man, who will do his best to woo her to inherit her estate and Crores of Rupees. Sulakshana also does not know that Ravi did not die accidentally, but was killed by someone who sabotaged his car. Things will get more complicated when a woman named Seema and her uncle enter her life - for a devious reason",
    "genres" : [ {
      "id" : 35,
      "name" : "Comedy"
    } ]
  }, {
    "id" : 227962,
    "title" : "The Prime Ministers: The Pioneers",
    "overview" : "Based on the best-selling book by Ambassador Yehuda Avner, The Prime Ministers: The Pioneers takes the audience inside the offices of Israel's Prime Ministers through the eyes of an insider, Yehuda Avner, who served as a chief aide, English language note-taker and speechwriter to Levi Eshkol, Golda Meir, Yitzhak Rabin, Menachem Begin, and Shimon Peres. The first of two parts, The Prime Ministers: The Pioneers focuses on Ambassador Avner's years working with Prime Ministers Levi Eshkol and Golda Meir and then US Ambassador Yitzhak Rabin and reveals new details about the Six-Day War, the development of Israel's close strategic relationship with the United States, the fight against terrorism, the Yom Kippur War and its aftermath.",
    "genres" : [ {
      "id" : 99,
      "name" : "Documentary"
    } ]
  }, {
    "id" : 227977,
    "title" : "Match Point",
    "overview" : "A Pattaya guy, Sand, who runs a gang that makes their money any way they can from tourists is trying his best to get a girlfriend named Ned, a local beach volley ball star, but she is attracted to her coach. A big match is set with another team but there is trouble as they all get drunk with bar girls and their foreign \"boyfriends\". A huge fight ensues between the rivals and the tourists the night before the match. However this may be Sand's chance to show her he is the best choice...or is it?",
    "genres" : [ {
      "id" : 35,
      "name" : "Comedy"
    }, {
      "id" : 10749,
      "name" : "Romance"
    } ]
  }, {
    "id" : 227992,
    "title" : "Necronomica",
    "overview" : "After the departure of friend and drummer Mortimus, Black Metal bandmates Borknarg and Absu begin to lose hope that NECRONOMICA will ever achieve its place as the most evil band in the world. Borknarg hatches a plan to take their band to the next level, but he fears it might cost him his friendship with Absu. And friendship is a powerful thing: it is the foundation of any truly evil band.",
    "genres" : [ {
      "id" : 35,
      "name" : "Comedy"
    }, {
      "id" : 27,
      "name" : "Horror"
    } ]
  }, {
    "id" : 228012,
    "title" : "Raat",
    "overview" : "The Sharma family re-locate to a semi-urban locality in a house that has a \"reputation\". The Sharma family consists of Mr. Sharma (Akash Khurana), his wife Shalini Sharma (Rohini Hattangadi), only daughter Manisha Sharma (Revathi) or \"Mini\" as they affectionately call her; and their grandchild Bunty (Master Ateet), as his parents had been killed in an accident. Strange things start happening, with a return of a dead kitten, and the brutal murder of Manisha's friend, Reshmi (Jaya Mathur); an attempt to kill Mr. Sharma and Manisha's boyfriend, Deepak (Kushant). What is the force behind these brutalities? Is it natural or supernatural?",
    "genres" : [ {
      "id" : 27,
      "name" : "Horror"
    }, {
      "id" : 80,
      "name" : "Crime"
    }, {
      "id" : 53,
      "name" : "Thriller"
    } ]
  }, {
    "id" : 228037,
    "title" : "The Insomniac",
    "overview" : "A man experiences a night-time world that is part foreboding nightmare, part sexual fantasy.",
    "genres" : [ {
      "id" : 53,
      "name" : "Thriller"
    }, {
      "id" : 9648,
      "name" : "Mystery"
    } ]
  }, {
    "id" : 228052,
    "title" : "Autour de la roue",
    "overview" : "Blaise Cendrars' AUTOUR DE LA ROUE (1923), a behind-the-scenes short documenting the production.",
    "genres" : [ ]
  }, {
    "id" : 228062,
    "title" : "Die Phosphor Krise",
    "overview" : "",
    "genres" : [ {
      "id" : 99,
      "name" : "Documentary"
    } ]
  }, {
    "id" : 228092,
    "title" : "Yogi",
    "overview" : "Eeshwar Chandra Prasad (Prabhas) is the son of Ram Murthy (Chalapathi Rao) and Shantamma (Sharada Urvashi). Ram Murthy wants his son to do some job. However, Shantamma pampers Eeshwar very much and hence he doesn't want to leave the village. Ram Murthy dies and in order to fulfil his last wish, Eeshwar goes to the city to earn money on the advice of his friend Basha (Ali), who was a pickpocket. Eeshwar could not meet Basha. On the other hand Kotaiah (Kota Srinivasa Rao) runs big land mafia in Hyderabad city and a bitter rival of Narsing Pahilwan (Pradeep Rawat). Saidulu (Subbaraju) is Narsing's brother. Once Saidulu hacks Kotaiah and his assistant, when Eeshwar accidentally saves him. Eeshwar gets a job in a tea stall run by Chandranna (Chandra Mohan). He earns good money and purchases two gold bangles for his mother and plans to leave the city.",
    "genres" : [ ]
  }, {
    "id" : 228107,
    "title" : "Anita B.",
    "overview" : "After World War II, Anita, a young survivor of Auschwitz, becomes involved in an intense and passionate affair that almost shatters her until she gains the strength to start a new life.",
    "genres" : [ {
      "id" : 18,
      "name" : "Drama"
    } ]
  }, {
    "id" : 228127,
    "title" : "玩酷青春",
    "overview" : "",
    "genres" : [ ]
  }, {
    "id" : 228132,
    "title" : "Dio - A Special from the Spectrum",
    "overview" : "A live concert performance by the band Dio, recorded at The Spectrum in Philadelphia. Originally released on VHS in 1984, most of the performance has been re-released on the We Rock DVD, minus the opening track of \"Stand Up and Shout.\"",
    "genres" : [ {
      "id" : 10402,
      "name" : "Music"
    } ]
  }, {
    "id" : 228137,
    "title" : "Brother for All the Money",
    "overview" : "Honza and Zuzana are very young husband and wife. They have a little daughter of whom willingly occasionally take care the grandparents and Honza's fifteen-year-old brother Martin. Zuzana continues studying and Honza devotes all weekends as an amateur competitor to the motor-cycles at the speedway. Zuzana is not interested in motor-cycles. Martin holds responsible for his brother's marriage and at the advice of his friend Magda, who is of the same age, invites her sister-in-law to the club of Hucul horses so that she does not feel bored. But by misfortunes and unexplained quarrels both young husband and wife start being jealous of one another.",
    "genres" : [ {
      "id" : 35,
      "name" : "Comedy"
    } ]
  }, {
    "id" : 228142,
    "title" : "Pleasure Dome",
    "overview" : "",
    "genres" : [ ]
  }, {
    "id" : 228152,
    "title" : "The Violin Teacher",
    "overview" : "The movie tells the story of Laerte (Lázaro Ramos), a talented violinist who after failing to be admitted into the OSESP Orchestra is forced to give music classes to teenagers in a public school at Heliopolis. His path is full of difficulties, but the transforming power of music and the friendship arising between the teacher and the students open the door into a new world",
    "genres" : [ {
      "id" : 18,
      "name" : "Drama"
    }, {
      "id" : 10402,
      "name" : "Music"
    } ]
  }, {
    "id" : 228167,
    "title" : "Irmã Dulce",
    "overview" : "",
    "genres" : [ {
      "id" : 18,
      "name" : "Drama"
    } ]
  }, {
    "id" : 228172,
    "title" : "Isolados",
    "overview" : "",
    "genres" : [ {
      "id" : 53,
      "name" : "Thriller"
    } ]
  }, {
    "id" : 228177,
    "title" : "Till Luck Do Us Part 2",
    "overview" : "After all the trouble in the first film, Tino and Jane have more fun adventures. Still tasting bitter failure, they see a light at the end of the tunnel with uncle Olavinho’s unexpected inheritance. However, the will carries an unusual request: the rich uncle wants his ashes to be scattered throughout the Grand Canyon. The couple takes the opportunity of the trip to fulfill this wish and decides to go to Las Vegas and end up getting into comical situations. Big time spender Tino will fall into the greatest temptations and indulge in the casinos of the gambling city.",
    "genres" : [ {
      "id" : 35,
      "name" : "Comedy"
    } ]
  }, {
    "id" : 228187,
    "title" : "Haunters of the Deep",
    "overview" : "Josh Holman encounters the ghost of a child mine worker with a special warning on the headlands of his Cornish home town, as an old tin mine is about to be re-opened after the discovery of valuable deposits of ore.",
    "genres" : [ {
      "id" : 18,
      "name" : "Drama"
    }, {
      "id" : 10751,
      "name" : "Family"
    }, {
      "id" : 14,
      "name" : "Fantasy"
    }, {
      "id" : 12,
      "name" : "Adventure"
    }, {
      "id" : 9648,
      "name" : "Mystery"
    } ]
  }, {
    "id" : 228202,
    "title" : "Meu Passado me Condena",
    "overview" : "The immature and cheap douche bag Fábio Clóvis marries the pseudo-intellectual Miá and they travel in a cruise to Europe on board of a fancy passenger vessel. Fabio and Miá are invited to have dinner with the wealthy Beto Assunção and his gorgeous wife Laura in a VIP restaurant on the vessel. Soon Fábio discovers that Beto was Miá's boyfriend and Miá learns that Fábio had a crush on Laura that was his classmate. Meanwhile the cynical chamber maid Suzana Mello and her estranged husband, the entertainer Wilson, make a bet that Fábio and Miá will split before the end of the trip and poison their relationship. When the ship arrives in Casablanca, Fábio meets his bothersome childhood friend Cabeça that affects their honeymoon.",
    "genres" : [ {
      "id" : 35,
      "name" : "Comedy"
    } ]
  }, {
    "id" : 228207,
    "title" : "Beirut Open City",
    "overview" : "The film takes place after the Lebanese Civil War during the 1990s and the Syrian occupation of Lebanon.",
    "genres" : [ ]
  }, {
    "id" : 228222,
    "title" : "Plot Point",
    "overview" : "The crowded streets of New York City turn into fictive, filmic scenery. By playing with our collective memory-its cinematic codes and narrative language -- the piece questions the boundaries of reality and fiction.",
    "genres" : [ ]
  }, {
    "id" : 228227,
    "title" : "Stardust",
    "overview" : "Stardust is the second part of the trilogy where Provost films everyday life with a hidden high resolution camera and edits the images into a fiction film using cinematographic codes and narrative tools from the Hollywood film language. The award winning Plot Point (2007) that turned everyday life around Times Square into a thriller film being the first part of the trilogy, this time Provost takes his hidden camera to Las Vegas in Stardust and films real Hollywood stars - Jon Voight, Dennis Hopper and Jack Nicholson and turns the glorious and ambiguous power of the gambling capital into an exciting crime story.",
    "genres" : [ ]
  }, {
    "id" : 228237,
    "title" : "Tune for the Blood",
    "overview" : "Anne Cottringer and Richard Branczik of Cantilupe Projects spent more than a year filming the lives of young farmers in Herefordshire in the UK. The result is an intimate, lyrical and sometimes gritty portrait of a new generation facing the challenges of the modern world.",
    "genres" : [ ]
  }, {
    "id" : 228242,
    "title" : "Riocorrente",
    "overview" : "Marcelo is a journalist. Carlos is a former car-thief. Renata is a woman torn apart by two relationships as diverse as her desires. Exu is the ever becoming.",
    "genres" : [ {
      "id" : 18,
      "name" : "Drama"
    } ]
  }, {
    "id" : 228257,
    "title" : "Perry Mason: The Case of the Fatal Framing",
    "overview" : "A painter, believed to be dead, returns to make allegations that a gallery owner is selling counterfeits of his work. Later, the artist is murdered.",
    "genres" : [ {
      "id" : 80,
      "name" : "Crime"
    }, {
      "id" : 18,
      "name" : "Drama"
    }, {
      "id" : 9648,
      "name" : "Mystery"
    }, {
      "id" : 10770,
      "name" : "TV Movie"
    } ]
  }, {
    "id" : 228282,
    "title" : "The Latest Film by Jess Franco",
    "overview" : "A documentary by Pedro Temboury.",
    "genres" : [ {
      "id" : 99,
      "name" : "Documentary"
    } ]
  }, {
    "id" : 228292,
    "title" : "Ohnsorg Theater - Der möblierte Herr",
    "overview" : "",
    "genres" : [ {
      "id" : 35,
      "name" : "Comedy"
    } ]
  }, {
    "id" : 228302,
    "title" : "My 13",
    "overview" : "Jonathan is in love with Julie, the most beautiful girl of his school... However, Julie doesn't even know him. He becomes friend with Charles, Julie's brother. One day, he sneaks in Julie's room to steal her diary. Back home, he finds in the diary a drawn heart, with the quote \"I love Jonathan\"... Back to his new friend Charles' home, he realizes that the diary belongs to Charles, himself...",
    "genres" : [ {
      "id" : 18,
      "name" : "Drama"
    } ]
  }, {
    "id" : 228307,
    "title" : "Empty Spaces",
    "overview" : "A office security guard provides shelter for a beaten prostitute on a cold winter night. Neither of them predict that they would find a strange solace in each other.",
    "genres" : [ {
      "id" : 18,
      "name" : "Drama"
    } ]
  }, {
    "id" : 228312,
    "title" : "In August",
    "overview" : "In a city transformed by a diluvian cataclysm in the distant future, a young indigenous shaman woman's vision is strangely related to a similar vision of an old man's deceased wife across a vast span of time. In their visions the world's future shall be revealed.",
    "genres" : [ {
      "id" : 16,
      "name" : "Animation"
    }, {
      "id" : 18,
      "name" : "Drama"
    }, {
      "id" : 878,
      "name" : "Science Fiction"
    } ]
  }, {
    "id" : 228322,
    "title" : "About Canto",
    "overview" : "Dutch composer Simeon ten Holt achieved worldwide renown in 1979, when his work for four pianos Canto Ostinato was first performed. Although some music experts viewed it with disdain - it broke with prevailing notions of serialism and tonality - the piece was a huge hit in the contemporary classical music world. In the years since, numerous musicians have released their recordings of Canto, and it is still being performed around the world. Director Ramon Gieling interviewed a large number of people about the sometimes far-reaching impact this composition has had on their lives. One interviewee tells of how Canto was the soundtrack to the birth of her son; another has a section of the score tattooed on his arm. Gieling seeks to unravel the mystery of the universal power of music, and his blend of documentary footage, fiction, essays and archive material produces a multifaceted response to the question of just what it is about this piece that touches people so deeply.",
    "genres" : [ {
      "id" : 99,
      "name" : "Documentary"
    }, {
      "id" : 10402,
      "name" : "Music"
    } ]
  }, {
    "id" : 228332,
    "title" : "A Simple Walk Into Mordor",
    "overview" : "To celebrate the release of The Hobbit, two Lord of the Rings super-fans, Kerry Shawcross and Chris Demarais, attempt to walk over 120 miles across New Zealand from the filming location of Hobbiton to the real life Mount Doom in only six days.",
    "genres" : [ {
      "id" : 99,
      "name" : "Documentary"
    } ]
  }, {
    "id" : 228342,
    "title" : "E guardo il mondo da un oblò",
    "overview" : "",
    "genres" : [ {
      "id" : 35,
      "name" : "Comedy"
    } ]
  }, {
    "id" : 228352,
    "title" : "Souls in the Moonlight II",
    "overview" : "This is the second installment of the trilogy based on Japan’s greatest novel “The Great Bodhisattva Pass”, following the life and times of bloodthirsty samurai, Tsukue Ryunosuke. Blinded in an explosion and further injured from a fall, the master swordsman is taken in by Otoyo, a woman who falls in love with him. Under Otoyo’s dedicated care, Ryunosuke’s physical and emotional wounds seem to heal.  However, deep inside, the demons that drive him to kill yearn to resurface. Meanwhile he is being pursued by Utsugi Hyoma, a young samurai seeking to avenge his brother’s death at Tsukue’s hands. Hyoma is being aided along the way by the clever thief Shichibei.",
    "genres" : [ ]
  }, {
    "id" : 228362,
    "title" : "Guest Room",
    "overview" : "In order to write his Master's Thesis in a calmer setting, a university student moves in with a dysfunctional suburban family--a flirtatious housewife, a husband who can't express his emotions, and a daughter who aspires to be a poet and is having her sexual awakening. No one can give him a moment's peace.",
    "genres" : [ ]
  }, {
    "id" : 228382,
    "title" : "The Cycling Genius Is Coming!",
    "overview" : "Teru (Yuya Endo) has been brought up in a hill town and spent his childhood conquering the slopes on his bicycle. Being a cycling fanatic, who resents defeat, he joins Kamegaoka High School, which used to boast a powerful cycling club. There he meets Hatomura (Yuichi Nakamura), an ace of the club who wants to turn around the club which has deteriorated to the point of dissolution, and Yuta (Hiroki Suzuki), an aloof cycling genius with unshaken confidence in his speed who does not allow others to follow him. Meeting a rival that is faster than him for the first time, Teru joins the club in order to challenge them. His only interest, however, is his own cycling speed. Joining the club teaches Teru the importance of teamwork to support the lead cyclist and to place priority on the victory of the team.  --AsianWiki",
    "genres" : [ ]
  }, {
    "id" : 228387,
    "title" : "Breaking News",
    "overview" : "‘Breaking News’ is a documentary about Police misbehaviour. It investigates how Police are arresting journalists  in order to prevent reports about misbehaviour and set free without charge when their deadlines have passed.",
    "genres" : [ {
      "id" : 99,
      "name" : "Documentary"
    } ]
  }, {
    "id" : 228392,
    "title" : "Mãos Vazias",
    "overview" : "In a small town in the State of Minas Gerais, Brazil, a woman rebels against local morality after her child dies, with tragic results.",
    "genres" : [ ]
  }, {
    "id" : 228407,
    "title" : "Snow on the Pines",
    "overview" : "Piano teacher Roya (Mahnaz Afshar) realizes that her marriage to Ali is in a deadlock when she discovers some of her husband's secrets. In the meantime she meets a young musician (Saber Abar) and has to make a painful choice.",
    "genres" : [ {
      "id" : 18,
      "name" : "Drama"
    } ]
  }, {
    "id" : 228417,
    "title" : "Life Tracker",
    "overview" : "Dillon stumbles on a little known news story about a company called Life Tracker Limited, which claims it has discovered a way to predict biological events in a human's life by looking at their DNA. Everyone views the story as a modern day form of palm reading that will go nowhere, but Dillon keeps turning on his camera when he finds articles on the Internet or hears about it on the news.",
    "genres" : [ {
      "id" : 878,
      "name" : "Science Fiction"
    } ]
  }, {
    "id" : 228422,
    "title" : "Uma Viagem Inesquecível",
    "overview" : "",
    "genres" : [ {
      "id" : 99,
      "name" : "Documentary"
    } ]
  }, {
    "id" : 228427,
    "title" : "La viuda de Montiel",
    "overview" : "Mexican drama film directed by Miguel Littín. It is based on a short story of the same name by Gabriel García Marquez. It was entered into the 30th Berlin International Film Festival",
    "genres" : [ {
      "id" : 18,
      "name" : "Drama"
    } ]
  }, {
    "id" : 228432,
    "title" : "The Dogs of Riga",
    "overview" : "A lifeboat floats ashore at the coast of Skåne. Inside are two dead men who who've been murdered. Policeman Kurt Wallander is assigned to the case. The men are identified with the help of the police in Latvia. One of their officers travel to Sweden to to help but when he returns to his home country he is mysteriously murdered. Kurt flies to Riga to find out why and is drawn into complex conspiracy.",
    "genres" : [ {
      "id" : 18,
      "name" : "Drama"
    }, {
      "id" : 53,
      "name" : "Thriller"
    } ]
  }, {
    "id" : 228442,
    "title" : "Déjeuner du matin",
    "overview" : "Relentlessly reworking ‘real’ images, using techniques borrowed from painting and animated film, Patrick Bokanowski is an author of stature, capable of creating an insane and cataclysmic universe of unquestionable beauty. – Michel Perez",
    "genres" : [ ]
  }, {
    "id" : 228467,
    "title" : "15 jours ailleurs",
    "overview" : "",
    "genres" : [ {
      "id" : 18,
      "name" : "Drama"
    } ]
  }, {
    "id" : 228472,
    "title" : "Half Past Midnight",
    "overview" : "This is one of Wim Vink's earliest movies about a girl who gets bullied at school by her fellow classmates and after gets her revenge by killing them one by one in an extremely gruesome and bloody way.",
    "genres" : [ {
      "id" : 27,
      "name" : "Horror"
    }, {
      "id" : 18,
      "name" : "Drama"
    }, {
      "id" : 80,
      "name" : "Crime"
    } ]
  }, {
    "id" : 228477,
    "title" : "When The Wind Blows",
    "overview" : "Jackie throws his schoolbook out the window in disgust, but then climbs outside to retrieve it. Finding himself locked out, he tries various means of getting back inside without his parents finding out. When his parents mistake his noises for a burglar, a local policeman is called, but he seems incompetent to catch either the phony burglar or the real one who has shown up in the meantime",
    "genres" : [ {
      "id" : 35,
      "name" : "Comedy"
    } ]
  }, {
    "id" : 228482,
    "title" : "What You Will",
    "overview" : "A behind-the-scenes documentary based on Shakespeare's Twelfth Night.",
    "genres" : [ ]
  }, {
    "id" : 228492,
    "title" : "My Mummy is in America and She Met Buffalo Bill",
    "overview" : "Jean’s father is always busy at work, so he spends most of his time with his nanny Yvette and neighbour Michelle. His mother is away but nobody talks about her. Luckily Michelle is on hand to read postcards about Mum’s Wild West escapades and, even though they seem far fetched at times, they keep Jean happy. At school, the steel marbles Jean takes from his father’s factory are valuable playground currency but their removal has unexpected consequences. This delightful, bittersweet animated film, based on the best-selling children’s story by Jean Regnaud and Emile Bravo, is a joyous, thought-provoking tale about childhood loss and the need even for adults to hide from the truth at times. (Source: LFF programme)",
    "genres" : [ {
      "id" : 16,
      "name" : "Animation"
    } ]
  }, {
    "id" : 228537,
    "title" : "Metal Immortal",
    "overview" : "Yont has an amulet buried in his body which makes him invincible. Piak wants to buy the amulet but Yont won't sell and he decides to hide it in his son's bodies making them invincible. But Piak will spare nothing in order to get the amulet.",
    "genres" : [ {
      "id" : 28,
      "name" : "Action"
    } ]
  }, {
    "id" : 228542,
    "title" : "Les Dames en bleu",
    "overview" : "",
    "genres" : [ {
      "id" : 99,
      "name" : "Documentary"
    } ]
  }, {
    "id" : 228552,
    "title" : "Der Fluch",
    "overview" : "",
    "genres" : [ {
      "id" : 27,
      "name" : "Horror"
    }, {
      "id" : 9648,
      "name" : "Mystery"
    } ]
  }, {
    "id" : 228562,
    "title" : "Dracula 0.9",
    "overview" : "Horror by Emilio Schargorodsky.",
    "genres" : [ ]
  }, {
    "id" : 228567,
    "title" : "Razsledvane",
    "overview" : "An investigator tries to solve a murder, her constant interviews with the main suspect cause the investigation to take many twists and turns as what is said is not always what is meant.",
    "genres" : [ {
      "id" : 18,
      "name" : "Drama"
    }, {
      "id" : 53,
      "name" : "Thriller"
    }, {
      "id" : 80,
      "name" : "Crime"
    } ]
  }, {
    "id" : 228577,
    "title" : "Born Sweet",
    "overview" : "Arsenic-laced water has poisoned a 15 year old boy from a small, rural village in Cambodia.",
    "genres" : [ {
      "id" : 99,
      "name" : "Documentary"
    } ]
  }, {
    "id" : 228582,
    "title" : "Nightingale In A Music Box",
    "overview" : "Two women confront the unleashing of a terrifying new technology... inside one of their own minds.",
    "genres" : [ ]
  }, {
    "id" : 228587,
    "title" : "La plage",
    "overview" : "Reworked and colored images of people playing at the seashore.- IMDb",
    "genres" : [ ]
  }, {
    "id" : 228592,
    "title" : "Jag älskar, du älskar",
    "overview" : "Helena and Sten are a couple but the relationship is falling apart.",
    "genres" : [ {
      "id" : 18,
      "name" : "Drama"
    } ]
  }, {
    "id" : 228602,
    "title" : "O Segredo das Massagistas",
    "overview" : "",
    "genres" : [ ]
  }, {
    "id" : 228617,
    "title" : "Turn Off the Lights",
    "overview" : "After years behind bars, three young men begin to rediscover lives of aggression and excess in their raucous Roma community. Among them is Alex, a captivating figure with a disturbingly blasé attitude toward violence, women, and guilt. In this absorbing documentary, offering a rare peek into contemporary Roma culture, Alex and his fellow ex-cons reconcile the outside world with the gray-shaded areas of morality with which they all struggle.",
    "genres" : [ {
      "id" : 99,
      "name" : "Documentary"
    } ]
  }, {
    "id" : 228637,
    "title" : "Have a Heart",
    "overview" : "A street vendor tries to help a dancing teacher who's lost the use of her legs.",
    "genres" : [ {
      "id" : 18,
      "name" : "Drama"
    }, {
      "id" : 10749,
      "name" : "Romance"
    } ]
  }, {
    "id" : 228642,
    "title" : "Exit",
    "overview" : "Stan is young, but had already been in hell. Once he was accused in a series of brutal murders, though the evidence was not accurate. The verdict of the court sent him to hospital, where they hold dangerous mentally ill. A few years later at the urging of his psychiatrist dealing resumed, and Stan was released.However, after his release from the hospital once again began killing one another frightening ...",
    "genres" : [ {
      "id" : 53,
      "name" : "Thriller"
    }, {
      "id" : 878,
      "name" : "Science Fiction"
    }, {
      "id" : 80,
      "name" : "Crime"
    } ]
  }, {
    "id" : 228647,
    "title" : "Miracles For Sale",
    "overview" : "A maker (Robert Young) of illusions for magicians protects an ingenue (Florence Rice) likely to be murdered.",
    "genres" : [ {
      "id" : 9648,
      "name" : "Mystery"
    } ]
  } ]
}