{
  "movies" : [ {
    "id" : 20857,
    "title" : "Hardball",
    "overview" : "An aimless young man who is scalping tickets, gambling and drinking, agrees to coach a Little League team from the Cabrini Green housing project in Chicago as a condition of getting a loan from a friend.",
    "genres" : [ {
      "id" : 35,
      "name" : "Comedy"
    }, {
      "id" : 10749,
      "name" : "Romance"
    } ]
  }, {
    "id" : 20862,
    "title" : "Smoke Signals",
    "overview" : "Young Indian man Thomas is a nerd in his reservation, wearing oversize glasses and telling everyone stories no-one wants to hear. His parents died in a fire in 1976, and Thomas was saved by Arnold. Arnold soon left his family, and Victor hasn't seen his father for 10 years. When Victor hears Arnold has died, Thomas offers him funding for the trip to get Arnold's remains",
    "genres" : [ {
      "id" : 18,
      "name" : "Drama"
    }, {
      "id" : 35,
      "name" : "Comedy"
    } ]
  }, {
    "id" : 20882,
    "title" : "Peculiarities of the National Fishing",
    "overview" : "General Ivolgin, forester Kuzmich, and good-natured Lyova lose their way on a fishing trip and wind up in a neighboring country, where they decide to have a good time anyway but end up leaving their vodka and fishing equipment behind.",
    "genres" : [ {
      "id" : 35,
      "name" : "Comedy"
    } ]
  }, {
    "id" : 20897,
    "title" : "Loreena McKennitt: Nights from the Alhambra",
    "overview" : "An enchanting musical performance, set beneath the stars in the breathtaking Moorish heart of medieval Spain. Captured in concert in September 2006, singer/composer Loreena McKennitt leads viewers through the multi-textured landscapes of her catalog, from traditional Celtic ballads to literary narratives and highlights from her latest recording, An Ancient Muse.Filmed in rich HDTV, Nights from the Alhambra evokes the otherworldly magic of Granada's palace of dreams, the fiery and inspired performances of a stellar cast of supporting musicians and, of course, the unforgettable voice and songs of Loreena McKennitt herself.",
    "genres" : [ {
      "id" : 10402,
      "name" : "Music"
    } ]
  }, {
    "id" : 20907,
    "title" : "Opium: Diary of a Madwoman",
    "overview" : "A drug-addicted doctor who works in an asylum discovers that one of his patients is a gifted writer.",
    "genres" : [ {
      "id" : 18,
      "name" : "Drama"
    } ]
  }, {
    "id" : 20912,
    "title" : "She Hate Me",
    "overview" : "Fired from his job, a former executive turns to impregnating wealthy lesbians for profit.",
    "genres" : [ {
      "id" : 35,
      "name" : "Comedy"
    }, {
      "id" : 18,
      "name" : "Drama"
    } ]
  }, {
    "id" : 20917,
    "title" : "Sunday",
    "overview" : "A dead body found floating in a lake… Unexplained scratch marks on her neck… Supari killers out to kill her… A taxi driver who yells ‘bhoot, bhoot’ every time he sees her...",
    "genres" : [ {
      "id" : 35,
      "name" : "Comedy"
    }, {
      "id" : 10769,
      "name" : "Foreign"
    }, {
      "id" : 53,
      "name" : "Thriller"
    } ]
  }, {
    "id" : 20927,
    "title" : "Bed of Roses",
    "overview" : "The seeds of love are planted when Lisa, a high-powered investment banker, receives flowers from a secret admirer. But when his fairy-tale fantasies clash with her workaholic ways, they soon find out that sometimes, it's harder than it seems for love to conquer all.",
    "genres" : [ {
      "id" : 18,
      "name" : "Drama"
    }, {
      "id" : 10749,
      "name" : "Romance"
    } ]
  }, {
    "id" : 20932,
    "title" : "Father Frost",
    "overview" : "A fairy tale about a conceited young man and a young woman with a tyrannical step-mother, who must overcome magical trials in order to be together.",
    "genres" : [ {
      "id" : 10751,
      "name" : "Family"
    }, {
      "id" : 14,
      "name" : "Fantasy"
    }, {
      "id" : 35,
      "name" : "Comedy"
    }, {
      "id" : 10749,
      "name" : "Romance"
    } ]
  }, {
    "id" : 20942,
    "title" : "House of Bamboo",
    "overview" : "Eddie Kenner (Robert Stack) is given a special assignment by the Army to get the inside story on Sandy Dawson (Robert Ryan), a former GI who has formed a gang of fellow servicemen and Japanese locals. They use their muscle to take over Tokyo's pachinko racket and commit a series of train robberies, targeting deliveries of military ammunition.",
    "genres" : [ {
      "id" : 80,
      "name" : "Crime"
    }, {
      "id" : 18,
      "name" : "Drama"
    } ]
  }, {
    "id" : 20947,
    "title" : "Moscow-Cassiopeia",
    "overview" : "Start of nterstellar expedition equipped by \"pioneers\"(soviet scouts).",
    "genres" : [ {
      "id" : 878,
      "name" : "Science Fiction"
    }, {
      "id" : 10751,
      "name" : "Family"
    }, {
      "id" : 12,
      "name" : "Adventure"
    }, {
      "id" : 35,
      "name" : "Comedy"
    } ]
  }, {
    "id" : 20962,
    "title" : "Absolutely Irish",
    "overview" : "No overview found.",
    "genres" : [ ]
  }, {
    "id" : 20967,
    "title" : "Thirty Two Short Films About Glenn Gould",
    "overview" : "A collection of vignettes highlighting different aspects of the life, work, and character of the acclaimed Canadian classical pianist.",
    "genres" : [ {
      "id" : 18,
      "name" : "Drama"
    }, {
      "id" : 10402,
      "name" : "Music"
    } ]
  }, {
    "id" : 20972,
    "title" : "The Wiggles: Hoop-Dee-Doo!",
    "overview" : "Hoop-Dee-Doo! It's time for some fun! You're invited to join the fab four of fun The Wiggles and their friends on a musical journey and celebration!",
    "genres" : [ {
      "id" : 10751,
      "name" : "Family"
    } ]
  }, {
    "id" : 20977,
    "title" : "Gas Station Queen",
    "overview" : "Lyudmila doesn't have any luck in finding the perfect job. She tried to be an air hostess, newscaster, model, ice skater, but fate had something else in store for her - a petrol station, where her incredible positivity and fiery personality charm everyone around her.",
    "genres" : [ {
      "id" : 35,
      "name" : "Comedy"
    } ]
  }, {
    "id" : 20982,
    "title" : "Naruto Shippuden: The Movie",
    "overview" : "Demons that once almost destroyed the world, are revived by someone. To prevent the world from being destroyed, the demon has to be sealed and the only one who can do it is the shrine maiden Shion from the country of demons, who has two powers; one is sealing demons and the other is predicting the deaths of humans. This time Naruto's mission is to guard Shion, but she predicts Naruto's death. The only way to escape it, is to get away from Shion, which would leave her unguarded, then the demon, whose only goal is to kill Shion will do so, thus meaning the end of the world. Naruto decides to challenge this \"prediction of death.\"",
    "genres" : [ {
      "id" : 10751,
      "name" : "Family"
    }, {
      "id" : 28,
      "name" : "Action"
    }, {
      "id" : 16,
      "name" : "Animation"
    }, {
      "id" : 12,
      "name" : "Adventure"
    }, {
      "id" : 14,
      "name" : "Fantasy"
    } ]
  }, {
    "id" : 20992,
    "title" : "Brother",
    "overview" : "Danila goes to his older brother to start a new life in Petersburg. His brother is a gangster and a killer, and he puts Danila into this criminal world asking him to kill someone.",
    "genres" : [ {
      "id" : 28,
      "name" : "Action"
    }, {
      "id" : 80,
      "name" : "Crime"
    }, {
      "id" : 53,
      "name" : "Thriller"
    } ]
  }, {
    "id" : 20997,
    "title" : "IMAX - Lost Worlds, Life in the Balance",
    "overview" : "Lost Worlds looks at untouched aspects of nature in parts of the world where humans rarely tread. From plants, to animals, to geology, this artfully photographed documentary presents facets of the biological world that you are not likely to see anywhere else.",
    "genres" : [ {
      "id" : 99,
      "name" : "Documentary"
    } ]
  }, {
    "id" : 21002,
    "title" : "25 to Life",
    "overview" : "An urban drama about a parolee trying to be a better father to his daughter as he struggles for perspective in his life.",
    "genres" : [ {
      "id" : 28,
      "name" : "Action"
    }, {
      "id" : 12,
      "name" : "Adventure"
    }, {
      "id" : 80,
      "name" : "Crime"
    }, {
      "id" : 18,
      "name" : "Drama"
    } ]
  }, {
    "id" : 21012,
    "title" : "Americanizing Shelley",
    "overview" : "A wannabe Hollywood player sets out to Americanize an Indian girl from the Himalayas.",
    "genres" : [ {
      "id" : 35,
      "name" : "Comedy"
    }, {
      "id" : 10749,
      "name" : "Romance"
    } ]
  }, {
    "id" : 21022,
    "title" : "Hush Hush Baby",
    "overview" : "No overview found.",
    "genres" : [ ]
  }, {
    "id" : 21027,
    "title" : "Shenandoah",
    "overview" : "Charlie Anderson, a farmer in Shenandoah, Virginia, finds himself and his family in the middle of the Civil War he wants nothing to do with. When his youngest boy is taken prisoner by the North the Civil War is forced upon him.",
    "genres" : [ {
      "id" : 28,
      "name" : "Action"
    }, {
      "id" : 12,
      "name" : "Adventure"
    }, {
      "id" : 18,
      "name" : "Drama"
    }, {
      "id" : 37,
      "name" : "Western"
    } ]
  }, {
    "id" : 21032,
    "title" : "Balto",
    "overview" : "An outcast half-wolf risks his life to prevent a deadly epidemic from ravaging Nome, Alaska.",
    "genres" : [ {
      "id" : 16,
      "name" : "Animation"
    }, {
      "id" : 12,
      "name" : "Adventure"
    }, {
      "id" : 10751,
      "name" : "Family"
    } ]
  }, {
    "id" : 21037,
    "title" : "Ali G, Innit",
    "overview" : "Ali G travels throughout Britain, interviewing unsuspecting leaders and politicians.",
    "genres" : [ {
      "id" : 35,
      "name" : "Comedy"
    } ]
  }, {
    "id" : 21042,
    "title" : "When Father Was Away on Business",
    "overview" : "Tito's break-up with Stalin in 1948 marked the beginning of not only confusing, but also very dangerous years for many hard-core Yugoslav communists. A careless remark about the newspaper cartoon is enough for Mesha to join many arrested unfortunates. His family is now forced to cope with the situation and wait for his release from prison.",
    "genres" : [ {
      "id" : 18,
      "name" : "Drama"
    } ]
  }, {
    "id" : 21052,
    "title" : "Levity",
    "overview" : "Manuel Jordan is a man who is free after serving 23 years for killing a teenager during an attempted robbery. After nearly two decades of staring at his victim's face on a newspaper clipping in his cell, the paroled man attempts to find redemption, in the form of a mysterious minister and two needy women",
    "genres" : [ {
      "id" : 80,
      "name" : "Crime"
    }, {
      "id" : 18,
      "name" : "Drama"
    } ]
  }, {
    "id" : 21057,
    "title" : "Ocean Waves",
    "overview" : "At Kichijōji Station, Tokyo, Taku Morisaki glimpses a familiar woman on the platform opposite boarding a train. Later, her photo falls from a shelf as he exits his apartment before flying to Kōchi Prefecture. Picking it up, he looks at it briefly before leaving. As the aeroplane takes off he narrates the events that brought her into his life...",
    "genres" : [ {
      "id" : 10749,
      "name" : "Romance"
    }, {
      "id" : 16,
      "name" : "Animation"
    }, {
      "id" : 18,
      "name" : "Drama"
    } ]
  }, {
    "id" : 21062,
    "title" : "Ready, Steady, Charlie!",
    "overview" : "In a Swiss church, Antonio Carrera is getting married to the pretty daughter of an Italian Mafioso, when army police officers march in and take him to the 15 week compulsory Swiss military training...",
    "genres" : [ {
      "id" : 35,
      "name" : "Comedy"
    }, {
      "id" : 10749,
      "name" : "Romance"
    } ]
  }, {
    "id" : 21067,
    "title" : "Who Made the Potatoe Salad?",
    "overview" : "An urban romantic comedy about a young San Diego policeman who travels to Los Angeles with his fiance to meet her dysfunctional family and announce their engagement.",
    "genres" : [ {
      "id" : 35,
      "name" : "Comedy"
    }, {
      "id" : 10749,
      "name" : "Romance"
    } ]
  }, {
    "id" : 21072,
    "title" : "Zero Tolerance",
    "overview" : "Johan is a two-fisted Gothenburg cop who finds himself in a shoot-out with jewel robbers. After the smoke has cleared, one robber, shot by his accomplice, and an innocent bystander, are dead. Three witnesses, including Helen, identify thug extraordinaire Leo Gaut as being the dead crook's trigger-happy colleague. Gaut soon threatens the three witnesses, and only Johan, the badge-wearing hero, can save them.",
    "genres" : [ {
      "id" : 28,
      "name" : "Action"
    }, {
      "id" : 53,
      "name" : "Thriller"
    } ]
  }, {
    "id" : 21077,
    "title" : "The Pure Hell of St. Trinian's",
    "overview" : "A dubious child psychiatrist is put in charge of the St. Trinian's school after it burns down. The sixth form are sent to Arabia to become harem girls. The Ministry of Education, Police and army go to rescue them, but it is the notorious St. Trinian's forth form who are going to make the real difference.",
    "genres" : [ {
      "id" : 35,
      "name" : "Comedy"
    } ]
  }, {
    "id" : 21102,
    "title" : "The Absent-Minded Waiter",
    "overview" : "Bernie Cates requests the services of the most absent-minded waiter he's ever seen, who pours water before setting the glasses, endlessly repeats questions, brings wrong orders, and ruins everything- but the bill.",
    "genres" : [ {
      "id" : 35,
      "name" : "Comedy"
    } ]
  }, {
    "id" : 21117,
    "title" : "Dirty Tricks",
    "overview" : "Martin Clunes plays Edward, an English tutor at an Oxford language school. Seemingly charming and thoughtful, Edward is really a calculating liar and manipulator. A series of events triggered at a dinner party leads Edward down a very precarious and hilarious path.",
    "genres" : [ {
      "id" : 35,
      "name" : "Comedy"
    }, {
      "id" : 80,
      "name" : "Crime"
    }, {
      "id" : 18,
      "name" : "Drama"
    } ]
  }, {
    "id" : 21132,
    "title" : "Monument Ave.",
    "overview" : "Bobby O'Grady a low level member of a Boston Irish gang run by Jackie O'Hara. Jackie demands absolute, total loyalty to him. When Jackie kills one of Bobby's buddies, Teddy, Bobby and others have to keep it an absolute secret, even from their and Teddy's relatives.",
    "genres" : [ {
      "id" : 18,
      "name" : "Drama"
    }, {
      "id" : 53,
      "name" : "Thriller"
    }, {
      "id" : 80,
      "name" : "Crime"
    } ]
  }, {
    "id" : 21137,
    "title" : "The Decline of Western Civilization",
    "overview" : "The Los Angeles punk music scene circa 1980 is the focus of this film. With Alice Bag Band, Black Flag, Catholic Discipline, Circle Jerks, Fear, Germs, and X.",
    "genres" : [ {
      "id" : 99,
      "name" : "Documentary"
    }, {
      "id" : 10402,
      "name" : "Music"
    } ]
  }, {
    "id" : 21142,
    "title" : "Billy Jack",
    "overview" : "Ex-Green Beret hapkido expert saves wild horses from being slaughtered for dog food and helps protect a desert \"freedom school\" for runaway.",
    "genres" : [ {
      "id" : 28,
      "name" : "Action"
    }, {
      "id" : 12,
      "name" : "Adventure"
    }, {
      "id" : 18,
      "name" : "Drama"
    } ]
  }, {
    "id" : 21147,
    "title" : "No Deposit, No Return",
    "overview" : "Two rich children devise a way to escape their grandfather and visit their mother. Unfortunately for two hapless safe crackers, they become part of the plan.",
    "genres" : [ {
      "id" : 35,
      "name" : "Comedy"
    }, {
      "id" : 10751,
      "name" : "Family"
    }, {
      "id" : 80,
      "name" : "Crime"
    } ]
  }, {
    "id" : 21157,
    "title" : "La paca de la vaca",
    "overview" : "No overview found.",
    "genres" : [ ]
  }, {
    "id" : 21167,
    "title" : "S&M Judge",
    "overview" : "In 1997, the Belgian public was in shock when judge Koen A. was convicted for the S&amp;M relationship with his wife. Although their life was destroyed by the verdict, Koen and his wife Magda remain together today. The film is a story about dark sexuality and true love, told from the lover's unique point of view",
    "genres" : [ {
      "id" : 18,
      "name" : "Drama"
    } ]
  }, {
    "id" : 21182,
    "title" : "Young @ Heart",
    "overview" : "Documents the true story of the final weeks of rehearsal for the Young at Heart Chorus in Northampton, MA and many of whom must overcome health adversities to participate. Their music going against the stereotype of their age group. Although they have toured Europe and sang for royalty, this account focuses on preparing new songs for a concert in their home town.",
    "genres" : [ {
      "id" : 99,
      "name" : "Documentary"
    } ]
  }, {
    "id" : 21187,
    "title" : "Diagnosis: Death",
    "overview" : "Two people meet as guinea pigs in a weekend drug trial.They soon discover their lives are in more danger than they imagined. The staff are peculiar. The drugs cause hallucinations. Or is the clinic really haunted? Struggling with their senses, they must team up to unravel a spooky mystery.",
    "genres" : [ {
      "id" : 27,
      "name" : "Horror"
    }, {
      "id" : 35,
      "name" : "Comedy"
    }, {
      "id" : 10769,
      "name" : "Foreign"
    } ]
  }, {
    "id" : 21192,
    "title" : "Caleb's Door",
    "overview" : "Caleb is an ex-marine who's drifting through life trying to find answers. He moves back to his childhood home to escape his nightmares. He finds that everything's different. His high school sweetheart is now engaged. His parish priest, to whom he always turned for support, is struggling with his own crisis of faith. And instead of getting better, the nightmares start coming true.",
    "genres" : [ {
      "id" : 53,
      "name" : "Thriller"
    } ]
  }, {
    "id" : 21202,
    "title" : "Madame Butterfly",
    "overview" : "Cio-Cio-San, a young Japanese geisha, seeks to fulfill her dreams through marriage to an American naval officer. Her faith in their future is shattered by his empty vows and the loss she endures touches something deep within us all.",
    "genres" : [ ]
  }, {
    "id" : 21217,
    "title" : "National Lampoon Presents The Beach Party at the Threshold of Hell",
    "overview" : "Based on the concept of \"New America\" in the year 2097, two decades after a nuclear apocalypse, Tex Kennedy, two robotic ex-secret service agents, and a female cannibal journey to find a famously dangerous area known as the \"Threshold of Hell\" to gain access to a radio tower to unite the survivors of the apocalypse.",
    "genres" : [ {
      "id" : 28,
      "name" : "Action"
    }, {
      "id" : 35,
      "name" : "Comedy"
    } ]
  }, {
    "id" : 21232,
    "title" : "Kal Kissne Dekha",
    "overview" : "Nihal Singh from Chandigarh is a seemingly simple yet unconventional boy. He talks too much, questions everything and builds complicated gadgets in this spare time. He has a brilliant mind and an oddball sort of charm. He adores his mother, has dreams of studying in the most elite institute of science and always looks for big ideas in small things. But, there is a big but... Nihal has a secret.",
    "genres" : [ {
      "id" : 18,
      "name" : "Drama"
    }, {
      "id" : 35,
      "name" : "Comedy"
    }, {
      "id" : 10749,
      "name" : "Romance"
    }, {
      "id" : 10769,
      "name" : "Foreign"
    } ]
  }, {
    "id" : 21242,
    "title" : "Valdez Is Coming",
    "overview" : "A Mexican-American sheriff must resort to violence against a powerful rancher in order to get just compensation for the pregnant Indian widow of a wrongly killed black man.",
    "genres" : [ {
      "id" : 37,
      "name" : "Western"
    } ]
  }, {
    "id" : 21247,
    "title" : "Dishdogz",
    "overview" : "A coming of age story about a teenager working at an extreme sports camp as a dishwasher and his relationship with the chef, who we come to find out was a skateboarding pioneer back in the day. Set at a fully operational extreme sports camp in Temecula, CA called Point X Camp.",
    "genres" : [ {
      "id" : 28,
      "name" : "Action"
    }, {
      "id" : 12,
      "name" : "Adventure"
    }, {
      "id" : 18,
      "name" : "Drama"
    }, {
      "id" : 10751,
      "name" : "Family"
    } ]
  }, {
    "id" : 21252,
    "title" : "Nil by Mouth",
    "overview" : "The family of Raymond, his wife Val and her brother Billy live in working-class London district. Also in their family is Val and Billy's mother Janet and grandmother Kath. Billy is a drug addict and Raymond kicks him out of the house, making him live on his own. Raymond is generally a rough and even violent person, and that leads to problems in the life of the family.",
    "genres" : [ {
      "id" : 18,
      "name" : "Drama"
    } ]
  }, {
    "id" : 21262,
    "title" : "Rent-A-Friend",
    "overview" : "No overview found.",
    "genres" : [ {
      "id" : 35,
      "name" : "Comedy"
    } ]
  }, {
    "id" : 21267,
    "title" : "Bertram & Co",
    "overview" : "No overview found.",
    "genres" : [ ]
  }, {
    "id" : 21282,
    "title" : "Otto er et næsehorn",
    "overview" : "No overview found.",
    "genres" : [ {
      "id" : 10751,
      "name" : "Family"
    }, {
      "id" : 35,
      "name" : "Comedy"
    } ]
  }, {
    "id" : 21297,
    "title" : "Wake Up Sid",
    "overview" : "Wake Up Sid! is the story of a lazy Mumbai college student who does absolutely nothing, with a turn of events will Sid realize his potential in this world and become a success in the fast-paced life of Mumbai.",
    "genres" : [ {
      "id" : 18,
      "name" : "Drama"
    }, {
      "id" : 35,
      "name" : "Comedy"
    }, {
      "id" : 10749,
      "name" : "Romance"
    }, {
      "id" : 10769,
      "name" : "Foreign"
    } ]
  }, {
    "id" : 21317,
    "title" : "Paramore: The Final Riot!",
    "overview" : "'The Final RIOT!' is a live CD and DVD that documents the band in their most intimate moments on tour. On top of the all access documentary footage, an entire 15 song live set was filmed at the Chicago stop of The Final RIOT! Tour, for what the band has called their 'best show ever.' Join millions of Paramore fans around the world as they experience 'The Final RIOT!'",
    "genres" : [ {
      "id" : 10402,
      "name" : "Music"
    } ]
  }, {
    "id" : 21327,
    "title" : "Ghost Rider: The Final Ride",
    "overview" : "Ghost Rider goes nuts on the busy street of Stockholm, terrorizing the local traffic and authorities. WARNING: Some scenes in this clip entail the reckless endangerment of the lives of people other than the driver. Ifilm neither condones nor encourages the sort of dangerous, illegal behavior presented in this video.",
    "genres" : [ ]
  }, {
    "id" : 21332,
    "title" : "Quicksilver",
    "overview" : "Jack Casey ('Kevin Bacon' )used to be a hot-shot stock market whiz kid. After a disastrous professional decision, his life in the fast lane is over. He loses his nerve and joins a speed delivery firm which relies on bicycles to avoid traffic jams of San Francisco, is attracted to a fellow bicycler, Terri, and befriends Hector, a budding entrepreneur. Can Jack regain his nerve and his self-respect, and rebuild his life on a more sound basis?",
    "genres" : [ {
      "id" : 28,
      "name" : "Action"
    }, {
      "id" : 12,
      "name" : "Adventure"
    }, {
      "id" : 18,
      "name" : "Drama"
    } ]
  }, {
    "id" : 21337,
    "title" : "Jamiroquai: Live at Montreux 2003",
    "overview" : "Jamiroquai are one of the most successful British acts to come out of the nineties. In America, they have sold 2.5 million albums, bolstered on the strength of their breakout album \"Traveling Without Moving\". The band deliver a blistering two-hour plus set crammed with hit singles and much loved album tracks led from the front by Jay Kay's charisma, movement and compulsory headgear.",
    "genres" : [ {
      "id" : 10402,
      "name" : "Music"
    } ]
  }, {
    "id" : 21342,
    "title" : "Pushkin: Poslednyaya duel",
    "overview" : "",
    "genres" : [ ]
  }, {
    "id" : 21352,
    "title" : "Andre",
    "overview" : "The true story of how a marine seal named Andre befriended a little girl and her family, circa 1962.",
    "genres" : [ {
      "id" : 18,
      "name" : "Drama"
    }, {
      "id" : 10751,
      "name" : "Family"
    }, {
      "id" : 12,
      "name" : "Adventure"
    } ]
  }, {
    "id" : 21357,
    "title" : "A Gnome Named Gnorm",
    "overview" : "Gnorm is just an average Gnome. But he wants to impress the lady Gnomes by doing something heroic. So he steals the Gnome's magic stones to expose them to sunlight to recharge them. When he gets to the surface, (Gnome's live deep underground) he witnesses a murder, and the killer ends up with his stones. Detective Casey, who was working a sting operation with the murdered man, (another detective) is blamed for botching the sting, and causing the death. Wanting to catch the killer to clear his name, he teams up with Gnorm, who he accidentally discovers. He is going to need Samantha's help, but she thinks he is a nut. You see, no one else knows about Gnorm.",
    "genres" : [ {
      "id" : 28,
      "name" : "Action"
    }, {
      "id" : 12,
      "name" : "Adventure"
    }, {
      "id" : 35,
      "name" : "Comedy"
    }, {
      "id" : 10751,
      "name" : "Family"
    }, {
      "id" : 14,
      "name" : "Fantasy"
    } ]
  }, {
    "id" : 21362,
    "title" : "High Spirits",
    "overview" : "When Peter Plunkett's Irish castle turned hotel is about to be repossesed, he decides to spice up the attraction a bit for the 'Yanks' by having his staff pretend to haunt the castle. The trouble begins when a busload of American tourists arrive - along with some real ghosts.",
    "genres" : [ {
      "id" : 27,
      "name" : "Horror"
    }, {
      "id" : 14,
      "name" : "Fantasy"
    }, {
      "id" : 35,
      "name" : "Comedy"
    } ]
  }, {
    "id" : 21367,
    "title" : "A Midsummer Night's Rave",
    "overview" : "A Midsummer Night's Rave is a modern rave take on Shakespeare's A Midsummer Night's Dream released in 2002",
    "genres" : [ {
      "id" : 35,
      "name" : "Comedy"
    }, {
      "id" : 18,
      "name" : "Drama"
    }, {
      "id" : 10749,
      "name" : "Romance"
    } ]
  }, {
    "id" : 21372,
    "title" : "Life Is Hot in Cracktown",
    "overview" : "Various stories of how crack cocaine has infiltrated the inner-city streets. Based on Buddy Giovinazzo's novel \"Life is Hot in Cracktown\".",
    "genres" : [ {
      "id" : 18,
      "name" : "Drama"
    } ]
  }, {
    "id" : 21377,
    "title" : "The Steel Lady",
    "overview" : "Surviving a plane crash in the Sahara, four oilmen find and manage to repair a German Afrika Corps tank which had been buried in the sand since WWII.",
    "genres" : [ {
      "id" : 28,
      "name" : "Action"
    }, {
      "id" : 18,
      "name" : "Drama"
    } ]
  }, {
    "id" : 21382,
    "title" : "The Snake",
    "overview" : "A ruthless gang led by private detective Joseph Plender is extorting rich people and famous fashion photographer Vincent Mandel seems the next victim. He is married to Hélène, daughter of one of the richest people in Europe, but not quite happily. In fact the marriage is on the brink of a divorce and a judge is deciding who will take the two children. Can Hélène take them to Germany or will they stay with Vincent? Vincent has a lot on his mind and he improvises when model Sofia Kippiani comes to his studio, but his makeup crew doesn't show up. Before he knows it, he is accused of a rape. Things go worse and worse for Vincent, he sees his entire life slipping away and, most importantly, he might lose his children. But why does his former schoolmate Joseph Plender seek contact with Vincent and even solve a nasty problem for him? Does Plender want something more than money?",
    "genres" : [ {
      "id" : 53,
      "name" : "Thriller"
    } ]
  }, {
    "id" : 21387,
    "title" : "Woody Woodpecker and Friends",
    "overview" : "A compilation of ten classic Walter Lantz cartoons: Knock Knock (1940), The Bandmaster (1947), Ski for Two (1944), Hot Noon or 12 O'Clock for Surf (1953), The Legend of Rockabye Point (1955), Wet Blanket Policy (1948), To Catch a Woodpecker (1957), Musical Moments from Chopin (1946), Bats in the Belfry (1960), and Crazy Mixed Up Pup (1955). Also includes the interesting documentary short on Walter Lantz's career \"Walter, Woody and the World of Animation\".  Note: This is NOT the 2007 and 2008 DVD collections titled \"The Woody Woodpecker and Friends Classic Cartoon Collection\" shown as the cover image.",
    "genres" : [ {
      "id" : 16,
      "name" : "Animation"
    }, {
      "id" : 35,
      "name" : "Comedy"
    } ]
  }, {
    "id" : 21407,
    "title" : "The Collector",
    "overview" : "Desperate to repay his debt to his ex-wife, an ex-con plots a heist at his new employer's country home, unaware that a second criminal has also targeted the property, and rigged it with a series of deadly traps.",
    "genres" : [ {
      "id" : 27,
      "name" : "Horror"
    }, {
      "id" : 53,
      "name" : "Thriller"
    } ]
  }, {
    "id" : 21412,
    "title" : "Classical Baby: The Art Show",
    "overview" : "The gallery is set: it's time to see some of the world's greatest works of art accompanied by some great classical music. The exhibit features works by Monet, Degas, Pollock, Van Gogh, plus many other masterpieces. The music is playing, the tour is about to begin; it's time to explore Classical Baby: The Art Show!",
    "genres" : [ {
      "id" : 10751,
      "name" : "Family"
    } ]
  }, {
    "id" : 21422,
    "title" : "Detective Conan: Skyscraper on a Timer",
    "overview" : "Shinichi is invited to a party held by a famous architect and Shinichi asks Ran to go instead. There a mysterious person plants a lot of bombs and gives Shinichi clues as to the location of the bombs. Shinichi tries to uncover all the bombs and save Ran's life.",
    "genres" : [ {
      "id" : 16,
      "name" : "Animation"
    }, {
      "id" : 80,
      "name" : "Crime"
    }, {
      "id" : 53,
      "name" : "Thriller"
    } ]
  }, {
    "id" : 21427,
    "title" : "The Valet",
    "overview" : "Caught by tabloid paparazzi with his mistress Elena, a famous and beautiful fashion model, billionaire Pierre Levasseur tries to avoid a divorce by inventing a preposterous lie. He uses the presence of a passerby in the photo to claim to his wife that it's not him Elena is seeing but the other man, one François Pignon. Pignon is a modest little man who works as a parking valet. To make the story convincing, Elena has to move in with Pignon.",
    "genres" : [ {
      "id" : 35,
      "name" : "Comedy"
    } ]
  }, {
    "id" : 21442,
    "title" : "Everybody Has Secrets",
    "overview" : "A mysterious stranger seduces three sisters in this sensual romantic comedy from director Jang Hyeon-Su.",
    "genres" : [ {
      "id" : 35,
      "name" : "Comedy"
    }, {
      "id" : 10749,
      "name" : "Romance"
    } ]
  }, {
    "id" : 21447,
    "title" : "The Nautical Chart",
    "overview" : "No overview found.",
    "genres" : [ ]
  }, {
    "id" : 21452,
    "title" : "Detective Conan: The Fourteenth Target",
    "overview" : "Ran has a nightmare about her mother dying, but starts to remember what really happened involving herself, her mother, and her father from 10 years ago. Meanwhile, people are being injured by a certain culprit. Conan soon realizes that these people all have some kind of relation to Mouri, and that they all had a number in their name corresponding to a playing card and were being targeted in order,",
    "genres" : [ {
      "id" : 80,
      "name" : "Crime"
    }, {
      "id" : 53,
      "name" : "Thriller"
    } ]
  }, {
    "id" : 21462,
    "title" : "Masoom",
    "overview" : "D.K. Malhotra lives a comfortable lifestyle with his wife, Indu, and two school-going daughters, Pinky and Minni. He works in the office of an Architect. One day while the family is relaxing, D.K. gets a phone call that results in him bringing home a young school-going boy by the name of Rahul. Indu is shocked to learn that Rahul is D.K.'s son from another woman, Bhavana, who is no more. D.K. does his best to make Rahul comfortable, but fails. Rahul also feels that Indu does not really like him, though Pinky and Minni have taken to him in a big way. Finally, D.K. decides to admit Rahul in a boarding school in far off Nainital. Rahul reluctantly goes along with this new-found uncle/friend. It is when Rahul is asked to put his papers together for school that Rahul finds out that D.K. is his biological father. Watch what happens when Rahul disappears from D.K.'s house, and the impact this has on D.K., Indu, and her two daughters.",
    "genres" : [ {
      "id" : 18,
      "name" : "Drama"
    }, {
      "id" : 10751,
      "name" : "Family"
    } ]
  }, {
    "id" : 21467,
    "title" : "The Bone Man",
    "overview" : "Set in a sleepy Austrian mountain village, ex-detective Simon Brenner has grown weary of his job repossessing cars and embarks on an extended getaway to the countryside. But before long he becomes embroiled in the convoluted world of the locals of a supposedly quiet town.",
    "genres" : [ {
      "id" : 80,
      "name" : "Crime"
    }, {
      "id" : 53,
      "name" : "Thriller"
    }, {
      "id" : 35,
      "name" : "Comedy"
    } ]
  }, {
    "id" : 21487,
    "title" : "Sikandar",
    "overview" : "",
    "genres" : [ {
      "id" : 18,
      "name" : "Drama"
    }, {
      "id" : 10769,
      "name" : "Foreign"
    }, {
      "id" : 53,
      "name" : "Thriller"
    } ]
  }, {
    "id" : 21502,
    "title" : "Satya",
    "overview" : "A young man named Satya comes to Mumbai from South India in search of a job. Jailed for something he did not do, the once-honest young man meets an underworld boss, Bhiku Mhatre in jail and joins his gang.",
    "genres" : [ {
      "id" : 80,
      "name" : "Crime"
    }, {
      "id" : 18,
      "name" : "Drama"
    }, {
      "id" : 28,
      "name" : "Action"
    }, {
      "id" : 53,
      "name" : "Thriller"
    } ]
  }, {
    "id" : 21512,
    "title" : "The Blood of Heroes",
    "overview" : "Set in a futuristic world where the only sport that has survived in a wasted society is the brutal game known as jugging. Sallow, the leader of a rag-tag team, has played in the main Leagues before, but was cast out because of indiscretions with a lady. However now joined by a talented newcomer, Kidda, an ambitious young peasant girl he and his team find they have one last chance for glory",
    "genres" : [ {
      "id" : 28,
      "name" : "Action"
    }, {
      "id" : 12,
      "name" : "Adventure"
    }, {
      "id" : 878,
      "name" : "Science Fiction"
    } ]
  }, {
    "id" : 21522,
    "title" : "Enter the Phoenix",
    "overview" : "Georgie Hung is handsome, stylish and charming but he hides a secret that his old-fashion father, Hung who is a Triad leader, can never forgive. He has been sent to Thailand since he was a child and never returned. After Hung's death, his right-hand Cheung intends to bring back Georgie to take over. However, Cheung finds Sam, Georgie's flat-mate, whom he mistakes for Geogie...",
    "genres" : [ {
      "id" : 53,
      "name" : "Thriller"
    }, {
      "id" : 28,
      "name" : "Action"
    }, {
      "id" : 35,
      "name" : "Comedy"
    } ]
  }, {
    "id" : 21537,
    "title" : "Not Scared to Die",
    "overview" : "Historical movie set during the Japanese occupation of China during WWII. Jackie Chan is one of the good guys but has nothing much more than a supporting role.",
    "genres" : [ {
      "id" : 28,
      "name" : "Action"
    }, {
      "id" : 18,
      "name" : "Drama"
    }, {
      "id" : 36,
      "name" : "History"
    } ]
  }, {
    "id" : 21542,
    "title" : "Love Don't Cost a Thing",
    "overview" : "High school loser (Cannon) pays a cheerleader (Milian) to pose as his girlfriend so he can be considered cool. Remake of 1987's Can't Buy Me Love, starring Patrick Dempsey.",
    "genres" : [ {
      "id" : 35,
      "name" : "Comedy"
    }, {
      "id" : 18,
      "name" : "Drama"
    }, {
      "id" : 10751,
      "name" : "Family"
    }, {
      "id" : 10749,
      "name" : "Romance"
    } ]
  }, {
    "id" : 21557,
    "title" : "Hazaaron Khwaishein Aisi",
    "overview" : "Set against the backdrop of the Indian Emergency, the movie tells the story of three youngsters in the 70s, when India was undergoing massive social and political changes. The movie's title is taken from the couplet of Urdu poet Mirza Ghalib.",
    "genres" : [ {
      "id" : 18,
      "name" : "Drama"
    } ]
  }, {
    "id" : 21562,
    "title" : "The Crypt",
    "overview" : "Six young criminals break into hidden catacombs underneath their town and attempt to steal jewelry buried from the \"Great Depression\" only to find inhabitants guarding the precious belongings. After being trapped in this dark maze of crypts the group tries to escape alive.",
    "genres" : [ {
      "id" : 27,
      "name" : "Horror"
    } ]
  }, {
    "id" : 21567,
    "title" : "Iqbal",
    "overview" : "This is all about chasing your dreams, no matter what the obstacles. The story involves a young deaf and dumb boy who is crazy about cricket.",
    "genres" : [ {
      "id" : 18,
      "name" : "Drama"
    }, {
      "id" : 10769,
      "name" : "Foreign"
    } ]
  }, {
    "id" : 21577,
    "title" : "Killing Zelda Sparks",
    "overview" : "When Zelda Sparks comes back to the small town of New Essex, two old high school buddies Craig Blackshear and Terry Seville decide to pull a vicious prank on Craig's meddling former girlfriend Zelda -- but Terry is appalled to learn that the prank may have taken a deadly turn...",
    "genres" : [ {
      "id" : 53,
      "name" : "Thriller"
    } ]
  }, {
    "id" : 21587,
    "title" : "Jon Stewart: Unleavened",
    "overview" : "Jon Stewart performs a solo standup routine, telecast live from Miami, Florida.",
    "genres" : [ {
      "id" : 35,
      "name" : "Comedy"
    } ]
  }, {
    "id" : 21597,
    "title" : "Elvira's Haunted Hills",
    "overview" : "The setting is Carpathia. The year is 1851. When Elvira gets kicked out of an Inn for a slight monetary discrepancy, she is rescued by a local who takes her to stay at the castle in the hills high above the village. The fact that she happens to resemble the count's former \"missing\" wife opens a can of worms or two.",
    "genres" : [ {
      "id" : 35,
      "name" : "Comedy"
    }, {
      "id" : 27,
      "name" : "Horror"
    } ]
  }, {
    "id" : 21602,
    "title" : "Angels in the Attic",
    "overview" : "The attic of Brad and Franky's apartment building holds a suitcase full of cash. Now, these two good-hearted Robin Hoods are on a mission of mercy to save some needy neighbors with gifts of money and presents. But the suitcase belongs to a bank robber and now the two young heroes must figure out a way to capture the thief and return the money while saving their neighbors one last time!",
    "genres" : [ {
      "id" : 10751,
      "name" : "Family"
    }, {
      "id" : 35,
      "name" : "Comedy"
    } ]
  }, {
    "id" : 21607,
    "title" : "Kisaan",
    "overview" : "This sweeping, melodramatic saga of a powerful father, and his two sons, presents an honest view of the rugged life and goals of a simple farming family against the lush green agricultural lands of modern day Punjab.",
    "genres" : [ {
      "id" : 18,
      "name" : "Drama"
    }, {
      "id" : 10769,
      "name" : "Foreign"
    } ]
  }, {
    "id" : 21612,
    "title" : "The Funeral",
    "overview" : "The story concerns the funeral of one of three brothers in a family of gangsters that lived in New York in 1930s. Details of the past of the brothers and their families are shown through a series of flashbacks, climaxing in a shocking ending.",
    "genres" : [ {
      "id" : 80,
      "name" : "Crime"
    }, {
      "id" : 18,
      "name" : "Drama"
    } ]
  }, {
    "id" : 21622,
    "title" : "Cover Girl",
    "overview" : "Rusty Parker, a red-headed leggy dancer at Danny McGuire's Night Club in Brooklyn, wants to be a successful Broadway star. She enters a contest to be a 'Cover Girl' as a stepping-stone in her career. She reminds the publisher, John Coudair, of his lost love, showgirl Maribelle Hicks. He was engaged to Maribelle, although his wealthy society mother made fun of her. Maribelle left John at the altar when she saw the piano at her wedding. It reminded her of the piano-player she truly loved. Rusty is Maribelle's granddaughter and there are musical sequences with Maribelle dancing to songs from the beginning of the 20th century.",
    "genres" : [ {
      "id" : 35,
      "name" : "Comedy"
    }, {
      "id" : 10402,
      "name" : "Music"
    }, {
      "id" : 10749,
      "name" : "Romance"
    } ]
  }, {
    "id" : 21627,
    "title" : "Crimewave",
    "overview" : "Fed up of his business partner, Ernest Trend hires the services of two exterminators. When things go drastically wrong and they murder the wrong man, the race is on to frame an innocent video surveillance man.",
    "genres" : [ {
      "id" : 53,
      "name" : "Thriller"
    }, {
      "id" : 35,
      "name" : "Comedy"
    }, {
      "id" : 80,
      "name" : "Crime"
    } ]
  }, {
    "id" : 21647,
    "title" : "Sex Is Zero 2",
    "overview" : "'Veteran' student Eun-sik and prom queen, swimming champ Kyung-ah are a notorious couple at the campus. While their relationship has been solid for three years, Eun-sik struggles to proceed to the 'next step' with Kyung-ah, and despite the help and support of his friends, does not manage to get her into bed. Eun-sik fears that Kyung-ah will turn her back on him and is determined to get her back...",
    "genres" : [ {
      "id" : 10749,
      "name" : "Romance"
    }, {
      "id" : 35,
      "name" : "Comedy"
    } ]
  }, {
    "id" : 21657,
    "title" : "Nora Roberts’ Northern Lights",
    "overview" : "Hoping to leave behind troubled days in the Baltimore city police department, Nate Burns (Eddie Cibrian) journeys to Alaska, where he takes up a quiet life as a small-town sheriff and begins a romance with spirited bush pilot Meg Galligan (LeAnn Rimes). But when Meg's father turns up dead, Burns finds himself thrust into the limelight of a dangerous murder investigation.",
    "genres" : [ {
      "id" : 10770,
      "name" : "TV Movie"
    }, {
      "id" : 18,
      "name" : "Drama"
    }, {
      "id" : 9648,
      "name" : "Mystery"
    }, {
      "id" : 10749,
      "name" : "Romance"
    } ]
  }, {
    "id" : 21662,
    "title" : "America Unchained",
    "overview" : "British Comedian Dave Gorman travels across America without supporting the 'Man'. In other words, no Holiday Inns, no Best Westerns and no Comfort Suites. No Shells, no Arcos and no BP gas stations. No MacDonalds, no Starbucks and no chains of any kind. Just Mom &amp; Pop business all the way.",
    "genres" : [ {
      "id" : 12,
      "name" : "Adventure"
    }, {
      "id" : 35,
      "name" : "Comedy"
    }, {
      "id" : 99,
      "name" : "Documentary"
    } ]
  }, {
    "id" : 21707,
    "title" : "My Wife Is a Gangster",
    "overview" : "Eunjin who is a living legend among the gangsters dominates the male-centered underworld wielding only a pair of her trademark blades. One day, Eun-jin finds her sister from whom she was separated at an orphanage during childhood, and her sister tells Eun-jin that her last dying wish is to see that Eun-jin gets married.",
    "genres" : [ {
      "id" : 28,
      "name" : "Action"
    }, {
      "id" : 35,
      "name" : "Comedy"
    } ]
  }, {
    "id" : 21712,
    "title" : "Mind Game",
    "overview" : "The film follows Nishi, a loser who has a crush on his childhood girlfriend. After an encounter with the Japanese mafia, the film follows Nishi as he journeys to heaven and back, and ends up trapped in an even more unlikely place.",
    "genres" : [ {
      "id" : 12,
      "name" : "Adventure"
    }, {
      "id" : 16,
      "name" : "Animation"
    }, {
      "id" : 9648,
      "name" : "Mystery"
    } ]
  }, {
    "id" : 21717,
    "title" : "Big Jake",
    "overview" : "An aging Texas cattle man who has outlived his time swings into action when outlaws kidnap his grandson.",
    "genres" : [ {
      "id" : 37,
      "name" : "Western"
    } ]
  }, {
    "id" : 21737,
    "title" : "Extreme",
    "overview" : "EXTREME is a visually stunning 45-minute journey into the soul of adventure featuring a cast of world champion athletes. Combining incredible extreme sport action with narration from the athletes and an eclectic, contemporary soundtrack, EXTREME explores the paradox of human nature: facing fear from the edge of life.",
    "genres" : [ {
      "id" : 99,
      "name" : "Documentary"
    } ]
  }, {
    "id" : 21742,
    "title" : "Into the Deep",
    "overview" : "An underwater exploration beneath kelp forests in the Pacific Ocean off the coast of Southern California. The film captures the birth of a shark, squids mating, a lobster molting, a fish protecting its nest from an octopus and a sea urchin, and the sea bed covered with brittle stars.",
    "genres" : [ {
      "id" : 99,
      "name" : "Documentary"
    } ]
  }, {
    "id" : 21752,
    "title" : "If I Were You 2",
    "overview" : "Claudio and Helena are on the verge of breaking up, until the couple experiences another strange phenomenon that looks to help them understand one another more.",
    "genres" : [ {
      "id" : 35,
      "name" : "Comedy"
    } ]
  } ]
}