{
  "movies" : [ {
    "id" : 1957,
    "title" : "Enough",
    "overview" : "Working-class waitress Slim thought she was entering a life of domestic bliss when she married Mitch, the man of her dreams. After the arrival of their first child, her picture perfect life is shattered when she discovers Mitch's hidden possessive dark side, a controlling and abusive alter ego that can turn trust, love and tranquility into terror. Terrified for her child's safety, Slim flees with her daughter. Relentless in his pursuit and enlisting the aid of lethal henchmen, Mitch continually stalks the prey that was once his family.",
    "genres" : [ {
      "id" : 18,
      "name" : "Drama"
    }, {
      "id" : 53,
      "name" : "Thriller"
    } ]
  }, {
    "id" : 1962,
    "title" : "Love in Thoughts",
    "overview" : "A posthumous look at the last days of Guenther's life as he, his best friend, and his sister let loose on a four-day binge of alcohol, drugs, and sex.",
    "genres" : [ {
      "id" : 18,
      "name" : "Drama"
    } ]
  }, {
    "id" : 1967,
    "title" : "Ask the Dust",
    "overview" : "Mexican beauty Camilla hopes to rise above her station by marrying a wealthy American. That is complicated by meeting Arturo Bandini, a first-generation Italian hoping to land a writing career and a blue-eyed blonde on his arm.",
    "genres" : [ {
      "id" : 18,
      "name" : "Drama"
    }, {
      "id" : 10749,
      "name" : "Romance"
    } ]
  }, {
    "id" : 1977,
    "title" : "The Grudge 3",
    "overview" : "Jake, the sole survivor of The Grudge 2 massacre, is tortured by chilling visions of Kayako and Toshio that have led to his hospitalization. Jake's caretaker, Dr. Sullivan is determined to investigate his horrifying tales. She explores his Chicago home, finding another family on the brink of succumbing to the curse. It becomes clear that Jake's terrifying stories are true, and a mysterious Japanese woman may be the only hope of banishing the spirits forever...unless her plan destroys them all.",
    "genres" : [ {
      "id" : 9648,
      "name" : "Mystery"
    }, {
      "id" : 27,
      "name" : "Horror"
    }, {
      "id" : 53,
      "name" : "Thriller"
    } ]
  }, {
    "id" : 1987,
    "title" : "Benny's Video",
    "overview" : "A 14-year-old video enthusiast is so caught up in film fantasy that he can no longer relate to the real world, to such an extent that he commits murder and records an on-camera confession for his parents.",
    "genres" : [ {
      "id" : 27,
      "name" : "Horror"
    }, {
      "id" : 80,
      "name" : "Crime"
    }, {
      "id" : 18,
      "name" : "Drama"
    } ]
  }, {
    "id" : 1992,
    "title" : "Planet Terror",
    "overview" : "Two doctors find their graveyard shift inundated with townspeople ravaged by sores. Among the wounded is Cherry, a dancer whose leg was ripped from her body. As the invalids quickly become enraged aggressors, Cherry and her ex-boyfriend Wray lead a team of accidental warriors into the night.",
    "genres" : [ {
      "id" : 27,
      "name" : "Horror"
    }, {
      "id" : 28,
      "name" : "Action"
    }, {
      "id" : 53,
      "name" : "Thriller"
    } ]
  }, {
    "id" : 1997,
    "title" : "Two Brothers",
    "overview" : "Two tigers are separated as cubs and taken into captivity, only to be reunited years later as enemies by an explorer (Pearce) who inadvertently forces them to fight each other.",
    "genres" : [ {
      "id" : 12,
      "name" : "Adventure"
    }, {
      "id" : 18,
      "name" : "Drama"
    }, {
      "id" : 10751,
      "name" : "Family"
    } ]
  }, {
    "id" : 2002,
    "title" : "The Last Mistress",
    "overview" : "Secrets, rumors and betrayals surround the upcoming marriage between a young dissolute man and virtuous woman of the French aristocracy.",
    "genres" : [ {
      "id" : 18,
      "name" : "Drama"
    }, {
      "id" : 10749,
      "name" : "Romance"
    } ]
  }, {
    "id" : 2007,
    "title" : "Lorenzo's Oil",
    "overview" : "Lorenzo Odone was a normal child until the age of 7. After then, strange things began to happen to him: he would have blackouts, memory lapses, and other strange mental phemonenons. He is eventually diagnosed as suffering from ALD: an extremely rare incurable degenerative brain disorder. Frustrated at the failings of doctors and medicine in this area, the Odones begin to educate themselves",
    "genres" : [ {
      "id" : 18,
      "name" : "Drama"
    } ]
  }, {
    "id" : 2012,
    "title" : "Silent Light",
    "overview" : "Johan and his family are Mennonites from the north of Mexico. Against the law of God and Man, Johan falls in love with another woman.",
    "genres" : [ {
      "id" : 18,
      "name" : "Drama"
    } ]
  }, {
    "id" : 2017,
    "title" : "No Good Deed",
    "overview" : "While doing a friend a favor and searching for a runaway teenager, a police detective stumbles upon a bizarre band of criminals about to pull off a bank robbery.",
    "genres" : [ {
      "id" : 28,
      "name" : "Action"
    }, {
      "id" : 80,
      "name" : "Crime"
    }, {
      "id" : 18,
      "name" : "Drama"
    }, {
      "id" : 9648,
      "name" : "Mystery"
    }, {
      "id" : 53,
      "name" : "Thriller"
    } ]
  }, {
    "id" : 2022,
    "title" : "Mr. Deeds",
    "overview" : "When Longfellow Deeds, a small-town pizzeria owner and poet, inherits $40 billion from his deceased uncle, he quickly begins rolling in a different kind of dough. Moving to the big city, Deeds finds himself besieged by opportunists all gunning for their piece of the pie. Babe, a television tabloid reporter, poses as an innocent small-town girl to do an exposé on Deeds.",
    "genres" : [ {
      "id" : 35,
      "name" : "Comedy"
    }, {
      "id" : 10749,
      "name" : "Romance"
    } ]
  }, {
    "id" : 2032,
    "title" : "Transit",
    "overview" : "A group of American pilots from Alaska ferry Airacobra fighter planes across the ocean on Lend-lease. The orderly course of life is disrupted when it becomes clear that the American pilots are attractive and charming young women. The feelings of the Russian young men collide into barriers of culture and language resulting in a host of awkward, funny, and sometimes tragic situations.It is the story of Russians, Americans, and natives of the Far North. It is the story of man and woman in war. Love and death are squeezed between the hills as human fates are destroyed and born.",
    "genres" : [ {
      "id" : 35,
      "name" : "Comedy"
    }, {
      "id" : 18,
      "name" : "Drama"
    }, {
      "id" : 10752,
      "name" : "War"
    } ]
  }, {
    "id" : 2037,
    "title" : "Aphrodite",
    "overview" : "Harry is a young millionaire on holiday; he takes his yacht to a Greek island, and stays in the mansion of his friend...",
    "genres" : [ {
      "id" : 18,
      "name" : "Drama"
    }, {
      "id" : 10769,
      "name" : "Foreign"
    } ]
  }, {
    "id" : 2042,
    "title" : "Savior",
    "overview" : "A hardened mercenary in the Foreign Legion begins to find his own humanity when confronted with atrocities during the fighting in Bosnia",
    "genres" : [ {
      "id" : 36,
      "name" : "History"
    }, {
      "id" : 18,
      "name" : "Drama"
    }, {
      "id" : 10752,
      "name" : "War"
    } ]
  }, {
    "id" : 2047,
    "title" : "The Real McCoy",
    "overview" : "Karen McCoy is released from prison with nothing but the clothes on her back. Before being incarcerated Karen was the bank robber of her time, but now she wishes for nothing more than to settle down and start a new life. Unfortunately between a dirty parole officer, old business partners, and an idiot ex-husband she will have to do the unthinkable in order to save her son.",
    "genres" : [ {
      "id" : 28,
      "name" : "Action"
    }, {
      "id" : 80,
      "name" : "Crime"
    }, {
      "id" : 18,
      "name" : "Drama"
    }, {
      "id" : 53,
      "name" : "Thriller"
    } ]
  }, {
    "id" : 2057,
    "title" : "Original Sin",
    "overview" : "A young man is plunged into a life of subterfuge, deceit and mistaken identity in pursuit of a femme fatale whose heart is never quite within his grasp",
    "genres" : [ {
      "id" : 53,
      "name" : "Thriller"
    } ]
  }, {
    "id" : 2062,
    "title" : "Ratatouille",
    "overview" : "A rat named Remy dreams of becoming a great French chef despite his family's wishes and the obvious problem of being a rat in a decidedly rodent-phobic profession. When fate places Remy in the sewers of Paris, he finds himself ideally situated beneath a restaurant made famous by his culinary hero, Auguste Gusteau. Despite the apparent dangers of being an unlikely - and certainly unwanted - visitor in the kitchen of a fine French restaurant, Remy's passion for cooking soon sets into motion a hilarious and exciting rat race that turns the culinary world of Paris upside down.",
    "genres" : [ {
      "id" : 16,
      "name" : "Animation"
    }, {
      "id" : 35,
      "name" : "Comedy"
    }, {
      "id" : 10751,
      "name" : "Family"
    }, {
      "id" : 14,
      "name" : "Fantasy"
    } ]
  }, {
    "id" : 2067,
    "title" : "Mission to Mars",
    "overview" : "When contact is lost with the crew of the first Mars expedition, a rescue mission is launched to discover their fate.",
    "genres" : [ {
      "id" : 18,
      "name" : "Drama"
    }, {
      "id" : 878,
      "name" : "Science Fiction"
    }, {
      "id" : 12,
      "name" : "Adventure"
    } ]
  }, {
    "id" : 2072,
    "title" : "Cyberjack",
    "overview" : "In the near future Nassim, terrorist leader, storms computer company headquarters. His aim is deadly computer virus that could bring him world domination. Nick, company janitor and ex-cop, will get in his way.",
    "genres" : [ {
      "id" : 28,
      "name" : "Action"
    }, {
      "id" : 878,
      "name" : "Science Fiction"
    }, {
      "id" : 53,
      "name" : "Thriller"
    } ]
  }, {
    "id" : 2077,
    "title" : "The Rink",
    "overview" : "After amusements working in a restaurant, Charlie uses his lunch break to go roller skating.",
    "genres" : [ {
      "id" : 35,
      "name" : "Comedy"
    } ]
  }, {
    "id" : 2082,
    "title" : "Halloween",
    "overview" : "After being committed for 17 years, Michael Myers, now a grown man and still very dangerous, escapes from the mental institution (where he was committed as a 10 year old) and he immediately returns to Haddonfield, where he wants to find his baby sister, Laurie. Anyone who crosses his path is in mortal danger",
    "genres" : [ {
      "id" : 27,
      "name" : "Horror"
    } ]
  }, {
    "id" : 2087,
    "title" : "The Getaway",
    "overview" : "Doc McCoy is put in prison because his partners chickened out and flew off without him after exchanging a prisoner with a lot of money. Doc knows Jack Benyon, a rich \"business\"-man, is up to something big, so he tells his wife (Carol McCoy) to tell him that he's for sale if Benyon can get him out of prison. Benyon pulls some strings and Doc McCoy is released again. Unfortunately he has to cooperate with the same person that got him to prison.",
    "genres" : [ {
      "id" : 18,
      "name" : "Drama"
    }, {
      "id" : 28,
      "name" : "Action"
    }, {
      "id" : 53,
      "name" : "Thriller"
    } ]
  }, {
    "id" : 2092,
    "title" : "Wish You Were Here",
    "overview" : "A man desperately searches for his girlfriend on the Costa del Sol.",
    "genres" : [ {
      "id" : 53,
      "name" : "Thriller"
    } ]
  }, {
    "id" : 2097,
    "title" : "Gappa, the Triphibian Monster",
    "overview" : "An expedition in the South Pacific lands on a tropical island where the natives worship the mysterious deity Gappa. An earthquake opens up an underground cavern and a baby reptile is discovered inside. The natives warn the foreigners to leave the hatching alone, but they don't listen and take it back to a zoo in Japan. Soon after, moma and papa Gappa start smashing Tokyo looking for their kidnapped child.",
    "genres" : [ {
      "id" : 27,
      "name" : "Horror"
    }, {
      "id" : 878,
      "name" : "Science Fiction"
    } ]
  }, {
    "id" : 2102,
    "title" : "Solar Crisis",
    "overview" : "A huge solar flare is predicted to fry the Earth. Astronauts aboard the spaceship Helios must go to the Sun to drop a bomb equipped with an Artificial Intelligence (Freddy) and a Japanese pilot (as a back up if the Artificial Intelligence fail) at the right time so the flare will point somewhere else.",
    "genres" : [ {
      "id" : 12,
      "name" : "Adventure"
    }, {
      "id" : 18,
      "name" : "Drama"
    }, {
      "id" : 28,
      "name" : "Action"
    }, {
      "id" : 53,
      "name" : "Thriller"
    }, {
      "id" : 878,
      "name" : "Science Fiction"
    }, {
      "id" : 10769,
      "name" : "Foreign"
    } ]
  }, {
    "id" : 2107,
    "title" : "L.A. Story",
    "overview" : "With the help of a talking freeway billboard, a \"wacky weatherman\" tries to win the heart of an English newspaper reporter, who is struggling to make sense of the strange world of early-90s Los Angeles.",
    "genres" : [ {
      "id" : 35,
      "name" : "Comedy"
    }, {
      "id" : 18,
      "name" : "Drama"
    }, {
      "id" : 14,
      "name" : "Fantasy"
    }, {
      "id" : 10749,
      "name" : "Romance"
    } ]
  }, {
    "id" : 2112,
    "title" : "Payback",
    "overview" : "With friends like these, who needs enemies? That's the question bad guy Porter is left asking after his wife and partner steal his heist money and leave him for dead -- or so they think. Five months and an endless reservoir of bitterness later, Porter's partners and the crooked cops on his tail learn how bad payback can be.",
    "genres" : [ {
      "id" : 18,
      "name" : "Drama"
    }, {
      "id" : 28,
      "name" : "Action"
    }, {
      "id" : 53,
      "name" : "Thriller"
    }, {
      "id" : 80,
      "name" : "Crime"
    } ]
  }, {
    "id" : 2117,
    "title" : "Sophie Scholl: The Final Days",
    "overview" : "True story of Germany's most famous anti-Nazi heroine brought to thrilling, dramatic life. Sophie Scholl stars Julia Jentsch in a luminous performance as the fearless activist of the underground student resistance group, The White Rose. Armed with long-buried historical records of her incarceration, director Marc Rothemund expertly re-creates the last six days of Sophie Scholl's life.",
    "genres" : [ {
      "id" : 18,
      "name" : "Drama"
    }, {
      "id" : 36,
      "name" : "History"
    } ]
  }, {
    "id" : 2122,
    "title" : "The Whole Ten Yards",
    "overview" : "Jimmy 'The Tulip' Tudeski now spends his days compulsively cleaning his house and perfecting his culinary skills with his wife, Jill, a purported assassin who has yet to pull off a clean hit. Suddenly, an uninvited and unwelcome connection to their past unexpectedly shows up on Jimmy and Jill's doorstep; it's Oz, and he's begging them to help him rescue his wife, Cynthia.",
    "genres" : [ {
      "id" : 35,
      "name" : "Comedy"
    }, {
      "id" : 53,
      "name" : "Thriller"
    }, {
      "id" : 80,
      "name" : "Crime"
    } ]
  }, {
    "id" : 2132,
    "title" : "Totally Blonde",
    "overview" : "No overview found.",
    "genres" : [ {
      "id" : 35,
      "name" : "Comedy"
    } ]
  }, {
    "id" : 2137,
    "title" : "The Storm Riders",
    "overview" : "Based on a comic book called Fung Wan (or Tin Ha), the movie stars Ekin Cheng as Wind and Aaron Kwok as Cloud. The plot involves two children, Whispering Wind and Striding Cloud, who become powerful warriors under the evil warlord Conquer's tutelage. They grow up serving as his subordinates, but a love triangle and an accident leads to a quest for retribution.",
    "genres" : [ {
      "id" : 14,
      "name" : "Fantasy"
    }, {
      "id" : 28,
      "name" : "Action"
    }, {
      "id" : 12,
      "name" : "Adventure"
    } ]
  }, {
    "id" : 2142,
    "title" : "Cop Land",
    "overview" : "Freddy Heflin is the sheriff of a place everyone calls “Cop Land” — a small and seemingly peaceful town populated by the big city police officers he’s long admired. Yet something ugly is taking place behind the town’s peaceful facade. And when Freddy uncovers a massive, deadly conspiracy among these local residents, he is forced to take action and make a dangerous choice between protecting his idols and upholding the law.",
    "genres" : [ {
      "id" : 28,
      "name" : "Action"
    }, {
      "id" : 80,
      "name" : "Crime"
    }, {
      "id" : 18,
      "name" : "Drama"
    } ]
  }, {
    "id" : 2147,
    "title" : "The Flickering Flame",
    "overview" : "No overview found.",
    "genres" : [ {
      "id" : 99,
      "name" : "Documentary"
    } ]
  }, {
    "id" : 2152,
    "title" : "Dixie Chicks: Shut Up and Sing",
    "overview" : "Shut Up and Sing is a documentary about the country band from Texas called the Dixie Chicks and how one tiny comment against President Bush dropped their number one hit off the charts and caused fans to hate them, destroy their CD’s, and protest at their concerts. A film about freedom of speech gone out of control and the three girls lives that were forever changed by a small anti-Bush comment",
    "genres" : [ {
      "id" : 99,
      "name" : "Documentary"
    } ]
  }, {
    "id" : 2157,
    "title" : "Lost in Space",
    "overview" : "The prospects for continuing life on Earth in the year 2058 are grim. So the Robinsons are launched into space to colonize Alpha Prime, the only other inhabitable planet in the galaxy. But when a stowaway sabotages the mission, the Robinsons find themselves hurtling through uncharted space.",
    "genres" : [ {
      "id" : 12,
      "name" : "Adventure"
    }, {
      "id" : 10751,
      "name" : "Family"
    }, {
      "id" : 878,
      "name" : "Science Fiction"
    } ]
  }, {
    "id" : 2162,
    "title" : "Chill Factor",
    "overview" : "A store clerk and an ice cream truck driver are thrown together when a dying scientist entrusts them with a deadly chemical kept in ice. This chemical will kill every living thing once it melts. They have to take the chemical codenamed 'Elvis' to the next nearest military base while being chased by terrorists who want it to hold the country for ransom.",
    "genres" : [ {
      "id" : 28,
      "name" : "Action"
    }, {
      "id" : 35,
      "name" : "Comedy"
    }, {
      "id" : 53,
      "name" : "Thriller"
    } ]
  }, {
    "id" : 2172,
    "title" : "Pathfinder",
    "overview" : "Around the year 1000 AD warlike people, the so-called \"tjuder\", roam in northern Scandinavia. As they brutally kill a family in a remote area, including the parents and their little daughter, the families teenage son, Aigin, observes the slaughter. He manages to flee from these killers and reaches a camp with other Lapps whose inhabitants are worried if he has been able to hide his track. Afraid of the murderous people, they decide to flee to the coast. The boy stays alone to avenge his families murder. Unfortunately, they get him before he can do anything and force him to lead them to the other Lapps. He guides them but has a plan to destroy the barbarous people before reaching the camp.",
    "genres" : [ {
      "id" : 12,
      "name" : "Adventure"
    } ]
  }, {
    "id" : 2177,
    "title" : "Falco L.I.V.E.",
    "overview" : "No overview found.",
    "genres" : [ ]
  }, {
    "id" : 2182,
    "title" : "Attack of the Killer Tomatoes!",
    "overview" : "Attack of the Killer Tomatoes is a 1978 comedy film directed by John De Bello and starring David Miller. The film is a spoof of B-movies. Made on a budget of less than USD $100,000, the story involves tomatoes becoming sentient by unknown means and revolting against humanity.",
    "genres" : [ {
      "id" : 35,
      "name" : "Comedy"
    }, {
      "id" : 27,
      "name" : "Horror"
    }, {
      "id" : 878,
      "name" : "Science Fiction"
    } ]
  }, {
    "id" : 2187,
    "title" : "Alles nur Tarnung",
    "overview" : "No overview found.",
    "genres" : [ {
      "id" : 35,
      "name" : "Comedy"
    } ]
  }, {
    "id" : 2192,
    "title" : "Temple of the White Elephant",
    "overview" : "Temple of the White Elephant",
    "genres" : [ {
      "id" : 28,
      "name" : "Action"
    }, {
      "id" : 12,
      "name" : "Adventure"
    }, {
      "id" : 18,
      "name" : "Drama"
    } ]
  }, {
    "id" : 2197,
    "title" : "Sounds of Sand",
    "overview" : "",
    "genres" : [ {
      "id" : 18,
      "name" : "Drama"
    }, {
      "id" : 10752,
      "name" : "War"
    } ]
  }, {
    "id" : 2202,
    "title" : "Lassie Come Home",
    "overview" : "Hard times came for Carraclough family and they are forced to sell their dog to the rich Duke of Rudling. However, Lassie, the dog, is unwilling to leave the young Carraclough boy and sets out on the long and dangerous journey in order to rejoin him.",
    "genres" : [ {
      "id" : 12,
      "name" : "Adventure"
    }, {
      "id" : 18,
      "name" : "Drama"
    }, {
      "id" : 10751,
      "name" : "Family"
    } ]
  }, {
    "id" : 2207,
    "title" : "16 Blocks",
    "overview" : "An aging cop is assigned the ordinary task of escorting a fast-talking witness from police custody to a courthouse, but they find themselves running the gauntlet as other forces try to prevent them from getting there.",
    "genres" : [ {
      "id" : 28,
      "name" : "Action"
    }, {
      "id" : 12,
      "name" : "Adventure"
    }, {
      "id" : 80,
      "name" : "Crime"
    }, {
      "id" : 53,
      "name" : "Thriller"
    } ]
  }, {
    "id" : 2212,
    "title" : "Nightwatch",
    "overview" : "A law student, who takes a job as a night watchman at a morgue, begins to discover clues that implicate him as the suspect of a series of murders.",
    "genres" : [ {
      "id" : 28,
      "name" : "Action"
    }, {
      "id" : 18,
      "name" : "Drama"
    }, {
      "id" : 27,
      "name" : "Horror"
    }, {
      "id" : 9648,
      "name" : "Mystery"
    }, {
      "id" : 53,
      "name" : "Thriller"
    } ]
  }, {
    "id" : 2217,
    "title" : "...And Your Love Too",
    "overview" : "",
    "genres" : [ {
      "id" : 18,
      "name" : "Drama"
    } ]
  }, {
    "id" : 2222,
    "title" : "Christine",
    "overview" : "",
    "genres" : [ {
      "id" : 18,
      "name" : "Drama"
    } ]
  }, {
    "id" : 2227,
    "title" : "Naked Among Wolves",
    "overview" : "No overview found.",
    "genres" : [ {
      "id" : 18,
      "name" : "Drama"
    }, {
      "id" : 10752,
      "name" : "War"
    } ]
  }, {
    "id" : 2232,
    "title" : "The Legend of Paul and Paula",
    "overview" : "Paul and Paula have had bad experiences with love: Paul is financially well off but has lost all affection for his wife, and Paula leads a troublesome life raising two children on her own. They meet and discover a strong passion for each other. Life seems like a dream when they're together - but their short flights from the burdens of reality are once and again interrupted by Paul's ties to family and career.",
    "genres" : [ {
      "id" : 18,
      "name" : "Drama"
    }, {
      "id" : 10749,
      "name" : "Romance"
    } ]
  }, {
    "id" : 2237,
    "title" : "Sonntagsfahrer",
    "overview" : "No overview found.",
    "genres" : [ {
      "id" : 18,
      "name" : "Drama"
    } ]
  }, {
    "id" : 2242,
    "title" : "Julia lebt",
    "overview" : "No overview found.",
    "genres" : [ ]
  }, {
    "id" : 2247,
    "title" : "The Shadows: The Final Tour",
    "overview" : "The Shadows long and influential career has spanned 6 decades, with hit singles or albums in every one of them. Hank Marvin's guitar playing has been an inspiration to hordes of guitarists down the years, including the likes of Brian May, Eric Clapton and Pete Townshend. Over a decade since their last tour, Hank Marvin, Bruce Welch and Brian Bennett",
    "genres" : [ {
      "id" : 10402,
      "name" : "Music"
    } ]
  }, {
    "id" : 2252,
    "title" : "Eastern Promises",
    "overview" : "A Russian teenager living in London who dies during childbirth leaves clues to a midwife in her journal that could tie her child to a rape involving a violent Russian mob family.",
    "genres" : [ {
      "id" : 53,
      "name" : "Thriller"
    }, {
      "id" : 80,
      "name" : "Crime"
    }, {
      "id" : 9648,
      "name" : "Mystery"
    } ]
  }, {
    "id" : 2257,
    "title" : "The Story of a Murder",
    "overview" : "No overview found.",
    "genres" : [ {
      "id" : 18,
      "name" : "Drama"
    } ]
  }, {
    "id" : 2262,
    "title" : "Veronika Voss",
    "overview" : "In Munich in 1955, sports reporter Robert Krohn gets to know attractive Veronika Voss, a former UFA-star. Robert is the lover of the enigmatic woman and tries to unravel the mystery of her life.",
    "genres" : [ {
      "id" : 80,
      "name" : "Crime"
    }, {
      "id" : 18,
      "name" : "Drama"
    } ]
  }, {
    "id" : 2267,
    "title" : "The Last Mimzy",
    "overview" : "Two siblings begin to develop special talents after they find a mysterious box of toys, and soon their parents and even their teacher are drawn into a strange new world – and find a task ahead of them that is far more important than any of them could imagine.",
    "genres" : [ {
      "id" : 12,
      "name" : "Adventure"
    }, {
      "id" : 10751,
      "name" : "Family"
    } ]
  }, {
    "id" : 2277,
    "title" : "Bicentennial Man",
    "overview" : "Richard Martin buys a gift, a new NDR-114 robot. The product is named Andrew by the youngest of the family's children. \"Bicentennial Man\" follows the life and times of Andrew, a robot purchased as a household appliance programmed to perform menial tasks. As Andrew begins to experience emotions and creative thought, the Martin family soon discovers they don't have an ordinary robot.",
    "genres" : [ {
      "id" : 35,
      "name" : "Comedy"
    }, {
      "id" : 878,
      "name" : "Science Fiction"
    } ]
  }, {
    "id" : 2282,
    "title" : "À nos amours",
    "overview" : "A portrait of youth in bloom; a tale of one family's dissolution; a reflection upon the danger and the mystery in living.  Sandrine Bonnaire plays Suzanne, a free spirit and the vessel for an almost Brontëan choler. She's 16, and men exist — diverse lovers, an overbearing brother, and the father portrayed by director Maurice Pialat himself in an unforgettable turn that displays the full magnitude of the cinema giant's tenderness, force-of-will, and presence of being.",
    "genres" : [ {
      "id" : 18,
      "name" : "Drama"
    }, {
      "id" : 10749,
      "name" : "Romance"
    } ]
  }, {
    "id" : 2287,
    "title" : "Rize",
    "overview" : "A documentary film that highlights two street derived dance styles, Clowing and Krumping, that came out of the low income neighborhoods of L.A.. Director David LaChapelle interviews each dance crew about how their unique dances evolved. A new and positive activity away from the drugs, guns, and gangs that ruled their neighborhood. A raw film about a growing sub-culture movements in America.",
    "genres" : [ {
      "id" : 99,
      "name" : "Documentary"
    } ]
  }, {
    "id" : 2292,
    "title" : "Clerks",
    "overview" : "Convenience and video store clerks Dante and Randal are sharp-witted, potty-mouthed and bored out of their minds. So in between needling customers, the counter jockeys play hockey on the roof, visit a funeral home and deal with their love lives.",
    "genres" : [ {
      "id" : 35,
      "name" : "Comedy"
    } ]
  }, {
    "id" : 2297,
    "title" : "Kafka",
    "overview" : "Kafka, an insurance worker gets embroiled in an underground group after a co-worker is murdered. The underground group is responsible for bombings all over town, attempting to thwart a secret organization that controls the major events in society. He eventually penetrates the secret organization and must confront them.",
    "genres" : [ {
      "id" : 35,
      "name" : "Comedy"
    }, {
      "id" : 18,
      "name" : "Drama"
    }, {
      "id" : 9648,
      "name" : "Mystery"
    } ]
  }, {
    "id" : 2302,
    "title" : "Avalon",
    "overview" : "Avalon is the third in Levinson's semi-autobiographical series of four \"Baltimore Films\": Diner (1982), Tin Men (1987), Avalon (1990), and Liberty Heights (1999). The film is set in Baltimore in the early 1950s and explores the themes of Jewish assimilation into American life.",
    "genres" : [ {
      "id" : 18,
      "name" : "Drama"
    } ]
  }, {
    "id" : 2307,
    "title" : "A Pyromaniac's Love Story",
    "overview" : "A pastry boy and the son of a hair-piece mogul become involved in an arson scandal. Sergio is offered a bribe in exchange for taking the blame for the fire that destroys his workplace. Garet, the real arsonist, is apalled that someone else would try to take credit for his act of love. Before long, Sergio and Garet become entangled in a zany love-quadrangle involving Hattie and Stephanie. Written by Brian Whiting",
    "genres" : [ {
      "id" : 35,
      "name" : "Comedy"
    }, {
      "id" : 18,
      "name" : "Drama"
    }, {
      "id" : 10749,
      "name" : "Romance"
    } ]
  }, {
    "id" : 2312,
    "title" : "In the Name of the King: A Dungeon Siege Tale",
    "overview" : "A man named Farmer sets out to rescue his kidnapped wife and avenge the death of his son -- two acts committed by the Krugs, a race of animal-warriors who are controlled by the evil Gallian.",
    "genres" : [ {
      "id" : 12,
      "name" : "Adventure"
    }, {
      "id" : 14,
      "name" : "Fantasy"
    }, {
      "id" : 28,
      "name" : "Action"
    }, {
      "id" : 18,
      "name" : "Drama"
    } ]
  }, {
    "id" : 2322,
    "title" : "Sneakers",
    "overview" : "When shadowy U.S. intelligence agents blackmail a reformed computer hacker and his eccentric team of security experts into stealing a code-breaking 'black box' from a Soviet-funded genius, they uncover a bigger conspiracy. Now, he and his 'sneakers' must save themselves and the world economy by retrieving the box from their blackmailers.",
    "genres" : [ {
      "id" : 35,
      "name" : "Comedy"
    }, {
      "id" : 80,
      "name" : "Crime"
    }, {
      "id" : 18,
      "name" : "Drama"
    } ]
  }, {
    "id" : 2332,
    "title" : "Taxi 2",
    "overview" : "A cabdriver and a cop race to Paris to rescue a love interest and the Japanese minister of defense from kidnappers.",
    "genres" : [ {
      "id" : 28,
      "name" : "Action"
    }, {
      "id" : 35,
      "name" : "Comedy"
    }, {
      "id" : 80,
      "name" : "Crime"
    } ]
  }, {
    "id" : 2337,
    "title" : "Va Banque",
    "overview" : "Three ordinary, disillusioned citizens decide to rob an armored car.",
    "genres" : [ {
      "id" : 35,
      "name" : "Comedy"
    }, {
      "id" : 80,
      "name" : "Crime"
    } ]
  }, {
    "id" : 2357,
    "title" : "10 Items or Less",
    "overview" : "An actor who is considering the role of a supermarket manager arrives at a grocery store on the outskirts of Los Angeles to do some field research. He subsequently becomes stranded, without a car or cell phone, and accepts a ride home with Scarlet, a cashier who is about to interview for a new job. The actor rediscovers the essence of his craft while helping Scarlet gain the confidence she needs to change her life.",
    "genres" : [ {
      "id" : 35,
      "name" : "Comedy"
    }, {
      "id" : 18,
      "name" : "Drama"
    } ]
  }, {
    "id" : 2362,
    "title" : "Westworld",
    "overview" : "In a futuristic resort, wealthy patrons can visit recreations of different time periods and experience their wildest fantasies with life-like robots. But when Richard Benjamin opts for the wild west, he gets more than he bargained for when a gunslinger robot goes berserk.",
    "genres" : [ {
      "id" : 28,
      "name" : "Action"
    }, {
      "id" : 12,
      "name" : "Adventure"
    }, {
      "id" : 18,
      "name" : "Drama"
    }, {
      "id" : 27,
      "name" : "Horror"
    }, {
      "id" : 878,
      "name" : "Science Fiction"
    }, {
      "id" : 53,
      "name" : "Thriller"
    }, {
      "id" : 37,
      "name" : "Western"
    } ]
  }, {
    "id" : 2377,
    "title" : "Bonsoir",
    "overview" : "No overview found.",
    "genres" : [ {
      "id" : 35,
      "name" : "Comedy"
    } ]
  }, {
    "id" : 2382,
    "title" : "Hearth Fires",
    "overview" : "No overview found.",
    "genres" : [ {
      "id" : 18,
      "name" : "Drama"
    } ]
  }, {
    "id" : 2387,
    "title" : "Tableau d'honneur",
    "overview" : "No overview found.",
    "genres" : [ {
      "id" : 35,
      "name" : "Comedy"
    } ]
  }, {
    "id" : 2392,
    "title" : "Special Killers",
    "overview" : "Sandro, a detective, finds his wife strangled. His girl-friend Tiffany, who works as photographer, makes a \"Blow up\" from a photo, what Sandro finds beside the victim. Sandro and Tiffany are looking for the woman on the photo, Laura. They finds her in a Night Club in Rome...",
    "genres" : [ {
      "id" : 80,
      "name" : "Crime"
    } ]
  }, {
    "id" : 2397,
    "title" : "Fallout",
    "overview" : "No overview found.",
    "genres" : [ {
      "id" : 28,
      "name" : "Action"
    }, {
      "id" : 878,
      "name" : "Science Fiction"
    } ]
  }, {
    "id" : 2402,
    "title" : "Scénarios sur la Drogue",
    "overview" : "No overview found.",
    "genres" : [ {
      "id" : 18,
      "name" : "Drama"
    } ]
  }, {
    "id" : 2412,
    "title" : "Célimène et le cardinal",
    "overview" : "",
    "genres" : [ {
      "id" : 35,
      "name" : "Comedy"
    } ]
  }, {
    "id" : 2417,
    "title" : "Une petite fille dans les tournesols",
    "overview" : "No overview found.",
    "genres" : [ {
      "id" : 18,
      "name" : "Drama"
    } ]
  }, {
    "id" : 2437,
    "title" : "Le bahut va craquer",
    "overview" : "No overview found.",
    "genres" : [ {
      "id" : 35,
      "name" : "Comedy"
    } ]
  }, {
    "id" : 2442,
    "title" : "The Final Cut",
    "overview" : "Mysterious bomber is planting explosive devices in Seattle. Since their quality takes too big a toll among Seattle Police bomb experts, John Pierce, former head of the Bomb Squad, reluctantly takes the job that will take him to face his worst nightmare.",
    "genres" : [ {
      "id" : 28,
      "name" : "Action"
    }, {
      "id" : 18,
      "name" : "Drama"
    }, {
      "id" : 53,
      "name" : "Thriller"
    } ]
  }, {
    "id" : 2447,
    "title" : "The Nativity Story",
    "overview" : "Mary and Joseph make the hard journey to Bethlehem for a blessed event in this retelling of the Nativity story. This meticulously researched and visually lush adaptation of the biblical tale follows the pair on their arduous path to their arrival in a small village, where they find shelter in a quiet manger and Jesus is born.",
    "genres" : [ {
      "id" : 18,
      "name" : "Drama"
    }, {
      "id" : 36,
      "name" : "History"
    } ]
  }, {
    "id" : 2452,
    "title" : "Mamie Rose",
    "overview" : "No overview found.",
    "genres" : [ {
      "id" : 35,
      "name" : "Comedy"
    } ]
  }, {
    "id" : 2457,
    "title" : "Children of Paradise",
    "overview" : "Filmed during the German occupation, this French milestone centers around the theatrical life of a beautiful courtesan and the four men who love her. Voted the \"Best French Film in History\" by the French Film Academy in 1990.",
    "genres" : [ {
      "id" : 18,
      "name" : "Drama"
    }, {
      "id" : 10749,
      "name" : "Romance"
    } ]
  }, {
    "id" : 2462,
    "title" : "Hibernatus",
    "overview" : "The frozen body of Paul Fournier is discovered in Greenland where he had disappeared during a scientific expedition in 1905. Perfectly conserved he is brought back to life in the 1960s. His descendants take care of him: to spare him the cultural shock they behave so to make believe it's 1905 and they are his cousins, uncle...",
    "genres" : [ {
      "id" : 35,
      "name" : "Comedy"
    }, {
      "id" : 878,
      "name" : "Science Fiction"
    } ]
  }, {
    "id" : 2487,
    "title" : "Lady Snowblood",
    "overview" : "Yuki's family is nearly wiped out before she is born due to the machinations of a band of criminals. These criminals kidnap and brutalize her mother but leave her alive. Later her mother ends up in prison with only revenge to keep her alive. She creates an instrument for this revenge by purposefully getting pregnant. Yuki never knows the love of a family but only killing and revenge.",
    "genres" : [ {
      "id" : 28,
      "name" : "Action"
    }, {
      "id" : 18,
      "name" : "Drama"
    }, {
      "id" : 53,
      "name" : "Thriller"
    } ]
  }, {
    "id" : 2502,
    "title" : "The Bourne Supremacy",
    "overview" : "When a CIA operation to purchase classified Russian documents is blown by a rival agent, who then shows up in the sleepy seaside village where Bourne and Marie have been living. The pair run for their lives and Bourne, who promised retaliation should anyone from his former life attempt contact, is forced to once again take up his life as a trained assassin to survive.",
    "genres" : [ {
      "id" : 28,
      "name" : "Action"
    }, {
      "id" : 18,
      "name" : "Drama"
    }, {
      "id" : 53,
      "name" : "Thriller"
    } ]
  }, {
    "id" : 2517,
    "title" : "Nobody Knows",
    "overview" : "In a small Tokyo apartment, twelve-year-old Akira must care for his younger siblings after their mother leaves them and shows no sign of returning.",
    "genres" : [ {
      "id" : 18,
      "name" : "Drama"
    } ]
  }, {
    "id" : 2527,
    "title" : "This Man Must Die",
    "overview" : "When his young son is killed in a hit and run accident, Charles Thenier resolves to hunt down and murder the killer. By chance, Thenier makes the acquaintance of an actress, Helène Lanson, who was in the car at the time of the accident. He then meets Helène’s brother-in-law, Paul Decourt, a truly horrible individual.",
    "genres" : [ {
      "id" : 18,
      "name" : "Drama"
    }, {
      "id" : 53,
      "name" : "Thriller"
    } ]
  }, {
    "id" : 2537,
    "title" : "The Basque Ball: Skin Against Stone",
    "overview" : "The film's purported intention is to create a bridge between the different political positions that coexist, sometimes violently, in the Basque Country. In order to do so, Medem edits the interviews giving a sense of dialogue between parties that refused to sit down and talk. Due to its lack of contextualization, the film may be hard to understand to audiences without previous knowledge of the Basque problem—it is obviously a film designed to be viewed by Spanish audiences, or people familiar with the issues.",
    "genres" : [ {
      "id" : 99,
      "name" : "Documentary"
    } ]
  }, {
    "id" : 2567,
    "title" : "The Aviator",
    "overview" : "A biopic depicting the life of filmmaker and aviation pioneer Howard Hughes from 1927 to 1947, during which time he became a successful film producer and an aviation magnate, while simultaneously growing more unstable due to severe obsessive-compulsive disorder.",
    "genres" : [ {
      "id" : 18,
      "name" : "Drama"
    } ]
  }, {
    "id" : 2577,
    "title" : "Code 46",
    "overview" : "A futuristic 'Brief Encounter', a love story in which the romance is doomed by genetic incompatibility.",
    "genres" : [ {
      "id" : 18,
      "name" : "Drama"
    }, {
      "id" : 10749,
      "name" : "Romance"
    }, {
      "id" : 878,
      "name" : "Science Fiction"
    }, {
      "id" : 53,
      "name" : "Thriller"
    } ]
  }, {
    "id" : 2587,
    "title" : "Brother Sun, Sister Moon",
    "overview" : "This is a dramatization of events in the life of St. Francis of Assisi from before his conversion experience through his audience with the pope, including his friendship with St. Clare.",
    "genres" : [ {
      "id" : 10752,
      "name" : "War"
    }, {
      "id" : 18,
      "name" : "Drama"
    }, {
      "id" : 36,
      "name" : "History"
    } ]
  }, {
    "id" : 2612,
    "title" : "Mr. Destiny",
    "overview" : "Larry Burrows is unhappy and feels powerless over his life. He believes his entire life could have turned out differently had he not missed that shot in a baseball game when was a kid. One night he meets this mysterious man, who could change his fate by offering him that alternative life he always dreamed of. But as Burrows embarks on this journey of self discovery he realises that even this new life has its problems and drawbacks..",
    "genres" : [ {
      "id" : 14,
      "name" : "Fantasy"
    }, {
      "id" : 35,
      "name" : "Comedy"
    }, {
      "id" : 878,
      "name" : "Science Fiction"
    }, {
      "id" : 10749,
      "name" : "Romance"
    } ]
  }, {
    "id" : 2617,
    "title" : "The Great Outdoors",
    "overview" : "It's vacation time for outdoorsy Chicago man Chet Ripley, along with his wife, Connie, and their two kids, Buck and Ben. But a serene weekend of fishing at a Wisconsin lakeside cabin gets crashed by Connie's obnoxious brother-in-law, Roman Craig, his wife, Kate, and the couple's two daughters. As the excursion wears on, the Ripleys find themselves at odds with the stuffy Craig family.",
    "genres" : [ {
      "id" : 35,
      "name" : "Comedy"
    } ]
  }, {
    "id" : 2637,
    "title" : "The Mothman Prophecies",
    "overview" : "Reporter John Klein is plunged into a world of impossible terror and unthinkable chaos when fate draws him to a sleepy West Virginia town whose residents are being visited by a great winged shape that sows hideous nightmares and fevered visions.",
    "genres" : [ {
      "id" : 18,
      "name" : "Drama"
    }, {
      "id" : 27,
      "name" : "Horror"
    }, {
      "id" : 9648,
      "name" : "Mystery"
    } ]
  }, {
    "id" : 2642,
    "title" : "Two Weeks Notice",
    "overview" : "Dedicated environmental lawyer Lucy Kelson goes to work for billionaire George Wade as part of a deal to preserve a community center. Indecisive and weak-willed George grows dependent on Lucy's guidance on everything from legal matters to clothing. Exasperated, Lucy gives notice and picks Harvard graduate June Carter as her replacement. As Lucy's time at the firm nears an end, she grows jealous of June and has second thoughts about leaving George.",
    "genres" : [ {
      "id" : 35,
      "name" : "Comedy"
    }, {
      "id" : 10749,
      "name" : "Romance"
    } ]
  }, {
    "id" : 2647,
    "title" : "Aces Go Places IV: You Never Die Twice",
    "overview" : "Baldy and King Kong shuttle between New Zealand and Hong Kong to recover a hi-tech prism that can impart superhuman powers.",
    "genres" : [ {
      "id" : 28,
      "name" : "Action"
    }, {
      "id" : 35,
      "name" : "Comedy"
    } ]
  }, {
    "id" : 2652,
    "title" : "Hard Candy",
    "overview" : "A mature 14-year old girl meets a charming 32-year old photographer on the Internet. Suspecting that he is a pedophile, she goes to his home in an attempt to expose him.",
    "genres" : [ {
      "id" : 18,
      "name" : "Drama"
    }, {
      "id" : 53,
      "name" : "Thriller"
    } ]
  }, {
    "id" : 2657,
    "title" : "Pleasantville",
    "overview" : "Geeky teenager David and his popular twin sister, Jennifer, get sucked into the black-and-white world of a 1950s TV sitcom called \"Pleasantville,\" and find a world where everything is peachy keen all the time. But when Jennifer's modern attitude disrupts Pleasantville's peaceful but boring routine, she literally brings color into its life.",
    "genres" : [ {
      "id" : 14,
      "name" : "Fantasy"
    }, {
      "id" : 18,
      "name" : "Drama"
    }, {
      "id" : 35,
      "name" : "Comedy"
    } ]
  }, {
    "id" : 2662,
    "title" : "House of 1000 Corpses",
    "overview" : "Two teenage couples traveling across the backwoods of Texas searching for urban legends of serial killers end up as prisoners of a bizarre and sadistic backwater family of serial killers.",
    "genres" : [ {
      "id" : 27,
      "name" : "Horror"
    } ]
  } ]
}