{
  "movies" : [ {
    "id" : 270227,
    "title" : "Ballerina",
    "overview" : "A short film by Marc Levie.",
    "genres" : [ ]
  }, {
    "id" : 270232,
    "title" : "Illinois Hotspots",
    "overview" : "A documentary about railroads around Illinois in 1989-1990. From the camera of Steve Neff comes more action packed video of one of America’s favorite train watching areas: Illinois.",
    "genres" : [ ]
  }, {
    "id" : 270267,
    "title" : "Seven Wonders of the Industrial World",
    "overview" : "Drama-documentary series which describes some of the key technological achievements of the industrial age.",
    "genres" : [ ]
  }, {
    "id" : 270272,
    "title" : "Performances",
    "overview" : "Performances is about love - not only love for a partner but also for a daughter, a father or a friend. It revolves around Marko, the charismatic stage director who revolutionized Danish theatre in the 1990s. The story takes place during the rehearsals of his adaption for the stage of Venus and Adonis by William Shakespeare which will prove to be the final production at Sortedam Theatre. The process leading up to the first night becomes a life-and-death struggle and Marko for one seriously feels the consequences of his ambition.",
    "genres" : [ ]
  }, {
    "id" : 270282,
    "title" : "La secta de los misteriosos",
    "overview" : "La secta de los mysteriosos (The Mysterious Sect, 1914), or those parts of it which survive. Spain's answer to Feuillade, Alberto Marro, serves up an elaborate adventure in Barcelona, with a trio of black-masked desperadoes, known as The Fox (El Zorro), The Heron (La Garza) and The African (El Africano), in search of an ancient Moorish treasure which can only be located when the two parts of an ornamental chain are connected.",
    "genres" : [ ]
  }, {
    "id" : 270287,
    "title" : "Night of the Witches",
    "overview" : "A lecherous thief posing as a preacher is wandering in northern coastal Mexico. After stealing a car and evading police, he stumbles on a small coven of mysterious witches living in a seaside mansion. The preacher attempts to extort money from the witches, not knowing how dangerous they really are.",
    "genres" : [ {
      "id" : 27,
      "name" : "Horror"
    } ]
  }, {
    "id" : 270292,
    "title" : "A Poet in New York",
    "overview" : "In 1953 Dylan Thomas went to New York for the last time, his marriage a wreck, his drinking out of control. He was on his way to meet Stravinsky and to wallow in New York acclaim - but what was he escaping? How did such a triumph become a requiem? The last days of a great poet.",
    "genres" : [ {
      "id" : 18,
      "name" : "Drama"
    } ]
  }, {
    "id" : 270297,
    "title" : "Devil's Ecstasy",
    "overview" : "A young college student gets word that her mother has died, so she returns to her family estate to claim her inheritance. She winds up getting involved in witchcraft, satanism, and lots of sex.",
    "genres" : [ {
      "id" : 27,
      "name" : "Horror"
    } ]
  }, {
    "id" : 270302,
    "title" : "The Riot Club",
    "overview" : "Two first-year students at Oxford University join the infamous Riot Club, where reputations can be made or destroyed over the course of a single evening.",
    "genres" : [ {
      "id" : 18,
      "name" : "Drama"
    }, {
      "id" : 53,
      "name" : "Thriller"
    } ]
  }, {
    "id" : 270307,
    "title" : "Trilok Gurtu Trio at Nord Sea Jazz Festival",
    "overview" : "The musical traditions of the eastern and western worlds are bridged through the improvisations of Bombay, India-born percussionist/vocalist Trilok Gurtu. Gurtu’s mastery of post-bop jazz has not gone unnoticed. Downbeat magazine named him “best percussionist” in three critic and popularity polls and proclaimed, “musically, the world is his stage”. Jazz magazine, Straight No Chaser took a similar view, writing, “this music has a transcendental quality and removes any obstacles that lie between western and eastern improvised music.” Gurtu’s eclectic approach has enabled him to collaborate with most of the world’s greatest musicians.  Tracklist  01. Jhuleal\r 02. Peace of five elements\r 03. Africa con India  04. Pasana’s Love\r 05. Dance with my lover\r 06. God rhythm",
    "genres" : [ {
      "id" : 10402,
      "name" : "Music"
    } ]
  }, {
    "id" : 270312,
    "title" : "Gradiva",
    "overview" : "The revered and celebrated Alain Robbe-Grillet's supernatural drama C'est Gradiva qui vous appelle (AKA That is Gradiva Who Calls You) - a French-Belgian co-production - concerns John Locke, an art historian immersed in Asian research on the Marrakeshi casbah, accompanied by Belkis, his servant and mistress. Amid his studies of Eugene Delacroix, Locke repeatedly encounters a lithe, ethereal female presence in the city's medina (or Arabic quarter) who draws him seductively through the city's mazelike streets, again and again, but repeatedly vanishes. He then encounters Anatoli, a self-professed antique dealer and curator of Oriental artifacts for beginners itching for a challenge. Belkis persuades Locke to keep his distance from these individuals, but Locke blatantly ignores her admonitions and forges ahead - never quite realizing that the spirits are toying with him, and drawing him into a dead-end psychosexual black hole",
    "genres" : [ ]
  }, {
    "id" : 270317,
    "title" : "Lego Ninjago: Masters of Spinjitzu",
    "overview" : "Long before time had a name, Ninjago was created by the First Spinjitzu Master by using the Four Elemental Weapons of Spinjitzu; weapons so powerful, no one can handle all of their power at once",
    "genres" : [ ]
  }, {
    "id" : 270322,
    "title" : "Tables of Content",
    "overview" : "Wendy Tilby's Tables of Content was her graduation film from the Emily Carr College of Art and Design, Vancouver in 1986. The movie transports one into another era, an earlier age of gentility and reticence, set in a rather stuffy restaurant during the day.",
    "genres" : [ ]
  }, {
    "id" : 270327,
    "title" : "Souvenir",
    "overview" : "José Luis Guerín's great short film from 1986.",
    "genres" : [ ]
  }, {
    "id" : 270337,
    "title" : "Ölmeyen ask",
    "overview" : "A Turkish adaptation of  Emily Bronte's Wuthering Heights, starring Kartal Tibet and Nilüfer Koçyigit.",
    "genres" : [ {
      "id" : 36,
      "name" : "History"
    }, {
      "id" : 10749,
      "name" : "Romance"
    } ]
  }, {
    "id" : 270342,
    "title" : "The Chef's Wife",
    "overview" : "Marithé works in a training center for adults. Her mission: to help other people to change direction in their work and to find their vocation. Carole, who lives and works in the shadow cast by her husband, Sam, an energetic and talented Michelin-starred chef, arrives in the center one day. It's not so much a change in job that Carole seems to need, as a change in husband. Marithé does everything she can to help Carole set out down a new path. But what are the real motives behind this devotion? After all, Marithé doesn't seem to be impervious to Sam's charms, or to his cooking.",
    "genres" : [ {
      "id" : 35,
      "name" : "Comedy"
    } ]
  }, {
    "id" : 270347,
    "title" : "Eza'at Hubb",
    "overview" : "",
    "genres" : [ {
      "id" : 35,
      "name" : "Comedy"
    }, {
      "id" : 10749,
      "name" : "Romance"
    }, {
      "id" : 10769,
      "name" : "Foreign"
    } ]
  }, {
    "id" : 270352,
    "title" : "Company",
    "overview" : "The Donmar Warehouse production of Stephen Sondheim and George Furth's classic musical, starring Adrian Lester and directed by Sam Mendes.",
    "genres" : [ {
      "id" : 10402,
      "name" : "Music"
    } ]
  }, {
    "id" : 270357,
    "title" : "The Carboard Bernini",
    "overview" : "James Grashow is an artist who has built—among many other things-- giant 15 foot tall fighting men, a city, and an ocean-- using paper mache, fabric, chicken wire and cardboard. More recently, he has begun making sculptures entirely out of corrugated cardboard and twist ties.",
    "genres" : [ {
      "id" : 99,
      "name" : "Documentary"
    } ]
  }, {
    "id" : 270362,
    "title" : "Sex Of The Devil",
    "overview" : "Films shot in Turkish setting with a very low budget by director Oscar Brazzi. The film is a sort of horror in the vein of an esoteric psychological thriller-drama-tinged giallo.",
    "genres" : [ {
      "id" : 53,
      "name" : "Thriller"
    }, {
      "id" : 27,
      "name" : "Horror"
    }, {
      "id" : 18,
      "name" : "Drama"
    } ]
  }, {
    "id" : 270367,
    "title" : "The Good Neighbor",
    "overview" : "The Good Neighbour is a 2011 German film directed by Stephan Rick. It premiered in competition at the 2011 Shanghai International Film Festival and was screened at the 2011 Montreal World Film Festival and the Hof International Film Festival.",
    "genres" : [ {
      "id" : 18,
      "name" : "Drama"
    }, {
      "id" : 53,
      "name" : "Thriller"
    } ]
  }, {
    "id" : 270372,
    "title" : "In Passing",
    "overview" : "In Passing is a collaboration between seven different filmmakers from around the world in response to Jesse Richards' 2008 Remodernist Film Manifesto.",
    "genres" : [ {
      "id" : 18,
      "name" : "Drama"
    }, {
      "id" : 14,
      "name" : "Fantasy"
    }, {
      "id" : 9648,
      "name" : "Mystery"
    } ]
  }, {
    "id" : 270377,
    "title" : "Some Interviews on Personal Matters",
    "overview" : "Sophiko, a well-known journalist, seems to be more close to many of her respondents when they need her advice than to his family members. All engrossed in her work, she suddenly finds out that she is losing her husband who has started a love affair with another woman. Of course, it strikes her badly but life never lets her to concentrate on her personal problems.",
    "genres" : [ ]
  }, {
    "id" : 270382,
    "title" : "The Axiliad",
    "overview" : "A young, idealistic poet, turns his back on civilization and goes to small, backwood village, rents a bed in the house of an old woman, and decides to make his living as a lumberjack. Soon he realizes that the world around him is far from perfect.",
    "genres" : [ ]
  }, {
    "id" : 270387,
    "title" : "Emerald: Musical Gems - Live in Concert",
    "overview" : "Global music sensation Celtic Woman will release a brand-new album on February 25, 2014 titled EMERALD: MUSICAL GEMS that spotlights newly reimagined performances of fan favorites from the group's treasure chest of Celtic songs. A celebration of the Emerald Isles' rich musical heritage, EMERALD: MUSICAL GEMS includes the uplifting 'Mo Ghile Mear' and 'Dulaman', the enchanting 'She Moves Thru the Fair' and 'Caladonia' and the ever-haunting 'Danny Boy' and 'The Voice'. Also featured are new interpretations of Celtic Woman's inspiring performances of the beloved 'Amazing Grace' and 'You Raise Me Up'.",
    "genres" : [ ]
  }, {
    "id" : 270392,
    "title" : "Gods of Football: The Making of the 2009 Calendar",
    "overview" : "In 2008, forty-five of Australia's sexiest Rugby League and Australian Rules footballers were invited to tastefully \"bare it all\" and model for a 2009 calendar. These Aussie sports stars created some of the hottest and sexiest images ever captured on film. The Gods of Football 2009 Calendar was an international bestseller. Viewers are treated to a backstage pass as the footballers are transformed from professional athletes into international male models, and explore a side of their personalities never before exposed.",
    "genres" : [ ]
  }, {
    "id" : 270397,
    "title" : "My Last Year With The Nuns",
    "overview" : "Master monologist Matt Smith turns his 8th grade year in 1966-67 into a wild coming-of-age film---a comedy grounded in his Catholic education, racism, and the joys and horrors that are male adolescence.",
    "genres" : [ ]
  }, {
    "id" : 270402,
    "title" : "Moshe Peretz Live in Caesarea",
    "overview" : "Moshe Peretz Live in Caesarea",
    "genres" : [ ]
  }, {
    "id" : 270407,
    "title" : "The Dark World",
    "overview" : "Based on the real life story, the director turned his camera towards the real world of Âşık Veysel, the great poet who wandered around the Anatolian villages.",
    "genres" : [ ]
  }, {
    "id" : 270412,
    "title" : "Below the Surface",
    "overview" : "Focusing on former World Wave Champion Victor Fernandez and friends – freestyle legend Goliito Estredo, Marcilio Browne, Klaas Voget and up-and-coming star Alessio Stillrich  - this new film concentrates on pure beauty in action, landscape and the ultimate sports lifestyle.",
    "genres" : [ {
      "id" : 99,
      "name" : "Documentary"
    } ]
  }, {
    "id" : 270417,
    "title" : "The Xposé",
    "overview" : "This is a dramatic chain of events in the most glamorous ,swinging era of Hindi films... the 1960s. It was a decade when film stars tasted success and carried their larger than life screen image on to real life with unbridled pomp and splendour. It was during this time that two ambitious films were made... Ujwal Nirmal Sheetal and Reena Mera Naam. The latter became a runaway hit while the former was struggling at the box office.",
    "genres" : [ {
      "id" : 53,
      "name" : "Thriller"
    }, {
      "id" : 18,
      "name" : "Drama"
    }, {
      "id" : 80,
      "name" : "Crime"
    } ]
  }, {
    "id" : 270422,
    "title" : "Dokuz dagin efesi: Çakici geliyor",
    "overview" : "The film traces the life of Çakırcalı Mehmet Efe, a Zeybek (active as an outlaw in the region enclosing İzmir, Aydın, Denizli, Muğla and Antalya in modern western Turkey, from 1893 to 1910) whose father, Çakırcalı Koca Ahmet Efe was murdered by an Ottoman sergeant.",
    "genres" : [ {
      "id" : 36,
      "name" : "History"
    }, {
      "id" : 80,
      "name" : "Crime"
    }, {
      "id" : 18,
      "name" : "Drama"
    } ]
  }, {
    "id" : 270427,
    "title" : "Riverplay",
    "overview" : "",
    "genres" : [ {
      "id" : 53,
      "name" : "Thriller"
    } ]
  }, {
    "id" : 270432,
    "title" : "It Was My Best Birthday Ever, Charlie Brown!",
    "overview" : "Linus is planning a birthday party. While trying out his new in-line skates in the neighborhood park, he meets a nice little girl with a beautiful singing voice. Linus invites his new friend to the party. The party should be wonderful, but Linus will only be satisfied if the little girl attends. He is completely smitten!",
    "genres" : [ {
      "id" : 35,
      "name" : "Comedy"
    }, {
      "id" : 16,
      "name" : "Animation"
    } ]
  }, {
    "id" : 270442,
    "title" : "Kingdom of the Vampire",
    "overview" : "Remake of J.R. Bookwalter's 1991 shot-on-video opus.",
    "genres" : [ {
      "id" : 27,
      "name" : "Horror"
    } ]
  }, {
    "id" : 270447,
    "title" : "Les Fauves",
    "overview" : "",
    "genres" : [ {
      "id" : 53,
      "name" : "Thriller"
    } ]
  }, {
    "id" : 270452,
    "title" : "Fedia. Three Minutes After the Big Bang",
    "overview" : "Fedia – man living in little yellow house next to Gariūnai marketplace. To him life seems simple, completely transparent and without any hidden truths.",
    "genres" : [ ]
  }, {
    "id" : 270457,
    "title" : "D-Day: Normandy 1944",
    "overview" : "June 6, 1944: The largest Allied operation of World War II began in Normandy, France. Yet, few know in detail exactly why and how, from the end of 1943 through August 1944, this region became the most important location in the world. Blending multiple cinematographic techniques, including animation, CGI and stunning live-action images, “D-Day: Normandy 1944” brings this monumental event to the world’s largest screens for the first time ever. Audiences of all ages, including new generations, will discover from a new perspective how this landing changed the world. Exploring history, military strategy, science, technology and human values, the film will educate and appeal to all.  Narrated by Tom Brokaw, “D-Day: Normandy 1944” pays tribute to those who gave their lives for our freedom… A duty of memory, a duty of gratitude.",
    "genres" : [ {
      "id" : 99,
      "name" : "Documentary"
    }, {
      "id" : 36,
      "name" : "History"
    }, {
      "id" : 10752,
      "name" : "War"
    } ]
  }, {
    "id" : 270462,
    "title" : "Ultraman Zoffy: Ultra Warriors vs. the Giant Monster Army",
    "overview" : "Ultraman Movie Featuring Ultraman Zoffy.",
    "genres" : [ ]
  }, {
    "id" : 270467,
    "title" : "Domestic Violence 2",
    "overview" : "The opening scene in this film is of an arrest in Hillsborough County Florida where a woman has scratched her husband while he was trying to restrain her from getting back in her car and leaving after an argument. The officers explain that she has committed a battery and thereby earned herself an inescapable arrest and overnight stay in jail because by law they have no discretion. This sets the stage for two hours of court proceedings before three different judges, each trying to apply the Florida domestic violence laws. Though it gets repetitive, it also is fascinating to try to figure out what to do with such issues as restraining orders, parental visits, child support and punishment as each witness testifies, and to see how the judges react.",
    "genres" : [ ]
  }, {
    "id" : 270472,
    "title" : "Keno Bates, Liar",
    "overview" : "Jim Maitland (Gordon Mullen) loses his last cent gambling the Double Stamp saloon and gambling hall, and shortly after it closes, he robs the proprietors \"Keno\" Bates (William S. Hart) and \"Wind River\" (Herschel Mayall) are robbed, at gunpoint. After the surprise, they track Maitland down, and Keno shoots him dead on self defense. Keno goes through his belongings and finds a letter and a locket; the letter announces the arrival of the deceased's sister, and the locket has a cameo picture of Doris Maitland (Margaret Thompson). Thus, Keno tells Wind River they must do a heap of lying. Meeting the girl at the stagecoach's arrival, Keeno feels responsible for the innocent and attractive Ms. Maitland; he tells her a white lie, that her brother was a good man, \"killed in a mine accident,\" who had left her a cabin and money - and Keno turns his own cabin over to Doris. Keno and Doris began to fall in love. Anita (Louise Glaum), a dance-hall girl, aggressively tries to seduce Keno.",
    "genres" : [ ]
  }, {
    "id" : 270477,
    "title" : "Cali - Plein de vie",
    "overview" : "",
    "genres" : [ ]
  }, {
    "id" : 270482,
    "title" : "Dokidoki! Precure the Movie: Mana`s Getting Married!!? The Dress of Hope Tied to the Future!",
    "overview" : "One day, Mana Aida receives a wedding dress from her mother and grandmother that they had worn in the past. While thinking about who she would wear this beside someday, a mysterious man named Marsh appears, and Mana is thrown back into the past. She was happy to see her grandmother she loved and her old dog Maro, but she then realizes that Alice and Rikka aren't there because memories have been altered. In order to save precious memories, the future, dreams and hope, Mana transforms into Cure Heart.",
    "genres" : [ {
      "id" : 16,
      "name" : "Animation"
    }, {
      "id" : 28,
      "name" : "Action"
    }, {
      "id" : 14,
      "name" : "Fantasy"
    } ]
  }, {
    "id" : 270487,
    "title" : "Hail, Caesar!",
    "overview" : "Tells the comedic tale of Eddie Mannix, a fixer who worked for the Hollywood studios in the 1950s. The story finds him at work when a star mysteriously disappears in the middle of filming.",
    "genres" : [ {
      "id" : 35,
      "name" : "Comedy"
    }, {
      "id" : 18,
      "name" : "Drama"
    }, {
      "id" : 9648,
      "name" : "Mystery"
    } ]
  }, {
    "id" : 270492,
    "title" : "Vertigo For A Killer",
    "overview" : "Jean-Pierre Desagnat's Vertige pour un tueur involves Marc (Marcel Bozzuffi) as a hood hunted down by his boss when he fails to execute a man who happens to be his friend. He is hidden by a woman (Sylva Koscina) whose husband has murdered his business associate and wants Marc to take the rap for the crime. Michel Constantin is the friend targeted for murder. Jean Luciani and Daniel Moosmann also appear in this suspenseful action feature.",
    "genres" : [ {
      "id" : 80,
      "name" : "Crime"
    } ]
  }, {
    "id" : 270497,
    "title" : "When Love Is Lust",
    "overview" : "A decadent countess (Françoise Prévost), middle-aged but still attractive, forces her young and timid daughter (Agostina Belli) to marry a rich butcher. But the couple’s sexual relation is troubled, because the girl has her fair share of inhibitions. So she abandons her house and seeks refuge at her sister’s place. During her absence, her husband finds consolation in his mother in law’s arms.",
    "genres" : [ {
      "id" : 35,
      "name" : "Comedy"
    }, {
      "id" : 18,
      "name" : "Drama"
    } ]
  }, {
    "id" : 270502,
    "title" : "The Carpenters",
    "overview" : "Carpenters Clancy, Mr. Teewilliger and Herman bumblingly struggle to build a house with disastrous results.",
    "genres" : [ ]
  }, {
    "id" : 270507,
    "title" : "Você Também Pode Dar um Presunto Legal",
    "overview" : "Amid the civil-military dictatorship implanted with the 1964 coup, Sergio Muniz had the idea of making a documentary about the action of the Death Squad. At the time,  the press still had some freedom to disseminate the work of these death squads formed by police officers of various ranks, and that he acted on the outskirts of cities like Sao Paulo and Rio de Janeiro. The victims of police repression (as today) were men, poor and black, and this condition is supposed criminals.",
    "genres" : [ {
      "id" : 99,
      "name" : "Documentary"
    } ]
  }, {
    "id" : 270512,
    "title" : "Kaizoku Sentai Gokaiger: Let's Do This Goldenly! Roughly! 36 Round Gokai Change!!",
    "overview" : "In this special, Captain Marvelous and Gai are accidentally fused together in one body during Insarn's attempt to put Gai inside Karizorg, (\"Kari\" meaning \"Temporary\"), the empty shell of Barizorg. Determined to retrieve Insarn's gun and reverse the process, the duo transform into a hybrid form of Gokai Silver with Gokai Red's helmet and boots, and change into the red warriors from the past 34 Super Sentai while battling dozens of Gormin Sailors. When Insarn fuses Karizorg with a Zugormin to create Zugozorg, the duo use the Gold Anchor Key to become Gokai Red Gold Mode and finish off Zugozorg before taking Insarn's gun and forcing her to retreat. Back aboard the Gokai Galleon, after Captain Marvelous and Gai successfully have their bodies separated, Gai offers the Captain a strawberry/vanilla swirl ice cream.",
    "genres" : [ {
      "id" : 28,
      "name" : "Action"
    }, {
      "id" : 35,
      "name" : "Comedy"
    }, {
      "id" : 878,
      "name" : "Science Fiction"
    } ]
  }, {
    "id" : 270517,
    "title" : "SIFF 2014 Secret Festival #1",
    "overview" : "SIFF 2014 Secret Festival #1",
    "genres" : [ ]
  }, {
    "id" : 270522,
    "title" : "Southwest Passage",
    "overview" : "Director Ray Nazarro's 1954 western, originally filmed in 3-D, stars John Ireland and Joanne Dru as fugitive bank robbers who hide out by joining a government expedition bound for California.",
    "genres" : [ {
      "id" : 37,
      "name" : "Western"
    } ]
  }, {
    "id" : 270532,
    "title" : "Que sea rock",
    "overview" : "",
    "genres" : [ {
      "id" : 99,
      "name" : "Documentary"
    } ]
  }, {
    "id" : 270537,
    "title" : "All the Lonely People",
    "overview" : "A funny and melancholic multi-layered story about a set of characters searching for happiness in a small town, during a hot summer. The script has beautiful twists and the casting is absolutely perfect. It’s a very moving story and it involves the lives of anyone: who doesn’t feel lonely once in a while? Two desperate housewives, a preacher, a priest, a bodybuilder and a fat boy cross and intertwine in this story about the lack of communication, the search for love and the need for love. The movie has laughs, tears and love, something we all expect ...",
    "genres" : [ {
      "id" : 18,
      "name" : "Drama"
    }, {
      "id" : 35,
      "name" : "Comedy"
    } ]
  }, {
    "id" : 270542,
    "title" : "Lucho y Ramos",
    "overview" : "",
    "genres" : [ ]
  }, {
    "id" : 270552,
    "title" : "Morrissey: Live in Dallas",
    "overview" : "Live in Dallas is a video recording of Morrissey in concert. Originally released on VHS in 1992 (and later released on DVD in 2000), the video was filmed in front of a sell out crowd of 11,000 people at the Dallas Starplex Amphitheater during 1991. This film includes footage of the infamous stage invasion which caused Morrissey to exit the stage halfway through the first encore, leaving guitarist Alain Whyte on vocals. The set consisted of songs featured on his first two studio albums Viva Hate and Kill Uncle, as well as the compilation album Bona Drag.",
    "genres" : [ ]
  }, {
    "id" : 270557,
    "title" : "Hellinger",
    "overview" : "A fallen man of the cloth forever bound to the fires of Hell by a pact made with Satan is unleashed to torment humankind. It was 20 years ago that a young innocent named Melissa was discovered by her neighbors drenched in blood and driven to near-insanity by the evil that claimed her father, and even as an adult, the darkness of that fateful day still haunts her. Father Thomas Donaldson was a trusted clergyman who was loved by his flock, but when Father Donaldson began to question his faith and became obsessed with the idea of getting a glimpse of heaven, the deal he so arrogantly cut with Satan to fulfill his Earthly wish left him blinded and possessed by evil. Now the man once known as Father Donaldson has become Hellinger, an unstoppable demon with a unquenchable hunger for human souls and a special place in his black heart for the girl who now thinks he was a mere figment of her imagination.",
    "genres" : [ {
      "id" : 27,
      "name" : "Horror"
    } ]
  }, {
    "id" : 270562,
    "title" : "Untucked",
    "overview" : "In 1977, Marquette coach Al McGuire let his star player, Bo Ellis, design the team's uniforms. The most iconic, the untucked jersey, signified the power of uniforms and the benefits of a creative atmosphere, which allowed a Championship team to flourish.",
    "genres" : [ {
      "id" : 99,
      "name" : "Documentary"
    } ]
  }, {
    "id" : 270567,
    "title" : "Children of War",
    "overview" : "Children of War is a movie based on the true events of the 1971 Genocide. Can we, in search of power, become animals? A genocide; neglected! The first use of rape as a weapon of war; undocumented! The lives of millions; unaccounted! The culprits; unpunished!",
    "genres" : [ {
      "id" : 18,
      "name" : "Drama"
    }, {
      "id" : 36,
      "name" : "History"
    }, {
      "id" : 10752,
      "name" : "War"
    } ]
  }, {
    "id" : 270572,
    "title" : "Hoffmanns Erzählungen",
    "overview" : "This movie, directed by Richard Oswald, is based on the operetta \"Les contes de Hoffmann\" by Jacques Offenbach (1819-1880), which is a genial musical potpourri from various short stories and novels by the Prussian writer, composer, painter, lawyer and judge E.T.A. Hoffmann (1776-1822). While Hoffmann's literary work was longtime considered to be merely fantastical, it was finally researched, in the last years, according to its metaphysical background. Characteristic for Hoffmann's work is his life-long fight against rationalism and for the revelation of nature morte, culminating mostly in carnival-like scenes anticipating literary techniques only described in the works of Bachtin and Bachelard.",
    "genres" : [ ]
  }, {
    "id" : 270582,
    "title" : "Bobby Bumps' Fight",
    "overview" : "A tough wanders down the street, spits on a brick, splitting it and kicks Fido. His master, Bobby Bumps, demands to know what's going on and gets thrown out of the frame for his trouble. Determining on justice, Bobby goes into training.",
    "genres" : [ ]
  }, {
    "id" : 270592,
    "title" : "One Revolution",
    "overview" : "1 Revolution cinematically captures Chris Waddell’s very human journey to dare greatly and ultimately to live fully. This film chronicles the heart and spirit behind an extraordinary achievement as it documents the first almost entirely unassisted paraplegic ascent of 19,340-foot Mt. Kilimanjaro.",
    "genres" : [ ]
  }, {
    "id" : 270597,
    "title" : "6 Minutes of Death",
    "overview" : "Sci-Fi -  Steven Arabia, Robert Arensen, Audra Balewski  In a small town circa 1860 small pox takes the life of a little boy. He enters a world that will get him prepped and re-incarnated for his next life. The library is a second chance, a place to select a storybook life and be reborn. The evil darkness takes the boy into lower earth. All the corners of hell are fighting to keep him from reaching the next level. Four guardians are sent to rescue him but they only have 30 minutes.",
    "genres" : [ {
      "id" : 878,
      "name" : "Science Fiction"
    } ]
  }, {
    "id" : 270602,
    "title" : "After Happily Ever After",
    "overview" : "Documentary - What's the secret to a happy marriage?  That's the question my new husband and I set out to answer when we started making a documentary.  Through the process I hoped that we would find the key to our own marital bliss...  Things didn't go exactly according to plan...  Kate Schermerhorn",
    "genres" : [ ]
  }, {
    "id" : 270607,
    "title" : "Assange: Wikileaks",
    "overview" : "Documentary -  A.N. Other",
    "genres" : [ ]
  }, {
    "id" : 270612,
    "title" : "Canvas",
    "overview" : "A showcase of surfing lifestyle, travel, and shredding on various Canvas Surfboards",
    "genres" : [ ]
  }, {
    "id" : 270617,
    "title" : "Comic Bash Presents Refried Comedy",
    "overview" : "Comedy - Live Stand-up- Eric Blake, Richard Villa, Jesus Trejo",
    "genres" : [ ]
  }, {
    "id" : 270622,
    "title" : "Dangerous Men",
    "overview" : "Action &amp; Adventure - Leo U'Che, George Davidson, Stella Regis",
    "genres" : [ ]
  }, {
    "id" : 270627,
    "title" : "Gordon Family Tree",
    "overview" : "Adventure -  Corbin Bernsen, Richard Karn, Jennica Schwartzman",
    "genres" : [ ]
  }, {
    "id" : 270632,
    "title" : "Angels of Death",
    "overview" : "A tragic love story set during WWII.",
    "genres" : [ {
      "id" : 18,
      "name" : "Drama"
    }, {
      "id" : 10749,
      "name" : "Romance"
    }, {
      "id" : 10752,
      "name" : "War"
    } ]
  }, {
    "id" : 270637,
    "title" : "Last Dance",
    "overview" : "A documentary about the collaboration between dance company Pilobolus and Maurice Sendak, who together created a dance-theater piece about the Holocaust.  Documentary, Drama - Jonathan Wolken, Arthur Yorinks, Robby Barnett, Maurice Sendak",
    "genres" : [ ]
  }, {
    "id" : 270642,
    "title" : "Sewing Hope",
    "overview" : "For 25 years Joseph Kony and his Lord's Resistance Army terrorized Northern Uganda. Children were stolen from their families and brainwashed to be soldiers. Girls were degraded to sex slaves for Kony's officers. The gunfire has ceased, but one battle remains-the battle to restore the future of the children of Uganda. Forest Whitaker tells this story of one woman's fight to bring hope back to her nation. Sister Rosemary Nyirumbe leads a vocational school in Gulu, Uganda, where she uses practical skills to restore dignity, independence, and hope to formerly abducted women.",
    "genres" : [ ]
  }, {
    "id" : 270647,
    "title" : "Mossad",
    "overview" : "Action &amp; Adventure - Mili Avital, Dan Turgeman",
    "genres" : [ ]
  }, {
    "id" : 270652,
    "title" : "Paranormal Prisons",
    "overview" : "Who is the bloody figure wielding a meat cleaver, seen racing through the alleys of British Columbia's Chinatown? Whoever he is, he has terrified dozens of witnesses, who have never been the same afterwards. The brutal history of Cornwall Jail, Ottawa's most notorious prison, lives on as ghostly apparitions of tortured inmates terrorize modern visitors. In its heyday it was home to vicious criminals, and sadistic guards. Hangings, whippings and torture were daily affairs and spirits from that era still linger on in the maze of cell blocks and corridors. Many male criminals were hanged at the Northwest Mounted Police outpost known as Fort Saskatchewan, but only one woman. Florence Lassandro was dubbed the Mob Princess, and her spirit is one of many seen on the grounds and in the preserved buildings of this historic site. Journey through several of the world's most haunted prisons and experience real portals to hell on earth.",
    "genres" : [ ]
  }, {
    "id" : 270657,
    "title" : "Q: The Movie",
    "overview" : "Comedy -  Brian Hooks, Keno K. Deary, Carl Gilliard",
    "genres" : [ ]
  }, {
    "id" : 270662,
    "title" : "Sheriff of Contention",
    "overview" : "Western -  Angelo Ortega, Miguel Corona, Wendy Wiltsey",
    "genres" : [ ]
  }, {
    "id" : 270667,
    "title" : "Sveener and the Shmiel",
    "overview" : "Comedy -  Dave Pressler, Aaron Sharp, Demitra Tsioulos",
    "genres" : [ ]
  }, {
    "id" : 270672,
    "title" : "The Formula",
    "overview" : "The story of Quinn and Graham, two engineering students who discover a mathematical formula to pick up women with ease.",
    "genres" : [ {
      "id" : 10749,
      "name" : "Romance"
    }, {
      "id" : 35,
      "name" : "Comedy"
    } ]
  }, {
    "id" : 270677,
    "title" : "Wishes",
    "overview" : "Carrie's life is at a standstill. She's fed up of being a social outcast. Then one day, she stumbles across a magic lamp. Out of the lamp appears Jeanie. An 8th century Macedonian prostitute! Life will never be the same for Carrie, as Jeanie allows her to have 10 wishes, and to make wishes that she wants.",
    "genres" : [ ]
  }, {
    "id" : 270682,
    "title" : "A Box of Buttons",
    "overview" : "Short film that portrays early childhood through the eyes of an angry teenager. The death of her grandmother makes her realize the importance of family, love and forgiveness",
    "genres" : [ ]
  }, {
    "id" : 270692,
    "title" : "Let the Balloon Go",
    "overview" : "In 1917 rural New South Wales, a young boy with polio struggles to break free of his overprotective mother.",
    "genres" : [ ]
  }, {
    "id" : 270697,
    "title" : "Cathy's Child",
    "overview" : "Cathy Baikas is a woman of Greek heritage who lives in Sydney, Australia with her three-year-old daughter. When her daughter's father kidnaps the child and takes her back to Greece, Cathy discovers the authorities can do little to help her. She turns to the media. The editor of a major daily newspaper proves sympathetic to Cathy's problem and begins giving her case press coverage. The film is based on a true story.",
    "genres" : [ {
      "id" : 18,
      "name" : "Drama"
    } ]
  }, {
    "id" : 270702,
    "title" : "The Last Ride of the Dalton Gang",
    "overview" : "A light-hearted view of the Dalton Gang's legendary raid on Coffeyville, Kansas and the years leading up to it as the brothers form themselves into a gang of horse thieves, train and bank robbers with their arch enemy, Detective Will Smith, constantly on their heels.",
    "genres" : [ {
      "id" : 37,
      "name" : "Western"
    }, {
      "id" : 28,
      "name" : "Action"
    } ]
  }, {
    "id" : 270712,
    "title" : "Boxing Match; or, Glove Contest",
    "overview" : "Staged boxing match between Sergeant-Instructor Barrett and Sergeant Pope, with a round, interval, and knockout.",
    "genres" : [ {
      "id" : 99,
      "name" : "Documentary"
    } ]
  }, {
    "id" : 270717,
    "title" : "Dreams and Mirrors",
    "overview" : "Tsukamoto's film offers the spectator a sophisticated, psychological adventure through the dreams and mirrors of Sara, as she deals with her both happy and feared ghosts. - Dr. Ger Zielinski",
    "genres" : [ {
      "id" : 14,
      "name" : "Fantasy"
    } ]
  }, {
    "id" : 270722,
    "title" : "Corpus Crispi",
    "overview" : "While going hunting in the wilderness, two friends stumble upon a zombie who attacks them. They kill him and bury the body, but the police and people dressed as priests put their friendship at stake.",
    "genres" : [ {
      "id" : 27,
      "name" : "Horror"
    }, {
      "id" : 53,
      "name" : "Thriller"
    }, {
      "id" : 9648,
      "name" : "Mystery"
    } ]
  }, {
    "id" : 270727,
    "title" : "Je vais me faire raser",
    "overview" : "A married man wants to start an affair with his barber's daughter. But the Barber knows how to defend his daughter's virtue.",
    "genres" : [ ]
  }, {
    "id" : 270732,
    "title" : "The Meeting",
    "overview" : "Charming melodrama by the Vitagraph Company about the friendship between a boy (Bobby Connelly) and the grumpy Captain Barnacle(William Shea). This seems to be the first film in a short-lived Captain Barnacle series that Vitagraph started at the beginning of 1917. Young Bobby Connelly was one of the first star child actors and his character Sonny Boy links the two series he did for Vitagraph, the \"Sonny Jim\" series from 1914 to 1915 and the \"Bobby\" series in 1917.",
    "genres" : [ ]
  }, {
    "id" : 270737,
    "title" : "The Ring with a Crowned Eagle",
    "overview" : "A Polish Resistance fighter who survived the Nazi years cannot accept the new Communist power.",
    "genres" : [ {
      "id" : 10752,
      "name" : "War"
    }, {
      "id" : 18,
      "name" : "Drama"
    } ]
  }, {
    "id" : 270742,
    "title" : "Colour Of War Disc 1 1933-1945",
    "overview" : "COLOUR OF WAR 1933-1945 160 MIN.",
    "genres" : [ ]
  }, {
    "id" : 270747,
    "title" : "Butterfly Cloud",
    "overview" : "End of childhood, first love and misunderstandings that seem unsolvable. Comic story of sixteen years old boy who seems to be all against his dreams - and the families and friends, and the world from the supermarket where he works.",
    "genres" : [ {
      "id" : 18,
      "name" : "Drama"
    } ]
  }, {
    "id" : 270752,
    "title" : "Computer Dreams",
    "overview" : "A documentary about the exciting possibilities of computer animation and the shaping of never before imagined worlds",
    "genres" : [ ]
  }, {
    "id" : 270762,
    "title" : "What a Fuck Am I Doing on This Battlefield",
    "overview" : "A portrait of the dark and tortured world of artist Matt Elliott, who opens up in rehearsals, interviews or writings. With disturbing clarity of expression, Elliott discusses his depression and the magic of inspiration, or reveals his heartfelt political opinions.",
    "genres" : [ ]
  }, {
    "id" : 270767,
    "title" : "Poovarasam Peepee",
    "overview" : "Three boys, who are spending their summer vacation together, witness a crime and decide to bring the guilty to book.",
    "genres" : [ {
      "id" : 12,
      "name" : "Adventure"
    } ]
  }, {
    "id" : 270772,
    "title" : "Mundasupatti",
    "overview" : "Gopi, a photographer, and Azhagu, his assistant, get stuck in Mundasupatti, a village where having photographs taken is bad omen. And, Gopi falls for Kalaivani, the village headman's daughter who is about to get married.",
    "genres" : [ {
      "id" : 35,
      "name" : "Comedy"
    }, {
      "id" : 10749,
      "name" : "Romance"
    } ]
  }, {
    "id" : 270777,
    "title" : "La Marcha Verde",
    "overview" : "",
    "genres" : [ ]
  }, {
    "id" : 270782,
    "title" : "Vetri Selvan",
    "overview" : "Vetri (Ajmal), Professor (Mano) and Ganesh run away from Chennai to Ooty, where they meet a lawyer Sujatha (Radhika Apte). For Sujatha it is love at first sight as she falls for Vetri. Sujatha discovers after an accident that police are on their trail and they are accused in a murder case after escaping from a mental health institute.",
    "genres" : [ {
      "id" : 53,
      "name" : "Thriller"
    }, {
      "id" : 18,
      "name" : "Drama"
    } ]
  }, {
    "id" : 270787,
    "title" : "Benji at Work",
    "overview" : "Behind-the-scenes look at the beloved movie canine.",
    "genres" : [ ]
  }, {
    "id" : 270792,
    "title" : "Midnight Globe",
    "overview" : "",
    "genres" : [ {
      "id" : 53,
      "name" : "Thriller"
    } ]
  }, {
    "id" : 270797,
    "title" : "Damn! Is the Price of Fame Too Damn High?",
    "overview" : "DAMN! is an independent, feature length documentary chronicling the story of \"Rent is Too Damn High\" party founder Jimmy McMillan, a Vietnam veteran, black belt karate master, former stripper and 1970's soul singer who became an overnight sensation. After his appearance on the 2010 televised New York gubernatorial debate went viral, receiving over 2 million views in 24 hours, Jimmy was lifted from political obscurity into the international spotlight.",
    "genres" : [ ]
  }, {
    "id" : 270802,
    "title" : "666: Devilish Charm",
    "overview" : "When a cursed devil's charm' bracelet shows up at a sorority house on Valentine's Day, each girl tries to make a series of wishes, and each finds that unintended consequences are the primary purpose of Satan's sinister strategy.",
    "genres" : [ {
      "id" : 27,
      "name" : "Horror"
    }, {
      "id" : 53,
      "name" : "Thriller"
    } ]
  } ]
}