{
  "movies" : [ {
    "id" : 348962,
    "title" : "Planübung",
    "overview" : "A fictionalized version of a military training fight.",
    "genres" : [ {
      "id" : 18,
      "name" : "Drama"
    } ]
  }, {
    "id" : 348967,
    "title" : "Me, the President",
    "overview" : "Spain's recent election have alarmed europe. It's the second time blank votes win, plunging the country into chaos. The European Union decides to elect the new Spanish president using a rather unique method, Facebook.",
    "genres" : [ {
      "id" : 35,
      "name" : "Comedy"
    } ]
  }, {
    "id" : 348972,
    "title" : "Zillo Dark Visions",
    "overview" : "",
    "genres" : [ ]
  }, {
    "id" : 348977,
    "title" : "Ice cool 80's",
    "overview" : "",
    "genres" : [ ]
  }, {
    "id" : 348982,
    "title" : "Patricia Barber Quartet - Belgrade Jazz Festival",
    "overview" : "Patricia Barber Quartet Belgrade Jazz Festival",
    "genres" : [ {
      "id" : 10402,
      "name" : "Music"
    } ]
  }, {
    "id" : 348987,
    "title" : "Paco",
    "overview" : "Paco is an orphaned Colombian boy who leaves the family farm to search for his uncle in the big big city. When he gets to the city, he discovers his uncle is running a gang of young jewel thieves.",
    "genres" : [ {
      "id" : 80,
      "name" : "Crime"
    }, {
      "id" : 10751,
      "name" : "Family"
    } ]
  }, {
    "id" : 348992,
    "title" : "My Friend The Devil",
    "overview" : "Silent romantic drama...",
    "genres" : [ {
      "id" : 18,
      "name" : "Drama"
    }, {
      "id" : 10749,
      "name" : "Romance"
    } ]
  }, {
    "id" : 348997,
    "title" : "The Mystery Of 13",
    "overview" : "A man comes by a map that shows the location of a secret treasure, but runs afoul of a criminal organization known as the \"13\". Chapter ten, eleven and twelve are still missing from this 15 episode serial.",
    "genres" : [ {
      "id" : 28,
      "name" : "Action"
    } ]
  }, {
    "id" : 349002,
    "title" : "Lion",
    "overview" : "The film revolves round a socio-political family where Balagangadhara Menon (Kalashala Babu), the Education Minister lives with his son B.Krishnakumar a.k.a. Unni (Dileep)-a Politician, his wife Lakshmi (Shobha Mohan), three daughters and two son-in-laws.",
    "genres" : [ {
      "id" : 18,
      "name" : "Drama"
    } ]
  }, {
    "id" : 349007,
    "title" : "The Death of a Provincial",
    "overview" : "Young and lively artist lives at the monastery while restoring the interiors and pays attention to the very old monk who is going to pass away soon.",
    "genres" : [ {
      "id" : 18,
      "name" : "Drama"
    } ]
  }, {
    "id" : 349012,
    "title" : "Pitmaker",
    "overview" : "Mexico is notorious for being ruthless with it's own people. Over the years, the ones in charge have fancied with different flavors of governance. Although nothing has truly changed in centuries. Juan has worked for years as a submissive and trustworthy handyman, employed by a wealthy family of Monterrey, in northern Mexico. His father also worked for them, for many years. This job is the only inheritance that he received. But today, Juan has decided that from now on, things will be different.",
    "genres" : [ ]
  }, {
    "id" : 349017,
    "title" : "Stanley and the Dinosaurs",
    "overview" : "Stanley is no ordinary caveman. He paints pictures, grows flowers, and befriends a quartet of dinosaurs, who help him build the world's first house. Filled with lively music and lots of fun, this program helps viewers discover the value of individuality, manners, friendship and sharing.",
    "genres" : [ ]
  }, {
    "id" : 349022,
    "title" : "The Assassination of Martin Luther King",
    "overview" : "In a prelude to the forthcoming bio-opic of his assassination film by Oliver Stone. This video features some great footage of Dr. King after his transformation in 1965 to the war on poverty, discrimination, and unequal distribution of wealth in this great country.",
    "genres" : [ {
      "id" : 99,
      "name" : "Documentary"
    } ]
  }, {
    "id" : 349027,
    "title" : "Esbjörn Svensson Trio:  Klub Blue Note Poznan",
    "overview" : "Esbjörn Svensson Trio:  Klub Blue Note Poznan",
    "genres" : [ ]
  }, {
    "id" : 349032,
    "title" : "Africa",
    "overview" : "Documentary looking at the new independent African states.",
    "genres" : [ {
      "id" : 99,
      "name" : "Documentary"
    }, {
      "id" : 10770,
      "name" : "TV Movie"
    } ]
  }, {
    "id" : 349037,
    "title" : "Esbjörn Svensson Trio: Jazz in Marciac",
    "overview" : "Esbjörn Svensson Trio: Jazz in Marciac",
    "genres" : [ ]
  }, {
    "id" : 349047,
    "title" : "Notte profonda",
    "overview" : "A depressed writer of horror comics finds a strange artifact, a small pyramid, while cleaning up a bar. The pyramid is a sort of puzzle and once opened it spawns evil, invisible entities which silently haunts the protagonist by possessing objects in the house during the night, while he is asleep. The paranormal manifestations become more and more invasive and frequent...what's the secret behind them and the pyramid? Our hero will discover it, but he will pay a very high price for it also.",
    "genres" : [ ]
  }, {
    "id" : 349052,
    "title" : "Koodal",
    "overview" : "\"Visionary post-war modernist Tyeb Mehta channels the nightmares of the nation in Koodal, at once the artist’s self-described “autobiography” and a profound meditation on collage, crowd control, cinematic subjectivity and the violence buried within every glorious act of foundation.\" -- Sarkari Shorts",
    "genres" : [ {
      "id" : 99,
      "name" : "Documentary"
    } ]
  }, {
    "id" : 349057,
    "title" : "Blood Money",
    "overview" : "A man loses his bank job and is drawn into the world of rituals where the only way for him is by taking the life of another.",
    "genres" : [ ]
  }, {
    "id" : 349067,
    "title" : "Tigers Are Not Afraid",
    "overview" : "When her mother suddenly disappears with no one to care for her, young Estrella ends up on the street and joins a gang of children.",
    "genres" : [ {
      "id" : 14,
      "name" : "Fantasy"
    }, {
      "id" : 27,
      "name" : "Horror"
    }, {
      "id" : 53,
      "name" : "Thriller"
    } ]
  }, {
    "id" : 349072,
    "title" : "Herstory of Porn: Reel to Real",
    "overview" : "Documentary film diary tracing Annie Sprinkle's and society’s 30 year evolution throughout the sexual revolution. Take a look at the history of porn via Annie's filmography.",
    "genres" : [ ]
  }, {
    "id" : 349077,
    "title" : "Crossroad Avenger: The Adventures of the Tucson Kid",
    "overview" : "Edward D. Wood, Jr.'s Western that tells of the adventures of the Tucson Kid, who investigates suspicious insurance claims.",
    "genres" : [ {
      "id" : 37,
      "name" : "Western"
    } ]
  }, {
    "id" : 349082,
    "title" : "Colorín Colorado",
    "overview" : "",
    "genres" : [ {
      "id" : 35,
      "name" : "Comedy"
    } ]
  }, {
    "id" : 349087,
    "title" : "Beautiful Something",
    "overview" : "Four diverse gay men navigate art, sex and love in one sublime night.",
    "genres" : [ ]
  }, {
    "id" : 349092,
    "title" : "Lewd Family: Stepmother's Bedroom",
    "overview" : "Wataru, a young, nerdy man who also narrates the film's story, uses some of his time to peep on his parents having sex, as well as on his sister, and is often seen masturbating to a porn magazine.",
    "genres" : [ {
      "id" : 18,
      "name" : "Drama"
    } ]
  }, {
    "id" : 349097,
    "title" : "Wheat And Tares",
    "overview" : "Radio host and Bible teacher Harold Camping predicted our world would end on May 21st, 2011. This documentary tells the story of three families in their conviction of this believe. They dedicate their entire life to their conviction, because they don't have the slightest doubt about the coming events, such as a worldwide earthquake and the death of half the human population. While they see it as their task to warn the world, their fundamental ideas more and more alienate them from their personal environment. Our main characters isolate themselves from their family and friends, while they focus on each other and their beacon; Mr. Camping. What will eventually be left of their ideas, after nothing happens on May 21st 2011...?",
    "genres" : [ {
      "id" : 99,
      "name" : "Documentary"
    } ]
  }, {
    "id" : 349102,
    "title" : "The Carrot Caterpillar",
    "overview" : "The carrot caterpillar hides among and feeds on the leafy foliage in carrot fields. A man demonstrates how difficult it is to detect and remove them from the carrot plants. They propel themselves with their six feet and twelve suction cups. To ward off enemies, they display two horns which secrete a malodorous liquid. Before the chrysalis stage of their development, they attach themselves to a surface and two days later burst from their shell. After spending the winter as a chrysalis, they emerge as swallowtail butterflies. Once they have bathed their wings in dew and dried off, they are ready to fly. (Library of Congress)",
    "genres" : [ {
      "id" : 99,
      "name" : "Documentary"
    } ]
  }, {
    "id" : 349107,
    "title" : "Wrecked",
    "overview" : "After his plane crashes in the middle of a desert, fighter pilot Denny Myers is not clear if he is behind enemy lines...",
    "genres" : [ {
      "id" : 9648,
      "name" : "Mystery"
    }, {
      "id" : 878,
      "name" : "Science Fiction"
    } ]
  }, {
    "id" : 349112,
    "title" : "Thomas & Friends: Sodor's Legend of the Lost Treasure: The Movie",
    "overview" : "Shiver me timbers. Surprises await Thomas and his friends as they dig up their most daring adventure yet. Unearthing an old pirate ship, Thomas is on the hunt for Sodor's lost treasure. When Thomas rocks the boat with some new friends, trouble soon rushes in. Will Thomas track down the treasure in time, or will Sailor John set sail with it? Join Thomas and Friends in this explosive movie adventure.",
    "genres" : [ {
      "id" : 16,
      "name" : "Animation"
    }, {
      "id" : 10751,
      "name" : "Family"
    } ]
  }, {
    "id" : 349117,
    "title" : "Lilliputian Dance",
    "overview" : "A basket of flowers appears and moves by itself to the middle of a decorative arch. From the basket, a woman magician appears. From a cylinder, the magician conjures a series of tiny dancers and acrobats who perform on a table top, and in the palm of her hand. (Library of Congress) Possibly created by Segundo de Chomón.",
    "genres" : [ {
      "id" : 14,
      "name" : "Fantasy"
    } ]
  }, {
    "id" : 349122,
    "title" : "Erkans Farben",
    "overview" : "Documentary about German pro wrestler Erkan Sulcani a.k.a. Cash Money Erkan.",
    "genres" : [ {
      "id" : 99,
      "name" : "Documentary"
    } ]
  }, {
    "id" : 349127,
    "title" : "Mudditchgirl91",
    "overview" : "Alex Kazemi directs an unsettling, very internet short that is a fragmented picture of the shit kids do on, and because of, the internet.",
    "genres" : [ ]
  }, {
    "id" : 349137,
    "title" : "Hwasangorae",
    "overview" : "It’s 2070 and our planet is ravaged by earthquakes and volcanic activity. Nowhere on Earth is hit worse than the Korean peninsula. Ha-jin, a sly, savvy orphan, prowls the rubble of a broken, barely functioning Busan wracked by daily tremors. Her petty crimes land her in jail, and from there the clutches of human traffickers — and finally far out to sea, rescued (or rather, kidnapped?) by a ragtag band of pirates seeking the precious crystals at the heart of a volcanic island. To reach their prize, they’ll need to defeat the island’s fearsome guardian, the legendary volcano whale. And to do that, they’ll need Ha-jin’s special talent for summoning whales. But is her rare power a blessing, or a curse?",
    "genres" : [ {
      "id" : 12,
      "name" : "Adventure"
    }, {
      "id" : 16,
      "name" : "Animation"
    }, {
      "id" : 28,
      "name" : "Action"
    } ]
  }, {
    "id" : 349157,
    "title" : "Die Spur meiner Tochter",
    "overview" : "",
    "genres" : [ {
      "id" : 53,
      "name" : "Thriller"
    } ]
  }, {
    "id" : 349162,
    "title" : "Tied",
    "overview" : "After the kidnapping of his wife, Delroso learns that there's only one chance of getting her back. He must trade the lives of his closest friends in order to save the one he loves most.",
    "genres" : [ {
      "id" : 53,
      "name" : "Thriller"
    }, {
      "id" : 18,
      "name" : "Drama"
    } ]
  }, {
    "id" : 349167,
    "title" : "Mischievous Lolita Attacking the Virgin from Behind",
    "overview" : "Toru was an ordinary businessman. One day he found a doll in the trash, and he took it home. In the next morning, he heard strange noises in the house, although he was supposed to be living alone. He finds out that the doll has turned into a real girl, naked, wearing only an apron. And they start to live together.",
    "genres" : [ {
      "id" : 35,
      "name" : "Comedy"
    } ]
  }, {
    "id" : 349172,
    "title" : "Visão de Juazeiro",
    "overview" : "In 1969, the city of Juazeiro do Norte inaugurated a large concrete statue to honor its most famous and beloved resident: Father Cicero Romão Batista. On that year's All Souls' Day, the pilgrimage and devotion, trade and politics around the figure of Father Cicero. Archive footage shows the city of Juazeiro and the figure of the priest in contact with the faithful.",
    "genres" : [ {
      "id" : 99,
      "name" : "Documentary"
    } ]
  }, {
    "id" : 349177,
    "title" : "Sucker",
    "overview" : "When Chinese-Australian teenager Lawrence cheats at and fails his high-school exams, destroying his dreams of a medical degree, he's banished to the country for the summer. There, he meets wily old conman the Professor and his cynical daughter Sarah, and learns that even the sneakiest scam can't conjure up love. Is it a true story? That might be another of Leung's tricks.",
    "genres" : [ {
      "id" : 35,
      "name" : "Comedy"
    } ]
  }, {
    "id" : 349182,
    "title" : "Terror Taxi",
    "overview" : "Gilnam, a diligent taxi driver plans to propose to his girlfriend, Yu-jeong. However, when Gilnam takes off to meet Yu-jeong with armful roses, he gets in a hit-and-run accident and dies on the spot. One night, forty-nine days later, in a graveyard, a set of headlights emerges. A mysterious taxi drives off into the city. The driver of this taxi is none other than Gilnam, but he is no longer a part of the living and he races through the city streets in search of his beloved.",
    "genres" : [ {
      "id" : 10749,
      "name" : "Romance"
    }, {
      "id" : 27,
      "name" : "Horror"
    }, {
      "id" : 35,
      "name" : "Comedy"
    } ]
  }, {
    "id" : 349187,
    "title" : "Nine Inch Nails: Lollapalooza 2014",
    "overview" : "Nine Inch Nails (abbreviated and stylized as NIИ) is an American industrial rock band, founded in 1988 by Trent Reznor in Cleveland, Ohio. As its main producer, singer, songwriter, and instrumentalist, Reznor is the only official member of the group and remains solely responsible for its direction. Nine Inch Nails' music straddles a wide range of genres. After recording a new album, Reznor usually assembles a live band to perform with him. The touring band features a revolving lineup that often rearranges songs to fit a live setting.  Setlist: Wish; Letting You; Me, I'm Not; Survivalism; March of the Pigs; Piggy; Find My Way; Sanctified; (w/Sunspots riff); Disappointed; All Time Low; (w/Closer tease); Burn; The Great Destroyer; The Big Come Down; Gave Up; Hand Covers Bruise; (Trent Reznor and Atticus Ross cover); Beside You in Time; The Hand That Feeds; Head Like a Hole; Hurt",
    "genres" : [ {
      "id" : 10402,
      "name" : "Music"
    } ]
  }, {
    "id" : 349192,
    "title" : "Mamas Milch: 12 Mütter, 2 Profis über die Stillzeit",
    "overview" : "",
    "genres" : [ ]
  }, {
    "id" : 349197,
    "title" : "Uppu Karuvadu",
    "overview" : "A struggling filmmaker agrees to make a film for a big shot, accepting the latter's condition that he cast his daughter as the heroine.",
    "genres" : [ {
      "id" : 35,
      "name" : "Comedy"
    }, {
      "id" : 18,
      "name" : "Drama"
    } ]
  }, {
    "id" : 349202,
    "title" : "Chopin - Selected Piano Works",
    "overview" : "Chopin - Selected Piano Works",
    "genres" : [ ]
  }, {
    "id" : 349207,
    "title" : "Rub Love",
    "overview" : "In 2028, cartoonist Han Cho becomes obsessed with his neighbor, an assassin named Nana. He professes his love for her but she remains indifferent. By accident Han Cho finds an amnesia-inducing drug which he uses to spike Nana’s drink. With her memory blanked out, Nana is told that she is Han Cho’s girlfriend.",
    "genres" : [ {
      "id" : 53,
      "name" : "Thriller"
    }, {
      "id" : 10749,
      "name" : "Romance"
    }, {
      "id" : 878,
      "name" : "Science Fiction"
    } ]
  }, {
    "id" : 349212,
    "title" : "Fly Low",
    "overview" : "",
    "genres" : [ ]
  }, {
    "id" : 349217,
    "title" : "Wanted",
    "overview" : "",
    "genres" : [ ]
  }, {
    "id" : 349222,
    "title" : "Deep Sorrow",
    "overview" : "",
    "genres" : [ ]
  }, {
    "id" : 349227,
    "title" : "그는 나에게 지타를 아느냐고 물었다",
    "overview" : "",
    "genres" : [ ]
  }, {
    "id" : 349237,
    "title" : "패자부활전",
    "overview" : "",
    "genres" : [ {
      "id" : 10749,
      "name" : "Romance"
    } ]
  }, {
    "id" : 349247,
    "title" : "Ghost Mama",
    "overview" : "Ghost Mama is a 1996 South Korean romance fantasy film.",
    "genres" : [ ]
  }, {
    "id" : 349252,
    "title" : "Taekwondo",
    "overview" : "",
    "genres" : [ ]
  }, {
    "id" : 349257,
    "title" : "Tie a Yellow Ribbon",
    "overview" : "",
    "genres" : [ ]
  }, {
    "id" : 349262,
    "title" : "Do You Believe in Jazz?",
    "overview" : "",
    "genres" : [ {
      "id" : 18,
      "name" : "Drama"
    } ]
  }, {
    "id" : 349267,
    "title" : "J. S. BACH: DIE KUNST DER FUGE KURTAG - CELLO SUITES 1 & 5",
    "overview" : "J. S. BACH: DIE KUNST DER FUGE KURTAG - CELLO SUITES 1 &amp; 5",
    "genres" : [ ]
  }, {
    "id" : 349272,
    "title" : "Bon Lin",
    "overview" : "Natsuko Yotsuya (Ema Sakura) is a teenager and she is also known as Bon. She lives in a town and has a friend, Miyu-chan, who lives with her boyfriend in Tokyo. Miyu-chan though is abused by her boyfriend. To bring back her friend back, Natsuko and her childhood friend Rintaro Tomoda (Mahiro Takasugi), also known as Lin, go to Tokyo together. With the help of a man, who they met through an internet forum for \"boys’ love\" manga fans, they head to Miyu-chan's house.",
    "genres" : [ {
      "id" : 35,
      "name" : "Comedy"
    } ]
  }, {
    "id" : 349277,
    "title" : "The Daylight Zone",
    "overview" : "The very first film from the Christiano Brothers is a Christian version of the old TV series The Twlight [sic] Zone. Carl Smith is a thirty-five year old school teacher on his way home to Johnson City, Texas. He claims Jesus Christ never existed, and bases that claim on never having met Jesus in person. But what does it take for a man to know if someone did indeed exist, or if that someone is in fact telling the truth? (christianfilms.com)",
    "genres" : [ {
      "id" : 14,
      "name" : "Fantasy"
    }, {
      "id" : 18,
      "name" : "Drama"
    } ]
  }, {
    "id" : 349287,
    "title" : "Daddy Loves to Cook Herring",
    "overview" : "",
    "genres" : [ ]
  }, {
    "id" : 349292,
    "title" : "General Hospital the Movie: A Thousand Days",
    "overview" : "",
    "genres" : [ ]
  }, {
    "id" : 349302,
    "title" : "Returned Hero Hong Gildong",
    "overview" : "",
    "genres" : [ {
      "id" : 16,
      "name" : "Animation"
    } ]
  }, {
    "id" : 349317,
    "title" : "Piano in Winter",
    "overview" : "",
    "genres" : [ ]
  }, {
    "id" : 349327,
    "title" : "Copy Cat",
    "overview" : "",
    "genres" : [ {
      "id" : 53,
      "name" : "Thriller"
    } ]
  }, {
    "id" : 349332,
    "title" : "Gangster Lessons 2",
    "overview" : "",
    "genres" : [ ]
  }, {
    "id" : 349337,
    "title" : "Jang-gu and Daengchili",
    "overview" : "",
    "genres" : [ ]
  }, {
    "id" : 349342,
    "title" : "거꾸로 가는 여자",
    "overview" : "",
    "genres" : [ ]
  }, {
    "id" : 349347,
    "title" : "Mountain Strawberries 6",
    "overview" : "",
    "genres" : [ ]
  }, {
    "id" : 349352,
    "title" : "The Smiths - Live in England",
    "overview" : "",
    "genres" : [ {
      "id" : 10402,
      "name" : "Music"
    } ]
  }, {
    "id" : 349357,
    "title" : "Barricade",
    "overview" : "A man spends all of his tuition money on his sick father and is forced to take a job in a factory where he becomes involved with the plight of the foreign workers.",
    "genres" : [ {
      "id" : 18,
      "name" : "Drama"
    } ]
  }, {
    "id" : 349367,
    "title" : "예수",
    "overview" : "",
    "genres" : [ ]
  }, {
    "id" : 349372,
    "title" : "Man of 49 Days",
    "overview" : "",
    "genres" : [ ]
  }, {
    "id" : 349377,
    "title" : "너에게 받은 흔적",
    "overview" : "",
    "genres" : [ ]
  }, {
    "id" : 349387,
    "title" : "The Lion's Den",
    "overview" : "Silent movie drama....",
    "genres" : [ {
      "id" : 18,
      "name" : "Drama"
    } ]
  }, {
    "id" : 349392,
    "title" : "Auf der Suche nach einer praktisch-realistischen Haltung",
    "overview" : "The Cold War is peaking again in divided Germany in the early 1980s. How to deal with the upcoming nuclear annihilation shows this Alexander Kluge short.",
    "genres" : [ ]
  }, {
    "id" : 349397,
    "title" : "Hotcorn!",
    "overview" : "The incredible skills of a man with corn.",
    "genres" : [ {
      "id" : 35,
      "name" : "Comedy"
    }, {
      "id" : 16,
      "name" : "Animation"
    } ]
  }, {
    "id" : 349402,
    "title" : "Pumpkins and Old Lace",
    "overview" : "The perfect \"Granny or Grandpa\" poster face is what the photographer from Discra, an adult diaper company, hopes to find as he approaches a retirement home, camera in hand. A quick look at a couple of \"nice old folks\" and that should be it. But it's just the beginning of the story (or rather stories). While the folks he meets are a bit long in the tooth, they have a lot to say. With Pumpkins and Old Lace, Juliette Loubières joins the classic tradition of puppet animation films, creating a sincere, whimsical fairy tale with a moral that reminds us that old age is sometimes a mask guarding the treasures of our souls.",
    "genres" : [ {
      "id" : 35,
      "name" : "Comedy"
    }, {
      "id" : 16,
      "name" : "Animation"
    } ]
  }, {
    "id" : 349417,
    "title" : "The Road to Reno",
    "overview" : "An opera singer travels to Reno to divorce her rancher husband.",
    "genres" : [ {
      "id" : 35,
      "name" : "Comedy"
    } ]
  }, {
    "id" : 349422,
    "title" : "인연",
    "overview" : "",
    "genres" : [ ]
  }, {
    "id" : 349427,
    "title" : "보스",
    "overview" : "",
    "genres" : [ ]
  }, {
    "id" : 349432,
    "title" : "블루스",
    "overview" : "",
    "genres" : [ ]
  }, {
    "id" : 349437,
    "title" : "Murder in the Doll House",
    "overview" : "Yūsaku Matsuda plays the part of a private detective in this modern day \"who dunnit\" mystery, full of suspense, thrills, and chills",
    "genres" : [ {
      "id" : 9648,
      "name" : "Mystery"
    }, {
      "id" : 27,
      "name" : "Horror"
    }, {
      "id" : 878,
      "name" : "Science Fiction"
    } ]
  }, {
    "id" : 349447,
    "title" : "Gran Canaria",
    "overview" : "",
    "genres" : [ {
      "id" : 18,
      "name" : "Drama"
    } ]
  }, {
    "id" : 349452,
    "title" : "Kamelot - Haven DVD",
    "overview" : "DVD release from Haven album",
    "genres" : [ ]
  }, {
    "id" : 349467,
    "title" : "사랑 그리고 죽는 연습",
    "overview" : "",
    "genres" : [ ]
  }, {
    "id" : 349472,
    "title" : "애마부인 10",
    "overview" : "",
    "genres" : [ ]
  }, {
    "id" : 349477,
    "title" : "천년환생 - 월하의 공동묘지",
    "overview" : "",
    "genres" : [ ]
  }, {
    "id" : 349482,
    "title" : "하얀 노을",
    "overview" : "",
    "genres" : [ ]
  }, {
    "id" : 349487,
    "title" : "헤드폰을 벗어라",
    "overview" : "",
    "genres" : [ ]
  }, {
    "id" : 349492,
    "title" : "헐리우드 키드의 생애",
    "overview" : "",
    "genres" : [ ]
  }, {
    "id" : 349497,
    "title" : "장미빛 인생",
    "overview" : "",
    "genres" : [ ]
  }, {
    "id" : 349502,
    "title" : "매춘 6",
    "overview" : "",
    "genres" : [ ]
  }, {
    "id" : 349507,
    "title" : "게임의 법칙",
    "overview" : "",
    "genres" : [ ]
  }, {
    "id" : 349512,
    "title" : "엑스트라",
    "overview" : "",
    "genres" : [ ]
  }, {
    "id" : 349522,
    "title" : "Swansong",
    "overview" : "He was once a pop star with adoring fans, now even his wife's left him for another woman. So he's kidnapped them both and is driving out of London with a tub full of poison and what he claims is enough antidote for two people. He's going to poison all three of them, then they'll jointly decide who gets to be saved.",
    "genres" : [ ]
  }, {
    "id" : 349527,
    "title" : "미란다",
    "overview" : "",
    "genres" : [ ]
  }, {
    "id" : 349532,
    "title" : "Pot au feu",
    "overview" : "Short humorous snippets of marijuana use.",
    "genres" : [ ]
  }, {
    "id" : 349537,
    "title" : "해적",
    "overview" : "",
    "genres" : [ ]
  }, {
    "id" : 349542,
    "title" : "소낙비",
    "overview" : "",
    "genres" : [ ]
  }, {
    "id" : 349547,
    "title" : "라이 따이한",
    "overview" : "",
    "genres" : [ ]
  }, {
    "id" : 349552,
    "title" : "태양속의 남자",
    "overview" : "",
    "genres" : [ ]
  }, {
    "id" : 349557,
    "title" : "에로틱 걸",
    "overview" : "",
    "genres" : [ ]
  }, {
    "id" : 349562,
    "title" : "이도백화",
    "overview" : "",
    "genres" : [ ]
  } ]
}