{
  "movies" : [ {
    "id" : 363427,
    "title" : "La sangre de un valiente",
    "overview" : "General Pershing invades Mexican territory in retaliation for Villa's attack on the town of Columbus.",
    "genres" : [ ]
  }, {
    "id" : 363432,
    "title" : "Prostitution",
    "overview" : "A scholar defends prostitution before the World Court.",
    "genres" : [ {
      "id" : 18,
      "name" : "Drama"
    } ]
  }, {
    "id" : 363437,
    "title" : "Juke-Box",
    "overview" : "",
    "genres" : [ {
      "id" : 18,
      "name" : "Drama"
    } ]
  }, {
    "id" : 363442,
    "title" : "Cum In Me, Not On My Couch",
    "overview" : "Van is home from college while his girlfriend is on spring break. Hes never been so horny in his life, and his stepmom Shay keeps catching him masturbating all over the house. Shes trying to do chores but his horny habit keeps the house from getting a good cleaning. So she comes up with a genius solution: She lets Van fuck her pussy while she cleans around the house, ensuring that hes not going to cum anywhere hes not allowed.",
    "genres" : [ ]
  }, {
    "id" : 363447,
    "title" : "Die Youtube Revolution",
    "overview" : "",
    "genres" : [ {
      "id" : 99,
      "name" : "Documentary"
    } ]
  }, {
    "id" : 363452,
    "title" : "Rozana Cinta 87",
    "overview" : "This filem is a teen film about Rozana that live with his sister. They are from a very influential family. She than meet Nomi in a dance class. Rozana meet Din a small art trader at Central Market and fall in love without knowing Nomi feeling toward herself.",
    "genres" : [ ]
  }, {
    "id" : 363457,
    "title" : "Bones: New Ground",
    "overview" : "",
    "genres" : [ ]
  }, {
    "id" : 363462,
    "title" : "Night Feeder",
    "overview" : "A hateful and massively enjoyable shot-on-video darkwave horror blast from the leather-clad armpits of the Bay Area. This gore-scarred, creature-fueled whodunnit culminates in one of the most rewarding slasher reveals in camcorder history, but the journey is every bit as powerful. Especially when the singer of coal-hearted gothpunk combo The Nuns stares directly into the camera and croons: “You SLIT your WRISTS. You fuckin’ BITCH.” A staggering celebration of drugs, fear and new wave rage, Night Feeder was completed at the tail end of San Francisco’s robust post-punk era and was only ever released on PAL-format VHS in Poland. Featuring effects that rival Hollywood’s best gore-monsterwork, it’s a nasal, vicious battle cry and one of the best homemade horror films you’ll ever see, hands down.",
    "genres" : [ {
      "id" : 27,
      "name" : "Horror"
    } ]
  }, {
    "id" : 363477,
    "title" : "August",
    "overview" : "A teenage boy hangs out with a pretty girl and a young boy and his dog in the fields. Over his shoulder is slung a bag with unknown contents, which will eventually prove the cost of first love.",
    "genres" : [ ]
  }, {
    "id" : 363482,
    "title" : "Once Upon A Holiday",
    "overview" : "When an actual, honest-to-goodness royal princess runs off from her official obligations and duties for a couple of days to see how the other half lives, she winds up falling for a good Samaritan who is unaware of her real identity during the holiday season. Will her true love still feel the same way once he learns the truth?",
    "genres" : [ {
      "id" : 10751,
      "name" : "Family"
    }, {
      "id" : 10749,
      "name" : "Romance"
    }, {
      "id" : 10770,
      "name" : "TV Movie"
    } ]
  }, {
    "id" : 363487,
    "title" : "Giant Robots From Outer Space",
    "overview" : "When giant robots conquer the Earth, a lone man finds himself on the run from a marching horde of mechanical titans. He soon finds himself face-to-face with a redheaded engineering genius and one of the massive invaders. Guess which one he makes a love connection with?",
    "genres" : [ ]
  }, {
    "id" : 363492,
    "title" : "Hot Chicks Big Fangs",
    "overview" : "The dark, mysterious and deviously sexy Bonnie Rotten appears on an old country road to offer her service to three men broken down and stranded. Beguiled, the men follow the seductive vixen to her home where a huge all girl Halloween bash is underway. The guys think they are in for the night of their lives, little do they know something sinfully sexy and sinister is in store for them. These tantalizing women aren't what they appear to be. Also starring Nikki Benz, Monique Alexander, Romi Rain & Destiny Dixon for a night of steaming hot sex with a chilling dark twist.",
    "genres" : [ {
      "id" : 878,
      "name" : "Science Fiction"
    } ]
  }, {
    "id" : 363497,
    "title" : "Akropolis",
    "overview" : "A performance based on Stanisław Wyspiański’s dramatic epic poem, first presented at  Teatr Laboratorium, Wrocław, Poland,  October 10,  1962. Filmed in 1968.",
    "genres" : [ {
      "id" : 18,
      "name" : "Drama"
    } ]
  }, {
    "id" : 363502,
    "title" : "Juanito",
    "overview" : "A walk through the countryside in Tangiers with two friends.",
    "genres" : [ ]
  }, {
    "id" : 363512,
    "title" : "Ninja Hunt",
    "overview" : "Gordon Anderson (CIA. Ninja. Ninja Hunter) must face his toughest challenge yet when King Ninja steals a top secret formula known as DAK10 that can activate the desire to kill...",
    "genres" : [ ]
  }, {
    "id" : 363517,
    "title" : "P.O.V. Punx 11: Curvy Girls",
    "overview" : "From the Point of View of Mr. Pete, the eleventh edition features girls with curves in this series the put you in the action.",
    "genres" : [ ]
  }, {
    "id" : 363522,
    "title" : "Das Beste aus Flotte Dreier",
    "overview" : "",
    "genres" : [ ]
  }, {
    "id" : 363527,
    "title" : "Anome",
    "overview" : "Who is the evil? Is it me? Or you? The other?\r Interweaving documentary images from the two matrilineal tribes of the Moshu (China) and the Kuna (Panama) this film connects alleged female societies from continent to continent. The link between these two worlds is the filmmaker herself, trying to cope with the otherness of what is seen and the strangeness of the inner experience.",
    "genres" : [ ]
  }, {
    "id" : 363532,
    "title" : "Joanna Angel & James Deen's Summer Vacation",
    "overview" : "A hot and hilarious exercise in reality porn, Joanna Angel And James Deen's Summer Vacation weaves together the two leads' erotic adventures in an inventive way that takes the viewer back to the origins of real pro-am porn, as the people behind the camera freely join in the XXX action. Sofi Von Doom, Audrina Lee, Felix and Moretta are the lucky ladies who enjoy a lewd weekend in the country with Joanna and James. Three hours of nasty sex, exotic women and that trademark Burning Angel humor are expertly combined to make this a 100% authentic piece of pro-am erotica.",
    "genres" : [ ]
  }, {
    "id" : 363537,
    "title" : "Zo Gang",
    "overview" : "Film-maker wannabe, Ah-Tan is sick of his day job. Join Ah-Tan on his way to work one day, as he discusses and pokes fun at local film and music, while plotting his path to become Singapore's next great director.",
    "genres" : [ {
      "id" : 35,
      "name" : "Comedy"
    } ]
  }, {
    "id" : 363542,
    "title" : "Night Voice",
    "overview" : "Clarence Flamer hosts a late-night talk show on regional radio station North Star Sound. A phone call he takes one night leads to his discovering a mortgage scam being run by a group of estate agents. His attempts to delve deeper have tragic consequences.",
    "genres" : [ ]
  }, {
    "id" : 363547,
    "title" : "The Long Haul of A.I. Bezzerides",
    "overview" : "Filled with humor and defining experiences in both his own life and in the lives of some of his closest friends, William Faulkner and Robert Aldrich, as well as on his late wife, screenwriter Silvia Richards, Mr. Bezzerides offers colorful reflections as to why he and his typewriter unabashedly need to keep creating honest characters, worlds, and stories. Through recently discovered boxes of photographs, film clips, the haunting music by Fugazi, interviews (including Jules Dassin, Mickey Spillane and Barry Gifford) and testaments to his progressive creativity from other writers, Fay Lellios' straight-ahead documentary gives us a start in discovering this 97-year-old proletariat storyteller, and the meaning of his favorite phrase by Carl Jung, \"There can be no birth of consciousness without pain.\"",
    "genres" : [ ]
  }, {
    "id" : 363552,
    "title" : "Language of Love XYZ",
    "overview" : "The third in a \"Language of Love\" series.",
    "genres" : [ {
      "id" : 99,
      "name" : "Documentary"
    } ]
  }, {
    "id" : 363557,
    "title" : "Before the Rally",
    "overview" : "Documentary about international auto rallying.",
    "genres" : [ ]
  }, {
    "id" : 363562,
    "title" : "Miedzy Wroclawiem a Zielona Góra",
    "overview" : "Between Wroclaw and Zielona Gora",
    "genres" : [ ]
  }, {
    "id" : 363567,
    "title" : "Crystal World",
    "overview" : "Crystal World is inspired by J.G Ballard’s apocalyptic science fiction novel of the same name where a viral crystal metamorphoses trees, animals, humans and architecture into frozen jewels forever suspended in time and space. The novel is a haunting portrait of a world in which everything is illuminated by prismatic light, a ‘leaking’ of time that causes humans to experience individual moments endlessly looped, repeated and prolonged. My film adapts this concept of crystallization and applies it to fragments from the 1955 film. I reconstruct scenes from Charles Laughton’s iconic film with underwater puppets, which I then crystallize using ammonium phosphate crystals, time-lapse photography, mirrors, prisms, and projectors. (http://piaborg.com)",
    "genres" : [ {
      "id" : 16,
      "name" : "Animation"
    }, {
      "id" : 14,
      "name" : "Fantasy"
    }, {
      "id" : 9648,
      "name" : "Mystery"
    } ]
  }, {
    "id" : 363572,
    "title" : "Los Deseos Del Diablo",
    "overview" : "A mysterious person that can't control her sexual desires and only calm her desires with lots of sex.",
    "genres" : [ {
      "id" : 10769,
      "name" : "Foreign"
    } ]
  }, {
    "id" : 363577,
    "title" : "Back Pay",
    "overview" : "This 1922 Frank Borzage film is a masterwork waiting to be rediscovered. Hester Bevins is a simple country girl who yearns for adventure. Though she has a handsome young man, Jerry, who is devoted to her, she leaves her village and goes to New York in search of a grander life. There she becomes the lover of a wealthy and unscrupulous businessman. But when Jerry returns blinded and dying from the war, Hester must choose between her new life and the man whose loyalty to her has never failed.",
    "genres" : [ {
      "id" : 18,
      "name" : "Drama"
    } ]
  }, {
    "id" : 363582,
    "title" : "Horse-Child in the Apples",
    "overview" : "3-D Russian short film.",
    "genres" : [ ]
  }, {
    "id" : 363587,
    "title" : "Eve, Insane Obsession",
    "overview" : "",
    "genres" : [ ]
  }, {
    "id" : 363592,
    "title" : "Yugo, A Short Autobiography",
    "overview" : "YUGO, KRATKA AUTOBIOGRAFIJA is a half-hour fictional documentary film that, through the fates of different people, tries to illuminate the phenomenon of the YUGO car, a cute outsider of small capacities but big ambitions, in the period between 1980 and 2008, when it was manufactured. The film combines statements from authentic workers that were involved in the production of Yugo, archives, along with the reconstruction of different fragments from the Yugo’s history which portray him both as a family and a thug’s car, as a part of the great American Dream, or as a symbol of betrayed expectations. This film is a small ‘commemorative’ review of the history of an automobile that for a long time symbolised, in a jocular and veritable way, sometimes even by accident, the times in which he was manufactured.",
    "genres" : [ {
      "id" : 99,
      "name" : "Documentary"
    } ]
  }, {
    "id" : 363597,
    "title" : "Without Limits",
    "overview" : "",
    "genres" : [ ]
  }, {
    "id" : 363602,
    "title" : "Grendel",
    "overview" : "The story of a group of friends who set out to make their first low-budget horror movie.",
    "genres" : [ ]
  }, {
    "id" : 363607,
    "title" : "LasseMajas detektivbyrå - Stella Nostra",
    "overview" : "The sleepy little town Valleby is getting ready for the cafe owners Dino Panini's and Sara Bernard's wedding, and our popular young detectives Lasse and Maja stand ready to ensure that nothing will go wrong. But when the wedding couple's respective relatives arrive, they prove to belong to rival mafia families.",
    "genres" : [ {
      "id" : 35,
      "name" : "Comedy"
    }, {
      "id" : 10751,
      "name" : "Family"
    } ]
  }, {
    "id" : 363612,
    "title" : "Future Relic 01",
    "overview" : "A mysterious archeologist plays out a search for meaning along an ambiguous shoreline.",
    "genres" : [ ]
  }, {
    "id" : 363617,
    "title" : "Kommissar Marthaler - Engel des Todes",
    "overview" : "",
    "genres" : [ {
      "id" : 80,
      "name" : "Crime"
    } ]
  }, {
    "id" : 363622,
    "title" : "Jesus Trilogy and Coda",
    "overview" : "Short film by Stan Brakhage. It is comprised of four chapters: \"In The Name of Jesus\", \"Baby Jesus\", \"Jesus Wept\" and \"Christ on Cross\".",
    "genres" : [ ]
  }, {
    "id" : 363627,
    "title" : "A Black Heart In White Hell",
    "overview" : "A woman takes her own life and awakens in a white room. What follows is a series of events that will tear her soul to shreds. A Black Heart In White Hell is filled to the brim with nudity, monsters, blood, and nightmare imagery.",
    "genres" : [ ]
  }, {
    "id" : 363632,
    "title" : "Personal Statement",
    "overview" : "“Personal Statement” stages photographical treatments of the original medical document. The images unfold vertically while feminine hands (Katerina Thomadaki) try to stroke this mutant body. The off-screen voice (Maria Klonaris) talks to the photographed subject.",
    "genres" : [ ]
  }, {
    "id" : 363637,
    "title" : "Animal",
    "overview" : "",
    "genres" : [ {
      "id" : 18,
      "name" : "Drama"
    } ]
  }, {
    "id" : 363642,
    "title" : "el loco 2",
    "overview" : "",
    "genres" : [ ]
  }, {
    "id" : 363647,
    "title" : "Lost North",
    "overview" : "Esteban journeys north along the highway, following Isabel’s tracks. His route will take him through different towns in an unknown, desert-dominated deep Chile, arriving in places where she has been, and finding people that knew her. But as he moves forward, his initial objective becomes fused with what he finds on the road. The process becomes the end in itself, in a concert of characters and landscapes as unbelievable as they are real.",
    "genres" : [ ]
  }, {
    "id" : 363652,
    "title" : "El plagiario",
    "overview" : "Gangster's daughter learns about her dad's illegalist lifestyle.",
    "genres" : [ ]
  }, {
    "id" : 363657,
    "title" : "Al diablo las mujeres",
    "overview" : "Small-town elects a female mayor. She suppresses all the time-honored masculine pastimes, and the men rebel.",
    "genres" : [ ]
  }, {
    "id" : 363662,
    "title" : "Harm",
    "overview" : "Harm means deliberate self-injuring in our poetic documentary, which follows three brave and emotionally capturing characters who are ready to unfold their unsettled past with the risk of discovering something painful on the way.",
    "genres" : [ ]
  }, {
    "id" : 363667,
    "title" : "Peter Pan XXX: An Axel Braun Parody",
    "overview" : "Legendary director Axel Braun puts his sexy spin on the timeless story of Peter Pan in the fourth Wicked Fairy Tales release. Take a magical trip to Neverland with Wendy, Tiger Lily, and two very mischievous mermaids as they help Peter fight the villainous Captain Hook and rescue Tinker Bell, played to perfection by Riley Steele. With an all-star cast, steamy sex, and the high production value that fans have come to expect from Axel Braun and Wicked Pictures, \"Peter Pan XXX: An Axel Braun Parody\" is an exciting, exhilarating, unforgettable erotic adventure!",
    "genres" : [ {
      "id" : 35,
      "name" : "Comedy"
    } ]
  }, {
    "id" : 363672,
    "title" : "Deep Purple: From the Setting Sun... in Wacken",
    "overview" : "The show is a blast from the first note to the last and grows song after song, supported by the audience impressive presence. During this concert, Deep Purple left their “safe zone”. That is why this concert is the one that represents a feeling of improvisation and electricity similar to the band's classic years - more than many other live releases by the band. The show has been filmed by 9 HD cameras and it is also available in 3D on the Blu-ray version (the first time for Deep Purple)",
    "genres" : [ {
      "id" : 10402,
      "name" : "Music"
    } ]
  }, {
    "id" : 363677,
    "title" : "A Virtude da Fé: A Devoção ao Divino Espírito Santo",
    "overview" : "",
    "genres" : [ ]
  }, {
    "id" : 363682,
    "title" : "Europa 1900",
    "overview" : "Europe 1900 (1968) tells about the history of luxury while problematizing memory and our images of the past.",
    "genres" : [ ]
  }, {
    "id" : 363687,
    "title" : "The Conspiracy Theory Conspiracy",
    "overview" : "A Documentary Film by Adam Green of 'Know More News' demonstrating the mainstream media's propaganda campaign against conspiracy theories and the truth.",
    "genres" : [ {
      "id" : 99,
      "name" : "Documentary"
    } ]
  }, {
    "id" : 363692,
    "title" : "The Ranch Girl",
    "overview" : "Short western about a woman working on a ranch.",
    "genres" : [ ]
  }, {
    "id" : 363697,
    "title" : "The Mormon",
    "overview" : "Western about a morom falling in love.",
    "genres" : [ ]
  }, {
    "id" : 363702,
    "title" : "River Memories",
    "overview" : "Over one thousand people of different nationalities live among rats and rubbish in shacks slapped together out of metal sheets and wood. It’s the platz, one of the largest shanty towns in Europe, on the banks of the river Stura in Turin. Many children, women and old people have been living here for years in what has become a practically invisible microcosm that will soon no longer exist.",
    "genres" : [ ]
  }, {
    "id" : 363707,
    "title" : "The Wall",
    "overview" : "In 1976 Matta-Clark left for Berlin claiming that he intended to blow-up the Berlin Wall as his contribution to the New York–Downtown Manhattan: Soho show. Friends dissuaded him from such a suicidal action, and so instead he created  Made in America, a piece that reflects on the political origins of the Berlin Wall and the West’s fascination with consumerism.",
    "genres" : [ ]
  }, {
    "id" : 363712,
    "title" : "The Wedding & Bebek Betutu",
    "overview" : "A group of elite hotel staff named The Crew is given an important mission: save the wedding of the owner's daughter.",
    "genres" : [ {
      "id" : 35,
      "name" : "Comedy"
    } ]
  }, {
    "id" : 363717,
    "title" : "The Munsters - Family Portrait",
    "overview" : "It’s the frighteningly funny Munsters like you’ve never seen them before! For the firs time ever, the unforgettable “Family Portrait” comes to DVD in full color as well as the original black and white. Get ready for thrills, chills and laughs as the quirky Munsters sine the title of “The Average American Family,” but Grandpa jeopardizes their prize money.",
    "genres" : [ ]
  }, {
    "id" : 363722,
    "title" : "Zuzka Turanova",
    "overview" : "A ballad of unequal marriage taking place between the Slovak minority in Vojvodina, Serbia.",
    "genres" : [ {
      "id" : 18,
      "name" : "Drama"
    } ]
  }, {
    "id" : 363727,
    "title" : "La trenza",
    "overview" : "Pious small-town church-ladies run a free-thinking fortyish woman out of town and develop a cultish reverence toward a \"miraculous\" braid of hair that was discovered in the road after she left.",
    "genres" : [ ]
  }, {
    "id" : 363732,
    "title" : "Zivana",
    "overview" : "A village girl finds herself in a big city and becomes a secretary. She attracts the attention of her boss and becomes a modern woman, which includes shaving her armpit as well.",
    "genres" : [ {
      "id" : 35,
      "name" : "Comedy"
    }, {
      "id" : 18,
      "name" : "Drama"
    } ]
  }, {
    "id" : 363737,
    "title" : "Isprikitik: Walastik Kung Pumitik",
    "overview" : "Company janitors Marlon, Brando, and Jack would do anything to provide for their niece Bona and their ailing grandfather.",
    "genres" : [ {
      "id" : 35,
      "name" : "Comedy"
    } ]
  }, {
    "id" : 363742,
    "title" : "SS Operation Wolfcub",
    "overview" : "Obscure Joe Sarno thriller featuring Harry Reems in a non-explicit role.",
    "genres" : [ ]
  }, {
    "id" : 363747,
    "title" : "PWG European Vacation II - Germany",
    "overview" : "1. Ken'ichiro Arai &amp; Lupin Matsutani vs. T-Bones (Bad Bones &amp; Thumbtack Jack) / 4-Man Gauntlet Match  2. Chris Hero vs. Wesley Croton vs. Marc Slater vs. Diego Latino / 3. Human Tornado vs. Marc Roudin / Pro Wrestling Guerrilla World Championship Title Match 4. \"American Dragon\" Bryan Danielson (c) vs. El Generico / 5. Austin Aries vs. \"The Tremendous\" Emil Sitoci / wXw World Heavyweight Championship Title Match 6. Are$ (c) vs. Joey Ryan / Pro Wrestling Guerrilla World Tag Team Championship Title Match  7. Super Dragon &amp; Davey Richards (c) vs. \"The Man That Gravity Forgot\" PAC &amp; \"Mr. Wrestling\" Kevin Steen",
    "genres" : [ ]
  }, {
    "id" : 363752,
    "title" : "Outro Olhar",
    "overview" : "",
    "genres" : [ ]
  }, {
    "id" : 363757,
    "title" : "Io che amo solo te",
    "overview" : "Lukewarm wedding acquires a new meaning when the father of the groom rekindles his long-time love for the mother of the bride.",
    "genres" : [ {
      "id" : 10749,
      "name" : "Romance"
    }, {
      "id" : 35,
      "name" : "Comedy"
    } ]
  }, {
    "id" : 363767,
    "title" : "Water Lemon",
    "overview" : "A story set in a coastal Quezon town where the mundane lives of a grieving widow, her socially-handicapped son and a helpless grandfather interconnect to create bumps in their flatline lives.",
    "genres" : [ {
      "id" : 18,
      "name" : "Drama"
    } ]
  }, {
    "id" : 363772,
    "title" : "Allure",
    "overview" : "A dark tale of fatal obsession and erotic passion, centers on a young student artist mesmerized by a beautiful and mysterious figure drawing model in his art school.",
    "genres" : [ {
      "id" : 18,
      "name" : "Drama"
    } ]
  }, {
    "id" : 363777,
    "title" : "Town in a Lake",
    "overview" : "A story of how a violent crime disrupts a quaint rural town in Batangas. A girl’s dead body is discovered and puts the whole town on trial while the former’s companion remains missing. The ensuing media spectacle slowly exposes the town’s secrets. As they celebrate its yearly festival by the lake, an unknowing sleeping evil unravels and haunts the townsfolk.",
    "genres" : [ {
      "id" : 27,
      "name" : "Horror"
    } ]
  }, {
    "id" : 363782,
    "title" : "El diablo a caballo",
    "overview" : "Masked cowboy hero, first in a series of four.",
    "genres" : [ ]
  }, {
    "id" : 363787,
    "title" : "Fighting Duel of Death",
    "overview" : "After being released from prison, Chen is attacked by his old nemesis but, at the urging of his wife, agrees not to seek revenge. Chen finds himself targeted by the villain and his cohorts after he saves an old woman. - IMDb",
    "genres" : [ {
      "id" : 28,
      "name" : "Action"
    } ]
  }, {
    "id" : 363792,
    "title" : "Tough & Cookie",
    "overview" : "A tough as nails teenage girl breaks into a house seeking repayment for a debt, but ends up finding more than she bargained for.",
    "genres" : [ ]
  }, {
    "id" : 363797,
    "title" : "Footprints",
    "overview" : "Early Bill Morrison film from 1992, black &amp; white, 16mm.",
    "genres" : [ ]
  }, {
    "id" : 363802,
    "title" : "Venice Beach in the Sixties: A Celebration of Creativity",
    "overview" : "AKA \"Venice In The Sixties\" AKA \"The Beat\"\r Originally shot for a television show and never used, this is essentially a full-color look inside the atmosphere of the Venice West coffeehouse, its various sections, activities and people.",
    "genres" : [ ]
  }, {
    "id" : 363807,
    "title" : "Liar, Liar, Vampire",
    "overview" : "When an ordinary boy Davis, suddenly becomes famous at school as people start to believe he's actually a vampire, vampire expert Cameron helps him act like a real vampire.",
    "genres" : [ {
      "id" : 35,
      "name" : "Comedy"
    } ]
  }, {
    "id" : 363812,
    "title" : "When the Song Does Not End...",
    "overview" : "A combination of performances by masters of their arts, this film takes place during the Leningradskoye Leto – the Leningrad \"White Nights\" annual summer musical festival, featuring music stars, young opera singers, ballet, pop, circus, and amateur artists. Reporters Kostya and Bob are rushing everywhere trying to document the entire festival. Beautiful young singer Svetlana is pursued throughout the festive events by a hopelessly shy police lieutenant, whose unexpected infatuation leaves him unable to speak, but gives him a beautiful baritone voice.",
    "genres" : [ ]
  }, {
    "id" : 363817,
    "title" : "Desert Sky",
    "overview" : "The few survivors of a deserted city, sometime in the near future, are left with no water or food but somehow manage to survive. In a hospital, a lonely scientist, Foteini, is helping a patient with amnesia to recover. She also meets an actor named Aias (Ajax) – who often visits his sick sister – and becomes romantically involved with him. Foteini is swept away by love; Aias, however, is unprepared for such strong emotions. Their separation brings Foteini to the house of the amnesiac, and he takes care of her, up to the moment that she discovers a photo of hers among his things. In the meantime, Aias brings his sister back home from the hospital. While it is getting darker, with clouds gathering in the sky, Foteini and Aias wander the city and meet in the rain.",
    "genres" : [ {
      "id" : 878,
      "name" : "Science Fiction"
    }, {
      "id" : 18,
      "name" : "Drama"
    } ]
  }, {
    "id" : 363822,
    "title" : "01/06",
    "overview" : "16mm film from 2006.",
    "genres" : [ ]
  }, {
    "id" : 363827,
    "title" : "Chicken Delight",
    "overview" : "Bryan Konefsky's meditation on the United States' ongoing courtship with radioactivity &amp; the FDA's decision to serve irradiated meat in their School Lunch Program.",
    "genres" : [ ]
  }, {
    "id" : 363837,
    "title" : "Bo taoshi",
    "overview" : "A story of a group of high school boys who play the Japanese game \"Bo taoshi\"",
    "genres" : [ ]
  }, {
    "id" : 363842,
    "title" : "Phometrica",
    "overview" : "Phometrica tells the story of a couple, Stefania (Joanna Ignaczewska) and Jose (Tom Woodward). When Stefania falls pregnant, Jose becomes suspicious about the nature of the clearing work she's undertaking to help support the family. Paranoid that she's keeping something from him, he follows her. However, rather than reveal Stefania's secrets, Jose steps into his own nightmares and finds himself exploring his own guilt.  Meanwhile as Stefania seeks to pull their life into some kind of order, the couple find themselves separated by the growing chaos, and are unable to escape their hopeless indulgence in their own suffering.  Featuring Arthur Brown as cult leader Deacon Tavalouris, the film plays out in a series of fractured sketches that range from the comedic to the surreal.",
    "genres" : [ {
      "id" : 27,
      "name" : "Horror"
    }, {
      "id" : 35,
      "name" : "Comedy"
    }, {
      "id" : 18,
      "name" : "Drama"
    } ]
  }, {
    "id" : 363847,
    "title" : "Suspek",
    "overview" : "A Filipino action drama film directed by Toto Natividad.",
    "genres" : [ {
      "id" : 18,
      "name" : "Drama"
    }, {
      "id" : 28,
      "name" : "Action"
    } ]
  }, {
    "id" : 363852,
    "title" : "Lucha",
    "overview" : "Set in 1982 against the backdrop of the insurgency in El Salvador, Lucha traces the plight of two women in love whose only respite from the battles raging against their oppressive government is the solace found in each other's arms.",
    "genres" : [ ]
  }, {
    "id" : 363857,
    "title" : "Tentang Bulan",
    "overview" : "Friendship between five companions sekampong , alias , Round, interesting , Budi and Illa threatened by the arrival Zurina of the city.",
    "genres" : [ ]
  }, {
    "id" : 363862,
    "title" : "Apollo Astronauts: Training NASA's Moon Men",
    "overview" : "",
    "genres" : [ {
      "id" : 99,
      "name" : "Documentary"
    } ]
  }, {
    "id" : 363867,
    "title" : "Egypt's New Tomb Revealed",
    "overview" : "",
    "genres" : [ {
      "id" : 99,
      "name" : "Documentary"
    } ]
  }, {
    "id" : 363872,
    "title" : "A Trip To The Island",
    "overview" : "Bad decisions and troubled relationships bleed over from real life into a writer's new screenplay.",
    "genres" : [ ]
  }, {
    "id" : 363877,
    "title" : "Analysis of Emotions and Vexations",
    "overview" : "“This movie is a representation of my spirit’s volatile state. I used animation with poetic comment to analyze my emotions and vexations. I used pencil drawings in translucent frames to show a state of lightness. On the drawings you can see the elements taken from imagination and from real external sights. I did so because our mental states are built from what we can see and what we remember or imagine in abstraction.”—Wojciech Bakowski",
    "genres" : [ {
      "id" : 16,
      "name" : "Animation"
    } ]
  }, {
    "id" : 363882,
    "title" : "Kotsch",
    "overview" : "KOTSCH tells the story of four friends called Alf (Christoph Theußl), Boris (Andreas Kiendl), Chris (Michael Ostrowski) and Dalli (Michael Fuith), who grew up together in the small town Fohnsdorf in Styria.",
    "genres" : [ {
      "id" : 35,
      "name" : "Comedy"
    }, {
      "id" : 18,
      "name" : "Drama"
    } ]
  }, {
    "id" : 363887,
    "title" : "Horrorscope",
    "overview" : "A trilogy of horror stories that begins with a crazy musician who has trouble composing his latest song. His lack of concentration on his work leads to the accidental conjuring of an evil spirit. The second story concerns a couple who go to a pool hall for a night of fun. While there, they meet a friendly guy named David who invites them back to his place for a private party where he has other bloody plans. The final story is about a girl who comes home from work to find a mysterious package on her doorstep. Upon opening it, she finds a creepy ventriloquist dummy that seems to have a life of its own and a liking for blood.",
    "genres" : [ {
      "id" : 27,
      "name" : "Horror"
    } ]
  }, {
    "id" : 363892,
    "title" : "The Creation",
    "overview" : "Joseph Haydn's \"The Creation\" is performed by the Chambord Sinfonietta and the Versailles Choir conducted by Amaury du Closel. \"The Creation\" was undoubtedly the first great work in the history of Haydn's music; he spent two years relentlessly working on it just before the turn of the 19th century. The three parts of the oratorio are devoted respectively to the elements, animals and man, and an earthly paradise. The soloist personifies the Archangels Gabriel, Uriel and Raphael in the first two parts, and Adam and Eve in the third.",
    "genres" : [ ]
  }, {
    "id" : 363897,
    "title" : "El secreto de una mujer",
    "overview" : "Artist has affair with his favorite model. She reveals to him that his wife had a baby before they married. And the-e-en...",
    "genres" : [ ]
  }, {
    "id" : 363902,
    "title" : "Wielka Majówka",
    "overview" : "",
    "genres" : [ ]
  }, {
    "id" : 363907,
    "title" : "Mommy Knows Best Volume 10",
    "overview" : "Mommy's gonna hold you down and milk you of all your cum! Watch these MILFs put their men through the ringer!",
    "genres" : [ ]
  }, {
    "id" : 363912,
    "title" : "Centers",
    "overview" : "Poet and artist Vito Acconci points his finger towards the camera and his own reflection in an offscreen video monitor.",
    "genres" : [ {
      "id" : 99,
      "name" : "Documentary"
    } ]
  }, {
    "id" : 363917,
    "title" : "His Angel Child",
    "overview" : "A man believes that the baby in his livingroom is the \"surprise\" his wife messaged him about, and must contend with the real father's attempts to get his daughter back.",
    "genres" : [ {
      "id" : 35,
      "name" : "Comedy"
    } ]
  }, {
    "id" : 363922,
    "title" : "LIAF Animated Shorts Special - July 2015",
    "overview" : "A compilation of shorts from the London International Animation Festival.  The LIAF proudly showcases the whole spectrum of creative animation, showing that animation is for everyone. Founded in 2003, LIAF aims to dispel the popular misconception that animation is just cartoons for kids by screening the broadest possible range of intelligent, entertaining and provocative current films on offer from all around the world as well as retrospectives and specialised sessions from countries and animators who don't normally elicit such attention.",
    "genres" : [ ]
  }, {
    "id" : 363927,
    "title" : "Nose to the Wind",
    "overview" : "A bear, a rabbit and a fox decide to form a band and play for the animals of the forest.",
    "genres" : [ {
      "id" : 10402,
      "name" : "Music"
    }, {
      "id" : 16,
      "name" : "Animation"
    } ]
  }, {
    "id" : 363932,
    "title" : "Maria Stuarda",
    "overview" : "Maria Stuarda is a searingly dramatic setting of Friedrich Schiller’s play about Mary, Queen of Scots, and her political and personal rivalry with Queen Elizabeth I of England. While based relatively closely on historical characters and events, the opera’s central scene is fictional: the highly emotional meeting of the queens that concludes the first act (originally invented by Schiller) never took place. It’s a dramatic device that brilliantly highlights the two women’s contrasting characters.",
    "genres" : [ {
      "id" : 10402,
      "name" : "Music"
    } ]
  }, {
    "id" : 363937,
    "title" : "Bloody Mask",
    "overview" : "The Ming Dynasty was the ruling dynasty of China for three centuries. During its reign it encountered numerous rebellions. It is during just such a time that the small state of Yun finds itself caught between the two sides of an impending rebellion. The state of Yun must decide if it should rebel and align itself with the 8 Masters, or if it should stay loyal to the Emperor and the 4th Imperial Prince, Kao Ming.",
    "genres" : [ {
      "id" : 18,
      "name" : "Drama"
    }, {
      "id" : 28,
      "name" : "Action"
    } ]
  }, {
    "id" : 363952,
    "title" : "Tar-San",
    "overview" : "Taking their being fallen from the sky as the gods' omen, the babies christened as Tar and are declared heir to the chieftainship of the Agatao tribe. The tribe looks forward to Tar and San's succession, for both are amiable and magnanimous to them; but since the chieftain's evil nephew Sabukot also stakes his claim on the throne, the Agatao chieftainship becomes a prize the claimants have to win. Adventuress Jessie and her team enter the scene, declaring Tar and San to be the long-estranged grandsons of rich philanthropist Gerardo Elizondo. Tar and San are taken to the city to learn the ways of the place they are meant to belong, but no matter how hard they try to adapt, the two cannot resist the call of the wild.",
    "genres" : [ {
      "id" : 35,
      "name" : "Comedy"
    } ]
  }, {
    "id" : 363962,
    "title" : "I Am Victor",
    "overview" : "Centers on Victor Port, a high-powered divorce attorney with a unique view of relationships.",
    "genres" : [ {
      "id" : 18,
      "name" : "Drama"
    } ]
  } ]
}