{
  "movies" : [ {
    "id" : 352872,
    "title" : "The Strange Lives of the Not So Destined",
    "overview" : "A man goes to a palm reader and is not prepared for the visit's impact.",
    "genres" : [ ]
  }, {
    "id" : 352877,
    "title" : "Diagnostic Procedures in Tuberculosis",
    "overview" : "Diagnostic Procedures in Tuberculosis documents how to perform particular tests for tuberculosis.",
    "genres" : [ ]
  }, {
    "id" : 352882,
    "title" : "Jigsaw",
    "overview" : "Wordless short film in which strange things happen when an elderly lady starts doing a jigsaw puzzle at night. What puzzle is she really trying to solve? Only when all pieces fit together, we get to know more.",
    "genres" : [ {
      "id" : 18,
      "name" : "Drama"
    } ]
  }, {
    "id" : 352887,
    "title" : "Canis",
    "overview" : "Teo survives, isolated in a house constantly besieged by a horde of stray dogs. It seems destiny has no other plans, than keeping Theo there, until one day something obscure happens. Canis is a story about fears and how we can face them. A story about coming of age. A story of finding reasons to fight.",
    "genres" : [ {
      "id" : 16,
      "name" : "Animation"
    }, {
      "id" : 27,
      "name" : "Horror"
    } ]
  }, {
    "id" : 352892,
    "title" : "Dajo",
    "overview" : "To show the many lovers of his mother how he feels about them, a young boy buries the gifts he gets from them in the woods. But then one of them gives him a dog, called Dajo.",
    "genres" : [ {
      "id" : 18,
      "name" : "Drama"
    } ]
  }, {
    "id" : 352897,
    "title" : "De man in de linnenkast",
    "overview" : "A lonely man finds comfort when he discovers a hidden garden in his linen cupboard. The idyllic discovery lends new lustre to his life, but soon it turns out that he is not the only one considering the garden his.",
    "genres" : [ {
      "id" : 14,
      "name" : "Fantasy"
    } ]
  }, {
    "id" : 352902,
    "title" : "Paris : chasseurs à cheval et spahis de l’escorte",
    "overview" : "Parade of hunters and Spahis.",
    "genres" : [ {
      "id" : 99,
      "name" : "Documentary"
    } ]
  }, {
    "id" : 352912,
    "title" : "Das hölzerne Kälbchen",
    "overview" : "",
    "genres" : [ ]
  }, {
    "id" : 352917,
    "title" : "Víkend",
    "overview" : "",
    "genres" : [ {
      "id" : 53,
      "name" : "Thriller"
    } ]
  }, {
    "id" : 352922,
    "title" : "Avventura a Capri",
    "overview" : "",
    "genres" : [ {
      "id" : 35,
      "name" : "Comedy"
    } ]
  }, {
    "id" : 352927,
    "title" : "Live from New York: The First 5 Years of Saturday Night Live",
    "overview" : "A retrospective of the first 5 years of Saturday Night Live.",
    "genres" : [ ]
  }, {
    "id" : 352932,
    "title" : "Saturday Night Live: Thanksgiving",
    "overview" : "Karen is on first visit to new boyfriend's parents when she discovers something odd about his eating habits.",
    "genres" : [ ]
  }, {
    "id" : 352937,
    "title" : "Bart the General 4",
    "overview" : "Omarn seeks to finally undo the ills inflicted by Toadfish and Stonefish in this final installment of the Bart the General saga.",
    "genres" : [ {
      "id" : 16,
      "name" : "Animation"
    } ]
  }, {
    "id" : 352942,
    "title" : "One in a Million",
    "overview" : "This film is about a teenager who struggles over his purpose and meaning in life. One day, he saves a child’s life and tells his girlfriend that that act may have been the reason he was born. That weekend, while cleaning his mom’s attic, he discovers in her diary that he was never born. At that moment, he ceases to exist and because he never existed, the child he had saved is killed because he wasn’t there to save him.",
    "genres" : [ {
      "id" : 27,
      "name" : "Horror"
    }, {
      "id" : 18,
      "name" : "Drama"
    } ]
  }, {
    "id" : 352952,
    "title" : "The Capital City: Washington, D.C.",
    "overview" : "A Traveltalk look at the exteriors of Washington, D.C.'s famous buildings and monuments.",
    "genres" : [ {
      "id" : 99,
      "name" : "Documentary"
    }, {
      "id" : 36,
      "name" : "History"
    } ]
  }, {
    "id" : 352957,
    "title" : "Less Than Jake - Anthem (Live DVD)",
    "overview" : "This is the video from the Anthem Night of the full record shows we did around Florida in February of 2007. It's now 2013 and we are currently celebrating the 10 year anniversary of Anthem's release in 2003. Happy Birthday, Anthem!!  The Anthem show was recorded at the Social in Orlando, FL.  Track List  1. \"Welcome to the New South\"  2. \"The Ghosts of Me and You\"  3. \"Look What Happened\"  4. \"The Science of Selling Yourself Short\"  5. \"Short Fuse Burning\"  6. \"Motown Never Sounded So Good\"  7. \"The Upwards War and the Down Turned Cycle\"  8. \"Escape From the A-Bomb House\"  9. \"Best Wishes to Your Black Lung\"  10. \"She's Gonna Break Soon\"  11. \"That's Why They Call It a Union\"  12. \"Plastic Cup Politics\"  13. \"The Brightest Bulb Has Burned Out/Screws Fall Out\"",
    "genres" : [ {
      "id" : 10402,
      "name" : "Music"
    } ]
  }, {
    "id" : 352962,
    "title" : "La huella macabra",
    "overview" : "(Sequel to El Rostro Infernal.) Count Brankovan, a vampire, returns from the dead to avenge himself himself on some humans who previously had been bugging him.",
    "genres" : [ {
      "id" : 27,
      "name" : "Horror"
    } ]
  }, {
    "id" : 352967,
    "title" : "Less Than Jake - Bonus DVD (Live DVD)",
    "overview" : "Losing Streak\r The Mixology Of Tom Collins\r Sleep It Off\r Anchor\r Big\r Growing Up On A Couch (Karaoke)\r History Of A Boring Town\r Lucky Day\r Chris' Dad Plays The Oldies\r My Very Own Flag\r Liquor Store (Karaoke Guitar)\r Jay Frenzal\r Mr. Chevy Celebrity (Karaoke)\r Soundcheck\r Only Human\r Motown Never Sounded So Good\r How's My Driving, Doug Hastings? (Karaoke)\r Last Train\r A.S.A.O.K. (Behind The Scenes Montage)",
    "genres" : [ {
      "id" : 10402,
      "name" : "Music"
    } ]
  }, {
    "id" : 352972,
    "title" : "Vagabond Mutant Liquid",
    "overview" : "Animated short film for Off The Air episode Liquid on Adult Swim",
    "genres" : [ {
      "id" : 16,
      "name" : "Animation"
    } ]
  }, {
    "id" : 352977,
    "title" : "Your Town: A Story of America",
    "overview" : "This absurdly pro-business film tells the story of a young man who learns a lesson about capitalism and how his town is dependent upon its factories for their way of life. Young Jerry happens upon a labor uprising outside one of the factories in his town and is seduced by the crowd and the fiery speaker. He is about to join in the mob violence when he is plucked from the melee by a policeman who knows his grandfather. The cop takes him home and his grandfather, who remembers the town back when it was \"a vacant lot,\" tells Jerry the story of how the Manson company \"built\" their town.",
    "genres" : [ ]
  }, {
    "id" : 352982,
    "title" : "Rennen",
    "overview" : "Early short by Alexander Kluge.",
    "genres" : [ ]
  }, {
    "id" : 352992,
    "title" : "PWG Use Your Illusion IV",
    "overview" : "1. Tony Stradlin vs. UK Kid  2. Puma vs. Top Gun Talwar  Pro Wrestling Guerrilla World Tag Team Championship Title Match  3. Arrogance (\"Photogenic\" Chris Bosh &amp; Scott Lost) vs. Aerial Xpress (Quicksilver &amp; Scorpio Sky)  Pro Wrestling Guerrilla World Championship Title Match  4. \"The Future\" Frankie Kazarian (c) vs. Ricky Reyes  CHIKARA Pro Offer Match  5. F.I.S.T. (Gran Akuma &amp; Icarus) &amp; Mike Quackenbush vs. Hallowicked, Jigsaw, &amp; \"Sweet 'n Sour\" Larry Sweeney  60 Minute Iron Man Match  6. Joey Ryan vs. Super Dragon",
    "genres" : [ ]
  }, {
    "id" : 352997,
    "title" : "Riding High",
    "overview" : "Riding High is a psychological thriller about a crime that has become common in today’s Rio de Janeiro. The film takes us into the most dramatic day in the life of Julia, a housewife who is kidnapped in her armored car by Case and Sapeca, two young men from Rio’s slums. What seems at first sight to be a conflict between rich and poor turns into a much more complex plot linking the characters’ past and present.",
    "genres" : [ {
      "id" : 53,
      "name" : "Thriller"
    } ]
  }, {
    "id" : 353002,
    "title" : "Mon héros",
    "overview" : "A man escorting Chinese clients meets a guy wearing a chicken outfit.",
    "genres" : [ {
      "id" : 35,
      "name" : "Comedy"
    } ]
  }, {
    "id" : 353007,
    "title" : "Bevrijding Van Vlaanderen",
    "overview" : "",
    "genres" : [ ]
  }, {
    "id" : 353012,
    "title" : "Slim Pickings",
    "overview" : "",
    "genres" : [ ]
  }, {
    "id" : 353017,
    "title" : "The Argon Quest",
    "overview" : "Two children are teleported to a magical island and search for the giant Argon to save it.",
    "genres" : [ {
      "id" : 14,
      "name" : "Fantasy"
    }, {
      "id" : 12,
      "name" : "Adventure"
    }, {
      "id" : 10751,
      "name" : "Family"
    } ]
  }, {
    "id" : 353027,
    "title" : "Śmierć na 5",
    "overview" : "",
    "genres" : [ ]
  }, {
    "id" : 353032,
    "title" : "Daddy",
    "overview" : "Daddy is a 1992 Indian Malayalam-language (semi hit) film starring Arvind Swamy, Gouthami Tadimalla and Suresh Gopi.",
    "genres" : [ {
      "id" : 28,
      "name" : "Action"
    } ]
  }, {
    "id" : 353037,
    "title" : "Georgekutty C/O Georgekutty",
    "overview" : "George Kutty is a hard working student, who graduated with top rank in college as an engineer. His family which was once rich is burdened in debt. His father meets with Chandi a marriage broker who proposes a match for Georgekutty with a rich family, but they would have to lie a little about their economic status. George Kutty resists first, but pressure from his dad who sees the marriage as a way to get money to payback the family debts, he agrees. Unfortunately the Itichen finds out the truth about the family and confronts them. He makes Georgekutty and his family agrees to certain terms for the wedding to take place including that Georgekutty and his wife have to stay in their house with them. After the wedding Georgekutty sees that he and visiting family and friends are disrespected and that he is controlled and held like a prisoner at Itechan's house. Georgekutty comes up with a plan to get back at his father in law which forms rest of the movie.",
    "genres" : [ {
      "id" : 18,
      "name" : "Drama"
    } ]
  }, {
    "id" : 353042,
    "title" : "Wilbur Force",
    "overview" : "Wilbur Force, the former king of NZ pro-wrestling, is provoked to break out of the cage of his worst self and reconnect with his glory days of battle.",
    "genres" : [ {
      "id" : 99,
      "name" : "Documentary"
    } ]
  }, {
    "id" : 353047,
    "title" : "Who the F*@% Is Frank Zappa?",
    "overview" : "Exploration of the late musician's life and career.",
    "genres" : [ {
      "id" : 99,
      "name" : "Documentary"
    } ]
  }, {
    "id" : 353052,
    "title" : "Joy Meal",
    "overview" : "Gorgeous Anna entices Jack, whom she does not know, into a remarkable game in a hamburger joint. Jack and Anna challenge each other by devouring their JoyMeal menu as sensually as possible. But before Jack reaches a climax, his French fries are finished.",
    "genres" : [ {
      "id" : 35,
      "name" : "Comedy"
    } ]
  }, {
    "id" : 353057,
    "title" : "Mercedes",
    "overview" : "Short film based on a short story by Jaap Scholten, in which a pregnancy does not last for nine months, but nine hours. A man and a woman meet each other at a party and decide to proceed to conceive a child. In the nine hours that follow, they pass through all stages of pregnancy, up to and including the childbirth.",
    "genres" : [ {
      "id" : 18,
      "name" : "Drama"
    } ]
  }, {
    "id" : 353062,
    "title" : "The Bugs Bunny Mystery Special",
    "overview" : "F.B.I. and C.I.A. agent Elmer Fudd is after a tall, dark, stranger who robbed a bank. He gets him confused with Bugs Bunny...the chase is on.",
    "genres" : [ {
      "id" : 16,
      "name" : "Animation"
    } ]
  }, {
    "id" : 353067,
    "title" : "Die achte Todsünde: Gespensterjagd",
    "overview" : "",
    "genres" : [ {
      "id" : 80,
      "name" : "Crime"
    } ]
  }, {
    "id" : 353077,
    "title" : "The Rein of Mary King",
    "overview" : "A tribute to the distinguished reign of one of Britain's longest-serving Olympians.",
    "genres" : [ {
      "id" : 99,
      "name" : "Documentary"
    } ]
  }, {
    "id" : 353082,
    "title" : "Suffer the Little Children",
    "overview" : "Miss Sidley, an experienced, no-nonsense teacher starts to lose her bearings when she suspects one of her students, Robert, is not quite human. In a momentary reflection in her eyeglasses she thinks she may have seen Robert changing into a monster. She soon discovers that not only does Robert change, but he may not be the only one of his kind. Sidley must get rid of them before it's too late.",
    "genres" : [ {
      "id" : 27,
      "name" : "Horror"
    } ]
  }, {
    "id" : 353087,
    "title" : "Sweet Trash",
    "overview" : "An alcoholic longshoreman, deep in debt to the mob, is forced into an increasingly debauched nightmare as he tries to avoid the thugs out to get him. Along the way, he meets local oddballs, violent criminals, and lusty women. With a mysterious computer controlling everyone’s actions this grimy artistic film with almost science fiction-esque fear of future mind control was made well before it’s time.",
    "genres" : [ ]
  }, {
    "id" : 353092,
    "title" : "Mano po 5: Gua ai di",
    "overview" : "A culinary romance set in Binondo, where Chinese traditions are still very much observed, Mano Po 5: Gua Ay Di is a touching story of how a young Chinese woman fights for the man she loves. She is doomed by strict family traditions to only wed someone of pure Chinese descent. But Charity finds love where she was not supposed to find it... at least according to her cold-hearted mother. Despite being met with resistance by her traditional Chinese family, most especially her mother, Charity continues her relationship with Nathan. Nathan, on the other hand, proves himself and his love to her by making an effort to learn about her background, culture and language resulting into various mishaps, sometimes comical and other times just plain disastrous. Charity finds solace in the kitchen, her cooking interwoven with the story of her ill-fated romance. Will true love prevail in the end? And will she be able to come up with the perfect recipe for love?",
    "genres" : [ {
      "id" : 10749,
      "name" : "Romance"
    }, {
      "id" : 35,
      "name" : "Comedy"
    }, {
      "id" : 18,
      "name" : "Drama"
    } ]
  }, {
    "id" : 353097,
    "title" : "Ghost Riders",
    "overview" : "An outlaw gang hanged by a posse in the late 1880s comes back from the grave to terrorize the descendants of the posse's leader.",
    "genres" : [ {
      "id" : 27,
      "name" : "Horror"
    } ]
  }, {
    "id" : 353102,
    "title" : "くまのがっこう　ジャッキーとケイティ",
    "overview" : "",
    "genres" : [ {
      "id" : 16,
      "name" : "Animation"
    }, {
      "id" : 10751,
      "name" : "Family"
    } ]
  }, {
    "id" : 353107,
    "title" : "Lazos de sangre",
    "overview" : "",
    "genres" : [ {
      "id" : 18,
      "name" : "Drama"
    } ]
  }, {
    "id" : 353112,
    "title" : "The W Plan",
    "overview" : "A tense WWI spy thriller in which Colonel Duncan Grant (British star Brian Aherne, in his first talking role), parachutes into Germany to gather intelligence on the enemy’s secret  ‘W Plan’ and to assist Allied POWs in digging escape tunnels.",
    "genres" : [ {
      "id" : 10752,
      "name" : "War"
    }, {
      "id" : 28,
      "name" : "Action"
    }, {
      "id" : 12,
      "name" : "Adventure"
    } ]
  }, {
    "id" : 353117,
    "title" : "The Thread",
    "overview" : "The Thread is a groundbreaking documentary that exposes the undeniable impact amateur internet writers are having on journalism today.  Following the 2013 Boston Marathon bombing, amateur internet sleuths took to Twitter and Reddit, intent on identifying the individuals responsible. The ensuing investigation led to an innocent young man being charged with the crime, thus changing the face of journalism forever.  Directed by Greg Barker (Manhunt) and executive produced by Emmy Award-winning producer Jonathan Chinn (American High) and Academy Award-winning producer Simon Chinn (Man on Wire).",
    "genres" : [ {
      "id" : 99,
      "name" : "Documentary"
    } ]
  }, {
    "id" : 353122,
    "title" : "The Guns of Loos",
    "overview" : "Set against the backdrop of the shell crisis of 1915 at home and the Battle of Loos on the Western Front, two soldiers, one the manager of Grimlaw’s munitions factory are tested in their rivalry for Diana, a red cross nurse (Madeleine Carroll in her first film role).",
    "genres" : [ {
      "id" : 10752,
      "name" : "War"
    }, {
      "id" : 18,
      "name" : "Drama"
    } ]
  }, {
    "id" : 353127,
    "title" : "Exit",
    "overview" : "Åke is trapped in a theme park with no chance to escape, unless he's having a great time.",
    "genres" : [ {
      "id" : 16,
      "name" : "Animation"
    }, {
      "id" : 35,
      "name" : "Comedy"
    }, {
      "id" : 27,
      "name" : "Horror"
    } ]
  }, {
    "id" : 353132,
    "title" : "The Man from Home",
    "overview" : "A fairly conventional romance of an American heiress, loved by boy back home, bedazzled by a glamorous prince in beautiful Italian surroundings.",
    "genres" : [ {
      "id" : 18,
      "name" : "Drama"
    } ]
  }, {
    "id" : 353137,
    "title" : "MTV World Problems World Solutions: Think",
    "overview" : "",
    "genres" : [ {
      "id" : 16,
      "name" : "Animation"
    } ]
  }, {
    "id" : 353142,
    "title" : "Glenn, the Great Runner",
    "overview" : "",
    "genres" : [ ]
  }, {
    "id" : 353147,
    "title" : "Oui-Oui sauve Noël",
    "overview" : "",
    "genres" : [ ]
  }, {
    "id" : 353152,
    "title" : "The Great Game",
    "overview" : "Set in Chelsea’s Stamford Bridge football ground and featuring appearances from many real-life players from the day, this is the first film to feature football as its central theme and is recognisably modern and authentic. It deals with the day to day dramas, conflicts and love interests of players and managers in the run-up to the Cup Final.",
    "genres" : [ {
      "id" : 35,
      "name" : "Comedy"
    } ]
  }, {
    "id" : 353157,
    "title" : "Changing Perceptions: Profile of an Openly Gay Pro Wrestler",
    "overview" : "Openly gay pro wrestler, Simon Sermon, defies flamboyant gay stereotypes in professional wrestling and talks about his career in this no-questions-barred documentary. Featuring an interview with the legendary flamboyant pro wrestler, Exotic Adrian Street.",
    "genres" : [ {
      "id" : 99,
      "name" : "Documentary"
    } ]
  }, {
    "id" : 353162,
    "title" : "The Captain's Daughter",
    "overview" : "Italian mini series based upon a novel by Alexander Pushkin.",
    "genres" : [ {
      "id" : 18,
      "name" : "Drama"
    }, {
      "id" : 10770,
      "name" : "TV Movie"
    } ]
  }, {
    "id" : 353167,
    "title" : "Mad Dog Vachon: Wrestling with the Past",
    "overview" : "A comedic bio pic that traces Mad Dog Vachon's life &amp; career from beginning to present, with an emphasis on hardship, friendship and road stories. Guests include Baron Von Rashke, Moose Morowski, Gene Kiniski, Stu Hart, Promoter Don Owen, Don Leo Jonathon, his brother The Butcher and The Intelligent, Sensational Destroyer.",
    "genres" : [ {
      "id" : 99,
      "name" : "Documentary"
    } ]
  }, {
    "id" : 353172,
    "title" : "Comeback",
    "overview" : "Thomas, former successful stand up comedian will do anything to get back on the top. Unfortunately at the same time his teenage daughter demands his whole attention threatening the comeback he wants so badly...",
    "genres" : [ {
      "id" : 35,
      "name" : "Comedy"
    }, {
      "id" : 18,
      "name" : "Drama"
    } ]
  }, {
    "id" : 353177,
    "title" : "A Forest Is Swaying",
    "overview" : "\"A Forest is Swaying\" is the story of a former soldier (Pak Sŏng-ryong) who struggles to plant a pine forest and raise and orphaned child in an area devastated by American bombs in the Fatherland Liberation War (Korean War). A young agricultural expert comes to judge the work Pak has been doing. She finds that it is impossible to have a pine forest in this area, and surmises that he should plant other trees instead. He continues to plant pine trees regardless of her advice.",
    "genres" : [ {
      "id" : 18,
      "name" : "Drama"
    } ]
  }, {
    "id" : 353182,
    "title" : "My Father's Nurse",
    "overview" : "An old man's spirits are lifted greatly when he finds that his new personal nurse is a spectacularly beautiful, volcanically sexy young woman.",
    "genres" : [ {
      "id" : 35,
      "name" : "Comedy"
    } ]
  }, {
    "id" : 353187,
    "title" : "The Trainee",
    "overview" : "An Amateur Robber Gets Schooled By The Cashier He’s Trying To Rob",
    "genres" : [ {
      "id" : 35,
      "name" : "Comedy"
    } ]
  }, {
    "id" : 353197,
    "title" : "Healthy: A Documentary",
    "overview" : "A personal documentary chronicling one mans quest for health and understanding of self.",
    "genres" : [ ]
  }, {
    "id" : 353202,
    "title" : "Revolver",
    "overview" : "An experimental short film based on repetitive movement. The main intention was to create a film much in the same way as you would create a piece of music; themes that build and develop rather than a traditional narrative.",
    "genres" : [ {
      "id" : 16,
      "name" : "Animation"
    } ]
  }, {
    "id" : 353207,
    "title" : "Cicadas & Cigarettes",
    "overview" : "Documentary about Swedish singer-songwriter Anna Ternheim making her album The Night Visitor in Goodlettesville, Tennessee with local musicians.",
    "genres" : [ {
      "id" : 10402,
      "name" : "Music"
    }, {
      "id" : 99,
      "name" : "Documentary"
    } ]
  }, {
    "id" : 353212,
    "title" : "The Sky on Location",
    "overview" : "A personal meditation on the landscape of the American West that tracks the ruling conception in nature in the 19th and 20th centuries from the pioneers through the instamatic tourists, at the same time that it obsessively follows the four seasons. The elemental vicissitudes of the weather, the exact moment of the day, the colour of the light and the soil and the trees form an acute visual record of the constantly changing mood of the landscape. The film successfully attempts, with quiet, passionate, almost single-minded firmness, to confront us as nakedly as possible with our cultural inability to see nature whole, without preconceptions.",
    "genres" : [ {
      "id" : 99,
      "name" : "Documentary"
    } ]
  }, {
    "id" : 353217,
    "title" : "Tulak ng Bibig, Kabig ng Dibdib",
    "overview" : "After spending a couple of years behind bars, Lando wins back his freedom. But his prison record has incapacitated him from landing a job. Fortunately, a friend of his knows someone who needs a driver and a bodyguard desperately. But that someone turns out to be Mariel, the very woman whom Lando has had an encounter with. Desperate for a job, Lando agrees to work for Mariel despite his negative impression of her. As expected, their working relationship is as stormy as it can get. But love works in mysterious ways - even the rowdiest of enemies can become more than friends.",
    "genres" : [ {
      "id" : 10749,
      "name" : "Romance"
    }, {
      "id" : 28,
      "name" : "Action"
    }, {
      "id" : 35,
      "name" : "Comedy"
    } ]
  }, {
    "id" : 353222,
    "title" : "Hannibal Lickter",
    "overview" : "Silence of the Lambs porn parody",
    "genres" : [ ]
  }, {
    "id" : 353227,
    "title" : "Horror 102: Endgame",
    "overview" : "A group of high school/university students are staying in an abandoned insane asylum  as part of a school project field trip, which turns out to be haunted by the tormented spirits of it's previous inhabitants.",
    "genres" : [ {
      "id" : 27,
      "name" : "Horror"
    } ]
  }, {
    "id" : 353232,
    "title" : "A Promessa de Gerônimo",
    "overview" : "",
    "genres" : [ {
      "id" : 35,
      "name" : "Comedy"
    }, {
      "id" : 28,
      "name" : "Action"
    } ]
  }, {
    "id" : 353237,
    "title" : "Kukum Bhagya",
    "overview" : "Family show",
    "genres" : [ ]
  }, {
    "id" : 353242,
    "title" : "Nine Lives (The Eternal Moment of Now)",
    "overview" : "Exploring imagination, memories, dreams, or past lives of Pinky the cat.",
    "genres" : [ ]
  }, {
    "id" : 353247,
    "title" : "A Phrase from Chris",
    "overview" : "“Transfiguration refers to a rare process whereby both the substance and essence of an entity is reconfigured. In physical terms, a transfiguration is a change in form, a remodeling of appearance. The word derives from the ancient Greek ‘metemorphothe’ or 'metamorphosis,’ suggesting a complete reformation. However, the word takes on its fullest meaning in the spiritual context when it refers to the moment when a person or an object is transformed not by external means but from within. The resulting change is absolute and thorough, affecting the heart and soul of the subject. Although the outward appearance can sometimes be altered in this process as well, it is not necessary. A deeper, more profound, complete transformation occurs inside, out of sight and, for a person it reformulates the very fiber of their being, finally radiating outward to affect everything around it.”",
    "genres" : [ ]
  }, {
    "id" : 353252,
    "title" : "Davina Intense",
    "overview" : "So just when I thought Mark and Jackie had done every kind of exercise ever invented with me, they came up with a whole new way of training.  I'm completely hooked and you will be too!  Intense is based on the principle of High Intensity Training, which means that you'll be working out for a shorter amount of time at - you guessed it - a higher intensity.  It's all about getting your heart rate up really high for short bursts, which is great for fitness, toning and fatburning!  Intense Cardio Box - Fantastic combination of boxing moves and high speed interval training  Intense Toning - Brilliant mix of toning exercises with weights, and more high speed interval training.  Intense Abs - A fantastic high velocity workout for your size pack and core muscles.",
    "genres" : [ ]
  }, {
    "id" : 353257,
    "title" : "Earthfall",
    "overview" : "As a rogue planet roars through our solar system, it acts as an intergalactic magnet that pulls Earth in its wake. Meteors destroy major cities. Fire and ice storms engulf the land. Casualties are in the millions. And as the situation grows even worse, Steve Lannon is determined to reunite with his wife and teenage daughter. But when they stumble into a secret government installation, they'll uncover a nuclear mission that will either blast our planet back into orbit or guarantee front row seats to the end of the world.",
    "genres" : [ {
      "id" : 28,
      "name" : "Action"
    }, {
      "id" : 878,
      "name" : "Science Fiction"
    } ]
  }, {
    "id" : 353262,
    "title" : "Bad Boys 4",
    "overview" : "",
    "genres" : [ {
      "id" : 28,
      "name" : "Action"
    }, {
      "id" : 35,
      "name" : "Comedy"
    } ]
  }, {
    "id" : 353267,
    "title" : "Fire Twister",
    "overview" : "When a mysterious orb of light strikes a deep water oil rig, the massive explosion erupts into a ball of flames creating a swirling mass of clouds and fire. As the twister begins to move ...",
    "genres" : [ {
      "id" : 53,
      "name" : "Thriller"
    }, {
      "id" : 28,
      "name" : "Action"
    }, {
      "id" : 12,
      "name" : "Adventure"
    }, {
      "id" : 878,
      "name" : "Science Fiction"
    } ]
  }, {
    "id" : 353272,
    "title" : "The Verdict",
    "overview" : "In the conflict with the enemy in one battle lost in advance, the risk to die in vain, partisan Mitko Angelov, fleeing from the battlefield. He climbs onto the train and goes to see his mother, who has just returned from internment. When he returned to the brigade, Mitko was declared a deserter and was disarmed and bound. Since he lost his weapon, the Commissioner sent him to patrol the action to take weapons from the Germans. All partisans patrol that went with him dying and the only Mitko and Vane, who was seriously injured remain alive. Thinking it was dead Vane, Angelov returns to the brigade. But the commander did not believe him, thinking that he had fled from the battle, and that is why the prison in the basement. In the meantime, get wounded fighter Vane, and the story of the heroic struggle led by Mitko. But at the same time, a military court condemned him to death for desertion.",
    "genres" : [ {
      "id" : 10752,
      "name" : "War"
    }, {
      "id" : 18,
      "name" : "Drama"
    } ]
  }, {
    "id" : 353282,
    "title" : "The Adventures of Supernigger: Episode I - The Final Chapter",
    "overview" : "A fantastic tale about a superhero who comes face to face with his arch nemesis. It is an allegory about the shooting death of West African immigrant Amadou Diallo.",
    "genres" : [ ]
  }, {
    "id" : 353287,
    "title" : "Promises",
    "overview" : "Self made millionaire Rolando Dominguez (Carlos Guerrero) could not resist the tempting pleasures that came with his  success and now finds himself homeless, demented, and tormented by flashbacks of his regretful mistakes and broken  promises to his missing son Rollie (Carlos Guerrero Jr.). Rolando struggles with his guilt as he faces the harsh  reality that the fortune he worked for in his pursuit of happiness is the very thing that has destroyed his life... Meanwhile  Detective Stevens (Steven Bauer - Scarface, Ray Donovan) has vowed to bring Rollie back home to his desperate mother  Vanessa (Carmen Lopez) who’s six month agony has led her to question her faith while clinging on to the last bit of hope to see her son again.",
    "genres" : [ {
      "id" : 18,
      "name" : "Drama"
    }, {
      "id" : 10751,
      "name" : "Family"
    }, {
      "id" : 9648,
      "name" : "Mystery"
    } ]
  }, {
    "id" : 353292,
    "title" : "DVD CES 2012",
    "overview" : "",
    "genres" : [ ]
  }, {
    "id" : 353302,
    "title" : "Away",
    "overview" : "The filmmaker of this short documentary used his cellphone camera to shoot these scenes in Costa Rica. He reflects on the dichotomy of nature versus technology. Part of the MobiDOCS: Confessions in a Digital Age series.",
    "genres" : [ ]
  }, {
    "id" : 353307,
    "title" : "Alt om Fluebinding",
    "overview" : "",
    "genres" : [ ]
  }, {
    "id" : 353312,
    "title" : "Super-B",
    "overview" : "A Filipino comical superhero movie about Bilma who transforms into Super-B to fight crime.",
    "genres" : [ {
      "id" : 14,
      "name" : "Fantasy"
    }, {
      "id" : 35,
      "name" : "Comedy"
    } ]
  }, {
    "id" : 353317,
    "title" : "Amuse-Gueule #3: All Shook Up",
    "overview" : "Telaroli's third film in the \"Amuse-gueule\" experimental film series, featuring John Carpenter's \"Elvis\" (made for TV in 1979, projected and “re-recorded” in an apartment in 2013, revised on and for a computer).",
    "genres" : [ ]
  }, {
    "id" : 353322,
    "title" : "Les baisers des autres",
    "overview" : "",
    "genres" : [ ]
  }, {
    "id" : 353327,
    "title" : "Brain Fear Gone",
    "overview" : "Jon Elliott, Omar Wysong, Brian Shima, Dustin Latimer and Aaron Feinberg star in this timeless rollerblading classic from Mindgame.",
    "genres" : [ ]
  }, {
    "id" : 353332,
    "title" : "Koningsdag",
    "overview" : "",
    "genres" : [ {
      "id" : 18,
      "name" : "Drama"
    } ]
  }, {
    "id" : 353337,
    "title" : "Words",
    "overview" : "Mindgame's follow-up to the critically acclaimed Brain Fear Gone raises the bar for rollerblading once again. Featuring profiles from Aaron Feinberg, Chris Farmer and Dustin Latimer.",
    "genres" : [ ]
  }, {
    "id" : 353342,
    "title" : "VLAFF Shorts in Competition: Program 2",
    "overview" : "Short Films featured at the 2017 Vancouver Latin American Film Festival.  TAILOR (Calí dos Anjos | Brazil) - GUAMÚCHIL SEEDS (Carolina Corral Paredes | Mexico) - TIMELESS (Raúl Zendejas Escandón | Mexico) - GRIEF (Cecilia Cartasegna | Argentina) - MISSING (Carlos Trujano | Mexico) - MOTHER (Simón Mesa Soto | Colombia) - THE FUTURE IS IRREVOCABLE (Silvina Estévez | Argentina) - ROSINHA (Gui Campos | Brazil)",
    "genres" : [ ]
  }, {
    "id" : 353347,
    "title" : "Fernando e Sorocaba Bola de Cristal",
    "overview" : "",
    "genres" : [ ]
  }, {
    "id" : 353352,
    "title" : "Recanto Sertanejo 2015 - Vol 2",
    "overview" : "",
    "genres" : [ ]
  }, {
    "id" : 353357,
    "title" : "Pas si fous les flics de Midwatch",
    "overview" : "",
    "genres" : [ ]
  }, {
    "id" : 353362,
    "title" : "De Cara Limpa",
    "overview" : "",
    "genres" : [ {
      "id" : 35,
      "name" : "Comedy"
    } ]
  }, {
    "id" : 353367,
    "title" : "David Guetta Miami Ultra Music Festival 2015",
    "overview" : "",
    "genres" : [ ]
  }, {
    "id" : 353372,
    "title" : "The Cartel",
    "overview" : "The Mexican drug cartel wars documented by author Don Winslow.",
    "genres" : [ {
      "id" : 53,
      "name" : "Thriller"
    }, {
      "id" : 80,
      "name" : "Crime"
    } ]
  }, {
    "id" : 353377,
    "title" : "Ovum",
    "overview" : "",
    "genres" : [ ]
  }, {
    "id" : 353382,
    "title" : "Pink Eye",
    "overview" : "Pink Eye is set in a small town in upstate New York, at a prison-like, dilapidated insane asylum where secret drug testing has gone inexplicably wrong. Patients are dying in sick and twisted ways and those who survive are becoming raging, homicidal lunatics. It's only a matter of time before all hell breaks loose and the patients begin to crave freedom to take their vengeance out on the world outside. When one patient does escape deformed, angry and far beyond insane, he brings death and terror to an unsuspecting town and everyone in it.",
    "genres" : [ {
      "id" : 27,
      "name" : "Horror"
    } ]
  }, {
    "id" : 353387,
    "title" : "Missed Call",
    "overview" : "Kirsten is a successful woman, madly in love with her boyfriend back home in Chicago. In LA for a brief meeting to discuss selling her business, she really needs her boyfriend. Only he's not answering his phone...continually. Where is he? Why doesn't he pick up? Why won't he call back? What isn't Kirsten facing...?",
    "genres" : [ {
      "id" : 18,
      "name" : "Drama"
    }, {
      "id" : 10749,
      "name" : "Romance"
    } ]
  }, {
    "id" : 353392,
    "title" : "Dirty Old New York aka Fun City",
    "overview" : "A geographic history of New York City from the mid 1069's through early 1980's as told by edited together film clips.",
    "genres" : [ ]
  }, {
    "id" : 353397,
    "title" : "Deep Space",
    "overview" : "An intergalactic explorer on a mission to seek out intelligent life struggles to say sane.",
    "genres" : [ {
      "id" : 16,
      "name" : "Animation"
    } ]
  }, {
    "id" : 353407,
    "title" : "The Disappearance of Willie Bingham",
    "overview" : "Progressive Amputation is introduced as a new form of punishment for particularly heinous crimes, in this pitch-black social satire by Matt Richards.",
    "genres" : [ ]
  }, {
    "id" : 353412,
    "title" : "Posture Pals",
    "overview" : "A teacher gives her third-grade class a \"posture test\". Four students--two boys and two girls--fail it. The teacher then suggests that the four become each other's \"posture pals\" and point out to each other when they're slouching, slumping or engaged in other such deviant non-good-posture activities.",
    "genres" : [ {
      "id" : 99,
      "name" : "Documentary"
    } ]
  } ]
}