{
  "movies" : [ {
    "id" : 338372,
    "title" : "Love and Treachery",
    "overview" : "",
    "genres" : [ ]
  }, {
    "id" : 338377,
    "title" : "Millionaire Basement Wars",
    "overview" : "Documentary on luxurious basements popping up all over London",
    "genres" : [ ]
  }, {
    "id" : 338382,
    "title" : "Slam Dunk Shohoku Maximum Crisis!  Burn Sakuragi Hanamichi",
    "overview" : "Set after Shohoku's loss to Kainan, and during a practice match against Ryokufu High.",
    "genres" : [ {
      "id" : 35,
      "name" : "Comedy"
    }, {
      "id" : 16,
      "name" : "Animation"
    }, {
      "id" : 18,
      "name" : "Drama"
    } ]
  }, {
    "id" : 338387,
    "title" : "Youth in Oregon",
    "overview" : "A man is tasked with driving his embittered 80-year-old father-in-law cross country to be legally euthanized in Oregon, while along the way helping him rediscover a reason for living.",
    "genres" : [ {
      "id" : 35,
      "name" : "Comedy"
    }, {
      "id" : 18,
      "name" : "Drama"
    } ]
  }, {
    "id" : 338392,
    "title" : "Experience Montreux",
    "overview" : "Filmed in high definition 3D, this set brings together the Experience Montreux film plus concert performances from the Montreux Jazz Festival by Herbie Hancock and Quincy Jones and the Global Gumbo All-Stars. Experience Montreux, filmed at the 44th Festival in 2010, contains full live tracks by a range of artists that reflects the breadth and eclecticism of the Montreux Jazz Festival. The performances are interspersed with interviews with festival founder Claude Nobs and many of the artists involved and are accompanied by stunning footage of the festival setting, the town of Montreux, Lake Geneva and the Swiss Alps. Quincy Jones and Herbie Hancock have both been frequent visitors to Montreux over the years and it s fitting that their performances form a part of this 3D celebration of the magic of the Montreux Jazz Festival.",
    "genres" : [ {
      "id" : 99,
      "name" : "Documentary"
    } ]
  }, {
    "id" : 338402,
    "title" : "B-ROBO KABUTACK CHRISTMAS WAR",
    "overview" : "Doctor Torahiko Koenji is an eccentric genius who dug out the ancient writings from the oldest layer of the earth. He translated the writings and learned the existence of 13 \"Star Pieces\" that had been hidden across the planet. If one should obtain all the Star Pieces, any wish could be granted. To that end, Doctor Koenji built search robots, known as \"B-robots\", to find the Star Pieces. However a trio of such robots, led by Cobrander, were activated without their sleep-education program being completed and thus started to commit bad deeds across the town.  Fortunately, a team, composed of three \"good\" B-borots, had completed the whole course of sleep-learning, and befriended Yuzuru Koenji, Doctor Koenji's grandson. With Yuzuru, and his friends Sayuri Mitaka and Kuranosuke Kichijouji, the three good B-robots and the gang begin their search of the \"Star Pieces\" while overcoming the misdeeds of the three \"bad\" B-robots.",
    "genres" : [ ]
  }, {
    "id" : 338407,
    "title" : "Plasma Aquarium HD",
    "overview" : "9 Aquarium Impressions in High Definition",
    "genres" : [ ]
  }, {
    "id" : 338412,
    "title" : "That Texas Jamboree",
    "overview" : "With the backing of the Mayor, Brady is running a crooked gambling operation. When Sheriff Curt shuts him down, he reopens when the Mayor charters his place as a private club. When Curt decides to run for Mayor, he is made to shut down the popular Warren medicine show. With Curt now out of favor the Warrens decide to run their daughter for Mayor and Brady has a plan to stop her also.  - Written by Maurice VanAuken",
    "genres" : [ {
      "id" : 37,
      "name" : "Western"
    } ]
  }, {
    "id" : 338417,
    "title" : "Blind Melon: No Rain",
    "overview" : "No Overview",
    "genres" : [ ]
  }, {
    "id" : 338427,
    "title" : "O Lobinho Nunca Mente",
    "overview" : "",
    "genres" : [ ]
  }, {
    "id" : 338432,
    "title" : "Das Gewinnerlos",
    "overview" : "",
    "genres" : [ {
      "id" : 35,
      "name" : "Comedy"
    }, {
      "id" : 18,
      "name" : "Drama"
    } ]
  }, {
    "id" : 338437,
    "title" : "Pornochic 25 : Anissa",
    "overview" : "",
    "genres" : [ ]
  }, {
    "id" : 338442,
    "title" : "Supertramp Total Rock Review",
    "overview" : "This is the expanded edition of the\r ultimate critical guide to Supertramp.\r The DVD spans the entire output of the\r band during the Hodgson years.\r This is the ultimate critical review of Supertramp during the years when the\r creative partnership of Davies and Hodgson propelled the band to world\r fame. Drawing on rare concert performances\r together with the views of a leading team of\r working musicians and critics, this highly\r entertaining and informative journey into the music\r of a great band is essential viewing for Supertramp\r fans everywhere\r Featured tracks include Dreamer, School, Bloody\r Well Right, Rudy, Give a Little Bit, The Logical\r Song, Lady and many more.",
    "genres" : [ ]
  }, {
    "id" : 338447,
    "title" : "Особое мнение",
    "overview" : "",
    "genres" : [ {
      "id" : 9648,
      "name" : "Mystery"
    } ]
  }, {
    "id" : 338452,
    "title" : "Flux",
    "overview" : "In Flux, Steina films a river from a wide angle, deforming the image to the point of creating a sort of radiating, aqueous ball - like a liquid planet turning in space. Steina alternately shows fairly rapid shots, always taken at a very wide angle, which film the river once in one direction and then once in the other; she thus obtains a simple visual and very efficient equivalent of the energy of the water. The close succession of the shots, like the use of the reprocessed soundtrack of running water, are all variations on the texture of the aquatic substance. Under the façade of a work far removed from realism, Steina in fact offers a work that is in total contrast with the traditional images of running water, but, with her video vision, comes very close to literary and pictorial visions of romanticism. She manages to translate the entire mythology of water into images without using narrative or symbolism, but by simply using the possibilities provided by her camera and machines.",
    "genres" : [ ]
  }, {
    "id" : 338462,
    "title" : "I Fiori",
    "overview" : "Time lapse documentary about the lifecycle of flowers.",
    "genres" : [ {
      "id" : 99,
      "name" : "Documentary"
    } ]
  }, {
    "id" : 338467,
    "title" : "Jagt med haglgevær",
    "overview" : "",
    "genres" : [ {
      "id" : 99,
      "name" : "Documentary"
    } ]
  }, {
    "id" : 338472,
    "title" : "Three Sergeants of Bengal",
    "overview" : "This action-packed adventure/jungle film starts out when three British soldiers stationed in Malaysia are sent to Fort Madras to help the commandant fight off an elusive bandit who is terrorizing the countryside.",
    "genres" : [ {
      "id" : 12,
      "name" : "Adventure"
    }, {
      "id" : 10752,
      "name" : "War"
    } ]
  }, {
    "id" : 338482,
    "title" : "Arizona Legion",
    "overview" : "A federal agent infiltrates an outlaw band that's taken over a western town.",
    "genres" : [ {
      "id" : 10749,
      "name" : "Romance"
    }, {
      "id" : 37,
      "name" : "Western"
    } ]
  }, {
    "id" : 338487,
    "title" : "Madame Butterfly",
    "overview" : "Madama Butterfly (Madame Butterfly) is an opera in three acts (originally two acts) by Giacomo Puccini, with an Italian libretto by Giuseppe Giacosa and Luigi Illica.  This performance was recorded at the Teatro degli Arcimboldi in Milan in 2004.",
    "genres" : [ {
      "id" : 18,
      "name" : "Drama"
    }, {
      "id" : 10402,
      "name" : "Music"
    } ]
  }, {
    "id" : 338492,
    "title" : "Qot.W.Far",
    "overview" : "A friendship that started from childhood",
    "genres" : [ ]
  }, {
    "id" : 338497,
    "title" : "Onan",
    "overview" : "“ONAN is a work about desire (masturbation) which has no object but itself. The appearance of the large egg objectifies the man's desires. After colliding with the other (a girl), the hero falls down while still holding the egg, thus caricaturing the desire of the hero.” —Takahiko Iimura (takaiimura.com)",
    "genres" : [ {
      "id" : 14,
      "name" : "Fantasy"
    } ]
  }, {
    "id" : 338502,
    "title" : "Marejada",
    "overview" : "Recently-graduated doctor assigned to a small, backward fishing community.",
    "genres" : [ ]
  }, {
    "id" : 338507,
    "title" : "On Tour Exploring the Extraordinary Eastern & Oriental Express",
    "overview" : "Singapore is a city of gardens &amp; the heart of South East Asia. It is here that the journey begins on the Eastern &amp; Oriental Express, a nostalgic train journey that has all the exotic atmosphere of colonial times. Travel north to Kanchaburi &amp; to the bridge on the River Kwai, a somewhat inconspicuous bridge that once brought infamy to this region",
    "genres" : [ ]
  }, {
    "id" : 338512,
    "title" : "Lost Airmen of Buchenwald",
    "overview" : "Chronicles the little-known story of Allied airmen imprisoned at the Buchenwald Concentration Camp in the waning months of World War II. In the summer of 1944, 168 airmen from the US, England, Canada and other Allied countries were captured in Paris by the German Gestapo and sent to the infamous \"Koncentration Lager Buchenwald\" in Germany. Falsely accused of being \"terrorists and saboteurs,\" the airmen faced a terrifying fight for survival and a race against time to escape their execution. A controversial moment in history that their home countries tried to hush-up, Lost Airmen of Buchenwald tells this harrowing story through interviews with seven surviving members of the group, including their heroic commanding officer. The film follows them from their days hiding with the French Resistance to the darkest corners of the Holocaust, where they struggled to survive as Germany collapsed under the weight of the advancing Russian and Allied armies",
    "genres" : [ {
      "id" : 10752,
      "name" : "War"
    }, {
      "id" : 99,
      "name" : "Documentary"
    }, {
      "id" : 36,
      "name" : "History"
    } ]
  }, {
    "id" : 338517,
    "title" : "The Dawns Here Are Quiet",
    "overview" : "It is late spring of 1942, and the Great Patriotic War is in full swing. A long way off from the front-line, at some God-forgotten junction, the Germans make an air landing operation in an attempt to get through to the Kirov railway and the White Sea - the Baltic Sea Canal. These aren't just ordinary paratroopers. This is a team of seasoned and highly trained infiltrators, the elite of the Waffen-SS, superhumans. The only thing in their way is an anti-aircraft artillery unit of corporal Vaskov and five young women in training. It may seem like a fight of local significance, but the countrys main strategic transportation artery is at stake. Can the corporal and his 'petite newbies' prevent Nazi sabotage and at what cost?",
    "genres" : [ {
      "id" : 18,
      "name" : "Drama"
    }, {
      "id" : 10752,
      "name" : "War"
    } ]
  }, {
    "id" : 338522,
    "title" : "Ballad for a Loner",
    "overview" : "Based upon the book written by South African author Leon van Nierop, and the 1980s TV series it spawned, this drama focuses on the mysterious disappearance of celebrated writer Jacques Rynhard (Armand Aucamp), and the investigative hunt for him launched by journalist Carina Human (DonnaLee Roberts). Christia Visser, Rolanda Marais and Jacques Bessenger co-star.",
    "genres" : [ {
      "id" : 10749,
      "name" : "Romance"
    }, {
      "id" : 18,
      "name" : "Drama"
    } ]
  }, {
    "id" : 338527,
    "title" : "Case 219",
    "overview" : "A journalist tries to uncover the circumstances that led to a shocking episode of violence in this drama from director James Bruce. Leonard Grey was a troubled seventeen-year-old who one day went on a shooting spree, injuring several students at his high school and killing one before he took his own life. A reporter for the Los Angeles Times is assigned to research and write an investigative piece about Grey. The journalist studies interviews conducted by the police with the boy's friends and family as well as conducting several of her own as she tries to understand what turned a seemingly ordinary youngster into a killer. She finds an especially intriguing subject in Cameron Porter, Leonard's best friend, who may have been involved in the shootings through he carefully refuses to incriminate himself.",
    "genres" : [ {
      "id" : 18,
      "name" : "Drama"
    } ]
  }, {
    "id" : 338532,
    "title" : "Dishonesty",
    "overview" : "The main character is a hard worker, but found out that she did horribly in the class while other class mates did fine when they cheated. In this film, you will follow an international student through one of her days in an American school and see if she will make the right choice when it comes to her grade in her class. This movie allows you to see the hardships and difficulties international students might face when studying abroad.",
    "genres" : [ ]
  }, {
    "id" : 338537,
    "title" : "Drink Me",
    "overview" : "James and Andy, a sexy gay couple, seem to have everything they ever dreamed of…but things are about to change. Andy loses his job and they take in a handsome stranger called Sebastian. Nightmares come to life as Andy realizes that Sebastian is hiding a dark secret. Could Sebastian be the killer stalking the streets of their neighborhood? A classically sexy thriller- with a delicious vampiric touch, DRINK ME is a highly erotic and exciting film.",
    "genres" : [ {
      "id" : 18,
      "name" : "Drama"
    }, {
      "id" : 27,
      "name" : "Horror"
    } ]
  }, {
    "id" : 338542,
    "title" : "Epilogue",
    "overview" : "A night watchman feeling lonely as hell. A hospital darker than usual. A night that will never happen again.",
    "genres" : [ ]
  }, {
    "id" : 338547,
    "title" : "Girl in a Cage",
    "overview" : "Film from Hiu Kwong Yau",
    "genres" : [ ]
  }, {
    "id" : 338552,
    "title" : "Interview with a Courteous Murderer",
    "overview" : "Film from Byeong-deock Jeon",
    "genres" : [ ]
  }, {
    "id" : 338557,
    "title" : "Karma",
    "overview" : "Hou and his pregnant wife open a garage by mountain road. Hou spreads nails on the road to puncture tires of cars, and attract business. Almost every car driving down the road gets flat tires and had to be repaired at his garage. One day, a monk was going to the village to release the soul of a dead person from suffering. While driving down the road, he too gets a flat tire. He and Hou argue over the cost of the tire repair, and eventually the monk has no choice but to pay Hou and leave frustrated. As Hou is enjoying his triumph, his wife feels a great pain on her womb. But the tires of the ambulance are punctured by Hou's nails. Despair and frustrated, Hou remembers the monk that just left...",
    "genres" : [ ]
  }, {
    "id" : 338562,
    "title" : "Las Dos Michoacanas",
    "overview" : "Film from Alonso O. Lara",
    "genres" : [ ]
  }, {
    "id" : 338567,
    "title" : "Made You Look",
    "overview" : "The last 15 years has seen a boom in the UK graphic arts and illustration industry, with a DIY scene emerging and prospering alongside new and affordable leaps in technology. So much of our lives is now spent in the virtual digital realm, so what will become of the tactile objects we all hold so dear? Will we see books disappear in our lifetime?",
    "genres" : [ {
      "id" : 99,
      "name" : "Documentary"
    } ]
  }, {
    "id" : 338572,
    "title" : "Mates",
    "overview" : "A short film about anonymous bodies using online flirting, spontaneous random brief encounters, social media, hyper-connectivity, etc. We are part of a generation who will, for better or worse, probably have naked pictures on the Internet, or homemade sex videos on our smart phones at some point in our lives.",
    "genres" : [ ]
  }, {
    "id" : 338577,
    "title" : "My Last Day on Earth",
    "overview" : "A short cinematic \"diary\" as a young woman whimsically and elliptically takes us through her day and an important transformational moment.",
    "genres" : [ ]
  }, {
    "id" : 338582,
    "title" : "Obedience",
    "overview" : "It is the 1960's and Paul is an actor brought on for Doctor Stanley Milgram's experiment involving human obedience. What seemed like a easy way to make some quick money soon turns into something else when he witnesses first-hand the psychological stress being forced upon innocent people, and Paul himself must decide whether to obey or not.",
    "genres" : [ ]
  }, {
    "id" : 338587,
    "title" : "Soledad",
    "overview" : "Italian comedy",
    "genres" : [ {
      "id" : 35,
      "name" : "Comedy"
    } ]
  }, {
    "id" : 338592,
    "title" : "Rosie",
    "overview" : "Even on a normal day, life can take you for a ride. Rosie is a young woman working as a maid in Los Angeles. She's struggling to make ends meet, survive a volatile relationship, and just get through the day. On this particular day, she slowly realizes that things may be about to take a significant turn.",
    "genres" : [ ]
  }, {
    "id" : 338597,
    "title" : "Silencio Chino",
    "overview" : "Chinese Silence\" is the story of Chiung, a young pathologically mute Chinese boy who finds himself in an extreme situation: speak or lose his life.",
    "genres" : [ ]
  }, {
    "id" : 338602,
    "title" : "The Icing",
    "overview" : "Film from Jan Hrebejk",
    "genres" : [ ]
  }, {
    "id" : 338607,
    "title" : "The Road to Home",
    "overview" : "The Road to Home (2015), tells the story of Benny Wenda, the Nobel Peace Prize nominated West Papuan independence leader, in his ongoing struggle to free his people from Indonesian colonial rule. Since his dramatic escape from an Indonesian prison in 2002, where he was held in isolation and tortured as a political prisoner, Benny has been an unceasing crusader on the international scene, campaigning to bring about an end to the suffering of his people at the hands Indonesia's brutal colonial regime. Granted political asylum in the UK, Wenda's freedom of movement was restricted in 2011 when, at the behest of the Indonesian government, Interpol issued a 'red notice' putting him at extreme risk of extradition should he travel.",
    "genres" : [ {
      "id" : 99,
      "name" : "Documentary"
    } ]
  }, {
    "id" : 338612,
    "title" : "Twin Lotus",
    "overview" : "Film from Vasco Xu",
    "genres" : [ ]
  }, {
    "id" : 338617,
    "title" : "X,y",
    "overview" : "Frankie dances topless in a sleazy little strip joint and drinks; it's the only way to get through the night. But then a mysterious man comes into the club, a piercing siren screams, and Frankie's world crumbles. In the morning, she isn't Frankie anymore. She doesn't remember who she is. She knows for certain only one solid truth: that she is a man. As for her boyfriend Terry, he cannot understand what his beautiful girl is trying to tell him. Frankie and Terry journey together through their private hell and transcend to the other side.",
    "genres" : [ ]
  }, {
    "id" : 338622,
    "title" : "La Extraña Elección",
    "overview" : "While Andrea unfolds a labyrinth on the ground of her new home, Fran verifies that his efforts to recover the wisdom of the elder bear fruit and Flo plants a yew surrounded by friends.  They made a strange decision: living in a town. However, they affirm that their posture is something normal. They say that it is the others who take unusual decisions and they are obligated to confront complicated challenges: like staying in a territory when not finding a rental house; like to keep organizing activities when the money the association was waiting for was used to buy designer ashtrays; like not manifestating when the corporations want to do fracking test in their region.",
    "genres" : [ ]
  }, {
    "id" : 338627,
    "title" : "The Home",
    "overview" : "The home where we live is also the home of thousands of living beings. Even if they escape our sight, their tracks and sounds reflect their constant presence among us.",
    "genres" : [ ]
  }, {
    "id" : 338632,
    "title" : "Certifiée Halal",
    "overview" : "",
    "genres" : [ ]
  }, {
    "id" : 338637,
    "title" : "Revolution",
    "overview" : "A grim-looking leftist march of young men, edited to the Beatles’ Revolution.",
    "genres" : [ ]
  }, {
    "id" : 338642,
    "title" : "Mutant Massacre 2",
    "overview" : "Aliens are turning people into mutants. Opening scene features claymation.",
    "genres" : [ {
      "id" : 878,
      "name" : "Science Fiction"
    }, {
      "id" : 27,
      "name" : "Horror"
    } ]
  }, {
    "id" : 338647,
    "title" : "Naked Zombie Girl",
    "overview" : "Barbara drives an old Cadillac down a two lane highway, nervously smoking a cigarette. Jill sits in the back seat frantically looking at Tony, who has a bite mark on his arm oozing black liquid. He starts sweating heavily. He tries to grab their gun; they've all seen what happens when you get bitten. Barbara tries to keep control of their car while trying to get the gun from Tony. She notices a zombie in the road and quickly swerves out of the way. The car starts to smoke, and Barbara glances around the area. She realizes that they're in the middle of nowhere, with nothing in sight but an old shack. While she's distracted, Tony succeeds in shooting himself. The sound of the gunshot attracts the zombies in the area. In a matter of seconds, Jill and Barbara find themselves surrounded.",
    "genres" : [ {
      "id" : 27,
      "name" : "Horror"
    } ]
  }, {
    "id" : 338652,
    "title" : "The Exact Shape of The Islands",
    "overview" : "For many, the name Malvinas/Falklands evokes an absurd war between England and Argentina in 1982. For Julieta Vitullo, the protagonist of this film, this tragic history becomes deeply personal 25 years later when she suffers a loss associated with her search to uncover that past, unfolding into a life-affirming struggle for renewal and rebirth. This film tells the story of two trips, one made in 2006 and the other in 2010. In the space between one trip and the next, between past and present, between the public and the private, between what can and cannot be told, the movie reflects on the possibilities of conveying extreme life experiences, presenting landscapes and sounds that suggest subtle contours of that shape, 'The Exact Shape of the Islands.'",
    "genres" : [ {
      "id" : 99,
      "name" : "Documentary"
    }, {
      "id" : 18,
      "name" : "Drama"
    } ]
  }, {
    "id" : 338657,
    "title" : "Heart and Guts",
    "overview" : "Financial problems in a religious school for girls force the government to interfere. While waiting in the conference hall to communicate the fact to the school administrators, the intervenor falls asleep and a crazy dream begins, involving teachers, students and strange characters.",
    "genres" : [ {
      "id" : 18,
      "name" : "Drama"
    } ]
  }, {
    "id" : 338662,
    "title" : "Geluk is als glas",
    "overview" : "",
    "genres" : [ {
      "id" : 99,
      "name" : "Documentary"
    } ]
  }, {
    "id" : 338672,
    "title" : "The Private Life of Rita Faltoyano",
    "overview" : "The Private Life of Rita Faltoyano takes us through some of the most memorable moments ever of her Private Career and gives some glorious glimpses of just what this young lady is capable of, from her very first experience of the adult world with Pierre Woodman in Costa Rica back at the beginning of 2000, through to the acclaimed Roman bath scene from part 2 of The Private Gladiator. Remember that the DVD version includes a second disc with loads of extras!",
    "genres" : [ ]
  }, {
    "id" : 338677,
    "title" : "Actiongirls: Soldiers of the Dead - Part 1",
    "overview" : "Based in the future, the world as we know it has been destroyed. Menacing gangs loot the cities searching for new members. The most notorious of the these gangs is known as Helman's Death Squad. Helman a female slave trader searches for female fighters to compete in his Arena of Death. Winners have a chance of escaping their slavery by leading by his side as his queen. Adriana Zarcova (dressed as nazi) Helman's most prized possession tires of her boyfriend's love affairs and decides to start her own organization when she accidentally stumbles upon secret government plans to create super soldiers of the undead. Adriana uses her newfound plan to to raise a super army of the Undead to crush her boyfriends most prized female fighters. Alone and outnumbered the Actiongirls must battle Zarcova'a growing army of dead soldiers in a fight to the finish.",
    "genres" : [ {
      "id" : 878,
      "name" : "Science Fiction"
    }, {
      "id" : 28,
      "name" : "Action"
    } ]
  }, {
    "id" : 338682,
    "title" : "Fuck My Ass",
    "overview" : "Seven gorgeous women screaming for you to rip their ass - Who could resist? Extreme sex to get you rock hard from the latest directors in porn. And don't miss the report on the making of a photo shoot with the sizzling Cindy Lords.",
    "genres" : [ ]
  }, {
    "id" : 338687,
    "title" : "The Prince's Poison Cup",
    "overview" : "When young Ella gets sick and has to take yucky medicine, she wonders why something that will help her get well has to taste so bad. She puts the question to Grandpa, and he tells her the story of a great King and His subjects who enjoyed wonderful times together--until the people rebelled against the King and drank from a forbidden well. Suddenly, the beautiful water in the well made their hearts turn to stone, and stop loving the great King. They leave the beautiful park where they enjoyed fellowship with the King, and build a city called the City of Man. To reclaim His people, the King asks His Son, the Prince, to drink from well a in that city filled with horrid poison. The poison will surely kill the Prince--but He is willing to drink it to please His Father and help His people.",
    "genres" : [ {
      "id" : 10751,
      "name" : "Family"
    } ]
  }, {
    "id" : 338692,
    "title" : "The Private Life of Kate More",
    "overview" : "Throughout her cock-teasing career at Private, Kate Mores name has turned into the rallying cry of her porn army of fans... they just cannot get enough of her and always demand More, More, More! Such a climactic career deserves to be celebrated, and here Private brings you a selection of her most succulent scenes from a string of top titles, including the Private Penthouse series, Pirate Video, and Amandas Diary. From such prestigious directors as Antonio Adamo and Frank Thring, this really is a jewel that will be treasured by Kate More fans everywhere. You see, the problem with Kate is, you always want More... The double DVD features a sensational 16 searing hot sex scenes including a brand new scene shot exclusively for this collection and runs to over 3 hours. The line-up leaves nothing whatsoever to be desired with Kate being joined by such legendary names as Laura Angel and Silvia Saint in this sextravaganza of frenetic fuck action...",
    "genres" : [ ]
  }, {
    "id" : 338697,
    "title" : "The Beatles: LOVE",
    "overview" : "Bonus DVD that came with the LOVE cd release.",
    "genres" : [ ]
  }, {
    "id" : 338702,
    "title" : "Ray Charles: Genius Loves Company",
    "overview" : "DVD that accompanied the CD release. Has behind the scenes and rehearsal footage.",
    "genres" : [ ]
  }, {
    "id" : 338707,
    "title" : "10 Wochen Sommer",
    "overview" : "",
    "genres" : [ {
      "id" : 99,
      "name" : "Documentary"
    } ]
  }, {
    "id" : 338717,
    "title" : "4 O'Clock, 1950",
    "overview" : "A look at the incidents of June 25, 1950 which marked the beginning of the Korean War and which found the South to be woefully unprepared.",
    "genres" : [ {
      "id" : 18,
      "name" : "Drama"
    }, {
      "id" : 10752,
      "name" : "War"
    } ]
  }, {
    "id" : 338722,
    "title" : "Inside 'On Her Majesty's Secret Service'",
    "overview" : "A behind the scenes look at the James Bond film \"On Her Majesty's Secret Service\"",
    "genres" : [ {
      "id" : 99,
      "name" : "Documentary"
    } ]
  }, {
    "id" : 338727,
    "title" : "Inside 'The Man with the Golden Gun'",
    "overview" : "A behind the scenes look at the James Bond film \"The Man with the Golden Gun\"",
    "genres" : [ {
      "id" : 99,
      "name" : "Documentary"
    } ]
  }, {
    "id" : 338732,
    "title" : "Hostiable",
    "overview" : "",
    "genres" : [ {
      "id" : 35,
      "name" : "Comedy"
    } ]
  }, {
    "id" : 338737,
    "title" : "Summer 2014",
    "overview" : "Harsh but poetic, the film is a treaty about the desire of domination and violence as the driving force of history, shown in the spectrum of grey. After a great battle, the surrounding landscape, devoured by great fire, looks apocalyptic. Meaningless flags flutter in a dead field.",
    "genres" : [ ]
  }, {
    "id" : 338742,
    "title" : "There's Nothing You Can Do",
    "overview" : "The Safdie brothers repurpose reality television’s vocabulary of confrontation and cramped cinematography for a miniature study of urban maladies.",
    "genres" : [ ]
  }, {
    "id" : 338747,
    "title" : "Plastic - Someone Always Pays",
    "overview" : "",
    "genres" : [ {
      "id" : 28,
      "name" : "Action"
    }, {
      "id" : 35,
      "name" : "Comedy"
    }, {
      "id" : 53,
      "name" : "Thriller"
    } ]
  }, {
    "id" : 338752,
    "title" : "FPS: First Person Shooter",
    "overview" : "Your pregnant wife Linda has been captured by a ruthless scientist, who created a devastating virus. To rescue her, you have to fight through the old rotten experimental clinic, armed to the teeth, one level after another right through the dark, decayed guts of this evil complex. unfortunately you don't have much time, at dawn, the whole area will be eradicated.",
    "genres" : [ {
      "id" : 27,
      "name" : "Horror"
    } ]
  }, {
    "id" : 338757,
    "title" : "Ben Ali Libi, Magician",
    "overview" : "A heartfelt search for Ben Ali Libi, the main character in an iconic poem of the late Dutch poet Willem Wilmink.",
    "genres" : [ {
      "id" : 99,
      "name" : "Documentary"
    } ]
  }, {
    "id" : 338762,
    "title" : "Bloodshot",
    "overview" : "Based on the comic book series of the same name.",
    "genres" : [ {
      "id" : 28,
      "name" : "Action"
    } ]
  }, {
    "id" : 338767,
    "title" : "From The Depths of My Heart",
    "overview" : "Four friends are fatefully thrown into a veritable hell in this ambient and sometimes truly poetic Swedish genre drama.",
    "genres" : [ {
      "id" : 27,
      "name" : "Horror"
    }, {
      "id" : 18,
      "name" : "Drama"
    } ]
  }, {
    "id" : 338772,
    "title" : "Il Capo",
    "overview" : "Monte Bettogli, Carrara: in the marble quarries men and machines dig the mountain. The Chief manages, coordinates and guides quarrymen and heavyduty machines using a language consisting solely of gestures and signs. Conducting his dangerous and sublime orchestra against the backdrop of the sheer slopes and peaks of the Apuane Alps, the Chief works in total noise, which creates a paradoxical silence.",
    "genres" : [ ]
  }, {
    "id" : 338777,
    "title" : "Oceans of Mercy: African American Sufi Muslims in the San Francisco Bay Area",
    "overview" : "An honest, sincere and often funny account of what faith and Sufism means to six African-American Muslims in Oakland",
    "genres" : [ ]
  }, {
    "id" : 338782,
    "title" : "Young Thai Tourist",
    "overview" : "This beautiful porn movie was shot in 1980, but it is topical and modern. Tiny tove the beautiful porn actress. Tiny Tove and her friends have it off very nicely by two guys with huge cock.",
    "genres" : [ ]
  }, {
    "id" : 338787,
    "title" : "Chante avec Barbie",
    "overview" : "",
    "genres" : [ {
      "id" : 10402,
      "name" : "Music"
    }, {
      "id" : 16,
      "name" : "Animation"
    } ]
  }, {
    "id" : 338792,
    "title" : "Sinéad O'Connor Live",
    "overview" : "The Value Of Ignorance (1988): Jackie - Just Like U Said It Would B - Mandinka - Just Call Me Joe - Never Get Old - Jerusalem - Troy - I Am Stretched On Your Grave  The Year Of The Horse (1990): Feel So Different - The Emporers New - Clothes - I Want Your (Hands On Me) - Three Babies - Black Boys On Mopeds - Irish Ways - I Am Stretched On Your Grave - The Last Day Of Our Acquaintance - Nothing Compares 2 U - Jump In The River - Jerusalem - Troy",
    "genres" : [ {
      "id" : 10402,
      "name" : "Music"
    } ]
  }, {
    "id" : 338797,
    "title" : "Spanish Western",
    "overview" : "",
    "genres" : [ {
      "id" : 99,
      "name" : "Documentary"
    } ]
  }, {
    "id" : 338802,
    "title" : "La noche del escorpión",
    "overview" : "",
    "genres" : [ {
      "id" : 18,
      "name" : "Drama"
    } ]
  }, {
    "id" : 338807,
    "title" : "Abang Lejen",
    "overview" : "This Malay action comedy film tells the story of two brothers who lost their parents when they were young. Farid Kamil plays the older brother, who would risk his life to protect his younger brother (Fadlan Hazim) no matter what.",
    "genres" : [ ]
  }, {
    "id" : 338817,
    "title" : "The Invisible String",
    "overview" : "",
    "genres" : [ {
      "id" : 99,
      "name" : "Documentary"
    } ]
  }, {
    "id" : 338822,
    "title" : "Hansel and Gretel",
    "overview" : "One of the first, of not the first, film adaptation of Grimm's fairytale.",
    "genres" : [ {
      "id" : 14,
      "name" : "Fantasy"
    } ]
  }, {
    "id" : 338827,
    "title" : "Le talent de mes amis",
    "overview" : "A man in his mid 30's reevaluates his life and priorities after he met someone from his past.",
    "genres" : [ {
      "id" : 35,
      "name" : "Comedy"
    } ]
  }, {
    "id" : 338832,
    "title" : "William - The Young Conqueror",
    "overview" : "In the year of 1066AD, William the Conqueror is about to embark from Dives-sur-Mer to conquer England. In the event that he would not return alive, Guillaume introduced his son Robert to his loyal barons to receive the ducal throne heritage.",
    "genres" : [ {
      "id" : 36,
      "name" : "History"
    }, {
      "id" : 12,
      "name" : "Adventure"
    } ]
  }, {
    "id" : 338837,
    "title" : "A Double Image Both in Focus Simultaneously, Part One",
    "overview" : "School girls in a public swimming pool.",
    "genres" : [ ]
  }, {
    "id" : 338842,
    "title" : "Vishaparvam",
    "overview" : "A video essay that looks into the contemporary simulation of the old relationship between sign and referent. A traditional toxicologist, a convict, a herpetologist, a traditional healer – ponder deep to get closer to the reality of things that are under layer upon layer of images.",
    "genres" : [ ]
  }, {
    "id" : 338847,
    "title" : "Raise The Roof",
    "overview" : "They set out to reconstruct a lost synagogue. They recovered a lost world.",
    "genres" : [ ]
  }, {
    "id" : 338852,
    "title" : "The Secret Handshake",
    "overview" : "Men and boys learn together what it takes to be a man.",
    "genres" : [ ]
  }, {
    "id" : 338857,
    "title" : "Inside 'Licence to Kill'",
    "overview" : "A behind the scenes look at the James Bond film 'Licence to Kill'",
    "genres" : [ {
      "id" : 99,
      "name" : "Documentary"
    } ]
  }, {
    "id" : 338862,
    "title" : "Piet Piraat De Schatbewaker",
    "overview" : "",
    "genres" : [ ]
  }, {
    "id" : 338867,
    "title" : "Savamala",
    "overview" : "In Savamala, the most notorious part of Belgrade, lives an eighteen-year-old young man. In this turbulent atmosphere, different passions collide, and there are hints that the bloody strikes are a prelude to a major battle. The young man tries to escape from the slums and live in a better society. He falls in love and draws comics, while Savamala offers him the misery of everyday life, the world of criminals, gamblers, anarchists, singers and failed poets.",
    "genres" : [ {
      "id" : 18,
      "name" : "Drama"
    } ]
  }, {
    "id" : 338872,
    "title" : "Calling All Husbands",
    "overview" : "A henpecked husband and his bossy wife are due for a surprise when the wife's former boyfriend unexpectedly turns up. Comedy.",
    "genres" : [ {
      "id" : 35,
      "name" : "Comedy"
    } ]
  }, {
    "id" : 338882,
    "title" : "Vivre c'est mieux que mourir",
    "overview" : "",
    "genres" : [ ]
  }, {
    "id" : 338892,
    "title" : "La mentira",
    "overview" : "A man, torn inside by two passions, falls for the woman against whom he sought revenge, believing her to be responsible for the death of his brother.",
    "genres" : [ {
      "id" : 18,
      "name" : "Drama"
    } ]
  }, {
    "id" : 338897,
    "title" : "Youm Malosh Lazma",
    "overview" : "Youm.Malosh.Lazma",
    "genres" : [ ]
  }, {
    "id" : 338907,
    "title" : "Axel Rudi Pell & Friends: Magic Moments (25th anniversary show)",
    "overview" : "Axel Rudi Pell has been at this metal game for a while. Following up on last year's excellent \"Into The Storm\" studio offering, the German axeman has unleashed this live mega set. This is a 25th anniversary show and loaded with special guests. It also has a DVD and Blu ray counterpart, but we'll be focusing on the cd version here.\r The disc opens with four tracks from Axel's first band STEELER with opener \"Call Her Princess\" being the highlight. This is nuts and bolts 80's German steel with speedy riffs and chunky drums. Pell's later material played here after he went solo like \"Nasty Reputation\" and \"Warrior\" tends to get more melodic and ornate in line with a vintage RAINBOW sound. The remainder of the first disc focuses on the first part of Axel's career with vocalists Rob Rock and Jeff Scott Soto making guest appearances.",
    "genres" : [ {
      "id" : 10402,
      "name" : "Music"
    } ]
  }, {
    "id" : 338912,
    "title" : "Check It Out!",
    "overview" : "During a school trip to Prague a group of friends leave the hotel and party through the night.",
    "genres" : [ {
      "id" : 35,
      "name" : "Comedy"
    } ]
  }, {
    "id" : 338917,
    "title" : "Moonshine Love",
    "overview" : "Tom double-crosses Chico and Moose after a robbery but suffers from amnesia while staying with a hillbilly family.",
    "genres" : [ {
      "id" : 18,
      "name" : "Drama"
    }, {
      "id" : 80,
      "name" : "Crime"
    } ]
  } ]
}