{
  "movies" : [ {
    "id" : 298042,
    "title" : "Vieques",
    "overview" : "The plot is unknown at this time.",
    "genres" : [ {
      "id" : 53,
      "name" : "Thriller"
    }, {
      "id" : 27,
      "name" : "Horror"
    } ]
  }, {
    "id" : 298047,
    "title" : "Too Busy to Work",
    "overview" : "The Jones family females decide to teach Father a lesson. He's neglecting the family business to run for mayor, so they decide to neglect their household chores.",
    "genres" : [ {
      "id" : 35,
      "name" : "Comedy"
    } ]
  }, {
    "id" : 298052,
    "title" : "Skandal in der Botschaft",
    "overview" : "",
    "genres" : [ {
      "id" : 35,
      "name" : "Comedy"
    } ]
  }, {
    "id" : 298057,
    "title" : "Valentins Sündenfall",
    "overview" : "",
    "genres" : [ {
      "id" : 35,
      "name" : "Comedy"
    } ]
  }, {
    "id" : 298062,
    "title" : "Stadtpark",
    "overview" : "",
    "genres" : [ {
      "id" : 35,
      "name" : "Comedy"
    }, {
      "id" : 18,
      "name" : "Drama"
    } ]
  }, {
    "id" : 298067,
    "title" : "Der Mann in der Wanne",
    "overview" : "",
    "genres" : [ {
      "id" : 35,
      "name" : "Comedy"
    } ]
  }, {
    "id" : 298072,
    "title" : "Goodbye Mr. Zeus!",
    "overview" : "Italian comedy",
    "genres" : [ ]
  }, {
    "id" : 298077,
    "title" : "Ambition",
    "overview" : "Tomek Bagiński’s latest project - tells of a young apprentice (Aisling Franciosi) struggling to master nanotechnology on an alien world and prove herself to her enigmatic master (Aidan Gillen).  Will her herculean goals remain tantalizingly out of reach, or will she fulfill them and in the process, change life as we know it?",
    "genres" : [ {
      "id" : 878,
      "name" : "Science Fiction"
    } ]
  }, {
    "id" : 298082,
    "title" : "Seesterne",
    "overview" : "",
    "genres" : [ ]
  }, {
    "id" : 298092,
    "title" : "Fireflies in the North",
    "overview" : "Set in the icy wilderness of Hokkaido during the early days of the Meiji era, where the brutal warden of Kabato Prison terrorizes convicts sentenced to forced labor to build the roads needed to open up the territory.",
    "genres" : [ {
      "id" : 18,
      "name" : "Drama"
    } ]
  }, {
    "id" : 298097,
    "title" : "Savage Mutts",
    "overview" : "An ex-con goes on a rampage of vengeance.",
    "genres" : [ {
      "id" : 53,
      "name" : "Thriller"
    }, {
      "id" : 28,
      "name" : "Action"
    }, {
      "id" : 80,
      "name" : "Crime"
    } ]
  }, {
    "id" : 298107,
    "title" : "Der Page vom Palast-Hotel",
    "overview" : "",
    "genres" : [ {
      "id" : 35,
      "name" : "Comedy"
    } ]
  }, {
    "id" : 298112,
    "title" : "The Kidnapper",
    "overview" : "The story of poor people in Argentina.",
    "genres" : [ ]
  }, {
    "id" : 298117,
    "title" : "Das ist mein Wien",
    "overview" : "",
    "genres" : [ ]
  }, {
    "id" : 298127,
    "title" : "Blinder",
    "overview" : "The 16mm image of domestic blinds also forms the optical soundtrack, making the contained domestic environment dazzle.",
    "genres" : [ ]
  }, {
    "id" : 298132,
    "title" : "The Unreliable Narrator",
    "overview" : "In Mumbai, terrorists play into the hands of Bollywood filmmakers rushing to register epic film titles. As narrators continue to hijack rhetoric of cultural and political discourse to rupture, an absurd ventriloquist act is exposed.",
    "genres" : [ ]
  }, {
    "id" : 298137,
    "title" : "Pyramid",
    "overview" : "Pyramid is a single screen work on Abraham Maslow's theory on the hierarchy of human needs filmed through the rhythms and choreography of middle class South England. Filmed in color and b&amp;w on 16mm film, it continues Salmon's interest in the performance of the artist/cinematographer within both spontaneous and constructed situations and incorporates methods developed by various movements within documentary and avant-garde history. Using an array of sounds, music and conversation as well as silence, Salmon constructs an abstract documentary which both develops and challenges the themes presented in Maslow's theory as well as her own interest in human iconography, stereotype and domestic rhythm. The image of Maslow's pyramid and his pragmatic dissection of human needs and possible motivations provide a system of organization for the family and a philosophical framework for the video.",
    "genres" : [ ]
  }, {
    "id" : 298142,
    "title" : "Sound That",
    "overview" : "Employees of the Cleveland Water Department on the hunt for leaks in the infrastructure in Cuyahoga County.",
    "genres" : [ ]
  }, {
    "id" : 298147,
    "title" : "Venusville",
    "overview" : "No montage, no human subjects, minimal visual content, and the artists basically pissing on the fourth wall by calling attention in every way possible to the artifice of what they’re doing.",
    "genres" : [ ]
  }, {
    "id" : 298152,
    "title" : "Tomorrow Is Always Too Long",
    "overview" : "Commissioned by The Common Guild as part of the Commonwealth 2014 celebrations, Phil Collins's film is both a modern day city symphony and a love letter to Glasgow. Through musical numbers, animation and a uniquely Glaswegian cable TV station, the film conjures up a distinctive vision of a city. Collins met people in maternity hospitals, schools, community groups and social clubs for the elderly, asking them to sing songs, make predictions for the future, debate the status of freedom in today’s society, guide us through the city’s most famous prison and dance like there’s no tomorrow. With animation by Matthew Robins, stellar songs from Welsh singer-songwriter Cate Le Bon, soundtrack contributions from Mogwai’s Barry Burns, local voodoo ravers Golden Teacher and the Royal Scottish National Orchestra, Tomorrow Is Always Too Long will take you on a trip deep into the heart of the city and beyond.",
    "genres" : [ ]
  }, {
    "id" : 298157,
    "title" : "Tamanchey",
    "overview" : "An aggressive, passionate acidic love story between two criminals whilst on the run from the law.",
    "genres" : [ ]
  }, {
    "id" : 298167,
    "title" : "The Magical World of Winnie The Pooh: Little Things Mean a Lot",
    "overview" : "Four charming animated tales from Winnie the Pooh and his friends, helping to teach children some valuable lessons about growing up and dealing with friends. Includes the stories: \"The Wishing Bear\", \"Honey for a Bunny\", \"Eeyi, Eeyi, Eeyore\" and \"Monkey See, Monkey Do Better\".",
    "genres" : [ {
      "id" : 16,
      "name" : "Animation"
    }, {
      "id" : 10751,
      "name" : "Family"
    } ]
  }, {
    "id" : 298172,
    "title" : "Swordfights",
    "overview" : "Makis is a professional deflowerer and visits psychiatrist Haralabos Babis to ask for his help about a personal issue. Their conversation though, will soon take unexpected paths.",
    "genres" : [ {
      "id" : 18,
      "name" : "Drama"
    }, {
      "id" : 28,
      "name" : "Action"
    }, {
      "id" : 35,
      "name" : "Comedy"
    }, {
      "id" : 14,
      "name" : "Fantasy"
    } ]
  }, {
    "id" : 298177,
    "title" : "Lively",
    "overview" : "While looking after a precocious young boy, Amy discovers a vicious serial killer named Daniel Lively has escaped from a nearby prison.",
    "genres" : [ {
      "id" : 27,
      "name" : "Horror"
    } ]
  }, {
    "id" : 298182,
    "title" : "Black Fly",
    "overview" : "Jake (Dakota Daulby, Falling Skies) and Noel (Matthew MacCaull, Vendetta) are estranged brothers haunted by a troubled past. In the years since their father died in a hunting accident and their mother committed suicide, they’ve lost touch with one another. After escaping from his abusive uncle, Jake seeks refuge with Noel who now lives with his girlfriend Paula (Christie Burke, Falling Skies) in the old family farmhouse. Located on an isolated island, it’s the perfect place to find solace and reconnect after years of separation. Or so Jake thinks…",
    "genres" : [ {
      "id" : 53,
      "name" : "Thriller"
    } ]
  }, {
    "id" : 298192,
    "title" : "All God's Creatures",
    "overview" : "Brothers Asher and Charlie are very different – Asher likes fishing and swearing, Charlie likes tea parties and crafts. In the summer of 1987 – the first since their father walked out of their lives – their relationship undergoes a test of almost mythic proportions when Asher’s confusion and anger boils over into a mindless act of cruelty.",
    "genres" : [ {
      "id" : 18,
      "name" : "Drama"
    }, {
      "id" : 35,
      "name" : "Comedy"
    } ]
  }, {
    "id" : 298197,
    "title" : "The Six Devil Women",
    "overview" : "Shenzhen, with its booming economy and new found riches, has attracted thousands of young women from the countryside. They all come with the hopes of a better life for themselves and their families. The six women portrayed in this film are classic cases of the thousands of women who, for various different reasons, have chosen the path of no return.",
    "genres" : [ {
      "id" : 80,
      "name" : "Crime"
    } ]
  }, {
    "id" : 298202,
    "title" : "Yan jiang gou hun",
    "overview" : "",
    "genres" : [ ]
  }, {
    "id" : 298207,
    "title" : "Der kleine Nazi",
    "overview" : "",
    "genres" : [ ]
  }, {
    "id" : 298212,
    "title" : "Swingers",
    "overview" : "The gorgeous Riley Steele plays a naughty game on her new roommates. By acting like she and her sexy stud are hot for swinging with other horny couples, she convinces the beautiful ladies that live with her, Jesse Jane and Kayden Kross, to screw each other's hung boyfriends, Marcus London and Manuel Ferrara, for a night of wild sex. The party begins as curious minds meet perverted intentions and teasing turns into deep sucking and hard banging. Lusty temptation rocks Riley's house when fucking erupts in every room.",
    "genres" : [ {
      "id" : 10749,
      "name" : "Romance"
    } ]
  }, {
    "id" : 298217,
    "title" : "The Witness",
    "overview" : "The witness walks through the corridors of a courthouse, a floating camera following her. In a pale flashback, she is sternly interrogated by two policemen. In her flashbacks during the examination, we see the events, which seem realistic, but repeatedly turn out to be as changeable and unreliable as the human memory. At a great pace, the three narrative threads take turns, while the witness grows more and more anxious.",
    "genres" : [ ]
  }, {
    "id" : 298222,
    "title" : "Ching laan chi chai",
    "overview" : "",
    "genres" : [ ]
  }, {
    "id" : 298227,
    "title" : "Schuldig auf Verdacht",
    "overview" : "",
    "genres" : [ {
      "id" : 18,
      "name" : "Drama"
    } ]
  }, {
    "id" : 298242,
    "title" : "Platonic",
    "overview" : "In Dani Leventhal’s Platonic, geometric specters twirl in space; pet cats foam at the mouth; a little boy mistakes his junkie dad for a superhero; and a confused adolescent worries he has sired a centaur.",
    "genres" : [ ]
  }, {
    "id" : 298247,
    "title" : "The Legacy of Avril Kyte",
    "overview" : "A very personal apocalyptic tale. Directed by David Sauers",
    "genres" : [ {
      "id" : 53,
      "name" : "Thriller"
    }, {
      "id" : 28,
      "name" : "Action"
    }, {
      "id" : 18,
      "name" : "Drama"
    } ]
  }, {
    "id" : 298252,
    "title" : "Shades of Kink, Vol 2",
    "overview" : "A young man is attracted to a seemingly innocent, sweet young woman, but when he discovers that she moonlights as an infamous dominatrix by night, his normal, safe, every-day sexual relationship is turned on end, leading him to make some serious adjustments in his own erotic proclivities. Starring Penny Pax as the multifaceted young Dom, with Logan Pierce, Dana DeArmond, Lily Labeau, Adrianna Luna, Steven St. Croix, and James Deen.",
    "genres" : [ ]
  }, {
    "id" : 298257,
    "title" : "The Trial",
    "overview" : "A mentally-challenged guy was put into trial after allegedly raping his teacher. And as Amanda, Julian, and Ronald try to mount a convincing defense, they discover soon that they're all connected in more ways than just the case.",
    "genres" : [ {
      "id" : 10749,
      "name" : "Romance"
    }, {
      "id" : 80,
      "name" : "Crime"
    }, {
      "id" : 18,
      "name" : "Drama"
    } ]
  }, {
    "id" : 298267,
    "title" : "Virtus",
    "overview" : "A documentary centered around the infamous Steubenville rape case detailing how Anonymous and the group Sisters Of Jane rose up to find justice in this small Ohio town.",
    "genres" : [ ]
  }, {
    "id" : 298282,
    "title" : "People in the Net",
    "overview" : "Espionage thriller about a married couple caught in the middle of dueling spy organisations.",
    "genres" : [ {
      "id" : 18,
      "name" : "Drama"
    }, {
      "id" : 80,
      "name" : "Crime"
    } ]
  }, {
    "id" : 298287,
    "title" : "El Gran Makakikus",
    "overview" : "Uncultured nouveau- riche wants to be received in high society. Loose adaptation of Moliere.",
    "genres" : [ {
      "id" : 18,
      "name" : "Drama"
    }, {
      "id" : 35,
      "name" : "Comedy"
    } ]
  }, {
    "id" : 298292,
    "title" : "La madrina del diablo",
    "overview" : "Set in the 1820s; an unhappy love affair and some family problems drive a young gentleman to banditry.",
    "genres" : [ ]
  }, {
    "id" : 298297,
    "title" : "Blue Ecstasy",
    "overview" : "BLUE ECSTASY is an unusual film that explores with candor the sexual conflict acted out by dual personalities inhabiting the single body of a young woman. Veronica has an unusual companion - Ronnie who is the exact opposite of Veronica. Her friend Niki is a fun loving person and cannot at all understand Veronica's prudishness. At Niki's suggestion, she and Veronica go shopping for some new, sexy clothes for Veronica's changing personality - which becomes the catalyst for a film revealing many layers of sexual denial and redemption.",
    "genres" : [ ]
  }, {
    "id" : 298302,
    "title" : "Lust of the Vampire Girls",
    "overview" : "A man loses his girlfriend after a mysterious event. As he begins to try to find her he realizes that there are sinister things going on in his town. Eventually he is forced to fight a legion of vampire girls led by a crazy Nazi doctor.",
    "genres" : [ ]
  }, {
    "id" : 298307,
    "title" : "Dot 2 Dot",
    "overview" : "A girl from Northern China, who comes to Hong Kong for teaching Putonghua, starts exploring the surrounding and history of her new city when she determines to find out the boy behind the mysterious dot to dot graffiti outside every subway station.",
    "genres" : [ {
      "id" : 18,
      "name" : "Drama"
    } ]
  }, {
    "id" : 298312,
    "title" : "The Visit",
    "overview" : "The terrifying story of a brother and sister who are sent to their grandparents' remote Pennsylvania farm for a weeklong trip. Once the children discover that the elderly couple is involved in something deeply disturbing, they see their chances of getting back home are growing smaller every day.",
    "genres" : [ {
      "id" : 27,
      "name" : "Horror"
    }, {
      "id" : 53,
      "name" : "Thriller"
    } ]
  }, {
    "id" : 298317,
    "title" : "My Boyfriends' Dogs",
    "overview" : "The owners of a small diner are surprised one rainy evening when, just after close, a young woman wearing a wedding dress with three dogs in tow begs to come into their restaurant. What follows is the young woman's retelling of how she arrived at this curious junction in her life and how, through the search for the right man, she ended up as a runaway bride with three new dogs.",
    "genres" : [ {
      "id" : 35,
      "name" : "Comedy"
    }, {
      "id" : 10749,
      "name" : "Romance"
    }, {
      "id" : 10770,
      "name" : "TV Movie"
    } ]
  }, {
    "id" : 298322,
    "title" : "Sheman: Mistress of the Universe",
    "overview" : "a film by Tony Y. Reyes.",
    "genres" : [ {
      "id" : 28,
      "name" : "Action"
    }, {
      "id" : 12,
      "name" : "Adventure"
    }, {
      "id" : 35,
      "name" : "Comedy"
    }, {
      "id" : 14,
      "name" : "Fantasy"
    } ]
  }, {
    "id" : 298327,
    "title" : "Public Deb No. 1",
    "overview" : "When a waiter gives a society girl a public spanking for attending a Communist rally, her soup-tycoon uncle makes the waiter a vice-president of his company.",
    "genres" : [ {
      "id" : 35,
      "name" : "Comedy"
    } ]
  }, {
    "id" : 298332,
    "title" : "マイ ライフ アズ",
    "overview" : "",
    "genres" : [ ]
  }, {
    "id" : 298337,
    "title" : "Funeral Chants from the Georgian Caucasus",
    "overview" : "A short film set in the mountainous province of Svaneti, documents the performance of polyphonic men’s funerary laments common to the region.",
    "genres" : [ {
      "id" : 99,
      "name" : "Documentary"
    } ]
  }, {
    "id" : 298342,
    "title" : "少女小悪魔系",
    "overview" : "",
    "genres" : [ {
      "id" : 16,
      "name" : "Animation"
    } ]
  }, {
    "id" : 298347,
    "title" : "Monkey Boy",
    "overview" : "Re-titled for American release, Monkey Boy is actually an edited version of Lawrence Clark's British production Chimera, about a half-human, half-ape creature who plots a murderous plan of escape from the genetics lab that gave him life.",
    "genres" : [ {
      "id" : 27,
      "name" : "Horror"
    } ]
  }, {
    "id" : 298352,
    "title" : "Besourinha",
    "overview" : "",
    "genres" : [ ]
  }, {
    "id" : 298357,
    "title" : "The World of Hammer: Lands Before Time",
    "overview" : "Hammer Films remain on record as the most consistently successful and influential British film company in history.  And while Hammer may be best-known for their notorious series of gory Dracula movies, bloody Frankenstein adventures and chilling, satanic epics, few films had a greater impact on the '60's than the unforgettable genre known as \"Hammer Glamours.\"  The \"Hammer Glamour\" epics delivered their own singular vision of history -- and especially pre-history -- with liberal doses of both flesh and fantasy.  With special effects as eye-popping as the actresses, these films created puberty's essential bridge between the thrill of cool monsters and the sensation of gorgeous women.  If you're a student of anthropology, this is a world you may not recognize.  But if you're looking for a twisted vision of the past that only Hammer can provide, you've come to the right place.  The Hammer Glamour legacy lives, and indeed the world has never been the same.",
    "genres" : [ {
      "id" : 10770,
      "name" : "TV Movie"
    }, {
      "id" : 27,
      "name" : "Horror"
    }, {
      "id" : 99,
      "name" : "Documentary"
    }, {
      "id" : 878,
      "name" : "Science Fiction"
    } ]
  }, {
    "id" : 298362,
    "title" : "Card Shark",
    "overview" : "British magician and card shark to the world’s elite, Drummond Money-Coutts, embarks on an international journey, going from London to Paris with a final destination of Bangkok.  In this one-off special, DMC explores the thrilling and high stakes world of card tricks.  Through breath-taking stunts and street demonstrations, Drummond reveals the secrets behind advanced card play, card cheating and the dark art of card magic.  This show ends with his most dangerous trick to date!",
    "genres" : [ {
      "id" : 99,
      "name" : "Documentary"
    } ]
  }, {
    "id" : 298367,
    "title" : "Flesh Computer",
    "overview" : "When his cybernetic pet project is put in jeopardy, the handyman of a decaying apartment building is forced to take a stand, blurring the lines between human and machine.",
    "genres" : [ ]
  }, {
    "id" : 298372,
    "title" : "Ben - Nichts ist wie es scheint",
    "overview" : "",
    "genres" : [ {
      "id" : 53,
      "name" : "Thriller"
    } ]
  }, {
    "id" : 298382,
    "title" : "The Dressmaker",
    "overview" : "In 1950s Australia, beautiful, talented dressmaker Tilly returns to her tiny hometown to right wrongs from her past. As she tries to reconcile with her mother, she starts to fall in love while transforming the fashion of the town.",
    "genres" : [ {
      "id" : 18,
      "name" : "Drama"
    } ]
  }, {
    "id" : 298387,
    "title" : "Later... with Jools Holland Louder",
    "overview" : "Later... Louder is combination of the most rock &amp; roll moments from Jools Holland's late night BBC2 show, which offers the only slot currently on terrestrial TV for New and experimental music. Due to this, Later... Louder offers the cream of the indie and rock crop over the last 10 years. Beginning with Dave Grohl in fine form with the Foo Fighters, we then switch to his mates Queens of the Stone Age belting out \"No One Knows\". More spot-the-connection fun follows, as the Screaming Trees' 1996 performance of \"All I Know\" sees a young Josh Homme on lead guitar. These connections run pretty much all the way through the disc, which adds an interesting slant on how to create a DVD track listing.\r With stand-out performances from the White Stripes, PJ Harvey and the Soundtrack of our Lives, Later... Louder also features the interviews from the original shows with such wide ranging talents as New Order and Courtney Love. This is a must for all those who are in need of a varied rock diet.",
    "genres" : [ {
      "id" : 10402,
      "name" : "Music"
    } ]
  }, {
    "id" : 298392,
    "title" : "No More Lonely Nights",
    "overview" : "A degenerated melodrama, that claws away at the high gloss of Hollywood’s classic movies to expose the raw emotional, political and aesthetic tensions that are at the heart of cinema.",
    "genres" : [ ]
  }, {
    "id" : 298397,
    "title" : "Midnight Shout",
    "overview" : "About an investigation into possible murder of a battered wife whose husband is well known.",
    "genres" : [ ]
  }, {
    "id" : 298402,
    "title" : "Bacao",
    "overview" : "Bacao is about the torment of a young wife, Mayet, struggling to become pregnant. As their village is in the midst of a corn bountiful harvest, their sensual partnership also flourishes, though it is paradoxically fruitless. Mayet’s anxiety and paranoia grows as pregnancy evades her. To what extent will Mayet go to fulfill her desire of having a child?",
    "genres" : [ ]
  }, {
    "id" : 298407,
    "title" : "S.O.S. Iceberg",
    "overview" : "A expedition goes in search of a party lost the year before.",
    "genres" : [ {
      "id" : 12,
      "name" : "Adventure"
    } ]
  }, {
    "id" : 298412,
    "title" : "Hotel Paradise",
    "overview" : "A bride-to-be wakes up one morning next to a man chained to the bed, but cannot remember what happened the night before.",
    "genres" : [ ]
  }, {
    "id" : 298417,
    "title" : "Wash It Up",
    "overview" : "Three women seeking fame and fortune as singers in a band called Har-mo-ny toil in a car wash until they get their big break. Chris, the leader of the group, must manage both her career and her love life. The girls interact with a motley crew of co-workers and customers, but soon my get their chance to leave the car wash behind when a DJ offers them the possibility to go on tour.",
    "genres" : [ ]
  }, {
    "id" : 298422,
    "title" : "Delusions of Guinevere",
    "overview" : "Former child star, Guinevere James, is 29, overweight and washed up. She spends night after lonely night on social media sites like Facebook, in a vain attempt to make her life bigger than it seems. She also spends time “FaceStalking” her former co-star, Cadence Stone, who has blossomed into a modelesque A-lister at the top of the game. When Guinevere receives an invitation to a 20th-anniversary special for her signature Gelee commercials, she heads to the event ready for her big comeback only to have her hopes dashed when no one shows up.",
    "genres" : [ ]
  }, {
    "id" : 298427,
    "title" : "In the Old Rhythms",
    "overview" : "A funny comedy about a singing detective.",
    "genres" : [ {
      "id" : 9648,
      "name" : "Mystery"
    }, {
      "id" : 35,
      "name" : "Comedy"
    } ]
  }, {
    "id" : 298432,
    "title" : "Freeway: Crack in the System",
    "overview" : "FREEWAY: CRACK IN THE SYSTEM tells the story of broken dreams, drug dealers, dirty cops, and government complicity—more compelling than fiction, it’s the real story behind America’s longest war. This documentary by award-winning filmmaker Marc Levin (SLAM, Mr. Untouchable, Brick City) exposes how the infiltration of crack cocaine destroyed inner-city neighborhoods across the country. At the center of it all is the rise, fall and redemption of Freeway Rick Ross, a street hustler who became the King of Crack, and journalist Gary Webb, who broke the story of the CIA’s complicity in the drug war. Featuring exclusive interviews with Freeway Rick Ross, not to be confused with the rapper who took his name Pulitzer Prize winning journalist Gary Webb, his source Coral Baca, and wife Susan Webb former Los Angeles Deputy Sheriff Roberto Juarez drug trafficker Julio Zavala and many more.",
    "genres" : [ {
      "id" : 99,
      "name" : "Documentary"
    } ]
  }, {
    "id" : 298437,
    "title" : "Atlantis",
    "overview" : "A documentary portrait of Utopia, loosely framed by Plato’s invocation of the lost continent of Atlantis in 360 BC and its re-resurrection via a 1970s science fiction pulp novel.",
    "genres" : [ {
      "id" : 99,
      "name" : "Documentary"
    } ]
  }, {
    "id" : 298442,
    "title" : "Growing Cities",
    "overview" : "From rooftop farmers to backyard beekeepers, Americans are growing food like never before. Growing Cities goes coast to coast to tell the inspiring stories of intrepid urban farmers who are challenging the way this country feeds itself.",
    "genres" : [ {
      "id" : 99,
      "name" : "Documentary"
    } ]
  }, {
    "id" : 298447,
    "title" : "Double Crossed",
    "overview" : "\"Double Crossed\" takes viewers on a action packed thrill ride when 2 female assassins have 24 hours to track down $3,000,000 and kill their own boss in order to pay off his gambling debts, then save the life of a third partner being held hostage by a ruthless mob boss.",
    "genres" : [ ]
  }, {
    "id" : 298452,
    "title" : "First World",
    "overview" : "Alien life was discovered during the Apollo 11 moon mission and was covered up.  Now that information is about to be revealed once China sends their own crew to the moon.",
    "genres" : [ ]
  }, {
    "id" : 298457,
    "title" : "Milionari",
    "overview" : "The rise and fall of a Neapolitan crime syndicate through the story of a local boss, split between the aspiration for a middle-class life with his family and the deep impulses of the \"malavita\".",
    "genres" : [ ]
  }, {
    "id" : 298462,
    "title" : "The Wisdom to Know the Difference",
    "overview" : "Based in part on actual events, THE WISDOM TO KNOW THE DIFFERENCE is a story about a man’s journey to bring his sobriety full circle. ‘Bob’ (DANIEL BALDWIN) a former addict and convict, is asked by an old friend (LOU DIAMOND PHILLIPS), to help a young woman (MAYRA LEAL) kick a serious drug problem. Despite pressure from a family member (WILLIAM BALDWIN) to stay on the straight and narrow, ‘Bob’ puts his own life at risk and faces tremendous dangers in order to help her.’",
    "genres" : [ ]
  }, {
    "id" : 298467,
    "title" : "You Can Succeed, Too",
    "overview" : "A group of friends try to find success in corporate Japan.",
    "genres" : [ {
      "id" : 10402,
      "name" : "Music"
    }, {
      "id" : 35,
      "name" : "Comedy"
    } ]
  }, {
    "id" : 298472,
    "title" : "Blind Faith",
    "overview" : "A detective and a psychologist, each with their own personal issues, try and crack a case involving a serial killer who has visions of demons.",
    "genres" : [ {
      "id" : 18,
      "name" : "Drama"
    }, {
      "id" : 53,
      "name" : "Thriller"
    }, {
      "id" : 80,
      "name" : "Crime"
    }, {
      "id" : 27,
      "name" : "Horror"
    } ]
  }, {
    "id" : 298477,
    "title" : "Reconciled",
    "overview" : "A story about the desperation of a man leading a monotonous life. Interacting with people turns out to be impossible, and his routine has alienated his loved ones, among them, his 11-year-old son.",
    "genres" : [ ]
  }, {
    "id" : 298482,
    "title" : "Andy Timmons Band - Live Resolution",
    "overview" : "The night it was debuted, the Andy Timmons Band gave a one time only, live performance of the entire Resolution CD in front of a hometown crowd. Professionally recorded at the Granada Theatre in Dallas, Texas, this DVD is a great sounding, close up look at the ATB in a perfect live setting. Includes several bonus features.",
    "genres" : [ {
      "id" : 10402,
      "name" : "Music"
    } ]
  }, {
    "id" : 298487,
    "title" : "Last Breath",
    "overview" : "Thee girls driving through a wooded area soon find themselves fighting for their lives after running into something on the road.",
    "genres" : [ {
      "id" : 53,
      "name" : "Thriller"
    }, {
      "id" : 27,
      "name" : "Horror"
    } ]
  }, {
    "id" : 298492,
    "title" : "50 Hairy Cream Pies 2",
    "overview" : "",
    "genres" : [ ]
  }, {
    "id" : 298502,
    "title" : "Juan Charrasqueado y Gabino Barrera",
    "overview" : "Revolution-era Mexico: two well-known bandits hook up, then join forces with an outlaw woman.",
    "genres" : [ ]
  }, {
    "id" : 298507,
    "title" : "Oberarzt Dr. Solm",
    "overview" : "",
    "genres" : [ {
      "id" : 18,
      "name" : "Drama"
    } ]
  }, {
    "id" : 298512,
    "title" : "Das Geheimnis von Lismore Castle",
    "overview" : "",
    "genres" : [ {
      "id" : 80,
      "name" : "Crime"
    } ]
  }, {
    "id" : 298517,
    "title" : "Ein Mord auf dem Konto",
    "overview" : "",
    "genres" : [ {
      "id" : 18,
      "name" : "Drama"
    } ]
  }, {
    "id" : 298522,
    "title" : "Wyatt Cenac: Brooklyn",
    "overview" : "Standup special recorded at Union Hall in Brooklyn.",
    "genres" : [ {
      "id" : 35,
      "name" : "Comedy"
    } ]
  }, {
    "id" : 298527,
    "title" : "Siouxsie and the Banshees: Live at Rockpalast",
    "overview" : "Siouxsie and the Banshees perfroming at the Rockpalast, Cologne as part of their 1981 'Juju' tour.  Siouxsie Sioux: Voice and guitar\r John McGeoch: Guitar\r Steven Severin: Bass guitar\r Budge: Drums, percussion",
    "genres" : [ ]
  }, {
    "id" : 298532,
    "title" : "The Revolution",
    "overview" : "Plan B (1997). The fourth and final installment of the Plan B fourology, The Revolution gives a timely nod to the fundamental changes the team's diverse video productions- Questionable (1992), Virtual Reality (1993), Second Hand Smoke (1994)- made in the direction of modern skateboarding. While stomping a broad and progressive path into the sport's future, each and every incarnation of the Plan B team typified real to real skateboarding, period. Over three years in the making , and well worth the wait Revolution is far the most modern of the company's video offerings in both form and content, but by no means follows the standard format of the day, choosing instead to lead the world of skateboarding to the bitter end. In order of appearance: Pat Channita, Matt Hensley, Jeremy Wray, Rick McCrank, Brian Emmers, Pat Duffy, Colin McKay, and Danny Way.",
    "genres" : [ ]
  }, {
    "id" : 298537,
    "title" : "Children of 9/11: Revealed",
    "overview" : "In this special film commemorating the 10th anniversary of the 9/11 terrorist attacks, children who lost a parent speak for the first time as adults. All of them experienced the same tragedy; each has responded in a remarkably different way. The film features four families who, between them, lost three fathers and a mother.",
    "genres" : [ ]
  }, {
    "id" : 298542,
    "title" : "Jean Reno: The Road to 'Léon'",
    "overview" : "Jean Reno discusses his career and his role in the film Léon: The Professional (1994).",
    "genres" : [ {
      "id" : 99,
      "name" : "Documentary"
    } ]
  }, {
    "id" : 298547,
    "title" : "Exorcism",
    "overview" : "In the city of angels - Los Angeles - no one is immune from the lurking spirits, neither good nor evil. As the end of time rapidly approaches, both forces have much work to do. Both sides contend for the same souls, but which force will prevail?",
    "genres" : [ {
      "id" : 27,
      "name" : "Horror"
    } ]
  }, {
    "id" : 298552,
    "title" : "Aas Paas",
    "overview" : "Arun meets Seema by accident and both are attracted to each other. But Seema has a questionable background, which do create doubts in the minds of Arun and his mother. Arun is then involved in an accident, and everyone believes he is dead. Seema is devastated, and takes to alcohol, singing and dancing in a bar, and is raped by a man. Then Arun returns, and Seema is overjoyed to see him, but is hesitant to tell him about what had occurred. Arun takes Seema to his home, and introduces them to his family, namely his mom, his sister, Priti, and his brother-in-law, Prem. Seema is stunned and shocked when she sees Prem, for she recognizes him as the man who had raped her. Now Seema must decide to keep this terrible secret to herself and get married to Arun, or simply disappear from his life altogether.",
    "genres" : [ ]
  }, {
    "id" : 298557,
    "title" : "Aurat",
    "overview" : "Drama from director B.R. Ishara.",
    "genres" : [ ]
  }, {
    "id" : 298562,
    "title" : "Ich war Jack Mortimer",
    "overview" : "The jealous star conductor Montemayor knows that his beautiful younger wife, Winifred, is cheating on him with an American named Jack Mortimer. After the concert rehearsal, he takes a taxi to the train station, sees Mortimer and shoots him at an intersection from the backseat of his taxi. The shot is not heard during the traffic noise. The taxi driver, Sponer, sitting in his car with the now-dead Mortimer, goes into a panic.",
    "genres" : [ {
      "id" : 18,
      "name" : "Drama"
    } ]
  }, {
    "id" : 298567,
    "title" : "Live for the Moment",
    "overview" : "Buzz Aldrin -  Survivor's Jeff Probst hosts this special where a man with Lou Gehrig's disease is given the opportunity to take part in a variety of inspirational adventures. -  Buzz Aldrin, Roger Childs, Jeff Probst",
    "genres" : [ ]
  }, {
    "id" : 298572,
    "title" : "Ibong Adarna: The Pinoy Adventure",
    "overview" : "A young man sets out on a dangerous quest for a magical bird with the power to heal any ailment.",
    "genres" : [ ]
  }, {
    "id" : 298577,
    "title" : "Full Moon",
    "overview" : "A young girl has her first brush with romance. Unluckily for her, her paramour bears a dark, monstrous secret that will soon prove to be a challenge for their young love.",
    "genres" : [ {
      "id" : 27,
      "name" : "Horror"
    } ]
  }, {
    "id" : 298582,
    "title" : "Full Out",
    "overview" : "Based on the true life story of California gymnast Ariana Berlin. As she zoned in on her Olympic goals, 14 year old Ariana Berlin's life took a sharp turn when she was involved in a debilitating car accident. Gaining her confidence and movement back through learning hip hop dance, she unexpectedly found herself called back to the gymnastics world thanks to world renowned UCLA Coach Valorie Kondos Field. With Val's help, Ariana was eventually able to secure a spot on the UCLA gymnastics team and win an NCAA championship, a lifelong goal that she had always dreamed of. This is a wonderfully inspiring story of persistence, confidence, and the heart and courage to make a somewhat impossible comeback in life.",
    "genres" : [ {
      "id" : 36,
      "name" : "History"
    }, {
      "id" : 18,
      "name" : "Drama"
    }, {
      "id" : 10751,
      "name" : "Family"
    } ]
  }, {
    "id" : 298587,
    "title" : "Krigens Ofre",
    "overview" : "A Danish short about the tragedies of war.",
    "genres" : [ ]
  }, {
    "id" : 298597,
    "title" : "La Revanche de Baccarat",
    "overview" : "",
    "genres" : [ ]
  }, {
    "id" : 298602,
    "title" : "Wild Geese Calling",
    "overview" : "In the 1890s lumberjack John leaves Seattle for Alaska to look for gold. After he marries dancehall girl Sally, he finds she used to be in love with his best friend Blackie.",
    "genres" : [ {
      "id" : 18,
      "name" : "Drama"
    } ]
  } ]
}