{
  "movies" : [ {
    "id" : 88442,
    "title" : "Blood Is Dry",
    "overview" : "Yoshida's second film, Blood Is Dry (1961), is the story of an employee in an assurance company who threatens to commit suicide when management announces a massive layoff, and recounts how the company uses this threat to its own advantage by turning it into an advertising campaign. The character then crosses the city and comes face to face with his own image at every street corner, as in a hall of mirrors. With the success of the campaign, however, he is no longer a desperate man pointing a gun to his head, but a potential leader who wishes to take advantage of his failed suicide – unless he is simply an image of the People, manufactured by management to further their own cause.",
    "genres" : [ ]
  }, {
    "id" : 88452,
    "title" : "Pappu Can't Dance Saala",
    "overview" : "One time bickering neighbors are forced to share the same apartment. The cultural clash between traditional-orthodox-India and modern-urban-India. The collision of two cultures creates havoc in the beginning but finds a peaceful co-existence, at the end. An orthodox boy from the holy city of Banaras, is forced to stay with a chorus dancer in Bombay... The film does the journey of these two opposite personalities and how, after the initial phase of rejection, they find each others place in their respective lives.",
    "genres" : [ {
      "id" : 35,
      "name" : "Comedy"
    }, {
      "id" : 18,
      "name" : "Drama"
    }, {
      "id" : 10749,
      "name" : "Romance"
    } ]
  }, {
    "id" : 88467,
    "title" : "The Little Chimney Sweep",
    "overview" : "No overview found.",
    "genres" : [ {
      "id" : 16,
      "name" : "Animation"
    }, {
      "id" : 14,
      "name" : "Fantasy"
    } ]
  }, {
    "id" : 88487,
    "title" : "Stony Island",
    "overview" : "\"Stony Island gives you a priceless look back at Chicago’s South Side neighborhood, at a time when very few films were made in within the city at all — and features a legion of legendary Chicago players (Gene Barge, Phil Upchurch, Larry Ball, Richie Davis, Tennyson Stephens, Ronnie Barron, and a young Susanna Hoffs) alongside Dennis Franz (“NYPD Blue”) and Rae Dawn Chong. Telling the story of a group of multiracial R&B performers, and how they’re affected by the death of a veteran musician from their circle, Stony Island is an incredible time capsule, and provides a sweetly funky soundtrack to boot!\" -- The Cinefamily",
    "genres" : [ {
      "id" : 10402,
      "name" : "Music"
    }, {
      "id" : 18,
      "name" : "Drama"
    } ]
  }, {
    "id" : 88492,
    "title" : "Save Angel Hope",
    "overview" : "The 'Angel Hope' of the title is a fictitious nun - a little like Mother Teresa, only much younger and prettier - who works at a fictitious hospital in the South Pacific. The third fictional element is a hurricane which destroys the hospital, triggering a charity campaign to rebuild it. Needless to say, there are no more plans to build a new hospital than there was a hospital in the first place. And equally needless to say, things begin to go wrong right from the start, with love and religion getting in the way of good honest greed.",
    "genres" : [ {
      "id" : 35,
      "name" : "Comedy"
    } ]
  }, {
    "id" : 88497,
    "title" : "La trilogie marseillaise: Fanny",
    "overview" : "",
    "genres" : [ ]
  }, {
    "id" : 88502,
    "title" : "The Ultimate Event",
    "overview" : "Over 30 songs including:Detroit/With A Song In My Heart/The Candy Man/What Kind Of Fool Am I/Bad/Music Of The Night/All That Jazz/Sailor Boy/Ring Them Bells/Mon Amour/Caberet/Where Or When/For Once In My Life/Mack The Knife/One More For My Baby/My Way/Style/Talk To The Animals/Money Money/I've Got You (Under My Skin)/I've Gotta Be Me/Birth Of The Blues/The Lady Is A Tramp/And The World Goes Round/That's Where We belong (New York)/New York,New York",
    "genres" : [ {
      "id" : 10402,
      "name" : "Music"
    } ]
  }, {
    "id" : 88512,
    "title" : "Ski For Two",
    "overview" : "Planning a vacation, Woody reads in the newspaper about Swiss Chard Lodge which promises lots of good food (which, as Woody says, is his \"favorite dish\"). He heads over to said lodge but, upon arriving, is told by owner Wally Walrus that he must make reservations ahead of time... which he has not. Wally throws the pest out but Woody is able to re-enter the premises disguised as none other than Santa Claus. He robs Wally of his food but, once alone with his sack, discovers quite a surprise inside.",
    "genres" : [ {
      "id" : 16,
      "name" : "Animation"
    } ]
  }, {
    "id" : 88517,
    "title" : "Secret",
    "overview" : "A traffic accident killed Heisuke (Kaoru Kobayashi)'s wife Naoko (Kayoko Kishimoto), while his highschool-student daughter Monami (Ryoko Hirosue) survived. Actually the survived was his wife's soul in his daughter's body... The story tells their twisted love and life.  The picture is very beautiful, delicate, and touching. It keeps me crying during the viewing. It was great for a guy-who-read-the-novel-already that the movie duplicates most of storylines, scenes and quotes from the novel it is based on. The scenes are just as I imagined. Ryoko Hirosue did it great as the daughter/wife-in-daughter double cast.  I recommend you to see it twice at least. On second viewing (after knowing the final twist) you can feel what Naoko felt in the film, and it will make you cry much more than the first viewing.",
    "genres" : [ {
      "id" : 18,
      "name" : "Drama"
    }, {
      "id" : 14,
      "name" : "Fantasy"
    } ]
  }, {
    "id" : 88527,
    "title" : "Cruel Story of Youth",
    "overview" : "A budding gangster enthralls a freeloading young woman, soon taking advantage of her knack for hitch-hiking to rob middle-class, middle-aged men.",
    "genres" : [ {
      "id" : 18,
      "name" : "Drama"
    }, {
      "id" : 10749,
      "name" : "Romance"
    } ]
  }, {
    "id" : 88537,
    "title" : "The Fields",
    "overview" : "Tells the story of a young boy and his family who are terrorized by an unseen presence.",
    "genres" : [ {
      "id" : 18,
      "name" : "Drama"
    }, {
      "id" : 27,
      "name" : "Horror"
    }, {
      "id" : 53,
      "name" : "Thriller"
    }, {
      "id" : 9648,
      "name" : "Mystery"
    } ]
  }, {
    "id" : 88542,
    "title" : "Ka Tev klajas, Rudolf Ming?",
    "overview" : "Rudi has two passions: building traps and making movies. Despite his innocence, there is something impish about him – like a trickster he lures others into his world of covered snares and painted images. As the wild coast of his home village isolates him from commercial entertainment, he invents paper-filmmaking. Rudi meticulously cuts strips of paper, divides them into frames and paints every picture. He has built a small-scale projector and moves the strip by hand in his own unique rhythm, providing score, soundtrack and dialogue live – with an energy bordering on the obsessed.  His favorites are horror movies: “Love stories are not my cup of tea!” he explains to the parish priest, his audience. The priest strives to lead the boy to the path of faith and professionalism: he commissions a feature film to be screened at Sunday mass. And Rudi delivers.",
    "genres" : [ {
      "id" : 99,
      "name" : "Documentary"
    } ]
  }, {
    "id" : 88552,
    "title" : "Duran Duran - Rio",
    "overview" : "This entry in the Classic Albums series examines RIO, the 1982 release that put Duran Duran on the road to stardom. Looking back at the creation and release of the hit singles \"Hungry Like the Wolf,\" \"Save a Prayer,\" and many others, the critical retrospective analyzes the album's overall effect on the musical landscape of the early 1980s. The optimistic and celebratory album generated a string of hit singles and groundbreaking videos, catapulting the band to global stardom. This DVD tells the story behind the writing, recording, and subsequent success of the album through newly filmed interviews, musical demonstrations, and both new and archival performances.",
    "genres" : [ {
      "id" : 10402,
      "name" : "Music"
    }, {
      "id" : 99,
      "name" : "Documentary"
    } ]
  }, {
    "id" : 88557,
    "title" : "Pokémon the Movie White: Victini and Zekrom",
    "overview" : "The Kingdom of the People of the Vale once ruled over the land, but now all that remains is the Sword of the Vale. in the city of Eindoak. Ash, Iris, and Cilan arrive in Eindoak during a harvest festival's Pokémon Tournament and meet the legendary Pokémon Victini who wishes to share its powers of victory to someone. Elsewhere in the city, a descendant of the People of the Vale named Damon has arrived who seeks to revive the kingdom's power with the Sword of the Vale, bringing them back into power over the land, and Ash and his friends must stop him before he destroys the land along with Victini.",
    "genres" : [ {
      "id" : 12,
      "name" : "Adventure"
    }, {
      "id" : 16,
      "name" : "Animation"
    }, {
      "id" : 10751,
      "name" : "Family"
    } ]
  }, {
    "id" : 88562,
    "title" : "Assassination",
    "overview" : "Assassination begins with the events of 1853 when \"four black ships\" anchored at Edo Bay, sparking civil unrest and the major political manoeuvring that saw the end of the Tokugawa Shogunate. At a time when assassination had become a disturbing political tool, Shinoda's film follows Hachiro Kiyokawa (Tetsuro Tamba), an ambitious, masterless samurai whose allegiances drift dangerously between the Shogunate and the Emperor.",
    "genres" : [ {
      "id" : 18,
      "name" : "Drama"
    } ]
  }, {
    "id" : 88567,
    "title" : "Zombie Dearest",
    "overview" : "When failed comic Gus Lawton pushes his wife too far, he finds himself chasing her across the country to the abandoned farmhouse of her childhood. Given the choice between losing Deborah or living by her plan, Gus gets busy fixing up the old place. Starting with the septic tank. In a moment of desperation, he digs up the very thing he needs, a zombie who'll do anything he wants... for now, anyway. As the zombie's own desires threaten their plans, Gus and Deborah come together in a desperate struggle to get what they want, regardless of the cost. Zombie Dearest is a genre-bender that speaks to the \"living dead\" - the hunger and the horror - in all of us. It's a wild ride that's both smartly comic and deeply quirky.",
    "genres" : [ {
      "id" : 27,
      "name" : "Horror"
    }, {
      "id" : 35,
      "name" : "Comedy"
    } ]
  }, {
    "id" : 88592,
    "title" : "Once Upon a Giant",
    "overview" : "Lester and Humphrey are the Royal Jester and Doctor, respectively, in a Kingdom terrorized by a mysterious giant whose presence is known only by his horrible voice and giant shadow. The giant takes the crown jewels which permit the Evil Prince Malokeo to convince the King to let him marry Princess Marigold. Marigold, horrified at the prospect and in love with Prince Daryl, turns to her friends Lester and Humphrey for help.",
    "genres" : [ {
      "id" : 35,
      "name" : "Comedy"
    }, {
      "id" : 14,
      "name" : "Fantasy"
    }, {
      "id" : 10751,
      "name" : "Family"
    } ]
  }, {
    "id" : 88602,
    "title" : "Martin Brundle's Supercars",
    "overview" : "Martin Brundle tests out his top ten super cars on the track and on the road to find out the best car.",
    "genres" : [ {
      "id" : 99,
      "name" : "Documentary"
    } ]
  }, {
    "id" : 88607,
    "title" : "Black Santa's Revenge",
    "overview" : "A down-and-out Santa is robbed of all the toys for all the poor kids in town. He searches for the thugs responsible and serves up his own brand of holiday cheer.",
    "genres" : [ {
      "id" : 28,
      "name" : "Action"
    } ]
  }, {
    "id" : 88612,
    "title" : "Caitlin Plays Herself",
    "overview" : "Caitlin, a young Chicago performance artist, struggles to create work that is both personal and political. A piece she performs about the BP oil spill sends her relationship into a tailspin because her onstage nudity bothers her boyfriend.",
    "genres" : [ {
      "id" : 18,
      "name" : "Drama"
    } ]
  }, {
    "id" : 88622,
    "title" : "Eskapade - Seine offizielle Frau",
    "overview" : "",
    "genres" : [ {
      "id" : 35,
      "name" : "Comedy"
    }, {
      "id" : 10749,
      "name" : "Romance"
    }, {
      "id" : 53,
      "name" : "Thriller"
    } ]
  }, {
    "id" : 88627,
    "title" : "365 Days of Happiness !",
    "overview" : "The film revolves within the framework of romantic comedy, which embodies the personal Ahmed Ezz young man with multiple relationships and refuses to marry until the girl thin marks (Donia Samir Ghanem) occupy his heart.",
    "genres" : [ {
      "id" : 18,
      "name" : "Drama"
    }, {
      "id" : 10749,
      "name" : "Romance"
    }, {
      "id" : 35,
      "name" : "Comedy"
    } ]
  }, {
    "id" : 88642,
    "title" : "The Iron Man",
    "overview" : "",
    "genres" : [ {
      "id" : 28,
      "name" : "Action"
    }, {
      "id" : 35,
      "name" : "Comedy"
    }, {
      "id" : 14,
      "name" : "Fantasy"
    } ]
  }, {
    "id" : 88647,
    "title" : "Bigard at the Stade de France",
    "overview" : "",
    "genres" : [ {
      "id" : 35,
      "name" : "Comedy"
    } ]
  }, {
    "id" : 88662,
    "title" : "Belle da morire",
    "overview" : "Bruno is a cynical but attractive business man, owner of a strip-club. He has to replace his best dancer, Katy, after her suicide. Applicants would do anything to get this job, but only Damy, gorgeous and mysterious girl, catches his attention. What he doesn’t know is that she only has one thing on her mind: revenge.",
    "genres" : [ {
      "id" : 18,
      "name" : "Drama"
    } ]
  }, {
    "id" : 88672,
    "title" : "Death in the Seine",
    "overview" : "Between 1795 and 1801, 306 drowned people were recovered from the Seine river, near Paris. Peter Greenaway propouns a historical approach were 25 significant cases of drownings are catalogued, dissected and elaborated, with multilayered visuals and 'documentary' asides.",
    "genres" : [ {
      "id" : 36,
      "name" : "History"
    }, {
      "id" : 18,
      "name" : "Drama"
    } ]
  }, {
    "id" : 88677,
    "title" : "Francis Goes to West Point",
    "overview" : "Francis the talking mule gets his owner in and out of trouble while he is taking basic training at West Point.",
    "genres" : [ {
      "id" : 12,
      "name" : "Adventure"
    }, {
      "id" : 10749,
      "name" : "Romance"
    }, {
      "id" : 14,
      "name" : "Fantasy"
    }, {
      "id" : 35,
      "name" : "Comedy"
    } ]
  }, {
    "id" : 88682,
    "title" : "Natascha: The Girl in the Cellar",
    "overview" : "This extraordinary interview reveals the ordeal of Nat­­ascha Kampusch, imprisoned in a cellar for eight years by Wolfgang Priklopil.",
    "genres" : [ {
      "id" : 99,
      "name" : "Documentary"
    } ]
  }, {
    "id" : 88692,
    "title" : "Genesis: A Trick of the Tail",
    "overview" : "A Trick of the Tail - CD / SACD / DVD / Dance on a Volcano / Entangled / Squonk / Mad Man Moon / Robbery, Assault and Battery / Ripples... / A Trick of the Tail / Los Endos / Robbery, Assault and Battery (Video) / Ripples  (Video) / A Trick of the Tail Reissues Interview 2007 (Video) / Genesis in Concert 1976 (Video)",
    "genres" : [ {
      "id" : 10402,
      "name" : "Music"
    } ]
  }, {
    "id" : 88697,
    "title" : "O Casamento dos Trapalhões",
    "overview" : "﻿Quatro irmãos, Didi (Renato Aragão), Dedé (Dedé Santana), Mussum (Mussum) e Zacarias (Zacarias), são caipiras que vivem na área rural. Didi vai até uma cidade próxima e, após entrar em uma briga com Expedito, conquista Joana, que o segue até o seu rancho. Eles resolvem se casar, apesar dela não se sentir muito à vontade com a presença dos seus irmãos, que são bem pouco educados. Quando Joana consegue melhorar o jeito deles, Didi diz que recebeu uma carta da irmã perguntando se os filhos dela podem ficar no rancho, pois vão cantar e tocar na festa do rodeio da cidade.",
    "genres" : [ {
      "id" : 35,
      "name" : "Comedy"
    } ]
  }, {
    "id" : 88707,
    "title" : "Mielkes Rache",
    "overview" : "",
    "genres" : [ {
      "id" : 99,
      "name" : "Documentary"
    } ]
  }, {
    "id" : 88722,
    "title" : "Gourmet Club",
    "overview" : "\"Gourmet Club\" follows a doctor who belongs to a small but exclusive gourmet club, in which the five upper-class members take turns providing the main course, wagering as to who can identify a mystery exotic ingredient. Things get interesting when the doctor's gambling problem catches up with him. Desperate, he comes up with the idea to use a truly shocking mystery ingredient to fool his colleagues, but he gets more than he bargained for when the mystery meal has a surprising and powerful effect on the members.",
    "genres" : [ {
      "id" : 35,
      "name" : "Comedy"
    } ]
  }, {
    "id" : 88727,
    "title" : "Bloody Angels",
    "overview" : "A few months after a girl with developmental disabilities is murdered in the remote village Høtten, the two young men who most townsfolk think killed her go missing. A police detective is sent to investigate and finds this very challenging.",
    "genres" : [ {
      "id" : 53,
      "name" : "Thriller"
    }, {
      "id" : 18,
      "name" : "Drama"
    } ]
  }, {
    "id" : 88737,
    "title" : "The Glory Stompers",
    "overview" : "Chino is the tough leader of a motorcycle gang who starts off a war when he abducts and mistreats the leader of the enemy biker gang, Darryl, and his girlfriend Chris. Things get violent when Darryl comes back for revenge.",
    "genres" : [ {
      "id" : 28,
      "name" : "Action"
    }, {
      "id" : 18,
      "name" : "Drama"
    } ]
  }, {
    "id" : 88747,
    "title" : "El Wingador",
    "overview" : "The filmmaker Errol Morris explores the excessive eating habits of a five-time champion of the Philadelphia Wing Bowl.",
    "genres" : [ {
      "id" : 99,
      "name" : "Documentary"
    } ]
  }, {
    "id" : 88752,
    "title" : "When Love Comes",
    "overview" : "Laichun, her father and two mothers, uncle and grandfather are of different generations; thus they all think differently. Father is the family head, and because he believes he must continue on the family name ends up taking two wives. His first wife also feels the same way, and so allows the second wife. Laichun feels the abyss between her and her parents and ends up getting pregnant, but hits a wall when her boyfriend does not take any responsibility. When her father is hospitalized, she begins to understand her father and two mothers. She is finally growing up.",
    "genres" : [ {
      "id" : 18,
      "name" : "Drama"
    }, {
      "id" : 10749,
      "name" : "Romance"
    }, {
      "id" : 10769,
      "name" : "Foreign"
    } ]
  }, {
    "id" : 88762,
    "title" : "The Great Piggy Bank Robbery",
    "overview" : "While reading his favorite comic book, Daffy accidentally knocks himself unconscious and dreams he's Duck Twacy, famous detective, trying to solve the case of the missing piggy banks. Taking a streetcar (conducted by Porky Pig, in a non-speaking cameo role) to the gangsters' hideout, he meets up with such grotesque criminals as Pickle Puss, Eighty-Eight Teeth and Neon Noodle.",
    "genres" : [ {
      "id" : 16,
      "name" : "Animation"
    }, {
      "id" : 35,
      "name" : "Comedy"
    }, {
      "id" : 10751,
      "name" : "Family"
    } ]
  }, {
    "id" : 88792,
    "title" : "Steep & Deep",
    "overview" : "Freedom's just a word for another mountain to ski, and Warren Miller takes you on a whirlwind search for freedom in the high country - the \"Steep &amp; Deep\" - of Canada, Asia, Europe, New Zealand and the good ol' U. S. of A!  You'll see daring adventures as they conquer spectacular terrain - cliff jumpers, helicopter skiers, ice climbers, slalom experts, deep powder pushers, bump skiers and even break-dancers on skis!",
    "genres" : [ ]
  }, {
    "id" : 88797,
    "title" : "Dear Doctor",
    "overview" : "Charming little story about a local town's doctor - but he is hiding a secret.  He will have to come face to face with this truth, despite being great at his job... he will be forced to explain his actions and take responsibility.",
    "genres" : [ {
      "id" : 18,
      "name" : "Drama"
    } ]
  }, {
    "id" : 88812,
    "title" : "The Hucksters",
    "overview" : "A World War II veteran wants to return to advertising on his own terms, but finds it difficult to be successful and maintain his integrity.",
    "genres" : [ {
      "id" : 35,
      "name" : "Comedy"
    }, {
      "id" : 18,
      "name" : "Drama"
    }, {
      "id" : 10749,
      "name" : "Romance"
    } ]
  }, {
    "id" : 88837,
    "title" : "MTV Unplugged: Stevie Ray Vaughan with Joe Satriani",
    "overview" : "\"MTV Unplugged\" devotes an episode to the work of two guitar virtuosos: Stevie Ray Vaughan and Joe Satriani. Satriani showcases his expressive guitar work with renditions of \"The Feeling\" and \"I Believe.\" Vaughan performs memorable versions of \"Rude Mood\" and \"Pride And Joy. Recorded 30 January 1990 at National Video Center - New York City. Set List: 1. Open Your Eyes [Jules Shear/Marty Willson-Piper]; 2. Rude Mood [Vaughan]; 3. Pride and Joy [Vaughan]; 4. The Feeling [Satriani, Mover]; 5. I Believe [Satriani, Mover]; 6. Life Without You [Vaughan]; 7. Testify [Vaughan]; 8. May This Be Love [Shear/Satriani/Mover]",
    "genres" : [ {
      "id" : 99,
      "name" : "Documentary"
    }, {
      "id" : 10402,
      "name" : "Music"
    } ]
  }, {
    "id" : 88842,
    "title" : "Like There's No Tomorrow",
    "overview" : "The 62nd annual film.",
    "genres" : [ {
      "id" : 99,
      "name" : "Documentary"
    } ]
  }, {
    "id" : 88847,
    "title" : "Wintervention",
    "overview" : "The 61st annual ski film from Warren Miller Entertainment.",
    "genres" : [ {
      "id" : 99,
      "name" : "Documentary"
    } ]
  }, {
    "id" : 88852,
    "title" : "Amon Saga",
    "overview" : "Set in a world of fantasy and adventure, Amon is a young warrior embarking on a quest to avenge the death of his mother. When the hunt leads him ultimately to the kingdom of Valhiss, Amon enlists in the ranks of the Emperor's army in order to gain an opportunity to exact his revenge. However, a chance encounter with the Princess Lichia, being held captive by the Emperor in an effort to ransom a map away from his main rival, King Darai-Sem, Amon must decide whether to follow his path of revenge or to help rescue the Princess in an effort to save a lost kingdom.",
    "genres" : [ {
      "id" : 16,
      "name" : "Animation"
    }, {
      "id" : 14,
      "name" : "Fantasy"
    }, {
      "id" : 12,
      "name" : "Adventure"
    } ]
  }, {
    "id" : 88867,
    "title" : "Ra-Ba-Ru",
    "overview" : "Bangkok-based Tara Mishra and Nikhil Singh meet at a wedding ceremony and fall instantly in love with love with each other",
    "genres" : [ ]
  }, {
    "id" : 88872,
    "title" : "Yaara O Dildaara",
    "overview" : "Romantic family film that revolves around love and relationships. Karam Singh Sandhu is the modern patriarch of the Sandhu Group of Companies",
    "genres" : [ {
      "id" : 35,
      "name" : "Comedy"
    }, {
      "id" : 18,
      "name" : "Drama"
    }, {
      "id" : 10751,
      "name" : "Family"
    } ]
  }, {
    "id" : 88877,
    "title" : "Fed Up!",
    "overview" : "",
    "genres" : [ {
      "id" : 18,
      "name" : "Drama"
    } ]
  }, {
    "id" : 88882,
    "title" : "Shadow Skill",
    "overview" : "In a war torn world of deadly conflict, one small group of heroes stand against the forces of darkness, armed only with two weapons - their unswerving dedication to good and the superhuman martial art known as the Shadow Skill... For fourteen-year old Gau, it is time once again for him to return to the graves of his parents, murdered by bandits when he was just ten. In the company of his adoptive sister Ella, Gau quickly comes to realize that his journey is more than a pilgrimage, and that his combat abilities as a student of the Karuda school of martial arts are about to be pushed to the breaking point! Attacked by the demonic Wolfman, left for dead and then forced to fight by Ella and Karuda master Scarface, Gau's dreams of becoming a new generation of warrior are put to the ultimate test - can he face his sister in single combat? Will he be able to match the unearthly abilities of Scarface? And can Gau ever uncover the secrets of the Shadow Skill?",
    "genres" : [ {
      "id" : 28,
      "name" : "Action"
    }, {
      "id" : 12,
      "name" : "Adventure"
    }, {
      "id" : 16,
      "name" : "Animation"
    }, {
      "id" : 14,
      "name" : "Fantasy"
    }, {
      "id" : 878,
      "name" : "Science Fiction"
    } ]
  }, {
    "id" : 88902,
    "title" : "Jeff Dunham: Birth of a Dummy",
    "overview" : "An in-depth profile of the comic who has accomplished a seemingly impossible feat--he's made ventriloquism hip again. So hip, in fact, that for the past two years, Jeff Dunham has been the top-grossing touring comedian in the world with more than a quarter-billion hits on YouTube to his credit. This two-hour special includes rare performance footage, home videos, original interviews with Jeff and those who know him best, as well as sold-out performances featuring Walter, Peanut, Achmed, Jose, and the rest of his cast of characters. And, for the first time ever, behind-the-scenes footage of Jeff creating, building, and performing a brand new character, Achmed Junior.",
    "genres" : [ {
      "id" : 99,
      "name" : "Documentary"
    } ]
  }, {
    "id" : 88907,
    "title" : "Hot Chili",
    "overview" : "A group of American teenage boys goes south of the border to work for the summer at a Mexican resort. There they encounter many wacky guests and have zany adventures involving a German dominatrix, a music teacher that gets hot when giving lessons, a buxom cook, and an uptight socialite that eventually thaws. More often than not they end up in bed with someone, but one of the teens is holding out for True Love.",
    "genres" : [ {
      "id" : 35,
      "name" : "Comedy"
    } ]
  }, {
    "id" : 88912,
    "title" : "A Child Is Waiting",
    "overview" : "Dr. Matthew Clark is the head of a state institution for mentally retarded children. Jean Hansen, a former music teacher anxious to give her life some meaning, joins the staff of the hospital. Jean, who tries to shelter the children with her love, suspiciously regards Clark's stern training methods. She becomes emotionally involved with 12-year-old Reuben Widdicombe, who has been abandoned by his divorced parents.",
    "genres" : [ {
      "id" : 18,
      "name" : "Drama"
    } ]
  }, {
    "id" : 88917,
    "title" : "Boyhood Shadows",
    "overview" : "Boyhood Shadows journeys with Glenn, revealing a story that began as a young boy under the power of a sexual predator. The story chronicles Glenn’s struggle as he tries to make sense of his life as a youngster, keeping his secret and shame inside, promising to tell no one. Quelling his pain as a teen through alcohol and drugs, he held tight to his secret. Glenn’s story is detailed by wrenching testimonials of his brothers and sister, his mother and father – who each recognized something was wrong with this once-golden-boy – but at a loss to understand the cause of his devastation.  After suffering for decades, living on the streets, addicted to alcohol and drugs and sex – Glenn finally came up for air. It tells of his past and his present…funny, poignant and sad. Glenn’s story is interspersed with those of twenty other boys-turned-men who share the same history. Their stories are all different…but unfortunately, all the same. One in six boys is sexually molested by the age of 16.",
    "genres" : [ {
      "id" : 99,
      "name" : "Documentary"
    } ]
  }, {
    "id" : 88922,
    "title" : "The Oily Maniac",
    "overview" : "A cripple takes revenge on criminals by using a magic spell that transforms him into an oily monster/superhero.",
    "genres" : [ {
      "id" : 27,
      "name" : "Horror"
    } ]
  }, {
    "id" : 88927,
    "title" : "La crème des Bleu Poudre",
    "overview" : "",
    "genres" : [ ]
  }, {
    "id" : 88937,
    "title" : "Abar, the First Black Superman",
    "overview" : "Upon moving into a bigoted neighborhood, the scientist father of a persecuted black family gives a superpower elixir to a tough bodyguard, who thus becomes a superpowered crimefighter.",
    "genres" : [ {
      "id" : 28,
      "name" : "Action"
    } ]
  }, {
    "id" : 88947,
    "title" : "A Dollar Between the Teeth",
    "overview" : "Unknown to anybody else but himself The Stranger arrives in an abandoned town where he witnesses the slaughter of Mexican soldiers by a gang led by Aguila. The Stranger threatens Aguila to denounce him if he does not accept to let him take part in the theft of a shipment of gold. The plan is a success but when The Stranger claims his due, he gets a good beating instead. However The Stranger manages to escape with the gold. The bandits, who want his skin, pursue him. But The Stranger is not the kind to get caught so easily...",
    "genres" : [ {
      "id" : 37,
      "name" : "Western"
    } ]
  }, {
    "id" : 88972,
    "title" : "Smart Blonde",
    "overview" : "Ambitious reporter Torchy Blane guides her policeman boyfriend to correctly pinpoint who shot the man she was interviewing.",
    "genres" : [ {
      "id" : 18,
      "name" : "Drama"
    }, {
      "id" : 9648,
      "name" : "Mystery"
    }, {
      "id" : 80,
      "name" : "Crime"
    } ]
  }, {
    "id" : 88987,
    "title" : "Hubert von Goisern: Wia die Zeit vergeht",
    "overview" : "Live Konzert aufgenomme im Zirkus Krone in München",
    "genres" : [ {
      "id" : 10402,
      "name" : "Music"
    } ]
  }, {
    "id" : 88992,
    "title" : "Guido Weiers - Oudejaarsconference 2006",
    "overview" : "",
    "genres" : [ ]
  }, {
    "id" : 89002,
    "title" : "Gustavo Dudamel: Live From Salzburg",
    "overview" : "Gustavo Dudamel: Live From Salzburg",
    "genres" : [ {
      "id" : 10402,
      "name" : "Music"
    } ]
  }, {
    "id" : 89027,
    "title" : "Fear, Anxiety & Depression",
    "overview" : "This film focuses on the trials and tribulations of Ira (Todd Solondz), who is an unsuccessful playwright trying to find himself in New York City.",
    "genres" : [ {
      "id" : 35,
      "name" : "Comedy"
    } ]
  }, {
    "id" : 89057,
    "title" : "The Paradise Virus",
    "overview" : "Arrived to the tropical island of Barsarato to spend a short vacation with her eighteen years old son, Dr. Linda Fleming (Melody Thomas Scott), teacher and expert virologist, is providing relief to people affected by a virulent disease caused by an unknown virus transmitted to humans by chickens. Her generous efforts will be wasted by poor local hospitals and the low cooperation of the people who puts blind faith in Joseph (Ralf Moeller), a sort of healer with exceptional charisma and leader of a religious community that preaches faith in God and enhances the remedies of alternative medicine.",
    "genres" : [ {
      "id" : 28,
      "name" : "Action"
    }, {
      "id" : 53,
      "name" : "Thriller"
    }, {
      "id" : 10770,
      "name" : "TV Movie"
    } ]
  }, {
    "id" : 89072,
    "title" : "Ginger",
    "overview" : "The police suspect that a drug and forced-prostitution ring is behind the recent spate of kidnappings and disappearances, but so far they've been unable to infiltrate the suspects gang. To break the case, they recruit Ginger, a young woman from an upper-class family to act as bait for the kidnappers and hopefully lead the police to their hideout. It may sound like a foolproof plan to the police, but Ginger's the one who has to risk it all.",
    "genres" : [ {
      "id" : 18,
      "name" : "Drama"
    }, {
      "id" : 28,
      "name" : "Action"
    }, {
      "id" : 80,
      "name" : "Crime"
    } ]
  }, {
    "id" : 89087,
    "title" : "Mike & Thomas: Ajuinen en Look",
    "overview" : "",
    "genres" : [ ]
  }, {
    "id" : 89092,
    "title" : "Hostile Witness",
    "overview" : "Ray Milland plays a barrister whose daughter is killed in a \"hit-and-run\" accident. When his neighbor is also killed, evidence points to the barrister as the murderer. Did he do it? Is he insane?",
    "genres" : [ {
      "id" : 18,
      "name" : "Drama"
    } ]
  }, {
    "id" : 89097,
    "title" : "Heaven Only Knows",
    "overview" : "Also released as Montana Mike, Heaven Only Knows is an offbeat western with fantasy overtones. Hard-bitten gambling boss Brian Donlevy rules his frontier community with brawn and bullets. To his dismay, Donlevy discovers that he has a guardian angel (Robert Cummings), who shows up in the guise of an Eastern tenderfoot. The angel has been sent from Above to save Donlevy's soul, and to that end encourages the one-time villain to squire a minister's daughter (Jorja Curtwright) rather than his usual dance-hall girls. Donlevy is also given tips on winning against his enemies without resorting to gunplay. The gambler finally redeems himself with Heaven by rescuing the angel from a lynch mob (how can you lynch an angel?) Heaven Only Knows deserves an \"E\" for Effort for bringing a fresh twist to the venerable western genre.",
    "genres" : [ {
      "id" : 14,
      "name" : "Fantasy"
    }, {
      "id" : 37,
      "name" : "Western"
    } ]
  }, {
    "id" : 89122,
    "title" : "Flug in die Nacht - Das Unglück von Überlingen",
    "overview" : "",
    "genres" : [ {
      "id" : 10770,
      "name" : "TV Movie"
    }, {
      "id" : 18,
      "name" : "Drama"
    } ]
  }, {
    "id" : 89132,
    "title" : "Ambush Bay",
    "overview" : "A Marine unit on a Japanese-held island in the Philippines tries to hook up with local Filipino guerrillas.",
    "genres" : [ {
      "id" : 10752,
      "name" : "War"
    }, {
      "id" : 18,
      "name" : "Drama"
    } ]
  }, {
    "id" : 89147,
    "title" : "Hootenanny Hoot",
    "overview" : "The marriage of television director Ted Glover and television producer A.G. Bannister has gone on the rocks because she has permitted her career to take precedence over romance.",
    "genres" : [ {
      "id" : 10402,
      "name" : "Music"
    } ]
  }, {
    "id" : 89162,
    "title" : "1970 FIA Formula One World Championship Season Review",
    "overview" : "1970 was the year of transition in Grand Prix racing; the season that pitched the old guard against a feisty new breed of racers intent on pushing Formula One forward into the new decade.  Nothing symbolised this battle more than the cars used by top contenders: Jacky Ickx’s Ferrari 312B relied on brute force to compensate for its outdated styling, whereas Jochen Rindt’s Lotus 72 showed that radical aerodynamics represented a brave and (potentially) faster way forward.  And with the technological battles came a fascinating season’s racing. Jackie Stewart was the defending champion but took nothing for granted. When different drivers won the first four races, Stewart, and the world, knew that the Championship was wide open. Thrilling battles ensued until triumph and tragedy came together in one fatal collision: on the 5th of September 1970 Championship leader Jochen Rindt died during practice at Monza. He was to become the sport’s first posthumous champion.",
    "genres" : [ {
      "id" : 99,
      "name" : "Documentary"
    } ]
  }, {
    "id" : 89172,
    "title" : "1977 FIA Formula One World Championship Season Review",
    "overview" : "1977 saw Niki Lauda start the season, scarred but fit. And determined to put his horrific accident in ’76 behind him.  The first race of the season, in Argentina, provided a maiden victory for the Wolf team, which was followed by an extremely successful debut season, ending with Jody Scheckter taking second place in the championship.",
    "genres" : [ {
      "id" : 99,
      "name" : "Documentary"
    } ]
  }, {
    "id" : 89182,
    "title" : "1984 FIA Formula One World Championship Season Review",
    "overview" : "The full story of the 1984 FIA Formula One World Championship is a gripping one dominated by the McLaren-TAG-Porsche MP4/2 -and the battle to the end between team-mates Niki Lauda and Alain Prost. ‘84 was also the year the racing world witnessed a new name soon to be on everyone’s lips - Ayrton Senna; new fuel rules gave all teams plenty to think about...and in Germany, curious crowds flocked to the modern new Nurburgring. Edited down from hundreds of hours of broadcast quality camerawork, FOCA’s exclusive record of the season, written and narrated by Clive James, gives you 90 minutes of the best sports entertainment available!",
    "genres" : [ ]
  }, {
    "id" : 89187,
    "title" : "Beware of Pity",
    "overview" : "A paraplegic mistakes a man's pity for love.",
    "genres" : [ {
      "id" : 18,
      "name" : "Drama"
    }, {
      "id" : 10749,
      "name" : "Romance"
    } ]
  }, {
    "id" : 89202,
    "title" : "1986 FIA Formula One World Championship Season Review",
    "overview" : "A brilliant and determined Briton, Nigel Mansell, has a season-long battle, not only against the hard-charging Brazilian Ayrton Senna in the JPS Lotus but also Keke 'Ten-tenths' Rosberg and the reigning World Champion Alain Prost in the Marlboro McLarens as well as his Williams Judd Honda team-mate Nelson Piquet. Features all 16 races accompanied by the sharp wit and informed narrative of TV personality Clive James.",
    "genres" : [ {
      "id" : 99,
      "name" : "Documentary"
    } ]
  }, {
    "id" : 89207,
    "title" : "1989 FIA Formula One World Championship Season Review",
    "overview" : "Formula One 1989 Review - How to win a championship.",
    "genres" : [ {
      "id" : 99,
      "name" : "Documentary"
    } ]
  }, {
    "id" : 89212,
    "title" : "1993 FIA Formula One World Championship Season Review",
    "overview" : "This was a classic season. Sennas final full year in F1 and probably his best. He fought for the championship in an inferior underpowered car and the season includes his finest GP (and possibly the best GP of all time) - the Donnington Park race in the pouring rain (I know, I was there) where he took 4 cars on the first lap to lead and won by getting on for a lap. The races get some excellent coverage and the video footage and picture quality is superb. Get it now.",
    "genres" : [ {
      "id" : 99,
      "name" : "Documentary"
    } ]
  }, {
    "id" : 89237,
    "title" : "Electrick Children",
    "overview" : "Electrick Children tells the story of Rachel, a rambunctious girl from a polygamist colony in southern Utah. On Rachel’s 15th birthday, she finds a forbidden cassette tape. Having never seen anything like it before, Rachel plays the cassette tape, and finds glorious rock &amp; roll thereupon. Weeks later, Rachel realizes a miracle has occurred- and the cassette tape must have something to do with it. She leaves her family and runs away to the closest city: Las Vegas. There she searches for the singer of the band on the cassette tape. She has a wild adventure and ultimately discovers who she really is: an ELECTRICK CHILD.",
    "genres" : [ {
      "id" : 18,
      "name" : "Drama"
    } ]
  }, {
    "id" : 89242,
    "title" : "East of Sudan",
    "overview" : "A British soldier escapes from 1880s Khartoum and goes down the Nile river with a fellow soldier, a governess and the daughter of an emir.",
    "genres" : [ {
      "id" : 10749,
      "name" : "Romance"
    }, {
      "id" : 12,
      "name" : "Adventure"
    }, {
      "id" : 18,
      "name" : "Drama"
    } ]
  }, {
    "id" : 89247,
    "title" : "Daddy, I'm A Zombie",
    "overview" : "The misadventures of a teenager girl in her new life as zombie.",
    "genres" : [ {
      "id" : 16,
      "name" : "Animation"
    }, {
      "id" : 14,
      "name" : "Fantasy"
    }, {
      "id" : 35,
      "name" : "Comedy"
    } ]
  }, {
    "id" : 89257,
    "title" : "Breakfast with Einstein",
    "overview" : "The outrageously wisecracking Cheech Marin unleashes the laughs as the voice of a smart-alecky dog named Einstein who's out to find himself a new family... and a snack or two along the way! Einstein is a wisecracking dog with a huge appetite for outsmarting human beings!",
    "genres" : [ ]
  }, {
    "id" : 89267,
    "title" : "Parallel Lines",
    "overview" : "Filmmaker Nina Davenport is working in California the day the World Trade Center is destroyed. Trying to understand that she won't be able to see the familiar building from her apartment in New York anymore and afraid of getting on a plane, she sets off for a road trip that is therapy and art performance in one. She has six weeks to get back to New York, and she spends them driving through a country in shock and talking to people she meets along the way. All of them share a strange sadness - not only about the attacks - and a surprising willingness to open their hearts and lives to this young woman with a camera. And by taking us on a trip through her country, she ends up leading us into the very soul of it.",
    "genres" : [ {
      "id" : 99,
      "name" : "Documentary"
    } ]
  }, {
    "id" : 89277,
    "title" : "Marbles",
    "overview" : "The episodic film MARBLES consists of several short stories about how women manipulate with men. About subtle blackmailings, about crying, about tears, about the ability to sacrifice oneself for a dream, about sex as a service, about the way we can use empathy.  It all starts on the playground among children and death does not equal the end. As time goes by, a feminine mechanism of manipulation develops, shapes up, ripens until it reaches the stage of perfection. Individual short stories take place at a techno party as well as in a Catholic parsonage and they conclude in a content domestic routine of two old people which cannot be disrupted by anything – not even by death. The short stories about women of different age and lifestyle put together a story of one complete human life which was, thanks to the manipulation with others, lived according to the plan and at the same time and from the same reason wasted away.",
    "genres" : [ {
      "id" : 35,
      "name" : "Comedy"
    }, {
      "id" : 18,
      "name" : "Drama"
    } ]
  }, {
    "id" : 89287,
    "title" : "The Fairy",
    "overview" : "A hotel clerk searches all over Le Havre for the fairy who made two of his three wishes come true before disappearing.",
    "genres" : [ {
      "id" : 35,
      "name" : "Comedy"
    }, {
      "id" : 18,
      "name" : "Drama"
    } ]
  }, {
    "id" : 89292,
    "title" : "Hard Promises",
    "overview" : "A man who doesn't like stable work environments has been away for too many years, and finds out his wife has divorced him and is planning to remarry. He comes home to confront her, trying to convince her not to get married, aided by the daughter, who loves him despite his wandering ways. The couple finds out they still have feelings for each other but must decide how best to handle the contradiction of their lifestyles.",
    "genres" : [ {
      "id" : 35,
      "name" : "Comedy"
    }, {
      "id" : 10749,
      "name" : "Romance"
    } ]
  }, {
    "id" : 89297,
    "title" : "The Goalkeeper",
    "overview" : "Ramiro Forteza is a Premier League goalkeeper whom the Civil War and the rigors of the war led to make a living visiting villages and challenging locals to mark him penalty goals. One evening he arrives to a town in Asturias and meets Manuela, a young widow with a son, who survives sewing for Ursula, Andrade's wife, the Civil Guard sergeant.",
    "genres" : [ {
      "id" : 18,
      "name" : "Drama"
    }, {
      "id" : 10769,
      "name" : "Foreign"
    } ]
  }, {
    "id" : 89307,
    "title" : "Perry Mason: The Case of the Scandalous Scoundrel",
    "overview" : "Perry is sueing a gutter trash newspaper that is running a story about a love affair between him and Della. The editor also has \"dirt\" files on an Army General, his banker and other \"clients\". All of them make little-concealed verbal threats to him at a party but the person that hated him most is a female reporter who the editor had just fired from the paper for attempting to write a serious story. She threatens him and soon after the editor is found, floating in his pool, shot. The reporter is arrested for the crime and Perry, who has a personal stake in this matter, with the aid of Della and Paul set out to solve the mystery. But the other suspects just want the case over with and will go to any lengths to protect their pasts and their secrets",
    "genres" : [ {
      "id" : 18,
      "name" : "Drama"
    }, {
      "id" : 53,
      "name" : "Thriller"
    } ]
  }, {
    "id" : 89312,
    "title" : "Cost of Living",
    "overview" : "Two young security guards at an unusual corporation have a bad night.",
    "genres" : [ {
      "id" : 35,
      "name" : "Comedy"
    }, {
      "id" : 28,
      "name" : "Action"
    } ]
  }, {
    "id" : 89322,
    "title" : "PEZheads - The Movie",
    "overview" : "PEZheads - The Movie is a documentary about PEZ® and PEZ® Collectors. It explores the phenomenon of PEZ® collecting through interviews with a variety of collectors and vendors, as well as visits to conventions, the PEZ factory, flea markets, and anywhere else we can find PEZ®.  This documentary highlights the fun and quirky aspects of the hobby, as well as the community and the friendships that develop around it. It explores the PEZ phenomonon from the viewpoint of non-collectors and collectors alike, as well as collectors' families and friends.",
    "genres" : [ {
      "id" : 99,
      "name" : "Documentary"
    } ]
  }, {
    "id" : 89337,
    "title" : "Blood Ties",
    "overview" : "Carpathian Americans are just like any other expatriate organization, they enjoy family get together, and share business opportunities. There is just one minor difference, the Carpathian Americans seem to have a predilection for drinking human blood.",
    "genres" : [ ]
  }, {
    "id" : 89372,
    "title" : "Cry Uncle!",
    "overview" : "Private detective Jack Masters takes on a case and gets mixed up in murder, sex and blackmail.",
    "genres" : [ ]
  }, {
    "id" : 89392,
    "title" : "Vida Garman Teaches Claudia Casali",
    "overview" : "Top British Glamour Model Vida Garman Teaches Claudia Casali A Few Lesson In Strpon Sex, Vida As Always Is The Star Of The Show And Loves To Dominate While Showing Off Her Magnificent Body..",
    "genres" : [ ]
  }, {
    "id" : 89397,
    "title" : "Plague",
    "overview" : "An outbreak of a bacteria called M-3 causes people to die in extreme pain via body spasms. A woman who is a carrier escapes from a hospital and goes on the run, spreading the plague to people she encounters, and onto food in fast food stops etc. She has no idea however that she is a carrier, and as such may carry a cure.",
    "genres" : [ {
      "id" : 27,
      "name" : "Horror"
    }, {
      "id" : 878,
      "name" : "Science Fiction"
    } ]
  }, {
    "id" : 89417,
    "title" : "Get to Know Your Rabbit",
    "overview" : "A young businessman goes to a magic expert to learn hardness and skill with his cynical and greedy collaborators. He becomes a very good tap dancer, but will he be able to get free of his old boss?",
    "genres" : [ {
      "id" : 35,
      "name" : "Comedy"
    } ]
  }, {
    "id" : 89427,
    "title" : "Apartment in Athens",
    "overview" : "Athens, 1943. An apartment is requisitioned to provide accommodation for a German officer. In the apartment live the Helianos, a middle-aged couple who used to be well-off. He is an intellectual, moderate and patient. She is an anxious housewife. They have a ten-year old son who is filled with melodramatic revenge fantasies and a twelve-year old daughter. With the arrival of Captain Kalter everything is wiped out. The methodical, ascetic, cruel Kalter is a military god who inflicts terror. And the Helianos give in, submissive. They are now servants, with no identity other than their acquiescence...",
    "genres" : [ ]
  }, {
    "id" : 89432,
    "title" : "Casuals",
    "overview" : "Some thirty years ago, a working-class subculture was taking grip of cities across the UK that has left a lasting legacy. This began on the back of the mod revival of the late 1970s when notorious football firms from the cities like Liverpool, Manchester and London stole expensive designer sportswear from the countries they visited. It didn’t start with the high-street giants telling these lads what to wear. Instead, they set the trends and the high-street stores caught up. As the 1980s began in Britain, under the radar the ‘casual’ had already arrived.  From Barcelona to Berlin, Milan to Moscow, teenagers today are copying fashions and a culture that developed on the streets and terraces of British cities. But how did the football casual subculture come about? What did they stand for? What made them tick? Why it’s legacy is still having an impact on today’s fashion industry.",
    "genres" : [ {
      "id" : 99,
      "name" : "Documentary"
    } ]
  }, {
    "id" : 89447,
    "title" : "Em Câmara Lenta",
    "overview" : "Salvador knew Contança and Santiago. He did not know, but admired, Laurence. Among them, Laurence knew Santiago. Constance did not know Laurence. Only Santiago knew Laurence, Constança and Salvador.",
    "genres" : [ {
      "id" : 18,
      "name" : "Drama"
    } ]
  }, {
    "id" : 89457,
    "title" : "A Teia de Gelo",
    "overview" : "The story of Jorge, an ambitious hacker with few scruples, which is discovered to divert money from the company where he works and decides to flee. In flight, turns out to have an accident during a snowstorm and, despite being in despair, eventually finding a home.",
    "genres" : [ {
      "id" : 35,
      "name" : "Comedy"
    }, {
      "id" : 18,
      "name" : "Drama"
    } ]
  }, {
    "id" : 89462,
    "title" : "An Inn in Tokyo",
    "overview" : "Kihachi, an unemployed worker, wanders around the industrial flatlands of Tokyo's Koto district with his two young sons, Zenko and Masako. He is unable to find a job and has to rely on his sons catching stray dogs to earn reward money for their meals. As days go by, Kihachi and the boys no longer have enough money to stay at an inn for the night. Luckily for him, he encounters an old friend, Otsune, who finds him a job and allows them to stay at her eatery house.",
    "genres" : [ {
      "id" : 18,
      "name" : "Drama"
    } ]
  }, {
    "id" : 89472,
    "title" : "Firefight",
    "overview" : "",
    "genres" : [ {
      "id" : 28,
      "name" : "Action"
    }, {
      "id" : 53,
      "name" : "Thriller"
    } ]
  }, {
    "id" : 89477,
    "title" : "Scorpion Thunderbolt",
    "overview" : "A female journalist transforms into a snake demon and goes on murderous rampages.",
    "genres" : [ {
      "id" : 27,
      "name" : "Horror"
    }, {
      "id" : 28,
      "name" : "Action"
    } ]
  } ]
}