{
  "movies" : [ {
    "id" : 290977,
    "title" : "Jericho: The Promise Fulfilled",
    "overview" : "Two spies are sent into an impenetrable fortress and are rescued by the hands of a beautiful woman who alone realizes the city's pending destruction. The next generation is ready to take the land West of the Jordan. The wandering is over. Joshua is ready to lead his people in an epic battle against seemingly impossible odds. Will this confrontation lead to deeper rebellion or a promise fulfilled? Join the fun in this comical retelling of the battle between the nation of Israel and the mighty army of Jericho!",
    "genres" : [ {
      "id" : 10751,
      "name" : "Family"
    } ]
  }, {
    "id" : 290982,
    "title" : "Bob Monkhouse Exposes Himself",
    "overview" : "Bob Monkhouse's live act captured on video for the first time. An adult stand-up comic act.",
    "genres" : [ {
      "id" : 35,
      "name" : "Comedy"
    } ]
  }, {
    "id" : 290987,
    "title" : "Ardal O'Hanlon - Live from Dublin's Gaiety Theatre",
    "overview" : "Stand-up with the Irish comedian, alias Father Dougal, performing to a packed house at Dublin's Gaiety Theatre at the climax of a successful one-man tour.",
    "genres" : [ {
      "id" : 35,
      "name" : "Comedy"
    } ]
  }, {
    "id" : 290992,
    "title" : "Carmen",
    "overview" : "CARMEN is the classic tale of forbidden passion between a young man and a spoken-for woman, Carmen. From ORF and TDK Music, this release features a live performance of Georges Bizet's 19th century operatic masterwork Carmen. Directed by Academy Award-nominated filmmaker Franco Zeffirelli, the production was shot on December 9, 1978, at the Wiener Straatsoper. Starring Elena Obraztsova in the titular role, the orchestra is conducted by Carlos Kleiber.",
    "genres" : [ {
      "id" : 10402,
      "name" : "Music"
    } ]
  }, {
    "id" : 290997,
    "title" : "Super Star Fleet Sazer-X the Movie: Fight! Star Soldiers",
    "overview" : "A Seishin team up with the Justirisers and the Sazer-X",
    "genres" : [ ]
  }, {
    "id" : 291002,
    "title" : "Vampire Kiss",
    "overview" : "a film by Peque Gallaga, Lore Reyes.",
    "genres" : [ {
      "id" : 27,
      "name" : "Horror"
    } ]
  }, {
    "id" : 291007,
    "title" : "Agaton & Mindy",
    "overview" : "\"Agaton &amp; Mindy\" tells the story of two young dancers from different background. Mindy (Louise De Los Reyes) is from rich family and suffers from depression. Agaton (Chase Vega) is from poor family and is searching for his mother (Dina Bonnevie) who abandoned him while he was a young child.  Both meet in a dance class handled by Tanya Dolokhov (Cherie Gil) who pairs them up in a dance recital. A brilliant and devotional teacher, Tanya encourages her students to tap into their wild sides for inspiration, and this is also the time when their romance blossoms... (filmasia.blogspot.com)",
    "genres" : [ {
      "id" : 18,
      "name" : "Drama"
    } ]
  }, {
    "id" : 291012,
    "title" : "Lose Your Mummy Tummy",
    "overview" : "Lose Your Mummy Tummy introduces the Tupler Technique, a ground-breaking set of simple abdominal exercises that decrease the diastasis and result in a firmer, flatter, stronger belly and a reduction or elimination of back pain...no matter when you had a baby, even if it was decades ago. This two hour DVD will teach you the research-based 4-step Tupler Technique and also how to incorporate the Tupler Technique into activities of daily living and any exercise routine.",
    "genres" : [ ]
  }, {
    "id" : 291017,
    "title" : "Fin de concession",
    "overview" : "",
    "genres" : [ {
      "id" : 99,
      "name" : "Documentary"
    } ]
  }, {
    "id" : 291022,
    "title" : "Dumm gelaufen",
    "overview" : "",
    "genres" : [ {
      "id" : 35,
      "name" : "Comedy"
    } ]
  }, {
    "id" : 291027,
    "title" : "Le Sarcophage Glacé de Mongolie",
    "overview" : "",
    "genres" : [ {
      "id" : 99,
      "name" : "Documentary"
    } ]
  }, {
    "id" : 291032,
    "title" : "All About Big Cock",
    "overview" : "Filled with crazy hardcore action, All about Big Cock delivers fan favorite Brent Everett leading a cast of super-tasty, big-cocked sex-pigs caught in a spectacular ass-pounding, cum-soaked fuck-fest. Watch as these horned-up fuckers offer up every inch of their stiff monster cocks, unloading thick gobs of creamy spooge. Cum learn All about Big Cock.",
    "genres" : [ ]
  }, {
    "id" : 291042,
    "title" : "Bullet in the Head",
    "overview" : "Some moments can't be taken back.",
    "genres" : [ {
      "id" : 18,
      "name" : "Drama"
    }, {
      "id" : 80,
      "name" : "Crime"
    } ]
  }, {
    "id" : 291047,
    "title" : "Hillsong - Super Strong God",
    "overview" : "Super Strong God is a live DVD recording of the Kidsong World concert during the Hillsong Conference of 2005. The DVD features live performances of all the songs from the Super Strong God concert, including Rainbow, One Way, Royalty, Super Strong God, and I Believe In Jesus. That totals up to 1 hours worth of live worship, plus special features!  The DVD includes great bonus features for both kids ministry and at home:  - Visualisation: sing-a-long with the words on the screen, plus your choice of a radio mix, or music mix only!  - Actions: learn the actions to some of the songs, with Max &amp; Melody and the Hillsong Kids team!  - Behind the Scenes Documentary: a look at Kidsong World!  This DVD is region 0 and will play on a UK DVD player.  Running Time: 60 Minutes",
    "genres" : [ ]
  }, {
    "id" : 291052,
    "title" : "Typist Girl",
    "overview" : "Indian silent film starring Ruby Mayer (Sulochana), released in 1926.",
    "genres" : [ ]
  }, {
    "id" : 291057,
    "title" : "Stranger",
    "overview" : "Directed by Nahum Lipowski.",
    "genres" : [ ]
  }, {
    "id" : 291062,
    "title" : "Gefangene Seele",
    "overview" : "",
    "genres" : [ {
      "id" : 18,
      "name" : "Drama"
    } ]
  }, {
    "id" : 291067,
    "title" : "Motel",
    "overview" : "Christian Blackwood's fascination with the open road has led him to visit some interesting places and even more interesting people, several of whom are the subjects of this unique documentary. It's a road movie set just off the road, at the type of unassuming overnight lodging most travelers take for granted. The director's natural curiosity enables him to separate uncommon individuals (mostly women) from their otherwise common surroundings: a trio of owner/managers in Santa Fe; the wives and girlfriends of men behind bars in Florence, Arizona (including one touching May/December romance); and (best of all) the eccentric dancer who, single-handedly, revived the old Amargosa Opera House in the semi-ghost town of Death Valley Junction, California. The film is a reminder that everyone has a story to tell, and those related here are too unusual to be anything but the truth.",
    "genres" : [ ]
  }, {
    "id" : 291077,
    "title" : "Roman eines Frauenarztes",
    "overview" : "",
    "genres" : [ {
      "id" : 18,
      "name" : "Drama"
    } ]
  }, {
    "id" : 291082,
    "title" : "Rain Down",
    "overview" : "",
    "genres" : [ ]
  }, {
    "id" : 291087,
    "title" : "Banner of Youth",
    "overview" : "A short film advertising the newspaper Sztandar Młodych (The Banner of Youth), noteworthy for its abstract elements painted directly onto film stock. An attempt at showing the complexity of the world in a capsule, the film reflects the new policy of the openness to the West during the Thaw of the late 1950s in Poland.",
    "genres" : [ {
      "id" : 16,
      "name" : "Animation"
    } ]
  }, {
    "id" : 291092,
    "title" : "Red Riding: In the Year of Our Lord 1983",
    "overview" : "Nine years on, another Morley child has gone missing on her way home from school.  Detective Chief Superintendent Maurice Jobson is forced to remember the very similar disappearance of Clare Kemplay, who was found dead in 1974, and the subsequent imprisonment of local boy Michael Myshkin.  Washed-up local solicitor John Piggott becomes convinced of Myshkin's innocence and begins to fight on his behalf, unwittingly providing a catalyst for Jobson to start to right some wrongs.",
    "genres" : [ {
      "id" : 53,
      "name" : "Thriller"
    }, {
      "id" : 80,
      "name" : "Crime"
    }, {
      "id" : 18,
      "name" : "Drama"
    }, {
      "id" : 9648,
      "name" : "Mystery"
    } ]
  }, {
    "id" : 291097,
    "title" : "Silver Wheel",
    "overview" : "A surrealist commercial for bicycles.",
    "genres" : [ ]
  }, {
    "id" : 291107,
    "title" : "Crop Circles the Enigma",
    "overview" : "Embark on a journey into the mysterious world of crop circles like never before.We take flight high above the ground at sacred sites such as Silbury Hill and Avebury to get a new and unique angle on this phenomenon.",
    "genres" : [ ]
  }, {
    "id" : 291112,
    "title" : "42nd Street Forever, Volume 3: Exploitation Explosion",
    "overview" : "Synapse Films presents another volume in their best-selling series of classic exploitation trailers! Another mind-numbing, ball-busting, fist-punching and horror filled collection from the bygone days of New York City’s classic 42nd Street theatres. Hold tight to your greasy popcorn and watered down soda because you will have a “blast” watching these amazing film trailers! This explosive collection, transferred in high-definition, will blow you through the back of your home theatre!",
    "genres" : [ ]
  }, {
    "id" : 291117,
    "title" : "Ben: Diary of a Heroin Addict",
    "overview" : "Ben Rogers was a bright schoolboy from a loving, middle class family. He played in the orchestra, loved cricket and enjoyed the annual family holiday. But his future promise was halted when he started taking drugs in his teens. Early drinking led to cannabis, harder drugs, and then the revelation to his family, at the age of 21, that he was addicted to heroin.  Over the next 13 years Ben and his family battled with his addiction, going through detox, rehab and attempts at 'cold turkey', but his health gradually declined. Whilst attempting another detox aged 34, he died from a brain haemorrhage.  But during the last two years of his life, Ben filmed an unflinching video diary showing his final desperate attempts to come off heroin. It's a portrayal of his descent; intimate, raw, and at times difficult to watch, he talks to his glove puppet as he injects into a vein in his groin.",
    "genres" : [ {
      "id" : 99,
      "name" : "Documentary"
    }, {
      "id" : 10770,
      "name" : "TV Movie"
    } ]
  }, {
    "id" : 291122,
    "title" : "Long Gone",
    "overview" : "Documentary about 6 tramps who hop trains in America.",
    "genres" : [ ]
  }, {
    "id" : 291132,
    "title" : "A Jail in Colombia",
    "overview" : "From Monarch Films comes this fascinating 52 minute film that looks inside the La Modelo prison in Bogota. Colombia. Called a \"model\" prison by Colombia officials the prison in reality is controlled more by the prisoners than the guards who remain outside the actual prison.  With 5000 prisoners for 2400 spots,and not more than 150 security guards assigned to the prison. The prison is awash in violence, and drugs. Last year, 162 prisoners were killed there. The prison is controlled by three criminal groups: members of the guerrilla movement, paramilitary forces, and cocaine traffickers. They have broken the prison up into three different territories and each group has it's own security forces, defending it's own territory",
    "genres" : [ ]
  }, {
    "id" : 291137,
    "title" : "The Making of a Horror Film",
    "overview" : "\"The Making of a Horror Film,\" goes behind the scenes of Producer Dick Randall's Don't Open Till Christmas and features tons of fascinating footage of the production process.",
    "genres" : [ {
      "id" : 35,
      "name" : "Comedy"
    }, {
      "id" : 99,
      "name" : "Documentary"
    } ]
  }, {
    "id" : 291142,
    "title" : "Cult Killer",
    "overview" : "On January 7th 2005, 29 year old Rick Rodriguez murdered his former nanny and then killed himself on a lonely desert highway. Hours earlier he had videoed his suicide note and this final message provided a remarkable insight into a deeply damaged life. It also lifted the lid on one of the most notorious religious cults to emerge out of the 1960s counter culture: The Children of God sect.",
    "genres" : [ ]
  }, {
    "id" : 291152,
    "title" : "Der Gefangene der Botschaft",
    "overview" : "",
    "genres" : [ {
      "id" : 18,
      "name" : "Drama"
    } ]
  }, {
    "id" : 291157,
    "title" : "Khoobsurat",
    "overview" : "A vibrant, hopelessly romantic physiotherapist meets a handsome young Rajput prince who is the complete opposite of her – and is engaged to someone else.",
    "genres" : [ {
      "id" : 35,
      "name" : "Comedy"
    }, {
      "id" : 10749,
      "name" : "Romance"
    } ]
  }, {
    "id" : 291162,
    "title" : "Slow Southern Steel",
    "overview" : "Slow Southern Steel is a film about heavy music in the modern American\r South, as told by the very people who have created this music during\r the last two decades. Shot in back alleys, parking lots, and the seedy\r green rooms of the dirtiest clubs that the Bible Belt failed to snuff out,\r these diehard musicians discuss their love of music and the south, as\r well as the difficulties, contradictions, and insanity that haunt every\r southern artist. There are no illusions here, no apologies,\r no distractions - only the straight truth as told by those who would\r know the difference. Narrated by the notorious Dixie Dave Collins\r (Weedeater, Buzzov-en, Bongzilla), Slow Southern Steel is an\r authentic and honest and thorough look at one of the most\r remarkable music communities ever spawned on the continent.",
    "genres" : [ {
      "id" : 99,
      "name" : "Documentary"
    } ]
  }, {
    "id" : 291167,
    "title" : "Crystal Skulls",
    "overview" : "It is 2020 and the impending apocalypse is inevitable.  Due to a rapidly growing Black Hole headed straight for the sun, Earth begins to fall into darkness, waves rise above Los Angeles, Paris is rocked by extreme earthquakes and Japan is crumbling.  Governments around the world race to build massive space arks for the lucky few who will escape Earth's tragic fate, though billions of people will be left behind.  At the same time in the ruins of a Mayan temple a solution is discovered: 12 ancient skulls, that when brought together can stop the destruction.  A team of scientists set out to find the hidden skulls and rescue mankind from imminent destruction.",
    "genres" : [ {
      "id" : 12,
      "name" : "Adventure"
    }, {
      "id" : 878,
      "name" : "Science Fiction"
    } ]
  }, {
    "id" : 291172,
    "title" : "Monsoon",
    "overview" : "Part road movie, part spectacle, part drama, Monsoon is Sturla Gunnarsson's meditation on chaos, creation and faith, set in the land of believers. The subject is the monsoon, the incomparably vast weather system that permeates and unifies the varied culture of India, shaping the conditions of existence for its billion inhabitants. -- IMDb Plot: Monsoon (2014)",
    "genres" : [ ]
  }, {
    "id" : 291177,
    "title" : "Drei teuflisch starke Frauen - Eine für alle",
    "overview" : "",
    "genres" : [ {
      "id" : 35,
      "name" : "Comedy"
    } ]
  }, {
    "id" : 291182,
    "title" : "Hypothesis",
    "overview" : "In 2005, a physics professor named Steven Jones from conservative Brigham Young University in Provo, Utah, raised a Hypothesis regarding the collapse of the twin towers on 9/11. He proposed based on his observations, that the only way for the towers to fall the way they did was the use of explosives in a controlled demolition. His theory conflicts with official reports which concluded the towers fell from impact damage and fires caused by the hijacked planes. This created a firestorm within the community and even reached nation media attention. Steven Jones received hate mail, threats, and even bribery to stop his research. What started as a mere Hypothesis became so much more.",
    "genres" : [ {
      "id" : 99,
      "name" : "Documentary"
    } ]
  }, {
    "id" : 291187,
    "title" : "The Silent Man",
    "overview" : "A hard-working prospector enters the town of Bakeoven to stake his claim, only to have his rights stolen and his face on \"Wanted\" posters.  He plans reprisal.",
    "genres" : [ {
      "id" : 37,
      "name" : "Western"
    } ]
  }, {
    "id" : 291197,
    "title" : "Sekretärinnen... bereit zum Diktat!",
    "overview" : "",
    "genres" : [ ]
  }, {
    "id" : 291202,
    "title" : "Fire",
    "overview" : "One day, someone puts a bomb on Carlos car and kill his wife and leaves his daughter of 10 years old without legs. Eleven years later, he lives in Barcelona with his daughter but he never forgot the past, the hate, the suffering of that accident. Now he is planning his revenge.",
    "genres" : [ {
      "id" : 53,
      "name" : "Thriller"
    }, {
      "id" : 18,
      "name" : "Drama"
    } ]
  }, {
    "id" : 291207,
    "title" : "Novios de la muerte",
    "overview" : "",
    "genres" : [ ]
  }, {
    "id" : 291212,
    "title" : "La veuve",
    "overview" : "",
    "genres" : [ ]
  }, {
    "id" : 291217,
    "title" : "Bébé À Tout Prix",
    "overview" : "",
    "genres" : [ ]
  }, {
    "id" : 291222,
    "title" : "Escarface",
    "overview" : "Short film of manic persecution and robbery of a narcoleptic granny ninja.",
    "genres" : [ ]
  }, {
    "id" : 291232,
    "title" : "Les Arnaqueuses",
    "overview" : "",
    "genres" : [ ]
  }, {
    "id" : 291237,
    "title" : "Les guerriers",
    "overview" : "",
    "genres" : [ {
      "id" : 18,
      "name" : "Drama"
    } ]
  }, {
    "id" : 291247,
    "title" : "Gurukulam",
    "overview" : "Every individual confronts fundamental questions about the nature of reality, self-identity, and elusive happiness, yet few make these their life goal. An international group of students have traveled to a monastery in a remote area of southern India with the single purpose of discovering these answers. GURUKULAM is a journey into their lives, a wisdom tradition, and the contemplative space in which it is carried.",
    "genres" : [ {
      "id" : 99,
      "name" : "Documentary"
    }, {
      "id" : 18,
      "name" : "Drama"
    } ]
  }, {
    "id" : 291252,
    "title" : "The Georgetown Loop",
    "overview" : "First screened as part of Jacobs' \"Nervous System\" film performance, The Georgetown Loop is based on an archival film from 1903, which Jacobs pairs with its mirror double to produce a kaleidoscopic two-screen projection. The original film depicts a journey shot from the cab of a train passing through the Colorado Rockies, and, in this hypnotic new form, comes to suggest the movement of consciousness itself. Writes Jacobs: \"I've called it the first landscape film deserving of an X-rating, and that it is, yet its secret subtitle is — I must whisper — (Celestial Railway).\"",
    "genres" : [ ]
  }, {
    "id" : 291257,
    "title" : "The Underdogs",
    "overview" : "During the Mexican Revolution, the people tired of living in poverty and enduring the atrocities committed by the federals, decide to follow one of their own, General Demetrio Macias, a thief with tricks he learned in jail and who along with \"La Pintada\" decides to take his people to victory. Led by Captain Anastacio Montañez, the newly formed army fight and honor their code at the same time as they loot houses to spread the wealth.",
    "genres" : [ {
      "id" : 18,
      "name" : "Drama"
    } ]
  }, {
    "id" : 291262,
    "title" : "Bullets and Saddles",
    "overview" : "Hammond is after the Craig ranch and has framed Charlie Craig for murder. Mother Craig brings in the Range Busters. They capture one of Hammond's men and Alibi plans to trick him into a confession as to who the real murderer is. Meanwhile, Denny has overheard Hammond's plans for his next move and he and Crash set out to round up the gang.",
    "genres" : [ {
      "id" : 37,
      "name" : "Western"
    } ]
  }, {
    "id" : 291267,
    "title" : "Horse Play",
    "overview" : "Ranchowner Slim Perkins is in love with his neighbor's niece, Angelica Wayne, but her aunt and uncle throw him off their property because he is a poor bumbler. One day a stranger buys Slim's ranch for one million dollars because the land contains valuable minerals. Slim and his partner, Andy Jones, are overwhelmed by their new found wealth, but it does not help to soothe Slim's hurt feelings when he finds out that Angelica has gone to England to stay with her other aunt. He decides to bring her his horse, \"Cynthia Ann,\" as a gift, and with Andy and the horse, he sets sail.",
    "genres" : [ {
      "id" : 10749,
      "name" : "Romance"
    }, {
      "id" : 35,
      "name" : "Comedy"
    } ]
  }, {
    "id" : 291272,
    "title" : "We Are Still Here",
    "overview" : "After the death of their college age son, Anne and Paul Sacchetti relocate to the snowswept New England hamlet of Aylesbury, a sleepy village where all is most certainly not as it seems. When strange sounds and eerie feelings convince Anne that her son's spirit is still with them, they invite an eccentric, New Age couple to help them get to the bottom of the mystery.",
    "genres" : [ {
      "id" : 27,
      "name" : "Horror"
    } ]
  }, {
    "id" : 291277,
    "title" : "Inside the Goldmine",
    "overview" : "The lives of various Generation X-ers are linked by the murder of a young woman.",
    "genres" : [ ]
  }, {
    "id" : 291282,
    "title" : "Jesus Fish",
    "overview" : "Gyro, Jerome, Hope, and Jay are all the typical fundamentalist christian characters you see in most christian films. Both hilarity and hypocrisy ensue as we follow these characters when they are all thrust into real life situations where not just their lives are at stake, but their faith, preconceptions, and perspectives as well. Throw in some Tarantino loving film making, and just a hint of Kevin Smith-esque writing, and you get Jesus Fish.",
    "genres" : [ ]
  }, {
    "id" : 291287,
    "title" : "Johnny and Clyde",
    "overview" : "When a young boy dogsits Clyde, a criminal canine trying to go straight, he ends up facing down the school bully, catching a criminal, and learning valuable lessons about life from his new best friend.",
    "genres" : [ ]
  }, {
    "id" : 291297,
    "title" : "Keeper of Souls",
    "overview" : "A young couple hopes to begin their lives together, but the appearance of a demon threatens to destroy their plans as it wreaks havoc on a small Southern town.",
    "genres" : [ ]
  }, {
    "id" : 291302,
    "title" : "Midnight Edition",
    "overview" : "After interviewing a convicted killer, a reporter becomes obsessed with his mesmerizing subject. When his life is threatened, he comes to his senses, but it may be too late to save his family.",
    "genres" : [ {
      "id" : 53,
      "name" : "Thriller"
    } ]
  }, {
    "id" : 291307,
    "title" : "Last Call at Maud's",
    "overview" : "A history of Maud's, a San Francisco lesbian bar that stayed open from 1966 to 1989.",
    "genres" : [ ]
  }, {
    "id" : 291312,
    "title" : "Jubilee",
    "overview" : "Billy (Cliff Curtis) is trying to organize the biggest celebration the town of Waimatua has even seen - the 75th Jubilee of  their school. In doing this, feckless Billy is trying to redeem himself in the eyes of his family, especially his frustrated wife Pauline (Theresa Healey). However trouble arrives with the return of a local former All Blacks Captain, an old flame of Pauline's.",
    "genres" : [ {
      "id" : 35,
      "name" : "Comedy"
    } ]
  }, {
    "id" : 291322,
    "title" : "Hard Luck",
    "overview" : "88 days before his scheduled release from a state mental hospital Lucky O'Donnell returned home on the journey of a lifetime.",
    "genres" : [ {
      "id" : 10749,
      "name" : "Romance"
    }, {
      "id" : 18,
      "name" : "Drama"
    }, {
      "id" : 12,
      "name" : "Adventure"
    } ]
  }, {
    "id" : 291327,
    "title" : "Mapado 2: Back to the Island",
    "overview" : "Detective Chung-su takes a secret mission from a dying president of a big company. The businessman wants to see his first love before he dies.The only information the detective has is that her name is Kkotnim and she now lives on an island called Tongbaek, off one of the country's southern ports. He rides on a private boat to the island with an anonymous passenger, dreaming of the big bucks he will get when he completes his mission.But the boat is wrecked in a fierce storm, and Chung-su and the passenger find themselves lying on the shore of a strange island. In the struggle to escape from the island, Chung-su meets up with five grandmothers who will not let him or the other men escape. During his captivity, he investigates if one of the grandmothers is indeed the love interest. Will he find out and escape from the island alive?",
    "genres" : [ ]
  }, {
    "id" : 291332,
    "title" : "Hell's Gate",
    "overview" : "Kevin needs cash and now he owes money to the mob. But more than an ex-con can make legally. He's been trying to go clean but his ex-prison mate talks him into one last job - with a payout big enough to go straight. The job involves a beautiful heiress, but it has major consequences...",
    "genres" : [ ]
  }, {
    "id" : 291337,
    "title" : "Manhattan Merengue",
    "overview" : "A realistic look at the life of a young immigrant man who comes to America with the hope of dancing on Broadway.",
    "genres" : [ {
      "id" : 10749,
      "name" : "Romance"
    }, {
      "id" : 18,
      "name" : "Drama"
    } ]
  }, {
    "id" : 291342,
    "title" : "Great Falls",
    "overview" : "Professional, native and antiquarian researchers combine to investigate the archaeological history and modern legacy of Eastern Native civilization near Turners Falls, Massachusetts. They uncover possible evidence of a vast astronomical construct that covered a large area of what is now the northeastern United States.",
    "genres" : [ ]
  }, {
    "id" : 291347,
    "title" : "Lost Time",
    "overview" : "After leaving a doctor visit with the worst news, Valerie Dreyfuss and her sister Melissa come to a stop on a lonely stretch of road. Their car is engulfed by a blinding light....12 hours later Valerie wakes to the horror that her sister is gone, nowhere to be found.",
    "genres" : [ {
      "id" : 53,
      "name" : "Thriller"
    }, {
      "id" : 27,
      "name" : "Horror"
    }, {
      "id" : 878,
      "name" : "Science Fiction"
    } ]
  }, {
    "id" : 291352,
    "title" : "The Concert",
    "overview" : "A short film by Walerian Borowczyk. Ostensibly a film of a concert given by the round, unassuming Monsieur Kabal and his spiky, terrifying wife, it's actually a cover for their frequent attempts at causing each other extreme physical harm.",
    "genres" : [ {
      "id" : 10402,
      "name" : "Music"
    }, {
      "id" : 16,
      "name" : "Animation"
    } ]
  }, {
    "id" : 291357,
    "title" : "One Long Day",
    "overview" : "Their first mistake, was getting the wrong guy. Their second mistake was killing his best friend. Leaving him alive will be the last mistake they'll ever make. You ever have one of those days? Follow Gruff as he has one of the longest days ever. It all starts when Tony Revario (the Boss of a prominent Las Vegas crime family) sends Vinnie and Rocco to find an accountant, that embezzled a lot of money from the Revario Crime Family. Vinnie and Rocco get the wrong apartment and the wrong guy. They end up in Gruff's apartment and make the biggest mistake of their lives when they kill Gruff's beloved pet Fluffy. When Gruff discovers his dead friend, all Hell breaks loose as he goes on the warpath to seek revenge. When the smoke clears and the dust settles, one thing will be remarkably clear... ...you never, EVER kill a man's dog.",
    "genres" : [ ]
  }, {
    "id" : 291362,
    "title" : "Road Hard",
    "overview" : "After his movie and television career has run dry, Bruce Madsen (Adam Carolla) is forced to go back on the road playing one dingy comedy club after another, spending endless nights in budget hotel rooms and always flying coach. Amidst trying to revitalize his career, rekindle his love life and put his daughter through college, Bruce knows one thing for sure - he must get off the road. ROAD HARD is the story of that journey.",
    "genres" : [ {
      "id" : 35,
      "name" : "Comedy"
    } ]
  }, {
    "id" : 291367,
    "title" : "Listen",
    "overview" : "A young woman thinks one of her neighbors in her apartment building is a serial killer and begins to suspect both her current boyfriend and former girlfriend of being the killer.",
    "genres" : [ {
      "id" : 80,
      "name" : "Crime"
    }, {
      "id" : 53,
      "name" : "Thriller"
    } ]
  }, {
    "id" : 291372,
    "title" : "Little Red",
    "overview" : "A modern day, urban \"Rebel Without a Cause\" centering around a high school kid who tries to save his childhood sweetheart from the world of drugs.",
    "genres" : [ ]
  }, {
    "id" : 291377,
    "title" : "Trenck - Der Roman einer großen Liebe",
    "overview" : "",
    "genres" : [ {
      "id" : 18,
      "name" : "Drama"
    } ]
  }, {
    "id" : 291382,
    "title" : "Holy Smoke!",
    "overview" : "An animated film made by Walerian Borowczyk for W.D. &amp; H.O. Wills. A very pompous cigar smoker reminisces about the good old days when the lower classes knew their place and stayed away from cigars meant only for the privileged. However, after he and his society for cigar smokers watch an advert by British tobacco importers W.D. &amp; H.O. Wills explaining their successive methods of cigar-making, his elitist ideals are shaken.",
    "genres" : [ {
      "id" : 16,
      "name" : "Animation"
    } ]
  }, {
    "id" : 291387,
    "title" : "Looking For Trouble",
    "overview" : "Jamie Miller is having a bad day. Her mom remarried a jerk and gave away her dog, and tomorrow doesn't look much better. But everything changes when she meets a runaway baby elephant named Trouble! When her newest buddy is recaptured by a mean old circus ringmaster, Jamie and her friend Harry the Magician hit the road to save him. She's looking for Trouble, but what she finds is pure adventure!",
    "genres" : [ {
      "id" : 10751,
      "name" : "Family"
    }, {
      "id" : 12,
      "name" : "Adventure"
    } ]
  }, {
    "id" : 291392,
    "title" : "Louder Than Bombs",
    "overview" : "Set in a small Polish town, \"Louder Than Bombs\" tells the coming-of-age story of Marcin, a 21-year-old with a penchant for James Dean and The Smiths. After the death of his father, Marcin must contend with the funeral arrangements while hosting his buffoonish out-of-town relatives who disparage his small town life as a mechanic in his father's garage. In addition, Marcin must face the news that his lifelong girlfriend has decided to leave Poland to live in the U.S. If he doesn't act quickly, he may never see her again.",
    "genres" : [ {
      "id" : 10749,
      "name" : "Romance"
    }, {
      "id" : 35,
      "name" : "Comedy"
    }, {
      "id" : 18,
      "name" : "Drama"
    } ]
  }, {
    "id" : 291397,
    "title" : "Schinderhannes",
    "overview" : "",
    "genres" : [ {
      "id" : 18,
      "name" : "Drama"
    } ]
  }, {
    "id" : 291402,
    "title" : "As Long as the Heart Still Beats",
    "overview" : "",
    "genres" : [ {
      "id" : 18,
      "name" : "Drama"
    } ]
  }, {
    "id" : 291407,
    "title" : "Mad Dogs",
    "overview" : "London, one year from today... The dogs of England are dying, of \"Mad Dog Disease,\" and Rabbie Burns, young drifter and certified schizophrenic, is hearing voices again - on Underground trains, over supermarket tannoys, and on his own T.V. He has 30 hours, a last weekend, to save the world from itself, before the \"Supreme Being\" himself loses patience and starts over, with a new species...",
    "genres" : [ ]
  }, {
    "id" : 291412,
    "title" : "Shattered Dreams",
    "overview" : "A young Viennese policeman can not free himself from his mistress and is also extorted over his illegal arms business.",
    "genres" : [ {
      "id" : 80,
      "name" : "Crime"
    }, {
      "id" : 18,
      "name" : "Drama"
    } ]
  }, {
    "id" : 291417,
    "title" : "Next Time",
    "overview" : "Inter-racial romance develops over a period of time as two down-on-their luck people, one a 19 year old midwestern man trying to make it as an artist and the other a middle-aged woman trying to take care of her children and her children's children, meet every Saturday night at the local laundromat in LA.",
    "genres" : [ ]
  }, {
    "id" : 291422,
    "title" : "Crackdown",
    "overview" : "Two veterans return to Vietnam to aid a friend in need.",
    "genres" : [ ]
  }, {
    "id" : 291427,
    "title" : "One Good Turn",
    "overview" : "Matt, a home arcade games programmer runs into an old acquaintance who saved his life years earlier from a burning automobile. The rescuer, Simon, is down on his luck, living like a bum. The grateful Matt feels obligated to help Simon, so he takes him into his home and gets him a job in the mail room of his company. However, what Matt doesn't know is it was no accident running into Simon, and Simon has an old score to settle with Matt, going all the way back to the night Simon saved Matt's life.",
    "genres" : [ {
      "id" : 53,
      "name" : "Thriller"
    } ]
  }, {
    "id" : 291432,
    "title" : "Ornaments",
    "overview" : "Religion, alcohol and politics are three things best avoided at holidays - but it's something this group of friends haven't learned. In this dark comedy, six friends have reunited for what may be their last holiday together.",
    "genres" : [ ]
  }, {
    "id" : 291437,
    "title" : "Naked Rose",
    "overview" : "Among the millions of victims of the Nazi madness during the Second World War, Pierre Seel was charged with homosexuality and imprisoned in the Schirmeck concentration camp. He survived this terrifying experience of torture and humiliation, and after the war he married, had three children, and tried to live a normal life. In 1982, however, he came to terms with his past and his true nature and decided to publicly reveal what he and thousands of other homosexuals branded with the Pink Triangle had undergone during the Nazi regime. Il Rosa Nudo (Naked Rose), inspired by the true story of Pierre Seel, depicts in a theatrical and evocative way the Homocaust, focusing on the scientific theories of SS Physician Carl Peter Værnet for the treatment of homosexuality, which paved the way for the Nazi persecution of gay men.",
    "genres" : [ {
      "id" : 99,
      "name" : "Documentary"
    } ]
  }, {
    "id" : 291447,
    "title" : "ONE Fighting Championship: Reign of Champions",
    "overview" : "ONE Fighting Championship brings its trademark brand of exhilarating non-stop MMA action to the Middle East for the first time with a blockbuster show scheduled in Dubai, UAE, on 29 August. Get ready for the BIGGEST Fight Card in the history of ONE Fighting Championship with 4 world championship title fights scheduled. Witness world-class MMA action at its best as some of the biggest stars in MMA today enter the ONE FC cage to do battle, including Japanese MMA superstar Shinya \"Tobikan Judan\" Aoki, welterweight kingpin Ben \"Funky\" Askren, ONE FC Welterweight World Champion Nobutatsu Suzuki, MMA veteran Kamal Shalorus and many more.",
    "genres" : [ ]
  }, {
    "id" : 291452,
    "title" : "Camp Blood First Slaughter",
    "overview" : "A group of students on a class assignment travel to the infamous Camp Blood woods in the hopes of debunking a local legend.",
    "genres" : [ {
      "id" : 27,
      "name" : "Horror"
    }, {
      "id" : 53,
      "name" : "Thriller"
    } ]
  }, {
    "id" : 291462,
    "title" : "Lippels Dream",
    "overview" : "",
    "genres" : [ ]
  }, {
    "id" : 291467,
    "title" : "Solo Rex",
    "overview" : "",
    "genres" : [ {
      "id" : 10749,
      "name" : "Romance"
    } ]
  }, {
    "id" : 291477,
    "title" : "Therion: Adulruna Rediviva and Beyond",
    "overview" : "The concert recorded in Budapest, Hungary was a concert on the “Adulruna Rediviva” 20-year Anniversary Tour in December. The idea of the tour was to play the entire \"Theli\" album and a set consisting of songs that the fans had voted for on the band web page.  The concert in Atlanta, Georgia was the band‘s only show in the USA since 2007 and was shot during the band‘s headline performance at ProgPower festival 2011.",
    "genres" : [ {
      "id" : 10402,
      "name" : "Music"
    } ]
  }, {
    "id" : 291482,
    "title" : "The Testing of Eric Olthwaite",
    "overview" : "Eric Olthwaite is so boring that his family all leave home to escape him. Then one day he is accidentally caught up in a bank robbery and discovers that the robber shares his interests in shovels,black pudding and rainfall so they team up to make daring raids to steal rainfall records. As a result Eric becomes famous and is considered interesting again,so much so that he is made the mayor of Denley Moor.",
    "genres" : [ {
      "id" : 10770,
      "name" : "TV Movie"
    }, {
      "id" : 35,
      "name" : "Comedy"
    } ]
  }, {
    "id" : 291487,
    "title" : "Grüß Gott, ich komm von drüben",
    "overview" : "",
    "genres" : [ {
      "id" : 18,
      "name" : "Drama"
    } ]
  }, {
    "id" : 291492,
    "title" : "A Record of Sweet Murder",
    "overview" : "Park Sang-Joon (Yeon Je-Wook) was held in a psychiatric facility and charged for a string of bizarre serial murders. Park Sang-Joon then runs away from the facility. He then contacts childhood friend and now journalist Kim So-Yeon (Kim Kkobbi). Park Sang-Joon promises to give her an exclusive if she meets him at an abandoned apartment with a Japanese cameraman. She is in for a horrific shock.",
    "genres" : [ {
      "id" : 27,
      "name" : "Horror"
    } ]
  }, {
    "id" : 291497,
    "title" : "Le cri du hibou",
    "overview" : "",
    "genres" : [ {
      "id" : 80,
      "name" : "Crime"
    } ]
  }, {
    "id" : 291502,
    "title" : "La Paloma fliegt nicht mehr",
    "overview" : "",
    "genres" : [ {
      "id" : 18,
      "name" : "Drama"
    } ]
  }, {
    "id" : 291507,
    "title" : "Der Prinz von Arkadien",
    "overview" : "Both the King and his son have been deposed by popular demand. The now Prinz of Arkadia certainly enjoys his new role, which without much changing his lifestyle leaves him free to concentrate on his main interest -women. Including an actress who once wrote a mocking song about him -a song that he likes to sing.",
    "genres" : [ {
      "id" : 18,
      "name" : "Drama"
    } ]
  }, {
    "id" : 291512,
    "title" : "Sometimes I Run",
    "overview" : "A film portrait of Stanley Maupin who cleans sidewalks at night for the Dallas Department of Sanitation.",
    "genres" : [ {
      "id" : 99,
      "name" : "Documentary"
    } ]
  }, {
    "id" : 291517,
    "title" : "Sometimes It's Gonna Hurt",
    "overview" : "Oklahoma is rodeo country. Sometimes Its Gonna Hurt is a film about the toughest of all rodeo events-- bullriding, and how young riders grow up to become bullriders. It was commissioned by the PBS series, \"Matters of Life and Death\".",
    "genres" : [ {
      "id" : 99,
      "name" : "Documentary"
    } ]
  }, {
    "id" : 291522,
    "title" : "The Mirror",
    "overview" : "A love story filled with amusing complications, but the contest is won by Dick because he believes that all is fair in love and manages to circumvent the fates which often decree otherwise.  The fortune teller prescribed the mirror test for the girl saw to it that the test was in his favor.",
    "genres" : [ {
      "id" : 35,
      "name" : "Comedy"
    } ]
  }, {
    "id" : 291527,
    "title" : "Shooter",
    "overview" : "\"Shooter,\" aka Matt Thompson aka Gruwald is a photographer in 1967 Saigon, Vietnam. Working out of a news agency for a major magazine, Thompson gets involved in the lives of the soldiers he meets and \"shoots.\" There's Ngoc, the Vietnamese photo lab tech; Klause, a German photographer swiping Buddhas; Rene, a French photographer who carries an AK-47; Stork, Matt's superstitious roommate who is also a photographer; Rizzo, the irascible editor; Lan, an American-educated Vietnamese reporter and Tracey an embassy worker who is Matt's former flame.",
    "genres" : [ ]
  }, {
    "id" : 291532,
    "title" : "Dangerous Acts",
    "overview" : "Drama from Israeli director Shemi Zarhin.",
    "genres" : [ ]
  }, {
    "id" : 291537,
    "title" : "Winning: The Racing Life of Paul Newman",
    "overview" : "The world knows Paul Newman as an Academy Award winning actor with a fifty-plus year career as one of the most prolific and revered actors in American Cinema. He was also well known for his philanthropy; Newman's Own has given more than four hundred and thirty million dollars to charities around the world. Yet few know the gasoline-fueled passion that became so important in this complex, multifaceted man's makeup. Newman’s deep-seated passion for racing was so intense it nearly sidelined his acting career. His racing career spanned thirty-five years; Newman won four national championships as a driver and eight championships as an owner. Not bad for a guy who didn't even start racing until he was forty-seven years old.",
    "genres" : [ {
      "id" : 99,
      "name" : "Documentary"
    } ]
  } ]
}