{
  "movies" : [ {
    "id" : 269577,
    "title" : "El cumple de la abuela",
    "overview" : "A dysfunctional family travels to Cuernavaca, to celebrate their grandmother's birthday. One pretends to have a boyfriend she just met. Another has a girlfriend who is in love with one of his brothers. Another can not stand the way the grandmother treats him but he has been afraid of her for so long...until now.",
    "genres" : [ ]
  }, {
    "id" : 269582,
    "title" : "Semana Santa",
    "overview" : "Father, forgive them as they don't know whay they do!",
    "genres" : [ ]
  }, {
    "id" : 269587,
    "title" : "Steadfast Stanley",
    "overview" : "Stanley the Pembroke Welsh Corgi is left behind in the break of an apocalypse.  All he wants to do is get back to his owner...",
    "genres" : [ {
      "id" : 12,
      "name" : "Adventure"
    }, {
      "id" : 16,
      "name" : "Animation"
    }, {
      "id" : 35,
      "name" : "Comedy"
    }, {
      "id" : 27,
      "name" : "Horror"
    } ]
  }, {
    "id" : 269592,
    "title" : "La maldad",
    "overview" : "Rafael is an elderly peasant who decides to write the story of his life as what he describes like a movie screenplay. The desire to make his film leads him to betray his only friend and leave everything to seek financial support in the capital city. Evilness is the story of a man who embraces loneliness and lack of hope.",
    "genres" : [ {
      "id" : 18,
      "name" : "Drama"
    } ]
  }, {
    "id" : 269597,
    "title" : "Crack Willow",
    "overview" : "Crack Willow is an affectionate portrait of one man's struggle with death and loneliness. Mark Walker's journey is an exploration of emotions captured through the use of vivid, powerful and imaginative imagery. A compelling and evocative film that treads new ground.",
    "genres" : [ {
      "id" : 18,
      "name" : "Drama"
    } ]
  }, {
    "id" : 269602,
    "title" : "I Rec U",
    "overview" : "19 years old Neve sees women out of focus - but he can see them properly when they are recorded on magnetic tape or film. This is why he wears a special pair of camera-glasses which, recording every single moment of his life, allow him to see everything correctly. His life actually becoming one of the movies he has been watching since he was a child. Until the day he meets the one and only woman he can see at naked eye.",
    "genres" : [ ]
  }, {
    "id" : 269607,
    "title" : "Muñeca",
    "overview" : "",
    "genres" : [ ]
  }, {
    "id" : 269612,
    "title" : "Fernando Montiel vs. Nonito Donaire",
    "overview" : "Fernando Montiel vs. Nonito Donaire is a 118-pound world title fight, which kicks off HBO's season of \"Boxing After Dark\" and pits 2 fighters both on the pound-for-pound list. The biggest boxing action often comes in the smallest packages, which is what fight fans are hoping for when unified bantamweight titleholder Fernando Montiel defends his belts against Nonito Donaire. Montiel, installed as a 2-to-1 underdog by the casino, will be making his fourth title defense and is coming off a second-round knockout of Jovanny Soto in a December non-title bout designed to be his final tune-up before facing Donaire.",
    "genres" : [ {
      "id" : 28,
      "name" : "Action"
    } ]
  }, {
    "id" : 269617,
    "title" : "Introductory Speech by Will H. Hays",
    "overview" : "The Honorable Will H. Hays, President of the Motion Picture Producers &amp; Distributors of America, speaks directly into the camera about the important new technology to enhance the motion picture going experience, namely Vitaphone which allows the synchronization of the picture on screen with sound. Its development is important if only because of the importance of the motion picture as the chief amusement to millions in the American public. It allows the inclusion of music directly into the motion picture, music which already plays an important role in the motion picture in the pre-Vitaphone era. However, it allows symphonic music to be incorporated, which many of the small hamlets across the country could not afford to provide in their own movie houses. Vitaphone was developed by the Western Electric and Bell Telephone Companies, and is also greatly attributed to the work of Warner Bros. Pictures.",
    "genres" : [ ]
  }, {
    "id" : 269622,
    "title" : "Nelson",
    "overview" : "Recounts some highlights in the career of Admiral Nelson, including his battles with the French fleet under Napoleon, and his dalliances with Lady Hamilton.",
    "genres" : [ ]
  }, {
    "id" : 269627,
    "title" : "Cali - 1000 Coeurs debout",
    "overview" : "1000 standing hearts is a musical DVD of Cali taken(brought) out in 2008.",
    "genres" : [ ]
  }, {
    "id" : 269632,
    "title" : "Angusam",
    "overview" : "Angusam is an tamil dramtic movie direction &amp; produced by Manu Kannan. The movie starring with new face Sooraj &amp; Jayathi Guha.",
    "genres" : [ ]
  }, {
    "id" : 269637,
    "title" : "The House in the Woods",
    "overview" : "Made in 1971 for French TV, the epic 'La maison des bois' comes from early in the Pialat's belated feature filmmaking career. It begins in costume drama and an ethnographic view of rural French life during World War One, and in an apparently sentimental tale of war orphans. But then it irises out from costume drama conventions into the transcendental, exploring Pialat's spiritual themes, as well as the social dynamics, trauma and collective experiences of war.",
    "genres" : [ {
      "id" : 18,
      "name" : "Drama"
    } ]
  }, {
    "id" : 269642,
    "title" : "Le Harem de Madame Osmane",
    "overview" : "In Algiers in 1993, while the civil war is starting, Mrs Osmane's tenants have to endure her bad temper. Her husband left her and the fear to lose her respectability haunt her.  The former member of the Resistance during the Independence War persists  in controlling the slightest moves of the households rather than struggle  against her own frustrations. Learning her daughter is in love, the possibility of finding herself alone will push her to the limit: The symbolical Mrs Osmane \"harem\" is about to collapse.",
    "genres" : [ {
      "id" : 35,
      "name" : "Comedy"
    }, {
      "id" : 18,
      "name" : "Drama"
    } ]
  }, {
    "id" : 269647,
    "title" : "Watershed: Exploring a New Water Ethic for the New West",
    "overview" : "As the most dammed, dibbed, and diverted river in the world struggles to support thirty million people and the peace-keeping agreement known as the Colorado River Pact reaches its limits, WATERSHED introduces hope. Can we meet the needs of a growing population in the face of rising temperatures and lower rainfall in an already arid land? Can we find harmony amongst the competing interests of cities, agriculture, industry, recreation, wildlife, and indigenous communities with rights to the water? Sweeping through seven U.S. and two Mexican states, the Colorado River is a lifeline to expanding populations and booming urban centers that demand water for drinking, sanitation and energy generation. And with 70% of the rivers’ water supporting agriculture, the river already runs dry before it reaches its natural end at the Gulf of California. Unless action is taken, the river will continue its retreat – a potentially catastrophic scenario for the millions who depend on it.",
    "genres" : [ ]
  }, {
    "id" : 269652,
    "title" : "A Lost Letter",
    "overview" : "The plot take place in 1883 in a small provincial town in Romania, where the corrupt establishment decide everything, including - of course - who will be the \"elected\" representative to the national Senate. A love letter from the bachelor mayor to the wife of the local party chief, gets lost and found by a drunk party supporter. The letter finds its way to the opposition party, which decide to use the letter by blackmailing the powerful local \"camarilla\", and to get his own man to represent the county. What follows is not easy to guess....",
    "genres" : [ {
      "id" : 35,
      "name" : "Comedy"
    } ]
  }, {
    "id" : 269657,
    "title" : "Mouna Mazhai",
    "overview" : "Directed by Anand, Starring Sasi, Nakshathra, Videos, Stills, Wallpapers, Synopsis, Promotional Events",
    "genres" : [ ]
  }, {
    "id" : 269662,
    "title" : "Pullukattu Muthamma",
    "overview" : "Directed by C. R. Muthupandi, Starring Minu Kurian, Music by Ravi J Menon,",
    "genres" : [ ]
  }, {
    "id" : 269667,
    "title" : "Anba Azhaga",
    "overview" : "Directed by debutant S Sivaraman Anba Azhaga follows the age old story of a Hindu girl who falls for the charms of a Muslim boy and finally the film ends with a ..",
    "genres" : [ ]
  }, {
    "id" : 269672,
    "title" : "Aalyashikaram",
    "overview" : "Aalaya Sikharam is a family oriented movie in which, Chiranjeevi Plays a Horse-cab driver role in this movie. He is the second son of Gollapudi, who is jobless and sells everything possible for gambling. Ranganath is chiru’s elder brother, who is the only educated person in the family. Chiru works hard to see his brother in a good position after studies, But Ranganath ditches his family and joins Satyanarayana’s factory and woos him to become his son-in-law.",
    "genres" : [ {
      "id" : 10749,
      "name" : "Romance"
    } ]
  }, {
    "id" : 269677,
    "title" : "Prathinidhi",
    "overview" : "",
    "genres" : [ {
      "id" : 18,
      "name" : "Drama"
    } ]
  }, {
    "id" : 269682,
    "title" : "The Damned Lovers",
    "overview" : "A waiter, Paul, likes detective novels as he identifies with the characters, before becoming a sought-after offender himself. He flees with his group and his girlfriend Jackie",
    "genres" : [ {
      "id" : 80,
      "name" : "Crime"
    } ]
  }, {
    "id" : 269687,
    "title" : "L'âge de Monsieur est avancé",
    "overview" : "",
    "genres" : [ {
      "id" : 35,
      "name" : "Comedy"
    } ]
  }, {
    "id" : 269692,
    "title" : "Pesamal Pesinaal",
    "overview" : "Pesamal Pesinaal is a 2013 Tamil film directed by N.D. Siva Manoharan SICA. Music composed by DuraiRajan. Edited by R.Kesavan and Produced by M.Anthony Edward in the banner Rainbow Creations. The other crew includes Thendral Senthil, Mani Amudhavan, Pa. Sivakumar, G.Sathya Narayanan, M.C.Sekar, V.Palsamy, M.C.Sakthivel and Viji Murugan.",
    "genres" : [ ]
  }, {
    "id" : 269697,
    "title" : "Am grünen Strand der Spree",
    "overview" : "",
    "genres" : [ ]
  }, {
    "id" : 269702,
    "title" : "Ayiti Toma",
    "overview" : "It sometimes seems that everything to be said about Haiti has already been said. The global media has released countless reports, documentaries and interviews. Despite the apparent saturation, in this film Joseph Hillel succeeds in taking a broad yet unique look at the ostensibly well-known country. His approach is simple: letting Haitians speak for themselves and increasing the number of points of view on the record. Sociologists, historians, street urchins and Vodou priests all have their say, and all share the same desire to show off the diversity and richness of a people too often subject to outsiders’ harsh judgment. Rather than indulging in simple idealization, AYITI TOMA explores the complexity of the many challenges still facing a unique people whose culture and history are as magical as they are dark.",
    "genres" : [ ]
  }, {
    "id" : 269707,
    "title" : "The Supreme Price",
    "overview" : "The Supreme Price is a feature length documentary film that traces the evolution of the Pro-Democracy Movement in Nigeria and efforts to increase the participation of women in leadership roles. Following the annulment of her father's victory in Nigeria's Presidential Election and her mother's assassination by agents of the military dictatorship, Hafsat Abiola faces the challenge of transforming a corrupt culture of governance into a democracy capable of serving Nigeria's most marginalized population: women.",
    "genres" : [ ]
  }, {
    "id" : 269712,
    "title" : "Hotel a la Swing",
    "overview" : "A series of musical numbers loosely connected by a storyline involving the Upsy Daisey theatre troupe assuming management of the debt-ridden Grand Majestic Hotel. Noteworthy is the song and dance routine, \"Holiday in Hades\". A precursor to Ralph Staub's Swing Hotel (1939).",
    "genres" : [ ]
  }, {
    "id" : 269727,
    "title" : "Perumal",
    "overview" : "The movie begins in a hospital, where a mafia is involved in adulterating drugs. Unfortunately, a junior doctor (Meenakshi) manages to stumble upon their anti-social act. To safeguard themselves, the gang sets out to wipe out the junior doctor.  She meets Perumal (Sundar C), a petty thief who does the job of recovering loan for an agency. He eventually vows to protect the junior doctor from her distress by putting an end to the gang and their atrocities.",
    "genres" : [ ]
  }, {
    "id" : 269732,
    "title" : "Moon, Star and Sun",
    "overview" : "A story combined by the lives of three night clubs girls in. Porsche is a once-famous aging night club girl; May is forced to work in a night club in order to pay her step-father's debt; and GiGi needs a huge amount of money in order to help her fiancé. They all know Night Club Girl is not a good reputation job, and they expect to start over again someday. However, it seems they cannot break the \"curse\" that \"Bad girls never have fortune\"",
    "genres" : [ {
      "id" : 18,
      "name" : "Drama"
    } ]
  }, {
    "id" : 269737,
    "title" : "Sniper",
    "overview" : "Directed and written by filmmaker Pierre Andre, this movie follows Ahmad, a former army officer whom has been dismissed from duty over disciplinary issues. He soon finds himself in an abandoned location with a small group of people whom are given firearms. With his sniper, he finds himself instructed by a mysterious person on the phone to hunt and kill the 'players' in order to survive the 'game'. What begins as a puzzle of uncovering the instigator's motives and next instruction, soon becomes a race to come out from it alive.",
    "genres" : [ {
      "id" : 28,
      "name" : "Action"
    } ]
  }, {
    "id" : 269742,
    "title" : "Woezel en Pip - Deel 1: Hier Zijn Woezel en Pip!",
    "overview" : "",
    "genres" : [ {
      "id" : 16,
      "name" : "Animation"
    }, {
      "id" : 10751,
      "name" : "Family"
    } ]
  }, {
    "id" : 269747,
    "title" : "Catch Me Daddy",
    "overview" : "Laila, a girl on the run from her family is hiding out in West Yorkshire with her drifter boyfriend Aaron. When her brother arrives in town with a gang of thugs in tow, she is forced to flee for her life and faces her darkest night.",
    "genres" : [ {
      "id" : 53,
      "name" : "Thriller"
    } ]
  }, {
    "id" : 269757,
    "title" : "Fascinating India 3D",
    "overview" : "\"Fascinating India 3D\" spreads an impressive panorama of India’s historical and contemporary world. The film presents the most important cities, royal residences and temple precincts. It follows the trail of different religious denominations, which have influenced India up to the present day.  Simon Busch and Alexander Sass travelled for months through the north of the Indian subcontinent to discover what is hidden under India’s exotic and enigmatic surface, and to show what is rarely revealed to foreigners.  The film deals with daily life in India. In Varanasi, people burn their dead to ashes. At the Kumbh Mela, the biggest religious gathering of the world, 35 million pilgrims bathe in holy River Ganges. This is the first time India is presented in such an alluring and engaging fashion on screen.",
    "genres" : [ {
      "id" : 99,
      "name" : "Documentary"
    } ]
  }, {
    "id" : 269762,
    "title" : "A Knight in London",
    "overview" : "A silent Anglo-German comedy starring Lilian Harvey.",
    "genres" : [ {
      "id" : 35,
      "name" : "Comedy"
    }, {
      "id" : 10749,
      "name" : "Romance"
    } ]
  }, {
    "id" : 269767,
    "title" : "The Night of Queen Isabeau",
    "overview" : "The film depicts the marriage between the mad Charles VI of France and his wife Queen Isabeau.",
    "genres" : [ {
      "id" : 36,
      "name" : "History"
    } ]
  }, {
    "id" : 269782,
    "title" : "Pinoy Pride XXII",
    "overview" : "Genesis Servania vs. Rafael Concepcion for the WBO Inter-Contnental Super Bantamweight championship.",
    "genres" : [ {
      "id" : 28,
      "name" : "Action"
    } ]
  }, {
    "id" : 269787,
    "title" : "Ronny Chieng: The Ron Way",
    "overview" : "The debut one hour comedy special commedian Ronny Chieng performed at the Edinburgh Fringe Festival 2013. It represents the best of his award winning material from the first 4 years of his career from 2009-2013, from that first small gig in a small room of the University of Melbourne, all the way to the Sydney Opera House, Melbourne's Town Hall, London's SOHO theatre and Montreal's Just For Laughs TV Gala. Thank you for reading this blurb and say no to drugs.",
    "genres" : [ {
      "id" : 35,
      "name" : "Comedy"
    } ]
  }, {
    "id" : 269792,
    "title" : "He Who Made Monsters: The Life and Art of Jack Pierce",
    "overview" : "Nice tribute to Universal make-up legend Jack Pierce who created some of the studios most famous works including Frankenstein's monster, the wolf man, the mummy and countless other creatures. Rick Baker, Tom Savini, Howard Berger, Bob Burns, Scott Essman, Kim Newman and Gregory Nicotero are just a few of the faces who appear and discuss the work of Pierce and why his work has had such a lasting impression on people.",
    "genres" : [ {
      "id" : 99,
      "name" : "Documentary"
    } ]
  }, {
    "id" : 269797,
    "title" : "RKO Production 601: The Making of 'Kong, the Eighth Wonder of the World'",
    "overview" : "An in-depth look at the genesis, production, and legacy of King Kong, one of the most influential films ever made.",
    "genres" : [ ]
  }, {
    "id" : 269802,
    "title" : "Montgomery Clift",
    "overview" : "Documentary produced by RAI, Italian television, which deals extensively with Clift's homosexuality and the interesting homophobic reactions of his alleged best friends (from: The Celluloid Closet). Part of the The Rebels series.",
    "genres" : [ {
      "id" : 99,
      "name" : "Documentary"
    } ]
  }, {
    "id" : 269807,
    "title" : "Kanavu Kadhalan",
    "overview" : "Kanavu Kadhalan the upcoming Tamil movie is a romantic film. It depicts the story of a girl who loves the person whose appearances are of her dream boy, drawn by her using computer.",
    "genres" : [ ]
  }, {
    "id" : 269812,
    "title" : "Nesam Nesapaduthe",
    "overview" : "Nesam Nesapaduthe is an tamil comedy - romantic movie directed by Debut director Rajasuriyan. Star Casting with new faces. The movie story is about the indian lovers.",
    "genres" : [ ]
  }, {
    "id" : 269817,
    "title" : "Chuda Chuda",
    "overview" : "A psychopathic killer chats up Tina, a school girl, on the Internet and invites her to his house with the intention of raping her and murdering her only to find the tables turned on him.",
    "genres" : [ {
      "id" : 53,
      "name" : "Thriller"
    } ]
  }, {
    "id" : 269822,
    "title" : "Vellachi",
    "overview" : "Vellachi is a 2013 Indian Tamil film directed by debut director Velu Viswanath featuring Pintu and Suchitra Unni in the lead roles. This film is a village based script, completely filmed in Vellore district.",
    "genres" : [ ]
  }, {
    "id" : 269827,
    "title" : "Thirumathi Tamil",
    "overview" : "Tamilselvan (Raaja Kumaran) comes to Chennai after his marriage with his uncle's daughter Jothi (Devayani) fails. In the city, his landlord's daughter Charumathi (Keerthi Chawla) falls in love with him. Although he rejects her proposal, his sense of responsibility doesn't allow him to desert her.",
    "genres" : [ ]
  }, {
    "id" : 269832,
    "title" : "Akintunde: The Whole Truth",
    "overview" : "Stand up comedy special: Akintunde",
    "genres" : [ ]
  }, {
    "id" : 269837,
    "title" : "Lang ist der Weg",
    "overview" : "",
    "genres" : [ {
      "id" : 36,
      "name" : "History"
    }, {
      "id" : 18,
      "name" : "Drama"
    } ]
  }, {
    "id" : 269842,
    "title" : "4",
    "overview" : "Tamil movie, Directed by Bhagavathi Bala, Starring Balladic, Chakravarthi, Vidyashri Rajpriya, Akshaya, Ranganathan, Nellai Siva and Bonda Mani",
    "genres" : [ ]
  }, {
    "id" : 269857,
    "title" : "The Girlfriend",
    "overview" : "A young woman is taken over by an evil entity on the way to meeting her boyfriends parents for the first time.",
    "genres" : [ {
      "id" : 53,
      "name" : "Thriller"
    }, {
      "id" : 27,
      "name" : "Horror"
    } ]
  }, {
    "id" : 269862,
    "title" : "Rebels in the End of Times",
    "overview" : "A documentary about the everyday life and the expectations of three rebels, from Cape Verde, who are waiting for the end of the world. They believe salvation will come with the return of Christ to earth to do justice among men.  \"To a thousand you'll get, from two thousand you won't pass\"",
    "genres" : [ {
      "id" : 99,
      "name" : "Documentary"
    } ]
  }, {
    "id" : 269867,
    "title" : "Away",
    "overview" : "",
    "genres" : [ {
      "id" : 18,
      "name" : "Drama"
    } ]
  }, {
    "id" : 269877,
    "title" : "Elf Onkel",
    "overview" : "",
    "genres" : [ {
      "id" : 18,
      "name" : "Drama"
    }, {
      "id" : 10770,
      "name" : "TV Movie"
    } ]
  }, {
    "id" : 269947,
    "title" : "The Gateway Meat",
    "overview" : "The Gateway Meat is a disturbing and sadistic film, that strays far from the normal conventions of the horror genre. It is about a group of Satanists, living in a quaint, coastal fishing town. As the film progresses we get to know the character played by DeCaro himself, Markus. The film is mainly about how Markus struggles as he tries to deal with the great expectations that are placed on him after his fathers death. Markus' father, who was a Satanist, was trying to open up a portal into hell. Now that he is gone, Markus must take the reigns, and gain the power that his father wanted. With the help of his family and a couple of friends, Markus murders his way to power, as his young, preschool aged daughter watches.",
    "genres" : [ {
      "id" : 27,
      "name" : "Horror"
    } ]
  }, {
    "id" : 269952,
    "title" : "American Jesus",
    "overview" : "AMERICAN JESUS is an exploration of Christianity in every faction of American Life, from the breadline to the yoga studio, from the humble churches of snake handlers to the mega churches in the ex-urbs. Christian cowboys, bikers and musicians, comedians, surfers and cage-fighters, they are all doing it for Christ. Aram Garriga travels from his native Barcelona to the politically divided United States to chronicle the sometimes bizarre relationship between faith, materialism, politics and personal passions in this uniquely American tableaux.  Populated by an array of religious and secular characters offering candid, often illuminating testimonials, AMERICAN JESUS is a vivid mosaic of personalities and conflicting points of view that emerges as a portrait of an America yearning for solace and meaning in the modern world.",
    "genres" : [ {
      "id" : 99,
      "name" : "Documentary"
    } ]
  }, {
    "id" : 269957,
    "title" : "El milagro del Papa",
    "overview" : "A supposed miracle benefits everyone around a Zacatecan boy, except the boy himself: the living proof of the infinite power of God on Earth has grown up and wants to migrate to the US.",
    "genres" : [ ]
  }, {
    "id" : 269962,
    "title" : "Lessons for Zafirah",
    "overview" : "A metaphor of the Flood in our times, The Flood is the rain of violence that washes over us. Noah´s Ark is the train that runs through Mexico toward the United States and migrants are the species attempting to save their lives. For the directors, cinema moves people not just by condemnation, but by confronting and fostering emotions which lead to new, constructive ideas. This documentary became a cinematographic diary for their first viewer, their three-year-old daughter, Zafirah.",
    "genres" : [ {
      "id" : 99,
      "name" : "Documentary"
    } ]
  }, {
    "id" : 269967,
    "title" : "Les cinéphiles 2 - Eric a disparu",
    "overview" : "More young cinephiles in part two of Skorecki's three part film.",
    "genres" : [ ]
  }, {
    "id" : 269972,
    "title" : "Skinny Puppy Live In Washington",
    "overview" : "live in Washington DC, USA, 24.11.1986",
    "genres" : [ {
      "id" : 10402,
      "name" : "Music"
    } ]
  }, {
    "id" : 269977,
    "title" : "Cerebella",
    "overview" : "A young woman gets a hotel room and contends with sleep deprivation.  The second in Adam Wingard's \"Forgot My Meds\" trilogy of short films.",
    "genres" : [ {
      "id" : 53,
      "name" : "Thriller"
    } ]
  }, {
    "id" : 269982,
    "title" : "Wings of Christmas",
    "overview" : "The film's protagonists get an opportunity to make a wish. Consequently, their lives take the path they themselves ordained. Several \"coincidences\" bring them everything they wanted and they have the chance to experience their wishes. We are not only responsible in our lives for everything that we do, but also for everything we say, we think and desire.",
    "genres" : [ {
      "id" : 35,
      "name" : "Comedy"
    }, {
      "id" : 18,
      "name" : "Drama"
    } ]
  }, {
    "id" : 269987,
    "title" : "Stukas of the Sea: German Speedboats  in World War II",
    "overview" : "This documentary uses original newsreels to tell the story of the German Stukas deployed in the Second World War. Designed as small, high-speed torpedo boats, there were approximately 200 Stukas built and used in the Channel, the Mediterranean and the Black Sea, sinking 40 warships and 100 merchant ships over the course of the war.",
    "genres" : [ ]
  }, {
    "id" : 269997,
    "title" : "Darker Than Midnight",
    "overview" : "Davide is different from the other teenagers. Something makes him look like a girl. Davide is fourteen when he runs away from home. His intuition leads him to choose Villa Bellini, a park in Catania, as a refuge. The park is a world in itself, a world of the marginalized, to which the rest of the city turns a blind eye. But one day the past catches up and Davide has to face the most difficult choice, this time alone.",
    "genres" : [ {
      "id" : 18,
      "name" : "Drama"
    } ]
  }, {
    "id" : 270002,
    "title" : "Fuck Off! Images of Finland",
    "overview" : "F*** Off! shows no false respect towards the authorities in its impudent and candid reportage of the developing country/welfare state Finland. It is a cinematic parallel to Donner's New Book of Our Land (1967). The travelogue focuses especially on Finland's outsiders, low-paid workers and the unemployed. In desolate provinces, the inhabitants of a cold and barren country either humbly abide their fate, choose to move to Sweden or take refuge in excessive drinking. These images are accompanied by protest songs based on Donner's own prose and the lyrics of poet Jarkko Laine. Perkele is embodied in big business and the political elite.The jagged (anti)aesthetics of the film correspond to the underground movement and the radical politics of the time. The camera agilely penetrates everyday life. Though opposed to censorship, Fuck Off! itself transgresses the boundaries of privacy.",
    "genres" : [ {
      "id" : 99,
      "name" : "Documentary"
    } ]
  }, {
    "id" : 270007,
    "title" : "Take Down",
    "overview" : "Sons and daughters of international billionaires are sent to an boot camp where they are taught basic survival skills in hopes it will teach them responsibility. When they are taken hostage and taken for ransom by kidnappers, they will need to utilize every skill they learned to survive.",
    "genres" : [ {
      "id" : 28,
      "name" : "Action"
    }, {
      "id" : 18,
      "name" : "Drama"
    }, {
      "id" : 53,
      "name" : "Thriller"
    } ]
  }, {
    "id" : 270012,
    "title" : "Tráfico de Fêmeas",
    "overview" : "A pimp enslaves and traffics women.",
    "genres" : [ {
      "id" : 80,
      "name" : "Crime"
    } ]
  }, {
    "id" : 270017,
    "title" : "Bitter, Sweet, Seoul",
    "overview" : "Over 98 days from August 20th to November 25th 2013, 2821 people from around the world sent 11,852 video featuring many different faces of Seoul. 154 were selected, edited, and made into a movie.",
    "genres" : [ {
      "id" : 99,
      "name" : "Documentary"
    } ]
  }, {
    "id" : 270022,
    "title" : "CPM 22 - Acústico",
    "overview" : "With influences from the Ramones, the Misfits, Buzzcocks, Pennywise, Green Day, and other old school punk and hardcore legends, CPM 22 recorded their first demo tape in 1998.  Their popularity in the Brazilian underground scene led CPM 22 to record the independent album A Alguns Quilômetros de Lugar Algum (A Few Kilometers From Nowhere). Two years later they were included in the Brazilian MTV video-music award in the demo clip category with \"Anteontem\" (The Day Before Yesterday).",
    "genres" : [ {
      "id" : 10402,
      "name" : "Music"
    } ]
  }, {
    "id" : 270027,
    "title" : "Dananir",
    "overview" : "A concubine to a ruling family is challenged when the family is overthrown.",
    "genres" : [ {
      "id" : 18,
      "name" : "Drama"
    }, {
      "id" : 10402,
      "name" : "Music"
    }, {
      "id" : 10749,
      "name" : "Romance"
    } ]
  }, {
    "id" : 270032,
    "title" : "Der Bulle und das Landei: Ich sehe was, was du nicht siehst und das ist ... tot",
    "overview" : "",
    "genres" : [ {
      "id" : 35,
      "name" : "Comedy"
    }, {
      "id" : 80,
      "name" : "Crime"
    } ]
  }, {
    "id" : 270037,
    "title" : "Büyük yemin",
    "overview" : "Hamza, a powerful county landowner killed a hardworking villager named Ahmet. Soon after this incident, Ahmet's son, Ali, shot the  landowner to death. Ali was imprisoned for 12 years before being released and then, in his turn, chased by the landowner's children...",
    "genres" : [ {
      "id" : 18,
      "name" : "Drama"
    } ]
  }, {
    "id" : 270047,
    "title" : "Beck 06 - Monstret",
    "overview" : "A bomb threat is called in to a police station in Stockholm. The police bomb squad blows the briefcase to pieces and it looks like false alarm, until a baby is found inside. Soon, e-mails are sent out to every newspaper about the nasty situation that the police had tried to keep secret. Will the police ever overcome the \"Monster\"?",
    "genres" : [ {
      "id" : 80,
      "name" : "Crime"
    } ]
  }, {
    "id" : 270057,
    "title" : "The Night Nurse",
    "overview" : "A private nurse uncovers strange goings-on in the home where she is working.",
    "genres" : [ ]
  }, {
    "id" : 270062,
    "title" : "In The Well",
    "overview" : "In The Well (Kuyu), Osman (Hayati Hamzaoğlu) is in love with his fellow villager Fatma (Nil Göncü). What Fatma feels about this is of no concern for him. The only thing that matters to him is his irresistible desire. He kidnaps Fatma, goes to jail for it, and his third attempt in forced compliance culminates in a tragic finale for both of them because of the young girl’s fatal revolt.",
    "genres" : [ {
      "id" : 18,
      "name" : "Drama"
    } ]
  }, {
    "id" : 270067,
    "title" : "Man Jeete Jag Jeet",
    "overview" : "Gurmeet Kaur is a kind-hearted, compassionate and devout Sikh woman who lives with her widowed father, and teaches children in a make-shift outdoor school. Her life changes drastically when two men abduct her and take her to the hideout of the region's most feared bandit, Sardar Bakhel Singh. Her freedom curtailed, forced to live in a dark cave, watched day and night by male bandits, some of who would like to get more than physically intimate with her, she will soon find out the real reason behind her abduction.",
    "genres" : [ {
      "id" : 18,
      "name" : "Drama"
    } ]
  }, {
    "id" : 270072,
    "title" : "Guitarra de medianoche",
    "overview" : "",
    "genres" : [ ]
  }, {
    "id" : 270077,
    "title" : "Διαμάντια στο Γυμνό σου Σώμα",
    "overview" : "",
    "genres" : [ {
      "id" : 28,
      "name" : "Action"
    }, {
      "id" : 80,
      "name" : "Crime"
    }, {
      "id" : 53,
      "name" : "Thriller"
    } ]
  }, {
    "id" : 270082,
    "title" : "Son dos días",
    "overview" : "",
    "genres" : [ ]
  }, {
    "id" : 270087,
    "title" : "Mi hermano",
    "overview" : "",
    "genres" : [ ]
  }, {
    "id" : 270092,
    "title" : "The Spongers",
    "overview" : "Set against the backdrop of Silver Jubilee of Elizabeth II, the play depicts a single mother's struggles as welfare cuts affect the poor and disabled. The derogatory term 'spongers' is used by British tabloid press to describe people who are dependent on welfare support, however the play presents the case of a family who really need the help of welfare support. The title sequence shows the title of the play, 'The Spongers', superimposed over a picture of Queen Elizabeth II and Prince Philip, Duke of Edinburgh, denoting them as 'the real spongers' as Royal finances are paid by British taxpayers.",
    "genres" : [ {
      "id" : 18,
      "name" : "Drama"
    }, {
      "id" : 10770,
      "name" : "TV Movie"
    } ]
  }, {
    "id" : 270097,
    "title" : "Love by the Light of the Moon",
    "overview" : "Shows a garden wall in the background. Two lovers appear and lean over the garden gate where the moon throws a shadow upon the ground. The young man invites the young lady to a settee, when the moon's face brightens into a very pronounced grin. As the pair begin love making, the moon winks one eye and then the other, and, finally, as the lovers become more interested, the moon comes down from the sky with a grin on his face as large as an old-fashioned apple pie.",
    "genres" : [ ]
  }, {
    "id" : 270102,
    "title" : "Los guapos del parque",
    "overview" : "A farmer puts up a notice, looking for a wife, and is soon fleeing from a dozen women.",
    "genres" : [ ]
  }, {
    "id" : 270107,
    "title" : "A Piano for Mrs. Cimino",
    "overview" : "Esther Cimino, a music teacher who has reached retirement age, finds that her mental faculties are slipping somewhat. The film is a trenchant, realistic study of the ravages and displacements, socially, physically, and mentally, that are visited upon a once-proud, sensitive, and still highly intelligent woman who is declared mentally incompetent by her children. She is subjected to a hearing, where her blurred responses prompt the judge to put her in a nursing home, and she begins to deteriorate. However, her granddaughter who loves her rouses her back to life and helps her learn how to live again.",
    "genres" : [ ]
  }, {
    "id" : 270112,
    "title" : "Beck - Okänd avsändare",
    "overview" : "Martin Beck, Gunvald Larsson and Alice Levander investigate the mysterious murder of an accountant that was found shot to death at the airport parking. At the same time a reporter receives a package from an anonymous source, with information regarding the embezzling of funds that should have been used for fixing up nuclear reactors. When the reporter contacts Beck, his home gets blown up by a bomb.",
    "genres" : [ {
      "id" : 53,
      "name" : "Thriller"
    }, {
      "id" : 80,
      "name" : "Crime"
    }, {
      "id" : 9648,
      "name" : "Mystery"
    } ]
  }, {
    "id" : 270117,
    "title" : "Beck 18 - Flickan i jordkällaren",
    "overview" : "A small girl is found dead in a deserted underground cellar. She has been dead for some time but there is fresh food for her. Who is she?",
    "genres" : [ ]
  }, {
    "id" : 270127,
    "title" : "The Wrestling Road Diaries Too",
    "overview" : "Wrestlers in a car go on journeys together and try to \"make it\"",
    "genres" : [ ]
  }, {
    "id" : 270142,
    "title" : "Le chrysanthème rouge",
    "overview" : "Two suitors bring flowers to their girl in hopes of winning her love.",
    "genres" : [ ]
  }, {
    "id" : 270147,
    "title" : "Öyle sevdim ki seni",
    "overview" : "The dilemma of a married man in Trapezes between ethical values and his love to Olga, who is the daughter of an immigrant from Trapezes to Russia in the early 1900's.",
    "genres" : [ ]
  }, {
    "id" : 270152,
    "title" : "Flammes",
    "overview" : "Memories split in the space.",
    "genres" : [ ]
  }, {
    "id" : 270157,
    "title" : "Oscar et Kiki la midinette",
    "overview" : "This serials played by Léon Lorin and various feminine actors, here Davrières, is full of comic elegance, parisianism of the Grands Boulevards and a real taste for fine shots. Appreciate the crossing of the Champ de Mars.",
    "genres" : [ ]
  }, {
    "id" : 270162,
    "title" : "Garfield show time twister",
    "overview" : "",
    "genres" : [ {
      "id" : 16,
      "name" : "Animation"
    } ]
  }, {
    "id" : 270172,
    "title" : "Les Frangines",
    "overview" : "",
    "genres" : [ ]
  }, {
    "id" : 270177,
    "title" : "Valley of Terror",
    "overview" : "A cowboy is arrested for rustling cattle. A lynch mob is formed by his buddy to try and arrange an escape in the confusion. Things go wrong.",
    "genres" : [ {
      "id" : 37,
      "name" : "Western"
    } ]
  }, {
    "id" : 270182,
    "title" : "Raiders of Red Gap",
    "overview" : "One man wants to control all the land in the state to graze all his cattle. His band of outlaws are raiding ranchers and homesteaders, trying to drive them out. Rocky (Bob Livingston) and Fuzzy (Al St. John) are brought in to help stop the raiders and keep the land for the small ranchers and homesteaders.",
    "genres" : [ {
      "id" : 37,
      "name" : "Western"
    } ]
  }, {
    "id" : 270192,
    "title" : "Ohnsorg Theater - Der Trauschein",
    "overview" : "",
    "genres" : [ {
      "id" : 35,
      "name" : "Comedy"
    } ]
  }, {
    "id" : 270197,
    "title" : "The Feud of the Trail",
    "overview" : "A man who's a dead ringer for the leader of an outlaw gang kills the gang leader, then takes his place to try to bring the gang to justice.",
    "genres" : [ {
      "id" : 37,
      "name" : "Western"
    } ]
  }, {
    "id" : 270202,
    "title" : "Personal Che",
    "overview" : "A documentary that explores the myth behind the truth. Different people around the globe reinterpret the legend of Che Guevara at will: from the rebel living in Hong Kong fighting Chinese domination, to the German neonazi preaching revolution and the Castro-hating Cuban. Their testimonies prove that the Argentinian revolutionary's historical impact reverberates still. But like with all legends, each sees what he will, in often contradictory perspectives.",
    "genres" : [ ]
  }, {
    "id" : 270212,
    "title" : "Mother's Finest Live at Rockpalast 1978",
    "overview" : "Recorded at Germany's Rockpalast a hotbed for 70's and 80's Rock shows hosted the Mothers Finest crew for two packed shows,These two Mother sets from 1978' and 2003 capture a 25yr span of Funk,Rock and Soul from one of the most influential American bands of the last 40yrs. The sets are full of lively pieces that capatures the electrifying excitement and fun the band creates in concert. The two separate sets also define the length of time between the two events as the Rockpalast changed locations and as the band grew older and a few bandmember changes are obvious. The concerts are high powered and the footage is remarkable,Mothers Finest at it's mighty best!!!",
    "genres" : [ ]
  }, {
    "id" : 270217,
    "title" : "A Joke on Jane",
    "overview" : "The roots of modern television situatuation comedy can be seen in this Beauty brand film. As American grew the Beauty brand was developed to feature actress Margarita Fisher. Her husband, Haryy Pollard, directed the Beauty films and occasionally acted in them. He plays the husband in this one.",
    "genres" : [ ]
  }, {
    "id" : 270222,
    "title" : "Empire of The Apes",
    "overview" : "In a distant galaxy three escaped female convicts crash land on a primitive world inhabited by a race of warlike apes. They fight for survival as the humanoid apes fight for their possession, body and soul. A daring escape is their only way out. Hot on their heels are the blood lusting gorillas and a prison warden bent on their return to the prison ship they escaped from. Treachery, alliances and battle await the fighting factions. Who will survive on a planet where apes rule and humans are only breeding stock.",
    "genres" : [ {
      "id" : 27,
      "name" : "Horror"
    } ]
  } ]
}