{
  "movies" : [ {
    "id" : 355940,
    "title" : "Estórias de Trancoso",
    "overview" : "",
    "genres" : [ {
      "id" : 18,
      "name" : "Drama"
    } ]
  }, {
    "id" : 355945,
    "title" : "Los hermanos del viento",
    "overview" : "",
    "genres" : [ ]
  }, {
    "id" : 355950,
    "title" : "A Boyfriend for My Wife",
    "overview" : "Chico (Caco Ciocler) is tired of the relationship and his wife's, Nena (Ingrid Guimarães), complaints. After spending 15 years together Chico has zero corauge to ask for a divorce. He decides to follow his friends advice and hire a lover to his wife, the womanizer Corvo (Domingos Montagner), in hopes that she gets involved with him and ends their marriage.",
    "genres" : [ {
      "id" : 35,
      "name" : "Comedy"
    } ]
  }, {
    "id" : 355960,
    "title" : "Prayer Beads",
    "overview" : "This horror anthology is featuring nine independent episodes, each 30 minutes long, that are revolving around bad karma and terror.",
    "genres" : [ ]
  }, {
    "id" : 355965,
    "title" : "A Lively Geisha",
    "overview" : "Koshizu (Fuji), a young geisha, tries to kill herself but is saved by cook Yukichi (Sugahara). Rival geisha Adakichi (Yumi), greedy trader Yasukawa (Abe) and wealthy businessman Asai (Soganoya) add up to dramatic turns.",
    "genres" : [ ]
  }, {
    "id" : 355970,
    "title" : "Rags to Riches",
    "overview" : "A framed cabby rounds up fur thieves and saves his opera-singer girlfriend.",
    "genres" : [ {
      "id" : 80,
      "name" : "Crime"
    }, {
      "id" : 18,
      "name" : "Drama"
    } ]
  }, {
    "id" : 355975,
    "title" : "Wir haben uns doch mal geliebt",
    "overview" : "",
    "genres" : [ {
      "id" : 18,
      "name" : "Drama"
    } ]
  }, {
    "id" : 355980,
    "title" : "Camel Trophy 1991 - Tanzania-Burundi",
    "overview" : "Competition, expedition or adventure? Camel Trophy is in fact all of these. 1991 and Camel Trophy travels to Africa for the second time in the event's history to tackle a 1600km route over little used tracks and traversing some of the world's most spectacular scenery teeming with precious wildlife. Travelling in identical Land Rover Discoverys the seventeen amateur teams from as many countries set off from Dar es Salaam, Tanzania, to fight their way through waist deep mud and two metre high elephant grass, climbing the hills of Burundi to the finish in the capital, Bujumbura. The target for the two man crew of each vehicle is to conquer natural obstacles along the way. They soon learn that only team work and determination will help them reach their final goal whilst keeping up a competitive edge through the challenging Special Tasks. Their prize is the Camel Trophy",
    "genres" : [ {
      "id" : 99,
      "name" : "Documentary"
    } ]
  }, {
    "id" : 355985,
    "title" : "KOMBALL : Master the ball",
    "overview" : "",
    "genres" : [ {
      "id" : 99,
      "name" : "Documentary"
    } ]
  }, {
    "id" : 355990,
    "title" : "Therion The Miskolc Experience",
    "overview" : "",
    "genres" : [ ]
  }, {
    "id" : 355995,
    "title" : "Brighton Street Scene",
    "overview" : "Lost film from 1888, directed by William Friese-Greene.",
    "genres" : [ ]
  }, {
    "id" : 356000,
    "title" : "Incident Light",
    "overview" : "In this poignant period drama set in 1960s Argentina, a young woman, struggling to raise her twin daughters alone after the tragic death of her husband, accepts the courtship of a charming but mysterious older suitor.",
    "genres" : [ {
      "id" : 18,
      "name" : "Drama"
    } ]
  }, {
    "id" : 356005,
    "title" : "Meurtrière",
    "overview" : "Meurtrière is the second movement of a triptych by Philippe Grandrieux whose common thread is anxiety.  Each movement, White Epilepsy, Meurtrière, Unrest, consists of a performance, a film and an installation.",
    "genres" : [ ]
  }, {
    "id" : 356010,
    "title" : "ITIS Galileo",
    "overview" : "",
    "genres" : [ {
      "id" : 99,
      "name" : "Documentary"
    }, {
      "id" : 36,
      "name" : "History"
    } ]
  }, {
    "id" : 356015,
    "title" : "Ausmerzen",
    "overview" : "",
    "genres" : [ {
      "id" : 99,
      "name" : "Documentary"
    }, {
      "id" : 36,
      "name" : "History"
    } ]
  }, {
    "id" : 356020,
    "title" : "Negrita Live",
    "overview" : "",
    "genres" : [ {
      "id" : 10402,
      "name" : "Music"
    } ]
  }, {
    "id" : 356025,
    "title" : "Litfiba: El Diablo Tour",
    "overview" : "",
    "genres" : [ {
      "id" : 10402,
      "name" : "Music"
    } ]
  }, {
    "id" : 356035,
    "title" : "Sokol Did Not Love Him",
    "overview" : "The story begins in a small rural village in Ladimirevci, Eastern Croatia in 1943, where a land owner Sima is helping the Partisan Movement and the official Ustasha regime in order to save the life of his son Beneš, who is enlisted in the German army. Sima doesn't want to let his son fight for the wrong side any more, and doesn't want to give him to the Partisans either, so he hides him in his attic for the time being. The story is interwoven with episodes of Sima trying to muster a beautiful stallion - Sokol - who only answers to his son Beneš and clearly doesn't like his old man.",
    "genres" : [ {
      "id" : 18,
      "name" : "Drama"
    }, {
      "id" : 10752,
      "name" : "War"
    } ]
  }, {
    "id" : 356040,
    "title" : "Charuga",
    "overview" : "This film is based on the true story about Jovo Stanivukovic alias Caruga, bandit who became legend in post-WW1 Slavonia, Croatia.",
    "genres" : [ {
      "id" : 18,
      "name" : "Drama"
    }, {
      "id" : 35,
      "name" : "Comedy"
    }, {
      "id" : 12,
      "name" : "Adventure"
    } ]
  }, {
    "id" : 356045,
    "title" : "National Geographic: Was Tiere alles können",
    "overview" : "",
    "genres" : [ {
      "id" : 99,
      "name" : "Documentary"
    } ]
  }, {
    "id" : 356050,
    "title" : "The Dragon Creek",
    "overview" : "Shaw Brothers Action Drama.",
    "genres" : [ {
      "id" : 18,
      "name" : "Drama"
    }, {
      "id" : 28,
      "name" : "Action"
    } ]
  }, {
    "id" : 356055,
    "title" : "In God's Plan",
    "overview" : "A Catholic girl tries to infiltrate a sinister cult in an attempt to prove her loyalty to the church.",
    "genres" : [ {
      "id" : 18,
      "name" : "Drama"
    }, {
      "id" : 27,
      "name" : "Horror"
    }, {
      "id" : 53,
      "name" : "Thriller"
    } ]
  }, {
    "id" : 356060,
    "title" : "Camel Trophy 1994 - Argentina Paraguay Chile",
    "overview" : "Never before has the Camel Trophy visited so many of the world's empty quarters, crossed so many borders, or seen such a variety of landscapes as in 1994. By the time they had navigated their way across the vast barren wilderness of the Atacama Desert to the finish line, they had passed through some of the continent's most extreme environments. Sweltering swamplands, impenetrable scrub, deep dry river washouts and sandstone gorges gave way to mountain passes with crumbling edges and hair raising drops. The teams stopped only to build a crucial scientific research station in the foothills of the Andes. For the 36 participants who came in search of challenges that would break new frontiers in human tolerance and adventure, Camel Trophy Argentina Paraguay Chile '94 undoubtedly fulfilled their dreams.",
    "genres" : [ {
      "id" : 99,
      "name" : "Documentary"
    } ]
  }, {
    "id" : 356065,
    "title" : "Camel Trophy 1998 - Tierra del Fuego",
    "overview" : "From the bustling metropolis of Santiago, capital of Chile, the forty competitors from twenty countries headed south on their three week South American adventure in what proved to be the most enjoyable and challenging Camel Trophy ever. In 1997 criss-crossing between Chile and Argentina through the Andean mountains, the spine of South America, teams had to contend with sub zero temperatures, deep snow and ice in their Land Rover Freelanders. Teams met for fun and relaxation at three points along the way where they climbed active volcano Villarica, rafted the whitewater on the world famous Rio Futaleufu and kayaked amongst turquoise icebergs at Torres del Paine. After three weeks the teams arrived in Ushuaia, southernmost city in the world, on the island of Tierra del Fuego",
    "genres" : [ {
      "id" : 99,
      "name" : "Documentary"
    } ]
  }, {
    "id" : 356070,
    "title" : "Degeneration Punk",
    "overview" : "Amusing ARTE Special with SEX PISTOLS, CLASH, GENERATION X, DEAD BOYS, DAMNED, and more  This rare documentary covers three very influential years in the shaping of punk rock: 1976-1979. more... Punk rock music was emerging as a solid genre, standing apart from the fuzzed out garage rock that came before it. This video documents the bands that pushed the envelope--The Clash, Sham 69, Generation X, The Dead Boys, X-Ray Spex...Some cool footage...newsreels on Sid Vicious' killing of Nancy Spungen, overdose... and more!",
    "genres" : [ ]
  }, {
    "id" : 356075,
    "title" : "The Outer Circle Line",
    "overview" : "In the late 19th century, Melbourne was awash with money following the Gold Rush and an exploding wool export trade. The city was in the midst of a building boom, with the construction of extravagant buildings, street lighting and public amenities. To service this expanding city, the railway minister, Thomas Bent, ambitiously proposed the construction of new railway lines in Victoria’s 55 constituencies, one of these being the Outer Circle Line, designed to create a link to the city for trains coming from Gippsland and terminating at Oakleigh.  Construction commenced in 1888 and was overseen by 22-year-old civil engineer John Monash, who ensured it was constructed on time and on budget, despite government inefficiencies. Opening in sections in the early 1890s, the line serviced few passengers and much of it closed within two years. Sections of the line still exist as part of the Alamein line with the majority of it forming a network of parks and bike tracks.",
    "genres" : [ ]
  }, {
    "id" : 356080,
    "title" : "Dukot",
    "overview" : "Junix Etrata and his girlfriend Maricel Salvacruz being abducted by military intelligence agents. Junix is a student activist who decided to dedicate all of his time to the movement. He takes refuge in the mountains to live with the indigenous people. Maricel, on the other hand, left the movement to lead a normal life. Their captors identified them as leaders of the New People's Army (NPA). In order to extract information from them, they were subjected to inhumane torture and despicable harassment.",
    "genres" : [ {
      "id" : 18,
      "name" : "Drama"
    }, {
      "id" : 80,
      "name" : "Crime"
    } ]
  }, {
    "id" : 356085,
    "title" : "Rape Zombie: Lust Of The Dead 5",
    "overview" : "",
    "genres" : [ {
      "id" : 27,
      "name" : "Horror"
    } ]
  }, {
    "id" : 356090,
    "title" : "2 Nights Till Morning",
    "overview" : "Caroline, a French architect in Vilnius, Lithuania, on business, has to spend an extra night in the city due to a delayed work meeting. At the bar of her hotel she meets Jaakko, a Finnish DJ who is in Vilnius for a gig. Caroline lets him understand that she doesn’t speak English, and Jaakko doesn’t speak French. Although they lack a common language, they find themselves enjoying each other’s company...",
    "genres" : [ {
      "id" : 10749,
      "name" : "Romance"
    }, {
      "id" : 18,
      "name" : "Drama"
    } ]
  }, {
    "id" : 356095,
    "title" : "Kanye West at Coachella",
    "overview" : "On Sunday April 17th, 2011, hip-hop artist and widely lauded producer Kanye West took to the prestigious Coachella festival to deliver one of the greatest sets in modern history.",
    "genres" : [ {
      "id" : 10402,
      "name" : "Music"
    } ]
  }, {
    "id" : 356100,
    "title" : "Mi música preferida: Clásicos para bebés",
    "overview" : "",
    "genres" : [ {
      "id" : 16,
      "name" : "Animation"
    } ]
  }, {
    "id" : 356105,
    "title" : "Disfrazarse",
    "overview" : "",
    "genres" : [ {
      "id" : 16,
      "name" : "Animation"
    } ]
  }, {
    "id" : 356110,
    "title" : "Double Fattiness",
    "overview" : "Siu-Fung (Lydia Sum), an owner of a pizzeria, unexpectedly succumbs to a heart attack. However, her spirit was unable to cross over to the other side, thus, she resurrects into the body of a young woman (Maggie Cheung). Afterward, she reunites with her family and tries to convince them that she is alive. Yet, the plot thickens when a woman, unrelated to the family and is physically identical to Siu-Fung, appears, and Siu-Fung's husband (Bill Tung) thinks that that woman is his wife.",
    "genres" : [ ]
  }, {
    "id" : 356115,
    "title" : "The Running Gun",
    "overview" : "When a guinfighter drifts into a small Arizona town offering his gun for hire he finds what life is all about and that his has been wasted.",
    "genres" : [ {
      "id" : 37,
      "name" : "Western"
    } ]
  }, {
    "id" : 356120,
    "title" : "Cinco mil dolares de recompensa",
    "overview" : "Mexico 1974",
    "genres" : [ {
      "id" : 37,
      "name" : "Western"
    } ]
  }, {
    "id" : 356125,
    "title" : "Uno para la horca",
    "overview" : "A man named Tony is captured riding the horse of Lee Corey, a missing delivery man for a local mining company. Tony claims to have bought the horse from two men, but the sheriff believes he has murdered Corey and stolen the horse. Tony is sent to the gallows, but escapes hanging with the help of Corey's mistress and sets out to find the real killer.",
    "genres" : [ {
      "id" : 37,
      "name" : "Western"
    } ]
  }, {
    "id" : 356135,
    "title" : "Gangs Of The City",
    "overview" : "Heiress Bonnie Parker, tired of newspaper stories about her society high-life, gives a false story to energetic reporter Bill Raymond, who has frequently pestered her for a scoop. When Bill is dismissed for the phony item,  Bonnie realizes that she carried the prank too far.....",
    "genres" : [ {
      "id" : 35,
      "name" : "Comedy"
    }, {
      "id" : 10749,
      "name" : "Romance"
    }, {
      "id" : 18,
      "name" : "Drama"
    }, {
      "id" : 80,
      "name" : "Crime"
    } ]
  }, {
    "id" : 356140,
    "title" : "Love Education",
    "overview" : "禁室培慾之愛的俘虜\r Love Education (2006)\r Country: Japan\r Genre: Adult  Rating: III (Hong Kong)  Director  Ng Man-Ching  Script  Sam Leong Tak-Sam  Winnie Chan Wai-Sam  Producers  Sam Leong Tak-Sam  Yoneyama Shin",
    "genres" : [ ]
  }, {
    "id" : 356155,
    "title" : "Glenroy Bros., No. 2",
    "overview" : "The Glenroy Brothers perform a portion of their vaudeville act, \"The Comic View of Boxing: The Tramp &amp; the Athlete\".",
    "genres" : [ {
      "id" : 35,
      "name" : "Comedy"
    } ]
  }, {
    "id" : 356160,
    "title" : "Good Company Two",
    "overview" : "Tom Wallisch, X-games gold medalist, has teamed up with friends from all over the world to create something incredible. Based around the simple concept of good friends traveling and skiing together, \"Good Company” brings you amazing ski action in an entirely new format. Kyle Decker and AJ Dakoulas have collaborated to create a film you have to watch.",
    "genres" : [ ]
  }, {
    "id" : 356165,
    "title" : "Alarm im Kasperletheater",
    "overview" : "",
    "genres" : [ ]
  }, {
    "id" : 356170,
    "title" : "Wild Horse Round-Up",
    "overview" : "",
    "genres" : [ {
      "id" : 37,
      "name" : "Western"
    } ]
  }, {
    "id" : 356175,
    "title" : "Rhythm Round-Up",
    "overview" : "Arriving in Arizona, the band members discover that the hotel is haunted and that it properly belongs to young Jimmy Benson (Curtis), the nephew of the previous owner. The \"ghosts,\" however, turns out to be a trio of confidence men, Zeke Winslow (Guinn \"Big Boy\" Williams), Noah Jones (Raymond Hatton) and Slim Jensen Victor Potel, who are hoping to buy the place themselves.",
    "genres" : [ {
      "id" : 10402,
      "name" : "Music"
    }, {
      "id" : 37,
      "name" : "Western"
    } ]
  }, {
    "id" : 356185,
    "title" : "Dengler - Am zwölften Tag",
    "overview" : "",
    "genres" : [ {
      "id" : 80,
      "name" : "Crime"
    } ]
  }, {
    "id" : 356190,
    "title" : "San Domingo",
    "overview" : "This surrealistic experimental film finds the son of a young nobleman staying with hash-smoking hippies in a seamy section of Munich. He falls for a hippie girl who is involved in shaking down the young man's parents for money. She falls in love with the young man but the group continues to extract money from the parents in return for their wayward son. When he discovers the shakedown, his rage leads to tragedy for the star-crossed lovers.",
    "genres" : [ {
      "id" : 18,
      "name" : "Drama"
    } ]
  }, {
    "id" : 356200,
    "title" : "One Breath",
    "overview" : "A nightmarish crisis occurs after a pregnant young Greek immigrant takes a job as a nanny to a young professional couple, in this stunning drama from Germany’s Christian Zübert.",
    "genres" : [ {
      "id" : 18,
      "name" : "Drama"
    } ]
  }, {
    "id" : 356205,
    "title" : "One Last Goodbye",
    "overview" : "Boy meets girl.",
    "genres" : [ ]
  }, {
    "id" : 356210,
    "title" : "at Home",
    "overview" : "A father, a mother, an elder son, a daughter and a younger son. A family of five. For all appearances, a perfectly normal, happy family. But none them related",
    "genres" : [ {
      "id" : 80,
      "name" : "Crime"
    } ]
  }, {
    "id" : 356215,
    "title" : "Wildflower",
    "overview" : "An innocent young woman who sells flowers in a small-town cabaret frequented by down-and-out prostitutes is lusted after by the son of a school principal, played by Anita Linda. An aging gardener takes her in to try to protect her from the harsh world, though secretly, he too lusts after the young girl, in spite of his impotence cause by the war. She goes to school, where morality and empty platitudes are mouthed, but the attempts at life's lessons are foiled by the realities of the cabaret world. While the school and the gardener try to protect her innocence, the young girl is lured by the temptation of the worldly cabaret, and her womanhood is awakened.",
    "genres" : [ {
      "id" : 10749,
      "name" : "Romance"
    }, {
      "id" : 18,
      "name" : "Drama"
    } ]
  }, {
    "id" : 356225,
    "title" : "Dark Rendezvous",
    "overview" : "A dark rendezvous by the Shaw Brothers.",
    "genres" : [ ]
  }, {
    "id" : 356230,
    "title" : "Disagreeable Mistake",
    "overview" : "A workman places his paint can in an unfortunate spot.",
    "genres" : [ {
      "id" : 35,
      "name" : "Comedy"
    } ]
  }, {
    "id" : 356235,
    "title" : "Feijoada Completa",
    "overview" : "",
    "genres" : [ ]
  }, {
    "id" : 356240,
    "title" : "Fugoh Keiji Deluxe [A Millionaire Detective]",
    "overview" : "What do you get when you mix a granddaughter from an extremely rich family with crime, murder, and a passion for law and justice?  Kanbe Miwako (Kyoko Fukada), a granddaughter of a super rich millionaire becomes a detective and starts working at a male dominant police station. Her fancy fashion, elegant manners, and upper-class attitudes constantly gets on the nerves of the old-fashioned coworkers. However, to everyone’s surprise, Miwako’s unique investigation lead by an ultra rich sense of value becomes the key to solve mysterious cases, one by one!",
    "genres" : [ ]
  }, {
    "id" : 356250,
    "title" : "Erika The Secret Agent [aka Himitsu Chouhouin Erika]",
    "overview" : "Erika Takahashi (Chiaki Kuriyama) is a former secret agent for Japan's Cabinet Information Investigation Department. She is now retired and happily married. One day, Erika receives a request from her ex-boss. Erika has kept her past life as a secret agent a secret from her husband ...",
    "genres" : [ ]
  }, {
    "id" : 356255,
    "title" : "Legal High",
    "overview" : "Kazuhiko Kogure, who is a 2nd grade student in middle school, falls off from one of the school's rooftop. There were other male students on the roof when Kazuhiko Kogure fell off. According to the other students there, Kazuhiko Kogure tried to jump to another school building, but missed. Fortunately, Kazuhiko Kogure only fractured his leg and ribs. According to Kazuhiko Kogure's mother Hidemi, the school insists it was students playing around and did not involve bullying. Hidemi though, doesn't believe it, because Kazuhiko Kogure has a fear of heights. Hidemi goes to see attorney Machiko Mayuzumi (Yui Aragaki) and Machiko decides to take her case, but she asks for fellow attorney Kensuke Komikado's (Masato Sakai) help. Meanwhile, the school hires attorney Teshigahara Isao (Kinya Kitaoji).",
    "genres" : [ {
      "id" : 18,
      "name" : "Drama"
    }, {
      "id" : 35,
      "name" : "Comedy"
    } ]
  }, {
    "id" : 356260,
    "title" : "Sashichi Detective Story: 6 Famous Beauties",
    "overview" : "Famed detective Dandy Sashichi tries to solve who's behind the serial murders of six beautiful women under the aegis of local showman Ibaragiya. The film opens with the sextet humiliating a respected painter's portraits of them, driving the man to a sus­picious suicide. Later, while celebrating his son's impending marriage into a wealthy family, Ibaragiya releases six pigeons from a pleasure boat, each with a rolled up drawing of one of the beauties tied to their legs. He offers a cash reward to whomever recovers the pictures, but they instead become death notices of which of the six are next to die.",
    "genres" : [ ]
  }, {
    "id" : 356265,
    "title" : "Ubu and the Great Gidouille",
    "overview" : "An extraordinary cut-out-and-move adaptation of all three of Jarry's Ubu plays. The characters are caricatured almost to abstraction- in the opening scene Ma Ubu is even depicted as a bug, Pa Ubu has a massive jaw and a microcephalic brain case.",
    "genres" : [ {
      "id" : 18,
      "name" : "Drama"
    }, {
      "id" : 16,
      "name" : "Animation"
    }, {
      "id" : 80,
      "name" : "Crime"
    } ]
  }, {
    "id" : 356270,
    "title" : "The Broken Crown",
    "overview" : "In a Spain consumed by ambition and power, the future of an empire depends of the mind state of a single woman.",
    "genres" : [ {
      "id" : 18,
      "name" : "Drama"
    }, {
      "id" : 36,
      "name" : "History"
    } ]
  }, {
    "id" : 356275,
    "title" : "One Night",
    "overview" : "The Beckius family is living near the border to Russia. The youngest son, Armas, is living a wild life that eventually leads to a break with the family after which he joins the Russian Revolution. When he returns to his home country a few years later the family on the enemy's side.",
    "genres" : [ ]
  }, {
    "id" : 356280,
    "title" : "The Glacier Fox - 35th Anniversary Edition",
    "overview" : "",
    "genres" : [ {
      "id" : 10751,
      "name" : "Family"
    } ]
  }, {
    "id" : 356285,
    "title" : "Frontiers of '49",
    "overview" : "In California in 1848, Brunton through his stooge Sheriff is evicting the Mexicans from their ranches. Major John Freeman and his troops arrive to investigate. Keeping his troops hidden and appearing out of uniform, he takes up the fight against Brunton. He helps a rancher who has been evicted before his taxes were due only to find him murdered and this leads to the showdown between Brunton's men and the soldiers.",
    "genres" : [ {
      "id" : 37,
      "name" : "Western"
    } ]
  }, {
    "id" : 356290,
    "title" : "Inn on the Road to Europe",
    "overview" : "The story speaks about the people who want to work, or want to change the world into a better place to live. All the characters in this film have no existence outside the imagination of the author and are inspired by the Balkan way of living. This is a story about the illusions of the Don Quixotes of the Balkans and their life style. Georgij is one of these. He is young, enthusiastic, well-mannered and a charming and committed teacher with an invincible spirit who wants to bring all innovations from the New World, which is Europe, to the Balkans. He opposes traditional Balkan skepticism and does not accept the status quo.",
    "genres" : [ {
      "id" : 18,
      "name" : "Drama"
    } ]
  }, {
    "id" : 356295,
    "title" : "The Numberman Theory",
    "overview" : "This film is a short comedy/mock-umentary about a man who is so obsessed with the beauty of numbers that he tries to actually become a number. Its performance shows us the significance of human progress and having a beautiful mind.",
    "genres" : [ {
      "id" : 35,
      "name" : "Comedy"
    } ]
  }, {
    "id" : 356300,
    "title" : "How to Plan an Orgy in a Small Town",
    "overview" : "How to Plan an Orgy in a Small Town is about a group of friends who live in the picturesque town of Beaver’s Ridge—the epitome of wholesomeness and strong family values. Their orderly life is interrupted by the homecoming of Cassie Cranston (Jewel Staite), whom they slut-shamed into leaving town when she was a teenager. Now a big-city sex writer, Cassie returns home to face an unwelcome reception by her former friends, and finds an opportunity to seek revenge by writing a book about them when they ask her if she’ll help them plan an orgy.",
    "genres" : [ {
      "id" : 35,
      "name" : "Comedy"
    } ]
  }, {
    "id" : 356305,
    "title" : "Why Him?",
    "overview" : "A dad forms a bitter rivalry with his daughter's young rich boyfriend.",
    "genres" : [ {
      "id" : 35,
      "name" : "Comedy"
    } ]
  }, {
    "id" : 356310,
    "title" : "Längtan till havet",
    "overview" : "Marius is torn between the love for Fanny on land and the desire to go out to sea.",
    "genres" : [ ]
  }, {
    "id" : 356315,
    "title" : "Valley of Fear",
    "overview" : "Johnny Williams (Johnny Mack Brown) returns to his home town of Beaufort, and finds himself when being chased by banker Henry Stevens (Tristram Coffin), Grangers Association head Les Travers (Ed Cassidy as Edward Cassidy) and real estate agent Frank Wilkins (Ted Adams.)",
    "genres" : [ {
      "id" : 37,
      "name" : "Western"
    } ]
  }, {
    "id" : 356320,
    "title" : "Paul à Québec",
    "overview" : "Paul à Québec is quite simply about life, at its happiest and at its most challenging. Paul and his in-laws offer us a window onto the everyday life of the Beaulieu family, but we also witness the decline of his father-in-law, Roland. Paul à Québec is a hymn to life that reminds us, among other things, of the beauty of those small moments when, in spite of the farewells, life shows us how important it is to savour every instant.",
    "genres" : [ {
      "id" : 18,
      "name" : "Drama"
    }, {
      "id" : 35,
      "name" : "Comedy"
    } ]
  }, {
    "id" : 356325,
    "title" : "Everything Is Copy",
    "overview" : "Jacob Bernstein's extremely entertaining film is a tribute to his mother Nora Ephron: Hollywood-raised daughter of screenwriters who grew up to be an ace reporter turned piercingly funny essayist turned novelist/screenwriter/playwright/director. Ephron comes vibrantly alive onscreen via her words; the memories of her sisters, colleagues, former spouses, and many friends; scenes from her movies; and, above all, her own inimitable presence. Watch any given moment of Ephron being her sparkling but caustically witty self (for instance, this response to a scolding talk show host—\"You have a soft spot for Julie Nixon, don't you. See, I don't...\") and you find it hard to believe that she’s been gone from our midst for three years. Everything Is Copy (Ephron's motto, inherited from her mother) is a lovingly drawn but frank portrait and, incidentally, a vivid snapshot of an earlier, livelier, bitchier, and funnier moment in New York culture.",
    "genres" : [ {
      "id" : 99,
      "name" : "Documentary"
    } ]
  }, {
    "id" : 356330,
    "title" : "Without Coal",
    "overview" : "Animated film based on the comic strip \"Jerry on the Job\" - a man on the station platform tells Jerry Flannigan and Mr. Givney that he knows how to run a train without coal.",
    "genres" : [ {
      "id" : 35,
      "name" : "Comedy"
    }, {
      "id" : 16,
      "name" : "Animation"
    } ]
  }, {
    "id" : 356335,
    "title" : "Man vs. Snake",
    "overview" : "1984. One shiny quarter. 44.5 hours of continuous play. The race to be the first gamer in history to score one BILLION points. Until recently, Timothy McVey (not the terrorist) thought he had — for all these years — held the world record on Nibbler. Note: a Nibbler cabinet will be available in the lobby for the duration of Fantastic Fest for attendees to attempt to break the current world record.",
    "genres" : [ {
      "id" : 99,
      "name" : "Documentary"
    } ]
  }, {
    "id" : 356340,
    "title" : "Law of the Northwest",
    "overview" : "Briefly switching gears in 1942 and 1943, western star Charles Starrett made a handful of \"northerns\" in which he played a Canadian mountie. In Law of the Northwest, Steve King (Starrett) supervises a road-construction project designed to transport war materials to the Aleutians. Problems arise when a crooked contractor decides that his interests are more important than the war effort.",
    "genres" : [ {
      "id" : 37,
      "name" : "Western"
    } ]
  }, {
    "id" : 356345,
    "title" : "Dud, the Circus Performer",
    "overview" : "Dud imagines himself as a daring circus performer (which would certainly impress Mamie.)",
    "genres" : [ {
      "id" : 16,
      "name" : "Animation"
    } ]
  }, {
    "id" : 356350,
    "title" : "Thunderbolt",
    "overview" : "",
    "genres" : [ {
      "id" : 37,
      "name" : "Western"
    } ]
  }, {
    "id" : 356355,
    "title" : "Die Reventlow",
    "overview" : "",
    "genres" : [ {
      "id" : 36,
      "name" : "History"
    } ]
  }, {
    "id" : 356360,
    "title" : "Kolilakkam",
    "overview" : "Kolilakkam followed the \"lost and found\" formula. Three brothers are separated in their childhood and how they reunite forms the story. Jayan, Sukumaran and M.G. Soman played the brothers, while Madhu and K. R. Vijaya, played their parents.",
    "genres" : [ {
      "id" : 18,
      "name" : "Drama"
    }, {
      "id" : 80,
      "name" : "Crime"
    } ]
  }, {
    "id" : 356365,
    "title" : "The E-waste Tragedy",
    "overview" : "Every year, up to 50 million tons of electronic waste - computers, television sets, mobile phones, household appliances - are discarded in the developed world. 75% of this waste disappears from the legal recycling circuits, with much of it being dumped illegally in the Third World, where it destroys landscapes and harms lives. This film takes the viewer on a journey of investigation to Europe, China, Africa and the US and reveals a toxic global trade fuelled by greed and corruption.\r - Written by Cosima Dannoritzer",
    "genres" : [ {
      "id" : 99,
      "name" : "Documentary"
    } ]
  }, {
    "id" : 356370,
    "title" : "Jaanisaar",
    "overview" : "A period drama set in the year 1877 that narrates the love story of a revolutionary courtesan.",
    "genres" : [ {
      "id" : 18,
      "name" : "Drama"
    }, {
      "id" : 10749,
      "name" : "Romance"
    } ]
  }, {
    "id" : 356375,
    "title" : "Minnaminuginum Minnukettu",
    "overview" : "Minnaminuginum Minnukettu is a 1995 Indian Malayalam film, directed by Thulasidas and produced by Mukesh R Mehta. The film stars Jayaram, Shobhana, Thilakan and Kaviyoor Ponnamma in lead roles. The film had musical score by S. P. Venkatesh.",
    "genres" : [ {
      "id" : 18,
      "name" : "Drama"
    } ]
  }, {
    "id" : 356380,
    "title" : "Long Live the Bride",
    "overview" : "In a despairing, fatalistic Rome, Nicola finds himself flirting with the city’s dark side. Drinking too much and living among drifters, petty criminals and anxious immigrants, Nicola becomes entwined in an insurance scam that leads him further into a netherworld he may never escape.",
    "genres" : [ {
      "id" : 18,
      "name" : "Drama"
    } ]
  }, {
    "id" : 356385,
    "title" : "Shanty Town",
    "overview" : "About two neighboring houses on Södermalm in Stockholm and the people living in them.",
    "genres" : [ {
      "id" : 35,
      "name" : "Comedy"
    } ]
  }, {
    "id" : 356390,
    "title" : "Hans Nåds testamente",
    "overview" : "His grace, the Lord Chamberlain and Colonel Baron Roger Bernhusen de Sars of Rogershus, Klockeberga and Björkenäs, will celebrate his 70th birthday. He decides to write his will and publish it on the birthday.",
    "genres" : [ {
      "id" : 35,
      "name" : "Comedy"
    } ]
  }, {
    "id" : 356395,
    "title" : "Erasmo Carlos ao Vivo no Theatro Municipal",
    "overview" : "",
    "genres" : [ {
      "id" : 10402,
      "name" : "Music"
    } ]
  }, {
    "id" : 356405,
    "title" : "Routine",
    "overview" : "Two friends share a conversation during an eventful walk to an unknown location.",
    "genres" : [ {
      "id" : 53,
      "name" : "Thriller"
    }, {
      "id" : 35,
      "name" : "Comedy"
    } ]
  }, {
    "id" : 356410,
    "title" : "Der vielgeliebte Herr Brotonneau",
    "overview" : "",
    "genres" : [ {
      "id" : 35,
      "name" : "Comedy"
    } ]
  }, {
    "id" : 356415,
    "title" : "The Flamboyant Sex",
    "overview" : "A story taking place over 24 hours about three Swedish girls and their life in Paris.",
    "genres" : [ ]
  }, {
    "id" : 356420,
    "title" : "Getting Together",
    "overview" : "Getting Together (aka Feelin' Up! under its Troma 82 minute home video re-edit) is the wacky, provocative tale of a young boy's transformation from his conservative middle class upbringing to a new, wild and sex-filled life!",
    "genres" : [ {
      "id" : 35,
      "name" : "Comedy"
    }, {
      "id" : 18,
      "name" : "Drama"
    } ]
  }, {
    "id" : 356425,
    "title" : "Sainyam",
    "overview" : "The story involves the life of Indian Air force officer (Group captain Eashwar) who engages himself into a project called \"Red Alert\" which involves the renovation of condemned Aircraft. He is 35 unmarried and interested in Research wing of Indian Air force. Eshwar is assisted by Wing Commander Zakir (Mukesh).",
    "genres" : [ {
      "id" : 10752,
      "name" : "War"
    }, {
      "id" : 18,
      "name" : "Drama"
    } ]
  }, {
    "id" : 356430,
    "title" : "Der Schlafwagenkontrolleur",
    "overview" : "",
    "genres" : [ {
      "id" : 35,
      "name" : "Comedy"
    } ]
  }, {
    "id" : 356435,
    "title" : "Bergsteiger in den Allgäuer Alpen: Teil 1 - Aufstieg",
    "overview" : "A silent short documentary directed by Norman Dix.",
    "genres" : [ {
      "id" : 99,
      "name" : "Documentary"
    } ]
  }, {
    "id" : 356440,
    "title" : "Zwei aus Verona",
    "overview" : "",
    "genres" : [ {
      "id" : 35,
      "name" : "Comedy"
    } ]
  }, {
    "id" : 356445,
    "title" : "Rollin' Westward",
    "overview" : "A cowboy helps a pretty young woman and her father in their fight against land-grabbers who are trying to swindle them out of their cattle ranch.",
    "genres" : [ ]
  }, {
    "id" : 356450,
    "title" : "r",
    "overview" : "",
    "genres" : [ ]
  }, {
    "id" : 356455,
    "title" : "Spare Change",
    "overview" : "This animation short by Ryan Larkin recounts some “comical experiences” Larkin had during his many years as a panhandler in Montreal. It tells the story of Astral Pan, a street beggar, who takes us on a wild journey from the sidewalks of a wintry Montreal day, to the gates of Heaven and Hell and back. The great filmmaker passed away before finishing his film. Spare Change was completed by a friend, producer and singer-songwriter Laurie Gordon, assisted by a team of young, devoted animators.",
    "genres" : [ ]
  }, {
    "id" : 356460,
    "title" : "Inflation im Paradies",
    "overview" : "",
    "genres" : [ {
      "id" : 18,
      "name" : "Drama"
    } ]
  }, {
    "id" : 356465,
    "title" : "Le monde à ses pieds",
    "overview" : "",
    "genres" : [ ]
  }, {
    "id" : 356470,
    "title" : "Look at Life",
    "overview" : "Student film by George Lucas.",
    "genres" : [ ]
  }, {
    "id" : 356475,
    "title" : "Code-Breakers: Bletchley Park's Lost Heroes",
    "overview" : "This is a documentary about unsung heroes of World War II. In 1943, a 24-year-old maths student and a GPO engineer combined to hack into Hitler's personal super-code machine - not Enigma but an even tougher system, which he called his 'secrets writer'. Their break turned the Battle of Kursk, powered the D-day landings and orchestrated the end of the conflict in Europe. But it was also to be used during the Cold War - which meant both men's achievements were hushed up and never officially recognized.",
    "genres" : [ ]
  }, {
    "id" : 356480,
    "title" : "Magpie",
    "overview" : "A man lives in a forest, surviving through murder and deceit. When he finds himself drawn to two strangers, his strict code of self-preservation is put to the test",
    "genres" : [ ]
  }, {
    "id" : 356485,
    "title" : "The Racket Buster",
    "overview" : "Mighty Mouse makes a personal appearance at a movie theatre and three gangster cats capture him in an unguarded moment, rob the box-office, kidnap Pearl Pureheart, and take Might Mouse for a one-way ride. However, he free himself, rescues the girl and captures the gangsters.",
    "genres" : [ ]
  } ]
}