{
  "movies" : [ {
    "id" : 187785,
    "title" : "Ferox",
    "overview" : "Arnaldur, a 16-year-old boy living a normal teenager's life in Reykjavik. One day, coming home from school, he finds his brother in the bathtub, dead. Despite clear signs of a suicide, Arnaldur is convinced that his brother's teacher is somehow responsible so he decides to take matters into his own hands and avenge his brother.",
    "genres" : [ {
      "id" : 18,
      "name" : "Drama"
    } ]
  }, {
    "id" : 187790,
    "title" : "Gunslinger",
    "overview" : "After her husband is gunned down, Rose Hood takes his place as sheriff of a small Western town.",
    "genres" : [ {
      "id" : 28,
      "name" : "Action"
    }, {
      "id" : 10749,
      "name" : "Romance"
    }, {
      "id" : 37,
      "name" : "Western"
    } ]
  }, {
    "id" : 187795,
    "title" : "Armored Trooper Votoms: Pailsen Files The Movie",
    "overview" : "Set after the 1988 OVA movie Red Shoulder Document: Roots of Ambition and months before the events of the VOTOMS television series, Pailsen Files explores the origins of Chirico Cuvie as explained by the Red Shoulder Battalion's now-disgraced commander, Col Yoran Pailsen.",
    "genres" : [ {
      "id" : 28,
      "name" : "Action"
    }, {
      "id" : 878,
      "name" : "Science Fiction"
    }, {
      "id" : 10752,
      "name" : "War"
    } ]
  }, {
    "id" : 187805,
    "title" : "Old Paint",
    "overview" : "Short film.",
    "genres" : [ ]
  }, {
    "id" : 187815,
    "title" : "Soldiers of Paint",
    "overview" : "Soldiers of Paint is a documentary that focuses on the annual D-Day paintball event in Oklahoma. People come from all over to recreate the battle of Normandy, complete with simulated beach landings, tank assaults and mobile command posts.",
    "genres" : [ ]
  }, {
    "id" : 187845,
    "title" : "La meilleure bobonne",
    "overview" : "A comedy short which was the debut of Fernandel.",
    "genres" : [ ]
  }, {
    "id" : 187855,
    "title" : "Second Show",
    "overview" : "Lalu is a reckless youth who is willing to do anything for money, even if it means getting involved in the drugs business.",
    "genres" : [ {
      "id" : 28,
      "name" : "Action"
    }, {
      "id" : 80,
      "name" : "Crime"
    } ]
  }, {
    "id" : 187865,
    "title" : "Volcano Devils",
    "overview" : "June 3rd 1991, Mount Unzen, Japan. On this particular morning all eyes are turned to the volcano. Journalists, photographers, cameramen, scientists, politics… They are all listening to each beat coming from the heart of the volcano. Katia and Maurice Krafft, the famous vulcanologists, adventurers and specialists of killer volcanoes, are hoping to witness an incredible explosion. They are joined by their young friend and colleague, the American, Harry Glicken. They are all going to die.",
    "genres" : [ ]
  }, {
    "id" : 187870,
    "title" : "Chabelo y Pepito detectives",
    "overview" : "A commanding friend Pepito and Chabelo ask them to help uncover a gang who kidnaps children. They accept and are out to steal to join the band. Whenthey find that the band mesmerizes children with toys and then the kids are controlled by  young boys and they controlled in turn by strangers with long hair and blue eyes.",
    "genres" : [ {
      "id" : 12,
      "name" : "Adventure"
    }, {
      "id" : 14,
      "name" : "Fantasy"
    }, {
      "id" : 878,
      "name" : "Science Fiction"
    }, {
      "id" : 18,
      "name" : "Drama"
    } ]
  }, {
    "id" : 187895,
    "title" : "The Venus Tear Diamond",
    "overview" : "Legendary jewel thieves \"Nocturnal Earl\" (Ling Yun) and \"Fragrant Night\" (Lily Ho) are set on a collision course for destiny when both arrive in Japan to get their hands on the famous \"Venus Tear Diamond.\" But sparks fly between the jewel thieves and the two fall instantly in love, without knowing that their beloved is after the very jewel each is seeking! To make matters worse, the diamond is in the possession of a randy widow who has her eye on the debonair male thief, and there's even a mystery man interested in the widow, too. Who's going to get the Venus Tear Diamond, and will it mean the end to a perfect love?",
    "genres" : [ {
      "id" : 35,
      "name" : "Comedy"
    }, {
      "id" : 80,
      "name" : "Crime"
    }, {
      "id" : 10749,
      "name" : "Romance"
    } ]
  }, {
    "id" : 187905,
    "title" : "Vietnam Store 3",
    "overview" : "",
    "genres" : [ ]
  }, {
    "id" : 187915,
    "title" : "Lázaro de Tormes",
    "overview" : "",
    "genres" : [ ]
  }, {
    "id" : 187925,
    "title" : "Step Dogs",
    "overview" : "When a pampered Hollywood pooch is sent up to North to live with a wise cracking farm-mutt, all leashes are off.",
    "genres" : [ {
      "id" : 35,
      "name" : "Comedy"
    }, {
      "id" : 10751,
      "name" : "Family"
    } ]
  }, {
    "id" : 187930,
    "title" : "Sesamstraat eerste stapjes - Samen ontdekken",
    "overview" : "",
    "genres" : [ ]
  }, {
    "id" : 187935,
    "title" : "Skilaboð til Söndru",
    "overview" : "",
    "genres" : [ {
      "id" : 35,
      "name" : "Comedy"
    } ]
  }, {
    "id" : 187945,
    "title" : "OK",
    "overview" : "Two twenty-something boys in a public restroom. They sniff coke, talk about sex, get dirty. But the film takes on another tone as they reveal what it is that they really want.",
    "genres" : [ {
      "id" : 35,
      "name" : "Comedy"
    } ]
  }, {
    "id" : 187950,
    "title" : "Three Blondes In His Life",
    "overview" : "",
    "genres" : [ {
      "id" : 18,
      "name" : "Drama"
    }, {
      "id" : 80,
      "name" : "Crime"
    } ]
  }, {
    "id" : 187965,
    "title" : "Panicky Pup",
    "overview" : "Barnyard dog gets spooked by his imagination.",
    "genres" : [ {
      "id" : 16,
      "name" : "Animation"
    } ]
  }, {
    "id" : 187970,
    "title" : "Mike Portnoy - Drumavarium",
    "overview" : "Mike’s drum-cam footage from Dream Theaters Octavarium recording sessions. Audio Options include: Full Band; and Isolated Drums. Bonus Feature include over 3 minutes of Studio Outtakes.",
    "genres" : [ {
      "id" : 10402,
      "name" : "Music"
    } ]
  }, {
    "id" : 187985,
    "title" : "The Museum",
    "overview" : "Toby works as a janitor in a museum and has his own way of handling the artifacts in the exhibition.",
    "genres" : [ ]
  }, {
    "id" : 188015,
    "title" : "Right Foot Forward",
    "overview" : "Skateboarding",
    "genres" : [ ]
  }, {
    "id" : 188020,
    "title" : "Skeleton Crew: Group Effect",
    "overview" : "A movie with the Skeleton Crew",
    "genres" : [ ]
  }, {
    "id" : 188040,
    "title" : "The Alley Cat",
    "overview" : "An alley cat spies a high-class female cat on her balcony and falls for her. Her butler sends the family bulldog to deal with the alley cat, but the cat's too clever.",
    "genres" : [ ]
  }, {
    "id" : 188045,
    "title" : "Haunted Karaoke",
    "overview" : "Comedy supernatural tale from HK.",
    "genres" : [ ]
  }, {
    "id" : 188050,
    "title" : "The Non-Skid Kid",
    "overview" : "No Overview",
    "genres" : [ ]
  }, {
    "id" : 188055,
    "title" : "Uppercuts",
    "overview" : "No Overview",
    "genres" : [ ]
  }, {
    "id" : 188060,
    "title" : "A Reckless Romeo",
    "overview" : "Roscoe flirts with a girl in the park. Later he takes his wife and mother-in-law to the movies only to see his flirtation showing on the screen.",
    "genres" : [ {
      "id" : 35,
      "name" : "Comedy"
    } ]
  }, {
    "id" : 188070,
    "title" : "Dream 9 Toriko & One Piece & Dragon Ball Z Super Collaboration Special!!",
    "overview" : "A crossover special to air on April 7, 2013, on Fuji TV. It was made to commemorate the start of the third year of the Toriko anime, which premiered in April 2011, and it features characters from Dragon Ball Z, One Piece and Toriko. The special is split into two parts.",
    "genres" : [ {
      "id" : 28,
      "name" : "Action"
    }, {
      "id" : 12,
      "name" : "Adventure"
    }, {
      "id" : 35,
      "name" : "Comedy"
    }, {
      "id" : 14,
      "name" : "Fantasy"
    } ]
  }, {
    "id" : 188080,
    "title" : "Remote Electric Photography",
    "overview" : "Into a photography studio full of large fantastic machines steps an elderly couple. The bearded proprietor explains the equipment and gives them a demonstration: he starts machines whirring, and projects a painting of three women onto a large screen; suddenly the women begin to move. The customers are impressed. First the women sits in the special seat: she's projected onto the screen, and her good nature comes out in the laughing image. Then it's the man's turn, but the machine discloses a vastly different nature in him. Will his reaction threaten our proprietor's inventions?",
    "genres" : [ {
      "id" : 878,
      "name" : "Science Fiction"
    }, {
      "id" : 35,
      "name" : "Comedy"
    } ]
  }, {
    "id" : 188085,
    "title" : "Believe It or Not #4",
    "overview" : "At the request of a television experimenter who needed items to broadcast, Robert L. Ripley states unsubstantiated oddities including that a Spanish lady had her husband's portrait tattooed on her tongue as penance for nagging him to death. He also shows a house and the blind man who built it by himself in Wayne, New Jersey. The longest word in the world (184 letters, from a work by Aristophanes), is written on a blackboard and pronounced and translated by a professor....",
    "genres" : [ ]
  }, {
    "id" : 188090,
    "title" : "The Music Racket",
    "overview" : "\"Lee Morse in the Music Racket\" is a 10 minute soundie released June 1930. The clip features Leo Donnelly as the promoter with an appearance by June Clayworth. In this soundie, Lee first sings an arrangement of her signature Mail Man Blues which she composed.",
    "genres" : [ ]
  }, {
    "id" : 188100,
    "title" : "Her Future",
    "overview" : "Playing the defendant in an expressionistic fantasy version of a courtroom, Ethel Merman pleads her case (singing \"My Future Just Passed\") and promises to stay out of trouble from now on (\"Sing, You Sinners\").",
    "genres" : [ ]
  }, {
    "id" : 188110,
    "title" : "The Drifter in the Rain",
    "overview" : "Two women from different social spheres but with similar interests decide to spend a weekend in the country. The unexpected arrival or a vagrant turns the peaceful vacation into a nightmare of horror and human passion.",
    "genres" : [ {
      "id" : 18,
      "name" : "Drama"
    }, {
      "id" : 9648,
      "name" : "Mystery"
    }, {
      "id" : 27,
      "name" : "Horror"
    } ]
  }, {
    "id" : 188115,
    "title" : "Shanghai story",
    "overview" : "The film tells of Dr. Robert Payne's adventures in Shanghai 50 years ago. Payne falls in love with beautiful Qiuqiu, the consort of revolutionary hero Jin, who is a communist leader in the Shanghai underground However, he suffers from seizures caused by old head wounds and becomes Payne's patient. Hao Ming is the brutal chief of the Guomintang secret police. In his hunt for Jin, he discovers that Qiuqiu is his long lost daughter. At a lavish father-daughter reunion, Qiuqiu gets her revenge and shots Hao Ming. She's been arrested and admits her guilt. When Jin realizes how much Qiuqiu loves him, he offers to give himself up in exchange for commuting Qiuqiu's death sentence...",
    "genres" : [ ]
  }, {
    "id" : 188120,
    "title" : "Song Service",
    "overview" : "Lee Morse sings us a few songs....",
    "genres" : [ ]
  }, {
    "id" : 188125,
    "title" : "Swiss Family Robinson",
    "overview" : "A family setting out for a new life across the sea is shipwrecked on a deserted island. The family members collaborate to create a home for themselves in the jungle environment.",
    "genres" : [ {
      "id" : 12,
      "name" : "Adventure"
    } ]
  }, {
    "id" : 188130,
    "title" : "Jacktown",
    "overview" : "A young man is charged with statutory rape.",
    "genres" : [ {
      "id" : 18,
      "name" : "Drama"
    } ]
  }, {
    "id" : 188160,
    "title" : "At Dawning",
    "overview" : "At Dawning stars Jenny Agutter as a woman escaping from a one night stand, who encounters a suicidal Yvan Attal in bizarre circumstances. A story of ethical debate and screwball action, which reaches a topsy-turvy climax as dawn breaks over London.",
    "genres" : [ ]
  }, {
    "id" : 188165,
    "title" : "Die allseitig reduzierte Persönlichkeit - Redupers",
    "overview" : "Edda Chiemnyjewski, a freelance press photographer and single mother living in 1970s West Berlin, is confronted with the fact that \"a cook has no time for affairs of state\". She also fails to find a market for the project she has been working on with her women′s photography group that seeks to document the city. While from today′s perspective the city, which becomes one of the film′s protagonists, looks like post-war Berlin, little has actually changed as regards the precarious existence of free-lancers. With a heavy dose of self-irony Helke Sander, who also plays the leading role, tells of a divided life in a divided city.",
    "genres" : [ {
      "id" : 18,
      "name" : "Drama"
    } ]
  }, {
    "id" : 188180,
    "title" : "Body Fat Index of Love",
    "overview" : "Timo Stigu Mertala is a celebrated, award-winning adman, and sworn to singlehood. He is a well known figure in the Helsinki nightlife.",
    "genres" : [ {
      "id" : 35,
      "name" : "Comedy"
    } ]
  }, {
    "id" : 188185,
    "title" : "Gorilla Interrupted",
    "overview" : "Four misfits band together to save the world from an alien invasion. Schlock ensues.",
    "genres" : [ {
      "id" : 35,
      "name" : "Comedy"
    } ]
  }, {
    "id" : 188205,
    "title" : "Engine Sentai Go-onger: Boom Boom! Bang Bang! GekijōBang!!",
    "overview" : "The Go-ongers intercept the Recycle Barbaric Machine Beast Army in their Engines, managing to scrap the 13. However, trio of mysterious warriors appear and their actions result with the Go-ongers losing the primary Engine Casts while being sucked into the Braneworld known as Samurai World (サムライワールド Samurai Wārudo?), a dimension similar to Edo Japan where power is essential.",
    "genres" : [ {
      "id" : 28,
      "name" : "Action"
    }, {
      "id" : 12,
      "name" : "Adventure"
    }, {
      "id" : 878,
      "name" : "Science Fiction"
    } ]
  }, {
    "id" : 188215,
    "title" : "The Secret Policeman's Ball",
    "overview" : "A live stand-up comedy and music gig to celebrate Amnesty International's 50th Anniversary.",
    "genres" : [ {
      "id" : 35,
      "name" : "Comedy"
    } ]
  }, {
    "id" : 188220,
    "title" : "Bite Me, Darling",
    "overview" : "A descendant of Count Dracula returns to his ancestral village to take revenge on the people who destroyed his ancestor.",
    "genres" : [ {
      "id" : 35,
      "name" : "Comedy"
    }, {
      "id" : 27,
      "name" : "Horror"
    } ]
  }, {
    "id" : 188225,
    "title" : "Chimeras",
    "overview" : "Through two artists and their parallel destinies inside China's turbulent contemporary art scene, Chimeras explores the formative questions of modern Chinese identity.",
    "genres" : [ {
      "id" : 99,
      "name" : "Documentary"
    } ]
  }, {
    "id" : 188235,
    "title" : "Not Now Darling",
    "overview" : "A married British furrier gives a mobster's mistress a cheap mink coat.",
    "genres" : [ {
      "id" : 35,
      "name" : "Comedy"
    } ]
  }, {
    "id" : 188265,
    "title" : "Magnetic Personality",
    "overview" : "Story about someone who wants to be someone.",
    "genres" : [ {
      "id" : 16,
      "name" : "Animation"
    } ]
  }, {
    "id" : 188275,
    "title" : "Kaivopuisto",
    "overview" : "A lyrical vision of Kaivopuisto park in Helsinki consists of text by Antti Nylén, illustrations by Ilja Karsikas and music by Samae Koskinen.",
    "genres" : [ {
      "id" : 16,
      "name" : "Animation"
    } ]
  }, {
    "id" : 188285,
    "title" : "The Truth About Youth",
    "overview" : "A young man falls into the clutches of a nightclub singer who corrupts him.",
    "genres" : [ {
      "id" : 18,
      "name" : "Drama"
    }, {
      "id" : 10749,
      "name" : "Romance"
    } ]
  }, {
    "id" : 188295,
    "title" : "Mahou Sentai Magiranger vs. Dekaranger",
    "overview" : "Mahou Sentai Magiranger vs. Dekaranger is the teamup movie between Mahou Sentai Magiranger and Tokusou Sentai Dekaranger.",
    "genres" : [ {
      "id" : 28,
      "name" : "Action"
    }, {
      "id" : 12,
      "name" : "Adventure"
    }, {
      "id" : 878,
      "name" : "Science Fiction"
    } ]
  }, {
    "id" : 188300,
    "title" : "Dennis Miller: Citizen Arcane",
    "overview" : "Dennis Miller performs live.",
    "genres" : [ {
      "id" : 35,
      "name" : "Comedy"
    } ]
  }, {
    "id" : 188305,
    "title" : "Back Pay",
    "overview" : "Bored with small town life, a woman leaves for the big city and winds up becoming the mistress of a ruthless businessman.",
    "genres" : [ {
      "id" : 18,
      "name" : "Drama"
    }, {
      "id" : 10749,
      "name" : "Romance"
    } ]
  }, {
    "id" : 188315,
    "title" : "Prom",
    "overview" : "Beautiful Selena can't wait to lose her virginity, but her dream is to go all the way on the night of her senior prom. She talks her two best friends into losing theirs too, only time is running out and they don't want to lose it to the 'lame' high school boys! They devise a lusty plan to go after the sexiest teachers at the school, but getting their attention is not easy. Each hot, horny girl comes up with a naughty idea to seduce the right one and get him to deflower her. Prom night assures a banging time for these wild teens!",
    "genres" : [ ]
  }, {
    "id" : 188325,
    "title" : "Sister Stella L.",
    "overview" : "A nun who acts as a counselor in a home for unwed mother undergoes political awakening when her friend and namesake belonging to the same congregation as hers inspires her to get involved in the struggle for justice and freedom of striking workers in a cooking oil company.",
    "genres" : [ {
      "id" : 18,
      "name" : "Drama"
    } ]
  }, {
    "id" : 188330,
    "title" : "James Last: Live at The Royal Albert Hall",
    "overview" : "With a hugely successful career stretching back into the fifties, James Last has proved himself to be one of the greatest entertainers in the world of music. The James Last Orchestra is the most successful big band in chart history and they have sold in excess of 50 million albums worldwide. This spectacular show was filmed in high definition at London's Royal Albert Hall on James Last's 2007 tour and captures the James Last Orchestra at the top of their game in front of a wildly enthusiastic sold out crowd who fervently believe in audience participation.",
    "genres" : [ {
      "id" : 10402,
      "name" : "Music"
    } ]
  }, {
    "id" : 188335,
    "title" : "Virgin Lips",
    "overview" : "Lelita, a rich young lady, is courted by Paulo, her cousin, but she has reason to believe he is also having na affair with Lelita's sister, which causes jealousy trouble, until all becomes clear and true love prevails.",
    "genres" : [ {
      "id" : 18,
      "name" : "Drama"
    } ]
  }, {
    "id" : 188355,
    "title" : "Moonlight Sonata",
    "overview" : "\"After GYMNOPEDIES, I had long wanted to animate a film specifically for a pre-selected piano piece by [Erik] Satie. MOONLIGHT SONATA is that film. It was totally designed for the 'Gnossienne V' and the movements of the animation are timed to the overall rhythms as well as the specific beats of the music.\" - Lawrence Jordan",
    "genres" : [ {
      "id" : 16,
      "name" : "Animation"
    } ]
  }, {
    "id" : 188360,
    "title" : "Who Flung Poo",
    "overview" : "An artist named Poo paints chicken pot pies with the excrement of homeless people. With the help of an adult filmmaker in his drug rehab course, he hopes to earn a fortune by impregnating his wife and making a \"pregnant porn\" film.",
    "genres" : [ ]
  }, {
    "id" : 188365,
    "title" : "Pizza! The Movie",
    "overview" : "Drama, controversy, and hilarity abound as uniquely talented and passionate pizza makers battle it out as they attempt to go for the gold against their international counterparts. Their quest is followed while exploring the pizza industry. The amazing and highly competitive world of acrobatic pizza-dough tossing is examined as competitors vie for spots on the U.S. Pizza Team and the chance to compete for the gold medal at the World Pizza Championship in Italy where teams perform choreographed dough-tossing routines to music while being scored by a panel of judges.",
    "genres" : [ {
      "id" : 99,
      "name" : "Documentary"
    } ]
  }, {
    "id" : 188370,
    "title" : "Central Park",
    "overview" : "Two destitute New Yorkers meet cute in Central Park and then separate and independently get tangled up with some gangsters only to be reunited again in the end.",
    "genres" : [ {
      "id" : 10749,
      "name" : "Romance"
    }, {
      "id" : 35,
      "name" : "Comedy"
    }, {
      "id" : 18,
      "name" : "Drama"
    } ]
  }, {
    "id" : 188380,
    "title" : "The Lost Dream",
    "overview" : "Little Audrey helps a lost dream find his way back to Dream Land.",
    "genres" : [ ]
  }, {
    "id" : 188385,
    "title" : "Ants in the Plants",
    "overview" : "A classic about an anteater who makes life rough for a colony of ants. In the ant community, the queen spreads warnings of their greatest enemy, the Anteater. \"He's a menace, he's a brute, he will scoop you with his snoot.\" Their motto is \"make him yell uncle,\" which they do when the anteater invades them.  Theme -  Make him yell uncle!  Uncle!  Yeah!  Just kick him in the snoot!  We'll kick him in the snoot!  For our brothers and our sisters and our nephews and our cousins and our aunts!  Make him yell uncle!  Uncle!  Yeah!  Just let him feel your boot!  We'll let him feel our boot!  For our brothers and our sisters and our nephews and our cousins and our aunts!  We're not a-scared of anything at all!  We're not a-scared of anything at all!  If we see him first!  Make him yell uncle!  Uncle!  Yeah!  Just bust him in the snoot!  We'll bust him in the snoot!  For our brothers and our sisters and our nephews and our cousins and our aunts!  We'll make him yell uncle, yeah!",
    "genres" : [ {
      "id" : 16,
      "name" : "Animation"
    }, {
      "id" : 35,
      "name" : "Comedy"
    } ]
  }, {
    "id" : 188390,
    "title" : "Porky's Cafe",
    "overview" : "Porky uses his mechanical gadgets to fix a meal for a strange little man, while cook Conrad Cat deals with an ant in the pancake mix.",
    "genres" : [ ]
  }, {
    "id" : 188395,
    "title" : "His Trust Fulfilled",
    "overview" : "Continuing where His Trust (1911) leaves off, George takes care of his deceased master's daughter after her mother's death. He sacrifices his own meager savings to give the girl a good life, until the money runs out and he tries to steal money from the girl's rich cousin.",
    "genres" : [ {
      "id" : 36,
      "name" : "History"
    }, {
      "id" : 18,
      "name" : "Drama"
    }, {
      "id" : 10752,
      "name" : "War"
    } ]
  }, {
    "id" : 188400,
    "title" : "A Touch of Genie",
    "overview" : "What do you get when you mix madcap Jewish humor with the Superstars of Seventies porn? A tribute to a boyhood spent at raucous Lower East Side comedies (and an adulthood spent writing and directing adult films). Poor Melvin! His meddling mother is making him nutz. His only relief is the covert afternoons he spends at New York's notorious Times Square porn theaters. One day, Melvin discovers a genie in a bottle. What does he wish? To become his favorite porno Superstars and indulge in wild sexual adventures with the sexiest women in sex films.  Written by Michael J. Bowen",
    "genres" : [ {
      "id" : 35,
      "name" : "Comedy"
    }, {
      "id" : 10749,
      "name" : "Romance"
    } ]
  }, {
    "id" : 188420,
    "title" : "Nicolas Tse Viva Live 2000",
    "overview" : "Nicolas Tse Viva Live 2000",
    "genres" : [ ]
  }, {
    "id" : 188425,
    "title" : "Mona Lisa Descending a Staircase",
    "overview" : "Two-dimensional clay animations melding and merging the work of 35 famous artists.",
    "genres" : [ {
      "id" : 16,
      "name" : "Animation"
    } ]
  }, {
    "id" : 188430,
    "title" : "Straight Outta Hunter's Point",
    "overview" : "\"Straight Outta Hunters Point\", the award-winning Hip Hop documentary by Hunters Point filmmaker Kevin Epps is a stark cinematic portrait of a community struggling to stop the forces of gentrification -- denial of jobs, police brutality, environmental racism and more -- that have pushed 23 percent of San Francisco's Black population out of the City in the past decade. It has won the acclaim of critics and audiences at independent film festivals around the U.S., including Sundance and the Santa Fe Film Fest, where it was described as \"a gritty, uncompromising film about the evolution and perseverance of a black culture in the shadow of poverty, race riots and gang-related rap wars.\"",
    "genres" : [ {
      "id" : 99,
      "name" : "Documentary"
    } ]
  }, {
    "id" : 188440,
    "title" : "Third Prince Na Cha",
    "overview" : "by Cheung Yan-Git",
    "genres" : [ ]
  }, {
    "id" : 188460,
    "title" : "Strictly Dynamite",
    "overview" : "A failed poet ends up becoming a gag writer for a bombastic comedian.",
    "genres" : [ {
      "id" : 35,
      "name" : "Comedy"
    } ]
  }, {
    "id" : 188465,
    "title" : "The Life of Vergie Winters",
    "overview" : "A small town politician, kept from marrying the love of his life, eventually marries another woman and his career ascends, but he secretly continues the relationship with his true love.",
    "genres" : [ {
      "id" : 18,
      "name" : "Drama"
    } ]
  }, {
    "id" : 188470,
    "title" : "The Farmer Takes a Wife",
    "overview" : "A farmer tries to convince a girl to leave her life on  a canal boat to live with him on his farm.",
    "genres" : [ {
      "id" : 35,
      "name" : "Comedy"
    }, {
      "id" : 10749,
      "name" : "Romance"
    } ]
  }, {
    "id" : 188485,
    "title" : "Sayaka: The Cute & Careless Girl",
    "overview" : "Sayaka has the perfect body, but is clueless about boys. It is her dream to seduce the most popular boy in school...",
    "genres" : [ {
      "id" : 35,
      "name" : "Comedy"
    } ]
  }, {
    "id" : 188490,
    "title" : "The Man Behind the Throne",
    "overview" : "A personal retrospective with superstar choreographer Vincent Paterson.",
    "genres" : [ ]
  }, {
    "id" : 188500,
    "title" : "30 Days in May",
    "overview" : "Chronicles the days between Mayweather's May 5, 2012 victory over Puerto Rican superstar Miguel Cotto and the start of a three-month jail term on June 1, 2012 at the Clark County Detention Center in Las Vegas. The film concludes on Aug. 3, Mayweather's self-described 'best day of my life,' when he was released after serving two months behind bars.",
    "genres" : [ {
      "id" : 99,
      "name" : "Documentary"
    } ]
  }, {
    "id" : 188505,
    "title" : "Persona non grata",
    "overview" : "A Polish ambassador (Zbigniew Zapasiewicz) finds his life falling into ruin following the death of his wife.",
    "genres" : [ {
      "id" : 18,
      "name" : "Drama"
    } ]
  }, {
    "id" : 188520,
    "title" : "Golden Girl",
    "overview" : "Against the background of the Civil War, sixteen-year-old song-and-dance artiste Lotta Crabtree works her way across America, becoming ever more popular.",
    "genres" : [ ]
  }, {
    "id" : 188525,
    "title" : "Songs for Tsunami Relief: Austin to South Asia",
    "overview" : "In Austin, Texas, tsunami relief took the form of a benefit concert. The legendary Willie Nelson and a cast of the city's finest musicians turned raising money for a tragic disaster into a celebration of life and music. Money made its way from Austin to South Asia. That effort continues with this DVD. Now you too can experience a powerful evening of music, while lending a still valuable helping hand. What would Willie do? Exactly this. CD also available on 4/12/05.",
    "genres" : [ ]
  }, {
    "id" : 188540,
    "title" : "Arrambam",
    "overview" : "The film's plot is set in the backdrop of 26/11 serial blasts in Mumbai, and revolves around Ashok Kumar (Ajith), who is on a mission to expose a scam regarding faulty bullet proof jackets that are provided to security forces, which resulted in many bloody deaths including his best friend and colleague, Assistant Commissioner Sanjay (Rana).",
    "genres" : [ {
      "id" : 28,
      "name" : "Action"
    }, {
      "id" : 53,
      "name" : "Thriller"
    }, {
      "id" : 18,
      "name" : "Drama"
    } ]
  }, {
    "id" : 188560,
    "title" : "The Secret Lives of Second Wives",
    "overview" : "Lynn Hughes finds that marriage the second time around is far from idyllic when the ex wife and her children return to manipulate her husband Jack.",
    "genres" : [ {
      "id" : 10749,
      "name" : "Romance"
    }, {
      "id" : 18,
      "name" : "Drama"
    } ]
  }, {
    "id" : 188565,
    "title" : "Edward R. Murrow - The McCarthy Years",
    "overview" : "McCARTHY YEARS turns back the clock to the Fifties, a time when the country lurched into a murky period of blacklists and witch-hunts for alleged Communists, all led by a young senator named Joseph McCarthy. Revered for his bravery and incorruptibility, Murrow made a controversial series of broadcasts that challenged McCarthy's abuses of power, which--as this gripping program investigates--signaled the emergence of television news as a momentous and highly influential force in American life.",
    "genres" : [ ]
  }, {
    "id" : 188590,
    "title" : "Hamesima X",
    "overview" : "A man is sent to Earth to deliver mystical and Kabalistic secrets to the Israeli Mossad's superior agent.",
    "genres" : [ ]
  }, {
    "id" : 188600,
    "title" : "Awakening Dust",
    "overview" : "“El Chano” is a homeless man who wanders like a ghost through the streets of eastern Mexico City. Something hurts inside; for some reason has he abandoned himself to such misery. One day he meets an old acquaintance, Rosa, who asks him for a favor: “El Chano” must help her godson, accused by corrupted cops of sexual abuse and murder. He comes out of his lassitude and looks for ways to help the boy, but what can be done that is legal? Corruption, violence and inexorable fate are the main topics of Hari Sama’s third feature film that draws upon the power of sequence shot to tell this story.",
    "genres" : [ {
      "id" : 18,
      "name" : "Drama"
    } ]
  }, {
    "id" : 188605,
    "title" : "Anthrax: Return of the killer A`s",
    "overview" : "Return of the Killer A's is a best of compilation album by the heavy metal band Anthrax, released in 1999.",
    "genres" : [ {
      "id" : 10402,
      "name" : "Music"
    } ]
  }, {
    "id" : 188610,
    "title" : "Aunt Luisa",
    "overview" : "An old woman thinks that Guy Lombardo and the Royal Canadians are performing in her house.",
    "genres" : [ ]
  }, {
    "id" : 188620,
    "title" : "Red Hot Shot",
    "overview" : "Frank was removed from an investigation into Mac Brown, the owner of a pharmaceutical company, who was suspected of drug trafficking and illegal experiments on teenagers. When Brown is murdered, Frank is called to investigate...",
    "genres" : [ {
      "id" : 80,
      "name" : "Crime"
    } ]
  }, {
    "id" : 188625,
    "title" : "Kapten Grogg bland vilda djur",
    "overview" : "",
    "genres" : [ {
      "id" : 16,
      "name" : "Animation"
    } ]
  }, {
    "id" : 188640,
    "title" : "Shootout at Wadala",
    "overview" : "The first-ever registered encounter by the Mumbai Police, which took place on November 1, 1982. It's based on a true story.",
    "genres" : [ ]
  }, {
    "id" : 188655,
    "title" : "Logos",
    "overview" : "A computer science student becomes obsessed with finding an algorithm for ensuring certainty in life after his father dies in the 9/11/2001 attacks.",
    "genres" : [ {
      "id" : 18,
      "name" : "Drama"
    } ]
  }, {
    "id" : 188665,
    "title" : "Secrets of a Secretary",
    "overview" : "Society girl becomes a social secretary when her father dies penniless. From a story by Charles Brackett.",
    "genres" : [ {
      "id" : 18,
      "name" : "Drama"
    } ]
  }, {
    "id" : 188670,
    "title" : "Cloudhouse",
    "overview" : "movies are bad ass",
    "genres" : [ ]
  }, {
    "id" : 188675,
    "title" : "The Wise Quacking Duck",
    "overview" : "An exceedingly mild-mannered man is sent out to kill a duck for dinner by his wife. Unfortunately for him, he picks Daffy Duck as his victim. The two face off and do battle for the remainder of the cartoon.",
    "genres" : [ {
      "id" : 16,
      "name" : "Animation"
    }, {
      "id" : 10751,
      "name" : "Family"
    }, {
      "id" : 35,
      "name" : "Comedy"
    } ]
  }, {
    "id" : 188685,
    "title" : "Warm Current",
    "overview" : "The story revolves around a young doctor who runs a small hospital and has to choose between two women, a dedicated nurse or a spoiled rich girl.",
    "genres" : [ {
      "id" : 18,
      "name" : "Drama"
    } ]
  }, {
    "id" : 188690,
    "title" : "Mercyful Fate & King Diamond: Brazilian Monsters Of Rock",
    "overview" : "Setlist: * Mercyful Fate:  Evil  The Bell Witch  The Uninvited Guest  Satan's Fall  Come To The Sabbath  * King Diamond:  Welcome Home  The Invisible Guests  Sleepless Nights  Meet Me At Midnight  Abigail",
    "genres" : [ {
      "id" : 10402,
      "name" : "Music"
    } ]
  }, {
    "id" : 188700,
    "title" : "The Man from Yesterday",
    "overview" : "A woman whose husband never came home from World War I finds herself in love with her doctor. She travels with him to Switzerland, and as they check into the hotel there, she is astounded to see her supposedly dead husband.",
    "genres" : [ {
      "id" : 10752,
      "name" : "War"
    }, {
      "id" : 18,
      "name" : "Drama"
    }, {
      "id" : 10749,
      "name" : "Romance"
    } ]
  }, {
    "id" : 188705,
    "title" : "WWE Judgment Day: In Your House",
    "overview" : "Judgment Day: In Your House was a professional wrestling pay-per-view (PPV) event produced by World Wrestling Federation (WWF), which took place on October 18, 1998 at the Rosemont Horizon in Rosemont, Illinois. It was presented by 10-10-321. It was the first pay-per-view titled Judgment Day as WWF were uniquely naming all pay-per-views under the In Your House banner",
    "genres" : [ {
      "id" : 28,
      "name" : "Action"
    }, {
      "id" : 18,
      "name" : "Drama"
    } ]
  }, {
    "id" : 188710,
    "title" : "Highway",
    "overview" : "Five different relationship stories become connected during an ill-fated bus journey from eastern Nepal to the capital, Kathmandu.",
    "genres" : [ ]
  }, {
    "id" : 188735,
    "title" : "'Rear Window' Ethics: Remembering and Restoring a Hitchcock Classic",
    "overview" : "A documentary about Alfred Hitchcock's 'Rear Window'.",
    "genres" : [ ]
  }, {
    "id" : 188750,
    "title" : "Chicago Syndicate",
    "overview" : "Not long after starring in Las Vegas Shakedown, Dennis O'Keefe headed eastward to appear in Chicago Syndicate. This time, O'Keefe is cast as honest accountant Barry Amsterdam, determined to get the goods on Windy City gangster boss Arnie Valent (Paul Stewart). Insinuating himself into Valent's confidence, Amsterdam quietly begins gathering evidence. For a while it looks as though Amsterdam will go the way of his predecessor in Valent's operation, who ended up sleeping with the fishes, but in films of this nature justice usually prevails.",
    "genres" : [ {
      "id" : 80,
      "name" : "Crime"
    }, {
      "id" : 18,
      "name" : "Drama"
    } ]
  }, {
    "id" : 188755,
    "title" : "Tabasco Road",
    "overview" : "Speedy Gonzales, the fastest mouse in all Mexico, runs to the rescue of his two drunken rodent friends, Pablo and Fernando, who keep wandering into the hungry clutches of an alley cat.",
    "genres" : [ {
      "id" : 16,
      "name" : "Animation"
    }, {
      "id" : 10751,
      "name" : "Family"
    }, {
      "id" : 35,
      "name" : "Comedy"
    } ]
  } ]
}