{
  "movies" : [ {
    "id" : 50990,
    "title" : "Bad Family",
    "overview" : "Bad Family (Finnish: Paha perhe) is a 2010 Finnish drama/black comedy film written and directed by Aleksi Salmenperä and produced by Aki Kaurismäki. The film tells the story of an overly protective and controlling father who suspects incest is taking place between his own son and daughter. These growing suspicions and concerns cause the father to become delusional and unrelenting in his quest to end the love affair between his children.  Distributed domestically by Sandrew Metronome, Bad Family was theatrically released in Finland on January 29, 2010. From February 14 to February 21, 2010, it was screened at the 60th Berlin International Film Festival",
    "genres" : [ ]
  }, {
    "id" : 50995,
    "title" : "Storks in the Fog",
    "overview" : "A TV film made as a continuation of a popular Serbian TV series \"The Storks Will Return\".",
    "genres" : [ {
      "id" : 18,
      "name" : "Drama"
    }, {
      "id" : 35,
      "name" : "Comedy"
    }, {
      "id" : 80,
      "name" : "Crime"
    } ]
  }, {
    "id" : 51000,
    "title" : "Mia and the Migoo",
    "overview" : "Mia and the Migoo (French: Mia et le Migou) is a 2008 French animated film produced by Folimage and directed by Jacques-Rémy Girerd, about a young girl's search for her father in a tropical paradise threatened by the construction of a gigantic hotel resort. The film won the European Film Award for Best Animated Feature at the 22nd European Film Awards. An English-language version with American voice actors had a limited released in the United States on 27 March 2011. Whoopi Goldberg, Matthew Modine, Wallace Shawn, and James Woods, are four of the many talented actors who contribute.",
    "genres" : [ {
      "id" : 16,
      "name" : "Animation"
    }, {
      "id" : 10751,
      "name" : "Family"
    }, {
      "id" : 10769,
      "name" : "Foreign"
    } ]
  }, {
    "id" : 51010,
    "title" : "Sweet Rush",
    "overview" : "As an aging woman married to a workaholic doctor by chance meets a young man who makes her feel young again. All of this is films by a director making a film about her which cuts in and out of the on camera and off camera drama.",
    "genres" : [ {
      "id" : 18,
      "name" : "Drama"
    } ]
  }, {
    "id" : 51015,
    "title" : "North Shore Extreme 8",
    "overview" : "Trails, Tails and Lies The legend of the North Shore continues with Digger's newest BALL BUSTING film featuring the highest vertical drop - over 40 feet - on the North Shore! Rumour has it that Digger even left the confines of the shore for a few sections of the new film. Check it out!",
    "genres" : [ ]
  }, {
    "id" : 51020,
    "title" : "Meet The Sight Words 3",
    "overview" : "Learning sight words has never been this easy! Many words don't follow basic decoding rules and are taught in pre-k and kindergarten classrooms as \"sight words\", \"instant words\", \"high frequency words\" or \"star words.\" A new reader finds sight words very frustrating until they are memorized. A good reader will be able to instantly recognize sight words without having to figure them out. Preschool Prep Company makes learning sight words fun and easy by implementing the technique used in their other award winning DVDs. Now children can master sight words with the same rapid speed that they learned letters, numbers, shapes and colors!",
    "genres" : [ {
      "id" : 10751,
      "name" : "Family"
    } ]
  }, {
    "id" : 51025,
    "title" : "Werewolf in Bangkok",
    "overview" : "Frank, is a carefree guy who spends most of his day collecting garbages for money with his niece Lilly. One bad day, Frank is bitten by a werewolf but he can escape and is still alive. Since that day, when the half moon comes up in the night sky, Frank will turn into a werewolf, but a different kind of werewolf that is so adorable.",
    "genres" : [ {
      "id" : 35,
      "name" : "Comedy"
    } ]
  }, {
    "id" : 51030,
    "title" : "Like a Lion",
    "overview" : "‘Like a Lion’ the true story of legendary skier Tanner Hall an Eric Iberg film A documentary feature film about the winningest and most controversial skier of the last decade, LIKE A LION tells a tremendous story of adversity and self-confidence, tragedy and triumph. Following the high-risk, high-adrenaline life of seven-time ESPN X-Games Gold medalist Tanner Hall, LIKE A LION is a film that goes beyond skiing, beyond action sports stardom, beyond the rock-star cliches to examine that special courage that allows the best of us to continually comeback from life’s toughest blows.",
    "genres" : [ {
      "id" : 28,
      "name" : "Action"
    }, {
      "id" : 12,
      "name" : "Adventure"
    }, {
      "id" : 35,
      "name" : "Comedy"
    }, {
      "id" : 18,
      "name" : "Drama"
    } ]
  }, {
    "id" : 51040,
    "title" : "Don't Push the River",
    "overview" : "Pulkkinen -sarjasta tuttu henkilö Kopiovastaava menee maalle kuvausryhmän kera",
    "genres" : [ ]
  }, {
    "id" : 51045,
    "title" : "A Mother's Prayer",
    "overview" : "A Mother's Prayer, starring Robin Givens (Tyler Perry's The Family That Preys), Johnny Gill (legendary R&amp;B singer), Shirley Murdock (Man of Her Dreams) and Jermaine Crawford (HBO's The Wire), tells the compelling, heartwarming tale of family members torn apart by their individual struggles. The only thing that can truly bring the family back together is a mother's dying wishes. With a lot of love, this family is about to learn the true meaning of the saying: the family that prays together stays together. Come along on an emotional journey through song, laughter and triumph.",
    "genres" : [ {
      "id" : 18,
      "name" : "Drama"
    } ]
  }, {
    "id" : 51055,
    "title" : "Seoul Train",
    "overview" : "Seoul Train is a 2005 documentary that deals with the dangerous journeys of North Korean defectors fleeing through or to China. These journeys are both dangerous and daring, since if caught, they face forced repatriation, torture and possible execution. Seoul Train has been broadcast on television around the world, including on the Emmy Award-winning PBS series Independent Lens. In January 2007, \"Seoul Train\" was awarded the Alfred I. duPont – Columbia University Silver Baton for excellence in broadcast journalism. In April 2007, \"Seoul Train\" was named runner-up in the National Journalism Awards. The film was produced, directed and filmed by Jim Butterworth, a technology entrepreneur in Colorado in the U.S., and Lisa Sleeth of Incite Productions. It was co-directed and edited by Aaron Lubarsky, an Emmy award-winning documentary filmmaker in New York.",
    "genres" : [ {
      "id" : 99,
      "name" : "Documentary"
    } ]
  }, {
    "id" : 51065,
    "title" : "Ghetto Stories: The Movie",
    "overview" : "In the streets of Baton Rouge, there are only two sides of the track. In the midst of a street war of South vs. North, Marcus Hatch (Lil' Boosie) and Jai 'Savage' Carter (Webbie) find themselves as rival drug dealers struggling to make ends meet. With the streets at war, someone must suffer the consequences. This movie centers on the personal challenges, setbacks, and dilemmas of street life. Keep an eye peeled for Nicole (Hoopz) Alexander, who plays Slimm's (Tyrin Turner better know as Cain from Menace II Society) love interest and medical student, rap stars Bun B and Paul Wall also appear in supporting roles, as well as cameos by Trill Entertainment's own Foxx, Lil' Phat, Lil' Trill, and Big Head.",
    "genres" : [ {
      "id" : 28,
      "name" : "Action"
    }, {
      "id" : 18,
      "name" : "Drama"
    } ]
  }, {
    "id" : 51070,
    "title" : "Ne skazhu",
    "overview" : "",
    "genres" : [ ]
  }, {
    "id" : 51075,
    "title" : "National Geographic: Collapse",
    "overview" : "How could a civilization that mastered the planet suddenly Collapse? Inspired by the New York Times best-selling book \"Collapse: How Societies Choose to Fail or Succeed\", NGC time travels 200 years into the future to see what the world would look like after civilization as we know it collapsed. Guided by author Jared Diamond, we'll piece together the remarkable story of what on earth triggered our decline.",
    "genres" : [ {
      "id" : 99,
      "name" : "Documentary"
    } ]
  }, {
    "id" : 51090,
    "title" : "With Love... from the Age of Reason",
    "overview" : "The day she turns 40, Marguerite Flora, a successful rep for a nuclear power company, begins receiving letters she'd sent to herself at age seven. The letters tell her what to do if her life hasn't turned out the way she thought it should, when she was living in poverty with her mother and brother in a small village in southern France. She decides to go back to her birthplace to get the lawyer to stop the letters, but also to visit her childhood sweetheart and her long-forgotten brother, in order to find peace within herself.",
    "genres" : [ {
      "id" : 35,
      "name" : "Comedy"
    } ]
  }, {
    "id" : 51095,
    "title" : "Anal Aristocrats",
    "overview" : "Put beautiful mansions together with gorgeous Euro-babes and their insatiable desire to get ass fucked, and you get \"Anal Aristocrats,\" where getting backdoor banged becomes a class act. Shot on HD with meticulous attention to details, it features anal action in every scene, combining beauty and nastiness.",
    "genres" : [ ]
  }, {
    "id" : 51100,
    "title" : "Anal Cumsumption 2",
    "overview" : "",
    "genres" : [ ]
  }, {
    "id" : 51105,
    "title" : "Powderfinger: Sunsets Farewell Tour",
    "overview" : "Filmed at various concerts throughout Powderfinger's final Australian tour.",
    "genres" : [ {
      "id" : 10402,
      "name" : "Music"
    } ]
  }, {
    "id" : 51110,
    "title" : "Decalogue IV.",
    "overview" : "A father and daughter, Michał and Anka, have a unique intimacy, which the college-aged Anka is beginning to feel conflicted about. When she finds an unopened letter from her deceased mother, it seems to justify her attraction to Michał, who may not in fact be her father.",
    "genres" : [ {
      "id" : 18,
      "name" : "Drama"
    } ]
  }, {
    "id" : 51115,
    "title" : "The Cream of Eric Clapton",
    "overview" : "LOUISE CROSS ROADS I FEEL FREE SUNSHINE OF YOUR LOVE STRANGE BREW WHITE ROOM BADGE WORRIED LIFE BLUES LAYLA KNOCKIN' ON HEAVEN'S DOOR COCAINE I SHOT THE SHERIFF WONDERFUL TONIGHT FOREVER MAN TEARING US APART BEHIND THE MASK HOLY MOTHER",
    "genres" : [ {
      "id" : 10402,
      "name" : "Music"
    } ]
  }, {
    "id" : 51120,
    "title" : "Peter Pan",
    "overview" : "In this magical tale about the boy who refuses to grow up, Peter Pan and his mischievous fairy sidekick Tinkerbell visit the nursery of Wendy, Michael and John Darling. With a sprinkling of pixie dust, Peter and his new friends fly out the nursery window and over London to Never-Never Land. The children experience many wonderful and exciting adventures with the Lost Boys, Tiger Lily's Indian tribe, and Peter's arch enemy the dastardly pirate Captain Hook.",
    "genres" : [ {
      "id" : 10402,
      "name" : "Music"
    }, {
      "id" : 35,
      "name" : "Comedy"
    }, {
      "id" : 10751,
      "name" : "Family"
    }, {
      "id" : 14,
      "name" : "Fantasy"
    } ]
  }, {
    "id" : 51130,
    "title" : "Open Secret",
    "overview" : "A couple discovers that their friend has gone missing. Their investigation leads them to believe that anti-semites are behind the disappearance.",
    "genres" : [ {
      "id" : 80,
      "name" : "Crime"
    }, {
      "id" : 9648,
      "name" : "Mystery"
    }, {
      "id" : 53,
      "name" : "Thriller"
    } ]
  }, {
    "id" : 51135,
    "title" : "Pastorale 1943",
    "overview" : "In a Dutch village during the German occupation, a small group of badly organized resistance fighters attempt to assassinate a collaborator.",
    "genres" : [ {
      "id" : 18,
      "name" : "Drama"
    }, {
      "id" : 10752,
      "name" : "War"
    } ]
  }, {
    "id" : 51145,
    "title" : "Spring Forward",
    "overview" : "As the seasons change in a Connecticut town, two men of different age and backgrounds who work together outdoors for the local park system, share thoughts and feelings that gradually deepen into a relationship approaching father and son. Paul is just out of prison for armed robbery, assigned to work with Murph, a middle-aged vet whose grown son Bobby is dying. Paul is trying to control his temper and build a spiritual side based on reading. Murph is a down-to-earth Sancho Panza to Paul's more ethereal ideas. And Murphy seems to need forgiveness for mistakes as a dad. As Murphy's retirement approaches and winter sets in, the men talk and love blossoms.",
    "genres" : [ {
      "id" : 18,
      "name" : "Drama"
    } ]
  }, {
    "id" : 51150,
    "title" : "I Grow Chronic!",
    "overview" : "Step-by-Step construction of a basic indoor grow-room that yields a 1/4 pound of Chronic Sinsemillas Marijuana every two months. Mr. Green takes out the mystery and confusion surrounding the construction and maintenance of an indoor marijuana grow room by breaking it down into basic easy-to-follow steps.",
    "genres" : [ {
      "id" : 99,
      "name" : "Documentary"
    } ]
  }, {
    "id" : 51160,
    "title" : "Undercover Girl",
    "overview" : "After her father is murdered, a girl joins the police force in an effort to track down the killers.",
    "genres" : [ {
      "id" : 80,
      "name" : "Crime"
    }, {
      "id" : 9648,
      "name" : "Mystery"
    }, {
      "id" : 18,
      "name" : "Drama"
    } ]
  }, {
    "id" : 51165,
    "title" : "Bombay Dreams",
    "overview" : "Ebba and her friend Camilla go looking for her mother in India.",
    "genres" : [ {
      "id" : 35,
      "name" : "Comedy"
    } ]
  }, {
    "id" : 51170,
    "title" : "Open Season 3",
    "overview" : "Boog, Elliot, and their forest friends return with an all-new adventure, this time in a Big Top Circus! The comedy begins when Boog's pals choose their family obligations over the annual guy's trip, and a disappointed Boog decides to take a trip of his own, which leads him right into the middle of a circus ring...literally. When he switches places with a devious look-a-like circus grizzly and falls for an alluring Russian troupe member, he'll come to realize that maybe you don't have to choose between family and friendship after all.",
    "genres" : [ {
      "id" : 16,
      "name" : "Animation"
    }, {
      "id" : 10751,
      "name" : "Family"
    }, {
      "id" : 35,
      "name" : "Comedy"
    } ]
  }, {
    "id" : 51175,
    "title" : "Shaka Zulu: The Last Great Warrior",
    "overview" : "The saga of legendary African warrior Shaka Zulu comes to the screen in this continuation of the timeless tale from original miniseries creator Joshua Sinclair. From the moment he was born, Shaka Zulu was bound for greatness. When his homeland of Africa begins to fall prey to England's rapidly expanding empire, Shaka Zulu leads a bloody struggle to keep his people free. Jason Buchanan, Rovi",
    "genres" : [ {
      "id" : 18,
      "name" : "Drama"
    } ]
  }, {
    "id" : 51180,
    "title" : "Larceny",
    "overview" : "A young man from New Jersey comes to Los Angeles to visit his slightly crazy cousin and gets mistaken for a successful New York artist.",
    "genres" : [ ]
  }, {
    "id" : 51185,
    "title" : "The Foreign Eye",
    "overview" : "Fantasies and clichés about Brazil and Brazilians as reinforced by international films, even those actually shot in Brazil. This documentary features interviews with non-Brazilian directors, writers and stars who have been involved in some of those films.",
    "genres" : [ {
      "id" : 99,
      "name" : "Documentary"
    } ]
  }, {
    "id" : 51190,
    "title" : "Run Sister Run!",
    "overview" : "Emilia is a teenager and a good girl, who never forgets her homework or her little sister, Elsa. Siiri is just one year older than Emilia but not at all like her. When Emilia and Siiri become friends, Emilia's life changes. Siiri encourages her to take a leap, shake the rules and leave princess dreams behind. These two will have fun together, but not only good times",
    "genres" : [ {
      "id" : 18,
      "name" : "Drama"
    } ]
  }, {
    "id" : 51195,
    "title" : "The Thirst for Gold",
    "overview" : "Urbain and his grandmother are stingy. They buy gold with all their money, and hide it inside the bricks of a wall at their country house. Jackes, his chauffer, and his lover (who casualy is the Urbain's wife) don't know this fact and think they have the money hidden somewhere. When Urbain and his grandmother decide to transport the gold (with the house!) to Switzerland, in order to pay less tax, a crazy chase begins.",
    "genres" : [ {
      "id" : 35,
      "name" : "Comedy"
    } ]
  }, {
    "id" : 51200,
    "title" : "71: Into the Fire",
    "overview" : "A civil war broke out in the 1950s between North and South Korea which changed the country forever. 71: Into the Fire centers on the struggles of 71 student soldiers who fought through the Korean War. Using real people and events based on the opening moves of the Battle of P'ohang-dong, the film exposes the personal and physical conflicts that these students faced when finding themselves on the last line of defense at P'ohang-dong Girl's Middle School against the NKPA's advancement, needing to hold out until back up from other Korean troops and the Allies arrived.",
    "genres" : [ {
      "id" : 10752,
      "name" : "War"
    } ]
  }, {
    "id" : 51205,
    "title" : "Joy of Learning",
    "overview" : "Night after night, not long before dawn, two young adults, Patricia and Emile, meet on a sound stage to discuss learning, discourse, and the path to revolution. Scenes of Paris's student revolt, the Vietnam War, and other events of the late 1960s, along with posters, photographs, and cartoons, are backdrops to their words. Words themselves are often Patricia and Emile's subject, as are images, sounds, and juxtapositions.",
    "genres" : [ {
      "id" : 18,
      "name" : "Drama"
    } ]
  }, {
    "id" : 51210,
    "title" : "Prancer Returns",
    "overview" : "This holiday-themed children's film offers a unique take on the legend of Santa Claus and his tiny reindeer. In this movie, a young boy finds a deer in the forest he is sure is Santa's beloved Prancer. Determined to return the creature to the North Pole and his rightful destiny, the child overcomes the cynicism of his family to teach them and us a lesson about the true spirit of Christmas.",
    "genres" : [ {
      "id" : 35,
      "name" : "Comedy"
    }, {
      "id" : 10751,
      "name" : "Family"
    } ]
  }, {
    "id" : 51215,
    "title" : "The Breed",
    "overview" : "Vampires have come out of the shadows and are living as normal citizens. Two policemen, one a vampire, are assigned to track down a serial killer who tears the throat of his victims and drains their blood.",
    "genres" : [ {
      "id" : 27,
      "name" : "Horror"
    }, {
      "id" : 28,
      "name" : "Action"
    } ]
  }, {
    "id" : 51220,
    "title" : "The Doobie Brothers: Rockin Down the Highway - The Wildlife Concert",
    "overview" : "This historic live concert event unites the three lead vocalists of the Doobie Brothers for a special greatest hits performance including brand new music, exclusive interviews and behind-the-scences footage not available on the television broadcast  Tracks: Dangerous, Jesus Is Just Alright, Rockin' Down the Highway, Slack Key Soquel Rag (instrumental), South City Midnight Lady, Clear as the Driven Snow, Excited, Takin' It to the Streets, Minute by Minute, What a Fool Believes, Black Water, Neil's Fandango, Wild Ride, The Doctor, Slow Burn, Take Me in Your Arms (Rock Me a Little While), Without You, Long Train Runnin', China Grove, Listen to the Music",
    "genres" : [ {
      "id" : 10402,
      "name" : "Music"
    } ]
  }, {
    "id" : 51225,
    "title" : "Sound & Motion: Vol. 1",
    "overview" : "A visual exploration of electronic music in Surround Sound. Sixteen videos from the most popular cutting-edge electronica musicians are featured, giving a comprehensive look at the state of electropop at the turn of the 20th century. Performers include The Chemical Brothers, Fatboy Slim, The Prodigy, Diesel Boy &amp; Technical Itch and more.",
    "genres" : [ ]
  }, {
    "id" : 51230,
    "title" : "Cinemania",
    "overview" : "This documentary about the culture of intense cinephilia in New York City reveals the impassioned world of five obsessed movie buffs. The filmmakers expose this delightfully deranged cult by capturing the daily lives of its members. Interviews in movie houses, on the street and in the homes of the subjects tell the story of each individual. Many cannot hold a job, or choose not to. All of them have demoted the importance of the real world, giving all of their attention to the fantasy world of the movies. These human encyclopedias of cinema see two to five films a day, and from 600 to 2,000 films per year. Many have no physical sex lives, living instead in a world of romance with stars like James Dean or Audrey Hepburn. This is the story of their lives, their memories, their unbending habits and the films they love.",
    "genres" : [ {
      "id" : 99,
      "name" : "Documentary"
    } ]
  }, {
    "id" : 51240,
    "title" : "Bruce Lee - The Intercepting Fist",
    "overview" : "Follow the transformation of world-renowned martial arts great Bruce Lee, from his early years as a young student to his final days as a skilled master and screen legend. Rare movie clips and vintage ... read more behind-the-scenes footage illustrate Lee's significant contribution to Hollywood's martial arts action genre. Bonus features include scenes from his unfinished film Game of Death and clips of his television appearance on the series \"Longstreet.\"",
    "genres" : [ {
      "id" : 28,
      "name" : "Action"
    }, {
      "id" : 99,
      "name" : "Documentary"
    } ]
  }, {
    "id" : 51245,
    "title" : "Inseparable",
    "overview" : "A troubled young man, Li faces pressure at work and problems at home with his moody wife. Chuck, rescues Li from the brink of despair and becomes an unlikely mentor. But who is Chuck really?",
    "genres" : [ {
      "id" : 18,
      "name" : "Drama"
    }, {
      "id" : 35,
      "name" : "Comedy"
    }, {
      "id" : 53,
      "name" : "Thriller"
    } ]
  }, {
    "id" : 51250,
    "title" : "Gun",
    "overview" : "A drama set in the world of weapon dealing.",
    "genres" : [ {
      "id" : 28,
      "name" : "Action"
    }, {
      "id" : 53,
      "name" : "Thriller"
    } ]
  }, {
    "id" : 51255,
    "title" : "The Bachelor",
    "overview" : "\"The Bachelor\" TV show turns homosexual fantasy in this 2003 production. Barrett Long, the title bachelor, invites five contestants to his luxurious home to compete for him and his affection. He has dates with three of the men in two sexual encounters, while the last two get it on themselves. Then he dismisses one unlucky soul in a group meeting, before a challenge turns into an orgy. Who wins? That's the catch.",
    "genres" : [ ]
  }, {
    "id" : 51260,
    "title" : "The Crawling Hand",
    "overview" : "After an astronaut space capsule is detonated in orbit, a teenager finds a severed arm among wreckage on earth. Soon the thing returns to life to murder and posses the young man's mind.",
    "genres" : [ {
      "id" : 27,
      "name" : "Horror"
    }, {
      "id" : 878,
      "name" : "Science Fiction"
    } ]
  }, {
    "id" : 51270,
    "title" : "The Shift",
    "overview" : "From the creators of You Can Heal Your Life: The Movie comes a compelling portrait of three modern lives in need of new direction and new meaning. In his first-ever movie, Wayne Dyer explores the spiritual journey in the second half of life when we long to find the purpose that is our unique contribution to the world. The powerful shift from the ego constructs we are taught early in life by parents and society—which promote an emphasis on achievement and accumulation—are shown in contrast to a life of meaning, focused on serving and giving back. Filmed on coastal California’s spectacular Monterey Peninsula, The Shift captures every person’s mid-life longing for a more purposeful, soul-directed life.",
    "genres" : [ {
      "id" : 99,
      "name" : "Documentary"
    }, {
      "id" : 18,
      "name" : "Drama"
    } ]
  }, {
    "id" : 51275,
    "title" : "The Priest",
    "overview" : "",
    "genres" : [ {
      "id" : 18,
      "name" : "Drama"
    }, {
      "id" : 36,
      "name" : "History"
    }, {
      "id" : 10752,
      "name" : "War"
    } ]
  }, {
    "id" : 51280,
    "title" : "Wolf",
    "overview" : "Commissaris Thomas Verhaege is met zijn team een oplichter op het spoor, op het moment dat Vadim Arveladze, een zware crimineel, hun pad kruist. Een hologram met bezwarende informatie wordt de speelbal tussen politie en gewetenloze criminelen. Een bitse strijd ontstaat als de criminelen Thomas’ echtgenote Eva kidnappen om te ruilen voor het bewuste hologram. Het voortbestaan van België is de inzet.",
    "genres" : [ {
      "id" : 28,
      "name" : "Action"
    }, {
      "id" : 18,
      "name" : "Drama"
    }, {
      "id" : 80,
      "name" : "Crime"
    } ]
  }, {
    "id" : 51285,
    "title" : "PG 16...",
    "overview" : "Kir, Leya, Dasha and Max are student. Almost every experience is for a first time to them - first love, first disappointment, first betrayal...",
    "genres" : [ {
      "id" : 10749,
      "name" : "Romance"
    }, {
      "id" : 35,
      "name" : "Comedy"
    }, {
      "id" : 18,
      "name" : "Drama"
    } ]
  }, {
    "id" : 51290,
    "title" : "Artois the Goat",
    "overview" : "Lab technician Virgil Gurdies struggles to choose between his truelove Angie and his newfound quest to create the greatest goat cheese the world has ever known.",
    "genres" : [ {
      "id" : 35,
      "name" : "Comedy"
    }, {
      "id" : 10749,
      "name" : "Romance"
    } ]
  }, {
    "id" : 51295,
    "title" : "Voces en imágenes",
    "overview" : "A serie of inteviews made to spanish dubbing actors about their career and works.",
    "genres" : [ {
      "id" : 99,
      "name" : "Documentary"
    } ]
  }, {
    "id" : 51300,
    "title" : "The Barber of Siberia",
    "overview" : "Douglas is a foreign entrepreneur, who ventures to Russia in 1885 with dreams of selling a new, experimental steam-driven timber harvester in the wilds of Siberia. Jane is his assistant. On her travels, she meets two men who would change her life forever: a handsome young cadet Andrej Tolstoy with whom she shares a fondness for opera, and the powerful General Radlov who is entranced by her beauty and wants to marry her.",
    "genres" : [ {
      "id" : 35,
      "name" : "Comedy"
    }, {
      "id" : 18,
      "name" : "Drama"
    }, {
      "id" : 10749,
      "name" : "Romance"
    } ]
  }, {
    "id" : 51305,
    "title" : "Isenseven: Dont Panic",
    "overview" : "Don't Panic! Yes, you should not panic. Why panic? Things are good, aren't they? Speaking of \"things\"....\"Don't Panic!\" is also the name for IsenSevens 2010 movie. We travelled to powdery Euro resorts, snowed-in German and Scandinavian cities, slushy California parks, Russian ghettos and all kinds of other fun places.....except Vegas. No snow there this year.",
    "genres" : [ ]
  }, {
    "id" : 51310,
    "title" : "A Mom for Christmas",
    "overview" : "The story revolves around 11-year-old Jessica (Juliet Sorcey), whose mother died when she was three years old. Her father Jim (Doug Sheehan) is a workaholic with little time for his daughter. Just before the Christmas holiday season, Jessica wins a free wish from a wishing well. Her wish for a mother for Christmas is granted by Philomena (Doris Roberts) and Amy (Newton-John), a department store mannequin, is brought to life to be a mom for Jessica.",
    "genres" : [ {
      "id" : 35,
      "name" : "Comedy"
    }, {
      "id" : 14,
      "name" : "Fantasy"
    } ]
  }, {
    "id" : 51320,
    "title" : "Black Balled 5 - Starfucker",
    "overview" : "Dean Monroe is a leading man who is always the center of attention, but after the cameras stop rolling on the set of a soap opera he stars in, the real action heats up. Little does Dean know that his bodyguard, played by Aaron Ridge, is working behind the scenes with security guard Tiger and the rest of the crew of the show to make his wildest dreams come true. When Dean finds himself alone on the set, the lights go down and Tiger shows up claiming to know exactly what it is that Dean's been craving. After forcing Dean to make out with him, Dean gives in to his desires and starts to service Tiger. When the lights come up, more guys continue to join the party as Dean is force fed cock after cock.",
    "genres" : [ ]
  }, {
    "id" : 51330,
    "title" : "You're a Good Man, Charlie Brown",
    "overview" : "The Peanuts gang perform the classic Broadway musical. In addition to the classic songs, we see Charlie Brown and his friends perform the various comedy sketches of the play.",
    "genres" : [ {
      "id" : 16,
      "name" : "Animation"
    }, {
      "id" : 10751,
      "name" : "Family"
    }, {
      "id" : 35,
      "name" : "Comedy"
    } ]
  }, {
    "id" : 51345,
    "title" : "A Previous Engagement",
    "overview" : "When Julia Reynolds talks her husband into a family vacation in Malta she has a secret agenda: a date made twenty-five years earlier with her first love.",
    "genres" : [ ]
  }, {
    "id" : 51355,
    "title" : "The Rough House",
    "overview" : "Roscoe, his wife and his mother-in-law run a seaside resort. Buster plays a gardener who puts out a fire started by Roscoe, then a delivery boy who fights with the cook St. John, then a cop.",
    "genres" : [ {
      "id" : 35,
      "name" : "Comedy"
    } ]
  }, {
    "id" : 51360,
    "title" : "The Goat",
    "overview" : "A series of adventures begins when Buster is mistaken for Dead Shot Dan, the evil bad guy.",
    "genres" : [ {
      "id" : 35,
      "name" : "Comedy"
    } ]
  }, {
    "id" : 51365,
    "title" : "The Door",
    "overview" : "A successful artist loses control of his life after his young daughter's death. A chance for a new start appears, but all is not what it seems.",
    "genres" : [ {
      "id" : 14,
      "name" : "Fantasy"
    }, {
      "id" : 53,
      "name" : "Thriller"
    }, {
      "id" : 878,
      "name" : "Science Fiction"
    }, {
      "id" : 9648,
      "name" : "Mystery"
    } ]
  }, {
    "id" : 51370,
    "title" : "The Cool School",
    "overview" : "How LA Learned to Love Modern Art. A lesson in how a few renegade artists built an art scene from scratch.",
    "genres" : [ {
      "id" : 99,
      "name" : "Documentary"
    } ]
  }, {
    "id" : 51375,
    "title" : "BuckleRoos: Part II",
    "overview" : "Lusty cowboy ranchers Dean Phoenix and Marcus Iron overcome more obstacles and consummate their love and devotion for each other, thanks to the intervention of the mysterious Man in Black and his magical belt buckle.",
    "genres" : [ ]
  }, {
    "id" : 51380,
    "title" : "Mixed Magic",
    "overview" : "When Buster Keaton goes to work as an assistant to a carnival magician, the results turn out to be less than magical.",
    "genres" : [ {
      "id" : 35,
      "name" : "Comedy"
    } ]
  }, {
    "id" : 51385,
    "title" : "Streamlined Swing",
    "overview" : "A group of African-American waiters on a railway believe they have made a deal to secure a railroad dining car that they set up on Wilshire Blvd in Los Angeles as a diner. To bring in customers, they sing, their voices providing most of the musical accompaniment as well. At the diner, in front of a crowd of swells, the police deliver the bad news.",
    "genres" : [ {
      "id" : 10402,
      "name" : "Music"
    } ]
  }, {
    "id" : 51390,
    "title" : "We Jam Econo: The Story of the Minutemen",
    "overview" : "A feature-length documentary chronicling early '80s punk rock band the Minutemen, from their beginnings in San Pedro, California, to their demise after the death of singer D. Boon in 1985.",
    "genres" : [ {
      "id" : 99,
      "name" : "Documentary"
    } ]
  }, {
    "id" : 51395,
    "title" : "Hold Back the Dawn",
    "overview" : "Romanian-French gigolo Georges Iscovescu wishes to enter the USA. Stopped in Mexico by the quota system, he decides to marry an American, then desert her and join his old partner Anita, who's done likewise. But after sweeping teacher Emmy Brown off her feet, he finds her so sweet that love and jealousy endanger his plans.",
    "genres" : [ {
      "id" : 18,
      "name" : "Drama"
    }, {
      "id" : 10749,
      "name" : "Romance"
    } ]
  }, {
    "id" : 51400,
    "title" : "Tough Luck",
    "overview" : "Lorsque vous rencontrez Réjean, (Rémy Girard) il est impossible de séparer le monde réel de son imaginaire. Biographe de métier, son rôle est d’embellir la vie de ses clients. Très bientôt, Réjean sera confronté au même problème sur le site de rencontre Réseau Contact. Il doit faire parvenir une vidéo qui parle de lui, de sa vie. Bref, d’être vendeur. Hésitant, il commence à raconter sa vie à la caméra. Tant bien que mal, il essaye désespérément de reconstruire sa vie tel qu’il s’en souvient. Malheureusement, sa profession déteint sur sa propre histoire. Pris au jeu, il choisira la facilité en se cachant derrière sa technique, pour faire de sa vie une aventure rocambolesque digne d’un auteur à succès. Une histoire à la fois drôle et poignante remplie d’intrigues où le spectateur tentera de discerner le vrai du faux. Y’en aura pas de facile.",
    "genres" : [ {
      "id" : 35,
      "name" : "Comedy"
    } ]
  }, {
    "id" : 51405,
    "title" : "Seven Times Lucky",
    "overview" : "An aging con-man and a beautiful, ambitious student cross paths in a scam that promises to make them both rich.",
    "genres" : [ {
      "id" : 18,
      "name" : "Drama"
    } ]
  }, {
    "id" : 51410,
    "title" : "Jens Pulver: Driven",
    "overview" : "DRIVEN is a film about a universal human struggle, transcending loss, and overcoming hardship through the many fights we all share in our pursuit of greatness. It is, poignantly, a film about one man's drive, in an increasingly dire American psyche, to overcome the most trenchant of odds, and redefine his fate in a quest to provide a more solid future for self and family than his own meager inheritances would have allowed. Jens Pulver's story is everyone's story. And it is why Jens Pulver is so loved by fight fans around the world.",
    "genres" : [ {
      "id" : 99,
      "name" : "Documentary"
    } ]
  }, {
    "id" : 51415,
    "title" : "Silent Möbius",
    "overview" : "In a futuristic Tokyo, several policewomen fight a monster. One of them, Katsumi Liqueur, remembers where she saw it before... Katsumi Liqueur, an American-born woman of Japanese descent, travels to Tokyo to visit her mother, Fuyuka, who is sick in the hospital. She takes a shortcut through an alley after her taxi gets stuck in traffic, only to encounter a monster and two policewomen fighting it. Later, she meets their chief, Rally Cheyenne, who, it seems, has been expecting her, though Katsumi has never met her before. The policewomen want Katsumi to help them fight the monster, but Katsumi, who does not want to believe in magic, resists.",
    "genres" : [ {
      "id" : 28,
      "name" : "Action"
    }, {
      "id" : 16,
      "name" : "Animation"
    }, {
      "id" : 878,
      "name" : "Science Fiction"
    } ]
  }, {
    "id" : 51420,
    "title" : "Strange Alibi",
    "overview" : "An undercover cop finds himself on the wrong side of the law when the mob discovers his true identity.",
    "genres" : [ {
      "id" : 80,
      "name" : "Crime"
    } ]
  }, {
    "id" : 51440,
    "title" : "Sale",
    "overview" : "A woman is shopping in a crowded shopping mall, with her husband and two kids. In the shopping mall she meets a stranger, who brings romance to a dreadful Saturday.",
    "genres" : [ {
      "id" : 10749,
      "name" : "Romance"
    } ]
  }, {
    "id" : 51445,
    "title" : "The Trap",
    "overview" : "A fur trapper takes a mute girl as his unwilling wife to live with him in his remote cabin in the woods.",
    "genres" : [ {
      "id" : 12,
      "name" : "Adventure"
    }, {
      "id" : 18,
      "name" : "Drama"
    }, {
      "id" : 10749,
      "name" : "Romance"
    } ]
  }, {
    "id" : 51450,
    "title" : "Santa's Apprentice",
    "overview" : "Santa doesn't want to retire, but rules are rules and he must train someone to replace him. The lucky winner, to be chosen from among millions of children, must be named Nicholas, be an orphan and have a pure heart. On the other side of the planet, there is a little boy who is a perfect match, but his lack of self-confidence and fear of heights make him a poor contestant. Will Santa agree to step down, and help his apprentice take his place?",
    "genres" : [ {
      "id" : 10751,
      "name" : "Family"
    }, {
      "id" : 16,
      "name" : "Animation"
    } ]
  }, {
    "id" : 51455,
    "title" : "Mutant Girls Squad",
    "overview" : "Rin a young high school student is your everyday awkward girl who gets bullied by her fellow students. On her 16th birthday, Rin gets an unexpected surprise: she finds out that she is, on her father's side, a half-mutant.",
    "genres" : [ {
      "id" : 53,
      "name" : "Thriller"
    }, {
      "id" : 28,
      "name" : "Action"
    }, {
      "id" : 878,
      "name" : "Science Fiction"
    } ]
  }, {
    "id" : 51465,
    "title" : "The Other Side",
    "overview" : "Samuel North (Nathan Mobley) escapes from Hell to find the person who murdered him, but a team of invincible bounty hunters called REAPERS are sent from the Netherworld to bring him back.",
    "genres" : [ {
      "id" : 28,
      "name" : "Action"
    }, {
      "id" : 27,
      "name" : "Horror"
    }, {
      "id" : 53,
      "name" : "Thriller"
    } ]
  }, {
    "id" : 51470,
    "title" : "Moonshine",
    "overview" : "A feud between the Owens and the Gillettes ends when the last remaining Gillette is killed, but new trouble erupts for the mountain folk with the arrival of a U.S. revenue agent and his assistant.",
    "genres" : [ {
      "id" : 35,
      "name" : "Comedy"
    } ]
  }, {
    "id" : 51480,
    "title" : "Nana Mizuki Live Fighter 2008",
    "overview" : "",
    "genres" : [ ]
  }, {
    "id" : 51485,
    "title" : "Delhi Safari",
    "overview" : "The movie centers on a group of animals in a national park in Bombay trying to figure out a way to stop humans from building an apartment complex on their land.",
    "genres" : [ {
      "id" : 16,
      "name" : "Animation"
    }, {
      "id" : 35,
      "name" : "Comedy"
    }, {
      "id" : 10751,
      "name" : "Family"
    }, {
      "id" : 10769,
      "name" : "Foreign"
    } ]
  }, {
    "id" : 51490,
    "title" : "On the Inside",
    "overview" : "A decent but troubled young man is sent to a psychiatric institution for the criminally insane and soon finds himself in a fight for his life battling ghosts inside his head and very real enemies all around him.",
    "genres" : [ {
      "id" : 18,
      "name" : "Drama"
    }, {
      "id" : 53,
      "name" : "Thriller"
    } ]
  }, {
    "id" : 51495,
    "title" : "Les Luthiers: Grandes Hitos",
    "overview" : "Les Luthiers is a comedy-musical group from Argentina, very popular also in several other Spanish-speaking countries such as Paraguay, Peru, Chile, Ecuador, Spain, Colombia, Mexico, Uruguay and Venezuela. They were formed in 1967 by Gerardo Masana, during the height of a period of very intense Choral Music activity in Argentina's state universities.",
    "genres" : [ {
      "id" : 35,
      "name" : "Comedy"
    } ]
  }, {
    "id" : 51500,
    "title" : "Leonard Cohen - Songs from the Road",
    "overview" : "Following the celebration of his 40th year as a Columbia artist in 2007 and coinciding with his induction into the Rock And Roll Hall Of Fame in March 2008, Cohen thrilled his fans by announcing his first tour dates in 15 years. He s gone on to play the most prestigious and beautiful venues in virtually every corner of the globe, mesmerizing and charming audiences with performances that were hailed as some of the best of his career. When legend Cohen takes to the stage, raved Ireland s The Independent (June 2008), it s no less than a cultural event of Biblical dimensions.",
    "genres" : [ {
      "id" : 10402,
      "name" : "Music"
    } ]
  }, {
    "id" : 51505,
    "title" : "The Christmas Hope",
    "overview" : "After the recent loss of her son Sean—a minor character in The Christmas Blessing—Patty Addison (Madeleine Stowe) devotes herself to finding homes for needy children. The loss of their son has strained Patty's relationship with her husband Mark. but they reconnect emotionally when they take in Emily, a 9-year-old orphaned in a car accident similar to the one that killed Sean. At the same time Dr. Nathan Andrews—the one character that connects the entire film trilogy—is trying to find the parents of a boy who died in the ER, and Mark is trying to help one of his son's friends. By the end of the film, all three stories are intertwined as they all look for Emily, who has run away.",
    "genres" : [ {
      "id" : 10751,
      "name" : "Family"
    }, {
      "id" : 18,
      "name" : "Drama"
    } ]
  }, {
    "id" : 51510,
    "title" : "Biker Zombies",
    "overview" : "Biker Zombies From Detroit is a horror/comedy contrasting the dark deadly streets of outer Detroit against the posh and protected upscale community of Grosse Pointe. A series of horrific murders are committed in the Detroit area. Now it seems an evil darkness has descended onto the streets of Grosse Pointe, and hidden within is the wrath of 'Biker Zombies from Detroit'!",
    "genres" : [ {
      "id" : 27,
      "name" : "Horror"
    }, {
      "id" : 35,
      "name" : "Comedy"
    } ]
  }, {
    "id" : 51515,
    "title" : "At Play in the Fields of the Lord",
    "overview" : "Martin and Hazel Quarrier are small-town fundamentalist missionaries sent to the jungles of South America to convert the Indians. Their remote mission was previously run by the Catholics, before the natives murdered them all. They are sent by the pompous Leslie Huben, who runs the missionary effort in the area but who seems more concerned about competing with his Catholic 'rivals' than in the Indians themselves. Hazel is terrified of the Indians while Martin is fascinated. Soon American pilot Lewis Moon joins the Indian tribe but is attracted by Leslie's young wife, Andy. Can the interaction of these characters and cultures, and the advancing bulldozers of civilization, avoid disaster?",
    "genres" : [ {
      "id" : 18,
      "name" : "Drama"
    }, {
      "id" : 10749,
      "name" : "Romance"
    } ]
  }, {
    "id" : 51520,
    "title" : "Blind Mountain",
    "overview" : "Blind Mountain follows a young woman, Bai Xuemei, in the early 1990s who recently graduated from college and attempts to find work to help pay for her brother's education. In the process, she is drugged, kidnapped and sold as a bride to a villager in the Qinling Mountains of China's Shaanxi province. Trapped in the fiercely traditional town, the young woman finds that her avenues of escape are all blocked. As she searches for allies, including a young boy, a school teacher and a mailman, she suffers from being raped by her \"husband\" and continued beatings at the hands of the villagers, her husband, and her husbands' parents.",
    "genres" : [ {
      "id" : 18,
      "name" : "Drama"
    } ]
  }, {
    "id" : 51525,
    "title" : "Invitation to the Dance",
    "overview" : "Theo Gromberg is a bon vivant, apparently with built-in guarantee to failure. Faithful to his side is his friend Enno, an Italian guest workers. Both have a dream: to which they want to get into the trucking business its own trucks.",
    "genres" : [ {
      "id" : 35,
      "name" : "Comedy"
    } ]
  }, {
    "id" : 51535,
    "title" : "In Car 956",
    "overview" : "The world of endurance/sports cars as seen through the eyes of Derek Bell at the wheel of the works Rothmans Porsche 956 (650 bhp). Featuring laps on 7 of the world's greatest circuits with speeds up to 220 mph.",
    "genres" : [ {
      "id" : 99,
      "name" : "Documentary"
    } ]
  }, {
    "id" : 51540,
    "title" : "Horrible Bosses",
    "overview" : "For Nick, Kurt and Dale, the only thing that would make the daily grind more tolerable would be to grind their intolerable bosses into dust. Quitting is not an option, so, with the benefit of a few-too-many drinks and some dubious advice from a hustling ex-con, the three friends devise a convoluted and seemingly foolproof plan to rid themselves of their respective employers... permanently.",
    "genres" : [ {
      "id" : 35,
      "name" : "Comedy"
    }, {
      "id" : 80,
      "name" : "Crime"
    } ]
  }, {
    "id" : 51545,
    "title" : "Four Murders Are Enough, Darling",
    "overview" : "Two criminal gangs are ruthlessly fighting for a 1-million dollar check that, purely by chance, got into the flat of shy high school teacher George Camel. As the number of victims sharply increases, Camel is mistakenly regarded as a mass murderer and cunningly uses his horrifying reputation to get the respect and heart of his beloved Sabrina, a journalist from a local newspaper. But this game turns out to be risky and in the end, both gangs don't hesitate to seize the check at all costs, including an improvised operation",
    "genres" : [ {
      "id" : 80,
      "name" : "Crime"
    }, {
      "id" : 35,
      "name" : "Comedy"
    } ]
  }, {
    "id" : 51550,
    "title" : "Hero",
    "overview" : "The film continues from Hero SP, five years after Kuryu Kohei was transferred to Shinigaki Island. Kuryu Kohei goes back to Tokyo Branch DA, where everything seems doesn't changed at all.",
    "genres" : [ {
      "id" : 18,
      "name" : "Drama"
    } ]
  }, {
    "id" : 51555,
    "title" : "Short Cut to Hell",
    "overview" : "James Cagney directs this remake of the film noir classic This Gun for Hire.",
    "genres" : [ {
      "id" : 80,
      "name" : "Crime"
    }, {
      "id" : 18,
      "name" : "Drama"
    }, {
      "id" : 53,
      "name" : "Thriller"
    } ]
  }, {
    "id" : 51560,
    "title" : "Oz",
    "overview" : "In this 1976 Australian made retelling of The Wizard of Oz, two teens are dancing at a rural gathering when the girl Dorothy (Joy Dunstan) is knocked unconscious.  In her delirium, she imagines she is hitchhiking to attend the final concert of a rock star known as \"The Wizard\" (Graham Matters).  All the characters from the classic children's tale appear on her journey, transformed into modern-day Australian characters.  The Scarecrow is a somewhat dim-witted surfer-lad (in Australian lingo, a \"surfie\"), a cowardly biker is, of course, the Cowardly Lion, and so on.  This musical is not designed for younger children, and is instead suitable for mature teens and young adults.",
    "genres" : [ {
      "id" : 10402,
      "name" : "Music"
    }, {
      "id" : 14,
      "name" : "Fantasy"
    }, {
      "id" : 35,
      "name" : "Comedy"
    } ]
  }, {
    "id" : 51565,
    "title" : "The Dragon Murder Case",
    "overview" : "Wonderful idea to give a party with people who dislike each other. Late at night, everyone decides to go into the pool, except Stamm, who is drunk. Montague dives in as does Greeff and Leland, but only Greeff and Leland come out. Montague is no where to be found so Leland suspects foul play and calls the cops. Luckily, Philo is with the D.A. and comes along, but they do not find Montague. When they drain the pool the next day, they find nothing except what looks like dragon prints. Philo has his suspicions and tries to piece the clues together to find out what has happened.",
    "genres" : [ {
      "id" : 9648,
      "name" : "Mystery"
    } ]
  }, {
    "id" : 51575,
    "title" : "Forfeit",
    "overview" : "An armored car guard's elaborate plan for revenge is threatened by his relationship with an old friend -- a brilliant and unpredictable television preacher.",
    "genres" : [ {
      "id" : 28,
      "name" : "Action"
    }, {
      "id" : 18,
      "name" : "Drama"
    }, {
      "id" : 53,
      "name" : "Thriller"
    } ]
  }, {
    "id" : 51585,
    "title" : "Sophie Milman: Live In Montreal",
    "overview" : "Captured live at the Montreal Jazz Festival, Sophie Milman, the young Russian born Israeli jazz vocalist performs the most popular songs from her two best selling albums. Jazz vocalist Sophie Milman mesmerizes the crowd at the Montreal International Jazz Festival in this captivating concert film, offering sultry renditions of \"People Will Say We're In Love,\" \"(It's Not Easy) Bein' Green,\" \"Matchmaker, Matchmaker,\" and many others. This live release also includes an in-depth interview with the performer herself.",
    "genres" : [ ]
  }, {
    "id" : 51590,
    "title" : "Assault of the Sasquatch",
    "overview" : "When a merciless bear poacher is caught and arrested deep in the woods of a state park, he and his truck are taken to a neglected precinct in the heart of a dying city. Unbeknown-st to the authorities, the impounded truck holds a deadly cargo in the form of the legendary Sasquatch. Now, stuck in an unfamiliar world, the creature will let nothing and no one stop it from coming face-to-face with the unscrupulous man who ruthlessly ripped it from its environment. Taking an inventive and action packed approach, \"Sasquatch Assault\" breaths new and exciting life into the immortal legend of Bigfoot.",
    "genres" : [ {
      "id" : 28,
      "name" : "Action"
    }, {
      "id" : 12,
      "name" : "Adventure"
    }, {
      "id" : 27,
      "name" : "Horror"
    } ]
  }, {
    "id" : 51595,
    "title" : "Life Goes On",
    "overview" : "The drama explores the relations between a grief stricken father and his three daughters. Set in London, the time is now, the family of Indian origin. With his wife’s sudden death, Sanjay is suddenly thrown into close proximity with his three daughters. The drama unfolds over six days from the day when Manju dies to day of the funeral. Haunted by memories, grappling with this devastating loss, Sanjay finds himself assessing and carving out new relations with his three daughters. He is faced with a further crisis when he discovers his youngest and most loved daughter Dia, has a Muslim boyfriend -Imtiaz. Confused and angry, Sanjay leaves home and wanders the streets of London one night. With an unexpected series of events, Sanjay is forced to face his past demons.",
    "genres" : [ {
      "id" : 18,
      "name" : "Drama"
    } ]
  }, {
    "id" : 51600,
    "title" : "Queen: Rare Live - A Concert Through Time and Space",
    "overview" : "Rare Live is a unique video event, a Queen concert through time and space, tailored to please the collector's palate. Kickstarting with the first Queen performance ever caught on video (1973 in a London rehearsal studio), the concert captures Queen at shows spanning every stage of their carreer, in every corner of the globe they've played, performing songs they seldom played live. And when the band launch into more familiar mainstays of their live repertoire, the versions are taken from never-before seen footage, in some cases their first ever performance of anthems-to-be.  DVD/Video, released in 1989 - Queen Films Ltd. / Picture Music International - MVP 99 1189 3",
    "genres" : [ {
      "id" : 10402,
      "name" : "Music"
    } ]
  }, {
    "id" : 51605,
    "title" : "The Chief",
    "overview" : "1976- Step inside the cluttered office of Art Rooney and meet \"The Chief.\" Come face to face with the guiding force behind the Pittsburgh Steelers. Hear Rooney's personal tales of faith, family, and football.",
    "genres" : [ {
      "id" : 18,
      "name" : "Drama"
    }, {
      "id" : 99,
      "name" : "Documentary"
    } ]
  } ]
}