{
  "movies" : [ {
    "id" : 356490,
    "title" : "Derek Special",
    "overview" : "Pregnant again, Hannah is back with Tom, now working on the bins, and they are shortly to marry, with Derek giving the bride away. Derek himself spends the night in the home's caravan with girlfriend Tracey though it is unclear whether they did anything except sleep. Days before the wedding Hannah gets so annoyed with Kev that she throws him out and he is next discovered in hospital, suffering from alcohol poisoning. However, at Derek's request, she lets him back in on condition he gives up the drink and allows him to give her away at the wedding instead of Derek. Despite a bizarre speech from Kev the day goes well and some months later Hannah gives Derek her new-born baby to hold.",
    "genres" : [ {
      "id" : 18,
      "name" : "Drama"
    }, {
      "id" : 10770,
      "name" : "TV Movie"
    }, {
      "id" : 35,
      "name" : "Comedy"
    } ]
  }, {
    "id" : 356495,
    "title" : "In the Swimming Pool, Palm Beach, Florida",
    "overview" : "Diving in the Swimming Pool at Palm Beach, Florida.",
    "genres" : [ ]
  }, {
    "id" : 356500,
    "title" : "Detour",
    "overview" : "A young law student, grieving for his dying mother, struggles to decide whether he should kill his unfaithful step-father.",
    "genres" : [ {
      "id" : 53,
      "name" : "Thriller"
    } ]
  }, {
    "id" : 356505,
    "title" : "Injo shūyōsho 2 Purizun Hāremu",
    "overview" : "Second action erotic female prisoner in the prison scene was ruled by violence and the whip. Southern girl escaped out of the wall multiplied by a riot. But in vain would later be captured by a desperate fugitive. Was waiting for her whole body was detained torture kinky woman director.",
    "genres" : [ ]
  }, {
    "id" : 356510,
    "title" : "The Divers",
    "overview" : "short featuring a near-romantic rooftop interaction in slow motion",
    "genres" : [ ]
  }, {
    "id" : 356515,
    "title" : "Jigina",
    "overview" : "A dark-skinned call taxi driver starts chatting with a pretty girl on Facebook under the profile of a good-looking guy. He yearns to marry her, but life has quite a bunch of twists in store for him.",
    "genres" : [ {
      "id" : 18,
      "name" : "Drama"
    }, {
      "id" : 10749,
      "name" : "Romance"
    } ]
  }, {
    "id" : 356520,
    "title" : "Réception de sa majesté Alphonse XIII à Barcelone",
    "overview" : "1904 short by De Chomon",
    "genres" : [ ]
  }, {
    "id" : 356530,
    "title" : "Lesbian PsychoDramas 16",
    "overview" : "Drama to the highest degree!",
    "genres" : [ ]
  }, {
    "id" : 356535,
    "title" : "Il n'y a pas de rapport sexuel",
    "overview" : "",
    "genres" : [ ]
  }, {
    "id" : 356540,
    "title" : "Ferrailles d'attente",
    "overview" : "Algeria seen as a constant construction site. The eye moves through the chaos of the Algerian architecture, where most of the buildings are left incomplete. This is an essay on photography and video, but also on graphics and music.",
    "genres" : [ ]
  }, {
    "id" : 356545,
    "title" : "Atraso Menstrual",
    "overview" : "",
    "genres" : [ {
      "id" : 99,
      "name" : "Documentary"
    } ]
  }, {
    "id" : 356550,
    "title" : "My Best Gal",
    "overview" : "A girl from a show-business family seeks a backer for her boyfriend's musical.",
    "genres" : [ {
      "id" : 35,
      "name" : "Comedy"
    }, {
      "id" : 10402,
      "name" : "Music"
    }, {
      "id" : 18,
      "name" : "Drama"
    } ]
  }, {
    "id" : 356555,
    "title" : "I Am Alone",
    "overview" : "An unknown virus begins to spread infecting the local population almost instantly, but footage found by the CDC of one man's survival may just help them find a cure.",
    "genres" : [ {
      "id" : 878,
      "name" : "Science Fiction"
    }, {
      "id" : 18,
      "name" : "Drama"
    }, {
      "id" : 27,
      "name" : "Horror"
    } ]
  }, {
    "id" : 356560,
    "title" : "Gunther",
    "overview" : "Gunther's journey to find out who he is continues even when his friends are all starving to death.",
    "genres" : [ {
      "id" : 35,
      "name" : "Comedy"
    } ]
  }, {
    "id" : 356565,
    "title" : "Master of Light: Albert A Michelson",
    "overview" : "The Master of Light is a documentary on the life and scientific career of Albert A. Michelson (1852-1931), the first American to win the Nobel Prize in Physics. His experiments made major contributions to our understanding of the fundamental properties of light.",
    "genres" : [ {
      "id" : 99,
      "name" : "Documentary"
    } ]
  }, {
    "id" : 356570,
    "title" : "Raving",
    "overview" : "In New York City, a young woman forms a curious bond with a lonely older man after they encounter one another on a street corner.",
    "genres" : [ {
      "id" : 18,
      "name" : "Drama"
    } ]
  }, {
    "id" : 356575,
    "title" : "Suspicion",
    "overview" : "Eva and Max Gruber enjoy a healthy marriage. While she works as a journalist in the cultural sector, he is an independent artist teaching at a local college. The unconventional yet well-liked pedagogue can get his students to enjoy almost anything, even nude drawing. Until one day the police turn up – and accuse him of sexual misconduct. Max and Eva are shocked when the allegation comes at them like a bolt out of the blue. Following several interviews, however, it soon becomes clear that the girl did spend a night at Max’s atelier the previous weekend. Sabine Boss’s TV drama shows how social and media instigation can back a teacher into a corner.",
    "genres" : [ {
      "id" : 18,
      "name" : "Drama"
    }, {
      "id" : 53,
      "name" : "Thriller"
    } ]
  }, {
    "id" : 356580,
    "title" : "Ohnsorg-Theater - Heiratsschwindel",
    "overview" : "",
    "genres" : [ {
      "id" : 35,
      "name" : "Comedy"
    } ]
  }, {
    "id" : 356585,
    "title" : "Zur Sache, Lena!",
    "overview" : "",
    "genres" : [ {
      "id" : 18,
      "name" : "Drama"
    } ]
  }, {
    "id" : 356590,
    "title" : "Blue Sushi",
    "overview" : "BLUE SUSHI - A Film By Sammy Paul &amp; Bertie Gilbert",
    "genres" : [ {
      "id" : 18,
      "name" : "Drama"
    } ]
  }, {
    "id" : 356595,
    "title" : "Heterosexuales y casados",
    "overview" : "My sister and Charly met as children. We lived on the floor above and them downstairs...",
    "genres" : [ {
      "id" : 35,
      "name" : "Comedy"
    } ]
  }, {
    "id" : 356600,
    "title" : "Leader",
    "overview" : "Vijay Khanna is a law graduate-cum-tabloid editor he falls in love with Princess Sunita, while general election are underway. Vijay becomes a murder accused of a political leader. Gradually the couple tries to expose a criminal-politician nexus. (From wikipedia)",
    "genres" : [ ]
  }, {
    "id" : 356605,
    "title" : "Störung Ost",
    "overview" : "In the early 80's die sozialistische kleiderordnung ( The Socialist Dress Code) in East Berlin is attacked. By black and colourful punks. Youth clubs, restaurants and cafes are closed for the punks. Where to go? Their homes are raided by the police.",
    "genres" : [ {
      "id" : 99,
      "name" : "Documentary"
    } ]
  }, {
    "id" : 356615,
    "title" : "Lacrimosa",
    "overview" : "This documentary takes us on a ride through Marginal Tietê, an important avenue in São Paulo, Brazil, then recently opened to the public. The places it crosses and the people living nearby force the viewer to think about the core of this big city.",
    "genres" : [ {
      "id" : 99,
      "name" : "Documentary"
    } ]
  }, {
    "id" : 356620,
    "title" : "Timmy Time Doctor Timmy",
    "overview" : "When he sees Otus flutter up to get a kite down from a tree, Timmy is very impressed. Determined to fly himself, he gets Otus to show him how it's done. But it's not as easy as it looks, and he is about to give up when his friends find a special way to make him fly",
    "genres" : [ ]
  }, {
    "id" : 356635,
    "title" : "Chuggington: Clickety Clack",
    "overview" : "Clickety Clack! All the chuggers in Chuggington are working their wheels especially trainees Koko, Brewster, Wilson and the twins, Hoot and Toot. Theyre all eager to help out Announcer Vee, handyman Eddie and scientist, Dr Ling, but the young trainees still have a lot to learn These traintastic episodes find Emery creating chaos when the defect detector breaks; Wilson making a mess with the Scrub-a-Chug; Wilson trying to take a photo of a dinosaur; Dr Lings booster making the chuggers go super fast and the twins make their own news in the rolling-reporter car.",
    "genres" : [ ]
  }, {
    "id" : 356640,
    "title" : "Fight Like a Girl",
    "overview" : "After witnessing her Daddy's tragic death in the ring Charlie sets out to become a wrestler in his memory. The only things stopping her are a disapproving boyfriend, an overwhelming day job, and her corporate psycho boss - whose dodgy business practices threaten to unleash hordes of brain eating wrestling-monsters on the earth! Faced with a wrestle-pocalypse Charlie has no choice but to open up a can of whoop-ass and take these monstrous Jabronis for a stroll down smack down boulevard! From the director of the international cult film MURDERDROME comes FROM PARTS UNKNOWN: FIGHT LIKE A GIRL. The story of a young girl wrestling with life's issues - and some brain eating wrestle-monsters.",
    "genres" : [ {
      "id" : 35,
      "name" : "Comedy"
    }, {
      "id" : 27,
      "name" : "Horror"
    } ]
  }, {
    "id" : 356650,
    "title" : "Banquet At Hongmen",
    "overview" : "The Feast at Hong Gate, also known as the \"Banquet at Hong Gate\", \"Hongmen Banquet\", \"Hongmen Feast\" and other similar renditions, was a historical event that took place in 206 BC at the Hong Gate (鴻門) outside Xianyang, the capital of the Qin dynasty. Its location in present-day China is roughly at Hongmenbao Village, Xinfeng Town, Lintong District, Xi'an, Shaanxi province. The main parties involved in the banquet were Liu Bang and Xiang Yu, two prominent leaders of insurgent forces who rebelled against the Qin dynasty from 209–206 BC. The event was one of the highlights of the Chu–Han Contention, a power struggle for supremacy over China between Liu Bang and Xiang Yu which concluded with Xiang Yu's defeat and the establishment of the Han dynasty with Liu Bang as its first emperor. The Feast at Hong Gate is often memorialised in Chinese history, fiction and popular culture.",
    "genres" : [ ]
  }, {
    "id" : 356655,
    "title" : "Happily Ever After",
    "overview" : "Nan Au-Yeung (Michelle Wai) and Sze Tso-chi (Ken Hung) share the same birthday, go to the same school, love photography, and are just as competitive. But they did not know of each other’s existence until they “crossed swords” at a debate tournament. And they both felt as if the fairytale prince and princess finally found each other. Later in a birthday party, Nan thought Chi played a trick on her, leaving a slap on his face. Four years later, Nan Au-Yeung encounters his ghost and learns that he is already dead...",
    "genres" : [ ]
  }, {
    "id" : 356660,
    "title" : "The Haunting Lover",
    "overview" : "A young man who is down on his luck is overjoyed when he is given a job working in the factory of a major medical company. He soon finds he was hired because he resembles the factory owners missing son.",
    "genres" : [ {
      "id" : 27,
      "name" : "Horror"
    } ]
  }, {
    "id" : 356680,
    "title" : "Tamed Teens",
    "overview" : "Raul Cristian is the latest addition to the Evil Empire, a gonzo master who electrified the World Wide Web with his distinctive wide-angle closeups on hot European ladies doing nasty anal, and caught the eye of Evil Empire head John Stagliano. Tamed Teens features sexy young sluts being treated like fuck-starved animals! This disc also includes trailers for Ass Traffic, Sperm Swap and Prime Cups, Mr. Cristian's first Evil Angel releases.",
    "genres" : [ ]
  }, {
    "id" : 356685,
    "title" : "Hei, rillumarei!",
    "overview" : "",
    "genres" : [ ]
  }, {
    "id" : 356690,
    "title" : "Lake Fear",
    "overview" : "Four girls go to a cabin in the woods, which is inhabited by evil. This cabin then ensnares them in a labyrinth of macabre as they must battle their way out.",
    "genres" : [ {
      "id" : 27,
      "name" : "Horror"
    }, {
      "id" : 35,
      "name" : "Comedy"
    } ]
  }, {
    "id" : 356695,
    "title" : "The Red Guards On Honghu Lake",
    "overview" : "Revolutionary Chinese opera in six acts depicting the struggle between Communist guerrillas and a KMT landlord for control of a village.",
    "genres" : [ {
      "id" : 10402,
      "name" : "Music"
    }, {
      "id" : 10752,
      "name" : "War"
    } ]
  }, {
    "id" : 356745,
    "title" : "Espectáculo Tom & Jerry V17",
    "overview" : "",
    "genres" : [ ]
  }, {
    "id" : 356750,
    "title" : "Girls in the Psychic Club",
    "overview" : "Nobuhiro Yamashita shoots the adaption of the City Lights manga by Hiroyuki Ohashi with three members of the Nogizaka46 idol pop band. The story is told on three levels: Documentary-style on-set where we see the film being made and the idols struggling with their roles, the resulting movie which revolves around three girls in a psychic research club discovering a classmate with super powers who turns out to be an alien and a stage adaptation of the film with the same characters.",
    "genres" : [ {
      "id" : 10749,
      "name" : "Romance"
    }, {
      "id" : 18,
      "name" : "Drama"
    }, {
      "id" : 878,
      "name" : "Science Fiction"
    }, {
      "id" : 9648,
      "name" : "Mystery"
    } ]
  }, {
    "id" : 356755,
    "title" : "Jedermanns Weihnachtsbaum",
    "overview" : "",
    "genres" : [ {
      "id" : 18,
      "name" : "Drama"
    } ]
  }, {
    "id" : 356760,
    "title" : "Red and Rosy",
    "overview" : "Drag racer Richard “Big Red” Friedman becomes addicted to a speed-like adrenal drug after a career ending crash and dives into a world of hallucinations and monstrosities. Featuring special effects from Mark Pauline's Survival Research Laboratories.",
    "genres" : [ {
      "id" : 27,
      "name" : "Horror"
    } ]
  }, {
    "id" : 356765,
    "title" : "Plaza Fortuna",
    "overview" : "",
    "genres" : [ {
      "id" : 35,
      "name" : "Comedy"
    } ]
  }, {
    "id" : 356775,
    "title" : "Zero Degree",
    "overview" : "Zero Degree is a 2015 Bangladeshi psychological thriller film written and directed by Animesh Aich, starring Mahfuz Ahmed, Joya Ahsan, Dilruba Yasmeen Ruhee and Iresh Zaker in lead roles. The film focuses on a love triangle that later turns fatal and revengeful. The film's first look was launched on 5 November 2014 and a trailer was released on 15 January 2015. The film is produced by Mahfuz Ahmed under the banner Playhouse Production. The film released on 6 February 2015.",
    "genres" : [ ]
  }, {
    "id" : 356780,
    "title" : "Margem Sul",
    "overview" : "All about the South.",
    "genres" : [ ]
  }, {
    "id" : 356785,
    "title" : "Armadong Hudas",
    "overview" : "A Filipino action movie directed by Augusto Salvador which is a followup from the movie Barumbado(1990) .",
    "genres" : [ {
      "id" : 28,
      "name" : "Action"
    } ]
  }, {
    "id" : 356795,
    "title" : "The Fairy Faith",
    "overview" : "A documentary about fairy lore, sightings and believers.",
    "genres" : [ {
      "id" : 99,
      "name" : "Documentary"
    } ]
  }, {
    "id" : 356800,
    "title" : "Bellator 141: Guillard vs. Girtz",
    "overview" : "Bellator 141: Guillard vs. Girtz took place August 28, 2015 at the Pechanga Resort and Casino in Temecula, California",
    "genres" : [ ]
  }, {
    "id" : 356805,
    "title" : "An inch of land",
    "overview" : "For several weeks, a small group of artillerymen defending the tiny bridgehead on the right bank of the Dniester. Soon it will battle in which, perhaps, destined to perish all - too unequal forces. But while you can relax and feel for a moment in an atmosphere of peace ...",
    "genres" : [ ]
  }, {
    "id" : 356810,
    "title" : "Matinee Idol",
    "overview" : "A well-known actor is murdered. Another performer becomes an amateur sleuth so she can prove her sister is innocent of the crime.",
    "genres" : [ ]
  }, {
    "id" : 356815,
    "title" : "私は屈しない〜特捜検察と戦った女性官僚と家族の465日",
    "overview" : "",
    "genres" : [ ]
  }, {
    "id" : 356820,
    "title" : "Water Times",
    "overview" : "A Macedonian village has always struggled to find ways to bring water to its arid land - a struggle that may be won when a native son returns from America with the idea of setting up a watermill. Such an enterprise gets two villages in conflict over water rights, threatening to permanently turn people against each other. In the past, the territory had been occupied by the Italian armies, and a flashback shows a massacre in one village, a revelation that disaster has been a part of their history, in one way or another. No matter how he argues, the young man who advocated the watermill loses out to the builders of a dam - something that does not bode well for the low-lying village.",
    "genres" : [ {
      "id" : 18,
      "name" : "Drama"
    } ]
  }, {
    "id" : 356825,
    "title" : "Comptes à rebours",
    "overview" : "",
    "genres" : [ {
      "id" : 80,
      "name" : "Crime"
    } ]
  }, {
    "id" : 356835,
    "title" : "Fat and Thin",
    "overview" : "An imposter and thief called Dumpling escapes prison and arrives to a respectable institute of doctor Strukl in Balm Sanatorium. The doctor is a specialist for reduction and gaining of weight, and wanted by many celebrities, especially because it is known that he has specialized in Switzerland. Dumpling, discovering that he is physically similar to doctor, and seeing his big chance in it, disables the doctor and takes his place at the sanatorium.",
    "genres" : [ {
      "id" : 35,
      "name" : "Comedy"
    } ]
  }, {
    "id" : 356840,
    "title" : "Playthings of Desire",
    "overview" : "Jim Malvern is one of the richest men in the world. Unscrupulous and greedy, he uses beautiful young women as his playthings. But after meeting gorgeous actress Gloria Dawn, Malvern decides to put aside his philandering ways. With a marriage date set, the millionaire invites a flock of his famous friends -- including some of his former lovers -- to a remote island. Moments before the ceremony, Malvern is shot and killed by an unseen assailant. A grieving Gloria, realizing the murderer must be one of the guests, goes on a hunt for her fiance's killer.",
    "genres" : [ ]
  }, {
    "id" : 356850,
    "title" : "Pigface: Son Of A Glitch",
    "overview" : "This double program contains the LONG out of print \"\"Glitch\"\" video featuring Pigface live 90-96, and \"\"Son of a Glitch\"\", an hour long video features live performances from over 15 shows plus an exclusive look behind the scenes: backstage, on the bus, and in the studio. It's an amazing spectacle of late 80's/early 90's indie-music icons. KMFDM's En Esch, Revco/Ministry's Chris Connelly, Nine Inch Nails creator Trent Reznor, Mary Biker, William Tucker (RIP), Raven (Prong/Killing Joke), Andrew Weiss (Rollins Band/Ween), Danny Carey (Tool), and leader-slash-drummer Martin Atkins (Public Image Ltd./Ministry/Killing Joke) keep this video spinning with their over-the-top antics and Spinal Tap-ish tour foibles. This should be in your video collection between the Who's \"\"The Kid's Are Alright\"\" and Dave Markey's \"\"1991: The Year Punk Broke.",
    "genres" : [ ]
  }, {
    "id" : 356855,
    "title" : "James Brown Live in Berlin",
    "overview" : "The great James Brown and his band in concert, with a young Maceo Parker on saxophone. A live recording in Berlin, Germany 1988 features performances of \"\"Living in America,\"\" \"\"Gonna Have a Funky Good Time,\"\" \"\"Try Me,\"\" \"\"I Got You (I Feel Good)\"\" and many more.",
    "genres" : [ {
      "id" : 10402,
      "name" : "Music"
    } ]
  }, {
    "id" : 356860,
    "title" : "The Unfortunates",
    "overview" : "Directed by B.S. Johnson.",
    "genres" : [ ]
  }, {
    "id" : 356865,
    "title" : "Wonderful London: Barging Through London",
    "overview" : "In what is described as \"pictorial sidelights of the world's greatest city\", London is viewed from the \"new and fascinating angle\" of its Regent's Canal.",
    "genres" : [ ]
  }, {
    "id" : 356870,
    "title" : "Wonderful London: London Off the Track",
    "overview" : "Directed by Frank Miller and H.B. Parkinson.",
    "genres" : [ ]
  }, {
    "id" : 356875,
    "title" : "Small Town Story",
    "overview" : "Canadian ex-serviceman Bob Regan returns to Oldchester, the English town where he was posted during the war. Meeting up with his friend Mike, now manager of the local football club, he discovers that Oldchester are desperate for promotion as they stand to inherit £25,000 from recently deceased supporter Wallace Hammond if they make the Third Division a situation that Hammond's devious nephew finds intolerable...",
    "genres" : [ {
      "id" : 18,
      "name" : "Drama"
    } ]
  }, {
    "id" : 356880,
    "title" : "Semele",
    "overview" : "Eleven-year-old Semele unexpectedly arrives at her father's worksite in Cyprus with a note from school that needs to be signed. This is an astutely observed, ultimately heart-rending story about a youngster whose fierce longing to be noticed is matched only by her determination to make it happen.",
    "genres" : [ {
      "id" : 18,
      "name" : "Drama"
    }, {
      "id" : 10751,
      "name" : "Family"
    } ]
  }, {
    "id" : 356885,
    "title" : "Manolescu - Die fast wahre Biographie eines Gauners",
    "overview" : "",
    "genres" : [ {
      "id" : 80,
      "name" : "Crime"
    } ]
  }, {
    "id" : 356890,
    "title" : "Der Heuler",
    "overview" : "",
    "genres" : [ {
      "id" : 18,
      "name" : "Drama"
    } ]
  }, {
    "id" : 356895,
    "title" : "37",
    "overview" : "On a March night in 1964, 37 neighbors in Queens, New York, witness the brutal murder of Kitty Genovese. None of them takes action or calls the police. 37 tells the story of a few of these people and what led up to the night when they unexplainably remained passive observers. The film is a convincing portrayal of a borough in change and a time characterized by racism, the Civil Rights Movement and political shifts. The actual event that inspired the film’s plot has been called a symbol for the moment when America lost its innocence. The director Puk Grasten skillfully weaves into her feature film debut various fates, dreams and family conflicts by leading us through an apartment building that comes to bear a collective failure.",
    "genres" : [ {
      "id" : 18,
      "name" : "Drama"
    } ]
  }, {
    "id" : 356900,
    "title" : "Divine Access",
    "overview" : "Jack Harriman becomes a spiritual celebrity after debunking Reverend Guy Roy on a public-access TV show. While on the road speaking his brand of truth, forces natural and supernatural lead him to question whether he has a deeper calling.",
    "genres" : [ {
      "id" : 18,
      "name" : "Drama"
    }, {
      "id" : 35,
      "name" : "Comedy"
    } ]
  }, {
    "id" : 356905,
    "title" : "Oddball",
    "overview" : "The story of Allan \"Swampy\" Marsh and his Maremma dog Oddball. Swampy convinced local authorities to allow Oddball to protect a colony of Little Penguins on Middle Island from wild cats and dogs. Oddball succeeds in his campaign and becomes a front runner for Maremma dogs being used to protect other endangered Australian wildlife.",
    "genres" : [ {
      "id" : 10751,
      "name" : "Family"
    }, {
      "id" : 12,
      "name" : "Adventure"
    } ]
  }, {
    "id" : 356915,
    "title" : "Judas",
    "overview" : "High school student Erika is sick and tired of her weakness. By chance, Erika begins working at a cabaret night club. She eventually becomes the top lady in the night world and is known by her nickname Kurumi. In the process, she manipulates men and makes a lot of money from them. Deep down inside though, Erika suffers from loneliness and fear. A man then appears in front of her.",
    "genres" : [ {
      "id" : 18,
      "name" : "Drama"
    } ]
  }, {
    "id" : 356920,
    "title" : "Ninja Force of Assassins",
    "overview" : "As gangster boss Cole continues his violent rivalry with the White Ninja, an interpol agent appears on the scene to try and put a stop to their antics.",
    "genres" : [ {
      "id" : 28,
      "name" : "Action"
    } ]
  }, {
    "id" : 356925,
    "title" : "King of the Death Match Tournament",
    "overview" : "With IWA getting more popular due to the charisma of some of their wrestlers, they decided to produce a show called Kawasaki Dream, which was held on August 20, 1995 at the Kawasaki Baseball Stadium. The main attraction of the show was the first ever 8-man single elimination deathmatch tournament, which featured Cactus Jack, Terry Funk, Shoji Nakamaki, Hiroshi Ono, Leatherface, Tiger Jeet Singh, Terry Gordy and former FMW wrestler Mr. Gannosuke. The show also featured an NWA World Heavyweight Championship defense, as Tarzan Goto challenged then-champion Dan Severn for the title.  The standout in this tournament were the three matches in which Mick Foley wrestled. The first one was a \"Barbed Wire, Baseball Bat, and Thumbtack Match\". The second was a \"Barbed Wire Board Spike Nail Match\". The third was a \"Barbed Wire Rope, Exploding C4, and Time Bomb Match\".",
    "genres" : [ ]
  }, {
    "id" : 356930,
    "title" : "Der Klassenfeind",
    "overview" : "",
    "genres" : [ {
      "id" : 35,
      "name" : "Comedy"
    } ]
  }, {
    "id" : 356935,
    "title" : "Roadways",
    "overview" : "Directed by William Coldstream.",
    "genres" : [ ]
  }, {
    "id" : 356940,
    "title" : "The Building of the New Tyne Bridge",
    "overview" : "Short part of BFI collection \"This Working Life: Steel\".",
    "genres" : [ ]
  }, {
    "id" : 356945,
    "title" : "Steel",
    "overview" : "Short part of BFI collection \"This Working Life: Steel\".",
    "genres" : [ ]
  }, {
    "id" : 356950,
    "title" : "River of Steel",
    "overview" : "Directed by Peter Sachs.",
    "genres" : [ ]
  }, {
    "id" : 356955,
    "title" : "The Big Mill",
    "overview" : "Directed by Laurence Henson.",
    "genres" : [ ]
  }, {
    "id" : 356960,
    "title" : "Workforce of Scott & Co. Shipyard, Greenock",
    "overview" : "Part of BFI collection \"Tales From the Shipyard\".",
    "genres" : [ ]
  }, {
    "id" : 356965,
    "title" : "Visit of Their Majesties the King and Queen to the North-East Coast Shipbuilding and Engineering Works on the Wear",
    "overview" : "Part of BFI collection \"Tales From the Shipyard\".",
    "genres" : [ ]
  }, {
    "id" : 356970,
    "title" : "The Little Ships of England",
    "overview" : "Part of BFI collection \"Tales From the Shipyard\".",
    "genres" : [ ]
  }, {
    "id" : 356975,
    "title" : "A Great Ship",
    "overview" : "Directed by John Reeve.",
    "genres" : [ ]
  }, {
    "id" : 356980,
    "title" : "The Face of Britain",
    "overview" : "Directed by Paul Rotha.",
    "genres" : [ ]
  }, {
    "id" : 356985,
    "title" : "Arno Prinz von Wolkenstein oder Kader entscheiden alles",
    "overview" : "",
    "genres" : [ {
      "id" : 35,
      "name" : "Comedy"
    } ]
  }, {
    "id" : 356990,
    "title" : "Ink: Written By Hand",
    "overview" : "INK follows Tanja Tiziana – a freelance photographer in Toronto, Canada – and her journey to rediscover the written word.",
    "genres" : [ {
      "id" : 99,
      "name" : "Documentary"
    } ]
  }, {
    "id" : 356995,
    "title" : "Passez une bonne nuit",
    "overview" : "",
    "genres" : [ {
      "id" : 18,
      "name" : "Drama"
    }, {
      "id" : 80,
      "name" : "Crime"
    }, {
      "id" : 9648,
      "name" : "Mystery"
    } ]
  }, {
    "id" : 357000,
    "title" : "Paris, Palace Hotel",
    "overview" : "On Christmas Eve, Françoise, a manicurist at the Paris-Palace-Hotel, is invited to celebrate by Henri Delormel, an attractive fifty-something man. She later meets Gérard driving a Cadillac, and passes herself off as the wealthy Delormel's daughter. For his part, the young garage employee claims to own the vehicle.",
    "genres" : [ {
      "id" : 10749,
      "name" : "Romance"
    }, {
      "id" : 35,
      "name" : "Comedy"
    } ]
  }, {
    "id" : 357005,
    "title" : "Fruen på Hamre",
    "overview" : "",
    "genres" : [ {
      "id" : 18,
      "name" : "Drama"
    } ]
  }, {
    "id" : 357010,
    "title" : "Duke of the Navy",
    "overview" : "A fake general sends two sailors (Ralph Byrd, Stubby Kruger) on a wild-goose chase for buried treasure.",
    "genres" : [ {
      "id" : 35,
      "name" : "Comedy"
    }, {
      "id" : 28,
      "name" : "Action"
    }, {
      "id" : 12,
      "name" : "Adventure"
    } ]
  }, {
    "id" : 357015,
    "title" : "Giftes - nej tak!",
    "overview" : "",
    "genres" : [ {
      "id" : 35,
      "name" : "Comedy"
    } ]
  }, {
    "id" : 357020,
    "title" : "Hide & Seek",
    "overview" : "Shoichi, a Japanese male nurse living in the city, returns home to the countryside after his mother's sudden death to deal with younger brother Kotaro, who hasn't left his room in over a decade. However, disappointment from the local bureaucracy leads Shoichi to a radical decision.",
    "genres" : [ ]
  }, {
    "id" : 357025,
    "title" : "Trilby Burlesque",
    "overview" : "Directed by Robert W. Paul.",
    "genres" : [ ]
  }, {
    "id" : 357030,
    "title" : "The Deserter",
    "overview" : "Directed by Robert W. Paul.",
    "genres" : [ ]
  }, {
    "id" : 357035,
    "title" : "Gymnasiepigen",
    "overview" : "",
    "genres" : [ {
      "id" : 18,
      "name" : "Drama"
    } ]
  }, {
    "id" : 357040,
    "title" : "The Bout",
    "overview" : "Directed by Robert W. Paul.",
    "genres" : [ ]
  }, {
    "id" : 357045,
    "title" : "Cyclists and Pony Traps",
    "overview" : "Directed by Robert W. Paul.",
    "genres" : [ ]
  }, {
    "id" : 357050,
    "title" : "Oxford and Cambridge Boat Race 1901",
    "overview" : "Directed by Robert W. Paul.",
    "genres" : [ ]
  }, {
    "id" : 357055,
    "title" : "Goaded to Anarchy",
    "overview" : "An anarchist blows up the general who sent his wife to Siberia.",
    "genres" : [ ]
  }, {
    "id" : 357060,
    "title" : "Les Motards",
    "overview" : "",
    "genres" : [ {
      "id" : 35,
      "name" : "Comedy"
    } ]
  }, {
    "id" : 357065,
    "title" : "Local Life",
    "overview" : "Directed by Clive Mitchell.",
    "genres" : [ ]
  }, {
    "id" : 357070,
    "title" : "Guinness for You A Round of Bass Henry Cleans Up",
    "overview" : "Part of BFI collection \"Roll Out the Barrel\". Educational comedy film instructing how to clean out your pipes in the pub.",
    "genres" : [ ]
  }, {
    "id" : 357075,
    "title" : "L'Iguane",
    "overview" : "",
    "genres" : [ ]
  }, {
    "id" : 357080,
    "title" : "The Friendly Inn",
    "overview" : "Directed by Clare Ash.",
    "genres" : [ ]
  }, {
    "id" : 357085,
    "title" : "Down at the Local",
    "overview" : "A narrative tour of different public houses around England.",
    "genres" : [ ]
  }, {
    "id" : 357090,
    "title" : "Räuber, Gaukler, Hexentrank",
    "overview" : "",
    "genres" : [ ]
  }, {
    "id" : 357095,
    "title" : "Spoilers of the Range",
    "overview" : "Hero Jeff Strong (Starrett) comes to the rescue of a group of victimized ranchers. The villains are a gang of crooked gamblers, who demand a valuable dam as payment for a $50,000 debt. The ranchers hope to earn the money by getting their cattle to market on time, but head bad guy Cash Fenton (Kenneth MacDonald) and his flunkey Lobo (Dick Curtis) intend to prevent this.",
    "genres" : [ {
      "id" : 10402,
      "name" : "Music"
    }, {
      "id" : 37,
      "name" : "Western"
    } ]
  } ]
}