{
  "movies" : [ {
    "id" : 98230,
    "title" : "Collinsville",
    "overview" : "The terrifying account of an actual Connecticut town where nearly fifty people are slaughtered in a two day killing spree. Who was the killer? Was it a homeless drifter? Or was it Kane Barker, the ruthless axe factory owner who died one hundred years before?",
    "genres" : [ {
      "id" : 27,
      "name" : "Horror"
    } ]
  }, {
    "id" : 98235,
    "title" : "Don't Quit Your Daydream",
    "overview" : "This is the story of two life-long musicians, and sometimes friends, who road trip through the heart of America recording their third album. Along the way they collaborate with an offbeat cast of strangers who force them to reconsider what it means to live a life dedicated to the art of music.",
    "genres" : [ {
      "id" : 99,
      "name" : "Documentary"
    } ]
  }, {
    "id" : 98250,
    "title" : "The Long Ride Home",
    "overview" : "A man fights the law and the lawless in order to reunite with his wife and son in the 1860s west.",
    "genres" : [ {
      "id" : 28,
      "name" : "Action"
    }, {
      "id" : 37,
      "name" : "Western"
    } ]
  }, {
    "id" : 98255,
    "title" : "Broadway",
    "overview" : "Gangsters, nightclubs and the Roaring '20s.",
    "genres" : [ ]
  }, {
    "id" : 98260,
    "title" : "Here We Go Again",
    "overview" : "It's Fibber and Molly's 20th anniversary and they want to throw a big party. But when everyone declines their invitation, they decide to go on a second honeymoon instead. After one night at the broken down Ramble Inn, where they spent their first honeymoon, they decide to go across the lake to a swanky (and expensive) lodge, where they bump into their old friends Edgar Bergan, Charlie McCarthy, Gildersleeve, and Mrs. Uppington, so the party is on again.",
    "genres" : [ {
      "id" : 35,
      "name" : "Comedy"
    } ]
  }, {
    "id" : 98280,
    "title" : "Time Indefinite",
    "overview" : "After documentarian Ross McElwee gets married, a series of misfortunes follow: his grandmother dies, his wife miscarries, and then his father dies less than a week later. Shaken by the sudden string of deaths, McElwee becomes depressed. After spending time with his friend and former high school poetry teacher, Charlene, he goes to meet his brother, a doctor. In a series of interviews, McElwee contemplates his morbid preoccupation with death and tries to figure out how to shake it off.",
    "genres" : [ {
      "id" : 99,
      "name" : "Documentary"
    } ]
  }, {
    "id" : 98300,
    "title" : "August and Everything After: Live at Town Hall",
    "overview" : "August and Everything After: Live at Town Hall is a live album and video by Counting Crows. The DVD and Blu-ray Disc versions represent the first official live concert video release of the band's career",
    "genres" : [ ]
  }, {
    "id" : 98325,
    "title" : "Just Because You're Paranoid...",
    "overview" : "From babies to butchers, everyone seems to hate Derek. Is he paranoid, or are they really out to get him?",
    "genres" : [ ]
  }, {
    "id" : 98335,
    "title" : "Musallat 2: Lanet",
    "overview" : "Elif is a pretty young woman who grew up in a wealthy family. Everything in her life works according to plan – until she starts hearing voices, followed by strange nightmares and asthma attacks. She becomes convinced that she has fallen under some evil spell. In order to conquer the demon behind it all, she has to dig deep into her past and uncover her true origin. While doing this, she is confronted by the horrific circumstances of her birth.",
    "genres" : [ {
      "id" : 27,
      "name" : "Horror"
    } ]
  }, {
    "id" : 98345,
    "title" : "The Quiet Game",
    "overview" : "Three women inherit a manor from a lady called Dolores whom none of them knows. The women are complete strangers to each other, so they meet up at the neglected mansion. Unexpectedly, the big house is occupied by a 40 year old man who had lived together with Dolores for almost a decade. Christian says he doesn’t know anything about Dolores’ earlier life, and he does everything within his power to show them that the manor is morally his and that it is all a mistake. The women stay on the estate for three days, and while they are getting acquainted conflicts arise. Also, in search of the reason why they have inherited the house, it slowly dawns on one of the women what lies behind the will of Dolores (from official website).",
    "genres" : [ {
      "id" : 18,
      "name" : "Drama"
    } ]
  }, {
    "id" : 98350,
    "title" : "Hughes and Harlow: Angels in Hell",
    "overview" : "Tycoon Howard Hughes and actress Jean Harlow have an affair while making his 1930 \"Hell's Angels.\"",
    "genres" : [ {
      "id" : 18,
      "name" : "Drama"
    } ]
  }, {
    "id" : 98355,
    "title" : "The Space Movie",
    "overview" : "1969's Apollo 11 mission to the moon is highlighted in this tribute to the history of the United States' space program.",
    "genres" : [ {
      "id" : 99,
      "name" : "Documentary"
    } ]
  }, {
    "id" : 98360,
    "title" : "Cleavagefield",
    "overview" : "A softcore parody of the monster flick Cloverfield.",
    "genres" : [ ]
  }, {
    "id" : 98365,
    "title" : "Little Gobie",
    "overview" : "During a skiing event, Gobie and BeBe get into a hazardous accident with serious injuries. BeBe is one of the twin beloved pet dragons of Gobie, and the other one is Kuma. Believing in the existence of Santa, Gobie thinks he can help him save BeBe's life. Therefore, Gobie decides to set off to Santaland with Kuma. Written by Anonymous  (IMDb.com)",
    "genres" : [ {
      "id" : 16,
      "name" : "Animation"
    }, {
      "id" : 10751,
      "name" : "Family"
    } ]
  }, {
    "id" : 98370,
    "title" : "Wonder Women!: The Untold Story of American Superheroines",
    "overview" : "Feature documentary exploring the concept of heroic women from the birth of the superhero in the 1940s to the TV and big screen action blockbusters of today. Heroic role models are important in childhood development, yet there are a dearth of these for girls. Wonder Woman provides a rare example of a female heroine who doesn't require rescue, determines her own missions, and possesses uniquely feminine values. Featuring Gloria Steinem, actors Lynda Carter and Lindsey Wagner, and a colorful cast of scholars, writers, and fans, the film challenges pop culture's gender biases by looking at how Wonder Woman's storyline changed over time while considering how women are rarely depicted as heroic, powerful, or world-changing",
    "genres" : [ {
      "id" : 99,
      "name" : "Documentary"
    } ]
  }, {
    "id" : 98385,
    "title" : "A Dream",
    "overview" : "From the beginning of time, a man walks in front of his flock to the rhythm of the seasons. The nomadic shepherd belongs to our collective imagination. Joan \"Pipa\" is one of the last representatives of an ancient tradition. We accompany him on his last nomadic trip to the Catalan Pyrenees. Day after day he we share his intimacy, we discover the past and present of a man who loves his job and breathes the joy of living freely in nature. But the abandonment of land, industrialization and rampant growth, urbanistic fever, the multiplication of new infrastructure and now climate change end the dream and lead to an uncertain future. Is the disappearance of transhumance a sign of progress, or the death of our civilization?.",
    "genres" : [ ]
  }, {
    "id" : 98405,
    "title" : "It's Sunny In Brazil",
    "overview" : "We knew it would happen. Always does. Take one of the hottest adult stars on the planet, send her to the to the most beautiful part of Brazil, add in five of Brazil's most sizzling porn queens, 90% heat and the naughtiest beaches on the planet and all hell breaks loose ... or all heaven, more accurately. Prepare for anal. Prepare for all manner of toys. Prepare for a long, tall, beautifully tanned Sunny, all under a beautiful Rio sun. Actually, forget it. There's no way to prepare for this ...",
    "genres" : [ ]
  }, {
    "id" : 98420,
    "title" : "To Subdue the Evil",
    "overview" : "Separated at birth by tragedy, two twin brothers find their lives careening towards a deadly showdown in this action-packed tale of deception and treachery. Two baby boys born of special blood are being tattooed by their parents when a malevolent kung fu clan enters their school and slays the children's parents. While both children are spared, they are soon separated and forced down disparate paths in life. One day, as if by fate, the two brothers come face to face for an ultimate duel to the death.",
    "genres" : [ {
      "id" : 12,
      "name" : "Adventure"
    }, {
      "id" : 28,
      "name" : "Action"
    } ]
  }, {
    "id" : 98425,
    "title" : "Iron Maiden: Behind the Beast",
    "overview" : "A fascinating, high quality “home movie”, produced entirely in-house by Maiden’s own Krew led by Andy Matthews, it reveals how to put on an Iron Maiden tour and what goes on behind the scenes at a show. It describes the extraordinary story of one of the most acclaimed and ambitious touring shows in the world, illustrating the day to day life and complex tasks of the Maiden Killer Krew and the other characters behind the scenes. As well as interviews with the Iron Maiden crew, it interweaves anecdotes from the band and their fans, and includes footage of the live show in this comprehensive guide to the intricacies of staging massive, live stadium shows around the world out of the belly of a Boeing 757.",
    "genres" : [ {
      "id" : 10402,
      "name" : "Music"
    } ]
  }, {
    "id" : 98440,
    "title" : "Thou Shalt Laugh 3",
    "overview" : "New from the #1 family comedy series of all-time! Thou Shalt Laugh 3 is a bold, entertaining addition to the hit series that has sold over 250,000 units since it's debut in 2007. Hosted by award-winning comedian and actor Sinbad (who does an all improv set), Thou Shalt Laugh 3 also features series favorites Taylor Mason (Last Comic Standing) and Thor Ramsey (-clever and pointed - The Washington Post) who perform all-new, side-splitting material. New to Thou Shalt Laugh 3 are hot, rising comedians Lisa Alvarado (Last Comic Standing L.A. winner), Leanne Morgan and Horace H.B. Sanders. Funny, smart and edgy, Thou Shalt Laugh 3 offers 94 minutes of laughs with something for every member of the family.",
    "genres" : [ {
      "id" : 35,
      "name" : "Comedy"
    } ]
  }, {
    "id" : 98445,
    "title" : "Thou Shalt Laugh 4",
    "overview" : "Having sold close to a half a million DVD's, the THOU SHALT LAUGH series is known far and wide for hilarious and sophisticated family entertainment. And now - you lucky consumer you - comes THOU SHALT LAUGH 4, the latest installment in the best-selling Christian comedy series. Hosted by multi-talented and Emmy award-winning family man John Tesh, THOU SHALT LAUGH 4 features returning fan-favorites Taylor Mason and Michael Jr. as well as unforgettable performances from TSL newcomers Dana Daniels, Isaac Witty, Rex Havens and Joe Wong. Looking for funny? Your prayers have been answered!",
    "genres" : [ {
      "id" : 35,
      "name" : "Comedy"
    } ]
  }, {
    "id" : 98480,
    "title" : "Man Of The Century",
    "overview" : "Fantasy-comedy about a young man who lives as if it is 1928 or so, and his encounters with modern-day women and modern-day criminals.",
    "genres" : [ {
      "id" : 10749,
      "name" : "Romance"
    }, {
      "id" : 35,
      "name" : "Comedy"
    } ]
  }, {
    "id" : 98490,
    "title" : "Gangway for Tomorrow",
    "overview" : "Five defense workers on their way to the munitions factory tell their stories: a refugee from the French Resistance, a frustrated race car driver, a prison warden, a former Miss America, and an intellectual who dropped out of society and saw the country as a bum.",
    "genres" : [ {
      "id" : 18,
      "name" : "Drama"
    } ]
  }, {
    "id" : 98495,
    "title" : "Streetheart",
    "overview" : "Louise is living in Montreal, unemployed. Her sister Paulette often gives her a hard time. She only gets to see her poetry-quoting married boyfriend Julien once a week. She hangs out a lot at the dance studio in her building... Louise decides to offer an hour of her time to strangers on the street. \"An hour of myself\", to do whatever they want to do. But one hour precisely, that's it. This leads to many different situations, some funny, some sexy, some sad. Louise talks to someone who later turns out to have been an undercover reporter. The reporter anticipates a bad end for Louise...",
    "genres" : [ ]
  }, {
    "id" : 98500,
    "title" : "Doing Time for Patsy Cline",
    "overview" : "Following a passion for country music, Ralph leaves his father’s sheep farm in a remote Australian town, armed with a guitar and a plane ticket to Nashville, Tennessee. He hopes to hitchhike to Sydney Airport where his take-off into a successful country/western singing career will hopefully begin. However, fate and his naivety find him hitchhiking with a psychotic drug thief named Boyd, and Boyd's mesmerising girlfriend, Patsy. The plot then splits into a series of parallels, flash forwards and flashbacks. One depicts Ralph’s imprisonment after being framed for drug trafficking. The other follows the dramatic ascent of his career to hype status and the pairing between the dynamic Patsy and himself.",
    "genres" : [ {
      "id" : 35,
      "name" : "Comedy"
    }, {
      "id" : 10769,
      "name" : "Foreign"
    } ]
  }, {
    "id" : 98505,
    "title" : "Seventh Heaven",
    "overview" : "A bored, sexually frustrated woman's life improves when she begins hypnotherapy and tries feng shui, but her husband's life unravels.",
    "genres" : [ {
      "id" : 18,
      "name" : "Drama"
    } ]
  }, {
    "id" : 98515,
    "title" : "Mexican Spitfire's Elephant",
    "overview" : "A pair of shipboard smugglers have a large diamond hidden inside a small elephant statuette, which they plant on absentminded Lord Epping to get it past customs. Now, his lordship is visiting Uncle Matt Lindsay who looks just like him. Thanks to flirtatious Diana's efforts to get the elephant back, the comic confusion proliferates, with 'spitfire' Carmelita (now a blonde) playing a prominent part.",
    "genres" : [ {
      "id" : 35,
      "name" : "Comedy"
    }, {
      "id" : 10749,
      "name" : "Romance"
    } ]
  }, {
    "id" : 98525,
    "title" : "Heleno",
    "overview" : "José Henrique Fonseca crafts an ambitious and long overdue homage to a central icon in Brazil’s 20th century history. Reminiscent of film noir classics, the biopic tells the glorious and tragic story of the legendary football striker Heleno de Freitas. The sumptuous black and white cinematography reflects the chic life of Rio de Janeiro in the 1940s as it fell under the spell of sports royalty. Heleno was no doubt one of the most popular players of his time for his bravura in the field and magnificent goal-scoring that lead the Botafogo team to the top and himself into a vicious downward spiral.",
    "genres" : [ {
      "id" : 18,
      "name" : "Drama"
    } ]
  }, {
    "id" : 98545,
    "title" : "Peace, Love & Misunderstanding",
    "overview" : "A conservative lawyer named Diane takes her two teenage children Jake and Zoe to meet their estranged, hippie grandmother in Woodstock after her husband asks for a divorce.",
    "genres" : [ {
      "id" : 35,
      "name" : "Comedy"
    }, {
      "id" : 18,
      "name" : "Drama"
    }, {
      "id" : 10749,
      "name" : "Romance"
    } ]
  }, {
    "id" : 98555,
    "title" : "Mr. & Mrs. Single",
    "overview" : "In the romantic-comedy \"Mr. and Mrs. Single,\" the movie tackles the Chinese social phenomenon of secret marriages for young couples looking for better jobs and higher income.  A young man (Eason Chan) with high mortgage payments to fulfill takes the job of a personal-assistant to a female CEO (Rene Liu) under the condition that he is still single.",
    "genres" : [ {
      "id" : 10749,
      "name" : "Romance"
    } ]
  }, {
    "id" : 98560,
    "title" : "The Diary of Preston Plummer",
    "overview" : "On the day of his college graduation, Preston Plummer cannot think of a single thing he really loves. Adrift, Preston follows a beautiful but troubled young woman to a small island town where he begins to fall for her, but it all threatens to fall apart when he uncovers her family’s dark past.",
    "genres" : [ {
      "id" : 18,
      "name" : "Drama"
    }, {
      "id" : 10749,
      "name" : "Romance"
    } ]
  }, {
    "id" : 98570,
    "title" : "Scheme with Me",
    "overview" : "",
    "genres" : [ ]
  }, {
    "id" : 98585,
    "title" : "Ivory Tower",
    "overview" : "The film revolves around a sibling rivalry between two brothers, Hershell and Thadeus Graves (played by Gonzales and Tiga, respectively), as they compete during a game of chess. Peaches plays Marsha Thirteen, a former performance artist and the shared love interest of both brothers.",
    "genres" : [ {
      "id" : 35,
      "name" : "Comedy"
    }, {
      "id" : 18,
      "name" : "Drama"
    } ]
  }, {
    "id" : 98590,
    "title" : "Searching for Love",
    "overview" : "When Ana married Felix, the leader of a rock band and son of a travel agent, she thought her life would be plenty of excitement and travels. Now, in her forties, she leads a monotonous life with her husband and her daughter, giving cooking lessons and taking French courses. But one day she receives an invitation to give a cooking course in Paris.",
    "genres" : [ ]
  }, {
    "id" : 98600,
    "title" : "Stories from the Kronen",
    "overview" : "Carlos is a young student, just 21. Nice or annoying as he likes, enjoys provoking and transgreding. In the night he goes out to meet his friends in the Kronen, a bar. Every situation can be taken a little farther. There are no limits, no accepted barriers. And more each time, each adventure is chained to the next, as if it were a continuous night. A long description of people: grandfather, parents, sister, girlfriend, friends. And, among that, the obscure will of living every minute as if it were the last one. But something which happens puts Carlos and his friend against a reality they have been trying to ignore.",
    "genres" : [ {
      "id" : 10769,
      "name" : "Foreign"
    }, {
      "id" : 18,
      "name" : "Drama"
    } ]
  }, {
    "id" : 98610,
    "title" : "In the Garden of Sounds",
    "overview" : "From the time he was a child Wolfgang Fasser knew he'd be blind in his twenties. But as darkness descended, a whole new world began to open up to him: the world of sound. He marveled at its richness and nuance, at how it moved him and made him connect with nature and with the people around him. Setting aside his childhood dream of becoming a veterinarian, Wolfgang became a physical therapist to severely disabled children. While their parents endeavor to accommodate their needs, it is in Wolfgang that the children find a true friend. In a Swiss hamlet tucked away in the mountains he has constructed a safe haven in which the children can explore and create sound through cymbals, drums, piano or feel sound resonate through their bodies on a therapeutic bed of chords...",
    "genres" : [ {
      "id" : 99,
      "name" : "Documentary"
    }, {
      "id" : 10769,
      "name" : "Foreign"
    } ]
  }, {
    "id" : 98615,
    "title" : "Carmelo's Way",
    "overview" : "",
    "genres" : [ {
      "id" : 99,
      "name" : "Documentary"
    } ]
  }, {
    "id" : 98635,
    "title" : "What Did the Lady Forget?",
    "overview" : "An affluent medical professor, Komiya, and his bossy wife, Tokio, are to look after Setsuko, their high-spirited niece from Osaka. Setsuko is a liberated woman who does what she wants, including smoking, even though she is a minor. On Saturday, the professor does not feel like going to his weekend golf game, but his wife packs him off anyway. So he leaves his bag at the apartment of his student Okada, and goes to a bar with a friend. Setsuko traces him there, and insists that he take her to a geisha house. When she gets rather tipsy, the professor calls Okada to take her home, while he sleeps at Okada's. The wife becomes suspicious of Setsuko when she sees Okada bringing her home, and also of her husband when she discovers that he did not go golfing.",
    "genres" : [ {
      "id" : 18,
      "name" : "Drama"
    }, {
      "id" : 35,
      "name" : "Comedy"
    } ]
  }, {
    "id" : 98640,
    "title" : "Sleepstalker",
    "overview" : "Seventeen years after slaughtering all but one member of a family, a vicious serial killer known only as \"The Sandman\" awaits execution. But first, his jailers allow a minister to visit the killer to give him last rites, unaware that the minister is a voodoo priest and an ally of the condemned prisoner. The priest places a hex on the Sandman so that when he is executed, his soul migrates into a new body made of sand. To sever his ties with his former life and achieve absolute power, the sandman must find and kill a man named Griffin, the sole survivor of the last family murdered by the killer",
    "genres" : [ {
      "id" : 27,
      "name" : "Horror"
    } ]
  }, {
    "id" : 98645,
    "title" : "Family Motel",
    "overview" : "A refugee from Somalia tries to rebuild her life in Canada. Then she is kicked out of her house together with her teenage daughters.",
    "genres" : [ {
      "id" : 18,
      "name" : "Drama"
    } ]
  }, {
    "id" : 98870,
    "title" : "Think Of Me",
    "overview" : "As things unravel for a struggling single mother in Las Vegas, she must decide what she's willing to give up to get by.",
    "genres" : [ {
      "id" : 18,
      "name" : "Drama"
    } ]
  }, {
    "id" : 98880,
    "title" : "Girls Of The White Orchid",
    "overview" : "In Los Angeles, naive and lonely waitress and aspirant singer Carol finds an advertisement for a job opportunity in Tokyo. Traveling to Japan to work at the White Orchid nightclub, she discovers the scheme of prostitution in the club that belongs to Yakuza. Alone, without money and her passport, she is protected by Shiro, but pressed by the managers Madame Mori and her husband Hatanaka to be receptive to client's proposals.",
    "genres" : [ {
      "id" : 28,
      "name" : "Action"
    }, {
      "id" : 53,
      "name" : "Thriller"
    }, {
      "id" : 10749,
      "name" : "Romance"
    } ]
  }, {
    "id" : 98895,
    "title" : "Amy Fisher: Caught on Tape",
    "overview" : "Amy Fisher and her husband in a homemade sex video.",
    "genres" : [ ]
  }, {
    "id" : 98900,
    "title" : "Synchronize",
    "overview" : "Synchronize is a tribute to the powerful effect movies can have on our imagination. This short film takes the viewer through the dream of a video store clerk whose vision is formed by the movies he sees and hears.",
    "genres" : [ {
      "id" : 16,
      "name" : "Animation"
    } ]
  }, {
    "id" : 98905,
    "title" : "Come on Eileen",
    "overview" : "One summer, mother and ex dancer Eileen lapses back to a troubled past as she starts a new relationship... we watch as she and her family combust. The film, shot on a micro budget, treads between darkness and humour as it moves from its beginning in the suburban cricket club to its conclusion at a music festival.",
    "genres" : [ {
      "id" : 18,
      "name" : "Drama"
    }, {
      "id" : 35,
      "name" : "Comedy"
    } ]
  }, {
    "id" : 98910,
    "title" : "Screwed",
    "overview" : "A raw, rough-hewn look at the life of Screw publisher Al Goldstein.",
    "genres" : [ {
      "id" : 18,
      "name" : "Drama"
    }, {
      "id" : 53,
      "name" : "Thriller"
    }, {
      "id" : 10769,
      "name" : "Foreign"
    } ]
  }, {
    "id" : 98950,
    "title" : "Lovetown",
    "overview" : "We believed in a better world, we decided to make it come true",
    "genres" : [ ]
  }, {
    "id" : 98955,
    "title" : "hide: FILM THE PSYCHOMMUNITY REEL.1",
    "overview" : "",
    "genres" : [ {
      "id" : 10402,
      "name" : "Music"
    } ]
  }, {
    "id" : 98960,
    "title" : "Luna Sea: Lunatic Tokyo 1995.12.23 Tokyo Dome",
    "overview" : "",
    "genres" : [ {
      "id" : 10402,
      "name" : "Music"
    } ]
  }, {
    "id" : 98965,
    "title" : "L'Arc-en-Ciel: 1999 Grand Cross Conclusion",
    "overview" : "",
    "genres" : [ {
      "id" : 10402,
      "name" : "Music"
    } ]
  }, {
    "id" : 98970,
    "title" : "House out of town",
    "overview" : "Daniel is a yuppie that hasn't been been able to lead a satisfactory sentimental life. One day he meets Yolanda, a beautiful young woman who has a daughter, Patricia, and who hasn't been very lucky in life either. They decide to get together and they go to live in his house, an old and eerie mansion. Soon enough, their relationship starts to become difficult; the isolation of the house and Daniel's mysterious past transform Yolanda's illusions of happiness into an existence of fear and distrust. Finally Yolanda decides to find out who the person she's living with really is, and in doing so she puts her life and her daughter's at risk.",
    "genres" : [ ]
  }, {
    "id" : 98980,
    "title" : "Malice Mizer: Cher de memoire II",
    "overview" : "",
    "genres" : [ {
      "id" : 10402,
      "name" : "Music"
    } ]
  }, {
    "id" : 99000,
    "title" : "Slam",
    "overview" : "If you want to know what is Slam, you have to come see it. Freaks, piercings, thongs and a lot of cream. 100% wild.",
    "genres" : [ {
      "id" : 35,
      "name" : "Comedy"
    } ]
  }, {
    "id" : 99005,
    "title" : "Loving Maradona",
    "overview" : "What do they have in common a boy playing in a field of Villa Fiorito and the owner of a bar in Naples? What do they have in common 500 people celebrating Christmas on October 30 and 25 football fans showing their tattoos? They are all loving Maradona.",
    "genres" : [ {
      "id" : 99,
      "name" : "Documentary"
    }, {
      "id" : 10769,
      "name" : "Foreign"
    } ]
  }, {
    "id" : 99010,
    "title" : "Sugar Colt",
    "overview" : "In order to avenge a friend and to fulfill his last wish, Rocco has to find out what happened to an army corps that has mysteriously disappeared. He therefore puts on the disguise of a doctor and starts investigating in a somewhat uncomfortable town",
    "genres" : [ {
      "id" : 37,
      "name" : "Western"
    } ]
  }, {
    "id" : 99040,
    "title" : "The Confessional",
    "overview" : "The year is 1952, in Quebec City. Rachel (16), unmarried and pregnant, works in the church. Filled with shame, she unburdens her guilt to a young priest, under the confidentiality of the confessional. In the present year of 1989, Pierre Lamontagne has returned to Quebec to attend his father's funeral. He meets up with his adopted brother, Marc, who has begun questioning his identity and has embarked on a quest for his roots that would lead them to the Quebec of the 1950s. Past and present converge in a complex web of intrigue where the answer to the mystery lies.",
    "genres" : [ {
      "id" : 53,
      "name" : "Thriller"
    }, {
      "id" : 18,
      "name" : "Drama"
    }, {
      "id" : 9648,
      "name" : "Mystery"
    } ]
  }, {
    "id" : 99045,
    "title" : "South Main",
    "overview" : "Documentary about an apartment block in Los Angeles that the authorities decided to tear down.",
    "genres" : [ {
      "id" : 99,
      "name" : "Documentary"
    } ]
  }, {
    "id" : 99080,
    "title" : "The Viking",
    "overview" : "Originally called White Thunder, American producer Varick Frissell's 1931 film was inspired by his love for the Canadian Arctic Circle. Set in a beautifully black-and-white filmed Newfoundland, it is the story of a rivalry between two seal hunters that plays out on the ice floes during a hunt. Unsatisfied with the first cut, Frissell arranged for the crew to accompany an actual Newfoundland seal hunt on The SS Viking, on which an explosion of dynamite (carried regularly at the time on Arctic ships to combat ice jams) killed many members of the crew, including Frissell. The film was renamed in honor of the dead.",
    "genres" : [ {
      "id" : 28,
      "name" : "Action"
    }, {
      "id" : 18,
      "name" : "Drama"
    }, {
      "id" : 10749,
      "name" : "Romance"
    }, {
      "id" : 12,
      "name" : "Adventure"
    } ]
  }, {
    "id" : 99095,
    "title" : "Oggi, domani, dopodomani",
    "overview" : "Italian comedy film in three segments",
    "genres" : [ {
      "id" : 35,
      "name" : "Comedy"
    } ]
  }, {
    "id" : 99105,
    "title" : "Ambasamuthiram Ambani",
    "overview" : "Dandapani (Karunaas), coming from a poor background, nurtures his ambition to become a owner of businesses like Reliance, Vasant &amp; C.o, Saravana Stores, etc. He meets Nandhini (Navneet) who falls in love with him because of his steadfast ambition. He is not in a position to accept owing to his goals. Thereafter he gives all his hard-earned money to Annachi (Kota Srinivasa Rao) to own a shop in his newly constructed complex. Before the construction is over, Annachi dies. Annachi's son does not believe that Dandapani could have given money to his girlfriend and he forcibly chases away Dandapani. Later he learns that Dandapani paid 35 lakhs for the shop from Registrar. Finally Dandapani succeeds in getting a new shop and sets up his supermarket.",
    "genres" : [ {
      "id" : 35,
      "name" : "Comedy"
    }, {
      "id" : 10749,
      "name" : "Romance"
    } ]
  }, {
    "id" : 99110,
    "title" : "My Sweet Satan",
    "overview" : "A group of directionless, bored, drug-using teenagers get involved in a cult, resulting in a murder.",
    "genres" : [ {
      "id" : 80,
      "name" : "Crime"
    }, {
      "id" : 27,
      "name" : "Horror"
    } ]
  }, {
    "id" : 99150,
    "title" : "AND1 Mixtape Vol. 1",
    "overview" : "And1 Mixtape Volume 1…When this tape hit the b-ball world it was amazing. No one had ever seen a tape like this before. The AND1 Mix tape put together the many different highlights of ballers up in New York’s Rucker Park with the latest music to hit the hip-hop world. Rucker Park is one of the most well known places for ballers around the nation to show off their skills. In volume 1, Rafer “Skip to my Lou” Alston is the main baller featured. He makes defenders look sad in this video. Skip is a playground GOD nowadays, and people finally got to see him in action when this tape hit Footactionos across the nation. The mix tape features new music by Sadat X, Mos Def, and Gzal Genius.",
    "genres" : [ ]
  }, {
    "id" : 99160,
    "title" : "Goripalayam",
    "overview" : "Azhagar, son of a police constable, is tempted to take bad habits seeing his father in his younger days. Azhagar along with his friends incur the wrath of everyone though they are good-hearted and ready to help others. Fate comes in the form of rich and influential Kazhuvanadhan's family. His sons Karutha Pandi and Viruman are feared by everyone. The brothers mistake their sister of falling in love with Azhagar and kills her. They cover it up as suicide. Now they go behind Azhagar. But sequence of events leaves Kazhuvanathan dead and the blame falls on the four friends. In a bid to take revenge on them, Viruman hires a contract killer Pandi (Vikranth), who is in the business only to educate his young brother. Whats happens after this forms the climax. It is gore and bloodshed all the way.",
    "genres" : [ {
      "id" : 28,
      "name" : "Action"
    } ]
  }, {
    "id" : 99180,
    "title" : "A Norml Life",
    "overview" : "A documentary on the current state of medical marijuana in America. Personal stories from patients, doctors and caregivers verify its medical effectiveness while leading activist rally support to end prohibition.",
    "genres" : [ {
      "id" : 99,
      "name" : "Documentary"
    } ]
  }, {
    "id" : 99185,
    "title" : "The Quiet One",
    "overview" : "A documentary account of the rehabilitation at the Wiltwyck School of an emotionally disturbed Black boy who is unwanted, misunderstood, and inwardly tortured.",
    "genres" : [ {
      "id" : 18,
      "name" : "Drama"
    }, {
      "id" : 99,
      "name" : "Documentary"
    } ]
  }, {
    "id" : 99190,
    "title" : "Kadhalikka Neramillai",
    "overview" : "Kadhalikka Neramillai (Tamil: காதலிக்க நேரமில்லை English: No time to love) is a 1964 Tamil comedy film starring T. S. Balaiya, R. Muthuraman, Ravichandran, Nagesh and others. The film was directed by Sridhar with music by M.S.Viswanathan. The film was remade into Telugu as Preminchi Choodu in 1965 and into Hindi as Pyar Kiye Jaa in 1966. Actress Rajasree featured in all three versions",
    "genres" : [ {
      "id" : 10749,
      "name" : "Romance"
    }, {
      "id" : 35,
      "name" : "Comedy"
    } ]
  }, {
    "id" : 99200,
    "title" : "Qlimax 2011",
    "overview" : "On November 26th 2011 Q-dance presented another edition of Qlimax in GelreDome, Arnhem. For the fourth year in a row Q-dance publishes Qlimax on High Definition. Qlimax is the first event in The Netherlands which was only filmed by RED filmcameras in a multicam set-up.",
    "genres" : [ {
      "id" : 10402,
      "name" : "Music"
    } ]
  }, {
    "id" : 99210,
    "title" : "A Yank at Eton",
    "overview" : "An American playboy is sent to a British boarding school to learn discipline.",
    "genres" : [ {
      "id" : 10751,
      "name" : "Family"
    }, {
      "id" : 35,
      "name" : "Comedy"
    } ]
  }, {
    "id" : 99215,
    "title" : "The Untouchable",
    "overview" : "After learning from her mother that her father lives in India, a young woman goes there to meet him for the first time.",
    "genres" : [ {
      "id" : 18,
      "name" : "Drama"
    }, {
      "id" : 10769,
      "name" : "Foreign"
    } ]
  }, {
    "id" : 99220,
    "title" : "Alien Opponent",
    "overview" : "The owner of a small-town junkyard offers a cash reward to whomever can kill her uninvited, space-suited alien guest when its spacecraft crash-lands into her barn. Every wacko within 100 miles turns out, and before long, the junkyard is transformed into a war zone of man vs. man vs. machine vs. alien vs. God only knows what.",
    "genres" : [ {
      "id" : 28,
      "name" : "Action"
    }, {
      "id" : 35,
      "name" : "Comedy"
    }, {
      "id" : 878,
      "name" : "Science Fiction"
    } ]
  }, {
    "id" : 99235,
    "title" : "Get Hep to Love",
    "overview" : "Orphan prodigy singer runs away from her oppressive aunt and tricks a rural couple into adopting her.",
    "genres" : [ {
      "id" : 18,
      "name" : "Drama"
    } ]
  }, {
    "id" : 99250,
    "title" : "The First Day",
    "overview" : "First Day follows 11 young Australians as they launch themselves into their first day at school.  We follow the children and their families in the weeks leading up to the first day and observe the variety of ways in which family cultures and contexts affect the preparation of each child for school.  When the first day arrives, we follow the children waking up, getting ready, getting to school, and their reactions to being there.  From tears to jubilation, this documentary captures every precious and painful moment of the all-important first day.",
    "genres" : [ {
      "id" : 99,
      "name" : "Documentary"
    } ]
  }, {
    "id" : 99265,
    "title" : "Bäst Före?!",
    "overview" : "",
    "genres" : [ {
      "id" : 35,
      "name" : "Comedy"
    } ]
  }, {
    "id" : 99270,
    "title" : "David Bowie Birthday Celebration Live in NYC",
    "overview" : "Recorded live at Madison Square Garden, New York City - January 9, 1997. The purpose was a charity concert for celebrating David Bowie's 50th birthday. Many friends of the artist took actively part at this event, therefore it is referred to as an album of \"David Bowie &amp; Friends\": Dave Grohl and his Foo Fighters, Lou Reed, Robert Smith (The Cure), Billy Corgan (Smashing Pumpkins), Sonic Youth. For many years this Live album has circulated as a bootleg, now it has been officially released in April 2011.",
    "genres" : [ ]
  }, {
    "id" : 99275,
    "title" : "The Army Game",
    "overview" : "Jean Lerat begins his military service at an army camp. Despite his aunt’s attempts to pull a few strings to his advantage, the unfortunate Lerat manages to get on the wrong side of his bullying colonel…",
    "genres" : [ {
      "id" : 35,
      "name" : "Comedy"
    } ]
  }, {
    "id" : 99290,
    "title" : "Sunset in El Dorado",
    "overview" : "The story involves a rather odd flashback by Dale who is visiting El Dorado, home of her grandmother. She dreams about her grandmother's adventures including a romance with a cowboy who looks very much like Roy. Roy, of course, also exists in the present for Dale.",
    "genres" : [ {
      "id" : 28,
      "name" : "Action"
    }, {
      "id" : 12,
      "name" : "Adventure"
    }, {
      "id" : 10402,
      "name" : "Music"
    }, {
      "id" : 10749,
      "name" : "Romance"
    }, {
      "id" : 37,
      "name" : "Western"
    } ]
  }, {
    "id" : 99305,
    "title" : "Alestorm Live at Wacken 2008",
    "overview" : "Live Concert at Wacken Open Air 2008 - Bonus DVD Concert from the Album \"Black Sails At Midnight\"",
    "genres" : [ {
      "id" : 10402,
      "name" : "Music"
    } ]
  }, {
    "id" : 99325,
    "title" : "Kane: Live in Rotterdam",
    "overview" : "Dutch rockband Kane was founded in 1998 en amazingly the same year Dinand Woesthof and Dennis van Leeuwen already signed their first record deal with BMG. In the beginning of 1999 their first single was released and 'Where Do I Go Now' was an instant success and found itself at the top of the Dutch charts for weeks. 'As long as you want this', the first album was also a big success in The Netherlands. This concert shows material from their live performance in Ahoy, Rotterdam.",
    "genres" : [ {
      "id" : 10402,
      "name" : "Music"
    } ]
  }, {
    "id" : 99330,
    "title" : "Happy Birthday",
    "overview" : "Destiny has brought Ten and Pao to meet through a story in touring book. Though they haven't seen each other yet, the letters in the book was written and sent to both of them. Until one day, when they meet by chance, the acquaintance they've made through the book begins to blossom and develop into love. They vow not to be apart from one another no matter what would come. There's a twist when Ten doesn't get his birthday present that Pao sends to him, but they still hold on to the vow that one day they'll be together forever.",
    "genres" : [ {
      "id" : 18,
      "name" : "Drama"
    }, {
      "id" : 10749,
      "name" : "Romance"
    } ]
  }, {
    "id" : 99340,
    "title" : "The Hole Story",
    "overview" : "",
    "genres" : [ {
      "id" : 99,
      "name" : "Documentary"
    } ]
  }, {
    "id" : 99345,
    "title" : "The Gallant Hours",
    "overview" : "A semi-documentary dramatization of five weeks in the life of Vice Admiral William F. \"Bull\" Halsey, Jr., from his assignment to command the U.S. naval operations in the South Pacific to the Allied victory at Guadalcanal.",
    "genres" : [ {
      "id" : 18,
      "name" : "Drama"
    }, {
      "id" : 10752,
      "name" : "War"
    } ]
  }, {
    "id" : 99350,
    "title" : "Brahmi gadi Katha",
    "overview" : "V Eswar Reddy, who shot to fame with Aa Naluguru, is back with Brammigadi Katha. The director has brought an out comedy entertainer with Varun Sandesh, Asmita Sood and Poonam Kaur in the leads. Though, the hero of the film is Varun Sandesh, the real hero of the film is not himself but someone and the title exactly reveals this.",
    "genres" : [ {
      "id" : 10769,
      "name" : "Foreign"
    }, {
      "id" : 35,
      "name" : "Comedy"
    } ]
  }, {
    "id" : 99365,
    "title" : "Taj Mahal",
    "overview" : "Shivaji comes up with a challenging role, while as a producer, he displays even more guts.  Taj Mahal is not a run-of-the-mill love tragedy, but a melancholy story, with an element of risk in it.  This is one film which has not tinkered with the climax of the original.  You could say, the debut producer has allowed the story-teller in the director, carte blanche to be true to the original idea.",
    "genres" : [ ]
  }, {
    "id" : 99370,
    "title" : "Got the Facts on Milk?",
    "overview" : "Got the facts on Milk? (also known as \"The Milk Documentary\" is an entertaining, award winning feature documentary that dares to question the conventional wisdom of the much publicized health benefits of milk and dairy products.  Addressing myth, truth and all in-between, the film is a humorous yet shocking exposition that provokes serious thought about this everyday staple.",
    "genres" : [ {
      "id" : 18,
      "name" : "Drama"
    }, {
      "id" : 99,
      "name" : "Documentary"
    } ]
  }, {
    "id" : 99380,
    "title" : "Sin Town",
    "overview" : "Two con artists arrive in a western boom town that they think is ripe for the pickings, only to get swindled themselves.",
    "genres" : [ {
      "id" : 37,
      "name" : "Western"
    } ]
  }, {
    "id" : 99385,
    "title" : "Dorothy’s Rocking Christmas",
    "overview" : "Dorothy joins with Santa Claus in a brand new show propelled by fun, music and dancing and written by Blue Wiggle, Anthony Field. Join Dorothy the Dinosaur, a graduate of RADD (Royal Academy of Dinosaur Dancing), along with her friends Captain Feathersword, Wags the Dog and Henry the Octopus as they have the best Christmas party ever!  You’ll meet Santa’s elves, Fernie and Poppie, and Elfis the rock ‘n’ roll elf who sings Shaky Shaky and Rockin’ Santa! Dorothy delights us with One, Two, Three, Four, Five and Sing with Me. Santa himself sings Jingle Bells and Rudolph the Red-Nosed Reindeer! Dorothy the Dinosaur’s Rockin’ Christmas is a rosalicious romp that will get your tinsel toes a-tapping!",
    "genres" : [ ]
  }, {
    "id" : 99395,
    "title" : "A Secret World",
    "overview" : "A poetic, tender road movie, A Secret World follows tormented teenager Maria as she makes her way through Mexico seeking her place in life. The film focuses on the pleasant beauty of the landscape and the eccentric, endearing personality of Maria as she comes into her own. Gorgeously filmed, this lyrical coming-of-age story doubles as a wistful hymn to a young woman’s self-discovery.",
    "genres" : [ ]
  }, {
    "id" : 99410,
    "title" : "Kamataki",
    "overview" : "Twenty-three-year-old Ken has difficulty coping with the death of his father. His mother send him to his uncle Takuma in Japan.",
    "genres" : [ {
      "id" : 18,
      "name" : "Drama"
    } ]
  }, {
    "id" : 99425,
    "title" : "Karungali",
    "overview" : "Karungali is a Tamil film directed by Mu.Kalanjiam. It stars Mu.Kalanjiam,Srinivas and Anjali in the lead.  Kanimozhi (Sunitha Verma), a doctor by profession, is drawn to the Ravi because of his life-saving act and ultimately decides to marry him. She overlooks Ravi's brutal past life during when he had murdered many including Sengudi (Asmitha), who was with him right from the childhood days. She loves him but he appears quite satisfied by using her whenever he's driven by his sexual urge.",
    "genres" : [ {
      "id" : 18,
      "name" : "Drama"
    } ]
  }, {
    "id" : 99430,
    "title" : "Adam and Eve",
    "overview" : "",
    "genres" : [ {
      "id" : 35,
      "name" : "Comedy"
    } ]
  }, {
    "id" : 99460,
    "title" : "ÜnOfficially Yours",
    "overview" : "Macky Galvez is a depressed young man contemplating why he had several failed relationships. Galvez meets Ces Bricenio, a modern-day woman who is afraid of commitment.",
    "genres" : [ {
      "id" : 10749,
      "name" : "Romance"
    }, {
      "id" : 35,
      "name" : "Comedy"
    } ]
  }, {
    "id" : 99475,
    "title" : "Hänsel und Gretel",
    "overview" : "",
    "genres" : [ {
      "id" : 10751,
      "name" : "Family"
    }, {
      "id" : 14,
      "name" : "Fantasy"
    } ]
  }, {
    "id" : 99480,
    "title" : "I am Jesus",
    "overview" : "A documentary on three men who claim to be the second coming of the Christian Messiah.",
    "genres" : [ ]
  }, {
    "id" : 99485,
    "title" : "Le grand'tour",
    "overview" : "An ad-hoc orchestra treks through the woods, strolling and drinking, to the 'Carnaval du Monde' in Stavelot. The drunken procession appeals to them so much that they forget house and home. Like medieval wandering scholars, they travel from fair to village fête. Then their leader says he’ll stop taking drink and drugs. What next?",
    "genres" : [ {
      "id" : 35,
      "name" : "Comedy"
    }, {
      "id" : 18,
      "name" : "Drama"
    } ]
  }, {
    "id" : 99490,
    "title" : "Shelter",
    "overview" : "Teenage Bulgarian boy Radostin collides with his parents by disappearing for two days and then bringing home his two new friends - devoted punks. Their encounters in a small flat are challenging, serious and at the same time funny.",
    "genres" : [ {
      "id" : 18,
      "name" : "Drama"
    }, {
      "id" : 35,
      "name" : "Comedy"
    } ]
  }, {
    "id" : 99495,
    "title" : "Summer of Goliath",
    "overview" : "Summer of Goliath is a documentary/fiction hybrid that narrates various stories of the people of the town of Huilotepec in rural Mexico. Teresa's husband has disappeared and she believes he has left her for another woman. Gabino, her son, is a soldier who searches cars at the side of a country road, where very few cars pass by. He hopes one day him and Alberto, his soldier partner, will get machine guns to further intimidate the people driving by. Amalio, Nico, and Oscar are three brothers whose stories we learn through a series of interviews and reenactments. Their father left them many years ago, and their mother can barely support them. Oscar has gained the nickname Goliath after the mysterious death of his girlfriend.",
    "genres" : [ ]
  }, {
    "id" : 99500,
    "title" : "Guus Meeuwis - Groots Met Een Zachte G 2010",
    "overview" : "",
    "genres" : [ ]
  }, {
    "id" : 99515,
    "title" : "Women On the Edge",
    "overview" : "Following the 2011 tsunami, three women reunite in the family home only to rekindle tense, ruinous relationships.",
    "genres" : [ {
      "id" : 18,
      "name" : "Drama"
    } ]
  }, {
    "id" : 99520,
    "title" : "Studio 150",
    "overview" : "Filmed in front of an intimate audience at the Riverside Studios, in London, this is a mesmerising live proformance of those tunes that have inspired and shaped his extraordinary career. Studio 150 sees Weller showcasing his smash hit album of the same name, Along with some favorites from his own outstanding catalogue.",
    "genres" : [ ]
  }, {
    "id" : 99530,
    "title" : "OTHERWORLDS #1 - KITTY-KITTY",
    "overview" : "What picture of the world ahead did we paint for one another? What world did we think would surround us in the morning light after a thousand nights from here? After a hundred? After tomorrow? A film about love, cats and brain parasites, this disturbing short was inspired by Toxoplasmosis: a disease caused by a parasite that is believed to affect up to a third of the world population and a condition that can radically change human behaviour. Forever.",
    "genres" : [ ]
  } ]
}