{
  "movies" : [ {
    "id" : 19845,
    "title" : "Nerdcore Rising",
    "overview" : "Nerdcore Rising is a documentary/concert film starring MC Frontalot and other nerdcore hip hop artists such as mc chris, Wheelie Cyberman of Optimus Rhyme and MC Lars, with contributors from such as \"Weird Al\" Yankovic, Prince Paul and Brian Posehn. It combines interviews about nerdcore and its origins with footage of MC Frontalot's 2006 Nerdcore Rising national tour.",
    "genres" : [ {
      "id" : 99,
      "name" : "Documentary"
    } ]
  }, {
    "id" : 19850,
    "title" : "Breast Men",
    "overview" : "We follow the two Texas doctors who invented the modern breast implant and its surgical procedure. However, when success and money come their way, they split up and follow different paths. One becomes the surgeon of the everyday woman while the other's career freefalls and has to settle with strippers and actresses. The film covers their history, and their invention's, from the sixties until today",
    "genres" : [ {
      "id" : 10770,
      "name" : "TV Movie"
    }, {
      "id" : 18,
      "name" : "Drama"
    }, {
      "id" : 35,
      "name" : "Comedy"
    } ]
  }, {
    "id" : 19855,
    "title" : "The War",
    "overview" : "The son of a Vietnam War Veteran must deal with neighborhood bullies as well as his dad's post-traumatic stress disorder while growing up in the deep south in the 1970's.",
    "genres" : [ {
      "id" : 18,
      "name" : "Drama"
    } ]
  }, {
    "id" : 19875,
    "title" : "Bury Me Behind the Baseboard",
    "overview" : "A small child is trapped in a tug-of-war battle between his frivolous, but loving mother and an emotionally abusive neurotic grandmother, who wants to \"shelter\" her beloved grandson at all cost.",
    "genres" : [ {
      "id" : 18,
      "name" : "Drama"
    } ]
  }, {
    "id" : 19880,
    "title" : "Without Evidence",
    "overview" : "No overview found.",
    "genres" : [ {
      "id" : 18,
      "name" : "Drama"
    } ]
  }, {
    "id" : 19900,
    "title" : "Weather Girl",
    "overview" : "After learning her boyfriend (Harmon) cheated on her with his co-host (Olson), a Seattle morning show weather girl (O’Kelley) freaks out on-air and is fired. Forced to move in with her little brother (Devlin) and deal with his best friend (Adams), she has to learn to cope with being 35, single, unemployed, and unfortunately famous for being the Sassy Weather Girl who lost it on live television.",
    "genres" : [ {
      "id" : 28,
      "name" : "Action"
    }, {
      "id" : 35,
      "name" : "Comedy"
    }, {
      "id" : 9648,
      "name" : "Mystery"
    }, {
      "id" : 10749,
      "name" : "Romance"
    }, {
      "id" : 53,
      "name" : "Thriller"
    } ]
  }, {
    "id" : 19905,
    "title" : "The Goods: Live Hard, Sell Hard",
    "overview" : "Who is Don Ready? Salesman? Lover? Song Stylist? Semi-professional dolphin trainer? Ready is all of the above - except for a dolphin trainer. When he’s asked to help save an ailing local car dealership from bankruptcy, Ready and his ragtag crew descend on the town of Temecula like a pack of coyotes on a basket full of burgers.",
    "genres" : [ {
      "id" : 35,
      "name" : "Comedy"
    } ]
  }, {
    "id" : 19930,
    "title" : "Notes Towards an African Orestes",
    "overview" : "The director presents takes and scenes filmed on location in Africa for a film-that-never-was, a black Oresteia.",
    "genres" : [ {
      "id" : 99,
      "name" : "Documentary"
    } ]
  }, {
    "id" : 19935,
    "title" : "Butterfly",
    "overview" : "Flavia is a thirtysomething married teacher. She has suppressed the memory of her adolescent lesbian fling with Jin and is stuck in a stifling marriage. A chance encounter in a supermarket with the playful and seductive singer Yip reawakens dormant feelings and she begins to think back on her teenage affair with Jin.",
    "genres" : [ {
      "id" : 10751,
      "name" : "Family"
    }, {
      "id" : 18,
      "name" : "Drama"
    }, {
      "id" : 10769,
      "name" : "Foreign"
    } ]
  }, {
    "id" : 19940,
    "title" : "Frame Of Mind",
    "overview" : "What happens when the truth is not enough? A New Jersey police detective comes across new evidence in the Kennedy assassination",
    "genres" : [ {
      "id" : 9648,
      "name" : "Mystery"
    }, {
      "id" : 53,
      "name" : "Thriller"
    } ]
  }, {
    "id" : 19950,
    "title" : "13B: Fear Has a New Address",
    "overview" : "Manohar, an upwardly mobile middle class Indian moves into a new apartment -13B on the 13th floor with his family. From the first day in their new home, the women are hooked on to a new TV show 'Sab Khairiyat'. The show is about a family eerily similar to theirs who have also just moved into a new house. As the TV show unfolds, all the incidents that happen in the show start happening to them.",
    "genres" : [ {
      "id" : 18,
      "name" : "Drama"
    }, {
      "id" : 9648,
      "name" : "Mystery"
    }, {
      "id" : 27,
      "name" : "Horror"
    }, {
      "id" : 53,
      "name" : "Thriller"
    } ]
  }, {
    "id" : 19955,
    "title" : "I Do",
    "overview" : "Life is easy for 43-year-old Luis, a happy single guy, fulfilled in his job of star nose with a perfume creation company, cosseted by his mother and five sisters. It could have lasted for a whole life, but fed up with mollycoddling and helping him, his mother and sisters decide it's time he got married, and the sooner the better!",
    "genres" : [ {
      "id" : 35,
      "name" : "Comedy"
    }, {
      "id" : 10749,
      "name" : "Romance"
    } ]
  }, {
    "id" : 19965,
    "title" : "Loggerheads",
    "overview" : "A troubled woman seeks out the child she gave up for adoption; a gay motel owner takes in a handsome drifter; and the wife of a preacher frets that a gay couple has moved in across the street. All of their lives will intersect as Loggerheads subtly draws out their secret losses and desires.",
    "genres" : [ {
      "id" : 18,
      "name" : "Drama"
    } ]
  }, {
    "id" : 19970,
    "title" : "Blacklight Beauty",
    "overview" : "From the most dangerous director in XXX comes the most mindbending porno flick yet: Blacklight Beauty, filled with backroom gangbangs, pussy wrestling, unfaithful girlfriends, oral fixations, obsessions and randy circus acts. Jarring, rocking, hypnotic and twisted, and starring twelve of the most sexually aggressive women in the world, Blacklight Beauty is a sinematic smorgasbord - feast on it.",
    "genres" : [ ]
  }, {
    "id" : 19975,
    "title" : "Care Bears Movie II: A New Generation",
    "overview" : "This animated adventure goes back in time to the Care Bears' first-ever Caring Mission, when True Heart Bear and Noble Heart Horse touch down on Earth to boost the spirits of some unhappy kids at summer camp. But the evil Dark Heart has other plans, and convinces one of the campers to help him capture the Care Bears. Will our lovable heroes' Care Stare be enough to vanquish the villain -- and convince his apprentice that good's the way to go?",
    "genres" : [ {
      "id" : 12,
      "name" : "Adventure"
    }, {
      "id" : 16,
      "name" : "Animation"
    }, {
      "id" : 10751,
      "name" : "Family"
    } ]
  }, {
    "id" : 19980,
    "title" : "99",
    "overview" : "99 is an original story inspired by real events. It is as much \"What could have been\" as it is \"What really happened.\" In other words, it is historical fiction - fiction being the keyword. It spans a few genres; it is slick, fast-paced, realistic and, importantly, very funny.In this \"smart comedy\" set in 1999, all the characters are found by a common feeling of being stuck at 99 in life - just one short of a 'century' - that elusive thing called \"making it\" in life!99 is an unpredictable and hilarious ride spread over two cities with colorful characters, unbelievable circumstances, small-time crooks, big-time conspiracies, fateful car crashes, loads of coffee, a briefcase full of money, a budding romance....... And a historical controversy brewing in the background!",
    "genres" : [ {
      "id" : 35,
      "name" : "Comedy"
    }, {
      "id" : 80,
      "name" : "Crime"
    } ]
  }, {
    "id" : 19995,
    "title" : "Avatar",
    "overview" : "In the 22nd century, a paraplegic Marine is dispatched to the moon Pandora on a unique mission, but becomes torn between following orders and protecting an alien civilization.",
    "genres" : [ {
      "id" : 28,
      "name" : "Action"
    }, {
      "id" : 12,
      "name" : "Adventure"
    }, {
      "id" : 14,
      "name" : "Fantasy"
    }, {
      "id" : 878,
      "name" : "Science Fiction"
    } ]
  }, {
    "id" : 20000,
    "title" : "Somewhere in the Night",
    "overview" : "George Taylor returns from the WWII with amnesia. Back home in Los Angeles, he tries to track down his old identity, stumbling into a 3-year old murder case and a hunt for a missing $2 million.",
    "genres" : [ {
      "id" : 18,
      "name" : "Drama"
    }, {
      "id" : 53,
      "name" : "Thriller"
    }, {
      "id" : 80,
      "name" : "Crime"
    }, {
      "id" : 9648,
      "name" : "Mystery"
    } ]
  }, {
    "id" : 20015,
    "title" : "KM 31: Kilometer 31",
    "overview" : "While driving through the kilometer 31 of a lonely road, Agata Hameran hits a boy. She leaves her car to help the victim and another car runs over her and she falls in a deep coma. Her twin sister Catalina telepathically feels the pain of Agata and hears her whispering for help. Together with her boyfriend Nuno and Agata's mate Omar, they return to the km 31 of the road, and find out that the place is surrounded by supernatural accidents caused by the ghost of a mother that lost her boy many years ago. Further, Catalina discloses that the spirit of Agata is trapped between the worlds of the living and the dead.",
    "genres" : [ {
      "id" : 53,
      "name" : "Thriller"
    }, {
      "id" : 27,
      "name" : "Horror"
    }, {
      "id" : 9648,
      "name" : "Mystery"
    } ]
  }, {
    "id" : 20025,
    "title" : "Thieves' Highway",
    "overview" : "War-veteran truck driver \"Nick\" Garcos (Conte) arrives at home to find his father, a farmer, crippled. He learns that his father was crippled at the hands of an amoral produce dealer in San Francisco, Mike Figlia (Cobb). Garcos vows revenge.",
    "genres" : [ {
      "id" : 18,
      "name" : "Drama"
    }, {
      "id" : 53,
      "name" : "Thriller"
    } ]
  }, {
    "id" : 20030,
    "title" : "2 Minutes Later",
    "overview" : "When lesbian detective Abigail Marks teams up with gay guy Michael Dalmar to solve the disappearance of his twin, Kyle Dalmar, a famed portrait photographer, their investigation leads them into the Kyle's risque world. With Michael posing as Kyle, the pair uncover assistants who have designs on their bosses, clients who have an interest in detectives, and killers who want them stopped.",
    "genres" : [ {
      "id" : 35,
      "name" : "Comedy"
    }, {
      "id" : 80,
      "name" : "Crime"
    }, {
      "id" : 9648,
      "name" : "Mystery"
    }, {
      "id" : 53,
      "name" : "Thriller"
    } ]
  }, {
    "id" : 20045,
    "title" : "Guru En Aalu",
    "overview" : "Guru (Madhavan) wants to start a company of his own. He works for his boss Krishna (Abbas), who is a successful entrepreneur leading a happy married life. But the major problem for Krishna is his playboy nature. Guru hopes that his boss will help him set up a company so that he can also become a boss and make money. Therefore he does everything to please him.Krishna falls for a model Seema (Mamta Mohandoss). Interestingly Guru also romances Seema. But coming to know that his boss is behind the girl, he decides to give up his romance to attain his personal goals. He goes hammer and tongs ensuring that Seema gets close with Krishna. But after a sequence of events, he realises that he yearns and craves for Seema. Did he give up his love for making it big in life or go hammer and tongs to hold Seema’s hands forms the climax.",
    "genres" : [ {
      "id" : 35,
      "name" : "Comedy"
    } ]
  }, {
    "id" : 20055,
    "title" : "The Betrayed",
    "overview" : "Kidnappers force a young mother (Melissa George) to recover money stolen by her shady husband (Christian Campbell).",
    "genres" : [ {
      "id" : 80,
      "name" : "Crime"
    }, {
      "id" : 18,
      "name" : "Drama"
    }, {
      "id" : 9648,
      "name" : "Mystery"
    }, {
      "id" : 53,
      "name" : "Thriller"
    } ]
  }, {
    "id" : 20065,
    "title" : "Purple Violets",
    "overview" : "Patti Petalson is a promising writer, but her marriage and conventional job keep her from her dream. She longs to return to her writing, especially after running into her first love Brian Callahan, a successful crime novelist. Kate is Patti's best friend since college; she's a tough-talking schoolteacher who plays therapist to all Patti's problems, while she's got a few of her own.",
    "genres" : [ {
      "id" : 35,
      "name" : "Comedy"
    }, {
      "id" : 18,
      "name" : "Drama"
    }, {
      "id" : 10749,
      "name" : "Romance"
    } ]
  }, {
    "id" : 20075,
    "title" : "Nice Dreams",
    "overview" : "Cheech and Chong house sit for a marijuana grower and rip off the crop. Stalked by keystone-style cops, Los Guys have a series of encounters with L.A. area characters even weirder than themselves",
    "genres" : [ {
      "id" : 35,
      "name" : "Comedy"
    } ]
  }, {
    "id" : 20080,
    "title" : "Camilla Läckberg 02 - Predikanten",
    "overview" : "",
    "genres" : [ ]
  }, {
    "id" : 20085,
    "title" : "Wedding Wars",
    "overview" : "Gay people across the U.S. go on strike when a governor refuses to approve of gay marriages.",
    "genres" : [ {
      "id" : 18,
      "name" : "Drama"
    }, {
      "id" : 35,
      "name" : "Comedy"
    }, {
      "id" : 10749,
      "name" : "Romance"
    } ]
  }, {
    "id" : 20105,
    "title" : "The Story of the Kelly Gang",
    "overview" : "Just as Fritz Lang’s Metropolis (1927) is testimony to German silent film art, The Story of the Kelly Gang (1906) symbolises both the birth of the Australian film industry and the emergence of an Australian identity. Even more significantly it heralds the emergence of the feature film format.  The Story of the Kelly Gang, directed by Charles Tait in 1906, is the first full-length narrative feature film produced anywhere in the world.  Only fragments of the original production of more than one hour are known to exist and are preserved at the National Film and Sound Archive, Canberra. (unesco.org)",
    "genres" : [ {
      "id" : 36,
      "name" : "History"
    }, {
      "id" : 28,
      "name" : "Action"
    }, {
      "id" : 18,
      "name" : "Drama"
    }, {
      "id" : 80,
      "name" : "Crime"
    } ]
  }, {
    "id" : 20110,
    "title" : "Ashes and Snow",
    "overview" : "Exploring the shared language and poetic sensibilities of all animals.",
    "genres" : [ {
      "id" : 99,
      "name" : "Documentary"
    } ]
  }, {
    "id" : 20115,
    "title" : "Opera",
    "overview" : "A young opperata is stalked by a deranged fan bent on killing the people associated with her to claim her for himself.",
    "genres" : [ {
      "id" : 53,
      "name" : "Thriller"
    }, {
      "id" : 27,
      "name" : "Horror"
    }, {
      "id" : 9648,
      "name" : "Mystery"
    } ]
  }, {
    "id" : 20120,
    "title" : "Bill Cosby: Himself",
    "overview" : "A 1983 stand-up comedy film featuring the comedy of Bill Cosby. Filmed before a live audience at the Hamilton Place Theatre, in Hamilton, Ontario. Cosby gives his comedic views on people who drink too much and take drugs, going to the dentist, marriage and parenthood.",
    "genres" : [ {
      "id" : 35,
      "name" : "Comedy"
    } ]
  }, {
    "id" : 20125,
    "title" : "Gladiatress",
    "overview" : "Offbeat sword-and-sandals comedy-adventure about three unlikely heroines (Doon Mackichan, Fiona Allen and Sally Phillips) who set out to thwart a Roman invasion and save Celtic Britain in their own unique and outrageous style.",
    "genres" : [ {
      "id" : 35,
      "name" : "Comedy"
    }, {
      "id" : 18,
      "name" : "Drama"
    }, {
      "id" : 12,
      "name" : "Adventure"
    }, {
      "id" : 28,
      "name" : "Action"
    } ]
  }, {
    "id" : 20130,
    "title" : "Jail",
    "overview" : "Parag Dixit is living a dream life with a great job and his loving girlfriend Mansi! However things take an ugly turn when after a series of unfortunate events he suddenly wakes up in jail; handcuffed and randomly beaten up by the cops.",
    "genres" : [ {
      "id" : 18,
      "name" : "Drama"
    }, {
      "id" : 10769,
      "name" : "Foreign"
    }, {
      "id" : 27,
      "name" : "Horror"
    } ]
  }, {
    "id" : 20145,
    "title" : "36 China Town",
    "overview" : "Sonia [Isha Koppikar] is the owner of a casino in Goa. A successful entrepreneur, the only love in her life is her son. When the toddler suddenly goes missing, the lady is distraught and distressed. She offers a huge reward [Rs. 25 lacs] to anyone who can trace her son.Raj [Shahid Kapoor] and Priya [Kareena Kapoor], two strangers from different backgrounds, accidentally spot the child and decide to split the reward money given by Sonia. But when they finally reach Sonia's mansion late at night, they find her murdered!Raj and Priya panic and escape from the mansion. In the confusion that follows, Priya forgets her suitcase in the mansion. Soon, they are the chief suspects in the murder. The cop [Akshaye Khanna] realizes that this isn't an open-and-shut case, since a number of new suspects show up while the investigations are on.",
    "genres" : [ {
      "id" : 35,
      "name" : "Comedy"
    }, {
      "id" : 53,
      "name" : "Thriller"
    } ]
  }, {
    "id" : 20155,
    "title" : "Are You Being Served?",
    "overview" : "The clothing department's floor requires renovation; rather than let the staff sit idle while the area is closed off, the management sends them on a paid holiday in Costa Plonka, a fictional city in Spain. Their hotel and its surroundings prove to be dismal, and the group tries to pass the time by acting on the crushes they have developed for one another in the workplace. This results in disaster, as multiple amorous notes reach the wrong recipients and everyone gets wrong ideas about who fancies whom. Meanwhile, Carlos, the hotel manager receives an unwelcome visit from an old acquaintance, Cesar Rodriguez, who is after Mrs. Slocombe after seeing her passport. He is also plotting a revolutionary uprising and wants to use the hotel as his base.",
    "genres" : [ {
      "id" : 35,
      "name" : "Comedy"
    } ]
  }, {
    "id" : 20160,
    "title" : "Restless",
    "overview" : "An old dog has a hard time learning new tricks in this drama set in Turku. Ari, a paramedic, is a chronic womanizer; he makes it a point of pride to never sleep with the same woman twice, and his nights are a long series of brazen one-night stands. But when Ari meets Tiina (Laura Malmivaara), something unexpected happens - he falls in love. For the first time, Ari finds himself pursuing a long-term relationship, and he makes a genuine effort to remain faithful to her. But old habits die hard; Tiina introduces Ari to her circle of friends and temptation arises as he encounters Hanna-Riikka, a theology student, and Ilona, who is soon to be married. Despite Ari's feelings for Tiina, he begins having affairs with both Hanna-Riikka and Ilona, leading to an unpleasant revelation on the day of Ilona's nuptials. ~ Mark Deming, Allrovi",
    "genres" : [ {
      "id" : 10749,
      "name" : "Romance"
    } ]
  }, {
    "id" : 20175,
    "title" : "7 Mujeres, 1 Homosexual y Carlos",
    "overview" : "Carlos (Mauricio Ochmann), 21 years old, decides to get married to Camila (Adriana Fonseca), his 18-year-old girlfriend, when he finds out that she was pregnant while he was away for five years.",
    "genres" : [ {
      "id" : 18,
      "name" : "Drama"
    }, {
      "id" : 35,
      "name" : "Comedy"
    }, {
      "id" : 10749,
      "name" : "Romance"
    }, {
      "id" : 10769,
      "name" : "Foreign"
    } ]
  }, {
    "id" : 20180,
    "title" : "41 Seconds",
    "overview" : "What do you do when your girlfriend tells you that your best friend kisses better than you? A young man decides to settle the matter once and for all.",
    "genres" : [ {
      "id" : 10749,
      "name" : "Romance"
    }, {
      "id" : 35,
      "name" : "Comedy"
    } ]
  }, {
    "id" : 20185,
    "title" : "Songs To Make You Smile",
    "overview" : "No overview found.",
    "genres" : [ ]
  }, {
    "id" : 20195,
    "title" : "VH1: Divas Live",
    "overview" : "The queen of soul, Aretha Franklin, and four of the biggest female hitmakers in contemporary pop, Mariah Carey Celine Dion, Gloria Estefan, and Shania Twain, joined forces for this once-in-a-lifetime concert event, in which they individually sing their hits and team up for a variety of ensemble performances. Video includes an appearance by legendary songwriter Carole King.",
    "genres" : [ {
      "id" : 10402,
      "name" : "Music"
    } ]
  }, {
    "id" : 20200,
    "title" : "Narco",
    "overview" : "Gustave Klopp suffers from narcolepsy, he can fall asleep everwhere at anytime whithout warning. Living a simple life with his wife Pam and his best friend Lenny Bar, Gus decides to undergo therapy sessions and finds out that he can make incredible comics from his dreams.",
    "genres" : [ {
      "id" : 35,
      "name" : "Comedy"
    } ]
  }, {
    "id" : 20205,
    "title" : "Transmorphers Fall of Man",
    "overview" : "In this prequel to Transmorphers -- a sci-fi thriller that borrows heavily from the plot of Transformers -- planet Earth is in peril thanks to a rogue army of alien robots, and it's up to a small group of humans to mount a crippling counterattack. Can Sheriff Hadley Ryan (Bruce Boxleitner), a doctor (Jennifer Rubin) and an ex-Marine (Shane Van Dyke) find the automatons' Achilles' heel before they",
    "genres" : [ {
      "id" : 28,
      "name" : "Action"
    }, {
      "id" : 12,
      "name" : "Adventure"
    }, {
      "id" : 878,
      "name" : "Science Fiction"
    } ]
  }, {
    "id" : 20210,
    "title" : "Grind",
    "overview" : "Four skaters follow their idol on his summer tour in an attempt to get noticed, get sponsored, and become stars themselves.",
    "genres" : [ {
      "id" : 28,
      "name" : "Action"
    }, {
      "id" : 35,
      "name" : "Comedy"
    } ]
  }, {
    "id" : 20215,
    "title" : "Boo",
    "overview" : "The friends Emmett, Freddy, Marie, Kevin and his reluctant girlfriend Jessie decide to spend the Halloween night in an abandoned hospital. Meanwhile, the younger Allan meets the old friend of his father Arlo Ray Baines and asks him to help to find his vanished sister Meg in the same spot. The two groups meet each other in the mental institution section on the haunted third floor.",
    "genres" : [ {
      "id" : 27,
      "name" : "Horror"
    } ]
  }, {
    "id" : 20220,
    "title" : "1001 Nights",
    "overview" : "Sheherazade (Catherine Zeta-Jones) has been married to a ruler (Thierry Lhermitte) who wants many wives, but only one at a time. Consequently, as soon as he has bedded them, he has them put to death. In most retellings, the girl staves off this unfortunate conclusion by putting off the connubial event for a thousand and one nights, telling irresistable stories instead. In this one, she gets hold of a magic lamp.",
    "genres" : [ {
      "id" : 14,
      "name" : "Fantasy"
    }, {
      "id" : 35,
      "name" : "Comedy"
    }, {
      "id" : 12,
      "name" : "Adventure"
    } ]
  }, {
    "id" : 20225,
    "title" : "Black Belt",
    "overview" : "Set in 1932, amid the rise of militarism after the establishment of the Manchukuo colony in Northeast China, the story centers on a trio of karateka. Studying under their aging master in a small dojo in the woods of central Kyushu, Choei, Taikan and Giryu face a company of kempeitai military police come to requisition their dojo for use as a military base.",
    "genres" : [ {
      "id" : 28,
      "name" : "Action"
    }, {
      "id" : 18,
      "name" : "Drama"
    } ]
  }, {
    "id" : 20235,
    "title" : "Belle's Magical World",
    "overview" : "Belle, the Beast, Lumiere, Cogsworth and the rest of those zany castle residents use their imaginations to embark on three magical, storybook adventures. This direct-to-video anthology serves as a \"sequel\" to Disney's animated hit film. In \"The Perfect World,\" Belle and the Beast learn about forgiveness. In \"Fifi's Folly,\" Lumiere's girlfriend is jealous of his bond with Belle. And in \"Broken Wing,\" the Beast learns to be kind to an injured bird.",
    "genres" : [ {
      "id" : 16,
      "name" : "Animation"
    }, {
      "id" : 10751,
      "name" : "Family"
    } ]
  }, {
    "id" : 20260,
    "title" : "Dizzy Gillespie: Live at the Royal Festival Hall",
    "overview" : "Dizzy Gillespie and the United Nations Orchestra Live at the Royal Festival Hall, London",
    "genres" : [ {
      "id" : 10402,
      "name" : "Music"
    } ]
  }, {
    "id" : 20270,
    "title" : "The Prodigy",
    "overview" : "\"The Prodigy\" tells the story of small-time enforcer Truman Fisher's vicious conflict with a sadistic assassin who has chosen the unwilling Truman to be his successor. The assassin, who goes by the alias Rains and whose exploits have become the source of legend among Truman's underworld colleagues, drives Truman, through the pressure of constant violence and grief, to understand his own capacity for both bloodshed and compassion. Ultimately this reveals to Truman that he as with all of us, must find our place in this world or as Rains would say \"our place in this grand design.\" This action begins quickly as Truman meets with a turncoat from a rival gang. This tense showdown erupts quickly into mayhem, when Rains makes his unexpected entrance. In the wake of the ensuing bloodbath, Truman is forced to reevaluate his own role in the small, violent world he inhabits, suddenly aware that there are larger powers at work which he does not understand...",
    "genres" : [ {
      "id" : 28,
      "name" : "Action"
    }, {
      "id" : 18,
      "name" : "Drama"
    }, {
      "id" : 10751,
      "name" : "Family"
    }, {
      "id" : 9648,
      "name" : "Mystery"
    }, {
      "id" : 53,
      "name" : "Thriller"
    } ]
  }, {
    "id" : 20285,
    "title" : "Dragonflies",
    "overview" : "Eddie (Kim Bodnia) and Maria (Maria Bonnevie) enjoy an idyllic life in their remote countryside farmhouse. But their happiness is threatened by the arrival of Kullmann (Mikael Persbrandt), an old friend of Eddie's with whom he had committed a crime that landed Kullmann in jail.",
    "genres" : [ {
      "id" : 18,
      "name" : "Drama"
    }, {
      "id" : 9648,
      "name" : "Mystery"
    }, {
      "id" : 10749,
      "name" : "Romance"
    }, {
      "id" : 53,
      "name" : "Thriller"
    } ]
  }, {
    "id" : 20290,
    "title" : "Luck",
    "overview" : "Born lucky, Karim Moussa takes to exploiting it instead of focusing on studies. Now a wealthy gambler, he decides to recruit about a dozen lucky people to participate in a deadly game of survival.",
    "genres" : [ {
      "id" : 28,
      "name" : "Action"
    }, {
      "id" : 53,
      "name" : "Thriller"
    }, {
      "id" : 18,
      "name" : "Drama"
    }, {
      "id" : 12,
      "name" : "Adventure"
    } ]
  }, {
    "id" : 20295,
    "title" : "C Kkompany",
    "overview" : "Akshay Kumar is a crime reporter, Mr. Joshi is a retired accountant trying to deal with his ungrateful son and Lambodar are friends. These three share their respective plight with one another and find solace in each others company. On one occasion, they play a harmless prank to tackle their problems. One thing leads to another, and before they realize, the incident becomes news. But things don’t stop there. They put their new founded fame to good use, and this in turn triggers off a series of incidents, which propel them to such heights that the three become the talk of the nation. Things get beyond their control, and the three are left with no choice but to be mute spectators to their newly acquired fame, especially since no one knows their identity.",
    "genres" : [ {
      "id" : 10769,
      "name" : "Foreign"
    } ]
  }, {
    "id" : 20305,
    "title" : "Nukes in Space",
    "overview" : "U.S. nuclear tests in space, and the development of the military intercontinental ballistic missile (ICBM).",
    "genres" : [ {
      "id" : 99,
      "name" : "Documentary"
    }, {
      "id" : 36,
      "name" : "History"
    } ]
  }, {
    "id" : 20310,
    "title" : "Time Share",
    "overview" : "Two single parents - male and female - along with their kids have to involuntarily share a house for their holidays.",
    "genres" : [ {
      "id" : 35,
      "name" : "Comedy"
    } ]
  }, {
    "id" : 20315,
    "title" : "The Drone Virus",
    "overview" : "No overview found.",
    "genres" : [ {
      "id" : 878,
      "name" : "Science Fiction"
    }, {
      "id" : 53,
      "name" : "Thriller"
    } ]
  }, {
    "id" : 20320,
    "title" : "The Note II: Taking a Chance on Love",
    "overview" : "Columnist Peyton MacGruder (Genie Francis) befriends a reader who sent her a note that inspires Peyton to reconsider the choices she's made and her reluctance to accept her boyfriend's marriage proposal. Sequel to the popular Hallmark Channel original The Note. Ted McGinley also stars.",
    "genres" : [ {
      "id" : 35,
      "name" : "Comedy"
    }, {
      "id" : 18,
      "name" : "Drama"
    }, {
      "id" : 10749,
      "name" : "Romance"
    } ]
  }, {
    "id" : 20325,
    "title" : "Swing Time",
    "overview" : "Lucky is tricked into missing his wedding to Margaret by the other members of Pop's magic and dance act, and has to make $25000 to be allowed to marry her. He and Pop go to New York where they run into Penny, a dancing instructor. She and Lucky form a successful dance partnership, but romance is blighted (till the end of the film at least!) by his old attachment to Margaret and hers for Ricardo, the band leader who won't play for them to dance together.",
    "genres" : [ {
      "id" : 35,
      "name" : "Comedy"
    }, {
      "id" : 10402,
      "name" : "Music"
    }, {
      "id" : 10749,
      "name" : "Romance"
    } ]
  }, {
    "id" : 20330,
    "title" : "Beyond a Reasonable Doubt",
    "overview" : "A newspaper publisher, wanting to prove a point about the insufficiency of circumstantial evidence, talks his possible son-in-law Tom into a hoax in an attempt to expose ineptitude of the city's hard-line district attorney. The plan is to have Tom plant clues leading to his arrest for killing a female nightclub dancer. Once Tom is found guilty, he is to reveal the setup and humiliate the DA.",
    "genres" : [ {
      "id" : 80,
      "name" : "Crime"
    }, {
      "id" : 18,
      "name" : "Drama"
    } ]
  }, {
    "id" : 20335,
    "title" : "Frogs & Toads",
    "overview" : "Six year old Max has an important mission: find some frogspawn for his older brother. Together with his neighbour girlfriend Jesse he makes an adventurous and touching journey along fields, farms, animals and a forest which eventually leads to his grandma's home. There he's welcomed by his grandma, her pancakes and the desired frogspawn . On his overwhelming journey through nature he's accompanied by cheerful childrens songs.",
    "genres" : [ {
      "id" : 10769,
      "name" : "Foreign"
    }, {
      "id" : 12,
      "name" : "Adventure"
    }, {
      "id" : 18,
      "name" : "Drama"
    }, {
      "id" : 10751,
      "name" : "Family"
    } ]
  }, {
    "id" : 20340,
    "title" : "Sympathy",
    "overview" : "A bank robber and his hostage spend the night in a hotel where they are visited by a man who sends the story on an unexpected path full of twists and turns.",
    "genres" : [ {
      "id" : 18,
      "name" : "Drama"
    }, {
      "id" : 9648,
      "name" : "Mystery"
    }, {
      "id" : 10749,
      "name" : "Romance"
    }, {
      "id" : 53,
      "name" : "Thriller"
    } ]
  }, {
    "id" : 20345,
    "title" : "The Bird with the Crystal Plumage",
    "overview" : "In Italy, the American writer Sam Dalmas (Tony Musante) witnesses an attempt of murder of the owner of an art gallery, a couple of days before his foreseen return to the United States of America. He decides to stay with his girlfriend Julia (Suzy Kendall) and help the police in the investigation, while the serial killer stalks Julia and him.",
    "genres" : [ {
      "id" : 27,
      "name" : "Horror"
    }, {
      "id" : 9648,
      "name" : "Mystery"
    }, {
      "id" : 53,
      "name" : "Thriller"
    } ]
  }, {
    "id" : 20360,
    "title" : "Namastey London",
    "overview" : "Indian-born Manmohan Malhotra decided to re-locate to London, England, established himself, returned to India, got married to Bebo, and after a period of 4 years got a visa for her so that she could live with him. Shortly thereafter she gave birth to Jasmeet. Manmohan was always embarrassed of Bebo, as she was overly healthy and not quite sophisticated, as a result he always left her at home, while he socialized. Bebo did not want Jasmeet to end up like her, so got her admitted in an English Medium school, encouraged to mingle with Caucasian friends, and as a result Jasmeet was transformed in to Jazz - a stunningly beautiful young woman, British in looks, talk, habits, and heart. Manmohan's plans to get her married to an Indian boy are all in vain. His friend, Parvez Khan, is in a similar situation with his son, Imran, openly romancing a Caucasian blonde, Susan. Manmohan decides to take his family for a tour in India...",
    "genres" : [ {
      "id" : 10749,
      "name" : "Romance"
    }, {
      "id" : 18,
      "name" : "Drama"
    } ]
  }, {
    "id" : 20365,
    "title" : "Hello",
    "overview" : "Hello... is a tale about the events that happen one night at a call center. Told through the views of the protagonist, Shyam, it is a story of almost lost love, thwarted ambitions, absence of family affection, pressures of a patriarchal set up, and the work environment of a globalized office. Shyam is losing his girl friend because his career is going nowhere as he trudges his way around in a call center. His girl friend, Priyanka, is also an agent like him at the call center who is about to be snatched by an NRI technogeek. There is also the aspiring model, Esha, who is hoping for the break that seems to be always already eluding her and the man about town, Vroom, who is into well, things. The housewife, Radhika, who is constantly at the receiving end of her mother-in-law and a beleaguered grandfather, Military Uncle, who has been barred from interacting with his grandchild make up the...",
    "genres" : [ {
      "id" : 18,
      "name" : "Drama"
    }, {
      "id" : 10769,
      "name" : "Foreign"
    } ]
  }, {
    "id" : 20370,
    "title" : "Dead Fantasy",
    "overview" : "Dead Fantasy is a series of fan-made CG action movies created by Monty Oum (author of Haloid), starring a cast of characters from the Final Fantasy, Dead or Alive, Kingdom Hearts, and Ninja Gaiden game franchises, fighting it out against each other battle royale-style in a number of different environments, including archaic ruins and modern cities. It is relatively complex when compared to other fighting style animations such as Xiao Xiao, and uses detailed 3D models of the characters it features. Monty Oum has achieved a certain level of fame, particularly on the website Gametrailers.com.",
    "genres" : [ {
      "id" : 28,
      "name" : "Action"
    }, {
      "id" : 16,
      "name" : "Animation"
    }, {
      "id" : 14,
      "name" : "Fantasy"
    } ]
  }, {
    "id" : 20375,
    "title" : "Raid",
    "overview" : "Raid is a mysterious drifter and ex-criminal who comes and goes as he pleases. He has been away from the country for an extended period of time but learns on his return that his ex-girlfriend Tarja has presumably died in a fire that he soon discovers was a larceny. He is also contacted by inspector Jansson, who he knows from the past regarding the murder of a protestor.  Raid begins his investigation and soon finds that there's more to the cases than meets the eye..  This movie is a sequel to the very popular Raid TV series.",
    "genres" : [ {
      "id" : 28,
      "name" : "Action"
    }, {
      "id" : 80,
      "name" : "Crime"
    }, {
      "id" : 53,
      "name" : "Thriller"
    } ]
  }, {
    "id" : 20385,
    "title" : "A Killer Within",
    "overview" : "Addison Terrill, a former district attorney now in a lucrative private practice, has what seems to be the perfect life. But life as he knows it is turned upside down when he arrives home from work late one night to find his wife brutally murdered and his son unconscious in critical condition at the hospital. Now, fingered as a suspect by the police, Addison must race to find the real killer and prove his innocence before it's too late.",
    "genres" : [ {
      "id" : 9648,
      "name" : "Mystery"
    }, {
      "id" : 53,
      "name" : "Thriller"
    } ]
  }, {
    "id" : 20390,
    "title" : "No Entry",
    "overview" : "Kishen is a newspaper baron married to Kaajal, a housewife who suspects her husband of having numerous non-existent affairs. Pooja is the believing wife of ever-philandering globe-trotting businessman Prem. Kishen and Prem are thick pals. Sanjana falls in love with Prem's loyal photographer Sunny and they get engaged. Kishen gets tired of his jealous wife and tries to have an affair with Bobby, a call girl. Due to circumstances, Bobby is introduced as the wife of Kishen during Sanjana's wedding, and as Sunny's wife to Kaajal. It becomes a bundle of confusions when all three couples meet.",
    "genres" : [ {
      "id" : 10749,
      "name" : "Romance"
    } ]
  }, {
    "id" : 20405,
    "title" : "Puccini for Beginners",
    "overview" : "When her inability to commit leads to a breakup with her girlfriend, opera-loving writer Allegra winds up in the bed of amiable professor Philip. He is so smitten with Allegra that he dumps his lover, Grace (Justin Kirk), and convinces Allegra to continue their affair. When Allegra meets Grace, sparks fly, and she begins a parallel romance, unaware that her new lover is the woman Philip left to be with her.",
    "genres" : [ {
      "id" : 35,
      "name" : "Comedy"
    }, {
      "id" : 18,
      "name" : "Drama"
    }, {
      "id" : 10749,
      "name" : "Romance"
    } ]
  }, {
    "id" : 20410,
    "title" : "Scooby-Doo and the Alien Invaders",
    "overview" : "Scooby and the gang investigate aliens sightings in small desert town.",
    "genres" : [ {
      "id" : 16,
      "name" : "Animation"
    }, {
      "id" : 10751,
      "name" : "Family"
    } ]
  }, {
    "id" : 20415,
    "title" : "Poena is Koning",
    "overview" : "Poena is Koning follows the sexual awakening of Poena Pieterse and his high school buddy Vaatjie, who have decided that they have to lose their virginity by the time they finish school. But they've picked the worst moment to embark on their sexual escapade – it's matric exam time and their quest results in major distractions from their studies. The consequences are dire.",
    "genres" : [ {
      "id" : 35,
      "name" : "Comedy"
    } ]
  }, {
    "id" : 20425,
    "title" : "Red Hot Chili Peppers: Live at Slane Castle",
    "overview" : "Live at Slane Castle is a Red Hot Chili Peppers concert video released in 2003, two years after the release of their latest concert DVD, Off the Map. The concert taped was their second show at Slane Castle in Ireland. It was filmed on August 23, 2003 and the DVD was released on November 17, 2003.",
    "genres" : [ {
      "id" : 10402,
      "name" : "Music"
    } ]
  }, {
    "id" : 20430,
    "title" : "Meet Market",
    "overview" : "Lonely aspirants on the LA dating scene hook up at thier local grocery store, where they can see and be seen by some of their dubiously eligible fellow singles, all the while hoping for that one magical relationship that will finally click.",
    "genres" : [ {
      "id" : 35,
      "name" : "Comedy"
    }, {
      "id" : 10749,
      "name" : "Romance"
    } ]
  }, {
    "id" : 20435,
    "title" : "Death Train",
    "overview" : "When a renegade Russian general sends a nuclear bomb hurtling toward the Middle East aboard a hijacked train, special agents are dispatched to disarm the deadly device.  Ten tons of steel and one ounce of hot plutonium are now riding roughshod through Europe.  With time running out, the agents launch a desperate, bullet-packed assault on a deadly moving target piloted by a cold-blooded mercenary.",
    "genres" : [ {
      "id" : 10770,
      "name" : "TV Movie"
    }, {
      "id" : 28,
      "name" : "Action"
    }, {
      "id" : 53,
      "name" : "Thriller"
    } ]
  }, {
    "id" : 20445,
    "title" : "Four Dogs Playing Poker",
    "overview" : "With the help of their mentor Felix, a group of the best friends and first-time thieves steal a valuable statuette for a ruthless black market art dealer. After the amateurs botch the delivery of the objet d'art, the dealer kills Felix and forces the remaining four to \"find\" $1 million within a week's time or face certain death.",
    "genres" : [ {
      "id" : 80,
      "name" : "Crime"
    }, {
      "id" : 18,
      "name" : "Drama"
    }, {
      "id" : 53,
      "name" : "Thriller"
    } ]
  }, {
    "id" : 20450,
    "title" : "Friday or Another Day",
    "overview" : "No overview found.",
    "genres" : [ ]
  }, {
    "id" : 20455,
    "title" : "Digimon: The Movie",
    "overview" : "The first story focused on Tai and Kari Kamiya four years before their adventure in the Digital World. It shows their first encounter with Digimon and what happened to them (as well as the other children). Tai and Kari wake one morning to find a Digi-Egg that came out of their computer the night before and the egg soon hatches, revealing a Botamon. The Digimon then evolves into Koromon and then Agumon (not the same one that became friends with Tai in the series, and yet, somehow, both Koromon and Kari remember each other), who then goes out and unintentionally destroys a good part of the neighborhood with Kari riding on his back. A second Digi-Egg appears in the sky to reveal an evil digimon, Parrotmon. Agumon then Digivolves to Greymon but isn't strong enough to beat Parrotmon and is knocked out. Tai grabs Kari's whistle and wakes up Greymon, who defeats Parrotmon and disappears with him.",
    "genres" : [ {
      "id" : 14,
      "name" : "Fantasy"
    }, {
      "id" : 16,
      "name" : "Animation"
    }, {
      "id" : 878,
      "name" : "Science Fiction"
    }, {
      "id" : 10751,
      "name" : "Family"
    } ]
  }, {
    "id" : 20465,
    "title" : "StageFright: Aquarius",
    "overview" : "A troupe of struggling stage actors is rehearsing for a small-town production of a play. Everything seems to be as it should until one of the cast members turns up dead. In a panic, the others try to get out, only to find they are now locked in the theater with the killer! Which one of them committed the murder, and who will get out alive?",
    "genres" : [ {
      "id" : 27,
      "name" : "Horror"
    } ]
  }, {
    "id" : 20470,
    "title" : "A House Divided",
    "overview" : "An American Jewish man visiting Jerusalem for the funeral of his father gets sucked into a world of violent intrigue after meeting a mysterious, beautiful Palestinian woman.",
    "genres" : [ {
      "id" : 18,
      "name" : "Drama"
    }, {
      "id" : 10749,
      "name" : "Romance"
    } ]
  }, {
    "id" : 20480,
    "title" : "Toto: 25th Anniversary - Live in Amsterdam",
    "overview" : "Filmed in High Definition in Amsterdam on Toto's 25th Anniversary Tour in 2003, this stunning concert captures the band at their very best, reunited with original vocalist Bobby Kimball. The set combines all their hits with tracks from their latest album \"Through the Looking Glass\" and other live favorites, performed in front of a wildly enthusastic sell-out crowd. Extras include 35 minute behind-the-scenes film following the band through various stages of their world tour including footage from Japan, Thailand, South Korea, and France.  Toto celebrate their 25th anniversary with this blistering live concert, filmed in Amsterdam on February 25th, 2003. Proving they've still got exactly what it takes to move a crowd, the band perform a mixture of medley's, solo spots, and huge hits. Tracks include \"Rosanna,\" \"Africa,\" \"Hold The Line,\" a cover of the Beatles' \"While My Guitar Gently Weeps,\" and many more.",
    "genres" : [ {
      "id" : 10402,
      "name" : "Music"
    } ]
  }, {
    "id" : 20485,
    "title" : "Growing Out",
    "overview" : "A troubled songwriter discovers a human growing out of his basement floor.",
    "genres" : [ {
      "id" : 35,
      "name" : "Comedy"
    }, {
      "id" : 27,
      "name" : "Horror"
    } ]
  }, {
    "id" : 20495,
    "title" : "Mujhse Shaadi Karogi",
    "overview" : "Sameer, fast at losing his temper is re-located to Goa where he falls in love with Rani. But Sameer's new roommate Sunny, has some plans of his own.",
    "genres" : [ {
      "id" : 18,
      "name" : "Drama"
    }, {
      "id" : 35,
      "name" : "Comedy"
    }, {
      "id" : 10749,
      "name" : "Romance"
    }, {
      "id" : 10769,
      "name" : "Foreign"
    } ]
  }, {
    "id" : 20505,
    "title" : "Männer sind primitiv, aber glücklich!",
    "overview" : "No overview found.",
    "genres" : [ ]
  }, {
    "id" : 20510,
    "title" : "Paw Rikhtitt",
    "overview" : "No overview found.",
    "genres" : [ {
      "id" : 35,
      "name" : "Comedy"
    } ]
  }, {
    "id" : 20520,
    "title" : "The Motel",
    "overview" : "Thirteen-year-old Ernest Chin lives and works at a sleazy hourly-rate motel on a strip of desolate suburban bi-way. Misunderstood by his family and blindly careening into puberty, Ernest befriends Sam Kim, a self-destructive yet charismatic Korean man who has checked in. Sam teaches the fatherless boy all the rites of manhood.",
    "genres" : [ {
      "id" : 18,
      "name" : "Drama"
    }, {
      "id" : 35,
      "name" : "Comedy"
    } ]
  }, {
    "id" : 20525,
    "title" : "Hana",
    "overview" : "In a poor district of Edo lives a young samurai named Soza. He has been sent by his clan to avenge the death of his father. He isn't an accomplished swordsman however, and he prefers sharing the life of the residents, teaching the kids how to write etc. When he finally finds the man he is looking for, he will have to decide whether he follows the way of the samurai or chooses peace and reconciliation.",
    "genres" : [ {
      "id" : 28,
      "name" : "Action"
    }, {
      "id" : 18,
      "name" : "Drama"
    }, {
      "id" : 36,
      "name" : "History"
    } ]
  }, {
    "id" : 20530,
    "title" : "Late Spring",
    "overview" : "In the post-WWII Japan, the twenty-seven year-old Noriko Somiya lives a simple but happy life with her fifty-seven year-old widower father, the college professor Shukichi Somiya in the suburb of Tokyo. Noriko has recovered from a disease she had during the war, and her aunt Masa Taguchi and her friend Aya Kitagawa press her to get married. However, Noriko would rather stay single and taking care of her beloved father. When Masa finds a promising fiancé to Noriko, she tells that her father will remarry sooner, forcing the reluctant Noriko to take a decision.",
    "genres" : [ {
      "id" : 18,
      "name" : "Drama"
    } ]
  }, {
    "id" : 20535,
    "title" : "Nishabd",
    "overview" : "",
    "genres" : [ ]
  }, {
    "id" : 20540,
    "title" : "The Pawnbroker",
    "overview" : "A Jewish pawnbroker, a victim of Nazi persecution, loses all faith in his fellow man until he realizes too late the tragedy of his actions.",
    "genres" : [ {
      "id" : 18,
      "name" : "Drama"
    } ]
  }, {
    "id" : 20545,
    "title" : "Deal of the Century",
    "overview" : "Arms dealers from several companies vie to sell the most expensive and highest tech weapons to a South American dictator. There are complications; understanding the exact nature of how 'gifts' are used to grease the wheels of a sale, a religious conversion from one of the salesman and a romance that begins to grow between two competitors.",
    "genres" : [ {
      "id" : 35,
      "name" : "Comedy"
    } ]
  }, {
    "id" : 20565,
    "title" : "42 Up",
    "overview" : "Director Michael Apted revisits the same group of British-born adults after a 7 year wait. The subjects are interviewed as to the changes that have occurred in their lives during the last seven years.",
    "genres" : [ {
      "id" : 99,
      "name" : "Documentary"
    }, {
      "id" : 10769,
      "name" : "Foreign"
    } ]
  }, {
    "id" : 20570,
    "title" : "Classic Albums: Fleetwood Mac - Rumours",
    "overview" : "Formed in 1975 from the remnants of a British blues band and a California soft-rock duo, Fleetwood Mac evolved into one of the most successful pop-rock groups of the 1970s--a reputation no doubt cemented by their 1977 masterpiece RUMOURS. One of the bestselling albums of all time, RUMOURS' impeccable songwriting, lush vocal harmonies, and polished production stand as testament to the band's cohesive powers--a fact made even more remarkable by the romantic tensions roiling amongst its members at the time (Lindsey Buckingham and Stevie Nicks were ending their long-term romantic relationship; Christine and John McVie were getting a divorce). This episode of the CLASSIC ALBUMS series recounts the making of Fleetwood Mac's career-making opus through interviews, behind-the-scenes footage, and live performances of timeless gems such as \"Don't Stop,\" \"Dreams,\"\"Go Your Own Way,\" \"You Make Loving Fun,\" \"The Chain,\" and more.",
    "genres" : [ {
      "id" : 10402,
      "name" : "Music"
    }, {
      "id" : 99,
      "name" : "Documentary"
    } ]
  }, {
    "id" : 20575,
    "title" : "Queen: Live at Wembley Stadium",
    "overview" : "Recorded on 12th July, 1986 at Wembley Stadium, London, UK  Track Listing:  01. One Vision  02. Tie Your Mother Down  03. In the Lap of the Gods  04. Seven Seas of Rhye  05. Tear it Up  06. A Kind of Magic  07. Under Pressure  08. Another Ones Bites the Dust  09. Who Wants to Live Forever  10. I Want to Break Free  11. Impromptu  12. Brighton Rock Solo  13. Now I’m Here  14. Love of My Life  15. Is This the World We Created  16. (You’re So Square) Baby I Don’t Care  17. Hello Mary Lou  18. Tutti Frutti  19. Gimme Some Lovin’  20. Bohemian Rhapsody  21. Hammer to Fall  22. Crazy Little Thing Called Love  23. Big Spender  24. Radio Ga Ga  25. We Will Rock You  26. Friends Will Be Friends  27. We are the Champions  28. God Save the Queen",
    "genres" : [ {
      "id" : 10402,
      "name" : "Music"
    } ]
  }, {
    "id" : 20580,
    "title" : "Diana Krall: Live in Paris",
    "overview" : "Recorded live at the Paris Olympia on December 1, 2001, Krall's classic style blends equal parts artistic vision, hard work and determination. The British Columbia native began playing piano at the age of four and now has five stunning albums behind her. She made her debut with the critically acclaimed Only Trust Your Heart and the album topped the Billboard jazz charts for the most of 1998, earning Krall a Grammy nomination. She went on to win a Best Jazz Vocal Performance Grammy for 1999's platinum-selling When I Look in Your Eyes and became the first jazz artist in 25 years to be nominated in the Album of the Year category.",
    "genres" : [ {
      "id" : 10402,
      "name" : "Music"
    } ]
  }, {
    "id" : 20585,
    "title" : "Summer Holiday",
    "overview" : "Summer Holiday is about a Hong Kong (Sammi Cheng) girl who loses her office job and finds that her boyfriend has been cheating on her, and travels to an island in Malaysia to sell her half of a beach that her cousin gave her. Only then does she know that her cousin sold the other half to his best friend (Richie Ren) to pay off debts. In her quest to convince him to sell, they begin to fall in love",
    "genres" : [ {
      "id" : 35,
      "name" : "Comedy"
    } ]
  }, {
    "id" : 20595,
    "title" : "The Last Days",
    "overview" : "Five Jewish Hungarians, now U.S. citizens, tell their stories: before March, 1944, when Nazis began to exterminate Hungarian Jews, months in concentration camps, and visiting childhood homes more than 50 years later. An historian, a Sonderkommando, a doctor who experimented on Auschwitz prisoners, and US soldiers who were part of the liberation in April, 1945.",
    "genres" : [ {
      "id" : 99,
      "name" : "Documentary"
    }, {
      "id" : 18,
      "name" : "Drama"
    }, {
      "id" : 36,
      "name" : "History"
    }, {
      "id" : 10752,
      "name" : "War"
    } ]
  }, {
    "id" : 20605,
    "title" : "The City of Violence",
    "overview" : "Tae-su, a detective fighting organized crime, returns to his hometown for his high school friend Wang-jae's funeral. There, he meets his old friends Pil-ho, Dong-hwan and Seok-hwan and they reminisce. Suspecting something fishy about Wang-jae's death, Tae-su and Seok-hwan start investigating it, each in his own way. Their investigations lead to a land development project that Pil-ho is directing.",
    "genres" : [ {
      "id" : 28,
      "name" : "Action"
    }, {
      "id" : 53,
      "name" : "Thriller"
    } ]
  }, {
    "id" : 20610,
    "title" : "LeapFrog: The Letter Factory",
    "overview" : "LeapFrog characters spring to life in this engaging and educational video. A wild adventure to the Letter Factory with popular LeapFrog characters Leap, Lilly and Tad. Led by wacky Professor Quigley, Tad joins Js jumping on trampolines and Ks practicing karate kicks as new letters learn their sounds. Fun songs will have kids singing letter sounds in no time.",
    "genres" : [ {
      "id" : 16,
      "name" : "Animation"
    }, {
      "id" : 10751,
      "name" : "Family"
    } ]
  }, {
    "id" : 20620,
    "title" : "Seconds",
    "overview" : "A secret organisation offers wealthy people a second chance at life. The customer picks out someone they want to be and the organisation surgically alters the customer to look like the intended person, stages the customer's death, gets rid of the intended person and the customer takes on a new life.",
    "genres" : [ {
      "id" : 9648,
      "name" : "Mystery"
    }, {
      "id" : 878,
      "name" : "Science Fiction"
    }, {
      "id" : 53,
      "name" : "Thriller"
    }, {
      "id" : 18,
      "name" : "Drama"
    } ]
  }, {
    "id" : 20625,
    "title" : "The Cocoanuts",
    "overview" : "During the Florida land boom, the Marx Brothers run a hotel, auction off some land and thwart a jewel robbery.",
    "genres" : [ {
      "id" : 35,
      "name" : "Comedy"
    } ]
  }, {
    "id" : 20630,
    "title" : "Warren Miller's Impact",
    "overview" : "Warren Miller's 55th ski movie - 2004. Charmonix, France, Montana, Alaska, Steamboat Colorado.",
    "genres" : [ {
      "id" : 99,
      "name" : "Documentary"
    } ]
  } ]
}