{
  "movies" : [ {
    "id" : 100315,
    "title" : "It's Got Me Again!",
    "overview" : "Late at night, the mice come out and sing and play to the title tune, among others. That is, until the cat arrives, but he's quickly sent packing.",
    "genres" : [ {
      "id" : 10402,
      "name" : "Music"
    }, {
      "id" : 16,
      "name" : "Animation"
    }, {
      "id" : 35,
      "name" : "Comedy"
    } ]
  }, {
    "id" : 100330,
    "title" : "Porky's Road Race",
    "overview" : "It's race day, and first prize is $2 million (less $1,999,998.37 in taxes). Porky's little car is matched against cars driven by stars of yesteryear, including Laurel and Hardy and Charlie Chaplin. When the black #13 driven by \"Borax Karoff\" makes a bid for the finish line, can Porky fend him off?",
    "genres" : [ {
      "id" : 16,
      "name" : "Animation"
    }, {
      "id" : 35,
      "name" : "Comedy"
    } ]
  }, {
    "id" : 100335,
    "title" : "Porky's Party",
    "overview" : "Porky's birthday. His uncle sends him a silkworm that churns out articles of clothing when it hears the word \"sew.\" After a sock and a bra, Porky stuffs it in a pocket to prepare for his party. He uses some hair tonic, then his dog Black Fury has some for himself it's 99% alcohol. The guests arrive: a penguin and a goose. The penguin, shoveling in the food, accidentally swallows the worm, which starts churning out top hats, which pop open inside the penguin's head. The goose tries increasingly violent ways of remedying this. Meanwhile, Porky's dog, lathered with shaving cream, runs in and is branded a mad dog.",
    "genres" : [ {
      "id" : 16,
      "name" : "Animation"
    }, {
      "id" : 35,
      "name" : "Comedy"
    } ]
  }, {
    "id" : 100340,
    "title" : "Rabbit Punch",
    "overview" : "Heckling the Champ gets Bugs into the world championship fight as the challenger.",
    "genres" : [ {
      "id" : 16,
      "name" : "Animation"
    }, {
      "id" : 10751,
      "name" : "Family"
    } ]
  }, {
    "id" : 100345,
    "title" : "Rocket Squad",
    "overview" : "In a futuristic city, Detectives Monday and Tuesday pursue a wanted criminal.",
    "genres" : [ {
      "id" : 16,
      "name" : "Animation"
    }, {
      "id" : 35,
      "name" : "Comedy"
    } ]
  }, {
    "id" : 100355,
    "title" : "Steal Wool",
    "overview" : "Ralph Wolf tries to forcibly remove Sam Sheepdog in order to gain access to a flock of sheep. Without success, he uses a lasso, cannon, a string of firecrackers, and a giant rubber band.",
    "genres" : [ {
      "id" : 16,
      "name" : "Animation"
    } ]
  }, {
    "id" : 100360,
    "title" : "Dinnerladies",
    "overview" : "Includes series 1 of the television comedy Dinnerladies. The programme follows a group of Northern factory canteen workers who manage to find a seam of humour in their humdrum jobs. There's hard-working and normal Bren (Victoria Wood), her love-interest Tony the canteen manager, and a clutch of peculiarly eccentric characters on both sides of the counter. And then there's Julie Walters as Bren's filthy, drunken, scene-stealing mother Petula. Dinnerladies is a classic magic blend of comedy and touching pathos.",
    "genres" : [ ]
  }, {
    "id" : 100365,
    "title" : "The Heckling Hare",
    "overview" : "Bugs is being chased by hunting dog Willoughby, and outsmarts him at every turn, until the end, where they outsmart the audience together.",
    "genres" : [ {
      "id" : 16,
      "name" : "Animation"
    }, {
      "id" : 35,
      "name" : "Comedy"
    } ]
  }, {
    "id" : 100375,
    "title" : "The Mouse That Jack Built",
    "overview" : "In this spoof of \"The Jack Benny Program\", a mouse with Jack Benny's personality and poor violin playing ability lives, along with a mouse version of Benny's valet, Eddie 'Rochester' Anderson, in a hole in a wall of Jack Benny's own home. Jack the rodent takes a mouse version of 'Mary Livingstone (I)' out to dinner, and the two unwittingly walk right into the disguised mouth of an orange cat!",
    "genres" : [ ]
  }, {
    "id" : 100380,
    "title" : "The Strange Awakening",
    "overview" : "Peter Chance (Lex Barker) suffers a blow to the head and wakes up with amnesia in a luxurious home, where a doctor and several women tell him he's a missing heir who's inherited millions. But Peter soon suspects something is not quite right with their story. He sets out to learn the truth before he's forced to sign a document that purportedly finalizes the transfer of the estate. This drama is based on Hugh Wheeler's novel Puzzle for Fiends.",
    "genres" : [ {
      "id" : 80,
      "name" : "Crime"
    }, {
      "id" : 18,
      "name" : "Drama"
    }, {
      "id" : 53,
      "name" : "Thriller"
    } ]
  }, {
    "id" : 100385,
    "title" : "The Windblown Hare",
    "overview" : "Bugs buys the homes of the three little pigs and the wolf starts blowing them down. Of course you know \"this means war.\"",
    "genres" : [ ]
  }, {
    "id" : 100390,
    "title" : "Yankee Doodle Daffy",
    "overview" : "Daffy is an agent representing Sleepy LaGoof trying to sell him to talent scout Porky. Daffy spends a great deal of time and energy explaining and demonstrating what the kid can do, while the kid sits on a couch licking a giant sucker.",
    "genres" : [ {
      "id" : 10751,
      "name" : "Family"
    }, {
      "id" : 16,
      "name" : "Animation"
    }, {
      "id" : 35,
      "name" : "Comedy"
    } ]
  }, {
    "id" : 100395,
    "title" : "Birds Anonymous",
    "overview" : "In this spoof of Alcoholics Anonymous, pussy cats are cast as bird-eating addicts and go through the 12-step process to deal with their addiction. Sylvester, who could never quite get the best of the object of his desire, Tweety Bird, joins and resolves to quit chasing and eating the canary.",
    "genres" : [ {
      "id" : 16,
      "name" : "Animation"
    }, {
      "id" : 35,
      "name" : "Comedy"
    } ]
  }, {
    "id" : 100405,
    "title" : "Mister Perrichon's Trip",
    "overview" : "Monsieur Perrichon, a rich coachbuilder by profession, is an honest but vain member of the bourgeoisie who decides to take a pleasure trip in the company of his wife Caroline and his daughter Henrietta. The family, deciding on a train journey to the Swiss Alps, arrive at Gare de Lyon in Paris where they happen upon two young suitors, both with the same goal of marrying Henrietta. Over the course of the journey, the two men are involved in an honorable but fierce struggle for the young lady's hand in marriage.",
    "genres" : [ {
      "id" : 35,
      "name" : "Comedy"
    } ]
  }, {
    "id" : 100420,
    "title" : "Gabriel Over the White House",
    "overview" : "A political hack becomes President during the height of the Depression and undergoes a metamorphosis into an incorruptible statesman after a near-fatal accident.",
    "genres" : [ {
      "id" : 18,
      "name" : "Drama"
    }, {
      "id" : 14,
      "name" : "Fantasy"
    }, {
      "id" : 10749,
      "name" : "Romance"
    } ]
  }, {
    "id" : 100425,
    "title" : "Alkaline Trio: Halloween at the Metro",
    "overview" : "Chicago's own Alkaline Trio give a special hometown Halloween performance at the Metro, backed by the very people that know them best, the true fans. Alk3 pulls out all the stops with their quick-tempo melodies, heartbreaking lyrics, and hellbound priest costumes, ensuring a Halloween show never to be forgotten. Not since a Misfits show have punk rock and Halloween gone so well together. Shot on multi-camera (5) digital video, The Show Must Go Off DVD series set the benchmark for live punk DVD's.",
    "genres" : [ ]
  }, {
    "id" : 100430,
    "title" : "Twitch Hood Rich",
    "overview" : "Get an inside look at the life of FMX rider Jeremy \"Twitch\" Stenberg. As you travel with Jeremy, you'll gain a deeper understanding of the reckless, punk, motocross kid from east county San Diego, who makes it to the top of Freestyle Motocross.",
    "genres" : [ ]
  }, {
    "id" : 100445,
    "title" : "Submarine Raider",
    "overview" : "On December 6, 1941, Captain Yamanada of the Japanese aircraft carrier \"Hiranamu\", orders full steam ahead for Pearl Harbor. His ship encounters and sinks an American yacht and the single survivor, Sue Curry, is rescued by an American submarine, the \"Sea Serpent\", commanded by Commander Chris Warren. He hears her story and attempts to radio a warning to Pearl Harbor. Yamanada, hearing the signals, orders the airlines jammed, and then sends his son into the air to sink the sub. The attack fails, after the sub makes a crash dive, but they fail in their warning attempts. The next morning, December 7th, the men on the sub hear the story of the bombing of Pearl Harbor, and devise a desperate plan to sink the Japanese carrier by letting the carrier know their position. The carrier comes in search of the submarine.",
    "genres" : [ {
      "id" : 18,
      "name" : "Drama"
    }, {
      "id" : 10752,
      "name" : "War"
    } ]
  }, {
    "id" : 100450,
    "title" : "Trapped in the Closet: Chapters 1-12",
    "overview" : "R. Kelly wakes up in a married woman’s bed, and the husband is on his way home, and they get caught, but the husband has secrets of his own, and it all kind of explodes from there, with more characters being introduced, and everyone is sleeping with everyone, and there are a billion secrets and twists and cliffhangers, and also it’s a musical where R. Kelly voices every character.",
    "genres" : [ ]
  }, {
    "id" : 100460,
    "title" : "The Executioner II: Karate Inferno",
    "overview" : "When a priceless jewel owned by rich heiress Sabine is stolen, along with her daughter, Professional thief and hired killer Ryuichi Koga and his gang are hired to retrieve both. At a ransom exchange, the team save the girl but lose the money and the jewel. When Sabine decides to deal directly with the thieves and obtains the jewel on her own by paying the ransom, Koga, having been stiffed of his fee by Sabine, steals the jewel. Little does he know, it’s a fake. Now, Koga and the team must break into a high security bank to steal the real jewel.",
    "genres" : [ {
      "id" : 28,
      "name" : "Action"
    }, {
      "id" : 35,
      "name" : "Comedy"
    }, {
      "id" : 80,
      "name" : "Crime"
    }, {
      "id" : 10769,
      "name" : "Foreign"
    } ]
  }, {
    "id" : 100470,
    "title" : "The Three Musketeers of the West",
    "overview" : "Action packed later period Spaghetti Western film with a cast of cult and mainstream actors. George Eastman [Django shoots first] , Karin Schubert [Black Emanuelle], Giancarlo Prete [Street Law], Eduardo Fajardo ,[Ricco the mean machine] and others, round out the cast of this western version take off of the 3 Musketeers with a twist. With the tag line “ All for one....punches for all”.. you get action packed fight scenes,[Chen Lee] lends his martial arts to this fast paced story, who really has the stolen gold and where is it?.Loyalty to the musketeer code? Don't count on it!!",
    "genres" : [ {
      "id" : 28,
      "name" : "Action"
    }, {
      "id" : 35,
      "name" : "Comedy"
    }, {
      "id" : 37,
      "name" : "Western"
    } ]
  }, {
    "id" : 100480,
    "title" : "Kazuo Umezu's Horror Theater: Diet",
    "overview" : "When an overweight girl gets dumped by her lover, she resolves to impress him by going on an extreme diet. All goes well at first, but when she is reunited with her former lover, she begins to feel the hunger pains once again...",
    "genres" : [ {
      "id" : 27,
      "name" : "Horror"
    } ]
  }, {
    "id" : 100490,
    "title" : "Scarlett",
    "overview" : "The greatest love story ever told began with Gone with the Wind and continues in this sweeping epic sequel, as Scarlett, Rhett and a host of unforgettable characters go from tragedy to triumph in an action-packed saga of international scope",
    "genres" : [ {
      "id" : 18,
      "name" : "Drama"
    }, {
      "id" : 10749,
      "name" : "Romance"
    } ]
  }, {
    "id" : 100495,
    "title" : "The Great Egyptians: Ramses The Great",
    "overview" : "This video is part of the Egyptology series produced by The Learning Channel, with Egyptologist and host Bob Brier leading the viewer on a trip through time to learn of the land's most famous rulers. In this episode, the subject is the pharaoh Ramses, who would be known, if nothing else, for his longevity; Ramses ruled Egypt for 67 years. But he did much more than sit on the throne for more than six decades and produce over 200 children. Some of Egypt's greatest architectural achievements were the vision of Ramses. He was a renowned warrior, exemplified by his defeat of the superior Hittite forces at Kadesh. But there is one defeat for which he is remembered. The video looks at the historical and archeological evidence that Ramses lost his battle with Moses, led by the God of the Israelites",
    "genres" : [ ]
  }, {
    "id" : 100510,
    "title" : "A View to a Gape",
    "overview" : "All Anal Extravaganza! Horse-hung Italian porn performer/director Omar Galanti isn't ashamed to let his freaky side roam free. The freaky pervert fetishizes the stretched, gaping assholes of gorgeous women, and he celebrates his nasty vision in 'A View to a Gape 5,' which features four beautiful teenagers with amazing sphincter-dilating talent. This is nearly three hours of elastic, wide-open buttholes for your enjoyment!",
    "genres" : [ ]
  }, {
    "id" : 100530,
    "title" : "They Flew Alone",
    "overview" : "The story of flyer Amy Johnson the girl from Yorkshire who won the hearts of the British public in the 1930s with her record-breaking solo flights around the world. Her marriage to fellow aviator Jim Mallison was less noteworthy.",
    "genres" : [ {
      "id" : 18,
      "name" : "Drama"
    } ]
  }, {
    "id" : 100540,
    "title" : "The Kill Hole",
    "overview" : "The shadow of war follows a troubled Iraq War vet as he is forced to pursue one of his own into the Pacific Northwest wilderness to finally confront a war crime that has haunted them both.",
    "genres" : [ {
      "id" : 28,
      "name" : "Action"
    } ]
  }, {
    "id" : 100545,
    "title" : "Atlas in the Land of the Cyclops",
    "overview" : "Strongman Maciste must battle the one-eyed Cyclops monster that is ravaging the land of Sadok, while at the same time fending off the advances of the evil Queen Capys, who wants to do a little ravaging of her own.",
    "genres" : [ {
      "id" : 12,
      "name" : "Adventure"
    }, {
      "id" : 14,
      "name" : "Fantasy"
    } ]
  }, {
    "id" : 100560,
    "title" : "Ode to Sports",
    "overview" : "The story of Nikolai Ozerov, the famous sports commentator. Interviews and archival footage chronicle significant global sporting events.",
    "genres" : [ {
      "id" : 99,
      "name" : "Documentary"
    }, {
      "id" : 10402,
      "name" : "Music"
    } ]
  }, {
    "id" : 100565,
    "title" : "Auftrag Schutzengel",
    "overview" : "",
    "genres" : [ {
      "id" : 10770,
      "name" : "TV Movie"
    }, {
      "id" : 18,
      "name" : "Drama"
    }, {
      "id" : 80,
      "name" : "Crime"
    }, {
      "id" : 53,
      "name" : "Thriller"
    } ]
  }, {
    "id" : 100570,
    "title" : "Vandalism",
    "overview" : "Based upon the novel \"Hærværk\" by Tom Kristensen about the self destructive person.\r The literary reviewer Ole Jastrau chooses to free himself from his well-ordered middle class life.\r He allow the seriously left-wing writer Steffensen move in with himself which soon causes disintegration of his home an marriage.",
    "genres" : [ {
      "id" : 18,
      "name" : "Drama"
    } ]
  }, {
    "id" : 100575,
    "title" : "The Woman in Red",
    "overview" : "Shelby Barrett (Barbara Stanwyck) rides show horses for wealthy widow \"Nicko\" Nicholas (Genevieve Tobin)and meets Johnny Wyatt (Gene Raymond), scion of a once-wealthy Long Island Family, but who now goes about the country riding polo ponies for \"Nicko.\" Despite the efforts of \"Nicko\" and wealthy Gene Fairchild (John Eldredge), who is in love with Shelby, Johnny and Shelby are married. Shelby is treated frigidly by her snobby-but-broke in-laws, who frown even more when she and Johnny start handling the horses for wealthy neighbors on money Shelby had borrowed from Fairchild without telling her proud-but-broke husband. Matters aren't helped any when \"Nicko\" shows up and starts a gossip circuit directed against Shelby. When Johnny is away, Fairchild asks Shelby to help him entertain a wealthy client aboard his yacht. She tries to contact Johnny and fails but accepts the invitation...",
    "genres" : [ {
      "id" : 18,
      "name" : "Drama"
    } ]
  }, {
    "id" : 100590,
    "title" : "If I Had a Gun",
    "overview" : "Vlado, an intelligent boy living in a small village, has fantasies that take him away from his humdrum life. But as the Nazi occupation begins to encroach on the townsfolk his fantasies and reality begin to merge.",
    "genres" : [ {
      "id" : 18,
      "name" : "Drama"
    }, {
      "id" : 35,
      "name" : "Comedy"
    } ]
  }, {
    "id" : 100600,
    "title" : "Back from the Front",
    "overview" : "The Stooges join the war effort by enlisting at Merchant Marines. While aboard, they have a brief run-in with (a secret German Nazi officer) Lt. Dungen (Vernon Dent), and then mistake a torpedo for a beached whale. Moe says they have to kill it, and it promptly explodes. After being lost at sea for several days, they come across the SS Schicklgruber and climb aboard. Now with fully grown beards, they come across Lt. Dungen again, who does not recognize them. After realizing they are in with a nest of German sailors, they eventually overtake the crew and toss them overboard.",
    "genres" : [ {
      "id" : 35,
      "name" : "Comedy"
    }, {
      "id" : 10752,
      "name" : "War"
    } ]
  }, {
    "id" : 100605,
    "title" : "December 7th",
    "overview" : "\"Docudrama\" about the bombing of Pearl Harbor on December 7th, 1941 and its results, the recovering of the ships, the improving of defense in Hawaii and the US efforts to beat back the Japanese reinforcements.  This film exists in two versions. This longer, unreleased cut (which is rarely screened) brackets this material fictional sequences. The introductory sequence shows Uncle Sam on vacation in Hawaii on December 6th. A character embodying the Voice of Responsibility warns him that ignoring Japanese immigrant Fifth Column activity will lead to disaster. The concluding sequence the ghost of a serviceman killed in the attack discussing how the US will beat the Japanese with the ghost of a Revolutionary War soldier in Arlington National Cemetery.",
    "genres" : [ {
      "id" : 36,
      "name" : "History"
    }, {
      "id" : 10752,
      "name" : "War"
    }, {
      "id" : 28,
      "name" : "Action"
    } ]
  }, {
    "id" : 100615,
    "title" : "Break",
    "overview" : "Right in the middle of a game of tennis, two childhood friends are facing.What's going on inside these two men's heads as the game comes to its end?",
    "genres" : [ {
      "id" : 18,
      "name" : "Drama"
    }, {
      "id" : 28,
      "name" : "Action"
    }, {
      "id" : 35,
      "name" : "Comedy"
    }, {
      "id" : 53,
      "name" : "Thriller"
    } ]
  }, {
    "id" : 100625,
    "title" : "Buddy Ogün - V.I.P. Was' los!",
    "overview" : "",
    "genres" : [ ]
  }, {
    "id" : 100635,
    "title" : "Nine Types of Light",
    "overview" : "Brooklyn’s indie favorites TV on the Radio just released a film set to the music of their acclaimed 2011 album, Nine Types of Light.  The movie, which runs for just more than an hour, includes music videos for each song on the album and is supposed to represent a visual interpretation of the record. Lead singer Tunde Adebimpe not only directed the Nine Types of Light film, but also storybooked it and helmed the video for “Forgotten.” Additionally, the rest of the band worked with friends and filmmakers to help conceptualize and direct the rest of the music videos.",
    "genres" : [ ]
  }, {
    "id" : 100640,
    "title" : "How to Fly the P-47: Pilot Familiarization",
    "overview" : "War Department Training Film No. 107-A  This is an introduction to a fighter ... The P-47 Thunderbolt.  After you have made its acquaintance in this film, you will learn more about the P-47 in other motion pictures dealing with ground handling, take-off, normal flight and landing, high altitude flight and aerobatics.  Presented by the Army Air Forces in cooperation with Republic Aviation Corporation 1943",
    "genres" : [ {
      "id" : 99,
      "name" : "Documentary"
    }, {
      "id" : 36,
      "name" : "History"
    } ]
  }, {
    "id" : 100670,
    "title" : "Los Hermanos: Na fundição progresso",
    "overview" : "Los Hermanos is a Brazilian alternative rock band formed in Rio de Janeiro in 1997, which mixes rock with elements of Brazilian music as samba and MPB, and flirted with ska and hardcore, the latter mainly on his debut album. The group's sound was largely influenced by the bands of the '90s underground Rio de Janeiro, such as La Tequila ended up, Meat Monday Q &amp; Women Say Yes and the sound of American band Weezer, Mr. Bungle, and Squirrel Nut Zippers",
    "genres" : [ {
      "id" : 10402,
      "name" : "Music"
    } ]
  }, {
    "id" : 100685,
    "title" : "Stone Fox",
    "overview" : "Little Willy must win a dog sled race in order to save his grandfather's cattle ranch.",
    "genres" : [ {
      "id" : 10751,
      "name" : "Family"
    } ]
  }, {
    "id" : 100705,
    "title" : "Double Agent",
    "overview" : "Jason Starr is an international spy. While on a mission there was an altercation and Jason disappears. His boss Vaughn then goes to his twin brother Warren Starbinder, a veterinarian, and asks him to pose as Jason so to complete his mission. Warren agrees to do so but the talk will not be easy since he is not a spy. Warren also cannot tell his wife and family what he's doing which makes it hard for him to explain the peculiar ways he is now behaving.",
    "genres" : [ {
      "id" : 10751,
      "name" : "Family"
    } ]
  }, {
    "id" : 100710,
    "title" : "Dirk Scheele: Huis, Tuin & Keukenavonturen (Deel 1)",
    "overview" : "Dirk Scheele woont in een huis en dat huis staat in een tuin. Hier ligt de basis voor 30 afleveringen, spannende huis, tuin en keukenavonturen met veel liedjes. Dirk verkent alles wat er in- en rondom het huis aanwezig is en op een grappige manier. Hierdoor worden alle gewone dingen ineens heel erg leuk.\r Een boterham eten met een swingende boterhammen boogie, klusjes doen met speelgoedgereedschap, zingen in de tuin met een slak en een molletje en muziek maken met een kartonnen doos of een sleutelbos. Dirk gaat ook samen met het buurmeisje varen in een bootje en maakt zelf een fruitshake voor z'n tante. Oh oh als dat maar goed afloopt……",
    "genres" : [ ]
  }, {
    "id" : 100730,
    "title" : "An-Magritt",
    "overview" : "An Magritt is raped into life. And her mother is sentenced to gape-stick for a sinful intercourse with a random soldier. When the mother chooses death in the waterfall, it becomes the old grandfather, giant, which saves the An-Magritt. An Magritt growing up in a Norwegian mining town in the 1600s, a typical male society. She stands alone among men, and must fight the same fight hard as them. Through the biting winter cold they drive ore from the mines to the melting furnaces. But An-Magritt have no horse. She is running with the bull. Eventually she gets her love with a const Jack entering the An-Magritte's life. Now waking her desire for buoyancy that no one can stop. She fought not only further to the storm and cold. She fought with malmveieren who cheat on the weight, with the priest to get her name in church records, cab printer to get the right settlement. But first and last fight with her own ignorance. She will no longer be a creature without a soul.",
    "genres" : [ {
      "id" : 18,
      "name" : "Drama"
    } ]
  }, {
    "id" : 100740,
    "title" : "The Gold Brick",
    "overview" : "A fairy encourages Snafu to duck out of his training regime for his own reasons.",
    "genres" : [ {
      "id" : 16,
      "name" : "Animation"
    } ]
  }, {
    "id" : 100750,
    "title" : "The Home Front",
    "overview" : "A homesick Pvt. Snafu learns that his family are almost as commited to the war efforts as himself.",
    "genres" : [ {
      "id" : 16,
      "name" : "Animation"
    } ]
  }, {
    "id" : 100755,
    "title" : "Cradle Of Filth: Heavy Left-Handed & Candid",
    "overview" : "Heavy Left-Handed &amp; Candid is Cradle of Filth's second foray into visual entertainment's arena and with it comes a madness the likes of which may preferably never be seen again.  A lethal injection of both concert and studio documentation, this DVD is testament to the maxim \"Do what thou wilt shall be the whole of the Law,\" the veritable life code of one Aleister Crowley, who, in his time, was widely regarded as the most dangerous man in the world. Whether Cradle of Filth even come close to the prestigious title of \"the most dangerous band in the world\" remains as yet to be seen, but if there's one thing watching this marriage of Heaven, Hell, and the worst bits in between will assure you of, it's the Filth's ability to shock, shake, and deliver where it hurts the most... right on your grave.  Open up and say.... \"Aaarrrggh!\"",
    "genres" : [ {
      "id" : 10402,
      "name" : "Music"
    } ]
  }, {
    "id" : 100765,
    "title" : "Du hast gesagt, dass Du mich liebst",
    "overview" : "",
    "genres" : [ ]
  }, {
    "id" : 100770,
    "title" : "The Black Torment",
    "overview" : "A lord returns to his manor with his new wife, to hear rumours that he had already secretly returned and had committed several murders. Has he lost his mind, or is something dark afoot ?",
    "genres" : [ {
      "id" : 27,
      "name" : "Horror"
    } ]
  }, {
    "id" : 100775,
    "title" : "Brother Fucker",
    "overview" : "A must own for any porn fanatic, \"Brother Fucker\" is the single most controversial and talked about XXX movie of the year! Drop dead gorgeous identical twin brothers Luca and Liam Rosso star in \"Brother Fucker\", featuring gay porn superstar Brent Everett in his first bottoming scene under exclusive contract to C1R! Brent bangs and gets banged by these bros in the ultimate twin taboo. The brothers double mouth dick Brent down before getting in a daisy chain for a cum loaded explosive finale! And that's just the start. Featuring an all-star cast of non-stop sweat and cum drenched fuck sessions, \"Brother Fucker\" keeps it all in the C1R family.",
    "genres" : [ ]
  }, {
    "id" : 100805,
    "title" : "Im Brautkleid durch Afrika",
    "overview" : "",
    "genres" : [ {
      "id" : 28,
      "name" : "Action"
    }, {
      "id" : 35,
      "name" : "Comedy"
    }, {
      "id" : 10749,
      "name" : "Romance"
    } ]
  }, {
    "id" : 100815,
    "title" : "Buddy Rich Memorial Concert",
    "overview" : "Featuring Neil Peart, Chad Smith, Tommy Igoe, John Blackwell, Terry Bozzio with Efrain Toro, Nick Rich, Peter Erskine, Will Lee, and Jeff Berlin. These artists pay tribute to Buddy Rich, one of the greatest drummers of all time. With an all-star big band, they play not only Buddy classics but also their own hits. Over two hours of concert footage, plus almost two hours of rehearsal and backstage footage memorialize this historic drumming event. Special Features: Interview with Cathy Rich, rehearsal footage, pre-show and backstage. DVD produced by Neil Peart and Don Lombardi",
    "genres" : [ {
      "id" : 10402,
      "name" : "Music"
    } ]
  }, {
    "id" : 100820,
    "title" : "Are You Ready for Love?",
    "overview" : "",
    "genres" : [ ]
  }, {
    "id" : 100825,
    "title" : "Chely Wright: Wish Me Away",
    "overview" : "After a lifetime of hiding, Chely Wright becomes the first commercial country music singer to come out as gay, shattering cultural stereotypes within Nashville, per conservative heartland family and, most importantly, within herself. With unprecedented access over a two-year period, including her private video diaries, the film layers Chely's rise to fame while hiding in the late 90's with the execution of her coming out plan, culminating in the exciting moment when she steps into the media glare to reveal she is gay. The film shows both the devastation of internalized homophobia and the transformational power of living an authentic life. The film also documents the conflicting responses from Nashville, the heartland and the LGBT community as Chely Wright prepares for an unknown future.",
    "genres" : [ {
      "id" : 99,
      "name" : "Documentary"
    }, {
      "id" : 10402,
      "name" : "Music"
    } ]
  }, {
    "id" : 100830,
    "title" : "Radiostars",
    "overview" : "Ben, who dreamed of himself as a comic in New York, is back in Paris, his professional and emotional life in complete disarray. He encounters Alex, the star host of the Breakfast Club, a popular morning radio show. With Cyril, a forty-something who'd prefer not to be, and Arnold, the charismatic leader of the gang, they call the shots on Blast FM. In next to no time Ben is hired to write for them. He's barely joined the team when a tidal wave hits the station: Breakfast Club listenership is in free fall. They set out on a bus to travel to every corner of France to meet and win over their public once again. For these arrogant Parisians, a real journey of initiation arises from this radio-phonic road trip, shaking up all their certainties.",
    "genres" : [ {
      "id" : 35,
      "name" : "Comedy"
    } ]
  }, {
    "id" : 100850,
    "title" : "50 Nuts",
    "overview" : "Does size matter? Not to the \"nuts\" in this movie. Come along with us for a 50cc adventure as we ride on the highways, byways, cities, suburbs, and ghettos. You'll be entertained and amazed with huge tricks and the hot chicks, from lingerie parties and slamming 40's, to hangin' with Venice Beach locals and running from the law. You'll laugh your ass off as you watch these guys go anywhere and do anything! Guaranteed to hold your attention! Even someone with a severe case of A.D.D. can't look away from the grinds, flips, tricks, and racing portrayed in this flick. This is a moto video like you've never seen before!",
    "genres" : [ ]
  }, {
    "id" : 100875,
    "title" : "Katy Perry: Rock in Rio 2011",
    "overview" : "Taking the stage for a colorful performance, Katy Perry helped kick off the first day of the Rock in Rio Festival in Rio de Janeiro, Brazil on September 23, 2011.  The 26-year-old energized the crowd with a rendition of songs including Firework, California Gurls, Waking Up In Vegas and Hot n Cold while even sharing a smooch with a lucky fan in attendance.  Back in Rio de Janeiro for the first time since 2001 after taking place in Lisbon and Madrid over the past decade, Rock in Rio is the largest music and entertainment event in history, with nine editions held in Brazil, Portugal and Spain. Setlist: Teenage Dream / Waking Up in Vegas / Peacock / I Kissed a Girl / Circle the Drain / E.T. / Thinking of You / M.J / Hot N Cold / Last Friday Night (T.G.I.F.) / Firework / California Gurls",
    "genres" : [ {
      "id" : 10402,
      "name" : "Music"
    } ]
  }, {
    "id" : 100895,
    "title" : "Bad Religion: New Maps of Hell",
    "overview" : "Bonus DVD with an hour-long live performance, music videos, and behind-the-scenes footage.",
    "genres" : [ {
      "id" : 10402,
      "name" : "Music"
    } ]
  }, {
    "id" : 100900,
    "title" : "Salute to the Marines",
    "overview" : "It is a comic book propaganda film which has Beery as a retired USMC NCO who, when the Japanese invade the Philippines, leads a heroic defense, first by strangling a Nazi agent, and then dying in his dress blues uniform while blowing up a bridge.",
    "genres" : [ {
      "id" : 35,
      "name" : "Comedy"
    }, {
      "id" : 18,
      "name" : "Drama"
    }, {
      "id" : 10752,
      "name" : "War"
    } ]
  }, {
    "id" : 100910,
    "title" : "Tender Comrade",
    "overview" : "Ginger Rogers, a young defense plant worker whose husband is in the military during World War II, shares a house with three other women in the same situation.",
    "genres" : [ {
      "id" : 18,
      "name" : "Drama"
    }, {
      "id" : 10749,
      "name" : "Romance"
    } ]
  }, {
    "id" : 100915,
    "title" : "Sektor 9: Part 2",
    "overview" : "Witness the revolution happening at Sektor 9, an abandoned Soviet-era gulag where a new breed of leathermen toe the party line in latex, gas masks, nylon ropes, and animal cages. Featuring hard-hitting punishing tops who teach the art of submission to muscle-bound comrades hungry for dick, Sektor 9 Part 2 stars coverman Marc Dylan and an all-star cast of porn's biggest names including Spencer Reed, Jimmy Durano, Chris Daniels, Ben Brown, Brenn Wyson and Tommy Deluca. Directed by Christian Owen and soundscaped by underground sensation DJ Little Rock, this leather blockbuster makes one thing clear - there's no escaping Sektor 9.",
    "genres" : [ ]
  }, {
    "id" : 100925,
    "title" : "The Thunderbolts - Ramrod to Emden",
    "overview" : "USAAF Documentary Film",
    "genres" : [ {
      "id" : 99,
      "name" : "Documentary"
    }, {
      "id" : 10752,
      "name" : "War"
    } ]
  }, {
    "id" : 100950,
    "title" : "De Panzazo",
    "overview" : "Panzazo! It reflects the reality of education in Mexico and demonstrates that Mexican society panzazo passes in an exclusionary system in which no lessons for life are achieved. We see in this movie moms, dads, principals, teachers, officials, union representatives and opinion leaders to draw a global picture that does not allow indifference. The data, interviews and what the students filmed with handheld cameras give rise to indignation and intelligent to realize the part that touches everyone contribute. The project ran for three years entering the reality of the students and their families, capturing the daily dynamics of schools in such diverse parts of the country such as Ciudad Juarez, the interior of Yucatan, Morelia, the mountains of Chiapas and Guerrero, as well as Naucalpan and Iztapalapa in the metropolitan area of ​​Mexico City.  EDIT: To clarify, \"de panzazo\" means \"just squeaking through.\"",
    "genres" : [ {
      "id" : 99,
      "name" : "Documentary"
    } ]
  }, {
    "id" : 100960,
    "title" : "Sweeney Todd: The Demon Barber of Fleet Street in Concert",
    "overview" : "A lavish concert performance of Sondheim's musical masterpiece Sweeney Todd starring Broadway legends Patti LuPone and George Hearn with the San Francisco Symphony under Rob Fisher.",
    "genres" : [ {
      "id" : 80,
      "name" : "Crime"
    }, {
      "id" : 18,
      "name" : "Drama"
    }, {
      "id" : 27,
      "name" : "Horror"
    }, {
      "id" : 10402,
      "name" : "Music"
    } ]
  }, {
    "id" : 100975,
    "title" : "Just Looking",
    "overview" : "It's 1955. Lenny is a 14-year old boy who is totally fascinated by sex. He is too scared to \"do it,\" so he dedicates his summer to seeing two other people do it. Easier said than done. Caught in the act of spying, his mother and stepfather ship him off to spend the summer with his aunt and uncle in \"the country\" -- Queens. His plan looks like a bust and his summer seems destined for boredom, until he meets a whole new group of friends -- young teens who have a \"sex club.\"",
    "genres" : [ {
      "id" : 18,
      "name" : "Drama"
    }, {
      "id" : 35,
      "name" : "Comedy"
    } ]
  }, {
    "id" : 100980,
    "title" : "Das Ende einer Nacht",
    "overview" : "",
    "genres" : [ {
      "id" : 53,
      "name" : "Thriller"
    } ]
  }, {
    "id" : 100990,
    "title" : "Everybody's Doing It",
    "overview" : "Angela and Travis consider having sex for the first time just as their high school starts up an abstinence education program. Making matters worse, a \"good girl\" collects abstinence pledges from students and blows the whistle on Angela and Travis.",
    "genres" : [ {
      "id" : 35,
      "name" : "Comedy"
    }, {
      "id" : 10751,
      "name" : "Family"
    } ]
  }, {
    "id" : 101010,
    "title" : "A Brief History of Errol Morris",
    "overview" : "This film tells the fascinating story of one of the most critically acclaimed careers in independent documentary film making in recent cinema history. This comprehensive overview of Morris' career includes clips of all his important films as well as interviews with collaborators such as Werner Herzog and Phillip Glass.",
    "genres" : [ {
      "id" : 99,
      "name" : "Documentary"
    } ]
  }, {
    "id" : 101030,
    "title" : "The Golden Blade",
    "overview" : "Harum is a fearless man of the people who comes to Bagdad to avenge the murder of his father and meets Krairuzan, a princess disguised as a commoner, working against a plot by a band of evil schemers trying to do away with her father, the Caliph. She gives Harum a golden sword which, in his hands, makes him invincible. Harum uses the sword in the name of justice and is doing quite well until a duplicate sword is placed in his scabbard during one of his off-guard moments, and he winds up in chains.",
    "genres" : [ {
      "id" : 12,
      "name" : "Adventure"
    } ]
  }, {
    "id" : 101035,
    "title" : "Echoes from Chernobyl",
    "overview" : "It was the worst nuclear disaster in history and it took place in a small town in Ukraine called Chernobyl. The area surrounding the town has been sealed for 25 years. Join us as we walk through fields of the exclusion zone, explore the abandoned town of Pripyat and meet the people that live illegally inside the radioactive sector. Discover one of a kind interviews with operators, liquidator and safety inspectors as we give you the complete picture that the government doesn't want you to see. Experience rare historic footage of the disaster just discovered in Ukrainian archives and walk within four-hundred meters of one of the most dangerous buildings on earth. This is the story of Chernobyl that you haven't heard before.",
    "genres" : [ ]
  }, {
    "id" : 101040,
    "title" : "Der Blinde",
    "overview" : "",
    "genres" : [ {
      "id" : 10770,
      "name" : "TV Movie"
    }, {
      "id" : 80,
      "name" : "Crime"
    } ]
  }, {
    "id" : 101045,
    "title" : "Held der Gladiatoren",
    "overview" : "Germanus, a brave gladiator, witnesses the brutal murder of his brother, committed by another fighter. Since then, he will become his worst enemy, with whom he will fight in several fights, each more bitter. One day, Germanus discovers that his sister, also gladiator, maintains a passionate affair with the man who killed the brother of both, without her knowing anything about the crime",
    "genres" : [ ]
  }, {
    "id" : 101050,
    "title" : "The Fatal Image",
    "overview" : "A woman and her daughter vacationing in Paris get caught up in intrigue after being witnesses to a murder.",
    "genres" : [ {
      "id" : 28,
      "name" : "Action"
    }, {
      "id" : 80,
      "name" : "Crime"
    }, {
      "id" : 53,
      "name" : "Thriller"
    } ]
  }, {
    "id" : 101060,
    "title" : "The House That Would Not Die",
    "overview" : "A tale of witchcraft, black magic and a haunted house in the Amish country.",
    "genres" : [ {
      "id" : 27,
      "name" : "Horror"
    }, {
      "id" : 10770,
      "name" : "TV Movie"
    } ]
  }, {
    "id" : 101085,
    "title" : "Leon van der Zanden: Een coole snelle jongen met een zachte bruine vacht",
    "overview" : "",
    "genres" : [ ]
  }, {
    "id" : 101120,
    "title" : "Crimen imperfecto",
    "overview" : "Two private detectives called Salomon (Fernando Fernan-Gomez) and Torcuato (Jose Luis Lopez Vazquez), are engaged in questionable conduct research and work reports",
    "genres" : [ {
      "id" : 35,
      "name" : "Comedy"
    }, {
      "id" : 9648,
      "name" : "Mystery"
    } ]
  }, {
    "id" : 101125,
    "title" : "Class of '61",
    "overview" : "Three West Point 1861 generation cadets and friends go on opposite sides after the breakout of The Civil War, with tragic consequences. A subplot involves Lucius, a Shelby Peyton's slave, who kills a slave trader and goes on the run.",
    "genres" : [ {
      "id" : 12,
      "name" : "Adventure"
    }, {
      "id" : 28,
      "name" : "Action"
    }, {
      "id" : 18,
      "name" : "Drama"
    } ]
  }, {
    "id" : 101135,
    "title" : "A Connecticut Yankee in King Arthur's Court",
    "overview" : "After a horse accident, Karen wakes up to find herself in past Britain, close to Camelot, the famous castle of King Arthur.",
    "genres" : [ {
      "id" : 12,
      "name" : "Adventure"
    }, {
      "id" : 35,
      "name" : "Comedy"
    }, {
      "id" : 10751,
      "name" : "Family"
    } ]
  }, {
    "id" : 101140,
    "title" : "Perfect Days",
    "overview" : "Story about a women and a baby.",
    "genres" : [ {
      "id" : 35,
      "name" : "Comedy"
    } ]
  }, {
    "id" : 101145,
    "title" : "Rak Ha Ha Ha",
    "overview" : "",
    "genres" : [ {
      "id" : 35,
      "name" : "Comedy"
    } ]
  }, {
    "id" : 101165,
    "title" : "Sinus",
    "overview" : "SINUS is a black comedy from an Oslo looked slightly askew. The film revolves around a group of friends in the seven and describes the week from hell. Comrades experience to his world turned upside down and take actions that will get them to change their outlook on life. Over the course of seven days and sick action series, is the peer group disbanded.",
    "genres" : [ ]
  }, {
    "id" : 101170,
    "title" : "Kamasutra 3D",
    "overview" : "Spice up your love life with new positions. Sexual diversion is the base in every sexual relation. No matter if you dream of a sensual, long amorous game in the evening, or of ardent, energetic sex in the morning in 'Kamasutra 3D' you'll find all positions that will satisfy your wishes and moods. Shot in Stereoscopic 3D, you'll learn to awake and satisfy all of your senses. Spice up your love life with new sexual experiences and discover the erotic secrets of the ancient east.",
    "genres" : [ {
      "id" : 10749,
      "name" : "Romance"
    }, {
      "id" : 99,
      "name" : "Documentary"
    } ]
  }, {
    "id" : 101180,
    "title" : "Operation Delta Force 3: Clear Target",
    "overview" : "The anti-terrorist team Delta Force destroys a billion dollar cocaine stash, to the extreme displeasure of drug cartel leader Umberto Salvatore. To retaliate, he hijacks a stealth submarine and threatens to unleash a biological weapon with the power to kill everyone in New York City.",
    "genres" : [ {
      "id" : 28,
      "name" : "Action"
    }, {
      "id" : 80,
      "name" : "Crime"
    } ]
  }, {
    "id" : 101185,
    "title" : "The Far Pavilions",
    "overview" : "Story of forbidden love in 1800's India set against the revolution for India's freedom from England.",
    "genres" : [ {
      "id" : 18,
      "name" : "Drama"
    }, {
      "id" : 36,
      "name" : "History"
    }, {
      "id" : 10749,
      "name" : "Romance"
    } ]
  }, {
    "id" : 101190,
    "title" : "Gangsters and Philantropists",
    "overview" : "The movie consists of two satirical novel based on the same idea: both the \"gangsters\" and \"philanthropists\" end up in the courtroom.",
    "genres" : [ {
      "id" : 28,
      "name" : "Action"
    }, {
      "id" : 35,
      "name" : "Comedy"
    }, {
      "id" : 80,
      "name" : "Crime"
    } ]
  }, {
    "id" : 101205,
    "title" : "AAF Report",
    "overview" : "US Army Air Forces providing an overview of the Army Air Forces.",
    "genres" : [ {
      "id" : 28,
      "name" : "Action"
    }, {
      "id" : 53,
      "name" : "Thriller"
    }, {
      "id" : 99,
      "name" : "Documentary"
    }, {
      "id" : 878,
      "name" : "Science Fiction"
    }, {
      "id" : 10752,
      "name" : "War"
    } ]
  }, {
    "id" : 101230,
    "title" : "1-900",
    "overview" : "Sarah, 30, single, well educated, likes art, places a voice ad for phone sex, inviting replies from men under 35, sturdy and sensual. Wilbert, a chubby middle aged architect, leaves a message that he is Thomas, 32 and well formed. A week later, she phones. She likes his voice, he likes her laugh, so once a week she phones him (he's not to know her last name, where she lives, or her number). Portraits emerge of humor and sadness. He presses for details of her life and tells her about his work; she wants these Thursday calls to be fantasy and release, separate from the rest of who she is. The film dramatizes these tensions of lies and truth, connection and distance. Written by",
    "genres" : [ ]
  }, {
    "id" : 101235,
    "title" : "L'erede",
    "overview" : "Dopo la morte del padre, Bruno, medico milanese, prende possesso di una vecchia villa immersa nella natura selvaggia degli Appennini. Non sarà un’eredità facile. La conoscenza dei vicini lo farà precipitare in una spirale di sospetti che cambieranno per sempre la sua esistenza...",
    "genres" : [ {
      "id" : 18,
      "name" : "Drama"
    } ]
  }, {
    "id" : 101270,
    "title" : "Monumental: In Search of America's National Treasure",
    "overview" : "The United States of America is the richest, freest nation the world has ever seen. But nowadays all signs point to the reality of a sickness in the soul of our country, and history tells us that we're headed for disaster if we don't change our course now.  Follow Kirk Cameron across Europe and the U.S. as he seeks to discover the people, places and principles that made America the freest, most prosperous and generous nation the world has ever known.",
    "genres" : [ {
      "id" : 99,
      "name" : "Documentary"
    } ]
  }, {
    "id" : 101275,
    "title" : "Mátenme porque me muero",
    "overview" : "",
    "genres" : [ {
      "id" : 35,
      "name" : "Comedy"
    } ]
  }, {
    "id" : 101280,
    "title" : "A Judge of Honor",
    "overview" : "In 1980 Paolo Borsellino was appointed with the preliminary investigations and the task of setting up a team which would later become the famous anti-mafia pool, investigating into the criminal activities of various mafia bands, in particular the gang headed up by Totò Riina.",
    "genres" : [ {
      "id" : 18,
      "name" : "Drama"
    } ]
  }, {
    "id" : 101300,
    "title" : "Dicen que soy mujeriego",
    "overview" : "Pedro has had many lovers but he only loves one of them, but this romance stop going on for his flirts with other women.",
    "genres" : [ {
      "id" : 35,
      "name" : "Comedy"
    } ]
  }, {
    "id" : 101305,
    "title" : "She's Not Our Sister",
    "overview" : "What happens when three sisters find out they stand to inherit a multimillion-dollar fortune, and in the process discover a half-sister their estranged father never told them about?",
    "genres" : [ {
      "id" : 18,
      "name" : "Drama"
    }, {
      "id" : 35,
      "name" : "Comedy"
    } ]
  }, {
    "id" : 101310,
    "title" : "The Heartbreak Kid",
    "overview" : "Christina (Claudia Karvan) is a school teacher from a wealthy Greek-Australian background, engaged to a lawyer and content with the traditional course of her life. She begins teaching at an inner-city working-class school and she finds her ideas challenged by the students. Involving herself in a campaign by a group of non-anglo students to form a soccer club in a school where the racist PE teacher only supports Australian Rules Football, Christina starts falling in love with aspiring soccer player, 17 year old Nick (Alex Dimitriades). The ensuing affair forces Christina to challenge herself, her family and the culture she lives in.  Managing to effectively combine comedy with a refreshing examination of contemporary ethnic relationships in Australia, beautifully acted by a young cast, and insightfully scripted.",
    "genres" : [ {
      "id" : 18,
      "name" : "Drama"
    }, {
      "id" : 10749,
      "name" : "Romance"
    } ]
  }, {
    "id" : 101315,
    "title" : "A Killing in a Small Town",
    "overview" : "The gory ax-murder of one mousy, suburban Texas housewife by another is nearly as shocking as the excuse offered by the bespectacled defendant's attorney: self-defense. Could it be so?",
    "genres" : [ {
      "id" : 10770,
      "name" : "TV Movie"
    }, {
      "id" : 18,
      "name" : "Drama"
    } ]
  }, {
    "id" : 101320,
    "title" : "The Spiral Staircase",
    "overview" : "People are trapped in a house with a killer.",
    "genres" : [ ]
  }, {
    "id" : 101325,
    "title" : "The Forger",
    "overview" : "While staying at a picturesque village, a teen encounters the underground world of art forgery.",
    "genres" : [ {
      "id" : 18,
      "name" : "Drama"
    } ]
  }, {
    "id" : 101330,
    "title" : "Light Years Away",
    "overview" : "A young drifter meets up with a strange old man who claims that he has been taught to fly by birds",
    "genres" : [ {
      "id" : 18,
      "name" : "Drama"
    } ]
  }, {
    "id" : 101335,
    "title" : "Boys Are Easy",
    "overview" : "A man wants to see his three daughters get married.",
    "genres" : [ {
      "id" : 35,
      "name" : "Comedy"
    } ]
  }, {
    "id" : 101340,
    "title" : "Heller als der Mond",
    "overview" : "A moonstruck comedy about lovers and robbers.",
    "genres" : [ ]
  } ]
}