{
  "movies" : [ {
    "id" : 128040,
    "title" : "The Western World of Ferdinando Baldi",
    "overview" : "",
    "genres" : [ ]
  }, {
    "id" : 128060,
    "title" : "Raoul Walsh: A Man in His Time",
    "overview" : "",
    "genres" : [ ]
  }, {
    "id" : 128070,
    "title" : "Gone Fishing",
    "overview" : "A recovering alcoholic travels to the untamed coast of Patagonia to reconnect with his estranged daughter in this gentle yet deeply resonant drama from Argentine writer-director Carlos Sorin.",
    "genres" : [ {
      "id" : 18,
      "name" : "Drama"
    }, {
      "id" : 10751,
      "name" : "Family"
    } ]
  }, {
    "id" : 128075,
    "title" : "11 Settembre 2001 - Inganno Globale",
    "overview" : "",
    "genres" : [ ]
  }, {
    "id" : 128080,
    "title" : "The Story of a Little Parisian",
    "overview" : "Totte works in Paris when she meets the wealthy Renato. Renato's father wants him to marry so to fool him he proposes to Totte.",
    "genres" : [ ]
  }, {
    "id" : 128090,
    "title" : "The House on Trubnaya",
    "overview" : "Life is short and full of oppression, but that doesn't mean Parasha can't find love and laughter when she leaves her country home to take a job as a maid in the overcrowded, overworked, and underpaid world in the big city.",
    "genres" : [ {
      "id" : 35,
      "name" : "Comedy"
    } ]
  }, {
    "id" : 128100,
    "title" : "A Visit to the Louvre",
    "overview" : "A visit to the Louvre in Paris commentated by an actor reading Cézanne.",
    "genres" : [ {
      "id" : 99,
      "name" : "Documentary"
    } ]
  }, {
    "id" : 128110,
    "title" : "Jump",
    "overview" : "A constellation of variously desperate characters collide on a fateful New Year's Eve in Derry, Northern Ireland in this twisty, blackly comic crime thriller. (TIFF)",
    "genres" : [ {
      "id" : 18,
      "name" : "Drama"
    } ]
  }, {
    "id" : 128115,
    "title" : "The Birthday",
    "overview" : "Norman, a young man very much in love with his girlfriend, attends her father's birthday party, held in a hotel where something mysterious is going on.",
    "genres" : [ {
      "id" : 35,
      "name" : "Comedy"
    }, {
      "id" : 27,
      "name" : "Horror"
    }, {
      "id" : 9648,
      "name" : "Mystery"
    } ]
  }, {
    "id" : 128120,
    "title" : "The Last Time I Saw Macao",
    "overview" : "Part memoir, part city symphony, part noir-ish B-movie adventure, the new feature from critically acclaimed film-making duo João Pedro Rodrigues and João Rui Guerra da Mata (To Die Like a Man) is a sensual, shape-shifting ode to one of the world's most mythic, alluring and exoticized cities.",
    "genres" : [ {
      "id" : 99,
      "name" : "Documentary"
    }, {
      "id" : 53,
      "name" : "Thriller"
    } ]
  }, {
    "id" : 128130,
    "title" : "Lunarcy!",
    "overview" : "In this irresistibly zany, sharp-witted documentary, director Simon Ennis introduces us to an unforgettable group of characters whose obsession with the moon and lunar colonization has given birth to utopian dreams of truly galactic proportions. (TIFF)",
    "genres" : [ {
      "id" : 99,
      "name" : "Documentary"
    }, {
      "id" : 35,
      "name" : "Comedy"
    } ]
  }, {
    "id" : 128135,
    "title" : "Mushrooming",
    "overview" : "A demeaning game-show appearance, an ill-advised mushroom-picking outing that goes horribly off the rails, inquiries from a cynical reporter — things just keep getting worse for the middle-aged politician at the centre of Estonian director Toomas Hussar's satire about a shallow, fame-obsessed post-Cold War culture. (TIFF)",
    "genres" : [ {
      "id" : 12,
      "name" : "Adventure"
    }, {
      "id" : 53,
      "name" : "Thriller"
    }, {
      "id" : 35,
      "name" : "Comedy"
    } ]
  }, {
    "id" : 128140,
    "title" : "No Place on Earth",
    "overview" : "This extraordinary testament to survival from Emmy-winning producer/director Janet Tobias brings to light a story that remained untold for decades: that of thirty-eight Ukrainian Jews who survived World War II by living in caves for eighteen months. (TIFF)",
    "genres" : [ {
      "id" : 99,
      "name" : "Documentary"
    }, {
      "id" : 10752,
      "name" : "War"
    } ]
  }, {
    "id" : 128145,
    "title" : "The Maddening",
    "overview" : "In this psycho-thriller, a little girl and her mother find themselves the focus of a crazed couple's delusions. The horror begins after Cassie has a fight with her husband David and takes off in the car with their young daughter Samantha. Cassie takes a wrong turn and ends up in the home of the evil Mr. and Mrs. Because Cassie and Samantha closely resemble relatives the couple recently lost, the duo hold the frightened mother and daughter captive in their home. Soon the two victims find  themselves psychologically and physically abused, particularly Cassie who is threatened with torture and rape. Will David find them before the Scudders kill them both?",
    "genres" : [ {
      "id" : 53,
      "name" : "Thriller"
    } ]
  }, {
    "id" : 128150,
    "title" : "Bad Jim",
    "overview" : "A cowpoke buys Billy the Kid's horse and, upon riding it, becomes an incorrigible outlaw himself.",
    "genres" : [ {
      "id" : 37,
      "name" : "Western"
    } ]
  }, {
    "id" : 128160,
    "title" : "Peaches Does Herself",
    "overview" : "On the advice of a 65-year-old stripper, Peaches makes music that is sexually forthright. Her popularity grows and she becomes what her fans expect her to be: transsexual. She falls in love with a beautiful she-male, but Peaches gets her heart broken and has to realize who she really is. Described as an anti-jukebox musical. Peaches writes, directs and plays the role of Peaches herself. (TIFF)",
    "genres" : [ {
      "id" : 10402,
      "name" : "Music"
    } ]
  }, {
    "id" : 128165,
    "title" : "Paradise Falls",
    "overview" : "When the family's North Carolina farm is about to be taken by the banks during the Depression era, two boys decide to start robbing banks and return the money to the people.",
    "genres" : [ ]
  }, {
    "id" : 128170,
    "title" : "The Hummingbird Kimono",
    "overview" : "It was a symbol ... of everything",
    "genres" : [ ]
  }, {
    "id" : 128180,
    "title" : "Granton Trawler",
    "overview" : "Documentary following an Edinburgh fishing trawler, the \"Isabella Grieg\".",
    "genres" : [ ]
  }, {
    "id" : 128185,
    "title" : "Bangkok Revenge",
    "overview" : "Manit (Jon Foo) witnessed the murder of his parents when he was just 10 years old. The killers shot him in the head, but he miraculously survived. However, the damage to his brain left him unable to experience regular human emotions. A martial arts master saved him and took him in. Twenty years later, Manit has become a master of martial arts himself. He returns to the scene of the crime, seeking justice.",
    "genres" : [ {
      "id" : 28,
      "name" : "Action"
    }, {
      "id" : 18,
      "name" : "Drama"
    } ]
  }, {
    "id" : 128190,
    "title" : "The Pervert's Guide to Ideology",
    "overview" : "Philosopher Slavoj Žižek and filmmaker Sophie Fiennes reunites for this follow-up to their hit The Pervert's Guide to Cinema, using their interpretation of moving pictures to present a compelling cinematic journey into the heart of ideology – the dreams that shape our collective beliefs and practices.",
    "genres" : [ {
      "id" : 99,
      "name" : "Documentary"
    } ]
  }, {
    "id" : 128195,
    "title" : "Picture Day",
    "overview" : "A rebellious teenager forced to repeat her last year of high school is caught between adolescence and adulthood - and between two very different male admirers.",
    "genres" : [ {
      "id" : 35,
      "name" : "Comedy"
    }, {
      "id" : 18,
      "name" : "Drama"
    } ]
  }, {
    "id" : 128210,
    "title" : "Sleeper's Wake",
    "overview" : "In a secluded cove on the South African coast, a middle-aged writer grieving the deaths of his wife and daughter is drawn into an affair with an alluring teenage girl who is grappling with demons of her own, in this gripping psychological thriller adapted from the award-winning novel by Alistair Morgan. (TIFF)",
    "genres" : [ {
      "id" : 53,
      "name" : "Thriller"
    }, {
      "id" : 18,
      "name" : "Drama"
    }, {
      "id" : 9648,
      "name" : "Mystery"
    } ]
  }, {
    "id" : 128215,
    "title" : "Still Mine",
    "overview" : "An elderly couple fight against local authorities in rural New Brunswick to build their final home.",
    "genres" : [ {
      "id" : 18,
      "name" : "Drama"
    } ]
  }, {
    "id" : 128230,
    "title" : "Three Sisters",
    "overview" : "The masterful new documentary from Wang Bing (West of the Tracks) is an intimate, observational portrait of a peasant family who eke out a humble existence in a small village set against the stunning mountain landscapes of China's Yunnan province. (TIFF)",
    "genres" : [ {
      "id" : 99,
      "name" : "Documentary"
    } ]
  }, {
    "id" : 128235,
    "title" : "Estació de l'oblit",
    "overview" : "",
    "genres" : [ ]
  }, {
    "id" : 128250,
    "title" : "When I Saw You",
    "overview" : "Jordan, 1967: displaced to a refugee camp after the occupation of their West Bank village, an eleven-year old boy and his mother enact the emancipating dream that every refugee has imagined countless times, in Annemarie Jacir's passionate and moving follow-up to her prize-winning debut Salt of This Sea. (TIFF)",
    "genres" : [ {
      "id" : 18,
      "name" : "Drama"
    } ]
  }, {
    "id" : 128265,
    "title" : "Pink Floyd - A Hamburg Moment",
    "overview" : "Clip of Pink Floyd at Offenbach and Hamburg Feb 1971 from the German TV station ZDF.  Originally broadcasted 02.03.1971 at part of Aspekte.",
    "genres" : [ ]
  }, {
    "id" : 128270,
    "title" : "Not Fade Away",
    "overview" : "Set in suburban New Jersey in the 1960s, a group of friends form a rock band and try to make it big.",
    "genres" : [ {
      "id" : 18,
      "name" : "Drama"
    } ]
  }, {
    "id" : 128280,
    "title" : "Blood Money",
    "overview" : "Zheng Zhou is the most feared warrior from the Shaolin Dynasty in China. His fighting and weapons skills are legendary. But when his parents are killed and sister kidnapped, he turns to a life of drugs and crime that will almost kill him. With the help of Hong Kong's notorious Dragon Triad syndicate, Colombia's biggest drugs cartel hatches an elaborate plan to traffic two tonnes of crack cocaine through the Port of Miami in America and ultimately into Australia and China. But when the partnership turns sour after the Cartel holds a Triad family member hostage, the Triads recruit Zhou to rescue the girl and kill the Colombians. What ensues is a bloodied street war across three countries. Zhou turns international Hitman with an arsenal of hi-tech surveillance devices, explosives, high powered weaponry and an array of fighting skills dating back fifteen hundred years. But just as Zhou rescues the hostage and takes control of the entire drugs shipment...",
    "genres" : [ {
      "id" : 28,
      "name" : "Action"
    }, {
      "id" : 53,
      "name" : "Thriller"
    }, {
      "id" : 10769,
      "name" : "Foreign"
    } ]
  }, {
    "id" : 128285,
    "title" : "Valentin de las Sierras",
    "overview" : "Skin, eyes, knees, horses, hair, sun, earth. Old song of Mexican hero, Valentin, sung by blind Jose Santollo Nadiso en Santa Cruz de la Soledad.",
    "genres" : [ ]
  }, {
    "id" : 128290,
    "title" : "Welcome to Rockwell - A Night of Legendary Collaborations",
    "overview" : "The O2 arena, London was stage for the gathering of some of the UK's most notable, and charitable music icons. \"Rockwell\" event brought together the likes of Robert Plant, Tom Jones, Joss Stone, as well as Lulu, Razorlight, Beverley Knight, Escala, Dan Gillespie Sells (from The Feeling)in one of the most memorable benefit concerts to date. The evening with many major stars sharing the spotlight for brilliant, unexpected surprises was culminated in the final song that saw every act hit the stage for a fantastic version of The Beatles' classic \"Let It Be\"!",
    "genres" : [ {
      "id" : 10402,
      "name" : "Music"
    } ]
  }, {
    "id" : 128295,
    "title" : "Star Wars: The Legacy Revealed",
    "overview" : "Film-makers and academics discuss the use of mythology in Star Wars and the impact of the films on society",
    "genres" : [ {
      "id" : 99,
      "name" : "Documentary"
    } ]
  }, {
    "id" : 128300,
    "title" : "Pass the Gravy",
    "overview" : "Schultz raises prize chickens and roosters that are always getting into neighbor Max Davidson's garden and eating the seeds, leading to constant feuding between the two men. When their children announce their engagement the two men decide to bury the hatchet and Davidson suggests a dinner at his house. He gives his young son, Ignatz, two dollars to buy a chicken but the boy pockets the money and kills Schultz' first place rooster instead. Once seated at the table all but Schultz discover what they are eating and desperately try to hide the bad news from Schultz who is sure to kill Davidson if he knows the truth.",
    "genres" : [ {
      "id" : 35,
      "name" : "Comedy"
    } ]
  }, {
    "id" : 128305,
    "title" : "Memories",
    "overview" : "Previously focused on Asian directors, “Jeonju Digital Project 2007” takes a look at Europe. The Portuguese filmmaker Pedro Costa, the German filmmaker Harun Farocki, and the French filmmaker Eugène Green participated in this project.",
    "genres" : [ ]
  }, {
    "id" : 128325,
    "title" : "A Little Flirt",
    "overview" : "Orphan Didi is raised by her aunts and in love with her ward, the surgeon Dr. Gunnar Green. He is more interested in the stars of the theatre so Didi decides to fight for him.",
    "genres" : [ {
      "id" : 35,
      "name" : "Comedy"
    } ]
  }, {
    "id" : 128330,
    "title" : "Jeux des reflets et de la vitesse",
    "overview" : "A high-speed travel through Paris on trains and on the Seine.",
    "genres" : [ ]
  }, {
    "id" : 128335,
    "title" : "Love, Oil and Grease",
    "overview" : "Ham and Bud, working as mechanics, wreak havoc at a new car dealership, almost wrecking a big sale.",
    "genres" : [ ]
  }, {
    "id" : 128340,
    "title" : "One More to Hell",
    "overview" : "",
    "genres" : [ ]
  }, {
    "id" : 128345,
    "title" : "La verità, vi prego, sull'amore",
    "overview" : "",
    "genres" : [ ]
  }, {
    "id" : 128350,
    "title" : "And Then a Time for Killing",
    "overview" : "",
    "genres" : [ {
      "id" : 37,
      "name" : "Western"
    } ]
  }, {
    "id" : 128360,
    "title" : "King of Dollars",
    "overview" : "A magician shows tricks with money.",
    "genres" : [ {
      "id" : 14,
      "name" : "Fantasy"
    } ]
  }, {
    "id" : 128375,
    "title" : "L'estate del mio primo bacio",
    "overview" : "",
    "genres" : [ ]
  }, {
    "id" : 128390,
    "title" : "Ars colonia",
    "overview" : "A man travelling on the sea.",
    "genres" : [ ]
  }, {
    "id" : 128395,
    "title" : "Emitaï",
    "overview" : "As World War II is going on in Europe, a conflict arises between the French and the Diola-speaking tribe of Africa, prompting the village women to organize their men to sit beneath a tree to pray.",
    "genres" : [ {
      "id" : 18,
      "name" : "Drama"
    } ]
  }, {
    "id" : 128400,
    "title" : "A Thousand Pleasures",
    "overview" : "Henpecked misogynist Richard Davis murders his shrewish wife and goes out to dispose of her corpse. However, things go awry for Richard after he's abducted by a pair of insane lesbians who take him to their house where they keep a grown woman called Baby in a crib.",
    "genres" : [ {
      "id" : 27,
      "name" : "Horror"
    } ]
  }, {
    "id" : 128405,
    "title" : "The Organist at St. Vitus' Cathedral",
    "overview" : "The most important silent film by director Martin Frič. Poet Vitezslav Nezval did scenographic modifications to the original story by Václav Wasserman. Film producer Jaroslav Stransky didn’t witness premier; because of fear of financial collapse, he killed himself.",
    "genres" : [ ]
  }, {
    "id" : 128410,
    "title" : "No One Will Play with Me",
    "overview" : "A darkly humorous short documentary about a preschool-age boy ostracised from interactions with his classmates until a girl who has become interested in his pet crow provides the link to social acceptance.",
    "genres" : [ {
      "id" : 18,
      "name" : "Drama"
    } ]
  }, {
    "id" : 128415,
    "title" : "Hot Cat?",
    "overview" : "This love story finds a lonely teacher resisting the advances of an interested co-worker. She is fearful of affection and relationships due to a previous romance that did not work out. The small-town school marm tries to help a male student who has been suspended for drunkenness. She tutors the young man, and soon the two engage in a tender and passionate love affair in which both people reach out and touch each other physically and emotionally.",
    "genres" : [ {
      "id" : 10749,
      "name" : "Romance"
    }, {
      "id" : 18,
      "name" : "Drama"
    } ]
  }, {
    "id" : 128420,
    "title" : "Devil Eye",
    "overview" : "A group of Chinese friends get into supernatural trouble in Thailand.",
    "genres" : [ ]
  }, {
    "id" : 128440,
    "title" : "Rowing Across the Atlantic",
    "overview" : "Newlyweds, Adelaide and Jonathan leave New York in 1907 in a boat and row, ignorant of world events, to Europe. The years pass and many things are changing them, love is gradually degrading to hatred, then indifference. Old age is almost here, and with it, in a last swim, a last embrace, husband and wife end up “alone at last.” The boat adrift, will be discovered on the shores of Europe in the year 1957",
    "genres" : [ ]
  }, {
    "id" : 128445,
    "title" : "Cause célèbre",
    "overview" : "When the ailing husband of an adulterous wife is discovered bludgeoned to death and suspicions fall on the older woman's young lover, the newly widowed woman claims that it was she who was solely responsible for the death despite evidence that points to the contrary in this dramatic account of true-life 1935 trial that shocked all of England. Though notable evidence and strong suspicion suggests that the murder may have been of crime of passion perpetrated by the jealous lover only half her age, Alma Rattenbury (Helen Mirren) confesses to the murder of her husband and is soon brought to trial. Despite the fact that Alma is already being deemed guilty by the general public for her adulterous indiscretion alone, her lawyer, star attorney T.J. O'Connor (David Suchet), remains convinced that his client will eventually be cleared of all charges.",
    "genres" : [ {
      "id" : 18,
      "name" : "Drama"
    }, {
      "id" : 10749,
      "name" : "Romance"
    } ]
  }, {
    "id" : 128450,
    "title" : "Home Run Showdown",
    "overview" : "Two little league teams take on their coaches' sibling rivalry, and end up doing battle in a place the baseball world never expected: in the outfield of the Home Run Derby.",
    "genres" : [ {
      "id" : 10751,
      "name" : "Family"
    } ]
  }, {
    "id" : 128460,
    "title" : "Jon Lord Beyond The Notes Live",
    "overview" : "Beyond The Notes Live is a live performance of Jon Lord and band, recorded on 5 October 2004 at the Vulkanhalle (Cologne, Germany). Amongst others the following artists participated: Frida, Sam Brown, Miller Anderson and the Trondheim Solists.  The concert is released on DVD by EMI during the fall of 2004.",
    "genres" : [ ]
  }, {
    "id" : 128470,
    "title" : "New York, N.Y.",
    "overview" : "How has this gem slipped under IMDb users' radar all these years, especially after winning a César for best documentary short subject? It is slow, succinct and absolutely riveting. With his photojournalist's eye, and simple but inspired camera work, Depardon plunges us into both the sounds and silences of a day and a night in the city. Further description would be superfluous; what the film doesn't do is as important as what it does. Kudos to distributor Marin Karmitz for resurrecting it.",
    "genres" : [ {
      "id" : 99,
      "name" : "Documentary"
    } ]
  }, {
    "id" : 128475,
    "title" : "Dino King",
    "overview" : "The story is set 70 million years ago, when dinosaurs ruled the Korean Peninsula the same way they ruled the rest of the earth. Spotty is a curious and playful Tarbosaurus child, and along with his mother and siblings, he lives happily in the forest. One day the cunning One-eye, an older Tyrannosaur looking for a new home, attacks Spotty’s herd and separates Spotty from his family. Alone, he befriends another lost girl Tarbosaur who becomes his friend and constant companion for two decades and the mother of his own children. But Spotty’s troubles with One-eye are not over, and revenge, death, fear, and sadness are all in Spotty’s future―as is happiness and hope.",
    "genres" : [ {
      "id" : 16,
      "name" : "Animation"
    }, {
      "id" : 12,
      "name" : "Adventure"
    }, {
      "id" : 878,
      "name" : "Science Fiction"
    } ]
  }, {
    "id" : 128485,
    "title" : "Premier de Cordée",
    "overview" : "",
    "genres" : [ {
      "id" : 18,
      "name" : "Drama"
    } ]
  }, {
    "id" : 128510,
    "title" : "Birthday",
    "overview" : "M is the most esteemed professional of the many girls at Scarlet's but, even on her birthday, it's business as usual. M's trade is sex, but sex doesn't sell the way it used to; what clients are searching for, paying for, is love.",
    "genres" : [ {
      "id" : 18,
      "name" : "Drama"
    }, {
      "id" : 10769,
      "name" : "Foreign"
    } ]
  }, {
    "id" : 128515,
    "title" : "Michael McDonald This Christmas",
    "overview" : "2009 holiday release from the singer/songwriter and former Doobie Bro. Michael McDonald has maintained incredible popularity and has been awarded numerous accolades and honors in both personal and professional arenas. He has won an impressive five Grammys and earned innumerable chart successes and sales feats, yet all the while McDonald remains the artist's artist and an enduring presence in popular music. This year, Michael McDonald celebrates the holiday season with the release of This Christmas, a collection of 12 Christmas classics and new holiday favorites.",
    "genres" : [ ]
  }, {
    "id" : 128520,
    "title" : "Michael Jackson: King of Clip",
    "overview" : "The King of Pop's fans are in luck. To pay homage to the third anniversary of his death, this production can relive all the music of Michael Jackson. This is over three hours of footage accompanied by a unique musical short film of 26 minutes.",
    "genres" : [ ]
  }, {
    "id" : 128525,
    "title" : "The International Sign for Choking",
    "overview" : "Josh (Zach Weintraub) is a young American who has traveled to Buenos Aires to find subjects for a documentary series he has been commissioned to produce. While there, he seems also to be hoping to use the time to regroup—although regroup from what is unclear. The change of venue is not without its own set of problems, however. Josh finds it difficult to get his footing in Buenos Aires. Subjects aren’t coming easy, and he is having trouble connecting socially. He spends long stretches of time isolated in his rented room, struggling to move forward with his work and make social in-roads.  Enter Anna (Sophia Takal), a young woman renting a room with an adjoining wall to Josh. After discovering each other through this shared wall, a friendship quickly blossoms which may lead to something more. What remains uncertain is if Anna’s presence will help pull Josh out of his doldrums.",
    "genres" : [ ]
  }, {
    "id" : 128535,
    "title" : "Very British - Mit Stil, Charme und Eigensinn",
    "overview" : "",
    "genres" : [ ]
  }, {
    "id" : 128540,
    "title" : "The Encounter: Paradise Lost",
    "overview" : "Seven years after the world's most devastating tsunami in Thailand six strangers find themselves trapped in a beach side resort on the brink of an oncoming hurricane. Each of their hearts are broken and silently cry out on the most desperate night of their lives. As the storm rages on and the six strangers fall deeper into the heart of darkness another guest arrives at the hotel. He says he is Jesus Christ, and he knows what each of them suffers from. Knowing their dire need, he came to bring them all a message of hope and rescue them from the darkest corners of their own hearts.",
    "genres" : [ {
      "id" : 18,
      "name" : "Drama"
    }, {
      "id" : 10751,
      "name" : "Family"
    } ]
  }, {
    "id" : 128545,
    "title" : "Busquenlo Y Matenlo",
    "overview" : "",
    "genres" : [ ]
  }, {
    "id" : 128555,
    "title" : "The Rebel",
    "overview" : "\"Poliziotti solitudine e rabbia\" or \"Ein Mann namens Venedig\" (A Man called Venice), as it was called in Germany, is an Italian-German crime drama co-production from 1979, filmed mainly in the snowy winter of bleak West-Berlin. Italian cop Nick, played by gangster movie veteran Maurizio Merli, goes to Berlin to find the head of an International European blackmailing gang who has murdered several people. He investigates undercover as a contract killer for the gangsters, but of course becomes immediately the target of his enemies and has to fight hard to save his life...",
    "genres" : [ ]
  }, {
    "id" : 128560,
    "title" : "Misery Harbour",
    "overview" : "A young writer named Espen Arnakke tells the story of his escape from the small Danish town of Jante. Espen boards a ship headed to Newfoundland, but the harsh conditions on board makes him jump ship, and he ends up in the little town of Misery Harbour. There he meets the girl of his dreams. But his passion shifts to jealousy when one of the men from the ship mysteriously appears in town, and sets out to make Espen's life a misery",
    "genres" : [ {
      "id" : 18,
      "name" : "Drama"
    } ]
  }, {
    "id" : 128565,
    "title" : "WWE: 50 Greatest Finishing Moves in WWE History",
    "overview" : "The 50 Greatest Finishing Moves in WWE History.",
    "genres" : [ ]
  }, {
    "id" : 128570,
    "title" : "Yes Acoustic: Guaranteed No Hiss",
    "overview" : "",
    "genres" : [ ]
  }, {
    "id" : 128595,
    "title" : "Chains",
    "overview" : "Catene is a 1974 Italian melodramatic film directed by Silvio Amadio. The film is the re-make of the 1949 top grossing film with the same title by Raffaello Matarazzo. It was a commercial failure, grossing about 60 million lire.",
    "genres" : [ ]
  }, {
    "id" : 128600,
    "title" : "The God of Day Had Gone Down Upon Him",
    "overview" : "This film of single-strand photography begins with the \"fire\" of reflective light on water and on the barest inferences of a ship. Throughout, the interwoven play of light and water tell the inferred \"tale\" of the film through rhythm, the tempo, through visible textures and forms in gradual evolution, through resultant \"moods\" generated by these modes of making, and, then, by the increasingly distant boat images, birds, animals, fleeting silhouettes of people and their artifacts, flotsam and jetsam of the sea-dead, as well as (near end, and almost as at a funeral) flowers in bloom, swallowed by darkness midst the crumbling of the sand castles.",
    "genres" : [ ]
  }, {
    "id" : 128605,
    "title" : "Nido de alacranes",
    "overview" : "",
    "genres" : [ ]
  }, {
    "id" : 128610,
    "title" : "Duro y parejo en la casita de pecado",
    "overview" : "",
    "genres" : [ ]
  }, {
    "id" : 128615,
    "title" : "The Tequila Effect",
    "overview" : "A story of love of money and power. A story of courage and bravery. It is the life of José Fierro, a man who faces the consequences of his acts when he decides to go all out; of his wife Ana Luisa, who wants to experience love and eroticism beyond what is permitted. A brave movie that reflects the best and the worst of humans, but is also a tragicomedy (as is life), full of humor, hope and self-sacrifice: the reflection of a country undergoing a permanent financial crisis, produced by the Tequila effect, but which has the virtue of not letting itself be defeated.",
    "genres" : [ ]
  }, {
    "id" : 128625,
    "title" : "Rudyland",
    "overview" : "",
    "genres" : [ {
      "id" : 99,
      "name" : "Documentary"
    } ]
  }, {
    "id" : 128630,
    "title" : "The Real Howard Spitz",
    "overview" : "Howard Spitz is a cranky, has-been detective novelist out of money and out of luck - until he meets eight-year-old Samantha, who convinces him he has what it takes to write children's books.",
    "genres" : [ {
      "id" : 35,
      "name" : "Comedy"
    } ]
  }, {
    "id" : 128635,
    "title" : "Too White for Me",
    "overview" : "",
    "genres" : [ ]
  }, {
    "id" : 128640,
    "title" : "At Home with the Webbers",
    "overview" : "AT HOME WITH THE WEBBERS explores what happens when a typical American family is turned into a hot, new, totally uncensored TV show. Viewers get hooked on the real-life soap, while the Webbers grapple with their unexpected fame.",
    "genres" : [ {
      "id" : 35,
      "name" : "Comedy"
    } ]
  }, {
    "id" : 128645,
    "title" : "Tracks of a Killer",
    "overview" : "Business mogul David Hawkner and his wife are enjoying a quiet vacation by themselves at their isolated retreat. The serenity is broken when they become the targets of a handsome, crazed killer.",
    "genres" : [ ]
  }, {
    "id" : 128655,
    "title" : "Ghostquake (Haunted High)",
    "overview" : "A group of students is trapped at school after a time capsule from the 1950's is cracked open by an earthquake. The students soon realize that ghostly spirits escaped from the time capsule, and possessed the principal and three other teachers.",
    "genres" : [ {
      "id" : 27,
      "name" : "Horror"
    } ]
  }, {
    "id" : 128675,
    "title" : "Prison Train",
    "overview" : "Gangsters plan an assassination of a rival while he rides the train carrying him to prison.",
    "genres" : [ {
      "id" : 18,
      "name" : "Drama"
    }, {
      "id" : 80,
      "name" : "Crime"
    } ]
  }, {
    "id" : 128680,
    "title" : "Cheap Trick - Silver",
    "overview" : "Filmed in the late summer of 1999, Cheap Trick: Silver is a 25th anniversary celebration of the Rockford, Illinois, band famous for marrying British Invasion-era pop hooks with the guitar crunch of the Who's Quadrophenia period. Shot on a sealed-off, Rockford street, the concert is an electrifying overview of high points from the group's discography. The songs plucked from each of their albums reveal a remarkable power-pop consistency over the long haul, despite the band's lengthy periods of commercial rejection and bare survival. Visibly thrilled, Cheap Trick soar here through monster hits (\"I Want You to Want Me,\" \"Dream Police\") and milk every drop of emotion from masterful ballads (\"I Can't Take It\"). While stellar guests include Slash and Billy Corgan, it's the appearances by less famous folk (the Rockford Symphony Orchestra, a few offspring of guitarist Rick Nielsen and singer Robin Zander) that movingly underscore the populist glories of this American band.",
    "genres" : [ {
      "id" : 10402,
      "name" : "Music"
    } ]
  }, {
    "id" : 128700,
    "title" : "Broadway by Light",
    "overview" : "Neon lights on Broadway during the night.",
    "genres" : [ {
      "id" : 99,
      "name" : "Documentary"
    } ]
  }, {
    "id" : 128705,
    "title" : "The Dawning Sky",
    "overview" : "A melodrama about an orphan and her mother who are separated and lose contact, but are later reunited.",
    "genres" : [ ]
  }, {
    "id" : 128710,
    "title" : "Far from the Madding Crowd",
    "overview" : "This powerful adaptation of Thomas Hardy's classic novel spins a story of passion and destruction set in the nineteenth century. The proud, flighty and bewitching Bathsheba Everdene finds herself entangled into the passions of three men and her impulsive nature pushes her into a web of deceit and destruction.",
    "genres" : [ {
      "id" : 18,
      "name" : "Drama"
    }, {
      "id" : 10749,
      "name" : "Romance"
    }, {
      "id" : 10770,
      "name" : "TV Movie"
    } ]
  }, {
    "id" : 128715,
    "title" : "Sleepy Eyes of Death 7: The Mask of the Princess",
    "overview" : "The masked daughter of the Shogun wants to kill a samurai who has seen her scarred face.  She sends waves of ninja warriors to kill the samurai and plots diabolical schemes / ambushes without much success.",
    "genres" : [ ]
  }, {
    "id" : 128720,
    "title" : "Café Bar",
    "overview" : "A man and a woman converse at a cafe's bar in this animated short.",
    "genres" : [ ]
  }, {
    "id" : 128725,
    "title" : "Salt of the Earth: A Bigger Bang Tour Documentary",
    "overview" : "\"Salt of the Earth: A Bigger Bang Tour Documentary\"  Bonus songs  \"Get Up, Stand Up\"  \"Mr. Pitiful\"  Bonus features  \"If It Ain't Got That Swing\" featuring Charlie Watts  \"Hurricane\" featuring Keith Richards  \"Outlets of Emotion\" featuring Ron Wood  \"Busking\" featuring Mick Jagger",
    "genres" : [ {
      "id" : 10402,
      "name" : "Music"
    } ]
  }, {
    "id" : 128730,
    "title" : "Careless Love",
    "overview" : "A woman will do anything to keep her new man.",
    "genres" : [ ]
  }, {
    "id" : 128735,
    "title" : "Before the Nickelodeon: The Cinema of Edwin S. Porter",
    "overview" : "A documentary overview of silent cinema pioneer Edwin S. Porter.",
    "genres" : [ {
      "id" : 99,
      "name" : "Documentary"
    } ]
  }, {
    "id" : 128745,
    "title" : "Depth Solitude",
    "overview" : "A philosophical swimming pool attendant lives his life at the bottom of a pool. (stockholmfilmfestival.se)",
    "genres" : [ {
      "id" : 14,
      "name" : "Fantasy"
    }, {
      "id" : 18,
      "name" : "Drama"
    } ]
  }, {
    "id" : 128765,
    "title" : "Tord and Tord",
    "overview" : "One day Tord accidentally walks in to the apartment next to his own. Another person named Tord lives there, he has just moved in. Tord and Tord start to spend time with each other.",
    "genres" : [ ]
  }, {
    "id" : 128770,
    "title" : "Deathquake",
    "overview" : "A large earthquake hits Tokyo, which was predicted by a seismologist but was ignored.",
    "genres" : [ {
      "id" : 28,
      "name" : "Action"
    }, {
      "id" : 878,
      "name" : "Science Fiction"
    }, {
      "id" : 18,
      "name" : "Drama"
    } ]
  }, {
    "id" : 128775,
    "title" : "The Sting of Death",
    "overview" : "Miho and Toshio, putting their children and household at stake, duel for control in their degrading, middle-aged marriage.",
    "genres" : [ {
      "id" : 18,
      "name" : "Drama"
    } ]
  }, {
    "id" : 128780,
    "title" : "The Christmas That Almost Wasn't",
    "overview" : "Sam Whipple, an attorney in once-upon-a-time-land, is startled to receive a visit from Santa Claus shortly before Christmas. It seems that when he was a child, Sam wrote a letter thanking Santa for the presents he'd received, and offering to return the favor someday. That day is now - a mean old soul named Phineas Prune, who holds the deed to the North Pole, is demanding back rent. Otherwise, he's going to evict Santa, Mrs. Claus and the elves and take all the Christmas toys. It's up to Sam and Santa to find a way to pay off Prune and prevent Christmas from being canceled.",
    "genres" : [ {
      "id" : 14,
      "name" : "Fantasy"
    }, {
      "id" : 10751,
      "name" : "Family"
    } ]
  }, {
    "id" : 128785,
    "title" : "Calendar Girl, Cop, Killer? The Bambi Bembenek Story",
    "overview" : "Story of attractive cop Laurencia Bembenek, who, in 1982, was sentenced to prison for killing her husband's ex-wife in Milwaukee, WI.",
    "genres" : [ ]
  }, {
    "id" : 128795,
    "title" : "Fatal Bond",
    "overview" : "A young woman takes off with a charming stranger in Australia, then begins to think he's a killer.",
    "genres" : [ {
      "id" : 53,
      "name" : "Thriller"
    }, {
      "id" : 18,
      "name" : "Drama"
    } ]
  }, {
    "id" : 128800,
    "title" : "Nightmares in Precinct 7",
    "overview" : "After a failed operation that leaves several cops dead or wounded Officer Fong Jing wakes up at the hospital and discovers that he can see ghosts.",
    "genres" : [ {
      "id" : 80,
      "name" : "Crime"
    }, {
      "id" : 27,
      "name" : "Horror"
    }, {
      "id" : 9648,
      "name" : "Mystery"
    }, {
      "id" : 53,
      "name" : "Thriller"
    }, {
      "id" : 10769,
      "name" : "Foreign"
    } ]
  }, {
    "id" : 128815,
    "title" : "USA: Rape and Revenge",
    "overview" : "John White, accounting for a large crime boss named Mancini is arrested and pressured by the prosecution to testify against Mancini before the grand jury, so it can be processed by one of his many crimes. Mafia boss knows that his book is a man of weak character who is likely to betray him, so he instructs one of his trusted men to do what it takes to make incriminating White not before the jury. Then decide to use such a Lan Moore, a sadistic sexual psychopath, to kidnap the wife of John White.",
    "genres" : [ ]
  }, {
    "id" : 128820,
    "title" : "Play Dead",
    "overview" : "A zombie apocalypse unites a ragtag pack of dogs in the ruined streets of Miami. Immune to the epidemic, they must stick together to survive in the midst of ferocious undead and human survivors. Sit. Stay. Play dead.",
    "genres" : [ ]
  }, {
    "id" : 128825,
    "title" : "Start Cheering",
    "overview" : "Snappy collegiate musical about rugged movie star Starrett going back to school, with cohorts Connolly and Durante tagging along.",
    "genres" : [ {
      "id" : 35,
      "name" : "Comedy"
    } ]
  } ]
}