{
  "movies" : [ {
    "id" : 33825,
    "title" : "Road Rage II - In Speed We Trust",
    "overview" : "No overview found.",
    "genres" : [ ]
  }, {
    "id" : 33840,
    "title" : "Yesterday Once More",
    "overview" : "Mr. and Mrs. To are wealthy, creative jewel thieves who divorce for no apparent reason after a successful diamond heist. A year later, she's engaged to the son of a rich woman who begrudgingly lets her son give his fiancée a family heirloom after she signs a pre-nup.",
    "genres" : [ {
      "id" : 28,
      "name" : "Action"
    }, {
      "id" : 35,
      "name" : "Comedy"
    }, {
      "id" : 18,
      "name" : "Drama"
    }, {
      "id" : 10769,
      "name" : "Foreign"
    }, {
      "id" : 10749,
      "name" : "Romance"
    } ]
  }, {
    "id" : 33860,
    "title" : "Hans Teeuwen: Trui",
    "overview" : "",
    "genres" : [ {
      "id" : 35,
      "name" : "Comedy"
    } ]
  }, {
    "id" : 33870,
    "title" : "Mao's Last Dancer",
    "overview" : "At the age of 11, Li was plucked from a poor Chinese village by Madame Mao's cultural delegates and taken to Beijing to study ballet. In 1979, during a cultural exchange to Texas, he fell in love with an American woman. Two years later, he managed to defect and went on to perform as a principal dancer for the Houston Ballet and as a principal artist with the Australian Ballet.",
    "genres" : [ {
      "id" : 18,
      "name" : "Drama"
    }, {
      "id" : 10749,
      "name" : "Romance"
    } ]
  }, {
    "id" : 33875,
    "title" : "Pokémon Heroes: Latios and Latias",
    "overview" : "Ash, Pikachu and his friends try and stop a pair of thieves hiding out in the canals and alleyways of Alto Mare, the age-old water capital. Joining the adventure are two new legendary Pokémon, a pair of siblings named Latias and Latios, who serve as peacekeepers and protectors of the Soul Dew - a priceless treasure with a mysterious power.",
    "genres" : [ {
      "id" : 28,
      "name" : "Action"
    }, {
      "id" : 12,
      "name" : "Adventure"
    }, {
      "id" : 16,
      "name" : "Animation"
    }, {
      "id" : 14,
      "name" : "Fantasy"
    } ]
  }, {
    "id" : 33910,
    "title" : "Bad Brains",
    "overview" : "Davide and his fiancée Alice aren't two simple serial killers. They are looking for something inside the bodies of their victims...",
    "genres" : [ {
      "id" : 53,
      "name" : "Thriller"
    }, {
      "id" : 27,
      "name" : "Horror"
    } ]
  }, {
    "id" : 33920,
    "title" : "Mamma Moo & Crow",
    "overview" : "",
    "genres" : [ {
      "id" : 10751,
      "name" : "Family"
    } ]
  }, {
    "id" : 33935,
    "title" : "The Goldcabbage Family Breaks the Bank",
    "overview" : "No overview found.",
    "genres" : [ {
      "id" : 35,
      "name" : "Comedy"
    }, {
      "id" : 80,
      "name" : "Crime"
    }, {
      "id" : 10751,
      "name" : "Family"
    } ]
  }, {
    "id" : 33940,
    "title" : "Girls at Arms",
    "overview" : "",
    "genres" : [ {
      "id" : 35,
      "name" : "Comedy"
    } ]
  }, {
    "id" : 33945,
    "title" : "Soldaterkammerater på bjørnetjeneste",
    "overview" : "Danish comedy film directed by Carl Ottosen and starring Preben Kaas.",
    "genres" : [ {
      "id" : 35,
      "name" : "Comedy"
    } ]
  }, {
    "id" : 33985,
    "title" : "Within Temptation: The Silent Force Tour",
    "overview" : "Within Temptation's tour DVD in support of their album, \"The Silent Force.\" The Silent Force Tour is a double DVD which was released on November 18, 2005. In addition to the standard double DVD release, the deluxe edition includes a bonus CD. The main concert features the band playing at the Java-eiland, Amsterdam. Three songs that were performed at the concert were not included on the release (\"Somewhere\", \"Enter\" and \"Running Up that Hill\"). The song \"World of Make Believe\" was also scheduled to be played, but keyboardist Martijn Spierenburg felt \"unprepared\" to play this song live.  Live concert at the Java Island, Amsterdam,live videos from two European summer festivals (Helsinki, Finland, 2005 and Rock Werchter, Belgium, 2005) and the three music videos of off the album The Silent Force (\"Stand My Ground\", \"Memories\" and \"Angels\"). Disc 2 consists of Backstage footage, making of documentaries, Impressions and Interviews and extras.",
    "genres" : [ {
      "id" : 99,
      "name" : "Documentary"
    }, {
      "id" : 10402,
      "name" : "Music"
    } ]
  }, {
    "id" : 33990,
    "title" : "Little Witches",
    "overview" : "Six misfit schoolgirls at an all-girl Catholic high school, left alone at the school for Easter week, get mixed up with the occult and witchcraft after an old Satanic temple is found underneath the church where they attend as well as an old book of black magic spells for conjuring up an ancient demon from the pits of Hell. Janie, the most characteristic and cruelest of the girls, takes charge of the group and plots to resurrect the demon using a series of black arts spells, while one innocent girl, Faith, has a change of heart and tries to stop them from completing their spell which also includes a human sacrifice.",
    "genres" : [ {
      "id" : 18,
      "name" : "Drama"
    }, {
      "id" : 27,
      "name" : "Horror"
    } ]
  }, {
    "id" : 34000,
    "title" : "The Million Pound Note",
    "overview" : "An impoverished American sailor is fortunate enough to be passing the house of two rich gentlemen who have conceived the crazy idea of distributing a note worth one million pounds. The sailor finds that whenever he tries to use the note to buy something, people treat him like a king and let him have whatever he likes for free. Ultimately, the money proves to be more troublesome than it is worth when it almost costs him his dignity and the woman he loves.",
    "genres" : [ {
      "id" : 35,
      "name" : "Comedy"
    }, {
      "id" : 10749,
      "name" : "Romance"
    } ]
  }, {
    "id" : 34005,
    "title" : "The Art of Losing",
    "overview" : "A body is discovered impaled on a stake near a scenic lake near Bogota. A journalist try to find what happened. With a friend, they set about to find the cause of the crime and uncover an intricate real estate fraud involving corrupt politicians, emerald hunters, nudists... Written by Lyse Lefebvre",
    "genres" : [ {
      "id" : 12,
      "name" : "Adventure"
    }, {
      "id" : 28,
      "name" : "Action"
    }, {
      "id" : 53,
      "name" : "Thriller"
    }, {
      "id" : 80,
      "name" : "Crime"
    }, {
      "id" : 10769,
      "name" : "Foreign"
    } ]
  }, {
    "id" : 34015,
    "title" : "We Live in Public",
    "overview" : "A documentary focusing on the life of dot-com entrepreneur Josh Harris, and his exploits over the last decade.",
    "genres" : [ {
      "id" : 99,
      "name" : "Documentary"
    } ]
  }, {
    "id" : 34025,
    "title" : "Kisses",
    "overview" : "Two kids, Dylan and Kylie, run away from home at Christmas and spend a night of magic and terror on the streets of inner-city Dublin.",
    "genres" : [ {
      "id" : 18,
      "name" : "Drama"
    }, {
      "id" : 10769,
      "name" : "Foreign"
    } ]
  }, {
    "id" : 34035,
    "title" : "Here Is What Is",
    "overview" : "A behind-the-scenes look at Grammy-winning Canadian composer and record producer Daniel Lanois.",
    "genres" : [ {
      "id" : 99,
      "name" : "Documentary"
    }, {
      "id" : 10402,
      "name" : "Music"
    } ]
  }, {
    "id" : 34040,
    "title" : "Eye for eye",
    "overview" : "Sung-chan is a top detective of the special crime squad. He is notorious for punishing the opponent who hurts his pride. When Hyun-min impersonates as Sung-chan and robs a cash transport car under the daylight, and seizes $10 billion worth of smuggled gold right before the cop’s eyes, Sung-chan is outraged. He cannot let this criminal slip through. Sung-chan goes after Hyun-min like a wild beast going after its prey, but Hyun-min cunningly threads through the investigation, even leaving traces in the crime scenes on purpose to allure and provoke Sung-chan.",
    "genres" : [ {
      "id" : 18,
      "name" : "Drama"
    } ]
  }, {
    "id" : 34045,
    "title" : "One Day in September",
    "overview" : "The full story of the 1972 Munich Olympics Massacre and the Israeli revenge operation 'Wrath of God.' The 1972 Munich Olympics were interrupted by Palestinian terrorists taking Israeli athletes hostage. Besides footage taken at the time, we see interviews with the surviving terrorist, Jamal Al Gashey, and various officials detailing exactly how the police, lacking an anti-terrorist squad and turning down help from the Israelis, botched the operation",
    "genres" : [ {
      "id" : 99,
      "name" : "Documentary"
    } ]
  }, {
    "id" : 34050,
    "title" : "Macaframa",
    "overview" : "San Francisco's dramatic skyline, steep streets and dynamic atmosphere all co-star in this carefully crafted portrait of an independent, free-spirited group of bike riders doing what they love in the City by the Bay.",
    "genres" : [ {
      "id" : 99,
      "name" : "Documentary"
    } ]
  }, {
    "id" : 34060,
    "title" : "Way of Youth",
    "overview" : "This movie is a Marcel Aymé adaptation and it deals with the not-so-glorious side of the Occupation: black market, war profiteers, cracking open bottles of Champagne while most of the Parisians are almost starving.",
    "genres" : [ {
      "id" : 18,
      "name" : "Drama"
    } ]
  }, {
    "id" : 34065,
    "title" : "Pokémon: Destiny Deoxys",
    "overview" : "A comet bearing a deadly Pokemon creature crash-lands onto Earth, terrorising a nearby high-tech city, where Ash, Pikachu and friends are currently visiting...",
    "genres" : [ {
      "id" : 12,
      "name" : "Adventure"
    }, {
      "id" : 16,
      "name" : "Animation"
    }, {
      "id" : 10751,
      "name" : "Family"
    }, {
      "id" : 14,
      "name" : "Fantasy"
    } ]
  }, {
    "id" : 34070,
    "title" : "Songs from the Second Floor",
    "overview" : "A film poem inspired by the Peruvian poet César Vallejo. A story about our need for love, our confusion, greatness and smallness and, most of all, our vulnerability. It is a story with many characters, among them a father and his mistress, his youngest son and his girlfriend. It is a film about big lies, abandonment and the eternal longing for companionship and confirmation.",
    "genres" : [ {
      "id" : 18,
      "name" : "Drama"
    }, {
      "id" : 35,
      "name" : "Comedy"
    } ]
  }, {
    "id" : 34075,
    "title" : "Beyond Witch Mountain",
    "overview" : "Made for TV movie and third Witch Mountain installment of the continuing exploits of the alien kids Tony and Tia. After news of the boy's amazing abilities surfaces Tony and Tia are sent to go find him knowing that the boy must be from their world. They are joined by an old friend Jason O'Day and a black cat named Winky. Together they race to find the boy before their old nemesis Aristotle Bolt does. Written by ElvenSprite",
    "genres" : [ ]
  }, {
    "id" : 34090,
    "title" : "Siberia",
    "overview" : "Goof and Hugo are flatmates in Amsterdam who have made a tidy sum from having sex with tourists, then robbing them. Their goal is to spend the money together on a world trip and their scam is going well until they meet Lara, originally from Siberia, whom Goof becomes besotted with (IMDB)",
    "genres" : [ {
      "id" : 18,
      "name" : "Drama"
    }, {
      "id" : 80,
      "name" : "Crime"
    }, {
      "id" : 10749,
      "name" : "Romance"
    }, {
      "id" : 10769,
      "name" : "Foreign"
    } ]
  }, {
    "id" : 34095,
    "title" : "Sprout",
    "overview" : "The modus operandi of the Sprout is to show the surfing culture how truly lucky we are to live in the lush life of the ocean experience, and emphasize all the diverse possibilities we have in accessing this fountain of youth. Riding eggs, fishes, traditional sytle longboards and the modern shorty. Every wave is a new possiblity. Shot entirely on 16mm film.",
    "genres" : [ {
      "id" : 28,
      "name" : "Action"
    }, {
      "id" : 12,
      "name" : "Adventure"
    }, {
      "id" : 35,
      "name" : "Comedy"
    }, {
      "id" : 99,
      "name" : "Documentary"
    }, {
      "id" : 18,
      "name" : "Drama"
    } ]
  }, {
    "id" : 34100,
    "title" : "Zen Noir",
    "overview" : "No overview found.",
    "genres" : [ ]
  }, {
    "id" : 34125,
    "title" : "Vampire Journals",
    "overview" : "A 19th century vampire stalks a more powerful vampire lord in his quest to gain revenge over the death of his mistress. In his search for the vampire lord in Eastern Europe he kills many of his servants and fellow vampires while cursing another to vampirism as well.",
    "genres" : [ {
      "id" : 27,
      "name" : "Horror"
    }, {
      "id" : 53,
      "name" : "Thriller"
    } ]
  }, {
    "id" : 34130,
    "title" : "Goin' South",
    "overview" : "Henry Moon is captured for a capital offense by a posse when his horse quits while trying to escape to Mexico. He finds that there is a post-Civil War law in the small town that any single or widowed woman can save him from the gallows by marrying him.",
    "genres" : [ {
      "id" : 35,
      "name" : "Comedy"
    }, {
      "id" : 37,
      "name" : "Western"
    } ]
  }, {
    "id" : 34145,
    "title" : "The Big Risk",
    "overview" : "On crowded Milan streets, two men execute a split-second payroll heist-in broad daylight-then begin a lightning-paced getaway, via every conveyance available. But after all, when a tough guy's returning to France (where he's been sentenced to death in absentia) after holing up in Italy for nearly a decade, he's got to have some startup money--particularly if he's going back with the wife and kids.",
    "genres" : [ {
      "id" : 80,
      "name" : "Crime"
    }, {
      "id" : 53,
      "name" : "Thriller"
    }, {
      "id" : 10749,
      "name" : "Romance"
    } ]
  }, {
    "id" : 34155,
    "title" : "Carnera: The Walking Mountain",
    "overview" : "The life of Primo Carnera a.k.a. \"Ambling Alp\", Italian professional boxer and the World Heavyweight Champion from June 1933 to June 1934, but also accused by some of having ties to the mob.",
    "genres" : [ {
      "id" : 18,
      "name" : "Drama"
    } ]
  }, {
    "id" : 34170,
    "title" : "Larger Than Life",
    "overview" : "Motivational Speaker Jack Corcoran is determined to get his career off the ground, but the biggest gigs he can get are the ones nobody wants. Then one day, he receives a telegram that his circus clown father has passed away, and has left a \"huge\" inheritance. When he gets there, he finds that his inheritance has come in the form of an elephant that was his father's pride and joy in circus acts. His main intention is to sell the pachyderm off. Jack must choose between loud and rude zookeeper Mo or attractive animal show owner Terry. As the two treks through the country Jack and the elephant develop a bond, and it changes his approach on life for the better.",
    "genres" : [ {
      "id" : 10751,
      "name" : "Family"
    }, {
      "id" : 35,
      "name" : "Comedy"
    } ]
  }, {
    "id" : 34175,
    "title" : "Hard Pill",
    "overview" : "A despondent gay man throws his life and relationships into turmoil when he volunteers for a controversial pharmaceutical study for a drug designed to make gay men straight.",
    "genres" : [ {
      "id" : 18,
      "name" : "Drama"
    } ]
  }, {
    "id" : 34180,
    "title" : "Aussie and Ted's Great Adventure",
    "overview" : "Aussie, a lovable Australian mutt, embarks on a mission to return his young owner's missing Teddy Bear.",
    "genres" : [ {
      "id" : 18,
      "name" : "Drama"
    }, {
      "id" : 10751,
      "name" : "Family"
    } ]
  }, {
    "id" : 34190,
    "title" : "Surprise!",
    "overview" : "",
    "genres" : [ {
      "id" : 35,
      "name" : "Comedy"
    }, {
      "id" : 18,
      "name" : "Drama"
    } ]
  }, {
    "id" : 34195,
    "title" : "The Dead Outside",
    "overview" : "A neurological pandemic has consumed the population. Drug-resistance has mutated the virus into a ravaging psychological plague, rendering the 'the dying' desperate, paranoid and violent",
    "genres" : [ {
      "id" : 10769,
      "name" : "Foreign"
    }, {
      "id" : 27,
      "name" : "Horror"
    }, {
      "id" : 53,
      "name" : "Thriller"
    } ]
  }, {
    "id" : 34205,
    "title" : "Halloweentown II: Kalabar's Revenge",
    "overview" : "The Cromwell clan live in the real world, except for their grandmother who lives in Halloweentown, a place where monsters go to escape reality. But now the son of the Cromwells' old enemy Kalabar has a plan to use the grandmother's book to turn Halloweentown into a grey dreary version of the real world, while transform the denizens of the real world into monsters.",
    "genres" : [ {
      "id" : 12,
      "name" : "Adventure"
    }, {
      "id" : 10751,
      "name" : "Family"
    }, {
      "id" : 14,
      "name" : "Fantasy"
    }, {
      "id" : 10770,
      "name" : "TV Movie"
    } ]
  }, {
    "id" : 34210,
    "title" : "Twelve in a Box",
    "overview" : "At a school reunion dinner in a remote country mansion, a dozen people are offered the chance to collect a million pounds each if they can stay on the estate, cut off from the outside world, for 96 hours.",
    "genres" : [ {
      "id" : 35,
      "name" : "Comedy"
    }, {
      "id" : 53,
      "name" : "Thriller"
    } ]
  }, {
    "id" : 34220,
    "title" : "The Purple Sea",
    "overview" : "Nothing - not her father, not the church - can stop unruly Angela from being with her childhood best friend turned great love, Sara. Based on a true story, Viola di Mare, presents a uniquely engaging portrait of family, community and gender roles in a 19th century Italian village.",
    "genres" : [ {
      "id" : 18,
      "name" : "Drama"
    }, {
      "id" : 36,
      "name" : "History"
    } ]
  }, {
    "id" : 34275,
    "title" : "All Hell Broke Loose",
    "overview" : "After serving his county in the Civil War as a skilled sharpshooter, Will Drayton moved West in search of employment using his shooting skills. He ends up with the wrong type of people as a deadly assassin.",
    "genres" : [ {
      "id" : 28,
      "name" : "Action"
    }, {
      "id" : 37,
      "name" : "Western"
    } ]
  }, {
    "id" : 34280,
    "title" : "L'aventure c'est l'aventure",
    "overview" : "When they realize the times are changing, five crooks decide to switch from bank robberies to personality abductions.",
    "genres" : [ {
      "id" : 12,
      "name" : "Adventure"
    }, {
      "id" : 35,
      "name" : "Comedy"
    } ]
  }, {
    "id" : 34295,
    "title" : "Inuyasha the Movie 3: Swords of an Honorable Ruler",
    "overview" : "Inuyasha and his brother, Sesshomaru, each inherited a sword from their father after his death. However, their father had a third sword, named Sounga, that he sealed away. Seven hundreds years after his death, Sounga awakens and threatens mankind's very existence. How will the children of the Great Dog Demon stop this unimaginable power?",
    "genres" : [ {
      "id" : 878,
      "name" : "Science Fiction"
    }, {
      "id" : 16,
      "name" : "Animation"
    }, {
      "id" : 14,
      "name" : "Fantasy"
    } ]
  }, {
    "id" : 34300,
    "title" : "Ernest Rides Again",
    "overview" : "Buffoonish Ernest and his dimwitted pal Abner unearth a huge cannon reputed to contain the crown jewels of England.",
    "genres" : [ {
      "id" : 35,
      "name" : "Comedy"
    }, {
      "id" : 10751,
      "name" : "Family"
    } ]
  }, {
    "id" : 34305,
    "title" : "Going Greek",
    "overview" : "Loner freshman Jake Taylor is forced to join the wildest fraternity on campus when the frat brothers refuse to accept his geeky cousin/roommate unless Jake agrees to pledge with him. As the semester progresses, Jake struggles to maintain his grades as well as his affair with Paige, a beautiful sophomore who hates all fraternities. Through naked scavenger hunts, sorority ass-signings and all night",
    "genres" : [ {
      "id" : 35,
      "name" : "Comedy"
    }, {
      "id" : 18,
      "name" : "Drama"
    } ]
  }, {
    "id" : 34320,
    "title" : "7 Days",
    "overview" : "Claudio Caballero decides to gamble $500,000 dollars in a desperate attempt to raise the cash necessary to bring the world's biggest band (U2) to Mexico.",
    "genres" : [ {
      "id" : 35,
      "name" : "Comedy"
    }, {
      "id" : 10769,
      "name" : "Foreign"
    } ]
  }, {
    "id" : 34325,
    "title" : "Dead Kennedys: The Early Years",
    "overview" : "An overview of the early years--late 1970s, early 1980s--of San Francisco punk band Dead Kennedys, with clips from some of their live concerts and footage of landmark San Francisco locations of the punk music scene. Jello Biafra and The Dead Kennedys show why they're the kings of satire in 9 live early performances.",
    "genres" : [ {
      "id" : 10402,
      "name" : "Music"
    } ]
  }, {
    "id" : 34330,
    "title" : "The Howlin' Wolf Story: The Secret History of Rock & Roll",
    "overview" : "Arguably second only to Muddy Waters among the Mississippi Delta singers who traveled north and pioneered urban electric blues (their supposed rivalry is the subject of one of this DVD's bonus features), Wolf was a big, imposing man with an inimitable, booming voice and a lasting influence on generations of rock &amp; rollers--all of which comes across in the 90-minute film.",
    "genres" : [ {
      "id" : 99,
      "name" : "Documentary"
    }, {
      "id" : 10402,
      "name" : "Music"
    } ]
  }, {
    "id" : 34335,
    "title" : "Nine Dead",
    "overview" : "Communication is the key to the survival for nine strangers who have been kidnapped by a masked gunman and told that one of them will die every ten minutes until they discover how they are all connected. Who of the nine lives and who dies?",
    "genres" : [ {
      "id" : 80,
      "name" : "Crime"
    }, {
      "id" : 18,
      "name" : "Drama"
    }, {
      "id" : 27,
      "name" : "Horror"
    }, {
      "id" : 9648,
      "name" : "Mystery"
    } ]
  }, {
    "id" : 34340,
    "title" : "American Eagle",
    "overview" : "No overview found.",
    "genres" : [ {
      "id" : 28,
      "name" : "Action"
    } ]
  }, {
    "id" : 34370,
    "title" : "Pet Shop Boys : Cubism",
    "overview" : "No overview found.",
    "genres" : [ {
      "id" : 10402,
      "name" : "Music"
    } ]
  }, {
    "id" : 34375,
    "title" : "The Five Star Stories",
    "overview" : "\"The Five Star Stories\" is a well created Japanese anime film.Among the 5 star systems known as the Joker Systems, there are many kingdoms. There are knights within the kingdoms and these knights who control giant robots, Mortar Heads, are called Headliners. Bound to the knights are fatimas. Human in appearance and mind, the fatimas (mostly female) possess expanded physical capabilities and make it possible for a Headliner to control a Mortar Head. Fatimas cannot reproduce. All this is overseen by Emperor Amaterasu and his Mirage Knights.",
    "genres" : [ {
      "id" : 878,
      "name" : "Science Fiction"
    }, {
      "id" : 28,
      "name" : "Action"
    }, {
      "id" : 16,
      "name" : "Animation"
    }, {
      "id" : 18,
      "name" : "Drama"
    } ]
  }, {
    "id" : 34380,
    "title" : "Instrument: Ten Years with the Band Fugazi",
    "overview" : "Shot from 1987 through 1998 on super 8, 16mm and video, Instrument is composed mainly of footage of concerts, interviews with the band members, practices, tours and time spent in the studio recording their 1995 album, Red Medicine. The film also includes portraits of fans as well as interviews with them at various Fugazi shows around the United States throughout the years.",
    "genres" : [ {
      "id" : 99,
      "name" : "Documentary"
    }, {
      "id" : 10402,
      "name" : "Music"
    } ]
  }, {
    "id" : 34390,
    "title" : "X-Rated Ambition: The Traci Lords Story",
    "overview" : "Documentary on porn star Traci Lords.",
    "genres" : [ {
      "id" : 99,
      "name" : "Documentary"
    } ]
  }, {
    "id" : 34420,
    "title" : "Wrong Rosary",
    "overview" : "Muezzin Musa falls for his neighbor, the Catholic nurse Clara. The story gets even more exceptional when Musa meets Yakup, who turns out to be connected with Clara.",
    "genres" : [ {
      "id" : 18,
      "name" : "Drama"
    } ]
  }, {
    "id" : 34425,
    "title" : "WEC 47: Bowles vs. Cruz",
    "overview" : "On Saturday, March 6, 2010, WEC heads to Columbus, Ohio with a stacked card headlined by a world bantamweight title fight between champion Brian Bowles and number one contender Dominick Cruz. What’s more, WEC’s first trip to Columbus features the return of former bantamweight champion Miguel Angel Torres, as well as the comeback of former UFC® lightweight titleholder Jens Pulver.",
    "genres" : [ ]
  }, {
    "id" : 34440,
    "title" : "Muay Thai Giant",
    "overview" : "Gentle giant Barney Emerald is drugged and robbed while on holiday in Pattaya. He befriends two Thai siblings, one of which is a muay-thai kick-boxing champion, and stays with them until he can recover his passport. Unfortunately the hunt for his passport makes him cross ways with international gangsters. But Barney has found a secret weapon, the very spicy Thai salad \"Somtum\".",
    "genres" : [ {
      "id" : 28,
      "name" : "Action"
    }, {
      "id" : 35,
      "name" : "Comedy"
    }, {
      "id" : 10769,
      "name" : "Foreign"
    } ]
  }, {
    "id" : 34465,
    "title" : "Death Dimension",
    "overview" : "The Pig has a plan to eradicate some people with a freeze bomb that instantly freezes people to death. It is up to Detective Ash to stop him and protect the woman with the secret to the ice bomb embedded in a microdot under the skin of her forehead.",
    "genres" : [ {
      "id" : 28,
      "name" : "Action"
    }, {
      "id" : 12,
      "name" : "Adventure"
    }, {
      "id" : 878,
      "name" : "Science Fiction"
    }, {
      "id" : 53,
      "name" : "Thriller"
    } ]
  }, {
    "id" : 34480,
    "title" : "The Descent: Part 2",
    "overview" : "Distraught, confused, and half-wild with fear, Sarah Carter emerges alone from the Appalachian cave system where she encountered unspeakable terrors. Unable to plausibly explain to the authorities what happened - or why she's covered in her friends' blood - Sarah is forced back to the subterranean depths to help locate her five missing companions.",
    "genres" : [ {
      "id" : 12,
      "name" : "Adventure"
    }, {
      "id" : 27,
      "name" : "Horror"
    }, {
      "id" : 53,
      "name" : "Thriller"
    } ]
  }, {
    "id" : 34490,
    "title" : "The Freddie Mercury Tribute Concert",
    "overview" : "A live concert in tribute to Freddie Mercury, former lead singer of Queen. Mercury died of AIDS and so some of the proceeds of this concert went to AIDS research. Features performers such as Metallica, Def Leppard, Elton John, Axl Rose, Extreme, George Michael, and many others. Performers alternate between doing their own hits, covering Queen songs, or jamming with the surviving members of Queen.",
    "genres" : [ {
      "id" : 99,
      "name" : "Documentary"
    }, {
      "id" : 10402,
      "name" : "Music"
    } ]
  }, {
    "id" : 34500,
    "title" : "Bill Hicks: The Funny Farm",
    "overview" : "No overview found.",
    "genres" : [ {
      "id" : 35,
      "name" : "Comedy"
    } ]
  }, {
    "id" : 34505,
    "title" : "Bill Hicks: Relentless",
    "overview" : "Outspoken and raw, not mincing matters, Bill Hicks tells us that, just like smokers, non-smokers also die every day - with jogging instructor Jim Fixx as an example -, asks women what's so terrible about giving head, talks us through what really happened during the 1990-1991 Gulf War and how the used technology could have also been used to feed the poor of the world.",
    "genres" : [ {
      "id" : 35,
      "name" : "Comedy"
    } ]
  }, {
    "id" : 34510,
    "title" : "George Carlin: George's Best Stuff",
    "overview" : "George's Best Stuff is a compilation of Carlin's legendary routines, including \"A Place For My Stuff,\" \"Dogs and Cats,\" Vitamins,\" \"Baseball and Football,\" \"Losing Things,\" \"Al Sleet the Hippie-Dippie Weather Man,\" the notorious \"Seven Words You Can't Say on Television,\" and many more. A great collection of some of the best standup comedy ever performed.",
    "genres" : [ {
      "id" : 35,
      "name" : "Comedy"
    } ]
  }, {
    "id" : 34515,
    "title" : "Katt Williams: The Pimp Chronicles Pt. 1",
    "overview" : "Comedian Katt Williams (aka Money Mike) showcases his laugh out loud comedic talents in his first ever HBO stand-up comedy DVD taped in front of a live audience. A native of Cincinnati, Ohio, Williams worked his way up the comedy club ladder before landing key television and film roles that displayed his flashy, sassy, streetwise style.",
    "genres" : [ {
      "id" : 35,
      "name" : "Comedy"
    } ]
  }, {
    "id" : 34520,
    "title" : "Outlaw Comic: The Censoring of Bill Hicks",
    "overview" : "A biographical documentary on the late great comedian Bill Hicks and his career; in particular the censorship by Letterman that scarred it.",
    "genres" : [ {
      "id" : 35,
      "name" : "Comedy"
    }, {
      "id" : 99,
      "name" : "Documentary"
    } ]
  }, {
    "id" : 34525,
    "title" : "Spermaharen",
    "overview" : "No overview found.",
    "genres" : [ {
      "id" : 35,
      "name" : "Comedy"
    } ]
  }, {
    "id" : 34530,
    "title" : "The Human Condition III: A Soldier's Prayer",
    "overview" : "The Japanese forces having been shattered, Kaji and some comrades embark on an epic journey on foot southward to where Kaji hopes to rejoin Michiko. After surviving many perils he is captured by the Red Army and subjected to treatment that echoes that meted out to the Chinese.",
    "genres" : [ {
      "id" : 10752,
      "name" : "War"
    }, {
      "id" : 18,
      "name" : "Drama"
    }, {
      "id" : 36,
      "name" : "History"
    } ]
  }, {
    "id" : 34545,
    "title" : "Devils of the Deep: Jumbo Squid",
    "overview" : "In the deep waters of Mexico's Gulf of California, large and ravenous predators are congregating and local fishermen fear them more than sharks.",
    "genres" : [ {
      "id" : 99,
      "name" : "Documentary"
    } ]
  }, {
    "id" : 34560,
    "title" : "Halloweentown High",
    "overview" : "Marnie Piper prepares to begin a new school year, she asks the Halloweentown Hot Witches' Council to work toward openness between Halloweentown and the mortal world. She proposes to bring a group of Halloweentown students to her own high school in the mortal world.",
    "genres" : [ {
      "id" : 12,
      "name" : "Adventure"
    }, {
      "id" : 35,
      "name" : "Comedy"
    }, {
      "id" : 10751,
      "name" : "Family"
    }, {
      "id" : 14,
      "name" : "Fantasy"
    }, {
      "id" : 10770,
      "name" : "TV Movie"
    } ]
  }, {
    "id" : 34585,
    "title" : "Unrivaled",
    "overview" : "On these streets everyone is fighting for a way out, but after a lifetime of hard knocks, a down-on-his-luck cage fighter gets the opportunity of a lifetime when he is chosen to compete against the MMA world champion during a massive competition. The stakes are high and the reward great...but should he lose, it will cost him his life.",
    "genres" : [ {
      "id" : 28,
      "name" : "Action"
    }, {
      "id" : 12,
      "name" : "Adventure"
    }, {
      "id" : 18,
      "name" : "Drama"
    } ]
  }, {
    "id" : 34595,
    "title" : "Alexandra's Project",
    "overview" : "Steve is a man who has it all, a successful career, wonderful children, beautiful home and a loving wife. However, returning to his home after work on his birthday, he finds his house deserted and darkened with almost all the lightbulbs missing, all easy access outside cut off and a videotape waiting for him. Playing that tape, he watches a bizarre and grueling recording in which his wife explains her grievance with him, her reasons for disappearing with the children and her revenge for how he treated her in a way he would never forget.",
    "genres" : [ {
      "id" : 9648,
      "name" : "Mystery"
    }, {
      "id" : 18,
      "name" : "Drama"
    }, {
      "id" : 53,
      "name" : "Thriller"
    } ]
  }, {
    "id" : 34600,
    "title" : "Ernest Goes to Africa",
    "overview" : "The title says it all. There's a mix up involving stolen diamonds which Ernest has (naturally) made into a yo-yo and given to his would be girlfriend, Rene. But Rene wants a man of action, and doesn't think that Ernest fits the bill. After the bad guys come looking for the stolen diamonds and kidnap Rene, all of her fantasies come true as Ernest has to go to Africa to rescue her.",
    "genres" : [ {
      "id" : 35,
      "name" : "Comedy"
    }, {
      "id" : 10751,
      "name" : "Family"
    } ]
  }, {
    "id" : 34615,
    "title" : "Cry, the Beloved Country",
    "overview" : "A South-African preacher goes to search for his wayward son who has committed a crime in the big city.",
    "genres" : [ {
      "id" : 18,
      "name" : "Drama"
    } ]
  }, {
    "id" : 34620,
    "title" : "Beyond the City Limits",
    "overview" : "Three women outsmart unsavory men who try to cheat them out of their take in an almost-botched casino heist.",
    "genres" : [ {
      "id" : 28,
      "name" : "Action"
    }, {
      "id" : 35,
      "name" : "Comedy"
    }, {
      "id" : 53,
      "name" : "Thriller"
    } ]
  }, {
    "id" : 34630,
    "title" : "Hippie Masala - Forever in India",
    "overview" : "In the 1960s and 70s thousands of hippies journeyed east to India in search of enlightenment.Hippie Masala is a fascinating chronicle about flower children who,after fleeing Western civilization,found a new way of life in India.",
    "genres" : [ {
      "id" : 99,
      "name" : "Documentary"
    } ]
  }, {
    "id" : 34640,
    "title" : "Westbrick Murders",
    "overview" : "The town of Westbrick is a rough place to live in. It is here that the young rookie cop Matthew lives with his wife. Meanwhile, notorious serial killers Billy and Barbara embark on a killing spree in order to get notoriety. Matthew gets his first assignment with his much older partner William when he unfortunately crosses paths with Billy and Barbara.",
    "genres" : [ {
      "id" : 27,
      "name" : "Horror"
    }, {
      "id" : 28,
      "name" : "Action"
    }, {
      "id" : 53,
      "name" : "Thriller"
    }, {
      "id" : 10769,
      "name" : "Foreign"
    } ]
  }, {
    "id" : 34645,
    "title" : "Roseanna",
    "overview" : "A young American girl is found dead in Gota Kanal, Swedens largest channel. Since there are hardly any clues or evidence at all it seems as if the murder cant be solved. Martin Beck and his men are assigned to the case. Soon they find a likely suspect and together with a police woman they begin a cat and mouse game to catch him. Plot by Mattias Pettersson.",
    "genres" : [ {
      "id" : 53,
      "name" : "Thriller"
    }, {
      "id" : 80,
      "name" : "Crime"
    } ]
  }, {
    "id" : 34650,
    "title" : "Deadline at Dawn",
    "overview" : "A young Navy sailor has one night to find out why a woman was killed and he ended up with a bag of money after a drinking blackout.",
    "genres" : [ {
      "id" : 53,
      "name" : "Thriller"
    }, {
      "id" : 9648,
      "name" : "Mystery"
    }, {
      "id" : 10749,
      "name" : "Romance"
    } ]
  }, {
    "id" : 34655,
    "title" : "Go West: A Lucky Luke Adventure",
    "overview" : "The Daltons have escaped to New York, where their accumulated loot is hidden in the carts of Monsieur Pierre's group of honest, naive European immigrants, who naively bought land in California from Crook, who inserted a clause they must claim it within 80 days. Joe emotionally blackmails Luke to guide them there, hoping to escape on the way. The usual route must shortened from 6 to 2 months, so no danger can be avoided. Given Lucky's reputation, Crook decides to shadow them to add sabotage, just to be sure- or is it?",
    "genres" : [ {
      "id" : 12,
      "name" : "Adventure"
    }, {
      "id" : 16,
      "name" : "Animation"
    }, {
      "id" : 35,
      "name" : "Comedy"
    }, {
      "id" : 37,
      "name" : "Western"
    } ]
  }, {
    "id" : 34660,
    "title" : "Requiem For Detroit?",
    "overview" : "A look at post-industrial Detroit and its burgeoning urban agricultural movement.",
    "genres" : [ {
      "id" : 99,
      "name" : "Documentary"
    } ]
  }, {
    "id" : 34665,
    "title" : "The Fattest Man in Britain",
    "overview" : "Georgie Godwin is the fattest man in Britain. A tourist attraction, thanks to greedy 'agent, cabbie Morris. Devoted neighbour Janice is Georgie's only other regular outside contact until he meets Amy, a pregnant teenager fleeing a violent boyfriend ,whom he takes in as a lodger. Amy tries to help Georgie change his lifestyle, but Morris is more than keen to stop her ruining his tourist attraction.",
    "genres" : [ {
      "id" : 10770,
      "name" : "TV Movie"
    }, {
      "id" : 18,
      "name" : "Drama"
    }, {
      "id" : 35,
      "name" : "Comedy"
    } ]
  }, {
    "id" : 34675,
    "title" : "Kommissarien och havet I denna ljuva sommartid",
    "overview" : "När en förman på ett bygge hittas död i samband med en sprängning ser det först ut som en olycka. Men när man vid obduktionen hittar en kula i kroppen rubriceras det som mord. Kriminalkommissarie Robert Anders leder utredningen och det mesta pekar på att förmannen var inblandad i en omfattande narkotikasmuggling.",
    "genres" : [ ]
  }, {
    "id" : 34685,
    "title" : "Cut",
    "overview" : "Five friends return from a cocktail party to a cottage deep inside the English woods of the Peak District. Having brushed off the notion of urban legends as rubbish, never occurring in reality, our protagonist's slowly find themselves weaving through their very own horror story.",
    "genres" : [ {
      "id" : 27,
      "name" : "Horror"
    }, {
      "id" : 9648,
      "name" : "Mystery"
    }, {
      "id" : 53,
      "name" : "Thriller"
    } ]
  }, {
    "id" : 34690,
    "title" : "The Police: Certifiable",
    "overview" : "Concert film of The Police during the 2007-08 reunion tour. Recorded in concert in Buenos Aires at the beginning of December 2007, it’s released on the band’s original label, A&amp;M, via Universal. Recording the Argentinian leg of the band’s momentous reunion tour, the album captures the three piece in concert, crammed with every hit from ‘Message in a Bottle’, ‘Walking on the Moon’, ‘Don't Stand So Close to Me’, ‘Every Little Thing She Does Is Magic’, ‘Wrapped Around Your Finger’, ‘Can't Stand Losing You’, ‘Roxanne’ and ‘Every Breath You Take’, closing with the punk urgency of the first track from their 1978 debut, ‘Next to You’.",
    "genres" : [ {
      "id" : 10402,
      "name" : "Music"
    } ]
  }, {
    "id" : 34695,
    "title" : "Binke kan inte flyga",
    "overview" : "Fågelungen Binke får bo hos skogsmusen Oskar under vintern. Han har inte lärt sig att flyga ännu, när det är dags att flytta söderut.",
    "genres" : [ {
      "id" : 16,
      "name" : "Animation"
    } ]
  }, {
    "id" : 34700,
    "title" : "Kalle Stropp och Grodan Boll",
    "overview" : "När Hönan blir bortrövad inleder de gröna upptågsmakarna Kalle Stropp och Grodan Boll jakten med en rivstart. Efter många farofyllda strapatser lyckas de rädda sin vän. Men de hade aldrig lyckats utan Plåt-Nicklas hjälp.",
    "genres" : [ {
      "id" : 16,
      "name" : "Animation"
    } ]
  }, {
    "id" : 34715,
    "title" : "Hades Project: Zeorymer Separation",
    "overview" : "Parts 1 &amp; 2. When high school student Masato discovers that his parents aren't really his parents and that he's been selected to pilot the giant robot Zeorymer, he decides he must fight the evil corporation that built it. Unfortunately, the bad guys have already launched the mysterious Hades Project, and their giant robots outnumber Masato 7-to-1 in this Japanese animé series.",
    "genres" : [ {
      "id" : 16,
      "name" : "Animation"
    }, {
      "id" : 28,
      "name" : "Action"
    }, {
      "id" : 53,
      "name" : "Thriller"
    }, {
      "id" : 10769,
      "name" : "Foreign"
    } ]
  }, {
    "id" : 34720,
    "title" : "SuicideGirls: Guide to Living",
    "overview" : "Through a series of titillating vignettes, the infamous SuicideGirls create a useful guide to their edgy lifestyle. These segments show how the provocative SuicideGirls handle life's challenges such as performing a strip tease, faking an orgasm and skinny dipping.",
    "genres" : [ {
      "id" : 99,
      "name" : "Documentary"
    } ]
  }, {
    "id" : 34730,
    "title" : "The Last Don",
    "overview" : "Sprawling Mario Puzo novel about an Italian family of gangsters draws the inevitable comparison to \"The Godfather\", but does find its own direction. Headed by Don Domenico Clericuzio, the family executes a rival gang on the night of the Don's daughter's wedding, including her new husband, the son of his rival. Unfortunately the daughter gets pregnant and the repercussions of the night drift into the future. Spanning 1964-1985, the film jumps forward with the growing up of the grandson who has grown ruthless and scheming. A co-rival in the family is a nephew who has been raise to take his father's place in the family as a hitman and has established his place by assassinating a man who killed a Senator's daughter. However, he is proven to not be ruthless enough and moves into the family's casino business in Vegas. When the nephew falls in love with a beautiful actress, everything is set in place for the grandson to set up a coupe to take over the family.",
    "genres" : [ {
      "id" : 18,
      "name" : "Drama"
    }, {
      "id" : 28,
      "name" : "Action"
    }, {
      "id" : 53,
      "name" : "Thriller"
    } ]
  }, {
    "id" : 34740,
    "title" : "The Backlot Murders",
    "overview" : "The Backlot Murders is a campy horror film starring Jaime Anstead, Priscilla Barnes, Charles Fleischer and Corey Haim. A killer in an Elvis mask murders the cast and crew of a rock band video shoot.",
    "genres" : [ {
      "id" : 35,
      "name" : "Comedy"
    }, {
      "id" : 27,
      "name" : "Horror"
    } ]
  }, {
    "id" : 34745,
    "title" : "Catch Me If You Can",
    "overview" : "A hotshot teenage car racer persuades the class president of a small Minnesota high school to gamble on illegal car races to raise money for their school which is facing closure.",
    "genres" : [ {
      "id" : 28,
      "name" : "Action"
    }, {
      "id" : 35,
      "name" : "Comedy"
    }, {
      "id" : 18,
      "name" : "Drama"
    } ]
  }, {
    "id" : 34750,
    "title" : "Raw Justice",
    "overview" : "The mayor of a small town hires a bounty hunter to find his daughter's killer, but it turns out to be a very dangerous job.",
    "genres" : [ {
      "id" : 53,
      "name" : "Thriller"
    }, {
      "id" : 28,
      "name" : "Action"
    } ]
  }, {
    "id" : 34760,
    "title" : "'night, Mother",
    "overview" : "It happened in 1983. It was a rare and remarkable theatrical experience. Controversial. Provocative. And shocking. Now, two Academy Award-winning actresses make the Pulitzer Prize-winning play the motion picture event of the year. What would you do if someone you loved sat down with you one night and calmly told you that they were going to end their life before morning?",
    "genres" : [ {
      "id" : 18,
      "name" : "Drama"
    } ]
  }, {
    "id" : 34765,
    "title" : "Zenon: Z3",
    "overview" : "Zenon Kar a teenager living on a space station in the year 2054 competes in the first ever Galactic Teen Supreme contest.",
    "genres" : [ {
      "id" : 10770,
      "name" : "TV Movie"
    }, {
      "id" : 35,
      "name" : "Comedy"
    }, {
      "id" : 12,
      "name" : "Adventure"
    }, {
      "id" : 10751,
      "name" : "Family"
    } ]
  }, {
    "id" : 34775,
    "title" : "Bobby's Girl",
    "overview" : "Bobby is an underachieving high school kid with a deep love for motorcycles. His most recent achievement seems to have been getting photos of himself on a road trip printed in a motorcyclist hobby magazine. When he gets a letter from a girl his age, he decides to write her back.",
    "genres" : [ {
      "id" : 16,
      "name" : "Animation"
    }, {
      "id" : 18,
      "name" : "Drama"
    } ]
  }, {
    "id" : 34785,
    "title" : "Walt Disney's Wonderful World of Color\" I-Man",
    "overview" : "When a man is exposed to an alien gas, he acquires the ability to heal instantly and survive any injury or toxin. (IMDb)",
    "genres" : [ {
      "id" : 878,
      "name" : "Science Fiction"
    }, {
      "id" : 12,
      "name" : "Adventure"
    }, {
      "id" : 14,
      "name" : "Fantasy"
    }, {
      "id" : 18,
      "name" : "Drama"
    } ]
  }, {
    "id" : 34795,
    "title" : "PiXies, live at the town & country club, London",
    "overview" : "Gouge - a documentary tracing The Pixies' story featuring interviews with Bono, David Bowie, Thom Yorke and Jonny Greenwood (Radiohead), Graham Coxon and Alex James (Blur), Fran Healy and Andy Dunlop (Travis), P J Harvey, Tim Wheeler (Ash), Gavin Rosdale (Bush) and Badly Drawn Boy.",
    "genres" : [ {
      "id" : 10402,
      "name" : "Music"
    }, {
      "id" : 99,
      "name" : "Documentary"
    } ]
  }, {
    "id" : 34800,
    "title" : "The Cub Tiger from Kwang Tung",
    "overview" : "Young Jackie was intrigued by Kung-Fu since an early age, but his father strictly forbade its practice. One day, he meets an old beggar who offers to teach Jackie how to fight. Jackie grows up to be quite good though he keeps his knowledge a secret until he is forced to fight by an extortion ring that's putting the squeeze on his uncle's restaurant. Later released in a re-cut version with the title Master with Cracked Fingers.",
    "genres" : [ {
      "id" : 28,
      "name" : "Action"
    }, {
      "id" : 35,
      "name" : "Comedy"
    }, {
      "id" : 18,
      "name" : "Drama"
    } ]
  }, {
    "id" : 34820,
    "title" : "Cirque du Soleil: Cirque Réinventé",
    "overview" : "With our fieriness and our youthfulness, we wanted to reinvent the circus. The appeal of the circus has always been magical. But, Cirque du Soleil has redefined the meaning of the word and has taken it up a level - performance art without boundaries, ballet without gravity. And their intoxicating mixture of costume, music, stage design and showmanship has dazzled millions. Emmy award winning Cirque du Soleil: Cirque Reinvente !",
    "genres" : [ ]
  }, {
    "id" : 34825,
    "title" : "The Only Mother",
    "overview" : "The story evolves around the ups and downs of being a single mother, Ina the main protaganist. Her three husbands leave her with 12 children and a financial problems that she needs to shoulder. Simple plot with a hilarious cast. Packed with laughs and tear-jerker scenes with movie/commercial spoofs, surely Ang Tanging Ina will make your heart delight.",
    "genres" : [ {
      "id" : 35,
      "name" : "Comedy"
    }, {
      "id" : 18,
      "name" : "Drama"
    } ]
  }, {
    "id" : 34835,
    "title" : "It Felt Like a Kiss",
    "overview" : "The story of America's rise to power starting in 1959, it uses nothing but archive footage and America pop music. Showing the consequences on the rest of the world and in peoples mind.",
    "genres" : [ {
      "id" : 10402,
      "name" : "Music"
    }, {
      "id" : 99,
      "name" : "Documentary"
    } ]
  } ]
}