{
  "movies" : [ {
    "id" : 57740,
    "title" : "Flirting with Danger",
    "overview" : "A lawyer begins a sordid fling with an attractive young woman whom he slowly begins to suspect to be a serial killer of men.",
    "genres" : [ {
      "id" : 9648,
      "name" : "Mystery"
    }, {
      "id" : 10770,
      "name" : "TV Movie"
    }, {
      "id" : 18,
      "name" : "Drama"
    }, {
      "id" : 53,
      "name" : "Thriller"
    } ]
  }, {
    "id" : 57745,
    "title" : "Orphans",
    "overview" : "The star of Ken Loach's MY NAME IS JOE, Mullan proves that his talent isn't relegated to acting. As a writer/director, he has crafted a supremely entertaining motion picture. ORPHANS tells the grittily realistic, hysterical, and deeply moving tale of a group of siblings who reunite in Glasgow on the eve of their mother's funeral. The four children mourn their mother's passing in a variety of ways, some of which are heartfelt and some of which are bizarre. As a potential thunderstorm threatens to damage the city, the situation compounds itself even further.",
    "genres" : [ {
      "id" : 35,
      "name" : "Comedy"
    }, {
      "id" : 18,
      "name" : "Drama"
    } ]
  }, {
    "id" : 57750,
    "title" : "Kabaret Dudek: 10 Lat Kabaretu Dudek",
    "overview" : "Kabaret Dudek",
    "genres" : [ ]
  }, {
    "id" : 57755,
    "title" : "Rock-climber and the Last from the Seventh Cradle",
    "overview" : "Alyona, a young rock-climber suddenly becomes an owner of a very powerful historical artefact.",
    "genres" : [ {
      "id" : 14,
      "name" : "Fantasy"
    }, {
      "id" : 12,
      "name" : "Adventure"
    } ]
  }, {
    "id" : 57760,
    "title" : "Shaolin Traitor",
    "overview" : "Superstar Carter Wong must protect the Shaolin Temple from a traitor from within the order. The Silver Fox has turned up the heat against Shaolin, but Carter and the Holy Warrior Monks will stand firm -- or die fighting!",
    "genres" : [ {
      "id" : 28,
      "name" : "Action"
    } ]
  }, {
    "id" : 57765,
    "title" : "Human Desires",
    "overview" : "Alicia Royale is a fashion mogul who decides to have a large pajama themed party as a promotion for her new line of clothing...",
    "genres" : [ {
      "id" : 53,
      "name" : "Thriller"
    }, {
      "id" : 10749,
      "name" : "Romance"
    } ]
  }, {
    "id" : 57770,
    "title" : "Poor Sasha",
    "overview" : "",
    "genres" : [ {
      "id" : 35,
      "name" : "Comedy"
    }, {
      "id" : 12,
      "name" : "Adventure"
    }, {
      "id" : 10751,
      "name" : "Family"
    } ]
  }, {
    "id" : 57775,
    "title" : "Khottabych",
    "overview" : "Young programmer and hacker Gena meets Khottabych - a genie who can't quite understand today life realities after spending thousands of years in a lamp.",
    "genres" : [ {
      "id" : 35,
      "name" : "Comedy"
    }, {
      "id" : 14,
      "name" : "Fantasy"
    } ]
  }, {
    "id" : 57780,
    "title" : "Dog Barbos and Unusual Cross",
    "overview" : "This is the very first silent slapstick comedy short about adventures of Worldly, Coward, and Fool. What's more fun: fishing with worms, or dynamite? Three friends decided to have a blast! Unfortunately their dog Barbos just loves playing fetch. And this time that stick was used for blast fishing. Barbos saw people throwing a smoking stick in a water, and fetched it right back to his owners. The \"unusual cross\" part begins when owners try to outrun the dog with dynamite.",
    "genres" : [ {
      "id" : 80,
      "name" : "Crime"
    }, {
      "id" : 35,
      "name" : "Comedy"
    } ]
  }, {
    "id" : 57785,
    "title" : "Night Eyes Three",
    "overview" : "A security guard falls for a famous TV actress he is hired to protect while dealing with mobsters who want his hide for some sour business deal.",
    "genres" : [ {
      "id" : 18,
      "name" : "Drama"
    }, {
      "id" : 53,
      "name" : "Thriller"
    } ]
  }, {
    "id" : 57790,
    "title" : "Magnetic Storm",
    "overview" : "What is weakening Earth’s invisible shield? Magnets have the power to attract and repel—sometimes on a massive scale. The Earth’s molten core—a violent mix of searing heat, crushing pressure, and a billion trillion tons of liquid iron—creates an invisible shield that surrounds the globe, guarding against a constant barrage of deadly radiation from space. But over the last few decades, the Earth’s magnetic field has weakened dramatically, intriguing scientists across the globe. The power generated 2000 miles beneath our feet protects us every day, but the loss of Earth’s magnetic field is a brewing storm that affects us all. While experts research and debate, persistent questions remain. Is a rare geomagnetic reversal the cause of earth’s inner turmoil? And if the magnetic field were to vanish altogether, would Earth become as lifeless as Mars?",
    "genres" : [ ]
  }, {
    "id" : 57795,
    "title" : "From Zero to Ten",
    "overview" : "",
    "genres" : [ {
      "id" : 18,
      "name" : "Drama"
    }, {
      "id" : 35,
      "name" : "Comedy"
    } ]
  }, {
    "id" : 57800,
    "title" : "Ice Age: Continental Drift",
    "overview" : "Manny, Diego, and Sid embark upon another adventure after their continent is set adrift. Using an iceberg as a ship, they encounter sea creatures and battle pirates as they explore a new world.",
    "genres" : [ {
      "id" : 16,
      "name" : "Animation"
    }, {
      "id" : 35,
      "name" : "Comedy"
    }, {
      "id" : 12,
      "name" : "Adventure"
    }, {
      "id" : 10751,
      "name" : "Family"
    } ]
  }, {
    "id" : 57810,
    "title" : "Khallik Fe Halak",
    "overview" : "موظف بسيط يشاهد جارة يحاول قتل فتاة فتأخذه الشهامة ليدافع عنها ولكن جاره يتركها أمام الشقة ويهرب وتتوالى أحداث الفيلم",
    "genres" : [ {
      "id" : 80,
      "name" : "Crime"
    }, {
      "id" : 18,
      "name" : "Drama"
    }, {
      "id" : 35,
      "name" : "Comedy"
    } ]
  }, {
    "id" : 57825,
    "title" : "Bride & Prejudice",
    "overview" : "A Bollywood update of Jane Austen's classic tale, in which Mrs. Bakshi is eager to find suitable husbands for her four unmarried daughters. When the rich single gentlemen Balraj and Darcy come to visit, the Bakshis have high hopes, though circumstance and boorish opinions threaten to get in the way of romance.",
    "genres" : [ {
      "id" : 18,
      "name" : "Drama"
    }, {
      "id" : 35,
      "name" : "Comedy"
    }, {
      "id" : 10402,
      "name" : "Music"
    }, {
      "id" : 10749,
      "name" : "Romance"
    } ]
  }, {
    "id" : 57830,
    "title" : "Outbound",
    "overview" : "A drama about a woman who seems able to overcome everything for freedom, except for her past mistakes.",
    "genres" : [ {
      "id" : 18,
      "name" : "Drama"
    } ]
  }, {
    "id" : 57835,
    "title" : "Def Leppard: Hysteria",
    "overview" : "This program takes a track by track look at the making of the album. We speak to Joe Elliott, Rick Allen, Phil Collen, and Rick Savage who lead us through the original multitrack tapes. Joe and Phil play acoustic versions of 'Pour Some Sugar On Me\" and \"Hysteria,\" and Sav and Phil demonstrate riffs and licks from the songs, and explain the genesis of the songwriting. Features songs: Animal, Rocket, Love Bites, Hysteria, Women, Armageddon It, and Pour Some Sugar On Me. In this episode of the CLASSIC ALBUMS series, the surviving members of Def Leppard discuss the making of HYSTERIA as they sort through and explain the original multi-track tapes. In addition, some impromptu acoustic performances and musical demonstrations further dissect this classic album",
    "genres" : [ {
      "id" : 99,
      "name" : "Documentary"
    }, {
      "id" : 10402,
      "name" : "Music"
    } ]
  }, {
    "id" : 57840,
    "title" : "Captain January",
    "overview" : "Shirley lives with a lighthouse keeper (Kibbee) who rescued her when her parents drowned. A truant officer (Haden) decides she should go to boarding school, but she's rescued by relatives. Buddy Ebsen dances \"At The Codfish Ball\" with Shirley.",
    "genres" : [ {
      "id" : 35,
      "name" : "Comedy"
    }, {
      "id" : 10751,
      "name" : "Family"
    } ]
  }, {
    "id" : 57845,
    "title" : "Mandroid",
    "overview" : "In his hidden laboratory deep in Russia, Dr. Karl Zimmer has invented the Mandroid, a humanoid robot which follows the motions of a man in a special control suit. He has offered the invention to the USA, who have sent Smith and Wait from the CIA for inspection. However Zimmer's partner Drago has different plans, wants to sell Mandroid to the military. The night he tries to steal Mandroid, he becomes exposed to the highly toxic Superconn. But he can flee and won't give up on Mandroid, even though he's terribly disfigured.",
    "genres" : [ {
      "id" : 878,
      "name" : "Science Fiction"
    }, {
      "id" : 27,
      "name" : "Horror"
    }, {
      "id" : 28,
      "name" : "Action"
    } ]
  }, {
    "id" : 57855,
    "title" : "Charlie, the Lonesome Cougar",
    "overview" : "A heartwarming Disney classic in which a cougar, who was rescued as a cub and raised by a group of loggers in the Pacific Northwest, reverts back to his natural instincts, leading to hilarious (and dangerous) consequences.",
    "genres" : [ {
      "id" : 12,
      "name" : "Adventure"
    }, {
      "id" : 10751,
      "name" : "Family"
    } ]
  }, {
    "id" : 57860,
    "title" : "The Christmas Choir",
    "overview" : "Based on a true story, The Christmas Choir is the inspiring account of how one man can make a remarkable difference simply by giving of himself. Workaholic accountant Peter Andrews (Jason Gedrick) has overlooked Christmas, friends and even his fiance for far too long. As a result, his life begins to fall apart. But a chance encounter with a homeless man named Bob (Tyrone Benskin) changes everything and inspires Peter to start a choir that eventually goes on to enormous success. With the help of the unconventional Sister Agatha (Rhea Perlman) and his new found friends at the shelter, Peter learns that Christmas is not a season but a state of mind and that everyone deserves a second chance at life and love.",
    "genres" : [ {
      "id" : 10770,
      "name" : "TV Movie"
    }, {
      "id" : 18,
      "name" : "Drama"
    }, {
      "id" : 10749,
      "name" : "Romance"
    } ]
  }, {
    "id" : 57865,
    "title" : "The Last Day of Summer",
    "overview" : "Luke Malloy is freaking out. He doesn't want tomorrow to come because tomorrow means starting Middle School...saying goodbye to summer break and hello to homework. And even worse, hello to getting picked on by Meat, the terrible torturer of new kids. Luke's dread of tomorrow is casting a shadow on his enjoyment of his last day of summer, so he makes a wish that the Last Day of Summer would last forever... that his one last perfect day of fun and freedom would never end. But when his wish comes true, he discovers that he's stuck repeating the day over and over again, which, as Luke quickly learns, isn't any better. What do you do when the \"ultimate do-over\" isn't all it's cracked up to be?",
    "genres" : [ {
      "id" : 878,
      "name" : "Science Fiction"
    }, {
      "id" : 10751,
      "name" : "Family"
    } ]
  }, {
    "id" : 57875,
    "title" : "The Snow Woman",
    "overview" : "A master sculptor and his apprentice are trapped in a bad snow storm after finding a special tree for carving a statue for the local temple. Finding refuge in an abandoned hut they celebrate their luck in finding the tree but soon they are visited by the Snow Witch who freezes the sculptor to death but takes pity on the apprentice. He must promise to never speak of this or she'll return and kill him.",
    "genres" : [ {
      "id" : 27,
      "name" : "Horror"
    }, {
      "id" : 14,
      "name" : "Fantasy"
    } ]
  }, {
    "id" : 57880,
    "title" : "I Love Hong Kong",
    "overview" : "After his business goes bust, Ng Shun (Tony Leung Ka Fei) and his family move back to his old apartment to stay with his father. He has not returned for 10 years because the apartment is too small for his family. Furthermore, the environment is unfamiliar to Shun's family. Coincidentally Shun's old childhood friend, Lung (Eric Tsang) returns too. Due to an old misunderstanding, Shun is distrustful of Lung. Will Lung regain Shun's trust again?",
    "genres" : [ {
      "id" : 35,
      "name" : "Comedy"
    }, {
      "id" : 10769,
      "name" : "Foreign"
    } ]
  }, {
    "id" : 57885,
    "title" : "Secret Space I: The Illuminati's Conquest of Space",
    "overview" : "...as David Icke, Jaime Maussan, Marcus Allen and Valery Uvarov spoke, the veil of secrecy at NASA, the sordid history of the ex NAZI SS Officers at the heart of the Apollo Space Missions and the interplay of Masonic symbolism in the names of rockets and spacecraft all started to become frighteningly clear. Chris Everard presents what can only be described as the most startling UFO footage ever seen. The Space Serpents flying around the upper atmosphere have to be seen to be believed. What's more, is that all the UFO clips come direct from NASA - filmed by astronauts aboard the Space Shuttle! I must admit that I originally thought the premise for this film was ridiculous. Two hours later, I found myself staring blankly at the end credits. My phone rang unanswered. I lit my first cigarette for 20 years and realised that some kind of Alien Invasion is happening. Colonel Philip Corso was right. They're Here!\"",
    "genres" : [ ]
  }, {
    "id" : 57895,
    "title" : "Winx Club 22",
    "overview" : "Na DVD-ju so naslednje risanke: Spopad čarodejev, Razodetje čarovnic .",
    "genres" : [ {
      "id" : 16,
      "name" : "Animation"
    } ]
  }, {
    "id" : 57900,
    "title" : "Pink Floyd: Shine On Live",
    "overview" : "Pink floyd, in concert in 1988 at the Nassau Coliseum in New York and the Palais Versailles in Paris - complete with the light and video effects, bold rock anthems, artistic polish, and hard-rock drive that fans except from the leading art-rock band of our time.",
    "genres" : [ {
      "id" : 10402,
      "name" : "Music"
    } ]
  }, {
    "id" : 57905,
    "title" : "Travelling Light",
    "overview" : "Set in the early 70s, Travelling Light follows the story of two sisters growing up in surburban Adelaide.",
    "genres" : [ ]
  }, {
    "id" : 57910,
    "title" : "Ang Darling Kong Aswang",
    "overview" : "Victor (Vic Sotto) is a single father who falls in love with Elisa (Cristine Reyes) who turns out to be an Aswang. But even so, Victor love Elisa so much that he accepted who she is and even live with her as his second wife. But the problem comes when the leader of the Aswang clan (Jean Garcia) finds out that Elisa and her mother (Agot Isidro) are not eating humans anymore. She sends out other Aswangs to hunt down Elisa and her mother, and also for Victor and his family. Victor then will face the leader of the Aswang clan to save his beloved Elisa. [edit]",
    "genres" : [ {
      "id" : 10769,
      "name" : "Foreign"
    }, {
      "id" : 27,
      "name" : "Horror"
    } ]
  }, {
    "id" : 57915,
    "title" : "Ayıp Ettik",
    "overview" : "",
    "genres" : [ ]
  }, {
    "id" : 57920,
    "title" : "Ang Tanging Pamilya (A Marry-Go-Round!)",
    "overview" : "A story of a young couple, Charlie Sicat and U.S.-based Prince Price, who decides to get married after two years of long-distance relationship. But there is one hitch: Charlie’s father Dindo had promised to give his wife Sunshine another church ceremony to mark their 25th wedding anniversary. Dindo vehemently refuses to have both weddings take place. Prince’s attempt to win over Dindo is further complicated by his nouveau riche mother Marlene, who insists on having her son’s wedding done her way.",
    "genres" : [ {
      "id" : 35,
      "name" : "Comedy"
    }, {
      "id" : 10749,
      "name" : "Romance"
    } ]
  }, {
    "id" : 57930,
    "title" : "Come due coccodrilli",
    "overview" : "",
    "genres" : [ ]
  }, {
    "id" : 57940,
    "title" : "Mitt Liv Som Uggla",
    "overview" : "",
    "genres" : [ {
      "id" : 99,
      "name" : "Documentary"
    }, {
      "id" : 10402,
      "name" : "Music"
    } ]
  }, {
    "id" : 57945,
    "title" : "The Milk of Human Kindness",
    "overview" : "A woman, scared by motherhood and her new born baby, runs away from her home and family to find a shelter at her upstairs neighbour's place.",
    "genres" : [ {
      "id" : 18,
      "name" : "Drama"
    }, {
      "id" : 35,
      "name" : "Comedy"
    } ]
  }, {
    "id" : 57950,
    "title" : "Campfire Stories",
    "overview" : "Two teens on their way to a backwoods party come across a beautiful young woman having car trouble. Their search for help only gets them lost, deep in the woods, where they meet Forest Ranger Bill with a penchant for scary stories. The campfire flickers long into the night as the ranger uses words to weave his tapestry of terror, filling their young minds with a host of horrific images that will be burned into your consciousness long after the fire's last embers have gone out. Insane doctors, Indian ghosts, bad drugs, a deranged handyman with shiny new shears - all that and more awaits anyone brave enough to stay until sunrise... if you live that long!\r - Written by Schleppy",
    "genres" : [ {
      "id" : 27,
      "name" : "Horror"
    } ]
  }, {
    "id" : 57955,
    "title" : "The Wereth Eleven",
    "overview" : "The Wereth Eleven retraces the steps eleven black GI's from the 333rd Field Artillery Battalion took when their unit was overrun by Germans at the start of the Battle of the Bulge. Their 10-mile trek from their battery position to Wereth, Belgium would be the last journey of their lives as a local resident turned them in to an SS scouting party. Subsequently all eleven were butchered and killed in one of the least understood, as well as unknown, war crimes of WWII.",
    "genres" : [ {
      "id" : 28,
      "name" : "Action"
    } ]
  }, {
    "id" : 57965,
    "title" : "Red Like the Sky",
    "overview" : "A nearly sightless boy is sent to a school for blind children, where he secretly discovers the possibilities of the recorded sound.",
    "genres" : [ ]
  }, {
    "id" : 57970,
    "title" : "Le vie del Signore sono finite",
    "overview" : "",
    "genres" : [ ]
  }, {
    "id" : 57975,
    "title" : "Mickey Mouse Monopoly",
    "overview" : "Mickey Mouse Monopoly takes a close and critical look at the world these films create and the stories they tell about race, gender and class and reaches disturbing conclusions about the values propagated under the guise of innocence and fun. This daring new video insightfully analyzes Disney's cultural pedagogy, examines its corporate power, and explores its vast influence on our global culture. Including interviews with cultural critics, media scholars, child psychologists, kindergarten teachers, multicultural educators, college students and children, Mickey Mouse Monopoly will provoke audiences to confront comfortable assumptions about an American institution that is virtually synonymous with childhood pleasure.",
    "genres" : [ {
      "id" : 99,
      "name" : "Documentary"
    } ]
  }, {
    "id" : 57980,
    "title" : "Rancid Aluminium",
    "overview" : "Pete Thompson thinks he has it all. However, following the death of his father his close friend and accountant reveals the company he has been left is bust and the only way out is to do business with the Russian mafia. His life and heart are on the line when he leave to restore the fortunes of the family firm.",
    "genres" : [ {
      "id" : 28,
      "name" : "Action"
    }, {
      "id" : 35,
      "name" : "Comedy"
    }, {
      "id" : 80,
      "name" : "Crime"
    }, {
      "id" : 10769,
      "name" : "Foreign"
    }, {
      "id" : 53,
      "name" : "Thriller"
    } ]
  }, {
    "id" : 57985,
    "title" : "Whisper",
    "overview" : "Hospital worker Conan (Vhong Navarro) is hopelessly in love with a sexy and beauteous nurse named Ellen (Bangs Garcia). He is on friendly terms with the alluring lady but gets desperate when he sees her kissing a resident doctor. The jealous guy seeks the help of his friends and learns about the power of a wish whispered to the dead. He scampers off to a wake and surreptitiously opens the casket. In a barely audible way, he whispers: Mahalin ako ni Ellen.",
    "genres" : [ {
      "id" : 35,
      "name" : "Comedy"
    }, {
      "id" : 27,
      "name" : "Horror"
    } ]
  }, {
    "id" : 57990,
    "title" : "Sønner av Norge kjøper bil",
    "overview" : "In suburbia Solbråten has some residents received bildilla. The otherwise wayward husbands forget their obligations for both work and home. There is also a great contest in having more cars in their recovery than neighboring upswing.",
    "genres" : [ {
      "id" : 35,
      "name" : "Comedy"
    } ]
  }, {
    "id" : 57995,
    "title" : "Complici del silenzio",
    "overview" : "",
    "genres" : [ ]
  }, {
    "id" : 58000,
    "title" : "La ragazza di Bube",
    "overview" : "",
    "genres" : [ {
      "id" : 18,
      "name" : "Drama"
    } ]
  }, {
    "id" : 58005,
    "title" : "Scugnizzi",
    "overview" : "",
    "genres" : [ ]
  }, {
    "id" : 58010,
    "title" : "A Judgment in Stone",
    "overview" : "An English woman, psychotic and sexually repressed, murders her sadistic father, then moves to America. She soon secures a job as a maid for a wealthy family. Soon her severe psychosis and her attempts to keep her sexuality from asserting itself combine to cause trouble for all concerned.",
    "genres" : [ {
      "id" : 27,
      "name" : "Horror"
    }, {
      "id" : 53,
      "name" : "Thriller"
    } ]
  }, {
    "id" : 58030,
    "title" : "Call of Duty: Find Makarov",
    "overview" : "Short Film based on Modern Warefare 2 the video game.",
    "genres" : [ ]
  }, {
    "id" : 58035,
    "title" : "To the Shores of Tripoli",
    "overview" : "Chronicle of a spoiled rich boy who joins the Marines with an off-handed attitude and finally becomes a battle-wise soldier. Academy Award Nominations: Best (Color) Cinematography.",
    "genres" : [ {
      "id" : 18,
      "name" : "Drama"
    }, {
      "id" : 10752,
      "name" : "War"
    } ]
  }, {
    "id" : 58045,
    "title" : "Parinda",
    "overview" : "At an early age, Kishen, to provide a better life for himself and his younger brother Karan, entered the underworld. To prevent the same fate from happening to Karan, he sent him abroad, but before this had happened, Karan had fallen in love with his friend Prakash's sister, Paro. Years pass, and now Kishen is the henchman of Anna, a psychotic don. Karan returns to Bombay and immediately goes to meet Prakash, now an honest police officer. But Anna's men kill Prakash right in front of Karan, and he learns of his brother's involvement with Anna. Against Kishen's wishes, he joins Anna's gang and starts tipping off a rival gang. This is revenge for Prakash's death-by playing off one gang against the other, he hopes to exterminate both of them at the same time. In a desperate attempt to get Karan away from it all, Kishen gets him married to Paro. But when the couple are brutally killed on their wedding night, Kishen is out for revenge...",
    "genres" : [ {
      "id" : 28,
      "name" : "Action"
    }, {
      "id" : 80,
      "name" : "Crime"
    }, {
      "id" : 18,
      "name" : "Drama"
    }, {
      "id" : 10769,
      "name" : "Foreign"
    } ]
  }, {
    "id" : 58055,
    "title" : "Within the Whirlwind",
    "overview" : "During Stalin's reign of terror, Evgenia Ginzburg, a literature professor, was sent to 10 years hard labor in a gulag in Siberia. Having lost everything, and no longer wishing to live, she meets the camp doctor and begins to come back to life.",
    "genres" : [ {
      "id" : 18,
      "name" : "Drama"
    } ]
  }, {
    "id" : 58060,
    "title" : "The Jewel",
    "overview" : "Amanzio Rastelli appointed several of his relations to managerial positions in his firm. They decided to think internationally and now business is heavily in debt. Luckily for the Rastellis, Bolta the accountant uses all the tricks of his art to cook the books, but catastrophe awaits.",
    "genres" : [ {
      "id" : 18,
      "name" : "Drama"
    } ]
  }, {
    "id" : 58070,
    "title" : "Mi manda Picone",
    "overview" : "",
    "genres" : [ ]
  }, {
    "id" : 58075,
    "title" : "My Zinc Bed",
    "overview" : "A recovering alcoholic becomes involved with his boss's wife, a former cocaine addict.",
    "genres" : [ {
      "id" : 10770,
      "name" : "TV Movie"
    }, {
      "id" : 18,
      "name" : "Drama"
    } ]
  }, {
    "id" : 58080,
    "title" : "The Violent Professionals",
    "overview" : "With or without help from law enforcement officers, a lone individual decides to crack down on the syndicate.",
    "genres" : [ {
      "id" : 53,
      "name" : "Thriller"
    }, {
      "id" : 80,
      "name" : "Crime"
    } ]
  }, {
    "id" : 58085,
    "title" : "Here I Am, Loving You",
    "overview" : "Tata went back to his hometown, Bohol with his mother from their poor life in Quiapo. He suddenly realize that his father is still alive. He fell in love with the girl he met named Stephanie who is about to get married to his stepbrother named Prince.",
    "genres" : [ {
      "id" : 18,
      "name" : "Drama"
    }, {
      "id" : 10749,
      "name" : "Romance"
    } ]
  }, {
    "id" : 58090,
    "title" : "The Red and the Black",
    "overview" : "",
    "genres" : [ {
      "id" : 18,
      "name" : "Drama"
    } ]
  }, {
    "id" : 58095,
    "title" : "Belzec",
    "overview" : "",
    "genres" : [ {
      "id" : 99,
      "name" : "Documentary"
    } ]
  }, {
    "id" : 58100,
    "title" : "Antonia and Jane",
    "overview" : "Two mismatched woman friends have had a love–hate relationship with each other since childhood. The story is told in flashback episodes as narrated by the two characters to their counsellor, prior to their annual dinner date.",
    "genres" : [ ]
  }, {
    "id" : 58105,
    "title" : "Amanda Knox: Murder on Trial in Italy",
    "overview" : "Based on the events surrounding the murder of British student Meredith Kercher.Hayden Panettiere (Heroes) and Marcia Gay Harden (Academy Award winner for Pollock) star in the Lifetime Original Movie Amanda Knox: Murder on Trial in Italy based on the international headline-grabbing story of the now infamous American exchange student accused by Italian authorities of brutally killing her roommate. Amanda Knox: Murder on Trial in Italy poses the question of whether Knox (Panettiere), the Seattle honors student accused of murdering her college roommate Meredith Kercher (Amanda Fernando Stevens) in 2007 with her boyfriend Raffaele Sollecito (Paolo Romio) and acquaintance Rudy Guede (Djirbi Kebe), actually committed the crime or was herself a victim.",
    "genres" : [ {
      "id" : 80,
      "name" : "Crime"
    }, {
      "id" : 18,
      "name" : "Drama"
    } ]
  }, {
    "id" : 58135,
    "title" : "Les Contes de l'horloge magique",
    "overview" : "",
    "genres" : [ ]
  }, {
    "id" : 58155,
    "title" : "The Steve-O Video: Vol. II - The Tour Video",
    "overview" : "The master of stupidity is back and this time he's on the road. Join Steve-O and his cohorts on a miraculous journey, destroying America one city at a time. The Steve-O Video - Volume 2 is loaded with as many stunts and pranks as the first, but it's even better. This amazing video chronicles the transformation of a group of unlikely television stars as they lose their innocence and establish the silliest legacy in the books of sex, drugs, and rock and roll history. It just doesn't get any dumber than this.",
    "genres" : [ {
      "id" : 35,
      "name" : "Comedy"
    }, {
      "id" : 99,
      "name" : "Documentary"
    } ]
  }, {
    "id" : 58160,
    "title" : "Little Hiawatha",
    "overview" : "The \"fearless warrior\" of the poem is a very small child whose pants keep falling down. He tries to shoot a grasshopper with his arrow, but the grasshopper spits in his eye. He tries to shoot a bunny rabbit, but the rabbit is too cute and pathetic. He tracks a bear, and runs after its cub and right into the mother. But the rest of the animals, thankful for him saving the rabbit, come to his rescue.",
    "genres" : [ {
      "id" : 16,
      "name" : "Animation"
    } ]
  }, {
    "id" : 58170,
    "title" : "Mika: Live au Parc des Princes Paris",
    "overview" : "Live Parc des Princes Paris (2008) is Mika's second live album. It is a one-off stadium show with a crowd of 55,000 recorded at Paris on 4 July 2008. The DVD also features a documentary following the initial idea of the show through to the production. In Bonus Features it includes the music video for the song \"Lollipop\", a live performance of \"Grace Kelly\" and the making-of the design and others in the show",
    "genres" : [ {
      "id" : 10402,
      "name" : "Music"
    } ]
  }, {
    "id" : 58175,
    "title" : "Fuck My Tits 4",
    "overview" : "Fuck My Tits 4 is seven scenes of pure breast worship featuring the best boobs in the biz getting pressed together, fucked and smothered in lots of man sauce. Now tit fucking fans have an entire movie devoted to their favorite fetish.",
    "genres" : [ ]
  }, {
    "id" : 58180,
    "title" : "Fuck My Tits 5",
    "overview" : "Fuck My Tits 5 is seven scenes of pure breast worship featuring the best boobs in the biz getting pressed together, fucked and smothered in lots of man sauce. Now tit fucking fans have an entire movie devoted to their favorite fetish.",
    "genres" : [ ]
  }, {
    "id" : 58185,
    "title" : "The Last Judgment",
    "overview" : "The Last Judgement (Italian: Il giudizio universale) is a 1961 commedia all'italiana film by Italian director Vittorio De Sica. It was coproduced with France.  It has an all-star Italian and international cast, including Americans Jack Palance, Ernest Borgnine; Greek Melina Mercouri and French Fernandel, Anouk Aimée and Lino Ventura.  The film was a huge flop, massacred by critics and audiences when it was released. It was filmed in black and white, but the last sequence, the dance at theatre, is in color.",
    "genres" : [ {
      "id" : 35,
      "name" : "Comedy"
    } ]
  }, {
    "id" : 58190,
    "title" : "Ad ovest di Paperino",
    "overview" : "",
    "genres" : [ ]
  }, {
    "id" : 58195,
    "title" : "Almost Blue",
    "overview" : "A serial killer, called the Iguana, is terrorizing Bologna. He is able to change continuously identity. Grazia is investigating trying to find out the truth about the Iguana.",
    "genres" : [ {
      "id" : 53,
      "name" : "Thriller"
    } ]
  }, {
    "id" : 58200,
    "title" : "Shadowzone",
    "overview" : "After someone is killed in the subterranean project called \"Shadowzone,\" a NASA captain is called in to investigate. In the project, sleeping subjects are induced into a deep EDS state whereby they become portals to a parallel universe. Unfortunately this causes adverse reactions in the subject, and something gets through the portal, the consequence of which is an attrition problem.",
    "genres" : [ {
      "id" : 27,
      "name" : "Horror"
    }, {
      "id" : 878,
      "name" : "Science Fiction"
    } ]
  }, {
    "id" : 58210,
    "title" : "Clarkson: Speed",
    "overview" : "The central premise of Speed is an intriguing one, that human beings are the only species capable of exceeding the speed limit that nature intended. Clarkson sets out to explore both what compels us to pursue these limits--often at considerable risk to our own safety--and what effect the quest has on us. The result was an immensely engaging series, a few highlights of which are collected on this video. The best moments are those that find Clarkson sticking to the brief: interviewing the aristo-twit tobbogganeers of the Cresta Run; trying to understand why he, an experienced driver, will never be as fast as Michael Schumacher or Colin McRae; a musing on the qualities needed to be a fighter pilot; an examination of the extraordinary sport of speed-skiing, in which cat-suited kamikazes hit speeds of up to 150 miles an hour.",
    "genres" : [ {
      "id" : 99,
      "name" : "Documentary"
    }, {
      "id" : 35,
      "name" : "Comedy"
    } ]
  }, {
    "id" : 58215,
    "title" : "Adventures In Cannabis Hemp",
    "overview" : "Adventure traveler Big D travels to Amsterdam for an Inside look at the unique Dutch Coffeeshop and Cannabis Culture. See Amsterdam's famous Coffeeshops, where Cannabis and Hashish are sold. Visit Amsterdam's Hash, Hemp and Marijuana Museum. Get an exclusive tour of the Cannabis College. Learn about Industrial Hemp with Ben Dronkers. And much more....",
    "genres" : [ {
      "id" : 99,
      "name" : "Documentary"
    } ]
  }, {
    "id" : 58220,
    "title" : "The Joy of Stats",
    "overview" : "Professor Hans Rosling shares his excitement with statistics, and shows how researchers are handling the modern data deluge.",
    "genres" : [ {
      "id" : 99,
      "name" : "Documentary"
    } ]
  }, {
    "id" : 58230,
    "title" : "Leben aus der Fülle des Seins!",
    "overview" : "Eckhart Tolle führt uns in diesem Vortrag in seiner ihm typischen Weise mit Ernsthaftigkeit aber auch mit unvergleichlichem Humor zur Erfahrung der Fülle unseres Seins. Er beschreibt, wie wir uns normalerweise an der Oberfläche bewegen, nicht in Kontakt sind mit diesem Sein, mit dem was in der Tiefe liegt. Wir warten ständig darauf, dass etwas Interessantes passiert, sind immer unterwegs zum nächsten Moment, in die Zukunft. Es ist wichtig, zu erkennen, dass diese Zukunft gar nicht existiert, sondern nur ein Gedanke ist - und eben dieser Gedanke im JETZT gedacht wird. Wenn wir unsere Aufmerksamkeit nach Innen richten, dann kommt in der Tiefe dieses Sein zum Vorschein, es wird als unbegrenzter Raum spürbar. Was ist dieses Sein? Es ist ein Mysterium, das sich gedanklich nicht erfassen lässt. Es ist das, was wir wirklich sind - das ewige, zeitlose Sein - jenseits von Gedanken und Erscheinungen, immer Hier und Jetzt.",
    "genres" : [ ]
  }, {
    "id" : 58235,
    "title" : "Confessions of a Brazilian Call Girl",
    "overview" : "Rachel is a girl, adopted by an upper middle class family, who rebelled at 17 and left her family and studies at a traditional college in Sao Paulo to become a call girl. Shortly after starting work, she decided to write a blog about her experiences. Since some clients thought she looked like a surfer she adopted the name \"Surfistinha\" which means little surfer girl.",
    "genres" : [ {
      "id" : 18,
      "name" : "Drama"
    } ]
  }, {
    "id" : 58245,
    "title" : "Don't Turn Around",
    "overview" : "Wag Kang Lilingon is a twin-bill horror movie In the first story \"Uyayi,\" Anne plays Melissa, a young nurse with a bright future ahead of her. But will the future turn to her favor as strange and violent events occur at the hospital she works for. Together with her boyfriend James, they try to uncover the killer behind the rising number of deaths among the patients in the hospital.  In the second story \"Salamin,\" Kristine plays Angel, a beautiful young family breadwinner whose only aspiration is to see her family live a better life. When her father left her and her mother and younger sister for another woman, Angel decided to move into a new place. Little did they know the danger that lies ahead. As she discovers an old mirror, she makes a wish at the stroke of midnight by the candlelight-to know her future.",
    "genres" : [ {
      "id" : 27,
      "name" : "Horror"
    } ]
  }, {
    "id" : 58250,
    "title" : "The Bucks County Massacre",
    "overview" : "On Saturday, May 17th, 2008, police responded to a residence in a remote area of Bucks County, Pennsylvania for the report of a missing person. Upon their arrival, a routine investigation was performed and it was determined that the situation did not require police intervention. When the police returned the next morning to do a courtesy follow up, the house was immediately found to be the scene of a crime.",
    "genres" : [ {
      "id" : 27,
      "name" : "Horror"
    } ]
  }, {
    "id" : 58255,
    "title" : "Kung Phooey",
    "overview" : "The plot follows Art Chew's (a pun of the sound one makes when sneezing) quest to retrieve the ancient peach. The movie starts with Art Chew traveling to America, as well as showing Art's training at the Shur-li temple (a play on words with the child actor Shirley Temple), showing many kung-fu clichés such as grabbing the pebble from the masters hand (which Art succeeds without effort), fighting on trees in this case small potted palms and \"listing\" for elements (Earth, Wind and Fire play a funky tune). After the montage is shown Art meets up with his cousin Wayman (A parody on the way Chinese pronounce r as w) a Chinese adult who tries to act American so he isn't embarrassed by stereotypes and foster cousin Roy Lee, an African American who sincerely believes he is a reincarnation of Bruce Lee.",
    "genres" : [ {
      "id" : 28,
      "name" : "Action"
    }, {
      "id" : 35,
      "name" : "Comedy"
    } ]
  }, {
    "id" : 58260,
    "title" : "My Girlfriend's Back",
    "overview" : "This intelligent romantic comedy chronicles the socio-economic ascent of Derek Scott. Derek has spent his entire life plotting a course for his success. His diligence is about to pay off when he happens upon an unexpected detour. This \"road less traveled\" intrigues Derek so much so that he considers throwing away his entire well orchestrated life to experience the one thing his plan has yet to provide...love.",
    "genres" : [ {
      "id" : 35,
      "name" : "Comedy"
    }, {
      "id" : 10749,
      "name" : "Romance"
    } ]
  }, {
    "id" : 58265,
    "title" : "WordWorld: Castles In The Sea",
    "overview" : "WordWorld: Castles in the Sea\" features four stories from the PBSKids program \"WordWorld.\" The stories are \"\"Castles in the Sea,\" \"The Dancing Duck Bonanza,\" \"A Star is Born\" and \"Tick Tock Space Clock.\" These stories are fine examples of the program, showing Duck and Shark learning to believe in themselves, how anyone can solve problems with some imagination and smart thinking and how to be a good friend to others. Along the way, they teach literacy and a love of words with fun music and songs and excellent humor.",
    "genres" : [ ]
  }, {
    "id" : 58275,
    "title" : "Super Speeders 5 - Out Of Control",
    "overview" : "Super Speeders 5 will keep you on the edge of your seat from the opening crash to the closing credits. Strap in and watch as the horsepower levels continue to climb and the speedometer needles fly past speed limits and approach the edge of sanity. In this chapter of the Super Speeders series you'll see just how far Rob, Matt and Vinny can get with 3 cars and $1500 between them. You'll also see the most outlandish challenge attempted to date when the Super Speeders see who can intentionally get a ticket first. This is the video you will be telling your friends about for years to come.",
    "genres" : [ ]
  }, {
    "id" : 58280,
    "title" : "Dik Trom",
    "overview" : "",
    "genres" : [ {
      "id" : 10751,
      "name" : "Family"
    } ]
  }, {
    "id" : 58285,
    "title" : "Sazen Tange and The Secret of the Urn",
    "overview" : "Loyal samurai Samanosuke is attacked, mutilated, and left for dead while carrying out a mission for his clan. He recovers but has lost an eye and an arm. Taking a new identity as Tange Sazen, he searches for a stolen urn which has hidden significance to his clan. But Tange Sazen has his own reasons for seeking the urn.",
    "genres" : [ {
      "id" : 28,
      "name" : "Action"
    }, {
      "id" : 12,
      "name" : "Adventure"
    }, {
      "id" : 18,
      "name" : "Drama"
    }, {
      "id" : 10769,
      "name" : "Foreign"
    } ]
  }, {
    "id" : 58290,
    "title" : "TKKG - The Secret of the Mysterious Mind Machine",
    "overview" : "",
    "genres" : [ {
      "id" : 10751,
      "name" : "Family"
    }, {
      "id" : 12,
      "name" : "Adventure"
    } ]
  }, {
    "id" : 58295,
    "title" : "Sax Rohmer's Sumuru",
    "overview" : "Based on Sax Rohmer's cult novels \"Sumuru\", the futuristic fantasy take you to an Earth colony in the far future in which woman rule and men are used to propagate the race and work in the mines..",
    "genres" : [ {
      "id" : 878,
      "name" : "Science Fiction"
    }, {
      "id" : 14,
      "name" : "Fantasy"
    }, {
      "id" : 12,
      "name" : "Adventure"
    }, {
      "id" : 28,
      "name" : "Action"
    } ]
  }, {
    "id" : 58325,
    "title" : "Die vergebliche Suche der Hirnforscher nach dem Ort, an dem die Seele wohnt",
    "overview" : "",
    "genres" : [ ]
  }, {
    "id" : 58345,
    "title" : "UFC: The Ultimate Figher Tuffest 25 Moments",
    "overview" : "It all began with 16 unknown fighters in a Las Vegas gym and blew up into a mixed martial arts phenomenon. After five seasons of blood and pain, five seasons on total mayhem, and five seasons of knock-down, drag out fights, it's time for \"The Tuffest 25.\" Take a look back at the 25 most outrageous, confrontational, emotional and intense moments from the first five seasons of The Ultimate Fighter.",
    "genres" : [ ]
  }, {
    "id" : 58350,
    "title" : "Paano Kita Iibigin",
    "overview" : "Fired from her job and evicted from her apartment, Martee (Regine Velasquez) brings herself and her asthmatic son to Zambales for a vacation. In a dilapidated resort, owned by Lance (Piolo Pascual), Martee finds work as a manager whose duties entails plans on how to increase the resort’s clientele. At first, Martee finds difficulty adjusting to the slower provincial lifestyle, but eventually she finds the laid-back pace more favorable.",
    "genres" : [ {
      "id" : 18,
      "name" : "Drama"
    }, {
      "id" : 10749,
      "name" : "Romance"
    } ]
  }, {
    "id" : 58360,
    "title" : "Butch Walker - Live at Budokan",
    "overview" : "Butch Walker plays live at Nippon Budokan in Tokyo, Japan, in March 2005.",
    "genres" : [ ]
  }, {
    "id" : 58365,
    "title" : "Just Call Me Nobody",
    "overview" : "Poor young cobbler Wu Di lives with his mother and is crazy about martial-arts picture books. One day he repairs the shoe of wandering swordswoman Yuelou and later helps save her in a fight with wanted criminal Tian Baguang, even though he has no martial-arts training. She tells him she owes him a life and can be found on Qin Mountain if he ever needs her. Yuelou is actually a princess who was due to marry the emperor but ran away after setting fire to her palace quarters. In love, Wu Di sets out to find her, fighting river pirate Dugu and his sidekick on the way, and also meeting a hermit Buddhist monk who offers to take him on as a pupil. Yuelou plans to attend a martial arts tournament to establish her name, little knowing that the emperor's chief eunuch Cheng has arranged for her to be secretly protected by Penal Bureau officer Yang Guo and to win the tournament, so the emperor can award her the prize and persuade her to reconsider marriage.",
    "genres" : [ {
      "id" : 35,
      "name" : "Comedy"
    } ]
  }, {
    "id" : 58370,
    "title" : "The Swordsmen in Double Flag Town",
    "overview" : "Honoring his father's dying words, a young man comes to the dusty desert village of Double Flag Town to claim his bride. Everyone looks down upon him because he looks inept and ignorant. When he kills a man who is attempting to rape his bride, he provokes the wrath of the Lethal Swordsman who is the rapist's brother and also a famous killer. Will our hero choose to escape with his bride or face the Lethal Swordsman? A highly stylized martial-arts film, in the style of Sergio Leone meets Hiroshi Teshigahara.",
    "genres" : [ {
      "id" : 12,
      "name" : "Adventure"
    } ]
  }, {
    "id" : 58375,
    "title" : "Too Young The Hero",
    "overview" : "WWII drama.",
    "genres" : [ {
      "id" : 18,
      "name" : "Drama"
    } ]
  }, {
    "id" : 58380,
    "title" : "Arj Barker: Forever",
    "overview" : "Arj Barker is Australia's adopted son of comedy. Having frequented our shores for the past 7 years he has built up a fan base of loyal followers who will no doubt we waiting for his first new release DVD in 2 years. He is a regular occurrence on Australia's TV screens; on panel shows such as Good News Week, Spicks and Specks and 7pm Project and as Dave on hit show Flight of the Concords. Constantly selling out his stand-up tours within Australia, Arj Barker's new DVD release Forever is sure to be a favourite this Father's Day. Taped in front of a capacity crowd at Sydney's beautiful State Theatre, Arj Barker delivers some of his strongest material ever in this hilarious, one hour performance.",
    "genres" : [ {
      "id" : 35,
      "name" : "Comedy"
    } ]
  }, {
    "id" : 58385,
    "title" : "Was Kinder brauchen - Neue Erkenntnisse aus der Hirnforschung",
    "overview" : "",
    "genres" : [ ]
  }, {
    "id" : 58390,
    "title" : "Ciao Bella",
    "overview" : "Mustafa Moradi is aching to find a girlfriend. On the other end of the city, Linnea is desperately searching for a guy with style, courage and a burning passion.",
    "genres" : [ {
      "id" : 18,
      "name" : "Drama"
    }, {
      "id" : 10749,
      "name" : "Romance"
    }, {
      "id" : 10769,
      "name" : "Foreign"
    } ]
  }, {
    "id" : 58395,
    "title" : "John Lennon and the Plastic Ono Band: Sweet Toronto",
    "overview" : "Sweet Toronto is a documentary by D.A. Pennebaker of the Toronto Rock and Roll Revival, a one day festival held September 13, 1969 at Varsity Stadium on the campus of the University of Toronto and attended by some 20,000 persons. John Lennon played as part of the Plastic Ono Band, whose members also included Yoko Ono, Klaus Voorman, Alan White, and Eric Clapton. The video also features a selection of other acts: Jerry Lee Lewis, Little Richard, and Bo Diddley.",
    "genres" : [ {
      "id" : 10402,
      "name" : "Music"
    } ]
  }, {
    "id" : 58400,
    "title" : "Just a Father",
    "overview" : "No overview",
    "genres" : [ ]
  }, {
    "id" : 58405,
    "title" : "Don't Look Up",
    "overview" : "On the set of a dark war time drama at an old movie studio, a young director, Toshio Murai (Yanagi), is trying to complete his debut film. The two starring actresses, Hitomi Kurokawa and Saori Murakami, play sisters in his film. Murai has a crush on Hitomi (Shiroshima), the seasoned leading actress, and keeps a photo of her by his bed. The younger and less experienced actress, Saori (Ishibashi), is annoying and likes to have recess on the set. The production of the movie is consistently interrupted by strange occurrences and the cast and crew begin to get spooked.",
    "genres" : [ {
      "id" : 27,
      "name" : "Horror"
    } ]
  }, {
    "id" : 58410,
    "title" : "Tutto l'amore che c'è",
    "overview" : "",
    "genres" : [ ]
  }, {
    "id" : 58420,
    "title" : "God and Buddha: A Dialogue",
    "overview" : "In this fascinating and unusual conversation, writer and physician Deepak Chopra talks to religion professor Robert Thurman about the connections and differences between two of India's most important philosophical beliefs: Vedanta and Buddhism. Chopra explores the foundation of Vedanta, while Thurman -- the father of actress Uma Thurman -- provides the Buddhist point of view in this meeting held in 1999 at New York City's Tibet House.",
    "genres" : [ {
      "id" : 99,
      "name" : "Documentary"
    } ]
  }, {
    "id" : 58425,
    "title" : "Strikeforce: Feijao vs. Henderson",
    "overview" : "Strikeforce: Feijao vs. Henderson, also known as Strikeforce: Columbus, was a mixed martial arts event held by Strikeforce. It is expected to take place on March 5, 2011 at the Nationwide Arena in Columbus, Ohio, United States.",
    "genres" : [ ]
  } ]
}