{
  "movies" : [ {
    "id" : 43495,
    "title" : "The Seventh Veil",
    "overview" : "One dark summer night, Francesca Cunningham, a once world famed pianist, escapes from her hospital room and tries to commit suicide by jumping off a local bridge. She is rescued and taken back to the hospital and undergoes psychological treatment by Dr. Larsen. Larsen, desperately wants to know the events and persons who drove her to this state and help her. He makes Francesca talk about her past - a past with a controlling guardian, Nicholas, no friends, kept apart from the man she loved and forced to practice the piano 5-6 hours a day.",
    "genres" : [ {
      "id" : 10402,
      "name" : "Music"
    }, {
      "id" : 18,
      "name" : "Drama"
    } ]
  }, {
    "id" : 43500,
    "title" : "Here Come the Waves",
    "overview" : "Show business twin sisters Rosemary and Susie, one serious and the other a scatterbrain, join the WAVES and both fall in love with crooner Johnny Cabot.",
    "genres" : [ {
      "id" : 35,
      "name" : "Comedy"
    }, {
      "id" : 10749,
      "name" : "Romance"
    } ]
  }, {
    "id" : 43505,
    "title" : "Waterfront",
    "overview" : "A Nazi spy passes himself off as an optometrist in San Francisco's waterfront district. Someone robs him of his code book, and he must get it back.",
    "genres" : [ {
      "id" : 28,
      "name" : "Action"
    }, {
      "id" : 53,
      "name" : "Thriller"
    } ]
  }, {
    "id" : 43510,
    "title" : "Guadalcanal Diary",
    "overview" : "Concentrating on the personal lives of those involved, a war correspondent takes us through the preparations, landing and initial campaign on Guadalcanal during WWII.",
    "genres" : [ {
      "id" : 28,
      "name" : "Action"
    }, {
      "id" : 10752,
      "name" : "War"
    }, {
      "id" : 18,
      "name" : "Drama"
    } ]
  }, {
    "id" : 43515,
    "title" : "The Sky's the Limit",
    "overview" : "Flying Tiger Fred Atwell sneaks away from his famous squadron's personal appearance tour and goes incognito for several days of leave. He quickly falls for photographer Joan Manion, pursuing her in the guise of a carefree drifter.",
    "genres" : [ {
      "id" : 35,
      "name" : "Comedy"
    }, {
      "id" : 10749,
      "name" : "Romance"
    } ]
  }, {
    "id" : 43520,
    "title" : "Wintertime",
    "overview" : "Nora and her uncle get railroaded into spending the night at a broken-down hotel in Canada. After Nora falls for the handsome owner, she convinces her uncle to invest in the inn and modernize it. After the hotel opens, Nora's uncle faces financial ruin and her romance hit a snag in the form of pretty reporter.",
    "genres" : [ {
      "id" : 35,
      "name" : "Comedy"
    }, {
      "id" : 10402,
      "name" : "Music"
    }, {
      "id" : 10749,
      "name" : "Romance"
    } ]
  }, {
    "id" : 43525,
    "title" : "In This Our Life",
    "overview" : "A young woman dumps her fiancée and runs off with her sister's husband. They marry, settle in Baltimore, and Stanley ultimately drives Peter to drink and suicide. Stanley returns home to Richmond only to learn that her sister Roy and old flame Craig have fallen in love and plan to marry. The jealous and selfish Stanley attempts to win back Craig's affections, but her true character is revealed when, rather than take the rap herself, she attempts to pin a hit and run accident on the young black clerk who works in Craig's law office.",
    "genres" : [ {
      "id" : 18,
      "name" : "Drama"
    }, {
      "id" : 10749,
      "name" : "Romance"
    } ]
  }, {
    "id" : 43530,
    "title" : "Point of Entry",
    "overview" : "The Alden family move to a gated community after Kathy (Combs) was attacked",
    "genres" : [ ]
  }, {
    "id" : 43535,
    "title" : "A Simple Twist of Fate",
    "overview" : "When Michael McCann is thrown over by the woman he loves, he becomes something of a misanthrope and a miser, spending all of his spare money on collectible gold coins. Living in the same town is an affluent family with two sons: John and Tanny. Tanny's a wild boy, whom John cannot control, and one night he breaks into McCann's house, and steals the gold and disappears, which nearly confirms McCann's distrust of mankind. But then, a mysterious young woman dies in the snow outside McCann's house, and her small daughter makes her way to McCann's house and into McCann's life and heart. He names her Matilda, and raises her, finding companionship and a new joy in life with his adopted daughter. But the secret of Matilda's birth may tear them apart.",
    "genres" : [ {
      "id" : 18,
      "name" : "Drama"
    }, {
      "id" : 10751,
      "name" : "Family"
    } ]
  }, {
    "id" : 43545,
    "title" : "Lost Things",
    "overview" : "Four teenagers with the end of school on the horizon head up the New South Wales coast for a weekend of surfing,drinking and sex.The boys have told their parents they are going alone.It's only when the stranger appears and weird time anomalies occur on the beach and in the camp that they start thinking.Admittedly the premise of \"Lost Things\" is quite interesting,but hardly original.The film actually in many ways reminded me \"Dead End\".The acting is sub-par,but I must applaud the excellent work of cinematographer.The lonely beach indeed looks creepy and atmospheric and such details like the mannequin buried in the sand put the smile on my face.The climax is satisfying of itself,but is undermined by too many unanswered questions.Give it a look,however if you want to see seriously eerie horror flick that will make you think afterwards rent or buy \"Session 9\".6 out of 10.",
    "genres" : [ {
      "id" : 53,
      "name" : "Thriller"
    }, {
      "id" : 27,
      "name" : "Horror"
    } ]
  }, {
    "id" : 43550,
    "title" : "My Last Five Girlfriends",
    "overview" : "My Last Five Girlfriends traces the romantic journey of thirtysomething bachelor Duncan. As the film opens, the despondent Duncan is apparently preparing to take his own life, but not before taking the time to send a message to the last five women he dated. Taking the form of a whirlwind tour through Duncan World, the film is a comedic exploration of his failed relationships.",
    "genres" : [ {
      "id" : 10749,
      "name" : "Romance"
    }, {
      "id" : 35,
      "name" : "Comedy"
    } ]
  }, {
    "id" : 43555,
    "title" : "Bodyguards - Guardie del corpo",
    "overview" : "",
    "genres" : [ ]
  }, {
    "id" : 43560,
    "title" : "Vacanze in America",
    "overview" : "",
    "genres" : [ ]
  }, {
    "id" : 43565,
    "title" : "Muoi: The Legend of a Portrait",
    "overview" : "A Korean writer travels to Vietnam to do research for her story about a cursed portrait of a Vietnamese girl named Muoi.",
    "genres" : [ {
      "id" : 10769,
      "name" : "Foreign"
    }, {
      "id" : 27,
      "name" : "Horror"
    } ]
  }, {
    "id" : 43575,
    "title" : "Rudolph the Red-Nosed Reindeer & the Island of Misfit Toys",
    "overview" : "When the mysterious Toy Taker grabs all of Santa's toys, it looks like the children will miss out on Christmas. But everyone's favorite reindeer, Rudolph, comes to the rescue with his lovable friends: Hermey the elf, Yukon Cornelius the grizzly prospector, the abominable snow monster Bumbles and Rudolph's very special friend Clarice. Together, they promise Santa they'll track down Toy Taker and rescue Santa's toy. Their incredible quest takes them on a wild adventure with Rudolph's red nose leading the way! This new family holiday favorite features the voices of Jamie Lee Curtis, Richard Dreyfuss and Rick Moranis. The soundtrack includes seven new holiday songs and features the classic original song performed by Tony Bennett. With amazing state-of-the-art animation and great new songs, kids of all ages will treasure this musical adventure forever.",
    "genres" : [ {
      "id" : 16,
      "name" : "Animation"
    }, {
      "id" : 10751,
      "name" : "Family"
    } ]
  }, {
    "id" : 43580,
    "title" : "The Cat in the Hat",
    "overview" : "In a marvelously animated version of one of the most beloved of all Dr. Seuss tales, two youngsters find themselves at home with nothing to do on a rainy afternoon. But when the magical, mischievous Cat in the Hat arrives on the scene, they're all cat-apulted into a day of rousing, romping, outlandish antics they - and you - will never forget!",
    "genres" : [ {
      "id" : 10770,
      "name" : "TV Movie"
    }, {
      "id" : 16,
      "name" : "Animation"
    }, {
      "id" : 10751,
      "name" : "Family"
    } ]
  }, {
    "id" : 43585,
    "title" : "Headless Horseman",
    "overview" : "Seven college kids take a shortcut on their way to a party and unfortunately end up in Wormwood – a \"lost\" town in the middle of nowhere. They find something strange and sinister happening there – bones and weird decorations line Main Street. The cause: local Wormwood legend says on All Hallows Eve one hundred years ago, a crazed man tortured the youngsters in town and then cut off their heads. In retaliation, the townspeople killed him by cutting off his head. Seeking revenge every seven years, he returns and takes seven heads from children in the town. Now the seven visitors find themselves hunted one by one as the Headless Horseman claims his due.",
    "genres" : [ {
      "id" : 27,
      "name" : "Horror"
    } ]
  }, {
    "id" : 43595,
    "title" : "She Done Him Wrong",
    "overview" : "New York singer and nightclub owner Lady Lou has more men friends than you can imagine. Unfortunately one of them is a vicious criminal who's escaped and is on the way to see \"his\" girl, not realising she hasn't exactly been faithful in his absence. Help is at hand in the form of young Captain Cummings a local temperance league leader though.",
    "genres" : [ {
      "id" : 35,
      "name" : "Comedy"
    } ]
  }, {
    "id" : 43600,
    "title" : "Dancing Lady",
    "overview" : "Janie lives to dance and will dance anywhere, even stripping in a burlesque house. Tod Newton, the rich playboy, discovers her there and helps her get a job in a real Broadway musical being directed by Patch. Tod thinks he can get what he wants from Janie, Patch thinks Janie is using her charms rather than talent to get to the top, and Janie thinks Patch is the greatest. Steve, the stage manager, has the Three Stooges helping him manage all the show girls. Fred Astaire and Nelson Eddy make appearances as famous Broadway personalities.",
    "genres" : [ {
      "id" : 35,
      "name" : "Comedy"
    }, {
      "id" : 18,
      "name" : "Drama"
    }, {
      "id" : 10402,
      "name" : "Music"
    }, {
      "id" : 10749,
      "name" : "Romance"
    } ]
  }, {
    "id" : 43605,
    "title" : "Treasure Island",
    "overview" : "In this early film adaptation of the classic novel by Robert Louis Stevenson, young Jim Hawkins is caught up with the pirate Long John Silver in search of buccaneer Captain Flint's buried treasure.",
    "genres" : [ {
      "id" : 28,
      "name" : "Action"
    }, {
      "id" : 12,
      "name" : "Adventure"
    }, {
      "id" : 10751,
      "name" : "Family"
    } ]
  }, {
    "id" : 43610,
    "title" : "The Valley of Decision",
    "overview" : "Mary Rafferty comes from a poor family of steel mill workers in 19th Century Pittsburgh. Her family objects when she goes to work as a maid for the wealthy Scott family which controls the mill. Mary catches the attention of handsome scion Paul Scott, but their romance is complicated by Paul's engagement to someone else and a bitter strike among the mill workers.",
    "genres" : [ {
      "id" : 18,
      "name" : "Drama"
    } ]
  }, {
    "id" : 43615,
    "title" : "Lula, the Son of Brazil",
    "overview" : "The true story of a working class boy who moves to the nation's financial capital at a young age and becomes one the most influential politician in Brazil's history.",
    "genres" : [ {
      "id" : 18,
      "name" : "Drama"
    }, {
      "id" : 10769,
      "name" : "Foreign"
    }, {
      "id" : 36,
      "name" : "History"
    } ]
  }, {
    "id" : 43620,
    "title" : "Blame It on Mum",
    "overview" : "Mady Celliers, an attractive housewife of 60, he spends his life speaking ill of her two daughters and her husband, a man who shows a strange behavior since has retired. Antoine, the eldest son, company director, is unable to make a success of a business: out of a bankruptcy to get into another, her sister Alice madonnas obsessively paints sad. Annabelle, a nurse in an intensive care unit, tries desperately to save his family pronosticándole the future. When Alice meets by chance Jacques, a lonely police pessimistic explode all family neurosis.",
    "genres" : [ {
      "id" : 18,
      "name" : "Drama"
    } ]
  }, {
    "id" : 43625,
    "title" : "Heidi",
    "overview" : "Swiss girl Adelheid 'Heidi' is orphaned young. Aunt Detie brings her to grandpa Alp and his wife, who live isolated in the Alps since his murder charge. Heidi soon takes to the wild country, especially accompanying young goatherd Peter. Grandpa refuses to send her to school in the city, but aunt Detie returns and forces him to give in. She's sent to a posh lady in Frankfurt, where she'll be a companion for crippled daughter Clara after school hours.",
    "genres" : [ {
      "id" : 18,
      "name" : "Drama"
    }, {
      "id" : 10751,
      "name" : "Family"
    }, {
      "id" : 10769,
      "name" : "Foreign"
    } ]
  }, {
    "id" : 43630,
    "title" : "The Helix... Loaded",
    "overview" : " ",
    "genres" : [ {
      "id" : 28,
      "name" : "Action"
    }, {
      "id" : 35,
      "name" : "Comedy"
    }, {
      "id" : 878,
      "name" : "Science Fiction"
    } ]
  }, {
    "id" : 43635,
    "title" : "My Rainy Days",
    "overview" : "Because of her past, 17-year-old Rio lives her days filling the emptiness in her heart with money--until one day, she meets a university professor named Kouki and falls in love.",
    "genres" : [ {
      "id" : 18,
      "name" : "Drama"
    }, {
      "id" : 10749,
      "name" : "Romance"
    } ]
  }, {
    "id" : 43640,
    "title" : "Musallat",
    "overview" : "New Turkish horror picture Musallat looks the technical end looks stronger than most. Musallat the story of a young couple haunted by mysterious forces and there looks to be a heavy possession element as well. The calm life of Suat and Nurcan is broken when they begin to be scared by terroríficas supernatural creatures. The official website is now live and includes a lengthy teaser. It does include a childbirth sequence that could leave you squirming.",
    "genres" : [ {
      "id" : 27,
      "name" : "Horror"
    } ]
  }, {
    "id" : 43645,
    "title" : "The Little Devil",
    "overview" : "Father Maurice, a priest living in a residential college for priests in Rome, is called out one day to \"exorcise\" the devil from someone. The devil turns out to be in the form of a fun-loving man called Giuditta. What Father Maurice doesn't know is that this type of devil will turn his life around.",
    "genres" : [ {
      "id" : 35,
      "name" : "Comedy"
    }, {
      "id" : 14,
      "name" : "Fantasy"
    }, {
      "id" : 10749,
      "name" : "Romance"
    } ]
  }, {
    "id" : 43650,
    "title" : "The Legend of Sleepy Hollow",
    "overview" : "Washington Irving's tale of Ichabod Crane and the headless horseman is brought to life, narrated by Bing Crosby.",
    "genres" : [ {
      "id" : 10751,
      "name" : "Family"
    }, {
      "id" : 16,
      "name" : "Animation"
    } ]
  }, {
    "id" : 43655,
    "title" : "Spectres",
    "overview" : "KELLY is a beautiful young 16-year old who, like many teenagers, feels her life has become unbearably dark and depressed. Unable to make a meaningful connection with anyone around her, least of all her workaholic mom LAURA LEE, Kelly decides she'd rather be with her dad, who died several years before. The suicide attempt fails, but Laura Lee gets an urgent wake-up call and is determined to give Kelly some desperately needed attention. Hoping a change of scenery will help, mom and daughter rent a house for a long summer vacation. THE BIG HOUSE ON THE HILL offers peace, quiet, and ... mystery.",
    "genres" : [ {
      "id" : 18,
      "name" : "Drama"
    }, {
      "id" : 9648,
      "name" : "Mystery"
    }, {
      "id" : 878,
      "name" : "Science Fiction"
    }, {
      "id" : 53,
      "name" : "Thriller"
    } ]
  }, {
    "id" : 43660,
    "title" : "Battle of Long Tan",
    "overview" : "In the gathering dusk of 18 August 1966, 108 young, inexperienced Australian and NZ soldiers are separated and surrounded, fighting for their lives, holding off an overwhelming force of 2,500 battle-hardened Viet Cong and North Vietnamese soldiers. And, in the pouring rain, amid the mud and shattered trees of a rubber plantation called Long Tan, with their ammunition running out and another Vietnamese battalion massing for the final assault, the digger's situation seemed hopeless. Long Tan is the true story of ordinary boys who became extraordinary men.",
    "genres" : [ {
      "id" : 18,
      "name" : "Drama"
    }, {
      "id" : 36,
      "name" : "History"
    }, {
      "id" : 99,
      "name" : "Documentary"
    }, {
      "id" : 10752,
      "name" : "War"
    }, {
      "id" : 10769,
      "name" : "Foreign"
    } ]
  }, {
    "id" : 43665,
    "title" : "Hide & Seek",
    "overview" : "It is a story about 4 friends and how their past terrible past catches up to them and then how they get back together to fight it",
    "genres" : [ {
      "id" : 27,
      "name" : "Horror"
    }, {
      "id" : 53,
      "name" : "Thriller"
    }, {
      "id" : 10769,
      "name" : "Foreign"
    } ]
  }, {
    "id" : 43670,
    "title" : "Stateside",
    "overview" : "The film follows a rebellious teenager on leave from the Marines who falls in love with a female musician. The relationship is threatened when she develops a mental illness...",
    "genres" : [ {
      "id" : 18,
      "name" : "Drama"
    }, {
      "id" : 10402,
      "name" : "Music"
    }, {
      "id" : 10749,
      "name" : "Romance"
    } ]
  }, {
    "id" : 43680,
    "title" : "Heart of a Dog",
    "overview" : "Old Prof. Preobrazhensky and his young colleague Dr. Bormental inserted the human's hypophysis into a dog's brain. Couple of weeks later the dog became \"human looking\". The main question is \"Is anybody who is looking like a man, A REAL MAN?\"",
    "genres" : [ {
      "id" : 18,
      "name" : "Drama"
    }, {
      "id" : 35,
      "name" : "Comedy"
    }, {
      "id" : 878,
      "name" : "Science Fiction"
    } ]
  }, {
    "id" : 43685,
    "title" : "Amphibian Man",
    "overview" : "People living at the seashore town are frightened by reports about the unknown creature called \"the sea devil.\" Nobody knows what it is, but it's really a son of a doctor Salvator. The doctor performed a surgery on his son and now young Ihtiandre can live under water. This gives him certain advantages, but creates a lot of problems.",
    "genres" : [ {
      "id" : 12,
      "name" : "Adventure"
    }, {
      "id" : 878,
      "name" : "Science Fiction"
    }, {
      "id" : 10749,
      "name" : "Romance"
    } ]
  }, {
    "id" : 43690,
    "title" : "The Little Minister",
    "overview" : "In rural 1840's Scotland, Gavin Dishart arrives to become the new \"little minister\" of Thrums's Auld Licht church. He meets a mysterious young gypsy girl in the dens and to his horror Babbie draws him into her escape from the soldiers after she incites a Luddite riot. But unknown to Gavin, Babbie is more than she seems. And they must overcome her secret, the villagers' fears of her, and worst of all, Gavin's devotion to his mother's sensibilities, before they can openly declare their love.",
    "genres" : [ {
      "id" : 18,
      "name" : "Drama"
    }, {
      "id" : 10749,
      "name" : "Romance"
    } ]
  }, {
    "id" : 43695,
    "title" : "Crazylove",
    "overview" : "Letty Mayer, young and beautiful, has a cherished job as a teacher, a successful attorney boyfriend, and a tight knit family that is excited about her sister's impending wedding. But inside Letty there¹s an anxiety that¹s building. Suddenly the pressure of Letty's world overwhelms her and she suffers a devastating nervous breakdown. Institutionalized, she meets Michael, a schizophrenic who has been in and out of hospitals his entire life. Although major obstacles exist, Letty and Michael throw caution to the wind to pursue an intense new love as Letty finds herself torn between a safe past and a daring future...",
    "genres" : [ {
      "id" : 35,
      "name" : "Comedy"
    }, {
      "id" : 18,
      "name" : "Drama"
    }, {
      "id" : 10749,
      "name" : "Romance"
    } ]
  }, {
    "id" : 43700,
    "title" : "Big Money Rustlas",
    "overview" : "The Insane Clown Posse heads back to the Wild West in this prequel to BIG MONEY HUSTLAS. Nothing happens in the dusty town of Mud Bug without the approval of gambling magnate Big Baby Chips (Violent J), and the locals turn and run when his henchmen come out to play. But when swaggering sheriff Sugar Wolf (Shaggy 2 Dope) teaches the locals to fight back, Big Baby Chips and his gang head for the hills in a hail of gunfire.",
    "genres" : [ {
      "id" : 28,
      "name" : "Action"
    }, {
      "id" : 35,
      "name" : "Comedy"
    }, {
      "id" : 37,
      "name" : "Western"
    } ]
  }, {
    "id" : 43705,
    "title" : "The Great Lie",
    "overview" : "Days after Sandra and Pete elope, they discover their consummated union isn't valid since, unbeknownst to them, Sandra's divorce isn't yet final. They decide to not stay together, but, by then, Sandra is pregnant. She doesn't learn that fact until after Pete marries his former fiancee Maggie. Pete, unaware of the baby, flies to South America on business. While there, a flight he is on goes missing and all onboard are presumed dead. Maggie persuades Sandra to let her adopt the baby, so she can raise it as Pete's legitimate child. Months later Pete - alive after all - returns. Sandra and Maggie contend for him and the baby.",
    "genres" : [ {
      "id" : 18,
      "name" : "Drama"
    } ]
  }, {
    "id" : 43710,
    "title" : "Who's Minding The Mint?",
    "overview" : "A bumbling government employee accidentally destroys a small fortune and decides to break into the US Mint to replace it, but before long everyone wants a slice of the action - and the money.",
    "genres" : [ {
      "id" : 35,
      "name" : "Comedy"
    }, {
      "id" : 10749,
      "name" : "Romance"
    } ]
  }, {
    "id" : 43715,
    "title" : "The Deadly Mantis",
    "overview" : "The calving of an Arctic iceberg releases a giant praying mantis, trapped in suspended animation since prehistoric times. It first attacks military outposts to eat their occupants, then makes its way to the warmer latitudes of Washington and New York. A paleontologist works together with military units to try to kill it. (copied from IMDB)",
    "genres" : [ {
      "id" : 53,
      "name" : "Thriller"
    }, {
      "id" : 27,
      "name" : "Horror"
    }, {
      "id" : 10749,
      "name" : "Romance"
    }, {
      "id" : 878,
      "name" : "Science Fiction"
    } ]
  }, {
    "id" : 43720,
    "title" : "UFC 118: Edgar vs. Penn 2",
    "overview" : "UFC 118: Edgar vs. Penn 2 was a mixed martial arts event held by the Ultimate Fighting Championship on August 28, 2010 at the TD Garden in Boston, Massachusetts, United States.",
    "genres" : [ {
      "id" : 28,
      "name" : "Action"
    } ]
  }, {
    "id" : 43725,
    "title" : "Noémie: Le secret",
    "overview" : "Noémie, sept ans bientôt huit, passe beaucoup de temps avec sa voisine, Madame Lumbago, puisque ses parents sont très occupés à cause de leur travail. Monsieur Émile, le défunt mari de Madame Lumbago, lui avait un jour parlé d'un trésor caché dans son appartement, et depuis, la petite fille épluche chaque racoin pour résoudre ce fameux mystère. Se trouvant face à l'éventualité d'un échec, la petite Noémie, persévérante et téméraire, décide de dessiner un plan du logement de sa gardienne et demande l'aide de son ami Francis pour l'aider à fouiller toutes les pièces et percer le secret.",
    "genres" : [ {
      "id" : 10751,
      "name" : "Family"
    } ]
  }, {
    "id" : 43730,
    "title" : "Rudy: The Return of the Racing Pig",
    "overview" : "Up to now, Nickel (9) and his single dad Thomas have been managing very well together. Then Nickel goes on a school excursion and brings the little piglet Rudy back with him in his rucksack. Once he´s home, he makes a terrifying discovery: dad has a girlfriend! Worse yet, she´s moved in with him and brought her daughter Felicitas (12) along! Nickel makes a deal with Thomas: if those two stay, then so can Rudy.  When life becomes unbearable for Nickel, he flees with Rudy to ‘Porkland’, followed by Feli and pursued by two dumb crooks. It’s the beginning of an adventure that ends in the swamps of the Oder Valley, where Rudi saves the lives of the two children and finds a new home.",
    "genres" : [ {
      "id" : 28,
      "name" : "Action"
    }, {
      "id" : 35,
      "name" : "Comedy"
    }, {
      "id" : 10751,
      "name" : "Family"
    } ]
  }, {
    "id" : 43735,
    "title" : "The Nanny Express",
    "overview" : "With their mother dead, Emily and Ben torment their nannies to quit as fast as their father hires them. Till a nanny named Kate shows up and slowly wins Ben over. That's bad enough, but when her father and Kate start to fall in love, Emily sets out to break them up and match him with her ballet teacher.",
    "genres" : [ {
      "id" : 18,
      "name" : "Drama"
    }, {
      "id" : 10749,
      "name" : "Romance"
    }, {
      "id" : 10751,
      "name" : "Family"
    } ]
  }, {
    "id" : 43740,
    "title" : "The Little Traitor",
    "overview" : "Based on the novel \"Panther in the Basement\" by the world-renowned author, Amos Oz, the movie takes place in Palestine in 1947, just a few months before Israel becomes a state. Proffy Liebowitz, a militant yet sensitive eleven year old wants nothing more than for the occupying British to get the hell out of his land.",
    "genres" : [ {
      "id" : 18,
      "name" : "Drama"
    } ]
  }, {
    "id" : 43745,
    "title" : "That Funny Feeling",
    "overview" : "Joan Howell, a young and pretty maid-for-hire, meets and begins dating wealthy New York City businessman Tom Milford. Embarrassed about bringing him back to her tiny apartment that she shares with her roommate Audrey, Joan brings Tom over to a fancy apartment that she cleans on a daily basis not knowing that it's his place. Tom plays along with the charade despite not knowing who Joan really is, while she tries to tidy up Tom's place not knowing who he really is. Written by Matthew Patay",
    "genres" : [ {
      "id" : 35,
      "name" : "Comedy"
    }, {
      "id" : 10749,
      "name" : "Romance"
    } ]
  }, {
    "id" : 43750,
    "title" : "Under the Yum-Yum Tree",
    "overview" : "A love-struck landlord tries to convince a pretty tanant to dump her fiancé and give him a chance.",
    "genres" : [ {
      "id" : 35,
      "name" : "Comedy"
    }, {
      "id" : 18,
      "name" : "Drama"
    }, {
      "id" : 10749,
      "name" : "Romance"
    } ]
  }, {
    "id" : 43755,
    "title" : "Spivs",
    "overview" : "Jack, Steve and Goat are East-End Spivs. They spend their time wheeling and dealing wherever and whenever they can. It's not until Jack and the others get involved with a guy called Villa, and they are landed with a big payday they have been waiting for, when they realise what a mess they are into. At the back of the lorry they have smuggled goods in, they find illigal immegrants. Most of them escape but they are left with 2 kids; a boy and a girl, and have to decide what to do with them...Are they going to look after them and feed them, clothe them, love them, etc. or are they going to leave them on the streets of East-End London.",
    "genres" : [ {
      "id" : 28,
      "name" : "Action"
    }, {
      "id" : 35,
      "name" : "Comedy"
    }, {
      "id" : 18,
      "name" : "Drama"
    }, {
      "id" : 10769,
      "name" : "Foreign"
    }, {
      "id" : 53,
      "name" : "Thriller"
    } ]
  }, {
    "id" : 43760,
    "title" : "Go! Anpanman: Ruby's Wish",
    "overview" : "Ruby is an Aurora Girl who makes northern lights together with her kind. She is banished from Aurora no kuni (Aurora Land) because of her selfishness and horrible behaviour, and she is told to find a stone called Aurora no Shizuku that can grant three wishes. That way she will be forgiven. Ruby meets Anpanman and lies to him that she needs the stone to rescue her land. But when Baikinman is also interested in getting the three wishes, Ruby is torn between the choice of helping her new friends or being able to return to Aurora no kuni.",
    "genres" : [ {
      "id" : 12,
      "name" : "Adventure"
    }, {
      "id" : 16,
      "name" : "Animation"
    }, {
      "id" : 10751,
      "name" : "Family"
    } ]
  }, {
    "id" : 43765,
    "title" : "Delbaran",
    "overview" : "Delbaran centres on the story of a 14-year Afghan refugee working in a truck stop in the 'town' which gives its name to the film.",
    "genres" : [ {
      "id" : 18,
      "name" : "Drama"
    }, {
      "id" : 10769,
      "name" : "Foreign"
    } ]
  }, {
    "id" : 43770,
    "title" : "Men at Work",
    "overview" : "A political allegory on four middle-class guys who pile into their car for a ski weekend. A brief stop at a picturesque vista leads to their chance discovery of a prominent rock formation it seems would be oh so easy to tip over.",
    "genres" : [ {
      "id" : 35,
      "name" : "Comedy"
    } ]
  }, {
    "id" : 43775,
    "title" : "Guantanamera",
    "overview" : "",
    "genres" : [ {
      "id" : 18,
      "name" : "Drama"
    }, {
      "id" : 35,
      "name" : "Comedy"
    }, {
      "id" : 10749,
      "name" : "Romance"
    }, {
      "id" : 10769,
      "name" : "Foreign"
    } ]
  }, {
    "id" : 43780,
    "title" : "One of Our Aircraft Is Missing",
    "overview" : "During the Allied Bombing offensive of World War II the public was often informed that \"A raid took place last night over ..., One (or often more) of Our Aircraft Is Missing\". Behind these sombre words hid tales of death, destruction and derring-do. This is the story of one such bomber crew who were shot down and the brave Dutch patriots who helped them home.",
    "genres" : [ {
      "id" : 28,
      "name" : "Action"
    }, {
      "id" : 10752,
      "name" : "War"
    }, {
      "id" : 18,
      "name" : "Drama"
    } ]
  }, {
    "id" : 43785,
    "title" : "The Spoilers",
    "overview" : "When honest ship captain Roy Glennister gets swindled out of his mine claim, he turns to saloon singer Cherry Malotte for assistance in his battle with no-good town kingpin Alexander McNamara.",
    "genres" : [ {
      "id" : 28,
      "name" : "Action"
    }, {
      "id" : 18,
      "name" : "Drama"
    }, {
      "id" : 10749,
      "name" : "Romance"
    }, {
      "id" : 37,
      "name" : "Western"
    } ]
  }, {
    "id" : 43790,
    "title" : "Babes on Broadway",
    "overview" : "Penny Morris and Tommy Williams are both starstruck young teens but nobody seems to give them any chance to perform. Instead they decide to put up their own show to collect money for a summer camp for the kids.",
    "genres" : [ {
      "id" : 35,
      "name" : "Comedy"
    }, {
      "id" : 10402,
      "name" : "Music"
    }, {
      "id" : 10749,
      "name" : "Romance"
    } ]
  }, {
    "id" : 43795,
    "title" : "Penny Serenade",
    "overview" : "A light-hearted romantic drama starring Cary Grant &amp; Irene Dunne as a couple who meet, fall in love, quarrel and reunite. While listening to a recording of \"Penny Serenade\", Julie Gardiner Adams (Irene Dunne) begins reflecting on her past. She recalls her impulsive marriage to newspaper reporter Roger Adams (Carey Grant), which begins on a deliriously happy note but turns out to be fraught with tragedy. Other songs remind her of their courtship, their marriage, their desire for a child, and the joys and sorrows they have shared. A flood of memories come back to her as she ponders on their present problems and how they arose.",
    "genres" : [ {
      "id" : 18,
      "name" : "Drama"
    }, {
      "id" : 10749,
      "name" : "Romance"
    } ]
  }, {
    "id" : 43800,
    "title" : "The Corsican Brothers",
    "overview" : "The bloody hostility of two noble families on Corsica shapes the destiny of twins born conjoined. Surgically separated as newborns, the brothers are raised apart, unaware of one another's existence. Upon reaching adulthood they meet, and join forces to avenge their parents' murders.",
    "genres" : [ {
      "id" : 12,
      "name" : "Adventure"
    }, {
      "id" : 18,
      "name" : "Drama"
    } ]
  }, {
    "id" : 43805,
    "title" : "Northwest Passage",
    "overview" : "Based on the Kenneth Roberts novel of the same name, this film tells the story of two friends who join Rogers' Rangers, as the legendary elite force engages the enemy during the French and Indian War. The film focuses on their famous raid at Fort St. Francis and their marches before and after the battle.",
    "genres" : [ {
      "id" : 12,
      "name" : "Adventure"
    }, {
      "id" : 36,
      "name" : "History"
    }, {
      "id" : 37,
      "name" : "Western"
    }, {
      "id" : 18,
      "name" : "Drama"
    } ]
  }, {
    "id" : 43810,
    "title" : "Down Argentine Way",
    "overview" : "An American girl on vacation in Argentina falls for a wealthy racehorse owner.",
    "genres" : [ {
      "id" : 35,
      "name" : "Comedy"
    }, {
      "id" : 18,
      "name" : "Drama"
    }, {
      "id" : 10402,
      "name" : "Music"
    }, {
      "id" : 10749,
      "name" : "Romance"
    } ]
  }, {
    "id" : 43815,
    "title" : "Little Nellie Kelly",
    "overview" : "Irish colleen Nellie is in love with handsome Jerry Kelly, even though her father objects. Nellie and Jerry soon marry and announce plans to move to New York, which again angers Nellie's father. Still, fear of never seeing his daughter again convinces the old man to also head to the States. In New York, Jerry becomes a policeman, although fighting crime seems to be easier than fighting with his father-in-law. Tragedy strikes when Nellie dies in childbirth. Jerry and the meddling old man continue to live together and have constant battles over how to raise young Nellie, who grows up to look exactly like her mother.",
    "genres" : [ {
      "id" : 10402,
      "name" : "Music"
    }, {
      "id" : 35,
      "name" : "Comedy"
    }, {
      "id" : 10751,
      "name" : "Family"
    } ]
  }, {
    "id" : 43820,
    "title" : "Susan and God",
    "overview" : "A flighty socialite neglects her family to promote a new religious group.",
    "genres" : [ {
      "id" : 35,
      "name" : "Comedy"
    }, {
      "id" : 18,
      "name" : "Drama"
    } ]
  }, {
    "id" : 43825,
    "title" : "Allegheny Uprising",
    "overview" : "Allegheny Uprising is a 1939 film produced by RKO Pictures, starring Claire Trevor and John Wayne as pioneers of early American expansion in south central Pennsylvania. Clad in buckskin and a coonskin cap (as he would be a decade later in The Fighting Kentuckian), Wayne plays real-life James Smith, an American coping with British rule in colonial America. The film is loosely based on a historical event known as the Black Boys Rebellion during the 1760s.",
    "genres" : [ {
      "id" : 37,
      "name" : "Western"
    }, {
      "id" : 28,
      "name" : "Action"
    }, {
      "id" : 12,
      "name" : "Adventure"
    }, {
      "id" : 36,
      "name" : "History"
    } ]
  }, {
    "id" : 43830,
    "title" : "Mine traktorer og andre landbrugsmaskiner",
    "overview" : "",
    "genres" : [ ]
  }, {
    "id" : 43835,
    "title" : "Second Fiddle",
    "overview" : "Studio publicist (Power) discovers Minnesota skating teacher (Henie) and takes her to Hollywood. She goes back to Minnesota but he follows her.",
    "genres" : [ {
      "id" : 35,
      "name" : "Comedy"
    } ]
  }, {
    "id" : 43840,
    "title" : "Recordere.dk - Burn In Wash",
    "overview" : "",
    "genres" : [ ]
  }, {
    "id" : 43845,
    "title" : "La Marseillaise",
    "overview" : "A film about the early part of the French Revolution, shown from the eyes of the citizens of Marseille, counts in German exile and, of course, the king Louis XVI, each showing their own small problems.",
    "genres" : [ {
      "id" : 36,
      "name" : "History"
    }, {
      "id" : 18,
      "name" : "Drama"
    } ]
  }, {
    "id" : 43850,
    "title" : "The Divorce of Lady X",
    "overview" : "The morning after a London barrister lets a mystery woman stay in his suite, a friend files for divorce.",
    "genres" : [ {
      "id" : 35,
      "name" : "Comedy"
    }, {
      "id" : 18,
      "name" : "Drama"
    }, {
      "id" : 10749,
      "name" : "Romance"
    } ]
  }, {
    "id" : 43855,
    "title" : "The Mad Miss Manton",
    "overview" : "When the murdered body discovered by beautiful, vivacious socialite Melsa Manton disappears, police and press label her a prankster until she proves them wrong.",
    "genres" : [ {
      "id" : 35,
      "name" : "Comedy"
    }, {
      "id" : 10749,
      "name" : "Romance"
    }, {
      "id" : 80,
      "name" : "Crime"
    } ]
  }, {
    "id" : 43860,
    "title" : "King Solomon's Mines",
    "overview" : "Adventurer Allan Quartermain leads an expedition into uncharted African territory in an attempt to locate an explorer who went missing during his search for the fabled diamond mines of King Solomon.",
    "genres" : [ {
      "id" : 28,
      "name" : "Action"
    }, {
      "id" : 12,
      "name" : "Adventure"
    }, {
      "id" : 18,
      "name" : "Drama"
    } ]
  }, {
    "id" : 43865,
    "title" : "Stella Dallas",
    "overview" : "Working-class Stella Martin marries high-end Stephen Dallas and soon they have a daughter named Laurel. But Stephen's incessant demands of Stella to become what she isn't leads to their eventual separation. Stephen later marries Helen Morrison (his prior fiancée), and Laurel becomes the focus of Stella's life and love. Nothing is too good for Laurel as far as Stella is concerned. Determined to give her all the advantages, she takes Laurel on a trip to an expensive resort where Laurel makes friends with rich kids. After an embarrassing incident, Stella realizes that her daughter would go farther in life without Stella as her mother. Her subsequent sacrifice is shattering.",
    "genres" : [ {
      "id" : 18,
      "name" : "Drama"
    }, {
      "id" : 10749,
      "name" : "Romance"
    } ]
  }, {
    "id" : 43870,
    "title" : "As You Like It",
    "overview" : "Film version of Shakespeare's comedy of a young woman who disguises herself as a man to win the attention of the one she loves.",
    "genres" : [ {
      "id" : 35,
      "name" : "Comedy"
    }, {
      "id" : 10749,
      "name" : "Romance"
    }, {
      "id" : 18,
      "name" : "Drama"
    } ]
  }, {
    "id" : 43875,
    "title" : "Mary of Scotland",
    "overview" : "The recently widowed Mary Stuart returns to Scotland to reclaim her throne but is opposed by her half-brother and her own Scottish lords.",
    "genres" : [ {
      "id" : 18,
      "name" : "Drama"
    }, {
      "id" : 36,
      "name" : "History"
    } ]
  }, {
    "id" : 43880,
    "title" : "Rose Marie",
    "overview" : "Opera singer, Marie de Flor, seeks out fugitive brother in the Canadian wilderness. During her trek, she meets a Canadian mountie, Sgt. Bruce, who is also searching for her brother. Romance ensues, resulting in several love duets between the two.",
    "genres" : [ {
      "id" : 10749,
      "name" : "Romance"
    }, {
      "id" : 12,
      "name" : "Adventure"
    }, {
      "id" : 10402,
      "name" : "Music"
    }, {
      "id" : 18,
      "name" : "Drama"
    }, {
      "id" : 37,
      "name" : "Western"
    } ]
  }, {
    "id" : 43885,
    "title" : "The Plainsman",
    "overview" : "Wild Bill Hickok (Gary Cooper), Calamity Jane (Jean Arthur) and Buffalo Bill (James Ellison) go up against Indians and a gunrunner.",
    "genres" : [ {
      "id" : 37,
      "name" : "Western"
    }, {
      "id" : 10752,
      "name" : "War"
    }, {
      "id" : 36,
      "name" : "History"
    }, {
      "id" : 10749,
      "name" : "Romance"
    } ]
  }, {
    "id" : 43890,
    "title" : "Broadway Melody of 1936",
    "overview" : "Lovely, gifted Irene Foster hopes that her childhood sweetheart-turned Broadway producer Robert Gordon will recognize her--and her talent. Gordon is too busy sparring with a dirt-dishing gossip columnist to notice, but his wisecracking, heart-of-gold secretary certainly does. She and Irene must use their wits to show him what he's missing!",
    "genres" : [ {
      "id" : 10402,
      "name" : "Music"
    }, {
      "id" : 10749,
      "name" : "Romance"
    } ]
  }, {
    "id" : 43895,
    "title" : "Our Little Girl",
    "overview" : "Don Middleton is so caught up with his work he neglects his wife Elsa. Lonely Elsa begins to spend more time with Don's best friend and they become attracted to one another. Don and Elsa decide to get a divorce, unaware of the effect their problems are having on their daughter Molly. When Elsa announces plans to remarry, Molly runs away from home.",
    "genres" : [ {
      "id" : 35,
      "name" : "Comedy"
    }, {
      "id" : 18,
      "name" : "Drama"
    }, {
      "id" : 10751,
      "name" : "Family"
    } ]
  }, {
    "id" : 43900,
    "title" : "Angele",
    "overview" : "Angèle is a 1934 French drama film directed, produced and written by Marcel Pagnol. It stars Orane Demazis as a naive young woman who is seduced and abandoned. It is based on the novel Un de Baumugnes by Jean Giono.",
    "genres" : [ {
      "id" : 18,
      "name" : "Drama"
    } ]
  }, {
    "id" : 43905,
    "title" : "Of Human Bondage",
    "overview" : "Club-footed medical school student Philip Carey falls in love with cynical waitress Mildred Rogers. She rejects him and runs off with a salesman, later returning pregnant and unmarried. Philip takes her in, though a \"happily ever after\" ending is not to be.",
    "genres" : [ {
      "id" : 18,
      "name" : "Drama"
    } ]
  }, {
    "id" : 43910,
    "title" : "Dear Galileo",
    "overview" : "Dear Galileo is created by the director who was behind the runaway success of “Seasons Change”. It’s the story of two friends, Tai and Toey. One wants to runs away from school and the other is running away from love. They decide to travel and work as waitresses in Europe. Their goal is to see the birthplace of Galileo.",
    "genres" : [ {
      "id" : 35,
      "name" : "Comedy"
    }, {
      "id" : 18,
      "name" : "Drama"
    }, {
      "id" : 10749,
      "name" : "Romance"
    } ]
  }, {
    "id" : 43915,
    "title" : "Fathom",
    "overview" : "While touring abroad in Europe, beautiful American skydiver Fathom Harvill gets wrapped up in international intrigue when Scottish spy Douglas Campbell recruits her to help him on a secret mission. Before long, Fathom realizes that no one around her, including the mysterious Peter Merriweather, can easily be trusted, leading to various adventures that involve bull fighting, beaches and, of course, romance.",
    "genres" : [ {
      "id" : 28,
      "name" : "Action"
    }, {
      "id" : 35,
      "name" : "Comedy"
    }, {
      "id" : 18,
      "name" : "Drama"
    } ]
  }, {
    "id" : 43920,
    "title" : "Dog Pound",
    "overview" : "Three juvenile delinquents arrive at a correctional center and are put under the care of an experienced guard.",
    "genres" : [ {
      "id" : 18,
      "name" : "Drama"
    } ]
  }, {
    "id" : 43925,
    "title" : "O Diabo a Quatro",
    "overview" : "Four people with different values and standards meet in the urban chaos of Copacabana. Rita and Waldick come from the country, and befriend two Rio de Janeiro native guys, upon arrival: the playboy and surfer Paulo Roberto and a pimp called Tim. Written by lukejoplin@infolink.com.br",
    "genres" : [ {
      "id" : 18,
      "name" : "Drama"
    }, {
      "id" : 10751,
      "name" : "Family"
    } ]
  }, {
    "id" : 43930,
    "title" : "Tomorrow, When the War Began",
    "overview" : "Ellie Linton, a teen from an Australian coastal town, leads her friends on an excursion to a camp deep in the woods, dubbed \"Hell.\" Upon their return, the youths find that their town has been overrun by an enemy army, and their friends and family have been imprisoned. When the hostile invaders become alerted to their presence, Ellie and her friends band together to escape -- and strike back against -- this mysterious enemy.",
    "genres" : [ {
      "id" : 28,
      "name" : "Action"
    }, {
      "id" : 12,
      "name" : "Adventure"
    } ]
  }, {
    "id" : 43935,
    "title" : "Dylan Dog: Dead of Night",
    "overview" : "Supernatural private eye, Dylan Dog, seeks out the monsters of the Louisiana bayou in his signature red shirt, black jacket and blue jeans.",
    "genres" : [ {
      "id" : 28,
      "name" : "Action"
    }, {
      "id" : 35,
      "name" : "Comedy"
    }, {
      "id" : 27,
      "name" : "Horror"
    }, {
      "id" : 9648,
      "name" : "Mystery"
    }, {
      "id" : 878,
      "name" : "Science Fiction"
    }, {
      "id" : 53,
      "name" : "Thriller"
    } ]
  }, {
    "id" : 43940,
    "title" : "The Devil's Miner",
    "overview" : "'The Devil's Miner' tells the story of 14-year-old Basilio who worships the devil for protection while working in a Bolivian silver mine to support his family.",
    "genres" : [ {
      "id" : 99,
      "name" : "Documentary"
    }, {
      "id" : 10769,
      "name" : "Foreign"
    } ]
  }, {
    "id" : 43945,
    "title" : "Scooter - Live In Hamburg",
    "overview" : "1. Intro 2. J´adore Hardcore 3. Posse (I Need You On The Floor) 4. The Sound Above My Hair 5. Stuck On Replay 6. Jumping All Over The World 7. The Question Is What Is The Question? 8. Second Skin 9. Clic Clac / Scarborough Reloaded 10. Fire 11. Fuck The Millennium / Call Me Manana 12. Weekend! 13. Bit A Bad Boy 14. One (Always Hardcore) 15. Ti Sento 16. Jump That Rock (Whatever You Want) 17. Nessaja 18. How Much Is The Fish? 19. Maria (I Like It Loud) 20. Endless Summer / Hyper Hyper / Move Your Ass!",
    "genres" : [ {
      "id" : 10402,
      "name" : "Music"
    } ]
  }, {
    "id" : 43950,
    "title" : "Amer",
    "overview" : "Searing memories and carnal desires rule the mind of Ana, a young woman in thrall to her own fantasies whose visions and obsessions draw her toward deeper eroticism -- and deeper danger, in this modern take on a Giallo.",
    "genres" : [ {
      "id" : 53,
      "name" : "Thriller"
    }, {
      "id" : 27,
      "name" : "Horror"
    } ]
  }, {
    "id" : 43955,
    "title" : "Days Of Dirt",
    "overview" : "Days of Dirt DVD is the fifth feature release from Allout Productions, 'Days of Dirt' offers up a buttery blend of downhill &amp; freestyle action. From the hills of Oakland to Crankworx, the film showcases America's finest riders gettin down n dirty doing what they do best.",
    "genres" : [ {
      "id" : 35,
      "name" : "Comedy"
    }, {
      "id" : 10749,
      "name" : "Romance"
    } ]
  }, {
    "id" : 43960,
    "title" : "Drake And Josh Go Hollywood",
    "overview" : "Drake and Josh are left home alone while their mom and dad leave on a ten-day cruise. But they have to take Megan to the airport in order to be 'entirely' left alone. Megan has to go to Colorado to meet her. Drake gets her a ticket to go not to Colorado, but to Los Angeles. Drake and Josh try to stop the plane, but are stopped by security guards. Then, they buy tickets to go to LA. When they're on the plane, Drake sits next to some cute girls, while Josh sits next to some very annoying people. In the middle of the flight, Josh decides to go to a different seat. Josh sits next to a man that has a G-0. He doesn't notice that the G-0 contains codes to run the money machine that he saw on the news. The annoying lady walks up to the front near Josh while there is turbulence. The lady falls on Josh, mixing up the G-0's.",
    "genres" : [ {
      "id" : 10770,
      "name" : "TV Movie"
    }, {
      "id" : 10751,
      "name" : "Family"
    }, {
      "id" : 35,
      "name" : "Comedy"
    }, {
      "id" : 12,
      "name" : "Adventure"
    }, {
      "id" : 80,
      "name" : "Crime"
    } ]
  }, {
    "id" : 43965,
    "title" : "Easy to Wed",
    "overview" : "A spiffy remake of the screwball classic Libeled Lady, with Esther as the lady libeled. Van Johnson, Keenan Wynn and Lucille Ball round out a funny four-sided love triangle.",
    "genres" : [ {
      "id" : 35,
      "name" : "Comedy"
    }, {
      "id" : 10402,
      "name" : "Music"
    }, {
      "id" : 10749,
      "name" : "Romance"
    } ]
  }, {
    "id" : 43970,
    "title" : "Iron Island",
    "overview" : "Squatters live on a mothballed oil tanker in the Persian Gulf. The children attend a school on board; men harvest scrap metal and old oil in the hull; women keep house and raise children and Captain Nemat runs it all with an iron hand. We follow a lad who rescues fish trapped in the hull, an old man who stares at the sun, the idealistic teacher, and Ahmad, the Captain's assistant who has fallen in love with a young woman whose father wants to marry her to someone of means. What future has this sinking city?",
    "genres" : [ {
      "id" : 18,
      "name" : "Drama"
    } ]
  }, {
    "id" : 43975,
    "title" : "Donya",
    "overview" : "Donya is a young, attractive single woman who has just returned to Tehran from abroad. She seeks the help of Hadji Reza Enayat, the conservative and stern owner of a real estate agency, to look for a house. We sense that she has an ulterior motive but that motive will not surface until the end of the movie. She puts on the charm and Hadji falls head over heels in love with her and proposes marriage despite being already married to a loving and pious wife. Awkward and funny situations develop as he tries to keep his affair secret from his family.",
    "genres" : [ {
      "id" : 18,
      "name" : "Drama"
    }, {
      "id" : 10769,
      "name" : "Foreign"
    }, {
      "id" : 10749,
      "name" : "Romance"
    } ]
  }, {
    "id" : 43980,
    "title" : "Bashu, the Little Stranger",
    "overview" : "During the Iran-Iraq War, Bashu, a young boy loses his house and all his family. Scared, he sneaks into a truck that is leaving the area. He gets off the truck in the Northern part of the country, where everything from landscape to language is different. He meets Naii, who is trying to raise her two young children on a farm, while her husband is away. Despite cultural differences, and the fact that they do not speak the same language, Bashu and Naii slowly form a strong bond Written by Sam Tabibnia",
    "genres" : [ {
      "id" : 18,
      "name" : "Drama"
    }, {
      "id" : 10751,
      "name" : "Family"
    }, {
      "id" : 10769,
      "name" : "Foreign"
    } ]
  }, {
    "id" : 43985,
    "title" : "Half Moon",
    "overview" : "Mamo, an old and legendary Kurdish musician living in Iran, plans to give one final concert in Iraqi Kurdistan. After seven months of trying to get a permit and rounding up his ten sons, he sets out for the long and troublesome journey in a derelict bus, denying a recurring vision of his own death at half moon. Halfway the party halts at a small village to pick up female singer Hesho, which will only add to the difficulty of the undertaking, as it is forbidden for Iranian women to sing in public, let alone in the company of men. But Mamo is determined to carry through, if not for the gullible antics of the bus driver.",
    "genres" : [ {
      "id" : 10402,
      "name" : "Music"
    }, {
      "id" : 18,
      "name" : "Drama"
    }, {
      "id" : 35,
      "name" : "Comedy"
    } ]
  }, {
    "id" : 43990,
    "title" : "Lost Angels",
    "overview" : "Rich L.A. party brat Tim (Adam Horovitz) spins into a cycle of despair after his parents divorce, and trying to fill the void with drugs and trouble only buys him a ticket to an asylum. But with the help of a psychiatrist (Donald Sutherland) who has taken an interest in him, will Tim try to pull himself out of the muck of teenage rebellion and ennui?",
    "genres" : [ {
      "id" : 18,
      "name" : "Drama"
    } ]
  }, {
    "id" : 43995,
    "title" : "That Riviera Touch",
    "overview" : "Eric and Ernie decide to take a holiday to the South of France and unwittingly become mixed up with a band of jewel thieves.",
    "genres" : [ {
      "id" : 35,
      "name" : "Comedy"
    } ]
  }, {
    "id" : 44000,
    "title" : "Trog",
    "overview" : "A sympathetic anthropologist uses drugs and surgery to try to communicate with a primitive troglodyte who is found living in a local cave.\r Anthropologist Dr. Brockton (Joan Crawford) unearths a troglodyte (an Ice Age ‘missing link” half-caveman, half-ape) and manages to domesticate him – until he’s let loose by an irate land developer, and goes on a rampage, terrorizing the local citizenry.",
    "genres" : [ {
      "id" : 27,
      "name" : "Horror"
    } ]
  }, {
    "id" : 44005,
    "title" : "The Great Texas Dynamite Chase",
    "overview" : "Candy and Ellie Jo are a pair of sexy bank robbers who blast their way into small-town banks with a carload of dynamite! When they take Slim hostage, it begins a thrill-packed crime spree across the state of Texas.",
    "genres" : [ {
      "id" : 28,
      "name" : "Action"
    }, {
      "id" : 18,
      "name" : "Drama"
    } ]
  }, {
    "id" : 44010,
    "title" : "Logan",
    "overview" : "\"Logan\" is a story about two teenage brothers, Tyler and Logan. Logan, the younger of the two, has got his mind set on a seemingly impossible project which turns out to be much harder than he could ever imagine. At the turn of an unexpected tragedy, the brothers' relationship is altered forever and Tyler is challenged to do whatever it takes to see his little brother's project succeed, even if that means risking it all.",
    "genres" : [ {
      "id" : 35,
      "name" : "Comedy"
    }, {
      "id" : 18,
      "name" : "Drama"
    }, {
      "id" : 10751,
      "name" : "Family"
    } ]
  } ]
}