{
  "movies" : [ {
    "id" : 293110,
    "title" : "Pieniä eroja",
    "overview" : "\"Pieniä Eroja\" is a film about Salla - a 13-year-old girl who has a crush on her ex-teacher from the lower level of the comprehensive school, Tarsala. Starting the upper level herself, Salla dreams of Tarsala and eventually they become friends.",
    "genres" : [ ]
  }, {
    "id" : 293115,
    "title" : "Höchste Eisenbahn",
    "overview" : "",
    "genres" : [ {
      "id" : 35,
      "name" : "Comedy"
    } ]
  }, {
    "id" : 293120,
    "title" : "The Boys from Marx and Engels Street",
    "overview" : "Stanko (30) has to kill a man, for the first time. The same day, his younger brother Vojo (16) has to have sex for the first time. Roads of the two brothers will cross the same day several times, in an unusual way",
    "genres" : [ {
      "id" : 80,
      "name" : "Crime"
    }, {
      "id" : 10751,
      "name" : "Family"
    }, {
      "id" : 18,
      "name" : "Drama"
    } ]
  }, {
    "id" : 293125,
    "title" : "No Pressure",
    "overview" : "No Pressure is a controversial 2010 short film produced by the global warming mitigation campaign 10:10.  Intended for cinema and television advertisements, No Pressure is composed of scenes in which a variety of people in every-day situations are graphically blown to pieces for failing to be sufficiently enthusiastic about the 10:10 campaign to reduce CO2 emissions. The film's makers said that they viewed No Pressure as \"a funny and satirical tongue-in-cheek little film in the over-the-top style of Monty Python or South Park\".",
    "genres" : [ {
      "id" : 35,
      "name" : "Comedy"
    } ]
  }, {
    "id" : 293130,
    "title" : "No. 14: Late Superimpositions",
    "overview" : "“Superimposed photographs of Mr. Fleischman’s butcher shop in New York, and the Kiowa around Anadarko, Oklahoma–with Cognate Material. The strip is dark at the beginning and end, light in the middle, and is structured 122333221. I honor it the most of my films, otherwise a not very popular one before 1972. If the exciter lamp blows, play Bert Brecht’s Mahogany.”– Harry Smith",
    "genres" : [ ]
  }, {
    "id" : 293135,
    "title" : "Migration",
    "overview" : "One of a four-film series on the AIDS epidemic in India, this film examines the virus as Indian society's great class leveler, following its transmission through interweaving stories that link urban and rural India.",
    "genres" : [ {
      "id" : 18,
      "name" : "Drama"
    } ]
  }, {
    "id" : 293140,
    "title" : "His Back Against the Wall",
    "overview" : "Jeremy Dice, a finisher in a New York East Side tailor shop who prides himself on being a smart dresser and dancer, proves to be cowardly when he retreats from a bully who gets fresh with his girl, and his employer discharges him. Deciding to go out west, Jeremy is caught hitching the rails and comes upon two outlaws in the desert disputing over booty; they are both killed in a shoot-out, and Jeremy is proclaimed a hero by the sheriff.....",
    "genres" : [ {
      "id" : 35,
      "name" : "Comedy"
    } ]
  }, {
    "id" : 293145,
    "title" : "Hitler's Pawn: The Margaret Lambert Story",
    "overview" : "The life of Jewish athlete Margaret Lambert whose dream of competing for Germany in the '36 Olympics was clouded by the rise of the Nazis.",
    "genres" : [ ]
  }, {
    "id" : 293150,
    "title" : "Erotico",
    "overview" : "The sexy ladies of Erotico bring their unhindered sexual desires to the big screen. Meet Stoya, the injured ballerina who gives her ex-lover, James Deen a final screw on the ballet bar. Next, enjoy BiBi Jones™ and Bill Bailey, a couple who employs sadistic tactics to solidify their passion. Then, tough girl-boxer Bonnie Rotten seduces a fan all the way to the shower where they release their aggression on one another. Afterwards, Monique Alexander satisfies voyeur Jordan Ash as she dresses and undresses, and then finally acknowledges his presence for an unbelievable bang. Lastly, Dani Daniels teases the heck out of her trainer, and brings him back for a workout he never would have imagined!",
    "genres" : [ ]
  }, {
    "id" : 293155,
    "title" : "We Are Kings",
    "overview" : "We Are Kings is a rock and roll/blues fable, a group of down and out musicians breaks through against all odds, with a little help from a friendly ghost. Starring Sammy Blue, Rita Graham, Bianca Ryan, Pryce Watkins, and Jonathon Boogie Long.",
    "genres" : [ {
      "id" : 35,
      "name" : "Comedy"
    }, {
      "id" : 10402,
      "name" : "Music"
    } ]
  }, {
    "id" : 293160,
    "title" : "Visit to a Chief's Son",
    "overview" : "An American anthropologist and his son benefit from their experiences with an East African tribe.",
    "genres" : [ {
      "id" : 12,
      "name" : "Adventure"
    } ]
  }, {
    "id" : 293165,
    "title" : "What Do I Do Now?",
    "overview" : "Claudia is preparing for her CMT exam which she must take this afternoon, but her morning turns into a bizarre situation when a sheik from Arabia requests a private session at her place. The offer is tempting and she thinks she'll make some quick money that she can later spend on a celebration for passing of her exam. Claudia invites the sheik over for a session, only to see the sheik faint, and lay lifeless and non-responsive on her massage table. Scared of her life being ruined forever, Claudia calls her best friend Jessie, an unemployed investigator, to help her resolve this problem. While the girls try to move the sheik from the massage table, the lifeless body falls on the floor making a huge noise, which wakes up Willie, a pot grower living downstairs, who just wants to enjoy his day in peace while smoking his blunts.",
    "genres" : [ ]
  }, {
    "id" : 293170,
    "title" : "I Fucked My Stepmom",
    "overview" : "When the husband's away...the stepmom will play! From acclaimed director Axel Braun comes a sexy, funny new movie featuring hot cougars on the prowl, and horny boys very happy to be seduced!",
    "genres" : [ ]
  }, {
    "id" : 293175,
    "title" : "Fresh Produce",
    "overview" : "",
    "genres" : [ {
      "id" : 10770,
      "name" : "TV Movie"
    }, {
      "id" : 18,
      "name" : "Drama"
    } ]
  }, {
    "id" : 293180,
    "title" : "I'm a Stripper",
    "overview" : "I'm A Stripper is an unfiltered look at a day in the life of male exotic dancers. Separated by geography, age, experience, skill set, and whether dancing for men or women, these career dancers confront different challenges.",
    "genres" : [ {
      "id" : 99,
      "name" : "Documentary"
    } ]
  }, {
    "id" : 293185,
    "title" : "A Stranger Waits",
    "overview" : "Most men consider the widow Kate Bennington to be irresistible, but when she dives into a madly passionate love affair with a mysterious younger man, one of her secret admirers sets in motion a terrifying plan to end their relationship, forever.",
    "genres" : [ ]
  }, {
    "id" : 293190,
    "title" : "Unser Kindermädchen ist ein Millionär",
    "overview" : "",
    "genres" : [ {
      "id" : 10749,
      "name" : "Romance"
    }, {
      "id" : 10770,
      "name" : "TV Movie"
    }, {
      "id" : 35,
      "name" : "Comedy"
    } ]
  }, {
    "id" : 293195,
    "title" : "Zagreb Cappuccino",
    "overview" : "Zagreb Cappuccino is the story of two best friends, Petra and Kika. Both women are in their early forties. Petra, in Zagreb, is getting divorced, and Kika arrives from Cologne to console her. Kika, a cosmopolitan party girl, teaches Petra how to carry on with her life without a husband and a family. Over several cups of coffee and nights out we get to know their fears and problems, their solitude, insecurities and inner strength.",
    "genres" : [ {
      "id" : 18,
      "name" : "Drama"
    } ]
  }, {
    "id" : 293200,
    "title" : "Schock – Eine Frau in Angst",
    "overview" : "",
    "genres" : [ {
      "id" : 53,
      "name" : "Thriller"
    } ]
  }, {
    "id" : 293205,
    "title" : "Recipe for Love",
    "overview" : "Lauren Hennessey has always loved to cook and is a proud perfectionist at her job at \"Food &amp; Entertainment Magazine's\" test kitchen while she dreams of being able to finally afford culinary school in Paris. When her boss offers her a bonus if she agrees to ghostwrite the cookbook of a difficult celebrity chef, Lauren sees her dream becoming a reality as soon as she can tame the notorious bad boy chef in question, Dexter Durant. Slowly peeling back the layers of Dexter's tough-guy persona, she starts seeing a different, vulnerable side to this big-shot chef. Suddenly, their dueling culinary styles become the perfect complement in the kitchen and an attraction between them starts to boil over.",
    "genres" : [ {
      "id" : 10770,
      "name" : "TV Movie"
    }, {
      "id" : 18,
      "name" : "Drama"
    }, {
      "id" : 10749,
      "name" : "Romance"
    } ]
  }, {
    "id" : 293210,
    "title" : "Abigail",
    "overview" : "The sun rises over the empty desert to reveal a lone cowboy lynched the night before. An unexplainable force draws him back to the realm of the living, and he cuts himself down and makes his way home.",
    "genres" : [ ]
  }, {
    "id" : 293215,
    "title" : "Brüderlein fein",
    "overview" : "A young Viennese actor is having much success on the stage; but intrigue and confusion in his love life are making his life a living Hell.",
    "genres" : [ {
      "id" : 35,
      "name" : "Comedy"
    } ]
  }, {
    "id" : 293220,
    "title" : "Schwarz auf weiß",
    "overview" : "Vienna, around 1900.  The master baker Streussler’s most ardent wish is to see his daughter Nelly as a student at the university.  With the help of his famous “streusel cake” he succeeds in luring all kinds of helpers for this endeavor into his house.  But Nelly has entirely different plans:  she is in love with the chimney sweep Heinz, the son of a neighbor, with whom Papa Streussler has been fighting for years.  So it’s no wonder then, that the grump confectioner is doing everything he can to break up the relationship.",
    "genres" : [ {
      "id" : 35,
      "name" : "Comedy"
    } ]
  }, {
    "id" : 293225,
    "title" : "Die goldene Fessel",
    "overview" : "Herr von Lips is a wealthy landowner, surrounded by money and luxury.  But what he lacks is a wife, who really loves him.  So he comes up with the plan to mingle among the people in simple clothing to find the missing bride.  Three fine friends --- \"fine\", that is, as long as the money doesn't run out --- wish to set him up with the egoistic hat maker Mathilde.  Her employer, Kathi, who has no idea that von Lips is a rich man, falls in love with him for whom he is.",
    "genres" : [ {
      "id" : 35,
      "name" : "Comedy"
    } ]
  }, {
    "id" : 293230,
    "title" : "The Trial of Red Riding Hood",
    "overview" : "Red Riding Hood is tried for the murder of The Wolf.",
    "genres" : [ {
      "id" : 10770,
      "name" : "TV Movie"
    }, {
      "id" : 10751,
      "name" : "Family"
    } ]
  }, {
    "id" : 293235,
    "title" : "Shaquille O'Neal Presents: All Star Comedy Jam - Live from Las Vegas",
    "overview" : "Comedian and film star Mike Epps takes center stage as the host of the newest installment in Shaquille O'Neal's All Star Comedy Jam franchise. Epps called on some of stand-up comedy's freshest talent to help him bring down the house; Lil' Rel, Henry Welch, Deon Cole and DeRay Davis. This hilarious lineup delivers nonstop laughs in this high-energy night of comedy.",
    "genres" : [ ]
  }, {
    "id" : 293240,
    "title" : "The Reincarnation",
    "overview" : "(no overview )",
    "genres" : [ {
      "id" : 18,
      "name" : "Drama"
    } ]
  }, {
    "id" : 293245,
    "title" : "Pikachu's PikaBoo",
    "overview" : "Pikachu and Ash and Misty's other Pokémon play hide-and-seek in a mansion and its gardens.",
    "genres" : [ {
      "id" : 16,
      "name" : "Animation"
    } ]
  }, {
    "id" : 293250,
    "title" : "Their Private Lives",
    "overview" : "Ko Ming-chung, a wildly popular movie actor is having an illicit affair with similarly popular thespian Ai-ling. Though Ming-chung's wife quietly puts up with this infidelity, so long as he does not try to leave her, Ai-ling's spouse is less forgiving, a middle-aged oaf prone to violence. When the tabloids get wind of the liaison, the two secret lovers find themselves headline news throughout the colony. Ming-chung's wife soon starts to mount a media blitz, painting Ai-ling as a husband-stealing, home-wrecking shrew.",
    "genres" : [ ]
  }, {
    "id" : 293255,
    "title" : "Soldiers' Stories",
    "overview" : "100 years ago the greatest battle the earth has ever seen began in the Somme region of France. More British and Canadian soldiers would die in this one single battle than in all of World War II, yet it is a relatively unknown event today. Soldiers' Stories brings a 'grunt eye view' of battle to life using original, never before seen 3D stereoscopic images from the time. Painstakingly remastered for 15/70 mm film format these powerful and haunting images are brought to the screen for the first time ever. The Soldiers' Story is a universal and timeless story. In the film the realities of war are retold by modern combat veterans who relay their own stories of today in order to speak for the veterans of the past.",
    "genres" : [ ]
  }, {
    "id" : 293260,
    "title" : "Hunters in the Snow",
    "overview" : "",
    "genres" : [ {
      "id" : 18,
      "name" : "Drama"
    } ]
  }, {
    "id" : 293265,
    "title" : "Honor Student",
    "overview" : "At a book signing for his best seller, Nicholas Howarth is confronted by sexy Teresa Smith, who says he stole the story when he was her teacher in a woman's prison. Teresa has killed before and won't be stopped as she sets out to destroy Nicholas's reputation, his marriage and his life in her goal to write the final chapter of Honor Student.",
    "genres" : [ {
      "id" : 53,
      "name" : "Thriller"
    } ]
  }, {
    "id" : 293270,
    "title" : "Sistemo l'America e torno",
    "overview" : "",
    "genres" : [ ]
  }, {
    "id" : 293275,
    "title" : "Across the Lake",
    "overview" : "A true story about tragic love of the couple who found themselves at the different sides of the border in 1948.",
    "genres" : [ {
      "id" : 10749,
      "name" : "Romance"
    }, {
      "id" : 18,
      "name" : "Drama"
    } ]
  }, {
    "id" : 293280,
    "title" : "Wide Angle Saxon",
    "overview" : "An interpretation of The Confessions of Saint Augustine featuring an ordinary middle-aged man who undergoes a conversion experience whilst watching an experimental film. - Harvard Film Archive",
    "genres" : [ ]
  }, {
    "id" : 293285,
    "title" : "A Virgin's First Time",
    "overview" : "“My name is Julie. I am 18 and a half and I'm a language student. I share a flat with my best friend Sandra, a very beautiful blond. I have always been very shy with men, that's why I'm still a virgin. Sandra is quite the opposite: confident, seductive and very open, she has an open relationship with the handsome Guillaume and has a completely wild sex life! Sometimes I envy Sandra and her debauched ways... So I've asked her to help me overcome my shyness. She first of all encouraged me to expose myself to guys on the internet. I didn't really want to, but I must admit that it really turned me on and now Sandra is encouraging me to go further. Tonight, she's taking me to a swingers club where she often goes...”",
    "genres" : [ ]
  }, {
    "id" : 293290,
    "title" : "Scaregivers",
    "overview" : "a film by Uro Q. dela Cruz.",
    "genres" : [ {
      "id" : 27,
      "name" : "Horror"
    }, {
      "id" : 35,
      "name" : "Comedy"
    } ]
  }, {
    "id" : 293295,
    "title" : "The Christian",
    "overview" : "Glory Quayle and John Storm, sweethearts since childhood on the Isle of Man, go to London, Glory to become a nurse and John to enter a monastery. Instead, Glory becomes a theater star, and John renounces his vows because he cannot forget his love for her. Lord Robert Ure, who has already betrayed Glory's friend, Polly Love, incites the London populace against John....",
    "genres" : [ {
      "id" : 18,
      "name" : "Drama"
    } ]
  }, {
    "id" : 293300,
    "title" : "The Adulteress",
    "overview" : "The noted actress Li Li-hua, star of more than sixty films since 1947, beautifully portrays the drugged, then disgraced wife of a peddler in the waning days of the Ching Dynasty. To make matters worse, she’s soon framed for her husband’s murder by her rapist - the son of the local magistrate! And even that isn’t the end of her woes. It’s best to have a box of tissues nearby as two expert directors ratchet up the emotional suspense in this consummate tearjerker.",
    "genres" : [ {
      "id" : 36,
      "name" : "History"
    }, {
      "id" : 18,
      "name" : "Drama"
    } ]
  }, {
    "id" : 293305,
    "title" : "A Light in the Fog",
    "overview" : "A widow and her father live alone and make a living by mending oil lamps and making charcoal.",
    "genres" : [ {
      "id" : 18,
      "name" : "Drama"
    } ]
  }, {
    "id" : 293310,
    "title" : "Citizenfour",
    "overview" : "In June 2013, Laura Poitras and reporter Glenn Greenwald flew to Hong Kong for the first of many meetings with Edward Snowden. She brought her camera with her. The film that resulted from this series of tense encounters is absolutely sui generis in the history of cinema:  a 100% real-life thriller unfolding minute by minute before our eyes. Poitras is a great and brave filmmaker, but she is also a masterful storyteller: she compresses the many days of questioning, waiting, confirming, watching the world’s reaction and agonizing over the next move, into both a great character study of Snowden and a narrative that will leave you on the edge of your seat as it inexorably moves toward its conclusion.",
    "genres" : [ {
      "id" : 99,
      "name" : "Documentary"
    } ]
  }, {
    "id" : 293320,
    "title" : "Perfect Gentlemen",
    "overview" : "Four women whose husbands are in prison come together; at first, for emotional support; but later they devise a scheme to rob a bank. This takes up a large part of the film and it is particularly inspired and funny. The actual heist involves our four likable heroines dressing in men's tuxedos (hence, in part, the title of the film).",
    "genres" : [ ]
  }, {
    "id" : 293325,
    "title" : "Pacto de silencio",
    "overview" : "",
    "genres" : [ ]
  }, {
    "id" : 293330,
    "title" : "The Caribbean Heist",
    "overview" : "Five women move to Miami Beach in search of a better life but find the reality of the streets hard to overcome. The struggling gangster driven economy makes things difficult for the ladies so they decide to take a few risks by robbing rich business men they befriend who make millions of dollars illegally.",
    "genres" : [ ]
  }, {
    "id" : 293335,
    "title" : "Night Noon",
    "overview" : "Shambhavi Kaul sets up dialectical dread in Death Valley in a series of uncanny shots of geological formations, eroded mountains, dunes and dried lava contrasted against images of shimmering night skies.",
    "genres" : [ ]
  }, {
    "id" : 293340,
    "title" : "Widows",
    "overview" : "Three armed robbers, Harry Rawlins, Terry Miller and Joe Pirelli, die when the security van that they are robbing catches fire in the Kingsway Tunnel in London. Their widows, Dolly Rawlins, Shirley Miller and Linda Pirelli, find their husbands' plans for the robbery and decide to stage it themselves. They enlist the help of a fourth woman, Bella O'Reilly and succeed in making off with the cash.",
    "genres" : [ ]
  }, {
    "id" : 293345,
    "title" : "Modern Love",
    "overview" : "Modern relationships are examined in this comedy drama.",
    "genres" : [ {
      "id" : 35,
      "name" : "Comedy"
    } ]
  }, {
    "id" : 293350,
    "title" : "Vagabunden",
    "overview" : "",
    "genres" : [ {
      "id" : 18,
      "name" : "Drama"
    } ]
  }, {
    "id" : 293355,
    "title" : "Der Teufel führt Regie",
    "overview" : "",
    "genres" : [ ]
  }, {
    "id" : 293360,
    "title" : "Lover of the Monster",
    "overview" : "Kinski plays a retired doctor and jealous husband who returns with his wealthy wife (Katia Christian) to her family castle. He discovers his late father-in-law's basement laboratory, and angry at the attention his wife is paying to an old boyfriend, starts messing around and somehow turns himself into a slobbering, sex-crazed monster!",
    "genres" : [ {
      "id" : 27,
      "name" : "Horror"
    } ]
  }, {
    "id" : 293365,
    "title" : "Die Todesarena",
    "overview" : "",
    "genres" : [ {
      "id" : 80,
      "name" : "Crime"
    } ]
  }, {
    "id" : 293370,
    "title" : "Manhattan Cocktail",
    "overview" : "Nancy Carroll stars in Manhattan Cocktail as Babs, a college coed who dreams of becoming a famous actress. Joining up with her campus chums Fred (Richard Arlen) and Bob (Danny O'Shea), likewise aspiring thespians, Babes heads to Broadway with stars in her eyes. The winsome threesome are quickly disillusioned by the heartless machinations of nasty producer Renov (Paul Lukas) and his harridan wife (Lilyan Tashman). Before the plot proper gets under way, the audience is regaled with a cute \"mythological\" prologue, featuring the same three leading actors. Manhattan Cocktail was a silent picture, except for two brief musical numbers showcasing Nancy Carroll.",
    "genres" : [ {
      "id" : 18,
      "name" : "Drama"
    } ]
  }, {
    "id" : 293375,
    "title" : "An der schönen blauen Donau",
    "overview" : "",
    "genres" : [ {
      "id" : 10749,
      "name" : "Romance"
    }, {
      "id" : 35,
      "name" : "Comedy"
    }, {
      "id" : 10402,
      "name" : "Music"
    } ]
  }, {
    "id" : 293380,
    "title" : "The Nativity",
    "overview" : "The story of the courtship of Joseph and Mary, and of the events leading up to the first Christmas.",
    "genres" : [ {
      "id" : 18,
      "name" : "Drama"
    }, {
      "id" : 36,
      "name" : "History"
    }, {
      "id" : 10751,
      "name" : "Family"
    } ]
  }, {
    "id" : 293385,
    "title" : "battlefield 3",
    "overview" : "playing battlefield 3",
    "genres" : [ ]
  }, {
    "id" : 293390,
    "title" : "Everest Avalanche Tragedy",
    "overview" : "Unprecedented access and eyewitness accounts from the rescue and recovery that took place after the avalanche struck the Khumbu Icefall, just above Mt. Everest base camp, during the morning of Friday, April 18, killing 13 and leaving three missing.",
    "genres" : [ ]
  }, {
    "id" : 293395,
    "title" : "Three Nights of Love",
    "overview" : "Three Nights of Love is a 1964 drama film directed by Renato Castellani, Luigi Comencini and Franco Rossi and starring Adolfo Celi, Enrico Maria Salerno and Catherine Spaak.",
    "genres" : [ {
      "id" : 35,
      "name" : "Comedy"
    }, {
      "id" : 18,
      "name" : "Drama"
    } ]
  }, {
    "id" : 293400,
    "title" : "Kassim the Dream",
    "overview" : "A man proves that against all odds, he can turn tragedy into inspiration by becoming a world class champion, in this gripping tale of survival and courage.",
    "genres" : [ ]
  }, {
    "id" : 293405,
    "title" : "Robin's Hood",
    "overview" : "Robin is a social worker in Oakland on the verge of losing her job for getting too close to her clients; she's African-American and grew up in the neighborhood. She falls for Brooklyn, a White Frenchwoman, who's a thief with dreams of running a motorcycle repair shop. Robin is not only willing to be Brooklyn's lover, she's willing to join in the robberies because she sees community projects that need money: she becomes an anonymous Robin Hood. When her personal life takes a sharp turn and she wants to do one last job, Brooklyn's jealousy flares. Is there any way to resolve these conflicts of love, family, finance, and violence?",
    "genres" : [ ]
  }, {
    "id" : 293410,
    "title" : "Leutnant Gustl",
    "overview" : "",
    "genres" : [ {
      "id" : 18,
      "name" : "Drama"
    } ]
  }, {
    "id" : 293415,
    "title" : "Finder, bitte melden",
    "overview" : "",
    "genres" : [ {
      "id" : 35,
      "name" : "Comedy"
    } ]
  }, {
    "id" : 293420,
    "title" : "Auschwitz Escape",
    "overview" : "Escaping from Dr. Josef Mengele at Auschwitz-Birkenau, Hungarian Jew Klara Wizel recalls her life as a 16-year old when she met the notorious physician at the height of his power. An award-winning documentary from Danny Naten.",
    "genres" : [ ]
  }, {
    "id" : 293425,
    "title" : "Struggles in Italy",
    "overview" : "The film reveals how and why a supposedly revolutionary Italian girl has in fact fallen prey to bourgeois ideology.",
    "genres" : [ {
      "id" : 18,
      "name" : "Drama"
    } ]
  }, {
    "id" : 293430,
    "title" : "Los Gritones",
    "overview" : "There are places and moments that invite you to scream.",
    "genres" : [ ]
  }, {
    "id" : 293435,
    "title" : "30 Frames a Second: The WTO in Seattle",
    "overview" : "30 Frames A Second: The WTO in Seattle, is a compelling first-person account of the events that unfolded during the week the World Trade Organization came to Seattle in November of 1999.",
    "genres" : [ {
      "id" : 99,
      "name" : "Documentary"
    } ]
  }, {
    "id" : 293440,
    "title" : "The Rampant Age",
    "overview" : "Wealthy playboy Sandy Benton falls for pretty but decidedly less wealthy neighbor Doris Lawrence. She rebuffs his attentions, but scheming golddigger Estelle has her own plans for Sandy. When Doris hears about Sandy's wild times with Estelle, she sets out to show him that she, too, can be a \"modern\" woman.",
    "genres" : [ ]
  }, {
    "id" : 293445,
    "title" : "Madly Bangali",
    "overview" : "Madly Bangalee is a Bengali rock band that inspires the film’s title. They rehearse in a dowdy garage of Kolkata, owned by Bobby (Lew Hilt), who owns Bobby’s Garage. Four young boys with stardust in their eyes practise their numbers not knowing what they are really aiming at. But the garage is under threat from a South Kolkata don Baburam (Chandan Sen). One morning, an elderly man, San (Anjan Dutt), arrives from \"America and Paris.\" Baaji, (Sumit) the drummer who is a Muslim had to drop out of school. He escapes from the trap of turning a terrorist like his older brother Sultan. He later becomes a police officer who bashes up everyone who tries to bribe him. Neon (Tanaji) plays the rhythm guitar but, sucked into the world of drugs, he disappears from the face of the earth with his guitar. Pablo, lead singer, bass guitarist and lyricist, leaves for the US and the group breaks up. Bobby dies.",
    "genres" : [ ]
  }, {
    "id" : 293450,
    "title" : "Flow",
    "overview" : "Michael lives in a housing project. He and his friends make music together. Michael is clearly the biggest talent in the group, and one day he is discovered by the established rapper Apollo who makes Michael his ghostwriter. A big opportunity for Michael, this also means moving forward without his friends and breaking the unwritten rule of loyalty. Michael focuses on his music, hoping that the situation will resolve itself. As his friends lose their patience, a dramatic showdown is inevitable.",
    "genres" : [ {
      "id" : 18,
      "name" : "Drama"
    } ]
  }, {
    "id" : 293455,
    "title" : "Le ballon de rouge",
    "overview" : "Paris, France, 1963. A couple have an argument in a bar. A young man sitting nearby takes the opportunity to talk to the girl and tells her what could be their life together if she accepts to run away with him, now.",
    "genres" : [ ]
  }, {
    "id" : 293460,
    "title" : "Ein Koala-Bär allein zu Haus",
    "overview" : "",
    "genres" : [ {
      "id" : 10751,
      "name" : "Family"
    } ]
  }, {
    "id" : 293465,
    "title" : "Operation Lipstick",
    "overview" : "spy action film",
    "genres" : [ {
      "id" : 53,
      "name" : "Thriller"
    }, {
      "id" : 28,
      "name" : "Action"
    } ]
  }, {
    "id" : 293470,
    "title" : "Fuga con Marlene",
    "overview" : "A middle aged woman, recently released from prison robs a jewellery store and takes off with her long lost teenage son",
    "genres" : [ {
      "id" : 18,
      "name" : "Drama"
    }, {
      "id" : 10770,
      "name" : "TV Movie"
    } ]
  }, {
    "id" : 293475,
    "title" : "Chanoc",
    "overview" : "Chanoc and his uncle bust up an illegal mining operation.",
    "genres" : [ ]
  }, {
    "id" : 293480,
    "title" : "Thomas & seine Freunde - Dampfloks gegen Dieselloks",
    "overview" : "",
    "genres" : [ {
      "id" : 16,
      "name" : "Animation"
    }, {
      "id" : 10751,
      "name" : "Family"
    } ]
  }, {
    "id" : 293485,
    "title" : "Voice of Sokurov",
    "overview" : "Five years in the making, based on six lengthy interviews filmed on six different locations in Saint Petersburg, we meet an outspoken artist who covers here his entire life and prolific career. The locations were Sokurov’s own favourites, where he felt at home.",
    "genres" : [ {
      "id" : 99,
      "name" : "Documentary"
    } ]
  }, {
    "id" : 293495,
    "title" : "Verdacht gegen Barry Croft",
    "overview" : "",
    "genres" : [ {
      "id" : 80,
      "name" : "Crime"
    } ]
  }, {
    "id" : 293500,
    "title" : "Lex the Impaler 8",
    "overview" : "Jada and Phoenix double team Lex in an ass-to-mouth, spit-swapping, anal-fest.\r New, thick, tattooed honey Bella shows her DEEP love for anal.\r Capri shows her true love for BBC.\r Kagney loves her fetish wear and loves teasing Lex's huge black cock.\r Mega boobed newcomer Amy wants to bury Lex's massive cock deep in her pussy.\r Hard body Nikita wants deep Black love.",
    "genres" : [ ]
  }, {
    "id" : 293505,
    "title" : "Lex vs. Lisa Ann",
    "overview" : "When a mature, voluptuous MILF of such tantalizing, busty bodaciousness as Lisa takes on a truly enormous black cock and the man with the skill to wield it, the stage is set for an interracial clash of wills and an explosion of erotic pleasure. Lex owes Lisa, and she demands he settle his debt by getting her off whenever she feels the urge. Lexington must use all his sexual skills, and a few sexy friends, to tame this insatiable uber-MILF. First, Lisa drops by for a sensuous, POV-style blow job and a ride on his throbbing pole. Later, in the mood for some intense butt fucking, the curvaceous bombshell impales her giant ass on Lex's huge ebony dick and gets her mug showered in the black man's semen. Next, Lisa blindfolds Lex and ties him to a chair; she and Jayden Jaymes lick each other's hot pussy and tease Lex to madness. The cock-hungry white bitches ride his shaft and get their phat booties splattered with hot sperm…",
    "genres" : [ ]
  }, {
    "id" : 293510,
    "title" : "In Your Name",
    "overview" : "A perfectly happy couple believe they live their dream when they expect their first child. That dream is shattered when the child dies, leaving them to cope with their loss, their environment, and ultimately themselves.",
    "genres" : [ {
      "id" : 18,
      "name" : "Drama"
    } ]
  }, {
    "id" : 293515,
    "title" : "Eros, O Basileus",
    "overview" : "Structured in nine tableaux each a study of a simple action or situation involving a lone, naked figure, the blind Eros, searching for fulfilment, for self. The objects he touches - books, paintings - can be seen as icons of the creative spirit; there is also a motor cycle and film equipment. In succeeding scenes he appears to try on identities offered by institutional doctrines of religion and social traditions of (overt) masculinity. Much of the film was constructed in-camera with a small amount of editing afterwards. An innovation was the use of in-camera fade-outs as phrase markers, not as terminal points, within a single set-up or shot.",
    "genres" : [ ]
  }, {
    "id" : 293520,
    "title" : "Das weite Land",
    "overview" : "",
    "genres" : [ {
      "id" : 18,
      "name" : "Drama"
    } ]
  }, {
    "id" : 293525,
    "title" : "Lysis",
    "overview" : "Markopoulos called Lysis “a study in stream-of-consciousness poetry of a lost, wandering, homosexual soul” and felt that the film foreshadowed The Illiac Passion.",
    "genres" : [ {
      "id" : 18,
      "name" : "Drama"
    } ]
  }, {
    "id" : 293530,
    "title" : "The Moving Picture Co. 1914",
    "overview" : "In the early 1900s, Ellen, an aspiring actress, tries to find her lucky break in a studio where everything goes wrong.",
    "genres" : [ ]
  }, {
    "id" : 293535,
    "title" : "Carnal Awakenings",
    "overview" : "A young couple becomes involved with a sexy new stranger in this steamy adult thriller.",
    "genres" : [ {
      "id" : 18,
      "name" : "Drama"
    } ]
  }, {
    "id" : 293540,
    "title" : "Run Like Hell",
    "overview" : "Every year, sisters Samantha and Maggie fly home to spend Fourth of July with their parents. But this year Samantha's new husband Dan has mapped out the perfect road trip. With Maggie's husband's Jeep packed to the brim, they head out. But the fun is cut short when their car gets stolen, leaving them stranded in the middle of the desert. With no car, and no cell service, they are forced to seek the help of some small town locals. As the stranded travellers wait for the Sheriff to locate their car, it becomes painfully obvious that the locals have other plans for them. When there's nowhere to hide, all they can do is Run Like Hell.",
    "genres" : [ {
      "id" : 28,
      "name" : "Action"
    }, {
      "id" : 27,
      "name" : "Horror"
    }, {
      "id" : 53,
      "name" : "Thriller"
    } ]
  }, {
    "id" : 293545,
    "title" : "Hot Summer",
    "overview" : "Attorney Margarita Santos has a good life in Miami. But it's suddenly turned upside down when her rich and gorgeous ex-lover comes to town and is willing to do anything to get her back.",
    "genres" : [ ]
  }, {
    "id" : 293550,
    "title" : "Dark Desires: Amy",
    "overview" : "A young woman called Amy, without scruple or taboo, embarks upon a career of robbery and murder, eventually taking up with the family of an upper middle class man and briefly leading a provincial life. Because she has nothing to lose, Amy is desperate to gain money and power. If men are susceptible to her charms, women must be even more wary of her diabolic schemes. For love or money there is no mercy for women.",
    "genres" : [ ]
  }, {
    "id" : 293555,
    "title" : "The Kiss of Death",
    "overview" : "Adaptation of a novel by Carolina Invernizio.",
    "genres" : [ {
      "id" : 18,
      "name" : "Drama"
    } ]
  }, {
    "id" : 293560,
    "title" : "Saïgon, l’été de nos 20 ans",
    "overview" : "",
    "genres" : [ {
      "id" : 10770,
      "name" : "TV Movie"
    }, {
      "id" : 18,
      "name" : "Drama"
    } ]
  }, {
    "id" : 293565,
    "title" : "Interludes",
    "overview" : "Interludes\" is based on the real life events of three incarcerated women as they detail traumatic events from their love lives. It's about the complicated relationships, from the first love to last, and how life events shape our hearts.",
    "genres" : [ {
      "id" : 53,
      "name" : "Thriller"
    }, {
      "id" : 18,
      "name" : "Drama"
    } ]
  }, {
    "id" : 293570,
    "title" : "Enemy of the Reich: The Noor Inayat Khan Story",
    "overview" : "In 1943, Noor Inayat Khan was recruited as a covert operative into Winston Churchill's Special Operations Executive. With an American mother and Indian Muslim father, she was an extremely unusual British agent. After her network collapsed, Khan became the only surviving radio operator linking the British to the French Resistance in Paris, coordinating the airdrop of weapons and agents, and the rescue of downed Allied fliers.",
    "genres" : [ {
      "id" : 99,
      "name" : "Documentary"
    } ]
  }, {
    "id" : 293575,
    "title" : "Tausche Kind gegen Karriere",
    "overview" : "",
    "genres" : [ {
      "id" : 35,
      "name" : "Comedy"
    } ]
  }, {
    "id" : 293580,
    "title" : "All Those Sunflowers",
    "overview" : "Marieke, a 27-year-old Dutch woman, works for an advertising agency in New York. She feels lonely in ‘the city that never sleeps’. Her boyfriend Dylan is the only one who can comfort her, although he only drops by occasionally. When she visits the verdant and quiet Long Island on an outing with colleagues, the introverted woman finally blooms. Especially when she is introduced to George. Right at that moment, Dylan asks Marieke to let him go. Subtle drama about loneliness, mourning and starting anew.",
    "genres" : [ {
      "id" : 10769,
      "name" : "Foreign"
    }, {
      "id" : 18,
      "name" : "Drama"
    }, {
      "id" : 10749,
      "name" : "Romance"
    } ]
  }, {
    "id" : 293585,
    "title" : "Race War: The Remake",
    "overview" : "What happens when the white man brings their smack into Soda's hood?",
    "genres" : [ {
      "id" : 27,
      "name" : "Horror"
    }, {
      "id" : 35,
      "name" : "Comedy"
    } ]
  }, {
    "id" : 293590,
    "title" : "Ein Dorf schweigt",
    "overview" : "",
    "genres" : [ {
      "id" : 18,
      "name" : "Drama"
    } ]
  }, {
    "id" : 293595,
    "title" : "Slave Trade: How Prince Remade the Music Business",
    "overview" : "In the mid-1990s reports emerged that Prince had fallen into dispute with his record company. Having signed what was ostensibly a new, 100 million dollar contract just a couple of years before, Prince was now demanding - not unreasonably to most commentators - control of his masters and the freedom to release what he wanted when he wanted. After a bitter war of words, during which the star scrawled Slave across his cheek whenever he appeared in public and routinely dissed his label, the parties finally settled and Prince henceforth was free to take full control of his music and the way it was sold to consumers. Prince approached this task with devastating foresight as he routinely created new marketing concepts which, with time, became the norm across the music world.",
    "genres" : [ {
      "id" : 10402,
      "name" : "Music"
    }, {
      "id" : 99,
      "name" : "Documentary"
    } ]
  }, {
    "id" : 293605,
    "title" : "The Wanderers",
    "overview" : "Ben Meadows (Jesse C. Boyd), visiting his home town in Texas for the first time in ten years, ends up in a coma following a car accident on the way home from his mother's funeral. When Ben wakes from his condition, his doctors realize he is suffering from amnesia. Ben's younger brother, Lee (Layton Matthews), takes him home to recover and it isn't long before Ben begins piecing his memory back together. In a bid to regain his now-lost past, Ben convinces Lee to travel with him to Los Angeles, California in an effort to track down their estranged father. Once in LA, the two discover that their father is not the same person they were hoping to reconnect with and find themselves falling deeper and deeper into a crime world they don't understand. In this gritty tale set in today's urban LA, two brothers come to the realization that some things are better left in the past where they belong.",
    "genres" : [ ]
  }, {
    "id" : 293610,
    "title" : "The Truth about Twisters",
    "overview" : "Knowing Tornado fact from fiction may save your life. Whether handed down as folklore or spread by under-informed reports, the misinformation is out there. Now hear from scientists and survivors with eyewitness testimony separating fact from fiction.",
    "genres" : [ ]
  }, {
    "id" : 293615,
    "title" : "Ein Robinson",
    "overview" : "",
    "genres" : [ {
      "id" : 10752,
      "name" : "War"
    } ]
  }, {
    "id" : 293620,
    "title" : "Don't Look Down",
    "overview" : "Travel around the globe with Action Sports icon Shaun White from the SuperPipe in Alts Bandai to the black tops of Rwanda. It is time to see how he prepares for competition, copes with pressure and rises above the rest to be the best.",
    "genres" : [ ]
  } ]
}