{
  "movies" : [ {
    "id" : 160475,
    "title" : "Mountain Timelapse on Vimeo",
    "overview" : "This was filmed between 4th and 11th April 2011. I had the pleasure of visiting El Teide.\r Spain´s highest mountain @(3718m) is one of the best places in the world to photograph the stars and is also the location of Teide Observatories, considered to be one of the world´s best observatories.\r The goal was to capture the beautiful Milky Way galaxy along with one of the most amazing mountains I know El Teide. I have to say this was one of the most exhausting trips I have done. There was a lot of hiking at high altitudes and probably less than 10 hours of sleep in total for the whole week. Having been here 10-11 times before I had a long list of must-see locations I wanted to capture for this movie, but I am still not 100% used to carrying around so much gear required for time-lapse movies.",
    "genres" : [ ]
  }, {
    "id" : 160480,
    "title" : "Bergenstoget plyndret i natt",
    "overview" : "The film tells the story of an ambitious young man, Tom, who loves Grete, daughter of the manager of the national railroads; but Grete's father prefers Lund, an upright and uptight army officer. To prove his worth, Tom organizes a daring robbery of the nightly Bergen Express in the hopes of outwitting his rival, who's been assigned to track down the thieves.",
    "genres" : [ ]
  }, {
    "id" : 160530,
    "title" : "Lone Ninja Warrior",
    "overview" : "Kung Fu movie.",
    "genres" : [ ]
  }, {
    "id" : 160550,
    "title" : "The Departure of a Great Old Man",
    "overview" : "A group of peasants comes to see Leo Tolstoy and his wife, the Countess, to request some land. Tolstoy must explain to them that it is his wife who has authority over their land-holdings, and she will not help them. Stung by their negative reaction to him, Tolstoy becomes increasingly preoccupied with the problems of the poor. This leads to a number of conflicts with his wife, and then to a deep despondency, as the noted writer continues vainly to search for answers to the sufferings he sees around him.",
    "genres" : [ ]
  }, {
    "id" : 160555,
    "title" : "Tsar Ivan Vasilevich Groznyy",
    "overview" : "This film was a true peculiarity, a filmed version of the great Feodor Chaliapin in one of his most famous roles; the fact that it was a silent film, with title cards, meant that audiences could only appreciate his acting. Another curiosity is that the film also included a minor role enacted by Richard Boleslavsky, who in 1932 directed “Rasputin and the Empress.”(9)",
    "genres" : [ ]
  }, {
    "id" : 160560,
    "title" : "Uwharrie",
    "overview" : "In the spring of 2009, two friends left everything behind for one weekend. Their goal was to hike the remote region surrounding Troy...",
    "genres" : [ ]
  }, {
    "id" : 160580,
    "title" : "Los matamonstruos en la mansion del terror",
    "overview" : "It is not an assault on a bank or a tough fight against the evil Ninja ... this time the members of the Brigade Z will face fearsome ghosts.",
    "genres" : [ {
      "id" : 27,
      "name" : "Horror"
    }, {
      "id" : 35,
      "name" : "Comedy"
    } ]
  }, {
    "id" : 160600,
    "title" : "Massacre Gun",
    "overview" : "Kuroda (Jô Shishido) is a mob hitman who turns on his employers after being forced to execute his lover. Joining forces with his similarly wronged brothers, hot-headed Eiji (Tatsuya Fuji) and aspiring boxer Saburô (Jirô Okazaki), the trio escalate their mob retaliation to all-out turf war where no one will stop until one faction emerges victorious.",
    "genres" : [ {
      "id" : 18,
      "name" : "Drama"
    }, {
      "id" : 80,
      "name" : "Crime"
    } ]
  }, {
    "id" : 160610,
    "title" : "La tonta del bote",
    "overview" : "",
    "genres" : [ {
      "id" : 35,
      "name" : "Comedy"
    }, {
      "id" : 18,
      "name" : "Drama"
    } ]
  }, {
    "id" : 160625,
    "title" : "Redempsion",
    "overview" : "A short, dark drama that tells the tale of Harrison Chase. In this disturbing portrait of morality, a modern man loses it all.",
    "genres" : [ ]
  }, {
    "id" : 160630,
    "title" : "How the West Was Won: Led Zeppelin",
    "overview" : "",
    "genres" : [ {
      "id" : 10402,
      "name" : "Music"
    } ]
  }, {
    "id" : 160640,
    "title" : "Johnny Carson - His Favorite Moments from 'The Tonight Show' - '60s & '70s: Heeere's Johnny!",
    "overview" : "Volume 1 Part 1 - The Best of the '60s &amp; '70s",
    "genres" : [ ]
  }, {
    "id" : 160650,
    "title" : "7915 Km",
    "overview" : "A motor-sports spectacle that kicks up plenty of dust. On the trail of the 2007 Dakar Rallye ‘7915 KM’ undertakes a search, along the way encountering the variety to be found in Africa’s present in Morocco, Sahrawi Republic, Mauritania, Mali and Senegal. ‘7915 KM’ demonstrates the extent of this distance, which is the result of political and economic conditions, and also the ideas and  prejudices to be found in both Europe and Africa. It also makes the closeness tangible, which becomes clear in the stories of everyday life, work, hopes and worries. Keeping the sobering reality in mind, it creates an homage to humanity and slowness which questions deep-seated perceptions and the role of Europeans in numerous, presumably African, problems.",
    "genres" : [ ]
  }, {
    "id" : 160660,
    "title" : "Confidential Agent",
    "overview" : "During the Spanish Civil War, an agent on a mission to purchase coal meets with murder and counterspies.",
    "genres" : [ {
      "id" : 18,
      "name" : "Drama"
    } ]
  }, {
    "id" : 160675,
    "title" : "Les Parlementeries 2009",
    "overview" : "",
    "genres" : [ ]
  }, {
    "id" : 160685,
    "title" : "Dimka",
    "overview" : "",
    "genres" : [ ]
  }, {
    "id" : 160700,
    "title" : "My Wife Is a Gambling Maestro",
    "overview" : "Jay Chou is a soft hearted, mellow young man that is often fooled and used by women who only want his money. One night, he saved a young and sexy Kung Fu master, Ying Ying and she helped Jay recoup many of his bad debts and kicked his lousy girlfriends away. Surprisingly, Ying Ying is a maestro in gambling - mahjong, football betting and horse racing. However, Ying Ying suffered from amnesia, and could not remember who she was. Nevertheless, Jay plucked up courage to ask her to marry him and she agreed. On the night before their wedding, Ying Ying disappeared! Later, Jay finally found her and she is contending in the Asian God of Gamblers Competition and also had a fiancé named Henry. What was Jay to do?",
    "genres" : [ {
      "id" : 10769,
      "name" : "Foreign"
    }, {
      "id" : 35,
      "name" : "Comedy"
    } ]
  }, {
    "id" : 160705,
    "title" : "The Way to Eden",
    "overview" : "\"What happens with a person after his death? What does the final destination look like? What happens with our bodies? How are we prepared for our last voyage?\" A film on how we deal with death. The aging and the decay of the body, free of taboos. Death as a part of life and as the last companion. Janos Keser, the modern Charon, occupation: master of dissecting.",
    "genres" : [ {
      "id" : 99,
      "name" : "Documentary"
    } ]
  }, {
    "id" : 160715,
    "title" : "O'Hara's Wife",
    "overview" : "Workaholic attorney Bob O'Hara (Asner) is devastated when his wife (Hartley) dies suddenly. She returns to \"haunt\" him, however, (a la \"Topper\") and her mission is to persuade him to slow down, watch his own health, and renew relationships with his two grown children (Foster and Lang.)",
    "genres" : [ {
      "id" : 18,
      "name" : "Drama"
    }, {
      "id" : 35,
      "name" : "Comedy"
    } ]
  }, {
    "id" : 160720,
    "title" : "City Without Baseball",
    "overview" : "The actual members of the Hong Kong Baseball Team all prove themselves to be natural actors by playing themselves in this fictional youth drama set in 2004. In a city where baseball culture is non-existent, these baseball players are a minority by choice. The experience teaches them to be free-thinkers in dealing with love, friendship and their own sexuality. It also enables them to find the will to live in the face of death and the strength to conquer losing in a spectatorless sport.",
    "genres" : [ {
      "id" : 18,
      "name" : "Drama"
    } ]
  }, {
    "id" : 160745,
    "title" : "Porto dos Mortos",
    "overview" : "In a devastated post-apocalyptic world where the rules of reality are transformed by magic and madness, a vengeful police officer searches for a possessed serial killer in a battle of the not-so-good versus absolute evil.",
    "genres" : [ {
      "id" : 27,
      "name" : "Horror"
    }, {
      "id" : 878,
      "name" : "Science Fiction"
    }, {
      "id" : 28,
      "name" : "Action"
    } ]
  }, {
    "id" : 160750,
    "title" : "A Lamb in Despair",
    "overview" : "Chinese-American Wu and his friend Paul are accused of killing 25 women in the United States.",
    "genres" : [ {
      "id" : 27,
      "name" : "Horror"
    }, {
      "id" : 80,
      "name" : "Crime"
    } ]
  }, {
    "id" : 160785,
    "title" : "Cuchillos de Fuego",
    "overview" : "Version of the play \"Todo bicho de uña\". It tells the story of revenge. The tour of the Andean, for ten years, a young man in search of the rapist and murderer of his mother, takes us into the underworld strata fairs and circuses villagers.",
    "genres" : [ {
      "id" : 18,
      "name" : "Drama"
    } ]
  }, {
    "id" : 160790,
    "title" : "First Communion",
    "overview" : "",
    "genres" : [ ]
  }, {
    "id" : 160795,
    "title" : "The Saturday Night Kid",
    "overview" : "Jayme and sister Janie are salesgirls in Ginsberg's Department Store. Mayme is in love with store clerk Bill, but Janie tries to steal him from her. Hazel, another salesgirl, is Jean Harlow's first credited role.",
    "genres" : [ {
      "id" : 35,
      "name" : "Comedy"
    }, {
      "id" : 10749,
      "name" : "Romance"
    } ]
  }, {
    "id" : 160805,
    "title" : "What's Wrong with This Picture?",
    "overview" : "A snapshot of the state of the Danish nation: in one of the stories, a woman enters a pole-sitting contest in a desperate bid to reinvent herself. Another is about Erik, whose wife has been lobbying a Better Homes and Gardens type magazine to do a spread on their perfect home. When the editors finally relent, she makes Erik sip his red wine in the laundry room lest he stain their cream-colored couches. Svend, the last remaining Marxist in Copenhagen, is the impassioned organizer of a political mass meeting where no one shows up. Finally, Jens, a pizza and porno connoisseur, connives his way to some booty by convincing Gry the model that he lives with his mentally challenged brother. Over the course of a week, their paths cross and nothing, and nobody, is ever quite the same again.",
    "genres" : [ {
      "id" : 35,
      "name" : "Comedy"
    } ]
  }, {
    "id" : 160810,
    "title" : "Topsy Turvy",
    "overview" : "An uptight young man and his equally uptight family moves next door to a hedonistic clan, including the beautiful, sexy Topsy, who charms the new neighbor boy Tom. But Tom discovers that the price of loving Topsy may be higher than he's willing to pay -- she insists on absolute honesty and a life and love without possession or exclusivity.",
    "genres" : [ {
      "id" : 10749,
      "name" : "Romance"
    }, {
      "id" : 35,
      "name" : "Comedy"
    }, {
      "id" : 18,
      "name" : "Drama"
    } ]
  }, {
    "id" : 160820,
    "title" : "Outside Love",
    "overview" : "Shmuli is alone with his 5 years old son and lives with his parents. He works as security guard to make money to fulfill his dream of moving to USA. He falls in love with the young and beautiful Amina, but their love is troubled as he is Jewish and she is from Pakistan.",
    "genres" : [ {
      "id" : 18,
      "name" : "Drama"
    } ]
  }, {
    "id" : 160825,
    "title" : "The Last Gunfight",
    "overview" : "Japanese police detective Saburo Fujioka is suspected of corruption, demoted, and sent to the city of Kojin. Kojin is the scene of fierce fighting between rival gangs. Fujioka is assigned to investigate the death of the wife of gangster Tetsuo Maruyama of the Kozuka gang, probably at the hands of one of the Oka gang. During a gang gunfight, Maruyama is rescued by Detective Fujioka and the two become friends. But Maruyama insists on avenging his wife's murder, even if it means conflict with his new friend.",
    "genres" : [ {
      "id" : 53,
      "name" : "Thriller"
    } ]
  }, {
    "id" : 160835,
    "title" : "Blueprint of Murder",
    "overview" : "Yuzo Kayama plays the protagonist, a whale-hunting cannon manufactuing supervisor, whose brother is an automobile tester for Komatsu Motors which has a fatal accident. As his brother investigates the \"Accident\" with his old college friend (makoto Sato), now a reporter... They stumble across murder, espionage and cover-ups. High-class night club, femme fatale, and a \"Blueprint of Murder\" all adds up to a bigger plot then first expected.",
    "genres" : [ {
      "id" : 53,
      "name" : "Thriller"
    } ]
  }, {
    "id" : 160840,
    "title" : "College Coach",
    "overview" : "Ruthless Coach Gore creates turmoil at a college by hiring players and alienating students. Along the way, the coach loses his wife Claire Gore to a grandstanding player. Inside look at college football of the 1930s replete with fake grades, non-student players, and the importance of football to a college's reputation.",
    "genres" : [ {
      "id" : 18,
      "name" : "Drama"
    } ]
  }, {
    "id" : 160865,
    "title" : "Light Speed",
    "overview" : "A space freighter that has gone adrift suddenly catapults into an alternate universe.",
    "genres" : [ {
      "id" : 878,
      "name" : "Science Fiction"
    }, {
      "id" : 27,
      "name" : "Horror"
    } ]
  }, {
    "id" : 160885,
    "title" : "Tel chi el telùn",
    "overview" : "",
    "genres" : [ {
      "id" : 35,
      "name" : "Comedy"
    } ]
  }, {
    "id" : 160900,
    "title" : "Night Of Terror",
    "overview" : "A bonding family weekend turns sinister in a storm.",
    "genres" : [ ]
  }, {
    "id" : 160910,
    "title" : "Voices",
    "overview" : "After her young son accidentally drowns, a woman has a breakdown and is finally placed in a mental hospital. After her release, her husband takes her for a weekend at a secluded country mansion, hoping to help her recover. However, things at the mansion aren't quite what they seem to be, the couple begin to feel an uneasy and oppressive presence, and the mother starts to see things that may, or may not, be hallucinations.",
    "genres" : [ {
      "id" : 18,
      "name" : "Drama"
    }, {
      "id" : 27,
      "name" : "Horror"
    }, {
      "id" : 53,
      "name" : "Thriller"
    } ]
  }, {
    "id" : 160920,
    "title" : "Ici on noie les Algériens",
    "overview" : "Documentary film",
    "genres" : [ {
      "id" : 99,
      "name" : "Documentary"
    }, {
      "id" : 36,
      "name" : "History"
    } ]
  }, {
    "id" : 160925,
    "title" : "Chase And Status: Live At The Brixton Academy",
    "overview" : "",
    "genres" : [ ]
  }, {
    "id" : 160935,
    "title" : "Rap, revü, Rómeó",
    "overview" : "",
    "genres" : [ ]
  }, {
    "id" : 160940,
    "title" : "Rod Stewart & Faces & Keith Richards",
    "overview" : "Documentary featuring Rod Stewart, Faces, and Keith Richards.",
    "genres" : [ ]
  }, {
    "id" : 160945,
    "title" : "Gunnar Rehlin - A Small Film About Hurting Someone",
    "overview" : "A satiric campaign against the film critic Gunnar Rehlin.",
    "genres" : [ ]
  }, {
    "id" : 160950,
    "title" : "Rock Milestones: Pink Floyd's Atom Heart Mother",
    "overview" : "Documentary about Pink Floyd's album 'Atom Heart Mother'.",
    "genres" : [ ]
  }, {
    "id" : 160955,
    "title" : "Water",
    "overview" : "James leads a lonely life in a luxurious castle in which his parents run a hotel. He never goes out with friends, spends his spare time in his room and peeks at the hotel's guests out of boredom and curiosity. Chased by his controlling mother, who only wants him to finish his homework, James is more interested in the group of handsome Swedish soccer players staying at the hotel. When he finds one of the boys injured at the hotel's swimming pool, James offers his help and smuggles the boy into his room and locks the door. Locked up with a strange boy in his own room, James experiences the complexity of his own sexual feelings for the first time.",
    "genres" : [ ]
  }, {
    "id" : 160960,
    "title" : "Elevator Movie",
    "overview" : "Jim is a shy, withdrawn loner, pervert, and virgin. Lana is a friendly and outgoing born again Christian who has renounced her promiscuous drug filled past. They have never met until they step into an elevator together one day. The elevator gets stuck between floors, and they start to get to know each other...",
    "genres" : [ {
      "id" : 35,
      "name" : "Comedy"
    }, {
      "id" : 18,
      "name" : "Drama"
    } ]
  }, {
    "id" : 160965,
    "title" : "Zone Reptile",
    "overview" : "17 year old Mic feels constrained in a world which is not his own: a lower middleclass suburb of Marseilles, conformism... His being different drives him into a loneliness to which rockmusic not only brings tranquillity and comfort but flings him into the adventure of discovering himself.",
    "genres" : [ ]
  }, {
    "id" : 160975,
    "title" : "Boxer",
    "overview" : "Patrick, a not so successful boxer, meets Nathaniel - and adventures started.",
    "genres" : [ {
      "id" : 35,
      "name" : "Comedy"
    } ]
  }, {
    "id" : 160980,
    "title" : "Drawing Between the Lines",
    "overview" : "Drawing Between the Lines is a short documentary examining the autobiographical world of Chicago cartoonist Jeffrey Brown. Whether sitting in his apartment, riding the L-train, or traveling the country promoting his work, Brown spends his time filling the pages of his sketchbooks. His graphic novels provide a humorous, yet intensely personal look at love, sex and relationships. Drawing Between the Lines explores Brown's candid approach to storytelling and unconventional method of cartooning and provides insight from friends, fans and fellow cartoonists.",
    "genres" : [ ]
  }, {
    "id" : 161015,
    "title" : "A Coming of Angels: 'The Sequel'",
    "overview" : "Once upon a time there were three ANGELS... They were young, they were beautiful, and when the occasion called for it, they were the most torrid sexual sleuths ever created!  As our story opens, a U.S. Senator (Jamie Gillis) discovers his daughter is kidnapped. First, classy Carrie (Annette Haven) takes on the case (and the Senator) in a steamy interview where more than information unfolds. Soon amorous Allison (Ginger Lynn) gets the lusty lowdown from the Senator's hardened assistant (Eric Edwards) while Michelle (Kelly Nichols) sniffs out many a carnal due to unravel the case. Stopping at nothing, these glamorous gumshoes finally expose the kidnappers (and much, much more!) in this steamy tale featuring virtually every top star in adult films today!",
    "genres" : [ {
      "id" : 80,
      "name" : "Crime"
    }, {
      "id" : 35,
      "name" : "Comedy"
    } ]
  }, {
    "id" : 161020,
    "title" : "Barry White and Love Unlimited: in Concert",
    "overview" : "Barry White and Love Unlimited in Concert (1975)",
    "genres" : [ ]
  }, {
    "id" : 161030,
    "title" : "Wake Up!",
    "overview" : "A young man who's stuck in a corparate life find's himself in a situation where he questions the way he lives.",
    "genres" : [ ]
  }, {
    "id" : 161035,
    "title" : "Alba de América",
    "overview" : "Kingdom of Castile, the late fifteenth century. The film chronicles the events that Cristóbal Colón lived (Antonio Vilar) from their stay in the Convent of La Rabida, his meeting with the Catholic Monarchs and, above all, the great odyssey that led to cross the Atlantic and reach the shores of America (1492), thus beginning a new era in the history of mankind.",
    "genres" : [ {
      "id" : 36,
      "name" : "History"
    }, {
      "id" : 18,
      "name" : "Drama"
    } ]
  }, {
    "id" : 161040,
    "title" : "David",
    "overview" : "The story is about two Davids living in different parts of India whose lives eventually come together in a twist of events., who are about to take a step which is going to change their lives forever.",
    "genres" : [ {
      "id" : 80,
      "name" : "Crime"
    }, {
      "id" : 18,
      "name" : "Drama"
    }, {
      "id" : 10749,
      "name" : "Romance"
    } ]
  }, {
    "id" : 161060,
    "title" : "CantaJuego 8",
    "overview" : "",
    "genres" : [ {
      "id" : 10402,
      "name" : "Music"
    }, {
      "id" : 10751,
      "name" : "Family"
    } ]
  }, {
    "id" : 161070,
    "title" : "August",
    "overview" : "Set in 1890s North Wales over a long, hot August weekend, the Victorian calm of a household is suddenly upset with the arrival of a London couple who impose their city ways and thoughts on the more rurally based family. An adaptation of Anton Chekhov's play, \"Uncle Vanya.\"",
    "genres" : [ {
      "id" : 10749,
      "name" : "Romance"
    }, {
      "id" : 35,
      "name" : "Comedy"
    }, {
      "id" : 18,
      "name" : "Drama"
    } ]
  }, {
    "id" : 161075,
    "title" : "Too Much Love Will Kill You",
    "overview" : "",
    "genres" : [ ]
  }, {
    "id" : 161080,
    "title" : "Secret Society",
    "overview" : "Daisy is the love of Ken's life - she is also large... and very pretty... and on the dole. But Ken is a dreamer, all his dreams to make a fast buck ending up where they started - as dreams. With the rent unpaid, the bailiffs at the door and Ken's dreams in tatters, Daisy sets out to bring home the bacon and gets a job in the local factory. There she meets Marlene and half a dozen other large women who are all united in a secret passion - Sumo wrestling! Ken doesn't know what's hit him.",
    "genres" : [ {
      "id" : 28,
      "name" : "Action"
    }, {
      "id" : 35,
      "name" : "Comedy"
    }, {
      "id" : 18,
      "name" : "Drama"
    } ]
  }, {
    "id" : 161095,
    "title" : "Můj vysvlečenej deník",
    "overview" : "",
    "genres" : [ ]
  }, {
    "id" : 161100,
    "title" : "Peter and the Wolf: A Prokofiev Fantasy",
    "overview" : "A delightful DVD of Prokofiev's universally beloved and popular \"musical tale,\" brought to life by human actors in a fairytale world inhabited by Muppet-like characters. Pop star Sting (The Police) lends his voice to a Sting puppet for the witty, enlightening commentary that guides the viewer through this charming suite.",
    "genres" : [ ]
  }, {
    "id" : 161105,
    "title" : "Paavo Nurmi - The Man and His Times",
    "overview" : "Paavo Nurmi (1897–1973) was one of the greatest athletes ever, and he had the wins to show it. For some time, his name was synonymous with speed, endurance and grace – if you did something the way Nurmi ran, you did good. But Nurmi's story had its more depressing side: He was accused of violating his amateur status. He died in disgrace, if fondly remembered.  PAAVO NURMI – THE MAN AND HIS TIMES is not so much a portrait of the runner as a vision of his time(s): Here, Nurmi is an icon, an epitome. More than most other works by von Bagh, this one has a strident rigor to it, a focused sense of ritual that fits the subject perfectly.",
    "genres" : [ ]
  }, {
    "id" : 161115,
    "title" : "Wind from Wyoming",
    "overview" : "Manon, is obsessed with famous writer Chester Celine, who hails from Wyoming. Manon learns Chester is coming to town and becomes a slinky, svelte temptress",
    "genres" : [ {
      "id" : 18,
      "name" : "Drama"
    }, {
      "id" : 35,
      "name" : "Comedy"
    } ]
  }, {
    "id" : 161120,
    "title" : "Ringeraja",
    "overview" : "Ringeraja is a movie about two brothers, Ringe and Raja. One of them is a criminal, while the other one is a graduate student - two different worlds. The criminal is trying to please his girlfriend's father, so he asks his brother to switch roles. He is going to pretend to be a student, and the real student has to act like a criminal.",
    "genres" : [ {
      "id" : 35,
      "name" : "Comedy"
    } ]
  }, {
    "id" : 161140,
    "title" : "The Highroller",
    "overview" : "Computer theft, murder and high stakes Las Vegas gambling",
    "genres" : [ ]
  }, {
    "id" : 161145,
    "title" : "The Edge",
    "overview" : "Russian agents hijack a plane with a \"dirty\" bomb",
    "genres" : [ ]
  }, {
    "id" : 161150,
    "title" : "Geert Hoste: Koning",
    "overview" : "",
    "genres" : [ ]
  }, {
    "id" : 161160,
    "title" : "When Twilight Draws Near",
    "overview" : "Bored by the emptiness of everyday life, four students gather to play dangerous games in an apartment.",
    "genres" : [ {
      "id" : 18,
      "name" : "Drama"
    } ]
  }, {
    "id" : 161175,
    "title" : "Yeh Lamhe Judaai Ke",
    "overview" : "Dushyant and Jaya are childhood friends. In spite of his family's poverty, Dushyant has one great ambition in life: to become a successful singer. Jaya encourages him all she can and helps him to realize his dreams. But when Dushyant finally obtains the recognition he has craved for, his career becomes all-important to him. Will the relationship shatters under the strain of his newfound celebrity status?",
    "genres" : [ {
      "id" : 18,
      "name" : "Drama"
    }, {
      "id" : 10749,
      "name" : "Romance"
    }, {
      "id" : 9648,
      "name" : "Mystery"
    } ]
  }, {
    "id" : 161205,
    "title" : "Shaadi Karke Phas Gaya Yaar",
    "overview" : "Ayaan lives a very wealthy lifestyle with his married brother, Karan and his wife, Anju; a younger sister, Yamini, and brother, Rahul; his mom, and grandma; and runs a garage. One day he meets with beautiful model, Ahana, and falls head over heels in love with her. She forgets her personal diary at his garage, and through this Ayaan woos, wins her heart, and both get married. Ahana soon finds out that despite of Ayaan's wealth, his family is very conservative and tradition-bound. This causes some bitterness between the newly-weds, which gets worse when she becomes pregnant and wants to abort the child. While visiting her mom on their dog's birthday, Ahana has an accident which results in a miscarriage. Ayaan blames her for losing the child, but his mother convinces him and he apologizes. Few months later, Ahana becomes pregnant again, and that's when she finds out that Ayaan had pulled wool over her eyes through her personal diary...",
    "genres" : [ ]
  }, {
    "id" : 161240,
    "title" : "She Who Measures",
    "overview" : "Are we truly free? Are our desires truly our own or merely imposed products of the society we live in? The question this film is asking is this: are we slaves to the culture and society we were born in or is there a way to escape after all?",
    "genres" : [ ]
  }, {
    "id" : 161245,
    "title" : "23 Skidoo",
    "overview" : "If you erase the people of downtown America, the effect is bizarre, not to say disturbing. That is what this film does. It shows the familiar urban scene without a soul in sight: streets empty, buildings empty, yet everywhere there is evidence of recent life and activity. At the end of the film we learn what has happened.",
    "genres" : [ ]
  }, {
    "id" : 161250,
    "title" : "Hyperfutura",
    "overview" : "In a dystopian future, citizens without jobs are sent away, never to be heard from again. Adam (Eric Kopatz), a laid off factory worker, answers an ad for a medical test experiment and unknowingly becomes the prime subject in a history altering transhumanism project.",
    "genres" : [ {
      "id" : 878,
      "name" : "Science Fiction"
    } ]
  }, {
    "id" : 161280,
    "title" : "The Shower",
    "overview" : "A sonagi is a brief but a heavy rain shower that starts suddenly, usually on a hot afternoon. In Hwang’s story, the rain shower symbolizes the short but heart-rending love between the boy and the girl. The story begins with the boy encountering the girl playing by the stream on his way back home.  Although many of Hwang’s short stories are notable, “Rain Shower” is cited as his timeless Korean classic by Koreans. Koreans of all ages are acquainted with this story. It is famous for its poignant depiction of the Korean countryside and of innocent adolescent love. The picturesque scenes from this story stir nostalgia for many people.",
    "genres" : [ {
      "id" : 10749,
      "name" : "Romance"
    }, {
      "id" : 18,
      "name" : "Drama"
    } ]
  }, {
    "id" : 161285,
    "title" : "In the Heat of the Sun",
    "overview" : "The film is set in Beijing during the Cultural Revolution. It is told from the perspective of Ma Xiaojun nicknamed Monkey, a teenage boy. Monkey and his friends are free to roam the streets of Beijing day and night because the Cultural Revolution has caused their parents and most adults to be either busy or away. The story revolves around Monkey's dalliances with his roguish male friends and his subsequent angst-filled crush with Mi Lan.",
    "genres" : [ {
      "id" : 18,
      "name" : "Drama"
    } ]
  }, {
    "id" : 161295,
    "title" : "Operation Pink Squad",
    "overview" : "The Pink Squad is comprised of four strong, tough women (Sandra Ng, Ann Bridgewater, Suki Kwan in her film debut, and Elsie Chan) who do their police work efficiently and successfully. As a result, their chauvinistic superiors in the police department are always scheming to try and get them fired.",
    "genres" : [ {
      "id" : 18,
      "name" : "Drama"
    }, {
      "id" : 28,
      "name" : "Action"
    }, {
      "id" : 35,
      "name" : "Comedy"
    } ]
  }, {
    "id" : 161300,
    "title" : "Deep Blue Night",
    "overview" : "Baek Ho-bin, who is in the U.S. illegally, dreams of getting rich fast so that he can bring his pregnant wife over from Korea. After conning a Korean immigrant and running off to L.A. with her money, Ho-bin marries another Korean woman named Jane in order to procure a green card...",
    "genres" : [ {
      "id" : 18,
      "name" : "Drama"
    } ]
  }, {
    "id" : 161315,
    "title" : "Are You Listening?",
    "overview" : "WBLA is on the air, presenting the live music, the sudsy dramas and the sell-sell-sell of commercial interludes that keep consumers buying and sponsors smiling. But one sponsor, a producer of plumbing supplies, isn’t happy. So WBLA scriptwriter Bill Grimes is bounced from his job, setting in motion this movie’s turn from comedic to darkly tragic. William Haines, two years removed from being Tinseltown’s top male star, plays Grimes in a melodrama noted for its glimpses of live radio production and for a Depression-era ethos that includes peroxide cuties eager to land a job, a sugar daddy or both.",
    "genres" : [ {
      "id" : 18,
      "name" : "Drama"
    }, {
      "id" : 80,
      "name" : "Crime"
    } ]
  }, {
    "id" : 161320,
    "title" : "Couples",
    "overview" : "Coming soon",
    "genres" : [ ]
  }, {
    "id" : 161325,
    "title" : "La maison Bonnadieu",
    "overview" : "",
    "genres" : [ ]
  }, {
    "id" : 161350,
    "title" : "Land of the Brave",
    "overview" : "An electrical engineer discovers that terrorists are planning to sabotage a power plant",
    "genres" : [ ]
  }, {
    "id" : 161355,
    "title" : "Bamboo Trap",
    "overview" : "The boldest man-trap ever to be set up!",
    "genres" : [ ]
  }, {
    "id" : 161365,
    "title" : "The Strange Monster of Strawberry Cove",
    "overview" : "Three kids think they see a sea monster in the calm waters of Strawberry Cove, and set out to find what's behind the mystery.",
    "genres" : [ ]
  }, {
    "id" : 161370,
    "title" : "Monster Maker",
    "overview" : "A young boy wants to work with a famous creature/fx man but gets more than he bargained when one of the creatures, The Ultra-Gorgon, takes him under his wing. Literally.",
    "genres" : [ ]
  }, {
    "id" : 161380,
    "title" : "Easter Dream",
    "overview" : "Easter Dream tells the story of the Resurrection through the eyes of Jason, a young boy who is finding it difficult to cope with the death of his father. His grandfather attempts to comfort him by sharing the story of Easter. Although Jason is familiar with the story, it seems to offer little consolation. One night Jason dreams he has gone back in time to Jerusalem at the time of the Crucifixion of Jesus Christ. By witnessing the Crucifixion and learning of Jesus Christ's Resurrection, Jason understands that if we live our lives according to the laws and ordinances of Christ's gospel, we can be together as a family forever.",
    "genres" : [ ]
  }, {
    "id" : 161385,
    "title" : "Geert Hoste: Puur en Onversneden",
    "overview" : "",
    "genres" : [ ]
  }, {
    "id" : 161395,
    "title" : "Patthar Ke Phool",
    "overview" : "Kiran is the only child of a gangster father. She has been born and brought up in such a way, so that she is not aware of her dad's illegal activities. When Kiran meets with Police Inspector Suraj, both fall in love. When Kiran's dad come to know that her daughter is in love with a policeman, who has been assigned to investigate him, he vehemently opposes this alliance, and will go to any extent to prevent Kiran from getting married to Suraj.",
    "genres" : [ ]
  }, {
    "id" : 161405,
    "title" : "(The Importance Of) Hair",
    "overview" : "Farewell braids, curls and other haircuts! Their time is now over. Director Christina Höglund lost all her hair within three months.",
    "genres" : [ ]
  }, {
    "id" : 161410,
    "title" : "Dil Tera Aashiq",
    "overview" : "Unable to make even a middle-classed living, Sonia Khanna, who lives with her widowed and ailing mother, faces yet another challenge when she must get her mother hospitalized as well as come with money for medical expenses. She finds a job with Ooty-based widower Chaudhary Ranjit Singh as a governess for his children, but he prefers someone mature. So she dons the guise of an older woman, calls herself Savitri, and gets hired. Things get hilarious and out of control after she falls in love with her employer's nephew, Vijay, while being wooed by the later. And the turmoil turns deadly after she starts to get blackmailed by an unknown male.",
    "genres" : [ ]
  }, {
    "id" : 161415,
    "title" : "Chaand Kaa Tukdaa",
    "overview" : "Shyam lives a wealthy lifestyle in London, England, and is considered one of the ten richest people in the world. His father, S.K. Malhotra, was killed, and his mother identified his killer, but before this person could be apprehended, she, herself passes away, but not before asking Shyam to return to India and get married to a beautiful girl. Shyam does return to India, and once there does meet the girl, Radha, of his dreams, but does not know that Radha is a mere pawn in the hands of a group of people, including his father's killer, who are after his wealth and estate, and will do anything in their power to obtain it.",
    "genres" : [ ]
  }, {
    "id" : 161420,
    "title" : "Dancer",
    "overview" : "Malti witnesses a physical altercation between her husband and Rai Bahadur Brijbhushan Sharma, as a result of which her husband gets knifed and killed. As she tries to take the knife out, the Police arrive, arrest her, and hold her in a cell. It is here that Brijbhushan visits her and warns her not to testify against him as he will kill her son, Raju. Malti accepts full responsibility of her husband's death, is found guilty, and sentenced to 14 years in jail. After her discharge, she is released and finds out that Raju is now known as Raja is very popular dancer and singer. She also gets to meet Radha and her brother, Dattu, who are looking after Raju, and hopes that her son will eventually marry Radha. She subsequently comes to know that Raju loves Priya, who is the daughter of none other than Brijbhushan. Malti is not ready to expose Brijbhushan as her husband's killer - she has other plans for him, and none of her plans include Priya as her future daughter-in-law.",
    "genres" : [ {
      "id" : 28,
      "name" : "Action"
    } ]
  }, {
    "id" : 161430,
    "title" : "Stray Dogs",
    "overview" : "A fan tries to get an artist's attention by literally coming apart.",
    "genres" : [ {
      "id" : 27,
      "name" : "Horror"
    } ]
  }, {
    "id" : 161440,
    "title" : "Dil Ki Baazi",
    "overview" : "An unemployed youth faces challenges after he secures employment.",
    "genres" : [ ]
  }, {
    "id" : 161445,
    "title" : "Nightmare",
    "overview" : "A new and rich heir, Anna Margot,  is receiving threatening phone calls from an old friend, Anna not knowing what to do requests the help of her friend Tonis Karzis,  the anxiety will culminate as a series of unexplained  murders follows .",
    "genres" : [ {
      "id" : 9648,
      "name" : "Mystery"
    }, {
      "id" : 53,
      "name" : "Thriller"
    }, {
      "id" : 18,
      "name" : "Drama"
    }, {
      "id" : 27,
      "name" : "Horror"
    } ]
  }, {
    "id" : 161450,
    "title" : "Ikke Pe Ikka",
    "overview" : "Kailashnath is a wealthy widower, who lives in a palatial house with three grown sons, Randhir, Rajiv, Rishi, and a younger school-going son. He manages the business on his own, but would like his sons to also take an interest, in vain though, as all three have their own interest at heart (being a Bollywood actor, singing, and boxing) and no interest whatsoever in running a business or seeking employment. To add to this, Kailashnath must now contend with a new neighbor named Kaushalya, a widow, with three daughters (Komal, Kavita and Kanchan) and a rather plump maid-servant by the name of Guddi. It so happens that the daughters have similar interests as Kailashnath's sons. So the six match-up, romance, have fun, and would like to get married. Kailashnath refuses to permit his sons to get married until and unless they establish themselves and are able to stand on their respective feet...",
    "genres" : [ ]
  }, {
    "id" : 161455,
    "title" : "Hum Hain Bemisaal",
    "overview" : "D' Souza witnessed a physical alteration between his friend Kishan and Tootie Shah. As a result of which his friend is killed and he is arrested and sentenced to jail. D' Souza struggles in jail in order to educate and brings up his friend's son. Years later the boy grows up to be a police officer, Vijay Sinha and is a brave police officer of the corrupt police department, who often gets into confrontation with Tootie Shah and is misunderstood. D' Souza wanted Vijay to take revenge on Tootie Shah but Vijay is under a wrong impression and will only ensure total destruction of his father's killer - none other than D' Souza himself.",
    "genres" : [ ]
  }, {
    "id" : 161460,
    "title" : "You Can't Win 'Em All",
    "overview" : "Two former U.S. Army soldiers, Adam Dyer and Josh Corey, join a band of Turkish mercenaries in 1922 Turkey whom are hired by Osman Bey, a local governor, to escort his three daughters to Smyran and to protect a gold shipment that is to accompany them. Nobody is aware that Elci, a local colonel, plans to seal the gold for himself, while a rebel general persuses all parties involved.",
    "genres" : [ {
      "id" : 10752,
      "name" : "War"
    }, {
      "id" : 12,
      "name" : "Adventure"
    }, {
      "id" : 35,
      "name" : "Comedy"
    } ]
  }, {
    "id" : 161465,
    "title" : "Les Plus grands délires de Cyril Hanouna à la télé !",
    "overview" : "",
    "genres" : [ ]
  }, {
    "id" : 161475,
    "title" : "The Mesmerist",
    "overview" : "Made by re-editing a deteriorated nitrate print of The Bells (1926), starring Lionel Barrymore and Boris Karloff, this work shows the fragility of the film image while foreshadowing the Holocaust.",
    "genres" : [ ]
  }, {
    "id" : 161485,
    "title" : "A货B货",
    "overview" : "",
    "genres" : [ ]
  }, {
    "id" : 161495,
    "title" : "Roommates",
    "overview" : "An elderly, yet young-at-heart man, moves in with his grandson, and both their lives turn upside-down.",
    "genres" : [ {
      "id" : 18,
      "name" : "Drama"
    }, {
      "id" : 35,
      "name" : "Comedy"
    } ]
  }, {
    "id" : 161505,
    "title" : "Hotel Danubio",
    "overview" : "Galicia (Spain), 50s. Hugo, a failed writer, whose works rejects and over his publishing because they lack credibility, maintains relationships with Ivon, a beautiful young chorus girl, obsessed with stop work, marry and live without financial burdens. Hugo has a son, Carlos, about the age of Ivon, that in addition to her father steal a large inheritance, falls in love for the young. But on Carlos, young, rich and handsome, hangs a mystery ... Remake of the film \"Los peces rojos\", 1955.",
    "genres" : [ ]
  }, {
    "id" : 161520,
    "title" : "Amerigo Tot",
    "overview" : "A short film on Hungarian-born artist and sculptor Amerigo Tot.",
    "genres" : [ ]
  }, {
    "id" : 161530,
    "title" : "Audácia!",
    "overview" : "Segment \"Prólogo\": interviews and scenes with some of the most important filmmakers of the \"Boca do Lixo\" of São Paulo. Segment \"A Badaladíssima dos Trópicos x Os Picaretas do Sexo\": shenanigans of a troubled fictional film production. Segment \"Amor 69\": Actress Maria Vargas is expected to appear nude in a scene, but ultimately refuses to do so.",
    "genres" : [ ]
  } ]
}