{
  "movies" : [ {
    "id" : 199440,
    "title" : "Windfall in Athens",
    "overview" : "Mina is a charming salesgirl. She buys a lottery ticket, but it's stolen from her. Alexis the singer ends up with it. Coincidences follow and eventually Pavlos, a married lawyer, frustrated with some drama in his own life becomes enamored with her and helps her to track down the money. But then there's love …",
    "genres" : [ {
      "id" : 10749,
      "name" : "Romance"
    }, {
      "id" : 35,
      "name" : "Comedy"
    } ]
  }, {
    "id" : 199445,
    "title" : "Man of Africa",
    "overview" : "Filmed in Uganda, Man of Africa was assembled by legendary documentary producer John Grierson. The film depicts the mass migration of the Bakija and Batwa tribes to a new territory after the natural resources of their native soil has been depleted. The pro-ecological message is always present, but never so much as to degenerate into fatuous speechmaking. As a means to introduce the semblance of a plot, writer/director Cyril Frankel concentrates on the trials and tribulations of clerk-cum-farmer Jonathan (Frederick Bijurenda) and his native sweetheart Violet (Violet Mukabuerza). Print quality in Man of Africa varies from adequate to murky.",
    "genres" : [ {
      "id" : 18,
      "name" : "Drama"
    } ]
  }, {
    "id" : 199450,
    "title" : "An Inlet of Muddy Water",
    "overview" : "Three short tales from stories by Ichiyo Higuchi. In one, a young woman is degraded by her family after an arranged marriage. Another deals with the troubles heaped upon a young servant by her family and the wealthy people who employ her. The final story tells of a prostitute and her hopes of finding a new, respectable life.",
    "genres" : [ {
      "id" : 36,
      "name" : "History"
    }, {
      "id" : 18,
      "name" : "Drama"
    } ]
  }, {
    "id" : 199455,
    "title" : "Si mis campos hablaran",
    "overview" : "Si mis campos hablaran is a 1947 Chilean film directed by José Bohr. It was entered into the 1954 Cannes Film Festival.",
    "genres" : [ ]
  }, {
    "id" : 199460,
    "title" : "The Great Warrior Skanderbeg",
    "overview" : "The Great Warrior Skanderbeg (Albanian: Skenderbeu, Russian: Velikiy voin Albanii Skanderbeg) is a 1953 Albanian-Soviet drama film directed by Sergei Yutkevich. It was entered into the 1954 Cannes Film Festival where it earned the International Prize. Yutkevich also earned the Special Mention award for his direction. The film is a biography of George Kastriot Skanderbeg (1405 – 1468), widely known as Skanderbeg, a 15th-century Albanian lord who defended his land against the Ottoman Empire for more than two decades.",
    "genres" : [ {
      "id" : 28,
      "name" : "Action"
    }, {
      "id" : 36,
      "name" : "History"
    }, {
      "id" : 18,
      "name" : "Drama"
    } ]
  }, {
    "id" : 199465,
    "title" : "Dedication of the Great Buddha",
    "overview" : "Dedication of the Great Buddha is a 1952 Japanese film directed by Teinosuke Kinugasa. It was entered into the 1953 Cannes Film Festival.",
    "genres" : [ ]
  }, {
    "id" : 199470,
    "title" : "The Moderns",
    "overview" : "A section chief at the Bureau of Construction is in a shady relationship with a construction company. Then a new, young and honest subordinate is assigned to work under the section chief. Once he learns about the shady relationship, however, the new subordinate skillfully conceals the corruption and joins the corrupt, shady relationship.",
    "genres" : [ {
      "id" : 18,
      "name" : "Drama"
    } ]
  }, {
    "id" : 199475,
    "title" : "Luz en el páramo",
    "overview" : "Luz en el páramo is a 1953 Venezuelan film directed by Víctor Urruchúa. It was entered into the 1953 Cannes Film Festival.",
    "genres" : [ ]
  }, {
    "id" : 199485,
    "title" : "Passionate Life of Clemenceau",
    "overview" : "The life and work of French statesman Georges Clemenceau is detailed in this 80-minute documentary. Using family photographs, newspaper layouts, newsreel clips and other such sources, the film traces Clemenceau from his earliest political triumphs to his dotage. Much emphasis is placed upon the subject's involvement with the League of Nations and the Treaty of Versailles. The narration by Yves Furet is counterpointed with excerpts from Clemenceau's most celebrated speeches. The patriotic fervor of La Vie Passionee de Clemenceau tended not to play too well in non-French markets.",
    "genres" : [ ]
  }, {
    "id" : 199490,
    "title" : "A Devil of a Woman",
    "overview" : "A Devil of a Woman (German: Der Weibsteufel) is a 1951 Austrian drama film directed by Wolfgang Liebeneiner. It was entered into the 1952 Cannes Film Festival.",
    "genres" : [ {
      "id" : 18,
      "name" : "Drama"
    } ]
  }, {
    "id" : 199495,
    "title" : "Son of the Nile",
    "overview" : "Hemaidah is a Farmer who hates country life. He hates working in fields and taking care of the animals in his farm. Though unsatisfied with her, he marries Zebeidah, a woman in the same village.",
    "genres" : [ {
      "id" : 10749,
      "name" : "Romance"
    }, {
      "id" : 18,
      "name" : "Drama"
    } ]
  }, {
    "id" : 199505,
    "title" : "The Evil Forest",
    "overview" : "The Evil Forest (Spanish: Parsifal) is a 1951 Spanish drama film directed by Daniel Mangrané. It was entered into the 1952 Cannes Film Festival.",
    "genres" : [ {
      "id" : 14,
      "name" : "Fantasy"
    }, {
      "id" : 18,
      "name" : "Drama"
    }, {
      "id" : 10749,
      "name" : "Romance"
    } ]
  }, {
    "id" : 199515,
    "title" : "Der fallende Stern",
    "overview" : "The Falling Star (German: Der Fallende Stern) is a 1950 West German drama film directed by Harald Braun. It was entered into the 1951 Cannes Film Festival.",
    "genres" : [ {
      "id" : 18,
      "name" : "Drama"
    } ]
  }, {
    "id" : 199525,
    "title" : "The New China",
    "overview" : "The New China (Russian: Освобождённый Китай, Osvobozhdyonnyy Kitay) is a 1950 Soviet documentary film directed by Sergei Gerasimov. It was entered into the 1951 Cannes Film Festival.",
    "genres" : [ {
      "id" : 99,
      "name" : "Documentary"
    } ]
  }, {
    "id" : 199530,
    "title" : "Rumbo",
    "overview" : "Rumbo is a 1949 Spanish drama film directed by Ramón Torrado. It was entered into the 1951 Cannes Film Festival.",
    "genres" : [ ]
  }, {
    "id" : 199550,
    "title" : "Las de Caín",
    "overview" : "Adapted from a comedy of the brothers Alvarez Quintero, raised in a spirit rather routine and a remarkable lack of imagination. The minor nature of the adapted work greatly limited their chances, but there was no resolution film the slightest hint of creativity, merely a recreation under the sign of awkwardness.",
    "genres" : [ ]
  }, {
    "id" : 199555,
    "title" : "Angels Don't Play This HAARP - Advances in Tesla Technology",
    "overview" : "The U.S. Government has a new ground-based \"Star Wars\" weapon which is being tested in the remote bush country of Alaska. This new system manipulates the environment in a way which can: * Disrupt human mental processes. * Jam all global communications systems. * Change weather patterns over large areas. * Interfere with wildlife migration patterns. * Negatively affect your health. * Unnaturally impact the Earth's upper atmosphere. The U.S. military calls its zapper HAARP (High-frequency Active Auroral Research Program). But this sky buster is not about the Northern Lights. The device will turn on lights never intended to be artificially manipulated.",
    "genres" : [ {
      "id" : 99,
      "name" : "Documentary"
    } ]
  }, {
    "id" : 199565,
    "title" : "The Movie Out Here",
    "overview" : "Adam (Robin Nielsen) works as a junior associate for a large Toronto law firm. When a business trip takes him to his hometown of Fernie, he reunites with his old friends, Jason (Viv Leacock) and Theo (James Wallis). Adam gets more than he bargained for when he finds out that, due to a series of terrible business decisions, Theo's ski waxing business \"Waxopolis\" is in serious financial trouble and at risk of being taken over by an evil developer. The three guys hatch a plan to throw a massive fundraising party to try and save the business. But, with the developer and his son on their back, party permit hassles, and a Sasquatch on the loose, will they be able to pull it off?",
    "genres" : [ {
      "id" : 35,
      "name" : "Comedy"
    } ]
  }, {
    "id" : 199570,
    "title" : "The Turning",
    "overview" : "Seventeen talented Australian directors from diverse artistic disciplines each create a chapter of the hauntingly beautiful novel by multi award-winning author Tim Winton. The linking and overlapping stories explore the extraordinary turning points in ordinary people’s lives in a stunning portrait of a small coastal community. As characters face second thoughts and regret, relationships irretrievably alter, resolves are made or broken, and lives change direction forever.",
    "genres" : [ {
      "id" : 18,
      "name" : "Drama"
    } ]
  }, {
    "id" : 199575,
    "title" : "These Final Hours",
    "overview" : "What would you do on the last day on Earth?  With the end of the world only hours away, the self-absorbed James heads to the ultimate party-to-end-all-parties. On his way there, he saves the life of a young girl named Rose who is searching desperately for her missing father. This simple act sets James on a path to redemption.",
    "genres" : [ {
      "id" : 878,
      "name" : "Science Fiction"
    }, {
      "id" : 18,
      "name" : "Drama"
    }, {
      "id" : 53,
      "name" : "Thriller"
    } ]
  }, {
    "id" : 199580,
    "title" : "Desserts",
    "overview" : "One fine day, a solitary man walking alone on a deserted beach, minding his own business, suddenly discovers a delicious chocolate éclair just lying there. Looking around to see if the coast is clear the man decides to eat the cake...",
    "genres" : [ {
      "id" : 18,
      "name" : "Drama"
    } ]
  }, {
    "id" : 199585,
    "title" : "A Child of the Ghetto",
    "overview" : "After her mother's death, Ruth struggles to support herself as a seamstress. While Ruth delivers shirts to the factory owner, the owner's son steals some money and Ruth is accused of the crime. She flees the ghetto of New York's Lower East Side and hides in the country where a young farmer takes her in and they fall in love",
    "genres" : [ ]
  }, {
    "id" : 199595,
    "title" : "Meet Mr. Malcolm",
    "overview" : "Celebrated crime writer Colin Knowles (Richard Knowles) finds himself at the centre of a baffling real-life mystery when his estranged wife Louie (Sarah Lawson) asks for his help. Her new boss has gone missing at his grand country home -- and when his body is found, the hunt is on for a devious and twisted murderer. Sinister letters from London refer to a 'double crime'. Who will be the killer's next victim?",
    "genres" : [ {
      "id" : 80,
      "name" : "Crime"
    } ]
  }, {
    "id" : 199615,
    "title" : "The Notebook",
    "overview" : "In a village on the Hungarian border, two young brothers grow up during war time with their cruel grandmother and must learn every trick of evil to survive in the absurd world of adults.",
    "genres" : [ {
      "id" : 18,
      "name" : "Drama"
    }, {
      "id" : 10752,
      "name" : "War"
    } ]
  }, {
    "id" : 199620,
    "title" : "Walking with Dinosaurs",
    "overview" : "An Emmy award-winning six-part BBC documentary miniseries that recreates life from the Mesozoic era using incredible animatronics and computer-generated imagery.",
    "genres" : [ {
      "id" : 99,
      "name" : "Documentary"
    }, {
      "id" : 16,
      "name" : "Animation"
    } ]
  }, {
    "id" : 199625,
    "title" : "Tarancón, el quinto mandamiento",
    "overview" : "",
    "genres" : [ {
      "id" : 18,
      "name" : "Drama"
    } ]
  }, {
    "id" : 199635,
    "title" : "The Silver Fox",
    "overview" : "The Silver Fox is a throwback, the last of its kind where the heroic swordsmen are women. Lily Ho (before she became one of Shaw Brothers' great erotica actresses) portrays the feared swordswoman Silver Fox, who as a child saw her father senselessly wounded and her mother raped. It's 18 years later and it's payback time.",
    "genres" : [ {
      "id" : 28,
      "name" : "Action"
    }, {
      "id" : 12,
      "name" : "Adventure"
    }, {
      "id" : 10769,
      "name" : "Foreign"
    } ]
  }, {
    "id" : 199645,
    "title" : "Safari سفاري",
    "overview" : "The film revolves around a group of friends decide to take a trip Safari to spend their summer vacation in one of the mountainous areas and discover that a television channel you shoot people present in this region and broadcast imaging on the air, and exposed this group's positions many do not know whether the work of a TV channel to make display thatbroadcasts on the air more exciting or is it just a normal positions.",
    "genres" : [ ]
  }, {
    "id" : 199650,
    "title" : "An Estranged Paradise",
    "overview" : "Shot in 1997 and premiered at Documenta XI in 2002, An Estranged Paradise displays many of Yang's signature motifs — crisp black-and-white 35mm cinematography, storylines that blur contemporaneity with traditional stylistics, homages to/revisions of genre cinema akin to the early work of his influences Jean-Luc Godard and Jim Jarmusch — while also reflecting his early studies as a painter, notably in a prologue that muses on the traditional methods and subjectivity of Chinese landscape painting. Set in the city of Hangzhou (where Yang had studied at the China Academy of Fine Art), the film takes as its focal point a restless young man, Zhu Zi, following him as he aimlessly wanders through the city. Through a series of distinct vignettes, Yang depicts Zhu Zi's inability to find comfort in friends, lovers or environment as a reflection of the existential difficulty of China's \"nameless generation,\" cast adrift during the rapid changes at the turn of the millennium.",
    "genres" : [ ]
  }, {
    "id" : 199655,
    "title" : "With Clean Hands",
    "overview" : "A story of an apolitical police commissar who is using odd methods against the gangsters.",
    "genres" : [ {
      "id" : 53,
      "name" : "Thriller"
    }, {
      "id" : 28,
      "name" : "Action"
    }, {
      "id" : 80,
      "name" : "Crime"
    } ]
  }, {
    "id" : 199675,
    "title" : "Girl Meets Boy",
    "overview" : "Looking for inspiration, a wild LA Musician and buttoned up novelist (Ben Savage) will unexpectedly end up double booked at a remote cabin retreat. Girl Meets Boy movie Sparks will fly when this odd couple is trapped together looking to beat writers block under the watchful eye of their nosy neighbors. Starring Ben Savage, Anna Pheil and Jake Busey, Girl Meets Boy is a romantic tale of how to find love where you least expect it.",
    "genres" : [ {
      "id" : 35,
      "name" : "Comedy"
    } ]
  }, {
    "id" : 199680,
    "title" : "Tha Crib",
    "overview" : "Toyia Moore, Saafir, Carl Washington and Bailey Brown star in this coming-of-age comedy about 18-year-old Valerie, whose parents leave the house in her care while they enjoy a much-needed vacation. What does Valerie do with the enormous responsibility bestowed upon her? Throw a huge party, of course! After all, it is her birthday. But as expected, disaster strikes. Can she get it together before mom and dad get back?",
    "genres" : [ ]
  }, {
    "id" : 199690,
    "title" : "Bloody Christmas 2 : La révolte des sapins",
    "overview" : "",
    "genres" : [ {
      "id" : 35,
      "name" : "Comedy"
    }, {
      "id" : 27,
      "name" : "Horror"
    } ]
  }, {
    "id" : 199695,
    "title" : "Ambush in Leopard Street",
    "overview" : "A retired thief reforms a gang for one final heist, everything seems to be going smoothly until complications start to arise",
    "genres" : [ {
      "id" : 18,
      "name" : "Drama"
    } ]
  }, {
    "id" : 199700,
    "title" : "What's Up: Balloon to the Rescue!",
    "overview" : "Dr. Crumb, a scientist who never liked to leave home, invented a way to see the world without leaving your lab. Using a stone extraterrestrial Crumb, his assistant and his two nephews Zoox: the beautiful Amanda and irreverent Guto, will make his house float through the world in search of adventures. The problem is that this stone has other special powers, can hypnotize people and open portals to other dimensions. To fall into the hands of a greedy French archaeologist, the stone eventually releasing four monsters creatures and muddled fleeing to different corners of the world. Now these monsters need to be captured before they destroy the main monuments of the world and the stone must be recovered before the archaeologist hypnotize them all.",
    "genres" : [ {
      "id" : 35,
      "name" : "Comedy"
    }, {
      "id" : 16,
      "name" : "Animation"
    }, {
      "id" : 12,
      "name" : "Adventure"
    } ]
  }, {
    "id" : 199705,
    "title" : "Meu Destino é Pecar",
    "overview" : "",
    "genres" : [ ]
  }, {
    "id" : 199710,
    "title" : "BR Futebol",
    "overview" : "BR is a good ball teenager who dreams of being a great soccer player to be able to help your community, Morro Ball. When BR and his friends invade the Lawn Club Bacanas to hit a naked, opened a huge rift between the two communities. And this dispute will only be resolved in a thrilling football, watered the Brazilian music and magic.",
    "genres" : [ ]
  }, {
    "id" : 199715,
    "title" : "A Small Town in Texas",
    "overview" : "A crooked sheriff in a small Southern town frames an ex-convict in a drug bust and takes his girlfriend.",
    "genres" : [ {
      "id" : 28,
      "name" : "Action"
    } ]
  }, {
    "id" : 199720,
    "title" : "Dies Irae",
    "overview" : "",
    "genres" : [ {
      "id" : 16,
      "name" : "Animation"
    } ]
  }, {
    "id" : 199725,
    "title" : "no title",
    "overview" : "",
    "genres" : [ ]
  }, {
    "id" : 199740,
    "title" : "Nobody Owns Me",
    "overview" : "The story of a lone father's relationship with his daughter, of the destructive power of alcohol, of a child's vulnerability, but also of love, betrayal and socialist politics in 1970s Sweden. A unique and moving story freely based on Åsa Linderborg's best-selling novel.",
    "genres" : [ {
      "id" : 18,
      "name" : "Drama"
    } ]
  }, {
    "id" : 199750,
    "title" : "House Hunting Mice",
    "overview" : "Mice Hubie and Bertie wander into an automated house of tomorrow.",
    "genres" : [ {
      "id" : 16,
      "name" : "Animation"
    } ]
  }, {
    "id" : 199755,
    "title" : "Carl, My Childhood Symphony",
    "overview" : "Combining the exultant sweep of epic period drama with the subtle intimacy of biography in a social perspective, this is a tale of materially impoverished childhood, struggling early manhood and an unrequited first love turned into good musical fortune for Carl Nielsen, one of the great composers of the 20th century. Based on the composer's autobiography, the film itself is designed to soar like a symphony.",
    "genres" : [ {
      "id" : 18,
      "name" : "Drama"
    }, {
      "id" : 10402,
      "name" : "Music"
    } ]
  }, {
    "id" : 199760,
    "title" : "Secrets of a Nurse",
    "overview" : "The slick Universal programmer Secrets of a Nurse was based on a Collier's Magazine story by distinguished journalist Quentin Reynolds. This story in turn was based on a true incident, in which a gangster \"returned from the dead\" to save an innocent young man from the electric chair. The nurse of the title is Katharine McDonald (Helen Mack), in love with prizefighter Lee Burke (Dick Foran). As Burke recovers from a beating inflicted by crooked gamblers, Katharine must fend off the advances of shady criminal attorney John Dodge (Edmund Lowe). Hoping to rid the world of his romantic rival for good and all, Dodge arranges for Burke to be framed for murder. Convicted and sentenced to death, Burke walks the dreaded \"last mile\", as miles away Katharine struggles to revive a mortally wounded gambler who may be able to save her sweetheart from electrocution.",
    "genres" : [ {
      "id" : 18,
      "name" : "Drama"
    }, {
      "id" : 9648,
      "name" : "Mystery"
    } ]
  }, {
    "id" : 199765,
    "title" : "King Midas",
    "overview" : "Tommy Gold makes a living out of dealing drugs. One day he gets caught carrying cocaine. He is sentenced to ten years in prison, but gets released after two years. In prison Tommy had plenty of time to think things over and as soon as he is released, he wants to return to his old job. Since he doesn't have any money, he pays a visit to Uncle Murphy, a loan shark. With his newly found fortune, things are seemingly going very well for Tommy. He's becoming more famous by the day, but still it's not enough. Tommy wants even more. He decides to buy a studio for his hip hop musician friend Chief, which Tommy can use to make his business look more legit.",
    "genres" : [ ]
  }, {
    "id" : 199770,
    "title" : "El E.T.E. y el Oto",
    "overview" : "",
    "genres" : [ {
      "id" : 35,
      "name" : "Comedy"
    } ]
  }, {
    "id" : 199780,
    "title" : "The Pioneer's Violin",
    "overview" : "",
    "genres" : [ ]
  }, {
    "id" : 199785,
    "title" : "Soy el solitario",
    "overview" : "",
    "genres" : [ {
      "id" : 80,
      "name" : "Crime"
    } ]
  }, {
    "id" : 199790,
    "title" : "13 Steps of Maki: The Young Aristocrats",
    "overview" : "Maki is the leader of a female gang who fights for justice, but she ends up being framed and sent to a sadistic woman's prison. Will Maki be able to escape and take revenge?",
    "genres" : [ {
      "id" : 28,
      "name" : "Action"
    }, {
      "id" : 80,
      "name" : "Crime"
    }, {
      "id" : 18,
      "name" : "Drama"
    } ]
  }, {
    "id" : 199800,
    "title" : "Komaram Puli",
    "overview" : "Puli is a 2010 Telugu action film written and directed by S. J. Suryaah, starring Pawan Kalyan in the lead role, with Nikeesha Patel, Manoj Bajpai, Charan Raj, Nassar, Jyothi Krishna, Bhrahmaji, Ali and Girish Karnad in supporting roles and Shriya Saran appearing in an item number.[2] The film features a soundtrack by A. R. Rahman and cinematography by Binod Pradhan. It was produced by Navodaya Appachan and Singanamala Ramesh on a  35 crore budget and was distributed Geetha Arts. The film was released on September 10. The film was originally titled Komaram Puli but was renamed as Puli on the second day of release, following objections by Komaram Sony Rao, grandson of the tribal legend Komaram Bheem, from whose name the title of the movie was taken.[3][",
    "genres" : [ {
      "id" : 28,
      "name" : "Action"
    }, {
      "id" : 80,
      "name" : "Crime"
    }, {
      "id" : 35,
      "name" : "Comedy"
    } ]
  }, {
    "id" : 199820,
    "title" : "Neznáma Antarktída",
    "overview" : "",
    "genres" : [ {
      "id" : 99,
      "name" : "Documentary"
    } ]
  }, {
    "id" : 199825,
    "title" : "Nerve",
    "overview" : "Jakob Evans suffers an emotional breakdown after the death of his wife in a car accident. His loss and pain runs deep as he claims to have found her in bed with another man just before she died. Unable to accept her death and her infidelity, Jakob decides his only chance at closure is to find the man she was sleeping with to help him comprehend what they shared. With the help of Grace, a promiscuous and troubled girl, Jakob starts to put together the pieces of the puzzle and track down his wife's lover.",
    "genres" : [ {
      "id" : 18,
      "name" : "Drama"
    }, {
      "id" : 9648,
      "name" : "Mystery"
    } ]
  }, {
    "id" : 199830,
    "title" : "The Jesus Lizard",
    "overview" : "While the studio recordings of Chicago's Jesus Lizard are part of the canon of 90s indie rock, anyone who saw them knows their reputation as thee live band of that era is completely accurate. This film captures the original quartet in 1994 playing to a packed and frenzied crowd at the Rat in Boston. The band's workman like approach to their taunt, pummeling sound is contrasted by frontman David Yow's Dionysian revelry as he whips himself and the crowd into an ecstatic mess. This 2 camera shoot catches all the blood, spit and sweat of a truly killer live band at their peak.",
    "genres" : [ {
      "id" : 10402,
      "name" : "Music"
    } ]
  }, {
    "id" : 199835,
    "title" : "Camel - Pressure Points - Live In Concert",
    "overview" : "Pressure Points: Live in Concert is a live DVD by progressive rock band Camel, released in 2003, recorded  at Hammersmith Odeon on 11th May 1984",
    "genres" : [ {
      "id" : 10402,
      "name" : "Music"
    } ]
  }, {
    "id" : 199840,
    "title" : "Zombie Warrior",
    "overview" : "A man fights off an army of zombies.",
    "genres" : [ {
      "id" : 27,
      "name" : "Horror"
    } ]
  }, {
    "id" : 199855,
    "title" : "Touchy",
    "overview" : "Drama teacher and writer of soap operas keeps his frustrating marriage because he doesn't have the existencial courage to get divorced. But he meets a temperamental and rich student, with whom he engages in a neurotic relationship.",
    "genres" : [ {
      "id" : 18,
      "name" : "Drama"
    } ]
  }, {
    "id" : 199860,
    "title" : "Patti Sollai Thattathe",
    "overview" : "Actor Director Pandia Rajan's full length comedy galatta.",
    "genres" : [ ]
  }, {
    "id" : 199865,
    "title" : "Leões do Deserto",
    "overview" : "",
    "genres" : [ {
      "id" : 99,
      "name" : "Documentary"
    } ]
  }, {
    "id" : 199875,
    "title" : "Abelhinhas",
    "overview" : "",
    "genres" : [ ]
  }, {
    "id" : 199880,
    "title" : "Getúlio: Glória e Drama de Um Povo",
    "overview" : "",
    "genres" : [ {
      "id" : 99,
      "name" : "Documentary"
    } ]
  }, {
    "id" : 199885,
    "title" : "Moisés o Maior Príncipe do Egito",
    "overview" : "",
    "genres" : [ ]
  }, {
    "id" : 199890,
    "title" : "Un Dios Prohibido",
    "overview" : "August 1936, the beginning of the Spanish Civil War. 51 members of the Claretian community of Barbastro (Huesca) are martyred, die for their faith. The film recounts the last weeks of his life, since they are held until they are finally shot. During that time, they perform various writings they talk about their situation, of his fellow captives, people who saw them. These writings have been the basic testimony used to narrate this real fact in film version.",
    "genres" : [ ]
  }, {
    "id" : 199895,
    "title" : "Gladiformers",
    "overview" : "",
    "genres" : [ ]
  }, {
    "id" : 199900,
    "title" : "Negociador da Vida",
    "overview" : "",
    "genres" : [ ]
  }, {
    "id" : 199905,
    "title" : "Spring Thaw",
    "overview" : "Katelyn 'Kate' Weston, a country girl who became a lawyer and joined an L.A. law firm years ago, specializes in defending minors having committed violent crimes who nobody else takes on. She gradually got estranged from her family, but then her older brother Ryan asks her to return to the farm he runs with their dad Thane who has become impossibly absentminded. By the time he is formally diagnosed with serious Alzheimer, she realizes how badly she really knew her family, having ran from her past after the trauma of witnessing her mother's suicide at age seven, and tries to talk it trough with Ryan and dad while he still has lucid moments.",
    "genres" : [ ]
  }, {
    "id" : 199925,
    "title" : "Over Your Dead Body",
    "overview" : "An actor named Kosuke plays the role of Iemon in a stage version of Yotsuya Kaiden and his new lover Miyuki plays Oiwa. However, as they delve deeper into their respective performances, the line between fantasy and reality becomes obscured until the murderous, vengeful themes of the play bleed into their own relationship.",
    "genres" : [ {
      "id" : 27,
      "name" : "Horror"
    } ]
  }, {
    "id" : 199945,
    "title" : "Curitiba Zero Grau",
    "overview" : "",
    "genres" : [ {
      "id" : 18,
      "name" : "Drama"
    } ]
  }, {
    "id" : 199960,
    "title" : "The Son Of Tarzan",
    "overview" : "Tarzan's son Jack is kidnapped from England by his old enemy Paulovich. Jack escapes into the African jungle where he meets Meriem, a European girl held captive. Freeing her, he falls in love but she's sought by Paulovich. Then Tarzan arrives with Jane to save the day!",
    "genres" : [ {
      "id" : 28,
      "name" : "Action"
    }, {
      "id" : 12,
      "name" : "Adventure"
    } ]
  }, {
    "id" : 199980,
    "title" : "I Send You This Place",
    "overview" : "The documentary blends fiction and non-fiction to tell the story of a young woman whose encounter with the intense natural beauty of Iceland inspires her to examine her comfortable notions of sanity and creativity. The island's intensity reminds Andrea of her schizophrenic brother Jacob, a young man who isn’t bound by the conventional standards. “Delusional” thought and “erratic” behavior seem not so different from Andrea’s untamed surroundings in which the wind rants, the clouds are grandiose and the seasons bi-polar.",
    "genres" : [ ]
  }, {
    "id" : 199985,
    "title" : "The Last Hours of a Virgin",
    "overview" : "",
    "genres" : [ {
      "id" : 18,
      "name" : "Drama"
    } ]
  }, {
    "id" : 200000,
    "title" : "Fish n' Chips",
    "overview" : "Andy, a hard working Cypriot immigrant in London who deep-fries his way into oblivion, decides to leave London for his native Cyprus. Having slaved away for others his entire life, he finally opens his very own chip shop. But his dream turns into a nightmare, as he seems to have overlooked one small detail: Cyprus just isn't London!",
    "genres" : [ {
      "id" : 18,
      "name" : "Drama"
    } ]
  }, {
    "id" : 200005,
    "title" : "That Striped Sunlight Sound",
    "overview" : "The Go-Betweens\r Three studio albums into the second phase of their career, the Go-Betweens present a live DVD/CD package loaded with goodies for their fans. The Cd includes a 90-minute full-band concert in their hometown of Brisbane, Australia. The DVD includes live footage from the show plus, an hour-long intimate, acoustic performance where Grant McLennan and Robert Forster share songs and stories about writing the music that has made them the quintessential cult band.  Live at The Tivoli Theatre:  Black Mule  Clouds  Boundary Rider  Born To A Family  Streets Of Your Town  Here Comes The City  Draining The Pool For You  Finding You  Spring Rain  Was There Anything I Could Do  Surfing Magazines  The Devils Eye  Too Much Of One Thing  People Say  The Clock  Karen  Sunday Acoustic Session:  Lee Remick  Cattle And Cane  Part Company  Bachelor Kisses  Head Full Of Steam  Bye Bye Price  Dive For Your Memory  German Farm House  Too Much Of One Thing  Here Comes The City  Finding You",
    "genres" : [ ]
  }, {
    "id" : 200015,
    "title" : "Le tartuffe",
    "overview" : "Orgon is a man of property duped by the false piety of the penniless Tartuffe. Orgon takes him into his house, believing him a paragon of virtue. Orgon orders his daughter to reject her fiancé and marry Tartuffe. First Dorine, the family servant, tries a strategy to avert the marriage; then Orgon's son tries his hand. They anger Orgon, and to prove paternal power, he disinherits his son and makes Tartuffe his heir. Next Orgon's wife tries to bring her husband insight, a stratagem that partially backfires. With the bailiff at the door ordering Orgon to vacate his own home and with Tartuffe at court to prove Orgon's a traitor, all seems lost.",
    "genres" : [ ]
  }, {
    "id" : 200025,
    "title" : "The Night of the Filmmakers",
    "overview" : "A meditation on the first 100 years of German cinema, featuring some of its greatest directors.",
    "genres" : [ {
      "id" : 99,
      "name" : "Documentary"
    } ]
  }, {
    "id" : 200035,
    "title" : "Political Animals",
    "overview" : "Political Animals is a six-part miniseries. Elaine Barrish's husband Bud was a popular President of the United States during the 1990s despite his extramarital affairs. After leaving the White House, Elaine Barrish was elected Governor of Illinois and ran for the Democratic nomination for President, but lost to Paul Garcetti. The night Barrish conceded the nomination, she asked her husband for a divorce. Two years later, as Garcetti's Secretary of State, Barrish deals with State Department issues while trying to keep her family together.",
    "genres" : [ {
      "id" : 18,
      "name" : "Drama"
    } ]
  }, {
    "id" : 200045,
    "title" : "Jim Breuer: More Than Me",
    "overview" : "Actor/comedian Jim Breuer, best known from Saturday Night Live and the film Half Baked, set out in 2008 on his first stand-up tour in six years, taking his 84 year-old father along for the ride of his life. While struggling with the chores of caregiving and coming to terms with his father's mortality, Jim is determined to strengthen their relationship while on the road. Funny and raw, More Than Me is an intimate story of growing up and growing old.",
    "genres" : [ {
      "id" : 99,
      "name" : "Documentary"
    }, {
      "id" : 35,
      "name" : "Comedy"
    } ]
  }, {
    "id" : 200050,
    "title" : "A Família do Barulho",
    "overview" : "A dysfunctional family, composed of a prostitute and two gays, one strong and the other fragile and stupid, lives a routine life in Rio de Janeiro. When the slut threatens the other two to stop supporting them, they decide to find an odalisque as an alternative to keep their easy life.",
    "genres" : [ {
      "id" : 35,
      "name" : "Comedy"
    }, {
      "id" : 18,
      "name" : "Drama"
    } ]
  }, {
    "id" : 200055,
    "title" : "Phoebe Phoenix",
    "overview" : "A sci-fi-material-arts-music-movie.",
    "genres" : [ ]
  }, {
    "id" : 200060,
    "title" : "The Last Days of Joe Blow",
    "overview" : "Richard Wolstencroft directs this documentary about actor and independent filmmaker Michael Tierney, his transformation into porn actor Joe Blow, and his last days in the industry.",
    "genres" : [ ]
  }, {
    "id" : 200085,
    "title" : "Flu",
    "overview" : "Infected through the respiratory system, there is a new kind of disease that kills in 36 hours once infected. The people of the city struggle to survive this. The worst epidemic ever seen is sweeping through Bundang, the suburb of Seoul. After smuggling illegal immigrants into the country, Byung-woo dies from an unknown virus. Soon after that, the same symptoms are plaguing scores of residents in Bundang.",
    "genres" : [ {
      "id" : 28,
      "name" : "Action"
    }, {
      "id" : 18,
      "name" : "Drama"
    }, {
      "id" : 878,
      "name" : "Science Fiction"
    } ]
  }, {
    "id" : 200090,
    "title" : "L'ora Blu",
    "overview" : "",
    "genres" : [ {
      "id" : 99,
      "name" : "Documentary"
    }, {
      "id" : 10749,
      "name" : "Romance"
    } ]
  }, {
    "id" : 200110,
    "title" : "Sarocharu",
    "overview" : "Sandhya (Kajal Aggarwal) is a student who is madly in love with Karthik (Ravi Teja), a techie based in Italy. She decides to travel with him to India, confident that the travel time would be enough for her to get Karthik to fall in love. Karthik reciprocates her gestures in a friendly way, but finally reveals that he is married to Vasudha (Richa Gangopadhyay) but is waiting to seek Divorce.Sandhya comes to know about Karthik’s stint in Ooty as a football coach and about his affair with Vasudha and that he wants to divorce her because of Incompatibility. She also realizes that despite all that baggage, she still has feelings for Karthik. At this point, Karthik springs a surprise and reveals a shocking bit of information that he is not married and the story he narrated was his friend’s and told it so that it should not repeat in their life as he loved her too.",
    "genres" : [ ]
  }, {
    "id" : 200115,
    "title" : "Deep Inside Barbii",
    "overview" : "Tami White and Linda (Busty Belle) have a deadline to meet.  They get together at Tami's home to discuss the video clips of Barbii (complete with dream sequences of the scenes) that they'll put together for a new Barbii retrospective video, and they have to have the proposal ready by Monday!",
    "genres" : [ ]
  }, {
    "id" : 200130,
    "title" : "Bloody Streetz",
    "overview" : "John Woo's \"The Killer\" meets Shakespeare's MacBeth in this gun barrel, hip-hop drama seen through African eyes. \"Bloody Streetz\" is the story of what happens when a ruthless killer for hire runs up against an African spirit and is forced to learn the errors of his ways.",
    "genres" : [ {
      "id" : 27,
      "name" : "Horror"
    }, {
      "id" : 28,
      "name" : "Action"
    }, {
      "id" : 18,
      "name" : "Drama"
    } ]
  }, {
    "id" : 200140,
    "title" : "Our Century",
    "overview" : "A man paves his own way to his own soul through an intellectual quest, tragedies of nations and personal drama. The road moving through the cosmic distances is a flight into one's internal world. This flight and this drama are revealed in this philosophical film-poem.",
    "genres" : [ ]
  }, {
    "id" : 200145,
    "title" : "A Story of Yonosuke",
    "overview" : "The year is 1987 and Japan is just reaching the peak of its economic success. Eighteen-year old Yonosuke Yokomichi arrives in Tokyo from Nagasaki. Ordinary in every way possible, he lives in a suburb far from the excitement of the big city and commutes to a university in the center of Tokyo.",
    "genres" : [ {
      "id" : 18,
      "name" : "Drama"
    }, {
      "id" : 10749,
      "name" : "Romance"
    }, {
      "id" : 35,
      "name" : "Comedy"
    } ]
  }, {
    "id" : 200155,
    "title" : "Evergreen: The Road to Legalization in Washington",
    "overview" : "A documentary on how Washington State legalized recreational marijuana and the effects of this decision on the state, the nation and the world.",
    "genres" : [ {
      "id" : 99,
      "name" : "Documentary"
    } ]
  }, {
    "id" : 200160,
    "title" : "Céline Dion - The Millennium Concert",
    "overview" : "Celine Dion at her very best, performing live in Montreal on December 31st 1999.",
    "genres" : [ ]
  }, {
    "id" : 200165,
    "title" : "Счастливого рождества в Париже! или Банда лесбиянок",
    "overview" : "",
    "genres" : [ {
      "id" : 18,
      "name" : "Drama"
    } ]
  }, {
    "id" : 200170,
    "title" : "Abracadabra",
    "overview" : "In 1980, a crack team of Taoists (garbed like ninjas!) successfully vanquish a mob of ghosts -- except for female demon Pinkish Red, who manages to escape. Six years later, Cici Shin (Charine Chan Kar-ling) and her cousin, Lily Li (Ann Bridgewater), open a boutique and need a mirror for their fitting room. The mall security guard finds one for them in the basement but, naturally, Pinkish Red resides inside it and, when Cici cleans the mirror’s surface, the ghost is able to enter back into the real world.",
    "genres" : [ {
      "id" : 14,
      "name" : "Fantasy"
    }, {
      "id" : 27,
      "name" : "Horror"
    }, {
      "id" : 35,
      "name" : "Comedy"
    } ]
  }, {
    "id" : 200190,
    "title" : "Biography of a Bachelor Girl",
    "overview" : "Everyweek Newsmagazine editor Richard Kurt pursues famous free-spirited portrait artist Marion Forsythe on her return to the states from Europe, seeking to convince her to write her biography as a feature for his magazine. One of Marion's old beaus, now running for U.S. Senator from their home state, also comes calling.",
    "genres" : [ {
      "id" : 35,
      "name" : "Comedy"
    }, {
      "id" : 10749,
      "name" : "Romance"
    } ]
  }, {
    "id" : 200195,
    "title" : "Lady Helen's Escapade",
    "overview" : "A bored Lady Helen goes slumming as a domestic in a boarding house. There she falls in love with a sensitive young musician. The other women in the house are jealous, and accuse her of trying to steal the musician's violin. Lady Helen retreats to her own home, and arranges a position for the musician which allows them to be together.",
    "genres" : [ ]
  }, {
    "id" : 200200,
    "title" : "George Stevens World War II Footage",
    "overview" : "Raw footage filmed by George Stevens during World War II between 1944 and 1946 for the US Army Signal Corps. Includes footage shot at D-Day, the liberation of Paris and the Dachau concentration camp.",
    "genres" : [ ]
  }, {
    "id" : 200210,
    "title" : "新・北斗の拳 - 呪縛の街",
    "overview" : "",
    "genres" : [ {
      "id" : 16,
      "name" : "Animation"
    }, {
      "id" : 28,
      "name" : "Action"
    } ]
  }, {
    "id" : 200215,
    "title" : "Fedele alla Linea - Giovanni Lindo Ferretti",
    "overview" : "",
    "genres" : [ {
      "id" : 99,
      "name" : "Documentary"
    } ]
  }, {
    "id" : 200225,
    "title" : "Georges Brassens - Live à Bobino",
    "overview" : "",
    "genres" : [ {
      "id" : 10402,
      "name" : "Music"
    } ]
  }, {
    "id" : 200230,
    "title" : "M Pokora - Concert à Bercy",
    "overview" : "",
    "genres" : [ {
      "id" : 10402,
      "name" : "Music"
    } ]
  }, {
    "id" : 200250,
    "title" : "Chevallier et Laspalès - C'est vous qui voyez",
    "overview" : "",
    "genres" : [ {
      "id" : 35,
      "name" : "Comedy"
    }, {
      "id" : 10751,
      "name" : "Family"
    } ]
  }, {
    "id" : 200255,
    "title" : "Chapter Zero",
    "overview" : "A novelist examines his life and ambition when his world is turned upside down by a sultry publisher.",
    "genres" : [ ]
  }, {
    "id" : 200280,
    "title" : "Seven Minutes to Save the World",
    "overview" : "Undercover agent John Smith only has seven minutes to save the world from the evil genius Righteous Whale, so that he can return to his date with Caroline.",
    "genres" : [ {
      "id" : 28,
      "name" : "Action"
    } ]
  } ]
}