{
  "movies" : [ {
    "id" : 67215,
    "title" : "Event 16",
    "overview" : "A young inventor, Matt, is on a breakthrough creation in his garage workshop, but is about to lose his girlfriend due to his obsession, when a man walks into the workshop through a wall that his invention created. Soon police, undercover agents and murderers are all hunting for Matt and his girlfriend in a race, not only against, but through time.",
    "genres" : [ {
      "id" : 878,
      "name" : "Science Fiction"
    } ]
  }, {
    "id" : 67220,
    "title" : "Hard Contract",
    "overview" : "A cold hearted American hit man goes to Europe for 'one last score'. His encounter with a beautiful young woman casts self doubt on his lifeblood, and influences him to resist carrying out the contract",
    "genres" : [ {
      "id" : 80,
      "name" : "Crime"
    }, {
      "id" : 10749,
      "name" : "Romance"
    } ]
  }, {
    "id" : 67225,
    "title" : "Stevie Ray Vaughan - Boogie With Stevie",
    "overview" : "Recorded live at The Ocean Center, Daytona Beach, Florida, USA 1987. TrackList 1. Say What 2. Lookin' Out The Window 3. Look Out Little Sister 4. Ain't Gone And Give Up 5. Superstition 6. Willie The Wimp 7. Cold Shot 8. Couldn't Stand The Weather 9. Life Without You 10. Love Struck Baby 11. Rude Mood",
    "genres" : [ {
      "id" : 10402,
      "name" : "Music"
    } ]
  }, {
    "id" : 67230,
    "title" : "Hader muss weg!",
    "overview" : "Warum muss Hader weg? Weil keine Zeit für die Revolution bleibt? Weil man Liebe kaufen kann? Oder weil Feinrippunterhosen so viel aufsaugen? \"In diesem Programm kommen vor: eine nachtschwarze Vorstadtstraße voller Gebrauchtwagenhändler, eine heruntergekommene Tankstelle, ein versifftes Lokal, ein Kuvert mit 10.000 Euro, eine Schusswaffe und zirka sieben verpfuschte Leben. Das ist Pulp Fiction in Österreich. Eigentlich eine Mischung aus Film und Theaterstück. Kabarettprogramm ist leider gar keines\", so Josef Hader selbst über \"Hader muss weg\". Ganz klar: Dieser Mann muss bleiben!",
    "genres" : [ ]
  }, {
    "id" : 67235,
    "title" : "Ambiguous",
    "overview" : "Ambiguous is a 2003 Japanese Pink film directed by Toshiya Ueno. It was chosen as Best Film of the year at the Pink Grand Prix ceremony. Five suicidal people meet on the Internet and form a 'suicide group'. They all have reasons for which they want to terminate their lives. They arrange to meet at one of the member's homes to spend their last hours together. One of the women hastily kills herself in front of the others. The remaining four members decide to deal with their problems and live. Based loosely on an actual account that took place in Japan. Life, sex and redemption. Ambiguous also stars Nikki Sasaki (Nurse Sisters, Cuffs). Pink Cinema at its darkest...",
    "genres" : [ {
      "id" : 18,
      "name" : "Drama"
    } ]
  }, {
    "id" : 67240,
    "title" : "The Black Crowes - Warpaint Live",
    "overview" : "The Black Crowes are one of the all-time great live rock bands. Their shows are legendary and regularly sell out in record time wherever in the world they play. This new live DVD was filmed on March 20, 2008 at the Wiltern in Los Angeles during the tour in support of their critically acclaimed new studio album \"Warpaint\". The concert features live versions of the whole of the \"Warpaint\" album plus a mixture of previously unreleased cover versions and some of their own classics. 1) Goodbye Daughters Of The Revolution 2) Walk Believer Walk 3) Oh Josephine 4) Evergreen 5) We Who See The Deep 6) Locust Street 7) Movin' On Down The Line 8) Wounded Bird 9) God's Got It 10) There's Gold In Them Hills 11) Whoa Mule 12) Poor Elijah - Tribute To Johnson 13) Darling Of The Underground Press 14) Bad Luck Blue Eyes Goodbye 15) Don't Know Why 16) Torn And Frayed 17) Hey Grandma",
    "genres" : [ {
      "id" : 10402,
      "name" : "Music"
    } ]
  }, {
    "id" : 67245,
    "title" : "Triad Story",
    "overview" : "An elderly crime family boss, Feng, is being released from prison for good behavior and bad health. In the outside world, he learns that his daughter has shacked up with a depraved thug named Sin from America and that she will soon by flying out to the States to join him. When his attempts at fatherly consulting fail, Feng sends his goons, Maddy and Tat, after the boyfriend. In return, Sin has his men cripple Maddy. When Feng swipes Sin's shipment of drugs, the war between the two men escalates.",
    "genres" : [ {
      "id" : 18,
      "name" : "Drama"
    }, {
      "id" : 80,
      "name" : "Crime"
    } ]
  }, {
    "id" : 67250,
    "title" : "12",
    "overview" : "12, is a comic parody about an office's obsession with the television show 24 as the their obsessions kick into high gear with the shows season finale approaching. Part The Office part 24, the short film mash-up introduces a novel send-up of these pop culture staples.",
    "genres" : [ ]
  }, {
    "id" : 67255,
    "title" : "The Crazy Family",
    "overview" : "The Kobayashi family finally get the chance to move out of their tiny, cramped Tokyo apartment in favour of the suburban house of their dreams. But all is not well: the house is infested by termites and the family starts cracking up: Son Masaki is studying so obsessively for his exams that he's losing his mind; daughter Erika is oblivious of all but her forthcoming record company audition, grandfather Yasukuni starts getting World War II flashbacks and father Katsuhiko is so worried about his family's \"sickness\" that he thinks can only be cured by group suicide...",
    "genres" : [ {
      "id" : 18,
      "name" : "Drama"
    }, {
      "id" : 35,
      "name" : "Comedy"
    } ]
  }, {
    "id" : 67260,
    "title" : "Whitesnake - Starkers In Tokyo",
    "overview" : "Recorded \"in the heat of the night\" at EMI Toshiba Studio 3 in Tokyo on 5th July 1997.",
    "genres" : [ {
      "id" : 10402,
      "name" : "Music"
    } ]
  }, {
    "id" : 67275,
    "title" : "One Way to Valhalla",
    "overview" : "Bo Durant, a volatile, working-class gearhead, sees himself trapped in a world with few possibilities but when he falls off his stepdaughter's bike, suffers a concussion, stops eating, and smashes up the backyard with a sledgehammer, he begins to feel free for the first time in his life.",
    "genres" : [ {
      "id" : 18,
      "name" : "Drama"
    } ]
  }, {
    "id" : 67280,
    "title" : "Billy Wilder Speaks",
    "overview" : "In 1988, Oscar-winning German filmmaker Volker Schlondorff (\"The Tin Drum\") sat down with legendary director Billy Wilder at his office in Beverly Hills, California and turned on his camera for a series of filmed interviews. The conversation went on for two weeks. The results were aired on German TV in 1992 and debuted on U.S. television when it was shown on Turner Classic Movies in 2006. We are presented with a generous smattering of film clips, rare photographs and artwork, but mostly Wilder just sits in his office and talks with the off screen Schlondorff, moving easily between English and German.",
    "genres" : [ {
      "id" : 99,
      "name" : "Documentary"
    } ]
  }, {
    "id" : 67285,
    "title" : "Cineastes contra magnats",
    "overview" : "A long-gestated, provocative but somewhat disorganized diatribe against the technical abuses made to movies when they transfer to TV, vet Catalan helmer Carlos Benpar's \"Filmmakers vs. Tycoons\" reps both absorbing viewing for film purists and a slap on the wrist for those who believe that acquiring a movie means buying the right to modify it. Featuring an impressive assortment of witnesses for the prosecution both living (Berlanga, Donen, Forman, Pollack) and dead (Lancaster, Huston, Fellini), shamelessly partisan docu deserves exposure in fest sidebars and (if possible) on the very tube channels whose policies it's attacking.",
    "genres" : [ ]
  }, {
    "id" : 67290,
    "title" : "George Clinton: The Mothership Connection",
    "overview" : "It was Halloween night and Parliament Funkadelic was about to tear the roof off the Houston Summit, ready to bless the crowd with their cosmic brew of interplanetary funk. George Clinton, Bernie Worrell, Bootsy Collins and the rest of the P-Funk collective were riding the success of their first Top 5 R&amp;B hit, \"Give Up The Funk (Tear The Roof Off The Sucker),\" a track that had earned them the kind of radio play that would bring the masses out to see them live in a stadium-sized arena. The group was only five dates into the tour when they arrived in Houston, but they were definitely ready to take it to the stage for an out-of-this-world show like no other. Taped on October 31, 1976, these seldom-seen performances at the Houston Summit represent Clinton and Parliament Funkadelic in their '70s prime, in the era of their Mothership Connection and The Clones Of Dr. Funkenstein LPs--a rare opportunity for everyone to get their proper dose of The P-Funk.",
    "genres" : [ ]
  }, {
    "id" : 67295,
    "title" : "Good-Bye",
    "overview" : "An aphasic young boy living in South Korea meets, on one of his regular paths, a “Koguryo Beauty” who shows him how to trace his heritage",
    "genres" : [ {
      "id" : 18,
      "name" : "Drama"
    } ]
  }, {
    "id" : 67300,
    "title" : "Castle Orgies",
    "overview" : "A young girl is chosen to be a shogun's plaything.",
    "genres" : [ {
      "id" : 18,
      "name" : "Drama"
    } ]
  }, {
    "id" : 67305,
    "title" : "Armed Response",
    "overview" : "One of Tanaka's underlings has stolen a rare statuette that he had planned to use as a peace offering between the local Yakusa and Chinese Tong. He hires two private investigators to exchange ransom money to recover the statuette, but the trade goes down bad and Clay Roth is killed. This angers Roth's brothers and father, all combat veterans, and they go after the people responsible",
    "genres" : [ {
      "id" : 28,
      "name" : "Action"
    }, {
      "id" : 53,
      "name" : "Thriller"
    } ]
  }, {
    "id" : 67310,
    "title" : "Never Been Done",
    "overview" : "With his peg leg and pirate outfit, nothing can stop him! Never Been Done documents how Jon Comer became the first professional skateboarder to have a prosthetic leg. His story is moving, funny, and inspiring. This guy is nothing short of amazing because he rules! It's got sweet footage of Comer tearing it up! There's even footage of him skating a ramp on fire with a peg leg and dressed up as a pirate! His story is one of a kind!",
    "genres" : [ {
      "id" : 99,
      "name" : "Documentary"
    } ]
  }, {
    "id" : 67315,
    "title" : "Paris",
    "overview" : "Paris follows rookie detective Jason Bartok on his disturbing journey through the shadowy underworld of Los Angeles and Las Vegas, illuminated only by a sweet but short-lived romance with a strikingly beautiful, enigmatic woman. As the tale unfolds, Jason accidentally shoots his corrupt partner, Leon, grabbing stolen money from the crime scene at the older policeman's urging. The guilt-ridden young man quickly takes to the road to track down Leon's lover, Linda/Shen Li, an illegal Chinese immigrant, to deliver the bag of cash to her. Jason's search takes in seedy motels and rough bars, an L.A. massage parlor and a Nevada ranch, until finally in a dingy Vegas dive, he discovers the irresistible Linda, a sparkling jewel ensnared by the sex trade. Stalked by thugs, the money's \"rightful owners\", Jason and Linda are thrust together to make their escape through the haunting landscape that is the California desert.",
    "genres" : [ {
      "id" : 18,
      "name" : "Drama"
    }, {
      "id" : 53,
      "name" : "Thriller"
    }, {
      "id" : 10749,
      "name" : "Romance"
    }, {
      "id" : 10769,
      "name" : "Foreign"
    } ]
  }, {
    "id" : 67320,
    "title" : "Stanley",
    "overview" : "Tim Ochopee, a shell-shocked Seminole Indian has just returned from a tour of Vietnam. He lives a peaceful life deep in the Everglades with his pet snake Stanley. Upon his return, he finds out his father has passed away. When he learns how he was killed, Tim lets Stanley and his brood loose on the people who've done him wrong, leading to a thrilling climax.",
    "genres" : [ {
      "id" : 27,
      "name" : "Horror"
    } ]
  }, {
    "id" : 67330,
    "title" : "Speed Dating",
    "overview" : "In a cold future world everybody who is single drops dead. Which means that Tim - who recently got dumped by his girlfriend - has a serious problem. None of the women he meets at a speed dating event strike a chord with him. His last chance is Denise - or better said a typo called Dennis. As to Tim being straight, hey, there's a pill for that. Or is there?",
    "genres" : [ {
      "id" : 35,
      "name" : "Comedy"
    }, {
      "id" : 10749,
      "name" : "Romance"
    } ]
  }, {
    "id" : 67335,
    "title" : "Broken Oath",
    "overview" : "Lotus never had a chance. Her mother seethed with anger at being unjustly imprisoned for turning her attemped rapist into a cyclops. Mother repeatedly asked her good friend and fellow prisoner, Pickpocket, to urge Lotus to take revenge for her as an adult. Lotus is given to a monastery and grows up there, but twenty years of peace and love make no impression on Lotus, who skips classes to practice pole and sword skills. Joining forces with Pickpocket and Big Rat, Lotus gets her chance at revenge.",
    "genres" : [ {
      "id" : 28,
      "name" : "Action"
    } ]
  }, {
    "id" : 67340,
    "title" : "Love Undercover 2",
    "overview" : "The Crime Investigation Department is assigned to protect a princess-consort coming from the Republic of Puerto Risi. They arrange a fantastic trip to introduce the princess-consort to Hong Kong, but a big crisis looms on the horizon.",
    "genres" : [ {
      "id" : 28,
      "name" : "Action"
    }, {
      "id" : 35,
      "name" : "Comedy"
    }, {
      "id" : 10749,
      "name" : "Romance"
    } ]
  }, {
    "id" : 67345,
    "title" : "Mr. Vampire 4",
    "overview" : "The Buddhist Monk and the Taoist Priest, both blessed with ghost-taming powers, have been quarrelling all over the landscape. Still, they are good friends. The Priest shepherds a group of corpses home. He has to fight off some vicious devils. The Priest's classmate has been assigned the job of accompanying the coffin of a prince back to the capital. One night, a thunderbolt rips the coffin and the prince becomes a vampire. He kills many people. The Priest asks to help. He finds his classmate has killed himself. Before the Priest reaches home, Chia-lo, the Priest's student, is attacked by the princeis attacked by the prince. Chia-lo is rescued by the Priest and the Monk. But when the vampire prince pounces with murderous intensions, the vampire-fighters have to give their last bit of effort and wisdom to save themselves.",
    "genres" : [ {
      "id" : 28,
      "name" : "Action"
    }, {
      "id" : 35,
      "name" : "Comedy"
    }, {
      "id" : 27,
      "name" : "Horror"
    } ]
  }, {
    "id" : 67350,
    "title" : "Vampire Vs Vampire",
    "overview" : "Lam Ching-Ying returns as the famous \"Vampire Buster,\" this time starring as the One-Eyebrown Priest. To save the village from paranormal menaces, he deals with and battles a host of mysterious creatures including: a little mischievous Chinese vampire; a lustful female ghost; the spirit of a woman murdered by a club owner and a European vampire and his blood-sucking pet bats.",
    "genres" : [ {
      "id" : 28,
      "name" : "Action"
    }, {
      "id" : 35,
      "name" : "Comedy"
    }, {
      "id" : 27,
      "name" : "Horror"
    } ]
  }, {
    "id" : 67355,
    "title" : "No Child of Mine",
    "overview" : "Thirteen-year-old Kerry is repeatedly sexually abused by several adults, including at one point her mother. Her father sets her up as a prostitute. Kerry finally calls Childline and is put in a safe house, where she tries to come to terms with what has been done to her. Based on a true story, with the names changed to protect the real Kerry's identity.",
    "genres" : [ {
      "id" : 10770,
      "name" : "TV Movie"
    }, {
      "id" : 18,
      "name" : "Drama"
    }, {
      "id" : 80,
      "name" : "Crime"
    } ]
  }, {
    "id" : 67360,
    "title" : "The Da Vinci Files",
    "overview" : "Painter or Prophet: Da Vinci's Secrets Unveiled",
    "genres" : [ ]
  }, {
    "id" : 67365,
    "title" : "The Search for One-eye Jimmy",
    "overview" : "While working on a documentary on his old neighborhood, a young film school graduate shifts the focus of his production onto the disappearance of a local resident and the strange characters who are conducting the search to find him.",
    "genres" : [ {
      "id" : 35,
      "name" : "Comedy"
    } ]
  }, {
    "id" : 67375,
    "title" : "The Story of Alexander Graham Bell",
    "overview" : "Alexander Graham Bell falls in love with deaf girl Mabel Hubbard while teaching the deaf and trying to invent means for telegraphing the human voice. She urges him to put off thoughts of marriage until his experiments are complete. He invents the telephone, marries and becomes rich and famous, though his happiness is threatened when a rival company sets out to ruin him.",
    "genres" : [ {
      "id" : 18,
      "name" : "Drama"
    }, {
      "id" : 36,
      "name" : "History"
    } ]
  }, {
    "id" : 67380,
    "title" : "Nickel and Dime",
    "overview" : "",
    "genres" : [ {
      "id" : 18,
      "name" : "Drama"
    }, {
      "id" : 35,
      "name" : "Comedy"
    } ]
  }, {
    "id" : 67385,
    "title" : "The Town Is Quiet",
    "overview" : "A dark tale of working-class life in Marseilles, a city in crisis. Interesting characters include a hard-bitten but compassionate fish market worker with a drug addicted daughter and a moody bartender with a shocking secret life.",
    "genres" : [ {
      "id" : 18,
      "name" : "Drama"
    }, {
      "id" : 10769,
      "name" : "Foreign"
    } ]
  }, {
    "id" : 67390,
    "title" : "Avenging Angel",
    "overview" : "Molly, former baby prostitute \"Angel\" from Sunset Boulevard, has managed to leave her street life with help of Lt. Andrews. She studies law at an university and aims to become attorney. When she learns that Andrews was shot during a failed observation by brutal gangsters, she returns downtown to take revenge",
    "genres" : [ {
      "id" : 28,
      "name" : "Action"
    }, {
      "id" : 53,
      "name" : "Thriller"
    } ]
  }, {
    "id" : 67395,
    "title" : "L.E.T.H.A.L. Ladies: Return to Savage Beach",
    "overview" : "A stolen computer disk contains the location of a hidden tresaure trove. It's up to the sexy ladies of LETHAL (Legion to Ensure Total Harmony and Law) to find the treasure before the bad guys do.",
    "genres" : [ {
      "id" : 28,
      "name" : "Action"
    }, {
      "id" : 53,
      "name" : "Thriller"
    } ]
  }, {
    "id" : 67400,
    "title" : "Nature States - Sea of Serenity",
    "overview" : "Featuring soothing sights and melodic sounds, this relaxing video whisks viewers away to the rich underwater world of the Caribbean, the Red Sea and the Indian Ocean for a glimpse into a spectacular aquatic universe. You'll find yourself in healing waters as you marvel at brilliantly colored coral outcroppings, a host of exotic marine creatures and vibrant plant life ... all from the comfort of your armchair.",
    "genres" : [ ]
  }, {
    "id" : 67405,
    "title" : "Atatürk: Founder of Modern Turkey",
    "overview" : "-",
    "genres" : [ ]
  }, {
    "id" : 67410,
    "title" : "Gunsmith of Williamsburg",
    "overview" : "The gun was a vital part of life in colonial Williamsburg, and this docudrama demonstrates the expertise that went into the making of each weapon. The master gunsmith explains the principal parts of an early American rifle and demonstrates the gun's complex manufacturing process. The guns of the period were crude military weapons, but with revolution stirring, the colonists depended on their weapons to send a message to the British Crown.",
    "genres" : [ {
      "id" : 99,
      "name" : "Documentary"
    }, {
      "id" : 36,
      "name" : "History"
    } ]
  }, {
    "id" : 67415,
    "title" : "Incoherence",
    "overview" : "Three strangers meet at a TV program discussing the problems in society. The members consist of a newspaper editor who steals other people's milk while jogging every morning; an elite attorney caught by a guard while relieving himself, dead drunk on the street; and a professor with a passion for pornographic magazines.",
    "genres" : [ {
      "id" : 35,
      "name" : "Comedy"
    }, {
      "id" : 18,
      "name" : "Drama"
    } ]
  }, {
    "id" : 67420,
    "title" : "The Troubles of Alfred",
    "overview" : "Unlucky in love, Alfred tries to commit suicide, only to be thwarted by police efforts to prevent a simultaneous attempt by a nearby young woman. Recovering, the young lady puts him up at her house, as he has run out of places to live. He joins a Parisian sporting team and seems to have transferred his bad luck to a corrupt television boss who is attempting to manipulate the game so that Alfred's Paris team loses.",
    "genres" : [ {
      "id" : 35,
      "name" : "Comedy"
    } ]
  }, {
    "id" : 67425,
    "title" : "Avril brisé",
    "overview" : "A 100-year-old family feud in Albania continues to target men for vengeful execution in this somber drama.",
    "genres" : [ {
      "id" : 18,
      "name" : "Drama"
    } ]
  }, {
    "id" : 67430,
    "title" : "Zoo zéro",
    "overview" : "Eva is a singer in a Noah's Ark themed nightclub, where the guests wear animal masks. She sings about a doomed love affair between a lion tamer and a lion. She is approached by a stranger who claims to know her and to remember her singing Mozart which she denies. Driven around in her midget manager´s limousine she encounters bizarre characters who turn out to belong to her incestuous family of ogres. All culminates in a bizarre finale in a zoo featuring Klaus Kinski and arias from \"The Magic Flute\". Stylish, surrealistic and weird, but you will scratch your head and ask yourself what it´s all about (and why you should bother).",
    "genres" : [ ]
  }, {
    "id" : 67435,
    "title" : "Falsch",
    "overview" : "In an apparently empty airport, a Jewish family has gathered to greet one of its members who has come there to be with them. However, the airport is actually the ante-room of Death, and the family member is a recently deceased American survivor of the Holocaust. Although the party begins by greeting the man with warmth and affection, the gathering soon degenerates into a squabble about why most of those assembled failed to heed the warnings about the Holocaust and flee Germany.",
    "genres" : [ {
      "id" : 18,
      "name" : "Drama"
    }, {
      "id" : 10752,
      "name" : "War"
    } ]
  }, {
    "id" : 67440,
    "title" : "Cœur fidèle",
    "overview" : "The good guys win out in this sweet tale about a young orphan who is abused for much of her life but who eventually finds happiness when she marries an honest man who extricates her from her situation.",
    "genres" : [ {
      "id" : 35,
      "name" : "Comedy"
    }, {
      "id" : 18,
      "name" : "Drama"
    } ]
  }, {
    "id" : 67445,
    "title" : "Jiminy Glick in Lalawood",
    "overview" : "\"La La Wood\" follows the legacy of Jiminy Glick, first introduced on \"The Martin Short Show,\" who went on to get (non)-critical acclaim for his talk show \"Primetime Glick,\" where Mr. Glick interviewed countless celebrities (which usually ended in verbally--sometimes physically--insulting/assaulting them). Now comes \"La La Wood\"--Jiminy Glick's home. This is his story (sort of).",
    "genres" : [ {
      "id" : 35,
      "name" : "Comedy"
    } ]
  }, {
    "id" : 67450,
    "title" : "Bullet for My Valentine: The Poison - Live at Brixton",
    "overview" : "Bullet For My Valentine “The Poison - Live At Brixton” is finally now ready for release from the 30th October. It was one of the first ‘were you actually there’ live moments of 2006, an amazing start to an amazing year for Bullet for my Valentine, headlining the Kerrang XXV Tour and playing the sold out show to over 4,000 people at London’s legendary Brixton Academy on January 28, 2006. (Letssingit.com)",
    "genres" : [ {
      "id" : 10402,
      "name" : "Music"
    } ]
  }, {
    "id" : 67455,
    "title" : "The Fantastic Night",
    "overview" : "Denis, a poor student in philosophy, works as a night porter in the Paris market of Les Halles in order to pay for his studies. Constantly weary, he falls asleep and dreams of a beautiful girl in white, Irène, with whom he falls in love.",
    "genres" : [ ]
  }, {
    "id" : 67460,
    "title" : "We Can Be Heroes",
    "overview" : "We Can Be Heroes is a mockumentary TV series created and performed by comedian Chris Lilley. It follows the story of five unique Australians, who have each made a large achievement and been nominated by friends and family for the Australian of the Year award.",
    "genres" : [ ]
  }, {
    "id" : 67465,
    "title" : "The Singing Detective",
    "overview" : "Tormented and bedridden by a debilitating disease, a mystery writer relives his detective stories through his imagination and hallucinations.",
    "genres" : [ {
      "id" : 14,
      "name" : "Fantasy"
    }, {
      "id" : 18,
      "name" : "Drama"
    }, {
      "id" : 80,
      "name" : "Crime"
    } ]
  }, {
    "id" : 67490,
    "title" : "Kurtulus",
    "overview" : "Kurtulus is the 6-episode (6x1 hour) TV series telling the story of the Turkish War of Liberation. It covers a 4 year time period starting from the Allied invasion of the Ottoman Empire following the First World War up to the Victory of the Turkish Nationalist Movement in Ankara against the invading Greek army in Western Anatolia.",
    "genres" : [ ]
  }, {
    "id" : 67495,
    "title" : "Les amants de Vérone",
    "overview" : "Angelo, a glass-blower from Murano, and Georgia Maglia, the pretty daughter of a fallen fascist magistrate, are chosen to be the stand-ins for the stars of a film version of \"Romeo and Juliet\" being shot on location in Venice and Verona. It is not long before they fall in love and their romance parallels that of Shakespeare's timeless heroes. Indeed their union is threatened by the schemings of Raffaele, the Maglia family's dubious tout...",
    "genres" : [ {
      "id" : 18,
      "name" : "Drama"
    } ]
  }, {
    "id" : 67505,
    "title" : "Tennis Racquet",
    "overview" : "Two Goofys play a tennis match in typical Goofy style. The announcer sometimes has trouble following the action. The groundskeeper seems to always be present, trimming the grass, filling in holes (in one case with a tree), and delivering the oversized trophy.",
    "genres" : [ {
      "id" : 16,
      "name" : "Animation"
    } ]
  }, {
    "id" : 67515,
    "title" : "Luther the Geek",
    "overview" : "As a young child Luther The Geek or \"The Freak\" witnesses a band of men goading a geek (a man who bites off chicken's heads and drinks the blood) into performing. In the ensuing hullabaloo, Luther bites his lip and likes the taste of blood. Flash forward some thirty years and a parole board is meeting to discuss Luther's release. It seems the cheeky blighter has been murdering folk in the meantime. A dopey parole board trainee sides with the liberals and so Luther is unleashed, except now he has a special pair of customized metal teeth. Luther then proceeds to \"bite the heads off\" of many hapless folk until the tense ending. This movie is most notable for it's bare dialog, whole stretches pass without a sound. Most of the audio is composed of Luther clucking insanely like a chicken.",
    "genres" : [ {
      "id" : 27,
      "name" : "Horror"
    } ]
  }, {
    "id" : 67520,
    "title" : "Grand Illusions - The Story Of Magic",
    "overview" : "Explore the rich, fascinating culture and history of magic through this six-part series, which takes you inside an alluring and enchanting world. It's all here, from the mechanical automata of Robert-Houdin to the elaborate illusions of Penn and Teller, from the death-defying escapes of Houdini to the bizarre and tragic feats of the sideshow performers. Come backstage and see what's behind the curtain.",
    "genres" : [ {
      "id" : 99,
      "name" : "Documentary"
    } ]
  }, {
    "id" : 67525,
    "title" : "Boys from the Blackstuff",
    "overview" : "Alan Bleasdale's hugely acclaimed mini-series echoes the misery and despair of long-term unemployment. Set in Liverpool, these profoundly moving human dramas follow in turn the attempts of five working-class heroes to survive.",
    "genres" : [ ]
  }, {
    "id" : 67530,
    "title" : "The Lords of Discipline",
    "overview" : "Will arrives for his last year at Military Academy, in the Deep South USA, in the 1960's. A black student, Pearce, has been accepted, for the first time and Will is asked to keep an eye out for the inevitable racism. The racists come in the form of The Ten, a secret group of the elite students. They want Pearce to leave on his own free will, but are prepared to torture him to make it 'his free will'. Will is forced to help Pearce and he is prepared to risk his own career to do so.",
    "genres" : [ {
      "id" : 18,
      "name" : "Drama"
    }, {
      "id" : 53,
      "name" : "Thriller"
    } ]
  }, {
    "id" : 67535,
    "title" : "Les mauvaises rencontres",
    "overview" : "",
    "genres" : [ {
      "id" : 18,
      "name" : "Drama"
    } ]
  }, {
    "id" : 67540,
    "title" : "Royal Affairs in Versailles",
    "overview" : "Witty narration follows the history of Versailles Palace; founded by Louis XIII, enlarged by autocratic Louis XIV, whose personal affairs and amours, and those of his two successors, are followed in more detail to the start of the Revolution, after which the story is brought rapidly up to date. A huge cast plays mainly historical persons who appear briefly.",
    "genres" : [ {
      "id" : 35,
      "name" : "Comedy"
    }, {
      "id" : 18,
      "name" : "Drama"
    }, {
      "id" : 36,
      "name" : "History"
    } ]
  }, {
    "id" : 67545,
    "title" : "Patrioticheskaya Komediya",
    "overview" : "Андрей - простой русский оперуполномоченный. Он борется с преступностью. И не верит в сказки. Они ему порядком опостылели: каждый подозреваемый норовит выдумать небылицу. Расследуя очередное незаурядное дело, он и его коллеги попадают в жуткий переплет: бандиты, смертельная перестрелка... и чертовщина. Дальнейшие события приводят Андрея в старый, ветхий дом. В этом домике, находящемся в самом центре большого города, живёт русский интеллигент чеховского типа Ильин. Живёт себе тихо - мирно и до поры до времени не знает, что в старом шкафу находится вход в таинственное подземелье и магическую комнату, из которой можно попасть в любую столицу мира. А на чердаке живёт добрый домовой Пиня, который знает все тайны дома...",
    "genres" : [ {
      "id" : 35,
      "name" : "Comedy"
    }, {
      "id" : 18,
      "name" : "Drama"
    } ]
  }, {
    "id" : 67550,
    "title" : "Drôles d'oiseaux",
    "overview" : "",
    "genres" : [ {
      "id" : 35,
      "name" : "Comedy"
    } ]
  }, {
    "id" : 67555,
    "title" : "The Gates of Paris",
    "overview" : "Juju, a drunken oaf who feels the need of being important to someone---anyone---and his friend The Artist are forced at gunpoint to house a fugitive, Pierre Barbier, in Juju's broken-down home. The urge for being needed is such in Juju that he gives up drinking and takes care of Pierre. But one day Juju finds out that Pierre has been making love to his girl Maria...",
    "genres" : [ {
      "id" : 35,
      "name" : "Comedy"
    }, {
      "id" : 18,
      "name" : "Drama"
    } ]
  }, {
    "id" : 67560,
    "title" : "Yuriko's Aroma",
    "overview" : "30 something year old Yuriko (Noriko Eguchi) works as a aromatherapist at an aroma salon. She uses essentials oils and her hands to soothe her client’s inner well-being. Yuriko also has a secret she can’t tell anyone; She gets incredibly turned on by the sweaty scent of a 17 year old high school student named Tetsuya (Shota Someya). Tetsuya is also the nephew of the salon owner (Jun Miho). Meanwhile, salon client Ayama (Saori Hara) asks to practice aromatherapy, but her real intent is to press her large breasts against Yuriko.",
    "genres" : [ ]
  }, {
    "id" : 67565,
    "title" : "Sin Sisters",
    "overview" : "After graduation from university, childhood friends Ann, Joy, Koi, Mam and Joom move on to follow their respective career paths. They reunite again at a friend’s funeral, after which all the five young women decide to stay overnight at Joom’s place to recall their good old days. When Ann raises the topic of sex, the conversation goes deeper and deeper until each is forced to reveal details of their most embarrassing sexual experiences – the moments they harbor the most guilt over.",
    "genres" : [ {
      "id" : 35,
      "name" : "Comedy"
    } ]
  }, {
    "id" : 67570,
    "title" : "The Art of Self Defense",
    "overview" : "Goofy takes a lighthearted look at self defense through the ages: cavemen, knights, the age of chivalry, and finally boxing.",
    "genres" : [ {
      "id" : 35,
      "name" : "Comedy"
    }, {
      "id" : 16,
      "name" : "Animation"
    } ]
  }, {
    "id" : 67585,
    "title" : "The China Shop",
    "overview" : "The elderly owner of a china shop leaves for the night, and the various figurines and decorated mugs come to life. A demonic figure captures an upper-class lady and does battle with her lord, damaging much of the shop. But the demon proves to have a glass jaw and, literally, a yellow streak, and the happy couple is soon reunited. No dialogue, but some signs are in English, particularly the final punch-line.",
    "genres" : [ {
      "id" : 16,
      "name" : "Animation"
    } ]
  }, {
    "id" : 67590,
    "title" : "The Greener Yard",
    "overview" : "An old beetle (though he looks more like Jiminy Cricket) living next door to Donald Duck explains to his young charge why Donald's garden isn't the paradise it appears to be, by recounting his battles with Donald when he first discovered the garden, and his narrow escape assisted by a couple of birds.",
    "genres" : [ {
      "id" : 16,
      "name" : "Animation"
    } ]
  }, {
    "id" : 67595,
    "title" : "The Positively True Adventures of the Alleged Texas Cheerleader Murdering Mom",
    "overview" : "When her daughter Shanna is disqualified from competing for her Junior High School cheer leading squad, Wanda Holloway tries to get her ex-husband's brother, Terry Harper, to hire a hitman to incapacitate Shanna's rival or the girl's mother. He wants nothing to do with it and after several unsuccessful attempts, finally manages to convince the police that Wanda is serious. She is eventually arrested and charged with conspiracy to commit murder but when the media get hold of the story, it becomes a sensation, making front page news around the world. Based on a true story.",
    "genres" : [ {
      "id" : 35,
      "name" : "Comedy"
    }, {
      "id" : 18,
      "name" : "Drama"
    } ]
  }, {
    "id" : 67600,
    "title" : "The Simple Things",
    "overview" : "Mickey and Pluto go fishing. Pluto has a run-in with a clam, who eventually lodges in Pluto's mouth; Mickey thinks the clam is Pluto's tongue and can't understand why Pluto keeps begging for more food. After they get rid of the clam, Mickey's attempts to use his minnows as bait are thwarted by a hungry seagull; he brings his friends, and they chase our heroes away.",
    "genres" : [ {
      "id" : 16,
      "name" : "Animation"
    }, {
      "id" : 35,
      "name" : "Comedy"
    }, {
      "id" : 10751,
      "name" : "Family"
    } ]
  }, {
    "id" : 67605,
    "title" : "Naseeb",
    "overview" : "Naseeb, a story of destiny and fate, begins with a lottery ticket. A drunk who cannot pay his restaurant bill trades his recently purchased ticket with a waiter. Naseeb becomes a poignant story about love, friendship, sacrifice, deceit, revenge and above all, destiny.",
    "genres" : [ {
      "id" : 18,
      "name" : "Drama"
    }, {
      "id" : 10769,
      "name" : "Foreign"
    } ]
  }, {
    "id" : 67610,
    "title" : "Corisco & Dadá",
    "overview" : "Cruel and brave Brazilian outlaw called Corisco, living in the backcountry in the Northeast, an arid region, rapes 12-year-old Dadá, who becomes his woman, following him and his gang. Although they were supposed to fight against social injustice, they terrorized the small villages along their way.",
    "genres" : [ {
      "id" : 18,
      "name" : "Drama"
    }, {
      "id" : 12,
      "name" : "Adventure"
    } ]
  }, {
    "id" : 67615,
    "title" : "The Bandit",
    "overview" : "In the times of the \"cangaceiros\" in the badlands of the North and Northeastern of Brazil, the cruel Capitão Galdino Ferreira and his band abduct the school teacher Olívia, expecting to receive a ransom for her. However, one of his men, Teodoro falls in love and flees with her through the arid backcountry chased by the brigands. Along their journey, Olívia also falls in love with Teodoro and proposes him to leave the countryside and move to the city. But Teodoro loves also his land and tells that he would like to die in the backcountry where he was born.",
    "genres" : [ {
      "id" : 18,
      "name" : "Drama"
    }, {
      "id" : 12,
      "name" : "Adventure"
    } ]
  }, {
    "id" : 67620,
    "title" : "Sex Of Golden Plums Part 1",
    "overview" : "Northern Song Dynasty, Ximen Qing, a lustful and wealthy merchant is dead. The grim reapers then escort him to the Palace of Yama in hell, the court of the lord of death. Yama immediately puts him on the last judgment. His crimes committed on earth are fully shown. Ximen Qing is born a womanizer, other than the numerous wives and concubines he has at home, he continues to have sex with different women outside. He has interests in prostitutes, maids, married women, virgins, i.e. every single kind of women. In order to coax the beautiful wives, he kills their husbands, and that Wu Da Lang, the ugly husband of the seductive Golden Lotus, is not the only victim… Nevertheless, Ximen Qing denies all of his crimes and argues with Yama. Yama feels indignation at his impudent behaviors and discloses some secrets even Ximen Qing is not aware of…",
    "genres" : [ ]
  }, {
    "id" : 67625,
    "title" : "Foul Hunting",
    "overview" : "Goofy goes duck-hunting.",
    "genres" : [ {
      "id" : 16,
      "name" : "Animation"
    }, {
      "id" : 35,
      "name" : "Comedy"
    } ]
  }, {
    "id" : 67630,
    "title" : "Bikini Squad",
    "overview" : "A woman director is hired to finish the season of \"Bikini Squad\", a popular TV series about California beach lifeguards. A more than obvious lack of talent and basic intelligence among the crew make her contemplate leaving the set.",
    "genres" : [ {
      "id" : 35,
      "name" : "Comedy"
    } ]
  }, {
    "id" : 67635,
    "title" : "Saguni",
    "overview" : "Saguni is a Tamil political satire film directed by Shankar Dayal. The film features Karthi and Pranitha in the lead roles, while Santhanam, Roja, Prakash Raj, Raadhika Sarathkumar and Nassar appear in supporting roles. The film along with its dubbed Telugu Version Sakuni released on June 22, 2012, It received mixed reviews.",
    "genres" : [ {
      "id" : 18,
      "name" : "Drama"
    } ]
  }, {
    "id" : 67645,
    "title" : "Deburau",
    "overview" : "",
    "genres" : [ {
      "id" : 18,
      "name" : "Drama"
    } ]
  }, {
    "id" : 67650,
    "title" : "Train d'enfer",
    "overview" : "",
    "genres" : [ {
      "id" : 80,
      "name" : "Crime"
    }, {
      "id" : 18,
      "name" : "Drama"
    } ]
  }, {
    "id" : 67655,
    "title" : "Bloodlust Zombies",
    "overview" : "A military weapons manufacturer creates a chemical weapon that causes victims to become blood-lusting killers. A lab accident causes the building to go into lock-down and the employees are trapped inside with the crazed killers.",
    "genres" : [ {
      "id" : 35,
      "name" : "Comedy"
    }, {
      "id" : 27,
      "name" : "Horror"
    } ]
  }, {
    "id" : 67660,
    "title" : "Think Like a Man",
    "overview" : "The balance of power in four couples’ relationships is upset when the women start using the advice in Steve Harvey’s book, Act Like A Lady, Think Like A Man, to get more of what they want from their men. When the men realize that the women have gotten a hold of their relationship “playbook,” they decide that the best defense is a good offense and come up with a plan to use this information to their advantage.",
    "genres" : [ {
      "id" : 35,
      "name" : "Comedy"
    }, {
      "id" : 10749,
      "name" : "Romance"
    } ]
  }, {
    "id" : 67675,
    "title" : "Glee: The Concert Movie",
    "overview" : "A concert documentary shot during the Glee Live! In Concert! summer 2011 tour, featuring song performances and Glee fans' life stories and how the show influenced them.",
    "genres" : [ {
      "id" : 99,
      "name" : "Documentary"
    }, {
      "id" : 10402,
      "name" : "Music"
    }, {
      "id" : 10751,
      "name" : "Family"
    } ]
  }, {
    "id" : 67685,
    "title" : "Bending All The Rules",
    "overview" : "When single photographer Kenna finally gets her own exhibition, she turns her attention to her love life. Yet two different men, sensitive Jeff and strong-willed Martin, are determined to win her heart, pulling her free spirit in opposite directions.",
    "genres" : [ {
      "id" : 35,
      "name" : "Comedy"
    }, {
      "id" : 10749,
      "name" : "Romance"
    } ]
  }, {
    "id" : 67690,
    "title" : "Chiller Theatre",
    "overview" : "Documentary of the October 2004 east coast horror convention.",
    "genres" : [ {
      "id" : 27,
      "name" : "Horror"
    }, {
      "id" : 99,
      "name" : "Documentary"
    } ]
  }, {
    "id" : 67695,
    "title" : "Tomorrow We Diet",
    "overview" : "Indeed, man craves to eat and George Geef (Goofy) is no exception. He eats like it's going out of style. Finally, his reflection in the mirror tells him he's getting too fat. Goofy starts showing all the signs of being overweight. When he gets into a taxi, the back tires deflate. When he gets into an elevator, the elevator remains grounded. Goofy's reflection \"helps\" him lose weight by refusing to let him eat. Geef thinks he can resist but is soon upset by all manner of temptations. He goes to bed but sleepwalks to the refrigerator only to discover it is empty. It turns out his reflection ate all the food telling him, \"Eat, drink, and be merry, and tomorrow we diet!\"",
    "genres" : [ {
      "id" : 16,
      "name" : "Animation"
    } ]
  }, {
    "id" : 67700,
    "title" : "The Shakers: Hands to Work, Hearts to God",
    "overview" : "They called themselves the United Society of Believers in Christ’s Second Appearing, but because of their ecstatic dancing, the world called them Shakers. Though they were celibate, they are the most enduring religious experiment in American history. They believed in pacifism, natural health and hygiene, and for more than 200 years insisted that their followers should strive for simplicity and perfection in everything they did. The Shakers put their \"hands to work and their hearts to God,\" creating an exquisite legacy of fine furniture, glorious architecture and beautiful music that will remain and inspire long after the last Shaker is gone. Through diaries, archival photographs, music and stunning cinematography, Ken Burns creates a moving portrait of this particularly American movement, and in the process, offers us an unusually moving way to understand the Shakers.",
    "genres" : [ {
      "id" : 99,
      "name" : "Documentary"
    } ]
  }, {
    "id" : 67705,
    "title" : "Celtic Thunder: Heritage",
    "overview" : "In this concert recorded live in Poughkeepsie, New York, Keith, Paul, George, Ryan, Damien, and Neil perform the following songs: 1/ Heartland, 2/ Buachaill ón Eirne, 3/ The Dutchman, 4/ Black Is The Color, 5/ Working Man, 6/ Home From The Sea, 7/ Just A Song At Twilight, 8/ Belfast Polka, 9/ Gold &amp; Silver Days, 10/ Noreen, 11/ Steal Away, 12/ Skye Boat Song, 13/ Whiskey In The Jar, 14/ My Love Is Like A Red Red Rose, 15/ Ireland's Call, 16/ A Place In The Choir.",
    "genres" : [ {
      "id" : 10402,
      "name" : "Music"
    } ]
  }, {
    "id" : 67715,
    "title" : "The Beautiful, the Bloody, and the Bare",
    "overview" : "An artist and his wife hold art classes using nude models. Their photographer friend Pete returns from two years in Europe, and they try to convince him he has a promising career in nude photography. He eventually agrees to try it, but finds that the sight of red hair or red nail polish triggers unhealthy impulses, to the detriment of some of his models.",
    "genres" : [ ]
  }, {
    "id" : 67720,
    "title" : "Three Blind Mice",
    "overview" : "A lawyer defends a man he's known since serving together in Vietnam, who has been accused of murdering three Vietnamese immigrants. Now he'll have to fight against a tenacious District Attorney, and evidence connected to the man's wife.",
    "genres" : [ {
      "id" : 80,
      "name" : "Crime"
    }, {
      "id" : 18,
      "name" : "Drama"
    }, {
      "id" : 9648,
      "name" : "Mystery"
    }, {
      "id" : 53,
      "name" : "Thriller"
    } ]
  }, {
    "id" : 67730,
    "title" : "Living Doll",
    "overview" : "Howard, a shy morgue worker, falls in love with a girl who ends up in the morgue, but he doesn't let that stop him. Howard has a secret - he is in love with Christine. There's only one problem, Christine is DEAD! A grave was no place for Christine, the only place for her was at Howard's side. At last she was his, his to dress, his to feed and to care for.",
    "genres" : [ {
      "id" : 10769,
      "name" : "Foreign"
    }, {
      "id" : 27,
      "name" : "Horror"
    } ]
  }, {
    "id" : 67735,
    "title" : "Le maître de forges",
    "overview" : "",
    "genres" : [ {
      "id" : 35,
      "name" : "Comedy"
    }, {
      "id" : 18,
      "name" : "Drama"
    } ]
  }, {
    "id" : 67740,
    "title" : "Butcher, Baker, Nightmare Maker",
    "overview" : "Rejected by her lover, the only man left in Cheryl's life is the orphaned nephew she has raised as her own son. She'll stop at nothing to keep Billy with her, When her plans misfire she is swept up into an insane frenzy that means death to anyone who comes between her and her obsession. But the investigating detective is convinced that Billy is the real killer - and determined to prove it. Madness and fanaticism work together to drag all concerned into a terrifying vortex of blood-letting that adds a nightmarish twist to the classic Oedipus story.",
    "genres" : [ {
      "id" : 53,
      "name" : "Thriller"
    }, {
      "id" : 27,
      "name" : "Horror"
    } ]
  }, {
    "id" : 67745,
    "title" : "Blue Tornado",
    "overview" : "",
    "genres" : [ {
      "id" : 28,
      "name" : "Action"
    }, {
      "id" : 878,
      "name" : "Science Fiction"
    }, {
      "id" : 53,
      "name" : "Thriller"
    } ]
  }, {
    "id" : 67750,
    "title" : "The Grotesque",
    "overview" : "Sir Hugo is more interested in reconstructing dinosaur bones than in paying attention to his wife, Lady Harriet. He's not thrilled when daughter Cleo brings home her betrothed, Sidney, who aspires to be a poet. The new butler, Fledge, provides Lady Harriet with the attention she's been missing and then seduces Sidney. Did he have a role in Sidney's disappearance as well?",
    "genres" : [ {
      "id" : 35,
      "name" : "Comedy"
    }, {
      "id" : 10769,
      "name" : "Foreign"
    } ]
  }, {
    "id" : 67760,
    "title" : "Kylie Minogue: Aphrodite Les Folies Live in London",
    "overview" : "For three decades, Kylie Minogue has been one of the world’s most successful music stars. Now, the queen of pop’s most extravagant stage show to date comes to Sky 1 HD and Sky 3D in Kylie Live In 2011: Aphrodite Les Folies on Sunday 19 June. Recorded at London’s O2 Arena in April 2011, Aphrodite Les Folies is a spectacle to behold. Featuring performance of tracks from the star’s latest album, Aphrodite, including Get Outta My Way, Closer and Put Your Hands Up (If You Feel Love), as well as classic anthems such as Can’t Get You Out Of My Head, On a Night Like This and Better The Devil You Know, this live concert sees Minogue at her best.",
    "genres" : [ {
      "id" : 10402,
      "name" : "Music"
    } ]
  }, {
    "id" : 67765,
    "title" : "Klaas van der Eerden: Extreem",
    "overview" : "",
    "genres" : [ ]
  }, {
    "id" : 67770,
    "title" : "Kristel Zweers: Onschuldig",
    "overview" : "",
    "genres" : [ ]
  }, {
    "id" : 67775,
    "title" : "Wim Helsen: Het helste van Helsen",
    "overview" : "",
    "genres" : [ ]
  }, {
    "id" : 67780,
    "title" : "Arie & Silvester - 200%",
    "overview" : "",
    "genres" : [ {
      "id" : 35,
      "name" : "Comedy"
    } ]
  }, {
    "id" : 67785,
    "title" : "Animusic HD",
    "overview" : "9 Hi-Definition music animations All 8 animations from Animusic 2 Pipe Dream, from Animusic 1 Bonus Features",
    "genres" : [ {
      "id" : 16,
      "name" : "Animation"
    }, {
      "id" : 10402,
      "name" : "Music"
    } ]
  }, {
    "id" : 67790,
    "title" : "Ye Olden Days",
    "overview" : "The princess (Minnie) is to wed the Prince (Goofy, still known as Dippy Dawg) against her wishes. When she refuses, her father the king locks her in the tower. Minstrel Mickey sees her and rescues her, making a rope from the clothes of lady-in-waiting Clarabell. The king spots them and prepares to chop off Mickey's head until Minnie intercedes. The king calls for a joust. Mickey wins, and they live happily ever after.",
    "genres" : [ {
      "id" : 16,
      "name" : "Animation"
    } ]
  }, {
    "id" : 67795,
    "title" : "House on Bare Mountain",
    "overview" : "The Wolfman, Dracula and Frankenstein spy on a girls' school in the mountains, where most of the girls spend their time sunbathing in the nude, nude exercises and nude art classes. The monsters finally invade the school…",
    "genres" : [ {
      "id" : 27,
      "name" : "Horror"
    }, {
      "id" : 35,
      "name" : "Comedy"
    } ]
  }, {
    "id" : 67800,
    "title" : "John Carpenter: The Man and His Movies",
    "overview" : "Chronicles the work of cult director John Carpenter through interviews with him and his associates, with emphases on the earlier work.",
    "genres" : [ {
      "id" : 99,
      "name" : "Documentary"
    }, {
      "id" : 27,
      "name" : "Horror"
    } ]
  }, {
    "id" : 67805,
    "title" : "Lust Connection",
    "overview" : "A married man finds various women in Internet fantasy chats. When his buxom wife dies, he claims one of his lovers surely did it. Is it incidental that his wife's identical twin fully sympathizes with his affairs?",
    "genres" : [ ]
  } ]
}