{
  "movies" : [ {
    "id" : 88060,
    "title" : "Dark Impulse",
    "overview" : "Eva, a judge with a great future, has spent years exclusively  dedicated to her profession.  She believes strongly in justice and is not willing to make concessions, wherever they come from.  One day  she has to instruct the murder of a stripper. And there is a witness in the case, the victim's boyfriend, Rocco, a caring and friendly gigolo who is willing to help. In return, Eve will have to give some clues of her own identity.",
    "genres" : [ {
      "id" : 53,
      "name" : "Thriller"
    } ]
  }, {
    "id" : 88065,
    "title" : "The Werewolf of Washington",
    "overview" : "After being unknowingly inflicted with the bite of a werewolf while on a visit to Europe, White House press secretary Jack Whittier (Dean Stockwell) begins to turn into a deadly beast by night, terrorizing Washington D.C. and presenting a very deadly threat to the President.",
    "genres" : [ {
      "id" : 27,
      "name" : "Horror"
    } ]
  }, {
    "id" : 88075,
    "title" : "Walk Softly, Stranger",
    "overview" : "A petty crook (Joseph Cotten) moves to an Ohio town and courts a factory owner's disabled daughter (Valli).",
    "genres" : [ {
      "id" : 80,
      "name" : "Crime"
    }, {
      "id" : 18,
      "name" : "Drama"
    }, {
      "id" : 10749,
      "name" : "Romance"
    } ]
  }, {
    "id" : 88085,
    "title" : "Judas Priest: British Steel",
    "overview" : "Had Judas Priest released just this one album, it would still go down in history. Judas Priest was one of the most influential heavy metal bands of the 70's. BRITISH STEEL made them a world-famous band. The welding of BRITISH STEEL is told in this exclusive program in the band's own words, and by their once long-term producer Tom Allom. Featuring archive footage, interviews and rare live performances, plus all of BRITISH STEEL'S finest songs, including \"Living After Midnight\", \"Breaking the Law\", \"Metal Gods\", \"The Rage\", \"United\" and \"Grinder\", this is a compelling, witty and exhilarating look at the making of one of heavy metal's most artful creations, a true Classic!",
    "genres" : [ {
      "id" : 10402,
      "name" : "Music"
    }, {
      "id" : 99,
      "name" : "Documentary"
    } ]
  }, {
    "id" : 88090,
    "title" : "The Roller Blade Seven",
    "overview" : "In a futuristic society, a sword-wielding roller skater fights evil ninjas, punk roller skaters and is sent on an important rescue mission.",
    "genres" : [ {
      "id" : 28,
      "name" : "Action"
    }, {
      "id" : 18,
      "name" : "Drama"
    }, {
      "id" : 878,
      "name" : "Science Fiction"
    } ]
  }, {
    "id" : 88110,
    "title" : "Emmanuelle in Space 5: A Time to Dream",
    "overview" : "Emmanuelle teaches her alien friends to explore sexual fantasy through their dreams, and searches for her own dream lover.",
    "genres" : [ {
      "id" : 878,
      "name" : "Science Fiction"
    }, {
      "id" : 10749,
      "name" : "Romance"
    } ]
  }, {
    "id" : 88130,
    "title" : "The Terry Fox Story",
    "overview" : "The true story about the Canadian cancer amputee hero who decided to run across Canada on only one leg to raise money for cancer research.",
    "genres" : [ ]
  }, {
    "id" : 88135,
    "title" : "Golden Earring: Radar Love",
    "overview" : "Golden Earring at Rockpalast. 1982",
    "genres" : [ {
      "id" : 10402,
      "name" : "Music"
    } ]
  }, {
    "id" : 88145,
    "title" : "Time of Darkness",
    "overview" : "In Middle-Age Russia, a christian preacher arrives, proposing a new order. He threatens those who take part in a pagan festival with the flames of hell. But when strange crimes start to happen, local leaders decide to investigate.",
    "genres" : [ {
      "id" : 36,
      "name" : "History"
    }, {
      "id" : 9648,
      "name" : "Mystery"
    }, {
      "id" : 53,
      "name" : "Thriller"
    } ]
  }, {
    "id" : 88165,
    "title" : "Sand",
    "overview" : "Luuk is a truck driver who seems to be a goodhearted father for his eight-year-old daughter Isabel. After Luuk divorced from his wife Karen, Isabel lives with her mother. Whenever Luuk has the chance he takes Isabel to the sea or for a ride in his truck, which only carries sand. On one of those occasions Luuk discovers the horrific reason why Isabel is so quiet that day. From that moment on Luuk has to cope with a new and unexpected situation. Luuk kidnaps his daughter in an attempt to protect her, but he slowly loses control. Written by Joost van Ginkel",
    "genres" : [ {
      "id" : 18,
      "name" : "Drama"
    } ]
  }, {
    "id" : 88170,
    "title" : "The Gallant Little Tailor",
    "overview" : "No overview found.",
    "genres" : [ {
      "id" : 16,
      "name" : "Animation"
    }, {
      "id" : 14,
      "name" : "Fantasy"
    } ]
  }, {
    "id" : 88185,
    "title" : "Hansel and Gretel",
    "overview" : "No overview found.",
    "genres" : [ {
      "id" : 16,
      "name" : "Animation"
    }, {
      "id" : 14,
      "name" : "Fantasy"
    } ]
  }, {
    "id" : 88190,
    "title" : "Evening Classes",
    "overview" : "Jacques Tati teaches an acting class about the subtleties of certain types of people to a group of eager (but not very talented) students.",
    "genres" : [ {
      "id" : 35,
      "name" : "Comedy"
    } ]
  }, {
    "id" : 88200,
    "title" : "The Death Feigning Chinaman",
    "overview" : "No overview found.",
    "genres" : [ {
      "id" : 16,
      "name" : "Animation"
    }, {
      "id" : 14,
      "name" : "Fantasy"
    } ]
  }, {
    "id" : 88205,
    "title" : "The Grasshopper and the Ant",
    "overview" : "No overview found.",
    "genres" : [ {
      "id" : 16,
      "name" : "Animation"
    }, {
      "id" : 14,
      "name" : "Fantasy"
    } ]
  }, {
    "id" : 88215,
    "title" : "Muhammad Ali vs Sonny Liston II",
    "overview" : "Because of the unexpected ending of the first bout, the World Boxing Council ordered a rematch, this time with Liston as challenger. The World Boxing Association disagreed, as immediate rematches were against its rules, and stripped Ali of his title. Originally scheduled for the Boston Garden in Boston, Massachusetts in November 1964, the fight was postponed six months when Ali needed emergency surgery for a strangulated hernia.",
    "genres" : [ ]
  }, {
    "id" : 88225,
    "title" : "American Scream King",
    "overview" : "When two guys get a hold of a camera from a debt, they decide to make a horror movie since most of them are cheesy and cheap anyways. They know nothing about special effects or make-up so why not just kill people for real while filming their movie?",
    "genres" : [ {
      "id" : 27,
      "name" : "Horror"
    }, {
      "id" : 35,
      "name" : "Comedy"
    } ]
  }, {
    "id" : 88255,
    "title" : "Student Confidential",
    "overview" : "Four high school students are led into the world of adult vices by their guidance counselor, a shadowy, suicidal millionaire.",
    "genres" : [ {
      "id" : 35,
      "name" : "Comedy"
    } ]
  }, {
    "id" : 88260,
    "title" : "Gråtass får en ny venn",
    "overview" : "Gråtass trives og har det bra på gården med vennene sine Goggen, Gamlefar og Grynet, men av og til føler han seg ensom siden han er den eneste levende maskinen på gården og ikke kan røpe det for de andre. Når Grynet får problemer med fuglene som spiser på jordbærene hennes husker Gråtass at han har sett en tegning av et helautomatisk, strømdrevet og selvgående fugleskremsel i oppfinnermappa til Onkel Georg som Goggen arvet gården etter, og tenker at det hadde vært en fin venn å ha.",
    "genres" : [ {
      "id" : 10751,
      "name" : "Family"
    } ]
  }, {
    "id" : 88270,
    "title" : "The Lady and the Beard",
    "overview" : "Graduate Okajima finds his old-fashioned beard makes life difficult in a comedy exploring the  tension between tradition and modernity.",
    "genres" : [ {
      "id" : 10749,
      "name" : "Romance"
    }, {
      "id" : 35,
      "name" : "Comedy"
    } ]
  }, {
    "id" : 88275,
    "title" : "Сын полка",
    "overview" : "",
    "genres" : [ ]
  }, {
    "id" : 88280,
    "title" : "Condones.com",
    "overview" : "Timo has a girlfriend but he cheated on her and get the lover pregnant. Now he is talking responsibility for his acts.",
    "genres" : [ ]
  }, {
    "id" : 88285,
    "title" : "Newsfront",
    "overview" : "Surprisingly adventurous saga of an intrepid group of cinematographers and reporters who risk life and limb to capture footage of breaking news for the movie-going public.",
    "genres" : [ {
      "id" : 18,
      "name" : "Drama"
    }, {
      "id" : 10769,
      "name" : "Foreign"
    } ]
  }, {
    "id" : 88300,
    "title" : "The HPO",
    "overview" : "",
    "genres" : [ {
      "id" : 16,
      "name" : "Animation"
    } ]
  }, {
    "id" : 88315,
    "title" : "Once Upon a Time in New York: the Birth of Hip Hop, Disco and Punk",
    "overview" : "How the squalid streets of '70s New York gave birth to music that would go on to conquer the world - punk, disco and hip hop.",
    "genres" : [ {
      "id" : 99,
      "name" : "Documentary"
    } ]
  }, {
    "id" : 88320,
    "title" : "A Woman's Vengeance",
    "overview" : "The clock ticks as an innocent man (Charles Boyer) faces hanging for killing his wife.",
    "genres" : [ {
      "id" : 18,
      "name" : "Drama"
    }, {
      "id" : 9648,
      "name" : "Mystery"
    } ]
  }, {
    "id" : 88325,
    "title" : "Sex Opera",
    "overview" : "",
    "genres" : [ ]
  }, {
    "id" : 88350,
    "title" : "Carnage",
    "overview" : "Carol and Jonathan, a newlywed couple, move into their new house which is haunted by the ghosts of another newlywed couple who commited suicide in the house three years earlier.",
    "genres" : [ {
      "id" : 27,
      "name" : "Horror"
    }, {
      "id" : 18,
      "name" : "Drama"
    } ]
  }, {
    "id" : 88370,
    "title" : "WWE Royal Rumble 2006",
    "overview" : "Royal Rumble (2006) was the nineteenth annual Royal Rumble PPV. It was presented by Sony Computer Entertainment's The Con and took place on January 29, 2006 in the American Airlines Arena in Miami, Florida  The biggest Superstars of WWE RAW and WWE SmackDown! clash at Royal Rumble to determine who will go to WrestleMania 22 as the heavyweight contender. Also, WWE Title: Edge vs. John Cena, World Heavyweight Title: Kurt Angle vs. Mark Henry, WWE Cruiserweight Title (6-way Match): Kid Kash vs. Funaki vs. Gregory Helms vs. Jamie Noble vs. Nunzio vs. Paul London, Mickie James vs. Ashley, &amp; The Boogeyman vs. John 'Bradshaw' Layfield",
    "genres" : [ {
      "id" : 28,
      "name" : "Action"
    }, {
      "id" : 18,
      "name" : "Drama"
    } ]
  }, {
    "id" : 88375,
    "title" : "Chandler",
    "overview" : "A private eye (Warren Oates) is hired to follow a mobster's former mistress (Leslie Caron).",
    "genres" : [ {
      "id" : 80,
      "name" : "Crime"
    }, {
      "id" : 18,
      "name" : "Drama"
    } ]
  }, {
    "id" : 88380,
    "title" : "The Vampire Is Still Alive",
    "overview" : "A screenwriter working on a film script in an old haunted house unleashes an army of the undead including a robot-vampire and a Freddy Kruger-like creature with deadly scissorhands.",
    "genres" : [ {
      "id" : 28,
      "name" : "Action"
    }, {
      "id" : 27,
      "name" : "Horror"
    } ]
  }, {
    "id" : 88390,
    "title" : "Black Eye",
    "overview" : "An ex-police officer operating a private detective business comes face to face with a syndicate-backed dope ring.",
    "genres" : [ {
      "id" : 28,
      "name" : "Action"
    }, {
      "id" : 80,
      "name" : "Crime"
    } ]
  }, {
    "id" : 88395,
    "title" : "Violent Summer",
    "overview" : "Summer, 1943: wealthy youth in the Riccione district of Rimini play while the war gets closer. Carlo Caremoli, a young man who follows the crowd, has found ways to avoid military service. Then, on the beach, he meets Roberta, a war widow with a child. Roberta's mother warns Roberta to avoid Carlo, but to her, he seems attentive and to her daughter he is kind. Romance develops. Within a few weeks, Roberta is risking everything. Can there be a resolution between passion, on the one hand, and war, duty, and social expectation on the other?",
    "genres" : [ {
      "id" : 18,
      "name" : "Drama"
    }, {
      "id" : 10749,
      "name" : "Romance"
    } ]
  }, {
    "id" : 88400,
    "title" : "When China Met Africa",
    "overview" : "A cinematic feature documentary about China's foray into Africa told through the lives of Chinese adventurers &amp; Zambian power brokers as they negotiate the tricky waters of this rapidly expanding and vital relationship.",
    "genres" : [ {
      "id" : 99,
      "name" : "Documentary"
    } ]
  }, {
    "id" : 88405,
    "title" : "Deadly Daphne's Revenge",
    "overview" : "A young hitchhiker is picked up by four drunken hunters, one of whom rapes her. A tough prosecutor has all four of the men indicted for the crime, which results in a suicide and a murder-for-hire plot.",
    "genres" : [ {
      "id" : 27,
      "name" : "Horror"
    }, {
      "id" : 18,
      "name" : "Drama"
    } ]
  }, {
    "id" : 88410,
    "title" : "Beyond Evil",
    "overview" : "An architect and his wife moves into a house with a bloody past and a 100 year old ghost, who possesses the wife.",
    "genres" : [ {
      "id" : 27,
      "name" : "Horror"
    } ]
  }, {
    "id" : 88435,
    "title" : "Tattooed Life",
    "overview" : "‘Tattooed Life' begins with a parasol wielding Yakuza assassin attacking a rickshaw. It almost looks like feudal Japan until somebody pulls a gun and we're reminded that it's the 20th century. Post-shooting, the assassin delivers his bounty to his brother (to pay for his art school education) before getting ambushed in one of the few rickshaw-jacking incidents in film history, and being rescued by his art-student brother.  In the aftermath, one brother is marked for death by the Yakuza, and the other brother won't go to art school with blood on his hands, so they decide the perfect way to deal with such hardships is to become fugitive construction workers in northern Japan . And why not?",
    "genres" : [ {
      "id" : 53,
      "name" : "Thriller"
    }, {
      "id" : 18,
      "name" : "Drama"
    }, {
      "id" : 28,
      "name" : "Action"
    } ]
  }, {
    "id" : 88440,
    "title" : "The Graduation",
    "overview" : "Asami, a junior-college student two months from graduation, lends a red umbrella one day to Mayama, a Psychology instructor. Her artlessly forward approach leaves Mayama embarrassed and confused. She has, in fact, been watching him for some time. Meanwhile Mayama’s girlfriend Izumi, unable to find her own place in his heart, has resolved to leave him. Seeing Mayama in torment, tied to his past, Asami decides to set his heart free. Set in present-day Tokyo, this story of the wandering and revival of souls beset by feelings of loss is brought quietly and gently to the screen by the outstanding talent of Nagasawa Masahiko.",
    "genres" : [ {
      "id" : 28,
      "name" : "Action"
    } ]
  }, {
    "id" : 88450,
    "title" : "The Locket",
    "overview" : "A bereaved man takes a job at a health care center, where he befriends an elderly and embittered woman - and as time passes, he becomes obsessed with reuniting her with her long-lost true love.",
    "genres" : [ {
      "id" : 18,
      "name" : "Drama"
    }, {
      "id" : 10749,
      "name" : "Romance"
    } ]
  }, {
    "id" : 88475,
    "title" : "Summercamp!",
    "overview" : "Anybody who ever went to Summer Camp will surely be able to relate to this documentary. It deals with a few weeks at a Summer Camp for young folk, aged 6 to 15. We are introduced to the main element of the more troubled campers, an introvert, a bully,a passive-aggressive,and others.",
    "genres" : [ {
      "id" : 99,
      "name" : "Documentary"
    } ]
  }, {
    "id" : 88480,
    "title" : "Never On A Sunday",
    "overview" : "Julio Salas dies after a long illness, but it is Sunday and due to financial difficulties, his family is forced to contract the services of a modest funeral home, whose owner having taken charge of the corpse, sells it to the University. The nephew learns of the deal and demands that his uncle s body end up in the cremation oven, falling in love with the funeral owner s daughter in the process. This story about a corpse that cannot find peace, is handled in accordance with the canons of black comedy over which the director displays a skillful mastery, provoking, with the aid of some excellent actors, grotesquely hilarious situations.",
    "genres" : [ {
      "id" : 18,
      "name" : "Drama"
    }, {
      "id" : 10402,
      "name" : "Music"
    }, {
      "id" : 10749,
      "name" : "Romance"
    }, {
      "id" : 10769,
      "name" : "Foreign"
    } ]
  }, {
    "id" : 88500,
    "title" : "Tosca",
    "overview" : "Benoit Jacquot's acclaimed 2002 film of Puccini's opera stars Angela Gheorghiu in the title role, with Roberto Alagna, Ruggero Raimondi and the Chorus and Orchestra of the Royal Opera House, Covent Garden, under Antonio Pappano.",
    "genres" : [ {
      "id" : 18,
      "name" : "Drama"
    } ]
  }, {
    "id" : 88505,
    "title" : "La trilogie marseillaise: César",
    "overview" : "",
    "genres" : [ ]
  }, {
    "id" : 88520,
    "title" : "Spooks",
    "overview" : "Late in the evening, just as a skeleton puts out its cat for the night, the masked Phantom stalks the graveyard, pausing only to insult an overly inquisitive owl. The Phantom enters the local opera house and falls in love with Kitty, a feline singer who is terribly jealous of the star of the show, a husky-voiced hippo. The Phantom falls in love with Kitty at first sight. For her sake, he sabotages the hippo (by popping and deflating her). Then he puts a phonograph player down Kitty's skirt. She walks out and pretends the recording is her own voice. Even though the record skips and, moments later, slows down to a stop (forcing the Phantom to crank the machine for her), Kitty is a hit. But does she appreciate the Phantom? No. Backstage, she jumps into the arms of Oswald the Rabbit. Enraged, the Phantom grabs Kitty and takes her down with him to the catacombs underneath the stage. Oswald goes on a rescue mission.",
    "genres" : [ {
      "id" : 16,
      "name" : "Animation"
    } ]
  }, {
    "id" : 88525,
    "title" : "Orochi - Blood",
    "overview" : "The story of Orochi revolves around the life of the Monzen family. Aoi Monzen, a famous, but aging, movie star and Kazusa and Lisa Monzen her two daughters. Aoi hopes for them both to take over her legacy as a star, but Kazusa does not live up to her expectations. The mother is always pitting the girls against one another competitively. As a result, as the years pass, the love the sisters shared grows to a hidden hatred.  When another girl named Orochi saves the girl's mother from a terrible accident a bizarre chain of events is set in motion spanning many years. The atmosphere in their estate builds up until Orochi reveals a terrible truth that the family must keep hidden from the world. Orochi serves as the narrator of the story. The movie is based on a Kazuo Umezu manga series which ran from 1969 to 1970.",
    "genres" : [ {
      "id" : 18,
      "name" : "Drama"
    }, {
      "id" : 14,
      "name" : "Fantasy"
    }, {
      "id" : 27,
      "name" : "Horror"
    } ]
  }, {
    "id" : 88530,
    "title" : "Drifting Detective: Tragedy in the Red Valley",
    "overview" : "The great Sonny Chiba stars as Goro Saionji, a drifting thrill-seeker. Out to investigate a suspisious plane crash in the Red Valley, he uncovers a plot involving yakuza and a shady land developer to evict an old farmer off of his land to build a sky resort. Goro must now help the old farmer and his daughter and take those criminals on.",
    "genres" : [ ]
  }, {
    "id" : 88535,
    "title" : "Detective Bureau 2-3: Go to Hell, Bastards!",
    "overview" : "Tajima is a private detective in charge of his own company, Detective Bureau 2-3. When warring criminal gangs go overboard by robbing U.S. military munitions, Tajima steps in to stop what the cops can't.",
    "genres" : [ {
      "id" : 28,
      "name" : "Action"
    }, {
      "id" : 10769,
      "name" : "Foreign"
    } ]
  }, {
    "id" : 88540,
    "title" : "Finnsurf",
    "overview" : "You are covered with frost and it's snowing. A few minus degrees are multiplied by the freezing onshore wind blowing at 30 m/s. A man changes into a 6mm wetsuit in the heavy storm, grabs a surfboard and heads towards the roaring waves. The temperature of the seawater is close to zero. It's freezing outside. What the hell...? FINNSURF is the world's first Finnish surf film. It's a freezing, and at the same time warm documentary of surfing in Finland, and in some other places as well. A world where life is a dream and dream is everyday life. This documentary tells a story of five Finnish surfers. Everyone has their own point of view on surfing, Finland and surfing in Finland.",
    "genres" : [ {
      "id" : 99,
      "name" : "Documentary"
    }, {
      "id" : 28,
      "name" : "Action"
    }, {
      "id" : 12,
      "name" : "Adventure"
    } ]
  }, {
    "id" : 88570,
    "title" : "Cat Food",
    "overview" : "A cat eats its methodical way through a polymorphous fish.",
    "genres" : [ ]
  }, {
    "id" : 88580,
    "title" : "The Acid Eaters",
    "overview" : "A group of office workers go every Friday afternoon to the White Pyramid, a 50-foot tower of LSD.",
    "genres" : [ {
      "id" : 18,
      "name" : "Drama"
    } ]
  }, {
    "id" : 88585,
    "title" : "Spartacus",
    "overview" : "This visual feast for the eyes contains an outstanding cast with some of the hottest looking European studs working in the industry.  This Big Budget feature is nothing short of spectacular.  Treat yourself to an instant classic with top notch locations, production values and a cast compiled from the heavens.",
    "genres" : [ ]
  }, {
    "id" : 88625,
    "title" : "Doraemon: Nobita and the Steel Troops",
    "overview" : "The story begins with Nobita and Shizuka sitting on the pipes in the yard they hang out at while Suneo showed off his robot. Nobita grew jealous and asked Doraemon to build him a giant robot. Coincidently, robot parts began to fall from the sky. Then Nobita and Doraemon began to assemble the robot. As soon as they finished, Nobita, Doraemon, and Shizuka realized that the robot (Zanda Clause) was a war machine in an incident  X240-bOb  Sajid23aAdded by Sajid23a  . After that Nobita met a girl name Riruru, she told Nobita that the robot was her's. Nobita gave her the robot and the entrance to miror world. Doraemon and Nobita followed Riruru and recognized that she was a spy from Metropolis and built a base to welcome the army.",
    "genres" : [ {
      "id" : 16,
      "name" : "Animation"
    } ]
  }, {
    "id" : 88645,
    "title" : "Romeo",
    "overview" : "After seven months of pregnancy a husband and wife learn that their unborn child won't survive for long.",
    "genres" : [ {
      "id" : 18,
      "name" : "Drama"
    } ]
  }, {
    "id" : 88655,
    "title" : "Roots: The Gift",
    "overview" : "In December 1775, Cletus Moyer is a free black Northerner in colonial America, helping slaves escape captivity. In the days just prior to Christmas, a group of bounty hunters captures Moyer.\r Because of his capture, dozens of slaves who have already left their plantations are in danger of being captured as well. Moyer implores two slaves from a nearby plantation to take his place: Kunta Kinte, a Mandinka in his mid-twenties who was captured in what is now Gambia, and Fiddler, an elderly man who was born into slavery. Kunta is eager to help (and to escape himself), but Fiddler is unwilling, fearful of the consequences if they are caught.",
    "genres" : [ {
      "id" : 18,
      "name" : "Drama"
    }, {
      "id" : 36,
      "name" : "History"
    }, {
      "id" : 10770,
      "name" : "TV Movie"
    } ]
  }, {
    "id" : 88660,
    "title" : "Johnny the Partisan",
    "overview" : "",
    "genres" : [ ]
  }, {
    "id" : 88665,
    "title" : "The Snake God",
    "overview" : "A beautiful Italian woman is told by her black friend about the Carribean love god Jambaya who appears in the form of the snake. By the end of the movie, Cassini has decided to give herself to Jambaya while Cunningham departs with her white friend's ex-lover, establishing a neat symmetry between their respective fantasies of exoticism.",
    "genres" : [ {
      "id" : 12,
      "name" : "Adventure"
    }, {
      "id" : 18,
      "name" : "Drama"
    }, {
      "id" : 27,
      "name" : "Horror"
    } ]
  }, {
    "id" : 88680,
    "title" : "Starting Young",
    "overview" : "Twink Heaven! Robbie Angel and Julian Pierce are ELECTRIFYING! If you feel like chicken tonight, get a load of Starting Young!",
    "genres" : [ ]
  }, {
    "id" : 88695,
    "title" : "1755 - Die Katastrophe von Lissabon",
    "overview" : "",
    "genres" : [ ]
  }, {
    "id" : 88705,
    "title" : "Anita Garibaldi",
    "overview" : "",
    "genres" : [ {
      "id" : 36,
      "name" : "History"
    } ]
  }, {
    "id" : 88725,
    "title" : "Eiswelt",
    "overview" : "",
    "genres" : [ ]
  }, {
    "id" : 88730,
    "title" : "The Acrobat Bunglers",
    "overview" : "Funcionários humildes, os amigos Didi (Renato Aragão), Dedé (Dedé Santana), Mussum (Mussum) e Zacarias (Zacarias) se tornam a grande atração do circo Bartolo, graças à sua incrível capacidade de fazer o público rir. Mas o sucesso lhes têm um preço: a oposição do mágico Assis Satã e a ganância do Barão, o dono do circo. Juntos, os quatro amigos precisarão combatê-los.",
    "genres" : [ {
      "id" : 10402,
      "name" : "Music"
    }, {
      "id" : 35,
      "name" : "Comedy"
    } ]
  }, {
    "id" : 88745,
    "title" : "END:CIV",
    "overview" : "The causes underlying the collapse of civilizations are usually traced to overuse of resources. As we write this, the world is reeling from economic chaos, peak oil, climate change, environmental degradation, and political turmoil. Every day, the headlines re-hash stories of scandal and betrayal of the public trust. We don't have to make outraged demands for the end of the current global system - it seems to be coming apart already. But acts of courage, compassion and altruism abound, even in the most damaged places. By documenting the resilience of the people hit hardest by war and repression, and the heroism of those coming forward to confront the crisis head-on, END:CIV illuminates a way out of this all-consuming madness and into a saner future. Backed by Jensen's narrative, the film calls on us to act as if we truly love this land. The film trips along at a brisk pace, using music... Written by Franklin Lopez",
    "genres" : [ {
      "id" : 99,
      "name" : "Documentary"
    } ]
  }, {
    "id" : 88760,
    "title" : "Mamono hantâ Yôko",
    "overview" : "",
    "genres" : [ {
      "id" : 16,
      "name" : "Animation"
    }, {
      "id" : 27,
      "name" : "Horror"
    } ]
  }, {
    "id" : 88765,
    "title" : "Robin Hood Daffy",
    "overview" : "Daffy play Robin Hood who is so intent that he is the real Mccoy to Friar Tuck (Porky) that he ends up convincing everyone, including himself, that he is not.",
    "genres" : [ {
      "id" : 16,
      "name" : "Animation"
    }, {
      "id" : 10751,
      "name" : "Family"
    }, {
      "id" : 35,
      "name" : "Comedy"
    } ]
  }, {
    "id" : 88780,
    "title" : "Mamono Hunter Yôko Part 2",
    "overview" : "",
    "genres" : [ {
      "id" : 16,
      "name" : "Animation"
    }, {
      "id" : 27,
      "name" : "Horror"
    } ]
  }, {
    "id" : 88790,
    "title" : "Mamono Hunter Yôko no jijô",
    "overview" : "",
    "genres" : [ {
      "id" : 16,
      "name" : "Animation"
    }, {
      "id" : 27,
      "name" : "Horror"
    } ]
  }, {
    "id" : 88810,
    "title" : "Kill Me Tender",
    "overview" : "Do all men want the same thing? Nestor, recently widowed, runs a bakery near Barcelona, has a bank account and a bad heart, and swims in the sea every day. He also has a daughter and a two-timing son-in-law. Nestor's maid asks him to hire her 20-something daughter, Maribel, as a shop assistant.",
    "genres" : [ {
      "id" : 18,
      "name" : "Drama"
    }, {
      "id" : 35,
      "name" : "Comedy"
    }, {
      "id" : 10769,
      "name" : "Foreign"
    } ]
  }, {
    "id" : 88825,
    "title" : "Endless Winter",
    "overview" : "Around the calendar and around the world, \"Endless Winter\" follows skiers and snowboarders enjoying epic snow conditions form Alaska to Argentina and Jackson Hole to Japan. Soar with the world's best aerialists at the Nissan Freestyle Exhibition at Breckenridge, Colorado; heli-ski in bottomless powder at Mike Wiegele's in Blue River, British Columbia; and free ski with Olympic Gold Medalist Tommy Moe in Jackson Hole, Wyoming. Visit the quintessential Alpine village of Ischgl, Austria; challenge the super-steeps of Las Leñas, Argentina; and trek across Bolivian glaciers above 19,000 feet. \"Endless Winter\" closes in Valdez, Alaska with the most stirring and unforgettable snowboarding segment ever filmed.",
    "genres" : [ {
      "id" : 99,
      "name" : "Documentary"
    } ]
  }, {
    "id" : 88830,
    "title" : "Midsummer Madness",
    "overview" : "A comedy that follows a group of people immersed in Latvia's summer solstice celebration, the shortest night of the year.",
    "genres" : [ {
      "id" : 35,
      "name" : "Comedy"
    }, {
      "id" : 18,
      "name" : "Drama"
    }, {
      "id" : 10749,
      "name" : "Romance"
    } ]
  }, {
    "id" : 88835,
    "title" : "Red Monarch",
    "overview" : "British comedy satirising Stalin's inner circle as an absolute monarchs court. In the face of rampant abuse of power and poisonous distrust some still manage to keep faith with the Bolshevist creed until the very end. In front of the firing squad a stalwart bolshevist of the first hour exclaims: \"Even in the best democracy errors are being made!\"",
    "genres" : [ {
      "id" : 35,
      "name" : "Comedy"
    }, {
      "id" : 18,
      "name" : "Drama"
    } ]
  }, {
    "id" : 88845,
    "title" : "The Forest Woman",
    "overview" : "Busuioc (Victor Rebengiuc), un taran bogat din Curtici isi trimite fiul Iorgovan (Adrian Pintea), impreuna cu servitorul Sofron (Serban Ionescu) in satul vecin pentru a gasi oameni la munca campului. Iorgovan este indragostit de Simina (Manuela Harabor), fiica unui taran sarac, dintr-un sat de munte, in cautarea careia pleaca. Cum si Simina ii impartaseste sentimentele ea accepta sa vina la culesul recoltei impreuna cu tatal sau. Sentimentele lui Iorgovan sunt confuze, este slab si sfasiat intre dragostea sincera pentru Simina si obstacolul prejudecatilor si diferentelor de pozitie sociala. In acest timp Sofron, tanarul servitor al acestuia, se indragosteste la randu-i de Simina. Infruntarea dintre cei doi pretendenti devine din ce in ce mai acuta, fapt care va limpezi atitudinea fiecaruia fata de femeia pe care amandoi o iubesc.",
    "genres" : [ {
      "id" : 18,
      "name" : "Drama"
    }, {
      "id" : 10749,
      "name" : "Romance"
    } ]
  }, {
    "id" : 88860,
    "title" : "Three Days",
    "overview" : "In Kaliningrad two Lithuanian boys meet two Russian girls. They have difficulties in finding places where they can sleep together. But this is the only problem they do solve. All four justly feel miserable because their lives are meaningless (the recurrent dull and poorly kept house façads could well be taken as a comparative symbol). In addition, everyone is so absorbed by his or her own distress and hardly capable of bothering about the anguish of the others. The three days end with a pervasive lack of contact. Written by Max Scharnberg, Stockholm,",
    "genres" : [ {
      "id" : 18,
      "name" : "Drama"
    } ]
  }, {
    "id" : 88865,
    "title" : "Queen of the Sun",
    "overview" : "In 1923, Rudolf Steiner, an Austrian scientist, philosopher &amp; social innovator, predicted that in 80 to 100 years honeybees would collapse. Now, beekeepers around the United States and around the world are reporting an incredible loss of honeybees, a phenomenon deemed \"Colony Collapse Disorder.\" This \"pandemic\" is indicated by bees disappearing in mass numbers from their hives with no clear single explanation. The queen is there, honey is there, but the bees are gone. For the first time, in an alarming inquiry into the insights behind Steiner's prediction QUEEN OF THE SUN: What Are the Bees Telling Us? investigates the long-term causes behind the dire global bee crisis through the eyes of biodynamic beekeepers, commercial beekeepers, scientists and philosophers.",
    "genres" : [ {
      "id" : 99,
      "name" : "Documentary"
    } ]
  }, {
    "id" : 88870,
    "title" : "The Making of 'Psycho'",
    "overview" : "A retrospective on the entire movie, from start to finish. There are interviews with many of the principle cast and crew (including Janet Leigh and Joseph Stefano), who all talk openly and lovingly about entire process of making the film. The sessions with Janet Leigh are particularly involving, and she talks a great deal about shooting the now infamous shower scene.",
    "genres" : [ {
      "id" : 99,
      "name" : "Documentary"
    } ]
  }, {
    "id" : 88875,
    "title" : "The Effect of Gamma Rays on Man-in-the-Moon Marigolds",
    "overview" : "Middle-aged widow Beatrice Hunsdorfer (Joanne Woodward) and her daughters Ruth (Roberta Wallach) and Matilda (Nell Potts) are struggling to survive in a society they barely understand. Beatrice dreams of opening an elegant tea room but does not have the wherewithal to achieve her lofty goal. Epileptic Ruth is a rebellious adolescent, while shy but highly intelligent and idealistic Matilda seeks solace in her pets and school projects, including one designed to show how small amounts of radium affect marigolds.",
    "genres" : [ {
      "id" : 18,
      "name" : "Drama"
    } ]
  }, {
    "id" : 88880,
    "title" : "Way Leading to Happiness",
    "overview" : "",
    "genres" : [ ]
  }, {
    "id" : 88900,
    "title" : "The Capture of Roma",
    "overview" : "",
    "genres" : [ {
      "id" : 36,
      "name" : "History"
    } ]
  }, {
    "id" : 88905,
    "title" : "Monster Island",
    "overview" : "Mutant radioactive bugs attack VJs, Carmen Electra and an island full of MTV contest winners in this tongue-in-cheek tribute to B-movies, monster flicks and even MTV. MTV Original Movies presents Monster Island, a flick with old school effects mixed with hot new celebrities. There’s action, romance and big bugs--now is that something you really want to miss?",
    "genres" : [ {
      "id" : 27,
      "name" : "Horror"
    }, {
      "id" : 35,
      "name" : "Comedy"
    }, {
      "id" : 12,
      "name" : "Adventure"
    } ]
  }, {
    "id" : 88910,
    "title" : "Chump Change",
    "overview" : "A failed Hollywood actor returns to his home town in Wisconsin and reminisces about his life in L.A. to a potential new girlfriend about his faults, auditions, misadventures, and confrontations with the evils of Hollywood.",
    "genres" : [ {
      "id" : 35,
      "name" : "Comedy"
    } ]
  }, {
    "id" : 88920,
    "title" : "Love Never Dies",
    "overview" : "Set 10 years later, the Phantom has escaped from Paris to New York where he lives amongst the joyrides and freak shows of Coney Island. He has finally found a place for his music to soar, all that is missing is his love Christine Daaé.  In a bid to win back her love, the Phantom lures Christine, her husband Raoul, and their young son Gustave from Manhattan, to the glittering and glorious world of Coney Island... they have no idea what lies in store for them...  You truly haven’t experienced Andrew Lloyd Webber’s Love Never Dies until you see this spectacular new Australian production, filmed at Melbourne’s iconic Regent Theatre.",
    "genres" : [ {
      "id" : 18,
      "name" : "Drama"
    }, {
      "id" : 10402,
      "name" : "Music"
    }, {
      "id" : 10749,
      "name" : "Romance"
    } ]
  }, {
    "id" : 88925,
    "title" : "Les Denis Drolet - Au pays des Denis",
    "overview" : "",
    "genres" : [ ]
  }, {
    "id" : 88930,
    "title" : "All in a Night's Work",
    "overview" : "Dean Martin and Shirley MacLaine star in this sweet 1961 comedy about Tony Ryder (Martin), who takes over the duties of magazine publisher when his uncle dies suddenly, supposedly while spending time with a mistress. Worried that the news will besmirch his magazine's wholesome reputation, Tony hires a detective to find out who the mistress is, but mistakenly identifies the publication's researcher, Katie Robbins (MacLaine), as the secret lover.",
    "genres" : [ {
      "id" : 35,
      "name" : "Comedy"
    }, {
      "id" : 10749,
      "name" : "Romance"
    } ]
  }, {
    "id" : 88940,
    "title" : "A Sweet Sickness",
    "overview" : "A young woman gets sexually used and abused by every man she meets while on her way to rising to the top of Hollywood's entertainment industry.",
    "genres" : [ {
      "id" : 18,
      "name" : "Drama"
    } ]
  }, {
    "id" : 88945,
    "title" : "Deadly Life of a Ninja",
    "overview" : "A businessman and his sister-in-law are targeted for assassination by a band of evil ninjas and their vicious leader (Yasuaki Kurata). The ninjas are committing bizarre murders all over the city, and the police can't seem to pick up their trail -- so they call in ninja hunter and Kendo master Mr. Chow (Kuan Tai Chen). To take down the silent killers, Mr. Chow will have to fight against incredible odds in this campy ninja classic.",
    "genres" : [ {
      "id" : 28,
      "name" : "Action"
    } ]
  }, {
    "id" : 88950,
    "title" : "'Gator Bait",
    "overview" : "Desiree lives deep in the swamp and supports herself and her siblings by poaching. Ben and deputy Billy hope to get a little sexual comfort from the \"Cajun swamp rat\" when they catch Desiree trapping 'gators, and give chase. Desiree outsmarts them but Billy accidentally shoots Ben and tells his sheriff dad that Desiree did it. Ben's dad and sons join them in the search party and quickly get out of control. Soon the hunters become the hunted as Desiree exacts her revenge for their violence against her family.",
    "genres" : [ {
      "id" : 28,
      "name" : "Action"
    }, {
      "id" : 53,
      "name" : "Thriller"
    } ]
  }, {
    "id" : 88955,
    "title" : "The Saint's Vacation",
    "overview" : "While on vacation, the Saint discovers a much-sought-after music box.",
    "genres" : [ {
      "id" : 18,
      "name" : "Drama"
    }, {
      "id" : 9648,
      "name" : "Mystery"
    } ]
  }, {
    "id" : 88995,
    "title" : "Curtis Mayfield: Movin' On Up - The Music And Message Of Curtis Mayfield And The Impressions",
    "overview" : "Movin' On Up is the definitve documentary on one of the most important artists and greatest groups of all time.",
    "genres" : [ {
      "id" : 10402,
      "name" : "Music"
    }, {
      "id" : 99,
      "name" : "Documentary"
    } ]
  }, {
    "id" : 89005,
    "title" : "The Specialist",
    "overview" : "Venice: a man and a stranger wearing a mask erroneously exchange their suitcases. A quick and furtive meeting is enough. Everything starts (or it might even be the end!) in quest of a formula whose effects are miraculous and which has been worked out by a biologist now hidden somewhere in the Venezuelan paradise. Many people are already on the scientist's tracks. Such a mission can be carried out only by a specialist. Intrigues, seduction, 'coup de theatre'. The first getting in his/her hands the precious formula will become rich, very rich...",
    "genres" : [ ]
  }, {
    "id" : 89010,
    "title" : "Jimi Hendrix: The Dick Cavett Show",
    "overview" : "The complete collection of Jimi Hendrix's celebrated appearances on The Dick Cavett Show. The Dick Cavett Show marked Jimi's US network television debut and this special documentary, directed by multiple Grammy Award winner Bob Smeaton, features complete live performances of \"Izabella\", \"Machine Gun\", and \"Hear My Train A Comin'\" as well as new interviews with Cavett, Experience band members Mitch Mitchell and Billy Cox, and others. Jimi's own insightful interviews with Cavett touched upon a variety of personal and professional issues ranging from his stint as a US Army paratrooper to his celebrated rendition of the \"Star Spangled Banner\" at the Woodstock Festival. These conversations with Cavett helped reveal the humor, passion, and intelligence of the man behind such rock classics as Are You Experienced and Electric Ladyland.",
    "genres" : [ {
      "id" : 10402,
      "name" : "Music"
    } ]
  }, {
    "id" : 89020,
    "title" : "The Order",
    "overview" : "The cheerful holiday of a young couple, is upset by an unexpected meeting and the gift of an old medallion. Such mysterious jewel seems to have an evil influence on the fascinating girl turning into a bond that is going to tie her to a group of disquieting peoplE, Subdued to the will of their grim, charismatic boss. Inexplicably Roberta is overwhelmed and escapes during the night in order to meet her terrible destiny. The upset fiance' begins his desperate quest helped by a stranger with an obscure past.",
    "genres" : [ {
      "id" : 9648,
      "name" : "Mystery"
    } ]
  }, {
    "id" : 89050,
    "title" : "Heaven Before I Die",
    "overview" : "Jacob's feet are so turned out that he walks like Charlie Chaplin. He is different because of that and decides to emigrate from Palestine to Canada, where \"everyone is equal\". There everybody treats him kindly, and a thief specializing in stealing money from cash machines takes him into his home and treats him like a son, waitress Selma finds him a job as a Chaplin imitator, \"prophet\" Khalil Gibran gives him wise advice",
    "genres" : [ ]
  }, {
    "id" : 89055,
    "title" : "Zombi New Millennium",
    "overview" : "",
    "genres" : [ {
      "id" : 27,
      "name" : "Horror"
    } ]
  }, {
    "id" : 89065,
    "title" : "Beautiful City",
    "overview" : "Akbar has just turned eighteen. He has been held in a rehabilitation centre for committing murder at the age of sixteen when he was condemned to death. Legally speaking, he had to reach the age of eighteen so that the conviction could be carried out. Now, Akbar is transferred to prison to await the day of his execution. A'la, a friend of Akbar, who himself has undergone imprisonment for burglary, soon after his release tries desperately to gain the consent of Akbar's plaintiff so as to stop the execution",
    "genres" : [ {
      "id" : 18,
      "name" : "Drama"
    } ]
  }, {
    "id" : 89070,
    "title" : "Stone",
    "overview" : "When a 7-year-old son of the well-known businessman is kidnapped, he has no idea what awaits him! It turns out that the mysterious kidnapper does not need any ransom, but has only one claim: during the next day father must decide who will die of the two: his child or himself...",
    "genres" : [ {
      "id" : 53,
      "name" : "Thriller"
    } ]
  }, {
    "id" : 89085,
    "title" : "Familie ist was Wunderbares",
    "overview" : "",
    "genres" : [ ]
  }, {
    "id" : 89115,
    "title" : "The Headless Eyes",
    "overview" : "A poor artist gets his eye gouged out whilst committing a robbery. When his eye heals, he goes on a killing spree and cuts out women's eyes with a spoon in this surreal arthouse/exploitation film form 1971.",
    "genres" : [ {
      "id" : 27,
      "name" : "Horror"
    } ]
  }, {
    "id" : 89125,
    "title" : "Alley Cat",
    "overview" : "A beautiful young martial arts expert stops a vicious street gang from robbing her grandparents' house. The gang marks her for murder, but her grandparents are killed instead. The girl sets out to take her revenge on the gang.",
    "genres" : [ {
      "id" : 28,
      "name" : "Action"
    } ]
  }, {
    "id" : 89145,
    "title" : "Angels' Alley",
    "overview" : "Slip invites his cousin Jimmy to stay with his family after he is released from prison. However, Jimmy soon gets mixed up with an auto-theft ring.",
    "genres" : [ {
      "id" : 18,
      "name" : "Drama"
    }, {
      "id" : 35,
      "name" : "Comedy"
    }, {
      "id" : 80,
      "name" : "Crime"
    } ]
  }, {
    "id" : 89160,
    "title" : "Father Brown",
    "overview" : "Works of art are disappearing, stolen by a master thief, a master of disguise. Father Brown has two goals: to catch the thief and to save his soul.",
    "genres" : [ {
      "id" : 35,
      "name" : "Comedy"
    }, {
      "id" : 80,
      "name" : "Crime"
    } ]
  }, {
    "id" : 89165,
    "title" : "1972 FIA Formula One World Championship Season Review",
    "overview" : "1972. All eyes were on the defending champion Jackie Stewart and expectations were high that he would repeat the total domination of the previous year.  He made his intentions clear with an emphatic win in the 1st GP – cruising home half a minute ahead of the chasing pack. However, there was another driver intent on stealing his crown: Emerson Fittipaldi, a whirlwind of talent and youthful arrogance in his iconic black and gold Lotus 72.  And it turned out to be a thrilling season of on-the-limit action that climaxed at Monza – Fittipaldi’s spiritual home. Stewart’s broken clutch put him out of the race, ensuring Fittipaldi’s place in the record books: at just 25 years of age, ‘Emmo’ became the youngest-ever World Champion.",
    "genres" : [ ]
  } ]
}