{
  "movies" : [ {
    "id" : 44015,
    "title" : "The Prime Gig",
    "overview" : "Pendelton \"Penny\" Wise is a smooth-talking con-artist who makes a living by scamming people with phoney travel comp vacations over the phone when, desperate for more fast cash, he's called to work for a shady, veteran con businessman, named Kelly Grant, in selling property for a gold mine over the phone, which takes a turn when Penny begins a relationship with Grant's mistress Caitlin, where Penny throws common sense and caution to the wind to woo her, while we wonder who is scamming who here. Written by Matthew Patay",
    "genres" : [ {
      "id" : 18,
      "name" : "Drama"
    }, {
      "id" : 10749,
      "name" : "Romance"
    } ]
  }, {
    "id" : 44020,
    "title" : "Silent Warnings",
    "overview" : "After the accidental death of his cousin Joe Vossimer, the just-graduated electronic engineer Layne Vossimer joins his girlfriend and four friends of them to visit and clean the inherited farm in the country. The local Sheriff Bill Willingham is an old friend of Layne, and also grieves the death of Joe. When the group arrives in the farm, some weird and mysterious signs appear in the cornfield, but they believe the other locals are joking with them. When Iris Doyle vanishes, the rest of the group realizes that there is a serious menace jeopardizing that place.",
    "genres" : [ {
      "id" : 878,
      "name" : "Science Fiction"
    }, {
      "id" : 53,
      "name" : "Thriller"
    } ]
  }, {
    "id" : 44025,
    "title" : "Mr. Denning Drives North",
    "overview" : "When well-off aircraft designer Denning finds his daughter's current boyfriend is a nasty character he tries to buy him off, ending up hitting him and causing his death when he falls. Instead of calling the police he dumps the body in a lonely spot on the road to the North, making it look like a hit-and-run accident. Weeks later there is still no report of the body being found, and Denning starts to go to pieces. When he lets his wife into his secret the two start making enquiries, possibly making things worse.",
    "genres" : [ {
      "id" : 18,
      "name" : "Drama"
    } ]
  }, {
    "id" : 44030,
    "title" : "John Legend Live from Philadelphia",
    "overview" : "John Legend: Live from Philadelphia actually constitutes a two-disc set, with an album and a disc of concert footage culled from r&amp;b and neo-soul demigod Legend's Philadelphia engagements on his \"Show Me\" tour. The album features such tracks as \"Heaven,\" \"Stereo,\" \"Alright,\" and \"Save Room\"; the video portion features not a complete live set, but extracts of various live performances on such numbers as \"Save Room,\" \"Slow Dance,\" \"Used to Love U,\" and \"Ordinary People.\" Added bonuses include the complete videos for \"Another Again\" and \"Show Me,\" and an interview with Legend",
    "genres" : [ {
      "id" : 10402,
      "name" : "Music"
    } ]
  }, {
    "id" : 44035,
    "title" : "Jarre in China",
    "overview" : "Jarre in China is the first THX certified concert filmed in High Definition. The concert represents the beginning of China's \"Year of France\". Jean Michel Jarre returns to China after his 1981 concerts in China, where he was the first Western Musician to perform since the revolution, and his Hong Kong concert in March 1994. The concert was performed live in 5.1 Surround Sound and broadcast live to over 1 Billion Chinese viewers. Jean Michel Jarre was accompanied by 260 musicians, including The Beijing Symphony Orchestra, The Chinese National Orchestra, The Beijing Opera Chorus, and notable Chinese rock musicians. The DVD contains audio commentaries in French and in English by Jean Michel Jarre, 52 minute documentary Jean Michel Jarre in the Footsteps of the Last Emperor, 9 minute documentary Freedom of Speech featuring Cui Jian, photo gallery, and Jean Michel Jarre biography.",
    "genres" : [ {
      "id" : 10402,
      "name" : "Music"
    } ]
  }, {
    "id" : 44040,
    "title" : "Devil",
    "overview" : "A group of people trapped in a elevator realizes that the devil is among them.",
    "genres" : [ {
      "id" : 27,
      "name" : "Horror"
    }, {
      "id" : 9648,
      "name" : "Mystery"
    }, {
      "id" : 53,
      "name" : "Thriller"
    } ]
  }, {
    "id" : 44045,
    "title" : "Ultraman Cosmos vs. Ultraman Justice: The Final Battle",
    "overview" : "Once again, Musashi has encounter Ultraman Cosmos. Now Ultraman Cosmos has gained some new modes to defeat Scropis. Musashi has joined Team Sea to save the Blue Area. But there is mysterious evil monster, Sandros, who wants to destroy the Earth. Now it is up Musashi and Ultraman Cosmos to defeat Sandros and who’s the other Ultraman?",
    "genres" : [ {
      "id" : 28,
      "name" : "Action"
    }, {
      "id" : 12,
      "name" : "Adventure"
    }, {
      "id" : 10751,
      "name" : "Family"
    }, {
      "id" : 878,
      "name" : "Science Fiction"
    } ]
  }, {
    "id" : 44050,
    "title" : "Madharasapattinam",
    "overview" : "The movie begins as an old English woman Amy Wilkinson (Carole Trungmar) almost at her death bed in London, wants to come down to Chennai in search of a young man Parithi (Arya) whom she last saw on 15 August, 1947 to return Thali necklace (sacred thread tied around the neck of the bride by her groom) of his mother, which he gives as a sign of stating that she belongs to India and nobody can separate them. She wants to return that back to him, as she gets married to other man in her home town and it no more belongs to her.",
    "genres" : [ {
      "id" : 18,
      "name" : "Drama"
    }, {
      "id" : 36,
      "name" : "History"
    }, {
      "id" : 10749,
      "name" : "Romance"
    } ]
  }, {
    "id" : 44055,
    "title" : "LoveDeath",
    "overview" : "A man and a woman are together on the 'Chrysalis Day', the fatal day everything in your life will be decided depends on how you spend the day. A violent man holding pure love, Sai and a stunningly beautiful playgirl, Sheila. While Sheila flees with a large sum of money, she is chased by a cool but violent gang, crazy killers and an out of control cop. No one can stop Sai and Sheila's love runaway.",
    "genres" : [ {
      "id" : 28,
      "name" : "Action"
    }, {
      "id" : 53,
      "name" : "Thriller"
    } ]
  }, {
    "id" : 44060,
    "title" : "The Quest for TP",
    "overview" : "After a night of drinking, Andy finds himself in the awkward predicament of being stuck on the toilet with no toilet paper while his friend Jeff is passed out in the room outside and is his only hope for a dignified escape from the throne.",
    "genres" : [ {
      "id" : 35,
      "name" : "Comedy"
    } ]
  }, {
    "id" : 44065,
    "title" : "The House Is Black",
    "overview" : "Set in a leper colony in the north of Iran, The House Is Black juxtaposes \"ugliness,\" of which there is much in the world as stated in the opening scenes, with religion and gratitude.",
    "genres" : [ {
      "id" : 99,
      "name" : "Documentary"
    } ]
  }, {
    "id" : 44070,
    "title" : "Aashayein",
    "overview" : "The story revolves around Rahul Singh (John Abraham), a compulsive gambler who wins Rs. 20 million from a bet and throws a party to celebrate. Everyone has a good time drinking and partying till late night during which Rahul proposes to Nafisa (Sonal Sehgal). He announces their engagement to all present, then collapses on the floor. In hospital, he learns that he has only 90 days to live. Wanting to make the most of his last days, he leaves everything behind and moves into a soothing hospice. The inmates he meets change his outlook on life. As his relationships grow with each one of them, Rahul tries to rise above his own needs and live life to the fullest, learning from the courage of those around him.",
    "genres" : [ {
      "id" : 18,
      "name" : "Drama"
    }, {
      "id" : 10769,
      "name" : "Foreign"
    } ]
  }, {
    "id" : 44075,
    "title" : "Our Times",
    "overview" : "Documentary by Rakhshan Bani-Etemad, an Iranian female director. This film portrays two aspects of the Iranian presidential election of 2001.",
    "genres" : [ {
      "id" : 99,
      "name" : "Documentary"
    }, {
      "id" : 10769,
      "name" : "Foreign"
    } ]
  }, {
    "id" : 44080,
    "title" : "Twilight",
    "overview" : "Follows police detective Mohammad Alavi as he tries to deal with the death of his wife and daughters, and solve the case of a murdered woman.",
    "genres" : [ {
      "id" : 18,
      "name" : "Drama"
    }, {
      "id" : 53,
      "name" : "Thriller"
    } ]
  }, {
    "id" : 44085,
    "title" : "The Yacoubian Building",
    "overview" : "Cairo: a 70-year-old building of once-luxury flats with tenements on the roof. Zika, an aging libertine, feuds with his sister. Pius Haj Azzam takes a second wife, in secret, to satisfy sexual drive within religious bounds. Bothayna, poor and beautiful, supports her family, wanting to do so with dignity intact. Her former fiancé, Taha, the janitor's son, humiliated by the police, turns to fundamentalism. Hatem, a gay editor, seduces and corrupts a young man from the sticks. Two brothers, Copts, one a tailor and one Zika's factotum, connive for property. Allah is on most everyone's lips, and corruption is in their hearts.",
    "genres" : [ {
      "id" : 18,
      "name" : "Drama"
    }, {
      "id" : 10769,
      "name" : "Foreign"
    } ]
  }, {
    "id" : 44090,
    "title" : "1000 Mabrouk",
    "overview" : "In the style of the classic Groundhog Day, Alf Mabrouk is about a man who wakes up one morning to discover that the day repeats, a carbon copy of the day before, trapping him in an inescapable vicious circle. This man has dream to live for 100 years, however he is living for one day only and that day keep repeating to show him the negative and positive things in his life.",
    "genres" : [ {
      "id" : 35,
      "name" : "Comedy"
    }, {
      "id" : 18,
      "name" : "Drama"
    } ]
  }, {
    "id" : 44095,
    "title" : "A Map For Saturday",
    "overview" : "On a trip around the world, every day feels like Saturday. A Map For Saturday reveals a world of long-term, solo travel through the stories of trekkers in 20 countries on four continents. The documentary finds backpackers helping neglected Thai tsunami victims. It explains why Nepal's guesthouses are empty and Brazil's stoplights are ignored. But at it's core, A Map For Saturday tracks the emotional arc of extreme long-term travelers; teenagers and senior citizens who wondered, \"What would it be like to travel the world?\" Then did it.",
    "genres" : [ {
      "id" : 99,
      "name" : "Documentary"
    } ]
  }, {
    "id" : 44100,
    "title" : "Tomorrow Is Forever",
    "overview" : "A soldier, reported dead in the war, returns home 20 years later. Wounded and with a new face and identity, the crippled man discovers that he has a grown son and that his wife has remarried.",
    "genres" : [ {
      "id" : 10752,
      "name" : "War"
    }, {
      "id" : 18,
      "name" : "Drama"
    }, {
      "id" : 10749,
      "name" : "Romance"
    } ]
  }, {
    "id" : 44105,
    "title" : "Destiny",
    "overview" : "Bekir is in love with Ugur, who loves Zagor, who loves to commit crimes.",
    "genres" : [ {
      "id" : 18,
      "name" : "Drama"
    } ]
  }, {
    "id" : 44115,
    "title" : "127 Hours",
    "overview" : "The true story of mountain climber Aron Ralston's remarkable adventure to save himself after a fallen boulder crashes on his arm and traps him in an isolated canyon in Utah.",
    "genres" : [ {
      "id" : 12,
      "name" : "Adventure"
    }, {
      "id" : 18,
      "name" : "Drama"
    }, {
      "id" : 53,
      "name" : "Thriller"
    } ]
  }, {
    "id" : 44120,
    "title" : "The Boy Next Door",
    "overview" : "Mark, a 25-year-old male prostitute who suffers from anxiety attacks accidentally runs into the 10-year-old son of one of his clients. When the boy tells him he is looking for his father Mark, taken by surprise, wants nothing to do with him. But while they wait for the client to return Mark realizes that maybe this unexpected guest was exactly what he needed. Over the course of the night this strange new friendship grows and gives both Mark and Justin the courage to overcome their fears and face their own personal demons.",
    "genres" : [ {
      "id" : 28,
      "name" : "Action"
    }, {
      "id" : 12,
      "name" : "Adventure"
    }, {
      "id" : 18,
      "name" : "Drama"
    } ]
  }, {
    "id" : 44125,
    "title" : "From Beginning to End",
    "overview" : "Two brothers develop a very close relationship as they are growing up in an idyllic and happy family. When they are young adults their relationship becomes very intimate, romantic, and sexual.",
    "genres" : [ {
      "id" : 10749,
      "name" : "Romance"
    }, {
      "id" : 18,
      "name" : "Drama"
    } ]
  }, {
    "id" : 44130,
    "title" : "Here Come the Mummies - Undead Live",
    "overview" : "An innuendo-laden, hilarious, live concert tour-de-force by newly-above-ground funk and soulmeisters, Here Come the Mummies, Nine Naughty Sarcopha-guys.",
    "genres" : [ ]
  }, {
    "id" : 44135,
    "title" : "The Diplomat",
    "overview" : "A British diplomat is arrested on charges of working with Russian mafia. After death threats to his wife, they are taken into protective custody. Then the MI6 shows up with a new piece of the puzzle.",
    "genres" : [ {
      "id" : 28,
      "name" : "Action"
    }, {
      "id" : 80,
      "name" : "Crime"
    }, {
      "id" : 18,
      "name" : "Drama"
    }, {
      "id" : 9648,
      "name" : "Mystery"
    }, {
      "id" : 53,
      "name" : "Thriller"
    } ]
  }, {
    "id" : 44140,
    "title" : "Miss Sadie Thompson",
    "overview" : "Sadie Thompson winds up stranded on an island and while her boat is being quarantined, she manages to stir up the blood of every marine on the base.",
    "genres" : [ {
      "id" : 18,
      "name" : "Drama"
    }, {
      "id" : 10402,
      "name" : "Music"
    } ]
  }, {
    "id" : 44145,
    "title" : "Education of Love",
    "overview" : ".A young middle-class upstart Lin Ching Yi reluctantly takes on the task as understudy for her sick father who's a dedicated teacher to a band of mischievous working-class 3rd graders that initially proved to be much more than she can handle. Yet it is the matronly bond that is formed with her little urchin flock and her gradual understanding of the their poverty-stricken home lives outside of the classroom that raises the stakes for her as a teacher. It doesn't hurt that her empathetic male colleague Kit Chang provides support for her dilemmas also provide her a prospect as love interest. With growing ties with her students and school, Lin finds herself accepting the challenge for education of her community with her own education of love.",
    "genres" : [ {
      "id" : 10769,
      "name" : "Foreign"
    }, {
      "id" : 18,
      "name" : "Drama"
    } ]
  }, {
    "id" : 44155,
    "title" : "The Italian",
    "overview" : "",
    "genres" : [ {
      "id" : 35,
      "name" : "Comedy"
    } ]
  }, {
    "id" : 44160,
    "title" : "Honey",
    "overview" : "In the remote and undeveloped eastern Black Sea region, a six-year-old boy (Yusuf) wanders through the woods searching for his lost father, trying to make sense of his life.His father is a beekeeper whose bees have disappeared unexpectedly, threatening his livelihood. A bizarre accident kills the father.There is little dialogue or music in the film. The three main characters (Yusuf and his parents) are all fairly taciturn, and the soundtrack is filled out with the sounds of the forest and the creatures that live there.The environment is a recurring theme.",
    "genres" : [ {
      "id" : 18,
      "name" : "Drama"
    } ]
  }, {
    "id" : 44165,
    "title" : "Kenji Mizoguchi: The Life of a Film Director",
    "overview" : "Kenji Mizoguchi: The Life of a Film Director (Aru eiga-kantoku no shogai) is a 1975 Japanese documentary film on the life and works of director Kenji Mizoguchi, directed by Kaneto Shindo (Onibaba). It runs 150 minutes and can be found on the second disc of the Region 1 Criterion Collection release of Ugetsu (1953).",
    "genres" : [ {
      "id" : 99,
      "name" : "Documentary"
    } ]
  }, {
    "id" : 44170,
    "title" : "The Falcon in Hollywood",
    "overview" : "Suave amateur detective Tom Lawrence--aka Michael Arlen's literary hero The Falcon--arrives in Hollywood for some rest and relaxation, only to find himself involved in the murder of a movie actor. There's no shortage of suspects: the costume designer to whom he was married, a tyrannical director, a beautiful young French starlet, a Shakespeare-quoting producer, even a New York gangster. Helping The Falcon solve the crime is a cute, wise-cracking cab driver and a pair of bumbling cops.",
    "genres" : [ {
      "id" : 80,
      "name" : "Crime"
    }, {
      "id" : 9648,
      "name" : "Mystery"
    }, {
      "id" : 18,
      "name" : "Drama"
    } ]
  }, {
    "id" : 44175,
    "title" : "The Gay Falcon",
    "overview" : "A society grand dame who hosts charity parties in her home is mixed up in a jewel theft racket which defrauds insurance companies. When she is murdered, Gay Laurence (a.k.a. The Falcon)and assistant 'Goldie' Locke are on the case with help from beautiful Helen Reed, who becomes a rival to Gay's fiancée Elinor for the sleuth's affections.",
    "genres" : [ {
      "id" : 80,
      "name" : "Crime"
    }, {
      "id" : 18,
      "name" : "Drama"
    }, {
      "id" : 9648,
      "name" : "Mystery"
    }, {
      "id" : 10749,
      "name" : "Romance"
    } ]
  }, {
    "id" : 44180,
    "title" : "Journey to the West",
    "overview" : "Journey to the West comes to the big screen like never before in the 2007 film Saiyuuki! Also known as Monkey Magic and Adventures of the Super Monkey, this is the latest in a long line of adaptations of the Wu Cheng'en tome.",
    "genres" : [ ]
  }, {
    "id" : 44190,
    "title" : "They Live by Night",
    "overview" : "The story of a petty criminal and his girlfriend who try to escape their gang after a double cross of the thieves.",
    "genres" : [ {
      "id" : 18,
      "name" : "Drama"
    }, {
      "id" : 80,
      "name" : "Crime"
    } ]
  }, {
    "id" : 44195,
    "title" : "Fear of the Dark",
    "overview" : "Twelve year old Ryan Billings has been diagnosed with an acute fear of the dark. He spends each night lying awake in torment, waiting and watching as the evil in the darkness grows stronger, feeding off his fear. His older brother Dale, suspects that there is nothing wrong with Ryan and that this is just a ploy for more attention. Regardless, he promises to watch over his little brother as their parents head off to a party for the night. Outside a storm rages and when the power goes out, darkness envelops the house. Ryan knows that tonight the evil has finally come to claim him. Dale desperately tries everything to try and calm him down, until the horrors in the dark make him realize Ryan had good reason to be so afraid!",
    "genres" : [ {
      "id" : 27,
      "name" : "Horror"
    } ]
  }, {
    "id" : 44200,
    "title" : "Fractals: The Colors Of Infinity",
    "overview" : "Explores the revolutionary world of Fractal Geometry - its far-reaching and often unexpected implications - its powerful and revolutionary applications.",
    "genres" : [ {
      "id" : 99,
      "name" : "Documentary"
    } ]
  }, {
    "id" : 44205,
    "title" : "Jungle Siren",
    "overview" : "A woman - raised in the jungle - tries to help an American stop a native uprising spurned on by Nazis.",
    "genres" : [ {
      "id" : 12,
      "name" : "Adventure"
    } ]
  }, {
    "id" : 44210,
    "title" : "Fushigi Yûgi: The Mysterious Play - Reflections OAV 2",
    "overview" : "The second OVA series is divided into 6 parts, each seemingly has its own story separate from the previous episode. Fans of the characters Nuriko, Chichiri, Tasuki, and Hotohori will be glad that parts of this second OVA will be dedicated to them. Chiriko definately gets a bigger role and Mitsukake is still his old boring self...",
    "genres" : [ ]
  }, {
    "id" : 44220,
    "title" : "Patton Oswalt: No Reason to Complain",
    "overview" : "In this special, Patton Oswalt expresses his thoughts on many things in his life including his friends and his girlfriend in particular, who he thinks sucks the funny out of him. He explains why babies are a \"bag of poop\" and eating dinner at Black Angus is fit for a king. Oswalt holds nothing back when he deliverers his punch-lines! It's an hour of over-exuberant comedy!",
    "genres" : [ {
      "id" : 35,
      "name" : "Comedy"
    } ]
  }, {
    "id" : 44225,
    "title" : "Boston Girls",
    "overview" : "A pair of friends from Boston kick off their New Year by making a pact to murder the people who have mistreated them in this darkly comic thriller.When the slaughter starts,their ex-boyfriends will wish they'd been faithful.",
    "genres" : [ {
      "id" : 28,
      "name" : "Action"
    }, {
      "id" : 27,
      "name" : "Horror"
    }, {
      "id" : 53,
      "name" : "Thriller"
    } ]
  }, {
    "id" : 44230,
    "title" : "Mr. Cortisone, Happy Days",
    "overview" : " ",
    "genres" : [ ]
  }, {
    "id" : 44235,
    "title" : "Nutcracker!",
    "overview" : "Clara and Fritz are in an orphanage where their presents are locked away and they face a miserable Christmas - that is until the nutcracker comes to life and liberates everyone into a land of sugar and sweets, and a land of fairytale princes and princesses.",
    "genres" : [ {
      "id" : 14,
      "name" : "Fantasy"
    }, {
      "id" : 10402,
      "name" : "Music"
    }, {
      "id" : 10751,
      "name" : "Family"
    } ]
  }, {
    "id" : 44240,
    "title" : "The Sleeping Beauty",
    "overview" : " ",
    "genres" : [ ]
  }, {
    "id" : 44245,
    "title" : "Triple Tap",
    "overview" : "Champion competitive marksman Ken comes across an armored van robbery. He sees a policeman held hostage and shoots and kills four of the robbers. One of the robbers escapes and the policeman survives. The case is handled by Jerry Chang, whom Ken knows from having recently beaten him in a shooting match. Ken is found not guilty in court. Soon after, Ken is attacked by the escaped robber Pang Tao. Their confrontation reveals a very different background story and brings about a myriad of lies and traps and changes in relationships as Jerry and Ken try to outsmart each other.",
    "genres" : [ {
      "id" : 28,
      "name" : "Action"
    }, {
      "id" : 53,
      "name" : "Thriller"
    }, {
      "id" : 9648,
      "name" : "Mystery"
    } ]
  }, {
    "id" : 44250,
    "title" : "Cruel World",
    "overview" : "Millions witnessed Philip Markham's public humiliation when he got dumped by Catherine, the beautiful star of a popular dating show, and now - several years and reality series later - he wants revenge. After taking Catherine captive, he lures nine unsuspecting co-eds to her luxurious mansion in the middle of nowhere, trapping the contestants in his own sick version of reality TV - where the challenges are bizarre, the danger is real and death is just a competition away.",
    "genres" : [ {
      "id" : 53,
      "name" : "Thriller"
    }, {
      "id" : 27,
      "name" : "Horror"
    }, {
      "id" : 35,
      "name" : "Comedy"
    } ]
  }, {
    "id" : 44255,
    "title" : "Off and Running",
    "overview" : "With white Jewish lesbians for parents and two adopted brothers - one mixed-race and one Korean-Brooklyn teen Avery grew up in a unique and loving household. But when her curiosity about her African-American roots grows, she decides to contact her birth mother. This choice propels Avery into her own complicated exploration of race, identity, and family that threatens to distance her from the parents she's always known. She begins staying away from home, starts skipping school, and risks losing her shot at the college track career she had always dreamed of. But when Avery decides to pick up the pieces of her life and make sense of her identity, the results are inspiring. OFF AND RUNNING follows Avery to the brink of adulthood, exploring the strength of family bonds and the lengths people must go to become themselves.",
    "genres" : [ {
      "id" : 99,
      "name" : "Documentary"
    } ]
  }, {
    "id" : 44260,
    "title" : "Lake of Fire",
    "overview" : "An unflinching look at the how the battle over abortion rights has played out in the United States over the last 15 years",
    "genres" : [ {
      "id" : 99,
      "name" : "Documentary"
    } ]
  }, {
    "id" : 44265,
    "title" : "Lurking Fear",
    "overview" : "The town of Leffert's Corners has been plagued by unearthly beings for decades, and now there is only a few people left, including the local priest and a woman traumatised by the death of her sister. But when John Martense turns up to claim his illicit family fortune, with bad guys in pursuit, the last stand had become a lot more complicated. Based on the writings of H P Lovecraft.",
    "genres" : [ {
      "id" : 27,
      "name" : "Horror"
    } ]
  }, {
    "id" : 44275,
    "title" : "Induction",
    "overview" : "INDUCTION - Ray Manzarek's 2nd U.C.L.A. student film from the spring semester of 1965. A sync-sound project, it is a tale of lovers lost and lovers found, with Dorothy Fujikawa, Kathy Zeller and Ray. Jim Morrison can actually be seen - albeit briefly - in the party sequence.",
    "genres" : [ {
      "id" : 18,
      "name" : "Drama"
    } ]
  }, {
    "id" : 44280,
    "title" : "A Cold Day in Hell",
    "overview" : "Rich Bradford seems like your everyday great boyfriend. He has a good job, a nice car and the perfect girlfriend, Amanda. What she doesn't know about him is that he is only after one thing. His best friend Stu from college days knows how much of a womanizer Rich really is. When the day comes that Rich thinks he is finally going to romance Amanda, he is interrupted by her gay friend David who walks in on them. The same day he is dumped by Amanda is Rich and Stu's fraternity reunion. How can Rich go alone? All of his fraternity brothers always saw him with a girl. Stu on the other hand gets a visit from an old fraternity brother he has kept in contact with over the years. Much to Stu's surprise, when the brother comes, he is now a beautiful woman, Erica. Stu brings Erica to the reunion and she catches Rich's eye. Will Rich finally get his just desserts or will he realize in time that his dream girl used to be a man?",
    "genres" : [ {
      "id" : 35,
      "name" : "Comedy"
    } ]
  }, {
    "id" : 44285,
    "title" : "Biba",
    "overview" : "The story of a widower as presented by the people surrounding her.",
    "genres" : [ ]
  }, {
    "id" : 44290,
    "title" : "Living Room",
    "overview" : "A woman in her forties shares an apartment with her mother. This suffocating relationship doesn't allow her to grow up and become a whole person. A flirt with another woman forces her, for the first time, to face her mother and her life.",
    "genres" : [ ]
  }, {
    "id" : 44295,
    "title" : "The Wolves of Kromer",
    "overview" : "Once upon a time in the village of Kromer lived two beautiful young wolves. Cocksure Gabriel takes newcomer Seth under his paw and helps reconcile him to the vilification associated with being a wolf. They fall head-over-heels in puppy love, playing together around picturesque waterfalls, secluded woodlands, and moonlit lakes. One day a wicked old crone and her goofy sidekick kill their mistress, frame the wolves, and incite a torch-bearing mob of religious zealots to seek vengeance on the hapless pair. But who will live happily ever after?",
    "genres" : [ {
      "id" : 18,
      "name" : "Drama"
    }, {
      "id" : 35,
      "name" : "Comedy"
    }, {
      "id" : 10749,
      "name" : "Romance"
    } ]
  }, {
    "id" : 44300,
    "title" : "Lemon Popsicle 9: The Party Goes On",
    "overview" : "This movie is a sequel to the saga of movies about 3 guys in the middle of the 50's during their sex urges and other funny incidents.",
    "genres" : [ {
      "id" : 35,
      "name" : "Comedy"
    }, {
      "id" : 10749,
      "name" : "Romance"
    } ]
  }, {
    "id" : 44305,
    "title" : "Fat Girls",
    "overview" : "Fat Girls is an original off-beat comedy feature. It focuses on Rodney Miller, not your typical Texas high school student...he is a theater lover and his ultimate dream is to be on Broadway. Awkward and shy, he doesn't have many people to talk to in his small Texas town that understand him. He ends up finding what he was looking for in his theater teacher, Mr. Cox",
    "genres" : [ {
      "id" : 35,
      "name" : "Comedy"
    }, {
      "id" : 18,
      "name" : "Drama"
    } ]
  }, {
    "id" : 44310,
    "title" : "The Legend of the Titanic",
    "overview" : "Old Grandpa mouse tells to his grandchildren the \"real\" story of the Titanic disaster, including evil sharks, a giant octopus, and an evil whaling scheme.",
    "genres" : [ {
      "id" : 16,
      "name" : "Animation"
    }, {
      "id" : 10751,
      "name" : "Family"
    } ]
  }, {
    "id" : 44315,
    "title" : "Tick Tock",
    "overview" : "Stunning trophy wife Rachel Avery is stuck in a cold, loveless marriage with her millionaire husband, Holden. So when Holden goes away on a trip, Rachel hooks up with her close friend Carla, and the two hatch a plan to murder Holden and collect on his vast assets. But the girls don't want to commit the crime themselves, so at a bar they seduce a stranger, Travis Brewer, and convince him to do their bidding.",
    "genres" : [ {
      "id" : 80,
      "name" : "Crime"
    }, {
      "id" : 53,
      "name" : "Thriller"
    }, {
      "id" : 9648,
      "name" : "Mystery"
    }, {
      "id" : 10749,
      "name" : "Romance"
    } ]
  }, {
    "id" : 44320,
    "title" : "Clandestinos",
    "overview" : "Three boys escape from a youth prison in Spain, and head for the city of Madrid. Xabi and Joel, both Spanish, and an Arabic boy named Driss, quickly meet up with some eccentric people on the road. Joel, and the very cute and lovable Driss have no trouble hooking up with a couple girls that don't at all mind if the two handsome guys stay with them. The quietly intense Xabi, however, is dealing with some darker demons, and his personal reason for escaping the prison soon becomes apparent.",
    "genres" : [ {
      "id" : 18,
      "name" : "Drama"
    } ]
  }, {
    "id" : 44325,
    "title" : "The Whole Dam Family and the Dam Dog",
    "overview" : "A portrait of the Dam family.",
    "genres" : [ ]
  }, {
    "id" : 44330,
    "title" : "The Scheming Gambler's Paradise",
    "overview" : "A combination gambling den and bawdy house is set up so that croupiers, patrons, prostitutes, and the owner can quickly change it all into a mercantile establishment when the cops stage a raid.",
    "genres" : [ ]
  }, {
    "id" : 44335,
    "title" : "The Cook in Trouble",
    "overview" : "A cook has his hands full with three mischievous devils, who pop in and out of his kitchen.",
    "genres" : [ {
      "id" : 35,
      "name" : "Comedy"
    }, {
      "id" : 14,
      "name" : "Fantasy"
    } ]
  }, {
    "id" : 44340,
    "title" : "Wendigo",
    "overview" : "George is a high-strung professional photographer who is starting to unravel from the stress of his work with a Manhattan advertising agency. Needing some time away from the city, Jake, his wife Kim, and their son Miles head to upstate New York to take in the winter sights, though the drive up is hardly relaxing for any of them. George accidentally hits and severely injures a deer that ran onto the icy road; after George stops to inspect the damage, he's confronted by an angry local named Otis who flies into a rage, telling George that he and his fellow hunters had been tracking the deer for some time. An argument breaks out, which leaves George feeling deeply shaken.",
    "genres" : [ {
      "id" : 27,
      "name" : "Horror"
    } ]
  }, {
    "id" : 44345,
    "title" : "The Cutting Edge: The Magic of Movie Editing",
    "overview" : "Documentary about the art of film editing. Clips are shown from many groundbreaking films with innovative editing styles.",
    "genres" : [ {
      "id" : 99,
      "name" : "Documentary"
    } ]
  }, {
    "id" : 44350,
    "title" : "Hole in the Moon",
    "overview" : "A comic and episodic satire, the film uses improvisation to illustrate the clash between fantasy and reality in real life. Although conceived in the style of Mekas’ “Hallelujah the hills” (1962), it’s an authentically Israeli satire, an openly rebellious and individualistic expression that poked fun at the sacred myths of earlier zionist films. The technique of film within the film is used to portray cinema as reflection of the imagination, a miracle based on dreams and fantasies that take on concrete characteristics – parallel to the miracle of Israel, the dream that has become reality. Although not a commercial success, its importance is beyond any measure, though it remains a unique experiment, boldly uncommercial and subversive, out of any context in that patriotic, ideological epoch.",
    "genres" : [ {
      "id" : 35,
      "name" : "Comedy"
    } ]
  }, {
    "id" : 44355,
    "title" : "Boys Beware",
    "overview" : "Anti-homosexual film targeted at teenage boys, urging them to avoid encounters with potential molesters.",
    "genres" : [ {
      "id" : 18,
      "name" : "Drama"
    } ]
  }, {
    "id" : 44360,
    "title" : "The Moon and the Son: An Imagined Conversation",
    "overview" : "An animated documentary that explores the terrain of father/son relationships, as seen through Canemaker's own turbulent relationship with his father.",
    "genres" : [ ]
  }, {
    "id" : 44370,
    "title" : "Angel Sanctuary",
    "overview" : "Setsuna, a High School student, not only has to deal with bullies and more then appropiate feelings for his own sister, but also must come to terms with the fact that he is the reincarnation of the Organic Angel Alexiel who rebelled against God. Being thrust into a world he never knew existed he must believe that angels and demons exist for the sake of Heaven, Earth and even Hell.",
    "genres" : [ {
      "id" : 10749,
      "name" : "Romance"
    }, {
      "id" : 14,
      "name" : "Fantasy"
    }, {
      "id" : 16,
      "name" : "Animation"
    } ]
  }, {
    "id" : 44375,
    "title" : "Twist",
    "overview" : "In a gritty retelling of the Dickens's classic, Twist takes Oliver and the Artful Dodger out of the poorhouse and onto the streets, where junk is the currency and hustling is the game.",
    "genres" : [ {
      "id" : 18,
      "name" : "Drama"
    } ]
  }, {
    "id" : 44380,
    "title" : "On Leave",
    "overview" : " ",
    "genres" : [ ]
  }, {
    "id" : 44385,
    "title" : "Werewolf: The Devil's Hound",
    "overview" : "An escaped werewolf - who’s determined to start a family of her own - sinks her claws into Kevin, leaving him with an uncontrollable desire to kill. Can his family save him before his lycan nature takes over for good?",
    "genres" : [ {
      "id" : 27,
      "name" : "Horror"
    }, {
      "id" : 53,
      "name" : "Thriller"
    } ]
  }, {
    "id" : 44395,
    "title" : "Off The Rails",
    "overview" : "Two young Australians cycle from Bejing to Moscow. 11,000 kilometers in 13 months to discover themselves.",
    "genres" : [ ]
  }, {
    "id" : 44405,
    "title" : "Never Weaken",
    "overview" : "Our hero (Lloyd) is infatuated with a girl in the next office. In order to drum up business for her boss, an osteopath, he gets an actor friend to pretend injuries that the doctor \"cures\", thereby building a reputation. When he hears that his girl is marrying another, he decides to commit suicide and spends the bulk of the film in thrilling, failed attempts.",
    "genres" : [ {
      "id" : 35,
      "name" : "Comedy"
    } ]
  }, {
    "id" : 44410,
    "title" : "Roy Chubby Brown: King Thong",
    "overview" : "For all his bad taste, Roy Chubby Brown is undeniably something of a phenomena. For over 20 years, he has built an extremely strong career solely on the basis of his live comedy shows and has done incredibly well at it.",
    "genres" : [ ]
  }, {
    "id" : 44415,
    "title" : "Benji: Off the Leash!",
    "overview" : "Benji and his friends try to save his mother from a puppy mill.",
    "genres" : [ {
      "id" : 18,
      "name" : "Drama"
    }, {
      "id" : 10751,
      "name" : "Family"
    } ]
  }, {
    "id" : 44420,
    "title" : "Professor",
    "overview" : "Sita devi is a very strict aunt for a number of young ladies, and does not allow them to fraternize with males. Along comes Pritam disguised as an elderly Professor Khanna to break every possible rule of the aunt.",
    "genres" : [ {
      "id" : 10769,
      "name" : "Foreign"
    } ]
  }, {
    "id" : 44425,
    "title" : "Dabangg",
    "overview" : "Chulbul Pandey is a corrupt but golden-hearted police officer in the small town of Uttar Pradesh. He dotes on his mother but hates his stepfather and stepbrother. He is at loggerheads with the local politician, Cheddi Singh, who sets the two half brothers against one another.",
    "genres" : [ {
      "id" : 28,
      "name" : "Action"
    }, {
      "id" : 35,
      "name" : "Comedy"
    }, {
      "id" : 80,
      "name" : "Crime"
    } ]
  }, {
    "id" : 44430,
    "title" : "Hermie and Friends: Antonio Meets His Match",
    "overview" : "Brave and fearless, Antonio is a hero as he leads his fellow army ants to defend the garden against Big Bully Croaker. But when a group of foreign ants moves into the neighborhood, their strange ways challenge Antonio to use something other than brute strength to solve a problem. Features voices of Tim Conway and Fred Willard.",
    "genres" : [ ]
  }, {
    "id" : 44435,
    "title" : "Trauma",
    "overview" : "An anorexic young woman escapes from a psychiatric clinic and meets a young man who wants to help. She is caught and returned to her parents, who are soon beheaded by a garrotting stranger making the rounds about town, apparently striking only when it rains. The orphaned young woman and her new lover launch their own investigation and are endangered when a link is discovered with the victims and a particular operation performed years before.",
    "genres" : [ {
      "id" : 27,
      "name" : "Horror"
    }, {
      "id" : 9648,
      "name" : "Mystery"
    }, {
      "id" : 53,
      "name" : "Thriller"
    } ]
  }, {
    "id" : 44440,
    "title" : "The Book of Revelation",
    "overview" : "An erotic mystery about power and sex, the entanglement of victim and perpetrator, and a man's struggle to regain his lost self.",
    "genres" : [ {
      "id" : 9648,
      "name" : "Mystery"
    }, {
      "id" : 10749,
      "name" : "Romance"
    }, {
      "id" : 53,
      "name" : "Thriller"
    } ]
  }, {
    "id" : 44445,
    "title" : "At Land",
    "overview" : "A woman lies on the sand, left there by the tides and waves (and in a pose that would be copied in From Here to Eternity). She reaches up across tree roots and makes a difficult climb. Only to discover herself climbing horizontally along a long dinner table as bourgeoise black-tie guests chat and drink and smoke, oblivious to her. At the top of the table, a man is playing chess but abandons the game. Fascinated, she gazes at board, the pieces moving unaided. The woman chases a pawn as it falls to the floor. Falls down a waterfall. Is lost.",
    "genres" : [ {
      "id" : 53,
      "name" : "Thriller"
    } ]
  }, {
    "id" : 44450,
    "title" : "Angelique",
    "overview" : "In 17th-century France, beautiful country maiden Angélique (Michèle Mercier) marries wealthy neighbor Jeoffray de Peyrac (Robert Hossein) out of convenience, but eventually, she falls in love with him. So when Jeoffray is arrested and then vanishes, she bravely sets out to find him. This is the first of many dramas based on Anne and Serge Golon's novels about strong-willed Angélique and her adventures during the reign of Louis XIV, the Sun King.",
    "genres" : [ {
      "id" : 12,
      "name" : "Adventure"
    }, {
      "id" : 10749,
      "name" : "Romance"
    }, {
      "id" : 36,
      "name" : "History"
    } ]
  }, {
    "id" : 44455,
    "title" : "Johnny Appleseed",
    "overview" : "Dennis Day tells the story of Johnny Appleseed (John Chapman), narrated by The Old Settler. He's an apple farmer who sees people going west and thinks he can't join them, until an angel appears to him and sings the virtues of apples, convincing Johnny he has a mission. He sets off without a knife or gun; at first, the animals mistrust him, but when he even treats a skunk kindly, they all take to him.",
    "genres" : [ {
      "id" : 16,
      "name" : "Animation"
    } ]
  }, {
    "id" : 44460,
    "title" : "Ha-Tzel, Shel Hachiuch Shelchah",
    "overview" : " ",
    "genres" : [ ]
  }, {
    "id" : 44465,
    "title" : "The Rich Man's Wife",
    "overview" : "A rich man's wife finds she has a bad prenuptial agreement with an even worse husband. Over drinks with a stranger, she fantasizes about doing her husband in to void the prenupt. The stranger decides to turn her imagination into reality much to the wife's surprise.",
    "genres" : [ {
      "id" : 18,
      "name" : "Drama"
    }, {
      "id" : 53,
      "name" : "Thriller"
    } ]
  }, {
    "id" : 44470,
    "title" : "Ice Cream Man",
    "overview" : "Poor Gregory, after being released from the Wishing Well Sanatorium, all he wants to do is make the children happy. So Gregory reopens the old ice cream factory, and all the unappreciative brats are reprocessed into the flavor of the day.",
    "genres" : [ {
      "id" : 35,
      "name" : "Comedy"
    }, {
      "id" : 27,
      "name" : "Horror"
    } ]
  }, {
    "id" : 44475,
    "title" : "Ali Baba and The Forty Thieves",
    "overview" : "Orphaned as a young child and adopted by a band of notorious thieves, now-grown Ali Baba sets out to avenge his father’s murder, reclaim the royal throne, and rescue his beloved Amara from the iron fist of his treacherous enemy.",
    "genres" : [ {
      "id" : 28,
      "name" : "Action"
    }, {
      "id" : 12,
      "name" : "Adventure"
    }, {
      "id" : 14,
      "name" : "Fantasy"
    }, {
      "id" : 10749,
      "name" : "Romance"
    } ]
  }, {
    "id" : 44480,
    "title" : "Education for Death",
    "overview" : "A propaganda film during World War II about a boy who grows up to become a Nazi soldier.",
    "genres" : [ {
      "id" : 16,
      "name" : "Animation"
    } ]
  }, {
    "id" : 44485,
    "title" : "We're Funny That Way",
    "overview" : " ",
    "genres" : [ ]
  }, {
    "id" : 44490,
    "title" : "Chuck & Buck",
    "overview" : "Buck is a man-child who has lived his existence in a life of kindergarten collages and lollipops. Buck remembers his old childhood friend Chuck, with whom he feels a need to reconnect with after having invited him to his mother's funeral. Buck treks out to LA where Chuck, now a music record executive, is living his life. Buck ends up developing an obsession with Chuck and begins stalking him.",
    "genres" : [ {
      "id" : 35,
      "name" : "Comedy"
    }, {
      "id" : 18,
      "name" : "Drama"
    } ]
  }, {
    "id" : 44495,
    "title" : "A Very Natural Thing",
    "overview" : "When David, an ex-monk still in his twenties meets Mark, he falls hard; soon he's asked Mark if they can live together. Things go well for awhile, and then differences in their definition of \"commitment\" begin to push them apart. Mark wants other sexual adventures, David tries to go along. Can they talk through the crisis in their relationship or is a breakup in the offing? David sees his relationship with Mark as a marriage, so if it ends, can David's heart ever heal?",
    "genres" : [ {
      "id" : 18,
      "name" : "Drama"
    } ]
  }, {
    "id" : 44500,
    "title" : "Inheritance",
    "overview" : "Inheritance tells the tale of sinister old lady Lillian Baker (Marjorie Nelson) &amp; her kind hearted, good natured carer Abigail Nielsen (Jen Taylor). Abigail feels sorry for Lillian &amp; does her best to keep her happy, however one fateful night Lillian passes away in her sleep. Abigail is obviously upset &amp; attends Lillian's funeral to say her goodbyes, it soon comes to light that Lillian has left Abigail her large house &amp; it's entire contents a situation which Lillian's daughter Joan (Kathryn Mesney-Hetter) is unhappy with. The reason for Lillian's generosity becomes clear as her spirit starts to possess Abigail &amp; take complete control of her body...",
    "genres" : [ {
      "id" : 18,
      "name" : "Drama"
    }, {
      "id" : 27,
      "name" : "Horror"
    }, {
      "id" : 10769,
      "name" : "Foreign"
    } ]
  }, {
    "id" : 44505,
    "title" : "Riverdance: The New Show",
    "overview" : "Riverdance Show is a cultural phenomenon that defies criticism for the enthusiastic and leaves everyone else scratching their heads. The wonderfully talented cast, headed by the Riverdance Irish Dance Company, bewitchingly spins (and stomps) its Celtic folk choreography featuring numerous breathless solos by Michael Flatley (since departed) and Jean Butler. The mellifluous Riverdance Orchestra boasts Davy Spillane, who coaxes plaintive lamentations out of a peculiar instrument that resembles a bagpipe in a metal leg brace. For Enya fans, there is the sound-alike choral group Anuna, who casts a similarly New Age-style vocal spell. Also thrown into the mix are such disparate folk traditions as American gospel and Spanish flamenco. Though it's only 70 minutes long, Riverdance is repetitive by half. But judging from the ecstatic audience ovations and the continued foot-stomping during and after the curtain calls, too much is still not enough.",
    "genres" : [ {
      "id" : 99,
      "name" : "Documentary"
    }, {
      "id" : 10402,
      "name" : "Music"
    } ]
  }, {
    "id" : 44510,
    "title" : "The Grandmother",
    "overview" : "A young boy plants some strange seeds and they grow into a grandmother.",
    "genres" : [ {
      "id" : 18,
      "name" : "Drama"
    }, {
      "id" : 27,
      "name" : "Horror"
    } ]
  }, {
    "id" : 44515,
    "title" : "Little Red Riding Hood",
    "overview" : "A black comedy version of the classic tale.",
    "genres" : [ ]
  }, {
    "id" : 44520,
    "title" : "Broken Promise",
    "overview" : "In the face of insurmountable odds, one man will risk everything to take back his country. Czechoslovakia, 1943, and the world is enveloped by the dark clouds of war. Showing unimaginable bravery, a Jewish teenager manages to escape the clutches of a concentration camp and joins a group of partisans fighting to liberate Europe from the Nazis.",
    "genres" : [ {
      "id" : 10752,
      "name" : "War"
    }, {
      "id" : 18,
      "name" : "Drama"
    } ]
  }, {
    "id" : 44525,
    "title" : "Korn Live: The Encounter",
    "overview" : "Korn Live: The Encounter is a live release by Korn in 2010 to promote the studio album Korn III: Remember Who You Are. It premiered on Sunday July 11, 2010 on HDNet, and then streamed on the band's Myspace profile. Although a live performance piece, the concert itself has no audience beyond production crew. In July a number of viral videos were released by the band, the first two videos included amateur footage of crop circles and unidentified flying objects, while the second two videos included news footage of the phenomenons identifying its location as Kern County. The Korn logo could also be seen in one of the crop circles. On July 7 the band announced \"Korn Live: The Encounter, A Concert for Korn III: Remember Who You Are\" a live concert filmed June 24 at the crop circles. The unusual setting for the concert was inspired by Pink Floyd's Live at Pompeii concert.",
    "genres" : [ {
      "id" : 10402,
      "name" : "Music"
    } ]
  }, {
    "id" : 44530,
    "title" : "Son of Fury: The Story of Benjamin Blake",
    "overview" : "Sir Arthur Blake has inherited title and lands from his brother. He also has his orphaned nephew Benjamin working for him as a bonded servant. While he believes the lad was born out of wedlock and so cannot claim the inheritance, he is taking no chances. Benjamin eventually rebels against his uncle and sets sail to try and make his fortune. This may enable him to return to prove his claim to being the rightful heir to the estate.",
    "genres" : [ {
      "id" : 28,
      "name" : "Action"
    }, {
      "id" : 18,
      "name" : "Drama"
    }, {
      "id" : 10749,
      "name" : "Romance"
    } ]
  }, {
    "id" : 44535,
    "title" : "Somebody to Love",
    "overview" : "Mercedes is a taxi dancer who wants to be an actress. She's involved with the married Harry, who considers himself a respected actor. Ernesto is in love with Mercedes, but he doesn't dance or have money.",
    "genres" : [ {
      "id" : 35,
      "name" : "Comedy"
    }, {
      "id" : 18,
      "name" : "Drama"
    } ]
  }, {
    "id" : 44540,
    "title" : "Virginia's Run",
    "overview" : "A teenage girl, trying to come to grips with the death of her mother in a horse-riding accident, nurtures the foal of her mother's horse.",
    "genres" : [ {
      "id" : 18,
      "name" : "Drama"
    }, {
      "id" : 10751,
      "name" : "Family"
    } ]
  }, {
    "id" : 44545,
    "title" : "The Werewolf",
    "overview" : "The arrival in a small mountain town of a dissheveled stranger launches a series of murders committed by some sort of animal.  As the town doctor and his daughter attempt to help the stranger, the sheriff investigates the murders; and they uncover a sinister experiment involving two rogue scientists, a car accident victim, his wife and children, and a serum that causes a man to turn into a ravaging werewolf.",
    "genres" : [ {
      "id" : 27,
      "name" : "Horror"
    }, {
      "id" : 878,
      "name" : "Science Fiction"
    } ]
  }, {
    "id" : 44550,
    "title" : "Help",
    "overview" : "\"HELP\" is a supernatural horror thriller which draws upon the story of a malevolent spirit that refuses to leave the human world and is out to exact retribution for past crimes committed against it.",
    "genres" : [ {
      "id" : 18,
      "name" : "Drama"
    }, {
      "id" : 27,
      "name" : "Horror"
    }, {
      "id" : 53,
      "name" : "Thriller"
    }, {
      "id" : 10769,
      "name" : "Foreign"
    } ]
  } ]
}