{
  "movies" : [ {
    "id" : 168990,
    "title" : "Het Groot Niet Te Vermijden: Tour Unlimited",
    "overview" : "",
    "genres" : [ ]
  }, {
    "id" : 169010,
    "title" : "Eu sou o Gummy Bear",
    "overview" : "",
    "genres" : [ ]
  }, {
    "id" : 169020,
    "title" : "Vive la France",
    "overview" : "Muzafar and Feruz are two easy going shepherds from Taboulistan, a tiny country in Asia that is unknown to the rest of the world. To alert the world to his country’s existence, the son of Taboulistan’s president decides to instigate a program of publicity terrorism. To that end, he recruits our two naive shepherds, their mission: to destroy the Eiffel Tower! But the France that Muzafar and Feruz discovers is far from what they had expected...",
    "genres" : [ {
      "id" : 35,
      "name" : "Comedy"
    } ]
  }, {
    "id" : 169025,
    "title" : "The Real Life of Teachers",
    "overview" : "A comedy about a band of voyeuristic students who take their jobs at the school paper to extremes, deciding to uncover the real lives of their teachers.",
    "genres" : [ {
      "id" : 35,
      "name" : "Comedy"
    } ]
  }, {
    "id" : 169030,
    "title" : "Isle of Darkness",
    "overview" : "Julie is a young and newly qualified teacher from Copenhagen, Denmark. Fed up with her unfaithful boyfriend and big city life, she takes a job as a teacher on an idyllic island in southern Norway. Julie finds it difficult to be accepted in the closed-net community of the island. Slowly but surely, she discovers that the idyllic island hides many dark secrets.",
    "genres" : [ {
      "id" : 9648,
      "name" : "Mystery"
    }, {
      "id" : 27,
      "name" : "Horror"
    }, {
      "id" : 53,
      "name" : "Thriller"
    } ]
  }, {
    "id" : 169045,
    "title" : "The Universal Mind of Bill Evans",
    "overview" : "Jazz Pianist on the Creative Process &amp; Self-Teaching. Here is the late, brilliantly original jazz pianist in intense conversation with his composer brother, Harry, on the nature of creativity in jazz. Occasionally, they stroll to the piano for a musical illustration (Evans play splendidly).",
    "genres" : [ {
      "id" : 10402,
      "name" : "Music"
    }, {
      "id" : 99,
      "name" : "Documentary"
    } ]
  }, {
    "id" : 169090,
    "title" : "På palmblad och rosor",
    "overview" : "Swedish tv movie directed by Lars Lennart Forsberg after the Stig Claesson novel with the same title.",
    "genres" : [ {
      "id" : 18,
      "name" : "Drama"
    } ]
  }, {
    "id" : 169105,
    "title" : "The Gathering - Live At Ankkarock DVD",
    "overview" : "The Gathering - Live At Ankkarock DVD",
    "genres" : [ ]
  }, {
    "id" : 169125,
    "title" : "The Who - Live at BBC 2007 DVD",
    "overview" : "The Who - Live at BBC 2007 DVD",
    "genres" : [ ]
  }, {
    "id" : 169140,
    "title" : "Bare Knees",
    "overview" : "A young married woman in a small town is visited by her sister, a single \"flapper\" who causes a scandal in town with her bobbed hair and short skirts. She attracts the attentions of some of the local men, which causes an even greater scandal--which is made worse when her sister abruptly leaves her boorish husband for another man.",
    "genres" : [ ]
  }, {
    "id" : 169150,
    "title" : "The Haunting of Hell House",
    "overview" : "A mysterious, morbid professor who has suffered a number of horrid events in his life tries to help a young troubled man, whose girl friend was killed during an illegal abortion.",
    "genres" : [ {
      "id" : 53,
      "name" : "Thriller"
    }, {
      "id" : 27,
      "name" : "Horror"
    } ]
  }, {
    "id" : 169165,
    "title" : "Il sequestro Soffiantini",
    "overview" : "",
    "genres" : [ ]
  }, {
    "id" : 169175,
    "title" : "Piccolo Mondo Antico",
    "overview" : "",
    "genres" : [ ]
  }, {
    "id" : 169180,
    "title" : "Chalo Let's Go",
    "overview" : "This is a story of four friends &amp; school buddies. Out of them, only Ashim is an earning person, he is a doctor. Earlier, they started a Bangla Band, where Hari was the lead singer, but they were heavily thrashed by the public in a stage show in North Bengal. They decided not to sing any more. Then they started a traveling agency. On their first trip, they start the journey with only 9 passengers and a girl who later joins them. The film deals with their journey via Kalimpong. The ten passengers are of ten different types and also the four tour operators are of four different natures. As the journey progresses, their characters were revealed one by one.",
    "genres" : [ ]
  }, {
    "id" : 169195,
    "title" : "Hectopascal: Sensual Call Girl",
    "overview" : "Mio is a woman who owns a funeral parlor in a small port town. After losing her husband, her libido suddenly awakens. A typhoon rips through the town. Not only does she provide funeral services for the grieving parties but also attends to their needs after the funeral.",
    "genres" : [ ]
  }, {
    "id" : 169205,
    "title" : "The Smurfs - A Gift For Papa's Day",
    "overview" : "",
    "genres" : [ ]
  }, {
    "id" : 169210,
    "title" : "Smurfarna - Smurfarna i romar-riket",
    "overview" : "",
    "genres" : [ ]
  }, {
    "id" : 169230,
    "title" : "H.G. Wells' The War of the Worlds",
    "overview" : "This movie is a faithful adaptation of H. G. Well's book, set in the 19th century.",
    "genres" : [ {
      "id" : 53,
      "name" : "Thriller"
    }, {
      "id" : 878,
      "name" : "Science Fiction"
    } ]
  }, {
    "id" : 169235,
    "title" : "The Daughter",
    "overview" : "When fourteen-year-old Myrto learns her father has fled to avoid paying his debts, she kidnaps the son of his business partner whom she blames for bankrupting her father's joiner's workshop. Memories resurface as she wanders through the aisles of the workshop, where she hides her victim between stacks of spruce, oak and ebony.",
    "genres" : [ ]
  }, {
    "id" : 169250,
    "title" : "The Rat Savior",
    "overview" : "A poor writer discovers that a species of rats has banded together to impersonate humans and supplant them unnoticed, in a manner reminiscent of the transformations in Eugene Ionesco's Rhinoceros, or the covert conspiracy of pod-people in The Invasion of the Body Snatchers. This film's story is based on a book by the Soviet writer Alexander Greene.",
    "genres" : [ {
      "id" : 878,
      "name" : "Science Fiction"
    }, {
      "id" : 27,
      "name" : "Horror"
    }, {
      "id" : 18,
      "name" : "Drama"
    } ]
  }, {
    "id" : 169255,
    "title" : "The Gallery of Monsters",
    "overview" : "Married carnival performers are subjected to the abuses of their employer in this silent film gem that has not received as much attention as it deserves. When the boss' unwanted advances on the wife are refused, he taunts a lion until it nearly kills her. But the other performers assist in a unique plot for revenge. Jaque Catelain directs and stars in this film made for influential French director Marcel L'Herbier's production company. Some sources also list L'Herbier as co-director, as he is credited here. The film boasts some rapid-fire editing techniques that were decades ahead of its time.",
    "genres" : [ {
      "id" : 18,
      "name" : "Drama"
    } ]
  }, {
    "id" : 169260,
    "title" : "Mankink : The Story of All of Us",
    "overview" : "Follow-up to 'America the Story of Us'. Mankind embraces a groundbreaking way of telling this epic human story. Drawing on a growing global interest in a revelatory field of history, now adopted by universities across the globe. 'Big history' focuses on the forces of nature to show how mankind's path is guided by events that stretch back, not hundreds, but thousands, even millions of years. How the power of science, from geology and astronomy, to physics and biology, combined to shape our shared human journey. Revealing astounding global connections, and an astonishing interconnected story. This is history without limits. Free from boundaries and politics. Our story, like it's never been told before.",
    "genres" : [ ]
  }, {
    "id" : 169270,
    "title" : "Anynka a čert",
    "overview" : "",
    "genres" : [ {
      "id" : 10751,
      "name" : "Family"
    }, {
      "id" : 10770,
      "name" : "TV Movie"
    } ]
  }, {
    "id" : 169275,
    "title" : "O Mistério do Samba",
    "overview" : "",
    "genres" : [ {
      "id" : 99,
      "name" : "Documentary"
    } ]
  }, {
    "id" : 169300,
    "title" : "Juvenile Jungle",
    "overview" : "Planned kidnapping goes awry when gang leader falls for the victim.",
    "genres" : [ ]
  }, {
    "id" : 169310,
    "title" : "Borrowed Time",
    "overview" : "The story of two totally contrasting figures who come together in the most hostile of circumstances, only to form an unlikely bond that will help them both find a way out of their respective troubles. It is a bittersweet comedy about growing up and rediscovering youth in parallel, united by the subconscious desire to seek out the missing elements in their lives.",
    "genres" : [ {
      "id" : 35,
      "name" : "Comedy"
    }, {
      "id" : 18,
      "name" : "Drama"
    } ]
  }, {
    "id" : 169335,
    "title" : "Carson City Cyclone",
    "overview" : "When the night watchman at the bank is gunned down during a robbery, he fingers Barton as the trigger man. When the trial comes up in neighboring Carson City, Gil finds a witness named Sullivan who says that Barton was with him on the night of the murder. Gil gets Barton off, but Sullivan soon cashes a check from Gil at the bank and that raises questions. His father, Judge Phalen, starts an action against Gil, and when his father is shot dead, Gil is blamed for his murder.",
    "genres" : [ {
      "id" : 37,
      "name" : "Western"
    } ]
  }, {
    "id" : 169340,
    "title" : "Mein Traum oder die Einsamkeit ist nie allein",
    "overview" : "",
    "genres" : [ {
      "id" : 18,
      "name" : "Drama"
    } ]
  }, {
    "id" : 169345,
    "title" : "Finding Jenua",
    "overview" : "The film is about a young woman (Gayle James) running away from her past and moves in with a woman (Leigh Rose) who is suffering from Alzheimer's disease and she believes is her grand-daughter.",
    "genres" : [ ]
  }, {
    "id" : 169350,
    "title" : "Langs de grenzen van Turkije",
    "overview" : "",
    "genres" : [ ]
  }, {
    "id" : 169355,
    "title" : "Here Is My Heart",
    "overview" : "A rich and famous singer disguises himself as a waiter in order to be near the woman he loves, a European princess.",
    "genres" : [ ]
  }, {
    "id" : 169360,
    "title" : "Nympha",
    "overview" : "NyMpha is the story of Sarah (Tiffany Shepis), a young American girl, who goes to Italy to take vows needed to become a cloister nun of the \"New Order\" Convent. The rules of the convent are very strict, so strict that they are often considered a form of torture. Sarah's path is divided into four steps, \"hear\" the Lord, \"see\" the Lord, \"touch\" the Lord and \"talk\" with the Lord... Each step will be painful for both Sarah's physical and mental self. Moreover, during Sarah's journey, she often has visions of the Convents past, visions that it was the house of a young girl named Ninfa... Ninfa's life was ruined by the religious fanaticism of her violent grandfather Geremia, who believes that he can talk directly with God. In reality, he is utterly mad, and this madness seems to be present today (within the walls of the convent) where young Sarah lives...",
    "genres" : [ {
      "id" : 27,
      "name" : "Horror"
    }, {
      "id" : 53,
      "name" : "Thriller"
    } ]
  }, {
    "id" : 169365,
    "title" : "Family Values: An American Tragedy",
    "overview" : "Documentary about the experiences of filmmaker Pam Walton as she struggles to reunite with her \"family values\" father after a long-standing rift. Rus Walton, a radical religious fundamentalist, disowned his daughter because of her lesbian lifestyle. Although he once suggested that practicing homosexuals should be executed, Pam is willing to pay the emotional price to fulfill her longing for parental acceptance.",
    "genres" : [ ]
  }, {
    "id" : 169380,
    "title" : "Lost Stallions: The Journey Home",
    "overview" : "After the death of his father, troubled teen Jake (Alex Hugh) travels with his mother to Harmony Ranch, a special retreat for families dealing with problems. There, Jake gets to know Troubadour, a young distressed stallion. Ranch owner Chief (Mickey Rooney), works to calm the uneasy horse. Jake witnesses Chief's determination with the stallion, and begins to see the wisdom in the old man life. When Troubadour runs away, Jake makes it his mission to bring the lost stallion home. The ranch hand Grey Wolf (Roger Willie) explains to Jake the Native American legend of Heaven's Pathway, a mountain that towers over Harmony Ranch, said to be a place where wounded souls go to find peace. With this knowledge, Jake sets out with his new friends Nicki (Rachael Handy) and Isaac (Evan Tilson Stroud), two other troubled teens, on a journey to the top of Heaven's Pathway in search of Troubadour.",
    "genres" : [ {
      "id" : 10751,
      "name" : "Family"
    } ]
  }, {
    "id" : 169385,
    "title" : "Eli Regrets",
    "overview" : "In Eli Regrets, we are submerged in the darkly comical life of a presumptuous teenager as he is faced with his impending manhood. As Eli enters into the world of timid love, hard drugs, and spilt milk, he must overcome his fears or face the ultimate regret of not knowing.",
    "genres" : [ ]
  }, {
    "id" : 169390,
    "title" : "The Illusions",
    "overview" : "A popular young writer decides to write a novel on an island that was once a Mecca to the Hippie movement of the 1960s.  As he tries to recapture a world that no longer exists, the writer meets an enigmatic young woman who agrees to help him in his research.  But as he falls in love with this strange girl, he finds her increasingly remote and mysterious, until she finally seems to disappear for good...",
    "genres" : [ {
      "id" : 18,
      "name" : "Drama"
    } ]
  }, {
    "id" : 169395,
    "title" : "Where I Am",
    "overview" : "The American writer Robert Drake returns to Ireland a decade after a vicious attack left him brain damaged.",
    "genres" : [ ]
  }, {
    "id" : 169410,
    "title" : "Sane",
    "overview" : "",
    "genres" : [ ]
  }, {
    "id" : 169440,
    "title" : "Murder Most Likely",
    "overview" : "In 1981, former RCMP Undercover Agent \"Patrick Kelly\" was accused of causing the mysterious death of his wife. Managing to elude the authorities, Kelly married his second wife, and continued to live the extravagant lifestyle he so desperately desired. However, in 1984, based on the testimony of a key witness, Kelly was finally convicted of the first-degree murder of his wife, (allegedly by throwing her off the balcony of their luxury high-rise condo). But then a whole ten years later, the witness claimed she lied on the stand.",
    "genres" : [ ]
  }, {
    "id" : 169480,
    "title" : "Arsenal: Season Review 2011-2012",
    "overview" : "A full review of Arsenal's 2011-2012 footballing season. All the goals plus more.",
    "genres" : [ ]
  }, {
    "id" : 169485,
    "title" : "The Echo",
    "overview" : "Mike Deacon, a tough, lone-wolf reporter discovers that things are not quite what they seem when a tramp is found dead in the garage of a beautiful woman. He enlists the help of an elderly lawyer friend, a naïve photographer and a streetwise teenager during the investigation.",
    "genres" : [ {
      "id" : 80,
      "name" : "Crime"
    }, {
      "id" : 18,
      "name" : "Drama"
    }, {
      "id" : 9648,
      "name" : "Mystery"
    } ]
  }, {
    "id" : 169505,
    "title" : "Absurdités protéiformes",
    "overview" : "",
    "genres" : [ ]
  }, {
    "id" : 169510,
    "title" : "The Christmas Pageant",
    "overview" : "Vera Parks (Melissa Gilbert), an overly intense and demanding Broadway director, gets fired from yet another job, leaving her no choice but to take a gig directing a small town Christmas pageant in upstate New York. Stunned at how basic the production is, Vera attempts to back out, but is convinced by some of the locals to give their town a chance.  To her surprise, the warmth and charm of the small town grows on Vera and she even enjoys the experience of directing the pageant. When Vera discovers her former fiancé Jack (Robert Mailhouse) recommended her for the job, she is outraged. But over time Vera appreciates the gesture, as she grows close to both Jack and his young daughter (Lennon Wynn). Will love stay in the wings this time around?",
    "genres" : [ {
      "id" : 10770,
      "name" : "TV Movie"
    }, {
      "id" : 10751,
      "name" : "Family"
    } ]
  }, {
    "id" : 169525,
    "title" : "Mister Rogers & Me",
    "overview" : "An MTV producer's life is transformed when he meets the recently retired host of 'Mister Rogers' Neighborhood,' Fred Rogers. Friendship with the PBS icon sets the young producer on a hero's quest to find depth and simplicity amidst a shallow and complex world through conversations with Susan Stamberg (NPR), Tim Russert ('Meet The Press'), Marc Brown ('Arthur') and more.",
    "genres" : [ {
      "id" : 99,
      "name" : "Documentary"
    } ]
  }, {
    "id" : 169545,
    "title" : "Penn of Pennsylvania",
    "overview" : "Penn of Pennsylvania is a 1941 British historical drama film directed by Lance Comfort and starring Deborah Kerr, Clifford Evans, Dennis Arundell, Henry Oscar, Herbet Lomas and Edward Rigby. The film depicts the life of the Quaker founder of Pennsylvania, William Penn. It portrays his struggle to be granted a colonial charter in London and attracting settlers to his new colony as well as his adoption a radical new approach with regard to the treatment of the Native Americans. It is also known by the alternative title Courageous Mr. Penn.",
    "genres" : [ {
      "id" : 36,
      "name" : "History"
    }, {
      "id" : 18,
      "name" : "Drama"
    } ]
  }, {
    "id" : 169550,
    "title" : "Buying Time",
    "overview" : "Written and directed by Mitchell Gabourie in 1989.  this action movie delves into the world of horse racing, where cunning crooks can win a fortune in an instant. Coerced by the cops into going undercover, two streetwise kids pose as employees at a retirement home and uncover a lucrative and highly sophisticated criminal operation, which they boldly attempt to take down with the help of a detective (Dean Stockwell).",
    "genres" : [ ]
  }, {
    "id" : 169555,
    "title" : "Granny D Goes to Washington",
    "overview" : "Documentary that chronicles the extraordinary march across the U.S. by political activist, Doris Haddock. Passionate about democracy, she walked 3,200 miles from California to Washington, D.C. to dramatize the need to restore representative government in America and reduce the role of special interest money in politics. The film records her travels and conveys the infectious enthusiasm Granny D. inspired in the people she met.",
    "genres" : [ ]
  }, {
    "id" : 169565,
    "title" : "Das Morphus-Geheimnis",
    "overview" : "",
    "genres" : [ {
      "id" : 12,
      "name" : "Adventure"
    } ]
  }, {
    "id" : 169570,
    "title" : "Fia och djuren, Fia och djuren på dagis, Fia och djuren - Alla ska vara med",
    "overview" : "",
    "genres" : [ ]
  }, {
    "id" : 169575,
    "title" : "Little People - New Friends",
    "overview" : "",
    "genres" : [ ]
  }, {
    "id" : 169580,
    "title" : "On holiday",
    "overview" : "A young man named Peyton moves to Los Angeles with his girlfriend. Over the course of three years and six parties, Peyton goes into a world of drugs, sex and electronic blues music to find himself.",
    "genres" : [ ]
  }, {
    "id" : 169585,
    "title" : "Heart of the Rockies",
    "overview" : "Cattle are being routinely stolen from a local ranch, and suspicion centers on a local mountain family.  But the Three Mesquiteers are wise to the criminals' deeds. But when a ranger is shot and Stony is framed for the crime, it's up to Lullaby and Tucson to prove his innocence.",
    "genres" : [ {
      "id" : 37,
      "name" : "Western"
    } ]
  }, {
    "id" : 169590,
    "title" : "Heart of Now",
    "overview" : "\"Heart of Now\" concerns a young woman with a profound longing for a sense of family. Amber is devastated after her boyfriend abandons her because she's pregnant. She is whisked across a contrast of urban, natural and emotional landscapes. She confronts the deeper issues at the very heart of her suffering, and finds transcendence in a brief moment at the very heart of now.",
    "genres" : [ {
      "id" : 18,
      "name" : "Drama"
    } ]
  }, {
    "id" : 169595,
    "title" : "Electric Purgatory: The Fate of the Black Rocker",
    "overview" : "Documentary about the struggle of black rockers musicians and the music industry. Musicians that feature this documentary; Angelo Moore, Questlove, Cody Chestnutt and other discussing why the music industry and black audiences don't care about their brand of opus.",
    "genres" : [ ]
  }, {
    "id" : 169610,
    "title" : "Heartland Reggae",
    "overview" : "Reggae documentary of the One Love Peace Concert held in Kingston, Jamaica in 1978. In addition to the music, this film features the return to Jamaica of Bob Marley after a 16-month hiatus following an attempt on his life.",
    "genres" : [ {
      "id" : 10402,
      "name" : "Music"
    }, {
      "id" : 99,
      "name" : "Documentary"
    } ]
  }, {
    "id" : 169615,
    "title" : "Angel of Death: Fuck or Die",
    "overview" : "Bethmann, who sees himself as a German Joe D'Amato, made with \"Todesengel\" a really entertaining piece of pure Sleaze. The story is about a raped model (played by porn star Manila May), which takes bloody revenge. A mixture of amateur-gore, bad but entertaining acting, some semi-hardcore scenes, much blood and extremely bad taste.",
    "genres" : [ {
      "id" : 27,
      "name" : "Horror"
    } ]
  }, {
    "id" : 169625,
    "title" : "Jane Eyre",
    "overview" : "Jane Eyre is an orphan who was raised by her aunt until she came to Thornfield Hall as governess to the young ward of Edward Rochester. But Jane is attracted by the intelligent and energetic Sir Rochester, a man of almost twice her age. But just when Sir Rochester seems to pay attention to her, he invites the beautiful and wealthy Blanche Ingram to stay at his house.",
    "genres" : [ {
      "id" : 18,
      "name" : "Drama"
    }, {
      "id" : 10749,
      "name" : "Romance"
    } ]
  }, {
    "id" : 169635,
    "title" : "Case No. 666/2013",
    "overview" : "Three buddies Bhaskar, Chaitanya and Durga along with a stranger, venture into a forest and stay in a haunted guest house. They carry two cameras through which they start recording interesting and mysterious happenings. As the mystery unfolds, the friends go missing one after the other. After six months of their disappearance, police investigate the case and recover three memory cards from their cameras which reveal a shocking truth.",
    "genres" : [ ]
  }, {
    "id" : 169640,
    "title" : "Istanbul",
    "overview" : "A New York Times correspondent based in Sweden travels to Istanbul with his daughter on a secret mission.",
    "genres" : [ ]
  }, {
    "id" : 169650,
    "title" : "Ox-Fam",
    "overview" : "“Ox-Fam”, Neddy’s excellent Oxford scene video,  With new footage from the likes of Tom Watts, Jason Cloete, Joe Paget, Phil Sproul, James Needham, Alex Brewster, Kieran Mounsey, Alex Fuller, Jono Wyborn, Luke McInnerney, Olly Maton, Michael Halls, plus many more heads from around the south coast and Sheffield, this is definitely one for the collection!",
    "genres" : [ {
      "id" : 99,
      "name" : "Documentary"
    } ]
  }, {
    "id" : 169655,
    "title" : "Manifesto",
    "overview" : "In a small European country, the king is scheduled to visit a small, quiet and \"safe\" village. It turns out that while the village may indeed be small, it's neither as quiet nor as safe as it's expected to be.",
    "genres" : [ {
      "id" : 35,
      "name" : "Comedy"
    }, {
      "id" : 18,
      "name" : "Drama"
    }, {
      "id" : 10749,
      "name" : "Romance"
    } ]
  }, {
    "id" : 169660,
    "title" : "Pedro",
    "overview" : "Pedro, a small airplane from Chile, engaging in his very first flight to pick up air mail from Mendoza, with near disastrous results.",
    "genres" : [ ]
  }, {
    "id" : 169685,
    "title" : "Contact",
    "overview" : "Drama about a platoon of British paratroopers on patrol in Northern Ireland.",
    "genres" : [ {
      "id" : 18,
      "name" : "Drama"
    }, {
      "id" : 10770,
      "name" : "TV Movie"
    } ]
  }, {
    "id" : 169715,
    "title" : "Jon Larsen: Jon & Jimmy, Dreams, Drugs & Django",
    "overview" : "",
    "genres" : [ ]
  }, {
    "id" : 169720,
    "title" : "Rice Girl",
    "overview" : "Pietro, the owner of a large paddy, recognizes among his young workers Elena, his natural daughter. He then begins to follow her and to protect her, causing misunderstandings in his family.",
    "genres" : [ ]
  }, {
    "id" : 169730,
    "title" : "Amber Lake",
    "overview" : "A bizarre family reunion turns deadly when three estranged half-sisters are invited to visit the father who abandoned them as children.",
    "genres" : [ ]
  }, {
    "id" : 169755,
    "title" : "White Moor or Intimate Stories about my Neighbors",
    "overview" : "Comedy about a daily life of Russian middle class.",
    "genres" : [ {
      "id" : 35,
      "name" : "Comedy"
    }, {
      "id" : 10749,
      "name" : "Romance"
    } ]
  }, {
    "id" : 169760,
    "title" : "Maidentrip",
    "overview" : "14-year-old Laura Dekker sets out on a two-year voyage in pursuit of her dream to become the youngest person ever to sail around the world alone.",
    "genres" : [ {
      "id" : 12,
      "name" : "Adventure"
    }, {
      "id" : 99,
      "name" : "Documentary"
    } ]
  }, {
    "id" : 169770,
    "title" : "…Y después del cuplé",
    "overview" : "Garcia, a shy young musician who can not release any of his works, is in love with Lupe, a singer who makes a living working in a modest amusement park.",
    "genres" : [ ]
  }, {
    "id" : 169780,
    "title" : "End of Desire",
    "overview" : "Normandy, second half of the nineteenth century. Jeanne Dandieu lives in a manor house with her parents and their servant Rosalie. She gets to know Julien, a handsome man, whom she soon marries. Her happiness is short-lived as she finds out that not only has Julien married her for her money but he cheats on her as well, with Rosalie to crown it all.",
    "genres" : [ {
      "id" : 18,
      "name" : "Drama"
    } ]
  }, {
    "id" : 169790,
    "title" : "Awful Nice",
    "overview" : "Estranged brothers Jim and Dave must travel to Branson together when their father dies and leaves them the lake home. A series of hilarious mishaps and costly misadventures follow as they attempt to restore the house and rebuild their relationship.",
    "genres" : [ {
      "id" : 35,
      "name" : "Comedy"
    } ]
  }, {
    "id" : 169795,
    "title" : "Improvement Club",
    "overview" : "A hybrid narrative film with doses of mockumentary, musical comedy and dance film, \"Improvement Club\" traces a rag-tag Seattle performance group’s attempt to expose the American Revolution’s fatal flaws. When the ensemble loses their shot at a New York premiere, their desperate wish for an audience takes them into the backwoods of the Pacific Northwest on what becomes a surreal pursuit of trust, togetherness and the true motivation behind their work. Loosely based on the making of director Dayna Hanson’s real-life performance, \"Gloria’s Cause\".",
    "genres" : [ ]
  }, {
    "id" : 169800,
    "title" : "The Retrieval",
    "overview" : "On the outskirts of the Civil War, a boy is sent north by a bounty hunter gang to retrieve a wanted man.",
    "genres" : [ {
      "id" : 37,
      "name" : "Western"
    }, {
      "id" : 18,
      "name" : "Drama"
    }, {
      "id" : 36,
      "name" : "History"
    } ]
  }, {
    "id" : 169810,
    "title" : "Those Were The Days!",
    "overview" : "At a family gathering, an elderly man reflects on the follies of his youth during his freshman year at college.",
    "genres" : [ {
      "id" : 35,
      "name" : "Comedy"
    }, {
      "id" : 10749,
      "name" : "Romance"
    } ]
  }, {
    "id" : 169830,
    "title" : "Store Wars: When Wal-Mart Comes to Town",
    "overview" : "Documentary account of how a small community in Ashland, Virginia, try to resist plans to open up a Wal-Mart in their town.",
    "genres" : [ ]
  }, {
    "id" : 169840,
    "title" : "Good Fortune",
    "overview" : "Filmmaker Landon Van Soest's thought documentary explores how massive international efforts to alleviate poverty in Africa may be undermining the very communities they aim to benefit. Intimate portraits of three individuals living in the poorest areas of Kenya, Good Fortune explores how massive, international efforts to alleviate poverty in Africa may be undermining the very communities they aim to benefit.",
    "genres" : [ {
      "id" : 99,
      "name" : "Documentary"
    } ]
  }, {
    "id" : 169845,
    "title" : "Recycled Parts",
    "overview" : "On friday night five young friends turning into a nightmare when the driver of their vehicle plows into a pregnant woman and a mysterious \"doctor\" appears out of the blue to help. Once in the doctor's \"office,\" however, the friends realize they've stumbled into the darkest business imaginable a market in recycled body parts, some of which could turn out to be theirs.",
    "genres" : [ {
      "id" : 27,
      "name" : "Horror"
    } ]
  }, {
    "id" : 169850,
    "title" : "Asteroids: Deadly Impact",
    "overview" : "Every year, millions of asteroids and comets or \"stray bullets\" streak through the skies, and tons of small meteorites strike our planet! Some 65 million years ago, dinosaurs were wiped off the face of the earth, in what many believe was the aftermath of a massive cosmic collision. Could something like this happen again? Scientists believe that the impact of an asteroid only a mile wide would be globally catastrophic. Join extraordinary geologist Eugene Shoemaker and his wife Carolyn who have remapped the heavens with their discoveries of more than 30 comets and hundreds of asteroids. Now that we know what's out there, how can we defend ourselves?  Not available for shipment outside of the U.S. and Canada.",
    "genres" : [ ]
  }, {
    "id" : 169855,
    "title" : "Big Joy: The Adventures of James Broughton",
    "overview" : "A chronicle of the iconoclastic life of gay poet, filmmaker, and spiritual visionary James Broughton, one of the defining voices of the sexual revolution, whose groundbreaking artistic celebrations of sexuality and the body influenced generations of the 1960’s and 70’s to profoundly embrace life and ‘follow your own weird’.",
    "genres" : [ ]
  }, {
    "id" : 169860,
    "title" : "Hey Bartender",
    "overview" : "Two bartenders try to achieve their dreams through bartending. An injured Marine turns his goals to becoming a principal bartender at the best cocktail bar in the world. A young man leaves his white collar job to buy the corner bar in his hometown, and years later he struggles to keep it afloat. Featuring the world's most renowned bartenders and access to the most exclusive bars in New York, this is the story of the comeback of the cocktail and the rebirth of the bartender.",
    "genres" : [ {
      "id" : 99,
      "name" : "Documentary"
    } ]
  }, {
    "id" : 169865,
    "title" : "The Frankenstein Theory",
    "overview" : "From the makers of The Last Exorcism comes a boldly original vision of horror. What if the most chilling novel of all time was actually based on a true account of a horrific experiment gone awry? When he is suspended from his university job for his outlandish ideas, Professor John Venkenheim leads a documentary film crew to the rim of the Arctic Circle in a desperate effort to vindicate his academic reputation. His theory: Mary Shelley's ghastly story, \"Frankenstein,\" is, in fact, a work of non-fiction disguised as fantasy. In the vast, frozen wilderness, Venkenheim and his team search for the legendary monster, a creature mired in mystery and drenched in blood. What they find is an unspeakable truth more terrifying than any fiction...a nightmare from which there is no waking.",
    "genres" : [ {
      "id" : 27,
      "name" : "Horror"
    }, {
      "id" : 878,
      "name" : "Science Fiction"
    } ]
  }, {
    "id" : 169870,
    "title" : "The Cure - Curiosa Festival",
    "overview" : "The Cure headline their self curated Curiosa Festival, live in Toronto 9th of August 2004",
    "genres" : [ {
      "id" : 99,
      "name" : "Documentary"
    }, {
      "id" : 10402,
      "name" : "Music"
    } ]
  }, {
    "id" : 169885,
    "title" : "Flight of the Butterflies",
    "overview" : "It takes two or three generations for the monarch butterfly to reach the Canadian breeding grounds, but it is one \"supergeneration\" that makes the 2,000 mile return trip back south into central Mexico. The documentary film covers Dr Fred Urquhart's interest in monarch butterflies, with perspectives of Urquhart as a child wondering where the butterflies went, his years of research and study into their life and migration, to his time decades-later as a senior scientist looking back at his investigations and discoveries about the insect's life pattern.",
    "genres" : [ {
      "id" : 99,
      "name" : "Documentary"
    } ]
  }, {
    "id" : 169905,
    "title" : "Confessions Among Actresses",
    "overview" : "In this intricately layered Japanese film, the nature of actresses and what they gain from acting is explored. The lives of three actresses are laid bare, and scenes from their lives are woven in and out of interviews with each of them. Each of them has experienced a traumatic event which contributes to their particular enjoyment of becoming someone else in dramatic roles.",
    "genres" : [ ]
  }, {
    "id" : 169920,
    "title" : "Song of the Devil",
    "overview" : "Bakyo is a talented but unsuccessful rakugo artist. The very successful Rokyu wants to take Bakyo under his wings, but Bakyo refuses, claiming that Rokyu's rakugo is compromised by the elements of kabuki. But Bakyo changes his mind and determines to learn (or steal) Rokyu's craft and makes it his own.",
    "genres" : [ {
      "id" : 18,
      "name" : "Drama"
    } ]
  }, {
    "id" : 169925,
    "title" : "The Charge at Feather River",
    "overview" : "A frontier scout (Guy Madison) leads prisoners on a death mission to save a railroad and rescue two women.",
    "genres" : [ {
      "id" : 37,
      "name" : "Western"
    } ]
  }, {
    "id" : 169930,
    "title" : "Eros Eterna",
    "overview" : "Eros Eterna tells the story of a legendary immortal nun who wanders around encountering several people of various conditions.",
    "genres" : [ {
      "id" : 18,
      "name" : "Drama"
    } ]
  }, {
    "id" : 169935,
    "title" : "Living in Seville",
    "overview" : "Miguel is in love with Rosa, a special woman. The relationship did not work at all and they break up. Rosa falls for a Sevillian painter who has returned after forty years of exile but can not forget Miguel. Miguel starts a passionate relationship with Teresa.  Love story between four people set in Seville, which will have a great importance in the story, in the spring of 1978. Mixing documentary film plot of the capital of Andalusia, with interviews with people as El niño del Taller, Silvio or Lola la del Agua.",
    "genres" : [ {
      "id" : 35,
      "name" : "Comedy"
    }, {
      "id" : 18,
      "name" : "Drama"
    } ]
  }, {
    "id" : 169945,
    "title" : "At Noon",
    "overview" : "Tadao decides to comes back from Tokyo to live in his home town, in the countryside. He stays at his parents place and finds a job, repairing transistor and television. He catches up with his friend Tetsuji, the only that haven’t left yet. But one night, Tetsuji decides to leave for Tokyo with a bar hostess.",
    "genres" : [ {
      "id" : 18,
      "name" : "Drama"
    } ]
  }, {
    "id" : 169950,
    "title" : "Lost Love",
    "overview" : "At a seaside city somewhere in the Tohoku area, the corpses of Nozomi, daughter of an affluent family, and Yamazaki, son of an engineer at the local nuclear power-plant, are found tied-to on a beach, as if they intended to commit double suicide. Nogami, a reporter, begins to investigate.",
    "genres" : [ {
      "id" : 18,
      "name" : "Drama"
    } ]
  }, {
    "id" : 169965,
    "title" : "The Strangling",
    "overview" : "The men who surround and torment the young protagonist (demanding teacher, owner of the company that rapes his own daughter, despotic and uncompromising father) are opposed to women (victims of men) as embodiment of salvation.",
    "genres" : [ ]
  }, {
    "id" : 169975,
    "title" : "On the Pipe 4",
    "overview" : "Powerband Films travels the world in search of the best riders and terrain. Take a trip to the Bull Xray event in Australia with Robbie Madison. Travel to Sweden and Spain with Andre Villa. Join Ryan Capes as he breaks the world distance trick record and check out Ricky Carmichael s last race at the MX Des Nations at Budds Creek. OTP4 is the most well rounded international motocross film.",
    "genres" : [ ]
  }, {
    "id" : 169980,
    "title" : "Hear the Wind Sing",
    "overview" : "A student travels back to Kobe for the summer. Once there, he meets his friend Rat, hangs on the usual place, listening to the Beach Boys and meets a mysterious twin girl.",
    "genres" : [ ]
  }, {
    "id" : 169985,
    "title" : "On the Pipe 2 - Still smokin",
    "overview" : "n the ever evolving sport of motocross there is only one company which not only strives to bring you the best cinematic film but also helps to push the sport to the next level. Powerband Films brings you On the Pipe 2: Still Smokin. This year Powerband has built over 18 new huge freeride jumps for this video specifically. Travel to 4 different outdoor nationals. Watch the best helicopter footage ever seen in any moto film from Jackpot Ranch, Danimals Domain and Sand Hollow Dunes as riders connect multiple 150ft jumps in a row. Visit the 2 time 125 supercross and outdoor champion Ivan Tedesco's in his outdoor training grounds.",
    "genres" : [ ]
  }, {
    "id" : 169990,
    "title" : "Village at the End of the World",
    "overview" : "Village At The End Of The World is a witty, surprising and ultimately feel good portrait of an isolated village of 59 people and 100 sledge dogs, surviving against the odds.",
    "genres" : [ ]
  }, {
    "id" : 170015,
    "title" : "Remembrances",
    "overview" : "The Yamaoki family moved from Kyoto to Tosa around the turn of the '50s;  local school teacher Hirao becomes involved with Yasuko, sister to Sumio.",
    "genres" : [ {
      "id" : 18,
      "name" : "Drama"
    } ]
  }, {
    "id" : 170020,
    "title" : "A Sandcastle Model Family Home",
    "overview" : "An opportune salaryman moves his family into a model mansion for 12 months; unfortunately, they must allow prospective buyers to trek through their home during business hours.",
    "genres" : [ {
      "id" : 18,
      "name" : "Drama"
    } ]
  }, {
    "id" : 170025,
    "title" : "Mabuse et le rayon de la mort",
    "overview" : "",
    "genres" : [ ]
  }, {
    "id" : 170035,
    "title" : "What's On",
    "overview" : "\"This film is set to the chaos-poetry of New York poet “99 Hooker”. It is a hyper-speed rant on the evils and absurdities of American television. An over-the-top tumble in a TV mindscape in which there are attacking baboons, a mutating Michael Jackson, gameshows based on body parts and more. “What’s On?” is a flat puppet-collage-paint and hand colored-animated film.\" - Martha Colburn",
    "genres" : [ ]
  }, {
    "id" : 170055,
    "title" : "Big Business",
    "overview" : "A small town drugstore owner (Jed Prouty) hopes to strike it rich by investing his savings in an oil well. Comedy.",
    "genres" : [ {
      "id" : 35,
      "name" : "Comedy"
    } ]
  } ]
}