{
  "movies" : [ {
    "id" : 72105,
    "title" : "Ted",
    "overview" : "John Bennett, a man whose childhood wish of bringing his teddy bear to life came true, now must decide between keeping the relationship with the bear or his girlfriend, Lori.",
    "genres" : [ {
      "id" : 35,
      "name" : "Comedy"
    }, {
      "id" : 14,
      "name" : "Fantasy"
    } ]
  }, {
    "id" : 72110,
    "title" : "Unheilig: Puppelspiel Live - Vorhang auf!",
    "overview" : "Puppenspiel ist das sechste Album der Band Unheilig, das 2008 erschien.",
    "genres" : [ ]
  }, {
    "id" : 72115,
    "title" : "Jay and Silent Bob Do Degrassi",
    "overview" : "Snoogans! What are Jay and Silent Bob doing in Canada? Rewind….what are they doing at DEGRASSI! One major perk to being a director is that you can live out your fantasies. Kevin Smith's fantasy? To be featured in a three episode arc of Degrassi: The Next Generation! Kevin Smith and Jason Mewes head north to film their next movie in which their alter egos are forced to go back to high school, called \"Jay and Silent Bob Go Canadian, Eh?\" And what better high school to shoot at that Degrassi Community School? But drama ensues even before the cameras begin to roll!",
    "genres" : [ {
      "id" : 35,
      "name" : "Comedy"
    }, {
      "id" : 18,
      "name" : "Drama"
    }, {
      "id" : 10751,
      "name" : "Family"
    }, {
      "id" : 10749,
      "name" : "Romance"
    }, {
      "id" : 10770,
      "name" : "TV Movie"
    } ]
  }, {
    "id" : 72120,
    "title" : "A Carne é Fraca",
    "overview" : "Alguma vez você já pensou na trajetória de um bife antes de chegar ao seu prato? Nós pesquisamos isso para você e contamos neste documentário aquilo que não é divulgado. Saiba os impactos que esse ato - de comer carne representa para a sua saúde, para os animais e para o planeta. Com depoimentos dos jornalistas Washington Novaes e Dagomir Marquezi, entre outros.",
    "genres" : [ {
      "id" : 99,
      "name" : "Documentary"
    } ]
  }, {
    "id" : 72135,
    "title" : "Ice",
    "overview" : "By A.D. 2010, all men have died off quickly due to a dramatic change in the environment and an unknown contaminant. The population decreased to the lowest number ever seen...until only the women were left alive.  They live huddled in small corners of a world mostly reclaimed by nature. There are those who accept their inevitable extinction and live a carefree life... There are those who try to continue on the race with the help of science... It is a society of constant conflict over their differences of principles and policies.  The story takes place in the center of Tokyo. It is one of the places left for them. The conflict over the specimen of ICE and the chance it may provide to save humanity begins",
    "genres" : [ {
      "id" : 878,
      "name" : "Science Fiction"
    }, {
      "id" : 16,
      "name" : "Animation"
    }, {
      "id" : 14,
      "name" : "Fantasy"
    } ]
  }, {
    "id" : 72140,
    "title" : "A Grandpa for Christmas",
    "overview" : "An old-time movie-star singer/ hoofer rebonds with his estranged daughter and 9-year-old granddaughter.",
    "genres" : [ {
      "id" : 18,
      "name" : "Drama"
    }, {
      "id" : 10770,
      "name" : "TV Movie"
    }, {
      "id" : 35,
      "name" : "Comedy"
    } ]
  }, {
    "id" : 72145,
    "title" : "Mor skal giftes",
    "overview" : "",
    "genres" : [ {
      "id" : 10751,
      "name" : "Family"
    }, {
      "id" : 35,
      "name" : "Comedy"
    } ]
  }, {
    "id" : 72150,
    "title" : "Family Rescue",
    "overview" : "The court has given custody of Emma Hayes' child to the baby's father, a man who raped Emma when she was only fifteen years old. It's up to the baby's grandfather, Clayton Hayes to prevent the child from being handed over until Emma can convince the court to reverse the order.",
    "genres" : [ {
      "id" : 18,
      "name" : "Drama"
    } ]
  }, {
    "id" : 72155,
    "title" : "Phone Police 2: Connection Lost",
    "overview" : "Follows the second adventure of the Phone Police department as they take on the scum of the earth. i.e. those notorious car phone crime offenders. The action-packed, explosion filled sequel to \"The Phone Police\" http://www.themoviedb.org/movie/46131",
    "genres" : [ {
      "id" : 28,
      "name" : "Action"
    }, {
      "id" : 35,
      "name" : "Comedy"
    }, {
      "id" : 80,
      "name" : "Crime"
    }, {
      "id" : 18,
      "name" : "Drama"
    } ]
  }, {
    "id" : 72160,
    "title" : "Yellowstone Kelly",
    "overview" : "A fur-trapper named Kelly, who once saved the life of a Sioux chief, is allowed to set his traps in Sioux territory during the late 1870s. Reluctantly he takes on a tenderfoot assistant named Anse and together they give shelter to a runaway Arapaho woman. Tensions develop when Anse falls in love with this woman and when the Sioux chief arrives with his warriors to re-claim her.",
    "genres" : [ {
      "id" : 12,
      "name" : "Adventure"
    }, {
      "id" : 37,
      "name" : "Western"
    } ]
  }, {
    "id" : 72165,
    "title" : "Above & Beyond",
    "overview" : "Cop drama meets romance: This intense thriller is about a police officer who shoots his best friend (who also wears a badge) while on the job. His buddy is permanently paralyzed, and the incident raises eyebrows around the precinct. Was it an accident, or did this detective's feelings for his pal's wife cause him to cross the line? Only true super sleuths will figure it out before the end!",
    "genres" : [ {
      "id" : 18,
      "name" : "Drama"
    }, {
      "id" : 10749,
      "name" : "Romance"
    } ]
  }, {
    "id" : 72175,
    "title" : "Portrait of a Hitman",
    "overview" : "A professional hitman is hired to kill a brain surgeon. However, it turns out that not only are he and the surgeon old friends, but they are both in love with the same woman.",
    "genres" : [ {
      "id" : 18,
      "name" : "Drama"
    }, {
      "id" : 28,
      "name" : "Action"
    } ]
  }, {
    "id" : 72180,
    "title" : "Forever and a Day",
    "overview" : "Eugene arrives in Bukidnon with only one intention: to forget his problems at work. But when he meets Raffy and as they travel and go on ridiculous and death-defying activities together, they start to form a friendship that goes beyond Euge’s original plan. Raffy helps Euge appreciate himself more and to look at things in a positive way. With Raffy, Euge begins to believe in himself again. Soon, against his own expectations, he admits to himself that has fallen in love with this girl. But life is truly ironic. The moment Euge expresses his feelings for her, Raffy suddenly starts to push him away. She admits that he can never have her, and she doesn’t want Eugene to hope for a happy ending with her, because she cannot be loved.",
    "genres" : [ {
      "id" : 18,
      "name" : "Drama"
    }, {
      "id" : 28,
      "name" : "Action"
    }, {
      "id" : 35,
      "name" : "Comedy"
    }, {
      "id" : 10749,
      "name" : "Romance"
    } ]
  }, {
    "id" : 72185,
    "title" : "Winnie the Pooh and Tigger Too",
    "overview" : "Rabbit is tired of Tigger always bouncing him, so he get's Pooh and Piglet together to come up with an idea to get the bounce out of Tigger. Rabbit suggests they take him into the middle of nowhere and leave him overnight. The idea backfires and Rabbit, Piglet and Pooh find themselves lost, but Pooh's tummy guides them home. Then, Tigger and Roo go out for a bounce and get caught in a tree, which Tigger is too afraid to get out of, and Rabbit makes Tigger promise that if they help get Tigger down, that Tigger can never bounce again. So Tigger is rescued and feels sad that he can no longer bounce, but everyone, including Rabbit, agrees they liked the old bouncy Tigger better.",
    "genres" : [ {
      "id" : 16,
      "name" : "Animation"
    }, {
      "id" : 10751,
      "name" : "Family"
    } ]
  }, {
    "id" : 72190,
    "title" : "World War Z",
    "overview" : "Life for former United Nations investigator Gerry Lane and his family seems content. Suddenly, the world is plagued by a mysterious infection turning whole human populations into rampaging mindless zombies. After barely escaping the chaos, Lane is persuaded to go on a mission to investigate this disease. What follows is a perilous trek around the world where Lane must brave horrific dangers and long odds to find answers before human civilization falls.",
    "genres" : [ {
      "id" : 28,
      "name" : "Action"
    }, {
      "id" : 18,
      "name" : "Drama"
    }, {
      "id" : 27,
      "name" : "Horror"
    }, {
      "id" : 878,
      "name" : "Science Fiction"
    }, {
      "id" : 53,
      "name" : "Thriller"
    } ]
  }, {
    "id" : 72200,
    "title" : "Cipollino",
    "overview" : "In a world inhabited by anthropomorphic produce, Cipollino fights the unjust treatment of his fellow vegetable townsfolk by the fruit royalty (Prince Lemon and the overly proud Lord Tomato) in the garden kingdom.",
    "genres" : [ {
      "id" : 10751,
      "name" : "Family"
    }, {
      "id" : 14,
      "name" : "Fantasy"
    } ]
  }, {
    "id" : 72205,
    "title" : "The Fox and the Hare",
    "overview" : "As winter gives way to spring in the Russian wilderness, a crafty fox promptly expels a defenceless hare from his warm, comfortable residence, claiming the house for himself and leaving the poor owner to sleep outside under the stars. An assortment of compassionate animals – a wolf, a bear, a bull – take pity on the disheartened hare, and attempt to evict the cunning fox, but to no avail. Along comes a hilariously militant rooster, proud and tenacious, who marches into the hare's house and doesn't give up until the fox has been hounded back into the wilderness. (IMDb)",
    "genres" : [ {
      "id" : 16,
      "name" : "Animation"
    }, {
      "id" : 10751,
      "name" : "Family"
    } ]
  }, {
    "id" : 72210,
    "title" : "The Night Before Christmas",
    "overview" : "A cartoon based on the works of Nikolay Gogol. Handsome blacksmith Vakula who fell in love with village beauty, Oksana, is ready to do anything for her liking. Even to fly on the devil's back to Saint-Petersburg and ask the Empress for the slippers that he can present his sweetheart.",
    "genres" : [ {
      "id" : 16,
      "name" : "Animation"
    }, {
      "id" : 14,
      "name" : "Fantasy"
    } ]
  }, {
    "id" : 72215,
    "title" : "There Once Was a Dog",
    "overview" : "The day comes when an old watchdog becomes useless but the masters being kind don't decide to drive him away. However they turn exasperated when the Dog stays indifferent during a home theft. The Dog leaves for the forest, where he meets the Wolf, his old enemy.",
    "genres" : [ {
      "id" : 16,
      "name" : "Animation"
    }, {
      "id" : 35,
      "name" : "Comedy"
    }, {
      "id" : 10751,
      "name" : "Family"
    } ]
  }, {
    "id" : 72220,
    "title" : "The First Time",
    "overview" : "An older virgin hires a young man to be her first.",
    "genres" : [ {
      "id" : 35,
      "name" : "Comedy"
    } ]
  }, {
    "id" : 72225,
    "title" : "Genesis Antipode",
    "overview" : "The fallout from a disastrous blind date forces two polar opposites to find common ground as the rest of the world falls apart around them.",
    "genres" : [ {
      "id" : 878,
      "name" : "Science Fiction"
    } ]
  }, {
    "id" : 72230,
    "title" : "Zinédine Zidane - Comme dans un rêve",
    "overview" : "",
    "genres" : [ {
      "id" : 99,
      "name" : "Documentary"
    } ]
  }, {
    "id" : 72240,
    "title" : "Odd Girl Out",
    "overview" : "A mother and her daughter confront the intimidation of teen peer pressure and the emotionally brutalizing social rituals of high school.",
    "genres" : [ {
      "id" : 18,
      "name" : "Drama"
    }, {
      "id" : 10751,
      "name" : "Family"
    } ]
  }, {
    "id" : 72245,
    "title" : "The Piano in a Factory",
    "overview" : "Steelworker Chen has a passion for music and plays the accordion in a local band with a close group of friends. When his estranged wife returns one day after years of absence, she demands a divorce and sole custody of their daughter. Chen is at a loss. He doesn't mind divorcing a woman who has become a stranger, but he can't bear to part with his daughter. Chen has worked hard to give her a respectable life and has taught her his love of music. When asked if she'd rather stay with her father or go with her mother, the girl gives a practical, devastating answer: she'll go with whomever can provide her with a piano. Chen cannot afford such a luxury item, but the piano becomes his last hope to save what little is left of his family. With the help of his loyal friends and the support of his lover - the singer in his band - Chen concocts several plans to fulfill his daughter's wish...",
    "genres" : [ {
      "id" : 18,
      "name" : "Drama"
    }, {
      "id" : 10769,
      "name" : "Foreign"
    } ]
  }, {
    "id" : 72250,
    "title" : "Geochilmaru",
    "overview" : "Eight martial arts masters trained in a variety of different fighting styles are summoned to the mountains for a fierce competition.",
    "genres" : [ {
      "id" : 28,
      "name" : "Action"
    }, {
      "id" : 18,
      "name" : "Drama"
    } ]
  }, {
    "id" : 72255,
    "title" : "When I Met U",
    "overview" : "A young woman and her pilot are stranded on a remote island after they crash land their plane. The two are contentious at first, but grow affectionate as they work together to survive. But when their rescue arrives, they are instantly brought back to the real world, where they're both in committed relationships.",
    "genres" : [ {
      "id" : 18,
      "name" : "Drama"
    }, {
      "id" : 35,
      "name" : "Comedy"
    }, {
      "id" : 10749,
      "name" : "Romance"
    } ]
  }, {
    "id" : 72260,
    "title" : "It Should Be Four",
    "overview" : "Four women named Res (Candy), Gay (Pokwang), Dolly (Eugene) and Brite (Ruffa Mae) who swore to be friends forever, become domestic helpers when they go over to another country. However, Res is beaten to death by her employers (Vice Ganda and Rychard Everly), making the other three worry because her husband gave her one condition if she comes with her friends: that she comes home safe, sound and alive. Brite, Gay and Dolly decide to bring their dead friend Res home.",
    "genres" : [ {
      "id" : 35,
      "name" : "Comedy"
    }, {
      "id" : 10769,
      "name" : "Foreign"
    } ]
  }, {
    "id" : 72265,
    "title" : "Your Mother is Cute!",
    "overview" : "Christine frantically flies back in the Philippines to gather evidences that will convince his Australian father not to marry Georgia her estranged mother, who she thinks has abandoned them. She takes with her Ninonu, her nanny for 20 years. Georgia, clueless of her daughter’s dark plans prepares the whole town with all excitement. Meanwhile, Christine cannot believe that Georgia is a successful Patis manufacturer in her town and is well-loved by her neighbors",
    "genres" : [ {
      "id" : 18,
      "name" : "Drama"
    }, {
      "id" : 35,
      "name" : "Comedy"
    }, {
      "id" : 10749,
      "name" : "Romance"
    } ]
  }, {
    "id" : 72270,
    "title" : "Cry Baby Lane",
    "overview" : "Andrew (Jase Blankfort) and his older brother Carl (Trey Rogers) enjoy listening to ghost stories that the local undertaker (Frank Langella) tells them. One night he tells the tale of a local farmer whose wife gave birth to Siamese twins, one being good natured while the other was clearly evil. The farmer, ashamed of them, kept the twins locked in their room. Eventually the twins got sick and died together, so the farmer sawed them in half and buried the good twin in a cemetery and the bad twin in a shallow grave near the house. Later, Carl and his friends decide to hold a séance in the cemetery where the good twin is buried, but they unintentionally awaken the bad twin instead. Gradually, he possesses nearly everyone in town and it is up to young Andrew to stop him.",
    "genres" : [ {
      "id" : 10770,
      "name" : "TV Movie"
    }, {
      "id" : 18,
      "name" : "Drama"
    }, {
      "id" : 27,
      "name" : "Horror"
    } ]
  }, {
    "id" : 72280,
    "title" : "The Great Java",
    "overview" : "Five friends come to the city Brizul. Here they want to find Mr Auguste Kougloff who owns them money, namely 20 million.",
    "genres" : [ {
      "id" : 35,
      "name" : "Comedy"
    } ]
  }, {
    "id" : 72300,
    "title" : "Bruce Springsteen - Rockin' Live From Italy",
    "overview" : "",
    "genres" : [ ]
  }, {
    "id" : 72305,
    "title" : "Snapped",
    "overview" : "Amy Mechanic, an ambitious young photographer, lands the opportunity she has been waiting for. The assignment: to create a dark collection of works based around the theme of death...",
    "genres" : [ {
      "id" : 27,
      "name" : "Horror"
    }, {
      "id" : 53,
      "name" : "Thriller"
    } ]
  }, {
    "id" : 72310,
    "title" : "Omar & Pete",
    "overview" : "Omar and Pete are determined to change their lives. Both have been in and out of prison for more than 30 years — never out longer than six months. This intimate and penetrating film follows these two longtime African-American friends after what they hope will be their final release. Their lives take divergent paths in their native Baltimore as one wrestles with addiction and fear while the other finds success and freedom through helping others. With extraordinary cooperation from Maryland's innovative reentry programs — many run by former drug addicts and convicts themselves — Omar &amp; Pete also provides a rare glimpse into an intense and very personal web of support.",
    "genres" : [ {
      "id" : 99,
      "name" : "Documentary"
    } ]
  }, {
    "id" : 72315,
    "title" : "Guns N' Roses: The Story",
    "overview" : "A look at the history of Guns N' Roses.",
    "genres" : [ {
      "id" : 99,
      "name" : "Documentary"
    }, {
      "id" : 10402,
      "name" : "Music"
    } ]
  }, {
    "id" : 72320,
    "title" : "The Bicycle Race",
    "overview" : "No movie overview available.",
    "genres" : [ {
      "id" : 16,
      "name" : "Animation"
    }, {
      "id" : 35,
      "name" : "Comedy"
    } ]
  }, {
    "id" : 72325,
    "title" : "Above the Clouds",
    "overview" : "No movie overview available",
    "genres" : [ {
      "id" : 53,
      "name" : "Thriller"
    } ]
  }, {
    "id" : 72330,
    "title" : "Oh, Yeah!",
    "overview" : "A couple of roving vagabonds hitch a freight to the railroad town of Linda, and between bouts with the fright-yard bulls and other drifters, find romance in the persons of two waitresses at the camp restaurant. American-slang rules the dialogue to the point non-USA viewers need a slang-glossary to follow the dialogue.",
    "genres" : [ {
      "id" : 35,
      "name" : "Comedy"
    }, {
      "id" : 18,
      "name" : "Drama"
    } ]
  }, {
    "id" : 72335,
    "title" : "Penitentiary III",
    "overview" : "A man is framed for murder and sent to prison. He is beaten and tortured, then forced to fight the prison's worst killer, a martial-arts fighting midget called Thud.",
    "genres" : [ {
      "id" : 28,
      "name" : "Action"
    }, {
      "id" : 80,
      "name" : "Crime"
    } ]
  }, {
    "id" : 72340,
    "title" : "Partners",
    "overview" : "Benson is a police detective. After a series of murders in the Gay community he is ordered to go undercover with a gay police clerk named Kerwin as his partner. In order to be noticed they have to be flamboyant enough to attract attention which Benson finds rather disturbing. Can an uptight heterosexual and a mousey homosexual form a meaningful relationship?",
    "genres" : [ {
      "id" : 35,
      "name" : "Comedy"
    }, {
      "id" : 80,
      "name" : "Crime"
    } ]
  }, {
    "id" : 72345,
    "title" : "The Very Merry Widows",
    "overview" : "Renée is Laurence's grandmother and she intends to show her how to make rich men fall in love with her, in order to get their life insurance's money. Both women will meet several men in the course of the movie. Even the cynical Renée will fall deeply in love again. But even after getting married, Laurence and Renée don't seem to be able to love their husband for a long time. Will they manage to get rid of their rich, loving but irritating husbands? Will their husbands survive the experience? Or will true love triumph at the end?",
    "genres" : [ {
      "id" : 35,
      "name" : "Comedy"
    } ]
  }, {
    "id" : 72350,
    "title" : "Beyond the Frontiers of Hate",
    "overview" : "A family of pioneers is almost completely destroyed by Indians in search of revenge: little George was left fainted on the ground and his small sister adopted by the Indian chief... Fate will bring them together again.",
    "genres" : [ {
      "id" : 37,
      "name" : "Western"
    } ]
  }, {
    "id" : 72355,
    "title" : "Deep in the Woods",
    "overview" : "A wanderer named Timothee (Nahuel Pérez Biscayart) arrives in a French village in 1865 pretending to be deaf and mute. He uses tricks to hypnotize a beautiful young woman named Josephine (Isild Le Besco) and takes advantage of her until he is arrested and tried for his crimes.",
    "genres" : [ {
      "id" : 18,
      "name" : "Drama"
    }, {
      "id" : 10749,
      "name" : "Romance"
    }, {
      "id" : 10769,
      "name" : "Foreign"
    } ]
  }, {
    "id" : 72360,
    "title" : "Wu-Tang Saga",
    "overview" : "Wu-Tang Saga is the story of the music super group the Wu-Tang Clan told by Cappadonna, chronicling over 9 concerts, a trip to Shaolin aka Staten Island, photoshoots, and the 5 percent philosophies. There's also many exclusive hip hop freestyles, as Cappadonna takes you inside the music business first hand. The first Wu-tang documentary to be entirely narrated by a Wu-Tang member, this is truly an epic Wu-Tang experience.",
    "genres" : [ {
      "id" : 99,
      "name" : "Documentary"
    } ]
  }, {
    "id" : 72365,
    "title" : "Les Kidnappeurs",
    "overview" : "Ulysse, a gun-toting hood, gets together a team of four people, including himself, to carry out what he thinks will be a fail-safe heist...",
    "genres" : [ {
      "id" : 18,
      "name" : "Drama"
    }, {
      "id" : 10749,
      "name" : "Romance"
    } ]
  }, {
    "id" : 72370,
    "title" : "The Gang of Oss",
    "overview" : "Johanna wants to change her life and quit the criminal gangs of the town of Oss in the 30ties of the 20th century. The harder she tries, the more she is involved.",
    "genres" : [ {
      "id" : 18,
      "name" : "Drama"
    }, {
      "id" : 80,
      "name" : "Crime"
    } ]
  }, {
    "id" : 72375,
    "title" : "Rien sur Robert",
    "overview" : "",
    "genres" : [ {
      "id" : 18,
      "name" : "Drama"
    } ]
  }, {
    "id" : 72380,
    "title" : "True Enough",
    "overview" : "Anne is an attractive woman on the cusp of middle age trying in vain to divide her time fairly between her demanding job as a television presenter and her family. Her colleagues and friends have similar problems though.",
    "genres" : [ {
      "id" : 18,
      "name" : "Drama"
    } ]
  }, {
    "id" : 72385,
    "title" : "Animal Soup",
    "overview" : "Three groups of hikers embark on a hike across the beautiful countryside, they quickly discover the local inhabitants are anything but friendly.",
    "genres" : [ {
      "id" : 27,
      "name" : "Horror"
    } ]
  }, {
    "id" : 72390,
    "title" : "Resturlaub",
    "overview" : "Der 37-jährige Bamberger Brauerei-Marketingmanager Pitschi Greulich will weder mit seiner Freundin Sabine Kinder kriegen noch das von den Eltern geforderte Eigenheim bauen und schon gar nicht zum elften Mal in Folge mit seinen Kumpels in den Mallorca-Urlaub düsen. Also disponiert Pitschi am Flughafen kurzfristig um und landet mit einem Mal in Argentinien, wo er gedenkt, ein neues Leben zu beginnen. Doch in der Ferne merkt der krisengebeutelte Thirtysomething, dass all das, was er eigentlich sucht, längst zu Hause auf ihn wartet.",
    "genres" : [ {
      "id" : 35,
      "name" : "Comedy"
    }, {
      "id" : 10749,
      "name" : "Romance"
    } ]
  }, {
    "id" : 72395,
    "title" : "Team Umizoomi",
    "overview" : "Calling all UmiFriends! Team Umizoomi is ready for action! Join math heroes Milli, Geo, and Bot as they use their mighty math powers to help their friends in Umi City! Figure out the pattern to a baby hawk's sont to help Mama Hawk return to their nest, weight buckets of coal and water to refuel a train, search for missing shapes to repair a kite, and more! The Rolling Toy Parade Kite Festival The Legend of the Blue Mermaid Wild West Toy Train Show",
    "genres" : [ {
      "id" : 10751,
      "name" : "Family"
    } ]
  }, {
    "id" : 72400,
    "title" : "La Bandera",
    "overview" : "Pierre Gilieth has committed a murder in Paris. He flees to Barcelona, where he runs out of money. So he joins the Spanish Foreign Legion. He meets there two fellow countrymen, Mulot and Lucas. He tries to forget his fault... but Lucas's friendship soon appears to be less unselfish...",
    "genres" : [ ]
  }, {
    "id" : 72410,
    "title" : "El hueso",
    "overview" : "A small Spanish town is shocked because they have found the bone of one of its local heroes: Don Nuño Pérez de Gormaz. The bone is a symbol of the history of the place, and therefore also of the history of Spain, so that all residents take to the streets to try to recover it.",
    "genres" : [ ]
  }, {
    "id" : 72415,
    "title" : "Im Bazar der Geschlechter",
    "overview" : "",
    "genres" : [ ]
  }, {
    "id" : 72420,
    "title" : "Happy as one",
    "overview" : "",
    "genres" : [ {
      "id" : 18,
      "name" : "Drama"
    } ]
  }, {
    "id" : 72430,
    "title" : "Den forsvundne fuldmægtig",
    "overview" : "",
    "genres" : [ {
      "id" : 10751,
      "name" : "Family"
    }, {
      "id" : 18,
      "name" : "Drama"
    }, {
      "id" : 35,
      "name" : "Comedy"
    } ]
  }, {
    "id" : 72435,
    "title" : "Osaka Wrestling Restaurant",
    "overview" : "Ricky aspires to be a famous chef. But rival restauranteur Dragon wants him to fail. So when Ricky's brother suggests that he combine Osaka wrestling with Hong Kong cuisine, his restaurant strikes gold and wins rave reviews, but Dragon swears revenge. Overview: Ricky is a canteen handyman, his goal was to be a famous chef. His boss, One-Eye Dragon, was really mean to him and wanted to kill Ricky. Ricky went to Osaka and looked for his brother Mike. Mike suggested that he wanted to match up Osaka wrestling with the food from Hong Kong. And Mike taught in person the techniques of Osaka wrestling. Famous eating expert Chau visited the restaurant. Mike made the steamed dumpling for Chau to taste and was highly praised. The steamed dumpling attracted all the older customer and the business boomed again. But jeopardy rose! Dragon decided to \"do it all\", and brought a time bomb into the restaurant...",
    "genres" : [ {
      "id" : 28,
      "name" : "Action"
    }, {
      "id" : 35,
      "name" : "Comedy"
    } ]
  }, {
    "id" : 72440,
    "title" : "Once Upon a Warrior",
    "overview" : "In a teardrop-shaped land called Sangarashtra, a 9-year-old girl with special healing powers tries to save her homeland from the tyranny of an evil queen with the help of a blind swordsman.",
    "genres" : [ {
      "id" : 12,
      "name" : "Adventure"
    }, {
      "id" : 14,
      "name" : "Fantasy"
    }, {
      "id" : 28,
      "name" : "Action"
    }, {
      "id" : 878,
      "name" : "Science Fiction"
    }, {
      "id" : 10751,
      "name" : "Family"
    }, {
      "id" : 10769,
      "name" : "Foreign"
    } ]
  }, {
    "id" : 72445,
    "title" : "Boat People",
    "overview" : "A Japanese photojournalist revisits Vietnam after the Liberation and learns harsh truths about its regime and its \"New Economic Zones\".",
    "genres" : [ {
      "id" : 18,
      "name" : "Drama"
    } ]
  }, {
    "id" : 72450,
    "title" : "A Jungle Story",
    "overview" : "Detailing the complex and compromising tale of a couple that moves into a white suburb. A Jungle Story leaves a deep impression in the fabric of your society. Enjoy it. We are.",
    "genres" : [ ]
  }, {
    "id" : 72455,
    "title" : "Walking Tall Part II",
    "overview" : "Sheriff Buford Pusser continues his one-man war against moonshiners and a ruthless crime syndicate after the murder of his wife in late 1960's Tennessee.",
    "genres" : [ {
      "id" : 28,
      "name" : "Action"
    }, {
      "id" : 12,
      "name" : "Adventure"
    }, {
      "id" : 18,
      "name" : "Drama"
    }, {
      "id" : 80,
      "name" : "Crime"
    } ]
  }, {
    "id" : 72460,
    "title" : "Harry in Your Pocket",
    "overview" : "A master thief (James Coburn) and his drug-addicted partner teach two aspiring crooks (Michael Sarrazin, Trish Van Devere) how to steal wallets.",
    "genres" : [ {
      "id" : 35,
      "name" : "Comedy"
    }, {
      "id" : 80,
      "name" : "Crime"
    }, {
      "id" : 18,
      "name" : "Drama"
    } ]
  }, {
    "id" : 72465,
    "title" : "Private Lessons",
    "overview" : "An aspiring tennis player is taken under the wing of an established player as his family life falls apart.",
    "genres" : [ {
      "id" : 18,
      "name" : "Drama"
    } ]
  }, {
    "id" : 72475,
    "title" : "The Story of Molly X",
    "overview" : "Molly's husband Rick was a gang leader somewhere in the middle west. When he's shot, the tough woman moves to S.F. with a couple of the gang to start anew. Disguised as a noble woman, she and her gang rob security transports. But when one day Rob confesses to her that he killed Rick out of jealousy, she shoots him down immediately. In lack of proof she can't be convicted for the murder, but she goes to jail for the robberies. It's a new and very open female prison, where she learns a profession for the first time in her life.",
    "genres" : [ {
      "id" : 80,
      "name" : "Crime"
    }, {
      "id" : 18,
      "name" : "Drama"
    } ]
  }, {
    "id" : 72480,
    "title" : "Poetical Refugee",
    "overview" : "Like a Candide dreaming of Eldorado, Jallel lands in France, hoping to try his luck. From encounter to encounter, hostel to social welfare group, Jallel will make his way through a Paris of outcasts. Although failing to achieve his hopes, he discovers and shares in the solidarity felt by the destitute. –uniFrance",
    "genres" : [ {
      "id" : 18,
      "name" : "Drama"
    } ]
  }, {
    "id" : 72485,
    "title" : "The True Meaning of Pictures: Shelby Lee Adams' Appalachia",
    "overview" : "The meaning of art itself comes into question in this documentary about Shelby Lee Adams' controversial photos of families in Appalachia.",
    "genres" : [ {
      "id" : 99,
      "name" : "Documentary"
    } ]
  }, {
    "id" : 72490,
    "title" : "Charisma",
    "overview" : "A seasoned detective is called in to rescue a politician held hostage by a lunatic. In a brief moment of uncertainty, he misses the chance for action. Leaving his job and family without explanation, he makes his way to a mountain forest, encountering a peculiar tree called Charisma.",
    "genres" : [ {
      "id" : 18,
      "name" : "Drama"
    }, {
      "id" : 53,
      "name" : "Thriller"
    } ]
  }, {
    "id" : 72495,
    "title" : "The Blue Light",
    "overview" : "A young woman, Junta (Riefenstahl), lives apart from her village and, for her solitude and strangeness, is considered to be a witch; when she comes to the village for one reason or another, the townsfolk chase her away. They feel that she may in some way be responsible for the deaths of several young men of the village, who have felt compelled, one by one, to climb the local mountain - and fall to their deaths - on nights when the moon is full.",
    "genres" : [ {
      "id" : 18,
      "name" : "Drama"
    }, {
      "id" : 14,
      "name" : "Fantasy"
    }, {
      "id" : 9648,
      "name" : "Mystery"
    } ]
  }, {
    "id" : 72500,
    "title" : "BlackJack- Sweet Science",
    "overview" : "Jack investigates a gangland execution at a children’s football game twelve years ago.",
    "genres" : [ ]
  }, {
    "id" : 72505,
    "title" : "Tomorrow's Joe",
    "overview" : "Set in the 1960's, Joe Yabuki (Tomohisa Yamashita) lives in a run-down low income ara. There, alcholic ex-boxer Danpei Tange (Teruyuki Kagawa) notices Joe Yabuki's talents as a boxer. But then, Joe gets into trouble and is sentenced into the youth detention center. In the youth detention center, Joe gets into a brawl and then is knocked out by Toru Rikiishi (Yusuke Iseya) who is a champion caliber professional boxer. While incarcerated, Joe gets special training from Danpei Tange through letters. Upon Joe's release, he quickly becomes an elite boxer and famous for a devastating cross counter. Meanwhile, Toru Rikiishi is also released from prison and quickly resumes his boxing career. Toru finally gets his shot at the world championship belt, but before that, Toru wants a match with Joe Yabuki. The two men enter the ring ...",
    "genres" : [ {
      "id" : 28,
      "name" : "Action"
    } ]
  }, {
    "id" : 72515,
    "title" : "Tre små piger",
    "overview" : "Grev Rambow har mistet sin formue og må nu bo til leje sammen med sine tre døtre, Beate, Marie og Annette. Grevens eneste håb er, at døtrene gifter sig tilbage til fordums rigdom. Så da tre bejlere melder sig, bliver de nøje målt og vejet. Alt går som planlagt, indtil den rige Hertuginde de Groos vil have sit skvat af en søn gift med Beate. Den desperate greve slår straks til. Men Beate er forelsket i en anden, og nu må pigerne stå sammen, så de alle kan få den, de elsker. Det er en sand stjernebesætning, der stiller op til den sang-, sjov- solfyldte ”Tre Små Piger” - baseret på Walter Kollos operette fra 1927. Instruktør Ebbe Langberg har æren af at instruere Poul Bundgaard, Susse Wold, Malene Schwartz, Daimi, Ove Sprogøe, Bodil Udsen, Karl Stegger og ikke mindst sin 26-årige lillebror, Jesper Langberg i en film, der er lige dele underholdende lystspil og imponerende flot udstyrsstykke. Stærke kræfter bag en musikalsk storfilm - på DVD i Nordisk Films 100-års jubilæumsår.",
    "genres" : [ {
      "id" : 35,
      "name" : "Comedy"
    }, {
      "id" : 10402,
      "name" : "Music"
    } ]
  }, {
    "id" : 72520,
    "title" : "Suprême NTM Live Bercy 2008",
    "overview" : "",
    "genres" : [ {
      "id" : 10402,
      "name" : "Music"
    } ]
  }, {
    "id" : 72525,
    "title" : "Syrup",
    "overview" : "A slacker hatches a million-dollar idea. But, in order to see it through, he has to learn to trust his attractive corporate counterpart. Based on Max Barry's novel.",
    "genres" : [ {
      "id" : 18,
      "name" : "Drama"
    }, {
      "id" : 35,
      "name" : "Comedy"
    } ]
  }, {
    "id" : 72545,
    "title" : "Journey 2: The Mysterious Island",
    "overview" : "Sean Anderson partners with his mom's boyfriend on a mission to find his grandfather, who is thought to be missing on a mythical island.",
    "genres" : [ {
      "id" : 12,
      "name" : "Adventure"
    }, {
      "id" : 28,
      "name" : "Action"
    }, {
      "id" : 878,
      "name" : "Science Fiction"
    } ]
  }, {
    "id" : 72550,
    "title" : "Nena: Made in Germany: Live in Concert",
    "overview" : "The 2010 tour by the German chanteuse Nena in support of her 2009 album \"Made in Germany.\" It features not only songs from her latest album, but new versions of old favorites as well.",
    "genres" : [ {
      "id" : 10402,
      "name" : "Music"
    } ]
  }, {
    "id" : 72555,
    "title" : "On Top",
    "overview" : "The basic plot revolves around the break-up of a band and the subsequent competition between the two new bands to get contracts and attention. One of the new bands is all-female, the other all-male.",
    "genres" : [ {
      "id" : 18,
      "name" : "Drama"
    }, {
      "id" : 10751,
      "name" : "Family"
    } ]
  }, {
    "id" : 72560,
    "title" : "Federal Bank Heist",
    "overview" : "\"The Baron\" wanted to commit the perfect heist involving 3 tons of money and no violence. For this he would need the right people willing to get 1 million dollars to take part in this job. Based on true events, in 2005, 168,000,000 Brazilian Real (almost 80,000,000 US dollars) were stolen from a Brazilian Central Bank (Federal Reserve), making it the biggest peace-time robbery in history. It was perhaps the most audacious bank heist ever.",
    "genres" : [ {
      "id" : 80,
      "name" : "Crime"
    }, {
      "id" : 18,
      "name" : "Drama"
    }, {
      "id" : 53,
      "name" : "Thriller"
    } ]
  }, {
    "id" : 72565,
    "title" : "Doraemon: Nobita and the Knights of Dinosaurs",
    "overview" : "Nobita and Doraemon were finding out the truth about a real dinosaur.  Nobita saw something under the ocean when they come across a cave that leads to an underground world full of dino-people. Nobita and his friends are amazed by their new discovery but sadly their memories must be wiped and must return to earth.",
    "genres" : [ {
      "id" : 16,
      "name" : "Animation"
    }, {
      "id" : 878,
      "name" : "Science Fiction"
    } ]
  }, {
    "id" : 72570,
    "title" : "The Vow",
    "overview" : "Happy young married couple Paige and Leo are, well, happy. Then a car accident puts Paige into a life-threatening coma. Upon awakening she has lost the previous five years of memories, including those of her beloved Leo, her wedding, a confusing relationship with her parents, or the ending of her relationship with her ex-fiance. Despite these complications, Leo endeavors to win her heart again and rebuild their marriage.",
    "genres" : [ {
      "id" : 18,
      "name" : "Drama"
    }, {
      "id" : 10749,
      "name" : "Romance"
    } ]
  }, {
    "id" : 72575,
    "title" : "Late Blossom",
    "overview" : "\"Late Blossom\" follows the lives of two couples who live in the same neighborhood. Kim Man-Suk delivers milk on a motorbike at dawn. He curses a lot, but actually has a warm heart. One day when he goes up a slope, he meets Ms. Song - a lonely woman who works hards by collecting and selling scrap paper. Man-Suk feels something special toward Ms. Song. Jang Kun-Bong works in a parking lot. Jang Kun-Bong has a wife who suffers from Alzheimer's. He works from dawn until late at night. After work he comes home and takes care of his wife.",
    "genres" : [ {
      "id" : 18,
      "name" : "Drama"
    }, {
      "id" : 10749,
      "name" : "Romance"
    } ]
  }, {
    "id" : 72580,
    "title" : "Gandhi to Hitler",
    "overview" : "Chancellor Adolf Hitler assists Azad Hind Fauj, led by Subhas Chandra Bose, which include a group of Indians who are frustrated with the Gandhian manner of non-violence to compel the oppressive British to quit their country. Punjab-based Balbir Singh is one such member of the Fauj, who has left his wife, Amrita, and son, Veer, behind. Ironically, Amrita is a follower of Mohandas Gandhi, and patiently awaits her husband's return home. Mohandas writes to Adolf, addressing him as 'dear friend', imploring him to end the violence. The allies, which include America, Russia, Britain and France close in on the Germans, while Adolf, a little perturbed by defectors, but still in company of many loyal supporters, is determined to continue, and even makes preparations to wed his mistress of 12 years, Eva Braun. Meanwhile Balbir and the rest of the Fauj must risk their lives through treacherous territory..",
    "genres" : [ ]
  }, {
    "id" : 72585,
    "title" : "Why Man Creates",
    "overview" : "A 1968 animation/documentary that criticises the industrial system.",
    "genres" : [ {
      "id" : 16,
      "name" : "Animation"
    }, {
      "id" : 99,
      "name" : "Documentary"
    } ]
  }, {
    "id" : 72590,
    "title" : "Stan the Flasher",
    "overview" : "",
    "genres" : [ {
      "id" : 18,
      "name" : "Drama"
    } ]
  }, {
    "id" : 72595,
    "title" : "Jack in the Box",
    "overview" : "Find a chair and you can stay, But if you don't you'll go away. The last survives another day... Pop Goes the Weasel. Welcome to Junior's world where six invited guests, trapped in a room, play a deadly game of musical chairs for their lives. Every ten minutes \"Pop Goes the Weasel\" signals the start of another round, and the horrific end of another player. Sit you live, stand you die- this is Junior's simple, twisted rule. Jack in the Box is a gripping study in psychological terror, unfolding in real-time, as Junior's desperate \"guests\" struggle with themselves, and each other, for survival. Seven begin the game, only one will end it. Who will it be? Grab a chair and find out. The answer will shock you.",
    "genres" : [ {
      "id" : 27,
      "name" : "Horror"
    } ]
  }, {
    "id" : 72610,
    "title" : "Freak Talk About Sex",
    "overview" : "Dave Keenan left Syracuse for a new life in Arizona. When that didn't work out, he moved back to upstate New York. He works a dead-end job at a department store in a mall, his car has broken down (and the mechanic is taking forever to fix it) and his ex-girlfriend wants him to join her in New York City. To make matters more complicated, one of his co-workers, a high school girl named Nichole seems to be getting romantically interested in him. Fortunately, his best friend Freakis around for him to hang out with and offer such choice philosophical observations, like \"I can't think of a single movie that couldn't be improved by a lesbian sex scene.\" Dave is stuck in a rut and has to decide what to do with his life.",
    "genres" : [ {
      "id" : 35,
      "name" : "Comedy"
    } ]
  }, {
    "id" : 72615,
    "title" : "Exposed",
    "overview" : "Young Lena is trapped in a complex situation of sex and lies.",
    "genres" : [ {
      "id" : 53,
      "name" : "Thriller"
    }, {
      "id" : 18,
      "name" : "Drama"
    }, {
      "id" : 10749,
      "name" : "Romance"
    } ]
  }, {
    "id" : 72620,
    "title" : "Anal Workout",
    "overview" : "Director Grazer returns in \"Anal Workout\" featuring fresh newcummer, Holly Michaels, in her very 1st anal scene. Also starring Gia DiMarco, Liza Del Sierra, Jada Stevens, and the award winning, Asa Akira",
    "genres" : [ ]
  }, {
    "id" : 72625,
    "title" : "A Border on Lock",
    "overview" : "A border guards are hunting a spy infiltrated to the USSR.",
    "genres" : [ {
      "id" : 12,
      "name" : "Adventure"
    } ]
  }, {
    "id" : 72630,
    "title" : "Persiki i Perchiki. Kurtuaznye Istorii",
    "overview" : "По мотивам нескольких новелл Ги де Мопассана и роману \"Милый друг\". Две маленькие дружеские компании: три женщины и трое мужчин собрались посплетничать. Мужчины, как водится, разговаривали о женщинах, женщины, само собой, о мужчинах. Тонкость состояла в том, что и дамы, и господа рассказывали друг другу одни и те же истории. `Персики` со своей точки зрения, а `перчики` - со своей.",
    "genres" : [ {
      "id" : 35,
      "name" : "Comedy"
    }, {
      "id" : 10749,
      "name" : "Romance"
    } ]
  }, {
    "id" : 72635,
    "title" : "Fire Over Afghanistan",
    "overview" : "Blackhawk pilot and reporter are knocked out of the sky over renegade warlord's territory and struggle against impossible odds to escape with their lives.",
    "genres" : [ {
      "id" : 18,
      "name" : "Drama"
    }, {
      "id" : 28,
      "name" : "Action"
    }, {
      "id" : 53,
      "name" : "Thriller"
    } ]
  }, {
    "id" : 72640,
    "title" : "The Old Mill",
    "overview" : "We see the various birds, mice, and bats that have moved into an old windmill, followed by the frogs, crickets, and fireflies making their music in an adjacent pond. Then a storm comes, shaking loose parts in mill and threatening everything we've seen.",
    "genres" : [ {
      "id" : 16,
      "name" : "Animation"
    } ]
  }, {
    "id" : 72645,
    "title" : "The Making of TRON",
    "overview" : "This made-for-video documentary treats science fiction fans to a behind-the-scenes look at the making of Tron, Disney's classic live-action film about a programmer who must fight for his life against killer programs after being pulled inside of his company's computer. Includes interviews with the cast and crew of the film who share their experiences from working on this unique project, as well as discuss the special efforts that went into bringing it to completion.",
    "genres" : [ ]
  }, {
    "id" : 72650,
    "title" : "Punished",
    "overview" : "Real estate tycoon Wong Ho-Chiu (Anthony Wong Chau-Sang) suffers great pain when his daughter Daisy (Janice Man) is kidnapped and killed. Wong Ho-Chiu turns to his trusted bodyguard Chor (Richie Ren) to seek out the perpetrators and exact revenge. Wong Ho-Chiu goes one step further and orders Chor to videotape each of their executions. Once Chor tracks down the final perpetrator Wong Ho-Chiu decides to kill that person himself. When Wong Ho-Chiu learns about the perpetrator’s past, he has second thoughts …",
    "genres" : [ {
      "id" : 28,
      "name" : "Action"
    }, {
      "id" : 53,
      "name" : "Thriller"
    }, {
      "id" : 80,
      "name" : "Crime"
    }, {
      "id" : 10769,
      "name" : "Foreign"
    } ]
  }, {
    "id" : 72655,
    "title" : "The Loner",
    "overview" : "A cop is looking for the killer of his friend.",
    "genres" : [ {
      "id" : 28,
      "name" : "Action"
    }, {
      "id" : 80,
      "name" : "Crime"
    }, {
      "id" : 18,
      "name" : "Drama"
    } ]
  }, {
    "id" : 72660,
    "title" : "I Don't Want to Go Back Alone",
    "overview" : "The arrival of a new student in school changes Leonardo's life. This 15 year-old blind teenager has to deal with the jealousy of his friend Giovana while figuring out the new feelings he's having towards his new friend, Gabriel.",
    "genres" : [ {
      "id" : 18,
      "name" : "Drama"
    }, {
      "id" : 10749,
      "name" : "Romance"
    } ]
  }, {
    "id" : 72665,
    "title" : "Pele: The Master & His Method",
    "overview" : "Soccer training video featuring the famous Pelé as he demonstrates basic soccer skills and his signature moves.",
    "genres" : [ ]
  }, {
    "id" : 72670,
    "title" : "WWE Royal Rumble 2011",
    "overview" : "Royal Rumble (2011) was the twenty-fourth annual Royal Rumble PPV. It took place on January 30, 2011 at the TD Garden in Boston, Massachusetts. As has been customary since 1993, the Royal Rumble match winner received a match at that year's WrestleMania for his choice at either the WWE Championship or the World Heavyweight Championship.  The main event was the annual Royal Rumble match featuring 40 participants from both brands, instead of the usual number of 30. The primary match on the Raw brand was for the WWE Championship, between reigning champion The Miz and Randy Orton. The primary match on the SmackDown brand was Edge versus Dolph Ziggler for the World Heavyweight Championship. The other featured match on the card was a Fatal Four Way match for the WWE Divas Championship between Eve Torres, Natalya, Layla and Michelle McCool.",
    "genres" : [ {
      "id" : 28,
      "name" : "Action"
    } ]
  }, {
    "id" : 72675,
    "title" : "Little Runaway",
    "overview" : "A baby seal escapes from the circus and ends up in Jerry's backyard pond. Tom finds out soon enough when Jerry grabs a fish from Tom's plate, and when the circus offers a $10,000 reward, his goal is clear. After some straightforward chases, Tom disguises himself in an inner tube to lure the seal and gets caught by the circus's own patrol.",
    "genres" : [ {
      "id" : 35,
      "name" : "Comedy"
    }, {
      "id" : 16,
      "name" : "Animation"
    } ]
  }, {
    "id" : 72680,
    "title" : "The Curse of the Dragon",
    "overview" : "A 1993 documentary film about Bruce Lee. The film includes interviews from some of his fellow students and opponents who worked alongside him in his movies.",
    "genres" : [ {
      "id" : 99,
      "name" : "Documentary"
    } ]
  }, {
    "id" : 72685,
    "title" : "F comme Fairbanks",
    "overview" : "",
    "genres" : [ {
      "id" : 18,
      "name" : "Drama"
    } ]
  }, {
    "id" : 72690,
    "title" : "Capital Punishment",
    "overview" : "Deadliest Hands of Kung Fu, longest arm of the law",
    "genres" : [ {
      "id" : 28,
      "name" : "Action"
    }, {
      "id" : 53,
      "name" : "Thriller"
    } ]
  } ]
}