{
  "movies" : [ {
    "id" : 307830,
    "title" : "Vasantha Azhaippugal",
    "overview" : "No Overview",
    "genres" : [ ]
  }, {
    "id" : 307835,
    "title" : "Yaar Nee?",
    "overview" : "A doctor , through a series of mysterious and unfortunate incidents, is inclined to believe that in his past life he was in love with a woman and her ghost is now haunting him, wanting to kill him. However, the truth turns out to be much much different than he expected.",
    "genres" : [ ]
  }, {
    "id" : 307840,
    "title" : "Aasman Mahal",
    "overview" : "No Overview",
    "genres" : [ ]
  }, {
    "id" : 307845,
    "title" : "Ishaara",
    "overview" : "Film starring Joy Mukherjee, Vyjayanthimala and Jayant",
    "genres" : [ ]
  }, {
    "id" : 307850,
    "title" : "Jalakanta",
    "overview" : "Film directed by M.S. Mani",
    "genres" : [ ]
  }, {
    "id" : 307855,
    "title" : "Il segno del comando",
    "overview" : "",
    "genres" : [ {
      "id" : 9648,
      "name" : "Mystery"
    } ]
  }, {
    "id" : 307860,
    "title" : "Athade Oka Sainyam",
    "overview" : "Bollywood 2004",
    "genres" : [ ]
  }, {
    "id" : 307865,
    "title" : "Buddimantudu",
    "overview" : "A devout priest is thrown into public conflict against his atheist brother.",
    "genres" : [ ]
  }, {
    "id" : 307875,
    "title" : "Chhoti Bhabbi",
    "overview" : "Bollywood 1950",
    "genres" : [ ]
  }, {
    "id" : 307880,
    "title" : "The Device",
    "overview" : "A bored young man, with a desire to travel, finds a device, and it will change his life",
    "genres" : [ {
      "id" : 878,
      "name" : "Science Fiction"
    } ]
  }, {
    "id" : 307885,
    "title" : "Modati Cinema",
    "overview" : "Sreeram is from a rich family. Sindhu is a middle-class girl with a nagging step mother and a strict father. Sreeram is impressed by Sindhu at first sight. He helps her solve her family problems. In the process, she misunderstands him. The rest of the movie is all about how the two understand the power of their love and tie the knot on the same day they meet.",
    "genres" : [ ]
  }, {
    "id" : 307890,
    "title" : "Nobellvägen",
    "overview" : "A young, eager filmmaker gets stuck with a mad bunch of Malmöites as he tries to make a film.",
    "genres" : [ {
      "id" : 35,
      "name" : "Comedy"
    }, {
      "id" : 18,
      "name" : "Drama"
    } ]
  }, {
    "id" : 307895,
    "title" : "Doshi",
    "overview" : "Bollywood 2009",
    "genres" : [ ]
  }, {
    "id" : 307900,
    "title" : "Rabbit Pie",
    "overview" : "The first production released by the Winnipeg Film Group! A restaurant serves cute little bunny rabbits. Yum-yum! One of the Film Group's greatest ventures, this light comedy features Peter Paul Van Camp as an industrious writer who sits and composes his poem about bunnies while at the very next table, the special entree - rabbit pie - seems to have become more rabbit like.",
    "genres" : [ ]
  }, {
    "id" : 307905,
    "title" : "The Vultures on the Road",
    "overview" : "The Vultures on the Road - an organized gang of robbers and murderers, which includes even the police. They kill the truck driver's friend, whose wife is expecting a baby. The police (which is cooperating with the bandits), of course, does nothing, so he begins to take revenge on the scum, crushing their cars by his truck.",
    "genres" : [ {
      "id" : 80,
      "name" : "Crime"
    }, {
      "id" : 28,
      "name" : "Action"
    }, {
      "id" : 53,
      "name" : "Thriller"
    } ]
  }, {
    "id" : 307910,
    "title" : "Innale Innu",
    "overview" : "No Overview",
    "genres" : [ ]
  }, {
    "id" : 307915,
    "title" : "Neeku Nenu Naaku Nuvvu",
    "overview" : "Film starring Uday Kiran, Shriya Saran and Krishnamraju",
    "genres" : [ ]
  }, {
    "id" : 307920,
    "title" : "Ninne Premistha",
    "overview" : "Film written and directed by R.R. Shinde",
    "genres" : [ ]
  }, {
    "id" : 307925,
    "title" : "Oka Oorilo",
    "overview" : "Film starring Tarun, Raja, Saloni Aswani",
    "genres" : [ ]
  }, {
    "id" : 307930,
    "title" : "The Paedophile Hunter",
    "overview" : "A look at the work of Stinson Hunter and his gang who pose as underage girls in order to catch pedophiles.",
    "genres" : [ {
      "id" : 99,
      "name" : "Documentary"
    } ]
  }, {
    "id" : 307935,
    "title" : "Pelli",
    "overview" : "Film starring Ananth, Brahmanandam and Giribabu",
    "genres" : [ ]
  }, {
    "id" : 307940,
    "title" : "Preet",
    "overview" : "Bollywood classic directed by Ram Daryani",
    "genres" : [ ]
  }, {
    "id" : 307945,
    "title" : "Saamanyudu",
    "overview" : "Film starring Jagapathi Babu, Kamna Jethmalani and Archana",
    "genres" : [ ]
  }, {
    "id" : 307950,
    "title" : "Tobby",
    "overview" : "Fictional film with documentary elements about a jazz musician in Berlin.",
    "genres" : [ ]
  }, {
    "id" : 307955,
    "title" : "Seetharamudu",
    "overview" : "Film starring Sivaji, Ajay and Ali",
    "genres" : [ ]
  }, {
    "id" : 307960,
    "title" : "Damadol",
    "overview" : "Aditya is guy who dreams to become a filmmaker. He desperately tries to fulfill his dream but does not get finance. VK loves a girl but never able to express it to her. Nikhil works in a corporate office and wants to get married. Nikihl's Father arranged a girl name Ria.It turn out to be same girl who VK mad about.Aditiya came up with plan to help VK to get his love of life. Aditiya meets Papu Bhai using VK's connection as return favour.Papu Bhai loves films and item songs and agrees to finance Aditya's film. Ankita is an air hostess, close friend of Ria and Aditiya's fiance. Twist starts in the story when their plan back fired.",
    "genres" : [ ]
  }, {
    "id" : 307965,
    "title" : "Dharti Kahe Pukar Ke",
    "overview" : "A college student with dreams of becoming an IPS officer, Arjun is basically a son of the soil. One day, when he is coming back to his village on a vacation with his bosom friend Deepak, a car accident changes his life dramatically. Deepak, who is driving the car, happens to run over a villager, Shankar, who subsequently succumbs to his injuries. Arjun, however, insists on taking the blame on himself and surrenders to the police.",
    "genres" : [ ]
  }, {
    "id" : 307970,
    "title" : "Toss",
    "overview" : "Film starring Raja, Upendra and Kamna Jethmalani",
    "genres" : [ ]
  }, {
    "id" : 307980,
    "title" : "The Moonshiners' Ball",
    "overview" : "A psychotic man gathers his fellowship of crazed Malmöites to a party to celebrate his father's death.",
    "genres" : [ {
      "id" : 27,
      "name" : "Horror"
    }, {
      "id" : 16,
      "name" : "Animation"
    } ]
  }, {
    "id" : 307985,
    "title" : "Mondi Mogullu Penki Pellalu",
    "overview" : "No Overview",
    "genres" : [ ]
  }, {
    "id" : 307990,
    "title" : "Akka Bavekkada",
    "overview" : "Film starring Brahmanandam and Raasi",
    "genres" : [ ]
  }, {
    "id" : 307995,
    "title" : "Pallakilo Pellikuthuru",
    "overview" : "No Overview",
    "genres" : [ ]
  }, {
    "id" : 308000,
    "title" : "Avathara Purusha",
    "overview" : "Film starring Balakrishna",
    "genres" : [ ]
  }, {
    "id" : 308005,
    "title" : "Imagine Dragons Play Las Vegas",
    "overview" : "Crackle’s Playing It Forward returns with Imagine Dragons giving a surprise performance on a street corner in Las Vegas in front of the Bellagio fountains. They play their hits “Radioactive” and “It’s Time”, as well as their new single, “Bet My Life”, for hundreds of lucky fans and Vegas tourists.",
    "genres" : [ ]
  }, {
    "id" : 308010,
    "title" : "Detective Naarada",
    "overview" : "Film starring Mohan Babu, Mohini and Nirosha",
    "genres" : [ ]
  }, {
    "id" : 308015,
    "title" : "Donga Ramudu",
    "overview" : "Film starring Mohan Babu, Radha and Allu Ramalingaiah",
    "genres" : [ ]
  }, {
    "id" : 308025,
    "title" : "Discover China - Dim Sum Odyssey",
    "overview" : "Learn about the history and preparation of China's renowned dish, dim sum, with this delicious documentary. Consisting of a variety of tasty morsels, dim sum typically includes mixtures of meat, seafood and vegetables or of sweets and fruit. A gourmet trip through Hong Kong samples more than 600 types of dim sum and explores the origin and creation of prawn dumplings, spring rolls, barbeque pork buns and other treats.",
    "genres" : [ ]
  }, {
    "id" : 308030,
    "title" : "Indhrudu Chandhrudu",
    "overview" : "Film starring Kamal Hassan, Vijayshanti and Charan Raj",
    "genres" : [ ]
  }, {
    "id" : 308045,
    "title" : "Edi Dharmam Edi Nyayam",
    "overview" : "1982 Telugu film from director Bapu",
    "genres" : [ ]
  }, {
    "id" : 308050,
    "title" : "Karaiyellam Shenbagappoo",
    "overview" : "1981 Tamil film.",
    "genres" : [ ]
  }, {
    "id" : 308055,
    "title" : "Neethodu Kavali",
    "overview" : "2002 Telugu romance",
    "genres" : [ ]
  }, {
    "id" : 308060,
    "title" : "Nuvvu Nenu Okatavudaam",
    "overview" : "2014 Indian film from director P. Narsimha Reddy",
    "genres" : [ ]
  }, {
    "id" : 308065,
    "title" : "Maavidakulu",
    "overview" : "Film starring Jagapathi Babu, Rachana and Poonam",
    "genres" : [ ]
  }, {
    "id" : 308070,
    "title" : "Maharshi",
    "overview" : "After a college student becomes obsessed with a co-ed, she and her husband attempt to heal him, with dangerous consequences.",
    "genres" : [ ]
  }, {
    "id" : 308075,
    "title" : "Ramapuramlo Seetha",
    "overview" : "1981 Telugu film.",
    "genres" : [ ]
  }, {
    "id" : 308080,
    "title" : "Vachhda Dada Ni Dikri",
    "overview" : "1989 Indian film featuring music from Rajkamal",
    "genres" : [ ]
  }, {
    "id" : 308090,
    "title" : "Sturm im Wasserglas",
    "overview" : "",
    "genres" : [ {
      "id" : 35,
      "name" : "Comedy"
    } ]
  }, {
    "id" : 308095,
    "title" : "Jhumaandi Naadam",
    "overview" : "Balu has only one mission in his life - to become a great playback singer like SP Balasubramanyam. He challenges a landlord in his village and comes to Hyderabad to become a singer. Captain Rao stays in the opposite house. He is an old-fashioned man who hates the lifestyle of new generation. Sravya is an NRI girl who stays in her father’s friend Captain Rao’s house. She is in India to do documentary on traditional Telugu music. Balu acts as a local guide to her and in the process, they fall in love. Captain Rao doesn’t like them falling in love with each other. The rest of the story is all about Captain Rao’s restrictions and how the lovers emerge unscathed.",
    "genres" : [ ]
  }, {
    "id" : 308105,
    "title" : "Lion Jagapathi Rao",
    "overview" : "Kannada drama from director Om Sai Prakash.",
    "genres" : [ ]
  }, {
    "id" : 308110,
    "title" : "Foxy Lady No. 2",
    "overview" : "This classic film from the 1980s features the legendary, nay, the godlike Teresa Orlowski in her purest form. Ignore the 80s hair sometimes bushy pussies, because this is a traditional porn through and through. A nice plot sets up the scene and then you'll see your usual antics with sex and blowjobs galore. Nothing competes with a classic.",
    "genres" : [ ]
  }, {
    "id" : 308115,
    "title" : "City of the Vampires",
    "overview" : "A mopey guy searches for his missing girlfriend in a city overrun by vampires.",
    "genres" : [ ]
  }, {
    "id" : 308120,
    "title" : "Bluetopia: The LA Dodgers Movie",
    "overview" : "In 2008, the Dodgers celebrated their 50th year in Los Angeles. In that time the Dodgers, and Dodger Stadium specifically, have become a true Bluetopia for their fans; a common passion and sanctuary for the incredibly diverse faces and cultures that make Los Angeles a most remarkable place. Bluetopia weaves the stories of several Dodger fans across the 2008 Dodger season. As the season evolves and ultimately ends with the Dodgers on the threshold of the World Series, lives unfold before us. We meet tattoo artists and attorneys, celebrities and detectives, former inmates and grandmothers, cancer fighters and romantic dreamers. Dodger tradition brings them together as one. Bluetopia goes behind the scenes for the human stories of the team itself. Bluetopia is the story of the powerful and emotional bond between fans and their favorite players; between the world's most diverse city and the team that binds it together. Together they make the most lasting memories of their lives",
    "genres" : [ {
      "id" : 99,
      "name" : "Documentary"
    } ]
  }, {
    "id" : 308125,
    "title" : "Gypsy Vampire's Revenge",
    "overview" : "Count Lugo's minions bring him back from the dead. Wackiness ensues.",
    "genres" : [ ]
  }, {
    "id" : 308130,
    "title" : "Transylvania Police: Monster Squad",
    "overview" : "Transylvania's diligent police force works to keep the area's various monsters on the straight and narrow.",
    "genres" : [ ]
  }, {
    "id" : 308135,
    "title" : "Cryptid",
    "overview" : "",
    "genres" : [ {
      "id" : 27,
      "name" : "Horror"
    } ]
  }, {
    "id" : 308140,
    "title" : "Honduras: La Mara Vida",
    "overview" : "",
    "genres" : [ ]
  }, {
    "id" : 308145,
    "title" : "Antes de que nos olviden",
    "overview" : "",
    "genres" : [ {
      "id" : 99,
      "name" : "Documentary"
    } ]
  }, {
    "id" : 308150,
    "title" : "Hot Potatoes! The Best Of The Wiggles",
    "overview" : "Hot Potatoes! The Best of The Wiggles is now available on DVD. This highly anticipated ‘best of’ collection features Hot Potato, Can You (Point Your Fingers and Do the Twist?), Rock-A-Bye Your Bear, Toot Toot, Chugga Chugga, Big Red Car, Wake Up Jeff!, Captain Feathersword Fell Asleep on His Pirate Ship (Quack Quack), The Monkey Dance, Get Ready to Wiggle, Go Santa Go!, Dorothy (Would you Like to Dance?), Ooh It's Captain Feathersword, Dressing Up, Move Your Arms Like Henry, Lights Camera Action Wiggles!, Do the Owl, Play Your Guitar With Murray, Rockin' Santa, Getting Strong!, I'm Dorothy the Dinosaur, You Make Me Feel Like Dancing, Monkey Man, Hot Poppin Popcorn, Do the Propeller, Ready, Steady, Wiggle!, Simon Says and 10 other songs",
    "genres" : [ {
      "id" : 10751,
      "name" : "Family"
    } ]
  }, {
    "id" : 308155,
    "title" : "Shyamchi Aai",
    "overview" : "The plot revolves around a boy called Shyam and his relationship with his mother. It shares the effect Shyam's mother has had on Shyam's life and upbringing, and how he is taught to stick to his ideals and principles, even in the face of poverty. The relationships of all the individuals in Shyam's family are explored.",
    "genres" : [ {
      "id" : 18,
      "name" : "Drama"
    } ]
  }, {
    "id" : 308160,
    "title" : "The Master Plan",
    "overview" : "Charles Ingvar Jönsson gathers three criminals to take vengeance upon the people who killed his uncle.",
    "genres" : [ {
      "id" : 80,
      "name" : "Crime"
    }, {
      "id" : 28,
      "name" : "Action"
    }, {
      "id" : 35,
      "name" : "Comedy"
    }, {
      "id" : 12,
      "name" : "Adventure"
    } ]
  }, {
    "id" : 308165,
    "title" : "Action Jackson",
    "overview" : "A man meets his lookalike, who's not just a killer of evil, but also a kind hearted man. Together, they team up to fight against a dreaded gangster.",
    "genres" : [ {
      "id" : 28,
      "name" : "Action"
    }, {
      "id" : 35,
      "name" : "Comedy"
    }, {
      "id" : 18,
      "name" : "Drama"
    }, {
      "id" : 10749,
      "name" : "Romance"
    }, {
      "id" : 53,
      "name" : "Thriller"
    } ]
  }, {
    "id" : 308170,
    "title" : "TIL EN UKJENT",
    "overview" : "A young woman sitting on a train. So she sits in a cab. The action is interrupted constantly by diverse scenes with a little girl on a farm.",
    "genres" : [ ]
  }, {
    "id" : 308175,
    "title" : "Applause",
    "overview" : "Alfa (Attik) runs an itinerant theatrical troupe and can see that a young woman, Nora (Zinet Lakaz), is very talented. Indeed, Nora turns into a great actress. However, when she does not reciprocate his love, he turns her away. After this, Alfa falls on hard times, while Nora achieves great popular success.",
    "genres" : [ ]
  }, {
    "id" : 308180,
    "title" : "Fussball Babes",
    "overview" : "",
    "genres" : [ ]
  }, {
    "id" : 308185,
    "title" : "Casa Forte",
    "overview" : "A neighborhood populated by ghosts of a relationship and a tradition.",
    "genres" : [ {
      "id" : 18,
      "name" : "Drama"
    } ]
  }, {
    "id" : 308190,
    "title" : "Seven Years of Marriage",
    "overview" : "Having been married for seven years, a tourist office director and his well-known television presenter wife, Alekos and Efi Fotiou go through a crucial phase. Dedicated to their careers, they rarely meet, and when thy actually achieve it they always end up quarreling. The only family they have, their uncles, suggest they have a baby. She finds it a good idea, but Alekos thinks that they won't be able to raise a baby properly. This dispute brings them one step closer to divorce, which now seems the only solution, especially when Efi starts to believe that Alekos is flirting with Tzouli, and Alekos suspects that his wife is having an affair with Dimitris. When it is finally proved that none of this is true, and, actually, Tzouli is planning to marry Dimitris and Efi's aunt Dimitris' uncle, they all get reasonable, the couple gets over its crisis and they live happily ever after, together with their newborn child.",
    "genres" : [ {
      "id" : 35,
      "name" : "Comedy"
    } ]
  }, {
    "id" : 308195,
    "title" : "Les Haricots, Deux Heures",
    "overview" : "A dive in a fantasized human landscape who, by going through several scenes along a production line compose a strange industrial painting.",
    "genres" : [ {
      "id" : 16,
      "name" : "Animation"
    } ]
  }, {
    "id" : 308200,
    "title" : "Insaaf Ka Tarazu",
    "overview" : "Movie from B.R. Chopra",
    "genres" : [ {
      "id" : 80,
      "name" : "Crime"
    }, {
      "id" : 18,
      "name" : "Drama"
    }, {
      "id" : 10751,
      "name" : "Family"
    } ]
  }, {
    "id" : 308205,
    "title" : "Kanoon Meri Mutthi Mein",
    "overview" : "Film from K. Prasad",
    "genres" : [ ]
  }, {
    "id" : 308210,
    "title" : "Baisaheb",
    "overview" : "Bollywood 1983",
    "genres" : [ ]
  }, {
    "id" : 308215,
    "title" : "Maruppacha",
    "overview" : "Bollywood 1982",
    "genres" : [ ]
  }, {
    "id" : 308220,
    "title" : "Neeke Manasichanu",
    "overview" : "Bollywood 2003",
    "genres" : [ ]
  }, {
    "id" : 308225,
    "title" : "O Chinadaana",
    "overview" : "Divya Reddy (Sruthi Raj) and Ramya Reddy (Gajala) are inseparable sisters, who study in the same college. Srinivasa Sastry (Raja) and Ramya love each other. Divya hates love due to her own experiences in the past. Divya had a childhood love Rajesh at an age of eight. Rajesh deserts her and leaves to an unknown destination at that age.  Ramya and Seenu decide that they should get the Rajesh back so that Divya falls in love with him and gives green signal to the love of Ramya and Seenu. Seenu gets hold of Narasimha (Srikanth) and pays him to act as the childhood lover of Divya.  Then the father of Divya and Ramya, who is a military major (Jaya Prakash Reddy), returns from the army for a month holiday. The rest of the film is a laugh riot. You should watch this film to know how the new relationships add spice and humor to these main characters in the film.",
    "genres" : [ ]
  }, {
    "id" : 308230,
    "title" : "Nazrana",
    "overview" : "Fim from C.V. Sridhar",
    "genres" : [ ]
  }, {
    "id" : 308235,
    "title" : "Oos Raat Ke Baad",
    "overview" : "Film starring  Aruna Irani, Sailesh Kumar, Sanjeev Kumar",
    "genres" : [ ]
  }, {
    "id" : 308240,
    "title" : "Pithi Pili Ne Rang Rato",
    "overview" : "Film starring iran Kumar, Mallika Sarabhai, Rita Bhaduri",
    "genres" : [ ]
  }, {
    "id" : 308245,
    "title" : "Maa Ilavelpu",
    "overview" : "Bollywood film from director Sanjeeva.",
    "genres" : [ ]
  }, {
    "id" : 308250,
    "title" : "Sansani: The Sensation",
    "overview" : "",
    "genres" : [ {
      "id" : 27,
      "name" : "Horror"
    }, {
      "id" : 80,
      "name" : "Crime"
    }, {
      "id" : 18,
      "name" : "Drama"
    }, {
      "id" : 53,
      "name" : "Thriller"
    } ]
  }, {
    "id" : 308255,
    "title" : "Go Look in the Manger",
    "overview" : "A pair of yuletide tales reinforces the true meaning of the season. In Go Look in the Manger, young Ricky takes his mother's favorite record to school for show-and-tell. When the record is broken, the boy learns a valuable lesson about the greatest Christmas gift -- the gift of Jesus. In Candy Maker's Christmas, a proud man creates what he thinks is the ideal gift -- the candy cane -- but soon learns that Jesus is the only perfect present.",
    "genres" : [ ]
  }, {
    "id" : 308260,
    "title" : "The Dance Lesson",
    "overview" : "Impressed by those guys who sway their hips to the sound of digital rhythms? How on earth do they go about finding such personal choreographies? Just have a look at this dance lesson and you may find yourself less admiring. Or maybe more!",
    "genres" : [ ]
  }, {
    "id" : 308265,
    "title" : "Tiger Harishchandra Prasad",
    "overview" : "Film from  Samudra V.",
    "genres" : [ ]
  }, {
    "id" : 308270,
    "title" : "Umang",
    "overview" : "Film starring Satish Kumar, Archana, Rehman",
    "genres" : [ ]
  }, {
    "id" : 308275,
    "title" : "Yo soy Chucho el Roto",
    "overview" : "Bandit Chucho impersonates a variety of high-society figures to perform a series of playful swindles.",
    "genres" : [ ]
  }, {
    "id" : 308280,
    "title" : "Animal Planet: Growing Up Safari",
    "overview" : "This delightful Animal Planet series follows young animals facing special challenges. Zookeepers, veterinarians and other animal specialists explain their role in helping to get the youngsters off to a good start. This collection's four episodes feature the first year in the life of baby elephant Maximus; a trio of zebras at a sanctuary; an orphaned giraffe named Kulula who joins a new herd; and the truth about the much-maligned hyena.",
    "genres" : [ {
      "id" : 99,
      "name" : "Documentary"
    }, {
      "id" : 10751,
      "name" : "Family"
    } ]
  }, {
    "id" : 308285,
    "title" : "Prem Granth",
    "overview" : "Somen, a rich boy, loves Kajri, a village belle. The lovers get separated and Somen tries to find his lost love.",
    "genres" : [ ]
  }, {
    "id" : 308290,
    "title" : "Miss South Pacific: Beauty and the Sea",
    "overview" : "What does a beauty pageant in Suva, Fiji have to do with climate change? Quite a lot, as it turns out. 'Miss South Pacific: Beauty and the Sea' is a short documentary film about the 2009-2010 Miss South Pacific Pageant that brought contestants, or Queens, from all the major Pacific Island Nations to compete in a week long pageant for the crown of Miss South Pacific. Addressing the theme of Climate Change and its impact on Pacific Island countries, the Queens eloquently and passionately implore judges, spectators, and the world at large to reduce global carbon emission lest their island homes will be lost to rising seas. Is it too late to turn back the tide? Watch Miss South Pacific and see.",
    "genres" : [ ]
  }, {
    "id" : 308295,
    "title" : "Forbidden Symmetries",
    "overview" : "Avantgarde feature consisting of three distinct parts.",
    "genres" : [ ]
  }, {
    "id" : 308300,
    "title" : "Return of Mr. Superman",
    "overview" : "Mr.Superman lives a dual life, uses his superpowers to assist the police, but becomes a suspect himself when impostors implicate him in a crime wave.",
    "genres" : [ ]
  }, {
    "id" : 308305,
    "title" : "The Greatest Stories of the Bible: The New Testament",
    "overview" : "Twelve moving tales culled from the New Testament come vividly to life in this meticulously crafted series from 1952, with the inspirational episodes starring Nelson Leigh as Jesus Christ and Mary Dew as Mary Magdalene. Stories include the birth of the Savior, Christ's childhood, the betrayal and arrest of Jesus in Gethsemane, the trial before Pontius Pilate, and Christ's Resurrection and ascension.",
    "genres" : [ ]
  }, {
    "id" : 308310,
    "title" : "Suhana Safar",
    "overview" : "Bollywood film from director Vijay.",
    "genres" : [ ]
  }, {
    "id" : 308315,
    "title" : "Blue Lounge: Journey Through Emotions",
    "overview" : "This collection of musical performances is designed to help the listener relax, transcend earthly bounds and find mental and emotional clarity through the powerful, personal act of Zen Buddhist meditation. In the midst of daily challenges -- from menial tasks to more difficult endeavors -- it can be a struggle to find the way to inner peace. Allow the music to guide you through the haze and bring calm to your body and soul.",
    "genres" : [ ]
  }, {
    "id" : 308320,
    "title" : "Fast Jets",
    "overview" : "Modern military jet aircraft in flight and in action.",
    "genres" : [ ]
  }, {
    "id" : 308325,
    "title" : "Great American Authors: Since 1650",
    "overview" : "Actress Jane Kaczmarek hosts this comprehensive history of American fiction from 1650 to the present day, which includes profiles of some of the country's greatest authors. Illuminating the lives of writers such as Ernest Hemingway, John Steinbeck, Kurt Vonnegut, Edgar Allan Poe, Mark Twain, Toni Morrison and others, the program examines the way each developed a unique voice that reflects the complex fabric of America.",
    "genres" : [ ]
  }, {
    "id" : 308330,
    "title" : "A Girl At Dojo Temple",
    "overview" : "Kon Ichikawa’s directorial debut. A puppet version of a well-known kabuki play, which was confiscated by occupying US forces for being excessively traditional. (MUBI)",
    "genres" : [ {
      "id" : 18,
      "name" : "Drama"
    }, {
      "id" : 16,
      "name" : "Animation"
    } ]
  }, {
    "id" : 308335,
    "title" : "Zero Tolerance",
    "overview" : "Why are children as young as five being arrested in schools across the USA? In 'zero tolerance' states like Texas, Florida and California, police forces armed with guns and pepper spray have been patrolling hallways, monitoring playground activity and enforcing classroom discipline. Have American schools taken security too far? What is the real cost of a 'safe' school?",
    "genres" : [ {
      "id" : 99,
      "name" : "Documentary"
    } ]
  }, {
    "id" : 308340,
    "title" : "Baltimore Biker Boys",
    "overview" : "Feature documentary that questions why many urban youth ride dirt-bikes, 4 wheelers, and 3 wheelers illegally through the streets of Baltimore.",
    "genres" : [ ]
  }, {
    "id" : 308345,
    "title" : "Reggaeton Hits",
    "overview" : "Sweeping the streets of urban communities with an infectious blend of Latino-infused dancehall, hip-hop and reggae, reggaeton has become one of the most exciting new genres in the music industry. This collection of music videos rounds up hits from some of the hottest reggaeton artists on the airwaves, including Trebol Clan, Héctor and Tito, Tony Dize, Daddy Yankee, Nicky Jam, Hector \"El Father\" and Tego Calderón.",
    "genres" : [ ]
  }, {
    "id" : 308350,
    "title" : "Destruction Derby",
    "overview" : "Destruction Derby is a high energy look at the All-American tradition of the demolition derby. This documentary will take you behind the scenes exploring the refitted autos, the fanatical fans, the 'Mad Dog' drivers and the annual championship 'World Series of Demolition Derby' known as the Tournament of Destruction. Watch as slo-mo, computer animation and in-auto sensors take you as close to the action as most people would dare to get.",
    "genres" : [ ]
  }, {
    "id" : 308360,
    "title" : "Bridge of Japan",
    "overview" : "Ichikawa's 1956 adaptation of Nihonbashi was the first to take the work of Kyoka Izumi—  until then regarded as a writer of common tragic melodramas—and re-evaluate it as a sanbi-ha work of decadence, aestheticism, and intrigue. Ichikawa's film presents the tragic plot of the young geisha who is unable to enact her love for a man publicly in any way other than a histrionic story of torment, a heart-rending tale of lovers being crushed by fate. Instead Ichikawa shows the contest of wills that transpires as two geisha, Oko (Chikage Awashima) and Kiyoha (Fujiko Yamamoto) fight for the top spot in Nihonbashi, the pinnacle ot the Tokyo geisha world. Nihonbashi is an elegant, if steely, exposition of manners. The young doctor, Shinzo Katsuragi (Ryuji Shinagawa), is the object of affection for both women, but appears to be more the choice reward for the plotting and thieving of these two early modern superwomen, than a lover they swoon over.",
    "genres" : [ {
      "id" : 10749,
      "name" : "Romance"
    }, {
      "id" : 18,
      "name" : "Drama"
    } ]
  }, {
    "id" : 308365,
    "title" : "Schicksal am Strom",
    "overview" : "",
    "genres" : [ {
      "id" : 18,
      "name" : "Drama"
    } ]
  } ]
}