{
  "movies" : [ {
    "id" : 32185,
    "title" : "Pleasures of Sin",
    "overview" : "The intersection of business and pleasure causes an emotional traffic jam in this erotic drama. Samantha and Steve are a pair of private eyes who are also a couple after hours. The two are hired to set up a surveillance operation in a high-class bordello, and it isn't long before both are tempted by the voluptuous pleasures which surround them. Will their relationship survive? And if not, who will pair off with who?",
    "genres" : [ {
      "id" : 18,
      "name" : "Drama"
    } ]
  }, {
    "id" : 32195,
    "title" : "My Date with the President's Daughter",
    "overview" : "Duncan Fletcher is an average teenager in search of a date to his school's spring dance. While at the mall with his friends, he meets a girl, Hallie, who just happens to be the daughter of the President of the United States, George Richmond. Duncan, not realizing this, asks her to his school's dance. They encounter many obstacles throughout the night.",
    "genres" : [ ]
  }, {
    "id" : 32205,
    "title" : "The Killer That Stalked New York",
    "overview" : "Married jewel thieves struggle with infidelity, federal agents and the deadly smallpox virus.",
    "genres" : [ {
      "id" : 53,
      "name" : "Thriller"
    } ]
  }, {
    "id" : 32215,
    "title" : "Shergar",
    "overview" : "Shergar, Ireland's most decorated thoroughbread and perhaps the greatest race horse of all time, is kidnapped by IRA terrorists and held for a $2 million ransom. Can a young stable boy save Shergar's life... and his own before it's too late?",
    "genres" : [ {
      "id" : 10749,
      "name" : "Romance"
    }, {
      "id" : 18,
      "name" : "Drama"
    }, {
      "id" : 80,
      "name" : "Crime"
    } ]
  }, {
    "id" : 32220,
    "title" : "The Insatiable",
    "overview" : "A drab, run-of-the-mill guy witnesses a vampiress devour a bum and becomes so infatuated with her, he tracks her down and traps her in a basement so she can't kill again.",
    "genres" : [ {
      "id" : 35,
      "name" : "Comedy"
    }, {
      "id" : 27,
      "name" : "Horror"
    } ]
  }, {
    "id" : 32225,
    "title" : "Official History Of The Tour De France - 1903-2006",
    "overview" : "Sean Kelly hosts this documentary celebrating the last 100 years of the Tour De France. An incredible century of cycling, from the first race in 1903 to the amazing five straight victory Lance Armstrong.",
    "genres" : [ ]
  }, {
    "id" : 32235,
    "title" : "Northfork",
    "overview" : "\"We are all angels. It is what we do with our wings that separates us.\" In the next two days, the town of Northfork will cease to exist. The year is 1955 and Northfork is literally about to be \"dammed,\" flooded to make way for a new hydroelectric project.",
    "genres" : [ {
      "id" : 14,
      "name" : "Fantasy"
    }, {
      "id" : 18,
      "name" : "Drama"
    }, {
      "id" : 878,
      "name" : "Science Fiction"
    } ]
  }, {
    "id" : 32250,
    "title" : "Ju-on: The Curse",
    "overview" : "A teacher visits the house of one of his students after the boy goes missing, only to have a horrifying excuse for his absence from school.",
    "genres" : [ {
      "id" : 27,
      "name" : "Horror"
    } ]
  }, {
    "id" : 32255,
    "title" : "The Palm Beach Story",
    "overview" : "Gerry and Tom Jeffers are finding married life hard. Tom is an inventor/ architect and there is little money for them to live on. They are about to be thrown out of their apartment when Gerry meets rich businessman being shown around as a prospective tenant. He gives Gerry $700 to start life afresh but Tom refuses to believe her story and they quarrel. Gerry decides the marriage is over and heads to Palm Beach for a quick divorce but Tom has plans to stop her.",
    "genres" : [ {
      "id" : 35,
      "name" : "Comedy"
    }, {
      "id" : 10749,
      "name" : "Romance"
    } ]
  }, {
    "id" : 32275,
    "title" : "Duel in the Sun",
    "overview" : "Beautiful half-breed Pearl Chavez becomes the ward of her dead father's first love and finds herself torn between her sons, one good and the other bad.",
    "genres" : [ {
      "id" : 37,
      "name" : "Western"
    } ]
  }, {
    "id" : 32280,
    "title" : "The Ugly Dino",
    "overview" : "A mother dinosaur hatches three little cuties, but the fourth is \"ugly.\" He gets an inferiority complex because his brothers won't play with him, and they treat him meanly. When a big sabertooth tiger comes along, the baby dinosaur begs the predator to eat him. The little dino says, \"Eat me, eat me....I have a face that even a mother couldn't love.\" The \"ugly dino\" ends up saving the day, and his mother showers him with kisses and hugs.",
    "genres" : [ {
      "id" : 16,
      "name" : "Animation"
    } ]
  }, {
    "id" : 32285,
    "title" : "Cornered!",
    "overview" : "During their nightly poker game a group of lowlifes are terrorized in their own convenience store by a masked killer.",
    "genres" : [ {
      "id" : 35,
      "name" : "Comedy"
    }, {
      "id" : 27,
      "name" : "Horror"
    } ]
  }, {
    "id" : 32290,
    "title" : "Reaching for the Moon",
    "overview" : "Wall Street wizard, Larry Day, new to the ways of love, is coached by his valet. He follows Vivian Benton on an ocean liner, where cocktails, laced with a \"love potion,\" work their magic. He then loses his fortune in the market crash and feels he has also lost his girl.",
    "genres" : [ {
      "id" : 35,
      "name" : "Comedy"
    }, {
      "id" : 10402,
      "name" : "Music"
    }, {
      "id" : 10749,
      "name" : "Romance"
    } ]
  }, {
    "id" : 32295,
    "title" : "Khal Nayak",
    "overview" : "Ballu (Sanjay Dutt), a notorious, cunning, and unscrupulous criminal who's wanted by the police for a plethora of murders and thefts. Bright and ambitious Inspector Ram (Jackie Shroff) finally arrests him, only to have Ballu escape right under his nose. So Ram's lovely girlfriend Ganga (Madhuri Dixit) volunteers to go undercover, to trap Ballu and help restore Ram's reputation. Things get more complicated, however, when Ballu falls for her, and she finds that she isn't entirely immune to his charms.",
    "genres" : [ {
      "id" : 28,
      "name" : "Action"
    } ]
  }, {
    "id" : 32300,
    "title" : "Nazi Love Camp 27",
    "overview" : "A Jewish girl and an Aryan, both German, are in love in pre-war times. WW2 breaks up, he is sent to fight for the Nazi flag and she is arrested and sent to serve as a prostitute in camp 27 where disobedience is punishable only by death! She decides to give her body in order to survive hoping that one day she may tell the world what she have seen.",
    "genres" : [ {
      "id" : 10752,
      "name" : "War"
    }, {
      "id" : 36,
      "name" : "History"
    } ]
  }, {
    "id" : 32305,
    "title" : "Simon Sez",
    "overview" : "A tattooed Interpol agent helps an old classmate find the kidnapped daughter of a computer software tycoon.",
    "genres" : [ {
      "id" : 28,
      "name" : "Action"
    }, {
      "id" : 35,
      "name" : "Comedy"
    }, {
      "id" : 53,
      "name" : "Thriller"
    } ]
  }, {
    "id" : 32310,
    "title" : "Siren",
    "overview" : "No overview found.",
    "genres" : [ ]
  }, {
    "id" : 32320,
    "title" : "Life with Judy Garland: Me and My Shadows",
    "overview" : "The film, which chronicles Garland's life from her first public performance in 1924 until her death in 1969, is divided into two parts: the first part depicts her rise to fame in the 1930s, her descent into drugs, and her fall from grace in the 1950s. The second part of the drama begins with her marriage to Sid Luft, and proceeds to chronicle her successful return to movies with A Star is Born, her personal issues and her death at the age of 47.",
    "genres" : [ {
      "id" : 18,
      "name" : "Drama"
    } ]
  }, {
    "id" : 32325,
    "title" : "Mi Vida Loca",
    "overview" : "Mousie and Sad Girl are childhood best friends in a contemporary Los Angeles poor Hispanic neighborhood. But when Sad Girl becomes pregnant by Mousie's boyfriend, a drug dealer named Ernesto, the two become bitter enemies. While their dispute escalates towards violence, the violence of the world around them soon also impacts their lives.",
    "genres" : [ {
      "id" : 80,
      "name" : "Crime"
    }, {
      "id" : 18,
      "name" : "Drama"
    } ]
  }, {
    "id" : 32330,
    "title" : "Worth Winning",
    "overview" : "Taylor is a man who has no problems with women. So confident is he that he accepts a challenge from his friends: he has to secure proposals of marriage from three women of their choice.",
    "genres" : [ {
      "id" : 35,
      "name" : "Comedy"
    }, {
      "id" : 10749,
      "name" : "Romance"
    } ]
  }, {
    "id" : 32335,
    "title" : "Black Widow",
    "overview" : "A film noir-style musical telling the story of how a man met his end by getting sucked into a web of lies and deceit by a beautiful, dark-haired singer.",
    "genres" : [ {
      "id" : 18,
      "name" : "Drama"
    } ]
  }, {
    "id" : 32345,
    "title" : "Aşk Geliyorum Demez",
    "overview" : "For decades Ismail (Zeki Alasya) and his brother Miran (Altan Erkekli) operated shops in a modest marketplace, managing to support their families with the profits. Ali (Tolgahan Sayisman), Ismail's playboy son, plans to woo Gözde (Bergüzar Korel). Soon, however, Ali begins to genuinely fall in love with her, and the feeling is mutual. Unfortunately he has told his sweetheart a stack of lies to win her affection and is certain she would run away upon his confession. Somehow, he must either make a clean break from this magnificent woman or win her heart through honesty.",
    "genres" : [ {
      "id" : 28,
      "name" : "Action"
    }, {
      "id" : 35,
      "name" : "Comedy"
    } ]
  }, {
    "id" : 32390,
    "title" : "Royal Palace",
    "overview" : "Eugenia is the queen of an imaginary European country. When her husband dies, quite unexpectedly, the country is left without a king. According to the law, the new king needs to be married so that leaves out the eldest son. Her youngest son, Prince Arnaud is married to the lovely Armelle and they have two young children. They become the future rulers of the kingdom.",
    "genres" : [ {
      "id" : 35,
      "name" : "Comedy"
    } ]
  }, {
    "id" : 32395,
    "title" : "The Greatest",
    "overview" : "Teenagers Rose and Bennett were in love, and then a car crash claimed Bennett's life. He left behind a grieving mother, father and younger brother, and Rose was left all alone. She has no family to turn to for support, so when she finds out she's pregnant, she winds up at the Brewer's door. She needs their help, and although they can't quite admit it, they each need her so they can begin to heal.",
    "genres" : [ {
      "id" : 18,
      "name" : "Drama"
    } ]
  }, {
    "id" : 32430,
    "title" : "The Bells of St. Mary's",
    "overview" : "Father O'Malley the unconventional priest from 'Going My Way' continues his work for the Catholic Church. This time he is sent to St. Mary's, a run-down parochial school on the verge of condemnation. He and Sister Benedict work together in an attempt to save the school, though their differing methods often lead to good-natured disagreements.",
    "genres" : [ {
      "id" : 18,
      "name" : "Drama"
    }, {
      "id" : 10751,
      "name" : "Family"
    } ]
  }, {
    "id" : 32445,
    "title" : "Green Plaid Shirt",
    "overview" : "the lives of two ordinary men who find love together only to lose it. In an era of easy sex and open relationships they have only two rules: dont fall in love with others and no jealousy. Still rules are made to be broken. Eventually a single act of forgiveness restores their love.",
    "genres" : [ {
      "id" : 18,
      "name" : "Drama"
    } ]
  }, {
    "id" : 32450,
    "title" : "Brain Donors",
    "overview" : "Three manic idiots; a lawyer, cab driver and a handyman team up to run a ballet company to fulfill the will of a millionaire. Stooge-like antics result as the trio try to outwit the rich widow and her scheming big-shot lawyer, who also wants to run the ballet.",
    "genres" : [ {
      "id" : 35,
      "name" : "Comedy"
    } ]
  }, {
    "id" : 32465,
    "title" : "Type O Negative: Symphony for the Devil",
    "overview" : "Symphony for the Devil was recorded Sunday August 22, 1999, at the 12th Bizarre Festival, Cologne, Germany. This gig was originally recorded for a German live-in-concert program, 'WDR Rockpalast', and broadcast on German television. The band bought the live footage because it seemed to be the best one available to date regardless of the previous TV releases. 12 cameras were used.",
    "genres" : [ {
      "id" : 10402,
      "name" : "Music"
    } ]
  }, {
    "id" : 32470,
    "title" : "Van Helsing's Curse: Live In Philly",
    "overview" : "Van Helsing's Curse is a side project, orchestra of Twisted Sister lead singer, Dee Snider. Along with Snider, the group featured a five-piece rock band, a six-piece choir, and six-piece string section.",
    "genres" : [ {
      "id" : 10402,
      "name" : "Music"
    } ]
  }, {
    "id" : 32480,
    "title" : "The Marquis of Grillo",
    "overview" : "The marquess of Grillo is a good-natured, clever and women-loving man who is always inventing stories and cracking all types of jokes. The film tells the story of his life.",
    "genres" : [ {
      "id" : 35,
      "name" : "Comedy"
    } ]
  }, {
    "id" : 32490,
    "title" : "No Bad Days",
    "overview" : "Set in the exotic terrain of the Yucatan Peninsula, NO BAD DAYS is an action/adventure film that manifests all the qualities that make for an entertaining and captivating film. The fast-pace style makes for a surprise at every turn, while the charisma and chemistry of the main characters create a romantic subplot. The story begins when evil tomb-raiders rob precious Mayan artifacts and soon face their most difficult opponent an unpredictable, rugged, ex-military operative who discovers his true self after ending 5 years in hiding. Our hero finds himself being chased through jungles, spying in underground waterways, and falling in love with an attractive, yet stubborn American woman searching for her missing mother, an archeologist who was in the wrong place at the wrong time. This gripping, action-packed, humorous tale peaks in one of the most unique and alluring tropical locations in the world, leading the two heroes on a crusade against evil forces even greater than they anticipated.",
    "genres" : [ {
      "id" : 28,
      "name" : "Action"
    }, {
      "id" : 35,
      "name" : "Comedy"
    }, {
      "id" : 53,
      "name" : "Thriller"
    } ]
  }, {
    "id" : 32520,
    "title" : "Eight Diagram Pole Fighter",
    "overview" : "The Yangs are betrayed by a government official conspiring with the Mongols. All of the Yang family males except the 4th, 5th, and 6th brothers are killed. Fu Sheng loses his mind after the death of his family, while the other brother, takes refuge in a temple. Liu's superb martial arts skill, impress the temple's senior monks. He learns that his sister has been captured by the conspirators.",
    "genres" : [ {
      "id" : 28,
      "name" : "Action"
    }, {
      "id" : 18,
      "name" : "Drama"
    }, {
      "id" : 10769,
      "name" : "Foreign"
    } ]
  }, {
    "id" : 32535,
    "title" : "Lily and Jim",
    "overview" : "Lily and Jim are interviewed about their disastrous blind date.",
    "genres" : [ {
      "id" : 16,
      "name" : "Animation"
    }, {
      "id" : 35,
      "name" : "Comedy"
    } ]
  }, {
    "id" : 32540,
    "title" : "The Disappeared",
    "overview" : "Following the disappearance of his younger brother Tom, Matthew Ryan tries to put his life and sanity back together. However the past keeps coming back to haunt him.",
    "genres" : [ {
      "id" : 27,
      "name" : "Horror"
    }, {
      "id" : 53,
      "name" : "Thriller"
    } ]
  }, {
    "id" : 32545,
    "title" : "Llach: La revolta permanent",
    "overview" : "",
    "genres" : [ {
      "id" : 99,
      "name" : "Documentary"
    } ]
  }, {
    "id" : 32555,
    "title" : "24 Hours in London",
    "overview" : "London gangster Christian has a plan to kill off the opposition, but things get messy when a witness survives.",
    "genres" : [ {
      "id" : 80,
      "name" : "Crime"
    }, {
      "id" : 28,
      "name" : "Action"
    }, {
      "id" : 53,
      "name" : "Thriller"
    } ]
  }, {
    "id" : 32560,
    "title" : "Rio Conchos",
    "overview" : "Two Army officers, an alcoholic ex-Confederate soldier and a womanizing Mexican travel to Mexico on a secret mission to prevent a megalomaniacal ex-Confederate colonel from selling a cache of stolen rifles to a band of murderous Apaches.",
    "genres" : [ {
      "id" : 28,
      "name" : "Action"
    }, {
      "id" : 37,
      "name" : "Western"
    } ]
  }, {
    "id" : 32570,
    "title" : "At the Top of Brooklyn Bridge",
    "overview" : "No overview found.",
    "genres" : [ {
      "id" : 99,
      "name" : "Documentary"
    } ]
  }, {
    "id" : 32575,
    "title" : "Putney Swope",
    "overview" : "Swope is the only black man on the executive board of an advertising firm, and is accidentally put in charge after the death of the chairman of the board.",
    "genres" : [ {
      "id" : 35,
      "name" : "Comedy"
    }, {
      "id" : 18,
      "name" : "Drama"
    } ]
  }, {
    "id" : 32580,
    "title" : "WWE Royal Rumble 1998",
    "overview" : "Royal Rumble (1998) was the eleventh annual Royal Rumble. It was presented by MCI's 1-800-COLLECT, and took place on January 18, 1998 at the San Jose Arena in San Jose, California.  The main event was a casket match between Shawn Michaels and The Undertaker for the WWF Championship. The main matches on the undercard were the Royal Rumble match, The Legion Of Doom (Hawk and Animal) versus The New Age Outlaws (Road Dogg and Billy Gunn) for the WWF Tag Team Championship, and The Rock versus Ken Shamrock for the WWF Intercontinental Championship.",
    "genres" : [ {
      "id" : 28,
      "name" : "Action"
    }, {
      "id" : 18,
      "name" : "Drama"
    } ]
  }, {
    "id" : 32585,
    "title" : "The Beacon",
    "overview" : "While trying to get their lives back on track after the loss of their four year old son, Bryn and Paul Shaw move to the charming old Beacon Apartments. Bryn begins seeing a ghostly little boy skulking around the building. With the help of an eccentric young professor and a tough old beat cop, Bryn tries to uncover the details of the boy's death.",
    "genres" : [ {
      "id" : 27,
      "name" : "Horror"
    }, {
      "id" : 53,
      "name" : "Thriller"
    } ]
  }, {
    "id" : 32590,
    "title" : "The Center of the World",
    "overview" : "A couple checks into a suite in Las Vegas. In flashbacks we see that he's a computer whiz on the verge of becoming a dot.com millionaire, she's a lap dancer at a club. He's depressed, withdrawing from work, missing meetings with investors. He wants a connection, so he offers her $10,000 to spend three nights with him in Vegas, and she accepts with conditions. Is mutual attraction stirring?",
    "genres" : [ {
      "id" : 18,
      "name" : "Drama"
    }, {
      "id" : 10749,
      "name" : "Romance"
    } ]
  }, {
    "id" : 32595,
    "title" : "Howling III: The Marsupials",
    "overview" : "A strange race of human-like marsupials appear suddenly in Australia, and a sociologist who studies these creatures falls in love with a female one. Is this a dangerous combination?",
    "genres" : [ {
      "id" : 27,
      "name" : "Horror"
    }, {
      "id" : 35,
      "name" : "Comedy"
    }, {
      "id" : 10769,
      "name" : "Foreign"
    } ]
  }, {
    "id" : 32600,
    "title" : "Seven Chances",
    "overview" : "A man learns he will inherit a fortune if he marries -- by 7 p.m. today.",
    "genres" : [ {
      "id" : 35,
      "name" : "Comedy"
    }, {
      "id" : 10749,
      "name" : "Romance"
    } ]
  }, {
    "id" : 32605,
    "title" : "Naica",
    "overview" : "No overview found.",
    "genres" : [ ]
  }, {
    "id" : 32610,
    "title" : "Babes in Arms",
    "overview" : "Mickey Moran, son of two vaudeville veterans, decide to put up his own vaudeville show with his girlfriend Patsy Barton. But child actress Rosalie wants to make a comeback and replace Patsy both professionally and as Mickey's girl.",
    "genres" : [ {
      "id" : 18,
      "name" : "Drama"
    }, {
      "id" : 35,
      "name" : "Comedy"
    }, {
      "id" : 10402,
      "name" : "Music"
    } ]
  }, {
    "id" : 32615,
    "title" : "The Offence",
    "overview" : "A burned-out British police detective finally snaps while interrogating a suspected child molester.",
    "genres" : [ {
      "id" : 80,
      "name" : "Crime"
    }, {
      "id" : 18,
      "name" : "Drama"
    } ]
  }, {
    "id" : 32620,
    "title" : "The Drowning Pool",
    "overview" : "Harper is brought to Louisiana to investigate an attempted blackmail scheme. He soon finds out that it involves an old flame of his and her daughter. He eventually finds himself caught in a power struggle between the matriarch of the family and a greedy oil baron, who wants their property. Poor Harper! Things are not as straight-forward as they initially appeared.",
    "genres" : [ {
      "id" : 18,
      "name" : "Drama"
    }, {
      "id" : 9648,
      "name" : "Mystery"
    }, {
      "id" : 53,
      "name" : "Thriller"
    } ]
  }, {
    "id" : 32625,
    "title" : "Personal Velocity",
    "overview" : "Three women's escapes from their afflicted lives. Each struggles to flee from the men who confine their personal freedom.",
    "genres" : [ {
      "id" : 18,
      "name" : "Drama"
    } ]
  }, {
    "id" : 32630,
    "title" : "America The Beautiful",
    "overview" : "In a society where \"celebutantes\" like Paris Hilton dominate newsstands and models who weigh less than 90 pounds die from malnutrition, female body image is one of the more dire problems facing today's society. \"America the Beautiful\" illuminates the issue by covering every base. Child models, plastic surgery, celebrity worship, airbrushed advertising, dangerous cosmetics - no rock is left unturned.",
    "genres" : [ {
      "id" : 99,
      "name" : "Documentary"
    } ]
  }, {
    "id" : 32635,
    "title" : "A Place in the World",
    "overview" : "Mario and Ana, in voluntary exile from Buenos Aires, live in a remote Argentine valley with their 12-year-old son Ernesto. Mario runs a school and a wool cooperative; Ana, a doctor, heads a clinic with Nelda, a progressive nun. Into this idealistic family comes Hans, a jaded Spanish geological engineer -- surveying the land for the local patron, to see if it can be dammed for hydro-electric power, which would drive the peasants from the land into the cities.",
    "genres" : [ {
      "id" : 28,
      "name" : "Action"
    }, {
      "id" : 18,
      "name" : "Drama"
    } ]
  }, {
    "id" : 32640,
    "title" : "Wonderland",
    "overview" : "There's little wonder in the working-class lives of Bill, Eileen, and their three grown daughters. They're lonely Londoners. Nadia, a cafe waitress, places personal ads, looking for love; Debbie, a single mom, entertains men at the hair salon after hours; her son spends part of the weekend with her ex, a man with a hair-trigger temper. Molly is expecting her first baby and its father acts as if the responsibility is too much for him.",
    "genres" : [ {
      "id" : 18,
      "name" : "Drama"
    } ]
  }, {
    "id" : 32665,
    "title" : "The Jigsaw Man",
    "overview" : "Philip Kimberly, the former head of the British Secret Service who defected to Russia, is given plastic surgery and sent back to Britain by the KGB to retrieve some vital documents. With the documents in hand, he instead plays off MI6 and the KGB against each other.",
    "genres" : [ {
      "id" : 53,
      "name" : "Thriller"
    } ]
  }, {
    "id" : 32670,
    "title" : "Cl.One",
    "overview" : "Humanity is on the verge of extinction after nuclear fallout from the war renders every living thing on Earth infertile. Chancellor Derek Strombourg, mourning the death of his daughter, must find the one person whose genetic structure can bring life to thousands of dormant human clones. Fighting him is an underground rebellion struggling to prevent this awesome power from falling into the hands of Derek's new world order",
    "genres" : [ ]
  }, {
    "id" : 32680,
    "title" : "Chandni",
    "overview" : "Chandni was a blockbuster in 1989 and is one of the most successful films of Indian cinema. The huge profits of this musical brought an end to director Yash Chopra's lean phase. The platinum success of its music was instrumental in ending the era of violence in Bollywood and bringing back music into Hindi films. The film reaffirmed Sridevi's position as the top female star of the Eighties.",
    "genres" : [ {
      "id" : 18,
      "name" : "Drama"
    }, {
      "id" : 10749,
      "name" : "Romance"
    }, {
      "id" : 10769,
      "name" : "Foreign"
    } ]
  }, {
    "id" : 32685,
    "title" : "Ernest Scared Stupid",
    "overview" : "Well-intentioned, eternally bumbling Ernest P. Worrell accidentally releases an evil demon from its sacred tomb. As the demon flexes its power and goes on a ruinous rampage, good-guy Ernest tries to step in to save the town from mass destruction. Trouble is, a 200-year-old curse has scared Ernest stupid, and that means hilarity all around! So, kick back and let the laugh-ridden adventures begin.",
    "genres" : [ {
      "id" : 27,
      "name" : "Horror"
    }, {
      "id" : 35,
      "name" : "Comedy"
    }, {
      "id" : 10751,
      "name" : "Family"
    } ]
  }, {
    "id" : 32690,
    "title" : "Scandal",
    "overview" : "Akira Kurosawa directed this drama about a paparazzi photo that a tabloid magazine spins into a scandalous story and soon sparks a court case.",
    "genres" : [ {
      "id" : 18,
      "name" : "Drama"
    } ]
  }, {
    "id" : 32695,
    "title" : "Walking Vengeance",
    "overview" : "Frantic to be free of Felix, her wealthy but drunken and violent drug-lord husband, Ana (Elena Anaya) tricks her fresh-from-prison sister, Aurora (Ariadna Gil), and two other ex-partners in crime into coming to her aid. Now that their crew is reassembled, the women begin planning a heist that will rid Ana of Felix and net them enough cash to be set for life.",
    "genres" : [ {
      "id" : 80,
      "name" : "Crime"
    }, {
      "id" : 18,
      "name" : "Drama"
    }, {
      "id" : 53,
      "name" : "Thriller"
    } ]
  }, {
    "id" : 32700,
    "title" : "Boyfriends",
    "overview" : "Paul, Matt, and Will (in their 30s) have been friends for years. They converge at the seaside for the weekend, each with a boyfriend in tow. Paul is with Ben, his companion of five years: their relationship is on the rocks after months of Paul's moodiness since his brother Mark died. Matt brings Owen, whom he's dated for three months and wants to live with; to everyone else, they seem singularly.",
    "genres" : [ {
      "id" : 35,
      "name" : "Comedy"
    }, {
      "id" : 18,
      "name" : "Drama"
    }, {
      "id" : 10769,
      "name" : "Foreign"
    }, {
      "id" : 10749,
      "name" : "Romance"
    } ]
  }, {
    "id" : 32720,
    "title" : "Hail Mary",
    "overview" : "In this modern retelling of the Virgin birth, Mary is a student who plays basketball and works at her father's petrol station; Joseph is an earnest dropout who drives a cab. The angel Gabriel must school Joseph to accept Mary's pregnancy, while Mary comes to terms with God's plan through meditations that are sometimes angry and usually punctuated by elemental images of the sun, moon, clouds, flowers, and water.",
    "genres" : [ {
      "id" : 18,
      "name" : "Drama"
    } ]
  }, {
    "id" : 32740,
    "title" : "Krrish",
    "overview" : "Krishna (Roshan) is born with magical powers - a legacy from his father. Priya (Chopra) comes into his life and becomes his world. When she beckons him to Singapore, he follows. In Singapore, Dr. Siddhant Arya (Shah), the megalomaniac scientist is on the verge of changing the future forever. Only one man stands between Dr. Siddharth Arya and his destructive dreams. To block his ruthless ambitions -- Krishna must become Krrish.",
    "genres" : [ {
      "id" : 28,
      "name" : "Action"
    }, {
      "id" : 878,
      "name" : "Science Fiction"
    } ]
  }, {
    "id" : 32760,
    "title" : "Atheist Alliance International Convention 2007",
    "overview" : "The Richard Dawkins Foundation for Reason and Science presents a DVD collection of 9 speakers from the Atheist Alliance International 2007 Convention (AtheistAlliance.org) held in Washington, D.C. Hear from some of the world's leading rationalists on a variety of subjects including suicide terrorism (Thomson), the Intelligent Deign movement (Scott), Islam (Hirsi Ali), church/state separation (Tabash), \"The OUT Campaign\" and the labeling of children (Dawkins), atheism, religion and much more. Q&amp;A sessions follow most of the talks.",
    "genres" : [ {
      "id" : 99,
      "name" : "Documentary"
    } ]
  }, {
    "id" : 32770,
    "title" : "Lamb Of God: Killadelphia",
    "overview" : "Part concert footage, part fly-on-the-wall video documentary of the ups and downs of a road tour, Lamb of God: Killadelphia could easily entertain the most stubborn of metal haters with its lively peek at the band at work and play between shows. Whether dealing with rental truck breakdowns, show delays, radio interviews, in-store appearances, late arrivals of equipment, or dazzled fans, the members of Lamb of God and their handful of assistants keep their cool with fluent wit, easygoing camaraderie, and unabashed romanticism (meeting up with band members' spouses is one of the highlights of Killadelphia). Meanwhile, Lamb of God's grinding, apocalyptic wall of sound, especially singer Randy Blythe's croaking, monster vocals, whip a Philadelphia crowd into a hellbound fury. Special features include three music videos, including an uncensored \"Now You've Got Something to Die For.\"",
    "genres" : [ {
      "id" : 99,
      "name" : "Documentary"
    }, {
      "id" : 10402,
      "name" : "Music"
    } ]
  }, {
    "id" : 32790,
    "title" : "The Good Witch",
    "overview" : "A mysterious woman comes in to town and inhabits the local haunted mansion, making everyone wonder if she's a witch or \"The Grey Lady\".",
    "genres" : [ {
      "id" : 10751,
      "name" : "Family"
    }, {
      "id" : 14,
      "name" : "Fantasy"
    }, {
      "id" : 18,
      "name" : "Drama"
    } ]
  }, {
    "id" : 32825,
    "title" : "Wild in the Country",
    "overview" : "A troubled young man discovers that he has a knack for writing when a counselor encourages him to pursue a literary career.",
    "genres" : [ {
      "id" : 18,
      "name" : "Drama"
    }, {
      "id" : 10749,
      "name" : "Romance"
    } ]
  }, {
    "id" : 32830,
    "title" : "Humble Pie",
    "overview" : "At nearly 400 pounds, Tracy Orbison is a wide target. When he sets out to pursue his dream of acting, the grocery clerk finds an assortment of people waiting to dash his dreams. Through it all, Tracy remains irrepressibly upbeat, convinced he's destined for something big.",
    "genres" : [ {
      "id" : 35,
      "name" : "Comedy"
    } ]
  }, {
    "id" : 32835,
    "title" : "Led Zeppelin DVD",
    "overview" : "Led Zeppelin is a double DVD set by the English rock band Led Zeppelin. The recording of the DVD spans the years from 1969 to 1979 and includes performances from the Royal Albert Hall in 1970, Madison Square Garden in 1973, Earls Court in 1975, and Knebworth in 1979, plus other footage. [1970:] 01 \tWe're Gonna Groove  02\tI Can't Quit You Baby  03 \tDazed And Confused  04 \tWhite Summer  05 \tWhat Is And What Should Never Be  06 \tHow Many More Times  07 \tMoby Dick  08 \tWhole Lotta Love  09 \tCommunication Breakdown  10 \tC'mon Everybody  11 \tSomething Else  12 \tBring It On Home  [1973:]  01\tImmigrant Song  02 \tBlack Dog 03 \tMisty Mountain Hop  04 \tSince I've Been Loving You  05 \tThe Ocean  [1975:] 06 \tGoing To California  07 \tThat's The Way  08 \tBron-Y-Aur Stomp  09 \tIn My Time Of Dying  10 \tTrampled Underfoot  11 \tStairway To Heaven  [1979:] 12 \tRock And Roll  13 \tNobody's Fault But Mine  14 \tSick Again  15 \tAchilles Last Stand  16 \tIn The Evening  17 \tKashmir  18 \tWhole Lotta Love",
    "genres" : [ {
      "id" : 10402,
      "name" : "Music"
    } ]
  }, {
    "id" : 32840,
    "title" : "Hey DJ",
    "overview" : "From Miami to Ibiza, HEY DJ chronicles the meteoric rise to Fame of DJ HOUND DOG and the terrible mess he makes of his love life. Featuring an all star cast of the Worlds Greatest DJ's.",
    "genres" : [ {
      "id" : 35,
      "name" : "Comedy"
    }, {
      "id" : 18,
      "name" : "Drama"
    }, {
      "id" : 10402,
      "name" : "Music"
    } ]
  }, {
    "id" : 32845,
    "title" : "Wrong Side of Town",
    "overview" : "Ex-Navy Seal Bobby Kalinowski lives a quiet, peaceful life as a landscape architect in an LA suburb with his wife Dawn and 16 year old daughter Brianna. Tonight they are invited out for an evening on the town by new neighbors clay and Elise Freeman to a happening club downtown. Little did they know that this would be the start of a life or death ordeal for the group.",
    "genres" : [ {
      "id" : 28,
      "name" : "Action"
    }, {
      "id" : 80,
      "name" : "Crime"
    } ]
  }, {
    "id" : 32850,
    "title" : "Act of Violence",
    "overview" : "An embittered veteran tracks down a POW camp informer.",
    "genres" : [ {
      "id" : 18,
      "name" : "Drama"
    }, {
      "id" : 53,
      "name" : "Thriller"
    } ]
  }, {
    "id" : 32855,
    "title" : "In Country",
    "overview" : "Samantha Hughes, a teenaged Kentucky girl, never knew her father, who died in Vietnam before her birth. Samantha lives with her uncle Emmett, who also served in Vietnam. Emmett hangs around with Tom, Earl, and Pete, three other Vietnam vets who, like Emmett, all have problems of one kind or another that relate to their war experiences. Samantha,becomes obsessed with finding out about her father.",
    "genres" : [ {
      "id" : 18,
      "name" : "Drama"
    }, {
      "id" : 35,
      "name" : "Comedy"
    }, {
      "id" : 10749,
      "name" : "Romance"
    } ]
  }, {
    "id" : 32860,
    "title" : "The Dark House",
    "overview" : "A woman tries to escape a stalker by moving with her children to her sister's isolated beach house",
    "genres" : [ {
      "id" : 18,
      "name" : "Drama"
    }, {
      "id" : 27,
      "name" : "Horror"
    }, {
      "id" : 53,
      "name" : "Thriller"
    } ]
  }, {
    "id" : 32870,
    "title" : "Postman Pat - Magic Christmas",
    "overview" : "Postman Pat and his black and white cat, Jess, return in two brand new, action-packed adventures filled with new characters and new stories. Join Pat and all the Greendale gang for the first time ever in these great all-new features:  Postman Pat and the Greendale Rocket:  The local children set off on a school outing and are very excited to find Greendale’s forgotten old train. Pat and Ted try to get it working again, but with no luck, so they call on the help of Julian’s pen pal, whose dad is a train enthusiast. Will they get the Greendale Rocket running in time for the grand opening of the new train station?  Postman Pat’s Magic Christmas:  Pat has so many parcels and letters to deliver he doesn’t know how he will get his rounds done in time for the village Christmas party and make a surprise visit as Santa Claus. But help is at hand from a very cheerful stranger with a big white beard and shiny black boots – who could it be?",
    "genres" : [ {
      "id" : 16,
      "name" : "Animation"
    } ]
  }, {
    "id" : 32895,
    "title" : "Jack Hunter: The Quest for Akhenaton's Tomb",
    "overview" : "Adventurer Jack Hunter sets off in pursuit of a legendary tomb, meeting dangerous old adversaries, and even more dangerous old flames, along the way.",
    "genres" : [ {
      "id" : 12,
      "name" : "Adventure"
    } ]
  }, {
    "id" : 32910,
    "title" : "Jake's Closet",
    "overview" : "Jake's Closet takes you back through childhood in a suspenseful and deeply moving story that dives deep into the mind of a little boy under the stress of a fractured family.",
    "genres" : [ {
      "id" : 18,
      "name" : "Drama"
    }, {
      "id" : 53,
      "name" : "Thriller"
    } ]
  }, {
    "id" : 32915,
    "title" : "steed",
    "overview" : "No overview found.",
    "genres" : [ ]
  }, {
    "id" : 32925,
    "title" : "O Crime do Padre Amaro",
    "overview" : "O Crime do Padre Amaro (\"The Crime of Father Amaro\") is a novel by the 19th-century Portuguese writer José Maria de Eça de Queiroz. It was first published in 1875 to great controversy.",
    "genres" : [ {
      "id" : 18,
      "name" : "Drama"
    } ]
  }, {
    "id" : 32930,
    "title" : "Bill Maher: '...But I'm Not Wrong'",
    "overview" : "In front of a live audience at the Raleigh Memorial Auditorium at the Progress Energy Center for the Performing Arts in Raleigh, North Carolina, the Emmy-nominated host of Real Time with Bill Maher performs an all-new hour of stand-up comedy.  Among the topics Bill discusses in his ninth HBO solo special are: Whether the \"Great Recession\" is really over; the fake patriotism of the right wing; what goes on in the mind of a terrorist; why Obama needs a posse instead of the secret service; the drug war; Michael Jackson; getting out of Iraq and Afghanistan; racism; the Teabagger movement; religion; the health-care fight; why Gov. Mark Sanford will come out looking good, and how silly it is to ask \"Why do men cheat?\"; and why comedy most definitely didn't die when George Bush left office.",
    "genres" : [ {
      "id" : 35,
      "name" : "Comedy"
    } ]
  }, {
    "id" : 32940,
    "title" : "The Terminal Man",
    "overview" : "As the result of a head injury, brilliant computer scientist Harry Benson begins to experience violent seizures. In an attempt to control the seizures, Benson undergoes a new surgical procedure in which a microcomputer is inserted into his brain. The procedure is not entirely successful.",
    "genres" : [ {
      "id" : 878,
      "name" : "Science Fiction"
    }, {
      "id" : 53,
      "name" : "Thriller"
    } ]
  }, {
    "id" : 32945,
    "title" : "The Strange Woman",
    "overview" : "Alluring Hedy Lamarr plays Jenny, a lusty, sociopathic lass in the wilds of 18th Century Bangor, Maine, who uses her beauty to snare a local, rich, middle-aged businessman (Gene Lockhart). She then seduces his weak-willed son (Louis Hayward) and later goes after John (George Sanders)-- a tall, dark, handsome woodsman engaged to her friend.",
    "genres" : [ {
      "id" : 18,
      "name" : "Drama"
    } ]
  }, {
    "id" : 32985,
    "title" : "Solomon Kane",
    "overview" : "A nomadic 16th century warrior, condemned to hell for his brutal past, seeks redemption by renouncing violence, but finds some things are worth burning for as he fights to free a young Puritan woman from the grip of evil.",
    "genres" : [ {
      "id" : 12,
      "name" : "Adventure"
    }, {
      "id" : 14,
      "name" : "Fantasy"
    }, {
      "id" : 28,
      "name" : "Action"
    }, {
      "id" : 878,
      "name" : "Science Fiction"
    } ]
  }, {
    "id" : 32990,
    "title" : "Mother of Mine",
    "overview" : "1943: Nine-year-old Eero whose father is killed during the war is brought to Sweden to foster parents to his protection like thousands of other Finnish children. Eero feels lost, particularly as his foster mother Signe behaves very unfriendly. She was expecting a little girl and still mourns for her daughter who drowned in the sea.",
    "genres" : [ {
      "id" : 18,
      "name" : "Drama"
    } ]
  }, {
    "id" : 33000,
    "title" : "Street Boss",
    "overview" : "Based on the true story of how the FBI brought down one of Detroit's most notorious mobsters.",
    "genres" : [ {
      "id" : 18,
      "name" : "Drama"
    }, {
      "id" : 28,
      "name" : "Action"
    }, {
      "id" : 53,
      "name" : "Thriller"
    }, {
      "id" : 80,
      "name" : "Crime"
    } ]
  }, {
    "id" : 33005,
    "title" : "Mimic: Sentinel",
    "overview" : "A man enclosed in a plastic bubble, his sister, and their best friend must defend an apartment complex from the mutant Judas Breed insects.",
    "genres" : [ {
      "id" : 27,
      "name" : "Horror"
    }, {
      "id" : 878,
      "name" : "Science Fiction"
    }, {
      "id" : 53,
      "name" : "Thriller"
    } ]
  }, {
    "id" : 33010,
    "title" : "Vancouver 2010: XXI Olympic Winter Games",
    "overview" : "No overview found.",
    "genres" : [ {
      "id" : 99,
      "name" : "Documentary"
    } ]
  }, {
    "id" : 33015,
    "title" : "Go West",
    "overview" : "Keaton portrays Friendless, who travels west to try to make his fortune. Once there, he tries his hand at bronco-busting, cattle wrangling, and dairy farming, eventually forming a bond with a cow named \"Brown Eyes.\" Eventually he finds himself leading a herd of cattle through Los Angeles.",
    "genres" : [ {
      "id" : 35,
      "name" : "Comedy"
    }, {
      "id" : 37,
      "name" : "Western"
    } ]
  }, {
    "id" : 33020,
    "title" : "Dracula A.D. 1972",
    "overview" : "Set in London in the early 1970's, supposedly for teen thrills, Johnny organises a black magic ceremony in a desolate churchyard. The culmination of the ritual, however, is the rejuvenation of Dracula from shrivelled remains. Johnny, Dracula' s disciple, lures victims to the deserted graveyard for his master's pleasure and one of the victims delivered is Jessica Van Helsing. Descended from the Van Helsing line of vampire hunters her grandfather, equipped with all the devices to snare and destroy the Count, confronts his arch enemy in the age-old battle between good and evil.",
    "genres" : [ {
      "id" : 27,
      "name" : "Horror"
    } ]
  }, {
    "id" : 33025,
    "title" : "Mannequin",
    "overview" : "Rags-to-riches Hennessey meets newlyweds Jessie and Eddie from his old neighborhood. Eddie plots to have Jessie divorce him, marry Hennessey, divorce Hennessey, then bring Hennessey's money into remarriage with Eddie. His plan goes awry at several points.",
    "genres" : [ {
      "id" : 18,
      "name" : "Drama"
    } ]
  }, {
    "id" : 33030,
    "title" : "In Name Only",
    "overview" : "A wealthy man falls for a widow but is locked into a loveless marriage with a woman who has contrived to convince his parents she is the ideal wife.",
    "genres" : [ {
      "id" : 18,
      "name" : "Drama"
    } ]
  }, {
    "id" : 33035,
    "title" : "A Film with Me in It",
    "overview" : "A dissolute scriptwriter and a dejected actor become unwittingly drawn into a labyrinthine mess when several people experience bizarre accidental deaths in their flat. Though the men didn't deliberately cause any of the incidents, they fear that they will be unfairly pegged as murderers if they relay information to the cops, and promptly set about disposing of the corpses in gruesome ways.",
    "genres" : [ {
      "id" : 35,
      "name" : "Comedy"
    }, {
      "id" : 53,
      "name" : "Thriller"
    }, {
      "id" : 9648,
      "name" : "Mystery"
    } ]
  }, {
    "id" : 33045,
    "title" : "Parasite Eve",
    "overview" : "Toshiaki Nagashima is a biologist who is doing major research on mitochondria. When his beautiful young wife is tragically involved in a car accident which leaves her brain dead, in desperation he steals her liver from her body in order to recieve the mitochondria from it to resurrect his wife from the dead. The killer mitochondria takes the form of his assistant.",
    "genres" : [ {
      "id" : 10749,
      "name" : "Romance"
    }, {
      "id" : 27,
      "name" : "Horror"
    }, {
      "id" : 878,
      "name" : "Science Fiction"
    }, {
      "id" : 53,
      "name" : "Thriller"
    }, {
      "id" : 18,
      "name" : "Drama"
    } ]
  }, {
    "id" : 33050,
    "title" : "Schöne Tage",
    "overview" : "No overview found.",
    "genres" : [ {
      "id" : 18,
      "name" : "Drama"
    } ]
  }, {
    "id" : 33055,
    "title" : "Murphy's Law",
    "overview" : "A tough police detective escapes from custody handcuffed to a foul-mouthed car thief after being framed for the murder of his ex-wife. He must now find the real killer and prove his innocence.",
    "genres" : [ {
      "id" : 28,
      "name" : "Action"
    }, {
      "id" : 9648,
      "name" : "Mystery"
    }, {
      "id" : 53,
      "name" : "Thriller"
    } ]
  }, {
    "id" : 33060,
    "title" : "La Cucina",
    "overview" : "A small group of amateur cooks and kitchen guests discover exactly why some refer to the kitchen as the \"heart of the house\".",
    "genres" : [ {
      "id" : 18,
      "name" : "Drama"
    } ]
  }, {
    "id" : 33065,
    "title" : "Alesha Popovich and Tugarin the Dragon",
    "overview" : "Alesha Popovich has to catch Tugarin Zmey and bring back the stolen money with the help of a talking Horse (which talks all the time and has an opinion on everything), a wise granny, a donkey and a beauty Lyubava.",
    "genres" : [ {
      "id" : 16,
      "name" : "Animation"
    }, {
      "id" : 35,
      "name" : "Comedy"
    }, {
      "id" : 18,
      "name" : "Drama"
    } ]
  }, {
    "id" : 33070,
    "title" : "The Screaming Throats",
    "overview" : "Copenhagen 1984. Ronni is a young, mediocre punk-guitarist, eager to make it big in the death obsessed late-punk milieu. But his girlfriend has left him, the other members of his band are fed up with his incompetence and insecure attitude, he has a problem with his stomach, his doctor wants to abuse him sexually and the former manager of the band thinks Ronni owes him some money. It seems to reach an ultimate low, when Ronni collapses onstage during an all-important concert, but it turns out to be his ticket to glory as he claims to be mortally ill",
    "genres" : [ {
      "id" : 35,
      "name" : "Comedy"
    } ]
  }, {
    "id" : 33095,
    "title" : "Good Old Daze",
    "overview" : "Ten years after their Upper Sixth, Bruno, Momo, Leon and Alain meet together in the waiting room of a maternity hospital. The father of the awaited baby is Tomasi, their best friend at that time, who died one month before due to an overdose. They remember their teenage, their laughs, their dreams, their stupid pranks... a description of the French youth in the middle of the seventies.",
    "genres" : [ {
      "id" : 35,
      "name" : "Comedy"
    } ]
  }, {
    "id" : 33105,
    "title" : "Single Fin Yellow",
    "overview" : "Journey the world as one yellow surfboard is shared by a group of friends.  Starring Tyler Hatzikian, Beau Young, David Kinoshita, Daize Shayne, Devon Howard, Bonga Perkins &amp; Co-Starring Dylan Jones, Jimmy Gamboa and Josh Farberow.  Shot on location in California, Australia, Mexico, Hawaii and Japan.",
    "genres" : [ ]
  }, {
    "id" : 33110,
    "title" : "La caja 507",
    "overview" : "Modesto (Antonio Resines), an honest and responsible professional, is a manager of a small bank branch in Costa del Sol. His daughter died in a forest fire which he had thought to be accidental. One day he wakes up in his bank, after being locked and dragged by unknown men, and finds out in a safety-deposit box that the fire was plotted. From that day on, he sets on a personal crusade for justice.",
    "genres" : [ {
      "id" : 28,
      "name" : "Action"
    }, {
      "id" : 18,
      "name" : "Drama"
    }, {
      "id" : 53,
      "name" : "Thriller"
    } ]
  }, {
    "id" : 33115,
    "title" : "Unfaithfully Yours",
    "overview" : "Sir Alfred De Carter suspects his wife of infidelity. While conducting a symphony orchestra, he imagines three different ways of dealing with the situation.",
    "genres" : [ {
      "id" : 35,
      "name" : "Comedy"
    }, {
      "id" : 10749,
      "name" : "Romance"
    } ]
  } ]
}