{
  "movies" : [ {
    "id" : 73970,
    "title" : "She, a Chinese",
    "overview" : "This is the story of Mei, a young woman on a trip from East to West after her escape from her provincial Chinese village. Beginning in Chongqing and a disastrous factory job, Mei soon heads out for London and a marriage to an older man where her entrapment begins anew.",
    "genres" : [ {
      "id" : 18,
      "name" : "Drama"
    }, {
      "id" : 10769,
      "name" : "Foreign"
    } ]
  }, {
    "id" : 73975,
    "title" : "Omar Marzouk - War, terror and other funny stuff",
    "overview" : "",
    "genres" : [ {
      "id" : 35,
      "name" : "Comedy"
    } ]
  }, {
    "id" : 73980,
    "title" : "Love, Not Yet",
    "overview" : "A new Thai ensemble film features three short episodes about teen romance and teen pregnancy. In all three, high school girls have unplanned sex and get pregnant, and the stories involve their handling of the problem. It’s a romantic comedy rather than a cinematic lecture on one of Thailand’s social issues.",
    "genres" : [ {
      "id" : 10749,
      "name" : "Romance"
    }, {
      "id" : 18,
      "name" : "Drama"
    }, {
      "id" : 35,
      "name" : "Comedy"
    } ]
  }, {
    "id" : 73990,
    "title" : "G.I. Samurai",
    "overview" : "A squadron of Japanese Self-Defense Force soldiers find themselves transported through time to their country's warring states era, when rival samurai clans were battling to become the supreme Shogun.",
    "genres" : [ {
      "id" : 28,
      "name" : "Action"
    }, {
      "id" : 878,
      "name" : "Science Fiction"
    }, {
      "id" : 10752,
      "name" : "War"
    } ]
  }, {
    "id" : 73995,
    "title" : "Polvere di Stelle",
    "overview" : "",
    "genres" : [ ]
  }, {
    "id" : 74000,
    "title" : "South Kensington",
    "overview" : "",
    "genres" : [ {
      "id" : 35,
      "name" : "Comedy"
    } ]
  }, {
    "id" : 74005,
    "title" : "Are We Men or Corporals?",
    "overview" : "",
    "genres" : [ {
      "id" : 35,
      "name" : "Comedy"
    } ]
  }, {
    "id" : 74010,
    "title" : "Benvenuti in casa Gori",
    "overview" : "",
    "genres" : [ ]
  }, {
    "id" : 74015,
    "title" : "Allman Brothers Band: Live at the Beacon Theatre",
    "overview" : "Rock legends the Allman Brothers perform live at New York City's Beacon Theatre in this three-hour set filmed live in March 2003. Highlights include \"Midnight Rider,\" \"Whippin' Post,\" \"Statesboro Blues,\" \"Desdemona\" and \"A Change Is Gonna Come.\"",
    "genres" : [ {
      "id" : 10402,
      "name" : "Music"
    } ]
  }, {
    "id" : 74020,
    "title" : "The Mystery of the Blue Valley",
    "overview" : "Three teenagers - Artyom, Vika and Maxim - are getting into a lot of adventures in a mysterious place called Blue Valley.",
    "genres" : [ {
      "id" : 12,
      "name" : "Adventure"
    }, {
      "id" : 10751,
      "name" : "Family"
    } ]
  }, {
    "id" : 74025,
    "title" : "La presidenta municipal",
    "overview" : "La India Maria becomes the municipal president due to a ballot typo.",
    "genres" : [ {
      "id" : 18,
      "name" : "Drama"
    }, {
      "id" : 35,
      "name" : "Comedy"
    } ]
  }, {
    "id" : 74035,
    "title" : "Ninjas vs. Zombies",
    "overview" : "Seven friends, struggling with late 20s, early 30's life, find themselves in terrifying danger when a long-dead loved one is magically resurrected and starts devouring souls. To make matters worse, three of them have been granted the power of the Ninja, and now must lead the fight against a power they cannot hope to vanquish. If they fail, the un-dead will overrun their little town, and quite possibly the world.",
    "genres" : [ {
      "id" : 27,
      "name" : "Horror"
    }, {
      "id" : 28,
      "name" : "Action"
    }, {
      "id" : 35,
      "name" : "Comedy"
    } ]
  }, {
    "id" : 74040,
    "title" : "Sunshine Reggae auf Ibiza",
    "overview" : "Karl is a simple farmer who takes a plane to Ibiza to finally meet his idol, pop-singer Linda Lou. Karl has long ago fallen in love with his idol and has written her numerous love letters, But a farmer like Karl is not the kind of man she could be interested in. At the same time however, a famous millionaire, who happens to look just like Karl, is staying on the island",
    "genres" : [ {
      "id" : 35,
      "name" : "Comedy"
    } ]
  }, {
    "id" : 74045,
    "title" : "Moonsund",
    "overview" : "Captain of a Russian battleship \"Novik\" Artenyev is in love with a beautiful lady Klara who is a German spy. They cannot be together because of the war and their professions. But they are in such love that all the war battles and battleships do not stop them, only their duties do.",
    "genres" : [ {
      "id" : 10752,
      "name" : "War"
    }, {
      "id" : 18,
      "name" : "Drama"
    }, {
      "id" : 36,
      "name" : "History"
    }, {
      "id" : 10749,
      "name" : "Romance"
    } ]
  }, {
    "id" : 74050,
    "title" : "The Ballad of Bering and His Friends",
    "overview" : "The story of the great traveler and explorer Vitus Bering.",
    "genres" : [ {
      "id" : 12,
      "name" : "Adventure"
    }, {
      "id" : 36,
      "name" : "History"
    } ]
  }, {
    "id" : 74055,
    "title" : "L'iceberg",
    "overview" : "Fiona is the manager of a fast-food restaurant. She lives comfortably with her family in the suburbs. In other words, Fiona is happy... until one day she accidentally gets locked into a walk-in fridge. She escapes the next morning, half frozen and barely alive, only to realize that her husband and two children didn't even notice she was missing. But when Fiona develops an obsession for everything cold and icy: snow, polar bears, fridges, icebergs--she drops everything, climbs into a frozen goods delivery truck and leaves home. For a real iceberg.",
    "genres" : [ {
      "id" : 35,
      "name" : "Comedy"
    } ]
  }, {
    "id" : 74060,
    "title" : "Khroniki Izmeny",
    "overview" : "В центре сюжета — классический любовный треугольник: супруги Андрей и Анна и ухажер Анны Егор. В результате драматических перипетий, происходящих с героями, один из них погибает…",
    "genres" : [ {
      "id" : 18,
      "name" : "Drama"
    }, {
      "id" : 10749,
      "name" : "Romance"
    } ]
  }, {
    "id" : 74065,
    "title" : "The Love War",
    "overview" : "Two different alien races are at war. Representatives of each race have landed on Earth to battle it out here, but they've taken human form and they can only spot other aliens through the use of special glasses.",
    "genres" : [ {
      "id" : 878,
      "name" : "Science Fiction"
    } ]
  }, {
    "id" : 74070,
    "title" : "Bacchanales Sexuelles",
    "overview" : "Valerie watches over her cousin's place while he's away for six months. She spends her first night there reading, playing records, and calling her girlfriend Sophie over. That night, members of a crazed sex cult break in and mistakenly kidnap Sophie. Valerie's cousin, a member of this cult, has some incriminating photos and the leader wants to ruin his life. Valerie and Sophie's friend Fred go to the cult's mansion stronghold to stop all this madness.",
    "genres" : [ {
      "id" : 35,
      "name" : "Comedy"
    }, {
      "id" : 18,
      "name" : "Drama"
    }, {
      "id" : 53,
      "name" : "Thriller"
    } ]
  }, {
    "id" : 74075,
    "title" : "Don't call it love... call it x",
    "overview" : "",
    "genres" : [ {
      "id" : 35,
      "name" : "Comedy"
    } ]
  }, {
    "id" : 74080,
    "title" : "Traffic Jam",
    "overview" : "A large international cast takes part in this comedy in which the stories of numerous individuals whose cars are stalled in a massive Roman traffic jam are told.",
    "genres" : [ {
      "id" : 18,
      "name" : "Drama"
    } ]
  }, {
    "id" : 74085,
    "title" : "Distance",
    "overview" : "Living in seclusion from the rest of the world, Daniel Bauer goes about his job as a gardener in the botanical gardens. A rather inconspicuous young man who, however, regularly breaks out of his motionless daily routine and commits indiscriminate acts of violence. When he gets to know Jana, a forlorn young woman, a tentative relationship develops between the two foreign bodies. She sees everything in the shy Daniel that she always wanted from a man. Yet she doesn't have any inkling of his dark side. After a first successful date between Daniel and Jana, the situation escalates. On the morning after the date, he shoots a jogger. A reaction to the beginning love?",
    "genres" : [ {
      "id" : 18,
      "name" : "Drama"
    } ]
  }, {
    "id" : 74090,
    "title" : "Hero",
    "overview" : "Sim-dan gets bullied everyday in his school, becomes a vampire after an unexpected accident. After accepting this change, he saves a blind person who fell down on a subway track, thanks to his power. His story goes on air on TV news all over the nation, and many people start to call him a ‘Hero’. On the other hand, Sim-dan’s friends start to wonder about his power and dark force, appearing after a long sleep. He is after the girl he loves and people around him.",
    "genres" : [ {
      "id" : 14,
      "name" : "Fantasy"
    }, {
      "id" : 27,
      "name" : "Horror"
    } ]
  }, {
    "id" : 74095,
    "title" : "Wo Hu",
    "overview" : "The Hong Kong Police placed 1000 undercover officers in the various Triad groups in their efforts to bring down the criminal organization in Hong Kong. After one undercover officer's identity is discovered and he is killed, the pressure is put on one gang, suspicious of each other and everyone around them. Betrayal, deceit and murder bring this group of 'brothers' into a collision with the law, and each other.",
    "genres" : [ {
      "id" : 18,
      "name" : "Drama"
    }, {
      "id" : 28,
      "name" : "Action"
    }, {
      "id" : 53,
      "name" : "Thriller"
    }, {
      "id" : 80,
      "name" : "Crime"
    }, {
      "id" : 10769,
      "name" : "Foreign"
    } ]
  }, {
    "id" : 74100,
    "title" : "The Private Eyes",
    "overview" : "The film revolves around the exploits of a detective agency in Hong Kong called Mannix Private Detective Agency. It is headed by private detective Wong Yeuk Sze (Michael Hui) with his emotionally drained assistant Puffy (Ricky Hui). Meanwhile, Lee Kwok Kit (Samuel Hui), a kung fu expert, who works at a Vitasoy plant factory and spends most of the time doing kung fu tricks to impress a girl, ultimately loses his job. Seeking to find another line of work, Lee attempts to joins Wong's detective agency. Despite Lee's impression with his kung fu talent which involves his snatching trick, Wong was not impressed. Then, as it appears that Lee would not get the job, Wong discovers that his wallet was missing and was presumed stolen by one bystander who bumped into them. Lee intercepts him and recovers the wallet, thus impressed Wong to hire him for the job.",
    "genres" : [ {
      "id" : 35,
      "name" : "Comedy"
    }, {
      "id" : 53,
      "name" : "Thriller"
    } ]
  }, {
    "id" : 74105,
    "title" : "Is That Thing Diesel?",
    "overview" : "Join author and motorcycle fanatic, Paul Carter, on his latest adventure travelling around Australia on a bike fueled by recycled cooking oil. Paul embarks on a rollicking, downright dangerous and often unhinged quest across the continent, riding an environmentally friendly motorcycle which was built on a shoestring budget by University of Adelaide students. For a guy who spent twenty years in the oil industry, its a delicious irony, especially since Pauls around-the- continent ride is sponsored by oil service companies. When Paul Carter is involved, there is always bound to be a high-octane adventure and this journey is no exception. This is the story of one man, one bike, and one hell of a ride.",
    "genres" : [ ]
  }, {
    "id" : 74110,
    "title" : "Crazed",
    "overview" : "Nicole is a beautiful, rich and neurotic woman who lives in a mansion alone with her maids and chauffeur. But without someone to really account to, Nicole begins to spin out of control. Her decadent and lustful life leads to murder, despair and, ultimately, mournful regret in this cautionary tale for the idle rich who have too much money and time.",
    "genres" : [ {
      "id" : 18,
      "name" : "Drama"
    }, {
      "id" : 53,
      "name" : "Thriller"
    } ]
  }, {
    "id" : 74120,
    "title" : "The 12 years old cocaine smuggler",
    "overview" : "In August 2005 a 12-year-old girl was sentenced to one year in a juvenile prison for smuggling cocaine, under the Bolivian anti-narcotics law 1008. This BBC documentary follows her story, both in prison and after her release. This was not the first time she had been behind bars.",
    "genres" : [ {
      "id" : 99,
      "name" : "Documentary"
    } ]
  }, {
    "id" : 74130,
    "title" : "Waikiki Wedding",
    "overview" : "Tony Marvin is a laid back but incredibly successful promoter and fair-haired boy for J. P. Todhunter's pineapple company located in beautiful Hawaii. He gets the company to sponsor a contest in which the winner gets a Hawaiian vacation and is obligated to write articles on the islands which, when published, will constitute a publicity coup for the company. Unfortunately, Georgia Smith, the winner, feels lonely and isolated in the Islands and wants to return to the States. With help from buddy Shad Buggle Tony tries to romantically divert Georgia without letting her know his true motivation.",
    "genres" : [ {
      "id" : 35,
      "name" : "Comedy"
    }, {
      "id" : 10402,
      "name" : "Music"
    }, {
      "id" : 10749,
      "name" : "Romance"
    } ]
  }, {
    "id" : 74135,
    "title" : "Gantz: Perfect Answer",
    "overview" : "Perfect Answer begins several months after the events of the first film. Kurono is still fighting aliens under the order of Gantz, a mysterious giant black orb, and he is close to reaching the score he needs to resurrect his friend Kato. Outside his night time missions, Kurono continues to live his normal life, spending time with his new girlfriend Tae. Meanwhile, young pop star Eriko  is being secretly ordered by Gantz to carry out assassinations, and cop Shigeta inches closer towards finding out the truth about the Gantz missions. As the missions begin to get increasingly dangerous for both the alien fighters and the general public, Kurono discovers that the endgame for Gantz is quickly approaching.",
    "genres" : [ {
      "id" : 28,
      "name" : "Action"
    }, {
      "id" : 9648,
      "name" : "Mystery"
    }, {
      "id" : 878,
      "name" : "Science Fiction"
    } ]
  }, {
    "id" : 74140,
    "title" : "Let It Come Down: The Life of Paul Bowles",
    "overview" : "One of the most enigmatic artists of the 20th century, writer, composer and wanderer Paul Bowles (1910-1999) is profiled by a filmmaker who has been obsessed with his genius since age nineteen. Set against the dramatic landscape of North Africa, the mystery of Bowles (famed author of The Sheltering Sky) begins to unravel in Jennifer Baichwal's poetic and moving Let It Come Down: The Life of Paul Bowles. Rare, candid interviews with the reclusive Bowles--at home in Tangier, as well as in New York during an extraordinary final reunion with Allen Ginsberg and William Burroughs--are intercut with conflicting views of his supporters and detractors. At the time in his mid-eighties, Bowles speaks with unprecedented candor about his work, his controversial private life and his relationships with Gertrude Stein, Tennessee Williams, Truman Capote, the Beats, and his wife and fellow author Jane Bowles.",
    "genres" : [ {
      "id" : 99,
      "name" : "Documentary"
    } ]
  }, {
    "id" : 74160,
    "title" : "Kanlı Nigar",
    "overview" : "",
    "genres" : [ ]
  }, {
    "id" : 74165,
    "title" : "Aïcha 2 : Job à tout prix",
    "overview" : "",
    "genres" : [ {
      "id" : 35,
      "name" : "Comedy"
    } ]
  }, {
    "id" : 74170,
    "title" : "Wuthering Heights",
    "overview" : "Gipsy boy Heathcliffe is adopted by a god-fearing landowner in northern England and grows up as the soul-mate of the daughter, Cathy Earnshaw. When father dies, stern son Hindley returns and bans Heathcliffe to the stables; when they spy upon their upper class neighbors, Edgar Linton sends the dogs upon them and chases Heath but starts an affair -love comes only from him- with her. When Hindley's socialite wife Frances dies in childbirth, he is completely embittered, becomes a drunk unable to care for his son Hareton and has to sell Wuthering Hights- to Heathcliffe. After a misunderstanding Cathy marries Linton, Heath retorts by a loveless match with his sister. Even Cathy's death doesn't stop the cycle of spite, grief and harm so it poisons the next generation's lives as well while she keeps haunting Heathcliffe",
    "genres" : [ {
      "id" : 10770,
      "name" : "TV Movie"
    }, {
      "id" : 18,
      "name" : "Drama"
    }, {
      "id" : 10749,
      "name" : "Romance"
    } ]
  }, {
    "id" : 74175,
    "title" : "Ain't No Tomorrows",
    "overview" : "Based on a manga by Saso Akira, the film caters to a high school or older audience, marked by the frequent addition of profanity, nudity, and scenes of (mostly attempted) sex. It is an unexpectedly dark film, with infrequent scenes of comedy that may make you chuckle, but not laugh. Ain't No Tomorrows is not the most likable film out there, but it is not completely dissatisfying. It is a film that succeeds in establishing itself as unique and apart from the typical teenage drama, but feels like a surface film–one that should not be thought too deeply about.",
    "genres" : [ {
      "id" : 18,
      "name" : "Drama"
    }, {
      "id" : 10769,
      "name" : "Foreign"
    } ]
  }, {
    "id" : 74180,
    "title" : "Romeo & Juliet: Sealed with a Kiss",
    "overview" : "Romeo &amp; Juliet: Sealed With a Kiss is a fully animated feature fantasy about two star crossed seals from warring families that fall in love against their parents' wishes. When Juliet's father gives her hand in marriage to the monstrous elephant seal Prince, Juliet must fake her death in order to be reunited with Romeo. But the plan goes afoul and it's a desperate race to the end. With the help of their friends Friar Lawrence and Kissy, the kissing fish, the day is saved and the young lovers are reunited. Romeo &amp; Juliet: Sealed With a Kiss is the ageless tale of love and prejudice set in an undersea world. A film that can be enjoyed by the whole family.",
    "genres" : [ {
      "id" : 10749,
      "name" : "Romance"
    }, {
      "id" : 10751,
      "name" : "Family"
    } ]
  }, {
    "id" : 74190,
    "title" : "The Hunchback of Soho",
    "overview" : "A woman is kidnapped and her identity is stolen by criminals attempting to collect her inheritance.",
    "genres" : [ {
      "id" : 9648,
      "name" : "Mystery"
    }, {
      "id" : 80,
      "name" : "Crime"
    }, {
      "id" : 53,
      "name" : "Thriller"
    } ]
  }, {
    "id" : 74195,
    "title" : "Grunt! - La clava è uguale per tutti",
    "overview" : "",
    "genres" : [ {
      "id" : 35,
      "name" : "Comedy"
    } ]
  }, {
    "id" : 74205,
    "title" : "Tollbooth",
    "overview" : "A tollbooth attendant's fascination with a young woman who works at a gas station leads him into a love triangle and murder.",
    "genres" : [ {
      "id" : 18,
      "name" : "Drama"
    }, {
      "id" : 53,
      "name" : "Thriller"
    } ]
  }, {
    "id" : 74210,
    "title" : "The Prodigy: Invaders Alive",
    "overview" : "Extra content from The Prodigy: Worlds on Fire.",
    "genres" : [ {
      "id" : 10402,
      "name" : "Music"
    } ]
  }, {
    "id" : 74215,
    "title" : "The Virgin of Nuremberg",
    "overview" : "Women are being tortured to death with various torture devices in the dungeon of an old castle by a deformed, hooded, holocaust survivor.",
    "genres" : [ {
      "id" : 10752,
      "name" : "War"
    }, {
      "id" : 27,
      "name" : "Horror"
    } ]
  }, {
    "id" : 74220,
    "title" : "Fugitive Hunter",
    "overview" : "Quick is sinking fast: deep in debt, facing eviction in thirty days and watching his family slowly slip through his grasp. With no place to turn, Quick resorts to the ruthless and lucrative world of fugitive recovery, becoming a front runner in a band of veteran bail recovery agents-bounty hunters-working for Neil Swift, an old friend and partner of Quick's father. Enjoying sudden and unexpected prosperity, Quick finds himself at the top of his game, unaware that he is in the middle of a deadly conspiracy.",
    "genres" : [ {
      "id" : 28,
      "name" : "Action"
    }, {
      "id" : 53,
      "name" : "Thriller"
    } ]
  }, {
    "id" : 74225,
    "title" : "Killer Party",
    "overview" : "Three sorority pledges are tasked with ensuring that the gals of Sigma Alpha Pi throw a killer party at an abandoned fraternity house. Unfortunately a vengeful spirit decides to take the killer epithet literally. With a special appearance by '80s hair metal titans White Sister!",
    "genres" : [ {
      "id" : 35,
      "name" : "Comedy"
    }, {
      "id" : 27,
      "name" : "Horror"
    } ]
  }, {
    "id" : 74240,
    "title" : "Fast Getaway II",
    "overview" : "A former robber (whose partner was his father) has reformed and is now running an insurance business with his girlfriend. An ex-partner frames him for a burglary. When his father gets out of prison, they go after the ex-partner.",
    "genres" : [ {
      "id" : 12,
      "name" : "Adventure"
    }, {
      "id" : 28,
      "name" : "Action"
    }, {
      "id" : 53,
      "name" : "Thriller"
    } ]
  }, {
    "id" : 74245,
    "title" : "Postmand Per - Giver Aldrig Op",
    "overview" : "",
    "genres" : [ ]
  }, {
    "id" : 74250,
    "title" : "Postmand Per - Sommer i Grønnedal",
    "overview" : "",
    "genres" : [ ]
  }, {
    "id" : 74255,
    "title" : "Instant Expert: A Quick Guide To The French Revolution",
    "overview" : "A Quick Guide To The French Revolution details this pivotal period in European history, focusing on how the revolution shook the very foundations of monarchy, destroyed the last vestiges of feudalism, and planted the seeds of modern politics, diplomacy, and nationalism. Travel back to the days of the guillotine as HISTORY™ delves into the dark undercurrent of instability ushered in by the revolution and some of its most influential figures, including Louis XVI, Marie-Antoinette, Maximilien Robespierre, Jean-Paul Marat, Georges Danton, and Charlotte Corday.",
    "genres" : [ ]
  }, {
    "id" : 74260,
    "title" : "Né terra né cielo",
    "overview" : "",
    "genres" : [ {
      "id" : 18,
      "name" : "Drama"
    } ]
  }, {
    "id" : 74265,
    "title" : "The Big Sting",
    "overview" : "If the Three Stooges had been Chinese, with one a woman, this could very well have been one of their movies. Veteran director Lu Chun-ku leads handsome Liu Yung, pretty Liang Yun-hsin, and “Thundering Mantis,” Liang Chia-jen on a madcap mixup filled with cons, double crosses, and triple plots. Add “Dirty Ho” himself, Wang Yu, to the proceedings, and you’ve got a winner for any fans of action or comedy.",
    "genres" : [ {
      "id" : 28,
      "name" : "Action"
    } ]
  }, {
    "id" : 74270,
    "title" : "The Convict Killer",
    "overview" : "Teng Piao (Ti Lung) went to jail for fifteen years on a frame up for drug smuggling. Now that he's out, along with his iron chain, Teng Piao is hungry for revenge. The man he wants to beat with his chain is Black Leopard Lam Fei. The problem for Teng Piao is that he doesn't know who he is, only that he has a picture of a black leopard tattooed on his chest.",
    "genres" : [ {
      "id" : 28,
      "name" : "Action"
    }, {
      "id" : 10769,
      "name" : "Foreign"
    } ]
  }, {
    "id" : 74275,
    "title" : "Santa Fe",
    "overview" : "Paul Thomas is an ex-cop who happened to be the sole survivor of a mass cult suicide in Wyoming. He returns to his home town of Santa Fe in order to put his life back together. However, soon he realizes that his ex-wife is sucked into new-age philosophies. Trying to save his daughter from the cults, he finds self-help guru Eleanor who happens to be a very attractive woman.",
    "genres" : [ {
      "id" : 18,
      "name" : "Drama"
    } ]
  }, {
    "id" : 74280,
    "title" : "Chevelle: Live From the Norva",
    "overview" : "Tracklisting: 01. Family System 02. Forfeit 03. Send The Pain Below 04. Until You're Reformed 05. Sma 06. Mia 07. Point #1 08. Closure 09. Grab Thy Hand 10. An Evening With El Diablo 11. Comfortable Liar 12. Don't Fake This 13. The Red 14. Wonder's What's Next",
    "genres" : [ ]
  }, {
    "id" : 74295,
    "title" : "Crime and Punishment",
    "overview" : "An adaptation of Dostoyevsky's novel, updated to present-day Helsinki. Slaughterhouse worker Rahikainen murders a man, and is forced to live with the consequences of his actions...",
    "genres" : [ {
      "id" : 80,
      "name" : "Crime"
    }, {
      "id" : 18,
      "name" : "Drama"
    } ]
  }, {
    "id" : 74300,
    "title" : "Pomegranates and Myrrh",
    "overview" : "A free spirited woman dancer, Kamar, finds herself the lonely wife of a prisoner, Zaid, and away from everything she loves until she returns to the dance, defying societys taboos. At the dance Kamar is confronted with Kais, a Palestinian returnee. Sparks fly between Kamar and Kais, creating more than a passionate, emotional dance for the both of them. Matters become even more complicated when Zaid's sentence is extended. Kamar's life is thrown into turmoil as she becomes increasingly attached to Kais, and caught in the midst of her desire to dance and breaking the family and society taboos of the prisoner's wife's role while life under occupation rages on.",
    "genres" : [ {
      "id" : 18,
      "name" : "Drama"
    }, {
      "id" : 10769,
      "name" : "Foreign"
    } ]
  }, {
    "id" : 74305,
    "title" : "The Village",
    "overview" : "This appears to be a labor of love. Its about a village which is given the opportunity to put on a musical. They would have to pay the overhead and, being that they are farmers and always busy and not rich, question the wisdom and feasibility of such an idea. A spokesperson for the acting troupe Ms. Kono lays out the whole thing and they must decide. You get little slices of rural life in Japan far, at least in sentiment, from Tokyo. The best thing about this film is that it has heart. The acting is good, but it is really about the simple storyline of outing on a show. Films rarely get made with such simplistic plots these days. Enjoy this little slice of what city people call “the simple life”.",
    "genres" : [ {
      "id" : 18,
      "name" : "Drama"
    } ]
  }, {
    "id" : 74310,
    "title" : "Hell and Back Again",
    "overview" : "What does it mean to lead men in war? What does it mean to come home? Hell and Back Again is a cinematically revolutionary film that asks and answers these questions with a power and intimacy no previous film about the conflict in Afghanistan has been able to achieve. It is a masterpiece in the cinema of war.",
    "genres" : [ {
      "id" : 99,
      "name" : "Documentary"
    } ]
  }, {
    "id" : 74315,
    "title" : "The Invisible Avenger",
    "overview" : "Lamont Cranston, aka The Shadow, investigates the murder of a New Orleans bandleader.",
    "genres" : [ {
      "id" : 18,
      "name" : "Drama"
    }, {
      "id" : 28,
      "name" : "Action"
    }, {
      "id" : 53,
      "name" : "Thriller"
    } ]
  }, {
    "id" : 74320,
    "title" : "Ready, Set, Bag!",
    "overview" : "Competition of grocery store baggers to name the National Best Bagger at the 2008 National Grocery Bagging competition in Las Vegas.",
    "genres" : [ {
      "id" : 99,
      "name" : "Documentary"
    } ]
  }, {
    "id" : 74325,
    "title" : "Eye in the Labyrinth",
    "overview" : "Julie (Rosemary Dexter) is disturbed by the disappearance of her psychiatrist boyfriend Luca (Horst Frank) following a bizarre dream where she witnessed him murdered. She travels to a seaside village where he might be and encounters Frank (Adolfo Celi), who tells her Luca has indeed been there. Julie's investigation leads her the house of Gerta (Alida Valli), where the mystery deepens among the odd characters residing at this artists enclave.",
    "genres" : [ {
      "id" : 27,
      "name" : "Horror"
    }, {
      "id" : 53,
      "name" : "Thriller"
    } ]
  }, {
    "id" : 74330,
    "title" : "Lives of the Saints",
    "overview" : "Mr Karva runs a shady little empire in North London. We don't know exactly how he makes his money but we know it's probably not very nice. Mr Karva's stepson, Othello, has ambitions to take the old man's place; and Othello's fainthearted friend, Emilio, has ambitions of his own. This delicate balance of power is upset when Roadrunner finds a strange, sickly-looking 10 year old boy in the park. All his life, Roadrunner has been on the move - but when he looks into the child's eyes, he finds he can finally stop running. It becomes clear that the child can grant each character their own taste of heaven - the 'perfect, rosy future of your dreams'. The child never talks but transforms the world around him, working on the desire in each character's heart, whatever it may be.",
    "genres" : [ {
      "id" : 18,
      "name" : "Drama"
    } ]
  }, {
    "id" : 74335,
    "title" : "Ring Of Power - The empire of \"THE CITY\"",
    "overview" : "City of London + City of Vatican + City of columbia are the 3 independant states within states wich composes the empire of the city. The first is financial control over earth economy, the second is religion control over the earth and the third one is military control over the earth. Together they make the very unholy trinity which forms the egyptian pyramid that we can see on the back of the privately owned federal reserve note that is used as american dollar to maintain the colony in debt and under the Queen. Many people realize that this mystifying situation, in which an alleged democratic and self-governing nation is actually controlled against the will of the people, is a clear indication that there must be a very powerful and well-financed occult organization which plans and directs world affairs, and for lack of a more specific identification thie suspected secret organization is popularly referred to as the International Financiers, Banksters cartel or \"The Crown corporation\"",
    "genres" : [ {
      "id" : 14,
      "name" : "Fantasy"
    }, {
      "id" : 28,
      "name" : "Action"
    }, {
      "id" : 99,
      "name" : "Documentary"
    }, {
      "id" : 878,
      "name" : "Science Fiction"
    } ]
  }, {
    "id" : 74340,
    "title" : "Amazing Grace and Chuck",
    "overview" : "Chuck Murdock, a 12-year-old boy from Montana and son of a military jet pilot, becomes anxious after seeing a Minuteman missile on a school field trip. He protests the existence of nuclear weapons by refusing to play baseball, which results in the forfeit of a Little League game by his team. \"Amazing Grace\" Smith, a fictional Boston Celtics player, played by NBA star Alex English, decides to join the boy in his protest by resigning from professional basketball. This gives it nationwide coverage, inspiring more pro athletes to join the protest against nuclear weapons. The film reaches a climax when the President of the United States personally meets with Chuck, admiring his resolve but at the same time explaining the practical difficulties of disarmament. Sinister forces, meanwhile, threaten the lives of Amazing Grace and his agent, Lynn.",
    "genres" : [ {
      "id" : 18,
      "name" : "Drama"
    } ]
  }, {
    "id" : 74345,
    "title" : "Volando voy",
    "overview" : "Biopic of Spain's Juan Carlos Delgado \"El Pera\", a young delinquent in the 1980's who is a car pilot and a sport journalist nowadays.",
    "genres" : [ {
      "id" : 18,
      "name" : "Drama"
    } ]
  }, {
    "id" : 74350,
    "title" : "The Fairies - Fairy Dancing",
    "overview" : "Fairy Dancing is perfect for any child who loves to sing and loves to dance! When Harmony and Rhapsody discover tiny ballet slippers, they remember childhood days of fairy ballet, and decide to spend the whole day dancing with their friends. From jazz to tap, tango to rock ‘n roll, bootscooting to ballet, the fairies discover so many different kinds of fan-fairy-tastic songs and dances. Featuring all of the Fairyland friends dancing through the Snuggery, Elf’s kitchen, the vibrant Fairyland and the top of the garden, Fairy Dancing is full of beauty and friendship and the sprinkling of glitter and magic that is The Fairies.",
    "genres" : [ {
      "id" : 16,
      "name" : "Animation"
    }, {
      "id" : 10751,
      "name" : "Family"
    } ]
  }, {
    "id" : 74355,
    "title" : "The Final Link",
    "overview" : "Chi Chi is back with the third installment of the Link Series. Leather and fetish sex has never been hotter.",
    "genres" : [ ]
  }, {
    "id" : 74360,
    "title" : "São Paulo, Sociedade Anônima",
    "overview" : "Carlos is a young man from the São Paulo middle class who works for a big company during a time when foreign automobile industries were settling in Brazil. Shortly after, he accepts a job at a factory that makes automobile parts, where he becomes manager. To a certain extent, he is a family man who works hard, earns well and lives unsatisfied. Without any prospects in his life to change the condition he rejects, his last resort is escaping.",
    "genres" : [ {
      "id" : 18,
      "name" : "Drama"
    } ]
  }, {
    "id" : 74365,
    "title" : "Jorge Amado no Cinema",
    "overview" : "Jorjamado no Cinema foi feito para um programa de televisão consagrado ao escritor Jorge Amado. Nesse documentário, Jorge Amado é filmado em sua casa, rodeado por sua numerosa família; numa livraria, durante uma sessão de autógrafos de um de seus livros, em um cinema em Salvador, na avant-première do filme Tenda dos Milagres, de Nelson Pereira dos Santos, adaptação do livro homônimo de Jorge Amado. Glauber filma seu amigo com muito humor e carinho. A câmera vai evoluindo lentamente, sem cessar e com rapidez sobre o escritor, seus familiares, atores e atrizes do filme de Nelson, além de passar por objetos de rituais de candomblé que constituem o museu de Jorge Amado.",
    "genres" : [ {
      "id" : 99,
      "name" : "Documentary"
    } ]
  }, {
    "id" : 74370,
    "title" : "Brigade of Death",
    "overview" : "A crime ring is kidnapping women to sell them to the harems of rich Emirs, but the Vice squad put an end to it.",
    "genres" : [ ]
  }, {
    "id" : 74380,
    "title" : "Manhunt 1",
    "overview" : "Director Steven Scarborough and Manhunt.net join forces to bring you Manhunt.TheMovie! Hot House Exclusive Dick Wolf and Arpad Miklos lead this cast of 11 Internet savvy hunks who re-enact actual XXX encounters as told by the members of Manhunt.net. The bar scene is officially dead; these days, thousands of guys are online now and this is what they're looking for!",
    "genres" : [ ]
  }, {
    "id" : 74390,
    "title" : "Pier 23",
    "overview" : "Pier 23 was one of three hour-long mysteries produced by Lippert Productions for both TV and theatrical release. Each of the three films was evenly divided into two half-hour \"episodes,\" and each starred Hugh Beaumont as San Francisco-based amateur sleuth Dennis O'Brien. In Pier 23, O'Brien first tackles the case of a wrestler who has died of a suspicious heart attack after refusing to lose a match. He then agrees to help a priest talk an escaped criminal into returning to prison. The film's two-part structure leads to repetition and predictability, but it's fun to watch TV's \"Ward Cleaver\" making like Philip Marlowe.",
    "genres" : [ {
      "id" : 80,
      "name" : "Crime"
    }, {
      "id" : 9648,
      "name" : "Mystery"
    } ]
  }, {
    "id" : 74395,
    "title" : "Hangin' With The Homeboys",
    "overview" : "Two African-Americans and two Puerto-Ricans (though one pretends to be Italian) go out on the town on a Friday night. They will be forced to get to know each other, and even worst, learn to like each other as friends",
    "genres" : [ {
      "id" : 35,
      "name" : "Comedy"
    }, {
      "id" : 18,
      "name" : "Drama"
    } ]
  }, {
    "id" : 74400,
    "title" : "For Those I Loved",
    "overview" : "Polish Martin Gray (Michael York) recalls the Holocaust, New York prosperity, and losing his wife (Brigitte Fossey) and family.",
    "genres" : [ {
      "id" : 18,
      "name" : "Drama"
    }, {
      "id" : 10752,
      "name" : "War"
    } ]
  }, {
    "id" : 74405,
    "title" : "Sharpe's Company",
    "overview" : "Spain 1812 The Duke of Wellington plans to lay siege to Badajoz. A murderous figure from Sharpe's past uses a beautiful woman revenge himself on Sharpe, now the father of her child. Sharpe has reason to be happy, he holds his daughter for the first time and is given command of the Light Company again, together with his captaincy. But will his happiness be short lived?",
    "genres" : [ {
      "id" : 28,
      "name" : "Action"
    }, {
      "id" : 12,
      "name" : "Adventure"
    }, {
      "id" : 10752,
      "name" : "War"
    }, {
      "id" : 36,
      "name" : "History"
    } ]
  }, {
    "id" : 74410,
    "title" : "Kingdom of Gladiators",
    "overview" : "A king makes a pact with an ancient demon and after years of ruling his kingdom in peace, the demon has come to collect. Now a group of rival gladiators must fight for the survival of the kingdom.",
    "genres" : [ {
      "id" : 28,
      "name" : "Action"
    }, {
      "id" : 12,
      "name" : "Adventure"
    } ]
  }, {
    "id" : 74415,
    "title" : "A Heartbeat Away",
    "overview" : "A young aspiring rock guitarist is forced to become the musical director of the local marching band when his father is hit by a bus just four weeks before a major competition.",
    "genres" : [ {
      "id" : 35,
      "name" : "Comedy"
    } ]
  }, {
    "id" : 74420,
    "title" : "San Quentin",
    "overview" : "An ex-con sets up a program to straighten out hard-core prisoners. Things don't go as planned.",
    "genres" : [ {
      "id" : 80,
      "name" : "Crime"
    } ]
  }, {
    "id" : 74425,
    "title" : "Man Made",
    "overview" : "What makes Falcon Exclusive Gus Mattox tick? What makes his dick hard and turns him on the most? Find out the answers when he gets to design all of his own sex scenes and choose his own partners. Man Made takes you on a personalized tour of Gus' sexual psyche: from a sensual one-on-one romp to a raunchy gang bang in a sleazy backroom.Starring Falcon Exclusives Gus Mattox, Brad Patton and Joe Sport, Falcon favorites Arpad Miklos, Lane Fuller, Joel Drake, Troy Punk, Corbin Michaels and Bryce Pierce, and newcomers Holden Grey and Marc Williams, Man Made is a non-stop Gus Mattox fantasy cum true. From mild to wild and back again, will Gus ever be satisfied?Watch Man Made and find out...",
    "genres" : [ ]
  }, {
    "id" : 74430,
    "title" : "Thumb Tripping",
    "overview" : "Gary and Shay are two happy-go-lucky flower children who hitchhike in the beautiful Big Sur-Monterey area of California.",
    "genres" : [ {
      "id" : 18,
      "name" : "Drama"
    } ]
  }, {
    "id" : 74440,
    "title" : "Nikola Tesla: La electricidad",
    "overview" : "",
    "genres" : [ {
      "id" : 99,
      "name" : "Documentary"
    } ]
  }, {
    "id" : 74445,
    "title" : "Tototarzan",
    "overview" : "",
    "genres" : [ {
      "id" : 35,
      "name" : "Comedy"
    } ]
  }, {
    "id" : 74455,
    "title" : "Don't Bet On Blondes",
    "overview" : "High-rolling gambler \"Odds\" Owen (Warren William) establishes an American insurance agency created along the lines of Lloyd's of London. Owen insures Kentucky colonel Jefferson Davis Youngblood (Guy Kibbee) against the possibility that Youngblood's actress daughter Marilyn (Claire Dodd) might get married, thereby cutting off the Colonel's allowance. After scaring away several prospective suitors, Owen messes things up by falling in love with Marilyn himself. Odds are that the 60-minute Don't Bet on Blondes would be completely forgotten were it not for the presence of new Warner Bros. contractee Errol Flynn, who appears in two brief scenes as one of Marilyn's boyfriends. It was Flynn's first speaking role at Warners, and he carried it off with class if not distinction.",
    "genres" : [ {
      "id" : 35,
      "name" : "Comedy"
    }, {
      "id" : 10749,
      "name" : "Romance"
    } ]
  }, {
    "id" : 74460,
    "title" : "Aries Spears: Hollywood, Look I'm Smiling",
    "overview" : "Hollywood, Look I m Smiling is a laugh-out-loud and insightful comedy concert starring Mad TV s break-out star Aries Spears. Spears is in rare form as he tackles controversial topics such as political correctness , the Hollywood establishment and race relations in America.",
    "genres" : [ {
      "id" : 35,
      "name" : "Comedy"
    } ]
  }, {
    "id" : 74465,
    "title" : "We Bought a Zoo",
    "overview" : "Benjamin has lost his wife and, in a bid to start his life over, purchases a large house that has a zoo – welcome news for his daughter, but his son is not happy about it. The zoo is need of renovation and Benjamin sets about the work with the head keeper and the rest of the staff, but, the zoo soon runs into financial trouble.",
    "genres" : [ {
      "id" : 18,
      "name" : "Drama"
    }, {
      "id" : 35,
      "name" : "Comedy"
    }, {
      "id" : 10751,
      "name" : "Family"
    } ]
  }, {
    "id" : 74470,
    "title" : "Shadow of Fear",
    "overview" : "A woman travels to England to attend her parents' funeral. She is told by officials that they died of natural causes together, but she doesn't buy it. She comes to suspect that the nurse who took care of her parents was involved in their deaths, but since the nurse is well thought of in the town, no one believes her. What she doesn't know is that her parents' killer has selected her as the next victim",
    "genres" : [ {
      "id" : 9648,
      "name" : "Mystery"
    } ]
  }, {
    "id" : 74475,
    "title" : "Mirage",
    "overview" : "In 2006, Raging Stallion rocked the porn world with the release of Chris Ward's Arabesque--arguably one of the finest adult films of the past ten years. In 2007, the studio is ready to do it again with the release of Mirage, a two-disc, six hour, big budget sexual adventure filled with Middle Eastern men. In the tradition of Arabesque, Mirage is certain to be a contender for ALL top awards--indeed, Mirage may very well be the Movie of the Year!",
    "genres" : [ ]
  }, {
    "id" : 74480,
    "title" : "Virtual Trip Okinawa Kerama",
    "overview" : "Get ready for a virtual tour of the exciting world of Okinawa. More than 40 islands in the ocean will show you their beauty, from the sky, land and underwater. A relaxing music will wrap you warm and help to distract from the daily bustle.",
    "genres" : [ {
      "id" : 99,
      "name" : "Documentary"
    } ]
  }, {
    "id" : 74485,
    "title" : "A Man Named Pearl",
    "overview" : "Man Named Pearl tells the inspiring story of self-taught topiary artist Pearl Fryar. It offers a message that speaks to respect for both self and others, and shows what one person can achieve when he allows himself to share the full expression of his humanity.",
    "genres" : [ {
      "id" : 99,
      "name" : "Documentary"
    } ]
  }, {
    "id" : 74495,
    "title" : "Bandage",
    "overview" : "Set in Japan in the early 1990s, there's one rising band called LANDS, that is starting to find success amidst a flood of other bands. Asako and Miharu are two Tokyo high school students. When Miharu gives Asako her favorite indie rock band; a LANDS CD, she becomes an overnight fan and sets her heart on the talented guitarist Yukiya.  LANDS was formed among friends, but as the band begins to climb the ladder towards major stardom, they get in touch with the dark side of the music industry, discord surfaces, inevitable frictions emerge, and unrequited love strains their friendship, threatening to pull their bonds apart.",
    "genres" : [ {
      "id" : 18,
      "name" : "Drama"
    }, {
      "id" : 10402,
      "name" : "Music"
    }, {
      "id" : 10749,
      "name" : "Romance"
    } ]
  }, {
    "id" : 74500,
    "title" : "Other People's Letters",
    "overview" : "Zina is sixteen. She is a manipulative schoolgirl living in a small Russian town among sincere and simple people. Zina is nice on the surface, but so unable to enjoy normal life, that she is desperately trying to hurt someone. She tries to seduce and compromise a handsome young man, but he is smart enough to see through her and escapes from her trap. Zina manipulates her classmates so she looks like a victim. Now Zina's teacher, Vera, a sweet and loving lady, takes care of her trying to save the troubled girl, but in return, Zina becomes extremely crafty to hurt the teacher.",
    "genres" : [ {
      "id" : 18,
      "name" : "Drama"
    } ]
  }, {
    "id" : 74505,
    "title" : "Lovely Molly",
    "overview" : "Newlywed Molly moves into her deceased father's house in the countryside, where painful memories soon begin to haunt her.",
    "genres" : [ {
      "id" : 27,
      "name" : "Horror"
    }, {
      "id" : 53,
      "name" : "Thriller"
    } ]
  }, {
    "id" : 74510,
    "title" : "Kevin Hart: Laugh at My Pain",
    "overview" : "Experience the show that quickly became a national phenomenon. Get an up-close and personal look at Kevin Hart back in Philly where he began his journey to become one of the funniest comedians of all time. You will laugh 'til it hurts!",
    "genres" : [ {
      "id" : 35,
      "name" : "Comedy"
    }, {
      "id" : 99,
      "name" : "Documentary"
    } ]
  }, {
    "id" : 74520,
    "title" : "My Sweet Sexy Interactive Girl 3D",
    "overview" : "",
    "genres" : [ ]
  }, {
    "id" : 74525,
    "title" : "Sleep, My Love",
    "overview" : "A woman wakes up in the middle of the night on board a train, but she can't remember how she got there. Danger and suspense ensue.",
    "genres" : [ {
      "id" : 18,
      "name" : "Drama"
    }, {
      "id" : 9648,
      "name" : "Mystery"
    } ]
  }, {
    "id" : 74530,
    "title" : "Nit-Witty Kitty",
    "overview" : "Tom has amnesia and believes he's a mouse. Jerry, finding him more obnoxious as a fellow rodent than as a cat, seeks to cure him with a blow to the head.",
    "genres" : [ {
      "id" : 35,
      "name" : "Comedy"
    }, {
      "id" : 16,
      "name" : "Animation"
    } ]
  }, {
    "id" : 74535,
    "title" : "Adventures of Captain Wrongel",
    "overview" : "Adventures of Captain Vrungel is a 1981 Soviet musical adventure animation film by David Cherkassky, Kievnauchfilm, loosely based on the novel with the same name by Andrey Nekrasov. Cartoon production was divided into 13 episodes - 1-3 filmed in 1976, 4-6 in 1977, 7-9 in 1978, 10-13 in 1979.",
    "genres" : [ {
      "id" : 16,
      "name" : "Animation"
    }, {
      "id" : 35,
      "name" : "Comedy"
    }, {
      "id" : 12,
      "name" : "Adventure"
    }, {
      "id" : 28,
      "name" : "Action"
    } ]
  }, {
    "id" : 74540,
    "title" : "Rogonosets",
    "overview" : "После нескольких лет счастливой семейной жизни жена изменила мужу. Для мужчины это - настоящая трагедия. Перед ним встают вопросы: как жить дальше? Простить измену ли нет? Можно ли продолжать любить после предательства? Тяжелые переживания приводят к тому, что у мужа появляется навязчивая идея - убить любимую. Мужчине даже приходится обратиться к психиатру...",
    "genres" : [ {
      "id" : 18,
      "name" : "Drama"
    } ]
  }, {
    "id" : 74545,
    "title" : "The Saint In London",
    "overview" : "In an unusual move for a mere program picture, RKO Radio filmed A Saint in London on location in England, using a largely British cast and crew. George Sanders makes his second appearance as suave soldier of fortune Simon Templer, aka The Saint. This time, Templar gets mixed up with a gang of counterfeiters who've murdered and robbed a European count of 1,000,000 pounds. He is aided reluctantly by Scotland Yard inspector Teal (Gordon McLeod), who's convinced that Templar himself pulled off the heist, and less reluctantly by light-fingered Dugan (David Burns) and dizzy socialite Penny Parker (Sally Gray). The Saint in London was directed by John Paddy Carstairs, who later worked on some of the episodes of the Saint TV series.",
    "genres" : [ {
      "id" : 9648,
      "name" : "Mystery"
    } ]
  }, {
    "id" : 74550,
    "title" : "The Smiling Ghost",
    "overview" : "Elinor Bentley Fairchild's previous three grooms-to-be have either died or been maimed. Her aunt hires Lucky Downing to become engaged to her for a month to break the curse. But Lucky becomes a target of what appears to be the ghost of one of the former fiances.",
    "genres" : [ {
      "id" : 35,
      "name" : "Comedy"
    }, {
      "id" : 9648,
      "name" : "Mystery"
    } ]
  }, {
    "id" : 74555,
    "title" : "Evil Things",
    "overview" : "It's Miriam's 21st Birthday. As a birthday gift, Miriam's aunt Gail has decided to lend Miriam her beautiful country house for an entire weekend. Aunt Gail's country house is amazing. It's a four bedroom house surrounded by breathtaking mountains and miles and miles of woods. Miriam invites her young college friends Cassy, Mark, Tanya and Leo to join her at the country house for what looks to be the most amazing weekend ever. Of course they all jump at the chance to spend a free weekend in the country, in the middle of nowhere. Miriam's friends are totally in the mood for a big time party weekend. They're also anxious to escape the dark and gloomy concrete jungle known as Manhattan. Miriam, Cassy and Tanya bring the food. Mark brings the beer and Leo, the aspiring filmmaker, brings his new video camera. Leo hopes to produce a short movie by documenting every amazing moment of this weekend getaway...",
    "genres" : [ {
      "id" : 27,
      "name" : "Horror"
    } ]
  }, {
    "id" : 74560,
    "title" : "Toque de Queda",
    "overview" : "In Guatemala, violence is contagious. The neighbors of Villas de La Esperanza, in fear of an eventual invasion of those infected by violence, arm themselves and patrol nights, risking their lives for the safety of their families. But battling violence with violence only spreads the contagion, and the neighbors will realise that the greatest danger is not what lurks outside their secure gated community. The real danger lies within. In Guatemala violence is contagious, and we are all infected.",
    "genres" : [ {
      "id" : 53,
      "name" : "Thriller"
    }, {
      "id" : 18,
      "name" : "Drama"
    }, {
      "id" : 27,
      "name" : "Horror"
    } ]
  } ]
}