{
  "movies" : [ {
    "id" : 325320,
    "title" : "Every Breaking Wave",
    "overview" : "Every Breaking Wave, based on the U2 song of the same name, is set on the streets of early 1980s Northern Ireland. It is built around themes of emotional abandon and the uncertainty of romantic relationships following two teenagers, one Catholic and the other Protestant, who fall in love amidst the ongoing violence.",
    "genres" : [ {
      "id" : 18,
      "name" : "Drama"
    } ]
  }, {
    "id" : 325325,
    "title" : "Ten Nights in a Barroom",
    "overview" : "It is unnecessary to describe this picture, as the story is well-known to both old and young. We tell the story just as it is written, and temperance lecturers will do well to buy one for the moral it teaches.",
    "genres" : [ ]
  }, {
    "id" : 325330,
    "title" : "The Clocks",
    "overview" : "",
    "genres" : [ {
      "id" : 9648,
      "name" : "Mystery"
    }, {
      "id" : 80,
      "name" : "Crime"
    } ]
  }, {
    "id" : 325335,
    "title" : "Walking Stories",
    "overview" : "Delicate and slightly surreal, “Walking Stories” is a romantic comedy directed by Luca Guadagnino.",
    "genres" : [ {
      "id" : 35,
      "name" : "Comedy"
    }, {
      "id" : 10749,
      "name" : "Romance"
    } ]
  }, {
    "id" : 325340,
    "title" : "Corinthians - E o Mundo Enlouqueceu",
    "overview" : "",
    "genres" : [ {
      "id" : 99,
      "name" : "Documentary"
    } ]
  }, {
    "id" : 325345,
    "title" : "The Mendoza Line",
    "overview" : "A slice-of-life look at minor league baseball players, particularly Ricardo Perez.",
    "genres" : [ ]
  }, {
    "id" : 325350,
    "title" : "La Joya And The Warriors In The Mist",
    "overview" : "A people who lived on the brink of the abyss and buried their dead on sheer cliffs, defying all logic...  The Chachapoya culture flourished between 800 and 1500 AD in northern Peru, at an altitude of more than 3,000 meters. No one knows for sure whether the Chachapoyas came out of the jungles or the mountains, but they settled in a place that seems impossibly difficult to live in: the mountainous fringes of the Peruvian jungle.  An Explora Films team made up of specialists in high-risk film shoots, speleologists, mountain rescue experts, and archeologists has reached the depths of Chachapoya territory to study their habits and customs. This group of specialists has explored the funerary \"chulpas,\" or tombs, located on the sheer walls of the region's towering cliffs.  Looking for answers, this documentary shines a light on many of the unexplained mysteries hidden in the mountains and canyons of the Chachapoyas.",
    "genres" : [ {
      "id" : 99,
      "name" : "Documentary"
    } ]
  }, {
    "id" : 325355,
    "title" : "県庁の星",
    "overview" : "",
    "genres" : [ ]
  }, {
    "id" : 325360,
    "title" : "Joyce Live - Show of Fourth Years",
    "overview" : "The DVD originated in an unforgettable encounter of MPB (Braziliam Popular Music) icons in a show held in the theater of FECAP in São Paulo, Brazil. Names like Roberto Menescal, João Donato, Dori Caymmi, Monica Salamso, Zé Renato, his daughters Clara Moreno and Ana Martins, Leila Pinheiro and Francis Hime participated as Joyce's guests at the event, which coincides with the year in which the Bossa Nova turns 50 years of existence.",
    "genres" : [ {
      "id" : 10402,
      "name" : "Music"
    } ]
  }, {
    "id" : 325365,
    "title" : "Dawg Fight",
    "overview" : "In a crime-plagued neighborhood near Miami, brutal, bare-knuckled backyard fights give young men a chance to earn money -- and self-respect.",
    "genres" : [ {
      "id" : 99,
      "name" : "Documentary"
    } ]
  }, {
    "id" : 325370,
    "title" : "Masters of Stone III",
    "overview" : "Non-stop climbing action from the cutting edge of the sport. America's toughest boulder problems at Hueco Tanks and Yosemite. 5.14C redpoints at the hottest climbing cliffs in southern France. Zone 3 soloing. Women's climbing. Mega free-climbing. Training tips from the best. Freeway climbing. Bandaloop cliff dancing. Live body rope testing with 100+ foot falls.",
    "genres" : [ ]
  }, {
    "id" : 325375,
    "title" : "Mart'nalia - Live in Berlim",
    "overview" : "Show recorded on June 16 of 2006, in the House of World Cultures (Hans Der Kulturen Der Welt), in the German capital during the World Cup of Culture - an event organized by Brazil's Ministry of Culture in partnership with the House of Cultures of world and Goethe Institute in Germany. The direction of the DVD by Roberto de Oliveira. Based in show \"Menino do Rio\", the presentation of Berlin was an absolute success, with a full house and people scattered across the floor - as can be seen in the DVD images. But Mart'nália not seem to be away from home and make your music with the same security, relaxation and spontaneity that always showed the Vila Isabel wheels.",
    "genres" : [ ]
  }, {
    "id" : 325380,
    "title" : "Monica Salmaso - Noites de Gala Samba na Rua",
    "overview" : "Live DVD, recorded in March 2008 in Fecap theater in Sao Paulo, Brazil, records the  show which has passed through the main capitals of the country. Beside the quintet Pau Brazil, formed by Nelson Ayres (piano), Paul Bellinati (guitar and ukulele), Teco Cardoso (sax and flutes), Ricardo Mosca (drums) and Rodolfo Stroeter (bass), Monica Salmaso features many phases of the author Chico Buarque.",
    "genres" : [ {
      "id" : 10402,
      "name" : "Music"
    } ]
  }, {
    "id" : 325385,
    "title" : "Endless Poetry",
    "overview" : "A portrait of Alejandro Jodorowsky’s young adulthood, set in the 1940s and 50s, in the electric capital city of Santiago. There, he decides to become a poet and is introduced, by destiny, into the foremost bohemian and artistic circle of the time.",
    "genres" : [ {
      "id" : 14,
      "name" : "Fantasy"
    }, {
      "id" : 18,
      "name" : "Drama"
    } ]
  }, {
    "id" : 325400,
    "title" : "Piet Bambergen - Joost Mag Het Weten",
    "overview" : "",
    "genres" : [ ]
  }, {
    "id" : 325405,
    "title" : "Piet Bambergean - Pappie Hier Ben Ik",
    "overview" : "",
    "genres" : [ ]
  }, {
    "id" : 325410,
    "title" : "Atomic Heart Mother",
    "overview" : "On their way back from a wild party, Arine and Nobahar cause a car accident. A mysterious stranger by the name of Toofan offers to cover the costs. This won't be the last time they'll cross his path over the course of the night.",
    "genres" : [ {
      "id" : 35,
      "name" : "Comedy"
    } ]
  }, {
    "id" : 325415,
    "title" : "The Under Dog",
    "overview" : "A Walter Lantz Pooch the Pup cartoon released November 7, 1932.",
    "genres" : [ ]
  }, {
    "id" : 325420,
    "title" : "Beau Best",
    "overview" : "A Walter Lantz Oswald the Lucky Rabbit cartoon released May 22, 1933.",
    "genres" : [ ]
  }, {
    "id" : 325425,
    "title" : "Twenty Eight Nights and a Poem",
    "overview" : "The song ‘Fil bahr’ (At Sea) extols the moon in twenty-eight different ways before finally making its point about the fleeting nature of love at the end. Different variations on one and the same thing, each an original: 28 Nights and a Poem is an interpretation of the archive of the Sheherazade photo studio.",
    "genres" : [ ]
  }, {
    "id" : 325430,
    "title" : "Mighty Manhattan, New York's Wonder City",
    "overview" : "The film visits many of the neighborhoods and landmarks on Manhattan Island and occasionally includes a history lesson. The neighborhoods include the Bowery, Chinatown, Herald Square, and Times Square. Some of the architectural highlights are the Empire State Building, the New York Public Library, Temple Emanuel, the Central Park Zoo, and the Rockefeller Center complex. The film ends in with a visit to a dining room in the Waldorf Astoria Hotel, where the Xavier Cugat Orchestra entertains.",
    "genres" : [ {
      "id" : 99,
      "name" : "Documentary"
    } ]
  }, {
    "id" : 325435,
    "title" : "Have You Ever Killed a Bear? Or Becoming Jamila",
    "overview" : "Personal documentary aobout a scene from \"Battle of Algiers\".",
    "genres" : [ ]
  }, {
    "id" : 325440,
    "title" : "La nuit et l'enfant",
    "overview" : "A man and a kid escape from men chasing them.",
    "genres" : [ ]
  }, {
    "id" : 325445,
    "title" : "Man müsste Räuber sein oder wenigstens Sprengmeister",
    "overview" : "Young people try to live a life of crime.",
    "genres" : [ ]
  }, {
    "id" : 325450,
    "title" : "Dave Clark Five: Glad All Over",
    "overview" : "The Dave Clark Five started the rock n roll British invasion that changed the world, having already knocked The Beatles out of the #1 position in the UK. Watch newly-filmed interviews with Tom Hanks, Paul McCartney, Elton John, Bruce Springsteen, Stevie Wonder, Dionne Warwick and many more, as they share their memories of how the music of the 60s and the cultural revolution of 1964 changed their lives forever. Bonus disc includes 2 hours of extra interview scenes and rare archival footage, including never-before-seen star performances and alternate performances from The DC5 ! Featuring 4 hours of star-studded performances in total!",
    "genres" : [ ]
  }, {
    "id" : 325460,
    "title" : "Do Not Disturb",
    "overview" : "When Jenny and Bruce Coldfield bring a curious party of literary enthusiasts to a remote Norfolk village to visit the hidden world of ghost story writer Eleanor Mont other forces start to stir.",
    "genres" : [ ]
  }, {
    "id" : 325465,
    "title" : "JUGGS Live: Going a Little Blue / Balls to the Wal",
    "overview" : "JUGGS' follow-up to his best selling act, \"Blow Me. the end.\" JUGGS unveils his new act, \"Going a Little Blue / Balls to the Wall,\" in the waiting room of a quick lube. His stand-up will have you lol'ing the whole time!",
    "genres" : [ ]
  }, {
    "id" : 325475,
    "title" : "The Raw Report: TI,Shakir Stewart, Killer Mike, Ludacris, more",
    "overview" : "The Late great Shakir Stewart: LA Reid's protege and Def Jam's former VP. TI - The King of The South, and more.",
    "genres" : [ ]
  }, {
    "id" : 325480,
    "title" : "Historic Travel US Chugging Across The Wild West",
    "overview" : "Surging rivers, rushing landscapes, thrilling train journeys, awesome structures, mind-boggling statistics, and delightful farmlands-this rare and historic set of videos has it all. This is easily one of the most comprehensive coverage of life in the west!",
    "genres" : [ ]
  }, {
    "id" : 325485,
    "title" : "History Of World War II Soldiers Of Industry",
    "overview" : "When World War II drained American industries of skilled manpower, women rose to the occasion and ensured that the wheels of industry kept rolling. Witness how these unsung heroines fought the enemy with admirable willingness and dedication!",
    "genres" : [ ]
  }, {
    "id" : 325490,
    "title" : "The Wrecks",
    "overview" : "Alan made all the responsible choices in life: a steady job, a pretty wife, a safe and happy existence. But after his marriage with Mary disintegrates, he is suddenly plunged back into a bachelor's life at 32, forced to face the cost of the all things he gave up in his twenties. Meandering between newfound hobbies, his job, and meeting new women, Alan attempts to regain all the experiences he passed on while he was married.",
    "genres" : [ ]
  }, {
    "id" : 325495,
    "title" : "Lost Blues",
    "overview" : "\"Devils\"...\"Angels,\" when they sleep they dream not of Heaven, but of us.  —Mike Kuchar",
    "genres" : [ ]
  }, {
    "id" : 325500,
    "title" : "Practical Course in Drawing and Painting",
    "overview" : "This DVD is a Practical Course in Drawing and Painting in two parts.  DVD (Parte 1):  First strokes: Charcoal / Oil.  DVD (Parte 2):  1. Technical Various - The First Pastel Testing;  2. Drawing - Lace, Composition and Frame;  3. Watercolor - Tonal Gradient Sky.",
    "genres" : [ ]
  }, {
    "id" : 325505,
    "title" : "Ghost Diver",
    "overview" : "While deep sea diving off the South American coast, Papa Rico, the owner of a fishing boat, finds the statue of an idol, a remnant of the lost treasure of the Paracan Indians.",
    "genres" : [ {
      "id" : 12,
      "name" : "Adventure"
    } ]
  }, {
    "id" : 325510,
    "title" : "Over vis & revolutie",
    "overview" : "A retired truck driver is fishing. He catches a tiny fish and throws it back. 'Do you fancy green beans tonight?', his wife asks him from behind her crossword puzzle. When they leave, they see that a group of Poles are catching huge fish, and eating them. The wife is incensed, but her husband is curious about the cheeky group. 'Why do they catch such big fish and he does not?' He puts on his top boots and starts investigating.",
    "genres" : [ {
      "id" : 18,
      "name" : "Drama"
    } ]
  }, {
    "id" : 325515,
    "title" : "Easy",
    "overview" : "A character study about the relationship between two brothers, one on the verge of becoming an adult, the other becoming a teenager, and impact each others choices have on one another.",
    "genres" : [ {
      "id" : 18,
      "name" : "Drama"
    } ]
  }, {
    "id" : 325520,
    "title" : "chimpnology",
    "overview" : "Chimps, chimps, and more chimps.",
    "genres" : [ ]
  }, {
    "id" : 325525,
    "title" : "Incredible Girl",
    "overview" : "An Innocent Girl finds herself in a sexually charged club where the Club Diva attempts to lure her out of her innocence.",
    "genres" : [ ]
  }, {
    "id" : 325530,
    "title" : "Jerry Mcgill: Very Extremely Dangerous",
    "overview" : "Jerry McGill recorded one single on Sun Records in 1959, then slipped from a rock'n'roll career into robbing banks and running from the FBI. He surfaced occasionally - to make brilliant records that never came out, to star in William Eggleston's notorious documentary \"Stranded In Canton\", and to prove he was free, albeit on the run. Now he's 70 and has been diagnosed with lung cancer. Follow a heavily armed McGill and His fiancée Joyce through four states as McGill battles death, battles life itself, seeking peace and making war. A thrill ride on the trigger finger of a career criminal, Very Extremely Dangerous is a documentary with dark humour and discomfiting intimacy.",
    "genres" : [ ]
  }, {
    "id" : 325535,
    "title" : "Óli Prik",
    "overview" : "Handball legend Ólafur Stefánsson returns to coach his hometown team after a successful career as a player abroad. Over the next year and a half, he discovers that coaching is not quite what he thought it would be, but his challenging journey leads him toward his one true passion.",
    "genres" : [ ]
  }, {
    "id" : 325545,
    "title" : "Patriotism Part II",
    "overview" : "In a way a portrait of Dave Shackman with the American flag. The ending is a stop-motion animation of a set table with food moving and swirling and finally gathering together in a ball. Looking back at the film, the animation sequence seems to foreshadow Dave Shackman’s early death.",
    "genres" : [ ]
  }, {
    "id" : 325550,
    "title" : "Hand Gestures",
    "overview" : "A bronze foundry in Milan. Hands that shape, knead, model, mix, repair, sand and polish. Work carried out on matter and fire, out of which the bronze figure of a dog by artist Velasco Vitali will ultimately emerge. The Fonderia Artistica Battaglia was founded in 1913 and is one of the oldest and most important artistic foundries in Italy. It produces bronze sculptures using lost-wax casting, a founding technique that dates back to the 4th century BC and is still done in much the same way today. The film draws on a purely observational mode. It is the hands and their gestures that link us to the world and create a connecting line from the past to the present.",
    "genres" : [ ]
  }, {
    "id" : 325555,
    "title" : "Loafer",
    "overview" : "Ravi Kumar is clearly the black sheep of the Kumar family, and has been so for years. He is unemployed, uncouth, and gets into fist fights and trouble all the time. And then a man is killed, and the evidence points towards Ravi, he gets arrested. Although there were witnesses to this murder, no one comes forward to testify in favor of Ravi. The Kumar family are aware of Ravi's innocence, but watch helplessly as Ravi awaits his sentence, which may send him to the gallows, as now only a miracle can save Ravi. Written by rAjOo",
    "genres" : [ {
      "id" : 10749,
      "name" : "Romance"
    }, {
      "id" : 28,
      "name" : "Action"
    }, {
      "id" : 35,
      "name" : "Comedy"
    }, {
      "id" : 18,
      "name" : "Drama"
    } ]
  }, {
    "id" : 325560,
    "title" : "Une lumière dans la nuit",
    "overview" : "",
    "genres" : [ {
      "id" : 53,
      "name" : "Thriller"
    }, {
      "id" : 9648,
      "name" : "Mystery"
    } ]
  }, {
    "id" : 325565,
    "title" : "Exodus",
    "overview" : "In 1945 Ada Sereni left her three children in Palestine - where she had lived for eighteen years - and returned to Italy in serach of her husband who went missing durin the war. She immediately become involved in an underground movement Aliah Bet, which secretly organized the expatriation to the promised land of Jews who had esacped Nazi concentration camps. This is the story of how a third of Europe's surviving Jews left Italy for their new home.",
    "genres" : [ {
      "id" : 18,
      "name" : "Drama"
    } ]
  }, {
    "id" : 325575,
    "title" : "Eating Too Fast (Blow Job #2)",
    "overview" : "\"Andy Warhol's 1966 'sequel' to his Blow Job begins with a long static shot of Gregory Battcock looking bored; small movements of his head reframe the elegant tight close-up to make sun and shadow symmetrical on his face, or unbalance them again, while street noises expand the shot's implied space. Halfway through this 70-minute film, the camera pans down to reveal the back of another man's head. Zooms and more pans follow, yet each blocky, high-contrast composition has an assertive power characteristic of Warhol.\" - Fred Camper",
    "genres" : [ ]
  }, {
    "id" : 325580,
    "title" : "UFC Fight Night 60: Henderson vs. Thatch",
    "overview" : "UFC Fight Night: Henderson vs. Thatch (also known as UFC Fight Night 60) was a mixed martial arts event held on February 14, 2015 at the 1stBank Center in Broomfield, Colorado.",
    "genres" : [ {
      "id" : 28,
      "name" : "Action"
    } ]
  }, {
    "id" : 325585,
    "title" : "The Kid Who Loved Christmas",
    "overview" : "",
    "genres" : [ {
      "id" : 18,
      "name" : "Drama"
    }, {
      "id" : 10770,
      "name" : "TV Movie"
    } ]
  }, {
    "id" : 325590,
    "title" : "Bana Old and Wise'ı Çal",
    "overview" : "A man named Onur, connects to a Radio programme presented by Oguz and requests the song Old and Wise from The Alan Parsons Project. A day later Eda, for whom Onur requested the song, calls in to tell it was a special song for Eda and Oğuz but there is something myterious going on...",
    "genres" : [ {
      "id" : 18,
      "name" : "Drama"
    } ]
  }, {
    "id" : 325595,
    "title" : "Missing in Action: The LTC Don Faith Story",
    "overview" : "Documentary - This is a EMMY winning true story of LTC Don Faith an infantry commander during the Korean war and Medal of Honor recipient. This short documentary highlights LTC Faith's heroic actions in North Korea that led to his death and his posthumous Medal of Honor. He was later deemed Missing in Action. This is the story of how they found his remains and brought him back to the US many years later. -",
    "genres" : [ ]
  }, {
    "id" : 325600,
    "title" : "Loving Anabelle",
    "overview" : "An esteemed young poetry teacher at a Catholic boarding school risks everything when she engages in a feverish affair with a female student.",
    "genres" : [ {
      "id" : 18,
      "name" : "Drama"
    }, {
      "id" : 10749,
      "name" : "Romance"
    } ]
  }, {
    "id" : 325605,
    "title" : "The Best Videos In The World ...Ever!",
    "overview" : "The Best Videos in the World…Ever! features 24 classic music promos across a diverse range of styles. Includes videos by Duran Duran, David Bowie, Robert Palmer, Radiohead, Daft Punk and the Chemical Brothers.",
    "genres" : [ {
      "id" : 10402,
      "name" : "Music"
    } ]
  }, {
    "id" : 325610,
    "title" : "The House on Cuckoo Lane",
    "overview" : "An obsessive film collector seeks a rumored art film, at some risk to himself.",
    "genres" : [ {
      "id" : 27,
      "name" : "Horror"
    } ]
  }, {
    "id" : 325615,
    "title" : "Lisa's Nightmares 5",
    "overview" : "Omnibus vehicle for Lisa Cook in which she recounts her disturbing dreams to a crazed phone caller.",
    "genres" : [ ]
  }, {
    "id" : 325620,
    "title" : "Caress Of The Vampire 3: Lust Of The Nightstalker",
    "overview" : "A female police detective goes searching for a serial killer, finds lesbian vampires.",
    "genres" : [ ]
  }, {
    "id" : 325625,
    "title" : "Secret of Treasure Mountain",
    "overview" : "Three bank robbers escape into the western wilderness, where they hear of a fortune in gold supposedly hidden in Treasure Mountain. Is the treasure real, and will it be discovered before greed destroys them all?",
    "genres" : [ {
      "id" : 37,
      "name" : "Western"
    } ]
  }, {
    "id" : 325635,
    "title" : "Calle 13 - Sin Mapa (Bonus Track)",
    "overview" : "",
    "genres" : [ ]
  }, {
    "id" : 325640,
    "title" : "The Meaning of Wild",
    "overview" : "Documentary - The Meaning of Wild is a visually stunning half hour documentary that follows wildlife cameraman Ben Hamilton as he travels by boat, plane, kayak and foot to capture and share the true value of Wilderness. Along the journey Ben encounters bears, calving glaciers, ancient forests, and harsh seas but it's the characters he meets along the way that bring true insight to his mission",
    "genres" : [ ]
  }, {
    "id" : 325645,
    "title" : "Senza famiglia, nullatenenti cercano affetto",
    "overview" : "",
    "genres" : [ {
      "id" : 18,
      "name" : "Drama"
    }, {
      "id" : 35,
      "name" : "Comedy"
    } ]
  }, {
    "id" : 325650,
    "title" : "World's Best Prom",
    "overview" : "Once a year for the past 50 years, prom mania grips the entire population of Racine, Wisconsin. If the Academy Awards were moved to the heartland, this is what it would resemble.",
    "genres" : [ ]
  }, {
    "id" : 325660,
    "title" : "Troublemakers",
    "overview" : "Machover and Fruchter's intimate documentary follows the trials and tribulations of a group of Students for a Democratic Society militants in their attempt to politicize and organize the people of Newark, New Jersey. For Amos Vogel, Troublemakers was one of the best films of the New Left because it eschewed \"both clichés and propaganda\" in favor of \"honesty\" and \"careful exploration.\" A must watch both for activists and political documentarians. (Doc Films)",
    "genres" : [ ]
  }, {
    "id" : 325665,
    "title" : "Celos",
    "overview" : "Irrational jealousy blossoms into full-blown psychosis.",
    "genres" : [ {
      "id" : 18,
      "name" : "Drama"
    } ]
  }, {
    "id" : 325670,
    "title" : "Strap Some Boyz",
    "overview" : "Some girls need to turn the tables on males. And director Joey Silvera loves to help these frustrated young ladies unleash their inner dommes by facilitating sessions of strap-on therapy that leave the naughty ladies satisfied and the male victims sore. Joey's 'Strap Some Boyz' delivers premium pegging perversion. First is pale, busty BBW Felicia Clove, an awesome auburn-haired plumper that needs to teach her fitness trainer to keep his hands off of her massive, natural boobs. She traps his head between her enormous ass cheeks, then straps on her trusty dildo to ravage his tender bunghole!",
    "genres" : [ ]
  }, {
    "id" : 325675,
    "title" : "Un ultim an in 114 minute",
    "overview" : "",
    "genres" : [ ]
  }, {
    "id" : 325680,
    "title" : "Persian Pickles",
    "overview" : "A swimming study of paisley patterns traces this decorative motif from its origins in Persian weavings to appearances Irish quilting and American Counterculture. Extending on the stroboscopic tradition of anti-animation, this short material study fixates upon discarded materials to examine the decorative and its relationship to the cycles of industry and evolving modes of production. - Jodie Mack",
    "genres" : [ ]
  }, {
    "id" : 325685,
    "title" : "El Love feroz o Cuando los hijos juegan al amor",
    "overview" : "",
    "genres" : [ ]
  }, {
    "id" : 325690,
    "title" : "The Legendary Giulia and Other Miracles",
    "overview" : "Four losers join forces to refurbish an abandoned farm and turn it into a B&B in a mafia-ridden area.",
    "genres" : [ {
      "id" : 35,
      "name" : "Comedy"
    } ]
  }, {
    "id" : 325700,
    "title" : "PWG: Are You Adequately Prepared To Rock?!",
    "overview" : "1. Mr. Excitement, Phoenix Star, &amp; TARO vs. Lil' Cholo, Top Gun Talwar, &amp; Zokre  2. \"Photogenic\" Chris Bosh &amp; Quicksilver vs. Disco Machine &amp; Excalibur  3. Hook Bomberry vs. Scorpio Sky  4. The Briscoe Brothers (Jay &amp; Mark Briscoe) vs. B-Boy &amp; Super Dragon  5. TJ Perkins vs. Vito Thomaselli  6. The Ballard Brothers (Shane &amp; Shannon Ballard) vs. The X-Foundation (\"Funky\" Billy Kim &amp; Scott Lost)  7. \"Scrap Iron\" Adam Pearce vs. Joey Ryan  Pro Wrestling Guerrilla World Championship Title 3-Way Match  8. \"The Future\" Frankie Kazarian (c) vs. \"The Fallen Angel\" Christopher Daniels vs. AJ Styles",
    "genres" : [ ]
  }, {
    "id" : 325705,
    "title" : "Josser in the Army",
    "overview" : "Charting the military escapades of serial bungler Tommy Josser, Josser in the Army sees the hapless hero in France during wartime, where he masquerades as a German general, unmasks a spy, gets captured and then makes a spectacular airborne escape!",
    "genres" : [ {
      "id" : 35,
      "name" : "Comedy"
    } ]
  }, {
    "id" : 325710,
    "title" : "Anaphylaxis",
    "overview" : "A doctor allergic to the human touch finds his salvation in writings tattooed on the body of a dead poet.",
    "genres" : [ ]
  }, {
    "id" : 325715,
    "title" : "Discover The Funny",
    "overview" : "Ian Salmon goes to Dayton, Ohio to raise money for The Pink Ribbon Girls a breast cancer charity based in Dayton, OH. This is a raw and unedited look at what live stand up comedy is like in a club setting, no fancy production just hilarious comedy deliver by Ian Salmon!",
    "genres" : [ ]
  }, {
    "id" : 325720,
    "title" : "No Love Song",
    "overview" : "Lee and Julia's breakup was a disaster. What happens when they have to write that one last song together? Starring Haroula Rose, Rosanna Arquette and Daniel Ahearn. This film was featured on Paste and was in a number of film festivals including Cannes, Newport Beach, Bev Hills, Hollyshorts, Sun Valley, Miami Shorts, and Lone Star.",
    "genres" : [ ]
  }, {
    "id" : 325725,
    "title" : "Barely A Chance",
    "overview" : "Story about a journey of a man miserably lost in the '90s who becomes single and embraces the five stages of grief while accepting his dysfunctional asexual, dork-like identity. Shot in Southwest Florida, Captiva, Fort Myers, Sanibel, Bonita Springs, Cape Coral, Naples Directed by Eric Raddatz.",
    "genres" : [ ]
  }, {
    "id" : 325730,
    "title" : "Vancouver Midnight Movies",
    "overview" : "\"Vancouver Midnight Movies\" are a patriotic music video tribute to the city and people of Vancouver; for being the most glamorous, peaceful and party oriented city in Canada. Local actors and dancers parade over Surrey, New Westminster, Burrard Street, Robson Street, Davie Street and all over downtown Vancouver in a celebration of the city's happiness and fancy life style. The videos explore multiple themes based on sex, religion, fashion, glamour, dance , music, cityscapes and fantasy life. A compilation of endless music videos by Omer Pasha as leading vocalist/singer takes you on an endless voyage of eccentric ecstasy of dance, animation, sexuality, religion, spirituality, crazy fun, fashion, vogue all over Vancouver that can be called the craziest fun of your entire life.",
    "genres" : [ ]
  }, {
    "id" : 325735,
    "title" : "XITE Yearmix 2014",
    "overview" : "",
    "genres" : [ {
      "id" : 10402,
      "name" : "Music"
    } ]
  }, {
    "id" : 325740,
    "title" : "The Last American Guido",
    "overview" : "In the ‘90s, Tommy Lasurdo ruled the Jersey club scene. His style, moves, and sheer confidence were unprecedented. Nowadays, Tommy runs an Italian Deli to support his family. His hairline has receded and his fashion has faded. When Tommy discovers his fiancée, Stefi, had an affair, he is forced back into a world that has passed him by. His friends Stan and Nick reintroduce him to the NJ nightlife. He struggles to adapt to a younger world of $400 bottles of vodka, “iced out chains” and super-spiked hair. Tommy, sinking deeper into crisis, accepts the cautionary advice of a town degenerate and through newfound motivation meets an adorable Texan named Gina. The couple hits it off. Tommy lands his own reality-television show--“The Last American Guido”—and things are looking up. That is until Gina’s overly protective ex, Johnny, conspires with Stefi in a plot to use Tommy’s reality show against him and sabotage his relationship.",
    "genres" : [ ]
  }, {
    "id" : 325745,
    "title" : "Banished: How Whites Drove Blacks Out of Town in America",
    "overview" : "A look at three U.S. cities, which were part of many communities that violently forced African American families to flee in post-reconstruction America.",
    "genres" : [ ]
  }, {
    "id" : 325750,
    "title" : "Colorado Backcountry Discovery Route Expedition Documentary",
    "overview" : "This exciting documentary gives you an in-depth look into the creation and first expedition of the COBDR. Follow a group of riders on large adventure touring motorcycles including KTM 990 Adventures, Yamaha Super Tenere XT1200Z, and a BMW R1200GS, tackle some of the toughest terrain while traversing the beautiful Colorado backcountry.",
    "genres" : [ ]
  }, {
    "id" : 325755,
    "title" : "Crisis, ¿qué crisis?",
    "overview" : "Directed by Manuel Mira.",
    "genres" : [ ]
  }, {
    "id" : 325760,
    "title" : "Jean Claude Van Damme's Damn Van",
    "overview" : "Mayor Thomas Knob (Ryan Carroll) plans to demolish the Paradise City hockey stadium to build his new mansion in its place. But Col. Luc Sloane (JCVD) and his son Kurt (Adam Smith) stumble onto his scheme which leads them into an action-packed, adrenaline-fueled race against time where Sloane's TimeCop daughter, Sarah (Risa Scott) tracks them down from the dystopian future Knob has created. It's up to the Sloane family and their damn van to battle through motorcycle ninjas, gangland assassins, a cyborg, and a serial killer (Cougar) in order to stop Mayor Knob once and for all!",
    "genres" : [ ]
  }, {
    "id" : 325765,
    "title" : "Rustling Landscapes",
    "overview" : "Luka leaves for the countryside unhappy with the way his girlfriend Katarina has treated him. She follows him hoping that they could sort out their relationship. Despite the beauty and tranquillity of their surroundings they go through twists and turns that only intensify their crisis. When Katarina befriends the happy-go-lucky soldier Primoz, new dimensions and choices open up for her. Ultimately all three must decide where their own life will take them.",
    "genres" : [ {
      "id" : 18,
      "name" : "Drama"
    } ]
  }, {
    "id" : 325770,
    "title" : "The Devil's Due",
    "overview" : "When a mysterious box drops from the sky, a calm world is turned upside down. The residents of this world flow rapidly through the seasons, forced to embrace a flurry of movement. An animated celebration of the wild power of the imagination and the silver screen, The Devil's Due is a beautiful cacophony and a stunning factory of images.",
    "genres" : [ ]
  }, {
    "id" : 325780,
    "title" : "Sottozero",
    "overview" : "",
    "genres" : [ {
      "id" : 35,
      "name" : "Comedy"
    } ]
  }, {
    "id" : 325785,
    "title" : "I'm a Fucking Panther",
    "overview" : "Panthers For The Restoration Of The Suburbs was formed as a counterweight to the escalating violence and increasing social vulnerability in the concrete suburb of Biskopsgården, Göteborg. This, the second documentary about the movement, chronicles their political work as well as internal conflicts, in a film about the most important issues confronting our society.",
    "genres" : [ {
      "id" : 99,
      "name" : "Documentary"
    } ]
  }, {
    "id" : 325790,
    "title" : "ll était une fois... Patrick Swayze",
    "overview" : "",
    "genres" : [ {
      "id" : 99,
      "name" : "Documentary"
    } ]
  }, {
    "id" : 325800,
    "title" : "Secrets of the Dinosaur Mummy",
    "overview" : "A group of fossil hunters uncover not only the bones of a 77 million year old dinosaur, but its mummified and fossilized 'body'. After excavating the duckbill nicknamed 'Leonardo', scientists begin a battery of tests including a radiographic autopsy. Journey along with a team of paleontology experts as they make several astonishing discoveries including the creature's last meal and never-before-seen internal organs.",
    "genres" : [ {
      "id" : 99,
      "name" : "Documentary"
    } ]
  }, {
    "id" : 325805,
    "title" : "Bombshell",
    "overview" : "A ten year-old tomboy must weigh her loyalty to her trusted older brother as the siblings become complicit in a hate crime.",
    "genres" : [ {
      "id" : 18,
      "name" : "Drama"
    } ]
  }, {
    "id" : 325810,
    "title" : "Lo sbaglio di essere vivo",
    "overview" : "",
    "genres" : [ {
      "id" : 35,
      "name" : "Comedy"
    } ]
  }, {
    "id" : 325815,
    "title" : "Kismet",
    "overview" : "A former theater owner and his crippled daughter live in poverty until a chance encounter with a young pickpocket brings romance for the petty criminal and daughter as well as a chance by the father to get back at the villainous new theater owner who ousted him from the business years before.",
    "genres" : [ {
      "id" : 18,
      "name" : "Drama"
    } ]
  }, {
    "id" : 325825,
    "title" : "Felix Comes Back",
    "overview" : "Felix goes after a butcher's sausages and captures them, but the butcher catches him and sends him to the Arctic to get rid of him.",
    "genres" : [ ]
  }, {
    "id" : 325830,
    "title" : "The Fable of the Jolly Rounders",
    "overview" : "A Aesop's Fables cartoon.",
    "genres" : [ ]
  }, {
    "id" : 325835,
    "title" : "Amazonas, el camino de la cocaína",
    "overview" : "",
    "genres" : [ ]
  }, {
    "id" : 325840,
    "title" : "5 Zimmer, Küche, Bad",
    "overview" : "A comedy directed by Rolf Silber.",
    "genres" : [ {
      "id" : 35,
      "name" : "Comedy"
    } ]
  }, {
    "id" : 325845,
    "title" : "Dreamcatchers",
    "overview" : "A group of trainee wrestlers spurred on by the energy of Salvatore Bellomo (age 60) trains relentlessly in the back room of a café in the Borinage district (former mining region in Belgium). Tarzan, the Gigolo, Andynamite, Priscilla, La Rage, Eddie Dark... they all dream of becoming professional wrestlers, like their teacher. Salvatore fought with top wrestlers for more than 30 years, particularly within the prestigious WWF. Today, he has decided to bring his students to the U.S to follow the traces of his past. Waiting for the big day, they live out their passion together, sometimes taking foolish risks to satisfy the local audience and lay out their future.",
    "genres" : [ {
      "id" : 99,
      "name" : "Documentary"
    } ]
  }, {
    "id" : 325850,
    "title" : "Living in Wrestling: History of Wrestling in Mexico",
    "overview" : "A comprehensive history of Wrestling in Mexico. Starring some of the most famous Mexican wrestlers of our times.",
    "genres" : [ {
      "id" : 99,
      "name" : "Documentary"
    } ]
  }, {
    "id" : 325855,
    "title" : "Die Chaos-Queen",
    "overview" : "",
    "genres" : [ {
      "id" : 18,
      "name" : "Drama"
    } ]
  }, {
    "id" : 325860,
    "title" : "Luchadora",
    "overview" : "Luna Magica, a professional Lucha Libre wrestling star in Mexico, dreams of becoming world wrestling champion while fighting to make ends meet as a single mom in Mexico City.",
    "genres" : [ {
      "id" : 99,
      "name" : "Documentary"
    } ]
  }, {
    "id" : 325885,
    "title" : "Eight Days",
    "overview" : "Bollywood 1946",
    "genres" : [ ]
  }, {
    "id" : 325895,
    "title" : "Murder on the Orient Express",
    "overview" : "Poirot investigates the murder of a shady American businessman stabbed in his compartment on the Orient Express when it is blocked by a blizzard in Croatia.",
    "genres" : [ {
      "id" : 9648,
      "name" : "Mystery"
    }, {
      "id" : 80,
      "name" : "Crime"
    } ]
  }, {
    "id" : 325900,
    "title" : "Driving Equality Across America",
    "overview" : "Driving Equality Across America is the product of a 107-day, 22,000-mile trek through most of the lower 48 states in an effort to meet, interview, and share the stories of LGBT Americans, their allies, and their opponents. This film follows the filmmaker's trip across the country as he meets LGBT Americans where they live, in small towns and big cities. Through touching interviews, some heartbreaking, others inspiring, Driving Equality Across America offers a glimpse of the filmmaker's journey into the heart of LGBT America.",
    "genres" : [ ]
  } ]
}