{
  "movies" : [ {
    "id" : 359240,
    "title" : "Streets of Plenty",
    "overview" : "With the 2010 Olympics approaching, will the world get to know Vancouver's darkest secret? 'Streets of Plenty' chronicles one man's perilous journey to live in Vancouver's downtown east side ghetto. The rules of this twisted social experiment? Starting with only a pair of underwear, he must survive the harsh winter streets for 31 days. He has no money, no friends, no family, and most importantly, no home. He must navigate the institutions, policies and services alongside the thousands of people that call Vancouver's streets home.",
    "genres" : [ ]
  }, {
    "id" : 359245,
    "title" : "Even Lambs Have Teeth",
    "overview" : "Two wronged women dish out vigilante justice ala Kill Bill’s “Bride”.",
    "genres" : [ {
      "id" : 53,
      "name" : "Thriller"
    } ]
  }, {
    "id" : 359250,
    "title" : "Caprica",
    "overview" : "An astonishing breakthrough is taking shape on the planet Caprica. The rapidly evolving spheres of human and mechanical engineering have collided, along with the fates of two families. Joined by tragedy in an explosive instant of terror, two rival clans led by powerful patriarchs, Joseph Adama (Esai Morales, Jericho) and Daniel Graystone (Eric Stoltz, The Butterfly Effect) duel in an era of questionable ethics, corporate machinations and unbridled personal ambition as the final war for humanity looms. The latest phenomenon from the executive producers of Battlestar Galactica (Ronald D. Moore and David Eick), set in a time over 50 years earlier, Caprica is entirely its own world - provocative, thrilling and startling relevant to our own.",
    "genres" : [ ]
  }, {
    "id" : 359255,
    "title" : "The Inhabitants",
    "overview" : "A young couple gets more than they bargained for when they buy an historic bed and breakfast in New England only to discover that the old house is hiding a dark secret within its walls.",
    "genres" : [ {
      "id" : 53,
      "name" : "Thriller"
    }, {
      "id" : 27,
      "name" : "Horror"
    } ]
  }, {
    "id" : 359265,
    "title" : "El grito en la sangre",
    "overview" : "",
    "genres" : [ {
      "id" : 18,
      "name" : "Drama"
    } ]
  }, {
    "id" : 359270,
    "title" : "La cigüeña dijo sí",
    "overview" : "",
    "genres" : [ {
      "id" : 35,
      "name" : "Comedy"
    } ]
  }, {
    "id" : 359275,
    "title" : "Los peores del barrio",
    "overview" : "",
    "genres" : [ {
      "id" : 35,
      "name" : "Comedy"
    } ]
  }, {
    "id" : 359280,
    "title" : "Hoy le toca a  mi mujer",
    "overview" : "",
    "genres" : [ {
      "id" : 35,
      "name" : "Comedy"
    } ]
  }, {
    "id" : 359285,
    "title" : "#47",
    "overview" : "Images fall apart, data decay, glitches, algorithmic transcendence. The moon raises over mountaintops, melts with the woods. A path dissolves with the view. Colors rendered liquid. Data holes vanish in the distance. Memory, processing, nothing lasts forever. A hike through a natural reservoir; recorded, saved, consolidated. A landscape interpretation by means of MPEG algorithms. In #47, alternating fixed camera shots and pans display a landscape from the hiker’s point of view. Where the path leads to, remains unclear. #47 belongs to a video-work series, researching the relationship between landscape- representation, perception and the unconscious. The technics applied to the footage are a mix between some hacking of the MPEG-information and faulty encoding settings. During this process, crucial data is removed from the MPEG-stream and fed back to the computer to make it ‘work’, forcing software to re-interpret the visual information.",
    "genres" : [ {
      "id" : 99,
      "name" : "Documentary"
    } ]
  }, {
    "id" : 359290,
    "title" : "New York Spin",
    "overview" : "",
    "genres" : [ ]
  }, {
    "id" : 359305,
    "title" : "An Inspector Calls",
    "overview" : "A mysterious Inspector investigates the wealthy Birling family and their dinner guests following the suicide of a young woman.",
    "genres" : [ {
      "id" : 18,
      "name" : "Drama"
    }, {
      "id" : 80,
      "name" : "Crime"
    }, {
      "id" : 53,
      "name" : "Thriller"
    } ]
  }, {
    "id" : 359315,
    "title" : "What Makes Shaw Run Run?",
    "overview" : "Alan Whicker meets Chinese film mogul, Run Run Shaw, at his Hong Kong studios and sees examples of the swordfight films, of which he is producing more than sixty a year.",
    "genres" : [ ]
  }, {
    "id" : 359320,
    "title" : "Secret of Naruto",
    "overview" : "From the pen of Yoshikawa Eiji comes this exciting story. The Naruto Strait separates Tokushima from the islands of Awaji and Honshu. On Tokushima the mad lord dreams of conquest and forges a bloody revolt against the Tokugawa shogunate. A mysterious swordsman named Noriyuki Gennojo has crossed Naruto’s waters to uncover the Awa clan’s secrets. He puts his life on the line after finding a testament of Awa’s secrets, written in blood by a dying man. Joining Noriyuki are a female ninja who loves him, and the beautiful daughter of an enemy who’s sworn to kill him. Awa’s defenders willl stop at nothing to prevent the blood-soaked letter from reaching the shogun.",
    "genres" : [ {
      "id" : 18,
      "name" : "Drama"
    }, {
      "id" : 28,
      "name" : "Action"
    } ]
  }, {
    "id" : 359325,
    "title" : "Distractions",
    "overview" : "Distracted by life, Mr. Makkonen misses his engagement party by decades. From the cradle to the grave, life keeps interrupting, not only him, but a tired mother, a doomed superhero and the rest of the comrades in this uncontrollable world. Mixing comedy and fantasy with dark stories, Distractions will deliver the laughs with strings attached.",
    "genres" : [ {
      "id" : 35,
      "name" : "Comedy"
    } ]
  }, {
    "id" : 359330,
    "title" : "迷路荘の惨劇",
    "overview" : "",
    "genres" : [ {
      "id" : 9648,
      "name" : "Mystery"
    } ]
  }, {
    "id" : 359335,
    "title" : "Urgia",
    "overview" : "",
    "genres" : [ ]
  }, {
    "id" : 359345,
    "title" : "Naomi",
    "overview" : "Naomi's story is focused around a man's obsession for a modan garu or modern girl. The main character, Jōji, is a well-educated Japanese man who is an electrical engineer in the city, and comes from a wealthy landlord family. Jōji wishes to break away from his traditional Japanese culture, and becomes immersed in the strange new Westernized culture which was beginning to form in Japan. The physical representation of everything Western is embodied in a young girl named Naomi. Jōji sees Naomi for the first time in a café and instantly falls for her exotic \"Eurasian\" looks, Western-sounding name, and sophisticated mannerisms. Like the story of the prepubescent Murasaki in the classic novel The Tale of Genji, Jōji decides he will raise Naomi, a fifteen-year-old café hostess, to be his perfect woman: in this case he will forge her into a glamorous Western girl like Mary Pickford, a famous Canadian actress of the silent film era.",
    "genres" : [ {
      "id" : 10749,
      "name" : "Romance"
    } ]
  }, {
    "id" : 359350,
    "title" : "Level 42 : The collection",
    "overview" : "Tracklist:\r 01. Love Games\r 02. The Sun Goes Down\r 03. Micro-Kids\r 04. Hot Water\r 05. The Chant Has Begun\r 06. Something About You\r 07. Leaving Me Now\r 08. Lessons In Love\r 09. Running In The Family\r 10. To Be With You Again\r 11. It's Over\r 12. Children Say\r 13. Heaven In My Hands\r 14. Take A Look\r 15. Tracie\r 16. Take Care Of Yourself  Extras:\r 01. The Making Of \"Heaven In My Hands\" (With Interviews)\r 02. Take A Look (With Interviews)\r 03. The Making Of \"Tracie\" (Behind The Scences)",
    "genres" : [ ]
  }, {
    "id" : 359355,
    "title" : "Farewell to Manzanar",
    "overview" : "Fact based drama about one of the internment camps used by the American military during World War II to detain some 100,000 Japanese Americans (most of them U.S. born) following Japan's attack on Pearl Harbor.",
    "genres" : [ {
      "id" : 18,
      "name" : "Drama"
    } ]
  }, {
    "id" : 359360,
    "title" : "Tiengemeten 2001 - 2006",
    "overview" : "In the nineties, it was decided to convert Tiengemeten, an island in the Haringvliet estuary, from an agricultural area to a nature reserve with three zones, which were labelled 'wealth', 'melancholy' and 'wilderness'. After part one, focussing on the period 1996 to 2001, in part two of her documentary Sinke talks to the Vos brothers, the last two farmers on the island with whom the authorities are still negotiating about the conditions of their departure, and to representatives of the Society for the Preservation of Nature, the Department of Waterways and Public Works, the local authorities and Brussels, who mainly discuss the finances. Between times, she films the island.",
    "genres" : [ {
      "id" : 99,
      "name" : "Documentary"
    } ]
  }, {
    "id" : 359365,
    "title" : "Have You Ever Been on a Trip?",
    "overview" : "A bunch of hippies get high and have an orgy",
    "genres" : [ ]
  }, {
    "id" : 359370,
    "title" : "Arctic Monkeys at Reading",
    "overview" : "Setlist: Do I Wanna Know?  Brianstorm  Dancing Shoes  Arabella  Don't Sit Down 'Cause I've Moved Your Chair  Teddy Picker  Crying Lightning  Knee Socks  My Propeller  I Bet You Look Good on the Dancefloor  Library Pictures  Old Yellow Bricks  When the Sun Goes Down  No. 1 Party Anthem  Why'd You Only Call Me When You're High?  Fluorescent Adolescent  I Wanna Be Yours  Encore:  One for the Road  Snap Out of It  R U Mine?",
    "genres" : [ {
      "id" : 10402,
      "name" : "Music"
    } ]
  }, {
    "id" : 359375,
    "title" : "Der Andersonville-Prozess",
    "overview" : "",
    "genres" : [ {
      "id" : 18,
      "name" : "Drama"
    } ]
  }, {
    "id" : 359380,
    "title" : "Andrew Bayer Live At Ultra Music Festival Miami 2015",
    "overview" : "",
    "genres" : [ ]
  }, {
    "id" : 359385,
    "title" : "Dash Berlin - Live at Ultra Music Festival Miami Mainstage 2015",
    "overview" : "Ultra Music Festival 2015. In the middle of the pouring rain. Dash Berlin wrote history surprising the crowd with one of the most emotional, powerful and energetic sets the festival has ever seen and proved to be right at home at the big main stage.",
    "genres" : [ {
      "id" : 10402,
      "name" : "Music"
    } ]
  }, {
    "id" : 359390,
    "title" : "Laidback Luke Live @ Ultra Music Festival Miami 2015 - Full Set",
    "overview" : "",
    "genres" : [ ]
  }, {
    "id" : 359395,
    "title" : "SKRILLEX LIVE @ ULTRA MUSIC FESTIVAL 2015",
    "overview" : "",
    "genres" : [ ]
  }, {
    "id" : 359400,
    "title" : "W&W Live at Ultra Music Festival Miami 2015",
    "overview" : "",
    "genres" : [ ]
  }, {
    "id" : 359405,
    "title" : "Amado Batista O Negocio da China 2015",
    "overview" : "",
    "genres" : [ ]
  }, {
    "id" : 359410,
    "title" : "Road House",
    "overview" : "Update of the 1989 action classic.",
    "genres" : [ {
      "id" : 28,
      "name" : "Action"
    } ]
  }, {
    "id" : 359415,
    "title" : "A Farewell to Hemingway",
    "overview" : "Bulgaria, the night of October 18, 1922. A rampageous young man - an American, is forced to get off the Orient Express at a small station. The chief of the railway station and his daughter are quite unwilling to put up the stranger. Gradually, the American wins their trust. When the father understands that his daughter has decided to go away to Paris with the American, he makes a potion to sedate him and gets him on a train on the sly. In the morning all that has left from the guest is a piece of paper, which reads \"Ernest Hemingway\".",
    "genres" : [ ]
  }, {
    "id" : 359420,
    "title" : "Agulha no Palheiro",
    "overview" : "",
    "genres" : [ {
      "id" : 18,
      "name" : "Drama"
    } ]
  }, {
    "id" : 359425,
    "title" : "Keli",
    "overview" : "The film is about a handicapped young man Narayanankutty, who owns a stationery shop which is gifted by Lazer. He falls in love with a school teacher Sridevi.",
    "genres" : [ {
      "id" : 18,
      "name" : "Drama"
    } ]
  }, {
    "id" : 359430,
    "title" : "The Campus Queen",
    "overview" : "Life on a university campus with its own unconventional but dynamic culture ascribes to itself so many unusual privileges which provide unique opportunities for taking liberties mostly in a broad antisocial sense. In the university, several interests groups or clubs are commonplace. Against the Heavy Weights Club, another club Silver Lines Movement is born.  SLM vows to oppose all antisocial, antidemocratic tendencies including economic exploitation on campus. The ensuing battle between the two clubs reveals the frenzied struggles for supremacy in all aspects of campus life.  It also exposes the special interests of godfathers from inside and outside campus.",
    "genres" : [ ]
  }, {
    "id" : 359440,
    "title" : "Barista",
    "overview" : "Five top baristas find themselves pushing the limits of coffee perfection to win the National Barista Championship - a surreal competition where even one mistake is far too many.",
    "genres" : [ {
      "id" : 99,
      "name" : "Documentary"
    } ]
  }, {
    "id" : 359445,
    "title" : "National Geographic - Arctic Kingdom: Life at the edge",
    "overview" : "Stalk the Arctic ice with the fiercest predator, the polar bear, as it prowls one of the most forbidding places on the planet: a hidden kingdom of magnificent creatures. Armed with a keen sense of smell and backed up by 1,700 pounds, fur and fangs, the polar bear stands alone at the top of the food chain. Yet many other hunters manage to survive in and around harsh arctic waters from the savvy arctic fox to the massive, whiskered walrus. The Arctic ice is revealed as a place of danger and drama as animals are stranded on frozen waters, trapped between moving sheets of ice, and caught in the struggle to survive. Brave the worst that nature has to offer.",
    "genres" : [ {
      "id" : 99,
      "name" : "Documentary"
    } ]
  }, {
    "id" : 359450,
    "title" : "Animals Are Amazing: Untamed Africa: Part One",
    "overview" : "Emmy Award-winner John Hurt narrates world-renowned wildlife filmmaker Frederic LePage's breathtaking chronicle of one of nature's most awe-inspiring migrations, as hundreds of thousands of wildebeests and zebras embark on their treacherous trek toward the Masai Mara in Kenya.",
    "genres" : [ {
      "id" : 99,
      "name" : "Documentary"
    } ]
  }, {
    "id" : 359460,
    "title" : "The Accidental Detective",
    "overview" : "Dae-man is a crime enthusiast who runs a power blog about the country’s biggest cold cases. He aspired to be a homicide detective but after years of failed attempts, he now runs a comic store. He walks on eggshells around his wife for failing to provide for the family. But he cannot help himself making daily trips to the police station. One day, his best friend and detective, Jun-su, is charged with the murder. Dae-man sets out to investigate to prove his friend’s innocence. Only the washed up Detective Noh offers to help his colleague in trouble. A cold case specialist blogger’s theory coupled with field experience of a seasoned detective and the two launch a joint investigation into their friend’s alleged murder.",
    "genres" : [ {
      "id" : 35,
      "name" : "Comedy"
    }, {
      "id" : 80,
      "name" : "Crime"
    }, {
      "id" : 53,
      "name" : "Thriller"
    } ]
  }, {
    "id" : 359470,
    "title" : "Tokyo Deluxe",
    "overview" : "A Japanese comedy film directed by Yôichi Sai.",
    "genres" : [ {
      "id" : 35,
      "name" : "Comedy"
    } ]
  }, {
    "id" : 359475,
    "title" : "Ente Veedu...  Appuvinteyum",
    "overview" : "The movie revolves around Viswanathan (Jayaram), Meera (Jyothirmayi) and little Vasudev (Kalidas Jayaram) who are from a very happy family.",
    "genres" : [ {
      "id" : 10751,
      "name" : "Family"
    }, {
      "id" : 18,
      "name" : "Drama"
    } ]
  }, {
    "id" : 359480,
    "title" : "Aniyan Bava Chetan Bava",
    "overview" : "The film follows brothers Chettan Bava (Narendra Prasad) and Aniyan Bava (Rajan P. Dev), and their driver Premachandran (Jayaram) with whom the daughters of both the Bavas fall in love. This makes the Bavas enemies and it becomes their issue of pride on who will marry Premachandran. On top of this includes Sundaran (Prem Kumar) trying to take Premachandran down.",
    "genres" : [ {
      "id" : 18,
      "name" : "Drama"
    }, {
      "id" : 35,
      "name" : "Comedy"
    } ]
  }, {
    "id" : 359485,
    "title" : "Maanthrika Cheppu",
    "overview" : "Jagadish and his friend Siddique start a video store together. While taping a political function , they accidentally record a criminal , who denotes a remote bomb moments later. And as a result become caught in between the police and the criminal gang who both want the tape.",
    "genres" : [ {
      "id" : 18,
      "name" : "Drama"
    } ]
  }, {
    "id" : 359490,
    "title" : "Your Place or Mine!",
    "overview" : "Your Place or Mine! explores the difficulties of finding true love in the modern Hong Kong setting via the encounters of two advertising executives, Wai and Patrick. Wai is a faithful guy who often falls for the girl that he grooms. However he is often dumped by them once they found fame and someone better than him. Just when he was about to give up on finding true love, he met an innocent fish ball seller and a tough boss who both falls for him and left him even more undecided in love. Patrick on the other hand is a playboy who keeps a girlfriend at home while frequently has one night stands outside. Can a colleague who has crush on him since school days change his cheating ways?",
    "genres" : [ {
      "id" : 35,
      "name" : "Comedy"
    }, {
      "id" : 10749,
      "name" : "Romance"
    } ]
  }, {
    "id" : 359495,
    "title" : "Ich liebe den Mann meiner besten Freundin",
    "overview" : "",
    "genres" : [ {
      "id" : 18,
      "name" : "Drama"
    } ]
  }, {
    "id" : 359500,
    "title" : "Kadinjool Kalyanam",
    "overview" : "Sudhakaran is a manager in an interstate bus office. He is in love with Ramani and they hope to get married when she finishes her studies. Sudhakaran's father, a palmist, reads Ramani's hand one day and predicts that a marriage between her and Sudhakaran will end in Sudhakaran's death. Ramani is heart broken but decides that she will not marry Sudhakaran. Panikkar notices his favorite employee's state of mind and promises to find him a bride worthy of his respect and love. Sudhakaran though hesitant gives into the suggestion and gets married to Hrudayakumari. Hrudayakumari, the new bride is a simple girl with the stubbornness and willfulness of a child. Her behaviour vexes Sudhakaran and his mother.",
    "genres" : [ {
      "id" : 18,
      "name" : "Drama"
    }, {
      "id" : 35,
      "name" : "Comedy"
    } ]
  }, {
    "id" : 359505,
    "title" : "Pathaka",
    "overview" : "Pathaaka is a 2006 Indian Malayalam film, directed by K. Madhu. The film stars Suresh Gopi, Navya Nair, Saikumar and Lalu Alex in lead roles. The film had musical score by Tej.",
    "genres" : [ {
      "id" : 18,
      "name" : "Drama"
    }, {
      "id" : 28,
      "name" : "Action"
    } ]
  }, {
    "id" : 359510,
    "title" : "Vale",
    "overview" : "A group of Spanish friends meet a girl who speaks English called Rachel. Victor is one of them but his English is not good enough to talk with Rachel.",
    "genres" : [ ]
  }, {
    "id" : 359515,
    "title" : "Nandagopaalante Kusruthikal",
    "overview" : "Nandagopan, a villager, wishes to marry a traditional girl. But complications arise when his uncle wants him to marry his daughter, Radhika, who leads a modern life.",
    "genres" : [ {
      "id" : 18,
      "name" : "Drama"
    } ]
  }, {
    "id" : 359520,
    "title" : "Vadhu Doctoranu",
    "overview" : "Jayaram always wanted to be a doctor, but he became an electrician instead. So his deep desire is to marry a woman doctor, which he does. But things don't turn out as he expected.",
    "genres" : [ {
      "id" : 10751,
      "name" : "Family"
    }, {
      "id" : 18,
      "name" : "Drama"
    }, {
      "id" : 35,
      "name" : "Comedy"
    } ]
  }, {
    "id" : 359525,
    "title" : "Sakshal Sreeman Chathunni",
    "overview" : "Unnikrishnan and his family is chased from his home after his father's death. He accidentally meets a genie who helps Unni get back everything he lost.",
    "genres" : [ {
      "id" : 18,
      "name" : "Drama"
    }, {
      "id" : 14,
      "name" : "Fantasy"
    } ]
  }, {
    "id" : 359530,
    "title" : "Seduced by Mommy 2",
    "overview" : "Motherly love is like no other!",
    "genres" : [ {
      "id" : 10749,
      "name" : "Romance"
    } ]
  }, {
    "id" : 359535,
    "title" : "On the side of the road",
    "overview" : "When the Israeli government tries to silence a history, a light was shed on the nation's biggest taboo. This is the story of those who fought to erase Palestine and created an Israeli landscape of denial and those who are fighting to uncover it.",
    "genres" : [ {
      "id" : 99,
      "name" : "Documentary"
    } ]
  }, {
    "id" : 359540,
    "title" : "The Good Bad boy",
    "overview" : "Billy Benson has a reputation as a \"bad boy\" largely due to his habit of winding up in fist fights. Billy is usually fighting to defend his dad's reputation. John Benson is the town ne'er-do-well: a failed inventor who has labored the past 20 years on what he believes is a revolutionary fire extinguisher. Wealthy businessman Walter Howe realizes that it really is a million-dollar idea, and plots...",
    "genres" : [ {
      "id" : 18,
      "name" : "Drama"
    } ]
  }, {
    "id" : 359545,
    "title" : "Why Hast Thou Forsaken Me",
    "overview" : "Muhammad, a rejected boy from the fringe of society, floats through the streets of a filthy city, exposed and desolated, until he meets Gurevich; a lone rover who rides his motorcycle into the bowels of the city, through the shadows of the back alleys, sharpening the knives of butcher shops and gourmet restaurants. Stubborn and tenacious, the boy forces his way under the man's wing. Within this hypnotic urban hell, what starts as an unstable and hesitant apprenticeship evolves into a struggle for self-control.",
    "genres" : [ {
      "id" : 18,
      "name" : "Drama"
    } ]
  }, {
    "id" : 359550,
    "title" : "Cassette: A Documentary",
    "overview" : "A short-form essayistic documentary about the rise and fall of the compact cassette and its impact on culture, communication, listening, and portable sound reproduction.  Since its patenting in the early 1960's, the compact audio cassette has changed the way that we listen, think, and communicate. From its humble origins as a transcription aid to its eventual loss of popularity after the invention of the compact disc and MP3 player, the cassette tape has come to be regarded a major cultural artifact, both in terms of its lasting impact on society and its current relevance in the Third World and the international independent music scene. Although the cassette tape has mostly faded from mainstream relevance in the Western world, it remains an important cultural touchstone for a generation of music listeners, and its less-direct influence is still felt today.  Produced in the Media Artists Studio program at The Evergreen State College 2011-2012.",
    "genres" : [ ]
  }, {
    "id" : 359555,
    "title" : "Time",
    "overview" : "An anti-corruption drive led by Disha, a Gandhian social organization leads to the resignation of Krishnan Nambiar (Biju Pappan), a state minister. Susan Mary Thomas (Padmapriya Janakiraman), an upcoming English novelist is the main brain behind Disha, who also is involved in several woman empowerment programs. Just after his resignation, Krishnan Nambiar is found brutally murdered at a private tennis court. The chief Minister (Kollam Thulasi) assigns Appan Menon (Suresh Gopi), the investigation charge.",
    "genres" : [ {
      "id" : 80,
      "name" : "Crime"
    }, {
      "id" : 18,
      "name" : "Drama"
    } ]
  }, {
    "id" : 359560,
    "title" : "Oru Minnaminunginte Nurunguvettam",
    "overview" : "Ravunni Nair and Saraswathi Amma were colleagues teaching in the same school. They eventually got married, when the former was 45 and the latter was 40. The greatest sorrow of their life was that they were childless. After retirement from school, Maya, a friend's daughter, comes to stay with them.",
    "genres" : [ {
      "id" : 18,
      "name" : "Drama"
    } ]
  }, {
    "id" : 359565,
    "title" : "Snehasagaram",
    "overview" : "Snehasagaram is a 1992 Indian Malayalam film, directed by Sathyan Anthikkad, starring Murali, Manoj K. Jayan and Sunitha in the lead roles.",
    "genres" : [ {
      "id" : 18,
      "name" : "Drama"
    } ]
  }, {
    "id" : 359570,
    "title" : "A Mulher-Serpente e a Flor",
    "overview" : "No overview",
    "genres" : [ {
      "id" : 18,
      "name" : "Drama"
    }, {
      "id" : 27,
      "name" : "Horror"
    } ]
  }, {
    "id" : 359575,
    "title" : "La demoiselle d'Avignon",
    "overview" : "Koba is a pricess, a real one. To meet up the men she loves, she finds herself in Paris... François is a diplomat. He thinks he loves a student. Little does he know that his Cinderella wears a crown. To find her again  he becomes ambassador of France in her country: Kurland...",
    "genres" : [ ]
  }, {
    "id" : 359580,
    "title" : "A Fire In My Brain That Separates Us",
    "overview" : "Quotes from movies about 'Gaslighting' are superimposed on shots of an apartment interior.",
    "genres" : [ ]
  }, {
    "id" : 359585,
    "title" : "Futuropolis",
    "overview" : "\"An excellent mixture of animation and real film from Rocket Films in 1984, directed by Phil Thrumbo and Steve Segal (which also plays the role of Mutchu, one of Lord Eggheads evil helpers). Segal also programmed the special effects in the endpart (using Commodore 64). The heroes of futuropolis are Captain Garth, Spud, Liutenant Luna and Cosmo. These four space cadets are sent to investigate series of mutations and destructions of peaceful worlds. The brain behind this chaos is Lord Egghead, the inventor of the \"mutation ray\". Futuropolis is an excellent movie which contains a lot of great animated effects!\" - IMDB",
    "genres" : [ {
      "id" : 16,
      "name" : "Animation"
    }, {
      "id" : 878,
      "name" : "Science Fiction"
    } ]
  }, {
    "id" : 359595,
    "title" : "Julien Courbet fait son comic out",
    "overview" : "",
    "genres" : [ ]
  }, {
    "id" : 359605,
    "title" : "Calvin Harris - Live at iTunes Festival 2012",
    "overview" : "",
    "genres" : [ ]
  }, {
    "id" : 359610,
    "title" : "Moira",
    "overview" : "Story of a poverty-stricken family living in a seaside city struggling to rise above the temptations of crime to make an honest living.",
    "genres" : [ {
      "id" : 18,
      "name" : "Drama"
    } ]
  }, {
    "id" : 359615,
    "title" : "An English Village",
    "overview" : "Part of BFI collection \"Portrait of a People.\"",
    "genres" : [ ]
  }, {
    "id" : 359620,
    "title" : "Portrait of a People: Impressions of Britain",
    "overview" : "Part of BFI collection \"Portrait of a People.\"",
    "genres" : [ ]
  }, {
    "id" : 359625,
    "title" : "If a Woman Wants...",
    "overview" : "Based on the eponymous novel by  Esat Mahmut Karakur.",
    "genres" : [ {
      "id" : 10749,
      "name" : "Romance"
    }, {
      "id" : 18,
      "name" : "Drama"
    } ]
  }, {
    "id" : 359630,
    "title" : "Dinosaur Hunters",
    "overview" : "",
    "genres" : [ {
      "id" : 99,
      "name" : "Documentary"
    } ]
  }, {
    "id" : 359635,
    "title" : "A Musa do Cangaço",
    "overview" : "",
    "genres" : [ {
      "id" : 99,
      "name" : "Documentary"
    } ]
  }, {
    "id" : 359640,
    "title" : "Hins Cheung 1st Unplugged Concert",
    "overview" : "Hins Cheung held his first unplugged concert in September 2009 at the Xinghai Concert Hall in Guangzhou.",
    "genres" : [ {
      "id" : 10402,
      "name" : "Music"
    } ]
  }, {
    "id" : 359645,
    "title" : "Day of Nose",
    "overview" : "A haptic animation with comfortable noses.",
    "genres" : [ {
      "id" : 16,
      "name" : "Animation"
    } ]
  }, {
    "id" : 359650,
    "title" : "Yellow",
    "overview" : "Everybody wants to be fashionable and praised. So do grandmothers.",
    "genres" : [ {
      "id" : 16,
      "name" : "Animation"
    } ]
  }, {
    "id" : 359655,
    "title" : "9/11 Firehouse",
    "overview" : "Documentary film recounting the story of Ten House, the fire station right next to the World Trade Center, and the experiences of its firefighters on 9/11",
    "genres" : [ ]
  }, {
    "id" : 359660,
    "title" : "Fear of the Flesh: The Making of The Fly",
    "overview" : "Feature length documentary on the making of David Cronenberg's The Fly.",
    "genres" : [ {
      "id" : 99,
      "name" : "Documentary"
    } ]
  }, {
    "id" : 359665,
    "title" : "C'est encore loin l'Amérique?",
    "overview" : "",
    "genres" : [ ]
  }, {
    "id" : 359670,
    "title" : "Lesbo-A-Go-Go",
    "overview" : "A no-budget tribute to 60s exploitation queen Doris Wishman and filmed in sordid black and white and searing colour, \"Lesbo-A-Go-Go\" follows the once-innocent Sugar on a wild psycho-sexual downhill spiral into degradation, drug addiction, delirium and ultimately damnation.",
    "genres" : [ {
      "id" : 18,
      "name" : "Drama"
    } ]
  }, {
    "id" : 359675,
    "title" : "Les oeufs brouillés",
    "overview" : "",
    "genres" : [ {
      "id" : 35,
      "name" : "Comedy"
    } ]
  }, {
    "id" : 359680,
    "title" : "Best of Super Crazy - Insane Luchador",
    "overview" : "Nobody has arrived on the ECW scene that has created as much excitement as Super Crazy. He wrestling and high-flying are out of this world and extreme style is as hardcore as anybody! Witness unbelievable matches that are truly some of the most entertaining specticles scene to man! Re-live his classic feud with Yoshihiro Tajiri, his battle with the top Mexican &amp; Japanese talent that has arrived in ECW, plus even a dream match with Jeff Hardy. Extreme Lucha Libre lives and it is in ECW! 4hrs.",
    "genres" : [ ]
  }, {
    "id" : 359690,
    "title" : "Притчи 2",
    "overview" : "",
    "genres" : [ {
      "id" : 18,
      "name" : "Drama"
    }, {
      "id" : 35,
      "name" : "Comedy"
    }, {
      "id" : 10751,
      "name" : "Family"
    } ]
  }, {
    "id" : 359695,
    "title" : "In the Dog House",
    "overview" : "When a divorced mom tries to start dating again, her kids and her dog set out to sabotage the dates. They are successful until her high school sweetheart shows up and he's onto them and they do a comedic battle to sway their mom's heart away from her high school sweetheart back to their father.",
    "genres" : [ {
      "id" : 10751,
      "name" : "Family"
    } ]
  }, {
    "id" : 359700,
    "title" : "Paradise Lost",
    "overview" : "Carnival artist Peter Minshall tells  the story of the design and construction  of Paradise Lost, his first  masquerade band for the Trinidad  and Tobago carnival in 1976. He  does so while viewing and reacting  to the remastered version of the  only known film footage of the band  on stage.",
    "genres" : [ ]
  }, {
    "id" : 359705,
    "title" : "Aldous Huxley: The Gravity of Light",
    "overview" : "A look at the books written by Huxley as well as his drug experimentation.",
    "genres" : [ {
      "id" : 99,
      "name" : "Documentary"
    } ]
  }, {
    "id" : 359710,
    "title" : "Grierson",
    "overview" : "This feature film is a portrait of John Grierson, the first Canadian Government Film Commissioner and founder of the National Film Board in 1939. Interweaving archival footage, interviews with people who knew him and footage of Grierson himself, this film is a sensitive and informative portrait of a dynamic man of vision.  Grierson believed that the filmmaker had a social responsibility, and that film could help a society realize democratic ideals. His absolute faith in the value of capturing the drama of everyday life was to influence generations of filmmakers all over the world. In fact, he coined the term \"documentary film.\"",
    "genres" : [ ]
  }, {
    "id" : 359715,
    "title" : "Cliché - Gypsy Life",
    "overview" : "Ten years since the inaugural “Gypsy Tour”—Cliché Skateboards notorious pan-European road trip/survival tour — the company celebrates a decade of scraping by on 15-Euros-a-day and sleeping under the stars by combining it with their 8th full-length video release. Gypsy Life is split between documenting Gypsy Tour 4 (with guest janitor Chet Childress) and showcasing full parts from Paul Hart and Max Geronzi along with heavy footage drops from Kyron Davis, Brad McClain and Adrien Coillard. In the footsteps of Bon Appétit and Freedom Fries, Gypsy Life will introduce an entire new generation of Cliché prodigies to the world, while including hefty Gypo helpings of Lucas Puig, Joey Brezinski, Andrew Brophy and the rest of the Pro team to boot. Get in the caravan!",
    "genres" : [ {
      "id" : 99,
      "name" : "Documentary"
    } ]
  }, {
    "id" : 359720,
    "title" : "Das Haus 1984",
    "overview" : "Thomas Heise's documentary portrays the meeting of officials and citizens in the district office of Berlin-Mitte in 1984. The movie uniquely displays how socialist officals and citizens interact.",
    "genres" : [ {
      "id" : 99,
      "name" : "Documentary"
    } ]
  }, {
    "id" : 359725,
    "title" : "Olga e il tempo - Parte prima: Epica minima del mattino",
    "overview" : "A minimalist portrait of Olga, a Biellese farmer.",
    "genres" : [ ]
  }, {
    "id" : 359730,
    "title" : "Unseen War",
    "overview" : "In our final episode, Unseen War, we change the angle slightly and explore the physical, moral and political invisibility of US drone strikes in Pakistan. We speak to journalists, activists and experts inside and outside of Pakistan about the consequences of the strikes in the tribal FATA region, whey they are possible, and how we can make the issue more visible using data and visualisation tactics.  You can hear more from the protagonists by reading the full interviews accompanying the film.",
    "genres" : [ ]
  }, {
    "id" : 359735,
    "title" : "From My Point of View",
    "overview" : "The second episode in the series, 'From My Point of View', rather than looking at professional investigative journalists, profiles three 'investigators-in-the-making' investigating issues ranging from weapon supply routes in Syria's 'YouTube conflict, urban land grabbing in post-conflict Beirut and how DIY aerial mapping can expose and challenge power relations in Jerusalem  All three use innovative tools and tactics to use their data to shed light on hidden layers of the issue they address, many of which are featured in on our Resources pages. To get to know their stories better, read the extensive interviews.",
    "genres" : [ ]
  }, {
    "id" : 359740,
    "title" : "Every Young Woman's Battle",
    "overview" : "Counselor and author Sharon Ethridge lectures what looks like a group of middle-aged Korean women (and one man) on some of the topics from her book \"Every Young Woman's Battle.\" Topics include dressing modestly, avoiding immoral media, and not putting oneself in a situation where one may be pressured into sexual activity.",
    "genres" : [ {
      "id" : 10751,
      "name" : "Family"
    } ]
  }, {
    "id" : 359745,
    "title" : "Raise the Castle!",
    "overview" : "Three men are possessed by the spirits of ancient samurai determined to build their master's castle, even if they must use cardboard.",
    "genres" : [ {
      "id" : 18,
      "name" : "Drama"
    }, {
      "id" : 35,
      "name" : "Comedy"
    } ]
  }, {
    "id" : 359750,
    "title" : "Uncovering Wolfen",
    "overview" : "After the huge financial and cultural success of WOODSTOCK (1970), filmmaker and political activist Michael Wadleigh spent many years in Hollywood writing scripts that were never produced. However, WOLFEN (1981), his only other major motion picture, was. After that he would never complete another feature film again. This is the story of that film.",
    "genres" : [ {
      "id" : 99,
      "name" : "Documentary"
    } ]
  }, {
    "id" : 359755,
    "title" : "Sector IX B",
    "overview" : "Taking inspiration from L’Afrique fantôme — the controversial diary by French surrealist writer Michel Leiris recounting his participation in the ambitious Dakar-Djibouti ethnographic expedition of the 1930s — Mathieu Kleyebe Abonnenc’s arresting first feature reflects on identity, cultural appropriation, and the transference of memory through objects.",
    "genres" : [ ]
  }, {
    "id" : 359760,
    "title" : "Star Film",
    "overview" : "STAR FILM stars a hand-made emulsion.",
    "genres" : [ ]
  }, {
    "id" : 359765,
    "title" : "Las aventuras de Moriana",
    "overview" : "After an eviction notice, a mother teaches her three children, that even in adversity, they must always look forward. She starts up a restaurant business, but it does not work. Then Magdalena has another idea: to make a film.",
    "genres" : [ {
      "id" : 35,
      "name" : "Comedy"
    } ]
  }, {
    "id" : 359770,
    "title" : "Land Legs",
    "overview" : "Dom, 36 years old, is a sailor on board of the fishing boat Petit Gael II from the port of Les Sables d'Olonne, a small town in western France. He is used to leave for the open sea for at least three weeks in a row. Despite of his absences, his teenaged children decided to live with him since the divorce of the parents. But when his daughter Mailys gets pregnant, Dom understands that he will have to choose between the sea and his family.",
    "genres" : [ {
      "id" : 18,
      "name" : "Drama"
    } ]
  }, {
    "id" : 359775,
    "title" : "The Final Rejection of the Request for a Kiss",
    "overview" : "1949 danish short",
    "genres" : [ ]
  }, {
    "id" : 359780,
    "title" : "Reality A",
    "overview" : "1950 Danish short",
    "genres" : [ ]
  }, {
    "id" : 359785,
    "title" : "Dominion",
    "overview" : "Earths position in the universe has become of vital strategic importance to those who have, until now, just studied us from the dark reaches of Space. Knowing our weaknesses they have planned their attack &amp; now in just 5 days life on earth will change forever. Robert Casey a retired US Intelligence agent turned UFO investigator races to discover the truth about the DOMINION and what it has in store for the human race but time is running out...",
    "genres" : [ {
      "id" : 28,
      "name" : "Action"
    }, {
      "id" : 53,
      "name" : "Thriller"
    }, {
      "id" : 878,
      "name" : "Science Fiction"
    } ]
  }, {
    "id" : 359790,
    "title" : "Blackway",
    "overview" : "A young woman newly returned to her hometown becomes the subject of harassment by a man named Blackway, an ex-cop turned violent crime lord who operates with impunity in this small community on the edge of the wilderness. Forsaken by the local townspeople, and advised by the Sheriff to leave town, Lillian decides instead to take a stand against her sociopathic stalker, and enlists the help of ex-logger Lester and his laconic young sidekick Nate.....",
    "genres" : [ {
      "id" : 53,
      "name" : "Thriller"
    } ]
  } ]
}