{
  "movies" : [ {
    "id" : 355390,
    "title" : "Cocteau, I’ll Stay With You",
    "overview" : "",
    "genres" : [ ]
  }, {
    "id" : 355395,
    "title" : "Universal Citizen",
    "overview" : "Universal Citizen is a multifaceted personal travelogue that brings us to a real Universal Hotel, in Guatemala, and to the same public square in Siena that appears at the beginning of Universal Hotel; at the center of the film are Thompson's off screen meetings with a Libyan Jew and former Dachau inmate who works as a smuggler in Guatemala and refuses to be photographed. (Jonathan Rosenbaum)",
    "genres" : [ ]
  }, {
    "id" : 355400,
    "title" : "The Confession",
    "overview" : "The Confession (1990) survives in Parajanov: The Last Spring (1992) in its original camera negative. It remained unfinished due to the death of Sergei Parajanov. The Confession (1990) was his favorite screenplay, which was written in the 1960s and was his film-memory of the childhood, student years, marriage, imprisonment and more as the fantasist Parajanov perceived it. Parajanov gifted the screenplay to Mikhail Vartanov, made a drawing on the cover and wrote: \"The Confession will only be made by a director born in 1924 in Tiflis, Georgia.\" He predicted that he would not finish it.",
    "genres" : [ ]
  }, {
    "id" : 355405,
    "title" : "A Painful Affair",
    "overview" : "",
    "genres" : [ {
      "id" : 18,
      "name" : "Drama"
    } ]
  }, {
    "id" : 355410,
    "title" : "Circle's Short Circuit",
    "overview" : "Experimental German film.",
    "genres" : [ ]
  }, {
    "id" : 355415,
    "title" : "The Automobile Gains in Reliability",
    "overview" : "This film was created by Sokurov before or during his VGIK student years for the regional TV of Gorki. He does not consider it a part of his filmography. For its creators, it was just a TV program, and the people who worked on it most often were being given no distinction in the credits. This document of the very origins of Sokurov gives us a notion of his \"pre-stylistic\" period, where the personality of the future great filmmaker reveals itself in spite of means and circumstances.",
    "genres" : [ {
      "id" : 99,
      "name" : "Documentary"
    } ]
  }, {
    "id" : 355420,
    "title" : "Western Firebrands",
    "overview" : "Silent Western ....",
    "genres" : [ {
      "id" : 37,
      "name" : "Western"
    } ]
  }, {
    "id" : 355425,
    "title" : "Geen koningen in ons bloed",
    "overview" : "Tomas and Naomi weren't born for love. They will never be royals, but as brother and sister they have each other.",
    "genres" : [ {
      "id" : 18,
      "name" : "Drama"
    } ]
  }, {
    "id" : 355430,
    "title" : "At an Uncertain Time",
    "overview" : "It’s 1942, and Portugal languishes under dictatorship and WWII rages just beyond its borders. Secrets, half-truths, and mistrust prevail in the state security office of chief inspector Varga, who makes professional privilege a cover for his unprofessional interest in a boldly carnal refugee and her alleged brother. Director/writer Saboga (screenwriter for Raúl Ruiz’s MYSTERIES OF LISBON) saturates the dark world of this predatory tale with steamy eroticism and paranoia, starting with the incestuous desires of his bi-curious adolescent daughter and including the family maid.",
    "genres" : [ {
      "id" : 18,
      "name" : "Drama"
    } ]
  }, {
    "id" : 355435,
    "title" : "Thulavarsham",
    "overview" : "Thulavarsham is a 1976 Indian Malayalam film, directed by N Sankaran Nair and produced by Sobhana Parameswaran Nair. The film stars Prem Nazir, Kaviyoor Ponnamma, Prema and Sridevi in lead roles. The film had musical score by V. Dakshinamoorthy and Salil Chowdhary.",
    "genres" : [ {
      "id" : 10749,
      "name" : "Romance"
    }, {
      "id" : 18,
      "name" : "Drama"
    } ]
  }, {
    "id" : 355440,
    "title" : "Enishi: The Bride of Izumo",
    "overview" : "Maki Iizuka (Nozomi Sasaki) works as an editor for a wedding magazine in Tokyo. She is set to marry Kazunori Nakamura (Yuta Hiraoka) next month, when her grandmother dies. Her grandmother was like a mom to Maki.  While Maki arranges items left by her grandmother, she discovers a box made from empress tree. The box contains a white bridal Kimono and marriage registration forms. The marriage registration forms are mostly empty, except for the name \"Soichi Akiguni\" filled into a blank. Maki becomes curious about Soichi Akiguni and decides to go to her hometown Izumo in Shimane Prefecture. There, she meets a young fisherman.",
    "genres" : [ {
      "id" : 18,
      "name" : "Drama"
    } ]
  }, {
    "id" : 355445,
    "title" : "Martin Clunes & a Lion Called Mugie",
    "overview" : "Clunes joins a mission to make wildlife history by returning endangered lions to Kora National Park, the Kenyan nature reserve of “Born Free” fame. The effort begins with Mugie, a lion cub orphaned at just three weeks old, but Clunes soon finds out why for lions there is now no “free” left.",
    "genres" : [ {
      "id" : 99,
      "name" : "Documentary"
    } ]
  }, {
    "id" : 355450,
    "title" : "In Profile - Mikey Whiplash - Life, Death & Resurrection",
    "overview" : "Part 1 of 3 of a long-form interview with Mikey Whiplash.",
    "genres" : [ {
      "id" : 99,
      "name" : "Documentary"
    } ]
  }, {
    "id" : 355455,
    "title" : "Nokkethadhoorathu Kannum Nattu",
    "overview" : "Kunjoonjamma Thomas is a widow living in the village all by herself. People always make fun of her because she is grumpy and depressed due to the deaths of her husband and her only child. Children irritate her by ringing her door bell and running away. One day, her granddaughter Girly, who she had never met, visits her. Initially, Kunjoonjamma does not like Girly, but they soon become close to each other.",
    "genres" : [ {
      "id" : 18,
      "name" : "Drama"
    }, {
      "id" : 10751,
      "name" : "Family"
    } ]
  }, {
    "id" : 355460,
    "title" : "Adventure Time",
    "overview" : "The short focused on a boy named Pen and a dog named Jake as they learn from the Rainicorn that the Ice King has kidnapped Princess Bubblegum, in the hope of marrying her. Declaring that it's \"Adventure Time\", Pen and Jake set off to the Ice King's mountain lair.",
    "genres" : [ {
      "id" : 16,
      "name" : "Animation"
    }, {
      "id" : 35,
      "name" : "Comedy"
    }, {
      "id" : 14,
      "name" : "Fantasy"
    } ]
  }, {
    "id" : 355465,
    "title" : "Breaking Through",
    "overview" : "",
    "genres" : [ ]
  }, {
    "id" : 355470,
    "title" : "Out of Depth",
    "overview" : "Based on a true story and in the same mould as Get Carter and Nil by Mouth, Out of Depth is a hard hitting, contemporary character based thriller. A gritty expose of the South London Underworld, it tells the story of misguided good intentions, of family love and of the personal hopes and fears that lay behind several gangland killings.",
    "genres" : [ {
      "id" : 53,
      "name" : "Thriller"
    } ]
  }, {
    "id" : 355475,
    "title" : "Bleeding Black & Yellow: The UltraViolent Dream",
    "overview" : "\"The Bulldozer\" Matt Tremont. Violent. Dangerous. Raw. Real. \"Bleeding Black and Yellow\" will feature a day in the life as seen through Matt Tremont's eyes. Follow Matt Tremont's UltraViolent Dream from 2007 to the sadistic \"Tangled Web\".",
    "genres" : [ {
      "id" : 99,
      "name" : "Documentary"
    } ]
  }, {
    "id" : 355480,
    "title" : "Le cours de natation",
    "overview" : "Brought by her mother to her first swimming lesson, a 7-year-old girl must find, on her own, her place in the unfamiliar world of the pool.",
    "genres" : [ {
      "id" : 10751,
      "name" : "Family"
    }, {
      "id" : 18,
      "name" : "Drama"
    } ]
  }, {
    "id" : 355485,
    "title" : "Never Steady, Never Still",
    "overview" : "A troubled young man is driven back to his childhood home by a horrible mistake — and discovers that he is not alone in his struggle. Never Steady, Never Still is a thundering whisper that beautifully captures the solace of family and home.",
    "genres" : [ {
      "id" : 18,
      "name" : "Drama"
    } ]
  }, {
    "id" : 355495,
    "title" : "Viagem ao Fim do Mundo",
    "overview" : "",
    "genres" : [ ]
  }, {
    "id" : 355500,
    "title" : "Twiligh",
    "overview" : "",
    "genres" : [ ]
  }, {
    "id" : 355505,
    "title" : "Analogies: Studies in the Movement of Time",
    "overview" : "Analogies: Studies in the Movement of Time uses a variety of multiple screen formats to create an intriguing series of visual riddles. The film consists of a series of simple camera movements that are rendered \"diachronically\"- several different aspects of the action are presented on the screen at once. By playing with time delays between these images, new kinds of space, action, gesture, and temporality have been found. Generated from structural principles, the film is both lyrical and sensual and provokes a new understanding of time and cinema.",
    "genres" : [ ]
  }, {
    "id" : 355510,
    "title" : "The Resurrection of Michael Myers Part 2",
    "overview" : "During a wild party at a hospital the anti-hero of Halloween, Michael Myers, comes to life. He stalks the hospital, violently killing everyone and everything. Apart from Michael Myers we also find Leatherface and Jason. If that wasn't enough, a zombie wanders around looking for his pirate copies of \"Resurrection of Michael Myers (pt1)\". The result is an orgy in blood and violence.",
    "genres" : [ {
      "id" : 35,
      "name" : "Comedy"
    }, {
      "id" : 27,
      "name" : "Horror"
    } ]
  }, {
    "id" : 355515,
    "title" : "Meet Me at the Fair",
    "overview" : "In 1904, Doc Tilbee, medicine show huckster and champion tall-tale teller, gives a ride to a young boy escaped from an orphanage, where bad conditions (the result of political graft) are being investigated by new appointee Zerelda Wing, who doesn't know that her fiancée is one of the politicians responsible. Tad wants to stay with his new friend Doc, who is attracted to Zerelda, to the discomfiture of his old flame Clara...all amid nostalgic musical numbers.",
    "genres" : [ {
      "id" : 10402,
      "name" : "Music"
    } ]
  }, {
    "id" : 355520,
    "title" : "Rocky Marciano, Champion vs. Jersey Joe Walcott, Challenger",
    "overview" : "The boxing match between Rocky Marciano vs. Jersey Joe Walcott in 3-D.",
    "genres" : [ ]
  }, {
    "id" : 355525,
    "title" : "Pigeon Flew Away",
    "overview" : "Yüksel Güvercin dreamed to be a pilot while he was able to be only captain in public transportation buses.",
    "genres" : [ {
      "id" : 35,
      "name" : "Comedy"
    } ]
  }, {
    "id" : 355530,
    "title" : "Dot in Space",
    "overview" : "Dot’s latest romp takes her literally out of this world when she decides to rescue Whyka, the Russian space dog, who is circling the earth trapped in a broken down satellite. Trading places with Buster, the space monkey, Dot boards an American rocket and is launched into orbit. She manages to save Whyka, but then crash lands on the fantastic planet Pie-Arr-Squared, where everything is round. Among many adventures there, Dot is thrown into a prison for ‘squaries’. Of course she manages to escape and with the help of some new friends, she returns to earth to a hero’s welcome.",
    "genres" : [ {
      "id" : 878,
      "name" : "Science Fiction"
    }, {
      "id" : 16,
      "name" : "Animation"
    }, {
      "id" : 10751,
      "name" : "Family"
    } ]
  }, {
    "id" : 355540,
    "title" : "Pitong Dalagita",
    "overview" : "When six girls and a guy all teenagers are found with their wrists slit on a high school playground, it's left to their guidance counselor to try to make sense of the mystery behind the apparent suicide pact. Told in nonlinear fashion, the story uses a multitude of perspectives interconnected flashbacks from surviving students to illuminate the desires, fears and insecurities that led to the devastating act.",
    "genres" : [ {
      "id" : 18,
      "name" : "Drama"
    } ]
  }, {
    "id" : 355545,
    "title" : "Paul Taylor Creative Domain",
    "overview" : "Among the most acclaimed choreographers in American history, Paul Taylor has been reinventing the roles of music, movement and theme in dance for nearly 60 years. In that time he has offered only glimpses into his creative process. Creative Domain is a rare in-depth documentation of how he creates a single dance. Through the lens of award-winning cinematographer Tom Hurwitz, we see Paul’s non-verbal communication with his dancers. Below the surface of this dance and the many works that came before, is Paul’s power of acute observation, revealing a side to his choreography that is strangely prophetic. The dominant voice is Paul’s, between the guarded and unguarded moments we see him with new eyes and new understanding.",
    "genres" : [ {
      "id" : 99,
      "name" : "Documentary"
    } ]
  }, {
    "id" : 355550,
    "title" : "Ah, c'était ça la vie!",
    "overview" : "",
    "genres" : [ {
      "id" : 36,
      "name" : "History"
    }, {
      "id" : 18,
      "name" : "Drama"
    } ]
  }, {
    "id" : 355555,
    "title" : "The Freshie",
    "overview" : "Silent Comedy...",
    "genres" : [ {
      "id" : 35,
      "name" : "Comedy"
    } ]
  }, {
    "id" : 355560,
    "title" : "Calls R1NN",
    "overview" : "In the 20's an enthusiast radio amateur, Fyodor Lbov, experiments one of the first short-waves radio in the city of Gorky.",
    "genres" : [ {
      "id" : 99,
      "name" : "Documentary"
    } ]
  }, {
    "id" : 355565,
    "title" : "Im Teufelskreis",
    "overview" : "",
    "genres" : [ {
      "id" : 80,
      "name" : "Crime"
    } ]
  }, {
    "id" : 355570,
    "title" : "Winter, Sea",
    "overview" : "A boy finds an unconscious woman by the sea and brings her home.",
    "genres" : [ {
      "id" : 18,
      "name" : "Drama"
    } ]
  }, {
    "id" : 355580,
    "title" : "Teros, sueño mundial",
    "overview" : "",
    "genres" : [ {
      "id" : 99,
      "name" : "Documentary"
    } ]
  }, {
    "id" : 355595,
    "title" : "Super Hero Taisen GP: Kamen Rider #3",
    "overview" : "The evil organization Shocker alters history by sending their newest creation, Kamen Rider 3, to defeat Kamen Riders 1 and 2 back in 1973. In the alternate present, Shocker is more powerful than ever, and most of the Kamen Riders are now either imprisoned or brainwashed to work for them. One such brainwashed Rider is Shinnosuke Tomari who thanks to his partner Kiriko Shijima, remembers the truth and joins forces with the remaining Kamen Riders who are still at large to make a stand against Shocker and put history back on its proper course.",
    "genres" : [ {
      "id" : 28,
      "name" : "Action"
    }, {
      "id" : 12,
      "name" : "Adventure"
    }, {
      "id" : 878,
      "name" : "Science Fiction"
    } ]
  }, {
    "id" : 355600,
    "title" : "Junun",
    "overview" : "Paul Thomas Anderson joined his close friend and collaborator Jonny Greenwood on a trip to Rajasthan in northwest India, where they were hosted by the Maharaja of Jodhpur, and he brought his camera with him. Their destination was the 15th-century Mehrangarh Fort, where Greenwood was recording an album with Israeli composer Shye Ben Tzur and an amazing group of musicians.",
    "genres" : [ {
      "id" : 10402,
      "name" : "Music"
    }, {
      "id" : 99,
      "name" : "Documentary"
    } ]
  }, {
    "id" : 355605,
    "title" : "Fierce Lady",
    "overview" : "A Lady is Fierce.",
    "genres" : [ {
      "id" : 28,
      "name" : "Action"
    } ]
  }, {
    "id" : 355610,
    "title" : "Stories... Stories... Stories from the Old Arbat",
    "overview" : "Based on a play of the same name by Aleksei Arbuzov.",
    "genres" : [ {
      "id" : 35,
      "name" : "Comedy"
    }, {
      "id" : 18,
      "name" : "Drama"
    } ]
  }, {
    "id" : 355615,
    "title" : "Carmen",
    "overview" : "In a small village close to the mountains, Mariana and Puiu are a young family with two children: Carmen and Mircea. One morning, the mother and the ten year-old daughter leave for Bucharest, having a hospital as their destination. One doctor alone, Sitaru, believes that Carmen, who can no longer smile, stands any chances at survival. He believes he can perform a miracle and save Carmen's life. Struggling for her daughter, abandoned by almost everybody she trusted, Mariana discovers she is pregnant. After dr. Sitaru operates on the little girl, in a risky manner, Carmen begins to feel increasingly worse. Without any hope, Mariana leaves the hospital and rushes to take Carmen home: while one life ends, another one begins to flicker.",
    "genres" : [ ]
  }, {
    "id" : 355625,
    "title" : "Buddhanin Sirippu",
    "overview" : "Story of three person challenges the evil  practices of country’s corruption, abuse of power and officer lethargic management.",
    "genres" : [ {
      "id" : 18,
      "name" : "Drama"
    } ]
  }, {
    "id" : 355635,
    "title" : "A Path Appears",
    "overview" : "A Path Appears, from the creative team that brought you the groundbreaking series Half the Sky: Turning Oppression into Opportunity for Women Worldwide, follows intrepid reporters Nicholas Kristof and Sheryl WuDunn and actor/advocates Malin Akerman, Mia Farrow, Ronan Farrow, Jennifer Garner, Regina Hall, Ashley Judd, Blake Lively, Eva Longoria, and Alfre Woodard to Colombia, Haiti, Kenya, and throughout the United States as they uncover the harshest forms of gender-based oppression and human rights violations, as well as the effective solutions being implemented to combat them.",
    "genres" : [ {
      "id" : 99,
      "name" : "Documentary"
    } ]
  }, {
    "id" : 355640,
    "title" : "How to Cook Like Heston",
    "overview" : "After years of passionately seeking culinary perfection, Heston Blumenthal demonstrates not just how to cook, but why certain things do or don’t work, as he dispels some of the myths inherited from our mother’s kitchen. Britain’s most visionary chef delivers meticulously tested tips and techniques to help viewers transform their dinners from bog standard to reliably brilliant without even breaking a sweat. Each episode concentrates on one everyday ingredient - eggs, chicken, beef, chocolate, cheese and spuds - and features recipes for big favourites such as roast chicken, the perfect steak, and how to pull off the ultimate chocolate cake. The series is packed with straightforward advice, while special cameras show what actually happens to food as it hits the pan or roasts in the oven.",
    "genres" : [ ]
  }, {
    "id" : 355645,
    "title" : "Mazhavilkavadi",
    "overview" : "Velayudham and his cousin Valli are in love since their childhood. Her father Shankarankutty hates Velayudham and looks for a groom for his daughter. One day, Velayudham and Valli try to elope but Shankarankutty finally capture them. Vexed by this misadventure, Velayudham leaves his village to Palani in order to find a job with the help of his friend Kunju Khader (Charle). Kunju Khader turns out to be a pickpocket.",
    "genres" : [ {
      "id" : 10749,
      "name" : "Romance"
    }, {
      "id" : 18,
      "name" : "Drama"
    } ]
  }, {
    "id" : 355650,
    "title" : "The long aftermath of a short announcement",
    "overview" : "A short – apparently innocent – announcement turns the lives of a couple of employees at a wellness centre down. An absurd tragicomedy.",
    "genres" : [ {
      "id" : 35,
      "name" : "Comedy"
    }, {
      "id" : 18,
      "name" : "Drama"
    } ]
  }, {
    "id" : 355655,
    "title" : "Catching Faith",
    "overview" : "From the outside, Alexa has the perfect life. Her son is the high school football star, daughter a straight A student and her husband is CFO of a booming start-up company. The sudden death ...",
    "genres" : [ {
      "id" : 18,
      "name" : "Drama"
    }, {
      "id" : 10751,
      "name" : "Family"
    } ]
  }, {
    "id" : 355660,
    "title" : "Silencio",
    "overview" : "A soundman goes in search of that rarest of sounds - silence.",
    "genres" : [ {
      "id" : 18,
      "name" : "Drama"
    } ]
  }, {
    "id" : 355665,
    "title" : "Female Teacher Rope Hell",
    "overview" : "A high school student called Ranko is attacked by a vagabond on school grounds late one afternoon. Her beloved teacher Sayuri rescues her, only to take her place as the victim. Ranko tries to get help from a piano tuner who is just leaving the school. They eventually find Sayuri and her attacker in a classroom, but the man refuses to go in and save her, saying to do so would risk her life. She is raped, and after the vagrant shoots his load and shuffles off, they clean Sayuri up and agree never to speak of what happened. Not long after the incident the piano tuner offers Sayuri a ride home from school, abducting her in the process and imprisoning her in his basement. As he subjects her to various forms of sexual torture, Ranko manages to figure out where she is being held – but risks being captured and violated herself.",
    "genres" : [ ]
  }, {
    "id" : 355670,
    "title" : "Doctor Who: The Tomb of the Cybermen",
    "overview" : "Aided by his two assistants Jamie and Victoria, the Doctor lands the TARDIS on Telos, last resting place of the infamous Cybermen. There he discovers a band of archaelogists on a secret expedition to unearth the reason for his old enemies' extinction. In the underground shadowy depths, they find the icy tomb. A whole army in hibernation. A threat to no one, if the temperature remains low. But if the traitor in their midst gets his way, things could really heat up.",
    "genres" : [ {
      "id" : 12,
      "name" : "Adventure"
    }, {
      "id" : 18,
      "name" : "Drama"
    }, {
      "id" : 878,
      "name" : "Science Fiction"
    } ]
  }, {
    "id" : 355675,
    "title" : "Superstar",
    "overview" : "Superstar tells the story of a barber Nanappan, who is the look alike of Superstar \"Madanraj\" and how he uses it to his advantage.",
    "genres" : [ {
      "id" : 35,
      "name" : "Comedy"
    } ]
  }, {
    "id" : 355680,
    "title" : "Karma",
    "overview" : "Karma is a 1995 Indian Malayalam film, directed by TS Jomon, starring Suresh Gopi and Ranjitha in the lead roles.",
    "genres" : [ {
      "id" : 28,
      "name" : "Action"
    }, {
      "id" : 18,
      "name" : "Drama"
    } ]
  }, {
    "id" : 355690,
    "title" : "Chuggington: In Control And Ready To Roll!",
    "overview" : "",
    "genres" : [ {
      "id" : 16,
      "name" : "Animation"
    } ]
  }, {
    "id" : 355695,
    "title" : "Biography Channel - Albert Einstein",
    "overview" : "",
    "genres" : [ {
      "id" : 99,
      "name" : "Documentary"
    } ]
  }, {
    "id" : 355705,
    "title" : "The Roof Above Us",
    "overview" : "Squatters living in an abandoned building receive a notice that they may be evicted some time soon. While Anna tries to deal with the news, she has to confront a mysterious man lying in her bed.",
    "genres" : [ {
      "id" : 18,
      "name" : "Drama"
    } ]
  }, {
    "id" : 355710,
    "title" : "My Old Man",
    "overview" : "An unlucky horse trainer, Frank Butler, wins big at the track and buys his 16-year old daughter a horse to salvage their relationship. When frank is hurt prior to the opening race, Jo must go it alone.",
    "genres" : [ ]
  }, {
    "id" : 355715,
    "title" : "Old?!",
    "overview" : "OLD?! is a 55 -minute documentary showcasing over seventy people with poignant stories and plain-speak wisdom about the life journey of aging. These individuals, from 10 days to 101 years old, offer funny, touching and inspiring stories as they share their perspectives about what it means to be old. Throughout the film OLD?! invites us to embrace our own aging process.",
    "genres" : [ {
      "id" : 99,
      "name" : "Documentary"
    } ]
  }, {
    "id" : 355720,
    "title" : "Ohnsorg-Theater - Die Venus von Müggensack",
    "overview" : "",
    "genres" : [ {
      "id" : 35,
      "name" : "Comedy"
    } ]
  }, {
    "id" : 355725,
    "title" : "Ohnsorg-Theater- Die lieben Verwandten",
    "overview" : "",
    "genres" : [ {
      "id" : 35,
      "name" : "Comedy"
    } ]
  }, {
    "id" : 355730,
    "title" : "Signed, Sealed, Delivered: Truth Be Told",
    "overview" : "The POstables are on a mission to deliver a soldier's letter from Afghanistan to a teenager who's being relentlessly bullied, while Oliver's estranged father surprises him with news that shakes him to his core. Stars Eric Mabius, Kristin Booth, Crystal Lowe and Geoff Gustafson.",
    "genres" : [ {
      "id" : 18,
      "name" : "Drama"
    } ]
  }, {
    "id" : 355735,
    "title" : "Trail to Laredo",
    "overview" : "Filmed at the Providencia Ranch (today's Forrest Lawn in Burbank, CA), this typical \"Durango Kid\" Western featured the Cass County Boys performing \"Go West Young Lady\" by Sammy Cahn and Saul Chaplin, in addition to series regular Smiley Burnette singing his own \"It's My Turn\" and \"The Yodeler. This time, the Durango Kid (Charles Starrett) is chasing down a gang of outlaws shipping stolen gold in crates marked \"ring bolts,\" ably assisted by Smiley, a treasury agent working undercover as a house painter. Virginia Maxey supplies female interest and little Tommy Ivo, in one of his six appearances in the Durango Kid series, also gets in the way of the action.",
    "genres" : [ {
      "id" : 37,
      "name" : "Western"
    } ]
  }, {
    "id" : 355740,
    "title" : "The Surveyors of Montmarte",
    "overview" : "",
    "genres" : [ ]
  }, {
    "id" : 355745,
    "title" : "Sci-Rop",
    "overview" : "Rare 8mm independent film featuring, among other obscure things, evil spirits and a giant monster",
    "genres" : [ ]
  }, {
    "id" : 355750,
    "title" : "Queen: Live at Earl's Court Arena",
    "overview" : "Concert  by Queen, played live at Earl's Court, London on June 6th, 1977. Although the concert was planned to be released on video it only can be found on bootlegged dvd's.  Procession  Tie Your Mother Down  Ogre Battle  White Queen (As It Began)  Somebody to Love  Killer Queen  Good Old-Fashioned Lover Boy  The Millionaire Waltz  You're My Best Friend  Bring Back That Leroy Brown  Death on Two Legs (Dedicated to…)  Doing All Right  Brighton Rock  '39  You Take My Breath Away  White Man  The Prophet's Song  Bohemian Rhapsody  Keep Yourself Alive  Stone Cold Crazy  In the Lap of the Gods... Revisited  Now I'm Here  Liar  Lucille  Jailhouse Rock  Saturday Night's Alright for Fighting  God Save the Queen",
    "genres" : [ {
      "id" : 10402,
      "name" : "Music"
    } ]
  }, {
    "id" : 355755,
    "title" : "Road Agent",
    "overview" : "Summarily accused of murder, drifters Duke (Foran), Pancho (Carrillo) and Andy (Devine) are tossed into the hoosegow, only to be released when their alibi checks out. Far from offended by his ill treatment, Duke agrees to take the job of sheriff, retaining Pancho and Andy as his deputies. The gruesome threesome then sets about to solve a series of mysterious Wells Fargo robberies",
    "genres" : [ {
      "id" : 37,
      "name" : "Western"
    } ]
  }, {
    "id" : 355760,
    "title" : "There",
    "overview" : "A disgruntled veteran unable to adjust back into society justifies domestic terrorism by interpreting his actions with alien invasion.",
    "genres" : [ {
      "id" : 10752,
      "name" : "War"
    }, {
      "id" : 18,
      "name" : "Drama"
    }, {
      "id" : 878,
      "name" : "Science Fiction"
    } ]
  }, {
    "id" : 355765,
    "title" : "Vrudhanmare Sookshikkuka",
    "overview" : "A group of seniors go to LoveLand for a month long vaccation. Friends Sathyaraj and Dharmaraj, disguised as two old men, joing the seniors.",
    "genres" : [ {
      "id" : 35,
      "name" : "Comedy"
    } ]
  }, {
    "id" : 355770,
    "title" : "Anuragakottaram",
    "overview" : "Anuragakottaram is a 1998 Indian Malayalam film, directed by Vinayan and produced by Ramakrishnan. The film stars Dileep, Suvalakshmi, Jagathy Sreekumar and Kalpana in lead roles. The film had musical score by Ilayaraja.",
    "genres" : [ {
      "id" : 18,
      "name" : "Drama"
    }, {
      "id" : 35,
      "name" : "Comedy"
    }, {
      "id" : 10749,
      "name" : "Romance"
    } ]
  }, {
    "id" : 355775,
    "title" : "Possession",
    "overview" : "Melissa is a young woman blessed with great fortune she has a blossoming career in fashion design, a slew of adoring friends, and a fiancé who is no less than the man of her dreams. Everything seems favorable until the night of her engagement party, for she is suddenly beset by visions of her dead sister, Magda. Soon, Melissa realizes that Magda's soul wishes to claim her life, believing that it was the life meant for Magda, had she not died. As Magda takes control of her body, Melissa sees her perfect life crumble.",
    "genres" : [ {
      "id" : 27,
      "name" : "Horror"
    } ]
  }, {
    "id" : 355780,
    "title" : "Stanley: Every Home Should Have One",
    "overview" : "Stanley Dunstan is a young eccentric. The son and heir to a family fortune has eluded all attempts by his father to make him \"normal\", and escapes from attempts to incarcerate him in the family sanatorium. Stanley retreats to prove he can become \"normal\" on his own, and does so by tracking down Australia's most \"normal\" family with whom he moves in and on whom he models his behaviour. Stars Graham Kennedy, Nell Campbell, Peter Bensley and Michael Craig.",
    "genres" : [ ]
  }, {
    "id" : 355785,
    "title" : "Traps",
    "overview" : "A film that is built around a simple narrative about the concerns of a reporter in public radio whose work takes her from the tele-room in March '83 when the present Labor Prime Minister Bob Hawke came to power, to the biennial Labor Party Conference and through to the elections in Dec. '84. Traps throws up a host of questions and leads on the nature of power and politics.",
    "genres" : [ ]
  }, {
    "id" : 355790,
    "title" : "L'Empereur des pauvres",
    "overview" : "Marc Anavan, a rich young man, leads a profligate life and when he understands his fortune is about to evaporate he decides to change his life, to become a vagabond and to do good around him. The task is not easy but his faith in his mission and the love of Silvette will help Marc to overcome all the hardships on his way.",
    "genres" : [ {
      "id" : 18,
      "name" : "Drama"
    } ]
  }, {
    "id" : 355795,
    "title" : "Paco Urondo, la palabra justa",
    "overview" : "The life of Francisco \"Paco\" Urondo, writer, poet, journalist and political activist.",
    "genres" : [ {
      "id" : 99,
      "name" : "Documentary"
    } ]
  }, {
    "id" : 355800,
    "title" : "Country Fair",
    "overview" : "Eddie Foy plays Johnny Campbell, glib campaign manager for gubenatorial candidate Stogie McPhee (William Demarest). Having impulsively promised Johnny that she'll marry him if McPhee wins, heroine Pepper Wilson (June Clyde) begins canvassing the voters on behalf of rival candidate Gildersleeve (played by Harold Peary, who'd created \"Gildy\" on radio's Fibber McGee and Molly). But the race is won by a dark horse, blacksmith Gunther Potts (Guinn Williams), who single-handedly cleans out the corrupt element in the local government.",
    "genres" : [ {
      "id" : 35,
      "name" : "Comedy"
    } ]
  }, {
    "id" : 355805,
    "title" : "Daniel - 30 Anos o Musical",
    "overview" : "",
    "genres" : [ {
      "id" : 10402,
      "name" : "Music"
    } ]
  }, {
    "id" : 355810,
    "title" : "Chuzpe - Klops braucht der Mensch!",
    "overview" : "A comedy directed by Isabel Kleefeld.",
    "genres" : [ {
      "id" : 18,
      "name" : "Drama"
    }, {
      "id" : 35,
      "name" : "Comedy"
    } ]
  }, {
    "id" : 355815,
    "title" : "Return To Forever IV - Live At Montreux",
    "overview" : "Live in Montreux on 12.07.2011 at Miles Davis Hall  Featuring Chick Corea, Stanley Clarke, Lenny White, Jean-Luc Ponty &amp; Frank Gambale  Driven once again by the powerful engine of Chick's keyboards, Stanley Clarke's bass and Lenny White's drums, Return To Forever IV takes to the road in the company of the superb French violinist, Jean-Luc Ponty and the fiery-fingered Australian guitarist Frank Gambale. Expect to hear this musically dynamic line-up discover new revelations in such classic RTF works as Hymn of the Seventh Galaxy, while exploring a colorful array of compositions written specifically for this latest line-up.",
    "genres" : [ ]
  }, {
    "id" : 355820,
    "title" : "Festival de Verao Salvador 2014 GUSTTAVO LIMA",
    "overview" : "",
    "genres" : [ ]
  }, {
    "id" : 355825,
    "title" : "A Happy New Year!",
    "overview" : "Three thirtysomething chemical scientists, Laci, Gyuri and Kati celebrate the success of their development program before New Year's Eve with drinking for several days. But the morning of New Year's Eve does not bring the expected recognition, because the nice, bald, old director is replaced by a young, bald, but disagreeable one. In a sodden atmosphere it becomes clear that everybody has an axe to grind in the informative discussions.",
    "genres" : [ {
      "id" : 18,
      "name" : "Drama"
    } ]
  }, {
    "id" : 355830,
    "title" : "Gala-Suit",
    "overview" : "The only jacket owned by Rédey Lajos, a university student majoring in Italian language and literature, is pawned by his room-mate. The bracelet of Kitty, the daughter of general Gohrmann, which in the middle of a kiss during a lesson in Italian got accidentally unfastened, has been left in the pocket of the jacket. As a result of a still further incident, Rédey, - endeavouring to return the bracelet to Kitty - embarks upon getting the jacket back while wearing the Hungarian gala-suit owned by his landlady's elder brother. The station to which he finds his way while looking for the jacket is visited by the King of Italy, and he takes Lajos, dressed as he is in a Hungarian gala-suit, to be a Hungarian aristocrat, and Lajos must but receive His Majesty in Italian.",
    "genres" : [ {
      "id" : 35,
      "name" : "Comedy"
    } ]
  }, {
    "id" : 355840,
    "title" : "Ente Sreekuttikku",
    "overview" : "Ente Sreekuttikku is a 1993 Indian Malayalam film, directed by Jose Thomas and starring Thilakan and Mukesh in lead roles.",
    "genres" : [ {
      "id" : 18,
      "name" : "Drama"
    } ]
  }, {
    "id" : 355845,
    "title" : "Spiders",
    "overview" : "Péter begins to correspond with the unknown Ági living in Munich while he is spending his military service. After the service he goes to Munich and at the address given by Ági he finds four nice old women who put him up. He cannot find Ági, however.",
    "genres" : [ ]
  }, {
    "id" : 355850,
    "title" : "Portrait of a Champion",
    "overview" : "This Hungarian documentary explores the life and career of Olympic Pentathlon champion Andras Balczo. After winning five gold medals in the event, he retired at age 34. He was offered lucrative positions as a coach in many countries but elected to remain in Hungary, despite the fact that he was never permitted to train anyone there.",
    "genres" : [ {
      "id" : 99,
      "name" : "Documentary"
    } ]
  }, {
    "id" : 355855,
    "title" : "Gentry Skylarking",
    "overview" : "The main character in the story that takes place in 1896, year of the millennium, is Szakhmáry Zoltán, who, in sharp contrast with the people around him, is neither a cynic nor a lewd, not even someone with a tendency for showing off his strength. Instead, he strives to become a humane person with enough common sense and modern thinking.",
    "genres" : [ {
      "id" : 18,
      "name" : "Drama"
    } ]
  }, {
    "id" : 355860,
    "title" : "National Geographic: Das Schicksal der Titanic",
    "overview" : "",
    "genres" : [ ]
  }, {
    "id" : 355865,
    "title" : "National Geographic: Die Odyssee der Nofretete",
    "overview" : "",
    "genres" : [ {
      "id" : 99,
      "name" : "Documentary"
    } ]
  }, {
    "id" : 355870,
    "title" : "National Geographic: Die Rückkehr der Wölfe",
    "overview" : "",
    "genres" : [ {
      "id" : 99,
      "name" : "Documentary"
    } ]
  }, {
    "id" : 355875,
    "title" : "An Intimate Portrait of the Art of Background Driving",
    "overview" : "Lance Bangs interviews one of the extras whose job is to drive their car in the background of scenes in 'Being John Malkovich'.",
    "genres" : [ {
      "id" : 99,
      "name" : "Documentary"
    } ]
  }, {
    "id" : 355880,
    "title" : "National Geographic: Herodes - König von Judäa",
    "overview" : "",
    "genres" : [ ]
  }, {
    "id" : 355885,
    "title" : "Callous",
    "overview" : "This muti-award winning film is Based on true events, CALLOUS is an unpredictable and violent ride on the shoulders of Garrett Blackfoot.",
    "genres" : [ {
      "id" : 18,
      "name" : "Drama"
    } ]
  }, {
    "id" : 355890,
    "title" : "Jane Wants a Boyfriend",
    "overview" : "A young woman with Asperger's tries to find her first boyfriend with a little help from her older sister.",
    "genres" : [ {
      "id" : 10749,
      "name" : "Romance"
    }, {
      "id" : 18,
      "name" : "Drama"
    } ]
  }, {
    "id" : 355895,
    "title" : "Farewell Darkness",
    "overview" : "Michael returns home to Chicago from Operation Iraqi Freedom with more scars than he left with. Abused by his father, Roman, as a child, he spent his teenage years as a petty thief until he is caught and given an ultimatum, military or jail. Now, that his bloody Tour of Duty is over, he returns home to find his mother, Teresa, dead by her own hand, pushed to the brink by her abusive husband Roman. Michael vows to take vengeance for his poor mother by killing Roman. But he must have one last day with his girlfriend, Rose, a recent high school graduate who stayed loyal to Michael during his tour. But this happy reunion of young lovers takes a turn for the worst when Michael begins to show abusive behaviors toward Rose, not unlike his father's behaviors as a child. Michael must choose to let his past go and leave his father to rot in his own hell of self torture, or join him by his side.",
    "genres" : [ {
      "id" : 10752,
      "name" : "War"
    }, {
      "id" : 18,
      "name" : "Drama"
    } ]
  }, {
    "id" : 355900,
    "title" : "Miles Davis - The Definitive Miles Davis At Montreux July 8 TH 1973",
    "overview" : "",
    "genres" : [ {
      "id" : 99,
      "name" : "Documentary"
    }, {
      "id" : 10402,
      "name" : "Music"
    } ]
  }, {
    "id" : 355905,
    "title" : "Love City, Jalalabad",
    "overview" : "A wild and funny documentary showing how the progressive youth of Afghanistan are rejecting the use of armed force and see film production as an alternative means of bringing peace and social change to their war-torn and occupied country.",
    "genres" : [ {
      "id" : 99,
      "name" : "Documentary"
    } ]
  }, {
    "id" : 355910,
    "title" : "One of the Lucky Ones",
    "overview" : "This is apparently a true story about Ching Man Fei, played by the very pretty Alice Lau, who has been blind since six months old and lives with her family in Canton, China. She is about 17 in the role, though Ms. Lau looks older. Ching wants to study, to learn, but her family does not really want that. Throughout the first part of this film, people say to and about her that she is a burden, that she had to do something evil in a past life etc. The family maid Wo becomes the one person who truly believes in her, taking her around the city and answering her questions about everything and eventually being instrumental in her being able to study. The scenes together of Ching and Wo are terrific, you feel the love and trust between them. There are people who pass by in Ching's life, a blind beggar street girl named Jade and a radio actor, who helps her, but their characters are underdeveloped, as if they really were blips in this person's life (perhaps they were).",
    "genres" : [ {
      "id" : 18,
      "name" : "Drama"
    } ]
  }, {
    "id" : 355915,
    "title" : "A Casa das Tentações",
    "overview" : "Saul and Mônica retuen to São Paulo after three years and find his family colonial big mansion, in total abandon.",
    "genres" : [ ]
  }, {
    "id" : 355920,
    "title" : "One Day in Sarajevo",
    "overview" : "Causes and consequences of the assassination that happened in Sarajevo a hundred years ago still continue to reverberate in Europe. On June 28, 1914 Gavrilo Princip assassinated the heir to the throne of the Austro-Hungarian Empire Franz Ferdinand sparking World War I that marked the start of the 20th century. As Sarajevo commemorated the centennial of the assassination, different people had different interpretations of what happened in the city a century ago and different emotions about it. ONE DAY IN SARAJEVO tells about various perspectives of the anniversary in Sarajevo combining and contrasting footage filmed by citizens of Sarajevo (with small cameras and mobile phones) with scenes from feature films about the assassination by directors from Austria, Bosnia-Herzegovina and the United Kingdom",
    "genres" : [ {
      "id" : 99,
      "name" : "Documentary"
    } ]
  }, {
    "id" : 355925,
    "title" : "Another World",
    "overview" : "What would drive someone to drop everything and move into a city park in lower Manhattan? In the fall of 2011 hundreds of people did just that as a public protest against corporate greed and with the hope of creating an alternative society. Occupy Wall Street started as an under attended protest that quickly caught fire and capturing international headlines, the imaginations and hearts of people across the globe. Almost overnight the movement transformed the national dialog about economic inequality and corporate corruption. The slogan 'We are the 99 percent' instantly became part of the national lexicon. This documentary is an intimate portrait of several key players who helped create the movement and their wild ride through the rise and fall of Occupy Wall Street.",
    "genres" : [ ]
  }, {
    "id" : 355930,
    "title" : "Tikkun",
    "overview" : "Haim-Aaron is a bright, ultra-orthodox religious scholar living in Jerusalem. His talents and devotion are envied by all. One evening, following a self-imposed fast, Haim-Aaron collapses and loses consciousness. The paramedics announce his death, but his father takes over resuscitation efforts and, beyond all expectations, Haim-Aaron comes back to life. After the accident, try as he might, Haim-Aaron remains apathetic to his studies. He feels overwhelmed by a sudden awakening of his body and suspects this is God testing him. He wonders if he should stray from the prescribed path and find a way to rekindle his faith...  The title means \"Rectify\" in Hebrew; nevertheless the movie is called Tikkun in the English-speaking world.",
    "genres" : [ {
      "id" : 18,
      "name" : "Drama"
    } ]
  }, {
    "id" : 355935,
    "title" : "Double Trouble",
    "overview" : "To help his sister with her debts, John goes to a pawnshop when robbers rush in. John draws suspicion from the police and only escapes from them with the help of Bunny, who is a kid running out from an orphanage. John and Bunny, therefore, become good friends. However, Bunny is found by the orphanage and is forced to go back. Missing Bunny so much, John disguises as Bunny's another good friend and visits him in the orphanage and finally gets killed by the police in order to help Bunny. The movie has profoundly portrayed a true friendship of two strangers with delicately illustrated sentiments and heart-touching scenario.",
    "genres" : [ {
      "id" : 35,
      "name" : "Comedy"
    }, {
      "id" : 18,
      "name" : "Drama"
    } ]
  } ]
}