{
  "movies" : [ {
    "id" : 55785,
    "title" : "Neds",
    "overview" : "NEDs (Non Educated Delinquents) is the story of a young man’s journey from prize-winning schoolboy to knife-carrying teenager. Struggling against the low expectations of those around him, John McGill changes from victim to avenger, scholar to NED, altar boy to glue sniffer. When he attempts to change back again, his new reality and recent past make conformity near impossible and violent self determination near inevitable.",
    "genres" : [ {
      "id" : 18,
      "name" : "Drama"
    } ]
  }, {
    "id" : 55790,
    "title" : "Milaga",
    "overview" : "Azhagar is a happy go lucky youngster, who looks after his family's red chilly business (justifying the title 'milaga'), in Madurai. But his main job is to be with his friends- roaming, singing and fighting for them all the time (justifying the sub title- 'Maduraikaara payaluga natupukkaga usuraiyum kuduppaiynga...').",
    "genres" : [ {
      "id" : 10749,
      "name" : "Romance"
    }, {
      "id" : 35,
      "name" : "Comedy"
    } ]
  }, {
    "id" : 55795,
    "title" : "Baana Kaathadi",
    "overview" : "Ramesh (Adharvaa) is a Plus II student who hails from the slums of Royapuram. Just as other teenagers, he has his share of troubles, including the daily nagging from his mother (Mounica), an idly seller. He has been repeating Plus II several times, much to his mother's dismay. However, he escapes from her and goes out to fly kites with his friends. His passion for flying kites is his only happiness, along with the company of his friends. He is also a big fan of actor Rajinikanth, and has a photo of the actor on all his kites.",
    "genres" : [ {
      "id" : 10749,
      "name" : "Romance"
    }, {
      "id" : 53,
      "name" : "Thriller"
    } ]
  }, {
    "id" : 55800,
    "title" : "UFC Fight Night 5: Leben vs. Silva",
    "overview" : "The coming out party for Anderson Silva, the future middleweight champion of the UFC. Also featuring a clash between two welterweight beasts, Jon Fitch and Thiago Alves.",
    "genres" : [ ]
  }, {
    "id" : 55815,
    "title" : "Hurricane In The Rose Garden",
    "overview" : "A family comedy about what happens when a happily married couple's life is suddenly turned upside-down during an unwelcome visit from the husband's very traditional and very opinionated Nigerian Mom.",
    "genres" : [ {
      "id" : 18,
      "name" : "Drama"
    } ]
  }, {
    "id" : 55820,
    "title" : "Chhuppa Chhuppi",
    "overview" : "Chhuppa Chhuppi is the hilarious, fun ? filled love story of a blundering detective William Bose and a mod runaway girl Rani. To escape being married to a ridiculous young man, Rani, daughter of rich parents in the city of Delhi, runs away form home and comes to Bombay, finally securing a job as secretary to an out of work, blundering private detective William Bose. Rani?s parents, as chance would have it, employ the same detective to search for their missing daughter,. Rani is too clever to be caught by her innocent and blundering employer, and she easily manages to change the photograph of the runaway girl which her parents have posted to the detective, thus putting him off on a wrong trail and not letting him suspect that the very girl who works with him throughout the day is the object of his search. But his simplicity golden- heartedness and good nature make Rani fall desperately in love with him.",
    "genres" : [ {
      "id" : 35,
      "name" : "Comedy"
    } ]
  }, {
    "id" : 55825,
    "title" : "Spider",
    "overview" : "",
    "genres" : [ {
      "id" : 18,
      "name" : "Drama"
    }, {
      "id" : 10769,
      "name" : "Foreign"
    } ]
  }, {
    "id" : 55830,
    "title" : "Zebra Crossing",
    "overview" : "Set amongst the backdrop of the towering, concrete-clad estates of south London ‘Zebra Crossings’ blends a diverse mixture of characters that all share one thing in common: The incredible loneliness of living alongside 7 million other people.",
    "genres" : [ {
      "id" : 18,
      "name" : "Drama"
    } ]
  }, {
    "id" : 55835,
    "title" : "Angels of Sin",
    "overview" : "A well-off young woman decides to become a nun, joining a convent that rehabilitates female prisoners. Through their program, she meets a woman named Thérèse who refuses any help because she says she was innocent of the crime she was convicted for. After being released from prison, Thérèse murders the actual perpetrator of the crime and comes to seek sanctuary in the convent.",
    "genres" : [ {
      "id" : 18,
      "name" : "Drama"
    } ]
  }, {
    "id" : 55840,
    "title" : "What's the Matter with Kansas?",
    "overview" : "In 'What's the Matter with Kansas?' a politically active Kansas megachurch splinters, moves to an amusement park, and when that fails, a Best Western motel. Meanwhile, an idealistic farmer revives Kansas' progressive tradition, taking his message all the way to Washington, D.C.",
    "genres" : [ {
      "id" : 35,
      "name" : "Comedy"
    }, {
      "id" : 99,
      "name" : "Documentary"
    }, {
      "id" : 10749,
      "name" : "Romance"
    } ]
  }, {
    "id" : 55845,
    "title" : "Phil Ochs: There But for Fortune",
    "overview" : "From civil rights to the anti-war movement to the struggles of workers, folksinger Phil Ochs wrote topical songs that engaged his audiences in the issues of the 1960s and 70s. In this biographical documentary, veteran director Kenneth Bowser shows how Phil's music and his fascinating life story and eventual decline into depression and suicide were intertwined with the history-making events that defined a generation. Even as his contemporaries moved into folk-rock and pop music, Phil followed his own vision, challenging himself and his listeners. Not one to pull punches, Ochs never achieved the commercial success he desperately desired. But his music remains relevant, reaching new audiences in a generation that finds his themes all too familiar.",
    "genres" : [ {
      "id" : 99,
      "name" : "Documentary"
    } ]
  }, {
    "id" : 55860,
    "title" : "Tarzan Triumphs",
    "overview" : "Zandra, white princess of a lost civilization, comes to Tarzan for help when Nazis invade the jungle with plans to conquer her people and take their wealth. Tarzan, the isolationist, becomes involved after the Nazis shoot at him and capture Boy: \"Now Tarzan make war!\"",
    "genres" : [ {
      "id" : 28,
      "name" : "Action"
    }, {
      "id" : 12,
      "name" : "Adventure"
    }, {
      "id" : 10752,
      "name" : "War"
    } ]
  }, {
    "id" : 55870,
    "title" : "The Sign Of The Beaver",
    "overview" : "The Sign of the Beaver tells the story of a 12-year-old boy, Matt, and his father, who, as early settlers, together build a wooden cabin in Maine in 1769. However, Matt's father must head back to Quincy, Massachusetts, to get Matt's mother, sister, and newborn sibling who were all left behind so Matt and his father could build shelter for them. Matt's father promises to return in seven weeks and Matt is left alone with his father's old watch (a family heirloom) and a hunting rifle to guard the family's newly-built homestead and field crops. Unfortunately, Matt finds himself enduring many hardships for which he is unprepared. His hunting rifle is stolen by a stranger named Ben, his crop is picked over by the wildlife, and his food supplies are pillaged by a hungry bear.",
    "genres" : [ ]
  }, {
    "id" : 55875,
    "title" : "Last Quarter",
    "overview" : "Do you believe in love after death? On the eve of her 19th birthday, Mizuki (Kuriyama) doesn't have a lot to celebrate about. Her mother recently committed suicide, her stepfamily bothers her, her boyfriend has been cheating on her and her best friend has betrayed her. Hurt and disillusioned, Mizuki runs from everything and is drawn by some unknown force to a dilapidated estate. Deep within the house Mizuki discovers the mysterious Adam (Hyde), playing a hauntingly familiar melody on the guitar. Melancholy and full of secrets, it seems that Adam, and the house, have a strange, irresistible link to Mizuki. Can Mizuki's boyfriend and a couple of well-meaning schoolchildren uncover the secret of what happened 19 years ago and free Mizuki before the last quarter of the moon falls?",
    "genres" : [ {
      "id" : 18,
      "name" : "Drama"
    }, {
      "id" : 10769,
      "name" : "Foreign"
    }, {
      "id" : 10749,
      "name" : "Romance"
    }, {
      "id" : 53,
      "name" : "Thriller"
    } ]
  }, {
    "id" : 55880,
    "title" : "Kiddy Grade II: Maelstrom",
    "overview" : "The story takes place in a future where the human race has expanded and inhabits a multitude of planets in the universe with fantastic technology. Unsurprisingly, crime has grown alongside technology, and thus the GOTT, Galactic Organization of Trade and Tariffs, is formed as a sort of universal police force. Within this organization, there is a special (and secret) branch known as the ES Force (ES standing for \"Encounter of Shadow-work\"), consisting of twelve young people that possess amazing superpowers. Each ES member operates with another as a team, and the series' focus is a team of two low-level members, Éclair and Lumière. As the series progresses, they start to see the darker side of GOTT and its secrets.",
    "genres" : [ {
      "id" : 16,
      "name" : "Animation"
    } ]
  }, {
    "id" : 55890,
    "title" : "Bereavement",
    "overview" : "In 1989, six year old Martin Bristoll was kidnapped from his backyard swing in Minersville Pennsylvania. Graham Sutter, a psychotic recluse, kept Martin imprisoned on his derelict pig farm, forcing him to witness and participate in unspeakable horrors. Chosen at random, his victim's screams were drowned out by the rural countryside. For five years, Martin's whereabouts have remained a mystery, until 17 year old Allison Miller (Alexandra Daddario) comes to live with her Uncle, Jonathan (Michael Biehn). While exploring her new surroundings, Allison discovers things aren't quite right at the farmhouse down the road. Her curiosity disturbs a hornet's nest of evil and despair that once torn open, can never be closed. Starring Michael Biehn, Brett Rickaby, Alexandra Daddario, and John Savage. Written and Directed by Stevan Mena",
    "genres" : [ {
      "id" : 80,
      "name" : "Crime"
    }, {
      "id" : 27,
      "name" : "Horror"
    }, {
      "id" : 9648,
      "name" : "Mystery"
    } ]
  }, {
    "id" : 55895,
    "title" : "Monogamy",
    "overview" : "Exhibitionism, voyeurism, jealousy, lust. Brooklyn wedding photographer Theo’s  side business shooting surveillance-style photos of clients on the sly takes an unexpected turn—and creates a rift with his fiancée —when he’s hired by a provocative mystery woman.",
    "genres" : [ {
      "id" : 18,
      "name" : "Drama"
    }, {
      "id" : 10749,
      "name" : "Romance"
    } ]
  }, {
    "id" : 55910,
    "title" : "Agatha Christie's Seven Dials Mystery",
    "overview" : "When two mysterious deaths mar an otherwise pleasant weekend in the English countryside, unflappable flapper Lady Eileen Brent (Cheryl Campbell) teams up with the dashing Jimmy Thesinger (James Warwick) to solve the dastardly deeds. Their sleuthing leads them into a world of espionage and international intrigue as they discover a secret society known as \"The Seven Dials\" and the attempted theft of top-secret government documents.",
    "genres" : [ {
      "id" : 12,
      "name" : "Adventure"
    }, {
      "id" : 18,
      "name" : "Drama"
    }, {
      "id" : 9648,
      "name" : "Mystery"
    }, {
      "id" : 10749,
      "name" : "Romance"
    }, {
      "id" : 53,
      "name" : "Thriller"
    } ]
  }, {
    "id" : 55920,
    "title" : "Crude: The Incredible Journey of Oil",
    "overview" : "Crude - the incredible journey of oil, from its birth deep within our dinosaur-inhabited past, to its ascendancy as the indispensable ingredient of modern life.",
    "genres" : [ {
      "id" : 99,
      "name" : "Documentary"
    } ]
  }, {
    "id" : 55925,
    "title" : "Big Muscle",
    "overview" : "Calling this scorcher Big Muscle isn't quite right. It oughtta be BIG MUSCLE. It's got 11 of the biggest, roughest and hairiest muscle studs we've ever collected in one movie. It was created and released in partnership with www.bigmuscle.com, the site where men into gym culture find community. It's where we found the four new exclusive faces you'll see in Big Muscle, and we think you'll agree-these guys are overwhelming.",
    "genres" : [ ]
  }, {
    "id" : 55935,
    "title" : "The Reflecting Pool",
    "overview" : "An investigation of the 9/11 events by a Russian-American journalist and a father of a 9/11 victim implicates the US government in the attacks.",
    "genres" : [ {
      "id" : 18,
      "name" : "Drama"
    }, {
      "id" : 9648,
      "name" : "Mystery"
    }, {
      "id" : 53,
      "name" : "Thriller"
    } ]
  }, {
    "id" : 55940,
    "title" : "Cruel But Necessary",
    "overview" : "Cruel But Necessary is the story of Betty Munson's strange journey of self-discovery and soul-awakening in the traumatic years following the revelation, on videotape, of her husband's infidelity. Her marriage over, struggling to raise her teen-age son alone, Betty becomes driven to discover other secrets that may surround her and so she videotapes every aspect of her life during the gradual disintegration of her comfortable upper middle-class existence. Sometimes used as an eavesdropping device, other times as a confessional, Betty's camera dispassionately records the layers of family and personal dynamics. The film is seen entirely from the viewpoint of Betty's video camera resulting in a \"surveillance tape\" that is a kind of voyeurism of the absurd",
    "genres" : [ {
      "id" : 18,
      "name" : "Drama"
    } ]
  }, {
    "id" : 55945,
    "title" : "Red Peony Gambler: Oryu's Return",
    "overview" : "Oryu searches for blind child she left behind and get involved in a Yakuza turf war that takes place in the Tokyo Theater.",
    "genres" : [ {
      "id" : 28,
      "name" : "Action"
    }, {
      "id" : 18,
      "name" : "Drama"
    } ]
  }, {
    "id" : 55950,
    "title" : "Wilder Napalm",
    "overview" : "Wilder and Wallace are brothers and pyrokinetics. Ever since childhood they've been able to start fires with their minds but following a tragedy in which they accidentally killed a man, the brothers have grown up very differently. Wilder has become a regular 9-5 workaday joe but Wallace performs his feats with a traveling circus. When the circus comes to Wilder's home town Wallace starts coming on strong to Wilder's wife, Vida who, ironically, is a slight pyromaniac.",
    "genres" : [ {
      "id" : 14,
      "name" : "Fantasy"
    }, {
      "id" : 35,
      "name" : "Comedy"
    }, {
      "id" : 878,
      "name" : "Science Fiction"
    }, {
      "id" : 10749,
      "name" : "Romance"
    } ]
  }, {
    "id" : 55955,
    "title" : "My Son the Fanatic",
    "overview" : "Pakistani taxi-driver Parvez and prostitute Bettina find themselves trapped in the middle when Islamic fundamentalists decide to clean up their local town.",
    "genres" : [ {
      "id" : 18,
      "name" : "Drama"
    }, {
      "id" : 35,
      "name" : "Comedy"
    }, {
      "id" : 10769,
      "name" : "Foreign"
    } ]
  }, {
    "id" : 55960,
    "title" : "Toto, Peppino, and the Hussy",
    "overview" : "Antonio, Peppino and Lucia are three brothers who live in the country near Naples. Lucia's son, Gianni, goes to Naples to study medicine, but there he knows a ballet dancer. They fall in love and, when she goes to Milan, Gianni follows her. Informed of this and afraid that their nephew will stop studying, the three Caponi brothers leave for Milan to persuade Gianni to come back and continue studying and abandon the \"Malafemmina\" (bad girl).",
    "genres" : [ {
      "id" : 35,
      "name" : "Comedy"
    } ]
  }, {
    "id" : 55965,
    "title" : "Cannabis - Probieren geht über Regieren",
    "overview" : "",
    "genres" : [ {
      "id" : 35,
      "name" : "Comedy"
    }, {
      "id" : 10770,
      "name" : "TV Movie"
    } ]
  }, {
    "id" : 55980,
    "title" : "Kikker in de wolken",
    "overview" : "DVD van de musical 'Kikker in de wolken'. Registratie van de complete voorstelling.",
    "genres" : [ ]
  }, {
    "id" : 55985,
    "title" : "The Graduates",
    "overview" : "Four friends head to Senior Week in Ocean City, Maryland, to celebrate high school graduation.",
    "genres" : [ {
      "id" : 35,
      "name" : "Comedy"
    } ]
  }, {
    "id" : 55990,
    "title" : "Classical Baby: The Music Show",
    "overview" : "The animal orchestra is warming up and the animals in the audience are buzzing with anticipation about the musical program featuring Tchaikovsky, Bach, Mozart and Copland, plus many other great classical composers. The baby conductor has made his entrance. The maestro is ready to lead the animal orchestra; it's time to begin Classical Baby: The Music Show!",
    "genres" : [ {
      "id" : 10402,
      "name" : "Music"
    }, {
      "id" : 10751,
      "name" : "Family"
    }, {
      "id" : 16,
      "name" : "Animation"
    } ]
  }, {
    "id" : 56000,
    "title" : "Josie's Castle",
    "overview" : "Three free spirits cut their ties with the old-fashioned square world and shack up in a love commune. A Seventies cult favorite featuring Star Trek's George Takei (Mr. Sulu).",
    "genres" : [ {
      "id" : 18,
      "name" : "Drama"
    } ]
  }, {
    "id" : 56010,
    "title" : "The Saga of Windwagon Smith",
    "overview" : "Sea Captain Windwagon Smith hits Westport, Kansas, the starting point of the old Oregon and Santa Fe Trails, and is quickly the laughing stock of the town; instead of traveling in the usual oxen-drawn covered wagon, he is at the helm and wheel of a Contestoga-type wagon with a full set of sails. He plans to go to Oregon by taking advantage of the prairie winds. First, he wins over the town mayor, falls in love with the mayor's beautiful daughter, Molly Crum, and then secures financial backing from the townspeople. He sets sail across the plains, with Molly Crum as a covered-wagon stowaway, and a Kansas twister looming on the horizon. And, then, the wind hits the sails. And the fan, too, if he had had one.",
    "genres" : [ {
      "id" : 16,
      "name" : "Animation"
    } ]
  }, {
    "id" : 56015,
    "title" : "Social Lion",
    "overview" : "The lion is trapped by the safari and brought to New York, where he's accidentally set free, but nobody is intimidated by him.",
    "genres" : [ {
      "id" : 16,
      "name" : "Animation"
    } ]
  }, {
    "id" : 56020,
    "title" : "Radio Arrow",
    "overview" : "Five friends Freccia, Bruno, Tito, Jena and Boris are very keen on music but they live in a little town in northern Italy and spend most of their days at the local bar. They decide to set up an independent radio which soon becomes the voice of a generation. When Freccia dies from an overdose the radio takes his name.",
    "genres" : [ {
      "id" : 10402,
      "name" : "Music"
    }, {
      "id" : 35,
      "name" : "Comedy"
    }, {
      "id" : 18,
      "name" : "Drama"
    } ]
  }, {
    "id" : 56030,
    "title" : "Marker",
    "overview" : "In an isolated small town in the Pacific Northwest, Sylvia's teenaged life of juggling two boyfriends and an overprotective father is turned upside down when she discovers she has a bizarre virus which has randomly plagued the women in her community for decades and shamefully forced those afflicted into hiding. Sylvia undergoes a horrifying physical transformation, and she finds herself drawn into a persecuted underworld where she begins an astonishing journey of freakish self-discovery. Marker is a classic coming-of-age tale with a horror twist, which pits its heroine against her oppressors - the town's non-afflicted - in a battle for self-determination--and survival.",
    "genres" : [ {
      "id" : 14,
      "name" : "Fantasy"
    }, {
      "id" : 878,
      "name" : "Science Fiction"
    }, {
      "id" : 10770,
      "name" : "TV Movie"
    } ]
  }, {
    "id" : 56035,
    "title" : "Murder Loves Killers Too",
    "overview" : "Big Stevie has a sexual problem. Murder is how he has sex. And Big Stevie knows that there is no better way for a repressed killer to blow off steam than killing a bunch of care-free free-spirited teens. After her friends are all chopped, carved and slashed, sweet young Aggie is left alone to face off against this unreasonable psycho. Now she s got a pervert on her hands. A big one. And Big Stevie s problem could become Aggie s problem real fast.",
    "genres" : [ {
      "id" : 27,
      "name" : "Horror"
    }, {
      "id" : 53,
      "name" : "Thriller"
    } ]
  }, {
    "id" : 56040,
    "title" : "Gorbaciof",
    "overview" : "Marino Pacileo has a soft spot for gambling. When he discovers that Lila's father, the young Chinese girl that he is in love with cannot pay a debt, the gambler steals money from the jail he is in to help the love of his life.",
    "genres" : [ {
      "id" : 18,
      "name" : "Drama"
    }, {
      "id" : 10749,
      "name" : "Romance"
    }, {
      "id" : 10769,
      "name" : "Foreign"
    } ]
  }, {
    "id" : 56045,
    "title" : "Lost Dream",
    "overview" : "Perry Roberts is about to graduate from a prestigious private college. The son of a corrupt Congressman, Perry has lost faith in all the things he held true - his family, girlfriend, and the American Dream. He finds himself emotionally bereft and depressed. In search of self-discovery, Perry meets Giovanni, an art student with an unrealized gift, Giovanni is Perry's polar opposite. Raised by abusive parents and placed into a series of foster homes, Giovanni is brooding and nihilistic. He lives in an altered state full of drugs and sex, capped by a deadly game with a gun and a single bullet!",
    "genres" : [ {
      "id" : 18,
      "name" : "Drama"
    } ]
  }, {
    "id" : 56050,
    "title" : "Corinne Bailey Rae; Live in London",
    "overview" : "Concert film from Corinne Bailey Rae's album Live in London &amp; New York . It was filmed at St. Luke's in London, England during the her World Tour in 2006 and 2007.",
    "genres" : [ {
      "id" : 10402,
      "name" : "Music"
    } ]
  }, {
    "id" : 56065,
    "title" : "South Pacific",
    "overview" : "A documentary series on life in and adapted to the conditions of the Southern part of the Pacific Ocean, a vast aquatic region with an unequaled number of islands. Both wildlife and human cultures developed in a unique variety, largely determined by such natural conditions as huge distances, sea depths, currents and winds.",
    "genres" : [ {
      "id" : 99,
      "name" : "Documentary"
    } ]
  }, {
    "id" : 56080,
    "title" : "Aventura: Kings of Bachata: Sold Out at Madison Square Garden",
    "overview" : "KINGS OF BACHATA: SOLD OUT AT MADISON SQUARE GARDEN is a triumphant homecoming for New York City natives Aventura. Formed in the Bronx with the intent of infusing Dominican bachata with the sounds of contemporary American R&amp;B, Aventura released their first album in 1999, and built their following steadily but surely over subsequent releases. This 2007 two-disc live release, which finds the group playing to a sold-out crowd, is an enjoyable sampler of their smooth, tropical flavor (Aventura fall more on the traditional side than the hybrid or R&amp;B side) and charismatic performances.",
    "genres" : [ {
      "id" : 35,
      "name" : "Comedy"
    }, {
      "id" : 18,
      "name" : "Drama"
    }, {
      "id" : 10402,
      "name" : "Music"
    }, {
      "id" : 10749,
      "name" : "Romance"
    } ]
  }, {
    "id" : 56085,
    "title" : "Camouflage",
    "overview" : "Marty Mackenzie is an unsuccessful stage actor who takes an interest in private investigating. He takes a job working with Jack Potter, a crusty private eye. They both take a case in Beaver Ridge, a seedy small town where a murder is being planned against a rich gravel pit owner. Marty realizes that private investigating is not as it seemed to be.",
    "genres" : [ {
      "id" : 28,
      "name" : "Action"
    }, {
      "id" : 35,
      "name" : "Comedy"
    } ]
  }, {
    "id" : 56090,
    "title" : "Zombeer",
    "overview" : "If you love beer, maybe you shouldn't work in a brewery. Head brew master Herman values his lager more than his life. During one of his drunken sprees he topples over into a beer kettle. An event that will prove to have strange effects on his colleagues, a group of Japanese tourists, and eventually: the typical Dutch tradition of Queen's Day.",
    "genres" : [ {
      "id" : 27,
      "name" : "Horror"
    }, {
      "id" : 35,
      "name" : "Comedy"
    } ]
  }, {
    "id" : 56095,
    "title" : "The Invincible Armour",
    "overview" : "Hwang Jang Lee is a corrupt Ming guard who frames John Liu for murder. A wanted fugitive, John hides out with a teen who is an expert in the infamous Iron Armor technique, a technique that means the expert can withstand anything. However, Hwang is an expert in it as well as the Eagle Claw's. Can John stop Hwang before it's too late?",
    "genres" : [ {
      "id" : 53,
      "name" : "Thriller"
    }, {
      "id" : 28,
      "name" : "Action"
    } ]
  }, {
    "id" : 56100,
    "title" : "Lisa Lampanelli: Take It Like a Man",
    "overview" : "Called \"Comedy's Lovable Queen of Mean\" (New York Times) and \"Howard Stern on estrogen\" (Toronto Star), Lisa Lampanelli is the insult comic for a new generation. Now, with a onehour special airing on Comedy Central, she makes her major-label debut with that same outrageous, in-your-face performance on CD and DVD with Take It Like A Man, recorded live at The Improv in Hollywood, FL. Shocking and hilarious, no-holds-barred and politically incorrect, Lampanelli is Don Rickles with breasts and major PMS.",
    "genres" : [ {
      "id" : 35,
      "name" : "Comedy"
    } ]
  }, {
    "id" : 56105,
    "title" : "Developing",
    "overview" : "Developing is a 1994 short film directed by Marya Cohn, about the relationship between a girl and her single mother, who has breast cancer. The film stars Natalie Portman as Nina.(Wikipedia)",
    "genres" : [ {
      "id" : 18,
      "name" : "Drama"
    } ]
  }, {
    "id" : 56110,
    "title" : "Nobody Loves Alice",
    "overview" : "Nobody Loves Alice is about Alice, a sad and lonely woman who always dreamed of finding the right person to be with...",
    "genres" : [ {
      "id" : 18,
      "name" : "Drama"
    }, {
      "id" : 27,
      "name" : "Horror"
    }, {
      "id" : 53,
      "name" : "Thriller"
    } ]
  }, {
    "id" : 56115,
    "title" : "The Bikini Carwash Company",
    "overview" : "Women go topless at a carwash company in order to increase business.",
    "genres" : [ {
      "id" : 35,
      "name" : "Comedy"
    } ]
  }, {
    "id" : 56120,
    "title" : "Late for Dinner",
    "overview" : "Two young men, one in need of medical attention, are cryogenically frozen in the early 1960s. The two are preoccupied with the fact that the police are pursuing them to realise what they are doing. The next thing they know is that they are in a strange new world (thirty years on)",
    "genres" : [ {
      "id" : 18,
      "name" : "Drama"
    }, {
      "id" : 10749,
      "name" : "Romance"
    }, {
      "id" : 878,
      "name" : "Science Fiction"
    } ]
  }, {
    "id" : 56125,
    "title" : "Point Blank",
    "overview" : "Convicted corporate criminal Howard engineers a prison break as he and a number of fellow inmates are being transferred to a new facility. The escapees storm a shopping mall and take a group of shoppers hostage (after killing many more of them) before making their demands. Only Rudy, a former mercenary and brother of one of the fugitives, can take out the criminals before more of the hostages die.",
    "genres" : [ {
      "id" : 28,
      "name" : "Action"
    }, {
      "id" : 18,
      "name" : "Drama"
    }, {
      "id" : 80,
      "name" : "Crime"
    } ]
  }, {
    "id" : 56135,
    "title" : "The Razor's Edge",
    "overview" : "A adventuresome young man goes off to find himself and loses his socialite fiancée in the process. But when he returns 10 years later, she will stop at nothing to get him back, even though she is already married.",
    "genres" : [ {
      "id" : 18,
      "name" : "Drama"
    }, {
      "id" : 10749,
      "name" : "Romance"
    } ]
  }, {
    "id" : 56140,
    "title" : "Queen Kong",
    "overview" : "A female film crew journeys to Africa where a giant ape, Queen Kong, falls in love with the crew's male star.",
    "genres" : [ {
      "id" : 35,
      "name" : "Comedy"
    }, {
      "id" : 12,
      "name" : "Adventure"
    } ]
  }, {
    "id" : 56145,
    "title" : "Geek Maggot Bingo or The Freak from Suckweasel Mountain",
    "overview" : "From the warped mind of underground auteur Nick Zedd comes this campy horrorfest that follows screwy scientist Dr. Frankenberry as he attempts to resurrect the dead, aided by his hunchbacked minion. Adding to the twisted fun are Donna Death as bloodsucking temptress Scumbalina, Richard Hell as punk-rock cowboy crooner the Rawhide Kid and Tyler Smith as Frankenberry’s monstrous two-headed creation, Formaldehyde Man.",
    "genres" : [ {
      "id" : 14,
      "name" : "Fantasy"
    }, {
      "id" : 35,
      "name" : "Comedy"
    }, {
      "id" : 27,
      "name" : "Horror"
    } ]
  }, {
    "id" : 56150,
    "title" : "Jonathan Livingston Seagull",
    "overview" : "Jonathan is sick and tired of the boring life in his sea-gull clan. He rather experiments with new, always more daring flying techniques. Since he doesn't fit in, the elders expel him from the clan. So he sets out to discover the world beyond the horizon in quest for wisdom.",
    "genres" : [ {
      "id" : 18,
      "name" : "Drama"
    }, {
      "id" : 10751,
      "name" : "Family"
    }, {
      "id" : 878,
      "name" : "Science Fiction"
    } ]
  }, {
    "id" : 56155,
    "title" : "Dynamite Chicken",
    "overview" : "“A contemporary probe and commentary of the mores and maladies of our age… With shtick, bits, pieces, girls, some hamburger, a little hair, a lady, some fellas, some religious stuff, and a lot of other things” boasts the films opening titles. An American film from 1972 involving Richard Pryor, and partly funded by and featuring John Lennon and Yoko Ono. It is a collection of subversive comedy sketches and routines relating to the peace movement. Many famous figures appear as themselves in the film, including Joan Baez, Lenny Bruce, Leonard Cohen, Allen Ginsberg, Jimi Hendrix, B.B. King, Malcolm X (from archival footage), Andy Warhol, Al Capp, Muddy Waters, Sha Na Na, Al Goldstein and Yoko herself. (Wikipedia)",
    "genres" : [ {
      "id" : 35,
      "name" : "Comedy"
    } ]
  }, {
    "id" : 56160,
    "title" : "Chanel Solitaire",
    "overview" : "The story about the life and loves of an amazing woman-Coco Chanel- who rose from the bottom with no family or financial support and became one of the most legendary of all our creative icons.",
    "genres" : [ {
      "id" : 18,
      "name" : "Drama"
    } ]
  }, {
    "id" : 56165,
    "title" : "Billy the Kid vs. Dracula",
    "overview" : "Dracula travels to the American West, intent on making a beautiful ranch owner his next victim. Her fiance, outlaw Billy the Kid, finds out about it and rushes to save her.",
    "genres" : [ {
      "id" : 28,
      "name" : "Action"
    }, {
      "id" : 35,
      "name" : "Comedy"
    }, {
      "id" : 27,
      "name" : "Horror"
    } ]
  }, {
    "id" : 56170,
    "title" : "Natalie  - Babystrich Ostblock",
    "overview" : "",
    "genres" : [ {
      "id" : 18,
      "name" : "Drama"
    } ]
  }, {
    "id" : 56175,
    "title" : "Playboy Video Playmate Calendar 2008",
    "overview" : "",
    "genres" : [ ]
  }, {
    "id" : 56180,
    "title" : "The Silent House",
    "overview" : "Laura (Florencia Colucci) and her father Wilson (Gustavo Alonso) arrive at a cottage off the beaten path in order to repair it since its owner (Abel Tripaldi) will soon put the house on sale. They will spend the night there in order to start the repairs the following morning. Everything seems to go on smoothly until Laura hears a sound that comes from outside and gets louder and louder in the upper floor of the house. Wilson goes up to see what is going on while she remains downstairs on her own waiting for her father to come down. The plot is based on a true story that occurred in the 1940s in a small village in Uruguay. La casa muda focuses on the last seventy eight minutes, second by second, as Laura tries to leave the house unharmed and discovers the dark secret it hides.",
    "genres" : [ {
      "id" : 18,
      "name" : "Drama"
    }, {
      "id" : 27,
      "name" : "Horror"
    }, {
      "id" : 9648,
      "name" : "Mystery"
    }, {
      "id" : 53,
      "name" : "Thriller"
    } ]
  }, {
    "id" : 56185,
    "title" : "Addiction, Part 1",
    "overview" : "Specially written for Aiden Shaw's return to the Falcon Family, 'Addiction, Parts 1 and 2' explores a sultry nightclub where Aiden and 17 other hot, demanding men - including Falcon Exclusives Josh Weston, Brad Patton, Justin Dragon, Tommy Brandt, and Maxx Diesel as well as newcomer Ken Houser - meet up to quench their desires and explore the core of lust. Once you've tasted 'Addiction' you'll keep coming back for more.",
    "genres" : [ ]
  }, {
    "id" : 56190,
    "title" : "Green Legend Ran",
    "overview" : "The mysterious Rodo fell to earth ages ago, stealing away the air, water and life from the planet. It's up to Ran, a daring young man, and Aira, a silver-haired girl with a mysterious connection to the Rodo, to save the planet.",
    "genres" : [ {
      "id" : 16,
      "name" : "Animation"
    } ]
  }, {
    "id" : 56195,
    "title" : "Billboard Dad",
    "overview" : "High above Hollywood Mary-Kate and Ashley Olsen are playing Matchmakers! One's a surfer. The other's a high diver. When these two sisters team up to find a new love for their newly single Dad, it's a fun-loving, eye-catching California adventure gone wild. Mary-Kate and Ashley star in this fabulously funny love-struck comedy filled with crazy schemes and cool surprises. Determined to find their Dad, Max, a new love, the girls paint a personal ad on a giant billboard in the heart of Hollywood. After a few disastrous dates, Max finally meets Brooke and it's love at first sight. There's just one hitch, her unruly skateboarding son is the girls' arch rival. Now, with the girls plotting every action-packed step of the way, they've got to find out if love really does conquer all. Full of outrageous events, mixed-up matches and lots of laughs, Billboard Dad tops the charts as Mary-Kate and Ashley's coolest mischief-making adventure ever!",
    "genres" : [ {
      "id" : 35,
      "name" : "Comedy"
    }, {
      "id" : 10751,
      "name" : "Family"
    }, {
      "id" : 10749,
      "name" : "Romance"
    } ]
  }, {
    "id" : 56200,
    "title" : "DNA vs The Book of Mormon",
    "overview" : "This documentary examines the genetic evidence of the claims of the Book of Mormon. Are the native Americans decedents of the lost tribe of Israel?",
    "genres" : [ {
      "id" : 28,
      "name" : "Action"
    }, {
      "id" : 53,
      "name" : "Thriller"
    }, {
      "id" : 99,
      "name" : "Documentary"
    }, {
      "id" : 878,
      "name" : "Science Fiction"
    } ]
  }, {
    "id" : 56205,
    "title" : "The Godfather Family: A Look Inside",
    "overview" : "A documentary on the making of the three Godfather films, with interviews and recollections from the film makers and cast. This feature also includes the original screen tests of some of the actors for \"The Godfather\" film, and some candid moments on the set of \"The Godfather: Part III.\"",
    "genres" : [ {
      "id" : 18,
      "name" : "Drama"
    }, {
      "id" : 28,
      "name" : "Action"
    }, {
      "id" : 99,
      "name" : "Documentary"
    } ]
  }, {
    "id" : 56230,
    "title" : "Shelley Duvall's Bedtime Stories D2",
    "overview" : "Actress Shelley Duvall presents charming animated versions of some of the most beloved children's stories in this superb Emmy-nominated collection featuring 26 tales narrated by famous actors and musicians. The stories by Mercer Mayer, Virginia Lee Burton, Marilyn Sadler and others are voiced by James Earl Jones, Morgan Freeman, Candice Bergen, Ringo Starr, Michael J. Fox, Steve Martin, Martin Short, Billy Crystal, Kathy Bates and many more.",
    "genres" : [ ]
  }, {
    "id" : 56235,
    "title" : "Return with Honor",
    "overview" : "The story of U.S. fighter pilots shot down over North Vietnam who became POWs for up to 8 and a half years.",
    "genres" : [ {
      "id" : 99,
      "name" : "Documentary"
    } ]
  }, {
    "id" : 56245,
    "title" : "MollyCam",
    "overview" : "16-year-old schoolgirl Molly contacts the authorities and claims she has been raped by her boyfriend Sako and some of his friends. But as the policeman Jens questions her, he finds that Molly is vague about what has happened. Molly, who has been filming her everyday life, has also documented her relationship with Sako. Jens confiscates the film material as part of the investigation and, slowly becoming a voyeur of Molly's life, he feels a growing attraction to her.",
    "genres" : [ ]
  }, {
    "id" : 56255,
    "title" : "Executive Koala",
    "overview" : "Minoru Kawasaki directs this comedic psychological thriller that follows a large koala as he looks for help from several of his closest friends, which include a giant rabbit and frog. A hardworking executive at a pickle company, Mr. Tamura stands out from other employees because he's a koala bear who stands six feet tall. When his human girlfriend is found murdered, the blackout-prone Tamura goes on the run and tries to solve the mystery.",
    "genres" : [ {
      "id" : 35,
      "name" : "Comedy"
    }, {
      "id" : 80,
      "name" : "Crime"
    }, {
      "id" : 18,
      "name" : "Drama"
    }, {
      "id" : 10769,
      "name" : "Foreign"
    }, {
      "id" : 53,
      "name" : "Thriller"
    } ]
  }, {
    "id" : 56260,
    "title" : "Totò, Fabrizi e i giovani d'oggi",
    "overview" : "",
    "genres" : [ {
      "id" : 10749,
      "name" : "Romance"
    }, {
      "id" : 35,
      "name" : "Comedy"
    } ]
  }, {
    "id" : 56265,
    "title" : "Oscar",
    "overview" : "Neurotic businessman must find the right man for his pregnant daughter. In fact, it is little bit complicated.",
    "genres" : [ ]
  }, {
    "id" : 56270,
    "title" : "Rio Breaks",
    "overview" : "RIO BREAKS is more than just a film about surfing. It follows the story of two best friends, Fabio and Naama, as they navigate their way between the pitfalls of life in the slums and the joys of surfing on their favorite beach. Their goal: to win the contest and become professional surfers. Thirteen-year-old Fabio and 12-year-old Naama live at Favela do Pavao, an enormous slum near Arpoador Beach, in Rio de Janeiro, Brazil. Pavao is home to Commando Vermelho (CV), or Red Command, one of Rio's most heavily armed drug gangs. It's the Red Command who sets the rules and regulates life in the community. Their presence is ubiquitous, with armed soldiers constantly patrolling the hills and regulating the various points of sale. Fabio lives in an area of the favela called Vietnam, the poorest and most violent part of the slum.",
    "genres" : [ {
      "id" : 99,
      "name" : "Documentary"
    }, {
      "id" : 10769,
      "name" : "Foreign"
    } ]
  }, {
    "id" : 56275,
    "title" : "Reggie Watts: Why Shit So Crazy?",
    "overview" : "One of the most fascinating and unique artists working today, Reggie Watts combines looped vocals created live on stage with his unique brand of improvised comedy. Reggie's subjects range from ancient history to technology to spirit elves to theology to pop culture. The music incorporates hip-hop, trip-hop, 80's pop alternative, nu-metal and classical opera. Reggie loves to disorient and confuse people in the most entertaining way possible. This DVD features a combination of his various live performances.",
    "genres" : [ {
      "id" : 35,
      "name" : "Comedy"
    }, {
      "id" : 10402,
      "name" : "Music"
    } ]
  }, {
    "id" : 56285,
    "title" : "Behind the Scenes: Cast Away",
    "overview" : "",
    "genres" : [ ]
  }, {
    "id" : 56290,
    "title" : "Attila",
    "overview" : "Attila, the leader of the barbarian Huns and called by the Romans \"The Scourge of God\", sweeps onto the Italian peninsula, defeating all of the armies of Rome, until he and his men reach the gates of the city itself.",
    "genres" : [ {
      "id" : 36,
      "name" : "History"
    }, {
      "id" : 18,
      "name" : "Drama"
    } ]
  }, {
    "id" : 56295,
    "title" : "The Love of Siam",
    "overview" : "Two young boys are best friends living quiet family lives in Bangkok. Their lives are disrupted when one boy's older sister goes missing on a jungle trip. The shattered family moves away, separating the boys. Years later, now in their late teens, the boys meet again. One of them is now the leader of an aspiring boy band whose managing assistant bears a striking resemblance to the lost sister. The boys must deal with their family and social lives and their feelings for each other.",
    "genres" : [ {
      "id" : 18,
      "name" : "Drama"
    } ]
  }, {
    "id" : 56310,
    "title" : "Tan Lines",
    "overview" : "From the sun-drenched beaches of Australia comes this sexy coming-of-age romance. Cute teen Midget Hollow (Jack Baxter) wanders through life riding big waves and partying with surfer boys. When Midget's best friend's gay brother Cass arrives on the scene, the two quickly dive head first into a clandestine sea of sexual awakening. As his lusty romance with the dark-eyed Adonis is soon discovered, Midget has to navigate between his friends' reaction and his newfound love all while growing up during a hot summer of fun in the sun!",
    "genres" : [ {
      "id" : 18,
      "name" : "Drama"
    }, {
      "id" : 10769,
      "name" : "Foreign"
    }, {
      "id" : 10749,
      "name" : "Romance"
    } ]
  }, {
    "id" : 56315,
    "title" : "Paradise",
    "overview" : "A stop-motion animated short taking a light-hearted look at the grind of daily routine. Its main characters are a husband and wife who are leading a seemingly ideal suburban life. But is everything really as perfect as it seems? The animators used mechanized tin figurines set in brightly colored, saturated tin surroundings emulating quaint suburbia. The characters are attached to the ground and move in predetermined courses (grooves and tracks set in the ground), expressing the repetition of their lives.",
    "genres" : [ {
      "id" : 18,
      "name" : "Drama"
    }, {
      "id" : 10769,
      "name" : "Foreign"
    } ]
  }, {
    "id" : 56320,
    "title" : "The Scientist",
    "overview" : "A reclusive physicist creates an infinite-energy machine in his basement that changes his life and all those around him.",
    "genres" : [ {
      "id" : 18,
      "name" : "Drama"
    }, {
      "id" : 878,
      "name" : "Science Fiction"
    } ]
  }, {
    "id" : 56325,
    "title" : "Naked Ambition: An R Rated Look at an X Rated Industry",
    "overview" : "Noted celebrity photographer, Michael Grecco, sets out to capture the essence of the AVN Awards and Convention where the best in American Pornography is displayed, celebrated and honored.",
    "genres" : [ {
      "id" : 99,
      "name" : "Documentary"
    } ]
  }, {
    "id" : 56330,
    "title" : "Romantic Sayed",
    "overview" : "One of the year's top box-office hits! The movie follows the life of Sayed who lives in a poor neighborhood with his mother, a taxi driver, and his cousin, a tour-guide. He's troubled with financial problems caused by his uncle and a failed love story. This gets him closer to his girl neighbor and they start a project in front of a university, where students call him \"Romantic Sayed\".",
    "genres" : [ {
      "id" : 35,
      "name" : "Comedy"
    }, {
      "id" : 10749,
      "name" : "Romance"
    } ]
  }, {
    "id" : 56335,
    "title" : "Fire Festival",
    "overview" : "Tatsuo, a reverent lumberjack, seeks to disrupt plans to build a marine park on his family land, instead promoting his traditions in reactionary ways.",
    "genres" : [ {
      "id" : 18,
      "name" : "Drama"
    } ]
  }, {
    "id" : 56340,
    "title" : "The Widower",
    "overview" : "Alberto Nardi (Alberto Sordi) is a Roman businessman who fancies himself a man of great capabilities, but whose factory (producing lifts and elevators) tethers perennially on the brink of catastrophe. Alberto is married to a rich and successful businesswoman from Milan, Elvira Almiraghi (Franca Valeri) who has a no-nonsense attitude and barely tolerates the attempts of her husband to keep his factory afloat with her money. Alberto tries to \"keep up\" with his wife and her rich and successful friends but he only manages to ridicule himself. Amused by his antics Elvira publicly treats her husband as a silly clown, confident that he'll never leave her in the hope of profiting from her fortune.",
    "genres" : [ {
      "id" : 35,
      "name" : "Comedy"
    } ]
  }, {
    "id" : 56345,
    "title" : "Animal Love",
    "overview" : "In conurbations where hundreds of thousands live alongside one another, in the era of a highly technological society, in which communication has never played such a significant role, man has become lonely. Disappointed by his fellow human beings, he turns to animals. Dogs and other domestic animals serve him as companions, life partners, cuddly objects and bedfellows.",
    "genres" : [ {
      "id" : 99,
      "name" : "Documentary"
    } ]
  }, {
    "id" : 56350,
    "title" : "Jesus, You Know",
    "overview" : "Six Catholics share their thoughts and problems with Jesus in different churches. The camera accompanies them.",
    "genres" : [ {
      "id" : 99,
      "name" : "Documentary"
    }, {
      "id" : 10769,
      "name" : "Foreign"
    } ]
  }, {
    "id" : 56360,
    "title" : "P.Rappa's Nth Mile Dilemma: A Ghetto-Tastic Rap-Venture",
    "overview" : "P Rappa is a puppy who tries to be \"cool\" like his idol, rap star Joe Chin, but is thwarted in every direction. How can he muster the strength to stand against the odds? How can he learn kung-fu, steal a car, score some weed, AND finally get with that doped-up trick Sunny Funny? HE'S GOTTA BELIEVE!!! Inspired by the game Parappa the Rapper for PS1 (and borrowing bits from 8 Mile), Nth Mile is a tribute to the great, simple story of a puppy who raps his way into a flower's heart. Of course, along the way he has to fight evil money husslers, learn bling powers from 4 rap masters, and eventually face off against his various nemeses in a furious climactic rap battle that will blow the roof clear off of Club Fun!",
    "genres" : [ ]
  }, {
    "id" : 56365,
    "title" : "No More Smoke Signals",
    "overview" : "Kili Radio - \"Voice of the Lakota Nation\" - is broadcast out of a small wooden house that sits isolated on a hill, lost in the vast countryside of South Dakota. It’s a place that’s long forgotten; lying at the crossroads between combat and hope, between the American dream and daily existence on America’s poorest reservation. Yet we find people like Roxanne Two Bulls, who’s trying to start over again on the land of her ancestors; the young DJ Derrick who’s discovering his gift for music; Bruce, the white lawyer who for thirty years has been trying to free a militant who’s been fighting for American Indian rights; and finally John Trudell, an old AIM activist who’s made a career for himself as a musician in Hollywood. Everything converges at Kili Radio. Instead of sending smoke signals the radio station transmits its own signals across a vast and ... (from the webpage)",
    "genres" : [ {
      "id" : 99,
      "name" : "Documentary"
    } ]
  }, {
    "id" : 56370,
    "title" : "Berlinguer ti voglio bene",
    "overview" : "",
    "genres" : [ {
      "id" : 35,
      "name" : "Comedy"
    } ]
  }, {
    "id" : 56375,
    "title" : "Del perduto amore",
    "overview" : "",
    "genres" : [ ]
  }, {
    "id" : 56380,
    "title" : "The Bride's Journey",
    "overview" : "",
    "genres" : [ {
      "id" : 35,
      "name" : "Comedy"
    } ]
  }, {
    "id" : 56385,
    "title" : "True Identity",
    "overview" : "In order to escape from the mob, an African-American man must disguise himself as a white man.",
    "genres" : [ {
      "id" : 35,
      "name" : "Comedy"
    } ]
  }, {
    "id" : 56395,
    "title" : "POPaganda: The Art & and Crimes of Ron English",
    "overview" : "In this critically acclaimed documentary (filmed in an appropriately guerilla style), director-producer Pedro Carvajal captures vigilante artist Ron English as he makes a series of thought-provoking -- and sometimes just plain odd -- statements. The film also serves as a biography, chronicling English's evolution from a simple painter to an activist-instigator who skewers just about everything -- from Ronald McDonald to the war in Iraq.",
    "genres" : [ {
      "id" : 99,
      "name" : "Documentary"
    } ]
  }, {
    "id" : 56400,
    "title" : "A Matter of Heart",
    "overview" : "Garage owner Angelo and big-time film producer Alberto find themselves occupying neighbouring beds in a Rome hospital after suffering heart attacks. Alberto is a gregarious joker - and chain smoker - who has a strong effect on the impressionable Angelo. However, as one of the men's condition deteriorates, the other becomes more deeply involved in his personal life.",
    "genres" : [ {
      "id" : 35,
      "name" : "Comedy"
    }, {
      "id" : 18,
      "name" : "Drama"
    } ]
  }, {
    "id" : 56405,
    "title" : "Black Venus",
    "overview" : "The story of Saartjes Baartman, a Black domestic who, in 1808, left Southern Africa, then ruled by Dutch settlers, for Europe, following her boss Hendrick Caesar , hoping to find fame and fortune there. Once in London her master turned manager does nothing but exhibit her as a freak in a phony and humiliating carnival show. After a series of troubles caused by their act, Caesar, Saartje and their new friend, bear-tamer Réaux, head for Paris where once again, and against her will, she has to mimic savagery and expose her body, first in carnivals, then in the aristocratic salons of Paris, later on among the libertines and finally in brothels where she ends up being a prostitute. In the meantime, French anatomists will have taken an interest in her unusual anatomy (enormous buttocks and labia) only to declare her the missing link from ape to man. In 1815, aged only 27, she dies alone, of a combination of pneumonia and venereal disease.",
    "genres" : [ {
      "id" : 36,
      "name" : "History"
    }, {
      "id" : 18,
      "name" : "Drama"
    } ]
  }, {
    "id" : 56410,
    "title" : "You Lucky Dog",
    "overview" : "After her mother's death, New York City fashion designer Lisa Rayborn (Natasha Henstridge) returns to her hometown and family farm. Due to a weak economy, her brother Jim (Harry Hamlin) has converted the family business from a cattle farm into a sheep farm, despite their father's (Lawrence Dane) objections. To help out, Lisa decides she will stay to help on the farm. She adopts a border collie from the local animal shelter and trains it as a sheepdog, naming the dog Lucky. Jim and Lisa decide to enter Lucky into a sheep herding contest, but when a severe thunderstorm sparks a forest fire, Lucky helps rescue trapped children and bring them to safety. While doing so, Lucky gets her leg burned, and it looks as if she will not be able to compete.",
    "genres" : [ {
      "id" : 18,
      "name" : "Drama"
    }, {
      "id" : 10751,
      "name" : "Family"
    }, {
      "id" : 10749,
      "name" : "Romance"
    } ]
  }, {
    "id" : 56415,
    "title" : "A Gang Story",
    "overview" : "After growing up in a poor gypsy camp, Edmond Vidal, aka Momon, has retained a sense of family, unfailing loyalty and pride in his origins. Most of all, he has remained friends with Serge Suttel, with whom he first discovered prison life - for stealing cherries. The two of them inevitably got involved in organized crime. The team they formed, the Ganf Des Lyonnais, made them the most notorious armed robbers of the early 1970s. Their irresistible rise ended in 1974 with a spectacular arrest. Today, as he nears 60, Momon would like to forget that part of his life. He has found peace by retiring from the \"business\". He tends to his wife Janou, who suffered so in the past, and to his children and grandchildren, all of whom have great respect for this man of simple and universal values, so clear-headed and full of kindness. But then Serge Suttel, who has disowned nothing of his past, comes back into the picture.",
    "genres" : [ {
      "id" : 80,
      "name" : "Crime"
    }, {
      "id" : 18,
      "name" : "Drama"
    } ]
  }, {
    "id" : 56420,
    "title" : "DJ Juice - The King is Back Mixtape Blend Dvd Vol. 70",
    "overview" : "DJ Juice is making his dope DVD blend again and this time its time for volume 70!! So just lay back and relax to some dope music videos from 2009 and high quality blend.",
    "genres" : [ {
      "id" : 10402,
      "name" : "Music"
    } ]
  }, {
    "id" : 56425,
    "title" : "Nexus",
    "overview" : "Holly is a struggling singer whose life is torn apart when she loses custody of her daughter, Chloe. When she travels to her soon to be ex-husbands estate in the country, for a weekend visit with Chloe, she is shocked to discover that he is missing. The police are called and the following day, Holly is accused of the murder of her husband. Holly unwittingly finds herself at the center of a small town conspiracy and must harness all her inner strength to save her daughter and clear her name.",
    "genres" : [ {
      "id" : 28,
      "name" : "Action"
    }, {
      "id" : 53,
      "name" : "Thriller"
    }, {
      "id" : 18,
      "name" : "Drama"
    } ]
  }, {
    "id" : 56435,
    "title" : "The Sign of Venus",
    "overview" : "The Sign of Venus (Italian: Il segno di Venere) is a 1955 Italian comedy film directed by Dino Risi and starring Sophia Loren. It was entered into the 1955 Cannes Film Festival.",
    "genres" : [ {
      "id" : 10749,
      "name" : "Romance"
    }, {
      "id" : 35,
      "name" : "Comedy"
    }, {
      "id" : 18,
      "name" : "Drama"
    } ]
  }, {
    "id" : 56440,
    "title" : "Amador",
    "overview" : "A drama centered on a young woman who takes a summer job caring for a bed-ridden older man, and the intimate secrets they begin to share with one another.",
    "genres" : [ {
      "id" : 18,
      "name" : "Drama"
    }, {
      "id" : 10769,
      "name" : "Foreign"
    } ]
  } ]
}