{
  "movies" : [ {
    "id" : 61770,
    "title" : "The Stones in the Park",
    "overview" : "The legendary 1969 Rolling Stones concert from Hyde Park, their first following the death of founding member Brian Jones.",
    "genres" : [ {
      "id" : 10402,
      "name" : "Music"
    }, {
      "id" : 99,
      "name" : "Documentary"
    } ]
  }, {
    "id" : 61775,
    "title" : "Hassel 02 - Beskyddarna",
    "overview" : "The criminal police is investigating a criminal gang blackmailing restaurant owners.",
    "genres" : [ ]
  }, {
    "id" : 61780,
    "title" : "Hassel 03 - Slavhandlarna",
    "overview" : "",
    "genres" : [ ]
  }, {
    "id" : 61785,
    "title" : "Hassel 10 - Utpressarna",
    "overview" : "",
    "genres" : [ {
      "id" : 80,
      "name" : "Crime"
    } ]
  }, {
    "id" : 61790,
    "title" : "Déchaînées",
    "overview" : "Lucy, a 19-year old law student and intern at a Swiss television network in Geneva, comes across her double in archival footage about the woman’s liberation movement in the 70’s. Her family’s resistance to talk about this time convinces Lucy that a secret lurks behind this mysterious woman, named Genevieve.",
    "genres" : [ ]
  }, {
    "id" : 61795,
    "title" : "Les diplômés du dernier rang",
    "overview" : "Les Diplômés du dernier rang Date de sortie cinéma : 18 août 1982 Film déjà disponible en DVD depuis le : 7 octobre 2002 Réalisé par Christian Gion Avec Patrick Bruel, Michel Galabru, Marie Laforêt, plus Long-métrage français . Genre : Comédie Durée : 01h26min Année de production : 1982 Synopsis : Dans une salle secrète d'un institut privé d'études économiques et politiques, un groupe d'étudiants s'exerce à l'art de ne rien faire, hormis draguer et préparer des antisèches, jusqu'au moment où le directeur a pour ambition de faire de l'institut une grande école...",
    "genres" : [ {
      "id" : 35,
      "name" : "Comedy"
    } ]
  }, {
    "id" : 61800,
    "title" : "Chi si ferma è perduto",
    "overview" : "",
    "genres" : [ {
      "id" : 35,
      "name" : "Comedy"
    } ]
  }, {
    "id" : 61810,
    "title" : "Soft Beds, Hard Battles",
    "overview" : "In this comedy, set during the Nazi occupation of France, Peter Sellers plays most major male parts, so he stars in nearly every scene, always bumbling in inspector Clouseau-style. As British Major Robinson he is hidden in Madame Grenier's Parisian brothel, right under the nose of the Nazi clients, such as Gestapo agent Herr Schroeder (again him). As Général Latour he leads the French resistance, which includes the brothel madam -made a colonel in charge of her sexy 'troops'- and a priest, and is joined by young US diplomat Alan Cassidy. As Japanese imperial Prince Kyoto he becomes a target for the resistance in a monastery on his way to Hitler (again him). At the end he decorates the heroes as French president. Written by KGF Vissers",
    "genres" : [ {
      "id" : 35,
      "name" : "Comedy"
    } ]
  }, {
    "id" : 61820,
    "title" : "Buddha Collapsed Out of Shame",
    "overview" : "A young girl zealously wants to go to school and learn to read and write. Almost everywhere she is met with hostility or indifference. The only young boy who takes her to his school is thrown out by the teacher, because helping her prevented him from arriving in time. On her way home she and other girls are taken as prisoners by boys playing as Taliban fighters. They tear her school book to pieces and threaten to stone their female captives.",
    "genres" : [ {
      "id" : 18,
      "name" : "Drama"
    }, {
      "id" : 10752,
      "name" : "War"
    } ]
  }, {
    "id" : 61825,
    "title" : "A School Trip",
    "overview" : "Italy, 1914. Two teachers take their pupils for a school outing from Bologna to Florence.",
    "genres" : [ ]
  }, {
    "id" : 61830,
    "title" : "Stop It!",
    "overview" : "",
    "genres" : [ ]
  }, {
    "id" : 61835,
    "title" : "Ashes and Blood",
    "overview" : "Exiled from her country since her husband's murder ten years earlier, Judith lives in Marseille with her three children. After having refused to see her family for years, Judith, in spite of her fears and secrets, allows herself to be influenced by her children's wishes and accepts an invitation to their cousin's wedding. They set off to spend a summer in the old country, discovering their roots and their past. But Judith's return revives old hatreds between rival clans. The spiral of violence is inexorably set in motion, blood will tell...",
    "genres" : [ ]
  }, {
    "id" : 61845,
    "title" : "Bornova Bornova",
    "overview" : "A story from Bornova, a neighborhood in Izmir. Two good friends Salih and Hakan spend their days in front of a grocery store waiting for a chance to do something with their lives.",
    "genres" : [ ]
  }, {
    "id" : 61850,
    "title" : "Büyük Adam Küçük Aşk",
    "overview" : "",
    "genres" : [ {
      "id" : 18,
      "name" : "Drama"
    } ]
  }, {
    "id" : 61855,
    "title" : "The Painted Hills",
    "overview" : "After years of prospecting, Jonathan finally strikes gold. He returns to town only to discover that his partner has since died and left Tommy fatherless. He decides to leave Shep (played by Lassie) with Tommy to cheer him up. Meanwhile, Jonathan's new partner, Lin, isn't interested in sharing the gold, and lures Jonathan to his death. Lassie immediately deduces what's happened, so Lin poisons Lassie. Lassie barely pulls through and pursues Lin to a climactic confrontation where, due to an off-screen accident with some liquid nitrogen, Lin's gun jams.",
    "genres" : [ {
      "id" : 28,
      "name" : "Action"
    }, {
      "id" : 12,
      "name" : "Adventure"
    }, {
      "id" : 18,
      "name" : "Drama"
    }, {
      "id" : 10751,
      "name" : "Family"
    } ]
  }, {
    "id" : 61860,
    "title" : "David Sneddon - Davids Story",
    "overview" : "this is a great dvd for all those who are david fans. the dvd reflect his journey at the fame academy, and he comments some of the things that happened, and also some teachers are reflecting back at davids stay in the house and his winning only downside, you don't get to see how it went the weeks after david won the show, but it is great seeing him sing and smile, and having fun , you see his highs and lows, and they made a selection of the songs he sang during his stay and those are the extra's on the dvd",
    "genres" : [ {
      "id" : 10402,
      "name" : "Music"
    } ]
  }, {
    "id" : 61865,
    "title" : "Born in Absurdistan",
    "overview" : "It all begins with a mistake, an error with serious consequences: in a hospital the new-born babies of an Austrian couple and a Turkish family of immigrant workers are mixed up and go home with the wrong parents. By the time the mistake comes to light, it emerges that the Turkish family, including the baby, has been deported. The despairing Austrian couple begins a confusing odyssey through Turkey in order to track down the unsuspecting family to their native village. But they are not at all convinced that the babies have been mixed up. It is decided that the only way to know for sure is to have a blood test done. It is decided that the blood work is done in Vienna due to the better medical resources, but that will be far from simple. It will involve an illegal smuggling of the Turks across the Austrian border.",
    "genres" : [ {
      "id" : 35,
      "name" : "Comedy"
    } ]
  }, {
    "id" : 61870,
    "title" : "Billy Owens and the Secret of the Runes",
    "overview" : "Three students have to find a way to free their teacher's soul from an enchanted amulet.",
    "genres" : [ {
      "id" : 12,
      "name" : "Adventure"
    }, {
      "id" : 10751,
      "name" : "Family"
    }, {
      "id" : 14,
      "name" : "Fantasy"
    }, {
      "id" : 878,
      "name" : "Science Fiction"
    } ]
  }, {
    "id" : 61880,
    "title" : "Strategic Air Command",
    "overview" : "Air Force reservist Lt. Col. Robert (Dutch) Holland is recalled into active duty at the peak of his baseball career.",
    "genres" : [ {
      "id" : 28,
      "name" : "Action"
    }, {
      "id" : 18,
      "name" : "Drama"
    } ]
  }, {
    "id" : 61885,
    "title" : "Horrid",
    "overview" : "Come visit the beautiful north woods. Enjoy the changing of the leaves, the vast chain of lakes, bountiful hunting and fishing, and great snowmobile trails. Relax at one of our many resorts or find yourself part of a genetic experiment testing deadly viruses. Three friends travel north for a bachelor party weekend full of babes, booze and unexpected encounters. Oblivious to what is happening around them the three find themselves trapped as a cannibalistic diseases, developed by the military, transforms the townspeople into ravenous zombies.",
    "genres" : [ {
      "id" : 28,
      "name" : "Action"
    }, {
      "id" : 27,
      "name" : "Horror"
    }, {
      "id" : 35,
      "name" : "Comedy"
    } ]
  }, {
    "id" : 61890,
    "title" : "La otra residencia",
    "overview" : "Crazy and macabre comedy written and directed by Alfonso Paso, inspired by 'The Residence', a horror film by Narciso Ibanez Serrador. Two offenders commit a murder and unwittingly decide to separate. One of them found refuge in a villa. Palmiro, a boy from the house who everyone consider silly, discovered him.",
    "genres" : [ {
      "id" : 35,
      "name" : "Comedy"
    } ]
  }, {
    "id" : 61895,
    "title" : "Pageant",
    "overview" : "A portrait of five men competing in the Miss Gay America pageant.",
    "genres" : [ {
      "id" : 99,
      "name" : "Documentary"
    } ]
  }, {
    "id" : 61905,
    "title" : "Love Storming",
    "overview" : "Set in the heart of Christmas, the film tells the story of Sergio, a boy who could not finish the year in worse shape. It is New Year's Eve, the heaviest snowfall in thirty years is falling, all flights are canceled and he has to take the grapes (a tradition in Spain for New Year's Eve) with the other passengers in a roadside hotel. But that's not all, because he will have to manage to get on a night what he has failed in several months: to win back her ex girlfriend Bea before she goes to work in Germany. All with the help of a group of travelers who are the worst team in the world",
    "genres" : [ {
      "id" : 35,
      "name" : "Comedy"
    } ]
  }, {
    "id" : 61910,
    "title" : "Dora Heldt: Tante Inge haut ab",
    "overview" : "",
    "genres" : [ {
      "id" : 35,
      "name" : "Comedy"
    } ]
  }, {
    "id" : 61925,
    "title" : "The Cop in Blue Jeans",
    "overview" : "A top undercover cop finds and arrests a series of purse snatchers until he discovers an American at the top of an evil ring of thieves.",
    "genres" : [ {
      "id" : 18,
      "name" : "Drama"
    }, {
      "id" : 28,
      "name" : "Action"
    }, {
      "id" : 53,
      "name" : "Thriller"
    }, {
      "id" : 80,
      "name" : "Crime"
    } ]
  }, {
    "id" : 61930,
    "title" : "Bagnomaria",
    "overview" : "A Pietrasanta all are excited for the annual party of summer end. Here we find four characters: Merigo, a naive guy passionate of bike; Pierre, son of the mayor; Simone, a pestiferous kid; Mario, lifeguard of \"Bagnomaria\".",
    "genres" : [ {
      "id" : 35,
      "name" : "Comedy"
    } ]
  }, {
    "id" : 61935,
    "title" : "Crazy About Ya",
    "overview" : "In Crazy About Ya, different characters meet. Sometimes their stories are closely interwoven, sometimes they just brush past each other. But sooner or later everyone runs into the hero of this story, Saint Jan. As a true sanctus ex machina he makes sure that in the end, they are all a bit crazier about each other again.",
    "genres" : [ {
      "id" : 10749,
      "name" : "Romance"
    }, {
      "id" : 35,
      "name" : "Comedy"
    } ]
  }, {
    "id" : 61940,
    "title" : "Some Say No",
    "overview" : "Some Say No is a new Italian comedy with a very serious subject: the way the country's society is corroded by favoritism that pushes inferior people to the top in virtually every field. In Florence, three thirty-somethings band together to wage their own war on the system. Each of them is a person of talent who has been pushed out by \"favorites\" or raccomandati, people who have muscled in on the promotions they ought to have gotten by pulling strings.",
    "genres" : [ {
      "id" : 35,
      "name" : "Comedy"
    } ]
  }, {
    "id" : 61945,
    "title" : "Homo sapiens",
    "overview" : "",
    "genres" : [ {
      "id" : 99,
      "name" : "Documentary"
    } ]
  }, {
    "id" : 61950,
    "title" : "The Fine Art of Love: Mine Ha-Ha",
    "overview" : "A group of young girls are brought up in a college within dark forests and gloomy lakes. Young Hidalla and her friends Irene, Vera, Blanka, Melusine and Rain are brought up in an isolated world: the girls don't know anything about live outside the college's high walls. At the age of 16, some of them start asking questions about their origins, their parents and the true purposes of the Headmistresses strict rules. When two of them disappear mysteriously, the initial fairytale atmosphere grows more and more eerie...",
    "genres" : [ {
      "id" : 9648,
      "name" : "Mystery"
    }, {
      "id" : 18,
      "name" : "Drama"
    } ]
  }, {
    "id" : 61960,
    "title" : "The Raging Tide",
    "overview" : "A hood hides out on a fishing boat to avoid the cops.",
    "genres" : [ {
      "id" : 80,
      "name" : "Crime"
    }, {
      "id" : 18,
      "name" : "Drama"
    } ]
  }, {
    "id" : 61965,
    "title" : "Grippe A, un virus fait débat",
    "overview" : "",
    "genres" : [ {
      "id" : 99,
      "name" : "Documentary"
    } ]
  }, {
    "id" : 61975,
    "title" : "Maisy: Garden",
    "overview" : "Maisy loves to play outside and explore her garden Join Maisy and all her friends as they camp outside, harvest Maisys vegetable garden and even find time to play in the rain",
    "genres" : [ ]
  }, {
    "id" : 61980,
    "title" : "Seeing Heaven",
    "overview" : "A beautiful young escort, Paul, suffers from trip-like dreams he doesn't understand. These visions are shared by his clients, both scaring and exciting them. Paul is searching for his twin brother, whom he hasn't seen since childhood, and hooks up with enigmatic film director John Baxter. Desired by everyone but lost to himself, Paul is persuaded to make one adult film, which will help him discover himself, and in the process find his twin. But the journey he goes on is a dark one, involving dangerous clients, an unscrupulous rival producer, and unsafe sex. In discovering his true past, Paul is in danger of destroying himself.",
    "genres" : [ {
      "id" : 18,
      "name" : "Drama"
    } ]
  }, {
    "id" : 61985,
    "title" : "Westward Ho",
    "overview" : "Ballard's trail jumpers attack the Wyatt Company wagon train, killing young John's parents and kidnaping his brother, Jim. In post-Civil War California, John Wyatt, now a man, pulls together a vigilante posse, The Singing Riders, who all ride white horses, dress alike, and ride the trails singing and rounding up outlaw gangs. Meanwhile, John is ever on the lookout for the gang that murdered his parents  As a youngster John Wyatt saw his parents killed and his brother kidnapped. On a wagon train heading West he meets his brother who is now a spy for the gang which originally did the dirty work. He and his brother both fall for Mary Gordon  When Ballard and his men attack the Wyatt wagon train, they kill all except two young brothers. Twelve years later one brother John has organized a vigilante group. The other brother Jim is now part of Ballard's gang and the two are destined to meet again",
    "genres" : [ {
      "id" : 18,
      "name" : "Drama"
    }, {
      "id" : 36,
      "name" : "History"
    }, {
      "id" : 37,
      "name" : "Western"
    } ]
  }, {
    "id" : 61990,
    "title" : "El fotogénico",
    "overview" : "",
    "genres" : [ {
      "id" : 35,
      "name" : "Comedy"
    } ]
  }, {
    "id" : 61995,
    "title" : "Guapo heredero busca esposa",
    "overview" : "",
    "genres" : [ {
      "id" : 35,
      "name" : "Comedy"
    } ]
  }, {
    "id" : 62000,
    "title" : "Johnny Belinda",
    "overview" : "A small-town doctor helps a deaf-mute farm girl learn to communicate.",
    "genres" : [ {
      "id" : 18,
      "name" : "Drama"
    } ]
  }, {
    "id" : 62010,
    "title" : "The Butterfly",
    "overview" : "The story revolves around a point in the friendship of Vano, (Andhika Pratama), Tia (Poppy Sovia), and Desi (Debby Kristi). A love triangle lies between them, where Vano secretly falls for Desi, while Desi is very protective of Tia and knows of Tias long-withheld feelings for Vano. Tia and Desi have agreed to both be friends with Vano and nothing more. The tale continues when they embark on a trip on Desis 20th birthday, a trip the trio have long planned. But Desi falls ill in the middle of the trip. Vano and Tia had wanted to bring Desi to the hospital, but Desi insisted on completing their journey, a journey where they learn the true meaning of love, friendship, and life.",
    "genres" : [ {
      "id" : 18,
      "name" : "Drama"
    }, {
      "id" : 10749,
      "name" : "Romance"
    } ]
  }, {
    "id" : 62015,
    "title" : "L'équilibre de la terreur",
    "overview" : "",
    "genres" : [ {
      "id" : 18,
      "name" : "Drama"
    }, {
      "id" : 53,
      "name" : "Thriller"
    } ]
  }, {
    "id" : 62020,
    "title" : "Piss World",
    "overview" : "",
    "genres" : [ ]
  }, {
    "id" : 62025,
    "title" : "Quello che le ragazze non dicono",
    "overview" : "",
    "genres" : [ {
      "id" : 35,
      "name" : "Comedy"
    } ]
  }, {
    "id" : 62030,
    "title" : "A+ Pollux",
    "overview" : "Halvard Sanz believes in the principle according to which we always meet people who really interest us twice. It’s written in the tables of how the world works, right next to the law of series and the constant speed of light. Halvard therefore believes that he’ll be able to find Pollux again. She’s the woman of his dreams, but he didn’t get the time to tell her so. Dizzy as a bee, he’ll charge head first into the plate glass window of life.",
    "genres" : [ {
      "id" : 10749,
      "name" : "Romance"
    }, {
      "id" : 35,
      "name" : "Comedy"
    }, {
      "id" : 18,
      "name" : "Drama"
    } ]
  }, {
    "id" : 62035,
    "title" : "Our Italian Husband",
    "overview" : "When Vincenzo Scocozza , an Italian immigrant sculptor living and working in Manhattan, weds the expectant Charlene Taylor, it over complicates his life for he is already married",
    "genres" : [ {
      "id" : 10749,
      "name" : "Romance"
    }, {
      "id" : 35,
      "name" : "Comedy"
    } ]
  }, {
    "id" : 62040,
    "title" : "CounterForce",
    "overview" : "An FBI Agent (Michael Rooker) and a female cop (Diane DiLascio) join forces to stop renegade cops who are offing the bad guys. Robert Patrick is the leader of the renegades and Louis Mandylor is a reluctant young cop that is brought into the hit team.",
    "genres" : [ {
      "id" : 28,
      "name" : "Action"
    }, {
      "id" : 53,
      "name" : "Thriller"
    } ]
  }, {
    "id" : 62045,
    "title" : "Only God Knows",
    "overview" : "On a lark in Tijuana, a carefree Brazilian art student crosses paths with a brooding Mexican journalist, sparking a cascade of events across both Mexico and Brazil. As Dolores and Damián discover an intimate love and a mysterious spiritual heritage, they struggle with ever more costly choices.",
    "genres" : [ {
      "id" : 18,
      "name" : "Drama"
    }, {
      "id" : 53,
      "name" : "Thriller"
    }, {
      "id" : 9648,
      "name" : "Mystery"
    }, {
      "id" : 10749,
      "name" : "Romance"
    }, {
      "id" : 10769,
      "name" : "Foreign"
    } ]
  }, {
    "id" : 62050,
    "title" : "Brad Stine - A Conservative Unleashed",
    "overview" : "What happens when you unleash a conservative? No one is safe from cutting edge side-splitting humor as Brad Stine takes us on a journey through our convictions and presuppositions. Grab your boot straps and hang on for the wildest Brad Stine ride yet.",
    "genres" : [ {
      "id" : 35,
      "name" : "Comedy"
    } ]
  }, {
    "id" : 62055,
    "title" : "The Land Before Time: Amazing Adventures",
    "overview" : "1) The Cave Of Many Voices: While exploring the Secret Caverns, the kids accidentally create an opening into the mysterious beyond.  2) Canyon Of The Shiny Stones: When Cera accidentally loses Tria's favorite shiny stone, she is determined to go to the Canyon of Shiny Stones to find a replacement.  3) The Meadow Of Jumping Water: Ruby and Chomper excite the other kids with their tale about a place where water jumps out of the ground, and they all set out to see it.  4) The Spooky Nighttime Adventure: Even though Ruby is convinced her story of the invisible Hidden Runner is made up, that doesn't stop the other kids from having scary sleep stories.",
    "genres" : [ ]
  }, {
    "id" : 62065,
    "title" : "Was ist Was - Energie",
    "overview" : "Energie ist wichtig für die Entstehung der Planeten und für das Leben unserer Erde. Alles, was sich bewegt oder lebt braucht Energie. So erleben wir zum Beispiel Energie, wenn wir einen Blitz sehen. Dabei ist Energie eigentlich unsichtbar. Man kann sie weder riechen, schmecken oder fühlen. Aber: Energie bestimmt unser Leben. Energie ist nötig, um etwas in Bewegung zu setzen, zu beschleunigen, zu heben, zu erwärmen oder zu beleuchten. In der Folge Energie von WAS IST WAS TV sind Theo, Tess und Quentin dem Geheimnis der Energie auf der Spur.",
    "genres" : [ ]
  }, {
    "id" : 62075,
    "title" : "Piet Piraat en het Vliegende Schip",
    "overview" : "Piet Piraat discovers that the handsome pirate captain Marylin has been petrified. With his friends he travels to a tropical island to save her.",
    "genres" : [ {
      "id" : 12,
      "name" : "Adventure"
    }, {
      "id" : 10751,
      "name" : "Family"
    } ]
  }, {
    "id" : 62080,
    "title" : "The Best by Private 114: Top 10 Gangbangs",
    "overview" : "These girls aren't satisfied with just a dick or two. They want way more cock and cum than that. They want to be banged hard in every hole and then covered in spunk. They want to be screaming for more while gasping for breath and sucking on a huge cock. Simony Diamond, Lena Covey and Delfynn Delage are just 3 of the 10 gorgeous beauties who are gangbanged into kingdom cum.",
    "genres" : [ ]
  }, {
    "id" : 62085,
    "title" : "Serdar Somuncu: Der Hassprediger liest Bild",
    "overview" : "",
    "genres" : [ {
      "id" : 35,
      "name" : "Comedy"
    } ]
  }, {
    "id" : 62090,
    "title" : "blink-182: The Urethra Chronicles",
    "overview" : "The Urethra Chronicles is a video biography about the popular California-based pop/punk band, blink-182, and a look into their lives from their beginnings to the \"Enema of the State\" era.",
    "genres" : [ {
      "id" : 99,
      "name" : "Documentary"
    }, {
      "id" : 35,
      "name" : "Comedy"
    }, {
      "id" : 10402,
      "name" : "Music"
    } ]
  }, {
    "id" : 62095,
    "title" : "Michael Bolton - Live At The Royal Albert Hall",
    "overview" : "Join Michael Bolton for an unforgettable concert at London's famous Royal Albert Hall as he delivers hit after hit in his trademark soulful style in front of a packed audience. With his inimitable voice, charismatic stage presence and superb songwriting Michael Bolton holds the audience in the palm of his hand as he performs classics such as 'How Am I Supposed To Live Without You?' &amp; 'Time, Love And Tenderness', 'Can I Touch You There'and 'How Can We Be Lovers' alongside his unique interpretations of 'Fly Me To The Moon', 'Summertime', 'That's Life' and '(Sittin' On) The Dock Of The Bay' plus his own rendition of 'Murder My Heart', the hit he co-wrote with Lady Gaga. Simply a wonderful night.",
    "genres" : [ {
      "id" : 10402,
      "name" : "Music"
    } ]
  }, {
    "id" : 62100,
    "title" : "Radio West",
    "overview" : "",
    "genres" : [ ]
  }, {
    "id" : 62105,
    "title" : "Re-Cut",
    "overview" : "When twin girls are found dead in their family’s barn, reality star turned TV-reporter Meredith Phillips and her de-facto camera crew are dispatched to rural Wisconsin to investigate the gruesome deaths. In their relentless drive to break the story, the reporters become entangled in a deadly mystery and uncover the small town’s shocking secret. Edited together from the crew’s multiple cameras, the film documents their struggle to survive the most terrifying night of their lives and becomes the only evidence of a crime too horrific to imagine.",
    "genres" : [ {
      "id" : 27,
      "name" : "Horror"
    }, {
      "id" : 53,
      "name" : "Thriller"
    } ]
  }, {
    "id" : 62110,
    "title" : "Les cavaliers de la canette",
    "overview" : "",
    "genres" : [ {
      "id" : 35,
      "name" : "Comedy"
    } ]
  }, {
    "id" : 62115,
    "title" : "Le frère André",
    "overview" : "",
    "genres" : [ {
      "id" : 18,
      "name" : "Drama"
    }, {
      "id" : 36,
      "name" : "History"
    } ]
  }, {
    "id" : 62120,
    "title" : "L'enfant prodige",
    "overview" : "On the keyboard, the young hands fly rapidly and the melody rises. For the child, nothing is easier; he hears the sounds in his head. These hands belong to 6 years old André Mathieu. He won his audiences and fired up concerts halls in London, New York, Paris and around the world. Adulated, hailed, praised, the child prodigy seemed to have everything to succeed. From the top of his vertiginous successes, to depths of torment, the life of the \"Little Canadian Mozart\" blends into his music. A romantic and passionate composer wishing for happiness, his story is nevertheless played on tragic notes.",
    "genres" : [ {
      "id" : 18,
      "name" : "Drama"
    }, {
      "id" : 35,
      "name" : "Comedy"
    }, {
      "id" : 10769,
      "name" : "Foreign"
    } ]
  }, {
    "id" : 62130,
    "title" : "El Big Bang de Tunguska",
    "overview" : "",
    "genres" : [ {
      "id" : 99,
      "name" : "Documentary"
    } ]
  }, {
    "id" : 62135,
    "title" : "Short Order",
    "overview" : "SHORT ORDER tells a story so vibrantly sumptuous each still could be served as its own meal. Amidst the quaint Parisian street night, Fifi Koko runs a petty short order diner. Although her name is famous in chef circles she has placed her uncanny culinary skills on the back burner as she falls prey to an existential quagmire that fears her talent shall not overcome the expectations her reputation has sown. The late hours play out as Fifi must face her talent and unrequited love for a friend, while a collective stream of colorful creatures of the night make through Fifi's consciousness to feed her with temptation, insight, and humor on the path of her life-defining decision.",
    "genres" : [ {
      "id" : 18,
      "name" : "Drama"
    }, {
      "id" : 35,
      "name" : "Comedy"
    }, {
      "id" : 10749,
      "name" : "Romance"
    }, {
      "id" : 10769,
      "name" : "Foreign"
    } ]
  }, {
    "id" : 62140,
    "title" : "Unmasked with George Carlin",
    "overview" : "An intimate one hour conversation with the comedy icon; exclusive to the 'All My Stuff' box set, that was taped in April of 2007 as the premiere episode of XM Satellite Radio’s Unmasked series.",
    "genres" : [ {
      "id" : 35,
      "name" : "Comedy"
    }, {
      "id" : 99,
      "name" : "Documentary"
    } ]
  }, {
    "id" : 62170,
    "title" : "My Charlotte",
    "overview" : "A self medicated polymath's best reality lays somewhere between the real world and what's inside of his head. His latest muse taunts him as he tries to bring her to life.",
    "genres" : [ ]
  }, {
    "id" : 62180,
    "title" : "Plop Gaat Trouwen",
    "overview" : "",
    "genres" : [ {
      "id" : 35,
      "name" : "Comedy"
    }, {
      "id" : 10751,
      "name" : "Family"
    }, {
      "id" : 12,
      "name" : "Adventure"
    } ]
  }, {
    "id" : 62185,
    "title" : "Death Before Dishonor",
    "overview" : "Gunnery Sergeant Burns reports for duty to an American Embassy in the Middle East. However due to the 'enlightened' views of the Ambassador, the marine security detachment he is in charge of is severely restricted in their functions and presence to avoid upsetting the host government. As a result, when terrorists attack the compound, they are able to kidnap hostages and escape with little opposition. Burns ignores the Ambassador's restrictions, and throws the rule books out the window, as he becomes a one man army in an attempt to rescue the hostages, and wipe out the terrorists.",
    "genres" : [ {
      "id" : 18,
      "name" : "Drama"
    }, {
      "id" : 28,
      "name" : "Action"
    } ]
  }, {
    "id" : 62190,
    "title" : "American Gun",
    "overview" : "A brilliant story with an unexpected twist. A father uses the serial number on a hand gun in an attempt to track down his daughter's killer. The truth he uncovers is an unsettling reminder of the dangers of keeping handguns. Stars the legendary James Coburn and the incredibly gifted Virginia Madsen. Written and directed by Alan Jacobs.",
    "genres" : [ {
      "id" : 18,
      "name" : "Drama"
    } ]
  }, {
    "id" : 62195,
    "title" : "Narrenspiel",
    "overview" : "",
    "genres" : [ {
      "id" : 53,
      "name" : "Thriller"
    } ]
  }, {
    "id" : 62200,
    "title" : "Anthony Kavanagh - Kavanagh!",
    "overview" : "",
    "genres" : [ {
      "id" : 35,
      "name" : "Comedy"
    } ]
  }, {
    "id" : 62215,
    "title" : "Melancholia",
    "overview" : "Two sisters find their already strained relationship challenged as a mysterious new planet threatens to collide with Earth.",
    "genres" : [ {
      "id" : 18,
      "name" : "Drama"
    }, {
      "id" : 878,
      "name" : "Science Fiction"
    } ]
  }, {
    "id" : 62220,
    "title" : "Da Vinci Tracking the Code",
    "overview" : "When THE DA VINCI CODE, written by Dan Brown, was launched on an unsuspecting literary world, few would have predicted the publishing phenomenon that this incredible book was destined to become. However, mention THE DA VINCI CODE today, just about anywhere, and you’ll find that everyone has heard of it and the majority have read it! This would be remarkable enough if THE DA VINCI CODE was purely a work of fiction, but the interwoven facts, that are indeed the backbone of the novel, put it in a class of its own. Yet the history, paintings and locations that inspired Dan Brown’s tale are equally as fascinating as the book itself, and this program has been devised to take you on an intriguing journey of discovery in search of the facts behind the fiction.",
    "genres" : [ {
      "id" : 99,
      "name" : "Documentary"
    } ]
  }, {
    "id" : 62225,
    "title" : "Men Suddenly in Black 2",
    "overview" : "",
    "genres" : [ {
      "id" : 35,
      "name" : "Comedy"
    } ]
  }, {
    "id" : 62230,
    "title" : "Polisen i Strömstad: Polisen som vägrade ta semester",
    "overview" : "",
    "genres" : [ ]
  }, {
    "id" : 62235,
    "title" : "Daffy Duck Frustrated Fowl",
    "overview" : "Daffy Duck: Frustrated Fowl was released in conjunction with Bugs Bunny: Hare Extraordinaire None of these shorts have been released on disc before, and Chuck Jones's \"Daffy Dilly\" (1948) is a welcome addition to any cartoon library. Daffy sets out to win the money a gloomy millionaire is offering to anyone who can make him laugh--and succeeds in spite of himself. But many of these cartoons are, simply, duds. \"This Is a Life?\" (1955), \"People Are Bunny\" (1959), and \"Person to Bunny\" (1960) spoof largely forgotten TV shows. How many viewers under 65 will recognize caricatures of Art Linkletter and Edward R. Murrow? The films pitting Daffy against Bugs play like weak remakes of Jones's \"Rabbit Fire\" trilogy or Friz Freleng's \"Show Biz Bugs\"--\"Person to Bunny\" even repeats some of Daffy's tap dance to \"Jeepers Creepers\" in \"Show Biz.\" The very late \"Suppressed Duck\" (1965) is painfully unfunny. Once again, some of the films have been inexplicably cropped to simulate a widescreen format.",
    "genres" : [ {
      "id" : 16,
      "name" : "Animation"
    }, {
      "id" : 35,
      "name" : "Comedy"
    }, {
      "id" : 10751,
      "name" : "Family"
    } ]
  }, {
    "id" : 62240,
    "title" : "Jack Nicklaus Golf My Way",
    "overview" : "Jack Nicklaus' insights and instruction broken down through playing lessons that focus on various aspects of the game and appeal to golfers of all skill levels. The footage, much of which was filmed 25 years ago in the midst of Nicklaus' record-setting career",
    "genres" : [ ]
  }, {
    "id" : 62245,
    "title" : "The Road Runner Show",
    "overview" : "The desert in the U.S. southwest is the natural habitat of the Road Runner, a high-octane, cartoon bird who runs so fast on the desert's roadways that he leaves a trail of flame or causes pavement to ripple, distort, or roll up like a carpet. This speedy bird is unrelentingly chased by a hungry coyote named Wile E., who, though believing himself to be a genius, repeatedly fails to catch the Road Runner with his endless supply of ACME Corporation gadgets, weapons, and other paraphernalia. Episodes of this television series contain three theatrical cartoons, one with the Road Runner and Wile E. Coyote, one with Tweety Bird and Sylvester Cat, and one with other characters from Warner Brothers' cartoon classics.",
    "genres" : [ {
      "id" : 16,
      "name" : "Animation"
    } ]
  }, {
    "id" : 62250,
    "title" : "Kunstfilm",
    "overview" : "A spoof of other \"very artistic short films\".",
    "genres" : [ ]
  }, {
    "id" : 62255,
    "title" : "Tracker",
    "overview" : "An ex-Boer war guerrilla in New Zealand is sent out to bring back a Maori accused of killing a British soldier. Gradually they grow to know and respect one another but a posse, led by the British Commanding officer is close behind and his sole intention is to see the Maori hang. Written by Filmfinders 1903. A guerilla fighter from the South African Boer war called Arjan (Winstone) takes on a manhunt for Maori seaman Kereama (Morrison), who is accused of murdering a British soldier. What follows is a cat and mouse pursuit through the varied landscape of NZ with both hunter and huntee testing their bushcraft and wits against that of the other. Written by Anonymous",
    "genres" : [ {
      "id" : 28,
      "name" : "Action"
    }, {
      "id" : 18,
      "name" : "Drama"
    }, {
      "id" : 53,
      "name" : "Thriller"
    }, {
      "id" : 12,
      "name" : "Adventure"
    } ]
  }, {
    "id" : 62265,
    "title" : "A Place to Grow",
    "overview" : "Following his brother's death, a musician returns home to the farm. He intends to sell it, but over the course of his visit, develops an appreciation for the hands-on, old-style method of farming that goes on there. As he spends more time on the farm, he begins to suspect that his brother's death might not have occurred the way he'd first thought, and that foul play might have been involved. A heart-rending drama of love, loss, and the value of family, A Place to Grow will touch your heart. Starring stage and screen stalwart, Wilford Brimley (The Natural, In &amp; Out).",
    "genres" : [ {
      "id" : 18,
      "name" : "Drama"
    } ]
  }, {
    "id" : 62275,
    "title" : "Spanish Freak",
    "overview" : ".",
    "genres" : [ ]
  }, {
    "id" : 62280,
    "title" : "Chek",
    "overview" : "Сюжет этого авантюрно - приключенческого фильма закручен вокруг банковского чека на 5 миллионов долларов. Его стремятся заполучить во что бы то ни стало и крутые мафиози, и милиция, и даже... трое подростков - юный русский богатырь Илья, казахский компьютерный вундеркинд Акежан и девочка Соня. Акежану нужна срочная дорогостоящая операция, поэтому ребята и решились на это опасное и рискованное дело.",
    "genres" : [ {
      "id" : 28,
      "name" : "Action"
    }, {
      "id" : 10751,
      "name" : "Family"
    }, {
      "id" : 12,
      "name" : "Adventure"
    } ]
  }, {
    "id" : 62285,
    "title" : "Cherta",
    "overview" : "О непростой жизни десятилетнего детдомовского мальчика Егора и окружающих его взрослых людях. Бизнесом Комаровым – приемным отцом Егора – интересуется бандитская группировка. Нанятый ими профессиональный киллер оказывается родным отцом мальчика. Комарову чудом удается выжить. Но он остается с внешностью и документами неудачливого убийцы...",
    "genres" : [ {
      "id" : 80,
      "name" : "Crime"
    }, {
      "id" : 18,
      "name" : "Drama"
    } ]
  }, {
    "id" : 62290,
    "title" : "Evropejskij Konvoj",
    "overview" : "Трое выходцев из бывшего СССР совершают дерзкое ограбление немецкого банка. Разложив по сумкам триста тысяч евро и взяв в заложницы служащую банка, бандиты отправляются через Польшу на Украину. Ситуация осложняется тем, что на одной из польских бензозаправок им приходится взять в заложницы еще одну женщину. Теперь перед органами правопорядка трех стран - Германии, Польши и Украины - стоит непростая задача: обезвредить преступников, не причинив вреда заложницам.",
    "genres" : [ {
      "id" : 28,
      "name" : "Action"
    }, {
      "id" : 80,
      "name" : "Crime"
    }, {
      "id" : 18,
      "name" : "Drama"
    } ]
  }, {
    "id" : 62295,
    "title" : "Vaniglia e cioccolato",
    "overview" : "",
    "genres" : [ {
      "id" : 18,
      "name" : "Drama"
    }, {
      "id" : 10749,
      "name" : "Romance"
    } ]
  }, {
    "id" : 62300,
    "title" : "03:34 Earthquake in Chile",
    "overview" : "The movie shows three stories of people that was affected by the disaster.  The first of them, shows a woman (Andrea Freund) that goes from Pichilemu, O'Higgins Region, to the devastated town of Dichato, Biobío Region, as her sons were there spending their vacations there with Manuel (Marcelo Alonso), their father.  The second story shows the experience of a convict (Fernando Gómez-Revira), who escapes from the Chillán Prison to Concepción, as his daughter was in the Alto Río building, which collapsed during the earthquake.  The third story is developed in Dichato, where a group of young people (Loreto Aravena, Eduardo Paxeco, and Andrés Reyes), while enjoying their last day of vacations in a party, experience the strong movement and tsunami that annihilates the place.",
    "genres" : [ ]
  }, {
    "id" : 62315,
    "title" : "Kak By Ne Tak",
    "overview" : "Тихий провинциальный городок, где мирно уживаются менты и бандиты, потрясен неожиданным происшествием. На трассе расстрелян неизвестными \"Мерседес\", принадлежавший крупному бандитскому авторитету по кличке Старик (Н. Чиндяйкин). Старик вез при себе целый чемодан денег. Деньги исчезли. Все подозревают всех, но главное подозрение падает на женщину-врача по имени Марина (Дина Корзун), благородно подобравшую на дороге раненого Старика. Марина - врач областной больницы, оказывается в центре криминальной разборки...",
    "genres" : [ {
      "id" : 35,
      "name" : "Comedy"
    }, {
      "id" : 80,
      "name" : "Crime"
    } ]
  }, {
    "id" : 62320,
    "title" : "Home",
    "overview" : "With aerial footage from 54 countries, Home is a depiction of how the Earth's problems are all interlinked.",
    "genres" : [ {
      "id" : 99,
      "name" : "Documentary"
    } ]
  }, {
    "id" : 62325,
    "title" : "Bhutto",
    "overview" : "BHUTTO is the definitive documentary that chronicles the life of one of the most complex and fascinating characters of our time. Hers is an epic tale of Shakespearean dimension. It’s the story of the first woman in history to lead a Muslim nation: Pakistan. Newsweek called it the most dangerous place in the world, and the home of nuclear war heads and the Taliban.",
    "genres" : [ {
      "id" : 99,
      "name" : "Documentary"
    } ]
  }, {
    "id" : 62330,
    "title" : "The Spook Who Sat by the Door",
    "overview" : "A black man plays Uncle Tom in order to gain access to CIA training, then uses that knowledge to plot a new American Revolution.",
    "genres" : [ {
      "id" : 28,
      "name" : "Action"
    }, {
      "id" : 18,
      "name" : "Drama"
    }, {
      "id" : 80,
      "name" : "Crime"
    } ]
  }, {
    "id" : 62335,
    "title" : "12 Winter",
    "overview" : "Based on one of the most spectacular series of bank robberies in Germany, Zwölf Winter tells the story of Klaus and Mike, two criminals who became friends in prison. When they happen to meet each other again after they have been released they begin to plan the perfect bank robbery, and it seems to work. For twelve years the two keep on robbing banks, always in winter. The police are in the dark for years. But they won't stick to their guns...",
    "genres" : [ {
      "id" : 80,
      "name" : "Crime"
    } ]
  }, {
    "id" : 62340,
    "title" : "Mariah Carey - The Adventures of Mimi",
    "overview" : "Mariah Carey, the top-selling female artist of all time with sales of over 160 million units worldwide, took her newest show on the road in 2006 for the first time in more than three years. The Adventures of Mimi, her most successful tour ever, shaped up to be a grand celebration, drawing on songs—many performed for the first time ever—from her 15-year career. Shot in High Definition and recorded in Digital Surround Sound, this large-scale, sold-out arena production, produced by legendary Award Winning Producer Ken Ehrlich, is your all-access pass to see Mariah belt out everything from power ballads to hip-hop tracks. It is a fantasy come true to see and hear an artist of this magnitude touch the hearts and souls of so many with her famous five-octave voice.",
    "genres" : [ {
      "id" : 10402,
      "name" : "Music"
    } ]
  }, {
    "id" : 62345,
    "title" : "The Best British Rock Concert Of All Time: Live At Knebworth",
    "overview" : "On the 30th June 1990 in the grounds of Knebworth House a concert was staged to raise funds for Nordoff-Robbins Music Therapy and the Brit School For Performing Arts. It has since been heralded as the \"best British rock concert of all time\". The breathtaking performing line-up was drawn entirely from acts who had been recipients of the prestigious Sliver Clef Award presented annually by Nordoff-Robbins Music Therapy for outstanding services to the British Music Industry. All the artists gave their time and performances for free in order to support the charity and this 20th Anniversary deluxe edition will continue to raise funds so that they can continue their invaluable work.",
    "genres" : [ {
      "id" : 10402,
      "name" : "Music"
    }, {
      "id" : 99,
      "name" : "Documentary"
    } ]
  }, {
    "id" : 62355,
    "title" : "Kane - Live '05",
    "overview" : "Tracklisting DVD 1: Almere Live 05 August 13: Go / Something To Say / Taurus / Don't Let It Pass You By / Mother / So Glad You Made It / Before You Let Me Go / Believe It / Let It Be / Master Of The Game / Dreamer / Damn Those Eyes / Rain Down On Me / All I Can Do / Where Do I Go Now / Fearless / Love For The Sake Of Life",
    "genres" : [ ]
  }, {
    "id" : 62365,
    "title" : "The Long Night of '43",
    "overview" : "In the midst of World War II, the story of the affair of a young woman, married to a man bound to a wheelchair, with a desertor from the Italian army, intertwines with that of the grab of power of a very fanatical local fascist leader, who gets the hold with a massacre of Pacific opposers, among them, the father of the young desertor. Oppresive fog covers both dramas, as a reminder of how values such as courage, love and truth are fading.",
    "genres" : [ {
      "id" : 10752,
      "name" : "War"
    }, {
      "id" : 18,
      "name" : "Drama"
    }, {
      "id" : 10749,
      "name" : "Romance"
    } ]
  }, {
    "id" : 62370,
    "title" : "Catblue: Dynamite",
    "overview" : "",
    "genres" : [ ]
  }, {
    "id" : 62375,
    "title" : "Mischief 3000",
    "overview" : "Mischief 3000\" is the second coming after the huge success of the first \"Teckademics\" movie, \"Mischief\". The movie features the Gumball 3000 underground rally across the country; 5 day race from NYC to LA! Includes stops in Graceland, Dallas, and Las Vegas. Exotics pushing 200mph on public roads! The \"Mischief\" guys Dustin and Dado participate in the event in a 1999 BMW M3",
    "genres" : [ {
      "id" : 99,
      "name" : "Documentary"
    } ]
  }, {
    "id" : 62380,
    "title" : "Podari Mne Schastye",
    "overview" : "Дина мечтает петь, а Эль мечтает окунуться в наполненный красками, настоящими чувствами и эмоциями мир людей. Любовь к жизни настолько сильна, что Эль готова отдать свой сказочный голос Дине и остаться пусть неполноценным, но земным человеком…",
    "genres" : [ {
      "id" : 35,
      "name" : "Comedy"
    }, {
      "id" : 10749,
      "name" : "Romance"
    }, {
      "id" : 18,
      "name" : "Drama"
    } ]
  }, {
    "id" : 62385,
    "title" : "The Little Girl Who Conquered Time",
    "overview" : "Yoshiyama Kazuko is in the 3rd grade of junior high. One day, she's cleaning in the laboratory, she notices of the smell of lavender, and fainted. Since then, she acquires a mysterious power to travel time.",
    "genres" : [ {
      "id" : 878,
      "name" : "Science Fiction"
    }, {
      "id" : 10749,
      "name" : "Romance"
    } ]
  }, {
    "id" : 62390,
    "title" : "A Piece of Our Life",
    "overview" : "The story of the relationship between a college student whose relationship with her boyfriend is going nowhere and a bisexual medical artist who makes prosthetic body parts. Haru is a college student ignored by her boyfriend yet believes she is still in love with him. One day at a café, Haru meets Riko, a medical artist (prosthetist) who creates body parts in order to disguise clients’ missing pieces, lost due to accident or disease. Both were alone, but struck up an immediate friendship and closeness. Riko doesn't care about gender when it comes to relationships, and believes that love itself is the most important thing a human can achieve. Haru struggles in her life between friendship and a deeper relationship with Riko.",
    "genres" : [ ]
  }, {
    "id" : 62395,
    "title" : "The Miracle of Marcelino",
    "overview" : "Left on the doorstep of a monastery as an infant, Marcelino was raised by the monks. He was well-cared for but lonely and missed having a mother. One day he found a special friend in the forbidden attic, hanging on a cross. A friend that would repay Marcelino's kindness by granting him one heart-felt wish.",
    "genres" : [ {
      "id" : 18,
      "name" : "Drama"
    }, {
      "id" : 35,
      "name" : "Comedy"
    } ]
  }, {
    "id" : 62400,
    "title" : "Antonio, guerriero di Dio",
    "overview" : "",
    "genres" : [ {
      "id" : 18,
      "name" : "Drama"
    }, {
      "id" : 36,
      "name" : "History"
    } ]
  } ]
}