{
  "movies" : [ {
    "id" : 92940,
    "title" : "Perry Mason: The Case of the Wicked Wives",
    "overview" : "Anthony Caruso, an old friend of Perry Mason, comes to Denver on the request of Dee Morrison. She's married to famed photographer David Morrison, who wants to shoot a photo featuring his former models. The tricky thing is that all of his former models are also his former wives. But Dee knows Anthony can convince them to do it which he does. And David shoots them. Later Dee catches David it what appears to be in an inappropriate situation with his assistant. They have an argument and she leaves. Later David is found dead and she's arrested and Anthony defends her. And he suspects it could have been one of the wives",
    "genres" : [ {
      "id" : 18,
      "name" : "Drama"
    }, {
      "id" : 53,
      "name" : "Thriller"
    } ]
  }, {
    "id" : 92950,
    "title" : "Wife! Be Like a Rose!",
    "overview" : "Tokyo salary girl lives with very serious bluestocking haiku writing mother. Salary girl seeks to marry the attendant dish but needs absent father to act as go-between...",
    "genres" : [ {
      "id" : 18,
      "name" : "Drama"
    } ]
  }, {
    "id" : 92955,
    "title" : "The Angry Street",
    "overview" : "The Angry Street includes a great deal of location shooting in the rebuilt city, including downtown streets, residential neighborhoods, the campus of the University of Tokyo, and the high life of jazzy dance halls. Sudo (Hara Yasumi) and Mori (Uno Jukichi) are two university students who make money by picking up rich girls in dance clubs and conning them into giving them cash. Mori is the brains of the operation, and Sudo is the suave dancer who picks up the girls. Over the course of the film, Sudo becomes involved with three different girls and is drawn into the gangster milieu, which he seems unable to resist even though he is responsible for his mother, grandmother, and sister, Masako (Wakayama Setsuko). In this world of bad boys and girls, Masako is the pillar of strength and moral virtue who finally enables Mori to straighten out.",
    "genres" : [ ]
  }, {
    "id" : 92965,
    "title" : "The Shore",
    "overview" : "The story of Joe and Paddy, whose childhood friendship is shattered by the troubles in Northern Ireland. Twenty five years later they are reunited.",
    "genres" : [ {
      "id" : 35,
      "name" : "Comedy"
    }, {
      "id" : 18,
      "name" : "Drama"
    } ]
  }, {
    "id" : 92975,
    "title" : "Monday Morning",
    "overview" : "Thomas Bach is on top of his game. A popular right-wing radio talk-show host and a hero of the Tea Party Movement, he is hand picked to run for the U.S. Senate. But first he must fly to Los Angeles and clean up some dirty laundry that might damage his campaign.  A victim of an attack, Thomas wakes up on the streets of Los Angeles without his memory. He is also unaware that he is a diabetic. He now wanders Skid Row, inevitably blending in with the homeless population, and without medication, his life is at risk.",
    "genres" : [ {
      "id" : 18,
      "name" : "Drama"
    }, {
      "id" : 10769,
      "name" : "Foreign"
    } ]
  }, {
    "id" : 92980,
    "title" : "Ryûji",
    "overview" : "Ryuji tries quitting the yakuza to actively support his wife and daughter; as he's used to easy money, it's a difficult transition.",
    "genres" : [ {
      "id" : 80,
      "name" : "Crime"
    }, {
      "id" : 18,
      "name" : "Drama"
    }, {
      "id" : 10749,
      "name" : "Romance"
    } ]
  }, {
    "id" : 92990,
    "title" : "Yellow Earth",
    "overview" : "Yellow earth focuses on the story of a Communist soldier who is sent to the countryside to collect folk songs for the Communist Revolution. There he stays with a peasant family and learns that the happy songs he was sent to collect do not exist; the songs he finds are about hardship and suffering. He returns to the Army, but promises to come back for the young girl, Cuiqiao, who has been spellbound by his talk of the freedom women have under Communist rule and who wants to join the Communist Army.",
    "genres" : [ {
      "id" : 18,
      "name" : "Drama"
    } ]
  }, {
    "id" : 93030,
    "title" : "Eldorado",
    "overview" : "The Stranger, a tall striking creature dressed in white sets into motions a series of events whilst reciting the Edgar Allen Poe Poem \"Eldorado\", which will have an effect on those heading towards the mythical city.",
    "genres" : [ {
      "id" : 35,
      "name" : "Comedy"
    }, {
      "id" : 27,
      "name" : "Horror"
    }, {
      "id" : 37,
      "name" : "Western"
    } ]
  }, {
    "id" : 93055,
    "title" : "Chuck Jones: Memories of a Childhood",
    "overview" : "In an interview at age 84, Chuck Jones (1912-2000) talks about his life, particularly his childhood: he describes an adventurous uncle; his mother, who never said no; his father, a critical and abusive man who had his uses; Chuck's going to art school and studying the human body; success as an animator; and, old age. As he talks, we also see clips from his work, we watch him draw, and simple animation illustrates parts of his story. He talks about growing up on Sunset Boulevard, going to the beach, his enjoyment of Mark Twain, his mother's loving creativity, the connection of his personality to some of his cartoon characters, and the joy of being alive.",
    "genres" : [ {
      "id" : 99,
      "name" : "Documentary"
    } ]
  }, {
    "id" : 93075,
    "title" : "Boz Scaggs: Greatest Hits Live",
    "overview" : "Singer-songwriter-guitarist Boz Scaggs has kept a fairly low profile since his heyday in the '70s and '80s--a circumstance more than rectified with Greatest Hits Live, a great-looking, great-sounding concert recorded in San Francisco in 2004. For the most part, this is Silk Degrees-style Boz, drawing from a large catalog that favors ballads (some quite lovely, like \"Harbor Lights,\" \"We're All Alone,\" and \"Look What You've Done to Me\") and deft pop-R&amp;B-jazz à la Steely Dan (albeit with more soul and less verbal wit and sophistication). But while \"Lido Shuffle,\" and other expected hits are here, so are several grittier, bluesier moments, including Earl King's \"It All Went Down the Drain\" and extended versions of the big band blues \"Runnin' Blue\" and the slow lament \"Loan Me a Dime\" (a tune from Scaggs's 1969 solo album that featured great guitar playing by the late Duane Allman).",
    "genres" : [ {
      "id" : 10402,
      "name" : "Music"
    } ]
  }, {
    "id" : 93085,
    "title" : "The Face and the Mask",
    "overview" : "Abdul Jabbar Khan directed this trailblazer in the history of our cinema. In 1953, at a cultural programme, a non-Bangalee movie producer remarked, \"The climate of this land is not fit for making movies.\" A worked up Jabbar decided to make a movie based on his play Dakaat right away. Making the movie was a challenge itself. The actors and most of the crewmembers had no experience in film; the shooting came to a standstill more than once due to floods. It took two years to wrap up the whole shooting process. The negative was then taken to Lahore for editing and printing and Jabbar was given a hard time there regarding the processing and bringing the final prints home. Eventually the movie starring Purnima, Ali Mansoor, Najma and others, saw the light of day on August 3, 1956 and we got our first \"talkie.\"",
    "genres" : [ {
      "id" : 18,
      "name" : "Drama"
    } ]
  }, {
    "id" : 93100,
    "title" : "Loss of Life",
    "overview" : "On October 31, 2011, in North Hollywood, California, a group of high school friends decided to document their halloween night out.  What they end up documenting is a horrific bloody attack that quickly becomes the worst night of their lives. This film is the compilation of the footage found that night.",
    "genres" : [ {
      "id" : 27,
      "name" : "Horror"
    } ]
  }, {
    "id" : 93115,
    "title" : "The 50 Worst Movies Ever Made",
    "overview" : "There are some movies that are so bad they're good. And there are some movies that are so bad- that they're just bad...",
    "genres" : [ {
      "id" : 99,
      "name" : "Documentary"
    } ]
  }, {
    "id" : 93120,
    "title" : "What on Earth?",
    "overview" : "No overview found.",
    "genres" : [ {
      "id" : 99,
      "name" : "Documentary"
    } ]
  }, {
    "id" : 93125,
    "title" : "Thank You, Mr. Lasseter",
    "overview" : "Lasseter-San, Arigato! depicts the 2002 trip by several employees of Studio Ghibli to promote the movie Sen to Chihiro no Kamikakushi (Spirited Away) in North America. It was originally made as a private thank-you gift from Ghibli to John Lasseter, the Lasseter-San of the title. The show appears similar to a home movie, or private documentary.  This footage includes snippets from some of Miyazaki's films, as well as some Pixar shorts. The most striking part were clips from Porco Rosso, interchanging with images of Miyazaki flying a red double-decker.",
    "genres" : [ {
      "id" : 99,
      "name" : "Documentary"
    }, {
      "id" : 16,
      "name" : "Animation"
    } ]
  }, {
    "id" : 93140,
    "title" : "Being Different",
    "overview" : "A tribute to the spirit and humanity of people who are physically different from the average: very tall and very large men and women, a bearded woman and her long-time husband, Siamese twins joined at the midsection, and several little people including actor Billy Barty. We meet some at Gibsonton, Florida, where carnival folk winter. They talk about their lives and accomplishments. The camera also goes on the road to visit a grandfather with a distinctive face, a legless mechanic from Kentucky on a second honeymoon in LA, a marathon runner and motivational speaker who has no feet, a karate student with partial limbs, and an armless, down-to-earth mom in Texas.",
    "genres" : [ {
      "id" : 99,
      "name" : "Documentary"
    } ]
  }, {
    "id" : 93155,
    "title" : "Babes Illustrated 19: Generation XXX",
    "overview" : "Taylor, the owner of the Babes Illustrated franchise has died. One year later, the company is in shambles as her ex-lover, Denise has managed to snatch the company out from under the nose of Taylor's daughter Amy. The story takes us through Amy's struggle to try and regain control of her mother's empire while Denise tries to run it into the ground through sex, lies, and betrayals.",
    "genres" : [ ]
  }, {
    "id" : 93160,
    "title" : "Babes Illustrated 13",
    "overview" : "Award-winning director James Avalon gives us a behind-the-scenes look into the ultra-glam life of super-nude model Nadine (Ann Marie). Watch as an obsessed documentary film-maker interviews Nadine's closest friends and associates, staging a series of erotic encounters portraying the mysterious brunette at her sensual best. Avalon gives Babes Illustrated an unexpected twist, king of like 2 gorgeous bikini-clad beauties bathing on a snowy beach!",
    "genres" : [ ]
  }, {
    "id" : 93165,
    "title" : "Babes Illustrated 2",
    "overview" : "Babes in Paradise The Babes of Cal Vista are back, and hotter than ever. This time around they've found paradise. Where you ask? Where else? In that warm and moist little garden nestled between the creamy thighs of some of the most outrageously randy honeys this side of heaven! These girls just can't get enough, but then, how could you get enough of the likes of Kaitlyn Ashley, or luscious newcomer Sylvia Ryder? So jump on in, paradise is as close as your DVD.",
    "genres" : [ ]
  }, {
    "id" : 93175,
    "title" : "The Man Who Wouldn't Talk",
    "overview" : "American scientist Dr. Frank Smith is brought to Britain to help the C.I.A. There is a defecting East block scientist they want him to debrief. The commies are less than amused and set Dr. Smith up for a murder.  Zsa Zsa Gabor plays one of the CIA agents.",
    "genres" : [ {
      "id" : 80,
      "name" : "Crime"
    }, {
      "id" : 18,
      "name" : "Drama"
    } ]
  }, {
    "id" : 93180,
    "title" : "The Electric Chair",
    "overview" : "The murder of an innocent, happy couple leads to a courtroom trial that would sentence the killer to death, but who really did it?",
    "genres" : [ {
      "id" : 80,
      "name" : "Crime"
    }, {
      "id" : 18,
      "name" : "Drama"
    } ]
  }, {
    "id" : 93195,
    "title" : "Another Silence",
    "overview" : "Marie is a Toronto police officer. One evening, her husband Joshua and their son Nicky are brutally murdered in their car. Marie quickly links Pablo Molina, an Argentinian drug trafficker who she'd arrested a few months earlier, with the crime. In despair, Marie heads to Argentina on the tracks of the killer. A journey of revenge and a journey to come to terms with her loss.",
    "genres" : [ {
      "id" : 18,
      "name" : "Drama"
    } ]
  }, {
    "id" : 93200,
    "title" : "Babes Illustrated 12",
    "overview" : "That's right , two sets of twin sisters means 4 X the pussy and one hell of a headache tring to figure out who's who!We're here to double your pleasure in the latest episode of our award-winning all-girl group grope, and what better way to do it than with 2 sets of scorching-hot twin sisters! Add to the equation plenty of toys, titties and tasty twats and you've got yourself one amazing pussy party!",
    "genres" : [ ]
  }, {
    "id" : 93210,
    "title" : "Babes Illustrated 7",
    "overview" : "Hot Models...String bikinis...Luscious backdrops...Have you ever wanted to know what goes on behind the scenes of a photo shoot for a sexy, new swimwear calendar? Take a peek at Babes Illustrated 7: The Swimsuit Edition, and you'll find a whole new meaning for the phrase, \"lights, camera, action!\" What begins as an all-day photo shoot quickly turns into an all-day, all-nude body romp when eight gorgeous models, a lusty make-up artist, and a sex-crazed female photographer get together on the Babes set. Add oil and water, and the recipe for sex is complete! Grab a ringside seat for this all-girl Sextravaganza, and your insider's view to the world of high fashion can be summed up in three words: Hot, Wet, and Wild!",
    "genres" : [ ]
  }, {
    "id" : 93215,
    "title" : "The First Turn-On!",
    "overview" : "A group of teenage summer campers and one counselor share the stories of their first sexual experiences when an avalanche traps them in a cave...",
    "genres" : [ {
      "id" : 35,
      "name" : "Comedy"
    } ]
  }, {
    "id" : 93225,
    "title" : "Beautiful Stranger",
    "overview" : "Sometimes the beauty of a stranger can elicit the depravity of a soul. In perhaps her darkest piece yet, director and AVN Best Actress winner Kimberly Kane portrays a voyeuristic loner lost in a feverish obsession with lady of the night Savanna Samson...who is unaware of her captivated admirer. Isolation and lust control Kimberly's mind as she falls deeper and deeper into the beautiful and sometimes uncontrollable world of her innermost thoughts. Enter this world...and witness the perversity that transpires when Beautiful Strangers meet.",
    "genres" : [ ]
  }, {
    "id" : 93230,
    "title" : "Nobel's Last Will",
    "overview" : "While covering the annual Nobel Banquet for tabloid Kvällspressen, crime reporter Annika Bengtzon witnesses a spectacular murder right in front of her. Two people are shot, one of them the controversial Laureate in Medicine, Aaron Wiesel. Annika is the key witness and is bound by the police not to disclose anything she has seen. A terrorist group with connections to the Middle East quickly admits responsibility for the murder. International press is all over the story, as are the police.",
    "genres" : [ {
      "id" : 18,
      "name" : "Drama"
    }, {
      "id" : 53,
      "name" : "Thriller"
    } ]
  }, {
    "id" : 93240,
    "title" : "Briana Extreme",
    "overview" : "After going through hundreds of fan request, Briana picks the five kinkiest, hottest, anal, dp, ass-eating, cum-drenched request ... and performs them as only B. Skow can capture.",
    "genres" : [ ]
  }, {
    "id" : 93255,
    "title" : "Breaking Benjamin Live:  The Homecoming",
    "overview" : "Breaking Benjamin Live - The Homecoming Get ready for Breaking Benjamin, one of the most fresh and exciting bands in the Modern Rock scene, performing live in Bethlehem, Pennsylvania, where it all began. Theses east coast alt-rockers perform songs from their platinum album We Are Not Alone in addition to their recent release, Phobia, in front of a sold-out hometown crowd at Stabler Arena.",
    "genres" : [ ]
  }, {
    "id" : 93260,
    "title" : "Body of War",
    "overview" : "Documentary about Tomas Young, a 25 year old veteran who got paralyzed in Iraq and became an peace activist.",
    "genres" : [ {
      "id" : 99,
      "name" : "Documentary"
    }, {
      "id" : 10752,
      "name" : "War"
    } ]
  }, {
    "id" : 93265,
    "title" : "Emilie Jolie",
    "overview" : "With the help of the Little Stone, the Hedgehog and the Great Bird, Emilie saves little blue rabbit Gilbert and the fantasy world. Throughout her adventure, she discovers the value of courage, friendship and generosity.",
    "genres" : [ {
      "id" : 16,
      "name" : "Animation"
    } ]
  }, {
    "id" : 93275,
    "title" : "The Cure: 4Play in Charlotte",
    "overview" : "The Multi-platinum, ground breaking British band that defined a decade as the quintessential musical voice of the 80′s, The Cure, perform at Time Warner Cable Arena in Charlotte , North Carolina.",
    "genres" : [ ]
  }, {
    "id" : 93280,
    "title" : "Shimana Periye",
    "overview" : "A disastrous cyclone strands a rich girl and a poor man on a secluded island.",
    "genres" : [ {
      "id" : 18,
      "name" : "Drama"
    }, {
      "id" : 10749,
      "name" : "Romance"
    } ]
  }, {
    "id" : 93285,
    "title" : "Gun Town",
    "overview" : "A group of friends go on a road trip soon after their high school graduation and get lost in the middle of nowhere. They stumble upon an abandoned Wild West tourist attraction that was abandoned when the former owner went crazy and killed several customers. The friends are captured and murdered one-by-one - could the crimes be the doing of the former owner who was just released from the state mental hospital after serving thirty years and will anyone escape from the maniacal killer?",
    "genres" : [ {
      "id" : 18,
      "name" : "Drama"
    }, {
      "id" : 27,
      "name" : "Horror"
    }, {
      "id" : 28,
      "name" : "Action"
    }, {
      "id" : 53,
      "name" : "Thriller"
    } ]
  }, {
    "id" : 93290,
    "title" : "The Ominous House",
    "overview" : "Jointly directed by Mashihuddin Shaker and Sheikh Niamat Ali, the film denotes realism in the most unpretentious way like Satyajit Ray's classic Pother Panchali does. Among films that were financed by the Bangladesh government, this was the first to be released. Set in the post World War II era, the movie depicts the eternal struggles of the exploited poor in our country who often become drifters. Rowshan Jamil, Dolly Anwar, Keramat Moula, and Elora Gohar played the major characters in the movie, which received several National Awards.",
    "genres" : [ {
      "id" : 18,
      "name" : "Drama"
    } ]
  }, {
    "id" : 93320,
    "title" : "Bollywood Calling",
    "overview" : "An alcoholic, cancer-ridden American film-maker decides to produce a Bollywood movie.",
    "genres" : [ {
      "id" : 35,
      "name" : "Comedy"
    }, {
      "id" : 18,
      "name" : "Drama"
    }, {
      "id" : 10402,
      "name" : "Music"
    } ]
  }, {
    "id" : 93335,
    "title" : "Desert Victory",
    "overview" : "A featureless land fit only for war, as the narrator, J. L. Hodson stated in the early scenes: \"If war was to be fought then let it begin here\". In endless miles of rock-strewn scrub desert, where civilians hardly existed. Desert Victory tells the story of the Allied campaign to drive Germany and Italy from North Africa is analysed, with the major portion of the film examining the battles at El Alamein, including some re-enactment. Won \"Best Documentary Feature\" at the 16th Academy Awards in 1944.",
    "genres" : [ {
      "id" : 10752,
      "name" : "War"
    }, {
      "id" : 99,
      "name" : "Documentary"
    } ]
  }, {
    "id" : 93350,
    "title" : "No Looking Back",
    "overview" : "Charlie returns to his old town where he meets his ex-girlfriend again and tries to get her back.",
    "genres" : [ {
      "id" : 18,
      "name" : "Drama"
    }, {
      "id" : 35,
      "name" : "Comedy"
    }, {
      "id" : 10749,
      "name" : "Romance"
    } ]
  }, {
    "id" : 93355,
    "title" : "CantaJuego 3",
    "overview" : "",
    "genres" : [ ]
  }, {
    "id" : 93360,
    "title" : "CantaJuego Navideño",
    "overview" : "",
    "genres" : [ ]
  }, {
    "id" : 93370,
    "title" : "Teen Alien Sex Dreams",
    "overview" : "Have you ever felt like someone was watching your every move? Well, the oversexed babes in this movie aren't just dreaming! It seems that aliens have descended on Earth to get a first hand view of the hot-n-horny babes as they explore anal sex, three-ways and hot girl/girl! We're not alone!",
    "genres" : [ ]
  }, {
    "id" : 93400,
    "title" : "Reform School Girls 6",
    "overview" : "It's time for the naughty girls of Hedley Reform School to get down 'n dirty and prove why they belong there. Lots of long, hard discipline, tight little school girls, sloppy anal sex and girl/girl encounters are just a few things you need to complete the course ... and at Hedley, you don't wanna skip a single lesson!",
    "genres" : [ ]
  }, {
    "id" : 93420,
    "title" : "Cunnamulla",
    "overview" : "Cunnamulla, 800 kilometres west of Brisbane, is the end of the railway line. In the months leading up to a scorching Christmas in the bush, there's a lot more going on than the annual lizard race. Here, Aboriginal and white Australians live together but apart. Creativity struggles against indifference, eccentricity against conformity.",
    "genres" : [ {
      "id" : 99,
      "name" : "Documentary"
    } ]
  }, {
    "id" : 93440,
    "title" : "Hush!",
    "overview" : "A Russian director films the road works in front of his house for the period of a year. But the challenge to fix a pothole seems to be impossible.",
    "genres" : [ {
      "id" : 99,
      "name" : "Documentary"
    } ]
  }, {
    "id" : 93450,
    "title" : "Latin Car Show Queens",
    "overview" : "The winner takes all, and so much more. The competition is stiff, and everyone is trying to end up on top.",
    "genres" : [ ]
  }, {
    "id" : 93455,
    "title" : "Reform School Girls 5",
    "overview" : "The disciplinarians are back to work on their disobedient students in another installment of \"Reform School Girls 5\". Hedly Reform School continues to catch naughty students breaking the rules and the staff must take drastic measures to change these bad girls into good girls. When spanking just isn't enough, an anal romp is just what one student needs to learn her lesson. What else will these dedicated professors do to change these girls around?? You'll have to register for class and find out for yourself!",
    "genres" : [ ]
  }, {
    "id" : 93465,
    "title" : "The Chinese Feast",
    "overview" : "Former member of a triad, Sun seeks to emigrate to Canada. He decides to become a great chef of chinese cooking and follows the teaching master Au.",
    "genres" : [ {
      "id" : 28,
      "name" : "Action"
    }, {
      "id" : 35,
      "name" : "Comedy"
    }, {
      "id" : 10749,
      "name" : "Romance"
    }, {
      "id" : 10769,
      "name" : "Foreign"
    } ]
  }, {
    "id" : 93475,
    "title" : "כרמלה גרוס ואגנר - מופע איחוד בזאפה",
    "overview" : "Overview",
    "genres" : [ ]
  }, {
    "id" : 93480,
    "title" : "Passage à l'acte",
    "overview" : "No overview found.",
    "genres" : [ ]
  }, {
    "id" : 93485,
    "title" : "Kunstraum Remise",
    "overview" : "A short segment of film is played with musical backing at various speeds for a jarring effect.",
    "genres" : [ ]
  }, {
    "id" : 93495,
    "title" : "Soleil",
    "overview" : "Pierre Clémenti's Soleil presents a psychedelic meditation on his life and his detention in an Italian Prison in 1972.",
    "genres" : [ {
      "id" : 99,
      "name" : "Documentary"
    } ]
  }, {
    "id" : 93500,
    "title" : "Arabesque",
    "overview" : "John Whitney's pioneering work of computer animation, Arabesque, from 1975. This flowing, abstract short film is a wonder to behold, a work of art. Like many other computer graphics pioneers, this film suggests roots in psychedelics and spiritual quests as much as engineering and mathematics.",
    "genres" : [ ]
  }, {
    "id" : 93510,
    "title" : "Identikit",
    "overview" : "A woman flies to Rome on a reckless quest, not for love but for death.",
    "genres" : [ {
      "id" : 18,
      "name" : "Drama"
    } ]
  }, {
    "id" : 93520,
    "title" : "The Starfish",
    "overview" : "Two people stand on a road, out of focus. Seen distorted through a glass, they retire upstairs to a bedroom where she undresses. He says, \"Adieu.\" Images: the beautiful girl, a starfish in a jar, city scenes, newspapers, tugboats. More images: starfish, the girl. \"How beautiful she is.\" Repeatedly. He advances up the stair, knife in hand, starfish on the step. Three people stand on a road, out of focus. \"How beautiful she was.\" \"How beautiful she is.\" \"Beautiful.\"",
    "genres" : [ {
      "id" : 10749,
      "name" : "Romance"
    } ]
  }, {
    "id" : 93525,
    "title" : "Boatman of the River Padma",
    "overview" : "Based on the timeless literary work by Manik Bandyopadhyay, Padma Nadir Majhi was directed by Gautam Ghosh. The movie illustrates the tumultuous lives of the fishermen and their families, living by the river Padma. Beautiful shots of the river, Ghosh's flair for realism and brilliant display of acting skills by noted actors of Bangladesh and West Bengal, including Utpal Dutt, Robi Ghosh, Abul Khayer, Raisul Islam Asad, Champa, and Rupa Ganguli, fetched the movie local and international honours.",
    "genres" : [ {
      "id" : 18,
      "name" : "Drama"
    } ]
  }, {
    "id" : 93540,
    "title" : "Near Death",
    "overview" : "NEAR DEATH is a film about the Medical Intensive Care Unit at Boston's Beth Israel Hospital. The film is concerned with how people face death. More specifically the film presents the complex interrelationships among patients, families, doctors, nurses, hospital staff and religious advisors as they confront the personal, ethical, medical, psychological, religious and legal issues involved in making decisions about whether or not to give life-sustaining treatment to dying patients.",
    "genres" : [ {
      "id" : 99,
      "name" : "Documentary"
    } ]
  }, {
    "id" : 93550,
    "title" : "Drew Peterson: Untouchable",
    "overview" : "The story of Drew Peterson, who is charged with the death of his third wife after the mysterious disappearance of his fourth wife.",
    "genres" : [ {
      "id" : 10770,
      "name" : "TV Movie"
    }, {
      "id" : 80,
      "name" : "Crime"
    }, {
      "id" : 18,
      "name" : "Drama"
    } ]
  }, {
    "id" : 93560,
    "title" : "Batman and Robin",
    "overview" : "This 15-chapter serial pits Batman and Robin against The Wizard, who uses a device that allows him to control machinery to hold the city hostage.",
    "genres" : [ {
      "id" : 28,
      "name" : "Action"
    }, {
      "id" : 878,
      "name" : "Science Fiction"
    }, {
      "id" : 53,
      "name" : "Thriller"
    } ]
  }, {
    "id" : 93575,
    "title" : "Psycho Cheerleaders 2",
    "overview" : "\"Sexy\" just hit the post season! Sexed up and psyched out, these cheering babes are prepped to take on the whole team. Whether it's an explosive bit of \"end zone showboating\" between Jennifer Dark and Voodoo, or a scorching lesbian \"touchdown\" featuring Aiden Starr and Evie Delatosso, the cheering vixens in this pom-pom pussy parade will do whatever it takes to help you cross the finish line! You're sure to score every time with \"Psycho Cheerleaders 2\".",
    "genres" : [ ]
  }, {
    "id" : 93580,
    "title" : "When Hainan Meets Teochew",
    "overview" : "A romantic comedy usually involves a handsome man and a pretty lady. But what happens when it's a 'manly' woman, and a 'womanly' man? One day, a brassiere drops on Teochew. He immediately wins the lottery and decides to keep it. Hainan begins an arduous search for her precious underwear, distributing hundreds of missing posters around her neighbourhood. Teochew sees one of the posters, and his curiosity is piqued. Bumping into Hainan one day, he asks about the brassiere, although he has no intention of returning it. Unfortunately, he lets slip more than he should, and Hainan becomes suspicious...",
    "genres" : [ {
      "id" : 35,
      "name" : "Comedy"
    }, {
      "id" : 10749,
      "name" : "Romance"
    } ]
  }, {
    "id" : 93595,
    "title" : "Russian Institute: Lesson 7",
    "overview" : "",
    "genres" : [ ]
  }, {
    "id" : 93605,
    "title" : "Hond se Dinges",
    "overview" : "A mad-cap Afrikaans comedy set in a small town on the platteland. The plot revolves around a dog, and a diamond, and the assorted people who would like very much to get their hands on that diamond.",
    "genres" : [ ]
  }, {
    "id" : 93610,
    "title" : "Chaudhvin Ka Chand",
    "overview" : "The setting is the city of Lucknow in northern India, where Islamic culture flourished. Two of the three best friends who live in this city have fallen in love with the same woman named Jameela unknowingly. Aslam and Nawab are the two friends caught in this love triangle. Written by Anonymous  Nawab Pyare Mian gets a close look at a stunning woman in a busy market place, and is left stunned by her beauty. Unable to get her out of his mind, he asks his friends, Shedad and Aslam, for assistance. Then to Nawab's delight he spots her at his sister's birthday celebration, and asks Nasibhan to find out who she is. After a few misunderstandings, he does find out her name, which is Jameela. But the problem is that his friend, Aslam, has also fallen for her, and the friends will have to make sacrifices for each other, then after that the decision will be Jameela's to decide who to chose for her life-partner.",
    "genres" : [ ]
  }, {
    "id" : 93625,
    "title" : "L'abécédaire de Gilles Deleuze",
    "overview" : "The eight-hour series of interviews between Gilles Deleuze and Claire Parnet, filmed by Pierre-André Boutang in 1988-1989. The individual episodes are \"A comme Animal,\" \"B comme Boisson,\" \"C comme Culture,\" \"D comme Désir,\" \"E comme Enfance,\" \"F comme Fidélité,\" \"G comme Gauche,\" \"H comme Histoire de la philosophie\", \"I comme Idée, \"J comme Joie\", \"K comme Kant\", \"L comme Literature,\"M comme Maladie,\"N comme Neurologie\", \"O comme Opéra\", \"P comme Professeur\", \"Q comme question,\" \"R comme Résistance\", \"S comme Style\",\"T comme Tennis\",\"U comme Un\", \"V comme Voyage\", \"W comme Wittgenstein, \"X &amp; Y comme inconnues,\" \"Z comme Zigzag\"",
    "genres" : [ ]
  }, {
    "id" : 93630,
    "title" : "Curse of the Swamp Creature",
    "overview" : "A mad scientist is conducting experiments with evolution on the locals deep in the rural swamps of Texas.",
    "genres" : [ {
      "id" : 27,
      "name" : "Horror"
    }, {
      "id" : 878,
      "name" : "Science Fiction"
    }, {
      "id" : 10770,
      "name" : "TV Movie"
    } ]
  }, {
    "id" : 93645,
    "title" : "A Machine to Die For: The Quest for Free Energy",
    "overview" : "Machine to Die For is about the search for perpetual motion and free energy.  Conventional science claims this is impossible, yet generations of inventors have been mesmerized by the promise of an engine that powers itself.  The world’s reliance on diminishing fossil fuel resources and the associated problems of pollution serve to spur them on.  A Machine to Die For showcases a number of dedicated, sometimes eccentric, and always obsessive individuals who have devoted their lives to this quest.  The documentary could be used as a resource when studying motion and simple machines in secondary science and physics.  It could also serve as a springboard for discussions about inventors and inventions and the history of scientific endeavors. It would be suitable for teachers of middle to senior secondary students in Science.",
    "genres" : [ ]
  }, {
    "id" : 93655,
    "title" : "I Only Want You to Love Me",
    "overview" : "The story of the young man Peter, who grew up during the economic miracle, bereft of parental care and love. Learning early on that interpersonal relationships are based on the principles of exchange or purchase, he abides by these rules and gives generous presents to his family and his wife Erika. But when he is unable to keep up this life-style, his story takes a horrendous turn ...",
    "genres" : [ {
      "id" : 18,
      "name" : "Drama"
    } ]
  }, {
    "id" : 93685,
    "title" : "Swingers",
    "overview" : "Despite Diana's insecure nature, she and her husband Julian agree with the idea to sexually experiment with another couple. They put out an ad on the net to which the well experienced Alex and Timo react. We follow Diana and Julian as they prepare for the arrival of Alex and Timo, who they have invited to their home for the weekend. Diana is nervous. As soon as she is confronted with the self-confident and ravishingly sexy Alex, her insecurity increases even more. Timo seems disinterested, a sharp contrast to the boyish excitement of Julian. But as night falls and their sexual exploration begins, we notice Timo may not be as casual as he initially seemed and Diana on the other hand contains hidden strength. And so we realize there's more to 'Swingers' than just sex. Swingers: could your relationship stand the test?",
    "genres" : [ {
      "id" : 10749,
      "name" : "Romance"
    }, {
      "id" : 18,
      "name" : "Drama"
    } ]
  }, {
    "id" : 93690,
    "title" : "City Loop",
    "overview" : "City Loop tells the story of six young people who work in a pizzeria, as they struggle to comes to terms with boredom, fear of responsibility and pizzas to go",
    "genres" : [ {
      "id" : 35,
      "name" : "Comedy"
    }, {
      "id" : 10749,
      "name" : "Romance"
    }, {
      "id" : 10769,
      "name" : "Foreign"
    } ]
  }, {
    "id" : 93710,
    "title" : "Sesamstraat - Seizoenen",
    "overview" : "Deze dvd bevat een speciale samenstelling van de originele tv-serie. Al je vriendjes uit de bekendste straat van Nederland beleven de vrolijkste avonturen.\r -Winter\r -Zomer\r -Lente\r -Herfst",
    "genres" : [ ]
  }, {
    "id" : 93715,
    "title" : "Butchered",
    "overview" : "A group of teens decides to spend the weekend on a local island to say their final goodbyes before heading off to college. Little do they know, a convicted serial killer escapes from the authorities while on death row at a maximum security prison. Touted in the headlines of the local papers as \"The Butcher\" due to the manner he hacked up his victims in the local town deli, he takes cover on THE VERY SAME ISLAND. It becomes a battle for survival as the teens attempt to fight back against this unimaginable foe.",
    "genres" : [ {
      "id" : 27,
      "name" : "Horror"
    } ]
  }, {
    "id" : 93740,
    "title" : ".hack Liminality In the Case of Kyoko Tohno",
    "overview" : "In the third volume of the .hack//Liminality series, Junichiro Tokuoka travels to Tokyo, Japan to talk with a girl named Kyoko Tohno about the mysteries of \"The World\", an online computer game that put some people in a comatose state. At the same time, Kyoko has received a strange cell phone e-mail from Helba. They continue to discuss and are trying to get clues about everything related to \"The World\". They later meet a mysterious man named Sato Ichiro and speak with him to get answers. Will Tokuoka and the three girls Mai, Yuki, and Kyoko that he cooperates with be able to find the mysteries and clues of \"The World\" and save the comatose victims?",
    "genres" : [ ]
  }, {
    "id" : 93745,
    "title" : "Hot Blood",
    "overview" : "Stephen Torino (Wilde), who is tricked by his brother Marco (Adler) into an arranged marriage with tempestuous Annie Caldash (Russell). Annie is willing to give the union a go, but Torino wants none of it.",
    "genres" : [ ]
  }, {
    "id" : 93750,
    "title" : "White-Collar Worker Kintaro",
    "overview" : "Kintaro is a reformed delinquent, the former leader of a biker gang who has gone straight. Working at a construction company, his unorthodox tactics cause trouble with his colleagues. He is transferred to a tiny countryside branch, where he butts heads with his lazy superior until the two men discover a plot by the competition to put the construction company out of bussiness. With the help of his old biker friends, Kintaro prepares to confront the masterminds behind the scheme.",
    "genres" : [ {
      "id" : 18,
      "name" : "Drama"
    }, {
      "id" : 28,
      "name" : "Action"
    }, {
      "id" : 53,
      "name" : "Thriller"
    }, {
      "id" : 10769,
      "name" : "Foreign"
    } ]
  }, {
    "id" : 93755,
    "title" : "Sexual Magic",
    "overview" : "A young woman named Nina sees her life slowly unravel after her new roommates, a coven of witches, alter her perceptions in this erotic thriller.",
    "genres" : [ {
      "id" : 27,
      "name" : "Horror"
    } ]
  }, {
    "id" : 93765,
    "title" : "Run, Angel, Run!",
    "overview" : "Angel (William Smith), an outlaw biker, sells out his gang by exposing their wild conquests to Like magazine for $10,000. With his photo on the cover, Angel skips town and tries to start over with help from sheep rancher Dan Felton (Dan Kemp). An ex-motorcycle enthusiast, Dan becomes a mentor to Angel, giving him hope for a peaceful future. But Angel must put hope aside when members of his former gang viciously attack Dan's teenage daughter.",
    "genres" : [ {
      "id" : 28,
      "name" : "Action"
    }, {
      "id" : 53,
      "name" : "Thriller"
    } ]
  }, {
    "id" : 93770,
    "title" : "Savage Man Savage Beast",
    "overview" : "A notorious mondo film depicting unbelievable and bizarre rituals, animal killing and cruelty, and people being killed and eaten, all by either animals or humans against each other or themselves.",
    "genres" : [ {
      "id" : 99,
      "name" : "Documentary"
    } ]
  }, {
    "id" : 93775,
    "title" : "The Member of the Wedding",
    "overview" : "Carson  McCullers stage hit brought to the screen by Fred Zinnemann starring Ethel Waters and Julie Harris. Tomboy Julie Harris dreams of running away with her brother and new fiancee away from the Deep South.",
    "genres" : [ {
      "id" : 18,
      "name" : "Drama"
    } ]
  }, {
    "id" : 93790,
    "title" : "Voyage to the Edge of the World",
    "overview" : "On his ship \"Calypso,\" as well as in a submarine, Jacques Cousteau and his crew sail from South America and travel to Antarctica. They explore islands, reefs, icebergs, fossils, active volcanic craters, and creatures of the ocean never before seen. This voyage took place in 1975, and Captain Cousteau became one of the first explorers ever to dive beneath the waters of the frozen South Pole.",
    "genres" : [ {
      "id" : 99,
      "name" : "Documentary"
    } ]
  }, {
    "id" : 93820,
    "title" : "Bangin' Brea",
    "overview" : "Brea Bennett bursts the barriers of polite conduct in this lurid adventure conceived by Laurent Sky. Scene after delectable scene peeks inside the unconventional thoughts of Club Jenna's youngest contract star and shivers at the juicy secrets behind her angelic smile. Brea just can't behave herself. She conspires with her pinstriped and provocative cohort Roxy Jezel, schemes her way out of Jerry's jail sentence on her knees, and takes a different brand of penetrating punishment from Barry Scott. Not satisfied yet? Release a little professional tension with Brooke Haven in a forbidden office tryst with Jack Lawence. Grind through a gritty gropefest in an alley with Kelly Tyler and Mario Rossi. Club Jenna and Skyworld dare you to explore these steamy escapades and see who's banging Brea next.",
    "genres" : [ ]
  }, {
    "id" : 93825,
    "title" : "High Definition",
    "overview" : "Sumptuous Lela Star is Club Jenna's most nefarious nympho yet, with appetites that range from posh to profane. Flanked by an energetic cast with an array of creative cravings, Lela draws you deep into the murky darkness of her most intimate obsessions. With her hooks buried deep in your willing flesh, you'll be pulled into exotic encounters that span the globe and the imagination. Ready for dripping wet action that leaps right off the screen and squirms in your lap? Let Lela lead you down the path to deviance!",
    "genres" : [ ]
  }, {
    "id" : 93830,
    "title" : "Killer Desire",
    "overview" : "Young, beautiful, seductive, and absolutely deadly. Enter the world of high stakes contract killers with Club Jenna contract star Brea Bennett where the lines between nihilistic fantasies blur, Killer Desire heightens the thrill, and each passionate embrace could be your last! What price are you willing to pay for the ultimate sexual rush with one of the world's most beautiful women? Be careful what you wish for... you just might get it!",
    "genres" : [ ]
  }, {
    "id" : 93840,
    "title" : "Blind Man",
    "overview" : "Le cadavre mutilé d’une jeune femme est retrouvé à son domicile. Pas d’effraction, pas de témoin : le crime est parfait. L’enquête est confiée au commandant Lassalle, un flic expérimenté et solitaire, détruit par la mort de sa femme. Alors que d’autres meurtres tout aussi sanglants sont perpétrés, Lassalle est intrigué par la personnalité d’un aveugle, Narvik. Mais l’alibi du suspect est plausible et son infirmité le met hors de cause. Un étrange duel, telle une partie d’échecs, s’engage alors entre les deux hommes.",
    "genres" : [ {
      "id" : 53,
      "name" : "Thriller"
    }, {
      "id" : 28,
      "name" : "Action"
    } ]
  }, {
    "id" : 93855,
    "title" : "Posti in piedi in paradiso",
    "overview" : "",
    "genres" : [ {
      "id" : 35,
      "name" : "Comedy"
    }, {
      "id" : 18,
      "name" : "Drama"
    } ]
  }, {
    "id" : 93865,
    "title" : "The Orchestra",
    "overview" : "Zbigniew Rybczinski's video experiments set to classical music pieces.",
    "genres" : [ {
      "id" : 14,
      "name" : "Fantasy"
    }, {
      "id" : 10402,
      "name" : "Music"
    }, {
      "id" : 16,
      "name" : "Animation"
    } ]
  }, {
    "id" : 93890,
    "title" : "I Eat Your Skin",
    "overview" : "A cancer researcher on a remote Caribbean island discovers that by treating the natives with snake venom he can turn them into bug-eyed zombies. Uninterested in this information, the unfortunate man is forced by his evil employer to create an army of the creatures in order to conquer the world.",
    "genres" : [ {
      "id" : 27,
      "name" : "Horror"
    } ]
  }, {
    "id" : 93895,
    "title" : "Diego Torres Festival de Viña del Mar",
    "overview" : "Live performance of the artist at Viña del Mar 2012.",
    "genres" : [ {
      "id" : 10402,
      "name" : "Music"
    } ]
  }, {
    "id" : 93905,
    "title" : "Tight Jeans",
    "overview" : "Three black teenagers are becoming frustrated while waiting for their friend. A young white lad walks past wearing super tight jeans. The boys look on until one of them asks the pivotal question, \"How can a man wear jeans that tight?\" This sparks a hilarious debate about race and culture.",
    "genres" : [ {
      "id" : 18,
      "name" : "Drama"
    }, {
      "id" : 35,
      "name" : "Comedy"
    } ]
  }, {
    "id" : 93910,
    "title" : "The Bermuda Triangle",
    "overview" : "Documentary on with strange goings-on in the 'devil's triangle'.",
    "genres" : [ {
      "id" : 53,
      "name" : "Thriller"
    }, {
      "id" : 99,
      "name" : "Documentary"
    } ]
  }, {
    "id" : 93915,
    "title" : "Ten Days Without Love",
    "overview" : "Miguel, a young psychiatrist working in Madrid, learns that his wife has just dumped him for no one else than his own father while he's expecting his mother-in-law's visit, who's come to the city on a medical revision, and doesn't know anything about her daughter's affair; to make things worse, one of Miguel's deranged patients has just stolen his wallet. Going to his patient's home to retrieve his wallet he'll meet instead his spontaneous and outspoken hairdresser sister Jasmina, who's bound to change Miguel's ordered, upper-middle-class world for good.",
    "genres" : [ {
      "id" : 18,
      "name" : "Drama"
    }, {
      "id" : 35,
      "name" : "Comedy"
    }, {
      "id" : 10749,
      "name" : "Romance"
    }, {
      "id" : 10769,
      "name" : "Foreign"
    } ]
  }, {
    "id" : 93925,
    "title" : "Passion in the Sun",
    "overview" : "A stripper on a flight to Las Vegas has a stopover in a small Texas airport. She gets taken hostage by two Cuban gangsters on the run from the cops.",
    "genres" : [ {
      "id" : 27,
      "name" : "Horror"
    } ]
  }, {
    "id" : 93935,
    "title" : "Hot Resort",
    "overview" : "Young guys on the make get a job at a resort hotel in the Caribbean.",
    "genres" : [ ]
  }, {
    "id" : 93940,
    "title" : "Smash-Up on Interstate 5",
    "overview" : "A disaster movie opening with an enormous multi-vehicle crash on a Californian highway. After the opening stunt-filled action, a flashback of the crash victims' lives prior to and leading up to the accident. The closing replays the entire \"smash up\" from various angles and in slow motion, depicting much carnage and indifference to the victims.",
    "genres" : [ {
      "id" : 18,
      "name" : "Drama"
    } ]
  }, {
    "id" : 93945,
    "title" : "The Moving Finger",
    "overview" : "A rare beatnik artifact of the early 1960s, one of only a few such films made before the hippies took over Hollywood. Low budget and in b&amp;w, it's set in Greenwich Village, with what seems like a mostly improvised script. It begins as a late film noir crime tale involving a bank robbery where only one of a group of thieves escapes with his life, as well as $90,000 in loot. Injured and on the run, he hides in a local tour bus and is soon taken in by a group of bohemians who shoot him full of morphine to ease his pain and let him sleep it off on a mattress. Mason is the head beatnik. There's also the owner of both an upstairs coffeehouse and garret, where these beatniks hang out. They, in turn, bring the tourist trade in. Although the robbery is supposed to be the main focus of the plot, it quickly turns into more of a character study featuring these rebellious bon vivants and their odd lifestyle...",
    "genres" : [ ]
  }, {
    "id" : 93950,
    "title" : "The Sighting",
    "overview" : "A terrifying psychological thriller set near the beautiful landscape of Glacier National Park, Montana. Two high school friends, Travis and Nate, are on a road trip to Canada when they're attacked by mysterious and vicious creatures. Nate is stolen into the woods and Travis will stop at nothing to get him back. Travis recruits Nate's older brother Chris to bring an arsenal and wage war against these monsters in an effort to retrieve Nate.",
    "genres" : [ {
      "id" : 27,
      "name" : "Horror"
    }, {
      "id" : 53,
      "name" : "Thriller"
    } ]
  }, {
    "id" : 93965,
    "title" : "The Dana Fuchs Band - Live From NYC",
    "overview" : "The Dana Fuchs Band - Live From NYC",
    "genres" : [ {
      "id" : 10402,
      "name" : "Music"
    } ]
  }, {
    "id" : 93980,
    "title" : "Election Night",
    "overview" : "On election night we meet Peter, an idealistic young man, who suddenly discovers he has forgotten to vote. On his way to the polls he encounters a variety of taxi drivers, all racist in their way and Peter has to decide whether to stand up for his convictions or getting to the polls on time",
    "genres" : [ {
      "id" : 10769,
      "name" : "Foreign"
    }, {
      "id" : 35,
      "name" : "Comedy"
    } ]
  }, {
    "id" : 93985,
    "title" : "Grateful Dead - So Far",
    "overview" : "So Far is a music documentary video by the Grateful Dead. Directed by Jerry Garcia and Len Dell'Amico, it is intended to give a subjective view of the Grateful Dead experience. The soundtrack includes Dead song performances, largely from 1985. The visuals combine scenes of the band playing the songs, other Dead related material, computer animation, and found footage that has been altered and edited in various ways.  So Far was released on VHS video tape and on laserdisc in 1987, and has a running time of 55 minutes. (Source: http://en.wikipedia.org/wiki/Grateful_Dead:_So_Far )",
    "genres" : [ {
      "id" : 10402,
      "name" : "Music"
    }, {
      "id" : 99,
      "name" : "Documentary"
    } ]
  }, {
    "id" : 94005,
    "title" : "No Place To Hide",
    "overview" : "Detective Joe Garvey is called in to a mysterious case: a ballerina has been slayed on stage during a performance, it seems she didn't even fight. At her house Garvey finds her 14 years old precocious sister Tinsel. She's not very cooperative, so he arranges to have her sent to the orphanage -- until she's attacked too. He takes her under his wings, and soon both get the attention of a secret organization.",
    "genres" : [ {
      "id" : 53,
      "name" : "Thriller"
    } ]
  }, {
    "id" : 94025,
    "title" : "The Stranger in Us",
    "overview" : "In this verité-style drama, Anthony, a newcomer to San Francisco, attempts to come to terms with his abusive ex-lover when he strikes up an unlikely friendship with a street hustler.",
    "genres" : [ {
      "id" : 18,
      "name" : "Drama"
    } ]
  } ]
}