{
  "movies" : [ {
    "id" : 295295,
    "title" : "It's Him!... Yes! Yes!",
    "overview" : "",
    "genres" : [ {
      "id" : 35,
      "name" : "Comedy"
    } ]
  }, {
    "id" : 295300,
    "title" : "Il diario segreto di una minorenne",
    "overview" : "Italian erotic drama",
    "genres" : [ {
      "id" : 18,
      "name" : "Drama"
    } ]
  }, {
    "id" : 295305,
    "title" : "The Witch Who Turned Pink",
    "overview" : "The story concerns Jennifer, a green witch who was especially known for her green thumb - \"her garden made her the most famous witch in all of witchdom.\"",
    "genres" : [ {
      "id" : 16,
      "name" : "Animation"
    } ]
  }, {
    "id" : 295310,
    "title" : "EvaBridged 1.0: This Is (Not) A Parody",
    "overview" : "First part of \"Evangelion 1.0: You are (not) alone\" abridged movie.",
    "genres" : [ ]
  }, {
    "id" : 295315,
    "title" : "Sex Ed",
    "overview" : "Eddie lands his first teaching gig at an inner city middle school and finds his highly pubescent pupils are receiving no form of sexual education. Eddie isn't really equipped to teach them...he's not exactly experienced romantically.",
    "genres" : [ {
      "id" : 10749,
      "name" : "Romance"
    }, {
      "id" : 35,
      "name" : "Comedy"
    } ]
  }, {
    "id" : 295320,
    "title" : "Ball Park",
    "overview" : "An animated short film, and part of Paul Terry's Aesop's Film Fables, in which some animals play a game of baseball.",
    "genres" : [ {
      "id" : 16,
      "name" : "Animation"
    }, {
      "id" : 35,
      "name" : "Comedy"
    } ]
  }, {
    "id" : 295325,
    "title" : "Zünd an, es kommt die Feuerwehr",
    "overview" : "",
    "genres" : [ {
      "id" : 35,
      "name" : "Comedy"
    } ]
  }, {
    "id" : 295330,
    "title" : "Der Struppi ist weg",
    "overview" : "A crime comedy directed by Thomas Engel.",
    "genres" : [ {
      "id" : 35,
      "name" : "Comedy"
    }, {
      "id" : 18,
      "name" : "Drama"
    }, {
      "id" : 80,
      "name" : "Crime"
    } ]
  }, {
    "id" : 295335,
    "title" : "One More Tomorrow",
    "overview" : "Shiftless playboy Tom Collier lives to jump from party to party--until he meets photographer Christie Sage. Through Christie, Tom takes over the ownership of The Bantam, a liberal magazine which opposes everything his family represents. As Tom and Christie's relationship deepens, love blooms and he proposes to her. Realizing that she could never fit in with Tom's social circle, Christie says no, a decision she later regrets. But Tom isn't left alone for long--scheming gold-digger Cecelia Henry wastes no time in catching Tom on the rebound and forcing him into a disastrous marriage.",
    "genres" : [ {
      "id" : 18,
      "name" : "Drama"
    }, {
      "id" : 35,
      "name" : "Comedy"
    } ]
  }, {
    "id" : 295340,
    "title" : "Steel Town",
    "overview" : "Steve Kostain (Lund), nephew of the owner, begins working at a steel mill to learn the business from the bottom up. He rooms with a steel working family, the McNamaras, and falls for the daughter, \"Red\" (Sheridan), who is already involved with another steelworker, Jim (Duff.) Although he is at first has a hard time with his co-workers, he eventually wins them over, and also wins the girl.",
    "genres" : [ {
      "id" : 18,
      "name" : "Drama"
    } ]
  }, {
    "id" : 295345,
    "title" : "Liquid Tension Experiment - Live In NYC",
    "overview" : "1. Acid Rain (9:25) 2. Kindred Spirits (8:00) 3. Biaxident (7:39) 4. Freedom of Speech (9:00) 5. Improv Jam #1 (8:10) 6. Another Dimension (10:51) 7. State of Grace (6:20) 8. Universal Mind (9:36) 9. When the Water Breaks (16:49) 10. Improv Jam #2 (11:31) 11. Rhapsody in Blue (13:49) 12. Osmosis (3:43) 13. Paradigm Shift (9:31)",
    "genres" : [ {
      "id" : 10402,
      "name" : "Music"
    } ]
  }, {
    "id" : 295350,
    "title" : "Desi Kattey",
    "overview" : "Desi Kattey is the story of two orphans who grow up in a remote village, making country guns to earn their livelihood. The film traces their journey, as they go on to become national level shooters.Desi Kattey is based in a small village of the Kanpur District of Uttar Pradesh, Mungera, which is famous for its geographical location i.e. at the shore of Holy river Ganga and manufacturing cum production of the country made guns, this story is about two young kids Pali and Gyani. Pali and Gyani alike other orphan kids with no support system work as a labor in one of such country made gun manufacturing factory for their survival.",
    "genres" : [ ]
  }, {
    "id" : 295355,
    "title" : "Satan's Sword: The Dragon God",
    "overview" : "The sequel to Daibosatsu tôge  (1960) and the second of the trilogy follows the adventures of Ryunosuke Tsukue after he is blinded.",
    "genres" : [ {
      "id" : 18,
      "name" : "Drama"
    }, {
      "id" : 28,
      "name" : "Action"
    }, {
      "id" : 36,
      "name" : "History"
    } ]
  }, {
    "id" : 295360,
    "title" : "Time and the Wave",
    "overview" : "The paradox of the present as a time that cannot be reflected upon until it has already become past, seems consistent with the idea of thinking about the passage of time as the movement within a wave, where the individual particles of water remain static despite an illusion of movement upon the surface. Might not the succession of events in daily life pertain to a similar form of illusory movement? Time and the Wave engages with this paradox by focusing on key London events filmed in 2012 and 2013: the opening of Westfield Shopping Centre at Stratford, the Saint Paul's Occupy movement, the Queen's Jubilee Thames pageant and the funeral of Margaret Thatcher to expose the condition of this country in the time of crisis of late capitalism.",
    "genres" : [ ]
  }, {
    "id" : 295365,
    "title" : "Training Wheel Not Required",
    "overview" : "An extreme Unicycling DVD by Brian MacKenzie.",
    "genres" : [ ]
  }, {
    "id" : 295370,
    "title" : "The True Story of Charlie Wilson's War",
    "overview" : "A playboy congressman, an outcast CIA operative, and a socialite steer over $300 million of the United States Government’s money — in an era when Reagan couldn’t raise $19 million for the Contras — to fund a covert war intended to turn Afghanistan into “Russia’s Vietnam.”  Is this a joke? Is this some improbable work of fiction? Who are these wildly eccentric figures? How did they pull it off?  In this special presentation from THE HISTORY CHANNEL® discover the intricate details of this incredible, fascinating and completely true series of events. Learn how Texas Congressman Charlie Wilson allied with CIA agent Gust Avrakotos and Houston philanthropist Joanne Herring to secretly bankroll the Afghan Mujahideen’s resistance to the Soviet Union. Retrace the behind-the-scenes machinations that led to the CIA’s largest and most successful campaign ever. And understand the wide-ranging and long-lasting implications of this little-known episode.",
    "genres" : [ {
      "id" : 99,
      "name" : "Documentary"
    } ]
  }, {
    "id" : 295375,
    "title" : "Sreekrishna Parunthu",
    "overview" : "Kumaran Thampi, a wizard, is not able to keep his vow of celibacy. This keeps getting him into many troubles, most of which are lethal.",
    "genres" : [ {
      "id" : 14,
      "name" : "Fantasy"
    }, {
      "id" : 27,
      "name" : "Horror"
    } ]
  }, {
    "id" : 295380,
    "title" : "Rammstein: [2012] Live aus St.Petersburg",
    "overview" : "Live show of Rammstein (fans bootleg) in St.Petersburg, Russia 13.02.2012.  Setlist:  1. Intro  2. Sonne - 7:52  3. Wollt Ihr Das Bett In Flammen Sehen? - 12:36  4. Keine Lust - 17:37  5. Sehnsucht - 21:39  6. Asche zu Asche - 26:08  7. Feuer Frei! - 30:14  8. Mutter - 33:47  9. Mein Teil - 38:54  10. Du Riecht So Gut - 46:40  11. Links 234 - 52:12  12. Du Hast - 57:16  13. Haifisch - 1:01:35  B-Stage  14. Buck Dich - 01:08:28  15. Mann Gegen Mann - 1:16:43  16. Ohne Dich - 1:20:41  M-Stage  17. Mein Herz Brennt - 1:28:35  18. Amerika - 1:34:25  19. Ich Will - 1:39:21  20. Engel - 1:43:35  21. Pussy - 1:49:01",
    "genres" : [ {
      "id" : 10402,
      "name" : "Music"
    } ]
  }, {
    "id" : 295385,
    "title" : "The Devil's Advocate",
    "overview" : "John Mills tops the cast as a dying priest who has been summoned to Rome for one last assignment. A dead wartime partisan is being considered for Sainthood. Mills is instructed to investigate the partisan's growing cult following and learn if the man is truly worthy of canonization.",
    "genres" : [ {
      "id" : 9648,
      "name" : "Mystery"
    }, {
      "id" : 18,
      "name" : "Drama"
    } ]
  }, {
    "id" : 295390,
    "title" : "Killers Must Die",
    "overview" : "A Mafia hitman avenges the death of his godfather boss. During the execution, he meets (and falls in love with) a Japanese bohemian artist named Yin Lian who helps him escape from the clutches of the mob.",
    "genres" : [ {
      "id" : 28,
      "name" : "Action"
    } ]
  }, {
    "id" : 295395,
    "title" : "Nørderne Vender Tilbage",
    "overview" : "",
    "genres" : [ {
      "id" : 35,
      "name" : "Comedy"
    } ]
  }, {
    "id" : 295400,
    "title" : "Cain's Children",
    "overview" : "Three boys, they all committed murder. After discovering their haunting faces and disturbing stories in a banned prison documentary from 1984, the filmmaker goes out to find them and discovers untold secrets and a Hungary he has never known.",
    "genres" : [ {
      "id" : 99,
      "name" : "Documentary"
    } ]
  }, {
    "id" : 295405,
    "title" : "SBTRKT - Live at iTunes Festival 2014",
    "overview" : "",
    "genres" : [ ]
  }, {
    "id" : 295410,
    "title" : "The Word",
    "overview" : "Days before the end of the school year, Liliana gives Janek an ultimatum, giving him 24 hours to either prove his love for her or forget about her altogether.",
    "genres" : [ {
      "id" : 18,
      "name" : "Drama"
    } ]
  }, {
    "id" : 295415,
    "title" : "Das Fräulein und der Vagabund",
    "overview" : "",
    "genres" : [ {
      "id" : 35,
      "name" : "Comedy"
    } ]
  }, {
    "id" : 295420,
    "title" : "Herz ohne Gnade",
    "overview" : "",
    "genres" : [ {
      "id" : 80,
      "name" : "Crime"
    } ]
  }, {
    "id" : 295425,
    "title" : "Trauer muß Elektra tragen",
    "overview" : "",
    "genres" : [ ]
  }, {
    "id" : 295430,
    "title" : "My Art is Not Dead",
    "overview" : "A poor artist accidentally discovers the use of blood to paint his works and now he's on the search for the perfect color.",
    "genres" : [ {
      "id" : 27,
      "name" : "Horror"
    }, {
      "id" : 16,
      "name" : "Animation"
    } ]
  }, {
    "id" : 295435,
    "title" : "Ein Herz schlägt für dich",
    "overview" : "",
    "genres" : [ {
      "id" : 18,
      "name" : "Drama"
    } ]
  }, {
    "id" : 295440,
    "title" : "Der blaue Stern des Südens",
    "overview" : "",
    "genres" : [ {
      "id" : 35,
      "name" : "Comedy"
    } ]
  }, {
    "id" : 295445,
    "title" : "Hole In The Wall",
    "overview" : "7 nightmarish films. A brute shows a local boy hell through his haunted ax, the streets of Madison are stalked by a deranged sexual psychopath, Ed Gein is resurrected as a dentist with a penchant for extraction, the flipside of the American family screams itself to life, and an elicit drug transforms a singer into the angel of death!!! Hole in the Wall brings the nasty underbelly of life right into your home.",
    "genres" : [ ]
  }, {
    "id" : 295450,
    "title" : "Tårtan",
    "overview" : "",
    "genres" : [ {
      "id" : 35,
      "name" : "Comedy"
    }, {
      "id" : 10770,
      "name" : "TV Movie"
    } ]
  }, {
    "id" : 295455,
    "title" : "Queen (A Portrait of Madonna)",
    "overview" : "This multichannel video installation features avid Italian Madonna fans performing their way through Madonna’s \"Immaculate Collection\" album.",
    "genres" : [ ]
  }, {
    "id" : 295460,
    "title" : "The Load",
    "overview" : "Late sixteenth century. A Tameme Indian man and a noble Spanish woman flee through the forests of the New World in search of freedom. Their frantic journey softens the tension between them and dissolves their longstanding differences and creates intimate bonds that threaten their very survival.",
    "genres" : [ ]
  }, {
    "id" : 295465,
    "title" : "Strayed",
    "overview" : "In September 2012, four film students mysteriously disappeared while making a documentary at an abandoned building in downtown Mexico City. This is the footage recovered from the shooting.",
    "genres" : [ ]
  }, {
    "id" : 295485,
    "title" : "Summer",
    "overview" : "Sixteen-year-old Anne grows up in the isolated Biesbosch area, where spacious fields and power pylons define the landscape. With a group of friends, she spends a sultry summer holiday there trying to make the leap to maturity. But this shared experience turns into a conflict situation when Anna develops feelings for the tough girl Lena. Coming-of-age drama about growing pains, the inevitable end of childhood and choosing your own life - no matter how confusing your environment may find it.",
    "genres" : [ {
      "id" : 18,
      "name" : "Drama"
    } ]
  }, {
    "id" : 295490,
    "title" : "Digging for Fire",
    "overview" : "Tim and Lee are married with a young child. The chance to stay at a fancy home in the Hollywood Hills is complicated by Tim's discovery of a bone and a rusty old gun in the yard. Tim is excited by the idea of a mystery, but Lee doesn't want him to dig any further, preferring that he focus on the family taxes, which he promised to do weeks ago. This disagreement sends them on separate and unexpected adventures over the course of a weekend, as Tim and his friends seek clues to the mystery while Lee searches for answers to the bigger questions of marriage and parenthood.",
    "genres" : [ {
      "id" : 18,
      "name" : "Drama"
    } ]
  }, {
    "id" : 295495,
    "title" : "Les coiffeuses",
    "overview" : "",
    "genres" : [ ]
  }, {
    "id" : 295500,
    "title" : "La Banquière",
    "overview" : "",
    "genres" : [ ]
  }, {
    "id" : 295505,
    "title" : "Uit Huis",
    "overview" : "When father decides Richard is old enough to leave his parental home, he sends him out into the world. Only Richard keeps returning home: everytime in a more bizarre way. Somehow he seems attached to the house. When an unfortunate alteration in life takes place, Richard is forced to stand on his own feet.",
    "genres" : [ {
      "id" : 16,
      "name" : "Animation"
    } ]
  }, {
    "id" : 295510,
    "title" : "Greifensee",
    "overview" : "What started out as a simple holiday trip on the Swiss mountain lake, is beneath the surface an intense drama between a mother and her daughter.",
    "genres" : [ {
      "id" : 18,
      "name" : "Drama"
    } ]
  }, {
    "id" : 295515,
    "title" : "The Night of June 13",
    "overview" : "Elna Curry, once a concert pianist, develops an unfounded jealousy of neighbor, Trudie Morrow. Elna who suffers from neurasthenia, believes that Trudie is having an affair with her husband, John, and vows revenge on Trudie. John explains to Trudie Elna's condition and plan. Trudie, being good-hearted tells John that she'll move. One evening, John returns late from work to discover Elna dead. John burns Elna's suicide note to protect Trudie. This results in John being charged for murder and put on trial.",
    "genres" : [ {
      "id" : 9648,
      "name" : "Mystery"
    } ]
  }, {
    "id" : 295520,
    "title" : "Malamondo",
    "overview" : "This documentary looks at strange behaviors and practices in Europe, including nude skiing in Switzerland, hot-butchering in Italy, and an orgy in a graveyard.",
    "genres" : [ {
      "id" : 99,
      "name" : "Documentary"
    } ]
  }, {
    "id" : 295525,
    "title" : "Thomas und seine Freunde (Folge 01) - Freunde helfen Freunden",
    "overview" : "",
    "genres" : [ ]
  }, {
    "id" : 295530,
    "title" : "Macho im Schleudergang",
    "overview" : "",
    "genres" : [ {
      "id" : 35,
      "name" : "Comedy"
    } ]
  }, {
    "id" : 295535,
    "title" : "Slipping: Skate's Impact on Egypt",
    "overview" : "In 2005 Omar and Cherif Herrawi started Egypt's first and only skateboard shop, SkateImpact. Six years later, while Egypt is still in a state of unrest, they passionately share their story with documentarian, Brett Wiese Saunders.",
    "genres" : [ ]
  }, {
    "id" : 295540,
    "title" : "The Decade You Were Born: The 1940s",
    "overview" : "If you were born in the '40s, your decade began with the election of Franklin Delano Roosevelt to an unprecedented third term ... the country was isolationist ... American workers got the forty hour work week.",
    "genres" : [ ]
  }, {
    "id" : 295545,
    "title" : "Mike The Knight: Journey To Dragon Mountain",
    "overview" : "Glendragon is in danger! When the King returns from faraway lands, he discovers that the Vikings have stolen a treasured crystal jewel from the dragon of Dragon Mountain. It is the King s mission to return the jewel and it s Mike s job to help him. The King, Mike and Evie form Team Family Glendragon and soon find themselves on an epic quest filled with dangerous obstacles from meddlesome gargoyles to giant dragons! Come along on an action-packed adventure the whole family will love!",
    "genres" : [ {
      "id" : 10751,
      "name" : "Family"
    }, {
      "id" : 16,
      "name" : "Animation"
    } ]
  }, {
    "id" : 295550,
    "title" : "Veeco: A Volcom Film Making Documentary",
    "overview" : "Take a journey through the Volcom film library and go behind the scenes with the filmmakers and riders as they share tales of blood, sweat and debacle from Veeco Productions inception to the present day.",
    "genres" : [ ]
  }, {
    "id" : 295555,
    "title" : "Free For All",
    "overview" : "An inventor comes up with a pill that turns water into gasoline. Complications ensue",
    "genres" : [ {
      "id" : 10749,
      "name" : "Romance"
    }, {
      "id" : 35,
      "name" : "Comedy"
    } ]
  }, {
    "id" : 295560,
    "title" : "Clint Eastwood: Out of the Shadows",
    "overview" : "Hollywood careers are full of make-or-break moments. For Clint Eastwood, one such moment came when studio powers agreed to let him make his directing debut. That story and others comprise this portrait of the famed Hollywood icon. His career is explored via an array of film clips, interviews and more.",
    "genres" : [ {
      "id" : 99,
      "name" : "Documentary"
    } ]
  }, {
    "id" : 295570,
    "title" : "Don't Know Yet",
    "overview" : "A feel-good road movie about a broken man who lets the hitchhikers he picks up determine his direction and destiny. Everything changes when he meets a free-spirited woman who guides him on a journey of self-discovery while hiding a secret of her own.",
    "genres" : [ ]
  }, {
    "id" : 295575,
    "title" : "Tough at the Top",
    "overview" : "The rising tide of our civilisation has not yet flooded the last peaks of the Alps. The Hohe Tauern mountain range is a high Alpine wilderness harbouring natural treasures that many people hardly know about. Their intact habitats make them a Noah's ark of Alpine flora and fauna. At the same time, this is a world of mountains in the superlative, with the highest peaks in Austria, the biggest glacial surfaces in the eastern Alps and water falls that are among the highest in the world.",
    "genres" : [ ]
  }, {
    "id" : 295580,
    "title" : "A Survey of Open Space",
    "overview" : "A pair of urbanites embark on a 4000-mile bicycle ride in search of the last wild place in America; to their dismay they find it. Set in the wake of America's great western expansion, the film is a portrait of bike touring and a meditation on wilderness.",
    "genres" : [ ]
  }, {
    "id" : 295590,
    "title" : "Govindudu Andarivadele",
    "overview" : "Balaraju, the head of his village, lives with his wife Baby along with his two sons Chandrasekhar Rao and Bangari and two daughters. He helps Chandrasekhar become a doctor and builds a local hospital. On the day it opens, Chandrasekhar comes back home with his lover Kausalya, also a doctor. Both express their wish to marry and settle abroad, which upsets Balaraju, leading to their separation.  25 years later, Chandrasekhar, a successful doctor in London, tells the story to his son Abhiram and daughter Indu. Abhiram decides to go home to Balaraju and attempt a reconciliation. He meets his friend, Bunny, at the airport and goes to the village on Bunny's bike the next day.",
    "genres" : [ {
      "id" : 18,
      "name" : "Drama"
    } ]
  }, {
    "id" : 295595,
    "title" : "Soaked in Bleach",
    "overview" : "Twenty years ago, Kurt Cobain was found dead of an apparent gunshot wound to the head. The world was told it was a suicide, but evidence would lead many people to believe it might be otherwise. The film investigates the possibilities that exist that Kurt Cobain's death might not have been a suicide, that the Seattle Police Department rushed their verdict, and the global media perpetuated lies and misinformation fed to them by Courtney Love that created the belief in many that Cobain killed himself, but when revealed to be lies, lead many to now question what happened.",
    "genres" : [ {
      "id" : 10402,
      "name" : "Music"
    }, {
      "id" : 18,
      "name" : "Drama"
    }, {
      "id" : 99,
      "name" : "Documentary"
    }, {
      "id" : 80,
      "name" : "Crime"
    } ]
  }, {
    "id" : 295605,
    "title" : "De lifters",
    "overview" : "A roadmovie about three guys (two hitchhikers, one driver) and one woman.",
    "genres" : [ ]
  }, {
    "id" : 295610,
    "title" : "Sterben ist gesünder",
    "overview" : "",
    "genres" : [ {
      "id" : 35,
      "name" : "Comedy"
    } ]
  }, {
    "id" : 295615,
    "title" : "Balwinder Singh Famous Ho Gaya",
    "overview" : "A Hindi Movie.",
    "genres" : [ ]
  }, {
    "id" : 295620,
    "title" : "Die Schläfer",
    "overview" : "",
    "genres" : [ {
      "id" : 18,
      "name" : "Drama"
    } ]
  }, {
    "id" : 295625,
    "title" : "Michael Jackson: History World Tour Live at Brunei",
    "overview" : "The HIStory World Tour was the third and final worldwide solo concert tour by American artist Michael Jackson, covering Europe, Africa, Asia, Oceania and North America. The tour included a total of 82 concerts and was attended by approximately 4.5 million fans, beating his previous Bad World Tour with 4.4 million. The HIStory World Tour spanned the globe with stops in 58 cities, 35 countries on 5 continents. Unlike the Bad and Dangerous World Tours, the History World Tour has never been released on DVD, despite many fans requesting it. However, there have been several full concerts leaked on the internet.",
    "genres" : [ {
      "id" : 10402,
      "name" : "Music"
    } ]
  }, {
    "id" : 295630,
    "title" : "Bad Romance",
    "overview" : "Andrea is a receptionist and loves soap opera star Sam Lloyd Pascual. When Sam Lloyd Pascual checks in to the resort hotel she works in, he invites her for a romantic dinner. She now has a chance to make fantasy love a reality but this turns out tragically.",
    "genres" : [ ]
  }, {
    "id" : 295635,
    "title" : "Toon Hermans - One Man Show 1961",
    "overview" : "This show was aired on the 25th december of 1961. In total seven million dutch people watched the show on tv.  The show is recorded from the Minerva theatre in Heemstede, the Netherlands.",
    "genres" : [ {
      "id" : 35,
      "name" : "Comedy"
    } ]
  }, {
    "id" : 295640,
    "title" : "A Corner of Heaven",
    "overview" : "When his mother disappears one autumn, a thirteen-year-old boy leaves his younger sister with his grandfather and  goes on a journey in search of his mother.",
    "genres" : [ ]
  }, {
    "id" : 295645,
    "title" : "Revenge of the Gladiators",
    "overview" : "La vendetta di Spartacus (US title: Revenge of the Gladiators) is a 1965 Italian film directed by Michele Lupo. It was shot back to back with Seven Slaves Against the World.",
    "genres" : [ {
      "id" : 36,
      "name" : "History"
    }, {
      "id" : 12,
      "name" : "Adventure"
    } ]
  }, {
    "id" : 295650,
    "title" : "Mind Games",
    "overview" : "Jill Reeves suffers from retrograde amnesia, forgetting the last seven months of her life. When the mysterious Carter Tallerin tells her they're married, Jill's world unravels. Everyone in Jill's life has a secret, including herself.",
    "genres" : [ ]
  }, {
    "id" : 295660,
    "title" : "Le Sourire",
    "overview" : "In the year that Cannes Film Festival handed out awards to Federico Fellini for La Dolce Vita, L'Avventura by Michelangelo Antonioni, and Kagi by Kon Ichikawa -- 'Le Sourire' won the Palme d'Or for Best Short Film in 1960. This quiet and intelligent film is a remarkable interpretation of a young monks perspective into a world of meditation, sacred geometry, and coming of age. A tribute to Buddhism, introspection and the wonders of nature...a short but lasting work of art.",
    "genres" : [ {
      "id" : 99,
      "name" : "Documentary"
    } ]
  }, {
    "id" : 295665,
    "title" : "Ich beiß zurück",
    "overview" : "",
    "genres" : [ {
      "id" : 35,
      "name" : "Comedy"
    } ]
  }, {
    "id" : 295670,
    "title" : "Tochter meines Herzens",
    "overview" : "",
    "genres" : [ {
      "id" : 18,
      "name" : "Drama"
    } ]
  }, {
    "id" : 295675,
    "title" : "Heirate meine Frau",
    "overview" : "",
    "genres" : [ {
      "id" : 35,
      "name" : "Comedy"
    } ]
  }, {
    "id" : 295680,
    "title" : "Paloma Faith - Late Night Live (BBC)",
    "overview" : "This Prom sees the British singer-songwriter joined by a 42-piece jazz orchestra and the elite Urban Voices Collective for a performance that includes new arrangements of songs from her first two, double-platinum-selling albums, as well as from her most recent release, A Perfect Contradiction. A one-off performance striking an intimate mood in the Royal Albert Hall.",
    "genres" : [ {
      "id" : 10402,
      "name" : "Music"
    } ]
  }, {
    "id" : 295685,
    "title" : "Stark Raving Mad",
    "overview" : "Nebraska 1958. Richie Stark was no ordinary killer. What made him different was that he wasn’t running from murder - he was looking for it! Laura Ferguson, his adolescent girlfriend, just wanted to escape, but after the senseless murder of her father, she soon found herself on a road to hell. This is the true story of two young delinquents who in just a few days in 1958 raised hell along the highway, fell in love, and slaughtered seven innocents.",
    "genres" : [ {
      "id" : 80,
      "name" : "Crime"
    }, {
      "id" : 18,
      "name" : "Drama"
    } ]
  }, {
    "id" : 295690,
    "title" : "Der brave Sünder",
    "overview" : "Leopold Pichler (Pallenberg) is a very orderly and trustworthy chief cashier who is asked by his boss to get a large sum of money from the bank which the boss urgently needs on a trip to Vienna. Due to some circumstances, getting the money takes a little longer than expected and the director leaves for Vienna without it. But Pichler sees himself as a reliable man, and so he and his assistant Wittek (Rühmann) follow the director to Vienna with the money kept in a bag. In Vienna, the two provincials however are mistaken for guests of the director and spend an evening at a posh night club. But when it transpires that the director actually won't come to the night club that evening, Pichler and Wittek have to pay the bill with the money from the bank. And their subsequent attempts at reimbursing the money lead to situations of ever-increasing hilariousness...",
    "genres" : [ {
      "id" : 35,
      "name" : "Comedy"
    } ]
  }, {
    "id" : 295695,
    "title" : "Liebling der Matrosen",
    "overview" : "A girl sneaks onto a ship and is discovered midseas.",
    "genres" : [ {
      "id" : 18,
      "name" : "Drama"
    } ]
  }, {
    "id" : 295700,
    "title" : "Hansel & Gretel: Witch Hunters 2",
    "overview" : "After killing the dark evil witch, the brother and sister Hansel and Gretel think that they are safe. But what they don't know is, there is another dark force striking them soon.",
    "genres" : [ ]
  }, {
    "id" : 295705,
    "title" : "Angel Of Death 2",
    "overview" : "Rare Thai action movie starring Panna Rittikrai",
    "genres" : [ {
      "id" : 28,
      "name" : "Action"
    } ]
  }, {
    "id" : 295710,
    "title" : "Maroon 5 - iTunes Festival 2014",
    "overview" : "Inspired by grunge acts like Nirvana and Pearl Jam, Mickey Madden and Adam Levine started jamming together as middle schoolers in a garage in Malibu, California – a partnership that sparked one of the most successful pop-rock outfits of the millennium.  Turning out wildly catchy singles like Maps and Moves Like Jagger, Maroon 5 shifts effortlessly between R&amp;B-influenced ballads, soaring pop anthems, and heart-racing dance-rock.  The guys and I are excited to be part of this year’s iTunes Festival. It’s an amazing Festival and we are really looking forward to performing alongside so many great artists.  Adam Levine, Maroon 5",
    "genres" : [ {
      "id" : 10402,
      "name" : "Music"
    } ]
  }, {
    "id" : 295715,
    "title" : "Snow on The Blades",
    "overview" : "At Sakurada Gate in 1860, the shogun’s chief minister and his retinue of bodyguards are ambushed and annihilated. Bearing the responsibility and shame for this failure is Shimura Kingo, master swordsman and chief of the guard. Forbidden to take his own life in atonement, he is instead tasked with hunting down the remaining assassins; however, fate intervenes and now only one is left. Devoted to his late lord and his duty, he relentlessly pursues the sole remaining assassin for the next thirteen years. But times are changing in Japan and the way of the sword has become outlawed. What does this mean for Kingo?",
    "genres" : [ {
      "id" : 36,
      "name" : "History"
    }, {
      "id" : 28,
      "name" : "Action"
    }, {
      "id" : 18,
      "name" : "Drama"
    } ]
  }, {
    "id" : 295720,
    "title" : "Saturday Night Live: Christmas",
    "overview" : "Join the epic \"Not Ready for Prime Time Players\" cast of Saturday Night Live regulars in a hilarious compilation of the best holiday moments from the show's Christmas specials. Some of the highlights include \"Martha Stewart's Topless Christmas Special,\" \"The Lost Ending to It's a Wonderful Life,\" \"The Night Hannukah Harry Saved Christmas,\" \"Mr. Robinson's Neighborhood on Christmas\" and, of course, the Church Lady's drum solo.",
    "genres" : [ {
      "id" : 35,
      "name" : "Comedy"
    } ]
  }, {
    "id" : 295725,
    "title" : "Famille et Turbulences",
    "overview" : "",
    "genres" : [ {
      "id" : 35,
      "name" : "Comedy"
    } ]
  }, {
    "id" : 295730,
    "title" : "Musei Vaticani 3D",
    "overview" : "An extraordinary voyage of discovery to see the most impressive collection of works of art built  up over two thousand years of history. VATICAN MUSEUMS 3D, a SKY production in collaboration with the Vatican Museums Directorate, for the very first time brings Ultra HD 4K/3D film cameras inside the Vatican Museums and the Sistine Chapel, to show the masterpieces in these collections as they have never been seen before.",
    "genres" : [ {
      "id" : 99,
      "name" : "Documentary"
    } ]
  }, {
    "id" : 295735,
    "title" : "Khajuraho",
    "overview" : "\r\n\r\n\r\n",
    "genres" : [ {
      "id" : 36,
      "name" : "History"
    }, {
      "id" : 18,
      "name" : "Drama"
    } ]
  }, {
    "id" : 295740,
    "title" : "Expensive Husbands",
    "overview" : "Unable to get work in her home country, Laurine Lynne (Beverly Roberts) travels to Vienna where her press agent, Joe Craig (Allyn Joslyn), convinces her to marry royalty. The lucky fellow is Prince Rupert (Patric Knowles), an impoverished nobleman now working as a waiter. Do the two of them fall in love despite this marriage of convenience?",
    "genres" : [ {
      "id" : 10749,
      "name" : "Romance"
    }, {
      "id" : 35,
      "name" : "Comedy"
    } ]
  }, {
    "id" : 295745,
    "title" : "The Ballad Of AJ Weberman",
    "overview" : "Documentary chronicles the life and crimes of notorious Bob Dylan obsessive and Garbology inventor A.J Weberman.",
    "genres" : [ ]
  }, {
    "id" : 295750,
    "title" : "Dog Lover",
    "overview" : "This film is a cry for help, an attempt to stop the suffering and pain of innocent animals that have been inflicted in Bosnia and Herzegovina for years.",
    "genres" : [ {
      "id" : 99,
      "name" : "Documentary"
    } ]
  }, {
    "id" : 295755,
    "title" : "Unsterblicher Walzer",
    "overview" : "",
    "genres" : [ {
      "id" : 18,
      "name" : "Drama"
    } ]
  }, {
    "id" : 295760,
    "title" : "Seven from Thebes",
    "overview" : "The city of Thebes has come under the cruel domination of Sparta. Diomedes and several of his friends strive to throw off the Spartan yoke even while Diomedes romances Dorida, daughter of the Theban governor who's collaborating with Sparta.",
    "genres" : [ {
      "id" : 36,
      "name" : "History"
    }, {
      "id" : 12,
      "name" : "Adventure"
    } ]
  }, {
    "id" : 295765,
    "title" : "A Dead Hunt; or A Lust for Youthful Skin",
    "overview" : "Deconstructing the preconceptions we have on gender, and the taboo of fantasies. Individual finds their lust in a cafe , triggering a fantasy, one that feels compelled to fight, or except, to consume, or be consumed by..",
    "genres" : [ ]
  }, {
    "id" : 295770,
    "title" : "Ermittlungen gegen Unbekannt",
    "overview" : "",
    "genres" : [ {
      "id" : 18,
      "name" : "Drama"
    } ]
  }, {
    "id" : 295775,
    "title" : "Mr. und Mrs. Right",
    "overview" : "",
    "genres" : [ {
      "id" : 35,
      "name" : "Comedy"
    } ]
  }, {
    "id" : 295780,
    "title" : "Ein Sommer mit Paul",
    "overview" : "",
    "genres" : [ {
      "id" : 18,
      "name" : "Drama"
    } ]
  }, {
    "id" : 295785,
    "title" : "Eine verhängnisvolle Nacht",
    "overview" : "",
    "genres" : [ {
      "id" : 53,
      "name" : "Thriller"
    } ]
  }, {
    "id" : 295790,
    "title" : "Trust a Boat",
    "overview" : "9 films were rear projected upon 9 windows of a 3 story building. 9 people performed as silhouettes in the windows. The audience were on the street. The performance toured Holland and Canada with a total of 23 showings.",
    "genres" : [ ]
  }, {
    "id" : 295795,
    "title" : "SAS 181 antwortet nicht",
    "overview" : "",
    "genres" : [ {
      "id" : 18,
      "name" : "Drama"
    } ]
  }, {
    "id" : 295800,
    "title" : "Fevers",
    "overview" : "Benjamin is at war: with life, with adults, with himself. From his earliest childhood onwards, the 13-year old has been shunted from one care home to another. When his mother has to go to prison, he is sent to his father, whom he has never known. The man turns out to be a dead loss, a warehouseman who's given up on life, a man in his mid-40s who still lives with his Moroccan parents in a high-rise block in the banlieue. Benjamin's turbulence and violence soon prove too much for his new family.",
    "genres" : [ {
      "id" : 18,
      "name" : "Drama"
    }, {
      "id" : 10751,
      "name" : "Family"
    } ]
  }, {
    "id" : 295805,
    "title" : "Ich schluck alles",
    "overview" : "",
    "genres" : [ ]
  }, {
    "id" : 295810,
    "title" : "Deep Throat This 4",
    "overview" : "",
    "genres" : [ ]
  }, {
    "id" : 295830,
    "title" : "Attack on Titan",
    "overview" : "100 years ago, titans suddenly appeared on Earth. Soon, human civilization veered on collapse due to the titans. Humans then built a giant wall to defend themselves. Within the giant walls, humans lived in peace, but, 100 years later, the giant wall is broken.",
    "genres" : [ {
      "id" : 27,
      "name" : "Horror"
    }, {
      "id" : 14,
      "name" : "Fantasy"
    }, {
      "id" : 18,
      "name" : "Drama"
    }, {
      "id" : 28,
      "name" : "Action"
    }, {
      "id" : 878,
      "name" : "Science Fiction"
    } ]
  }, {
    "id" : 295835,
    "title" : "100% Jenna",
    "overview" : "",
    "genres" : [ ]
  }, {
    "id" : 295840,
    "title" : "OROPAX - Der doppelte Halbbruder",
    "overview" : "",
    "genres" : [ ]
  } ]
}