{
  "movies" : [ {
    "id" : 219465,
    "title" : "Little Ol' Bosko and the Pirates",
    "overview" : "Bosko going to Grandma's to bring her a bag of cookies. It also has him encountering some frogs meant to caricature some famous African-American musicians of the time who want those cookies as they sing and dance with Bosko in tune for them.",
    "genres" : [ ]
  }, {
    "id" : 219470,
    "title" : "Please Keep Me in Your Dreams",
    "overview" : "After a parody newsreel, the title song is sung by Barbara Blake and played by Henry King and his orchestra with a Bouncing Ball.",
    "genres" : [ ]
  }, {
    "id" : 219475,
    "title" : "The Foxy Hunter",
    "overview" : "Junior and Pudgy slip away from Betty Boop's care to go hunting with a pop-gun.",
    "genres" : [ ]
  }, {
    "id" : 219480,
    "title" : "Reunion in Rhythm",
    "overview" : "The gang puts on a musical show at a reunion for some of the former Gang kids.",
    "genres" : [ ]
  }, {
    "id" : 219485,
    "title" : "Roamin' Holiday",
    "overview" : "The gang runs away from home, but meet up with a kindly old couple.",
    "genres" : [ ]
  }, {
    "id" : 219490,
    "title" : "Glove Taps",
    "overview" : "Butch challenges Alfalfa to a fight.",
    "genres" : [ ]
  }, {
    "id" : 219500,
    "title" : "The Saw Mill Mystery",
    "overview" : "Terrytoon featuring the original version of Oil Can Harry, later becoming a feline version in the Mighty Mouse cartoons.",
    "genres" : [ ]
  }, {
    "id" : 219505,
    "title" : "The Steel Workers",
    "overview" : "First seen as incidental characters in an Oswald the Rabbit cartoon, these three monkeys act is reminiscent of the Three Stooges. Acting out in pantomime, the monkeys were a bit hit with audiences in the mid-1930's.",
    "genres" : [ ]
  }, {
    "id" : 219520,
    "title" : "Zula Hula",
    "overview" : "Disabled in a thunderstorm, Betty Boop and Grampy's plane lands on a tropic island where Grampy soon re-invents the comforts of home... until hostile, racially-stereotyped natives intrude.",
    "genres" : [ {
      "id" : 16,
      "name" : "Animation"
    } ]
  }, {
    "id" : 219525,
    "title" : "Porky the Wrestler",
    "overview" : "Porky, along with everyone else, is hitchhiking to the big wrestling match. He gets a ride from the challenger...",
    "genres" : [ ]
  }, {
    "id" : 219530,
    "title" : "Chicken a La King",
    "overview" : "A rooster sultan is bored by his harems. A duck strongly resembling Mae West entices him. Her lover arrives, and they do battle; the lovers leave, and the sultan, humiliated, turns to his harem, who beat him up.",
    "genres" : [ ]
  }, {
    "id" : 219535,
    "title" : "My Artistical Temperature",
    "overview" : "Popeye and Bluto share an art studio; Popeye is a sculptor, and Bluto paints. Olive drops in for a likeness, and the boys compete. When they start to fight, Olive starts to leave, but Popeye convinces her to stay when he eats his spinach and vanquishes Bluto.",
    "genres" : [ {
      "id" : 16,
      "name" : "Animation"
    } ]
  }, {
    "id" : 219540,
    "title" : "Organ Grinder's Swing",
    "overview" : "Popeye and Olive are grooving to the sounds of Wimpy the organ grinder, but their neighbor Bluto wants him to move on. Popeye and Bluto settle their disagreement with their usual calm, reasoned discussion (this one includes Bluto stuffing Popeye into a garbage can, then launching him with a garden roller, after which Bluto stomps on Wimpy's organ).",
    "genres" : [ ]
  }, {
    "id" : 219545,
    "title" : "Hospitaliky",
    "overview" : "To get at nurse Olive, Popeye and Bluto fake various illnesses. Olive sees through this and tells them they need to be either very sick or hurt real bad, so they try to get hurt, but both have a sudden run of what would normally be very good luck. Out of desperation, Popeye feeds Bluto the spinach when they start fighting.",
    "genres" : [ ]
  }, {
    "id" : 219555,
    "title" : "I Never Changes My Altitude",
    "overview" : "Popeye is sitting outside Olive's lunchroom at the airport, distraught. She's closed the business to fly away with an aviator (Bluto, of course). But it's hardly what she expected; he has her painting his plane, while it's flying; when she says she's rather go back to Popeye, he tries to throw her off the plane. Popeye sees this, and takes off in a plane, just in time to help her out. The boys get into a dogfight, and Bluto manages to demolish Popeye's plane.",
    "genres" : [ ]
  }, {
    "id" : 219560,
    "title" : "A Kind of Seeing: The Colour of Scotland",
    "overview" : "The colour of Scotland as seen through the eyes of Eddie McConnell. Abstract shapes in nature.",
    "genres" : [ ]
  }, {
    "id" : 219565,
    "title" : "Secret Agent Woody Woodpecker",
    "overview" : "Woody mistakenly drinks a strength giving, secret tonic stolen by a master spy.",
    "genres" : [ {
      "id" : 16,
      "name" : "Animation"
    } ]
  }, {
    "id" : 219570,
    "title" : "O-Solar-Meow",
    "overview" : "A supply satellite arrives at the space station where Tom (despite his high-tech gadgets) is having no better luck than usual at catching Jerry before he gets the cheese.",
    "genres" : [ ]
  }, {
    "id" : 219575,
    "title" : "Gideon",
    "overview" : "Gideon Dobbs is young, simple-minded man who has never stopped dreaming. He checks into a retirement home where he finds the residents have lost their lust for life. Through his innocence he changes their lives and teaches them that each day is a precious gift. They get back their self-esteem and their lust for life.",
    "genres" : [ {
      "id" : 35,
      "name" : "Comedy"
    }, {
      "id" : 18,
      "name" : "Drama"
    }, {
      "id" : 10749,
      "name" : "Romance"
    } ]
  }, {
    "id" : 219580,
    "title" : "The Mouse from H.U.N.G.E.R.",
    "overview" : "Secret agent Jerry-akin has to steal a giant refrigerator full of cheese, guarded by the evil Tom Thrush with a vast array of diabolical gadgets and traps. Of course, Jerry has a few tricks of his own.",
    "genres" : [ {
      "id" : 16,
      "name" : "Animation"
    }, {
      "id" : 35,
      "name" : "Comedy"
    } ]
  }, {
    "id" : 219585,
    "title" : "The Nautical Nut",
    "overview" : "The Nautical Nut is the 156th animated cartoon short subject in the Woody Woodpecker series.\r Woody is mistakenly captured and brought aboard a ship, where he makes things difficult for the captain and his first mate.",
    "genres" : [ {
      "id" : 16,
      "name" : "Animation"
    } ]
  }, {
    "id" : 219590,
    "title" : "Здравия желаю",
    "overview" : "",
    "genres" : [ ]
  }, {
    "id" : 219595,
    "title" : "О возвращении забыть",
    "overview" : "",
    "genres" : [ ]
  }, {
    "id" : 219615,
    "title" : "Iron Girl",
    "overview" : "In a land far away, there is a legend that an Iron Clad Savior shall bestow upon the land and save its people from grief, abuse and evil. An armored suit-wearing woman with amnesia, only known as \"Iron Girl\", fights against a group of outlaws called \"Crazy Dogs\" to save a small village in the wasteland. Is she the legendary \"Iron Savior\" written in the old document of the village?",
    "genres" : [ {
      "id" : 878,
      "name" : "Science Fiction"
    }, {
      "id" : 28,
      "name" : "Action"
    } ]
  }, {
    "id" : 219620,
    "title" : "An Evening with Bobcat Goldthwait - Share the Warmth",
    "overview" : "Bobcat Goldthwait in concert, scaring the bejezus out of the people and being funny as hell!",
    "genres" : [ {
      "id" : 35,
      "name" : "Comedy"
    }, {
      "id" : 99,
      "name" : "Documentary"
    } ]
  }, {
    "id" : 219635,
    "title" : "The Taking of Flight 847: The Uli Derickson Story",
    "overview" : "This made-for-television film documents the takeover of the TWA airliner in flight from Athens to Rome in 1985. The focus is on the flight attendant, Uli Derickson, whose courage and hope helped save all but one of the passengers on the plane. The movie chronicles the first 2 days and the aftermath.",
    "genres" : [ ]
  }, {
    "id" : 219645,
    "title" : "Criminal Passion",
    "overview" : "A homicide detective begins a torrid affair with a senator's son who is a suspect in a series of grisly murders.",
    "genres" : [ {
      "id" : 80,
      "name" : "Crime"
    }, {
      "id" : 9648,
      "name" : "Mystery"
    }, {
      "id" : 53,
      "name" : "Thriller"
    } ]
  }, {
    "id" : 219665,
    "title" : "Pendejo (Idiot)",
    "overview" : "The story of J, a rich, party boy thrust into the workaday world by his father as the lowest man on the totem pole in a company he technically owns.",
    "genres" : [ {
      "id" : 35,
      "name" : "Comedy"
    } ]
  }, {
    "id" : 219695,
    "title" : "C.S.I. - Un Giorno di Fuoco",
    "overview" : "",
    "genres" : [ ]
  }, {
    "id" : 219700,
    "title" : "Итальянские истории ... Истинный трах",
    "overview" : "",
    "genres" : [ ]
  }, {
    "id" : 219710,
    "title" : "Love in High Gear",
    "overview" : "A young couple making plans to elope are overheard by a jewel thief, who sees a chance to turn the situation to his advantage.",
    "genres" : [ ]
  }, {
    "id" : 219720,
    "title" : "Сочные и Округлые",
    "overview" : "",
    "genres" : [ ]
  }, {
    "id" : 219725,
    "title" : "Saloon Kiss",
    "overview" : "During World War II, the SS uses prisoners in a brothel: a nearly identical plot , costuming and casting to The Joy Club. Appropriate level of implied coercion. Very good raincoater sex. Le Castel and Letizia Bisset really get into their roles as Nazi sex maniacs.",
    "genres" : [ ]
  }, {
    "id" : 219730,
    "title" : "It Happens Every Thursday",
    "overview" : "New York reporter Bob MacAvoy is persuaded by pregnant wife Jane to buy a broken-down weekly newspaper in Eden, California. They have humorous problems with small town mores and eccentric citizens. But their schemes to increase circulation get them in over their heads.",
    "genres" : [ {
      "id" : 35,
      "name" : "Comedy"
    } ]
  }, {
    "id" : 219750,
    "title" : "Turma do Pagode - O Som das Multidoes",
    "overview" : "",
    "genres" : [ ]
  }, {
    "id" : 219755,
    "title" : "The Tea Party: Illuminations",
    "overview" : "A collection of 14 videos from 1993 to 2000, including:  01. The River  02. Save me  03. Certain slant of light  04. Fire in the head  05. The Bazaar  06. Shadows on the mountainside  07. Sister awake  08. Temptation  09. Babylon  10. Release  11. Psychopomp  12. Heaven coming down  13. The messenger  14. Walking wounded",
    "genres" : [ {
      "id" : 10402,
      "name" : "Music"
    } ]
  }, {
    "id" : 219760,
    "title" : "Veldhuis & Kemper: We Moeten Praten",
    "overview" : "",
    "genres" : [ ]
  }, {
    "id" : 219765,
    "title" : "Veldhuis & Kemper: Hitsig",
    "overview" : "",
    "genres" : [ ]
  }, {
    "id" : 219770,
    "title" : "Being an Elephant",
    "overview" : "After a tragic loss, Ivan becomes obsessed with the personality of the elephants, which they say, never forget.",
    "genres" : [ {
      "id" : 18,
      "name" : "Drama"
    } ]
  }, {
    "id" : 219785,
    "title" : "Passion's Obsession",
    "overview" : "Nicole, a female private detective, is hired by Angela Moore, a Hollywood talent agent, to locate a missing male model. The plot thickens when a ransom note is received by the police. Nicole uncovers the seamier side of Angela, the male model, and their friends, and finally discovers what really happened",
    "genres" : [ {
      "id" : 10749,
      "name" : "Romance"
    } ]
  }, {
    "id" : 219790,
    "title" : "The Regina Pierce Affair",
    "overview" : "Art patron Pierce's priceless movie posters are stolen from the museum. Dashing, straight-arrow detective Dan falls for the seductive Pierce, but she's a suspect.",
    "genres" : [ ]
  }, {
    "id" : 219795,
    "title" : "Steve Hughes: While It's Still Legal",
    "overview" : "Conspiracy theories are just reality TV shows waiting to happen. Everythings a market and everythings insane. I'm trying to be Buddhist about it but........ (I'm not doing a very good job).  Internationally renowned stand up comedian Steve Hughes takes you on a wild ride through his hilarious interpretation of an insane world that seems Hell bent on living in some kind of militarised surviellance society orwellian super mall.  Drugs for children, corporate colonialism, the war on terror. I've been called controverisal in a world that views cigarettes more offensive than war.  Recorded live at the Metro Theatre during the Sydney Comedy Festival Hughes unleashes a barrage of acute observations on politics, religion, science, drugs, racism, corporate oppression and heavy metal all mixed together with a spiritual philosophy that sees the irrational as the only rational answer.",
    "genres" : [ {
      "id" : 35,
      "name" : "Comedy"
    } ]
  }, {
    "id" : 219800,
    "title" : "Три новеллы",
    "overview" : "",
    "genres" : [ ]
  }, {
    "id" : 219815,
    "title" : "Девочки Фюрера 2",
    "overview" : "",
    "genres" : [ ]
  }, {
    "id" : 219835,
    "title" : "Invasion of Privacy",
    "overview" : "A mentally unbalanced man kidnaps the woman carrying his child to prevent her from having an abortion.",
    "genres" : [ ]
  }, {
    "id" : 219855,
    "title" : "Bon Jovi: Live In Concert from the intimate BBC Radio",
    "overview" : "Jo Whiley presents Bon Jovi live In Concert from the intimate BBC Radio Theatre inside Broadcasting House  They'll be playing some of their stadium-filling biggest hits alongside an early taster of their new material.  On Thursday 24 January, Radio 2 welcomed Bon Jovi to the BBC Radio Theatre for a very special Radio 2 In Concert performance. The band spoke to Jo Whiley and answered listeners' questions before playing hits and selections from their new album, What About Now.",
    "genres" : [ {
      "id" : 10402,
      "name" : "Music"
    } ]
  }, {
    "id" : 219860,
    "title" : "Running Target",
    "overview" : "In the Colorado Rockies, Sheriff Scott, heads a posse that is after four escaped convicts, and thought it is his sworn duty to return the men dead or alive, he is, as always, reluctant to kill his fellow man. He is accompanied by Jaynes, a tavern owner, who takes much delight in his telescopic rifle, and by \"Smitty,\" a gas station held up the escapees and more than ready to show she can be as tough as any man, although she seems to have some other motive for getting to the leader of the convicts, Kaygo.",
    "genres" : [ {
      "id" : 80,
      "name" : "Crime"
    }, {
      "id" : 10749,
      "name" : "Romance"
    }, {
      "id" : 37,
      "name" : "Western"
    } ]
  }, {
    "id" : 219880,
    "title" : "Hogslayer",
    "overview" : "\"Hogslayer: The Unapproachable Legend\" is the award-winning true-life story of the dual-engine Norton motorcycle dragster designed, built, and raced by TC Christenson and John Gregory of Sunset Motors.  The documentary chronicles the Sunset Motors Racing Team’s unrivaled innovation and unbridled courage as they faced unyielding challengers throughout the United States and Europe in the 1970’s.  TC and John are featured as they relate their experiences of those years rising from local street racers to the top race team in the world. This is bench-racing at its best directly from the original Sunset Motors in Kenosha, Wisconsin, home of the Hogslayer.",
    "genres" : [ ]
  }, {
    "id" : 219890,
    "title" : "17 Hippies: The Greatest Show On Earth",
    "overview" : "",
    "genres" : [ {
      "id" : 10402,
      "name" : "Music"
    } ]
  }, {
    "id" : 219895,
    "title" : "Invisible 2: Chasing the Ghost Sound",
    "overview" : "Geum Ja has been living alone since her husband and sister passed away. Lately, she keeps hearing her late sister's voice around the house. To find out her sister's message, she enlists the help of a television program that investigates supernatural happenings. Once the TV crew is there, however, the ghostly sounds disappear, and conflicts develop between Geum Ja and the crew. Just when the crew is about to pack up and leave, they record a woman's voice.",
    "genres" : [ {
      "id" : 18,
      "name" : "Drama"
    } ]
  }, {
    "id" : 219910,
    "title" : "Ара, бара, пух!",
    "overview" : "",
    "genres" : [ ]
  }, {
    "id" : 219925,
    "title" : "Finn and Jacob As Electricians",
    "overview" : "Education video about how not to do Electric installations.\r All is Voltage..",
    "genres" : [ ]
  }, {
    "id" : 219935,
    "title" : "Pals",
    "overview" : "Two retired fishing buddies stumble on an unmarked suitcase filled with three million dollars in cash. Then the fun starts flying as fast as bullets.",
    "genres" : [ {
      "id" : 35,
      "name" : "Comedy"
    }, {
      "id" : 10770,
      "name" : "TV Movie"
    } ]
  }, {
    "id" : 219940,
    "title" : "Mad Dog Coll",
    "overview" : "New York City is torn apart by an all-out mafia war. With brother Peter at his side, Vincent \"Mad Dog\" Coll blasts his way from streetfighter to kingpin in the dangerous world of organized crime.",
    "genres" : [ {
      "id" : 18,
      "name" : "Drama"
    }, {
      "id" : 80,
      "name" : "Crime"
    } ]
  }, {
    "id" : 219945,
    "title" : "Dead Center",
    "overview" : "Street killer is retrained by a black-belt fighter who works for the government.",
    "genres" : [ {
      "id" : 28,
      "name" : "Action"
    } ]
  }, {
    "id" : 219950,
    "title" : "Herowork",
    "overview" : "The laughs never stop in this action/comedy about good samaritan Frank Pellet, who uses police monitors and CB radios to do his \"Herowork\"-saving people, burning buildings and the like. -- Amazon",
    "genres" : [ {
      "id" : 53,
      "name" : "Thriller"
    }, {
      "id" : 35,
      "name" : "Comedy"
    } ]
  }, {
    "id" : 219965,
    "title" : "Kreator - Dying Alive",
    "overview" : "The DVD/Blu Ray features the band's sold out homecoming show in Oberhausen, Germany on December 22, 2012 after an extensive 45 days European tour in support of their highly successful album »Phantom Antichrist«. The packed and sweat driven show was filmed by 24 cameras as well as guitar and even mosh pit cams.",
    "genres" : [ {
      "id" : 10402,
      "name" : "Music"
    } ]
  }, {
    "id" : 219970,
    "title" : "Hot Rod Girls Save the World",
    "overview" : "An angry alien from the planet Moosha Maa decides to borrow his neighbors destrukto ray to destroy the planet Earth because the earths radio and TV waves are messing up his intergalactic TV reception.",
    "genres" : [ ]
  }, {
    "id" : 219975,
    "title" : "Али-Баба и сорок разбойников",
    "overview" : "",
    "genres" : [ ]
  }, {
    "id" : 219980,
    "title" : "Notes from Dad",
    "overview" : "Trumpet player Roy Allen starts anew as a music teacher in a school full of kids with little exposure to music. Roy connects with a talented virtuoso in need of a father figure. Through the journey of launching a school band and learning to reach kids on their own terms, Nate reconnects with his own estranged son, becoming the father he always wanted to be.",
    "genres" : [ {
      "id" : 10770,
      "name" : "TV Movie"
    } ]
  }, {
    "id" : 219990,
    "title" : "Distant Worlds: Music from Final Fantasy the Celebration",
    "overview" : "The grand finale for Final Fantasy’s 25th birthday was a Distant Worlds concert which took place in Tokyo last year. Square Enix recorded the event and in June you can watch it at home. The Distant Worlds music from Final Fantasy The Celebration has 19 songs performed by the Kanagawa Philharmonic Orchestra with Arnie Roth as the composer.",
    "genres" : [ ]
  }, {
    "id" : 219995,
    "title" : "About Sidorov Vova",
    "overview" : "A screen adaptation of the satirical poem by Eduard Uspensky. Vova Sidorov is the only child in a big family, growing up without a father. Everything he cherished, but a summons from the recruitment office turns everything on its head!",
    "genres" : [ {
      "id" : 10751,
      "name" : "Family"
    }, {
      "id" : 16,
      "name" : "Animation"
    }, {
      "id" : 35,
      "name" : "Comedy"
    } ]
  }, {
    "id" : 220000,
    "title" : "Torna a Sorrento",
    "overview" : "",
    "genres" : [ {
      "id" : 35,
      "name" : "Comedy"
    }, {
      "id" : 10402,
      "name" : "Music"
    } ]
  }, {
    "id" : 220005,
    "title" : "At the First Breath of Wind",
    "overview" : "Using few words and gorgeous imagery, this is a poetic painting of a family, each in their own space on an August afternoon.",
    "genres" : [ ]
  }, {
    "id" : 220010,
    "title" : "Oh, mia bella matrigna",
    "overview" : "",
    "genres" : [ ]
  }, {
    "id" : 220030,
    "title" : "Thor XXX: An Extreme Comixxx Parody",
    "overview" : "Equipped with his mighty hammer in one hand and his meaty shaft on the other. Thor is a spoiled prince sleeping with every maiden in the realm of Asgard. When Thor goes too far and upsets the balance of peace in the universe, his father, King Odin banishes him to Earth. Though stripped of his power, Thor realizes he still has what it takes to please the women of Earth, like sexy scientist Jane. When Thor's mischievous brother, Loki threatens to take control of Asgard, the God of Thunder must find strength in his new humanity in order to save everything he loves and become the ruler and lover he is destined to be!",
    "genres" : [ ]
  }, {
    "id" : 220040,
    "title" : "UFC Fight Night 28: Teixeira vs. Bader",
    "overview" : "A bout between Raphael Assunção and T.J. Dillashaw was briefly linked to this event. However, the pairing was delayed and will take place at a later event this year due to a minor medical issue for Assunção.  Godofredo Pepey was expected to face Sam Sicilia at the event. However, Pepey pulled out of the bout citing an injury and was replaced by Felipe Arantes. Then, on August 7, Sicilia also pulled out and was replaced by promotional newcomer Kevin Souza, the former Jungle Fight featherweight champion.  Kenny Robertson was expected to face João Zeferino at this event. However, Robertson pulled out of the bout citing an injury and was replaced by UFC promotional newcomer Elias Silvério, the former Jungle Fight welterweight champion.",
    "genres" : [ {
      "id" : 28,
      "name" : "Action"
    } ]
  }, {
    "id" : 220055,
    "title" : "El Adios Largos",
    "overview" : "In El Adios Largos, artist-archivist Andrew Lampert undertakes a speculative, restoration of Robert Altman's The Long Goodbye based on the premise that the film's negative has been lost and the sole surviving print is incorrect in every way: 16mm rather than 35mm, black and white instead of Technicolor, and dubbed into Spanish. (N.B. proper prints and a negative do exist, just not in Lampert's possession!) With dubious methods used to achieve authenticity, El Adios Largos is at once an uncanny aesthetic experience and a playful exploration of the philosophical conundrums involved for those working to preserve film history for generations to come.",
    "genres" : [ ]
  }, {
    "id" : 220060,
    "title" : "Constellations",
    "overview" : "Constellations, a recent grouping of 16mm colour silent blow-ups by Super 8 artist Helga Fanderl, returns us to the natural world, whose beauty has been observed and rendered with a profound curiosity, a patient gaze and an extraordinary ability to capture visual patterns and textures. Whether following at close range the semi-circular motion of a handsome, pacing leopard, its spots evoking rhythmic patterns through Fanderl's intuitive shooting process, or closely studying a tray of glassware on a ship as the sea reflects and refracts through the crystalline shapes, the artist fully gives herself over to the present moment and allows us to bask in it.",
    "genres" : [ ]
  }, {
    "id" : 220065,
    "title" : "Isan: Folk and Pop Music of Northeast Thailand",
    "overview" : "Welcome to ISAN, Thailand's forgotten frontier, where Lao, Thai and Cambodian folkloric traditions have conspired to create a mystifying pageantry of music and dance still relatively unknown to outsiders. Explore the raw cultural heritage of the Mekong interior, land of the Phin guitar and the bamboo Khaen and discover musical styles such as \"Molam\" and \"Pong Lang\". Take a forbidden look into the sultry Go-Go scenes of Gentleman's clubs and witness a spectacular Lam Sing stage show cabaret backed by a psychedelic Rock band!",
    "genres" : [ {
      "id" : 99,
      "name" : "Documentary"
    } ]
  }, {
    "id" : 220070,
    "title" : "Song",
    "overview" : "Shot in San Francisco from autumn of last year through the winter solstice, Nathaniel Dorsky's Song evinces a cool, mysterious tone as it captures the pulse (supernal at 18fps) of the city.",
    "genres" : [ ]
  }, {
    "id" : 220075,
    "title" : "Nine Muses of Star Empire",
    "overview" : "After initially sweeping through Asia, Korean pop music has now taken the world by storm led by the likes of SNSD, JYP and PSY. Take a look behind the scenes of the formation and debut of the 9 member girl group, Nine Muses, in a documentary that gives a glaring insight into the world of K-pop. Follow a year long journey with the Model Idols, as they have been called, and their management label, the relatively small in stature Star Empire, leading up to the group’s debut and emergence in the K-pop charts.  Covering everything from dance lessons, recording sessions and the physical and psychological toll on the girls, the film reveals the lengths the girls must go to achieve their dream, to become K-Idols.",
    "genres" : [ {
      "id" : 99,
      "name" : "Documentary"
    } ]
  }, {
    "id" : 220085,
    "title" : "Ike: The War Years",
    "overview" : "Dramatization of the World War II years of Dwight D. Eisenhower.",
    "genres" : [ {
      "id" : 18,
      "name" : "Drama"
    } ]
  }, {
    "id" : 220095,
    "title" : "Blood and Bullets",
    "overview" : "A deadly manhunt takes three people through the sordid streets of the Philadelphia underworld, in search of killers and the truth. Every clue brings new questions.",
    "genres" : [ ]
  }, {
    "id" : 220100,
    "title" : "Mon ti Scordar di me Mamma",
    "overview" : "",
    "genres" : [ ]
  }, {
    "id" : 220105,
    "title" : "Let Me Call You Sweetheart",
    "overview" : "A female prosecutor notices a woman in a plastic surgeon's waiting room who looks strikingly like a girl who was murdered more than ten years earlier. An investigation into the plastic surgeon grows more bizarre by the minute, as the prosecutor unravels a ten year old mystery involving betrayal and murder.",
    "genres" : [ ]
  }, {
    "id" : 220115,
    "title" : "Die Herrin der Welt - Teil I",
    "overview" : "Professor Johansson has made a huge scientific breakthrough; a device that will create a huge magnetic pulse that knocks out all electricity over a continent-wide area. The military applications are already being thought of when Dr. Johansson is kidnapped by a group of profit-seeking mercenaries. Meanwhile, his daughter, Karin, finds herself having to consort with all manner of shady characters as she searches for her father.",
    "genres" : [ {
      "id" : 878,
      "name" : "Science Fiction"
    }, {
      "id" : 12,
      "name" : "Adventure"
    }, {
      "id" : 80,
      "name" : "Crime"
    } ]
  }, {
    "id" : 220130,
    "title" : "Involucrado",
    "overview" : "Joshua is a young filmmaker who moved to Madrid to fulfill a dream: shooting his first film. It has been proposed to document his experience in the capital with a camera that brings. However, to settle into his new apartment starts recording something else, when you listen to a violent neighbor who beats his wife and he suspects is hiding something very dark.",
    "genres" : [ ]
  }, {
    "id" : 220135,
    "title" : "Prostitute",
    "overview" : "Prostitute is the tale of two women: Sandra, an ambitious but naive Birmingham working girl who moves to London with the hope of securing wealthier patrons, and Louise, her social worker friend, who is fighting to change the antiquated and hypocritical prostitution laws. As both strive to achieve their goals, a cold dose of reality dashes their hopes, and the built-in biases against women in society are unmasked.",
    "genres" : [ {
      "id" : 18,
      "name" : "Drama"
    } ]
  }, {
    "id" : 220170,
    "title" : "Läpi Usvan",
    "overview" : "Pertti works as telegraph operator on a ship. The ship arrives in Helsinki and Pertti looks forward to meet his mother and the neighbor girl, who he is in love. But his plans change, when he steps into a restaurant with the first officer of the ship on the first ashore.",
    "genres" : [ {
      "id" : 18,
      "name" : "Drama"
    } ]
  }, {
    "id" : 220175,
    "title" : "The Revenge of Al Capone",
    "overview" : "After Al Capone is imprisoned, he still continues to run his empire, and plots to assassinate the mayor of Chicago.",
    "genres" : [ {
      "id" : 80,
      "name" : "Crime"
    } ]
  }, {
    "id" : 220180,
    "title" : "Explosion",
    "overview" : "During the height of the Vietnam war, a hippie and a draft dodger get together and hatch a plan to flee to Canada. They steal a car and head towards Vancouver, but the trip doesn't go as smoothly as they planned, and before long they're being chased by the police, accused of murdering several police officers.",
    "genres" : [ {
      "id" : 18,
      "name" : "Drama"
    }, {
      "id" : 80,
      "name" : "Crime"
    }, {
      "id" : 10752,
      "name" : "War"
    } ]
  }, {
    "id" : 220200,
    "title" : "Honeybaby, Honeybaby",
    "overview" : "An interpreter wins an around-the-world vacation, gets ensnared in a complex back-and-forth between smugglers.",
    "genres" : [ {
      "id" : 28,
      "name" : "Action"
    } ]
  }, {
    "id" : 220220,
    "title" : "Fish of the Fire",
    "overview" : "Hi no Sakana (火の魚, Fish of the Fire) is a Japanese novel by Murō Saisei; it was first published in 1960, and was later adapted into a single episode TV drama that was broadcast on NHK Hiroshima in 2009.  The story describes the interactions between an elderly author and a young staffer from a publishing company as they collaborate on a book cover design for the author's latest novel.",
    "genres" : [ {
      "id" : 18,
      "name" : "Drama"
    } ]
  }, {
    "id" : 220225,
    "title" : "Cottonpickin' Chickenpickers",
    "overview" : "Darby Clyde Fenster and Jerry Martin are a pair of penniless nincompoop-drifters who hop a freight train on their way to Florida. Our intrepid heroes find themselves facing one comic situation after another in this gloriously loopy Southern fried comedy-with-music.",
    "genres" : [ ]
  }, {
    "id" : 220235,
    "title" : "The Revolt of the Thralls",
    "overview" : "A three part story about the plague, religion and revolt in Northern Europe in the period 1349 to 1542.",
    "genres" : [ {
      "id" : 16,
      "name" : "Animation"
    } ]
  }, {
    "id" : 220240,
    "title" : "Love Under the Elms",
    "overview" : "An adolescent boy and girl meet at a rural, turn-of-the-century Austrian resort where they are vacationing with their respective liberal-minded, single parents. Their budding love affair hits a serious snag when their two parents fall in love as well.",
    "genres" : [ {
      "id" : 10749,
      "name" : "Romance"
    }, {
      "id" : 18,
      "name" : "Drama"
    } ]
  }, {
    "id" : 220265,
    "title" : "Horny Family",
    "overview" : "From the outside, the Suhs seem like a loving, cookie-cutter, middle-class family with their lives in perfect order. In reality, everyone is hiding some secrets. The father has the hots for a young grad student. The mother is flirting around with a photographer she's posing for. The daughter is engaged but has a sex partner on the side. The son has a girlfriend, but he's been stalking the same student his father likes! What will happen to this perfect family when the secrets spill?",
    "genres" : [ {
      "id" : 10749,
      "name" : "Romance"
    }, {
      "id" : 35,
      "name" : "Comedy"
    } ]
  }, {
    "id" : 220290,
    "title" : "Why Beauty Matters",
    "overview" : "Contemporary philosopher Roger Scruton presents a fascinating argument for the importance of beauty in our art and in our lives, and explores what truly is and is not beautiful, regardless of its beholder.",
    "genres" : [ ]
  }, {
    "id" : 220295,
    "title" : "Natpwe: The Feast of the Spirits",
    "overview" : "In Natpwe, the feast of the spirits, co-directors Tiane Doan na Champassak and Jean Dubrel have produced an immersive, seemingly timeless document of an annual Burmese trance ritual that dates back to the eleventh century. Shot in Super 8 and 16mm in sooty black and white, the film conveys the astonishing sense of liberation of tens of thousands of bodies and minds — a mass expression of faith, but also a rapturous respite from societal intolerance.",
    "genres" : [ {
      "id" : 99,
      "name" : "Documentary"
    } ]
  }, {
    "id" : 220300,
    "title" : "Un rolls para Hipólito",
    "overview" : "Hipólito, a factory janitor whose workers are on strike, is choosen as spokesperson for your workers' complaints to the principal. He, who is not willing to budge, decides to earn the concierge, naming his personal secretary.",
    "genres" : [ {
      "id" : 35,
      "name" : "Comedy"
    } ]
  }, {
    "id" : 220310,
    "title" : "The Vernon Johns Story",
    "overview" : "In 1948, Johns served as the outspoken spiritual leader of the Dexter Avenue Baptist Church in Montgomery, Alabama. Incensed at the racial injustice that pervaded the South, he was determined to fight for equality for all African Americans.",
    "genres" : [ ]
  }, {
    "id" : 220315,
    "title" : "The Connection",
    "overview" : "An out-of-work newspaperman in need of money becomes the go-between for a jewel thief and an insurance company that wants to settle.",
    "genres" : [ {
      "id" : 18,
      "name" : "Drama"
    }, {
      "id" : 80,
      "name" : "Crime"
    } ]
  }, {
    "id" : 220325,
    "title" : "Sigur Ros - Live at Benicassim",
    "overview" : "Sigur Rós are an Icelandic post-rock band from Reykjavík, who have been active since 1994. Known for their ethereal sound, frontman Jónsi Birgisson's falsetto vocals, and the use of bowed guitar, the band's music is also noticeable for its incorporation of classical and minimalist aesthetic elements. The band is named after Jónsi's sister Sigurrós Elin.",
    "genres" : [ {
      "id" : 10402,
      "name" : "Music"
    } ]
  }, {
    "id" : 220355,
    "title" : "Otro verano",
    "overview" : "Cano, an obsessed man, comes back to the summer house where his girlfriend Sara disappeared, to recreate the last week they spent together.",
    "genres" : [ ]
  }, {
    "id" : 220365,
    "title" : "L'Assenza",
    "overview" : "A man becomes obsessed by the sight of his own double in an Italian film from the early 1960s.",
    "genres" : [ {
      "id" : 18,
      "name" : "Drama"
    }, {
      "id" : 35,
      "name" : "Comedy"
    } ]
  }, {
    "id" : 220380,
    "title" : "张学友1/2世纪世界巡回演唱会",
    "overview" : "",
    "genres" : [ {
      "id" : 10402,
      "name" : "Music"
    } ]
  }, {
    "id" : 220390,
    "title" : "Guilty of Innocence: The Lenell Geter Story",
    "overview" : "This is the story of Lenell Geter, an engineer who was accused and convicted of armed robbery. Because he had such faith in the system, he thought that he would eventually be released. But he was in jail for 18 months until a lawyer from the NAACP was brought to assist in his case.",
    "genres" : [ {
      "id" : 18,
      "name" : "Drama"
    } ]
  }, {
    "id" : 220400,
    "title" : "Diente por diente",
    "overview" : "Pablo Kramsky, a crime reporter for a tabloid newspaper is the victim of a home invasion. A colleague offers him a gun for self-defense, and this leads Kramsky to kill a person when he feels endangered. Kramsky is not brilliant at his job, but when he writes an article about a possible vigilante taking justice into his own hands, he gains the recognition of his superior and the admiration of his coworkers. Thus, Kramsky repeats the formula, committing crimes and writing about them, creating a crime fighting national hero.",
    "genres" : [ {
      "id" : 53,
      "name" : "Thriller"
    } ]
  }, {
    "id" : 220415,
    "title" : "Snuden 1 - Snuden rejser hjemmefra",
    "overview" : "Snuden is a secret and peaceful animal who lives in a green bog. He is a friend to all animals.  One day a hunter tries to shoot Snuden's best friend, the otter Otto. Snuden decides that he will try to find an explanation to why humans are that mad.",
    "genres" : [ {
      "id" : 16,
      "name" : "Animation"
    } ]
  } ]
}