{
  "movies" : [ {
    "id" : 210125,
    "title" : "A Christmas Carl",
    "overview" : "A hobo Santa shows up on a conservative fathers doorstep one Christmas Eve and sings his way into their hearts and home.",
    "genres" : [ {
      "id" : 16,
      "name" : "Animation"
    } ]
  }, {
    "id" : 210140,
    "title" : "How the Cossacks Played Football",
    "overview" : "A group of cossacks travels around Europe, playing football against the teams of different countries, each of which has their very unique playing style.",
    "genres" : [ {
      "id" : 12,
      "name" : "Adventure"
    }, {
      "id" : 16,
      "name" : "Animation"
    }, {
      "id" : 35,
      "name" : "Comedy"
    } ]
  }, {
    "id" : 210155,
    "title" : "How Cossaks became Olimpians",
    "overview" : "",
    "genres" : [ {
      "id" : 16,
      "name" : "Animation"
    }, {
      "id" : 35,
      "name" : "Comedy"
    }, {
      "id" : 12,
      "name" : "Adventure"
    } ]
  }, {
    "id" : 210180,
    "title" : "I'm the Girl He Wants to Kill",
    "overview" : "Returning home to her flat, Ann Rogers passes a stranger leaving the building. A few moments later she discovers her neighbor lying dead in the hallway, the latest victim of a serial killer. Ann could be able to identify the killer, but the killer also knows her face and knows he needs to silence the witness...",
    "genres" : [ ]
  }, {
    "id" : 210185,
    "title" : "Twice Upon a Time",
    "overview" : "A pair of twin girls are separated when their parents divorce. They meet again by accident when they are both sent to the same Summer camp and they start to hatch a plot to get back together. - Steve Crook",
    "genres" : [ {
      "id" : 35,
      "name" : "Comedy"
    }, {
      "id" : 18,
      "name" : "Drama"
    }, {
      "id" : 10751,
      "name" : "Family"
    } ]
  }, {
    "id" : 210190,
    "title" : "Akihabara Majokko Princess",
    "overview" : "A short film by superflat pioneer Takashi Murakami that played at the Pop Life: Art in a Material World exhibition at London's Tate Modern museum. It stars Kirsten Dunst dancing through the streets of the Akihabara district in Tokyo dressed as a colorful princess, singing a cover of the Vapors' \"Turning Japanese\".",
    "genres" : [ {
      "id" : 10402,
      "name" : "Music"
    } ]
  }, {
    "id" : 210200,
    "title" : "From Dreyer to von Trier",
    "overview" : "Acclaimed cinematographer Henning Bendtsen reflects on working with directors Carl Theodor Dreyer and Lars von Trier.",
    "genres" : [ ]
  }, {
    "id" : 210205,
    "title" : "Joe Zawinul & The Zawinul Syndicate: 75th",
    "overview" : "The quality of keyboardist/composer/bandleader Joe Zawinul's music remained unparalleled to the very end. This titan of the jazz world – whose innovative and genre-bending sensibilities gave rise to such visionary musical entities as Weather Report and the Zawinul Syndicate – took his final bow on September 11, 2007, at age 75 after a battle with cancer. Recorded in concert at a festival date in Lugano, Switzerland, on July 7, 2007, this aptly titled concert video is unwavering proof that Zawinul, like so many great artists, clearly saved some of his best work for last. This is a perfect companion piece to the 75 audio CD, which garnered a GRAMMY in 2010 for Best Contemporary Jazz Album.",
    "genres" : [ {
      "id" : 10402,
      "name" : "Music"
    } ]
  }, {
    "id" : 210245,
    "title" : "My Brother the Islamist",
    "overview" : "Filmmaker Robb Leech attempts to understand his stepbrother's journey from middle-class white boy in Weymouth to convicted terrorist. In 2010 Robb spent a year filming his stepbrother Rich after he turned his back on the world in which he grew up to become a fundamentalist Muslim called Salahuddin.  Robb began filming with his stepbrother as he entered a strange new world where everyone talked about fighting jihad and implementing Sharia law. The result was Robb's acclaimed BBC Three documentary, My Brother the Islamist.  When, in 2013, Salahuddin is convicted of preparing terrorism acts and jailed for six years, Robb is desperate to know what triggered his stepbrother, and others like him, to cross the line. Robb seeks out imam and psychologist Alyas Karmani to understand what drives young British-born men and women into radical jihadism. And he confronts Anjem Choudary, the man who converted Rich, about his role in Salahuddin's radicalisation",
    "genres" : [ {
      "id" : 99,
      "name" : "Documentary"
    } ]
  }, {
    "id" : 210250,
    "title" : "Louis Theroux: Gambling in Las Vegas",
    "overview" : "Louis heads to Las Vegas, to reveal the world behind the myths of casino culture. Among the people he meets are two of the casino's 'high-rollers' and an employee who looks after them as well as a retired doctor who says she has gambled away $4million in seven years.",
    "genres" : [ {
      "id" : 99,
      "name" : "Documentary"
    } ]
  }, {
    "id" : 210275,
    "title" : "Contactos",
    "overview" : "With a negligible budget and few technical means (just a rented camera), this young cinematographer finished his first feature length film in a little more than two weeks. Contactos (Contacts) is a film compendium taken from the productive singularities of a marginal cinema that confronted film models concerning Franco’s dictatorship. Contactos was filmed without administrative intervention and control, and made under a high degree of secrecy, using 16mm film in black and white (The soundtrack was dubbed in after filming at a small Madrid sound studio), and without benefit of commercial distribution. - Javier Moral",
    "genres" : [ ]
  }, {
    "id" : 210280,
    "title" : "Spandex Loads 4",
    "overview" : "Explore Every Contour Of Their Curvaceous Derrieres! Director Kevin Moore has a fetishistic obsession with the female ass, particularly when displayed in shiny, elastic spandex material. In 'Spandex Loads #4,' his latest specialty video for the Buttman Choice line, Kevin and his trusty POV camera showcase the erotic appeal of skintight Lycra leggings. The intimate, one-on-one scenes run the gamut from seductive teasing to explicit hard-core action that compels the director to ejaculate creamy appreciation all over the stretchy fabric molding the butts of his beautiful babes.",
    "genres" : [ ]
  }, {
    "id" : 210285,
    "title" : "An Obsession",
    "overview" : "An Obsession is Aoyama's remake for the 1990s of Akira Kurosawa's Stray Dog (\"Nora inu,\" 1949). The basic plot situation is the same: a cop, after losing his gun to a killer, sets out on a search for the criminal who in the end is all too disturbingly similar to the hero. Under Kurosawa's humanistic world view, Stray Dog presented the fundamentally shared nature of Japanese suffering amidst the Occupation and postwar poverty. An Obsession, however, is different.The film begins with a fin-de-siecle, apocalyptic sense of insanity which Kurosawa's humanism could never tolerate.",
    "genres" : [ {
      "id" : 18,
      "name" : "Drama"
    } ]
  }, {
    "id" : 210290,
    "title" : "Kamen Rider × Kamen Rider × Kamen Rider The Movie: Cho-Den-O Trilogy - Episode Blue: The Dispatched Imagin is Newtral",
    "overview" : "Episode Blue: The Dispatched Imagin is Newtral features the blue-colored Kamen Rider New Den-O. The story is themed around \"Friendship\" and features Den-O and New Den-O attempting to regain control of the DenLiner (having lost it in Episode Red) when an Imagin takes it over, as well as two mysterious men. Throughout, Kotaro's and Teddy's friendship is tested and strengthened.",
    "genres" : [ {
      "id" : 878,
      "name" : "Science Fiction"
    }, {
      "id" : 28,
      "name" : "Action"
    }, {
      "id" : 12,
      "name" : "Adventure"
    } ]
  }, {
    "id" : 210295,
    "title" : "Shattered Spirits",
    "overview" : "Martin Sheen plays an alcoholic father who loses his family.",
    "genres" : [ ]
  }, {
    "id" : 210305,
    "title" : "Matty Hanson and the Invisibility Ray",
    "overview" : "Super genius Matty Hanson (Keir Gilchrist) works on top secret science project at a major university research lab. When Matty discovers a formula for invisibility, he and his friend Alice (Emily Hirst) find themselves on the run from government agents and corporate bad guys who want the invisible ray to use as a military weapon. Now it's up to Matty to protect his invention, help a girl in distress and solve a criminal conspiracy that unravels the mystery of what happened to his missing father.",
    "genres" : [ {
      "id" : 878,
      "name" : "Science Fiction"
    }, {
      "id" : 10751,
      "name" : "Family"
    }, {
      "id" : 14,
      "name" : "Fantasy"
    } ]
  }, {
    "id" : 210310,
    "title" : "High School Musical: China",
    "overview" : "Ning Ning is a new student at her school, where her passion for singing helps her form a relationship with a boy in her class. Together with their friends, they fight the odds to participate in an inter-school singing competition.",
    "genres" : [ {
      "id" : 10749,
      "name" : "Romance"
    }, {
      "id" : 10402,
      "name" : "Music"
    } ]
  }, {
    "id" : 210315,
    "title" : "Young Blood",
    "overview" : "A fateful attempt to reconcile an estranged family relationship offers a moving portrait of love blunted by tragedy in this affecting family drama from director Leo Ricciardi. Little Santiago is traveling into the countryside with his parents when a sudden tragedy prevents the trio from extending the olive branch to the boy's curmudgeonly grandfather Juan. A man whose long and difficult life gradually turned his heart to stone, Juan soon finds the companionship of his wide-eyed grandson offering new hope for a world he previously dismissed as callous and cruel.",
    "genres" : [ {
      "id" : 18,
      "name" : "Drama"
    } ]
  }, {
    "id" : 210320,
    "title" : "Science Fiction",
    "overview" : "Nine-year old Andreas Decker is the new kid in town. He tells his class that he has lived all over the world on account of his parents being top scientific researchers. Yet classmate Vero finds Andreas's workaholic parents really weird. She suggests to spy on them. When Andreas overhears their conversation about conquering the world and becoming leaders, their can only be one conclusion for the baffled children: Andreas's parents are aliens.",
    "genres" : [ {
      "id" : 12,
      "name" : "Adventure"
    }, {
      "id" : 53,
      "name" : "Thriller"
    }, {
      "id" : 10751,
      "name" : "Family"
    }, {
      "id" : 878,
      "name" : "Science Fiction"
    } ]
  }, {
    "id" : 210325,
    "title" : "The Inn on Dartmoor",
    "overview" : "A private detective tries to find out how and why some convicts have mysteriously disappeared from the prison of Dartmoor.",
    "genres" : [ {
      "id" : 18,
      "name" : "Drama"
    }, {
      "id" : 9648,
      "name" : "Mystery"
    }, {
      "id" : 53,
      "name" : "Thriller"
    } ]
  }, {
    "id" : 210335,
    "title" : "Burning of the Imperial Palace",
    "overview" : "Dramatization of events from the Second Opium War which culminated in the looting and destruction of imperial estate \"Yuan Ming Yuan\", AKA the Old Summer Palace by invading English and French troops.",
    "genres" : [ ]
  }, {
    "id" : 210340,
    "title" : "Brotherhood",
    "overview" : "Liu and Keung are competent constables and good partners. But Keung is fired just because of a minor mistake. Gradually falling into a financial crisis, Keung is forced to commit crimes. Liu wants to help but he himself is trapped and has to face internal investigations. As his young brother Raymond is assigned to arrest Keung's gang, Liu is put in a dilemma. Finally, Keung promises Liu he'll give himself up. But the gang won't let them stay alive for long.",
    "genres" : [ ]
  }, {
    "id" : 210360,
    "title" : "La furia dei barbari",
    "overview" : "",
    "genres" : [ ]
  }, {
    "id" : 210365,
    "title" : "The Brides Are Coming",
    "overview" : "Jelena, a woman of character, rules an inn in an isolated place in the countryside. She lives with her two sons: Martin and Jakov. Martin has been married to Kata for 5 years, but never succeeded in having a child. Jakov sleeps with his mother in postures suggesting incest, but he is in love with Kata. Each night he hears her cries, the sexual acts with her husband inevitably finish with violence. One day, Jakov can't stand anymore, he leaves, and Kata is found dead the next morning. Two characters arrive then : an old man, who turns to be the father of Martin ; he settles and declares being returned to die here. And a girl, that Martin will keep as his new wife.",
    "genres" : [ {
      "id" : 18,
      "name" : "Drama"
    } ]
  }, {
    "id" : 210370,
    "title" : "Abandoned",
    "overview" : "Set during WWII, the film is a drama of the Italian resistance, with all the usual clichéd characters in attendance. The central character, a bombed-out gamine who falls in love with an Italian partisan, is played by Lucia Bose, who earned a great deal of praise for her performance. Most of the film deals with the culture-clash between the citified resistance fighters and their rural hosts. (AllMovie)",
    "genres" : [ {
      "id" : 18,
      "name" : "Drama"
    } ]
  }, {
    "id" : 210390,
    "title" : "Soldati e capelloni",
    "overview" : "",
    "genres" : [ ]
  }, {
    "id" : 210395,
    "title" : "Tarzan, The Ape Man",
    "overview" : "Director Joseph M. Newman's 1959 version of the Edgar Rice Burroughs tale stars Denny Miller as the jungle vine-swinger.",
    "genres" : [ {
      "id" : 12,
      "name" : "Adventure"
    }, {
      "id" : 28,
      "name" : "Action"
    } ]
  }, {
    "id" : 210415,
    "title" : "Job Street",
    "overview" : "A day in the life of three illegal immigrants struggling to find work in the UK black market. Rendered powerless by their situation each character faces exploitation with dreadful consequences.",
    "genres" : [ ]
  }, {
    "id" : 210445,
    "title" : "Rocks at Whiskey Trench",
    "overview" : "The fourth film in Alanis Obomsawin's landmark series on the Oka crisis uses a single, shameful incident as a lens through which to examine the region's long history of prejudice and injustice against the Mohawk population.",
    "genres" : [ {
      "id" : 99,
      "name" : "Documentary"
    } ]
  }, {
    "id" : 210485,
    "title" : "Messies, ein schönes Chaos",
    "overview" : "A Movie about People who collect everything",
    "genres" : [ {
      "id" : 99,
      "name" : "Documentary"
    } ]
  }, {
    "id" : 210500,
    "title" : "Year One in the North",
    "overview" : "In 1868, after the fall of the Shogun-dominated Japan, the new government orders people from Awaji, near Kobe, to re-locate to the northern part of Hokkaido. These people once supported the now displaced Samurais of the older days. After two years, over 500 of them settled in their new land under the leadership of Hideaki, husband of Shino. However, as crops fail he is to go to Sapporo to learn new techniques of farming, leaving his wife and daughter for 5 years. All this time, the new community is constantly watched by the government which choose to again uproot them from their new homes.",
    "genres" : [ {
      "id" : 18,
      "name" : "Drama"
    }, {
      "id" : 36,
      "name" : "History"
    } ]
  }, {
    "id" : 210520,
    "title" : "Bananas",
    "overview" : "All monkeys get what they want.",
    "genres" : [ {
      "id" : 16,
      "name" : "Animation"
    } ]
  }, {
    "id" : 210530,
    "title" : "Train to Stockholm",
    "overview" : "After spending most of his life abroad, a peculiar young man returns to his birthplace with high hopes of finding love.",
    "genres" : [ {
      "id" : 12,
      "name" : "Adventure"
    }, {
      "id" : 18,
      "name" : "Drama"
    }, {
      "id" : 10749,
      "name" : "Romance"
    } ]
  }, {
    "id" : 210540,
    "title" : "Chambre noire",
    "overview" : "",
    "genres" : [ {
      "id" : 53,
      "name" : "Thriller"
    } ]
  }, {
    "id" : 210545,
    "title" : "God's Land",
    "overview" : "About a religious group from Taiwan who travel to Texas to find Jesus on TV and the end of the world.",
    "genres" : [ {
      "id" : 35,
      "name" : "Comedy"
    }, {
      "id" : 18,
      "name" : "Drama"
    } ]
  }, {
    "id" : 210550,
    "title" : "Pokiri 2",
    "overview" : "Pokiri is a Indian Telugu film written and directed by Puri Jagannadh starring Mahesh Babu and Ileana D'Cruz in the lead roles and Prakash Raj, Sayaji Shinde and Ashish Vidyarthi in supporting roles.",
    "genres" : [ {
      "id" : 28,
      "name" : "Action"
    } ]
  }, {
    "id" : 210555,
    "title" : "Rope",
    "overview" : "A methodic young man is felling like his life has been snatched from him and plots a scheme to commit suicide. In a confused state of mind, he drives his car to a park wearing a suit and having a rope in his hands. He parks his car, and while preparing the gallows in a tree and checking his watch, he repeats many time the sequence of words \"- rope, suit, park, hang\" in his thoughts as if it was a check list for committing suicide.",
    "genres" : [ {
      "id" : 18,
      "name" : "Drama"
    } ]
  }, {
    "id" : 210590,
    "title" : "Pingu's The Thing",
    "overview" : "Pingu Meets John Carpenter.",
    "genres" : [ {
      "id" : 35,
      "name" : "Comedy"
    }, {
      "id" : 27,
      "name" : "Horror"
    }, {
      "id" : 16,
      "name" : "Animation"
    } ]
  }, {
    "id" : 210605,
    "title" : "Essay",
    "overview" : "A boy writes an essay about a bad day.",
    "genres" : [ {
      "id" : 35,
      "name" : "Comedy"
    } ]
  }, {
    "id" : 210610,
    "title" : "Porwanie w Tiutiurlistanie",
    "overview" : "",
    "genres" : [ {
      "id" : 16,
      "name" : "Animation"
    } ]
  }, {
    "id" : 210615,
    "title" : "The Son",
    "overview" : "Ange leaves New York to fly to his native Corsica. His mother is dying and Ange, who was not present when his father died, wishes to be present at her death. In Corsica Ange finds his brother Baptiste who married Maria, the woman he loved. He finds out that his father was killed, but nobody wants to tell him the name of the killer. And finally he finds two killers expecting him.",
    "genres" : [ {
      "id" : 18,
      "name" : "Drama"
    } ]
  }, {
    "id" : 210640,
    "title" : "The Haunted Mask",
    "overview" : "A teenage girl, Carly Beth, wishes for a scarier mask to wear on Halloween and finds one at an old store. What she doesn't realize is that the mask itself is evil and has the power to take control of the wearer.",
    "genres" : [ {
      "id" : 27,
      "name" : "Horror"
    } ]
  }, {
    "id" : 210645,
    "title" : "Soul in the Sea",
    "overview" : "The true story of one woman's quest to befriend and protect and extroverted wild dolphin, Moko. Filmed in the 6 months leading up to Moko's death, Soul in the Sea follows a journey of discovery, devastating loss, and resolution. It's a love story with a difference; breaking through the invisible wall between people and animals, celebrating the incredible experience of friendship with a lone wild dolphin, and questioning whether we are truly aware of these souls in the sea. The greatest friendships can come out of the blue...",
    "genres" : [ ]
  }, {
    "id" : 210650,
    "title" : "The Pixel Painter",
    "overview" : "Meet Hal Lasko, mostly known as Grandpa, a 97-year-old man who uses Microsoft Paint from Windows 95 to create artwork that has been described as “a collision of pointillism and 8-Bit art.” Lasko, who is legally blind, served in WWII drafting directional and weather maps for bombing raids and later worked as a typographer (back when everything is done by hand) for clients such as General Tire, Goodyear and The Cleveland Browns before retiring in the 1970s. Decades after his retirement his family introduced him to Microsoft Paint and he never looked back.",
    "genres" : [ ]
  }, {
    "id" : 210655,
    "title" : "Black Dawn",
    "overview" : "Jake Killian, ex-cop, searches for a mysteriously abducted US-banker, with the help of the single living witness, a stripper called Extasy.",
    "genres" : [ {
      "id" : 28,
      "name" : "Action"
    } ]
  }, {
    "id" : 210670,
    "title" : "Andrea Bocelli: A Child Destined to Sing",
    "overview" : "Andrea Bocelli: Child Destined To Sing, the moving biography of the acclaimed tenor who is now one of the world's most successful male solo recording artists selling more than 20 million records worldwide. With exclusive behind-the-scenes footage and never-before-broadcast interviews, Jonathan Pryce narrates the tenor's journey to fame with stand-out moments including his 2000 Statue of Liberty Concert and the heart-wrenching 9/11 Memorial concert.",
    "genres" : [ ]
  }, {
    "id" : 210680,
    "title" : "Buscant l'home perfecte",
    "overview" : "Virginia, a girl disappointed several failed romantic relationships, decides to become a single mother and sets out to find the ideal man to become the father of her child. In their research will have to decide between three candidates: Gabriel, a low hours bohemian writer and former high school teammate, Miguel, his new boss in a company where she works, and Daniel, the husband of her best friend.",
    "genres" : [ ]
  }, {
    "id" : 210690,
    "title" : "L'elefante bianco",
    "overview" : "Late nineteenth century. Jarma is a small Asian kingdom that stands between the green of the rice paddies of Thai Samuthprakarn diamond crown beautiful tropical sea of French Indochina. For Maia, the young princess of Jarma, and Gabriel Barthes, the son of a French advisor their King. differences of race and class do not count. Instigated by the sweet wisdom of the monk Li, both young men are promised eternal fidelity. But the swirl of the separate colonial history of the cruelest form when a sinister character assassinate the brother of Maia.",
    "genres" : [ ]
  }, {
    "id" : 210695,
    "title" : "Much Ado About Nothing: Shakespeare's Globe Theatre",
    "overview" : "Much Ado About Nothing is a comedic play by William Shakespeare thought to have been written in 1598 and 1599, as Shakespeare was approaching the middle of his career. The play was included in the First Folio, published in 1623. Much Ado About Nothing is generally considered one of Shakespeare’s best comedies, because it combines elements of robust hilarity with more serious meditations on honor, shame, and court politics. Like As You Like It and Twelfth Night, Much Ado About Nothing, though interspersed with darker concerns, is a joyful comedy that ends with multiple marriages and no deaths.  Also known as \"Globe on Screen: Much Ado About Nothing\".",
    "genres" : [ {
      "id" : 35,
      "name" : "Comedy"
    }, {
      "id" : 18,
      "name" : "Drama"
    } ]
  }, {
    "id" : 210700,
    "title" : "Maid To Ass Fuck",
    "overview" : "",
    "genres" : [ ]
  }, {
    "id" : 210705,
    "title" : "Windham Hill - Winter",
    "overview" : "This program has been hailed as a natural moment so perfectly described that it will never be forgotten. Scenes captured in Colorado, Utah, Nevada and California during the months of December 1984 and January 1985 accompanied by the music of 12 Windham Hill artists. Includes an original composition by Mark Isham created and scored for this video.",
    "genres" : [ ]
  }, {
    "id" : 210710,
    "title" : "The Street Stops Here",
    "overview" : "The Street Stops Here is a portrait of the nation's best high school basketball coach, Bob Hurley, Sr. and his career-long struggle to inspire and motivate those around him in order to keep the doors of a poor, inner-city Catholic school open. This is a story about teenagers fighting their way out of the 'hood, armed with little more than a basketball and the hard wisdom of a fierce, demanding coach. For 35 years, Hurley has led St. Anthony his way. He's an uncompromising teacher who demands perfection from kids who've known little discipline growing up on the streets of Jersey City. His methodical, yet volatile style works miracles.",
    "genres" : [ ]
  }, {
    "id" : 210715,
    "title" : "Prelude to Fame",
    "overview" : "Prelude to Fame is a 1950 British drama film directed by Fergus McDonell from a story by Aldous Huxley. While vacationing in Italy, Nick Morell (Robin Dowell), son of John Morell (Guy Rolfe), a famous English philosopher and amateur musician and his wife Catherine (Kathleen Ryan), becomes friendly with young Guido (Jeremy Spenser), and Morell discovers the boy has an extraordinary instinct for orchestration and a phenomenal music memory. A neighboring couple, Signor and Signora Boudini (Henry Oscar and Kathleen Byron) become aware of the boy's talents, and she appeals to his parents to let her educate him musically. Torn by their love for their son and, they feel,the duty to let the world hear his talent, they consent.",
    "genres" : [ {
      "id" : 18,
      "name" : "Drama"
    } ]
  }, {
    "id" : 210720,
    "title" : "Rhodes of Africa",
    "overview" : "Rhodes of Africa is a 1936 British biographical film charting the life of Cecil Rhodes. It was directed by Berthold Viertel and starred Walter Huston, Oskar Homolka, Basil Sydney and Bernard Lee.",
    "genres" : [ {
      "id" : 18,
      "name" : "Drama"
    }, {
      "id" : 36,
      "name" : "History"
    } ]
  }, {
    "id" : 210725,
    "title" : "Plunderers of Painted Flats",
    "overview" : "To scare the squatters from the cattle country he claims as his own, rancher Ed Sampson orders the Martin farm house burned. Galt Martin is killed, and his eldest son, Joe, is pistol-whipped. Timmy Martin sees the killer, Cass Becker and points him out when he and Joe are in Painted Flats. Cass forces Joe to put on a gun but Ned East, a retired gunfighter, saves the inexperienced Joe by forcing Cass to draw on him, and Ned is the winner.",
    "genres" : [ {
      "id" : 37,
      "name" : "Western"
    } ]
  }, {
    "id" : 210730,
    "title" : "Gudgudee",
    "overview" : "Naive and easily influenced Ajay Prasad has been married for several years, and lives in remote India with his wife and a son. The family receive an invitation to attend a wedding in Bombay. As Mrs. Prasad and their son are unable to attend, Ajay is asked to attend on his own, which he agrees to do so. Upon arrival in Bombay, he is met at the airport by Ravindranath, who welcomes him, and drives him to his apartment, located in a good upper class locality. Ajay finds out that his next door neighbor is a single woman, who acts in commercials and short advertisements. Ajay decides to indulge in an affair with her, with hilarious results.",
    "genres" : [ ]
  }, {
    "id" : 210735,
    "title" : "Magic Kisa",
    "overview" : "Tells the meeting of two twin brothers after years of separation. One leaves prison and the other lined up and founded a family.",
    "genres" : [ ]
  }, {
    "id" : 210740,
    "title" : "Mapping Perception",
    "overview" : "A documentary examining the causes and effects of Joubert syndrome – a rare hereditary brain disorder, which affects both the motor and intellectual development of its sufferers.",
    "genres" : [ ]
  }, {
    "id" : 210745,
    "title" : "Fallout",
    "overview" : "During the 1940s, Nevil Shute had a steady job as an engineer in the British military but in his spare time, he wrote novels that were being well-received. Once the war was over, Shute choose to move to Australia and focus on writing, soon becoming an internationally acclaimed novelist. His novel On The Beach, particularly hit a chord with the international community, depicting the impact of global nuclear destruction. This documentary studies Shute's career and the adaptation of his most famous novel into a feature film in Melbourne, as his predictions of a post-Hiroshima world seem to be foreboding in their accuracy.",
    "genres" : [ {
      "id" : 99,
      "name" : "Documentary"
    }, {
      "id" : 36,
      "name" : "History"
    } ]
  }, {
    "id" : 210750,
    "title" : "Walk the Talk",
    "overview" : "A well-meaning but misguided talent agent uses his paraplegic girlfriend's government compensation to fund his quest to resurrect a faded club singer's career.",
    "genres" : [ ]
  }, {
    "id" : 210760,
    "title" : "Of Cooks and Kung Fu",
    "overview" : "Efforts of a grandfather teaching his grandson a style of fighting called \"Cooking kung-fu\"",
    "genres" : [ ]
  }, {
    "id" : 210775,
    "title" : "Monkey Drummer",
    "overview" : "Animated short film.",
    "genres" : [ {
      "id" : 878,
      "name" : "Science Fiction"
    }, {
      "id" : 16,
      "name" : "Animation"
    } ]
  }, {
    "id" : 210785,
    "title" : "St. Gertrude",
    "overview" : "When young Gertrude suddenly believes that she is an angel, she sets forth on a journey to earn her halo. Her journey forces her to face the hard truth about the world around her, as well as the people she trusts the most.",
    "genres" : [ ]
  }, {
    "id" : 210790,
    "title" : "Bravo Sierra",
    "overview" : "Set in the fictitious country of Shitholistan, rebel leader battles imperialist forces of the United States, Canada and the UN for control of the country's money rich sod fields.",
    "genres" : [ ]
  }, {
    "id" : 210795,
    "title" : "To Ingrid, My Love, Lisa",
    "overview" : "Lisa (Gun Falck) is a Stockholm fashion designer who leaves the big city to rent a country home for the summer. The landlords have a beautiful 17-year-old daughter Ingrid, and at summer's end Lisa agrees to take Ingrid back to the city to give her a job as a model. When Lisa sets Ingrid up with a date, the teenage temptress wears out her date then bounces from bed to bed in her amorous pursuits of love and freedom. Ingrid invites Lisa over for dinner where they also end up in bed together in this erotic exploitation feature.",
    "genres" : [ {
      "id" : 18,
      "name" : "Drama"
    } ]
  }, {
    "id" : 210805,
    "title" : "Pietà",
    "overview" : "These scenes are a one-minute, condensed version of the conclusion to my last work, Memories of an Angel. The scene of children was shot in the Phillipines recentely, including my daughter, Wind Baillie. The birds, near our home in Washington State. The concluding Pietà, with my wife Lorie and son, Keith-Kenneth, was recorded at the beach here. All the last light of day: “Te lucis ante terminum.” —Bruce Baillie",
    "genres" : [ ]
  }, {
    "id" : 210830,
    "title" : "The Watch",
    "overview" : "Pablo offers Javier a taxi ride to his place and once there, invites him in. After watching television with his cousin, Pablo asks Javier to sleep over. Once in bed, almost naked, they get ready to go to sleep.",
    "genres" : [ ]
  }, {
    "id" : 210835,
    "title" : "Red",
    "overview" : "This story is about a wolf boy who loves Little Red Riding Hood. One day, the girl goes on a trip to deliver a pie to her grandma.",
    "genres" : [ {
      "id" : 16,
      "name" : "Animation"
    }, {
      "id" : 14,
      "name" : "Fantasy"
    } ]
  }, {
    "id" : 210860,
    "title" : "Mortdecai",
    "overview" : "Art dealer, Charles Mortdecai, searches for a stolen painting rumored to contain a secret code that gains access to hidden Nazi gold.",
    "genres" : [ {
      "id" : 35,
      "name" : "Comedy"
    }, {
      "id" : 12,
      "name" : "Adventure"
    } ]
  }, {
    "id" : 210865,
    "title" : "Seventeen Ninja",
    "overview" : "As the Shogun lays dying, seventeen Iga clan ninja are sent to infiltrate the impenetrable fortress where his youngest son is preparing to storm Edo Castle and name himself Shogun by force of arms. They are to either steal the documents that will eventually give him lawful claim to rulership, or they are to assassinate him. But even before they reach the castle walls, they find their every move countered by a ruthless ninja hunter in the employ of the would-be usurper (Konoe), who not only knows their every tactic but knows the exact make-up of their team thanks to his own spies within Edo Castle. As the Iga Ninja fall one by one, the mission's success or complete failure--where failure will result in a bloody war of succession--comes to hinge on a single young and inexperienced ninja (Kotaro).",
    "genres" : [ {
      "id" : 28,
      "name" : "Action"
    }, {
      "id" : 80,
      "name" : "Crime"
    } ]
  }, {
    "id" : 210870,
    "title" : "Reborn from Hell II: Jubei's Revenge",
    "overview" : "Legendary samurai Jubei Yagyu must face off against a necromancer and his army of the undead in order to rescue Ohiro the young ninja girl from the clutches of Inshun Hozoin, the evil man slated to become lord of darkness on the eve of Armageddon. No living man is a match for Jubei's sword, but what skill can this mythic swordsman employ to defeat an army of the undead?",
    "genres" : [ {
      "id" : 12,
      "name" : "Adventure"
    }, {
      "id" : 28,
      "name" : "Action"
    }, {
      "id" : 14,
      "name" : "Fantasy"
    }, {
      "id" : 80,
      "name" : "Crime"
    } ]
  }, {
    "id" : 210885,
    "title" : "Law of the Lawless",
    "overview" : "A former gunfighter, now a circuit court judge, faces his father's killer in a small post-Civil War Kansas town.",
    "genres" : [ {
      "id" : 37,
      "name" : "Western"
    } ]
  }, {
    "id" : 210890,
    "title" : "The Phantom Plainsmen",
    "overview" : "In 1937 the life in out West has not changed much. The boys are working at the Wyoming ranch of Captain Marvin herding horses which he sells to Kurt Redman. Marvin will not sell any horses to any army, but the boys find out that Redman is a German agent shipping the horses directly to the Third Reich. When Marvin tries to stop Redman, his son Tad, who is studying medicine in Germany, is arrested and held hostage. Marvin must fire the boys as the sneaky German agents take over the ranch, but the boys will not give up their attempt to stop them.",
    "genres" : [ {
      "id" : 37,
      "name" : "Western"
    } ]
  }, {
    "id" : 210895,
    "title" : "O.B.A.M. Nude",
    "overview" : "At Occidental College in 1981, a loner snorts cocaine and smokes marijuana, secretly hoping to one day become someone important. His dream - and much more - comes true when Satan appears, promising the world. There is one caveat, though, as a deal with the Devil requires consideration. In this case, not just the delivery of the young man's soul, but millions more... With an agreement procured, Satan and his new protégé plot, plan and scheme a long term agenda that ultimately ends with the United States presidency, transforming the Earth's greatest democracy into a communist fiefdom, ruled by a ruthless dictator.",
    "genres" : [ ]
  }, {
    "id" : 210900,
    "title" : "Bells of Coronado",
    "overview" : "Bells of Coronado is a 1950 American film directed by William Witney and starring Roy Rogers. Roy is an insurance investigator looking into the theft of uranium ore. He must prevent the thieves from taking off in a plane with the stolen ore.",
    "genres" : [ {
      "id" : 37,
      "name" : "Western"
    } ]
  }, {
    "id" : 210905,
    "title" : "เกรียนฟิคชั่น",
    "overview" : "A group of high-school boys in Chiang Mai enjoy the finals years of their adolescent lives and try to negotiate the unpredictable path of growing up. The story centers on Tee, a sensitive boy who lives with his wayward and lovesick sister. After a domestic complication, Tee runs away from the northern city and ends up in Pattaya. As his friends and teachers try to bring him back for the final exam, Tee learns his life lessons the unusual way.",
    "genres" : [ {
      "id" : 35,
      "name" : "Comedy"
    }, {
      "id" : 10749,
      "name" : "Romance"
    } ]
  }, {
    "id" : 210910,
    "title" : "Almost Human",
    "overview" : "Mark Fisher disappeared from his home in a brilliant flash of blue light almost two years ago. His friend Seth Hampton was the last to see him alive. Now a string of grisly, violent murders leads Seth to believe that Mark is back, and something evil is living inside of him.",
    "genres" : [ {
      "id" : 27,
      "name" : "Horror"
    }, {
      "id" : 878,
      "name" : "Science Fiction"
    } ]
  }, {
    "id" : 210915,
    "title" : "Doosara Aadmi",
    "overview" : "Nisha (Raakhee), an accomplished architect is a reclusive after the tragic death of her boyfriend, Shashi Saigal (Shashi Kapoor). This is when Karan Saxena (Rishi Kapoor) offers her employment with his advertising agency, she accepts. Though only she knows that Karan, newly married with Timsi (Neetu Singh) resembles Shashi a lot, and she will do anything in her power to get him.",
    "genres" : [ ]
  }, {
    "id" : 210920,
    "title" : "Home Before Dark",
    "overview" : "It's 1963 in rural Massachusetts, and Nora James has the usual worries of an eleven year-old girl:lipstick, first crushes, staying out of trouble at school...not easy when your teacher is the elderly Sister Concilia. And even harder when your parents are struggling to heal from an almost unbearable loss. Then tragedy strikes another Massachusetts family, the Kennedys, and shatters the fragile bonds holding the James family together, Nora, sent to live with her brittle Aunt Rose, soon learns who she is, what she wants, and what she must do to achieve it. She makes a decision that is both cruel and courageous. Nora's choice unlocks the way to what amounts to the rescue of her family. (Maureen Foley, writer/director of the film)",
    "genres" : [ ]
  }, {
    "id" : 210925,
    "title" : "The Salvage Gang",
    "overview" : "Four children try to raise money to replace a broken saw, taking them on an unexpected journey through the capital.",
    "genres" : [ {
      "id" : 10751,
      "name" : "Family"
    }, {
      "id" : 12,
      "name" : "Adventure"
    } ]
  }, {
    "id" : 210935,
    "title" : "O'Lucky Man",
    "overview" : "Set in the future, Em is a young, good-looking guy whose 'Dream Machine Project' promises much. Unsurprisingly women are queuing up to date him, among them Rose, the sexy vice president of Em's company. While he still indulges in womanizing, Em's life is totally changed when he encounters God in the form of a surreal creature, who makes him an irresistible proposal.",
    "genres" : [ {
      "id" : 14,
      "name" : "Fantasy"
    }, {
      "id" : 35,
      "name" : "Comedy"
    } ]
  }, {
    "id" : 210940,
    "title" : "The Monitors",
    "overview" : "Earthlings chafe at the peace established by a benevolent alien race and set about to rebel.",
    "genres" : [ {
      "id" : 878,
      "name" : "Science Fiction"
    }, {
      "id" : 35,
      "name" : "Comedy"
    } ]
  }, {
    "id" : 210945,
    "title" : "Kommando Störtebeker",
    "overview" : "",
    "genres" : [ {
      "id" : 16,
      "name" : "Animation"
    }, {
      "id" : 10751,
      "name" : "Family"
    } ]
  }, {
    "id" : 210950,
    "title" : "It's a Pleasure",
    "overview" : "It's a Pleasure is a 1945 film starring Sonja Henie. Don Martin is a star hockey player with the Wildcats until he is barred from Hockey for hitting a referee. Through the actions of Chris, Don is able to get a job with Buzz Fletcher's ice-show as the novelty act.",
    "genres" : [ {
      "id" : 10402,
      "name" : "Music"
    }, {
      "id" : 35,
      "name" : "Comedy"
    } ]
  }, {
    "id" : 210955,
    "title" : "Hostile Guns",
    "overview" : "U.S. Marshal Gid McCool (George Montgomery) leads a wagon train of convicted felons to Huntsville prison in this routine western. The only female among the crooks is the dancehall girl Laura Mannon (Yvonne De Carlo), McCool's former flame. When McCool cannot be swayed from completing his lawful duty, Laura tries to endear herself to shotgun rider Mike Reno (Tab Hunter) in hopes he will set her free.",
    "genres" : [ {
      "id" : 37,
      "name" : "Western"
    } ]
  }, {
    "id" : 210970,
    "title" : "Homo.pl",
    "overview" : "",
    "genres" : [ ]
  }, {
    "id" : 210975,
    "title" : "Liars",
    "overview" : "The ﬁlm tells the story of a journalist (Eloisa) whose expose’ of the truth results in life-changing consequences to a baseball team of poor boys. Inspired by a true story.",
    "genres" : [ {
      "id" : 18,
      "name" : "Drama"
    }, {
      "id" : 10751,
      "name" : "Family"
    } ]
  }, {
    "id" : 210980,
    "title" : "Mrs Mandela",
    "overview" : "How Winnie Mandela went from innocent country girl to a fighter against apartheid.",
    "genres" : [ {
      "id" : 10770,
      "name" : "TV Movie"
    }, {
      "id" : 18,
      "name" : "Drama"
    } ]
  }, {
    "id" : 210985,
    "title" : "The End of the Beginning",
    "overview" : "The ﬁlm tells the story of a father who rushes his daughter to ﬁnd a health center that would admit her as she loses so much blood. Will they make it or would the life of young Kat-Kat be put to waste? It is a paramount reﬂection of a father-daughter bond tested by cultural, political and religious hypocrisy.",
    "genres" : [ ]
  }, {
    "id" : 211000,
    "title" : "Curious Alice",
    "overview" : "The story “Alice in Wonderland” is used as a metaphor about the dangers of accidental drug use among children. Curious Alice's trip to Wonderland is not through the rabbit hole, but rather through her home, where the medicine and kitchen cabinets hold substances of lure but danger. After ingesting one of these substances, Alice, now in the Wonderland of her mind, has an altered sense of reality. In her new psychedelic world, she is exposed to more and more drugs, which she may take based on her impaired judgment from the initial drug use.",
    "genres" : [ {
      "id" : 10751,
      "name" : "Family"
    }, {
      "id" : 16,
      "name" : "Animation"
    }, {
      "id" : 14,
      "name" : "Fantasy"
    } ]
  }, {
    "id" : 211005,
    "title" : "Sex, Drugs & Taxation",
    "overview" : "Maybe the best thing to come out of Scandinavia during the hippie years was, in fact, the story of a radical libertarian and a hedonist capitalist. Their friendship, forged by being outsiders in a conformist country, took them through years of adulation and success, with slight detours into the welcoming arms of vilification and imprisonment. A joyride through taxation, mass travel, hookers and politics. Not feeling too constrained by historical facts, director Christoffer Boe's story of Simon Spies and Mogens Glistrup covers just a few of their decades in a tale of warmth and humour, defiance and eccentricity.",
    "genres" : [ {
      "id" : 35,
      "name" : "Comedy"
    }, {
      "id" : 18,
      "name" : "Drama"
    } ]
  }, {
    "id" : 211015,
    "title" : "We Just Want to Play",
    "overview" : "The Ruckland University Men's Rugby team is comprised of an \"Animal House\" quality group of hooligans. Their recent success on the field has been overshadowed by the school's Athletic Director who plans on using the team's funds for his own endeavors. It is up to the boys to band together as a team to stop him from dissolving their program and ruining their chance at winning a league championship.From hardships, sprouts heroes. This lovable group of underdogs must look beyond the fun and games they have had in college and realize that they have found something much more than a rugby team, they found a family.",
    "genres" : [ {
      "id" : 35,
      "name" : "Comedy"
    } ]
  }, {
    "id" : 211020,
    "title" : "Elijah Tindall: The Great Hit",
    "overview" : "Elijah Tindall performing his Christian based stand up comedy routine.",
    "genres" : [ {
      "id" : 35,
      "name" : "Comedy"
    } ]
  }, {
    "id" : 211045,
    "title" : "The Soultangler",
    "overview" : "A crazy scientist called Anton Lupesky develops a drug called Anphorium, which makes the soul leaves the body and enters in any corpse with eyes. It affects the nerve center, causing madness as side effect.",
    "genres" : [ {
      "id" : 27,
      "name" : "Horror"
    } ]
  }, {
    "id" : 211060,
    "title" : "Holy Jumpin' Jimminy! Said Mr. Who",
    "overview" : "Lonely ghost Mister Who goes around scaring orphan kids in this Finnish children's musical.",
    "genres" : [ {
      "id" : 10402,
      "name" : "Music"
    }, {
      "id" : 10751,
      "name" : "Family"
    }, {
      "id" : 10769,
      "name" : "Foreign"
    } ]
  }, {
    "id" : 211065,
    "title" : "Proxy",
    "overview" : "While walking home from her latest OB appointment, a very pregnant Esther Woodhouse is brutally attacked and disfigured by a hooded assailant. This horrible event seems to be a blessing in disguise when Esther finds consolation in a support group. Her life of sadness and solitude is opened up to friendship, understanding, and even acceptance. However, friendship and understanding can be very dangerous things when accepted by the wrong people.",
    "genres" : [ {
      "id" : 18,
      "name" : "Drama"
    }, {
      "id" : 27,
      "name" : "Horror"
    }, {
      "id" : 53,
      "name" : "Thriller"
    } ]
  }, {
    "id" : 211085,
    "title" : "Filthy Gorgeous: The Bob Guccione Story",
    "overview" : "A look at the extraordinary world of Penthouse founder, visionary and provocateur Bob Guccione.",
    "genres" : [ {
      "id" : 99,
      "name" : "Documentary"
    } ]
  }, {
    "id" : 211090,
    "title" : "A Girl with Guitar",
    "overview" : "A romantic story about the girl working in the musical instruments store.",
    "genres" : [ {
      "id" : 10749,
      "name" : "Romance"
    }, {
      "id" : 35,
      "name" : "Comedy"
    } ]
  }, {
    "id" : 211095,
    "title" : "The Barbarians",
    "overview" : "",
    "genres" : [ {
      "id" : 12,
      "name" : "Adventure"
    } ]
  }, {
    "id" : 211100,
    "title" : "The Investigator",
    "overview" : "A veteran police detective becomes a criminal justice teacher and baseball coach at a local high school, leading him to the most important investigation of his life. Inspired by true events.",
    "genres" : [ {
      "id" : 18,
      "name" : "Drama"
    } ]
  } ]
}