{
  "movies" : [ {
    "id" : 319750,
    "title" : "Da Pinche Code",
    "overview" : "In this sexy, silly spoof of \"The Da Vinci Code\" and Hispanic stereotypes, a code hidden in the murals adorning the barrio holds the key to a powerful weapon, and everyone from a hyper crime kingpin to a documentary film crew is searching for it.",
    "genres" : [ ]
  }, {
    "id" : 319755,
    "title" : "Ival Oru Pournami",
    "overview" : "Indian film starring Sudha Chandran",
    "genres" : [ ]
  }, {
    "id" : 319760,
    "title" : "Laila Manju",
    "overview" : "Musical historical drama from P.S. Ramakrishna Rao",
    "genres" : [ ]
  }, {
    "id" : 319765,
    "title" : "Maa Bahen Aur Biwi",
    "overview" : "Film starring Kabir Bedi, Prema Narayan and Raj Kishore",
    "genres" : [ ]
  }, {
    "id" : 319770,
    "title" : "Monihar",
    "overview" : "Film starring Nimu Bhowmick, Biswajeet and Ajit Chatterjee",
    "genres" : [ ]
  }, {
    "id" : 319775,
    "title" : "The Great Circus Catastrophe",
    "overview" : "Of the films that Psilander made at Nordisk during the first two years it is the film Dødsspring til Hest fra Cirkuskuplen (The Great Circus Catastrophe), that is worth noting. Maybe not so much for Psilander's acting, but for the sensational, action-packed storylines that he was in. This film shows the other side of Psilander's fame: his daring. He was an excellent rider and looked fantastic in long riding boots and elegant riding jackets and this skill was exploited in his films.",
    "genres" : [ {
      "id" : 18,
      "name" : "Drama"
    } ]
  }, {
    "id" : 319780,
    "title" : "Panchavarna Kili",
    "overview" : "Indian film starring Jaishankar, Manorama and Muthuraman",
    "genres" : [ ]
  }, {
    "id" : 319785,
    "title" : "Ponnunnjal",
    "overview" : "Film starring Shivaji Ganesan, Muthuraman and Cho Ramasawamy",
    "genres" : [ ]
  }, {
    "id" : 319790,
    "title" : "Ramanan",
    "overview" : "Film starring Adoor Bhasi and Prem Nazir",
    "genres" : [ ]
  }, {
    "id" : 319795,
    "title" : "Rojulu Maraayi",
    "overview" : "Film directed by Tapi Chanakya",
    "genres" : [ ]
  }, {
    "id" : 319800,
    "title" : "Sangate Aika",
    "overview" : "Film starring Chandrakant, Jayshree Gadkar and Sulochana Latkar",
    "genres" : [ ]
  }, {
    "id" : 319805,
    "title" : "Secrets of the Dead: D-Day: The Ultimate Conflict",
    "overview" : "Using epic-scale drama to tell a factual story, this film reveals how the D-Day attack of World War II was planned and executed, not only by the greatest military minds and fearless soldiers but also by a maverick collection of inventors toiling away behind the scenes. Features painstaking reconstructions, interviews and archive footage that detail the incredible minds and machines behind the greatest amphibious invasion in history.",
    "genres" : [ ]
  }, {
    "id" : 319810,
    "title" : "Shakatak: In Concert: Ohne Filter",
    "overview" : "With a sound that's cool, sophisticated and uplifting, Shakatak, the leading light of the British jazz-funk scene in the 1980s, plays an elegant, sophisticated and laid-back type of jazz-funk that echoes American bands such as Spyro Gyra and the Brecker Brothers. This Ohne Filter performance was filmed in the band's prime, in October 1985. Tracks include \"Dark Is the Night,\" \"Day By Day,\" \"City Rhythm,\" \"Easier Said Than Done\" and much more.",
    "genres" : [ ]
  }, {
    "id" : 319815,
    "title" : "Streetball",
    "overview" : "Eight men from the streets of Cape Town band together to fight for their place in society through a fast-paced game of street soccer.",
    "genres" : [ ]
  }, {
    "id" : 319830,
    "title" : "Uyyaala Jampaala",
    "overview" : "Indian drama starring  Kongara Jaggaiah and Krishna Kumari",
    "genres" : [ ]
  }, {
    "id" : 319835,
    "title" : "Vox Lumiere: The Hunchback of Notre Dame",
    "overview" : "Vox Lumiere brings its breathtaking combination of music, dance, theatre and silent film to this thrilling and beautiful retelling of the timeless movie masterpiece The Hunchback of Notre Dame. Vox Lumiere's all-star cast of singers, dancers and musicians bring this classic love story to life. Combining rock opera with silent film.",
    "genres" : [ ]
  }, {
    "id" : 319840,
    "title" : "Tamacha",
    "overview" : "Growing up, nothing could separate best friends Vicky and Raju. But when one chooses a career as a respected policeman and the other turns to a life of crime, their affection for one another turns into a feud that could prove lethal for them both. Directed by Ramesh Ahuja, this thrilling Hindi-language tale of friendship, loyalty and betrayal stars Jeetendra, Rajnikanth, Bhanupriya and Amrita Singh.",
    "genres" : [ ]
  }, {
    "id" : 319845,
    "title" : "50 Cent: Real Money",
    "overview" : "It's all about the Benjamins. Well, not really! In this unique disc, you'll get to know 50 Cent, the hip-hopper who's breaking all the rules and making up his own as he goes along. Included are probing interviews with Ed Lover and Mr. Cheeks, as well as never-before-seen film footage that tells the real story -- up close and personal -- of this extraordinarily unique performer. Definitely not spare change!",
    "genres" : [ ]
  }, {
    "id" : 319855,
    "title" : "Consciousness",
    "overview" : "Filmmaker Gregory Alsbury's fascinating series brings you face to face with the science world's latest theories on consciousness, covering in-depth discussions with 20 scientists on topics as diverse as neurobiology, philosophy, metaphysics, dreaming and causation. All the questions you ever had about your identity, your mind, your place in the universe and more are addressed in this unique journey into the realms of interior human existence.",
    "genres" : [ ]
  }, {
    "id" : 319860,
    "title" : "Germany at War: 1943-1945",
    "overview" : "In this provocative documentary series, black-and-white images culled from private archives and German newsreel footage replay the events of World War II as seen through the eyes of the German citizenry, which received most of its information through carefully orchestrated government propaganda. The last of three volumes presents material produced between 1943 through 1945, tracing the final days of the war from the standpoint of the Axis forces.",
    "genres" : [ ]
  }, {
    "id" : 319865,
    "title" : "Jataka Tales: Elephant Stories",
    "overview" : "Discover the wisdom of the Buddha in this charming series of animated tales drawn from the Jataka, the wellspring of Indian folklore. Each imparts traditional culture and values while delighting children with its cast of elephants. Among the stories: a royal pachyderm outwits a vengeful doctor, a trained animal teaches his callous owner a valuable lesson in compassion, and a flock of quails gets a lesson in avoiding a devious hunter.",
    "genres" : [ ]
  }, {
    "id" : 319870,
    "title" : "Marilyn at the Movies",
    "overview" : "Through film trailers and newsreel footage, this program pays tribute to Marilyn Monroe's silver screen legacy -- and The Misfits director John Huston goes behind the scenes to examine her tumultuous personal life.",
    "genres" : [ ]
  }, {
    "id" : 319880,
    "title" : "Danskernes egen historie - Oplevelser fra østjylland",
    "overview" : "",
    "genres" : [ ]
  }, {
    "id" : 319885,
    "title" : "Paul Rodriguez: Live from the Alamo",
    "overview" : "Paul Rodriguez's observational humor delights a sold-out audience at the Alamo in this groundbreaking concert. The location inspires new Rodriguez material on the city of San Antonio, the Alamo itself and Mexican-American history. After the show, the comic journeys to the city's famed River Walk to conduct candid interviews with locals and tourists. Then, he takes viewers on a revealing tour of the historic Alamo shrine.",
    "genres" : [ ]
  }, {
    "id" : 319890,
    "title" : "Tujhko Pukare",
    "overview" : "Vinay Anand, Heena Rajput, Sheetal Shah, Ayushman, Priya, Manish Wadhwa, Shiva and Mustaq Khan co-star in this ensemble drama about the realities of campus life in Bihar. While on one hand it's the story of a young student who unwittingly gets drawn into a vicious caste war, it also digs deeper to expose the college world's crime-ridden underground, where marriages are often organized at gun point.",
    "genres" : [ ]
  }, {
    "id" : 319900,
    "title" : "Soundstage Presents Peter Cetera",
    "overview" : "Grammy Award winner (and former front man for the band Chicago) Peter Cetera performs classic favorites from his catalog of hits for the SoundStage audience. And in a double-the-fun treat, he's joined by four-time Grammy winner Amy Grant for their duet \"Next Time I Fall\" and classic hits such as \"Baby Baby,\" as well as tunes from her latest album. It's Cetera as you've never seen him -- or heard him -- before. A rare treat.",
    "genres" : [ {
      "id" : 10402,
      "name" : "Music"
    } ]
  }, {
    "id" : 319905,
    "title" : "Fight for the Agreement",
    "overview" : "To escape an arranged marriage, a young lord (Paul Chang Chung) flees to the hidden mountains of Sichuan to study martial arts from one of the world's greatest fighters. When his master is killed, the young warrior sets out to avenge his death, unaware that he's walking into a deadly battle with the woman (Bik Wan Lo) he left at the altar. The young lord is about to experience the true meaning of \"hell hath no fury like a woman scorned.\"",
    "genres" : [ {
      "id" : 28,
      "name" : "Action"
    }, {
      "id" : 12,
      "name" : "Adventure"
    } ]
  }, {
    "id" : 319910,
    "title" : "Broken Horses",
    "overview" : "The bonds of brotherhood, the laws of loyalty, and the futility of violence in the shadows of the US Mexico border gang wars.",
    "genres" : [ {
      "id" : 53,
      "name" : "Thriller"
    }, {
      "id" : 9648,
      "name" : "Mystery"
    }, {
      "id" : 18,
      "name" : "Drama"
    }, {
      "id" : 80,
      "name" : "Crime"
    } ]
  }, {
    "id" : 319915,
    "title" : "The Mac A Zoe Story",
    "overview" : "Venture into the mind of one of Haiti's most infamous gangsters with this unflinching documentary about the man known as Mac A Zoe -- the founder and leader of the fearsome Haitian street gang, Zoe Pound. Telling his story from behind the bars of an American prison cell, Mac shares his thoughts on a wide array of topics, such as the birth of Zoe Pound, voodoo culture and the future for Haitian refugees in the United States.",
    "genres" : [ ]
  }, {
    "id" : 319920,
    "title" : "Kartoos",
    "overview" : "On May 1st 1993 a bomb explodes in Gangaram Park in Bombay, killing more than 150 people, many of whom are children. ACP Jay Suryavanshi is assigned this case, quick arrests are made of four individuals. Jagat Jogia, a terrorist, claims responsibility for these killings, but the police are unable to arrest him as he is now located in London, England. Jay discusses this matter with his senior, and together they recruit dreaded killer, Jeet Balraj, rename him Raja, save him from death-row, promise him freedom in exchange for killing Jagat Jogia, to which Jeet agrees. Jeet is provided with money, passport and living quarters in London, and he re-locates. Upon arrival, he meets with Manpreet Kaur, and both of them fall in love. With someone to motivate him in life, Jeet decides to give up his past life - only to find out that not only Jay has other plans for him, but Jagat is also on the look-out for him - and both their agendas are the same - his death!",
    "genres" : [ ]
  }, {
    "id" : 319925,
    "title" : "Tony Hawk's Gigantic Skatepark Tour 2000",
    "overview" : "Tony Hawk and Jason Ellis get plenty of air time in this harrowing tour disc. For aspiring skateboarding pros (and groupies), Hawk's tour provides a stoked view of life from the road, along with a snapshot of how skateboarding's popularity has soared. The rest of the skaters rate some cool footage, and the \"off days\" adventures, when the crew isn't skating, often border on the hilarious.",
    "genres" : [ ]
  }, {
    "id" : 319930,
    "title" : "Utopia: Live in Boston 1982",
    "overview" : "This video features experimental rockers Utopia performing live in Boston in 1982. Todd Rundgren, Kasim Sulton, Roger Powell and Willie Wilcox show off the group's unique blend of progressive rock, electronica and new wave that made them standouts in the 1970s and '80s. The band performs more than 23 classics, including \"Libertine,\" \"Feet Don't Fail Me Now\" and \"Hammer in My Heart.\" A documentary features interviews with each band member.",
    "genres" : [ ]
  }, {
    "id" : 319935,
    "title" : "Occupation: Hollywood",
    "overview" : "Desperately trying to gain the attention of the notorious promoter known as MO (Marq Terral), D.J. Somers (Dayana Jamine) will do anything to become a professional model. After she meets Downtown Jay Brown, who claims to be connected, D.J. is convinced that she'll soon be represented by MO's prestigious agency. But the promoter's personal demons and cowering fear of television mogul Big Showtime threaten the aspiring beauty's quest for success.",
    "genres" : [ ]
  }, {
    "id" : 319940,
    "title" : "World Extreme Games: BMX Street",
    "overview" : "The rubber meets the road when these risk-taking speedsters push endurance to the limit in the World Extreme Games BMX street finals. This thrill-packed collection also features motocross legends such as \"Mad\" Mike Jones and Luke Urek in action, as well as coverage of mountain boarding, the dual luge finals, sky surfing, wakeboarding and in-line skating with gold medalist Sven Beokhorst. Finally, get a glimpse of the next iteration of BMX design.",
    "genres" : [ ]
  }, {
    "id" : 319945,
    "title" : "The Boy Cried Murder",
    "overview" : "A young lad (Fraser MacIntosh) with a penchant for spinning elaborate yarns gets himself in deep trouble when he tries to tell people that he really did witness a terrible murder.  Unfortunately no one believes him--except the killer.  This multi-national drama/thriller, set within a resort community on the Adriatic Sea is a remake of the 1949 film The Window.\r A screen adaptation of a Cornell Woolrich story of the same name.",
    "genres" : [ {
      "id" : 80,
      "name" : "Crime"
    }, {
      "id" : 18,
      "name" : "Drama"
    }, {
      "id" : 53,
      "name" : "Thriller"
    } ]
  }, {
    "id" : 319950,
    "title" : "10 Yards",
    "overview" : "Filmmakers Hunter Weeks and Josh Caldwell journey across America to chronicle the obsession many sports fans have with playing fantasy football, a form of betting where their imaginary teams score points based on National Football League statistics.",
    "genres" : [ ]
  }, {
    "id" : 319955,
    "title" : "Jeevan Mrityu",
    "overview" : "Film starring Dharmendra, Rakhee Gulzar and Ajit",
    "genres" : [ ]
  }, {
    "id" : 319960,
    "title" : "Kartavya",
    "overview" : "Vijay Kumar, a forest officer returns to the forest where his dad met an untimely end. Will his secret plan to snare poachers succeed? Sandalwood, ivory,animal hides and raw power is at the nexus of money and corruption.",
    "genres" : [ ]
  }, {
    "id" : 319965,
    "title" : "Maan Jaiye",
    "overview" : "Film starring Rakesh Pandey, Rehana Sultan and Asit Sen",
    "genres" : [ ]
  }, {
    "id" : 319970,
    "title" : "Earthquake: These Ain't Jokes",
    "overview" : "No-holds-barred stand-up comic Earthquake unleashes his iconic humor in this riotous comedy special. These Aint Jokes depict Earthquake's unique voice, uncommon appeal and a sense of sensibility that will make the brilliant feel dumb. Nothing is off limits. This comedy special will have you wanting more of Quake.",
    "genres" : [ {
      "id" : 35,
      "name" : "Comedy"
    } ]
  }, {
    "id" : 319975,
    "title" : "The Drop Box",
    "overview" : "One winter, a pastor finds an abandoned infant on his church steps, and builds 'a drop box' to rescue any future foundlings.",
    "genres" : [ {
      "id" : 99,
      "name" : "Documentary"
    } ]
  }, {
    "id" : 319980,
    "title" : "The Winter's Tale from the Royal Ballet",
    "overview" : "The story follows the destruction of a marriage through consuming jealousy, the abandonment of a child and a seemingly hopeless love. Yet, through remorse and regret – and after a statue comes miraculously to life – the ending is one of forgiveness and reconciliation. Wheeldon continues his highly successful collaboration with designer Bob Crowley and composer Joby Talbot, the team behind Alice, in one of the highlights of The Royal Ballet Season.",
    "genres" : [ {
      "id" : 10402,
      "name" : "Music"
    } ]
  }, {
    "id" : 319990,
    "title" : "Vai Trabalhar Vagabundo!",
    "overview" : "",
    "genres" : [ {
      "id" : 35,
      "name" : "Comedy"
    } ]
  }, {
    "id" : 319995,
    "title" : "The Club",
    "overview" : "In a secluded house in a small seaside town live four unrelated men and the woman who tends to the house and their needs. All former priests, they have been sent to this quiet exile to purge the sins of their pasts, the separation from their communities the worst form of punishment by the Church. They keep to a strict daily schedule devoid of all temptation and spontaneity, each moment a deliberate effort to atone for their wrongdoings.",
    "genres" : [ {
      "id" : 18,
      "name" : "Drama"
    } ]
  }, {
    "id" : 320000,
    "title" : "Big Father, Small Father and Other Stories",
    "overview" : "Saigon in the late nineties. Photography student Vu rents a room in a shared flat. With his brand-new camera, a gift from his father, he explores the people, places and things around him. He is particularly fascinated by his flatmate Thang, a charismatic young man who is at home amongst drug dealers, gamblers and prostitutes in the nightlife of Saigon. Thang introduces Vu to the nightclub dancer Van and they have sex, even though Vu feels more attracted to his friend. One day, another flatmate, a street singer, is mugged. When Vu and Thang hurry to his rescue, they are chased and eventually forced to flee to Vu's village in the Mekong Delta, where his father introduces him to his prospective wife. But Vu has little interest in the girl and instead watches with jealousy as Thang flirts with her ...",
    "genres" : [ {
      "id" : 18,
      "name" : "Drama"
    } ]
  }, {
    "id" : 320005,
    "title" : "Under Electric Clouds",
    "overview" : "Russia 2017. The world could be on the verge of a great war. People are anxious that things could fall apart. Evolving around an unfinished building, a diverse group of outsiders struggle to find their place in this rapidly changing society, making up the mosaic of existence that is life itself…",
    "genres" : [ {
      "id" : 18,
      "name" : "Drama"
    }, {
      "id" : 878,
      "name" : "Science Fiction"
    } ]
  }, {
    "id" : 320010,
    "title" : "Rebellion of the Hanged",
    "overview" : "La rebelión de los colgados (Rebellion of the Hanged) is dominated by the presence of Mexican film favorite Pedro Armendariz. The actor is cast as a peasant who works in a mahogany camp in the Mexican jungles with his family. Disgusted with the miserable living conditions imposed upon himself and his co-workers, the peasant finally spearheads a revolt against the sadistic bosses. Some of the scenes of brutality and torture are almost impossible to watch, and as such were trimmed when the film was released to the U.S. by United Artists. The film was based on a novel by Berwick Traven, of The Treasure of the Sierra Madre fame.",
    "genres" : [ {
      "id" : 12,
      "name" : "Adventure"
    }, {
      "id" : 18,
      "name" : "Drama"
    } ]
  }, {
    "id" : 320015,
    "title" : "The Sixth Continent",
    "overview" : "This 95-minute, full-color documentary was released in the U.S. as Sixth Continent. That continent is Africa -- or, more specifically, the coast of Ethiopia. Director Folco Quillici takes his cameras deep, deep into the waters near the coastal islands of Dalach, observing the passing parade of sea life on an up-close-and-personal basis. Particularly thrilling is a shark attack and its aftermath, with the cinematographers obviously in the thick of things. Gian Caspare Napolitano provides the narration, while the lush, evocative musical score is the handiwork of Roberto Nicolosi.",
    "genres" : [ ]
  }, {
    "id" : 320020,
    "title" : "Panic",
    "overview" : "Three tales of horror, isolation and insanity set in Mexico.",
    "genres" : [ {
      "id" : 53,
      "name" : "Thriller"
    }, {
      "id" : 27,
      "name" : "Horror"
    } ]
  }, {
    "id" : 320035,
    "title" : "Mix Tape",
    "overview" : "Ulas, the son of a music-lover father tries to declare his love to Irem with a mix tape he's put together. However, they fall apart and it takes him 10 years to complete this declaration. 10 years later, Ulas who has become a music critic meets Irem by coincidence and yet it will take them another decade to get together.",
    "genres" : [ {
      "id" : 10749,
      "name" : "Romance"
    }, {
      "id" : 18,
      "name" : "Drama"
    }, {
      "id" : 35,
      "name" : "Comedy"
    } ]
  }, {
    "id" : 320040,
    "title" : "Steal Happiness",
    "overview" : "",
    "genres" : [ ]
  }, {
    "id" : 320045,
    "title" : "Hikikomori",
    "overview" : "",
    "genres" : [ ]
  }, {
    "id" : 320050,
    "title" : "Losev",
    "overview" : "Director Victor Kossakovsky dedicated his documentary debut to the Russian philosopher and religious thinker Alexey Fedorovich Losev (1893-1988), who died shortly after the completion of the film.",
    "genres" : [ {
      "id" : 99,
      "name" : "Documentary"
    } ]
  }, {
    "id" : 320055,
    "title" : "Yellow Roses",
    "overview" : "What do today's teenage girls and young women think about growing up in an age where their self-esteem is often at the mercy of the media, technology and friends? How do they handle the constant pressure to be popular? Where do they turn for support? These are just the few of the issues addressed by Yellow Roses. Yellow Roses weaves together sound bites taken from hours of interviews with young women from various areas of the United States. The result is an honest, humorous, gritty and sometimes shocking look into the everyday lives of ordinary girls. Yellow Roses doesn't just focus attention on the often troubling dilemmas that confront today's young women. It also communicates that they are loved and accepted, just as they are.",
    "genres" : [ ]
  }, {
    "id" : 320060,
    "title" : "The Love is Similar to You",
    "overview" : "A young girl, with a troubled past, and a young boy fall in love in a small but beautiful town.",
    "genres" : [ {
      "id" : 18,
      "name" : "Drama"
    } ]
  }, {
    "id" : 320065,
    "title" : "The Quarantine Hauntings",
    "overview" : "17 yr old Jasmine struggles to come to terms with her fathers death. She and her best friend Skye are left to take care of their younger siblings Zac, Blake and Eva when their mother's Sandy and Katherine decide to go on a girls night out to give Sandy a breather. Jasmine and Skye take the kids to the notoriously haunted Quarantine station to research a school assignment where they find out more about a resident ghost; Jolene Denman, AKA the girl in the pink dress. In an attempt to scare the boys, they pretend to evoke the spirit of the troubled girl but when things start going terribly wrong they begin to realize that their actions have had serious consequences. Jasmine and Jolene have a fateful connection. That night as Jasmine's behavior becomes increasingly concerning, Jasmine's boyfriend Cameron and Skye discover that the kids have gone missing.",
    "genres" : [ {
      "id" : 53,
      "name" : "Thriller"
    }, {
      "id" : 27,
      "name" : "Horror"
    } ]
  }, {
    "id" : 320070,
    "title" : "Losev",
    "overview" : "It was one of his mentors who once told Kossakovsky, \"There are two types of intelligent people; some say what they know, while others think while they speak, in order to try and say something they did not know yet, something that suggests itself in them.\" Victor Kossakovsky took this profundity to heart and became a filmmaker of the second category. He dedicated his documentary debut to the speaker of these words, the Russian philosopher and religious thinker Alexey Fedorovich Losev (1893-1988), who died shortly after the completion of this film. Shot in black-and-white, the film consists of two crucial shots that symbolize silence and night at both ends of the life chain. In the beginning of the film, the rising sun slowly swathes a cemetery in daylight. At the end, the earth covers a coffin bit by bit and heralds the great darkness. In Losev's words, \"Divine intentions that lie beyond our reason, that's why we die.\"",
    "genres" : [ ]
  }, {
    "id" : 320075,
    "title" : "Hollywood Sessions: Lead Actor",
    "overview" : "Benedict Cumberbatch, Steve Carell, Robert Downey Jr., Michael Keaton and Eddie Redmayne join The Los Angeles Times' Rebecca Keegan and Mark Olsen for an in-depth discussion of their critically-acclaimed 2014 performances.",
    "genres" : [ ]
  }, {
    "id" : 320080,
    "title" : "Living With A Jamaican",
    "overview" : "Go behind the scenes of what is like to live with a Jamaican. This comedy pitched two college students together on an exchange program that both will never forget. They both have two different cultures, different food, and different lifestyles that will drive each other crazy. This is a must see, it will have you laughing all day.",
    "genres" : [ ]
  }, {
    "id" : 320085,
    "title" : "The Last Man(s) on Earth",
    "overview" : "When inept, self-proclaimed survival experts Kaduche and Wynn discover the world's impending destruction, they pull their act off YouTube and enter Epic Mode to save the Earth. Teaming up with their nemesis, the girl of their dreams, and an eccentric visionary known as the Oracle, the group sets out to battle domestic terrorists, disenfranchised Russian communists and brain-eating zombies.",
    "genres" : [ {
      "id" : 35,
      "name" : "Comedy"
    }, {
      "id" : 12,
      "name" : "Adventure"
    }, {
      "id" : 14,
      "name" : "Fantasy"
    } ]
  }, {
    "id" : 320100,
    "title" : "New Adventures of Tom Sawyer",
    "overview" : "Stow Falls needs a new recreation center and the local merchants have decided to donate money if the kids clean up the town. For each clean up chore, the kids receive a token and the one with the most tokens wins two summer passes to the town's new amusement park. When Tom Sawyer (Phillip Van Dyke) hears this, he's up to his old pranks and convinces the kids in the neighborhood to do all the chores and turn over the tokens to him. But Joe, a charming villain, is really planning to steal all the town's money. When Tom discovers the town is in danger, he and his friends attempt to foil Joe's escape.",
    "genres" : [ ]
  }, {
    "id" : 320105,
    "title" : "Jai Bolo Chakradhari",
    "overview" : "Bollywood 1977",
    "genres" : [ ]
  }, {
    "id" : 320110,
    "title" : "Voodoo Soup",
    "overview" : "A Super Goofy, silly, spoof on everything Vampires, made years before the Jimi Hendrix Album.",
    "genres" : [ ]
  }, {
    "id" : 320115,
    "title" : "Fresh Skweezed",
    "overview" : "An 11 year old, lemonade salesman with a gift for the con, works every angle to raise the money she needs to escape her shaky home life, while enduring constant torment from the neighborhood bully.",
    "genres" : [ ]
  }, {
    "id" : 320120,
    "title" : "Kuheli",
    "overview" : "A Middle Aged Woman named Sheba comes to an Obscure town named Nijhumgarh to be the Governess of a Renowned Household called \"Raykuthi\". But little did she know about the Bungalow and the dwellers. She gets startled to know that two murders took place there nearly seven years earlier. The Mist of the mysterious happenings get only thicker. Now Sheba could only pray for it to Go Away as incidents transcend the rules of our physical world.",
    "genres" : [ ]
  }, {
    "id" : 320125,
    "title" : "Enjoi - Oververt",
    "overview" : "Are you lonely? Are you heartbroken? Do you need a hug? Sorry. We can’t help you. I know, that sucks. But sucking is the new awesome. So our inability to help you out in the hug department really just makes us more awesome. The world is a strange place, it’s true. But if there’s any consolation we do have some recompense to offer you. Here you will find the feeling of being hugged by skaters Louie Barletta, Cairo Foster, Caswell Berry, Nestor Judkins, Wieger Van Wageningen, Jimmy Carlin, Jose Rojo, Clark Hassler, Zack Wallin and Ben Raemers. All of these lovable fellows have destroyed themselves in the process of filming the new enjoi video, Oververt, and they’ve been tending to their wounds with much needed hugs. Now you can join them. Relax. Take a deep breath. Bring it in. Bring it in, fellas.",
    "genres" : [ {
      "id" : 10769,
      "name" : "Foreign"
    }, {
      "id" : 99,
      "name" : "Documentary"
    } ]
  }, {
    "id" : 320130,
    "title" : "Warren Miller's Winter People",
    "overview" : "Join Warren Miller for one of his most classic ski films to date. Meet the cast of skiers like Scott Brooksbank, Phil Davis, Lane Monroe, Hal O'Leary, John Truden, Skeeter Zoberski and many more as they ski around the world and show you why they are true Winter People. Journey to places like Chamonix, Bear Valley, Mammoth, Le Meuire, Sugarloaf, and tons of other great places to ski and see first hand where the great sport of skiing originated.",
    "genres" : [ ]
  }, {
    "id" : 320135,
    "title" : "Hungry for More",
    "overview" : "A 20 something female college graduate, The Subject (Kathleen B. Weeks), contemplates her reason, purpose and worth from both within and from outside social influences. The female subject has one consistent nagging presence for making immediate comparisons, her roommate Kelsey (Fae Raboy). A Short Dramedy introducing Kathleen B. Weeks and Fae Raboy. Special guest appearance by Kona \"The Dog\" as himself. Written and Directed by Michael S. McClafferty",
    "genres" : [ ]
  }, {
    "id" : 320140,
    "title" : "Number Runner",
    "overview" : "Harry Gillespie, book keeper for gangsters, madams, extortionists and drug traffickers, skims money from each of his clients. He escapes to a remote location in Utah with Ebony, a Vegas call girl he has befriended. Ebony discovers Harry is being tracked down by his clients. She tries to convince him to run away to Cuba, but Harry is resigned. Bingo, a New Orleans racketeer arrives, and tortures Harry until he agrees to return his money. They kill him. Others come - Luke from New York, Babette from Los Angeles, and finally Michael from Las Vegas. They murder them one by one. The murders leave Harry with no hope for a better future, and Ebony with no way to escape from Harry.",
    "genres" : [ {
      "id" : 53,
      "name" : "Thriller"
    } ]
  }, {
    "id" : 320145,
    "title" : "How Superman Defeated the KKK",
    "overview" : "In the aftermath of World War II, writer and activist, Stetson Kennedy, sets out on a one-man mission to infiltrate the Ku Klux Klan. Kennedy risks his life to pass on valuable Klan information to the producers of the Superman Radio Show.",
    "genres" : [ {
      "id" : 99,
      "name" : "Documentary"
    } ]
  }, {
    "id" : 320150,
    "title" : "Big Match",
    "overview" : "Choi Ik-Ho (Lee Jung-Jae) is a martial arts star with talent for action and humor. But one day, he is framed for murder. Ace (Shin Ha-Kyun) is a game planner, who makes a game for the Korean upper class. He is a villain who makes a city into a big gameboard through technology. Ace and Choi Ik-Ho become adversaries as Choi Ik-Ho jumps into the game to save his brother.  -asianwiki",
    "genres" : [ {
      "id" : 35,
      "name" : "Comedy"
    }, {
      "id" : 28,
      "name" : "Action"
    }, {
      "id" : 53,
      "name" : "Thriller"
    } ]
  }, {
    "id" : 320155,
    "title" : "Christmas in the Country",
    "overview" : "\"Christmas in the Country\" is a new 90-minute movie on video, filmed in the Rocky Mountains, with hundreds of winter snow scenes and accompanied by 30 favorite Christmas songs. This video will take you through snow-clad forests and rural country settings. You'll scale the Rocky Mountains and experience the serenity of icy mountain streams.",
    "genres" : [ ]
  }, {
    "id" : 320160,
    "title" : "Give Your Walls Some Soul: This Colorful Lady Has Soul",
    "overview" : "Shannon bravely adds color to a blue and white portrait. This episode is about losing your fear of painting people. You'll also get some great lessons in glazing and scumbling.",
    "genres" : [ ]
  }, {
    "id" : 320165,
    "title" : "Los viejos somos así",
    "overview" : "Two card-sharps fall for the same woman.",
    "genres" : [ {
      "id" : 35,
      "name" : "Comedy"
    } ]
  }, {
    "id" : 320170,
    "title" : "Stand Straight, Don't Bend Over",
    "overview" : "",
    "genres" : [ ]
  }, {
    "id" : 320175,
    "title" : "Dark Romances Vol. 1",
    "overview" : "A horror movie duology: \"The Black Veil\"  is set in 1888, as the widow of a psychiatrist visits a college friend who is performing in a theatre that enacts gruesome mutilations and torture. In \"Listen to Midnight\" a photographer recounts the events leading up to his murder, which is linked to a story he had heard in Japan about a female dragonfly luring the male to his death.",
    "genres" : [ {
      "id" : 27,
      "name" : "Horror"
    } ]
  }, {
    "id" : 320180,
    "title" : "Miss Leslie's Dolls",
    "overview" : "Three attractive University students and their equally attractive teacher seek refuge in a house on a dark and stormy night. The house is occupied by the strange “Miss Leslie” and her strangely lifelike “dolls”.",
    "genres" : [ ]
  }, {
    "id" : 320185,
    "title" : "Warren Miller's Steeper and Deeper",
    "overview" : "Follow a n all-star cast of legendary skiers that include Billy Kidd, Doug Lewis, Scot Schmidt, Stein Eriksen and many others as they journey and attempt to ski the even steeper and deeper. Grab your gear and come along to places like New Mexico, Turkey, Chile, and even Hawaii and someday soon maybe you'll be ready to take on the steeper and deeper ski slopes too.",
    "genres" : [ ]
  }, {
    "id" : 320190,
    "title" : "Lazytown Action time 1",
    "overview" : "DVD from Lazytown",
    "genres" : [ ]
  }, {
    "id" : 320200,
    "title" : "Endgame",
    "overview" : "An ordinary chess game between a man and a woman turns into a battle of the sexes.",
    "genres" : [ ]
  }, {
    "id" : 320205,
    "title" : "Frank Lloyd Wright's Fallingwater",
    "overview" : "Learn the history of Fallingwater -- the iconic Pennsylvania home custom-designed for the Kaufmann family by legendary architect Frank Lloyd Wright in 1935 -- in this fascinating documentary film. Highlights include interviews with Fallingwater director Lynda Waggoner and architectural historian Richard Cleary, who explain Wright's concept of \"organic architecture\" and the qualities that make the structure so exceptional.",
    "genres" : [ ]
  }, {
    "id" : 320210,
    "title" : "Hans Christian Andersen: The Fairy Tales: The Wild Swans & Other Stories",
    "overview" : "Princess Elisa tries to rescue her brothers in this freshly animated version of the fairy tale by beloved children's author Hans Christian Andersen. After Elisa's father remarries, the new queen turns her 11 stepsons into swans and expels the princess from the castle. When Elisa is old enough, she sets out on a dangerous quest to save her siblings and break the queen's evil spell. Other stories include \"The Beetle\" and \"The Tinderbox.\"",
    "genres" : [ ]
  }, {
    "id" : 320215,
    "title" : "Maximum MMA: WEF Resurrection",
    "overview" : "A variety of fighting and athletic styles -- including boxing, jujitsu, muay thai, kickboxing, wrestling and pit fighting -- come together in this intense mixed marital arts contest filmed live in Houston, one of the first cities in the United States to sanction mixed marital arts events. Highlights include Marvin \"the Beastman\" Eastman's defense of his World Extreme Fighting light heavyweight title against European champion Antony Rea.",
    "genres" : [ ]
  }, {
    "id" : 320220,
    "title" : "Rethink Afghanistan",
    "overview" : "Filmmaker Robert Greenwald (Outfoxed) carefully examines the war in Afghanistan, raising challenging questions about the destabilization of Pakistan, U.S. troop escalation, ballooning military costs, civilian casualties and much more. Through fascinating interviews with Afghans, veterans, reporters, ex-CIA agents and foreign-policy experts, Greenwald's incisive documentary urges an immediate de-escalation of the conflict.",
    "genres" : [ ]
  }, {
    "id" : 320225,
    "title" : "Sammy Hagar: The Long Road to Cabo",
    "overview" : "The second of three eccentric Van Halen front men, Sammy Hagar may be best known for his strong voice and penchant for good tequila. Hagar is also a fan of Cabo San Lucas (where he owns a bar) and named his band, The Waboritas, after his favorite locale. Includes rare live footage of Hagar's notorious co-headlining tour with his Van Halen predecessor, David Lee Roth, plus a peek backstage during the tour. Note: Contains explicit lyrics.",
    "genres" : [ ]
  }, {
    "id" : 320230,
    "title" : "Un novio de mierda",
    "overview" : "After four months without seeing each other, a girl is visited by her ex-boyfriend.",
    "genres" : [ {
      "id" : 35,
      "name" : "Comedy"
    } ]
  }, {
    "id" : 320235,
    "title" : "Cary Grant: A Gentleman's Gentleman",
    "overview" : "More than just a pretty face, suave screen legend Cary Grant brought depth and heart to his roles, from the dramatic North by Northwest to the hilarious Bringing Up Baby. Included are a documentary of Grant's life and features two of his most beloved films, the bittersweet Penny Serenade (1941, with Irene Dunne) and Howard Hawk's screwball comedy His Girl Friday (1940, with Rosalind Russell). Also included are 12 Cary Grant film trailers.",
    "genres" : [ ]
  }, {
    "id" : 320240,
    "title" : "The Surfer's Journal: Biographies: Jeff Hakman and Larry Bertlemann",
    "overview" : "Two Hawaii boys who grew up to change the face of surfing are the subjects of this &amp;NFi;Surfer's Journal&amp;NFi_; documentary. Surfing's first true superstar, Jeff Hakman won the inaugural Duke Kahanamoku Invitational in 1965 (at age 17) and later founded the surf-wear giant Quiksilver -- and then almost lost it all to drugs. \"Rubber Man\" Larry Bertlemann, meanwhile, brought skateboarding moves to the swells, inventing a new school of surfing in the process.",
    "genres" : [ ]
  }, {
    "id" : 320245,
    "title" : "George Harrison: A Beatle in Benton, IL",
    "overview" : "It's \"quiet Beatle\" George Harrison as you've never seen him: visiting his sister, Louise Harrison-Caldwell, in Benton, Ill., in September 1963. The legendary lead guitarist of the biggest rock group in history dropped in on the sleepy Midwestern town accompanied by his brother, Peter, just as the Beatles were on the verge of international fame. This fascinating curio -- a must for all Beatles fans -- includes exclusive interviews.",
    "genres" : [ ]
  }, {
    "id" : 320250,
    "title" : "Headsome",
    "overview" : "When a long gone scientist suddenly visits his wealthy twin brother, he reveals he was researching animal head transplants in a remote Asian lab. This knowledge proves to be extremely critical after an accident when the brother finds himself in complete control of his relative, who starts showing signs of mental instability.",
    "genres" : [ ]
  }, {
    "id" : 320255,
    "title" : "Wendy's Palace",
    "overview" : "Small town gal Wendy resorts to prostitution after moving to New York City. Wendy gets busted by corrupt vice cop Vince and winds up spending 90 days in jail. In the wake of finishing her sentence, Wendy decides to quit working the streets by owning and operating her own brothel instead.",
    "genres" : [ ]
  }, {
    "id" : 320260,
    "title" : "Dhan Daulat",
    "overview" : "A wealthy young man (Rajendra Kumar) is forced by his traditional parents to end his relationship with a girl of lower social standing (Mala Sinha). The heartbroken girl never reveals to her lover that she's pregnant with his child, whom she raises on her own. Years later, father and son (Rishi Kapoor) meet when the son finds a job working for a company that his father owns -- but will the two discover the truth about each other's identities?",
    "genres" : [ ]
  }, {
    "id" : 320265,
    "title" : "Ha-Maftayach Hazahav",
    "overview" : "Venice Film Festival 1954",
    "genres" : [ ]
  }, {
    "id" : 320270,
    "title" : "The Golfers",
    "overview" : "Charlie Guest (Charlie Guest) wants to be a golfer. Bert Swor (Bert Swor) is a famous golfer. Thelma Hill (Thelma Hill) only loves the best golfer. Follow Charlie as he tries to become the world's greatest golfer and win Thelma's love.",
    "genres" : [ ]
  }, {
    "id" : 320275,
    "title" : "Las Manos Sangrientas",
    "overview" : "Maos Sangrentas translates to Bloody Hands in English, and that's just what this gruesome Brazilian melodrama delivers. The story begins when a gang of dangerous convicts escape from a penal colony. With the police in hot pursuit, the escapees cut a gory swath through the countryside. As his comrades are killed off one by one, the leader of the group descends into gibbering madness. In contrast to this, a subplot develops involving the least dangerous of the escapees, who murdered his wife in a peak of self-righteous rage and is now seriously in doubt about the wisdom of his deed.  Principal scenes reworked in 1962 to make the film The Violent and the Damned (q.v.).",
    "genres" : [ {
      "id" : 18,
      "name" : "Drama"
    } ]
  }, {
    "id" : 320280,
    "title" : "Blind - X2 Vision",
    "overview" : "",
    "genres" : [ {
      "id" : 99,
      "name" : "Documentary"
    }, {
      "id" : 10769,
      "name" : "Foreign"
    } ]
  }, {
    "id" : 320285,
    "title" : "The March of Crime",
    "overview" : "The March of Crime (1936) was a series of exploitation stories produced by Dwain Esper of famous gangsters of the 1930s.",
    "genres" : [ ]
  }, {
    "id" : 320290,
    "title" : "The Day the Tree Blooms",
    "overview" : "Based on a novel by Maria Majerova, this well-photographed but routine romantic drama is directed and co-scripted by Vaclav Krska. Set in a more old-fashioned time, the story centers around Lenka (Suzana Fisarskova), a young woman with a domineering, psychologically abusive father. When Lenka falls in love she suffers the ultimate injustice when her father and her family forbid her to marry the man. They see no advantage in such a union and want her to marry a wealthy local landowner instead, for obvious reasons. But Lenka is not as submissive as they think and she runs away to the city to look for the man she loves -- only to find a serious problem, though a surmountable one, is waiting for her.",
    "genres" : [ ]
  }, {
    "id" : 320295,
    "title" : "Detective Byomkesh Bakshy!",
    "overview" : "In war torn Calcutta during the 1940's, Byomkesh Bakshy, fresh out of college, pits himself against an evil genius who is out to destroy the world.",
    "genres" : [ {
      "id" : 28,
      "name" : "Action"
    }, {
      "id" : 18,
      "name" : "Drama"
    }, {
      "id" : 53,
      "name" : "Thriller"
    } ]
  }, {
    "id" : 320300,
    "title" : "Reprise",
    "overview" : "Hervé Le Roux discovered a short film about a strike in a battery factory. Now he's looking for one of the workers seen in this film: a young woman who is very, very angry.",
    "genres" : [ ]
  } ]
}