{
  "movies" : [ {
    "id" : 300765,
    "title" : "Chuggington: Let's Ride the Rails!",
    "overview" : "They're trainees!  They're making tracks!  Wheels to the rails! Clackety-clack! Honk your horns for the new worldwide hit television series about eager young engines Wilson, Brewster and Koko as they learn to become working trains in the land of Chuggington. In these six popular episodes, the trainees find fun and excitement as they get lost in a deserted town, handle an important responsibility in the safari park, and discover that the repair shed isn't such a scary place after all. There's plenty of action and laughs along the way with lessons about overcoming fear, responsibility and problem solving, all while discovering social-readiness values like friendship, teamwork, courtesy and more. As the trains, and your own little chuggers, practice their skills and complete daily tasks, they learn to ride the rails of life!",
    "genres" : [ {
      "id" : 16,
      "name" : "Animation"
    } ]
  }, {
    "id" : 300770,
    "title" : "Peacock King: Spirit Warrior - Castle of Illusion",
    "overview" : "The story starts out at a dig in lake Biwa where archaeologist may have discovered something hidden by the 6th king of evil. The evil king is resurrected and is trying to resurrect an evil demon. Kujaku a priest/monk and friends he meets along the way must discover his own true hidden talents in order to stop the 6th king of evil from making Hell on Earth literally",
    "genres" : [ {
      "id" : 878,
      "name" : "Science Fiction"
    }, {
      "id" : 14,
      "name" : "Fantasy"
    }, {
      "id" : 28,
      "name" : "Action"
    }, {
      "id" : 12,
      "name" : "Adventure"
    } ]
  }, {
    "id" : 300780,
    "title" : "Carpenters: DVD Gold",
    "overview" : "The VHS/Beta Yesterday Once More was released in 1985, shortly after Karen Carpenter's death in 1983. The tape was repackaged as a DVD in 2002 under the name Gold: Greatest Hits, and the DVD contains all the videos from Yesterday Once More.",
    "genres" : [ ]
  }, {
    "id" : 300785,
    "title" : "My Shoes",
    "overview" : "A raggedly dressed boy wearing a torn pair of pair of sneakers sits on a bench in a park feeling uncomfortable with his tennis shoes. He wanders in the park and when he returns, there is a boy with a brand new pair of sneakers sat on the bench. The ragged boy goes to another place with envy and wishes that he were the other boy. His wish is somehow granted and he switches body with the other boy and learns his health condition.",
    "genres" : [ {
      "id" : 18,
      "name" : "Drama"
    } ]
  }, {
    "id" : 300790,
    "title" : "Don't Hug Me I'm Scared 3",
    "overview" : "Maybe I could hold your hand? And together we can understand...",
    "genres" : [ {
      "id" : 27,
      "name" : "Horror"
    } ]
  }, {
    "id" : 300795,
    "title" : "Besondere Schwere der Schuld",
    "overview" : "Joseph Komalschek was sentenced to 30 years in prison for cruelly murdering a young mother and her newborn baby. He never confessed his crimes and the bodies could not be found. After being released from prison, he returns to his hometown. People there treat him with distrust and disdain.",
    "genres" : [ {
      "id" : 18,
      "name" : "Drama"
    }, {
      "id" : 53,
      "name" : "Thriller"
    }, {
      "id" : 10770,
      "name" : "TV Movie"
    } ]
  }, {
    "id" : 300800,
    "title" : "Unforgettable Fantasy",
    "overview" : "Thanks to the help of his uncle's (Stanley Fung) girlfriend (Wong Wan Si), Robert (Frankie Chan) gets to work as a creative assistant in an advertising agency, where he falls for the beautiful manager Cleopatra (Joyce Ni). His uncle brings home an antique mirror not knowing that it hides a fox fairy. Robert inadvertently takes the mirror to the office and by chance the fox fairy is freed and possesses Cleopatra! Hopelessly bedazzled by her vixen charm, Robert is killed in a car accident while looking for the mirror thrown away by his uncle...",
    "genres" : [ ]
  }, {
    "id" : 300805,
    "title" : "Goodbye My Hero",
    "overview" : "Lindy Ng (Joan Chen) and her younger brother and sister eke out an impoverished life together, living in a rundown apartment. When Lindy is diagnosed with terminal leukemia, her first thoughts are her siblings. Who will take care of them after she passes away? With her apartment too dangerous to continue living in, Lindy is forced to move to another location where she encounters the worst of flatmates, hot-tempered petty criminal Morrie (Frankie Chan).",
    "genres" : [ ]
  }, {
    "id" : 300810,
    "title" : "The Island 2",
    "overview" : "Following the events of the first part, which were based on the true events from drug dealer Ezzat Hefny's life that occurred in Al Nekheila village, the sequel follows Mansour Hefny's escape from prison during the January revolution, accompanied by a Muslim Brotherhood member, and his return to the drug business, and his attempt to take revenge from his enemies, taking advantage of the security unrest that has struck the country.",
    "genres" : [ {
      "id" : 53,
      "name" : "Thriller"
    }, {
      "id" : 28,
      "name" : "Action"
    }, {
      "id" : 18,
      "name" : "Drama"
    } ]
  }, {
    "id" : 300815,
    "title" : "Gawaza Meeri",
    "overview" : "",
    "genres" : [ ]
  }, {
    "id" : 300820,
    "title" : "If God Comes Let Him Bring a Gun",
    "overview" : "A young man on leave from prison, his straitlaced brother, his best friend, a rookie cop and a young actress collide over the course of 72 hours.",
    "genres" : [ {
      "id" : 18,
      "name" : "Drama"
    } ]
  }, {
    "id" : 300825,
    "title" : "Adjust-A-Dream",
    "overview" : "On the verge of moving in together, a gay male couple's anxieties escalate as they shop for their first mattress.",
    "genres" : [ {
      "id" : 18,
      "name" : "Drama"
    } ]
  }, {
    "id" : 300830,
    "title" : "Fugitive Valley",
    "overview" : "The Range Busters have a plan to get into the outlaw's hideout in Fugitive Valley.",
    "genres" : [ {
      "id" : 37,
      "name" : "Western"
    } ]
  }, {
    "id" : 300835,
    "title" : "Paper Boats",
    "overview" : "Paper Boat tells the tidal relationship between two human beings , namely Kugy and Keenan. Kugy is a tomboy, cheerful, and who believes that he is the agent of the god Neptune. Kugy always have a \"ritual\" unique, ie writing each pouring her heart into a piece of paper, which is then made ​​into a boat and then washed away into the water. Although at first glance that he slenge'an jovial girl, but she has a philosophical outlook on life.",
    "genres" : [ {
      "id" : 18,
      "name" : "Drama"
    } ]
  }, {
    "id" : 300840,
    "title" : "A Stitch in Time",
    "overview" : "After Dave's flat is robbed, he hunts for the criminal through the worlds of quantum physics and haberdashery, all in search of a mobile phone.",
    "genres" : [ ]
  }, {
    "id" : 300845,
    "title" : "Legally Brown",
    "overview" : "Legally Brown brings together for one night the funniest headline comedians who just happen to share one common threat, the color of their skin and their perspective on what that means in a post 911 world. Hosted by Tony Plana (ugly Betty) and starring, Alex Reymundo (Latin Kings of Comedy) Jerry Bednob, (Kumar go to white castle) Cristela Alonzo (Last Comic Standing runner up) Willie Barcena (Comedy Central) Omar Elba (Egyptian Born) and Border Patrol Agent Bubba Gomez (Rick Najera) poke fun at stereo types and the Arizona immigration law and prove that once and for all funny is truly funny no matter what color or religion you are.",
    "genres" : [ {
      "id" : 35,
      "name" : "Comedy"
    }, {
      "id" : 99,
      "name" : "Documentary"
    } ]
  }, {
    "id" : 300850,
    "title" : "Reformation, Plague and Fire in Renaissance London",
    "overview" : "Reformation, Plague and Fire in Renaissance London. The Tudor Reformation saw the destruction of dozens of London's oldest and largest ecclesiastical structures. But during the tumultuous days of the Reformation, Civil War, and Restoration, the city grew by leaps and bounds. The bubonic plague returned in 1665. No sooner had the city recovered, than the Great Fire of 1666 reduced London to ashes.",
    "genres" : [ ]
  }, {
    "id" : 300855,
    "title" : "5 Seasons The Movie",
    "overview" : "5 Seasons The Movie Musical, Drama, Comedy, Jennifer is looking for her path in life she is super sexual and gets involved with Jim and Earl. Jennifer dreams of being an adult entertainer and along the way she goes through many wild and sometimes dangerous situations.",
    "genres" : [ ]
  }, {
    "id" : 300860,
    "title" : "Kiss & Cry",
    "overview" : "Finger ballet telling the story of romance on a table-sized stage.",
    "genres" : [ ]
  }, {
    "id" : 300865,
    "title" : "The Story of the Jonker Diamond",
    "overview" : "Re-enactment of how the 726-carat Jonker diamond was discovered in South Africa in 1905 by the family of Jacobus Jonker; how it was sold to Harry Winston; and how it was cut by Lazarre Kaplan.",
    "genres" : [ {
      "id" : 99,
      "name" : "Documentary"
    } ]
  }, {
    "id" : 300870,
    "title" : "Spähtrupp Hallgarten",
    "overview" : "",
    "genres" : [ {
      "id" : 18,
      "name" : "Drama"
    } ]
  }, {
    "id" : 300875,
    "title" : "Der stumme Gast",
    "overview" : "Whodunit centered around a hostel.",
    "genres" : [ {
      "id" : 18,
      "name" : "Drama"
    } ]
  }, {
    "id" : 300880,
    "title" : "Der Sündenbock",
    "overview" : "",
    "genres" : [ {
      "id" : 18,
      "name" : "Drama"
    } ]
  }, {
    "id" : 300890,
    "title" : "Black Sea 213",
    "overview" : "Mercenaries selling nuclear arms on the black market pose as models so they can set up an innocent photographer to take the blame.",
    "genres" : [ ]
  }, {
    "id" : 300895,
    "title" : "Momentum",
    "overview" : "\"Momentum is Belson's most serene and gentle film since Allures. This treatment of the sun as an almost dreamlike hallucinatory experience is both surprising and curiously realistic.\" -Gene Youngblood",
    "genres" : [ ]
  }, {
    "id" : 300900,
    "title" : "Ardennes Fury",
    "overview" : "As the Battle of the Bulge rages on, an American tank unit gets trapped behind Nazi lines. With just hours before the bombs of Operation Ardennes Fury fall, the tank's commander makes the risky decision to rescue an orphanage.",
    "genres" : [ {
      "id" : 10752,
      "name" : "War"
    }, {
      "id" : 28,
      "name" : "Action"
    } ]
  }, {
    "id" : 300905,
    "title" : "Who Shot My Father?",
    "overview" : "Col. Joe Alon, the Israeli Air Force Attache was assassinated in 1973 in MARYLAND . An FBI investigation revealed nothing. 38 years later, the case remains unsolved and Joe's three daughters are searching for the truth.",
    "genres" : [ ]
  }, {
    "id" : 300910,
    "title" : "Shattered Dreams: Picking Up the Pieces",
    "overview" : "In considering Israel's plight, with five wars in its 40 years of existence, Schonfeld interviews Arabs and Jews of every conceivable political and religious view and focuses on the impact upon public opinion of the war in Lebanon and the uprising in the occupied territories of the Gaza Strip and the West Bank.",
    "genres" : [ {
      "id" : 99,
      "name" : "Documentary"
    } ]
  }, {
    "id" : 300915,
    "title" : "Do Phool",
    "overview" : "The orphaned Poornima is consigned to the care of her grandfather by her uncaring aunt. Grandfather lives in isolation up a mountain with only goats and the boy goatherd, Jaggu, for company. Poornima enjoys an idyllic life until her aunt returns. Auntie has found a buyer for her niece. She is to become the companion of the wheelchair bound, Rupa. Forced to leave her mountain retreat, Poornima becomes firm friends with Rupa despite the presence of the scowling nanny. She receives a good education too. Even so, Poornima pines for the mountains. Jaggu pines for Poornima and, when on the doctor's advice, Poornima is returned to the hills, it's Rupa's turn to pine for her. Brought up the mountain for a visit, Rupa enjoys the health-giving properties of fresh air and goats' milk. When her wheelchair is tossed over a cliff by Jaggu (who resents the presence of the interloper)a miracle occurs. The story is adapted from the children's classic \"Heidi\".",
    "genres" : [ {
      "id" : 18,
      "name" : "Drama"
    } ]
  }, {
    "id" : 300920,
    "title" : "Pinjra",
    "overview" : "A respected village schoolteacher falls for a travelling dancer and faces a moral dilemma.",
    "genres" : [ {
      "id" : 18,
      "name" : "Drama"
    } ]
  }, {
    "id" : 300925,
    "title" : "Ankhiyon Ke Jharokhon Se",
    "overview" : "A young man must deal with a broken engagement ceremony, while his to-be fiancée waits to be treated for blood cancer.",
    "genres" : [ ]
  }, {
    "id" : 300930,
    "title" : "'Orsay",
    "overview" : "",
    "genres" : [ {
      "id" : 99,
      "name" : "Documentary"
    } ]
  }, {
    "id" : 300935,
    "title" : "Angkara",
    "overview" : "Angkara is a Malay film published in Malaysia in 1972. The Film Fiend published in the form of black and white film without color. Angkara directed by Omar Rojik.",
    "genres" : [ {
      "id" : 18,
      "name" : "Drama"
    }, {
      "id" : 28,
      "name" : "Action"
    } ]
  }, {
    "id" : 300940,
    "title" : "Tungsten",
    "overview" : "Tungsten deals with the idea of electricity as a metaphor, the scenery is urban, and the plot is unfolded during a single day. One day in Athens, continuous outages, and a final blackout, caused by the strike of technicians at the electricity company. A day during which, six people's lives are being crossed and diverted.",
    "genres" : [ {
      "id" : 18,
      "name" : "Drama"
    } ]
  }, {
    "id" : 300945,
    "title" : "Νόμος 4000",
    "overview" : "Maria falls in love with George who is a student of her strict father, Andreas Economou. Dolly, a classmate of Maria spends a night with George and the next morning tells Maria about it. ..",
    "genres" : [ {
      "id" : 18,
      "name" : "Drama"
    } ]
  }, {
    "id" : 300950,
    "title" : "Control Bhaji Control",
    "overview" : "A movie by Gaurav Singh",
    "genres" : [ ]
  }, {
    "id" : 300955,
    "title" : "Eliana, Eliana",
    "overview" : "Riri Riza's Eliana, Eliana is a tale of a mother and daughter on the search for a missing friend. Eliana (Rachel Sayidina) is a young woman who responds to unwanted male advances by kicking the men in sensitive areas. She arrives home after losing her job to find her mother, whom she has not seen in five months. Her roommate, Heni (Henidar Amroe), is missing, and while the mother and daughter spend the film searching for her, they work out some of their underlying issues. The film was screened at the Vancouver Film Festival. ~ Perry Seibert, Rovi",
    "genres" : [ ]
  }, {
    "id" : 300960,
    "title" : "Hiçbir Gece",
    "overview" : "",
    "genres" : [ ]
  }, {
    "id" : 300975,
    "title" : "Notgeile Knastjulen - Zur Unzucht erzogen",
    "overview" : "",
    "genres" : [ ]
  }, {
    "id" : 300980,
    "title" : "Scared Stiff",
    "overview" : "Alan and Halley are partners in a pest control company. Handsome Alan gets the girls and puffy Halley gets nothing. One night the two are injured in a car crash. Halley suffers slight injuries but Alan is dead for all purposes except his brain wave which still works actively. But when Halley cries over his \"corpse\", Alan bursts into ecplosive life. So the doctor decide to study this phenomenon and Alan agrees to be the guinea pig as he fancies the beautiful Dr. Emily. Halley discovers by accident a murder and is chased by the murderer who happens to be a police inspector...",
    "genres" : [ {
      "id" : 35,
      "name" : "Comedy"
    }, {
      "id" : 80,
      "name" : "Crime"
    }, {
      "id" : 27,
      "name" : "Horror"
    }, {
      "id" : 53,
      "name" : "Thriller"
    } ]
  }, {
    "id" : 300985,
    "title" : "The Geek",
    "overview" : "Some Green Peacers go into the woods to celebrate nature; then Bigfoot shows up and rapes them.",
    "genres" : [ {
      "id" : 27,
      "name" : "Horror"
    } ]
  }, {
    "id" : 300990,
    "title" : "Human Animals",
    "overview" : "Two men and one woman are the last people on Earth. They are reduced to savagery, mate with the woman, and they learn to survive on a deserted island.",
    "genres" : [ ]
  }, {
    "id" : 300995,
    "title" : "Around the World in 50 Concerts",
    "overview" : "During the unique world tour of the RCO celebrating its jubilee in 2013 we meet musicians and concertgoers. The tour develops not just into a journey across the globe but also as a trip to the core of classical music, a quest for the palette of emotions which only classical music can arouse. In 2013 the Royal Concertgebouw Orchestra tours the whole world to celebrate its 125th anniversary: 50 concerts spread over 6 continents. Unbounded passion and love for music brings musicians and concert goers together. Documentary maker Heddy Honigmann lands with the orchestra in Buenos Aires, Soweto and St Petersburg and shows how the ensemble succeeds in gaining the hearts of people with a different cultural background. A journey to the kernel and the power of music which knows how to touch unexpected emotions and which helps to overcome the pain of living.",
    "genres" : [ {
      "id" : 99,
      "name" : "Documentary"
    } ]
  }, {
    "id" : 301000,
    "title" : "The Chimpanzee Complex",
    "overview" : "A science fiction documentary about a psychiatric institution for traumatized chimpanzees.",
    "genres" : [ {
      "id" : 99,
      "name" : "Documentary"
    } ]
  }, {
    "id" : 301005,
    "title" : "Tila",
    "overview" : "In a world where the rain never stops, illegal multivitamin supplements are all the rage and bulalo' is a most precious commodity, two people - a flood control worker and a call center agent who sells summer vacation packages abroad - meet and find a sens of intimate normalcy and unfamiliar ease in each other.",
    "genres" : [ {
      "id" : 18,
      "name" : "Drama"
    } ]
  }, {
    "id" : 301010,
    "title" : "Shadows of the Dead",
    "overview" : "A couple's weekend getaway turns into a nightmare after they are stranded in the woods and discover what they assume to be a dead body. The assumption is wrong and John and his girlfriend Jennifer are infected with a deadly disease that will soon ravage their bodies. With no place to go, and no one to turn to, they are forced to find shelter in a deserted cabin. This is where they'll find safety, but this is also where they'll experience a slow and torturous death. They must come to terms with their inevitable deaths, the temptation to kill others to sustain their own lives, and the consequences of murder. They will cling to one another's love and support, but in the end.... all great love stories end tragically.",
    "genres" : [ {
      "id" : 27,
      "name" : "Horror"
    } ]
  }, {
    "id" : 301020,
    "title" : "Joey Medina: Taking Off the Gloves",
    "overview" : "As the former Arizona State Boxing champion and now one of the Original Latin Kings of Comedy Joey Media has made the transition from knocking out his opponent to knocking out audiences all over the nation. The Puerto Rican knock out master from the Bronx is now a veteran of over 50 TV appearances as well as directs, produces and stars in his own films and TV productions. In his first Showtime special Joey Medina finally takes off the gloves and bears it all.",
    "genres" : [ ]
  }, {
    "id" : 301025,
    "title" : "Backyardigans: Pablo em Na Trilha da Imaginação",
    "overview" : "",
    "genres" : [ {
      "id" : 16,
      "name" : "Animation"
    } ]
  }, {
    "id" : 301030,
    "title" : "Rudy Moreno: Rude",
    "overview" : "Born &amp; raised in Los Angeles, Rudy grew up in Lincoln Heights and has become a kingpin in the Latino Comedy scene for nearly 25 years. With over 35 television appearances on major network television shows, Rude as most know him takes us on a journey through his life as a father, husband comedian, actor and Latino Night producer growing up Latino in an All American world.",
    "genres" : [ ]
  }, {
    "id" : 301035,
    "title" : "Strangers in the Night",
    "overview" : "When Martín and Sol try to solve the enigma of a missing neighbor, they will discover that nothing is what it seems, that your hearing can trick you just like your imagination and that your heart is a double-edged weapon.",
    "genres" : [ ]
  }, {
    "id" : 301040,
    "title" : "Welcome Aboard",
    "overview" : "A heartwarming story adapted from Eric Holder's novel, director Jean Becker takes a washed-up artist and a troubled teen on an exhilarating road trip through the beautiful landscapes of France's western seaboard...both looking for a reason to live and love life again.",
    "genres" : [ ]
  }, {
    "id" : 301045,
    "title" : "Cave Digger",
    "overview" : "Using only hand tools Ra Paulette sculpts magnificent and intricate cave complexes under New Mexico's arid landscape. His creations are as big as houses, delicate and beautiful and take 10 years to complete. But his eccentricity, and the odd cave collapse, has led to nearly all his commissions being dropped. And his obsession has cost him dearly. This Oscar-nominated documentary follows him as he sets out to carve his ultimate creation.",
    "genres" : [ {
      "id" : 99,
      "name" : "Documentary"
    } ]
  }, {
    "id" : 301050,
    "title" : "Fury to Freedom",
    "overview" : "Martial arts champion Raul Ries was weaned on anger and fueled by rage -- a destructive path that led him to the brink of the murder-suicide of his family and himself. But on the darkest night of his life, Someone intervened. The man who refused to show weakness faces Someone so powerful that he is finally broken and taken from...Fury to Freedom.",
    "genres" : [ ]
  }, {
    "id" : 301055,
    "title" : "Sahasa Simha",
    "overview" : "Motion Picture starring Vishnuvardhan, Udaya Kumar and Rajyalakshmi",
    "genres" : [ ]
  }, {
    "id" : 301060,
    "title" : "Motion City Soundtrack - I Am The Movie: The Movie",
    "overview" : "Last year we sorted through hours of video footage and photographs from when we first recorded and released our debut album, I Am The Movie. We realized we had such great footage from those days that we thought it would be cool to put together a documentary inspired stylistically by Fugazi's Instrument. We asked our friend Melissa Kraemer to lead the project and she did an amazing job editing together the story of I Am The Movie through the songs, from start to end.",
    "genres" : [ ]
  }, {
    "id" : 301065,
    "title" : "Pot Country",
    "overview" : "This engaging documentary looks at the role marijuana plays in the lives of two people in rural Northern California. Following a fifth generation ex-logger and a back-to-the-land grandma who makes her living as a pot grower, \"Pot Country\" tells the linear story of how pot came to the homesteads and small farms of Humboldt County, and how it is changing the region in the present day.",
    "genres" : [ ]
  }, {
    "id" : 301070,
    "title" : "Anaavaranam",
    "overview" : "Bollywood 1976.",
    "genres" : [ ]
  }, {
    "id" : 301075,
    "title" : "Bangaru Panjaram",
    "overview" : "Bollywood 1965.",
    "genres" : [ ]
  }, {
    "id" : 301080,
    "title" : "101st: A-Company",
    "overview" : "Poland, 1944. Assembled for a top-secret rescue mission, a daring team of Special Forces soldiers quickly find themselves trapped deep behind enemy lines.",
    "genres" : [ ]
  }, {
    "id" : 301085,
    "title" : "Ival Ee Vazhi Ithu Vare",
    "overview" : "Bollywood 1980.",
    "genres" : [ ]
  }, {
    "id" : 301095,
    "title" : "Diriliş",
    "overview" : "",
    "genres" : [ ]
  }, {
    "id" : 301100,
    "title" : "Basant Bahar",
    "overview" : "The only son of the Royal Astrologer, Narsin (Om Prakash) namely Gopal (Bharat Bhushan) is not interested in astrology but in music and songs, much to the dismay of Narsin.",
    "genres" : [ ]
  }, {
    "id" : 301105,
    "title" : "Eric Clapton - The 1970s Review",
    "overview" : "This film, from the makers of Eric Clapton - The 1960s Review, follows Clapton's bold musical journey through the seventies. Featuring new and archive interviews, rare performance footage, contributions from the likes of Bonnie Bramlett, Bobby Whitlock, The Albert Brothers , George Terry, Willie Perkins, Bill Halverson, Clapton biographer Marc Roberty and others, plus a host of other features.",
    "genres" : [ {
      "id" : 10402,
      "name" : "Music"
    } ]
  }, {
    "id" : 301110,
    "title" : "Better Late Than Never",
    "overview" : "Two men show up claiming to be the grandfather of a child heiress.",
    "genres" : [ {
      "id" : 35,
      "name" : "Comedy"
    } ]
  }, {
    "id" : 301115,
    "title" : "Hangover",
    "overview" : "The film showcases four friends from different tiers of society and how despite their devil-may-care personas rise up to tackle an incident in their lives",
    "genres" : [ {
      "id" : 35,
      "name" : "Comedy"
    } ]
  }, {
    "id" : 301120,
    "title" : "Johann Strauss: Dance and Dream, A Night in Vienna",
    "overview" : "This entertaining video comprises the enjoyable dance performance A Night in Vienna, a one-hour celebration of the music of the Johann Strausses - father and son. This recording recreates the beauty and atmosphere of the ballroom performances of 19th-century Vienna, charting the rise of the waltz craze. In the wonderful setting of the Hofburg in Vienna, the former residence of the Habsburg rulers, the period instrument orchestra Wiener Akademie plays favourites by the Strauss family and Joseph Lanner, and dance performances in historical costumes recreate the atmosphere of the first half of the 19th century.",
    "genres" : [ ]
  }, {
    "id" : 301125,
    "title" : "The Secret Language",
    "overview" : "James and his dad Michael use Irish as a secret language to discuss their secret spy business. They must never let James' mum know about their covert missions. But soon everything will be thrown into the open and life will never be the same again...",
    "genres" : [ ]
  }, {
    "id" : 301130,
    "title" : "End Times Revelation",
    "overview" : "From his seclusion on the Greek island of Patmos, John wrote letters to the 7 Churches that revealed his vision of the future and the pathway he saw for achieving peace of mind in an uncertain world. The coming of the 4 Horseman of the Apocalypse and the earth's last great crisis are all part of John's vision. Could these messages have meaning for mankind today?",
    "genres" : [ ]
  }, {
    "id" : 301135,
    "title" : "Quest for the Real Paul",
    "overview" : "Go on a fascinating journey to many of the places where the apostle traveled and taught. Along the way, scholar David Hulme begins to unravel the centuries of accumulated misunderstanding about Paul and his teachings. With modern scholarship shedding new light on the biblical record, an astonishingly different picture of the apostle Paul emerges.",
    "genres" : [ ]
  }, {
    "id" : 301140,
    "title" : "Pete Correale: The Things We Do For Love",
    "overview" : "Pete Correale was named one of the top ten comics to watch by Entertainment Weekly in 2008. His affable New York charm and hilarious tales of life and love of the \"everyman\" put him on the path to comedy stardom. You've seen Pete's breakout performances on \"The Tonight Show with Jay Leno,\" \"The Late Show with David Letterman,\" and Comedy Central's \"Premium Blend.\" He has performed at all the major comedy festivals, including Montreal, Aspen, and Kilkenny, and can be heard daily on the Sirius Satellite radio show \"Breuer Unleashed.\"",
    "genres" : [ ]
  }, {
    "id" : 301145,
    "title" : "Robin Hood: The Outlaw Hero",
    "overview" : "Who was the real Robin Hood? This age-old question and many more are answered in this exciting documentary. Come and explore the true story behind the beloved myth of Robin Hood the outlawed hero who famously stole from the rich and gave to the poor. In it you will track down the legend of the myth, its origins, and its many interpretations over the years; take a trip back to medieval times and visit the real Robin Hood country; and examine the far-reaching influences the Robin Hood legend has had throughout popular culture. With a myth so famously enduring and intriguing as its subject, this documentary will prove to be both satisfying and fascinating for anyone interested in Robin Hood.",
    "genres" : [ ]
  }, {
    "id" : 301150,
    "title" : "Jeevana Chaithra",
    "overview" : "Film directed by Dhorairaj Bhagavan starring Rajkumar",
    "genres" : [ ]
  }, {
    "id" : 301155,
    "title" : "An Uphill Climb",
    "overview" : "An Uphill Climb is the remarkable story of Kyle Packer. Born with cerebral palsy and confined to a wheel chair much of the time, Packer refuses to allow his condition-or the perception it creates in others-to define his limits.",
    "genres" : [ ]
  }, {
    "id" : 301160,
    "title" : "Champion Sheene",
    "overview" : "Barry Sheene MBE was probably the most famous two-wheeled star to have ever come out of Britain. The cheeky cockney was an inspiration to millions. There were other British champions who achieved more on the track, but the articulate, witty and confident 'Bazza' brought his successes to the attention of the British public, and they took him to their hearts. He was equally famous for overcoming his numerous crashes, at one time he had metal plates in both knees, 28 screws in his legs and a bolt in his left wrist!",
    "genres" : [ ]
  }, {
    "id" : 301165,
    "title" : "Ki Jadu Korila",
    "overview" : "Film starring Riaz, Poppy and Mir Sabbir",
    "genres" : [ ]
  }, {
    "id" : 301170,
    "title" : "Celluloid Crime of the Century",
    "overview" : "40-minute documentary on the making of Wes Craven's 1972 classic, The Last House on the Left.",
    "genres" : [ ]
  }, {
    "id" : 301175,
    "title" : "The Majestic Arabian",
    "overview" : "From the ancient deserts of the Middle East evolved the oldest known breed of riding horse, the Arabian. Now one of the most popular breeds in America, the Arabians' incredible energy, intelligence and friendly disposition allow riders to excel in most equine sports and activities. Today Arabian horses spend as much time on the trail as they do at horse shows and other competitive events",
    "genres" : [ ]
  }, {
    "id" : 301180,
    "title" : "Nishipadma",
    "overview" : "Gangapada Basu, Premangshu Bose and Nripati Chatterjee",
    "genres" : [ ]
  }, {
    "id" : 301185,
    "title" : "Ukranian Brides",
    "overview" : "In 2000, Nili Tali produced a film about Israeli men traveling to the Ukraine in search of young wives. Eight years on, she returns to see what's happened to the couples since.",
    "genres" : [ ]
  }, {
    "id" : 301190,
    "title" : "Sternzeichen",
    "overview" : "",
    "genres" : [ {
      "id" : 18,
      "name" : "Drama"
    } ]
  }, {
    "id" : 301195,
    "title" : "Res-Life: The Musical",
    "overview" : "Story of a young resident advisor in a young college.",
    "genres" : [ ]
  }, {
    "id" : 301200,
    "title" : "3 Engel auf der Chefetage",
    "overview" : "",
    "genres" : [ {
      "id" : 35,
      "name" : "Comedy"
    } ]
  }, {
    "id" : 301205,
    "title" : "Die Minensucherin",
    "overview" : "",
    "genres" : [ {
      "id" : 18,
      "name" : "Drama"
    } ]
  }, {
    "id" : 301210,
    "title" : "Common Outlaws",
    "overview" : "Fifteen years after their father was gunned down in cold blood, Cashius and Winston Hurley return to their hometown to avenge his death. Joining forces with their cousin Bugsy, the two gun-slinging brothers hunt down everyone involved in their father's murder. As the bullets fly and the death toll rises, the three young cowboys find themselves fugitives from the law, running for their lives and fighting for their revenge.",
    "genres" : [ {
      "id" : 37,
      "name" : "Western"
    }, {
      "id" : 28,
      "name" : "Action"
    }, {
      "id" : 18,
      "name" : "Drama"
    } ]
  }, {
    "id" : 301215,
    "title" : "Adimakal",
    "overview" : "Motion picture starring Adoor Bhasi, Prem Nazir and Sathyan",
    "genres" : [ ]
  }, {
    "id" : 301220,
    "title" : "Apradh",
    "overview" : "Romance between a beautiful thief and a race car driver",
    "genres" : [ {
      "id" : 10749,
      "name" : "Romance"
    }, {
      "id" : 28,
      "name" : "Action"
    }, {
      "id" : 53,
      "name" : "Thriller"
    } ]
  }, {
    "id" : 301225,
    "title" : "Standby",
    "overview" : "Twenty-something Alan (Gleeson) is down on his luck. Stood up at the altar and recently fired from his banking job, he finds himself working with his mother as a part-time tourist advisor at Dublin Airport. It's there he comes face to face with first love Alice (Paré), stuck on standby for a flight home to New York. Their summer romance ended eight years previously with Alan promising to return to the US one day. He never did, and they haven't spoken since. Seizing his chance, Alan convinces a reluctant Alice to stay one more night in Dublin. Over the course of an unforgettable evening, they may just realise that they are more compatible than ever. But time is running out on this brief encounter. When does an unexpected second chance, become the one you've always been looking for?  - Written by Wildcard Distribution",
    "genres" : [ {
      "id" : 10749,
      "name" : "Romance"
    }, {
      "id" : 35,
      "name" : "Comedy"
    } ]
  }, {
    "id" : 301230,
    "title" : "The African Child",
    "overview" : "In Kouroussa, his native village, little Baba lives happily, between Madou, his father, a gifted mechanic, Kouda, his sweet mother, and his gang of pals. Kouroussa is a wonderful place where Baba learns about life. But like all little boys Baba grows and now he is old enough to continue his studies in Conakry. He must say farewell to his village and cross all Guinea to the capital city of Guinea to live with his uncle.",
    "genres" : [ {
      "id" : 18,
      "name" : "Drama"
    } ]
  }, {
    "id" : 301235,
    "title" : "Top Gear: The Perfect Road Trip 2",
    "overview" : "In 2013 Jeremy Clarkson and Richard Hammond embarked on what they hoped would be the perfect road trip. It started well and ended, quite frankly, very badly.  Unbowed, the Top Gear pair are back for another crack and this time they're hoping to avoid inconveniences like apprehension by the French police. Welcome, then, to The Perfect Road Trip... 2.  Once again, Clarkson and Hammond are seeking joy and perfection wherever it may be with a range of fast, beautiful and exciting cars unleashed on glorious roads amongst gorgeous scenery and drenched in Mediterranean sunshine.  As part of their arduous research into perfection, the duo will also undertake some ridiculous challenges and hilarious stunts culminating in a strangely literal car race on the island of Capri.  Top Gear - The Perfect Road Trip 2. This time it really is perfect. Except for the bits that aren't.",
    "genres" : [ {
      "id" : 99,
      "name" : "Documentary"
    } ]
  }, {
    "id" : 301240,
    "title" : "La reliquia perdida de Cristo",
    "overview" : "",
    "genres" : [ ]
  }, {
    "id" : 301245,
    "title" : "Amor se dice cantando",
    "overview" : "Mexican singer touring Argentina wins a country estate in a poker game.",
    "genres" : [ ]
  }, {
    "id" : 301250,
    "title" : "Paulo Mendes Da Rocha, Nosso Querido Arquiteto",
    "overview" : "",
    "genres" : [ ]
  }, {
    "id" : 301255,
    "title" : "Bored Teenagers",
    "overview" : "In the late seventies director Wolfgang Büld hits the Screen with his historic documentary \"Punk in London.\" The follow up of this rough document in the annals of the youth culture and it's first steps to become a worldwide phenomenon was the production of \"Bored Teenagers\" for German TV Station ZDF, which showed it in the frame of \"Das kleine Fernsehspiel\". Filmed at Locations around London, Cologne, Wuppertal and Büld's Hometown Lüdenscheid, it's parted into rare recordings of Adverts Live-Gigs mixed up with a little Storyline of a young couple that supports the Band around TV Smith and Gaye Advert on their Tour across Germany.",
    "genres" : [ {
      "id" : 18,
      "name" : "Drama"
    } ]
  }, {
    "id" : 301260,
    "title" : "Pickpocket",
    "overview" : "A blur shadow, an anonymous interview reveals a lonely man, melancholic, unfitted to his time. His testimony reveals a city in mutation.",
    "genres" : [ ]
  }, {
    "id" : 301265,
    "title" : "Like Chef, Like God",
    "overview" : "Thodorakis, the film's hero, has a happy go-lucky attitude about life and women, but this all changes when he is forced by his uncle to train as a chef. He soon becomes a top chef and is so impressive that he enters a 'secret society' for chefs, who battle it out to see which one is the best. To his detriment he becomes so obsessive that the women in his life find him obnoxious and nothing seems likely to save him until the news of his patron's death slaps him in the face like a cold fish. In the end, the shock reminds him to keep his life in perspective.",
    "genres" : [ {
      "id" : 35,
      "name" : "Comedy"
    } ]
  }, {
    "id" : 301270,
    "title" : "Το γάλα",
    "overview" : "The Greek movie has a family in its main focus and the trouble they're all in.",
    "genres" : [ {
      "id" : 18,
      "name" : "Drama"
    } ]
  }, {
    "id" : 301280,
    "title" : "Das alte Lied",
    "overview" : "",
    "genres" : [ {
      "id" : 18,
      "name" : "Drama"
    } ]
  }, {
    "id" : 301285,
    "title" : "Sein Scheidungsgrund",
    "overview" : "",
    "genres" : [ {
      "id" : 18,
      "name" : "Drama"
    } ]
  }, {
    "id" : 301290,
    "title" : "An Ace and a Joker",
    "overview" : "",
    "genres" : [ {
      "id" : 16,
      "name" : "Animation"
    } ]
  }, {
    "id" : 301295,
    "title" : "Garrison 7",
    "overview" : "When an elite special forces commander accidentally uncovers an insidious military conspiracy, his family is brutally murdered. Now the target of an intergalactic manhunt, they will stop at nothing to silence him.",
    "genres" : [ {
      "id" : 878,
      "name" : "Science Fiction"
    } ]
  } ]
}