{
  "movies" : [ {
    "id" : 350355,
    "title" : "빨간 색깔의 여자",
    "overview" : "",
    "genres" : [ ]
  }, {
    "id" : 350360,
    "title" : "벌거벗은 분노",
    "overview" : "",
    "genres" : [ ]
  }, {
    "id" : 350370,
    "title" : "Hollywood My Home Town",
    "overview" : "Ken Murray narrates his 16mm home movies shot over 35 years in Hollywood.",
    "genres" : [ ]
  }, {
    "id" : 350380,
    "title" : "가시를 삼킨 장미",
    "overview" : "",
    "genres" : [ ]
  }, {
    "id" : 350385,
    "title" : "크라이막스 원",
    "overview" : "",
    "genres" : [ ]
  }, {
    "id" : 350390,
    "title" : "껄떡쇠",
    "overview" : "",
    "genres" : [ ]
  }, {
    "id" : 350395,
    "title" : "쌍혼녀",
    "overview" : "",
    "genres" : [ ]
  }, {
    "id" : 350400,
    "title" : "내가 버린 남자",
    "overview" : "",
    "genres" : [ ]
  }, {
    "id" : 350405,
    "title" : "신사동 제비",
    "overview" : "",
    "genres" : [ ]
  }, {
    "id" : 350415,
    "title" : "노마비사",
    "overview" : "",
    "genres" : [ ]
  }, {
    "id" : 350420,
    "title" : "단짝",
    "overview" : "",
    "genres" : [ ]
  }, {
    "id" : 350425,
    "title" : "Flying to Fortune",
    "overview" : "Silent film drama...",
    "genres" : [ {
      "id" : 18,
      "name" : "Drama"
    } ]
  }, {
    "id" : 350430,
    "title" : "도시의 사냥꾼",
    "overview" : "",
    "genres" : [ ]
  }, {
    "id" : 350435,
    "title" : "Scene 32",
    "overview" : "Scene 32 maps the terrain that lies between a beloved place and the things that represent it. The salt fields of Central Kutch are examined through High Definition video and hand processed 16mm film to become another thing altogether: neither a specific location in India nor its representation but a rebuilt world of precipices and gullies, untouchable textures and unfathomable scale.",
    "genres" : [ ]
  }, {
    "id" : 350445,
    "title" : "개 달리다",
    "overview" : "",
    "genres" : [ ]
  }, {
    "id" : 350450,
    "title" : "발바리의 추억",
    "overview" : "",
    "genres" : [ ]
  }, {
    "id" : 350455,
    "title" : "동백꽃 신사",
    "overview" : "",
    "genres" : [ ]
  }, {
    "id" : 350460,
    "title" : "땅콩껍질 속의 연가",
    "overview" : "",
    "genres" : [ ]
  }, {
    "id" : 350465,
    "title" : "경찰+칠득이와 너털도사",
    "overview" : "",
    "genres" : [ ]
  }, {
    "id" : 350470,
    "title" : "새벽외출",
    "overview" : "",
    "genres" : [ ]
  }, {
    "id" : 350475,
    "title" : "모모는 철부지",
    "overview" : "",
    "genres" : [ ]
  }, {
    "id" : 350480,
    "title" : "물도리 동",
    "overview" : "",
    "genres" : [ ]
  }, {
    "id" : 350485,
    "title" : "Our Sister Mambo",
    "overview" : "Loosely based on 1957's \"Our Sister Hedy\" and 1961's \"The Greatest Civil War on Earth\", this romantic comedy follows the Wong household, where the father acts as the glue that holds everyone together while Mambo, the protagonist and third daughter, tries to get her other sisters hitched.",
    "genres" : [ ]
  }, {
    "id" : 350490,
    "title" : "빨주노초파남보",
    "overview" : "",
    "genres" : [ ]
  }, {
    "id" : 350495,
    "title" : "구룡대부",
    "overview" : "",
    "genres" : [ ]
  }, {
    "id" : 350500,
    "title" : "사랑의 조건",
    "overview" : "",
    "genres" : [ ]
  }, {
    "id" : 350505,
    "title" : "Molly Moon and the Incredible Book of Hypnotism",
    "overview" : "An orphan who practices hypnosis faces off against a bank robber who wants her book on the art form.",
    "genres" : [ {
      "id" : 14,
      "name" : "Fantasy"
    } ]
  }, {
    "id" : 350510,
    "title" : "석양의 10번가",
    "overview" : "",
    "genres" : [ ]
  }, {
    "id" : 350515,
    "title" : "순자야 문 열어라",
    "overview" : "",
    "genres" : [ ]
  }, {
    "id" : 350520,
    "title" : "My Mellow Rose",
    "overview" : "",
    "genres" : [ {
      "id" : 10749,
      "name" : "Romance"
    } ]
  }, {
    "id" : 350530,
    "title" : "A College Woman's Confession",
    "overview" : "",
    "genres" : [ {
      "id" : 18,
      "name" : "Drama"
    } ]
  }, {
    "id" : 350535,
    "title" : "영원한 유산",
    "overview" : "",
    "genres" : [ ]
  }, {
    "id" : 350540,
    "title" : "Kushuthara: Pattern of Love",
    "overview" : "One single thread weaves the story of the past and present lives of two people. Two people born on the opposite sides of the world, destined to meet, and realize karmic conditions and their consequences. On the surface, it is a typical boy-meets-girl theme, but only on the surface.",
    "genres" : [ ]
  }, {
    "id" : 350545,
    "title" : "Pimienta roja",
    "overview" : "Movie about the life of Juana Azurduy",
    "genres" : [ ]
  }, {
    "id" : 350550,
    "title" : "Imprisoned",
    "overview" : "A young girl gets involved in a family drama when she starts a secret friendship with a prison inmate.",
    "genres" : [ {
      "id" : 18,
      "name" : "Drama"
    } ]
  }, {
    "id" : 350555,
    "title" : "The Midwife",
    "overview" : "'The Midwife' (fin.'Kätilö') is a romance-drama set during WWII in Finland’s Lapland province, a major European battle ground of the war. Based on Katja Kettu’s bestselling novel, 'The Midwife' turns on the love affair between a Lapp midwife and a Nazi SS officer set against the backdrop of the Lapland War, which opposed Finnish and Germany armies in 1944-45. The themes in the story are international. It’s about conquering love and war, and class boundaries that are broken down.",
    "genres" : [ {
      "id" : 18,
      "name" : "Drama"
    }, {
      "id" : 10752,
      "name" : "War"
    }, {
      "id" : 10749,
      "name" : "Romance"
    } ]
  }, {
    "id" : 350560,
    "title" : "A Mouse, a Mystery and Me",
    "overview" : "A Christmas special about a world-class mystery-writing mouse who spends Christmas Eve with his sleuthing partners tracking down a missing Santa. The special combines live-action footage with an animated character, Alex the mouse.",
    "genres" : [ {
      "id" : 10751,
      "name" : "Family"
    } ]
  }, {
    "id" : 350565,
    "title" : "Crema cioccolato e pa...prika",
    "overview" : "",
    "genres" : [ ]
  }, {
    "id" : 350575,
    "title" : "Outside the Box",
    "overview" : "Frederick Schopner, a young management consultant, has been invited to participate in a special kind of team-building event. He and his colleagues will be chased across an outdoor obstacle course while being assessed on leadership qualities and their capacity for teamwork via video surveillance. Special highlight: the company has hired two over-the-hill actors to kidnap the consultants with unloaded weapons, keep them hostage, and to demand a high ransom from the company. A realistic role play with fun factor! But things don't go according to plan: the actors find the make-believe scenario so convincing that they decide to put the plan into action for real, using real weapons. Meanwhile, Human Resources manager Vanessa is observing what's happening via video surveillance and has to find a way to keep the hostage situation from escalating…",
    "genres" : [ {
      "id" : 35,
      "name" : "Comedy"
    } ]
  }, {
    "id" : 350580,
    "title" : "La guêpe",
    "overview" : "",
    "genres" : [ ]
  }, {
    "id" : 350585,
    "title" : "Rafales",
    "overview" : "On Christmas eve a journalist witnesses a theft in a mall and then tracks one of the thieves to later be taken as his hostage in the radio station he works for.",
    "genres" : [ {
      "id" : 53,
      "name" : "Thriller"
    }, {
      "id" : 80,
      "name" : "Crime"
    }, {
      "id" : 18,
      "name" : "Drama"
    } ]
  }, {
    "id" : 350590,
    "title" : "Für immer im Herzen",
    "overview" : "",
    "genres" : [ {
      "id" : 18,
      "name" : "Drama"
    } ]
  }, {
    "id" : 350600,
    "title" : "We Three Heathens",
    "overview" : "Three atheists walk the Camino De Santiago in Spain, putting their friendship and good humour to the test. A first-person documentary account of spirituality, culture, and the physical toil of an 800 km walk on the world's most famous pilgrimage.",
    "genres" : [ ]
  }, {
    "id" : 350605,
    "title" : "Doblajitis",
    "overview" : "Engage in dubbing films and series may have serious problems of sociability ...",
    "genres" : [ {
      "id" : 35,
      "name" : "Comedy"
    } ]
  }, {
    "id" : 350610,
    "title" : "Pig Me",
    "overview" : "Pig me is the story about a pig that escapes from a slaughter house. He finds his way to a pet shop and discovers the nice and warmth atmosphere between the costumers and the animals getting bought. He also wants to get bought, but he realizes that nobody wants to buy a pig. The only solution he can find to that problem is to dress up as the other animals in the pet shop.",
    "genres" : [ {
      "id" : 27,
      "name" : "Horror"
    }, {
      "id" : 16,
      "name" : "Animation"
    }, {
      "id" : 35,
      "name" : "Comedy"
    } ]
  }, {
    "id" : 350615,
    "title" : "Diamond in the Rough: The Making of Aladdin",
    "overview" : "The making of Disney's Aladdin",
    "genres" : [ {
      "id" : 99,
      "name" : "Documentary"
    } ]
  }, {
    "id" : 350620,
    "title" : "Yin Yang Insane",
    "overview" : "Drawing from the tradition of the Twilight Zone, this cutting edge feature film has been touted as one of the most visually stunning and emotionally disturbing movies made to date, by the Hollywood Reporter.  Filmed in the desolate wasteland of the California desert, and its surrounding communities, Yin Yang Insane is a psychological thriller that follows a corporate gangster who, after making his biggest score, finds that he is pursued by a dark, shadowy figure attempting to effect revenge.  This film takes the viewer into the mind of a man as he slowly goes insane, based upon his guilt and regrets for causing the financial devastation of others.",
    "genres" : [ ]
  }, {
    "id" : 350625,
    "title" : "_",
    "overview" : "A man wakes up in a forest unsure of who, or where, he is.",
    "genres" : [ ]
  }, {
    "id" : 350630,
    "title" : "Big Sur",
    "overview" : "Fast-moving impressions of the Big Sur, the water, the ocean, and the Ladies, as part of the landscape, swimming, or running nude, against the sun or part of the sun.",
    "genres" : [ ]
  }, {
    "id" : 350635,
    "title" : "Nos Passos de Gustave Eiffel",
    "overview" : "",
    "genres" : [ ]
  }, {
    "id" : 350640,
    "title" : "Clean Sex",
    "overview" : "Mariana has an obsessive cleaning habit. After starting a troubled relationship with Enrique. She must accept that sex is dirty and  impulsive.",
    "genres" : [ {
      "id" : 35,
      "name" : "Comedy"
    } ]
  }, {
    "id" : 350645,
    "title" : "Erotic Zen",
    "overview" : "A sex-mad couple discover that they are demons, and must have even more sex to regain human form.",
    "genres" : [ {
      "id" : 10769,
      "name" : "Foreign"
    } ]
  }, {
    "id" : 350650,
    "title" : "Doraemon: Nobita and the Space Heroes",
    "overview" : "One day Doraemon, Nobita, Shizuka, Gian and Suneo were shooting a film as space heroes. When they were shooting the film in the open lot a boy called Aron comes and alerts them of aliens attacking his planet. They agree to help him by turning into real superheroes, but it isn't as easy as it looks.",
    "genres" : [ {
      "id" : 35,
      "name" : "Comedy"
    }, {
      "id" : 16,
      "name" : "Animation"
    }, {
      "id" : 10751,
      "name" : "Family"
    }, {
      "id" : 12,
      "name" : "Adventure"
    }, {
      "id" : 878,
      "name" : "Science Fiction"
    }, {
      "id" : 14,
      "name" : "Fantasy"
    } ]
  }, {
    "id" : 350655,
    "title" : "Bırakmak İstiyorum",
    "overview" : "",
    "genres" : [ ]
  }, {
    "id" : 350660,
    "title" : "Exhibition on Screen: Vermeer and Music",
    "overview" : "",
    "genres" : [ {
      "id" : 99,
      "name" : "Documentary"
    } ]
  }, {
    "id" : 350670,
    "title" : "Kırık Midyeler",
    "overview" : "",
    "genres" : [ ]
  }, {
    "id" : 350675,
    "title" : "Colin Hay: Waiting For My Real Life",
    "overview" : "The story of singer-songwriter Colin Hay, former front-man of Men At Work. We follow Hay from his earliest days in Scotland, through his family's emigration to Australia, to the massive, worldwide success of his band, to the depths of addiction and failure, to a slow climb back up the ladder seeking relevance, artistic freedom and ultimately, transcendence.",
    "genres" : [ {
      "id" : 10402,
      "name" : "Music"
    }, {
      "id" : 99,
      "name" : "Documentary"
    } ]
  }, {
    "id" : 350680,
    "title" : "Mavi Gözlü Dev",
    "overview" : "",
    "genres" : [ ]
  }, {
    "id" : 350685,
    "title" : "La troisième mi-temps",
    "overview" : "",
    "genres" : [ {
      "id" : 12,
      "name" : "Adventure"
    } ]
  }, {
    "id" : 350690,
    "title" : "Kur in Travemünde",
    "overview" : "",
    "genres" : [ {
      "id" : 18,
      "name" : "Drama"
    } ]
  }, {
    "id" : 350695,
    "title" : "The Alumni Chapter",
    "overview" : "What happens when you graduate from college, only to find that jobs are practically nonexistent and your best friends aren't what they seem? Four old friends reunite after college graduation. The conversation quickly turns sour, and a series of flashbacks expose the bitter truth.",
    "genres" : [ {
      "id" : 18,
      "name" : "Drama"
    }, {
      "id" : 35,
      "name" : "Comedy"
    } ]
  }, {
    "id" : 350700,
    "title" : "Herzsprung",
    "overview" : "",
    "genres" : [ {
      "id" : 18,
      "name" : "Drama"
    } ]
  }, {
    "id" : 350705,
    "title" : "Au sud",
    "overview" : "The specific colors and tones and rhythms of a place in the south of France. The dryness of gold, the rock of plateau, the cemetery of the sailors, the echoes of fishermen and artists, the memory of Paul Valery. And water everywhere.",
    "genres" : [ ]
  }, {
    "id" : 350710,
    "title" : "Untitled (for R.)",
    "overview" : "A study in foreground and background made with a video camera, a set of handmade filters, and a canoe.",
    "genres" : [ ]
  }, {
    "id" : 350715,
    "title" : "August Song",
    "overview" : "Filmmaker Jodie Mack's video animated short is the cat's pajamas. Literally. The London-born experimental animator's overlay of recycled everyday patterns and materials has a homey, patchwork quality well-suited to its just-barely-domesticated feline subjects. Its playful and eye-catching collage also offers us the chance to consider the relationship between fine-art sensibilities and the castoff items of mass-market design. - Robert Avila",
    "genres" : [ ]
  }, {
    "id" : 350720,
    "title" : "Time of Intimacy",
    "overview" : "The  story of first and last sexual experience.",
    "genres" : [ ]
  }, {
    "id" : 350725,
    "title" : "The Virgin Psychics",
    "overview" : "A high-school student Yoshiro has never got a spotlight in his life and spends his days aimlessly. What only shines in his life is a girl Sae at his school. Even if being completely disregarded by her, he still dreams of becoming her true love in the future. One day, he finds himself having a mind-reading psychic power. As he looks around, there seem more psychics born in the city, and somehow they are all virgins! One uses his psychokinetic power to fulfill his sexual desire or turns into a flasher using teleportation ability... On the arrival of the psychics like Yoshiro, the city gets gradually infested with the erotic terrorism evoked by a mysterious group. Knowing he has never got any attention from the girl of his dreams, Yoshiro determines to use his power to save the world from this steamy chaos and show off what he has got to the love of his life!",
    "genres" : [ {
      "id" : 35,
      "name" : "Comedy"
    }, {
      "id" : 878,
      "name" : "Science Fiction"
    } ]
  }, {
    "id" : 350735,
    "title" : "Cuestión de suerte",
    "overview" : "Life is a question of luck.",
    "genres" : [ {
      "id" : 18,
      "name" : "Drama"
    } ]
  }, {
    "id" : 350740,
    "title" : "Dressed to Fight",
    "overview" : "It's all action, all the time, in this seldom-seen kung fu extravaganza starring Tien Peng, who's all dressed up with somewhere to go: He's on his way to kick some butt! In the vaunted tradition of grind-house Hong Kong action flicks, this film features breathtaking thrilling battles and martial arts moves that have to be seen to be believed (and then you still won't believe them!).",
    "genres" : [ {
      "id" : 28,
      "name" : "Action"
    } ]
  }, {
    "id" : 350745,
    "title" : "The Story of a Writer",
    "overview" : "The writer's life of Ray Bradbury.",
    "genres" : [ ]
  }, {
    "id" : 350755,
    "title" : "Geh ins Herz",
    "overview" : "",
    "genres" : [ {
      "id" : 9648,
      "name" : "Mystery"
    }, {
      "id" : 18,
      "name" : "Drama"
    } ]
  }, {
    "id" : 350760,
    "title" : "Sandhwanam",
    "overview" : "Thampi (Nedumudi Venu) and his wife become alone in their life when their beloved son marries against their wish and goes to U.S. As a surprise on Thampi's sixtieth birthday, their grand-daughter (Meena) comes alone from U.S. to live with them.",
    "genres" : [ {
      "id" : 10751,
      "name" : "Family"
    } ]
  }, {
    "id" : 350765,
    "title" : "Langsamer Sommer",
    "overview" : "A man visits a friend's house. They watch a film of an earlier time when they were hanging around, meeting girls.",
    "genres" : [ ]
  }, {
    "id" : 350770,
    "title" : "Mehr als nur Sex",
    "overview" : "",
    "genres" : [ {
      "id" : 35,
      "name" : "Comedy"
    } ]
  }, {
    "id" : 350775,
    "title" : "In Search of The Most Dangerous Town On the Internet",
    "overview" : "Râmnicu Vâlcea, Romania has only 120,000 residents, but among law enforcement experts around the world, it has a nickname: Hackerville. In the last year alone, $1 billion was stolen in the U.S. by Romanian hackers. Convicted criminals with nicknames like Guccifer and Iceman have been caught breaking into the email accounts of NASA, Hillary Clinton and George W. Bush—but that’s just the beginning. The world is finally waking up to the realities of cybercrime and the threats that it poses to our society. Is there anything we can do to stop these individuals and protect ourselves from the most dangerous town on the internet.",
    "genres" : [ ]
  }, {
    "id" : 350780,
    "title" : "Macho Peruano que se Respeta",
    "overview" : "",
    "genres" : [ {
      "id" : 10749,
      "name" : "Romance"
    }, {
      "id" : 35,
      "name" : "Comedy"
    } ]
  }, {
    "id" : 350785,
    "title" : "A Hail of Bullets",
    "overview" : "A sarcastic, improvisational film, with anarchic origins, strongly cinephile flavor, and largely autobiographical in nature and content. A film director strives to escape alienation, while, at the same time, expressing his intense feelings for his wife, cinema and Greece during the restoration of democracy.",
    "genres" : [ {
      "id" : 18,
      "name" : "Drama"
    } ]
  }, {
    "id" : 350790,
    "title" : "Rasikan",
    "overview" : "Sivankutty earns a living by selling tickets in black. One day, he witnesses a policeman's murder in broad daylight and stands up against the culprit alone.",
    "genres" : [ {
      "id" : 53,
      "name" : "Thriller"
    }, {
      "id" : 18,
      "name" : "Drama"
    }, {
      "id" : 35,
      "name" : "Comedy"
    } ]
  }, {
    "id" : 350795,
    "title" : "Quilombos da Bahia",
    "overview" : "",
    "genres" : [ ]
  }, {
    "id" : 350800,
    "title" : "La vida a 5 nudos",
    "overview" : "",
    "genres" : [ {
      "id" : 99,
      "name" : "Documentary"
    } ]
  }, {
    "id" : 350810,
    "title" : "A través del espejo",
    "overview" : "",
    "genres" : [ {
      "id" : 12,
      "name" : "Adventure"
    }, {
      "id" : 18,
      "name" : "Drama"
    }, {
      "id" : 14,
      "name" : "Fantasy"
    } ]
  }, {
    "id" : 350815,
    "title" : "Homem-Carro",
    "overview" : "",
    "genres" : [ {
      "id" : 99,
      "name" : "Documentary"
    } ]
  }, {
    "id" : 350820,
    "title" : "Tapılacak Kadın",
    "overview" : "",
    "genres" : [ ]
  }, {
    "id" : 350825,
    "title" : "Eh, Pagu, Eh!",
    "overview" : "",
    "genres" : [ {
      "id" : 99,
      "name" : "Documentary"
    } ]
  }, {
    "id" : 350830,
    "title" : "Zaman Makinesi 1973",
    "overview" : "",
    "genres" : [ {
      "id" : 35,
      "name" : "Comedy"
    } ]
  }, {
    "id" : 350835,
    "title" : "The Third Degree",
    "overview" : "The disowned son of a wealthy family is tried for the murder...",
    "genres" : [ {
      "id" : 18,
      "name" : "Drama"
    } ]
  }, {
    "id" : 350840,
    "title" : "White People",
    "overview" : "Documentary on the concept of white privilege and how it effects white people and other cultures.",
    "genres" : [ ]
  }, {
    "id" : 350845,
    "title" : "Worlds Apart",
    "overview" : "Three separate narratives each following a love story between a foreigner and a Greek. Each story represents a different generation falling in love during a time of socioeconomic turmoil that dominates Southern Europe as a whole, only to connect as a single story in the end.",
    "genres" : [ {
      "id" : 10749,
      "name" : "Romance"
    }, {
      "id" : 18,
      "name" : "Drama"
    } ]
  }, {
    "id" : 350850,
    "title" : "Fernand cow-boy",
    "overview" : "Also known as  El conquistador de Texas (Spain) | Fernand Cowboy",
    "genres" : [ {
      "id" : 35,
      "name" : "Comedy"
    } ]
  }, {
    "id" : 350855,
    "title" : "ZZ Top - Live At Bonnaroo 2013",
    "overview" : "Texas blues-rock legends ZZ Top celebrated their 44th (?!) year as a band with a 90-minute, career-spanning set at Bonnaroo 2013. The trio included tracks ranging from their 1971 debut to last year's Rick Rubin-produced La Futura, playing all the major MTV staples (\"Legs,\" \"Sharp Dressed Man,\" \"Gimme All Your Lovin'\"), early blues tracks (\"La Grange,\" \"Certified Blues\") and covers (Jimi Hendrix's \"Foxy Lady.\") Despite their inclusion in the Rock and Roll Hall of Fame, to many, they're just \"those guys with beards who made a few videos in the 80s.\" To familiarize (or re-famiiarize) yourself with the iconic band, here are 10 reasons why their set was one of Friday's best.",
    "genres" : [ ]
  }, {
    "id" : 350860,
    "title" : "Revanche",
    "overview" : "During the night of the big earthquake that shook Athens in 1981, Yannis, a 30-year-old cinephile, falls in love with his best friend Yorgos’ girlfriend who allows him to sleep next to her feeling her breast. Yannis and Eva have to overcome Yorgos’ jealousy as well as the ups and downs of their own affair. Since they all seem to be suffering, they form a trio and manage to live together in harmony for some time but then a well-hidden secret from the men’s political activism in the past is about to hit them like a new earthquake.",
    "genres" : [ {
      "id" : 18,
      "name" : "Drama"
    } ]
  }, {
    "id" : 350865,
    "title" : "우리는 지금 제네바로 간다",
    "overview" : "",
    "genres" : [ ]
  }, {
    "id" : 350870,
    "title" : "연산일기",
    "overview" : "",
    "genres" : [ ]
  }, {
    "id" : 350875,
    "title" : "Pillar of Mist",
    "overview" : "Drama about a married couple.",
    "genres" : [ {
      "id" : 18,
      "name" : "Drama"
    } ]
  }, {
    "id" : 350890,
    "title" : "제3 한강교",
    "overview" : "",
    "genres" : [ ]
  }, {
    "id" : 350895,
    "title" : "Iceberg",
    "overview" : "The sea. A sailboat. Some teenagers drink and dance under the scorching Mediterranean sun. Meanwhile, inside the vessel, the body of a girl lying twisted and nonexistent in the eyes of others.",
    "genres" : [ {
      "id" : 53,
      "name" : "Thriller"
    } ]
  }, {
    "id" : 350900,
    "title" : "겨울 나그네",
    "overview" : "",
    "genres" : [ ]
  }, {
    "id" : 350910,
    "title" : "Solo Duets",
    "overview" : "On the background of a room rebuilt in every detail, a man is suspended in the emptiness of his memories, without dialog, speaking only through the notes of Satie. And his other self (his youth) who appears suddenly to remind us of the past, and of the fleeting nature of life.",
    "genres" : [ {
      "id" : 18,
      "name" : "Drama"
    }, {
      "id" : 16,
      "name" : "Animation"
    } ]
  }, {
    "id" : 350915,
    "title" : "어우동",
    "overview" : "",
    "genres" : [ ]
  }, {
    "id" : 350920,
    "title" : "학을 그리는 여인",
    "overview" : "",
    "genres" : [ ]
  } ]
}