{
  "movies" : [ {
    "id" : 293625,
    "title" : "The Ritual",
    "overview" : "A serial killer begins the process of grooming a protégé, until outside influences threaten to destroy their sadistic relationship.",
    "genres" : [ {
      "id" : 18,
      "name" : "Drama"
    }, {
      "id" : 27,
      "name" : "Horror"
    } ]
  }, {
    "id" : 293630,
    "title" : "American Monsters",
    "overview" : "The earth and sky are filled with mysteries. Startling evidence emerges yearly that supports the existence of Lake Monsters, Wild Men, &amp; Werewolves.",
    "genres" : [ ]
  }, {
    "id" : 293635,
    "title" : "The Good Policeman",
    "overview" : "Isaac Seidel is a highly unconventional New York police-commissioner, who will do everything, even bending the rules for the job. Stars Ron Silver, Tony Lo Bianco, Joe Morton, Blair Brown, Joanna Pacula, Tom Signorelli.",
    "genres" : [ ]
  }, {
    "id" : 293640,
    "title" : "Northwest of Chicago - From Farm Fields to Boomtowns",
    "overview" : "History of the suburbs and towns Northwest of Chicago.",
    "genres" : [ {
      "id" : 99,
      "name" : "Documentary"
    } ]
  }, {
    "id" : 293645,
    "title" : "Transient Hotel",
    "overview" : "\"Transient hotel\" talks about a hotel that is located in the red zone of Mexicali, on the border between Mexico and the United States. Guests are deported who convert the hotel into a temporary home while their immigration status is resolved.",
    "genres" : [ ]
  }, {
    "id" : 293650,
    "title" : "Stop Calling Me Baby!",
    "overview" : "A man hires a P.I. to find a sexy woman he fell in love with. The woman lives with her underage teen sister who dreams about having sex for the first time, but wants a real man. That's when the P.I. shows up and stirs up the household.",
    "genres" : [ {
      "id" : 18,
      "name" : "Drama"
    }, {
      "id" : 35,
      "name" : "Comedy"
    }, {
      "id" : 10749,
      "name" : "Romance"
    } ]
  }, {
    "id" : 293660,
    "title" : "Deadpool",
    "overview" : "Deadpool tells the origin story of former Special Forces operative turned mercenary Wade Wilson, who after being subjected to a rogue experiment that leaves him with accelerated healing powers, adopts the alter ego Deadpool. Armed with his new abilities and a dark, twisted sense of humor, Deadpool hunts down the man who nearly destroyed his life.",
    "genres" : [ {
      "id" : 28,
      "name" : "Action"
    }, {
      "id" : 12,
      "name" : "Adventure"
    }, {
      "id" : 35,
      "name" : "Comedy"
    } ]
  }, {
    "id" : 293665,
    "title" : "Dora the Explorer: Dora's Halloween",
    "overview" : "Get ready for both tricks and treats when  you join Dora and Boots on a spooky Halloween adventure and a magical hut for a wizard's missing wand!",
    "genres" : [ {
      "id" : 12,
      "name" : "Adventure"
    }, {
      "id" : 16,
      "name" : "Animation"
    } ]
  }, {
    "id" : 293670,
    "title" : "The Wailing",
    "overview" : "A stranger arrives in a little village and soon after a mysterious sickness starts spreading. A policeman is drawn into the incident and is forced to solve the mystery in order to save his daughter.",
    "genres" : [ {
      "id" : 27,
      "name" : "Horror"
    }, {
      "id" : 9648,
      "name" : "Mystery"
    } ]
  }, {
    "id" : 293680,
    "title" : "Cytherea",
    "overview" : "Lee Randon, weary of business duties and a conventional home life, acquires a long-lost sense of excitement and romance with young flapper Claire Morris. When he meets her married aunt, Savina Grove, she appears to be the woman he imagines whenever he gazes at a doll he has christened Cytherea, goddess of love -----Cytherea features two dream sequences filmed in an early version of the Technicolor color film process.",
    "genres" : [ {
      "id" : 18,
      "name" : "Drama"
    } ]
  }, {
    "id" : 293685,
    "title" : "La Nuit du risque",
    "overview" : "",
    "genres" : [ {
      "id" : 80,
      "name" : "Crime"
    } ]
  }, {
    "id" : 293690,
    "title" : "Woman-Taxi-Woman",
    "overview" : "Directed by Junzheng Wang.",
    "genres" : [ ]
  }, {
    "id" : 293695,
    "title" : "Die Schuld des Dr. Homma",
    "overview" : "",
    "genres" : [ {
      "id" : 80,
      "name" : "Crime"
    } ]
  }, {
    "id" : 293700,
    "title" : "Das Leben ein Traum",
    "overview" : "",
    "genres" : [ {
      "id" : 14,
      "name" : "Fantasy"
    } ]
  }, {
    "id" : 293705,
    "title" : "Yamaha yudang",
    "overview" : "Directed by Liang Zhang.",
    "genres" : [ ]
  }, {
    "id" : 293710,
    "title" : "Broken Chains",
    "overview" : "Directed by Yakov Protazanov.",
    "genres" : [ ]
  }, {
    "id" : 293715,
    "title" : "Skirmish on the Home Front",
    "overview" : "Promotional short extolling the virtues of the American government's wartime Economic Stabilization Plan.",
    "genres" : [ {
      "id" : 10752,
      "name" : "War"
    }, {
      "id" : 18,
      "name" : "Drama"
    } ]
  }, {
    "id" : 293720,
    "title" : "Arezo",
    "overview" : "No other language has so many words for the notion of pain than Farsi does. When the originally Iranian choreographer and dancer Arezo gets a surprise visit from her brother Koshan, this observation becomes the leitmotiv of a serene, emotional tug-of-war between two refugees. Where does pain lead to tension, where to conciliation? In sober colours, the director visualises the struggle of two creative people trying to give vent to an unspeakable trauma from the past that they have in common, but are unable to share.",
    "genres" : [ {
      "id" : 18,
      "name" : "Drama"
    } ]
  }, {
    "id" : 293725,
    "title" : "Beggar on Horseback",
    "overview" : "Neil McRae, an impoverished composer, loves Cynthia Mason, but, fearing poverty, proposes to wealthy Gladys Cady. Can he compose himself and find the courage to seek love over comfort?",
    "genres" : [ {
      "id" : 35,
      "name" : "Comedy"
    } ]
  }, {
    "id" : 293730,
    "title" : "Bühne frei für Kolowitz",
    "overview" : "",
    "genres" : [ {
      "id" : 35,
      "name" : "Comedy"
    } ]
  }, {
    "id" : 293740,
    "title" : "Bachelor Daze",
    "overview" : "Slim and Ezra are roommates and are wondering why they are still single.  Ezra tells Slim that the local battle axe played by Minerva Urecal has a crush on him but Slim lacks the nerve to ask her to marry him.",
    "genres" : [ {
      "id" : 35,
      "name" : "Comedy"
    } ]
  }, {
    "id" : 293745,
    "title" : "Lucy: Queen of Comedy",
    "overview" : "A chronicle of the life and career of comedy legend, Lucille Ball.",
    "genres" : [ ]
  }, {
    "id" : 293750,
    "title" : "One For the Road",
    "overview" : "A man bent on suicide is stopped by a Grim Reaper, who heads out for a crazy night of partying with the man he's just saved; only after they sober up the next day does the Grim Reaper remember his assignment.",
    "genres" : [ ]
  }, {
    "id" : 293755,
    "title" : "The Amber Sexalogy",
    "overview" : "The Amber Sexalogy is a suite of six interrelated but markedly different DV shorts. Charting certain stages in the relationship between Harris, a young man played by a series of different actors and Amber, a young woman played by Melissa Maureen Rizal, these very different short films work as a unified suite and eventually build up to a master narrative that unfolds fully in the moments of reflection after watching the entire 61 minutes. (Benjamin McKay)",
    "genres" : [ {
      "id" : 10749,
      "name" : "Romance"
    } ]
  }, {
    "id" : 293760,
    "title" : "Transit",
    "overview" : "After a graffiti artist loses his brother and fellow partner-in-crime to the hands of a vigilante killer he vows to give up graffiti forever. That lasts until he hooks up with his best friend, a tag-banger out to make a name for himself.",
    "genres" : [ ]
  }, {
    "id" : 293765,
    "title" : "Two Lessons",
    "overview" : "In 1996, Wojciech Staron documented Malgosia, his girlfriend, as she traveled the Siberian city Usolie-Sibirskoe and gave Polish language lessons to the descendants of exiled Poles. Captured on beautiful 16mm film, Siberian Lesson is the candid diary of a young teacher acclimating and falling in love, as well as a portrait of a community still reeling from the collapse of the Soviet Union. Many years after their Siberian journey, now a married couple with two children, Wojciech and Malgosia traveled to a very different place: Azara, a remote village in northern Argentina, where Malgosia once again taught Polish to fellow emigrants. In the gorgeous, startlingly intimate Argentinian Lesson, Wojciech also turns his 16mm camera on Janek, his 8-year-old son, and his friend Marcia, a bright Argentinian girl of Polish descent bravely contending with poverty. As independent episodes, Siberian Lesson (1998) and Argentinian Lesson (2011) have screened at film festivals.",
    "genres" : [ ]
  }, {
    "id" : 293770,
    "title" : "Two 4 One",
    "overview" : "When Adam helps his nutty ex-girlfriend Miriam artificially inseminate, it turns into a one-night stand-- and they both wind up pregnant. You see, Adam has been transitioning to living as a man. Now torn between his feelings for Miriam and his need for a masculine identity, Adam must figure out whether he's going to settle down and have a baby, or just try to be one of the guys.",
    "genres" : [ ]
  }, {
    "id" : 293775,
    "title" : "Kobe Salm Jam",
    "overview" : "Before becoming a pro icon, Bryant competed in the 1996 McDonald's All American Slam Jam.",
    "genres" : [ ]
  }, {
    "id" : 293780,
    "title" : "Battle of the Strands Live",
    "overview" : "Captivating and educational, Battle of the Strands Live brings the ultimate beauty competition to professionals, students and fashionistas nationwide to showcase some of the best fantasy designs in the world of hair, makeup and nail art.",
    "genres" : [ ]
  }, {
    "id" : 293785,
    "title" : "Ticket to Ride",
    "overview" : "Iceland, Alaska, Kazakhstan, Colorado, Norway, Switzerland, Montana - the world's top winter athletes cruise unbelievable snowscapes in the 64th Warren Miller ski film",
    "genres" : [ {
      "id" : 99,
      "name" : "Documentary"
    }, {
      "id" : 28,
      "name" : "Action"
    } ]
  }, {
    "id" : 293790,
    "title" : "Call If You Need Me",
    "overview" : "Gentle, easy-going Or Kia moves from the countryside to Kuala Lumpur to work for his cousin and best friend Ah Soon, a mid-level gangster and enforcer. While Or Kia works hard to put a sister through school, Ah Soon cares for an unstable girlfriend prone to mysterious disappearances. As they both sink deeper into a nocturnal world of debts, drugs, and betrayal, Or Kia's loyalties are strained when Ah Soon falls out of favor with the bosses and tries to escape the business.",
    "genres" : [ {
      "id" : 18,
      "name" : "Drama"
    }, {
      "id" : 80,
      "name" : "Crime"
    } ]
  }, {
    "id" : 293795,
    "title" : "Vicious Circles",
    "overview" : "When a young man is arrested for dealing drugs, his girlfriend tries to help him out by making some big money as a member of an exclusive group of prostitutes.",
    "genres" : [ {
      "id" : 53,
      "name" : "Thriller"
    }, {
      "id" : 18,
      "name" : "Drama"
    } ]
  }, {
    "id" : 293800,
    "title" : "Deadly Lessons",
    "overview" : "A mysterious college professor, Simon Conjurer guides a group of dysfunctionals on a journey of self discovery, as they become the focus of a murder investigation when Simon is framed by his rival, Dr. Crazx (Jon Voight), a Pulitzer prize winning psychiatrist with an unsavory vendetta and a knack for twisted mind games.",
    "genres" : [ ]
  }, {
    "id" : 293805,
    "title" : "Secret Weapon",
    "overview" : "Secret weapon is a story of a young family whose happiness was truncated by a series of unfortunate events. Their baby is missing and all hell is let loose.",
    "genres" : [ ]
  }, {
    "id" : 293810,
    "title" : "Luisa",
    "overview" : "Fired from her job just a year before retirement, the subsequent death of her cherished cat proves life changing for a lonely woman.",
    "genres" : [ ]
  }, {
    "id" : 293815,
    "title" : "Survive",
    "overview" : "At the end of a late-summer trip in the Alaskan wilderness, four young backpackers find themselves stranded when their chartered airplane doesn’t show up. Hundreds of miles away from civilization and with the weather closing in fast, the reality of their situation hits home and they realize they need to take action. Their problems escalate when a member of the group is badly injured, seriously jeopardizing the group's chances of survival. As the pressure of extreme weather and isolation begins to divide the group and they split up to find a way back to civilization, they must put aside their differences and band together to make it out alive in this tense and gripping drama filmed on location in Kodiak, Alaska.",
    "genres" : [ ]
  }, {
    "id" : 293820,
    "title" : "Tar",
    "overview" : "Directed by Goetz Grossmann",
    "genres" : [ ]
  }, {
    "id" : 293825,
    "title" : "48 Hours in 8 Minutes",
    "overview" : "Super 8 film transferred to SD video.",
    "genres" : [ ]
  }, {
    "id" : 293830,
    "title" : "Terminal",
    "overview" : "A hospital in need of funds announces a cure for a form of brain cancer, having saved several wealthy men's lives. When a young girl with the cancer dies, one doctor notices that she and all the cured men had been treated with exactly the same medicine. Investigating further, she uncovers a plot by the administration to locate wealthy men already suffering from a serious condition, and give them the cancer, which can then be treated successfully.",
    "genres" : [ {
      "id" : 27,
      "name" : "Horror"
    }, {
      "id" : 18,
      "name" : "Drama"
    } ]
  }, {
    "id" : 293835,
    "title" : "Heads in Love",
    "overview" : "16mm film transferred to SD video, recorded 1970, edited 2009. An excerpt from Michel Auder's film Cleopatra (1970).",
    "genres" : [ ]
  }, {
    "id" : 293845,
    "title" : "Wife in Heat: While Husband is Away",
    "overview" : "Rafureshia, or as it is also known, `Wife in Heat: While Husband Is Away', is the darkly humorous story of three very different women and their search through their sexuality into the freedom that lies beyond it.",
    "genres" : [ ]
  }, {
    "id" : 293850,
    "title" : "The Magic of Heineken",
    "overview" : "Take a captivating ride through nearly 150 years of entertaining history telling the story of the world's largest family controlled brewer. Meet Gerard Adriaan Heineken, who founded the first Heineken Brewery in 1864 and follow this extraordinary tale of pioneering adventure, relentless obsession for quality, persistent innovation, environmental sustainability, and celebrated sports and music events.",
    "genres" : [ {
      "id" : 99,
      "name" : "Documentary"
    } ]
  }, {
    "id" : 293855,
    "title" : "Father Knows Breast",
    "overview" : "An internet flirtation quickly develops into a torrid romance. And unbeknownst to either party, she happens to be the girlfriend of his son.",
    "genres" : [ {
      "id" : 18,
      "name" : "Drama"
    } ]
  }, {
    "id" : 293860,
    "title" : "Boxes",
    "overview" : "Rene Besson's exploration of the boxes we put ourselves into.  Whether it's sitting in a cubicle or watching TV at home, boxes dominate our lives, whether we like it or not.",
    "genres" : [ {
      "id" : 35,
      "name" : "Comedy"
    } ]
  }, {
    "id" : 293870,
    "title" : "Hallo Fräulein!",
    "overview" : "",
    "genres" : [ {
      "id" : 35,
      "name" : "Comedy"
    } ]
  }, {
    "id" : 293875,
    "title" : "Holocaust",
    "overview" : "",
    "genres" : [ {
      "id" : 10752,
      "name" : "War"
    }, {
      "id" : 18,
      "name" : "Drama"
    } ]
  }, {
    "id" : 293880,
    "title" : "Hollidaysburg",
    "overview" : "Home for Thanksgiving break after their first semester at college, five friends discover just how much things change (and don't) after high school.",
    "genres" : [ {
      "id" : 35,
      "name" : "Comedy"
    } ]
  }, {
    "id" : 293885,
    "title" : "Tea Fight",
    "overview" : "A descendant of an ancient tea tribe heads to Taiwan to look for the legendary black tea to break the curse of a tribal rivalry. Meanwhile, in an \"underground tea market\" somewhere in Taiwan that sells rare expensive tea from around the world, tribe members have other motives up their sleeves regarding the black tea legacy. Each for their own cause, rival tribal members become tangled up in a web of love and hate.",
    "genres" : [ {
      "id" : 18,
      "name" : "Drama"
    } ]
  }, {
    "id" : 293890,
    "title" : "Chiang Khan Story",
    "overview" : "Set in 1970s when disco music was popular, Took Kae Rak Pang Mak (Chiang Khan Story) is a romantic comedy set in Chiang Khan district of Loei. Talented 18-year-old actor Jirayu La-Ongmanee (Kao) plays a movie lover from Chiang Khan named Took Kae. Took Kae has sweet boyhood memories of a girl named Pang, played by Chontida Asavahame (Pleng), 19. Took Kae later works with a movie crew in Bangkok on a film starring Pang, who has become an actress. Though Pang appears to be out of his league, Took Kae doesn’t give up on his dreams of being with her.",
    "genres" : [ {
      "id" : 35,
      "name" : "Comedy"
    }, {
      "id" : 18,
      "name" : "Drama"
    }, {
      "id" : 10749,
      "name" : "Romance"
    } ]
  }, {
    "id" : 293895,
    "title" : "The Best Of Smack The Pony",
    "overview" : "Comediennes Sally Phillips, Doon MacKichan and Fiona Allen star in this compilation of the best moments from the first two series of their hit comedy show. Prior to 'Smack the Pony', Doon was probably best known to viewers for her work on 'The Day Today' and 'Knowing Me, Knowing You with Alan Partridge', while Sally co-starred in 'I'm Alan Partridge' and Fiona made a splash following her sordid affair with Mike Baldwin in 'Coronation Street'.",
    "genres" : [ ]
  }, {
    "id" : 293900,
    "title" : "Your Day Will Come",
    "overview" : "",
    "genres" : [ {
      "id" : 18,
      "name" : "Drama"
    } ]
  }, {
    "id" : 293905,
    "title" : "Zamindar",
    "overview" : "Directed by Moti B. Gidwani.",
    "genres" : [ ]
  }, {
    "id" : 293910,
    "title" : "One Shot",
    "overview" : "A single-shot short produced by Joe Swanberg for the Northwest Film Forum.",
    "genres" : [ ]
  }, {
    "id" : 293915,
    "title" : "The Best of Naseem Hamed",
    "overview" : "`Prince Naseem Hamed' started boxing professionally in 1992 and was soon well known for his fl ashy, compulsive, unpredictable style . In his career he won the WBC, IBF and WBO world titles at various weights but would always be known as a showman and entertainer.  Hamed's most powerful punch was a straight left that was known to knock strong fighters out in a single shot. Hamed was also known to clown around in the ring. When hit cleanly he would smile at opponents, make faces, shake his head, and shrug his shoulders to indicate that he wasn't hurt!  Prince Naseem was one of the most flamboyant fighters of our time and this DVD traces the highlights of his extraordinary career from start to finish - blow by blow!",
    "genres" : [ {
      "id" : 99,
      "name" : "Documentary"
    } ]
  }, {
    "id" : 293920,
    "title" : "Znachor",
    "overview" : "Directed by Michal Waszynski.",
    "genres" : [ ]
  }, {
    "id" : 293925,
    "title" : "Alle Sünden dieser Erde",
    "overview" : "",
    "genres" : [ {
      "id" : 18,
      "name" : "Drama"
    } ]
  }, {
    "id" : 293930,
    "title" : "Gefährliche Nähe und Du ahnst nichts",
    "overview" : "",
    "genres" : [ {
      "id" : 80,
      "name" : "Crime"
    } ]
  }, {
    "id" : 293935,
    "title" : "Jesus '71",
    "overview" : "This patriotic Bengali movie by Nasiruddin Yusuf, based on Shahriar Kabir's story, depicts a pastor's involvement in the Independence war.",
    "genres" : [ {
      "id" : 18,
      "name" : "Drama"
    } ]
  }, {
    "id" : 293940,
    "title" : "Die lustigen Weiber von Wien",
    "overview" : "",
    "genres" : [ {
      "id" : 35,
      "name" : "Comedy"
    } ]
  }, {
    "id" : 293945,
    "title" : "Die Nacht der großen Liebe",
    "overview" : "",
    "genres" : [ {
      "id" : 35,
      "name" : "Comedy"
    } ]
  }, {
    "id" : 293950,
    "title" : "The Green Fairy",
    "overview" : "A story about the history and evolution of absinthe, from 1730 to 1915. The Green Fairy will take you on one hell of a trippy ride through time as it details not just the history of the notorious drink, but the modern day methods of imbibing and manufacturing as well.",
    "genres" : [ {
      "id" : 14,
      "name" : "Fantasy"
    } ]
  }, {
    "id" : 293955,
    "title" : "Affirmative Blacktion",
    "overview" : "Director Doug Jeffries is the master of controversial interracial fuck flicks and this time he's taking it to a whole new level! Drop dead gorgeous men of every ethnicity with horse hung cocks and willing buttholes make up an all-star cast for what is hands down the most politically incorrect sex comedy of the year, Affirmative Blacktion. Brandon Lee returns for his first movie in years and performs a rare bottoming scene that will leave you breathless, along with Jimmy Durano and Mitchell Rock (making his interracial sex film debut), paired with some of the biggest stars in the biz.",
    "genres" : [ ]
  }, {
    "id" : 293960,
    "title" : "RudeBoiz 1",
    "overview" : "Oi oi! Filthy council scallies want you to watch them fuck! Real London rude boys invite you to their council flat sex sessions. Join them in their homes and watch real sex like you have never seen.  Boyish, barely-18 Andy sucks James' beercan thick dick as he gets fucked by hard lad Mark. Filthy deep-throater Bruno takes it as well as he gives it with his huge ten incher. All the lads shoot their loads over skinhead Alex's face. The seven RudeBoi orgy drives the movie to a spunk-dripping climax. This is real serious, multiple fuck action.",
    "genres" : [ ]
  }, {
    "id" : 293965,
    "title" : "4 Damas en 300",
    "overview" : "Four violent women drive around in a souped up Chrysler 300 for shopping, armed robbery and narco executions dressed in narc outfits. See the first movie that dares raise the thorny issue of narco jamonas and girls out of control, doing bad things for greater good.",
    "genres" : [ ]
  }, {
    "id" : 293970,
    "title" : "The Final Girls",
    "overview" : "A young woman grieving the loss of her mother, a famous scream queen from the 1980s, finds herself pulled into the world of her mom's most famous movie. Reunited, the women must fight off the film's maniacal killer.",
    "genres" : [ {
      "id" : 27,
      "name" : "Horror"
    }, {
      "id" : 35,
      "name" : "Comedy"
    } ]
  }, {
    "id" : 293975,
    "title" : "A Rough Sketch for a Proposed Film Dealing with the Powers of Ten and the Relative Size of Things in the Universe",
    "overview" : "A Rough Sketch features a linear view of our universe from the human scale to the sea of galaxies, then directly down to the nucleus of a carbon atom.  With images, narration, and a dashboard, it gives a clue to the relative size of things and what it means to add another zero to any number.  The 1977 film, Powers of Ten, was an expanded and updated version of this 1968 study film.  Charles and Ray often gave projects long titles to indicate that they were still exploring their ideas—that the presentation was a model or a type of “sketch.”",
    "genres" : [ ]
  }, {
    "id" : 293980,
    "title" : "Troublesome Night 5",
    "overview" : "The fifth chapter of the \"Troublesome Night\" series, this movie is an anthology of three connected stories. Taxi Driver Cheung runs into bad luck when he encounters strange and mysterious customers during his night shift. That same night, his friend and colleague Fat moves to a new home with his wife and son to hide from loan sharks, and his luck turns when he discovers his new home is haunted by a demon, who promises him sudden wealth. Years later, Fat's son is employed as a security officer at a business firm. There, he encounters paranormal activities during his night shift.",
    "genres" : [ {
      "id" : 35,
      "name" : "Comedy"
    }, {
      "id" : 27,
      "name" : "Horror"
    } ]
  }, {
    "id" : 293985,
    "title" : "Plus Oh!",
    "overview" : "A music video made for yé-yé singer France Gall, which the chanteuse did not like. Watch for the homage to Nicholas Ray's They Live by Night.",
    "genres" : [ ]
  }, {
    "id" : 293990,
    "title" : "Vrai faux passeport",
    "overview" : "A dense work, citing everyone from Tarantino and Verhoeven to Artaud and Chaplin, made for Godard's exhibition at the Centre Pompidou, Voyage(s) en utopie.",
    "genres" : [ {
      "id" : 99,
      "name" : "Documentary"
    } ]
  }, {
    "id" : 293995,
    "title" : "Ein Mann mit Grundsätzen?",
    "overview" : "The day before chemist Dr. Hans Wynhold leaves for a six months business trip to Africa, he meets chemistry student Christa Weiden. They spend the evening together in St. Pauli and fall in love. She doesn't tell him that she'll start the next day at the chemistry laboratory he works at too, because he says he doesn't like women in \"men's jobs\". Only after his departure the next day Christa learns about Hans' reputation as a Don Juan. In fear that she'll lose him to another woman, she follows him... and starts a series of complications.",
    "genres" : [ {
      "id" : 35,
      "name" : "Comedy"
    } ]
  }, {
    "id" : 294000,
    "title" : "Zwei Herzen im Mai",
    "overview" : "",
    "genres" : [ {
      "id" : 35,
      "name" : "Comedy"
    } ]
  }, {
    "id" : 294005,
    "title" : "La Forza del Destino",
    "overview" : "La Forza del Destino, recorded live at the Metropolitan Opera on 24/Mar/1984",
    "genres" : [ {
      "id" : 18,
      "name" : "Drama"
    }, {
      "id" : 10402,
      "name" : "Music"
    } ]
  }, {
    "id" : 294015,
    "title" : "Hochzeit am Neusiedler See",
    "overview" : "A comedy directed by Rolf Olsen.",
    "genres" : [ {
      "id" : 10749,
      "name" : "Romance"
    }, {
      "id" : 35,
      "name" : "Comedy"
    } ]
  }, {
    "id" : 294025,
    "title" : "Sex Charade",
    "overview" : "A crime movie directed by Jess Franco.",
    "genres" : [ {
      "id" : 80,
      "name" : "Crime"
    } ]
  }, {
    "id" : 294030,
    "title" : "The Sid Saga Part 1",
    "overview" : "Short film in which Sid Laverents chronicles his life story.  Part 1 of 3.",
    "genres" : [ ]
  }, {
    "id" : 294035,
    "title" : "Primo",
    "overview" : "Three cousins (primos) separated as young boys during the civil war in El Salvador, journey to Las Vegas due to their grandfather's failing health. Now the reunited cousins must overcome a love triangle, a lethal gambling debt and familial revenge. Powered by a diverse cast including Henry Darrow (High Chaparral, Zorro), Eloy Mendez (Bread and Roses), Andrea Grano (Planet of the Apes, 24), and Ilia Volok (U-Turn, Air Force One, Alias). Shot on location in El Salvador and Las Vegas, Primo is a daring and emotional Latino family saga!",
    "genres" : [ ]
  }, {
    "id" : 294040,
    "title" : "Schrecklicher Verdacht",
    "overview" : "",
    "genres" : [ {
      "id" : 53,
      "name" : "Thriller"
    } ]
  }, {
    "id" : 294045,
    "title" : "Pleasant Goat and Big Big Wolf 1",
    "overview" : "Pleasant Goat and Big Big Wolf 1",
    "genres" : [ ]
  }, {
    "id" : 294050,
    "title" : "The Boy with the Golden Pants",
    "overview" : "When Mats stumbles upon a pair of pants containing an unlimited amount of money, everything changes. Now he can buy everything he ever wanted, not knowing that powerful forces are tracking him down. The boy with the golden pants is an adventure film based on the Swedish classical bestseller by Max Lundgren.",
    "genres" : [ {
      "id" : 14,
      "name" : "Fantasy"
    }, {
      "id" : 12,
      "name" : "Adventure"
    }, {
      "id" : 10751,
      "name" : "Family"
    } ]
  }, {
    "id" : 294055,
    "title" : "Karma",
    "overview" : "",
    "genres" : [ ]
  }, {
    "id" : 294065,
    "title" : "The Dead Ones",
    "overview" : "Markopoulos’ first attempt at making a 35mm feature film, clearly inspired by the cinema of Jean Cocteau, was left unfinished and the materials were lost for many years.",
    "genres" : [ {
      "id" : 18,
      "name" : "Drama"
    } ]
  }, {
    "id" : 294070,
    "title" : "Babewatch 9",
    "overview" : "The fun in the sun continues with Babewatch Babes. Join in the adventure as our beauties train to protect the beach from a great white shark! The sex in the sand is hotter than ever!",
    "genres" : [ ]
  }, {
    "id" : 294075,
    "title" : "Unser Papa, das Genie",
    "overview" : "",
    "genres" : [ {
      "id" : 10770,
      "name" : "TV Movie"
    }, {
      "id" : 35,
      "name" : "Comedy"
    } ]
  }, {
    "id" : 294080,
    "title" : "This Is Heaven",
    "overview" : "This film was released in both silent and sound versions.",
    "genres" : [ {
      "id" : 35,
      "name" : "Comedy"
    }, {
      "id" : 10749,
      "name" : "Romance"
    } ]
  }, {
    "id" : 294085,
    "title" : "Valerie Inside Outside",
    "overview" : "The story of a young. beautiful and very frustrated woman screwing everything in sight in every possible location. She is married to a famous choreographer. She has everything material she wants. clothes. a fancy home. jewelry. servants. except one thing: her husband refuses to have sex with her because she wants to get pregnant and have a child. Her husband does not want to have children because he feels theyd be too much responsibility and will interfere with his career. since they live in catholic Italy. having an abortion or other type of contraceptive measures is unthinkable. there is hell to pay when her husband finds out that shes cheating on him. and her punishment is something worse than death.",
    "genres" : [ {
      "id" : 18,
      "name" : "Drama"
    } ]
  }, {
    "id" : 294090,
    "title" : "Rote Glut",
    "overview" : "",
    "genres" : [ {
      "id" : 18,
      "name" : "Drama"
    } ]
  }, {
    "id" : 294095,
    "title" : "Lascados",
    "overview" : "1994. Felipe, Burunga and Deco are three young friends who want to enjoy the carnival. To do this, they take an old 1970s van, used to sell hot dogs, and leave Sao Paulo for Bahia.",
    "genres" : [ {
      "id" : 35,
      "name" : "Comedy"
    } ]
  }, {
    "id" : 294100,
    "title" : "Permanent Record: Live & Otherwise",
    "overview" : "Permanent Record: Live &amp; Otherwise is a DVD released by the Violent Femmes on July 12, 2005. The first thirteen tracks were filmed during a live concert at The Boat House in Norfolk, Virginia on July 21, 1991. Tracks 14 through 20 are music videos. The last track is footage of an impromptu performance of \"Kiss Off\", in front of the Downer Theater in the band's hometown of Milwaukee, Wisconsin.",
    "genres" : [ {
      "id" : 10402,
      "name" : "Music"
    } ]
  }, {
    "id" : 294105,
    "title" : "Wild Card",
    "overview" : "What happens in Vegas stays in Vegas... but only if you have a good lawyer. In this witty procedural about people behaving badly, two very different lawyers handle the type of problems that happen after the sun goes down and need to be solved before the sun the comes up.",
    "genres" : [ {
      "id" : 18,
      "name" : "Drama"
    } ]
  }, {
    "id" : 294110,
    "title" : "Frine cortigiana d'Oriente",
    "overview" : "",
    "genres" : [ ]
  }, {
    "id" : 294115,
    "title" : "Mamma",
    "overview" : "",
    "genres" : [ ]
  }, {
    "id" : 294120,
    "title" : "Jagd auf den Plastiktüten-Mörder",
    "overview" : "",
    "genres" : [ {
      "id" : 80,
      "name" : "Crime"
    } ]
  }, {
    "id" : 294130,
    "title" : "Desperadoes of Dodge City",
    "overview" : "Rocky and the Land agent riders need to get an important message to the Army post. The message is stolen but Rocky knows one of the four men on the stagecoach has it. When Rocky and the four get trapped in a shack by the outlaw gang, he learns that one of the four is the gang leader. Rocky has to learn his identity and retrieve the message.",
    "genres" : [ {
      "id" : 37,
      "name" : "Western"
    } ]
  }, {
    "id" : 294135,
    "title" : "The Shelter",
    "overview" : "Across from the railroad tracks, priest Alejandro Solalinde founds and builds a shelter in Ixtepec, Oaxaca to provide refuge and spiritual relief to Central American migrants. Solalinde ́s struggle is interwoven with the changing lives of women and men who, motivated by their faith and need for dignified work, waits for their moment to defy danger and continue their journey to the north.",
    "genres" : [ ]
  }, {
    "id" : 294140,
    "title" : "John Cage Performs James Joyce",
    "overview" : "A voice performance by John Cage who \"reads\", \"vocalizes\" and \"whispers\" in three different manners his artificial language taken from \"Finnegens Wake\" by James Joyce. Cage freely composed the letters according to a chance operation using the I-Ching.",
    "genres" : [ ]
  }, {
    "id" : 294145,
    "title" : "Looking Back To The Future: Raymond Loewy",
    "overview" : "",
    "genres" : [ ]
  }, {
    "id" : 294150,
    "title" : "Guañape sur",
    "overview" : "",
    "genres" : [ ]
  }, {
    "id" : 294160,
    "title" : "Midsummer Nightmares",
    "overview" : "It's always just a party- until somebody gets killed! Audrey Small (Julie Sherwood) and three of her closest friends are preparing to throw a costume party, Midsummer Nightmares, which everyone calls 'the social event of the season. But there is someone in their midsts who would prefer to make this faux-bloodbath a real one. Can Audrey and her friends survive this mad individual's evil plan? Or will they all, one by one, be picked off...?",
    "genres" : [ {
      "id" : 53,
      "name" : "Thriller"
    }, {
      "id" : 27,
      "name" : "Horror"
    } ]
  }, {
    "id" : 294165,
    "title" : "Heisse Girls in der Karibik 2",
    "overview" : "",
    "genres" : [ ]
  }, {
    "id" : 294170,
    "title" : "Go Home",
    "overview" : "",
    "genres" : [ ]
  } ]
}