{
  "movies" : [ {
    "id" : 287745,
    "title" : "So You Want an Apartment",
    "overview" : "Joe McDoakes and his wife go apartment hunting.",
    "genres" : [ {
      "id" : 35,
      "name" : "Comedy"
    } ]
  }, {
    "id" : 287750,
    "title" : "Dr. Sibelius",
    "overview" : "",
    "genres" : [ {
      "id" : 18,
      "name" : "Drama"
    } ]
  }, {
    "id" : 287755,
    "title" : "Signs From God  - Science Tests Faith",
    "overview" : "In 1998 Documentary presented by former  Australia news reporter skeptic Mike Willesee. A controversial 2-hour TV program called Signs From God, a documentary purporting to test faith with science. The program featured a Bolivian woman who claimed to have a vision of Christ perched on Mike’s shoulder and blessing his work.",
    "genres" : [ {
      "id" : 99,
      "name" : "Documentary"
    } ]
  }, {
    "id" : 287760,
    "title" : "So You Want to Play the Horses",
    "overview" : "Comedic Warmer Bros short film featuring George O'Hanlon as Joe McDoakes. In this outing, Joe just loves playing the horses and shows what you can do to improve your odds of winning. Hanging around the stables and getting to know the horses is one way or starting rumors about other horses is another. Then there's fate such seeing the same number everywhere or using your own math formula. Joe isn't having much luck but when he finally wins the big one, his bookie has another surprise for him. Written by garykmcd (Taken from the imdb page)",
    "genres" : [ {
      "id" : 35,
      "name" : "Comedy"
    } ]
  }, {
    "id" : 287765,
    "title" : "Proof of the Man",
    "overview" : "When an American is murdered in a Japanese inn, Tokyo police detective Munesue follows the trail of the killer to New York. There he is joined by a New York City detective named Shuftan and together they sort out the crime.",
    "genres" : [ {
      "id" : 18,
      "name" : "Drama"
    }, {
      "id" : 80,
      "name" : "Crime"
    }, {
      "id" : 9648,
      "name" : "Mystery"
    } ]
  }, {
    "id" : 287770,
    "title" : "Factory Boss",
    "overview" : "When Lin Dalin's company loses clients to cheaper competitors, he accepts a large order with no profit margins in order to survive. But unpaid workers and rising wages risk a calamitous strike.",
    "genres" : [ ]
  }, {
    "id" : 287775,
    "title" : "Obsessions",
    "overview" : "A young medicine student observes his neighbour's love life through a hole in his apartment wall.",
    "genres" : [ {
      "id" : 53,
      "name" : "Thriller"
    } ]
  }, {
    "id" : 287785,
    "title" : "Aftermath",
    "overview" : "Special Agent Rachel Anderson is charged with protecting a key witness, Richard Harper. But Harper himself is a suspect in several bomb attacks, one of which killed Rachel's partner. Stars Sean Young and Tim Post.",
    "genres" : [ {
      "id" : 28,
      "name" : "Action"
    }, {
      "id" : 53,
      "name" : "Thriller"
    }, {
      "id" : 18,
      "name" : "Drama"
    }, {
      "id" : 80,
      "name" : "Crime"
    } ]
  }, {
    "id" : 287790,
    "title" : "Bailout at 43,000",
    "overview" : "An Air Force major feels a volatile mixture of relief and anger when he is excused from performing a dangerous test in a new aircraft.",
    "genres" : [ {
      "id" : 18,
      "name" : "Drama"
    } ]
  }, {
    "id" : 287795,
    "title" : "The Shadow of a MILF",
    "overview" : "Critically acclaimed British director Kendo leads you though this eroticJourney with a handful of the world’s most beautiful and dirty MILFs.With age cums experience...behold The Shadow of a MILF",
    "genres" : [ ]
  }, {
    "id" : 287800,
    "title" : "Something So Right",
    "overview" : "Joey lives with his mother. His father isn't around, he doesn't like school, he is bored and doesn't take orders from anyone. In other words he is a real little scamp. Being at one's wit's end, his mother decides to look for a \"big brother\" (sort of surrogate father) for Joey. At first this clumsy Arnie doesn't know how to handle Joey but after a while everything changes and not only for Joey ...",
    "genres" : [ ]
  }, {
    "id" : 287805,
    "title" : "Thick As Thieves",
    "overview" : "The end of the year is a time to reflect, and this outstanding music video let’s us remember everything from the Big Bang to…the end. And what a splendid thing it all is. The animation has a youthful sense of fun to it (especially when a monkey discovers weapons and murder), and the constantly rotating, fabric-covered globe is inspired.",
    "genres" : [ {
      "id" : 16,
      "name" : "Animation"
    } ]
  }, {
    "id" : 287810,
    "title" : "Bombay Eunuch",
    "overview" : "An intimate, moving portrait of one eunuch family's struggle to survive in today's changing India.",
    "genres" : [ {
      "id" : 99,
      "name" : "Documentary"
    } ]
  }, {
    "id" : 287815,
    "title" : "Call + Response",
    "overview" : "Call + Response is a first of its kind feature documentary film that reveals the world’s 27 million dirtiest secrets: there are more slaves today than ever before in human history. Call + Response goes deep undercover where slavery is thriving from the child brothels of Cambodia to the slave brick kilns of rural India to reveal that in 2007, Slave Traders made more money than Google, Nike and Starbucks combined. Luminaries on the issue and many other prominent political and cultural figures offer first hand account of this 21st century trade. Performances from Grammy-winning and critically acclaimed artists move this chilling information into inspiration for stopping it. Music is part of the movement against human slavery. Dr. Cornel West connects the music of the American slave fields to the popular music we listen to today, and offers this connection as a rallying cry for the modern abolitionist movement currently brewing.",
    "genres" : [ {
      "id" : 99,
      "name" : "Documentary"
    } ]
  }, {
    "id" : 287820,
    "title" : "Casuistry: The Art of Killing a Cat",
    "overview" : "This documentary scratches its way beneath the surface of an infamous Toronto animal cruelty case, deftly exploring the opaque logic surrounding this macabre act.",
    "genres" : [ ]
  }, {
    "id" : 287825,
    "title" : "Mammamia",
    "overview" : "",
    "genres" : [ {
      "id" : 35,
      "name" : "Comedy"
    } ]
  }, {
    "id" : 287830,
    "title" : "Emilia – Die zweite Chance",
    "overview" : "",
    "genres" : [ {
      "id" : 18,
      "name" : "Drama"
    } ]
  }, {
    "id" : 287835,
    "title" : "L.A.dy Dior",
    "overview" : "In this Dior campaign video by director John Cameron Mitchell for the \"L.A.dy Dior\" handbag, Marion Cotillard parodies the real-life role we have all come to know so well: the crazy actress.",
    "genres" : [ ]
  }, {
    "id" : 287840,
    "title" : "Gekauftes Glück",
    "overview" : "",
    "genres" : [ {
      "id" : 18,
      "name" : "Drama"
    } ]
  }, {
    "id" : 287845,
    "title" : "Lost in the Pershing Point Hotel",
    "overview" : "Comedy - In 1970s Atlanta, a diminutive gay man tries to find succor from the small-town religion that filled him with self-loathing. He meets Miss Make-Do, who teaches him the fun of reckless behavior and emotional management via getting higher than a kite. The film stars Leslie Jordan (who also wrote the screenplay) and features a host of cameos from John Ritter, Marilu Henner, Kathy Kinney and others. Julia Jay Pierrepont III directs. -  Leslie Jordan, Erin Chandler, Mark Pellegrino",
    "genres" : [ ]
  }, {
    "id" : 287850,
    "title" : "Der Runner",
    "overview" : "",
    "genres" : [ {
      "id" : 18,
      "name" : "Drama"
    } ]
  }, {
    "id" : 287855,
    "title" : "Drown",
    "overview" : "Len is a Surf Lifesaving champion, a legend in the cloistered surf club just like his father. When the younger, faster, and fitter Phil arrives at the club, Len’s legendary status starts to crumble. Then Len sees Phil arriving in the company of another man. Phil is gay. After the annual awards dinner, Len finds Phil in the Club House locker room and violently attacks him. To Len’s surprise, Phil refuses to rat on Len about the beating. When Phil wins the annual Surf Lifesaving competition, Len’s defeat is final. In an act of revenge, Len gets Phil drunk and subjects him to a series of humiliating acts. But, the hatefulness forces Len to come face to face with a fundamental question: can he accept the truth about his own sexuality.",
    "genres" : [ {
      "id" : 18,
      "name" : "Drama"
    } ]
  }, {
    "id" : 287860,
    "title" : "And the Beat Goes On",
    "overview" : "Actor Jimi Mistry has worked with Gurinder Chadha, Roland Emmerich, Edward Zwick and Guy Ritchie, rejecting the Hollywood lifestyle to remain based in the UK. Now he has teamed up with director Steve Jaggi and filmed a love song to Ibiza called And The Beat Goes On. Well-received at both the Ibiza International Music Summit and the Ibiza Film Festival last month.",
    "genres" : [ ]
  }, {
    "id" : 287865,
    "title" : "BROKEN WINGS",
    "overview" : "An ex-soldier travels to an unknown land to hunt down the person who murdered a revered general of his. But while he waits to catch the culprit, the unexpected beauty of life and those who have burst into it distract him. He meets Miho, a lonely foreign student working as a prostitute. Intertwined is also Carlos, a recently paralyzed student trying to cope with new found disability.",
    "genres" : [ ]
  }, {
    "id" : 287870,
    "title" : "World Series of Fighting 12: Palomino vs Gonzalez",
    "overview" : "World Series of Fighting 12: Palomino vs. Gonzalez was a mixed martial arts event held on August 9, 2014 in Las Vegas, Nevada, United States. The event also aired on NBCSN.",
    "genres" : [ ]
  }, {
    "id" : 287880,
    "title" : "Bomi's Room",
    "overview" : "Bomi is 12 years old. She wants her own room so badly. Her sister, Eonju, whom she shares the room with keeps sneaking a look at her diary. She studied really hard to get first place as her mom promised to get her own room if she did but her mom keeps denying the promise. So Bomi decides to marry her sister off! She finds out that the manager of a construction company like her sister and does her best to help him. The manager ends up winning her heart and proposes to Eonju. But she refuses his proposal. Bomi gets curious and tries to find out why she doesn't want to get married.",
    "genres" : [ {
      "id" : 18,
      "name" : "Drama"
    } ]
  }, {
    "id" : 287890,
    "title" : "Mega Mindy En Vera Vries",
    "overview" : "",
    "genres" : [ ]
  }, {
    "id" : 287895,
    "title" : "Fatal Lady",
    "overview" : "On her debut as an opera star, Marion Stuart is interrogated and possibly implicated in the death of a male acquaintance. Released, although thoroughly shaken-up, Marion attempts to perform but loses her voice onstage. Humiliated, but driven to sing, she travels to South America under the assumed name of Maria Delasano, and works in an opera company under the tutelage of Feodor Glinka, who wants her to shun men and save herself for her art. Mary resists the persistent attentions of wealthy young Phil Roberts, who follows the company in hopes of marrying her. ...",
    "genres" : [ {
      "id" : 9648,
      "name" : "Mystery"
    } ]
  }, {
    "id" : 287900,
    "title" : "Silveria",
    "overview" : "a film by Octavio Silos.",
    "genres" : [ {
      "id" : 14,
      "name" : "Fantasy"
    } ]
  }, {
    "id" : 287905,
    "title" : "Corazón loco",
    "overview" : "",
    "genres" : [ {
      "id" : 10749,
      "name" : "Romance"
    }, {
      "id" : 35,
      "name" : "Comedy"
    } ]
  }, {
    "id" : 287910,
    "title" : "Mouches Volantes",
    "overview" : "The second in Larry Gottheim's ELECTIVE AFFINITIES cycle, MOUCHES VOLANTES is, in the filmmaker's own words, \"a celebration of elusive relationships\" between sound and image, color and black-and-white, the moon and the waves, the aural testimony of Blind Willie Johnson's widow Angelina and the camera's illumination of a world simultaneously of and beyond the everyday. These lyrical fragments sweep in and out as with the tides; a time-based symmetry slowly emerges as the film reveals itself to be a perfect circle.",
    "genres" : [ ]
  }, {
    "id" : 287915,
    "title" : "One Night in Istanbul",
    "overview" : "Two down on their luck Liverpool cabbies, Tommy and Gerry, strike an unusual deal with a local gangster to take their sons on a trip of a lifetime, to watch their beloved football team play in the European Cup Final in Istanbul. Hoping to use the trip as a chance to bond with their sons, big trouble awaits them in the form of a sexy hotel chambermaid, two ruthless crooks on a mission and a bag of counterfeit cash.  It is 3-0 down at half time and things could not be more desperate both on and off the pitch. Stevie G and the boys in red are trying to launch the most amazing football comeback in history, and Tommy is in deep water, being held hostage. With the clock ticking and time running out, a miracle is needed fast. In the end a bit of faith, and Gerry’s lucky underpants may be the only thing that can get them and the cup back home in one piece.",
    "genres" : [ {
      "id" : 35,
      "name" : "Comedy"
    } ]
  }, {
    "id" : 287920,
    "title" : "O Guri",
    "overview" : "",
    "genres" : [ {
      "id" : 18,
      "name" : "Drama"
    } ]
  }, {
    "id" : 287925,
    "title" : "Relative Happiness",
    "overview" : "Plus sized and 30 years old, LEXIE IVY is a feisty Bed and Breakfast owner who desperately needs a date to her sisters wedding. In small town Nova Scotia, thats no easy task, especially when the most eligible bachelor is JOSS, the rough handyman fixing her roof. When ADRIAN, a handsome and charming guest, arrives and seems to take an interest in Lexie, she thinks all her problems are solved. But she misreads the situation and is soon reeling, believing her romantic dream has slipped away, maybe forever. After a series of hilarious mishaps and a reality check or two, Lexie opens her heart and eyes to see that love may be a lot closer than she thought.",
    "genres" : [ {
      "id" : 10749,
      "name" : "Romance"
    }, {
      "id" : 35,
      "name" : "Comedy"
    } ]
  }, {
    "id" : 287930,
    "title" : "Der weiße Afrikaner",
    "overview" : "",
    "genres" : [ {
      "id" : 12,
      "name" : "Adventure"
    } ]
  }, {
    "id" : 287935,
    "title" : "Midnight Sun",
    "overview" : "In northern Canada, a young boy sets a goal for himself to to reunite an abandoned polar bear cub with its mother. Goran Visnjic joins the cast as Muktuk, a half Inuit and half Canadian, who knows the terrain where the polar bears live and who agrees to help the boy.",
    "genres" : [ {
      "id" : 10751,
      "name" : "Family"
    }, {
      "id" : 12,
      "name" : "Adventure"
    } ]
  }, {
    "id" : 287940,
    "title" : "Night Sights",
    "overview" : "After losing their son, grieving parents stumble upon a network of people that collect souls of the deceased, preparing them for their journey out of Purgatory.",
    "genres" : [ {
      "id" : 878,
      "name" : "Science Fiction"
    }, {
      "id" : 18,
      "name" : "Drama"
    } ]
  }, {
    "id" : 287945,
    "title" : "Memória do Cangaço",
    "overview" : "Shows the origins of \"cangaço\", armed brigands in the Northeast between 1935 and 1939, interviews with some survivors of the fighting, police and outlaws movement. Interspersed with testimonials, authentic sequences of films made in 1936 by Benjamin Abraham, an Arab peddler who managed to film the famous band of Virgulino Ferreira da Silva, the \"Lampião\".",
    "genres" : [ {
      "id" : 99,
      "name" : "Documentary"
    } ]
  }, {
    "id" : 287950,
    "title" : "American Muscle",
    "overview" : "John Falcon did 10 years of hard time in prison. Now he's got 24 hours to get revenge on every person who had a hand in sending him there.",
    "genres" : [ {
      "id" : 28,
      "name" : "Action"
    } ]
  }, {
    "id" : 287955,
    "title" : "Solo",
    "overview" : "Thomas is a military officer with a successful career. He is married to Teresa and is the father of Lucas, a blind child, but with a view of the world beyond the visible. Despite his blindness, Lucas can see things that others can not see and hear things that others can not hear. He knows that something shocking will happen.",
    "genres" : [ {
      "id" : 53,
      "name" : "Thriller"
    } ]
  }, {
    "id" : 287960,
    "title" : "Human Weapon",
    "overview" : "A sober, in-depth examination of the complexities of the suicide bombing phenomenon.",
    "genres" : [ ]
  }, {
    "id" : 287965,
    "title" : "Michael And Madonna 2",
    "overview" : "a film by Tony Cruz.",
    "genres" : [ {
      "id" : 35,
      "name" : "Comedy"
    } ]
  }, {
    "id" : 287970,
    "title" : "Young Wife Raped In Front of Husband",
    "overview" : "When a masseur decides to take what he wants for himself, Sora finds herself forced to comply to their demands to save her husband.",
    "genres" : [ ]
  }, {
    "id" : 287975,
    "title" : "Scumrock",
    "overview" : "A pretentious underground filmmaker struggles with his masterpiece while a scuzzy punkoid chick tries to keep her band from fading into obscurity.",
    "genres" : [ ]
  }, {
    "id" : 287980,
    "title" : "Valley of Tears",
    "overview" : "An expansive chronicle of life in the small south Texas town of Raymondville. Beginning in 1979 and continuing for a full two decades, Perry charted a progression of successes and setbacks by farmworker organizers and community activists in their fights with wealthy landowners and the local political establishment.",
    "genres" : [ ]
  }, {
    "id" : 287985,
    "title" : "Close, Closed, Closure",
    "overview" : "This documentary looks at the Gaza Strip, \"a prison with one million inmates,\" 111 square miles, surrounded by an electronic fence.",
    "genres" : [ ]
  }, {
    "id" : 287990,
    "title" : "Divan",
    "overview" : "Pearl Gluck travels to Hungary to retrieve a turn-of-the-century family heirloom: a couch upon which esteemed rabbis once slept. En route for the ancestral divan, Pearl encounters a colorful cast of characters who provide guidance and inspiration.",
    "genres" : [ ]
  }, {
    "id" : 288000,
    "title" : "Armored Car",
    "overview" : "Larry Willis and Bill Wane are security guards who ride in the back of Banks Co. armored trucks. When they barely avoid a robbery, they return to headquarters, where their boss John Hale introduces them to detective Tom Sheridan, who will be working with them to uncover a new gang of robbers.",
    "genres" : [ {
      "id" : 80,
      "name" : "Crime"
    }, {
      "id" : 18,
      "name" : "Drama"
    } ]
  }, {
    "id" : 288005,
    "title" : "Lautlose Schritte",
    "overview" : "",
    "genres" : [ {
      "id" : 80,
      "name" : "Crime"
    } ]
  }, {
    "id" : 288010,
    "title" : "Broadcasting Girl",
    "overview" : "A strong personality girl, a ruffian of a boy, their classic love story, and an ending to anticipate.",
    "genres" : [ {
      "id" : 35,
      "name" : "Comedy"
    }, {
      "id" : 10749,
      "name" : "Romance"
    } ]
  }, {
    "id" : 288025,
    "title" : "Vampires: Rise of the Fallen",
    "overview" : "Michelle is a typical high school student until one night she is bitten by a strange animal while running in the woods. Her best friend tries to help her understand the changes she's going through, as she becomes a Vampire. Challenged by immortality and hunted by a group obsessed with fulfilling a prophecy about the end times, Michelle finds solace in a brood of Vampires whom she can't figure out if they are trying to help her or kill her. The fight is on! Will it be Immortality or Humanity? Tonight the destiny of one of these races will change forever.",
    "genres" : [ ]
  }, {
    "id" : 288030,
    "title" : "Jack & Jill",
    "overview" : "When the old man became ill Jack took over her father's job of chauffeuring for a handsome millionaire whose rather eccentric mother had decided to adopt Jill so she could fulfill her dream of having a daughter. But Jill was really Jack's sister or brother.",
    "genres" : [ {
      "id" : 35,
      "name" : "Comedy"
    } ]
  }, {
    "id" : 288035,
    "title" : "Kids in the Hall: Same Guys, New Dresses",
    "overview" : "A behind the scenes look at the comedy troupe, The Kids In The Hall's 1999-2000 reunion tour.",
    "genres" : [ {
      "id" : 99,
      "name" : "Documentary"
    } ]
  }, {
    "id" : 288045,
    "title" : "Happy Hour",
    "overview" : "Three best friends are put on trial for a crime they did not commit.",
    "genres" : [ ]
  }, {
    "id" : 288050,
    "title" : "Fresh",
    "overview" : "Cristy is a gambler in too deep with debt from Facundo and Aurora. When she found out that her debtor’s son has taken a liking for her daughter, Susie, she devised a scheme to get rid of her debt.",
    "genres" : [ {
      "id" : 10749,
      "name" : "Romance"
    }, {
      "id" : 18,
      "name" : "Drama"
    } ]
  }, {
    "id" : 288060,
    "title" : "Salaviinanpolttajat",
    "overview" : "No prints of the film have been preserved so the film can be considered a lost film. The original screenplay has also been lost. However, some plot descriptions are still known based on contemporary newspaper advertisements of the film.  As the name would indicate, the film tells about two local men who are making moonshine in the woods. A customer comes to them, and while sampling the product they start a game of cards, which eventually leads to a fight. While the fight is going on, the local police shows up and arrests the makers while the customer manages to escape.(Wikipedia)",
    "genres" : [ {
      "id" : 35,
      "name" : "Comedy"
    } ]
  }, {
    "id" : 288065,
    "title" : "Same Player Shoots Again",
    "overview" : "Sequence of five shots, each one with a particular color treatment, in which a man carrying a machine gun runs. He moves fast in the beginning but, as the end comes closer, he starts to walk in zigzag. Is he hurt?",
    "genres" : [ ]
  }, {
    "id" : 288070,
    "title" : "Amico",
    "overview" : "",
    "genres" : [ {
      "id" : 35,
      "name" : "Comedy"
    } ]
  }, {
    "id" : 288075,
    "title" : "Savitri Satyavan",
    "overview" : "India's first international co-production. The love-is-stronger-than-death story sees Savitri, the daughter of King Ashwapati and a goddess, fall for Satyavan who is destined to die within a year. He is killed by a tree and his soul is gathered by the god Yama but he returns to life and there is a happy ending for the lovers. Some nudity and other 'erotic' images were removed to satisfy the censors.",
    "genres" : [ ]
  }, {
    "id" : 288080,
    "title" : "Unter den Sternen von Capri",
    "overview" : "",
    "genres" : [ {
      "id" : 35,
      "name" : "Comedy"
    } ]
  }, {
    "id" : 288085,
    "title" : "Rise of the eSports Hero",
    "overview" : "The film explores the sub-culture of pro-gaming through the lives of North America’s top e-sports team, Team Evil Geniuses, as they tour the world competing for money, fame, and glory.  Chris “Huk” Loranger, is Canada’s finest e-sports export and self-proclaimed diva; Greg “IdrA” Fields, a legend in the Starcraft community, now disillusioned with his once passion; Geoff “iNcontroL” Robinson, a former college football captain turned pro-gamer now at a crossroads in his career, and his bride to be, a Miss USA pageant contestant. Evil Geniuses’ CEO, Alex Garfield, is faced with the growing pains of being on the leading edge of a burgeoning multi-billion dollar industry; balancing sponsors and managing egos; all while trying to keep his own life in check.",
    "genres" : [ {
      "id" : 99,
      "name" : "Documentary"
    } ]
  }, {
    "id" : 288090,
    "title" : "Dinner with Holly",
    "overview" : "A young couple plans to spice up their love life when their friend, Holly, comes over for dinner.",
    "genres" : [ ]
  }, {
    "id" : 288095,
    "title" : "Start with Us",
    "overview" : "Introducing a generation of young Africans determined to be the first free of AIDS.",
    "genres" : [ {
      "id" : 10751,
      "name" : "Family"
    }, {
      "id" : 99,
      "name" : "Documentary"
    }, {
      "id" : 12,
      "name" : "Adventure"
    } ]
  }, {
    "id" : 288105,
    "title" : "Eastwood on Eastwood",
    "overview" : "Autobiography of Clint Eastwood up to his movie \"Midnight in the Garden of Good and Evil.\"",
    "genres" : [ ]
  }, {
    "id" : 288110,
    "title" : "Six Soldiers",
    "overview" : "Four recruits arrive at Kimberley station to undergo training at the local army camp. Soutie, Liebling, Tiny and PP soon become friends as they are put through their paces by the sergeant.  They all volunteer for border duty, where they are joined by Chico, a black tracker, and are sent out on patrol. After they come upon a murdered farm family, their radio is destroyed by enemy fire and they are required to find their way back to base camp. In the ensuing skirmishes some of them perish.",
    "genres" : [ {
      "id" : 28,
      "name" : "Action"
    }, {
      "id" : 18,
      "name" : "Drama"
    } ]
  }, {
    "id" : 288115,
    "title" : "Fábio Porchat: Fora do Normal",
    "overview" : "Brazilian stand-up comedian Fábio Porchat brings his humorous observations to such workaday topics as telemarketing, airplanes and bathrooms.",
    "genres" : [ {
      "id" : 35,
      "name" : "Comedy"
    } ]
  }, {
    "id" : 288120,
    "title" : "Blind Vision",
    "overview" : "A shy mail clerk becomes embroiled in the investigation of the murder of a man involved with the beautiful neighbor he is obsessed with.",
    "genres" : [ {
      "id" : 53,
      "name" : "Thriller"
    } ]
  }, {
    "id" : 288125,
    "title" : "Street Fighter: The New Challengers",
    "overview" : "",
    "genres" : [ {
      "id" : 28,
      "name" : "Action"
    }, {
      "id" : 16,
      "name" : "Animation"
    } ]
  }, {
    "id" : 288130,
    "title" : "A Good Job: Stories of the FDNY",
    "overview" : "Acclaimed actor and FDNY veteran Steve Buscemi looks at what it's like to work as a New York City firefighter. Utilizing exclusive behind-the-scenes footage and firsthand accounts from past and present firefighters, this special explores life in one of the world's most demanding fire departments while illuminating the lives of the often 'strong and silent' heroes.",
    "genres" : [ {
      "id" : 99,
      "name" : "Documentary"
    } ]
  }, {
    "id" : 288140,
    "title" : "Autopsy 5: Dead Men Do Tell Tales",
    "overview" : "The strangled corpse of a pregnant woman turns up in a chunk of ice floating in the Hudson; a man is poisoned to death by a lethal chemical that is almost impossible to obtain. The mysteries surrounding these and other cases might have remained unsolved were it not for the efforts of forensic pathologists who try to find who--or what--lead to their ultimate demise.",
    "genres" : [ {
      "id" : 99,
      "name" : "Documentary"
    } ]
  }, {
    "id" : 288145,
    "title" : "Autopsy 9: Dead Awakening",
    "overview" : "An entire family poisoned by an unknown intruder. A suicide made to look like a murder. An airbag that becomes a perfect crime scene. These fascinating stories and more are unveiled in this Autopsy special that looks at criminal cases that might never have been uncovered were it not for the efforts of forensic pathologists and other \"detectives of death.\"",
    "genres" : [ {
      "id" : 99,
      "name" : "Documentary"
    } ]
  }, {
    "id" : 288150,
    "title" : "The Circuit III: Final Flight",
    "overview" : "Following his wife's untimely death, Dirk Longstreet adopts a nomadic lifestyle.  He preoccupies himself with surfing, and makes ends meet by participating in brutal underground brawls. Longstreet's leisurely lifestyle is abruptly interrupted when a young girl sold into slavery seeks the fighter's assistance.  The child's former captors want her back, and Dirk is prepared to annihilate whoever gets in his way.",
    "genres" : [ {
      "id" : 28,
      "name" : "Action"
    } ]
  }, {
    "id" : 288155,
    "title" : "The Great Elephant Escape",
    "overview" : "Two young boys help an elephant escape from an African animal orphanage when he is bought by a wealthy American. The trio dodge poachers, the police and lions on a journey they'll never forget.",
    "genres" : [ ]
  }, {
    "id" : 288160,
    "title" : "Celebrity Habla 2",
    "overview" : "See what celebrated Latino actors, newsmakers and a musical legend have to say about being Latino in the U.S. in this installment of the award-winning series. Interviews include Jimmy Smits, Luis Guzman, Daisy Fuentes, Wilmer Valderrama, Ana de la Reguera, Ruben Blades, Bernie Williams, and many others.",
    "genres" : [ {
      "id" : 99,
      "name" : "Documentary"
    } ]
  }, {
    "id" : 288165,
    "title" : "Safrana or Freedom of Speech",
    "overview" : "Four young African workers attempt to break the spell of their poverty-stricken lives in Paris by looking to small farmers on the Gold Coast for information adaptable to their own country.",
    "genres" : [ {
      "id" : 18,
      "name" : "Drama"
    } ]
  }, {
    "id" : 288170,
    "title" : "Henry Hill",
    "overview" : "Suffering from stage fright, a talented and shy violinist learns to conquer his fears with the help of a woman.",
    "genres" : [ ]
  }, {
    "id" : 288180,
    "title" : "Signed: Lino Brocka",
    "overview" : "Documentary filmmaker Christian Blackwood profiles controversial Filipino director Lino Brocka, detailing his rags-to-riches rise in the mainstream film industry of the Philippines. Primarily using interviews with the effusive director himself, Blackwood allows Brocka to describe, in his own terms, the common thematic threads tying together his work, from his own homosexuality to the political repression suffered by Filipinos at the hands of Ferdinand Marcos' dictatorial government.",
    "genres" : [ {
      "id" : 99,
      "name" : "Documentary"
    } ]
  }, {
    "id" : 288185,
    "title" : "An Ordinary Hero: The True Story of Joan Trumpauer Mulholland",
    "overview" : "The amazing true story of civil rights pioneer Joan Trumpauer Mulholland, An Ordinary Hero is directed by award-winning filmmaker Loki Mulholland, who captures his mother's story and learns about her courage and the role she played in changing American history. As a white girl growing up in the South, Joan witnessed the ugly realities of segregation and racism firsthand and vowed to one day change it. By the time she was 19, she had already joined the Freedom Riders and participated in over three dozen sit-ins and protests. Despite being attacked by angry mobs, put on death row in the notorious Parchman Penitentiary, and coming face-to-face with the KKK, Joan never wavered from her belief that we are all created equal.",
    "genres" : [ {
      "id" : 99,
      "name" : "Documentary"
    } ]
  }, {
    "id" : 288190,
    "title" : "The Dancing Years",
    "overview" : "The story of a young composer and his relationship with a fiery opera star over the course of several decades.",
    "genres" : [ ]
  }, {
    "id" : 288195,
    "title" : "Race to Freedom: The Underground Railroad",
    "overview" : "A number of slaves risk their lives to escape their masters with their only help coming from the famous secret slave escape network.",
    "genres" : [ {
      "id" : 10770,
      "name" : "TV Movie"
    }, {
      "id" : 36,
      "name" : "History"
    }, {
      "id" : 18,
      "name" : "Drama"
    } ]
  }, {
    "id" : 288200,
    "title" : "Sarah's Child",
    "overview" : "Sarah LaMere had loved Michael Rome Matthews for a long time.",
    "genres" : [ ]
  }, {
    "id" : 288205,
    "title" : "Southern Man",
    "overview" : "A lonely actor embarks upon a self-destructive path of kidnapping and revenge.",
    "genres" : [ ]
  }, {
    "id" : 288210,
    "title" : "Burlesque Undressed",
    "overview" : "In this revealing documentary, burlesque star Immodesty Blaize examines the world of British burlesque and the resurgence in its popularity.",
    "genres" : [ {
      "id" : 99,
      "name" : "Documentary"
    } ]
  }, {
    "id" : 288215,
    "title" : "The Maladjusted",
    "overview" : "Three friends struggle to maintain their hedonistic lifestyles as they approach 30. Delving into their story, we become subjected to their inane theories, absurd philosophies and warped sense of humor.",
    "genres" : [ {
      "id" : 18,
      "name" : "Drama"
    }, {
      "id" : 35,
      "name" : "Comedy"
    } ]
  }, {
    "id" : 288220,
    "title" : "Slam from the Street: Battle Slams!",
    "overview" : "Documentary - Some freestyle rappers from the streets tell it like it is. -  Captain Nappy, Phenomeron, Junie Sanders",
    "genres" : [ ]
  }, {
    "id" : 288225,
    "title" : "How to Train a Dog",
    "overview" : "After a new dog owner decides on which dog to buy at the pet store, this short soon becomes a lesson in how NOT to train a dog. (Taken from the imdb page)",
    "genres" : [ {
      "id" : 35,
      "name" : "Comedy"
    } ]
  }, {
    "id" : 288230,
    "title" : "The All American Rejects: Tournado",
    "overview" : "Music - The All-American Rejects, the platinum-selling alternative pop-rock band from Stillwater, Okla., take to the stage in this full-length, high-octane 2006 concert filmed live in the Twin Cities. The crowd-pleasing show features hits such as \"Dirty Little Secret,\" \"Move Along\" and \"It Ends Tonight.\" As a bonus, an in-depth tour documentary takes you behind the scenes and on the road for all the excitement of the group's headlining tour. -",
    "genres" : [ ]
  }, {
    "id" : 288240,
    "title" : "The Lost Stooges",
    "overview" : "A documentary hosted by Leonard Maltin featuring rare clips of the Three Stooges",
    "genres" : [ {
      "id" : 99,
      "name" : "Documentary"
    } ]
  }, {
    "id" : 288245,
    "title" : "Climb It, Tarzan!",
    "overview" : "In the dawn of the sexploitation era, aspiring glamour model Ginger (Jamie Devitt) learns the only available photo assignments are for salacious men's magazines, and that she must risk eviction or must succumb to the sadistic perversions of dominating lesbian photographer Paula (Jennicka Andersson).",
    "genres" : [ ]
  }, {
    "id" : 288250,
    "title" : "Sinister",
    "overview" : "A horrifying excursion into black magic and white-knuckled terror! A conjure man (Lucien Eisenach) has moved into town with a big bag of tricks and a short temper. Unwittingly, Emily (Donna Hamblin) crosses his path and provokes his wrath. As the nightmare of his curse progresses, Emily enlists the aid of her brother (Donny Versiga) to find out what's happening and try to reverse the hex before it's too late!",
    "genres" : [ {
      "id" : 9648,
      "name" : "Mystery"
    }, {
      "id" : 27,
      "name" : "Horror"
    } ]
  }, {
    "id" : 288255,
    "title" : "Komm nach Wien, ich zeig dir was!",
    "overview" : "",
    "genres" : [ {
      "id" : 35,
      "name" : "Comedy"
    } ]
  }, {
    "id" : 288260,
    "title" : "The Love Keys",
    "overview" : "The 17-year-old student Rosy (Heidi Hansen) wants to improve her pocket money: For a pledge of at least a hundred marks, she hands over a key to older men and allegedly her address. Lots of love-goers fall in on the trick. - Fluent comedy.",
    "genres" : [ {
      "id" : 35,
      "name" : "Comedy"
    } ]
  }, {
    "id" : 288265,
    "title" : "Blood Ring",
    "overview" : "Max, a prize boxer who has developed a drinking habit after his girlfriend Susan left him, gets involved in dirty business once she asks him to help her find her missing husband.",
    "genres" : [ {
      "id" : 28,
      "name" : "Action"
    } ]
  }, {
    "id" : 288270,
    "title" : "Blood Ring 2: The Killer Instinct",
    "overview" : "Convicted for a crime he did not commit, kickboxer Max Rivers is sentenced to life imprisonment in Carcel de Cordoba, the world's most impenetrable prison. He discovers a corrupt regime run by the chief warden, who organizes high-stake fighting contests. When Rivers' appeal is quashed by a crooked judge, he finds himself forced to rely once again on his fighting instincts as he enters the ring in the prison.",
    "genres" : [ {
      "id" : 28,
      "name" : "Action"
    } ]
  }, {
    "id" : 288275,
    "title" : "Trust During a Zombie Apocalypse",
    "overview" : "Trust During a Zombie Apocalypse is a horror movie made in 2014. The movie is directed by Gary Carper!",
    "genres" : [ {
      "id" : 27,
      "name" : "Horror"
    } ]
  }, {
    "id" : 288285,
    "title" : "Breaking Free",
    "overview" : "When troubled, cynical teen Rick chooses service at a camp for the blind over serving time at a correctional facility, he thinks he's found the easy way out. Instead, it's the way to a new life. Friendship. Step by step, as Rick helps a blinded Gymnast rediscover the joys of competition through equestrian show jumping, they begin to take control of the most important journey of all... a journey called life.",
    "genres" : [ {
      "id" : 18,
      "name" : "Drama"
    } ]
  }, {
    "id" : 288290,
    "title" : "Mon Paradis - Der Winterpalast",
    "overview" : "A portrait of five St. Petersburgians and their connection to The Hermitage.",
    "genres" : [ {
      "id" : 99,
      "name" : "Documentary"
    } ]
  }, {
    "id" : 288295,
    "title" : "Lana Turner... a Daughter's Memoir",
    "overview" : "A rare behind the scenes look at the tragedies and bitter disappointments that plagued one of MGM's most popular leading ladies",
    "genres" : [ {
      "id" : 99,
      "name" : "Documentary"
    } ]
  }, {
    "id" : 288310,
    "title" : "In with Thieves",
    "overview" : "A tough-as-nails burglary crew from the streets, a Cuban cartel, heavy into voodoo, ruthless Albanian gangsters, and a blood diamond deal that erupts into all out violence. This throws the criminal underworld into chaos. Double-crosses and brazen gangland executions entwine everyone in a street war that plays out to an explosive ending.",
    "genres" : [ {
      "id" : 53,
      "name" : "Thriller"
    }, {
      "id" : 80,
      "name" : "Crime"
    }, {
      "id" : 18,
      "name" : "Drama"
    } ]
  }, {
    "id" : 288315,
    "title" : "She Married an Artist",
    "overview" : "Because Thornwood's portraits of comely model Sally Dennis are in such great demand, he is obliged to spend virtually all his time with Sally, which prompts Toni to seek retribution in divorce court.",
    "genres" : [ {
      "id" : 35,
      "name" : "Comedy"
    }, {
      "id" : 10749,
      "name" : "Romance"
    }, {
      "id" : 10402,
      "name" : "Music"
    } ]
  } ]
}