{
  "movies" : [ {
    "id" : 277400,
    "title" : "The Big Game",
    "overview" : "Two soldiers of fortune are hired by an inventor to protect him and his invention, a radar-like machine that is capable of controlling armies and forcing them to fight.",
    "genres" : [ {
      "id" : 878,
      "name" : "Science Fiction"
    }, {
      "id" : 28,
      "name" : "Action"
    }, {
      "id" : 12,
      "name" : "Adventure"
    }, {
      "id" : 18,
      "name" : "Drama"
    } ]
  }, {
    "id" : 277415,
    "title" : "Besotted",
    "overview" : "A 21st century sorceress (Hardman) arrives in a Cape Cod fishing village for her summer holiday, with the intention of putting her magical powers to good use, creating love matches for the town's lost souls. (Artistic License Films)",
    "genres" : [ ]
  }, {
    "id" : 277420,
    "title" : "The Trick Brain",
    "overview" : "A dark and magical visit to the fabled Parisian address Rue Fontaine 42. This was the residence of André Breton, the mastermind of surrealism, who surrounded himself with an impressive collection of modern, Western art and ethnographic objects from Oceania and North America. The collection was sold and divided up in 2003 at a controversial auction. 'The Trick Brain' is a delirious montage and a trip back in time to Breton's private art collection, where Atkins has been scouring the archives and come up with a possessing interior film of the place that once was, complete with surrealistic paintings, scores of Indian figures and hundreds of other displayed rarities. The film's soundtrack is provided by an observant narrator, who reveals to us that the objects shown are not necessarily what they claim to be - but instead are catalysts for some kind of wonderful linguistic virus which reveals the real identity of things.",
    "genres" : [ {
      "id" : 99,
      "name" : "Documentary"
    } ]
  }, {
    "id" : 277425,
    "title" : "Katrina's Children",
    "overview" : "Training her lens on the plight of children affected by Hurricane Katrina, filmmaker Laura Belsey profiles 19 kids whose lives were torn asunder in 2005 when one of the deadliest hurricanes in U.S. history hit the Southern coast. Shot three years after the storm, the film explores the children's memories about surviving the experience and also shadows them and their families as they work to rebuild their lives.",
    "genres" : [ ]
  }, {
    "id" : 277430,
    "title" : "Ring of Honor: Greatest Rivalries",
    "overview" : "Ring of Honor hosts some of the baddest blood feuds in pro wrestling, and the heat is on full display in these bone-crunching matches that include CM Punk vs. Raven, Samoa Joe against Homicide, and A.J. Styles with Mick Foley vs. Jimmy Rave. The collection also features an all-out body-slammin' free-for-all with Adam Pearce, Ace Steel, Colt Cabana and B.J. Whitmer taking on Claudio Castagnoli, Super Dragon, Necro Butcher and Spyder Nate Webb.",
    "genres" : [ ]
  }, {
    "id" : 277435,
    "title" : "Stray Dog",
    "overview" : "A contemplative portrait of Ron 'Stray Dog' Hall: biker, Vietnam Vet, and lover of small dogs.",
    "genres" : [ {
      "id" : 10752,
      "name" : "War"
    }, {
      "id" : 99,
      "name" : "Documentary"
    } ]
  }, {
    "id" : 277440,
    "title" : "The Gold Bracelet",
    "overview" : "When tragedy strikes on 9/11, Arjun Singh (Kavi Raz) and his family -- devout Sikhs who emigrated from India to the suburbs of Los Angeles -- suddenly find themselves as targets of prejudice and discrimination. Trying to distance themselves from terrorists, they explain to once-friendly neighbors how their Sikh culture is nothing like Muslim extremism, but their words largely fall on deaf and suspicious ears. Archana Puran Singh co-stars.",
    "genres" : [ {
      "id" : 18,
      "name" : "Drama"
    } ]
  }, {
    "id" : 277445,
    "title" : "The Rime of the Modern Mariner",
    "overview" : "Filmmaker Mark Donne meditates on the state of modern seafaring -- and Britain's comparative decline as a maritime power -- in this nontraditional documentary with a soundtrack scored by rock guitarist Anthony Rossomando.",
    "genres" : [ ]
  }, {
    "id" : 277450,
    "title" : "Schmelvis",
    "overview" : "Inspired by a 1998 Wall Street Journal article suggesting that Elvis might be part Jewish, Dan Hartal -- an orthodox Jewish Elvis impersonator -- an eccentric rabbi and a film crew set out to Memphis and Israel to trace his roots. Their antics include lobbying to give the King a proper Jewish burial and planting a tree in his honor in the Holy Land. Their journey takes them to hilarious heights and pathetic lows in their stuffy Winnebago.",
    "genres" : [ ]
  }, {
    "id" : 277455,
    "title" : "Smokey and the Judge",
    "overview" : "Three bad girls go good in this Southern-fried treat from 1980. When Margo (Gwen Owens), Carol (Cathy Carson) and Maria (Juanita Curiel) get released from prison, they set their sights on R&amp;B stardom, starting with a gig at a roadhouse bar in a rough-and-tumble desert town. As long as they can stay clear of a sleazy sheriff (Gene Price), a dirty-minded judge and a troublemaking parole officer, the buxom trio may just make it after all.",
    "genres" : [ {
      "id" : 35,
      "name" : "Comedy"
    } ]
  }, {
    "id" : 277460,
    "title" : "White House Revealed",
    "overview" : "In this eye-opening documentary about the inner workings of the White House, the most famous residence in America opens its doors for a behind-the-scenes tour and a meet-and-greet with the staff who keep it running in tip-top shape. Highlights include bird's-eye musings from White House workers who've seen it all and an interview with former President George H.W. Bush, who shares his memories about living in Washington, D.C.",
    "genres" : [ ]
  }, {
    "id" : 277465,
    "title" : "Voices of Bam",
    "overview" : "Two Dutch filmmakers travel to the Iranian city of Bam to chronicle the aftermath of a December 2006 earthquake that claimed 43,000 lives and left 60,000 homeless. Survivors reflect on the catastrophe in voice-over narration that's accompanied by images of a wrecked metropolis fighting to pull itself back together. The gripping documentary received its North American premiere at the 2006 Tribeca Film Festival.",
    "genres" : [ ]
  }, {
    "id" : 277470,
    "title" : "Copposites",
    "overview" : "A cop and a crook are exposed to a DNA altering formula that switches them into each other's bodies and forces them to work together in order to switch back.",
    "genres" : [ {
      "id" : 878,
      "name" : "Science Fiction"
    }, {
      "id" : 35,
      "name" : "Comedy"
    }, {
      "id" : 10751,
      "name" : "Family"
    } ]
  }, {
    "id" : 277475,
    "title" : "Blondes in the Jungle",
    "overview" : "On a hunt for the Fountain of Youth, three teenagers in '80s Honduras buy drugs, harm nature and have magical encounters. Long silent jungle sequences, a meditation on Mayan Archaeology and a heavy TV teen vibe make Blondes in the Jungle at once an absurd comedy and a serious film about the possibility of spiritual growth in a world of instant gratification.",
    "genres" : [ {
      "id" : 12,
      "name" : "Adventure"
    }, {
      "id" : 35,
      "name" : "Comedy"
    } ]
  }, {
    "id" : 277480,
    "title" : "Johnny Cash: Singing at His Best",
    "overview" : "The incomparable \"Man in Black,\" Johnny Cash, will forever reign as one of the most soulful performers in country music. But his appeal crossed over to other genres, as he captivated audiences of all stripes with his heartfelt lyricism and stellar musicianship. Here, Cash reprises many of the tunes for which he's known, including \"Guess Things Happen That Way,\" \"Don't Take Your Guns to Town,\" \"Big River,\" \"Heartbreak Hotel\" and more.",
    "genres" : [ ]
  }, {
    "id" : 277485,
    "title" : "La Robe du temps",
    "overview" : "In Zinder, the 2nd largest city in Niger, Ousseini is the young chief of the very traditional Brotherhood of Butchers. While trying to develop a channel for exporting beef from his region, he faces another challenge; he must legitimize his recently acquired role as a traditional chief while at the same time asserting his role as an innovator. The director follows the young Ousseini in his efforts. His movie summarizes the problems faced by young entrepreneurs, and provides a lesson in practical economics.",
    "genres" : [ ]
  }, {
    "id" : 277490,
    "title" : "Karla Faye Tucker: Forevermore",
    "overview" : "Faced with a sobering death sentence of execution by lethal injection, a convicted murderer and former prostitute embraces religion, marries a prison minister and focuses on making the most of her last days on Earth.",
    "genres" : [ ]
  }, {
    "id" : 277495,
    "title" : "Mavis Staples & Nick Lowe - AVO Sessions 2012",
    "overview" : "",
    "genres" : [ {
      "id" : 10402,
      "name" : "Music"
    } ]
  }, {
    "id" : 277500,
    "title" : "Chilling Visions: 5 States of Fear",
    "overview" : "An anthology comprised of short films set in 5 U.S. states",
    "genres" : [ ]
  }, {
    "id" : 277505,
    "title" : "Wild Seed",
    "overview" : "A 17-year-old girl runs away from her east coast home, going west to Los Angeles to meet her biological father. She has learned from letters her mother kept that he was tragically separated from her before the girl's birth. On the road, she is protected and befriended by an independent-minded young drifter who helps her on her journey.",
    "genres" : [ {
      "id" : 18,
      "name" : "Drama"
    }, {
      "id" : 10749,
      "name" : "Romance"
    } ]
  }, {
    "id" : 277510,
    "title" : "The Aggressives",
    "overview" : "Ordinary teen So-Yo (Chun Jung-Myung) discovers the world of inline skating and his life changes forever. He joins a group of skaters, which includes group leader Gap-Ba (Lee Chun-Hee), skater Moggy (Kim Kang-Woo) and his girlfriend Han-Joo (Jo Yi-Jin). Han-Joo is an aspiring filmmaker who films her boyfriend's amazing skating sets. So-Yo also finds Han-Joo attractive.  Meanwhile, group leader Gap-Ba hopes to send his send team to the world inline skating championship in Los Angeles, but mandatory military service is right around the corner. Meanwhile, Moggy takes part in a commercial shoot which causes major problems for the tight-knit skating group.",
    "genres" : [ {
      "id" : 18,
      "name" : "Drama"
    } ]
  }, {
    "id" : 277515,
    "title" : "Deux minutes de soleil en plus",
    "overview" : "A small town in the south of France. Sun, deserted streets. Unshaven, wearing poorly, Vic came, driving his 4x4, his wife has been released from the psychiatric hospital where she was serving a sentence of 5 years for killing their child. But is she really healed ?",
    "genres" : [ {
      "id" : 80,
      "name" : "Crime"
    }, {
      "id" : 18,
      "name" : "Drama"
    }, {
      "id" : 9648,
      "name" : "Mystery"
    }, {
      "id" : 53,
      "name" : "Thriller"
    } ]
  }, {
    "id" : 277520,
    "title" : "How to Fight in Six Inch Heels",
    "overview" : "A neurotic fashion designer from New York, who discovers her fiancee working overseas in Vietnam may be having an affair with a Vietnamese supermodel. With jealousy burning and their wedding date on the horizon, she conjures up a scheme to infiltrate the high fashion world of Saigon in order to catch him in the act. But her plan backfires when she befriends the supermodels and discovers there is much more to life than living it through a series of checklists.",
    "genres" : [ {
      "id" : 10749,
      "name" : "Romance"
    }, {
      "id" : 35,
      "name" : "Comedy"
    } ]
  }, {
    "id" : 277525,
    "title" : "Jovanotti - Nessuna ombra intorno",
    "overview" : "",
    "genres" : [ {
      "id" : 10402,
      "name" : "Music"
    } ]
  }, {
    "id" : 277530,
    "title" : "The Close Call",
    "overview" : "A Sterling Motion Picture Co. film with some adorably cute kids, one of whom (the little girl) falls down a cliff. Starring Felix Walsh, Olive Johnson, and 'Baby' Carmen De Rue.",
    "genres" : [ ]
  }, {
    "id" : 277535,
    "title" : "Eine Kirche der Angst vor dem Fremden in mir",
    "overview" : "The movie version of Christoph Schlingensief's stageplay.",
    "genres" : [ ]
  }, {
    "id" : 277540,
    "title" : "Cannibal Flesh Riot",
    "overview" : "Ghoul (gool) n. 1: a legendary evil being that robs graves and feeds on corpses 2: one suggestive of a ghoul-ghoul-ish Stash and Hub, two redneck ghouls, take a journey through an ancient graveyard to do what ghouls have done for centuries: grave defiling, necrophilia and cannibalism. On their midnight walk, they rant about their idiosyncrasies. But this morbid journey to feast on the dead does not unfold as it has the numerous nights before. Stash and Hub have raided the resting place of the deceased one too many times and the dead do not take lightly being fed on for centuries. Enter a world that has no prepositions of time or space in this character driven short film that stands outside of any genre. It verges on comedy with its cynical dark wit. It dabbles in horror with its exhumed graves, corpses and Lovecraftian monsters.",
    "genres" : [ {
      "id" : 35,
      "name" : "Comedy"
    }, {
      "id" : 27,
      "name" : "Horror"
    } ]
  }, {
    "id" : 277545,
    "title" : "USS Midway - The Hero Ship",
    "overview" : "From its commissioning in 1945 to its role in Operation Desert Storm in 1991, The USS Midway gallantly provided the U.S. military with nearly half a century of loyal service.  As the longest-serving carrier in American naval history, the Midway has become a veritable maritime legend.  Launched just after the end of World War II, the ship first made history in 1947 when it fired a captured German rocket from a moving platform.  During the Vietnam War, aviators from the Midway shot down the first thee MiGs credited to the U.S. forces. And in the first Gulf War, the veteran carrier played in integral role in the deployment of sorties into the Persian Gulf before it was finally decommissioned in San Diego, California, in 1992.",
    "genres" : [ {
      "id" : 99,
      "name" : "Documentary"
    } ]
  }, {
    "id" : 277550,
    "title" : "Millie Jackson: Live at the Sunset Junction Street Festival",
    "overview" : "1970s soul singer Millie Jackson struts her stuff onstage and proves she hasn't lost a step in this live performance at the Sunset Junction Street Festival in Los Angeles. Known as someone not afraid to speak her mind, Jackson puts on a characteristically raw show full of rocking music and four-letter words. The provocative and uninhibited songstress found later success as host of her own Dallas-based radio program.",
    "genres" : [ ]
  }, {
    "id" : 277555,
    "title" : "Nanak Naam Jahaz Hai",
    "overview" : "In this classic drama, bachelor Prem (Suresh) enjoys a good life, with a successful business and a loving family. But when he marries the manipulative Ratan (Nishi), his once-blissful existence becomes fraught with tension. Ratan drives a wedge between Prem and his brother, Gurmukh (Prithviraj Kapoor), and tries to destroy Gurmukh's relationship with his wife, Channi (Vimi). Will Channi's strong Sikh faith be enough to restore peace to the family?",
    "genres" : [ ]
  }, {
    "id" : 277560,
    "title" : "Scout's Honor",
    "overview" : "This compelling documentary explores the national movement Scouting for All, beginning with its formation in the late 1990s when heterosexual teen Steven Cozza and his father, San Francisco social worker Scott Cozza, petitioned to allow gays to participate openly in the Boy Scouts of America. Scout's Honor captured several prizes on the film festival circuit, including the Freedom of Expression Award and the Audience Award at Sundance.",
    "genres" : [ ]
  }, {
    "id" : 277565,
    "title" : "Six Shootin' Sheriff",
    "overview" : "Cowboy star Ken Maynard is Jim \"Trigger\" Morton, in town undercover while pursuing the man who framed him for robbery. But a well-placed shot tames a band of scofflaws and gains Morton the sheriff's badge. Now, he's riding on both sides of the law. The line is further blurred when old buddy Chuck (Walter Long) offers evidence of Morton's innocence in exchange for a blind eye to Chuck's impending postal heist in this classic Western.",
    "genres" : [ {
      "id" : 28,
      "name" : "Action"
    }, {
      "id" : 37,
      "name" : "Western"
    }, {
      "id" : 12,
      "name" : "Adventure"
    } ]
  }, {
    "id" : 277570,
    "title" : "The Bielski Brothers: Jerusalem in the Woods",
    "overview" : "This gripping documentary recounts the little-known story of Tuvia, Asael and Zus Bielski, three Jewish brothers who, during World War II, established a resistance camp in the forests of Belarus and saved the lives of more than 1,200 Jews. Using archival records, historic analysis and compelling interviews with surviving members of the Bielski Brigade, the film paints a fascinating portrait of these largely unsung heroes.",
    "genres" : [ ]
  }, {
    "id" : 277575,
    "title" : "Let's Go To Rose Motel 2 - Thirst",
    "overview" : "The unpermitted passionate love between two men and two women!  Campus couple Sang-yeol (Kim Myeong-joong) and Mi-na (Lim So-mi) are a married couple who maintain their living as a magazine reporter and pretty famous writer. Sang-yeol, who is always at home writing, has been in an affair with his neighbor and collegemate Da-yeong (Hwang Jeong-ah) for quite a while. Then one day, Mina runs into Da-yeong and exchanges phone numbers. Mina starts to suspect the frequent phone calls to her husband from an unknown number. She finds out Da-yeong is the one he's been cheating on her with but she isn't upset. Da-yeong's husband Hyeon-woo (Lee Hyeon-gook) had once dated. One day MIna meets Hyeon-woo coincidentally through work and seduces him. He falls for her and the complicated relationship begins...",
    "genres" : [ {
      "id" : 10749,
      "name" : "Romance"
    } ]
  }, {
    "id" : 277580,
    "title" : "The Road Ended at the Beach",
    "overview" : "Film images, stills and sound collected over six years coalesce in The Road Ended at the Beach. Hoffman interrogates both the journey, involving famed American photographer and filmmaker Robert Frank, and the process of its documentation as/in film.",
    "genres" : [ ]
  }, {
    "id" : 277585,
    "title" : "The Three Lustketeers",
    "overview" : "In this racy comedy, good-for-nothing sex addict Master Tak heads to the Philippines with his aptly named buddies Gay and Fit Man in tow to track down his mother and ask her for a loan.",
    "genres" : [ ]
  }, {
    "id" : 277590,
    "title" : "Tibet: Beyond Fear",
    "overview" : "Tibet: Beyond Fear highlights the courage of a Buddhist nun and monk who led freedom demonstrations against Chinese repression in Tibet. Arrested and released after enduring brutal torture, they find a way beyond fear to forgive their former captors.",
    "genres" : [ ]
  }, {
    "id" : 277595,
    "title" : "WWE: John Cena: Word Life",
    "overview" : "Bone-crusher John Cena, one of World Wrestling Entertainment's biggest stars, is at his mouthy best in this uncensored, in-your-face highlights reel featuring his trademark battle raps and famous feuds with WWE titans Brock Lesnar and the Undertaker. Also included is footage of Cena's special freestyle for American soldiers stationed in Iraq. A segment on his rise to the top and Easter eggs are among the extras.",
    "genres" : [ ]
  }, {
    "id" : 277600,
    "title" : "Young Hero",
    "overview" : "A gang of thugs led by a ruthless bully (Hwang Jang Lee) has been terrorizing the residents of a small Japanese town for years, and the townspeople have finally had enough. But they won't stand a chance without the help of a local man's son who's been secretly studying kung fu. Now, it's a classic battle between good and evil, with warring factions throwing punches, kicks -- and insults -- with impressive skill.",
    "genres" : [ ]
  }, {
    "id" : 277605,
    "title" : "Jason Nash is Married",
    "overview" : "Jason is stuck living in the shadows of his more successful wife (Busy Philipps) and two young kids. When debt threatens to destroy his family, he jump-starts his career, a move that sends him down of a rabbit hole of nefarious characters and sociopaths. Along the way, he must confront a pedophiliac movie star, a chauvinistic therapist, a trust-fund cokehead and a painful discussion about who his wife would marry if he died. Yet when Jason finally finds success he realizes there's more to marriage than just paying the bills.",
    "genres" : [ {
      "id" : 35,
      "name" : "Comedy"
    } ]
  }, {
    "id" : 277610,
    "title" : "Eat",
    "overview" : "Novella McClure is like most struggling actresses in Los Angeles: she's in her early 30s, her fake name sounded cooler ten years ago, and she hasn't landed a role in three years. To top it all off, she's developed a disturbing habit of eating her own flesh. Novella desperately tries to hide her strange condition from her motherly landlord, Eesha, and somewhat psychopathic best friend, Candice, but her body and mind continue to deteriorate in the depressing world of failed auditions and sketchy night clubs. Can a romantic relationship with her psychiatrist prevent her from self destruction? Or will her fatal habit continue to eat away at her?",
    "genres" : [ {
      "id" : 18,
      "name" : "Drama"
    }, {
      "id" : 53,
      "name" : "Thriller"
    }, {
      "id" : 27,
      "name" : "Horror"
    } ]
  }, {
    "id" : 277615,
    "title" : "Mehbooba",
    "overview" : "After dreaming of a beautiful girl for over 8 years, Budapest-based but born in Rajasthan, Karan, finally gets to meet her in the shape and form of Varsha, who happens to be the foster daughter of his lawyer, Sahid. Karan is confident that Sahid will convince Varsha to marry him - little knowing that Varsha will not only refuse to marry but she also hates men, and had a parallel New York-based lifestyle as Payal Mehra.",
    "genres" : [ {
      "id" : 18,
      "name" : "Drama"
    }, {
      "id" : 10749,
      "name" : "Romance"
    } ]
  }, {
    "id" : 277620,
    "title" : "Requiem",
    "overview" : "An American commando officer, in search of his father's killers, becomes part of a plot to capture a trainload of gold bullion destined to finance the Nazi cause. What begins as mission impossible explodes into a battle to rock the Balkans.",
    "genres" : [ {
      "id" : 18,
      "name" : "Drama"
    }, {
      "id" : 10752,
      "name" : "War"
    } ]
  }, {
    "id" : 277635,
    "title" : "Push Process",
    "overview" : "Oakley and 1242 Productions' latest HD action sports film showcases the progression of wakeboarding and wakeskating through a travelogue of the world's best riders. Join these athletes as they chase down perfect water in the world's most exotic locations.  Collaborating with acclaimed filmmaker Justin Stephens and graphic artist Chase Heavener, Oakley’s “Push Process\" combines experimental cinematography, editing and animation graphics with the most progressive riding ever documented on the big screen.  Oakley athletes Keith Lyman, Aaron Rathy, Andrew Adkison, Amber Wing, George Daniels, Danny Hampson, Dallas Friday and Jack Blodgett are more than just the stars who create the epic footage-they are members of the production team, all playing pivotal roles in the project since day one.  Shot exclusively in HD, Push Process takes viewers on a quest to Australia, South Africa, the Florida Keys, Cuba, Minnesota, the Amazon, Canada and beyond.",
    "genres" : [ {
      "id" : 99,
      "name" : "Documentary"
    } ]
  }, {
    "id" : 277640,
    "title" : "The Tree",
    "overview" : "A tree, a woman and a land: the story of a woman and a tree, both of them rooted in a land.",
    "genres" : [ {
      "id" : 16,
      "name" : "Animation"
    } ]
  }, {
    "id" : 277650,
    "title" : "Dear Viola",
    "overview" : "Kellie Martin plays an accountant who submits a reply to a \"dear viola\" letter to the editor that she works for, as an accountant. She has a real knack for writing to people and getting to the heart of the matter, and soon the whole town is involved in the romantics.",
    "genres" : [ {
      "id" : 10770,
      "name" : "TV Movie"
    }, {
      "id" : 10749,
      "name" : "Romance"
    }, {
      "id" : 35,
      "name" : "Comedy"
    }, {
      "id" : 18,
      "name" : "Drama"
    } ]
  }, {
    "id" : 277655,
    "title" : "The Woman He Loved",
    "overview" : "In 1936, Edward VIII abdicated in order to marry the woman he loved, Wallis Simpson, a twice divorced American. These events caused a scandal around the world and Wallis has since been demonised as the woman who stole the King of England.",
    "genres" : [ {
      "id" : 10749,
      "name" : "Romance"
    }, {
      "id" : 18,
      "name" : "Drama"
    } ]
  }, {
    "id" : 277660,
    "title" : "Max Von Sydow: Dialogues with The Renter",
    "overview" : "A documentary shot on the set of \"Extremely Loud &amp; Incredibly Close\" by Cedric Brelet von Sydow.",
    "genres" : [ {
      "id" : 99,
      "name" : "Documentary"
    } ]
  }, {
    "id" : 277675,
    "title" : "When You Wake Up",
    "overview" : "The singer called Punk is no longer of much interest to anyone. After his brush with fame, it only took a few years of drugs and alcohol to reach rock bottom. After yet another small town concert, Punk ends up spending the night backstage, drunk and alone. When he opens his eyes in the morning, he sees a little girl, who introduces herself as his daughter. Two lost souls set out on a trip together – a trip which will not only change their lives, but will also bring them together to appreciate the joy it brings.",
    "genres" : [ {
      "id" : 18,
      "name" : "Drama"
    } ]
  }, {
    "id" : 277685,
    "title" : "Unfriended",
    "overview" : "While video chatting one night, six high school friends receive a Skype message from a classmate who killed herself exactly one year ago. A first they think it's a prank, but when the girl starts revealing the friends' darkest secrets, they realize they are dealing with something out of this world, something that wants them dead. Told entirely from a young girl's computer desktop, Unfriended redefines 'found footage' for a new generation of teens.",
    "genres" : [ {
      "id" : 27,
      "name" : "Horror"
    }, {
      "id" : 53,
      "name" : "Thriller"
    } ]
  }, {
    "id" : 277690,
    "title" : "Yasmine",
    "overview" : "A young woman who lives with her strict father works to become a a champion at Silat, Indonesia's version of kung fu.",
    "genres" : [ {
      "id" : 28,
      "name" : "Action"
    } ]
  }, {
    "id" : 277695,
    "title" : "The Boys of Cellblock Q",
    "overview" : "The Boys of Cellblock Q is set within the bowels of the Sunnyvale Labor Farm. Without the presence of women, the prisoners indulge in regular trysts with one another, make full use out of the jail's supply of priests, turn the eyes several policemen, and help a young convict learn the ins and outs of the prison community.",
    "genres" : [ {
      "id" : 18,
      "name" : "Drama"
    }, {
      "id" : 35,
      "name" : "Comedy"
    } ]
  }, {
    "id" : 277700,
    "title" : "Tera Jadoo Chal Gayaa",
    "overview" : "When ad agency executive Pooja (Kirti Reddy) attends a wedding and meets lovable but broke Kabir (Abhishek Bachchan), it's love at first sight -- but only for Kabir. Pooja heads back to her fast-track life and gets in dutch with the head honcho for prolonging her vacation. To save her job, a co-worker explains Pooja's delay with a phony story about her engagement to Kabir, and all's well till she meets her dream man: the boss' son (Sanjay Suri).",
    "genres" : [ {
      "id" : 10749,
      "name" : "Romance"
    } ]
  }, {
    "id" : 277705,
    "title" : "Things Done Changed",
    "overview" : "A crime of violence triggers a series of increasingly dangerous confrontations that ultimately give rise to tragedy in this urban drama. Boyhood friends Rodrigo (Victor Ballesteros) and Stanley (Brandon Bonds) follow different paths into adulthood, with Rodrigo becoming a family man while Stanley squanders his life. When Stanley realizes that he desperately wants Rodrigo's wife and decides to take what he wants, it sends Rodrigo over the edge.",
    "genres" : [ ]
  }, {
    "id" : 277710,
    "title" : "Anesthesia",
    "overview" : "Multiple lives intersect in the aftermath of the violent mugging of a Columbia University philosophy professor.",
    "genres" : [ {
      "id" : 18,
      "name" : "Drama"
    }, {
      "id" : 53,
      "name" : "Thriller"
    } ]
  }, {
    "id" : 277715,
    "title" : "Welcome to Destination Shanghai",
    "overview" : "Shanghai was once called the \"Paris of the East,\" but changes come with time and social tumult. Now, amid crumbling buildings, crushing poverty and social decay, filmmaker Andrew Cheng captures a city fallen victim to moral and economic decline. Through a collection of vignettes involving male prostitutes, aging hookers and other sex-trade workers, Cheng reveals the sordid heart of a once glittering metropolis.",
    "genres" : [ ]
  }, {
    "id" : 277720,
    "title" : "Alma",
    "overview" : "Ruth Leitman's 1998 documentary examines the bond between Margie Thorpe and her eccentric mother Alma, both of whom live in the same Alabama town. Their complicated relationship includes a history of alcoholism, mental illness, and sexual abuse.",
    "genres" : [ ]
  }, {
    "id" : 277725,
    "title" : "Big Bro Fadil",
    "overview" : "Zizan Razak plays Abang Long Fadil, a man who constantly dreams that his life is that of a gangster. But when his best friend, Malik goes to prison, then more chaos ensues and daydreaming may not be too far off from reality. This movie is directed by Shafiq Yusof, the brother of Syamsul Yusof, the director of \"KL Gangster\".",
    "genres" : [ {
      "id" : 28,
      "name" : "Action"
    } ]
  }, {
    "id" : 277730,
    "title" : "Hope",
    "overview" : "Francis Ratay  witnesses the theft of church painting \"Angel with violin\". The entire incident recorded by an amateur camera. The thief turns out to Benedict Weber, gallery owner and art connoisseur. Francis comes to his gallery. Blackmails him, that will provide police record, unless the image in three days back in place.",
    "genres" : [ {
      "id" : 9648,
      "name" : "Mystery"
    }, {
      "id" : 28,
      "name" : "Action"
    }, {
      "id" : 18,
      "name" : "Drama"
    } ]
  }, {
    "id" : 277735,
    "title" : "Prometheus Bound",
    "overview" : "Drama - Journalist Alex Kenna (Daniel Tisman) is a man haunted by precognition when he returns to his old stomping grounds. After setting up camp at the house of a former schoolmate, Alex becomes infatuated with a wheelchair-bound woman (J.C. Brandy) and, despite warnings from his friends, pursues a relationship with her. But as they become more involved, the secrets of her past are revealed, and Alex gets caught in a deadly game of cat and mouse. -  Jon Jacobs, J.C. Brandy, Daniel Tisman",
    "genres" : [ {
      "id" : 18,
      "name" : "Drama"
    } ]
  }, {
    "id" : 277740,
    "title" : "Chapel Perilous",
    "overview" : "Robin, a door-to-door salesman with nothing to sell, pays Levi Gold an unexpected visit. The ensuing encounter forces Levi to confront his true mystical calling and the nature of reality itself. A metaphysical comedy trip-out with Sun Araw.",
    "genres" : [ ]
  }, {
    "id" : 277750,
    "title" : "Stripteaser II",
    "overview" : "Thriller - While searching for his kid sister Lisa, who disappeared into the seamy world of Los Angeles strip clubs, streetwise cabbie Rick (Rick Jordan) meets Angie (Stacey Leigh Mobley), a woman forced to dance to pay off the debts her father incurred while gambling. Rick's search for his sister becomes more desperate as he finds out more about the dark world of power and intrigue hidden beneath the city's neon lights. -  Rick Jordan, Holly Hollywood, Matt Preston",
    "genres" : [ {
      "id" : 53,
      "name" : "Thriller"
    } ]
  }, {
    "id" : 277755,
    "title" : "The Residents: Is Anybody Out There?",
    "overview" : "The Residents have enjoyed many attachments over the years, but none more unique than \"Bunny.\" Their relationship flourished in the 70's when Bunny's eccentric ideas often pointed the group in unexpected directions, but Bunny eventually grew distant and his appearances at the El Ralpho Studios declined. Then, after a lapse of several years, a video tape arrived in the mail.",
    "genres" : [ ]
  }, {
    "id" : 277760,
    "title" : "Anna Susanna",
    "overview" : "",
    "genres" : [ {
      "id" : 18,
      "name" : "Drama"
    } ]
  }, {
    "id" : 277765,
    "title" : "Art as a Weapon",
    "overview" : "Street art, creativity and revolution collide in this beautifully shot film about art’s ability to create change. The story opens on the politically charged Thailand/Burma border at the first school teaching street art as a form of non-violent struggle. The film follows two young girls (Romi &amp; Yi-Yi) who have escaped 50 years of civil war in Burma to pursue an arts education in Thailand. Under the threat of imprisonment and torture, the girls use spray paint and stencils to create images in public spaces to let people know the truth behind Burma's transition toward \"artificial democracy.\" Eighty-two hundred miles away, artist Shepard Fairey is painting a 30’ mural of a Burmese monk for the same reasons and in support of the students' struggle in Burma. As these stories are inter-cut, the film connects these seemingly unrelated characters around the concept of using art as a weapon for change.",
    "genres" : [ {
      "id" : 12,
      "name" : "Adventure"
    }, {
      "id" : 99,
      "name" : "Documentary"
    } ]
  }, {
    "id" : 277770,
    "title" : "Mira Edora",
    "overview" : "About a mother and daughter who have a rocky relationship. Things got worse when both of them fall for the same man.",
    "genres" : [ {
      "id" : 10749,
      "name" : "Romance"
    }, {
      "id" : 18,
      "name" : "Drama"
    } ]
  }, {
    "id" : 277775,
    "title" : "The Wiggles - Wiggle House",
    "overview" : "Who’s in The Wiggles’ house? All your favourite friends, Emma, Lachy, Simon and Anthony, and twenty-six new songs! Join the fun of ‘The Laughing Doctor’, taste the delights of ‘Pappadum’, ’Do the Hawk’ with America’s Lee Hawkins, ‘Have a Good Day (Kia Pai to Rā)’ with New Zealand’s Robert Rakete, and so much more. So open the door to a house full of fun as we raise the roof with Wiggle House!",
    "genres" : [ {
      "id" : 10751,
      "name" : "Family"
    } ]
  }, {
    "id" : 277780,
    "title" : "Bushman's Secret",
    "overview" : "South African filmmaker Rehad Desai details the lose-lose situation facing the San Bushmen of the Kalahari Desert in this eye-opening documentary.",
    "genres" : [ ]
  }, {
    "id" : 277785,
    "title" : "Air Sex: The Movie",
    "overview" : "Air Sex: The Movie is a documentary about the American social phenomenon known as The Air Sex Championships. Think Air Guitar, but instead of pretending to play a musical instrument, participants pretend to have sexual encounters with an imaginary partner (or partners). Entering its sixth year as a nationally touring roadshow, and billed as the world’s first “spart,” Air Sex combines the pageantry and prestige of sports with the creative arts of storytelling, pantomiming, and improvisation.  Directed by Jonathan Evans (Sunken City), the film follows Air Sex tour producer/host, New Orleans comedian Chris Trew (America’s Got Talent, Comedy Central), as he attempts to convince crowds of excited, confused, and inebriated audience members to sign up and become part of the bizarre spectacle.",
    "genres" : [ {
      "id" : 99,
      "name" : "Documentary"
    } ]
  }, {
    "id" : 277795,
    "title" : "The Cheviot the Stag and the Black Black Oil",
    "overview" : "Exploitation of the people and land of Scotland by landowners",
    "genres" : [ ]
  }, {
    "id" : 277800,
    "title" : "Backstreet Boys - In a world like this (Japan Tour)",
    "overview" : "The band was the first time in 10 years with the complete original cast on stage, including Ur-Backstreet Boy Kevin Richardson, who was absent from the last tours. Nick Carter, Howie Dorough, Brian Littrell, AJ McLean and Kevin Richardson, known collectively as the BACKSTREET BOYS, celebrating this year its 20th anniversary on stage. Founded in Orlando, Florida in 1993, they can on countless hits like 'I Want It That Way', 'Everybody (Backstreets Back) \"and\" As Long As You Love Me' refer. More than 130 million albums sold worldwide, and she brought her success to them on April 22, 2013 a star on the Hollywood Walk of Fame.",
    "genres" : [ {
      "id" : 10402,
      "name" : "Music"
    } ]
  }, {
    "id" : 277805,
    "title" : "A Roman Scandal",
    "overview" : "Mary refuses a marriage proposal, in order to devote her life to \"the stage.\"  Hilarity ensues.",
    "genres" : [ {
      "id" : 35,
      "name" : "Comedy"
    } ]
  }, {
    "id" : 277810,
    "title" : "Entombed: Monkey Puss",
    "overview" : "Monkey Puss (Live in London) is a live video by Swedish band Entombed recorded during the 92' Gods of Grind tour in London. It was released in 1999 on Earache Records. Originally it was released on VHS cassette, it was later re-released in 2001 on DVD. The VHS and DVD version contain five additional promo/non-live videos: Left Hand Path, Stranger Aeons, Hollowman, Wolverine Blues and Night of the Vampire. //  TRACKS:  01.\t Left Hand Path (Video Clip)  02.\t Stranger Aeons (Video Clip)  03.\t Hollowman (Video Clip)  04.\t Wolverine Blues (Video Clip)  05.\t Night of the Vampire (Video Clip)  06.\t Living Dead  07.\t Revel in Flesh  08.\t Stranger Aeons  09.\t Crawl  10.\t But Life Goes On  11.\t Sinners Bleed  12.\t Evilyn  13.\t The Truth Beyond  14.\t Drowned  15.\t Left Hand Path",
    "genres" : [ ]
  }, {
    "id" : 277815,
    "title" : "Vader: More Visions & Voices",
    "overview" : "\"Vision and Voice\" is the first live performance recording by Polish death metal band Vader. It was released in VHS format on December 1, 1998 by Metal Mind. The album consists Vader concert filmed and recorded on March 25, 1998 at Studio Łęg in Kraków, Poland. The DVD edition entitled \"More Vision and the Voice\" was released on June 3, 2002 by Metal Mind. Apart from main concert recorded in Kraków the re-release includes tree video-clips, eight bootleg live tracks from No Mercy Festival 2001, interview with Piotr \"Peter\" Wiwczarek, band and individual members biographies, discography, photo gallery, desktop images, art gallery, and weblinks. The release was remastered, and converted to Dolby Digital 5.1 Surround at Studio 333 in Częstochowa, Poland by Bartłomiej Kuźniak.",
    "genres" : [ {
      "id" : 10402,
      "name" : "Music"
    } ]
  }, {
    "id" : 277820,
    "title" : "Sexy Thing",
    "overview" : "The story of a young girl who escapes her reality by immersing herself in a watery version of the world.",
    "genres" : [ {
      "id" : 18,
      "name" : "Drama"
    } ]
  }, {
    "id" : 277825,
    "title" : "Rainbow Kronos Quartet with Alim & Fargana Qasimov and Homayun Sakhi",
    "overview" : "",
    "genres" : [ {
      "id" : 99,
      "name" : "Documentary"
    }, {
      "id" : 10402,
      "name" : "Music"
    } ]
  }, {
    "id" : 277830,
    "title" : "Ride 'Em Cowboy",
    "overview" : "An auto dealer arrives in a western town, at about the same time as a band of heavily-armed desperadoes.",
    "genres" : [ {
      "id" : 37,
      "name" : "Western"
    }, {
      "id" : 35,
      "name" : "Comedy"
    } ]
  }, {
    "id" : 277835,
    "title" : "Jôhatsu Tabinikki",
    "overview" : "A young man is on an inner journey as he searches for meaning in love, eroticism and marriage. He boards a train, and all the clocks are mirrored from then on, as if looking at them from the inside. He travels to a homey village, meets a potential fiancée, then a more sensuous and mysterious stripper.",
    "genres" : [ ]
  }, {
    "id" : 277840,
    "title" : "Marry Me",
    "overview" : "The stories of several individuals who consult a marriage bureau, including a peer of the realm, his butler, a lonely school teacher, a French girl on the run from a violent boyfriend, a country vicar, and a newspaper reporter, sent by his editor, to do an undercover story.",
    "genres" : [ {
      "id" : 10749,
      "name" : "Romance"
    }, {
      "id" : 35,
      "name" : "Comedy"
    } ]
  }, {
    "id" : 277845,
    "title" : "Lumpenball",
    "overview" : "",
    "genres" : [ {
      "id" : 35,
      "name" : "Comedy"
    } ]
  }, {
    "id" : 277850,
    "title" : "'Twas Henry's Fault",
    "overview" : "Betty buys a car; her husband Harry disagrees with her choice.",
    "genres" : [ {
      "id" : 35,
      "name" : "Comedy"
    } ]
  }, {
    "id" : 277855,
    "title" : "Theertha Karayinile",
    "overview" : "What the movie has in store for you, wait and watch this space for more updates.",
    "genres" : [ {
      "id" : 18,
      "name" : "Drama"
    } ]
  }, {
    "id" : 277860,
    "title" : "Let's Get Down to Brass Tacks",
    "overview" : "While in a hotel room in Mystic, CT, Aaron eats noodles, watches TV, takes a bath, makes a phone call, and sleeps.",
    "genres" : [ ]
  }, {
    "id" : 277865,
    "title" : "Vidhi",
    "overview" : "Radha falls in love with Raja, son of a rich lawyer, and ends up pregnant. Now, Raja and his father refuse to accept her. Radha decides to battle it out in the courts in order to seek justice.",
    "genres" : [ {
      "id" : 18,
      "name" : "Drama"
    } ]
  }, {
    "id" : 277870,
    "title" : "Nenjathai Killadhey",
    "overview" : "Chandrasekhar (Sarath Babu) is married to Mala (Santhakumari) and their marital life is miserable due to Mala's demonic behaviour. Chandrasekhar's sister Viji (Suhasini), who is brought up by him, is enthusiastic, naughty and fun-loving. She lives life on her own terms. One day she bumps into Ram (Mohan), a mechanic. Despite initial conflicts, they slowly become friends. Though good natured, Ram suffers from an inferiority complex and suspects everyone",
    "genres" : [ {
      "id" : 10749,
      "name" : "Romance"
    } ]
  }, {
    "id" : 277875,
    "title" : "Hello",
    "overview" : "What the movie has in store for you, wait and watch this space for more updates.",
    "genres" : [ {
      "id" : 10749,
      "name" : "Romance"
    } ]
  }, {
    "id" : 277880,
    "title" : "Winner",
    "overview" : "Winner is a tamil film which released in the year 2003, written and directed by Sundar C, that stars Prashanth, Kiran",
    "genres" : [ {
      "id" : 10749,
      "name" : "Romance"
    } ]
  }, {
    "id" : 277885,
    "title" : "Out Bound",
    "overview" : "Mortimer grabs an opportunity to take a truck driving job; Matthew intends to hang onto it.",
    "genres" : [ {
      "id" : 35,
      "name" : "Comedy"
    } ]
  }, {
    "id" : 277890,
    "title" : "Chasing Choo Choos",
    "overview" : "Virginia Craig will become super-wealthy and gain sole control of her factory, unless insubordinate schemers can trick her into marrying one of their clique.  Unfortunately for them, she loves Monty, one of her employees.  When the schemers' plot is discovered, a chase starts away from the factory and onto a runaway train.",
    "genres" : [ {
      "id" : 28,
      "name" : "Action"
    }, {
      "id" : 35,
      "name" : "Comedy"
    } ]
  }, {
    "id" : 277895,
    "title" : "Ee Lokam Ivide Kure Manushyar",
    "overview" : "What the movie has in store for you, wait and watch this space for more updates.",
    "genres" : [ {
      "id" : 18,
      "name" : "Drama"
    } ]
  }, {
    "id" : 277900,
    "title" : "Underground",
    "overview" : "An American intelligence agent attempts to kidnap a top Nazi general.",
    "genres" : [ {
      "id" : 53,
      "name" : "Thriller"
    }, {
      "id" : 18,
      "name" : "Drama"
    }, {
      "id" : 10752,
      "name" : "War"
    } ]
  }, {
    "id" : 277905,
    "title" : "Avidathepole Ivideyum",
    "overview" : "Avidathepole Ivideyum movie revolves around Anirudhan (Mammootty) and Sugumaran (Mohanlal) who are roommates and are both pharmaceutical company executives. Sugumaran is urbane and somewhat westernized in attitude, Anirudhan is more of a son-of-the-soil type. During a trip to Anirudhan's village, Sugumaran falls in love with Sujatha (Shobana) who is Anirudhan's sister. Concurrently, Anirudhan takes a liking for Neelima (Anitha),who is Sugumaran's sister. The two couples marry, and then are face the realities of marrying across classes.",
    "genres" : [ {
      "id" : 35,
      "name" : "Comedy"
    }, {
      "id" : 18,
      "name" : "Drama"
    } ]
  }, {
    "id" : 277910,
    "title" : "Idanilangal",
    "overview" : "Idanilangal is a 1985 Indian Malayalam film, directed by IV Sasi and produced by K. Balachander. The film stars Mammootty, Mohanlal, Menaka and Seema in lead roles. The film had musical score by M. S. Viswanathan",
    "genres" : [ {
      "id" : 18,
      "name" : "Drama"
    } ]
  }, {
    "id" : 277915,
    "title" : "Thammil Thammil",
    "overview" : "What the movie has in store for you, wait and watch this space for more updates.",
    "genres" : [ {
      "id" : 10749,
      "name" : "Romance"
    } ]
  }, {
    "id" : 277920,
    "title" : "Thirakil Alppam Samayam",
    "overview" : "What the movie has in store for you, wait and watch this space for more updates.",
    "genres" : [ {
      "id" : 18,
      "name" : "Drama"
    } ]
  }, {
    "id" : 277925,
    "title" : "Ithiri Poove Chuvannapoove",
    "overview" : "Ithiri Poove Chuvannapoove movie tells Balagopalan (Mammooty) who is elder brother of Unni (Rahman). Unni who is a college boy with friends and girl friend. The family is happy . Unni becomes a nexalite. Balagopalan is a cop. all this in the flash back.",
    "genres" : [ {
      "id" : 18,
      "name" : "Drama"
    } ]
  }, {
    "id" : 277930,
    "title" : "Aalkkoottathil Thaniye",
    "overview" : "Rajan, though successful in his job, but his family life is not so happy. His wife, Nalini, aspires for a fellowship in Harvard University, US, leaving behind her husband and kid, Babumon. When his father, Madhavan, a retired school teacher, is down with ailment, Rajan along with his family returns to his ancestral home. Rajan's elder sister, Vishalam, younger sister, Seethalakshmi &amp; husband Padmanabhan also arrive to meet their father, as his health condition was serious. Madhavan's daughters and in-laws were busy in their own ways, as they don't wish to spend many days with their dying father. In his sickness, Madhavan expresses his wish to meet his niece, Ammukutty, Ammu arrives and took care of her dying uncle. Madhavan's children except Rajan leaves as Ammu was there to look after their father. Rajan remembers his young days of romance with Ammu.",
    "genres" : [ {
      "id" : 18,
      "name" : "Drama"
    } ]
  }, {
    "id" : 277935,
    "title" : "Maniyara",
    "overview" : "What the movie has in store for you, wait and watch this space for more updates.",
    "genres" : [ {
      "id" : 18,
      "name" : "Drama"
    } ]
  }, {
    "id" : 277940,
    "title" : "Onnu Chirikku",
    "overview" : "What the movie has in store for you, wait and watch this space for more updates.",
    "genres" : [ {
      "id" : 18,
      "name" : "Drama"
    } ]
  }, {
    "id" : 277945,
    "title" : "Pinnilavu",
    "overview" : "Kesava Panickar is an honest government engineer. His only son Govindanunni is getting admission in a medical college. However, he gets into bad company and he indulges in vices. Will his love, Parvathi be able to bring him back on the right path?",
    "genres" : [ {
      "id" : 18,
      "name" : "Drama"
    } ]
  } ]
}