{
  "movies" : [ {
    "id" : 324730,
    "title" : "Where is Primer Green?",
    "overview" : "As issues with his dying father remain unresolved, Primer Green comes home to visit his family after being gone for 15 years. During his visit, his sister disappears and police suspect she is involved in her husband's death. Primer decides to find his sister but during his search he also disappears, leaving his ranger brother to solve the mystery and uncover rampant corruption.",
    "genres" : [ ]
  }, {
    "id" : 324735,
    "title" : "Battles of Submission",
    "overview" : "Imagine if you will... A dark and gritty scene where fighters of all shapes and sizes turn up the heat and go totally insane on each other, all for the love of combat! All the intense battles waged between these icons will put you into a state of extreme shock &amp; awe as the put each other through tables, into lamp posts, jump off battling cages and lock each other into deadly and bone crushing submission maneuvers!",
    "genres" : [ ]
  }, {
    "id" : 324745,
    "title" : "Bob De Bouwer Bobs Superteam",
    "overview" : "",
    "genres" : [ ]
  }, {
    "id" : 324750,
    "title" : "Nekuda Psik",
    "overview" : "Israeli journalist Shlomo Slutzky returns home to Argentina to cover the trial of General Menendez, charged with mass murders during the 1970's dictatorship. The professional reporting assignment for Israeli television soon leads Shlomo on a personal journey through Argentina, Spain and Israel, re-tracing the footsteps of his old friends from the Jewish movement. Friends who in 1976 chose to join the guerrilla forces while Shlomo chose to immigrate to Israel. Many of these friends were imprisoned, tortured and killed, Shlomo survived.",
    "genres" : [ ]
  }, {
    "id" : 324755,
    "title" : "Little Light",
    "overview" : "No Overview",
    "genres" : [ ]
  }, {
    "id" : 324760,
    "title" : "The Heart That Sings",
    "overview" : "Set in 1950, The Heart That Sings tells the poignant story of a brokenhearted orphan from the Holocaust trying to begin life again when she is hired as the music and drama counselor at an elite Jewish girl's summer camp.",
    "genres" : [ ]
  }, {
    "id" : 324765,
    "title" : "Les 7 vies du docteur Laux",
    "overview" : "",
    "genres" : [ {
      "id" : 53,
      "name" : "Thriller"
    } ]
  }, {
    "id" : 324775,
    "title" : "Легенда",
    "overview" : "",
    "genres" : [ ]
  }, {
    "id" : 324780,
    "title" : "Being Considered",
    "overview" : "Jake is a self-professed 'artist and filmmaker' who can't quite keep life together in the face of other people's success. However his life changes when small-time thief Jojo breaks into his car and steals his briefcase containing a book on screen-writing and Jake's filofax of 'contacts'. Jojo's new script ensures he quickly becomes the talk of the town.",
    "genres" : [ {
      "id" : 35,
      "name" : "Comedy"
    } ]
  }, {
    "id" : 324785,
    "title" : "Lebron: The Life",
    "overview" : "Back in 2003, LeBron James got profiled as he graduated from St. Vincent-St. Mary High School and prepared for life as a professional basketball player.",
    "genres" : [ ]
  }, {
    "id" : 324800,
    "title" : "Iceman Cometh",
    "overview" : "A warrior from the underworld and his assistant enter the human realm to try and destroy the fox spirit that has been terrorizing their tribe.  After the warrior gets injured and loses his sword the kindly village doctor and his daughter take him in.  Then bad things start happening to the village - livestock killed, babies snatched, people murdered.  The villagers are suspicious of the stranger.  He needs to find his sword and kill the fox to rid two worlds of its evil.",
    "genres" : [ ]
  }, {
    "id" : 324810,
    "title" : "Dharani",
    "overview" : "Three friends who cannot seem to catch a break decide to make their own ways. Where do their paths lead them?",
    "genres" : [ {
      "id" : 10749,
      "name" : "Romance"
    }, {
      "id" : 18,
      "name" : "Drama"
    }, {
      "id" : 53,
      "name" : "Thriller"
    } ]
  }, {
    "id" : 324820,
    "title" : "The Snake Brothers",
    "overview" : "Brothers Grass and Cobra Snake, in their late and early thirties respectively, live in a small Czech town not far from Prague. Coming from a disfunctional family, they both feel unable to build up a life to be satisfied with. Grass, unemployed and still without a girl, does not know how to escape from the shadow of his druggie and troublemaker brother Cobra. Things seem to change for Grass when all at once he gets the opportunity to be part of a promising business and starts a relationship with the waitress of a local pub. It is just then when Cobra and his addiction show up in his life once more to put him on the verge of losing everything he achieved. But this time Grass is determined to not let anybody or anything stop his last chance in life to be happy and he decides to teach his brother a life lesson he should never forget.... A lesson that uncontrollably turns into a nightmare...",
    "genres" : [ {
      "id" : 18,
      "name" : "Drama"
    } ]
  }, {
    "id" : 324825,
    "title" : "The Fugitives",
    "overview" : "On arrival at their new country home the Woodleys find it guarded by the former owner's Great Dane, Junia. All attempts to remove her fail until Major Craddock arrives claiming ownership of the dog. Junia has saved David's life but the Woodleys cannot pay the high price ask ed by Major Craddock. The children, together with two others whose own dog has b een stolen, make their way to Major Craddock's kennels where they find both dogs and an incriminating newspaper cutt ing. After a fight they are caught and locked up but David has sent Junia home w ith newspaper. Mr. Woodley arrives in time to prevent Craddock's flight and to rescue the children",
    "genres" : [ {
      "id" : 10751,
      "name" : "Family"
    } ]
  }, {
    "id" : 324830,
    "title" : "Fuzhou",
    "overview" : "The action is set at the start of the twentieth century, between a village by the River Dnyepr and the coast of Florida. While the story has ironic, romantic and sometimes mystic angles, the bitter aspects of emigration from the Ukraine to the United States become clearly visible.",
    "genres" : [ {
      "id" : 10749,
      "name" : "Romance"
    }, {
      "id" : 12,
      "name" : "Adventure"
    }, {
      "id" : 35,
      "name" : "Comedy"
    } ]
  }, {
    "id" : 324840,
    "title" : "The Young Detectives",
    "overview" : "Adventure of stolen jewels and the kidnapping of a little boy who saw the robbery. Serial in 8 episodes.",
    "genres" : [ {
      "id" : 10751,
      "name" : "Family"
    } ]
  }, {
    "id" : 324845,
    "title" : "She's So Small 2",
    "overview" : "Ariana Marie - Have to be gentle with such a tiny body. Dakota Skye - Imagine that tiny body riding you. Emily Grey - How can something so big fit into someone so small? Samantha Rone - The little ones are so flexible. Taylor Whyte - A small girl rubbing her small clit.",
    "genres" : [ ]
  }, {
    "id" : 324850,
    "title" : "Bob De Bouwer Wolkenkrabbers",
    "overview" : "",
    "genres" : [ ]
  }, {
    "id" : 324855,
    "title" : "Efteling Sprookjes Deel 2",
    "overview" : "",
    "genres" : [ ]
  }, {
    "id" : 324860,
    "title" : "Efteling Sprookjes Deel 5",
    "overview" : "",
    "genres" : [ ]
  }, {
    "id" : 324870,
    "title" : "Teen Bahuraniyan",
    "overview" : "Teen Bahuraniyan (English: Three Daughters-In-Law) is a 1968 family comedy movie. The film is a remake of 1967 Tamil movie Bama Vijayam (Bama's Visit). The film's three lead ladies reprise their roles from the original movie. Teen Bahuraniyan is family story of 3 daughter in laws and their husbands. The movie shows how their relations takes different colour at various situations and how the father Prithviraj Kapoor plays vital role in the family to keep things going.",
    "genres" : [ {
      "id" : 10751,
      "name" : "Family"
    }, {
      "id" : 35,
      "name" : "Comedy"
    }, {
      "id" : 18,
      "name" : "Drama"
    } ]
  }, {
    "id" : 324875,
    "title" : "De Vriendelijke Draak",
    "overview" : "",
    "genres" : [ ]
  }, {
    "id" : 324880,
    "title" : "Weitzman Street Number 10",
    "overview" : "Russian Jewish family immigrates to Israel; even stranger than the air raid is the behavior of their new fellow countrymen.",
    "genres" : [ ]
  }, {
    "id" : 324890,
    "title" : "Strap On Sweethearts 2",
    "overview" : "These sapphic sirens have learned that there is no need for a man when you have a girlfriend with a strap on! Go get the lube, it's going to be a long night!",
    "genres" : [ ]
  }, {
    "id" : 324895,
    "title" : "Mega Mindy - Della Cruella",
    "overview" : "",
    "genres" : [ ]
  }, {
    "id" : 324900,
    "title" : "Mega Mindy - Wonderhaar",
    "overview" : "",
    "genres" : [ ]
  }, {
    "id" : 324905,
    "title" : "Nie mehr wie immer",
    "overview" : "",
    "genres" : [ ]
  }, {
    "id" : 324910,
    "title" : "South Caribbean",
    "overview" : "From Coastal Managment to Underwater Conservation and Global Weather Patterns. The Southern Caribbean in March 2012",
    "genres" : [ ]
  }, {
    "id" : 324915,
    "title" : "Beethoven, Fantasy for Piano, Choir and Orchestra - Maurizio Pollini, Claudio Abbado, Berliner Philharmoniker",
    "overview" : "During two Bartok evenings at the Verbier Festival, Martha Argerich demonstrated once again her charisma. The first evening, with her accomplice Nelson Freire, and with the percussionists Gregory Zuber and Michael Israelievitch, she transports us with the Sonata for Two Pianos and Percussions. A few days later, with violinist Renaud Capuçon she tackles the First Sonata for Violin and Piano.",
    "genres" : [ ]
  }, {
    "id" : 324920,
    "title" : "Kabouter Plop - De Mutspuntziekte",
    "overview" : "",
    "genres" : [ ]
  }, {
    "id" : 324930,
    "title" : "Proof of the Devil",
    "overview" : "18-year old Jesse Winters, also know as The Butcher, was put to death in Louisiana for committing 23 grisly murders. There was no doubt that he was killer, the question was why? His mother, Kate, claimed that Jesse was possessed by a demon that drove him to fiendish brutality. Now, for the first time on film, Kate will attempt to prove her theories and clear her son's name by inviting a demon to invade her body. Sit back and prepare to watch the unimaginable. That screaming you hear? It's probably your own.",
    "genres" : [ {
      "id" : 27,
      "name" : "Horror"
    } ]
  }, {
    "id" : 324940,
    "title" : "The Obsessed",
    "overview" : "Albert has always been one to retreat from life into his own imagination. But when peer, Billy, leads him and two other friends on a hiking trip, Albert's imagination becomes reality. Albert will discover that the Sierra Nevada holds far greater dangers than steep cliffs and snow covered slopes. Within the mountain range's shadowy forests and deep ravines lies a grave, lost for generations. Beneath the damp soil rests a girl and a diamond necklace with the power to turn an innocent trip into a struggle for survival.",
    "genres" : [ ]
  }, {
    "id" : 324945,
    "title" : "Eleven P.M.",
    "overview" : "A truly bizarre mixture of sentimentality, spirituality and the supernatural, Eleven P.M. follows an impoverished violinist who tries to protect a young girl from straying into a life of sin -- and features one of the most mind-boggling endings ever (the poster above provides a hint). Produced by the Maurice Film Company of Detroit, Michigan.",
    "genres" : [ ]
  }, {
    "id" : 324950,
    "title" : "Kabouter Plop - Plop Vertelt",
    "overview" : "",
    "genres" : [ ]
  }, {
    "id" : 324955,
    "title" : "Vangelis – Eureka (Live at Rotterdam, 1991)",
    "overview" : "This comes from a rare DVD from the Eureka concert, performed by Vangelis at the docks in Rotterdam, the Netherlands, in 18th July 1991.  A floating stage was made for Vangelis with his synths and the choir, surrounded by Greek ornaments. Buildings and boats around were animated by projections of colors and lasera animation.  Unfortunately, this appears to be a “finger-sync” style performance. The way the video is edited, too, there frequently seems to be no connection between what Vangelis is doing and the music.  Jon Anderson appeared as guest for the track \"Italian Song\" and Markella Hatziano appeared for \"Glorianna\".",
    "genres" : [ {
      "id" : 10402,
      "name" : "Music"
    } ]
  }, {
    "id" : 324960,
    "title" : "München Mord - Wir sind die Neuen",
    "overview" : "",
    "genres" : [ {
      "id" : 10770,
      "name" : "TV Movie"
    }, {
      "id" : 80,
      "name" : "Crime"
    } ]
  }, {
    "id" : 324965,
    "title" : "Samson & Gert Deel 1",
    "overview" : "",
    "genres" : [ ]
  }, {
    "id" : 324970,
    "title" : "Samson & Gert Deel 3",
    "overview" : "",
    "genres" : [ ]
  }, {
    "id" : 324975,
    "title" : "Spiel im Morgengrauen",
    "overview" : "",
    "genres" : [ ]
  }, {
    "id" : 324980,
    "title" : "Samson & Gert Deel 5",
    "overview" : "",
    "genres" : [ ]
  }, {
    "id" : 324985,
    "title" : "12 Christmas Wishes for My Dog",
    "overview" : "A woman must set things right, when a mysterious lady named Noel grants her 12 wishes and they magically come true for Christmas.",
    "genres" : [ ]
  }, {
    "id" : 324990,
    "title" : "Scalped",
    "overview" : "When six raiders kill her husband, child and workers on her ranch, a white woman raised by the Commanche' claims an Indian blood rite.",
    "genres" : [ ]
  }, {
    "id" : 324995,
    "title" : "Samson & Gert Deel 11",
    "overview" : "",
    "genres" : [ ]
  }, {
    "id" : 325000,
    "title" : "Das Wunder von Leipzig - Wir sind das Volk",
    "overview" : "",
    "genres" : [ {
      "id" : 99,
      "name" : "Documentary"
    }, {
      "id" : 18,
      "name" : "Drama"
    } ]
  }, {
    "id" : 325005,
    "title" : "From the Reports of Security Guards & Patrol Services – Part One",
    "overview" : "A woman threatens to jump off a crane with her two young children in order to secure affordable housing. Won Golden Bear for Best Short at the 1985 International Film Festival Berlin.",
    "genres" : [ {
      "id" : 18,
      "name" : "Drama"
    } ]
  }, {
    "id" : 325010,
    "title" : "Chitrangada: The Crowning Wish",
    "overview" : "Rudra Chatterjee (Rituparno Ghosh), as a young man defied the social convention, and became a choreographer instead of an engineer. As he prepares with his team to stage Tagore's Chitrangada, he meets Partho (Jisshu Sengupta), who is a drug-addict percussionist introduced to the team by the main dancer Kasturi (Raima Sen). Soon, Rudra develops a chemistry with Partho and they are deep in a passionate love affair. During the course of their relationship, they decide to adopt a child. But there is one problem; same-sex couples are not permitted to adopt children. So Rudra decides to go through a gender change treatment to embrace the womanhood he longs for. But will this surgery change his life and fulfill all his long-cherished dreams? A 'film-within-film' only this time the film-within is Tagore's epochal epic Chitrangada - \"our identity is what we wish to be\".",
    "genres" : [ ]
  }, {
    "id" : 325015,
    "title" : "Sarah McLachlan : Fumbling Towards Ecstasy Live",
    "overview" : "Fumbling Towards Ecstasy was the first home video package from Sarah McLachlan, and is being re-issed in DVD format for the first time. This package is the complete uncut 90 minute Pay Per View TV Special that was aired across Canada and now includes a bonus photo gallery (featuring archival shots, some not widely circulated, as well as collected artwork from the Fumbling era (1994.) The DVD consists of live concert footage filmed in Spring'94 at L'Olympic Theatre in Montreal plus live-in-the studio sessions at Wild Sky Studio in Morin Heights, Quebec where Sarah recorded the Fumbling CD",
    "genres" : [ {
      "id" : 10402,
      "name" : "Music"
    } ]
  }, {
    "id" : 325020,
    "title" : "Better Than Andy - The Crazy Finn is Here",
    "overview" : "Mock -documentary about a Finnish contemporary artist who took the world by a storm.",
    "genres" : [ {
      "id" : 35,
      "name" : "Comedy"
    }, {
      "id" : 99,
      "name" : "Documentary"
    } ]
  }, {
    "id" : 325025,
    "title" : "WWE: The Best of RAW and Smackdown (2014): Vol. 2",
    "overview" : "WWE Superstars deliver 52 weeks of action per year on WWE's most exciting television shows – Raw and SmackDown. The Best of Raw &amp; SmackDown 2014 compiles the most thrilling matches and segments from the calendar year. Witness the epic rivalries, shocking moments, and all the biggest stars that captivated the WWE Universe in 2014. Volume Two features the \"Yes!\" Movement's takeover of Raw, a \"turning of the Paige\" in the Diva's division, the Shield bursting at the seams and much more!",
    "genres" : [ ]
  }, {
    "id" : 325035,
    "title" : "NJPW The New Beginning in Sendai",
    "overview" : "1. Satoshi Kojim &amp; Yohei Komatsu vs. Manabu Nakanishi &amp; Captain New Japan  2. Tiger Mask &amp; Jay White vs. Kyle O'Reilly &amp; Bobby Fish  3. Special Six Man Tag Match: Mascara Dorada, Alex Shelley &amp; KUSHIDA vs. Kenny Omega, Matt Jackson &amp; Nick Jackson  4. NWA World Jr. Heavyweight Title: Jushin Thunder Liger (c) vs. Chase Owens  5. NWA World Heavyweight Title: Rob Conway (c) vs. Hiroyoshi Tenzan  6. Special Tag Match: Tetsuya Naito &amp; Kota Ibushi vs. Kazushi Sakuraba &amp; Toru Yano  7. Special Tag Match: Kazuchika Okada &amp; YOSHI-HASHI vs. Bad Luck Fale &amp; Yujiro Takahashi  8. Special Six Man Tag Match: Hiroshi Tanahashi, Hirooki Goto &amp; Katsuyori Shibata vs. Karl Anderson, Doc Gallows &amp; Tama Tonga  9. NEVER Openweight Title: Tomoaki Honma vs. Tomohiro Ishii  10. IWGP Intercontinental Title: Shinsuke Nakamura (c) vs. Yuji Nagata",
    "genres" : [ ]
  }, {
    "id" : 325040,
    "title" : "He Who Rides a Tiger",
    "overview" : "Peter Rayston, has been in and out of prison most of his life. At 30, he is released for the eighth time, after serving a sentence for housebreaking. Immediately, he goes back to his old life, providing for his expensive tastes by executing a series of daring burglaries",
    "genres" : [ {
      "id" : 18,
      "name" : "Drama"
    }, {
      "id" : 80,
      "name" : "Crime"
    }, {
      "id" : 28,
      "name" : "Action"
    } ]
  }, {
    "id" : 325045,
    "title" : "L'amour aller-retour",
    "overview" : "",
    "genres" : [ {
      "id" : 35,
      "name" : "Comedy"
    }, {
      "id" : 10749,
      "name" : "Romance"
    } ]
  }, {
    "id" : 325050,
    "title" : "The hand of Masters",
    "overview" : "In the middle of a revolution, two young workers try to claim their existences…",
    "genres" : [ {
      "id" : 16,
      "name" : "Animation"
    } ]
  }, {
    "id" : 325060,
    "title" : "Portrait of Love",
    "overview" : "A prominent fashion photographer returns to her small town roots at the request of a friend. Surrounded by both memories and loved ones, she must consider a choice between a successful future and rekindling both the love of her life and of her home.",
    "genres" : [ {
      "id" : 10749,
      "name" : "Romance"
    }, {
      "id" : 10770,
      "name" : "TV Movie"
    } ]
  }, {
    "id" : 325065,
    "title" : "Samson & Gert Deel 18",
    "overview" : "",
    "genres" : [ ]
  }, {
    "id" : 325070,
    "title" : "Buurman & Buurman Deel 5",
    "overview" : "",
    "genres" : [ {
      "id" : 16,
      "name" : "Animation"
    } ]
  }, {
    "id" : 325075,
    "title" : "Buurman & Buurman Deel 8",
    "overview" : "",
    "genres" : [ {
      "id" : 16,
      "name" : "Animation"
    } ]
  }, {
    "id" : 325080,
    "title" : "Munya in Me",
    "overview" : "\"Munya in Me\" is a stop-motion animation about heavy ten-year-old Munya trying to avoid her bullies on her daily trip to the Turkish supermarket, mostly without success. Until one day she realizes that she shouldn't hide. She should show herself.",
    "genres" : [ {
      "id" : 16,
      "name" : "Animation"
    } ]
  }, {
    "id" : 325085,
    "title" : "The Video Yearmix 2013",
    "overview" : "",
    "genres" : [ {
      "id" : 10402,
      "name" : "Music"
    } ]
  }, {
    "id" : 325090,
    "title" : "Bheekara Nimishangal",
    "overview" : "Bheekara Nimishangal is a 1970 Indian Malayalam film, directed by M. Krishnan Nair and produced by P Arunachalam. The film stars Sathyan, Madhu, Sheela and Adoor Bhasi in lead roles. The film had musical score by MS Baburaj",
    "genres" : [ {
      "id" : 10749,
      "name" : "Romance"
    }, {
      "id" : 10751,
      "name" : "Family"
    }, {
      "id" : 18,
      "name" : "Drama"
    } ]
  }, {
    "id" : 325095,
    "title" : "Eradu Rekhegalu",
    "overview" : "Eradu Rekhegalu is a 1984 Indian Kannada language drama film directed by K. Balachander. The film stars Srinath, Geetha and Saritha in the lead roles. Produced by Chandulal Jain, the film is a remake of 1969 Tamil hit Iru Kodugal starring Gemini Ganesan, Sowcar Janaki and Jayanthi. The music is composed by M. S. Viswanathan. The story revolves around a man who circumstantially gets to marry two women and undergoes emotional roller-coaster. The film was made in Telugu as Collector Janaki and in Hindi as Sanjog.",
    "genres" : [ {
      "id" : 10749,
      "name" : "Romance"
    }, {
      "id" : 10751,
      "name" : "Family"
    }, {
      "id" : 18,
      "name" : "Drama"
    } ]
  }, {
    "id" : 325100,
    "title" : "Zombies on Budget",
    "overview" : "An awesome party in Berkshire turns into a zombie hell that young teenagers Elliot and Alex need to escape... Whilst saving their friends!",
    "genres" : [ ]
  }, {
    "id" : 325105,
    "title" : "Brightness",
    "overview" : "Wes and Nick are two small time crooks facing the end of their lives. When they get a second chance from the mysterious Mr. Bix, time, space and reality seem to shift as they try and make amends.",
    "genres" : [ ]
  }, {
    "id" : 325110,
    "title" : "Bark Ranger",
    "overview" : "Two kids and their trusty dog, Barkley (Jon Lovitz), stumble across a treasure map while playing in an abandoned ranger station. They set out on the adventure of a lifetime in search of a forgotten gold mine, but things take a turn for the worst when they come across a pair of bumbling crooks hiding out from the police.",
    "genres" : [ {
      "id" : 35,
      "name" : "Comedy"
    }, {
      "id" : 10751,
      "name" : "Family"
    } ]
  }, {
    "id" : 325115,
    "title" : "München Mord - Die Hölle bin ich",
    "overview" : "",
    "genres" : [ ]
  }, {
    "id" : 325120,
    "title" : "Office Ninja",
    "overview" : "Tomas, a disenchanted office worker, after finding out that the office jerk Jett has stolen his work as well as his coveted promotion, swears vengeance and follows the ways of the ninja in his quest to regain his honor and find the evidence that will end Jett's reign of office tyranny.",
    "genres" : [ ]
  }, {
    "id" : 325125,
    "title" : "Gates of the Sun",
    "overview" : "An Algerian secret agent has to destroy an undercover paramilitary organization that plans to strike against the country and its people.",
    "genres" : [ {
      "id" : 28,
      "name" : "Action"
    } ]
  }, {
    "id" : 325130,
    "title" : "The General of the Dead Army",
    "overview" : "In the early 1960s, nearly 20 years since the Second World War ended, an Italian general, accompanied by a priest who is also an Italian army colonel, is sent to Albania to locate and collect the bones of his countrymen who had died during the war and return them for burial in Italy. As they go deeper into the Albanian countryside they find they are being followed by another general who is looking for the bodies of German soldiers killed in World War II.",
    "genres" : [ {
      "id" : 18,
      "name" : "Drama"
    } ]
  }, {
    "id" : 325135,
    "title" : "Everything is Forever",
    "overview" : "Documentary - Nenad Bach was a rock star in Croatia, in 1984 he made the decision to expatriate in order to follow his dream of finding a U.S. market for his music. EVERYTHING IS FOREVER, delves deep into the soul of an artist, who has some unfinished business. -  Nenad Bach, Michael O'Keefe",
    "genres" : [ ]
  }, {
    "id" : 325140,
    "title" : "Hum To Mohabbat Karega",
    "overview" : "Raju, a waiter, is in love with the famous TV reporter Greeta Kapoor. After a man is murdered, Kapoor shows up at Raju's door to ask him some questions - it turns out that Raju served the dead man his last supper, and the authorities hope that he might be able to help them. Raju lies and says that he was an eye witness, in order to spend more time with Kapoor. He gives the police a false description of the killer, but it matches his best friend Kutti, so soon Kutti is wanted by the police, and the Mafia, who is responsible for the killing, is after Raju.",
    "genres" : [ ]
  }, {
    "id" : 325145,
    "title" : "Polis",
    "overview" : "Set in the distant future, POLIS is a sci-fi thriller about David Porter, a young telepath whose search for his mother threatens to uncover a utopian society's horrifying secrets.",
    "genres" : [ {
      "id" : 878,
      "name" : "Science Fiction"
    } ]
  }, {
    "id" : 325150,
    "title" : "Housebound",
    "overview" : "Remake of 2014's well received New Zealand Horror Comedy about a young woman sentenced to home detention, in a home that may be haunted.",
    "genres" : [ ]
  }, {
    "id" : 325155,
    "title" : "Nachtdienst",
    "overview" : "",
    "genres" : [ ]
  }, {
    "id" : 325160,
    "title" : "F(l)ag Football",
    "overview" : "Three teams and their journey to become the next Gay Bowl Champions. With everything on the line, some teams will come together and others will fall apart, but gay sports will never be seen the same way again.",
    "genres" : [ {
      "id" : 99,
      "name" : "Documentary"
    } ]
  }, {
    "id" : 325165,
    "title" : "Midnight Son",
    "overview" : "Midnight Son revolves around a mild-mannered professor, Edward (Jack Mulcahy), as he leaves his wife, Rita (Leo), one night to meet a stranger from an Internet chat room. It is only during his journey that we begin to discover the real reason for the disintegration of Edward and Rita’s marriage.",
    "genres" : [ {
      "id" : 53,
      "name" : "Thriller"
    }, {
      "id" : 18,
      "name" : "Drama"
    } ]
  }, {
    "id" : 325170,
    "title" : "Sally: Behind the Smile",
    "overview" : "Sally: Behind the Smile gives a fly-on-the-wall insight into one of Australia's most beloved athletes as she attempts to overcome some of the biggest hurdles of her burgeoning career in pursuit of that all-encompassing goal, a surfing world title. A Red Bull Media House production realized by Milkmoney, Sally: Behind the Smile is a definitive compilation of all things Sally Fitzgibbons that every aspiring and professional athlete can take something away from.",
    "genres" : [ {
      "id" : 99,
      "name" : "Documentary"
    } ]
  }, {
    "id" : 325175,
    "title" : "M.I.S",
    "overview" : "AFRICA is about to collapse. The future is not good. Call it ‘DOOMSDAY’ or whatever. The Examination council is in deep trouble. This is due to the fact that JESSICA, a smugglers daughter and non performing student of M.I.S has discovered a new pen which she believes will end the misery of every student in AFRICA, the I-PEN she calls it.  With her new discovery, she consciously decides to destroy AFRICA, with GHANA as her starting point. Supported by her heartless friends: The TWIN DONS, BONGO, SLEEP O’CLOCK &amp; GURL, will she be able to carry out this DIABOLIC AGENDA? Especially at a time CLARA (JESSICA’s classmate) and the SCHOOL's AUTHORITY have decided to clamp down on students who desire to CHEAT in exams. M.I.S obviously has the answer.",
    "genres" : [ {
      "id" : 28,
      "name" : "Action"
    }, {
      "id" : 14,
      "name" : "Fantasy"
    }, {
      "id" : 878,
      "name" : "Science Fiction"
    } ]
  }, {
    "id" : 325180,
    "title" : "D-Day Remembered",
    "overview" : "An award-winning documentary of the invasion of Normandy in World War II, using rare archival films and pictures from British, American, and German archives. The narrator provides the overall continuity, but the voices of over 50 participants who were involved in the staging of the invasion in Britain or were on the beaches of France bring the images to life.",
    "genres" : [ ]
  }, {
    "id" : 325190,
    "title" : "Adventure of Shaolin",
    "overview" : "Shaolin and Wu Tang join forces to combat the evil White-Haired Priest using the five elements of kung fu. From this emerges what will become the style known as Tai Chi Chuan from its founder, Chang Shen Fong. See real training, such as the hall of wooden men. Witness the united strength of the Shaolin Monks as they help Chang Shen Fong against White-Haired Priest. See the Three Snake Fists, Black Palm Poison, and other styles for the first time! Jewels from the Wu.",
    "genres" : [ {
      "id" : 28,
      "name" : "Action"
    } ]
  }, {
    "id" : 325195,
    "title" : "The Seven Wonders of the World",
    "overview" : "Noted scholar John Romer takes us on a tour of the seven wonders of the ancient world. This program presents the stories of the works of architecture regarded by the Greeks and Romans as the most extraordinary structures of antiquity: the Hanging Gardens of Babylon, The Statute Of Zeus, the Temple of Artemis, the Mausoleum of Halicarnassus, the Pharos of Alexandria and the Pyramids of Egypt and more.",
    "genres" : [ {
      "id" : 99,
      "name" : "Documentary"
    } ]
  }, {
    "id" : 325200,
    "title" : "Nagaravaridhi Naduvil Njan",
    "overview" : "Venu is the victim of his family’s treachery. They put a spoke in the wheel when he tries to sell his property to finance his daughter’s MBBS admission. It is the story of a father's struggle to fight against all odds to fulfil his daughter’s dream.",
    "genres" : [ {
      "id" : 18,
      "name" : "Drama"
    } ]
  }, {
    "id" : 325205,
    "title" : "Other Girls",
    "overview" : "Other Girls tells the story of four young girls nearing graduation, all of them struggling with various issues.",
    "genres" : [ {
      "id" : 18,
      "name" : "Drama"
    } ]
  }, {
    "id" : 325220,
    "title" : "Assassinista",
    "overview" : "Jaci v. Solitaire",
    "genres" : [ {
      "id" : 28,
      "name" : "Action"
    }, {
      "id" : 18,
      "name" : "Drama"
    } ]
  }, {
    "id" : 325230,
    "title" : "Paradise City",
    "overview" : "Larry and Annie, a married couple find themselves in the toughest of times. After losing his job, Larry finds himself struggling to support his family and must move in with his arrogant brother, in addition to working in his firm! Before they head to his place the couple spends a night at a bed and breakfast called Paradise City, but it’s really a colony of nudists, free love and lots of sex! The couple witnesses a lovemaking extravaganza, but drive off the next day. Reality sets in for the couple, Larry’s brother is a jerk that bangs his mistress during the day, and his wife is a drunk. They race back to Paradise City and are welcomed back with open arms. To celebrate their return, the community starts a group orgy that allows them to release their frustration and sexual inhibitions. This new lifestyle might be the best thing to happen to them!",
    "genres" : [ ]
  }, {
    "id" : 325235,
    "title" : "La Magie Karel Zeman",
    "overview" : "",
    "genres" : [ ]
  }, {
    "id" : 325240,
    "title" : "Something for a Lonely Man",
    "overview" : "The blacksmith of a small western town finds himself an outcast. He had led the townspeople west in hopes of starting a new life, only to find the town that they founded is to be bypassed by the railroad.",
    "genres" : [ {
      "id" : 10770,
      "name" : "TV Movie"
    }, {
      "id" : 37,
      "name" : "Western"
    } ]
  }, {
    "id" : 325245,
    "title" : "PWG: Untitled (The Debut Show)",
    "overview" : "1. Supa Badd, Charles Mercury, &amp; Sara Del Rey vs. Ryan Drago, Top Gun Talwar, &amp; Zokre  2. \"Photogenic\" Chris Bosh vs. Excalibur  3. The Ballard Brothers (Shane &amp; Shannon Ballard) vs. Aerial Xpress (Quicksilver &amp; Scorpio Sky)  4. MDogg 20 vs. Super Dragon  5. Babi Slymm vs. TARO  6. Hook Bomberry &amp; Apollo Kahn vs. Disco Machine &amp; Mr. Excitement  7. Hardkore, Inc. (Al Katrazz &amp; Hardkore Kidd &amp; \"Scrap Iron\" Adam Pearce) vs. The X-Foundation (\"Funky\" Billy Kim, Scott Lost, &amp; Joey Ryan)  8. \"The Future\" Frankie Kazarian vs. AJ Styles",
    "genres" : [ ]
  }, {
    "id" : 325250,
    "title" : "GI Joe: The Story of America's Movable Fighting Man",
    "overview" : "Watch the history of the GI Joe Action figure unfold in this two hour documentary, with the story told by the original Hasbro creative team. Memorable Hasbro television commercials spanning four decades take you back through the 60's, 70's, 80’s and 90's as GI Joe was brought into our living rooms. Also included is the original marketing film used to present the concept of GI Joe to the 1964 International Toy Fair.",
    "genres" : [ {
      "id" : 99,
      "name" : "Documentary"
    } ]
  }, {
    "id" : 325255,
    "title" : "Leeds United",
    "overview" : "The true story of a strike in 1970 by female textile-factory workers in Leeds who wanted to be paid the same as their male colleagues, but whose efforts were undermined by the trade union that they belonged to.",
    "genres" : [ {
      "id" : 10770,
      "name" : "TV Movie"
    }, {
      "id" : 18,
      "name" : "Drama"
    } ]
  }, {
    "id" : 325260,
    "title" : "Designers Inbetween",
    "overview" : "A documentary film about designers who turn their dream into a business in Hong Kong. Designers Inbetween is a documentary revealing Hong Kong's creative industry through the lens of a range of start ups to industry's leading professionals. It is and introduction to what lies in the near future for creatives; rather than working in-house, creating micro brands and working as an independent consultant.",
    "genres" : [ ]
  }, {
    "id" : 325265,
    "title" : "American Suburbia Our Communities",
    "overview" : "The 1940s and '50s were an age of transition for American suburbs. This Video encapsulates the essence of this period. It begins with a tour of New York 's streets as they were in 1941, peeps at the activities that go on round the clock in the city, captures the joys of people beginning to learn the use of 'modern' gadgetry like the deep freeze and finally takes you on a sightseeing trip to the neighborhood shopping malls. A wonderful viewing experience for all those who wish to see the American suburbs as they were in '40s and '50s.",
    "genres" : [ ]
  }, {
    "id" : 325270,
    "title" : "Moving Stories",
    "overview" : "The story of two women linked by an apartment from which one is moving out the other in. For the first one this is a definitive move and the closing of a chapter, while for the second it is just a stage, and the start of a new life.",
    "genres" : [ ]
  }, {
    "id" : 325280,
    "title" : "Historic Travel US Arteries Of New York",
    "overview" : "The rapid urbanization and population explosion witnessed in New Yorkin the early part of the 20th century called for speedy innovations in transport systems. With most of the businesses located in Manhattan, people were faced with the challenge of covering vast distances between their suburban homes and the business districts in as short a time span as possible.Innovations in transportation brought new bridges, trolley lines, elevated railroads, and subway lines that extended farther and farther into the heart of the city. This DVD provides a rare insight into the intricate transport system of New York City and explains how this massive network of roads and underground functions.",
    "genres" : [ ]
  }, {
    "id" : 325285,
    "title" : "Historic Travel US New York The Evolution Of A Metropolis",
    "overview" : "Driven by circumstances-war in Europe, famines and poverty in the orient-and by the lure of opulence, immigrants from around the globe flocked to the United States in ships of all descriptions and landed, for most part, in the emerging metropolis that was renamed New York by the British and quickly dubbed Gateway to the New World by one and all. A2zcds presents a comprehensive overview of the history, commerce, trade and traditions that have made New York one of the most endearing cities in the country.",
    "genres" : [ ]
  }, {
    "id" : 325290,
    "title" : "History Of World War II Combat America",
    "overview" : "With a wingspan of over 103 feet and weighing a mind-boggling 55,000 pounds at takeoff, the four engine B-17 Flying Fortress was one of the most popular warplanes ever built. The Flying Fortress first flew on July 28, 1935. Few B-17s were in service at the end of 1941, but by May 1945 an amazing 12,726 B-17s had rolled out of the factories. With a maximum speed of 300 mph and an astounding range of 1850 miles, the Flying Fortress struck terror in the hearts of Germans whenever it took to the skies. Come fly with the daring men of the United States Army Air force in their matchless bombers. Join the action high over enemy territory. Witness the heartbreaking moments when comrades sacrifice their lives for the country.",
    "genres" : [ ]
  }, {
    "id" : 325295,
    "title" : "Big Box Blues",
    "overview" : "A laugh out loud look at shopping your favorite big box store by disgustingly funny stand-up comedian Jeffrey Allen.",
    "genres" : [ ]
  }, {
    "id" : 325300,
    "title" : "These Blazeing Starrs!",
    "overview" : "Since comets have been recorded, they’ve augured disaster: catastrophe, messiahs, upheaval and end times. A short film about these meteoric ice-cored fireballs and their historic ties to divination that combines imagery of 15th-18th century European broadsides with NASA Jet Propulsion Laboratory footage.  …These Blazeing Starrs! juxtaposes a modern empirical desire to probe and measure against older methods, when star gazers were translators, explicating the sky more intuitively for predictions of human folly. Comets are now understood as time capsules harboring elemental information about the formation of our solar system. Today we smash rockets into them to read spectral signatures. In a sense, they remain oracles - it’s just the manner of divining which has changed.",
    "genres" : [ ]
  }, {
    "id" : 325305,
    "title" : "Historic Travel US Exploring The Wild West",
    "overview" : "What nature held back in terms of fertility from the state of Utah, it more than compensated for by endowing this desert state with abundant and mesmerizing natural beauty. One only has to visit the enchanting Bryce Canyon National Park to get a glimpse of the magnificence of the state. The absorbing films that make up this Video carry an undeniable charm. Seldom is the mesmerizing beauty of Utah's desert highlighted as emphatically as you will witness on this unique Video.",
    "genres" : [ ]
  }, {
    "id" : 325310,
    "title" : "My Baby Angel",
    "overview" : "In My Baby Angel, a kind-hearted woman adopts a chubby little angel who has fallen from the sky, but her effort to reform his diet and get him airborne again are, luckily for us, frustrated by the cherub's sweet tooth.",
    "genres" : [ ]
  }, {
    "id" : 325315,
    "title" : "Superman Super Villains: Brainiac",
    "overview" : "This collection of three episodes from the animated Superman series focuses on his nemesis Brainiac. Superman Super-Villains: Brainiac movie Included are the installments STOLEN MEMORIES, KNIGHT TIME, and NEW KIDS IN TOWN.",
    "genres" : [ ]
  } ]
}