{
  "movies" : [ {
    "id" : 90040,
    "title" : "The Frogs Who Wanted a King",
    "overview" : "The frogs have a democracy, but they beseech Jupiter to send them a king. Jupiter can hardly believe this amphibian foolishness, so he sends them a tree as king. The frogs make obeisance to their new monarch, but they are dissatisfied and petition Jupiter again.",
    "genres" : [ {
      "id" : 14,
      "name" : "Fantasy"
    }, {
      "id" : 16,
      "name" : "Animation"
    } ]
  }, {
    "id" : 90045,
    "title" : "The Insects' Christmas",
    "overview" : "A Father Christmas ornament climbs down from a decorated tree, and goes to the forest. There he creates and decorates a Christmas tree for the forest creatures. He then invites all the insects, along with a friendly frog, to come and enjoy the gifts he has prepared, and to celebrate Christmas.",
    "genres" : [ {
      "id" : 16,
      "name" : "Animation"
    }, {
      "id" : 14,
      "name" : "Fantasy"
    } ]
  }, {
    "id" : 90055,
    "title" : "Дарю тебе звезду",
    "overview" : "No overview found.",
    "genres" : [ {
      "id" : 16,
      "name" : "Animation"
    } ]
  }, {
    "id" : 90075,
    "title" : "If...",
    "overview" : "No overview found.",
    "genres" : [ {
      "id" : 16,
      "name" : "Animation"
    } ]
  }, {
    "id" : 90080,
    "title" : "Delinquent Daughters",
    "overview" : "A town is shocked when a high school girl commits suicide. A reporter and a cop team up to investigate and find out exactly what is going on among the youth of the town.",
    "genres" : [ {
      "id" : 80,
      "name" : "Crime"
    }, {
      "id" : 18,
      "name" : "Drama"
    } ]
  }, {
    "id" : 90085,
    "title" : "Taking Flight: Part 2",
    "overview" : "Taking Flight is the two-part adventure following the sexual exploits of a flight crew and their passengers on the plane and around London.  Part 2 begins right where Part 1 left off...and the flight-plan is filled with more erotic stopovers.",
    "genres" : [ ]
  }, {
    "id" : 90095,
    "title" : "Book of Numbers",
    "overview" : "Two waiters in Depression-era Arkansas get involved in the numbers racket.",
    "genres" : [ {
      "id" : 80,
      "name" : "Crime"
    }, {
      "id" : 18,
      "name" : "Drama"
    } ]
  }, {
    "id" : 90100,
    "title" : "Emergency Squad",
    "overview" : "A ruthless Interpol agent goes after the man who killed his wife in Stelvio Massi's crime thriller. A gutsy robber named Marseilles (Gastone Moschin) pulls off a tricky heist, but he's no match for agent Ravelli (Tomas Milian), a maverick who can't control his bloodlust. And this time, it's personal: Years earlier, the daring thief murdered the operative's wife in cold blood.",
    "genres" : [ {
      "id" : 28,
      "name" : "Action"
    }, {
      "id" : 53,
      "name" : "Thriller"
    }, {
      "id" : 10769,
      "name" : "Foreign"
    } ]
  }, {
    "id" : 90105,
    "title" : "Belcebu",
    "overview" : "",
    "genres" : [ ]
  }, {
    "id" : 90110,
    "title" : "Down and Dirty Duck",
    "overview" : "Willard, a mild mannered insurance adjuster, teams up with a foul-mouthed fowl who takes Willard on a surreal quest to become less uptight - and possibly get laid in the process.",
    "genres" : [ {
      "id" : 16,
      "name" : "Animation"
    }, {
      "id" : 35,
      "name" : "Comedy"
    } ]
  }, {
    "id" : 90115,
    "title" : "Emma Mae",
    "overview" : "A native young girl from the South moves in with her relatives in a Los Angeles ghetto. At first she is made fun of, but eventually she is accepted and plots to rob a bank to raise bail money for her new boyfriend, who is a jailed drug dealer.",
    "genres" : [ {
      "id" : 35,
      "name" : "Comedy"
    }, {
      "id" : 18,
      "name" : "Drama"
    }, {
      "id" : 10749,
      "name" : "Romance"
    } ]
  }, {
    "id" : 90120,
    "title" : "Horrorvision",
    "overview" : "The website \"horrorvision.com\" has a mysterious secret...anyone who logs onto it winds up dead. After Dez, a web programmer, logs in his girlfriend and others are attacked. Only Dez and a mysterious man named Bradbury can stop the ominous forces intent on ruling the cyber-world.",
    "genres" : [ ]
  }, {
    "id" : 90125,
    "title" : "Marley",
    "overview" : "Bob Marley's universal appeal, impact on music history and role as a social and political prophet is both unique and unparalleled. Directed by Academy Award-winning director Kevin Macdonald (The Last King of Scotland), MARLEY is the definitive life story of the musician, revolutionary, and legend, from his early days to his rise to international superstardom. Made with the support of the Marley family, the film features rare footage, incredible performances and revelatory interviews with the people that knew him best.",
    "genres" : [ {
      "id" : 99,
      "name" : "Documentary"
    } ]
  }, {
    "id" : 90130,
    "title" : "The Door",
    "overview" : "This is a story of a special relationship between two women, a writer and her maid.",
    "genres" : [ {
      "id" : 18,
      "name" : "Drama"
    } ]
  }, {
    "id" : 90135,
    "title" : "The Shop at Sly Corner",
    "overview" : "The French owner of an antique shop, Desius Heiss, (Oskar Homolka) has become disillusioned with society since his torture as a prisoner on Devil's island, since when he has allowed his shop to become a front for criminal activity, and he himself is a receiver of stolen goods.",
    "genres" : [ {
      "id" : 18,
      "name" : "Drama"
    } ]
  }, {
    "id" : 90140,
    "title" : "Bolts & Blip Robot Warriors",
    "overview" : "It's the year 2080 and thanks to genius scientist Dr. Tommy, Earth is at peace. He created the Moon C.R.A.T.E.R. Project, the wackiest intergalactic sports circuit, where two opposing Robot armies battle it out to settle Earth's disputes using the deadliest weapon known: water!  Bolts and Blip, Central City's misfits, are accidently recruited as members of the Lunar Leagues last placed team - The Thunderbolts! They find themselves catapulted into a series of hilarious lunar battles and soon discover that all is not what it seems.  In the next instalment of BOLTS &amp; BLIP, the Thunderbolts fall under the spell of a mysterious \"Black Box\", a strange invader crash lands on the moon and threatens to destroy Lunar City and Saedee finds herself replaced as team captain, by a mysterious prototype \"Saedee-34\".",
    "genres" : [ ]
  }, {
    "id" : 90170,
    "title" : "Filth to Ashes, Flesh to Dust",
    "overview" : "Purge: To put to death, eliminate what is undesirable. The serial killer known as Purge lived and died by this code. But is he dead? Driving home from a road trip, ERIC and SHELLY take a back road to avoid a traffic jam. They encounter the serial killer Purge. Eric survives but Shelly is murdered. A year later, a group of adventure-seeking high school grads venture to purge's lair. Among them is Eric's brother JUAN. Eric sets out to save his brother, and get revenge on Purge. For the six teens, their imperfections will be the deciding factor if Purge shows them mercy. But if everyone is imperfect, will any of them survive? Written by Armont Casalle",
    "genres" : [ {
      "id" : 27,
      "name" : "Horror"
    } ]
  }, {
    "id" : 90175,
    "title" : "Bi the Way",
    "overview" : "This documentary explores the bisexual youth subculture in mid-00's America.",
    "genres" : [ {
      "id" : 99,
      "name" : "Documentary"
    }, {
      "id" : 10749,
      "name" : "Romance"
    } ]
  }, {
    "id" : 90180,
    "title" : "Glory Glory",
    "overview" : "A gang of women wreak vengeance upon the society that failed them.",
    "genres" : [ {
      "id" : 37,
      "name" : "Western"
    }, {
      "id" : 18,
      "name" : "Drama"
    }, {
      "id" : 28,
      "name" : "Action"
    } ]
  }, {
    "id" : 90195,
    "title" : "Best Uff L'Art Pour L'Art",
    "overview" : "The Society of the show with the audience wishes to obey. Takes the stage scenes, songs, which in the past 18 years, the fans demanded from them again and again. Those in the creative art workshop l'nearly two decades of television and stage work of the stand out by their success, and are almost regarded as classics of the Hungarian absurd.",
    "genres" : [ {
      "id" : 35,
      "name" : "Comedy"
    }, {
      "id" : 10769,
      "name" : "Foreign"
    } ]
  }, {
    "id" : 90205,
    "title" : "Romeo and Juliet: Shakespeare's Globe Theatre",
    "overview" : "Dominic Dromgoole’s production brings refreshing clarity to one of Shakespeare’s most famous and best-loved tragedies, drawing out the contemporary relevance of this passionate teenage love story. Ellie Kendrick, a truly youthful Juliet, and Adetomiwa Edun, a boyish Romeo, head an excellent cast whose period costumes point to the timelessness of parental disapproval, adolescent temperament, rivalry and violence. Filmed before a live audience at Shakespeare’s Globe in the heart of London, its intimate and atmospheric setting adds immediacy and vitality to the humour and passion of Shakespeare’s verse. Filmed in High Definition and true surround sound.",
    "genres" : [ {
      "id" : 18,
      "name" : "Drama"
    }, {
      "id" : 10749,
      "name" : "Romance"
    } ]
  }, {
    "id" : 90225,
    "title" : "Before I'm 21 2",
    "overview" : "The real place to hook up with horny curious teen girls is on the Internet. Watch these girls get so excited chatting to their mystery man until they finally take the plunge and do the real-life hookup! The excitement makes them fuck harder and nastier than ever before in their teenage life!",
    "genres" : [ ]
  }, {
    "id" : 90230,
    "title" : "Big Tits In Uniform 5",
    "overview" : "",
    "genres" : [ {
      "id" : 14,
      "name" : "Fantasy"
    } ]
  }, {
    "id" : 90235,
    "title" : "Like Sister Like Slut",
    "overview" : "Sexy, seductive Riley Steele sucks down juicy pussy as hungrily as she pumps hard on thick cocks. She and her naughty little sister and horny girlfriends Breanne Benson, Brooke Haven, Jennifer White and Kortney Kane slide down thick poles and gulp down creamy eruptions from the hung studs who come over for wild playtime like Mick Blue, Manuel Ferrara, Marcus London, Scott Nails and Tommy Gunn. Sneak in t! heir window for blazing hot, lusty sex action and wild nights of sister swapping.",
    "genres" : [ {
      "id" : 10749,
      "name" : "Romance"
    } ]
  }, {
    "id" : 90245,
    "title" : "Jesse Jane: Fuck Fantasy",
    "overview" : "Digital Playground's Jesse Jane: Fuck Fantasy is an ultra-horny, wall-to-wall sex montage. Each fantastic scene depicts a tangible, true to life fantasy with amazing heat and production value. Contract superstar Jesse Jane is at her best, she delivers raw passion and intense sexual charisma in all of her playful roles. Director Robby D. casts an outstanding selection of A-list talent in three-ways, anals and straight boy/girl scenes, all woven together by a thread of believable imagination. Also featuring Shay Jorda, Rebeca Linares, Nautica Thorn, Lacey Maguire and Britney Stevens. Jesse Jane: Fuck Fantasy is a MUST HAVE movie.",
    "genres" : [ ]
  }, {
    "id" : 90255,
    "title" : "Jesse Jane: Watching You Episode 3",
    "overview" : "Seductress Jesse Jane sizzles with desire as a woman on the verge of marriage haunted by a mysterious engagement gift. Overcome by explicit visions of naughty past affairs and the erotic desires of potential new lovers her life is thrown into perverted chaos. Love lust and a desperate need to know what sexual illusions are real and which are fantasy leads her into a delicious and wild explanation of lewd behavior and orgasmic acts.",
    "genres" : [ ]
  }, {
    "id" : 90265,
    "title" : "Khalif The Stork",
    "overview" : "No overview found.",
    "genres" : [ {
      "id" : 16,
      "name" : "Animation"
    }, {
      "id" : 14,
      "name" : "Fantasy"
    } ]
  }, {
    "id" : 90270,
    "title" : "Bye Bye, Red Riding Hood",
    "overview" : "Fanny lives in the forest with her meteorologist mother. One day on her way across the forest to visit her grandmother and great grandmother, she has three encounters that will change her life forever: an apparently kind and gentle wolf, a city boy and an ornithologist who bears a striking resemblance to the father who long ago abandoned her and her mother.",
    "genres" : [ {
      "id" : 10751,
      "name" : "Family"
    }, {
      "id" : 14,
      "name" : "Fantasy"
    } ]
  }, {
    "id" : 90295,
    "title" : "Don de Dios",
    "overview" : "Tepito is a neighborhood of Mexico City, where the dreams of many destitute people become real. But Tepito is also run by organized crime and corrupt politicians, impunity reigns and justice is non- existent. Here will take place the story of two foolishly proud young men, who were once best childhood friends, and now are blinded by greed and turn against each other. Their intentions are to destroy their families and eventually their own lives.",
    "genres" : [ {
      "id" : 18,
      "name" : "Drama"
    } ]
  }, {
    "id" : 90310,
    "title" : "Mistress of Souls",
    "overview" : "The valuable secret contained in a lost formula pits a beautiful woman against a seemingly unconquerable force. But can she save herself or lose her very soul?",
    "genres" : [ {
      "id" : 18,
      "name" : "Drama"
    } ]
  }, {
    "id" : 90315,
    "title" : "Beast of Blood",
    "overview" : "A mad scientist creates a monster, but after its head is cut off, he keeps it alive in a serum he has invented.",
    "genres" : [ {
      "id" : 12,
      "name" : "Adventure"
    }, {
      "id" : 27,
      "name" : "Horror"
    } ]
  }, {
    "id" : 90320,
    "title" : "Go There, Don't Know Where",
    "overview" : "No overview found.",
    "genres" : [ {
      "id" : 16,
      "name" : "Animation"
    }, {
      "id" : 10751,
      "name" : "Family"
    } ]
  }, {
    "id" : 90325,
    "title" : "The Tale of the Priest and of His Workman Balda",
    "overview" : "A popular Soviet cartoon based on the classic fairy tale The Tale of the Priest and of his Workman Balda. The film is notable for its songs performed by one single actor Oleg Anfroiev using different voices.",
    "genres" : [ {
      "id" : 16,
      "name" : "Animation"
    } ]
  }, {
    "id" : 90335,
    "title" : "Fearless Fighters",
    "overview" : "When To Pa, a member of the prestigious Eagle Claw Clan, commands his followers to carry out a mutinous robbery against the Almighty Imperial Lightning Whip, the victim's children are shaken by his disloyalty. With the help of one of To Pa's former minions, who's grown disillusioned with his leader's unconscionable actions, they organize a battle to avenge their father.",
    "genres" : [ {
      "id" : 28,
      "name" : "Action"
    }, {
      "id" : 10769,
      "name" : "Foreign"
    } ]
  }, {
    "id" : 90350,
    "title" : "Fluctuations",
    "overview" : "A bizarre don't-even-try-to-make-sense-of-it bombardment of sexual imagery that plays like stream of consciousness from a degenerate: threesomes, foursomes, lesbians, bondage, hair-whipping (!) and, believe it or not, even kung-fu. Avant-garde masterpiece or pure gutter trash? Perhaps both.",
    "genres" : [ {
      "id" : 14,
      "name" : "Fantasy"
    } ]
  }, {
    "id" : 90355,
    "title" : "The Gardener",
    "overview" : "Carl the Gardner grows odd plants for a rich Yankee woman Ellen Bennett living in South America while exercising a mental hold over her. All his previous employers died mysteriously.",
    "genres" : [ {
      "id" : 27,
      "name" : "Horror"
    } ]
  }, {
    "id" : 90360,
    "title" : "Dracula (The Dirty Old Man)",
    "overview" : "Dracula enslaves Dr. Irving Jekyll, turning him into the lycanthropic JackalMan, demanding that he lure female blood donors to his L.A. cabin retreat.",
    "genres" : [ {
      "id" : 35,
      "name" : "Comedy"
    }, {
      "id" : 27,
      "name" : "Horror"
    } ]
  }, {
    "id" : 90370,
    "title" : "Volunteers for an Unknown Destination",
    "overview" : "",
    "genres" : [ ]
  }, {
    "id" : 90395,
    "title" : "Just Imagine",
    "overview" : "New York, 1980: airplanes have replaced cars, numbers have replaced names, pills have replaced food, government-arranged marriages have replaced love, and test tube babies have replaced ... well, you get the idea. Scientists revive a man struck by lightning in 1930; he is rechristened \"Single O\". He is befriended by J-21, who can't marry the girl of his dreams because he isn't \"distinguished\" enough -- until he is chosen for a 4-month expedition to Mars by a renegade scientist. The Mars J-21, his friend, and stowaway Single O visit is full of scantily clad women doing Busby Berkeley-style dance numbers and worshiping a fat middle-aged man.",
    "genres" : [ {
      "id" : 35,
      "name" : "Comedy"
    }, {
      "id" : 14,
      "name" : "Fantasy"
    }, {
      "id" : 10402,
      "name" : "Music"
    }, {
      "id" : 878,
      "name" : "Science Fiction"
    } ]
  }, {
    "id" : 90410,
    "title" : "Mountain: Sea of Fire",
    "overview" : "Legendary rock group Mountain, featuring guitarist Leslie West and drummer Corky Laing, delivers its trademark power-trio sound big time on this stunning DVD. Meticulously recorded with 7 cameras in true DTS Surround Sound during the band’s 2002 concert tour, Sea of Fire includes everything a fan could want in this collector’s treasure recorded at the Mystic Theatre.",
    "genres" : [ ]
  }, {
    "id" : 90415,
    "title" : "Saxofone",
    "overview" : "",
    "genres" : [ {
      "id" : 35,
      "name" : "Comedy"
    } ]
  }, {
    "id" : 90420,
    "title" : "Vivace",
    "overview" : "A young couple, Pauline and Alex, moves from Paris to a quiet neighbourhood in the French countryside. Pauline loves to take care of her garden and the plants. She is also fascinated with her older neighbour Gilles who lives alone. They spend much time together and he helps her with her garden. Finally, he gives her a special plant from Brasil as a gift. The plant needs a lot of attention and is sensitive to the mood around it. As the plant grows, it takes up all of Paulines time which endangeres her relationship with Alex.",
    "genres" : [ {
      "id" : 53,
      "name" : "Thriller"
    }, {
      "id" : 14,
      "name" : "Fantasy"
    }, {
      "id" : 18,
      "name" : "Drama"
    } ]
  }, {
    "id" : 90430,
    "title" : "Fred",
    "overview" : "Fred (Vincent Lindon) is a former crane driver who was a victim of the closure of his factory. He takes care of the little boy of his girlfriend (Clotilde Courau), does the housework and sometimes goes to the job center but boredom is inescapable. One day, because he accepted to drive a truck for a friend to a warehouse, he's caught up in a vicious spiral that goes beyond him. It's all the more serious as shady men want to eliminate him an the police is on his back.",
    "genres" : [ ]
  }, {
    "id" : 90445,
    "title" : "The Mystery of the Moonlight Sonata",
    "overview" : "",
    "genres" : [ ]
  }, {
    "id" : 90450,
    "title" : "Dracula: Sovereign of the Damned",
    "overview" : "In contemporary Boston, Dracula gatecrashes a Satanic ritual and makes off with the intended sacrifice, Delores. Overcome with love for her, he's unable to drink her blood and instead settles down with her and fathers a child, Janus. But Dracula's enemies are massing against him - a team of vampire hunters, including the wheelchair-bound Hans Harker, crossbow wielding and new recruit Frank Drake, a descendant of Dracula, are closing in. And Dracula has been stripped of his vampire powers by Satan and he desperately needs another vampire to restore his powers so that he can both see off his pursuers and avenge the death of Janus at the hands of vengeful Satanists.",
    "genres" : [ {
      "id" : 10770,
      "name" : "TV Movie"
    }, {
      "id" : 16,
      "name" : "Animation"
    }, {
      "id" : 27,
      "name" : "Horror"
    } ]
  }, {
    "id" : 90460,
    "title" : "Whistling in the Dark",
    "overview" : "The operators of 'Silver Haven', a cultish group bilking gullible rich people out of money, is set to inherit a large sum after the deceased woman's heir also dies. Leader Joesph Jones decides to hurry the process along and kidnaps Wally Benton, his fiancé, and a friend, to further this goal. Wally, 'The Fox', is a radio sleuth who solves murders on the air. Jones wants him to devise a perfect murder, and isn't above killing others sloppily along the way to get his foolproof murder plot.",
    "genres" : [ {
      "id" : 35,
      "name" : "Comedy"
    }, {
      "id" : 9648,
      "name" : "Mystery"
    } ]
  }, {
    "id" : 90465,
    "title" : "Whistling in Brooklyn",
    "overview" : "Radio crime show host \"The Fox\" finds himself on the trail of a serial killer while a suspect himself.",
    "genres" : [ {
      "id" : 35,
      "name" : "Comedy"
    }, {
      "id" : 80,
      "name" : "Crime"
    }, {
      "id" : 9648,
      "name" : "Mystery"
    }, {
      "id" : 10749,
      "name" : "Romance"
    } ]
  }, {
    "id" : 90470,
    "title" : "Ilse DeLange: Live in Gelredome",
    "overview" : "On Saturday, March 26, 2011 Ilse DeLange  gave a radiant  phenomenal concert  witch was sold out at the Gelredome stadium in Arnhem.  With her ​​band she treated her fans to a veritable greatest hits show. Ilse visibly enjoyed this milestone in her career.",
    "genres" : [ {
      "id" : 10402,
      "name" : "Music"
    } ]
  }, {
    "id" : 90490,
    "title" : "Tripod: Pod August Night",
    "overview" : "Tripod: Pod August Night (commonly abbreviated PAN) is a DVD recording of the last performance of 'The Triumphant Return Of Pod August Nights' by the Australian comedy act Tripod. The performance occurred at the Northcote Social Club in Northcote, Victoria, on 25 August 2005.\r The DVD includes extras such as additional footage from the show under 'Melbourne Supplement', a documentary of Tripod's beginnings, a short sketch entitled 'A Pickpocket's Tale' and the filmclip of 'Gonna Make You Happy Tonight'.",
    "genres" : [ {
      "id" : 35,
      "name" : "Comedy"
    }, {
      "id" : 10402,
      "name" : "Music"
    } ]
  }, {
    "id" : 90500,
    "title" : "Awakening As One: The Quickening",
    "overview" : "All around the planet hundreds of millions of people are waiting for events to unfold in the year 2012, that they… believe will bring either the birth of a harmonious new reality… or ‘the end of the world. But what if those events were actually to take place THIS YEAR, in 2011?  In “Awakening As One’s” new film “The Quickening” we will explain why so many people have been experiencing the sensation that “Time is Speeding Up”; particularly since the Earthquake in Japan.  And we will also show how research indicates that this accelerated experience of reality could peak sometime around October 28th, 2011; culminating in a global experience of Unity Consciousness, which would then lead to the experience of a harmonious new way of being.  “The Quickening” will also take a look at the unfolding of current events and how they directly relate to Hopi and Mayan Prophecies, indicating that we are on the Cusp of Great Changes, which signify the shifting of the Age… and the Birth of a New World.",
    "genres" : [ {
      "id" : 99,
      "name" : "Documentary"
    } ]
  }, {
    "id" : 90505,
    "title" : "Soldier's Revenge",
    "overview" : "A marine returns to the States after having fought in Vietnam. Back home he is considered to be traitor.",
    "genres" : [ {
      "id" : 28,
      "name" : "Action"
    }, {
      "id" : 18,
      "name" : "Drama"
    }, {
      "id" : 10752,
      "name" : "War"
    } ]
  }, {
    "id" : 90525,
    "title" : "Papa Roach: Live & Murderous in Chicago",
    "overview" : "Papa Roach: Live &amp; Murderous in Chicago is the first DVD by Californian rock band Papa Roach. It was released in the United States on November 22, 2005 and features the band performing live at The Vic Theatre in Chicago, Illinois. Extras include all of the band's music videos from their career to date, a photo gallery, and a hidden easter egg.",
    "genres" : [ ]
  }, {
    "id" : 90530,
    "title" : "Jester Till",
    "overview" : "One of Europe's most beloved folk tale hero, Jester Till is the ultimate prankster embodying the simple wisdom and earthy humor of medieval European peasant folk. In this adventure tale, Till is on his way to the city to visit his grandfather, the slightly absent-minded wizard Marcus. The old man are brewing up a magical happiness potion he feels the townsfolk need. The potion however is tampered with and Marcus vanishes in a horrendous explosion. Till embarks on an adventurous quest to find him.",
    "genres" : [ {
      "id" : 16,
      "name" : "Animation"
    }, {
      "id" : 10751,
      "name" : "Family"
    }, {
      "id" : 10769,
      "name" : "Foreign"
    } ]
  }, {
    "id" : 90535,
    "title" : "Происхождение вида",
    "overview" : "No overview found.",
    "genres" : [ ]
  }, {
    "id" : 90540,
    "title" : "The Price of Power",
    "overview" : "The Pinkerton detective agency uncovers a plot to assassinate President James Garfield in 1881 Texas. The film, a \"political\" Spaghetti, is a very overt mirroring of the JFK Assassination in 1963.",
    "genres" : [ {
      "id" : 37,
      "name" : "Western"
    } ]
  }, {
    "id" : 90550,
    "title" : "Attention! Wolves!",
    "overview" : "No overview found.",
    "genres" : [ {
      "id" : 16,
      "name" : "Animation"
    } ]
  }, {
    "id" : 90555,
    "title" : "White Nightmare",
    "overview" : "Four racists plan to assault a local Arab man, but soon things get out of control.",
    "genres" : [ {
      "id" : 18,
      "name" : "Drama"
    } ]
  }, {
    "id" : 90560,
    "title" : "Red Angel",
    "overview" : "In 1939, Sakura Nishi is a young army nurse who is sent to the field hospitals in China during the Sino-Japanese war. She has to assist the surgeon Dr. Okabe with an incredible number of amputations. In the crowded wards, she gives sympathy to some of the soldiers, including sexually servicing one who has lost both arms and has no hope of returning home. She falls in love with Dr. Okabe, and follows him to the front, even though he is impotent from his morphine addiction",
    "genres" : [ {
      "id" : 10752,
      "name" : "War"
    }, {
      "id" : 18,
      "name" : "Drama"
    }, {
      "id" : 10769,
      "name" : "Foreign"
    } ]
  }, {
    "id" : 90565,
    "title" : "Six Assassins",
    "overview" : "A magician-warrior who protects a man from an ambush, not knowing of his true villainous nature. But he discovers the truth after his wife and friend are killed and must now fight to set things right.",
    "genres" : [ {
      "id" : 28,
      "name" : "Action"
    }, {
      "id" : 12,
      "name" : "Adventure"
    }, {
      "id" : 10769,
      "name" : "Foreign"
    } ]
  }, {
    "id" : 90570,
    "title" : "Aibolit And Barmaley",
    "overview" : "No overview found.",
    "genres" : [ {
      "id" : 16,
      "name" : "Animation"
    }, {
      "id" : 10751,
      "name" : "Family"
    } ]
  }, {
    "id" : 90580,
    "title" : "2000 FIA Formula One World Championship Season Review",
    "overview" : "2000 heralded another season packed full of exciting F1 action. Ferrari wasted no time putting the pressure on McLaren, underlining just how competitive they had become. Michael Schumacher’s early dominance threatened to conclude the championship before it had really begun. But once McLaren found their form first David Coulthard and then Mika Hakkinen challenged for the title.",
    "genres" : [ {
      "id" : 36,
      "name" : "History"
    }, {
      "id" : 99,
      "name" : "Documentary"
    } ]
  }, {
    "id" : 90590,
    "title" : "Policewomen",
    "overview" : "A lady cop infiltrates an all-female criminal gang.",
    "genres" : [ {
      "id" : 18,
      "name" : "Drama"
    }, {
      "id" : 28,
      "name" : "Action"
    }, {
      "id" : 80,
      "name" : "Crime"
    } ]
  }, {
    "id" : 90600,
    "title" : "Lesbian Seductions: Older/Younger 35",
    "overview" : "The revealing twisted road from desire to pursuit and surrender! Tender touches between younger nymphets and girls a few years their senior. These older, lustful women go after youthful beauties who are ever curious for the pleasures of women! These delicious May/December pairings are full of passion in four sizzling hot, sensual all girl-on girl scenes with oodles of sucking, fingering, licking, and tonguing. Watch these women drive each other to the pinnacle of lesbian-style paradise, as only another woman knows just how to do best.",
    "genres" : [ {
      "id" : 10749,
      "name" : "Romance"
    } ]
  }, {
    "id" : 90605,
    "title" : "Beautiful Aikido Girl",
    "overview" : "Wasted game - Hardcore rape, girl's aikido unnecessary",
    "genres" : [ ]
  }, {
    "id" : 90640,
    "title" : "Beloved Beauty",
    "overview" : "",
    "genres" : [ {
      "id" : 16,
      "name" : "Animation"
    }, {
      "id" : 14,
      "name" : "Fantasy"
    } ]
  }, {
    "id" : 90645,
    "title" : "Fanatics",
    "overview" : "A buddy comedy about a fanatic small town football supporter who falls in love with a perfect girl, only to notice that his dream-girl supports the wrong football team. Now he has to befriend the enemy or forget the girl he loves.",
    "genres" : [ {
      "id" : 35,
      "name" : "Comedy"
    } ]
  }, {
    "id" : 90665,
    "title" : "A Decade In MotoGP",
    "overview" : "Celebrating a decade of the world’s premier motorcycle World Championship, this official documentary charts 10 years of headline-making MotoGP history.  Action-packed race and test footage, behind-the-scenes access, brand new, exclusive interviews and contributions from experts re-examine the on and off-track incidents which defined the first decade of the post-500cc era since 2002. These are the races, the passes, the crashes, the controversies, the rivalries and the technical innovations which have made MotoGP one of the most exciting, unpredictable and popular sports in the world.",
    "genres" : [ ]
  }, {
    "id" : 90675,
    "title" : "Marshal Law",
    "overview" : "A former cop in Texas comes into action when a gang threatens his family.",
    "genres" : [ {
      "id" : 28,
      "name" : "Action"
    }, {
      "id" : 18,
      "name" : "Drama"
    }, {
      "id" : 53,
      "name" : "Thriller"
    } ]
  }, {
    "id" : 90680,
    "title" : "Vida Maria",
    "overview" : "",
    "genres" : [ {
      "id" : 16,
      "name" : "Animation"
    } ]
  }, {
    "id" : 90690,
    "title" : "Jeux de Langues",
    "overview" : "A bored couple turns to voyeurism to enhance their sex lives, but are themselves the object of another voyeur's obsession.",
    "genres" : [ ]
  }, {
    "id" : 90695,
    "title" : "Ghosts on the Loose",
    "overview" : "The East Side Kids try to fix up a house for newlyweds, but find the place next door \"haunted\" by mysterious men.",
    "genres" : [ {
      "id" : 35,
      "name" : "Comedy"
    } ]
  }, {
    "id" : 90715,
    "title" : "Greaser's Palace",
    "overview" : "A parable based on the life of Christ. This ain't your father's Bible story, full of references about the destruction of the world through massive constipation and a New Mexican setting.",
    "genres" : [ {
      "id" : 37,
      "name" : "Western"
    }, {
      "id" : 35,
      "name" : "Comedy"
    } ]
  }, {
    "id" : 90720,
    "title" : "The Hellbenders",
    "overview" : "The Civil War has ended, but not for Jonas, a ruthless Confederate officer who wants to continue the fight by reorganizing Confederate troops in the Southwest with the support of a large sum of stolen money. He devises an elaborate ruse to allow his small party to travel with minimal scrutiny through hostile territory, for the money is hidden in a coffin said to contain the body of his dead son. Jonas' other sons travel with him along with a hired \"widow\", as they proceed to what they hope to be a new start to the War between the States. However, while en route, they face severe, ongoing strife among themselves and successive threats from Union soldiers, a posse of cowboys, and an Indian war party.",
    "genres" : [ {
      "id" : 12,
      "name" : "Adventure"
    }, {
      "id" : 18,
      "name" : "Drama"
    }, {
      "id" : 28,
      "name" : "Action"
    }, {
      "id" : 37,
      "name" : "Western"
    }, {
      "id" : 10769,
      "name" : "Foreign"
    } ]
  }, {
    "id" : 90730,
    "title" : "Sadomania",
    "overview" : "Soon after newlyweds Olga and Michel set foot on the grounds of a notorious women's prison, they're arrested by topless guards and ushered behind bars where the warden  quickly dismisses Michel but demands that Olga do a little time.",
    "genres" : [ {
      "id" : 28,
      "name" : "Action"
    }, {
      "id" : 18,
      "name" : "Drama"
    }, {
      "id" : 27,
      "name" : "Horror"
    } ]
  }, {
    "id" : 90755,
    "title" : "Breaking the Code",
    "overview" : "A biography of the English mathematician Alan Turing, who was one of the inventors of the digital computer and one of the key figures in the breaking of the Enigma code, used by the Germans to send secret orders to their U-boats in World War II. Turing was also a homosexual in Britain at a time when this was illegal, besides being a security risk.",
    "genres" : [ {
      "id" : 36,
      "name" : "History"
    }, {
      "id" : 18,
      "name" : "Drama"
    }, {
      "id" : 10770,
      "name" : "TV Movie"
    } ]
  }, {
    "id" : 90760,
    "title" : "Zuma",
    "overview" : "A group of archaeologists unearth a snake god. Based on the comic series by Hal Santiago.",
    "genres" : [ {
      "id" : 27,
      "name" : "Horror"
    }, {
      "id" : 28,
      "name" : "Action"
    }, {
      "id" : 14,
      "name" : "Fantasy"
    }, {
      "id" : 18,
      "name" : "Drama"
    } ]
  }, {
    "id" : 90765,
    "title" : "The 7th Hunt",
    "overview" : "For Gothic Callie, her deaf sister Ariel, computer nerd Chris, popular Sarah, and misogynist Ricky, their evening plans are about to be re-written. Taken to an abandoned military training school, they finds themselves the target of 5 sadistic killers, each with their own unique and different style of killing. They fight for their lives against sociopaths who know their environment intimately, becoming increasingly outnumbered as their friends are killed.",
    "genres" : [ {
      "id" : 18,
      "name" : "Drama"
    }, {
      "id" : 27,
      "name" : "Horror"
    }, {
      "id" : 53,
      "name" : "Thriller"
    }, {
      "id" : 10769,
      "name" : "Foreign"
    } ]
  }, {
    "id" : 90770,
    "title" : "The Vanquished",
    "overview" : "A film by Michelangelo Antonioni composed of three episodes: a French episode set in Paris, an Italian episode set in Rome and an English episode set in London. Three stories of well-off youths who commit murders.",
    "genres" : [ {
      "id" : 18,
      "name" : "Drama"
    }, {
      "id" : 28,
      "name" : "Action"
    }, {
      "id" : 80,
      "name" : "Crime"
    } ]
  }, {
    "id" : 90785,
    "title" : "Back in Business",
    "overview" : "An ex-cop gets pulled back in an undercover mission for the FBI by his former partner. The mission is to catch drug runners, but it is also sting operation against dirty cops, some of whom set up the ex-cops' dismissal from the force.",
    "genres" : [ {
      "id" : 28,
      "name" : "Action"
    } ]
  }, {
    "id" : 90790,
    "title" : "Певучая Россия",
    "overview" : "",
    "genres" : [ ]
  }, {
    "id" : 90800,
    "title" : "Hi-De-Ho",
    "overview" : "Cab Calloway plays himself in a plot about jealousy, night clubs, and gangsters. Ends with a series of musical numbers.",
    "genres" : [ {
      "id" : 10402,
      "name" : "Music"
    } ]
  }, {
    "id" : 90805,
    "title" : "A Fist Full of Talons",
    "overview" : "Qing I-ming (Billy Chong) springs into action to help his friend, who runs into danger while trying to deliver important government documents.",
    "genres" : [ {
      "id" : 28,
      "name" : "Action"
    } ]
  }, {
    "id" : 90810,
    "title" : "Hit the Dutchman",
    "overview" : "In early 1920s New York, a young man is befriended by a neighborhood mobster. He learns the trade then decides to go straight and join the police force. It isn't long before he uses his connections to destroy the mob from within.",
    "genres" : [ {
      "id" : 80,
      "name" : "Crime"
    }, {
      "id" : 18,
      "name" : "Drama"
    } ]
  }, {
    "id" : 90820,
    "title" : "Inon",
    "overview" : "",
    "genres" : [ {
      "id" : 16,
      "name" : "Animation"
    } ]
  }, {
    "id" : 90835,
    "title" : "36 Chowringhee Lane",
    "overview" : "After the marriage of her niece, Rosemary, Anglo-Indian school-teacher Violet Stoneham lives a lonely life in her single room flat located at 36 Chowringhee Lane in Calcutta, with only a tom cat for company. She is thrilled when a former student, Nandita Roy, looks her up and also brings her boyfriend, Samaresh Moitra, to her flat. Samaresh is an author and likes the solitude of Violet's flat, and would like to write his new novel there, to which Violet readily agrees to. He likes her antique record-player and she gives it to him as a gift. She hopes she has become part of a family again. It is Christmas time and Violet would like to bake a cake and visit Nandita and Samaresh to surprise them. But is a surprise that awaits her when she reaches her destination.",
    "genres" : [ {
      "id" : 18,
      "name" : "Drama"
    }, {
      "id" : 10749,
      "name" : "Romance"
    } ]
  }, {
    "id" : 90840,
    "title" : "Manticore",
    "overview" : "Commandos in Iraq looking for terrorists find a man-eating monster instead.",
    "genres" : [ {
      "id" : 28,
      "name" : "Action"
    }, {
      "id" : 14,
      "name" : "Fantasy"
    }, {
      "id" : 27,
      "name" : "Horror"
    }, {
      "id" : 878,
      "name" : "Science Fiction"
    } ]
  }, {
    "id" : 90845,
    "title" : "Bhanu Pelo Lottery",
    "overview" : "Bhanu Chitrakar is a village-based clay modellist who earns a living selling earthen toys and singing. One day, he is presented a ticket for the Luck Velky Lottery by his Kolkata-based friend Jahar, with the first prize for the lottery standing at Rs 395,000.",
    "genres" : [ ]
  }, {
    "id" : 90875,
    "title" : "Out of the Rain",
    "overview" : "The heir (Michael O'Keefe) to a small-town tannery follows a young woman (Bridget Fonda) to the truth about his brother's death.",
    "genres" : [ {
      "id" : 18,
      "name" : "Drama"
    } ]
  }, {
    "id" : 90885,
    "title" : "Diamond Girl",
    "overview" : "",
    "genres" : [ ]
  }, {
    "id" : 90890,
    "title" : "Joe Maddison's War",
    "overview" : "Newcastle, 1939. Shipyard worker Joe feels emasculated and past his prime; too old to serve in the war, and he’s shocked when his wife leaves him for a younger naval officer. Needing a new challenge, Joe and his friend Harry reluctantly volunteer to join the Home Guard.",
    "genres" : [ {
      "id" : 10752,
      "name" : "War"
    }, {
      "id" : 18,
      "name" : "Drama"
    } ]
  }, {
    "id" : 90930,
    "title" : "Strip-Tease",
    "overview" : "",
    "genres" : [ ]
  }, {
    "id" : 90940,
    "title" : "Intercessor: Another Rock 'N' Roll Nightmare",
    "overview" : "The Intercessor must fight the minions of darkness to save the last innocent souls on Earth.",
    "genres" : [ ]
  }, {
    "id" : 90945,
    "title" : "Okatsu the Fugitive",
    "overview" : "Okatsu the Fugitive is the third film in the \"Ohyaku/Okatsu\" series. Okatsu; a \"tomboy\" who is good with a sword. Her father has found her a man to marry and actually she doesn't seem too upset about the situation. At the same time, a bunch of farmers are being slaughtered by a corrupt group running a tobacco smuggling ring. They're being investigated by a man who is documenting their crimes and when they find out about it, they torture him for information but get none. It's not long before he and Okatsu's mother wind up dead and she sets out for revenge.",
    "genres" : [ {
      "id" : 80,
      "name" : "Crime"
    }, {
      "id" : 10769,
      "name" : "Foreign"
    }, {
      "id" : 28,
      "name" : "Action"
    } ]
  }, {
    "id" : 90955,
    "title" : "The Sky Dragon",
    "overview" : "All the passengers on an airplane headed for San Francisco are drugged, and when they wake up, it is discovered that a quarter-million dollars is missing. Charlie Chan--and, of course, his #1 son--must discover the identity of the person who doped the passengers and stole the money.",
    "genres" : [ {
      "id" : 12,
      "name" : "Adventure"
    }, {
      "id" : 35,
      "name" : "Comedy"
    }, {
      "id" : 80,
      "name" : "Crime"
    } ]
  }, {
    "id" : 90965,
    "title" : "Her Vengeance",
    "overview" : "Wong plays an unassuming nightclub employee in Macao who alienates a gang of drunken men (led by Shing Fui-on). They tail her after her shift, and mount a gang assault. She attempts to enlist the aid of her former brother-in-law (Lam) - an ex-triad now confined to a wheelchair.",
    "genres" : [ {
      "id" : 80,
      "name" : "Crime"
    }, {
      "id" : 18,
      "name" : "Drama"
    }, {
      "id" : 27,
      "name" : "Horror"
    } ]
  }, {
    "id" : 90970,
    "title" : "Steambath",
    "overview" : "TV adaptation of Bruce Jay Friedman's off-Broadway play. Tandy, Merideth and assorted others unexpectedly wake up in a steambath with no easy exit. After spending some time there, it becomes clear that the steambath is a sort of Afterlife, where indifferent souls come to tell their stories to God who happens to be the attendant picking up the towels.",
    "genres" : [ {
      "id" : 18,
      "name" : "Drama"
    }, {
      "id" : 14,
      "name" : "Fantasy"
    } ]
  }, {
    "id" : 90975,
    "title" : "User Friendly",
    "overview" : "Everyone is chasing a little wooden dog. Old and young, they all think it contains an elixir of life. Miranda, a manic cosmetics tycoon, thinks it's worth millions. A mob of old folk led by a pair of deranged doctors is convinced it contains the secret of eternal youth.",
    "genres" : [ {
      "id" : 35,
      "name" : "Comedy"
    }, {
      "id" : 878,
      "name" : "Science Fiction"
    } ]
  }, {
    "id" : 90980,
    "title" : "On Our Merry Way",
    "overview" : "Oliver Pease gets a dose of courage from his wife Martha and tricks the editor of the paper (where he writes lost pet notices) into assigning him the day's roving question. Martha suggests, \"Has a little child ever changed your life?\" Oliver gets answers from two slow-talking musicians, an actress whose roles usually feature a sarong, and an itinerant cardsharp. In each case the \"little child\" is hardly innocent: in the first, a local auto mechanic's \"baby\" turns out to be fully developed as a woman and a musician; in the second, a spoiled child star learns kindness; in the third, the family of a lost brat doesn't want him returned. And Oliver, what becomes of him?",
    "genres" : [ {
      "id" : 10749,
      "name" : "Romance"
    }, {
      "id" : 35,
      "name" : "Comedy"
    }, {
      "id" : 10402,
      "name" : "Music"
    } ]
  }, {
    "id" : 90985,
    "title" : "Wendigo: Bound by Blood",
    "overview" : "For hundreds of years, Native American culture has believed in the evil cannibalistic spirit known as \"the wendigo\". For those who had taken part in cannibalism, no matter the reason, it was aid \"the wendigo\" would take possession of the person's body and soul. Once the wendigo would take possession of the human host,the host would develop and insatiable desire to eat human flesh. In the deep woods of Northern Pennsylvania, a small town Sheriff (Brian Anthony) is investigating a bloody crime scene. On the scene, he meets Angeni Stonechild (Cheyenne King), a traveling physician treating patients in the area. During the investigation, the two stumble upon dead bodies, a slew of relentless hit men, and two mysterious individuals being protected by federal agents. With a trail of mutilated bodies piling up, the sheriff and Angeni must not only confront the dangerous assassins but also find a way to destroy.....The Wendigo!",
    "genres" : [ {
      "id" : 28,
      "name" : "Action"
    }, {
      "id" : 27,
      "name" : "Horror"
    }, {
      "id" : 878,
      "name" : "Science Fiction"
    } ]
  }, {
    "id" : 90990,
    "title" : "Pusher",
    "overview" : "A desperate drug-pusher must avoid police, and find money to pay-off a huge debt.",
    "genres" : [ {
      "id" : 28,
      "name" : "Action"
    }, {
      "id" : 80,
      "name" : "Crime"
    }, {
      "id" : 18,
      "name" : "Drama"
    } ]
  } ]
}