{
  "movies" : [ {
    "id" : 122145,
    "title" : "WWE Royal Rumble 1989",
    "overview" : "Royal Rumble (1989) was the second annual Royal Rumble professional wrestling event produced by the World Wrestling Federation (WWF), and the first one to be held on pay-per-view. It took place on January 15, 1989 at The Summit in Houston, Texas.  The main event was the 1989 Royal Rumble match won by Big John Studd, who last eliminated Ted DiBiase to win the match. Featured matches on the undercard were Jim Duggan and The Hart Foundation (Bret Hart and Jim Neidhart) versus Dino Bravo and The Fabulous Rougeaus (Jacques and Raymond), Rockin' Robin versus Judy Martin for the WWF Women's Championship and King Haku versus Harley Race.",
    "genres" : [ {
      "id" : 28,
      "name" : "Action"
    } ]
  }, {
    "id" : 122155,
    "title" : "Sounds Like a Revolution",
    "overview" : "Documents the rise of a new generation of activist musicians who are living proof that music is a powerful tool in the ongoing struggle for social change.",
    "genres" : [ ]
  }, {
    "id" : 122160,
    "title" : "More Dead Than Alive",
    "overview" : "When the multiple murderer Cain is released from prison after 18 years, he wants to settle down as a rancher and never touch a gun again. But his former life haunts him; not only that nobody wants to give him a job, some villains also want to pay him back. So he has to accept the offer of showman Ruffalo to perform as \"Killer Cain\" in his traveling shooting show. However after 18 years without practice even Ruffalo's young assistant Billy shoots better than Cain.",
    "genres" : [ {
      "id" : 37,
      "name" : "Western"
    }, {
      "id" : 28,
      "name" : "Action"
    } ]
  }, {
    "id" : 122165,
    "title" : "Amy & Isabelle",
    "overview" : "In 1971, in the small town of Shirley Falls, in Maine, the odd and lonely secretary Isabelle Goodrow raises her teenager daughter Amy alone. She has only two friends in her job among her gossiper colleagues. When her overprotected daughter is seduced by her mathematic teacher Peter Robertson, the world of Isabelle falls apart. She becomes lost and loses her confidence on Amy, spoiling their relationship. Their bond gets tied again when Isabelle discloses her inner secrets from the past to Amy.",
    "genres" : [ {
      "id" : 18,
      "name" : "Drama"
    } ]
  }, {
    "id" : 122180,
    "title" : "Women of the Chosun Dynasty",
    "overview" : "Four short stories examing the lives of women in the 18th and 19th century.",
    "genres" : [ ]
  }, {
    "id" : 122185,
    "title" : "Sema: The Warrior of Ayodhaya",
    "overview" : "A young swordsmith dreams of becoming a soldier, and his connections get him into the army. He falls for a lady of higher social status, and this provokes conflict with an ambitious sergeant.",
    "genres" : [ {
      "id" : 28,
      "name" : "Action"
    }, {
      "id" : 18,
      "name" : "Drama"
    } ]
  }, {
    "id" : 122190,
    "title" : "Endurance",
    "overview" : "The gold medal for the men's 10,000-meter race in the 1996 Atlanta Olympics is won by Ethiopian Haile Gebrselassie.",
    "genres" : [ {
      "id" : 18,
      "name" : "Drama"
    } ]
  }, {
    "id" : 122195,
    "title" : "Bond of Fear",
    "overview" : "An escaped killer hides out by forcing a travelling family to take him with them.",
    "genres" : [ {
      "id" : 18,
      "name" : "Drama"
    }, {
      "id" : 80,
      "name" : "Crime"
    } ]
  }, {
    "id" : 122200,
    "title" : "I Was Framed",
    "overview" : "A reporter (Michael Ames) runs from charges by a corrupt politician only to face them years later.",
    "genres" : [ {
      "id" : 28,
      "name" : "Action"
    }, {
      "id" : 80,
      "name" : "Crime"
    }, {
      "id" : 18,
      "name" : "Drama"
    } ]
  }, {
    "id" : 122205,
    "title" : "Wife Wanted",
    "overview" : "Career-slipping movie star Carole Raymond (Kay Francis) buys in as a real estate partner of Jeff Caldwell (Paul Cavanagh). Actually, through his secretary, Nola Reed (Veda Ann Borg), Caldwell runs a matrimonial bureau and, with the aid of his associate, Lee Kirby (John Gallaudet), they defraud and blackmail a large group of lonely people. Carole, unknowingly, is used as bait for one of their victims, Walter Desmond (Barton Yarborough), who \"commits suicide.\" Reporter William Tyler (Robert Shayne) thinks otherwise.",
    "genres" : [ {
      "id" : 80,
      "name" : "Crime"
    }, {
      "id" : 18,
      "name" : "Drama"
    } ]
  }, {
    "id" : 122230,
    "title" : "WWE Royal Rumble 1993",
    "overview" : "Royal Rumble (1993) was the sixth annual Royal Rumble. It took place on January 24, 1993 at the ARCO Arena in Sacramento, California. The main event was a Royal Rumble match, a battle royal in which two wrestlers started the match in the ring; every two minutes, another wrestler joined. In total, thirty wrestlers competed to eliminate their competitors by throwing them over the top rope of the wrestling ring onto the arena floor. Yokozuna won the match and was awarded an opportunity to wrestle for the WWF Championship at WrestleMania IX. Bret Hart also retained his WWF Championship against Razor Ramon, and Shawn Michaels successfully defended his WWF Intercontinental Championship against Marty Jannetty.",
    "genres" : [ {
      "id" : 28,
      "name" : "Action"
    }, {
      "id" : 18,
      "name" : "Drama"
    } ]
  }, {
    "id" : 122235,
    "title" : "The Trap",
    "overview" : "In love for the first time, cases booked solidly for months and a brand new fax machine prodding his office into the nineties, down-on-his-luck private eye Maiku \"Mike\" Hama has the world on a string at last. Or does he? In The Trap, things are not what they seem. When a hooded stranger appears in his office with the cryptic challenge \"I want you to look for me,\" Hama is drawn into a string of bizarre serial murders that have Yokohama's police baffled and the city terrified.",
    "genres" : [ {
      "id" : 18,
      "name" : "Drama"
    }, {
      "id" : 53,
      "name" : "Thriller"
    }, {
      "id" : 10769,
      "name" : "Foreign"
    } ]
  }, {
    "id" : 122240,
    "title" : "The Last Death",
    "overview" : "",
    "genres" : [ {
      "id" : 53,
      "name" : "Thriller"
    }, {
      "id" : 878,
      "name" : "Science Fiction"
    } ]
  }, {
    "id" : 122245,
    "title" : "The Serpent Warriors",
    "overview" : "Snake cult tries to take over the world, led by Eartha Kitt.",
    "genres" : [ {
      "id" : 28,
      "name" : "Action"
    }, {
      "id" : 27,
      "name" : "Horror"
    } ]
  }, {
    "id" : 122260,
    "title" : "The Academy",
    "overview" : "They are society's flotsam, murderers, sociopaths, criminals bred for Darwinian survival. A select group of convicted youths are given a second chance by a shadowy organization: The Academy. They will be trained to become efficient weapons of death, honing into a valued asset the very thing that made them outcasts. They are divided into classes, trained as a unit for three years and isolated from everyone and everything else. The final exam? Over 100 square kilometers, classmates must track down and eliminate each other until only one remains. The rules: They cannot engage each other in public places, in front of witnesses, or harm or cause harm to innocent bystanders. Highly trained and with limited time, friend will kill friend, enemy slaughter enemy across a populated urban backdrop. This is The Academy. Let the exam begin. © Copyright 1999 - 2008 by IDIOM Inc. &amp; Kenneth Barr. All Rights Reserved. Written by Kenneth Barr",
    "genres" : [ ]
  }, {
    "id" : 122270,
    "title" : "The Niklashausen Journey",
    "overview" : "Can a small group of people start a proletarian revolution, asks the \"Black Monk\" in a leather jacket. The medieval shepherd, Hans Boehm, claims to have been called by the Virgin Mary to create a revolt against the church and the landowners. The \"Black Monk\" suggests that he would have more success if he dressed up Johanna and had her appear as the Virgin Mary.",
    "genres" : [ {
      "id" : 18,
      "name" : "Drama"
    } ]
  }, {
    "id" : 122280,
    "title" : "The Music Teacher",
    "overview" : "Music Teacher revolves around Alyson Daley (Potts), a high school music teacher who is on the brink of losing her beloved school music program because of district budget cuts. In an effort to spare the program, Daley's former students band together to stage a musical to raise money to keep the program alive.",
    "genres" : [ ]
  }, {
    "id" : 122300,
    "title" : "Elton John BBC",
    "overview" : "Elton John and his band are in concert at LSO St Luke's in Shoreditch, performing some of his most famous hits alongside songs from his latest album, The Captain and the Kid.",
    "genres" : [ ]
  }, {
    "id" : 122310,
    "title" : "东西宫略",
    "overview" : "",
    "genres" : [ ]
  }, {
    "id" : 122320,
    "title" : "Winston Churchill: Walking with Destiny",
    "overview" : "Walking With Destiny highlights Churchill's years in the political wilderness, his early opposition to Adolf Hitler and Nazism, and his support for Jews under threat by the Nazi regime. As historian John Lukacs explains, Churchill may not have won the War in 1940, but without him, the War most certainly would have been lost. Sir Martin Gilbert, historical consultant for the film and Churchill's official biographer, adds that had Churchill's warnings about Nazi Germany's racial policies towards Jews been heeded in the early 1930's, the Holocaust may never have occurred. The film examines why Winston Churchill's legacy continues to be relevant in the 21st Century and explores why his leadership remains inspirational to current day political leaders and diplomats.",
    "genres" : [ {
      "id" : 99,
      "name" : "Documentary"
    } ]
  }, {
    "id" : 122325,
    "title" : "The Rich Are Always with Us",
    "overview" : "The ten year marriage of of Caroline Van Dyke and Greg Grannard is falling apart. A young woman, Allison, plots to become his second wife. Caroline's friend, novelist Julian, has long loved her and now sees his chance, but she refuses him and goes to Paris to file for divorce. Julian follows but on hearing that Greg has fallen on financial hardship Caroline returns to help him. Greg tells Caroline that his now-wife Allison is pregnant and Caroline realizes that she loves Julian and to travel to China with him and be married. Allison and Greg have a bitter row in the car, which then smashes into a tree killing Allison and injuring Greg. Caroline tells Julian she will stay with Greg until he is well, but marries Julian in the hospital with a promise to join him as soon as she can.",
    "genres" : [ {
      "id" : 35,
      "name" : "Comedy"
    }, {
      "id" : 18,
      "name" : "Drama"
    }, {
      "id" : 10749,
      "name" : "Romance"
    } ]
  }, {
    "id" : 122335,
    "title" : "101 Great Welsh Tries",
    "overview" : "The 125 tries, presented by Clive Rowlands and Robert Jones, are split into ten categories ranging from 'Flying 15s' to 'Halfback Heroes', and also include 'Gareth's Glory', a section dedicated to the greatest tries scored by Wales' most famous son, the mighty Gareth Edwards.  The film includes all the great scores from the likes of Ieuan Evans, Gareth Thomas, Shane Williams and the amazing Graham Price, who produced an amazing solo effort from his own 22.",
    "genres" : [ ]
  }, {
    "id" : 122350,
    "title" : "The Pettifogger",
    "overview" : "A year in the life of an American gambler and con man circa 1963. A diaristic montage full of glimpses, glances, decaying ephemera and elliptical narrative. An abstract crime film and, like many other crime films involving larceny, a sensorial exploration of the virulence of unfettered capitalism. An impressionistic collage film culled from a wide variety of image and sound sources that fully exploits the hieroglyphic essence of cutouts to ponder what appropriation and stealing have in common. Definitely the longest continuous film I’ve ever created.—Lewis Klahr",
    "genres" : [ ]
  }, {
    "id" : 122355,
    "title" : "Lottie Dottie Chicken 3",
    "overview" : "Galinha Pintadinha, (English translation: The Dappled Chicken) known also as \"Lottie Dottie Chicken\" is a Brazilian project for children's music, created by Juliano Prado and Marcos Luporini. The songs are originally in Portuguese and are getting millions of downloads on YouTube. Some of the songs have been already translated into Spanish and English.",
    "genres" : [ ]
  }, {
    "id" : 122360,
    "title" : "Tin Pressed",
    "overview" : "Opening with jarring violence, Dani Leventhal’s Tin Pressed proceeds to negotiate a balancing act between the bewildering tonal variances of daily life—with all of its unnamable and enchantingly fragmented specifics—and the gravitational urge to construct both private and shared narratives. The world discovered through these images revolves around multiple centers. The camera’s odd equanimity feels both generous and dangerous. Leventhal’s deft oscillation between elision and inclusion reveals a brief but vast taxonomy of beauty, peace, longing, and terror.—Jeremy Hoevenaar",
    "genres" : [ ]
  }, {
    "id" : 122385,
    "title" : "Kavi",
    "overview" : "The story of a young boy who attempts to escape from the brick kiln where he is forced to work as a bonded labor slave in India.",
    "genres" : [ ]
  }, {
    "id" : 122395,
    "title" : "Blood and Bone China",
    "overview" : "It's 1897 and a city is in turmoil; poor souls are being taken, vanishing without a trace. When the local doctor disappears, word travels to his brother, a young country vet by the name of Newlyn Howell. Spurred on to discover the macabre truth by the enigmatic Alexander Pyre, Newlyn stumbles into a twisted web of deception, murder... and villainous vampires.",
    "genres" : [ ]
  }, {
    "id" : 122405,
    "title" : "National Geographic: Inside The FBI",
    "overview" : "With worries about the state of our national security increasing, the Federal Bureau of Investigation has been under more intense scrutiny than ever. This penetrating documentary offers high-security access behind the scenes at the FBI. Rare footage and interviews with agents combine to offer insight as to how the Bureau really operates.",
    "genres" : [ {
      "id" : 99,
      "name" : "Documentary"
    } ]
  }, {
    "id" : 122415,
    "title" : "GOECHA LA: In search of the Holy Kangchenjunga with George Thengummoottil",
    "overview" : "This film is a journey to the Himalayas, on Goeche La trek. The film portraits his journey from Kolkatta to Yuksam and his trekking from Yuksam to Goechala pass via Tshoka, Lamuney. trekking over ice and the fantastic view at the end of the journey. The trekking lasted for 8 days, and the film was shot on Canon EOS 500 D Camera. The crew was equipped with solar panels and heavy lenses. The film also gives a 10 minute description on Sikkim  Production Most of the film was shot at remote locations in the Himalayas. The crew had to face a lot of hardships  during the filming process. Powering the camera was a major issue during the filming and heavy solar panels were head loaded to site.  Out of 3 cameras carried to the top, two of them gaveup. Sudden Drainage of battery was another problem faced by the crew. as battery doesn't even work at that temperature much below freezing point of water.",
    "genres" : [ ]
  }, {
    "id" : 122435,
    "title" : "S.O.S. Iceberg",
    "overview" : "A expedition goes in search of a party lost the year before.",
    "genres" : [ {
      "id" : 18,
      "name" : "Drama"
    }, {
      "id" : 12,
      "name" : "Adventure"
    } ]
  }, {
    "id" : 122440,
    "title" : "Tecumseh",
    "overview" : "At the beginning of the 19th century, white settlers regularly make and break treaties with the Native American inhabitants to gain possession of vast hunting grounds at ludicrously low prices without any bloodshed. Harrison, Governor of Indiana, has made and broke no less than fifteen such treaties, driving increasing numbers of Indians out to the infertile West. To put a stop to this criminal practice, the Shawnee Chief Tecumseh tries to unite the Native Americans.",
    "genres" : [ {
      "id" : 37,
      "name" : "Western"
    }, {
      "id" : 18,
      "name" : "Drama"
    } ]
  }, {
    "id" : 122445,
    "title" : "The Middleman",
    "overview" : "A bright and idealistic young graduate steels himself for a dog-eat-dog world, only to flounder in a job market packed with thousands of other hopefuls. When he eventually decides to start his own business as a middle-man, he discovers that the world of business does not live up to his lofty ideals.",
    "genres" : [ {
      "id" : 18,
      "name" : "Drama"
    } ]
  }, {
    "id" : 122450,
    "title" : "Der junge Freud",
    "overview" : "A portrait of Sigmund Freud as a young man.",
    "genres" : [ {
      "id" : 36,
      "name" : "History"
    }, {
      "id" : 18,
      "name" : "Drama"
    } ]
  }, {
    "id" : 122460,
    "title" : "Baby Einstein: Animals Around Me",
    "overview" : "Set off on a fun-filled \"field trip\" with your baby to discover animals found at the park, on the farm, and in your own backyard - whether furry or feathered, winged or wiggly, bumpy or cuddly. Animals Around Me will delight you and your child!",
    "genres" : [ {
      "id" : 10751,
      "name" : "Family"
    } ]
  }, {
    "id" : 122480,
    "title" : "Film as Subversive Art: Amos Vogel and Cinema 16",
    "overview" : "An hour-long filmed profile of Amos Vogel, 82-year old New York resident and Austrian emigre, founder of the New York Film Festival and America's most important film society, Cinema 16.",
    "genres" : [ ]
  }, {
    "id" : 122500,
    "title" : "Michal Prokop, Framus Five & hosté - Live 60",
    "overview" : "",
    "genres" : [ ]
  }, {
    "id" : 122515,
    "title" : "The Great Bank Hoax",
    "overview" : "When the prominent citizens of a small town discover that the officers of the local bank have been embezzling money from it, they decide to rob the bank themselves.",
    "genres" : [ {
      "id" : 35,
      "name" : "Comedy"
    } ]
  }, {
    "id" : 122525,
    "title" : "Fair of the Dove",
    "overview" : "A young printer's relationship with his girlfriend is in trouble after she accepts another suitor's invitation to the fair. This adaption of a popular operetta aims to please with a simple storyline and goofy slapstick.",
    "genres" : [ ]
  }, {
    "id" : 122550,
    "title" : "Un Homme d'honneur",
    "overview" : "",
    "genres" : [ ]
  }, {
    "id" : 122575,
    "title" : "Happy Birthday",
    "overview" : "Jonathan Schwartz is a young American experimental filmmaker who has crafted a body of short, lyrical 16mm films over the past decade. Working with the legacies of anthropological and observational non-fiction cinema, and in the avant-garde tradition of filmmakers like Warren Sonbert and Mark LaPore, Schwartz makes the camera a catalyst for a transformed dynamic between the figure behind the camera and those in front. Turning his camera on the people and places around him (whether in his New England home or on his travels abroad), Schwartz captures jewel-like fragments of gesture, light and colour that he then meticulously assembles alongside sounds collected as field recordings, creating films of great beauty and feeling that seem to vibrate with a total openness to the surrounding world and its denizens.",
    "genres" : [ {
      "id" : 18,
      "name" : "Drama"
    }, {
      "id" : 10749,
      "name" : "Romance"
    } ]
  }, {
    "id" : 122580,
    "title" : "Ala-Arriba!",
    "overview" : "It focuses on maritime tragedy of the town and a forbidden love between Julha (Elsa Bela-Flor) and João Moço (Domingos Gonçalves), from different fisher castes, in a community where mixed-caste marriages were not allowed[1] and dating without parent's assent was seen as a disgrace to the family, not only in respect to women, but also men.",
    "genres" : [ {
      "id" : 10749,
      "name" : "Romance"
    }, {
      "id" : 18,
      "name" : "Drama"
    } ]
  }, {
    "id" : 122615,
    "title" : "WEBCAM",
    "overview" : "Cam tells the tragicomic story of Antoinette, a bachelor who is tired of being alone. If his neighbor Rob offers to help him with internet dating, he eagerly accept the offer. The miracle takes place: Rob is the Russian Natasha Antoinette for her and let happen to the Netherlands. What Antoin not know is that Natasha actually the secret internet lover of married Rob, who seize this opportunity to have her near him.",
    "genres" : [ ]
  }, {
    "id" : 122630,
    "title" : "Life Classes",
    "overview" : "The odyssey of a young Cape Breton woman as she moves to the big city (Halifax) and supports herself after the birth of her illegitimate child by posing for college art classes, on her way to becoming an artist in her own right.",
    "genres" : [ ]
  }, {
    "id" : 122645,
    "title" : "Classic British Jets - TSR2",
    "overview" : "When Britain's world-beating TSR2 project was scrapped, orders were given to destroy all the film records. However, much was hidden away in secret. The makers of this unique film were given exclusive access to that hidden original film archive material. Much of this is in pristine condition and includes stunning air to air sequences of the TSR2 in flight, take offs and the first flight.",
    "genres" : [ {
      "id" : 99,
      "name" : "Documentary"
    } ]
  }, {
    "id" : 122665,
    "title" : "Two Gates of Sleep",
    "overview" : "After preparing for their mother's imminent death, two brothers go on an arduous upriver journey to honor her final request.",
    "genres" : [ {
      "id" : 18,
      "name" : "Drama"
    } ]
  }, {
    "id" : 122690,
    "title" : "Une Infinie Tendresse",
    "overview" : "French documentary on the world of a brain-damaged, physically-handicapped child confined to a wheel chair, unable to speak but trying desperately to communicate with his nurse and the other children in the hospital. It chronicles his friendship with another youngster even more crippled than himself, their joy in being together, their little spats and, finally, the termination of their friendship by death. Directed by Pierre Jallaud, it is a remarkable achievement, treating its subject creatively yet with complete integrity. There is no commentary, no dialogue, only the natural sounds of the children and their environment.",
    "genres" : [ ]
  }, {
    "id" : 122695,
    "title" : "Six",
    "overview" : "A controlled environment governs the fate of three strangers as they rebel against the manipulation of Compound SIX. As the hypothermia of the choking tunnels sinks in, the psychological game begins to entrap its victims, leaving their freedom debatable.",
    "genres" : [ ]
  }, {
    "id" : 122700,
    "title" : "The Daughters of Kim's Pharmacy",
    "overview" : "After an aggressive man lets his anger get the better of him, his wife takes her own life and he is forced to go on the run. The son he leaves behind grows up to have 4 daughters, but there is rumored to be a curse on his family. As the daughters find their way into relationships the curse seems to be true. Allegations of child murder, infidelity, forced into marriages with raging psychopaths.",
    "genres" : [ ]
  }, {
    "id" : 122705,
    "title" : "The Yellow",
    "overview" : "The stopped time of the entrerriana siesta. The songs of a woman like suspension bridges. A lost foreigner with desire to be. A day, an encounter. Almost like a documentary, the film introduces to us in this place; a news article to the Earth, the landscape; where a small one, but deep fiction history is shown with simplicity, the intensity and the love of the rural atmosphere that contains it.",
    "genres" : [ {
      "id" : 18,
      "name" : "Drama"
    }, {
      "id" : 10749,
      "name" : "Romance"
    } ]
  }, {
    "id" : 122710,
    "title" : "The Jesus Trip",
    "overview" : "When the police discover that their motorcycles are concealing heroin, Waco (Robert Porter) and his motorcycle gang hides out in a desert convent. A highway patrolman (Billy 'Green' Bush) hunts down the gang after they kidnap a nun, Sister Anna (Tippy Walker) and flee the convent. Soon Waco and the young nun fall in love and she is forced to decide whether or not to leave the church for him. (alfiehitchie)",
    "genres" : [ {
      "id" : 28,
      "name" : "Action"
    }, {
      "id" : 18,
      "name" : "Drama"
    } ]
  }, {
    "id" : 122720,
    "title" : "Ten Minutes Before Dying",
    "overview" : "Based entirely on photos shot inside one of Jakarta's maximum security penitentiaries, the film gives a voice to the last words of an anonymous inmate whose graffiti line the walls of the cell he occupied ten minutes before his execution.",
    "genres" : [ ]
  }, {
    "id" : 122725,
    "title" : "Charlie Noir",
    "overview" : "In this loving tribute to film noir, a hard-boiled detective goes soft when he meets a femme fatale with a voice so husky it could pull a sled.",
    "genres" : [ ]
  }, {
    "id" : 122735,
    "title" : "Kink Crusaders",
    "overview" : "The world's oldest Kink/Fetish contest - International Mr. Leather - isn't just for 'white, gay males' anymore. Now, straights, the disabled and transgender men come together to compete for this honor of masculinity. And it was all started 30 years earlier by a man who took the risk of opening Chicago's first Leather bar in the 1950's. This sexy, smart, surprisingly upbeat doc dares to ask: Is there a bit of Kink Crusader in us all?",
    "genres" : [ ]
  }, {
    "id" : 122740,
    "title" : "Highway 13",
    "overview" : "Hank Wilson is a driver for a truck for a big transportation company which is in financial straits. He is in love with Doris Lacy, a waitress at the truck-stop where the company has its truck fleet serviced. Frequent accidents near the place leads the company to hire a private detective to investigate, and when the detective is murdered Hank is arrested as a suspect. The insurance company that covers the fleet has him released and he is sent back to work with instructions to investigate the accidents on his own. The trail leads to the uncle of Doris, and one of the part-owners of the company.",
    "genres" : [ ]
  }, {
    "id" : 122745,
    "title" : "La miel se fue de la luna",
    "overview" : "Dr. Pablo, something womanizer, going to marry with Mini and cheats África, singer and his lover, telling her to wait while she is on tour in Cuba. With her, he poses as a friend industrial, Ricardo and his intention is not to see her again. While Africa is out he marries Mini, which proves to be terribly jealous. Complications ensue when Africa returns to Mexico and start searching for the fake Richard. By chance a friend of Mini will be in a beauty salon and this ensures she can take to \"Ricardo\" because is \"a friend of her husband\".  A typical sitcom with a blistering pace.",
    "genres" : [ ]
  }, {
    "id" : 122750,
    "title" : "Bubu",
    "overview" : "Bubu leaves his job in a bakery, forces his girl-friend into prostitution, and from then on lives out of the money she makes. The young couple find their place in the world of prostitutes and pimps, but the lack of perspective in their life - which is permanently haunted by the possibility of an incurable and fatal venereal infection - and the humiliations the girl endures strain their relationship and lead to conflicts.",
    "genres" : [ {
      "id" : 18,
      "name" : "Drama"
    } ]
  }, {
    "id" : 122755,
    "title" : "National Geographic: Ultimate Factories - UPS Worldport",
    "overview" : "From live sharks to million dollar documents, each year, courier services ship packages by the billions transporting just about anything to anywhere on the planet. Everyday, they work round the clock to get it all there by land, sea or air, intact exactly when you need it. And for over 100 years, one courier has taken worldwide shipping to high tech heights, UPS, the largest package delivery company on earth.",
    "genres" : [ ]
  }, {
    "id" : 122765,
    "title" : "Return of Bruce",
    "overview" : "Bruce takes on the evil kung fu masters! In this action packed adventure, Bruce Lee takes a desperate journey leading to a fortune in gold bullion. On the way, he comes face to face with the evil Vice Lord and the brutal gang members of the dreaded Black Dragon Society. The fists move fast and furious as Bruce challenges these deadly kung fu masters and proves that he is a super hero.",
    "genres" : [ {
      "id" : 80,
      "name" : "Crime"
    }, {
      "id" : 28,
      "name" : "Action"
    }, {
      "id" : 18,
      "name" : "Drama"
    }, {
      "id" : 12,
      "name" : "Adventure"
    } ]
  }, {
    "id" : 122775,
    "title" : "Why Didn't They Ask Evans?",
    "overview" : "This intriguing story is set in the 1930s at a country house, where two amateur sleuths, Bobby Jones and Lady Frankie Derwent, try to unravel the mystery behind a tale of murder, suspense and false identities. And the only clues the two have to go on are the puzzling last words of a dying man. Featuring characters created by Agatha Christie, Why Didn't They Ask Evans is a classic crime thriller sure to please murder-mystery fans.",
    "genres" : [ {
      "id" : 53,
      "name" : "Thriller"
    } ]
  }, {
    "id" : 122790,
    "title" : "Trial by Fire: Lives Re-Forged",
    "overview" : "Imagine waking up in the hospital, bandaged from head to toe, and discovering that your life, as you knew it, had been destroyed? TRIAL BY FIRE: Lives Re-Forged chronicles the inspirational and surprising journeys of seven burn survivors before and after the harrowing accidents that forever changed their lives. When you forge metal with fire it becomes stronger - it turns out the same is true of the human spirit.",
    "genres" : [ {
      "id" : 99,
      "name" : "Documentary"
    } ]
  }, {
    "id" : 122800,
    "title" : "Freelancers",
    "overview" : "The son of a slain NYPD officer joins the force, where he falls in with his father's former partner and a team of rogue cops. His new boss, Sarcone, will see if he has what it takes to be rogue through many trials and tribulations of loyalty, trust and respect. When the truth about his father's death is revealed revenge takes him over and he won't stop until justice has been truly served.",
    "genres" : [ {
      "id" : 9648,
      "name" : "Mystery"
    }, {
      "id" : 18,
      "name" : "Drama"
    }, {
      "id" : 28,
      "name" : "Action"
    }, {
      "id" : 80,
      "name" : "Crime"
    } ]
  }, {
    "id" : 122805,
    "title" : "Her Majesty, Love",
    "overview" : "The wealthy von Wellingens are shocked when the father of their son Fred's fiancée Lia juggles desserts at a formal dinner. They encourage Fred to break the engagement. Lia goes to Berlin to marry a Baron von Schwarzdorf, and Fred arrives too late to stop the marriage.",
    "genres" : [ {
      "id" : 35,
      "name" : "Comedy"
    } ]
  }, {
    "id" : 122810,
    "title" : "The Upgrade",
    "overview" : "How far would you go to get into first class on an airplane? That is the excruciating moral dilemma posed by this short film. Constance Levine, a fragile, yet eerily determined woman who will stop at nothing to obtain the ultimate luxury. A woman shows up at the right place at the wrong time and falls prey to Constance's ruthless, scheming ambitions. Like Holly Golightly on bad acid, Constance is charming one moment and seductively deadly the next. But there is one thing she can be sure of in coach... no one can hear you scream.",
    "genres" : [ ]
  }, {
    "id" : 122815,
    "title" : "Upheaval",
    "overview" : "A Chekhov adaptation about a missing heirloom.",
    "genres" : [ ]
  }, {
    "id" : 122825,
    "title" : "Minnesota Nice",
    "overview" : "A collection of cast interviews and behind-the-scenes clips from the Cohen brother's Academy Award-winning film Fargo.",
    "genres" : [ ]
  }, {
    "id" : 122830,
    "title" : "Escape from the Cursed Arcipelago",
    "overview" : "Antonio Margheriti and David Warbeck's follow up to The Last Hunter",
    "genres" : [ {
      "id" : 10752,
      "name" : "War"
    }, {
      "id" : 28,
      "name" : "Action"
    } ]
  }, {
    "id" : 122835,
    "title" : "Spanish Masala",
    "overview" : "Charlie who comes to Spain with a group of artists wants to live a new life, so he runs away from the group to find another job. Later, under some circumstances, his talent for cooking gets him the job of a chef for the Spanish ambassador.",
    "genres" : [ {
      "id" : 35,
      "name" : "Comedy"
    }, {
      "id" : 10749,
      "name" : "Romance"
    } ]
  }, {
    "id" : 122840,
    "title" : "Reality School",
    "overview" : "A school is started to teach reality television contestants to be better actors.",
    "genres" : [ ]
  }, {
    "id" : 122845,
    "title" : "The Savage Guns",
    "overview" : "From Wikipedia.org: The film takes place in a small valley in the Mexican state of Sonora, near the Arizona Territory, around 1870. Steve Fallon, a drifter and gun-for-hire, is seriously wounded while on the trail and is found by Mike Summers and his wife, Franchea. He is taken into their home and, while recovering, he learns that a local land baron, Ortega, is pressuring local ranchers to sell their land to him with the help of Danny Pose and his gang of outlaws. Fallon also develops feelings for Fanchea's sister, Juana.  Mike Summers, a former Confederate officer, had become a pacifist following his experiences during the American Civil War. Refusing to even wear a gun, he is defenseless when Danny Pose arrives at the ranch to collect \"protection\" money. Confronted by Fallon, Pose is disarmed and loses to Fallon in a brawl. He is eventually run out of town after a gunfight with Fallon ends with three of his companions dead.",
    "genres" : [ {
      "id" : 37,
      "name" : "Western"
    } ]
  }, {
    "id" : 122870,
    "title" : "Gråtass - Hemmeligheten på gården",
    "overview" : "",
    "genres" : [ ]
  }, {
    "id" : 122875,
    "title" : "My Final Note",
    "overview" : "In the hard scrabble of life in Havana, Gabriel attempts to build his perfect musical scale.",
    "genres" : [ {
      "id" : 18,
      "name" : "Drama"
    } ]
  }, {
    "id" : 122880,
    "title" : "When Taekwondo Strikes",
    "overview" : "The story is about the Japanese occupation of Korea during World War II. A Korean patriot played by Carter Wong gets into a fight with some Japanese people and is chased into a church. The priest there is captured and tortured. Trying to secure his release, the leader of the resistance, Jhoon Rhee is himself captured and tortured by the Japanese. Carter Wong, Angela Mao and Anne Winton have to now try and rescue him. This leads to an explosive climax with the heroes having to fight the likes of Wong In Sik (Hwang In-Shik), Sammo Hung and Kenji Kazama.",
    "genres" : [ {
      "id" : 28,
      "name" : "Action"
    } ]
  }, {
    "id" : 122885,
    "title" : "Buffalo Common",
    "overview" : "As its nuclear missile silos get blown-up, North Dakota scratches its head and wonders what’s next.",
    "genres" : [ ]
  }, {
    "id" : 122895,
    "title" : "Purana Mandir",
    "overview" : "Suman lives a wealthy lifestyle along with her widower dad, Thakur Ranvir Singh, and an unmarried aunt, Damyanti, in a palatial house in Bombay. They are direct descendants of Raja Hariman Singh of Bijapur. When Ranvir finds out that Suman is in love with a middle-classed male, Sanjay, he expresses displeasure and forbids her to ever see him again. When she persists, he tells her that there is a curse on the entire family - a curse that was inflicted 200 years ago by a blood-thirsty, flesh-eating demon named Samri.",
    "genres" : [ {
      "id" : 27,
      "name" : "Horror"
    } ]
  }, {
    "id" : 122920,
    "title" : "A Lizzard Too Much",
    "overview" : "A woman, married with an artist, starts a relationship with one of her students, who has already got a mistress of his own. The two rivals meet.",
    "genres" : [ {
      "id" : 18,
      "name" : "Drama"
    } ]
  }, {
    "id" : 122930,
    "title" : "Breathless",
    "overview" : "Lorna is a strong-willed Texas woman who’s had enough of her untrustworthy husband, Dale’s, criminal acts and lack of husbandry. Fed up, she enlists the help of her old friend, Tiny, to help her figure out what to do with Dale after his latest double-cross involving the theft of $100,000 from a bank.",
    "genres" : [ {
      "id" : 35,
      "name" : "Comedy"
    }, {
      "id" : 53,
      "name" : "Thriller"
    } ]
  }, {
    "id" : 122935,
    "title" : "WWE Royal Rumble 2007",
    "overview" : "Royal Rumble (2007) was the twentieth annual Royal Rumble PPV. It took place on January 28, 2007 at the AT&amp;T Center in San Antonio, Texas and featured talent from the Raw, SmackDown! and ECW brands.  The main event was the annual 30-man Royal Rumble match, which featured wrestlers from all three brands. The primary match on the Raw brand was a Last Man Standing match for the WWE Championship between John Cena and Umaga. The predominant match on the SmackDown! brand was Batista versus Mr. Kennedy for the World Heavyweight Championship. The featured match on the ECW brand was between Bobby Lashley and Test for the ECW World Championship.",
    "genres" : [ {
      "id" : 28,
      "name" : "Action"
    }, {
      "id" : 18,
      "name" : "Drama"
    } ]
  }, {
    "id" : 122940,
    "title" : "The Girl Who Knew Too Much",
    "overview" : "A runaway truck containing the corpse of a slain gang leader rolls into a California nightclub owned by Johnny Cain, a hard bitten former free-lance adventurer. The gang threatens to kill Johnny, unless he solves the murder. The CIA also investigates - because it turns out that the slaying was part of a long-range Communist plan to take over the crime syndicate. Cain's search for clues leads him into a maze of beautiful girls, mysterious Oriental statues and murderous spies.",
    "genres" : [ ]
  }, {
    "id" : 122965,
    "title" : "WWE Royal Rumble 2010",
    "overview" : "Royal Rumble (2010) was the twenty-third annual Royal RumblePPV. It took place on January 31, 2010 at the Philips Arena in Atlanta, Georgia. As has been customary since 1993, the Royal Rumble match winner received a match at that year's WrestleMania, for his choice at either the WWE Championship, the World Heavyweight Championship, or the ECW Championship.\r The main event was the annual 30-competitor Royal Rumble match which featured wrestlers from all three brands. The primary match on the Raw brand was for the WWE Championship between champion Sheamus and Randy Orton. The primary match on the SmackDown brand was between The Undertaker and Rey Mysterio for the World Heavyweight Championship. The featured match on the ECW brand was between Christian and Ezekiel Jackson for the ECW championship.",
    "genres" : [ {
      "id" : 28,
      "name" : "Action"
    } ]
  }, {
    "id" : 122975,
    "title" : "Esperando Septiembre",
    "overview" : "In economic crisis, five friends spend a hot summer in Madrid hoping to fare better in September, the month in which reactivates the city and the job offers. The finding on a plot of a bag with 20 million pesetas in bills of the old pesetas change the course of events ...",
    "genres" : [ ]
  }, {
    "id" : 122990,
    "title" : "Louie Vega - Dance Ritual NY",
    "overview" : "Master at Work \"Lil\" Louie Vega presents a look at what Dance Ritual means.",
    "genres" : [ ]
  }, {
    "id" : 122995,
    "title" : "Jag är med barn",
    "overview" : "Bosse works at an advertising agency while working on the novel of the century. At a burger restaurant he meets Lena, and before he knows it, she is pregnant. Bosse starts thinking that his life is all over, he won't get any more career opportunities, and never again will he have time for late night parties.",
    "genres" : [ {
      "id" : 35,
      "name" : "Comedy"
    } ]
  }, {
    "id" : 123000,
    "title" : "Easy Star All-Stars: Dub Side of the Moon Live",
    "overview" : "The Easy Star All-Stars performing Dub Side of the Moon live at the State Theater in Falls Church, Virginia, interspersed with original animation.",
    "genres" : [ ]
  }, {
    "id" : 123005,
    "title" : "Allez, Eddy!",
    "overview" : "The eleven year old cycling talent Freddy is the son of a butcher in an idyllic village in no man's land. His isolated life is turned upside down completely in 1975 when the first supermarket in the village opens its doors. To mark the opening the supermarket organizes a cycling race and the winner of that match will meet Eddy Merckx. Freddy's father is a fervent opponent of the supermarket and the competition, but Freddy subscribes behind his back. By participating in the race a new world opens, not only for Freddy, but also for all those around him. Written by Anonymous  (IMDB.com)",
    "genres" : [ ]
  }, {
    "id" : 123020,
    "title" : "Say Amen, Somebody",
    "overview" : "Documentary on modern black gospel music, focusing on the pioneering Rev. Thomas Dorsey and Mother Willie Mae Ford Smith",
    "genres" : [ {
      "id" : 99,
      "name" : "Documentary"
    } ]
  }, {
    "id" : 123025,
    "title" : "Batman: The Dark Knight Returns, Part 1",
    "overview" : "Batman has not been seen for ten years. A new breed of criminal ravages Gotham City, forcing 55-year-old Bruce Wayne back into the cape and cowl. But, does he still have what it takes to fight crime in a new era?",
    "genres" : [ {
      "id" : 28,
      "name" : "Action"
    }, {
      "id" : 16,
      "name" : "Animation"
    } ]
  }, {
    "id" : 123030,
    "title" : "Turn Your Radio On",
    "overview" : "Gaither Gospel Series: Recorded at Pinebrook Studios, Alexandria, Indiana",
    "genres" : [ {
      "id" : 10402,
      "name" : "Music"
    } ]
  }, {
    "id" : 123045,
    "title" : "The Practice of Love",
    "overview" : "Judith is a maverick reporter who is also seeking a satisfying relationship with various men. She finds corruption and power-games everywhere.",
    "genres" : [ ]
  }, {
    "id" : 123060,
    "title" : "Metropolitan Avenue",
    "overview" : "\"Metropolitan Avenue\" is an inspiring contemporary story about women who strive to combine new roles and old values in our rapidly changing society. We are introduced to a lively Brooklyn neighborhood which, like many urban areas, faces problems caused by racial tensions and cuts in municipal services. But in this case, a group of 'traditional' homemakers from varied ethnic backgrounds rise to the challenge and become leaders in the effort to save their community.",
    "genres" : [ ]
  }, {
    "id" : 123065,
    "title" : "Be Good",
    "overview" : "Paul - a workaholic independent filmmaker - takes charge of his sleepless baby, Pearl, when his wife, Mary, returns to work. He is slowly driven crazy by his inability to work and becomes the jerk he thought he'd never be.",
    "genres" : [ {
      "id" : 18,
      "name" : "Drama"
    } ]
  }, {
    "id" : 123070,
    "title" : "The Great Jewel Robber",
    "overview" : "Director Peter Godfrey's 1950 drama, inspired by true events, dramatizes the crime spree of the notorious jewel thief known as \"The Hollywood Raffles\", whose famous robbery victims included such real-life celebrities as Joan Crawford, Errol Flynn, Alexis Smith and Dennis Morgan. David Brian stars in the title role, and he's supported by John Archer, Marjorie Reynolds, Jacqueline de Wit, Alix Talton, Ned Glass, Perdita Chandler and columnist Sheilah Graham, playing herself.",
    "genres" : [ {
      "id" : 80,
      "name" : "Crime"
    }, {
      "id" : 18,
      "name" : "Drama"
    } ]
  }, {
    "id" : 123075,
    "title" : "The Bad Seed",
    "overview" : "Rachel is a 9-year-old girl who is perfection itself - unless she's crossed or challenged. Several disturbing recent incidents have led Rachel's mother Christine to suspect that her child is a latent murderess. Upon discovering that she herself is the daughter of a convicted killer, Christine becomes convinced that sweet little Rachel is a \"bad seed\" - an inherent killer who feels no remorse because she doesn't know any better.",
    "genres" : [ {
      "id" : 18,
      "name" : "Drama"
    }, {
      "id" : 53,
      "name" : "Thriller"
    }, {
      "id" : 27,
      "name" : "Horror"
    }, {
      "id" : 80,
      "name" : "Crime"
    } ]
  }, {
    "id" : 123095,
    "title" : "Kathy Griffin: Seaman 1st Class",
    "overview" : "Kathy Griffin renders a stand-up set at the Terrace Theater in Long Beach, Cal. Victims of Griffin's celeb-bashing wit include Miley Cyrus, Bristol Palin, Anderson Cooper, Oprah Winfrey and the Orange County housewives. Also: antics at the Grammy Awards; an encounter with Cher; and a letter from prison.",
    "genres" : [ ]
  }, {
    "id" : 123105,
    "title" : "The Bay",
    "overview" : "Two million fish washed ashore. One thousand blackbirds dropped from the sky. On July 4, 2009 a deadly menace swept through the quaint seaside town of Claridge, Maryland, but the harrowing story of what happened that Independence Day has never been told—until now. The authorities believed they had buried the truth about the tragedy that claimed over 700 human lives. Now, three years later, a reporter has emerged with footage revealing the cover-up and an unimaginable killer: a mysterious parasitic outbreak. Told from the perspective of those who were there and saw what happened, The Bay unfolds over 24 hours through people's iPhones, Androids, 911 calls, webcams, and whatever else could be used to document the nightmare in Claridge. What follows is a nerve-shredding tale of a small town plunged into absolute terror.",
    "genres" : [ {
      "id" : 27,
      "name" : "Horror"
    }, {
      "id" : 878,
      "name" : "Science Fiction"
    }, {
      "id" : 53,
      "name" : "Thriller"
    } ]
  }, {
    "id" : 123110,
    "title" : "Héen Táak",
    "overview" : "Def: Bottom of the water ( Tlingit language, first nation Alaska) \"A single drop on a calm sea reaches the furthest shore\". Heen Taak explores the wilderness of the inside passage in Alaska. A voyage from the tip of the glacier to the bottom of the ocean with men and women who live a privileged relation with water.",
    "genres" : [ ]
  }, {
    "id" : 123115,
    "title" : "Deserto di fuoco",
    "overview" : "A helicopter crashes in the Sahara Desert. The entire crew are killed - only a small infant miraculously survives. Emir Tafud, who has no children of his own, brings the child up as his successor. When Ben is 25 years old he decides to set off in search of his true parents. In Casablanca he meets French crook Jacquot, who takes him with him to Monte Carlo. They both actually manage to find Ben's mother Christine. She tells Ben that his father was a scientist on a secret mission to Africa. Christine wants Ben to stay in Monte Carlo and take over her firm, but Ben has his heart set on living in Belem with his adored Amina. But now Ben gradually unearths a dreadful secret: Christine's second husband François was responsible for the death of his father, who had discovered valuable minerals in the Sahara. After a bitter struggle, Ben finally succeeds in saving his homeland from Western greed.",
    "genres" : [ ]
  }, {
    "id" : 123150,
    "title" : "Saint of 9/11",
    "overview" : "",
    "genres" : [ {
      "id" : 99,
      "name" : "Documentary"
    } ]
  }, {
    "id" : 123160,
    "title" : "The Story",
    "overview" : "“The Story” stars Bode Miller, Lindsey Vonn, Bobby Brown, Willie Bogner, Chris Davenport, Kristi Leskinen, Chris Benchetler, Reggie &amp; Zack Crist, Mike Douglas and numerous other stars of skiing, snowboarding, speed flying, paragliding, river surfing and kite skiing. The film takes viewers into deep character dives with the most famous skiers to the most obscure ski bums as well as to the top of Mount Everest, never before skied steeps in Alaska and various gut-wrenching variations on human flight.",
    "genres" : [ ]
  }, {
    "id" : 123180,
    "title" : "Big Junior",
    "overview" : "Big Junior comes to town with a briefcase loaded with heroin. He has a meeting set up in his motel room with Skip Fawn, a local drug dealer/pimp. Fawn's girlfriend, a trashy whore named Lainey, comes along for the buy. The drug deal goes off without a hitch, but the rest of the evening quickly becomes a dark journey into total depravity and shocking real-world horror.",
    "genres" : [ {
      "id" : 27,
      "name" : "Horror"
    }, {
      "id" : 35,
      "name" : "Comedy"
    } ]
  }, {
    "id" : 123185,
    "title" : "En la red de mi canción",
    "overview" : "Don Manuel, a fisherman from Vigo has raised an important fishing fleet, seeks to place his son Andrew in front of the business. But he hates it because most outstanding live music and women. A good day appears Elena, daughter of the owner of a large factory, interested in Andrew with a view to achieving an agreement with the fishing theme. Andrew did not suspect anything, however, love will cause some changes.",
    "genres" : [ ]
  } ]
}