{
  "movies" : [ {
    "id" : 333745,
    "title" : "The Splinter",
    "overview" : "Based on a short story by Ibrahim al-Kawni that deals with the issues of mortality, the film adaptation is used to condemn those who planted landmines in Libyan territory and thus spread death over the landscape long after the end of the war.",
    "genres" : [ {
      "id" : 18,
      "name" : "Drama"
    } ]
  }, {
    "id" : 333750,
    "title" : "'66 Was a Good Year for Tourism",
    "overview" : "Directed by Amit Goren.",
    "genres" : [ ]
  }, {
    "id" : 333755,
    "title" : "A Way to Travel",
    "overview" : "Directed by Bashir El Deek.",
    "genres" : [ ]
  }, {
    "id" : 333760,
    "title" : "Short Stories About Love",
    "overview" : "Israeli mini-series directed by Gal Zaid et al.",
    "genres" : [ ]
  }, {
    "id" : 333765,
    "title" : "Private Imaginings and Narrative Facts",
    "overview" : "“A montage of still and moving images, mixing and alternating black people and white people, fantasy and reality, a presidential suite and a mother’s kitchen: a sensitive, poetic evocation in the manner of the film-maker’s Remembrance. Brilliantly colored and nostalgic, it comprises a magical transformation of painterly collage and still photographic sensibility into filmic time and space.” - Charles Boultenhouse",
    "genres" : [ ]
  }, {
    "id" : 333770,
    "title" : "10 Man Cum Slam 2",
    "overview" : "PLACE YOUR BETS These girls love swallowing cum. Well, at least they think they love it when they start the scene. But you can see the apprehension begin around the 6th cum shot. \"I have to swallow how many more?\" The 7th cumshot never goes down easy. That's the one that makes the girls blink rapidly and take a second swallow to get it all down. The 8th through 10th cum shots are the ones that you'll want to wager on. Can she do it, or will she yak? Well don't just stand their guessing, son - buy this video and find out!",
    "genres" : [ ]
  }, {
    "id" : 333775,
    "title" : "Unhittable: Sidd Finch and the Tibetan Fastball",
    "overview" : "In the spring of 1985, Sports Illustrated profiled the latest prospect of the New York Mets farm system: Sidd Finch, a Harvard dropout who spoke 10 languages, played the French horn, wore one hiking boot … and threw 168 mph. If it sounds too good to be true, that’s because it was. Finch was an elaborate hoax constructed by the late George Plimpton for SI’s April 1 issue. Unhittable brings back all of the people who made this hoax possible, including Joe Berton, the bespectacled middle school teacher who truly brought Sidd to life.",
    "genres" : [ {
      "id" : 99,
      "name" : "Documentary"
    } ]
  }, {
    "id" : 333780,
    "title" : "Abandoned in the Dark",
    "overview" : "Kane Hodder stars in \"Abandoned in the Dark\", an anthology film comprised of 4 short horror, suspense stories seamlessly connected to one another through extreme tension and gripping real life conflict. Intriguing characters find themselves in life or death situations and forced to confront their own worst fears",
    "genres" : [ ]
  }, {
    "id" : 333785,
    "title" : "EcoBungalow-LA: a documentary short",
    "overview" : "This film showcases a pay-it-forward tale of people and companies who help a family who lost everything a 2011 holiday fire due to a fallen menorah. After two years, five temporary living spaces, and surviving the fire with only the clothing on their backs, you will see a behind-the-scenes heartwarming story of the EcoBungalow-LA, a home rebuilt in an eco-friendly, energy efficient and fire safe manner.",
    "genres" : [ ]
  }, {
    "id" : 333790,
    "title" : "10 Man Cum Slam 5",
    "overview" : "SPERM IS ADDICTIVE. A new study has confirmed what we've known for a long time: the taste of sperm is addictive to whores. If you take a slut ñ defined as a girl who likes to have sex with at least 10 different men each month ñ and let her taste semen, her brain lights up in the same way as a heroin addict's. To these girls, ejaculate tastes better than chocolate. Often, the only way for these girls to cure their addiction is by swallowing so much semen in one sitting that they practically puke. Psychologists call this ìNegative Reinforcement.î We call it a 10 Man Cum Slam!",
    "genres" : [ ]
  }, {
    "id" : 333795,
    "title" : "Stigma",
    "overview" : "A young Israeli suffers a personal crisis after being released from a psychiatric hospital and returns home to find that his wife has left him taking their son with her.",
    "genres" : [ {
      "id" : 18,
      "name" : "Drama"
    } ]
  }, {
    "id" : 333800,
    "title" : "Dearly Departed: Vol. 2",
    "overview" : "Scott Michaels and the producers of Dearly Departed Vol. 1 and The Six Degrees of Helter Skelter return with this gripping second installment of the Dearly Departed documentary series. Retrace the last furious seconds of James Dean and Paul Walker's speedy lives. Follow in the death-steps of murder victims Nicole Brown Simpson and Lana Clarkson (Phil Spector). And get exclusive access to the now-demolished home where blonde B-Movie actress Yvette Vickers went from Bunny to Mummy.",
    "genres" : [ ]
  }, {
    "id" : 333805,
    "title" : "Chesapeake: The Twilight Estuary",
    "overview" : "A detective story about the investigation of an environmental mystery: What was killing the seagrasses in the Chesapeake Bay, the country's largest and richest estuary? Beneath the surface of the Chesapeake Bay, in a twilight world where shafts of light barely pierce the water, a blanket of seagrasses once flourished. These grassbeds were feeding grounds for geese and wild swans and ducks.",
    "genres" : [ ]
  }, {
    "id" : 333815,
    "title" : "The Lutefisk Wars",
    "overview" : "A rural frozen food delivery man is mistaken for someone else and ends up in the middle of an ancient feud between two Norwegian Mafia Families.",
    "genres" : [ ]
  }, {
    "id" : 333820,
    "title" : "The Diplomat",
    "overview" : "The life and legacy of Richard Holbrooke, whose singular career spans fifty years of American foreign policy, is told in this documentary from Holbrooke's eldest son David.",
    "genres" : [ {
      "id" : 99,
      "name" : "Documentary"
    } ]
  }, {
    "id" : 333830,
    "title" : "Tin-Tán El Hombre Mono",
    "overview" : "",
    "genres" : [ {
      "id" : 10751,
      "name" : "Family"
    }, {
      "id" : 35,
      "name" : "Comedy"
    } ]
  }, {
    "id" : 333835,
    "title" : "La Muerte Del Soplón",
    "overview" : "",
    "genres" : [ {
      "id" : 18,
      "name" : "Drama"
    }, {
      "id" : 28,
      "name" : "Action"
    }, {
      "id" : 80,
      "name" : "Crime"
    } ]
  }, {
    "id" : 333840,
    "title" : "Thanksgivin’, die nachtblaue Stadt",
    "overview" : "",
    "genres" : [ {
      "id" : 18,
      "name" : "Drama"
    } ]
  }, {
    "id" : 333850,
    "title" : "Flowers of the City Jail",
    "overview" : "A pregnant woman arrested for frustrated murder is sent to the Manila City Jail where she meets several women with shocking pasts.",
    "genres" : [ {
      "id" : 80,
      "name" : "Crime"
    }, {
      "id" : 18,
      "name" : "Drama"
    } ]
  }, {
    "id" : 333855,
    "title" : "BKA 49-77",
    "overview" : "Story of the car accident told from different perspectives. Everyone has his part of responsibility but some have taken a bigger piece.",
    "genres" : [ {
      "id" : 18,
      "name" : "Drama"
    } ]
  }, {
    "id" : 333860,
    "title" : "Children in the Classroom",
    "overview" : "A short documentary about the behaviour of Japanese primary school students.",
    "genres" : [ {
      "id" : 99,
      "name" : "Documentary"
    } ]
  }, {
    "id" : 333865,
    "title" : "From Fat to Finish Line",
    "overview" : "The journey of 12 people who share the common bond of losing 100 pounds on average and then embarking on one of the biggest challenges of their lives - the 200 mile mega distance Ragnar Relay Race.",
    "genres" : [ {
      "id" : 99,
      "name" : "Documentary"
    } ]
  }, {
    "id" : 333870,
    "title" : "Falling Pink",
    "overview" : "You are about to see a surrealistic study of an infantile creator",
    "genres" : [ ]
  }, {
    "id" : 333875,
    "title" : "El Entrepiso",
    "overview" : "Hector is a pianist and needs to work at night to play for the day. He starts working as a night watchman in a television production company. Walking around and checking the entrance of staff are his duties. Everything seems to be under control until he goes to a forbidden zone. The mezzanine.",
    "genres" : [ ]
  }, {
    "id" : 333880,
    "title" : "Silence, No Entry",
    "overview" : "Directed by Abdellah Masbahi.",
    "genres" : [ ]
  }, {
    "id" : 333885,
    "title" : "Rockinghorse",
    "overview" : "Ami Susetz, an Israeli artist, abandons his wife and daughter in New-York, and comes back to his home land after years of absence.",
    "genres" : [ ]
  }, {
    "id" : 333895,
    "title" : "The Greedy Ones",
    "overview" : "Directed by Rimon Butros.",
    "genres" : [ ]
  }, {
    "id" : 333900,
    "title" : "The Switch",
    "overview" : "Directed by Amali Bahansi.",
    "genres" : [ ]
  }, {
    "id" : 333905,
    "title" : "Cyber Palestine",
    "overview" : "Tweed, Bird, and Johnny are three outcasts who just want to belong. Obsessed with computer games they buy one from a street peddler and end up entering an alternate universe, much like theirs but instead they're the most popular boys in school. The alternate universe is their dream world and they have to choose whether or not to leave.",
    "genres" : [ ]
  }, {
    "id" : 333910,
    "title" : "Torn",
    "overview" : "Amanda Peadar-Collins keep you at attention through this trivial plot about love, jealousy and infidelity. The men in the cast become a part of the wallpaper, but the setting in Florida is great. There are lots of juggling boobs and simulated sex, in warm and partly wet environments. Kate, played by Amanda is a writer with writer’s block, and goes with boyfriend and two other couples to Florida to visit a friend living on the waterfront. One of the other two girls is having an affair with Kate’s boyfriend. The mood of the movie is set in the jacuzzi and on the sunny beach. Nice couples touch to the movie, which is definitely softcore. These girls must have been in Playboy.",
    "genres" : [ ]
  }, {
    "id" : 333915,
    "title" : "Sexy Assassins",
    "overview" : "A gorgeous hit woman pulls the trigger on passion when she falls for her handsome target. Can they put their mutual attraction aside long enough to find who put the hit out on him?",
    "genres" : [ ]
  }, {
    "id" : 333920,
    "title" : "The Barred Road",
    "overview" : "Directed by Salah Abouseif.",
    "genres" : [ ]
  }, {
    "id" : 333925,
    "title" : "The Way",
    "overview" : "The Algerian War is seen through the eyes of a group of Algerian freedom-fighters who have been captured and incarcerated in French-run military prisons both in France and Algeria. In addition to attempts at escape, this prison drama also includes propaganda and brainwashing attempts by the French and scenes of torture. In what is possibly the most horrible torture of all, the inmates are forced to listen to broadcast speeches by General Charles de Gaulle -- speeches which illustrate the changing relations between the French and the Algerians.",
    "genres" : [ ]
  }, {
    "id" : 333930,
    "title" : "Naughty Reunion",
    "overview" : "Five former classmates agree to split the cost of a rental house in Santa Barbara. Each one hopes to hook up with someone they used to have a crush on. A bad guy figures he will seduce the smart one for sport but ends up falling for her. Each one ends up with the person they least expect.",
    "genres" : [ ]
  }, {
    "id" : 333935,
    "title" : "Woodentop",
    "overview" : "Woodentop became the forerunner to long-running British police television series The Bill, which went on air 14 months later and continued for 26 years. Woodentop depicts PC Jim Carver's first day at Sun Hill Police Station, where he is partnered with experienced WPC June Ackland. The day is an eventful one; the pair's first assignment together leads them to discovering a decomposing woman's body in her bath. Later whilst on patrol Jim encounters a rude youngster and influenced by comments made by older officers at the station decides to clip him round the ear. This action results in him receiving a reprimand at the station from Sergeant Wilding",
    "genres" : [ ]
  }, {
    "id" : 333940,
    "title" : "Gentleman",
    "overview" : "Gentleman is a 1989 Indian feature film directed by Vinod R Verma, starring Govinda and Anuradha Patel",
    "genres" : [ {
      "id" : 35,
      "name" : "Comedy"
    }, {
      "id" : 10769,
      "name" : "Foreign"
    }, {
      "id" : 28,
      "name" : "Action"
    }, {
      "id" : 18,
      "name" : "Drama"
    } ]
  }, {
    "id" : 333945,
    "title" : "סרטים מהספרים - שמוליק קיפוד",
    "overview" : "Includes fully animated + original music for the classic Hebrew children stories:\r Shmulik Kipod by Kush\r Hatzav Shel Oren by Mira Meir\r Halo, Halo Abba by Hanna Oren",
    "genres" : [ ]
  }, {
    "id" : 333950,
    "title" : "פצפונים",
    "overview" : "",
    "genres" : [ ]
  }, {
    "id" : 333955,
    "title" : "Taxi of Love",
    "overview" : "Directed by Niazi Mostafa.",
    "genres" : [ ]
  }, {
    "id" : 333960,
    "title" : "My Pure Joy",
    "overview" : "On the outside Adam appears to be a normal teenager, but underneath...his mind has been so rotted by trauma from his past and the gory films he watches, that he has blurred the lines between reality and pretend! This prompts Adam to start killing people in similar ways to films he watches, making sure to put his own little spin on it.",
    "genres" : [ {
      "id" : 27,
      "name" : "Horror"
    }, {
      "id" : 35,
      "name" : "Comedy"
    } ]
  }, {
    "id" : 333965,
    "title" : "Fuegos",
    "overview" : "",
    "genres" : [ ]
  }, {
    "id" : 333970,
    "title" : "Tita and Wong",
    "overview" : "Directed by Amina Muhammad.",
    "genres" : [ ]
  }, {
    "id" : 333975,
    "title" : "Torbat",
    "overview" : "",
    "genres" : [ ]
  }, {
    "id" : 333980,
    "title" : "Le Dernier des Immobiles",
    "overview" : "",
    "genres" : [ {
      "id" : 35,
      "name" : "Comedy"
    } ]
  }, {
    "id" : 333985,
    "title" : "Toonstone",
    "overview" : "The story takes place in 1870 in the Wild West and revolves around a country musician named Dalton who takes a job as the sheriff of Toonstone to support his livelihood as he chases outlaws, aliens and his ultimate dream... his music.",
    "genres" : [ ]
  }, {
    "id" : 333990,
    "title" : "Friends and Heroes - No Way Out",
    "overview" : "The ancient world of the First Century comes alive in this epic animated series from an award-winning team, with major credits on films including Star Wars and The Miracle Maker. Friends and Heroes follows the adventures of two friends - Macky and Portia - as they fight for justice, and even survival, against the might of the Roman Empire. In No Way Out, Macky and his family have left Alexandria and sought safety out in the desert, but news from Sollie takes our heroes back to the city where they encounter an old adversary who has learnt some important lessons. The story of Jonah and the big fish and the parable of The Prodigal Son show our friends how important it is to be obedient, and to strive to make positive choices.",
    "genres" : [ ]
  }, {
    "id" : 333995,
    "title" : "The American Dream: Volume 2",
    "overview" : "America was discovered almost by accident and settled by those whose common dream was the hope of living a new and better life. Free from persecution, they were determined to form a government of the people, by the people and for the people. Throughout two hundred and twenty years of revolution, civil war, world wars, We are proud to present this comprehensive two-volume limited collector's edition on the history of the United States. Discover how America has become the greatest nation on Earth: from Plymouth Rock to Rock and Roll; from the Declaration of Independence to Independent Counsels; from the Gilded Age to the Information Age; from George Washington to Bill Clinton. America's rich history is an enduring legacy of the human spirit and the power of democracy.depressions, political achievements and deceptions, the American Nation continues to grow and flourish.",
    "genres" : [ ]
  }, {
    "id" : 334000,
    "title" : "The World of the Vampires",
    "overview" : "A vampire uses two sisters to seek revenge from the last member of a family that persecuted the undead in Europe, but his plan is threatened by a man who knows how to destroy him with a peculiar piece of music.",
    "genres" : [ {
      "id" : 27,
      "name" : "Horror"
    } ]
  }, {
    "id" : 334005,
    "title" : "Stellar Chronicles",
    "overview" : "Amaryllis, an alien, came to our planet to prevent the Earth's destruction, as happens with her own planet, and to take revenge to the Greys, the race whom destroyed her kind.",
    "genres" : [ {
      "id" : 878,
      "name" : "Science Fiction"
    } ]
  }, {
    "id" : 334010,
    "title" : "Steve Vai: Stillness in Motion: Vai Live in L.A.",
    "overview" : "Stillness In Motion - Vai Live in L.A., a spectacular performance recorded October 12, 2012 at Club Nokia in Los Angeles revisits the 49th concert from Vai's monumental Story of Light World Tour. Running from 2012 through 2014, The Story of Light World Tour totaled out at 253 engagements (including shows, master classes and concerts with various orchestras) in 52 countries. In addition to the full Club Nokia performance, Stillness In Motion includes a bonus feature premiering \"The Space Between the Notes (Tour Mischief),\" a revelatory video diary comprised of more than three and a half hours of footage, lensed around the world on-stage, off-stage and behind-the-scenes during Vai's epic Story of Light World Tour.",
    "genres" : [ {
      "id" : 10402,
      "name" : "Music"
    } ]
  }, {
    "id" : 334015,
    "title" : "Scar",
    "overview" : "Directed by Haim Bouzaglo.",
    "genres" : [ ]
  }, {
    "id" : 334020,
    "title" : "Ommi Traki",
    "overview" : "Directed by Abderrazek Hammami.",
    "genres" : [ ]
  }, {
    "id" : 334025,
    "title" : "Captured on Film: The True Story of Marion Davies",
    "overview" : "Documentary on the life of Marion Davies",
    "genres" : [ ]
  }, {
    "id" : 334030,
    "title" : "Forget Me Not",
    "overview" : "Takashi Hayama (Nijiro Murakami) is a third year high school student. He falls in love with Azusa Oribe (Akari Hayami) at first sight and they begin to date.  One day, Azusa tells Takashi \"people who meet me, forget about me several hours later.\"  Takashi doesn't believe Azusa, but by chance he realizes that he forgot about Azusa. So he won't forget Azusa, Takashi begins to leave a note for himself and Azusa.",
    "genres" : [ {
      "id" : 18,
      "name" : "Drama"
    } ]
  }, {
    "id" : 334035,
    "title" : "Weit hinter dem Horizont",
    "overview" : "",
    "genres" : [ {
      "id" : 18,
      "name" : "Drama"
    } ]
  }, {
    "id" : 334040,
    "title" : "The End of the Reel",
    "overview" : "His desire for life extinguished by the grief of losing his beloved wife, Edward waits to die.",
    "genres" : [ ]
  }, {
    "id" : 334050,
    "title" : "A Very Perfect Couple",
    "overview" : "",
    "genres" : [ {
      "id" : 18,
      "name" : "Drama"
    } ]
  }, {
    "id" : 334055,
    "title" : "Sixteen",
    "overview" : "An early Carlos Hugo Christensen melodrama produced by Lumiton in 1943. Based on the British play Sixteen by Aimée &amp; Philip Stuart. A naive teenager faces a distressing reality that instills in her the idea of suicide.",
    "genres" : [ {
      "id" : 18,
      "name" : "Drama"
    } ]
  }, {
    "id" : 334060,
    "title" : "Marion du Faouët",
    "overview" : "Historical drama centred around the legendary Breton heroine Marion du Faouët who was born Marie-Louise Tromel in 1735 in the little village of Faouët in Brittany. She became the leader of a group of highway robbers.",
    "genres" : [ {
      "id" : 36,
      "name" : "History"
    }, {
      "id" : 18,
      "name" : "Drama"
    }, {
      "id" : 12,
      "name" : "Adventure"
    } ]
  }, {
    "id" : 334070,
    "title" : "World's Biggest Festival - Kumbh Mela",
    "overview" : "Welcome to the largest human gathering ever in this one-hour special, World’s Biggest Festival: Kumbh Mela.  Imagine a crowd so massive, it is visible from space.  A crowd, likely 100 million strong, intent on just one thing: bathing in a sacred river to wash away sins and gain a chance at a new beginning.  In the World’s Biggest Festival: Kumbh Mela, experience the dazzling spectacle of spiritual fervour and collective diversity as Hindus from across the globe converge on the Maha Kumbh Mela.  Not only is it the world’s largest religious festival, but it is also believed to be the largest gathering of humans in one place, at one time on Earth.",
    "genres" : [ {
      "id" : 99,
      "name" : "Documentary"
    } ]
  }, {
    "id" : 334075,
    "title" : "Ferguson: A Report From Occupied Territory",
    "overview" : "In the Fusion documentary Ferguson: A Report from Occupied Territory, we turn to the residents of St. Louis County to tell us what it’s like to be racially profiled and under siege.",
    "genres" : [ {
      "id" : 99,
      "name" : "Documentary"
    } ]
  }, {
    "id" : 334080,
    "title" : "Tiktak: Hei me soitetaan... oikeesti!",
    "overview" : "A terrifying rockymentary of the terrifying no. 1 chart busting girl band",
    "genres" : [ {
      "id" : 99,
      "name" : "Documentary"
    }, {
      "id" : 10402,
      "name" : "Music"
    } ]
  }, {
    "id" : 334085,
    "title" : "Jillian Michaels - Extreme Shed and Shred",
    "overview" : "This exciting fusion style workout blends everything from kickboxing and Brazilian Jiu-Jitsu to yoga and weight training in order to get you in incredible shape quickly while you have fun doing it. There are two 45-minute workouts that range in difficulty level, offering everything from intermediate to advanced moves while giving modifications for the beginner and the extreme athlete looking for a challenge. So, whether you are looking to drop 50 lbs, or get in the best shape of your life, Jillian Michaels Extreme Shed &amp; Shred will deliver on its promise of insane ripped results in a hurry",
    "genres" : [ ]
  }, {
    "id" : 334090,
    "title" : "Alf's Button",
    "overview" : "A soldier discovers a button made from Aladdin's lamp grants wishes when rubbed.",
    "genres" : [ {
      "id" : 35,
      "name" : "Comedy"
    }, {
      "id" : 14,
      "name" : "Fantasy"
    } ]
  }, {
    "id" : 334095,
    "title" : "Bokays and Brickbatz",
    "overview" : "A Bill Nolan Krazy Kat cartoon released August 15, 1925.",
    "genres" : [ ]
  }, {
    "id" : 334100,
    "title" : "K1 - A Film About Prostitutes",
    "overview" : "György Dobrai's movie about the prostitution on the streets. Rákóczi Square is the center of the prostitution in Budapest. Everybody knows this much. But not too many people actually know what really goes on behind the scenes. This documentary attempted to cover these unknown spots of the business.  Nude screens, rude language and the forbidden shadows of the Hungarian Socialism - the movie was banned for years in that time.",
    "genres" : [ {
      "id" : 99,
      "name" : "Documentary"
    } ]
  }, {
    "id" : 334105,
    "title" : "Jonathan's Liebe",
    "overview" : "",
    "genres" : [ {
      "id" : 18,
      "name" : "Drama"
    } ]
  }, {
    "id" : 334110,
    "title" : "The Devil in the Church",
    "overview" : "A young modern woman goes to church and all hell breaks loose.",
    "genres" : [ {
      "id" : 14,
      "name" : "Fantasy"
    }, {
      "id" : 16,
      "name" : "Animation"
    } ]
  }, {
    "id" : 334115,
    "title" : "Liebe, Babys und ein Herzenswunsch",
    "overview" : "",
    "genres" : [ {
      "id" : 18,
      "name" : "Drama"
    } ]
  }, {
    "id" : 334120,
    "title" : "Uranium: Is It a Country?",
    "overview" : "",
    "genres" : [ {
      "id" : 99,
      "name" : "Documentary"
    } ]
  }, {
    "id" : 334125,
    "title" : "A Harlem Mother",
    "overview" : "In 1998, 18 year old Latron Parker made documentary about difficulties growing up in Harlem. Eights years later he was shot dead on the street. Today his mother Jean fights youth gun violence and helps other parents to survive the pain through her organization, Harlem Mothers. Weaving footage from Latron’s own film with scenes from Jean’s new life today.",
    "genres" : [ ]
  }, {
    "id" : 334130,
    "title" : "Open Secret",
    "overview" : "OPEN SECRET chronicles Steve Lickteig's 20-year search for who his real birth parents were; why a whole town kept the truth from him; and how his family's tumultuous history revolves around the hidden lives of two unconventional women.",
    "genres" : [ ]
  }, {
    "id" : 334135,
    "title" : "Jeziorak",
    "overview" : "",
    "genres" : [ {
      "id" : 80,
      "name" : "Crime"
    }, {
      "id" : 18,
      "name" : "Drama"
    } ]
  }, {
    "id" : 334140,
    "title" : "Ask Us Who We Are",
    "overview" : "Directed by Bess O'Brien.",
    "genres" : [ ]
  }, {
    "id" : 334145,
    "title" : "First Time for Everything",
    "overview" : "A little boy, Kolya, accidently meets his father for the first time in his life. Father and son rediscover each other, overcoming inner misunderstandings as well as numerous obstacles in their life path.",
    "genres" : [ ]
  }, {
    "id" : 334150,
    "title" : "Plastic Sex",
    "overview" : "Blow-out sex romp featuring inflatable dolls and fish.",
    "genres" : [ ]
  }, {
    "id" : 334155,
    "title" : "Shanghai Hotel",
    "overview" : "The Shanghai Hotel is the story of a young woman named Yin Yin (Eugenia Yuan), who illegally buys her way to the USA from communist China hoping to make a better life for herself and her family. After a long, treacherous journey stowed away in a dark hull of an overcrowded cargo ship, Yin Yin arrives in New York City for what she thinks will be the beginning of a better life. Falsely promised a job in the technology industry, her dreams are shattered when she is told by the Snakeheads, an Asian gang, that her debt is much higher than expected. To pay off that additional debt she will have to work it off by being a prostitute. Yin Yin is devastated by the news that she is being sold into the sex slave trade. The rundown, decrepit building that Yin Yin and the other prostitutes live and work in is known as the Shanghai Hotel. Women from Thailand, Korea and China all reside in the Shanghai Hotel.",
    "genres" : [ ]
  }, {
    "id" : 334160,
    "title" : "Flower Girl",
    "overview" : "When a young flower girl chases her bonnet off of a cliff during a wedding ceremony, the event develops mythological significance to the wedded couple who refuse to speak openly about that day.",
    "genres" : [ ]
  }, {
    "id" : 334165,
    "title" : "Osayo koisugata",
    "overview" : "A silent movie by Yasujirô Shimazu.",
    "genres" : [ ]
  }, {
    "id" : 334170,
    "title" : "To Climb a Gold Mountain",
    "overview" : "To Climb a Gold Mountain tells the true stories of four women from Asian descent who lived in America over the span of 160 years. Each woman fought in her own way to make a difference. Each woman represents a distinct theme of struggle and triumph, and ushers in another story leading up to the present time.",
    "genres" : [ ]
  }, {
    "id" : 334175,
    "title" : "Siccîn",
    "overview" : "Öznur is a young and beautiful woman. She has had a platonic love since childhood to Kudret, who is her cousin. Kudret, however, is married to a woman named Nisa and is very happy. Jealous, Öznur uses terrible black magic to change this so that she and Kudret will be together. However, she is not prepared for the evil that this spell unleashes.",
    "genres" : [ {
      "id" : 27,
      "name" : "Horror"
    } ]
  }, {
    "id" : 334180,
    "title" : "The Gift Supreme",
    "overview" : "",
    "genres" : [ {
      "id" : 18,
      "name" : "Drama"
    } ]
  }, {
    "id" : 334185,
    "title" : "Seconds",
    "overview" : "Seconds is a Malayalam thriller film directed by Aneesh Upasana. The film stars Jayasurya, Aparna Nair, Vinay Forrt, Ajay Nataraj, Ambika Mohan, Riyaz Khan, Anusree Nair, Salim Kumar, Shankar Ramakrishnan and Vinayakan in prominent roles. Released on December 5, 2014. The film is told in a non linear format is a multi narrative that revolves around a murder that happens in the elevator of a plush city apartment. Four unrelated persons of which one was a ruffian were in the lift of which two were left seriously injured and one, dead. The police officer on investigation, Bimal Vaas then asks for the whereabouts of the persons who were in the lift and we are also given the glimpses of each of their lives on the day of the fatal incident.",
    "genres" : [ {
      "id" : 9648,
      "name" : "Mystery"
    }, {
      "id" : 53,
      "name" : "Thriller"
    } ]
  }, {
    "id" : 334195,
    "title" : "Prelude to an Announced Death",
    "overview" : "\"Prelude to an Announced Death\" (5', 1991) is the artist's final work, completed shortly before his demise. It is one of the rare moments in which França's work in video assumes a quasi-documentary character. Set against a dramatic rendition of \"La Traviata\" by Brazilian singer Bidu Sayão, the artist's body touches that of his partner, Geraldo Rivello, as the names of all their friends killed by AIDS scroll across the screen above them.",
    "genres" : [ {
      "id" : 18,
      "name" : "Drama"
    } ]
  }, {
    "id" : 334200,
    "title" : "High School Scandal",
    "overview" : "When they were about to graduate from high school... just after their junior-senior prom, trouble exploded!",
    "genres" : [ ]
  }, {
    "id" : 334205,
    "title" : "Jennifer",
    "overview" : "In the near future, a tough job market results in a creative solution for handling dangerous convicted felons.",
    "genres" : [ {
      "id" : 18,
      "name" : "Drama"
    }, {
      "id" : 35,
      "name" : "Comedy"
    } ]
  }, {
    "id" : 334210,
    "title" : "Greed",
    "overview" : "To succeed to his father, Lid Kyle sets out a journey to defeat the incarnation of the evil that seems to dominate the world. Longn and Mimau also began to journey to achieve his father’s will. On their way, Key and Bagda join them. They overcome some difficulties, and finally they met Vaii, the evil. They managed to beat Vaii, but it still doesn't solve their problem....",
    "genres" : [ {
      "id" : 878,
      "name" : "Science Fiction"
    }, {
      "id" : 12,
      "name" : "Adventure"
    }, {
      "id" : 18,
      "name" : "Drama"
    }, {
      "id" : 14,
      "name" : "Fantasy"
    } ]
  }, {
    "id" : 334215,
    "title" : "The Wedding",
    "overview" : "Directed by Fahdel Jaibi and Fadhel Jaziri.",
    "genres" : [ ]
  }, {
    "id" : 334220,
    "title" : "Inspector Tahar's Holiday",
    "overview" : "Directed by Moussa Haddad.",
    "genres" : [ {
      "id" : 35,
      "name" : "Comedy"
    } ]
  }, {
    "id" : 334225,
    "title" : "The Thief",
    "overview" : "One of Merzak Allouache's graduation films.",
    "genres" : [ ]
  }, {
    "id" : 334230,
    "title" : "Journey to the Land of Rimbaud",
    "overview" : "",
    "genres" : [ ]
  }, {
    "id" : 334235,
    "title" : "Pangs of Remorse",
    "overview" : "",
    "genres" : [ ]
  }, {
    "id" : 334240,
    "title" : "What's Michael?",
    "overview" : "Michael is a cat - with a difference. He lives with a cartoonist and his wife and does his best to keep his cool amid the trials of everyday life in suburbia, like fussing human girls, the local tough cat Nyazilla - just like big grey lizard, a foe too fearsome to take risks with - and the females of his own species.",
    "genres" : [ {
      "id" : 16,
      "name" : "Animation"
    }, {
      "id" : 35,
      "name" : "Comedy"
    } ]
  }, {
    "id" : 334245,
    "title" : "Altar",
    "overview" : "It's the story of Anton, an ex-boxer who wakes up in an airless room, seemingly without any sense of direction or purpose. A fateful breeze wafts into the room; a tabloid newspaper opens to a specific page: \"Help wanted.\" He ends up watching a dilapidated old house in the lonelier outskirts of Metro Manila.",
    "genres" : [ {
      "id" : 27,
      "name" : "Horror"
    } ]
  }, {
    "id" : 334250,
    "title" : "No Time for Love",
    "overview" : "",
    "genres" : [ ]
  }, {
    "id" : 334255,
    "title" : "10 Man Cum Slam 17",
    "overview" : "Christie Lee is one of those girls who’s in porn to get back at her parents. Take it as a cautionary tale. Don’t be too much of a disciplinarian with your daughter, or you’ll regret it when she turns 18. Imagine your coworker pulling out this DVD and saying, “Dude, isn’t this your daughter swallowing 10 loads of sperm… including black guys?” Of course it will circulate around the office. Everyone will want to see what your hot little girl looks like whoring out her mouth and body. If you’re the boss, it will be even worse. Of course, if you’re too lax in raising your daughter, she will end up draining 10 cocks on camera anyway. Our advice? Only have sons.",
    "genres" : [ ]
  }, {
    "id" : 334260,
    "title" : "The Advice of a Wise Man in Matters of the Village and Education",
    "overview" : "",
    "genres" : [ ]
  }, {
    "id" : 334265,
    "title" : "Les chroniques de l'île du roi boiteux (n°1: Pâques. n°2: Les enfants du serpent)",
    "overview" : "A documentary in two parts on magic in the Philippines, shot in the witchcraft island of Siquijor. First part: Easter: Easter season's sorcerers' magic potions, curses and healing. Second part: Children of the serpent: The magical power given by the snake to the peasants shamans.",
    "genres" : [ {
      "id" : 99,
      "name" : "Documentary"
    } ]
  }, {
    "id" : 334270,
    "title" : "Peter Maffay - Laut und Leise - live",
    "overview" : "",
    "genres" : [ {
      "id" : 10402,
      "name" : "Music"
    } ]
  }, {
    "id" : 334275,
    "title" : "Armored Trooper Votoms: Big Battle",
    "overview" : "In the neutral city A'koba the Baralant military uses robot gladiator fights to test battle robots before they are used in real wars. Chirico Cuvie a previous Red Shoulder from the Melkia military and some friends are trying to steal jijirium from Karman Tomus a former technological officer from the Melkia military. Chirico needs it to save his woman, Fyana who is a Gilgamesh PS. Karman Tomus is also looking for the PS Fyana. When Fyana is kidnapped Chirico is forced to fight the local robot battle champion, Niva and the Balarant military who is trying to create their own PS. Niva has a personal grudge against Red Shoulders because he was beaten by them at the fields of Orom. Niva was tried turned into a PS, and thus also hates Fyana. Niva turns Fyana against Chirico and the fight gets much more difficult, since Fyana must not be harmed.",
    "genres" : [ {
      "id" : 878,
      "name" : "Science Fiction"
    }, {
      "id" : 18,
      "name" : "Drama"
    } ]
  } ]
}