{
  "movies" : [ {
    "id" : 33120,
    "title" : "Twisted Roots",
    "overview" : "In this stylish Finnish drama, the secrets and desires of a family can no longer be suppressed. Mikko turns out to have a hereditary illness. Since then he has been worried. How long can he continue to run the family business that he and inherited from his father, just like his illness? And how does he tell his teenage daughter and adult son that they might have the wrong genes? The imaginative eight-year-old Lumi, adopted from China, also cannot get away from her roots.",
    "genres" : [ ]
  }, {
    "id" : 33125,
    "title" : "Border",
    "overview" : "The year is 1971 when the Pakistani Army is at war with the Indian Soldiers. The Indian battalion is posted in Longewala region in Punjab and are just 150 in number while the Pakistani Army consists of 2000 armed soldiers with tanks.",
    "genres" : [ {
      "id" : 28,
      "name" : "Action"
    }, {
      "id" : 10769,
      "name" : "Foreign"
    }, {
      "id" : 36,
      "name" : "History"
    } ]
  }, {
    "id" : 33130,
    "title" : "Gewoon Hans",
    "overview" : "No overview found.",
    "genres" : [ {
      "id" : 10769,
      "name" : "Foreign"
    } ]
  }, {
    "id" : 33135,
    "title" : "Fun",
    "overview" : "Bonnie and Hillary are two young lost souls who meet one day and discover that they get along. They talk about their lives and run around and and keep getting really excited. Their day escalates into an eruption of violence and rage that can only be understood by the two girls.",
    "genres" : [ {
      "id" : 18,
      "name" : "Drama"
    }, {
      "id" : 53,
      "name" : "Thriller"
    }, {
      "id" : 10749,
      "name" : "Romance"
    }, {
      "id" : 10769,
      "name" : "Foreign"
    } ]
  }, {
    "id" : 33145,
    "title" : "Satte Pe Satta",
    "overview" : "After the passing away of their parents, Ravi Anand, the eldest of seven brothers, takes it upon himself to raise them - albeit a little wild and kinda animal-like. The brothers all sport long beards, hate taking showers/baths, and above all hate Ravi bossing them around. rest of the story is about how a look a like Ravi comes in to there life",
    "genres" : [ {
      "id" : 35,
      "name" : "Comedy"
    }, {
      "id" : 10769,
      "name" : "Foreign"
    } ]
  }, {
    "id" : 33150,
    "title" : "Howard Zinn: You Can't Be Neutral on a Moving Train",
    "overview" : "You Can't Be Neutral documents the life and times of the historian, activist and author of the best selling classic \"A People's History of the United States\". Featuring rare archival materials, interviews with Howard Zinn as well as colleagues and friends including Noam Chomsky, Marian Wright Edelman, Daniel Ellsberg, Tom Hayden and Alice Walker.",
    "genres" : [ {
      "id" : 99,
      "name" : "Documentary"
    } ]
  }, {
    "id" : 33155,
    "title" : "Galaxina",
    "overview" : "Galaxina is a lifelike, voluptuous android who is assigned to oversee the operations of an intergalactic Space Police cruiser captained by incompetent Cornelius Butt. When a mission requires the ship's crew to be placed in suspended animation for decades, Galaxina finds herself alone for many years, developing emotions and falling in love with the ship's pilot, Thor.",
    "genres" : [ {
      "id" : 35,
      "name" : "Comedy"
    }, {
      "id" : 878,
      "name" : "Science Fiction"
    } ]
  }, {
    "id" : 33160,
    "title" : "Young People Ask: What Will I Do With My Life?",
    "overview" : "Children are sometimes asked, “What do you want to be when you grow up?” When you were a small boy, would you have said that you wanted to be a cowboy? a fireman? a circuit overseer? Or as a little girl, would you have said that you wanted to be a ballerina? a nurse? a missionary? Now that you are older, you must ask yourself another question,‘What will I do with my life?’ Are you ready to decide?",
    "genres" : [ ]
  }, {
    "id" : 33170,
    "title" : "Pornostar",
    "overview" : "A young man decides one day to start killing yakuza. After he kills his first two he gets roped into helping a wannabe gangster and his bumbling underlings to perform a hit. While things work out in the beginning, this young psychopath quickly becomes more trouble than the gang expected. Will they be able to rid themselves of him, or will they be his next victims?",
    "genres" : [ {
      "id" : 80,
      "name" : "Crime"
    } ]
  }, {
    "id" : 33175,
    "title" : "The Actors",
    "overview" : "During the run of a particularly awful interpretation of Richard III, the star, Anthony O'Malley, begins to frequent a rough pub to develop his character. He meets Barreller who he discovers owes someone he's never met a considerable sum of money. Seeing an opportunity to make some fast money, O'Malley convinces hapless extra, Tom, to meet Barreller as the debt collector.",
    "genres" : [ {
      "id" : 35,
      "name" : "Comedy"
    } ]
  }, {
    "id" : 33195,
    "title" : "Triage",
    "overview" : "The wife of a photojournalist sets out to discover why he came home from a recent assignment without his colleague.",
    "genres" : [ {
      "id" : 18,
      "name" : "Drama"
    }, {
      "id" : 53,
      "name" : "Thriller"
    }, {
      "id" : 9648,
      "name" : "Mystery"
    } ]
  }, {
    "id" : 33200,
    "title" : "Nuit blanche",
    "overview" : "Explores a fleeting moment between two strangers, revealing their brief connection in a hyper real fantasy.",
    "genres" : [ {
      "id" : 18,
      "name" : "Drama"
    }, {
      "id" : 14,
      "name" : "Fantasy"
    } ]
  }, {
    "id" : 33205,
    "title" : "Dodes'ka-den",
    "overview" : "By turns tragic and transcendent, Akira Kurosawa’s film follows the daily lives of a group of people barely scraping by in a slum on the outskirts of Tokyo. Yet as desperate as their circumstances are, each of them—the homeless father and son envisioning their dream house; the young woman abused by her uncle; the boy who imagines himself a trolley conductor—finds reasons to carry on. The unforgettable Dodes’ka-den was made at a tumultuous moment in Kurosawa’s life. And all of his hopes, fears, and artistic passion are on fervent display in this, his gloriously shot first color film.",
    "genres" : [ {
      "id" : 18,
      "name" : "Drama"
    } ]
  }, {
    "id" : 33210,
    "title" : "Army of 8",
    "overview" : "No overview found.",
    "genres" : [ ]
  }, {
    "id" : 33215,
    "title" : "Tenure",
    "overview" : "Despite his outstanding intellect, associate professor Charlie Thurber is a chronic underachiever and has never received university tenure. Aided by his nutty best friend, Charlie launches a final effort to make the grade at Gray College. But a beautiful new teacher whose ascending star threatens to eclipse him shakes up Charlie's plans.",
    "genres" : [ {
      "id" : 35,
      "name" : "Comedy"
    } ]
  }, {
    "id" : 33220,
    "title" : "Bullshit",
    "overview" : "Her opponents gave her the “Bullshit Award” for sustaining global poverty. Time Magazine hailed her as one of the great heroes of our time – an icon for young people all over the world. She is Vandana Shiva and this is a film about globalization, genetic engineering, bio-piracy, and indigenous knowledge.",
    "genres" : [ {
      "id" : 99,
      "name" : "Documentary"
    } ]
  }, {
    "id" : 33225,
    "title" : "Girl's Best Friend",
    "overview" : "A disgruntled music critic travels cross-country with her inheritance -- a Jack Russell Terrier named Binky.",
    "genres" : [ {
      "id" : 10770,
      "name" : "TV Movie"
    }, {
      "id" : 35,
      "name" : "Comedy"
    }, {
      "id" : 18,
      "name" : "Drama"
    } ]
  }, {
    "id" : 33245,
    "title" : "It's My Party",
    "overview" : "A gathering of friends. A gift of love. A celebration of life.",
    "genres" : [ {
      "id" : 18,
      "name" : "Drama"
    } ]
  }, {
    "id" : 33250,
    "title" : "Real Life",
    "overview" : "A pushy, narcissistic filmmaker persuades a Phoenix family to let him and his crew film their everyday lives, in the manner of the ground-breaking PBS series \"An American Family\".",
    "genres" : [ {
      "id" : 35,
      "name" : "Comedy"
    } ]
  }, {
    "id" : 33255,
    "title" : "Stoked: The Rise And Fall Of Gator",
    "overview" : "A documentary exploring the rise and fall of 80s skateboard legend Mark \"Gator\" Rogowski.",
    "genres" : [ {
      "id" : 99,
      "name" : "Documentary"
    } ]
  }, {
    "id" : 33275,
    "title" : "Red Hook",
    "overview" : "Ten years after witnessing her older sister's brutal murder, Jenny Traylor leaves her hometown in North Carolina to start her freshman year at the University of New York City. Still traumatized by her sister's death and struggling with crippling agoraphobia, Jenny tries to cope with the overwhelming city and figure out her new life.",
    "genres" : [ {
      "id" : 35,
      "name" : "Comedy"
    }, {
      "id" : 18,
      "name" : "Drama"
    }, {
      "id" : 27,
      "name" : "Horror"
    }, {
      "id" : 53,
      "name" : "Thriller"
    } ]
  }, {
    "id" : 33280,
    "title" : "Cry in the Woods",
    "overview" : "An unfortunate bank robber takes an escaped mental patient, wanted for murder, as hostage.",
    "genres" : [ {
      "id" : 80,
      "name" : "Crime"
    }, {
      "id" : 53,
      "name" : "Thriller"
    } ]
  }, {
    "id" : 33295,
    "title" : "More Than a Game",
    "overview" : "This documentary follows NBA superstar LeBron James and four of his talented teammates through the trials and tribulations of high school basketball in Ohio and James' journey to fame.",
    "genres" : [ {
      "id" : 99,
      "name" : "Documentary"
    } ]
  }, {
    "id" : 33300,
    "title" : "Caught in a Cabaret",
    "overview" : "Charlie is a clumsy waiter in a cheap cabaret, suffering the strict orders from his boss. He'll meet a pretty girl in the park, pretending to be a fancy ambassador, despite the jealousy of her fiancée.",
    "genres" : [ {
      "id" : 35,
      "name" : "Comedy"
    } ]
  }, {
    "id" : 33305,
    "title" : "Scanners III: The Takeover",
    "overview" : "A young female scanner turns from a sweet young thing into a murderous, power-crazed villain after she takes an experimental drug developed by her father. Her brother, who is also a scanner, is the only one powerful enough to stop her.",
    "genres" : [ {
      "id" : 27,
      "name" : "Horror"
    }, {
      "id" : 878,
      "name" : "Science Fiction"
    }, {
      "id" : 28,
      "name" : "Action"
    } ]
  }, {
    "id" : 33310,
    "title" : "Smash Palace",
    "overview" : "Al Shaw's life revolves around motor racing and his back country junkyard, the \"Smash Palace\". His French wife, Jacqui, doesn't appreciate the lack of attention due to Al's obsession with cars. When Al finds her in the arms of another man, he takes his daughter, Georgie and heads for the bush, desperately hoping to hold on to the only family he has left. Written by Evan Yates",
    "genres" : [ {
      "id" : 18,
      "name" : "Drama"
    }, {
      "id" : 10769,
      "name" : "Foreign"
    } ]
  }, {
    "id" : 33315,
    "title" : "Monkeyshines, No. 2",
    "overview" : "Experimental film that follows up on the results of \"Monkeyshines, No. 1\". Once again, an Edison company worker moves around in front of the motion picture camera.",
    "genres" : [ ]
  }, {
    "id" : 33320,
    "title" : "Millennium Actress",
    "overview" : "Documentary filmmaker Genya Tachibana has tracked down the legendary actress Chiyoko Fujiwara, who mysteriously vanished at the height of her career. When he presents her with a key she had lost and thought was gone forever, the filmmaker could not have imagined that it would not only unlock the long-held secrets of Chiyoko’s life... but also his own.",
    "genres" : [ {
      "id" : 16,
      "name" : "Animation"
    }, {
      "id" : 18,
      "name" : "Drama"
    }, {
      "id" : 10749,
      "name" : "Romance"
    } ]
  }, {
    "id" : 33330,
    "title" : "Mannheim Steamroller: Christmas Live",
    "overview" : "Mannheim Steamroller's music is incredibly moving by itself, but add an enthusiastic live performance by some very animated musicians and an intense multimedia presentation and the result is even more powerful. This 56-minute Christmas concert features many favorite numbers from the album Christmas in the Aire, but \"Joy to the World\" perhaps best epitomizes that distinctive Mannheim Steamroller sound: powerful synthesized melodies and harmonies, an intense drive and pathos, and skillful ornamentation.",
    "genres" : [ {
      "id" : 10402,
      "name" : "Music"
    } ]
  }, {
    "id" : 33335,
    "title" : "Patrick Stewart: Narrates the Planets Epoch 2000",
    "overview" : "No overview found.",
    "genres" : [ ]
  }, {
    "id" : 33340,
    "title" : "The Angel",
    "overview" : "A drug addict becomes a mother and has to deal with responsibility and self-respect.",
    "genres" : [ {
      "id" : 18,
      "name" : "Drama"
    }, {
      "id" : 10769,
      "name" : "Foreign"
    } ]
  }, {
    "id" : 33345,
    "title" : "Under the Cherry Moon",
    "overview" : "Two friends from Miami are in the French Riviera enjoying life by scamming money off of rich women. One day, they read about a young woman set to inherit $50 million from her father. At first, Tricky has Christopher Tracy talked into romancing her for her money, but in getting to know her, Christopher falls in love with her. This love comes between the brothers, and Tricky tells about the plan.",
    "genres" : [ {
      "id" : 35,
      "name" : "Comedy"
    }, {
      "id" : 10402,
      "name" : "Music"
    }, {
      "id" : 10749,
      "name" : "Romance"
    } ]
  }, {
    "id" : 33355,
    "title" : "For Love or Country: The Arturo Sandoval Story",
    "overview" : "In the early 1970s, Cuban trumpeter Arturo Sandoval (Andy Garcia) is torn between his own musical dreams and the dreams of his wife, Marianela (Mía Maestro), a fervent supporter of the ideals of the Castro revolution. Also starring Charles S. Dutton as Dizzy Gillespie and José Zúñiga as Paquito D'Rivera, this gripping jazz biopic is at once a detailed portrait of a musician and a stinging critique",
    "genres" : [ {
      "id" : 99,
      "name" : "Documentary"
    }, {
      "id" : 18,
      "name" : "Drama"
    } ]
  }, {
    "id" : 33360,
    "title" : "Let's Not Get Angry",
    "overview" : "One-time gangster Antoine is enjoying retirement on the coast, now managing a boating club. He receives a visit from a former accomplice who asks for a loan. The money will be repaid by a crook who is now in hiding; Antoine intends to recover his money.",
    "genres" : [ {
      "id" : 80,
      "name" : "Crime"
    }, {
      "id" : 35,
      "name" : "Comedy"
    } ]
  }, {
    "id" : 33365,
    "title" : "The Night Before the Exams",
    "overview" : "Rome, 1989. Luca Molinari meets Claudia in a party, both of them are stressed about the upcoming final exams. Luca falls in love with the girl and now spends his time looking for her.  He is assisted by his inseparable friends:  Alice, Richard, Simon and Maximilian in his journey to find the girl he has fallen in love with.",
    "genres" : [ {
      "id" : 35,
      "name" : "Comedy"
    } ]
  }, {
    "id" : 33370,
    "title" : "Done the Impossible",
    "overview" : "A documentary covering Firefly's birth, death and rebirth from the perspective of both the fans and the cast and crew of both productions.",
    "genres" : [ {
      "id" : 99,
      "name" : "Documentary"
    } ]
  }, {
    "id" : 33375,
    "title" : "My Bollywood Bride",
    "overview" : "The story of Alex, a copy-writer dreaming of being an adventure novelist someday, who meets and romances Indian beauty Reena, while she is vacationing in California. Torn by her blossoming feelings for Alex and her Indian family values and obligations, Reena returns home without saying goodbye. Alex, distraught by the turn of events, decides to follow her to Mumbai and win her back.",
    "genres" : [ {
      "id" : 35,
      "name" : "Comedy"
    }, {
      "id" : 10749,
      "name" : "Romance"
    } ]
  }, {
    "id" : 33380,
    "title" : "Gayniggers from Outer Space",
    "overview" : "Extraterrestrial beings travel the galaxy to free men \"oppressed\" by females to make way for an entirely-homosexual society.",
    "genres" : [ {
      "id" : 35,
      "name" : "Comedy"
    }, {
      "id" : 878,
      "name" : "Science Fiction"
    } ]
  }, {
    "id" : 33385,
    "title" : "Maa Nanna Chiranjeevi",
    "overview" : "No overview found.",
    "genres" : [ ]
  }, {
    "id" : 33390,
    "title" : "Charlie Chan in Egypt",
    "overview" : "While investigating the theft of antiquities from an ancient tomb excavation , Charlie discovers that the body of the expedition's leader concealed inside the mummy's wrappings.",
    "genres" : [ {
      "id" : 80,
      "name" : "Crime"
    }, {
      "id" : 53,
      "name" : "Thriller"
    }, {
      "id" : 9648,
      "name" : "Mystery"
    }, {
      "id" : 18,
      "name" : "Drama"
    }, {
      "id" : 35,
      "name" : "Comedy"
    } ]
  }, {
    "id" : 33395,
    "title" : "Charlie Chan in Shanghai",
    "overview" : "When a prominent official is murdered at a banquet honoring Charle Chan, the detective and son Lee team up to expose an opium-smuggling ring.",
    "genres" : [ {
      "id" : 80,
      "name" : "Crime"
    }, {
      "id" : 35,
      "name" : "Comedy"
    }, {
      "id" : 9648,
      "name" : "Mystery"
    }, {
      "id" : 53,
      "name" : "Thriller"
    } ]
  }, {
    "id" : 33400,
    "title" : "The Ore",
    "overview" : "The Ore is an short science fiction film set in an fossil fuel depleted earth. It tells the story of Maven Varkaus that searches for an answer for earth's energy problems and Elsa that looks for her son.",
    "genres" : [ {
      "id" : 878,
      "name" : "Science Fiction"
    } ]
  }, {
    "id" : 33410,
    "title" : "Stagecoach",
    "overview" : "Story follows a stagecoach ride through Old West Apache territory. On board are a cavalry man's pregnant wife, a prostitute with a broken heart, a Marshal taking in his prisoner Johnny Ringo, a crooked gambler, and the infamous Doc Holliday",
    "genres" : [ {
      "id" : 10770,
      "name" : "TV Movie"
    }, {
      "id" : 28,
      "name" : "Action"
    }, {
      "id" : 37,
      "name" : "Western"
    } ]
  }, {
    "id" : 33415,
    "title" : "The Bouncer",
    "overview" : "Based on a true story the film tells the story of Svend who fights to save his elderly parents' marriage even though it has made his life almost unbearable. When he meets Lizzie he discovers how big a part of his family's hatred and jealousy he himself is. The only thing left is the ultimate break off, or the ultimate forgiveness.",
    "genres" : [ {
      "id" : 18,
      "name" : "Drama"
    }, {
      "id" : 28,
      "name" : "Action"
    }, {
      "id" : 53,
      "name" : "Thriller"
    } ]
  }, {
    "id" : 33420,
    "title" : "Murder in the Dark",
    "overview" : "Our star (Michael Falch) is introduced as the \"Reporter,\" a womanizing journalist on the outs with the cops who want him in jail and a mysterious \"thin man\" who wants him dead.",
    "genres" : [ {
      "id" : 80,
      "name" : "Crime"
    } ]
  }, {
    "id" : 33425,
    "title" : "Could We Maybe",
    "overview" : "15-year-old Kim - an ordinary teenager, given mostly to himself, living with an unmarried mother in a small apartment. Once Kim together with an unfamiliar girl falls hostage during a bank robbery, but after making ​​friends with the leader of the robbers, Kim and his new friend run away from them. Settling for a while in an empty house, teenagers fall in love.",
    "genres" : [ {
      "id" : 10749,
      "name" : "Romance"
    }, {
      "id" : 18,
      "name" : "Drama"
    } ]
  }, {
    "id" : 33430,
    "title" : "Twin Falls Idaho",
    "overview" : "Francis and Blake Falls are Siamese twins who live in a neat little room in a rundown hotel. While sharing some organs, Blake is always fit and Francis is very sickly. Into their world comes a young lady, who turns their world upside down. She gets involved with Blake, and convinces the two to attend a Halloween party, where they can pass themselves off as wearing a costume. Eventually Francis becomes really ill, and they have to be separated. They then face the physical and mental strains that come from their proposed separation.",
    "genres" : [ {
      "id" : 18,
      "name" : "Drama"
    }, {
      "id" : 10749,
      "name" : "Romance"
    } ]
  }, {
    "id" : 33435,
    "title" : "The Graduates",
    "overview" : "The experiences and relationships of five senior students at a rural high school, during the last year leading to graduation.",
    "genres" : [ {
      "id" : 35,
      "name" : "Comedy"
    } ]
  }, {
    "id" : 33440,
    "title" : "Simon",
    "overview" : "Comedy stage show portraying the legendary Danish multi-millionaire Simon Spies who lived quite an unusual life in the 70's and 80's, filled with sex, ladies, booze, drugs, business, and airplanes. A man who constantly played around with the medias.",
    "genres" : [ {
      "id" : 18,
      "name" : "Drama"
    }, {
      "id" : 10769,
      "name" : "Foreign"
    }, {
      "id" : 35,
      "name" : "Comedy"
    } ]
  }, {
    "id" : 33445,
    "title" : "Strike First Freddy",
    "overview" : "Frede Hansen, a game salesman, is mistaken for a secret service agent on a ferry and kidnapped by enemy agents. He escapes and now the secret service want to use him as bait to track the enemy. They assign their best agent, Smith to be his partner and supervisor. Their main task is to eliminate the head of the enemy conspiracy, the mysterious 'Dr. Pax' who's real identity is unknown. Freddy accompanies Smith to Stockholm where they are to meet Sonja, an agent for Dr. Pax, who is also on Smith's liquidation list. Thanks to his bag of game tricks, Freddy manages to avoid being done in by Kolick, a killer for Dr. Pax. Freddy falls for Sonja, and he, she and Smith are taken as prisoners to Dr. Pax's hideout, a remote island fortress from which a major power is to be attacked by missiles guided by trained pigeons. Freddy manages to teach Dr. Pax a lasting lesson in the difference between trained pigeons and homing pigeons.",
    "genres" : [ {
      "id" : 35,
      "name" : "Comedy"
    } ]
  }, {
    "id" : 33450,
    "title" : "Four Play",
    "overview" : "This romantic comedy deals with the fleeting attractions between men and women. When American Ben arrives in London to become a writer on a well-known sitcom, he never dreamed that he would end up in a complex love quadrangle. Sitcom star Carly is married to show producer Allen. French make-up artist Fiona is single, as is Ben. Though Carly quickly develops a crush on Ben, she decides that Fiona w",
    "genres" : [ {
      "id" : 35,
      "name" : "Comedy"
    }, {
      "id" : 10749,
      "name" : "Romance"
    } ]
  }, {
    "id" : 33455,
    "title" : "Maneater",
    "overview" : "An enterprising young woman navigates the professional waters of Beverly Hills in order to land the hottest producer in town, fully unaware that she is about to get in way over her head.",
    "genres" : [ {
      "id" : 18,
      "name" : "Drama"
    }, {
      "id" : 27,
      "name" : "Horror"
    }, {
      "id" : 35,
      "name" : "Comedy"
    }, {
      "id" : 10749,
      "name" : "Romance"
    } ]
  }, {
    "id" : 33460,
    "title" : "Sehar",
    "overview" : "Ajay Kumar (Warsi) is the newly appointed, honest SSP of Lucknow police. Of his family only his mother (Mulay) remains, and she inspires and motivates him to do the right thing. Ajay tries to crack down on the UP mafia, but more often than not is betrayed by information-leaking local police officials. His boss tries to aid him by shielding him from political pressures, and by getting sanction for",
    "genres" : [ {
      "id" : 28,
      "name" : "Action"
    }, {
      "id" : 10769,
      "name" : "Foreign"
    }, {
      "id" : 53,
      "name" : "Thriller"
    } ]
  }, {
    "id" : 33465,
    "title" : "Naughty America & the Chocolate Factory 3",
    "overview" : "No overview found.",
    "genres" : [ ]
  }, {
    "id" : 33470,
    "title" : "American Boy: A Profile of: Steven Prince",
    "overview" : "American Boy: A Profile of Steven Prince is a 1978 documentary directed by Martin Scorsese. Its subject is Scorsese's friend Steven Prince, best known for his small role as Easy Andy, the gun salesman in Taxi Driver. Prince is a raconteur telling stories about his life as an ex-drug addict and a road manager for Neil Diamond. Scorsese intersperses home movies of Prince as a child as he talks about his family. When talking of his years as a heroin addict, Prince tells a story about injecting adrenaline into the heart of a woman who overdosed, with the help of a medical dictionary and a Magic Marker. This story was re-enacted by Quentin Tarantino in his screenplay for Pulp Fiction. Prince also tells a story about his days working at a gas station, and having to shoot a man he caught stealing tires, after the man pulled out a knife and tried to attack him. This story was retold in the Richard Linklater film Waking Life.",
    "genres" : [ {
      "id" : 99,
      "name" : "Documentary"
    } ]
  }, {
    "id" : 33475,
    "title" : "Abbott and Costello Meet the Invisible Man",
    "overview" : "Boxer Tommy Nelson is accused of killing his manager. While detectives Bud and Lou investigate they come across an invisibility formula with which Tommy injects himself rather than face the police. This sparks an idea for trapping gangster Morgan by having Lou fight champ Rocky Hanlon, with Tommy's invisible help",
    "genres" : [ {
      "id" : 35,
      "name" : "Comedy"
    }, {
      "id" : 27,
      "name" : "Horror"
    } ]
  }, {
    "id" : 33480,
    "title" : "Dance With Me, Henry",
    "overview" : "Bud and Lou are the owners of the amusement park Kiddieland. Bud, a compulsive gambler, gets in trouble with the mob, and Lou finds himself struggling to keep his adopted children. When Bud is forced to make a shady deal, Lou tries to arrange a deal with the DA, but winds up framed for murder.",
    "genres" : [ {
      "id" : 35,
      "name" : "Comedy"
    } ]
  }, {
    "id" : 33485,
    "title" : "Bond: Live at the Royal Albert Hall",
    "overview" : "Filmed at their Royal Albert Hall debut gig in September 2000, Bond Live is a slick showcase for four classically trained, ex-session musicians and their fusion of string quartet and rock music. Whatever the hype (four beautiful women wearing scanty tops and dancing with violins while backed by a five-piece rock combo and a small, rarely seen string section), it has nothing to do with making classical music cool and everything to do with sex. In \"Duel,\" first and second violins Haylie Ecker and Eos trade licks \"guitar-hero\" style, and most of the tracks are new instrumentals written for the album Born, though \"The 1812\" does manage to reduce Tchaikovsky's overture to a five-minute dance number. With rock-show lighting, synthesizers, dance beats, and a finale involving the \"James Bond Theme\" followed by a Rio-style fiesta for the closing \"Victory--Carnival Mix,\" this is camp, melodramatic, sexy fun.",
    "genres" : [ {
      "id" : 10402,
      "name" : "Music"
    } ]
  }, {
    "id" : 33490,
    "title" : "Dance Night Vol.01",
    "overview" : "Japanese erotic dance movie. The premise being this is a \"undercover report\" of amateurs meeting for erotic dancing.",
    "genres" : [ ]
  }, {
    "id" : 33495,
    "title" : "2061 - Un anno eccezionale",
    "overview" : "No overview found.",
    "genres" : [ ]
  }, {
    "id" : 33500,
    "title" : "نن",
    "overview" : "No overview found.",
    "genres" : [ ]
  }, {
    "id" : 33510,
    "title" : "Puffball",
    "overview" : "Powerful supernatural forces are unleashed when a young architect becomes pregnant after moving to an isolated and mysterious valley to build a house.",
    "genres" : [ {
      "id" : 18,
      "name" : "Drama"
    }, {
      "id" : 14,
      "name" : "Fantasy"
    }, {
      "id" : 27,
      "name" : "Horror"
    } ]
  }, {
    "id" : 33515,
    "title" : "Ketika Cinta Bertasbih",
    "overview" : "Ketika Cinta Bertasbih berfokus pada perjalanan tokoh Azzam (M. Cholidi Asadil Alam), seorang mahasiswa Indonesia yang menuntut ilmu di Universitas Al Azhar Kairo-Mesir. Kuliahnya tertunda selama 9 tahun setelah ayahnya meninggal dunia, sehingga demi menghidupi dirinya dan keluarganya di Solo Azzam berdagang bakso dan tempe di Kairo-Mesir.",
    "genres" : [ {
      "id" : 18,
      "name" : "Drama"
    } ]
  }, {
    "id" : 33525,
    "title" : "Morons from Outer Space",
    "overview" : "The story begins on a small spaceship docking with a refueling station. On board are a group of four aliens, Bernard, Sandra, Desmond, and Julian. During a particularly tedious period of their stay at the station, the other three begin playing with the ship’s controls while Bernard is outside playing spaceball. They accidentally disconnect his part of the ship, leaving him stranded while they crash into a large blue planet close by (Earth).",
    "genres" : [ {
      "id" : 35,
      "name" : "Comedy"
    }, {
      "id" : 878,
      "name" : "Science Fiction"
    } ]
  }, {
    "id" : 33535,
    "title" : "Wild Romance",
    "overview" : "The start of the career of Herman Brood, who lived his life filled with sex, drugs and rock 'n roll. Guided by his manager they aim to take over the USA with his music.",
    "genres" : [ {
      "id" : 18,
      "name" : "Drama"
    }, {
      "id" : 28,
      "name" : "Action"
    } ]
  }, {
    "id" : 33540,
    "title" : "Sorry Bhai",
    "overview" : "Scientist Siddharth(Sharman Joshi) is given \"Ma Kasam\" by elder brother Harsh(Sanjay Suri) to bring her along for his wedding with Aaliyah(Chitrangada Singh) to be held in Mauritius. Their mom(Shabana Azmi) is least interested in attending the wedding because Harsh is getting married against her wishes. Dad(Boman Irani) and Siddharth succeed in bringing mom to Mauritius where Aaliyah is Siddharth",
    "genres" : [ {
      "id" : 18,
      "name" : "Drama"
    }, {
      "id" : 10749,
      "name" : "Romance"
    }, {
      "id" : 10769,
      "name" : "Foreign"
    } ]
  }, {
    "id" : 33545,
    "title" : "The Siege of Firebase Gloria",
    "overview" : "A Marine patrol stops at Firebase Gloria at the start of the Tet Offensive during the Vietnam war. With the firebase attacked, the patrol remains to help defend it. The Marines barely hold off the VC (Viet Cong), but in the end, hold the base.",
    "genres" : [ {
      "id" : 28,
      "name" : "Action"
    }, {
      "id" : 10752,
      "name" : "War"
    } ]
  }, {
    "id" : 33555,
    "title" : "Sherlock Holmes",
    "overview" : "Sherlock Holmes and Watson are on the trail of a criminal and scientific mastermind who seems to control monsters and creations which defy belief.",
    "genres" : [ {
      "id" : 14,
      "name" : "Fantasy"
    }, {
      "id" : 18,
      "name" : "Drama"
    }, {
      "id" : 27,
      "name" : "Horror"
    }, {
      "id" : 28,
      "name" : "Action"
    }, {
      "id" : 53,
      "name" : "Thriller"
    }, {
      "id" : 9648,
      "name" : "Mystery"
    } ]
  }, {
    "id" : 33560,
    "title" : "Totally Fucked Up",
    "overview" : "Life really sucks for a group of gay and lesbian teenagers living in Los Angeles. Their parents kicked them out, they're broke and bored, their lovers cheat on them, and they're harassed by fag-bashers. If things are going to be this way, maybe suicide isn't a bad idea; at least not in the mind of Andy, our major protagonist, who gives the film its title by describing himself as \"totally fucked up\".",
    "genres" : [ {
      "id" : 35,
      "name" : "Comedy"
    }, {
      "id" : 18,
      "name" : "Drama"
    } ]
  }, {
    "id" : 33565,
    "title" : "Santau",
    "overview" : "A husband and wife , Nina Halim and co her daughter Tuti live in comfort in a modern Malay village . Halim always a role model among his community as a successful career and a harmonious atmosphere of the household . In the house they live a married couple , Usin and Ana , and on the other is a vacant house that is waiting for people to rent . After the new neighbors moved next to their home, family Halim was haunted by strange events and in their homes. Starting with Tuti visible range up to glimpse the mysterious Nina often experience strange happenings that have never happened over the years. It all happened when Halim was not home . One day Nina started experiencing extreme stomach pain and Halim took him to the clinic. One night, Halim rushes home upon Tuti told Nina possessed and screaming . Finally met Nina Halim bring midwives . Midwives found that Nina and Halim has received santau because jealousy with happiness and success",
    "genres" : [ {
      "id" : 27,
      "name" : "Horror"
    } ]
  }, {
    "id" : 33570,
    "title" : "Ice Castles",
    "overview" : "Alexis Winston is a young girl who dreams of becoming a champion figure skater. While practicing, Alexis suffers a terrible accident that takes her sight and threatens to destroy her dreams. In the midst of feeling sorry for herself she falls in love with a handsome young man named Nick who (with help from her family) helps her to realize that she can still fulfill her dreams.",
    "genres" : [ {
      "id" : 18,
      "name" : "Drama"
    } ]
  }, {
    "id" : 33575,
    "title" : "Pat and Mike",
    "overview" : "Pat Pemberton (Hepburn) is a brilliant athlete, except when her domineering fiancé is around. The ladies golf championship is in her reach until she gets flustered by his presence at the final holes. He wants them to get married and forget the whole thing, but she cannot give up on herself that easily. She enlists the help of Mike Conovan (Tracy), a slightly shady sports promoter. Together they face mobsters, a jealous boxer (Aldo Ray), and a growing mutual attraction.",
    "genres" : [ {
      "id" : 35,
      "name" : "Comedy"
    }, {
      "id" : 18,
      "name" : "Drama"
    }, {
      "id" : 10749,
      "name" : "Romance"
    } ]
  }, {
    "id" : 33580,
    "title" : "Obituary for Escobar",
    "overview" : "Serbian crime drama focusing on Belgrade's violent criminal underworld. Obituary For Escobar distinguishes itself from other recent crime dramas with its strong visual style and energetic approach. Borko was a young effeminate boy bullied at school by the self-styled 'Ghandi'. Years on, Ghandi is now a warlord, wrecking mayhem in pursuit of his ambition to become the leading drug lord in the Balkans. His execution of the rival 'Serbian Escobar' coincides with the mysterious placement of an obituary for the real Escobar by two stoners. In Ghandi's pursuit of the assailants he meets Lela, a stunning mystery woman who leads Ghandi to reconsider both \"Borko\" and his life in crime.",
    "genres" : [ {
      "id" : 80,
      "name" : "Crime"
    }, {
      "id" : 18,
      "name" : "Drama"
    } ]
  }, {
    "id" : 33600,
    "title" : "Der Fuehrer's Face",
    "overview" : "A marching band of Germans, Italians, and Japanese march through the streets of swastika-motif Nutziland, serenading \"Der Fuehrer's Face.\" Donald Duck, not living in the region by choice, struggles to make do with disgusting Nazi food rations and then with his day of toil at a Nazi artillery factory. After a nervous breakdown, Donald awakens to find that his experience was in fact a nightmare.",
    "genres" : [ {
      "id" : 16,
      "name" : "Animation"
    } ]
  }, {
    "id" : 33605,
    "title" : "Anleitung zur sexuellen Unzufriedenheit",
    "overview" : "No overview found.",
    "genres" : [ {
      "id" : 35,
      "name" : "Comedy"
    } ]
  }, {
    "id" : 33610,
    "title" : "A/R Andata + Ritorno",
    "overview" : "Dante, a pony express in serious debt, meets Nina, a hostess stuck in Torino for the night.",
    "genres" : [ {
      "id" : 35,
      "name" : "Comedy"
    } ]
  }, {
    "id" : 33615,
    "title" : "Connors' War",
    "overview" : "They'll never see him coming... It's Personal. It's War. A blinded ex special agent is given his sight back by a special serum in order for him to stop a nuke that's hidden somewhere in the city. Things are just starting to complicate.",
    "genres" : [ {
      "id" : 28,
      "name" : "Action"
    }, {
      "id" : 12,
      "name" : "Adventure"
    }, {
      "id" : 878,
      "name" : "Science Fiction"
    }, {
      "id" : 53,
      "name" : "Thriller"
    } ]
  }, {
    "id" : 33625,
    "title" : "Killing Emmett Young",
    "overview" : "In the Philadelphia police department, Emmett Young is a hotshot, a workaholic newly promoted to homicide. He learns he has a disease that will soon kill him painfully, so he hires a stranger to arrange his own death. With one eye on the calendar (he's allowed a few days' grace before his murder), he pursues a final case, the serial killing of young women. Emmett develops a profile of the assailant. Meanwhile, his fixer hires an ex-cop to kill Emmett, a lonely security guard whom the fixer taunts and belittles. In this limited time, can Emmett sort out what's important? Written by",
    "genres" : [ {
      "id" : 28,
      "name" : "Action"
    }, {
      "id" : 80,
      "name" : "Crime"
    }, {
      "id" : 18,
      "name" : "Drama"
    }, {
      "id" : 9648,
      "name" : "Mystery"
    }, {
      "id" : 53,
      "name" : "Thriller"
    } ]
  }, {
    "id" : 33630,
    "title" : "Vivacious Lady",
    "overview" : "College town life gets turned upside down after a button-down botany professor secretly weds a sizzling night-club singer.",
    "genres" : [ {
      "id" : 35,
      "name" : "Comedy"
    }, {
      "id" : 10749,
      "name" : "Romance"
    } ]
  }, {
    "id" : 33645,
    "title" : "Megalodon",
    "overview" : "Megalodon is a 2002 American shark film. It takes place out on a deep sea oil rig.",
    "genres" : [ {
      "id" : 28,
      "name" : "Action"
    } ]
  }, {
    "id" : 33660,
    "title" : "Shiloh",
    "overview" : "An abused beagle runs away from his owner. On the road, he meets young Marty Preston and follows him home. The boy immediately forms a bond with the dog and names him Shiloh. His stern father won't let him keep the dog because it belongs to Judd Travers, a local hunter. After Shiloh is mistreated again, he runs away and returns to Marty. Knowing his father will once again make him bring Shiloh back to Judd, he makes a home for the dog in an old shed up the hill from the Prestons' house and hides him from his family. His secret is soon discovered when a stray attacks the dog one night and he must turn to his father for help.",
    "genres" : [ {
      "id" : 18,
      "name" : "Drama"
    }, {
      "id" : 10751,
      "name" : "Family"
    } ]
  }, {
    "id" : 33665,
    "title" : "Opening Night",
    "overview" : "An actress suffers an emotional uproar in her personal life after a fan dies trying to see her.",
    "genres" : [ {
      "id" : 18,
      "name" : "Drama"
    } ]
  }, {
    "id" : 33670,
    "title" : "Up the Academy",
    "overview" : "This puber-comedy is a kind of mixture between 'Animal House' and 'Police Academy'. Four boys are sent, for different reasons, to a the Sheldon R. Wienberg military academy. The life of dicipline asks a lot of the four geeks. Of course these boys know how to make a party out of the hard times. Will they be 'real men' after one year? Written by Evert Poppen",
    "genres" : [ {
      "id" : 35,
      "name" : "Comedy"
    } ]
  }, {
    "id" : 33680,
    "title" : "Grand Hotel",
    "overview" : "Guests at a posh Berlin hotel struggle through worry, scandal, and heartache.",
    "genres" : [ {
      "id" : 18,
      "name" : "Drama"
    }, {
      "id" : 10749,
      "name" : "Romance"
    } ]
  }, {
    "id" : 33695,
    "title" : "The Eighteenth Angel",
    "overview" : "\"Satan will no longer be beast... but beauty!\" That declaration comes early in The Eighteenth Angel, signaling the kind of horror movie we're in for: thick and cheesy. When that line (and others like it) is uttered by mad monk Maximilian Schell, it's even creamier. Schell is ushering in the return of the Antichrist by genetically engineering Satan's minions, but he needs the transplant",
    "genres" : [ {
      "id" : 28,
      "name" : "Action"
    }, {
      "id" : 12,
      "name" : "Adventure"
    }, {
      "id" : 27,
      "name" : "Horror"
    }, {
      "id" : 9648,
      "name" : "Mystery"
    }, {
      "id" : 53,
      "name" : "Thriller"
    } ]
  }, {
    "id" : 33700,
    "title" : "Coldplay How We Saw The World",
    "overview" : "How We Saw The World Pt. 1 is an unreleased live album by English Alternative Rock band Coldplay. The album was originally intended to be released as a DVD in October of 2006, however in late August a message from Coldplay's official website explained that \"How We Saw The World Pt. 1\" would not be for sale and would instead become aired on international television on 30 August 2006. The set features concerts filmed at Toronto's Air Canada Center on 22 March 2003 and 23 March 2006.",
    "genres" : [ {
      "id" : 10402,
      "name" : "Music"
    } ]
  }, {
    "id" : 33705,
    "title" : "H.M.S. Pinafore and Trial By Jury",
    "overview" : "2005 Opera Australia productions of Gilbert and Sullivan's H.M.S. PINAFORE and TRIAL BY JURY.",
    "genres" : [ {
      "id" : 10402,
      "name" : "Music"
    }, {
      "id" : 35,
      "name" : "Comedy"
    } ]
  }, {
    "id" : 33710,
    "title" : "Paris Blues",
    "overview" : "Ram Bowen and Eddie Cook are two expatriate jazz musicians living in Paris where, unlike America at the time, Jazz musicians are celebrated and racism is a non-issue. When they meet and fall in love with two young American girls, Lillian and Connie, who are vacationing in France, Ram and Eddie must decide whether they should move back to America with them, or stay in Paris for the freedom it allows them. Ram, who wants to be a serious composer, finds Paris more exciting than America and is reluctant to give up his music for a relationship, and Eddie wants to stay for the city's more tolerant racial atmosphere.",
    "genres" : [ {
      "id" : 10749,
      "name" : "Romance"
    }, {
      "id" : 18,
      "name" : "Drama"
    }, {
      "id" : 10402,
      "name" : "Music"
    } ]
  }, {
    "id" : 33715,
    "title" : "Der Pfad des Kriegers",
    "overview" : "Die Geschichte von Michael, dem Ministranten aus S‚dtirol, der in Bolivien zu Comandante Miguel wird. Als angehender Priester will Michael noch friedlich gegen Armut kƒmpfen, f‚r die Verzweifelten, f‚r mehr soziale Gerechtigkeit. Doch mit 29 Jahren geht er in den Untergrund und entf‚hrt einen Industriellen. Bei der Befreiungsaktion erschiesst ihn die Polizei.",
    "genres" : [ {
      "id" : 99,
      "name" : "Documentary"
    } ]
  }, {
    "id" : 33720,
    "title" : "Crashing the Con",
    "overview" : "Crashing the Con is a documentary on San Diego Comic-Con 2008, and more importantly, a profile on the various types of people whom attend and exhibit at it every year. Told through a series of humorous stories and interviews, we explore what makes these individuals tick and why they travel from around the globe to attend this convention every year.",
    "genres" : [ {
      "id" : 99,
      "name" : "Documentary"
    } ]
  }, {
    "id" : 33725,
    "title" : "A Hole in the Head",
    "overview" : "An impractical widower tries to hang onto his Miami hotel and his 12-year-old son.",
    "genres" : [ {
      "id" : 35,
      "name" : "Comedy"
    }, {
      "id" : 10402,
      "name" : "Music"
    } ]
  }, {
    "id" : 33730,
    "title" : "Fitzwilly",
    "overview" : "When Miss Vicki's father dies, she becomes the world's greatest philanthropist. Unfortunately, she is flat broke! Her loyal butler, Claude Fitzwilliam, leads the household staff to rob from various businesses by charging goods to various wealthy people and misdirecting the shipments, all to keep Miss Vicki's standard of living.",
    "genres" : [ {
      "id" : 10749,
      "name" : "Romance"
    }, {
      "id" : 35,
      "name" : "Comedy"
    } ]
  }, {
    "id" : 33735,
    "title" : "Pressure Point",
    "overview" : "An African-American prison psychiatrist (Sidney Poitier) finds the boundaries of his professionalism sorely tested when he must counsel a disturbed inmate (Bobby Darin) with bigoted Nazi tendencies.",
    "genres" : [ {
      "id" : 18,
      "name" : "Drama"
    } ]
  }, {
    "id" : 33740,
    "title" : "That's Entertainment!",
    "overview" : "Various MGM stars from yesterday present their favorite musical moments from the studio's 50 year history.",
    "genres" : [ {
      "id" : 99,
      "name" : "Documentary"
    }, {
      "id" : 10751,
      "name" : "Family"
    }, {
      "id" : 10402,
      "name" : "Music"
    } ]
  }, {
    "id" : 33765,
    "title" : "A Kind of Loving",
    "overview" : "After his girlfriend's pregnancy forces him to marry her, a young man must adjust to his new life and contend with his domineering mother-in-law.",
    "genres" : [ {
      "id" : 18,
      "name" : "Drama"
    }, {
      "id" : 10749,
      "name" : "Romance"
    } ]
  }, {
    "id" : 33785,
    "title" : "All That Remains: Live",
    "overview" : "This DVD features live performances from the band's 2007 show at Theater of the Living Arts in Philadelphia, as well as from their concert in Baltimore at The Recher Theatre on July 12. ATR fans also are treated to tons of bonus goodies on the new DVD, including behind-the-scenes footage, band and fan interviews, a live photo slideshow and all of the band's videos.",
    "genres" : [ {
      "id" : 10402,
      "name" : "Music"
    } ]
  }, {
    "id" : 33790,
    "title" : "Desperately Seeking Seka",
    "overview" : "Desperately Seeking Seka is an adventurous odyssey through X-rated America, featuring open-hearted interviews with some of the most well known people in adult entertainment of yesteryear and today.",
    "genres" : [ {
      "id" : 99,
      "name" : "Documentary"
    } ]
  }, {
    "id" : 33800,
    "title" : "You Move You Die",
    "overview" : "Mike has the girl, the time and the place.The problem is he doesn't have the ring, Before Mike has an opportunity to propose his engagement ring is stolen.Mike is desperate to recover it. He and his friends have one hour to get the ring back and make the date with his \"beloved\" Emma before all is lost. It is not long before it is revealed that Mike and his friends are not all that they seem.You move you die is a dark comedy filmed with a real time story. Get ready for a film with a unique dose of reality",
    "genres" : [ {
      "id" : 28,
      "name" : "Action"
    }, {
      "id" : 12,
      "name" : "Adventure"
    }, {
      "id" : 35,
      "name" : "Comedy"
    }, {
      "id" : 10769,
      "name" : "Foreign"
    }, {
      "id" : 53,
      "name" : "Thriller"
    } ]
  }, {
    "id" : 33810,
    "title" : "A Chump at Oxford",
    "overview" : "The boys get jobs as a butler and maid (Stan in drag) for a dinner party. When that ends in disaster, they resort to sweeping streets and accidentally capture a bank robber. The thankful bank president sends them to Oxford to get an education. Predictable results ensue.",
    "genres" : [ {
      "id" : 35,
      "name" : "Comedy"
    } ]
  }, {
    "id" : 33820,
    "title" : "Galápagos",
    "overview" : "There is little wonder why a humble group of Pacific islands - el archipielago de Colón – continue to capture the attention and fascination of so many, throughout the centuries of contemporary human history. The Galápagos islands, born of fire, shaped by the sea, and inhabited by the fortunate and the hapless, are truly a biological microcosm and a geologic phenomenon.",
    "genres" : [ {
      "id" : 99,
      "name" : "Documentary"
    } ]
  } ]
}