{
  "movies" : [ {
    "id" : 327545,
    "title" : "My Father Up the Tree",
    "overview" : "A young man is shunned by his friends after he starts an affair with a dancer.",
    "genres" : [ {
      "id" : 18,
      "name" : "Drama"
    }, {
      "id" : 10402,
      "name" : "Music"
    }, {
      "id" : 35,
      "name" : "Comedy"
    } ]
  }, {
    "id" : 327550,
    "title" : "Father of Rabi",
    "overview" : "Directed by Nader Jalal.",
    "genres" : [ ]
  }, {
    "id" : 327555,
    "title" : "The Second Man",
    "overview" : "Esmat Kazem (Rushdy Abaza) runs a smuggling operation between Egypt and Lebanon, using his cabaret in Cairo as a front. Ibrahim, the smuggling ring's operative in Beirut, is murdered over a dispute with Esmat. The police relay the news of the murder to Ibrahim's sister Lamia (Sabah), a former singer at Esmat's cabaret and an old flame of Esmat's. When she learns of her brother's death, she decides to avenge her brother's murder by co-operating with the police and bringing down Esmat's smuggling ring.",
    "genres" : [ ]
  }, {
    "id" : 327560,
    "title" : "Pulijanmam",
    "overview" : "Kari Gurukkal, also known as Pulimaranja Thondachan (the great grandfather who turned into tiger), is a folk god of Pulayas, a subaltern community in North Kerala. According to legends, Kari was a master of martial arts and other arts. Envious, the upper caste people ordered him to bring tiger mane and tail to cure the madness of the ruler. For this, he had to take the tiger form and go to the forest. To get his human form back when he returns from the forest, his wife should pour water used for cleaning rice and beat him with broom. But when he returns from the forest, his wife got terrified by his form and fails to do what she was told to do. Unable to take human form, Kari goes back to the forest.",
    "genres" : [ {
      "id" : 14,
      "name" : "Fantasy"
    }, {
      "id" : 18,
      "name" : "Drama"
    } ]
  }, {
    "id" : 327565,
    "title" : "Emptied",
    "overview" : "A female dentist is visited by a past love. Based on events reported in April of 2012.",
    "genres" : [ {
      "id" : 35,
      "name" : "Comedy"
    }, {
      "id" : 27,
      "name" : "Horror"
    } ]
  }, {
    "id" : 327570,
    "title" : "Religions",
    "overview" : "Directed by Manouchehr Tayyab.",
    "genres" : [ ]
  }, {
    "id" : 327575,
    "title" : "Horizons",
    "overview" : "Experimental Film. Documentary reflects the cultural life in modern Egypt.",
    "genres" : [ {
      "id" : 36,
      "name" : "History"
    }, {
      "id" : 99,
      "name" : "Documentary"
    }, {
      "id" : 18,
      "name" : "Drama"
    } ]
  }, {
    "id" : 327580,
    "title" : "De Jungle Bende 2",
    "overview" : "",
    "genres" : [ ]
  }, {
    "id" : 327585,
    "title" : "The Mayfly and the Frog",
    "overview" : "When a Rolls Royce damages a scooter, the furious owner goes to seek redress, and finds herself face to face with a millionaire capitalist.",
    "genres" : [ ]
  }, {
    "id" : 327590,
    "title" : "Hancock",
    "overview" : "Screen One biopic on the life of comedian Tony Hancock",
    "genres" : [ ]
  }, {
    "id" : 327595,
    "title" : "Return to Haifa",
    "overview" : "Directed by Qassim Hawwal.",
    "genres" : [ ]
  }, {
    "id" : 327600,
    "title" : "Les Guignols de l'info : Putain 15 ans !",
    "overview" : "",
    "genres" : [ {
      "id" : 35,
      "name" : "Comedy"
    } ]
  }, {
    "id" : 327605,
    "title" : "The Red Apple",
    "overview" : "A chronicle of a few days in a small family, a story about the difficulties of human contacts, the complexity of love. The image of red apples - strong and clear, profound and lucid. Okeyev's \"apple\" bears a special meaning. Juices of the earth and sun, it is a lyrical symbol of happiness and harmony.",
    "genres" : [ {
      "id" : 18,
      "name" : "Drama"
    } ]
  }, {
    "id" : 327610,
    "title" : "Mind the Gap",
    "overview" : "You may well remember the story of Oswald Lawrence, the man who kept us safe by telling us to “mind the gap” and his widow who would visit the tube years after his death to listen to his voice. It’s a tear-jerking tale with a touching, happy ending as you can see from today’s lyrical and poignant short film, called, appropriately enough, Mind The Gap.",
    "genres" : [ ]
  }, {
    "id" : 327625,
    "title" : "Comme il Vient",
    "overview" : "",
    "genres" : [ ]
  }, {
    "id" : 327630,
    "title" : "Un Amour en Kit",
    "overview" : "",
    "genres" : [ {
      "id" : 10749,
      "name" : "Romance"
    }, {
      "id" : 35,
      "name" : "Comedy"
    }, {
      "id" : 18,
      "name" : "Drama"
    } ]
  }, {
    "id" : 327635,
    "title" : "Charles Aznavour - Aznavour Live Au Carnegie Hall",
    "overview" : "It brought back fantastic memories of having had the privilege of seeing Monsieur Aznavour at Carnegie Hall in 1980. Each song on this DVD is a jewel. I enjoyed his brief introductions to explain or translate some of the lyrics, setting the mood. Notable among them is \"Mon émouvant amour\" during which he uses sign language. The selections offer us a broad spectrum of emotion and life - love (of course), frustration, lost opportunity, reflection, homosexuality, religion. The orchestra and backup vocalists are flawless. Although he's performed for decades, I got the feeling that he still loves to interact with his audience. Although in his early 70's when this concert was recorded, his passion, supreme musicality, stamina, and professionalism are evident at all times. This DVD is a \"must-have\" for newcomers and longtime fans!",
    "genres" : [ {
      "id" : 10402,
      "name" : "Music"
    } ]
  }, {
    "id" : 327640,
    "title" : "Êtes-vous malades?",
    "overview" : "Various people break down in front a camera. Two women insult a man that is meditating.",
    "genres" : [ ]
  }, {
    "id" : 327645,
    "title" : "Sprookje, of l'homme-objet",
    "overview" : "Gerda Diddens' \"Sprookje, of l'homme-objet\" and \"Découpage\" form a very funny double metaphor about cinema and machismo.",
    "genres" : [ ]
  }, {
    "id" : 327650,
    "title" : "I Promise",
    "overview" : "A married couple's boring evening routine is complicated when the wife's sudden apprehension over her husband's impending overseas trip leads to bittersweet revelations.",
    "genres" : [ {
      "id" : 18,
      "name" : "Drama"
    } ]
  }, {
    "id" : 327655,
    "title" : "Nina",
    "overview" : "Play for Today about Russian dissidents.",
    "genres" : [ {
      "id" : 18,
      "name" : "Drama"
    } ]
  }, {
    "id" : 327660,
    "title" : "Bartok, Concerto for Violin - Gidon Kremer, Pierre Boulez",
    "overview" : "An all Bartók programme featuring one of the leading violinists - Gidon Kremer - and one of the world's leading viola players - Yuri Bashmet. The Berlin Philharmonic, conducted by Pierre Boulez, conclude this concert with the The Miraculous Mandarin, a work composed in 1918-1919. By the time it was premiered, the score caused a scandal due to the eroticism of its argument.",
    "genres" : [ ]
  }, {
    "id" : 327665,
    "title" : "Chirodini Tumi Je Amar",
    "overview" : "Chirodini Tumi Je Amar tells the story of a rich, pampered young girl, Pallavi who falls in love with a motor mechanic, Krishna. Pallavi elopes with Krishna and soon they get married. Her uncle comes looking for her and promises to convince everyone of her marriage. Based on a tragic real life love story of Priyanka-Rizwanur angle, witnessing the pain of lovers in this Indian Bengali film.",
    "genres" : [ ]
  }, {
    "id" : 327670,
    "title" : "In Pursuit of the Olympic Rainforest Sasquatch",
    "overview" : "In Pursuit of the Olympic Rainforest Sasquatch Does Washington State's Olympic Rainforest conceal an unknown primate? This documentary was first filmed/produced in 2004 and finalized in 2006; a fascinating 3 year study. The study sites are located in three distinct rainforest valleys in the Olympic Mountains of Washington State. Come along as this Sasquatch/Bigfoot research group chronicle the expeditions from the Hoh, Queets and Quinault Rainforest valleys. Watch members from the Bigfoot Research Center attempt to track down and observe these incredible creatures within a unique and pristine rainforest environment. At one point in the documentary, members believe they get within 25 feet of a Sasquatch feeding in the lush vegetation of a creek bed.",
    "genres" : [ ]
  }, {
    "id" : 327675,
    "title" : "Randy Brecker - The Geneva Concert",
    "overview" : "In August 1994, Randy Brecker and his sidekicks Niels Lan Doky, Alvin Queen and Pierre Boussaguet gave a memorable concert at the New Morning Jazz Festival in Geneva. At that time, just about everything had already been said about Brecker's trumpeting skills and projects. He joined Blood, Sweat &amp; Tears in 1966, then moved on to Horace Silver's Quintet for 3 years. Later, he and his brother formed the mythical Brecker Brothers who presented the fusion between Jazz and Rock during the eighties. The many thousands of fans of this irresistibly charming introvert still remember the precise, powerful and soft sound of Brecker's superb improvisations. This DVD is a prime example of his talent.",
    "genres" : [ ]
  }, {
    "id" : 327680,
    "title" : "The CFM Project",
    "overview" : "After over 25 years of addiction and two life threatening bouts w/cancer...how do you continue to live, how do you move forward and motivate others? Sir Charles has lived that life and shows you in actual footage...what it's like!",
    "genres" : [ ]
  }, {
    "id" : 327685,
    "title" : "White Cop",
    "overview" : "Officer Kip White (Ben Kobold) is on a one-man mission to take down the European Cartel. After witnessing one of the cartel's thugs murder his best friend, White goes on a vengeance quest. He'll stop at nothing-not even the LAW-to find the cartel leaders and arrest them. But there are obstacles in White's path: the hot new street drug STAMP, plucky reporters, mysterious vigilantes, and even the Mayor of Chicago, Dennis (David Liebe Hart).",
    "genres" : [ ]
  }, {
    "id" : 327690,
    "title" : "Vedi Napoli e poi muori",
    "overview" : "",
    "genres" : [ ]
  }, {
    "id" : 327695,
    "title" : "Remarkable Shades of Gay",
    "overview" : "Remarkable Shades of Gay is a compilation of nine short films shot by award winning LGBTQ director William Branden Blinn between 2008 and 2014. Included in the compilation are \"Thirteen or so Minutes...\" \"Chased\", \"Never or Now\", \"Without A Mom\", \"Triple Standard\", \"Toeing The Line\", \"A la Carte\", \"Truth or Dare\", and \"He She We\".",
    "genres" : [ ]
  }, {
    "id" : 327700,
    "title" : "The Day That Changed My Life",
    "overview" : "A powerful, uncensored and insightful documentary built around raw, heartfelt, never-seen-before, interviews captured in the immediate aftermath of the February 22nd 2011 earthquake in Christchurch. Survivors share their stories of panic and heart-breaking loss, courage and miraculous survival.",
    "genres" : [ {
      "id" : 99,
      "name" : "Documentary"
    } ]
  }, {
    "id" : 327710,
    "title" : "Sasha Grey Superslut",
    "overview" : "Sasha Grey Superslut: Sasha Grey is by far the nastiest new star to explode on the adult scene, totally uninhibited and dangerously daring in her carnal pursuits of delicious debauchery!",
    "genres" : [ ]
  }, {
    "id" : 327715,
    "title" : "Samurai and Idiots: The Olympus Affair",
    "overview" : "In October 2011, Michael Woodford was suddenly ousted as CEO of Olympus Corporation, a multi-billion dollar Japanese optical company. What followed was international media furor which exposed one of the biggest scandals in Japanese corporate history. The film chronicles the saga of egregious corporate malefactors and a doomed East-West clash.",
    "genres" : [ {
      "id" : 99,
      "name" : "Documentary"
    } ]
  }, {
    "id" : 327720,
    "title" : "Sauve-Moi",
    "overview" : "",
    "genres" : [ {
      "id" : 18,
      "name" : "Drama"
    } ]
  }, {
    "id" : 327725,
    "title" : "Jane Shore",
    "overview" : "The life and loves of Jane Shore, mistress to Edward IV.  An early British epic.",
    "genres" : [ {
      "id" : 18,
      "name" : "Drama"
    }, {
      "id" : 36,
      "name" : "History"
    } ]
  }, {
    "id" : 327730,
    "title" : "Mia Skäringer - Det bästa med Tabita",
    "overview" : "",
    "genres" : [ ]
  }, {
    "id" : 327735,
    "title" : "The Wiggles: Rock and Roll Preschool",
    "overview" : "What's the school where you sing and dance all day? The Wiggles' Rock & Roll Preschool! Anthony, Emma, Lachy and Simon have created over 20 songs that will top the charts of every home! You'll shake to \"That's the Sound of Rock & Roll\", rise and shine with \"Wake Up!\", swing along as you \"Dance with Emma\" and shake your hips with \"Two Polite Elvises\".  This amazing collection of swinging songs is really all shook up!",
    "genres" : [ {
      "id" : 10751,
      "name" : "Family"
    } ]
  }, {
    "id" : 327740,
    "title" : "Plum Juice",
    "overview" : "DJ from a small town plans to organize a great artistic happening. His plans coincide with those by local bigwigs who desperately want to promote a local food company.",
    "genres" : [ {
      "id" : 18,
      "name" : "Drama"
    } ]
  }, {
    "id" : 327750,
    "title" : "Within Madness",
    "overview" : "Based off of true events, Within Madness follows the video diary of Donovan Summers, a personal trainer who tells his story through his videos. On the way Donovan starts to become obsessed with a customer at his gym which leads him down a dark road of obsession taking him to lengths of unimaginable self destruction. Within Madness is a dark tale of a man lost in his own desires and the consequences of what happens when all hope is gone.",
    "genres" : [ ]
  }, {
    "id" : 327755,
    "title" : "Walt Disney Treasures - Disneyland USA",
    "overview" : "Celebrating Walt Disney's pioneering efforts in the medium of television. Disneyland U.S.A. features 4 vintage episodes of Walt's beloved prime-time program. Take a wonderful look back at the origins of the park., beginning with the very first episode of the Disneyland TV series, as Walt Disney leads a tour of the studio and lifts the curtain on a model of the under-construction Disneyland Park.",
    "genres" : [ {
      "id" : 99,
      "name" : "Documentary"
    }, {
      "id" : 36,
      "name" : "History"
    } ]
  }, {
    "id" : 327760,
    "title" : "Geronimo",
    "overview" : "The army's effort to capture Apache chief Geronimo, who is leading a band of warriors on a rampage of raiding and murder, is hampered by a feud between two officers--who are father and son.",
    "genres" : [ {
      "id" : 37,
      "name" : "Western"
    } ]
  }, {
    "id" : 327765,
    "title" : "Snow Flake",
    "overview" : "A college student in Hakodate, Japan lost her best friend 10 years ago. Since the tragic loss the girl hasn't talked. One day, the girl is asked to write a comment about a \"forget-me-not\" on a website. She writes about letting go of the past and to focus on the present day. Soon after however a man resembling her childhood friend appears in her life.",
    "genres" : [ {
      "id" : 18,
      "name" : "Drama"
    } ]
  }, {
    "id" : 327770,
    "title" : "Bitte kein Sex, wir sind Britten",
    "overview" : "",
    "genres" : [ ]
  }, {
    "id" : 327775,
    "title" : "A Thousand and One Nights",
    "overview" : "Directed by Togo Mizrahi.",
    "genres" : [ ]
  }, {
    "id" : 327780,
    "title" : "Amor holt sich nasse Füße",
    "overview" : "",
    "genres" : [ {
      "id" : 35,
      "name" : "Comedy"
    } ]
  }, {
    "id" : 327785,
    "title" : "Red Poppies of Issyk-Koul",
    "overview" : "Directed by Bolotbek Shamshiyev, the movie shows Kyrgyzstan under early Soviet rule; and tells us about opium contrabanda across the border.",
    "genres" : [ {
      "id" : 80,
      "name" : "Crime"
    }, {
      "id" : 18,
      "name" : "Drama"
    }, {
      "id" : 36,
      "name" : "History"
    } ]
  }, {
    "id" : 327790,
    "title" : "The Crafty One",
    "overview" : "This lavish period action-adventure is an Egyptian version of The Count Of Monte Cristo.",
    "genres" : [ ]
  }, {
    "id" : 327795,
    "title" : "Uncle Moustache",
    "overview" : "A lonely old man takes to terrorizing the kids who build a football pitch next to his house.",
    "genres" : [ ]
  }, {
    "id" : 327800,
    "title" : "In Search of My Wife's Husband",
    "overview" : "Directed by Mohamed Abderrahman Tazi.",
    "genres" : [ {
      "id" : 35,
      "name" : "Comedy"
    } ]
  }, {
    "id" : 327805,
    "title" : "The Saint and the Star",
    "overview" : "Successful businessman, Paulo Chupadinha send his wife to a convent every year to really enjoy Brazil’s carnival. He meets a cabaret woman that wants to make a show in his little nd peaceful village. For that, however, she will have to seduce every important man of the city: the police chief, the priest and the mayor.",
    "genres" : [ {
      "id" : 35,
      "name" : "Comedy"
    } ]
  }, {
    "id" : 327810,
    "title" : "Miss Hanafi",
    "overview" : "",
    "genres" : [ ]
  }, {
    "id" : 327815,
    "title" : "Fangs",
    "overview" : "A girl and her fiancé are on their way to a party of New Year's Eve, but their car has an accident, and they find no where to go except a strange castle. They met there with many vampires, led by count Dracula, who instantly fall in love with the girl, wanting her for himself. The two lovers discover that Dracula is in Egypt in many forms and images (doctor, taxi driver, plumber… etc) to suck not the people's blood but their money, as the typical profiteer of our modern days. (IMDb)",
    "genres" : [ {
      "id" : 10402,
      "name" : "Music"
    }, {
      "id" : 27,
      "name" : "Horror"
    } ]
  }, {
    "id" : 327820,
    "title" : "Marhuľový ostrov",
    "overview" : "",
    "genres" : [ {
      "id" : 18,
      "name" : "Drama"
    } ]
  }, {
    "id" : 327825,
    "title" : "Secret Plans",
    "overview" : "",
    "genres" : [ {
      "id" : 16,
      "name" : "Animation"
    }, {
      "id" : 10751,
      "name" : "Family"
    } ]
  }, {
    "id" : 327830,
    "title" : "Il raccomandato di ferro",
    "overview" : "An Italian clerk has been helped to his position by a fake kickback letter from a politician who, meanwhile has become a state secretary. His colleagues thus send him to Rome to settle an important matter with the powerful character. The poor fellow goes hoping the truth will not come out.",
    "genres" : [ {
      "id" : 35,
      "name" : "Comedy"
    } ]
  }, {
    "id" : 327835,
    "title" : "La collegiale",
    "overview" : "The sexually naive Daniela returns home from boarding school only to realize that her family is involved in an excess of bed-hopping and sexual perversion.",
    "genres" : [ {
      "id" : 35,
      "name" : "Comedy"
    } ]
  }, {
    "id" : 327840,
    "title" : "Gli altri, gli altri e noi",
    "overview" : "",
    "genres" : [ {
      "id" : 35,
      "name" : "Comedy"
    } ]
  }, {
    "id" : 327845,
    "title" : "The Great Commandment",
    "overview" : "Portrays the conversion to Christianity of a young Zealot, Joel, and the Roman soldier Longinus through the teachings of Jesus in his Parable of the Good Samaritan.",
    "genres" : [ {
      "id" : 18,
      "name" : "Drama"
    } ]
  }, {
    "id" : 327850,
    "title" : "Arab",
    "overview" : "Directed by Fahdel Jaibi and Fadhel Jaziri.",
    "genres" : [ ]
  }, {
    "id" : 327855,
    "title" : "Tiberio Mitri: Il campione e la miss",
    "overview" : "",
    "genres" : [ {
      "id" : 18,
      "name" : "Drama"
    } ]
  }, {
    "id" : 327860,
    "title" : "Four on an Official Mission",
    "overview" : "Directed by Ali Abdel-Khalek.",
    "genres" : [ ]
  }, {
    "id" : 327865,
    "title" : "Land of Peace",
    "overview" : "Directed by Kamal El Sheikh.",
    "genres" : [ ]
  }, {
    "id" : 327870,
    "title" : "The Mannequin",
    "overview" : "Directed by Sadok Ben Aïcha.",
    "genres" : [ ]
  }, {
    "id" : 327875,
    "title" : "E.A.M. - Estranei alla massa",
    "overview" : "",
    "genres" : [ {
      "id" : 99,
      "name" : "Documentary"
    } ]
  }, {
    "id" : 327880,
    "title" : "Forbidden Thresholds",
    "overview" : "Directed by Ridha Behi.",
    "genres" : [ ]
  }, {
    "id" : 327885,
    "title" : "Stolen Childhood",
    "overview" : "Directed by Hakim Noury.",
    "genres" : [ ]
  }, {
    "id" : 327890,
    "title" : "Cheap Extermination",
    "overview" : "Ernst is public enemy number one.",
    "genres" : [ ]
  }, {
    "id" : 327895,
    "title" : "The Unspeakable Crime: Rape",
    "overview" : "Directed by Sara Hardy and Blue Ryan.",
    "genres" : [ ]
  }, {
    "id" : 327900,
    "title" : "Il conte di Matera",
    "overview" : "",
    "genres" : [ ]
  }, {
    "id" : 327905,
    "title" : "Chal Bhaag",
    "overview" : "Chal Bhaag kickstarts with an MLA being murdered by three shooters. The incident coincides with the arresting of Munna, Bunty and Daler for their small time crimes.",
    "genres" : [ ]
  }, {
    "id" : 327915,
    "title" : "Sakalakala Vallavan",
    "overview" : "Sakthi is in love with Anjali but marries city girl Divya because his father has given his word to her dad. But Divya is least interested in making the marriage work and wants a divorce...",
    "genres" : [ {
      "id" : 10749,
      "name" : "Romance"
    }, {
      "id" : 35,
      "name" : "Comedy"
    }, {
      "id" : 18,
      "name" : "Drama"
    } ]
  }, {
    "id" : 327920,
    "title" : "Five.K.One",
    "overview" : "Five.K.One, two best friends has to chose between life in the streets and loyalty when they are indicted with the help of an informant that causes everyone to be a suspect to the Boss.",
    "genres" : [ ]
  }, {
    "id" : 327930,
    "title" : "Director's Commentary: Terror Of Frankenstein",
    "overview" : "'Terror of Frankenstein' is an exercise in extreme meta-fictional tragicomedy. Presented as the commentary track of a rushed reissue of a forgotten (but 100% genuine) Frankenstein film's DVD (because of unspecified 'recent events'), this project transforms the film into an entirely new, very human horror story. Featuring Clu Gulager as the director of the 1977 original who is happily exploiting the unmentioned tragedy linked to the film, the recording session unravels a mystery as he clashes with the screenwriter (Zack Brown) and, ultimately, its star (Leon Vitali from Stanley Kubrick's Eyes Wide Shut and Barry Lyndon, playing himself.) 'Terror of Frankenstein' is Mystery Science Theater 3000 by way of Sartre, an icy satire of the monsters onscreen, behind the camera, and in the audience.",
    "genres" : [ {
      "id" : 18,
      "name" : "Drama"
    }, {
      "id" : 9648,
      "name" : "Mystery"
    }, {
      "id" : 27,
      "name" : "Horror"
    } ]
  }, {
    "id" : 327935,
    "title" : "Şabaniye",
    "overview" : "",
    "genres" : [ {
      "id" : 10749,
      "name" : "Romance"
    }, {
      "id" : 35,
      "name" : "Comedy"
    }, {
      "id" : 18,
      "name" : "Drama"
    } ]
  }, {
    "id" : 327940,
    "title" : "Ninja and the Warriors of Fire",
    "overview" : "The Black Ninja Empire want a \"confidential blueprint\" in the possession of Vietnam vet Robin and will stop at nothing to get it. When Robin's fiancée is murdered, her sister joins the White Ninja Empire and teams up with Robin to wreak bloody vengeance.",
    "genres" : [ ]
  }, {
    "id" : 327945,
    "title" : "Geschundenes Zelluloid - Das Schicksal des Kinoklassikers 'Im Westen nichts Neues'",
    "overview" : "A documentary directed by Hans Beller.",
    "genres" : [ {
      "id" : 99,
      "name" : "Documentary"
    } ]
  }, {
    "id" : 327950,
    "title" : "The Dead",
    "overview" : "",
    "genres" : [ {
      "id" : 28,
      "name" : "Action"
    }, {
      "id" : 878,
      "name" : "Science Fiction"
    }, {
      "id" : 53,
      "name" : "Thriller"
    }, {
      "id" : 27,
      "name" : "Horror"
    } ]
  }, {
    "id" : 327955,
    "title" : "The Adventures of Marshall Art 2",
    "overview" : "Marshall Art Returns.",
    "genres" : [ ]
  }, {
    "id" : 327960,
    "title" : "磁石男",
    "overview" : "",
    "genres" : [ ]
  }, {
    "id" : 327965,
    "title" : "Chaban",
    "overview" : "Tien-Shan, 1966. For the first time in 13 years, winter duration is six months. Sheep in the mountains are hungry for grass on the sunny slopes. The state is taking urgent measures to save hundreds of thousands of wintering animals. But still...",
    "genres" : [ {
      "id" : 99,
      "name" : "Documentary"
    } ]
  }, {
    "id" : 327970,
    "title" : "Ersatz",
    "overview" : "In an exchange around the meaning of the word \"Ersatz\", the film's protagonists engage in an absurd and poetical discussion, revealing the basic existential condition of feeling oneself to be a simulacrum. Their pictorial dialog about the idea of replaceability turns into a humorous and philosophical meditation.",
    "genres" : [ ]
  }, {
    "id" : 327975,
    "title" : "The Red Star Cinema",
    "overview" : "Among the ruins of the cinema of my childhood, I found the remains of a film tape with pieces of films produced by the former state. Decay gave the tape a new quality and created a new aesthetic. The tape has found its way to its audience again. But nothing is the same.",
    "genres" : [ {
      "id" : 99,
      "name" : "Documentary"
    } ]
  }, {
    "id" : 327980,
    "title" : "Dripping Blue",
    "overview" : "Flickering hauntology, dirt time and browser doings using on-line tools, tutorials and search engine procedures. Bleu Gouttes makes hairy connections between philosophies and the cinematic soundtrack that discompose like maybe a savage smell or queer logic.",
    "genres" : [ ]
  }, {
    "id" : 327985,
    "title" : "Tununeremiut: The People of Tununak",
    "overview" : "Four sequences, filmed over a two-month period, portray aspects of the lives of the people of Tununak, a village on the south-western coast of Alaska.",
    "genres" : [ ]
  }, {
    "id" : 327990,
    "title" : "On the Spring Ice",
    "overview" : "Walrus as well as whales are hunted by the Eskimos of Gambell on St. Lawrence Island. As the film opens, an old man tells of the dangers of moving ice, how people used to drift on such ice and never return. A cluster of men stand on a snowy rooftop, scanning the sea ice for walrus, when one spots a skin boat in distress far out on the ice. The crew had not come home the night before, and now were drifting toward Siberia. Long ago, there was nothing that could have been done to save them. Today, the men call the Coast Guard. The next day, preparations for another walrus hunt are made. The hunters load the boat and travel fifty miles out to sea, where they spot two walrus sunning themselves on an ice floe. \"Don't move,\" one hunter tells the camera. The walrus are shot, admired, butchered on the ice, and loaded onto the boat. Back in the village, the meat is cut again and hung to dry.",
    "genres" : [ ]
  }, {
    "id" : 327995,
    "title" : "Houseboat No. 70",
    "overview" : "Directed by Khairy Beshara.",
    "genres" : [ ]
  }, {
    "id" : 328000,
    "title" : "Instrukcije 1",
    "overview" : "In the performance-video \"Instrukcije br 1\", Sanja Ivekovic draws 'instructional' lines for a facial and neck massage on her skin using ink. Instead of beautifying facial features, this massage becomes a blotchy, unattractive procedure.",
    "genres" : [ ]
  }, {
    "id" : 328005,
    "title" : "Untitled (Mirror)",
    "overview" : "Produced at the Motovun Video Meeting in Croatia, 1989. Screened in retrospective at Alternative Film/Video Belgrade Festival 2014.",
    "genres" : [ ]
  }, {
    "id" : 328010,
    "title" : "The Loop",
    "overview" : "Experimental movie dedicated to the work of Ljubomir Šimunić, author of avant-garde seventies and eighties movies, and photographer. The Loop is about exploration of the eroticism phenomenon in the movie. This crossroad of Hollywood and European underground approach is shown trough the work of Belgrade garage movie author. Using the language of moving pictures author is searching for the missing shaman, a great master of magic - Šime.",
    "genres" : [ {
      "id" : 99,
      "name" : "Documentary"
    } ]
  }, {
    "id" : 328015,
    "title" : "Oh the Days!",
    "overview" : "Set in a small village in the Moroccan countryside, Alyam, Alyam tells a story culled from the lived reality of young men almost forty years ago while still remaining very much of the present day. A young man named Abdelwahed pins his dreams of a better life for himself and his family on travelling to France and finding work there. As the eldest of eight children, he becomes the principal caretaker and breadwinner for his family after his father passes away. He fills out forms and waits for his work permit to arrive. Meanwhile, Hlima, his recently widowed mother who’s reticent to let him go, tries in vain to dissuade him and enlists the help of Abdelwahed’s grandfather too. As the days flow by to the cadence of life in the countryside, marked by the hardships of farming, Abdelwahed waits. All he can do is wait. Straddling fiction and documentary, Alyam, Alyam is Ahmed El Maanouni’s first narrative feature, and the first Moroccan film ever to be selected at the Cannes Film Festival.",
    "genres" : [ ]
  }, {
    "id" : 328020,
    "title" : "Blah Blah Blah",
    "overview" : "Visual poem based on a song by Iggy Pop.",
    "genres" : [ ]
  }, {
    "id" : 328035,
    "title" : "Alcaline, le Concert avec Grand Corps Malade",
    "overview" : "Grand Corps Malade concerts for Alcaline",
    "genres" : [ ]
  }, {
    "id" : 328040,
    "title" : "Romeo e Giulietta",
    "overview" : "",
    "genres" : [ {
      "id" : 10749,
      "name" : "Romance"
    }, {
      "id" : 18,
      "name" : "Drama"
    } ]
  }, {
    "id" : 328055,
    "title" : "Sunshine Ahead",
    "overview" : "Based on a true story, \"Sunshine Ahead\" tells the story of environmentalist Koji Kinjo &amp; his wife who embarks on a ambitious plan to create coral reefs in the sea. Although it takes the couple 10 years to finally succeed, they are able to persevere and become the first persons to ever spawn coral reefs.",
    "genres" : [ {
      "id" : 18,
      "name" : "Drama"
    } ]
  }, {
    "id" : 328060,
    "title" : "The Beautiful Days of Sheherazade",
    "overview" : "Directed by Mostafa Darkaoui.",
    "genres" : [ ]
  }, {
    "id" : 328065,
    "title" : "From Dust to Dust",
    "overview" : "Directed by Manuchehr Mosayyeri.",
    "genres" : [ ]
  }, {
    "id" : 328070,
    "title" : "Roommate Wanted",
    "overview" : "Janie is an ambitious student who dreams of a better life. Dee is a gorgeous socialite who dreams of a rich husband. They're already not the best of friends...or the best of roommates. But when Janie gets the opportunity of a lifetime, Dee becomes the roommate from hell as she desperately tries to destroy Janie's life. It's an all out girl-war, leaving a ROOMMATE WANTED.",
    "genres" : [ {
      "id" : 53,
      "name" : "Thriller"
    } ]
  }, {
    "id" : 328075,
    "title" : "The Closed Door",
    "overview" : "Directed by Abdelkader Lagtaa.",
    "genres" : [ ]
  }, {
    "id" : 328080,
    "title" : "The Cossacks",
    "overview" : "",
    "genres" : [ ]
  }, {
    "id" : 328085,
    "title" : "Led Zeppelin - Madison Square Garden",
    "overview" : "Three sold-out shows at Madison Square Garden,which concluded the Houses of the Holy tour were filmed for a motion picture, The Song Remains the Same. These are songs recorded at that time, but not used in the film. These are found on Disc 2 of the Led Zeppelin DVD's.  --\r 01 Black Dog\r 02 Misty Mountain Hop\r 03 Since I've been Loving You\r 04 The Ocean\r Bonus: Immigrant Song (taken from who knows where)",
    "genres" : [ ]
  }, {
    "id" : 328090,
    "title" : "Nobody's Child",
    "overview" : "Melodramatic film about a child prodigy.",
    "genres" : [ ]
  } ]
}