{
  "movies" : [ {
    "id" : 62405,
    "title" : "Don Donald",
    "overview" : "Donald is courting Daisy (called Donna, here in her first appearance) Duck in Mexico. He arrives on a burro, which doesn't get along at all well with her; she convinces him to buy a car. They head through the desert, but the car breaks down, and throws Donald out, then takes off on its own with Daisy trapped inside the rumble seat. The car hits a rock, throwing Daisy into a mud puddle, to Donald's excessive amusement. Daisy pulls a unicycle from her purse, and rides off.",
    "genres" : [ {
      "id" : 16,
      "name" : "Animation"
    } ]
  }, {
    "id" : 62410,
    "title" : "P.U.N.K.S",
    "overview" : "A group of misfit teens evade a corrupt scientist when they steal and attempt to return a suit that delivers supernatural strength to its wearer.",
    "genres" : [ {
      "id" : 35,
      "name" : "Comedy"
    }, {
      "id" : 10751,
      "name" : "Family"
    }, {
      "id" : 878,
      "name" : "Science Fiction"
    } ]
  }, {
    "id" : 62415,
    "title" : "Seventeen Times Cecile Cassard",
    "overview" : "A portrait of a woman, composed of 17 moments from her life.",
    "genres" : [ {
      "id" : 18,
      "name" : "Drama"
    } ]
  }, {
    "id" : 62420,
    "title" : "Dream 5",
    "overview" : "DREAM.5 Light Weight Grandprix 2008 Final Round was a mixed martial arts event promoted by Fighting and Entertainment Group's mixed martial arts promotion DREAM. The event took place on Monday July 21, 2008 at the Osaka-jo Hall in Osaka, Japan and hosted the final round of the promotion's Lightweight tournament. The DREAM.5 attracted a crowd of 11,986 to the Osaka Jo Hall and was broadcast live in Japan on the TBS network and SkyPerfect and on HDNet Fights in the United States.",
    "genres" : [ ]
  }, {
    "id" : 62425,
    "title" : "Talking Funny",
    "overview" : "What does it mean to be a successful comedian? How far can the boundaries of taste be pushed to get a laugh? Four top comics, Ricky Gervais, Louis C.K., Jerry Seinfeld and Chris Rock, discuss and debate their craft.",
    "genres" : [ {
      "id" : 35,
      "name" : "Comedy"
    } ]
  }, {
    "id" : 62435,
    "title" : "UFC Fight Night 24: Nogueira vs. Davis",
    "overview" : "UFC Fight Night 24",
    "genres" : [ ]
  }, {
    "id" : 62440,
    "title" : "The Longing: The Forgotten Jews of South America",
    "overview" : "A small group of South Americans long to affirm their faith. Their ancestors - European Jews - were forced to convert during the Spanish Inquisition. Isolated in Catholic countries, rejected by local Jewish communities, they battle to become Jews regardless of the consequences. The Longing, set in Ecuador, tells the story of their attempt to regain their birthright. On the Internet, they have found an American rabbi committed to helping \"lost Jews\" reclaim their identities. He meets them in Guayaquil, where he has difficulty getting the local Jewish community's support in facilitating their conversions.",
    "genres" : [ ]
  }, {
    "id" : 62445,
    "title" : "Bakery Amour",
    "overview" : "Hong Kong romantic comedy. Tai Chi (Francis Ng), who is from a tiny Chinese village, moves to Western Central Hong Kong - the big city - with ambitions of becoming a private detective. In his new flat, he discovers 99 unopened letters with their stamps cut. He reads them and discovers they are for his beautiful neighbor Lok To from her boyfriend Gala in France...but for some reason she has never received any of them. Unable to tell Lok To that he has read such intimate letters, he decides to try and help reunite the lovers in another way...He buys the nearby bakery and hires her as an assistant. Things get complicated when he begins to fall for Lok To himself, and Gala returns from France with another woman.",
    "genres" : [ ]
  }, {
    "id" : 62450,
    "title" : "Nasu: A Migratory Bird with Suitcase",
    "overview" : "Legendary bycicle racer Marco Rondanini dies as team Pao Pao Beer is set to race in Japan. Team member Ciocci, close friend of Marco, starts to think about quitting. Under heavy rain, Ciocci and Pepe must put that aside as Team Pao Pao struggles to reach another victory.Pepe continues to ride his bicycle both in competition and training. He often spends time with his other team mates while they train in beautiful scenery in Japan. While in Japan a local girl helps out the team before and during the race.",
    "genres" : [ {
      "id" : 16,
      "name" : "Animation"
    } ]
  }, {
    "id" : 62455,
    "title" : "Bird Song",
    "overview" : "While sheltering from the rain, a boy meets a girl who gives him a feather, asking him to meet her again. But the next day, the boy can't find that place again. Half a century later he returns to the same city, still carrying the feather.",
    "genres" : [ {
      "id" : 16,
      "name" : "Animation"
    } ]
  }, {
    "id" : 62460,
    "title" : "Ghosts, Italian Style",
    "overview" : "",
    "genres" : [ ]
  }, {
    "id" : 62470,
    "title" : "Lilla Jönssonligan på kollo",
    "overview" : "Efter ett busstreck skickas pojkarna iväg till kollot Vindpinan...",
    "genres" : [ ]
  }, {
    "id" : 62480,
    "title" : "Egon & Dönci",
    "overview" : "Egon lebt mit seinem Kater Dönci in einer fernen Galaxie und bastelt an einem Raumschiff. Plötzlich schlägt die Raumsonde Voyager 3 auf dem Planeten ein und Egon findet eine Nachricht von der Erde. Wenig später machen sich \"Egon &amp; Dönci\" auf den Weg zum blauen Planeten. Es beginnt eine aufregende Reise durch das Weltall für \"Egon &amp; Donci\".",
    "genres" : [ {
      "id" : 16,
      "name" : "Animation"
    }, {
      "id" : 878,
      "name" : "Science Fiction"
    }, {
      "id" : 35,
      "name" : "Comedy"
    } ]
  }, {
    "id" : 62495,
    "title" : "First Love",
    "overview" : "Vittorio is looking for a woman who matches his ideal. Through a classified ad he meets Sonia, a sweet, pleasant, intelligent girl. However, she weighs 125 pounds -- which according to Vittorio is way too much. A goldsmith by trade, Vittorio is obsessed with the desire to shape Sonia's body and mind as does a fire with gold. Almost imperceptibly Sonia becomes a passive participant and the relationship grows into a reciprocal masochistic game. When the two lovers isolate themselves in a country house in the Veneto hills, they dangerously lose touch with reality and the rest of the world.",
    "genres" : [ {
      "id" : 18,
      "name" : "Drama"
    }, {
      "id" : 10749,
      "name" : "Romance"
    } ]
  }, {
    "id" : 62500,
    "title" : "Vopreki Zdravomu Smyslu",
    "overview" : "Марина – успешная бизнес-леди, специалист по ландшафтному дизайну. Более того, она – дочь замминистра строительства. И – счастливая невеста. Все складывается просто замечательно. Но вот Марина застает жениха в пикантной ситуации с фотомоделью и ...отменяет свадьбу. Чтобы отвлечься, она соглашается выполнить заказ своего старого знакомого Сергея Баринова - нынче владельца крупной строительной фирмы.",
    "genres" : [ {
      "id" : 18,
      "name" : "Drama"
    }, {
      "id" : 80,
      "name" : "Crime"
    } ]
  }, {
    "id" : 62505,
    "title" : "Expecting Mary",
    "overview" : "Expecting Mary is the story of a young girl, who's had all the trappings of an upscale life, but it's only when she finds herself in a small New Mexico town, in a downtrodden trailer park, that she learns the real meaning of love, sacrifice and family.",
    "genres" : [ {
      "id" : 10751,
      "name" : "Family"
    } ]
  }, {
    "id" : 62510,
    "title" : "Two Penny Dance",
    "overview" : "The story of Juliane, a young woman who learns how to take her fate in her own hands and to trust nobody but herself. The plot is set in the Copenhagen tenements of the 1880s. Juliane is trapped in an unhappy marriage to a man who suffers extended periods of insanity. They have two children. She struggles to improve her social status, however, striving to attain the level of her two elder sisters is not easy. The great upheaval comes when she meets Otto, a smith, younger than Juliane, and in many ways her opposite. He is an ardent socialist, whereas she believes in herself. It is love at first sight when they meet and waltz on the pavement, but their passion really bursts into flame as time goes by. At last Juliane has found a man as strong-willed as she is.",
    "genres" : [ {
      "id" : 18,
      "name" : "Drama"
    } ]
  }, {
    "id" : 62530,
    "title" : "Bob the Builder Snowed Under",
    "overview" : "Bob the Builder and his gang travel to a winter resort and have to help build the venues for the Bobblesberg Winter Games, since the original crew assigned the tasked gets snowed under.",
    "genres" : [ {
      "id" : 16,
      "name" : "Animation"
    }, {
      "id" : 10751,
      "name" : "Family"
    } ]
  }, {
    "id" : 62540,
    "title" : "RIAT 2010 - The Royal International Air Tattoo",
    "overview" : "Highlights of the show were the F22 Raptor and the first UK airshow appearance of the A400M. There was also a stunning sequence commemorating the 70th Anniversary of the Battle of Britain. Other displays include: Avro Vulcan XH558, F18 Super Hornet, Gripen, F16, Tornado GR4, Lancaster, Typhoon, Harrier, Red Arrows, Patrouille Suisse, Patrouille de France, Chinook, C17 Globemaster and the KC135. There are also in-cockpit minicam footage from the Belgian F16, French Air Force Alphajet, Royal Netherlands Air Force Apache, Messerschmitt 109, Spitfire and the \"We Fly\" team.",
    "genres" : [ {
      "id" : 99,
      "name" : "Documentary"
    } ]
  }, {
    "id" : 62545,
    "title" : "Casomai",
    "overview" : "",
    "genres" : [ {
      "id" : 35,
      "name" : "Comedy"
    }, {
      "id" : 10749,
      "name" : "Romance"
    } ]
  }, {
    "id" : 62560,
    "title" : "Dagora, the Space Monster",
    "overview" : "The Earth is attacked by a giant jellyfish monster from outer space that, for some reason, has a sweet tooth for diamonds.",
    "genres" : [ {
      "id" : 878,
      "name" : "Science Fiction"
    }, {
      "id" : 80,
      "name" : "Crime"
    } ]
  }, {
    "id" : 62565,
    "title" : "Dave Allen",
    "overview" : "Dave Allen was an alternative comedian before the phrase even existed. He was an innovator who set the agenda for comedy and comedians for more than thirty years. All he needed was a stool and a glass of something and he was in his element, reflecting laconically on such subjects as sex, the Irish and God, traffic, smoking, the Bible, Life and Death. Also sex, the Irish and God... This DVD contains his very own personal choice of sketches, gags and monologues. It's a vintage display from a unique raconteur - a man who observes out guilt, weaknesses and doubts and makes us laugh at them and at ourselves.",
    "genres" : [ {
      "id" : 35,
      "name" : "Comedy"
    } ]
  }, {
    "id" : 62570,
    "title" : "The Two of Us",
    "overview" : "A story of the caring friendship formed between a crusty, old anti-Semite and an eight-year-old Jewish boy who goes to live with him during World War II.",
    "genres" : [ {
      "id" : 18,
      "name" : "Drama"
    }, {
      "id" : 35,
      "name" : "Comedy"
    } ]
  }, {
    "id" : 62575,
    "title" : "L'uomo di vetro",
    "overview" : "",
    "genres" : [ ]
  }, {
    "id" : 62580,
    "title" : "The Well Digger's Daughter",
    "overview" : "It's the beginning of the WWII. South of France. Patricia, 18, is the oldest daughter of a well-digger, Pascal, who considers her a princess because of her moral qualities. She's kind, devoted. One day, she briefly meets a young man, Jacques, the son of Mazel, owner of the shop where her father buy his material. He's handsome and teasing. Her father's friend, Felipe, would love to marry her, and he invites her to an aviation show. She accepts his invitation only because she knows Jacques is a pilot and will be there. Soon, she'll carry his child, and he'll be gone, and the family will have to deal with this out-of-wedlock pregnancy...",
    "genres" : [ {
      "id" : 18,
      "name" : "Drama"
    }, {
      "id" : 10749,
      "name" : "Romance"
    } ]
  }, {
    "id" : 62585,
    "title" : "F.F.S.S. cioè... che mi hai portato a fare sopra a Posillipo se non mi vuoi più bene?",
    "overview" : "",
    "genres" : [ ]
  }, {
    "id" : 62590,
    "title" : "The Conjugal Debt",
    "overview" : "Romolo, a man lazy and devoid of any interest, has been married for ten years with Ines, the owner of a small service station. Tired of supporting his despotic and demanding wife, Romolo searches for a way out and finds it when Orazio, a former fellow soldier, who lives by his wits, invites him to roam freely with him around the world.",
    "genres" : [ {
      "id" : 35,
      "name" : "Comedy"
    } ]
  }, {
    "id" : 62595,
    "title" : "Helge - Komm hier haste ne Mark! Helge und Band live in Berlin",
    "overview" : "",
    "genres" : [ ]
  }, {
    "id" : 62605,
    "title" : "Angel Wars: Guardian Force - Episode 3: Grace And Glory",
    "overview" : "With his angel hostage in tow, the archangel Michael on his tail, and a symbiotic stone taking control of his body, the demon Morg flees to the underworld where he quickly establishes a new base of operations. Feeding off the demon's pride, the symbiont stone slowly transforms Morg into an all-consuming beast with the power to threaten both Heaven and Earth. Facing impossible odds, it's up to Michael and the Guardian Force to prove the old Proverb true: that pride comes before the fall. Featuring the inventive action and effects that have made Angel Wars the top-selling inspirational action-adventure cartoon, Episode 3 explores the dangers of a prideful life.",
    "genres" : [ ]
  }, {
    "id" : 62610,
    "title" : "The Working Girls",
    "overview" : "Honey comes to Los Angeles to seek her new lifestyle, but is flat broke. She gets a place to stay with Denise and Jill. Honey has hard luck finding a job, but eventually gets hired by a millionaire to just talk to him. Denise falls in love with a guitar player Honey brings home, but there's something shady going on with him. Jill works at the local strip bar as a waitress, and the manager has new plans for her. Soon the girls get thrown into danger by the illegal activities of the men they love, and must find a way to solve the problem.",
    "genres" : [ {
      "id" : 35,
      "name" : "Comedy"
    } ]
  }, {
    "id" : 62615,
    "title" : "Scouts Honor",
    "overview" : "Bumbling brothers David and Tim Appleorchard attempt to keep their family-owned summer camp from falling into the hands of their evil, greedy sibling (Chris Kattan) by earning their fist merit badges by the time they turn 30.",
    "genres" : [ {
      "id" : 35,
      "name" : "Comedy"
    }, {
      "id" : 10751,
      "name" : "Family"
    } ]
  }, {
    "id" : 62620,
    "title" : "Les Wriggles à la cigale",
    "overview" : "Cinq drôles de bonhommes rouges qui chantent en racontant des histoires avec pour seul instrument... une guitare. Impossible de ne pas rester l'oreille accrochée aux textes tant ils sont remplis de réalité parfois violente, satirique, politique ou absurde. Un travail de mise en scène hallucinant et un véritable spectacle théâtral.",
    "genres" : [ {
      "id" : 10402,
      "name" : "Music"
    } ]
  }, {
    "id" : 62630,
    "title" : "The Devil's Double",
    "overview" : "A chilling vision of the House of Saddam Hussein comes to life through the eyes of the man who was forced to become the double of Hussein's sadistic son.",
    "genres" : [ {
      "id" : 18,
      "name" : "Drama"
    }, {
      "id" : 28,
      "name" : "Action"
    }, {
      "id" : 53,
      "name" : "Thriller"
    }, {
      "id" : 80,
      "name" : "Crime"
    }, {
      "id" : 10752,
      "name" : "War"
    } ]
  }, {
    "id" : 62635,
    "title" : "Unmistaken Child",
    "overview" : "In Nepal, a venerable monk, Geshe Lama Konchog, dies and one of his disciples, a youthful monk named Tenzin Zopa, searches for his master's reincarnation. The film follows his search to the Tsum Valley where he finds a young boy of the right age who uncannily responds to Konchog's possessions. Is this the reincarnation of the master? After the boy passes several tests, Tenzin takes him to meet the Dali Lama. Will the parents agree to let the boy go to the monastery, and, if so, how will the child respond? Central to the film is the relationship the child develops with Tenzin.",
    "genres" : [ {
      "id" : 99,
      "name" : "Documentary"
    }, {
      "id" : 10769,
      "name" : "Foreign"
    } ]
  }, {
    "id" : 62645,
    "title" : "Mim Bim Ili Chuzhaya Zhizn",
    "overview" : "Жизнь щедра на сюрпризы! Никогда не знаешь, где найдешь, а где потеряешь. В жизни талантливого молодого актера начинается полоса невезений. Сначала он лишается работы в театре. Потом от него уходит жена и забирает с собой 8-летнюю дочку. Бим (так его нынче все называют) пытается заработать денег в качестве площадного мима – копирует проходящих мимо людей...",
    "genres" : [ {
      "id" : 28,
      "name" : "Action"
    } ]
  }, {
    "id" : 62650,
    "title" : "Vam - Zadanie",
    "overview" : "По мотивам одноименного романа Николая Чергинца. Действие фильма начинается весной 1941 года и завершается первыми месяцами после освобождения Беларуси. В центре сюжета фильма – история трех братьев Купревичей. Лейтенант милиции Алексей Купревич получает назначение оперуполномоченным в один из районов Западной Беларуси. Его задача – обезвредить бесчинствующую там банду \"лесных братьев\". Начинается война. Алексей и его брат, старший лейтенант милиции Петр Купревич, получают первое боевое задание: уничтожить высадившийся под Селищами немецкий десант...",
    "genres" : [ {
      "id" : 10752,
      "name" : "War"
    }, {
      "id" : 18,
      "name" : "Drama"
    } ]
  }, {
    "id" : 62655,
    "title" : "Two Weeks in Another Town",
    "overview" : "A recovering alcoholic film director tries for a comeback in Rome.",
    "genres" : [ {
      "id" : 18,
      "name" : "Drama"
    } ]
  }, {
    "id" : 62660,
    "title" : "Stadium Nuts",
    "overview" : "Les Charlots, a French rock group, continue their adventures, in the manner of the Beatles in Hard Day's Night. This is their second adventure. The foursome are on holiday, camping outside a village. The Olympic flame is going to pass through the village. A grocer, charged to prepare a celebration, calls upon the four to help. One of the four falls for the grocer's daughter. However, she runs away after the sportsman carrying the flame. The foursome set of to find her and win her back.",
    "genres" : [ {
      "id" : 35,
      "name" : "Comedy"
    } ]
  }, {
    "id" : 62665,
    "title" : "Cancer: The forbidden cures",
    "overview" : "Cancer is the only disease that has been defeated dozens of times without anyone knowing it. In the last 100 years, doctors, scientists, and researchers have developed diverse and effective solutions against cancer only to be thwarted by the political and propaganda power of the drug-dominated medical profession. This is the story of Essiac, Hoxsey, Laetrile, Shark Cartilage, Mistletoe, and Bicarbonate of Soda all put together in a stunning overview that leaves no doubt that inexpensive cures for cancer do exist but are systematically blocked by Big Pharma because they come from nature and cannot be patented. Highly informative.",
    "genres" : [ {
      "id" : 99,
      "name" : "Documentary"
    } ]
  }, {
    "id" : 62670,
    "title" : "The Adventures of Tom Thumb & Thumbelina",
    "overview" : "Voiced by Elijah Wood, Jennifer Love Hewitt and others, this film features Tom Thumb and Thumbelina, the tiny, famed fairy-tale favorites, who are together for the first time in this heartwarming, magical musical story about courage and friendship.After 15 years, the two reunite and remember when their village was destroyed by a giant. Soon, they find out that they have neat powers they can use for good.",
    "genres" : [ {
      "id" : 16,
      "name" : "Animation"
    } ]
  }, {
    "id" : 62675,
    "title" : "Distracted",
    "overview" : "A comedy about an absent-minded man who works at a advertising company and topples from one problem to another.",
    "genres" : [ {
      "id" : 35,
      "name" : "Comedy"
    } ]
  }, {
    "id" : 62680,
    "title" : "Trackman",
    "overview" : "A perfect bank heist turns deadly when the robbers and their hostages flee to the abandoned underground subway station where they encounter the Trackman, a deformed madman that prowls the darkness.",
    "genres" : [ {
      "id" : 27,
      "name" : "Horror"
    }, {
      "id" : 53,
      "name" : "Thriller"
    }, {
      "id" : 10769,
      "name" : "Foreign"
    } ]
  }, {
    "id" : 62685,
    "title" : "Pictures",
    "overview" : "A young photographer, Julia, makes a disastrous set of photos. She comes to a meeting with a client and he blows her up with his friend, a professional skilled photographer. The dispirited girl steals an expensive photo-album from the photographer. After while some strange distressing events start to happen with her. And one of her best friends suggests her to return the book to it's owner. So, Julia decides to overcome her injury and to go to the photographer's house.",
    "genres" : [ {
      "id" : 10749,
      "name" : "Romance"
    }, {
      "id" : 35,
      "name" : "Comedy"
    }, {
      "id" : 10751,
      "name" : "Family"
    } ]
  }, {
    "id" : 62695,
    "title" : "Storefront Hitchcock",
    "overview" : "Live performance by Robyn Hitchcock, in... well, a storefront.",
    "genres" : [ {
      "id" : 99,
      "name" : "Documentary"
    } ]
  }, {
    "id" : 62700,
    "title" : "De Zwarte Meteoor",
    "overview" : "Nederlandse voetbalfilm",
    "genres" : [ {
      "id" : 18,
      "name" : "Drama"
    } ]
  }, {
    "id" : 62715,
    "title" : "Assassination on the Tiber",
    "overview" : "A black-out occurs during the meeting of a gang of criminals. When the light is back one of them is found killed with a stab on his back and all the clues point to a penniless man who had an argument with the victim a short time before the murder.",
    "genres" : [ {
      "id" : 35,
      "name" : "Comedy"
    }, {
      "id" : 80,
      "name" : "Crime"
    }, {
      "id" : 28,
      "name" : "Action"
    } ]
  }, {
    "id" : 62720,
    "title" : "Cry Wolf",
    "overview" : "A woman uncovers deadly secrets when she visits her late husband's family.",
    "genres" : [ {
      "id" : 9648,
      "name" : "Mystery"
    }, {
      "id" : 53,
      "name" : "Thriller"
    } ]
  }, {
    "id" : 62725,
    "title" : "Delitto a Porta Romana",
    "overview" : "",
    "genres" : [ {
      "id" : 35,
      "name" : "Comedy"
    } ]
  }, {
    "id" : 62730,
    "title" : "In Search of Memory",
    "overview" : "A documentary biopic about Eric Kandel, Nobel Prize winner and one of the most important neural scientists of the 20th century.",
    "genres" : [ {
      "id" : 99,
      "name" : "Documentary"
    } ]
  }, {
    "id" : 62735,
    "title" : "No Place Like Home",
    "overview" : "No Place Like Home",
    "genres" : [ {
      "id" : 28,
      "name" : "Action"
    }, {
      "id" : 12,
      "name" : "Adventure"
    }, {
      "id" : 99,
      "name" : "Documentary"
    }, {
      "id" : 10751,
      "name" : "Family"
    }, {
      "id" : 27,
      "name" : "Horror"
    } ]
  }, {
    "id" : 62750,
    "title" : "...e se domani",
    "overview" : "",
    "genres" : [ {
      "id" : 35,
      "name" : "Comedy"
    } ]
  }, {
    "id" : 62755,
    "title" : "Back Door to Hell",
    "overview" : "During WWII, a three-man commando team places its trust in the hands of a band of Filipino resistors, as they try to knock out a Japenese communication center.",
    "genres" : [ {
      "id" : 28,
      "name" : "Action"
    }, {
      "id" : 10752,
      "name" : "War"
    }, {
      "id" : 18,
      "name" : "Drama"
    } ]
  }, {
    "id" : 62760,
    "title" : "Shakespeare Could Never Imagine",
    "overview" : "In a provincial town are waiting for a famous troupe of actors. However, arrived celebrities behave strangely and in preparation for the play with the director arouse suspicion in the \"authenticity\" arrived ... In the camp of the \"actors\" his troubles - the only \"Prima\", whose performance the governor came, himself, runs away with a young hussar to the Gypsies. The evening show, tickets are sold out, and no one to play. On tour to seek \"the actress' replacement.",
    "genres" : [ {
      "id" : 35,
      "name" : "Comedy"
    } ]
  }, {
    "id" : 62765,
    "title" : "Exit 67",
    "overview" : "Ronald, an eight year-old biracial boy, sees his life turning upside down after witnessing the brutal murder of his mother by his father. Often moved from one foster home to the next, Ronald is recruited by a street gang where he dwells in a life of crime and violence. As he waits for his father to be released to avenge his mother, he realizes that he doesn't have to follow his father's footsteps or the path chosen for him. Against all odds, he takes control of his own destiny. His awakening to new humane values enables him to change change course despite the obvious risk of losing the only family he has ever known.",
    "genres" : [ {
      "id" : 28,
      "name" : "Action"
    }, {
      "id" : 80,
      "name" : "Crime"
    }, {
      "id" : 18,
      "name" : "Drama"
    } ]
  }, {
    "id" : 62770,
    "title" : "Beshenye Dengi",
    "overview" : "Что же такого страшного и непостижимого может произойти с участниками съёмок фильма, если привлечь в спонсоры владельца казино, крутого парня Гришу? Оказывается очень даже много чего. Особенно, если у Гриши есть «милая» и любвеобильная девушка, которая влюбляется в актёра, играющего главного героя фильма. И к тому же кто-то, прямо на съёмочной площадке, похищает чемоданчик со спонсорскими долларами …",
    "genres" : [ {
      "id" : 35,
      "name" : "Comedy"
    }, {
      "id" : 99,
      "name" : "Documentary"
    }, {
      "id" : 10769,
      "name" : "Foreign"
    } ]
  }, {
    "id" : 62775,
    "title" : "Havukka-Ahon Ajattelija",
    "overview" : "",
    "genres" : [ {
      "id" : 35,
      "name" : "Comedy"
    }, {
      "id" : 18,
      "name" : "Drama"
    } ]
  }, {
    "id" : 62780,
    "title" : "A Yakuza's Daughter Never Cries",
    "overview" : "Yuriko, a daughter of Yakudza boss is lost in Russia. Here she finds Alexey - a young man who is trying to help her.",
    "genres" : [ {
      "id" : 35,
      "name" : "Comedy"
    } ]
  }, {
    "id" : 62785,
    "title" : "Naydenysh",
    "overview" : "Двое воспитанников детского дома влюбляются друг в друга, и их отношения очень быстро доходят до интимной близости. Вскоре девушка понимает, что беременна, и сообщает об этом любимому парню. Тот в шоке и не знает, что с этим делать. Все становится известно воспитателям, которые требуют, чтобы девушка сделала аборт. Будущий отец в панике сбегает...",
    "genres" : [ {
      "id" : 10749,
      "name" : "Romance"
    }, {
      "id" : 18,
      "name" : "Drama"
    } ]
  }, {
    "id" : 62790,
    "title" : "Signé Furax",
    "overview" : "The notorious and mysterious criminal Furax steals France's famous monuments, replacing them with replicas.",
    "genres" : [ {
      "id" : 35,
      "name" : "Comedy"
    }, {
      "id" : 9648,
      "name" : "Mystery"
    } ]
  }, {
    "id" : 62800,
    "title" : "The Passage",
    "overview" : "After the death of his girlfriend Tracy, the American Luke travels to Morocco with his British friend Adam to spend vacation and recover his loss. While in Medina, Luke meets the gorgeous Moroccan nurse Zahra and he offers to walk her home. However, she is offended by a group of men due to her Western companion and Luke defends her. Zahra offers to be his tourist guide and suggest him to travel to Atlas Mountain to the see the sunset and spend the night in a hotel. Adam decides to meet the couple in the next morning to let Luke alone with Zahra. However, the hotel manager does not accept their check-in and a local lodges the couple in a cabin of his own. During the night, Luke goes to the bathroom and finds a mace of tunnels linking the cabins in the mountain. Zahra meets him in the tunnel and he discovers a dark secret about the place.",
    "genres" : [ {
      "id" : 18,
      "name" : "Drama"
    }, {
      "id" : 53,
      "name" : "Thriller"
    }, {
      "id" : 99,
      "name" : "Documentary"
    }, {
      "id" : 9648,
      "name" : "Mystery"
    } ]
  }, {
    "id" : 62810,
    "title" : "2 At a Time",
    "overview" : "It's simple mathematics: 2 cocks at a time equals one tore up bitch! So get ready to watch these cock addicted sluts (including Ivana Sugar, Liza del Sierra, Donna Bell, Bailey, and Honey Winter) get their holes double teamed and double beamed ...",
    "genres" : [ ]
  }, {
    "id" : 62820,
    "title" : "Pocahontas Glory Vol. 7",
    "overview" : "N&amp;W Steam 1956-1958! * Cincinnati, Portsmouth in 1956! * Class A Breakdown * Rainy day at Bonsack, VA in 1956 with live sound including Class A, Y, Jawn Henry, J &amp; K2's! * Pigeon Creek Shifter chase with Y6A #2136, November 1958! All scenes with real N&amp;W audio, much of it recorded when filmed! Featuring film by Donald J. Krofta, Joseph Schmitz, Jack Jennings, William H. Bauer, Dave McNeil and George Leilich. Narrated by Russ Wheeler.",
    "genres" : [ {
      "id" : 99,
      "name" : "Documentary"
    }, {
      "id" : 36,
      "name" : "History"
    } ]
  }, {
    "id" : 62825,
    "title" : "A Long Hot Summer",
    "overview" : "The story of a rock band \"Kalle Päätalo\" in the 1980s.",
    "genres" : [ {
      "id" : 10402,
      "name" : "Music"
    }, {
      "id" : 35,
      "name" : "Comedy"
    } ]
  }, {
    "id" : 62830,
    "title" : "Starvengers",
    "overview" : "Soon after the events of the first Getta Robo series, Earth finds itself under attack by the Hyakki (Pandemonium) Empire and its fleet of horned battle robots. In response to the threat, the Getta labs re-fit their chief weapon: three advanced jets, capable of merging into three distinct robots. These are Getta Dragun (Star Dragon) the most powerful and oft-used formation; Getta Rygar (Star Arrow) designed for speed and aerial combat; and Getta Poseidon (Star Poseidon) built for strength and aquatic battle.",
    "genres" : [ {
      "id" : 16,
      "name" : "Animation"
    }, {
      "id" : 878,
      "name" : "Science Fiction"
    } ]
  }, {
    "id" : 62835,
    "title" : "Colombiana",
    "overview" : "Zoe Saldana plays a young woman who, after witnessing her parents’ murder as a child in Bogota, grows up to be a stone-cold assassin. She works for her uncle as a hitman by day, but her personal time is spent engaging in vigilante murders that she hopes will lead her to her ultimate target: the mobster responsible for her parents' death.",
    "genres" : [ {
      "id" : 28,
      "name" : "Action"
    }, {
      "id" : 53,
      "name" : "Thriller"
    }, {
      "id" : 80,
      "name" : "Crime"
    }, {
      "id" : 18,
      "name" : "Drama"
    } ]
  }, {
    "id" : 62840,
    "title" : "Little Frick and the Fiddle",
    "overview" : "Meet the cheeky, but kind-hearted, Little Frick and his fiddle as he works for three years for three shillings and compassionately gives them away to every vagabond he meets. But the reward is immense.",
    "genres" : [ {
      "id" : 16,
      "name" : "Animation"
    } ]
  }, {
    "id" : 62845,
    "title" : "Wait 'Til You're Older",
    "overview" : "A troubled boy who seeks escape becomes a man through a miraculous growth formula but encounters a new troubles when the formula won't quit.",
    "genres" : [ {
      "id" : 18,
      "name" : "Drama"
    }, {
      "id" : 35,
      "name" : "Comedy"
    } ]
  }, {
    "id" : 62855,
    "title" : "Prince of Space",
    "overview" : "When an alien force tries to invade Earth to steal a powerful new rocket fuel, a mysterious hero intervenes.",
    "genres" : [ {
      "id" : 28,
      "name" : "Action"
    }, {
      "id" : 878,
      "name" : "Science Fiction"
    } ]
  }, {
    "id" : 62870,
    "title" : "The Nostradamus Effect",
    "overview" : "",
    "genres" : [ ]
  }, {
    "id" : 62875,
    "title" : "Party at the Palace: The Queen's Concerts, Buckingham Palace",
    "overview" : "Well known performers accompanied by 12,000 selected members of the public on the lawn of Buckingham Palace to celebrate the Queen's Golden Jubilee.",
    "genres" : [ {
      "id" : 10402,
      "name" : "Music"
    }, {
      "id" : 99,
      "name" : "Documentary"
    } ]
  }, {
    "id" : 62880,
    "title" : "Smokey Bites the Dust",
    "overview" : "Follows the rivalry between a small-town Southern sheriff and a small-town delinquent who steals cars and then destroys them with the sheriff’s daughter by his side.",
    "genres" : [ {
      "id" : 28,
      "name" : "Action"
    }, {
      "id" : 35,
      "name" : "Comedy"
    }, {
      "id" : 10749,
      "name" : "Romance"
    } ]
  }, {
    "id" : 62885,
    "title" : "All internal 1",
    "overview" : "",
    "genres" : [ ]
  }, {
    "id" : 62890,
    "title" : "Oh Schuks... I'm Gatvol",
    "overview" : "Schucks is back and this time he's Gatvol. The rampant crime rate and unprecedented violence have finally become too much and Schucks together with his sidekick, little Alf, is joining the chicken run to Australia. However this promises to be the flight of his life given that the evil despot Samoosa Woestyn is stalking him.",
    "genres" : [ {
      "id" : 35,
      "name" : "Comedy"
    } ]
  }, {
    "id" : 62895,
    "title" : "Ai Que Vida!",
    "overview" : "",
    "genres" : [ {
      "id" : 35,
      "name" : "Comedy"
    }, {
      "id" : 10749,
      "name" : "Romance"
    } ]
  }, {
    "id" : 62900,
    "title" : "Tupla-Uuno",
    "overview" : "Tupla-Uuno",
    "genres" : [ ]
  }, {
    "id" : 62905,
    "title" : "Uuno Turhapuron poika",
    "overview" : "",
    "genres" : [ {
      "id" : 35,
      "name" : "Comedy"
    } ]
  }, {
    "id" : 62910,
    "title" : "Fuck My Life",
    "overview" : "Javier wants to forget his ex. But it's impossible when she's always on line. Getting drunk and partying it's the only solution. Or not.",
    "genres" : [ {
      "id" : 35,
      "name" : "Comedy"
    } ]
  }, {
    "id" : 62915,
    "title" : "Santo in the Wax Museum",
    "overview" : "El Santo, the masked Mexican wrestler, investigates a series of kidnappings. He discovers that the mysterious Doctor Caroll is using the victims as part of his experiments to develop an army of monsters. Naturally, El Santo is able to overcome them all - with wrestling!",
    "genres" : [ {
      "id" : 27,
      "name" : "Horror"
    }, {
      "id" : 28,
      "name" : "Action"
    } ]
  }, {
    "id" : 62920,
    "title" : "New Zealand 2005 - Inside The Lions Den",
    "overview" : "The Lions in New Zealand – as never seen before….. up close… behind the scenes – literally, in the Lions Den… For the first time ever in New Zealand, the Lions were accompanied by a film crew, recording every detail of an incredible six week adventure, from the moment they left the UK to the last kick of the third and final test in Auckland. This amazing film takes you behind the scenes with the biggest names in British and Irish rugby. Sir Clive Woodward reveals his battle plans while Lawrence Dallaglio and Brian O’Driscoll lift the lid on the moment their tours came to an abrupt end…. and much, much more.",
    "genres" : [ {
      "id" : 99,
      "name" : "Documentary"
    } ]
  }, {
    "id" : 62925,
    "title" : "Santo and Blue Demon Against the Monsters",
    "overview" : "Bruno Halder a sinister scientist seeking revenge against his brother and niece is resurrected by Waldo his faithful sidekick. Besides his minions of zombies Halder enlists the help of Wolfman, Franquestain, a Vampire, a Mummy and a Cyclops. Once again the survival of mankind is put in the hands of Santo",
    "genres" : [ {
      "id" : 14,
      "name" : "Fantasy"
    }, {
      "id" : 28,
      "name" : "Action"
    }, {
      "id" : 12,
      "name" : "Adventure"
    } ]
  }, {
    "id" : 62930,
    "title" : "Santo in the Revenge of the Crying Woman",
    "overview" : "In 1658, a beautiful woman named Eugenia discovers that her lover is going to marry someone else. Brokenhearted and scorned, she decides to make a deal with the devil to get revenge, vowing to return as La Llorona and take every firstborn child of her lover’s descendants.",
    "genres" : [ {
      "id" : 28,
      "name" : "Action"
    }, {
      "id" : 10769,
      "name" : "Foreign"
    } ]
  }, {
    "id" : 62935,
    "title" : "His Majesty, the Scarecrow of Oz",
    "overview" : "A wicked king has taken over the Emerald City, and wants his daughter, Princess Gloria to marry the horrid courtier Googly-Goo, though she loves Pon, the Gardener's Boy. The camera follows two farmers placing a Scarecrow upon a pole in a cornfield. Pon rescues a Kansas girl named Dorothy from the evil witch Mombi, whom Princess Gloria has been taken to by King Krewl to freeze her heart so she will no longer love Pon. An Indian princess has a ceremony to bring the Scarecrow to life. Pon rescues the cold-hearted princess and they flee for help, discovering the Scarecrow, who promptly falls in love with the princess, and Button-Bright, a lost boy from America. They come to the castle of the Tin Emperor, Nick Chopper, and after oiling him, he falls in love with Gloria. After a bit of a chase aided by the Sawhorse and the Wizard, Mombi turns Pon into a Kangaroo, and a slough of Fred Woodward's animals battle it out.",
    "genres" : [ {
      "id" : 35,
      "name" : "Comedy"
    }, {
      "id" : 10751,
      "name" : "Family"
    }, {
      "id" : 14,
      "name" : "Fantasy"
    }, {
      "id" : 12,
      "name" : "Adventure"
    } ]
  }, {
    "id" : 62940,
    "title" : "No One Here Gets Out Alive: A Tribute To Jim Morrison",
    "overview" : "No One Here Gets Out Alive, The Doors' tribute to Jim Morrison is a full exploration of the controversial and quixotic singer, delving into his fascination with cinema and psychology, mysticism and sexuality, poetry and power. In addition to clips of the band in action, it features interviews with the surviving members of The Doors and many others who were instrumental in creating and maintaining the legend.",
    "genres" : [ {
      "id" : 10402,
      "name" : "Music"
    }, {
      "id" : 99,
      "name" : "Documentary"
    } ]
  }, {
    "id" : 62945,
    "title" : "The Doors Of The 21st Century - LA Woman Live",
    "overview" : "This is the tour that never was. The tour that was supposed to happen when Jim Morrison came back from Paris. LA Woman Live!",
    "genres" : [ ]
  }, {
    "id" : 62950,
    "title" : "Neither the Sea Nor the Sand",
    "overview" : "This movie takes place on the Isle of Jersey where a troubled wife has come to sort out the tumult of her life. She encounters a lighthouse-keeper there and they quickly become lovers. Together they flee to Scotland. One day they are making love on a beach when the lighthouse keeper dies. But that's only the beginning of the story.",
    "genres" : [ {
      "id" : 14,
      "name" : "Fantasy"
    }, {
      "id" : 27,
      "name" : "Horror"
    }, {
      "id" : 878,
      "name" : "Science Fiction"
    }, {
      "id" : 10749,
      "name" : "Romance"
    } ]
  }, {
    "id" : 62960,
    "title" : "Tai Chi II",
    "overview" : "A young Tai Chi master fights Opium smugglers with the aid of his powerful braid while wooing a girl.",
    "genres" : [ {
      "id" : 28,
      "name" : "Action"
    }, {
      "id" : 35,
      "name" : "Comedy"
    }, {
      "id" : 10749,
      "name" : "Romance"
    } ]
  }, {
    "id" : 62965,
    "title" : "Boxhagener Platz",
    "overview" : "Feature adaptation of adaptation of Torsten Schulz's novel set in East Berlin in 1968.",
    "genres" : [ {
      "id" : 35,
      "name" : "Comedy"
    } ]
  }, {
    "id" : 62970,
    "title" : "Kaizokuban Bootleg Film",
    "overview" : "Two best friends—Tatsuo, a retiring Yakuza member, and Kiyoshi, a cop—travel to the funeral of a woman they both loved.",
    "genres" : [ {
      "id" : 18,
      "name" : "Drama"
    }, {
      "id" : 80,
      "name" : "Crime"
    }, {
      "id" : 35,
      "name" : "Comedy"
    } ]
  }, {
    "id" : 62975,
    "title" : "Two Girls from Egypt",
    "overview" : "The movie depicts the strangles and hardships of two Egyptian girls.",
    "genres" : [ {
      "id" : 18,
      "name" : "Drama"
    }, {
      "id" : 10751,
      "name" : "Family"
    } ]
  }, {
    "id" : 62980,
    "title" : "Etat des lieux",
    "overview" : "",
    "genres" : [ ]
  }, {
    "id" : 62985,
    "title" : "Shoot the Girls",
    "overview" : "Tonya is a high priced hit-woman specializing in seducing and eliminating men. With girl killer hit-man \"C.D.\" missing, Tonya is contracted to snuff out a beautiful young woman, Judy. Reluctantly going against her \"guys only\" policy, she accepts the job but soon develops an emotional attachment to the girl. Struggling over feelings of affection complicated by a developing gun fetish, Tonya soon becomes haunted with visions of shooting girls, and her own bloody death. Her feelings culminate and explode orgasmically during a final confrontation with her intended victim.",
    "genres" : [ {
      "id" : 53,
      "name" : "Thriller"
    } ]
  }, {
    "id" : 62990,
    "title" : "Lesbos Slaughter 2: Satan's Hostages",
    "overview" : "It's that time of year again, and the local Satanic Cult needs virgin blood for their yearly Devil-Fest. He who conducts the virgin sacrifice leads the sect for the upcoming year. After one failed attempt to feast upon the blood of the pure, the cult leader demands that his subordinates bring him the blood of an unpenetrated woman! Meanwhile, Camille, the seductive and persuasive young college student, entices her timid yet easily tempted friend Jennifer to share a relaxed and secluded weekend of house-sitting; thus, becoming a new target for the bloodthirsty Satanists. As the weekend progresses, Camille tries to get into Jennifer's pants, while the Satanists want to get into her veins. Can the use of power drills and kitchen knives ward off the evil cultists, so that the girls can enjoy a vacation of sexual exploration??? Or will the house-sitting experience turn into a deadly game of cat and mouse???",
    "genres" : [ ]
  }, {
    "id" : 63010,
    "title" : "TREK - A Journey on the Appalachian Trail",
    "overview" : "Trek is the story of four young men and the people they meet as they attempt to hike the 2,168 miles of the Appalachian Trail from Georgia to Maine. Shot and Edited by the hikers themselves, this documentary is one of the most accurate portrayals of the Thru-Hiker lifestyle that has been produced to date. Spanning 14 states and five months, the critically-acclaimed film will inspire you to follow your own dreams, no matter what the odds.",
    "genres" : [ {
      "id" : 99,
      "name" : "Documentary"
    } ]
  }, {
    "id" : 63015,
    "title" : "The Ultimate Degenerate",
    "overview" : "Man drugs, photographs &amp; tortures women he meets by personal ads.",
    "genres" : [ {
      "id" : 27,
      "name" : "Horror"
    }, {
      "id" : 53,
      "name" : "Thriller"
    } ]
  }, {
    "id" : 63020,
    "title" : "The Perez Family",
    "overview" : "In the midst of the Mariel boat lift -- a hurried exodus of refugees from Cuba going to America -- an immigration clerk accidentally presumes that dissident Juan Raul Perez and Dorita Evita Perez are married. United by their last name and a mutual resolve to emigrate, Dorita and Juan agree to play along. But it gets complicated when the two begin falling for each other just as Juan reunites with his wife, Carmela, whom he hasn't seen in decades.",
    "genres" : [ {
      "id" : 35,
      "name" : "Comedy"
    }, {
      "id" : 18,
      "name" : "Drama"
    }, {
      "id" : 10749,
      "name" : "Romance"
    } ]
  }, {
    "id" : 63025,
    "title" : "A Lizard in a Woman's Skin",
    "overview" : "A young woman is accused of murdering her debauched neighbor after dreaming it. Was she set up, or did she really do it?",
    "genres" : [ {
      "id" : 27,
      "name" : "Horror"
    }, {
      "id" : 9648,
      "name" : "Mystery"
    }, {
      "id" : 53,
      "name" : "Thriller"
    } ]
  }, {
    "id" : 63030,
    "title" : "Lucky Stars Go Places",
    "overview" : "Lucky Stars Go Places, also known as The Luckiest Stars, is a 1986 Hong Kong action comedy film directed by Eric Tsang. It is the fourth film in the Lucky Stars series. It was an attempt to combine the original Lucky Stars troupe with the similar action comedy ensemble from the Aces Go Places series.",
    "genres" : [ {
      "id" : 35,
      "name" : "Comedy"
    }, {
      "id" : 28,
      "name" : "Action"
    } ]
  }, {
    "id" : 63035,
    "title" : "Las delicias de los verdes años",
    "overview" : "In the Middle Age, a farmer named Mauro is heading to Madrid following the last will of his father.",
    "genres" : [ ]
  }, {
    "id" : 63040,
    "title" : "Is Harry on the Boat?",
    "overview" : "A bawdy, ultimately moral tale of hedonism's complications, Is Harry on the Boat? is probably the most memorable film to come out of the culture of young singles' holidays on Ibiza. Tour rep Brad (Danny Dyer) is determined to win the informal competition among the male reps to sleep with as many female clients as possible, while his friend Mikey (Des Coleman) is looking for true love. Brad gradually learns responsibility and human concern from the awful examples set by corrupt manageress Alison and self-serving treacherous super-stud Mario. Along the way we get some memorably gross-jokes and one or two moments of rather touching tenderness, as well as a convincing portrait of what people go to Ibiza for--loud, large times of music and drunken excess. Dyer is convincing as a young man who learns better from experience and Des Coleman makes Mikey a three-dimensional, soulful romantic with a wicked sense of humour rather than merely Good personified.",
    "genres" : [ {
      "id" : 35,
      "name" : "Comedy"
    }, {
      "id" : 18,
      "name" : "Drama"
    } ]
  }, {
    "id" : 63045,
    "title" : "Textuality",
    "overview" : "Two people attempt to get into a relationship, while exiting the multiple relationships they were each managing through their Blackberries before they met.",
    "genres" : [ {
      "id" : 35,
      "name" : "Comedy"
    }, {
      "id" : 10749,
      "name" : "Romance"
    } ]
  } ]
}