{
  "movies" : [ {
    "id" : 173446,
    "title" : "1996 World Series",
    "overview" : "When they write the story of the 1996 World Series, don't be surprised if they write about the heart of a champion. Like the Atlanta Braves, who year after year return to the fall classic on the strength of the best starting pitchers in baseball. And the New York Yankees--A clever mix of youth and veterans--gritty, resilient, and very likeable. Don't be caught off guard if the heroics of Bernie Williams and Jim Levritz are recanted--or the medical miracle that brought David Cone from the operating room to the most important start of his career. When they write the story of the 1996 World Series, it will tell how the Yankees came to captivate a city by battling back from a two-games-to-none deficit, To win four straight against the defending world champions for its 23rd world title--it's first since 1978.",
    "genres" : [ ]
  }, {
    "id" : 173456,
    "title" : "The Plough and the Stars",
    "overview" : "Barbara Stanwyck stars as the wife of an Irish revolutionary during the Easter rebellion.",
    "genres" : [ {
      "id" : 18,
      "name" : "Drama"
    } ]
  }, {
    "id" : 173466,
    "title" : "WWE SummerSlam 1988",
    "overview" : "SummerSlam (1988) was the first annual SummerSlam professional wrestling pay-per-view event. It was produced by the World Wrestling Federation and took place on August 29, 1988 in Madison Square Garden, located in New York, New York. The PPV was created to help the company compete against rival promotion World Championship Wrestling. It was one of the first four annual pay-per-view events produced by the WWF.  The main match of the preliminary bouts was the WWF Intercontinental Championship match between The Ultimate Warrior and the reigning champion The Honky Tonk Man. The Ultimate Warrior won the match in approximately thirty seconds to end the longest Intercontinental Championship reign. The main event was a match pitting The Mega Powers (Hulk Hogan and Randy Savage) against their long-time rivals, The Mega Bucks (Ted DiBiase and André the Giant). Hogan and Savage won the match after Miss Elizabeth distracted the special guest referee by removing her skirt to reveal a bikini bottom.",
    "genres" : [ {
      "id" : 28,
      "name" : "Action"
    }, {
      "id" : 18,
      "name" : "Drama"
    } ]
  }, {
    "id" : 173471,
    "title" : "Drop Out - Nippelsuse schlägt zurück",
    "overview" : "Marion, also known as Nippelsuse, leaves her boyfriend and has to find new accommodation as well as a job. She decides to become a private detective. She immediately gets a case to follow someone's unfaithful girlfriend.",
    "genres" : [ {
      "id" : 18,
      "name" : "Drama"
    } ]
  }, {
    "id" : 173486,
    "title" : "Wo Lang?",
    "overview" : "",
    "genres" : [ ]
  }, {
    "id" : 173491,
    "title" : "TINY: A Story About Living Small",
    "overview" : "What is home? And how do we find it? TINY follows one couple's attempt to build a Tiny House from scratch with no building experience, and profiles other families who have downsized their lives into houses smaller than the average parking space. Through homes stripped down to their essentials, the film raises questions about sustainability, good design, and the changing American Dream.",
    "genres" : [ {
      "id" : 99,
      "name" : "Documentary"
    } ]
  }, {
    "id" : 173496,
    "title" : "Broken Trust",
    "overview" : "Sophie Anderson is the lead attorney on an intellectual property case against a corrupt pharmaceutical company. When her mentor and boss is kidnapped, she becomes a pawn in an elaborate scheme that jeopardizes her case and more.",
    "genres" : [ {
      "id" : 53,
      "name" : "Thriller"
    } ]
  }, {
    "id" : 173506,
    "title" : "Meublé La Casita Blanca",
    "overview" : "La Casita Blanca is about to close its doors. What still on any given day in any of the forty rooms? Meublé tells six stories about desire, the game, the need for companionship and madness, as necessary to live and they do not understand the crisis.",
    "genres" : [ ]
  }, {
    "id" : 173516,
    "title" : "The Ultimate Fighter 2 Finale",
    "overview" : "The Ultimate Fighter 2 Finale was a mixed martial arts event held by the Ultimate Fighting Championship on November 5, 2005. Featured were the finals from The Ultimate Fighter 2 in both the Welterweight and Heavyweight divisions as well as a main event between Diego Sanchez and Nick Diaz.",
    "genres" : [ ]
  }, {
    "id" : 173526,
    "title" : "La grosse commission",
    "overview" : "",
    "genres" : [ ]
  }, {
    "id" : 173536,
    "title" : "Le Prince Miiaou",
    "overview" : "",
    "genres" : [ ]
  }, {
    "id" : 173546,
    "title" : "Rose et Violette",
    "overview" : "",
    "genres" : [ ]
  }, {
    "id" : 173561,
    "title" : "Ladies Room",
    "overview" : "In an ethereal, high-ceilinged room, women stand, waiting. Perhaps it's Purgatory and they're dead. In the room, two young women, one an actress and the other a psychologist, watch the last few days of their lives on a TV screen. Both are having affairs with married men, each has a long encounter with her lover's wife, and both these scenes take place in a ladies' room, one backstage at a play that's about to preview, the other at an opera house during the first act. The relationships between each pair of younger and older women take surprising turns, and in the room with the TV, a sylph asks probing and challenging questions of the two young women as they watch.",
    "genres" : [ {
      "id" : 35,
      "name" : "Comedy"
    }, {
      "id" : 18,
      "name" : "Drama"
    } ]
  }, {
    "id" : 173576,
    "title" : "Tourettes: I Swear I Can't Help It",
    "overview" : "2009 - In 1988, teenager John Davidson featured in a BBC documentary about Tourettes. At that time, few people had even heard of Tourettes Syndrome, let alone knew anything about the neurological condition which, at its worst, causes violent body movements and outbursts of swearing. John was 16, and trying to come to terms with a frightening world where his language and behaviour was a constant form of offence to everyone around him. In 2002, he took part in a follow-up film alongside 8-year-old Greg Storey, who had recently been diagnosed with Tourettes.  Now, seven years on, this film revisits both John (aged 37) and Greg (aged 15), and sees how their worlds have changed. Greg is now the same age as John was when he first took part in a documentary. How does Greg's experience of being a teenager with Tourettes compare to John's, and how does John's life continue to change?",
    "genres" : [ {
      "id" : 99,
      "name" : "Documentary"
    } ]
  }, {
    "id" : 173591,
    "title" : "Ulterior Motives",
    "overview" : "maha, Neb. - The Omaha Police Department remains mute as national attention is focused on the deaths of five of their own. Local sources indicate the FBI has joined with local authorities in their investigation into the deaths of five Omaha Police Officers. The San Diego, Cal. Office of the FBI confirmed late yesterday only that they are in Omaha in connection with an ongoing investigation in southern California. To date, the Omaha Police Department has not acknowledged any leads in the bizarre series of homicides and Resisted use of the term \"serial killer\" when referring to what the media has dubbed (The Alley Cat). Omaha Police spokesmen had no comment, stating they have every available law enforcement officer working on the case.",
    "genres" : [ ]
  }, {
    "id" : 173616,
    "title" : "The Who & Special Guests Live at the Royal Albert Hall",
    "overview" : "The Who & Special Guests: Live at the Royal Albert Hall is a concert film of The Who's concert on November 27, 2000 at the Royal Albert Hall in London to benefit the Teenage Cancer Trust.[2] A number of special guests joined the band on stage to perform the band's hits. The concert was also released on CD as Live at the Royal Albert Hall.",
    "genres" : [ {
      "id" : 99,
      "name" : "Documentary"
    }, {
      "id" : 10402,
      "name" : "Music"
    } ]
  }, {
    "id" : 173626,
    "title" : "Fort Yuma",
    "overview" : "Apaches plan to attack a fort by wearing uniforms plundered from a cavalry officer's (Peter Graves) supply column.",
    "genres" : [ {
      "id" : 37,
      "name" : "Western"
    } ]
  }, {
    "id" : 173631,
    "title" : "Bremer Freiheit",
    "overview" : "A very stylized TV version of the Fassbinder play. The set consists of a few pieces of furniture in front of a large screen on which coastal scenery is back projected. Geesche is a nineteenth century woman who wants to have a mind of her own. She defies convention and will do anything to achieve her freedom from oppression by her family and friends. (synopsis written by Will Gilbert)",
    "genres" : [ {
      "id" : 18,
      "name" : "Drama"
    } ]
  }, {
    "id" : 173636,
    "title" : "Kung Fu Fighting: The Rise of Martial Arts in Britain",
    "overview" : "Timeshift, the black belt of the archive world, takes a look at the rise of martial arts in Britain. From the early days of bartitsu, through judo and karate to kung fu, Britain has had a long and illustrious involvement with the martial arts. Gold medals have been won, Sherlock Holmes's life has been saved and aftershave has been worn - all thanks to the martial arts.",
    "genres" : [ ]
  }, {
    "id" : 173641,
    "title" : "The Challenge of Ideas",
    "overview" : "Various celebrities and news-media figures discuss the polarization of politics between the Western Allies of the United States and the Soviet bloc, pointing out the need for vigilance and action to protect democracy in the U.S. and abroad.",
    "genres" : [ ]
  }, {
    "id" : 173646,
    "title" : "Festival In The Desert",
    "overview" : "",
    "genres" : [ ]
  }, {
    "id" : 173656,
    "title" : "Pražská 5",
    "overview" : "",
    "genres" : [ {
      "id" : 35,
      "name" : "Comedy"
    } ]
  }, {
    "id" : 173666,
    "title" : "The Globalisation Tapes",
    "overview" : "Filmed by Indonesian workers during their working hours on rubber and palm oil plantations, this film exposes the devastating role of militarism and repression in building the “global economy”. Through chilling first hand accounts, hilarious improvised interventions, collective debate and archival footage, the film explores the relationships between trade, Third World debt, and international institutions like the IMF and World Bank.",
    "genres" : [ {
      "id" : 99,
      "name" : "Documentary"
    } ]
  }, {
    "id" : 173681,
    "title" : "The Great Outdoors: American Summer",
    "overview" : "Summertime in America... For most, it means swimming pools, baseball, and beaches, but to a select few, to our people, the summer means only one thing...Outdoor Motocross.  All access was granted by the world's best riders. The TGO crew stepped inside their boots, showcasing their lives during the week and at the races. A first for the series is this intimate look at our MX heroes and their families as they attempt to take on the toughest sport out there.  In the 450 class, an unlikely champion was crowned. American hopefuls Mike Alessi, Andrew Short and Josh Grant faced off against the 2 time SX Champion, Australia's Chad Reed. Injuries, drama, and surprise performances turned the season upside down.  The 250's battled all summer long with an eclectic and world-class line up. As the season came down to the wire, Team Suzuki's Ryan Dungey and Pro Circuit's Christophe Pourcel traded blows respectively, only to end in heartache for one and triumph for the other.",
    "genres" : [ ]
  }, {
    "id" : 173691,
    "title" : "Will Any Gentleman...?",
    "overview" : "A trip to the theatre changes a meek bank clerk's life (George Cole), as he undergoes hypnosis and leaves without being woken up. Suddenly, he believes he is the world's greatest lover and becomes a terrorizing Casanova.",
    "genres" : [ ]
  }, {
    "id" : 173726,
    "title" : "Kalyug",
    "overview" : "The film is tale of intrigue, plots and the inevitable war between the two families. Ramchand and Bhishamchand were two pioneering brothers in business. Bhishamchand, a lifelong bachelor brought up the two sons of Ramchand on his demise. He also gave the family business a firm foundation. Khubchand (Vinod Doshi) the elder son of Ramchand begets two sons, Dhanraj (Victor Banerjee) and Sandeepraj (Akash Khurana). Puranchand, Khubchand's younger brother had died a few years ago. His three sons are Dharamraj (Raj Babbar), Balraj (Kulbhushan Kharbanda) and Bharatraj (Anant Nag). Another player in the game is Karan (Shashi Kapoor) an orphan brought up by Bhishamchand.A series of events take place that bring the long hidden feud between the two families to light and despite Bhishamchand's efforts to mediate between the two, the situation gets out of hand and events take a tragic turn.",
    "genres" : [ ]
  }, {
    "id" : 173731,
    "title" : "The Cave of the Golden Rose 3",
    "overview" : "The powerful evil wizard Tarabas gets knowledge about a prophecy that a king's child will defeat him. So he sends out his army of dead soldiers to kidnap all royal children. When the soldiers attack Fantaghiro's castle to steal the babies of her sisters, the battle seems to be lost until she discovers the secret to defeat the solders but by doing that she loses Romualdo. Now Fantaghiro must find the evil wizard Tarabas and convince him to break the spell and bring back Romualdo.",
    "genres" : [ {
      "id" : 12,
      "name" : "Adventure"
    }, {
      "id" : 10751,
      "name" : "Family"
    }, {
      "id" : 14,
      "name" : "Fantasy"
    }, {
      "id" : 10749,
      "name" : "Romance"
    } ]
  }, {
    "id" : 173736,
    "title" : "The Cave of the Golden Rose 4",
    "overview" : "A black cloud travels across country, kills animals and plants and dries up the rivers. When the cloud reaches Fantaghiro's kingdom she meets Prince Parsel who follows the cloud to get his stolen castle back. After her castle vanishes, too, Fantaghiro joins Parsel on his journey to find her home, her people, her family and her love.",
    "genres" : [ {
      "id" : 12,
      "name" : "Adventure"
    }, {
      "id" : 10751,
      "name" : "Family"
    }, {
      "id" : 14,
      "name" : "Fantasy"
    }, {
      "id" : 10749,
      "name" : "Romance"
    } ]
  }, {
    "id" : 173746,
    "title" : "The Right to Love",
    "overview" : "A woman becomes estranged from her daughter when the girl learns that she is illegitimate.",
    "genres" : [ {
      "id" : 18,
      "name" : "Drama"
    } ]
  }, {
    "id" : 173751,
    "title" : "Screen Souvenirs",
    "overview" : "Short Film",
    "genres" : [ ]
  }, {
    "id" : 173756,
    "title" : "The Road to Empire",
    "overview" : "A young couple's road trip vacation turns into a perilous search for the truth when the wife grows suspicious of her duplicitous husband -- and an explosive mystery with far-reaching consequences begins to unravel...",
    "genres" : [ ]
  }, {
    "id" : 173761,
    "title" : "Curandero",
    "overview" : "A journey that takes one man into the bowels of black magic in Mexico City",
    "genres" : [ {
      "id" : 27,
      "name" : "Horror"
    } ]
  }, {
    "id" : 173766,
    "title" : "The Route V50",
    "overview" : "As a traveler searches for a place called Confidence, he keeps running into other versions of himself.",
    "genres" : [ ]
  }, {
    "id" : 173776,
    "title" : "Valley of the Fangs",
    "overview" : "Intrigue in the court means that the wife and daughter of framed scholar Sung have to travel to the capital in disguise, as court agents hunt them down. A righteous swordsman and a group of kiln workers get caught up in the action.",
    "genres" : [ {
      "id" : 28,
      "name" : "Action"
    }, {
      "id" : 12,
      "name" : "Adventure"
    }, {
      "id" : 10769,
      "name" : "Foreign"
    } ]
  }, {
    "id" : 173781,
    "title" : "Fear North",
    "overview" : "An evil land developer from America has decided to divert her stream through Tapu (sacred) land. Despite local protest, the diversion begins, releasing bones and a Curse into the water supply. A group of students from the local Area School discover that the tainted water is turning people into Zombies. With super-natural assistance the students form a plan to rid the water of the Curse, before it is too late!",
    "genres" : [ ]
  }, {
    "id" : 173786,
    "title" : "Outreau, l'autre vérité",
    "overview" : "",
    "genres" : [ ]
  }, {
    "id" : 173791,
    "title" : "Sababou",
    "overview" : "",
    "genres" : [ ]
  }, {
    "id" : 173796,
    "title" : "Brave Miss World",
    "overview" : "Linor Abargil, an Israeli beauty queen, was raped two months before being crowned Miss World in 1998. Ten years later, she’s ready to talk about it – and to encourage others to speak out.",
    "genres" : [ {
      "id" : 99,
      "name" : "Documentary"
    } ]
  }, {
    "id" : 173801,
    "title" : "Vous n'avez rien à déclarer ?",
    "overview" : "",
    "genres" : [ {
      "id" : 35,
      "name" : "Comedy"
    } ]
  }, {
    "id" : 173836,
    "title" : "Salem Aleikum",
    "overview" : "",
    "genres" : [ {
      "id" : 35,
      "name" : "Comedy"
    } ]
  }, {
    "id" : 173846,
    "title" : "Rudi na záletech",
    "overview" : "A comedy short with a guy getting chased around the beach which creates a few funny scenes.",
    "genres" : [ ]
  }, {
    "id" : 173861,
    "title" : "Scratch-As-Catch-Can",
    "overview" : "Short known as Broadway Headliners: Scratch-As-Catch-Can",
    "genres" : [ {
      "id" : 35,
      "name" : "Comedy"
    } ]
  }, {
    "id" : 173866,
    "title" : "Si je reste (un peu)",
    "overview" : "A music video directed by Catherine Breillat, featuring the music of Elodie Frégé.",
    "genres" : [ ]
  }, {
    "id" : 173871,
    "title" : "Festung",
    "overview" : "Johanna (13) is in love – but how is she to enjoy this rush of emotions when her violent prone father is returning to the family home? Torn between the wish to stay true to her father and the love for her boyfriend, Johanna is faced with an impossible decision. A story about family secrets, the chains of family loyalty and the power to break free.",
    "genres" : [ {
      "id" : 18,
      "name" : "Drama"
    } ]
  }, {
    "id" : 173876,
    "title" : "Big Time",
    "overview" : "Where the line between fantasy and reality blurs as a fake film company comprised of actors mixes with real adult-film stars at their annual convention in Las Vegas.",
    "genres" : [ ]
  }, {
    "id" : 173881,
    "title" : "Videoke King",
    "overview" : "Overseas worker Ning Ning makes two separate favors to her fiancé King and her cousin Lally. Despite their low tolerance for each others' idiosyncrasies, they grudgingly carry out Ning Ning's wishes. But somewhere in the course of the homebuilding project, King and Lally develop feelings for each other. What they do not know is that Ning Ning actually has plans that they cannot deter.",
    "genres" : [ {
      "id" : 10749,
      "name" : "Romance"
    }, {
      "id" : 28,
      "name" : "Action"
    }, {
      "id" : 35,
      "name" : "Comedy"
    }, {
      "id" : 18,
      "name" : "Drama"
    } ]
  }, {
    "id" : 173886,
    "title" : "26 Years: The Dewey Bozella Story",
    "overview" : "Dewey Bozella’s life changed forever when he was sentenced to 20 years to life in prison for a murder he did not commit. Throughout his 26 years behind bars, Bozella found strength and purpose through boxing, becoming the light heavyweight champion of Sing Sing Prison, and made it a goal to be proven innocent and box professionally once he was released. ESPN Films chronicles Bozella’s journey from prison cell to professional boxer.",
    "genres" : [ {
      "id" : 99,
      "name" : "Documentary"
    } ]
  }, {
    "id" : 173891,
    "title" : "Kind Lady",
    "overview" : "Mary Herries is a rich woman with a habit of contributing to those less fortunate than her.",
    "genres" : [ {
      "id" : 18,
      "name" : "Drama"
    }, {
      "id" : 53,
      "name" : "Thriller"
    } ]
  }, {
    "id" : 173901,
    "title" : "Ladies First",
    "overview" : "A hilarious entanglement of romance among Jeanette Lin Cui, Roy Chiao, Christine Pai Lu-ming and Tien Ching, Ladies First is another light-hearted comedy directed by renowned melodrama specialist Yi Wen, following Bachelors Beware co-starring Linda Lin Dai and Chang Yang. With a strong line-up of veterans such as Wang Lai, Chiang Kwang-chao, Liu En-chia, Kao Hsiang, Kao Yuan, Chen Yu-hsin and Leung Sing-po, Yi Wen once again demonstrates his unique sense of humor reflecting his personal insights of romance. Also noteworthy is the naughty younger brother of Christine, the to-be superstar David Chiang, then known as Yan Wei. (YesAsia)",
    "genres" : [ ]
  }, {
    "id" : 173911,
    "title" : "Bluebird",
    "overview" : "On a freezing January evening, school bus driver Lesley completes her route, but her final inspection abruptly ends when a bluebird comes into view. What happens next shakes her small Maine logging town, proving that even the slightest actions have enormous consequences.",
    "genres" : [ {
      "id" : 18,
      "name" : "Drama"
    } ]
  }, {
    "id" : 173916,
    "title" : "Lily",
    "overview" : "Nearing the end of her treatment for breast cancer, Lily focuses on life with newfound clarity, reevaluating her relationship with an older man and her feelings about her long-absent father.",
    "genres" : [ {
      "id" : 18,
      "name" : "Drama"
    } ]
  }, {
    "id" : 173931,
    "title" : "Legend of a Rabbit",
    "overview" : "In order to keep his promise to an aging kung fu master, Fu the Rabbit must venture out of the comfort of his kitchen and team up with Penny, a kung fu prodigy, on a heroic quest to save their kung fu academy.",
    "genres" : [ {
      "id" : 28,
      "name" : "Action"
    }, {
      "id" : 12,
      "name" : "Adventure"
    }, {
      "id" : 16,
      "name" : "Animation"
    }, {
      "id" : 35,
      "name" : "Comedy"
    }, {
      "id" : 10751,
      "name" : "Family"
    } ]
  }, {
    "id" : 173941,
    "title" : "La Fidélité",
    "overview" : "A music video directed by Catherine Breillat, featuring the music of Elodie Frégé.",
    "genres" : [ ]
  }, {
    "id" : 173946,
    "title" : "The Last Suspect",
    "overview" : "Danny Breznitz, late 40s, a detective in the Tel Aviv Police, is hospitalized following a near-fatal car accident. His relationship with his sexy mistress, Eva, early 30s, is falling apart, and his obsession with her is pushing Eva even further away. Living in the same apartment with Ruthie, his wife, are the only remains of their childless marriage. Following convalescence, Breznitz is handed an insignificant case by his hostile superior which he considers beneath him. But when an unknown body is found in the woods, and nobody cares, Dani finds a cause he can believe in. He makes a tour-de-force of Israel's \"low- life\" – an Arab intellectual who wants to admit to a murder he has not committed, a prostitute turned hairdresser, a pimp who poses as a born-again Jew, a homosexual artist who was excommunicated by his parents. The journey becomes an obsession that threatens to kill him but Breznitz wouldn't stop until he reveals the shocking truth...",
    "genres" : [ {
      "id" : 18,
      "name" : "Drama"
    }, {
      "id" : 80,
      "name" : "Crime"
    } ]
  }, {
    "id" : 173951,
    "title" : "A Ripple of Hope",
    "overview" : "On April 4th, 1968 the day Martin Luther King Jr. was assassinated, Robert Kennedy was in the midst of a presidential campaign that was attempting to bridge racial and economic divisions. As word of the assassination spread, riots and fires erupted in cities across the nation. Urged to cancel a rally before a mixed crowd in the inner city of Indianapolis, Robert Kennedy refused. The threat of violence was very real. But the few, simple words he spoke that night are credited with creating a sense of calm that settled over those neighborhoods during chaotic days following Dr. King’s death.",
    "genres" : [ {
      "id" : 99,
      "name" : "Documentary"
    } ]
  }, {
    "id" : 173956,
    "title" : "Cagney & Lacey: The Return",
    "overview" : "1994.  Cagney, now a Lieutenant, re-teams with Lacey, who has left the force, to search for a cache of missing firearms.",
    "genres" : [ ]
  }, {
    "id" : 173961,
    "title" : "5 and 5",
    "overview" : "A group of soldiers is sent to moshav for a few days of vacation. Or, maybe, not so vacation...",
    "genres" : [ {
      "id" : 35,
      "name" : "Comedy"
    } ]
  }, {
    "id" : 173966,
    "title" : "The Persuader",
    "overview" : "The criminal tries to help his army CO to win the tender. But situation becomes dangerous when CO discovers the outgoing affair between his sister and criminal.",
    "genres" : [ {
      "id" : 80,
      "name" : "Crime"
    }, {
      "id" : 18,
      "name" : "Drama"
    } ]
  }, {
    "id" : 173976,
    "title" : "Hasamba 2",
    "overview" : "A group of girls and boys set up a secret society called \"Hasamba\"; their adventures take place, first during the British Mandate and the struggle for statehood of Israel, and then as they battle their country's enemies: infiltrators, spies, criminals and other offenders",
    "genres" : [ {
      "id" : 12,
      "name" : "Adventure"
    }, {
      "id" : 18,
      "name" : "Drama"
    }, {
      "id" : 10751,
      "name" : "Family"
    } ]
  }, {
    "id" : 173981,
    "title" : "Million Dollar Madness",
    "overview" : "This comedy about the \"sanity\" of those in an asylum focuses on popular Israeli comic Seffi Rivlin, who plays a bank manager who discovers that the inmates of a mental institution are running a counterfeiting operation from the basement of their hospital. Actors exaggerate their portrayals of the patients, and the plot zooms off in several directions at once",
    "genres" : [ {
      "id" : 35,
      "name" : "Comedy"
    } ]
  }, {
    "id" : 173986,
    "title" : "The Good, the Bad, and the Not So Bad",
    "overview" : "The prisoner sentence to a very long time gets visitation home in order to meet his wife. The only problem is that he got a company - one of the prison guards.",
    "genres" : [ ]
  }, {
    "id" : 173996,
    "title" : "Lovesick on Nana Street",
    "overview" : "The touching story of Victor, who lives with his mother in the really bad part of town and runs an illegal TV cable station. One day he sees the beautiful Michaela and falls madly in love with her. So desperate to make her love him back he finally snaps, and sits in the rain, all night, waiting for her. Placed in a mental institution for his own sake he meets several colorful characters, such as the mysterious Levanah with whom he becomes sexually involved. Finally, one day, Michaela comes to visit him...",
    "genres" : [ {
      "id" : 18,
      "name" : "Drama"
    }, {
      "id" : 35,
      "name" : "Comedy"
    } ]
  }, {
    "id" : 174006,
    "title" : "The Savage Wild",
    "overview" : "Eastman narrates, describing the challenges they face living in the arctic and the bonds they form with the wild animals. A wildlife cameraman raises three wolves in the Yukon. Trappers who hear of the wolves try to kill them for the hides. This film served as a follow-up to Eastman's grizzly bear film, High, Wild and Free.",
    "genres" : [ ]
  }, {
    "id" : 174011,
    "title" : "Groucho: A Life in Revue",
    "overview" : "Groucho: A Life In Revue highlights the legendary comedian’s life and amazing career. Written by the ultimate authority – Groucho’s son Arthur Marx – this comedy with music chronicles the unparalleled rags-to-riches story of America’s funniest entertainer. Groucho is portrayed by Frank Ferrante, whose more than 2,000 performances in this role have earned him critical acclaim worldwide. Groucho: A Life In Revue entertains as a comedy, a play and as a musical. With ten songs and musical underscore throughout, the score captures the comic genius and wildness of Groucho, the Marx Brothers and the times in which they lived.",
    "genres" : [ ]
  }, {
    "id" : 174021,
    "title" : "Wildes Skandinavien - Norwegen",
    "overview" : "",
    "genres" : [ ]
  }, {
    "id" : 174026,
    "title" : "Hesanut Builds a Skyscraper",
    "overview" : "A very strange-looking piece of animation from before the triumph of the Bray model of cartooning, this 1914 cartoon, to the modern eye, looks like quarter animation (in which only about a fourth of the movements are covered) and scratchboard work. Hesanut, the star of perhaps half a dozen cartoons from this period, is a top-hatted fellow who builds a skyscraper by placing the girders in place and then using a sort of brick cannon to put up the facade.",
    "genres" : [ ]
  }, {
    "id" : 174031,
    "title" : "Little Billy's Triumph",
    "overview" : "Young Little Billy wants to buy some ice-cream with the dime his mother gave him, but the neighborhood bullies have other plans for that dime.",
    "genres" : [ ]
  }, {
    "id" : 174041,
    "title" : "Brute Force",
    "overview" : "A primitive tribe are attacked by apemen and menaced by various prehistoric monsters.",
    "genres" : [ ]
  }, {
    "id" : 174046,
    "title" : "The Adventure of the Hasty Elopement",
    "overview" : "An amateur detective's automobile is stolen by a young woman who is determined to elope, leading to a complicated chase involving several vehicles.",
    "genres" : [ ]
  }, {
    "id" : 174051,
    "title" : "Hemvärn och Påssjuka",
    "overview" : "",
    "genres" : [ ]
  }, {
    "id" : 174061,
    "title" : "Raaste Kaa Patthar",
    "overview" : "Bombay-based bachelor Jai Shankar Rai lets his superiors, as well as his boss, Ranjeet Choudhary, use his flat at night so that they can have their flings with women. He meets and fall in love with lovely but homeless Neeta Sinha, and even gets her a job at his firm. Hoping to propose to her after his promotion, he instead gets a shock when he finds out that she is soon to be his boss' wife. Remake of the Apartment with a couple of murders thrown in for good measure.",
    "genres" : [ ]
  }, {
    "id" : 174066,
    "title" : "Amor Pedestre",
    "overview" : "The story of the meeting and falling in love of a man and a woman. The story is told by showing the characters from below the knees only. A man in smart shoes prepares to go out. His maid gives him his coat, he dusts off his shoes and leaves. As he leaves the building an elegant woman drops her purse. He returns it to her and follows her home.",
    "genres" : [ {
      "id" : 10749,
      "name" : "Romance"
    }, {
      "id" : 35,
      "name" : "Comedy"
    } ]
  }, {
    "id" : 174071,
    "title" : "Leeds United's Race For The Title 1989/90",
    "overview" : "A compelling account of Leeds United's 1989/90 season in which the team, rebuilt by Howard Wilkinson and led by skipper Gordon Strachan, swept aside the competition to propel themselves back into the top flight of English football. The season marked the end of many great careers (Mervyn Day, Ian Baird, and Peter Haddock to name a few) and the birth of others (David Batty, Chris Fairclough, and Gary Speed).",
    "genres" : [ {
      "id" : 99,
      "name" : "Documentary"
    } ]
  }, {
    "id" : 174091,
    "title" : "Home, Sweet Home",
    "overview" : "John Howard Payne leaves home and begins a career in the theater. Despite encouragement from his mother and his sweetheart, Payne begins to lead a life of dissolute habits, and this soon leads to ruin and misery. In deep despair, he thinks of better days, and writes a song that later provides inspiration to several others in their own times of need.",
    "genres" : [ {
      "id" : 18,
      "name" : "Drama"
    } ]
  }, {
    "id" : 174106,
    "title" : "One Way Ticket",
    "overview" : "Masahiro Shinoda's debut film portrays the romantic lives of a group of young night club entertainers.",
    "genres" : [ {
      "id" : 10402,
      "name" : "Music"
    }, {
      "id" : 10749,
      "name" : "Romance"
    } ]
  }, {
    "id" : 174111,
    "title" : "Fatty and Mabel Viewing the San Francisco World's Fair",
    "overview" : "In 1915-16, San Diego's Balboa Park was the scene of an exposition to mark completion of the Panama Canal. This film takes us through the exposition: from the Cabrillo bridge and a panoramic view of the site, to the facades of the California Building, Horticultural Building, Panama Canal Exhibit, and the reproduction of the locks at Gatuna. We see tourists on the isthmus and a crowd outside the Panama Film Company's exhibit of how movies are made. We watch the feeding of fish at the laguna, and we end at the Plaza de Panama where toddlers are surrounded by pigeons. Fatty Arbuckle makes a brief appearance outside the Panama Film exhibit. Titles give us each structure's cost.",
    "genres" : [ ]
  }, {
    "id" : 174116,
    "title" : "Reunion in Vienna",
    "overview" : "An exiled archduke (John Barrymore) tries to renew romance with a former lover (Diana Wynyard) now wed to a psychiatrist (Frank Morgan).",
    "genres" : [ {
      "id" : 10749,
      "name" : "Romance"
    }, {
      "id" : 18,
      "name" : "Drama"
    } ]
  }, {
    "id" : 174121,
    "title" : "Bradley Manning Had Secrets",
    "overview" : "The chat logs of Wikileaks activist soldier Bradley Manning rendered in the visual equivalent of chiptune.",
    "genres" : [ ]
  }, {
    "id" : 174126,
    "title" : "The Phoney Cannibal",
    "overview" : "Ham fears he has accidentally killed his landlady so he and Bud go on the run, disguised as a missionary and a cannibal.",
    "genres" : [ {
      "id" : 35,
      "name" : "Comedy"
    } ]
  }, {
    "id" : 174131,
    "title" : "Merely A Married Man",
    "overview" : "A Keystone slapstick comedy Harry McCoy &amp; Mae Busch.",
    "genres" : [ ]
  }, {
    "id" : 174136,
    "title" : "Colonel Heeza Liar at the Bat",
    "overview" : "In this story he comes to the rescue of a baseball team and becomes the star pitcher and hitter.",
    "genres" : [ ]
  }, {
    "id" : 174141,
    "title" : "Ambrose's Nasty Temper",
    "overview" : "Ambrose's nasty temper gets him in trouble when he accidentally puts his boss's attractive daughter in danger.",
    "genres" : [ ]
  }, {
    "id" : 174146,
    "title" : "Ambrose's Fury",
    "overview" : "A couple of roving husbands are caught at the seashore by their wives.",
    "genres" : [ ]
  }, {
    "id" : 174156,
    "title" : "Mabel, Fatty and the Law",
    "overview" : "When Mabel catches her husband flirting with their maid, it leads to a sharp dispute. As part of making up, the couple decide to take a walk to the park. Nearby, another married couple have just had a similar domestic squabble, and they too go to the park together. But at the park, both men find it difficult to avoid getting themselves into further trouble.",
    "genres" : [ ]
  }, {
    "id" : 174161,
    "title" : "The Little Teacher",
    "overview" : "The new school teacher fresh from the city struggles with her unruly bumpkin students, while she awaits the arrival of her fiancé.",
    "genres" : [ ]
  }, {
    "id" : 174171,
    "title" : "Fever",
    "overview" : "Militis, a sailor, returns to a bar where he finds Sarah, the girl he once loved and is still attracted to. However, he is now married to an exotic woman who took care of him during an illness.",
    "genres" : [ {
      "id" : 18,
      "name" : "Drama"
    } ]
  }, {
    "id" : 174176,
    "title" : "All for Old Ireland",
    "overview" : "Eileen Donaghue loves Myles Murphy, a match which is approved by Mrs Donaghue. Colonel Reid of the British Army employs an informer, Fagin, who has designs on Eileen, but Myles gives him a beating for his presumption. As a result, Fagin tells Reid that Myles is plotting against the Crown.",
    "genres" : [ ]
  }, {
    "id" : 174191,
    "title" : "The Soap Suds Star",
    "overview" : "Comedy about a down-and-out vaudeville team who attempt Shakespeare and destroy their career.",
    "genres" : [ ]
  }, {
    "id" : 174196,
    "title" : "When Love Took Wings",
    "overview" : "Three men in love with the same woman contend with each other and with her father, until one of them takes her on an airplane in an attempt to elope with her.",
    "genres" : [ ]
  }, {
    "id" : 174201,
    "title" : "When Ambrose Dared Walrus",
    "overview" : "Walrus and his wife run the Walrus Hotel, which acrobats Mr. &amp; Mrs. Ambrose are staying at. Walrus gets a letter from his insurance broker Mr. Cinder demanding a payment. Short on cash, Walrus decides to get his tenants' money now. Ambrose and his wife are in the middle of a domestic squabble when Walrus pays a visit, and his presence only makes things worse. Mr. Cinder visits Walrus himself, and he carelessly throws his cigarette into a trash can. After he leaves, the hotel catches on fire and the rest of the film is a thrilling five-minute race to pay off the insurance!",
    "genres" : [ ]
  }, {
    "id" : 174211,
    "title" : "Felix",
    "overview" : "",
    "genres" : [ ]
  }, {
    "id" : 174216,
    "title" : "Fatty’s Plucky Pup",
    "overview" : "Four bad men have kidnapped Fatty's girlfriend and plan to kill her. Fatty's dog knows where she is, but Fatty doesn't and he was crying. However the dog came back to get Fatty, and they and the Keystone Cops went to rescue her.",
    "genres" : [ {
      "id" : 35,
      "name" : "Comedy"
    } ]
  }, {
    "id" : 174226,
    "title" : "Hands",
    "overview" : "A commercial for the Works Progress Administration. We see hands close up: working, playing, praying, whittling, and strumming. Hands use saws and hammers, lift stones, turn wheels, then write, type, apply a bandage, play a violin, use a compass, and hold a U.S. Treasury note. Hands put a shoe on a customer, shake a thermometer, and count out bills and coins into other waiting hands. A hand places an engagement ring on a finger, buys a movie ticket, and reels in a fishing line. There are multiple images repeating what we've seen. A chicken is basted; other chickens get grain. It's a national celebration.",
    "genres" : [ ]
  }, {
    "id" : 174246,
    "title" : "Sultan Pepper",
    "overview" : "A The Little King short.",
    "genres" : [ ]
  }, {
    "id" : 174256,
    "title" : "A Royal Good Time",
    "overview" : "A Little King cartoon from the Van Beuren Studios.",
    "genres" : [ ]
  }, {
    "id" : 174266,
    "title" : "A Haul in One",
    "overview" : "Popeye and Bluto are, believe it or not, pals and partners in a moving company. (Maybe it's because Popeye isn't squinting here.) Anyhow, Olive has made the mistake of hiring them. She hasn't finished packing yet, so the boys, smitten as soon as she answers the door, compete to help her. Once packed, they compete to move more impressive piles of her belongings. Popeye easily wins these contests, even though Bluto locks him in the van at one point. At the end, Bluto socks Popeye into the piano, then into a table; though he hardly seems to need it, Popeye still eats his spinach, then thrashes Bluto.",
    "genres" : [ ]
  }, {
    "id" : 174271,
    "title" : "The Fortunes and Misfortunes of Moll Flanders",
    "overview" : "In her filthy cell in Newgate prison Moll Flanders, dubbed 'the wickedest woman in England' tells her story. Born in the gaol, after her mother is transported Moll is raised by the kindly mayor of Colchester and his wife, whose two sons lust after her. She enjoys sex with handsome Rowland, who teaches her that money talks, but, realizing he only wants her as a mistress, she marries his duller brother Robin, who conveniently dies after five years, leaving her wealthy. She goes to London, briefly meeting highwayman Jemmy Seagrove, and marries parvenu draper Daniel Dawkins, but he has huge debts and must flee to France, leaving Moll alone and poor. Moll meets handsome young American sea captain Lemuel Golightly, who marries her and takes her to Virginia and a good life style, along with his mother. They have two children and are blissfully happy until Moll discovers her mother-in-law is also her birth mother. She has married her own brother. She returns to England and poses as wealthy ...",
    "genres" : [ {
      "id" : 35,
      "name" : "Comedy"
    }, {
      "id" : 18,
      "name" : "Drama"
    }, {
      "id" : 10749,
      "name" : "Romance"
    } ]
  }, {
    "id" : 174281,
    "title" : "Sock-a-Bye, Baby",
    "overview" : "Popeye is baby sitting, and the little one won't be quiet unless he's sleeping. Obstacles include a _Harpo Marx_ lookalike playing the harp on the street; a music school; a ship blowing its horn; a radio outside a radio store; a building construction site; blaring car horns. Popeye deals with all of these in the least efficient way possible.",
    "genres" : [ ]
  }, {
    "id" : 174286,
    "title" : "The Dance Contest",
    "overview" : "Popeye and Olive visit a dance hall, where a contest is in progress (though judge Wimpy seems far more interested in his hamburgers than the dancers). He dances terribly. Bluto cuts in, and Popeye sulks in a corner next to a convenient bowl of spinach. Popeye dances impressively; Bluto comes back and manhandles Olive.",
    "genres" : [ ]
  } ]
}