{
  "movies" : [ {
    "id" : 304341,
    "title" : "Mike Tyson - Complete Career 1986-1989",
    "overview" : "Complete Career Fights 1986-1989",
    "genres" : [ ]
  }, {
    "id" : 304346,
    "title" : "Por si no te vuelvo a ver",
    "overview" : "Five elderly men form a music group and run away from the nursing home where they are interns with the hope of playing for an audience. They confront th city, the nursing home authorities, the police and all those who wish to destroy their dream which finally comes true when they are contracted to serve as musical background for strippers of a second class cabaret.  In case i never see you again, is a movie about life, death, melancholy and the quest for happiness.",
    "genres" : [ {
      "id" : 35,
      "name" : "Comedy"
    } ]
  }, {
    "id" : 304351,
    "title" : "Rano",
    "overview" : "No Overview",
    "genres" : [ ]
  }, {
    "id" : 304356,
    "title" : "Best Little Whorehouse in San Francisco",
    "overview" : "Candy Samples plays the Madame of this brothel. Her assistant is Amber Lynn. This is the Best Little whorehouse in San Francisco.Where your sexual fantasies will come true.",
    "genres" : [ ]
  }, {
    "id" : 304361,
    "title" : "Katırcılar",
    "overview" : "",
    "genres" : [ {
      "id" : 18,
      "name" : "Drama"
    } ]
  }, {
    "id" : 304366,
    "title" : "Lal Shaheber Kuthi",
    "overview" : "Lal Saheber Kuthi Ron, Sid sarita and akki are five friends. They decided to make decided to make a diploma film for college. Theme of the film is Ghost. Before starting of the shooting, they decided to visit the location. So, they went at sid’s uncle’s village. Various Strange old woman.Lal Saheber Kuthi  Then Started Happening. They met with a strange old woman. Then started the worst things. One by one, they fell on the eye of strange thing. Who is that old man?? Lal Saheber Kuthi Will they be able to leave that place safely??",
    "genres" : [ {
      "id" : 27,
      "name" : "Horror"
    } ]
  }, {
    "id" : 304371,
    "title" : "Ora sí tenemos que ganar",
    "overview" : "The abuse of authority and the employer of a mining town make workers, influenced by reading articles from Ricardo Flores Magon in newspaper Regeneration, organize clandestinely and mutiny against the US, owner of the mine, which is refuses to rescue a group of workers trapped by a landslide.",
    "genres" : [ {
      "id" : 18,
      "name" : "Drama"
    } ]
  }, {
    "id" : 304376,
    "title" : "West End",
    "overview" : "Vic Trevi is an undercover FBI agent positioned to betray the people he calls family. Vic needs to find out the truth about his family before his family finds out the truth about him.",
    "genres" : [ {
      "id" : 18,
      "name" : "Drama"
    }, {
      "id" : 80,
      "name" : "Crime"
    } ]
  }, {
    "id" : 304381,
    "title" : "Konga, the Wild Stallion",
    "overview" : "A long-standing feud between a rancher and a neighboring wheat farmer only intensifies after the rancher's wild stallion causes damage to the farmer's property. Western drama.",
    "genres" : [ ]
  }, {
    "id" : 304386,
    "title" : "Alias: Baby Tsina",
    "overview" : "Baby Tsina a famous underworld figure during the 50's who acquired the nickname because of her ivory skin and slanting eyes. She led the police in a frenetic chase before she was convicted for murder. Ironically it was a crime she did not commit. While in jail though she underwent a transformation and led the other inmates in seeking for reforms in the local penal system. An engrossing film with superior performances from the entire cast.",
    "genres" : [ {
      "id" : 18,
      "name" : "Drama"
    } ]
  }, {
    "id" : 304391,
    "title" : "Strife for Mastery",
    "overview" : "A feudal lord from China sends his son off to kill a criminal who has murdered thirteen of his men and has stolen a large sum of gold. The son, played by David Chiang, abandons his duty (without the will to live an assassin's life anymore) and leaves the Criminal with his life in exchange for his daughter to wed. David Chiang runs off with the criminal's daughter, and is then faced with rising conflict and more destruction to his family after he had abandoned his post. David Chiang must pull himself together and fight for his life.",
    "genres" : [ ]
  }, {
    "id" : 304396,
    "title" : "The Port of Missing Girls",
    "overview" : "Neglected by her moneyed parents and disillusioned with her boyfriend Buddie Larkins,  vocalist Ruth King joins a school for stage and fancy dancing, thus playing into the hands of DeLeon, ....",
    "genres" : [ {
      "id" : 18,
      "name" : "Drama"
    } ]
  }, {
    "id" : 304401,
    "title" : "Johannas Traum",
    "overview" : "With the ascetic grandeur of Carl Th. Dreyer’s The Passion of Joan of Arc, Schroeter evokes the visions of Saint Joan, partly through unused footage of Darling and Caven pantomiming in his 1972 film The Death of Maria Malibran. - MoMA",
    "genres" : [ ]
  }, {
    "id" : 304411,
    "title" : "O Cerro dos Enforcados",
    "overview" : "15th century. D. Afonso, an old jealous nobleman, demands that all stay away when his wife, D. Leonor, goes to church to pray to Our Lady of Mercês. Another nobleman, D. Rui, sees her and fells under the spell or he beauty. D. Afonso orders his wife to retreat to Quinta do Cabril, and decides, one night, to stab his rival to death. It is then that a hanged man decides to intervene. - MOTELx",
    "genres" : [ {
      "id" : 18,
      "name" : "Drama"
    } ]
  }, {
    "id" : 304421,
    "title" : "La vita negli abissi del mare: Crostacei",
    "overview" : "A sea creature documentary short by Edoardo Bosio.",
    "genres" : [ ]
  }, {
    "id" : 304426,
    "title" : "Ambassadors of Hoops",
    "overview" : "\"Ambassadors of Hoops\" is a one-hour, television documentary that details the history of American achievement in professional basketball leagues around the world over the last 40+ years. The documentary, produced and directed by Byron Hunter, showcases the great history of European basketball, it's legendary teams, such as Real Madrid, Milan, CSKA Moscow and Maccabi Tel Aviv,and highlights the historic achievements of American players, both men and women, in European competition from the 1960's to today.",
    "genres" : [ ]
  }, {
    "id" : 304431,
    "title" : "Il più vasto altipiano",
    "overview" : "Picturesque images of the Carnic Alps: valleys, a bridge crossed by a train, grazing cows. In addition to the landscape, men at work: an old woodcutter, a carpenter who builds planer and a bucket.",
    "genres" : [ ]
  }, {
    "id" : 304436,
    "title" : "Kamp - A River for all Senses",
    "overview" : "Far from being a long, let alone a wide river, the waters of the Kamp river feed one of the most fascinating valley landscapes of Lower Austria. From its source to its estuary, which empties into the Danube, the river descends about 745 metres in altitude.",
    "genres" : [ ]
  }, {
    "id" : 304441,
    "title" : "Pants on Fire",
    "overview" : "Jack Parker has always skated by on his lies, especially the one about Mikey, an underprivileged (and made-up) teen who Jack \"tutors\"... until one day \"Mikey\" shows up for real, and all Jack's lies start coming true.",
    "genres" : [ {
      "id" : 35,
      "name" : "Comedy"
    } ]
  }, {
    "id" : 304446,
    "title" : "Rose - Queen of Flowers",
    "overview" : "Throughout the world, roses speak an unmistakeable language. They have touched and seduced mankind for thousands of years, while their names and varieties reflect contemporary history. One of the most famous varieties - the Gloria Dei or Peace Rose - has elevated the rose to a symbol of world-peace.",
    "genres" : [ ]
  }, {
    "id" : 304451,
    "title" : "The Four Alps",
    "overview" : "The European Alps are the most famous mountains on Earth. However, there are three other mountain ranges that owe their names to the first European Explorers, one in the Northern and two in the Southern Hemisphere. The European and Japanese Alps are almost identical worlds yet the Australian and the Southern Alps of New Zealand couldn't be more different.",
    "genres" : [ ]
  }, {
    "id" : 304456,
    "title" : "Thong Girl 4",
    "overview" : "Thong Girl must defeat the evil Electar, who is bent on destroying Music City with his new form of volatile electricity, while facing her own superhero insecurities.",
    "genres" : [ ]
  }, {
    "id" : 304461,
    "title" : "509 Films: Volume 9",
    "overview" : "509, the three time SLEDFILM Festival winner for Best Snowmobile Film is back and better than ever. Volume 9 marks one of the most anticipated films in the history of the snowmobile industry. Featuring 25 of the industries top riders, Volume 9 is an epic journey across North America, Canada, even the far reaches of the most remote territories in Russia. Filmed by two dedicated film crews, 509's Volume 9 is an action packed thrill ride showcasing the top riders in the industry. Strap in and hold on tight as you follow this majestic snowmobile journey around the globe.",
    "genres" : [ ]
  }, {
    "id" : 304466,
    "title" : "Blue Danube, Black Sea",
    "overview" : "Romantic river banks and unspoilt nature - wherever the Danube flows these types of landscapes dominate. This comprehensive cinematic portrait of Europe's second longest river presents numerous scenes of heavenly beauty along the banks of the Danube, as well as the tension between humans and nature and civilisation and wilderness.",
    "genres" : [ ]
  }, {
    "id" : 304471,
    "title" : "Lake Wörthersee - Where Man and Nature Meet",
    "overview" : "Lake Wörthersee in the Austrian state of Carinthia is not only one of the most beautiful lakes in Austria, but also, in the truest sense of the phrase an \"internationally famous stretch of water\".",
    "genres" : [ ]
  }, {
    "id" : 304476,
    "title" : "Mordy to the Max",
    "overview" : "Mordy, a high school senior and science prodigy with no athletic ability whatsoever, puts his bright academic future at risk to follow his dream: to play college basketball. He sets forth on a mission to catch the eye of athletic recruiters by becoming a national celebrity.",
    "genres" : [ ]
  }, {
    "id" : 304481,
    "title" : "Puszta - Land of Salt and Sand",
    "overview" : "Less than an hour's drive south of Hungary's capital Budapest, Central Europe's last and only wandering sand dunes surprise the traveller. They are in continuous motion, shaping a landscape one would only expect in Africa.",
    "genres" : [ ]
  }, {
    "id" : 304486,
    "title" : "Pattisollai Thattadhe",
    "overview" : "Film with a soundtrack featuring music from S. P. Balasubrahmanyam",
    "genres" : [ ]
  }, {
    "id" : 304491,
    "title" : "Aag Laga Do Sawan Ko",
    "overview" : "No Overview",
    "genres" : [ ]
  }, {
    "id" : 304496,
    "title" : "Phaansi",
    "overview" : "Film starring Shashi Kapoor, Sulakshana Pandit and Ranjeet",
    "genres" : [ ]
  }, {
    "id" : 304501,
    "title" : "Trees of Tempting Fruit",
    "overview" : "The Mostviertel, Austria's pear country, stretches from the river Danube to the Alps, right in the heart of Austria. Pear trees are scattered across the landscape and produce 200 different kinds of pears. Their naturally tart fruits have been used for centuries to extract the delicious pear cider (perry).",
    "genres" : [ ]
  }, {
    "id" : 304506,
    "title" : "Agni Paarvai",
    "overview" : "No Overview",
    "genres" : [ ]
  }, {
    "id" : 304511,
    "title" : "Eagles of Mercy",
    "overview" : "D-Day: American medics Robert Wright and Kenneth Moore from the 101st Airborne (Screaming Eagles) set up an aid station inside a small 12th-Century church in Normandy, France. Over 36 hours, Wright and Moore help anyone brought into the church, even German soldiers. Seven decades later, the blood of the injured remains on the pews as a reminder of the compassion, courage and humanity shown there.",
    "genres" : [ ]
  }, {
    "id" : 304516,
    "title" : "Prema Paasam",
    "overview" : "Film featuring music from S. P. Balasubrahmanyam",
    "genres" : [ ]
  }, {
    "id" : 304521,
    "title" : "Pauly Shore's Natural Born Komics: Movie",
    "overview" : "Pauly Shore with his comics and celebrity friends in South Beach like you've never seen before. Hidden camera, parody, man on the street, stand-up and more!",
    "genres" : [ ]
  }, {
    "id" : 304526,
    "title" : "Saanch Ko Aanch Nahin",
    "overview" : "Film about a wealthy businessman in India.",
    "genres" : [ ]
  }, {
    "id" : 304531,
    "title" : "\"I wasn't always dressed like this\"",
    "overview" : "The veil is an object that tends to instigate profound and diverse feelings. Its practice and meaning have been greatly abused throughout history. Within the context of the West the question one might ask: \"In a free country, why are women choosing to veil?\" In a very intimate and meditative mode, three Muslim women reflect around issues of cultural memory, identity, self-censorship, feminism, politics and media. By appreciating the personal and experiential quality of veiling, this documentary is able to articulate critically and reflexively while challenging its popular perception.",
    "genres" : [ ]
  }, {
    "id" : 304536,
    "title" : "Apuroopam",
    "overview" : "No Overview",
    "genres" : [ ]
  }, {
    "id" : 304541,
    "title" : "Atattar Din Parey",
    "overview" : "No Overview",
    "genres" : [ ]
  }, {
    "id" : 304546,
    "title" : "Bandivan Mi Ya Sansaari",
    "overview" : "Bandiwan Mi Ya Sansari is a Marathi movie that released on 30th December 1988. Produced by Prakash Joshi &amp; directed by Arun Karnataki. The plot of the movie is based on sacrifice and turmoil faced by the female protagonist.",
    "genres" : [ ]
  }, {
    "id" : 304551,
    "title" : "The Night of Temptation",
    "overview" : "",
    "genres" : [ {
      "id" : 18,
      "name" : "Drama"
    } ]
  }, {
    "id" : 304556,
    "title" : "Bhet",
    "overview" : "Bhet is a Marathi movie released in 2002. Chandrakant Kulkarni has directed the movie &amp; produced it along with Nitin Patil. Movie plot is based on a mother-son who reunite against all odds &amp; how egos are defeated by emotions and feelings.",
    "genres" : [ ]
  }, {
    "id" : 304561,
    "title" : "1812: Lancers Ballad",
    "overview" : "On the eve of the most important battle at Borodino Le Comte De Witt, Napoleon's secret agent delivers the Russian command plan of the battle to the French Emperor. Having been informed about this, Kutuzov, Field Marshall of the Russian Empire, sends his best lancers with a special mission to Poland - a place of romantic affair between Napoleon and Valevskaya, irresistible Polish comtesse.",
    "genres" : [ ]
  }, {
    "id" : 304566,
    "title" : "Chori Na Fera Char",
    "overview" : "No Overview",
    "genres" : [ ]
  }, {
    "id" : 304571,
    "title" : "Der Kampf mit dem Drachen",
    "overview" : "",
    "genres" : [ {
      "id" : 35,
      "name" : "Comedy"
    } ]
  }, {
    "id" : 304576,
    "title" : "Justin Timberlake: Suited Up",
    "overview" : "",
    "genres" : [ ]
  }, {
    "id" : 304581,
    "title" : "Straßenmusik",
    "overview" : "",
    "genres" : [ {
      "id" : 35,
      "name" : "Comedy"
    } ]
  }, {
    "id" : 304586,
    "title" : "Rabbit Over the Void",
    "overview" : "In the seventy-first year of the last century two bureaucrats lived in Moldova: the First and Second Secretary of the Communist Party. The Second Secretary was more important than the First, since he befriended the Tsar of the whole Soviet Union - Leonid Brezhnev. The Moldovan Republic prepares for a visit from Brezhnev when Lautar finally asks the gypsy Baron for his daughters hand in marriage.",
    "genres" : [ ]
  }, {
    "id" : 304591,
    "title" : "But You Are a Dog",
    "overview" : "An odd group of people gather to see an unusual dance performance. They all have their own issues but nevertheless, they can't help but notice the odd one out. This is a nontraditional love story, between a man and his... special friend.",
    "genres" : [ {
      "id" : 16,
      "name" : "Animation"
    } ]
  }, {
    "id" : 304596,
    "title" : "Street Racers",
    "overview" : "The streets of night-time Petersburg attract a motley crew of young kids. They are united by a common passion - high-speed street racing. They all have \"petrol in their blood,\" but some of them have decided to make some easy money, even if it means spilling the blood of other racers.",
    "genres" : [ ]
  }, {
    "id" : 304601,
    "title" : "So weit geht die Liebe nicht",
    "overview" : "",
    "genres" : [ {
      "id" : 18,
      "name" : "Drama"
    } ]
  }, {
    "id" : 304606,
    "title" : "Sunheri Nagin",
    "overview" : "Film starring Mahipal, Helen and Sulochana Latkar",
    "genres" : [ ]
  }, {
    "id" : 304611,
    "title" : "Clash of the Surfing Titans",
    "overview" : "The greatest rivalries and match ups in surfing history. Including surfing icons Tom Curren Versus Occy. The greatest free surfer in history Dane Reynolds versus the greatest competitive and free surfer who has ever lived, Kelly Slater. Two of Australia's greatest talents go slash for carve. Mick \"White Lightning\" Fanning versus the most stylish surfer today, Joel \"Mr. Style\" Parkinson. Two of the most powerful surfers in goofy verse regular foot - Bobby Martinez versus Taylor Knox. The greatest brotherly rivalry in history. The legendary Andy Irons versus his younger brother Bruce in perfect ten foot tubes at Teahopoo shot in 16mm movie film.",
    "genres" : [ ]
  }, {
    "id" : 304616,
    "title" : "Ho fatto una barca di soldi",
    "overview" : "",
    "genres" : [ {
      "id" : 99,
      "name" : "Documentary"
    } ]
  }, {
    "id" : 304621,
    "title" : "Thookumedai",
    "overview" : "Film with a soundtrack featuring music from Vani Jayaram and S. P. Balasubrahmanyam",
    "genres" : [ ]
  }, {
    "id" : 304626,
    "title" : "Gidon Kremer: Back to Bach",
    "overview" : "The film includes rare archival footage and tells in a very personal way of Gidon Kremer's encounters with Johan Sebastian Bach's music, accompanying the famous violin virtuoso in rehearsals, recording sessions and discussions with a few trusted confidants.",
    "genres" : [ {
      "id" : 99,
      "name" : "Documentary"
    } ]
  }, {
    "id" : 304631,
    "title" : "Sanyasi Mera Naam",
    "overview" : "No Overview",
    "genres" : [ ]
  }, {
    "id" : 304636,
    "title" : "Varam",
    "overview" : "Film with a soundtrack featuring M. S. Vishwanathan",
    "genres" : [ ]
  }, {
    "id" : 304641,
    "title" : "Il piccolo cineasta",
    "overview" : "",
    "genres" : [ ]
  }, {
    "id" : 304646,
    "title" : "Iguanas After Breakfast",
    "overview" : "Follow a 10-year-old explorer set loose on San Cristobal, the oldest of the Galapagos Islands, as he learns to track wildlife, works on a Galapagos dairy farm, pilots a fishing vessel, and befriends sea lions, marine iguanas, giant tortoises and blue-footed boobies. Iguanas after Breakfast is an unforgettable kid's-eye-view of one of the world's most vibrant and unique eco-systems. This adventure documentary is suitable for kids ages 5 and up and is excellent for classroom use: grades 2-5. Winner of the Grand Festival Award, Education, Berkeley Video &amp; Film Festival.",
    "genres" : [ ]
  }, {
    "id" : 304651,
    "title" : "Aan Paavam",
    "overview" : "A young man travels to a village to meet the girl his father has arranged for him to marry. He mistakenly visits the wrong family and marries their daughter, who was waiting for her arranged husband to arrive.",
    "genres" : [ {
      "id" : 10751,
      "name" : "Family"
    }, {
      "id" : 35,
      "name" : "Comedy"
    } ]
  }, {
    "id" : 304656,
    "title" : "Sweekar Kiya Maine",
    "overview" : "Gopika Sharma lives a middle-classed lifestyle along with her widowed mother in Bangalore. She expresses a desire to sing and is encouraged by her maternal uncle, Dubey, who takes her with him to Bombay along with her maid, Lajjo. Once there, they are molested and Dubey goes missing. They then attempt to find a decent place to live, and after many frustrations make an agreement with a single male, Kishankumar Shukla, who poses as Gopika's husband, and move into an apartment owned by Lala Dhaniram.",
    "genres" : [ ]
  }, {
    "id" : 304661,
    "title" : "Tangewala",
    "overview" : "Rai Bahadur Kishandas, due to his weakness for alcohol and women drives his wife and children out of the house. Suddenly, his fortune takes a turn and he is reduced to the state of a beggar. While his wife Laxmi raises their two kids against all odds, the two children being Gauri and Rajoo. Rajoo, who later becomes a tangewala. Oneday, Laxmi feels a sudden urge to see her husband, so the of a pretext of a pilgrimage goes to meet him. But, to her despair, she doesn't find him there. On the other hand Rajoo and Gauri gives an old beggar refuge in their house, not knowing that he is their father in real life.",
    "genres" : [ ]
  }, {
    "id" : 304666,
    "title" : "Bad Aur Badnam",
    "overview" : "Film with a soundtrack featuring Lata Mangeshkar and more!",
    "genres" : [ ]
  }, {
    "id" : 304671,
    "title" : "Nipputho Chelagatam",
    "overview" : "Film starring Jayasudha, Krishnamraju and Sharada",
    "genres" : [ ]
  }, {
    "id" : 304676,
    "title" : "Veeru Dada",
    "overview" : "Veeru takes lonely Rekha as his sister. Rekha will soon find that he is the one who handed over her father to the goons.",
    "genres" : [ ]
  }, {
    "id" : 304686,
    "title" : "Govinda Aala Re",
    "overview" : "Film with a soundtrack featuring Jaywant Kulkarni and others.",
    "genres" : [ ]
  }, {
    "id" : 304691,
    "title" : "Der Hochtourist",
    "overview" : "",
    "genres" : [ {
      "id" : 35,
      "name" : "Comedy"
    } ]
  }, {
    "id" : 304696,
    "title" : "Moosie",
    "overview" : "Moosie is the 12th in the series of acclaimed Family Outdoor Adventure titles. The story centers around a little girl getting lost in the woods while visiting her grandparents, and ultimately being rescued by her family and their trusted mule, Moosie.",
    "genres" : [ ]
  }, {
    "id" : 304701,
    "title" : "Haathi Mere Saathi",
    "overview" : "Orphaned Raju, in the company of four elephants, has to perform with them at street corners, in order to keep alive. Slowly he amasses a fortune, and is able to build his own private zoo, housing tigers, lions, bears, and of course the four elephants. He treats all the animals as his friends. He meets with Tanu, and both fall in love. Tanu's dad, Ratanlal, is opposed to this alliance, but subsequently relents, and permits the young couple to get married. Tanu is unhappy with the amount of time Raju spends with his animal friends, and this causes some bitterness between them. Things do not improve when a child is born, as Tanu fears that one day the child will be harmed by one of the animals, and hence Raju is told to make a choice between his animal friends or his wife and son.",
    "genres" : [ ]
  }, {
    "id" : 304706,
    "title" : "Lost a Girl",
    "overview" : "Having moved to the city for work, a stressed-out young professional begins to fear that a jealous colleague is framing her as incompetent - but the truth is even more terrifying.",
    "genres" : [ {
      "id" : 53,
      "name" : "Thriller"
    }, {
      "id" : 27,
      "name" : "Horror"
    } ]
  }, {
    "id" : 304711,
    "title" : "Moonupukkal",
    "overview" : "Film starring Adoor Bhasi and Prem Nazir",
    "genres" : [ ]
  }, {
    "id" : 304716,
    "title" : "Kaiserhofstraße 12",
    "overview" : "",
    "genres" : [ {
      "id" : 18,
      "name" : "Drama"
    } ]
  }, {
    "id" : 304721,
    "title" : "Die Frau mit den Karfunkelsteinen",
    "overview" : "",
    "genres" : [ {
      "id" : 18,
      "name" : "Drama"
    } ]
  }, {
    "id" : 304726,
    "title" : "Kunyonga – Mord in Afrika",
    "overview" : "",
    "genres" : [ {
      "id" : 28,
      "name" : "Action"
    } ]
  }, {
    "id" : 304731,
    "title" : "Danny DeVito & the Contract",
    "overview" : "Charlie Day forgets to read his contract for the shooting of Season 3 for \"It's Always Sunny in Philidelphia\". Said contract claims that he has to preform oral on Danny Devito, and he tries to talk Devito out of it.",
    "genres" : [ {
      "id" : 35,
      "name" : "Comedy"
    } ]
  }, {
    "id" : 304736,
    "title" : "Kannukku Mai Ezhuthu",
    "overview" : "No Overview",
    "genres" : [ ]
  }, {
    "id" : 304741,
    "title" : "Calatayud en fiestas",
    "overview" : "Calatayud festive celebration. Authorities and priests marching in a procession followed by a host of public. Taking a chocolate. It could be the Feast of San Roque.",
    "genres" : [ ]
  }, {
    "id" : 304746,
    "title" : "Kasum Khoon Ki",
    "overview" : "Kishan has to come up with Rs.25,000/- in less than six months in order to get his sister married to Dharamdas' son. He is told that it is virtually impossible in this time and age to come up with this amount, unless one is involved in smuggling, drugs, and robberies. Kishan decides to re-locate to Bombay, and try and earn the money. He meets with Gafoore Mistry, and together they set out to accumulate the money, trying all sorts of chores, including stunt driving for movies. Kishan then rescues a young woman named Radha from hoodlums, and learns from her that her cop brother, Laxman, is imprisoned for a murder he did not commit, and is to be hanged soon. Kishan decides to help her brother, and in order to do this, he gets himself arrested and imprisoned in the same jail as Laxman. This is where he will learn that life is not all that easy, and there are easier ways to make the 25,000 rupess he needs for the marriage of his sister.",
    "genres" : [ ]
  }, {
    "id" : 304751,
    "title" : "Sree Srimathi Satyabhama",
    "overview" : "Film starring Brahmanandam, Ashok Kumar K. and Rehman",
    "genres" : [ ]
  }, {
    "id" : 304756,
    "title" : "Tere Te Dil Sadda Lutteya Geya",
    "overview" : "Comedy starring Ashmit Patel, Jividha, Mangi Mahal, Pooja Tandon, Rana Ranbir and B.N Sharma",
    "genres" : [ ]
  }, {
    "id" : 304761,
    "title" : "Left on Shing Wong",
    "overview" : "A young writer encounters a very unique spirit played. He soon learns she's responsible for collecting and protecting all the lost thoughts and memories that get left behind on the stairs as people go up and down them.",
    "genres" : [ ]
  }, {
    "id" : 304766,
    "title" : "Mama Bhanja",
    "overview" : "A dying mother leaves her orphan son to her only brother who brings up his nephew with love and care. The nephew grows up with a lot of values. One day the Uncle strikes it rich and is then hounded by a woman who seduces him for his money. This is see by the nephew but the Uncle does not understand. Now starts the job of the nephew to get this woman out of his uncles's life and show his uncle what she really is.",
    "genres" : [ ]
  }, {
    "id" : 304771,
    "title" : "Young Abraham",
    "overview" : "Nimrod's kingdom is about to face its greatest challenger in a young boy named Abraham. While little is known of Abraham's childhood in the Bible, this movie presents a mighty tale of this courageous boy who stands toe to toe against the most powerful ruler of the ancient world. From the ancient city of Ur to the lush hills of Canaan, Abraham's journey is filled with adventure, danger, and plenty of laughs, while inspiring your faith.",
    "genres" : [ ]
  }, {
    "id" : 304776,
    "title" : "Your Baby Can Read! Volume 3",
    "overview" : "The third DVD in the Your Baby Can Read series",
    "genres" : [ ]
  }, {
    "id" : 304781,
    "title" : "Ninaivu Chinnam",
    "overview" : "Ninaivu Chinnam is a 1989 Tamil Indian feature film directed by Anu Mohan for Tamil Nadu Movies. The film stars Prabhu and Radhika in the lead roles.",
    "genres" : [ ]
  }, {
    "id" : 304786,
    "title" : "Owalini",
    "overview" : "An army officer becomes an outlaw to save his sister.",
    "genres" : [ ]
  }, {
    "id" : 304791,
    "title" : "Ra Ra Krishnayya",
    "overview" : "Kittu / Krishna is a cab driver who saves his money with the cab owner. When the owner refuses to return his money back, Kittu kidnaps owner’s daughter Nandu. Nandu who is fed up with her father’s unilateral decision about her marriage is happy with the kidnapping. They fall in love with each other in the process. When they were about to accept the ransom money, she gets kidnapped by another kidnapper. The rest of the story is all about who kidnapped her and the kidnapper’s connection with Kittu",
    "genres" : [ {
      "id" : 35,
      "name" : "Comedy"
    }, {
      "id" : 18,
      "name" : "Drama"
    }, {
      "id" : 10749,
      "name" : "Romance"
    } ]
  }, {
    "id" : 304796,
    "title" : "Odd Number",
    "overview" : "Film based on the Julio Cortazar story \"Letters to Mother,\" about the relationship of two brothers, one who lives in Buenos Aires and the other in Paris.",
    "genres" : [ ]
  }, {
    "id" : 304801,
    "title" : "El premio",
    "overview" : "A humble rural teacher travels to Lima to collect his lottery winnings and meet the son he has not seen in years. No one could predict how this would permanently change their lives.",
    "genres" : [ {
      "id" : 18,
      "name" : "Drama"
    } ]
  }, {
    "id" : 304811,
    "title" : "Versions",
    "overview" : "Versions is an ongoing project by Oliver Laric that deals with historical and contemporary ideas relating to image hierarchies. It proposes that present methods of creative production challenge the hierarchy of an authentic or auratic ‘original’ image. Rather than privileging a primary object, Versions suggests a re-direction for image making, one in which bootlegs, copies and remixes increasingly usurp ‘originals’ in an age of digital production.",
    "genres" : [ ]
  }, {
    "id" : 304816,
    "title" : "Lady Ice",
    "overview" : "An insurance investigator romances a wealthy young beauty when he suspects she may be involved in fencing stolen jewels.",
    "genres" : [ {
      "id" : 18,
      "name" : "Drama"
    }, {
      "id" : 80,
      "name" : "Crime"
    }, {
      "id" : 53,
      "name" : "Thriller"
    } ]
  }, {
    "id" : 304821,
    "title" : "Jesús Monzón, el líder olvidado por la historia",
    "overview" : "",
    "genres" : [ ]
  }, {
    "id" : 304826,
    "title" : "Familie Immerscharf 7 - Nachtisch bei den Immerscharfs",
    "overview" : "",
    "genres" : [ ]
  }, {
    "id" : 304831,
    "title" : "Itazura",
    "overview" : "",
    "genres" : [ ]
  }, {
    "id" : 304841,
    "title" : "Give and Take",
    "overview" : "The owner of a fruit cannery is facing financial ruin as a result of a strike. Unbeknownst to him, his son is the person who is organizing it.",
    "genres" : [ {
      "id" : 18,
      "name" : "Drama"
    }, {
      "id" : 10749,
      "name" : "Romance"
    }, {
      "id" : 35,
      "name" : "Comedy"
    } ]
  }, {
    "id" : 304851,
    "title" : "More Than Friends",
    "overview" : "A Biograph short drama directed by George Reehm.",
    "genres" : [ ]
  }, {
    "id" : 304856,
    "title" : "El Movimiento",
    "overview" : "\"Over a decade in the making, El Movimiento [...] follows the relationship between Don Chabo, a Mayan shaman in Yucatan, and William F. Hanks, the Chicago anthropologist he improbably selected as his sole apprentice, showing how both men think, work, and dream.\" J. Rosenbaum - Chicago Reader",
    "genres" : [ ]
  }, {
    "id" : 304861,
    "title" : "Aleppo. Notatki z ciemnosci",
    "overview" : "Aleppo, a city that never sleeps for fear of the horrors that now rage within its walls. Sons fight alongside fathers in a place where everyone is a soldier and becoming a martyr is considered easier than living.",
    "genres" : [ ]
  }, {
    "id" : 304866,
    "title" : "Bram Stoker's Dracula - A Documentary",
    "overview" : "When Bram Stoker first published his novel \"Dracula\" at the end of the 19th Century, few could have predicted the impact his literary vision would generate, especially the critics, who were far from receptive to his work. However, the readers of the day took Dracula to their hearts and delighted in the horror of the novel. And of course as the Hollywood movie industry developed, \"Dracula\" proved a perfect candidate for the silver screen. \"Dracula\" has become a classic icon of the horror industry, complete with swirling black cape and dripping fangs - thrilling and terrifying readers and moviegoers for more than a century, and all indications are that Dracula will continue to do so for all eternity",
    "genres" : [ ]
  } ]
}