{
  "movies" : [ {
    "id" : 295091,
    "title" : "Lili Rose",
    "overview" : "",
    "genres" : [ {
      "id" : 10749,
      "name" : "Romance"
    }, {
      "id" : 35,
      "name" : "Comedy"
    }, {
      "id" : 18,
      "name" : "Drama"
    } ]
  }, {
    "id" : 295096,
    "title" : "Der müde Theodor",
    "overview" : "",
    "genres" : [ {
      "id" : 10770,
      "name" : "TV Movie"
    }, {
      "id" : 35,
      "name" : "Comedy"
    } ]
  }, {
    "id" : 295101,
    "title" : "Heim und Herd",
    "overview" : "",
    "genres" : [ {
      "id" : 18,
      "name" : "Drama"
    } ]
  }, {
    "id" : 295106,
    "title" : "Hardcore Chambermusic",
    "overview" : "This documentary follows swiss improvisation musicians and tells there stories.",
    "genres" : [ {
      "id" : 10402,
      "name" : "Music"
    }, {
      "id" : 99,
      "name" : "Documentary"
    } ]
  }, {
    "id" : 295111,
    "title" : "War",
    "overview" : "Fifteen-year-old Matteo is attractive, albeit somewhat girlish and frail. The whole world is against him. He has no friends and his parents seem to live in a different universe. The pressure increases as his awkward attempts to win his father’s respect fail. One night two men carry him off: his parents send him to a remote alp, where he is forced to spend the summer working hard on a family farm. When Matteo arrives on the alp, a surprise awaits him.",
    "genres" : [ {
      "id" : 18,
      "name" : "Drama"
    } ]
  }, {
    "id" : 295116,
    "title" : "Fascination",
    "overview" : "Fascination is a 1922 American silent drama film directed by Robert Z. Leonard and starring his then wife Mae Murray. The film is based on an original story by Edmund Goulding, soon to be a prolific film director.  The story capitalizes on Murray's continuing forays into outlandish costume dramas.",
    "genres" : [ {
      "id" : 18,
      "name" : "Drama"
    } ]
  }, {
    "id" : 295121,
    "title" : "Turbulence",
    "overview" : "A series of murders takes place in the Metropolis in a span of three weeks, the latest of which happens on the night Junior, a taxi driver, makes love to a prostitute...",
    "genres" : [ {
      "id" : 18,
      "name" : "Drama"
    }, {
      "id" : 28,
      "name" : "Action"
    }, {
      "id" : 80,
      "name" : "Crime"
    } ]
  }, {
    "id" : 295126,
    "title" : "Real Life",
    "overview" : "A comedy about a dreamer whose Walter Mitty-like fantasies turn his world of make-believe into a world of trouble.",
    "genres" : [ {
      "id" : 10749,
      "name" : "Romance"
    }, {
      "id" : 35,
      "name" : "Comedy"
    }, {
      "id" : 80,
      "name" : "Crime"
    } ]
  }, {
    "id" : 295131,
    "title" : "Summer Solstice",
    "overview" : "A ritual performed by women to invoke the gods to grant the blessing of fertility by dancing around a Balete tree that was already a century old.",
    "genres" : [ {
      "id" : 10749,
      "name" : "Romance"
    }, {
      "id" : 18,
      "name" : "Drama"
    } ]
  }, {
    "id" : 295136,
    "title" : "Operation Marriage",
    "overview" : "Two young siblings try to get their lesbian moms married before Proposition 8 passes in California.",
    "genres" : [ ]
  }, {
    "id" : 295141,
    "title" : "The Bread Seller Woman",
    "overview" : "Based on Xavier de Montépin's story, the film tells the story of a widow wrongly accused of arson.",
    "genres" : [ {
      "id" : 80,
      "name" : "Crime"
    }, {
      "id" : 18,
      "name" : "Drama"
    } ]
  }, {
    "id" : 295146,
    "title" : "Bloody Che Contra",
    "overview" : "The story of Che Guevara's desperate attempt to escape the mountains of Bolivia. Pursued by an elite ranger unit of the army led by a determined CIA agent, Che is eventually trapped and his men are killed.",
    "genres" : [ {
      "id" : 36,
      "name" : "History"
    } ]
  }, {
    "id" : 295151,
    "title" : "Let It Snow",
    "overview" : "When a huge blizzard (that doesn't show signs of stopping) hits, Gracetown is completely snowed in. But even though it's cold outside, things are heating up inside, proving that Christmas is magical when it comes to love.",
    "genres" : [ {
      "id" : 10749,
      "name" : "Romance"
    } ]
  }, {
    "id" : 295156,
    "title" : "Les Scélérats",
    "overview" : "",
    "genres" : [ {
      "id" : 18,
      "name" : "Drama"
    } ]
  }, {
    "id" : 295161,
    "title" : "Vikings From The British Museum",
    "overview" : "Concert/special event",
    "genres" : [ ]
  }, {
    "id" : 295166,
    "title" : "Cheating",
    "overview" : "This public-school educational film warns of the dangers of cheating. John Taylor is struggling with his algebra course, and convinces his friend Mary to show him her answers during the tests. But when he is caught, his reputation among his fellow students, along with his student-council seat, is put in jeopardy.",
    "genres" : [ {
      "id" : 99,
      "name" : "Documentary"
    } ]
  }, {
    "id" : 295171,
    "title" : "Venatus",
    "overview" : "Venatus is a suspenseful plot that revolves around a woman in danger, and a mysterious character. Venatus is serious and realistic. A young man decides to introduce his fiance to his family. On the way his car breaks down, he gets way more than he bargained.",
    "genres" : [ {
      "id" : 53,
      "name" : "Thriller"
    } ]
  }, {
    "id" : 295176,
    "title" : "… von Herzen mit Schmerzen",
    "overview" : "",
    "genres" : [ {
      "id" : 35,
      "name" : "Comedy"
    } ]
  }, {
    "id" : 295181,
    "title" : "The Dirty Sanchez",
    "overview" : "A young loving couple decides to have a nice romantic weekend ,but the local crazy gardener SANCHEZ has bloody plans for these love birds.",
    "genres" : [ {
      "id" : 27,
      "name" : "Horror"
    } ]
  }, {
    "id" : 295186,
    "title" : "Prinz und Paparazzi",
    "overview" : "",
    "genres" : [ {
      "id" : 35,
      "name" : "Comedy"
    } ]
  }, {
    "id" : 295196,
    "title" : "Watercolor Postcards",
    "overview" : "A Hollywood actress and a former NFL star strive to save a troubled Texas town while bonding over their shared love of a very special 10-year-old girl who has found herself alone in the world for the very first time.",
    "genres" : [ {
      "id" : 18,
      "name" : "Drama"
    } ]
  }, {
    "id" : 295201,
    "title" : "Princess Diana: Her Life in Jewels",
    "overview" : "From fairy-tale wedding to tragic funeral, the extraordinary life of Diana, Princess of Wales, was a chronicle of jewels, each marking distinct junctures in her life. Beginning with the infamous sapphire engagement ring, Diana was showered with gems each of which held a unique significance to the current events in her life. This revealing program follows the stories of Diana's most famous gems.",
    "genres" : [ ]
  }, {
    "id" : 295206,
    "title" : "Separation Anxiety",
    "overview" : "Separation Anxiety traces the friendship of three twenty-something childhood pals, Quinn, Jess, and Bailey on the morning of Bailey's funeral. As the people who loved Bailey the most grapple with the possibility that his fatal accident might have been something more purposeful, flashbacks from the last days of Bailey Palmer begin to unravel what was really going on. Quinn and Jess find themselves forced to deal with truths they aren't ready to face, about Bailey and each other.",
    "genres" : [ {
      "id" : 18,
      "name" : "Drama"
    } ]
  }, {
    "id" : 295216,
    "title" : "First Contact",
    "overview" : "First Contact is a sci-fi comedy which shows why there are so few visits from aliens these days. Two aliens interrogate a sub-contractor who they sent to Earth to handle 'first contact', but things didn't quite go to plan. A hilarious discussion on the appropriate use of probes ensue.",
    "genres" : [ ]
  }, {
    "id" : 295221,
    "title" : "The Brass Ring",
    "overview" : "A mother afflicted with depression comes into conflict with own mother and children when she refuses to seek professional health care.",
    "genres" : [ {
      "id" : 18,
      "name" : "Drama"
    } ]
  }, {
    "id" : 295226,
    "title" : "El conde de Montecristo",
    "overview" : "Adaptation of Dumas' swashbuckler classic.",
    "genres" : [ {
      "id" : 18,
      "name" : "Drama"
    }, {
      "id" : 12,
      "name" : "Adventure"
    } ]
  }, {
    "id" : 295231,
    "title" : "The Day Is New - Dawn To Darkness In Mexico City",
    "overview" : "Documentary short.",
    "genres" : [ ]
  }, {
    "id" : 295236,
    "title" : "Thiraikos Orthros",
    "overview" : "A poetic documentary about the island of Santorini.",
    "genres" : [ ]
  }, {
    "id" : 295246,
    "title" : "Der Diamant des Geisterkönigs",
    "overview" : "A fantasy movie directed by Ernst Wolfram Marboe.",
    "genres" : [ {
      "id" : 10770,
      "name" : "TV Movie"
    }, {
      "id" : 14,
      "name" : "Fantasy"
    } ]
  }, {
    "id" : 295251,
    "title" : "Dirty Looks",
    "overview" : "Coming soon",
    "genres" : [ ]
  }, {
    "id" : 295256,
    "title" : "The $50,000 Climax Show",
    "overview" : "Coming Soon",
    "genres" : [ ]
  }, {
    "id" : 295261,
    "title" : "Mein Leben in der Serengeti",
    "overview" : "",
    "genres" : [ {
      "id" : 99,
      "name" : "Documentary"
    } ]
  }, {
    "id" : 295266,
    "title" : "30 Karat Liebe",
    "overview" : "",
    "genres" : [ {
      "id" : 10770,
      "name" : "TV Movie"
    }, {
      "id" : 18,
      "name" : "Drama"
    } ]
  }, {
    "id" : 295271,
    "title" : "Ellie Goulding - Lollapalooza Brazil 2014",
    "overview" : "",
    "genres" : [ ]
  }, {
    "id" : 295276,
    "title" : "Imposible amor",
    "overview" : "It is the legend of several stories. A journalist who hates a guy who's on TV, you have to interview him, then ends up making love to this again and again, in the end both are separated from love. Another story is that of an old man who teaches at a beautiful piano melody to a very young child, in turn this man sees everywhere a very beautiful girl who happens to be a past love, she is a ghost that embodies in the body of every woman he sees. The child learning piano has a grandfather who loves him and conceited enough, yet the mother of the child does not like to go out with Grandpa because the child very rare note. The last story is about a woman from planet you want San Antonio grant him the miracle that an altar boy to notice her and she later marries her.",
    "genres" : [ {
      "id" : 10769,
      "name" : "Foreign"
    }, {
      "id" : 18,
      "name" : "Drama"
    } ]
  }, {
    "id" : 295286,
    "title" : "Once in a Lifetime: A Russian Song for Guiuan",
    "overview" : "In a sentimental journey back to the place where he once found safe haven as a 10-year old orphan refugee, international recognized Russian folk singer Nikolai Massenkoff gives a \"Thank You Philippines\" concert in Guiuan, Samar after Typhoon Yolanda devastated the province.",
    "genres" : [ {
      "id" : 99,
      "name" : "Documentary"
    } ]
  }, {
    "id" : 295291,
    "title" : "I pagliacci",
    "overview" : "",
    "genres" : [ ]
  }, {
    "id" : 295296,
    "title" : "Nothing",
    "overview" : "\"Nothing\" is a 2 minute visually inspired cocktail of animation, CG, calligraphy &amp; photography, from an award-winning young creator Yoshitaka Takeuchi (Pridemedex Tokyo 2008, CG Art Contest / Outstanding Performance Award).",
    "genres" : [ ]
  }, {
    "id" : 295301,
    "title" : "Sherlock Holmes",
    "overview" : "A bizarre cash-in, Die Graue Dame is a quasi-Holmes picture based on a theatrical play entirely unrelated to the works of Doyle and released shortly after the Bruno Güttner-starring Der Hund von Baskerville (1937). Here, young Jimmy Ward – played by Hermann Speelmans (1906-1960), who’d featured in the vile Nazi propaganda feature Hitlerjunge Quex: ein Film vom Opfergeist der Deutschen Jugend (1933), an immorality tale designed to drum up recruitment into the Hitler Youth – infiltrates a criminal gang, only to reveal at the last moment that he is, in fact, none other than an undercover Sherlock Holmes. One can only presume that the ‘John’ – who, according to the credits list, acts as Holmes’ ‘servant’ – was intended to be none other than the hapless Dr Watson.",
    "genres" : [ ]
  }, {
    "id" : 295306,
    "title" : "Nobody Here But Us Chickens",
    "overview" : "Three short plays celebrating people with disabilities.",
    "genres" : [ ]
  }, {
    "id" : 295311,
    "title" : "EvaBridged 3.0: Rei Is (Not) Pleased",
    "overview" : "First part of abridged version of \"Evangelion 2.0: You Can (Not) Advance\" movie.",
    "genres" : [ {
      "id" : 35,
      "name" : "Comedy"
    } ]
  }, {
    "id" : 295316,
    "title" : "Pride The Best Vol.2",
    "overview" : "Pride The Best Vol. 2 was a mixed martial arts event held by the Pride Fighting Championships. It took place at the Differ Ariake Arena in Tokyo, Japan on July 20, 2002.",
    "genres" : [ ]
  }, {
    "id" : 295321,
    "title" : "Olive",
    "overview" : "A mysterious child with magical powers and a great secret, invades the lives of three lonely people who learn to embrace life once again.",
    "genres" : [ {
      "id" : 14,
      "name" : "Fantasy"
    }, {
      "id" : 10751,
      "name" : "Family"
    } ]
  }, {
    "id" : 295326,
    "title" : "800 leguas por el Amazonas",
    "overview" : "Family builds a houseboat and sets sail down the Amazon. Based on a novel by Jules Verne.",
    "genres" : [ {
      "id" : 18,
      "name" : "Drama"
    }, {
      "id" : 28,
      "name" : "Action"
    }, {
      "id" : 12,
      "name" : "Adventure"
    } ]
  }, {
    "id" : 295331,
    "title" : "Weirdo",
    "overview" : "When a group of teenagers camp in the woods, they are found and tormented by a stranger.",
    "genres" : [ {
      "id" : 53,
      "name" : "Thriller"
    } ]
  }, {
    "id" : 295336,
    "title" : "Beau Jest",
    "overview" : "BEAU JEST is the hilarious, heartwarming story about Sarah Goldman, a beautiful young school teacher from Chicago who is involved with Chris, a great guy with just one apparent flaw, he's not Jewish. Sarah tells her parents that she is no longer seeing Chris, but continues to date him in secret.",
    "genres" : [ {
      "id" : 10749,
      "name" : "Romance"
    }, {
      "id" : 35,
      "name" : "Comedy"
    } ]
  }, {
    "id" : 295341,
    "title" : "UFC 178: Johnson vs. Cariaso",
    "overview" : "UFC 178: Johnson vs. Cariaso was a mixed martial arts event held on September 27, 2014 at the MGM Grand Garden Arena in Las Vegas, Nevada.",
    "genres" : [ ]
  }, {
    "id" : 295346,
    "title" : "Concerning Venice",
    "overview" : "The glory and collapse of the grand Republic of Venice: the reasons are numerous, complex, human and all too human. Are these the same ingredients, the mélange that might determine whether the current Europe will survive? And if so, under what conditions? Jean-Marie Straub poses the question in this film, more austere and concentrated than ever.",
    "genres" : [ ]
  }, {
    "id" : 295351,
    "title" : "A Lonely Woman in a Lonely Land",
    "overview" : "Onna Hitori Daichi wo Yuku (A Lonely Woman in a Lonely Land, Kinuta Production, 1953) was the second feature film directed by Kamei Fumio, who is known as a master of documentary films, and followed his “Haha Nareba Onna Nareba(Become a Mother, Become a Woman)” (1952).",
    "genres" : [ {
      "id" : 18,
      "name" : "Drama"
    } ]
  }, {
    "id" : 295356,
    "title" : "Wüstenspringmaus",
    "overview" : "A mockumentary about gerbils.",
    "genres" : [ {
      "id" : 35,
      "name" : "Comedy"
    }, {
      "id" : 99,
      "name" : "Documentary"
    } ]
  }, {
    "id" : 295361,
    "title" : "Rival Sons: Live At Crossroads",
    "overview" : "Rival Sons play at the Crossroads Festival in Germany, as part of their 2013 European Tour.",
    "genres" : [ {
      "id" : 10402,
      "name" : "Music"
    } ]
  }, {
    "id" : 295366,
    "title" : "Tapaal – The Letter",
    "overview" : "It is a story is based over the emotions of a postman at a remote rural village and a school-going boy called Rangya. During earlier times there were hardly a few educated individuals in any village such as a teacher, Patwari and a postman. They were therefore worthy of honour and respect in the village. It is with this thread of the bonding between villagers and the postman that makes up the story of Tapaal.",
    "genres" : [ {
      "id" : 18,
      "name" : "Drama"
    } ]
  }, {
    "id" : 295371,
    "title" : "Rio de Jano",
    "overview" : "",
    "genres" : [ {
      "id" : 99,
      "name" : "Documentary"
    } ]
  }, {
    "id" : 295381,
    "title" : "Pink Lady: Lover Run",
    "overview" : "(coming soon)",
    "genres" : [ {
      "id" : 10749,
      "name" : "Romance"
    }, {
      "id" : 35,
      "name" : "Comedy"
    } ]
  }, {
    "id" : 295386,
    "title" : "Death List",
    "overview" : "A professional assassin is double crossed and left for dead. Only to be saved by a mysterious crime fighting organization. They send him to a fabled martial arts master in Hong Kong. There he learns Kung Fu and embarks on his new mission - cleaning up the mean streets ! No wires, tricks or special effects.",
    "genres" : [ ]
  }, {
    "id" : 295391,
    "title" : "Slave Trade in the World Today",
    "overview" : "The film documents modern slave trade through a number of Arabian and African countries, under muslim rule. The filming was conducted both in public places, and sometimes with the use of hidden cameras, for high impact scenes of nudity, sex, and violence - and a few surprises, as slaves made out of peregrins to Mecca, and slave traders paid in traveller checks.",
    "genres" : [ {
      "id" : 99,
      "name" : "Documentary"
    } ]
  }, {
    "id" : 295396,
    "title" : "Ellie Goulding - Live at iTunes Festival 2013",
    "overview" : "Ellie Goulding's performance at iTunes Festival 2013.",
    "genres" : [ ]
  }, {
    "id" : 295401,
    "title" : "Underdog",
    "overview" : "23-year-old \"Dino\" (Bianca Kronlöf) dreams of a different life. Like an abundance of Swedes her age, she has fled the mass unemployment of her home country in search of a more worthwhile existence in a nouveau-riche Oslo. But her new life is caught in deadlock - Dino finds herself stuck in a destructive loop of temporary jobs, financial trouble and hard partying. A broken arm incidentally leads to a position as a housekeeper in a Norwegian middle-class home. Dino is thrown into a reality very far from her own. During a few sultry summer weeks she ends up the centre of an odd love triangle, an unpredictable struggle for affection as well as dominance. \"Underdog\" is a tender and raw story of privilege and longing, yet at the same time a humorous and unmerciful observation of the shifted power balance between Sweden and Norway - an actuality where Swedes have become the Norwegians' servants.",
    "genres" : [ {
      "id" : 18,
      "name" : "Drama"
    } ]
  }, {
    "id" : 295406,
    "title" : "Synnöve Solbakken",
    "overview" : "From Bjørnson's novels about romance in 19th century Norway.",
    "genres" : [ {
      "id" : 10749,
      "name" : "Romance"
    }, {
      "id" : 18,
      "name" : "Drama"
    } ]
  }, {
    "id" : 295411,
    "title" : "Summer of Laura",
    "overview" : "Along a lonely beach on a summer colony off the Long Island coast, a man walks slowly, reliving a summer, the summer of Laura, when he was 19. Richie has a friend on the island, Gene, who is gregarious and mischievous. Like the more sensitive Richie, he too, was 19. During that summer of awakening he loses his youthful desires and develops his manhood. On the way to the movies, Richie literally bumps into Laura, an older woman who lives nearby. She asks him if he'll help her with some chores the following day. He is totally flustered, but agrees. Richie goes to her house and after knocking on the door, and getting no response, enters. On the floor he finds a crumpled telegram which reads, \"Your husband, Bob Hayes, has been killed in action.\" Laura appears, lonely and vulnerable. She moves toward him in a gesture of human contact. They slowly begin to dance. \"That summer we lost five Frisbees, saved a girl from a silly snake, saw our first skin flick, and I lost my Laura.\"",
    "genres" : [ ]
  }, {
    "id" : 295416,
    "title" : "Romeo und Julia von Berlin",
    "overview" : "",
    "genres" : [ {
      "id" : 18,
      "name" : "Drama"
    } ]
  }, {
    "id" : 295421,
    "title" : "Scooby Doo and The Zombies",
    "overview" : "Scooby-Doo! and the Zombies is a DVD compilation of 3 zombie-themed episodes from What's New, Scooby-Doo?. It was released by Warner Home Video on August 30, 2011.  Episode 1 : Pompeii and Circumstance  Episode 2 : The San Franpsycho  Episode 3 : Fright House of a Lighthouse  Smile and say \"ciao!\"! The phantom-busters travel to Italy in Pompeii and Circumstance. With a colossal mystery to solve, will our friends be ghoulish gladiator goners, or will their love for Italian art and Scooby Snax save them? Then it's off to the City by the Bay for the Grind Games in The San Franpsycho, where a seaweed-sprouting ghoul from Alcatraz prison cares competing skateboarders to the core. If they don't find the creep behind the Legend of the Creepy Keeper, it'll be lights out in Fright House of a Lighthouse. Who's scared of zombies? Not Scooby-Doo!",
    "genres" : [ {
      "id" : 12,
      "name" : "Adventure"
    }, {
      "id" : 16,
      "name" : "Animation"
    }, {
      "id" : 10751,
      "name" : "Family"
    }, {
      "id" : 9648,
      "name" : "Mystery"
    } ]
  }, {
    "id" : 295426,
    "title" : "Tragödie auf der Jagd",
    "overview" : "",
    "genres" : [ {
      "id" : 18,
      "name" : "Drama"
    } ]
  }, {
    "id" : 295436,
    "title" : "Nach Regen scheint Sonne",
    "overview" : "",
    "genres" : [ {
      "id" : 35,
      "name" : "Comedy"
    } ]
  }, {
    "id" : 295441,
    "title" : "Fear of Clowns 2",
    "overview" : "The homicidal Shivers the Clown escapes from an institution and resumes his obsessed hunt for Lynn Blodgett, this time with two homicidal friends. But Detective Peters, the man who stopped him in the first film, is also back, and this time hes more interested in putting Shivers in the ground than behind bars.",
    "genres" : [ {
      "id" : 27,
      "name" : "Horror"
    } ]
  }, {
    "id" : 295446,
    "title" : "Looney Lens: Tenth Avenue, NYC",
    "overview" : "Black &amp; White, Short Film, United States, Silent.",
    "genres" : [ {
      "id" : 99,
      "name" : "Documentary"
    } ]
  }, {
    "id" : 295451,
    "title" : "There We Are John...",
    "overview" : "In this revealing documentary, Ken McMullen creates an elegant portrait of artist and filmmaker Derek Jarman, based on an interview conducted by John Cartwright. The questions are unobtrusive, allowing Jarman to reflect on his major films. Despite the debilitating effects of serious illness, we see an artist with his inner vision unimpaired; still humorous, self effacing and disarmingly charming.",
    "genres" : [ {
      "id" : 99,
      "name" : "Documentary"
    } ]
  }, {
    "id" : 295456,
    "title" : "Future Sounds of Mzansi",
    "overview" : "‘Future Sounds of Mzansi’ is a documentary, which aims to explore, express, and interrogate South Africa’s cultural landscape.  A chief vehicle of this exploration is electronic music, a staple of South African popular culture. The film explores the past, present and future of the scene and its multiple sub-genres, presented through the eyes of internationally acclaimed artist Spoek Mathambo.",
    "genres" : [ {
      "id" : 99,
      "name" : "Documentary"
    } ]
  }, {
    "id" : 295466,
    "title" : "Honeymoon",
    "overview" : "Jorge, an eccentric and lonely medical doctor, kidnaps Isabel, his neighbor, in an apparent effort to submit her to a classical conditioning experiment to make her his woman; but appearances often hide a more terrifying truth.",
    "genres" : [ {
      "id" : 53,
      "name" : "Thriller"
    }, {
      "id" : 27,
      "name" : "Horror"
    } ]
  }, {
    "id" : 295471,
    "title" : "Portraits of a Search",
    "overview" : "In the Mexican narco-war, thousands of mothers search for their missing sons and daughters. In Portraits of a Search, the stories of Natividad, Guadalupe and Margarita intertwine to convey the different forms of confronting the search and uncertainty: one turns to the FBI, another obtains the Nation´s president´s personal promise, and the other tries to return to her routines so as to save her grandson. A portrait of Mexico today.",
    "genres" : [ {
      "id" : 99,
      "name" : "Documentary"
    } ]
  }, {
    "id" : 295476,
    "title" : "Amok",
    "overview" : "A European doctor, in self-imposed exile in some place like Borneo, obsesses crazily over a ruling-class white woman.",
    "genres" : [ ]
  }, {
    "id" : 295481,
    "title" : "Thaco",
    "overview" : "Get your geek on! THACO is the story of four nerds in their 30s - adults, but not grown up - who never quite get around to the dungeon adventure on game night. Jon (the rules lawyer) and Duck (the hardcore gamer) harass Bill, their DM, while waiting for the perpetually late Aaron to show up. They go over the games that have affected, infected, and generally warped their minds - and they wouldn't have it any other way.",
    "genres" : [ {
      "id" : 35,
      "name" : "Comedy"
    } ]
  }, {
    "id" : 295486,
    "title" : "Blue Lips",
    "overview" : "Six people's lives come together.",
    "genres" : [ {
      "id" : 18,
      "name" : "Drama"
    } ]
  }, {
    "id" : 295491,
    "title" : "Der Elefant im Porzellanladen",
    "overview" : "",
    "genres" : [ {
      "id" : 35,
      "name" : "Comedy"
    } ]
  }, {
    "id" : 295496,
    "title" : "Komödienstadel - Der Ehestreik",
    "overview" : "",
    "genres" : [ {
      "id" : 35,
      "name" : "Comedy"
    } ]
  }, {
    "id" : 295501,
    "title" : "Die Auserwählten",
    "overview" : "",
    "genres" : [ {
      "id" : 35,
      "name" : "Comedy"
    } ]
  }, {
    "id" : 295506,
    "title" : "Les Aventures d'Eddie Turley",
    "overview" : "Poetic sci-fi film as an homage to Cinema, Cocteau, Goodis and to American B-series of the 1940s. Constructed exclusively on photograms in black and white and freely inspired on Jean-Luc Godard's Alphaville.",
    "genres" : [ {
      "id" : 878,
      "name" : "Science Fiction"
    } ]
  }, {
    "id" : 295511,
    "title" : "The Balmain Style",
    "overview" : "",
    "genres" : [ {
      "id" : 99,
      "name" : "Documentary"
    } ]
  }, {
    "id" : 295516,
    "title" : "The Violation of Claudia",
    "overview" : "A tennis instructor leads a wealthy but neglected housewife into the world of prostitution.",
    "genres" : [ {
      "id" : 18,
      "name" : "Drama"
    } ]
  }, {
    "id" : 295521,
    "title" : "Mickey Mouse Clubhouse - Mickey & Pluto to The Rescue",
    "overview" : "There's no mountain too high or problem too big to solve with Mickey &amp; Pluto To The Rescue! Pluto loves to play catch, but when his super duper bouncy ball bounces far away, he'll need the right mouseketools and YOUR help to find and fetch his missing toy.",
    "genres" : [ ]
  }, {
    "id" : 295526,
    "title" : "The Metropolitan Opera: Macbeth",
    "overview" : "The Met Opera’s broadcast of Verdi’s Macbeth will be presented live in select cinemas nationwide on Saturday, October 11 at 12:55 p.m. ET / 9:55 a.m. PT.",
    "genres" : [ ]
  }, {
    "id" : 295531,
    "title" : "Paladar",
    "overview" : "Paladar follows the illegal operations of an underground restaurant in the heart of Southern Los Angeles. Run by two undergraduate USC students, the restaurant not only offers innovative and classic dishes for reasonable prices, but it acts on a larger scale impacting and influencing the students' social circles and entrepreneurial enterprises. Paladar captures the entrepreneurial spirit of a generation in the midst of a failing economy - teaching us to take financial risks to do what we love.",
    "genres" : [ ]
  }, {
    "id" : 295536,
    "title" : "Der Feind in meinem Leben",
    "overview" : "",
    "genres" : [ {
      "id" : 18,
      "name" : "Drama"
    } ]
  }, {
    "id" : 295541,
    "title" : "The Avian Kind",
    "overview" : "Novelist Jeong-seok is looking for his missing wife. A woman appears in front of him and suggests that she can find his wife. Meanwhile, some people approach him and ask him to find missing people. They find themselves becoming chased at some point.",
    "genres" : [ {
      "id" : 18,
      "name" : "Drama"
    } ]
  }, {
    "id" : 295551,
    "title" : "Knef - Die frühen Jahre",
    "overview" : "A documentary about the life of the actress Hildegard Knef",
    "genres" : [ {
      "id" : 99,
      "name" : "Documentary"
    } ]
  }, {
    "id" : 295556,
    "title" : "Schweyk im Zweiten Weltkrieg",
    "overview" : "",
    "genres" : [ {
      "id" : 35,
      "name" : "Comedy"
    } ]
  }, {
    "id" : 295561,
    "title" : "Mario and the Magician",
    "overview" : "The Twenties: The German Fuhrmann family spend their holidays in Italy again. The country is full of mysteries in that time. The Fuhrmann's have to realize the upcoming and growing fascism and their children are fascinated by a magician visiting the town. Soon nothing is as usual. The times are changing ...",
    "genres" : [ {
      "id" : 18,
      "name" : "Drama"
    } ]
  }, {
    "id" : 295566,
    "title" : "The Last Supper",
    "overview" : "Chris is a dancer dying of AIDS. He has chosen euthanasia to end his suffering. With the assistance of his lover Val and his doctor, he surrounds himself in his last hours with everything that made his life special and creates his ultimate work of art by choreographing his own death.",
    "genres" : [ {
      "id" : 18,
      "name" : "Drama"
    } ]
  }, {
    "id" : 295571,
    "title" : "The Trap",
    "overview" : "Filmmaker Jeff B Harmon and cameraman Alexander Lindsay dodged bullets and kidnap to bring us the definitive 16mm coverage of the Soviet war from both the Russian and Afghan perspectives. 'The Trap' presents their award-winning coverage in a new documentary which raises powerful questions about the conflict in Afghanistan today.",
    "genres" : [ {
      "id" : 99,
      "name" : "Documentary"
    } ]
  }, {
    "id" : 295576,
    "title" : "The Victorville Massacre",
    "overview" : "Something is happening in the desert town of Victorville. Neighbors are disappearing and murder is in the air. Despite rumors of a serial killer, a group of nine friends decide to spend Labor Day partying in town. But fun descends into terror as they're massacred one by one. Soon trying to survive Labor Day weekend will take on a whole new meaning.",
    "genres" : [ ]
  }, {
    "id" : 295581,
    "title" : "If I Had Wings",
    "overview" : "Alex, blind since the age of two, dreams of running for his school's cross-country team. His father, a probation officer, finds a running partner who spends his time 'running' from the law.",
    "genres" : [ {
      "id" : 18,
      "name" : "Drama"
    } ]
  }, {
    "id" : 295586,
    "title" : "The Creation of Meaning",
    "overview" : "Set in the breathtaking landscapes of the Apuan Alps in Tuscany, near the Gothic Line where German forces massacred hundreds of civilians before their retreat at the end of WWII. Pacifico Pieruccioni, a shepherd born just following the war, is now one of its last freedom fighters. He is being forced to abandon this life, as his very existence, suspended between the phantoms of a bloody past and the harbingers of an obscure future, must bow to the gestation of the new Europe to come (VIFF synopsis).",
    "genres" : [ ]
  }, {
    "id" : 295591,
    "title" : "No Mundo da Lua",
    "overview" : "",
    "genres" : [ {
      "id" : 35,
      "name" : "Comedy"
    } ]
  }, {
    "id" : 295596,
    "title" : "Hard Boiled Chicken",
    "overview" : "In true hard-boiled detective style, a rooster tries to find the thief of the egg that was stolen from his chicken. Soon all traces point towards the farmer. But before the egg can be saved from becoming hard-boiled itself, the rooster and his chicken have to fight the farmer's cat for it. Spectacular action, including a fight, a chase, and the birth of a new chicken.",
    "genres" : [ {
      "id" : 16,
      "name" : "Animation"
    }, {
      "id" : 80,
      "name" : "Crime"
    } ]
  }, {
    "id" : 295601,
    "title" : "The Royal Dutch Marine Corps",
    "overview" : "Het korps Mariniers is a documentary about the Royal Dutch Navy, which Paul Verhoeven made while being assigned to the Marine Film Service as a documentary filmmaker.",
    "genres" : [ {
      "id" : 99,
      "name" : "Documentary"
    } ]
  }, {
    "id" : 295606,
    "title" : "Elfenbein",
    "overview" : "",
    "genres" : [ {
      "id" : 18,
      "name" : "Drama"
    } ]
  }, {
    "id" : 295611,
    "title" : "Mein Papa ist kein Mörder",
    "overview" : "",
    "genres" : [ {
      "id" : 18,
      "name" : "Drama"
    } ]
  }, {
    "id" : 295616,
    "title" : "The Lady Vampire",
    "overview" : "Tamio takes Itsuko to an art gallery and, low and behold, the two find that the award-winning painting is a nude portrait of Miwako, Itsuko's mother who disappeared twenty years ago when she was just a baby. No one knows the first thing about the artist who painted it, but he goes by the name Shiro Sofue (Shigeru Amachi), and he's the dude always wearing shades in the daytime and accompanied by a dwarf sidekick he calls \"Tiny.\" Shiro's real name is Nobutaka Takenaka and he's not quite human.",
    "genres" : [ {
      "id" : 27,
      "name" : "Horror"
    } ]
  }, {
    "id" : 295621,
    "title" : "Eyes of a Thief",
    "overview" : "A father with a dangerous secret searching for his daughter.",
    "genres" : [ {
      "id" : 18,
      "name" : "Drama"
    } ]
  }, {
    "id" : 295626,
    "title" : "Nevěsta",
    "overview" : "The only feature film  from  Jiri Suchy (born. 1931) is a fine mix of comedy, romance, surreal fantasy and experimental drama.",
    "genres" : [ {
      "id" : 18,
      "name" : "Drama"
    }, {
      "id" : 35,
      "name" : "Comedy"
    } ]
  } ]
}