{
  "movies" : [ {
    "id" : 86006,
    "title" : "The Gypsy",
    "overview" : "Hubert Durieux is a banker in a small French town who is struggling to keep up with the demands of all the women in his life. Just when things couldn’t get any worse, his precious white Citroën is stolen under his eyes by a beautiful gypsy girl, Mona.",
    "genres" : [ {
      "id" : 10749,
      "name" : "Romance"
    }, {
      "id" : 35,
      "name" : "Comedy"
    } ]
  }, {
    "id" : 86011,
    "title" : "The Barber of Seville",
    "overview" : "Woody is standing outside the Seville Barber Shop looking at the ads. Wanting a \"victory haircut\", he decides to enter the shop only to find the owner has stepped out for a physical. Woody decides to cut his own hair (\"I cut my own teeth\") but unfortunately is mistaken for the owner when two other customers enter, one an Indian who wants a quick shampoo and the other, a construction worker who wants \"the whole works\" and, unfortunately, gets it.",
    "genres" : [ {
      "id" : 16,
      "name" : "Animation"
    } ]
  }, {
    "id" : 86016,
    "title" : "De La Hoya vs. Mayweather",
    "overview" : "De La Hoya vs. Mayweather: The World Awaits was a super welterweight superfight which took place on May 5, 2007, at the MGM Grand Arena in Las Vegas, Nevada between six-division world champion Oscar De La Hoya (38-4, 30 KO) and undefeated four-division champion Floyd Mayweather Jr. (37-0, 24 KO). At the time, the match was the most lucrative boxing match ever, with over $120 million in generated revenue.",
    "genres" : [ ]
  }, {
    "id" : 86021,
    "title" : "Mosley vs. Mora",
    "overview" : "Former five-time titlist Sugar Shane Mosley will face former world champion Sergio Mora in a Golden Boy Promotions event in Los Angeles. Mosley, who recently fought at welterweight and was a champion in three weight divisions, is moving back up to Light middleweight to fight Mora, who is currently fighting at middleweight.",
    "genres" : [ ]
  }, {
    "id" : 86026,
    "title" : "Tarver vs. Hopkins",
    "overview" : "Will the legend Bernard Hopkins defeat Antonio Tarver and steal the light heavyweight belt away from him in a fight to the finish?",
    "genres" : [ ]
  }, {
    "id" : 86031,
    "title" : "Vazquez vs Marquez I",
    "overview" : "Who will win this King of Bantams fight IBF bantamweight champion Rafael Marquez (37-3, 33 KOs) or WBC super bantamweight champion Israel Vazquez (41-4, 31 KOs)?",
    "genres" : [ ]
  }, {
    "id" : 86036,
    "title" : "Pacquiao vs. Margarito",
    "overview" : "Manny Pacquiao vs. Antonio Margarito, billed as World Super Welterweight Championship, was a Super Welterweight fight for the WBC Super Welterweight championship. The bout was held on November 13, 2010, at Cowboys Stadium, in Arlington, Texas, United States. The match was put together after the second negotiation for the long awaited \"superfight\" between Manny Pacquiao and Floyd Mayweather, Jr. had failed. Pacquiao defeated Margarito by unanimous decision.",
    "genres" : [ {
      "id" : 28,
      "name" : "Action"
    } ]
  }, {
    "id" : 86041,
    "title" : "Es peligroso casarse a los 60",
    "overview" : "A confirmed bachelor, over his sixties, is finally decided to marry, with the primary objective of having a son to inherit his business of coaches for tourists. Held the wedding, descendants don't arrive, but what comes into the house of the protagonist is an 18-year-old daughter of a distant childhood sweetheart willing to impose other points of view about everything.",
    "genres" : [ ]
  }, {
    "id" : 86046,
    "title" : "La tía de Carlos",
    "overview" : "The father of his girlfriend does not want her to spend a few days with Carlos, so he needs a companion.  Therefore, he asks a friend to pretend to be his aunt. This will create endless trouble and confusion, especially when the real aunt of Charles arrives.",
    "genres" : [ ]
  }, {
    "id" : 86051,
    "title" : "Su desconsolada esposa",
    "overview" : "",
    "genres" : [ ]
  }, {
    "id" : 86056,
    "title" : "Gestapo: Hitler's Secret Police",
    "overview" : "Hermann Goering’s Secret State Police were tasked to arrest and torture confessions and information from supposed enemies of the Reich. All the powers of the Judiciary were taken into its hands and the courts rendered superfluous.",
    "genres" : [ {
      "id" : 99,
      "name" : "Documentary"
    }, {
      "id" : 36,
      "name" : "History"
    }, {
      "id" : 10752,
      "name" : "War"
    } ]
  }, {
    "id" : 86061,
    "title" : "Disneynature: Predator and Prey",
    "overview" : "Disneynature Predator and Prey showcases the unending battle for survival that exists in nature. Students will journey on land and under sea for a riveting look at many species – from caribou and cheetahs to sea lions and sharks – as they both stalk their prey and also avoid being stalked themselves. From the amazing variety of adaptations that both predators and prey are equipped with to avoid capture, to the natural order of a food chain, this Classroom Edition DVD highlights the important role predation plays in keeping an animal’s world in balance.",
    "genres" : [ {
      "id" : 99,
      "name" : "Documentary"
    } ]
  }, {
    "id" : 86071,
    "title" : "Cougars Take It Black",
    "overview" : "Join this pack of suburban Cougars as they strive to outdo each other. Sharing sexy encounters of uncontrollable lust for their prey...no black man is safe from the clutches of these sex crazed creatures...captured on film, just for your satisfaction...",
    "genres" : [ ]
  }, {
    "id" : 86081,
    "title" : "Regeneration",
    "overview" : "At 10 years old, Owens becomes a ragged orphan when his sainted mother dies. The Conways, who are next door neighbors, take Owen in, but the constant drinking by Jim soon puts Owen on the street. By 17, Owen learns that might is right. By 25, Owen is the leader of his own gang who spend most of their time gambling and drinking. But Marie comes into the gangster area of town and everything changes for Owen as he falls for Marie. But he cannot tell her so, so he comes to her settlement to find education and inspiration. But soon, his old way of life will rise to confront him again.",
    "genres" : [ {
      "id" : 10749,
      "name" : "Romance"
    }, {
      "id" : 80,
      "name" : "Crime"
    }, {
      "id" : 18,
      "name" : "Drama"
    } ]
  }, {
    "id" : 86086,
    "title" : "The Making of Captain EO",
    "overview" : "Documentary of the making of Michael Jackson's Captain EO film for the Disney theme parks.",
    "genres" : [ {
      "id" : 99,
      "name" : "Documentary"
    } ]
  }, {
    "id" : 86096,
    "title" : "The Children",
    "overview" : "Ernesto, a seven-year-old boy who has the body of a thirty-year-old man, decides, upon attending his first day of school, that he no longer wishes to attend, because he does not wish to be taught matters that he does not know.",
    "genres" : [ {
      "id" : 35,
      "name" : "Comedy"
    } ]
  }, {
    "id" : 86101,
    "title" : "The Sleeper",
    "overview" : "It's 1981 and the girls of Alpha Gamma Theta sorority are having a party. As the new pledges arrive, so does an uninvited guest. Little do the sisters know someone is watching them in the shadows. As the girls shower, study, eat and sleep the stalker studies the girls. One by one he finds the girls at their most vulnerable and murders them. The police hunt for the missing girls and their killer, but will they find them in time? Or will the girls be forced to fight for their lives..",
    "genres" : [ {
      "id" : 27,
      "name" : "Horror"
    }, {
      "id" : 35,
      "name" : "Comedy"
    }, {
      "id" : 53,
      "name" : "Thriller"
    } ]
  }, {
    "id" : 86126,
    "title" : "A Cab for Three",
    "overview" : "",
    "genres" : [ {
      "id" : 18,
      "name" : "Drama"
    }, {
      "id" : 80,
      "name" : "Crime"
    } ]
  }, {
    "id" : 86131,
    "title" : "Child of Rage",
    "overview" : "A priest and his wife adopt a brother and sister, but the girl has terrible outbursts of rage.",
    "genres" : [ ]
  }, {
    "id" : 86136,
    "title" : "Kondaveeti Simham",
    "overview" : "Kondaveeti Simham",
    "genres" : [ ]
  }, {
    "id" : 86141,
    "title" : "Justice Chowdhary",
    "overview" : "A court room drama where a blind lawyer attempts to free an innocent defendant.",
    "genres" : [ {
      "id" : 28,
      "name" : "Action"
    }, {
      "id" : 18,
      "name" : "Drama"
    } ]
  }, {
    "id" : 86146,
    "title" : "Gundamma Katha",
    "overview" : "Gundamma Katha  is a 1962 Telugu film produced by famous producer duo B. Nagi Reddy and Chakrapani starring mainly S. V. Ranga Rao, N. T. Rama Rao, Akkineni Nageswara Rao, Suryakantham, Jamuna Ramanarao, Savitri, Ramana Reddy, Rajanala Kaleswara Rao, Chaya Devi, L. Vijayalakshmi and Haranath. The plot revolves around the story of a proud mother, Gundamma and the way she was brought on track by her two young sons-in-law.  Released on 7 June 1962, the movie is considered a masterpiece in Telugu movie.",
    "genres" : [ {
      "id" : 35,
      "name" : "Comedy"
    }, {
      "id" : 18,
      "name" : "Drama"
    } ]
  }, {
    "id" : 86161,
    "title" : "Mobile Suit Gundam 0083: The Last Blitz of Zeon",
    "overview" : "U.C. 0083 - Three years after the end of the catastrophic One Year War, peace on Earth and the colonies is shattered by the presence of the Delaz Fleet, a rogue Zeon military group loyal to the ideals of the late dictator Gihren Zabi. Delaz Fleet's ace pilot Anavel Gato, once hailed as \"The Nightmare of Solomon\", infiltrates the Federation's Torrington base in Australia and steals the nuclear-armed Gundam GP02A \"Physalis\" prototype. Rookie pilot Kou Uraki - with the aid of Anaheim Electronics engineer Nina Purpleton and the crew of the carrier Albion - pilots the Gundam GP01 \"Zephyranthes\" prototype in an attempt to recover the stolen Gundam unit and prevent another war from breaking out.",
    "genres" : [ ]
  }, {
    "id" : 86166,
    "title" : "Muhammad Ali vs. Joe Frazier III",
    "overview" : "The Thrilla in Manila was the third and final famous boxing match between Muhammad Ali and Joe Frazier for the Heavyweight Boxing Championship of the World, fought at the Araneta Coliseum in Quezon City, Metro Manila, Philippines on October 1, 1975.  The bout is often ranked as one of the greatest fights of 20th century boxing, and is the climax to the bitter rivalry between Ali and Frazier. When Ali was stripped of the title in 1967 over his refusal to join the armed forces when drafted during the Vietnam War, Frazier had petitioned President Nixon to restore Ali's right to box and even lent Ali money.",
    "genres" : [ ]
  }, {
    "id" : 86171,
    "title" : "The Pick-Up",
    "overview" : "Two mob money couriers, Frankie and Tony, have their latest package of $1 million stolen by two con women, Dana and Marcia, in which the men must find the women to recover the money before they become marked men.",
    "genres" : [ ]
  }, {
    "id" : 86186,
    "title" : "Perfect Body",
    "overview" : "Obsessed with perfection, young gymnast Andie Bradley nearly starves herself to realize her dream of making the Olympic gymnastics team.",
    "genres" : [ {
      "id" : 10770,
      "name" : "TV Movie"
    }, {
      "id" : 18,
      "name" : "Drama"
    } ]
  }, {
    "id" : 86191,
    "title" : "The Four Skulls of Jonathan Drake",
    "overview" : "Jonathan Drake, while attending his brother's funeral, is shocked to find the head of the deceased is missing. When his brother's skull shows up later in a locked cabinet, Drake realizes an ancient curse placed upon his grandfather by a tribe of South American Jivaro Indians is still in effect and that he himself is the probable next victim.",
    "genres" : [ {
      "id" : 27,
      "name" : "Horror"
    }, {
      "id" : 9648,
      "name" : "Mystery"
    } ]
  }, {
    "id" : 86196,
    "title" : "The Yin and the Yang of Mr. Go",
    "overview" : "An American draft dodger and aspiring writer named Nero Finnigan (Jeff Bridges) becomes involved with the notorious Mr. Go (James Mason), an oriental organized crime mastermind. They conspire to blackmail an American weapons scientist into providing secrets to Mr. Go's organization for resale to the highest bidder. \"The Dolphin\" then arrives, who is an American CIA agent and James Joyce scholar, and is charged with recovering the scientist and his work by whatever means necessary.[1]",
    "genres" : [ {
      "id" : 9648,
      "name" : "Mystery"
    }, {
      "id" : 53,
      "name" : "Thriller"
    } ]
  }, {
    "id" : 86201,
    "title" : "Welcome Home Brother Charles",
    "overview" : "One man wronged by a racist law enforcement system takes a highly unusual route to street justice in this bizarre, expressive urban drama. Definitely not your ordinary '70s blaxploitation feature, Soul Vengeance (released theatrically as Welcome Home, Brother Charles) was one of three feature films Jamaa Fanaka wrote, produced, and directed while studying film production at U.C.L.A. (The other two were Black Sister's Revenge, also known as Emma Mae, and the first installment in Fanaka's popular Penitentiary series). ~ Mark Deming, Rovi",
    "genres" : [ {
      "id" : 28,
      "name" : "Action"
    }, {
      "id" : 53,
      "name" : "Thriller"
    } ]
  }, {
    "id" : 86206,
    "title" : "Narco Dollar",
    "overview" : "Drug enforcement officer Mark Stevens busts dealer Jack Kinney which in turn brings down supplier Vinnie Esteban. Both Stevens and Esteban find themselves up against Columbian drug king Domingo Mortera.",
    "genres" : [ {
      "id" : 18,
      "name" : "Drama"
    } ]
  }, {
    "id" : 86211,
    "title" : "Deep Blues",
    "overview" : "This warm 90 minutes documentary shows us unknown blues musicians from Mississippi. They play everywhere : on the streets, in dirty little bars, in a barber shop, in big clubs. The film really captures the true faces of blues and shows us that this music had nothing to do with nostalgia or record company hypes.  Documentary on the Delta blues.",
    "genres" : [ {
      "id" : 99,
      "name" : "Documentary"
    }, {
      "id" : 10402,
      "name" : "Music"
    } ]
  }, {
    "id" : 86216,
    "title" : "Taking the Plunge",
    "overview" : "A quiet and introverted high school senior by the name of Gaby is asked by the school's principal to welcome and supervise the integration of a new student, Sandrine. Outgoing and cheerful Sandrine is the complete opposite of Gaby; yet, the two girls soon develop a bond and Gaby slowly comes out of her shell. Pent up emotions about a past accident and old friendships comes back to hunt Gaby after she learns that she will have to tutor Frédérick, the swim team's champion and school hunk.",
    "genres" : [ {
      "id" : 35,
      "name" : "Comedy"
    }, {
      "id" : 18,
      "name" : "Drama"
    }, {
      "id" : 10749,
      "name" : "Romance"
    } ]
  }, {
    "id" : 86221,
    "title" : "The Sleep Room",
    "overview" : "At the height of the cold war, the C.I.A. secretly funded Dr. Ewen Cameron, director of the Allan Memorial Institute, and his experimental research into brainwashing techniques. Twenty-five years later, the last nine survivors of those gruesome experiments fight to expose the truth...of The Sleep Room.",
    "genres" : [ {
      "id" : 18,
      "name" : "Drama"
    } ]
  }, {
    "id" : 86226,
    "title" : "Key Witness",
    "overview" : "An average Los Angeles citizen witnesses a gang murder when he stops to use a telephone. When he presents himself to the LAPD as the only person willing to identify the culprits, he opens himself up to a campaign of intimidation from the gang involved.",
    "genres" : [ {
      "id" : 18,
      "name" : "Drama"
    }, {
      "id" : 80,
      "name" : "Crime"
    } ]
  }, {
    "id" : 86231,
    "title" : "The In Crowd",
    "overview" : "A young man of the rock and roll generation is in his senior year of high school. When one day he successfully gets on a popular teen dance television show he becomes a star. The plot follows him as he lives his new life in his new world. What he finds are adoring fans, jealous rivals, bitter friends left behind, and the girl of his dreams...his dance partner.",
    "genres" : [ {
      "id" : 18,
      "name" : "Drama"
    }, {
      "id" : 10402,
      "name" : "Music"
    }, {
      "id" : 10749,
      "name" : "Romance"
    } ]
  }, {
    "id" : 86236,
    "title" : "Dying Room Only",
    "overview" : "A married couple are traveling on a deserted desert road at night. They stop at a diner and the husband goes to the men's room. He never returns and the wife begins to suspect serious foul play.",
    "genres" : [ {
      "id" : 18,
      "name" : "Drama"
    }, {
      "id" : 53,
      "name" : "Thriller"
    }, {
      "id" : 10770,
      "name" : "TV Movie"
    } ]
  }, {
    "id" : 86241,
    "title" : "Welcome to L.A.",
    "overview" : "The lives and romantic entanglements of a group of young adults who have achieved \"overnight\" success in Los Angeles.",
    "genres" : [ {
      "id" : 10749,
      "name" : "Romance"
    }, {
      "id" : 18,
      "name" : "Drama"
    }, {
      "id" : 10402,
      "name" : "Music"
    } ]
  }, {
    "id" : 86246,
    "title" : "The Adventures of Eliza Fraser",
    "overview" : "An old captain &amp; his young wife share a lot of adventures after they're shipwrecked and captured by Aborigines on an island near Australia.",
    "genres" : [ {
      "id" : 12,
      "name" : "Adventure"
    }, {
      "id" : 35,
      "name" : "Comedy"
    }, {
      "id" : 18,
      "name" : "Drama"
    } ]
  }, {
    "id" : 86251,
    "title" : "Strike Commando",
    "overview" : "While operating behind enemy lines, Sgt. Mike Ransom learns of a Russian presence in North Vietnam. Ordered to obtain proof of this discovery, Ransom returns to enemy territory but is captured and subjected to a variety of tortures. Eventually he escapes to continue his mission despite being hampered by a traitor in his own ranks.",
    "genres" : [ {
      "id" : 28,
      "name" : "Action"
    }, {
      "id" : 10752,
      "name" : "War"
    } ]
  }, {
    "id" : 86256,
    "title" : "Tarkan and the Blood of the Vikings",
    "overview" : "Tarkan Versus the Vikings, Turkey’s answer to the Italian sword and sandal films, is more fun than the proverbial barrel of monkeys and just as crazed. Everything in this movie is energetic, outsized, colorful and wacky, from Tarkan’s mighty moustache to the Vikings’ red and blue fuzzy underoos. Tarkan doesn’t just walk around, like Hercules - he runs, he leaps, he literally bounces from place to place. The gigantic melees capture the frenetic flavor of old Errol Flynn movies, but up the ante of sex and violence to please ‘70s moviegoers. It’s like Conan the Barbarian done on $10,000 and amphetamines. - CSB",
    "genres" : [ {
      "id" : 12,
      "name" : "Adventure"
    }, {
      "id" : 14,
      "name" : "Fantasy"
    } ]
  }, {
    "id" : 86261,
    "title" : "Oki's Movie",
    "overview" : "A love story between a middle aged professor, a young female student who prepares a movie and a student/filmmaker who drinks too much.",
    "genres" : [ {
      "id" : 35,
      "name" : "Comedy"
    }, {
      "id" : 18,
      "name" : "Drama"
    } ]
  }, {
    "id" : 86266,
    "title" : "The Power of Kangwon Province",
    "overview" : "Recently separated lovers (Baek Jong-hak, Oh Yun-hong) have a series of close encounters at a popular mountain retreat.",
    "genres" : [ {
      "id" : 18,
      "name" : "Drama"
    }, {
      "id" : 10749,
      "name" : "Romance"
    }, {
      "id" : 10769,
      "name" : "Foreign"
    } ]
  }, {
    "id" : 86271,
    "title" : "Three on a Meathook",
    "overview" : "Four girls go on a romping weekend at a lake, and have car problems on the way home. A nice local boy takes them back to his farm, where he lives with his father. Something ghastly happens, but the father helps his son as he has in the past. When the boy meets a girl and begins falling in love, the father worries about a repeat performance.",
    "genres" : [ {
      "id" : 27,
      "name" : "Horror"
    } ]
  }, {
    "id" : 86276,
    "title" : "The Body Shop",
    "overview" : "Emminent plastic surgeon and mad scientist Don Brandon loses his wife Anitra - pinup model and social butterfly - in a tragic accident. He and his faithful humpbacked and drooling assistant Igor - oops, I mean Greg - busy themselves experimenting with re-animation experiments. Once ready, the good Doctor begins luring young women back to the lab with hypnosis in order to gather select parts to create a New and Improved",
    "genres" : [ {
      "id" : 878,
      "name" : "Science Fiction"
    }, {
      "id" : 27,
      "name" : "Horror"
    } ]
  }, {
    "id" : 86281,
    "title" : "Brothers",
    "overview" : "Together in the hell holes of war worlds apart in a small town",
    "genres" : [ {
      "id" : 18,
      "name" : "Drama"
    }, {
      "id" : 35,
      "name" : "Comedy"
    }, {
      "id" : 10749,
      "name" : "Romance"
    } ]
  }, {
    "id" : 86291,
    "title" : "Manzil",
    "overview" : "Ajay Chandra, a hard working and ambitious young man, who dreams of bigger things than a small job. He has dreams of starting his own business. One day he meets Aruna at a friends wedding and slowly fall in love. Aruna is daughter of a very successful lawyer. Ajay uses his rich friend's car, apartment etc. to impress Aruna's family, in the hope that he will succeed in his own business before they are married. However, Ajay falls prey to the cut throat competion in business and loses all his investment. He discloses everything to Aruna. Aruna is sympathetic to Ajay and loves him for what he is. However, Aruna's lawyer dad turns down the marriage proposal and starts to prosecute Ajay for business fraud. Through his hard work and support from Aruna and his mother, Ajay is able to correct the wrong doings and is able to win over Aruna's father.",
    "genres" : [ {
      "id" : 18,
      "name" : "Drama"
    }, {
      "id" : 10749,
      "name" : "Romance"
    }, {
      "id" : 10769,
      "name" : "Foreign"
    } ]
  }, {
    "id" : 86296,
    "title" : "The Christian Licorice Store",
    "overview" : "A tennis champ falls in with the Hollywood crowd, finds himself being corrupted by the life in the fast lane.",
    "genres" : [ {
      "id" : 35,
      "name" : "Comedy"
    } ]
  }, {
    "id" : 86306,
    "title" : "The Wedding",
    "overview" : "The Wedding documents her actual marriage to Darren Morgan, including a \"hen night\" orgy and promiscuity during the honeymoon, as well as the bride-to-be having sex with the best man before the wedding.",
    "genres" : [ ]
  }, {
    "id" : 86316,
    "title" : "Training Day",
    "overview" : "TRAINING DAY is a half hour educational, inspirational, hip and fun sports show revealing how top, famous athletes, transform themselves from an average to super human. Creator, Director and host Flo Vinger will spend a day and training with these top athletes.",
    "genres" : [ ]
  }, {
    "id" : 86321,
    "title" : "Playing",
    "overview" : "Following a newspaper ad, ordinary women tell part of their life stories to director Eduardo Coutinho, which are then re-enacted by actresses, blurring the barriers between truth, fiction and interpretation.",
    "genres" : [ {
      "id" : 18,
      "name" : "Drama"
    }, {
      "id" : 99,
      "name" : "Documentary"
    } ]
  }, {
    "id" : 86326,
    "title" : "Phantom of the Mall: Eric's Revenge",
    "overview" : "Eric owns a huge house and some greedy people want to build a mall over it. So they get someone to burn down his house. Eric is badly burned but not dead, and a year later the mall opens. What they don't realise is that Eric is living underneath the mall and he's very angry!",
    "genres" : [ {
      "id" : 27,
      "name" : "Horror"
    } ]
  }, {
    "id" : 86331,
    "title" : "Desire",
    "overview" : "In a social context deteriorated by a countrywide economic crisis, the life of several people will be turned upside down after they meet Cecile, a character who symbolizes desire.",
    "genres" : [ {
      "id" : 18,
      "name" : "Drama"
    }, {
      "id" : 10749,
      "name" : "Romance"
    } ]
  }, {
    "id" : 86351,
    "title" : "Sweet Misery: A Poisoned World",
    "overview" : "Narrator Cori Brackett had a strange cause-and-effect experience with the diet cokes she was drinking and quickly found herself disabled and diagnosed with MS. Slowly able to walk and speak again, she believes her illness is linked to aspartame. She is a co-owner of a video/film production company. After 7000 miles, and 25 hours of footage, \"Sweet Misery\" will reveal one of the most pervasive, insidious forms of corporate negligence since tobacco.",
    "genres" : [ {
      "id" : 99,
      "name" : "Documentary"
    } ]
  }, {
    "id" : 86361,
    "title" : "Scoutman",
    "overview" : "Young lovers Mari and Atsushi elope to the Big City that is Tokyo, unfortunately when they run out of money, both need to make some harsh choices. Mari stumbles upon selling ‘Party Tickets’ (for Swingers parties to be exact…), before being drawn into the sex industry to make ends meet. Meanwhile, Atsushi becomes a ‘Scout Man’ – effectively a recruitment agent for the sex industry (i.e. procuring young women for nude modelling, porn movies etc.). The consequences of their respective decisions will ultimately take it’s toll on their young lives.",
    "genres" : [ {
      "id" : 18,
      "name" : "Drama"
    }, {
      "id" : 10749,
      "name" : "Romance"
    } ]
  }, {
    "id" : 86366,
    "title" : "Forbidden Secrets",
    "overview" : "",
    "genres" : [ {
      "id" : 10770,
      "name" : "TV Movie"
    }, {
      "id" : 53,
      "name" : "Thriller"
    }, {
      "id" : 18,
      "name" : "Drama"
    }, {
      "id" : 9648,
      "name" : "Mystery"
    } ]
  }, {
    "id" : 86371,
    "title" : "Angela, the Marked One",
    "overview" : "Angela Delmar (Hilda Koronel) works as a waitress for one of the seedier bars in Manila. There she meets five patrons of the bar, who also turn out to be a gang specializing in drugging and raping girls and later on selling them to prostitution.",
    "genres" : [ {
      "id" : 80,
      "name" : "Crime"
    }, {
      "id" : 18,
      "name" : "Drama"
    } ]
  }, {
    "id" : 86376,
    "title" : "Ases del contrabando",
    "overview" : "Action film about drug traffickers.",
    "genres" : [ {
      "id" : 28,
      "name" : "Action"
    }, {
      "id" : 80,
      "name" : "Crime"
    }, {
      "id" : 18,
      "name" : "Drama"
    } ]
  }, {
    "id" : 86381,
    "title" : "Tell Them Anything You Want: A Portrait of Maurice Sendak",
    "overview" : "A loving look at one of the most cherished and controversial figures in children's literature.",
    "genres" : [ {
      "id" : 99,
      "name" : "Documentary"
    } ]
  }, {
    "id" : 86386,
    "title" : "At the Villa Rose",
    "overview" : "Inspector Hanaud is asked to investigate a murder in which a young woman is accused of killing her wealthy employer in a Riviera mansion and then running away. She is innocent, but the villain is able to make her seem guilty. Hanaud uncovers the truth, that the murder was the result of a jewel robbery gone wrong.",
    "genres" : [ {
      "id" : 80,
      "name" : "Crime"
    }, {
      "id" : 18,
      "name" : "Drama"
    } ]
  }, {
    "id" : 86391,
    "title" : "All Together",
    "overview" : "Five old friends decide to move in together as an alternate to living in a retirement home; joining them is an ethnology student whose thesis is on the aging population.",
    "genres" : [ {
      "id" : 35,
      "name" : "Comedy"
    } ]
  }, {
    "id" : 86401,
    "title" : "The Ticking Man",
    "overview" : "In the remote west coast of Scotland, a drug dealer double-crosses and kills a drug trafficker who imports drugs for him. The dealer is arrested and learns that the murder was witnessed by a couple of anonymous locals. Facing life imprisonment, the dealer decides to hire a hitman to eliminate all the potential witnesses. Outside a rural police station, the hired hitman starts a stopwatch, runs across a road, jumps into his car, and takes off with a screech. He drives full speed through the barren country until he reaches the remote, one street hamlet of Bartoun. He checks his stopwatch. It reads 28 minutes, 36 seconds. He sees a poster advertising a fair in the next village. The residents of Bartoun are advised to meet on main street at noon to get a ride. As the people begin to congregate the next day, the hitman walks toward them and begins shooting. He knows that he has 28 minutes and 36 seconds before the police arrive.",
    "genres" : [ ]
  }, {
    "id" : 86406,
    "title" : "Beyond Reasonable Doubt",
    "overview" : "A docu-drama covering one of the most famous cases in New Zealand history, the murder of Harvey and Jeanette Crewe in 1970.",
    "genres" : [ {
      "id" : 18,
      "name" : "Drama"
    } ]
  }, {
    "id" : 86411,
    "title" : "Kuchh Meetha Ho Jaye",
    "overview" : "Various relationships intertwine and collide at an airport.",
    "genres" : [ {
      "id" : 18,
      "name" : "Drama"
    }, {
      "id" : 35,
      "name" : "Comedy"
    }, {
      "id" : 10749,
      "name" : "Romance"
    }, {
      "id" : 10769,
      "name" : "Foreign"
    } ]
  }, {
    "id" : 86416,
    "title" : "The Chance of a Lifetime",
    "overview" : "An ex-con helps some fellow ex-cons adjust to life as defense workers, only to become involved with a robbery investigation.",
    "genres" : [ {
      "id" : 80,
      "name" : "Crime"
    }, {
      "id" : 18,
      "name" : "Drama"
    }, {
      "id" : 9648,
      "name" : "Mystery"
    } ]
  }, {
    "id" : 86421,
    "title" : "Sugar Ray Leonard vs Thomas Hearns",
    "overview" : "Promoted as \"The Showdown,\" Leonard (30-1 with 21 KO) fought Hearns (32-0 with 30 KO) on September 16, 1981 at Caesars Palace in Las Vegas, Nevada to unify the World Welterweight Championship in a scheduled fifteen-rounder. They fought before a live crowd of 23,618 and a worldwide TV audience of some 300 million.",
    "genres" : [ ]
  }, {
    "id" : 86426,
    "title" : "Mark Knopfler: Prince's Trust",
    "overview" : "Mark Knopfler Prince Trust 2009 The Hurlingham Club  London  2009-09-09  Setlist: 01. Sailing To Philadelphia  02. Sultans of Swing  excerpt  03. Romeo  Juliet  excerpt  04. Get Lucky  05. Why Worry  06. Money For Nothing  excerpt  07. Monteleone  08. If This Is Goodbye  09. Brothers In Arms",
    "genres" : [ ]
  }, {
    "id" : 86431,
    "title" : "Sinbad",
    "overview" : "Based on the stories of Hungarian writer Gyula Krúdy, this iconic film is a lush and sensuous depiction of the life, loves and memories of serial seducer Szindbád.",
    "genres" : [ {
      "id" : 18,
      "name" : "Drama"
    } ]
  }, {
    "id" : 86441,
    "title" : "Running Out of Luck",
    "overview" : "A rock singer goes to Brazil to shoot a video, but winds up getting kidnapped and enduring a number of seemingly bizarre and hilarious events.",
    "genres" : [ {
      "id" : 10402,
      "name" : "Music"
    }, {
      "id" : 18,
      "name" : "Drama"
    }, {
      "id" : 12,
      "name" : "Adventure"
    }, {
      "id" : 35,
      "name" : "Comedy"
    }, {
      "id" : 14,
      "name" : "Fantasy"
    } ]
  }, {
    "id" : 86446,
    "title" : "Mission Mars",
    "overview" : "Three American astronauts who land on Mars discover the body of a frozen Russian cosmonaut and a mysterious talking orb.",
    "genres" : [ {
      "id" : 878,
      "name" : "Science Fiction"
    } ]
  }, {
    "id" : 86451,
    "title" : "The End of August at the Hotel Ozone",
    "overview" : "A troupe of young women on post-apocalyptic earth are lead around by a mistress born before the war, eventually stumbling into the company of a lonely old man.",
    "genres" : [ {
      "id" : 878,
      "name" : "Science Fiction"
    }, {
      "id" : 10769,
      "name" : "Foreign"
    } ]
  }, {
    "id" : 86461,
    "title" : "Hanna D: The Girl from Vondel Park",
    "overview" : "Hanna is a girl completely abandoned to herself, is not at all inhibited sexually, and is attracted to the attention of unscrupulous people like Miguel, who takes advantage of Hanna, turning her to prostitution to obtain her drug fix. Until she meets Alex, a young man with a sincere affection for Hanna.",
    "genres" : [ {
      "id" : 18,
      "name" : "Drama"
    } ]
  }, {
    "id" : 86466,
    "title" : "Stuck on You!",
    "overview" : "A couple with marriage problems goes to Family Court, where a judge takes them back in time to view lovers through the ages.",
    "genres" : [ {
      "id" : 10749,
      "name" : "Romance"
    }, {
      "id" : 35,
      "name" : "Comedy"
    } ]
  }, {
    "id" : 86476,
    "title" : "Paula-Paula",
    "overview" : "An audio/visual experience from Jess Franco about a murdered woman named Paula, and the main suspect/culprit, her friend - also named Paula.",
    "genres" : [ {
      "id" : 18,
      "name" : "Drama"
    } ]
  }, {
    "id" : 86481,
    "title" : "Blossoms of Fire",
    "overview" : "Blossoms of Fire is a dazzling, whirling dance of a film that celebrates the extraordinary lives of the Isthmus Zapotecs of southern Oaxaca, Mexico, whose strong work ethic and fierce independent streak rooted in their culture, have resulted not only in powerful women but also in the region's progressive politics and their unusual tolerance of alternative gender roles.  Written by Maureen Gosling",
    "genres" : [ {
      "id" : 99,
      "name" : "Documentary"
    } ]
  }, {
    "id" : 86496,
    "title" : "Violence and Flesh",
    "overview" : "Three criminals escape from prison and break in a seaside house to wait for the getaway boat. They subdue four aspirant actresses and three men and rape and torture them. One of the escapees is an idealistic political prisoner that falls in love with Letícia. When the violent Jorge kills a woman camped on the beach, the police investigate the area.",
    "genres" : [ ]
  }, {
    "id" : 86501,
    "title" : "Superchick",
    "overview" : "Tara B. True is a flight attendant who makes a weekly swing through New York, Miami, and Los Angeles. In each city, she has a man: Edward, older and wealthy; Johnny, a beach bum with gambling debts; and, Davey, a rock musician on the cusp of success. Tara is a free spirit, faithful to each man in her own way, and so stunning that she dresses in a wig and ill-fitting uniform while she's working so men won't harass her constantly. The low-life whom Johnny is in debt to figures out a way to use Tara to help him execute a daring in-flight robbery. But will Tara stand by helplessly, or is superchick ready for action?",
    "genres" : [ {
      "id" : 28,
      "name" : "Action"
    }, {
      "id" : 53,
      "name" : "Thriller"
    } ]
  }, {
    "id" : 86506,
    "title" : "Rolls-Royce Baby",
    "overview" : "A woman gets her chauffeur to driver her around in her Rolls-Royce where she picks up hitchhikers and seduces them in the backseat.",
    "genres" : [ {
      "id" : 35,
      "name" : "Comedy"
    } ]
  }, {
    "id" : 86516,
    "title" : "Lust",
    "overview" : "A sexually adventurous couple finds their sordid affairs may ultimately be their undoing in director Jones Brown’s lurid thriller. Emotionally starved and desperate to experience new thrills, a bored housewife gets what she asked for when her bored husband begins pimping her out to the wealthy and powerful. But when the seeds of deceit are planted, paranoia takes hold and plunges their fantasy world of pleasure into a bottomless pit of darkness.",
    "genres" : [ {
      "id" : 53,
      "name" : "Thriller"
    }, {
      "id" : 80,
      "name" : "Crime"
    } ]
  }, {
    "id" : 86521,
    "title" : "Louis Theroux: Miami Megajail",
    "overview" : "Louis spends time in one of Miami County Jail's most notorious sections, where many of the most volatile inmates are incarcerated.",
    "genres" : [ {
      "id" : 99,
      "name" : "Documentary"
    } ]
  }, {
    "id" : 86526,
    "title" : "Etsivä Närhi",
    "overview" : "The career of an incompetent detective takes an unexpected surge when a murder shakes the foundations of a small Finnish town.",
    "genres" : [ {
      "id" : 35,
      "name" : "Comedy"
    }, {
      "id" : 80,
      "name" : "Crime"
    } ]
  }, {
    "id" : 86531,
    "title" : "You, Me and Him",
    "overview" : "When the plans for the future change, new bonds are created between Danilo, Lucas and Marcos. in between video-games and milk cups, pain and disappointment, they need to learn how to live together.",
    "genres" : [ {
      "id" : 18,
      "name" : "Drama"
    } ]
  }, {
    "id" : 86541,
    "title" : "Ghost Graduation",
    "overview" : "A teacher with paranormal abilities helps a group of ghosts graduate high school.",
    "genres" : [ {
      "id" : 35,
      "name" : "Comedy"
    } ]
  }, {
    "id" : 86556,
    "title" : "11 Minutes Ago",
    "overview" : "Traveling in 11-minute increments, a time-tumbler from 48-years in the future spends two years of his life weaving through a two-hour wedding reception.",
    "genres" : [ {
      "id" : 18,
      "name" : "Drama"
    }, {
      "id" : 878,
      "name" : "Science Fiction"
    }, {
      "id" : 10749,
      "name" : "Romance"
    } ]
  }, {
    "id" : 86566,
    "title" : "By Day and by Night",
    "overview" : "A Mexican science fiction film where the over-population problem has been solved by programming people to operate in either day or night, and not both.",
    "genres" : [ {
      "id" : 878,
      "name" : "Science Fiction"
    } ]
  }, {
    "id" : 86571,
    "title" : "Curse of Bigfoot",
    "overview" : "A group of high school students on an archaeological dig discover a centuries old mummified body in a sealed cave. Removing the mummy, it soon comes back to life, revealing itself to be an inhuman beast that terrorizes a small California town.",
    "genres" : [ {
      "id" : 10770,
      "name" : "TV Movie"
    }, {
      "id" : 27,
      "name" : "Horror"
    } ]
  }, {
    "id" : 86576,
    "title" : "Paap",
    "overview" : "The story is about a young girl, Kaya (Udita Goswami) , living in the beautifully serene valley of Spiti, waiting to join a Buddhist monastery, an idea which has been fed to her all her life by her father (Mohan Agashe) and one which she has never questioned. When Lama Norbu, a senior lama from the monastery has a dream that the Buddhist teacher, the Rinpoche has been reborn as a young child, he sends Kaya to Delhi on a mission to bring him back to the monastery.",
    "genres" : [ {
      "id" : 53,
      "name" : "Thriller"
    }, {
      "id" : 28,
      "name" : "Action"
    }, {
      "id" : 10749,
      "name" : "Romance"
    } ]
  }, {
    "id" : 86581,
    "title" : "Stags",
    "overview" : "Jack and his pals are NYC bachelors in their super-late 30’s who have spent two decades chasing women and fleeing commitment. When a childhood friend’s sudden tragic marriage shakes up their world of sex and booze, Jack realizes he just may be ready to commit to the one woman hopelessly out of reach.",
    "genres" : [ {
      "id" : 35,
      "name" : "Comedy"
    }, {
      "id" : 10749,
      "name" : "Romance"
    } ]
  }, {
    "id" : 86586,
    "title" : "المتسول",
    "overview" : "",
    "genres" : [ ]
  }, {
    "id" : 86591,
    "title" : "Mysteries From Beyond Earth",
    "overview" : "Documentary about UFOs and related phenomena.",
    "genres" : [ {
      "id" : 9648,
      "name" : "Mystery"
    }, {
      "id" : 99,
      "name" : "Documentary"
    } ]
  }, {
    "id" : 86596,
    "title" : "Stompin'",
    "overview" : "The coming of age story about two brothers who struggle to mend their estranged relationship as their college campus gears up for a major Stepshow competition.",
    "genres" : [ {
      "id" : 18,
      "name" : "Drama"
    } ]
  }, {
    "id" : 86601,
    "title" : "We Are the Bus People",
    "overview" : "Directed by Hussein Kamal.",
    "genres" : [ ]
  }, {
    "id" : 86611,
    "title" : "The Money",
    "overview" : "The Money is about a poor farmer whose bid for a better life ends up bringing calamity to his family. At the urging of loan shark Eok Jo (Choi Nam Hyun), Bong Su (Kim Seung Ho) sells his cows to start a business but he loses everything to a conman (No Kyung Hee). Bong Su accidentally kills Eok Jo in a fight and takes his money, and the police trace the crime back to Bong Su's son.",
    "genres" : [ {
      "id" : 53,
      "name" : "Thriller"
    }, {
      "id" : 10769,
      "name" : "Foreign"
    } ]
  }, {
    "id" : 86616,
    "title" : "The Young Savages",
    "overview" : "A district attorney investigates the racially charged case of three teenagers accused of the murder of a blind Puerto Rican boy.",
    "genres" : [ {
      "id" : 80,
      "name" : "Crime"
    }, {
      "id" : 18,
      "name" : "Drama"
    } ]
  }, {
    "id" : 86621,
    "title" : "Black Angels",
    "overview" : "When an African-American biker gang is tricked into believing that a white biker gang is planning a war...",
    "genres" : [ {
      "id" : 18,
      "name" : "Drama"
    }, {
      "id" : 28,
      "name" : "Action"
    } ]
  }, {
    "id" : 86626,
    "title" : "Out of Season",
    "overview" : "Love comes when you least expect it.",
    "genres" : [ {
      "id" : 18,
      "name" : "Drama"
    }, {
      "id" : 53,
      "name" : "Thriller"
    } ]
  }, {
    "id" : 86631,
    "title" : "Grindhouse Universe",
    "overview" : "Ban 1 Productions is back with another trailer compilation, this time chock full of the craziest grindhouse trailers to ever grace 42nd Street!",
    "genres" : [ ]
  }, {
    "id" : 86636,
    "title" : "Splatter: Architects of Fear",
    "overview" : "Thrill to the action from a battle to the death between beautiful amazons, twisted mutants and sickening, deadly zombies sometime after WWIII as you also watch from behind the scenes as brilliant special effects are constructed by demented master craftsmen, some of whom seem to be losing their grip on reality! Which side of the camera are we really on? How far will these gut-wrenching effects go? The answer is further than ever before - more graphic scenes of violence, perversion, mutilation and slaught per minute than any horror feature ever made!",
    "genres" : [ {
      "id" : 99,
      "name" : "Documentary"
    } ]
  }, {
    "id" : 86641,
    "title" : "Thumbelina - A Magical Story",
    "overview" : "No overview found.",
    "genres" : [ {
      "id" : 16,
      "name" : "Animation"
    } ]
  }, {
    "id" : 86646,
    "title" : "Thumbelina",
    "overview" : "A tiny girl, only as long as a man's thumb, is born to a childless woman, abducted by frogs who want her to marry their son, but escaping instead (with the help of a bumblebee) to find a real prince without having to kiss the frog first.  Source AniDB.net",
    "genres" : [ {
      "id" : 10751,
      "name" : "Family"
    }, {
      "id" : 16,
      "name" : "Animation"
    } ]
  }, {
    "id" : 86651,
    "title" : "Final Chapter: Walking Tall",
    "overview" : "This is the story of Buford Pusser's final days; not only of his life, but also as Sheriff. It seems that times are changing, and the once adoring people of Pusser's town now fear him and feel like it's time to make a change. There are also some officials who feel the same way and are using every means to get rid of Pusser.",
    "genres" : [ {
      "id" : 28,
      "name" : "Action"
    }, {
      "id" : 80,
      "name" : "Crime"
    }, {
      "id" : 18,
      "name" : "Drama"
    }, {
      "id" : 53,
      "name" : "Thriller"
    } ]
  } ]
}