{
  "movies" : [ {
    "id" : 492536,
    "title" : "The Frozen Inferno",
    "overview" : "A small band of survivors unwillingly add a new member to their quickly dwindling population, with disastrous results.",
    "genres" : [ {
      "id" : 28,
      "name" : "Action"
    }, {
      "id" : 878,
      "name" : "Science Fiction"
    } ]
  }, {
    "id" : 492541,
    "title" : "Legally Blonde",
    "overview" : "Elle Woods, A Barbie Doll reaches out for her dreams of becoming a Lawyer.\r An unsold television pilot created by the same people who made the movie with the same title. This was made for ABC.",
    "genres" : [ ]
  }, {
    "id" : 492546,
    "title" : "Amor Pastuzo",
    "overview" : "Two old high school classmates start a relationship after some personal trouble while attending a high school reunion. They seem like a perfect fit at first, and when you start learning about their past, their unusual relationship will come up to another level.",
    "genres" : [ {
      "id" : 10749,
      "name" : "Romance"
    }, {
      "id" : 18,
      "name" : "Drama"
    }, {
      "id" : 35,
      "name" : "Comedy"
    } ]
  }, {
    "id" : 492556,
    "title" : "Caught in the Act",
    "overview" : "A lost Film, Mary pickford Screenwriter.",
    "genres" : [ ]
  }, {
    "id" : 492561,
    "title" : "Everything is Terrible! presents: The Great Satan",
    "overview" : "The found footage collective, Everything is Terrible! Has taken over 2,000 forgotten VHS tapes and re-contextualized them in order to tell the tale of The Dark Lord himself, Lucifer.",
    "genres" : [ {
      "id" : 27,
      "name" : "Horror"
    }, {
      "id" : 35,
      "name" : "Comedy"
    }, {
      "id" : 14,
      "name" : "Fantasy"
    } ]
  }, {
    "id" : 492566,
    "title" : "Onsdagsväninnan",
    "overview" : "Karin Larsson and Douglas Hallencreutz has a somewhat peculiar relationship. They meet every Wednesday at Douglas. Karin is Douglas \"Wednesday's friend.\" Otherwise, they live completely separate lives. This Wednesday they wake up together. Karin showers and leave Douglas fancy apartment at Strandvägen, Stockholm. She lives with her father, former captain Larsson. When Karin come home, Baltzar is at the door. Baltzar is a typical \"guy\" full of ideas, not always successful. It also turns out that Baltzar had a relationship with one of Karin's sisters.",
    "genres" : [ {
      "id" : 18,
      "name" : "Drama"
    } ]
  }, {
    "id" : 492571,
    "title" : "Pigalle-Saint-Germain-des-Prés",
    "overview" : "\"Le Tambourin\", a Montmartre nightclub, is on its way down. Although it can boast great performances by the alluring Les Bluebell Girls and by Jacques Hélian's lively Big Band the venue does not attract people anymore. Nightclub patrons now prefer the jazz cellars of Saint-Germain-des-Prés. Taking this new taste into account, the staff of the \"Tambourin\" and Jacques Hélian decide to set up their own club, \"La Pivoine Ecarlate\". They are joined by Pâquerette, a flower vendor and amateur singer, and by Jean-Pierre Francis, an existentialist poet...",
    "genres" : [ ]
  }, {
    "id" : 492576,
    "title" : "Young Girl Seductions 10",
    "overview" : "These cuties just can't wait to make your ultimate young girl fantasies come true! Let Madison Hart, Jade Amber, Sierra Nicole, Sydney Cole and Zoe Clark tease and please you with their ripe young bodies in 5 memorable sexual encounters. Young Girl Seductions have never been this sweet!",
    "genres" : [ ]
  }, {
    "id" : 492581,
    "title" : "Buruk Acı",
    "overview" : "",
    "genres" : [ ]
  }, {
    "id" : 492586,
    "title" : "Don't Doubt The Double 19",
    "overview" : "A heart broken teen boy finds himself roped into his best friends fake ID scheme.",
    "genres" : [ {
      "id" : 35,
      "name" : "Comedy"
    }, {
      "id" : 10749,
      "name" : "Romance"
    } ]
  }, {
    "id" : 492591,
    "title" : "Steputat & Co.",
    "overview" : "",
    "genres" : [ {
      "id" : 35,
      "name" : "Comedy"
    } ]
  }, {
    "id" : 492596,
    "title" : "Dheera",
    "overview" : "When Harsha, a bike stunter from Vishakapatnam, accidentally meets Indu, he discovers his warrior life Kala Bhairava in his last birth, the remaining story portrays how Indu and Kala Bhairava are connected.",
    "genres" : [ ]
  }, {
    "id" : 492601,
    "title" : "MILFshakes",
    "overview" : "Hot MILF lesbian action! Watch as these girls pleasure each other to no end. They certainly are wet and have enough cream for their coffee!",
    "genres" : [ ]
  }, {
    "id" : 492606,
    "title" : "Game of Thrones: Conquest & Rebellion",
    "overview" : "HBO's animated history of Westeros brings to life all the events that shaped the Seven Kingdoms in the thousands of years before Game of Thrones' story begins.",
    "genres" : [ {
      "id" : 16,
      "name" : "Animation"
    }, {
      "id" : 14,
      "name" : "Fantasy"
    } ]
  }, {
    "id" : 492611,
    "title" : "The Turning",
    "overview" : "Based on Henry James’s famous novella 'The Turn of the Screw' - the story revolves around a young woman (Davis) who becomes the nanny of two orphans who live in a haunted country mansion.",
    "genres" : [ {
      "id" : 27,
      "name" : "Horror"
    }, {
      "id" : 53,
      "name" : "Thriller"
    } ]
  }, {
    "id" : 492616,
    "title" : "Luce",
    "overview" : "A star athlete and top student, Luce’s idealized image is challenged by one of his teachers when his unsettling views on political violence come to light, putting a strain on family bonds while igniting intense debates on race and identity.",
    "genres" : [ ]
  }, {
    "id" : 492621,
    "title" : "The Midnight Man",
    "overview" : "A girl and her friends find a game in the attic that summons a creature known as The Midnight Man, who uses their worst fears against them.",
    "genres" : [ ]
  }, {
    "id" : 492626,
    "title" : "Reset",
    "overview" : "When your life doesn't go the way you planned, it might be time to consider a reset. Matt and Amy have the kids from hell, and perhaps it is time to start over! In this dark comedy, Matt has to convince his wife their life would be better without the kids, and they should consider selling them...",
    "genres" : [ ]
  }, {
    "id" : 492631,
    "title" : "The Manual",
    "overview" : "In a dystopian future, the last human is raised by a machine. He struggles with the loneliness of no human interaction and questions the teachings of a mysterious religious 'Manual' which the machine claims is holy.",
    "genres" : [ ]
  }, {
    "id" : 492636,
    "title" : "Noclip Documentaries: The Witcher",
    "overview" : "To celebrate the 10th Anniversary of the launch of the original game, we flew to Warsaw for 10 days to conduct over a dozen interviews with the people behind the design of The Witcher franchise.  In tackling a project of this size we decided to focus down on a number of stories. The first two videos chart the rise of CD Projekt from the ashes of Soviet Poland, and include nostalgic tales of the development of the first two games.  The next three videos in the series dive into what we felt were the most uniquely interesting parts of the game's development; it's world-building, the design of it's quests and the crazy length the team go to to localize the game for other markets. Finally, the fourth video in the series is a pick & mix of many other elements that were crucial to the game's success; music, combat design, cinematics, Gwent, and much more.",
    "genres" : [ {
      "id" : 99,
      "name" : "Documentary"
    } ]
  }, {
    "id" : 492641,
    "title" : "Een Zonde Waard",
    "overview" : "",
    "genres" : [ ]
  }, {
    "id" : 492646,
    "title" : "Seven Meditations on Political Sado-Masochism",
    "overview" : "A visceral examination of the social contract between the governed and the government, the play explores Leopold von Sacher-Masoch's Six Houses of Bondage: Love, Money, Property, State, War and Death, with a seventh meditation on Revolutionary Change.\r \"Seven Meditations...\" was created in 1973 by Julian Beck, Judith Malina & Friends.",
    "genres" : [ {
      "id" : 18,
      "name" : "Drama"
    }, {
      "id" : 36,
      "name" : "History"
    } ]
  }, {
    "id" : 492651,
    "title" : "Cum Filled Teens",
    "overview" : "Teens taking their first raw dicks! Some are virgins, some are not; but none of these twinks have ever felt the pleasure of skin on skin sex before – until now! Watch these young lads take a raw cum oozing cock for the first time and get filled to the brim with shot after shot of hot boy juice! Left sloppy and gagging for more, these hot cum sluts will never look back!",
    "genres" : [ ]
  }, {
    "id" : 492656,
    "title" : "Khoshksali va Doroogh",
    "overview" : "Omis along with his wife Alla and Arash brother at the party are at a party. Mitra, the ex-wife of Hope, calls her and says she needs hope. Hope with him and the next happen.",
    "genres" : [ {
      "id" : 18,
      "name" : "Drama"
    } ]
  }, {
    "id" : 492661,
    "title" : "Glück 1",
    "overview" : "",
    "genres" : [ {
      "id" : 18,
      "name" : "Drama"
    } ]
  }, {
    "id" : 492666,
    "title" : "Krawatten für Olympia",
    "overview" : "",
    "genres" : [ {
      "id" : 35,
      "name" : "Comedy"
    } ]
  }, {
    "id" : 492671,
    "title" : "Untitled Joe Oesterreich/Joe Cappelluti Fashion Film",
    "overview" : "Set in the glamour of 1950’s post-war London, renowned dressmaker Ryan Metalballs (Cappelluti) and his sister Cyril (Some Hooker off the street) are at the center of British fashion, dressing royalty, movie stars, heiresses, socialites, debutantes and dames with the distinct style of The House of Metalballs. Women come and go through Metalballs' life, providing the confirmed bachelor with inspiration and companionship, until he comes across a young, strong-willed woman, Alma (Some Hooker off the street's Hooker Friend), who soon becomes a fixture in his life as his muse and lover. Once controlled and planned, he finds his carefully tailored life disrupted by love. With his latest film, Joe Oesterreich paints an illuminating portrait both of an artist on a creative journey, and the women who keep his world running. This is Joe Oesterreich's third movie, and his second collaboration with Joe Cappelluti. Is said to be Joe Cappelluti's last role as he is retiring from acting.",
    "genres" : [ ]
  }, {
    "id" : 492676,
    "title" : "LaZercism",
    "overview" : "Ask your doctor if LaZercism is right for you.",
    "genres" : [ ]
  }, {
    "id" : 492681,
    "title" : "Verão-da-Lata na Era Paleozoica",
    "overview" : "",
    "genres" : [ {
      "id" : 99,
      "name" : "Documentary"
    } ]
  }, {
    "id" : 492686,
    "title" : "Insani2",
    "overview" : "Sow, believed to be dead, must escape Chris's house at all costs.",
    "genres" : [ {
      "id" : 18,
      "name" : "Drama"
    }, {
      "id" : 53,
      "name" : "Thriller"
    }, {
      "id" : 12,
      "name" : "Adventure"
    } ]
  }, {
    "id" : 492696,
    "title" : "Fatayat Haerat",
    "overview" : "Some university students change their views on sex after hearing a lecture on the blind Syrian philosopher Al-Maarri. He gets his way with one of them after sneaking what I imagine is rufees into one of their drinks which has disastrous consequences. After going to some wild bellydancing parties they are ensnared by a polyester-clad drug-dealer and womanizer/rapist. The victims' friends plan to avenge her with the help of the local police. Includes numerous musical numbers and belly dancing scenes.",
    "genres" : [ ]
  }, {
    "id" : 492701,
    "title" : "Am Stram Gram (théâtre)",
    "overview" : "",
    "genres" : [ {
      "id" : 35,
      "name" : "Comedy"
    } ]
  }, {
    "id" : 492706,
    "title" : "Ένα σκιουράκι στη σουίτα μου",
    "overview" : "When Rod Foster, an American diplomat, is coming to Athens for an international conference, a young Russian delegation resorts to his suite to hide and creates a series of comic strikes, with the danger of the conference hanging in the air.",
    "genres" : [ {
      "id" : 35,
      "name" : "Comedy"
    } ]
  }, {
    "id" : 492711,
    "title" : "Dahmer On Dahmer: A Serial Killer Speaks",
    "overview" : "Two-and-a-half decades ago, a man from Milwaukee named Jeffrey Dahmer was tried and convicted of 17 gruesome murders that occurred between 1978 and 1991. Dahmer was convicted of luring young men into his home, where he then drugged, sexually violated, killed and finally consumed them. Investigative journalist Nancy Glass secured exclusive access and the first televised interview with the famous serial killer. Dahmer on Dahmer: A Serial Killer Speaks' catapults viewers into Jeffrey Dahmer's psyche, providing a unique look at the life of a serial killer that shook the nation.",
    "genres" : [ {
      "id" : 80,
      "name" : "Crime"
    }, {
      "id" : 99,
      "name" : "Documentary"
    } ]
  }, {
    "id" : 492716,
    "title" : "Bittersweet Symphony",
    "overview" : "A musician who has just completed her first soundtrack to a Hollywood feature finds her personal life getting complicated.",
    "genres" : [ ]
  }, {
    "id" : 492721,
    "title" : "Gælden",
    "overview" : "",
    "genres" : [ {
      "id" : 28,
      "name" : "Action"
    }, {
      "id" : 18,
      "name" : "Drama"
    } ]
  }, {
    "id" : 492726,
    "title" : "I Want You",
    "overview" : "A boy meets girl love story. Nearly.",
    "genres" : [ {
      "id" : 35,
      "name" : "Comedy"
    }, {
      "id" : 18,
      "name" : "Drama"
    } ]
  }, {
    "id" : 492731,
    "title" : "Lesbian Seductions: Older/Younger 29",
    "overview" : "There's something to be said about older women seducing younger girls. The older women have natural, full bodies and confidence that only comes with experience. The younger girls are perky and cute and oh-so-willing to be seduced into trying new things.",
    "genres" : [ {
      "id" : 10749,
      "name" : "Romance"
    } ]
  }, {
    "id" : 492741,
    "title" : "Das System Fabrizzi",
    "overview" : "",
    "genres" : [ {
      "id" : 35,
      "name" : "Comedy"
    } ]
  }, {
    "id" : 492746,
    "title" : "The Performance",
    "overview" : "An actor returns to give a one-man show at the location of his inaugural performance.",
    "genres" : [ ]
  }, {
    "id" : 492751,
    "title" : "The Scientific Study of Alien Implants - Part 2",
    "overview" : "This program follows UFO specialist Dr. Roger Leir as he uses the latest scientific and medical techniques to study alien implants inserted into human abductees, breaking the conspiracy of silence surrounding extraterrestrial activity on Earth. Leir documents the surgical removal of an alien implant from a human victim and also investigates a strange alien artifact found at a UFO hotspot that left conventional scientists baffled.",
    "genres" : [ ]
  }, {
    "id" : 492756,
    "title" : "Yalan",
    "overview" : "Brutal Turkish cop film.",
    "genres" : [ ]
  }, {
    "id" : 492761,
    "title" : "My Broken Horse Christmas",
    "overview" : "Each year, John anticipates the day he will accompany his father on the search for the perfect draft horse to bring home to their farm. When this year's frosty morning finally arrives, the pair eagerly sets out to find what is sure to be a wonderful addition to their stable. But when his father picks the meanest, wildest mare John has ever seen, the boy is baffled. Of all the horses his father could have selected, why choose such an imperfect one? As Christmas approaches, John learns lessons of faith, redemption, and the very real power of love as reflected by the Master of the season.",
    "genres" : [ ]
  }, {
    "id" : 492766,
    "title" : "Silent Mouse",
    "overview" : "On Christmas Eve, 1818, in Austria the Oberndorf organ broke down. The assistant priest writes a carol to be accompanied by guitar. The carol was \"Silent Night\". (Taken from the IMDB page)",
    "genres" : [ ]
  }, {
    "id" : 492771,
    "title" : "American Jedi",
    "overview" : "AMERICAN JEDI is a documentary film about three candidates for knighthood who must face a reckoning with the darkest issues from their past in order to be accepted into a real-life Jedi community.\r More than fandom, more than religion; for each Jedi initiate, it’s a personal crusade for the betterment of their world.",
    "genres" : [ ]
  }, {
    "id" : 492776,
    "title" : "Science Breakthroughs: Homo Naledi",
    "overview" : "Science Breakthroughs: Homo Naledi Discovered in 2013, new and puzzling finding of small-skulled fossils of Homo Naledi has scientists trying to understand whether Homo Sapiens lived at the same time as Homo Naledi, and how Homo Naledi communities may have lived.",
    "genres" : [ ]
  }, {
    "id" : 492781,
    "title" : "Järnbörd",
    "overview" : "Eight people in a room with one door. It is the hall of a clinical hell. Seven of them are pressured to describe their horrible and ugly acts. But what do they actually say? What is missing? The writer refers to a medieval goddess; The accused would prove his innocense by stepping on glowing iron.\r Recording of the stage version.",
    "genres" : [ {
      "id" : 18,
      "name" : "Drama"
    } ]
  }, {
    "id" : 492786,
    "title" : "#Speedball",
    "overview" : "#SPEEDBALL is a fast paced, action packed sports drama. Think \"Fast and Furious\" meets the competitive sport of PAINTBALL.",
    "genres" : [ {
      "id" : 28,
      "name" : "Action"
    }, {
      "id" : 18,
      "name" : "Drama"
    } ]
  }, {
    "id" : 492791,
    "title" : "Party-zan фильм",
    "overview" : "",
    "genres" : [ ]
  }, {
    "id" : 492796,
    "title" : "One More Brother",
    "overview" : "From 1957 to 1961 170.000 Algerians flee to Tunisia because of the war. Most of them walk by feet across the mountains and the desert, carrying only a few of their belongings in their hands or on donkeys. As there is no clay in the desert they cannot build ordinary houses. They have to live in pits in the ground, covered with canvas, but some are offered to stay in American army tents.",
    "genres" : [ {
      "id" : 18,
      "name" : "Drama"
    }, {
      "id" : 99,
      "name" : "Documentary"
    } ]
  }, {
    "id" : 492801,
    "title" : "Big Cinema",
    "overview" : "Related films it will show",
    "genres" : [ ]
  }, {
    "id" : 492806,
    "title" : "Queen Bee Empire",
    "overview" : "This raunchy and campy DIY film is about the sexcapades of friends Tracey, Stacey, Lacey, Kacey and Macey over 24 hours during a hot and sweaty summer. Nothing is kept secret, from pool parties, new crushes, solo j.o’s, to sexual fantasies and diary entries.",
    "genres" : [ {
      "id" : 10749,
      "name" : "Romance"
    } ]
  }, {
    "id" : 492811,
    "title" : "Encantados",
    "overview" : "",
    "genres" : [ ]
  }, {
    "id" : 492816,
    "title" : "Hello! Hello! This Is Juju",
    "overview" : "Khanom Bozorg wants to give her necklace to her grand daughter Reihan but her son and her expelled daughter Nimtaj are after it. They send two thieves to steal it from Reihan. The thieves ...",
    "genres" : [ ]
  }, {
    "id" : 492821,
    "title" : "Pag-ibig ko sa iyo'y totoo",
    "overview" : "Task Force Sea Lion's seasoned crime fighter Lt. Mario Romero (Ramon \"Bong\" Revilla, Jr.) still grieves for the untimely demise of his fiancée Beth (Nanette Medved) when he is compelled to undertake the task of ensuring the safety of Dulce Lopez (Donna Cruz), a businessman's daughter whose life is imperiled by a business rival's avenging son Manny Diaz (Tirso Cruz III). While the asperity Mario and Dulce feel for each other makes the assignment doubly difficult for Mario, their being always in constant company teaches the two to accept and even appreciate one another. But just when their growing fondness begins to suggest the possibility of lifetime happiness, Manny and his team of miscreants barge in and threaten its fulfillment. Will Mario and Dulce live to say I do?",
    "genres" : [ {
      "id" : 10749,
      "name" : "Romance"
    }, {
      "id" : 28,
      "name" : "Action"
    }, {
      "id" : 35,
      "name" : "Comedy"
    } ]
  }, {
    "id" : 492826,
    "title" : "Talvez uma História de Amor",
    "overview" : "",
    "genres" : [ ]
  }, {
    "id" : 492831,
    "title" : "SUPER IKIMONO FESTIVAL 2016 JIMOTO DE SHOW!!",
    "overview" : "Features Ikimonogakari's concert held at Ebina Undo Koen in Kanagawa on August 28, 2016. Includes three live tracks from the concert held on August 27.",
    "genres" : [ ]
  }, {
    "id" : 492836,
    "title" : "JESUS, A ESPERANÇA",
    "overview" : "",
    "genres" : [ ]
  }, {
    "id" : 492841,
    "title" : "Seoul 1988: Games of the XXIV Olympiad",
    "overview" : "An international multi-sport event celebrated from 17 September to 2 October 1988 in Seoul, South Korea.",
    "genres" : [ {
      "id" : 99,
      "name" : "Documentary"
    } ]
  }, {
    "id" : 492846,
    "title" : "I Know Jake Gyllenhaal Is Going to Fuck My Girlfriend",
    "overview" : "After Sean and his girlfriend watch a Jake Gyllenhaal movie, Sean suspects his girlfriend has a crush on the movie star; but as Sean's suspicions grow, his fear seems to manifest their fateful encounter.",
    "genres" : [ {
      "id" : 35,
      "name" : "Comedy"
    } ]
  }, {
    "id" : 492851,
    "title" : "Eternal Wave",
    "overview" : "Eternal Wave 密战 is a Chinese film set during the anti-Japanese occupation era starring Aaron Kwok, Zhao Li Ying and Zhang Han. It follows the main protagonist Lin Xiang who is a spy working underground to reestablish what was destroyed ruing the Battle of Shanghai. He meets a simple yet patriotic young lady who becomes his partner as they infiltrate the enemy as a couple. Apart from that, they cross paths with Liang Dong, a man whose motives are unclear.",
    "genres" : [ {
      "id" : 53,
      "name" : "Thriller"
    } ]
  }, {
    "id" : 492856,
    "title" : "Should a Woman Tell?",
    "overview" : "A village girl, on a visit to the city of Boston, is taken advantage of by a man there, and returns to her home feeling sullied and ashamed. A young man who had once sought her hand returns from years away in Europe and reiterates his suit.",
    "genres" : [ {
      "id" : 18,
      "name" : "Drama"
    } ]
  }, {
    "id" : 492861,
    "title" : "The Akron Holy War",
    "overview" : "The storied high school football rivalry between two Akron, Ohio parochial powerhouses and the city that embraces them.",
    "genres" : [ ]
  }, {
    "id" : 492866,
    "title" : "Al filo de los machetes",
    "overview" : "After being released from prison, our boy just wants to go home, run his farm and live peacefully... but the local agro-robberbaron won't let him be. Remake of Pueblerina (1949).",
    "genres" : [ ]
  }, {
    "id" : 492871,
    "title" : "Buenas, y con... movidas",
    "overview" : "Sex-worker tries to pose as a society matron long enough to receive a visit from her daughter, the daughter's fiancé and his family.",
    "genres" : [ ]
  }, {
    "id" : 492876,
    "title" : "Kopfgeld",
    "overview" : "",
    "genres" : [ {
      "id" : 18,
      "name" : "Drama"
    } ]
  }, {
    "id" : 492881,
    "title" : "Colombe",
    "overview" : "",
    "genres" : [ {
      "id" : 35,
      "name" : "Comedy"
    } ]
  }, {
    "id" : 492886,
    "title" : "Elutuba",
    "overview" : "Surreal film about a little girl and her family who lives in a room.",
    "genres" : [ ]
  }, {
    "id" : 492891,
    "title" : "Chennai2Singapore",
    "overview" : "An aspiring filmmaker, who is also down on luck, goes to Singapore to meet a producer, but what follows is misadventure after misadventure, with a dash of romance thrown in.",
    "genres" : [ {
      "id" : 18,
      "name" : "Drama"
    }, {
      "id" : 35,
      "name" : "Comedy"
    }, {
      "id" : 10749,
      "name" : "Romance"
    } ]
  }, {
    "id" : 492901,
    "title" : "Sound of the Sun",
    "overview" : "A wave of hidden insanity and mysterious murders started to surge as a group of scientists has discovered that light is a kind of sound and decided to broadcast a sound of the Sun via towers around the world.",
    "genres" : [ ]
  }, {
    "id" : 492906,
    "title" : "One More River: The Deal That Split the Cree",
    "overview" : "One More River is a documentary about the decision-making process of Quebec Crees to allow another large hydro project to be built on their land.",
    "genres" : [ {
      "id" : 99,
      "name" : "Documentary"
    } ]
  }, {
    "id" : 492911,
    "title" : "The Malay Regiment",
    "overview" : "Based on the real-life events of Ops Kota Gubir I and II, where security teams from the 17 RAMD unit have ambushed several communist camps at the border of Thai-Malaysia, near Gubir, Kedah.",
    "genres" : [ {
      "id" : 28,
      "name" : "Action"
    }, {
      "id" : 36,
      "name" : "History"
    } ]
  }, {
    "id" : 492916,
    "title" : "Asada Mao: Smile Forever",
    "overview" : "Features uncut version of figure skating performances by Mao Asada, which are selected by herself.  Special Feature / Bonus Track: 10 performances at All Japan Medalist On Ice.",
    "genres" : [ {
      "id" : 99,
      "name" : "Documentary"
    } ]
  }, {
    "id" : 492921,
    "title" : "The King's War",
    "overview" : "Few know what happened, in fact, on August 23, 1944, and who were the main actors of change. Words like \"coup\", \"war\" and \"communists\" are used often in the same sentence, without knowing anything about the courage that a king nor 23 had when it was across Hitler's plan.",
    "genres" : [ {
      "id" : 99,
      "name" : "Documentary"
    } ]
  }, {
    "id" : 492926,
    "title" : "009: The Reopening",
    "overview" : "A short 3D CGI anime of Cyborg 009 directed by Mamoru Oshii.",
    "genres" : [ {
      "id" : 28,
      "name" : "Action"
    }, {
      "id" : 16,
      "name" : "Animation"
    }, {
      "id" : 878,
      "name" : "Science Fiction"
    } ]
  }, {
    "id" : 492931,
    "title" : "Le Avventure ErotiX di Cappuccetto Rosso",
    "overview" : "",
    "genres" : [ {
      "id" : 35,
      "name" : "Comedy"
    }, {
      "id" : 12,
      "name" : "Adventure"
    } ]
  }, {
    "id" : 492936,
    "title" : "Eddy Mitchell - Big Band",
    "overview" : "",
    "genres" : [ ]
  }, {
    "id" : 492941,
    "title" : "Greetings from Aleppo",
    "overview" : "Syrian photographer Issa Touma regularly travels from Europe to his city of birth, Aleppo. He visits family, friends and students who still live there, primarily viewing it as his task to record the art of survival during one of the biggest human dramas of our time.",
    "genres" : [ ]
  }, {
    "id" : 492946,
    "title" : "Return to Cuba",
    "overview" : "After 18 years living in Italy, the Cuban Barbara Ramos returns to live in her homeland. In the town of Santa Clara, she discovers through the projects of family and friends what has changed in Cuba but also what has not and will likely never change. Shot over a period of three years - the time it took Barbara to build her dream house - RETURN TO CUBA chronicles her life in the wake of Raul Castro's liberal reforms and reconciliation with the United States of America. A light-hearted yet energetic movie positively demonstrating that finding happiness is possible in today's Cuba!",
    "genres" : [ {
      "id" : 99,
      "name" : "Documentary"
    } ]
  }, {
    "id" : 492951,
    "title" : "300 Ton Trailer",
    "overview" : "A short documentary about a trailer weighing over 300 tons that carries material for the construction of a dam toward Tokyo.",
    "genres" : [ {
      "id" : 99,
      "name" : "Documentary"
    } ]
  }, {
    "id" : 492956,
    "title" : "The Trip",
    "overview" : "Antonio decides to break free of his mundane existence and rents a silver convertible to take his wife on a dream vacation. Everything seems perfect. Except he doesn't know the way.",
    "genres" : [ ]
  }, {
    "id" : 492966,
    "title" : "Gandarrappido!: The Revenger Squad",
    "overview" : "Gandarrapiddo: The Revenger Squad is the story of Gandarra (Vice Ganda), Rapiddo (Daniel Padilla), and Kweenie (Pia Wurtzbach), who are all trying to attain and protect what is most precious to them. Family is the only thing that binds them, but as they stick to their separate missions, dark secrets arise and threaten to destroy everything they hold dear. Can they set aside their differences to find the only great power that will make them \"super\"?",
    "genres" : [ {
      "id" : 35,
      "name" : "Comedy"
    } ]
  }, {
    "id" : 492971,
    "title" : "Popski's Early Life",
    "overview" : "Pip, a dog, and Squeak, a penguin, are the parents of Wilfred, a rabbit.",
    "genres" : [ {
      "id" : 10751,
      "name" : "Family"
    }, {
      "id" : 16,
      "name" : "Animation"
    } ]
  }, {
    "id" : 492976,
    "title" : "Carmen",
    "overview" : "A Colourtune by Anson Dyer",
    "genres" : [ {
      "id" : 10402,
      "name" : "Music"
    }, {
      "id" : 16,
      "name" : "Animation"
    } ]
  }, {
    "id" : 492981,
    "title" : "Le poids des mensonges",
    "overview" : "",
    "genres" : [ {
      "id" : 18,
      "name" : "Drama"
    }, {
      "id" : 80,
      "name" : "Crime"
    } ]
  }, {
    "id" : 492986,
    "title" : "Adventurer Kamikaze",
    "overview" : "An ex-Olympic athlete and a student commit cash robbery. Aki Hoshino, a pre-med student, becomes inspired to steal money the school collected as “special fees” from parents wanting to assure their offspring’s’ acceptance into the hallowed institution. He forms an unbeatable alliance with an ex-employee and crime bosses to retrieve the ill-gotten money from the “wrong” hands.",
    "genres" : [ {
      "id" : 28,
      "name" : "Action"
    } ]
  }, {
    "id" : 492991,
    "title" : "Boa's grandma",
    "overview" : "Boa's grandma came to visit her grandson.",
    "genres" : [ ]
  }, {
    "id" : 492996,
    "title" : "Where is the elephant going",
    "overview" : "Baby elephant goes somewhere. Everybody wants to know where he goes. It turned out, that he is just hanging around.",
    "genres" : [ ]
  }, {
    "id" : 493001,
    "title" : "King in the Wilderness",
    "overview" : "Dr. Martin Luther King Jr.’s leadership during the the bus boycotts, the sit-ins, and the historic Selma to Montgomery marches are now considered the stuff of legend. But left out of the history books are much of what happened afterward, during the last three years of his life. King in the Wilderness reveals a conflicted leader who, after the Voting Rights Act passed in 1965, faced an onslaught of criticism from both sides of the political spectrum; the Black Power movement saw his nonviolence as weakness, and President Lyndon B. Johnson saw his anti–Vietnam War speeches as irresponsible. King’s fervent belief in peaceful protest became a testing point for a nation on the brink of chaos.",
    "genres" : [ {
      "id" : 99,
      "name" : "Documentary"
    } ]
  }, {
    "id" : 493006,
    "title" : "Detective Conan: Zero’s Executioner",
    "overview" : "No overview found.",
    "genres" : [ ]
  }, {
    "id" : 493011,
    "title" : "Alas, Babylon",
    "overview" : "The Playhouse 90 teleplay of “Alas, Babylon” unflinchingly portrays the tragic aftermath of a major nuclear conflict with the U.S.S.R, including scenes featuring a child being rendered blind from a violent bomb flash and a character severely disfigured by radiation burns.  Narrated in flashback with solemn resignation by noir veteran Dana Andrews, who announces in the play’s first lines that he is already dead (à la Sunset Boulevard), the controversial drama was both lauded and criticized for its grim, daringly honest exploration of a scenario in which “92 percent of the world’s people were killed.”",
    "genres" : [ {
      "id" : 53,
      "name" : "Thriller"
    }, {
      "id" : 10770,
      "name" : "TV Movie"
    } ]
  }, {
    "id" : 493016,
    "title" : "Genesis 2.0",
    "overview" : "Two sets of sojourners passionately pursue the remains of the storied, long-extinct woolly mammoth: a small population of scavengers in the Siberian Islands who unearth mammoth tusks (prized in the Chinese art market) from the harsh landscape, and a loosely-knit international community of scientists who now seek to revive the mammoth through cutting-edge synthetic-biology technologies.",
    "genres" : [ {
      "id" : 99,
      "name" : "Documentary"
    } ]
  }, {
    "id" : 493021,
    "title" : "Tyketto - Live From Milan",
    "overview" : "Tyketto’s debut album, “Don’t Come Easy” is considered a landmark release amongst melodic hard rock albums of the late ‘80s/early ‘90s. While the band has continuously put out quality recordings over the years, fans and critics alike hold the debut album in especially high regard. So, it was with great pleasure that after releasing the band’s most recent studio album, “Reach”, Frontiers invited the band to play Frontiers Rock Festival IV in Milan, IT to not only play tracks from more recent releases, but to play “Don’t Come Easy” in its entirety to an adoring audience!  With a line-up comprised of founding members vocalist Danny Vaughn and drummer Michael Clayton Arbeeny along with guitar wizard Chris Green and TEN keyboardist Ged Rylands, TYKETTO co-headlined “Day 1” of FRF IV and blew the roof off with their performance of this classic album from back to front!",
    "genres" : [ {
      "id" : 10402,
      "name" : "Music"
    } ]
  }, {
    "id" : 493026,
    "title" : "Passengers: Aurora Cut",
    "overview" : "Passengers (2016) was criticized for being rather predictable. But what if there was one way to improve the final cut of the movie that would have made it infinitely more engaging?  Nerdwriter takes a close look at Passengers and imagines how the story would have played out in a much more interesting way if instead of following the movie from the perspective of Chris Pratt’s character Jim, we begin the movie from the viewpoint of Jennifer Lawrence’s character Aurora.  By following Aurora, there’s so much more mystery. Jim comes off as kind of creepy, and the audience wonders with Aurora whether or not he can be trusted. It makes the reveal of Jim’s decision to wake her up that much more surprising.The movie didn’t end up being cut this way when the trailers kept the fact that Jim woke up Aurora secret from the audience. But they didn’t keep it secret in the movie, thus removing any suspense or tension that might have made it seem more interesting.",
    "genres" : [ {
      "id" : 878,
      "name" : "Science Fiction"
    }, {
      "id" : 53,
      "name" : "Thriller"
    } ]
  }, {
    "id" : 493031,
    "title" : "So Long Suckers!",
    "overview" : "Short, Comedy 2003",
    "genres" : [ ]
  }, {
    "id" : 493036,
    "title" : "Blond bis aufs Blut",
    "overview" : "",
    "genres" : [ {
      "id" : 18,
      "name" : "Drama"
    } ]
  }, {
    "id" : 493041,
    "title" : "Der Parasit",
    "overview" : "",
    "genres" : [ {
      "id" : 35,
      "name" : "Comedy"
    } ]
  }, {
    "id" : 493046,
    "title" : "Skater Boy and Friendly Cop",
    "overview" : "An intimate bond grows between a young skater and a kindly cop.",
    "genres" : [ {
      "id" : 80,
      "name" : "Crime"
    }, {
      "id" : 35,
      "name" : "Comedy"
    }, {
      "id" : 10402,
      "name" : "Music"
    }, {
      "id" : 18,
      "name" : "Drama"
    }, {
      "id" : 27,
      "name" : "Horror"
    } ]
  }, {
    "id" : 493051,
    "title" : "Knocking the 'H' Out of Heinie",
    "overview" : "Based on the Happy Hooligan comic strips.",
    "genres" : [ {
      "id" : 16,
      "name" : "Animation"
    }, {
      "id" : 35,
      "name" : "Comedy"
    } ]
  }, {
    "id" : 493056,
    "title" : "Blockhaus USA",
    "overview" : "Jean-Luc and Catherine are chased by the police. They find refuge in a house in southern France. A parody of the French \"Nouvelle Vague\" and a tribute to Jean-Luc Godard's work.",
    "genres" : [ ]
  } ]
}