{
  "movies" : [ {
    "id" : 51536,
    "title" : "A Wink and a Smile",
    "overview" : "Ten ordinary women learn the art of the striptease when they dive into the glamorous world of burlesque in this musical documentary of diva proportions.",
    "genres" : [ ]
  }, {
    "id" : 51541,
    "title" : "Fist of the Vampire",
    "overview" : "1977. A family is murdered in cold blood. The case goes unsolved for decades and remains a mystery. Enter the present day, detective Lee Southward is sent on assignment to infiltrate an illegal underground fighting tournament and bring in the organizers. Lee battles his way to the top of the tournaments in attempts to get closer to the organizers. As Lee draws closer and begins to piece clues together he is brought back to the case closed decades ago. However there is a problem: The organizers are of the undead and crave human blood! Lee must fight his way through all the sex, drugs, and violence of the underground while trying to piece together evidence with the help of an undercover officer and find a way to stop the undead!",
    "genres" : [ {
      "id" : 28,
      "name" : "Action"
    }, {
      "id" : 27,
      "name" : "Horror"
    } ]
  }, {
    "id" : 51551,
    "title" : "Transatlantic: Whirld Tour 2010: Live from Shepherd’s Bush Empire, London",
    "overview" : "Whirld Tour 2010: Live in London is the third live album by the progressive rock supergroup Transatlantic. Released in 2010, it documents the May 21, 2010 show by the band at Shepherd's Bush Empire, London, England. The show was also filmed and released on a 2-DVD set with additional performances (including a cover of the Genesis song \"The Return of the Giant Hogweed\" with Steve Hackett) and documentary footage. This was the second-to-last show of the \"Whirld Tour\" (not counting their appearance at The High Voltage Festival) in support of the band's third studio album, The Whirlwind.",
    "genres" : [ {
      "id" : 10402,
      "name" : "Music"
    } ]
  }, {
    "id" : 51556,
    "title" : "Spin a Dark Web",
    "overview" : "A boxer is lured into a murder plot by a scheming woman.",
    "genres" : [ {
      "id" : 80,
      "name" : "Crime"
    }, {
      "id" : 18,
      "name" : "Drama"
    } ]
  }, {
    "id" : 51571,
    "title" : "Sister Kenny",
    "overview" : "True story of the Australian nurse who fought to gain acceptance for her polio-treatment methods.",
    "genres" : [ {
      "id" : 18,
      "name" : "Drama"
    } ]
  }, {
    "id" : 51576,
    "title" : "Darkside Blues",
    "overview" : "The Persona Century Corporation has purchased nearly every parcel of land on earth. Dissension is not tolerated within the corporation's borders and those who oppose Persona are dealt with swiftly. Of those few places not yet under Persona's control is the free town of Kabuki-cho, also known as \"The Dark Side of Tokyo\". Within the town, under the leadership of a woman named Mai, is a small resistance group called Messiah. Into this world steps a man who takes the sobriquet of Kabuki-cho: Darkside. Sealed up in another dimension eighteen years ago by Persona Century, Darkside now returns to aid Messiah using his unique mystic power of renewal.",
    "genres" : [ {
      "id" : 16,
      "name" : "Animation"
    }, {
      "id" : 27,
      "name" : "Horror"
    }, {
      "id" : 9648,
      "name" : "Mystery"
    }, {
      "id" : 878,
      "name" : "Science Fiction"
    } ]
  }, {
    "id" : 51581,
    "title" : "Sumo Do, Sumo Don't",
    "overview" : "A college senior, Shuhei, is blackmailed by a professor into joining the school's sumo team. He is aided by a group of misfits who must team together to defeat their rivals or face disgrace and the disbandment of the sumo club.",
    "genres" : [ {
      "id" : 35,
      "name" : "Comedy"
    } ]
  }, {
    "id" : 51586,
    "title" : "Shadowland",
    "overview" : "A taut reinvention of vampire lore, Shadowland opens in modern day North America, where construction workers uncover an old stone cross and what appears to be a wooden stake. They remove the stake from the ground, allowing Laura (Caitlin McIntosh), a slumbering vampire, to revive and rise from the earth. Beaten and weak, Laura is unable to speak, remember who she is, or even the fact that she is a vampire! As Laura attempts to make sense of the strange new world around her, she begins to remember not only an idyllic human life in 1897 but the handsome Lazarus (Carlos Antonio León), a mysterious lover who may not have had her best interests in mind. Soon Julian (Jason Contini), a world-weary vampire hunter employed by the church, begins tracking Laura, but as he closes in for the kill he learns that things are not what they seem.",
    "genres" : [ {
      "id" : 27,
      "name" : "Horror"
    }, {
      "id" : 53,
      "name" : "Thriller"
    } ]
  }, {
    "id" : 51591,
    "title" : "Christmas Comes to Willow Creek",
    "overview" : "Two brothers' lives are changed forever when they hit the road to a snowbound Alaskan village. Brother Ray and Pete had been feuding for years. So, when their ailing father asks them to drive a semitruck full of gifts and supplies from California to the isolated Alaskan village of Willow Creek, they agree ---- reluctantly. Along the way, they pick up trouble when they're joined by Jessie, who is Ray's estranged wife and Pete's ex-girlfriend. Then, a blizzard strands the truck deep in the Alaskan wilderness. Miles from help, with time running our fast, they realize only a miracle can save them. But, as they are about to be reminded, Christmas...is the season for miracles.",
    "genres" : [ {
      "id" : 18,
      "name" : "Drama"
    }, {
      "id" : 10751,
      "name" : "Family"
    } ]
  }, {
    "id" : 51596,
    "title" : "Chess",
    "overview" : "The first Swedish language stage version of Chess, starring Helen Sjoholm as Florence Vaszi. Josefin Nilsson as Svetlana Sergievskaja, Tommy Korberg as Anatolij Sergievskij, Anders Ekborg as Freddie Trumper and Per Myrberg as Alexander Molokov. The cast sing new lyrics in Swedish ( written by Rudolfson, Jan Marks and Bjorn Ulvaeus) to tell a new version of the everchanging Chess story. A few new songs have been included (Chess continues to be a work in progress.) This version premiered in February 2002 at the Cirkus Theatre in Stockholm.",
    "genres" : [ ]
  }, {
    "id" : 51601,
    "title" : "San Quentin",
    "overview" : "Ex-Army officer Jameson takes a job a prison guard at San Quentin. Joe, the brother of his new girlfriend May, is sentenced to the prison for robbery. When Jameson tries to separate lawbreakers from hardened criminals, badguy Hansen tries to stir up trouble by telling Joe about Jameson's interest in his sister.",
    "genres" : [ {
      "id" : 28,
      "name" : "Action"
    }, {
      "id" : 18,
      "name" : "Drama"
    } ]
  }, {
    "id" : 51606,
    "title" : "Concert - Butch Walker Live Acoustic Performance In Atlanta",
    "overview" : "Set list: 1. \"Sober\" 2. \"Promise\" 3. \"Race Cars and Goth Rock\" 4. \"Diary of a San Fernando Sexx Star\" 5. \"Mixtape\" 6. \"Don't Move\" 7. \"Best Thing You Never Had\" 8. \"Cigarette Lighter Love Song\" (Marvelous 3 original) 9. \"Suburbia\" 10. \"Bohemian Rhapsody\" (Queen cover) 11. \"Grant Park\" (Marvelous 3 original) 12. \"Over Your Head\" (Marvelous 3 original) 13. \"Every Monday\" (Marvelous 3 original) 14. \"Freak of the Week\" (Marvelous 3 original) 15. \"Let Me Go\" (Marvelous 3 original) 16. \"Take Tomorrow (One Day at a Time)\"",
    "genres" : [ {
      "id" : 10402,
      "name" : "Music"
    } ]
  }, {
    "id" : 51611,
    "title" : "Waiting to Inhale",
    "overview" : "Waiting to Inhale examines the heated debate over marijuana and its use as medicine in the United States. Twelve states have passed legislation to protect patients who use medical marijuana. Yet opponents claim the medical argument is just a smokescreen for a different agenda-- to legalize marijuana for recreation and profit. What claims are being made, and what are the stakes? Waiting to Inhale takes viewers inside the lives of patients who have been forever changed by illness-and parents who lost their children to addiction. Is marijuana really a gateway drug? What evidence is there to support the claim that marijuana can alleviate some of the devastating symptoms of AIDS, cancer and multiple sclerosis? Waiting to Inhale sheds new light on this controversy and presents shocking new evidence that marijuana could hold a big stake in the future of medicine.",
    "genres" : [ {
      "id" : 99,
      "name" : "Documentary"
    } ]
  }, {
    "id" : 51621,
    "title" : "Border Patrol",
    "overview" : "When three Texas Rangers try to investigate kidnapped Mexicans being used as forced labor in the mines of Silver Bullet, they are framed for murder by the town's corrupt sheriff.",
    "genres" : [ {
      "id" : 37,
      "name" : "Western"
    } ]
  }, {
    "id" : 51626,
    "title" : "Pirates on Horseback",
    "overview" : "Hoppy, Lucky and California search for a mine owned by Trudy Pendleton after it was taken from her by thw swindling gambler Ace Gibson. They find the mine and Hoppy fights Gibson over it.",
    "genres" : [ {
      "id" : 37,
      "name" : "Western"
    } ]
  }, {
    "id" : 51631,
    "title" : "In Old Colorado",
    "overview" : "Joe Weller has instigated a conflict over water rights between two ranchers. The idea is to have the ranchers do each other in then move in and take over. Hoppy and the good guys won't let this happen.",
    "genres" : [ {
      "id" : 37,
      "name" : "Western"
    } ]
  }, {
    "id" : 51636,
    "title" : "Stagecoach War",
    "overview" : "Hoppy is busy chasing stagecoach bandits who sing as they rob.",
    "genres" : [ {
      "id" : 37,
      "name" : "Western"
    } ]
  }, {
    "id" : 51641,
    "title" : "Riders of the Deadline",
    "overview" : "When Hoppy's falsely accused young friend is killed while supposedly trying to escape from jail, an embittered Hoppy is blamed and drummed out of the Texas Rangers.",
    "genres" : [ {
      "id" : 37,
      "name" : "Western"
    } ]
  }, {
    "id" : 51646,
    "title" : "Three Men From Texas",
    "overview" : "Hoppy and new sidekick California Carlson head to California to help out Lucky Jenkins.",
    "genres" : [ {
      "id" : 37,
      "name" : "Western"
    } ]
  }, {
    "id" : 51651,
    "title" : "Hoppy Serves A Writ",
    "overview" : "Posing as a cattle buyer, Hoppy crosses over into Oklahoma where the Jordan brother's and their outlaw gang operate outside the law. After receiving an unfriendly reception when he finds them, he, California, and Johnny rustle their cattle and drive across the river into Texas. He hopes they will cross over to retrieve their cattle and then he can arrest them.",
    "genres" : [ {
      "id" : 37,
      "name" : "Western"
    } ]
  }, {
    "id" : 51656,
    "title" : "Texas Masquerade",
    "overview" : "A gang of outlaws are using force to become possessors of every ranch in the area. Hoppie, of course, is out to stop them.",
    "genres" : [ {
      "id" : 37,
      "name" : "Western"
    } ]
  }, {
    "id" : 51661,
    "title" : "Outlaws of the Desert",
    "overview" : "Hoppy, Johnny and California go to Arabia to buy some horses. There they get involved with a sheik and a harem and a kidnapping plot.",
    "genres" : [ {
      "id" : 37,
      "name" : "Western"
    } ]
  }, {
    "id" : 51666,
    "title" : "Lumberjack",
    "overview" : "Julie's husband has been murdered and land agents want her to sign away her property rights. Hoppy warns against this but she does so anyway. It looks as though she will be unable to deliver the timber called for in her agreement. Hoppy has to make the lumber deal happened and solve the murder.",
    "genres" : [ {
      "id" : 37,
      "name" : "Western"
    } ]
  }, {
    "id" : 51671,
    "title" : "Pride of the West",
    "overview" : "Caldwell and Nixon have their men rob the stage and then critcize the Sheriff for not catching the robbers. With her father the Sheriff under pressure, Mary sends for Hoppy who finds the stolen money and sets a trap to bring in the entire gang.",
    "genres" : [ {
      "id" : 37,
      "name" : "Western"
    } ]
  }, {
    "id" : 51676,
    "title" : "Summer Rain",
    "overview" : "A coming-of-age tale charting the first loves, lusts and obsessions of friends on vacation at the end of the 1970s.",
    "genres" : [ {
      "id" : 18,
      "name" : "Drama"
    }, {
      "id" : 10749,
      "name" : "Romance"
    } ]
  }, {
    "id" : 51681,
    "title" : "Playing for Time",
    "overview" : "When Jewish songstress Fania Fénelon is plucked from the stage and sent to Auschwitz, she and other musicians find themselves assigned to a terrible task – using their talents to soothe fellow prisoners who are sentenced to die in the gas chambers.",
    "genres" : [ {
      "id" : 18,
      "name" : "Drama"
    } ]
  }, {
    "id" : 51686,
    "title" : "Space Battleship Yamato: The New Voyage",
    "overview" : "Time to ease up ... not! Although the Yamato's crew has witnessed the end of the long, hard-fought Comet Empire War, a peaceful future will have to wait. While Dessler gathers together the shattered remnants of his Gamilus Empire, new forces are at work in the universe that could augur in another conflict. Seems the Black Star Empire has invaded Dessler's homeworld and is decimating it, all the while gathering power for its war machine.",
    "genres" : [ {
      "id" : 16,
      "name" : "Animation"
    } ]
  }, {
    "id" : 51691,
    "title" : "Texas Trail",
    "overview" : "The U.S. Army needs more horses for the Spanish-American War. Hoppy must turn his Bar 20 cowhands into Rough Riders to gather up the horses, and of course bad guys try to sabotage the operation.",
    "genres" : [ {
      "id" : 37,
      "name" : "Western"
    } ]
  }, {
    "id" : 51696,
    "title" : "Call of the Prairie",
    "overview" : "Hoppy returns to find Johnny in trouble. Buck Peters has been shot by Porter who made it look like Johnny did it. When Johnny flees he runs into Linda. He takes a liking to her only to learn her father Shanghai is one of Porter's gang. Going after Shanghai, he gets captured by the gang and Porter now plans to kill him. But Hoppy is near by and Johnny will get unexpected help from Shanghai.",
    "genres" : [ {
      "id" : 37,
      "name" : "Western"
    } ]
  }, {
    "id" : 51701,
    "title" : "Heart of Arizona",
    "overview" : "Belle Starr has returned from time in prison only to face a hail of bullets, along with rescue by Hoppy and the Bar 20 gang.",
    "genres" : [ {
      "id" : 37,
      "name" : "Western"
    } ]
  }, {
    "id" : 51706,
    "title" : "Louvre: The Visit",
    "overview" : "A brief tour of the Louvre in Paris.",
    "genres" : [ ]
  }, {
    "id" : 51711,
    "title" : "Saltbattle",
    "overview" : "In a restaurant a lonely man battles with a salt shaker.",
    "genres" : [ {
      "id" : 35,
      "name" : "Comedy"
    } ]
  }, {
    "id" : 51716,
    "title" : "H.C. Andersen - Grdi raček",
    "overview" : "Na tem DVD-ju so naslednje Andersenove pravljice: Grdi raček, Vrtnar in njegova družina, Juha iz špile in Sopotnik.",
    "genres" : [ {
      "id" : 16,
      "name" : "Animation"
    } ]
  }, {
    "id" : 51726,
    "title" : "UFC Rampage Greatest Hits",
    "overview" : "Over the past decade Quinton “Rampage” Jackson has established himself as one of the greatest light heavyweights of all time. From vicious slams to brutal knockouts, Rampage’s skill set is a unique on that makes him stand out above the rest. This DVD is the story of Jackson’s journey from a powerful wrestler to the best fighter in his division, but it wasn’t without setbacks along the way.",
    "genres" : [ ]
  }, {
    "id" : 51731,
    "title" : "Royal Tramp 2",
    "overview" : "Following on from the Royal Tramp I, after discovering that the Empress is actually Lone-er, a member of the St Dragon Sect, and that she imprisoned the real empress. Lone-er is bent on eliminating the person who disclosed her true identity, Wilson Bond. But more complications ensues when Lone-er is assigned to protect the Prince, whose servant is none other than Wilson Bond.",
    "genres" : [ {
      "id" : 28,
      "name" : "Action"
    }, {
      "id" : 35,
      "name" : "Comedy"
    } ]
  }, {
    "id" : 51736,
    "title" : "Bloomington",
    "overview" : "A former child actress attends college in search of independence and ends up becoming romantically involved with a female professor. Their relationship thrives until an opportunity to return to acting forces her to make life-altering decisions.",
    "genres" : [ {
      "id" : 18,
      "name" : "Drama"
    }, {
      "id" : 10749,
      "name" : "Romance"
    } ]
  }, {
    "id" : 51741,
    "title" : "The Idle Ones",
    "overview" : "The Idle Ones is a profile of contemporary affairs - somewhere on the edge of Europe - in a place where unemployment for some young people is fast becoming a way of life. Covering a period of 18 months, the film follows the activities of a group of young men in their 20s who have finished their schooling and stayed in their home village - they loaf about unemployed since they can´t find any work in the remote district. The main characters are more or less idle young fellows whose stories link together and make up the film. Tinged with humour, The Idle Ones is a story about frustrated but vital young people in a period of transition, waiting for something to happen. For some, the waiting is becoming their life.",
    "genres" : [ {
      "id" : 99,
      "name" : "Documentary"
    } ]
  }, {
    "id" : 51746,
    "title" : "Veseli avtobuski 2",
    "overview" : "Veseli avtobuski so dobri prijatelji v Zornikovi garaži. Edi, glavni junak je zvedav in živahen šolski avtobusek. Nenavadne dogodivščine ga spremljajo iz epizode v epizodo. Njegovi dobri prijatelji, ostali avtobuski z njim raziskujejo in rešujejo zapletene situacije ter se predvsem zabavajo.",
    "genres" : [ {
      "id" : 16,
      "name" : "Animation"
    } ]
  }, {
    "id" : 51751,
    "title" : "Playboy Cops",
    "overview" : "Two off-the-wall detectives go in search for a killer, while vying for the affections of a young woman.",
    "genres" : [ {
      "id" : 28,
      "name" : "Action"
    }, {
      "id" : 10749,
      "name" : "Romance"
    }, {
      "id" : 53,
      "name" : "Thriller"
    } ]
  }, {
    "id" : 51766,
    "title" : "Leova zgodba",
    "overview" : "Leo je mlad dobrosrčen vegetarijanski lev, ki je zaradi svoje drugačnosti izobčen iz svojega krdela. Nekega dne Leo reši kraljico krdela slonov, ki je skotila dva mladička. Številni dogodki, ki so sledili rojstvu so ločili mater od njenih mladičev. Leo je nato prisiljen igrati vlogo očeta in prečkati savano, da bi našel legendarno jezero mleka, da bi nahranil sestradana slonja mladiča, pri čemer mu pomaga najboljši prijatelj, stara duhovita antilopa. Med potjo pa se jima pridružijo še številni prijatelji.",
    "genres" : [ {
      "id" : 16,
      "name" : "Animation"
    } ]
  }, {
    "id" : 51771,
    "title" : "Florjan junak učenjak",
    "overview" : "Prihaja Florjan, čas je za zabavo. Ko tovornjaki lahko govorijo, pojejo in se igrajo, vsak dan postane neverjetno zanimiv. Medtem, ko pazijo na svojo vas in drug na drugega, se Florjan in njegovi prijatelji odlično zabavajo ( Oči že vedo - Florjan se izmika - Junak učenjak - Vrnite pošiljatelju - Jerici bo uspelo - Čas za čiščenje ).",
    "genres" : [ {
      "id" : 16,
      "name" : "Animation"
    } ]
  }, {
    "id" : 51776,
    "title" : "Killers",
    "overview" : "Odessa and Kyle James were just your average American boys until the night they went upstairs and killed their parents in cold blood... and smiled.",
    "genres" : [ {
      "id" : 12,
      "name" : "Adventure"
    }, {
      "id" : 28,
      "name" : "Action"
    }, {
      "id" : 53,
      "name" : "Thriller"
    }, {
      "id" : 10749,
      "name" : "Romance"
    } ]
  }, {
    "id" : 51781,
    "title" : "Arctic Antics",
    "overview" : "A collection of arctic animals (seals, walruses, polar bears, penguins) float by on ice floes and on shore, performing various musical numbers.",
    "genres" : [ {
      "id" : 16,
      "name" : "Animation"
    } ]
  }, {
    "id" : 51786,
    "title" : "Kim Possible: A Sitch in Time",
    "overview" : "Kim and Ron start out a new school year, only to find out that Ron's family is moving to Norway. This puts a strain on their partnership, just as Dr. Drakken, Monkey Fist, and Duff Killigan team up to find and use an ancient time travel device to rule the world. Attacking Kim in the past, present, and future, can these villians succeed? Or will an unforeseen force be more destructive?",
    "genres" : [ {
      "id" : 28,
      "name" : "Action"
    }, {
      "id" : 12,
      "name" : "Adventure"
    }, {
      "id" : 16,
      "name" : "Animation"
    }, {
      "id" : 10751,
      "name" : "Family"
    } ]
  }, {
    "id" : 51791,
    "title" : "The Adventures of Tartu",
    "overview" : "British Captain Terence Stevenson (Robert Donat) accepts an assignment even more dangerous than his everyday job of defusing unexploded bombs. Fluent in Romanian and German and having studied chemical engineering, he is parachuted into Romania to assume the identity of Captain Jan Tartu, a member of the fascist Iron Guard. He makes his way to Czechoslovakia to steal the formula of a new Nazi poison gas and sabotage the factory where it is being manufactured.",
    "genres" : [ {
      "id" : 18,
      "name" : "Drama"
    }, {
      "id" : 10749,
      "name" : "Romance"
    }, {
      "id" : 53,
      "name" : "Thriller"
    }, {
      "id" : 10752,
      "name" : "War"
    } ]
  }, {
    "id" : 51796,
    "title" : "NANA MIZUKI LIVE DIAMOND x FEVER 2009 DISC1",
    "overview" : "",
    "genres" : [ ]
  }, {
    "id" : 51806,
    "title" : "To Catch a Killer",
    "overview" : "\"To Catch a Killer\" tells the true gruesome story of John Wayne Gacy - a good friend and helpful neighbour, a great child entertainer, a respectful businessman, and a violent serial killer who raped and murdered over 30 young boys.",
    "genres" : [ {
      "id" : 80,
      "name" : "Crime"
    }, {
      "id" : 18,
      "name" : "Drama"
    }, {
      "id" : 53,
      "name" : "Thriller"
    } ]
  }, {
    "id" : 51821,
    "title" : "The Tiger Next Door",
    "overview" : "The Tiger Next Door is a documentary film that tells the story of a man named Dennis Hill who has been breeding, and selling tigers from his backyard in Flat Rock, Indiana for over fifteen years. Tigers, and other big cats, are simultaneously an occupation and an obsession for Hill. As the film begins, Hill has 24 tigers, 3 bears, 6 leopards and one cougar. He claims to know exactly what they are thinking by the look in their eyes. He is especially consumed with the prospect of breeding a stripeless white tiger. But now, after a surprise government inspection, he’s lost the license that allowed him to keep exotic animals, and the state of Indiana is threatening to shut him down. He has just five days to find alternate homes for all but three of his brood and to bring his facilities up to code – or else lose what he considers to be his life’s work.",
    "genres" : [ {
      "id" : 99,
      "name" : "Documentary"
    } ]
  }, {
    "id" : 51826,
    "title" : "Bad Girls 5",
    "overview" : "Watch the Insatiable Stoya in her first Double Penetration scene! \"Bad Girls 5\" explodes with hard pounding lust as Stoya and cumpany reveal their naughty nympho obsessions. They go where good girls fear to tread, ready to take on the big boys.",
    "genres" : [ ]
  }, {
    "id" : 51831,
    "title" : "The Minion",
    "overview" : "New York, Christmas Eve, 1999 - at the dawn of the new millennium - a subway construction crew unearths an eight hundred year old Celtic skeleton and a mysterious key. Archeologist Karen Goodleaf is called in to determine the meaning of the discovery. News of the discovery reaches a Middle East monastery where the warrior monks knowns as the Knights Templer - an ancient sect entrusted with protecting holy relics - choose their best pupil, Lukas (Dolph Lundgren) to face the diabolical threat. As Lukas races to New York, an evil Minion seizes Karen and uses its body like a parasite and host. Lukas arrives just in time to rescue Karen and despatch the Minion. The Minion takes hold of another host - revealing that it is immortal. As it cuts a path of destruction through the city, decimating a parking garage and leaving a trail of death, Karen realizes that the Minion can't be killed - but only delayed from finding a new host",
    "genres" : [ {
      "id" : 28,
      "name" : "Action"
    }, {
      "id" : 53,
      "name" : "Thriller"
    } ]
  }, {
    "id" : 51836,
    "title" : "Snow 2: Brain Freeze",
    "overview" : "It's three days before Christmas, and Nick Snowden forgets about spending early Christmas with his wife, Sandy due to pressure at work. After a fight, Nick walks through a magical mirror and ends up with amnesia. Now it's up to Sandy to recharge his memory and save Christmas once and for all, but Nick's old nemesis Buck Seger returns and uses Santa's amnesia to his advantage.",
    "genres" : [ {
      "id" : 10751,
      "name" : "Family"
    }, {
      "id" : 10770,
      "name" : "TV Movie"
    }, {
      "id" : 35,
      "name" : "Comedy"
    } ]
  }, {
    "id" : 51841,
    "title" : "Wyoma: African Healing Dance",
    "overview" : "Join Wyoma, the respected lead dancer and director of the Damballa dance troupe, as she teaches you the African way of moving your entire body with passion and joy ... symbolic animal and elemental gestures ... secrets of hip, torso, and shoulder articulations, and much more. Here's the instructional program you need to have a high-energy African dance class at home. Can anyone learn these dances? \"If you can talk, you can sing,\" they say in Zimbabwe, \"and if you can walk, you can dance.\" So get ready to move--and be moved--with African Healing Dance.",
    "genres" : [ ]
  }, {
    "id" : 51851,
    "title" : "Change of Address",
    "overview" : "In Paris, the emotional and professional tribulations of a musician and his roommate. Fraîchement installé à Paris, David, un musicien, timide et maladroit, tombe fou amoureux de sa jeune élève, Julia. Il tente tout pour la séduire. Sa colocataire, Anne, l'encourage, le conseille, et le console... passionnément !",
    "genres" : [ {
      "id" : 35,
      "name" : "Comedy"
    }, {
      "id" : 10749,
      "name" : "Romance"
    } ]
  }, {
    "id" : 51856,
    "title" : "Privilege",
    "overview" : "Steven Shorter is the ultimate British music star. His music is listened to by everyone from pre-teens to grandparents. He has no trace of public bad habits or drug involvement. Everyone in Britain loves him. His handlers begin to use his popularity for projects like increasing the consumption of apples after a bumper crop as an aid to farmers.",
    "genres" : [ {
      "id" : 18,
      "name" : "Drama"
    } ]
  }, {
    "id" : 51861,
    "title" : "Jet Set",
    "overview" : "Pour sauver leur bar de la faillite, Jimmy et Fifi, deux potes de banlieue, ont une illumination: faire venir la jet-set parisienne, cette caste habituee a avoir sa photo dans les magazines people. Pour reussir, ils demandent a Mike, beau gosse et comedien au chomage, d'infiltrer la jet pour se constituer un carnet d'adresses de VIP. Au milieu des stars ephemeres du show-biz, des fils a papa, des veuves de milliardaires, Mike va devenir l'incontournable prince Di Segafredi. Mais, a frequenter la jet, on risque de perdre plus que son ame.",
    "genres" : [ {
      "id" : 35,
      "name" : "Comedy"
    } ]
  }, {
    "id" : 51866,
    "title" : "Happy End",
    "overview" : "Robinson, appropriately named as we will soon discover, is on vacation in Biarritz with his wife. What follows is the story behind the loss of his arm, a story that becomes increasingly bizarre and eventually apocalyptic, leading us down a narrative path of labyrinthine complexity. The resulting film is an extraordinary feat of imagination and daring, set against the backdrop of a world on the verge of destruction.",
    "genres" : [ {
      "id" : 18,
      "name" : "Drama"
    }, {
      "id" : 878,
      "name" : "Science Fiction"
    } ]
  }, {
    "id" : 51871,
    "title" : "Rumba",
    "overview" : "Teachers in a rural school, happy couple Fiona and Dom have a common passion: Latin Dancing. One night, after a glorious dance competition, they have a car accident and see their lives turn upside down. Rumba or how optimism and humour can overcome fatality!",
    "genres" : [ {
      "id" : 18,
      "name" : "Drama"
    }, {
      "id" : 35,
      "name" : "Comedy"
    }, {
      "id" : 10769,
      "name" : "Foreign"
    } ]
  }, {
    "id" : 51876,
    "title" : "Limitless",
    "overview" : "A paranoia-fueled action thriller about an unsuccessful writer whose life is transformed by a top-secret \"smart drug\" that allows him to use 100% of his brain and become a perfect version of himself. His enhanced abilities soon attract shadowy forces that threaten his new life in this darkly comic and provocative film.",
    "genres" : [ {
      "id" : 53,
      "name" : "Thriller"
    }, {
      "id" : 9648,
      "name" : "Mystery"
    }, {
      "id" : 878,
      "name" : "Science Fiction"
    } ]
  }, {
    "id" : 51881,
    "title" : "The Parent Trap II",
    "overview" : "Two best friends plot to get their single parents together to stop one of them from moving to New York.",
    "genres" : [ {
      "id" : 10751,
      "name" : "Family"
    } ]
  }, {
    "id" : 51886,
    "title" : "Jochem Myjer: Adéhadé",
    "overview" : "Destressing? Do that at home, will you! In 'Adéhadé', everything goes in overdrive, with many Dutch celebrity impressions.",
    "genres" : [ {
      "id" : 35,
      "name" : "Comedy"
    } ]
  }, {
    "id" : 51891,
    "title" : "Phil Collins: Going Back - Live at the Roseland Ballroom, NYC",
    "overview" : "This concert Blu-ray sees Phil Collins take his superb new album Going Back into the live arena. Filmed in June of this year in the intimate surroundings of New York s famous Roseland Ballroom, this is a real chance to get up close and personal as Phil Collins faithfully recreates the soul and Motown classics that he loved as a teenager. His band includes three of Motown s original backing band The Funk Brothers: Bob Babbitt on bass and guitarists Eddie Willis and Ray Monette, as well as two stalwarts of Genesis live shows: Chester Thompson on drums and Darryl Stuermer on guitars.  Phil Collins performs a number of Motown covers during the course of this high-energy show performed at the Roseland Ballroom in New York City. The setlist of over a dozen tunes includes \"Ain't Too Proud to Beg,\" \"Papa Was a Rollin' Stone,\"and \"Going to a Go-Go.\"",
    "genres" : [ {
      "id" : 10402,
      "name" : "Music"
    } ]
  }, {
    "id" : 51896,
    "title" : "Two Cars, One Night",
    "overview" : "Sometimes first love is found in the most unlikely of places, like in the carpark outside the Te Kaha pub.",
    "genres" : [ {
      "id" : 18,
      "name" : "Drama"
    }, {
      "id" : 35,
      "name" : "Comedy"
    } ]
  }, {
    "id" : 51911,
    "title" : "Night of the Running Man",
    "overview" : "A Las Vegas cab driver finds a million dollars of stolen money in his cab after his fare is murdered. Soon after, a ruthless hitman is in persuit; he will stop at nothing to recover the money and dispose of all witnesses.",
    "genres" : [ {
      "id" : 28,
      "name" : "Action"
    }, {
      "id" : 18,
      "name" : "Drama"
    }, {
      "id" : 53,
      "name" : "Thriller"
    } ]
  }, {
    "id" : 51916,
    "title" : "Robert Zimmermann Is Tangled Up in Love",
    "overview" : "",
    "genres" : [ {
      "id" : 35,
      "name" : "Comedy"
    }, {
      "id" : 10749,
      "name" : "Romance"
    } ]
  }, {
    "id" : 51921,
    "title" : "Smokey Joe's Cafe: The Songs of Leiber and Stoller",
    "overview" : "Smokey Joe's Cafe, Broadway's longest-running musical revue, highlights the best songs by the legendary song-writing duo, Leiber and Stoller. Included numbers are \"Neighborhood\", \"Fools Fall In Love\", \"Yakety Yak\", \"Charlie Brown\", \"Jailhouse Rock\", \"Hound Dog\", \"Love Potion #9\" and \"Stand By Me\".",
    "genres" : [ {
      "id" : 10402,
      "name" : "Music"
    } ]
  }, {
    "id" : 51926,
    "title" : "Ronald Goedemondt: Spek",
    "overview" : "Spek is de eerste avondvullende voorstelling van Ronald Goedemondt. Eerder speelde hij een driekwartierprogramma \"De draak ontwaakt\", in hetzelfde jaar dat hij het Cameretten Festival won (2003). En natuurlijk is hij een van de comedians van de Comedy Train. Daarnaast schreef hij voor 'Dit was het nieuws' en 'Spijkers met koppen'. In Spek belicht hij bekende verschijnselen uit de samenleving op een absurdistische en verongelijkte wijze waardoor hij met groot gemak de lachers op zijn hand krijgt. Hij toont zich daarmee een getalenteerd verteller, ondanks het hoge tempo waarop hij zijn woordensalvo's over zijn publiek uitstort. Een avond Ronald Goedemondt is een avond heel hard lachen en heel opgewekt het theater uitkomen. Het is dan ook zeker aan te raden om deze voorstelling nog te gaan bekijken. Op de dvd staan naast de show twee extra's. Een mooie, beeldende fotoreportage en een kijkje achter de schermen waarin we Ronald Goedemondt zien die zich voorbereidt op Spek.",
    "genres" : [ {
      "id" : 35,
      "name" : "Comedy"
    } ]
  }, {
    "id" : 51931,
    "title" : "Desire",
    "overview" : "A pair of partner-swapping lovers finds their romantic games leading to tragedy when jealousy begins to factor into their free-love lifestyle.",
    "genres" : [ {
      "id" : 18,
      "name" : "Drama"
    }, {
      "id" : 10769,
      "name" : "Foreign"
    }, {
      "id" : 10749,
      "name" : "Romance"
    } ]
  }, {
    "id" : 51936,
    "title" : "Terror in Moscow",
    "overview" : "In October 2002, 41 Chechen terrorists took more than 700 people hostage in a Moscow theater, demanding an end to Russia's war against their homeland. This gut-wrenching documentary takes you through the endless hours of waiting, a seemingly miraculous rescue operation, and the ultimate tragedy, that could have been avoided had adequate medical personnel been on the scene after the stalemate ended.",
    "genres" : [ {
      "id" : 99,
      "name" : "Documentary"
    } ]
  }, {
    "id" : 51941,
    "title" : "Greater Tuna",
    "overview" : "Greater Tuna presents a day in the life of the town of Tuna, Texas and its twenty or so eccentric characters. Here's the kicker: All of those characters -- who range the gamut from adolescent to elderly, male and female, with all kinds of personalities and personal characteristics -- are portrayed by only two men (ably played by Kyle McClaran and Landon Starnes in Garland Civic Theatre's entertaining production). - by Richard Goulde",
    "genres" : [ {
      "id" : 35,
      "name" : "Comedy"
    } ]
  }, {
    "id" : 51946,
    "title" : "Bittersweet",
    "overview" : "Bittersweet explores the evolution of love and takes a long hard look at the underlying forces that often bring people together while just as often break them apart.",
    "genres" : [ {
      "id" : 18,
      "name" : "Drama"
    }, {
      "id" : 10749,
      "name" : "Romance"
    } ]
  }, {
    "id" : 51951,
    "title" : "Four Minutes",
    "overview" : "Sir Roger Bannister's historic running of the sub-four-minute mile is celebrated in Four Minutes, an inspiring and respectably authentic TV movie about breaking the most famous barrier in the history of sports.",
    "genres" : [ {
      "id" : 18,
      "name" : "Drama"
    }, {
      "id" : 36,
      "name" : "History"
    } ]
  }, {
    "id" : 51956,
    "title" : "The Strawberry Statement",
    "overview" : "Simon (Bruce Davison), a student at a fictional university in San Francisco (based on San Francisco State College) is indifferent to the student protests around him, until walking in on a naked woman (Kristina Holland) in his dormitory roommate's bed. While she quickly runs over to the toilets to dress, Simon protests to his roommate that their time should only be devoted to studying, so they can get good jobs and lots of money. Coming back clothed, the woman refuses setting another date with the roommate because she'll be busy protesting. She explains the university's plan to construct a gymnasium in an African-American neighborhood, thus causing conflict with the local African American population. She tells him that she and others plan to take over one of the university's buildings.",
    "genres" : [ {
      "id" : 18,
      "name" : "Drama"
    }, {
      "id" : 10749,
      "name" : "Romance"
    } ]
  }, {
    "id" : 51961,
    "title" : "Metallica/Slayer/Megadeth/Anthrax: The Big 4 - Live from Sofia, Bulgaria",
    "overview" : "When the 'Big Four,' Metallica, Slayer, Megadeth and Anthrax shared a stage together on June 22nd, 2010, in Sofia, Bulgaria, it was the moment their fans had waited decades for. That monumental show was beamed live into over 1000 theaters worldwide via satellite.",
    "genres" : [ {
      "id" : 10402,
      "name" : "Music"
    } ]
  }, {
    "id" : 51966,
    "title" : "Wie ein Stern am Himmel",
    "overview" : "",
    "genres" : [ {
      "id" : 10751,
      "name" : "Family"
    }, {
      "id" : 10770,
      "name" : "TV Movie"
    }, {
      "id" : 18,
      "name" : "Drama"
    } ]
  }, {
    "id" : 51971,
    "title" : "Hideaway (Le refuge)",
    "overview" : "Mousse and Louis are young, beautiful, rich and in love. But drugs have invaded their lives. One day, they overdose and Louis dies. Mousse survives, but soon learns she's pregnant. Feeling lost, Mousse runs away to a house far from Paris. Several months later, Louis' brother joins her in her refuge.",
    "genres" : [ {
      "id" : 18,
      "name" : "Drama"
    } ]
  }, {
    "id" : 51976,
    "title" : "Brother",
    "overview" : "Two brothers fight to escape a violent and poor neighborhood in Caracas by playing soccer. Daniel wishes to play professionally while Julio supports the family with dirty money. The opportunity of a lifetime comes when a talent scout invites them to the Caracas Football Club. The boys' mother dies in a shootout forcing each brother to decide what it is more important to them:family, revenge, or achieving their dreams.",
    "genres" : [ {
      "id" : 18,
      "name" : "Drama"
    } ]
  }, {
    "id" : 51981,
    "title" : "Don't Let Me Die on a Sunday",
    "overview" : "Ben works in a morgue. Ben's wife left him and he is into various kinds of alternative sexuality. Teresa dies of an ecstasy overdose on the dance floor. When she is brought to the morgue, she is resurrected -how shall I say?- in Ben's arms (that part based on a true story). From this starting point, the film revolves around the interactions between them and Boris (orgy fan), Abdel (no sentimental life), Ducon (wants to kill himself), Nico (dying of AIDS), etc... A social study of the 90s with heavy references to sex and deat",
    "genres" : [ {
      "id" : 18,
      "name" : "Drama"
    } ]
  }, {
    "id" : 51986,
    "title" : "Tangled",
    "overview" : "A young man is found bruised, beaten and stumbling down a secluded road. As the police try to piece together what happened, the convoluted relationship between a young woman and her two suitors gradually emerges.",
    "genres" : [ {
      "id" : 18,
      "name" : "Drama"
    }, {
      "id" : 9648,
      "name" : "Mystery"
    }, {
      "id" : 53,
      "name" : "Thriller"
    } ]
  }, {
    "id" : 51991,
    "title" : "Romantics Anonymous",
    "overview" : "What happens when a man and a woman share a common passion? They fall in love. And this is what happens to Jean-René, the boss of a small chocolate factory, and Angélique, a gifted chocolate maker he has just hired. What occurs when a highly emotional man meets a highly emotional woman? They fall in love, and this is what occurs to Jean-René and Angélique who share the same handicap. But being pathologically timid does not make things easy for them. So whether they will manage to get together, join their solitudes and live happily ever after is a guessing matter.",
    "genres" : [ {
      "id" : 18,
      "name" : "Drama"
    }, {
      "id" : 35,
      "name" : "Comedy"
    }, {
      "id" : 10749,
      "name" : "Romance"
    } ]
  }, {
    "id" : 51996,
    "title" : "Thin Ice",
    "overview" : "A dishonest insurance salesman's life quickly disintegrates during a Wisconsin winter when he teams up with a psychopath to steal a rare violin at the home of a reclusive farmer.",
    "genres" : [ {
      "id" : 80,
      "name" : "Crime"
    }, {
      "id" : 18,
      "name" : "Drama"
    } ]
  }, {
    "id" : 52001,
    "title" : "Citadel",
    "overview" : "Citadel tells the story of widower and single father Tommy Cowley, a man inflicted with chronic agoraphobia since the day his wife was attacked. He was unable to protect her. He lives in Edenstown, the council estate from hell. Here he finds himself terrorized by a gang of syringe wielding feral children, who are intent on taking his baby daughter. With the help of a kind Nurse and a renegade Priest, Tommy learns the nightmarish truth surrounding these hooded children. He also learns that to be free of his fears, he must finally face the demons of his past and enter the one place he fears the most - The abandoned Tower block known as the Citadel",
    "genres" : [ {
      "id" : 27,
      "name" : "Horror"
    }, {
      "id" : 18,
      "name" : "Drama"
    }, {
      "id" : 53,
      "name" : "Thriller"
    } ]
  }, {
    "id" : 52006,
    "title" : "Family Matters",
    "overview" : "Family is always a tricky thing to deal with, especially when it comes to setting boundaries. The questions always remains, how close is too close? Well Kayden Kross and Angel Dark are about to see how far they can go before their perfect little family turns into something dark and dangerous.",
    "genres" : [ ]
  }, {
    "id" : 52011,
    "title" : "The Thirteen Assassins",
    "overview" : "A group of assassins come together for a suicide mission to kill an evil lord.",
    "genres" : [ {
      "id" : 12,
      "name" : "Adventure"
    }, {
      "id" : 28,
      "name" : "Action"
    } ]
  }, {
    "id" : 52016,
    "title" : "Bad Girls 3",
    "overview" : "Everybody knows that bad girls have more fun, and the Digital Playground girls are the baddest on the block. Robby D. provides fans with a third round of kinky gonzo action! Contract stars Jesse Jane and Riley Steele are naughty and begging to be punished. Evan gives Jesse the fucking of her life, while Danny serves Riley a plowing for the books. You wanted it ... and now you've got it!",
    "genres" : [ ]
  }, {
    "id" : 52021,
    "title" : "Bloodlust: Subspecies III",
    "overview" : "Still in the thrall of the evil vampire Radu, Michelle yearns to be taught the skills of the vampire. Meanwhile, her sister Becky tries to free her from his evil clutches, and this time, she's brought some help.",
    "genres" : [ {
      "id" : 14,
      "name" : "Fantasy"
    }, {
      "id" : 27,
      "name" : "Horror"
    }, {
      "id" : 53,
      "name" : "Thriller"
    } ]
  }, {
    "id" : 52026,
    "title" : "Pleasant Goat and Big Big Wolf:The Movie",
    "overview" : "",
    "genres" : [ {
      "id" : 35,
      "name" : "Comedy"
    }, {
      "id" : 10751,
      "name" : "Family"
    }, {
      "id" : 16,
      "name" : "Animation"
    } ]
  }, {
    "id" : 52031,
    "title" : "Pleasant Goat and Big Big Wolf 3",
    "overview" : "",
    "genres" : [ {
      "id" : 16,
      "name" : "Animation"
    }, {
      "id" : 12,
      "name" : "Adventure"
    }, {
      "id" : 35,
      "name" : "Comedy"
    } ]
  }, {
    "id" : 52036,
    "title" : "The Company",
    "overview" : "Ensemble drama centered around a group of ballet dancers, with a focus on one young dancer who's poised to become a principal performer.",
    "genres" : [ {
      "id" : 18,
      "name" : "Drama"
    } ]
  }, {
    "id" : 52041,
    "title" : "Healing Hands",
    "overview" : "A near death experience gives a young man, engaged to be married, the ability to heal people.",
    "genres" : [ {
      "id" : 18,
      "name" : "Drama"
    }, {
      "id" : 10751,
      "name" : "Family"
    }, {
      "id" : 10749,
      "name" : "Romance"
    }, {
      "id" : 10770,
      "name" : "TV Movie"
    } ]
  }, {
    "id" : 52046,
    "title" : "Haunted Changi",
    "overview" : "HAUNTED CHANGI synopsis: In January of 2010, a group of local filmmakers began exploring the famously haunted Old Changi Hospital in Singapore with terrifying and tragic results. This movie pieces together the original Haunted Changi film crew's footage to tell the full story.",
    "genres" : [ ]
  }, {
    "id" : 52051,
    "title" : "Seventeen Again",
    "overview" : "Cat and Gene have been divorced for several years. They are both visiting their son and their grandchildren, Sydney and Willie. Willie's a genius who develops a formula that makes who uses it young again, it inadvertently spills into some soap that Willie places in his grandparents room. When each of them uses it they finds themselves 17 again. Willie had to find a way to reverse the process but will his grandparents want to be old again?",
    "genres" : [ {
      "id" : 35,
      "name" : "Comedy"
    }, {
      "id" : 18,
      "name" : "Drama"
    }, {
      "id" : 10751,
      "name" : "Family"
    }, {
      "id" : 14,
      "name" : "Fantasy"
    } ]
  }, {
    "id" : 52056,
    "title" : "1929: The Great Crash",
    "overview" : "A documentary exploring the causes of the 1929 Wall Street Crash.Over six terrifying, desperate days in October 1929, shares crashed by a third on the New York Stock Exchange. More than $25 billion in individual wealth was lost. Later, three thousand banks failed, taking people's savings with them. Surviving eyewitnesses describe the biggest financial catastrophe in history.",
    "genres" : [ {
      "id" : 18,
      "name" : "Drama"
    }, {
      "id" : 99,
      "name" : "Documentary"
    } ]
  }, {
    "id" : 52061,
    "title" : "Return",
    "overview" : "Due to inadequate use of anesthetics, a young boy experiences \"intra-operative awareness\" during his own heart surgery, hearing every sound and movement of the procedure. The little boy is severely traumatized from this horrific accident. As a result, he ends up brutally murdering a young girl soon after the incident...",
    "genres" : [ {
      "id" : 18,
      "name" : "Drama"
    }, {
      "id" : 53,
      "name" : "Thriller"
    } ]
  }, {
    "id" : 52066,
    "title" : "Grande Sertão: Veredas",
    "overview" : "",
    "genres" : [ ]
  }, {
    "id" : 52071,
    "title" : "Deli Dumrul",
    "overview" : "",
    "genres" : [ {
      "id" : 18,
      "name" : "Drama"
    }, {
      "id" : 35,
      "name" : "Comedy"
    } ]
  }, {
    "id" : 52076,
    "title" : "Gelecekten Bir Gün",
    "overview" : "",
    "genres" : [ ]
  }, {
    "id" : 52086,
    "title" : "Wide Awake",
    "overview" : "Filmmaker Alan Berliner chronicles his lifelong battle with insomnia in this intimate documentary. The cameras roll as he tries to quiet his overly active mind so he can get a decent night's sleep, capturing the details of what it's like to suffer from a chronic sleep disorder. As he struggles to find balance, his friends and family -- who endure the worst of Berliner's bouts with insomnia -- question whether he really wants to find a cure.",
    "genres" : [ {
      "id" : 99,
      "name" : "Documentary"
    }, {
      "id" : 10769,
      "name" : "Foreign"
    }, {
      "id" : 27,
      "name" : "Horror"
    } ]
  }, {
    "id" : 52091,
    "title" : "Mensch",
    "overview" : "A 35 ans, Sam est un casseur de coffres hors pair. Entre la garde de son petit garçon qu'il élève seul, son grand-père qui rêverait de le voir rejoindre l'entreprise familiale, sa petite amie qui se lasse de ses mensonges, il essaie désespérément de devenir un Mensch, un homme bien.",
    "genres" : [ {
      "id" : 18,
      "name" : "Drama"
    }, {
      "id" : 80,
      "name" : "Crime"
    } ]
  }, {
    "id" : 52101,
    "title" : "Kung Fu Kid",
    "overview" : "A young martial arts student gets caught up in a series of Kung Fu adventures with a woman who manages a Chinese restaurant.",
    "genres" : [ {
      "id" : 35,
      "name" : "Comedy"
    }, {
      "id" : 18,
      "name" : "Drama"
    } ]
  }, {
    "id" : 52106,
    "title" : "I Won the New Year's Lottery",
    "overview" : "Ciottoli is a journalist with absolutely no prospective for his career, with a lot of debts and a mobster that want him died. Unexpectedly he win the national lottery (almost Eur 2.5 Mln) and try to remain unanimous hiding the winner ticker into his typewriter. Ironically his director order to him to write an article on the mysterious winner. When he is back home he discovers all his furniture has been confiscate and will go on a public auction. He will try desperately to buy back the worthless typewriter while all his previous problems still follows him, especially the mobster...",
    "genres" : [ {
      "id" : 35,
      "name" : "Comedy"
    } ]
  } ]
}