{
  "movies" : [ {
    "id" : 95216,
    "title" : "Babies Galore",
    "overview" : "",
    "genres" : [ {
      "id" : 35,
      "name" : "Comedy"
    } ]
  }, {
    "id" : 95231,
    "title" : "Voluptuous Vixens 2",
    "overview" : "There was a HUGE boom in the early '90's for big boob babes. Taylor returns in this heavily requested sequel to the first \"Voluptious Vixens\" title as a big-boobed temptress taunting writers in the porn industry for doubting the present popularity of the Glam-Mams of the '90's. She literally gives up her ass this time in a scorching anal scene to convince a reporter that not only can you do more sexually with big knockers, the girls who sport them are hotter than tit-less wonders!",
    "genres" : [ ]
  }, {
    "id" : 95251,
    "title" : "Operation Delta Force 5: Random Fire",
    "overview" : "The Delta Force team are brought in once again to deal with an evil villain in foreign lands.",
    "genres" : [ {
      "id" : 28,
      "name" : "Action"
    }, {
      "id" : 53,
      "name" : "Thriller"
    } ]
  }, {
    "id" : 95261,
    "title" : "Stravinsky and the Ballets Russes: The Firebird / The Rite of Spring",
    "overview" : "Two ballets - The Firebird and The Rite of Spring - composed by Igor Stravinsky. Conducted by Valery Gergiev.",
    "genres" : [ {
      "id" : 10402,
      "name" : "Music"
    } ]
  }, {
    "id" : 95271,
    "title" : "Dir En Grey: 1999.12.18 Osakajo Hall",
    "overview" : "",
    "genres" : [ {
      "id" : 10402,
      "name" : "Music"
    } ]
  }, {
    "id" : 95281,
    "title" : "Ravished",
    "overview" : ".",
    "genres" : [ ]
  }, {
    "id" : 95291,
    "title" : "VNV Nation: PastPerfect - FuturePerfect Tour",
    "overview" : "The long awaited, highly anticipated VNV Nation \"Pastperfect\" DVD has finally arrived! This special limited three-disc version features two DVD’s and a CD companion. \"Pastperfect\" DVD 1 contains live concert footage recorded during the Futureperfect Tour 2001/2002 from performances in Berlin, Washington DC, and the Mera Luna Festival. DVD 2 houses supplemental bonus material ranging from interviews, the making of \"Futureperfect,\" a special on Mera Luna, “Easter eggs” and much, much more. The CD-ROM companion (only available in the limited edition) contains a section with extra live videos and photos. Special packaging, including a poster an d a sticker, will accompany this extraordinary release. North American version limited to 7000 copies. NTSC - all regions. On Metropolis.",
    "genres" : [ {
      "id" : 10402,
      "name" : "Music"
    } ]
  }, {
    "id" : 95316,
    "title" : "The Parson of Panamint",
    "overview" : "As he looks over the dusty, deserted remains of the western \"boom town\" of Panamint, grizzled old prospector Chuckawalla Bill Redfield (Ruggles) recalls the town's glory days. Looming large in Chuckawalla's reminiscences is the day that young and apparently mild-mannerd minister Philip Pharo (Phillip Terry) rode into town. In his own gentle but forceful fashion, Pharo managed to bring the town's lawless element into line, mollify the local bluenoses, and win the heart of likeable dance-hall girl Mary Mallory (Ellen Drew).",
    "genres" : [ {
      "id" : 37,
      "name" : "Western"
    } ]
  }, {
    "id" : 95321,
    "title" : "The Working Man",
    "overview" : "A successful shoe manufacturer named John Reeves goes on vacation and meets the grown children of his recently-deceased and much-respected competitor, who are on the verge of losing the family legacy through their careless behavior. Reeves takes it upon himself to save his rival's company by teaching his heirs a lesson in business.",
    "genres" : [ {
      "id" : 10749,
      "name" : "Romance"
    }, {
      "id" : 35,
      "name" : "Comedy"
    }, {
      "id" : 18,
      "name" : "Drama"
    } ]
  }, {
    "id" : 95336,
    "title" : "Truckin' Buddy McCoy",
    "overview" : "Buddy McCoy and out of work trucker, has been spending all of his time partying and raising hell, a round of good luck in a contest puts Buddy's butt in a brand new Mack truck so buddy takes his partying ways on the road! His misadventures lead him cross country raising hell. Often Buddy would get into a brawl that resulted in some guy putting a boot to Buddy's face, and Buddy would then have to - ever so politely - remove it with his fist! Women he would pick up  might try to overstay there welcome.. trying to stick around for more than one night and Buddy, - ever so gently - would have to let them down and be on his way to the next.  On a journey to try and find himself.. Buddy certainly has \"ONE HELL OF A TIME\"!",
    "genres" : [ ]
  }, {
    "id" : 95341,
    "title" : "Crazy to Act",
    "overview" : "Millionaire film producer Gordon Bagley wants to marry Ethel St. John, the leading lady in his latest film. Ethel is in love with Arthur Young, the hero of Bagley's lastest movie. Work on the film starts, and at the preview screening is shown to be disasterous. Ethel then goes away with Arthur, while Gordon runs on a rotating movie set.",
    "genres" : [ ]
  }, {
    "id" : 95346,
    "title" : "Three Girls About Town",
    "overview" : "Faith and Hope Banner, sisters, are \"convention hostesses\" in a hotel. A body is discovered next door as the magician's convention is leaving and the mortician's convention is arriving, and the sisters, with help from manager Wilburforce Puddle, try to hide it. Complicating matters, Hope's boyfriend, Tommy, is a newspaper reporter in the hotel covering some labor negotiations.",
    "genres" : [ {
      "id" : 12,
      "name" : "Adventure"
    }, {
      "id" : 35,
      "name" : "Comedy"
    } ]
  }, {
    "id" : 95351,
    "title" : "Marc Anthony: Viña del Mar 2012",
    "overview" : "Life performance of the artist at Viña del Mar 2012.",
    "genres" : [ {
      "id" : 10402,
      "name" : "Music"
    } ]
  }, {
    "id" : 95361,
    "title" : "Winter Vacation",
    "overview" : "An ordinary village in Northern China, the last day of the winter vacation. Four idle, aimless adolescents gather at Zhou Zhixin's home, a friend who lives with his father, brother and nephew. Like most contemporary teenagers, these youths want to enjoy their last day of holiday and simply hang out in this place where nothing ever seems likely to happen. Their conversations are desultory and they sometimes seem to argue for argument's sake. One of them, Laowu, talks frankly with his girlfriend about how teenage love might affect their studies, while Laobao questions school's value and relevance to real life.",
    "genres" : [ {
      "id" : 18,
      "name" : "Drama"
    } ]
  }, {
    "id" : 95371,
    "title" : "The Tunnel",
    "overview" : "An engineer is hired to plan and oversee the construction of a undersea tunnel between Europe and the US. However, certain interests don't want to see the tunnel built and use every means at their disposal, including sabotage and murder, to stop its construction.",
    "genres" : [ ]
  }, {
    "id" : 95381,
    "title" : "Kitchen Sink",
    "overview" : "From the bowels of the kitchen sink, comes a dark and tender love… An original and full-blooded short film that combines humour with surrealism and leads the viewer towards the fantasy of horror.",
    "genres" : [ {
      "id" : 27,
      "name" : "Horror"
    } ]
  }, {
    "id" : 95401,
    "title" : "My Cactus Heart",
    "overview" : "Sandy becomes a heart breaker after swearing off love. She leaves a trail of heartbroken men until her friend and a gorgeous co-worker compete for her heart.",
    "genres" : [ {
      "id" : 10749,
      "name" : "Romance"
    }, {
      "id" : 35,
      "name" : "Comedy"
    } ]
  }, {
    "id" : 95431,
    "title" : "The Flight",
    "overview" : "The film is about a group of people who in other times wouldn't have anything in common, some of them innocent bystanders, some moral criminals. But nothing is straightforward and simple. From Russia \"the run\" continues to Constantinople, to Paris, back to Russia. Some of them have understood that they can't live outside Russia and go back maybe to be happy, maybe not, some go back to face sure death for their crimes, some don't go back and know that are going to miss homeland forever, some are comfortably well off (are they?) in exile. Sentimental without syrup, tragic and comical at the same time.",
    "genres" : [ {
      "id" : 18,
      "name" : "Drama"
    }, {
      "id" : 36,
      "name" : "History"
    }, {
      "id" : 10752,
      "name" : "War"
    } ]
  }, {
    "id" : 95436,
    "title" : "Their Cups Runneth Over 2",
    "overview" : "Four Big boob sex stars heat things up in five pulse-pounding jumbo jug scenes of dripping wet XXX!",
    "genres" : [ ]
  }, {
    "id" : 95456,
    "title" : "The Mask of the Gorilla",
    "overview" : "",
    "genres" : [ {
      "id" : 28,
      "name" : "Action"
    }, {
      "id" : 18,
      "name" : "Drama"
    }, {
      "id" : 80,
      "name" : "Crime"
    } ]
  }, {
    "id" : 95461,
    "title" : "Strictly Background",
    "overview" : "For decades, film and television audiences have watched their favorite stars with little thought or concern for the people standing behind them. All of that is about to change as \"Strictly Background\" explores the charm and determination of some of Hollywood's hardest working actors, professional \"extras.\" Turning industry convention on its head, this humorous &amp; heartfelt documentary follows ten background actors as they navigate their way on and off the set. Both a behind-the-scenes look at Hollywood and a character-driven film, \"Strictly Background\" is a dynamic exploration into the pursuit of stardom and the real life struggle to stand out. Written by Hunter Woo",
    "genres" : [ {
      "id" : 99,
      "name" : "Documentary"
    } ]
  }, {
    "id" : 95466,
    "title" : "Heart of America",
    "overview" : "Starring Jurgen Prochnow ('The Replacement Killers' 'Air Force One' and Patrick Muldoon 'Stigmata' 'Starship Troopers'), 'Heart of America' is a powerhouse of a contemporary drama and essential viewing for anyone who was captivated by Michael Moore's 'Bowling For Columbine'.  It is the last day of high school and the unthinkable is about to happen.  Distraught at the constant abuse and bullying they have been subjected to, two students have made a suicide pact. But before they take their own lives, they are determined to cause chaos and murder amongst their fellow students.",
    "genres" : [ {
      "id" : 18,
      "name" : "Drama"
    } ]
  }, {
    "id" : 95481,
    "title" : "Easter Bunny Bloodbath",
    "overview" : "In 1967, Peter McKay watched as his father decapitated his sister on Easter morning. Peter never celebrated the holiday again... until now - today - in 1987. In an isolated cabin deep in the woods, Peter and his five friends will fall prey to a killer with a bloody ax to grind. A killer dressed as the Easter Bunny.",
    "genres" : [ {
      "id" : 27,
      "name" : "Horror"
    } ]
  }, {
    "id" : 95486,
    "title" : "Michael Flatley, Celtic Tiger",
    "overview" : "Michael Flatley is the internationally acclaimed master of dance. In 2005 his unrivalled skill and artistry combined in an epic that fused the spirit and history of Ireland with dance and music. The result was a masterpiece, showcasing Irish dance as a dynamic, powerful art form.  Says Michael, \"Celtic Tiger portrays the oppression of a people. The tiger itself symbolizes the awakening of their spirit in the struggle for freedom. The show itself is a 90 minute spectacular. It is very fast moving, powerful and hard-hitting and I think that it is something that you have never seen before.\"",
    "genres" : [ ]
  }, {
    "id" : 95491,
    "title" : "Violets Are Blue",
    "overview" : "Filmen er en humoristisk og bevægende fortælling om mennesker der tænker med hjertet og føler med hjernen. Vi møder TV-journalisten Mille (Lisbeth Lundquist) som er meget optaget af at frigøre sig. Hun lever sammen med John (Baard Owe), som har et gammeldags og romantisk gemyt. Hun omgi'r sig af veninden Suzanne (Annika Hoydal), der er biseksuel, vennen Uffe (Holger Juul Hansen) og massagepigen Lise. Vi stifter også bekendskab med en tåbelig jurist (Ulf Pilgaard), som Mille forelsker sig i. Hovedpersonerne er mennesker, som man kan finde dem rundt omkring i hverdagen.",
    "genres" : [ {
      "id" : 18,
      "name" : "Drama"
    } ]
  }, {
    "id" : 95506,
    "title" : "I Hate But Love",
    "overview" : "A celebrity (Yujiro Ishihara), dissatisfied with his personal and professional lives, impulsively leaves fast-paced Tokyo to deliver a much-needed jeep to a remote village. When his controlling manager, the woman he loves (Ruriko Asaoka), follows, the two must reconcile while dodging reporters.",
    "genres" : [ {
      "id" : 10749,
      "name" : "Romance"
    }, {
      "id" : 28,
      "name" : "Action"
    }, {
      "id" : 35,
      "name" : "Comedy"
    }, {
      "id" : 18,
      "name" : "Drama"
    } ]
  }, {
    "id" : 95511,
    "title" : "Kevin Smith: Burn in Hell",
    "overview" : "In this hour and a half special, writer/director/comedian/podcaster Kevin Smith conducts a riotous and outrageous Q&amp;A session about the aftermath of his latest film, Red State. Topics include such misadventures as his pissing off the entire movie blogger community at the Sundance Film Festival and being followed around the country by the highly devout, and highly angered, Phelps Family.",
    "genres" : [ {
      "id" : 35,
      "name" : "Comedy"
    } ]
  }, {
    "id" : 95516,
    "title" : "Cleanskin",
    "overview" : "While working undercover as a bodyguard to arms dealer Harry, former-soldier-turned-secret-service-agent Ewan survives a bloody shootout with a member of an Islamic terrorist cell who steals Harry's briefcase full of Semtex explosives and escapes. Ewan's spymasters task Ewan with hunting down the cell members and retrieving the briefcase.",
    "genres" : [ {
      "id" : 18,
      "name" : "Drama"
    }, {
      "id" : 53,
      "name" : "Thriller"
    }, {
      "id" : 80,
      "name" : "Crime"
    } ]
  }, {
    "id" : 95526,
    "title" : "Waiting",
    "overview" : "Young Sean McNutt (Will Keenan) -- a slacker waiter who works at a Mafia-run Italian eatery with carping customers and thieving busboys -- is shaken out of his rut when his pretty girlfriend (Hannah Dalton) dumps him for a slimy yuppie. But Sean's plan to get his life back on track hits more than a few snags in this zany indie comedy featuring cameos by porn legend Ron Jeremy and Troma Studios schlockmeister Lloyd Kaufman.",
    "genres" : [ {
      "id" : 35,
      "name" : "Comedy"
    } ]
  }, {
    "id" : 95531,
    "title" : "Carlos Santana - Presents Blues at Montreux",
    "overview" : "July 12, 2004 was a very special night at the Montreux Festival for any blues fan. With Carlos Santana as musical director (and special guest guitarist), three musical legends took to the stage; each one delivering a full concert set packed with some of the finest blues guitar playing you'll ever hear. Bobby Parker, Clarence \"Gatemouth\" Brown and Buddy Guy are all headline acts in their own right so it was a real coup to get them on one line-up. Throw in the guest appearances by Carlos Santana and Chic maestro Nile Rodgers and blues heaven is complete!",
    "genres" : [ {
      "id" : 10402,
      "name" : "Music"
    } ]
  }, {
    "id" : 95536,
    "title" : "A Talking Picture",
    "overview" : "A meditation on civilization. July, 2001: friends wave as a cruise ship departs Lisbon for Mediterranean ports and the Indian Ocean. On board and on day trips in Marseilles, Pompeii, Athens, Istanbul, and Cairo, a professor tells her young daughter about myth, history, religion, and wars. Men approach her; she's cool, on her way to her husband in Bombay. After Cairo, for two evenings divided by a stop in Aden, the captain charms three successful, famous (and childless) women, who talk with wit and intellect, each understanding the others' native tongue, a European union. The captain asks mother and child to join them. He gives the girl a gift. Helena sings. Life can be sweet.",
    "genres" : [ {
      "id" : 10752,
      "name" : "War"
    }, {
      "id" : 35,
      "name" : "Comedy"
    }, {
      "id" : 18,
      "name" : "Drama"
    }, {
      "id" : 36,
      "name" : "History"
    } ]
  }, {
    "id" : 95541,
    "title" : "Man at Large",
    "overview" : "George Reeves is cast as FBI agent Bob Grayson, working in collaboration with Max (Richard Derr), a British agent posing as a fugitive German aviator. Meanwhile, fearless girl reporter Dallas Dayle (Marjorie Weaver) is assigned by her editor to track down the enemy aviator and get an exclusive story. When she catches up with Grayson and Max, Dallas is under the impression that Grayson is a rival reporter and Max is the genuine fugitive, leading to the usual complications.",
    "genres" : [ {
      "id" : 10752,
      "name" : "War"
    }, {
      "id" : 9648,
      "name" : "Mystery"
    }, {
      "id" : 53,
      "name" : "Thriller"
    } ]
  }, {
    "id" : 95546,
    "title" : "Nous irons à Deauville",
    "overview" : "",
    "genres" : [ {
      "id" : 35,
      "name" : "Comedy"
    } ]
  }, {
    "id" : 95551,
    "title" : "The Mansion of Madness",
    "overview" : "The inmates of an insane asylum take over the institution, imprison the doctors and staff, and then put into play their own ideas of how the place should be run.",
    "genres" : [ {
      "id" : 27,
      "name" : "Horror"
    } ]
  }, {
    "id" : 95556,
    "title" : "The Liberation of L.B. Jones",
    "overview" : "A gloomy vision of the possibility of decent relations between whites and blacks anywhere, including the South. Undertaker L.B. Jones, the richest black man in his county of Tennessee, is divorcing his wife for infidelity with a white policeman. Taking a stand against racism, he is greeted with a hostile bunch of Southern bigots and other various stereotypes.",
    "genres" : [ {
      "id" : 18,
      "name" : "Drama"
    } ]
  }, {
    "id" : 95561,
    "title" : "The Love Cult",
    "overview" : "A magician/hypnotist gets the idea that he can make more money (and have a better time) by starting a sex cult than by continuing his magic act, so he becomes Brother Eros whose motto is \"Love is all that counts.\"",
    "genres" : [ {
      "id" : 18,
      "name" : "Drama"
    } ]
  }, {
    "id" : 95576,
    "title" : "Ninja Kids!!!",
    "overview" : "The film stars Seishiro Kato as Rantaro who is sent to a ninja training school by his parents. During the summer, their teacher is invaded by a group of rival ninjas culminating in a race to ring a bell on top of a mountain.",
    "genres" : [ {
      "id" : 28,
      "name" : "Action"
    }, {
      "id" : 18,
      "name" : "Drama"
    } ]
  }, {
    "id" : 95586,
    "title" : "Helmet: Chapel Hill, NC, 1990",
    "overview" : "Helmet: Chapel Hill, NC, 1990",
    "genres" : [ ]
  }, {
    "id" : 95601,
    "title" : "PJ Harvey - Live Eurockeennes 2004",
    "overview" : "PJ Harvey - Live Eurockeennes 2004",
    "genres" : [ {
      "id" : 10402,
      "name" : "Music"
    } ]
  }, {
    "id" : 95606,
    "title" : "Andy Warhol Screen Tests",
    "overview" : "The films were made between 1964 and 1966 at Warhol's Factory studio in New York City. Subjects were captured in stark relief by a strong key light, and filmed by Warhol with his stationary 16mm Bolex camera on silent, black and white, 100-foot rolls of film at 24 frames per second. The resulting two-and-a-half-minute film reels were then screened in 'slow motion' at 16 frames per second.",
    "genres" : [ {
      "id" : 99,
      "name" : "Documentary"
    } ]
  }, {
    "id" : 95611,
    "title" : "Mora Träsk på Cirkus",
    "overview" : "Mora Träsk in Concert",
    "genres" : [ {
      "id" : 10751,
      "name" : "Family"
    }, {
      "id" : 10402,
      "name" : "Music"
    } ]
  }, {
    "id" : 95621,
    "title" : "Tocaia no Asfalto",
    "overview" : "The psychology and life of Brazilian hitmen, common in the Northeast part of the country. In this particular case, the story revolves around a young and idealistic politician from Salvador, whom the enemies are eager to eliminate.",
    "genres" : [ {
      "id" : 53,
      "name" : "Thriller"
    }, {
      "id" : 80,
      "name" : "Crime"
    }, {
      "id" : 28,
      "name" : "Action"
    } ]
  }, {
    "id" : 95626,
    "title" : "Tourist Trap",
    "overview" : "A group of French tourist's dream trip to Los Angeles turns into a nightmare when their Parisian tour guide goes bankrupt and abandons them.",
    "genres" : [ {
      "id" : 10751,
      "name" : "Family"
    }, {
      "id" : 12,
      "name" : "Adventure"
    } ]
  }, {
    "id" : 95636,
    "title" : "The Return of Tommy Tricker",
    "overview" : "Welcome to the world of stamps with Tommy Tricker and friends as they learn the magic of travelling through time and space for the mere price of the postage. Though of course, nothing is as easy as it seems as they soon learn when they try to rescue Charles Merriweather, a stamp traveller frozen in time since his last attempt at stamp- travelling, 65 years ago. But Charles turns out to be a girl, his sister Molly! And she is rapidly turning into an old woman. To find a cure, Tommy takes off in a race against the time that leads him and Molly to the exotic and magical South Pacific islands.",
    "genres" : [ ]
  }, {
    "id" : 95651,
    "title" : "De Trip Van Teetje",
    "overview" : "Tate, a young and crooked businessman, thinks he can get rich quick by buying a Russian freighter in the port of Rotterdam. This turns out to be a fiasco because the ship has been arrested, the freight has been sealed by the customs and the crew has been waiting for months for their wages. When his girlfriend falls in love with the ship's mate, Tate makes a decision. He takes pity on the suffering crew and tries to save them from their helpless predicament. Written by Dennis Jansen",
    "genres" : [ ]
  }, {
    "id" : 95661,
    "title" : "Les Collègues",
    "overview" : "This is the story of a small Marseilles football club on the verge of extinction that ends up in an amateur tournament organised during the World Cup (inevitably referred to as \"La Mondialette\"). It's their opportunity to save the club. The team, made up of temperamental hotheads, will have to dodge all kinds of low blows.",
    "genres" : [ {
      "id" : 35,
      "name" : "Comedy"
    } ]
  }, {
    "id" : 95671,
    "title" : "Carmen",
    "overview" : "Georges Bizet's Carmen, filmed at the Royal Opera House in Covent Garden, London, and conducted by Antonio Pappano, tells the tragic story of a soldier who falls for the sultry Carmen and abandons his career and family to be with her.",
    "genres" : [ {
      "id" : 10402,
      "name" : "Music"
    }, {
      "id" : 10749,
      "name" : "Romance"
    } ]
  }, {
    "id" : 95686,
    "title" : "A Real Active Announcer, Immoral Insulted",
    "overview" : ".",
    "genres" : [ ]
  }, {
    "id" : 95696,
    "title" : "A Dot and a Line",
    "overview" : "The story of a young Colombian recruit who, while patrolling his country's border, is befriended by a Venezuelan adversary, and the tragic consequences of their relationship.",
    "genres" : [ {
      "id" : 18,
      "name" : "Drama"
    }, {
      "id" : 28,
      "name" : "Action"
    }, {
      "id" : 10769,
      "name" : "Foreign"
    } ]
  }, {
    "id" : 95731,
    "title" : "The Pye-Dog",
    "overview" : "The Pye-Dog, produced by Teddy Robin and written and directed by Derek Kwok, contained all the necessary ingredients for a story of friendship and camaraderie between a man and a boy. Both orphans, they bond together through school, but a secret one of them has of his true intentions threaten that established friendship, with a questioning of loyalties.",
    "genres" : [ ]
  }, {
    "id" : 95741,
    "title" : "How's Your News?",
    "overview" : "A Documentary chronicling the travels of a team of reporters and crew across America in a hand painted RV. Each of the reporters have a disability ranging from Down's Syndrome to spastic cerebal palsy and their own style for gathering news. The basic approach is \"man on the street\" reporting and the interactions are sometimes hysterical, sometimes confusing but always honest.",
    "genres" : [ {
      "id" : 99,
      "name" : "Documentary"
    } ]
  }, {
    "id" : 95751,
    "title" : "María",
    "overview" : "Based on the novel by Jorge Isaacs, it narrates the idyllic and tragic love between María and her cousin Efraín. In the middle of a romantic and bucolic landscape, the young characters fall in love with each other, but circumstances keep preventing the full realization of their love.",
    "genres" : [ {
      "id" : 10749,
      "name" : "Romance"
    }, {
      "id" : 18,
      "name" : "Drama"
    } ]
  }, {
    "id" : 95756,
    "title" : "The Antics Roadshow",
    "overview" : "The Antics Roadshow is a celebration of the pranksters, hoaxers, jokers, activists and stunt merchants who use public space for their own unauthorised ends.  This film brings together a wide range of individuals with all sorts of motivations, who have all hijacked the public arena to make a noise, be it for comedic, artistic or political ends, and have all done so using a variety of illicit and eccentric methods, which the audience should probably not try at home.",
    "genres" : [ {
      "id" : 99,
      "name" : "Documentary"
    } ]
  }, {
    "id" : 95761,
    "title" : "The Duel",
    "overview" : "With a fresh start, trying to escape an abusive past, Vance and his mother have just moved to a new city. Searching for a way to support his family while continuing his education he joins forces with Jules, who is looking for a highly skilled, basketball duel partner. With their impressive talent these two start cleaning the streets, winning every duel in town. Once word spreads they're invited to enter the ultra-violent, competitive duel championship. With high hopes for the win they'll do whatever it takes to walk off the court the new champions. Written by Elizabeth Obermeier, Marketing Manager",
    "genres" : [ {
      "id" : 28,
      "name" : "Action"
    }, {
      "id" : 18,
      "name" : "Drama"
    } ]
  }, {
    "id" : 95771,
    "title" : "Bush Mama",
    "overview" : "Bush Mama is the story of Dorothy and her husband T.C. He is a discharged Vietnam veteran who thought he would return home to a \"hero's welcome.\" Instead he is falsely arrested and imprisoned for a crime he didn't commit. Her life revolves around the welfare office and a community facing poverty and unemployment. As a result of the film's events, both the main characters become radicalized and Dorothy eventually turns to violence.  Bush Mama is an American film made by Ethiopian-American director Haile Gerima, part of the L.A. Rebellion movement of political and experimental black cinema in the 1970s. It was released in 1979 though made earlier, in 1975.",
    "genres" : [ {
      "id" : 18,
      "name" : "Drama"
    } ]
  }, {
    "id" : 95776,
    "title" : "Buscando a Mónica",
    "overview" : "A man has a street accident with his car in his way to Buenos Aires. While he waits for his car repairing, this business man learns that everybody in the little town where he's stuck seem to know about his wife Mónica. He knows little about her past, but the reactions of the townsfolk towards him range from laughing at his back to practically don't want him around. He won't leave the town until he could learn more about the secret past of his wife. But the former life of the young beautiful mother of his daughter involves a turbulent story.",
    "genres" : [ ]
  }, {
    "id" : 95781,
    "title" : "Plume au vent",
    "overview" : "Carlos, veterinary, poet, musician in his spare time and a  fun-minded Don Juan,pretends to be his friend Fernando who has inherited a pharmacy in Madrid. There he meets an old girl friend that attracts him.",
    "genres" : [ ]
  }, {
    "id" : 95801,
    "title" : "Jewboy",
    "overview" : "A young orthodox man searches for his place within his family and the rest of the world.",
    "genres" : [ ]
  }, {
    "id" : 95861,
    "title" : "Satellite",
    "overview" : "SATELLITE is a romantic fable about a young couple who give up everything they have in order to find something better.  KEVIN and RO meet and fall in love in a weekend. They swear to never lie to each other and to dare each other to do the things they're avoiding or are afraid of. They quit their jobs, sell their possessions, and begin stealing to make ends meet. And they would be incredibly happy except Ro has a secret, which threatens to destroy the relationship.",
    "genres" : [ {
      "id" : 10749,
      "name" : "Romance"
    }, {
      "id" : 18,
      "name" : "Drama"
    } ]
  }, {
    "id" : 95866,
    "title" : "The Poor Little Rich Girl",
    "overview" : "Gwen's family is rich, but her parents ignore her and most of the servants push her around, so she is lonely and unhappy. Her father is concerned only with making money, and her mother cares only about her social position. But one day a servant's irresponsibility creates a crisis that causes everyone to rethink what is important to them.",
    "genres" : [ {
      "id" : 10749,
      "name" : "Romance"
    }, {
      "id" : 35,
      "name" : "Comedy"
    }, {
      "id" : 18,
      "name" : "Drama"
    }, {
      "id" : 14,
      "name" : "Fantasy"
    } ]
  }, {
    "id" : 95871,
    "title" : "The Beiderbecke Connection",
    "overview" : "Trevor Chaplin teaches woodwork and likes to listen to jazz. Jill Chapman teaches English and wants to help save the planet. They live together and just want a quiet life. Since their last adventure in ('Beiderbecke Tapes, The (1987) (TV)' ), Jill and Trevor have a child - Firstborn. Big Al asks them to put up a friend of his and, of course, they agree. But when Ivan arrives, they find he speaks no English but thinks that \"Bix is cool\".",
    "genres" : [ ]
  }, {
    "id" : 95896,
    "title" : "Rush",
    "overview" : "An escaped convict and a call girl meet and form an unlikely bond while on a road trip evading various contract killers and police agents looking for them.",
    "genres" : [ ]
  }, {
    "id" : 95906,
    "title" : "Girl Talk",
    "overview" : "Mick Blue us secretly in love with the beautiful Kayden Kross, his roommate. One night she kicks Mick and his buddies out of the house so she can party with her hot girlfriends and have a 'ladies night'. Mick, desperate for her sexual attention, gets talked into crashing Kayden's little naughty party by dressing up as a girl. Horny stud, Scott nails, decides to dress up with Mick and sneak in. All insanity breaks loose as the boys get busy with one girl after another. Kayden catches Scott doing it hard with Loni Evans while Manuel Ferrara, the pizza guy, gets nasty with one of the sexy, hot chicks, too. Room by room, the girls turn their party into a wild, fun-filled sex-travaganza! Kayden makes Mick's lewd fantasies come true when she realizes he's the man to fulfill all her lusty desires.",
    "genres" : [ ]
  }, {
    "id" : 95916,
    "title" : "Invasion of Alien Bikini",
    "overview" : "Young-Gun is a virgin who always tries to do the right thing. He wanders around the city every night as protector of the people. Nobody asked Young-Gun to do this and he doesn't get paid, but he risks his life for the common good and also picks up trash along the way. One evening, he hears a woman screaming. After fighting with mysterious men, Young-Gun saves her and takes her back to his house. Young-Gun has a crush on her, but she is an alien who has been sent to Earth to increase her species. Before dawn, she has to find the best sperm and become fertilized with the sperm. Young-Gun has taken a vow of chastity until marriage, so he can't give the alien what she wants. Throughout the long night the beautiful alien tries to get his sperm... Can the thirty something virgin Young-Gun overcome tempation from the alien? Can Young-Gun save Planet Earth?",
    "genres" : [ {
      "id" : 878,
      "name" : "Science Fiction"
    }, {
      "id" : 35,
      "name" : "Comedy"
    }, {
      "id" : 10749,
      "name" : "Romance"
    } ]
  }, {
    "id" : 95921,
    "title" : "Four",
    "overview" : "The plan: Kidnap your wife's lover. Take him to a remote warehouse. Hurt him a little. Scare him a lot. Keep your hands clean – hire a detective for the dirty work. Simple? There's no such thing as simple.",
    "genres" : [ {
      "id" : 53,
      "name" : "Thriller"
    } ]
  }, {
    "id" : 95941,
    "title" : "Go Hunting  --  Saori Watanuki",
    "overview" : ".",
    "genres" : [ ]
  }, {
    "id" : 95946,
    "title" : "The Swamp of the Ravens",
    "overview" : "Dr. Frosta dumps body parts and corpses in the marsh, where they rise up again for vengeance.",
    "genres" : [ {
      "id" : 27,
      "name" : "Horror"
    } ]
  }, {
    "id" : 95956,
    "title" : "The Temptress",
    "overview" : "In a masked ball in Paris, Manuel Robledo, a young Argentinian architect, meets Elena, the Marquess of Torre Blanca. Later, the young woman is rightly accused causing the misfortune and loss of wealth of Fontenoy, a man who fell for her charms. To escape social criticism, the Marquis of Torre Blanca transfers his residence to Argentina. There, Elena meets again Manuel, when he is building a river's dam. Manos Duras, a thug, harasses Elena, and when Manuel intervenes, he defies him to a whip duel. The duel is long and vicious, both men suffering many cuts on their faces and naked chests, but in the end, the thug is vanquished and humiliated. Manos Duras sets up an ambush to murder Manuel, but the Marquis of Torre Blanca is killed instead. Now, there only two men in love for Elena, the eternal temptress",
    "genres" : [ {
      "id" : 10749,
      "name" : "Romance"
    }, {
      "id" : 18,
      "name" : "Drama"
    } ]
  }, {
    "id" : 95966,
    "title" : "Thomasine & Bushrod",
    "overview" : "A rare blaxploitation classic starring Vonette McGee &amp; Max Julien, Thomasine &amp; Bushrod was intended as a counterpart to Bonnie and Clyde. This pair of thieves, who operate in the American south between 1911 and 1915, pattern themselves after Robin Hood and hold the White Establishment as (a 'modern-day') Sheriff of Nottingham. Here's the clincher-- Thomasine and Bushrod steal from rich, white capitalists, then give to Mexicans, Native Americans and poor whites.",
    "genres" : [ {
      "id" : 37,
      "name" : "Western"
    }, {
      "id" : 80,
      "name" : "Crime"
    }, {
      "id" : 28,
      "name" : "Action"
    }, {
      "id" : 18,
      "name" : "Drama"
    } ]
  }, {
    "id" : 95986,
    "title" : "Wer hat Angst vorm schwarzen Mann?",
    "overview" : "A child death in a small german town dismay its inhabitants, who start to think that the death is related with an old leyend.",
    "genres" : [ {
      "id" : 53,
      "name" : "Thriller"
    }, {
      "id" : 9648,
      "name" : "Mystery"
    } ]
  }, {
    "id" : 95991,
    "title" : "El sistema Pelegrín",
    "overview" : "Hector Pelegrin, an unsuccessful insurance agent is admitted to the prestigious school Ferran as a gym teacher. The only problem is that he completely lacks the necessary skills for the job. He organizes a game between the football team at his school and another center, a historic rival, resulting in a surprise full of humorous criticism to our society. Pelegrin tries to convince everyone that football is just a sport",
    "genres" : [ ]
  }, {
    "id" : 96001,
    "title" : "Hard Labor",
    "overview" : "With her husband having lost his job, Helena opens her own grocery store, but is soon plagued by strange occurrences.",
    "genres" : [ {
      "id" : 18,
      "name" : "Drama"
    }, {
      "id" : 27,
      "name" : "Horror"
    } ]
  }, {
    "id" : 96011,
    "title" : "Touch the Top of the World",
    "overview" : "The story of the first blind man ever to reach the summit of Mount Everest",
    "genres" : [ {
      "id" : 18,
      "name" : "Drama"
    } ]
  }, {
    "id" : 96016,
    "title" : "Mi noche de bodas",
    "overview" : "Afther their wedding ceremony, Fernanda and Cosme Martínez go to a luxury hotel to consummate. They receive there some gifts and they find one fabulous diamant bracalet with a note for Fernanda  thanking her for unfforgetable nights. Cosme feel jelause and Fernanda offended and during their wedding night they go from one place to another to find out the misunderstanding.",
    "genres" : [ ]
  }, {
    "id" : 96026,
    "title" : "Ramin",
    "overview" : "Ramin, an ex-wrestler who once won seven matches in 55 seconds, lives alone in the east Georgian town of Kvareli. Long time ago he fell in love with a girl whom he lost soon after he met her. Now, at 75, still unmarried but full of life, he travels to a remote Georgina village to seek her out. This film presents Ramir's journey through the Georgian landscape and through the memories of this man with a old aged body and an unbeatable heart.",
    "genres" : [ {
      "id" : 99,
      "name" : "Documentary"
    }, {
      "id" : 18,
      "name" : "Drama"
    } ]
  }, {
    "id" : 96031,
    "title" : "Hierro Dulce",
    "overview" : "Emilio is an executive in his thirties who is driven to set up an abandoned factory with the participation of a variety of quirky characters. For it, agrees to carry a suitcase with 40 million pesetas inside.",
    "genres" : [ ]
  }, {
    "id" : 96041,
    "title" : "Modern life",
    "overview" : "The lives of three people faced with an uncertain future.\r Marguerite, 17, is uncomfortable with her family enviroment and turns to God.\r Claire, who desperately wants a child, encounters again a former lover.\r Eva asks the unemployed Jacques, who has been left by his wife and his daughter, to find a missing friend.",
    "genres" : [ {
      "id" : 35,
      "name" : "Comedy"
    }, {
      "id" : 18,
      "name" : "Drama"
    } ]
  }, {
    "id" : 96051,
    "title" : "Motherland Hotel",
    "overview" : "The lonely proprietor of a small hotel in a provincial Turkish town develops a passion for a departed guest.",
    "genres" : [ ]
  }, {
    "id" : 96061,
    "title" : "Mercenary",
    "overview" : "In a hostile medieval world dominated by the Great Master Agragon, a fortune soldier, the Nameless Warrior, tries to change his life and start again after many years of violence and disputes. When, discouraged and disarmed by Agragon's betrayal, gets the assignment to custody some smugglers to the remote Great Prairi, he can't yet imagine he is about to decide his destiny and of the whole world who waits anxious the arrival of great change. Dark monks, hidden spots and a gallery of unforgettable characters in an epic of impressive dimensions.",
    "genres" : [ {
      "id" : 16,
      "name" : "Animation"
    }, {
      "id" : 18,
      "name" : "Drama"
    }, {
      "id" : 53,
      "name" : "Thriller"
    }, {
      "id" : 10769,
      "name" : "Foreign"
    } ]
  }, {
    "id" : 96071,
    "title" : "Sportfreunde Stiller - MTV Unplugged in New York",
    "overview" : "Sportfreunde Stiller is only the sixth German band ever to record an MTV Unplugged concert. An accolade for the three boys from Munich. The title 'Unplugged in New York' can be read with a wink as 'New York' is just outside Munich: In a stunt hall of the Bavaria Film Studios the 'Sportis' were playing the biggest hits from their previous five albums, two cover songs and three brand new tracks. And they have invited guests: actress Meret Becker, The Subways and Udo Jürgens. A special kind of a \"Best of\", a must-see for any fan!",
    "genres" : [ ]
  }, {
    "id" : 96096,
    "title" : "The Sexual Messiah",
    "overview" : "Hardcore | Sex",
    "genres" : [ ]
  }, {
    "id" : 96101,
    "title" : "You're Invited to Mary-Kate & Ashley's School Dance Party",
    "overview" : "Mary-Kate, Ashley and their friends are all excited about the big school dance.  Unfortunately, Mary-Kate doesn't have a date yet, and Ashley is nervous about her decision to run for Queen of the Dance.  Join the girls as they put on their best outfits and get ready to party because you're invited to dance the night away with Mary-Kate and Ashley.",
    "genres" : [ {
      "id" : 10751,
      "name" : "Family"
    } ]
  }, {
    "id" : 96106,
    "title" : "Battle of the Amazons",
    "overview" : "A tribe of vicious female warriors terrorizes the countryside, and especially the males, until one day the men and some local villagers decide to fight back.",
    "genres" : [ {
      "id" : 14,
      "name" : "Fantasy"
    }, {
      "id" : 28,
      "name" : "Action"
    } ]
  }, {
    "id" : 96121,
    "title" : "Guns N' Roses: Rock in Río III",
    "overview" : "",
    "genres" : [ ]
  }, {
    "id" : 96126,
    "title" : "Trigger, Jr.",
    "overview" : "Evil Grant Withers lets a killer horse loose to ruin valuable horses on nearby ranches. He hopes to shake down the ranchers for his \"protection\". Roy tracks down the bad guys, but is suddenly trapped by them. Peter Miles, a boy terrified of horses, overcomes his fear and rides for help to save the day.",
    "genres" : [ {
      "id" : 28,
      "name" : "Action"
    }, {
      "id" : 37,
      "name" : "Western"
    } ]
  }, {
    "id" : 96131,
    "title" : "Tribes",
    "overview" : "A Marine Corps drill instructor who is disgusted by the fact that the Corps now accepts draftees finds himself pitted against a hippie who has been drafted but refuses to accept the military's way of doing things.",
    "genres" : [ {
      "id" : 10770,
      "name" : "TV Movie"
    }, {
      "id" : 18,
      "name" : "Drama"
    } ]
  }, {
    "id" : 96136,
    "title" : "Confirm or Deny",
    "overview" : "Newsman Mitch and teletype operator Jennifer, whose job is to see he doesn't send inappropriate stuff out of the country, dodge bombs during the blitz of London while falling in love.",
    "genres" : [ {
      "id" : 10752,
      "name" : "War"
    }, {
      "id" : 18,
      "name" : "Drama"
    } ]
  }, {
    "id" : 96141,
    "title" : "Trois 3: The Escort",
    "overview" : "When a hip-hop promoter is bailed out of a hefty debt by a club owner, he becomes one of her call boys and nearly loses his life in the process.",
    "genres" : [ {
      "id" : 18,
      "name" : "Drama"
    }, {
      "id" : 53,
      "name" : "Thriller"
    }, {
      "id" : 10749,
      "name" : "Romance"
    } ]
  }, {
    "id" : 96156,
    "title" : "The Meaning",
    "overview" : "The semi-autobiographical film was written by Mahesh Bhatt about his extramarital relationship with actress Parveen Babi.",
    "genres" : [ ]
  }, {
    "id" : 96161,
    "title" : "The Office Wife",
    "overview" : "Larry Fellowes of Fellowes Publishing wants Kate to write her next book about the 'Office Wife'. The personal secretary/stenographer spends more time with the busy executive and makes more decisions than his wife ever will. This creates a bond between the secretary and boss that the wife can not hope to equal. Little does Larry know that sometimes literature mirrors life.",
    "genres" : [ {
      "id" : 18,
      "name" : "Drama"
    }, {
      "id" : 10749,
      "name" : "Romance"
    } ]
  }, {
    "id" : 96171,
    "title" : "Men of Respect",
    "overview" : "In this modern day version of Shakespeare's Macbeth, a hitman heeds a spiritualist's prophesies that he will rise to the head of his family. He starts his ascension by clandestinely executing the heads of the family and casting the blame on others. However, with power comes consequences that are also predicted by the seer.",
    "genres" : [ {
      "id" : 18,
      "name" : "Drama"
    }, {
      "id" : 28,
      "name" : "Action"
    }, {
      "id" : 80,
      "name" : "Crime"
    } ]
  }, {
    "id" : 96186,
    "title" : "The Magician",
    "overview" : "In this scene is shown a magician behind an ordinary table, upon which he suddenly and mysteriously causes to appear a large box, into which he leaps. The sides of the box fall to the ground, but instead of containing the magician a lively clown steps forth who further mystifies the audience by causing the box to disappear, and in its place is seen a fully laid table with a smoking dinner, to which the clown applies himself. The table, however, suddenly disappears much to the astonishment of the clown, who is confronted by the magician in the garb of Mephistopheles. This he suddenly changes to that of a sculptor, and in the background is seen a pedestal with the bust of a young lady, which comes to life as the sculptor applies the mallet and chisel.",
    "genres" : [ {
      "id" : 14,
      "name" : "Fantasy"
    }, {
      "id" : 18,
      "name" : "Drama"
    } ]
  }, {
    "id" : 96196,
    "title" : "The Governess",
    "overview" : "When the father of privileged Rosina da Silva violently dies, she decides to pass herself off as a gentile and finds employment with a family in faraway Scotland. Soon she and the family father, Charles, start a passionate secret affair.",
    "genres" : [ {
      "id" : 18,
      "name" : "Drama"
    }, {
      "id" : 10749,
      "name" : "Romance"
    } ]
  }, {
    "id" : 96201,
    "title" : "Lola",
    "overview" : "Lola is a young woman who works in a factory. She lives a violent and tormented love with Mario. To get away from him, Lola moved to Barcelona. There he met Robert, CEO of a major company, with whom she starts a relationship.",
    "genres" : [ {
      "id" : 18,
      "name" : "Drama"
    } ]
  }, {
    "id" : 96211,
    "title" : "Las secretarias",
    "overview" : "Three young and attractive secretaries, Julia, Paula and Doli, work in an insurance company.",
    "genres" : [ {
      "id" : 35,
      "name" : "Comedy"
    } ]
  }, {
    "id" : 96216,
    "title" : "Eloisa Is Underneath an Almond Tree",
    "overview" : "Fernando returns to his hometown after years studying in Brussels to meet with a strange suicide note written by his father ten years earlier. This leads him to discover the portrait of a woman supposedly murdered in the house and a mysterious music box. Chance leads him to the house of the eccentric family Briones and to Mariana, a young woman who is living image of the portrait and possessor of a box identical to that discovered by the young man.",
    "genres" : [ ]
  }, {
    "id" : 96231,
    "title" : "August. Eighth",
    "overview" : "August Eighth - story of an ordinary young woman. Ksenia's life is not too happy. Problem at work, problem in personal life, problem with mother, a baby requiring constant cares... Ksenia want to spend a few days in Sochi with new boyfriend, and mom sends her son Artem to the boy's father on Caucasus. But Georgia started war and she must overcome fear, overcome circumstances, she must save her child...",
    "genres" : [ {
      "id" : 28,
      "name" : "Action"
    }, {
      "id" : 18,
      "name" : "Drama"
    } ]
  }, {
    "id" : 96236,
    "title" : "Twiggy",
    "overview" : "Sarah seems to have the world at her feet. She's young, bright, pretty, free spirited yet hard working, with a real passion for life. Then, in just one day, she loses her job, is told she will have to move out of her apartment, and discovers she is seven months pregnant.",
    "genres" : [ {
      "id" : 18,
      "name" : "Drama"
    } ]
  }, {
    "id" : 96241,
    "title" : "Ballymun Lullaby",
    "overview" : "Music teacher Ron Cooney has been working in the Republic of Ireland's only high-rise housing estate for fifteen years. During this time he has seen the area undergo a dramatic transformation, including the demolition of six of it's seven tower blocks. Ron's ambition is to create a 'world class' collection of music for his talented students to play and write lyrics for. This music will challenge the negative views many still hold of the area - views that have the potential to hold his students back, and undermine the aims of the Ballymun Music Programme.",
    "genres" : [ {
      "id" : 99,
      "name" : "Documentary"
    } ]
  }, {
    "id" : 96246,
    "title" : "In Our Nature",
    "overview" : "A portrait of two couples at a crossroads. What was supposed to be a romantic getaway for two young lovers, turns into an uncomfortable confrontation when the young man's estranged father shows up ... with his own girlfriend. As their collisions mount, the weekend transforms into a major turning point for each of them.",
    "genres" : [ {
      "id" : 18,
      "name" : "Drama"
    } ]
  } ]
}