{
  "movies" : [ {
    "id" : 292336,
    "title" : "The Maestro Rides Again",
    "overview" : "A Les Blank short film from 2005.",
    "genres" : [ {
      "id" : 99,
      "name" : "Documentary"
    } ]
  }, {
    "id" : 292341,
    "title" : "Red Noses",
    "overview" : "Thelma and Zasu go to a Turkish bath to try to get rid of a cold.",
    "genres" : [ {
      "id" : 35,
      "name" : "Comedy"
    } ]
  }, {
    "id" : 292346,
    "title" : "Sing Sister Sing",
    "overview" : "At a residence hotel, Patsy is moving in with Thelma. Thelma has prepared some rules, including singing whenever one feels quarrelsome or angry. Although Thelma tells Patsy that they'll share everything, there's precious little closet or drawer space for Patsy's clothes, little room to maneuver around Thelma in the bathroom, and then a sleepless night for Patsy when Thelma goes sleepwalking. Can they share and share alike, or will Patsy keep on singing?",
    "genres" : [ {
      "id" : 35,
      "name" : "Comedy"
    } ]
  }, {
    "id" : 292351,
    "title" : "93, rue Lauriston",
    "overview" : "",
    "genres" : [ {
      "id" : 80,
      "name" : "Crime"
    }, {
      "id" : 18,
      "name" : "Drama"
    }, {
      "id" : 36,
      "name" : "History"
    } ]
  }, {
    "id" : 292356,
    "title" : "In the Town of S.",
    "overview" : "A portrait of a Russian community in the late 19th century based on Chekhov's stories, featuring the author as observer and narrator.",
    "genres" : [ ]
  }, {
    "id" : 292361,
    "title" : "La via del petrolio",
    "overview" : "Documentary mini-series directed by Bernardo Bertolucci.",
    "genres" : [ ]
  }, {
    "id" : 292366,
    "title" : "Victims of Lust",
    "overview" : "Directed by Muhsin Ertugrul.",
    "genres" : [ {
      "id" : 18,
      "name" : "Drama"
    } ]
  }, {
    "id" : 292371,
    "title" : "Pinto",
    "overview" : "When Pinto reaches her eighteenth birthday, the five wealthy Arizonans who adopted her upon the death of her parents decide that ranch life will never make a lady of her. Their old friend Pop Audry, formerly of Arizona and now a member of New York society, agrees to provide Pinto with the necessary education. Accordingly, Pinto and her cowboy nursemaid Looey are dispatched to New York where they lose Audry's address. ...",
    "genres" : [ {
      "id" : 35,
      "name" : "Comedy"
    }, {
      "id" : 37,
      "name" : "Western"
    } ]
  }, {
    "id" : 292376,
    "title" : "Grand Review",
    "overview" : "The Buffalo Bill's Wild West Show introduces rough riders from all the world.",
    "genres" : [ {
      "id" : 37,
      "name" : "Western"
    }, {
      "id" : 99,
      "name" : "Documentary"
    } ]
  }, {
    "id" : 292381,
    "title" : "The Clockwork Girl",
    "overview" : "A nameless robot girl has recently been given the gift of life from her creator, while exploring the wonders of an ordinary world she meets an amazing mutant boy and they share a friendship that must overcome their warring families.",
    "genres" : [ {
      "id" : 16,
      "name" : "Animation"
    } ]
  }, {
    "id" : 292386,
    "title" : "Zorro, Rider of Vengeance",
    "overview" : "In Old Calfiornia, an unscrupulous adventurer massacre Indians in order to find an ancient (and precious) talisman they are supposed to hide. Zorro will be on the rescue to protect both the pioneers and the Indians. This adventure has very little in common with the traditional swashbuckling backstage of Zorro's films but many elements of a western film.",
    "genres" : [ {
      "id" : 12,
      "name" : "Adventure"
    }, {
      "id" : 37,
      "name" : "Western"
    } ]
  }, {
    "id" : 292391,
    "title" : "Labour of Love",
    "overview" : "Set in the crumbling environs of Calcutta, Labour of Love is a lyrical unfolding of two ordinary lives suspended in the duress of a spiralling recession.",
    "genres" : [ {
      "id" : 18,
      "name" : "Drama"
    } ]
  }, {
    "id" : 292396,
    "title" : "Deliverance Creek",
    "overview" : "Set at the end of the Civil War, widowed mother of 3 Belle Gatlin Barlowe faces uncertainty as she attempts to defend her family's land by any means necessary. When the corrupt bank that runs their town pushes Belle into becoming an outlaw, the stakes become personal, setting off a chain of events that force her to question whether it's better to be good or to survive.",
    "genres" : [ {
      "id" : 18,
      "name" : "Drama"
    } ]
  }, {
    "id" : 292401,
    "title" : "Fick For Fun",
    "overview" : "",
    "genres" : [ ]
  }, {
    "id" : 292406,
    "title" : "The Voice",
    "overview" : "Directed by Zeki Ökten.",
    "genres" : [ ]
  }, {
    "id" : 292411,
    "title" : "Unsere Schwester fickt uns alle",
    "overview" : "",
    "genres" : [ ]
  }, {
    "id" : 292416,
    "title" : "Sex Attack Berlin 4 - Versaute Lesben",
    "overview" : "",
    "genres" : [ ]
  }, {
    "id" : 292421,
    "title" : "Sex Attack Berlin 19 - Nach Arsch kommt Maul",
    "overview" : "",
    "genres" : [ ]
  }, {
    "id" : 292426,
    "title" : "Der 21. Juli",
    "overview" : "",
    "genres" : [ {
      "id" : 878,
      "name" : "Science Fiction"
    } ]
  }, {
    "id" : 292431,
    "title" : "Love",
    "overview" : "Murphy is an American living in Paris who enters a highly sexually and emotionally charged relationship with the unstable Electra. Unaware of the seismic effect it will have on their relationship, they invite their pretty neighbor into their bed.",
    "genres" : [ {
      "id" : 18,
      "name" : "Drama"
    }, {
      "id" : 10749,
      "name" : "Romance"
    } ]
  }, {
    "id" : 292436,
    "title" : "Iraqi Odyssey",
    "overview" : "Tracing the emigrations of his family over more than half a century, this riveting documentary epic from acclaimed expatriate Iraqi filmmaker Samir pays moving homage to the frustrated democratic dreams of a people successively plagued by the horrors of dictatorship, war and foreign occupation of Iraq.",
    "genres" : [ {
      "id" : 99,
      "name" : "Documentary"
    } ]
  }, {
    "id" : 292441,
    "title" : "Deutschlands Superstar voll erwischt",
    "overview" : "",
    "genres" : [ ]
  }, {
    "id" : 292446,
    "title" : "I'm a Victim of This Song",
    "overview" : "With I'm a Victim of this Song, Rist takes up the concept of the \"cover\" version, in which one performer does a version of another's song, and gives it her own twist. Starting with music from Chris Isaak's hit single Wicked Game, she adds her own sung and screamed versions of the lyrics, accompanied by effects-manipulated, diaristic video images. The result is an art-world \"cover\" of a popular artifact, with a woman's voice reinterpreting the male original, and a vivid illustration of the consumer's claim to own and interpret media images.",
    "genres" : [ ]
  }, {
    "id" : 292451,
    "title" : "Lost and Found: The Story of Cook's Anchor",
    "overview" : "Director David Lean became involved in the search for an anchor lost by Captain Cook in 1773.  This documentary follows the search for this historic item.",
    "genres" : [ {
      "id" : 99,
      "name" : "Documentary"
    } ]
  }, {
    "id" : 292456,
    "title" : "Blondes Gift",
    "overview" : "",
    "genres" : [ ]
  }, {
    "id" : 292461,
    "title" : "Cinderella",
    "overview" : "",
    "genres" : [ ]
  }, {
    "id" : 292466,
    "title" : "Die Bräute der Fernfahrer",
    "overview" : "",
    "genres" : [ ]
  }, {
    "id" : 292471,
    "title" : "Welcome to Canada",
    "overview" : "Newfoundlanders share their food, culture, and homes with a group of Tamil refugees found off the coast.",
    "genres" : [ ]
  }, {
    "id" : 292476,
    "title" : "When Nations Quarrel",
    "overview" : "Propaganda film released in 1915.",
    "genres" : [ ]
  }, {
    "id" : 292481,
    "title" : "Henry & Me",
    "overview" : "Henry &amp; Me tells the courageous story of Jack (AUSTIN WILLIAMS), a brave young boy who is dealt a life changing blow. Low on confidence and filled with self-doubt, hope seems lost until a mysterious stranger named Henry (RICHARD GERE) appears. With the touch of his pin, Henry sweeps Jack away to a magical world where illness no longer exists and New York Yankee legends play forever. The incredible journey brings Jack face to face with Babe Ruth (CHAZZ PALMINTERI), Thurman Munson (PAUL SIMON), Lefty Gomez (LUIS GUZMAN) and Mickey Mantle (DAVID MANTLE) – who all teach Jack to face his fears and never give up. The movie climaxes at Yankee stadium, where Jack must test his newfound courage to save the season and find his way home. Featuring an all star-cast of unforgettable characters, Henry &amp; Me is heartwarming movie experience for the entire family with a message of hope… when life throws a curve… swing away!",
    "genres" : [ {
      "id" : 10751,
      "name" : "Family"
    }, {
      "id" : 16,
      "name" : "Animation"
    } ]
  }, {
    "id" : 292486,
    "title" : "The Wedding Tape",
    "overview" : "Fisnik is about to embark on a absurd journey in creating a fake weeding video, to get the German visa. He has to succeed in convincing his family, friends, and his ex to join him in this crazy journey.",
    "genres" : [ {
      "id" : 18,
      "name" : "Drama"
    }, {
      "id" : 35,
      "name" : "Comedy"
    } ]
  }, {
    "id" : 292491,
    "title" : "Outlaws' Paradise",
    "overview" : "Bill Carson assumes the identity of gang leader Trigger Mallory in order to fool his gang and his girlfriend.",
    "genres" : [ {
      "id" : 37,
      "name" : "Western"
    } ]
  }, {
    "id" : 292496,
    "title" : "Erwischt 3",
    "overview" : "",
    "genres" : [ ]
  }, {
    "id" : 292501,
    "title" : "National Geographic: 9/11 Conspiracies",
    "overview" : "The world watched in horror as the events of September 11, 2001 unfolded. No stone has been left unturned in the painstaking process of piecing together what happened on that fateful day. The government's official version of events has been consistent: Hijackers commandeered commercial jetliners in a highly coordinated terrorist attack on the World Trade Center and Pentagon that took the lives of some 3,000 Americans. Theories abound contradicting the official version of events: Did the Twin Towers really collapse from the fires, or did explosives inside cause the buildings to implode? Was the Pentagon hit by a missile, and not a commercial airliner? And why do so many people believe theories like these?",
    "genres" : [ {
      "id" : 99,
      "name" : "Documentary"
    } ]
  }, {
    "id" : 292506,
    "title" : "Shock: My Abstraction of Death",
    "overview" : "A pair of twisted tales from two filmmakers that are quickly emerging as the next generation of Italian Horror directors. Episode One: Celeste and her husband rent a country house for the holidays. An earthquake recently destroyed part of the small town, and the house seems to have been recently renovated ... but with much haste. Often alone in the house, Celeste begins to experience horrible visions that seem to emerge from the cracks in the walls. As her mind begins to slip away,she continues to see and hear things that can't be explained, especially to her skeptical husband. Episode Two: Yuri and Max have been friends for a lifetime, spending their evenings drinking and discussing their lives. But this particular evening will be their last.",
    "genres" : [ ]
  }, {
    "id" : 292511,
    "title" : "Hilfe! Polizei",
    "overview" : "",
    "genres" : [ ]
  }, {
    "id" : 292516,
    "title" : "Sesamstraße - Ich bin schon groß!",
    "overview" : "",
    "genres" : [ {
      "id" : 10751,
      "name" : "Family"
    } ]
  }, {
    "id" : 292521,
    "title" : "West New York",
    "overview" : "An ex-cop finds himself on the outs with both sides of the law in this drama.",
    "genres" : [ ]
  }, {
    "id" : 292526,
    "title" : "Das Winterhaus",
    "overview" : "",
    "genres" : [ {
      "id" : 18,
      "name" : "Drama"
    } ]
  }, {
    "id" : 292531,
    "title" : "Who Gets to Call It Art?",
    "overview" : "Metropolitan Museum of Art curator Henry Geldzahler reflects on the 1960s pop art scene in New York.",
    "genres" : [ ]
  }, {
    "id" : 292536,
    "title" : "Winter Flight",
    "overview" : "British drama about a young member of the RAF who finds that his new girlfriend is pregnant.",
    "genres" : [ {
      "id" : 10749,
      "name" : "Romance"
    }, {
      "id" : 18,
      "name" : "Drama"
    } ]
  }, {
    "id" : 292541,
    "title" : "Meine beste Freundin",
    "overview" : "",
    "genres" : [ ]
  }, {
    "id" : 292546,
    "title" : "Yo, el mujeriego",
    "overview" : "Playboy bachelor poses as a woman's husband to protect her daughter's reputation at a private school. Remake of El Mil Amores (1955).",
    "genres" : [ {
      "id" : 35,
      "name" : "Comedy"
    } ]
  }, {
    "id" : 292551,
    "title" : "MMV Casting 2",
    "overview" : "",
    "genres" : [ ]
  }, {
    "id" : 292561,
    "title" : "Sachsen Elli",
    "overview" : "",
    "genres" : [ ]
  }, {
    "id" : 292566,
    "title" : "Mind the Gap",
    "overview" : "Mind The Gap shows freeskiing filming at it´s highest level yet including th most spectacular follow-cam filming seen anywhere. With the feeling of gliding through the air, \"skifilm\" capture Charles Gagnier as he does a huge 900 tail grab at Breckenridge while Candide lives up to his big reputation doing an amazing 630 to rail. J  on Olsson does his new kangaroo flip and Andreas Haatveit does a 270 on to an incredibly long 43 step street rail. JF Houle does an amazing 70meter bio 9 mute while Grete Eliassen and Michelle Parker lay down for girls and Sweeden´s 14 year old new comer Henrik Harlaut shows his emerging talent.  Andreas Haatveit, after last year´s record high trick at June mountain, again provides a spectacular sequence doing 900 on an incredible 35 meter gap from an 8 meter kicker while the camera crew follow him right across the 35m gap, up close, in one of the most amazing ski film shots ever seen.",
    "genres" : [ ]
  }, {
    "id" : 292571,
    "title" : "Liebling, ich bin da",
    "overview" : "",
    "genres" : [ {
      "id" : 35,
      "name" : "Comedy"
    } ]
  }, {
    "id" : 292576,
    "title" : "Der Zubringer",
    "overview" : "",
    "genres" : [ {
      "id" : 18,
      "name" : "Drama"
    } ]
  }, {
    "id" : 292581,
    "title" : "Killing Dad",
    "overview" : "A man, always very devoted to his mother, decides to look for his father whom he never met. He meats a seducing older woman prone to drinking and her aged boyfriend whom she grew tired of.",
    "genres" : [ ]
  }, {
    "id" : 292586,
    "title" : "Die Löwin",
    "overview" : "",
    "genres" : [ {
      "id" : 18,
      "name" : "Drama"
    } ]
  }, {
    "id" : 292591,
    "title" : "Rune Klan: Forbudt For Børn",
    "overview" : "A small venue show utilizing the audience, and an insane amount of magic tricks.",
    "genres" : [ {
      "id" : 35,
      "name" : "Comedy"
    } ]
  }, {
    "id" : 292596,
    "title" : "I'm in the Corner with the Bluebells",
    "overview" : "Amid the cheery chaos of a family gathering, Julie, happily married and a loving mother, meets her half-brother for the first time. Julie’s unexpected feelings towards him are surprisingly not altogether unwelcome — a predicament not lost on anyone present.",
    "genres" : [ {
      "id" : 10751,
      "name" : "Family"
    }, {
      "id" : 18,
      "name" : "Drama"
    } ]
  }, {
    "id" : 292601,
    "title" : "Brutalos",
    "overview" : "A short horror movie directed by Christophe Billeter and David Leroy.",
    "genres" : [ {
      "id" : 27,
      "name" : "Horror"
    } ]
  }, {
    "id" : 292606,
    "title" : "A Single Body",
    "overview" : "Best friends and skilled abattoir workers David and Wani are saving to open their own butchery, but before they can realise their dream the arrival of a new worker and new reality will test the bonds of their shared life.",
    "genres" : [ {
      "id" : 18,
      "name" : "Drama"
    } ]
  }, {
    "id" : 292611,
    "title" : "Confessions Of A Call Girl",
    "overview" : "A call girl marries a politician only to have her secret life cause complications.",
    "genres" : [ {
      "id" : 53,
      "name" : "Thriller"
    }, {
      "id" : 18,
      "name" : "Drama"
    }, {
      "id" : 9648,
      "name" : "Mystery"
    } ]
  }, {
    "id" : 292616,
    "title" : "Snooky's Twin Troubles",
    "overview" : "In Twin Troubles, Snooky comes to the rescue after Officer Casey’s twin daughters are kidnapped as part of a preposterous plot to enter them in a beauty contest and make off with the $1,000 prize.",
    "genres" : [ ]
  }, {
    "id" : 292621,
    "title" : "West Indian Girls in Native Dance",
    "overview" : "Five St. Thomas belles dancing their native dance the \"She-She,\" in a beautiful garden full of tropical plants. Very interesting. (Taken on the midwinter cruise of the S. S. \"Prinzessin Victoria Luise\" of the Hamburg-American Line.)",
    "genres" : [ ]
  }, {
    "id" : 292626,
    "title" : "What Else Is New?",
    "overview" : "The film is about an imaginative and lively student who transforms her immediate family and surroundings when she talks herself into writing a novel.",
    "genres" : [ ]
  }, {
    "id" : 292631,
    "title" : "Negociador",
    "overview" : "Manu Aranguren is a Basque politician who acts as a mediator for the Spanish government in its negotiations with ETA. Far from being a solemn, calculated occasion, unexpected occurrences, slip-ups or misunderstandings soon kick in to influence the dialogue. And the personal relationship between negotiators will be key in solving the conflict.",
    "genres" : [ {
      "id" : 35,
      "name" : "Comedy"
    } ]
  }, {
    "id" : 292636,
    "title" : "A Cry from Within",
    "overview" : "Sebastien is a psychological horror story about dark secrets destroying people and their families from the inside out.",
    "genres" : [ {
      "id" : 53,
      "name" : "Thriller"
    }, {
      "id" : 27,
      "name" : "Horror"
    }, {
      "id" : 9648,
      "name" : "Mystery"
    } ]
  }, {
    "id" : 292641,
    "title" : "Fever",
    "overview" : "Two Parisian high school students murder a woman they chose as a victim from a chance encounter.",
    "genres" : [ {
      "id" : 18,
      "name" : "Drama"
    }, {
      "id" : 80,
      "name" : "Crime"
    } ]
  }, {
    "id" : 292646,
    "title" : "The Widow and the Only Man",
    "overview" : "Only women are at a resort, until one man arrives. He woos a pretty young widow, and wins her.",
    "genres" : [ ]
  }, {
    "id" : 292651,
    "title" : "How a British Bulldog Saved the Union Jack",
    "overview" : "A British soldier is made prisoner by a Zulu, who tries to set fire on the Union Jack. A bulldog runs on the rescue terrorizing the Zulu. This allows the soldier to free himself from the rope, to burn the kraal and to save the Union Jack.",
    "genres" : [ {
      "id" : 10752,
      "name" : "War"
    }, {
      "id" : 28,
      "name" : "Action"
    }, {
      "id" : 12,
      "name" : "Adventure"
    } ]
  }, {
    "id" : 292656,
    "title" : "Tractor Drivers",
    "overview" : "The story takes place in a Soviet placed in what is now Ukraine. A mechanic arrives in the Soviet, lead by a young independent woman driving tractors and, between many comedy sketches and propaganda mottoes, a love comes to light.",
    "genres" : [ {
      "id" : 10749,
      "name" : "Romance"
    }, {
      "id" : 18,
      "name" : "Drama"
    }, {
      "id" : 35,
      "name" : "Comedy"
    } ]
  }, {
    "id" : 292666,
    "title" : "Wingmen",
    "overview" : "Rising star, Xander Corvus and his buddies’ are living it up in Hollywood! His acting career is booming and he’s taking his friends along for the ride. Having caught the eye of hotties like a movie executive’s daughter, Mia Malkova and porn star, Chanel Preston, he’s getting laid in every direction. His brother, Ike Diezel, on the other hand is struggling as a B-List actor. Longtime friend and manager, Bill Bailey, attempts to manage Xander’s career but pussy keeps getting in the way and his other friend, Dane Cross, is happy to just tag along for the wild ride. Xander’s latest movie obsession is with an El Campo script and if he doesn’t get it, he’s threatening to quit the industry. His friends and agent, Keiran Lee, are going to have to rally together and help Xander get this movie or else their lifestyle and careers are at risk!",
    "genres" : [ {
      "id" : 18,
      "name" : "Drama"
    } ]
  }, {
    "id" : 292671,
    "title" : "A Withered Tree Meets Spring",
    "overview" : "Directed by Junli Zheng.",
    "genres" : [ ]
  }, {
    "id" : 292676,
    "title" : "Chronicle of a Summer",
    "overview" : "In the late fifties a large industrial complex was built near Schwedt, in the GDR. This low budget film tells about the voluntary participation of the brigades of the Freie Deutsche Jugend in the building up...",
    "genres" : [ {
      "id" : 10749,
      "name" : "Romance"
    }, {
      "id" : 18,
      "name" : "Drama"
    } ]
  }, {
    "id" : 292681,
    "title" : "Une femme si parfaite",
    "overview" : "",
    "genres" : [ {
      "id" : 18,
      "name" : "Drama"
    } ]
  }, {
    "id" : 292686,
    "title" : "Jes' Call Me Jim",
    "overview" : "Happy-go-lucky Jim Fenton is in love with Miss Butterworth, the town milliner, who is taking care of little Harry Benedict while his father Paul, an inventor, is in the local insane asylum. Miss Butterworth convinces Jim that Belcher, one of the town's prominent citizens, has incarcerated Paul to steal the patents from his inventions. Jim breaks into the asylum and spirits away the enfeebled inventor......",
    "genres" : [ {
      "id" : 18,
      "name" : "Drama"
    } ]
  }, {
    "id" : 292691,
    "title" : "Meine bezaubernde Nanny",
    "overview" : "",
    "genres" : [ {
      "id" : 35,
      "name" : "Comedy"
    } ]
  }, {
    "id" : 292696,
    "title" : "Verlockende Falle",
    "overview" : "",
    "genres" : [ ]
  }, {
    "id" : 292701,
    "title" : "Bordstein Schlampen",
    "overview" : "",
    "genres" : [ ]
  }, {
    "id" : 292706,
    "title" : "Cupid the Cowpuncher",
    "overview" : "Alec Lloyd, the foreman of the Sewell ranch, is nicknamed \"Cupid\" because of his propensity for matchmaking. When Macie Sewell returns from boarding school, Cupid himself falls victim to love, but Macie has aspirations to go to New York and become an opera singer, and so ignores his advances. However, Leroy Simpson, a poor doctor who is enamored of Macie's father's money, encourages her ambitions....",
    "genres" : [ {
      "id" : 35,
      "name" : "Comedy"
    }, {
      "id" : 37,
      "name" : "Western"
    } ]
  }, {
    "id" : 292711,
    "title" : "The Mysterious Sisters",
    "overview" : "As the Cantonese 'Jane' Bond films evolved, the genre became less Bond-like, cutting down on the staging of fights and the flaunting of secret weapons. The heroine(s) remained an action figure, complete with quick wits and agile prowess, but the stories increasingly took on the jewel theft plot and the twilight world of decadent deviance. The Mysterious Sisters is no exception as director Ng Wui renders high class thefts in the style of the classic French film Rififi, and long stretches of action that unfold without dialogue.",
    "genres" : [ {
      "id" : 80,
      "name" : "Crime"
    } ]
  }, {
    "id" : 292721,
    "title" : "Die Girls von der Sperma-Bar",
    "overview" : "",
    "genres" : [ ]
  }, {
    "id" : 292726,
    "title" : "Das Beste aus Gefickt und Angepisst",
    "overview" : "",
    "genres" : [ ]
  }, {
    "id" : 292731,
    "title" : "Nasse Lustschlitze",
    "overview" : "",
    "genres" : [ ]
  }, {
    "id" : 292736,
    "title" : "Safari Heat",
    "overview" : "They Came For Our Minerals. Denny must choose his side as key witness in the biggest court case in Cape Town history. Final episode.",
    "genres" : [ {
      "id" : 16,
      "name" : "Animation"
    } ]
  }, {
    "id" : 292741,
    "title" : "Rock'n Roll",
    "overview" : "",
    "genres" : [ ]
  }, {
    "id" : 292746,
    "title" : "Behind the Mask of Zorro",
    "overview" : "A Spaghetti western styled adventure of Zorro.",
    "genres" : [ {
      "id" : 12,
      "name" : "Adventure"
    }, {
      "id" : 37,
      "name" : "Western"
    } ]
  }, {
    "id" : 292751,
    "title" : "Die Liga der Sexbesessenen Hardcore Stars",
    "overview" : "",
    "genres" : [ ]
  }, {
    "id" : 292761,
    "title" : "Wann gespritzt wird bestimme ich!",
    "overview" : "",
    "genres" : [ ]
  }, {
    "id" : 292766,
    "title" : "3 Blondinen auf Pinkeltour",
    "overview" : "",
    "genres" : [ ]
  }, {
    "id" : 292771,
    "title" : "Hart gefickte Piss Fotzen",
    "overview" : "",
    "genres" : [ ]
  }, {
    "id" : 292776,
    "title" : "The Dobermann Brothers",
    "overview" : "How many really know that most of music history's biggest hits are covers from the beginning? What even fewer know is that the real creators of songs like \"Folsom Prises Blues\" and \"Sweet Home Alabama\" is the Dobermann Brothers, hiding somewhere deep in the northern forests of Värmland.",
    "genres" : [ {
      "id" : 99,
      "name" : "Documentary"
    } ]
  }, {
    "id" : 292781,
    "title" : "Film Is Not a Sausage: Borowczyk and the Short Film",
    "overview" : "A documentary about Walerian Borowczyk's short films and animation, featuring his collaborators from that time.",
    "genres" : [ {
      "id" : 99,
      "name" : "Documentary"
    } ]
  }, {
    "id" : 292786,
    "title" : "Blow Ups: Borowczyk's Works on Paper",
    "overview" : "A visual essay about Walerian Borowczyk's works on paper.",
    "genres" : [ {
      "id" : 99,
      "name" : "Documentary"
    } ]
  }, {
    "id" : 292791,
    "title" : "Das Einhorn",
    "overview" : "",
    "genres" : [ {
      "id" : 18,
      "name" : "Drama"
    } ]
  }, {
    "id" : 292796,
    "title" : "Alles für die Firma",
    "overview" : "",
    "genres" : [ {
      "id" : 35,
      "name" : "Comedy"
    } ]
  }, {
    "id" : 292801,
    "title" : "Durch die Wälder durch die Auen",
    "overview" : "",
    "genres" : [ {
      "id" : 35,
      "name" : "Comedy"
    } ]
  }, {
    "id" : 292806,
    "title" : "Fratelli",
    "overview" : "Anna discovers that has a brother that went to Canada because of the hunger on World War II",
    "genres" : [ {
      "id" : 18,
      "name" : "Drama"
    } ]
  }, {
    "id" : 292811,
    "title" : "Buddy Rich Live in '78",
    "overview" : "Buddy Rich highlights the relentless power and unparalleled artistry of the man who was known as \"The World's Greatest Drummer.\"  This 75-minute concert, taped in Holland in 1978, shocases one of the tightest big bands in history, featuring acclaimed saxophonist Steve Marcus and other members of Buddy's \"Killer Force,\" the group he would later call \"the best band I ever had.\" Standout performances include \"Grand Concourse,\" \"Big Swing Face,\" and \"Channel One Suite,\" which climaxes in Buddy's signature drum solo.",
    "genres" : [ {
      "id" : 10402,
      "name" : "Music"
    } ]
  }, {
    "id" : 292816,
    "title" : "One Third",
    "overview" : "The manger of cabaret club \"Hanibani\" named Shuu, a worker at the club named Koji and one of the patrons named Ken succeed in robbing a bank. They agree to divide the stolen money equally into 3, but they become consumed by greed and try to get more than their share. In addition, a renowned figure is after their money.",
    "genres" : [ {
      "id" : 18,
      "name" : "Drama"
    } ]
  }, {
    "id" : 292821,
    "title" : "Thomas & Friends: Tale of the Brave: The Movie",
    "overview" : "Thomas is working at the Clay Pits when a storm closes in and the rain makes the clay cliffs unstable. A flash of lightning reveals what looks like giant footprints on the slope above, but a landslide has begun and Thomas cannot stay to investigate. Bill and Ben push Thomas to safety just in time.  Unable to go back and confirm what he saw, Thomas tells Percy about it, but Percy quickly becomes convinced that there is a monster on the island. He even becomes frightened of taking the mail train at night.  When an unusual engine with sloping boilers first appears, Percy thinks he must be the monster. James teases Percy and tries to scare him even more, but the new engine, who is called Gator, proves to be a good friend and ally, who helps Percy discover what it really means to be brave.",
    "genres" : [ {
      "id" : 16,
      "name" : "Animation"
    }, {
      "id" : 10751,
      "name" : "Family"
    } ]
  }, {
    "id" : 292826,
    "title" : "Cuinant",
    "overview" : "",
    "genres" : [ {
      "id" : 35,
      "name" : "Comedy"
    }, {
      "id" : 18,
      "name" : "Drama"
    } ]
  }, {
    "id" : 292831,
    "title" : "Película al estilo Jafar Panahi",
    "overview" : "",
    "genres" : [ ]
  }, {
    "id" : 292836,
    "title" : "New york cops: policías de nueva york",
    "overview" : "",
    "genres" : [ {
      "id" : 10770,
      "name" : "TV Movie"
    }, {
      "id" : 18,
      "name" : "Drama"
    } ]
  }, {
    "id" : 292841,
    "title" : "Androides",
    "overview" : "About an androgynous preteen boy, who sits while peeing and has fantasies about aliens with his deformed and badly handicapped teenage neighbor, while his macho brother rapes her, playing Mario Bro's.",
    "genres" : [ ]
  }, {
    "id" : 292846,
    "title" : "Sister Morphine",
    "overview" : "Sister Morphine is a gritty, provocative documentary about Newfoundland and Labrador nurses struggling with addiction to the drugs they administer on a daily basis and the discrimination and stigmas they face both privately and professionally. Overworked, strung out, and publicly criminalized, these nurses find themselves caught in a web of healthcare mismanagement - personal, professional, and provincial.",
    "genres" : [ ]
  }, {
    "id" : 292856,
    "title" : "Guile of Women",
    "overview" : "A naive young Swede is repeatedly victimized by predatory women. When finally he meets a young woman who seems sincere and true, he wonders if he can trust her.",
    "genres" : [ {
      "id" : 35,
      "name" : "Comedy"
    } ]
  } ]
}