{
  "movies" : [ {
    "id" : 269481,
    "title" : "Let Them Wear Towels",
    "overview" : "During the 1977 World Series, Sports Illustrated reporter Melissa Ludtke was denied access to the players' locker room. After a very public fight, the door was opened, but the debate about female journalists in the male sanctum of the clubhouse remained. Through interviews with pioneering female sports writers, Let Them Wear Towels captures the raw behavior, humorous retaliation, angry lawsuits and remarkable resolve that went into the struggle for equal access for women reporters.",
    "genres" : [ {
      "id" : 99,
      "name" : "Documentary"
    } ]
  }, {
    "id" : 269486,
    "title" : "Shay Jordan: Slippage",
    "overview" : "From the deviant mind of Digital Playground's director Celeste comes \"Shay Jordan: Slippage\". Full of tight ropes, delicious tease, and wet pussies, \"Shay Jordan: Slippage\" stars Digital Playground contract girl Shay Jordan. The kinky tale of control showcases Shay and her hot friends adorned in revealing costumes constructed of rope. Shay and Daisy Marie suck off Johnny while Karina Kay watches and fingers herself. To Karina's peeping delight, Priva lets Danny anal fuck her. Nika Noir has Ben's cock in her ass, and Shay's pussy in her mouth. Nautica Thorn and Tommy put on a acrobatic show for Karina's spying eyes. With a total of eight hot scenes, \"Shay Jordan: Slippage\" offers a plethora of domination and voyeur fetishes combined with the industry's top stars.",
    "genres" : [ ]
  }, {
    "id" : 269491,
    "title" : "La Polka des Menottes",
    "overview" : "Elisabeth is persuaded to have killed her noisy upstairs neighbor, scientist Charles Magne. To save her, Mr. Matheu, Elisabeth's father, accuses himself while Pierrot, Elisabeth's fiancé gets rid of the body in order to save father and daughter. For his part, a gangster also believes he has killed the scientist but he gets shot down by a taxidermist, who runs for life. The girl, her daddy and her boyfriend also run away. But Magne is not dead. A bum is mistaken for him and a police inspector makes everyone believe that he is the one who shot the gangster. At the end of this crazy chain of events all the protagonists are reunited at the station house and everybody dances to express their relief.",
    "genres" : [ {
      "id" : 80,
      "name" : "Crime"
    }, {
      "id" : 35,
      "name" : "Comedy"
    } ]
  }, {
    "id" : 269496,
    "title" : "Section des disparus",
    "overview" : "Rare, obscure film version of David Goodis' novel has lawyer Juan Milford (Maurice Ronet) wanting to run away with exotic dancer Diana Lander. Unfortunately, he's also a kept, married man by wealthy older woman Amanda Merlino de Milford who promises to provide evidence of his criminal past to the police if he ever leaves her. One evening, when Juan is drinking at a bar, a drunk, panhandles some money for train fare and asks him for a ride to the station. The next morning, a body is found on the railroad tracks, completely destroyed beyond recognition but with a suicide note signed by Juan. Which poses the question - Can a dead man be accused of murdering his live wife?",
    "genres" : [ ]
  }, {
    "id" : 269501,
    "title" : "My Father's Garden",
    "overview" : "My Father's Garden is an engrossing documentary about the use and misuse of technology on the American farm. The main story concerns Fred Kirschenmann, organic farmer and leader in the sustainable agriculture movement. Fred's message is deeply serious. We are rapidly losing the natural resources and human wisdom that are necessary to grow food...but there is a way out of this dilemma. Intertwined with Fred's story is the personal narrative of the filmmaker, told through the use of home movies from the 1950's. Her father was a successful and innovative farmer at the dawn of the chemical era in agriculture. His use of the new miracle sprays enabled him to utterly transform their Florida farm into a man-made paradise. My Father's Garden is at its essence a story of hope. By examining the central philosophies that guide our relationship with nature, the film shows how each of us can bring health and beauty back into the Garden, our planet.",
    "genres" : [ ]
  }, {
    "id" : 269506,
    "title" : "WWE Payback 2014",
    "overview" : "Payback (2014) took place on June 1, 2014 at the Allstate Arena in Rosemont, Illinois. It was the second event under the Payback chronology, with the event having originated in 2013.  There were two main events, with the first main event featuring John Cena versus Bray Wyatt in a Last Man Standing Match. The second match faced Evolution (Triple H, Randy Orton and Batista) against The Shield (Roman Reigns, Seth Rollins and Dean Ambrose) in a No Holds Barred six-man tag team elimination match.  Other matches included Bad News Barrett defending the IC Title against RVD, the debut of Bo Dallas against Kofi Kingston, Big E vs Rusev, Cody Rhodes and Goldust vs Rybaxel, and Cesaro defending the US Title against Sheamus.",
    "genres" : [ {
      "id" : 28,
      "name" : "Action"
    }, {
      "id" : 53,
      "name" : "Thriller"
    } ]
  }, {
    "id" : 269511,
    "title" : "Babovřesky 2",
    "overview" : "",
    "genres" : [ {
      "id" : 35,
      "name" : "Comedy"
    } ]
  }, {
    "id" : 269516,
    "title" : "Love Letters",
    "overview" : "United States Senator, Andrew Ladd, revisits his life after a woman he loved, but only wrote letters to, dies. Having met as children the two grow apart as he enters politics and she aspires to be an artist. While success follows him, she has a more trying life.",
    "genres" : [ {
      "id" : 18,
      "name" : "Drama"
    }, {
      "id" : 10749,
      "name" : "Romance"
    }, {
      "id" : 10770,
      "name" : "TV Movie"
    } ]
  }, {
    "id" : 269521,
    "title" : "Law Point",
    "overview" : "Satya's (Kunchacko Boban) is a successful lawyer who is gaining notoriety for his choice of clients.  He is pulled into a case involving a suicide attempt by Maya (Namitha Pramod).",
    "genres" : [ {
      "id" : 53,
      "name" : "Thriller"
    } ]
  }, {
    "id" : 269526,
    "title" : "Taking the Edge Off",
    "overview" : "A \"Funny or Die\" comedic short directed by Ian Pfaff",
    "genres" : [ ]
  }, {
    "id" : 269556,
    "title" : "Метеор на ринге",
    "overview" : "",
    "genres" : [ ]
  }, {
    "id" : 269561,
    "title" : "Apur Panchali",
    "overview" : "A film inspired by the life of Subir Banirjee who played the boy Apu in \"Pather Panchali\", the first of the Apu Trilogy.  and did not make another film. His life  has some uncanny resemblances to Apu's adulthood.",
    "genres" : [ {
      "id" : 10751,
      "name" : "Family"
    }, {
      "id" : 36,
      "name" : "History"
    }, {
      "id" : 18,
      "name" : "Drama"
    } ]
  }, {
    "id" : 269566,
    "title" : "В гостях у лета",
    "overview" : "",
    "genres" : [ ]
  }, {
    "id" : 269571,
    "title" : "Angelina Ballerina: The Shining Star Trophy",
    "overview" : "Angelina shines brighter than ever in this all-new movie! Ms. Mimi announces that there’s going to be a big talent show at Camembert Academy – and the winner will walk away with the Shining Star Trophy. With celebrity guest judge Perry Parmesan deciding the winner, every minute of practice counts. But when Angelina goes out of her way to help her friends find their special talents, she has little time to work on her own routine. Who will take center stage and win the Shining Star Trophy? Watch as Angelina follows her heart to become a true shining star!",
    "genres" : [ ]
  }, {
    "id" : 269576,
    "title" : "From Zero to Hero",
    "overview" : "Mladen (44) Belgrade born, is a timeshare salesman at Montenegrin Holiday resort. He is having an affair with his colleague, Sonja (40), who is married to Metod (50) the chief sales manager who learns about his wife's infidelity. He assigns Mladen the toughest client - Omer, a Bosnian war veteran, who doesn't try to hide his aversion to Mladen. Everything becomes hopeless when Omer's three year old son Svendy falls over the edge of the hotel terrace and ends up in a hospital. Grim mood that prevails among the potential buyers is about to ruin the sales. Sonja and Metod blackmail Mladen to continue the sales at the hospital while Omer and his wife are waiting for their son's operation.",
    "genres" : [ {
      "id" : 10749,
      "name" : "Romance"
    }, {
      "id" : 35,
      "name" : "Comedy"
    }, {
      "id" : 18,
      "name" : "Drama"
    } ]
  }, {
    "id" : 269581,
    "title" : "La diva de la banda",
    "overview" : "Biopic about mexican singer Jenni Rivera",
    "genres" : [ ]
  }, {
    "id" : 269586,
    "title" : "Brainjacked",
    "overview" : "A man suffering from debilitating migraines uses trepanation to cure his condition and realize his mind’s full potential, and discovers the dark side of the ancient surgical practice. By drilling a hole into his skull, Tristan will not only realize the true potential of his mind, but also gain access to a clandestine home for runaways known as the Garden. But just when it begins to look like Tristan is on the path to enlightenment, he’s plunged into a terrifying world of eternal darkness.",
    "genres" : [ {
      "id" : 878,
      "name" : "Science Fiction"
    }, {
      "id" : 27,
      "name" : "Horror"
    } ]
  }, {
    "id" : 269591,
    "title" : "La hora de la siesta",
    "overview" : "We cross the seas of memory and absence to tell the story of Emilia and Yeyé, two of the 49 children who died at the ABC day-care in an evitable fire that reflected the terrible consequences of corruption and influence peddling surrounding the government subrogated day-care system in Mexico. This documentary is a tribute to these children’s memory and to their parents decision to take up their life again.",
    "genres" : [ ]
  }, {
    "id" : 269596,
    "title" : "Bu işte Bir Yalnızlık Var",
    "overview" : "",
    "genres" : [ {
      "id" : 18,
      "name" : "Drama"
    } ]
  }, {
    "id" : 269601,
    "title" : "Liane - Daughter of the Jungle",
    "overview" : "A German expedition is in the African jungles on an unidentified misson. During this mission one of the German explorers, Thoren, is attacked and captured by the local natives called the Botos.",
    "genres" : [ {
      "id" : 12,
      "name" : "Adventure"
    } ]
  }, {
    "id" : 269606,
    "title" : "Mejor estar solo",
    "overview" : "",
    "genres" : [ ]
  }, {
    "id" : 269611,
    "title" : "Guarapo",
    "overview" : "",
    "genres" : [ {
      "id" : 18,
      "name" : "Drama"
    }, {
      "id" : 36,
      "name" : "History"
    } ]
  }, {
    "id" : 269621,
    "title" : "Dil Hi To Hai",
    "overview" : "Twins Govardhan & Harshvardhan exchange their names in childhood and decide to live each others life forever without the knowledge of their parents but what will happen when their strict father will come to know about this. Loosely based on 'Coming To America' starring Eddie Murphy",
    "genres" : [ ]
  }, {
    "id" : 269626,
    "title" : "Game of Thrones: Complete History and Lore Part III",
    "overview" : "Game of Thrones: Complete History and Lore Part III",
    "genres" : [ {
      "id" : 28,
      "name" : "Action"
    }, {
      "id" : 12,
      "name" : "Adventure"
    }, {
      "id" : 16,
      "name" : "Animation"
    }, {
      "id" : 99,
      "name" : "Documentary"
    }, {
      "id" : 14,
      "name" : "Fantasy"
    } ]
  }, {
    "id" : 269631,
    "title" : "Eppothum Vendran",
    "overview" : "Eppodhum Vendran Music: Srikanth Deva Cast: Sanjay, Sunu Laxmi Direction: Siva Sanmugan",
    "genres" : [ ]
  }, {
    "id" : 269636,
    "title" : "Trost i taklampa",
    "overview" : "The story takes place in a hedmark built during some summer weeks.",
    "genres" : [ {
      "id" : 35,
      "name" : "Comedy"
    }, {
      "id" : 18,
      "name" : "Drama"
    } ]
  }, {
    "id" : 269641,
    "title" : "It Must Be Monday",
    "overview" : "One of Daniel Johnston's short films made as a youth.",
    "genres" : [ ]
  }, {
    "id" : 269646,
    "title" : "Full Contact",
    "overview" : "Luke Powers travels to L.A. to find that his brother has been murdered in a back alley martial arts tournament. Luke enters the tournament circuit to try to flush out his brother's killer. With the help of a trainer and former fighter, Lucke enters what he thinks will be a victorious battle.",
    "genres" : [ ]
  }, {
    "id" : 269651,
    "title" : "Shaolin Invincibles",
    "overview" : "Judy Lee (Chia Ling) is out to avenge the massacre of her family by the Emperor's men and is assisted by another young woman, played by Lung Chun Erh. The two infiltrate the Emperor's court by posing as maids. Carter Wong plays a kung fu fighter sent to help Judy by the monastery where she was raised.",
    "genres" : [ {
      "id" : 28,
      "name" : "Action"
    } ]
  }, {
    "id" : 269656,
    "title" : "Adutha Kattam",
    "overview" : "A motorway, a woman, and a monster — Adutha Kattam, made by Malaysian Tamils with the support of the Malaysian Film",
    "genres" : [ ]
  }, {
    "id" : 269661,
    "title" : "Unnodu Oru Naal",
    "overview" : "Karthik (Arjun) discovers that his wife Priya (Neelam) is having an affair and follows her to a hotel. He books a room very next to hers and tells his close friend Madhav (Gibran) of his intention to commit suicide. But little does he know that it is Madhav who is Priya's secret lover!",
    "genres" : [ ]
  }, {
    "id" : 269666,
    "title" : "Thulli Vilayadu",
    "overview" : "Thulli Vilayadu is a 2013 Tamil comedy thriller film written and directed by Vincent Selva. Newcomer Yuvaraj and Deepthi Nambiar play the lead roles. Prakash Raj plays an important role with comic shades. Srikanth Deva has scored the music, while S.K. Bhoopathy has cranked the camera. The film released on 28 June 2013.",
    "genres" : [ ]
  }, {
    "id" : 269671,
    "title" : "Pathaayiram Kodi",
    "overview" : "A group of college students invent a chemical potion that turns them invisible. They use their invention to steal Rs 10,000 crore from Karishma (Kanishka). It is then up to CB-CID officer Shankar Lal (Vivek) to trace the money from the students, who are on the run.",
    "genres" : [ ]
  }, {
    "id" : 269676,
    "title" : "No Place Like Home",
    "overview" : "Twelve years after his parents mysterious death, David Stevens and his new family return home to put his dark past behind him...",
    "genres" : [ ]
  }, {
    "id" : 269681,
    "title" : "Naanum En Jamunavum",
    "overview" : "Naanum En Jamunavum tamil movie released on 2013.",
    "genres" : [ ]
  }, {
    "id" : 269686,
    "title" : "Kantha",
    "overview" : "Directed by Babu K Viswanath, Starring Karan, Mithra Kurian, Rajesh,",
    "genres" : [ ]
  }, {
    "id" : 269691,
    "title" : "Garuda Paarvai",
    "overview" : "Tamil movie, Directed by Vivehanandan, Starring Vivehanandan, Puja Vijayan, Ramamurthi Yadav, Sheela, Gandhi, Ravi, Babuji",
    "genres" : [ ]
  }, {
    "id" : 269696,
    "title" : "Adharvam",
    "overview" : "Adharvam movie is all about anantha padmanabhan(mammootty) who born to an aristocratic brahmin father and a shudra mother, that quickly learns and masters all 3 Vedas and allied arts of it. but sadly he and family goes through a whole lot of trouble as the narrow minded brahmin community finds out that the man is in love with an aristocratic girl, which ends up in tragedy upon ananthan's family. to seek revenge for his mothers death, the man learns ancient mystic tantric rituals and the 4th Veda (generally related to sorcery and stuff). He puts a menace on the whole society using his powers that he gained over years and his dad's second son is send to save the society and the village from the clutches of this austere man inflicted with vengeance.",
    "genres" : [ {
      "id" : 12,
      "name" : "Adventure"
    } ]
  }, {
    "id" : 269701,
    "title" : "EVE",
    "overview" : "\"I represented light and life coming out of the darkness. I aimed for the fusion of multiple exposure and animation.\"",
    "genres" : [ ]
  }, {
    "id" : 269706,
    "title" : "This Time Next Year",
    "overview" : "In 2012, Superstorm Sandy swept along the East Coast. This Time Next Year is one community’s story of what it takes to rebuild. Jeff Reichert (REMOTE AREA MEDICAL, IFFBoston 2013) teams up with co-director/producer Farihah Zaman to follow the residents of Long Beach Island, New Jersey, during the first full year after the storm. This documentary is more than just a film; it is a call to action.",
    "genres" : [ ]
  }, {
    "id" : 269711,
    "title" : "Johnny Express",
    "overview" : "It's 2150. There are all sorts of Aliens living throughout space. Johnny is a Space Delivery Man who travels to different planets to deliver packages. Johnny is lazy and his only desire is to sleep in his autopilot spaceship. When the spaceship arrives at the destination, all he has to do is simply deliver the box. However, it never goes as planned. Johnny encounters strange and bizarre planets and always seems to cause trouble on his delivery route.  Will he be able to finish his mission without trouble?",
    "genres" : [ {
      "id" : 16,
      "name" : "Animation"
    }, {
      "id" : 35,
      "name" : "Comedy"
    }, {
      "id" : 878,
      "name" : "Science Fiction"
    } ]
  }, {
    "id" : 269716,
    "title" : "Cyndi Lauper: 12 Deadly Cyns... and Then Some",
    "overview" : "Cyndi Lauper tours a theme park, meeting strange characters and remembering her past. The film is also illustrated by a collection of Cyndi's pop videos, like \"Girls Just Want To Have Fun\" and \"Sally's Pigeons\".",
    "genres" : [ {
      "id" : 10402,
      "name" : "Music"
    }, {
      "id" : 99,
      "name" : "Documentary"
    }, {
      "id" : 35,
      "name" : "Comedy"
    } ]
  }, {
    "id" : 269721,
    "title" : "Virumbugiren",
    "overview" : "Shivan (Prashanth) an aspiring designer's hopes crash when he lands up with the responsibility of looking after his mother and younger brothers with his father's sudden death. Since his father dies while in service, Shivan is forced to take up his father's job as a fire service man. He meets Thavamani (Sneha), a beautiful rustic while on a posting in a village and they fall in love. But the girl's father (Nasser) and the whole village are against the lovers. How the lovers' fight against all odds and win form the rest of this love story.",
    "genres" : [ {
      "id" : 18,
      "name" : "Drama"
    }, {
      "id" : 10749,
      "name" : "Romance"
    } ]
  }, {
    "id" : 269726,
    "title" : "Thee",
    "overview" : "The story begins with Sarathy (Sundar) who is a tough and honest cop and given his straightforward nature, he is the thorn in the flesh for many antisocial elements and also the politicians. Due to this, he keeps getting transferred from time to time, however, Sarathy has no qualms about it since he is happily married with a lovely wife Ganga (Ragini). Sarathy's life however takes a turn when he arrests a corrupt MLA (G M Kumar) and his men which leads the politician to quit the field. He vows revenge and kills Ganga and their two children's and also frames Sarathy in a case. But his wife escapes and Sarathy admit her in a hospital in serious condition. From then on, he begins his corrupt acts and in such a way that the entire society begins to loathe the police force.  Saami then strikes hard at the former MLA who kills Ganga and what happens from there forms the rest of the story.",
    "genres" : [ ]
  }, {
    "id" : 269731,
    "title" : "Stars & Roses",
    "overview" : "Hong Kong photo-journalist Lau and Vietnamese translator Yuen Hung become friends when Lau is arrested for a traffic accident. Yuen wants Lau to find out the whereabouts of her brother. Lau is later thrown into prison again due to being mistakenly as a demonstrator and sentenced to three years of hard labor. With help of Yuen, Lau and Yuen's brother escape to China but Yuen's brother is killed on the way. Lau flees to freedom. Yuen cannot go to China and Lau has to let her go...",
    "genres" : [ {
      "id" : 18,
      "name" : "Drama"
    } ]
  }, {
    "id" : 269736,
    "title" : "Fatal Love",
    "overview" : "After being thrown out of the police academy, Debbie Fung (Ellen Chan) gets a new chance but instead the proposition is to go undercover. Accepting the mission to get close to tycoon Lau Fuk Tin (Michael Wong) as he's suspected of a number of murders of women, under the disguise of Maryanne, Debbie quickly gets close to Lau. Going so far as getting almost permanent residence with the man, Debbie witness horrific things on the grounds. Despite, affection starting to develop towards her target.",
    "genres" : [ ]
  }, {
    "id" : 269741,
    "title" : "The Dragon Gate",
    "overview" : "Enter The Dragon Gate and prepare for a pulse pounding journey into the nether regions of the mind and soul. When his girlfriend is kidnapped, a sword wielding warrior, Ken, willingly thrusts himself into an alternate dimension to rescue her. The action is fast and furious as our hero battles legions of blood-thirsty assassins. Seduced by an evil temptress, redeemed by the Sword Goddess of the lake. Ken can escape only if he can answer the riddle of 23 questions!",
    "genres" : [ {
      "id" : 14,
      "name" : "Fantasy"
    }, {
      "id" : 12,
      "name" : "Adventure"
    } ]
  }, {
    "id" : 269746,
    "title" : "Red Steel",
    "overview" : "Directed by Serge Rodnunsky.",
    "genres" : [ ]
  }, {
    "id" : 269751,
    "title" : "The Puzzle in the Air",
    "overview" : "The Puzzle in the Air",
    "genres" : [ {
      "id" : 18,
      "name" : "Drama"
    }, {
      "id" : 53,
      "name" : "Thriller"
    } ]
  }, {
    "id" : 269756,
    "title" : "The Seagull",
    "overview" : "Marco Bellocchio's film of Chekhov's SEAGULL for Italian television.",
    "genres" : [ ]
  }, {
    "id" : 269761,
    "title" : "Diaoyu Islands: The Truth",
    "overview" : "",
    "genres" : [ {
      "id" : 99,
      "name" : "Documentary"
    } ]
  }, {
    "id" : 269771,
    "title" : "Poor Daddy",
    "overview" : "A 1929 B&amp;W silent comedy from Shanghai, describing a vindictive funnyman's efforts to get back at his cheating wife, as aided by his smarter and more moralistic young son.",
    "genres" : [ ]
  }, {
    "id" : 269776,
    "title" : "Alléluia",
    "overview" : "Michel, a murderous womanizer, meets introverted Gloria online and treats her to a whirlwind one-night-stand. Offering herself as an accomplice in his seductive crimes, the unhinged lovers embark on a deadly odyssey amplified by wild sex, unbridled jealousy, and passionate forays into the dark arts. This smart and gory shocker breathes new life into the lovesick horror genre to serve up a chilling tale of white-hot desperation and terrifying devotion.",
    "genres" : [ {
      "id" : 27,
      "name" : "Horror"
    }, {
      "id" : 18,
      "name" : "Drama"
    }, {
      "id" : 53,
      "name" : "Thriller"
    } ]
  }, {
    "id" : 269781,
    "title" : "Chaos By Design",
    "overview" : "Controversial director Angela Chan explores the \"La Cage Aux Folles\" demi-monde that thrives in today's Hong Kong, but which has never before been portrayed in a major movie. Alex To plays a handsome fashion designer trapped in a tangle of ambiguous relationships that becomes even more complex when he falls for a beautiful D.J. (Cecilia Yip) who, with the help of her best friend (Cherie Chung), is trying to get out of an arranged marriage. This film looks and sounds like a comedy, but has some serious comments about a veiled segment of Hong Kong.",
    "genres" : [ {
      "id" : 35,
      "name" : "Comedy"
    } ]
  }, {
    "id" : 269786,
    "title" : "The Tale of the Voodoo Prostitute",
    "overview" : "In the Tale of the Voodoo Prostitute, a master manipulator and hustler by the name of Fleetwood Deville dispenses heinous wrong-doings to nearly everyone that crosses his path. One particular female managed to meet and exceed any expectation of evil. She cursed Fleetwood to a fate even worse than death: impotence. With his harem of beautiful women and killers, Fleetwood must rival neighboring pimps to free himself from a curse that if left undone would not only take his manhood, but possibly his life. This film is based in the mean streets and interminglings of the Dallas/Ft. Worth area.",
    "genres" : [ ]
  }, {
    "id" : 269791,
    "title" : "The Good, The Bad & The Beauty",
    "overview" : "Director-actor Frankie Chan does multiple duty in the action comedy vehicle The Good, The Bad & The Beauty. Frankie Chan is Inspector Hor Sun Chun, a tough cop investigating a smuggling operation in which airline stewardess Ko Sau Ping (sultry Cherie Chung) is possibly involved. Realizing that she may be in danger, Sau Ping feigns amnesia, and uses Sun Chun's smitten partner Tang Tat Kit (Kent Cheng) as a possible smokescreen. Meanwhile there's action, and plenty of it! A seasoned director, actor, composer and action director, Frankie Chan uses his myriad talents to the nth degree as he combines gunplay, stunts, and laugh-a-minute hijinks in true Hong Kong Cinema action-comedy style!",
    "genres" : [ ]
  }, {
    "id" : 269796,
    "title" : "Virgin Beach Creature",
    "overview" : "",
    "genres" : [ {
      "id" : 53,
      "name" : "Thriller"
    }, {
      "id" : 27,
      "name" : "Horror"
    } ]
  }, {
    "id" : 269801,
    "title" : "Safety Last!: Locations and Effects",
    "overview" : "In this short documentary produced for the Criterion Collection, Oscar-winning visual-effects expert Craig Barron and film writer John Bengtson, author of Silent Visions, discuss the unique stunts, locations, and effects seen in Harold Lloyd's comedy masterpiece Safety Last! (1923).",
    "genres" : [ ]
  }, {
    "id" : 269806,
    "title" : "Gross Out",
    "overview" : "A wealthy but deeply warped woman offers her three adult children the opportunity to inherit her entire $28 million fortune if they can produce a movie so vile and disgusting that it actually makes her vomit.",
    "genres" : [ ]
  }, {
    "id" : 269811,
    "title" : "Nimidangal",
    "overview" : "Nimidangal film will be a Realistic Thriller with a good social message from the youth.",
    "genres" : [ ]
  }, {
    "id" : 269816,
    "title" : "Aandava Perumal",
    "overview" : "Aandava Perumal aka Sarathy (Shivan) falls for Anita (Idhaya), but she rejects him. A day before her wedding, Anita gets into a quarrel with a thug Ravi (Sasi) after he misbehaves with her friend. As Ravi's men try to capture her, Sarathy comes to her rescue.",
    "genres" : [ {
      "id" : 28,
      "name" : "Action"
    } ]
  }, {
    "id" : 269821,
    "title" : "Lollu Dada Parak Parak",
    "overview" : "Lollu Dada Parak Parak is an tamil comedy movie directed by K Viyasan. The movie starrng with Mansur Ali Khan and with other stars.",
    "genres" : [ ]
  }, {
    "id" : 269826,
    "title" : "A Different Corner",
    "overview" : "Three separate lives and three separate stories, set against the ever-changing backdrop of the Las Vegas Valley. Marcus is a grieving husband and father trying to recover from his daughter's death and can only hope to save his failing marriage. Dani is a troubled hairdresser from Arizona, who has come to Las Vegas to start anew. Madison is a 'bible-thumping stripper with a heart of gold'. She believes she is doing the Lord's work in one of the darkest places of Las Vegas, all while caring for her sick grandfather. This is the story of how these lives eventually cross and affect one another.",
    "genres" : [ {
      "id" : 18,
      "name" : "Drama"
    } ]
  }, {
    "id" : 269831,
    "title" : "Iru Killadigal",
    "overview" : "Iru Killadigal is an tamil action - romantic movie direction by Mark Landsman. The Movie starring with Byaas, Swathi in lead roles.",
    "genres" : [ ]
  }, {
    "id" : 269841,
    "title" : "The Bargain of the Century",
    "overview" : "Comedy short with ZaSuPitts and Thelma Todd.  After accidentally getting a policeman friend fired, the girls must come up with some way to get him re-hired or be stuck with him as an unwanted roommate.",
    "genres" : [ ]
  }, {
    "id" : 269851,
    "title" : "Cochin",
    "overview" : "A documentary organized around the promotion of Indo-Portuguese cultural heritage, with commented pictures of the most striking examples of civil and religious architecture and housing areas marked by portuguese traditional construction.  Patent portuguese memory in everyday's commercial and artistic life of Cochin, now the capital of Kerala state and surrounding regions of Cranganor, Calicut, Quilon and Travancore.  The undisputed and recognized influence of Indo-Portuguese Catholic communities across the region.",
    "genres" : [ {
      "id" : 99,
      "name" : "Documentary"
    } ]
  }, {
    "id" : 269856,
    "title" : "Blessings",
    "overview" : "Released from jail after a term basically served instead of friends he refused to rat out, Charles 'Skip' Cuddy is grateful his gentleman instinct gets him a job with living quarters as handyman on a semi-destitute estate Blessings. Working hard, he wins further confidence from the owner, bitter widow Lydia Blessing, unlike her in-living bitch nurse Jennifer. When a baby is left at the state, Skip takes it in and secretly cares for it. Lydia eventually finds out but sides with him, feeling robbed of grandchildren by her careerist only daughter Meredith. Then Skip's past comes knocking, and the baby's birth parents.",
    "genres" : [ {
      "id" : 18,
      "name" : "Drama"
    } ]
  }, {
    "id" : 269861,
    "title" : "1000 Year Sleep",
    "overview" : "Samantha, Lydia, Isabella, and Lisa. These four young women are about to learn that humanity is just an irrelevant flame burning nowhere in the vastness of space. Their dreams will be shattered and one man will marvel at the evil he has committed.",
    "genres" : [ {
      "id" : 27,
      "name" : "Horror"
    }, {
      "id" : 53,
      "name" : "Thriller"
    } ]
  }, {
    "id" : 269866,
    "title" : "Cartoon College",
    "overview" : "Every fall, The Center for Cartoon Studies invites 20 aspiring cartoonists to White River Junction, Vermont for a no-holds-barred education in comics. Those who complete the two-year program earn a Master of Fine Arts degree and are ready to face the hardship of a career in one of the world's most drudgery-inducing art forms. This is their story.",
    "genres" : [ {
      "id" : 99,
      "name" : "Documentary"
    } ]
  }, {
    "id" : 269871,
    "title" : "Choicepoint",
    "overview" : "Documentary - Matthew Williams",
    "genres" : [ ]
  }, {
    "id" : 269876,
    "title" : "Coals to Newcastle: The New Mastersounds, from Leeds to New Orleans",
    "overview" : "Documentary -  Eddie Roberts, Simon Allen, Peter Shand",
    "genres" : [ ]
  }, {
    "id" : 269886,
    "title" : "Angelina Ballerina: The Show Must Go On",
    "overview" : "Animation -  Finty Williams, Derek Jacobi, Judi Dench",
    "genres" : [ ]
  }, {
    "id" : 269946,
    "title" : "Children of the Bride",
    "overview" : "In this film a middle-aged woman tries to get married to her younger finance but is hindered by her four grown children who come bearing grudges. Powerful and hilarious featuring Rue McClanahan.",
    "genres" : [ {
      "id" : 18,
      "name" : "Drama"
    } ]
  }, {
    "id" : 269951,
    "title" : "Jeff Foxworthy's Comedy Classics",
    "overview" : "This special tribute traces the roots of this truly American art form, from the storytelling of Will Rogers and the heyday of the Grand Ole Opry, where colorful comic characters like Grandpa Jones, Minnie Pearl and Rod Brassfield became famous household names, to comedy legend Andy Griffith sharing priceless clips and memories from his days as a young stand-up comic and decade-long run on The Andy Griffith Show, to Bill Engvall (\"Here's Your Sign\"), helping Foxworthy introduce us to some of the funniest comics working today.  Featuring classic and contemporary clips from Don Knotts, Jim Varney, Jerry Clower, Junior Samples, Brother Dave Gardner, Gary Mule Deer, Etta May, Steve McGrew, Larry The Cable Guy and many more.",
    "genres" : [ ]
  }, {
    "id" : 269956,
    "title" : "Choujinki Metalder",
    "overview" : "Metalder was designed in 1945 as a top-secret weapon for the Japanese Imperial Army for use in the Pacific War. The android was put to sleep for 42 years, while the Neros Empire, ruled by the evil God Neros, came to be.",
    "genres" : [ {
      "id" : 28,
      "name" : "Action"
    }, {
      "id" : 18,
      "name" : "Drama"
    }, {
      "id" : 878,
      "name" : "Science Fiction"
    } ]
  }, {
    "id" : 269961,
    "title" : "Pourquoi Israël",
    "overview" : "Using interviews and other footage shot especially for this documentary, French director Claude Lanzmann investigates the state of Israel in 1972. This movie concentrates on Israelis going about their business of everyday living.",
    "genres" : [ {
      "id" : 99,
      "name" : "Documentary"
    } ]
  }, {
    "id" : 269966,
    "title" : "Enclosure",
    "overview" : "Gatti focuses on two men in a German concentration camp who have been cruelly penned inside an enclosure. One of the men, Karl (Herbert Wochinz), is a strong, bitter anti-Nazi German -- a target of the Gestapo. The SS wants information on a rumored organization of resistance fighters inside the prison and they know he has it. The other man, David (Jean Negroni) is a Jew. If one of the men dies within a certain time then the other will be released. He will not be killed. Otherwise, both will be executed. The resistance fighters in the prison try to help the two as best they can, while the pair inside the enclosure slowly come to know each other as though they were brothers.",
    "genres" : [ {
      "id" : 18,
      "name" : "Drama"
    } ]
  }, {
    "id" : 269971,
    "title" : "In the Name of the Law",
    "overview" : "The story is about a drug ring and the finally successful efforts of the Paris police to break it up. A young detective goes into a den in Paris' Chinatown, following a clue, and that is the last seen of him until his body is found floating in the Seine several days later. The only clue is a woman's glove. The dead man's friends on the force vow to avenge him, and receive information leading them to suspect one Sandra, a beautiful foreigner, played by the stunning Marcelle Chantal.",
    "genres" : [ {
      "id" : 80,
      "name" : "Crime"
    }, {
      "id" : 18,
      "name" : "Drama"
    } ]
  }, {
    "id" : 269976,
    "title" : "Ophelia Comes to Town",
    "overview" : "During a production of \"Hamlet\", the withdrawn lead actor and the girl playing Ophelia, who has just escaped a life of drugs and prostitution, spark an unlikely and low-key romance.",
    "genres" : [ ]
  }, {
    "id" : 269981,
    "title" : "Twelve Angry Men",
    "overview" : "Twelve Angry Men is a 1954 teleplay by Reginald Rose for the Studio One anthology television series. Initially staged as a CBS live production on 20 September 1954, the drama was later rewritten for the stage in 1955 under the same title and again for a feature film, 12 Angry Men (1957). The episode garnered three Emmy Awards for writer Rose, director Franklin Schaffner and Robert Cummings as Best Actor.",
    "genres" : [ {
      "id" : 18,
      "name" : "Drama"
    } ]
  }, {
    "id" : 269986,
    "title" : "Walk a Crooked Path",
    "overview" : "Set in an exclusive boy's school, about a man who plans to kill off his wealthy teacher wife by encouraging her to drink and pushing her into suicide. To assist him he recruits a young student who will claim that he was sexually assaulted by her. (from: http://ftvdb.bfi.org.uk/sift/title/390627)",
    "genres" : [ {
      "id" : 18,
      "name" : "Drama"
    }, {
      "id" : 80,
      "name" : "Crime"
    } ]
  }, {
    "id" : 269991,
    "title" : "Corky of Gasoline Alley",
    "overview" : "A small town family discovers an unwanted houseguest is harder to eject than they expected. Comedy.",
    "genres" : [ ]
  }, {
    "id" : 269996,
    "title" : "Blut und Ehre – Jugend unter Hitler",
    "overview" : "",
    "genres" : [ {
      "id" : 18,
      "name" : "Drama"
    }, {
      "id" : 36,
      "name" : "History"
    } ]
  }, {
    "id" : 270001,
    "title" : "Laocoon & Sons",
    "overview" : "The story of transformation of Esmeralda del Rio.",
    "genres" : [ ]
  }, {
    "id" : 270006,
    "title" : "Just Your Luck",
    "overview" : "When Alison unexpectedly falls pregnant after a brief encounter with Alex (David Hayman's first TV role) they decide to marry. The joining of two seemingly different families opens into a witty and audacious tale, which caused uproar after it's first broadcast in 1972. An early triumph for Peter McDougall when it was proclaimed, the most exciting writing debut since John Osborne's Look Back in Anger.",
    "genres" : [ ]
  }, {
    "id" : 270011,
    "title" : "Sur les Gratte-Ciel de New York",
    "overview" : "",
    "genres" : [ {
      "id" : 99,
      "name" : "Documentary"
    } ]
  }, {
    "id" : 270016,
    "title" : "Elvis by the Presleys",
    "overview" : "",
    "genres" : [ {
      "id" : 99,
      "name" : "Documentary"
    }, {
      "id" : 10402,
      "name" : "Music"
    } ]
  }, {
    "id" : 270021,
    "title" : "Donavon Frankenreiter - The Abbey Road Sessions",
    "overview" : "Filmed in the famous Abbey Road studios, this live set by Donavon Frankenreiter showcases his talent in many ways. Initially playing with his band, he is then joined by a string quartet, ending with a massive sing-in as fans join him on the podium. Extras include background rehearsal material, and a version of \"With a little help from my friends\", performed in Studio B where The Beatles first composed it.",
    "genres" : [ ]
  }, {
    "id" : 270026,
    "title" : "Eyewitness DVD: Insect",
    "overview" : "How do insect wings work? Just how big can a bug grow? Insects are older than the dinosaurs, and outnumber people 250 million to one, but their contribution to our lives often goes unnoticed. We explore the wonders of creepie-crawlies through startling macro photography and 3D graphics and reveal the true importance of these amazing, industrious creatures.",
    "genres" : [ ]
  }, {
    "id" : 270031,
    "title" : "Der Bulle und das Landei - Babyblues",
    "overview" : "",
    "genres" : [ {
      "id" : 35,
      "name" : "Comedy"
    }, {
      "id" : 80,
      "name" : "Crime"
    } ]
  }, {
    "id" : 270036,
    "title" : "The Story of 'Are You Being Served?'",
    "overview" : "The Story of 'Are You Being Served?'",
    "genres" : [ {
      "id" : 99,
      "name" : "Documentary"
    } ]
  }, {
    "id" : 270041,
    "title" : "Ezo Gelin",
    "overview" : "Based on the story of Ezo the Bride, a beautiful young woman with black hair and rosy cheeks. She lived in a small village in southern Turkey. All the men who passed through the village fell in love with her and her family hoped she would find a good match. However, Ezo was not what you’d call ‘lucky in love’. Her first husband loved another woman. Darn. She was allowed to leave the marriage on grounds of maltreatment. Her second husband lived in Syria, and she missed her village.",
    "genres" : [ {
      "id" : 18,
      "name" : "Drama"
    } ]
  }, {
    "id" : 270046,
    "title" : "Beck 05 - Pensionat Pärlan",
    "overview" : "Inspector Beck and his team get involved in a large-scale smuggling of cesium 133. A gang from the east uses refugees who with a promise to stay in Sweden and with danger to their own life take in the dangerous explosive chemical substance.",
    "genres" : [ {
      "id" : 80,
      "name" : "Crime"
    } ]
  }, {
    "id" : 270051,
    "title" : "Aysel, the Daughter of the Swampy House",
    "overview" : "Aysel, while working for the strong Satilmiszade family, is seduced by her boss and becomes pregnant. Giving birth to the child, she applies to the court for alimony, but the father rejects the child. Ali, from another village is concerned with her situation, and he offers her a job: to accompany his disabled mother.",
    "genres" : [ {
      "id" : 18,
      "name" : "Drama"
    } ]
  }, {
    "id" : 270056,
    "title" : "Contracorriente",
    "overview" : "Three young women live, suffer and enjoy themselves in Ciudad Juárez. They are alike in terms of their origin, they all come from the lower classes, however, Chuya, Cata and \"La Güera\" have their own environments, their own families and their own personalities. This triangular story shows some crucial moments in their lives: their first love, their first sexual encounter, their first pregnancy, their first disappointment, which take place in a reality that is sordid, but always vital.",
    "genres" : [ ]
  }, {
    "id" : 270061,
    "title" : "Guitar",
    "overview" : "A vibrant kaleidoscopic tribute to the guitar that meshes dance, mime, visual art, and virtuoso performances to create a spectacular yet intimate celebration of the instrument. For one exciting week the city of Toronto plays host to the International Guitar Festival. The streets echo with the sounds of the instrument as the great masters from every tradition gather to play for each other -- John Williams from England, Leo Brouwer from Cuba (classical), Turibio Santos from Brazil (folk), Vladimir Mikulka from Czechoslovakia (avant-garde), Rik Emmett and Kim Mitchell from Canada, Steve Morse from the USA (rock).",
    "genres" : [ {
      "id" : 99,
      "name" : "Documentary"
    }, {
      "id" : 10402,
      "name" : "Music"
    } ]
  }, {
    "id" : 270066,
    "title" : "The Smortlybacks",
    "overview" : "On a tabletop mountain a mahout and his strange herd make a surprising and never-ending journey.",
    "genres" : [ ]
  }, {
    "id" : 270071,
    "title" : "Oye Hoye Pyar Ho Gaya",
    "overview" : "Oye Hoye Pyar Ho Gaya is a story of two fun loving friends Sharry (Sharry Mann) and Harry (Rana Ranbir). Sharry falls for Meet, who is daughter of Police Commisioner Shamsher  Singh (Yograj Singh).  Chamkila (Binnu Dhillon) who is also trying his chances on Meet gets envy of Sharry and tries tarnishing his image in front of Meet’s family. After one two failed attempts, he finally succeeds in his mission leaving Meet shattered.",
    "genres" : [ {
      "id" : 35,
      "name" : "Comedy"
    }, {
      "id" : 10749,
      "name" : "Romance"
    } ]
  }, {
    "id" : 270076,
    "title" : "Bhand Punjab De",
    "overview" : "Bhands of Punjab presented by Jaspal Bhatti",
    "genres" : [ {
      "id" : 35,
      "name" : "Comedy"
    } ]
  }, {
    "id" : 270081,
    "title" : "Diane",
    "overview" : "A young woman's bleak life",
    "genres" : [ ]
  } ]
}