{
  "movies" : [ {
    "id" : 225206,
    "title" : "I tre corsari",
    "overview" : "Adventure film directed by Mario Soldati.",
    "genres" : [ ]
  }, {
    "id" : 225216,
    "title" : "Woman of the River",
    "overview" : "When peasant girl Nives is deserted by smuggler Gino Lodi, she betrays him to the police. Police officer Enzo Cinti, who loves Nives, traces her to the Po River cane-fields, where she is working as a cutter to support herself and an infant son, and warns her that Gino has escaped from prison and is seeking revenge. She rejects his offer to protect her. Gino finds Nives, mourning the drowning death of their son. He surrenders himself to the police and then walks at Nives' side in the funeral procession.",
    "genres" : [ {
      "id" : 18,
      "name" : "Drama"
    } ]
  }, {
    "id" : 225221,
    "title" : "Malafemmena",
    "overview" : "Drama directed by Armando Fizzarotti.",
    "genres" : [ ]
  }, {
    "id" : 225226,
    "title" : "Fortunella",
    "overview" : "Comedy directed by Eduardo De Filippo.",
    "genres" : [ ]
  }, {
    "id" : 225231,
    "title" : "Le pillole di Ercole",
    "overview" : "Comedy directed by Luciano Salce.",
    "genres" : [ ]
  }, {
    "id" : 225251,
    "title" : "Frauenarzt Dr. Prätorius",
    "overview" : "In the face of two world wars, Professor Prätorius, a philanthropist and a surgeon, wants to exterminate the one danger to mankind, the microbe of stupidity, as he states in a spontaneous lecture to his male and female students. When he tries to help a pregnant girl he gets involved more and more in her life and is forced to marry her.",
    "genres" : [ {
      "id" : 35,
      "name" : "Comedy"
    }, {
      "id" : 18,
      "name" : "Drama"
    } ]
  }, {
    "id" : 225266,
    "title" : "The Raven",
    "overview" : "A short horror film based on Edgar Allan Poe's poem The Raven.",
    "genres" : [ ]
  }, {
    "id" : 225271,
    "title" : "Wolfpen Principle",
    "overview" : "A middle-aged theatre manager imagines his life situation to be reflected in the wolves at the local zoo.",
    "genres" : [ ]
  }, {
    "id" : 225281,
    "title" : "Hello Carter",
    "overview" : "Down-on-his-luck Carter has recently become homeless, single and unemployed. Desperate to win back his ex-girlfriend, he goes off on an adventure throughout London to find her, picking up some odd helpers along the way.",
    "genres" : [ {
      "id" : 18,
      "name" : "Drama"
    }, {
      "id" : 35,
      "name" : "Comedy"
    } ]
  }, {
    "id" : 225296,
    "title" : "Destroy Alex",
    "overview" : "A hooded figure confronts three scissor-wielding women.",
    "genres" : [ ]
  }, {
    "id" : 225301,
    "title" : "Outpost 11",
    "overview" : "Set in an alternative past where steam power still rules the world, Outpost 11 is the story of three soldiers manning a remote listening post in the Arctic Circle. One day the warning light goes off unexpectedly and their world is plunged in to chaos. Albert, Mason and Graham must fight the isolation, madness and arctic spiders to survive. Think 'The Thing' plus 'How I Ended this Summer' mixed with 'Videodrome.'",
    "genres" : [ {
      "id" : 878,
      "name" : "Science Fiction"
    }, {
      "id" : 27,
      "name" : "Horror"
    } ]
  }, {
    "id" : 225311,
    "title" : "Ted's Evolution",
    "overview" : "Charles Darwin started a revolution when he published his evolutionary theory in the late 1800s. He challenged the belief that God created the world in seven days, and the theories of people such as Jean Baptiste de Lamarck, who believed that characteristics acquired during a lifetime could be passed on to the next generation. Since then, Darwinian theory has become the accepted scientific doctrine but now an Australian scientist, Ted Steele, is stirring things up again. Is he pursuing a false dream or is he about to change what we know about life on earth? Reputations, careers and our understanding of evolution are all on the line.",
    "genres" : [ ]
  }, {
    "id" : 225331,
    "title" : "Når engle elsker",
    "overview" : "",
    "genres" : [ ]
  }, {
    "id" : 225341,
    "title" : "Def Leppard - Viva! Hysteria",
    "overview" : "A performance captured live over nine nights during the band's spring 2013 residency at The Joint located in the Hard Rock Hotel, Las Vegas in which Def Leppard plays through the entirety of their most successful album, \"Hysteria,\" in its entirety.  Plus two additional hits, \"Rock of Ages\" and \"Photograph\" as an encore.  Finally \"Viva! HYSTERIA\" showcases for the first time a career-defining album (excluding concept albums) performed live in its entirety - from start to finish - for a commercial audio/video release. \"Viva! HYSTERIA\"! is unlike any show Def Leppard has ever done or will ever do again.",
    "genres" : [ {
      "id" : 10402,
      "name" : "Music"
    } ]
  }, {
    "id" : 225361,
    "title" : "Hackers 95",
    "overview" : "Hackers 95 is a 90 minute part documentary, part spoof.  Phon-E and R.F. Burns cover the hacker related goings on of 1995.  Summer Con 95, DEF CON III, Operation Cyber Snare, Area 51, an interview with Erik Bloodaxe and more are covered. This is what professional video hackers do with their spare time.",
    "genres" : [ {
      "id" : 99,
      "name" : "Documentary"
    } ]
  }, {
    "id" : 225366,
    "title" : "The Opus",
    "overview" : "In this spectacular feature length movie, JACK CANFIELD,  JOE VITALE, JOHN DEMARTINI, BOB DOYLE, MARCI SHIMOFF, MORRIS GOODMAN, and MARK VICTOR HANSEN amongst others share with you the formula you can use to create greater abundance in wealth, health, relationships and self achievement.  It is a story about a young man who pursues his dream in the face of impossible challenges and along the way you'll learn how to unlock your own amazing possibilities to create your own Opus and your life as you want it.",
    "genres" : [ ]
  }, {
    "id" : 225386,
    "title" : "Die Prüfung",
    "overview" : "A short by Klaus-Gregor Eichhorn.",
    "genres" : [ ]
  }, {
    "id" : 225396,
    "title" : "3, 2, 1... è Natale!",
    "overview" : "",
    "genres" : [ {
      "id" : 16,
      "name" : "Animation"
    }, {
      "id" : 10751,
      "name" : "Family"
    } ]
  }, {
    "id" : 225406,
    "title" : "Io non scappo... fuggo",
    "overview" : "In the confusion of combat, two Italian get separated from their squadron and become hopelessly lost. As they wander the countryside attempting to find their lost comrades, they have to adopt all manner of outrageous disguises to avoid death at the hands of whomever holds the reigns of control.",
    "genres" : [ {
      "id" : 35,
      "name" : "Comedy"
    } ]
  }, {
    "id" : 225411,
    "title" : "Cause of Divorce",
    "overview" : "Film directed by Marcello Fondato.",
    "genres" : [ ]
  }, {
    "id" : 225421,
    "title" : "Headline Crasher",
    "overview" : "The popular B-flick team of Frankie Darro and Kane Richmond star in the slick quickie Headline Crasher. Little Frankie and Big Kane play a pair of roving journalists who investigate a politician (Richard Tucker) up for re-election. When it seems as though the politico is being set up for a fall by yellow journalists, Darro and Richmond try to get to the truth of the matter. The original story for Headline Crasher is credited to Peter B. Kyne, creator of the \"Broncho Billy\" western stories.",
    "genres" : [ {
      "id" : 9648,
      "name" : "Mystery"
    } ]
  }, {
    "id" : 225426,
    "title" : "Kathy",
    "overview" : "Discusses the symptoms and cure of the venereal disease gonorrhea. Explains how it is contracted and what harm it can do to the body.",
    "genres" : [ ]
  }, {
    "id" : 225431,
    "title" : "Camps of Death",
    "overview" : "Human torture. Factories of death. War atrocities. The crimes that haunt the pagse of history are chronicled in the piercing documentary Camps of Death. Following Hitler's murderous career, the film traces his rise to power, his ultimate demise, and the subsequent nuremberg trials that publicized the horrors of Hitler's regime. Concentration camp footage combines with chilling POW interviews to graphically create the nazi nightmare that few could hope to survive. A powerful look at the third reich adn the horrifying fate of its enemies.",
    "genres" : [ {
      "id" : 99,
      "name" : "Documentary"
    } ]
  }, {
    "id" : 225441,
    "title" : "A Touch of Murder",
    "overview" : "Thriller directed by David Wellington.",
    "genres" : [ ]
  }, {
    "id" : 225446,
    "title" : "The Rogue",
    "overview" : "Scourged by the need to be different from his contemporaries and driven by an insatiable hunger for adventurous living, Marko, a young man of 25, returns from America where he has spent a few years. He wants to impress people in his native town, but eventually everything turns against him.",
    "genres" : [ {
      "id" : 18,
      "name" : "Drama"
    } ]
  }, {
    "id" : 225451,
    "title" : "Little Red Riding Hood Saves the Big Bad Wolf",
    "overview" : "Short, cheap adaptation of the famed fairytale with a modern ecological twist.",
    "genres" : [ ]
  }, {
    "id" : 225456,
    "title" : "Night of the Living Babes",
    "overview" : "Two guys trying to find a brothel come across a group of beautiful female zombies.",
    "genres" : [ {
      "id" : 35,
      "name" : "Comedy"
    }, {
      "id" : 27,
      "name" : "Horror"
    } ]
  }, {
    "id" : 225461,
    "title" : "The Scorpio Factor",
    "overview" : "In this espionage adventure, an Interpol agent must find a valuable stolen microchip. Soon he finds himself involved with beautiful women, fast cars, and danger on the exciting streets of Paris and New York.",
    "genres" : [ ]
  }, {
    "id" : 225466,
    "title" : "Messalina, Messalina!",
    "overview" : "Adventure comedy directed by Bruno Corbucci.",
    "genres" : [ {
      "id" : 35,
      "name" : "Comedy"
    }, {
      "id" : 12,
      "name" : "Adventure"
    } ]
  }, {
    "id" : 225481,
    "title" : "Carnage 3D",
    "overview" : "",
    "genres" : [ {
      "id" : 99,
      "name" : "Documentary"
    }, {
      "id" : 28,
      "name" : "Action"
    } ]
  }, {
    "id" : 225501,
    "title" : "144 Operazione Biancaneve: Director's CUT",
    "overview" : "",
    "genres" : [ {
      "id" : 28,
      "name" : "Action"
    } ]
  }, {
    "id" : 225596,
    "title" : "Cold Shoulder",
    "overview" : "After a downward spiral into a pit of alcoholism and depression, the McGillis character is pulled back into detective life when a young woman is murdered.",
    "genres" : [ {
      "id" : 80,
      "name" : "Crime"
    } ]
  }, {
    "id" : 225606,
    "title" : "No te engañes corazón",
    "overview" : "No te engañes corazón (released in English as Don't Fool Yourself Dear) is the first full-feature film of Cantinflas after becoming a star of the carpa circuit (folk theater). It was also one of the earliest films of Sara García and Carlos Orellana and the first where they share the screen.  Don Boni (Orellana) is diagnosed with a deadly disease and decides to spend his last days doing good deeds. He leaves his wife and decides to help people. He then gets drunk and wakes up with a winning lottery ticket and realizes that the doctor who diagnosed him has been sent to prison for fraud.",
    "genres" : [ {
      "id" : 35,
      "name" : "Comedy"
    } ]
  }, {
    "id" : 225611,
    "title" : "The Silver Bullet",
    "overview" : "A cowboy heads for the town where his father was murdered to find out who was responsible.",
    "genres" : [ {
      "id" : 37,
      "name" : "Western"
    } ]
  }, {
    "id" : 225621,
    "title" : "The Cop",
    "overview" : "The Inspector Wasan (Somchai \"Tao\" Khemklad), a cop under investigation by internal affairs but called back to duty to investigate the murder of a minister's daughter. He's joined in the investigation by Sergeant Thong (Bamrer \"Note Chernyim\" Phongintakun) and the young female officer Lieutenant Nalin (Krystal Vee), whose investigative style is the opposite of Wasan's. Meanwhile, the killer has Wasan in his sights, setting out to ruin him by exposing his role in a previous case.",
    "genres" : [ {
      "id" : 28,
      "name" : "Action"
    }, {
      "id" : 18,
      "name" : "Drama"
    } ]
  }, {
    "id" : 225626,
    "title" : "Through the Eyes",
    "overview" : "Monica is a social worker in Mexico City, whose son has a degenerative illness in both eyes. Having exhausted all other options, a corneal transplant is the only hope. Overwhelmed by the slowness of the health care system and the scarcity of resources, she decides to search for an extreme solution in her work environment: the world of street children.",
    "genres" : [ {
      "id" : 18,
      "name" : "Drama"
    } ]
  }, {
    "id" : 225641,
    "title" : "The Well",
    "overview" : "After her parents’ separation, eight-year-old Caro moves in with her mother and her stepfather, Felipe. Even though her mother makes it clear that she will never see her father again, Caro wants nothing more than for him to return. Feeling abandoned, she seeks refuge near the well in the backyard of their house, a secret place. As she grows up, distant from her mother, Caro discovers a secret about her father that will change her forever.",
    "genres" : [ ]
  }, {
    "id" : 225651,
    "title" : "Elevator",
    "overview" : "Inside the elevators of the oldest multi-family residential building in Latin America, life goes by quickly. Bodies and stories crowd together in front of the elevator operators’ eyes in the small metal box. Elevator operators are spectators, guardians and confidants. They are the ones who know the living history of the buildings.",
    "genres" : [ {
      "id" : 99,
      "name" : "Documentary"
    } ]
  }, {
    "id" : 225666,
    "title" : "Cult",
    "overview" : "Cult is an upcoming J-Horror film written and directed by Kôji Shiraishi. It stars several idols who play themselves as they appear on a paranormal television show to investigate the exorcism of the Kaneda family.",
    "genres" : [ {
      "id" : 27,
      "name" : "Horror"
    }, {
      "id" : 14,
      "name" : "Fantasy"
    } ]
  }, {
    "id" : 225671,
    "title" : "Amy",
    "overview" : "With the psychic power of clairvoyance, an extra-sensory perception, Amy starts witnessing haunting visions as her entire Amish village begins to fall into demonic control. An ominous funeral director, Christopher, uses Amy's special abilities to seek out the covert leader behind the possession. Amy and Christopher must stop the fall of their village before the Devil takes over Amy's soul-forcing them to perform a controversial exorcism",
    "genres" : [ {
      "id" : 27,
      "name" : "Horror"
    } ]
  }, {
    "id" : 225676,
    "title" : "72 Model",
    "overview" : "Vasutty and his son Sajan are Taxi drivers. When Vasutty drives a 72 model Ambassador, Sajan drives an Innova.  Sajan, Deepak, and Parvathy are best friends. Deepak runs a drama academy and Parvathy is an interior designer. Once Sajan happens to drive Vasutty's car and that changes Sajan and his friends' fortunes forever. At this stage Janaki enters their life. As days pass by they realize that what they thought to be fortune turns out to be their misfortune. Rajasenan's '72 Model' plots their efforts to come across these troubles.",
    "genres" : [ {
      "id" : 10751,
      "name" : "Family"
    } ]
  }, {
    "id" : 225691,
    "title" : "The Hold-Up",
    "overview" : "Lola's a single mom, broke, working as a janitor and maid. Silvia is pregnant, and her lover (her boss) won't leave his wife. Maite, newly a widow, discovers she's penniless but wants to maintain appearances and give her daughter a fancy wedding, and Pecholata, a punk kid living in a youth center, will soon be turned out on the streets. Lola, who cleans a bank every morning, decides to rob it, convincing the others to join her: they'll use replica guns, dress as men, take Silvia hostage, and all will be smooth. But things go awry, including the fact that Lola's ex, Gustavo, is a cop. Desperation may be the mother of invention - and a corrupt bank manager its father.",
    "genres" : [ {
      "id" : 35,
      "name" : "Comedy"
    } ]
  }, {
    "id" : 225701,
    "title" : "Idharkuthane Aasaipattai Balakumara",
    "overview" : "Kumaravel (Vijay Sethupathy) is a typical lower middle class youth who mainly lives in TASMAC bars. His friends and neighbors have nicknamed him Sumaar Moonji Kumar (Average-looking Kumar) and he is crazy about Kumudha(Nanditha), the girl staying opposite to his flat. It is one-way love and her father has sought the help of Annachi (Pasupathi) the local boss to find a solution and teach Kumar a lesson. On a parallel track Bala, another alcoholic (Ashwin) a smart bank salesperson is always under pressure from his boss (MS Bhaskar) and his possessive girlfriend Renu (Swathi Reddy) . One night the life of the principal characters gets entangled leading to the climax.",
    "genres" : [ {
      "id" : 35,
      "name" : "Comedy"
    }, {
      "id" : 10749,
      "name" : "Romance"
    } ]
  }, {
    "id" : 225716,
    "title" : "Bertolucci On Bertolucci",
    "overview" : "Documentary on the life and work of legendary director Bernardo Bertolucci, using filmed interviews he has given over the last 50 years.",
    "genres" : [ ]
  }, {
    "id" : 225721,
    "title" : "The Sea Hound",
    "overview" : "Columbia's 34th serial production starring Buster Crabbe, the Serial King himself",
    "genres" : [ {
      "id" : 12,
      "name" : "Adventure"
    } ]
  }, {
    "id" : 225736,
    "title" : "Jiggs and Maggie in Court",
    "overview" : "Maggie is resentful of being pointed out and laughed at in public because she resembles the cartoon character in the George McManus comic strip \"Bringing Up Father.\" She visits McManus in his studio office and tries to persuade him to stop drawing the syndicated comic-strip. He tells her he will...in 1959. Maggie, not getting any younger, retains counsel and takes McManus to court.",
    "genres" : [ {
      "id" : 35,
      "name" : "Comedy"
    } ]
  }, {
    "id" : 225751,
    "title" : "La malle au mariage",
    "overview" : "Max wants to marry his girl but one man stands in the way. Her guardian. And Max got to find a way to get him to consent.",
    "genres" : [ ]
  }, {
    "id" : 225756,
    "title" : "1810 - Für eine Handvoll Kaspressknödel",
    "overview" : "",
    "genres" : [ ]
  }, {
    "id" : 225761,
    "title" : "Les dents de fer",
    "overview" : "A little girl gets sick and a specialist has to be called....",
    "genres" : [ ]
  }, {
    "id" : 225776,
    "title" : "Can't You Hear the Wind Howl? The Life & Music of Robert Johnson",
    "overview" : "An in-depth, award-winning documentary on the life and music of legendary bluesman Robert Johnson. Mixing rare photographs, exclusive interviews, and dramatic re-creations, director Peter Meyer presents a compelling portrait of this enigmatic figure.",
    "genres" : [ {
      "id" : 10402,
      "name" : "Music"
    } ]
  }, {
    "id" : 225781,
    "title" : "Caro Emerald: In Concert",
    "overview" : "Dutch singer Caro Emerald burst into the limelight in 2010 when her debut album “Deleted Scenes From The Cutting Room Floor” went straight to the No.1 spot in her native Holland. Later in the year it was released across Europe to universal acclaim and huge commercial success. Her second album “The Shocking Miss Emerald”, released in the spring of 2013, was a No.1 album in the UK and Holland and continues to be a top chart title in many territories. This performance was filmed at the BBC Radio Theatre for BBC’s “In Concert” series earlier this year, with a 60 minute version being broadcast on BBC Radio 2 and on digital TV. The show features a mix of tracks from both her studio albums, including all her hits, and with a cover version of the Noel Coward song “Mad About The Boy”. Caro Emerald is a wonderful live performer with a fantastic voice and an engaging personality and this concert captures her at her best.",
    "genres" : [ {
      "id" : 10402,
      "name" : "Music"
    } ]
  }, {
    "id" : 225796,
    "title" : "The Lamp",
    "overview" : "Beginning at the end of a first date, a man and woman continue to get to know each other while sharing a cab home. But when on a date with someone from the Internet, how can you really know who you've just spent the last few hours with?",
    "genres" : [ ]
  }, {
    "id" : 225806,
    "title" : "Quiet Weekend",
    "overview" : "Comedy of a family trying to spend a country weekend which is disrupted by an unpleasant friend of the son.",
    "genres" : [ {
      "id" : 35,
      "name" : "Comedy"
    } ]
  }, {
    "id" : 225816,
    "title" : "Perry Mason: The Case of the Avenging Ace",
    "overview" : "Mason defends a man he had sentenced to prison when he was an appellate-court judge. Now, 18 months after the sentencing, a new witness turns up to prove the man's innocence. Mason steps in to defend the man.",
    "genres" : [ {
      "id" : 9648,
      "name" : "Mystery"
    } ]
  }, {
    "id" : 225821,
    "title" : "And We All Shine On",
    "overview" : "An ill wind is transmitting through the lonely night, spreading deception and myth along its murky path, singing the dangers of the mediated spirit.",
    "genres" : [ ]
  }, {
    "id" : 225831,
    "title" : "I'll Give It My All ... Tomorrow",
    "overview" : "41-year-old Shizuo Daikoku (Shinichi Tsutsumi) suddenly quits his job at a company to become a mangaka. His family and friends become involved in his new pursuit...",
    "genres" : [ {
      "id" : 35,
      "name" : "Comedy"
    } ]
  }, {
    "id" : 225836,
    "title" : "Sentimental Education",
    "overview" : "Sentimental Education centers on the unique relationship between Áurea, a lonely 40 year old teacher, and a young man she has just met by chance – one of these encounters which mythology and literature are full of. A delicate soul who finds itself attracted to a beauty that seems to demand, disturb and move her. That shakes her up entirely. During the days following their first conversation, she will expose all her feelings through classes in which he will let himself be carried away. Until an unusual episode from the past is revealed and changes everything.",
    "genres" : [ ]
  }, {
    "id" : 225841,
    "title" : "Sugar",
    "overview" : "A science-fiction comedy by Rainer Erler.",
    "genres" : [ {
      "id" : 878,
      "name" : "Science Fiction"
    }, {
      "id" : 35,
      "name" : "Comedy"
    } ]
  }, {
    "id" : 225856,
    "title" : "House Arrest",
    "overview" : "A plan to impress the beautiful Kiki with a gift of stolen jewelry backfires for slacker DJ Johnson, who ends up sentenced to 48 hours of house arrest after the stunt goes horribly wrong. Luckily, Kiki was impressed. Unluckily, the cops are keeping a very close watch on the love-struck criminal, and DJ will need the help of all his boys in the hood to help him win Kiki's heart in this hot comedy starring Devon Deshawn Stewart and Mariel Perez.",
    "genres" : [ {
      "id" : 35,
      "name" : "Comedy"
    } ]
  }, {
    "id" : 225866,
    "title" : "Amnesiac",
    "overview" : "A blend of supernatural horror and psychological drama, Wyke Wreake counts the cost of loss, guilt and reckless desperation as we delve into the life of one deeply disturbed young woman and the afterlife of one equally disturbed dead man.",
    "genres" : [ {
      "id" : 18,
      "name" : "Drama"
    }, {
      "id" : 27,
      "name" : "Horror"
    }, {
      "id" : 53,
      "name" : "Thriller"
    } ]
  }, {
    "id" : 225886,
    "title" : "Sex Tape",
    "overview" : "When Jay and Annie first got together, their romantic connection was intense – but ten years and two kids later, the flame of their love needs a spark.  To kick things up a notch, they decide – why not? – to make a video of themselves trying out every position in The Joy of Sex in one marathon three-hour session.  It seems like a great idea – until they discover that their most private video is no longer private.  With their reputations on the line, they know they’re just one click away from being laid bare to the world... but as their race to reclaim their video leads to a night they'll never forget, they'll find that their video will expose even more than they bargained for.",
    "genres" : [ {
      "id" : 35,
      "name" : "Comedy"
    } ]
  }, {
    "id" : 225896,
    "title" : "The Shadow Spirit",
    "overview" : "A series of murders of beautiful girls occur in Tokyo not long after the end of the war. Also the daughter of a retired actress, Yuzuki Yoko, has gone missing. In the meantime, a religious cult that claims to shut away misfortunes in a box has been gaining popularity, displaying an eerie aspect. Yoko's daughter is alleged to have been run over by a train, and taken into a research institute situated in a gigantic box-shaped building. A private detective Enokizu (Abe Hiroshi), a writer Sekiguchi (Shiina Kippei), a journalist Atsuko and a police detective Kiba each pursues their own case, and Chuzenji (Tsutsumi Shinichi), an owner of a secondhand bookshop, \"Kyogoku Do\" suspects that all cases are linked to the box-shaped research institute.",
    "genres" : [ {
      "id" : 53,
      "name" : "Thriller"
    } ]
  }, {
    "id" : 225901,
    "title" : "Mr. Governor",
    "overview" : "Over a year, we follow the former Swedish Minister of Defense, Anders Björck, in his work as governor of Uppsala County. The official position is almost 400 years old, and the job consists of sitting at a big desk, having lunch meetings with other governors, cutting ribbons at opening ceremonies, holding speeches and eating dinner with the King and Queen of Sweden. It is hard work, but someone has to do it. Björck gives the viewer full access, making this personal portrait both humorous and very, very serious.",
    "genres" : [ {
      "id" : 99,
      "name" : "Documentary"
    } ]
  }, {
    "id" : 225906,
    "title" : "Mondo Collecto",
    "overview" : "Mondo Collecto is a thrilling documentary that boldly reveals the world of the Modern Collector. Produced by filmmaker R.P. Whalen and featuring Ted V. Mikels, Mondo Collecto is the result of a four year project that presents some of the most unusual collectors and collections that you will ever see!",
    "genres" : [ {
      "id" : 99,
      "name" : "Documentary"
    } ]
  }, {
    "id" : 225946,
    "title" : "Cianura si picatura de ploaie",
    "overview" : "",
    "genres" : [ ]
  }, {
    "id" : 225951,
    "title" : "I Am Taraneh, I Am Fifteen Years Old",
    "overview" : "Taraneh is a model 15-year-old Iranian girl, studious and filial, who supports her ailing grandmother with a job at a photo shop and visits her father (who has been imprisoned for reasons never made clear in the film) bearing gifts of cigarettes and magazines. But when Amir, a young man from a well-off family, sets his sights on Taraneh and courts her with an intensity that borders on stalking, her well-ordered life spirals into chaos.",
    "genres" : [ {
      "id" : 18,
      "name" : "Drama"
    } ]
  }, {
    "id" : 225966,
    "title" : "Sleep, Wake, Forget",
    "overview" : "In a fallen world, a young man will stop at nothing to save his brother from becoming one of the creatures they have spent their lives running from.",
    "genres" : [ ]
  }, {
    "id" : 225971,
    "title" : "Omega Rose",
    "overview" : "Three years after an apocalyptic event has wiped out 99.99% of Earth's population, a young man crosses his country by bicycle to find out \"what the hell happened\". His journey is marked by encounters with a few isolated survivors hiding in fear... and a girl.",
    "genres" : [ {
      "id" : 9648,
      "name" : "Mystery"
    }, {
      "id" : 12,
      "name" : "Adventure"
    }, {
      "id" : 18,
      "name" : "Drama"
    } ]
  }, {
    "id" : 225976,
    "title" : "Outliers",
    "overview" : "Tells the story of a young woman who is desperately trying to escape from a city that's been besieged by a lethal virus.",
    "genres" : [ ]
  }, {
    "id" : 225996,
    "title" : "Ben David: Broken Sky",
    "overview" : "In post-apocalyptic America a ruthless and elusive warlord named Golhardt rises up to seize vast regions of land for himself and attempts to re-write history. Now the only hope for the remnants of society is Ben David, a lonely Zen warrior who is forced to put his peaceful ways aside to battle Golhardt.",
    "genres" : [ ]
  }, {
    "id" : 226001,
    "title" : "Die Schöne und das Biest",
    "overview" : "",
    "genres" : [ {
      "id" : 10751,
      "name" : "Family"
    }, {
      "id" : 14,
      "name" : "Fantasy"
    } ]
  }, {
    "id" : 226006,
    "title" : "The Mountain",
    "overview" : "Night falls over Beirut. Fadi, a forty year old, packs his luggage and sets out to the airport with his friend driving him. He is supposed to leave for a month, but instead of going up the plane, he heads to the arrivals section and rents a car. He takes the highway heading North then continues on a mountainous route. Far from anyone, on a deserted highway, a deviation forces him to quit the main road. A distinct sound coming from far is heard; the sound of a car honk. Fadi gets closer and closer to the sound and sees a wrecked car crashed in a tree alongside the road. A couple lay still inside.",
    "genres" : [ {
      "id" : 18,
      "name" : "Drama"
    } ]
  }, {
    "id" : 226021,
    "title" : "Zordax II",
    "overview" : "After the nuclear holocaust a survivor struggles against Zordax and his barbarians.",
    "genres" : [ {
      "id" : 878,
      "name" : "Science Fiction"
    } ]
  }, {
    "id" : 226026,
    "title" : "The Nuke Brothers",
    "overview" : "Set in the Wastelands of Earth thirty five years after a devastating nuclear/pharmaceutical apocalypse, it follows the comic misadventures and fraternal exploits of Duke and Zeph as they struggle to survive amidst the violent scavengers and half-lives, the monsters and madmen, the robots, rogues, mayors and Moon-men amid the unfathomable mysteries of the wasteland . . . strange artifacts and forgotten technologies left over from 'afore the war.'",
    "genres" : [ {
      "id" : 878,
      "name" : "Science Fiction"
    } ]
  }, {
    "id" : 226031,
    "title" : "Gridiron Flash",
    "overview" : "A college football team recruits a tough convict.",
    "genres" : [ {
      "id" : 35,
      "name" : "Comedy"
    }, {
      "id" : 18,
      "name" : "Drama"
    } ]
  }, {
    "id" : 226046,
    "title" : "I'm Dangerous With Love",
    "overview" : "A haunting, visceral exploration of addiction and one contemporary man's fearless and determined quest for healing and redemption through the ancient wisdom of the Bwiti and their 'magical' plant, Iboga. For those seeking a path out of darkness, this film is not to be missed.",
    "genres" : [ {
      "id" : 99,
      "name" : "Documentary"
    } ]
  }, {
    "id" : 226051,
    "title" : "Port of Memory",
    "overview" : "In what is left of the city of Jaffa, a man about to lose his house contemplates his fate. Meanwhile two women remain tied to their homes. Cats scrabbling her front door, one finds solace feeding her old mother, until her house is taken over by an Israeli film crew. The other immerses herself in dreams of love whilst making wedding decorations. In a nearby café an old captain sits motionless the whole day through, while another man moves restless like a fish in an aquarium. For these Palestinian characters this is a way of life, holding onto hope through their own rituals.",
    "genres" : [ ]
  }, {
    "id" : 226056,
    "title" : "The Gift to Stalin",
    "overview" : "A Jewish child deported to Kazakhstan is saved and adopted by Kasym, an old Kazakh railway-man. Kasym gives him a Kazakh name, Sabyr, that in Kazakh language means humble. The child grows up in the small Kazakh village along with other deportees Vera, a traitor's wife, and Ezhik a Polish doctor. The Soviet militia harasses the poor peasants and Vera suffered the harassment of a bully cop: Bulgabi. Finally Vera accepts the marriage proposal of Ezhik but the jealous Bulgabi tries to prevent the marriage. The result is a fight in which Ezhik shoots himself accidentally. The old Kasym decides that Sabyr is now old enough to go to seek his real parents. At the end Sabyr, now an adult, decides to return to the village, but the village no longer exists because it was destroyed by a Soviet nuclear test.",
    "genres" : [ {
      "id" : 18,
      "name" : "Drama"
    } ]
  }, {
    "id" : 226076,
    "title" : "Prema Oka Maikam",
    "overview" : "Charmi movie",
    "genres" : [ ]
  }, {
    "id" : 226081,
    "title" : "The Quiet Don: A New Chapter",
    "overview" : "Mild-mannered Shizuya Kondo lives a normal life, occupied with his dreary office job as a women's underwear designer. But, he also happens to be the only son of the leader of the biggest criminal organization in the Kanto region... and when his father is murdered by a rival gang, Shizuya is forced to become the new head of his yakuza family! Working as a businessman by day and a yakuza boss by night, Shizuya finally begins to realize his true potential. But, things take an unexpected turn when Akemi, his secret office-crush, is suddenly kidnapped.",
    "genres" : [ {
      "id" : 35,
      "name" : "Comedy"
    }, {
      "id" : 80,
      "name" : "Crime"
    }, {
      "id" : 28,
      "name" : "Action"
    }, {
      "id" : 10769,
      "name" : "Foreign"
    } ]
  }, {
    "id" : 226096,
    "title" : "Aretha Franklin - The Legendary To Concert Amsterdam",
    "overview" : "",
    "genres" : [ {
      "id" : 10402,
      "name" : "Music"
    } ]
  }, {
    "id" : 226101,
    "title" : "Moi dix Mois: DIXANADU",
    "overview" : "DIXANADU ～Fated \"raison d'être\"～ Europe Tour 2007",
    "genres" : [ {
      "id" : 10402,
      "name" : "Music"
    } ]
  }, {
    "id" : 226106,
    "title" : "The Italian Character",
    "overview" : "The Italian Character: a film within music and about music. The Italian character is the story of one of the most renowned orchestras in the world, enriched by archive material of the last thirty years about the great conductors who have been performing on the most famous rostrum in Rome.",
    "genres" : [ {
      "id" : 99,
      "name" : "Documentary"
    } ]
  }, {
    "id" : 226121,
    "title" : "Nordstrand",
    "overview" : "NORDSTRAND tells the story of two brothers, Marten and Volker, who meet in their parents' now empty house on the coast. Older brother Marten would like to pick up together their mother from prison where she has been since the death of their violent father years ago. But Volker seems only to have come in order to sell the house. He apparently can't forgive neither his mother nor his older brother for the fact they didn't protect him from the abuse committed by the head of the family.",
    "genres" : [ {
      "id" : 18,
      "name" : "Drama"
    } ]
  }, {
    "id" : 226136,
    "title" : "Sunday at Six",
    "overview" : "Romania, 1940. A boy meets a girl. They fall in love without suspecting anything about their real identities. They chose an eventful, tense and dangerous life as underground anti-fascists fighters. The significance of their activity is manifest in the consequences it has on the tormented progress of their love. Reality is against it. Two parallel lines which meet for a second, only to drift apart for ever.",
    "genres" : [ {
      "id" : 18,
      "name" : "Drama"
    } ]
  }, {
    "id" : 226141,
    "title" : "The Underdog",
    "overview" : "During WWII, a strong-willed 12-year-old boy tries to steer his vocationally and maritally confused father straight, at the same time striving to keep his honor while the gang in his new neighborhood bully him.",
    "genres" : [ {
      "id" : 10752,
      "name" : "War"
    }, {
      "id" : 18,
      "name" : "Drama"
    } ]
  }, {
    "id" : 226191,
    "title" : "Neil Cowley Trio: Live at Montreux",
    "overview" : "As a much in demand young pianist, Neil Cowley cut his teeth on albums by the likes of the Pasadenas, Brand New Heavies and Zero 7. More recently he played piano on both of Adele's bestselling albums \"19\" and \"21\". However, the project closest to his heart is the Neil Cowley Trio. In 2013 the Neil Cowley Trio was the winner of the UK Jazz Artist of the Year. The Trio are virtuoso musicians and Neil Cowley is a consummate live performer with a distinctively English wit and the ability to create a marvelous rapport with his audience, as ably demonstrated in the concert captured here.",
    "genres" : [ {
      "id" : 10402,
      "name" : "Music"
    } ]
  }, {
    "id" : 226196,
    "title" : "Breakaway",
    "overview" : "It’s all about emotion in this small but powerful drama about a father’s search for his missing son in the perilous backstreets of the Philippines",
    "genres" : [ ]
  }, {
    "id" : 226201,
    "title" : "Berliner Philharmoniker In Singapur",
    "overview" : "",
    "genres" : [ {
      "id" : 10402,
      "name" : "Music"
    } ]
  }, {
    "id" : 226206,
    "title" : "La strategia degli affetti",
    "overview" : "",
    "genres" : [ {
      "id" : 18,
      "name" : "Drama"
    } ]
  }, {
    "id" : 226216,
    "title" : "The Traitors",
    "overview" : "Raymundo Gleyzer s only fictional film, THE TRAITORS is a compelling political thriller about a trade unionist corrupted by his rise to power. Skillfully weaving documentary and fictional sequences, THE TRAITORS covers the Peronistas movement Argentina in most explosive political era.  Gleyzer founded Cine de la Base, a group dedicated to bringing revolutionary films to the people. In 1976, he was abducted and thrown into a concentration camp by Argentina s military dictatorship, then tortured and murdered. THE TRAITORS reveals his commitment to using film to prompt social change.",
    "genres" : [ {
      "id" : 18,
      "name" : "Drama"
    } ]
  }, {
    "id" : 226236,
    "title" : "Perry Mason: The Case of the Telltale Talk Show Host",
    "overview" : "Dr Sheila Carlin is good friends with Della who calls Perry in when she is being pestered by someone. On the theory that it could be somebody that she works with at a radio stations she arranges Perry to be interviewed by Winslow Keene who is also the station's owner. Winslow enrages the rest of the talk show hosts on the station by informing them of changes that he is making to their time slots. That night, Winslow is shot by a hit man hired by someone at the station and Sheila is set up for the murder. She calls in Perry and as usual Perry, Della and Ken swing into action to find out who really did it.",
    "genres" : [ {
      "id" : 18,
      "name" : "Drama"
    } ]
  }, {
    "id" : 226246,
    "title" : "Karo and Piyobupt: The Sandwiches",
    "overview" : "The second short in the series Karo and Piyobupt by Koji Yamamura",
    "genres" : [ ]
  }, {
    "id" : 226251,
    "title" : "Jumpin' at the Boneyard",
    "overview" : "Manny tries to get his crack addict brother, Danny, to clean up.",
    "genres" : [ {
      "id" : 18,
      "name" : "Drama"
    } ]
  }, {
    "id" : 226256,
    "title" : "Valparaiso",
    "overview" : "",
    "genres" : [ {
      "id" : 53,
      "name" : "Thriller"
    } ]
  }, {
    "id" : 226261,
    "title" : "Elevator to the Gallows",
    "overview" : "A phone conversation occurs between a man and a woman. They both state their love for each other and that they will do this so they can be together. The woman is in a hotel room with a view of the port. The man is inside of a parked car with a view of the ocean. A man named Colonel appears and hands the man a box with a loaded gun inside. The Colonel states \"its a present from the witch\".  The woman's name is Meiko (Michiko Kichise) and she is the young wife of Takamitsu Temiyako (Takamitsu Temiyako) - president of a large medical corporation. The man in the parked car is Dr. Tokito Takahiko (Hiroshi Abe) an employee of the large medical corporation. This evening, Meiko and Tokito will implement their plan to murder Meiko's husband and frame his death as a suicide.",
    "genres" : [ ]
  }, {
    "id" : 226281,
    "title" : "Tied to a Chair",
    "overview" : "After one burned dinner too many, a husband divorces his wife. She decides to return to acting and goes to France. There she meats a forgotten one-hit wonder director who's also looking for a chance to make a comeback.",
    "genres" : [ {
      "id" : 35,
      "name" : "Comedy"
    } ]
  }, {
    "id" : 226286,
    "title" : "Falsifier",
    "overview" : "Our story takes place at the end of the 1960s. This is the time of the collapse of the ideals of a more just and honorable life brought into prominence by students worldwide in the great rebellion in 1968 and of the beginning of the end of an equally grand illusion called Yugoslavia. Andjelko is the principal of a middle school in a small Bosnian place Dubica. He believes in Yugoslavia and worships its leader Josip Broz Tito. Andjelko, however, has one serious fault: he is a forger, he makes forged school diplomas. He does not do this out of self-interest, but because he is a staunch philanthropist. One day, a neighbor for whom Andjelko forged the leather-working school diploma, in order to take revenge on the local veterinarian, reports to the police that this one too has Andjelko's diploma. Our hero is, therefore, forced to flee to the big city. He lives there illegally, at the harborers of outlaws for whom he once forged diplomas. But one day, Andjelko runs into his schoolmate...",
    "genres" : [ {
      "id" : 35,
      "name" : "Comedy"
    }, {
      "id" : 18,
      "name" : "Drama"
    } ]
  }, {
    "id" : 226296,
    "title" : "Laïcité, Inch'Allah!",
    "overview" : "",
    "genres" : [ {
      "id" : 99,
      "name" : "Documentary"
    } ]
  }, {
    "id" : 226331,
    "title" : "Bajo el mismo cielo",
    "overview" : "A pair of Moroccan immigrants in Spain splits apart. He returns to Morocco because he only find precarious jobs and his wife decides to stay. Their daughter is 11 and shares with a professor from her school a taste for writing, but she decides to follow her father. The girl's mother tries to recover her, for what is essential the mediation of the teacher.",
    "genres" : [ ]
  } ]
}