{
  "movies" : [ {
    "id" : 317801,
    "title" : "Alfred Deller: Portrait of a Voice",
    "overview" : "In this unique documentary, French filmmaker Benoit Jacquot interviews Alfred Deller, the internationally celebrated contemporary countertenor who focused his talent on showcasing Renaissance and Baroque music to modern audiences. One of the few films on Deller, it includes footage of him performing selections from Campion, Rosseter, Morley and Purcell. Deller toured the globe with his group, the Deller Consort, from the 1950s through the '70s.",
    "genres" : [ ]
  }, {
    "id" : 317806,
    "title" : "Da' T.R.U.T.H. & Friends: Live!",
    "overview" : "Faith-based rapper Da' T.R.U.T.H. unites with Flame, Tye Tribbett, J.R., the Cross Movement and others in this live worship concert. Accompanied by fellow Christian hip-hop, contemporary gospel and rhythm and praise artists, Da' T.R.U.T.H. performs songs from his albums \"Moment of Truth,\" \"The Faith\" and \"Open Book.\" Filmed at the 2006 Impact Conference in Atlanta, this inspiring show captures the power and beat of modern Christian music.",
    "genres" : [ ]
  }, {
    "id" : 317811,
    "title" : "Secrets of Chinatown",
    "overview" : "Private detective Donegal Dawn is summoned by the police commissioner to solve the reasons for a crime wave in Chinatown.",
    "genres" : [ {
      "id" : 9648,
      "name" : "Mystery"
    }, {
      "id" : 53,
      "name" : "Thriller"
    } ]
  }, {
    "id" : 317816,
    "title" : "Herbert von Karajan: Tchaikovsky: Symphony No. 6",
    "overview" : "Austrian maestro Herbert von Karajan conducts the Berlin Philharmonic in this 1984 performance of Tchaikovsky's last completed work -- Symphony no. 6 in B minor (\"Pathétique\"), op. 74 -- recorded live in Vienna. One of classical music's most revered conductors -- and top-selling recording artists -- Herbert von Karajan led the acclaimed Berlin Philharmonic for 35 years until his death in 1989.",
    "genres" : [ ]
  }, {
    "id" : 317821,
    "title" : "Maid for Each Other",
    "overview" : "In this hilarious crime caper, a rich woman (Nell Carter) and her maid (Dinah Manoff) happened to be at the wrong place at the wrong time -- and now, they're hotfooting it away from vicious mobsters who want to fit them for a couple pairs of cement overshoes. Can they stay free -- and alive -- long enough to gather evidence against the mobsters?",
    "genres" : [ ]
  }, {
    "id" : 317826,
    "title" : "Off Track: The Reality Show Movie",
    "overview" : "Basketball star Jayson Williams hosts a motley crew of athletes and musicians, including former boy-banders Joey McIntyre and Chris Kirkpatrick and fellow hoops star Charles Oakley, on a zany, cross-country journey in this reality television series. The cameras never stop rolling as the group sets off to discover the \"real America\" via luxury train, small plane and even horseback -- laughing, singing and bickering along the way.",
    "genres" : [ ]
  }, {
    "id" : 317831,
    "title" : "Randy Bachman: JazzThing: Live in Toronto",
    "overview" : "Rock guitarist Randy Bachman returns to his jazz roots in this live performance filmed in Toronto. The founder of legendary rock bands the Guess Who and Bachman-Turner Overdrive, Bachman pays tribute to jazz artist Lenny Breau in this performance. Featuring guest musicians such as Curtis Stigers, Dave Young and François Houle, the concert includes everything from Gershwin's \"Summertime\" to Bachman originals.",
    "genres" : [ ]
  }, {
    "id" : 317836,
    "title" : "Streets Talk: Omar Broadway Edition",
    "overview" : "Inmate Omar Broadway teams up with Streets Talk to offer viewers a no-holds-barred look at the inner workings of a New Jersey state prison, where the underground world of competitive boxing is a major part of some convicts' lives. All the gritty footage was recorded by prisoners in their cells using a video camera that was smuggled into the facility. The result is a bloody, often brutal insider's view of life behind bars.",
    "genres" : [ ]
  }, {
    "id" : 317841,
    "title" : "The Sleeping Beauty: Fernando Bujones",
    "overview" : "Cuban-American Fernando Bujones -- the American Ballet Theatre's principal dancer -- appears as the Ballet del Teatro Municipal's guest star in this impressive production of Russian composer Peter Tchaikovsky's romantic fairy tale. Helmed by artistic director Ivan Nagy and featuring stunning sets and costumes, this 1982 performance was staged in Santiago, Chile, to commemorate the Teatro Municipal's 125th anniversary.",
    "genres" : [ ]
  }, {
    "id" : 317846,
    "title" : "Mother of a Different Kind",
    "overview" : "Referred to as Hong Kong's answer to \"Misery\", innocent-looking Bo-Bo Fung is an overprotective mother/nurse who is bent on revenge at all costs after the death of her son at the hands of policeman Lau Ching-Wan. Veronica Yip stars as a gambling addict who enlists Lau to protect her from loan sharks, and eventually returns the favor in order for him to survive Nurse Lam's relentless assault.",
    "genres" : [ ]
  }, {
    "id" : 317851,
    "title" : "Un País de Cuento",
    "overview" : "",
    "genres" : [ {
      "id" : 35,
      "name" : "Comedy"
    }, {
      "id" : 10751,
      "name" : "Family"
    }, {
      "id" : 10770,
      "name" : "TV Movie"
    } ]
  }, {
    "id" : 317856,
    "title" : "Getting Out of Rhode Island",
    "overview" : "Step into the life of Hollywood actor Jacob Mattison (Robert Merrifield) in this unusual film that melds drama with comedy while channeling the brilliance of improv. Nothing's scripted and everything's game as Mattison travels to Rhode Island for a homecoming party of sorts thrown by a childhood archenemy, Morgan Stipe (Jeremy Banks), who now supposedly wants to be his friend. In truth, Stipe sees Mattison as a means to go Hollywood himself.",
    "genres" : [ ]
  }, {
    "id" : 317861,
    "title" : "Redemption Of The Commons",
    "overview" : "Victor seems to have it all together - good looks, his own marketing company, and life in L.A. But in reality, he's broke, living out of his van, $93,000 in debt and still looking for the ever-elusive purpose of his life. Pop, an elderly friend from the past, offers Victor his only choice - to come back home. Through the story's inspiring ending of reconciled relationships and realized dreams, we are reminded that no life is \"common\" - and that everyone has a God-given purpose.",
    "genres" : [ ]
  }, {
    "id" : 317866,
    "title" : "Mastana",
    "overview" : "This 1970 musical tells a tale of two lonely hearts who find love but are prevented from seeing each other. Gentle Satya (Mehmood) befriends unloved rich girl Nain-Tara, but because Satya comes from a modest background, Nain-Tara's sniffish, disapproving parents veto the budding romance. Despondent about her lost love, Nain-Tara soon falls ill. Will Mom and Dad change their minds for the sake of their daughter's well-being?",
    "genres" : [ {
      "id" : 10749,
      "name" : "Romance"
    }, {
      "id" : 18,
      "name" : "Drama"
    }, {
      "id" : 35,
      "name" : "Comedy"
    }, {
      "id" : 10751,
      "name" : "Family"
    } ]
  }, {
    "id" : 317871,
    "title" : "Ol' Man River Mississippi - Part 2",
    "overview" : "Perhaps the best known river on the planet, made famous by writers like Mark Twain, by the romance of the steamboat age and by the blues music spawned along its banks, Ol' Man River still hides many secrets.",
    "genres" : [ ]
  }, {
    "id" : 317876,
    "title" : "Over grensen",
    "overview" : "",
    "genres" : [ {
      "id" : 80,
      "name" : "Crime"
    }, {
      "id" : 18,
      "name" : "Drama"
    } ]
  }, {
    "id" : 317881,
    "title" : "Cosplay Encyclopedia",
    "overview" : "What is Cosplay? Well, Cosplay is short for costume play, and it occurs when thousands of anime fans crowd a convention center dressed as their favorite anime characters. This encyclopedia gives Western anime fans a detailed experience of this slightly bizarre phenomenon. Features characters from series like Magic Knight Rayearth, Sailor Moon, Sorcerer Hunters, and Evangelion.",
    "genres" : [ {
      "id" : 99,
      "name" : "Documentary"
    } ]
  }, {
    "id" : 317886,
    "title" : "Forrest Griffin: The Ultimate Fighter",
    "overview" : "Featuring highlights of his incredible career, this tribute takes a look at UFC legend Forrest Griffin, winner of the first-ever \"The Ultimate Fighter\" and one of the only fighters from that series to go on to win a UFC Championship.",
    "genres" : [ ]
  }, {
    "id" : 317891,
    "title" : "Growin' a Beard",
    "overview" : "On its face, the subject of this documentary -- a contest to determine who can grow the best Donegal beard, an Irish style that doesn't include a mustache -- may not seem gripping enough for film, but it is. Director Mike Woolf manages to mine the drama of the event and tell the history of Shamrock, Tex., at the same time, from its initial incarnation as a once-thriving stop along Route 66 and to its now sleepy, struggling stature.",
    "genres" : [ ]
  }, {
    "id" : 317896,
    "title" : "The Uyghurs",
    "overview" : "A short documentary about the Uyghur minority of western China.",
    "genres" : [ ]
  }, {
    "id" : 317901,
    "title" : "Sham Battle Shenanigans",
    "overview" : "Gandy appears on the \"Dunker's Doughnuts\" radio show and recalls a disastrous day when he and Sergeant Sourpuss were training for combat.",
    "genres" : [ ]
  }, {
    "id" : 317906,
    "title" : "Der tolle Tag",
    "overview" : "",
    "genres" : [ {
      "id" : 35,
      "name" : "Comedy"
    } ]
  }, {
    "id" : 317911,
    "title" : "The Jungle Book: Monkey Business",
    "overview" : "Rudyard Kipling's classic characters are swinging back into action in The Jungle Book: Monkey Business. Join Mowgli, Baloo, and all of their animal friends on this wild adventure as Baloo celebrates Banana day, but runs into trouble when Kaa has another snack on his mind. Get ready for over 60 minutes of monkey-swinging fun in this wonderful jungle adventure.",
    "genres" : [ {
      "id" : 16,
      "name" : "Animation"
    } ]
  }, {
    "id" : 317916,
    "title" : "Beyond All Boundaries",
    "overview" : "The stories of three ordinary Indians, a penniless super fan, a boy superstar and a girl cricketer, for each of whom the sport of cricket is a lifeline.",
    "genres" : [ ]
  }, {
    "id" : 317926,
    "title" : "Studlebrity",
    "overview" : "Today there seems to be a new Social Celebrity every time we go online. We are inundated with guys famous for... well we don't really know what. But they have over 10,000 followers on Twitter and when they post a carefully posed shirtless shot on Instagram they have an army of followers giving it an enthusiastic thumbs-up.",
    "genres" : [ ]
  }, {
    "id" : 317931,
    "title" : "Liveforever",
    "overview" : "A blonde teenage girl, knowing she must change her life, leaves her well-appointed house and flagrantly gives herself over to this tolerant city, saying “yes” to everything provocative it offers her. Only the music tethers her body and spirit together, even as she reaches for redemption through a bold, delicious, and resplendent self-destruction.",
    "genres" : [ {
      "id" : 18,
      "name" : "Drama"
    } ]
  }, {
    "id" : 317936,
    "title" : "Heirs",
    "overview" : "Teenagers’ leisure at full swing: a group of friends spend their holidays at parties, having sex, boozing, and partaking in any adventure that brings them a boost of adrenaline. As they use violence for entertainment and to fulfill their authoritarian fantasies, their adventures will show the cracks and the collapse of the perfect world they live in.",
    "genres" : [ {
      "id" : 18,
      "name" : "Drama"
    } ]
  }, {
    "id" : 317941,
    "title" : "Dodo",
    "overview" : "Is a thriller that mixes different genres and styles, from comedy to Mexican wrestling films. It follows the story of a cop with a reputation for being an idiot who jumps on the trail of a missing girl, discovering that his best friend is involved. Along the way they encounter a series of strange characters, typical inhabitants of Mexico City. Everything takes place in a day, from morning to night.",
    "genres" : [ ]
  }, {
    "id" : 317946,
    "title" : "Yerbamala",
    "overview" : "Jesus Andrade (Christian Vasquez), a young thug, has decided to rob a stagecoach. At the time of the robbery he realizes that this is one of many stagecoaches of Governor Francisco Carreño (Alejandro Calva) and without giving enough importance he continues to theft, then suddenly he falls in love.",
    "genres" : [ ]
  }, {
    "id" : 317951,
    "title" : "How the Office Boy Saw the Ball Game",
    "overview" : "An office boy plays hooky from work so he can watch a ballgame perched high atop a telephone pole.  Includes footage of an actual baseball game as if seen through a telescope.",
    "genres" : [ {
      "id" : 35,
      "name" : "Comedy"
    } ]
  }, {
    "id" : 317956,
    "title" : "Thank You, Good Night",
    "overview" : "A rock band hopes for success and recognition while on tour.",
    "genres" : [ ]
  }, {
    "id" : 317961,
    "title" : "Agent 3S3: Passport to Hell",
    "overview" : "Eurospy movie from 1965",
    "genres" : [ {
      "id" : 12,
      "name" : "Adventure"
    } ]
  }, {
    "id" : 317966,
    "title" : "Lige Ved Og Voksen",
    "overview" : "",
    "genres" : [ {
      "id" : 35,
      "name" : "Comedy"
    } ]
  }, {
    "id" : 317976,
    "title" : "Bumba - Bumbalu",
    "overview" : "",
    "genres" : [ {
      "id" : 10751,
      "name" : "Family"
    } ]
  }, {
    "id" : 317981,
    "title" : "Bloodsucking Bastards",
    "overview" : "An action-packed horror comedy, BLOODSUCKING BASTARDS stars Fran Kranz as Evan, a dutiful and overworked employee stuck at a soul-killing corporation with his beautiful co-worker and girlfriend Amanda (Emma Fitzpatrick) and his slacker best friend Tim (Joey Kern). Evans world begins to crumble when Amanda dumps him and his boss Ted (Joel Murray) hands his coveted promotion to his nemesis Max (Pedro Pascal). When his office mates start going through disturbing changes, Evan must find a way to stop the evil brewing admist the cubicles, and rescue his workplace pals before his life and career go from dead-end... to just dead.",
    "genres" : [ {
      "id" : 35,
      "name" : "Comedy"
    }, {
      "id" : 27,
      "name" : "Horror"
    } ]
  }, {
    "id" : 317986,
    "title" : "Things Fold Into Themselves",
    "overview" : "Take a sip from the spring water and enter a dream through the wilderness. Look out from the cabin window to the glorious night sky painted by the northern lights, in the middle of the mimic water, connecting earth, stars and two lovers",
    "genres" : [ ]
  }, {
    "id" : 317991,
    "title" : "Black Stone",
    "overview" : "While his parents are toiling away in a food processing plant in Seoul, Shon Sun is drafted in the army. But being prey to abuse, he deserts. Back in Seoul he finds out his parents have disappeared. Intent on finding them, he embarks on a journey through the contaminated jungle his father was born in.",
    "genres" : [ {
      "id" : 18,
      "name" : "Drama"
    } ]
  }, {
    "id" : 317996,
    "title" : "Cábala caníbal",
    "overview" : "Villamediana uses his family history to unravel hidden memories of kabbala in Spain. With contemporary images, found footage, archival material, film, literature and ancient Hebrew texts, he creates a new cinematic language for unearthing cultural history.",
    "genres" : [ ]
  }, {
    "id" : 318001,
    "title" : "The New Klondike",
    "overview" : "Tom Kelly, a small-town baseball pitcher, is sent to a minor-league team in Florida, and fails to make the team. He starts dabbling in real estate, in the midst of the Florida land boom (in which a lot of the land sold was under water), makes a fortune and buys into the team that cut him from its roster.",
    "genres" : [ {
      "id" : 10749,
      "name" : "Romance"
    }, {
      "id" : 35,
      "name" : "Comedy"
    }, {
      "id" : 18,
      "name" : "Drama"
    } ]
  }, {
    "id" : 318006,
    "title" : "Fighting Fists of Bruce Lee",
    "overview" : "Compilation DVD by Vintage Home Entertainment, Inc. containg 3 Bruce Lee movies. Fists of Fury, The Real Bruce Lee, and Fist ofFear/Touch of Death.",
    "genres" : [ ]
  }, {
    "id" : 318021,
    "title" : "Bumba - Zazati",
    "overview" : "",
    "genres" : [ {
      "id" : 10751,
      "name" : "Family"
    } ]
  }, {
    "id" : 318026,
    "title" : "Bumba - In Afrika",
    "overview" : "",
    "genres" : [ {
      "id" : 10751,
      "name" : "Family"
    } ]
  }, {
    "id" : 318031,
    "title" : "Conquering China",
    "overview" : "A Swedish singer trades Europe for China. Like a blonde nephew of Bryan Ferry, he enters the burgeoning music scene in Shanghai, where electronic dance music dominates. But is this new land of opportunity ready for his soul-searching, tormented voice? Is music really such a universal language?",
    "genres" : [ {
      "id" : 10402,
      "name" : "Music"
    }, {
      "id" : 99,
      "name" : "Documentary"
    } ]
  }, {
    "id" : 318036,
    "title" : "The boxing lesson",
    "overview" : "Victor, a business man from Bucharest who can’t stand anymore to see his son beat up in school, takes the boy to boxing classes. But Vlad, who’s 12 years old, is not interested in learning how to fight and refuses to enter the first training. To teach him a lesson, the father enters the boxing ring himself.",
    "genres" : [ {
      "id" : 18,
      "name" : "Drama"
    } ]
  }, {
    "id" : 318041,
    "title" : "Bruce Springsteen: Glory Days",
    "overview" : "Bruce Frederick Joseph Springsteen, more fondly know as \"The Boss\" by his millions of fans, is widely regarded as one of the most influential songwriters of the 20th century and one of the greatest artists of all time. This is his remarkable story.",
    "genres" : [ ]
  }, {
    "id" : 318046,
    "title" : "Kosmos",
    "overview" : "Up until November 2013, the Gesu convent in Brussels was home to around 250 people including a number of Roma families originating from Slovakia. Over the months leading up to their impending eviction, Ruben Desiere worked with a number of the inhabitans to create a film. Kosmos is loosely based on the book of the same name by the Polish author Witold Gombrowicz. It focuses on the family of Kevin Mroc who had been living at Gesu for three years, and also features two newcomers, Mizu Balasz en Rastjo Vano.",
    "genres" : [ ]
  }, {
    "id" : 318051,
    "title" : "Homero Manzi, un poeta en la tormenta",
    "overview" : "",
    "genres" : [ {
      "id" : 18,
      "name" : "Drama"
    }, {
      "id" : 36,
      "name" : "History"
    } ]
  }, {
    "id" : 318056,
    "title" : "Paul Sharits",
    "overview" : "Long after his premature death, the impact of Paul Sharits lingers on. The prominent iconoclast and innovator provoked with fast-flickering, pulsating, colourful mosaics. The many interviews and testimonies are also a portrait of a generation of leading voices in experimental filmmaking.",
    "genres" : [ {
      "id" : 99,
      "name" : "Documentary"
    } ]
  }, {
    "id" : 318061,
    "title" : "Run Away",
    "overview" : "Kidnapped by a group of bandits and raped by their chief, Dan Zhu slowly develops feelings for the perpetrator. Echoing the social realism of Taiwanese new wave filmmaking, director Wang Tung revisits the wuxia genre, with the emphasis on psychology rather than action.",
    "genres" : [ {
      "id" : 18,
      "name" : "Drama"
    } ]
  }, {
    "id" : 318066,
    "title" : "Self-Portrait of a Dutiful Daughter",
    "overview" : "Cristiana is a 30 year old woman, brought up in a \"proper\", bourgeois middle-class family. Her time is split between writing for her PhD in Earthquake Engineering, conversations with Alex and Michelle, her two close friends and occasional, eagerly awaited rendezvous' with Dan, a married man with whom she is romantically involved. After her parents move out of the family apartment into a new house, she decides to get a dog. It is something that she wanted ever since she was a child and now that she lives on her own she can finally fulfill this wish.",
    "genres" : [ {
      "id" : 18,
      "name" : "Drama"
    } ]
  }, {
    "id" : 318071,
    "title" : "Rise Above: The Tribe 8 Documentary",
    "overview" : "Interweaving performance footage, still photos and pointed interviews, filmmaker Tracy Flannigan provides an intriguing glimpse into the lives and psyches of in-your-face lesbian punk rockers Tribe 8. Based in San Francisco, the band is famous for breaking the rules on stage and everywhere else -- and cameras capture it all as the outrageous ladies kindle controversy from coast to coast. Bonus material includes deletes scenes.",
    "genres" : [ ]
  }, {
    "id" : 318076,
    "title" : "Rubinstein Remembered",
    "overview" : "This program traces Rubinstein's career and features excerpts from his performances of works by Frederic Chopin, his favorite composer. There are also effervescent Rubinstein reminiscences told as only he could tell them, as well as interviews with his family and colleagues. A 100th anniversary tribute to the famous virtuoso pianist, Arthur Rubinstein.",
    "genres" : [ {
      "id" : 99,
      "name" : "Documentary"
    } ]
  }, {
    "id" : 318081,
    "title" : "Snake in the Crane's Shadow",
    "overview" : "After the Mistress of the Crane (Doris Lung Chun Erh) finds a valuable piece of jewelry, she must fight off a band of thieves. Despite being blind, the Mistress uses her kung fu mastery to pummel the thieves (including Shek Tin), the notorious Lame Dragon (Barry Chan) and the Eight Step Killer (Lung Tuen-Hsiang). She ends up fighting for her life and the ultimate prize. Gordon Liu hosts the commentary included with this martial arts film.",
    "genres" : [ ]
  }, {
    "id" : 318086,
    "title" : "Super Vallenatos del Año 2008",
    "overview" : "Top artists of the popular Colombian folk music vallenato perform their biggest hits in this lively compilation. Songs include \"El Amor Es Así\" by Jorge Celedon and Jimmy Zambrano and \"Casualidad,\" performed by Nelson Velasquez. Other artists are Silvestre Dangond, Juancho de la Espriella, Felipe Pelaez, Jean Carlos Centeno, Jose Fernando Romero, Poncho Zuleta and El Cocha Molina. Salsa superstar Gilberto Santa Rosa makes a special appearance.",
    "genres" : [ ]
  }, {
    "id" : 318091,
    "title" : "The Marvelous Misadventures of Flapjack: Vol. 1",
    "overview" : "This quirky Cartoon Network comedy chronicles the misadventures of Flapjack, a precocious kid who's flanked by two unlikely sidekicks: a talking whale named Bubbie and a rough-and-tumble pirate named Capt. K'nuckles. The first volume of episodes finds the trio racing a mechanical menace dubbed the \"Alpha-Whale,\" tracking down the world's most valuable candy wrappers and making friends with (gasp!) a monster.",
    "genres" : [ ]
  }, {
    "id" : 318096,
    "title" : "Torchlighters: William Tyndale",
    "overview" : "After translating Bible scriptures into English for the benefit of common people -- an act King Henry VIII's government has declared illegal -- William Tyndale begins living as a fugitive. But is his devotion to bringing God's word to every man, woman and child really a crime? This animated episode of \"The Torchlighters\" series follows William as he spends his life in hiding, pursued by the king's bounty hunters and aided by helpful Christians.",
    "genres" : [ ]
  }, {
    "id" : 318101,
    "title" : "A Reiki Prosperity Attunement",
    "overview" : "This program explores Reiki -- a Japanese spiritual practice for healing the mind, body and soul -- and how it can be used to unlock your subconscious knowledge of what it takes to achieve prosperity. Reiki expert Steve Murray teaches you how to unearth the power that's buried beneath layers of guilt, fear and anxiety. You'll also learn how to unleash the force of subliminal persuasion, create a prosperity plan and stay focused on your goals.",
    "genres" : [ ]
  }, {
    "id" : 318106,
    "title" : "Hawaizaada",
    "overview" : "The film, set in the pre-independence era of Bombay of 1895, is based on the life on an Indian scientist Shivkar Bapuji Talpade, who is credited to with the construction of India's first unmanned plane, as well as the hardships that he went through on his journey of discovery.",
    "genres" : [ {
      "id" : 14,
      "name" : "Fantasy"
    }, {
      "id" : 18,
      "name" : "Drama"
    } ]
  }, {
    "id" : 318111,
    "title" : "Cherub Wings: Vol. 8: Oops! Sorry",
    "overview" : "Using a combination of live action and colorful 3-D animation, this Christian children's series follows the high jinks of a spirited angel named Cherub Wings, who's been commissioned by God to present a variety show that will help kids build their faith. In \"Oops! Sorry,\" Cherub and his friend Chubby learn the true meaning of Jesus' instructions to \"forgive from the heart,\" teaching children the harm of holding on to grudges.",
    "genres" : [ ]
  }, {
    "id" : 318116,
    "title" : "Golf: The Ridiculous Obsession",
    "overview" : "This unique documentary takes a look at a growing obsession for a number of people: golf. Going beyond those who hit the links a lot or follow the PGA tour religiously, this film tells tales of the truly obsessed. Meet a man who treats one of Arnold Palmer's divots as a pet and a woman who divorced her husband to court a lower-handicapped golfer, as well as the fanatic who, in one day alone, played courses in London, New York and Los Angeles.",
    "genres" : [ ]
  }, {
    "id" : 318121,
    "title" : "The Fundamentals of Caring",
    "overview" : "Having suffered a tragedy, Ben becomes a caregiver to earn money. His first client, Trevor, is a hilarious 18-year-old with muscular dystrophy. One paralyzed emotionally, one paralyzed physically, Ben and Trevor hit the road on a trip into the western states. The folks they collect along the way will help them test their skills for surviving outside their calculated existence. Together, they come to understand the importance of hope and the necessity of true friendship.",
    "genres" : [ {
      "id" : 35,
      "name" : "Comedy"
    }, {
      "id" : 18,
      "name" : "Drama"
    } ]
  }, {
    "id" : 318126,
    "title" : "Jing, King of Bandits: Seventh Heaven",
    "overview" : "Intent on stealing the renowned Dream Orb from dangerous prison complex Seventh Heaven, master bandit Jing and his sidekick Kir get themselves locked up in the mystical jail notorious for holding even magical inmates who can't escape its walls. But once they arrive, Campari, the owner of the orb, traps them in a confusing prison of dreams they must elude before they can proceed with their thievery in this anime adventure.",
    "genres" : [ ]
  }, {
    "id" : 318131,
    "title" : "The Spectacular Jihad of Taz Rahim",
    "overview" : "A Yo Yo Singh wannabe desi rapper is arrested and blackmailed by the NYPD into becoming an undercover police informant.",
    "genres" : [ ]
  }, {
    "id" : 318136,
    "title" : "The String Cheese Incident Live from Austin TX",
    "overview" : "By The time The String Cheese Incident took the ACL stage on July 24, 2001, Austin City Limits had made itself a home for improvisational rock bands. It s a natural fit- jam bands and ACL- what other music show on TV will give a band a whole hour to stretch out and be themselves? Actually, the hard part is taking an entire SCI performance of freewheeling, extending jams and editing it into only one hour. The solution is in your hands- the entire, unedited original show. Cheeseheads, rejoice!",
    "genres" : [ ]
  }, {
    "id" : 318141,
    "title" : "White Coal",
    "overview" : "An industrial film on two kinds of labour: socialist and capitalist. A poetic investigation of human relations with the soil and the Earth. A striking journey from Poland to Taiwan that makes us think, contemplate and dream. Pure film.",
    "genres" : [ ]
  }, {
    "id" : 318146,
    "title" : "Humjoli",
    "overview" : "After abandoning his true love to marry an heiress, Gopal (Pran) proves more than just greedy when he plots his wife's murder and deserts his only child in this Bollywood romance. Years later, a remarried Gopal is shocked when his estranged daughter, Ranibala (Leena Chandavarkar), returns home. When Rajesh (Jeetendra), one of Ranibala's suitors, reveals his knowledge of her father's evil deeds, Gopal must answer for a past he's tried to forget.",
    "genres" : [ ]
  }, {
    "id" : 318151,
    "title" : "Talaq",
    "overview" : "When teacher Indu (Kamini Kadam) marries engineer Ravi Shankar Chaube (Rajendra Kumar) after years of living with her unemployed, widower father, Moolchand Chabbe (Radhakrishan), it's a readjustment -- especially when Moolchand begins gambling after Indu quits working and has a child. Now Ravi puts them all on a budget, and to make ends meet, Indu goes back to work. But Ravi insists she must quit or face a divorce in this Indian drama.",
    "genres" : [ ]
  }, {
    "id" : 318156,
    "title" : "The Osmonds Live",
    "overview" : "The Osmonds shot to fame in the 1970s with a clean-cut appeal born out of their Mormon roots, falling in among other family-centric musical acts such as The Jackson 5 and The Cowsills. In this rousing live performance filmed in 1972, the six brothers sing through their biggest hits, including \"Puppy Love,\" \"Sweet and Innocent,\" \"One Bad Apple,\" \"Hold Her Tight,\" \"Too Young,\" \"Crazy Horses\" and \"Down by the Lazy River.\"",
    "genres" : [ ]
  }, {
    "id" : 318161,
    "title" : "Tom Jones and Friends: Live",
    "overview" : "International singing sensation Tom Jones shares the microphone with a host of pop, soul and R&amp;B superstars in this video collection of duets, including \"Girl from New York City\" with Donny Osmond and \"Hot Legs\" with Tina Turner. The Welsh-born heartthrob also teams up with Dusty Springfield on \"Upside Down,\" with Isaac Hayes on \"Don't Let Go,\" with Stephanie Mills on \"The Closer I Get to You\" and more.",
    "genres" : [ ]
  }, {
    "id" : 318166,
    "title" : "I Married Wyatt Earp",
    "overview" : "Based on the memoirs of Josephine Marcus Earp, a young opera singer from San Francisco, this docudrama tells the story of how she became the wife of legendary lawman Wyatt Earp.",
    "genres" : [ {
      "id" : 18,
      "name" : "Drama"
    }, {
      "id" : 37,
      "name" : "Western"
    } ]
  }, {
    "id" : 318171,
    "title" : "Beyond Beijing: Exploring China's Cities",
    "overview" : "This program showcases some of China's historical and cultural treasures beyond Beijing's usual-suspect tourist spots, including Shanghai, with its emerging role in global haute couture, and Qingdao, with its rich seafaring legacy. Other destinations include Qinhuangdao and its legendary connection to the Great Wall, Shenyang and its historic architecture, and Hong Kong with its dazzling mix of world cultures.",
    "genres" : [ ]
  }, {
    "id" : 318186,
    "title" : "Diving Normal",
    "overview" : "An unlikely love triangle: an ambitious Brooklyn-ite graphic novelist and his peculiar neighbor fall for the same beautiful but broken girl. The three combat abandonment, addiction and the struggle with conforming to traditional relationships.",
    "genres" : [ {
      "id" : 18,
      "name" : "Drama"
    } ]
  }, {
    "id" : 318191,
    "title" : "Togbe",
    "overview" : "Henk Otte, a white Dutchman living outside Amsterdam, travels to his wife's homeland of Ghana, where he's been installed as a king. During this visit, he confronts problems with local leaders and tries to improve his territory's infrastructure. In addition to revealing how Otte became the region's ruler, this documentary profiles the growing clash between Christianity and the tribe's traditional practices.",
    "genres" : [ ]
  }, {
    "id" : 318196,
    "title" : "The Monster of Highgate Ponds",
    "overview" : "The story of three children who find themselves with a friendly monster that grows at an alarming rate.",
    "genres" : [ {
      "id" : 10751,
      "name" : "Family"
    }, {
      "id" : 16,
      "name" : "Animation"
    } ]
  }, {
    "id" : 318201,
    "title" : "Lie with Me",
    "overview" : "In this made-for-television thriller, Roselyn Tyler (Eve Best) awakens in her London flat with no memory of the previous night. She discovers that she was drugged and sexually assaulted -- and her roommate is dead. When investigating cop Will Tomlinson (Andrew Lincoln) can't make the charges stick against the prime suspect (Paul McCann), he and Roselyn scheme to put him behind bars. But she soon learns that lies have hazardous consequences.",
    "genres" : [ {
      "id" : 18,
      "name" : "Drama"
    }, {
      "id" : 80,
      "name" : "Crime"
    } ]
  }, {
    "id" : 318206,
    "title" : "The Queen Bee",
    "overview" : "The movie is part of the Kindaichi TV movie series. Kindaichi is played by actor Goro Inagaki.  The character's grandfather began with the written word. Kousuke Kindaichi started life in the novels of Seishi Yokomizo, written and set in post-war Japan. Inspired by Arthur Conan Doyle and Agatha Christie, Kindaichi is still very much a unique character, giving the Japanese their very own literary hero-detective.  Young Hajime Kindaichi is a young man with bad dandruff and worse dress-sense (decades before Columbo), who wears a trademark, scruffy sunhat. He also happens to be better than the police at deductive reasoning. Having gained publicity for solving a high-profile murder case, the detectives allow him to work with them again.  This story is slimmer than the twisty plots of Inugami and Village, but is graced by the presence of Chiaki Kuriyama (Battle Royale, Kill Bill Vol. 1, The Great Yokai War) in the title role.",
    "genres" : [ {
      "id" : 9648,
      "name" : "Mystery"
    } ]
  }, {
    "id" : 318211,
    "title" : "One Generation Away",
    "overview" : "The Religious Freedom clauses in the Constitution's First Amendment are facing interpretation challenges on numerous fronts. One Generation Away visits the front lines of the changing face of religious liberty in the United States.",
    "genres" : [ ]
  }, {
    "id" : 318216,
    "title" : "Ari Brown: Live at the Green Mill",
    "overview" : "Small jazz combo at historic Chicago club plays long tunes in styles ranging from laid-back to aggressively up-front.",
    "genres" : [ ]
  }, {
    "id" : 318221,
    "title" : "Broadway Theatre Archive: Enemies",
    "overview" : "A put-upon waiter (Sam Jaffe) at a Catskills resort finally strikes back at an annoying customer (Ned Glass) who never stops complaining about the restaurant's service. But as the rivalry escalates, the men's true motives and identities emerge. This short comic gem by playwright Arkady Leokum is presented as part as the Broadway Theatre Archive series, which specialized in televising the best productions of the Great White Way.",
    "genres" : [ ]
  }, {
    "id" : 318226,
    "title" : "Hillsong: Let Hope Rise",
    "overview" : "Chronicles the unlikely rise to prominence of the Australia-based Christian band, Hillsong United.",
    "genres" : [ ]
  }, {
    "id" : 318231,
    "title" : "Declassified: Human Experimentation",
    "overview" : "Pointing to pages upon pages of recently declassified material dating back to 1945, this unsettling History Channel documentary chronicles the U.S. government's often-secretive attempts to use humans as test subjects. Long concealed by claims of national security, the practice of human experimentation in America is now out in the open -- and open to debate. Is experimenting on humans without their knowledge ever justifiable?",
    "genres" : [ ]
  }, {
    "id" : 318236,
    "title" : "The Complete Guide to the Pilates Method",
    "overview" : "Allan Menezes' four-part video series on the Pilates method, to reduce back pain, strengthen abdominals, stretch the hamstrings and lower back, mobilize tight joints, improve shallow breathing, and improve posture.",
    "genres" : [ ]
  }, {
    "id" : 318241,
    "title" : "Great Souls: Nelson Mandela",
    "overview" : "The remarkable life of Nelson Mandela is chronicled in this volume of the Great Souls series. Friends, colleagues and experts share their stories about Mandela's happy childhood, extraordinary self-sacrifice as a freedom fighter, his decades of imprisonment and his presidential triumph. Filmed entirely in South Africa, this inspiring program reveals the strength and character of the man who led his nation out of apartheid and into the future.",
    "genres" : [ ]
  }, {
    "id" : 318246,
    "title" : "Blue Dogs: Live at the House of Blues",
    "overview" : "South Carolina's Blue Dogs perform live in this 2004 concert filmed at the House of Blues in Myrtle Beach. The alternative-country rockers emphasize songs from their 2004 album \"Halos and Good Buys\" in this show, but they also play several cuts from their entire repertoire. Songs include \"Isabelle,\" \"Mr. Rain,\" \"Janie &amp; Me,\" \"Make Your Mama Proud\" and \"Long Gone Goodbye.\" Also included are exclusive interviews with the band members.",
    "genres" : [ ]
  }, {
    "id" : 318251,
    "title" : "Ian Gillan: Live in Anaheim",
    "overview" : "Stellar concert footage from Anaheim, Calif., captures Deep Purple front man Ian Gillan, who took a hiatus from the band's 2006 tour to tout his solo album \"Gillan's Inn\" throughout North America. Backed by a smokin' new band, Gillan cranks out recent songs along with requisite Deep Purple favorites, proving that even after all these years, the superstar vocalist has still got it. Tracks include \"Into the Fire,\" \"No Worries,\" \"Trouble\" and more.",
    "genres" : [ ]
  }, {
    "id" : 318256,
    "title" : "Hot Girls Wanted",
    "overview" : "A first-ever look at the realities of the professional “amateur” porn world and the steady stream of 18-to-19-year old girls entering into it.",
    "genres" : [ {
      "id" : 99,
      "name" : "Documentary"
    } ]
  }, {
    "id" : 318261,
    "title" : "Less Than Jake: People's History",
    "overview" : "A rockin' history of Less Than Jake, this compilation features live performances and concert sets that chronicle the ska band's evolution, along with interviews, videos, band commentary and outrageous clips of guitarist Chris DeMakes's alter ego. From early footage of the band ripping out tunes in a deserted parking lot to their triumphant show at the Reading Festival, the collection sheds new light on the Gainesville, Fla., group.",
    "genres" : [ ]
  }, {
    "id" : 318266,
    "title" : "Augenzeugen müssen blind sein",
    "overview" : "",
    "genres" : [ {
      "id" : 80,
      "name" : "Crime"
    } ]
  }, {
    "id" : 318271,
    "title" : "Mystikal: Mardi-Raw: Up Close & Uncensored",
    "overview" : "Roll with Dirty South rap giant Mystikal through his native Louisiana as he hangs out in Baton Rouge and New Orleans in this exciting compilation, which also features nine music videos and two making-of documentaries. Videos include \"Ain't No Limit,\" \"Out That Boot,\" \"Camp,\" \"That's the Rapper,\" \"Here I Go,\" \"Y'all Ain't Ready,\" \"Beware,\" \"Shake Ya Ass\" and \"Danger (Been So Long) featuring R &amp; B vocalist Nivea.",
    "genres" : [ ]
  }, {
    "id" : 318276,
    "title" : "John Mayall: Live from Austin, TX",
    "overview" : "British blues legend John Mayall lights up Texas in this 1993 performance from \"Austin City Limits.\" Mixing blues, jazz, rock and gospel, Mayall and his band, the Bluesbreakers, pack in a range of original and cover tunes in this smokin' show. The track list includes \"I Want to Go\" and \"I'm a Sucker for Love,\" along with searing renditions of Junior Wells's classic \"I Could Cry\" and Jimmy Reed's \"Ain't That Lovin' You Baby?\"",
    "genres" : [ ]
  }, {
    "id" : 318286,
    "title" : "Paquita",
    "overview" : "Ballet master Pierre Lacotte brings the long-dormant \"Paquita\" back to life at the Paris Opera (where it debuted in 1846) in this fanciful tale about a noble child kidnapped and raised by gypsies, never suspecting she's of royal blood. The ballet retains much of its original character, thanks in part to Lacotte's faithful choreography and Luisa Spinatelli's authentic sets and costumes, which were modeled after the originals.",
    "genres" : [ ]
  }, {
    "id" : 318291,
    "title" : "Der Führerschein",
    "overview" : "",
    "genres" : [ {
      "id" : 35,
      "name" : "Comedy"
    } ]
  }, {
    "id" : 318296,
    "title" : "Ronald Reagan: An American Legend",
    "overview" : "Barbara Walters and Ted Koppel host an in-depth retrospective of the life and career of the 40th president of the United States. Reagan's life is chronicled via the personal memories of his children and clips from Walters's interviews with the family. The president's funeral and memorial are also covered, along with reports on Reagan's speeches, his relationship with Nancy, Reaganomics, the Iran-Contra affair and Hinckley's assassination attempt.",
    "genres" : [ ]
  }, {
    "id" : 318301,
    "title" : "La véritable histoire du Chat Botté",
    "overview" : "",
    "genres" : [ ]
  }, {
    "id" : 318306,
    "title" : "Die Gartenlaube",
    "overview" : "",
    "genres" : [ {
      "id" : 18,
      "name" : "Drama"
    } ]
  }, {
    "id" : 318311,
    "title" : "Wer raucht die Letzte?",
    "overview" : "",
    "genres" : [ {
      "id" : 18,
      "name" : "Drama"
    } ]
  }, {
    "id" : 318316,
    "title" : "Bankgeheimnisse",
    "overview" : "",
    "genres" : [ {
      "id" : 18,
      "name" : "Drama"
    } ]
  }, {
    "id" : 318321,
    "title" : "It's Gonna Blow!!!: San Diego's Music Underground 1986-1996",
    "overview" : "'It's Gonna Blow!!! - San Diego's Music Underground 1986-1996' chronicles a period when San Diego was touted as 'the next Seattle'. A motley community of musicians with a do it yourself ethos and an aversion to mainstream culture developed their idiosyncratic sounds in the isolation of San Diego but soon found themselves at the center of bidding wars and expense account lunches. What happened when the outcasts from the sticks became the next big thing?",
    "genres" : [ {
      "id" : 10402,
      "name" : "Music"
    }, {
      "id" : 99,
      "name" : "Documentary"
    } ]
  }, {
    "id" : 318326,
    "title" : "Juice Newton: Every Road Leads Back to You",
    "overview" : "Grammy winner Juice Newton treats fans to a retrospective of her 30-year career in this 2001 Los Angeles performance. The intimate concert showcases Newton's unique sound with hits such as \"Angel of the Morning\" and \"Queen of Hearts\" and the more recent \"Red Blooded American Girl\" and \"This Old Flame.\" Extras include an interview in which Newton shares stories about her life on and off the road.",
    "genres" : [ ]
  }, {
    "id" : 318331,
    "title" : "Aftermath",
    "overview" : "Aftermath was the pilot for an unsold TV series called The Code of Jonathan West; it aired as part of The General Electric Theater. The film takes place just after the Civil War, in a small southern town – war-ravaged, impoverished, and seething with hatred and resentment.",
    "genres" : [ ]
  } ]
}