{
  "movies" : [ {
    "id" : 256076,
    "title" : "Midnight Fly",
    "overview" : "Michelle takes off for Europe to contemplate her inevitable divorce. She meets the beautiful Miki, a Japanese model who tries to end a relationship with a married man. There is nothing like love trouble to foster a quick bond and the women become close friends. However, Miki discloses by accident that...",
    "genres" : [ ]
  }, {
    "id" : 256081,
    "title" : "The Song of the Scarlet Flower",
    "overview" : "Song of the Scarlet Flower was Teuvo Tulio's first independently produced film, and the earliest of his surviving films. The plot was about Olavi, a farmer's son who leaves his home after a dispute with his father and leads a life of a womanizing logger.",
    "genres" : [ ]
  }, {
    "id" : 256086,
    "title" : "4 Faces of Eve",
    "overview" : "Made up of four short stories. One, a lonely hooker can't stop crying whenever she has sex with her clients. She approaches a shrink and ends up stalking him. Two, a long suffering wife and the mistress of her husband bonds. Three, a weird tale of a lesbian avenging her comatose twin sister by killing her unfaithful boyfriend. And lastly, a woman one day suddenly decides that she had enough of her failing marriage and desperately seeks a reinvention of her life.",
    "genres" : [ {
      "id" : 18,
      "name" : "Drama"
    } ]
  }, {
    "id" : 256091,
    "title" : "Americano rosso",
    "overview" : "",
    "genres" : [ ]
  }, {
    "id" : 256096,
    "title" : "Viva Blackpool",
    "overview" : "British TV Movie set in a seedy seaside town. David Morrissey returns as anti-hero Ripley in a one-off sequel to the award-winning series Blackpool (2004). Ripley returns from Las Vegas with some big ideas in the form of a chain of wedding chapels and along the way gets roped into trying to steal the World Cup. Features more impromptu musical fantasies.",
    "genres" : [ {
      "id" : 18,
      "name" : "Drama"
    }, {
      "id" : 10402,
      "name" : "Music"
    }, {
      "id" : 35,
      "name" : "Comedy"
    } ]
  }, {
    "id" : 256101,
    "title" : "The Branches of the Tree",
    "overview" : "When a wealthy patriarch falls ill on his 70th birthday, three of his sons rush in from Calcutta, leading to a reunion filled with painful ironies and lingering disillusionment. As the family—including an addled fourth son (Soumitra Chatterjee) who lives with the old man—watches and waits, the static occasion brings out simmering tensions in their family dynamics, from the father’s moral rectitude to the business ambition of two sons and the withdrawal of their siblings.",
    "genres" : [ {
      "id" : 18,
      "name" : "Drama"
    } ]
  }, {
    "id" : 256106,
    "title" : "Blind Massage",
    "overview" : "A drama centered around the employees of a Nanjing massage parlor who share a common trait: they are all blind.",
    "genres" : [ {
      "id" : 18,
      "name" : "Drama"
    } ]
  }, {
    "id" : 256111,
    "title" : "Flowers of Freedom",
    "overview" : "Sheep breeding, housework and politics: Ten women take up the fight against a gold mine. After an environmental disaster they claim damages of the tune of millions, help topple a corrupt government and shape Kyrgyztan's political future.",
    "genres" : [ ]
  }, {
    "id" : 256116,
    "title" : "Deep Space One",
    "overview" : "Eight years ago, Deep Space One was launched: an ion-driven unmanned rocket that is still on its journey through space. In this triptych, Peter Garfield takes us on a similarly dizzying journey through various dimensions. The camera glides through a landscape, through a decor, through a room, straight through walls - without having to stop once.",
    "genres" : [ ]
  }, {
    "id" : 256131,
    "title" : "Silent Wings: The American Glider Pilots of World War II",
    "overview" : "From the early race to build gliders to the D-Day invasion at Normandy and Nazi Germany's final surrender, \"Silent Wings - The American Glider Pilots of WWII\" narrated by Hal Holbrook, reveals the critical role gliders played in World War II offensives. Through rare archival footage and photographs, the film places the audience right at the center of the action in the dangerous world of the American glider pilot. During WWII, 6000 young Americans volunteered to fly large unarmed cargo gliders into battle. For these glider pilots every mission was do-or-die. It was their task to repeatedly risk their lives landing the men and tools of war deep within enemy-held territory, often in complete darkness. Thousands of lives were saved and battles won because of their efforts. In fact, one pilot interviewed said - the 'G' in their emblem didn't stand for glider; it stood for 'guts.' Features include: - Virtual walk-through tour of the Silent Wings Museum in Lubbock, Texas",
    "genres" : [ {
      "id" : 99,
      "name" : "Documentary"
    }, {
      "id" : 10752,
      "name" : "War"
    }, {
      "id" : 36,
      "name" : "History"
    } ]
  }, {
    "id" : 256136,
    "title" : "An Inspector Calls",
    "overview" : "An Inspector Calls is a play written by English dramatist J. B. Priestley, first performed in 1945 (in Russia) and 1946 (in the UK). It is considered to be one of Priestley's best known works for the stage and one of the classics of mid-20th century English theatre. The play's success and reputation has been boosted in recent years by a successful revival by English director Stephen Daldry for the National Theatre in 1992. This is the 1982 BBC TV film adaptation",
    "genres" : [ {
      "id" : 9648,
      "name" : "Mystery"
    }, {
      "id" : 18,
      "name" : "Drama"
    } ]
  }, {
    "id" : 256146,
    "title" : "Los Caudales",
    "overview" : "A study of the undulating chiaroscuro of rivers, creeks, and shorelines in black, white, and silver.",
    "genres" : [ ]
  }, {
    "id" : 256156,
    "title" : "Just Maath Maathalli",
    "overview" : "No one has entered a biography for him.",
    "genres" : [ {
      "id" : 10749,
      "name" : "Romance"
    }, {
      "id" : 18,
      "name" : "Drama"
    }, {
      "id" : 10402,
      "name" : "Music"
    } ]
  }, {
    "id" : 256161,
    "title" : "Huccha",
    "overview" : "No one has entered a biography for him.",
    "genres" : [ {
      "id" : 28,
      "name" : "Action"
    }, {
      "id" : 10749,
      "name" : "Romance"
    }, {
      "id" : 18,
      "name" : "Drama"
    }, {
      "id" : 35,
      "name" : "Comedy"
    } ]
  }, {
    "id" : 256166,
    "title" : "Murder by Natural Causes",
    "overview" : "Allison, the unfaithful wife of a famous mentalist with a heart problem, together with her lover tries to kill him by scaring him to death, but the whole thing goes downhill when it turns out that he knew about it all along.",
    "genres" : [ {
      "id" : 9648,
      "name" : "Mystery"
    }, {
      "id" : 80,
      "name" : "Crime"
    }, {
      "id" : 10770,
      "name" : "TV Movie"
    }, {
      "id" : 27,
      "name" : "Horror"
    } ]
  }, {
    "id" : 256181,
    "title" : "Carreiras",
    "overview" : "",
    "genres" : [ ]
  }, {
    "id" : 256186,
    "title" : "Mãe e Filha",
    "overview" : "",
    "genres" : [ ]
  }, {
    "id" : 256191,
    "title" : "All American High",
    "overview" : "All American High is a documentary film directed by Keva Rosenfeld that chronicles the life of the 1984 senior class at Torrance High School. The film is narrated by the Finnish exchange student “Rikki” Rauhala and observes 1980’s high school culture from a foreigner’s perspective.",
    "genres" : [ {
      "id" : 99,
      "name" : "Documentary"
    } ]
  }, {
    "id" : 256196,
    "title" : "Burning Blue",
    "overview" : "Following two fatal aircraft accidents aboard an Aircraft Carrier, a government agent is placed aboard the ship. His mission is to determine what may be at the root of these mishaps and prevent the inevitable third chain breaking accident which abruptly changes course when a sailor reports seeing one of the top ranking fighter pilots in a gay club. The aviator and three of his squadron mates and their spouses all become the subject of a deadly modern day witch hunt entangling them in a web of jealousy and deceit which tests their concept of love, friendship and honor and changes their lives forever.",
    "genres" : [ {
      "id" : 18,
      "name" : "Drama"
    }, {
      "id" : 10749,
      "name" : "Romance"
    }, {
      "id" : 10752,
      "name" : "War"
    } ]
  }, {
    "id" : 256201,
    "title" : "Der kalte Himmel",
    "overview" : "A desperate woman tries to find help for her son, who has great mathematic ability but a profound problem developing social skills.",
    "genres" : [ {
      "id" : 10770,
      "name" : "TV Movie"
    }, {
      "id" : 18,
      "name" : "Drama"
    } ]
  }, {
    "id" : 256206,
    "title" : "Camp Beaverton: Meet the Beavers",
    "overview" : "Camp Beaverton is the Home for Wayward Girls, the only queer, all women, trans-inclusive, sex positive theme camp set within Burning Man, an 8-day experimental art festival that encourages radical self expression found deep within the Nevada desert. The Beavers create a safe space to explore their boundaries while they build a community of friendship, trust, and lifelong relationships.",
    "genres" : [ ]
  }, {
    "id" : 256211,
    "title" : "Forever Flows",
    "overview" : "The story unfolds around the struggle of Tithi, a young girl from a lower middle-class family in Bangladesh. Tithi becomes a call girl to support her family. Tithi’s brother gets married and surprisingly discovers that working can also give satisfaction. He opens up a business with the capital his sister made as a prostitute. Financially, things are getting better in the family but Tithi slowly becomes aloof and indifferent to everything. Even the touch of her own mother irritates her and makes her recall a man’s lust. She withdraws within herself and takes refuge in solitude.",
    "genres" : [ ]
  }, {
    "id" : 256216,
    "title" : "Girls of the Night",
    "overview" : "In the late 1950's prostitution was banned in Japan and if a woman was found exercising this profession they were sent to a reformatory. This is a story of one of these brave women Kuniko who is released from the reformatory and tries to build a new life.",
    "genres" : [ ]
  }, {
    "id" : 256221,
    "title" : "Here There Be Tygers",
    "overview" : "Set in the future, a rocket ship from Earth travels to a far universe and touches down on an unknown planet with a mission to exploit its natural resources. However, this is planet is like no other, it seems to be alive.",
    "genres" : [ ]
  }, {
    "id" : 256226,
    "title" : "Champions",
    "overview" : "Five stories about a victories of Russian champions.",
    "genres" : [ {
      "id" : 18,
      "name" : "Drama"
    } ]
  }, {
    "id" : 256231,
    "title" : "Les Dangereux",
    "overview" : "",
    "genres" : [ {
      "id" : 35,
      "name" : "Comedy"
    }, {
      "id" : 80,
      "name" : "Crime"
    } ]
  }, {
    "id" : 256236,
    "title" : "Son of Manborg",
    "overview" : "A short sequel to Astron-6's \"Manborg\".",
    "genres" : [ ]
  }, {
    "id" : 256241,
    "title" : "Dance Raja Dance",
    "overview" : "Dance moves from this Tamil musical's theme song inspired the video game Grand Theft Auto:III.",
    "genres" : [ ]
  }, {
    "id" : 256246,
    "title" : "Taxi di notte",
    "overview" : "",
    "genres" : [ ]
  }, {
    "id" : 256251,
    "title" : "The Right to Shot",
    "overview" : "Adventurous movie about a fight between Soviet border patrol and foreign spy ship.",
    "genres" : [ {
      "id" : 28,
      "name" : "Action"
    }, {
      "id" : 12,
      "name" : "Adventure"
    } ]
  }, {
    "id" : 256256,
    "title" : "Le Golem de Montréal",
    "overview" : "",
    "genres" : [ {
      "id" : 35,
      "name" : "Comedy"
    }, {
      "id" : 53,
      "name" : "Thriller"
    }, {
      "id" : 10751,
      "name" : "Family"
    } ]
  }, {
    "id" : 256271,
    "title" : "La Guerre des tuques... au fil du temps",
    "overview" : "",
    "genres" : [ {
      "id" : 99,
      "name" : "Documentary"
    } ]
  }, {
    "id" : 256286,
    "title" : "Premier juillet, le film",
    "overview" : "",
    "genres" : [ {
      "id" : 35,
      "name" : "Comedy"
    } ]
  }, {
    "id" : 256301,
    "title" : "Claudia Tagbo / Crazy",
    "overview" : "",
    "genres" : [ {
      "id" : 35,
      "name" : "Comedy"
    } ]
  }, {
    "id" : 256306,
    "title" : "Ice Poison",
    "overview" : "A young farmer and his father are barely able to survive on their meagre corn harvest and so they make their way down from the mountains to the village to borrow money from their relatives working in jade mines or on opium plantations. But missing paperwork, deceit and corruption have left them impoverished too. Finally, the father pawns his cow for a moped so that his son can earn a living as a taxi driver. His first customer is Sanmei, who has returned to Myanmar to bury her grandfather. She decides not to go back to China and to get out of an arranged marriage in order to begin a new life with her son in her old country. When Sanmei accepts a job as a drug runner she persuades the young farmer to be her driver.",
    "genres" : [ ]
  }, {
    "id" : 256311,
    "title" : "Stereo",
    "overview" : "Erik has is own motorbike workshop in a sleepy little town. He may have the telling word ‘scoundrel’ tattooed onto his lower arm but he nonetheless creates an impression of a well-behaved average Joe. His relationship with his girlfriend Julia is going well and her daughter Linda is very fond of her new Dad. But then all of a sudden the mysterious Henry appears and begins following him about like a sinister shadow. The more Erik tries to shake off his diabolical guest the more Henry intrudes into his life. But then when a violent gangster named Keitel enters the fray and threatens not only Erik but Julia and Linda, Erik’s seemingly ideal world begins to run off the rails.",
    "genres" : [ {
      "id" : 53,
      "name" : "Thriller"
    } ]
  }, {
    "id" : 256316,
    "title" : "Tabloid Truth",
    "overview" : "Woo-gon, a passionate manager who lost everything due to stock advertisements and a specialist gets together to find out the truth behind the rumors that have shaken up the country. From precious information to distribution, this crime chasing movie surrounds the invisible truth.",
    "genres" : [ {
      "id" : 53,
      "name" : "Thriller"
    }, {
      "id" : 80,
      "name" : "Crime"
    }, {
      "id" : 18,
      "name" : "Drama"
    } ]
  }, {
    "id" : 256321,
    "title" : "Amare Stoudemire: In the Moment",
    "overview" : "This installment of the In the Moment series chronicles the life and career of power forward Amar'e Stoudemire, the first all-star player to sign with the New York Knicks as part of the team's resurgence.",
    "genres" : [ ]
  }, {
    "id" : 256326,
    "title" : "The Fabulous Ice Age",
    "overview" : "For decades, American touring ice shows dominated family entertainment with their dazzling production and variety acts. This documentary honors them through interviews and archival footage, and depicts one skater's quest to keep this history alive.",
    "genres" : [ {
      "id" : 99,
      "name" : "Documentary"
    } ]
  }, {
    "id" : 256331,
    "title" : "Mystery of the Old House",
    "overview" : "Six teenagers accidentally gave way to a curious ghost for revenge. Incidentally father also one of them, Susi (Rani Soraya) is responsible for the rape and murder of the family of ghosts. So membalaslah him. Later that kind ghost, promised not to continue his spirit of vengeance origin refined. The ghost (Noor Komalasari) was forced to be the ghost of a child who was curious because it contains makes it possible to die perfectly. Then issued from the mouth of the baby ghost.",
    "genres" : [ {
      "id" : 27,
      "name" : "Horror"
    } ]
  }, {
    "id" : 256346,
    "title" : "Almost Home",
    "overview" : "A group of aliens searching for a new planet on which to make home, with little success. Promotional short for Dreamworks Animation's forthcoming feature, Home.",
    "genres" : [ {
      "id" : 12,
      "name" : "Adventure"
    }, {
      "id" : 16,
      "name" : "Animation"
    }, {
      "id" : 878,
      "name" : "Science Fiction"
    } ]
  }, {
    "id" : 256356,
    "title" : "Speed Cross",
    "overview" : "Undercover cop Fabio Testi infiltrates the world of motocross racing.",
    "genres" : [ {
      "id" : 28,
      "name" : "Action"
    } ]
  }, {
    "id" : 256361,
    "title" : "Astonishing X-Men: Gifted",
    "overview" : "Facing a powerful new enemy, the team of mutant superheroes find themselves further imperiled when a \"cure\" for mutants is discovered.",
    "genres" : [ {
      "id" : 16,
      "name" : "Animation"
    }, {
      "id" : 28,
      "name" : "Action"
    }, {
      "id" : 878,
      "name" : "Science Fiction"
    } ]
  }, {
    "id" : 256366,
    "title" : "La vengeance de la femme en noir",
    "overview" : "",
    "genres" : [ {
      "id" : 35,
      "name" : "Comedy"
    }, {
      "id" : 53,
      "name" : "Thriller"
    } ]
  }, {
    "id" : 256371,
    "title" : "Shining Victory",
    "overview" : "A psychiatrist sacrifices everything for his research.",
    "genres" : [ {
      "id" : 18,
      "name" : "Drama"
    } ]
  }, {
    "id" : 256376,
    "title" : "Alfred Dorfer - Ohne Netz",
    "overview" : "",
    "genres" : [ ]
  }, {
    "id" : 256381,
    "title" : "Q",
    "overview" : "When growing up in a community where gang violence is a way of life and Basketball is a way to escape it.",
    "genres" : [ ]
  }, {
    "id" : 256386,
    "title" : "Bunker 6",
    "overview" : "In an alternate timeline where the atomic bombs go off in 1962, young Grace enters a whole new sheltered existence. 10 years later, the nuclear bunker she calls home is crumbling around her.",
    "genres" : [ ]
  }, {
    "id" : 256391,
    "title" : "The History of Iron Maiden Part 3: 1986-1988",
    "overview" : "The History of Iron Maiden Part 3, an exclusive recent 40 minute interview documentary featuring the band's frank and often humorous reminiscences of the Somewhere In Time and Seventh Son Of A Seventh Son album eras.",
    "genres" : [ {
      "id" : 99,
      "name" : "Documentary"
    }, {
      "id" : 10402,
      "name" : "Music"
    } ]
  }, {
    "id" : 256396,
    "title" : "The Thrill of Brazil",
    "overview" : "Steve, revue producer in Rio de Janeiro, is still in love with his ex-wife Vicki, his star Linda is in love with Steve and Tito is in love with Linda. Because of this they all get small problems.",
    "genres" : [ {
      "id" : 10402,
      "name" : "Music"
    } ]
  }, {
    "id" : 256401,
    "title" : "The End of the Big Cats",
    "overview" : "'The end of the big cats' is a documentary film based on denouncing the dramatic decline of the big cats in Africa, and showing the conservancy initiatives for keeping these spieces alive in wildlife for the next generations.  The documentary gives the floor to conservationists and farmers who explain which is their relation with the big cats and also describes the situation of these fabulous animals in Africa. Besides the explanations, the documentary shows big cats and other animals in wildlife, several hunting scenes and conservacionists iniciatives.  © Orbita Max and Utopic",
    "genres" : [ {
      "id" : 99,
      "name" : "Documentary"
    } ]
  }, {
    "id" : 256406,
    "title" : "DJ BoBo Celebration The 10th Anniversary Show",
    "overview" : "On June 10th DJ Bobo released a VHS &amp; DVD called DJ BoBo - Celebration - The 10th Anniversary Show. It's 160 minutes long and contains several bonus materials",
    "genres" : [ ]
  }, {
    "id" : 256411,
    "title" : "On the Tracks: The Train to the Game",
    "overview" : "Destination: Millennium Stadium. Reserve your ticket and prepare for an unforgettable journey as the train crew of Ar y Tracs reunite in this brand new one-off comedy drama on a very busy rugby international weekend.",
    "genres" : [ ]
  }, {
    "id" : 256416,
    "title" : "Beneath Heaven",
    "overview" : "Beneath heaven dreams hide on the halls and fears do so inside walls. The secret of his best friend is revealed and the child must walk on a way which will change his life forever. That is how little boys grow.",
    "genres" : [ ]
  }, {
    "id" : 256421,
    "title" : "Superman 75",
    "overview" : "An animated short about the 75 years of Superman",
    "genres" : [ {
      "id" : 99,
      "name" : "Documentary"
    }, {
      "id" : 16,
      "name" : "Animation"
    } ]
  }, {
    "id" : 256426,
    "title" : "It Happened in Athens",
    "overview" : "In 1896 it is announced that the Olympic Games will be revived in Athens. A young shepherd, Spiridon Loues, decides to enter the 26-mile marathon. Once in Athens, he meets Christina Gratsos, a young woman from his hometown who is now the personal maid of Eleni Costa, Greece's most glamorous actress. Though he has arrived after the qualification date, Spiridon's athletic prowess so impresses Coach Graham of the American team that he is permitted to enter the contest. Eleni informs the press that she will marry the victor, confident it will be her lover, Lieutenant Vinardos.",
    "genres" : [ {
      "id" : 35,
      "name" : "Comedy"
    }, {
      "id" : 18,
      "name" : "Drama"
    } ]
  }, {
    "id" : 256431,
    "title" : "Courage fuyons",
    "overview" : "At forty years old, Martin Belhomme leads a quiet life with his wife and two children. One day, he falls hopelessly in love with Eva, a cabaret singer. He decides to follow her to Amsterdam. From then on, his life becomes very eventful!",
    "genres" : [ {
      "id" : 35,
      "name" : "Comedy"
    } ]
  }, {
    "id" : 256436,
    "title" : "Pé na Tábua",
    "overview" : "",
    "genres" : [ ]
  }, {
    "id" : 256446,
    "title" : "Where I Am Is Here",
    "overview" : "\"Starting with a six-line script which just noted down a kind of event to occur, and recur, my aim was to construct a film with its own logic, its own correspondences within itself, and its own echoes and rhymes and comparisons, all through close exploration of the everyday, the commonplace, in the city of Edinburgh.\" - MT",
    "genres" : [ ]
  }, {
    "id" : 256451,
    "title" : "Girl on Approval",
    "overview" : "Sheila's fourteen. Her father abandoned her as a baby, her mum's in jail and she's stuck in a children's home. Every family that's tried to look after her has found her too difficult. Now Anne and John Howland want to foster Sheila. But if they can't make a home for her, her future looks bleak.",
    "genres" : [ {
      "id" : 18,
      "name" : "Drama"
    } ]
  }, {
    "id" : 256456,
    "title" : "Hoichoi",
    "overview" : "Hoi Choi is a film dealing with the nitty gritty's of theatre and do not shy away from showing the adversities of the same too",
    "genres" : [ {
      "id" : 35,
      "name" : "Comedy"
    } ]
  }, {
    "id" : 256466,
    "title" : "Radical Evil",
    "overview" : "Das radikal Böse is a German-Austrian documentary that attempted to explore psychological processes and individual decision latitude \"normal young men\" in the German Einsatzgruppen of the Security Police and SD, which in 1941 during the Second World War as part of the Holocaust two million Jewish civilians shot dead in Eastern Europe.",
    "genres" : [ {
      "id" : 99,
      "name" : "Documentary"
    } ]
  }, {
    "id" : 256471,
    "title" : "Perspectives",
    "overview" : "An animated short where no real story is being told and  the perspective is constantly shifting.",
    "genres" : [ {
      "id" : 16,
      "name" : "Animation"
    } ]
  }, {
    "id" : 256476,
    "title" : "Walking with the Enemy",
    "overview" : "Regent Horthy is the leader of Hungary and a German ally, but his favorable standing with Hitler changes as the war comes to an end. Forced to cede Hungary’s power or else witness the execution of his son, Regent Horthy gives up control of his country to the Nazis, who quickly move Hungarians to ghettos and death camps, with no hope in sight. But the despair changes when a young man named Elek emerges. Separated from his family during the relocations and aided by the woman he loves , Elek defies the enemy by becoming one of them. In a race against time, disguised as a Nazi Officer he embarks on a mission to save his family and thousands of his countrymen.",
    "genres" : [ {
      "id" : 28,
      "name" : "Action"
    }, {
      "id" : 18,
      "name" : "Drama"
    } ]
  }, {
    "id" : 256481,
    "title" : "Jaime Urrutia: La fuerza de la costumbre",
    "overview" : "Documentary about spanish singer and composer Jaume Urrutia.",
    "genres" : [ ]
  }, {
    "id" : 256496,
    "title" : "Del amor nace la vista: La historia de Ramiro y Teresita",
    "overview" : "",
    "genres" : [ {
      "id" : 18,
      "name" : "Drama"
    } ]
  }, {
    "id" : 256501,
    "title" : "Razor Blades",
    "overview" : "A non-narrative experimental film by Paul Sharits",
    "genres" : [ {
      "id" : 18,
      "name" : "Drama"
    } ]
  }, {
    "id" : 256506,
    "title" : "A Place Called Hollywood",
    "overview" : "A Place Called Hollywood is directed and written  by Gregori J. Martin. A drama filmed in  Los Angeles, California",
    "genres" : [ {
      "id" : 18,
      "name" : "Drama"
    } ]
  }, {
    "id" : 256511,
    "title" : "Cut!",
    "overview" : "Nothing is as it seems as an ex-con and aspirant filmmaker set out to manufacture a horror film by scaring real people; however, when it goes too far and someone actually dies, the pair decide that killing for real on film is the way to make a truly terrifying movie.",
    "genres" : [ {
      "id" : 53,
      "name" : "Thriller"
    }, {
      "id" : 27,
      "name" : "Horror"
    }, {
      "id" : 9648,
      "name" : "Mystery"
    } ]
  }, {
    "id" : 256521,
    "title" : "Dick Smith's Population Puzzle",
    "overview" : "The film follows Dick Smith's public campaign against rapid population growth. It tests the propositions put forward in favour of a Big Australia. Can this popular entrepreneur persuade the nation to change its mind?",
    "genres" : [ ]
  }, {
    "id" : 256531,
    "title" : "The Private from Odessa",
    "overview" : "'The Private from Odessa' is a portrait of Boris Schnaiderman, Brazil's most important translator and essayist on Russian literature and culture. Using different cinematic approaches, the film depicts Boris as he reflects on his personal experiences —his childhood in the 1920's Odessa, his experience as a Brazilian soldier during World War Two— and on his still evolving work as a translator and essayist.",
    "genres" : [ ]
  }, {
    "id" : 256536,
    "title" : "Sworn to the Drum: A Tribute to Francisco Aguabella",
    "overview" : "When you think of Latin percussion, think of Francisco Aguabella. Perhaps the finest Afro-Cuban master percussionist still living, he has become synonymous with his instrument — one of the highest compliments a musician can receive. Indeed, what Carlos Santana is to the guitar, Aguabella is to the conga drum.",
    "genres" : [ ]
  }, {
    "id" : 256541,
    "title" : "The Image Burns",
    "overview" : "Lois Patiño dissects the movement of a fire, analyses its fleeting ephemeral forms, and transforms them with sound to enrich the meaning of the images. The Image Burns begins as a reflection on our perception and becomes an intense interaction between the parts, between the images and the spectator. We look at the fire and the fire looks back at us.",
    "genres" : [ {
      "id" : 18,
      "name" : "Drama"
    } ]
  }, {
    "id" : 256546,
    "title" : "A Small September Affair",
    "overview" : "A beautiful girl who has everything. Charming, playful, in her own words: 'too joyful to fall in love.' A sudden car crash, and her heart stops for a few minutes. When she wakes up, everyone assures 'every-thing's alright.' But she knows it isn't. Because she cant remember her final month; a September of her life is missing. Leading a trail of hastily covered clues she finds herself in a remote Aegean island. A weird looking, grubby recluse, comes up-to him and proclaims: 'Don't you remember me? I'm the man you fell in love with.' Everything sensible about her screams 'get out of there' but she follows her memories right onto the tragic end of a miraculous affair.",
    "genres" : [ {
      "id" : 9648,
      "name" : "Mystery"
    }, {
      "id" : 10749,
      "name" : "Romance"
    }, {
      "id" : 18,
      "name" : "Drama"
    } ]
  }, {
    "id" : 256551,
    "title" : "Der letzte Kronzeuge - Flucht in die Alpen",
    "overview" : "",
    "genres" : [ {
      "id" : 53,
      "name" : "Thriller"
    }, {
      "id" : 10770,
      "name" : "TV Movie"
    } ]
  }, {
    "id" : 256556,
    "title" : "The Willow Tree",
    "overview" : "It's about an old man, a crime, bureaucracy and remorse",
    "genres" : [ ]
  }, {
    "id" : 256561,
    "title" : "Free to Play",
    "overview" : "Follow three professional video game players as they overcome personal adversity, family pressures, and the realities of life to compete in a $1,000,000 tournament that could change their lives forever.",
    "genres" : [ {
      "id" : 99,
      "name" : "Documentary"
    } ]
  }, {
    "id" : 256566,
    "title" : "Colour Poems",
    "overview" : "'Titles within the film are: Numen of the Boughs, Old Boots, Speed Bonny Boat, Lapping Water, Incense, Aha, Brave New World, Things, Terra Firma. A poem started in words is continued in images - Part of another poem as an addition to the picture - Some images formed by direct-on-film animation - Others 'found' by the camera\" - MT",
    "genres" : [ ]
  }, {
    "id" : 256576,
    "title" : "Infinity",
    "overview" : "TB8 - Infinity is the latest movie from Standard Films in 1998",
    "genres" : [ ]
  }, {
    "id" : 256581,
    "title" : "The Year of the Deer",
    "overview" : "The story of a young deer deceived by appearances, or how a good deed in haste can be the cause of a tragedy.",
    "genres" : [ {
      "id" : 16,
      "name" : "Animation"
    }, {
      "id" : 18,
      "name" : "Drama"
    } ]
  }, {
    "id" : 256586,
    "title" : "The Outlaw Deputy",
    "overview" : "While searching for his friend's killer, a former outlaw (Tim McCoy) thwarts a robbery and becomes a lawman.",
    "genres" : [ {
      "id" : 37,
      "name" : "Western"
    } ]
  }, {
    "id" : 256591,
    "title" : "Focus",
    "overview" : "Nicky, a veteran con artist, takes a novice named Jess under his wing. While Nicky teaches Jess the tricks of the trade, the pair become romantically involved; but, when Jess gets uncomfortably close, Nicky ends their relationship. Three years later, Nicky is in Buenos Aires working a very dangerous scheme when Jess -- now an accomplished femme fatale -- unexpectedly shows up. Her appearance throws Nicky for a loop at a time when he cannot afford to be off his game.",
    "genres" : [ {
      "id" : 10749,
      "name" : "Romance"
    }, {
      "id" : 35,
      "name" : "Comedy"
    }, {
      "id" : 80,
      "name" : "Crime"
    }, {
      "id" : 18,
      "name" : "Drama"
    } ]
  }, {
    "id" : 256596,
    "title" : "House of Secrets",
    "overview" : "A recently divorced woman must figure out who keeps breaking into her home.",
    "genres" : [ {
      "id" : 10770,
      "name" : "TV Movie"
    }, {
      "id" : 53,
      "name" : "Thriller"
    }, {
      "id" : 18,
      "name" : "Drama"
    }, {
      "id" : 9648,
      "name" : "Mystery"
    } ]
  }, {
    "id" : 256601,
    "title" : "War of the Worlds: Goliath",
    "overview" : "Fifteen years have passed since the Martians’ first failed invasion of Earth. The year is 1914, and at the eve of World War I, Mars launches a sudden and more devastating second attack. A small defense force, A.R.E.S., is Earth’s only hope. The giant A.R.E.S. battle tripod GOLIATH is called up to war, and its young multinational crew must face their fears in their struggle to save Humanity from the alien invaders.",
    "genres" : [ {
      "id" : 12,
      "name" : "Adventure"
    }, {
      "id" : 28,
      "name" : "Action"
    }, {
      "id" : 16,
      "name" : "Animation"
    }, {
      "id" : 878,
      "name" : "Science Fiction"
    } ]
  }, {
    "id" : 256626,
    "title" : "Women Won't Tell",
    "overview" : "A homeless woman living at the city dump hears of the death of a wealthy industrialist and puts in a claim on his estate for her daughter, who is actually the rightful heir.",
    "genres" : [ {
      "id" : 18,
      "name" : "Drama"
    } ]
  }, {
    "id" : 256631,
    "title" : "The Trailer",
    "overview" : "Stuntman and award winning athlete Frank Merrill (Tarzan The Tiger) fights the bad guys in the old west. A fun short from 1925.",
    "genres" : [ ]
  }, {
    "id" : 256636,
    "title" : "One Candle, Two Candles...",
    "overview" : "Young Viyan, is forcibly given to wealthy elder businessman, Haji Hemmo. When she runs out of the bedroom and climbs a tree, refusing to sleep with him, the respected elder looses face and becomes the laughing-stock of the town. In return, he punishes her by beating her and locking her up in the bedroom. The more the townsfolk mock him the harder he beats her. Meanwhile, a traveling young artist, Botan tries to reach out to her. This leads to Haji Hemmo's resolve to set her on fire.",
    "genres" : [ {
      "id" : 35,
      "name" : "Comedy"
    }, {
      "id" : 18,
      "name" : "Drama"
    }, {
      "id" : 10751,
      "name" : "Family"
    } ]
  }, {
    "id" : 256641,
    "title" : "Kanchana Sita",
    "overview" : "The film interprets a story from the Uttara Kanda of the epic poem Ramayana, where Rama sends his wife, Sita, to the jungle to satisfy his subjects. Sita is never actually seen in the film, but her virtual presence is compellingly evoked in the moods of the forest and the elements. The film retells the epic from a feminist perspective, and is about the tragedy of power and the sacrifices that adherence to dharma demands, including abandoning a chaste wife.",
    "genres" : [ {
      "id" : 18,
      "name" : "Drama"
    } ]
  }, {
    "id" : 256651,
    "title" : "Fugue",
    "overview" : "A work of visual art that borrows from music the principles of the fugue, with the sudden flight of a man to his hotel room as its main theme. Where he dreams.",
    "genres" : [ {
      "id" : 16,
      "name" : "Animation"
    } ]
  }, {
    "id" : 256656,
    "title" : "Man and Machine",
    "overview" : "While some riders race for the podium, others come to for the challenge and to say they competed in one of the toughest races on earth. To them it is not about winning, it’s about finishing. That is the true spirit of Extreme Enduro where boys become men as soon as the flag drops.",
    "genres" : [ {
      "id" : 99,
      "name" : "Documentary"
    } ]
  }, {
    "id" : 256661,
    "title" : "Theatre of Mr. and Mrs. Kabal",
    "overview" : "Animated film directed by Walerian Borowczyk.",
    "genres" : [ {
      "id" : 16,
      "name" : "Animation"
    }, {
      "id" : 35,
      "name" : "Comedy"
    } ]
  }, {
    "id" : 256666,
    "title" : "The Wandering Princess",
    "overview" : "Pu Zhe , the younger brother of the Emperor of Manchukuo, Pu Wen, marries Ryuko the daughter of a long-established aristocratic family - all in the interest of the Japanese rulers , which legitimizes the relationship between Japan and its Chinese puppet state. To the surprise of all , a deep love between Pu Zhe and Ryuko develops. It is put to the test when Japan loses the war, Manchukuo is dissolved and the imperial court must flee. The lovers now have to separate: Pu Zhe tries to escape to Japan with his brother , while Ryuko flees with her daughter Eisei over the country. A film on the relationship between Pujie (1907-94) , brother of the \" last emperor \" Puyi and his second wife, Marquise Hiro Saga (1914-87).",
    "genres" : [ ]
  }, {
    "id" : 256671,
    "title" : "La Grande Invasion",
    "overview" : "",
    "genres" : [ {
      "id" : 99,
      "name" : "Documentary"
    } ]
  }, {
    "id" : 256676,
    "title" : "The Inheritance",
    "overview" : "Amidst the vast sugar plantations of Negros in Southern Philippines, a matriarch lies in the throes of death. Her children rush home to confront the crisis as news of the impending death of their well-loved mother spreads among the community. There, in their ancestral house, the siblings are forced to deal with the issues of inheritance, tradition and the family legacy. It is a familiar tale. After all, every family has its story. And to each one, its own deserved secrets.",
    "genres" : [ {
      "id" : 27,
      "name" : "Horror"
    }, {
      "id" : 18,
      "name" : "Drama"
    }, {
      "id" : 14,
      "name" : "Fantasy"
    } ]
  }, {
    "id" : 256681,
    "title" : "La Brune et moi",
    "overview" : "A rich business man falls for a young girl and vows to fulfill her dream of becoming a punk rock star.",
    "genres" : [ ]
  }, {
    "id" : 256701,
    "title" : "The Immortal Augustus Gladstone",
    "overview" : "Augustus Gladstone believes he's immortal. Squatting in an abandoned hotel in Portland, he shares colorful tales of his 150 year existence. From his travels across America during the depression, to befriending Andy Warhol, to seeing the 1900 Paris Expo, Augustus charms the film crew who discovered him on You Tube. Eventually Augustus sets out to find his only living descendant: Lucky Gladstone. His sojourn causes the crew to question their responsibility to Augustus, their subject. The Immortal Augustus Gladstone is about myth, mortality, and a film about film making.",
    "genres" : [ ]
  }, {
    "id" : 256706,
    "title" : "Balistik",
    "overview" : "\"Balistik\" tells the story of Saga, a hired killer and mafia gang member. His high risk life forces Saga his wife Salina to leave him and their son. After six years, while on a mission, Saga crosses paths with Salina, but she is now the wife of Inspector Nizam, who was Saga's best friend while they were in the orphanage. Torn between his best friend and his duty to the law, Inspector Nizam has to decide whether to pursue Saga, while Saga is ordered by his leader to kill any law enforcement officer on their trail...",
    "genres" : [ {
      "id" : 28,
      "name" : "Action"
    } ]
  }, {
    "id" : 256716,
    "title" : "Last Call",
    "overview" : "Last call for drinks, last chance for love.",
    "genres" : [ {
      "id" : 10769,
      "name" : "Foreign"
    }, {
      "id" : 10749,
      "name" : "Romance"
    } ]
  }, {
    "id" : 256726,
    "title" : "The Small Voice",
    "overview" : "A man (James Donald) and his wife (Valerie Hobson) take to their house some men they rescue from a road crash and then find they have picked up some dangerous criminals.",
    "genres" : [ {
      "id" : 53,
      "name" : "Thriller"
    } ]
  }, {
    "id" : 256731,
    "title" : "Bad Country",
    "overview" : "When Baton Rouge police detective Bud Carter busts contract killer Jesse Weiland, he convinces Jesse to become an informant and rat out the South's most powerful crime ring.",
    "genres" : [ {
      "id" : 18,
      "name" : "Drama"
    }, {
      "id" : 28,
      "name" : "Action"
    }, {
      "id" : 80,
      "name" : "Crime"
    } ]
  } ]
}