{
  "movies" : [ {
    "id" : 187941,
    "title" : "Addicts",
    "overview" : "Between Fiction and Reality. 4 citizens of Cité du Lac, a bad area in Bordeaux, on the search for salvation. One day a mysterious stranger suggests a Coup.",
    "genres" : [ ]
  }, {
    "id" : 187951,
    "title" : "Summerspell",
    "overview" : "Family celebrations and tensions, Independence Day, Texas 1948",
    "genres" : [ {
      "id" : 18,
      "name" : "Drama"
    } ]
  }, {
    "id" : 187956,
    "title" : "In Dutch",
    "overview" : "All the Dutch Van Beuren animals wearing clogs and making.... swiss cheese?!",
    "genres" : [ {
      "id" : 16,
      "name" : "Animation"
    } ]
  }, {
    "id" : 187976,
    "title" : "Çakallarla Dans 2: Hastasıyız Dede",
    "overview" : "",
    "genres" : [ ]
  }, {
    "id" : 187981,
    "title" : "Code of Honor",
    "overview" : "When their former teammate is taken hostage, a super squad of bad ass beauties reunite for one last mission; to infiltrate the criminal cartel and rescue their fallen friend.",
    "genres" : [ {
      "id" : 28,
      "name" : "Action"
    } ]
  }, {
    "id" : 187986,
    "title" : "Toby the Showman",
    "overview" : "Toby conducting an orchestra playing Irving Berlin's \"Alexander's Ragtime Band\" while that band is spitting tobacco in the spittoons nearby!",
    "genres" : [ ]
  }, {
    "id" : 187991,
    "title" : "Down South",
    "overview" : "A Toby the Pup cartoon inspired by Steamboat Willie.",
    "genres" : [ ]
  }, {
    "id" : 187996,
    "title" : "Thunderbolt",
    "overview" : "The Fei Long Society, under the administration of chiefs Lung Lin, Pei Fen, Chen Ying-Chieh and Lung's sister Lung Chu, enjoys high prestige. One day a swordsman, Hung Wei, comes to join them. Hung later gets admitted after impressing the other chiefs with his fine fighting ability. The society's sub-branches soon come under the attack of the Black Tiger Gang. The chiefs of Fei Long Society head off to the branches in an attempt to save the situation. In their absence, the Society's stronghold falls to Hung's hands. Chen and Lung are attacked by Hung and his men. Lung swears to bring Chen back to justice...",
    "genres" : [ {
      "id" : 12,
      "name" : "Adventure"
    }, {
      "id" : 28,
      "name" : "Action"
    } ]
  }, {
    "id" : 188001,
    "title" : "Traveling Saleslady",
    "overview" : "In this comedy, a toothpaste magnate's mischievous daughter, tired of her father's traditional ways of conducting business, joins forces with her father's rival and a crazy inventor. Together they create \"Cocktail Toothpaste.\" The new concoction tastes like whiskey in the morning, a martini at suppertime, and champagne at night.",
    "genres" : [ {
      "id" : 35,
      "name" : "Comedy"
    }, {
      "id" : 10749,
      "name" : "Romance"
    } ]
  }, {
    "id" : 188021,
    "title" : "Skeleton Crew: Media Offline",
    "overview" : "A Movie of the Skeleton Crew Snowboarding",
    "genres" : [ ]
  }, {
    "id" : 188026,
    "title" : "Transworld: These Days",
    "overview" : "A Snowboard Movie with the Transworld Crew",
    "genres" : [ ]
  }, {
    "id" : 188036,
    "title" : "Dancing on the Ceiling",
    "overview" : "A young man follows a pretty girl into her office, which turns out to be a musical dentist office. Cute chorus girls attend to the many male customers, and the girl the young man was following is revealed to be the dentist. She gives the young man anesthetic gas and he dreams the dentist and her troupe of nurses are dancing on the ceiling.",
    "genres" : [ ]
  }, {
    "id" : 188051,
    "title" : "Alcohol Is Dynamite",
    "overview" : "No Overview",
    "genres" : [ ]
  }, {
    "id" : 188056,
    "title" : "Heavy Love",
    "overview" : "No Overview",
    "genres" : [ ]
  }, {
    "id" : 188061,
    "title" : "Dog Shy",
    "overview" : "Charley is chased into a phone booth by a dog and agrees to help a young woman on the phone avoid getting married.",
    "genres" : [ {
      "id" : 35,
      "name" : "Comedy"
    } ]
  }, {
    "id" : 188066,
    "title" : "Kiki",
    "overview" : "Kiki, a poor young woman who sells newspapers on the street corners of Paris, is able to land a job singing and dancing at a nearby theater. While she is there, she invites herself into the life of the revue's manager, with whom she has fallen in love.",
    "genres" : [ {
      "id" : 35,
      "name" : "Comedy"
    } ]
  }, {
    "id" : 188076,
    "title" : "The Kiss of Death",
    "overview" : "The Kiss of Death is a 1977 BBC TV film. Mike Leigh directed 'this whimsical, made-for-television tale about Trevor, an unusually bashful mortician's assistant', whose moods and personality really make up the subject of the film.  Trevor is an extremely shy undertaker's assistant. He always tags along with his good friend Ronnie, when he goes to the pub with his girlfriend Sandra. Sandra introduces Trevor to her more forward friend Linda. Linda has a difficult time getting Trevor to go out with her, but she finally gets him to go to a disco; he won't dance, so Linda dances with Ronnie.",
    "genres" : [ {
      "id" : 18,
      "name" : "Drama"
    }, {
      "id" : 10749,
      "name" : "Romance"
    } ]
  }, {
    "id" : 188096,
    "title" : "Plastered",
    "overview" : "Slapstick comics Willie West and McGinty cause havoc at a construction site as they attempt to \"work.\"",
    "genres" : [ {
      "id" : 35,
      "name" : "Comedy"
    } ]
  }, {
    "id" : 188106,
    "title" : "Office Blues",
    "overview" : "An amorous secretary ignores her importunate co-worker and daydreams (in song) about her boss when she should be working on letters.",
    "genres" : [ ]
  }, {
    "id" : 188111,
    "title" : "Historia de la frivolidad",
    "overview" : "",
    "genres" : [ ]
  }, {
    "id" : 188116,
    "title" : "Captain Eddie",
    "overview" : "WWI flyer Eddie Rickenbaker remembers his life which brought him from a car salesman, race driver and pilot in WWI, to an important person in the early years of civil airline service, after his plane crashed in the South Pacific in late 1942.",
    "genres" : [ {
      "id" : 18,
      "name" : "Drama"
    } ]
  }, {
    "id" : 188121,
    "title" : "El olvido de la memoria",
    "overview" : "",
    "genres" : [ ]
  }, {
    "id" : 188136,
    "title" : "Once More, with Feeling!",
    "overview" : "Yul Brynner plays a musical genius whose eccentricities are kept in check by his wife, until she discovers him \"auditioning\" a sultry young pianist. She walks out on him and his career promptly starts skidding. The temperamental maestro must again win his scorned wife.",
    "genres" : [ ]
  }, {
    "id" : 188151,
    "title" : "The World's Luckiest Man",
    "overview" : "Many women line up to perform brief sex acts (mostly oral) with Jon Dough. There is no plot and hardly any dialog.",
    "genres" : [ ]
  }, {
    "id" : 188161,
    "title" : "A Million Ways to Die in the West",
    "overview" : "As a cowardly farmer begins to fall for the mysterious new woman in town, he must put his new-found courage to the test when her husband, a notorious gun-slinger, announces his arrival.",
    "genres" : [ {
      "id" : 35,
      "name" : "Comedy"
    }, {
      "id" : 37,
      "name" : "Western"
    } ]
  }, {
    "id" : 188166,
    "title" : "Blue Ruin",
    "overview" : "The quiet life of a beach bum is upended by dreadful news. He sets off for his childhood home to carry out an act of vengeance but proves an inept assassin and finds himself in a brutal fight to protect his estranged family.",
    "genres" : [ {
      "id" : 80,
      "name" : "Crime"
    }, {
      "id" : 53,
      "name" : "Thriller"
    } ]
  }, {
    "id" : 188186,
    "title" : "Pink Floyd - Live In Atlanta",
    "overview" : "The full concert from early on in the tour to promote A Momentary Lapse Of Reason from Atlanta in 1987.",
    "genres" : [ {
      "id" : 10402,
      "name" : "Music"
    } ]
  }, {
    "id" : 188191,
    "title" : "Rupture",
    "overview" : "A man receives a breakup letter from his sweetheart, who sends him back his photo, in pieces. The pained lover decides to reply. Fountain pen, penholder, desk, stamps, paper and inkwell all contrive diabolically to thwart him.",
    "genres" : [ {
      "id" : 35,
      "name" : "Comedy"
    } ]
  }, {
    "id" : 188216,
    "title" : "Juken Sentai Gekiranger vs. Boukenger",
    "overview" : "The team-up movie between Juken Sentai Gekiranger and GoGo Sentai Boukenger. Gekirangers are visited by Boukengers when someone from space with ultimate power threatens the existence of Earth",
    "genres" : [ {
      "id" : 28,
      "name" : "Action"
    }, {
      "id" : 12,
      "name" : "Adventure"
    }, {
      "id" : 878,
      "name" : "Science Fiction"
    } ]
  }, {
    "id" : 188226,
    "title" : "GoGo Sentai Boukenger vs. Super Sentai",
    "overview" : "\"Even today there are those who risk their lives to protect the world. Thirty Super Sentai who protect the Earth from dangerous enemies.\"  GoGo Sentai Boukenger vs. Super Sentai is a multiple Sentai crossover film that celebrates the 30th Anniversary of the Super Sentai series. The team-up includes the Boukengers and special guests MagiYellow, AbareBlack, HurricaneBlue, DekaBreak, and MagiShine. They are joined by an unknown Ranger named AkaRed.",
    "genres" : [ {
      "id" : 28,
      "name" : "Action"
    }, {
      "id" : 12,
      "name" : "Adventure"
    }, {
      "id" : 878,
      "name" : "Science Fiction"
    } ]
  }, {
    "id" : 188231,
    "title" : "Rosie",
    "overview" : "Lorenz Meran, (40) a successful gay author suffering acute writers' block, has to leave Berlin and return to eastern Switzerland to provide care for his aged mother, Rosie. When he finds himself confronted with the fact that fun-loving Rosie refuses both outside assistance and a care home, he discovers that he is stuck fast in his small home town of Altstätten. But it is not only his mother's battle against being dictated to and losing her dignity that he is struggling with. It's also his own midlife crisis. And when long-kept secrets are suddenly revealed under the tensions of family dynamics, Lorenz almost fails to notice that love is knocking on the front door of his parent's house...",
    "genres" : [ {
      "id" : 18,
      "name" : "Drama"
    } ]
  }, {
    "id" : 188236,
    "title" : "Jon Richardson: A Little Bit OCD",
    "overview" : "Jon Richardson investigates OCD. Is he simply a demanding perfectionist or does he have obsessive compulsive disorder?",
    "genres" : [ {
      "id" : 99,
      "name" : "Documentary"
    } ]
  }, {
    "id" : 188246,
    "title" : "Just as I Remember",
    "overview" : "When Andrew was four years old his father learned he had ALS, a fatal and incurable illness. Seventeen years later and now a filmmaker, Andrew documents the experience of Brad, a father with three young boys who also has ALS. What emerges is a portrait of two families documenting the struggles and hopes that they share.",
    "genres" : [ ]
  }, {
    "id" : 188266,
    "title" : "Volvo 70",
    "overview" : "A story about a woman, a man and a Volvo.",
    "genres" : [ {
      "id" : 16,
      "name" : "Animation"
    } ]
  }, {
    "id" : 188271,
    "title" : "Locked Away",
    "overview" : "A man loses his depressed heart and he has only a little time to get it back. However, the heart has no intention to come back.",
    "genres" : [ {
      "id" : 16,
      "name" : "Animation"
    } ]
  }, {
    "id" : 188281,
    "title" : "Kamen Rider Kiva: King of the Castle in the Demon World",
    "overview" : "The Antlion Fangire begins to feed at an exhibit room until Megumi intervened as Nago arrives to slay the monster. However, during their struggle, the Mummy Legendorga suddenly resurrects and feeds on the humans before using his power to turn the Antlion Fangire into his slave to aid him in overwhelming Nago with the Arms Monsters watching the fight. While this occurred, Wataru Kurenai starts attending a local high school at Shizuka's suggestion after a welfare officer visited him and quickly befriends Natsuki Tsukue, who tries to get Wataru to join several clubs where he fails in each one while trying to ask her if she would like to start a violin club after hearing her play, she refuses out right.",
    "genres" : [ {
      "id" : 878,
      "name" : "Science Fiction"
    }, {
      "id" : 28,
      "name" : "Action"
    }, {
      "id" : 12,
      "name" : "Adventure"
    } ]
  }, {
    "id" : 188291,
    "title" : "Christopher Titus: Voice in my Head",
    "overview" : "On “Voice in My head” Titus goes after the inner idiot in all of us. The Voice in his head that is obviously not his friend. From waterskiing behind a drag boat to “playing” with the attack dogs Titus shows there is no limit to his stupidity. Just when you think you know where he is going he tells the story of his 30 million dollar fuck up. You read it right, then he wades into the darkest year of his life all the while keeping it funny. The 30 minute story about meeting Bruce Springsteen ends this one hour and forty six minute epic in a way that will make you laugh your ass off. That is if you have any ass to laugh off after the first hour and fifteen.",
    "genres" : [ {
      "id" : 35,
      "name" : "Comedy"
    } ]
  }, {
    "id" : 188296,
    "title" : "Dennis Miller: Black and White",
    "overview" : "Dennis Miller does a standup routine in Tempe, AZ which is filmed entirely in black and white.",
    "genres" : [ {
      "id" : 35,
      "name" : "Comedy"
    } ]
  }, {
    "id" : 188301,
    "title" : "Samurai Sentai Shinkenger vs. Go-onger: GinmakuBang!!",
    "overview" : "A year after defeating Yogoshimacritein, the Go-ongers head to the wild western realm of Gunman World (ガンマンワールド Ganman Wārudo?) to defeat Gaiark's Pollution President Batcheed (害統領バッチード Gaitōryō Batchīdo?) in a final confrontation. However, after defeating Engine-oh G9, Batcheed opens up a dimensional rift that sucks the Go-ongers and Engines to other Braneworlds. Soon after, while finding themselves fighting Ugatz, the Shinkengers encounter Go-on Red as he helps takes out the Ugatz on his own, much to the Shinkengers' shock.",
    "genres" : [ {
      "id" : 28,
      "name" : "Action"
    }, {
      "id" : 12,
      "name" : "Adventure"
    }, {
      "id" : 878,
      "name" : "Science Fiction"
    } ]
  }, {
    "id" : 188306,
    "title" : "Aurangzeb",
    "overview" : "A family of policemen and a family of gangsters. To bring down a criminal, the law will have to think like a criminal.",
    "genres" : [ {
      "id" : 53,
      "name" : "Thriller"
    }, {
      "id" : 28,
      "name" : "Action"
    }, {
      "id" : 18,
      "name" : "Drama"
    } ]
  }, {
    "id" : 188311,
    "title" : "On Location: Phyllis Diller",
    "overview" : "Phyllis Diller live on location 1977",
    "genres" : [ {
      "id" : 35,
      "name" : "Comedy"
    } ]
  }, {
    "id" : 188321,
    "title" : "Scenario du Film 'Passion'",
    "overview" : "n Scénario du film Passion, Godard constructs a lyrical study of the cinematic and creative process by deconstructing the story of his 1982 film Passion. “I didn’t want to write the script,” he states, “I wanted to see it.” Positioning himself in a video editing suite in front of a white film screen that evokes for him the “famous blank page of Mallarmé,” Godard uses video as a sketchbook with which to reconceive the film. The result is a philosophical, often humorous rumination on the desire and labor that inform the conceptual and image making process of the cinema. —eai.org",
    "genres" : [ {
      "id" : 99,
      "name" : "Documentary"
    } ]
  }, {
    "id" : 188326,
    "title" : "Mother, Daughter, Sister",
    "overview" : "When her half-sister Emilia succeeded in seducing her boyfriend 20 years ago, Pura decided to fly to the United States. Now, she returns to her hometown to see her ailing father. Her surprise visit opens up old wounds and revives the sibling rivalry between her and her half-sister who will not let her forget that she is a bastard.",
    "genres" : [ ]
  }, {
    "id" : 188336,
    "title" : "The Big Four World Tour 2010",
    "overview" : "Popular singing quartet the Big Four (Canto-pop stars Andy Hui, Dicky Cheung, Edmond Leung, and William So) went on tour in March 2010 beginning at the Hong Kong Coliseum. It is a dream come true for the four friends, who has long wanted to share the stage as a foursome. All of them are alumni of the influential New Talent Singing Awards, and they pay homage to their origin early in the show.",
    "genres" : [ ]
  }, {
    "id" : 188346,
    "title" : "Rough Diamond",
    "overview" : "A man kills his wife on their wedding night, after discovering she had been unfaithful. After being acquitted, he moves to the country, where he falls in love with an innocent girl.",
    "genres" : [ {
      "id" : 18,
      "name" : "Drama"
    } ]
  }, {
    "id" : 188366,
    "title" : "Miss Pinkerton",
    "overview" : "Scion of the once-rich Mitchell family, Herbert Wynn is found shot to death. Nurse Adams, bored by hospital routine, is recruited by the police to ferret out clues as she tends to Wynn's elderly aunt Julia. Jokingly given the 'rank' of Miss Pinkerson, after the famous detective agency, Adams probes into the mystery, but not before a second death.",
    "genres" : [ {
      "id" : 35,
      "name" : "Comedy"
    }, {
      "id" : 9648,
      "name" : "Mystery"
    }, {
      "id" : 53,
      "name" : "Thriller"
    } ]
  }, {
    "id" : 188376,
    "title" : "Roseland",
    "overview" : "A sex-crazed ex-singer is forced to undergo psychiatric counseling; it seems he's addicted to stealing pornographic films.",
    "genres" : [ {
      "id" : 35,
      "name" : "Comedy"
    } ]
  }, {
    "id" : 188381,
    "title" : "You Can't Shoe a Horsefly",
    "overview" : "Hunky and Spunky are settling in for a nap, but a horse fly sees them and sees dinner. After battling the fly for a while, the youngster enlists dad's help. But the fly is merely stunned, and rallies a new attack, this time with friends. Father eventually kills the lot of them.",
    "genres" : [ ]
  }, {
    "id" : 188386,
    "title" : "Bunny Mooning",
    "overview" : "Short film.",
    "genres" : [ ]
  }, {
    "id" : 188391,
    "title" : "Porky's Prize Pony",
    "overview" : "When jockey Porky's thoroughbred gets drunk on linament, a goofy milk-wagon horse takes over for the big race.",
    "genres" : [ ]
  }, {
    "id" : 188406,
    "title" : "Safety in Numbers",
    "overview" : "A songwriter hires three chorus girls to show him the \"underside\" of big-city life.",
    "genres" : [ {
      "id" : 10749,
      "name" : "Romance"
    }, {
      "id" : 35,
      "name" : "Comedy"
    }, {
      "id" : 10402,
      "name" : "Music"
    } ]
  }, {
    "id" : 188421,
    "title" : "A History of Horror with Mark Gatiss",
    "overview" : "Mark Gatiss examines the history of the horror film, from classic Hollywood monsters to Hammer's glory days and beyond.",
    "genres" : [ {
      "id" : 99,
      "name" : "Documentary"
    } ]
  }, {
    "id" : 188446,
    "title" : "For My Baby",
    "overview" : "A young Austrian comedian struggles with the nightmare of his past and a dead sister who refuses to die by laying claim to his soul.",
    "genres" : [ ]
  }, {
    "id" : 188451,
    "title" : "Lino y los juguetes de hojalata",
    "overview" : "Documentary based on the story of Lino Vila, the last manager of Ibi Paya toy. Vila disappeared after the closure of the factory, so the first few minutes of the video is focused in his search.",
    "genres" : [ ]
  }, {
    "id" : 188461,
    "title" : "Who Do You Think You're Fooling?",
    "overview" : "A short film that took director Quentin Tarantino to task for failing to credit director Ringo Lam's City on Fire (1987 film) as an influence upon the making of Reservoir Dogs. It screened at the New York Underground Film Festival.",
    "genres" : [ ]
  }, {
    "id" : 188466,
    "title" : "Young Buckethead - Vol. 1",
    "overview" : "Young Buckethead Vol. 1 is the second DVD made by the guitarist Buckethead, released in 2006 by Jas Obrecht's label, Avabella.  The material from this DVD was cut in half making 2 volumes of the DVD, Vol. 1 consists of a recompilation of concerts made by Buckethead and the band Deli Creeps, in which Buckethead is part of, just as Buckethead and the Deli Creeps were beginning to play outside of their southern California hometown.\r Vol. 1 features a 1990 Deli Creeps concert and the soundcheck in San Francisco, also a keyboard performance in a San Francisco basement, and an extended guitar solo performed by Buckethead at a family reunion.  The DVD includes the original version of the song \"Binge and Grab\" from the album Giant Robot (1994). It features lyrics by singer Maximum Bob while the studio album version of the song is instrumental.",
    "genres" : [ {
      "id" : 10402,
      "name" : "Music"
    } ]
  }, {
    "id" : 188476,
    "title" : "Poil de carotte",
    "overview" : "",
    "genres" : [ {
      "id" : 18,
      "name" : "Drama"
    } ]
  }, {
    "id" : 188501,
    "title" : "How I Play Golf, by Bobby Jones No. 10: 'Trouble Shots'",
    "overview" : "Golf legend Bobby Jones gives his take on trouble shots.",
    "genres" : [ ]
  }, {
    "id" : 188506,
    "title" : "Alanis Morissette: Live at Montreux",
    "overview" : "Alanis Morissette is one of the most successful female artists and songwriters of all time and has sold in excess of 60 million albums worldwide. Her voice is instantly recognisable and she is a consummate live performer. On 2 July 2012 Alanis Morissette returned to Montreux as part of her Guardian Angel Tour in support of her new album Havoc And Bright Lights . It was her third appearance at the festival. The set showcased a number of tracks from the new album (at that point still to be released) alongside classic tracks from across her career. This is Alanis Morissette live at her very best. TRACKLIST 1) I Remain 2) Woman Down 3) All I Really Want 4) You Learn 5) Guardian 6) Flinch 7) Forgiven 8) Hands Clean 9) I Remain 10) Citizen Of The Planet 11) Ironic 12) Havoc 13) Head Over Feet 14) Versions Of Violence 15) I Remain 16) You Oughta Know 17) Numb 18) Hand In My Pocket 19) Uninvited 20) Thank U",
    "genres" : [ {
      "id" : 10402,
      "name" : "Music"
    } ]
  }, {
    "id" : 188516,
    "title" : "Sesame Beginnings: Moving Together",
    "overview" : "Infants starting to move about or get on their feet will enjoy seeing popular Sesame Street characters going through the same process. As Baby Big Bird, Baby Cookie Monster, Baby Elmo and others learn to master crawling, walking and dancing, they teach little ones how to get active. Special guest Sarah Jessica Parker joins the lovable Sesame Street crew for this entertaining blend of songs, stories and activities.",
    "genres" : [ {
      "id" : 10751,
      "name" : "Family"
    } ]
  }, {
    "id" : 188521,
    "title" : "Spies of Warsaw",
    "overview" : "A military attaché at the French embassy is drawn into a world of abduction, betrayal and intrigue in the diplomatic salons and back alleys of Warsaw.",
    "genres" : [ {
      "id" : 28,
      "name" : "Action"
    }, {
      "id" : 12,
      "name" : "Adventure"
    }, {
      "id" : 18,
      "name" : "Drama"
    } ]
  }, {
    "id" : 188536,
    "title" : "Machi Action",
    "overview" : "What happens when a costumed universal space hero is put out to pasture? Or, rather, the actor portraying him is?",
    "genres" : [ {
      "id" : 35,
      "name" : "Comedy"
    } ]
  }, {
    "id" : 188541,
    "title" : "Giant God Warrior Appears in Tokyo",
    "overview" : "Studio Ghibli's first foray into live-action. In this short film, a giant monster descends from the sky and wreaks havoc upon the city.",
    "genres" : [ {
      "id" : 28,
      "name" : "Action"
    }, {
      "id" : 27,
      "name" : "Horror"
    }, {
      "id" : 878,
      "name" : "Science Fiction"
    } ]
  }, {
    "id" : 188571,
    "title" : "Hotel Torgo",
    "overview" : "A documentary film crew follows Bernie Rosenblum to the El Paso, Texas ranch where he worked in 1966 on what is arguably the worst movie of all time.",
    "genres" : [ {
      "id" : 99,
      "name" : "Documentary"
    } ]
  }, {
    "id" : 188591,
    "title" : "The Man Who Loves Women",
    "overview" : "Serge Bresson, the famous erotic photographer of the 60s, reveals the secret adventures which he was privileged to witness, and often join in, with his virility and his taste for beautiful women. This explosive film tells of sensational adventures and scandals, which had never been published.",
    "genres" : [ ]
  }, {
    "id" : 188621,
    "title" : "Captain Falcon",
    "overview" : "A satire on anti-communist paranoia in the days of fascist dictatorship in Portugal. The series follows the adventures of the \"Lusitanian superhero\", the ultra-patriotic Captain Falcão, a man who follows the direct orders of António de Oliveira Salazar in the fight against the \"red menace\". Starring Gonçalo Waddington, as Captain Falcão, David Chan Cordeiro (also responsible for coordinating the work of doubles) as his sidekick Puto Perdiz and José Pinto in the role of portuguese dictator, António de Oliveira Salazar.",
    "genres" : [ {
      "id" : 35,
      "name" : "Comedy"
    } ]
  }, {
    "id" : 188626,
    "title" : "Kayak - Live in Paradiso: A Tribute To Pim Koopman",
    "overview" : "In May 2010, the band's website announced a tribute concert for Pim Koopman. The concert was held on November 22 at the Paradiso. It involved not only Kayak, but also some artists with whom Koopman had worked in the past. Some of the names that appeared on stage: Pussycat, Caren Maywood, Alides Hidding, José Hoebee and Michael Robinson. Okkie Huysdens (with whom Koopman formed The President) and Jeroen Engelbert (one of many members of Koopman's band Diesel) also performed. For the occasion, Kayak used Hans Voerman as an extra keyboard player. The drumstool was occupied by Hans Eijkenaar. After the concert, Kayak announced that Eijkenaar was the new drummer of Kayak. With Eijkenaar on drums, Kayak released their latest album Anywhere But Here in September 2011.",
    "genres" : [ {
      "id" : 10402,
      "name" : "Music"
    } ]
  }, {
    "id" : 188631,
    "title" : "Escape!",
    "overview" : "When Matt Denant (Gerald de Maurier) finds himself wrongly imprisoned for manslaughter, he takes an opportunity to escape from jail during a foggy day and is forced to rely on the goodwill of local people to remain a fugitive of the law. The first film produced by Associated Talking Pictures, which would eventually evolve into Ealing Studios.",
    "genres" : [ {
      "id" : 80,
      "name" : "Crime"
    }, {
      "id" : 18,
      "name" : "Drama"
    } ]
  }, {
    "id" : 188641,
    "title" : "Cantajuego: Fiesta en la aldea encantada",
    "overview" : "",
    "genres" : [ ]
  }, {
    "id" : 188646,
    "title" : "Heated Vengeance",
    "overview" : "Lt. Joe Hoffman (Hatch) is a Vietnam veteran who, many years after the end of the war, decides to go back to the \"Golden Triangle\" to find his lost love, Michelle Twassoon (Mitchell-Collins). She was an interpreter during the war, and they fell in love. They even had a precocious, squeaky-voiced son together. But trouble looms for Hoffman in the form of Larry Bingo (Max) - yes, LARRY BINGO is his name. He's a disgraced army dude who was kicked out of the service for raping one of the locals back during the war. Now he's a drug runner along with his compatriots Snake (Pollard) and Bandit (Dye). Coincidentally, they run into Hoffman now, in the present day, and, seeing as how Hoffman was Bingo's commanding officer, and was largely responsible for his dishonorable discharge, Bingo now wants revenge.",
    "genres" : [ {
      "id" : 12,
      "name" : "Adventure"
    }, {
      "id" : 28,
      "name" : "Action"
    } ]
  }, {
    "id" : 188661,
    "title" : "The Mark of Zorro",
    "overview" : "A French-produced adventure of the Mexican hero.",
    "genres" : [ {
      "id" : 12,
      "name" : "Adventure"
    }, {
      "id" : 28,
      "name" : "Action"
    }, {
      "id" : 37,
      "name" : "Western"
    } ]
  }, {
    "id" : 188676,
    "title" : "Birdy and the Beast",
    "overview" : "Tweety is set upon by a fat, jowly cat, who winds up with, among other things, a dozen eggs and a gallon of gasoline in his mouth instead of the little bird.",
    "genres" : [ {
      "id" : 16,
      "name" : "Animation"
    }, {
      "id" : 10751,
      "name" : "Family"
    }, {
      "id" : 35,
      "name" : "Comedy"
    } ]
  }, {
    "id" : 188686,
    "title" : "Sono kabe o kudake",
    "overview" : "A man is wrongfully accused of murder.",
    "genres" : [ ]
  }, {
    "id" : 188696,
    "title" : "Soulfly: Rock in Rio 2010",
    "overview" : "01 B.F.W.H.  02 Prophecy  03 Primitive  04 Seek n’ Strike  05 Bleed - Tree Of Pain  06 Refuse/Resist (Sepultura cover)  07 Bloodbath &amp; Beyond  08 L.O.T.M.- Walk (Pantera cover)  09 Porrada  10 Drum - Jam  11 Troops of Doom (Sepultura cover)  12 Unleash  13 Attitude (Sepultura cover)  14 Roots Bloody Roots (Sepultura cover)  15 Jumpdafuckup - Eye For An Eye",
    "genres" : [ ]
  }, {
    "id" : 188701,
    "title" : "Nooit te oud",
    "overview" : "",
    "genres" : [ {
      "id" : 18,
      "name" : "Drama"
    }, {
      "id" : 35,
      "name" : "Comedy"
    } ]
  }, {
    "id" : 188706,
    "title" : "The Secret Laughter of Women",
    "overview" : "Oscar-winner Colin Firth stars in this heart-warming cross-cultural romantic comedy set in the idyllic South of France.  Nimi, a beautiful Nigerian single mother to son Sammy, is under pressure from her family to find a suitable husband and who better than the local Reverend? After making friends with Matthew, a British comic-book writer and one of his heros, Sammy has other ideas. He successfully plots to get them together but they've still a few obsticles to overcome.  (from Amazon)",
    "genres" : [ {
      "id" : 35,
      "name" : "Comedy"
    }, {
      "id" : 18,
      "name" : "Drama"
    }, {
      "id" : 10749,
      "name" : "Romance"
    } ]
  }, {
    "id" : 188716,
    "title" : "Mumford & Sons - Live At Bonnaroo Festival",
    "overview" : "When Mumford &amp; Sons walked on Bonnaroo’s second-biggest stage, the audience spilled into every square inch of the surrounding area. And they paid back the crowd’s excitement in full, particularly with an eight-minute closing rendition of “Amazing Grace”.",
    "genres" : [ {
      "id" : 10402,
      "name" : "Music"
    } ]
  }, {
    "id" : 188726,
    "title" : "Saxofonhallicken",
    "overview" : "Saxophone-pimp is a meditation on urban hotel as youth. Here, at the city hotel in the small town, we find the entire gallery of: the young lion dance, the drunk lady and the happy party. New for the evening is Vera, a divorced mother in her prime. Dance band saxophonist follows the awkward attempts at contact between Vera and a drummer, and decides to help her along. He plays the classic \"Petite Fleur\". Again and again and again .....",
    "genres" : [ {
      "id" : 35,
      "name" : "Comedy"
    }, {
      "id" : 18,
      "name" : "Drama"
    } ]
  }, {
    "id" : 188731,
    "title" : "Shared",
    "overview" : "A young girl struggles with social circumstances.",
    "genres" : [ {
      "id" : 18,
      "name" : "Drama"
    } ]
  }, {
    "id" : 188736,
    "title" : "Europe: The Final Countdown World Tour",
    "overview" : "Hammersmith Odeon.",
    "genres" : [ ]
  }, {
    "id" : 188741,
    "title" : "Home, Tweet Home",
    "overview" : "Tweety Bird is washing in a bird bath in a city park when Sylvester Cat interrupts him. Sylvester chases Tweety, and Tweety takes refuge near a feisty nanny and her toddler. Sylvester dresses as the toddler to try to grab Tweety but is stopped and spanked. Tweety flies to a building ledge, and Sylvester unsuccessfully uses chewing gum to try to reach him. Next, Sylvester angers a bulldog, who chases him away.",
    "genres" : [ {
      "id" : 16,
      "name" : "Animation"
    }, {
      "id" : 10751,
      "name" : "Family"
    }, {
      "id" : 35,
      "name" : "Comedy"
    } ]
  }, {
    "id" : 188751,
    "title" : "Little Red Rodent Hood",
    "overview" : "An elderly mouse tells the bedtime story of Little Red Riding Hood to her grandson, who visualizes the tale in cat-and-mouse terms, with himself as Red and Sylvester as the Big Bad Wolf.",
    "genres" : [ {
      "id" : 16,
      "name" : "Animation"
    }, {
      "id" : 10751,
      "name" : "Family"
    }, {
      "id" : 35,
      "name" : "Comedy"
    } ]
  }, {
    "id" : 188756,
    "title" : "Silent Partner",
    "overview" : "Two friends train a greyhound together.",
    "genres" : [ ]
  }, {
    "id" : 188761,
    "title" : "The German Doctor",
    "overview" : "Patagonia, 1960. A German physician meets an Argentinean family and follows them on the  long desert road to Bariloche where Eva, Enzo and their three children are going to open a  lodging house by the Nahuel Huapi lake. This model family reawakens his obsession with  purity and perfection, in particular Lilith, a 12 year-old with a body too small for her age.  Unaware of his true identity, they accept him as their first guest. They are all gradually  won over by this charismatic man, by his elegant manners, his scientific knowledge and his  money — until they discover they are living with one of the biggest criminals of all times.",
    "genres" : [ {
      "id" : 18,
      "name" : "Drama"
    }, {
      "id" : 53,
      "name" : "Thriller"
    } ]
  }, {
    "id" : 188771,
    "title" : "Desire",
    "overview" : "One man. One job. But in the desert, nothing is simple. Presenting Desire, created in collaboration with Ridley Scott Associates",
    "genres" : [ {
      "id" : 28,
      "name" : "Action"
    } ]
  }, {
    "id" : 188776,
    "title" : "Do the Math",
    "overview" : "It’s simple math: we can burn less than 565 more gigatons of carbon dioxide and stay below 2°C of warming — anything more than that risks catastrophe for life on earth. The only problem? Fossil fuel corporations now have 2,795 gigatons in their reserves, five times the safe amount. And they’re planning to burn it all — unless we rise up to stop them.",
    "genres" : [ {
      "id" : 99,
      "name" : "Documentary"
    } ]
  }, {
    "id" : 188781,
    "title" : "Page Miss Glory",
    "overview" : "A bellhop in the No 1. hotel of a smalltown awaiting the arrival of Miss Glory dreams he has to page Miss Glory at a first class hotel in New York, and this turns out to be a nightmare. Finally he is awakened by the manager, because Miss Glory's car has arrived, but instead of a beautiful lady, a child star a la Shirley Temple steps out",
    "genres" : [ {
      "id" : 16,
      "name" : "Animation"
    }, {
      "id" : 10751,
      "name" : "Family"
    }, {
      "id" : 35,
      "name" : "Comedy"
    } ]
  }, {
    "id" : 188786,
    "title" : "Strife with Father",
    "overview" : "Foundling Beaky Buzzard is adopted by a couple of polite, English sparrows, named Monte and Gwendlyn. When Monte tries to teach lame-brained Beaky to catch a chicken, Beaky's ineptitude results in Monte being repeatedly struck with a mallet and caught in a grenade explosion.",
    "genres" : [ {
      "id" : 16,
      "name" : "Animation"
    }, {
      "id" : 10751,
      "name" : "Family"
    }, {
      "id" : 35,
      "name" : "Comedy"
    } ]
  }, {
    "id" : 188801,
    "title" : "My Little Duckaroo",
    "overview" : "Daffy Duck is a Wild West outlaw named \"The Masked Avenger\", righter of wrongs and doer of heroic deeds. Porky Pig is his sidekick. Together, they search for Nasty Canasta, a villain whose crimes include gag-stealing and square dancing in a round house. When they find Canasta's hideout and Daffy challenges Canasta to a duel, Canasta flexes his hulky muscles that entirely rip away his shirt, and proceeds to pound Daffy into a stupor.",
    "genres" : [ {
      "id" : 37,
      "name" : "Western"
    }, {
      "id" : 16,
      "name" : "Animation"
    }, {
      "id" : 10751,
      "name" : "Family"
    }, {
      "id" : 35,
      "name" : "Comedy"
    } ]
  }, {
    "id" : 188816,
    "title" : "Brazzaville Teen-Ager",
    "overview" : "In a self-effacing attempt to save his father from a death by deterioration, a young man enlists his curmudgeonly boss and Kelis to perform a song, and a miracle.",
    "genres" : [ {
      "id" : 35,
      "name" : "Comedy"
    } ]
  }, {
    "id" : 188826,
    "title" : "Copperhead",
    "overview" : "A family is torn apart during the American Civil War.",
    "genres" : [ {
      "id" : 18,
      "name" : "Drama"
    }, {
      "id" : 36,
      "name" : "History"
    } ]
  }, {
    "id" : 188836,
    "title" : "The Fearless Young Boxer",
    "overview" : "While on a fishing trip, Shao Lung's father is killed by Wu Pa Feng in front of the young man's eyes. Lung takes shelter with his uncle's traveling group of Kung Fu acrobats and begins honing his skills so he can one day have his revenge.",
    "genres" : [ {
      "id" : 28,
      "name" : "Action"
    } ]
  }, {
    "id" : 188841,
    "title" : "Melody Parade",
    "overview" : "The owner and staff of a Hollywood nightclub struggle to keep their establishment from closing.",
    "genres" : [ {
      "id" : 10749,
      "name" : "Romance"
    }, {
      "id" : 10402,
      "name" : "Music"
    }, {
      "id" : 18,
      "name" : "Drama"
    } ]
  }, {
    "id" : 188846,
    "title" : "P.J.",
    "overview" : "Reluctant New York City private eye P.J. Detweiler is hired as a bodyguard to protect Maureen Preble, the mistress of shady millionaire William Orbison. In truth, Orbison plans a deadly intrigue in which P.J. is to play a central part. Meanwhile, complications ensue as P.J. gradually falls in love with Maureen. (Wikipedia)",
    "genres" : [ {
      "id" : 9648,
      "name" : "Mystery"
    }, {
      "id" : 28,
      "name" : "Action"
    }, {
      "id" : 18,
      "name" : "Drama"
    } ]
  }, {
    "id" : 188851,
    "title" : "La Carrera Panamericana with Music by Pink Floyd",
    "overview" : "La Carrera Panamericana is a 1992 video of the Carrera Panamericana automobile race in Mexico. The film was directed by Ian McArthur, it included a soundtrack entirely of music by the band Pink Floyd, as the band's guitarist David Gilmour, drummer Nick Mason and manager Steve O'Rourke competed in the race in 1991.",
    "genres" : [ {
      "id" : 99,
      "name" : "Documentary"
    } ]
  }, {
    "id" : 188856,
    "title" : "She Should Have Stayed in Bed",
    "overview" : "A New York photographer takes photos of various tenants in a posh apartment building while waiting for a nude pin-up model to show up for him at his studio.",
    "genres" : [ {
      "id" : 35,
      "name" : "Comedy"
    } ]
  }, {
    "id" : 188861,
    "title" : "The Fire Brigade",
    "overview" : "Terry O'Neill is the youngest of a family of Irish firefighters. He falls in love with Helen Corwin, but complications ensue when Terry learns that her father, a wealthy contractor, has cut costs by putting his buildings in danger of fire.",
    "genres" : [ {
      "id" : 18,
      "name" : "Drama"
    } ]
  }, {
    "id" : 188871,
    "title" : "Brief Moment",
    "overview" : "A high living society playboy marries a nightclub singer, and she soon realizes that, though they're genuinely in love, the husband's endless partying completely dominates and is destroying their marriage.",
    "genres" : [ {
      "id" : 18,
      "name" : "Drama"
    } ]
  }, {
    "id" : 188886,
    "title" : "Monicelli. La versione di Mario",
    "overview" : "",
    "genres" : [ {
      "id" : 99,
      "name" : "Documentary"
    } ]
  }, {
    "id" : 188891,
    "title" : "The Legends of Nethiah",
    "overview" : "A young boy whose parents are going through a bitter divorce, is given hope and courage through the powerful stories embellished by his grandfather. The stories give the boy the inner strength and resolve to confront the inevitable challenges which lie ahead.",
    "genres" : [ {
      "id" : 14,
      "name" : "Fantasy"
    }, {
      "id" : 18,
      "name" : "Drama"
    }, {
      "id" : 10751,
      "name" : "Family"
    } ]
  } ]
}