{
  "movies" : [ {
    "id" : 280371,
    "title" : "Ivide Thudangunnu",
    "overview" : "Rohini is the sister of Krishnakumar; she gets gang raped. Krishnakumar investigates the whole case and takes the law into his hands.",
    "genres" : [ {
      "id" : 18,
      "name" : "Drama"
    } ]
  }, {
    "id" : 280376,
    "title" : "Kattathe Kilikoodu",
    "overview" : "Kattathe Kilikkoodu movie is a story about an unhappy marriage that unravels in a bad way.",
    "genres" : [ {
      "id" : 18,
      "name" : "Drama"
    } ]
  }, {
    "id" : 280381,
    "title" : "House at the End of the Drive",
    "overview" : "When David King purchases a house in the hills far above the angst of Los Angeles, he gets much more than he bargained for when strange and unexplainable occurrences in and around the house begin to take control of his daily life",
    "genres" : [ {
      "id" : 53,
      "name" : "Thriller"
    }, {
      "id" : 27,
      "name" : "Horror"
    } ]
  }, {
    "id" : 280386,
    "title" : "Die Lebenslüge",
    "overview" : "German workaholic hotel manager Gabriel Brückner dies in a car accident on Mallorca with a single passenger, flight attendant Maren Gernold. Thus their year long adultery becomes known to their Bavarian spouses, ex-sculptor Sophie and contractor Michael. Consoling each-other, those two fall in love, but meet daunting obstacles, the worst of which is Gabriels' still naively doting brat daughter Anne",
    "genres" : [ {
      "id" : 10749,
      "name" : "Romance"
    }, {
      "id" : 18,
      "name" : "Drama"
    } ]
  }, {
    "id" : 280391,
    "title" : "Why I Did (Not) Eat My Father",
    "overview" : "Based on the novel 'Evolution Man' by Roy Lewis, this tells the story about the first man - young Edward - to descend from apes. Edward is ejected by his tribe, but is very resourceful. He learns to walk, discovers fire, manages to hunt - and we follow him as he evolves. He has a generous nature, and search for true humanity - a world where we don't eat our fathers.",
    "genres" : [ {
      "id" : 12,
      "name" : "Adventure"
    }, {
      "id" : 35,
      "name" : "Comedy"
    }, {
      "id" : 16,
      "name" : "Animation"
    } ]
  }, {
    "id" : 280396,
    "title" : "Höhenangst",
    "overview" : "",
    "genres" : [ {
      "id" : 18,
      "name" : "Drama"
    } ]
  }, {
    "id" : 280401,
    "title" : "Breakdowns of 1940",
    "overview" : "Flubs and bloopers that occurred on the set of some of the major Warner Bros. pictures of 1940.",
    "genres" : [ ]
  }, {
    "id" : 280406,
    "title" : "Blow-Ups of 1947",
    "overview" : "Warner Brothers bloopers of 1947",
    "genres" : [ {
      "id" : 35,
      "name" : "Comedy"
    } ]
  }, {
    "id" : 280411,
    "title" : "These Vagabond Shoes",
    "overview" : "A man travels across New York City to get a Nathan's Famous hot dog.",
    "genres" : [ {
      "id" : 18,
      "name" : "Drama"
    } ]
  }, {
    "id" : 280416,
    "title" : "Gun Hill",
    "overview" : "Gun Hill is a BET Premiere Cinema original film produced and directed by Reggie Rock Bythewood (Biker Boyz, Daddy's Girl, New York Undercover, Get on the Bus). The film stars Larenz Tate as Bird Stevens – a con who assumes the identity of his twin brother, Trane, a cop, after he's killed and goes on a search for his own redemption.",
    "genres" : [ {
      "id" : 28,
      "name" : "Action"
    } ]
  }, {
    "id" : 280421,
    "title" : "The Center of the Universe",
    "overview" : "See Alexander Hubert, Lynn Hill, Jim Bridwell and many more of the worlds best climbers during their adventurous activities in the Yosemite Valley. Doesn't matter whether free climbing on El Capitan, bouldering or slackining 600 meters above the ground.with Max Reichel, Alex Ruber",
    "genres" : [ {
      "id" : 99,
      "name" : "Documentary"
    } ]
  }, {
    "id" : 280426,
    "title" : "Desert Heat",
    "overview" : "Every year, college students head to a deserted motel, for a week of partying and shameless hookups as a break from finals. Stevie Shae plans to do the same with her boyfriend and 3 other couples. Desert Heat is a sexy and enthralling look into these couples' week long tradition of much needed release and hardcore sex. Little do they know, killer Tommy Gunn is on the hunt and the couples face fear as they've never known it. Death lingers upon them while the crazy killed murders one person at a time.",
    "genres" : [ {
      "id" : 27,
      "name" : "Horror"
    }, {
      "id" : 28,
      "name" : "Action"
    } ]
  }, {
    "id" : 280431,
    "title" : "The Bruce",
    "overview" : "Robert the Bruce unites the Scots in a rebellion against the hated English, led by Edward I. He is supported by various loyal followers, notably the bishop who agrees to recognize his claim and crown him as King of the Scots.",
    "genres" : [ {
      "id" : 36,
      "name" : "History"
    } ]
  }, {
    "id" : 280436,
    "title" : "Danger Patrol",
    "overview" : "An explosives carrier at an oil field falls in love with a colleague's daughter.",
    "genres" : [ {
      "id" : 28,
      "name" : "Action"
    }, {
      "id" : 18,
      "name" : "Drama"
    }, {
      "id" : 10749,
      "name" : "Romance"
    } ]
  }, {
    "id" : 280441,
    "title" : "Fireworks Filmed With A Drone",
    "overview" : "Flying through a firework show with a DJI Phantom 2 and filming it with a GoPro Hero 3 silver. The quad was not damaged.",
    "genres" : [ ]
  }, {
    "id" : 280451,
    "title" : "Joe Cocker - The Best Of Joe Cocker Live",
    "overview" : "Two classic Joe Cocker performances captured live! The first one taken from a classic live performance in Dortmund in 1992, the second is a new concert filmed in Cologne in 2002. All of Joe Cocker's biggest and best known songs are included!",
    "genres" : [ {
      "id" : 10402,
      "name" : "Music"
    } ]
  }, {
    "id" : 280466,
    "title" : "Letiště nepřijímá",
    "overview" : "",
    "genres" : [ {
      "id" : 18,
      "name" : "Drama"
    } ]
  }, {
    "id" : 280471,
    "title" : "Caldera",
    "overview" : "Through the eyes of a young girl suffering from mental illness, 'Caldera' glimpses into a world of psychosis and explores a world of ambiguous reality and the nature of life and death.",
    "genres" : [ {
      "id" : 18,
      "name" : "Drama"
    }, {
      "id" : 16,
      "name" : "Animation"
    } ]
  }, {
    "id" : 280476,
    "title" : "The Passenger",
    "overview" : "Based on a Urban Legend",
    "genres" : [ ]
  }, {
    "id" : 280481,
    "title" : "America's Godly Heritage",
    "overview" : "America's Godly Heritage clearly sets forth the beliefs of many of the famous Founding Fathers concerning the proper role of Christian principles in education, in government, and in the public affairs of the nation. The beliefs of Founders like George Washington, John Adams, John Jay, Thomas Jefferson, James Wilson, George Mason, John Quincy Adams, and many others are clearly presented.  America's Godly Heritage also provides excerpts from court cases showing that for 160 years Christian principles were part of official American public life. You'll see numerous charted statistics showing what has happened to America since the courts began rejecting the Founders' beliefs.  America's Godly Heritage is an excellent primer for those who want to know more about what was intended for America by the Founders and what can be done to return America to its original guiding philosophy.",
    "genres" : [ {
      "id" : 99,
      "name" : "Documentary"
    }, {
      "id" : 10751,
      "name" : "Family"
    } ]
  }, {
    "id" : 280486,
    "title" : "I like",
    "overview" : "A horror thriller directed by Michael David Pate.",
    "genres" : [ {
      "id" : 53,
      "name" : "Thriller"
    }, {
      "id" : 27,
      "name" : "Horror"
    } ]
  }, {
    "id" : 280491,
    "title" : "Qiu Xi",
    "overview" : "The story takes place in wartime Guangzhou before the country’s liberation by the Communist Party of China in 1949. A young woman named Qiu Xi is a “boat person”, or Tanka, living in the coastal area of Guangdong Province. Qiu Xi becomes a servant to Yan Haiqing, played by actor Guo Xiaodong. She finds herself falling for the undercover communist agent who works with the Kuomintang regime that ruled China until 1949. The story unfolds as the two fall for each other but are kept at distance because of the wartime situation.",
    "genres" : [ ]
  }, {
    "id" : 280496,
    "title" : "Die lustige Welt der Tiere 3",
    "overview" : "",
    "genres" : [ {
      "id" : 99,
      "name" : "Documentary"
    } ]
  }, {
    "id" : 280501,
    "title" : "Cannibali domani",
    "overview" : "Documentary about cannibalism around the world",
    "genres" : [ {
      "id" : 99,
      "name" : "Documentary"
    } ]
  }, {
    "id" : 280506,
    "title" : "Cat on a Hot Tin Roof",
    "overview" : "The story of conflicts, power plays and secrets in a wealthy Mississippi family.",
    "genres" : [ {
      "id" : 18,
      "name" : "Drama"
    } ]
  }, {
    "id" : 280511,
    "title" : "Fastlife",
    "overview" : "",
    "genres" : [ {
      "id" : 35,
      "name" : "Comedy"
    } ]
  }, {
    "id" : 280516,
    "title" : "Everybody's Doing It",
    "overview" : "Gangsters are attempting to control the solutions (and winning) of the puzzles in a national newspapers picture puzzles contest craze.",
    "genres" : [ {
      "id" : 80,
      "name" : "Crime"
    }, {
      "id" : 10749,
      "name" : "Romance"
    }, {
      "id" : 35,
      "name" : "Comedy"
    } ]
  }, {
    "id" : 280526,
    "title" : "Der doppelte Ehemann",
    "overview" : "",
    "genres" : [ {
      "id" : 35,
      "name" : "Comedy"
    } ]
  }, {
    "id" : 280531,
    "title" : "Il dolce rumore della vita",
    "overview" : "",
    "genres" : [ ]
  }, {
    "id" : 280536,
    "title" : "Anflug Alpha 1",
    "overview" : "",
    "genres" : [ {
      "id" : 18,
      "name" : "Drama"
    }, {
      "id" : 10749,
      "name" : "Romance"
    } ]
  }, {
    "id" : 280541,
    "title" : "La Rupture",
    "overview" : "",
    "genres" : [ {
      "id" : 18,
      "name" : "Drama"
    }, {
      "id" : 36,
      "name" : "History"
    } ]
  }, {
    "id" : 280546,
    "title" : "Lassie: Well of Love",
    "overview" : "In this touching drama a disparate group of people rally together to save a dog that has fallen into a deep well.",
    "genres" : [ {
      "id" : 10770,
      "name" : "TV Movie"
    }, {
      "id" : 28,
      "name" : "Action"
    }, {
      "id" : 18,
      "name" : "Drama"
    }, {
      "id" : 12,
      "name" : "Adventure"
    }, {
      "id" : 10751,
      "name" : "Family"
    } ]
  }, {
    "id" : 280556,
    "title" : "The Guitar Artistry Of - Eric Bibb",
    "overview" : "",
    "genres" : [ {
      "id" : 10402,
      "name" : "Music"
    } ]
  }, {
    "id" : 280561,
    "title" : "Böhse Onkelz: Nichts ist für die Ewigkeit - Konzert",
    "overview" : "",
    "genres" : [ {
      "id" : 10402,
      "name" : "Music"
    } ]
  }, {
    "id" : 280566,
    "title" : "Jus' Passin' Through",
    "overview" : "At Thanksgiving, a tramp arrives in a homeless-hostile town.",
    "genres" : [ {
      "id" : 35,
      "name" : "Comedy"
    } ]
  }, {
    "id" : 280571,
    "title" : "...Remote..... Remote....",
    "overview" : "With sometimes painful directness, Valie Export conducts a psychological investigation of the body in this film performance, externalizes an internal state. In front of a police photo showing two children who were sexually abused by their parents, she tortuously cuts into her cuticles until blood drips into a bowl of milk on her lap. On top of the symbolic plane of blood and milk, the physical effect on the viewer of her destructive act of self-mutilation is extreme.",
    "genres" : [ ]
  }, {
    "id" : 280576,
    "title" : "Soft Pedal",
    "overview" : "Umbrella Salesman helps a musician and his daughter",
    "genres" : [ {
      "id" : 35,
      "name" : "Comedy"
    } ]
  }, {
    "id" : 280581,
    "title" : "Apocalipsis. La II Guerra Mundial - DVD2",
    "overview" : "",
    "genres" : [ {
      "id" : 99,
      "name" : "Documentary"
    } ]
  }, {
    "id" : 280586,
    "title" : "Lost Kubrick: The Unfinished Films of Stanley Kubrick",
    "overview" : "He is considered by many the greatest film director the medium has ever known. Yet in a 45-year career, Stanley Kubrick's films number only a dozen. That he strove for perfection is well established. What is less known is that he lavished years of energy on several films that never saw the flickering light of the silver screen. Through interviews and abundant archival materials, this documentary examines these \"lost\" films in depth to discover what drew Kubrick to these projects, the work he did to prepare them for production, and why they ultimately were abandoned.",
    "genres" : [ ]
  }, {
    "id" : 280591,
    "title" : "Weekend Plot",
    "overview" : "Six young urbanites who haven't seen each other for four years spend the weekend together on the banks of the Yangzhe river to escape the hustle and bustle of Beijing city. However, even the solitude of their surroundings cannot stop old tensions from resurfacing between some of the characters. The air becomes especially charged when a friend of the six shows up without invitation. Now married and working as a policeman in a small town near Yangzhe river, the young man pines for Xiaobei, his old high school flame and one of the women in the group. But, the policeman's presence triggers feelings of jealousy in Xiaobei's fiance, leading to a troubling twist at the end.",
    "genres" : [ {
      "id" : 18,
      "name" : "Drama"
    } ]
  }, {
    "id" : 280596,
    "title" : "Quick Start Yoga",
    "overview" : "This yoga program includes five 20-minute yoga practices designed to help even the busiest of individuals reduce stress while strengthening the back and core:  Energy Flow -  Increase energy, strength and flexibility with yoga master Rodney Yee. This carefully crafted practice releases muscle tension and increases flexibility. (20 minutes)  Beginner's Flow -  Kathryn Budig delivers an energizing beginner's flow that empowers, strengthens and tones your entire body.  (20 minutes)  ABS Yoga -  Rodney Yee revolutionizes standard core work with yoga poses designed to build strong, lean abs. (20 minutes)  Lower Body Tone -  Suzanne Deason helps reshape and tone your lower body with this effective yoga practice that targets hips, glutes and thighs. (20 minutes)  Strong Back -  Develop a stronger, more flexible back with Rodney Yee.  These simple poses and standing postures are designed to increase both abdominal and spine strength. (20 minutes)",
    "genres" : [ ]
  }, {
    "id" : 280601,
    "title" : "Lady Blue Volume 2",
    "overview" : "19 year old ninja Midou Miko's fortune predicts that she's about to fall in love when an unexpected downpour throws her into the arms of 20 year old Hidemasa -whom she immediately recognizes as the man of her dreams!  Poor Miko must not only stave off the jealosy of her friend, 19 year-old Fubuki Kai, but is forced to put her fantasies on hold when she learns of the ancient and mysterious 'male' and 'female' flutes which are wreaking havoc on her parents and women on Earth. Suspecting that the new man in her life might know something about the flutes, she must enlist his aid, or perish!",
    "genres" : [ ]
  }, {
    "id" : 280606,
    "title" : "How Do They...? How Do They Put the Centers in Chocolates?",
    "overview" : "Learn the secret of one of the deepest mysteries of modern civilisation -- how people put the centers in chocolates.",
    "genres" : [ ]
  }, {
    "id" : 280616,
    "title" : "Deux femmes en or",
    "overview" : "Two bored Montreal housewives (Monique Mercure &amp; Louise Turcot), with inattentive husbands (Marcel Sabourin &amp; Donald Pilon), and lots of time on their hands, amuse themselves by paying the local tradesmen something extra to give them amorous attention.  Their entertainment leads to frantic confusion, however, when one of the visiting gentlemen - shall we say - 'expires'.  The housewives deal with their unpleasant situation quite energetically.",
    "genres" : [ {
      "id" : 35,
      "name" : "Comedy"
    } ]
  }, {
    "id" : 280621,
    "title" : "Rock Hudson: Dark and Handsome Stranger",
    "overview" : "Twenty five years after the death of Rock Hudson, friends, acquaintances, colleagues, biographers and movie historians discuss his career, his personal life and his death, all especially in relation to his closeted homosexuality. Born Roy Fitzgerald, Hudson treated who was known as \"Rock Hudson\" as being a studio creation that was somewhat outside himself. However, he sometimes was still \"Rock Hudson: movie star\" to those who knew him. Publicly, he had to maintain the façade of that creation, the public who saw in him a handsome, rugged, masculine yet likable and safe leading man and movie star.",
    "genres" : [ {
      "id" : 99,
      "name" : "Documentary"
    } ]
  }, {
    "id" : 280626,
    "title" : "Die Geschichte der O - Episode 5 - Die Offenbarung",
    "overview" : "",
    "genres" : [ ]
  }, {
    "id" : 280631,
    "title" : "Joint Venture",
    "overview" : "",
    "genres" : [ ]
  }, {
    "id" : 280636,
    "title" : "The Maias: Story of a Portuguese Family",
    "overview" : "The tragedy and comedy in Carlo's life begins, grows and ends like the tragedy and comedy of Portugal. In the company of his close friend, Joao da Ega, allegedly a brilliant writer, Carlos, with his idle existence as an aristocratic doctor, spends his time to enjoying friends and lovers. Until he falls in love. She is a new character in this revolutionary novel. It's a vertiginous passion that goes beyond that past gloominess to reach a new and darker abyss, incest.",
    "genres" : [ {
      "id" : 10749,
      "name" : "Romance"
    }, {
      "id" : 36,
      "name" : "History"
    }, {
      "id" : 18,
      "name" : "Drama"
    } ]
  }, {
    "id" : 280641,
    "title" : "Elias på Nya Uppdrag",
    "overview" : "",
    "genres" : [ ]
  }, {
    "id" : 280646,
    "title" : "Livat I Parken",
    "overview" : "Åbackens people's park has been closed for six years, but now it is again to life. Unfortunately it is a bit easier said than done when the renovation is far from finished the day before the inauguration. The callous lady owner Eivor Stark puts all the responsibility on his awkward assistant Richard. More problems will be when the somewhat unassuming man Torsten shows up and claims to be\r rightful owner of the park. And how are the graduates photographer Harald? Will he ever his picture on the superannuated German opera star Brunhild Müller, who will do anything to\r avoid taking tons? Then one may ask what Conny Cash doing there? Has not he a lunchtime to fit, in prison? Or is there a hidden mug prey in the park? An orgy of intricacies and madness, everything collected in 1985 at Åbackens dance.",
    "genres" : [ {
      "id" : 35,
      "name" : "Comedy"
    } ]
  }, {
    "id" : 280656,
    "title" : "Byggare Bob  - Kranis, Kvällens Stjärna",
    "overview" : "",
    "genres" : [ ]
  }, {
    "id" : 280661,
    "title" : "A Bicycle Trip Through Europe",
    "overview" : "",
    "genres" : [ ]
  }, {
    "id" : 280666,
    "title" : "Bitter Coffee",
    "overview" : "Directed by Teguh Karya.",
    "genres" : [ ]
  }, {
    "id" : 280671,
    "title" : "Push / Pull / Recover",
    "overview" : "Animated meditation on motion through stillness with breath. Shot in single frames on 16mm and hand painted.",
    "genres" : [ ]
  }, {
    "id" : 280676,
    "title" : "Red Mill",
    "overview" : "Rode Molen (Red Mill) is a research into motion picture printing techniques. Starting point and inspiration for the film are the mill paintings of Piet Mondriaan, especially Rode Molen. In the film color is created by multiple exposures through different masks during printing. Depending what developing process is used the colors mix in two ways: additive or subtractive.",
    "genres" : [ ]
  }, {
    "id" : 280681,
    "title" : "Djungeldjuret Hugo - Barnsligt Enkelt",
    "overview" : "",
    "genres" : [ ]
  }, {
    "id" : 280686,
    "title" : "Alceste - Gluck",
    "overview" : "John Eliot Gardiner conducts Gluck's 1776 French version of 'Alceste' at the Theatre du Chatelet in Paris. Soprano Anne Sofie von Otter takes the title role of Alceste, Queen of Thessaly, who offers to die at the hands of the gods in place of her husband, Admete (Paul Groves), so that the people will not lose their king. Alceste is then saved from the underworld by Hercule (Dietrich Henschel).",
    "genres" : [ {
      "id" : 10402,
      "name" : "Music"
    } ]
  }, {
    "id" : 280691,
    "title" : "Alone Up There",
    "overview" : "The stand-up comedian is a special breed, both an artist and an artisan. They work by painstakingly developing a persona, scripting and editing an act, and revising it on the spot to suit the energy of a given audience. If the audience does not grasp the countless hours crafting the routine, and the empathic micro-calculations, then the act was a success... well, as long as it was funny.",
    "genres" : [ {
      "id" : 99,
      "name" : "Documentary"
    } ]
  }, {
    "id" : 280696,
    "title" : "Mozart - Cecilia Bartoli, Nikolaus Harnoncourt",
    "overview" : "Cecilia Bartoli joins Nikolaus Harnoncourt and his Concentus Musicus Wien for a concert performance recorded in Graz, Austria",
    "genres" : [ ]
  }, {
    "id" : 280701,
    "title" : "Hear Me Good",
    "overview" : "Comedy involving a beauty contest that has two pre-chosen winners; one the special girlfriend of a not too savory character, the other, the true love of the promoter.",
    "genres" : [ ]
  }, {
    "id" : 280706,
    "title" : "My Little Pony - Prinsessan som försvann",
    "overview" : "",
    "genres" : [ ]
  }, {
    "id" : 280711,
    "title" : "Knatte, Fnatte & Tjatte på Äventyr - Vol 1",
    "overview" : "",
    "genres" : [ ]
  }, {
    "id" : 280716,
    "title" : "Teen Exorcists",
    "overview" : "They are young, all-American girls who enjoy horse riding, karate and Sherlock Holmes. But there's more to Brynne, Tess and Savannah than wholesome pursuits - they're exorcists.  The girls believe much of the world's population is possessed by evil spirits which are causing addiction, depression and suffering. In a fight against the devil's army, they have been touring America performing public exorcisms on their believers.  Now they are taking the fight to a city they think of as one of the most spiritually corrupt in the world - London. But what will Brits make of these evangelical American exorcists?",
    "genres" : [ {
      "id" : 99,
      "name" : "Documentary"
    } ]
  }, {
    "id" : 280721,
    "title" : "The Bubble",
    "overview" : "The Bubble is coming out at a crucial time in American history. America needs a simple economics lesson on the coming crash. Tom Woods wrote a NY Times bestseller on the housing crash and now he has teamed up with experts such as Ron Paul, Peter Schiff, Jim Rogers, Marc Faber, David Stockman, and Doug Casey to reveal where these financial bubbles keep coming from. The Bubble features interviews with those who actually predicted the housing crisis and recession. Austrian economists have predicted every major US crash in the last century, and they are the only ones with the insight necessary to bring us out of this economic slide. This film asks them why this crisis happened, but more importantly, why do they think the next one will be a lot worse.",
    "genres" : [ {
      "id" : 99,
      "name" : "Documentary"
    }, {
      "id" : 36,
      "name" : "History"
    }, {
      "id" : 10752,
      "name" : "War"
    } ]
  }, {
    "id" : 280726,
    "title" : "Woman Buried Alive",
    "overview" : "Historical drama, based upon a novel by Alexandre Dumas.",
    "genres" : [ {
      "id" : 36,
      "name" : "History"
    }, {
      "id" : 18,
      "name" : "Drama"
    }, {
      "id" : 10749,
      "name" : "Romance"
    } ]
  }, {
    "id" : 280731,
    "title" : "Destruction Kings",
    "overview" : "Mr. Bonejack and Teen Ape reunite for one final apocalyptic showdown with the ultimate creatures of the night - Dracula, Funkenstein and The Wolfman!",
    "genres" : [ ]
  }, {
    "id" : 280736,
    "title" : "The Disappearance of Christina",
    "overview" : "Joe and Christina's marriage is in trouble when they take a sailing trip with their married best friends. On the trip, Christina vanishes and is presumed dead. Joe is suspected of her murder, but he believes Christina isn't dead at all when strange things begin to happen. Joe isn't sure whom he can trust as he discovers disturbing information about his missing wife.",
    "genres" : [ ]
  }, {
    "id" : 280741,
    "title" : "The Dogwalker",
    "overview" : "Jerry Cooper is The Dogwalker, a Tom Sawyer grown up for the nineties, who having fallen on hard times, is struggling with the reality of having to sleep in his car. When he quite literally stumbles upon an old lady and her dog, he suddenly finds himself caught up in her life and over her head in a twisted mix of class, race, age, sex, drugs, dog leashes, inheritances and contract bridge.",
    "genres" : [ ]
  }, {
    "id" : 280746,
    "title" : "Shades of Love: Echoes in Crimson",
    "overview" : "Anne, an art historian, takes a job in a prestigious big-city gallery. Soon Grant, a former lover, turns up and tries to win her back. But Anne still harbors a strong distrust of him and decides to devote herself totally to her work. At the gallery, she manages to uncover the mystery behind a murder and a smuggling plot by her boss. Grant appears in the nick of time to save her from harm's way. He also becomes her latest find and a celebrated new artist. At a showing of his work at the gallery, Grant surprises Anne with his latest work...a neon sculpture of Grouch Marx saying \"I Love You\". Anne gets the love she lost so many years ago and a new career as gallery manager. Stars Greg Evigan and Patty Talbot. Directed by Caryl J. Wickman.",
    "genres" : [ ]
  }, {
    "id" : 280751,
    "title" : "18-80 Buddy",
    "overview" : "Oat (Oil-Thana) is a musician, who accompanies his grandfather to an island to look for his long lost love. To their great dismay, they find that she has passed away. Oat's grandfather, when he was young, was too shy to ask out his true love, and she married another man. Due to bad weather, the two are unable to leave the island, and Oat winds up meeting Bow, who he believes to be his true love. But he suffers from the same shyness that his grandfather has. Before the storm ends, Oat must find the confidence he needs, or be doomed to wonder what could have been forever.",
    "genres" : [ {
      "id" : 35,
      "name" : "Comedy"
    } ]
  }, {
    "id" : 280756,
    "title" : "Trapped in 5150",
    "overview" : "Two rival street gangs clash in this urban action thriller. \"Los Locos\" and \"La 213\" are two rival gangs that have transformed the streets of Los Angeles into their own personal war zone. Leading \"Los Locos\" into battle is fearless thug Loco. On the \"La 213\" side, Riot prepares his fellow gangsters for the fight of a lifetime. When Loco's younger brother makes the mistake of venturing onto \"La 213\" territory, all hell breaks loose. Desperate to find refuge from the bloodshed, Loco escapes to an abandoned hospital with his girlfriend Mia and a group of fellow \"Los Locos.\" Meanwhile, psychotic drug dealer \"Tweaker\" comes out guns blazing, and Riot hatches a plan to take out \"Los Locos\" once and for all.",
    "genres" : [ {
      "id" : 53,
      "name" : "Thriller"
    }, {
      "id" : 28,
      "name" : "Action"
    }, {
      "id" : 80,
      "name" : "Crime"
    } ]
  }, {
    "id" : 280761,
    "title" : "Kanye West's New Testament",
    "overview" : "\"It's not that I feel like a slave, we are mentally enslaved. We're slaved to brands, a Benz symbol, we're enslaved to chains. I'm tired of hearing about brands. Let's talk about humanity and how we can help each other out as a people. Why can't we start the conversation with love? Why don't we start the conversation with God? Why don't we start the conversation with Family?\"",
    "genres" : [ ]
  }, {
    "id" : 280766,
    "title" : "Virinea",
    "overview" : "A life of a countryside woman Virineya during the October Revolution in Russia in 1917.",
    "genres" : [ {
      "id" : 18,
      "name" : "Drama"
    } ]
  }, {
    "id" : 280771,
    "title" : "Coldblooded",
    "overview" : "\"Hladnokrvno\" is a story about three friends in post-apocalyptic world. They must survive in this cold world as they confront with some unexpected enemies.",
    "genres" : [ {
      "id" : 28,
      "name" : "Action"
    }, {
      "id" : 12,
      "name" : "Adventure"
    }, {
      "id" : 18,
      "name" : "Drama"
    }, {
      "id" : 10749,
      "name" : "Romance"
    } ]
  }, {
    "id" : 280776,
    "title" : "Smile, Buttercup, Smile",
    "overview" : "The unhappily married couple head to divorce court where Toots tells a series of funny stories about Casper.",
    "genres" : [ ]
  }, {
    "id" : 280781,
    "title" : "Chemical Ko-Ko",
    "overview" : "Koko the Clown tries a mad scientist's formula on various animals.",
    "genres" : [ ]
  }, {
    "id" : 280786,
    "title" : "The Mild West",
    "overview" : "In a small town in the Old West, Lulu, a singer/saloon owner, marries Gentleman Joe after he wins her saloon in a card game. Baby Doll, Lulu's rival for Joe's affections, vows that he will steal Joe from her someday and then moves to New York. Lulu and Joe grow up (and grow old) with the town as it becomes a modern, present-day city. Baby Doll returns from New York and apparently has not aged at all. She explains that she has had a \"face lift.\" Joe follows her to New York, and Lulu follows them. In New York, she undergoes treatment at a \"beauty salon\" and regains her youth. She meets a youthful Gentleman Joe at a night club and tries to get him back.",
    "genres" : [ ]
  }, {
    "id" : 280791,
    "title" : "Cold Chisel: Vision",
    "overview" : "The Best Of Cold Chisel - Vision contains 24 classic videos along with the new video 'All For You'. Featuring original videos with remastered audio.",
    "genres" : [ {
      "id" : 10402,
      "name" : "Music"
    } ]
  }, {
    "id" : 280801,
    "title" : "O Doce Esporte do Sexo",
    "overview" : "",
    "genres" : [ ]
  }, {
    "id" : 280806,
    "title" : "Lara",
    "overview" : "",
    "genres" : [ ]
  }, {
    "id" : 280811,
    "title" : "Lady Gaga: Radio 1 Big Weekend",
    "overview" : "BBC Radio's Big Weekend is an annual festival held at different locations across the UK. The show lasted from May 14-15, 2011.Lady Gaga performed on the main stage and was quoted as \"monster avant-garde pop fantasia\".",
    "genres" : [ {
      "id" : 10402,
      "name" : "Music"
    } ]
  }, {
    "id" : 280816,
    "title" : "Mumintrollens Äventyr - Muminpappans Ungdom",
    "overview" : "",
    "genres" : [ ]
  }, {
    "id" : 280821,
    "title" : "Almanac of addresses of the ladies of Paris",
    "overview" : "During the French revolution, a young aristocrat finds in a book store an almanac which contains the prettiest and strangest protitutes living in Paris.",
    "genres" : [ {
      "id" : 35,
      "name" : "Comedy"
    } ]
  }, {
    "id" : 280831,
    "title" : "Cecelia Ahern: Zwischen Himmel und hier",
    "overview" : "",
    "genres" : [ {
      "id" : 35,
      "name" : "Comedy"
    }, {
      "id" : 10749,
      "name" : "Romance"
    }, {
      "id" : 18,
      "name" : "Drama"
    } ]
  }, {
    "id" : 280836,
    "title" : "Easily and Sweetly",
    "overview" : "It is a short story about ordinary street guys. Like many others they want to be cool. They want to love, to possess, to survive and to fulfill their ambitions. But will the night streets grant them this chance?",
    "genres" : [ ]
  }, {
    "id" : 280841,
    "title" : "Ein Tag ist schöner als der andere",
    "overview" : "",
    "genres" : [ {
      "id" : 10751,
      "name" : "Family"
    } ]
  }, {
    "id" : 280846,
    "title" : "Aadama Jaichomada",
    "overview" : "Aadama Jaichomada is a Tamil comedy film directed by Badri and produced by B&C films about corruption in cricket. The film stars Karunakaran, Bobby Simha, and Vijayalakshmi.",
    "genres" : [ {
      "id" : 35,
      "name" : "Comedy"
    } ]
  }, {
    "id" : 280851,
    "title" : "Pappali",
    "overview" : "Pappali is a 2014 Tamil language film directed by Govindamurthy. It stars Senthil Kumar and Ishara Nair in the lead roles, while Saranya Ponvannan, Singampuli and Jagan play supporting roles.",
    "genres" : [ {
      "id" : 35,
      "name" : "Comedy"
    }, {
      "id" : 10749,
      "name" : "Romance"
    } ]
  }, {
    "id" : 280856,
    "title" : "Neelakuyil",
    "overview" : "An untouchable girl is found dead with her illegitimate child, the child is adopted by a postman, a high caste Hindu. No one knows the true identity of the real father of the child, until the child real father, also an upper caste Hindu acknowledges paternity. As the story unfolds, the real father becomes agitated by guilt and anguish and then finally questions his previous actions. The film ends with the Masters own resolutions and true acceptance of his own child and self.",
    "genres" : [ {
      "id" : 18,
      "name" : "Drama"
    } ]
  }, {
    "id" : 280861,
    "title" : "Mutig in die neuen Zeiten - Im Reich der Reblaus",
    "overview" : "",
    "genres" : [ {
      "id" : 36,
      "name" : "History"
    } ]
  }, {
    "id" : 280866,
    "title" : "Kill for the Truth",
    "overview" : "In order to really see justice done, Mai (Sombat Metanee) leave his work as a lawman, and funds his activities with some thievery of his own. Many elephants serve as co-stars in the action, as he achieves supremacy in crime but cannot escape his status as a wanted man. Eventually, pursued by criminals and the police alike, he takes his wife and children to Cambodia.",
    "genres" : [ ]
  }, {
    "id" : 280871,
    "title" : "Ramanujan",
    "overview" : "A prodigious Indian mathematician has to overcome poverty and prejudices and make a mark with the help of his British mentor.",
    "genres" : [ {
      "id" : 18,
      "name" : "Drama"
    }, {
      "id" : 36,
      "name" : "History"
    } ]
  }, {
    "id" : 280876,
    "title" : "La Tête dans le sac",
    "overview" : "",
    "genres" : [ {
      "id" : 35,
      "name" : "Comedy"
    } ]
  }, {
    "id" : 280881,
    "title" : "Ettuthikkum Madhayaanai",
    "overview" : "A young man and his family move into a new town, but his cop-dad is one day, murdered by an unknown gang. Who is behind the killing and how is this connected to the murder of his childhood friend?",
    "genres" : [ ]
  }, {
    "id" : 280886,
    "title" : "WINGS: SKY FORCE HERO",
    "overview" : "When Ace (Josh Duhamel), a cocky young firefighter, defies his orders and recklessly attempts a solo mission, it results in the tragic death of Colonel (Tom Skerritt), who was forced to rescue Ace when the flames burst out of control. Crushed by guilt, Ace abandons his dream and quits the fire brigade along with Fred (Rob Schneider), his trusty co-pilot. Ace resigns himself to the dreary fate of hauling coal until one day...a fire breaks out at the mines and he is forced to overcome his fears of failure, and become the hero he was destined to be. Written by Grindstone Entertainment Group, LLC.",
    "genres" : [ ]
  }, {
    "id" : 280891,
    "title" : "Hootenanny a Go-Go",
    "overview" : "A square rich boy wants to make it with a pretty folk singer, so he buys the coffee house where she and a bunch of other beatniks perform. Features performances by The Goldebriars, The Free Wheelers, and a very young Joan Rivers doing a stand-up routine.",
    "genres" : [ ]
  }, {
    "id" : 280896,
    "title" : "Diamond Sky",
    "overview" : "When Lucy Torrance rediscovers an old arcade game from her childhood, she’ll take it home to rekindle some childhood memories. What she’ll soon come to realize is that reliving your past is no game.",
    "genres" : [ {
      "id" : 18,
      "name" : "Drama"
    } ]
  }, {
    "id" : 280901,
    "title" : "Shakespeare and Victor Hugo's Intimacies",
    "overview" : "Documentary about a lodging house, owned by Rosa Carbajal, at the corner of Shakespare and Víctor Hugo streets.",
    "genres" : [ {
      "id" : 99,
      "name" : "Documentary"
    } ]
  }, {
    "id" : 280906,
    "title" : "Erewhon",
    "overview" : "For his first feature-length film the widely exhibited New Zealand photographer Gavin Hipkins invests a richly pictorial essay with the 21st-century resonance of Samuel Butler’s lively utopian satire Erewhon, written in 1872.",
    "genres" : [ ]
  }, {
    "id" : 280911,
    "title" : "Radical Harmonies",
    "overview" : "Interviews and performance footage are used to provide an overview of the women's music scene.",
    "genres" : [ ]
  } ]
}