{
  "movies" : [ {
    "id" : 74661,
    "title" : "The Indecent Woman",
    "overview" : "A woman with a steady marriage and a little daughter, goes bezerk and enters a seducing game.",
    "genres" : [ {
      "id" : 18,
      "name" : "Drama"
    } ]
  }, {
    "id" : 74666,
    "title" : "Jaffa",
    "overview" : "In the city of Jaffa; a young girl plans to run away with her secret lover, when a tragedy forever changes the course of their lives.",
    "genres" : [ {
      "id" : 18,
      "name" : "Drama"
    } ]
  }, {
    "id" : 74676,
    "title" : "Oasis: Definitely Maybe",
    "overview" : "Where were you at the start of 1994? This was going to be the year it would all change.......it was parkas, shades, a sense of celebration....Oasis were the backing for all those lost nights in and mad nights out. Definitely Maybe was as Noel says \"what was missing in a lot of people's lives\" The Oasis Definitely Maybe DVD is a way to experience the album in a way never before possible. This is the real story behind one of the fastest selling debut albums of all time....",
    "genres" : [ {
      "id" : 10402,
      "name" : "Music"
    } ]
  }, {
    "id" : 74681,
    "title" : "Made in Jamaica",
    "overview" : "A powerful portrait of the leaders of the reggae music Movement, and how Reggae has become a worldwide phenomenon. The film showcases performances by the best Reggae and Dance Hall artists ever assembled. From their native ghetto to international fame, \"Made in Jamaica\" is the story of the artists who represent the Jamaican Dream.",
    "genres" : [ {
      "id" : 99,
      "name" : "Documentary"
    }, {
      "id" : 10402,
      "name" : "Music"
    } ]
  }, {
    "id" : 74691,
    "title" : "Raiders of the Shaolin Temple",
    "overview" : "The plot centers on Little Lu (Sonny Yu) who tends horses for the local Shaolin temple, and wants to learn skills that will help him defeat some corrupt officials who want to destroy it. He has a couple of friends (one with no arms, the other with no legs) who help him train using some bronze mechanical horses in a secret room in the temple.",
    "genres" : [ {
      "id" : 28,
      "name" : "Action"
    } ]
  }, {
    "id" : 74696,
    "title" : "Moln över Hellesta",
    "overview" : "Margareta, newly engaged with count Carl Anckarberg, visits his estate for the first time. During the visit she gets to know that his last fiancee died in a mysterious accident and she sets out to discover what really happened. Plot by Mattias Thuresson.",
    "genres" : [ {
      "id" : 9648,
      "name" : "Mystery"
    } ]
  }, {
    "id" : 74701,
    "title" : "Aimer, mûrir et trahir avec la coiffeuse",
    "overview" : "",
    "genres" : [ {
      "id" : 35,
      "name" : "Comedy"
    } ]
  }, {
    "id" : 74706,
    "title" : "Maná - MTV Unplugged",
    "overview" : "",
    "genres" : [ {
      "id" : 10402,
      "name" : "Music"
    } ]
  }, {
    "id" : 74711,
    "title" : "City Zero",
    "overview" : "An engineer in charge of the production line of a factory in Moscow is sent to a small town to try to specify the distributor the new dimensions of a mechanic part they need. But in this town everybody seems to be crazy (a secretary who works naked, a group of people take the engineer as a rock &amp; roll player, etc) and, in addition, this man is witness of a suicide, so he is trapped inside the town.",
    "genres" : [ {
      "id" : 878,
      "name" : "Science Fiction"
    }, {
      "id" : 18,
      "name" : "Drama"
    }, {
      "id" : 35,
      "name" : "Comedy"
    } ]
  }, {
    "id" : 74726,
    "title" : "Juan of the Dead",
    "overview" : "While Havana is full of zombies hungry for human flesh, official media reported that the disturbances are caused by dissidents paid by the United States. Panic seizes all until Juan comes to the rescue: he discovers he can kill the undead destroying his brain, and decides to start a small business under the slogan \"We kill your loved ones.\"",
    "genres" : [ {
      "id" : 27,
      "name" : "Horror"
    }, {
      "id" : 35,
      "name" : "Comedy"
    } ]
  }, {
    "id" : 74731,
    "title" : "Le Marrakech Du Rire",
    "overview" : "Du 8 au 12 juin 2011, a eu lieu la première édition du Festival Marrakech du rire, organisé par Jamel Debbouze. Pour cette grande manifestation, Jamel a invité ses amis du monde du sport et du spectacle. Ainsi, on retrouve, entre autres, Omar et Fred, Gad Elmaleh, Florence Foresti, Patrick Timsit ou Kev' Adams pour des sketches issus de leurs spectacles les plus célèbres. Zinedine Zidane fait une apparition très remarquée. Au coeur du Palais Badia, pendant quatre jours, se sont succédé des spectacles en français et en arabe, avec des humoristes français et marocains. Une sélection des meilleurs moments de la soirée de clôture est retransmise ce soir.",
    "genres" : [ {
      "id" : 18,
      "name" : "Drama"
    }, {
      "id" : 28,
      "name" : "Action"
    }, {
      "id" : 35,
      "name" : "Comedy"
    }, {
      "id" : 10769,
      "name" : "Foreign"
    } ]
  }, {
    "id" : 74736,
    "title" : "Neo Vault 2 - Bring It!",
    "overview" : "The follow up DVD that continued to set a precedence of high quality inspiring pole vault video! This DVD features sections guaranteed to fire you up to jump high!",
    "genres" : [ ]
  }, {
    "id" : 74741,
    "title" : "Paper Mask",
    "overview" : "A lowly hospital orderly impersonates a recently deceased doctor and goes to work in the busy ER of a small hospital where he meets and befriends a nurse who slowly figures out his secret and helps him maintain his charade.",
    "genres" : [ {
      "id" : 18,
      "name" : "Drama"
    }, {
      "id" : 53,
      "name" : "Thriller"
    } ]
  }, {
    "id" : 74746,
    "title" : "Joe Hill",
    "overview" : "In the early 1900's, the legendary Joe Hill emigrates with his brother to the United States. But after a short time, he loses touch with his brother. Joe gets a few jobs but is struck by all the injustice and tragedy going on. He becomes active in the forbidden union IWW, a union for workers without trades. It is forbidden to demonstrate and to speak in public but Joe gets around that by singing his manifests with the Salvation Army. He manages to get more and more people to get on strike with him but he also makes powerful enemies doing that. Finally he gets connected with a murder and during the trial he fires his lawyer and takes upon himself to become his own defender.",
    "genres" : [ {
      "id" : 18,
      "name" : "Drama"
    } ]
  }, {
    "id" : 74756,
    "title" : "Shinedown: Live from the Inside",
    "overview" : "Coming off a tour spanning two-and-a-half years, the rock act Shinedown presents LIVE FROM THE INSIDE, a Chris Sims-directed concert feature documenting the band's last show from their LEAVE A WHISPER tour. Taking the stage at the House of Blues in North Myrtle Beach, South Carolina, Shinedown performs hits from its debut album including \"Burning Bright,\" \"Fly From the Inside,\" \"Simple Man,\" \"45,\" and \"Stranger Inside.\"",
    "genres" : [ {
      "id" : 10402,
      "name" : "Music"
    } ]
  }, {
    "id" : 74761,
    "title" : "Shinedown: Somewhere in the Stratosphere",
    "overview" : "Somewhere In The Stratosphere Electric was filmed in Washington state on August 8th, 2010. The DVD includes a live set of wildly popular tracks off the band's platinum plus selling Sound Of Madness. Featuring the driving rock of \"Diamond Eyes (Boom-Lay Boom-Lay Boom)\", \"Second Chance\", \"Save Me\" and more the electric set of Somewhere In The Stratosphere provides a front and center look at the passion and energy that go into every Shinedown performance.",
    "genres" : [ {
      "id" : 10402,
      "name" : "Music"
    } ]
  }, {
    "id" : 74766,
    "title" : "Honoré de Marseille",
    "overview" : "",
    "genres" : [ {
      "id" : 10402,
      "name" : "Music"
    }, {
      "id" : 35,
      "name" : "Comedy"
    } ]
  }, {
    "id" : 74771,
    "title" : "Amelia",
    "overview" : "The multi-award-winning dance film Amelia (2002), directed and choreographed by Edouard Lock and performed by the acclaimed dance company La La La Human Steps, explores the use of point technique using extended intertwining solos, complex partnering sequences and extreme speed to generate powerful performances with unexpected moments of tender emotion and serenity.",
    "genres" : [ {
      "id" : 18,
      "name" : "Drama"
    } ]
  }, {
    "id" : 74776,
    "title" : "2050: How Soon Is Now?",
    "overview" : "A 2004 Pentagon report warns the US President that an abrupt climate change will take the planet earth on the brink of anarchy and nuclear war for access to basic resources like food and water. \"2050\" approaches the climate change issue from the perspective of the consequences for our civilization and the short time we have to react.",
    "genres" : [ {
      "id" : 99,
      "name" : "Documentary"
    } ]
  }, {
    "id" : 74781,
    "title" : "Bald Beavers 2",
    "overview" : ".",
    "genres" : [ ]
  }, {
    "id" : 74786,
    "title" : "The Oregon Trail",
    "overview" : "15 chapter western serial.",
    "genres" : [ {
      "id" : 28,
      "name" : "Action"
    }, {
      "id" : 37,
      "name" : "Western"
    } ]
  }, {
    "id" : 74796,
    "title" : "Mono: The Sky Remains The Same As Ever",
    "overview" : "\"The Sky Remains The Same As Ever\" is a nearly two-hour document of the recording sessions for Mono's \"You Are There\", and the several worldwide tours that followed its release.",
    "genres" : [ {
      "id" : 10402,
      "name" : "Music"
    } ]
  }, {
    "id" : 74801,
    "title" : "Maidana vs. Morales",
    "overview" : "Marcos Maidana takes on Erik Morales for the WBA Interim Super Lightweight Championship at the MGM Grand in Las Vegas Saturday, April 9, 2011.",
    "genres" : [ ]
  }, {
    "id" : 74806,
    "title" : "Neues aus der Florentiner 73",
    "overview" : "",
    "genres" : [ {
      "id" : 10770,
      "name" : "TV Movie"
    }, {
      "id" : 10749,
      "name" : "Romance"
    }, {
      "id" : 35,
      "name" : "Comedy"
    } ]
  }, {
    "id" : 74811,
    "title" : "Rum Runners",
    "overview" : "",
    "genres" : [ {
      "id" : 12,
      "name" : "Adventure"
    } ]
  }, {
    "id" : 74826,
    "title" : "The Rats Are Coming! The Werewolves Are Here!",
    "overview" : "The daughter in a family of werewolves decides to put an end to the family curse.",
    "genres" : [ {
      "id" : 27,
      "name" : "Horror"
    } ]
  }, {
    "id" : 74831,
    "title" : "The Devil's Wedding Night",
    "overview" : "The 1800s: scholarly Karl Schiller believes he's found the ring of the Nibelungen, which holds great power. It's at Castle Dracula. His twin, Franz, a gambler, asks if vampires frighten Karl; Karl shows him an Egyptian amulet, which may protect him. Franz takes the amulet and sets out ahead of his brother, arriving at the castle first. There he finds a countess who invites him to dine. Later that night, Karl arrives. Coincidently, it's the Night of the Virgin Moon, a night that falls every fifty years and draws five virgins from the surrounding village to the castle not be heard from again. Can Karl protect his brother, find the ring, and rescue any of the women?",
    "genres" : [ {
      "id" : 27,
      "name" : "Horror"
    } ]
  }, {
    "id" : 74836,
    "title" : "Idaho Transfer",
    "overview" : "A crew of young researchers escape into the future to avoid the shutdown of their project. They find that some type of 'eco-crisis' disaster has de-populated the area around their lab (in rural Idaho) and, by implication, the nation or maybe the world. Stranded in the barren future, in their travels they encounter an abandoned freight train possibly full of corpses (maybe, it isn't very clear). One of them travels further into the future and meets a family in a futuristic automobile, implying that that humankind has recovered from the disaster (or have they?)",
    "genres" : [ {
      "id" : 878,
      "name" : "Science Fiction"
    } ]
  }, {
    "id" : 74841,
    "title" : "The Queen of Trees",
    "overview" : "In Africa, the giant fig tree and the tiny fig wasp differ in size a billion times over, but neither could exist without the other. Their extraordinary relationship is a marvel of co-evolution, a marriage which has lasted for millennia. It forms the basis of a complex web of dependency that supports entire ecosystems, providing food for thousands of creatures, from elephants, giraffes, and fruit bats, to forest hornbills, monkeys, insects, and fish.",
    "genres" : [ {
      "id" : 18,
      "name" : "Drama"
    }, {
      "id" : 10769,
      "name" : "Foreign"
    } ]
  }, {
    "id" : 74856,
    "title" : "Pascha Table Dance",
    "overview" : "Experience the hottest girls of the famous Pacha nightclub in nine sexy and extravagant shows in real 3D. Beautiful dancers only for you to provide you with high-profile private dances for the living room. Enjoy the ultimate experience and tingling in true 3D, as real as if you were there! A feast for all senses! The new erotic adventure into the third dimension, as real as if you were in the midst of the action!",
    "genres" : [ ]
  }, {
    "id" : 74861,
    "title" : "The Steel Jungle",
    "overview" : "The tale of a young bookie, married to a beautiful woman who goes to jail, and becomes involved with hoodlums.",
    "genres" : [ {
      "id" : 80,
      "name" : "Crime"
    } ]
  }, {
    "id" : 74866,
    "title" : "Red Green",
    "overview" : "Outdoorsman, master of household repair, part-time philosopher, and proprietor of the Possum Lodge, Red Green (Steve Smith), celebrates the many uses of every real man's secret weapon, duct tape, in this collection of classic comic bits from The Red Green Show. Red Green: Duct Tape Virtuoso Deluxe also includes never before seen outtakes from the show in which Red shows off his mastery of the sticky gray stuff. ~ Mark Deming, Rovi",
    "genres" : [ {
      "id" : 35,
      "name" : "Comedy"
    }, {
      "id" : 10751,
      "name" : "Family"
    } ]
  }, {
    "id" : 74871,
    "title" : "One Wild Moment",
    "overview" : "Pierre, 44, contentedly divorced, takes his teen daughter to the Côte d'Azur along with his friend Jacques and Jacques' own teen daughter, Françoise. On the topless beaches of Saint-Tropez, Jacques and Pierre discuss marriage and being parents. Then, in a wild moment at a nighttime party, Françoise starts playing with Pierre, and one thing leads to another: they become lovers. After a couple of trysts, Pierre wants out, but Françoise declares her love for him and wants to tell her father about it. She does, but leaves out Pierre's name, so Jacques enlists Pierre's help in identifying who seduced his daughter. What will Pierre do?",
    "genres" : [ {
      "id" : 35,
      "name" : "Comedy"
    }, {
      "id" : 18,
      "name" : "Drama"
    }, {
      "id" : 10749,
      "name" : "Romance"
    } ]
  }, {
    "id" : 74876,
    "title" : "The Monocle's Sour Laugh",
    "overview" : "",
    "genres" : [ {
      "id" : 35,
      "name" : "Comedy"
    }, {
      "id" : 53,
      "name" : "Thriller"
    } ]
  }, {
    "id" : 74881,
    "title" : "Jim and the Pirates",
    "overview" : "Jim Olsson, eight years old, lives in a small, boring town.His father has passed away recently but comes back in Jim's fantasies to tell stories. In his daydreams Jim has all kinds of adventures.",
    "genres" : [ ]
  }, {
    "id" : 74886,
    "title" : "The Network - Disease is Punishment",
    "overview" : "Disease is Punishment is a live DVD featuring songs from The Network's first album Money Money 2020. The project, directed by John Roecker, with visuals &amp; music videos directed/produced by Roy Miles of AntiDivision, was conceptualized to be a more a film than a concert DVD, as evidenced by the collages in between songs. The bulk of the material in the film was recorded live at The Key Club in Los Angeles on November 22, 2003, with many post-production shots mixed in with the live clips. The title itself, \"Disease is Punishment,\" could be a very obscure reference to the band Devo, who the Network is heavily influenced by.",
    "genres" : [ ]
  }, {
    "id" : 74891,
    "title" : "Lone Star - Scene",
    "overview" : "The play takes place in the cluttered backyard of a small-town Texas bar. Roy, a brawny, macho type who had once been a local high-school hero, is back in town after a hitch in Vietnam and trying to reestablish his position in the community. Joined by his younger brother, Ray (who worships him), Roy sets about consuming a case of beer while regaling Ray with tales of his military and amorous exploits. Apparently Roy cherishes three things above all; his country, his sexy young wife, and his 1959 pink Thunderbird. Roy's world begins to collapse as it gradually comes out that Ray had slept with his brother's wife during his absence. Originally performed as a Two-Act play along side Laundry &amp; Bourbon, This presentation of Lonestar was used as a Directing assignment for the Los Angeles Film School. A scene was chosen and the the assignment was to test the students on Film Direction.",
    "genres" : [ {
      "id" : 18,
      "name" : "Drama"
    } ]
  }, {
    "id" : 74896,
    "title" : "The Fox",
    "overview" : "Two women who live a quiet life on a farm in rural Canada are surprised by the visit of the former tenant’s grandson.",
    "genres" : [ {
      "id" : 18,
      "name" : "Drama"
    } ]
  }, {
    "id" : 74901,
    "title" : "Durval Records",
    "overview" : "Durval and his mother Carmita live at the back of \"Durval Discos\", a record store they own in São Paulo, specializing in vinyl records. They lead a boring and unattractive life, until the day Durval hires a maid, Celia, to help his mother with the housekeeping. However, on her second day, Celia goes away leaving a 5-year-old child behind, Kiki, and a note promising to be back in a couple of days. Durval and Celia are charmed by the child at first, but soon they see some sad news about Celia and Kiki on TV that will change the whole situation. Written by",
    "genres" : [ {
      "id" : 18,
      "name" : "Drama"
    }, {
      "id" : 35,
      "name" : "Comedy"
    }, {
      "id" : 10402,
      "name" : "Music"
    }, {
      "id" : 10769,
      "name" : "Foreign"
    } ]
  }, {
    "id" : 74906,
    "title" : "Almost Illegal #1",
    "overview" : "You'll witness 100% real life footage of street fights, Girl fights, wild college parties, and lets not forget dozens of HOT college girls getting wild and crazy plus much more caught on camera footage. Hands down this is the rawest most sexiest video EVER!",
    "genres" : [ {
      "id" : 28,
      "name" : "Action"
    }, {
      "id" : 35,
      "name" : "Comedy"
    }, {
      "id" : 80,
      "name" : "Crime"
    }, {
      "id" : 99,
      "name" : "Documentary"
    }, {
      "id" : 53,
      "name" : "Thriller"
    } ]
  }, {
    "id" : 74911,
    "title" : "Step By Step",
    "overview" : "The FBI trails a young couple suspected of stealing government plans.",
    "genres" : [ {
      "id" : 80,
      "name" : "Crime"
    }, {
      "id" : 18,
      "name" : "Drama"
    }, {
      "id" : 9648,
      "name" : "Mystery"
    }, {
      "id" : 53,
      "name" : "Thriller"
    } ]
  }, {
    "id" : 74916,
    "title" : "The Number One Girl",
    "overview" : "Joey (Scheina) is a big Hollywood action star and a martial arts champ.  When he gets invited to be a celebrity judge at friend and mobster Molnar's (Jones) request he falls for Molnar's Number One Girl.  She is strictly off limits and so Joey must engage in a duel to the death with Molnar and his five bodyguards.",
    "genres" : [ {
      "id" : 28,
      "name" : "Action"
    }, {
      "id" : 18,
      "name" : "Drama"
    }, {
      "id" : 53,
      "name" : "Thriller"
    } ]
  }, {
    "id" : 74921,
    "title" : "Ajlawju",
    "overview" : "",
    "genres" : [ ]
  }, {
    "id" : 74926,
    "title" : "Agalloch - The Silence of Forgotten Landscapes",
    "overview" : "Captured live in Vosselaar, Belgium, 29th of March, 2008 Bonus features : - A 30 minute interview detailing 12 years of the band - De Regte Heide photo gallery by Veleda Thorson - Live photo gallery by Eric Maes - \"Not Unlike The Waves\" exclusive video edit",
    "genres" : [ ]
  }, {
    "id" : 74931,
    "title" : "Dolph & Wulff",
    "overview" : "",
    "genres" : [ ]
  }, {
    "id" : 74936,
    "title" : "The Beatles: Help!",
    "overview" : "30 minute documentary about the making of the film Help! with Richard Lester, the cast and crew. Includes exclusive behind the scenes footage of The Beatles on set.",
    "genres" : [ {
      "id" : 99,
      "name" : "Documentary"
    } ]
  }, {
    "id" : 74946,
    "title" : "Feast of All Saints",
    "overview" : "Set in nineteenth-century New Orleans, the story depicts the gens de couleur libre, or the Free People of Colour, a dazzling yet damned class caught between the world of white privilege and black oppression.",
    "genres" : [ {
      "id" : 10749,
      "name" : "Romance"
    }, {
      "id" : 18,
      "name" : "Drama"
    } ]
  }, {
    "id" : 74951,
    "title" : "Acrobatty Bunny",
    "overview" : "A circus is being set up just above Bugs' rabbit hole, causing much noise and vibration. The Lion cage is set up directly above the hole, and the Lion takes deep sniffs (alternatively yanking Bugs towards the hole or throwing him back) to determine that the animal below is Bugs. When the Lion (whom Bugs eventually refers to as \"Nero\") roars again, Bugs comes to the surface to see what's going on, riding an elevator that makes twists and turns. Bugs tries to reason with the lion (\"I'm the tenant downstairs, and there's entirely too much noise!\"), but soon makes a hasty escape when Nero takes a swipe at him.",
    "genres" : [ {
      "id" : 16,
      "name" : "Animation"
    }, {
      "id" : 35,
      "name" : "Comedy"
    } ]
  }, {
    "id" : 74956,
    "title" : "Chicken in the Rough",
    "overview" : "Chip 'n' Dale wander into a farmyard to collect acorns. Dale mistakes an egg for a nut, but when he tries to demonstrate to a newly hatched chick how to get back into the egg, a rooster mistakes him for one of his chicks.",
    "genres" : [ {
      "id" : 16,
      "name" : "Animation"
    }, {
      "id" : 10751,
      "name" : "Family"
    } ]
  }, {
    "id" : 74961,
    "title" : "Fast and Furry-Ous",
    "overview" : "This was the debut for Wile E. Coyote and the Road Runner. It was also their only cartoon made in the 1940s. It set the template for the series, in which Wile E. Coyote (here given the ersatz Latin name Carnivorous Vulgaris) tries to catch Roadrunner (Accelleratii Incredibus) through many traps, plans and products, although in this first cartoon not all of the products are yet made by the Acme Corporation.",
    "genres" : [ {
      "id" : 16,
      "name" : "Animation"
    } ]
  }, {
    "id" : 74966,
    "title" : "Weihnachten in Familie",
    "overview" : "",
    "genres" : [ {
      "id" : 10751,
      "name" : "Family"
    } ]
  }, {
    "id" : 74971,
    "title" : "Dangers Of The Deep",
    "overview" : "We know less about the deep floor of the ocean than the surface of the moon, yet many think it has the potential to power our planet and cure disease. Take a journey to one of our planet's final frontiers - the deep ocean trenches - to investigate the effects of intense pressure on life forms that exist under extreme conditions. Discover how life on earth may have even begun in mysterious \"black smokers\" on the ocean floor, and explore how what happens at these depths impacts our planet.",
    "genres" : [ {
      "id" : 99,
      "name" : "Documentary"
    } ]
  }, {
    "id" : 74976,
    "title" : "Living In A Parallel Universe",
    "overview" : "Parallel universes, strange hidden worlds, where an alternative reality exists have haunted science fiction for decades. Parallel universes sound like a myth, but a surprising number of leading scientists believe they are real. National Geographic delves into the mysterious science of other universes and discovers that many of physics most cherished theories actually predict that there are other universes beside our own. But what are they like? Could we ever visit them? And if we did, who or what would we meet? The reality is weirder than any science fiction.",
    "genres" : [ {
      "id" : 99,
      "name" : "Documentary"
    } ]
  }, {
    "id" : 74981,
    "title" : "Paralamas do Sucesso - Uns dias Ao Vivo",
    "overview" : "Este DVD é o registro do show, gravado em novembro de 2003, no Olympia, em São Paulo, e mostra a banda em um dos seus melhores momentos.Uns Dias Ao Vivo reune o melhor do repertório dos \"Paralamas do Sucesso\". O novo trabalho do grupo tem várias participações especiais. A faixa de trabalho \"Uns Dias\" conta com a participação especial do Frejat, \"duelando\" com Herbert em um solo de guitarra inesquecível. Dado Villa Lobos em \"Que país é este?\" e \"Soldado da Paz\", Nando Reis em \"Tendo a Lua\", Djavan em \"Lanterna dos Afogados\" e \"Uma Brasileira\", e outros astros consagrados.",
    "genres" : [ ]
  }, {
    "id" : 74986,
    "title" : "Babysitters Gone Bad",
    "overview" : "When Jonathan Morgan shoots a movie about the sexual misconduct of Babysitters, you know you're in for a sexy and comedic treat! And that's exactly what you get! These trusty tarts are ready to take on all comers in the name of making something good feel oh so bad! Cougars, boyfriends, and doubting dads all get a taste what sex is like when these Babysitters Go Bad!",
    "genres" : [ {
      "id" : 35,
      "name" : "Comedy"
    } ]
  }, {
    "id" : 74991,
    "title" : "Big Butt TV",
    "overview" : "Plant your big butts in front of your TV and watch these big butts show off their talents. Britney Stevens, Brooke Haven, Crista Moore, Zoe Britton, and more will suck and fuck for your viewing pleasure.",
    "genres" : [ ]
  }, {
    "id" : 74996,
    "title" : "The Rainbow Jacket",
    "overview" : "A champion jockey is banned from racing so spends his time helping a young lad to become the next champion.",
    "genres" : [ {
      "id" : 18,
      "name" : "Drama"
    } ]
  }, {
    "id" : 75001,
    "title" : "Mollo tutto",
    "overview" : "",
    "genres" : [ {
      "id" : 35,
      "name" : "Comedy"
    } ]
  }, {
    "id" : 75006,
    "title" : "Moby Dick",
    "overview" : "A mysterious explosion occurs at the Balam Bridge in Seoul on November 20th, 1994. In front of hot-blooded local news reporter Lee Bang-Woo, Yoon Hyeok appears. Yoon Hyeok is from the same hometown as Lee Bang-Woo, but they haven't seen each other in a long time. Yoon Hyeok hands over documents to Lee Bang-Woo and hints that the case of the Balam Bridge was fabricated. In order to uncover the truth behind the case, Lee Bang-Woo teams up with fellow reporters Son Jin-gi and Seong Hyo-gwan. While they dig further for the truth, they come within the cross hairs of men intent on covering up the case. Their office is broken into and they are threatened. Meanwhile, Yoon Hyeok holds the key to case ...",
    "genres" : [ {
      "id" : 27,
      "name" : "Horror"
    }, {
      "id" : 28,
      "name" : "Action"
    }, {
      "id" : 53,
      "name" : "Thriller"
    } ]
  }, {
    "id" : 75011,
    "title" : "How I Unleashed World War II Part I: The Escape",
    "overview" : "How I Unleashed World War II is a story of a Polish soldier Franciszek Dolas, who - as a result of comical coincidences - is convinced that he started the Second World War. Trying to redeem himself at all costs, he constantly gets into new trouble. In doing so, he finds himself on different war fronts (Yugoslavia, Mediterranean Sea, Near East, Italy) and eventually returns to Poland.",
    "genres" : [ {
      "id" : 35,
      "name" : "Comedy"
    }, {
      "id" : 10769,
      "name" : "Foreign"
    }, {
      "id" : 10752,
      "name" : "War"
    }, {
      "id" : 12,
      "name" : "Adventure"
    } ]
  }, {
    "id" : 75016,
    "title" : "Textiles",
    "overview" : "Sophie and Olivier are a young married couple who work in Paris as bakers. Out of the blue, they decide to buy a summer house on the seaside, but without actually seing it. When Sophie, along with her two kids, arrives first on the premices, she discovers that they have bought a house located in the midst of a nudist camp...",
    "genres" : [ {
      "id" : 35,
      "name" : "Comedy"
    }, {
      "id" : 18,
      "name" : "Drama"
    } ]
  }, {
    "id" : 75026,
    "title" : "Secluded, Near Woods",
    "overview" : "The Lavicka's, a Czech family from the city, rents a house in the country with the option to buy. However, old Mr Komarek seems reluctant to sell the house as they agreed.",
    "genres" : [ {
      "id" : 35,
      "name" : "Comedy"
    } ]
  }, {
    "id" : 75031,
    "title" : "The Playaz Court",
    "overview" : "The courts of Englewood are as far removed from the hollowed halls of justice as a street ball player can imagine, but when a pickup game ends in death, the quest for revenge proves that even on the street there's a code of honor. Reggie's best friend is dead, and the pain of his loss leads the hardened player on a quest to ensure that the killer pays for his crime. Upon tracking the killer to a gym, Reggie enters, gun in hand and ready to avenge his friend's death. As the other players declare that no one will die on their court without a fair trial, they listen to both sides of the story to determine if justice will be served with a bullet, or whether the suspected killer will live to play another game.",
    "genres" : [ {
      "id" : 18,
      "name" : "Drama"
    }, {
      "id" : 28,
      "name" : "Action"
    } ]
  }, {
    "id" : 75036,
    "title" : "Sunrise Earth: Great Barrier Reef",
    "overview" : "Sunrise over Australia's Great Barrier Reef.",
    "genres" : [ {
      "id" : 99,
      "name" : "Documentary"
    } ]
  }, {
    "id" : 75041,
    "title" : "Harland Williams: What a Treat",
    "overview" : "Comedian Harland Williams is known for hilarious standup routines that feature everyman-style observations about a variety of subjects ranging from dating to the Pillsbury Dough Boy. This program captures Williams in his own standup concert specia filmed in front of an appreciative audience at L.A.'s El Rey Theatre.",
    "genres" : [ {
      "id" : 35,
      "name" : "Comedy"
    } ]
  }, {
    "id" : 75046,
    "title" : "Battle Hymn",
    "overview" : "Battle Hymn was inspired by the true story of American minister Dean Hess, played here with rare sensitivity by Rock Hudson. A bomber pilot during World War II, Hess inadvertently releases a bomb which destroys a German orphanage. Tortured by guilt, Hess relocates in Korea after the war to offer his services as a missionary. Combining the best elements of Christianity and Eastern spiritualism, Hess establishes a large home for orphans. The preacher's efforts are threatened when the Korean \"police action\" breaks out in 1950. Battle Hymn was one of several collaborations between Rock Hudson and director Douglas Sirk--though Sirk felt that Robert Stack would have been better suited to the role of Rev. Hess.",
    "genres" : [ {
      "id" : 18,
      "name" : "Drama"
    } ]
  }, {
    "id" : 75051,
    "title" : "Amnesia",
    "overview" : "An amnesiac might be a key figure in Detective Mackenzie Stone's search for his own wife, who disappeared five years ago.",
    "genres" : [ {
      "id" : 53,
      "name" : "Thriller"
    }, {
      "id" : 10769,
      "name" : "Foreign"
    } ]
  }, {
    "id" : 75056,
    "title" : "Hard Hat Harry Trains Helicopters",
    "overview" : "Join lovable genie Hard Hat Harry as he goes behind the scenes to explore trains and helicopters in this two-episode volume of the award-winning children's series. Harry hosts this live-action educational program that takes kids behind the scenes and teaches them how things work. These two episodes feature fascinating footage of vintage steam locomotives, high-speed bullet trains, Superliners and more.",
    "genres" : [ ]
  }, {
    "id" : 75061,
    "title" : "Celtic Thunder: Storm",
    "overview" : "In this concert, Keith, Paul, George, Ryan, Damien and Neil perform the following songs: 1. Storm Overture / 2. New Day Dawning / 3. Outside Looking In / 4. When You Are 18 / 5. Life In The Old Dog Yet / 6. Not The One / 7. Stand and Deliver / 8. The Highwayman / 9. Lagan Love / 10. Midnight Well / 11. Shadows Dancing / 12. Harry's Game / 13. Tender Is The Night / 14. This Was My Life / 15. Look At Me / 16. Hail The Hero (Mo Ghile Mear)",
    "genres" : [ {
      "id" : 10402,
      "name" : "Music"
    } ]
  }, {
    "id" : 75066,
    "title" : "The President",
    "overview" : "",
    "genres" : [ {
      "id" : 18,
      "name" : "Drama"
    }, {
      "id" : 9648,
      "name" : "Mystery"
    }, {
      "id" : 53,
      "name" : "Thriller"
    } ]
  }, {
    "id" : 75071,
    "title" : "Big Wet Asses 19",
    "overview" : "Big Wet Asses, the winner of AVN's coveted Best Anal Themed Series award for 2006, 2007, &amp; 2008, is back! Elegant Angel is delighted to announce that porn superstar Ally Kay, stars in her 1st anal scene. This is the 19th edition of the critically acclaimed series, alongside another stellar assemblage of voluptuous superstars. Kagney Linn Karter and Briella Bounce share their second anal scene. To complete this scorching release we have Liza Del Sierra and Ava Addams, Do not miss!",
    "genres" : [ ]
  }, {
    "id" : 75076,
    "title" : "Boys",
    "overview" : "The story centers on six youngsters, who experience the downfalls of teenage life. The film conveys a message about the importance of a good education and career over other distractions, such as romance and sex.",
    "genres" : [ {
      "id" : 18,
      "name" : "Drama"
    }, {
      "id" : 35,
      "name" : "Comedy"
    }, {
      "id" : 10749,
      "name" : "Romance"
    }, {
      "id" : 10769,
      "name" : "Foreign"
    } ]
  }, {
    "id" : 75081,
    "title" : "Rewind",
    "overview" : "Karen, a recovering addict, has settled into a successful new life with her husband and young daughter. When Karl, an old boyfriend recently released from prison, turns up unexpectedly, Karen's buried past comes back to haunt her. Karen is forced to go on a road trip and confront a world she thought she'd escaped from if she is to protect her family and her future.",
    "genres" : [ {
      "id" : 53,
      "name" : "Thriller"
    } ]
  }, {
    "id" : 75086,
    "title" : "The Unholy Four",
    "overview" : "A young man who has lost his memory, escapes from prison with three other convicts. The other men help him find back bits of his past, until they arrive at a village where two warring families recognize him. Apparently he has a reputation for being a fast gun, and he has been paid to kill a man - who says he is his father. His younger brother is jealous of the attention the prodigal son receives, and things come to a dramatic end.",
    "genres" : [ {
      "id" : 37,
      "name" : "Western"
    } ]
  }, {
    "id" : 75091,
    "title" : "Louis Armstrong: Satchmo",
    "overview" : "Satchmo. Theer are few people in this country - or around the world - who will not recognize that name. Louis Armstrong embodied twentieth-century American culture. He revolutionized the world of music and became one of the nation's most influential entertainers. No other performer of his era has such a profound effect as a singer as well as an instrumentalist.",
    "genres" : [ ]
  }, {
    "id" : 75101,
    "title" : "Red Victoria",
    "overview" : "A writer is forced to write a horror movie by an undead muse who motivates him by killing his friends and family.",
    "genres" : [ {
      "id" : 35,
      "name" : "Comedy"
    }, {
      "id" : 27,
      "name" : "Horror"
    } ]
  }, {
    "id" : 75106,
    "title" : "Sprookjesboom 8 - Magische momenten",
    "overview" : "",
    "genres" : [ ]
  }, {
    "id" : 75116,
    "title" : "Birds of Prey",
    "overview" : "Harry Walker, a former military pilot, works as a helicopter pilot and traffic reporter for a Salt Lake City radio station. One day while working he observes a bank robbery in progress and the kidnapping of a young woman who worked at the bank. Harry goes into pursuit which leads to an exciting conclusion.",
    "genres" : [ {
      "id" : 28,
      "name" : "Action"
    }, {
      "id" : 53,
      "name" : "Thriller"
    }, {
      "id" : 10770,
      "name" : "TV Movie"
    } ]
  }, {
    "id" : 75121,
    "title" : "Pet Peeve",
    "overview" : "The couple that owns Tom and Spike decides they can't afford to keep both. They agree that the first one to catch the mouse can stay - bad news for Jerry, until both Tom and Spike cause a bit too much destruction and both get thrown out. This was the first Tom and Jerry cartoon to be released in CinemaScope and the second to be produced in the format (the first was Touché, Pussy Cat!, released a month later), which widened the cinema screen to a more expansive aspect ratio to compete against the growing popularity of television. The CinemaScope process required thicker and more defined ink lines around the characters, giving them a slightly more \"modern\" and less detailed appearance. The cartoon is also the first to feature an owner of the house that is not Mammy Two Shoes, the African-American maid voiced by Lillian Randolph from the first cartoon Puss Gets the Boot (1940) up to and including 1952's Push-Button Kitty. Instead, Mammy was replaced with a white married couple.",
    "genres" : [ {
      "id" : 35,
      "name" : "Comedy"
    }, {
      "id" : 16,
      "name" : "Animation"
    } ]
  }, {
    "id" : 75126,
    "title" : "It's Great to be Young!",
    "overview" : "IT’S GREAT TO A YOUNG stars John Mills as Dingle an easygoing high school teacher. When autocratic new headmaster Frome (Cecil Parker) begins imposing all sorts of repressive rules, Dingle does his best to stand up for his students, only to be dismissed for his troubles. The kids conspire to not only reinstate their favourite teacher, but to circumvent Frome's refusal to purchase new instruments for an upcoming music festival.",
    "genres" : [ {
      "id" : 10402,
      "name" : "Music"
    }, {
      "id" : 35,
      "name" : "Comedy"
    } ]
  }, {
    "id" : 75131,
    "title" : "Standing Sideways",
    "overview" : "This season, take a seat and watch Standing Sideways - the latest film release from Burton Snowboards.  Featuring (in no particular order): Terje Haakonsen, Jussi Oksanen, Jeremy Jones, Danny Davis, Mikey Rencz, Keegan Valaika, Mikkel Bang, Kazu Kokubo, Mark Sollors, Zak Hale, Mark McMorris, Ethan Deiss, Alex Andrews, Stephan Maurer, Charles Reid and Jack Mitrani.",
    "genres" : [ {
      "id" : 35,
      "name" : "Comedy"
    }, {
      "id" : 10749,
      "name" : "Romance"
    } ]
  }, {
    "id" : 75136,
    "title" : "Sharpe's Gold",
    "overview" : "Sharpe is sent on a mission to exchange rifles for deserters with a strange band of Spanish guerillas. He also has to chaperone two women looking for their missing husband.",
    "genres" : [ ]
  }, {
    "id" : 75141,
    "title" : "Huckleberry Finn",
    "overview" : "One of Mark Twain's best-loved stories becomes a screen musical in this family-friendly adaptation. Mischievous Huckleberry Finn (Jeff East) is a 15-year-old boy who has long had a difficult relationship with his often violent father. When Dad tried to kidnap him, Huck decides to run away from home, and heads out of town on a raft. Huck is soon joined by Jim (Paul Winfield), a runaway slave who is no more eager to see his master than Huck is to see his father. As the two friends make their way down the Mississippi, they're faced with a variety of challenges and adventures, including a run-in with a pair of shabby but dignified actors, The King (Harvey Korman) and The Duke (David Wayne). Produced in association with Reader's Digest magazine, which in 1973, scored a box-office hit with a musical version of Twain's Tom Sawyer, Huckleberry Finn featured original songs by Richard M. Sherman and Robert B. Sherman, who also wrote the songs for a handful of Disney hits, including Mary Poppins.",
    "genres" : [ {
      "id" : 10402,
      "name" : "Music"
    }, {
      "id" : 10751,
      "name" : "Family"
    } ]
  }, {
    "id" : 75146,
    "title" : "Sharpe's Justice",
    "overview" : "Napoleon has been exiled to Elba, the English have returned from the wars, and Major Richard Sharpe finds himself in a sort of exile to lead a company of Yorkshire Yeomen. His duties include protecting mill owners from restless workers who are on the verge of strike or outright revolt. Meanwhile, Sharpe's faithless wife and her lover fall within range of Sharpe's wrath. Sharpe, with his two of his devoted Chosen Men nearby, must decide whether to continue to protect the mill owners or to take the side of their fiercely downtrodden workers.",
    "genres" : [ {
      "id" : 28,
      "name" : "Action"
    }, {
      "id" : 12,
      "name" : "Adventure"
    }, {
      "id" : 36,
      "name" : "History"
    }, {
      "id" : 10752,
      "name" : "War"
    } ]
  }, {
    "id" : 75151,
    "title" : "Big Bad Love",
    "overview" : "Vietnam veteran Leon Barlow is struggling as a writer, and his personal life isn't much better. His unsympathetic ex-wife Marilyn doesn't approve of his visits with his two children, and he has problems with alcohol. Yet even when Leon manages to catch up on alimony and child support payments, things in his life seem to decline further, until a sudden tragedy catches him off guard.",
    "genres" : [ {
      "id" : 18,
      "name" : "Drama"
    }, {
      "id" : 35,
      "name" : "Comedy"
    } ]
  }, {
    "id" : 75156,
    "title" : "WWE Divas: Desert Heat",
    "overview" : "Grab your shades and a cooler, we're goin' to the desert! All the WWE Divas are here: Torrie Wilson, Trish Stratus, Stacy Keibler, Ivory, Jazz, Dawn Marie, Molly, Terri, Victoria, Jacqueline &amp; Nidia. The Divas brave the Western desert and strip down to this side of naked for fun and adventure. Join the Divas as they go four-wheeling, do some river rafting, visit a ghost town &amp; a film studio. You'll agree, we didn't need to go to the desert to make them hot. They came that way!",
    "genres" : [ {
      "id" : 99,
      "name" : "Documentary"
    }, {
      "id" : 28,
      "name" : "Action"
    } ]
  }, {
    "id" : 75161,
    "title" : "WWF Divas: Tropical Pleasure",
    "overview" : "Run off to the sand, sun and warm waters of the Bahamas! See Ivory, Jacqueline, Lita, Sara, Sharmell, Sullivan, Stacy Keibler, Terri, Torrie Wilson and Trish Stratus like you've never seen them before... the titillation will astound you. Find out why tropical breezes can't cool down these sultry sirens! Gasp in awe at the incredible hotness of these World Wrestling...",
    "genres" : [ {
      "id" : 99,
      "name" : "Documentary"
    } ]
  }, {
    "id" : 75181,
    "title" : "Crazy n' the City",
    "overview" : "Tensions arise when Jack Chan, a spineless constable who regards his work as a job but not a career, is partnered with an energetic and conscientious policewoman, Man Liu. When a serial killer emerges in Hong Kong, Man Liu swears to catch him. Jack is impressed by her bravery and decides to secretly protect her.",
    "genres" : [ {
      "id" : 18,
      "name" : "Drama"
    }, {
      "id" : 35,
      "name" : "Comedy"
    } ]
  }, {
    "id" : 75186,
    "title" : "Niels Hausgaard: Hvad Munden Er Fuld Af",
    "overview" : "",
    "genres" : [ {
      "id" : 35,
      "name" : "Comedy"
    }, {
      "id" : 10402,
      "name" : "Music"
    } ]
  }, {
    "id" : 75191,
    "title" : "Morlocks",
    "overview" : "Ferocious humanoid creatures from the future come back to the present to devour humans.",
    "genres" : [ {
      "id" : 27,
      "name" : "Horror"
    }, {
      "id" : 878,
      "name" : "Science Fiction"
    } ]
  }, {
    "id" : 75196,
    "title" : "Bottoms up in Brazil",
    "overview" : "Grab your passport as director Jonathan Morgan takes us back to Brazil for more hot, anal sex! Bikini clad babes, anal escapades, intense boy/girl action. It's all here in an all sex extravaganza! Check your bags as we go Bottoms Up In Brazil!",
    "genres" : [ ]
  }, {
    "id" : 75201,
    "title" : "Bermuda-Dreieck Nordsee",
    "overview" : "",
    "genres" : [ {
      "id" : 53,
      "name" : "Thriller"
    }, {
      "id" : 10770,
      "name" : "TV Movie"
    }, {
      "id" : 28,
      "name" : "Action"
    } ]
  }, {
    "id" : 75206,
    "title" : "Houseboat Horror",
    "overview" : "A rowdy rock group are accompanied by a film crew to desolate Lake Infinity to produce a music video. One night the musicians visit the local pub while the various members of the film crew satisfy their carnal desires with one another aboard the luxurious houseboat they are all staying in. They are so busy they fail to notice that a rampaging lunatic has snuck aboard the boat, and one by one the various characters are brutally slaughtered in a variety of grisly ways.",
    "genres" : [ {
      "id" : 27,
      "name" : "Horror"
    }, {
      "id" : 10769,
      "name" : "Foreign"
    } ]
  }, {
    "id" : 75211,
    "title" : "Countdown: The Sky's on Fire",
    "overview" : "The ozone is depleted and as a result of this all sorts things are happening like lethal insects flying around. A scientist tries to warn everybody about this but no one seems to believe him. When his predictions come true they now turn to him for help.",
    "genres" : [ {
      "id" : 878,
      "name" : "Science Fiction"
    } ]
  }, {
    "id" : 75221,
    "title" : "Schumann - Symphony No. 4 – Piano Concerto",
    "overview" : "No Verão de 2006, a incomparável Martha Argerich apresentou todo o programa de Schumann em homenagem ao aniversário do grande compositor romântico . Gravado ao vivo no início de Junho de 2006 na Gewandhaus de Leipzig, o programa composto por obras favoritas para piano e orquestra, incluindo o Concerto para Piano em Lá menor, a Sinfonia N º 4, trechos de “Kinderszenen”, juntamente com obras de Schumann, em orquestrações por compositores famosos como Tchaikovsky e Ravel. O lendário pianista argentino foi acompanhada pela Leipzig Gewandhausorchester com o seu novo “Kapellmeister” Riccardo Chailly. Martha Argerich tem sido saudada como pianistas singularmente imaginativas e ela é definitivamente a pessoa certa para honrar Schumann no aniversário da sua morte há 150 anos, como ela é especialmente conhecida por suas interpretações do repertório do século 19.",
    "genres" : [ ]
  }, {
    "id" : 75226,
    "title" : "Buy A Bride",
    "overview" : "Nikki Benz is Maria, a naughty maid taking care of the lonely bachelor, Tommy Gunn. They live secretly fantasizing about each other. Tommy’s friend turns him on to an internet site where he can buy a sexy European bride, Angel Dark, to worship and satisfy his every need. But when the beautiful girl he orders turns into a salacious sex machine fucking everyone she can, Maria exposes Angel for the whore she is, saving Tommy from marrying the wrong woman. Tommy shows naughty Nikki his horny gratitude by fucking her into ecstasy",
    "genres" : [ {
      "id" : 18,
      "name" : "Drama"
    }, {
      "id" : 10749,
      "name" : "Romance"
    } ]
  }, {
    "id" : 75231,
    "title" : "Big Breast Nurses 6",
    "overview" : "Hospital rules won't allow a patient to have his own private nurse until doctors find out that Rebeca is not there for medical reasons.  Nurse Rachel has a soft spot for a patient that's really down on his luck. Lucky for him, she's about to lift his spirits to new found heights.  The Doctor needs a huge favor from Jazy and she's not too pleased. Lucky for her, a good deed goes a long, long way.  During surgery the doctor finds that Nurse Sarah is completely useless and wants to know how she graduated from nursing school.  Nurse Yurizan's past is catching up with her and she desperately wants to make sure no one else finds out her secrets.",
    "genres" : [ {
      "id" : 35,
      "name" : "Comedy"
    } ]
  }, {
    "id" : 75236,
    "title" : "Todas contra Jonh",
    "overview" : "uma menina faz um cara se apaixonar por ela . elas e as amigas tentam destruir o coracão desse cara.",
    "genres" : [ ]
  }, {
    "id" : 75251,
    "title" : "National Geographic: Through the Lens",
    "overview" : "National Geographic holds court in the pantheon of magazine journalism for many reasons, the biggest of which is its breathtaking photography. But what makes a picture perfect? What goes into its creation? By taking ten stills and examining the work that goes on behind the lens, this documentary lets you into the world of professional photography and shows you the glamour, grit and guts that go into capturing some of history's best moments.",
    "genres" : [ {
      "id" : 99,
      "name" : "Documentary"
    }, {
      "id" : 10751,
      "name" : "Family"
    } ]
  }, {
    "id" : 75256,
    "title" : "Martial Arts Master Wong Fei Hung",
    "overview" : "Wong Fei Hung, as a young man, was impetuous and irresponsible. But the death of this father and the beginnings of the legal British opium trade force him to grow up fast. Also, a challenger from Japan arrives......",
    "genres" : [ {
      "id" : 28,
      "name" : "Action"
    } ]
  } ]
}