{
  "movies" : [ {
    "id" : 190641,
    "title" : "The Martyred Presidents",
    "overview" : "This film is difficult to classify. It opens on a scene showing a mourner with bowed head sitting in front of what appears to be a tombstone. Shortly afterwards, the face of Abraham Lincoln and then of two other presidents, Garfield and McKinley, can be seen on the monument and then they disappear. There is a figure huddled at the foot of a statue of Justice, as if asking forgiveness.",
    "genres" : [ ]
  }, {
    "id" : 190646,
    "title" : "Tram Ride Into Halifax",
    "overview" : "Tram Ride.",
    "genres" : [ ]
  }, {
    "id" : 190651,
    "title" : "The Little Match Seller",
    "overview" : "A short melodrama based on Hans Christian Andersen's harrowing tale. A poor little girl tries to sell matchsticks in the freezing December cold. She lights matches for some light and warmth. There are visions: a fireplace, dinner, a Christmas tree. She sees her dead mother, welcoming her.",
    "genres" : [ {
      "id" : 18,
      "name" : "Drama"
    } ]
  }, {
    "id" : 190656,
    "title" : "Sheffield United v Bury",
    "overview" : "Sheffield United v Bury",
    "genres" : [ ]
  }, {
    "id" : 190661,
    "title" : "Brink",
    "overview" : "One final confession for Jeremy, before all is lost.",
    "genres" : [ {
      "id" : 18,
      "name" : "Drama"
    }, {
      "id" : 878,
      "name" : "Science Fiction"
    } ]
  }, {
    "id" : 190671,
    "title" : "Scene on Lower Broadway",
    "overview" : "A busy street scene on Lower Broadway,",
    "genres" : [ ]
  }, {
    "id" : 190676,
    "title" : "The Interrupted Bathers",
    "overview" : "Three girls are taking a bath in a quiet, shady spot along a beautiful stream. Another young lady in bathing attire reclines on the bank. The latter suddenly discovers two hoboes coming toward the bathers and immediately gives the alarm. They throw water over the hoboes, who gather up the clothes of the fair bathers and make off, compelling the bathers to walk home in barrels. In order to conceal themselves as much as possible they hold the barrels rather high.",
    "genres" : [ {
      "id" : 80,
      "name" : "Crime"
    }, {
      "id" : 35,
      "name" : "Comedy"
    } ]
  }, {
    "id" : 190681,
    "title" : "The Piano Tuner",
    "overview" : "Adrien is a young pianist prodigy. He collapsed psychologically having failed in a renowned competition and henceforth works as a piano tuner. As remedy to this life, he invents a blind person's mask to penetrate into the intimacy of his customers. This subtlety allows Adrien to get back the taste for music. But since he sees things he should not see, Adrien ends up witnessing a murder.",
    "genres" : [ {
      "id" : 18,
      "name" : "Drama"
    }, {
      "id" : 53,
      "name" : "Thriller"
    } ]
  }, {
    "id" : 190686,
    "title" : "Shine 'Em Up",
    "overview" : "Paul's career as a shoeshine man is interrupted when he is mistaken for an escaped convict, but after the Station Master gives him a job at the train station he proves his worth.",
    "genres" : [ {
      "id" : 35,
      "name" : "Comedy"
    } ]
  }, {
    "id" : 190691,
    "title" : "What Happened in the Tunnel",
    "overview" : "A woman riding a train must contend with the unwelcome advances of a male passenger.",
    "genres" : [ {
      "id" : 35,
      "name" : "Comedy"
    } ]
  }, {
    "id" : 190701,
    "title" : "At the Foot of the Flatiron",
    "overview" : "It's a very windy day, and the pedestrians passing by the Flatiron Building are having considerable difficulty in keeping their hats from flying off.",
    "genres" : [ ]
  }, {
    "id" : 190711,
    "title" : "Street Car Chivalry",
    "overview" : "Men on the streetcar offer their seats to pretty women, but not to an ugly woman.",
    "genres" : [ ]
  }, {
    "id" : 190716,
    "title" : "Maniac Chase",
    "overview" : "A “madman” escapes prison and the torments of his warders.",
    "genres" : [ {
      "id" : 35,
      "name" : "Comedy"
    }, {
      "id" : 53,
      "name" : "Thriller"
    } ]
  }, {
    "id" : 190721,
    "title" : "Panoramic View, Aisle B, Westinghouse Works",
    "overview" : "Panoramic View, Aisle B, Westinghouse Works",
    "genres" : [ ]
  }, {
    "id" : 190726,
    "title" : "Audley Range School, Blackburn",
    "overview" : "Audley Range School, Blackburn",
    "genres" : [ ]
  }, {
    "id" : 190731,
    "title" : "Dog Factory",
    "overview" : "A brief vaudeville-style demonstration of a \"Dog Transformator,\" a machine that instantly turns dogs into sausages, and amazingly, sausages back into dogs.",
    "genres" : [ {
      "id" : 35,
      "name" : "Comedy"
    } ]
  }, {
    "id" : 190736,
    "title" : "Panorama Exterior Westinghouse Works",
    "overview" : "The view from a moving train shows some of the Westinghouse interests and the surrounding areas.",
    "genres" : [ ]
  }, {
    "id" : 190746,
    "title" : "Kri Kri domestico",
    "overview" : "Kri-Kri fools his friend by pretending to be him in the mirror.",
    "genres" : [ ]
  }, {
    "id" : 190751,
    "title" : "Tater Tomater",
    "overview" : "Tater Tomater is the story of a cafeteria worker, Doris, who, over the course of a hectic day, begins to lose control. Being forced to say the same thing over and over again, she begins rhyming words and her co-workers don't quite know how to react.",
    "genres" : [ ]
  }, {
    "id" : 190756,
    "title" : "The Flats",
    "overview" : "The Flats tells a cautionary tale of friendship and desire played out among a group of 20-somethings transitioning into adulthood. Main character Harper and his buddies make the most of their freedom prior to an impending court-ordered jail sentence. Things get even more serious when Harper and his best friend's girlfriend, Paige, begin a sobering relationship.",
    "genres" : [ ]
  }, {
    "id" : 190766,
    "title" : "Hot Times",
    "overview" : "Wild sex romp loosely based on Archie Comics characters",
    "genres" : [ {
      "id" : 35,
      "name" : "Comedy"
    } ]
  }, {
    "id" : 190771,
    "title" : "Between the Acts",
    "overview" : "Larry working behind the scenes at a vaudeville show and mess things up.",
    "genres" : [ ]
  }, {
    "id" : 190776,
    "title" : "Blood of Havana",
    "overview" : "Shot on a Digital Harinezumi, the film features a disturbing and monstrous character walking the streets of Havana to meet people. The reading of a poetic, funny and false prophecy about communism and a new revolution coincides with a minimal and repetitive soundtrack.",
    "genres" : [ ]
  }, {
    "id" : 190781,
    "title" : "Turtle Hill, Brooklyn",
    "overview" : "TURTLE HILL, BROOKLYN is a funny, sincere, slice of life about a couple just trying to figure it out. Mateo and Will invite their friends over for Will's 30th birthday. After a few surprise visitors, they get through the day, but realize that doubting your partner isn't nearly as scary as doubting yourself.",
    "genres" : [ ]
  }, {
    "id" : 190806,
    "title" : "We Are 18 Years Old",
    "overview" : "Comedy about the surreal holiday of two teenage Spanish girls, where they meet a bizarre assortment of villains and new friends.",
    "genres" : [ {
      "id" : 35,
      "name" : "Comedy"
    } ]
  }, {
    "id" : 190821,
    "title" : "Exodus: Live in Bochum",
    "overview" : "01. The Last Act Of Defiance (1:53)  02. Fabulous Disaster (6:00)  03. Corruption (11:05)  04. Chemi-Kill (16:47)",
    "genres" : [ ]
  }, {
    "id" : 190826,
    "title" : "Slayer: French Connection",
    "overview" : "Disciple\r God Send Death\r War Ensemble\r Haunting The Chapel/The Antichrist\r Stain Of Mind\r Threshold\r Dead Skin Mask\r Criminally Insane\r Mandatory Suicide\r Hell Awaits\r South Of Heaven\r Angel Of Death\r Postmortem\r Raining Blood",
    "genres" : [ ]
  }, {
    "id" : 190851,
    "title" : "Les Apaches",
    "overview" : "While thousands of tourists invade the beaches, camping grounds and clubs, five teenagers from Porto Vecchio hang out. One evening one of them leads the others to an unoccupied luxury villa. They spend the night there. Before they leave, they steal some objects of no value and two prize rifles. When the house owner arrives from Paris, she complains about the theft to a small local boss she knows…",
    "genres" : [ {
      "id" : 18,
      "name" : "Drama"
    } ]
  }, {
    "id" : 190856,
    "title" : "Enoch Arden: Part I",
    "overview" : "Enoch Arden, a humble fisherman, marries Annie Lee. He signs on as a sailor to make more money to support their growing family. A storm wrecks his ship, but Enoch swims to a deserted island. Annie waits vainly for his return.",
    "genres" : [ ]
  }, {
    "id" : 190861,
    "title" : "Raisin' Trouble",
    "overview" : "This silent comedy short stars Jack Cooper--not to be confused with the child actor, Jackie Cooper. Cooper and his friend are making a batch of homemade beer--something illegal during the days of Prohibition. However, the bottles are poorly made so Jack has to get some more. Later, after the new bottles arrive, the cops come to the door.",
    "genres" : [ ]
  }, {
    "id" : 190866,
    "title" : "Red Hot Chili Peppers: [2001] Rock In Rio",
    "overview" : "Around The World  You're Gonna Get Yours [Public Enemy]  Give It Away  Hello, Hello, I'm Back Again (John) [Gary Glitter]  Scar Tissue  Suck My Kiss  If You Have To Ask  Otherside  I Just Want Some Skank/Beverly Hills (medley) [Circle Jerks]  Emit Remmus  Pea  I Could Have Lied  I Like Dirt  Californication  Right On Time  Under The Bridge  Me And My Friends  Soul To Squeeze  Search And Destroy [Iggy And The Stooges]  Final Jam",
    "genres" : [ ]
  }, {
    "id" : 190876,
    "title" : "The Auction",
    "overview" : "Gaby owns a farm on which he raises lambs: Bouchard &amp; Sons Farm. But he has no sons. Rather, he has two daughters that he raised like princesses and who live far away, in the big city. One day, the oldest asks him for some financial support so she doesn't end up losing her house...",
    "genres" : [ {
      "id" : 18,
      "name" : "Drama"
    } ]
  }, {
    "id" : 190896,
    "title" : "Nugget Jim's Pardner",
    "overview" : "Nugget Jim's pardner (Borzage), is an easy-come-easy-go character, an heirling who has worn through the last of pater's patience, eaten through his allowance of allowances. Off he pops, after one last drunken hurrah, to makes his living way out west. He teams up with a prospector and his daughter and they develop a happy family situation.",
    "genres" : [ {
      "id" : 37,
      "name" : "Western"
    } ]
  }, {
    "id" : 190901,
    "title" : "Salvo",
    "overview" : "A hitman for the Sicilian Mafia, Salvo is solitary, cold and ruthless. When he sneaks into a house to eliminate a man, he discovers Rita, a young blind girl who powerlessly stands by while her brother is assassinated. Salvo tries to close those disturbing eyes, staring at him yet unseeing. Something impossible happens. Rita's eyes see for the first time. Salvo decides to spare her life. From then on, these two beings, both haunted by the world they belong to, are linked together forever.",
    "genres" : [ {
      "id" : 18,
      "name" : "Drama"
    }, {
      "id" : 80,
      "name" : "Crime"
    }, {
      "id" : 10749,
      "name" : "Romance"
    } ]
  }, {
    "id" : 190906,
    "title" : "The Dark Tower",
    "overview" : "While working at a circus, a man (Herbert Lom) hypnotizes a trapezist to kill her partner.",
    "genres" : [ {
      "id" : 18,
      "name" : "Drama"
    }, {
      "id" : 53,
      "name" : "Thriller"
    } ]
  }, {
    "id" : 190911,
    "title" : "Rosamunde Pilcher: Der Himmel über Cornwall",
    "overview" : "",
    "genres" : [ {
      "id" : 10749,
      "name" : "Romance"
    } ]
  }, {
    "id" : 190916,
    "title" : "Spring Fever",
    "overview" : "Two girls competing in a tennis match suddenly decide to spend 24 hours doing every wild and crazy thing they ever dreamed of. The girls' wacky escapade ends up producing unexpected results.",
    "genres" : [ {
      "id" : 35,
      "name" : "Comedy"
    }, {
      "id" : 18,
      "name" : "Drama"
    } ]
  }, {
    "id" : 190921,
    "title" : "Angkor: Cambodia Express",
    "overview" : "In a tale of drama and adventure, young journalist Andy Cameron (Robert Walker) has to get into Cambodia (it is assumed this is during the genocidal reign of Pol Pot). Cameron has to smuggle out his girlfriend Mieng (Nit Alisa) before she is killed (along with the other two million Cambodians), but he cannot manage this alone. He enlists the aid of an American Vietnam vet and the help of a few Khmer men. Eventually, Cameron makes his way into Cambodia where he encounters many dangers, some human and some inhuman.",
    "genres" : [ {
      "id" : 28,
      "name" : "Action"
    }, {
      "id" : 18,
      "name" : "Drama"
    }, {
      "id" : 10752,
      "name" : "War"
    } ]
  }, {
    "id" : 190926,
    "title" : "The Sweetest Sound",
    "overview" : "Alan Berliner uses the internet to track down 12 men who share his surname, and invites them over for dinner in New York.",
    "genres" : [ ]
  }, {
    "id" : 190931,
    "title" : "The Most Valuable Wife",
    "overview" : "A romantic comedy by Yasuzo Masumura",
    "genres" : [ ]
  }, {
    "id" : 190946,
    "title" : "Curb Dance",
    "overview" : "A man dances on curbs.",
    "genres" : [ ]
  }, {
    "id" : 190956,
    "title" : "Drama in a Gypsy Camp Near Moscow",
    "overview" : "Two gypsy lovers sneak away from camp at night. The man proposes, the woman refuses. He then murders her with a knife. The body is immediately discovered. The distraught man then leaps off a cliff to the rocks below.",
    "genres" : [ {
      "id" : 10749,
      "name" : "Romance"
    }, {
      "id" : 18,
      "name" : "Drama"
    }, {
      "id" : 80,
      "name" : "Crime"
    } ]
  }, {
    "id" : 190971,
    "title" : "A Woman's Testament",
    "overview" : "The first story concerns an attractive young woman who works in a Tokyo nightclub. Her plan for a solid financial future has a double whammy. She is investing in a company on the one hand, and on the other, taking action to snare the son of the company's owner in matrimonial bliss. In the second story, a beautiful young woman is employed by an unscrupulous real estate agent to convince male clients to invest in worthless property. A scrub in the tub usually does the trick. The last story is about a widowed geisha who has no real financial worries and when she falls in love with a forger, she opts to wait for him after he is sent to prison, rather than follow societal or family dictates.",
    "genres" : [ ]
  }, {
    "id" : 190976,
    "title" : "Nazi Underworld: Hitler's Henchman",
    "overview" : "Heinrich Himmler: SS national leader, chief of police, minister of the interior, and commander-in-chief Hitlers most powerful disciple remains an enigma even today. Why was he interested in the occult? What role did his mysterious lover play, with whom he led a double-life with for years? And was Himmler rather than Hitler responsible for ordering the mass murder of Jews? This film investigates new insights into this decisive question and seeks to unravel the mystery surrounding the person Heinrich Himmler.",
    "genres" : [ {
      "id" : 99,
      "name" : "Documentary"
    } ]
  }, {
    "id" : 190991,
    "title" : "ECW Anarchy Rulz 2000",
    "overview" : "Anarchy Rulz 2000 took place on October 1, 2000 from the Roy Wilkins Auditorium in Saint Paul, Minnesota.",
    "genres" : [ ]
  }, {
    "id" : 191006,
    "title" : "ECW Massacre on 34th Street",
    "overview" : "ECW Massacre on 34th Street was a professional wrestling pay-per-view from Extreme Championship Wrestling (ECW), and was the second to last pay-per-view from ECW before the promotion ceased. It took place on December 3, 2000, from the Hammerstein Ballroom in New York City.",
    "genres" : [ ]
  }, {
    "id" : 191011,
    "title" : "ECW November to Remember 2000",
    "overview" : "November to Remember 2000 took place on November 5, 2000 from the Odeum Expo Center in Villa Park, Illinois.",
    "genres" : [ ]
  }, {
    "id" : 191021,
    "title" : "The Adventures of Juan Quin Quin",
    "overview" : "The metamorphoses of Juan Quin Quin, in turns bullfighter, guerrilla fighter and sacristan.",
    "genres" : [ {
      "id" : 35,
      "name" : "Comedy"
    }, {
      "id" : 10769,
      "name" : "Foreign"
    } ]
  }, {
    "id" : 191036,
    "title" : "Proof of Lies",
    "overview" : "A scientist researches the genetic cause of addictive behavior.",
    "genres" : [ {
      "id" : 18,
      "name" : "Drama"
    }, {
      "id" : 53,
      "name" : "Thriller"
    } ]
  }, {
    "id" : 191041,
    "title" : "Dressed",
    "overview" : "DRESSED is the inspiring story of Laos-American fashion designer, Nary Manivong, who defied a broken childhood and homelessness in Columbus Ohio, to follow his dream of chowing his collection at New York's Fashion Week and launching his brand.",
    "genres" : [ ]
  }, {
    "id" : 191051,
    "title" : "Madman",
    "overview" : "Killing as many commies as he can is the goal of a hatred consumed private in the Israeli Army. The memory of his torture in a Russian mental hospital has driven him to revenge. Persuading his friends and lovers to join him in his quest, he sets out on a mission of blood and vengeance. Sigourney Weaver stars as the brave woman who must love and trust a madman.",
    "genres" : [ {
      "id" : 18,
      "name" : "Drama"
    }, {
      "id" : 10752,
      "name" : "War"
    } ]
  }, {
    "id" : 191056,
    "title" : "One Woman or Two",
    "overview" : "An ad executive impersonates an archeology professor to avoid a situation with an obsessed former lover. She enlists the help of a hapless archeologist who is at the airport to pick the real archeology professor. What follows is a series of conflicting and comical situations involving the \"switcheroo.\"",
    "genres" : [ {
      "id" : 35,
      "name" : "Comedy"
    } ]
  }, {
    "id" : 191066,
    "title" : "Mystery Of The Necronomicon",
    "overview" : "Plagued by a string of gruesome occult murders, the inhabitants of an isolated resort turn to one another for comfort. But each hides a shameful past and forbidden desires. Now, a private detective must overturn every secret to fight the evil that stalks them all! This OVA is split into four episodes. Inspired by H.P. Lovecraft's The Book of the Dead.",
    "genres" : [ ]
  }, {
    "id" : 191081,
    "title" : "The Woman God Forgot",
    "overview" : "",
    "genres" : [ {
      "id" : 10749,
      "name" : "Romance"
    }, {
      "id" : 36,
      "name" : "History"
    } ]
  }, {
    "id" : 191086,
    "title" : "Skinned Alive",
    "overview" : "In the heart of New York City, men are dying in very violent ways. They are being torn up and ripped apart...and eaten. The only connection is that they all die after hiring a prostitute. And searching for love in this city is Jeffrey...Jeffrey is a sad and lonely man. He hates his job, he hates his life and all he wants is a woman to shower with love and affection. Socially awkward and fearing rejection, Jeffrey finds his companionship with hookers. In a bizarre twist of fate, Jeffrey hires this hooker and almost instantly they fall madly in love. Now he has to find out just how much he is willing to accept in the name of true love...She is feeding on the men of New York City...and there is a lunatic that is hunting her down...and caught in the middle is Jeffrey, who only wanted to love and be loved.",
    "genres" : [ {
      "id" : 27,
      "name" : "Horror"
    } ]
  }, {
    "id" : 191091,
    "title" : "The Battle",
    "overview" : "Union soldiers march off to battle amid cheering crowds. After the battle turns against the Union Army, one soldier runs away, hiding in his girlfriend's house. Ashamed of his cowardice, he finds his courage and crosses enemy lines to bring help to his trapped comrades.",
    "genres" : [ {
      "id" : 18,
      "name" : "Drama"
    }, {
      "id" : 10752,
      "name" : "War"
    }, {
      "id" : 36,
      "name" : "History"
    } ]
  }, {
    "id" : 191096,
    "title" : "The Green Van",
    "overview" : "It is 1920. After three years of the Russian Civil War, communist government is finally established in Odessa. Young Alyosha Patrikeyv, who dreams of being a detective like Sherlock Holmes, joins the newly forming Odessa Criminal Police. He is assigned to fight illegal booz production in a small village of Severinovka. When he goes on a chase after a horse thief Krasavchik, Alyosha finds himself up against Cherven - the most dangerous criminal in Odessa.",
    "genres" : [ {
      "id" : 12,
      "name" : "Adventure"
    }, {
      "id" : 35,
      "name" : "Comedy"
    }, {
      "id" : 18,
      "name" : "Drama"
    } ]
  }, {
    "id" : 191101,
    "title" : "The Hurried Man",
    "overview" : "Art collector Pierre Niox (Alain Delon) rushes through life, lives a frantic life, does everything in full speed -- searching for and acquiring works of art or real estate, marrying or even dying  -- and in total disregard for any kind of morality. His misdeeds finally turn on him and destroy him.",
    "genres" : [ {
      "id" : 18,
      "name" : "Drama"
    } ]
  }, {
    "id" : 191106,
    "title" : "Maiorul Mura",
    "overview" : "A certain village nobleman Amédée dies, leaving a substantial legacy, but there is a matrimonial clause. The first of two men (who do not know each other) who will marry will receive the inheritance of one million.",
    "genres" : [ ]
  }, {
    "id" : 191111,
    "title" : "Keine Angst",
    "overview" : "",
    "genres" : [ {
      "id" : 18,
      "name" : "Drama"
    } ]
  }, {
    "id" : 191121,
    "title" : "Raanjhanaa",
    "overview" : "A small-town boy needs to break through the class divide to gain acceptance from his childhood sweetheart who is in love with big city ideals.",
    "genres" : [ {
      "id" : 18,
      "name" : "Drama"
    }, {
      "id" : 10749,
      "name" : "Romance"
    } ]
  }, {
    "id" : 191126,
    "title" : "Forces Of Nature",
    "overview" : "Witness the awesome power and the unimaginable destruction of explosive volcanoes, ground-buckling earthquakes, and deadly tornadoes as you head into the field with scientists who risk their lives exploring the origins and behaviors of these fearsome natural disasters.",
    "genres" : [ {
      "id" : 99,
      "name" : "Documentary"
    } ]
  }, {
    "id" : 191141,
    "title" : "Maciste",
    "overview" : "A young girl, pursued by a band of conspirators, hides in a movie theatre where she watches the film Cabiria. She determines to seek the aid of that film's strongman, Maciste. When she locates him, he helps her overcome her enemies, but not without many thrilling and dangerous adventures.",
    "genres" : [ {
      "id" : 12,
      "name" : "Adventure"
    }, {
      "id" : 35,
      "name" : "Comedy"
    } ]
  }, {
    "id" : 191146,
    "title" : "Matab sena'y",
    "overview" : "",
    "genres" : [ {
      "id" : 35,
      "name" : "Comedy"
    } ]
  }, {
    "id" : 191151,
    "title" : "Dummies",
    "overview" : "A young man is part of a traveling medicine show owned by an elderly \"professor\" and his beautiful daughter. His job is to keep the audience entertained with his ventriloquist's act (which includes a monkey) while the professor hawks his patent medicines. One day the show's receipts are stolen by a gang of thieves, and in order to impress the professor's daughter, the young sets out to catch the crooks and retrieve the money.",
    "genres" : [ ]
  }, {
    "id" : 191166,
    "title" : "10 Man Cum Slam 3",
    "overview" : "Doing Her Mother Proud  Corina Taylor is from Arkansas. When she was a teenager, her mother taught her how to give a blowjob using a banana. Isn't that special? Mom is very proud that her daughter is going to be swallowing the sperm of 10 strange men today. She can't wait to see this tape. That's right, Corina sends her tapes home to her mom and step-dad. They love watching their pride &amp; joy service dick for a living. Call us old-fashioned, but in this day and age it's refreshing to find a close knit family that enjoys sharing with each other!",
    "genres" : [ ]
  }, {
    "id" : 191186,
    "title" : "The Living Idol",
    "overview" : "An archaeologist believes a Mexican woman is the reincarnation of an Aztec princess.",
    "genres" : [ {
      "id" : 18,
      "name" : "Drama"
    }, {
      "id" : 12,
      "name" : "Adventure"
    } ]
  }, {
    "id" : 191191,
    "title" : "TNA One Night Only: Jokers Wild",
    "overview" : "24 men compete in a tournament for $100,000. It was made up of tag team matches in which the partners were randomly drawn in a lottery and a team had to work together to advance to the main event Battle Royal, with the grand prize of US$100,000. It took place on January 12, 2013 from the Impact Wrestling Zone in Orlando, Florida and airs on PPV on May 3, 2013.",
    "genres" : [ ]
  }, {
    "id" : 191201,
    "title" : "Broncho Billy's Sentence",
    "overview" : "Billy commits a robbery but a preacher inspires him to have a change of heart.",
    "genres" : [ ]
  }, {
    "id" : 191216,
    "title" : "The Adventures of Adenoid",
    "overview" : "It's love among the mice in this very elaborate Paul Terry-Aesops fable silent. There are some nice absurdities to keep it interesting, both in the social assumptions --you can tell the rich mouse, not only because he drives a car, but because he wears a top hat, while the poor mouse (who is, I would guess, Adenoid) wears a straw hat -- and in the venue: the rich mouse takes the lady mouse to a nightclub in a large fish, where an octopus is a one-man band; she is kidnapped by a fish in a fedora and subsequently rescued by the poor mouse.",
    "genres" : [ ]
  }, {
    "id" : 191231,
    "title" : "Sol",
    "overview" : "A group of students are sent to a faraway planet to participate in an annual competition between schools.  Unfortunately, once there they discover that things have gone awry.  Most of them don't survive the transport, and those that do find themselves stranded on a hostile alien world.",
    "genres" : [ {
      "id" : 878,
      "name" : "Science Fiction"
    } ]
  }, {
    "id" : 191256,
    "title" : "UFC on FX: Belfort vs. Rockhold",
    "overview" : "UFC on FX: Belfort vs. Rockhold (also known as UFC on FX 8) is an mixed martial arts event held on May 18, 2013 at the Arena Jaraguá in Jaraguá do Sul, Brazil.",
    "genres" : [ ]
  }, {
    "id" : 191271,
    "title" : "Dead Fucking Last",
    "overview" : "",
    "genres" : [ {
      "id" : 35,
      "name" : "Comedy"
    }, {
      "id" : 18,
      "name" : "Drama"
    } ]
  }, {
    "id" : 191281,
    "title" : "A Dozen Socks",
    "overview" : "A poor sap tries to impress his girl by fighting the great boxing champion Jack Dempsey.",
    "genres" : [ ]
  }, {
    "id" : 191301,
    "title" : "Kilink: Strip and Kill",
    "overview" : "Kilink is between 2 rival gangs and manages to turn one against the other. All of them are after a precious microfilm and a big foreign treasure. Kilink proves to be the most perfect Fantomas of them all, changing disguises more often than he changes socks. At the same time, it's raining gorgeous ladies all over the place. Most of them rivals....All of them falling for him or off balconies, pushed by him. In a brilliant sequence, he punches a treacherous pussycat, strangles her with his bare hands and chucks her off a balcony. The film features the classic torture-the-tied-woman scenes. In one of them, even a snake is used for a quicker confession. Endless shootouts, car chases, murders, beat ups and plot twists make this sequel one of the best Turkish auctioneers ever.",
    "genres" : [ {
      "id" : 12,
      "name" : "Adventure"
    }, {
      "id" : 80,
      "name" : "Crime"
    }, {
      "id" : 878,
      "name" : "Science Fiction"
    } ]
  }, {
    "id" : 191306,
    "title" : "Rossini! Rossini!",
    "overview" : "",
    "genres" : [ ]
  }, {
    "id" : 191356,
    "title" : "Today",
    "overview" : "",
    "genres" : [ {
      "id" : 18,
      "name" : "Drama"
    } ]
  }, {
    "id" : 191366,
    "title" : "Born Wild",
    "overview" : "A small Arizona town is plagued by violence created from the tension between Anglo and Mexican-American youths. Tony (Tom Nardini) is the idealistic new kid in school who tries to alleviate long-time tensions between the rival factions. The Mexican gang is led by Paco (Zooey Hall), a hot-tempered youth with good reason to resent some of his Caucasian counterparts due to past prejudices. Bruce (David Macklin) is the leader of the white gang. Patty McCormack and Joanna Frank are the female interests who become victims of the gang struggles. Tony, formerly from San Diego, attempts to change the attitudes of the polarized and violent groups. Simms (Russ Bender) is a bigoted educator who fans the flames of hate, and Wilson (Arthur Peterson) is the school principal who is helpless to stop the violence between the two factions.",
    "genres" : [ ]
  }, {
    "id" : 191371,
    "title" : "Stop the Bitch Campaign",
    "overview" : "A man humiliates teenage prostitutes to get them off the streets. Black comedy based on a Japanese manga.",
    "genres" : [ {
      "id" : 28,
      "name" : "Action"
    }, {
      "id" : 18,
      "name" : "Drama"
    } ]
  }, {
    "id" : 191376,
    "title" : "Barbosa",
    "overview" : "A frustrated man travels back in time in order to change the outcome of the soccer game that forever changed his life.",
    "genres" : [ {
      "id" : 878,
      "name" : "Science Fiction"
    } ]
  }, {
    "id" : 191381,
    "title" : "The Informer",
    "overview" : "Working class Irishmen Lars Hanson (as Gypo Nolan) and Carl Harbord (as Francis McPhillipp) are members of an anti-establishment \"Party\", where politics is punctuated with gunfire. While maintaining a friendship with his comrade, Mr. Hanson is obviously interested in Mr. Harbord's fickle moll, the lovely Lya de Putti (as Katie Fox). After Harbord kills the local police chief (during a gunfight) he is driven underground; leaving Ms. de Putti free to hook up with Hanson. Then, when Harbord surfaces to visit his mother, Hanson suspects he is seeing de Putti. So, Hanson becomes \"The Informer\", hounded by detective Warwick Ward (as Dan Gallagher).",
    "genres" : [ {
      "id" : 18,
      "name" : "Drama"
    } ]
  }, {
    "id" : 191386,
    "title" : "House of the Damned",
    "overview" : "A couple inherits a mansion, but when they move in they discover that it is haunted by the murderous spirits of people who have died there.",
    "genres" : [ {
      "id" : 27,
      "name" : "Horror"
    }, {
      "id" : 9648,
      "name" : "Mystery"
    } ]
  }, {
    "id" : 191391,
    "title" : "Teeth of Love",
    "overview" : "”A grand drama about love and self-sacrifice in the shadow of politically conservative China, on a search for its new identity after the Mao regime.” (From the 2007 Stockholm Film Festival catalogue.)",
    "genres" : [ {
      "id" : 18,
      "name" : "Drama"
    } ]
  }, {
    "id" : 191401,
    "title" : "Arabian Tights",
    "overview" : "Charley and his buddies are captured and imprisoned by an Arabian sultan.",
    "genres" : [ {
      "id" : 35,
      "name" : "Comedy"
    } ]
  }, {
    "id" : 191406,
    "title" : "Anaparastasis: Life & Work of Jani Christou",
    "overview" : "Even though today he remains a great stranger, Jani Christou (1926-1970) stands among the greatest figures of the 20th century music avant-garde. His work is characterized by a rare uniformity and consistency, regarding not only the pioneering means which he introduced in the world of sounds and the innovatory music systems, but also his own philosophical universe which runs through and inspires his compositions: the myth, the transcendent, the mysticism, the primordial, the ritual, the unapproachable, the panic, the hysteria... With Christou's early death in a tragic accident, on his birthday, in January 8th 1970, the world of contemporary music lost one of the most thrilling and provocative talents.  The documentary attempts to illustrate the personality and the spirit of this great thinker of art and follow the path of his short life, which has always been interwoven with art and his meaning of offering to humanity and civilization.",
    "genres" : [ {
      "id" : 10402,
      "name" : "Music"
    }, {
      "id" : 99,
      "name" : "Documentary"
    } ]
  }, {
    "id" : 191421,
    "title" : "So Young",
    "overview" : "In the brink of the 90s, 18-year-old Zheng Wei steps into her university life with a hopeful heart for love. She forms a great friendship with her roommates and united as a group, they embark on their university life together. Wei meets Chen Hao-Zheng in a chance encounter, and despite initial reluctance, Chen accepts Wei as his girlfriend and the two become inseparable.  Four years of university life pass and Wei looks forward to establishing a life together with Chen. However, Chen is forced into an impossible decision to leave Wei. Devastated, Wei decides to start afresh. A decade later, Wei’s previous lovers Lin and Chen both find their way back into her life and she has to make a choice of her next step in life.",
    "genres" : [ {
      "id" : 10749,
      "name" : "Romance"
    }, {
      "id" : 18,
      "name" : "Drama"
    } ]
  }, {
    "id" : 191431,
    "title" : "Black Hole",
    "overview" : "Shortfilm directed by Rupert Sanders based on the comic book by Charles Burns",
    "genres" : [ ]
  }, {
    "id" : 191436,
    "title" : "The Painter and the Thief",
    "overview" : "Milo Thomas, a failed artist recently made homeless due to a recent split with his girlfriend, and Anastasia Mak, a spirited woman turned to thievery and pickpocketing after exile from her family's oil empire. Both are lost and alone and terribly self-involved, but when Milo hitch-hikes a lift in Anna's stolen car they quickly strike up an entertaining and most unusual friendship…",
    "genres" : [ ]
  }, {
    "id" : 191441,
    "title" : "Sleazy Dizzy",
    "overview" : "A common thief and an employee of a Hong Kong stock company try to help an amnesia-plagued undercover cop to regain his memory and locate the whereabouts of the 50 million dollars cash used in a drug deal. In the meantime, they try to avoid becoming victims of the crime-lord that was responsible for embezzling 50 million dollars out of the stock company.",
    "genres" : [ {
      "id" : 35,
      "name" : "Comedy"
    }, {
      "id" : 10769,
      "name" : "Foreign"
    } ]
  }, {
    "id" : 191446,
    "title" : "The Buddha Assassinator",
    "overview" : "A young and unworldly kung fu student is now the student of an evil teacher, the villainous Manchu Lord Tsoi. The young impressionable man soon learns that his choice has made him a villain to his own family and people.",
    "genres" : [ {
      "id" : 28,
      "name" : "Action"
    }, {
      "id" : 10769,
      "name" : "Foreign"
    } ]
  }, {
    "id" : 191456,
    "title" : "Mergulho",
    "overview" : "",
    "genres" : [ ]
  }, {
    "id" : 191461,
    "title" : "Moulin Rouge",
    "overview" : "An odd and tightly directed tale of a singer/dancer at the Moulin Rouge, who meets her daughter's fiance, only to have him fall obsessively in love with her and she with him. Alienation, betrayal and near tragedy result.",
    "genres" : [ {
      "id" : 10402,
      "name" : "Music"
    }, {
      "id" : 18,
      "name" : "Drama"
    } ]
  }, {
    "id" : 191471,
    "title" : "Black Sheep",
    "overview" : "On an ocean liner crossing a professional gambler comes to the aid of a naive young man victimized by a jewel thief. The young man turns out to be his son he's not seen since infancy.",
    "genres" : [ {
      "id" : 18,
      "name" : "Drama"
    } ]
  }, {
    "id" : 191476,
    "title" : "42 One Dream Rush",
    "overview" : "An omnibus of 42 short films by auteur directors based on Dreams.",
    "genres" : [ {
      "id" : 14,
      "name" : "Fantasy"
    } ]
  }, {
    "id" : 191486,
    "title" : "Поезд вне расписания",
    "overview" : "",
    "genres" : [ ]
  }, {
    "id" : 191511,
    "title" : "星砂の島のちいさな天使　~マーメイドスマイル~",
    "overview" : "",
    "genres" : [ {
      "id" : 18,
      "name" : "Drama"
    } ]
  }, {
    "id" : 191521,
    "title" : "American Commune",
    "overview" : "In 1970, hundreds of hippies followed Stephen Gaskin on a journey from San Francisco to Tennessee, where they founded a legendary commune known as the Farm. Within this self-sustaining society based on non-violence, vegetarianism and respect for the earth, members willingly took a vow of poverty, lived in converted buses, grew their own food and home-delivered babies. Born and raised in this alternative community, filmmakers and sisters Rena and Nadine return for the first time since leaving in 1985. Finally ready to face the past after years of hiding their upbringing, they chart the rise and fall of America’s largest utopian socialist experiment and their own family tree. The nascent idealism of a community destroyed, in part, by its own success is reflected in the personal story of a family unit split apart by differences. American Commune finds inspiration in failure, humour in deprivation and, most surprisingly, that communal values are alive and well in the next generation.",
    "genres" : [ ]
  }, {
    "id" : 191531,
    "title" : "Legend of the Mountain",
    "overview" : "A scholar, tasked to copy a sutra, meets with a mysterious old lady and her daughter in the mountains.",
    "genres" : [ {
      "id" : 27,
      "name" : "Horror"
    }, {
      "id" : 12,
      "name" : "Adventure"
    }, {
      "id" : 9648,
      "name" : "Mystery"
    }, {
      "id" : 28,
      "name" : "Action"
    } ]
  }, {
    "id" : 191536,
    "title" : "In the Shadow of Death",
    "overview" : "A group of men go under-ice fishing, but find themselves trapped on a piece of ice, that has broken off. As they are drifting through the sea, the tension between them rises.",
    "genres" : [ {
      "id" : 18,
      "name" : "Drama"
    }, {
      "id" : 12,
      "name" : "Adventure"
    } ]
  }, {
    "id" : 191546,
    "title" : "Manivathoorile Aayiram Sivarathrikal",
    "overview" : "13 year old Vineetha and her father, Dr. Vinayachandran goes to visit her grandfather John Samuel in Ooty on the death anniversary of Veena's mother Neena who died in a tragic accident. The movie flashes back to when Vinay meets Neena at a Church Service and falls in love.",
    "genres" : [ {
      "id" : 18,
      "name" : "Drama"
    }, {
      "id" : 10749,
      "name" : "Romance"
    } ]
  } ]
}