{
  "movies" : [ {
    "id" : 38121,
    "title" : "Stevie Wonder: Live At Last",
    "overview" : "LIVE AT LAST was filmed at the O2 in the London during 'A Wonder Summer's Night' tour in 2008, his first tour in over a decade which sold over 120, 000 tickets in the UK alone. The track list traces a lifetime of innovation and accomplishment stretching from Wonder's teens with \"My Cherie Amour\" and \"Signed, Sealed, Delivered I'm Yours\" as well as iconic hits that redefined pop and R&amp;B music, including \"Superstition,\" \"Higher Ground,\" \"Living For the City,\" \"You Are the Sunshine of My Life\" and \"I Wish,\" while reaching into his classic albums for such enduring fan favorites as \"All I Do,\" \"Overjoyed\" and \"Knocks Me Off My Feet...\"",
    "genres" : [ {
      "id" : 10402,
      "name" : "Music"
    } ]
  }, {
    "id" : 38126,
    "title" : "Return of the Fly",
    "overview" : "Fifteen years after his father's experiments with matter transmission fail, Philippe Delambre and his uncle François attempt to create a matter transmission device on their own. However, their experiments have disastrous results, turning Philippe into a horrible half-man, half-fly creature.",
    "genres" : [ {
      "id" : 18,
      "name" : "Drama"
    }, {
      "id" : 27,
      "name" : "Horror"
    }, {
      "id" : 878,
      "name" : "Science Fiction"
    } ]
  }, {
    "id" : 38131,
    "title" : "Those Who Whisper",
    "overview" : "Anna a teacher with alcohol related problems wakes up one morning in her house and finds a dead 16-year old boy on her bedroom floor. She have no clue how he got there but soon convinces herself she caused his death and is imprisoned for the murder. Her brother Tommy refuses to believe she is guilty and starts to investigate the case.",
    "genres" : [ {
      "id" : 18,
      "name" : "Drama"
    }, {
      "id" : 53,
      "name" : "Thriller"
    } ]
  }, {
    "id" : 38136,
    "title" : "The End",
    "overview" : "The End is a skateboarding video by Birdhouse Skateboards. Some of the skaters incorporated a short story into their video parts. These stories include Rick McCrank looking for a job, Steve Berra being killed by an unknown attacker, Andrew Reynolds hanging out with a monkey, Heath Kirchart and Jeremy Klein's rampaging mayhem in the city and Bucky Lasek taking down Tony Hawk so that he can become the number one skateboarder.",
    "genres" : [ {
      "id" : 35,
      "name" : "Comedy"
    }, {
      "id" : 99,
      "name" : "Documentary"
    } ]
  }, {
    "id" : 38141,
    "title" : "World Gone Wild",
    "overview" : "In the nuclear ravaged wasteland of Earth 2087 water is as precious as life itself. The isolated Lost Wells outpost survived the holocaust and the inhabitants guard the source of their existence. Now an evil cult of renegades want control of their valuable water supply. And the villagers are no match for such brute military force. Only one man can help the stricken community - a mercenary living in a distance cannibal city. But even he, and his strange henchmen, may not be able to survive in the world gone wild.",
    "genres" : [ {
      "id" : 28,
      "name" : "Action"
    }, {
      "id" : 878,
      "name" : "Science Fiction"
    } ]
  }, {
    "id" : 38146,
    "title" : "Thomas Hartmann: Hartmann 3",
    "overview" : "I februar 2006 var én af Danmarks mest produktive komikere, Thomas Hartmann, på turné med sit tredje one man show ”Hartmann 3”. Showet, hvori Hartmann viste en ny side af sig selv. Mere afslappet, mindre vred, mere behagelig og mindst lige så sjov.Ord-ekvilibristen Thomas Hartmann elsker de skæve betragtninger og legen med sproget, hvilket også er gået hen og blevet ét af hans unikke kendetegn. Dette understreges til fulde på denne stemningsfyldte DVD, som blev optaget i Falconer Salen med et mere end veloplagt publikum.",
    "genres" : [ {
      "id" : 35,
      "name" : "Comedy"
    } ]
  }, {
    "id" : 38151,
    "title" : "It Started in Naples",
    "overview" : "Mike Hamilton, a Philadelphia lawyer, comes to Naples to settle the estate of his long estranged \"black sheep\" brother. Once there, he discovers that the deceased has left an 8 year old boy who is being raised by Michael's sister-in-law Lucia Curcio. To make matters worse, Lucia happens to be a sexy nightclub dancer.",
    "genres" : [ {
      "id" : 35,
      "name" : "Comedy"
    }, {
      "id" : 10749,
      "name" : "Romance"
    } ]
  }, {
    "id" : 38156,
    "title" : "The Big I Am",
    "overview" : "A cruel twist of fate catapults small time crook Mickey Skinner into the big league, as head of a brutal London gang poised on the brink of a lucrative human-trafficking deal.",
    "genres" : [ {
      "id" : 53,
      "name" : "Thriller"
    }, {
      "id" : 80,
      "name" : "Crime"
    }, {
      "id" : 18,
      "name" : "Drama"
    } ]
  }, {
    "id" : 38166,
    "title" : "The Stranger",
    "overview" : "Pro wrestling legend Steve Austin stars as a man with no name, no memory and absolutely nothing left to lose. But when he finds himself hunted by both the FBI and the Russian mob, this amnesiac decides to fight back. Pursuit cannot stop him. Torture will not break him. And with every beating, bullet and betrayal, he’ll remember another piece of the horror that took away his career, his family and his identity. Now the puzzle is nearly complete, and one man is about to take back his past…by ending a whole lot of futures. Erica Cerra (“Eureka”) and Adam Beach (Flags of Our Fathers) star in this explosive action-thriller about collateral damage, stone cold vengeance, and a double-crossed killing machine known only as The Stranger",
    "genres" : [ {
      "id" : 28,
      "name" : "Action"
    }, {
      "id" : 53,
      "name" : "Thriller"
    } ]
  }, {
    "id" : 38171,
    "title" : "Anastasia",
    "overview" : "Russian exiles in Paris plot to collect ten million pounds from the Bank of England by grooming a destitute, suicidal girl to pose as heir to the Russian throne. While Bounin is coaching her he comes to believe she is really Anastasia. In the end the Empress must decide her claim.",
    "genres" : [ {
      "id" : 18,
      "name" : "Drama"
    }, {
      "id" : 35,
      "name" : "Comedy"
    }, {
      "id" : 10749,
      "name" : "Romance"
    } ]
  }, {
    "id" : 38176,
    "title" : "Steven Gerrard: A Year in my Life",
    "overview" : "An insight into the life of the skipper and 'heartbeat' of Liverpool FC.",
    "genres" : [ {
      "id" : 99,
      "name" : "Documentary"
    } ]
  }, {
    "id" : 38181,
    "title" : "The Go Master",
    "overview" : "The Go Master is a 2006 biopic by director Tian Zhuangzhuang of renowned twentieth century Go master Wu Qingyuan, better known by his adopted name of Go Seigen. The film, which premiered at the 44th New York Film Festival, focuses on the life of this extraordinary player from his meteoric rise as a child prodigy to fame and fortune as a revolutionary strategic thinker, as well as the tumultuous global conflicts between his homeland and his adopted nation. The film also features a scene involving the Atomic bomb go game.",
    "genres" : [ {
      "id" : 18,
      "name" : "Drama"
    }, {
      "id" : 10769,
      "name" : "Foreign"
    } ]
  }, {
    "id" : 38186,
    "title" : "Alien Girl",
    "overview" : "1990s. Gangster Kiev. A team of four men is assigned to deliver a girl from Prague, nicknamed \"The Stranger.\" As the sister of a recently arrested criminal called Babai, her testimony could damage some important people.",
    "genres" : [ {
      "id" : 18,
      "name" : "Drama"
    }, {
      "id" : 28,
      "name" : "Action"
    } ]
  }, {
    "id" : 38191,
    "title" : "The Sunchaser",
    "overview" : "A young half-Navajo convict (Jon Seda) dying of cancer forces a yuppie (Woody Harrelson) doctor to drive him to a magic healing lake.",
    "genres" : [ {
      "id" : 18,
      "name" : "Drama"
    } ]
  }, {
    "id" : 38201,
    "title" : "Framed",
    "overview" : "Director Phil Karlson harks back to the no-nonsense, no-thrills directness of his 1950s \"B\" pictures in Framed. Joe Don Baker plays Ron, a high-rolling gambler that always seems to loose his big scores. Framed by the film's villains after a big win gambling with high rollers-- Ron is carted off to prison. Upon his release, he embarks upon a carefully calculated campaign of revenge.",
    "genres" : [ {
      "id" : 28,
      "name" : "Action"
    }, {
      "id" : 12,
      "name" : "Adventure"
    }, {
      "id" : 80,
      "name" : "Crime"
    }, {
      "id" : 53,
      "name" : "Thriller"
    } ]
  }, {
    "id" : 38206,
    "title" : "The Young Racers",
    "overview" : "A film constructed around footage shot of actual Grand Prix races in Europe.",
    "genres" : [ {
      "id" : 28,
      "name" : "Action"
    }, {
      "id" : 18,
      "name" : "Drama"
    } ]
  }, {
    "id" : 38211,
    "title" : "Cycle Vixens",
    "overview" : "Three Colorado girls decide to hop on their motorcycles and head to California. On the way they get mixed up in drugs, rape and stolen motorcycles.",
    "genres" : [ {
      "id" : 18,
      "name" : "Drama"
    }, {
      "id" : 28,
      "name" : "Action"
    } ]
  }, {
    "id" : 38216,
    "title" : "Michael Winslow: Comedy Sound Slapdown!",
    "overview" : "Dogs barking. Feet squishing in soggy sneakers. Jet engines roaring. All ordinary, familiar sounds when they come from ordinary, familiar sources. How extraordinary when the source is Michael Winslow! With extensive film and stage credts including all seven \"Police Academy\" movies, Michael is not be missed. Recorded live, this video performance captures the master of 10,000 sound effects at his best!",
    "genres" : [ {
      "id" : 35,
      "name" : "Comedy"
    } ]
  }, {
    "id" : 38221,
    "title" : "Yog, Monster from Space",
    "overview" : "When a space probe crash-lands on a far-flung Pacific atoll, the craft's alien stowaways decide to take over their new world one creature at a time. Soon, the parasitic life forms latch onto three indigenous critters -- a squid, a crab and a snapping turtle -- and transform them into colossal mutant monsters.",
    "genres" : [ {
      "id" : 878,
      "name" : "Science Fiction"
    }, {
      "id" : 12,
      "name" : "Adventure"
    } ]
  }, {
    "id" : 38226,
    "title" : "Moonbase",
    "overview" : "The most dangerous criminals in the universe escape from the Off-World Penitentiary and stow away to the quiet Moonbase Waste Disposal Plant. Hidden beneath the lunar surface lies an arsenal of nuclear warheads- the inmates' passport home to earth. Moonbase Commander John Russell launches a desperate fight to save his crew from a force capable of laying waste to an entire planet.",
    "genres" : [ {
      "id" : 28,
      "name" : "Action"
    }, {
      "id" : 878,
      "name" : "Science Fiction"
    } ]
  }, {
    "id" : 38231,
    "title" : "What's Up, Hideous Sun Demon",
    "overview" : "Z-grade horror flick \"The Hideous Sun Demon\" re-dubbed and re-edited into a monster-movie spoof about a suntan lotion that works from the inside out (it also has a certain side effect).",
    "genres" : [ {
      "id" : 35,
      "name" : "Comedy"
    }, {
      "id" : 878,
      "name" : "Science Fiction"
    } ]
  }, {
    "id" : 38241,
    "title" : "The Players",
    "overview" : "The Players are the best American athletes of the modern rock-climbing era. Dave Graham, Chris Sharma, Emily Harrington, Daniel Woods, Lisa Rands, Joe Kinder, Alex Puccio, Chris Lindner, and Ethan Pringle each embody the progression of their sport. This showcase of action-packed HD footage reveals each player’s ability to make climbing at the pinnacle of their sport a daily routine. Featuring all disciplines of climbing, this is your chance to witness the swagger behind each players' style and explore the lifestyles they are pioneering all across the globe.",
    "genres" : [ {
      "id" : 99,
      "name" : "Documentary"
    }, {
      "id" : 12,
      "name" : "Adventure"
    } ]
  }, {
    "id" : 38246,
    "title" : "Servants of Twilight",
    "overview" : "Based on the novel by Dean R. Koontz, this action packed thriller features Bruce Greenwood as a private detective hired to protect a little boy from a fanatical religious cult that believe he is the antichrist fortold in the book of Revelations.",
    "genres" : [ {
      "id" : 27,
      "name" : "Horror"
    }, {
      "id" : 53,
      "name" : "Thriller"
    } ]
  }, {
    "id" : 38251,
    "title" : "Mediterraneo",
    "overview" : "Greek Sea, World War II. An Italian ship leaves a handful of soldiers in a little island; their mission is to spot enemy ships and to hold the island in case of attack. The village of the island seems abandoned and there isn't a single enemy in sight, so the soldiers begin to relax a little. Things change when their ship is hit and destroyed by the enemy, and the soldiers find themselves abandoned there. Actually, the island isn't deserted and when the Greeks understand that those Italians are harmless, they came out of their hiding places in the mountains and continue their peaceful lives. Soon the soldiers discover that being left behind in a God-forgotten Greek island isn't such a bad thing, after all...",
    "genres" : [ {
      "id" : 35,
      "name" : "Comedy"
    }, {
      "id" : 10749,
      "name" : "Romance"
    }, {
      "id" : 10752,
      "name" : "War"
    } ]
  }, {
    "id" : 38256,
    "title" : "Hierro",
    "overview" : "Traveling on a ferry heading to the island of Hierro where they will spend their holidays, Mary loses her son Diego, and no one can explain what happened. Six months later, Maria struggles to overcome the pain of loss and continue his life. Then, you receive an unexpected phone call: they found the body of a child, so it must return to the island. There, in the suggestive and disturbing landscape, surrounded by disturbing and sinister characters, Mary is forced to confront their worst nightmares. And as he travels this road, he discovers that some mysteries should not be disclosed ...",
    "genres" : [ {
      "id" : 9648,
      "name" : "Mystery"
    }, {
      "id" : 53,
      "name" : "Thriller"
    } ]
  }, {
    "id" : 38261,
    "title" : "Voodoo Woman",
    "overview" : "Deep in the jungles a mad scientist is using the natives' voodoo for his experiments to create an indestructible being to serve his will. When a party of gold seekers stumbles upon his village, the scientist realizes that Marilyn the expedition's evil leader is the perfect subject for his work.",
    "genres" : [ {
      "id" : 878,
      "name" : "Science Fiction"
    }, {
      "id" : 27,
      "name" : "Horror"
    } ]
  }, {
    "id" : 38266,
    "title" : "Walk Into Paradise",
    "overview" : "Steve McAllister, an Australian official for The New Guinea Administration, gets orders to investigate an oil discovery by Ned 'Shark-Eye' Kelly in the interior. He selects his native policeman, Sergeant-Major Towalaka, to accompany him on his \"walk into hell\" and then finds that a French lady doctor, Louise Dumurcet, is to go with them part of the journey. They find the malaria-stricken Jeff Clayton in a deserted village and he joins the trek. They are captured by jungle-natives but are released after Dr. Dumurcet cures the fever-stricken children of the chief.",
    "genres" : [ {
      "id" : 12,
      "name" : "Adventure"
    } ]
  }, {
    "id" : 38271,
    "title" : "Grand Hotel Excelsior",
    "overview" : "Taddeus is the manager of the Grand Hotel Excelsior. The Summer season begins in May and since then many odd persons frequent the hotel. There is Ilde Vivaldi, in love with Taddeus and the boxer Pericle Coccia who has an important match and falls in love with Maria. There is the Mago di Segrate trying to win world fame by levitating thirty meters high. And there is the waiter Egisto whose daughter is in a Swiss College believing her father is a man of importance.",
    "genres" : [ {
      "id" : 35,
      "name" : "Comedy"
    } ]
  }, {
    "id" : 38281,
    "title" : "Atomic Rulers",
    "overview" : "Super criminals are planning to infiltrate Earth with mass nuclear destruction! Only Starman can defend civilization by thwarting evil!",
    "genres" : [ {
      "id" : 28,
      "name" : "Action"
    }, {
      "id" : 878,
      "name" : "Science Fiction"
    } ]
  }, {
    "id" : 38286,
    "title" : "Three Men and a Leg",
    "overview" : "Three friends leave Milan by car heading south. Two of them are married to two sisters, the third one is going to marry the third sister. The marriage is going to take place in the villa of their vulgar but very rich father in law. They are also bringing him a work of modern art: a wooden leg worth millions even if it doesn't look like it.",
    "genres" : [ {
      "id" : 35,
      "name" : "Comedy"
    } ]
  }, {
    "id" : 38291,
    "title" : "Educating Rita",
    "overview" : "Rita, a hairdresser with a sharp wit, is married to Denny, and at 26 doesn't want a baby. She wants to discover herself -son she joins the Open University. Dr. Frank Bryant Is a disillusioned university professor of literature. His marriage has failed, his girlfriend is having an affair with his best friend and he can't get through the day without downing a bottle or two of whisky. He refers to himself as an appalling teacher of appalling students. What Frank needs is a challenge ... along comes Rita. In this hilarious and often moving drama, the story tells how two people find a now lease of life through each other.",
    "genres" : [ {
      "id" : 18,
      "name" : "Drama"
    }, {
      "id" : 35,
      "name" : "Comedy"
    }, {
      "id" : 10749,
      "name" : "Romance"
    } ]
  }, {
    "id" : 38296,
    "title" : "Before you Go",
    "overview" : "The funny, heart-warming and moving new film, from director Lewis Gilbert. When Violet Heaney's three daughters return home for her funeral, each sister finds her own way of coping with her loss. For Teresa, the eldest, it's herbal tea, obsessive cleaning and hectoring her long-suffering husband, Frank. Catherine, the youngest, resorts to retail therapy, industrial quantities of marijuana and manic phone calls to her elusive boyfriend in Barcelona. Middle daughter Mary seeks consolation in professional detachment and the arms of her lover, Mike. Like Mary, Mike's a doctor. Unlike Mary, he's married... The sisters soon discover that their early memories have grown fuzzy over time and the past becomes fuzzier still as they attempt to cope with their mother's parting.",
    "genres" : [ {
      "id" : 35,
      "name" : "Comedy"
    } ]
  }, {
    "id" : 38301,
    "title" : "The Japanese Wife",
    "overview" : "Snehmoy (Rahul Bose) and Miyage (Chigusa Takaku) are pen friends who exchange wedding vows through letters. Fifteen years pass but they never meet. Yet the bond of marriage is strong between them. This unusual relationship comes under a cloud when a young widow, Sandhya (Raima Sen), comes to stay with Snehmoy along with her eight-year-old son Poltu. Snehmoy and the little boy bond and the arithmetic teacher discovers the joy of palpable bonds and fatherhood. There develops an inexplicable thread of understanding with Sandhya too. But Snehmoy remained loyal to his unseen Japanese wife. When Miyage was ill from cancer, he took a long leave from his school and tried his best to find a cure for the illness. Meanwhile, malaria took a toll on him and he died. Coming of Miyage in a white sari to Sunderbans after his departure was really touching.",
    "genres" : [ {
      "id" : 18,
      "name" : "Drama"
    }, {
      "id" : 10749,
      "name" : "Romance"
    } ]
  }, {
    "id" : 38311,
    "title" : "The Steamroller and the Violin",
    "overview" : "Seven year old Sasha practices violin every day to satisfy the ambition of his parents. Already withdrawn as a result of his routines, Sasha quickly regains confidence when he accidentally meets and befriends worker Sergei, who works on a steamroller in their upscale Moscow neighborhood.",
    "genres" : [ {
      "id" : 10751,
      "name" : "Family"
    }, {
      "id" : 18,
      "name" : "Drama"
    } ]
  }, {
    "id" : 38321,
    "title" : "Priest",
    "overview" : "In an alternate world, humanity and vampires have warred for centuries. After the last Vampire War, the veteran Warrior Priest lives in obscurity with other humans inside one of the Church's walled cities. When the Priest's niece is kidnapped by vampires, the Priest breaks his vows to hunt them down. He is accompanied by the niece's boyfriend, who is a wasteland sheriff, and a former Warrior Priestess.",
    "genres" : [ {
      "id" : 28,
      "name" : "Action"
    }, {
      "id" : 878,
      "name" : "Science Fiction"
    }, {
      "id" : 14,
      "name" : "Fantasy"
    }, {
      "id" : 53,
      "name" : "Thriller"
    }, {
      "id" : 27,
      "name" : "Horror"
    } ]
  }, {
    "id" : 38326,
    "title" : "Yuri's Day",
    "overview" : "A mother loses her son during a winter visit to a remote town.",
    "genres" : [ {
      "id" : 9648,
      "name" : "Mystery"
    }, {
      "id" : 18,
      "name" : "Drama"
    } ]
  }, {
    "id" : 38336,
    "title" : "Hipsters",
    "overview" : "In this hit Russian musical, a group of friends flaunts Soviet authority in 1950s Moscow by embracing jazz. When Communist Mels falls for Polly, a free-spirited jazz fan, he risks losing his party membership by associating with her rebellious crew.",
    "genres" : [ {
      "id" : 18,
      "name" : "Drama"
    }, {
      "id" : 10749,
      "name" : "Romance"
    } ]
  }, {
    "id" : 38341,
    "title" : "James: Getting Away with It: Live",
    "overview" : "Getting Away With It... Live is the thirteenth release and the third live album from the Manchester Indie group James. It was recorded at the Manchester gig of their 2001 winter tour, which was dubbed as James' final tour until their reunion in 2007, at the Manchester Evening News Arena on 7 December 2001. A DVD of the show was also released that also featured band interviews and promotional videos. Former members Larry Gott (guitar) and Andy Diagram (trumpet) made guest appearances during the show.",
    "genres" : [ ]
  }, {
    "id" : 38346,
    "title" : "Bowery at Midnight",
    "overview" : "Soup kitchen operator and criminologist Bela Lugosi operates a soup kitchen as a front for a criminal gang who commit a series of robberies and murders.",
    "genres" : [ {
      "id" : 35,
      "name" : "Comedy"
    }, {
      "id" : 80,
      "name" : "Crime"
    }, {
      "id" : 27,
      "name" : "Horror"
    }, {
      "id" : 28,
      "name" : "Action"
    } ]
  }, {
    "id" : 38351,
    "title" : "The Sword of Monte Cristo",
    "overview" : "In 1858 France, Emperor Louis Napoleon sends Captain Renault of the Royal Dragoons, Minister La Roche and Major Nicolet to Normandy in search of the members of a group of rebels. A Masked Cavalier, the niece, Lady Christianne, of the Marquis De Montableau, announces at a secret meeting of the Normandy underground leaders that the fabled treasure of Monte Cristo was willed to her and she will use it to finance their cause. Her uncle, the only one who can decipher the symbols on the sword of Monte Cristo, the key to the treasure, derides her stand against the Emperor. La Roche takes possession of the sword and has the Marquis put into the dungeon. Christianne, as the Masked Cavalier, regains the sword from La Roche, but Captain Renault apprehends her and returns to sword to La Roche.",
    "genres" : [ {
      "id" : 28,
      "name" : "Action"
    }, {
      "id" : 12,
      "name" : "Adventure"
    } ]
  }, {
    "id" : 38356,
    "title" : "Transformers: Dark of the Moon",
    "overview" : "Sam Witwicky takes his first tenuous steps into adulthood while remaining a reluctant human ally of Autobot-leader Optimus Prime. The film centers around the space race between the USSR and the USA, suggesting there was a hidden Transformers role in it all that remains one of the planet's most dangerous secrets.",
    "genres" : [ {
      "id" : 28,
      "name" : "Action"
    }, {
      "id" : 878,
      "name" : "Science Fiction"
    }, {
      "id" : 12,
      "name" : "Adventure"
    } ]
  }, {
    "id" : 38361,
    "title" : "Home Among Strangers, a Stranger Among His Own",
    "overview" : "The setting is post-Russian Civil War, during the reconstruction of the young Soviet republic. During the war, Shilov, Sarichev, Kungorov, Zabelin and Lipyagin had become great friends.",
    "genres" : [ {
      "id" : 28,
      "name" : "Action"
    }, {
      "id" : 18,
      "name" : "Drama"
    } ]
  }, {
    "id" : 38366,
    "title" : "The Cyclone",
    "overview" : "",
    "genres" : [ {
      "id" : 10749,
      "name" : "Romance"
    }, {
      "id" : 18,
      "name" : "Drama"
    }, {
      "id" : 35,
      "name" : "Comedy"
    } ]
  }, {
    "id" : 38371,
    "title" : "The Career of Nikos Dyzma",
    "overview" : "Nikos is a master of funeral ceremonies (that's undertaker to you and me) who doesn't expect much from life. After drunkenly insulting a diplomat at a party, weird things begin to happen for Nikos. The news that a mysterious stranger offended the hated Deputy Prime Minister galvanizes the political elite assembled at the banquet, and a rumor that Nikos can take care of anything spreads like wildfire, making him an idol of the masses.",
    "genres" : [ {
      "id" : 35,
      "name" : "Comedy"
    }, {
      "id" : 10769,
      "name" : "Foreign"
    } ]
  }, {
    "id" : 38376,
    "title" : "Nathalie...",
    "overview" : "Paris doctor Catherine starts to think her husband, Bernard, is having an affair when she hears an unfamiliar woman's message on his voice mail. Hoping to learn more about his extramarital activities, Catherine heads to a strip club, where she hires call girl Nathalie to have a fling with Gerard. As the affair progresses, Nathalie gives Catherine regular status reports, and the relationship between the women evolves from business to personal.",
    "genres" : [ {
      "id" : 18,
      "name" : "Drama"
    } ]
  }, {
    "id" : 38381,
    "title" : "Just My Luck",
    "overview" : "Norman works in a jewellers workshop and fantasises (in the nicest way) about meeting the window dresser across the road from his workshop. He wants to buy her a diamond pendant but calculates it will take him over 100 years to save up for it. He is talked into betting a pound on a six horse accumulator at the Goodwood races with a slightly shady bookmaker. When he has won on the first five races, the bookie owes him over 16,000 pounds and everyone begins to worry. Everyone's future depends on a single race ... what can be done ?",
    "genres" : [ {
      "id" : 35,
      "name" : "Comedy"
    } ]
  }, {
    "id" : 38386,
    "title" : "Press for Time",
    "overview" : "Norman is quite happy selling newspapers outside Westminster station but his Grandfather (the Prime Minister) wants to get him \"a more responsible job\". A few favours are called in and Norman becomes the newest reporter at the seaside town of Tinmouth. After causing chaos at a local council meeting and causing the demolition of a new house he tries to organise a beauty pageant. A slapstick tale of corruption in high and low places",
    "genres" : [ {
      "id" : 35,
      "name" : "Comedy"
    } ]
  }, {
    "id" : 38391,
    "title" : "Mise Éire",
    "overview" : "Mise Éire (\"I am Ireland\") is a 1912 Irish-language poem by the Irish poet and Republican revolutionary leader Patrick Pearse. In the poem, Pearse personifies Ireland as an old woman whose glory is past and who has been sold by her children. The poem inspired this 1959 film of the same name by George Morrison. Here, Morrison painstakingly assembled historical footage of the events surrounding the 1916 Rising from archives across Europe and deals with key figures and events in Irish Nationalism between the 1890s and the 1910s. The narration is by Liam Budhlaeir and Padraig O'Raghallaigh and the musical score is by Seán Ó Riada.",
    "genres" : [ {
      "id" : 99,
      "name" : "Documentary"
    }, {
      "id" : 36,
      "name" : "History"
    } ]
  }, {
    "id" : 38396,
    "title" : "That's Life",
    "overview" : "Second film by the Aldo,Giovanni &amp; Giacomo trio released one year after the unexpected success of \"Tre uomini e una gamba\".",
    "genres" : [ {
      "id" : 35,
      "name" : "Comedy"
    } ]
  }, {
    "id" : 38401,
    "title" : "Tales of the Riverbank",
    "overview" : "Tales of the Riverbank tells the story of three friends - Hammy Hamster, Roderick Rat and GP the Guinea Pig - who, having swept down the river in a violent storm, embark on an epic journey in search of their lost homes. Their journey, full of comic incident and dramatic danger, becomes even more precarious when they discover that the whole riverbank is threatened by a waffle, Marmalade and Doughnut (WMD) factory which, owned by the evil Fat Cats, is polluting the countryside with increasingly dangerous emissions...the Big Dirt!",
    "genres" : [ {
      "id" : 16,
      "name" : "Animation"
    }, {
      "id" : 10751,
      "name" : "Family"
    } ]
  }, {
    "id" : 38416,
    "title" : "The Rolling Stones - The Biggest Bang",
    "overview" : "Bluray includes the exclusive documentary and concert filmed in Texas, Austin (by 25 hd cameras) during their last Biggest Bang Tour. Features their biggest hits such as : (I Can't Get No) Satisfaction Let's Spend The Night Together Tumbling Dice Sympathy For The Devil Brown Sugar Under My Thumb Honky Tonk Woman. Barclay/Universal.",
    "genres" : [ {
      "id" : 10402,
      "name" : "Music"
    } ]
  }, {
    "id" : 38421,
    "title" : "Joy House",
    "overview" : "A small-time con man on the run from the gangster husband of his girlfriend hides out in a strange, brooding mansion run by two mysterious women. There he finds himself trapped in deception between the two women. Shot on location in the French Riviera.",
    "genres" : [ {
      "id" : 53,
      "name" : "Thriller"
    }, {
      "id" : 18,
      "name" : "Drama"
    }, {
      "id" : 80,
      "name" : "Crime"
    } ]
  }, {
    "id" : 38431,
    "title" : "Mash SF",
    "overview" : "Mash is a testament to the efficacy of the frame, wheels, cockpit, and drive-train that carry us through SF's labyrinth of lanes, alleys, and everything in between. This video recognizes those who have inspired us with their unique presence in the streets, who have created an accelerated style of riding bikes built for the track but tailored for daily abuse. The synthesis of this video sprang from a desire to show the world how these locals take ownership of San Franciscos dense landscape and display an incredible amount of focus, fluidity, and grace in the process.",
    "genres" : [ ]
  }, {
    "id" : 38436,
    "title" : "Fast Friday",
    "overview" : "Infinate Quest Productions in association with Cadence present Fast Friday. A Documentary by David Rowe shot on location in Seattle Washington",
    "genres" : [ {
      "id" : 35,
      "name" : "Comedy"
    }, {
      "id" : 99,
      "name" : "Documentary"
    } ]
  }, {
    "id" : 38441,
    "title" : "You Got to Coordinate",
    "overview" : "You know John Witherspoon as Ice Cube's outrageously funny, dog-catching dad in the smash urban trilogy Friday, Next Friday, and Friday After Next. You remember him from Boomerang, Little Nicky, and Little Man, and as \"Pops\" on the long-running syndicated sitcom The Wayans Brothers. His countless movie and television roles, along with his signature catchphrases, \"Bang! Bang! Bang! Bang!\" and \"You Got to Coordinate!\" have made him a pop culture icon. Once you've seen Witherspoon's outrageous stage performance, you understand why he's earned the reputation as one of America's best stand-up comedians.",
    "genres" : [ ]
  }, {
    "id" : 38446,
    "title" : "Frightmare",
    "overview" : "In 1957, Dorothy and Edmund Yates (Keith and Rupert Davies) were committed to an institution for the criminally insane, she for acts of murder and cannibalism and he for covering up her crimes. Fifteen years later, they are pronounced fit for society and released. However, in Dorothy's case the doctors may have jumped the gun a bit. Edmund and eldest daughter, Jackie (Deborah Fairfax), try to discover just how far Mother's bloodlust has taken her. Meanwhile, youngest daughter Debbie (Kim Butcher) begins to explore the crazy roots of her family tree as fully as possible.",
    "genres" : [ {
      "id" : 27,
      "name" : "Horror"
    }, {
      "id" : 53,
      "name" : "Thriller"
    } ]
  }, {
    "id" : 38456,
    "title" : "Charlie Chan's Murder Cruise",
    "overview" : "On a cruise ship from Honolulu to San Francisco, the famous Chinese detective encounters four more murders while trying to figure out the murder of a Scotland Yard friend.",
    "genres" : [ {
      "id" : 35,
      "name" : "Comedy"
    }, {
      "id" : 80,
      "name" : "Crime"
    }, {
      "id" : 9648,
      "name" : "Mystery"
    }, {
      "id" : 53,
      "name" : "Thriller"
    } ]
  }, {
    "id" : 38461,
    "title" : "Charlie Chan in Rio",
    "overview" : "A pair of murders in Rio de Janeiro leads the local police to call the famed detective. Charlie is puzzled, at first, when it appears that one of the murderers is killed by the first victim's widow.",
    "genres" : [ {
      "id" : 80,
      "name" : "Crime"
    }, {
      "id" : 9648,
      "name" : "Mystery"
    }, {
      "id" : 53,
      "name" : "Thriller"
    }, {
      "id" : 35,
      "name" : "Comedy"
    }, {
      "id" : 18,
      "name" : "Drama"
    } ]
  }, {
    "id" : 38466,
    "title" : "The Red Dragon",
    "overview" : "Chan is faced with suspects in a stolen atomic bomb formula case, that are being killed with bullets that are not fired from a gun.",
    "genres" : [ {
      "id" : 9648,
      "name" : "Mystery"
    } ]
  }, {
    "id" : 38471,
    "title" : "Dark Alibi",
    "overview" : "After three men are convicted of bank robberies, Charlie becomes suspicious.  After some investigation Charlie finds the men are innocent and that the fingerprint evidence used to convict them had been forged.  Charlie then proceeds to find the true bank robbers.",
    "genres" : [ {
      "id" : 80,
      "name" : "Crime"
    }, {
      "id" : 18,
      "name" : "Drama"
    }, {
      "id" : 9648,
      "name" : "Mystery"
    }, {
      "id" : 53,
      "name" : "Thriller"
    } ]
  }, {
    "id" : 38476,
    "title" : "Love For Rent",
    "overview" : "Tells the story of Sofia (Angie Cepeda), a Colombian college student struggling with immigration issues in LA, who accepts a $50,000 offer to rent her body and soul and become a surrogate mother to a wealthy couple.",
    "genres" : [ {
      "id" : 35,
      "name" : "Comedy"
    }, {
      "id" : 18,
      "name" : "Drama"
    }, {
      "id" : 10749,
      "name" : "Romance"
    } ]
  }, {
    "id" : 38501,
    "title" : "Mniejsze zło",
    "overview" : "",
    "genres" : [ ]
  }, {
    "id" : 38511,
    "title" : "Due Dads: The Man's Survival Guide to Pregnancy",
    "overview" : "It's positive! You're pregnant! Well technically, you aren't pregnant. That would be a medical miracle. Your wife is pregnant. But you are expecting, too, in a way. You're not a dad yet- you're a DUE DAD... and you don't have a clue. Don't panic. Even though expecting a baby has nothing to do with football playoffs, grilling excellent steaks, margin calls, fuel injection, or cold brewskis, this DVD will teach you the skills that will get you safely and happily to that big 0th birthday.",
    "genres" : [ {
      "id" : 99,
      "name" : "Documentary"
    }, {
      "id" : 35,
      "name" : "Comedy"
    } ]
  }, {
    "id" : 38516,
    "title" : "Karol: A Man Who Became Pope",
    "overview" : "The life of the pope John-Paul II, from his youth as a writer, actor, and athlete in war-torn occupied Poland to his election as Pope at the age of 58.",
    "genres" : [ {
      "id" : 18,
      "name" : "Drama"
    }, {
      "id" : 10769,
      "name" : "Foreign"
    } ]
  }, {
    "id" : 38521,
    "title" : "Time of Darkness",
    "overview" : "Four friends come to the site of an old abandoned factory in Lower Silesia, where a year ago lost their buddy. Trying to unravel the mystery of his disappearance uncover the terrible truth about their experiments in the factory.",
    "genres" : [ {
      "id" : 27,
      "name" : "Horror"
    } ]
  }, {
    "id" : 38526,
    "title" : "Bangkok Adrenaline",
    "overview" : "Four backpackers arrive in Thailand to party and drink. A gambling game goes wrong and with their lives on the line they desperately decide to kidnap a billionaires daughter. Things go wrong when her 'father' doesn't play ball and prefers to use the kidnapping to further his own interests.",
    "genres" : [ {
      "id" : 28,
      "name" : "Action"
    }, {
      "id" : 35,
      "name" : "Comedy"
    } ]
  }, {
    "id" : 38531,
    "title" : "Back Stage",
    "overview" : "Roscoe and Buster give a bullying Strongman the what-for, and after the performance troupe quits it's up to Fatty and Buster and St. John to keep the show going.",
    "genres" : [ {
      "id" : 35,
      "name" : "Comedy"
    } ]
  }, {
    "id" : 38536,
    "title" : "Nineties - Part II",
    "overview" : "Second scandalously famous collections of short Italian comedies of the 90s! All that was \"fun\" in those years in Italy - all here! The sea of black humor on all issues - sex, politics, mafia, crime, TV...",
    "genres" : [ {
      "id" : 35,
      "name" : "Comedy"
    } ]
  }, {
    "id" : 38541,
    "title" : "The Divide",
    "overview" : "Survivors of a nuclear attack are grouped together for days in the basement of their apartment building, where fear and dwindling supplies wear away at their dynamic.",
    "genres" : [ {
      "id" : 27,
      "name" : "Horror"
    }, {
      "id" : 878,
      "name" : "Science Fiction"
    }, {
      "id" : 18,
      "name" : "Drama"
    } ]
  }, {
    "id" : 38546,
    "title" : "Three Wise Guys",
    "overview" : "One December day around Christmastime I am in the city of Las Vegas talking to Harry the Horse about this and that, when I hear this yarn about a citizen by the name of Murray Crown (Tom Arnold), who runs a clip joint which he prefers to call a casino. It seems that this Murray Crown not only has the John Laws breathing down his neck, but it is also a fact that he is married to this doll called Shirley (Katey Sagal), who is known far and wide as the green-eyed type.",
    "genres" : [ {
      "id" : 35,
      "name" : "Comedy"
    } ]
  }, {
    "id" : 38551,
    "title" : "Snakes and Earrings",
    "overview" : "Based on the best-selling novel about a woman who decides that her one goal in life is to have her tongue split, this is the sexy body modification movie you’ve been waiting for. While alone in a nightclub, straight-laced Lui meets sensitive but troubled punk kid Ama (Kengo Kora of last year’s SAD VACATION). Mesmerized by his split tongue, she becomes obsessed with body modification and soon wants the same treatment. After Ama’s heavily-tattooed friend Shiba (Arata, 20th CENTURY BOYS) pierces her tongue, Lui finds herself inexorably drawn to both men – and to her growing list of desires, she now adds a tattoo.",
    "genres" : [ {
      "id" : 10769,
      "name" : "Foreign"
    }, {
      "id" : 10749,
      "name" : "Romance"
    }, {
      "id" : 53,
      "name" : "Thriller"
    } ]
  }, {
    "id" : 38556,
    "title" : "Tough Enough",
    "overview" : "An aspiring country/western singer, whose money is disappearing faster than his career opportunities, enters a \"Tough Man\" amateur boxing contest to earn some cash to pay his bills. Amazingly enough, he wins it, and is picked to go onto the national finals. He's torn between his first love, music, and the glitz, glamor and money of the \"Tough Man\" world.",
    "genres" : [ {
      "id" : 28,
      "name" : "Action"
    }, {
      "id" : 18,
      "name" : "Drama"
    }, {
      "id" : 10749,
      "name" : "Romance"
    } ]
  }, {
    "id" : 38576,
    "title" : "A Gentlemen's Duel",
    "overview" : "Two gentlemen battle for the \"prize\". Things escalate quickly...",
    "genres" : [ {
      "id" : 35,
      "name" : "Comedy"
    }, {
      "id" : 16,
      "name" : "Animation"
    } ]
  }, {
    "id" : 38581,
    "title" : "Car Crash: The Delorean Story",
    "overview" : "Former General Motors high-flyer John DeLorean had a plan to build a stylish European sports car, at a price that would make it attractive to the American market. The site he chose for his state-of-the-art factory was on the outskirts of Belfast, a city best-known for sectarian violence and high levels of unemployment. The unexpected marriage of high-tech glamour with the gritty reality of 1970s Northern Ireland captured the public's imagination but this early optimism would end in failure. Although the cars looked great, the windows leaked and the engines seized; as his financial problems mounted the maverick DeLorean faced charges of drugs trafficking. Adrian Dunbar narrates the story.",
    "genres" : [ {
      "id" : 10770,
      "name" : "TV Movie"
    }, {
      "id" : 99,
      "name" : "Documentary"
    } ]
  }, {
    "id" : 38586,
    "title" : "The Boys from St. Petri",
    "overview" : "A group of school-mates form a resistance group in nazi-occupied Denmark.",
    "genres" : [ {
      "id" : 28,
      "name" : "Action"
    }, {
      "id" : 18,
      "name" : "Drama"
    }, {
      "id" : 10752,
      "name" : "War"
    } ]
  }, {
    "id" : 38591,
    "title" : "Meltup: The Beginning Of US Currency Crisis And Hyperinflation",
    "overview" : "The National Inflation Association believes Meltup is the most important economic documentary ever produced in world history. The Second American Revolution has begun! Please share this documentary with all of your friends and family members immediately!",
    "genres" : [ {
      "id" : 99,
      "name" : "Documentary"
    } ]
  }, {
    "id" : 38601,
    "title" : "Part of the Weekend Never Dies",
    "overview" : "A documentary about Soulwax: Director Saam Farahmand filmed Soulwax on their recent international dates, capturing all the excitement, chaos and humour of the world tour. Where the Beastie Boys filmed one gig with 50 cameras, Soulwax filmed 120 shows with one camera, in Europe, Japan, US, Latin America and Australia. The result is a snapshot of life on the road with one of the most exciting live bands in the world, and features their friends including 2manyDJ's, James Murphy &amp; Nancy Whang (LCD Soundsystem), Erol Alkan, Tiga, Justice, Busy P, So-Me, Peaches, Klaxons and many more in interview, as well as behind-the-scenes footage, and LOTS of music.",
    "genres" : [ {
      "id" : 10402,
      "name" : "Music"
    }, {
      "id" : 99,
      "name" : "Documentary"
    } ]
  }, {
    "id" : 38606,
    "title" : "The Trouble with Angels",
    "overview" : "Coming of age story for two girls, Mary Clancy and Rachel Devery, who find themselves as students at the St. Francis Academy, a catholic boarding school for girls. The story spans three years and follows the girls and their many pranks including setting off fire alarms, smoking cigars in the basement and putting bubble baths in the nuns' sugar bowls. As the girls mature, they gain a greater respect for their teachers and the commitment and devotion required to be a nun, leading one of them to make a life changing decision.",
    "genres" : [ {
      "id" : 35,
      "name" : "Comedy"
    }, {
      "id" : 10751,
      "name" : "Family"
    } ]
  }, {
    "id" : 38611,
    "title" : "The Sacketts",
    "overview" : "Two part TV adaptation of Louis L'Amour's third novel in the Sackett series. The story follows the three Sackett brothers out west from their Tennessee home. Along the way the oldest, Tell, prospects for gold, while the two younger Orin and Tye herd cattle and later help bring order to a racially divided Santa Fe.",
    "genres" : [ {
      "id" : 37,
      "name" : "Western"
    } ]
  }, {
    "id" : 38616,
    "title" : "Marjoe",
    "overview" : "Part documentary, part expose, this film follows one-time child evangelist Marjoe Gortner on the \"church tent\" Revivalist circuit, commenting on the showmanship of Evangelism and \"the religion business\", prior to the start of \"televangelism\".",
    "genres" : [ {
      "id" : 99,
      "name" : "Documentary"
    } ]
  }, {
    "id" : 38621,
    "title" : "Firelight",
    "overview" : "Firelight is a period romance/drama film written and directed by William Nicholson. It was Nicholson's first, and to date only, film as director.",
    "genres" : [ {
      "id" : 10749,
      "name" : "Romance"
    }, {
      "id" : 18,
      "name" : "Drama"
    } ]
  }, {
    "id" : 38626,
    "title" : "Going Postal",
    "overview" : "Moist von Lipwig is a con-man with a particular talent-- he is utterly unremarkable. When his execution is stayed in Terry Pratchett's remarkable Discworld, he must work off his debt to society as the land's head Postman. Things are not always as they seem, and soon Lipwig is delivering mail for his very life!",
    "genres" : [ {
      "id" : 14,
      "name" : "Fantasy"
    }, {
      "id" : 35,
      "name" : "Comedy"
    }, {
      "id" : 878,
      "name" : "Science Fiction"
    } ]
  }, {
    "id" : 38631,
    "title" : "Confessions of a Burning Man",
    "overview" : "The experience shared by four first-timers demonstrates how Burning Man dissolves the barriers between races, nationalities and economic classes. A beautiful piece of film-making which inspires and entertains as it provides some understanding about why people return year after year.",
    "genres" : [ {
      "id" : 99,
      "name" : "Documentary"
    } ]
  }, {
    "id" : 38636,
    "title" : "Dancing Outlaw II: Jesco Goes to Hollywood",
    "overview" : "As the popularity of the Dancing Outlaw grew after the release of his biographical documentary, Jesco White was asked by comedian Tom Arnold to perform on the television show Roseanne. He traveled to Los Angeles for the performance, which was chronicled in the 1994 short film Dancing Outlaw 2: Jesco Goes To Hollywood - directed by Jacob Young.",
    "genres" : [ {
      "id" : 99,
      "name" : "Documentary"
    } ]
  }, {
    "id" : 38641,
    "title" : "Doomsday Gun",
    "overview" : "Dr Gerald Bull was a genius at designing and building superguns (very large long range guns capable of shooting  at ranges more than 100 miles). When an operational plan by the CIA to export sanctioned arms to apartheid-South Africa through him was exposed, the CIA denied all knowledge and he went to jail. He was later released, and moved to Belgium to start a subsidiary, of which a major project was to help Saddam Hussein build a new supergun capable of firing over 500 miles.",
    "genres" : [ {
      "id" : 18,
      "name" : "Drama"
    } ]
  }, {
    "id" : 38646,
    "title" : "Nicholas and Alexandra",
    "overview" : "Biography of the last Russian Monarch, Tsar Nicholas II and his Tsarina, Alexandra.Czar Nicholas II, the inept monarch of Russia, insensitive to the needs of his people, is overthrown and exiled to Siberia with his family.",
    "genres" : [ {
      "id" : 10749,
      "name" : "Romance"
    }, {
      "id" : 18,
      "name" : "Drama"
    }, {
      "id" : 10752,
      "name" : "War"
    } ]
  }, {
    "id" : 38651,
    "title" : "Night Watch",
    "overview" : "UN agents Mike Graham and Sabrina Carver are sent by their director Nick Caldwell to investigate the theft of Rembrandt's painting, \"The Night Watch\". The trail takes them from Amsterdam to Hong Kong and involves them in not only art theft and forgery, but the high-tech schemes of Martin Schraeder and his Korean cohort Mao Yixin",
    "genres" : [ {
      "id" : 10770,
      "name" : "TV Movie"
    }, {
      "id" : 28,
      "name" : "Action"
    }, {
      "id" : 53,
      "name" : "Thriller"
    } ]
  }, {
    "id" : 38661,
    "title" : "Tarzan Escapes",
    "overview" : "White hunter Captain Fry tries to take Tarzan back to civilization, caged for public display. He arrives in the jungle with Jane's cousins, Eric and Rita who want Jane's help in claiming a fortune left her.",
    "genres" : [ {
      "id" : 28,
      "name" : "Action"
    }, {
      "id" : 12,
      "name" : "Adventure"
    } ]
  }, {
    "id" : 38666,
    "title" : "The Wild and the Innocent",
    "overview" : "Charming tale of mountaineer-trapper Murphy's first taste \"big city\" life with young, sweet Sandra Dee in tow. She flees her family, which tried to trade her for some of Murphy's beaver pelts, and tags along with the reluctant Murphy. They get into all manner of trouble in town, and Murphy has to shoot the sheriff to rescue Dee from her job as a dancehall girl.",
    "genres" : [ {
      "id" : 37,
      "name" : "Western"
    } ]
  }, {
    "id" : 38671,
    "title" : "Åsa-Nisse",
    "overview" : "The first movie about Åsa-Nisse & Klabbarparn.",
    "genres" : [ {
      "id" : 35,
      "name" : "Comedy"
    } ]
  }, {
    "id" : 38681,
    "title" : "Mission Bloody Mary",
    "overview" : "Agent 077 - Mission Bloody Mary or Agente 077 missione Bloody Mary is a 1965 Italian action spy adventure film. The first of the Secret Agent 077 film series directed by Sergio Grieco.",
    "genres" : [ {
      "id" : 12,
      "name" : "Adventure"
    } ]
  }, {
    "id" : 38686,
    "title" : "The Boys from Baghdad High",
    "overview" : "During 2006-07, four students keep a video diary of their final year at Tariq bin Ziad High School in Baghdad. As violence escalates, the four prepare to take the National Exams they must pass in June to secure their diploma. They are Ali, a Kurd, Anmar, a Christian who starts the school year not having heard from his girlfriend for a few days, and a Shia and a Sunni - Hayder, a rap poet and songwriter, and Mohammad, fatherless, living with his mother and extended family. Amid explosions, gunfire, and power outages, they study, wrestle, play games, listen to music, dance, and talk boy talk. Mid-year, one moves north, safe but bored. Will they pass their exams? Will they live?",
    "genres" : [ {
      "id" : 99,
      "name" : "Documentary"
    } ]
  }, {
    "id" : 38691,
    "title" : "Coney Island",
    "overview" : "Arbuckle escapes the watch of his domineering wife and heads for Coney Island. Keaton arrives that same day with his attractive, and rather easy, girlfriend, who is immediately stolen from him by St. John.",
    "genres" : [ {
      "id" : 35,
      "name" : "Comedy"
    } ]
  }, {
    "id" : 38696,
    "title" : "Ti Stramo",
    "overview" : "Il film racconta le vicende di Stram (Marco Rulli), chiara presa in giro del personaggio di Step portato al successo da Riccardo Scamarcio, e della sua storia d'amore con Bambi (Carlotta Tesconi).",
    "genres" : [ ]
  }, {
    "id" : 38701,
    "title" : "The Devil's Rain",
    "overview" : "Satanists in the middle west terrorize and sometimes melt the terrified locals.",
    "genres" : [ {
      "id" : 27,
      "name" : "Horror"
    } ]
  }, {
    "id" : 38706,
    "title" : "The Sect",
    "overview" : "This stylishly photographed horror movie centers upon a beautiful, good-hearted schoolteacher whose life becomes a living hell after she is chosen to bear the son of Satan. Her horrible ordeal begins when an ancient enigmatic traveller places an ancient, supposedly extinct, insect up her nose. It crawls into her brain. She soon begins having terrifying dreams and more. When she learns the awful truth about her relationship with the Dark Master things get even worse. Still the baby is born and the poor woman faces a terrible and, genre-wise, surprising choice.",
    "genres" : [ {
      "id" : 53,
      "name" : "Thriller"
    }, {
      "id" : 27,
      "name" : "Horror"
    } ]
  }, {
    "id" : 38716,
    "title" : "Rebecca of Sunnybrook Farm",
    "overview" : "Rebecca's Uncle Harry leaves her with Aunt Miranda who forbids her to associate with show people. But neighbor Anthony Kent is a talent scout who secretly set it up for her to broadcast.",
    "genres" : [ {
      "id" : 18,
      "name" : "Drama"
    }, {
      "id" : 10751,
      "name" : "Family"
    }, {
      "id" : 10402,
      "name" : "Music"
    } ]
  }, {
    "id" : 38721,
    "title" : "Wife vs. Secretary",
    "overview" : "Magazine publisher Van Stanhope is a hard-working, dynamic executive very happily married to his beautiful wife Linda. Although their relationship is is built on unconditional trust, friends caution her about the dangers of allowing Whitey, her husband's extremely sexy secretary, to continue to have access to him. Even Van's mother warns Linda that Van's father philandered during their marriage, and Van, like all men, will eventually succumb to opportunity and temptation. Although Whitey has a faithful boyfriend, she secretly harbors unrequited feelings for her boss. When they take business trip to Havana, circumstantial evidence convinces Linda that the rumors she's heard may have a basis in fact.",
    "genres" : [ {
      "id" : 35,
      "name" : "Comedy"
    }, {
      "id" : 18,
      "name" : "Drama"
    }, {
      "id" : 10749,
      "name" : "Romance"
    } ]
  }, {
    "id" : 38726,
    "title" : "Stage Door Canteen",
    "overview" : "A young soldier on a pass in New York City visits the famed Stage Door Canteen, where famous stars of the theater and films appear and host a recreational center for servicemen during the war. The soldier meets a pretty young hostess and they enjoy the many entertainers and a growing romance",
    "genres" : [ {
      "id" : 35,
      "name" : "Comedy"
    }, {
      "id" : 10402,
      "name" : "Music"
    }, {
      "id" : 10749,
      "name" : "Romance"
    } ]
  }, {
    "id" : 38731,
    "title" : "An Unmarried Woman",
    "overview" : "A wealthy woman from Manhattan's Upper East Side struggles to deal with her new identity and her sexuality after her husband of 16 years leaves her for a younger woman.",
    "genres" : [ {
      "id" : 18,
      "name" : "Drama"
    }, {
      "id" : 10749,
      "name" : "Romance"
    }, {
      "id" : 35,
      "name" : "Comedy"
    } ]
  } ]
}