{
  "movies" : [ {
    "id" : 53926,
    "title" : "Daddy Duck",
    "overview" : "For some reason, Donald adopts a baby. It turns out not to be a duck, but a kangaroo. Donald takes little Joey home and tries to make him take a bath, with the help of the friendly lady of the adoption bureau on the telephone telling him what to do. After the bath, Donald's baby is scared by the rug made of a bear.",
    "genres" : [ {
      "id" : 16,
      "name" : "Animation"
    } ]
  }, {
    "id" : 53931,
    "title" : "Seven Alone",
    "overview" : "A fictionalized account of the real-life adventure of the Sager family. Travelling with a wagon train from Missouri to Oregon, things are going well for the Sagers, until father Sager dies from blood poisoning following an Indian attack, and mother Sager dies soon afterward from pneumonia. The leaders of the wagon train decide to send the children back, but the oldest, John (who had been described by all the adults as lazy and worthless), decides to lead his siblings through the wilderness to complete the journey their parents started.",
    "genres" : [ {
      "id" : 18,
      "name" : "Drama"
    }, {
      "id" : 10751,
      "name" : "Family"
    } ]
  }, {
    "id" : 53936,
    "title" : "The Crazy Rulers of the World",
    "overview" : "The Crazy Rulers of the World is the extraordinary, never before told story of what happened when chiefs of US intelligence, the army, and the government began believing in very strange things. Three years in the making, Jon Ronson's Crazy Rulers of the World explores the apparent madness at the heart of US military intelligence.",
    "genres" : [ {
      "id" : 99,
      "name" : "Documentary"
    } ]
  }, {
    "id" : 53941,
    "title" : "The Foundation",
    "overview" : "After many experienced EnduroCross: The Movie, ShotMaker Productions rolls out with the sequel, The Foundation. Follow us on an adventure of the 2010 EnduroCross series. Go behind the scenes of EnduroCross as The Foundation documents the factory teams from the board rooms, all the way to the practice track. See Poland's Taddy Blazusiak and America's Geoff Aaron battle it out for the 2010 EnduroCross championship. In the Foundation DVD... See every pass, crash, and win of the 6 round",
    "genres" : [ ]
  }, {
    "id" : 53946,
    "title" : "Amores locos",
    "overview" : "",
    "genres" : [ {
      "id" : 10749,
      "name" : "Romance"
    }, {
      "id" : 18,
      "name" : "Drama"
    } ]
  }, {
    "id" : 53961,
    "title" : "Brainstorm",
    "overview" : "A trip to the mental institution hell. This odyssey is lived by Neto, a middle class teenager, who lives a normal life until his father sends him to a mental institution after finding drugs on his pocket. The maconha cigarrete is just the final drop that exposes the family tragedy. Send to a mental institution, Neto gets to know a completely absurd, inhumane reality in which the people are devoured by a corrupt and cruel institution system. The documentary type language used by the director give this movie a sensation of realty that increases even more the impact of the emotions Neto goes through. In the mental institution, Neto is forced to mature. The transformations that he goes through change this relations with his father.",
    "genres" : [ {
      "id" : 18,
      "name" : "Drama"
    } ]
  }, {
    "id" : 53971,
    "title" : "The Tenderfoot",
    "overview" : "Based on author James H. Tevis' Arizona in the 50s, The Tenderfoot stars Brandon De Wilde as young Tevis. With nothing more than a stetson, a gun, and three buddies, Tevis heads west to seek his destiny. Along the way, he befriends a crusty Army dragoons captain (James Whitmore), Kit Carson's black-sheep brother Mose (Brian Keith), and an itinerant musician-turned-trooper (Paul Durand). Tevis' adventures include the roundup of wild mustangs and a climactic horse race",
    "genres" : [ ]
  }, {
    "id" : 53981,
    "title" : "Copy Shop",
    "overview" : "A man awakens and goes to his job at the copy shop. During his morning test of the machine, he accidentally copies his hand; while he's looking at that copy, the machine starts churning out scenes from earlier that morning. Spooked by this, he closes up early and goes home. Soon, he starts seeing copies of himself in more and more places. Written by Jon Reeves. Wordless story about a man who awakes in his bed wearing his clothes (including a check vest). He rises, washes his face, combs his hair, and heads for work across the street at a copy shop. He inadvertently makes a photocopy of his hand, and then the machine beings turning out copies of photographs of himself, the street outside, and his apartment. He unplugs the copier and heads home. He repeats the scene we saw earlier. Copies of himself emerge from bed; baffled, he watches them go to work. Soon, it seems, he's part of a society in which everyone looks like him and wears check vest. Can he get things back to normal?",
    "genres" : [ ]
  }, {
    "id" : 53986,
    "title" : "Resident Evil 4D: Executer",
    "overview" : "5 members of the U.B.C.S. are sent to Racoon City to trace Dr. Chameleon and, foremost, her research. However, the horrors they encounter are beyond their imagination.",
    "genres" : [ {
      "id" : 16,
      "name" : "Animation"
    }, {
      "id" : 27,
      "name" : "Horror"
    } ]
  }, {
    "id" : 54001,
    "title" : "The Traveler",
    "overview" : "The Traveler is a 1974 Iranian drama film directed by Abbas Kiarostami that tells the story of Hassan Darabi, a troublesome, amoral 10-year-old boy in a small Iranian town. He wishes to see the Iran national football team play an important match in Tehran. In order to achieve that, he scams his friends and neighbors. After a number of adventures, he finally reaches Tehran stadium at the time of the match. The film addresses the boy's determination in his goal and his indifference to the effects of his actions on other people, particularly those who are closest to him. In its element, the film is an examination of human behavior and the balance of right and wrong.",
    "genres" : [ {
      "id" : 18,
      "name" : "Drama"
    } ]
  }, {
    "id" : 54006,
    "title" : "Bronco Bullfrog",
    "overview" : "Bronco Bullfrog is a 1969 British black and white film directed by Barney Platts-Mills and stars Del Walker and Anne Gooding. It is set in London's East End and features the suedehead subculture. The film has acquired cult status.",
    "genres" : [ {
      "id" : 18,
      "name" : "Drama"
    } ]
  }, {
    "id" : 54011,
    "title" : "Waterhole #3",
    "overview" : "James Coburn is a con man and grifter who comes across a map that leads to a fortune in stolen US Army gold. Carroll O'Connor is the crooked sheriff who stays on Coburn's tail.",
    "genres" : [ {
      "id" : 37,
      "name" : "Western"
    }, {
      "id" : 35,
      "name" : "Comedy"
    } ]
  }, {
    "id" : 54041,
    "title" : "The Sky-Colored Seed",
    "overview" : "The Sky-Colored Seed is a series of three TV spots created for the Nippon TV (NTV) network to commemorate its 40th anniversary. The story is about a boy who plants a sky-colored seed, which grows into a big house with a lot of animals in it. It is based on the 1964 children's book The Sky-Colored Seed by Reiko Nakagawa and Yuriko Omura",
    "genres" : [ ]
  }, {
    "id" : 54051,
    "title" : "The Song of Ceylon",
    "overview" : "Made by the GPO Film Unit and sponsored by both the Empire Tea Marketing Board and the Ceylon Tea Board, Song of Ceylon is one of the most critically acclaimed products of the documentary film movement. It was hailed at the time of its release by author and film critic Graham Greene as a cinematic masterpiece, and received the award for best film at the International Film Festival in Brussels, 1935.  The film is a sophisticated documentary, notable for its experimentation with sound. It features crucial input from Alberto Cavalcanti, who helped with the soundtrack, as well as composer Walter Leigh, who experimented in the studio to create a number of sound effects.",
    "genres" : [ ]
  }, {
    "id" : 54056,
    "title" : "The Dark Side",
    "overview" : "Explore the dark side as Adam Wolfe lures Johnny Brosnan in with a personal ad and promises to explore lurid fantasies of dominance and submission. Four scenes explore Johnny's deep-seated fantasies, which include sex between confessor and priest, boy scouts who earn their badges with honor, and sizzling daddy-son action.",
    "genres" : [ ]
  }, {
    "id" : 54061,
    "title" : "The Secret World of Benjamin Bear - Having Fun With Pets",
    "overview" : "Enter The Secret World Of Benjamin Bear, where teddy bears lead lives full of amazing adventures. Irrepressible teddy bears Benjamin and Howie are at it again, caring for their human kids, Maxwell and Eliza, and their pets! Along the way they show what it means to be kind to others by finding pets for kids in need without taking any credit - they can't risk getting caught! Episode 1: Harry Hamster Episode 2: Best Friend Episode 3: Cargo Cat",
    "genres" : [ {
      "id" : 16,
      "name" : "Animation"
    }, {
      "id" : 10751,
      "name" : "Family"
    } ]
  }, {
    "id" : 54066,
    "title" : "Deep South - The Big and the Easy, Part 1",
    "overview" : "Escapades of sex and indulgence in the Big Easy. Josh Weston explores New Orleans to investigate the disappearance of a senator's son. As he falls into a web of intrigue, murder, kidnapping and hot sex, he realizes that they don't call it the Big Easy for nothing.",
    "genres" : [ ]
  }, {
    "id" : 54071,
    "title" : "Nuclear Rescue 911: Broken Arrows & Incidents",
    "overview" : "Since 1950, there have been 32 nuclear weapon accidents, known as \"Broken Arrows.\" A Broken Arrow is defined as an unexpected event involving nuclear weapons that result in the accidental launching, firing, detonating, theft or loss of the weapon. To date, six nuclear weapons have been lost and never recovered.Now, recently declassified documents reveal the history and secrecy surrounding the events known as \"Broken Arrows\". There have been 32 nuclear weapon accidents since 1950. Six of these nuclear weapons have been lost and never recovered. What does this say about our defense system? What does this mean to our threatened environment? What do we do to rectify these monumental \"mistakes\"? Using spectacular special effects, newly uncovered and recently declassified footage, filmmaker Peter Kuran explores the accidents, incidents and exercises in the secret world of nuclear weapons.",
    "genres" : [ {
      "id" : 99,
      "name" : "Documentary"
    }, {
      "id" : 10752,
      "name" : "War"
    }, {
      "id" : 36,
      "name" : "History"
    } ]
  }, {
    "id" : 54076,
    "title" : "Moth and the Flame",
    "overview" : "A group of moths invades a costume shop through a badly plugged hole in a window and makes quick work of the contents. A male moth ignores his lady to chow down on a hat and she's soon seduced by a candle flame, which rapidly spreads. He notices her trapped in a spider web with the fire attacking and makes some attempts to save her, but pours benzene on the fire by mistake. The rest of the moths are summoned, and they fight the fire with water-filled bagpipes, an air drop with a water-filled funnel, etc., while our hero works to free his lady from the spider web.",
    "genres" : [ {
      "id" : 16,
      "name" : "Animation"
    } ]
  }, {
    "id" : 54081,
    "title" : "Aakrosh",
    "overview" : "Three friends from Delhi go missing in a small village - Jhanjhar, in Bihar. It's 2 months and there is no clue about their disappearance. The media and students movement demand action from the authorities. It's then that the government orders a Central Bureau of Investigation enquiry with officers Sidhant Chaturvedi (Akshaye Khanna) and Pratap Kumar (Ajay Devgn) to solve the case.",
    "genres" : [ {
      "id" : 28,
      "name" : "Action"
    } ]
  }, {
    "id" : 54096,
    "title" : "Three Days of Rain",
    "overview" : "Six Anton Chekhov short stories set in modern day Cleveland during a three day rain storm.",
    "genres" : [ {
      "id" : 18,
      "name" : "Drama"
    } ]
  }, {
    "id" : 54101,
    "title" : "Born of Earth",
    "overview" : "Over centuries humans have been mysteriously disappearing with no explanations, just hushed whispers in the dark. On the surface Prophet Hills seems like a perfect place to live and raise a family, but Danny Kessler (Baldwin) has seen better days. This is one man's journey to find the culprit of the ultimate sacrifice he's endured. He must face his demons and go back to the place that has haunted him. He must convince family, friends and townspeople that something is not right in Prophet Hills. He must make them believe that something evil is living beneath their own backyards.",
    "genres" : [ {
      "id" : 27,
      "name" : "Horror"
    }, {
      "id" : 53,
      "name" : "Thriller"
    }, {
      "id" : 878,
      "name" : "Science Fiction"
    } ]
  }, {
    "id" : 54106,
    "title" : "The Lamb of God",
    "overview" : "Portrays the dramatic events of the last hours of Jesus' life and his resurrection.",
    "genres" : [ {
      "id" : 10751,
      "name" : "Family"
    }, {
      "id" : 18,
      "name" : "Drama"
    }, {
      "id" : 36,
      "name" : "History"
    } ]
  }, {
    "id" : 54111,
    "title" : "Memento Mori",
    "overview" : "The film revolves around the relationship between two high school students, Yoo Shi-Eun and Min Hyo-Shin. As the two girls become romantically involved, their taboo friendship causes them to be marginalized by the other students. Unable to cope with the social pressures of having a lover of the same gender, Shi-Eun tries to distance herself from the increasingly dependent Hyo-Shin.",
    "genres" : [ {
      "id" : 14,
      "name" : "Fantasy"
    }, {
      "id" : 27,
      "name" : "Horror"
    }, {
      "id" : 10749,
      "name" : "Romance"
    } ]
  }, {
    "id" : 54116,
    "title" : "Unhinged",
    "overview" : "College students, Terry, Nancy and Gloria are on their way to a rock concert, driving through a torrential rainstorm...only to crash their car, badly injuring one of them. Seeking shelter and aid they come across a house occupied by a man-hating mother and her 'daughter'...our trio soon wish they hadn't.",
    "genres" : [ {
      "id" : 27,
      "name" : "Horror"
    } ]
  }, {
    "id" : 54121,
    "title" : "The Slayer",
    "overview" : "Four young people vacation on a barren island. One of them, a female artist, has dreams that depict ghastly murders. Sure enough, the fun begins when her boyfriend is found dead.",
    "genres" : [ {
      "id" : 27,
      "name" : "Horror"
    } ]
  }, {
    "id" : 54131,
    "title" : "Weather Woman",
    "overview" : "Keiko, a young, newly hired weather woman, is eager to give her channel's flagging ratings a boost. She decides a panty shot might do the trick, so during her forecast she lifts her skirt, thereby capturing the attention and the hearts of viewers. Keiko's stunt creates such a stir of excitement over the weather report that viewers begin religiously turning in to see what she'll do next. However, this showboating routine earns the ire of Kaori, the beautiful and ambitious daughter of JTV's chairman. Jealous of her success and aching to take over the weather report, Kaori is willing to do just about anything to get what she wants.",
    "genres" : [ {
      "id" : 35,
      "name" : "Comedy"
    }, {
      "id" : 14,
      "name" : "Fantasy"
    }, {
      "id" : 10749,
      "name" : "Romance"
    }, {
      "id" : 878,
      "name" : "Science Fiction"
    } ]
  }, {
    "id" : 54141,
    "title" : "Controsesso",
    "overview" : "An anthology of sex themed stories",
    "genres" : [ {
      "id" : 35,
      "name" : "Comedy"
    } ]
  }, {
    "id" : 54146,
    "title" : "Pitfall",
    "overview" : "A man wanders into a seemingly deserted town with his young son in search of work. But after a bit of bad luck, he joins the town's population of lost souls.",
    "genres" : [ {
      "id" : 14,
      "name" : "Fantasy"
    }, {
      "id" : 18,
      "name" : "Drama"
    }, {
      "id" : 80,
      "name" : "Crime"
    }, {
      "id" : 878,
      "name" : "Science Fiction"
    }, {
      "id" : 10769,
      "name" : "Foreign"
    } ]
  }, {
    "id" : 54156,
    "title" : "First Desires",
    "overview" : "Three teenage girls decide to visit a romantic island and find love. They get shipwrecked and end up on different sides of the island. Each girl begins her own romantic adventure either with a man, a boy or even another girl.",
    "genres" : [ {
      "id" : 18,
      "name" : "Drama"
    }, {
      "id" : 10749,
      "name" : "Romance"
    } ]
  }, {
    "id" : 54161,
    "title" : "The Umbilical Brothers: Don't Explain",
    "overview" : "Don't Explain is a selection of tangent skits that contain no overall plot. There are however continuing themes throughout the show, one of which is Dave's attempt to get the hand-held microphone off Shane; this leads to a climax in which they both have microphones and have a Face, Race and Chase Off. Another is the performance of European Visual comedy by Hans and Klaus.",
    "genres" : [ ]
  }, {
    "id" : 54166,
    "title" : "La feldmarescialla",
    "overview" : "",
    "genres" : [ {
      "id" : 10752,
      "name" : "War"
    }, {
      "id" : 35,
      "name" : "Comedy"
    } ]
  }, {
    "id" : 54176,
    "title" : "Chips Ahoy",
    "overview" : "Chip and Dale are starving in their tree home when they notice a plentiful supply of acorns on an island in a lake. To get to the island, they borrow a miniature model ship of Donald's to sail on. The irate Donald, however, doesn't appreciate them stealing his ship and makes several attempts to get it back and thwart their scheme to get to their acorn paradise. Chip and Dale are, of course, always one step ahead of Donald.",
    "genres" : [ {
      "id" : 16,
      "name" : "Animation"
    } ]
  }, {
    "id" : 54181,
    "title" : "Shark City",
    "overview" : "Dagen and Kenny are two best friends in their early thirties living in New York who are looking for love in all the wrong places. One of them finds his dream girl, who just happens to be the daughter of the biggest mobster in town, and the other friend swindles her mob boss Dad out of a million dollars.",
    "genres" : [ {
      "id" : 35,
      "name" : "Comedy"
    }, {
      "id" : 18,
      "name" : "Drama"
    }, {
      "id" : 10749,
      "name" : "Romance"
    } ]
  }, {
    "id" : 54186,
    "title" : "Confessions",
    "overview" : "A psychological thriller of a grieving mother turned cold-blooded avenger with a twisty master plan to pay back those who were responsible for her daughter's death.",
    "genres" : [ {
      "id" : 18,
      "name" : "Drama"
    }, {
      "id" : 53,
      "name" : "Thriller"
    }, {
      "id" : 9648,
      "name" : "Mystery"
    } ]
  }, {
    "id" : 54191,
    "title" : "Paris Trout",
    "overview" : "Paris Trout is a vile Southern bigot. He owns a store and is a loanshark. He often sues people, and so his lawyer, Harry Seagraves, eventually meets Paris' wife Hannah. A former schoolteacher, she made the mistake of her life when she married Paris, who brutalizes her. Soon Paris goes beyond the overgenerous bounds of what a man in his position can get away with even in the segregated South, leading to a spiral of perverse insanity.",
    "genres" : [ ]
  }, {
    "id" : 54201,
    "title" : "The Naked Kitchen",
    "overview" : "Today is Mo-rae and Sang-in’s one-year wedding anniversary. After a busy morning preparing for the celebration, Mo-rae goes to an art gallery to find a gift for Sang-in. At the gallery, she meets a complete stranger and the two unexpectedly have sex. Mo-rae returns home feeling anxious and guilty about the incident and cannot help but confess it to Sang-in. That night, a visitor arrives at their house; Du-rae, who came from Paris to help Sang-in with his new business. To Mo-rae’s shock, he is the man from the gallery. He temporarily lives with the couple in their house and a risky love triangle begins.",
    "genres" : [ {
      "id" : 18,
      "name" : "Drama"
    }, {
      "id" : 10749,
      "name" : "Romance"
    } ]
  }, {
    "id" : 54206,
    "title" : "Expert Guide To Anal Pleasure For Men",
    "overview" : "Discover hot to combine anal pleasure with oral sex, have fantastic strap-on sex, and give your partner an anal orgasm. A revealing look at one of the sexiest, most intense ways for couples to take their sex lives to the next level.",
    "genres" : [ ]
  }, {
    "id" : 54211,
    "title" : "Torture Room",
    "overview" : "TORTURE ROOM stars Brooke Bailey and Nicki Streisel as two young women who enjoy treating men as toys, manipulating them for fun. But, when their car gets a flat tire on the way home from a big night out on the town the girls find themselves on the other end of the game as they run into a twisted maniac who has a very bloody manipulation hobby of his own.",
    "genres" : [ {
      "id" : 27,
      "name" : "Horror"
    }, {
      "id" : 53,
      "name" : "Thriller"
    } ]
  }, {
    "id" : 54221,
    "title" : "Therese and Isabelle",
    "overview" : "Two young girls experience awakening sexuality in the heated atmosphere of a Swiss girls' boarding school.",
    "genres" : [ {
      "id" : 18,
      "name" : "Drama"
    }, {
      "id" : 10749,
      "name" : "Romance"
    } ]
  }, {
    "id" : 54236,
    "title" : "Cousin Angelica",
    "overview" : "When the single middle-aged Luis travels from Barcelona to bury the remains of his mother in the vault of his family in Segovia, he is lodged by his aunt Pilar in her old house where he spent his summer of 1936 with her. He meets his cousin Angelica, who was his first love, living on the first floor with her husband and daughter, and he recalls his childhood in times of the Spanish Civil War entwined with the present.",
    "genres" : [ {
      "id" : 18,
      "name" : "Drama"
    } ]
  }, {
    "id" : 54241,
    "title" : "The Extra Girl",
    "overview" : "Sue Graham is a small town girl who wants to be a motion picture star. She wins a contract when a picture of a very pretty girl is sent to a studio instead of her picture. When she arrives in Hollywood, the mistake is discovered and she starts working in the props department of the studio instead. Her parents then come out to California and invest some money with a very shifty individual.",
    "genres" : [ {
      "id" : 35,
      "name" : "Comedy"
    } ]
  }, {
    "id" : 54256,
    "title" : "Rang Birangi",
    "overview" : "Sparkling comedy about a meddling friend whose attempt to rekindle the spark in his friend's relationship with his wife of seven years leads to complications to their lives, and to the lives of his secretary and her boyfriend he has not 'scripted' ... Splendid performances by Amol Palekar, Deepti Naval, Parveen Babi and Farooq Shaikh, a perfectly pitched script, witty dialogue and a plethora of aptly placed film references make this a film one can watch over and over and never fail to laugh out loud.",
    "genres" : [ {
      "id" : 35,
      "name" : "Comedy"
    }, {
      "id" : 18,
      "name" : "Drama"
    }, {
      "id" : 10749,
      "name" : "Romance"
    } ]
  }, {
    "id" : 54266,
    "title" : "Fight, Zatôichi, Fight",
    "overview" : "Blind swordsman/masseuse Zatoichi befriends a young woman returning home with her baby. When gangsters mistake her for Zatoichi and kill her, Zatoichi determines to escort the baby to its father. He gains the reluctant help of a young pick pocket and together they travel to find the baby's father. But they do not reckon on the father's reaction to their arrival, nor on their own growing feelings for the child.",
    "genres" : [ {
      "id" : 12,
      "name" : "Adventure"
    }, {
      "id" : 28,
      "name" : "Action"
    }, {
      "id" : 18,
      "name" : "Drama"
    } ]
  }, {
    "id" : 54271,
    "title" : "The Big Bang",
    "overview" : "A private detective is hired to find a missing stripper but the job turns complicated when everyone he questions ends up dead. From the mean streets of Los Angeles to the desolate desert of New Mexico, Cruz must contend with a brutal Russian Boxer, three brash LAPD detectives, an aged billionaire looking for the Big Bang, and the billionaire's stunningly gorgeous wife. The solution to the mystery will cost ten lives, net $30 million and just might explain - well - everything.",
    "genres" : [ {
      "id" : 28,
      "name" : "Action"
    }, {
      "id" : 9648,
      "name" : "Mystery"
    }, {
      "id" : 53,
      "name" : "Thriller"
    } ]
  }, {
    "id" : 54276,
    "title" : "Zatôichi's Pilgrimage",
    "overview" : "Our hero Zatoichi sails to one of the distant islands to begin a pilgrimage to a total of 88 Shinto shrines.",
    "genres" : [ {
      "id" : 18,
      "name" : "Drama"
    } ]
  }, {
    "id" : 54281,
    "title" : "Samaritan Zatôichi",
    "overview" : "Zatoichi is forced to kill a young man who owes a debt to a yakuza boss. Moments later, his sister Osode arrives with the money she earned (prostituting herself) to pay his debts. The bosses true motives are revealed and he attempts to steal Osode even though the debt is paid. Zatoichi realizes his grievous error and protects the girl from the gang. Osode and Zatoichi are caught in a dilemma as she must rely on her brother's killer for protection and Zatoichi wrestles with the injustice he has caused.",
    "genres" : [ {
      "id" : 12,
      "name" : "Adventure"
    }, {
      "id" : 28,
      "name" : "Action"
    }, {
      "id" : 18,
      "name" : "Drama"
    } ]
  }, {
    "id" : 54286,
    "title" : "The Fantastic Seven",
    "overview" : "Christopher Connelly stars as stuntman Hill Singleton in this daring, high seas, rescue adventure. When film star Rebecca Way is kidnapped from her own set, Hill must come up with a plan. Because she is stashed away in international waters the F.B.I's hands are tied, so Hill must take matters into his own hands. He has just 72 hours to round up an all star rescue team, including Morgan Brittany and Christopher Lloyd, and pull off this daring rescue!",
    "genres" : [ {
      "id" : 12,
      "name" : "Adventure"
    }, {
      "id" : 10770,
      "name" : "TV Movie"
    } ]
  }, {
    "id" : 54291,
    "title" : "The River",
    "overview" : "In Taiwan a young man with a mysterious paralysis massages his neck with his mother's dildo, meanwhile the rain is flooding the island.",
    "genres" : [ {
      "id" : 18,
      "name" : "Drama"
    }, {
      "id" : 10769,
      "name" : "Foreign"
    }, {
      "id" : 10749,
      "name" : "Romance"
    } ]
  }, {
    "id" : 54301,
    "title" : "Showboy",
    "overview" : "Christian Taylor, a writer on hit TV series Six Feet Under, is being profiled by a British documentary crew when he's sacked, though he doesn't know they've overheard the firing. They follow him to Las Vegas, where he is ostensibly doing \"research\" for the next season, but is actually pursuing a dream to become a dancer in a Vegas show.",
    "genres" : [ {
      "id" : 35,
      "name" : "Comedy"
    }, {
      "id" : 99,
      "name" : "Documentary"
    } ]
  }, {
    "id" : 54306,
    "title" : "Zatôichi in Desperation",
    "overview" : "Zatoichi tries to save a maiden in distress in this sequel to the popular series about a blind samurai swordsman who moonlights as a masseur. Always fighting for the underdog, noble Zatoichi sets out to keep a girl from becoming a prostitute. But he makes enemies despite his good intentions and must fight off thugs, warriors and the girl's boyfriend.",
    "genres" : [ {
      "id" : 12,
      "name" : "Adventure"
    }, {
      "id" : 28,
      "name" : "Action"
    }, {
      "id" : 18,
      "name" : "Drama"
    } ]
  }, {
    "id" : 54311,
    "title" : "Earth, Wind & Fire: Live in Tokyo",
    "overview" : "One of the hottest R&amp;B groups of all time, the legendary Earth, Wind and Fire in concert define excitement. Performing hit after hit in their distinctive style, the band gives everything they've got in this concert, captured live on their remarkable 1994 SRO tour of Japan, co-founder Maurice White's final performances. Always dynamite on stage with their unmistakable sound and showmanship, Earth, Wind and Fire combine all the greatest elements for one of the best live shows on Earth! Includes interviews with band members Philip Bailey, Verdine White, Ralph Johnson and Maurice White.  Tracklisting: 1. September 2. Let Your Feelings Show 3. Let's Groove 4. Runnin' 5. Boogie Wonderland 6. Can't Hide Love 7. Fantasy 8. Kalimba Interlude 9. Evil 10. Shining Star 11. Keep Your Head To The Sky 12. Reasons 13. Sing A Song 14. That's The Way Of The World 15. Wouldn't Change A Thing About You 16. After The Love Is Gone 17. System Of Survival",
    "genres" : [ ]
  }, {
    "id" : 54316,
    "title" : "Tonite Let's All Make Love in London",
    "overview" : "Peter Whitehead’s disjointed Swinging London documentary, subtitled “A Pop Concerto,” comprises a number of different “movements,” each depicting a different theme underscored by music: A early version of Pink Floyd’s “Interstellar Overdrive” plays behind some arty nightclub scenes, while Chris Farlowe’s rendition of the Rolling Stones’ “Out of Time” accompanies a young woman’s description of London nightlife and the vacuousness of her own existence. In another segment, the Marquess of Kensington (Robert Wace) croons the nostalgic “Changing of the Guard” to shots of Buckingham Palace’s changing of the guard, and recording act Vashti are seen at work in the studio. Sandwiched between are clips of Mick Jagger (discussing revolution), Andrew Loog Oldham (discussing his future) – and Julie Christie, Michael Caine, Lee Marvin, and novelist Edna O’Brien (each discussing sex). The best part is footage of the riot that interrupted the Stones’ 1966 Royal Albert Hall concert.",
    "genres" : [ {
      "id" : 99,
      "name" : "Documentary"
    } ]
  }, {
    "id" : 54321,
    "title" : "Blind Fist of Bruce",
    "overview" : "The incomparable martial arts expert, Bruce Li, stars as a wealthy hero who defends his village from the assaults of ill-wishers.",
    "genres" : [ {
      "id" : 28,
      "name" : "Action"
    } ]
  }, {
    "id" : 54326,
    "title" : "Help Me, Eros",
    "overview" : "Ah Jie lost everything in the stock market due to a severe economic crisis. He spends his days in his sealed apartment, smoking joints and looking after the marijuana plants that he secretly grows in his wardrobe. In desperation, he calls a suicide helpline and gets to know Chyi, whose sweet and gentle voice causes him to fall in love with his fantasized image of her. He tries to ask her out but is repeatedly rejected. He begins projecting his fantasy of Chyi on Shin, the new girl working at the betel nut stall downstairs. Shin is always sexily dressed in order to lure male customers. Ah Jie becomes closer to her and soon the two of them sink into a world of erotic and psychedelic pleasures. At the same time, Ah Jie begins to stalk Chyi.",
    "genres" : [ {
      "id" : 18,
      "name" : "Drama"
    }, {
      "id" : 10769,
      "name" : "Foreign"
    } ]
  }, {
    "id" : 54331,
    "title" : "On the Corner",
    "overview" : "Angel and Randy Henry are a sister and brother, caught on the mean streets of Vancouver's Downtown Eastside. While Angel finds the strength to escape her seemingly hopeless situation, Randy slips deeper into a world consumed by abandonment and fuelled by drugs.",
    "genres" : [ {
      "id" : 18,
      "name" : "Drama"
    } ]
  }, {
    "id" : 54336,
    "title" : "Hori Smoku Sailor Jerry",
    "overview" : "A look at the history of tattoos in America, featuring tattooing legend Norman \"Sailor Jerry\" Collins.",
    "genres" : [ {
      "id" : 99,
      "name" : "Documentary"
    } ]
  }, {
    "id" : 54341,
    "title" : "James Taylor Pull Over",
    "overview" : "Songs: Everyday, That's Why I'm Here, Only One, Frozen Man, On the 4th of July, Whenever You're Ready, Raised Up Family, Mexico, Steamroller Blues, Carolina in My Mind, Millworker, Sun on the Moon, Junkie's Lament, Copperline, Shed a Little Rain, Fire and Rain, You've Got a Friend, Your Smiling Face, How Sweet It Is (To Be Loved by You), Traffic Jam, Knock on Wood, You Can Close Your Eyes, Sweet Baby James Behind the scenes: the making of October Road Biography and discography",
    "genres" : [ {
      "id" : 10402,
      "name" : "Music"
    } ]
  }, {
    "id" : 54346,
    "title" : "Občan Havel",
    "overview" : "",
    "genres" : [ {
      "id" : 99,
      "name" : "Documentary"
    } ]
  }, {
    "id" : 54351,
    "title" : "Liberty's Kids - The Boston Tea Party",
    "overview" : "It's the dead of night in Boston Harbor and our intrepid reporters, Sarah and James, spot colonists disguised as Mohawk Indians sneaking aboard British ships and dumping tons of tea overboard. This act of defiance against the British authority is a defining moment of the American Revolution. It's then on to Lexington and Concord, where citizens calling themselves \"Minutemen\" take up arms against the powerful, experienced British army of \"redcoats.\" Outnumbered and outgunned, the Minutemen refuse to back down, and soon the evening's silence is shattered by the \"shot heard around the world.\" On the village green in Lexington, the first shot of the Revolutionary War has just been fired!",
    "genres" : [ ]
  }, {
    "id" : 54356,
    "title" : "Emmauksen tiellä",
    "overview" : "",
    "genres" : [ ]
  }, {
    "id" : 54371,
    "title" : "Race Against Time",
    "overview" : "When a man faces surmounting bills for his dying son's hospital stay, he enters into an agreement to sell his body for organ transplants to pay the bills. However, when he is advised that the doctors want to claim his organs immediately, he goes on the run",
    "genres" : [ {
      "id" : 10770,
      "name" : "TV Movie"
    }, {
      "id" : 28,
      "name" : "Action"
    }, {
      "id" : 878,
      "name" : "Science Fiction"
    }, {
      "id" : 53,
      "name" : "Thriller"
    } ]
  }, {
    "id" : 54381,
    "title" : "Magnifico",
    "overview" : "With a daughter who suffers from cerebral palsy and a son who's lost his much-needed scholarship, an impoverished married couple begins to abandon their faith and courage in the face of such misfortune. But when a gifted young boy called Magnifico uses his goodness to magically transform their lives for the better, the family's belief in miracles is restored. Suddenly, living with adversity doesn't seem like such a burden.",
    "genres" : [ {
      "id" : 10769,
      "name" : "Foreign"
    }, {
      "id" : 18,
      "name" : "Drama"
    } ]
  }, {
    "id" : 54386,
    "title" : "Vancouver 2010 Olympic Winter Games: Closing Ceremony",
    "overview" : "Closing Ceremony",
    "genres" : [ ]
  }, {
    "id" : 54391,
    "title" : "Millions Like Us",
    "overview" : "Millions Like Us is a 1943 British propaganda film, showing life in a wartime aircraft factory in documentary detail. It stars Patricia Roc, Eric Portman, Megs Jenkins, and Anne Crawford, was written by Sidney Gilliat, and directed by Gilliat and Frank Launder. It was filmed at Gainsborough Studios. When Celia Crowson (Roc) is called up for war service, she hopes for a glamorous job in one of the services, but as a single girl she is directed into a factory making aircraft parts. Here she meets other girls from all different walks of life, and begins a relationship with a young airman.",
    "genres" : [ {
      "id" : 18,
      "name" : "Drama"
    }, {
      "id" : 10749,
      "name" : "Romance"
    } ]
  }, {
    "id" : 54396,
    "title" : "The Cheerleaders",
    "overview" : "A group of cheerleaders from the local high school decide to show their school spirit for their football team by sleeping with the opponents the night before the game so that they can be so worn out the opposition won't be able to play.",
    "genres" : [ {
      "id" : 35,
      "name" : "Comedy"
    } ]
  }, {
    "id" : 54401,
    "title" : "Timbiriche: The Concert",
    "overview" : "This DVD features the historical concert of the reunion of the original members in the renowned Mexico City venue Auditorio Nacional in 1999. Relive this historic musical event through 13 hits from the pioneering Mexican pop group who spearheaded the pop group musical movement in Latin America. Also included is a bonus music video and interviews.",
    "genres" : [ ]
  }, {
    "id" : 54406,
    "title" : "The Young Visiters",
    "overview" : "The Young Visiters, written in twelve days by nine-year-old Daisy Ashford in 1890, is a surreal blend of naiveté, precocious perception and inadvertent social satire.",
    "genres" : [ {
      "id" : 35,
      "name" : "Comedy"
    }, {
      "id" : 18,
      "name" : "Drama"
    }, {
      "id" : 10751,
      "name" : "Family"
    }, {
      "id" : 10749,
      "name" : "Romance"
    } ]
  }, {
    "id" : 54411,
    "title" : "Lighthouse Keeping",
    "overview" : "Donald is a lighthouse keeper. He shines the light on a sleeping pelican; the angry bird comes into the lighthouse and tries to put out the light. Donald and the bird do battle through the rest of the picture.",
    "genres" : [ {
      "id" : 16,
      "name" : "Animation"
    } ]
  }, {
    "id" : 54416,
    "title" : "Lbs.",
    "overview" : "A 315-pound man decides to kick his food addiction by moving to the country.",
    "genres" : [ {
      "id" : 18,
      "name" : "Drama"
    }, {
      "id" : 35,
      "name" : "Comedy"
    } ]
  }, {
    "id" : 54421,
    "title" : "Mahjong",
    "overview" : "A comedic mystery involving a search for a missing famed businessman, Winston Chen, who has gone AWOL owing $100 million to Taipei's underworld.",
    "genres" : [ {
      "id" : 35,
      "name" : "Comedy"
    }, {
      "id" : 18,
      "name" : "Drama"
    } ]
  }, {
    "id" : 54426,
    "title" : "Kavşak",
    "overview" : "",
    "genres" : [ {
      "id" : 18,
      "name" : "Drama"
    }, {
      "id" : 80,
      "name" : "Crime"
    } ]
  }, {
    "id" : 54431,
    "title" : "The Pact",
    "overview" : "A young woman finds herself alone in the house of her late mother where an unsettling and sinister presence emerges. Short, remade full length in 2012.",
    "genres" : [ {
      "id" : 27,
      "name" : "Horror"
    }, {
      "id" : 18,
      "name" : "Drama"
    } ]
  }, {
    "id" : 54436,
    "title" : "La Pointe-Courte",
    "overview" : "The troubled relationship of a married couple on vacation brushes beside the ongoing conflict between fishing families and the authorities in La Pointe-Courte, Séte.",
    "genres" : [ {
      "id" : 10749,
      "name" : "Romance"
    }, {
      "id" : 18,
      "name" : "Drama"
    } ]
  }, {
    "id" : 54441,
    "title" : "Angel of Evil",
    "overview" : "Set in Italy in the 1970s, VALLANZASCA is the true story of the Italian underworld’s most infamous outlaw. A criminal by age 9, Renato Vallanzasca grew up to become the country’s most notorious mobster before the age of 27. Vallanzasca and his gang wrested control of the Milan underworld with a string of high profile robberies, kidnappings and murders. In the process, he captivated the public and earned the nickname ‘il bel Renè’ – for his devilish charm and handsome face. Arrested multiple times, his daring escapes from prison enraged the government, angered his rivals and fed his legend.",
    "genres" : [ {
      "id" : 80,
      "name" : "Crime"
    }, {
      "id" : 18,
      "name" : "Drama"
    } ]
  }, {
    "id" : 54456,
    "title" : "Raavanan",
    "overview" : "Raavan story is about a Raavan (Vikram) who is waiting for a chance to take revenge on a police officer Ram (Prithviraj) who was responsible for the death of his sister. At the same time Ram gets married to his love Janaki (Aishwarya Rai).But on the very next day of the marriage Raavan kidnaps Janaki and takes her away. Later Janaki comes to know of the real Ram and falls in love with Raavan. In the end after a fiery duel Raavan Vikram loses to Ram Prithvi. But when Ram wanted to take Janaki back home she refuses to go and stays with Raavan.",
    "genres" : [ {
      "id" : 28,
      "name" : "Action"
    }, {
      "id" : 12,
      "name" : "Adventure"
    }, {
      "id" : 80,
      "name" : "Crime"
    } ]
  }, {
    "id" : 54461,
    "title" : "Holy Water-Gate: Abuse Cover-up in the Catholic Church",
    "overview" : "The film begins as a personal journey of filmmaker, Mary Healey, who was also a Catholic. She films a series of historic events where we meet key players involved in the sexual abuse scandal, including victims, whistle-blower priests and a senior ranking US Cardinal who is called upon by the Vatican to control a waxing maelstrom.",
    "genres" : [ {
      "id" : 99,
      "name" : "Documentary"
    } ]
  }, {
    "id" : 54466,
    "title" : "Dirty Business",
    "overview" : "A documentary about the myth of clean coal. The film reveals the true, hidden environmental and social costs of the 'cheap' nineteenth century technology that still provides more than half the electricity powering today's digital age.",
    "genres" : [ {
      "id" : 99,
      "name" : "Documentary"
    } ]
  }, {
    "id" : 54471,
    "title" : "Le Jaguar",
    "overview" : "A shaman from the South American rain forest visits France for a public relations campaign. In a hotel's elevator in Paris he meets a French good-for-nothing named Perrin he's fascinated with. He follows Perrin to his flat and although Perrin is not very enthusiastic about so much interest in his person, he lets the shaman spend the night in his flat. After an official meeting on the next day being part of the PR campaign the shaman suffers from a heart attack. Hardly being able to speak and laying in a hospital bed he demands to see Perrin. The latter is not very interested in meeting the shaman again. However it looks like it is to late for animosities as the shaman and Perrin seem to be tied mentally somehow since they've met in the elevator.",
    "genres" : [ {
      "id" : 12,
      "name" : "Adventure"
    } ]
  }, {
    "id" : 54476,
    "title" : "Femalien",
    "overview" : "In the pursuit of perfection, an alien civilization has evolved to become beings of pure light energy, unbound by the limitations of the mortal body. But they have lost something precious along the way: the ability to experience physical pleasure. They send a representative to Earth to record human sensory experiences. Taking the form of the perfect human female, \"Kara\" uses her powers to unlock the secrets of sensuality so long forgotten on her world.",
    "genres" : [ {
      "id" : 10749,
      "name" : "Romance"
    }, {
      "id" : 878,
      "name" : "Science Fiction"
    } ]
  }, {
    "id" : 54481,
    "title" : "Running Red",
    "overview" : "Gregori is an ex-Soviet Commando haunted by the death of his brother, and trying to forget his old life in the US. However, Gregori realizes after he has already started a family of his own that the past is never far behind. A former superior from his days as a Russkie hired gun orders him to kill some people or watch his new family die. It looks like Gregori doesn't have much of a choice, because he's grown fond of having Angie Everhart for a wife...",
    "genres" : [ {
      "id" : 28,
      "name" : "Action"
    }, {
      "id" : 12,
      "name" : "Adventure"
    }, {
      "id" : 53,
      "name" : "Thriller"
    } ]
  }, {
    "id" : 54486,
    "title" : "Lilly the Witch: The Journey to Mandolan",
    "overview" : "Lilli is traveling to India, to solve a mystery.",
    "genres" : [ {
      "id" : 10751,
      "name" : "Family"
    }, {
      "id" : 14,
      "name" : "Fantasy"
    }, {
      "id" : 35,
      "name" : "Comedy"
    }, {
      "id" : 9648,
      "name" : "Mystery"
    } ]
  }, {
    "id" : 54491,
    "title" : "The Trumpet Of The Swan",
    "overview" : "The adventures of a young Trumpeter swan who cannot speak. With the help of a human boy and the love of his family and friends, Louie discovers his own unique talents which help him find his place in the world.",
    "genres" : [ {
      "id" : 16,
      "name" : "Animation"
    }, {
      "id" : 10751,
      "name" : "Family"
    } ]
  }, {
    "id" : 54496,
    "title" : "Descendant",
    "overview" : "As Ann Hedgerow - an indirect descendant of Edgar Allen Poe - begins to explore her family's past, she meets novelist Ethan Poe. Ethan, also a distant descendant of Poe, is tormented by visions of his famous ancestor. When Ann and Ethan begin a romance, the dark - and deadly - secrets of Poe's legacy emerge... will Poe's stories inspire a real-life horror-tragedy?",
    "genres" : [ {
      "id" : 27,
      "name" : "Horror"
    } ]
  }, {
    "id" : 54501,
    "title" : "Checking Out",
    "overview" : "Ray is a man obsessed with his own mortality. When Ray's best friend dies of a heart attack, Ray is convinced that all of his aches and pains are an indication of his own imminent death. His life turns into a slapstick farce of health-crazed anxiety and hypochondria, until he finally learns that all he has to fear is fear itself.",
    "genres" : [ {
      "id" : 35,
      "name" : "Comedy"
    }, {
      "id" : 10769,
      "name" : "Foreign"
    } ]
  }, {
    "id" : 54506,
    "title" : "What Is It?",
    "overview" : "What Is It? is the name of a 2005 experimental film written, starring, funded and directed by Crispin Glover. As of 2008, the film has only been shown at independent theaters, typically accompanied by a question and answer session, slideshow and meet-and-greet/autograph signing with Glover.",
    "genres" : [ {
      "id" : 18,
      "name" : "Drama"
    }, {
      "id" : 14,
      "name" : "Fantasy"
    } ]
  }, {
    "id" : 54511,
    "title" : "The Collingswood Story",
    "overview" : "My name is Rebecca. When I left for college my ex John thought web cams would help us keep in touch. It does however it also leads us to a dark secret when we meet and cam with Vera Madeline, an on-line psychic, who initiates a deadly reign of terror.",
    "genres" : [ {
      "id" : 53,
      "name" : "Thriller"
    }, {
      "id" : 27,
      "name" : "Horror"
    }, {
      "id" : 9648,
      "name" : "Mystery"
    } ]
  }, {
    "id" : 54521,
    "title" : "Je suis un no man's land",
    "overview" : "",
    "genres" : [ {
      "id" : 35,
      "name" : "Comedy"
    } ]
  }, {
    "id" : 54531,
    "title" : "Guard No. 47",
    "overview" : "A WW I veteran still haunted by his time in the trenches settles in a small town to work for the railroad company. His pretty wife attracts the attention of the lonely young gravedigger.",
    "genres" : [ {
      "id" : 18,
      "name" : "Drama"
    }, {
      "id" : 53,
      "name" : "Thriller"
    } ]
  }, {
    "id" : 54536,
    "title" : "The Mystery of the Yellow Room",
    "overview" : "Mathilde Strangerson, the daughter of an eminent scientist, narrowly escapes being murdered in her own bedroom by an unknown assailant. As the room was locked from the inside, no one can understand how the attacker managed to enter or leave the room. Reporter and amateur sleuth Joseph Rouletabille arrives on the scene to protect Mathilde and resolve the mystery of the yellow room.",
    "genres" : [ {
      "id" : 80,
      "name" : "Crime"
    }, {
      "id" : 9648,
      "name" : "Mystery"
    } ]
  }, {
    "id" : 54541,
    "title" : "Zero Hour!",
    "overview" : "A routine flight turns into a major emergency as passengers and crew succumb to food poisoning - is there anyone on board who knows how to fly a plane? If that sounds vaguely familiar, it's because 'Airplane' was a send-up of this forerunner of the 1970s disaster movie. Written by Michael Brooke",
    "genres" : [ {
      "id" : 18,
      "name" : "Drama"
    }, {
      "id" : 53,
      "name" : "Thriller"
    } ]
  }, {
    "id" : 54546,
    "title" : "China Blue",
    "overview" : "\"China Blue\" is an engrossing documentary that tells the story of 3 teenage girls who leave their rural homes in China to come work for a factory that makes blue jeans.",
    "genres" : [ {
      "id" : 99,
      "name" : "Documentary"
    } ]
  }, {
    "id" : 54551,
    "title" : "Banana",
    "overview" : "The Minions fight over a delicious banana.. but is that all they want?!",
    "genres" : [ {
      "id" : 16,
      "name" : "Animation"
    }, {
      "id" : 35,
      "name" : "Comedy"
    }, {
      "id" : 10751,
      "name" : "Family"
    } ]
  }, {
    "id" : 54556,
    "title" : "Dream of a Summer Night",
    "overview" : "Dream of a Summer Night (Italian: Sogno di una notte d'estate, also spelled as Dream of a Summer's Night) is a 1983 Italian musical film written and directed by Gabriele Salvatores, at his directorial debut. Based on a rock musical directed by the same Salvatores, it is a musical adaptation of William Shakespeare's A Midsummer Night's Dream. (Wikipedia)",
    "genres" : [ {
      "id" : 10402,
      "name" : "Music"
    }, {
      "id" : 14,
      "name" : "Fantasy"
    } ]
  }, {
    "id" : 54561,
    "title" : "An Average Little Man",
    "overview" : "Giovanni Vivaldi is an average middle-aged man with a secure job as a government accountant. He wishes nothing more than to set up his only son Mario, his biggest pride in the world, with the same secure government job before he eventually retires. For this, Giovanni will stop at nothing...",
    "genres" : [ {
      "id" : 35,
      "name" : "Comedy"
    }, {
      "id" : 18,
      "name" : "Drama"
    } ]
  }, {
    "id" : 54566,
    "title" : "Millipilleri",
    "overview" : "",
    "genres" : [ ]
  }, {
    "id" : 54571,
    "title" : "Ryan vs. Dorkman 2",
    "overview" : "Ryan Wieber and Micheal \"Dorkman\" Scott return to try and prove who is better at the light saber. The pair battle again and once more the pair appear equal...",
    "genres" : [ {
      "id" : 28,
      "name" : "Action"
    }, {
      "id" : 878,
      "name" : "Science Fiction"
    } ]
  }, {
    "id" : 54586,
    "title" : "Night Junkies",
    "overview" : "In the seedy London underworld of junkies and prostitutes, a vampire stalks women. When a stripper, Ruby, is bitten, she is determined not to give in to her blood addiction, no matter what.",
    "genres" : [ {
      "id" : 27,
      "name" : "Horror"
    }, {
      "id" : 53,
      "name" : "Thriller"
    } ]
  }, {
    "id" : 54591,
    "title" : "En Tagsten I Hovedet",
    "overview" : "Sigfred Tvebo er en sur mand. Lærer og kan egentlig ikke fordrage børn. Da han en dag for en tagsten i hovedet, ændrer hans opførsel sig dog betydelig. Han bliver livsglad og får en enorm appetit på livet. Sigfred kone er først utilfreds over at han er så pigeglad, men da hun får ham gjort normal igen, bliver hun skuffet. Hun ønsker sin nye mand tilbage...",
    "genres" : [ ]
  }, {
    "id" : 54596,
    "title" : "Far Laver Sovsen",
    "overview" : "Coming soon",
    "genres" : [ {
      "id" : 35,
      "name" : "Comedy"
    } ]
  } ]
}