{
  "movies" : [ {
    "id" : 186176,
    "title" : "Ella and Friends",
    "overview" : "A young girl and her friends try to save their small rural school from being demolished to make way for a race track.",
    "genres" : [ {
      "id" : 10751,
      "name" : "Family"
    }, {
      "id" : 35,
      "name" : "Comedy"
    }, {
      "id" : 12,
      "name" : "Adventure"
    } ]
  }, {
    "id" : 186181,
    "title" : "Joe Papp in Five Acts",
    "overview" : "Joe Papp, the founder of the New York Shakespeare Festival and, subsequently, The Public Theater—arguably the most important theatre in North America—is profiled in this documentary that neither sanctifies nor vilifies him. He brought us free Shakespeare in the Park, Hair and A Chorus Line, and nurtured many of America’s greatest playwrights, directors and actors. His complex personality and mercurial behavior are much in evidence and spoken of with frankness through interviews with some of America’s most celebrated artists, including Meryl Streep, Christopher Walken, Martin Sheen, Kevin Kline, and James Earl Jones.",
    "genres" : [ {
      "id" : 99,
      "name" : "Documentary"
    } ]
  }, {
    "id" : 186186,
    "title" : "The Last Tribe",
    "overview" : "A charming look at the Jews of Leeds. The sons and daughters of the Jewish immigrants who settled in the city over 150 years ago share their personal stories and reflect on the history and current situation of the community in this British city. After enduring years of Russian persecution, many Jews escaped to what they thought was America, but turned out to be Britain. They settled in the city and began their social and economic climb. A touching and humorous film that offers rare insight into the struggles and successes of the Jews of Britain.",
    "genres" : [ {
      "id" : 99,
      "name" : "Documentary"
    } ]
  }, {
    "id" : 186196,
    "title" : "Soul of the Beast",
    "overview" : "This northwoods comedy-drama, by way of a circus drama, was directed by John  Griffith Wray for Thomas H. Ince, and stars Madge Bellamy.",
    "genres" : [ ]
  }, {
    "id" : 186201,
    "title" : "The Red Lily",
    "overview" : "Jean and Marise, two young lovers, are forced from their homes by disapproving parents. To escape the oppression in their homes, the couple flees to Paris. When they arrive, Jean leaves Marise briefly to arrange their wedding when he is arrested for theft from his own father. The couple is irrevocably separated, and their lives deviate into the slums and hard labor of low-class French society. All the while, the two desperately search for their lost love.",
    "genres" : [ {
      "id" : 80,
      "name" : "Crime"
    }, {
      "id" : 18,
      "name" : "Drama"
    } ]
  }, {
    "id" : 186211,
    "title" : "Neil Diamond: Solitary Man",
    "overview" : "For twenty-one years, TJFF has wanted someone to make a great documentary on Jewish music icon, Neil Diamond—and finally here it is! This handsomely-produced documentary by the BBC chronicles Diamond’s success story, from shy Jewish Brooklyn kid to singer-songwriter and magnetic stage performer, sometimes called “the Jewish Elvis”. Filled with a vibrant soundtrack and rare archival footage, this complex portrait features interviews with musicians such as Robbie Robertson and Neil Sedaka as well as Diamond himself, who speaks candidly about his struggles. A must for anyone who adores Diamond either as an artist or as kitsch!",
    "genres" : [ {
      "id" : 99,
      "name" : "Documentary"
    } ]
  }, {
    "id" : 186236,
    "title" : "Kreator: Live at Wacken 2011",
    "overview" : "hordes of chaos/ warcurse/ comsa of souls/endless pain/ pleasure to kill/ destroy what destroys you/ voices of dead/﻿ enemy of god/ phobia/ terrible certainty/ reconquering the throne/ violent revolution/ betrayer/ flag of hate/ tormentor",
    "genres" : [ ]
  }, {
    "id" : 186241,
    "title" : "Rainbow / Keshet Be’Anan",
    "overview" : "A taut, suspenseful film, based on true events, about a group of soldiers who need to secure an area in Gaza while their colleagues collect the remains of Israeli soldiers who have been killed in an ambush. Michael, the squad commander, positions his troops in a house populated by a Palestinian family. The platoon is accompanied by a military photographer who complicates the situation by questioning their behavior and posing a security burden through his reckless actions. As their stay in the house is prolonged, tensions boil.",
    "genres" : [ {
      "id" : 18,
      "name" : "Drama"
    } ]
  }, {
    "id" : 186246,
    "title" : "Reus",
    "overview" : "Reus is a once prosperous but now harsh suburb of Montevideo, Uruguay. Gang turf warfare threatens the neighbourhood and the livelihoods of local Jewish shop owners, who band together to try to keep the area safe. Superb performances and gritty cinematography draw us into the parallel lives of the Jewish and non-Jewish characters, including two boys—one who is preparing for his Bar Mitzvah in the local synagogue, and another who is trying to survive his violent environment.  Warning: Violence and Sexual Content",
    "genres" : [ {
      "id" : 18,
      "name" : "Drama"
    } ]
  }, {
    "id" : 186251,
    "title" : "Shalom Sesame",
    "overview" : "In Shalom Sesame, your favourite old friends from Sesame Street—plus some new characters and special guest stars—introduce viewers to Jewish customs, holidays, traditions and culture. The shows are in English, and though especially ideal for youngsters age three to eight, they can be enjoyed by the whole family.  Shalom Sesame: Shabbat Shalom Grover  Grover can’t seem to figure out why everyone is so busy just before a day of rest. Join Grover as he learns all about Shabbat, and sing along to Avigail’s favorite Shabbat song, Bim Bam!  Shalom Sesame: Countdown to Shavuot  It’s Shavuot! Avigail and Brosh want to stay up all night just like the grown-ups. Will they be able to do it? They will certainly try with a little help from a dancing cow! Featuring a guest appearance by Ben Stiller.",
    "genres" : [ {
      "id" : 35,
      "name" : "Comedy"
    } ]
  }, {
    "id" : 186256,
    "title" : "Film Spricht Viele Sprachen",
    "overview" : "21 fragments of a feature film, made in India, found in casablance, adapted in Vienna.",
    "genres" : [ ]
  }, {
    "id" : 186266,
    "title" : "The Two Faces of Auschwitz",
    "overview" : "This haunting documentary explores the power of photographs to provide memory and testimony. This is the incredible story of two albums filled with photographs taken at Auschwitz-Birkenau in May 1944. One was recovered in 2007 from an SS officer and contains photographs depicting moments of leisure enjoyed by officers responsible for the camp, while the other shows the arrival of Hungarian Jews a few hours before most of them would be executed. When Auschwitz is liberated, a young Jewish girl discovers this latter album and finds that it contains images of her now-deceased family members.",
    "genres" : [ ]
  }, {
    "id" : 186281,
    "title" : "La Mise à mort du travail",
    "overview" : "",
    "genres" : [ {
      "id" : 99,
      "name" : "Documentary"
    } ]
  }, {
    "id" : 186296,
    "title" : "From Ear to Ear",
    "overview" : "Lucille, a paralyzed girl, is the scapegoat of her sister and her cousin Josine and Elisa. During a \"game\" that goes too far, they accidentally kill the lover of Elisa. Whilst attempting to make Lucille bear the guilt of the killing, they discover the frightful secret that would explain the vegetative state of Lucille.",
    "genres" : [ {
      "id" : 27,
      "name" : "Horror"
    } ]
  }, {
    "id" : 186306,
    "title" : "The Continuing Story of Carel and Ferd",
    "overview" : "Described by its makers as “an underground documentary soap opera,” it centers on an unconventional couple—ex-porn actress Carel and bisexual addict Ferd—who decide to let a filmmaker document their intimate lives, with results that are both destructive and therapeutic.",
    "genres" : [ ]
  }, {
    "id" : 186341,
    "title" : "The Secret Life of Sarah Sheldon",
    "overview" : "Sarah Sheldon, a disturbed scientist deeply concerned with overpopulation, secretly sterilizes certain individuals during sexual intercourse.",
    "genres" : [ ]
  }, {
    "id" : 186346,
    "title" : "Split of the Spirit",
    "overview" : "A ghost takes over a dancer's body in order to find those who killed her, and thus her revenge.",
    "genres" : [ {
      "id" : 18,
      "name" : "Drama"
    }, {
      "id" : 27,
      "name" : "Horror"
    } ]
  }, {
    "id" : 186351,
    "title" : "Venom",
    "overview" : "A Nazi scientist and a woman known as a \"spider goddess\" attempt to develop a nerve gas made from spider venom.",
    "genres" : [ {
      "id" : 27,
      "name" : "Horror"
    } ]
  }, {
    "id" : 186356,
    "title" : "Le Réserviste",
    "overview" : "",
    "genres" : [ {
      "id" : 35,
      "name" : "Comedy"
    }, {
      "id" : 80,
      "name" : "Crime"
    }, {
      "id" : 28,
      "name" : "Action"
    }, {
      "id" : 27,
      "name" : "Horror"
    }, {
      "id" : 53,
      "name" : "Thriller"
    } ]
  }, {
    "id" : 186361,
    "title" : "Elsa the Rose",
    "overview" : "Images and poems of the celebrated couple Louis Aragon and Elsa Triolet. Elsa’s youth as recalled by Aragon, with commentary by Elsa.",
    "genres" : [ {
      "id" : 99,
      "name" : "Documentary"
    } ]
  }, {
    "id" : 186366,
    "title" : "Spring Heeled Jack",
    "overview" : "'Spring Heeled Jack' is set in 2004, when the titular character resurfaces after a 100-year absence to continue his killing spree. His main focus seems to be teenager Sam Walker, who with the help of his mates and an Immortal Victorian Woman, must try and overcome the powers of evil to prevent the destruction of the world. The film focuses on Sam's inner battles as he comes to terms with the immense task he must endure and also why he's been chosen by the supernatural killer.",
    "genres" : [ {
      "id" : 27,
      "name" : "Horror"
    } ]
  }, {
    "id" : 186371,
    "title" : "Die Schlacht der Idioten",
    "overview" : "This black and white silent film with music by Helge Schneider, starring Udo Kier as a vampire and Alfred Edel as an Indian chief was commissioned by the Filmmuseum Düsseldorf to inaugurate their cinema organ. The look and feel of the film stems from the silent film era, but the camp style and over use of clichéd characters bears the trade mark of Schlingensief all over. “I love all things kitsch, like opera, and I feel inspired by music. I was interested in silent film but not a great deal”, said the director.",
    "genres" : [ ]
  }, {
    "id" : 186391,
    "title" : "The Demon's Baby",
    "overview" : "A general's bride becomes pregnant with a demon baby. A Buddhist priest comes to rescue. Things get messy.",
    "genres" : [ {
      "id" : 27,
      "name" : "Horror"
    } ]
  }, {
    "id" : 186411,
    "title" : "Os Sete Gatinhos",
    "overview" : "Noronha is a low middle-class civil servant who lives with his frustrated wife Gorda and their three elder daughters. The youngest one, virginal Silene, is unexpectedly sent back home. Noronha discovers she has been expelled from boarding school for having killed a female cat and her seven newborns in a hysterical fit. Many dark family secrets will emerge from that episode leading to tragic events.",
    "genres" : [ {
      "id" : 18,
      "name" : "Drama"
    }, {
      "id" : 35,
      "name" : "Comedy"
    } ]
  }, {
    "id" : 186416,
    "title" : "Thieves",
    "overview" : "Martin and Sally Cramer grew up on the hardscrabble Lower East Side, where Sally still teaches; meanwhile, Martin's the head of a fancy private school. Romantic dalliances with others convince them that they're meant to be together despite their differences a decision that's cemented, oddly enough, by an over-the-top argument that draws the police.",
    "genres" : [ {
      "id" : 35,
      "name" : "Comedy"
    } ]
  }, {
    "id" : 186421,
    "title" : "Lost Horizon: Gates Of Metal",
    "overview" : "Lost Horizon are a power metal / progressive metal band from Gothenburg, Sweden. They went under the name Highlander from 1990 until 1994 (with Joacim Cans on vocals and other future HammerFall members) before the band was put on hold. Reformed in the late nineties, briefly under the same name, before changing it to Lost Horizon. The band is Swedish but Wojtek Lisicki is from Poland.",
    "genres" : [ ]
  }, {
    "id" : 186426,
    "title" : "Magnum: On A Storyteller's Night",
    "overview" : "Magnum are a British progressive rock band from Birmingham, England. Formed as a four piece by Tony Clarkin (guitar, songwriter), Bob Catley (vocals), Kex Gorin (drums) and Bob Doyle (bass) in order to appear as the resident band at The Rum Runner night club in Birmingham. Magnum have undergone several changes in personnel over the years; however, the core of Catley and Clarkin remain.  Magnum's most notable success during their early years was Chase The Dragon in 1982, which reached #17 in the UK Albums Chart and included several songs that would be mainstays of the band's live set, notably \"Soldier Of The Line,\" \"Sacred Hour\" and \"The Spirit\".",
    "genres" : [ ]
  }, {
    "id" : 186431,
    "title" : "Her Night of Romance",
    "overview" : "An impoverished British lord (Paul Menford) impersonates a doctor in order to woo an ailing American heiress (Dorothy Adams). The lord is in it for love, but his business associate (Joe Diamond) smells money.",
    "genres" : [ {
      "id" : 10749,
      "name" : "Romance"
    }, {
      "id" : 35,
      "name" : "Comedy"
    } ]
  }, {
    "id" : 186436,
    "title" : "Young Oldfield",
    "overview" : "Jimmy always fantasied about racing. But now he has to pay the mortgage before noon or else he won't own his shop any longer.",
    "genres" : [ ]
  }, {
    "id" : 186441,
    "title" : "Nokturnal Mortum: Kolovorot",
    "overview" : "New masterpiece of the most famour and oldest Ukrainian band. First official live dvd from the masters of metal art. Recorded and filmed live at the famour Kolorot festival in 2010.",
    "genres" : [ {
      "id" : 10402,
      "name" : "Music"
    } ]
  }, {
    "id" : 186446,
    "title" : "Sabaton: Graspop",
    "overview" : "1:25 - 5:10 Ghost Divison 5:15 - 9:45 Uprising 10:50 - 14:15 Gott mit uns 15:25 - 20:45 The Price of Mile 21:55 - 26:10 40:1 26:40 - 32:05 Gallipoli 33:45 - 36:48 Into the fire 37:10 - 41: 50 Carolus Rex 43:05 - 46:50 Attero Dominantus 47:40 - 52:00 The Art of War 53:15﻿ - 57:00 Primo Victoria 58:55 - 1:02:50 Metal Crue",
    "genres" : [ ]
  }, {
    "id" : 186451,
    "title" : "Helen of Troy",
    "overview" : "Helena is a 1924 German silent drama film directed by Manfred Noa and starring Edy Darclea, Vladimir Gajdarov and Albert Steinrück. The film was based on the poem the Iliad by Homer. It was released in two separate parts: The Rape of Helen and The Fall of Troy. It was produced by Bavaria Film at the Emelka Studios in Munich. The film was made on an epic scale with thousands of extras, and large sets which rivalled those of the larger Berlin-based UFA.",
    "genres" : [ ]
  }, {
    "id" : 186461,
    "title" : "Lizzies of the Field",
    "overview" : "There is no love lost between the Red Dog Garage, and the Black Cat Garage, two auto repair shops on opposite sides of the street. A big cross-country auto race is announced, and it turns into a no-holds-barred contest as the rival garages go all out to win.",
    "genres" : [ {
      "id" : 28,
      "name" : "Action"
    }, {
      "id" : 35,
      "name" : "Comedy"
    } ]
  }, {
    "id" : 186466,
    "title" : "Insanity",
    "overview" : "Goverment corruption, hidden forensic secrets, top secret task forces, and murder all intertwined in this psychological thriller.",
    "genres" : [ ]
  }, {
    "id" : 186476,
    "title" : "Slayer: Live Hammersmith Odeon, London, England",
    "overview" : "1 Flesh Storm  2 War Ensemble  3 Chemical Warfare  4 Ghosts of War  5 Seasons in the Abyss  6 Jihad  7 Live Undead  8 South of Heaven  9 Angel of Death  10 Piece by Piece  11 Necrophobic  12 Altar of Sacrifice  13 Jesus Saves  14 Criminally Insane  15 Reborn  16 Epidemic  17 Postmortem  18 Raining Blood  Slayer Live Hammersmith Odeon, London, England 2008 [Full Concert] .",
    "genres" : [ ]
  }, {
    "id" : 186481,
    "title" : "Lolo",
    "overview" : "This 2012 documentary profiles Lori \"Lolo\" Jones, who surmounted poverty and homelessness to become one of the most dominant athletes in women's track and field history at Louisiana State University, a successful Olympian and a world champion.",
    "genres" : [ {
      "id" : 99,
      "name" : "Documentary"
    } ]
  }, {
    "id" : 186486,
    "title" : "Tenacious D: Rock am Ring",
    "overview" : "00:00 Rize of the Fenix  06:00 Low Hangin' Fruit  09:25 Senorita  13:00 Deth Starr  17:30 Roadie  21:30 Throw Down  25:00 Saxaboom  26:40 Kielbasa  30:10 Kickapoo  34:40 The Metal  38:35 Beelzeboss (The Final Showdown)  44:50 The Who Medley  47:55 Fuck Her Gently  50:30 Tribute  56:00 Double Team",
    "genres" : [ ]
  }, {
    "id" : 186491,
    "title" : "Tanz Der Vampire: Das Musical (Hamburg)",
    "overview" : "Tanz der Vampire is a musical remake of a 1967 Roman Polanski film of the same name (called The Fearless Vampire Killers in the USA). Polanski also directed the original German production of this musical. Music was composed by Jim Steinman and orchestrated by Steve Margoshes, and original German book and lyrics were written by Michael Kunze.",
    "genres" : [ {
      "id" : 10402,
      "name" : "Music"
    } ]
  }, {
    "id" : 186496,
    "title" : "Rockpalast: Van Der Graaf Generator",
    "overview" : "Van Der Graaf Generator on Rockpalast, 16 January 2006.",
    "genres" : [ ]
  }, {
    "id" : 186501,
    "title" : "U.D.O.: Live from Russia",
    "overview" : "U.D.O., the German band fronted by former ACCEPT singer Udo Dirkschneider, have set an August 25 European release date for their upcoming \"Live In Russia\" DVD.  As previously reported, the forthcoming DVD will come in a special package containing a bonus live CD.",
    "genres" : [ ]
  }, {
    "id" : 186531,
    "title" : "Rose Marie",
    "overview" : "An Indian chief's daughter loves a Mountie (Howard Keel) who loves a French Canadian (Ann Blyth) who loves a fugitive trapper (Fernando Lamas).",
    "genres" : [ {
      "id" : 35,
      "name" : "Comedy"
    }, {
      "id" : 12,
      "name" : "Adventure"
    } ]
  }, {
    "id" : 186551,
    "title" : "The Eyes, the Mouth",
    "overview" : "A rich Italian's shocking suicide means different things to his twin brother (Lou Castel), mother (Emmanuelle Riva) and pregnant lover (Angela Molina).",
    "genres" : [ {
      "id" : 18,
      "name" : "Drama"
    } ]
  }, {
    "id" : 186556,
    "title" : "Over",
    "overview" : "\"The love between Thomas and Emma is in decline. Thomas is gripped by the fear of losing her when Emma decides to go abroad for a few months. His inability to deal with this takes him to a dark place, far removed from reality until on the evening of her farewell party he threatens to screw up their relationship.\" (KeyFilm, 2012)",
    "genres" : [ {
      "id" : 18,
      "name" : "Drama"
    } ]
  }, {
    "id" : 186576,
    "title" : "Stregati dalla luna",
    "overview" : "Dario and Carlo are the owners of a small restaurant organizing a wedding. Everything goes awry after Miria confesses a fling to her fiance.",
    "genres" : [ ]
  }, {
    "id" : 186606,
    "title" : "iSteve",
    "overview" : "A comedic look at the life of Steve Jobs.",
    "genres" : [ {
      "id" : 35,
      "name" : "Comedy"
    } ]
  }, {
    "id" : 186611,
    "title" : "Everything Went Down",
    "overview" : "A young professor has become a shell of a person following the death of his wife. Crippled by a numbing grief, he's shut himself off from the world. At the same time, a young singer-songwriter has lost faith in the struggle to make a name for herself as a musician. Bogged down by the pressures of turning her art into commerce, she's lost sight of why she wanted to make music in the first place. This deeply moving film chronicles the budding friendship between the professor and the singer, as the energy and beauty of her music begins to bring him back to life, and the value of her music to this man reawakens her to the merits of making music.",
    "genres" : [ ]
  }, {
    "id" : 186621,
    "title" : "Entre rojas",
    "overview" : "Madrid, 1974. Former women's jail of Yeserias. Lucia, a girl well situated in society, is condemned to spend ten years in jail due to her relation with a politic militant against Franco's dictatorship. While being in prison she lives with every kind of woman: intelectuals, killers, illiterates, ... All of them must share food, living space, joys and pities; joined by the same fate, lack of freedom, they will have to fight together against desperation. Lucia is willing o live, to learn form that world the fate has given to her where, on the contrary to what she imagines, tenderness and laugh exist. And also the complicity and solidarity of some women living an experience which will mark them for ever.",
    "genres" : [ {
      "id" : 18,
      "name" : "Drama"
    } ]
  }, {
    "id" : 186626,
    "title" : "The Bielski Brothers",
    "overview" : "The Bielskis were the only Jewish family in their tiny village of Stankevich, and while Jews in Belorussia were persecuted under tsarist rule, the family managed to maintain a successful mill. In June 1941, when Nazi Germany invaded its former ally the Soviet Union, conditions for Jews worsened immediately. Jewish ghettos were established in the nearby cities of Novogrudek and Lida, which early in the war were the sites of several mass killings of Jews. Nazis combed the countryside, and the Bielski parents and two siblings were taken to their deaths.",
    "genres" : [ {
      "id" : 99,
      "name" : "Documentary"
    } ]
  }, {
    "id" : 186636,
    "title" : "Non me lo dire",
    "overview" : "",
    "genres" : [ {
      "id" : 35,
      "name" : "Comedy"
    } ]
  }, {
    "id" : 186646,
    "title" : "Eagles Are Turning People Into Horses",
    "overview" : "Lyle, sick of his girlfriend's annoying laugh, wants to end their relationship. Too scared to do it honestly, he enacts a scheme to convince her that they must break up because he is at the center of an epic battle between man, beast and fowl. Unfortunately, it all goes according to plan in this epic comedy filled to the brim with twists and turns.",
    "genres" : [ {
      "id" : 35,
      "name" : "Comedy"
    } ]
  }, {
    "id" : 186666,
    "title" : "Duel with Devil",
    "overview" : "This early Taiwanese Wuxia film is a classic genre tale of a revenge-seeking swordswoman (Cheung Ching-ching).",
    "genres" : [ {
      "id" : 12,
      "name" : "Adventure"
    }, {
      "id" : 28,
      "name" : "Action"
    } ]
  }, {
    "id" : 186671,
    "title" : "The Darkest Sword",
    "overview" : "An evil student (Yee Yuen) cripples his old master and steals the dark sword that is just made. The old master tells him that his dark sword will be defeated by a golden sword. Yee Yuen begins to challenge all the swordsmen of the Feng school and kills all of them including their master, Kong Ban earlier was forced to leave the school and now has to find the Golden Sword in Order to take revenge and defeat the evil Dark Sword.",
    "genres" : [ ]
  }, {
    "id" : 186676,
    "title" : "Rhapsody: The Frozen Tour Of Angels",
    "overview" : "Rhapsody filmed live on The Frozen Tour Of Angels, released on DVD.",
    "genres" : [ ]
  }, {
    "id" : 186686,
    "title" : "Mayhem: Live in Marseille 2000",
    "overview" : "Intro, In The Lies Where Upon You Lay, Fall Of Seraphs, Carnage, Crystalized Pain In Deconstruction, Buried By Time And Dust, Symbols Of Bloodswords, View From Nihil, Deathcrush, To Daimonion, Freezing Moon, Chainsaw Gutsfuck, A Time To Die, Pure Fucking Armageddon, I Am Thy Labyrinth / From The Dark Past",
    "genres" : [ ]
  }, {
    "id" : 186691,
    "title" : "Women in the Wind",
    "overview" : "A famous aviator (William Gargan) helps an amateur (Kay Francis) enter a cross-country air race for women.",
    "genres" : [ {
      "id" : 12,
      "name" : "Adventure"
    } ]
  }, {
    "id" : 186696,
    "title" : "Camp Virginovich",
    "overview" : "Two helpless high school geeks travel to Russia the summer before their senior year in hopes of losing their virginity at a summer camp that \"guarantees\" they'll get laid.",
    "genres" : [ {
      "id" : 12,
      "name" : "Adventure"
    }, {
      "id" : 35,
      "name" : "Comedy"
    }, {
      "id" : 14,
      "name" : "Fantasy"
    }, {
      "id" : 10749,
      "name" : "Romance"
    } ]
  }, {
    "id" : 186701,
    "title" : "Linked",
    "overview" : "Antonio and Concha, a couple who are constantly fighting about money, win the Christmas Lottery first prize. Concha, who is very bossy, starts making decisions about how they're going to spend it. But Antonio is fed up with her, he just wants to go to Brazil, lay in the sun, and never see her again. So he starts to plan how to get rid of her...",
    "genres" : [ ]
  }, {
    "id" : 186716,
    "title" : "Amores que matan",
    "overview" : "Consuelo is a bored housewife. Her husband is away on business in Berlin, and her only company would be a mysterious neighbor, a science professor who spends a lot of time gardening (?) One fine morning, Consuelo is compelled to find an excuse to speak with her neighbor. She asks him for some sugar, and then starts discussing gardening. During the rest of the film we find out what may be below the well-manicured flowers, and what secrets involving everyone, these may conceal.",
    "genres" : [ ]
  }, {
    "id" : 186721,
    "title" : "Zapatos viejos",
    "overview" : "Young Gloria is abused by the Vitorina, hospice caretaker hosting it. She forces her to perform the heaviest tasks. Gloria is only happy in music class. When she grows decides to escape, and now she lives on the street with another girl, both singing in the trucks and try to survive.",
    "genres" : [ {
      "id" : 35,
      "name" : "Comedy"
    }, {
      "id" : 18,
      "name" : "Drama"
    }, {
      "id" : 10402,
      "name" : "Music"
    } ]
  }, {
    "id" : 186726,
    "title" : "Stefan Och Krister - Buskiskungarnas Bästa",
    "overview" : "",
    "genres" : [ ]
  }, {
    "id" : 186741,
    "title" : "Schattenboxer",
    "overview" : "",
    "genres" : [ {
      "id" : 18,
      "name" : "Drama"
    }, {
      "id" : 53,
      "name" : "Thriller"
    } ]
  }, {
    "id" : 186746,
    "title" : "Bikkar Bai Sentimental",
    "overview" : "The tale of a rebellious musician.",
    "genres" : [ ]
  }, {
    "id" : 186761,
    "title" : "[Rec] 2: En un mundo de infectados",
    "overview" : "A documentary about the making of the movie [Rec] ². It was included in the Spanish blu-ray release of the movie.",
    "genres" : [ ]
  }, {
    "id" : 186766,
    "title" : "Olympia 52",
    "overview" : "Olympia 52 is a 1952 French documentary film about the 1952 Summer Olympics in Helsinki, Finland. Olympia 52 was produced by Peuple et Culture, a nonprofit organization, and it was the first feature-length work directed by the French filmmaker Chris Marker, who also co-wrote the narrative and served as one of the production’s four cinematographers.",
    "genres" : [ ]
  }, {
    "id" : 186776,
    "title" : "Smiling Through the Apocalypse: Esquire in the 60s",
    "overview" : "'Smiling Through the Apocalypse' chronicles a man whose editorial instincts produced one of the greatest magazines ever: Harold Hayes, the swinging editor and cultural provocateur of the iconic Esquire Magazine of the Sixties. Through the narrative of his son Tom, a journey ensues opening unprecedented access to some of the Esquire magazine's most compelling talents, from Nora Ephron to George Lois, and Tom Wolfe to Gore Vidal. The film is a story of risk, triumph, and challenge told by the people that helped make the magazine great, and a son who only come to understand his father's editorial greatness 23 years after his passing.",
    "genres" : [ {
      "id" : 99,
      "name" : "Documentary"
    } ]
  }, {
    "id" : 186786,
    "title" : "Night Visitors",
    "overview" : "Agents for the government are after a graduate student and her brother when a secret mysterious box is stolen.",
    "genres" : [ ]
  }, {
    "id" : 186791,
    "title" : "Birthday Time (Short)",
    "overview" : "Tom, a married closet case and parent who trolls gay bars for sex on the sly is placed in charge of his friend's teenage son. And the boy wants a kiss. Or more. What to do?",
    "genres" : [ ]
  }, {
    "id" : 186796,
    "title" : "Erased James Franco",
    "overview" : "James Franco re-enacts scenes from his filmography and reinterprets Julianne Moore's role in Todd Haynes' Safe.",
    "genres" : [ ]
  }, {
    "id" : 186831,
    "title" : "Hacken Lee And Hong Kong Sinfonietta  Live 2011",
    "overview" : "Hacken Lee's perfect voice finds the perfect accompaniment! The pitch-perfect singer collaborated with the Hong Kong Sinfonietta and conductor Yip Wing Sze for a series of concerts at the Hong Kong Coliseum in July 2011. Hacken sang over 30 songs with the orchestra including unforgettable hits like \"Blue Moon\", \"Deep Deep Deep\", \"Moonlight Sonata\", \"I Can't Sing\", and \"Red Day\", as well as his new song \"Galaxy\". He also performed \"Romeo and Juliet in Sarajevo\", \"Best Position\", \"Short Date\", and \"Why Did I Let You Leave\" for the first time, earning great cheers from the audience.",
    "genres" : [ ]
  }, {
    "id" : 186836,
    "title" : "Leo Ku Amazing World Live 2011",
    "overview" : "Leo Ku turned the Hong Kong Coliseum into a theme park! The innovative pop star held three concerts there in October 2011 as the first leg of his Amazing World world tour, bringing the audiences into his fantastical music dreamland. The spectacular concerts featured nearly 30 songs, including new songs like the tour theme song \"Exploded\"",
    "genres" : [ ]
  }, {
    "id" : 186846,
    "title" : "Notes for a Film in India",
    "overview" : "Appunti per un film sull’India is a short documentary film by Pier Paolo Pasolini where he visits India in the search of a king who could give up his body to feed a starving tiger. The film was shot around post-independent India when it was facing grave challenges of poverty, population and caste system. Pasolini narrates the challenges of India and its charms amidst all the problems the country faces. The 33 minute long documentary is composed of short interviews from random people about their opinions on matters such as family planning. The documentary also shows short interviews of journalists and one politician about the challenges of India to modernize without becoming westernized or losing the Indian identity.",
    "genres" : [ {
      "id" : 99,
      "name" : "Documentary"
    } ]
  }, {
    "id" : 186851,
    "title" : "Last Chance to See",
    "overview" : "Twenty years after Douglas Adams and Mark Carwardine traveled the world in search of some of the most endangered animals, Stephen Fry joins Mark to retrace their journeys.",
    "genres" : [ {
      "id" : 99,
      "name" : "Documentary"
    } ]
  }, {
    "id" : 186861,
    "title" : "Hide and Seek",
    "overview" : "A Fleischer Studios cartoon....",
    "genres" : [ ]
  }, {
    "id" : 186866,
    "title" : "Martin the Cobbler",
    "overview" : "A poor cobbler has a dream in which he hears the Lord promise to visit him. Instead poor people in need of food, clothing, warmth, and understanding come to him. In the end he understands that this is how the Lord visits men today.",
    "genres" : [ ]
  }, {
    "id" : 186876,
    "title" : "Kamelot: Poetry For The Poisoned",
    "overview" : "Bonus dvd.",
    "genres" : [ ]
  }, {
    "id" : 186881,
    "title" : "Treasure Hunters",
    "overview" : "Fu Sheng and his real-life brother star as friends who are searching for a treasure that a Shaolin priest (Gordon Liu), a villainous traitor (Wang Lung Wei) and his sister (Yang Ching Ching) are also trying to find.",
    "genres" : [ {
      "id" : 28,
      "name" : "Action"
    }, {
      "id" : 12,
      "name" : "Adventure"
    }, {
      "id" : 10769,
      "name" : "Foreign"
    } ]
  }, {
    "id" : 186886,
    "title" : "Story of Taxi Dancers",
    "overview" : "shaw production",
    "genres" : [ ]
  }, {
    "id" : 186896,
    "title" : "Tiger Killer",
    "overview" : "TIGER KILLER (1982) is a straightforward adaptation of one story from the sprawling Chinese literary epic, \"The Water Margin.\" It tells the tale of Wu Song, who slays a man-eating tiger preying on farmers and villagers and becomes the hero of the province, getting appointed as a constable by the local magistrate. He is reunited with his older brother, the short, disfigured Wu the Elder, a peddler of buns, who invites Wu Song to move in with him and his new wife. The wife, Golden Lotus, is an attractive young former maid who had been forced to marry Wu the Elder as punishment for getting caught in bed with her master by the master's wife. She takes a liking to the handsome, strong Wu Song, who rebuffs her attempts to seduce him. When Wu Song is sent on a long journey, the wife begins an affair with a rich local merchant. When Wu Song returns from his mission, he is met with shocking news which sets off a series of violent acts of retribution.",
    "genres" : [ {
      "id" : 28,
      "name" : "Action"
    }, {
      "id" : 10769,
      "name" : "Foreign"
    } ]
  }, {
    "id" : 186901,
    "title" : "Winner Takes All",
    "overview" : "Patrick Tse is the thief of thieves whose family is long retired from the robin hood lifestyle for 10 years. Recent robberies have occured who use the families calling card and the police forcefully want this mystery solved. They suspect smeone from there past but feel this cant not be him, then who is it?",
    "genres" : [ ]
  }, {
    "id" : 186906,
    "title" : "Me gusta verlos mirarse",
    "overview" : "Comedy about love",
    "genres" : [ ]
  }, {
    "id" : 186916,
    "title" : "Horoscope",
    "overview" : "Holly Adams plays an attractive but rather repressed young woman. She checks her horoscope, shambles homeward from her dull office job and promptly falls asleep in front of the TV. Two naked young men appear in her living room and begin dancing around for her pleasure.",
    "genres" : [ ]
  }, {
    "id" : 186921,
    "title" : "The Pure and the Evil",
    "overview" : "The story of two friends finishing school and beginning adult life.",
    "genres" : [ ]
  }, {
    "id" : 186926,
    "title" : "My Rebellious Son",
    "overview" : "Here Chang Siu Tai (Alexander Fu Sheng) is the son of Master Chang (played by Ku Feng), a renowned chiropractor/bone-setter operating a clinic in a poor neighborhood in an unidentified city in early 20th century China. Siu Tai works for his father and studies bone-setting and kung fu under him, but gets into lots of trouble, especially after white foreigners and their westernized Chinese enablers descend on the town in hopes of acquiring a valuable statue of the Goddess of Mercy on display at a local Buddhist temple.",
    "genres" : [ {
      "id" : 35,
      "name" : "Comedy"
    }, {
      "id" : 28,
      "name" : "Action"
    } ]
  }, {
    "id" : 186931,
    "title" : "Delit de seduction",
    "overview" : "Bandor is a dangerous sexual maniac. For some time he has been attacking notables' wives. Corinne, a very beautiful girl, member of a VIP protection team, is in charge of finding the pervert by all means.",
    "genres" : [ ]
  }, {
    "id" : 186936,
    "title" : "Bloodsucking Redneck Vampires",
    "overview" : "Sexy vampire Catherine and her familiar Lendel are on the run from a ruthless vampire hunter. They hide out in the small redneck town of Backwash, where Catherine hatches a plan to turn the backwoods folk into an army of her vampire slaves. Cultures further clash when Ma Poissier wins a free room redecoration by fruity Frenchman Jean-Claude Les Eaux, who tries his best to fit in with crazy hillbillies like Lil' Junior and his buddy Cletus. Beer drinking, bean eating, tripe cooking, shower peeping, competitive farting, strip poker playing and all manner of insanity follow, all leading up to the town's annual Tripe Days Festival.",
    "genres" : [ {
      "id" : 35,
      "name" : "Comedy"
    }, {
      "id" : 27,
      "name" : "Horror"
    } ]
  }, {
    "id" : 186941,
    "title" : "Take Care, Your Majesty",
    "overview" : "shaw production",
    "genres" : [ ]
  }, {
    "id" : 186946,
    "title" : "The Hunt",
    "overview" : "José and Roberto are friends, and they decide to go hunting but without guns, so that no accident will happen. As they stroll and talk, one of them falls into a hole in a hidden marshland. His friend runs away, and manages to gather a number of men that were in the vicinity. They form a human chain to pull the victim out, but their affliction mounts, as they have no strategy for doing it, and they can't understand each other. - IMDb",
    "genres" : [ {
      "id" : 18,
      "name" : "Drama"
    } ]
  }, {
    "id" : 186951,
    "title" : "Manowar: Live In Germany The Ringfest",
    "overview" : "1. Intro (3:10)\r 2. Manowar (5:03)\r 3. Kings Of Metal (3:35)\r 4. Eric’s Speech (1:00)\r 5. Herz Aus Stahl (5:57)\r 6. Evil Eclipse (5:05)\r 7. Warriors Of The World United (5:37)\r 8. Kill With Power (3:13)\r 9. House Of Death (4:16)\r 10. Joey’s Speech (4:39)\r 11. Black Wind, Fire And Steel (7:28)\r 12. Outro: The Crown And The Ring (2:26)",
    "genres" : [ {
      "id" : 10402,
      "name" : "Music"
    } ]
  }, {
    "id" : 186966,
    "title" : "O Princípio da Sabedoria",
    "overview" : "In the gardens of a large village house belonging to a reclusive architect, a hand is found. In a sign placed at the gates of the property, the architect annouces he will return it to whoever proves to be the owner.",
    "genres" : [ {
      "id" : 18,
      "name" : "Drama"
    } ]
  }, {
    "id" : 186971,
    "title" : "Age of Uprising: The Legend of Michael Kohlhaas",
    "overview" : "In the 16th century in the Cévennes, a horse dealer by the name of Michael Kohlhaas leads a happy and prosperous family life. When a lord treats him unjustly, this pious, upstanding man raises an army and puts the country to fire and sword in order to have his rights restored.",
    "genres" : [ {
      "id" : 18,
      "name" : "Drama"
    }, {
      "id" : 36,
      "name" : "History"
    } ]
  }, {
    "id" : 186976,
    "title" : "The Golden Dream",
    "overview" : "A group of Central-American teen-agers depart from the slums of Guatemala City escaping poverty and violence, towards the promised land of California.",
    "genres" : [ {
      "id" : 18,
      "name" : "Drama"
    } ]
  }, {
    "id" : 186991,
    "title" : "Grand Central",
    "overview" : "A young unemployed man finds work at a nuclear power plant and begins an illicit affair with the fiancée of one of his senior workmates.",
    "genres" : [ {
      "id" : 18,
      "name" : "Drama"
    }, {
      "id" : 10749,
      "name" : "Romance"
    } ]
  }, {
    "id" : 187011,
    "title" : "Da Makkin o' a Keshie",
    "overview" : "This is one of a number of films made by Jenny Brown and bought by the GPO  Film Library in the 1930s. It's shows Gideon cutting corn and then working  it into a keshie, a basket traditionally used in Shetland for carrying peat.  Looking back this short now has something really charming about it. David  leads this film on his Martin concert ukulele, with Ian on soprano uke, and  Allan on classical guitar. Alyth disgraces herself on kazoo. We have to finish the tune at the same time Gideon finishes his keshie, and we could swear that sometimes he deliberately speeds up to try to catch us out.",
    "genres" : [ ]
  }, {
    "id" : 187021,
    "title" : "My Name Ain't Suzie",
    "overview" : "The Suzie in the title refers to The World Of Suzy Wong, a great novel by British author Richard Mason which was made into a terrible Hollywood movie in 1960. Like Suzy, Shu Mei goes to work in a bar in Wanchai around the late 1950s, where sailors and foreign money are plentiful. But there isn't much similarity beyond this.",
    "genres" : [ ]
  }, {
    "id" : 187031,
    "title" : "The Illegal Immigrant",
    "overview" : "The lead, arrested and processed after a police raid on a Canal St. clothing workshop. He has no status in HK, where he'd swam, or the US, where he arrived as a stowaway, to avoid metal detectors which would pick up the bullets still in his body.",
    "genres" : [ ]
  }, {
    "id" : 187036,
    "title" : "I Love Lolanto",
    "overview" : "Nat chan finds a mentally retarded Pat Ha, who has run away from home. Her father is a millionare and wants her to have brain surgery which has a 50% chance of death. Pat runs away because her father girlfriends secret lover threatens her.",
    "genres" : [ ]
  }, {
    "id" : 187046,
    "title" : "Twisted Love",
    "overview" : "shaw production",
    "genres" : [ {
      "id" : 18,
      "name" : "Drama"
    } ]
  }, {
    "id" : 187056,
    "title" : "The Rag Doll of Doctor Bradly",
    "overview" : "Joshes former mentors passes away and in his will he leaves them the keys to his shed. One night Josh is in the shed when he finds his mentors final creation.",
    "genres" : [ ]
  }, {
    "id" : 187061,
    "title" : "Time Goes by Like a Roaring Lion",
    "overview" : "Hartmann proposes a 76-minute film in which each minute stands for a year of his life. This obsessive rule is invoked in the last 4 “years” of his life (and of the film). A cable-car journey codes in its own duration the secret of a perdurable shot. A poetic emancipation by a young filmmaker: a life plan finding its right frame.  Roger Koza",
    "genres" : [ {
      "id" : 99,
      "name" : "Documentary"
    } ]
  }, {
    "id" : 187091,
    "title" : "Tour de Japon: Music from Final Fantasy",
    "overview" : "Tour de JAPON music from FINAL FANTASY is a concert tour featuring music from the Final Fantasy video game series that toured Japan from March 12 to April 16, 2004. The concert was built upon the success of 20020220 music from FINAL FANTASY and featured numerous unreleased tracks during its tour.  The Yokohama performance (March 12, 2004) was recorded and released exclusively on DVD to fanclub members residing in Japan.",
    "genres" : [ {
      "id" : 10402,
      "name" : "Music"
    } ]
  } ]
}