{
  "movies" : [ {
    "id" : 335291,
    "title" : "Arbeit Macht Frei",
    "overview" : "The film Arbeit Macht Frei (Work Makes Free) was conceived after the performance 'And For Today Nothing' which took place at Gallery House Goethe Institute in London in 1972. The words Arbeit Macht Frei were wrought in iron and placed on or above the entrance gates to some if not all Nazi Concentration Camps in the period of Nazi rule in Germany and its conquered territories between 1933 and 1945. The film is conceived as an analogous representation of the objection to genocide.",
    "genres" : [ ]
  }, {
    "id" : 335296,
    "title" : "Joanne Shaw Taylor: Songs from the Road",
    "overview" : "",
    "genres" : [ {
      "id" : 10402,
      "name" : "Music"
    } ]
  }, {
    "id" : 335301,
    "title" : "A Cor do Fogo e a Cor da Cinza",
    "overview" : "",
    "genres" : [ ]
  }, {
    "id" : 335316,
    "title" : "Rausch",
    "overview" : "Gaston finally succeeds as a dramatist and decides to leave his wife and child for another woman. When the child dies, the finger is pointed at him and he winds up as a destitute before all is revealed.",
    "genres" : [ {
      "id" : 18,
      "name" : "Drama"
    } ]
  }, {
    "id" : 335336,
    "title" : "Erotik auf der Schulbank",
    "overview" : "A movie with three episodes directed by Hannes Dahlberg, Roger Fritz and Eckhart Schmidt.",
    "genres" : [ {
      "id" : 18,
      "name" : "Drama"
    }, {
      "id" : 35,
      "name" : "Comedy"
    } ]
  }, {
    "id" : 335341,
    "title" : "Wiener Luft",
    "overview" : "A movie with three episodes directed by Ernst Hofbauer, Walter Kolm-Veltée and Karl Leiter.",
    "genres" : [ {
      "id" : 18,
      "name" : "Drama"
    } ]
  }, {
    "id" : 335346,
    "title" : "Blood on Méliès' Moon",
    "overview" : "France, 1890. Inventor Louis Le Prince vanishes under mysterious circumstances right after he created a device that, five years later, the Lumière Brothers will call The Cinematographer. What if they had stolen Le Prince’s idea and wacked him afterwards? The mystery remains for more than a century, until Luigi Cozzi picks up a strange book called “The Roaming Universe” in the horror museum of his pal Dario Argento. The origin of this enigmatic book troubles him. This particular science-fiction novel would have materialized during a spiritual session in modern day Rome. At the session, an old woman revealed that the key to all these mysteries comes from 1895, a time during which the Lumière Brothers had denied lending their camera to Georges Méliès for an obscure movie called \"A Trip to the moon\". Not only does this film actually exist, but it raises a more intriguing question. Is our world the only one, or are there parallel universes ?",
    "genres" : [ {
      "id" : 27,
      "name" : "Horror"
    }, {
      "id" : 9648,
      "name" : "Mystery"
    } ]
  }, {
    "id" : 335351,
    "title" : "Sunlight All Around! Ka - su - mi: You Were in My Dreams",
    "overview" : "The movie starts out with Katsuhiko going to the US, with Kasumi and Yusaku seeing him off at Narita.  Two years later, Katsuhiko is a professional racer, and comes back to Japan to race (and to marry Kasumi). Yusaku`s hobby is photography.",
    "genres" : [ {
      "id" : 18,
      "name" : "Drama"
    }, {
      "id" : 35,
      "name" : "Comedy"
    }, {
      "id" : 10749,
      "name" : "Romance"
    } ]
  }, {
    "id" : 335356,
    "title" : "다찌마와 Lee",
    "overview" : "",
    "genres" : [ ]
  }, {
    "id" : 335361,
    "title" : "Baga Beach",
    "overview" : "Five teenagers struggle to live in the commercialized world in the backdrop of Goan tourism. Their dreams and aspirations will change forever after one of them will be subjected to sexual abuse.",
    "genres" : [ ]
  }, {
    "id" : 335366,
    "title" : "La vuelta al nido",
    "overview" : "Directed by Leopoldo Torres Ríos.",
    "genres" : [ ]
  }, {
    "id" : 335371,
    "title" : "The Deal",
    "overview" : "A police detective and husband take revenge on a serial killer.",
    "genres" : [ ]
  }, {
    "id" : 335381,
    "title" : "A Day in the Life of Willie Faust, or Death on the Installment Plan",
    "overview" : "Jamaa Fanaka’s first project plays off the Blaxploitation’s genre conventions, an adaption of Goethe’s “Faust” presented with a non-synchronous soundtrack and superimposed over a remake of Super Fly (1972). Often out of focus with an overactive camera, the film immediately exudes nervous energy, but unlike Priest’s elegant cocaine consumption in Super Fly, Willie’s arm gushes blood as he injects heroin. A morality tale in two reels.  —Jan-Christopher Horak",
    "genres" : [ {
      "id" : 14,
      "name" : "Fantasy"
    } ]
  }, {
    "id" : 335386,
    "title" : "Der Pfarrer und das Mädchen",
    "overview" : "",
    "genres" : [ {
      "id" : 18,
      "name" : "Drama"
    } ]
  }, {
    "id" : 335391,
    "title" : "Itt vagyok",
    "overview" : "",
    "genres" : [ ]
  }, {
    "id" : 335396,
    "title" : "Bloomin Mud Shuffle",
    "overview" : "Lonnie’s life hasn’t changed much in the 16 years since he graduated high school. Still painting houses, still drinking too much, still hanging out with the same old friends (including Alex Karpovsky of Girls, naturally hilarious as always). Bloomin Mud Shuffle is a gritty gem that wrings hard-earned humor out of tough circumstances. Frank V. Ross’s seventh film includes strong performances from Natasha Lyonne (Orange is the New Black) and Rebecca Spence (Ross’s Tiger Tail in Blue, WFF 2013), and a score by John Medeski of Medeski Martin &amp; Wood.",
    "genres" : [ ]
  }, {
    "id" : 335401,
    "title" : "Cecilia Bartoli: The Barcelona Concert",
    "overview" : "In 2008 was celebrated the bicentenary of mezzo-soprano Maria Malibran, the greatest opera singer of her time. Who but Cecilia Bartoli, stunning with virtuosity and expressivity, could best honor the beautiful Spanish diva ? With all her passion and warmth, she deploys the richness of her voice in an intriguing program combining García's, Persiani's and Hummel's atypical talents with masterpieces.",
    "genres" : [ ]
  }, {
    "id" : 335406,
    "title" : "Just for Fun",
    "overview" : "In front of the camera it's for the money... Behind-the-scenes it's just for fun. Erotic encounters on the sets of fashion shoots! Seventeen boys... no clothes... you do the math. When the photoshoots finish, the real fun begins. Join the Bel Ami boys as they blur the line between work and play. The Bel Ami cameras record every steamy second: two-ways, three-ways and a sixteen-boy orgy make this one video you must add to your collection. This Director's Cut contains a bonus episode with Gilles Marais and Roman Chaykin not seen in the original version. A \"behind the scenes\" fact: Bel Ami saved a lot of money on costumes on this project!",
    "genres" : [ {
      "id" : 14,
      "name" : "Fantasy"
    }, {
      "id" : 10749,
      "name" : "Romance"
    } ]
  }, {
    "id" : 335411,
    "title" : "Swallow The Leader",
    "overview" : "Cum One, Cum All... these filthy whores will swallow every load, big or small! Open up wide and swallow down all of their pride. Each one of these sluts swallows 3 nuts after getting plowed in their mouths, pussies, and butts. Don't spit it out you nasty little bitches because that would make you a cheater so suck it up and SWALLOW THE LEADER!!!",
    "genres" : [ ]
  }, {
    "id" : 335416,
    "title" : "Jamila",
    "overview" : "A Young South Sudanese girl struggles with temptations to complete university and secure a job that will cater for her and her brother....She gets pregnant and is dumped...She stands up to her responsibilities and overcomes her short-comings...",
    "genres" : [ {
      "id" : 18,
      "name" : "Drama"
    } ]
  }, {
    "id" : 335421,
    "title" : "Damascus Roof and Tales of Paradise",
    "overview" : "Syrian traditional story-telling, folklore, tales, fictional mythological characters play an important role in their culture. This tradition is passed generation to the next generation — from grandparents to grandchildren. However, in the modern era these stories are being lost. This is happening in Damascus, the capital and the second largest city of Syria, too.",
    "genres" : [ ]
  }, {
    "id" : 335426,
    "title" : "Abdullajon",
    "overview" : "The film is narrated in the first person through the eyes of Sotiboldi, a security guard at a store in the village, as a letter to \"Steven aka (Brother) Spielberg\" in broken, but funny Russian. The film tells the story of an alien whose spaceship crashes in an Uzbek kolhoz. Bozorboy, a resident of the village, discovers the alien while looking for his lost cow. In his letter to Spielberg, Sotiboldi writes that the spaceship that crashed in Uzbekistan, \"unlike the beautiful spaceship with lights in E.T. the Extra-Terrestrial, looks like a pot, but is real.\"",
    "genres" : [ ]
  }, {
    "id" : 335431,
    "title" : "The End of the World and the Cat's Disappearance",
    "overview" : "A post-pandemic tale of a heroic webcam idol.",
    "genres" : [ ]
  }, {
    "id" : 335436,
    "title" : "Code of a Killer",
    "overview" : "Set in 1984, Code of a Killer is a true story which tells of the discovery of DNA fingerprinting. Detective David Baker leads an investigation of the vicious murders of the two Leicestershire schoolgirls, Lynda Mann and Dawn Ashworth. Alec Jeffreys at the time was an ambitious scientist who uncovered a remarkable method to read each individual's unique DNA finger print. Convinced the murderer was local, Baker approached Jeffreys to utilise his newly discovered scientific technique as a way to solve the murders. The first ever DNA manhunt and blood testing of many men followed - all in the aid of catching the killer.",
    "genres" : [ {
      "id" : 80,
      "name" : "Crime"
    }, {
      "id" : 18,
      "name" : "Drama"
    } ]
  }, {
    "id" : 335446,
    "title" : "Touch the Light",
    "overview" : "This documentary weaves three stories – all set in the blind community of Havana, Cuba – into a tale of personal independence. As Lis, Mily, and Margarita each face family problems and heartbreak, their dependence on others turns out to be a double-edged sword. From the music halls of Havana to a cinema club for the blind, their stories reveal both the pain and the joys of fighting for yourself.",
    "genres" : [ {
      "id" : 99,
      "name" : "Documentary"
    } ]
  }, {
    "id" : 335451,
    "title" : "UFC Fight Night 64: Gonzaga vs. Cro Cop 2",
    "overview" : "UFC Fight Night: Gonzaga vs. Cro Cop 2 (also known as UFC Fight Night 64) was a mixed martial arts event held on April 11, 2015 at the Tauron Arena Kraków in Kraków, Poland.",
    "genres" : [ {
      "id" : 28,
      "name" : "Action"
    } ]
  }, {
    "id" : 335456,
    "title" : "Gasoline Gus",
    "overview" : "Based on the comic strip character and his auto obsessed life.",
    "genres" : [ {
      "id" : 35,
      "name" : "Comedy"
    } ]
  }, {
    "id" : 335461,
    "title" : "Telephones",
    "overview" : "Cleverly conceived and artfully edited, Christian Marclay's 7 1/2-minute video, Telephones, comprises a succession of brief film clips that creates a humorous narrative of its own in which the characters, in progression, dial, hear the phone ring, pick it up, converse, react, say goodbye and hang up.  In doing so, they express a multitude of emotions--surprise, desire, anger, disbelief, excitement, boredom--ultimately leaving the impression that they are all part of one big conversation.",
    "genres" : [ ]
  }, {
    "id" : 335466,
    "title" : "Planet of the Apes - The Best of Guano Apes",
    "overview" : "",
    "genres" : [ {
      "id" : 10402,
      "name" : "Music"
    } ]
  }, {
    "id" : 335471,
    "title" : "Resistance",
    "overview" : "This bold film invites sustained, deep engagement as it works through a steady stream of ideas around the theme of resistance, both in its political and psychological manifestations. Artists Stuart Brisley and Marc Camille Chaimovicz assume the roles of historical figures from the French Resistance, and eventually reach breaking point as theatrical limits are met and breached.",
    "genres" : [ ]
  }, {
    "id" : 335481,
    "title" : "Ina Müller - 48 Live",
    "overview" : "Ina Müller - 48 Live",
    "genres" : [ {
      "id" : 10402,
      "name" : "Music"
    } ]
  }, {
    "id" : 335486,
    "title" : "Beyond Oblivion",
    "overview" : "Fernando de Arellana (Hugo de Carril), a rich man, loses his young wife Blanca (Laura Hidalgo) and after a long period of depression, he meets Monica (also played by Laura Hidalgo) in a French cabaret. She looks identical to his late wife, but in every other respect is completely different. Fernando takes her home with him and the two get married, but Monica's old companion plans to get revenge on her for reporting him to police before she left.",
    "genres" : [ {
      "id" : 80,
      "name" : "Crime"
    }, {
      "id" : 18,
      "name" : "Drama"
    }, {
      "id" : 10749,
      "name" : "Romance"
    } ]
  }, {
    "id" : 335491,
    "title" : "The Company Forgives a Moment of Madness",
    "overview" : "A skilled worker has a sudden nervous breakdown at the company for which he has been working for the last 20 years. He attacks the machines and smashes the windows. The company decides to have him undergo treatment with a well-known young psychiatrist. She will try to bring light the reasons for his behavior  so he can adapt himself to his work once again.",
    "genres" : [ {
      "id" : 18,
      "name" : "Drama"
    } ]
  }, {
    "id" : 335496,
    "title" : "Sesame Street: Do the Alphabet",
    "overview" : "Do The Alphabet is a 1996 Sesame Street direct-to-video compilation, with a framing sequence starring Big Bird and Baby Bear.",
    "genres" : [ {
      "id" : 10402,
      "name" : "Music"
    }, {
      "id" : 35,
      "name" : "Comedy"
    }, {
      "id" : 10751,
      "name" : "Family"
    } ]
  }, {
    "id" : 335506,
    "title" : "Squibs",
    "overview" : "Squibs, a cockney flowerseller with a father overwhelmed by gambling debts wins through with the help of assorted friends and a romantically inclined policeman.",
    "genres" : [ ]
  }, {
    "id" : 335516,
    "title" : "I'm Here",
    "overview" : "Three people worry about the major changes that could be looming for their relationships in I'm HERE.",
    "genres" : [ ]
  }, {
    "id" : 335526,
    "title" : "Adventures in Odyssey: Star Quest",
    "overview" : "Dylan and his buddy Sal learn that their favorite TV show, Star Quest, is filming in Odyssey, they’re determined to get in on the lights, camera and action. When Mr. Whittaker builds an enormous robot for the show, our heroes discover this robot has a mind of his own and have to learn a valuable lesson about jealousy and friendship.",
    "genres" : [ {
      "id" : 12,
      "name" : "Adventure"
    }, {
      "id" : 16,
      "name" : "Animation"
    }, {
      "id" : 10751,
      "name" : "Family"
    } ]
  }, {
    "id" : 335531,
    "title" : "Breath Control: The History of the Human Beat Box",
    "overview" : "The human beat box is one of the key elements in the development of Hip Hop culture, alongside Dj-ing, Graffiti, Breakdancing, and MC-ing. Unfortunately, its contribution has been largely overlooked, as has the fun, expressive, human, and spontaneous dimension of Hip Hop that it represents. Over 30 practitioners of this art form discuss their techniques and the evolution of their craft, through interviews, live performances, archival footage, and animation.",
    "genres" : [ {
      "id" : 10402,
      "name" : "Music"
    }, {
      "id" : 99,
      "name" : "Documentary"
    } ]
  }, {
    "id" : 335536,
    "title" : "Park City",
    "overview" : "PARK CITY is the story of a filmmaking team that lose their movie and their minds. JOEY, an ambitious and jaded director, and HANNAH, a savvy producer, hit the road to the Sundance Film Festival with the 35mm film print of their movie, HEARTS AND CASH, in the trunk of their car. They’ve invited along their melodramatic lead actress, JILL, who insists upon bringing her cat everywhere she goes; as well as their glorified production assistant, DAVE, who documents their Sundance Adventure on his iPhone.",
    "genres" : [ ]
  }, {
    "id" : 335541,
    "title" : "Mädchen ohne Männer",
    "overview" : "Erotic softcore flick from Erwin C. Dietrich",
    "genres" : [ {
      "id" : 35,
      "name" : "Comedy"
    } ]
  }, {
    "id" : 335546,
    "title" : "Wie Licht schmeckt",
    "overview" : "",
    "genres" : [ {
      "id" : 18,
      "name" : "Drama"
    } ]
  }, {
    "id" : 335551,
    "title" : "Twink Hotel",
    "overview" : "Young Leo Ocean is the stranger in town, looking for a place to stay – and where better than the so-called “Twink Hotel”? Here a young man can enjoy and experience everything his heart could possibly desire – from raw double-penetration to hot, creamy cum-facials. Florian Mraz, Victor Diamond and the ever-incredible Arthur Kral are just some of the gorgeous creatures who book in for the time of their lives. The only question that remains: do you have the stamina to join them for what promises to be the holiday of a lifetime ...?",
    "genres" : [ ]
  }, {
    "id" : 335556,
    "title" : "Spy Sorge",
    "overview" : "The life of Richard Sorge.",
    "genres" : [ ]
  }, {
    "id" : 335561,
    "title" : "The Four Diamonds",
    "overview" : "Christopher Millard was 14 years old when he died of cancer in 1972. Shortly before losing his battle, Chris wrote a story about a great knight named Sir Millard who sought out the four diamonds of Courage, Wisdom, Honesty and Strength in order to be released from the grips of an evil sorceress. These diamonds symbolized the attributes that Chris believed were necessary to overcome cancer.",
    "genres" : [ ]
  }, {
    "id" : 335566,
    "title" : "Forbidden Cinema: Volume 5: Lost Blue Classics",
    "overview" : "It began with the birth of cinema itself, but by the 1940s amateur erotic productions of beautiful naked models and strippers performing their dances abounded. Blue or stag movies were produced secretly in homes, the film washed in bathtubs, then circulated discreetly, because it was a felony to be caught viewing or possessing them. Several of the shorts in this collection begin with the protective disclaimer \"This picture has been produced expressly for students of the graphic arts and is not intended for public exhibition.\" This collection ranges from the artfully erotic (The Golden Girl) to the completely bizarre (Starlets Model Unusual Hosiery).",
    "genres" : [ ]
  }, {
    "id" : 335571,
    "title" : "Some Other Cat",
    "overview" : "Kausler’s cat returns, this time to a Southwestern desert landscape where our hero finds his gal is being romanced by the title character.",
    "genres" : [ ]
  }, {
    "id" : 335576,
    "title" : "My Sisters Kids & the Gold Diggers",
    "overview" : "Family film 'My Sisters Kids &amp; the Gold Diggers' sends Uncle Erik and the kids on a new adventure. This time discovering the children that their great-grandfather emigrated from Denmark and was a gold digger in Canada. Even now, many years later, they still have family over there. So when the family comes in contact with an aunt, they travel across the Atlantic to visit her. In Canada awaits them a true treasure hunt, the wild and two greedy prospectors. At the same time they are joined by Mrs. Flinth which, as always, has a crush on Uncle Erik.",
    "genres" : [ {
      "id" : 35,
      "name" : "Comedy"
    }, {
      "id" : 10751,
      "name" : "Family"
    }, {
      "id" : 12,
      "name" : "Adventure"
    } ]
  }, {
    "id" : 335581,
    "title" : "Forbidden Cinema: Volume 7: Vintage Naughty Nudies",
    "overview" : "By the late 50s, camera equipment was affordable and readily available, so amateur \"Blue\" movies were produced in abundance. This collection turns up the \"raunch\" factor considerably. The camera lingers on the naked bodies, slowly covering every square inch of fleshy real estate. Bizarre camera angles abound as well as unbelievable close-ups where a crotch or a nipple fills the entire screen. Obviously, there is never a shortage of beautiful models prepared to go before the cameras and leave absolutely nothing to the imagination!",
    "genres" : [ ]
  }, {
    "id" : 335586,
    "title" : "Forbidden Cinema: Volume 9: Ultra Rare Blue",
    "overview" : "In the 1950s and early 1960s, pornography was kept behind closed doors. Men who belonged to civic or veterans' clubs gathered together late at night while a roadshow operator would bring several hours worth of films and a 16mm projector. For a price, the audience would be treated to short films of gorgeous, naked women. These events were called 'stag parties.' This collection features a selection of what was shown at those parties, including entries from the popular series Hollywood Cuties and Key-Hole Peex. Some of them star pin-up girls Peggy Winters and Thelma Montgomery, who both appeared in the notorious exploitation feature Girl Gang (1954). All of them showcase the types of luscious ladies who made the average working man a little happier to go home to their wife that night!",
    "genres" : [ ]
  }, {
    "id" : 335591,
    "title" : "Natural Disasters",
    "overview" : "Raquel (Anita Reeves), a teacher who resists the idea of retiring, one day comes to teach a class at her old school, only to find out she has been replaced with someone much younger. But she will insist on teaching, and will be supported by her former students who will occupy the classroom demanding her reinstatement, leading to a small revolution that will threaten the establishment's order.",
    "genres" : [ ]
  }, {
    "id" : 335596,
    "title" : "One Republic: Paris In Live",
    "overview" : "American pop/rock sensations from Colorado Springs, play live from Paris at the Studio De La Grande Armee A Paris on 3rd December 2014. Featuring some of their greatest hits including Apologize and Stop &amp; Stare, watch as Ryan Tedder and the boys strut their stuff.",
    "genres" : [ ]
  }, {
    "id" : 335601,
    "title" : "Dora Super Baby's",
    "overview" : "",
    "genres" : [ {
      "id" : 16,
      "name" : "Animation"
    } ]
  }, {
    "id" : 335611,
    "title" : "Skate Proof",
    "overview" : "A skateboarder witnesses his best friend get killed by a local drug lord, and is faced with paranoia wondering if he's next, all while struggling to cope with the death of his friend and tries to settle the score.",
    "genres" : [ ]
  }, {
    "id" : 335616,
    "title" : "We Went To Wonderland",
    "overview" : "Two old Chinese communists visit run down England. The man who lost his voice scribbles his comments: \"Water is so good in the West.\" \"Flowers are long dead on Karl Marx's grave.\" His wife has no doubts : Back home is much better.",
    "genres" : [ {
      "id" : 99,
      "name" : "Documentary"
    } ]
  }, {
    "id" : 335621,
    "title" : "Suzana 2",
    "overview" : "Suzana 2 is second serie of suzana set in Bujumbura  Tif(Kook-K) after helping a girl(Suzana) move out a village to live with him in the city Bujumbura  she caught up with modern world, she changes the way she dresses, start partying to much,  It she ever gonna remember who brought her in city",
    "genres" : [ {
      "id" : 10749,
      "name" : "Romance"
    } ]
  }, {
    "id" : 335626,
    "title" : "Keys to Good Government / Foundations of American Government",
    "overview" : "Discover the keys to good government by investigating the wise counsel and instruction given to us by leaders such as William Penn, Benjamin Rush, Noah Webster, John Witherspoon, John Adams, Fisher Ames, George Washington, and many others. The information in this DVD not only stands in stark contrast to many contemporary teachings surrounding civic responsibilities but it also shows how we as Americans can reclaim the quality of government we once enjoyed.",
    "genres" : [ {
      "id" : 10751,
      "name" : "Family"
    }, {
      "id" : 99,
      "name" : "Documentary"
    } ]
  }, {
    "id" : 335631,
    "title" : "Overburden",
    "overview" : "After a mine explosion kills her brother, a pro-coal activist joins forces with a tree-hugging grandmother to take down the most dangerous coal company in the United States.",
    "genres" : [ {
      "id" : 99,
      "name" : "Documentary"
    } ]
  }, {
    "id" : 335641,
    "title" : "Boss of Boomtown",
    "overview" : "Soldiers Steve and Jim are friends but when their enlistment ends, Jim reenlists while Steve doesn't. Instead he takes an assignment to find the local gold rustlers. Robbing the stage and then the bank gets Steve into the gang where he plans a job that will capture the entire gang. But just as he is about to put his plan into action Jim arrives to arrest him.",
    "genres" : [ {
      "id" : 37,
      "name" : "Western"
    } ]
  }, {
    "id" : 335646,
    "title" : "Bloom",
    "overview" : "Lily (Deann Baker) wakes up in a bloody motel bathroom with fuzzy memories of the previous night. As she copes with her trauma and struggles to figure out what happened, she begins changing into something inhuman.",
    "genres" : [ ]
  }, {
    "id" : 335651,
    "title" : "Hypnosis Display",
    "overview" : "Exploring impressionistic, emotional and sensory environments found within the vast natural and urban landscapes of America. Neither image nor sound takes precedence: the two interact and combine preserving a raw sense of the discovery that field recordings and in-camera edited film rushes often yield.",
    "genres" : [ ]
  }, {
    "id" : 335656,
    "title" : "Pure Bloodlines: Bloods Thicker Than Water",
    "overview" : "Continuing on from the successful action/drama/romance/martial arts indy film 'Pure Bloodlines:The Ties That Bind us'. Comes the sequel 'Bloods Thicker Than Water' hot from winning a media award at the 'London Hall of Fame'. Twin brothers Eric and Alec continue the hunt against head vampire Mr Visconti and his supernatural assassins.",
    "genres" : [ ]
  }, {
    "id" : 335661,
    "title" : "Dancing for My Havana",
    "overview" : "In this invigorating, music-filled drama, young Cuban dancers struggle to achieve fame and fortune on the world stage.",
    "genres" : [ ]
  }, {
    "id" : 335666,
    "title" : "The Come-Up",
    "overview" : "Steve, the inexhaustible PA working on-set for the biggest producer in Hollywood, finds himself thrust into the action when a masked bandit takes off with the production's petty cash. Maneuvering through every department and making use of equipment in hilarious ways, Steve's chase across the movie studio turns into a wild ride through the world of film-making itself. The challenge for Steve is to recover the money, save the day...and somehow get his own screenplay in the hands of the producer. This sure is a tough town...",
    "genres" : [ {
      "id" : 35,
      "name" : "Comedy"
    }, {
      "id" : 28,
      "name" : "Action"
    } ]
  }, {
    "id" : 335671,
    "title" : "F 63.9 Love Sickness",
    "overview" : "A comedy about the love between a doctor who specializes in sexually transmitted diseases and an astronaut, and a covert space experiment.",
    "genres" : [ {
      "id" : 35,
      "name" : "Comedy"
    } ]
  }, {
    "id" : 335676,
    "title" : "Aurora",
    "overview" : "In 2020 super-computer Kronos concludes that human beings are the biggest threat to the planet. 60 years later, Andrew finds himself lost in a world run by machines when he meets Calia, a girl on the way to a place called Aurora.",
    "genres" : [ {
      "id" : 53,
      "name" : "Thriller"
    }, {
      "id" : 10749,
      "name" : "Romance"
    }, {
      "id" : 878,
      "name" : "Science Fiction"
    } ]
  }, {
    "id" : 335681,
    "title" : "Alleine war gestern",
    "overview" : "",
    "genres" : [ {
      "id" : 35,
      "name" : "Comedy"
    }, {
      "id" : 10770,
      "name" : "TV Movie"
    }, {
      "id" : 18,
      "name" : "Drama"
    }, {
      "id" : 10749,
      "name" : "Romance"
    } ]
  }, {
    "id" : 335686,
    "title" : "We Have Decided Not to Die",
    "overview" : "Three wordless rituals: birth, between, and rebirth. A woman lies at the bottom of a swimming pool, alone. The camera pans her body. She starts to rise, then sinks; convulsions follow and then she rises and hovers above the pool. A shirtless man in white pants stands in an asphalt lot, a car visible on either side. Convulsions begin. The cars back up, still facing him and each other. They pause; they race toward him. He leaps. A youth, shirtless and in white shorts, stands in front of a tall building. Doors open, he enters and walks to an elevator. Convulsions strike him as he rides to a top floor, exits the elevator, pauses, and runs toward a window. He crashes through.",
    "genres" : [ ]
  }, {
    "id" : 335691,
    "title" : "Amnesia",
    "overview" : "Dreaming of a better life, a young woman leaves her country home and moves to the city where she only finds trouble.",
    "genres" : [ {
      "id" : 18,
      "name" : "Drama"
    } ]
  }, {
    "id" : 335696,
    "title" : "Survivors",
    "overview" : "Kate Meadows (Joanne Gale) and her cameraman Duke (Simon Burbage) embark on a mission to uncover whether or not a government weapons contractor has secretly been using humans as their test subjects. As they dig deeper, they realise the brutal reality... The test subjects have escaped and are carrying a deadly new contagion meant for use in biological war. They soon find themselves in a race for their own survival as the military lose the fight against the infected and those responsible for the outbreak stop at nothing to prevent the truth being revealed... In a world without laws, without order and with nobody watching, how far would you go to survive?",
    "genres" : [ {
      "id" : 18,
      "name" : "Drama"
    }, {
      "id" : 27,
      "name" : "Horror"
    }, {
      "id" : 53,
      "name" : "Thriller"
    } ]
  }, {
    "id" : 335701,
    "title" : "Bon Jovi: Inside Out",
    "overview" : "Played in the theatres before going on sale in November 2012, 'Inside Out' features live tracks from Bon Jovi recorded at the O2 Arena in London, the Metlife Stadium in New Jersey, and the Madison Square Garden in New York City. These shows were part of the Lost Highway Tour (2008) and the Circle Tour (2010).",
    "genres" : [ {
      "id" : 10402,
      "name" : "Music"
    } ]
  }, {
    "id" : 335706,
    "title" : "Kino-pravda no. 7",
    "overview" : "A short Soviet news reel film: 'Five Years of the Revolution.'",
    "genres" : [ ]
  }, {
    "id" : 335711,
    "title" : "Elton John - Live at Festival de Viña",
    "overview" : "The Viña del Mar International Song Festival 2013 was held from February 24, 2013 until Friday March 1, 2013. The musical event was broadcast via Chilean TV channel Chilevisión.",
    "genres" : [ ]
  }, {
    "id" : 335721,
    "title" : "Secret of the Sphinx",
    "overview" : "Shot on location in Egypt, the story unfurls like an Italian Giallo as a group of people meet under strange circumstances, and one by one they are murdered. Gold is missing so you suspect a thief is trying to cover up his crime but that might be too obvious.",
    "genres" : [ {
      "id" : 12,
      "name" : "Adventure"
    }, {
      "id" : 80,
      "name" : "Crime"
    } ]
  }, {
    "id" : 335726,
    "title" : "A Future on Rail",
    "overview" : "Short documentary hymning the wonders of 'modernisation' on the railways.",
    "genres" : [ {
      "id" : 99,
      "name" : "Documentary"
    } ]
  }, {
    "id" : 335731,
    "title" : "Nation Teacher: Tjokroaminoto",
    "overview" : "Tjokroaminoto (Tjokro) who was born of nobility Java with strong Islamic background, did not say anything to see the condition of the people of poverty and social inequality early after the Cultivation and ethical policy around 1900. He dared to leave the status of nobility and worked as a stevedore .  Tjokro struggling to build an organization SI, largest first bumiputera official organization, which has up to two million members. He struggled to equalize the rights and dignity of the Bumiputera community colonized. This struggle became the inception of character and national movement.  Tjokro is the intellectual, clever stratagems, has a lot of expertise, including a martial arts champion, engineers and legal, critical newspaper writer, orator who is able to enchant thousands of people, making the Dutch government concerned, and act to inhibit the rate of motion of the SI. Tjokro struggle through SI organization also threatened by divisions of the organization itself.",
    "genres" : [ {
      "id" : 18,
      "name" : "Drama"
    }, {
      "id" : 36,
      "name" : "History"
    } ]
  }, {
    "id" : 335736,
    "title" : "The Mothman Curse",
    "overview" : "An Ancient Evil Unleashed. A supernatural thriller based on the terrifying legend of The Mothman. Rachel and Katy work together in a large, empty museum.",
    "genres" : [ ]
  }, {
    "id" : 335741,
    "title" : "Swallow My Pride 2",
    "overview" : "A cornucopia of cum is unleashed as 24 Guys Dump 48 loads down the throat of 6 thirsty sluts. Not a drop wasted!",
    "genres" : [ ]
  }, {
    "id" : 335746,
    "title" : "Swallow My Pride 5",
    "overview" : "If you love Cum Swallowing, you're going to love this! 5 Scenes with 50 Loads!",
    "genres" : [ ]
  }, {
    "id" : 335751,
    "title" : "Swallow My Pride 9",
    "overview" : "Here's another juicy round of sluts who suck cock &amp; swallow doses of cum!",
    "genres" : [ ]
  }, {
    "id" : 335756,
    "title" : "Falco - Donauinsel Live",
    "overview" : "",
    "genres" : [ ]
  }, {
    "id" : 335761,
    "title" : "Secret Atelier",
    "overview" : "Servant Je-ho and maiden Mae-hyang are from a respectable family…  One day in the past when it was raining, the two had to love in secret due to the opposition around them. They were secretive but still happier than anyone else. However, several obstacles parted them and they worry they might forget each other. Years pass and they meet as customer and gisaeng. They don’t recognize each other right away but feel attracted to each other in some way…",
    "genres" : [ {
      "id" : 10749,
      "name" : "Romance"
    } ]
  }, {
    "id" : 335766,
    "title" : "Families",
    "overview" : "The plot is unknown at this time.",
    "genres" : [ {
      "id" : 27,
      "name" : "Horror"
    } ]
  }, {
    "id" : 335771,
    "title" : "The Amazing Agency",
    "overview" : "Party agency The Amazing Agency is a new phenomenon in Amsterdam nightlife. This mysterious group turns every average party into an amazing party. Key figure of this group of gender bending people is Robbie Baauw. Robbie dreams of a world where everyone can be who he/she want to be. He is extremely passionate about his work and the people around him. He works very hard to make the Agency a big success, but sometimes forgets to take care of himself. When his medical situation is getting worse, he’s forced to balance between his life in Amsterdam and the small town he grew up in. A place wherepeople feel weird when behaving normally. Will Robbie manage to combine these two very different worlds?",
    "genres" : [ {
      "id" : 99,
      "name" : "Documentary"
    } ]
  }, {
    "id" : 335776,
    "title" : "Geef me 's ongelijk",
    "overview" : "Because of his extreme provocations at school, the fifteen-year-old Julius is sent to a special program for behavioral change. In crafty dialogue, Julius fights the hypocrisy of 'being free to be yourself, but within the limits', preached by his supervisors and his recently divorced parents. But when Julius finds the physical limits of his rebellion, the situation explodes and he needs to get back in control. Is he able to stay true to his ideals and to be released from the program altogether?",
    "genres" : [ {
      "id" : 99,
      "name" : "Documentary"
    } ]
  }, {
    "id" : 335786,
    "title" : "Kārkli pelēkie zied",
    "overview" : "A film about the intertwined fates of ordinary students and the artists of a youth theatre.",
    "genres" : [ ]
  }, {
    "id" : 335791,
    "title" : "When the Bough Breaks",
    "overview" : "A surrogate mother harbors a deadly secret desire for a family of her own with the husband who is expecting to raise her child.",
    "genres" : [ {
      "id" : 9648,
      "name" : "Mystery"
    }, {
      "id" : 18,
      "name" : "Drama"
    }, {
      "id" : 27,
      "name" : "Horror"
    } ]
  }, {
    "id" : 335796,
    "title" : "Ouija: Origin of Evil",
    "overview" : "In 1965 Los Angeles, a widowed mother and her two daughters add a new stunt to bolster their séance scam business and unwittingly invite authentic evil into their home. When the youngest daughter is overtaken by the merciless spirit, this small family confronts unthinkable fears to save her and send her possessor back to the other side.",
    "genres" : [ {
      "id" : 27,
      "name" : "Horror"
    }, {
      "id" : 53,
      "name" : "Thriller"
    } ]
  }, {
    "id" : 335801,
    "title" : "She Shall Have Music",
    "overview" : "Millionaire shipbuilder Freddie Gates decides to publicize his ships by hiring Jack Hylton and his orchestra to broadcast from his yacht.. Brian Gates, Freddie's son, has a low-approval-rating and a high dislike for jazz music and refuses board ship with the band on board. His father enters a conspiracy with singer Dorothy Drew to get him on the yacht, where the broadcasts will be made. Brian falls in love with Dorothy, but calls of the romance when he sees her dancing and singing with Hylton's band in Paris. Dorothy induces three members of the band to shanghai Brian when the yacht sails. A rival shipowner, determined to stop the broadcasts, bribes the crew to desert the ship and all hands are left stranded in mid-ocean on the yacht. The band-members manage to extricate them from their predicament and they get back to London, where Hylton is acclaimed and Brian marries Dorothy.",
    "genres" : [ ]
  }, {
    "id" : 335806,
    "title" : "Mad Women",
    "overview" : "A mother of three daughters (one died at the age of three) commits a crime of conscience and becomes radicalized in prison; she turns into an idealist run amok, determined to change her little corner of the world for the better. Her middle daughter, with a physician for a father, an older sister who joins Doctors Without Borders, and a baby sister who dies, is fanatically trying to find a place for herself in this family of overachievers.",
    "genres" : [ ]
  }, {
    "id" : 335811,
    "title" : "Fully Loaded 3",
    "overview" : "Streching out filthy holes oozing man juice! 100% internal cum shots. See stretched out filthy holes oozing man juice featuring anal, DP`s, and ass-to-mouth.",
    "genres" : [ ]
  }, {
    "id" : 335816,
    "title" : "Silvesternacht - Ein Dialog",
    "overview" : "Encouraged by Fassbinder, with whom he became friendly after the then-enfant terrible of the German cinema visited him in Lugano, Sirk also did some teaching during the late 1970s at the film school in Munich, where he made three short films with his students.",
    "genres" : [ ]
  }, {
    "id" : 335821,
    "title" : "Sonata soledad",
    "overview" : "Three stories. A middle-aged man remembering his childhood, a couple living in a ghostly world, and a parody of filmmaking.",
    "genres" : [ {
      "id" : 18,
      "name" : "Drama"
    } ]
  }, {
    "id" : 335826,
    "title" : "A Great Victory",
    "overview" : "A short film showing the big Soviet factory 'Sharikopodshipnik.'",
    "genres" : [ ]
  }, {
    "id" : 335831,
    "title" : "12:56",
    "overview" : "When you can't sleep, all you can seem to do is relive the worst experiences of your life.",
    "genres" : [ ]
  }, {
    "id" : 335836,
    "title" : "POV Jugg Fuckers 3",
    "overview" : "Director Jonni Darkko offers 10 scenes of boob-centric blow jobs and tit-fucking action in POV Jugg Fuckers 3. POV Jugg Fuckers 3 matches big-boobed women with men who like them high, round and slippery... and the shooting puts the viewer in the jugg-fucker's seat.",
    "genres" : [ ]
  }, {
    "id" : 335841,
    "title" : "Ci devo pensare",
    "overview" : "",
    "genres" : [ {
      "id" : 35,
      "name" : "Comedy"
    } ]
  }, {
    "id" : 335846,
    "title" : "Idolatrada",
    "overview" : "",
    "genres" : [ {
      "id" : 18,
      "name" : "Drama"
    } ]
  }, {
    "id" : 335851,
    "title" : "The Sea Fiend",
    "overview" : "Devil Monster (1936) is an American adventure film directed by S. Edwin Graham and it was shown in Great Britain as The Sea Fiend in 1938. An edited version of the film was released in 1946 as Devil Monster, a low-budget South Seas drama spiced up with stock footage inserts including half-dressed native girls that were also featured in the film's trailer.",
    "genres" : [ ]
  }, {
    "id" : 335856,
    "title" : "The Genetics of Adam and Eve",
    "overview" : "One of the biggest debates in evangelical Christianity today is whether Adam and Eve were real people. Sadly, many theologians and scientists say that genetics has disproven the existence of an original couple specially created by God. As a consequence, many have have begun to redefine sin and salvation.  But the Bible's language is clear that Adam and Eve were real people. Their historical existence and fall into sin are foundational to the gospel of Jesus Christ. In addition, the science of genetics - including human and chimp comparisons, mitochondrial and Y chromosome DNA, and human genetic variation - confirms and is consistent with the fact that all humans have descended from an original couple specifically created by God as described in Genesis.",
    "genres" : [ ]
  }, {
    "id" : 335861,
    "title" : "Annas Erbe",
    "overview" : "",
    "genres" : [ {
      "id" : 10749,
      "name" : "Romance"
    }, {
      "id" : 10770,
      "name" : "TV Movie"
    }, {
      "id" : 10751,
      "name" : "Family"
    } ]
  } ]
}