{
  "movies" : [ {
    "id" : 149426,
    "title" : "The Variegateds Case",
    "overview" : "",
    "genres" : [ {
      "id" : 9648,
      "name" : "Mystery"
    } ]
  }, {
    "id" : 149431,
    "title" : "Write and Fight",
    "overview" : "A young journalist is arrested for freethinking ideas. Goes into the cell with the famous safe-breaker and religious Szpicbródką Sixtus, a murderer husband of his mistress.",
    "genres" : [ {
      "id" : 18,
      "name" : "Drama"
    } ]
  }, {
    "id" : 149446,
    "title" : "The Criminal of Barrio Concepcion",
    "overview" : "A lowly farmer whose wife is afflicted with a lingering illness gets involved in kidnapping that goes awry and culminates in tragedy. Years later, he turns to a crusading lady journalist to confess the details of the sensational crime that remains unsolved.",
    "genres" : [ {
      "id" : 28,
      "name" : "Action"
    }, {
      "id" : 80,
      "name" : "Crime"
    }, {
      "id" : 18,
      "name" : "Drama"
    } ]
  }, {
    "id" : 149456,
    "title" : "A Year 'til Sunday",
    "overview" : "Experience the drama as the dream of a lifetime unfolds.  On Sunday 27th of September 1998 the Galway Footbal Team put stop to a famine that had lasted over three decades. In a thrilling encounter in Croke Park, Galway beat Kildare and were crowned 1998 All-Ireland Champions. For the first time in 32 years the Sam Maguire Cup was coming over the Shannon and back to Connaught.  A Year 'Til Sunday reveals what is involved for a panel of thirty young men, chosen by their county, who set off in quest of All-Ireland glory. This film goes beyond the sidelines and into the dressing room for the pre-match, half-time and full-time action. Over a period of 12 months, the palyers are followed through the agony of the training fields to the ecstasy of victory.  This unique, behind-the-scenes material reveals an insight to sport and life as never before seen.",
    "genres" : [ ]
  }, {
    "id" : 149461,
    "title" : "Under the Red Robe",
    "overview" : "In 1620s France, dreaded swordsman Gil de Berault returns from carrying out a mission for Cardinal Richelieu, and finds the Cardinal worried about growing opposition from the Huguenots in the south. The Cardinal also warns de Berault that dueling has been outlawed, and will henceforth be punishable by death. Gil, however, promptly disobeys the law and is indeed sentenced to death. The Cardinal offers to cancel the sentence if de Berault is able to capture the duke who is organizing plans for an uprising. Gil travels to the duke's castle and is allowed to stay as a guest, but the duke's wife and sister immediately suspect that he is a spy. He and his servant still make good progress, until he falls in love with the duke's sister, which complicates everything.",
    "genres" : [ ]
  }, {
    "id" : 149476,
    "title" : "Gangsters '70",
    "overview" : "An elderly gangster just released from prison plans one last job, and gathers a small crew to do the job, but the plan goes sour when one of the crew betrays the details of the operation to a rival gangster.",
    "genres" : [ {
      "id" : 80,
      "name" : "Crime"
    } ]
  }, {
    "id" : 149481,
    "title" : "The Beat Is The Law – Fanfare For The Common People",
    "overview" : "It’s Glastonbury Festival 1995. The Stone Roses pull out of their headline set after a mountain bike accident and Rod Stewart is unavailable. Last minute replacements, Pulp, take to the stage to face 80,000 people. They deliver a set ‘regarded as one of the best in the festival’s history’ climaxing with the era-defining song, Common People, and in the process catapult themselves to the forefront of the Britpop movement – an achievement that 12 years earlier seemed like an impossible dream.",
    "genres" : [ {
      "id" : 99,
      "name" : "Documentary"
    } ]
  }, {
    "id" : 149496,
    "title" : "Chyort s portfelem",
    "overview" : "",
    "genres" : [ ]
  }, {
    "id" : 149511,
    "title" : "The Ashes",
    "overview" : "Set in the time of Napoleon wars, shows how the wars swept over the unfortunate Polish country at the beginning of the XIX-th century. Story revolves around the Polish legion under command of General Dabrowski, who then fought on Napoleon's side with the hopes of Poland's revival.",
    "genres" : [ {
      "id" : 10752,
      "name" : "War"
    }, {
      "id" : 18,
      "name" : "Drama"
    } ]
  }, {
    "id" : 149521,
    "title" : "21st Century Barry",
    "overview" : "An aging man is pitted against modernity when forced to install a brand new printer. What ensues is a tragic tale of man vs. machine.",
    "genres" : [ ]
  }, {
    "id" : 149526,
    "title" : "Cluck",
    "overview" : "Feathers are ruffled when a new arrival upsets the pecking order.",
    "genres" : [ ]
  }, {
    "id" : 149531,
    "title" : "Der Prinz aus Wanne-Eickel",
    "overview" : "",
    "genres" : [ ]
  }, {
    "id" : 149561,
    "title" : "Point of Seduction: Body Chemistry III",
    "overview" : "Movie producer Alan Clay wants to make a movie about Dr. Claire Archer and her amazing life story (she's been 'forced' to kill two men in self defence). Claire falls for Alan, and Alan cannot resist temptation, so now he's hiding an affair from wife Beth. When the movie writer's investigations uncover new facts in the killings, Claire senses the danger, and responds.",
    "genres" : [ {
      "id" : 28,
      "name" : "Action"
    } ]
  }, {
    "id" : 149571,
    "title" : "John Mayall - The Lost Broadcasts",
    "overview" : "John Mayall - The Lost Broadcasts",
    "genres" : [ ]
  }, {
    "id" : 149576,
    "title" : "The Thought Exchange",
    "overview" : "We do not live in the physical world! Where we really live is in the invisible world of experience. It is in this world, and only in this world, that we have infinite possibilities, and are safe and at peace at all times. As long as we don't realize that this is the world in which we truly live, not only does nothing in metaphysics make any sense, but no matter what we do, what methods we use, what systems we follow, we will not achieve what it is we truly want.",
    "genres" : [ ]
  }, {
    "id" : 149586,
    "title" : "The Conscientious Objector",
    "overview" : "It's 1945, World War II. The Place, Okinawa. The Scene, an impregnable 400-foot high cliff-AKA Hacksaw Ridge. The Engagement, a battle so fierce the odds of survival were 1 in 10. The Act, Medic Pfc. Desmond T. Doss braved intense enemy fire to rescue 75 wounded GI's over the precipice. The Story, Infantrymen who once ridiculed and scoffed at Desmond's simple faith and refusal to carry a weapon-now owed their lives to him. Director Terry Benedict tells Desmond's incredible story through the eyes of the men who witnessed this humble man's heroic acts. Winning the respect of his fellow soldiers, they recommended him for the highest honor America can bestow on one of her sons-The Medal of Honor.",
    "genres" : [ {
      "id" : 99,
      "name" : "Documentary"
    } ]
  }, {
    "id" : 149621,
    "title" : "The Only Way Home",
    "overview" : "Two bikers stop on the road to help a family with car troubles. An argument ensues leaving the father dead, and the others are held hostage in a barn. As police investigate, the fate of the hostages is uncertain.",
    "genres" : [ {
      "id" : 18,
      "name" : "Drama"
    } ]
  }, {
    "id" : 149626,
    "title" : "Tanah Surga... Katanya",
    "overview" : "Hashim is a former volunteer from confrontation between Indonesia-Malaysia in 1965. After his beloved wife died, he decided not to marry and live with his only son Haris and Haris's children named Salman and Salina. Living on the border of Indonesia-Malaysia makes its own problems. Border communities have to struggle desperately to keep their lives including Hashim's family, but fidelity and loyalty to the nation make Hashim stay. Beside that, Haris chose to live in Malaysia because he thinks Malaysia is much more promising for the future. He also intends to invite the whole family moved. What happen to Hasyim's family??",
    "genres" : [ ]
  }, {
    "id" : 149631,
    "title" : "Bootleggers",
    "overview" : "A bunch of bootleggers run booze in the South.",
    "genres" : [ {
      "id" : 35,
      "name" : "Comedy"
    }, {
      "id" : 80,
      "name" : "Crime"
    } ]
  }, {
    "id" : 149636,
    "title" : "Grand Slam",
    "overview" : "Because the Stanislavsky method of playing bridge has no rules, it promotes marital harmony for those who stick with it.",
    "genres" : [ {
      "id" : 35,
      "name" : "Comedy"
    } ]
  }, {
    "id" : 149641,
    "title" : "Black Rodeo",
    "overview" : "Documentary about a rodeo that takes place, for the most part, in Harlem.",
    "genres" : [ {
      "id" : 99,
      "name" : "Documentary"
    } ]
  }, {
    "id" : 149661,
    "title" : "Fin",
    "overview" : "An elderly woman prepares meticulously what he believes will be one of the great events of his life. (Inspired by the tragic death of Mexican actress Lupe Velez).",
    "genres" : [ ]
  }, {
    "id" : 149671,
    "title" : "Juan Marsé habla de Juan Marsé",
    "overview" : "From his office in Barcelona, where he usually writes, Juan Marse speaks of his famous novels, movies that were made from them, their relations with the American classic film and its influence on his narrative.",
    "genres" : [ ]
  }, {
    "id" : 149681,
    "title" : "Twenty Paces to Death",
    "overview" : "At the end of the Civil War, Aleck Kellaway, a fighter for the South, is tricked by the brothers Clegg and Elliot into helping them to carry out the robbery of a gold cargo belonging to the Northern Army.",
    "genres" : [ ]
  }, {
    "id" : 149691,
    "title" : "Kill Django...Kill First",
    "overview" : "Johnny fights the banker Burton, who tries to acquire with the help of the strange bandit Martinez, in an unlawful way, all the gold mines in the nearer environment.",
    "genres" : [ {
      "id" : 37,
      "name" : "Western"
    } ]
  }, {
    "id" : 149701,
    "title" : "And His Name Was Holy Ghost",
    "overview" : "After gaining his freedom with the help of an old friend of his father, Spirito Santo/Holy Ghost recovers in an abandoned mine the gold fruit of a previous robbery and makes preparations for a new job recruiting a strange sacristan armed with a machine-gun. Meanwhile a Native American sheriff is on his trail.",
    "genres" : [ ]
  }, {
    "id" : 149711,
    "title" : "Wild Fire",
    "overview" : "Dream Town Development real estate bosses Jack Del Rio and Sy Richards can't convince animal lover Carol Tanner to sell and relocate safari/animal retirement ranch Wild Land, which she runs with younger sister Ballad since their parents died in a plane crash. Jack hires Bradshaw and Roach to release tiger Caesar, after that fails to cause a scandal to start a forest fire and release all animals, after tying up Carol. Ballad's lover, committed Glendora, southern California fire captain Kennedy, and his jumper team try their best to control the fire. Meanwhile young sheriff Drake Donovan and Ballad drug and catch wild animals. The arson is discovered, but the fiends aren't done yet.",
    "genres" : [ ]
  }, {
    "id" : 149721,
    "title" : "Moscow Gigolo",
    "overview" : "A young retired Army officer enters Moscow night world.",
    "genres" : [ {
      "id" : 18,
      "name" : "Drama"
    } ]
  }, {
    "id" : 149731,
    "title" : "Holly Hobbie and Friends: Secret Adventures",
    "overview" : "This Holly Hobbie adventure is full of secrets! Holly learns many lessons about the importance of keeping secrets when she accidentally shares Carrie's secret that she's afraid of the dark. Then, Holly makes it a secret Hey Girls project to help her Mom and Aunt Jesse gather sap for the family's famous maple syrup recipe. When they spill the precious sap, rather than tell the adults, Holly and her best friends, Amy and Carrie, find themselves in a frightful situation - gathering more sap in a scary, dark forest!",
    "genres" : [ ]
  }, {
    "id" : 149736,
    "title" : "Lone and Angry Man",
    "overview" : "Shenandoah (Steffen) works his way into a band of highwaymen led by Rojo (Armando Calvo). His initiation consists of hunting down and killing a member of the gang who has 12 bullets while he is only given 2 bullets. When the bandits attempt to rob a wealthy rancher, whom Shenandoah knows, he warns him. The outlaws begin to suspect they were betrayed and commence to rough Shenandoah up. Shenandoah then reveals his true reason for joining the gang; one of them killed his wife and he is there for retribution.",
    "genres" : [ {
      "id" : 37,
      "name" : "Western"
    } ]
  }, {
    "id" : 149746,
    "title" : "The Story of Cap & Trade",
    "overview" : "The Story of Cap &amp; Trade is a fast-paced, fact-filled look at the leading climate solution being discussed at Copenhagen and on Capitol Hill. Host Annie Leonard introduces the energy traders and Wall Street financiers at the heart of this scheme and reveals the \"devils in the details\" in current cap and trade proposals: free permits to big polluters, fake offsets and distraction from what’s really required to tackle the climate crisis. If you’ve heard about cap and trade, but aren’t sure how it works (or who benefits), this is the film is for you.",
    "genres" : [ ]
  }, {
    "id" : 149756,
    "title" : "The Story of Citizens United v. FEC",
    "overview" : "The Story of Citizens United v. FEC, an exploration of the inordinate power that corporations exercise in our democracy.",
    "genres" : [ ]
  }, {
    "id" : 149761,
    "title" : "The Story of Change",
    "overview" : "Can shopping save the world? The Story of Change urges viewers to put down their credit cards and start exercising their citizen muscles to build a more sustainable, just and fulfilling world.",
    "genres" : [ ]
  }, {
    "id" : 149766,
    "title" : "River",
    "overview" : "Hikari's boyfriend is one of those killed in the Akihabara massacre incident. Suffering from the shock of her loss and unable to accept this reality, she cuts herself off from the outside world. She eventually manages to muster enough courage to visit Akihabara, the scene of the incident. There, she encounters many people who are still coming to terms with the aftermath of the incident and are still suffering from the aftereffects.",
    "genres" : [ {
      "id" : 18,
      "name" : "Drama"
    } ]
  }, {
    "id" : 149776,
    "title" : "Rihanna: Loud Tour - Live at the O2",
    "overview" : "LOUD TOUR LIVE AT THE O2 is a 90 minutes-plus chronicle of Rihanna’s sold-out show at the legendary London venue, the climactic final stop of her 2011 world tour.  Featured are 21 performances including the #1 hits “We Found Love,” “Only Girl (In the World),” “S&M,” “What’s My Name,” “Rude Boy,” “Umbrella,” “Love the Way You Lie,” and many more.  The production, costumes and stage design which Rihanna’s fans have come to expect, all come through in this larger-than-life video and audio experience.  Also featured is never before released behind-the-scenes footage of life on the road with Rihanna during that summer and fall “LOUD Tour” of 2011.",
    "genres" : [ {
      "id" : 10402,
      "name" : "Music"
    } ]
  }, {
    "id" : 149786,
    "title" : "Christmas with Holly",
    "overview" : "After being dumped at the alter on her wedding day, Maggie Conway moves to the island town of Friday Harbor in Washington State, where she meets Mark Nagle, the local coffee shop owner.",
    "genres" : [ {
      "id" : 18,
      "name" : "Drama"
    }, {
      "id" : 10751,
      "name" : "Family"
    } ]
  }, {
    "id" : 149801,
    "title" : "Matusalem II: le dernier des Beauchesne",
    "overview" : "",
    "genres" : [ ]
  }, {
    "id" : 149806,
    "title" : "Hookers in a Haunted House",
    "overview" : "Oh, please. Look at the title. Look at it. You need more synopsis than that? Just... just don't speak to me, okay? I'm disappointed in you. So very disappointed.",
    "genres" : [ ]
  }, {
    "id" : 149836,
    "title" : "Stardust Stricken - Mohsen Makhmalbaf: A Portrait",
    "overview" : "Director Mohsen Makhmalbaf claims to have never seen a movie before making his first film. Doubtful as it sounds, this boast matches perfectly with the controversial artist's personae. Stardust Stricken -- Mohsen Makhmalbaf: A Portrait documents the work of this Iranian filmmaker. After spending time in prison for political dissidence, Makhmalbaf discovered the social potential of the cinema. Some of his projects include Marriage of the Blessed and The Actor. While creating around 20 films, the outspoken director established new ideas about the nature of his work. In this release, Makhmalbaf speaks about art, human behavior, and his evolving fundamentalist beliefs.",
    "genres" : [ {
      "id" : 99,
      "name" : "Documentary"
    } ]
  }, {
    "id" : 149841,
    "title" : "whisper & SHOUT",
    "overview" : "Documents important parts of the East German rock music scene of the late 1980s, from well-established bands like Silly, to underground rock bands like Feeling B. This road movie features young people using music to express their take on life, opposition to their parents' generation and opinions on the social and political climate in East Germany. It includes clips from concerts and interviews with fans and members of various bands, such as Feeling B's Christian Lorenz and Paul Landers, now members of Rammstein. This documentary, shot in 35mm, played to over one million viewers in sold-out theaters in East Germany. Audiences were drawn not only to see their favorite bands on the screen; they were also surprised that this film made it past the censors. (DEFA Film Library)",
    "genres" : [ {
      "id" : 99,
      "name" : "Documentary"
    }, {
      "id" : 10402,
      "name" : "Music"
    } ]
  }, {
    "id" : 149846,
    "title" : "Jonathan Lambert n'est pas couché",
    "overview" : "",
    "genres" : [ {
      "id" : 35,
      "name" : "Comedy"
    } ]
  }, {
    "id" : 149851,
    "title" : "Enid Is Sleeping",
    "overview" : "Enid only looks like she's sleeping. In fact, she's dead. Shortly after Enid caught her husband Harry in bed with her sister June, a row ensued, whereupon June accidently killed Enid. June's problem now is to hide the truth from the authorities, including her police-officer husband Floyd. Then she decides to reveal Enid's demise, albeit rearranging the damning evidence to make the whole thing look like the accident it really was.",
    "genres" : [ {
      "id" : 35,
      "name" : "Comedy"
    } ]
  }, {
    "id" : 149856,
    "title" : "Baby on Board",
    "overview" : "Maria (Carol Kane) is the wife of a murdered Mafia bookkeeper. With her baby in tow, she tracks the hitman to the airport, intending to shoot the man. A pickpocket causes the gun to discharge prematurely, and now it's Maria who is being pursued. She commandeers a cab driven by Ernie (Judge Reinhold), and the chase is on.",
    "genres" : [ ]
  }, {
    "id" : 149861,
    "title" : "Pactar amb el gat",
    "overview" : "In a couple, dominates the one that loves less. Julia (Rose Avalon), 17 years old, has a blind in one eye cat and an enormous dependence from his uncle David (Alberto Jiménez), veterinarian, of the one who is deeply fallen in love. Julia makes what is impossible for remaining the greatest possible time beside his uncle David. But David has one very attractive girlfriend, Sara (Belén Fabra). The best friend of Julia is Aparisi (Pau Roca). He's more than a good friend, he loves her in secret. The blind in one eye cat escapes and Julia, beside Aparisi and his uncle David, starts a search through the terrace roofs of the neighborhood that lasts several days.",
    "genres" : [ ]
  }, {
    "id" : 149866,
    "title" : "Manila Skies",
    "overview" : "Inspired by a true news account, this is the astounding story of a lone deranged hijacker who has struggled to survive in the chaos of modern Philippine society.",
    "genres" : [ {
      "id" : 18,
      "name" : "Drama"
    } ]
  }, {
    "id" : 149871,
    "title" : "The Tale of the Princess Kaguya",
    "overview" : "Found inside a shining stalk of bamboo by an old bamboo cutter and his wife, a tiny girl grows rapidly into an exquisite young lady. The mysterious young princess enthralls all who encounter her - but ultimately she must confront her fate, the punishment for her crime.",
    "genres" : [ {
      "id" : 16,
      "name" : "Animation"
    }, {
      "id" : 18,
      "name" : "Drama"
    }, {
      "id" : 14,
      "name" : "Fantasy"
    } ]
  }, {
    "id" : 149881,
    "title" : "Gloria Estefan: The Evolution Tour Live In Miami",
    "overview" : "Latin pop superstar Gloria Estefan brings the crowd to their feet in this concert video, shot at a performance in her hometown of Miami in September 1996, featuring her band Miami Sound Machine and a troupe of Latin dancers. ~ Mark Deming, Rovi",
    "genres" : [ {
      "id" : 10402,
      "name" : "Music"
    } ]
  }, {
    "id" : 149886,
    "title" : "The Scam",
    "overview" : "Andrei Davydov, a successful businessman and former physicist, plots an unprecedented scam aimed at causing a downfall on the world’s financial markets. He has no doubts that he will succeed, but speculating on an ecological catastrophe is a dangerous gamble. Especially when love interferes with his carefully thought-out scheme of the operation…",
    "genres" : [ ]
  }, {
    "id" : 149901,
    "title" : "Frodo Is Great... Who Is That?!!",
    "overview" : "The documentary looks at the rise to celebrity status of NZ actor and musician Bret McKenzie, who appeared for 3 seconds as an extra in \"The Lord of the Rings: The Fellowship of the Ring\", during the Council of Elrond scene. His brief appearance sparked a huge internet fan-base dedicated to his \"brooding pout\" and \"elvish good looks\". McKenzie has been dubbed \"FIGWIT\", an acronym of \"Frodo is Great; Who is That!!?\"",
    "genres" : [ {
      "id" : 99,
      "name" : "Documentary"
    } ]
  }, {
    "id" : 149906,
    "title" : "Bryan Adams: So Far So Good",
    "overview" : "So Far So Good is a compilation album by Bryan Adams, released by A&amp;M Records in November 1993. The album reached number six on The Billboard 200 charts in 1993. The album was number one hit in UK and many other countries.  The album contains hits from between \"Cuts Like a Knife\" (1983) and Waking Up the Neighbours (1991), and a new single, \"Please Forgive Me\", although all cuts appear in their album versions. Originally the song \"So Far So Good\" was going to be included on the album so the album started and finished with a new song but it was dropped. The song was included on disc two of Anthology.",
    "genres" : [ ]
  }, {
    "id" : 149911,
    "title" : "Titanic at 100: Mystery Solved",
    "overview" : "As the 100th anniversary of Titanic's sinking approaches, a team of scientists, engineers, archaeologists and imaging experts have joined forces to answer one of the most haunting questions surrounding the legendary disaster: Just how did the \"unsinkable\" ship break apart and plunge into the icy waters of the North Atlantic? Written by History Channel",
    "genres" : [ ]
  }, {
    "id" : 149916,
    "title" : "Augsburger Puppenkiste - Der Wolf und die sieben Geißlein & Frau Holle",
    "overview" : "",
    "genres" : [ ]
  }, {
    "id" : 149926,
    "title" : "Champions",
    "overview" : "The true story of jockey Bob Champion who overcame cancer to win the 1981 Grand National",
    "genres" : [ ]
  }, {
    "id" : 149931,
    "title" : "Ultim8 Separation",
    "overview" : "Follow-up of czech freeski movie Separation by Lucas Herman. Just the real hardcore stuff without compromises performed by Robin Holub, Pepé Kalenský, Jirka Volák, Filip Taraba, Roman Dalecký, Dan Hanka and Marek Skála.",
    "genres" : [ ]
  }, {
    "id" : 149936,
    "title" : "Second Class Citizens",
    "overview" : "The movie examines the lives of the not-so-fortunate dregs of society through airy but uneven absurdist comedy. The unfortunates of the title are mentally challenged people, some of whom could be termed insane - or merely inane.",
    "genres" : [ ]
  }, {
    "id" : 149946,
    "title" : "Two in One",
    "overview" : "This celebrated director's \"exquisite cruelty\" appears front and center when the death of a stage actor turns a theatrical drama into a real one. Two in One's two parts, \"Stagehands\" and \"Woman of a Lifetime,\" celebrate the psychological richness that lurks just beneath the surface of banal reality--if murderous stagehands, lascivious fathers and vengeful daughters can be described as banal.",
    "genres" : [ ]
  }, {
    "id" : 149961,
    "title" : "The Sentimental Swordsman",
    "overview" : "Due to his own extreme ideals, famed swordsman Li has lost everyone dear to him. After his life is saved by a rival swordsman, Li's overwhelming pride means he forsakes the woman he loves and lets her marry his saviour. Li's only comfort is alcohol and the simple life he has now accepted. On one such journey, the lonely swordsman befriends the exceptionally skilled, yet secretive Fei who has his own pressures to contend with. The person behind Li's troubles proves to be elusive, though all the clues seem to point to the legendary 'Plum Blossom Bandit', a disguised figure whose identity has long proved elusive to the martial world.",
    "genres" : [ {
      "id" : 28,
      "name" : "Action"
    }, {
      "id" : 12,
      "name" : "Adventure"
    }, {
      "id" : 18,
      "name" : "Drama"
    }, {
      "id" : 10769,
      "name" : "Foreign"
    } ]
  }, {
    "id" : 149981,
    "title" : "Luke's Movie Muddle",
    "overview" : "An early Harold Lloyd short depicting Lloyd as a Chaplin-esque character",
    "genres" : [ ]
  }, {
    "id" : 149991,
    "title" : "Banjo on My Knee",
    "overview" : "A young husband leaves his river shantyboat community in Pecan Point, Tennessee and travels to New Orleans in search of his runaway wife.",
    "genres" : [ {
      "id" : 35,
      "name" : "Comedy"
    }, {
      "id" : 10749,
      "name" : "Romance"
    } ]
  }, {
    "id" : 150006,
    "title" : "Feeling It!",
    "overview" : "Award-winning director Petra Joy continues her sensual revolution of the adult movie genre. Her third erotic film “Feeling it” celebrates intimacy, sensuality and ecstasy. The focus is on female pleasure. The film is based on Petra’s motto “Feeling it, not faking it!” and features players who enjoy a genuine sensual chemistry rather than putting on an act for the cameras. The vignettes are based on female fantasies that women from all over the world shared with Petra. This movie is a visual erotic feast that aims to inspire, excite and liberate beyond the clichés of mainstream porn that leave most women cold. Petra is proud to promote safe sex and feature a multinational cast. We hope you enjoy watching the lovers experiencing breathtaking orgasms as much as we loved filming them. May this film bring pleasure to you!",
    "genres" : [ ]
  }, {
    "id" : 150011,
    "title" : "Norah Jones - Live at iTunes Festival",
    "overview" : "Performing at the annual Itunes Festival, the musician put on an accomplished but relaxed set; delving into new record Little Broken Hearts as well as singing fan favourites like What Am I To You and- one of my favourites-Carnival Town.",
    "genres" : [ ]
  }, {
    "id" : 150026,
    "title" : "Urusei Yatsura 4: Lum the Forever",
    "overview" : "The basic plot is centered on the great cherry tree Tarōzakura and what happens after it is cut down during the making of a movie, Lum loses her horns-and her powers! Thus begins the strangest and most lyrical of the Urusei Yatsura movies. The fourth film is the subject of much debate, as it is probably the hardest of all the Urusei Yatsura films to fully understand. Many consider it to be a multi-layered masterpiece, while others feel it is little more than a confused and rambling mess.",
    "genres" : [ {
      "id" : 16,
      "name" : "Animation"
    }, {
      "id" : 35,
      "name" : "Comedy"
    }, {
      "id" : 878,
      "name" : "Science Fiction"
    }, {
      "id" : 14,
      "name" : "Fantasy"
    } ]
  }, {
    "id" : 150031,
    "title" : "El Bandido Malpelo",
    "overview" : "A young European, Diego Medina (Carvell), joins the Mexican revolution and becomes a courier for Pancho Villa. He is captured and tortured by the Federales but escapes to the desert where he meets and joins a bandit named Malpelo (Fajardo) and his gang.",
    "genres" : [ ]
  }, {
    "id" : 150041,
    "title" : "Brasserie Romance",
    "overview" : "Manager Pascaline and chef Angelo have been, for several years, striving toward earning the coveted \"chef's hat\" in the Gault Millau restaurant guide. Tonight is Valentine's Day: one of the busiest nights of the year. Angelo provides an appropriate menu and Pascaline lovingly sets the tables. As always, Pascaline has everything under control. Her customers expect a lot tonight. For every couple that has won a table they expect to get love on their plate. Hopefully nothing goes wrong.",
    "genres" : [ {
      "id" : 35,
      "name" : "Comedy"
    }, {
      "id" : 18,
      "name" : "Drama"
    } ]
  }, {
    "id" : 150046,
    "title" : "Winter A-Go-Go",
    "overview" : "Teenagers work, play, and dance to rock 'n' roll at the Lake Tahoe ski lodge.",
    "genres" : [ {
      "id" : 10402,
      "name" : "Music"
    }, {
      "id" : 35,
      "name" : "Comedy"
    } ]
  }, {
    "id" : 150051,
    "title" : "Tough",
    "overview" : "Johnny is a mischievous kid. He tells the teacher he didn't get his homework done because his mother just died. Of course, the teacher finds out that Johnny's mother is very much among the living. Johnny's antics become much worse when he discovers his parents are having marital problems. This film is not shot well; most of it looks very amateurish. However, it is an interesting time capsule of African-American life in the early to mid 1970s.",
    "genres" : [ {
      "id" : 18,
      "name" : "Drama"
    } ]
  }, {
    "id" : 150056,
    "title" : "Jesus liebt mich",
    "overview" : "A girl who always tends to fall in love with the wrong guy meets one who believes the world is coming to an end next Tuesday.",
    "genres" : [ {
      "id" : 35,
      "name" : "Comedy"
    } ]
  }, {
    "id" : 150061,
    "title" : "Prometheus Trap",
    "overview" : "In the future, man’s quest for answers will take him to the edge of the universe. But the knowledge they seek, should never be known.",
    "genres" : [ {
      "id" : 878,
      "name" : "Science Fiction"
    } ]
  }, {
    "id" : 150066,
    "title" : "Albert R.N.",
    "overview" : "The British inmates of a POW camp think they have an informer among them after several escape attempts fail. One of the prisoners constructs a dummy which they christen \"Albert\" and use at roll call in order to foil the German guards.",
    "genres" : [ {
      "id" : 10752,
      "name" : "War"
    } ]
  }, {
    "id" : 150086,
    "title" : "Après-Ski",
    "overview" : "",
    "genres" : [ {
      "id" : 35,
      "name" : "Comedy"
    } ]
  }, {
    "id" : 150091,
    "title" : "Terry Tate, Office Linebacker",
    "overview" : "Retired NFL Linebacker, \"Terrible\" Terry Tate enforces the office rules at the Felcher and Sons' headquarters the only way he knows how: with bone-crushing tackles and hard-core trash-talk. With Terry in the corner office, you'll never be late for the morning meeting again.",
    "genres" : [ ]
  }, {
    "id" : 150096,
    "title" : "Comic Aid",
    "overview" : "Shot live at the one off Comic Aid benefit gig at London’s Carling Apollo – which sold out in just three and a half minutes of tickets being put on sale – the DVD features the entire uncut show for all those unfortunate enough to have missed out on tickets.  The 3 hour show sees Jonathan Ross, Jack Dee, Graham Norton, Julian Clary, and Lily Savage host a stellar comic line-up that includes; Lee Evans, Dawn French, Jimmy Carr, Ardal O’Hanlon, Johnny Vegas, Bill Bailey, Bo’ Selecta! star The Bear, Jo Brand, Jon Culshaw, Omid Djalili, Otis Lee Crenshaw, Eddie Izzard, The League Of Gentlemen with Miranda Richardson, Alistair McGowan, Dylan Moran, Dave Spikey, Simon Pegg &amp; Jessica Stevenson. Psychological illusionist Derren Brown and international percussion sensation Stomp also present their own unique blend of stage entertainment.",
    "genres" : [ {
      "id" : 35,
      "name" : "Comedy"
    } ]
  }, {
    "id" : 150116,
    "title" : "Nine Men",
    "overview" : "The Nine men of the title are a British WWII Army patrol stuck in a desert fort during the African campaign. The Men must defend the fort against the Italian and German troops until they can be relieved.",
    "genres" : [ {
      "id" : 10752,
      "name" : "War"
    }, {
      "id" : 18,
      "name" : "Drama"
    } ]
  }, {
    "id" : 150126,
    "title" : "Carmen G",
    "overview" : "Carmen lives in the world of dreams. Her biggest dream dreams is to find her lost son. An unavoidable fate and cruel people present themselves as Carmen is entering the world by herself.",
    "genres" : [ {
      "id" : 53,
      "name" : "Thriller"
    }, {
      "id" : 18,
      "name" : "Drama"
    } ]
  }, {
    "id" : 150131,
    "title" : "Memories of Manon",
    "overview" : "Yvette Marcel (Melissa Anderson) asks her godfather Control and McCall for help dealing with her irrational father, who is intent on locating Manon, the mother she believed had been killed years before.",
    "genres" : [ ]
  }, {
    "id" : 150136,
    "title" : "The Back-up Bride",
    "overview" : "On Christmas weekend in a quaint Texas hotel, JOE BINGHAM, runs into the love of his life, AMY WALKER, the one that got away, she's visiting home for the holiday. The kick is, it's on the eve of Joe's white-winter wedding nuptials to DAISY SPUR, the girl next door who he's settling for. So, Joe has one night to find out if there's a chance he can get back together with Amy before he marries Daisy with no regrets.",
    "genres" : [ ]
  }, {
    "id" : 150146,
    "title" : "Emmanuelle on Taboo Island",
    "overview" : "Daniel is washed ashore after a shipwreck and discovers the beautiful Haydee in a tropical island paradise. However, Haydee's father and brother aren't as willing to accept their romance.",
    "genres" : [ {
      "id" : 18,
      "name" : "Drama"
    } ]
  }, {
    "id" : 150151,
    "title" : "Il Bi e il Ba",
    "overview" : "",
    "genres" : [ ]
  }, {
    "id" : 150161,
    "title" : "Southwest",
    "overview" : "In a Brazilian coastal village where everything seems motionless, Clarice grasps her life in a single day, unlike those she meets and who are living this day like any other. She tries to understand her obscure reality and the destiny of the people around her in a circular time that haunts and disorients.",
    "genres" : [ {
      "id" : 18,
      "name" : "Drama"
    } ]
  }, {
    "id" : 150181,
    "title" : "E a Vida Continua...",
    "overview" : "",
    "genres" : [ {
      "id" : 18,
      "name" : "Drama"
    } ]
  }, {
    "id" : 150191,
    "title" : "I Am the Law",
    "overview" : "The mafia has overrun a section of the country so ruinously that a very stern man (Giuliano Gemma) has been sent by the government to be the governor in that region. He has been given wide-ranging power and authority and is not afraid to use it. Indeed, on occasion he finds it necessary to gun down a fleeing felon himself. As he closes in on the true extent of local corruption, and its connections elsewhere, he is promoted to a higher position in the fascist government so that the local mafia head can replace him as governor.",
    "genres" : [ {
      "id" : 18,
      "name" : "Drama"
    } ]
  }, {
    "id" : 150196,
    "title" : "The Telltale Heart",
    "overview" : "An insane man first loves then grows to hate his neighbor, an old man whose penetrating gaze unnerves the insane man. He plans a perfect crime and executes it one night. The next day, two officers knock on the insane man's door, investigating a shriek heard in the night. The insane man invites them in, answers their questions, and submits to an examination of his eyes by one of the officers, who proclaims him innocent. The insane man invites them to stay and relax awhile, then regales them with his theories of crime. His heart begins to beat louder. Angles on the set are skewed to suggest the man's internal disarray.",
    "genres" : [ {
      "id" : 18,
      "name" : "Drama"
    }, {
      "id" : 27,
      "name" : "Horror"
    } ]
  }, {
    "id" : 150201,
    "title" : "You Are Not Alone",
    "overview" : "\"An idyllic summer day turns into a living nightmare ...  With school finally over, college graduate Natalie Wilner returns to her hometown to celebrate the Fourth of July weekend. But beneath the flags and fireworks lurks a dark, malevolent figure. After a night of drunken parties, she stumbles home and drifts off to sleep, only to be woken moments later by a loud knock on the door.  Experience one night of terror, through Natalie’s eyes as she fights to escape a relentless, knife-wielding maniac …\"",
    "genres" : [ {
      "id" : 27,
      "name" : "Horror"
    }, {
      "id" : 53,
      "name" : "Thriller"
    } ]
  }, {
    "id" : 150211,
    "title" : "The Frozen",
    "overview" : "After a harrowing snowmobile accident, a young couple is stranded in the woods and must survive while waiting for help to arrive. Events take a turn for the worse after the disappearance of Emma's boyfriend, leaving her on her own not only to battle the elements, but also to elude a mysterious hunter who is tracking her through the forest.",
    "genres" : [ {
      "id" : 27,
      "name" : "Horror"
    }, {
      "id" : 53,
      "name" : "Thriller"
    } ]
  }, {
    "id" : 150221,
    "title" : "The Driven Man",
    "overview" : "The Driven Man is a humorous documentary film written by British comedian and well-known car collector Rowan Atkinson, penned as a series of sketches featuring himself driving around London trying to solve his car-fetish, and discussing it with taxi drivers, policemen, used-car salesmen and psychotherapists.[",
    "genres" : [ ]
  }, {
    "id" : 150226,
    "title" : "Ballad of Django",
    "overview" : "Macho Callaghan is a lieutenant in the Federal Guards and his job is to capture Butch Cassidy, Ironhead, and their band of outlaws. Getting in touch with Ironhead, Macho finds a way of being hired by the outlaws. But when the two leaders quarrel and decide to separate, Macho manages to convince Ironhead to attack Butch Cassidy.",
    "genres" : [ {
      "id" : 37,
      "name" : "Western"
    } ]
  }, {
    "id" : 150236,
    "title" : "Duck Village",
    "overview" : "In the village called Utka (Duck), in an old larder, there lived a house sprite, Shishok. A real one, with horns and in a fur coat, jolly and mischievous. He could walk through walls and find lost things. The only thing distressing Shishok was that the children stopped seeing him when they grew up. Everything had changed with the arrival of an 8-year-old girl, Olya, who came to the village for vacations…",
    "genres" : [ {
      "id" : 10751,
      "name" : "Family"
    }, {
      "id" : 14,
      "name" : "Fantasy"
    }, {
      "id" : 12,
      "name" : "Adventure"
    } ]
  }, {
    "id" : 150241,
    "title" : "Maramao",
    "overview" : "A coming-of-age story in which a young boy resists the adult world and the inevitable loss of the joys of childhood.",
    "genres" : [ {
      "id" : 10749,
      "name" : "Romance"
    }, {
      "id" : 10751,
      "name" : "Family"
    }, {
      "id" : 18,
      "name" : "Drama"
    } ]
  }, {
    "id" : 150246,
    "title" : "Versus",
    "overview" : "",
    "genres" : [ ]
  }, {
    "id" : 150256,
    "title" : "Mein Papi",
    "overview" : "A short featuring hidden camera shots of the director and his father.",
    "genres" : [ {
      "id" : 99,
      "name" : "Documentary"
    }, {
      "id" : 10769,
      "name" : "Foreign"
    } ]
  }, {
    "id" : 150276,
    "title" : "Club Vacanze",
    "overview" : "",
    "genres" : [ ]
  }, {
    "id" : 150311,
    "title" : "Scenes of City Life",
    "overview" : "Yuan Muzhi's innovative fantasy uses live action, still photographs, animation, sound, and even a peep show to depict the love triangle between a pawnshop owner's daughter and two young men from opposite economic classes.",
    "genres" : [ {
      "id" : 18,
      "name" : "Drama"
    } ]
  }, {
    "id" : 150316,
    "title" : "The Friendly Ghost",
    "overview" : "Casper struggles to find friends who won't run away scared when they meet him.",
    "genres" : [ {
      "id" : 16,
      "name" : "Animation"
    }, {
      "id" : 10751,
      "name" : "Family"
    }, {
      "id" : 35,
      "name" : "Comedy"
    } ]
  }, {
    "id" : 150336,
    "title" : "Into the Lost Crystal Caves",
    "overview" : "NGC goes inside one of the greatest natural marvels on the planet - a giant crystal cave described as Superman's fortress, with magnificent crystals up to 36 feet long and weighing 55 tons. A team of experts venture into the cavern, enduring scorching-hot temperatures that could kill a human after just 15 minutes of exposure. They'll push the boundaries of physical limitation to explore a crevasse that could lead to another - and perhaps more spectacular - crystal cave.",
    "genres" : [ {
      "id" : 99,
      "name" : "Documentary"
    } ]
  }, {
    "id" : 150346,
    "title" : "The True Story of Glory Continues",
    "overview" : "Morgan Freeman narrates this documentary that explores the 54th Massachusetts regiment that is the basis of the motion picture, \"Glory\".",
    "genres" : [ ]
  }, {
    "id" : 150351,
    "title" : "Duke Ellington & Sarah Vaughan  Live At The Berlin Philharmonic Hall 1989",
    "overview" : "",
    "genres" : [ {
      "id" : 10402,
      "name" : "Music"
    } ]
  }, {
    "id" : 150361,
    "title" : "The Horizontal Lieutenant",
    "overview" : "Director Richard Thorpe's 1962 military comedy stars Jim Hutton, Paula Prentiss, Miyoshi Umeki, Jim Backus, Jack Carter, Marty Ingels, Charles McGraw and Argentina Brunetti.",
    "genres" : [ ]
  }, {
    "id" : 150366,
    "title" : "Donald Fagen - Kamakiriad",
    "overview" : "",
    "genres" : [ ]
  }, {
    "id" : 150381,
    "title" : "Dee Dee Bridgwater  Sings Kurt Weill Live At North Sea Jazz Festival",
    "overview" : "",
    "genres" : [ {
      "id" : 10402,
      "name" : "Music"
    } ]
  }, {
    "id" : 150386,
    "title" : "Confessions of a Co-Ed",
    "overview" : "A young college student gets pregnant by the man she loves, but circumstances prevent their marrying, so she marries a classmate she doesn't love. Soon, however, her lover returns, and she finds herself in a dilemma as to who to choose.",
    "genres" : [ {
      "id" : 18,
      "name" : "Drama"
    } ]
  } ]
}