{
  "movies" : [ {
    "id" : 293396,
    "title" : "Teneriffa – Tag der Rache",
    "overview" : "",
    "genres" : [ {
      "id" : 53,
      "name" : "Thriller"
    } ]
  }, {
    "id" : 293401,
    "title" : "Road Hell",
    "overview" : "When a horrific accident forces a deeply dysfunctional couple to check into a decrepit motel, a lecherous and deranged desk clerk arranges for them to witness three unholy visions of the macabre. But when cautionary tales of bloodlust, deadly creatures and a world filled with the undead don't faze these two narcissists, stronger measures are right at hand.",
    "genres" : [ ]
  }, {
    "id" : 293406,
    "title" : "Roosters",
    "overview" : "Gallo Morales is the proud patriach returning home after a seven-year stint for manslaughter. Seeking to re-establish his legendary status as a champion breeder, he comes back for the rooster bred by his father. But it is Hector, his son who inherits the prize-winning bird and neither are about to give in. The fall-out from their conflict has consequences for the whole family, especially for Angela, the sensitive 14-year-old daughter unable to cope with the brutal world that surrounds her and her own emerging womanhood, despite the best efforts of Juana, her strong but long-suffering mother.",
    "genres" : [ {
      "id" : 18,
      "name" : "Drama"
    } ]
  }, {
    "id" : 293411,
    "title" : "Andalusian rose",
    "overview" : "Sister Angèle is a nun just twenty-one years old. She sells the honey gathered by her fellow nuns at the street market. But she also indulges in strange activities – she secretly visits a young man, Paolo, in a bungalow on the beach. She also visits patients in hospital. It’s here that she’s met a young Spanish woman, Rosa Maria Dolorès, whose days are numbered. This encounter, along with her relationship with Paolo, bring her face to face with herself, make her listen to the sound of her beating heart.",
    "genres" : [ {
      "id" : 18,
      "name" : "Drama"
    } ]
  }, {
    "id" : 293416,
    "title" : "Vicious Circle",
    "overview" : "In the Barrio there's one way in...no way out.",
    "genres" : [ ]
  }, {
    "id" : 293421,
    "title" : "Der Durchdreher",
    "overview" : "",
    "genres" : [ {
      "id" : 35,
      "name" : "Comedy"
    } ]
  }, {
    "id" : 293426,
    "title" : "Le rapport Darty",
    "overview" : "A daring deconstruction of consumerist behaviour featuring a robot and Miss Clio Darty, with a voiceover by Godard and Anne-Marie Miéville, this philosophical \"report,\" like so many of Godard's commissions, was rejected by its funders.",
    "genres" : [ ]
  }, {
    "id" : 293431,
    "title" : "Goodbye, Mr. Germ",
    "overview" : "A doctor explains to his children the dangers of tuberculosis, what it is and how to prevent against contracting it.",
    "genres" : [ {
      "id" : 16,
      "name" : "Animation"
    }, {
      "id" : 18,
      "name" : "Drama"
    } ]
  }, {
    "id" : 293436,
    "title" : "I Was a Teenage Feminist",
    "overview" : "Why is it that some young, independent, progressive women in today's society feel uncomfortable identifying with the F-word? Join filmmaker Therese Shechter as she takes a funny, moving and very personal journey into the heart of feminism. Armed with a video camera and an irreverent sense of humor, Shechter talks with feminist superstars, rowdy frat boys, liberated Cosmo girls and Radical Cheerleaders, all in her quest to find out whether feminism can still be a source of personal and political power.",
    "genres" : [ {
      "id" : 99,
      "name" : "Documentary"
    } ]
  }, {
    "id" : 293441,
    "title" : "Hello Kitty - Goes to the Movies",
    "overview" : "Lights! Camera! Action! Get ready for big-screen fun with Hello Kitty and her friends! Includes: K.T. - The Kitty Terrestrial, The Wizard of Paws, Kitty and the King, Cat Wars, Paws - The Great White Dog Shark",
    "genres" : [ {
      "id" : 16,
      "name" : "Animation"
    }, {
      "id" : 10751,
      "name" : "Family"
    } ]
  }, {
    "id" : 293451,
    "title" : "Plano B",
    "overview" : "",
    "genres" : [ {
      "id" : 99,
      "name" : "Documentary"
    } ]
  }, {
    "id" : 293456,
    "title" : "For Some Inexplicable Reason",
    "overview" : "A trip to Lisbon helps a nerdy guy who is quickly approaching 30 finally get his mojo back.",
    "genres" : [ {
      "id" : 18,
      "name" : "Drama"
    } ]
  }, {
    "id" : 293461,
    "title" : "Monsterman",
    "overview" : "A film about the monster of Lapland, Mr. Lordi, who after winning the Eurovision Song Contest loses everything, almost everything.",
    "genres" : [ {
      "id" : 99,
      "name" : "Documentary"
    }, {
      "id" : 18,
      "name" : "Drama"
    } ]
  }, {
    "id" : 293466,
    "title" : "Changes",
    "overview" : "Living in the Herttoniemi suburb in Eastern Helsinki, 12 yearolds Antti and Muhis have been best friends since kindergarten. Muhis is from a Somali background, and the boys’ friendship is put to test when a local racist lays his hands on Muhis. A struggle ensues, and Antti accidentally shoves the man off of a cliff, into the sea. The boys swear never ever to tell anyone and to take their secret to their graves. Changes is a life-affirming film about friendship, growing up, tolerance and courage.",
    "genres" : [ {
      "id" : 18,
      "name" : "Drama"
    } ]
  }, {
    "id" : 293471,
    "title" : "Jill and Joy",
    "overview" : "When two best friends Jill and Joy find a huge sum of money on the street on the first day of the summer holiday, they decide to buy a house from the mysterious Mrs. Rosebud. It’s a real dream house: measured and equipped exactly for two little seven-year-old girls’ requirements. Based on a beloved children’s book, Jill and Joy is a story of a dream summer without parents or boundaries. Anything can and will happen as reality and fantasy magically intertwine.",
    "genres" : [ {
      "id" : 10751,
      "name" : "Family"
    } ]
  }, {
    "id" : 293476,
    "title" : "La buca",
    "overview" : "Ambulance-chasing lawyers takes on the case of a convicted murderer who, just being released after doing 27 years in jail, claims he was innocent",
    "genres" : [ {
      "id" : 35,
      "name" : "Comedy"
    } ]
  }, {
    "id" : 293481,
    "title" : "Härtetest",
    "overview" : "",
    "genres" : [ {
      "id" : 35,
      "name" : "Comedy"
    } ]
  }, {
    "id" : 293486,
    "title" : "Master Cats",
    "overview" : "An example of 1970's Maple Syrup cinema from Quebec, this whimsical and sexy tale revolves around two trickster roommates and the women in their lives who want to see them settle down.",
    "genres" : [ {
      "id" : 35,
      "name" : "Comedy"
    } ]
  }, {
    "id" : 293491,
    "title" : "Raspberry Boat Refugee",
    "overview" : "Mikko Virtanen feels like a Swedish soul trapped in a Finnish body. Full of disgust for everything Finnish, he sees Sweden as heaven. Upon meeting a suicidal Swedish psychologist Mikael Anderson, he seizes an opportunity for an identity switch. Raspberry Boat Refugee is a comedy about cultural differences in the Nordic countries, their nationalism and, not least, prejudices about our neighbours. It also proves how futile it is to try to escape oneself.",
    "genres" : [ {
      "id" : 35,
      "name" : "Comedy"
    } ]
  }, {
    "id" : 293501,
    "title" : "Lex Turns Evil",
    "overview" : "\"Lex Turns Evil\" stars some of the most gorgeous, popular and uninhibited backdoor babes in the adult industry, and they're willing to do just about anything for a taste of that famous Steele shaft. His dick towers so enormously, it should have its own ZIP code! Glamorous femme fatale Asa Akira is a stunning but deadly Japanese spy who gets her perimeter breached by military Secret Agent Steele. Asa worships her opponent's massive member and takes a hard ride that leaves her fine ass gaping and her face dripping with cum. Athletic, big-bottomed bombshells Chanel Preston and Anikka Albrite share personal trainer Lex's throbbing boner in a nasty three-way rectal workout. Dolled up in slutty fishnets, soft, all-natural cutie Jada Stevens gets lewdly double-stuffed with black meat, ravished by Lex and his pal Prince Yahshua. Curvy blonde bimbette Alexis Ford wants a role in a music video Lex is casting, and she'll stop at nothing to get the part.",
    "genres" : [ ]
  }, {
    "id" : 293506,
    "title" : "The Survival of Dana",
    "overview" : "High school transfer student Dana moves to the San Fernando Valley of Los Angeles after her North Dakota parents get divorced.",
    "genres" : [ {
      "id" : 10770,
      "name" : "TV Movie"
    }, {
      "id" : 18,
      "name" : "Drama"
    } ]
  }, {
    "id" : 293511,
    "title" : "Fiha Tralala: Colourful World",
    "overview" : "Fiha wakes up in the middle of the night and hears someone cry. Opens the book and finds sad letters inside that have lost colors in the book. Fiha is asked to help them . Fiha travels with her fihamobile around the world where she encounters various fairy tale characters . Whether she returns with their help colors into the book, see for yourself :) Playlist: 1. Fiha tralala 2. Rucky pavucky 3. Slivkova pesnicka 4. Bager a Tatrovka 5. Kucky kucky hapci 6. Nocnik 7. Vlacik tralalacik 8. Lolololo lopta 9. Hop a skok 10.Leti leti 11.Farebny valcik 12.Uspavanka 13. Fiha kyva",
    "genres" : [ {
      "id" : 10751,
      "name" : "Family"
    }, {
      "id" : 10402,
      "name" : "Music"
    } ]
  }, {
    "id" : 293516,
    "title" : "La nostra terra",
    "overview" : "",
    "genres" : [ {
      "id" : 18,
      "name" : "Drama"
    }, {
      "id" : 35,
      "name" : "Comedy"
    } ]
  }, {
    "id" : 293521,
    "title" : "Psyche",
    "overview" : "Psyche 1947, made while a student at USC, shows Markopoulos’ developing style and his sensuous use of colour and composition. Shot in the Hollywood hills, the film was inspired by an unfinished novella by Pierre Louÿs. - Tate Modern",
    "genres" : [ {
      "id" : 18,
      "name" : "Drama"
    } ]
  }, {
    "id" : 293526,
    "title" : "Charmides",
    "overview" : "Based on Plato's dialogue Charmides.",
    "genres" : [ {
      "id" : 18,
      "name" : "Drama"
    } ]
  }, {
    "id" : 293531,
    "title" : "Bucle",
    "overview" : "",
    "genres" : [ {
      "id" : 18,
      "name" : "Drama"
    } ]
  }, {
    "id" : 293536,
    "title" : "Werewolf Rising",
    "overview" : "Desperate for a break from big city life, Emma heads to her family's cabin deep in the Arkansas hills. As she settles in for some much-needed R&amp;R, she learns that something unspeakable lurks in the surrounding darkness. As the full moon rises, a bloodthirsty werewolf emerges from the shadows, slaughtering everyone in its path and revealing a sinister underworld Emma never knew existed. Thrown into a fight for her life, and her very soul, Emma will need to escape these big bad woods before it's too late.",
    "genres" : [ {
      "id" : 27,
      "name" : "Horror"
    } ]
  }, {
    "id" : 293541,
    "title" : "Psalty's Funtastic Praise Party",
    "overview" : "Psalty and his pals Woofer and Tweeter invite youngsters to dance and sing in praise of the lord with Psalty's Funtastic Praise Party. Full of fun songs, movement, and hundreds of puppets, the party really gets started when Midi makes a surprise appearance.",
    "genres" : [ {
      "id" : 10402,
      "name" : "Music"
    }, {
      "id" : 10751,
      "name" : "Family"
    } ]
  }, {
    "id" : 293546,
    "title" : "Little Girl Lost",
    "overview" : "Luzaida Cuevas was told that her infant daughter Delimar died in a fire. But years later she saw a little girl at a birthday party that she knew was Delimar. Despite the doubts of everyone around her, she set out to prove that this was her daughter.",
    "genres" : [ ]
  }, {
    "id" : 293551,
    "title" : "Swan Lake SPBT",
    "overview" : "Classic production of the world’s most-famous ballet, the one that dance audiences long for – Tchaikovsky’s Swan Lake. First performed in St.Petersburg in 1895, Swan Lake with its unrivalled “white acts”, its spectacular and dramatic Ballroom scene, sublime music and deeply moving story, is the ballet that towers above all others. Filmed on the 2nd of April 2006 at the South African State Theatre - Pretoria during the first ever St. Petersburg Ballet Theatre tour. This is the world’s favourite ballet, Tchaikovsky’s complete Swan Lake performed with the Johannesburg Festival orchestra; by the best touring ballet company in the world.",
    "genres" : [ {
      "id" : 10751,
      "name" : "Family"
    }, {
      "id" : 10402,
      "name" : "Music"
    } ]
  }, {
    "id" : 293556,
    "title" : "Giselle SPBT",
    "overview" : "No ballet better epitomizes romance than Giselle, also known for its rich melody. This ballet explores the traditional theme of love triumphing over death.  Bursting with freshness, spontaneity and emotion, the musical core for Giselle remains one of ballet music’s greatest successes. The Saint Petersburg Ballet Theatre remains faithful to the version of this ballet that is at once the closest to the original and the most romantic. Live SPBT`s performance 'Giselle' was filmed on 16th March 2007 on the spacious stage of the State Theatre in Pretoria during the second SPBT`s tour of South Africa. Giselle was created in 1841 at the Royal Academy of Music, now the Opéra National de Paris.",
    "genres" : [ {
      "id" : 10751,
      "name" : "Family"
    }, {
      "id" : 10402,
      "name" : "Music"
    } ]
  }, {
    "id" : 293561,
    "title" : "William and Harry: The Brother Princes",
    "overview" : "Prince William and Prince Harry discuss their charity work in Southern Africa and their bond as brothers.",
    "genres" : [ ]
  }, {
    "id" : 293571,
    "title" : "Tarot",
    "overview" : "A director (Hanns Zischler), his fiancee (Vera Tschechowa), a scriptwriter (Rudiger Vogler) and a student interact and discuss their emotions, at length.",
    "genres" : [ {
      "id" : 18,
      "name" : "Drama"
    } ]
  }, {
    "id" : 293576,
    "title" : "Let's Talk",
    "overview" : "Beautiful, intelligent, soulful Essence (Jillian Reeves) is a teacher and spoken word poet. Her open communication and passion for life is shared by Maurice (Lamman Rucker), a handsome and socially conscious teacher at a school for the deaf. Although their relationship is fairly new, they can feel their sexual chemistry growing. The two decide to move to the \"next level\" when the issue of HIV testing raises a new level of discussion. Will Essence and Maurice be able to sustain their relationship or are they simply on two different pages? Will this fire fizzle or continue to burn? \"Let's Talk\" explores issues concerning sex, safety and loving ourselves.",
    "genres" : [ ]
  }, {
    "id" : 293581,
    "title" : "The Eternal City",
    "overview" : "War drama - Fitzmaurice was able to film King Victor Emmanuel III and Benito Mussolini reviewing Italian troops. As with many silents directed by George Fitzmaurice this film is now a lost film.",
    "genres" : [ {
      "id" : 10752,
      "name" : "War"
    }, {
      "id" : 18,
      "name" : "Drama"
    } ]
  }, {
    "id" : 293586,
    "title" : "Die Sache mit dem Glück",
    "overview" : "",
    "genres" : [ {
      "id" : 35,
      "name" : "Comedy"
    } ]
  }, {
    "id" : 293591,
    "title" : "Love Bombs",
    "overview" : "A mysterious city woman named Kiyomi is cared for by an old village woman. The male villagers are intrigued by Kiyomi, especially Masaru, a young man who the surrogate grandson to the old woman, eats dinner with her every night. Despite constant questioning, Kiyomi refuses to talk about her past. The enigma of her presence only bewitches the men further. Shinji, a writer, gives her the only copy of his book. Tatsuya, a farmer, offers her his ripest tomatoes. Kiyomi acts timid, but she secretly likes the attention. But when the old woman collapses, there is no one to protect the frail city woman. Later, a sinister man from the city arrives looking for Kiyomi. A disturbing truth will be revealed about her while a strange and outrageous battle of love will ensue.",
    "genres" : [ {
      "id" : 18,
      "name" : "Drama"
    } ]
  }, {
    "id" : 293596,
    "title" : "Lovesick",
    "overview" : "Faced with the pressures of family, tradition, and culture, a Cambodian woman is forced into a marriage to a man she doesn't know. Love has it own plan when she meets another man and falls in love. Now she must choose to honor her family's wishes or follow her heart.",
    "genres" : [ ]
  }, {
    "id" : 293601,
    "title" : "Die Tote ohne Alibi",
    "overview" : "",
    "genres" : [ {
      "id" : 80,
      "name" : "Crime"
    } ]
  }, {
    "id" : 293606,
    "title" : "Supergirl – Das Mädchen von den Sternen",
    "overview" : "In this comedy, Iris Berben plays a mysterious, supernaturally beautiful girl from another planet, who confuses and flusters the men on earth, where she has landed. The men follow her wherever she goes. Marquard Bohm is no exception here - he leaves his wife in a lurch and travels with the Supergirl to Spain. The girl doesn't tell much about herself; she reports, though, about an impending threat from outer space.",
    "genres" : [ {
      "id" : 9648,
      "name" : "Mystery"
    }, {
      "id" : 35,
      "name" : "Comedy"
    }, {
      "id" : 18,
      "name" : "Drama"
    } ]
  }, {
    "id" : 293611,
    "title" : "Top Ten Worst Tornadoes",
    "overview" : "Jim Cantore hosts a riveting, fast-paced, countdown of the most destructive, deadliest tornadoes. Incredible video, expert analysis and interviews with survivors highlight this wild ride through the most ferocious forces of nature.",
    "genres" : [ ]
  }, {
    "id" : 293616,
    "title" : "Über alles in der Welt",
    "overview" : "Nazi cinema produced numerous WW2 military epics, one of the most impressive of which is Ufa's first-rate 1941 production, Uber Alles in der Welt,directed by Karl Ritter (Stukas). Ritter customarily produced morale-building propaganda pictures, and this, his first propaganda film to deal with the war, as well as his finest effort, was one of the highest-grossing pictures of the Third Reich. Set largely in France, England, and Spain, the film chronicles the plight of Germans caught by the outbreak of war and their frantic attempts to return to the Fatherland to join the battle. All of Germany's enemies receive equal disdain. The British, the French, the Poles, and the Jews are portrayed respectively as warmongers, profiteers and cowards. In the end, all that is important is returning to Germany.",
    "genres" : [ {
      "id" : 18,
      "name" : "Drama"
    } ]
  }, {
    "id" : 293621,
    "title" : "Past Tense",
    "overview" : "Trying to prove to her daughter that her nightmares aren't real, widowed mother Kim Shay 'investigates,' unwittingly bringing danger into their lives. Kim follows a trail that not only leads to the killer of a past victim, but also of her own husband.",
    "genres" : [ {
      "id" : 53,
      "name" : "Thriller"
    } ]
  }, {
    "id" : 293626,
    "title" : "Rose",
    "overview" : "Rose is a hopeful woman broken by drugs, prostitution and Blondie, the Czar of Hellville. Struggling to support her habit, Rose finds herself and her six year old daughter at Hellville's mercy. When Rose betrays Blondie turning tricks behind his back, she and her daughter endure many hardships, including the fight to protect themselves from Blondie's brutal iron grip, in pursuit of her dream to reclaim their lives. Rose, Ellie and Tony, the three of them an imperfect little family bonded through pain and suffering struggle to escape to find a better part of the imperfect world to live in together. Rose must find the inner strength to reclaim her life and escape the hell that is Hellville.",
    "genres" : [ ]
  }, {
    "id" : 293631,
    "title" : "The Titanic",
    "overview" : "Documentary about the sinking of the Titanic",
    "genres" : [ ]
  }, {
    "id" : 293636,
    "title" : "Hart to Hart Returns",
    "overview" : "Jonathan Hart, the wealthy entrepreneur, and his charming investigative reporter wife, Jennifer, once again get caught up in a mystery, this time involving corrupt government contractors. Aided by their trusty servant Max, who is more family than employee, and their dog Freeway, the Harts try to resolve issues with an investigation into Jonathan’s business dealings with an old friend in the aerospace industry, and find themselves in the midst of a dark plot which will put Jonathan’s freedom, their home, and even their lives in jeopardy.",
    "genres" : [ {
      "id" : 12,
      "name" : "Adventure"
    }, {
      "id" : 80,
      "name" : "Crime"
    }, {
      "id" : 9648,
      "name" : "Mystery"
    } ]
  }, {
    "id" : 293646,
    "title" : "The 33",
    "overview" : "Based on a true story about the collapse at the mine in San Jose, Chile that  left 33 miners isolated underground for 69 days.",
    "genres" : [ {
      "id" : 18,
      "name" : "Drama"
    }, {
      "id" : 36,
      "name" : "History"
    } ]
  }, {
    "id" : 293651,
    "title" : "Hidden Chicago",
    "overview" : "Documentary showing some of the partially hidden history and art in the city of Chicago.",
    "genres" : [ {
      "id" : 99,
      "name" : "Documentary"
    } ]
  }, {
    "id" : 293661,
    "title" : "Spievankovo 2",
    "overview" : "Spievanka and Zahrajko prepared new DVD of successful series. This time Spievanka and Zahrajko bring children from kindergarten to Spievankovo for entire year​​. Children will see how Spievankovo ​​changes throughout the year. The DVD consists of 15 themed songs to the seasons in which the children will sing and dance. We believe that with this DVD you will experience a lot of fun: 1. My sme dvaja kamaráti 2. Jarné kvety 3. Slniečko 4. Ťuki ťuki ťukalo 5. Leto 6. Naša zem je guľatá 7. Daj pravú ruku vpred 8. Takto letia vtáci 9. Bolo raz jabĺčko krásne 10. Na cestičke roháč 11. Prší dáždik 12. Padá sniežik, padá 13. Postavím si snehuliaka 14. Padá sniežik 15. V zime",
    "genres" : [ ]
  }, {
    "id" : 293671,
    "title" : "Sausalito",
    "overview" : "Scenes of Sausalito, California, including boats, the docks, and streets. Eventually, the setting turns to night and boats appear silhouetted against the sky. A woman speaks poetic phrases on the soundtrack; at intervals her face is seen. A band begins to play but ceases again as lights appear in distant windows.",
    "genres" : [ ]
  }, {
    "id" : 293681,
    "title" : "El muro del silencio",
    "overview" : "Regina, who lives with her son Daniel, loses her teaching job because his illegitimacy. She opens a sewing shop and keeps her child away from people. The movie narrates the dramatic relationship between a mother, her illegitimate child and the puritanical society around them.",
    "genres" : [ ]
  }, {
    "id" : 293686,
    "title" : "Without Fear",
    "overview" : "A Bolshevik army officer and Uzbek who has been nursed back to health by a young Uzbek woman to whom he is now married, gains responsibility for the local village in 1929. He is urged by comrades in Tashkent to have the local women drop their chadors and veils but he is also told that he should not force this on anyone. His wife declines to take off her veil, so a 14 year old girl steps forward to set the example, over the objections of the local Muslim clergy and most of the village men. After the girl is killed, and the commissar is shot, his wife takes him to the hills to nurse him back to health once again. She begs her husband to leave the village. Instead when he decides to return, she is pressured by her father to continue to wear the veil.",
    "genres" : [ ]
  }, {
    "id" : 293691,
    "title" : "Woman to Woman",
    "overview" : "David Compton leaves his expecting French girl-friend Louise Boucher, a dancer at the Moulin Rouge, for the war where he looses his memory. Building a new life from scratch after the war, he gets married in London. Louise, now a mother, thinks him dead. She becomes a famous dancer under the name Deloryse but falls gravely ill. One night, as David is in the audience of her show, he recovers his memory. When she learns that David is married to another woman, Louise turns her son in the care of David's new wife and accepting a dancing job at a party, she dies there of exhaustion and sorrow.",
    "genres" : [ ]
  }, {
    "id" : 293696,
    "title" : "Elephant Fury",
    "overview" : "German big game hunter brings elephants back from Africa safely through enemy lines, but they go on a stampede in Berlin.  Filming began during WWII in Germany,  but production was stopped because story showed Third Reich police and military having problems coping with an elephant stampede; after the War, it got completed by its originator, and exported to the US with English dubbed, while removing all references to its 1940s German origins!",
    "genres" : [ {
      "id" : 28,
      "name" : "Action"
    } ]
  }, {
    "id" : 293701,
    "title" : "Parlor Bedroom and Wheels",
    "overview" : "Mr &amp; Mrs Whoosis inspect and purchase a house trailer and head for the Parsley Trailer Park.",
    "genres" : [ ]
  }, {
    "id" : 293706,
    "title" : "Yamiuchi tosei",
    "overview" : "Directed by Mansaku Itami.",
    "genres" : [ ]
  }, {
    "id" : 293711,
    "title" : "The City of Beautiful Girls",
    "overview" : "An aqua-maid at Cypress Gardens in Florida tells of her profession - wins the 'Miss Citrus' contest and then has to decide whether she wants to leave and take a shot at stardom.",
    "genres" : [ ]
  }, {
    "id" : 293716,
    "title" : "Possessions",
    "overview" : "When Patricia and Hubert split up, she invites a couple of friends into her home for sex and games. But when Hubert returns, she tries to catch him with the maid.",
    "genres" : [ ]
  }, {
    "id" : 293721,
    "title" : "Failure of Engineer Garin",
    "overview" : "A Russian engineer Petr Garin possesses a unique beam-shooting weapon that can destroy any target. His goal is to achieve world domination with the help of this weapon. Vasily Shelga is out to stop him and also to prevent others getting possession of this weapon.",
    "genres" : [ {
      "id" : 18,
      "name" : "Drama"
    }, {
      "id" : 878,
      "name" : "Science Fiction"
    }, {
      "id" : 53,
      "name" : "Thriller"
    }, {
      "id" : 12,
      "name" : "Adventure"
    } ]
  }, {
    "id" : 293726,
    "title" : "Ketamine",
    "overview" : "When their mother has passed, 21-year-old Vincent and his brother Sjoerd who is five years older go and stay in a caravan at the edge of her native Flemish village. They seek comfort with each other. It is soon clear that their grief does not concern her demise, but her failing motherhood. With a nihilist lifestyle, they fight the pain and pass their days with drugs and destructive behaviour. Although Vincent wants to return to the Netherlands and let go off the past, the fraternal bond is too strong to be broken.",
    "genres" : [ {
      "id" : 18,
      "name" : "Drama"
    } ]
  }, {
    "id" : 293731,
    "title" : "Vrij",
    "overview" : "The remarkable friendship of a lifelong prisoner and 10 year old girl.",
    "genres" : [ {
      "id" : 18,
      "name" : "Drama"
    } ]
  }, {
    "id" : 293736,
    "title" : "Paris Story",
    "overview" : "Who has not dreamed of embracing the city of Paris from the sky? Fly and explore the exceptional places that have shaped and are shaping the history of Paris: Eiffel Tower, Notre Dame de Paris, the Louvre, the Bastille, Invalides, the Opera ... Far from the clichés of postcards out of marked routes by travel guides, this new film invites viewers to an exceptional private tour of the city of Paris. Travel through the centuries and be witnesses of the birth of the City Lights. This new production reveals one of the most influential capitals in the world as you've never seen.",
    "genres" : [ {
      "id" : 99,
      "name" : "Documentary"
    } ]
  }, {
    "id" : 293741,
    "title" : "Chorus of a Million People",
    "overview" : "Chorus of a Million People",
    "genres" : [ ]
  }, {
    "id" : 293746,
    "title" : "Sarajéviens",
    "overview" : "",
    "genres" : [ {
      "id" : 99,
      "name" : "Documentary"
    } ]
  }, {
    "id" : 293751,
    "title" : "Nuptiae",
    "overview" : "This film celebrates weddings and being wed, and the union of opposites in everything everywhere.",
    "genres" : [ ]
  }, {
    "id" : 293756,
    "title" : "16 Stones",
    "overview" : "A modern day adventure about the search for special stones touched by the hand of the Lord and brought to the Americas.",
    "genres" : [ {
      "id" : 12,
      "name" : "Adventure"
    } ]
  }, {
    "id" : 293761,
    "title" : "Polen und seine Deutschen",
    "overview" : "",
    "genres" : [ {
      "id" : 99,
      "name" : "Documentary"
    } ]
  }, {
    "id" : 293766,
    "title" : "Top Gear: The Great African Adventure",
    "overview" : "Another expedition for Jeremy Clarkson, Richard Hammond and James May. This time around, our intrepid explorers take on the task of finding the source of the Nile in three barely roadworthy estate cars. After surmounting the worst that the local hotels and traffic jams can throw at them, the dynamic trio set off into the heat of the African sun, taking dense forests, the ferocious wildlife, and wheel-sucking mud in their stride - well, almost.",
    "genres" : [ {
      "id" : 99,
      "name" : "Documentary"
    } ]
  }, {
    "id" : 293771,
    "title" : "Dead Rising: Watchtower",
    "overview" : "Based on the game, Dead Rising takes place during a large-scale zombie outbreak. When a mandatory government vaccine fails to stop the infection from spreading, the four leads must evade infection while also pursuing the root of the epidemic, with all signs pointing to a government conspiracy.",
    "genres" : [ {
      "id" : 27,
      "name" : "Horror"
    }, {
      "id" : 878,
      "name" : "Science Fiction"
    } ]
  }, {
    "id" : 293776,
    "title" : "William at 30",
    "overview" : "In this biopic, befitting of the future heir to the throne, we'll relive each of William's incredible 30 years, reflect on aspects of life so far and look at the person behind the Prince.",
    "genres" : [ ]
  }, {
    "id" : 293781,
    "title" : "Unearthed",
    "overview" : "When a young archaeology professor's team discovers a time warping alien artifact, she becomes the key figure in an underground turf war, where alienized street bums, car chases, shoot-out, and sinister agendas make this gritty, action packed, sci-fi thriller an instant cult classic!",
    "genres" : [ {
      "id" : 27,
      "name" : "Horror"
    }, {
      "id" : 878,
      "name" : "Science Fiction"
    } ]
  }, {
    "id" : 293786,
    "title" : "Na krásnom modrom Dunaji",
    "overview" : "A crazy comedy about three bohemian friends whose fascination with adventures verging on breaking the law, sexual freedom, loose entertainment and no fears of the consequences bring them even to partaking in the theft of an Andy Warhol painting.",
    "genres" : [ ]
  }, {
    "id" : 293791,
    "title" : "Blood Of The Beast",
    "overview" : "In the year 2012, the 3rd great war comes to an end. The war claims no victors, but both sides succeed in executing their chemical warfare campaigns. The result is over 3 billion deaths. Over ninety-eight percent of the male survivors are rendered sterile. Human reproduction is realized by means of cloning. The first strand of clones are harvested in December of 2012 and received with overwhelming success. It was not until nineteen years later that the first problems arose.",
    "genres" : [ ]
  }, {
    "id" : 293796,
    "title" : "Wet and Reckless",
    "overview" : "Imagine Wes Anderson's Bottle Rocket fused with the reality TV show Survivor, and you might get the slightest inkling of this hilarious buddy-comedy-crime-caper that spins entirely off the rails. Two party-animal, reality TV stars (Jason Trost - The FP, and Lucas Till - X-Men: First Class) are stranded in Thailand. The only way home, and last chance of reclaiming their reality star-status? A treasure map... to a treasure map... Hilarity and adventure ensue in this indie comedic gem.",
    "genres" : [ {
      "id" : 35,
      "name" : "Comedy"
    }, {
      "id" : 28,
      "name" : "Action"
    }, {
      "id" : 12,
      "name" : "Adventure"
    } ]
  }, {
    "id" : 293801,
    "title" : "Fetching",
    "overview" : "After ditching her successful fiancé and lucrative law career, independent Liza pursues her dream of owning a doggie-day care. With the help of her hardworking and hilarious co-workers, including the hypersexual ADI and the fabulous hairdresser Daveed, Liza's business begins to flourish. However doggie treats and bottom lines aren’t the only things consuming Liza’s mind: there’s real chemistry brewing with resident dogwalker/genius slacker Matt. But can Liza truly risk a relationship with an employee, even if he is adorable?",
    "genres" : [ ]
  }, {
    "id" : 293806,
    "title" : "Cathouse 2: Back in the Saddle",
    "overview" : "This follow-up returns to Nevada's premiere legal brothel for another look at the sexcapades of employees and their customers.",
    "genres" : [ ]
  }, {
    "id" : 293811,
    "title" : "The Witness",
    "overview" : "When a criminal threatens husband and wife, their family and their business, their son is the prime target. With the help of one of their employees, the son goes on the run to find safety.",
    "genres" : [ {
      "id" : 10751,
      "name" : "Family"
    }, {
      "id" : 35,
      "name" : "Comedy"
    }, {
      "id" : 28,
      "name" : "Action"
    } ]
  }, {
    "id" : 293816,
    "title" : "Black Eyed Dog",
    "overview" : "When their mom goes into a coma after being attacked by a ferocious dog, Daisy and Malick must face the troubles that come afterward.",
    "genres" : [ {
      "id" : 18,
      "name" : "Drama"
    } ]
  }, {
    "id" : 293821,
    "title" : "Aleister Crowley: Legend of the Beast",
    "overview" : "Since the onset of the human race there have been those who instinctively understood the nature of reality and sought to impose their will upon it by co-operating with and honoring the forces that governed it. Although History has left a rich legacy of Magick, Magicians and Wizards with such names as Pythagoras, Paracelsus, John Dee, Cagliostro, Israel Regardi and Eliphas Levi, in the modern era there is only one whose name is still spoken with fearful reverence as the most powerful and influential magician who ever lived – Aleister Crowley.",
    "genres" : [ {
      "id" : 18,
      "name" : "Drama"
    } ]
  }, {
    "id" : 293826,
    "title" : "Apocalypse Later - Hudson",
    "overview" : "Video by Michel Auder.",
    "genres" : [ ]
  }, {
    "id" : 293831,
    "title" : "O Estripador da Rua Augusta",
    "overview" : "",
    "genres" : [ {
      "id" : 27,
      "name" : "Horror"
    } ]
  }, {
    "id" : 293841,
    "title" : "Chronicles/Morocco",
    "overview" : "The Chronicles capture the natural and cultural beauty of Morocco from its ancient walled villages to its nomadic caravans. Music comes from everywhere. Edited almost thirty years apart, the two Chronicles together are a study in Auder's approach to his memories. The footage is all from the same trip that was a family vacation.  Considering Chronicles/Morocco, 1971 a construct of emotional convenience unfaithful to memory, Auder decided to supplement the first version with a fuller account. The two works feature almost entirely different footage. There are, however, sections where one can see where Auder has omitted Viva. The star of the 1971 version is a young Moroccan Adonis who appoints himself tour-guide for a group of Europeans including Michel. The camera follows his charming antics as he flaunts his nubile body and rather blunt but effective skills as a hunter.",
    "genres" : [ ]
  }, {
    "id" : 293846,
    "title" : "Iggy the Eskimo Girl",
    "overview" : "Iggy was a model and the girlfriend of Syd Barrett, and appeared on the cover of his album The Madcap Laughs (1970). She was terrific fun to be with and to photograph. I made a short film of her dancing in Russell Square, which portrays her as the ultimate flower child of the 1960s. Recorded 1966, edited 2008.",
    "genres" : [ ]
  }, {
    "id" : 293851,
    "title" : "A Man of Passion",
    "overview" : "A coming of age story of a young boy who is left to live with his grandfather, a famous painter. With his grandfather's fame comes a grand lifestyle where the boy learns about life, women and sex. Stars Anthony Quinn, Maud Adams.",
    "genres" : [ {
      "id" : 10749,
      "name" : "Romance"
    }, {
      "id" : 18,
      "name" : "Drama"
    } ]
  }, {
    "id" : 293856,
    "title" : "Blazin'",
    "overview" : "The daughter of a druglord and the son of the chief of police fall in love in this Romeo &amp; Juliet-esque street drama.",
    "genres" : [ {
      "id" : 10749,
      "name" : "Romance"
    }, {
      "id" : 28,
      "name" : "Action"
    } ]
  }, {
    "id" : 293861,
    "title" : "Imagine I'm Beautiful",
    "overview" : "Hoping to leave behind the trauma of her mother's death, a young woman moves to New York City, where she becomes close to her similarly haunted roommate -- until a disturbing revelation changes everything.",
    "genres" : [ {
      "id" : 18,
      "name" : "Drama"
    } ]
  }, {
    "id" : 293866,
    "title" : "The First, Last Race",
    "overview" : "Hollywood Stuntman, Jeff Jensen, rides the new Ducati Terra Mostro from his home in Malibu, California to the Pikes Peak International Hill Climb in Colorado. This would be a huge undertaking from any man in his mid-twenties, but at twice that age, Jeff hasn't figured that out yet.",
    "genres" : [ ]
  }, {
    "id" : 293871,
    "title" : "Karneval in Weiß",
    "overview" : "",
    "genres" : [ {
      "id" : 35,
      "name" : "Comedy"
    } ]
  }, {
    "id" : 293876,
    "title" : "La furia de Mackenzie",
    "overview" : "",
    "genres" : [ {
      "id" : 53,
      "name" : "Thriller"
    } ]
  }, {
    "id" : 293881,
    "title" : "Padre Coraje",
    "overview" : "",
    "genres" : [ {
      "id" : 18,
      "name" : "Drama"
    } ]
  }, {
    "id" : 293886,
    "title" : "La cámara robada",
    "overview" : "With the original intention of making a film about laziness, a young man travels to Holland. Soon he starts to retreat from reality and evade reality through drugs, forgetting his original intention of making a film and finally entering a circle of hell where death merges with dreams.",
    "genres" : [ ]
  }, {
    "id" : 293891,
    "title" : "Cuernavaca En Primavera",
    "overview" : "Three romantic-comedy sketches in a movie financed by Cuernavaca's Dept. of Tourism.",
    "genres" : [ ]
  }, {
    "id" : 293896,
    "title" : "You Sing Your Songs",
    "overview" : "Directed by Serif Gören.",
    "genres" : [ ]
  }, {
    "id" : 293901,
    "title" : "Haunting of Cellblock 11",
    "overview" : "A group of ghost hunters must up their game to compete in the competitive world of paranormal TV shows, leading them to a truly haunted prison with a grisly past that proves to be more than they bargained for.",
    "genres" : [ {
      "id" : 53,
      "name" : "Thriller"
    }, {
      "id" : 27,
      "name" : "Horror"
    } ]
  }, {
    "id" : 293906,
    "title" : "Zeinab",
    "overview" : "Mohammed Karim directed adaptation of the Youssef Wahby novel.",
    "genres" : [ {
      "id" : 18,
      "name" : "Drama"
    } ]
  }, {
    "id" : 293911,
    "title" : "Excursion into Life",
    "overview" : "Felix Bressart, later one of the most delightful members of the Ernst Lubitsch \"stock company,\" plays the title character in the Austrian comedy Hirsekorn Greift Ein (Hirsekorn Does Something About It). It's a typical worm-turns affair, as a mild-mannered provincial actor ends up working as a chauffeur for a scatterbrained female novelist. Slapstick is the order of the day, except in the scenes involving heroine Charlotte Susa. Guiding the actors through their paces was Rudolf Bernauer, a stage actor-manager of vast experience. Critics in 1931 felt that Hirsekorn Greift Ein was too thin to be stretched to 90 minutes.",
    "genres" : [ ]
  }, {
    "id" : 293916,
    "title" : "Zigomar contre Nick Carter",
    "overview" : "Directed by Victorin-Hippolyte Jasset.",
    "genres" : [ ]
  }, {
    "id" : 293921,
    "title" : "Zuiderzeewerken",
    "overview" : "Directed by Joris Ivens.",
    "genres" : [ ]
  }, {
    "id" : 293926,
    "title" : "Zwei Bayern in Bonn",
    "overview" : "",
    "genres" : [ {
      "id" : 35,
      "name" : "Comedy"
    } ]
  }, {
    "id" : 293931,
    "title" : "The Game",
    "overview" : "Ahmed’s father has only a day with his wife and son before he must return to war. With haunting, innocent cruelty, the children play games that mirror the adult world, leading them to discover the harshness of destiny",
    "genres" : [ {
      "id" : 18,
      "name" : "Drama"
    }, {
      "id" : 10752,
      "name" : "War"
    } ]
  } ]
}