{
  "movies" : [ {
    "id" : 118841,
    "title" : "Prem Pratigyaa",
    "overview" : "Raja Bhaiya (Mithun Chakraborty) and his friend Charan (Satish Kaushik) come to a city to make a living.  Failed in their attempts to find a job, one day, they are teased and ragged by Kallu Dada (Ranjeet).  The quarrel gets physical, which Raja wins.  Raja thus becomes the local underworld don and starts collecting protection money from shopkeepers, while becoming addicted to alcohol.  Raja's life takes twists and turns when Mohan Rao (Nilu Phule) passes away.",
    "genres" : [ ]
  }, {
    "id" : 118856,
    "title" : "The Thrill of a Kill",
    "overview" : "After fighting with her mom, Kimsy runs into the woods to cool off, where she meets a friendly photographer. A day of bloodshed and murder follows...",
    "genres" : [ {
      "id" : 27,
      "name" : "Horror"
    }, {
      "id" : 10769,
      "name" : "Foreign"
    } ]
  }, {
    "id" : 118861,
    "title" : "Death Raiders",
    "overview" : "A provincial Governor and his two daughters are kidnapped by the evil Karamat and his trigger-happy men. After a treacherous trek through the jungle, Karamat and his prisoners finally arrive at his fortress, which is heavily fortified with men with guns and a series of maze-like caves. The government deems an air attack or a full-on ground assault too dangerous, so they reform the Death Raiders, a small group of Black Ops. soldiers headed by Captain Barone, to penetrate Karamat's fortress and rescue the Governor and his daughters.",
    "genres" : [ {
      "id" : 28,
      "name" : "Action"
    } ]
  }, {
    "id" : 118866,
    "title" : "Blood Relations",
    "overview" : "A nurse arrives at a small town to discover that the blood supply at the hospital is being raided by a small group of vampires.",
    "genres" : [ {
      "id" : 35,
      "name" : "Comedy"
    }, {
      "id" : 27,
      "name" : "Horror"
    } ]
  }, {
    "id" : 118876,
    "title" : "How to Kill a Judge",
    "overview" : "The latest success by film-maker Giacomo Solaris is a crime thriller about a judge who gets too friendly with the Mafia and is murdered. A resentful Sicilian magistrate orders the film seized, but then he winds up dead, in a fashion just like that in Solaris's movie. Solaris realizes that corrupt political forces are pulling strings, for his friends begin to die in grisly ways. Will he learn the truth about the murder of the judge in time?",
    "genres" : [ {
      "id" : 18,
      "name" : "Drama"
    }, {
      "id" : 28,
      "name" : "Action"
    }, {
      "id" : 53,
      "name" : "Thriller"
    }, {
      "id" : 10769,
      "name" : "Foreign"
    }, {
      "id" : 80,
      "name" : "Crime"
    } ]
  }, {
    "id" : 118881,
    "title" : "The Olympics in Mexico",
    "overview" : "Documentary about the XIX Olympic Games in Mexico City in 1968",
    "genres" : [ {
      "id" : 99,
      "name" : "Documentary"
    } ]
  }, {
    "id" : 118896,
    "title" : "The Octopus 10",
    "overview" : "The final instalment in the legendary Octopus Series fro RAI Italy. Throughout The Octopus series we have seen many generations of the Mafia, starting in the 1950's and now ending in the 1990's. We return to find an ageing and solitary Tano Cariddi in his hideaway on the slopes of Mount Etna, where we left him at the end of Octopus Series 7. He is tormented at night by his past, his mother, father, sister, wife, lost loves and villainy are the nocturnal phantoms from which Tano is trying to escape. Men, young and old, obliged to defend a proud past, young sons, knowing or oblivious, having to make cruel decisions, whether to be ruined by shame or to embark on an extreme and lawless adventures.",
    "genres" : [ ]
  }, {
    "id" : 118906,
    "title" : "Los canallas",
    "overview" : "The leader and villain of the movie is called Kadena, a buxom girl, who is the real deal of the gang \"Hell's Angels\" and whose goal is to kill the Mil Mascaras as sending to jail to his sweetheart consented. What force our hero to golpisar to bad and bad.",
    "genres" : [ {
      "id" : 18,
      "name" : "Drama"
    }, {
      "id" : 28,
      "name" : "Action"
    }, {
      "id" : 80,
      "name" : "Crime"
    } ]
  }, {
    "id" : 118911,
    "title" : "Hurry Sundown",
    "overview" : "Following the Second World War, a northern cannery combine negotiates for the purchase of a large tract of uncultivated Georgia farmland. The major portion of the land is owned by Julie Ann Warren and has already been optioned by her unscrupulous, draft dodging husband, Henry. Now the combine must also obtain two smaller plots - one owned by Henry's cousin Rad McDowell, a combat veteran with a wife and family; the other by Reeve Scott, a young black man whose mother had been Julie's childhood Mammy. But neither Rad nor Reeve is interested in selling and they form an unprecedented black and white partnership to improve their land. Although infuriated by the turn of events, Henry remains determined to push through the big land deal. And when Reeve's mother Rose dies, Henry tries to persuade his wife to charge Reeve with illegal ownership of his property, confident the the bigoted Judge Purcell will rule against a Negro.",
    "genres" : [ {
      "id" : 18,
      "name" : "Drama"
    } ]
  }, {
    "id" : 118926,
    "title" : "Fraulein - Ein deutsches Melodram",
    "overview" : "Described as an answer to Fassbinder’s The Marriage of Maria Braun, Fraulein tells the story of a German woman and a former French prisoner of war living in 1950s Germany. Instead of playing a role in rebuilding her country, Haneke’s heroine remains preoccupied with her personal affairs.",
    "genres" : [ {
      "id" : 18,
      "name" : "Drama"
    } ]
  }, {
    "id" : 118931,
    "title" : "After School Midnighters",
    "overview" : "Houkago Midnighters is about a human anatomical model that comes to life at midnight in a school.",
    "genres" : [ {
      "id" : 14,
      "name" : "Fantasy"
    }, {
      "id" : 16,
      "name" : "Animation"
    }, {
      "id" : 35,
      "name" : "Comedy"
    }, {
      "id" : 10751,
      "name" : "Family"
    } ]
  }, {
    "id" : 118936,
    "title" : "Stand-In",
    "overview" : "An east coast efficiency expert who stakes his reputation on his ability to turn around a financially troubled Hollywood studio receives some help from a former child star who now works as a stand-in for the studio.",
    "genres" : [ {
      "id" : 35,
      "name" : "Comedy"
    }, {
      "id" : 10749,
      "name" : "Romance"
    } ]
  }, {
    "id" : 118941,
    "title" : "It Could Happen to You",
    "overview" : "A politically charged story about a man who dabbles in crime, with disastrous results, to gain the capital he needs to purchase a school where immigrants are prepared for American Citizenship. The school's European teacher dreams of a fascist America. Based on a story by Nathanael West and Samuel Ornitz, who was one of the Hollywood Ten blacklisted during the McCarthy Era",
    "genres" : [ {
      "id" : 18,
      "name" : "Drama"
    } ]
  }, {
    "id" : 118946,
    "title" : "Those Who Kill - Shadow of the Past",
    "overview" : "Detective Katrine Ries Jensen and legal psychiatrist Thomas Schaeffer form a special unit at the Copenhagen Police investigating serial killings. A case from Schaeffer’s past crops up. As a young psychologist, he held back from sending a patient, who was manically drawing the details of a traffic accident, to a secure hospital. Now these bloody scenes resurface, enacted as real killings.",
    "genres" : [ {
      "id" : 80,
      "name" : "Crime"
    }, {
      "id" : 18,
      "name" : "Drama"
    }, {
      "id" : 53,
      "name" : "Thriller"
    } ]
  }, {
    "id" : 118961,
    "title" : "Hong Kong Confidential",
    "overview" : "An undercover U.S. agent (Gene Barry) searches for an Arab ruler's son kidnapped by communists in Hong Kong.",
    "genres" : [ {
      "id" : 18,
      "name" : "Drama"
    }, {
      "id" : 28,
      "name" : "Action"
    }, {
      "id" : 53,
      "name" : "Thriller"
    } ]
  }, {
    "id" : 118966,
    "title" : "Yangın Var",
    "overview" : "",
    "genres" : [ ]
  }, {
    "id" : 118976,
    "title" : "Panya Raenu 2",
    "overview" : "A follow up to the hit movie of the same name about a boy called Panya and his dreams of becoming a popular singer.",
    "genres" : [ {
      "id" : 18,
      "name" : "Drama"
    }, {
      "id" : 35,
      "name" : "Comedy"
    } ]
  }, {
    "id" : 118991,
    "title" : "Keys to Tulsa",
    "overview" : "Richter Boudreau is on a bad streak: Languishing in the shadow of his celebrity mother, he loses his job as a film critic for the town paper, and now he's been approached with a dangerous proposition that ultimately leads to blackmail. Richter's friend Ronnie ropes him into a scheme to steal the inheritance of his wife, Vicky.",
    "genres" : [ {
      "id" : 80,
      "name" : "Crime"
    }, {
      "id" : 18,
      "name" : "Drama"
    }, {
      "id" : 53,
      "name" : "Thriller"
    } ]
  }, {
    "id" : 119001,
    "title" : "The Big Circus",
    "overview" : "With tough and savvy boss Victor Mature in charge, the Whirling Circus just keeps chugging along, but an unknown saboteur--who'll stop at nothing, including murder--is determined that the show must not go on. Director Joseph M. Newman's perils-under-the Big-Top drama, released in 1959, also stars Gilbert Roland, Rhonda Fleming, Red Buttons, Vincent Price, Peter Lorre, David Nelson, Kathryn Grant, Adele Mara, Howard McNear and Steve Allen.",
    "genres" : [ {
      "id" : 18,
      "name" : "Drama"
    } ]
  }, {
    "id" : 119006,
    "title" : "Piccadilly Jim",
    "overview" : "Jim's father wants to marry Eugenia, but her sister Netta refuses to allow it. When Jim sees Ann at a club, he falls for her even though she is with Lord Priory. He meets her the next day at the riding path, but she quickly loses him. He searches all over for her, not knowing that his father's hopeful fiancée is her Aunt. As his caricature work suffers as he searches, he is fired from his paper. But he makes a comeback with the comics 'Rags to Riches' which is based upon the Pett's. But this upsets the Pett's so much that they go back to New York, and he follows, being careful not to let them know that he is the one who draws the strip that parodies them.",
    "genres" : [ {
      "id" : 35,
      "name" : "Comedy"
    }, {
      "id" : 10749,
      "name" : "Romance"
    } ]
  }, {
    "id" : 119021,
    "title" : "Fatal Footsteps",
    "overview" : "Charley is obsessed with learning the Charleston, so he can enter and win a local contest, which promises a large prize and the hand in marriage of a beautiful woman.",
    "genres" : [ {
      "id" : 35,
      "name" : "Comedy"
    } ]
  }, {
    "id" : 119031,
    "title" : "Rapid Exchange",
    "overview" : "To break the plane during flight 747 and steal a quarter of a billion dollars is needed pervaded team, however, the members are given betrayals that can spoil the coup.",
    "genres" : [ {
      "id" : 28,
      "name" : "Action"
    }, {
      "id" : 53,
      "name" : "Thriller"
    } ]
  }, {
    "id" : 119046,
    "title" : "The Ugly Duckling in the Enchanted Forest",
    "overview" : "In this adventure the Ugly Duckling enter the Enchanted Forest, a mysterious and exciting place where he meets witches and fairies, goblins and elves and other magical beings. An exciting and enchanting adventure yet our friend run a serious risk.",
    "genres" : [ {
      "id" : 16,
      "name" : "Animation"
    } ]
  }, {
    "id" : 119066,
    "title" : "Club Timo",
    "overview" : "Russian director/stud Timo Hardy has been blessed with an enormous sexual appetite and the perfect environment in which to satisfy it! “Club Timo,” his latest release for the kinky Buttman Magazine Choice line of ass-oriented specialty porn, follows irrepressible Timo through four intense anal scenes — all set within the director’s nightclub! There his gorgeous employees do their best to please the boss, offering their mouths and asses for his amusement. For these beautiful girls, Timo provides plenty of entry level service industry work…",
    "genres" : [ ]
  }, {
    "id" : 119081,
    "title" : "Fill Her Up 4",
    "overview" : "Five horny sluts who each love the feeling of a massive load being shot deep inside their pussy! These girls can`t wait to feel that warm sticky goodness drip from their freshly fucked hole!",
    "genres" : [ ]
  }, {
    "id" : 119086,
    "title" : "Invisible",
    "overview" : "Two women meet by chance and discover they were both raped by rapist. Individually and together they must confront the past and finally integrate the long repressed trauma into their lives.",
    "genres" : [ {
      "id" : 18,
      "name" : "Drama"
    }, {
      "id" : 53,
      "name" : "Thriller"
    } ]
  }, {
    "id" : 119091,
    "title" : "Dynamo's Concrete Playground",
    "overview" : "Concrete Playground is more than just a magic show; it is a unique film that is part documentary, part music video, part road movie and is bound together with incredible real life magic. The DVD was filmed in London, Bradford and Birmingham The magic is real and impromptu, there are no set-ups, props or co-ordinated stunts and the explosive reactions verify the experience for the viewer.",
    "genres" : [ ]
  }, {
    "id" : 119106,
    "title" : "Secret Enemies",
    "overview" : "FBI agents (Craig Stevens, John Ridgely) raid a New York hotel, sending Nazi spies to an upstate hunting lodge.",
    "genres" : [ {
      "id" : 18,
      "name" : "Drama"
    }, {
      "id" : 80,
      "name" : "Crime"
    } ]
  }, {
    "id" : 119111,
    "title" : "The Bite",
    "overview" : "Koichi is a gigolo who is paid by a madame to seduce and have sex with various women while she and her clients secretly watch. He doesn't like what he's doing, but he needs the money to take care of his seriously ill mother. One day he's given the assignment to seduce a pretty waitress and they wind up falling in love. Koichi tells his madame that is going to quit, but she has other plans for him.",
    "genres" : [ {
      "id" : 18,
      "name" : "Drama"
    } ]
  }, {
    "id" : 119121,
    "title" : "The Crime Nobody Saw",
    "overview" : "Three playwrights (Lew Ayres, Eugene Pallette, Benny Baker) develop a plot around a drunk who gets killed in their apartment.",
    "genres" : [ {
      "id" : 9648,
      "name" : "Mystery"
    } ]
  }, {
    "id" : 119136,
    "title" : "Stray Cat Rock: Crazy Rider '71",
    "overview" : "Toshiya Fujita brings the five film Stray Cat Rock series to a highly enjoyable end. Like his previous instalment, Wild Jumbo, Beat ’71 is an easy going youth drama that does not follow Yasuharu Hasebe’s wild gang film path. Instead Fujita deals with social issues. The film follows a hippie community lead by Yoshitaro (Yoshio Harada). They decide to leave their trailer in Shinjuku and travel to countryside by bicycle to save their friend Furiko (Meiko Kaji) who has been falsely accused for murder. The real killer – although it was mainly self defense – is Furiko’s boyfried Takaaki (Takeo Chii) who is being controlled by his politician father. Takaaki would rather live free as a hippie, but his father is forcing him to become a businessman.",
    "genres" : [ {
      "id" : 53,
      "name" : "Thriller"
    }, {
      "id" : 28,
      "name" : "Action"
    }, {
      "id" : 80,
      "name" : "Crime"
    }, {
      "id" : 18,
      "name" : "Drama"
    } ]
  }, {
    "id" : 119146,
    "title" : "Terrifying Girls' High School: Women's Violent Classroom",
    "overview" : "Delinquent girl boss meets and conflicts with an orphan girl who lives an isolated life after the dramatic deaths of her parents. She plays the piano, but stands up against her lecherous guardian, who is also a school official.",
    "genres" : [ {
      "id" : 28,
      "name" : "Action"
    }, {
      "id" : 18,
      "name" : "Drama"
    }, {
      "id" : 80,
      "name" : "Crime"
    } ]
  }, {
    "id" : 119151,
    "title" : "Terrifying Girls High School: Delinquent Convulsion Group",
    "overview" : "A nasty schoolgirl does what she pleases, under the protection of her father, who is the school principal. Another girl is not so nasty, but she is determined and tough enough to contest the girl's gang in a democratic vote - and win. That causes her trouble in school, just when her own father, who owns a truck transport company, is murdered in a fake car accident by an American mobster. Before the girl can react, her naive mother has signed over the company to the mobster, and accepted him as her lover. Repentant, the mother starts drinking, and the good schoolgirl ties up with a halfbreed young man, who also has a grudge against Americans. He starts spying on the gangsters, discovers they are dealing in drugs, but is killed before he can report it. The good girl will lead her team in a desperation assault on the mobsters - and the police will eventually arrive just in time for the showdown.",
    "genres" : [ ]
  }, {
    "id" : 119156,
    "title" : "Sex Hunter: Wet Target",
    "overview" : "While rotting away in jail, Okamoto learns of the death of his beloved sister, Natsuko. Violently assaulted by a group of U.S. military men during a drunken joyride, she was found dead by local authorities. Haunted by the tragedy, Okamoto escapes from jail to hunt down and kill those who destroyed the life of his sister. What he uncovers during his investigation is much more horrifying than he could ever imagine! Fueled by rage, he meets the killers one by one as the film explodes into an unbelievable climax of bloodshed.",
    "genres" : [ ]
  }, {
    "id" : 119161,
    "title" : "Valentine Sweety",
    "overview" : "A romantic comedy which is a sequel to last year’s popular Bangkok Sweety. As before, it features a number of different love stories that take place on Valentine’s Day.",
    "genres" : [ {
      "id" : 35,
      "name" : "Comedy"
    }, {
      "id" : 18,
      "name" : "Drama"
    } ]
  }, {
    "id" : 119166,
    "title" : "Tell Me Do You Miss Me: A Film About Luna",
    "overview" : "In Tell Me Do You Miss Me, the four members of the celebrated New York-based indie-rock band Luna confront the ceiling of their ambition, the harsh realities of their modest success, and their conflicted feelings about each other as they embark on their final world tour and uncertain futures. Laced with moments of both humor and melancholia, Tell Me Do You Miss Me earnestly exposes the underbelly of a touring rock band in their final days together. Supported sonically with Luna's dreamy catalog of indie-pop and visually with lush travelogue footage with adventurous stops in England, Japan, and Spain, Tell Me Do You Miss Me is an elegy for an era.",
    "genres" : [ ]
  }, {
    "id" : 119176,
    "title" : "Scratch: All The Way Live",
    "overview" : "DJ Jazzy Jay starts the party off with old school jams that will slap you back to the Bronx. Z-Trip feeds you bangers and mash-up. The X-ecutioners, in their swan song performance, give you a three-man critical beatdown. Finally, Mix Master Mike unleashes monstrous beats and diabolical scratches.",
    "genres" : [ ]
  }, {
    "id" : 119191,
    "title" : "Till Eulenspiegel",
    "overview" : "In medieval Germany, poor and witty Till Eulenspiegel fools and cheats citizens, churchmen, and landlords. Although in most cases he uses his wit for personal well-being, he often helps the poor and weak. Eventually, he gains an influential but also dangerous position as royal fool at the court of the emperor.",
    "genres" : [ {
      "id" : 12,
      "name" : "Adventure"
    }, {
      "id" : 36,
      "name" : "History"
    }, {
      "id" : 35,
      "name" : "Comedy"
    } ]
  }, {
    "id" : 119201,
    "title" : "The Invasion of the Vampires",
    "overview" : "A doctor and his assistant hunt down a vampire named Count Frankenhausen, who is terrorizing the populace.",
    "genres" : [ {
      "id" : 53,
      "name" : "Thriller"
    }, {
      "id" : 27,
      "name" : "Horror"
    }, {
      "id" : 9648,
      "name" : "Mystery"
    } ]
  }, {
    "id" : 119206,
    "title" : "Nobody Waved Goodbye",
    "overview" : "18 year-old Peter lives with his parents in a middle-class Toronto suburb and rebels constantly against their imposed middle-class goals and conventions and the materialist values they represent. He constantly mocks and belittles his family with his only real ally being his girlfriend Julie. Peter's relationship with his parents reaches its boiling point when he borrows his father's new car without permission and is left by him to spend the night in jail after Peter is arrested for reckless driving. Peter runs away from home and moves into a rooming house, and eventually gets a shady job as a parking attendant. His relationship with Julie becomes exponentially more complicated and he finally realizes that being alone in the real world is much harder than he ever imagined.",
    "genres" : [ {
      "id" : 18,
      "name" : "Drama"
    } ]
  }, {
    "id" : 119211,
    "title" : "Dickey Betts & Great Southern: Rockpalast",
    "overview" : "Dickey Betts &amp; Southern Rock - Rockpalast 30 Years Of Southern Rock /1978-2008)",
    "genres" : [ {
      "id" : 10402,
      "name" : "Music"
    } ]
  }, {
    "id" : 119216,
    "title" : "Mas Vale Pajaro en Mano",
    "overview" : "",
    "genres" : [ {
      "id" : 35,
      "name" : "Comedy"
    } ]
  }, {
    "id" : 119221,
    "title" : "Cholos Contra Narcos",
    "overview" : "",
    "genres" : [ {
      "id" : 28,
      "name" : "Action"
    } ]
  }, {
    "id" : 119226,
    "title" : "Las Traigo Muertas",
    "overview" : "",
    "genres" : [ {
      "id" : 35,
      "name" : "Comedy"
    } ]
  }, {
    "id" : 119251,
    "title" : "Víctimas de la Mafia",
    "overview" : "",
    "genres" : [ ]
  }, {
    "id" : 119256,
    "title" : "Dolls",
    "overview" : "Iska, Karolína, and Vendula are eighteen-year-old girls who have just graduated from high school. Not wanting to let go of their carefree student lives or their friendship, they plan to hitchhike to Holland, where they've arranged to work on a farm for three months. But Vojta, Iska's little brother and her father's right hand man, joins the trio against their will. He becomes a witness as well as a catalyst for the breakup of their friendship - for the girls recognize that time cannot be stopped. Dolls is a story about searching for love and finding oneself in the volatile time of late adolescence.",
    "genres" : [ {
      "id" : 10749,
      "name" : "Romance"
    }, {
      "id" : 35,
      "name" : "Comedy"
    }, {
      "id" : 18,
      "name" : "Drama"
    } ]
  }, {
    "id" : 119261,
    "title" : "Black Limousine",
    "overview" : "A ghost story set in the city of dreams (IMDb.com).",
    "genres" : [ {
      "id" : 18,
      "name" : "Drama"
    }, {
      "id" : 53,
      "name" : "Thriller"
    } ]
  }, {
    "id" : 119266,
    "title" : "En las Garras de la Mafia",
    "overview" : "",
    "genres" : [ {
      "id" : 28,
      "name" : "Action"
    } ]
  }, {
    "id" : 119276,
    "title" : "Nesio",
    "overview" : "It is a light and amusing story about Nemesio, a small time drug dealer who has never managed to get away from his mother or his childhood traumas, and carries on his back the stigma of a born loser. This he struggles to overcome, but finds it impossible. By intent or otherwise, Nesio becomes involved in a homicide and an impossible love with a masked woman wrestler. All of this framed by downtown Mexico City.",
    "genres" : [ {
      "id" : 35,
      "name" : "Comedy"
    }, {
      "id" : 80,
      "name" : "Crime"
    }, {
      "id" : 18,
      "name" : "Drama"
    } ]
  }, {
    "id" : 119281,
    "title" : "Uncle Charles",
    "overview" : "Diagnosed with an incurable illness, Charles, a rugby tycoon who has made a fortune in New Zealand prints an ad in his hometown looking for his sister that he's not seen in fifty years. A notary clerk, believing that Charles has a terminal illness responds to Charles' search for heirs claiming to be his sister. Charles finds that he was misdiagnosed and returns to France to meet his long lost sister.",
    "genres" : [ {
      "id" : 35,
      "name" : "Comedy"
    } ]
  }, {
    "id" : 119286,
    "title" : "Birdsong",
    "overview" : "As an English soldier fights in the horrific trenches of northern France, he is haunted by the memories of his forbidden love affair with a French woman.",
    "genres" : [ {
      "id" : 18,
      "name" : "Drama"
    }, {
      "id" : 36,
      "name" : "History"
    }, {
      "id" : 10749,
      "name" : "Romance"
    }, {
      "id" : 10770,
      "name" : "TV Movie"
    } ]
  }, {
    "id" : 119296,
    "title" : "The Devil's Cleavage",
    "overview" : "\"One of Kuchar’s few feature-length works is this ribald pastiche to postwar Hollywood melodrama, that period when the studios were trying very hard to be adult. The intricate, overheated plot involves a nurse trapped in an unhappy marriage who escapes the big city in search of greener pastures in Blessed Prairie, Oklahoma. Swerving from earnest homage to dark satire, Kuchar simultaneously imitates and savages the legacy of Sirk, Preminger and Minnelli that inspired him, gleefully intertwining the suggestive and the scatological, while also pointing towards the later postmodern parodies of Cindy Sherman. The Devil’s Cleavage is also a rich time capsule of 1970s San Francisco, replete with cameos from Curt McDowell and Art Spiegelman.\" —hcl.harvard.edu",
    "genres" : [ {
      "id" : 18,
      "name" : "Drama"
    } ]
  }, {
    "id" : 119306,
    "title" : "Convicted Woman",
    "overview" : "A reporter (Glenn Ford) and a lawyer (Frieda Inescort) investigate a women's prison and help an inmate (Rochelle Hudson) who does not belong there.",
    "genres" : [ {
      "id" : 80,
      "name" : "Crime"
    }, {
      "id" : 18,
      "name" : "Drama"
    } ]
  }, {
    "id" : 119316,
    "title" : "Le salamandre",
    "overview" : "Inspired by the writings of writer Fritz Fanon, who believed that a colonial population could only reach freedom by declaring violence towards their occupiers, Cavallone’s tale sees a white photographer (Erna Schurer) who seduces a black model (the lovely ebony Beryl Cunningham). A doctor then arrives on the scene – Anthony Vernon (Antonio Casale) who took his pseudonym from Jesus Franco stalwart Howard Vernon – and Schurer falls for his charms.",
    "genres" : [ {
      "id" : 18,
      "name" : "Drama"
    } ]
  }, {
    "id" : 119321,
    "title" : "Big Top Scooby-Doo!",
    "overview" : "When Scooby and the gang hear of a werewolf plaguing a traveling circus, they go undercover as circus performers to get to thebottom the mystery.",
    "genres" : [ {
      "id" : 16,
      "name" : "Animation"
    }, {
      "id" : 35,
      "name" : "Comedy"
    }, {
      "id" : 10751,
      "name" : "Family"
    } ]
  }, {
    "id" : 119336,
    "title" : "Wild Search",
    "overview" : "The police are staking out a Hong Kong flat, waiting to catch some major gun-dealers. While the suppliers are conducting their deal, they move in. Both buyers are killed in the gunfire, but not their young daughter. The suppliers escape, and as their ruthless boss covers his tracks, he goes after the girl, the only witness.",
    "genres" : [ ]
  }, {
    "id" : 119356,
    "title" : "Old Boyfriends",
    "overview" : "John Belushi was the high school sweetheart who ruined her reputation with lies. Richard Jordan was the collage lover that she almost married. Keith Carradine is the unstable brother of her first real love. Talia Shire is Diane Cruise a woman whose life has shattered in a myriad of pieces after the dissolution of her marriage she desides to delve into her past and seek out the men who marked the milestones of her life.",
    "genres" : [ {
      "id" : 18,
      "name" : "Drama"
    } ]
  }, {
    "id" : 119361,
    "title" : "Beyond Erotica",
    "overview" : "A young Hacienda-owner abuses women due to his traumatic youth while his mother covers for his sadistic actions. When he 'tames' the daughter of the mansion supervisor and marries her, his young wife soon becomes the dominating person in the family.",
    "genres" : [ {
      "id" : 18,
      "name" : "Drama"
    }, {
      "id" : 53,
      "name" : "Thriller"
    } ]
  }, {
    "id" : 119376,
    "title" : "Solitaire for 2",
    "overview" : "Katie can read minds. Being desirable, the male minds she reads are all thinking of one thing. She always responds by hitting them and storming off without explanation. Daniel is an expert in body language and interprets this as a sign she wants to be pursued. Since Daniel spends most of his time, when not terrorizing his students, pursuing women, Katie gets ever more exasperated that he is treating her exactly as he treats every presentable female from the motorcycle cop to the squeegee girl. She cannot read minds when her eyes are covered, or when minds are thinking in a foreign language, so she misinterprets Sandip's desire for hunger. She also holds Daniel responsible for his subconscious desire for his friend's wife (Caroline).",
    "genres" : [ ]
  }, {
    "id" : 119381,
    "title" : "Las vecinas",
    "overview" : ".",
    "genres" : [ {
      "id" : 18,
      "name" : "Drama"
    } ]
  }, {
    "id" : 119396,
    "title" : "Octagon and Mascara Sagrada in Fight to the Death",
    "overview" : "Heroic Mexican wrestler duo Octagon and Mascara Sagrado take on a bevvy of sexy female catburglars led by Lina Santos",
    "genres" : [ {
      "id" : 28,
      "name" : "Action"
    }, {
      "id" : 80,
      "name" : "Crime"
    }, {
      "id" : 53,
      "name" : "Thriller"
    } ]
  }, {
    "id" : 119406,
    "title" : "Hunchback of Notre Dame",
    "overview" : ".",
    "genres" : [ {
      "id" : 18,
      "name" : "Drama"
    }, {
      "id" : 10751,
      "name" : "Family"
    } ]
  }, {
    "id" : 119421,
    "title" : "Fårödokument 1979",
    "overview" : "In 1969 he made, with Sven Nykvist as cinematographer, The Fårö Document, a film that ended with a rather pessimist view of the island’s future. One of the scenes in the film is of a school-bus and its young passengers. To these and to the realities ten years later Bergman returns in the long documentary Fårö Document 1979.",
    "genres" : [ {
      "id" : 99,
      "name" : "Documentary"
    } ]
  }, {
    "id" : 119426,
    "title" : "Ali Baba and the Forty Thieves",
    "overview" : "Ali Baba is a poor woodcutter who unexpectedly discovers the secret hideout of a gang of thieves. In a magical cave of thieves keep the immense treasures that have been usurped over the years.",
    "genres" : [ {
      "id" : 10751,
      "name" : "Family"
    }, {
      "id" : 16,
      "name" : "Animation"
    }, {
      "id" : 12,
      "name" : "Adventure"
    }, {
      "id" : 35,
      "name" : "Comedy"
    } ]
  }, {
    "id" : 119431,
    "title" : "Halo 4: Forward Unto Dawn",
    "overview" : "Set against the backdrop of a UNSC military academy, a group of highborn cadets are training to be the next generation of soldiers in the UNSC’s ongoing war with insurrectionists in the outer colonial planets. Among these cadets, Thomas Lasky struggles with his doubts about this war, and with the burden of expectations he may not be able to carry. As Lasky comes to terms with his potential as a military leader, the terrifying alien alliance known as the Covenant arrives and turns his world upside down. Inspired by the Master Chief, he must decide what it means to be a hero.",
    "genres" : [ {
      "id" : 878,
      "name" : "Science Fiction"
    } ]
  }, {
    "id" : 119436,
    "title" : "Farbrorn som inte vill va' stor",
    "overview" : "Ragnar works in an office. He turns 33 in May, and he has 45 in shoes. Ragnar has a vivid imagination. The more he thinks, the younger he wants to be. He thinks it would be good if he were ten years or maybe only seven. Then he would be out playing now. Usually Ragnar think when he sits in his office. He is actually the man who does not want to grow up, or become a grown-up.",
    "genres" : [ {
      "id" : 16,
      "name" : "Animation"
    }, {
      "id" : 10751,
      "name" : "Family"
    } ]
  }, {
    "id" : 119441,
    "title" : "Hetalia: Axis Powers: Paint It, White!",
    "overview" : "The Pictorians have arrived from deep in space. They also have dangly glow-balls on their heads, which is kinda cool, but still. The freaky aliens are using use their crazy rainbow-beam-thingy to paint everything on Earth the same color: white! See, now the title of the movie makes more sense, right? Anyway, if the Pictorians are to be stopped, the Allied guys and the Axis boys - plus some new characters, too - must set aside their differences, unite against their common foe, and hopefully get together for a sweaty workout to make sure they're super-ready to save the world!",
    "genres" : [ {
      "id" : 36,
      "name" : "History"
    }, {
      "id" : 16,
      "name" : "Animation"
    }, {
      "id" : 35,
      "name" : "Comedy"
    } ]
  }, {
    "id" : 119446,
    "title" : "The Obama Effect",
    "overview" : "A serious health scare ignites John Thomas, an insurance salesman in his 50s, to take a closer look at his life. Motivated by a misguided obsession with getting Barack Obama elected, John takes an overwhelming involvement in the Presidential campaign. While John becomes obsessed with the ideal of change that Obama represents for Americans, he has in turn neglected to create positive change in his own life, particularly with regard to his health and familial relationships. John hides his health problems from his strong, yet supportive wife, Molly, creating a strain on their marriage. John seeks the support of a Republican relative, MLK, who initially starkly resists supporting a Democratic candidate. John's son, Kalil, rebels against his father's avid support of Obama by supporting the Republican candidate as well. John neglects to support his daughter, Tamika, at a crucial moment in her life...",
    "genres" : [ {
      "id" : 35,
      "name" : "Comedy"
    }, {
      "id" : 18,
      "name" : "Drama"
    } ]
  }, {
    "id" : 119451,
    "title" : "The Junk Shop",
    "overview" : "Juraj Herz adapts Bohumil Hrabal's story about a man who works in a junk shop.",
    "genres" : [ {
      "id" : 35,
      "name" : "Comedy"
    } ]
  }, {
    "id" : 119456,
    "title" : "Surfing Soweto",
    "overview" : "",
    "genres" : [ {
      "id" : 10770,
      "name" : "TV Movie"
    } ]
  }, {
    "id" : 119466,
    "title" : "Mr. District Attorney",
    "overview" : "An assistant prosecutor (Dennis O'Keefe) and his spunky friend (Florence Rice) investigate a suddenly hot case.",
    "genres" : [ {
      "id" : 35,
      "name" : "Comedy"
    }, {
      "id" : 80,
      "name" : "Crime"
    }, {
      "id" : 18,
      "name" : "Drama"
    } ]
  }, {
    "id" : 119471,
    "title" : "Zombie 108",
    "overview" : "A virus gets loose in Taipei Army and SWAT teams oversee evacuation but in Ximending the gangs don't want the police They attack the military but when both find themselves under attack by zombies there is an alliance as they try and escape.",
    "genres" : [ {
      "id" : 27,
      "name" : "Horror"
    }, {
      "id" : 878,
      "name" : "Science Fiction"
    } ]
  }, {
    "id" : 119476,
    "title" : "Post Office Investigator",
    "overview" : "A mailman (Warren Douglas) leads PO-men to a pistol-packing stamp thief (Audrey Long) and her gang.",
    "genres" : [ {
      "id" : 80,
      "name" : "Crime"
    }, {
      "id" : 18,
      "name" : "Drama"
    } ]
  }, {
    "id" : 119481,
    "title" : "A Bizarre Love Triangle",
    "overview" : "Eun-hee is an extravagant and selfish woman who lives a life of luxury. She constantly swears, acts extremely careless, and is unashamedly tactless. Yet she somehow manages to be loved by both her husband, Doo-chan, and Keum-sook, a childhood female friend. However, what Doo-chan doesn't know is that Eun-hee and Keum-sook are secretly involved in a love affair. As Keum-sook continues to grow jealous with the two women. All three then enter the twists of love, betrayal, and revenge as they will all go to the extreme to get what they want.",
    "genres" : [ {
      "id" : 18,
      "name" : "Drama"
    }, {
      "id" : 10749,
      "name" : "Romance"
    }, {
      "id" : 10769,
      "name" : "Foreign"
    } ]
  }, {
    "id" : 119486,
    "title" : "Crooks in Cloisters",
    "overview" : "Having pulled off the smallest ever train robbery, Little Walter and his crew decide to get out of London. The six of them set up business in a disused monastery off the Cornish coast, despite the fact that none of them really qualifies as a monk - least of all Walter's moll Bikini. Bit by bit, the quiet way of life starts becoming a habit.",
    "genres" : [ {
      "id" : 35,
      "name" : "Comedy"
    } ]
  }, {
    "id" : 119536,
    "title" : "The Explosive Generation",
    "overview" : "Peter Gifford is a likable, dedicated schoolteacher that teaches a senior life skills class. When student Janet Sommers brings up the topic of sex and dating, he asks students to write questions on the topic, and will cover them in the next class. The parents get wind of what Gifford is about to do, notify the principal, and he warns Peter not to read the questions in class. Gifford decides to go against this and is suspended. The whole student body protests, and the administration gets worried on what to do.",
    "genres" : [ {
      "id" : 18,
      "name" : "Drama"
    } ]
  }, {
    "id" : 119541,
    "title" : "Wild Night in El Reno",
    "overview" : "\"In the late spring of each year the Great Plains states of the U.S. experience a season characterised by destructive tornadoes of awesome force. This is the time of year when the underground film- and video-maker George Kuchar leaves his San Francisco home to make his annual pilgrimage to the nidus of these frightening storms. As hail and twisters batter the heartland, Kuchar holes up with his video camera in an inexpensive motel room somewhere in the vast prairies of Oklahoma and waits.\" - Jesse Lerner, Storm Squatting at El Reno (at cabinetmagazine.org)",
    "genres" : [ ]
  }, {
    "id" : 119551,
    "title" : "Metallica: [1991] Live in Dortmund, Germany",
    "overview" : "Dortmund, Germany: 18 de Septiembre de 1991  The Ecstasy of Gold  Enter Sandman  Creeping Death  Harvester of Sorrow  Welcome Home (Sanitarium)  Sad But True  The Four Horsemen  (half)  Seek &amp; Destroy  For Whom the Bell Tolls  One  Whiplash  Encore:  Last Caress  (Misfits cover)  Am I Evil?  (Diamond Head cover) (half)  Battery",
    "genres" : [ ]
  }, {
    "id" : 119556,
    "title" : "Metallica: [1990] Zwolle, Netherlands",
    "overview" : "May 16, 1990  The Ecstasy of Gold  (Ennio Morricone song)  Creeping Death  For Whom the Bell Tolls  Welcome Home (Sanitarium)  Harvester of Sorrow  No Remorse  (half)  The Four Horsemen  The Shortest Straw  Bass Solo  Whiplash  Fade to Black  Seek &amp; Destroy  Blackened  Encore:  One  Master of Puppets  Guitar Solo  Battery  Encore 2:  Last Caress  (Misfits cover)  Am I Evil?  (Diamond Head cover) (half)  Motorbreath  Encore 3:  Breadfan  (Budgie cover)  Blitzkrieg  (Blitzkrieg cover)",
    "genres" : [ ]
  }, {
    "id" : 119561,
    "title" : "The Black Connection",
    "overview" : "Black dude fleeces the mob, goes on the run. Whadaya need, a road map?",
    "genres" : [ {
      "id" : 28,
      "name" : "Action"
    } ]
  }, {
    "id" : 119566,
    "title" : "Battle Rats",
    "overview" : "During the Vietnam war, the American army forms a special unit called \"tunnel rats\" to go down into the elaborate system of underground tunnels constructed by the Vietcong, kill anyone they find in it and destroy the system.",
    "genres" : [ {
      "id" : 12,
      "name" : "Adventure"
    }, {
      "id" : 28,
      "name" : "Action"
    }, {
      "id" : 10752,
      "name" : "War"
    } ]
  }, {
    "id" : 119571,
    "title" : "Ponies",
    "overview" : "Based on the acclaimed play that the Independent of London hailed as \"a bracingly uncensored exploration of the tensions and treacheries in a beleaguered male subculture\", PONIES is about three men in a treacherous subset of society, and uses the gambling parlor as a backdrop for a provocative modern morality tale. Ultimately, these men-immigrants, Americans, human beings-are forced to protect from one another their most valuable commodity: the right to stay on American soil.",
    "genres" : [ {
      "id" : 18,
      "name" : "Drama"
    } ]
  }, {
    "id" : 119586,
    "title" : "Vampire Hookers",
    "overview" : "This horror film revolves around a sinister vampire (John Carradine) who sends out a horde of undead beauties to bring back victims for his dinner.",
    "genres" : [ {
      "id" : 35,
      "name" : "Comedy"
    }, {
      "id" : 27,
      "name" : "Horror"
    }, {
      "id" : 10769,
      "name" : "Foreign"
    } ]
  }, {
    "id" : 119591,
    "title" : "Savage",
    "overview" : "After his family is murdered, and he's left for dead, a farmer awakens in the desert and finds himself transformed into a savage warrior, with all the powers and skills of the ancient gods. Guided by his \"spirit masters\" he's given a mission; destroy Tital Corporation, the world's most powerful high-tech computer company and its ambitious leader, Michael Burroughs. Burrough's has discovered the technological remains of an ancient race and a secret that will allow him to open the Vortex and achieve immortality. Out in the desert, ancient powers collide with sophisticated technology as the Savage and Burroughs meet in a titanic struggle that could destroy mankind.",
    "genres" : [ {
      "id" : 28,
      "name" : "Action"
    } ]
  }, {
    "id" : 119596,
    "title" : "Heroes for Hire",
    "overview" : "Really bad acting,  low-budget explosions, scenes that really don't fit into the plot, a machine gun mounted on a motorcycle and a map tattooed on a girl's ass.",
    "genres" : [ {
      "id" : 28,
      "name" : "Action"
    } ]
  }, {
    "id" : 119601,
    "title" : "Oscar Wilde",
    "overview" : "A married playwright and poet must defend his reputation and deal with his attraction to men in a society where homosexuality is a criminal offense.",
    "genres" : [ {
      "id" : 18,
      "name" : "Drama"
    } ]
  }, {
    "id" : 119616,
    "title" : "Black Butterfly",
    "overview" : "A Peruvian schoolteacher conspires with a journalist to assassinate the official responsible for her fiancé's murder.",
    "genres" : [ {
      "id" : 18,
      "name" : "Drama"
    } ]
  }, {
    "id" : 119626,
    "title" : "Crazy Stupid Thief",
    "overview" : "The small fry in Hong Kong Yue Ye owed loan sharks 500.000 hide in the home; of the Mainland's Andy Andy to two gangsters like to watch movies all day looking forward to go to Hong Kong to see the big star, into the underworld. In order to get the money, the music God has two people to steal a Planned Group chairman Wang Shixiong. Unexpectedly suffered a burglary to take to the \"Southeast Asia's first killer\" Charles, Charles employed murder, gambling debts and hired to kill HIM A Few dial troops. Wang Shixiong the daughter of Wang Shi Should kidnapping someone else to the music God rescued, but her loss of memory, low IQ. The feelings of innocence and dependent girl, Wang Shi Yi Yue Ye Extortion delay in action. Thought Either Their money in the music god, but Also to protect the way of Wang Yi Shi, and his murderers behind the fields to find Their killer Charles Came to the door",
    "genres" : [ {
      "id" : 35,
      "name" : "Comedy"
    }, {
      "id" : 80,
      "name" : "Crime"
    } ]
  }, {
    "id" : 119636,
    "title" : "Song of Aixa",
    "overview" : "Two Muslims, members of rival families, fall in love with the beautiful half-cast Aixa at the same time.",
    "genres" : [ ]
  }, {
    "id" : 119651,
    "title" : "The League of Frightened Men",
    "overview" : "Nero Wolfe agrees to investigate a series of murders that seem to be tied in with a past Harvard hazing prank that went awry.",
    "genres" : [ {
      "id" : 9648,
      "name" : "Mystery"
    } ]
  }, {
    "id" : 119671,
    "title" : "Beck - Levande begravd",
    "overview" : "In a playground in the centre of the urban idyll, the police find a buried wooden box containing a famous and well-respected prosecutor. Martin Beck and his police team initially suspect a highly criminal MC-leader of the attack, but one pretty soon has to re-evaluate the case once the MC-leader is found murdered in a similar wooden box. Soon, more wooden boxes are found and the police realize that they are part of a cat and mouse game with a crazy serial killer. The investigation soon shows that there is a vague connection between the victims in the shape of a 9 year old event, but what Martin Beck does not suspect is that his own life too is at stake, as the murderer has chosen him as the next victim.",
    "genres" : [ {
      "id" : 18,
      "name" : "Drama"
    }, {
      "id" : 80,
      "name" : "Crime"
    }, {
      "id" : 53,
      "name" : "Thriller"
    } ]
  }, {
    "id" : 119686,
    "title" : "The Sex Cycle",
    "overview" : "The Cocoa Poodle bar is the central meeting place for the denizens of a bohemian suburban area. Janet, a rather colorless model, is jealous of her artist/mentor Tanya, who attracts the attention of all the local guys. An exotic card-reader offers her a pair of earrings which will give her power over others. She soon becomes the center of attention, but commits a fatal error.",
    "genres" : [ ]
  }, {
    "id" : 119706,
    "title" : "Inside Evolution 2004",
    "overview" : "Inside EVOlution 2004 is a documentary by Shankar Tablada. Shot in Pomona California on August of 2004. A 58 minute cut of the documentary premiered at the New York Independent Film &amp; Video Festival in the fall of 2005. The original \"Inside EVOlution\" cut was edited in 2005, but later in 2009 re-edited to the now 47 min \"Inside EVOlution 2004\" version.",
    "genres" : [ ]
  }, {
    "id" : 119716,
    "title" : "The Toe Tactic",
    "overview" : "Mona is nearly overwhelmed by grief and depression. After her father's death, she's cut herself off: leaving teaching - she now temps as an office assistant, ignoring her mother's calls, talking to herself in mirrors, and rejecting any offered intimacy. She's watched over by comic extraterrestrial beings whom we see as cartoon squiggles. They ensure that random acts bring her connections - with a neighbor boy, his mother, and his surreptitious piano teacher (the lad wants to surprise his mom). She also meets an elevator operator in the building where she temps for Ms. Hadaway, a widow with perfect diction. Can Mona take a few steps on the road to expressing emotion?",
    "genres" : [ {
      "id" : 18,
      "name" : "Drama"
    } ]
  }, {
    "id" : 119721,
    "title" : "7Walkers",
    "overview" : "Disc 2\r 01 Louisiana Rain\r 02 Hey Pocky Way &gt;\r 03 I Know You Rider\r 04 Evangeline\r 05 New Orleans Crawl",
    "genres" : [ ]
  }, {
    "id" : 119726,
    "title" : "7 Walkers March 31, 2011",
    "overview" : "DVD ONE:\t1hr26min28sec\r Set One:\r 01. Space  02. King Cotton Blues\r 03. Hey Bo Diddle\r 04. Just Kissed My Baby\r 05. He's Gone\r 06. Just Like Tom Thumb's Blues\r 07. Iko Iko\r Set Two:\r 08. Sugaree\r 09. Turn On Your Love Light  DVD TWO: 1hr33min25sec\r 01. Louisiana Rain\r 02. New Speedway Boogie\r 03. (For The Love Of) Mr. Okra\r 04. Bird Song\r 05. Eyes of the World\r 06. Death Don't Have No Mercy\r 07. 7 Walkers\r Encore:\r 08. Bertha\r 09. Wharf Rat",
    "genres" : [ ]
  }, {
    "id" : 119736,
    "title" : "Defiant Requiem",
    "overview" : "A memorial concert reawakens the story of an artistic uprising in the Nazi concentration camp, Terezin, where a chorus of 150 inmates confronts the Nazis face-to-face - and sings to them what they dare not say.",
    "genres" : [ {
      "id" : 99,
      "name" : "Documentary"
    }, {
      "id" : 36,
      "name" : "History"
    } ]
  }, {
    "id" : 119746,
    "title" : "Oxhide II",
    "overview" : "The director shows herself and her parents making dumplings in their apartment with nine fixed camera positions, with which she revolves around the kitchen table.",
    "genres" : [ {
      "id" : 99,
      "name" : "Documentary"
    }, {
      "id" : 18,
      "name" : "Drama"
    } ]
  }, {
    "id" : 119761,
    "title" : "Dire Straits: Stratospheric Sounds (Live in Basel, Switzerland, 1992)",
    "overview" : "Recorded live at St. Jacob Stadium, Basel, Switzerland, on June 28th 1992 during the ‘On Every Street Tour 1992’  Tracklist  01. Calling Elvis  02. Walk of Life  03. Heavy Fuel  04. Romeo &amp; Juliet  05. The Bug  06. Private Investigations  07. Sultans of Swing  08. Your Latest Trick  09. On Every Street  10. Two Young Lovers  11. Telegraph Road  12. Money for Nothing  13. Brothers in Arms  14. Solid Rock  15. Going Home",
    "genres" : [ {
      "id" : 10402,
      "name" : "Music"
    } ]
  }, {
    "id" : 119776,
    "title" : "69",
    "overview" : "Hoping to catch a girl's attention, high school students Ken (Tsumabuki Satoshi) and Adama (Ando Masanobu) cook up an ambitious plan. They plan a festival that combines film, theater, and rock music, and develop their project into a school road block. This plan however catches the attention of television stations and newspapers, and soon even the cops became involved in this teenage adventure.",
    "genres" : [ {
      "id" : 18,
      "name" : "Drama"
    } ]
  } ]
}