{
  "movies" : [ {
    "id" : 90121,
    "title" : "Death Force",
    "overview" : "Leon Isaac Kennedy is Doug Russell, an American who steals a shipment of gold in the Philippines with two Vietnam War buddies, who cut his throat and throw him overboard. Russell washes ashore an island inhabited by two Japanese soldiers stranded there since World War II. They nurse him back to health and he is taught martial arts and the art of the samurai. Back in the States, his treacherous pals, Marelli and Maghee, use their loot and viciousness to muscle their way into Los Angels mafia turf.",
    "genres" : [ {
      "id" : 10752,
      "name" : "War"
    }, {
      "id" : 28,
      "name" : "Action"
    }, {
      "id" : 18,
      "name" : "Drama"
    }, {
      "id" : 80,
      "name" : "Crime"
    } ]
  }, {
    "id" : 90131,
    "title" : "Bye Bye Berlusconi!",
    "overview" : "",
    "genres" : [ {
      "id" : 35,
      "name" : "Comedy"
    } ]
  }, {
    "id" : 90136,
    "title" : "2007 FIA Formula One World Championship Season Review",
    "overview" : "It has been one of the most sensational seasons in Formula One history, and the Official review will let you relive the drama again and again. This is the complete story of the British rookie Lewis Hamilton's staggering debut season, as he shocked the world with stunning performances and amazing maturity. Few thought the youngster would prove a threat to his two - times World Champion teammate Fernando Alonso in his first season, but Lewis ripped up the formbook and emerged as the star of the season. This is a comprehensive look back at the dramatic '07 championship chase, with coverage from every single round of the down-to-the-wire battle for the crown. Unseen footage and interviews bring you all the on-track action, and takes you behind-the-scenes of an exceptional - and controversial - season.",
    "genres" : [ ]
  }, {
    "id" : 90171,
    "title" : "Cenizas del Paraiso",
    "overview" : "A judge falls from the roof of the Federal Courthouse. A woman is murdered. Between them and the three sons of the judge there is a connection that will be investigated by a woman judge who is determined to discover the truth.",
    "genres" : [ {
      "id" : 80,
      "name" : "Crime"
    }, {
      "id" : 18,
      "name" : "Drama"
    }, {
      "id" : 9648,
      "name" : "Mystery"
    }, {
      "id" : 53,
      "name" : "Thriller"
    } ]
  }, {
    "id" : 90181,
    "title" : "Scorpions - Live in Athens",
    "overview" : "",
    "genres" : [ ]
  }, {
    "id" : 90191,
    "title" : "The Catch",
    "overview" : "Towards the end of the Second World War, a downed U.S. pilot is captured and imprisoned by rural Japanese villagers, who await official instructions as to how to proceed with their “catch.”",
    "genres" : [ {
      "id" : 10752,
      "name" : "War"
    }, {
      "id" : 18,
      "name" : "Drama"
    } ]
  }, {
    "id" : 90196,
    "title" : "At the Mercy of the Darkness: Ayano's Bizarre Delusions",
    "overview" : "Ayano is trapped in a loveless marriage with a guy who redefines the word jerk. She works at a company selling English learning materials and is suffering from increasingly disturbing hallucinations.",
    "genres" : [ ]
  }, {
    "id" : 90201,
    "title" : "Les secrets des photographes animaliers",
    "overview" : "",
    "genres" : [ ]
  }, {
    "id" : 90216,
    "title" : "The Magic Flute",
    "overview" : "THE MAGIC FLUTE opens with Prince Tamino being rescued from a serpent by Ladies in the employ of the Queen of the Night. Papageno the bird-catcher arrives and claims he killed the serpent, but the outraged Ladies padlock Papageno's mouth for his lie. They also show Tamino a portrait of Princess Pamina, the Queen's kidnapped daughter, and he immediately falls in love. Protected by a golden flute, he sets off with the bird-catcher Papageno to rescue Pamina from the clutches of the sorcerer Sarastro and a madcap adventure involving magicians, wild animals and very Masonic-like trials. Triumphing over all adversity, the lovers unite, as the forces of light banish the darkness and Papageno even finds a true love of his own. The internationally renowned Mozart interpreter Sir Colin Davis conducts the chorus and orchestra of the Royal Opera House and a glittering cast in David McVicar's 2003 production of the opera Mozart wrote in the final year of his life, recorded live at Covent Garden.",
    "genres" : [ {
      "id" : 10402,
      "name" : "Music"
    } ]
  }, {
    "id" : 90226,
    "title" : "Tom Green: Something Smells Funny",
    "overview" : "",
    "genres" : [ {
      "id" : 35,
      "name" : "Comedy"
    } ]
  }, {
    "id" : 90231,
    "title" : "Kill Zombie!",
    "overview" : "The bizarre story takes place in Amsterdam-West, where a virus turns people into bloodthirsty zombies. Although much blood is flowing and many limbs chopped off, there is a lot to laugh at in this bizarre horror comedy.",
    "genres" : [ {
      "id" : 35,
      "name" : "Comedy"
    }, {
      "id" : 27,
      "name" : "Horror"
    } ]
  }, {
    "id" : 90236,
    "title" : "Jack's POV 2",
    "overview" : "All the screaming hot sex in Digital Playground's award winning Jack's Playground series are now shot in POV perspective for your ultimate enjoyment. In Jack's new POV Playground, YOU will get the BEST action, the most delicious tease and pure comedy IN YOUR FACE. Pretend YOU are casting for music videos as you nail gorgeous ass after even more succulent pussy. Let Jack's cameras tease and tempt you, offering the fin-est bush on the planet, all in first hand perspective. In volume 2, Naomi and Jada Fire give up their perfect asses for your pounding pleasure. And in between their peek performances, Daisy, Brianna and Michelle show lots of sloppy titty fuck, juicy wet blow cock sucking and intense boy / girl trysts.",
    "genres" : [ ]
  }, {
    "id" : 90241,
    "title" : "All Boys",
    "overview" : "A look at the social and individual impact of the boy porn industry in Europe. Men in boy porn business within the commerciality of the passing beauty of youth, of poverty. Gay porn is the fastest growing segment of the Entertainment business. And it's the exploitation of the lonely...",
    "genres" : [ {
      "id" : 99,
      "name" : "Documentary"
    } ]
  }, {
    "id" : 90251,
    "title" : "Jack's POV 17",
    "overview" : "You think you know Jack? These bitches are sucking up his dick and swallowing it deep in their pussies. . . I think they know a little more about Jack than you do! Includes Selena Rose's first POV scene. 'This was my second scene ever and it was very exciting to be working with Digital Playground. This is my first, and only, POV to date so if those are the scenes you like then check this one out,' pornstar Chanel Preston on her performance in Jack's POV 17 from Digital Playground.",
    "genres" : [ ]
  }, {
    "id" : 90281,
    "title" : "Cinderella",
    "overview" : "The Cinderella story.",
    "genres" : [ {
      "id" : 16,
      "name" : "Animation"
    }, {
      "id" : 14,
      "name" : "Fantasy"
    }, {
      "id" : 10751,
      "name" : "Family"
    } ]
  }, {
    "id" : 90286,
    "title" : "Evanescence: Nissan Live Sets",
    "overview" : "Evanescence promoting their album \"The Open Door\" on Nissan Live Sets.  Track list:\r 1) Weight of the World  2) The Only One  3) Call Me When You're Sober  4) Imaginary  5) Missing  6) Lithium  7) Good Enough  8) Your Star  9) Understanding",
    "genres" : [ {
      "id" : 10402,
      "name" : "Music"
    } ]
  }, {
    "id" : 90291,
    "title" : "Stalker",
    "overview" : "When novelist Paula Martin retreats to the seclusion of her family home Crows Hall she hopes to clear her mind and focus on her new book. The arrival of an assistant, Linda, should take the pressure off... but as the bodies pile up, Paula finds herself trapped in a terrifying nightmare of murder and madness.",
    "genres" : [ {
      "id" : 27,
      "name" : "Horror"
    } ]
  }, {
    "id" : 90301,
    "title" : "Manon",
    "overview" : "Massenet's opera centres on its charming but contrary heroine, the vivacious young Manon who longs for luxury and excitement. We first encounter her en route to a convent, where her family are sending her to be educated.  Along the way, she falls in love with the young student Des Grieux, and, impetuously, runs off with him. She soon leaves him, however, to become the mistress of a rich nobleman. Thus begins her descent into criminality and depravity, all too soon dragging the besotted Des Grieux with her, until she is imprisoned.  Despite its tragic story, the opera is full of French charm and vitality – typified by the ambiguous Manon herself. Her plight is touching because of the subtle play of innocence and calculation in her character. The score contains many sparkling arias and ensembles, moving rapidly from moods of exuberance to tenderness, with perfect dramatic timing.  Recorded live at the Staatsoper Unter den Linden, Berlin, April/May 2007.",
    "genres" : [ {
      "id" : 10402,
      "name" : "Music"
    } ]
  }, {
    "id" : 90321,
    "title" : "10 Secrets to Great Sex",
    "overview" : "From the country's leading producer of award-winning self-help sex-education videos for adults comes the revealing, comprehensive guide to enhanced sexual pleasure. This couples-oriented volume shares the accumulated wisdom of well known sex educators, therapists, and researchers, as well as real couples, working with The Sinclair Intimacy Institute, home of the bestselling Better Sex Video Series.",
    "genres" : [ ]
  }, {
    "id" : 90326,
    "title" : "Skazka o zolotom petushke",
    "overview" : "",
    "genres" : [ {
      "id" : 16,
      "name" : "Animation"
    }, {
      "id" : 10751,
      "name" : "Family"
    } ]
  }, {
    "id" : 90331,
    "title" : "All About Elephants",
    "overview" : "All About Elephants",
    "genres" : [ ]
  }, {
    "id" : 90336,
    "title" : "Female Animal",
    "overview" : "A sultry Latin peasant woman, who has overstayed her welcome in her relatives' home, is run off the road while bicycling by a wealthy aristocrat. Immediately attracted to her, he hires her as his \"maid\", and introduces her to the good life. She soon finds herself in a bitter power struggle between the man and his spoiled playboy son.",
    "genres" : [ {
      "id" : 18,
      "name" : "Drama"
    } ]
  }, {
    "id" : 90351,
    "title" : "Sympathy for the Underdog",
    "overview" : "A yakuza gang gets driven out of Yokohama by a big gang from Tokyo. They relocate to Okinawa to violently start over.",
    "genres" : [ {
      "id" : 18,
      "name" : "Drama"
    }, {
      "id" : 28,
      "name" : "Action"
    }, {
      "id" : 80,
      "name" : "Crime"
    }, {
      "id" : 10769,
      "name" : "Foreign"
    } ]
  }, {
    "id" : 90361,
    "title" : "Bettie Page: Dark Angel",
    "overview" : "Bettie Page was America's number one pin-up girl in the 1950s and became a cult icon. This biopic tells the story of the last 3 years of her short-lived career, recreating the incriminating bondage films which gave her the nickname \"Dark Angel\", and led to her mysterious disappearance.",
    "genres" : [ {
      "id" : 18,
      "name" : "Drama"
    } ]
  }, {
    "id" : 90366,
    "title" : "Little Shaolin Monks",
    "overview" : "This acclaimed documentary follows the lives of a group of \"Little Warrior Monks\" who live in the famous Shaolin Temple and practice the highest form of martial arts known to man. The kids range in age from 6 to 12 years and lead lives isolated from the rest of the world. Each day their discipline included rigorous training, dedicated prayer and a vegetarian lifestyle. Other children their age admire these legendary \"Shaolin Monks.\" This film also follows the plight of one particular \"Little Monk\" whose dream is to venture out of the Temple to go to Tiananmen Square to see the statue of Chairman Mao. The Shaolin Temple has been the subject of countless popular kung fu films including the classic Shaw Brothers Film \" The 36 Chamber\" and the \"Kill Bill\" films as well as featured in the work of popular hip-hop artists.",
    "genres" : [ {
      "id" : 28,
      "name" : "Action"
    }, {
      "id" : 99,
      "name" : "Documentary"
    } ]
  }, {
    "id" : 90376,
    "title" : "Love, Cheat & Steal",
    "overview" : "The beautiful Lauren gets married with an older man. She is unexpectedly confronted with her ex, an escaped criminal.",
    "genres" : [ {
      "id" : 53,
      "name" : "Thriller"
    } ]
  }, {
    "id" : 90381,
    "title" : "Being Light",
    "overview" : "",
    "genres" : [ {
      "id" : 35,
      "name" : "Comedy"
    } ]
  }, {
    "id" : 90391,
    "title" : "When Michael Calls",
    "overview" : "Helen keeps on receiving phone calls from a child, who claims being her nephew Michael - but Michael died 15 years ago! In these calls he scolds on acquaintances, who then die in suspicious accidents. Soon Helen has to fear to be the next victim.",
    "genres" : [ {
      "id" : 27,
      "name" : "Horror"
    }, {
      "id" : 53,
      "name" : "Thriller"
    }, {
      "id" : 10770,
      "name" : "TV Movie"
    } ]
  }, {
    "id" : 90406,
    "title" : "Tribute to a Bad Man",
    "overview" : "Jeremy Rodock is a tough horse rancher who strings up rustlers soon as look at them. Fresh out of Pennsylvania, Steve Miller finds it hard to get used to Rodock's ways, although he takes an immediate shine to his Greek girl Jocasta.",
    "genres" : [ {
      "id" : 37,
      "name" : "Western"
    } ]
  }, {
    "id" : 90421,
    "title" : "25 October, the First Day",
    "overview" : "",
    "genres" : [ {
      "id" : 16,
      "name" : "Animation"
    } ]
  }, {
    "id" : 90431,
    "title" : "And Do You Have The Sun?",
    "overview" : "No overview found.",
    "genres" : [ {
      "id" : 16,
      "name" : "Animation"
    }, {
      "id" : 10751,
      "name" : "Family"
    } ]
  }, {
    "id" : 90436,
    "title" : "De Zaak M.P.",
    "overview" : "",
    "genres" : [ ]
  }, {
    "id" : 90441,
    "title" : "Kiss The Second Coming",
    "overview" : "For over a quarter century, KISS has shaped the face of popular music and rock culture. The KISS Alive Worldwide tour saw the rebirth of rock's most incredible band.  Witness firsthand the amazing story of how after 17 years, Gene Simmons, Paul Stanley, Ace frehley and Peter Criss's paths finally crossed, reuniting one of rock and roll's biggest success stories ever.  This bombastic behind-the-scenes documentary details the events that led up to KISS's record-breaking Alive Worldwide tour of 1996-97. Come witness the story of how Gene, Paul, Ace and Peter reunited and strove to write a new chapter in the history of rock &amp; roll. This is KISS - The Second Coming.",
    "genres" : [ {
      "id" : 99,
      "name" : "Documentary"
    }, {
      "id" : 10402,
      "name" : "Music"
    } ]
  }, {
    "id" : 90446,
    "title" : "Op Stap",
    "overview" : "",
    "genres" : [ ]
  }, {
    "id" : 90451,
    "title" : "Rififi in Amsterdam",
    "overview" : "",
    "genres" : [ ]
  }, {
    "id" : 90456,
    "title" : "Smokescreen",
    "overview" : "Gerald Price, who is a clerk at at advertising agency, is tired of being lowest in rank. When he meets the girl of his dreams he has to deal with her boyfriend, a gangster.",
    "genres" : [ {
      "id" : 80,
      "name" : "Crime"
    } ]
  }, {
    "id" : 90461,
    "title" : "Whistling in Dixie",
    "overview" : "Radio sleuth Wally 'The Fox' Benton travels to Georgia with his fiancé Carol to be married; and to help Carol's college chum, Ellamae Downs, solve a mystery involving a murdered man, old Fort Dixon, and buried treasure.",
    "genres" : [ {
      "id" : 35,
      "name" : "Comedy"
    }, {
      "id" : 9648,
      "name" : "Mystery"
    }, {
      "id" : 80,
      "name" : "Crime"
    } ]
  }, {
    "id" : 90471,
    "title" : "Paula's Secret",
    "overview" : "",
    "genres" : [ {
      "id" : 10751,
      "name" : "Family"
    } ]
  }, {
    "id" : 90501,
    "title" : "Aerosmith: Live at Javits Center",
    "overview" : "Near Perfect quality broadcast recording of Aerosmith, live at the Javits Center, in New York City, on May 4th, 2007.  This is the Robin Hood Foundation benefit show, and I can’t rave enough about the quality of this recording.  Total running time is 89 minutes, quality is 10/10.",
    "genres" : [ {
      "id" : 10402,
      "name" : "Music"
    } ]
  }, {
    "id" : 90506,
    "title" : "Teamplay",
    "overview" : "It`s Ion Davidov`s birthday and the members of his swim team really know how to celebrate. Bel Ami`s hunkiest athletes join together in a series of stunning sex-scenes. The birthday boy fucking Justin Marino in a bathroom may just be the hottest episode Bel Ami ever filmed. Team Play features 8 episodes with 16 horny young men. In or out of the water, these guys really know how to make a splash!",
    "genres" : [ ]
  }, {
    "id" : 90511,
    "title" : "Welfare",
    "overview" : "WELFARE shows the nature and complexity of the welfare system in sequences illustrating the staggering diversity of problems that constitute welfare: housing, unemployment, divorce, medical and psychiatric problems, abandoned and abused children, and the elderly. These issues are presented in a context where welfare workers as well as clients struggle to cope with and interpret the laws and regulations that govern their work and life.",
    "genres" : [ {
      "id" : 99,
      "name" : "Documentary"
    } ]
  }, {
    "id" : 90521,
    "title" : "Wash-'em-Clean",
    "overview" : "The story of a boy-pig, which does not like to wash, so all the things run away from him.",
    "genres" : [ {
      "id" : 16,
      "name" : "Animation"
    } ]
  }, {
    "id" : 90526,
    "title" : "Feathered Friends",
    "overview" : "No overview found.",
    "genres" : [ {
      "id" : 16,
      "name" : "Animation"
    } ]
  }, {
    "id" : 90536,
    "title" : "The Origin of Species",
    "overview" : "",
    "genres" : [ {
      "id" : 16,
      "name" : "Animation"
    } ]
  }, {
    "id" : 90541,
    "title" : "Death's Dealer",
    "overview" : "After witnessing the brutal murder of his entire family by Native Americans as a child, Jeremiah Bridger becomes a merciless Indian-killer and scalp hunter. After saving the life of a beautiful Native American girl named Tune, however, the lone and silent gunman slowly reconsiders his hatred. He starts to doubt his former persuasion, that it was really Indians, who killed his family, and soon has to find out that a greedy and unscrupulous landowner usually blames Native Americans for his own crimes.",
    "genres" : [ {
      "id" : 37,
      "name" : "Western"
    } ]
  }, {
    "id" : 90546,
    "title" : "The 8 Masters",
    "overview" : "Shiao Chieh is left to a monastery when his family is killed, and grows up to be an incredible martial artist. He passes a gruelling and weird series of tests, most of which consist of being whacked by bronzemen, and goes out into the material world. He returns to live with his blind mother and his cousin, Ming Chu, who keeps being visited by an older dark stranger. Shiao Chien soon discovers Ming Chu is not really his cousin, but the niece of a man whose earnest wish is to see him die.",
    "genres" : [ ]
  }, {
    "id" : 90551,
    "title" : "Sagla Karun Bhaagle",
    "overview" : "The Film is a story of Bhokarwadi and a youth Arjun. Arjun starts to make alcohol free village for development of village, but uses some different way to get success",
    "genres" : [ {
      "id" : 18,
      "name" : "Drama"
    }, {
      "id" : 35,
      "name" : "Comedy"
    } ]
  }, {
    "id" : 90556,
    "title" : "Five Superfighters",
    "overview" : "Three young martial arts students and their teacher are beaten up badly by a wandering man who proclaims himself \"a corrector of bad kung-fu.\" Determined to avenge their teacher and regain their honor, the three students all go their seperate ways to find kung-fu masters who will take them as students.",
    "genres" : [ {
      "id" : 28,
      "name" : "Action"
    }, {
      "id" : 10769,
      "name" : "Foreign"
    } ]
  }, {
    "id" : 90566,
    "title" : "The Brave Tin Soldier",
    "overview" : "No overview found.",
    "genres" : [ {
      "id" : 16,
      "name" : "Animation"
    }, {
      "id" : 14,
      "name" : "Fantasy"
    }, {
      "id" : 10751,
      "name" : "Family"
    } ]
  }, {
    "id" : 90581,
    "title" : "Pin-Up Girls 6",
    "overview" : "Girlfriend Films presents \"Pin-Up Girls Volume 6\", starring Jayden Cole, Victoria White, Magdalene St. Michaels, Sara Stone, Jelena Jensen, Taylor Vixen and Aiden Ashley. Big bossomed beauties! Lusty lesbians in lingerie! Tawdry stories of lesbian love! These classically beautiful girls with those striking, timeless looks about them are putting time aside to pleasure each other in the most tender scenes of sapphic eroticism!",
    "genres" : [ {
      "id" : 10749,
      "name" : "Romance"
    } ]
  }, {
    "id" : 90591,
    "title" : "Budapest 4",
    "overview" : "Fresh beauty met with its match is always a striking result. These open-minded stunners from Europe will stop the clock! In Budapest Episode 4, striking beauties, Elexis Monroe, Peaches, Sandra Shine, Sophie Moone, Liza, Bambi, and Zafira each show off their acting, kissing, and licking skills. Peaches is featured in two scorching scenes!",
    "genres" : [ {
      "id" : 10749,
      "name" : "Romance"
    } ]
  }, {
    "id" : 90601,
    "title" : "Jun Natsumi -- Karate Girl Debut",
    "overview" : "Aikido instructor Jun Natsumi in her adult video debut",
    "genres" : [ ]
  }, {
    "id" : 90616,
    "title" : "Future War",
    "overview" : "A runaway human slave from Earth's future escapes to the present day.",
    "genres" : [ {
      "id" : 28,
      "name" : "Action"
    }, {
      "id" : 878,
      "name" : "Science Fiction"
    } ]
  }, {
    "id" : 90636,
    "title" : "A Ilha do Terrível Rapaterra",
    "overview" : "",
    "genres" : [ ]
  }, {
    "id" : 90641,
    "title" : "Mucha tzokotucha",
    "overview" : "Mucha, flying over the field, found a coin. Delighted by this fact, she went to the market to buy a samovar and invite friends to celebrate their name day. But then to the feast broke and stole our spider fly. None of the guests did not dare to start with a spider in a duel, except for a small, but brave midge.",
    "genres" : [ {
      "id" : 16,
      "name" : "Animation"
    }, {
      "id" : 10751,
      "name" : "Family"
    } ]
  }, {
    "id" : 90646,
    "title" : "Two came back",
    "overview" : "",
    "genres" : [ ]
  }, {
    "id" : 90686,
    "title" : "Proud American",
    "overview" : "Proud American presents five powerful singular stories all of which magnify the themes mentioned above. Our film is an emotional, inspirational, and visual journey depicting America and the everyday Americans who exemplify the best that we can be.",
    "genres" : [ {
      "id" : 18,
      "name" : "Drama"
    } ]
  }, {
    "id" : 90701,
    "title" : "Tonya and Jeff's Wedding Night",
    "overview" : "American figure skating champion Tonya Harding and her then-husband Jeff Gillooly engage in some post-Halloween sexual acts with each other.",
    "genres" : [ ]
  }, {
    "id" : 90706,
    "title" : "Anderson Bruford Wakeman Howe: An Evening of Yes Music Plus",
    "overview" : "One of the most convoluted chapters in the history of progressive rock titans Yes -- and there are many -- is Anderson Bruford Wakeman Howe. In 1989 vocalist Jon Anderson, drummer Bill Bruford, keyboardist Rick Wakeman, and guitarist Steve Howe released the gold-selling Anderson Bruford Wakeman Howe album (complete with Roger Dean cover art) and embarked on a tour called \"An Evening of Yes Music Plus.\" The Evening of Yes Music Plus DVD, directed by Jim Yukich, was filmed at the Shoreline Amphitheatre in Mountain View, CA -- the exact date is not listed in the credits -- and it presents a nearly equal blend of songs from the new album and Yes classics.",
    "genres" : [ {
      "id" : 10402,
      "name" : "Music"
    } ]
  }, {
    "id" : 90726,
    "title" : "Hate for Hate",
    "overview" : "After being captured during a bank robbery, a cowboy is sent to a prison located in a swamp, where he contracts malaria. He soon escapes and, with the help of a Mexican, sets out to track down his partner, who escaped from the bank robbery with all the money.",
    "genres" : [ {
      "id" : 37,
      "name" : "Western"
    } ]
  }, {
    "id" : 90736,
    "title" : "Invasion Earth: The Aliens Are Here",
    "overview" : "Insect-like aliens invade a small town. The local teenagers have been watching a sci-fi marathon in the local theater, and from those films they get ideas on how to fight the creatures.",
    "genres" : [ {
      "id" : 35,
      "name" : "Comedy"
    }, {
      "id" : 878,
      "name" : "Science Fiction"
    }, {
      "id" : 27,
      "name" : "Horror"
    } ]
  }, {
    "id" : 90741,
    "title" : "County Line",
    "overview" : "The love demons come out to play in this sexually supercharged epic.  A small, sleepy town plays host to the most unimaginable sexual awakening of their lives, as these young hungry vixens prowl for sexual gratification in every way possible.",
    "genres" : [ ]
  }, {
    "id" : 90746,
    "title" : "September Affair",
    "overview" : "An industrialist (Joseph Cotton) and a pianist (Joan Fontaine) meet on a trip and fall in love. Through a quirk of fate, they are reported dead in a crash though they weren't on the plane. This gives them the opportunity to live together free from their previous lives. Unfortunately, this artificial arrangement leads to greater and greater stress. Eventually the situation collapses when they come to pursue their original, individual interests without choosing a common path.",
    "genres" : [ {
      "id" : 18,
      "name" : "Drama"
    }, {
      "id" : 10749,
      "name" : "Romance"
    } ]
  }, {
    "id" : 90756,
    "title" : "Wandering Eye",
    "overview" : "Neglected by her workaholic husband, a young wife, Maren Abbott, meets a man through Wandering Eye - a networking website designed to facilitate extramarital liaisons. Charming as he is, she realizes she can't go through with the affair. When he is found brutally murdered in their hotel room, infidelity is the least of Maren's worries as she finds herself in the cross-hairs of a serial killer who uses the website to trawl for his next victims. Written by Incendo Media",
    "genres" : [ {
      "id" : 80,
      "name" : "Crime"
    }, {
      "id" : 10770,
      "name" : "TV Movie"
    }, {
      "id" : 53,
      "name" : "Thriller"
    } ]
  }, {
    "id" : 90761,
    "title" : "I Like to Play Games Too",
    "overview" : "An advertising agent (Maria Ford) comes up against a client (Bobby Johnston) she is unable to manipulate through her seduction games.",
    "genres" : [ {
      "id" : 18,
      "name" : "Drama"
    }, {
      "id" : 10749,
      "name" : "Romance"
    } ]
  }, {
    "id" : 90776,
    "title" : "Abracadabra",
    "overview" : "No overview found.",
    "genres" : [ {
      "id" : 16,
      "name" : "Animation"
    } ]
  }, {
    "id" : 90781,
    "title" : "Crac",
    "overview" : "This short animation takes as its protagonist a wooden rocking chair that serves as a tool to delve in no more than 15 minutes on a journey through the history of Quebec in the last century.",
    "genres" : [ {
      "id" : 16,
      "name" : "Animation"
    } ]
  }, {
    "id" : 90791,
    "title" : "George W. Bush: Faith in the White House",
    "overview" : "This documentary examines how faith and prayer-based initiatives play into the presidency of George W. Bush.",
    "genres" : [ {
      "id" : 99,
      "name" : "Documentary"
    } ]
  }, {
    "id" : 90796,
    "title" : "Baka: The People of the Rainforest",
    "overview" : "Intimate story of a Baka family living a traditional life in the rainforests of Cameroun.",
    "genres" : [ ]
  }, {
    "id" : 90806,
    "title" : "Hot T-Shirts",
    "overview" : "In order to avoid the closure a bar the owner and some friends organize a wet-T-shirt competition. As they thought this attracks new people and certainly money.",
    "genres" : [ {
      "id" : 35,
      "name" : "Comedy"
    } ]
  }, {
    "id" : 90816,
    "title" : "Treasure of the Four Crowns",
    "overview" : "A group of adventurers are gathered together to retrieve some mystical gems which are in the possession of a deadly cult.",
    "genres" : [ {
      "id" : 12,
      "name" : "Adventure"
    } ]
  }, {
    "id" : 90821,
    "title" : "The Creation of Birds",
    "overview" : "No overview found.",
    "genres" : [ {
      "id" : 16,
      "name" : "Animation"
    } ]
  }, {
    "id" : 90826,
    "title" : "All Nothing",
    "overview" : "An illustration of beings in a world where countless plant and animal species rapidly become extinct, and resources run dry due to greed. However, it is possible to avoid disaster by conserving and sharing what we have.",
    "genres" : [ {
      "id" : 16,
      "name" : "Animation"
    } ]
  }, {
    "id" : 90831,
    "title" : "Locusts",
    "overview" : "Dr. Maddy Rierdon, an investigator for the Department of Agriculture, is the only person who can protect America from a deadly breed of bioengineered locusts.",
    "genres" : [ {
      "id" : 28,
      "name" : "Action"
    }, {
      "id" : 878,
      "name" : "Science Fiction"
    }, {
      "id" : 27,
      "name" : "Horror"
    } ]
  }, {
    "id" : 90841,
    "title" : "Antony Firingee",
    "overview" : "Antony Firingee was a Portuguese-Indian who became a famous Bengali poet musician and fell in love with Shakila. She agreed to marry him after revealing her tragic history. But his fame was not enough to overcome their ostracisation and tragedy struck again.",
    "genres" : [ ]
  }, {
    "id" : 90846,
    "title" : "En aften med Johnny Madsen",
    "overview" : "",
    "genres" : [ ]
  }, {
    "id" : 90851,
    "title" : "The Cat Piano",
    "overview" : "A city of singing cats is preyed upon by a shadowy figure intent on performing a twisted feline symphony.",
    "genres" : [ {
      "id" : 16,
      "name" : "Animation"
    }, {
      "id" : 14,
      "name" : "Fantasy"
    } ]
  }, {
    "id" : 90861,
    "title" : "Three Monks",
    "overview" : "No overview found.",
    "genres" : [ {
      "id" : 16,
      "name" : "Animation"
    } ]
  }, {
    "id" : 90871,
    "title" : "The Favorite",
    "overview" : "A French girl is kidnapped and sold as slave to the sultan of the Ottoman Empire.",
    "genres" : [ {
      "id" : 12,
      "name" : "Adventure"
    }, {
      "id" : 18,
      "name" : "Drama"
    }, {
      "id" : 10749,
      "name" : "Romance"
    } ]
  }, {
    "id" : 90876,
    "title" : "End of the World Brothers",
    "overview" : "End of the World Brothers is a story of adventure, friendship and fellowship that goes to the heart and is directed towards the whole family. It is the story of \"Pato\" (Topa) and Pirucha (Muni), which together with a famous band called Gang of Sun join forces to save the children from eviction \"Home at the End of the World\". The film advance by adventures, songs and stories up to an emotional, surprising and spectacular final.",
    "genres" : [ {
      "id" : 10751,
      "name" : "Family"
    }, {
      "id" : 35,
      "name" : "Comedy"
    } ]
  }, {
    "id" : 90881,
    "title" : "Bad Seed",
    "overview" : "Preston Tylk is an ordinary guy living in Seattle. When he discovers that his wife, Emily, whom he adores, is having an affair, he is devastated. Storming out of the house, he returns later only to find her brutally murdered.",
    "genres" : [ {
      "id" : 53,
      "name" : "Thriller"
    } ]
  }, {
    "id" : 90891,
    "title" : "100 тысяч",
    "overview" : "",
    "genres" : [ ]
  }, {
    "id" : 90916,
    "title" : "Song of the Miraculous Hind",
    "overview" : "Divided into four sections, \"Song\" is inspired by the Siberian and Finno-Ugric legends about Creation, in which the world begins with characters who are only half-human, one being half-bird, the other half-bear. The narrator delves into the origins of Hungarian culture, the Iranian and Turkish influences that impacted the society, and finally the story of Stephen, the emperor who brought Christianity to the country and shifted the capital west in an attempt to link with Europe.",
    "genres" : [ {
      "id" : 16,
      "name" : "Animation"
    }, {
      "id" : 14,
      "name" : "Fantasy"
    } ]
  }, {
    "id" : 90921,
    "title" : "Thunder Ninja Kids: Wonderful Mission",
    "overview" : "The second installment in the Thunder Ninja Kids series.",
    "genres" : [ ]
  }, {
    "id" : 90926,
    "title" : "Ghost Town",
    "overview" : "Deputy Langley tracks a kidnapped girl to an abandoned ghost town. However, the town is not abandoned, but haunted by the spirits of an outlaw, Devlin, and his gang, who hold the equally deceased townspeople hostage until the outlaws can be killed by a lawman.",
    "genres" : [ {
      "id" : 27,
      "name" : "Horror"
    }, {
      "id" : 37,
      "name" : "Western"
    } ]
  }, {
    "id" : 90931,
    "title" : "Coming Attractions: The History of the Movie Trailer",
    "overview" : "A 100 year history of the development of movie marketing, reflecting technical improvements, audience taste and cultural sensibilities.",
    "genres" : [ ]
  }, {
    "id" : 90936,
    "title" : "Aegri Somnia",
    "overview" : "Edgar is living in the shadow of his wife's sudden death. Haunted by vivid hallucinations and a faceless city threatening to swallow him whole, Edgar's world begins to unravel as his nightmares become a reality and Edgar is left with a choice: prison or paradise.",
    "genres" : [ ]
  }, {
    "id" : 90941,
    "title" : "Primal Rage",
    "overview" : "A scientist at a Florida university inadvertently creates a \"rage virus\" while performing experiments intended to restore dead brain tissue in baboons. When a journalist for the college paper breaks into the campus lab, he's bitten by one of the infected baboons; the virus soon spreads to a trio of rapists and a valley girl, all of whom go on killing sprees.",
    "genres" : [ {
      "id" : 27,
      "name" : "Horror"
    }, {
      "id" : 878,
      "name" : "Science Fiction"
    }, {
      "id" : 53,
      "name" : "Thriller"
    } ]
  }, {
    "id" : 90951,
    "title" : "País Paisa",
    "overview" : "This the history of the culture of Antioquia",
    "genres" : [ {
      "id" : 35,
      "name" : "Comedy"
    } ]
  }, {
    "id" : 90956,
    "title" : "The Feathered Serpent",
    "overview" : "In order to learn the location of a fabled Aztec treasure, a professor kidnaps his colleague, the only man able to read the ancient Aztec script that is supposed to reveal the location of the treasure. Charlie Chan and his #1 and #2 sons journey to the jungles of Mexico to find the victim and bring the kidnapper and his gang to justice.",
    "genres" : [ {
      "id" : 35,
      "name" : "Comedy"
    }, {
      "id" : 80,
      "name" : "Crime"
    }, {
      "id" : 9648,
      "name" : "Mystery"
    } ]
  }, {
    "id" : 90966,
    "title" : "Magic Town",
    "overview" : "Rip Smith's opinion-poll business is a failure...until he discovers that the small town of Grandview is statistically identical to the entire country. He and his assistants go there to run polls cheaply and easily, in total secrecy (it would be fatal to let the townsfolk get self-conscious). And of course, civic crusader Mary Peterman must be kept from changing things too much. But romantic involvement with Mary complicates life for Rip; then suddenly everything changes.",
    "genres" : [ {
      "id" : 35,
      "name" : "Comedy"
    }, {
      "id" : 10749,
      "name" : "Romance"
    } ]
  }, {
    "id" : 90976,
    "title" : "The Prince Who Was a Thief",
    "overview" : "No movie overview available.",
    "genres" : [ {
      "id" : 12,
      "name" : "Adventure"
    } ]
  }, {
    "id" : 90986,
    "title" : "True Gore",
    "overview" : "True Gore combines the usual death footage found in most shockumentaries with video art from Survival Research Laboratories and Monte Cazazza and more",
    "genres" : [ {
      "id" : 99,
      "name" : "Documentary"
    }, {
      "id" : 27,
      "name" : "Horror"
    } ]
  }, {
    "id" : 91001,
    "title" : "The Marriage Chronicles",
    "overview" : "Three couples trying to spice up their marriages go on a retreat run by a sexy psychologist and her handsome husband at a tranquil Malibu estate. Encouraged to share their most innermost feelings, the fun begins when secrets are revealed and hearts are challenged. How far will each couple go to save their marriage? (Redbox.com)",
    "genres" : [ {
      "id" : 10749,
      "name" : "Romance"
    }, {
      "id" : 35,
      "name" : "Comedy"
    } ]
  }, {
    "id" : 91006,
    "title" : "The Bare Wench Project 2: Scared Topless",
    "overview" : "Totally mindless entertainment that works well as a spoof. However, when the absurdity of the whole thing starts coming into focus, you'll be rolling on the floor laughing like my friends and I were. Luckily, the flick spoofs a few of the horror movies out there, mainly Blair Witch 1, and does not spoof the horrible sequel, Book of Shadows. Be on the look out of the next installment.",
    "genres" : [ {
      "id" : 35,
      "name" : "Comedy"
    }, {
      "id" : 27,
      "name" : "Horror"
    } ]
  }, {
    "id" : 91011,
    "title" : "Manila Kingpin",
    "overview" : "Mobster Asiong Salonga (ER Ejercito) rules the mean streets of Manila with an iron fist—until he is betrayed by a trusted friend.  Manila Kingpin is based on the story of the notorious Tondo, Manila, gang leader Nicasio “Asiong” Salonga, whose true-to-life accounts had been portrayed in several movie versions since 1961 (starring Joseph Estrada). It is also the first Filipino major film produced in black-and-white in the 21st century as well as the returning action genre movie.  Before the film was shown, Tikoy Aguiluz requested the producers, through his lawyers, that his directorial credits in the film and promotional tools be removed because the final version of the film can no longer be described as his after the producers made a reedit, re-shoot and music mixing without his involvement. He also demanded that he be allowed to make a director's cut of the film.",
    "genres" : [ {
      "id" : 28,
      "name" : "Action"
    }, {
      "id" : 18,
      "name" : "Drama"
    }, {
      "id" : 80,
      "name" : "Crime"
    } ]
  }, {
    "id" : 91041,
    "title" : "Havet stiger",
    "overview" : "Set in the future when much of Central Europe has suffered ecological destruction and only small groups of survivors remain, a lost Norwegian reporter stumbles upon one such group and is quickly drawn into a drama involving a beautiful Christian missionary who's being held prisoner.",
    "genres" : [ ]
  }, {
    "id" : 91051,
    "title" : "Kill a Dragon",
    "overview" : "Chinese villagers hire a mercenary and his team of karate experts to help rid them of a gangster and his henchman who are threatening their island.",
    "genres" : [ {
      "id" : 28,
      "name" : "Action"
    } ]
  }, {
    "id" : 91056,
    "title" : "Kidnap",
    "overview" : "This crime drama follows Italian police commissioner Caprile (Henry Silva) as he races to rescue the 6-year-old daughter of an important businessman. Also hoping to save her is Frank Salvatore (Gabriele Ferzetti), the old-school Mafia don accused of the crime. Caprile leans on a low-level thug (Philippe Leroy) for information and is led to Salvatore, who considers children to be off-limits as targets and hopes to restore his reputation",
    "genres" : [ {
      "id" : 18,
      "name" : "Drama"
    }, {
      "id" : 28,
      "name" : "Action"
    }, {
      "id" : 53,
      "name" : "Thriller"
    }, {
      "id" : 10769,
      "name" : "Foreign"
    } ]
  }, {
    "id" : 91061,
    "title" : "Jinx Money",
    "overview" : "A man wins $50,000 in a card game with gamblers, but is soon found dead and the money missing. Slip and Sach find the money near where the body was discovered, and soon find themselves the target of both the police and the gamblers.",
    "genres" : [ {
      "id" : 35,
      "name" : "Comedy"
    } ]
  } ]
}