{
  "movies" : [ {
    "id" : 283671,
    "title" : "Jungle Shuffle",
    "overview" : "In this turbulent jungle adventure an outcast coati male has to team up with a quirky spider monkey to save a coati princess from the hands of a human poacher and his mysterious client.",
    "genres" : [ {
      "id" : 10751,
      "name" : "Family"
    }, {
      "id" : 16,
      "name" : "Animation"
    }, {
      "id" : 12,
      "name" : "Adventure"
    } ]
  }, {
    "id" : 283676,
    "title" : "Ein Hut von ganz spezieller Art",
    "overview" : "",
    "genres" : [ {
      "id" : 35,
      "name" : "Comedy"
    } ]
  }, {
    "id" : 283681,
    "title" : "Ninth Happiness",
    "overview" : "Choi Hung village is full of innocents: people sing and work. The town beauty, Chi Wan, sees a stranger in the woods and falls in love, believing he's a fairy. He pursues her, keeping his real name secret, seeking advice from her sister, Heung, who suggests he buy Chi Wan a fan. Chi Wan and Heung's boyfriend, Dup, think the stranger and Heung are romantically involved, so mistaken jealousies erupt. Also new in town are two brothers, the new town official and his coarse enforcer; they can't believe there's no graft and corruption to profit from, so they try to establish a whorehouse. They also pursue Chi Wan. Can it all be sorted out? Will innocence prevail? And who is this stranger?",
    "genres" : [ {
      "id" : 10402,
      "name" : "Music"
    }, {
      "id" : 35,
      "name" : "Comedy"
    } ]
  }, {
    "id" : 283686,
    "title" : "Out of the Dark",
    "overview" : "A couple and their daughter moves to Colombia to take over a family manufacturing plant, only to realize their new home is haunted.",
    "genres" : [ {
      "id" : 53,
      "name" : "Thriller"
    }, {
      "id" : 27,
      "name" : "Horror"
    } ]
  }, {
    "id" : 283696,
    "title" : "Girls' Generation - Complete Video Collection",
    "overview" : "",
    "genres" : [ {
      "id" : 10402,
      "name" : "Music"
    } ]
  }, {
    "id" : 283701,
    "title" : "3 Hearts",
    "overview" : "A twist of fate leaves a hapless accountant romantically torn between two sisters.",
    "genres" : [ {
      "id" : 10749,
      "name" : "Romance"
    }, {
      "id" : 18,
      "name" : "Drama"
    } ]
  }, {
    "id" : 283706,
    "title" : "Sivas",
    "overview" : "Establishing a bleak village in Eastern Turkey as its setting, Sivas features the story of Aslan, an eleven-year-old boy, and Sivas, a weathered fighting dog who develop a strong relationship after Aslan finds Sivas wounded in a ditch, left to die.",
    "genres" : [ {
      "id" : 18,
      "name" : "Drama"
    } ]
  }, {
    "id" : 283711,
    "title" : "Red Amnesia",
    "overview" : "A retired widow has her daily routine derailed when she starts receiving mysterious, anonymous phone calls.",
    "genres" : [ {
      "id" : 53,
      "name" : "Thriller"
    } ]
  }, {
    "id" : 283716,
    "title" : "Vadias do Sexo Sangrento",
    "overview" : "",
    "genres" : [ {
      "id" : 35,
      "name" : "Comedy"
    }, {
      "id" : 27,
      "name" : "Horror"
    } ]
  }, {
    "id" : 283721,
    "title" : "Natascha Kampusch - Ein Schicksal im Rampenlicht",
    "overview" : "",
    "genres" : [ {
      "id" : 99,
      "name" : "Documentary"
    } ]
  }, {
    "id" : 283726,
    "title" : "The New Girlfriend",
    "overview" : "A young woman makes a surprising discovery about the husband of her late best friend.",
    "genres" : [ {
      "id" : 18,
      "name" : "Drama"
    } ]
  }, {
    "id" : 283731,
    "title" : "Audio Erotica",
    "overview" : "Rinko is a woman who has voice fetish. She feels sexual desire only by voice. One day she encounters a special “voice.” A man with the special voice whispers at her ear but she becomes more extreme and not satisfied with the whisper. As she finds her desire that is unidentifiable and uncontrollable within her, they see the depths of the voice.",
    "genres" : [ {
      "id" : 18,
      "name" : "Drama"
    } ]
  }, {
    "id" : 283736,
    "title" : "Schwiegerväter",
    "overview" : "",
    "genres" : [ {
      "id" : 35,
      "name" : "Comedy"
    } ]
  }, {
    "id" : 283741,
    "title" : "Hotel Iphigenie",
    "overview" : "",
    "genres" : [ {
      "id" : 18,
      "name" : "Drama"
    } ]
  }, {
    "id" : 283746,
    "title" : "Migrating Forms",
    "overview" : "A man and woman embark on a sexual journey to detach mind from body. The relationship slowly grows into one of emotional domination, physical disease, abandonment and the creation of personal pornography.",
    "genres" : [ {
      "id" : 18,
      "name" : "Drama"
    }, {
      "id" : 27,
      "name" : "Horror"
    } ]
  }, {
    "id" : 283751,
    "title" : "Power Half Hour - Stretch",
    "overview" : "DVD of Tony Horton Stretch exercises",
    "genres" : [ ]
  }, {
    "id" : 283756,
    "title" : "Doctor, Lawyer, Indian Chief",
    "overview" : "The lives of seven people are upended by coincidence, deceit, and paranoid assumption in this claustrophobic noir.",
    "genres" : [ ]
  }, {
    "id" : 283761,
    "title" : "Mocca für den Tiger",
    "overview" : "",
    "genres" : [ {
      "id" : 35,
      "name" : "Comedy"
    } ]
  }, {
    "id" : 283766,
    "title" : "Top Girl",
    "overview" : "Small-town beauty Patricia (Carla Solaro) lands a leading role on a top-rated soap opera and moves to Los Angeles, where her skyrocketing acting career is accompanied by a not-so-healthy romance with ruthless network boss Mike (Robert Madison). Set against the cutthroat backdrop of the television business, this steamy exploitation romance from cult director Joe D'Amato also stars Sonia Topazio.",
    "genres" : [ {
      "id" : 10749,
      "name" : "Romance"
    } ]
  }, {
    "id" : 283776,
    "title" : "Worst Case Scenario",
    "overview" : "An upstarting film production is abruptly cancelled by the financiers. But the director tries anyway to realize his movie.",
    "genres" : [ {
      "id" : 35,
      "name" : "Comedy"
    } ]
  }, {
    "id" : 283781,
    "title" : "Andrea Bocelli: Love In Portofino",
    "overview" : "The movie is of a Bocelli concert in Portofino, Italy, recorded in August 2012, with an ensemble of supporting artists, including violinist Caroline Campbell, German star Helene Fischer, Brazilian singer-songwriter Sandy, trumpeter Chris Botti, and Bocelli's partner Veronica Berti joining him for a duet of \"Somethin' Stupid\", all backed by a 40 piece orchestra.",
    "genres" : [ {
      "id" : 10402,
      "name" : "Music"
    } ]
  }, {
    "id" : 283786,
    "title" : "Svenska Ord i bild och tal",
    "overview" : "Ronny Svensson and Markus Strömqvist have produced a documentary \"Svenska Ord i bild och tal\", which gives us background stories and facts about the movies included in the box set \"Svenska Ord\".",
    "genres" : [ ]
  }, {
    "id" : 283791,
    "title" : "Adventures of the Gummi Bears",
    "overview" : "A group of reclusive humanoid bears and a few trusted humans explore their lost heritage and prevent their enemies from exploiting it",
    "genres" : [ {
      "id" : 10751,
      "name" : "Family"
    }, {
      "id" : 12,
      "name" : "Adventure"
    }, {
      "id" : 14,
      "name" : "Fantasy"
    }, {
      "id" : 16,
      "name" : "Animation"
    } ]
  }, {
    "id" : 283801,
    "title" : "Die Meta-Morphose",
    "overview" : "A documentary about the META BAND from Frankfurt (Germany), whose members are mentally challenged.",
    "genres" : [ {
      "id" : 99,
      "name" : "Documentary"
    } ]
  }, {
    "id" : 283806,
    "title" : "Stolen Sweets",
    "overview" : "Wealthy but unhappy Patricia Belmont meets fun-loving insurance salesman Bill Smith (and his fun-loving friends Sam Ragland and Betty Harkness)on a ship cruise and falls in love, much to the annoyance of her high-society, fortune-hunting fiance Barrington Thorne.",
    "genres" : [ {
      "id" : 35,
      "name" : "Comedy"
    }, {
      "id" : 10749,
      "name" : "Romance"
    } ]
  }, {
    "id" : 283816,
    "title" : "Tumbleweed Tango",
    "overview" : "A balloon dog is lost in a world of danger. One wrong step and his dancing days are done. Only love, and tango, can possibly save him.",
    "genres" : [ ]
  }, {
    "id" : 283821,
    "title" : "Le sette vipere (Il marito latino)",
    "overview" : "",
    "genres" : [ {
      "id" : 35,
      "name" : "Comedy"
    }, {
      "id" : 18,
      "name" : "Drama"
    } ]
  }, {
    "id" : 283826,
    "title" : "For Napoleon and France",
    "overview" : "Directed by Enrico Guazzoni.",
    "genres" : [ ]
  }, {
    "id" : 283831,
    "title" : "Strobe Edge",
    "overview" : "Ninako Kinoshita has never been in love until an encounter with the school's most popular boy, Ren Ichinose, leads the two to befriending each other. Ren's patient and kind personality is a far cry from his unapproachable idol status at school, and soon Ninako falls in love with him. However, she must cope with the fact that he already has a long-time girlfriend.",
    "genres" : [ {
      "id" : 18,
      "name" : "Drama"
    }, {
      "id" : 10749,
      "name" : "Romance"
    } ]
  }, {
    "id" : 283836,
    "title" : "Bridal Suite",
    "overview" : "A carefree playboy with an aversion to marriage falls for a lass he meets in the French Alps.",
    "genres" : [ {
      "id" : 10749,
      "name" : "Romance"
    }, {
      "id" : 35,
      "name" : "Comedy"
    }, {
      "id" : 10402,
      "name" : "Music"
    } ]
  }, {
    "id" : 283841,
    "title" : "Forty-four, or Bedtime Stories",
    "overview" : "Directed by Moumen Smihi.",
    "genres" : [ ]
  }, {
    "id" : 283846,
    "title" : "Drink, Drugs and KFC",
    "overview" : "Drink, Drugs and KFC written and directed by Aml Ameen (KIDULTHOOD, Harry's Law), is a coming of age romantic comedy, which can be likened to \"Super Bad\" or \"American Pie\". Geeky Teenager NATHAN (Kedar Williams-Stirling), finds himself in love with Montana, the most sort after girl in college, it's his last night to proclaim his feelings, but standing in the way is her ex boyfriend MAX (Mikel Ameen) and the crew he's trying to gain acceptance from.",
    "genres" : [ ]
  }, {
    "id" : 283851,
    "title" : "Russian Girls: Flirten auf Russisch",
    "overview" : "",
    "genres" : [ {
      "id" : 99,
      "name" : "Documentary"
    } ]
  }, {
    "id" : 283856,
    "title" : "The Man Who Bombed Belgrade",
    "overview" : "A TV drama set shortly after WW2 about court trial of former German generals accused for bombing the Yugoslavia's capital Belgrade.",
    "genres" : [ {
      "id" : 18,
      "name" : "Drama"
    } ]
  }, {
    "id" : 283861,
    "title" : "Living Like the Rest of Us",
    "overview" : "A young non-conformist enrolls at the music academy in Belgrade. There he faces a lot of existential, as well as emotional problems.",
    "genres" : [ {
      "id" : 18,
      "name" : "Drama"
    } ]
  }, {
    "id" : 283866,
    "title" : "Concert",
    "overview" : "A story about piano that changes many owners through the decades, now in the possession of girl who tries to master the instrument.",
    "genres" : [ {
      "id" : 10752,
      "name" : "War"
    }, {
      "id" : 18,
      "name" : "Drama"
    }, {
      "id" : 10402,
      "name" : "Music"
    } ]
  }, {
    "id" : 283871,
    "title" : "Wall",
    "overview" : "Ito is one of the leading experimental filmmakers in Japan. He graduated from Art and Technology Department of Kyushu Institute of Design in 1983 during which he made a debut with the film SPACY in 1981 (Inagaki who created sound effects for the film was also a filmmaker and his classmate at the institute). He was rather a premature virtuoso.",
    "genres" : [ ]
  }, {
    "id" : 283876,
    "title" : "Venus",
    "overview" : "Ito is one of the leading experimental filmmakers in Japan. He graduated from Art and Technology Department of Kyushu Institute of Design in 1983 during which he made a debut with the film SPACY in 1981 (Inagaki who created sound effects for the film was also a filmmaker and his classmate at the institute). He was rather a premature virtuoso.",
    "genres" : [ ]
  }, {
    "id" : 283881,
    "title" : "Revolt of the Praetorians",
    "overview" : "Rome chafes under the rule of the Emperor Domitian and his Egyptian mistress, Artamne. A mysterious champion arises to fight against the Emperor -- a masked man known as the Red Wolf. In fact, the Red Wolf is Valerius Rufus, one of the Emperor's trusted centurions who's aided by none other than the Emperor's court jester, the diminutive Elpidion. Rebels in league with Valerius kidnap Artamne, planning to exchange her for two of their imprisoned colleagues, but Artamne escapes and soon both Valerius, (now exposed as the Red Wolf), and his fiancee, Lucilla, are sentenced to be immersed in a cauldron of molten lead. Valerius's friends, however, rise up to rescue him and to liberate Rome.",
    "genres" : [ {
      "id" : 18,
      "name" : "Drama"
    }, {
      "id" : 28,
      "name" : "Action"
    }, {
      "id" : 12,
      "name" : "Adventure"
    } ]
  }, {
    "id" : 283886,
    "title" : "Kasabian: Live at Glastonbury",
    "overview" : "Kasabian perform on the Pyramid stage at the 2014 Glastonbury music festival.",
    "genres" : [ {
      "id" : 10402,
      "name" : "Music"
    } ]
  }, {
    "id" : 283891,
    "title" : "Dir muss er ja nicht gefallen",
    "overview" : "A short educational story for children.",
    "genres" : [ {
      "id" : 10751,
      "name" : "Family"
    }, {
      "id" : 18,
      "name" : "Drama"
    } ]
  }, {
    "id" : 283896,
    "title" : "Ang Anino Ni Asedillo",
    "overview" : "Asedillo, the modern day Robin Hood has been the icon of the poor. Needless to say, he had a lot of followers who wanted to do the same.. take the excess of the rich and give it to the less fortunate members of the society.  But eventually, the group starts to fall apart, when everybody start to think of their own interests. And only those with honest intentions will prevail.",
    "genres" : [ {
      "id" : 18,
      "name" : "Drama"
    } ]
  }, {
    "id" : 283901,
    "title" : "Kasabian: Live at Snowbombing",
    "overview" : "Kasabian performing live at Snowbombing Fesitval 2013 in  Mayrhofen, Austria.",
    "genres" : [ {
      "id" : 10402,
      "name" : "Music"
    } ]
  }, {
    "id" : 283906,
    "title" : "Absences",
    "overview" : "A family story of incest, decadence and desolation. Greece, early twentieth century. A bourgeois family is on the verge of breaking up. The mother has abandoned the family, and the father, a retired officer, keeps his three daughters, as well as the illegitimate son of the oldest daughter, confined in the house. After his death, the three sisters live through their personal drama. The eldest, Eleni, imbued with the morals of the time and closely identifying with her father, tries to take his place. The middle one, Maria, representing rebellion, goes off with a captain of the sanitation service, while the youngest, Anna, skating on thin ice through all this, is completely destroyed.",
    "genres" : [ {
      "id" : 10749,
      "name" : "Romance"
    }, {
      "id" : 18,
      "name" : "Drama"
    } ]
  }, {
    "id" : 283911,
    "title" : "Donovan In Concert - BBC 1972",
    "overview" : "Jennifer Juniper\r Catch the Wind\r There Is a Mountain\r Only the Blues\r Universal Soldier\r (Buffy Sainte-Marie cover)\r Sunshine Superman\r Mellow Yellow\r Josie\r Colours\r Hey Gyp (Dig the Slowness)\r Oh Yeah\r Hurdy Gurdy Man\r To Try for the Sun",
    "genres" : [ ]
  }, {
    "id" : 283921,
    "title" : "The Black Arrow",
    "overview" : "A young British nobleman comes back from fighting in the War of the Roses to discover that his father has been murdered by an old family friend who is now an outlaw. However, he becomes suspicious about the exact circumstances of his father's death and determines to find out exactly what happened.",
    "genres" : [ {
      "id" : 12,
      "name" : "Adventure"
    }, {
      "id" : 36,
      "name" : "History"
    } ]
  }, {
    "id" : 283926,
    "title" : "From Spikes to Spindles",
    "overview" : "This raw, gutsy portrait of New York's Chinatown captures the early days of an emerging consciousness in the community. We see a Chinatown rarely depicted, a vibrant community whose young and old join forces to protest police brutality and hostile real estate developers. With bold strokes, it paints an overview of the community and its history, from the early laborers driving spikes into the transcontinental railroad to the garment workers of today.",
    "genres" : [ ]
  }, {
    "id" : 283931,
    "title" : "Shadow",
    "overview" : "Taipei. Xiao Shou is a shy boy, and a traveling puppeteer with shadow puppets. One day, he encounters the gorgeous Ann, and instantly falls in love with her. But this does not preclude the terrible accident which will drown the boy into a world of darkness, before he can actually declare his feelings. Feel this dark love story if you can.",
    "genres" : [ ]
  }, {
    "id" : 283936,
    "title" : "Fugitive Road",
    "overview" : "An Austrian officer must face up to the good and evil aspects of his own personality as he becomes involved in a war.",
    "genres" : [ {
      "id" : 18,
      "name" : "Drama"
    } ]
  }, {
    "id" : 283941,
    "title" : "Thomas und seine Freunde - Der Held der Schienen",
    "overview" : "",
    "genres" : [ ]
  }, {
    "id" : 283951,
    "title" : "Grog",
    "overview" : "",
    "genres" : [ ]
  }, {
    "id" : 283956,
    "title" : "23​/69: Underground Explosion",
    "overview" : "A report about an Underground Festival on tour through Germany and Switzerland.",
    "genres" : [ ]
  }, {
    "id" : 283961,
    "title" : "NOT BAD",
    "overview" : "This is a tale of epic adventure. A tale of seven brave riders who set out from the four corners of the globe to gather together under one roof in a town located at the ends of the earth. A tale with no beginning and no end but where a few things happen inbetween. Things like eel fights. Yeah that’s right…f’n eel fights. So watch this movie. Why? Because its ‘Not Bad…30 days of bicycle tomfoolery in New Zealand’.",
    "genres" : [ ]
  }, {
    "id" : 283966,
    "title" : "The Gentry's Ball",
    "overview" : "Directed by Viktor Tourjansky.",
    "genres" : [ ]
  }, {
    "id" : 283971,
    "title" : "La Gerusalemme liberata",
    "overview" : "SEE- The Dance of the seven orgies! SEE- The duel to the death with 100-pound battle axes! SEE- The seduction of Renaldo, the White Knight, by the dark daughter of Damascus! SEE- The mammoth battle between Heathens and Knights for the Holy Sepulcher! SEE- Assault towers and battering rams breach the walls of the Holy City! SEE- Men turned into human torches by the flaming pitch of the Infidels!",
    "genres" : [ ]
  }, {
    "id" : 283976,
    "title" : "Gladiator Challenge - Avalanche",
    "overview" : "Fighters:  Urijah Faber vs Krazy Horse  Andy Maccarone vs Shannon Ritch  Anthony Ruiz vs Shane Yokum  Nick Covert vs Phil Collins  Rubin Villareal vs James Sacco  Paul O'Keefe vs Ben Davis  Shane Stewart vs Dino Aguilar  Keith Pittman vs Brian Granados  Tyson Griffin vs Shawn Bias  Chuck Kim vs Jeremiah Jarvis",
    "genres" : [ ]
  }, {
    "id" : 283981,
    "title" : "En pizza i Jordbro",
    "overview" : "The fifth movie of the kids from a school class in Jordbrovägen which the director has followed for over 24 years allows the now adult children through interviews talking about their lives. This is interspersed with inklipp from their everyday life and work, as well as clips from the previous movies.",
    "genres" : [ {
      "id" : 99,
      "name" : "Documentary"
    } ]
  }, {
    "id" : 283986,
    "title" : "Making 'Sólo con tu pareja'",
    "overview" : "A behind-the-scenes look at the making of \"Sólo con tu pareja\", the debut feature film of director Alfonso Cuarón.",
    "genres" : [ ]
  }, {
    "id" : 283991,
    "title" : "Postmortem Bliss",
    "overview" : "The over-medicated, addicted, and misdiagnosed generation of today.",
    "genres" : [ ]
  }, {
    "id" : 283996,
    "title" : "The Girl Who Hated Books",
    "overview" : "Books are everywhere in Meena's house - in cupboards, drawers, and even piled up the stairs! Her parents love to read, but Meena never even opens a book! When her cat Max accidentally knocks down a huge stack of books, heroes, heroines, and animals with attitude come to life and pandemonium reigns. Meena finds a unique solution to get the characters back in the books, and nothing, as they say, is the same after that. Based on the story by Manjusha Pawagi. The Girl Who Hated Books is part of the NFB's Talespinners 2 collection.",
    "genres" : [ ]
  }, {
    "id" : 284001,
    "title" : "Intolerable",
    "overview" : "A casting director puts a group of actors through hell",
    "genres" : [ ]
  }, {
    "id" : 284006,
    "title" : "Final Exit",
    "overview" : "https://www.youtube.com/watch?v=Rd5LYMIk5K4",
    "genres" : [ ]
  }, {
    "id" : 284011,
    "title" : "Bakumatsu",
    "overview" : "The story of Ryoma Sakamoto, considered to be the architect behind the downfall of the Tokugawa shogunate. He was considered an outlaw by his own clan, hunted by his government, and was despised by supporters of the Shogun as well as the Loyalists for desiring the opening of Japan to the West in order to learn its technology, in the hopes of one day defeating the West with a modern army and navy.",
    "genres" : [ {
      "id" : 28,
      "name" : "Action"
    }, {
      "id" : 12,
      "name" : "Adventure"
    }, {
      "id" : 18,
      "name" : "Drama"
    } ]
  }, {
    "id" : 284016,
    "title" : "Slave of Rome",
    "overview" : "During Julius Caesar's invasion of Gallia: The Gauls have broken their treaty with the Romans. Marcus Valerius and his friend are sent to punish them. Antea's father wants to have peace with Rome, having once been there and acknowledging their superior culture, but Lysircus forces a severely anti-Roman politic. When her father is killed by him in treachery, Antea joins the Romans who have to evade into a swamp. She falls in love with Marcus. Will she forsake her people forever?",
    "genres" : [ {
      "id" : 12,
      "name" : "Adventure"
    } ]
  }, {
    "id" : 284021,
    "title" : "Elfen Lied - In The Passing Rain",
    "overview" : "The OVA special of the series was created separately and released on April 21, 2005 in Japan and in 2006 by ADV Films. Chronologically its event occur between episodes 10 and 11, thus it is referred to as episode 10.5. It is much more comical and light-hearted than the main series, with far less blood and violence, although it does contain the fanservice present in the rest of the series. However, the lengthy flashbacks to Lucy's past, while not as bloody as in some episodes of the normal series, still have a dark and somber tone. The OVA explains some of the history between Lucy and Kurama (specifically how he was able to capture her alive), and why she never kills him when she sees him, in a flashback while Lucy is unconscious, although the plot of the main series can be understood without viewing the OVA. It was not released with the ADV series box set in 2006, nor was it dubbed into English at that time.",
    "genres" : [ {
      "id" : 14,
      "name" : "Fantasy"
    }, {
      "id" : 16,
      "name" : "Animation"
    }, {
      "id" : 27,
      "name" : "Horror"
    }, {
      "id" : 10749,
      "name" : "Romance"
    }, {
      "id" : 878,
      "name" : "Science Fiction"
    } ]
  }, {
    "id" : 284031,
    "title" : "The Abandoned Ark",
    "overview" : "Year: 1962\r Filmmaker: Stella Weiss\r Transfer note: copied at 18 frames per second from 16mm black and white Kodak safely film and Kodachrome Regular 8mm.\r Running time: 4 minutes\r Silent",
    "genres" : [ ]
  }, {
    "id" : 284036,
    "title" : "Angel of Darkness Volume 1",
    "overview" : "Atsuko and Sayaka think they have it made when they are both accepted into the same prestigious women's academy. There, they will be free to explore the intense passion of their relationship, unbounded.  But when the mystical bonds imprisoning a hideous ancient evil that feeds on the lust of nubile women are accidentally broken, the two young lovers soon learn they have more to fear than final exams.",
    "genres" : [ ]
  }, {
    "id" : 284041,
    "title" : "Harano Sur",
    "overview" : "An amnesiac after a train accident, Alok Mukherjee (Uttam Kumar) is rescued on escaping from the asylum where he is admitted by doctor Roma Banerjee (Suchitra Sen) who takes him to her father's (Pahadi Sanyal) country house in a village called Palaspur. There, while treating him she falls for him and he for her. They marry but a second accident makes him recall his life as a rich businessman in Calcutta and forget the memories spent with Roma. Roma follows him to Calcutta and meets him there but he doesn't recognise her. He hires her as governess to his niece instead. Roma keeps trying to simulate Alok's memory but is looked at suspiciously by Lata, Alok's fiancee in Calcutta who thinks Roma is snatching Alok away from her and who complains to Alok's mother. The latter has Roma kicked out. Alok realizing she is from Palaspur and that is where he got back his memory goes there and regains his memory of times spent with Roma there. All's well that end well.",
    "genres" : [ {
      "id" : 18,
      "name" : "Drama"
    } ]
  }, {
    "id" : 284046,
    "title" : "9 Days in Summer",
    "overview" : "A promotional film for the Ford Company detailing the introduction of the Cosworth engine into Formula 1 in conjunction with Lotus.",
    "genres" : [ {
      "id" : 99,
      "name" : "Documentary"
    } ]
  }, {
    "id" : 284051,
    "title" : "The Bridges of Sarajevo",
    "overview" : "Thirteen European directors explore the theme of Sarajevo; what this city has represented in European history over the past hundred years, and what Sarajevo stands for today in Europe. These eminent filmmakers of different generations and origins offer exceptional singular styles and visions.",
    "genres" : [ {
      "id" : 18,
      "name" : "Drama"
    }, {
      "id" : 99,
      "name" : "Documentary"
    } ]
  }, {
    "id" : 284056,
    "title" : "Sunset from a Rooftop",
    "overview" : "Sunset from a Rooftop takes place in Belgrade. While the city is being hit by NATO bombings, Ivana is preparing herself for a night out while telling her boyfriend the news of her pregnancy.",
    "genres" : [ ]
  }, {
    "id" : 284061,
    "title" : "Das Glück der Anderen",
    "overview" : "",
    "genres" : [ {
      "id" : 35,
      "name" : "Comedy"
    } ]
  }, {
    "id" : 284066,
    "title" : "Pirates of the Airwaves",
    "overview" : "In 1966 a group of determined young men defied the New Zealand government and launched a pirate radio station aboard a ship in the Hauraki Gulf.",
    "genres" : [ {
      "id" : 99,
      "name" : "Documentary"
    }, {
      "id" : 18,
      "name" : "Drama"
    } ]
  }, {
    "id" : 284071,
    "title" : "Auguste (théâtre)",
    "overview" : "",
    "genres" : [ {
      "id" : 35,
      "name" : "Comedy"
    } ]
  }, {
    "id" : 284076,
    "title" : "Bonne année toi même",
    "overview" : "",
    "genres" : [ {
      "id" : 35,
      "name" : "Comedy"
    } ]
  }, {
    "id" : 284081,
    "title" : "Julian the Apostate",
    "overview" : "Highly stylised biopic of the last Pagan Roman-Byzantine Emperor, Julian the Philosopher, known to Christians as 'the Apostate'. Orphaned by his cousin Constantius (Costanzo), and narrowly escaping death himself as a child, Julian is brought up on the Greek classics by his faithful tutor Mardonius.",
    "genres" : [ ]
  }, {
    "id" : 284086,
    "title" : "Golden Beak",
    "overview" : "Directed by Yevgeni Chervyakov.",
    "genres" : [ ]
  }, {
    "id" : 284091,
    "title" : "Good Morning Beijing",
    "overview" : "A Beijing bus driver is in love with a ticket-taker, but she becomes pregnant by a Singapore student.",
    "genres" : [ {
      "id" : 18,
      "name" : "Drama"
    } ]
  }, {
    "id" : 284096,
    "title" : "Cet Amour-là",
    "overview" : "Cet Amour-là is an intimate portrait of a legendary love affair. Set against the beauty of the Breton seaside, it is also a film that revels in the insights that Marguerite Duras' writing affords.",
    "genres" : [ {
      "id" : 18,
      "name" : "Drama"
    } ]
  }, {
    "id" : 284101,
    "title" : "The Risk Not Taken",
    "overview" : "\"The Risk not Taken\" is a story about making the right decisions. Can one calculate the inherent risks of imminent decisions and take full responsibility for their outcome? Should one be allowed to make decisions of this magnitude for others? With the symbolic omnipotent sphere, the main character holds the world's fate in his hands. The decision is his whether to use this power to improve life for many, yet at the same time might risk a catastrophe, or to separate himself from this power, and take the safer, more long lasting path. As he ponders and envisions the possible risks involved if he were to use the power, as well as what he would lose if he made the wrong decision, symbolized by the woman and child, he decides against this burden of power and lets go of the power and lets the sphere fall so as not to be tempted to change his mind.",
    "genres" : [ ]
  }, {
    "id" : 284106,
    "title" : "Hard Drive",
    "overview" : "One young man's plunge into adulthood and the uplifting joy of first love.",
    "genres" : [ {
      "id" : 10749,
      "name" : "Romance"
    }, {
      "id" : 18,
      "name" : "Drama"
    } ]
  }, {
    "id" : 284116,
    "title" : "A Bloody Tale",
    "overview" : "Memory of the victims of the Kragujevac massacre is described through the events that are related to a group of boys, shoe shiners. At that time, thousands of workers refused to work for the invaders, and the whole city was exposed to harsh repression and persecution of innocent citizens and the abolition of the regular rations of food.",
    "genres" : [ {
      "id" : 10752,
      "name" : "War"
    } ]
  }, {
    "id" : 284121,
    "title" : "Marilyn Myller",
    "overview" : "Marilyn maketh. Marilyn taketh awayeth. Marilyn is trying really hard to create something good. For once, her expectation and reality are going to align. It will be epic. It will be tear jerkingly profound. It will be perfect. Nothing can go wrong.",
    "genres" : [ ]
  }, {
    "id" : 284126,
    "title" : "Ocean Giants",
    "overview" : "A 3-part documentary granting a unique and privileged access into the magical world of whales and dolphins, uncovering the secrets of their intimate lives as never before.  Episode 1: Giant Lives / Episode 2: Deep Thinkers / Episode 3: Voices of the Sea",
    "genres" : [ {
      "id" : 99,
      "name" : "Documentary"
    }, {
      "id" : 10751,
      "name" : "Family"
    } ]
  }, {
    "id" : 284131,
    "title" : "Scenes from the Life of a Wash-Basin",
    "overview" : "A short film about the events of life taking place in a sink.",
    "genres" : [ ]
  }, {
    "id" : 284141,
    "title" : "The Animal Condition",
    "overview" : "The Animal Condition chronicles three and a half years of recent Australian history, when animal welfare grew from fringe issue to national focus with protests in the streets. It follows four friends who take an investigative road trip around Australia. Unafraid to ask questions they speak to all sides: industry heavyweights, federal politicians, animal welfare advocates, Indigenous Australians, immigrant factory workers, philosophers and scientists. Views on the subject change with each new encounter, leading to questions about society that go beyond the treatment of animals.",
    "genres" : [ {
      "id" : 99,
      "name" : "Documentary"
    } ]
  }, {
    "id" : 284146,
    "title" : "South Pacific Trail",
    "overview" : "Rex, Slim and the boys are fired by a wealthy rancher but decide to help him out when his daughter intends on marrying a shifty, gold-digging actor. Meanwhile, the rancher's foreman executes plans for a train robbery.",
    "genres" : [ {
      "id" : 37,
      "name" : "Western"
    } ]
  }, {
    "id" : 284156,
    "title" : "Big and Small",
    "overview" : "Under a police pursuit, Pavle tries to transfer a group of illegals on a free liberated territory. Pavle hopes to find a hideaway at an old friend Stevan, but these expectations fail. However, help unexpectedly comes from Stevan's little son Aca.",
    "genres" : [ {
      "id" : 53,
      "name" : "Thriller"
    }, {
      "id" : 10752,
      "name" : "War"
    } ]
  }, {
    "id" : 284161,
    "title" : "Os Amadores",
    "overview" : "",
    "genres" : [ {
      "id" : 35,
      "name" : "Comedy"
    } ]
  }, {
    "id" : 284166,
    "title" : "For Better or For Worse",
    "overview" : "Wendy is finally settling in to single life after the death of her husband. She runs a successful wedding planning company with the help of her friend Roseanne. Wendy's business and values are challenged when Marco, a charming but irritating divorce attorney, opens shop right next door!",
    "genres" : [ {
      "id" : 10751,
      "name" : "Family"
    }, {
      "id" : 10749,
      "name" : "Romance"
    }, {
      "id" : 35,
      "name" : "Comedy"
    } ]
  }, {
    "id" : 284171,
    "title" : "Campaign",
    "overview" : "An in-depth look at the 1996 election campaign for the pivotal seat of Wellington Central, and life for the candidates on the campaign trail.",
    "genres" : [ {
      "id" : 99,
      "name" : "Documentary"
    } ]
  }, {
    "id" : 284176,
    "title" : "Target... Earth?",
    "overview" : "Really strange documentary of Wheeler Dixon production quality on the Tunguska Event and the possibility of it happening again causing an apocalypse (basically a meteor scare film) sprinkled with UFO conspiracy kooks, and other 'professionals', riddled with stock footage of all kinds, freaky moog music and sound fx, a Dr. Who rip-off end theme, Victor Buono as Homer the Archivist, a philosophical history recorder in a space ship with a HAL 9000 type talking computer named Ino, there's also another space ship with Egyptian looking aliens girls with pasties and see-thru blouses.",
    "genres" : [ {
      "id" : 99,
      "name" : "Documentary"
    } ]
  }, {
    "id" : 284181,
    "title" : "Inzest - Schlimmer gehts nicht",
    "overview" : "",
    "genres" : [ ]
  }, {
    "id" : 284186,
    "title" : "Ostatnie piętro",
    "overview" : "",
    "genres" : [ {
      "id" : 18,
      "name" : "Drama"
    }, {
      "id" : 53,
      "name" : "Thriller"
    } ]
  }, {
    "id" : 284191,
    "title" : "Nympho Cycler",
    "overview" : "A hippy girl who loves her bike has sex with a variety of people.",
    "genres" : [ {
      "id" : 35,
      "name" : "Comedy"
    } ]
  }, {
    "id" : 284196,
    "title" : "Best of the 70ies",
    "overview" : "",
    "genres" : [ ]
  }, {
    "id" : 284201,
    "title" : "Bedwetter",
    "overview" : "A 10-year-old boy confronts the horror of his mother bringing a new man back to their apartment.",
    "genres" : [ {
      "id" : 18,
      "name" : "Drama"
    } ]
  }, {
    "id" : 284206,
    "title" : "Dentro del bosque",
    "overview" : "",
    "genres" : [ ]
  }, {
    "id" : 284211,
    "title" : "Sa Ngalan Ng Ama, Ina, At Mga Anak",
    "overview" : "In 1970s Mindanao, a man and his family take arms to defend the people against those who would oppress them.",
    "genres" : [ {
      "id" : 18,
      "name" : "Drama"
    } ]
  }, {
    "id" : 284216,
    "title" : "Tour of Duty",
    "overview" : "There remains only silence in a US military camp town and the, soon to be demolished, surrounding entertainment district in the northern part of Kyounggi province. In the town, three ex-prostitutes live with pains engraved in their minds and bodies. This film poignantly shows pieces of their memories and their figures wandering through the forgotten site, and reveals the most pathetic truth left behind.",
    "genres" : [ {
      "id" : 99,
      "name" : "Documentary"
    } ]
  } ]
}