{
  "movies" : [ {
    "id" : 113836,
    "title" : "Talibanistan",
    "overview" : "Witness the fight on the ground and in the skies above this territory, known as \"Talibanistan”  For eight years the Taliban and Al-Qaeda have bogged down US and NATO troops in Afghanistan – all the while seizing territory and creating chaos in nuclear-armed Pakistan. In October 2009, under pressure from the US, Pakistan announced that it would launch a military campaign designed to destroy the Taliban. The Taliban responded with a series of brazen attacks against the Pakistani Army, the police, and civilians, leaving the US in doubt over Pakistan's ability to secure its nuclear weapons, and its own ability to fight the agile Taliban in Afghanistan. Witness the fight on the ground and in the skies above this territory, known as \"Talibanistan”, during these explosive days. Who is winning this war and is this Obama's Vietnam or will he be the first to pacify Afghanistan?",
    "genres" : [ {
      "id" : 28,
      "name" : "Action"
    }, {
      "id" : 53,
      "name" : "Thriller"
    } ]
  }, {
    "id" : 113841,
    "title" : "Welcome Stranger",
    "overview" : "Crusty Dr. McRory of Fallbridge, Maine, hires his vacation replacement sight unseen. Alas, he and young singing Doctor Jim Pearson don't hit it off; but once he meets teacher Trudy Mason, Pearson is delighted to stay. The locals, taking their cue from McRory, cold-shoulder Pearson, especially Trudy's stuffy fiancé. But then, guess who needs an emergency appendectomy?",
    "genres" : [ {
      "id" : 35,
      "name" : "Comedy"
    } ]
  }, {
    "id" : 113846,
    "title" : "10CC:Live In Japan",
    "overview" : "10CC footage of their tour of Japan in the 80's",
    "genres" : [ ]
  }, {
    "id" : 113856,
    "title" : "UFO:Showtime",
    "overview" : "UFO in concert.",
    "genres" : [ ]
  }, {
    "id" : 113861,
    "title" : "Arena : Caught in the Act",
    "overview" : "This DVD is the first ever visual release of Arena!!! It includes pieces from \"Contagion\", the most successful Arena release so far! Included on the DVD is the marvelous Arena show recorded in Cracow on 11 April 2003, a photo gallery consisting of pictures from the whole of the European tour as well as pictures from recording the DVD. Tracks include Witch Hunt, And Angel Falls, Painted Man, This Way Madness Lies, Spectre At The Feast, Skin Game, and more.",
    "genres" : [ ]
  }, {
    "id" : 113876,
    "title" : "Ambition Without Honor",
    "overview" : "Seventeen year old Tetsuya kills the boss of a rival gang with the promise of being made. After seven years of prison, he discovers that he is all but forgotten by his Family. The two rival Families have reconciled and Tetsuya was been discarded to keep the peace. Wanted what he was promised, Tetsuya becomes a one-man path of destruction, only to be betrayed once again…",
    "genres" : [ {
      "id" : 28,
      "name" : "Action"
    } ]
  }, {
    "id" : 113891,
    "title" : "Honor and Glory",
    "overview" : "This historical film by Hynek Bočan touches upon the indecisiveness of the Czech nation, ready to bend the backbone in face of foreign rule. Situating the story at the close of the Thirty Year War enabled the depiction of the misery of the people that affects even an impoverished aristocratic milieu. Rudolf Hrušínský appears here in the role of an indecisive knight, persuaded for a long time and in vain to join the anti-Habsburg movement. The story does not only captivate through the depiction of manifold human characters, intrigues and sycophancy, but also through the circumstances ruling over the devastated farmstead, sunk in mud and crudeness. One of the best films with an updating tendency has come into being here, rightly being named along the such greats as Kladivo na čarodějnice (Witches' Hammer).",
    "genres" : [ {
      "id" : 12,
      "name" : "Adventure"
    }, {
      "id" : 36,
      "name" : "History"
    }, {
      "id" : 18,
      "name" : "Drama"
    }, {
      "id" : 10752,
      "name" : "War"
    } ]
  }, {
    "id" : 113916,
    "title" : "The General Died at Dawn",
    "overview" : "In revolution-torn China, American mercenary O'Hara is entrusted with a perilous mission, to get arms for the helpless authorities in a province ravaged by warlord General Yang. On the train to Shanghai, he meets Judy Perrie, whose father is in league with Yang. Will Judy regret agreeing to lure O'Hara to his doom, and if so, can she make it up to him? The balance of power seesaws to a perilous conclusion.",
    "genres" : [ {
      "id" : 53,
      "name" : "Thriller"
    }, {
      "id" : 28,
      "name" : "Action"
    }, {
      "id" : 12,
      "name" : "Adventure"
    }, {
      "id" : 80,
      "name" : "Crime"
    } ]
  }, {
    "id" : 113921,
    "title" : "Dallas",
    "overview" : "Land, a family, a future. They're \"dreams, fried up, short order\" for Blayde Hollister (Gary Cooper). Rightly or wrongly, this ex-Confederate from Georgia has waged his own war to settle past injustices. Now he's a wanted man. And he can feel the law closing in on him.  Posing as a Boston dandy, he comes to the boom town with a gun and a plan: to smoke out the notorious Marlow brothers (including Steve Cochran and Raymond Massey), then give 'em a whiff of gunsmoke. Director Stuart Heisler (Along Came Jones) keeps the pace flowing like the local saloon's liquor. Max Steiner's score gallops like a hell-for-leather posse and screenwriter John Twist fires scene after scene with lines like \"you'll get your pockets picked in a graveyard\". Dallas, here we come!",
    "genres" : [ {
      "id" : 28,
      "name" : "Action"
    }, {
      "id" : 37,
      "name" : "Western"
    } ]
  }, {
    "id" : 113936,
    "title" : "The Roof",
    "overview" : "Under provincial Italian law at the time, once a roof is erected, the occupants cannot be evicted from a building. This comedy follows the efforts of a family to erect the roof on a house overnight so that a newlywed couple can have their own home.",
    "genres" : [ {
      "id" : 18,
      "name" : "Drama"
    } ]
  }, {
    "id" : 113941,
    "title" : "Le démon du passage",
    "overview" : "“Fictional” reconstruction of the chain of mental images that make the visions of the photographer Jean-Luc Moulène appear.",
    "genres" : [ ]
  }, {
    "id" : 113946,
    "title" : "Leaving Gracefully",
    "overview" : "Zhi Hui (Huang Pin Yuan) is a hardworking blue collar worker that has to sweat under the sun everyday in order to support his family. He is happily married to Xiu Mei (Rene Hou) with a daughter (Gao Jing Rong). However, his life changes from good to bad when she is diagnosed with cerebellar atrophy.  Zhi Hui finds it hard to accept the reality of his wife’s illness and decides to take care of her by pushing the wheelchair with his wife and travel around the island. He brings her to listen the sound of the waves and watch the sunset. Together, the family endure the sweetness and the hardship of life.",
    "genres" : [ {
      "id" : 10751,
      "name" : "Family"
    } ]
  }, {
    "id" : 113951,
    "title" : "Fanny by Gaslight",
    "overview" : "Returning to 1870's London after finishing at boarding school, Fanny winesses the death of her father in a fight with Lord Manderstoke. She then finds that her family has for many years been running a bordello next door to their home. When her mother dies shortly after, she next discovers that her real father is in fact a well-respected politician. Meeting him and then falling in love with his young advisor Harry Somerford leads to a life of ups and downs and conflict between the classes. Periodically the scoundrel of a Lord crosses her path, always to tragic effect.",
    "genres" : [ {
      "id" : 18,
      "name" : "Drama"
    }, {
      "id" : 10749,
      "name" : "Romance"
    } ]
  }, {
    "id" : 113961,
    "title" : "30 Seconds to Mars: Live in Malaysia 2011",
    "overview" : "Live performance of 30 Seconds to Mars in Malaysia (2011)",
    "genres" : [ {
      "id" : 10402,
      "name" : "Music"
    } ]
  }, {
    "id" : 113971,
    "title" : "John Mayer: Live in Rock in Rio Lisboa 2010",
    "overview" : "Rock in Rio Lisboa 2010 concert featuring John Mayer",
    "genres" : [ {
      "id" : 10402,
      "name" : "Music"
    } ]
  }, {
    "id" : 113981,
    "title" : "Where Are Their Stories?",
    "overview" : "Vicente (Gabino Rodríguez) is a young farmer in a rural village who scrapes by while taking care of his ill grandmother. Several of Vicente’s uncles intend to their ailing mother’s land without her knowledge. Vicente seeks help from the municipal president who, between shooting hoops on a desolate court, tells him that if he wants justice, he must head to the capital to meet with government officials.  Although he hasn’t seen her since he was a child, Vicente sets off in search of his mother, who works as a maid in maze-like Mexico City. With the help of his mother’s employer, a sophisticated middle-aged woman, he finds the government offices where he presents his case. His situation isn’t easily resolved, especially since he does not have the deed to his grandmother’s plot of land, and Vicente finds the complexities of the legal system to be completely overwhelming.",
    "genres" : [ ]
  }, {
    "id" : 113991,
    "title" : "K7B - Mutation",
    "overview" : "1944 War es ein Gerucht... 1999 Sollte es die Bittere Wahrheit Werden.",
    "genres" : [ {
      "id" : 878,
      "name" : "Science Fiction"
    }, {
      "id" : 27,
      "name" : "Horror"
    }, {
      "id" : 53,
      "name" : "Thriller"
    } ]
  }, {
    "id" : 113996,
    "title" : "Ninja She-Devil",
    "overview" : "A female assassin has a special gift. While receiving a secret mission, that will require her special skill, she embarks on a very dangerous mission that forces her to encounter many dangerous enemies.",
    "genres" : [ {
      "id" : 28,
      "name" : "Action"
    }, {
      "id" : 12,
      "name" : "Adventure"
    } ]
  }, {
    "id" : 114001,
    "title" : "Nobody's Calling",
    "overview" : "In 1960 Kazimierz Kutz' second film NIKT NIE WOLA / NOBODY'S CALLING, based on a Jozef Hen novel that was never published in Poland, described the fate of Poles on the Eastern Front. Kutz used the film to explore new formal solutions, collaborating closely with cinematographer Jerzy Wojcik to reveal the psychological landscape of a pair of lovers who are strongly affected by wartime events. The camera recorded the couple's inner experiences, contrasting their muted intimacy against the surrounding scenery of a ruined town. The film did not win over critics at the time of its release. It was not until later that critics recognized Kutz's effort to experiment with aesthetics in a manner akin to that pursued by filmmakers of the new wave. NOBODY'S CALLING came to be compared with Michelangelo Antonioni's THE ADVENTURE, which was produced around the same time.",
    "genres" : [ {
      "id" : 10752,
      "name" : "War"
    }, {
      "id" : 18,
      "name" : "Drama"
    }, {
      "id" : 10749,
      "name" : "Romance"
    } ]
  }, {
    "id" : 114006,
    "title" : "Oriental Elegy",
    "overview" : "Oriental Elegy (1996). Visually impressionistic, atmospherically dense, and narratively opaque, Oriental Elegy is the surreal journey of a displaced spirit (Aleksandr Sokurov) as he wanders in the interminable darkness through the temporal landscape of a quaint and isolated feudal-era fishing village. Guided by a series of faintly illuminated rooms, the wandering spirit comes upon ancient souls who take on physical forms as they recount their personal stories of daily existence, loss, and tragedy in the peasant community. Intrigued by his initial visit to a curiously distracted elderly woman, the spirit returns to her home in order to ask a fundamental question - \"What is happiness?\" - an existential query that is innocently answered with innate humility and accepted unknowingness.",
    "genres" : [ {
      "id" : 18,
      "name" : "Drama"
    } ]
  }, {
    "id" : 114021,
    "title" : "Mabo",
    "overview" : "Mabo tells the story of one of Australia's national heroes - Eddie Koiki Mabo, the Torres Strait Islander who left school at age 15, yet spearheaded the High Court challenge that overthrew the fiction of terra nullius.",
    "genres" : [ {
      "id" : 18,
      "name" : "Drama"
    }, {
      "id" : 10770,
      "name" : "TV Movie"
    } ]
  }, {
    "id" : 114026,
    "title" : "UFO UK: New Evidence",
    "overview" : "Are aliens really out there? You've heard tales of little green men from other planets, but these are normally consigned to urban legends and sci-fi fables. However, a dossier of files released by the Ministry of Defence last year proves just how seriously some of these close encounters are taken by the government. Discover the truth in UFO UK: New Evidence.  Since August 2010, these previously classified 'UFO files' have been in the public domain - and they reveal some startling goings-on in the skies above Britain. There's Winston Churchill's wartime cover-up, the alleged UFO crash in a remote part of Wales and the East Anglian sighting that left police, coastguard and radar operators scratching their heads. Among the many other reports brought to light are the hushed-up camera recording of a UFO over Scotland and the bizarre experience of a Boeing 737 jet pilot flying above Manchester ...",
    "genres" : [ ]
  }, {
    "id" : 114041,
    "title" : "Salvation!",
    "overview" : "A troubled young woman hooks up with a money-crazed televangelist and becomes a rich, heavy-metal Christian rock star.",
    "genres" : [ {
      "id" : 35,
      "name" : "Comedy"
    } ]
  }, {
    "id" : 114046,
    "title" : "The Three Stooges in Orbit",
    "overview" : "The fate of the planet in the hands of Larry, Moe and Curly Joe? That's exactly the situation the trio finds themselves in when they befriend a wacky scientist and must defend his secret invention from a pair of malevolent Martians. Sight gags, slapstick and plenty of nyuks abound as the Stooges bumble their way through an adventure of intergalactic proportions.",
    "genres" : [ {
      "id" : 35,
      "name" : "Comedy"
    }, {
      "id" : 878,
      "name" : "Science Fiction"
    } ]
  }, {
    "id" : 114051,
    "title" : "Candy Razors",
    "overview" : "Jose Manuel Gomez Perales, \"El Jaro\", lives alone in Madrid, with no other company than his band and his \"girlfriends.\" One day he meets Mercedes, a prostitute of Mexican origin. Mercedes falls for him and offers him her home to take him apart from his life of crime.",
    "genres" : [ {
      "id" : 80,
      "name" : "Crime"
    }, {
      "id" : 18,
      "name" : "Drama"
    } ]
  }, {
    "id" : 114061,
    "title" : "Hawkwind : London Astoria 2007",
    "overview" : "Hawkwind in concert during their 2007 tour.",
    "genres" : [ ]
  }, {
    "id" : 114066,
    "title" : "Ken Hensley & John Wetton in Concert.",
    "overview" : "The former Uriah Heep men join up again for night of playing a lot of their old favourite songs.",
    "genres" : [ ]
  }, {
    "id" : 114076,
    "title" : "E ridendo l'uccise",
    "overview" : "",
    "genres" : [ {
      "id" : 18,
      "name" : "Drama"
    } ]
  }, {
    "id" : 114081,
    "title" : "The Blue Veil",
    "overview" : "Louise Mason is a young widow who fills her empty life with the task of becoming a children's nurse. As the years pass, and the widow tries to find her own place in life, her young charges, the children of various employers, grow and soon find themselves ready to face the world. When it seems that she will be alone, the nurse finds that her 'children' have ideas of their own in regards to helping their beloved mentor.",
    "genres" : [ {
      "id" : 18,
      "name" : "Drama"
    } ]
  }, {
    "id" : 114096,
    "title" : "Bloodbrothers",
    "overview" : "A young man is torn between following in his brothers' footsteps or striking out on his own.",
    "genres" : [ {
      "id" : 18,
      "name" : "Drama"
    } ]
  }, {
    "id" : 114101,
    "title" : "Breakdown",
    "overview" : "In 1989 the idea of a band was planted in the minds of three friends. Three years later, this idea became a reality with the addition of new friends and band members. But when you are a teenager, it's hard to have your creativity taken seriously. With nowhere to play and no scene to be a part of, what do you do?  You build one yourself.",
    "genres" : [ {
      "id" : 99,
      "name" : "Documentary"
    }, {
      "id" : 10402,
      "name" : "Music"
    } ]
  }, {
    "id" : 114106,
    "title" : "The Bonneville Project",
    "overview" : "What it takes to hold a land-speed record.",
    "genres" : [ {
      "id" : 99,
      "name" : "Documentary"
    } ]
  }, {
    "id" : 114111,
    "title" : "Threshold: Critical Energy",
    "overview" : "Threshold are one of the leading lights of the progressive metal scene. Now celebrating twenty years together, Threshold continue to make powerful and innovative rock music both on record and on stage.  1.- Phenomenon\r 2.- Oceanbound\r 3.- Choices\r 4.- Angels\r 5.- Falling Away\r 6.- Virtual Isolation\r 7.- Innocent\r 8.- Long Way Home\r 9.- Fragmentation\r 10.- Clear\r 11.- Lifeflow\r 12.- Narcissus\r 13.- Sunseeker\r 14.- The Latent Gene\r 15.- Light And Space\r 16.- Sunrise On Mars\r 17.- Paradox\r 18.- Sanity's End",
    "genres" : [ {
      "id" : 10402,
      "name" : "Music"
    } ]
  }, {
    "id" : 114116,
    "title" : "Law and Order",
    "overview" : "LAW & ORDER surveys the wide range of work the police are asked to perform: enforcing the law, maintaining order, and providing general social services. The incidents shown illustrate how training, community expectations, socio-economic status of the subject, the threat of violence, and discretion affect police behavior.",
    "genres" : [ {
      "id" : 99,
      "name" : "Documentary"
    } ]
  }, {
    "id" : 114126,
    "title" : "Phantom of the Ritz",
    "overview" : "A man buys an old, abandoned theater and puts on '50s-type rock shows. Then people start being killed in a rash of \"accidents\"...",
    "genres" : [ {
      "id" : 35,
      "name" : "Comedy"
    }, {
      "id" : 27,
      "name" : "Horror"
    } ]
  }, {
    "id" : 114131,
    "title" : "Prometheus Triumphant: A Fugue in the Key of Flesh",
    "overview" : "Europe, the late 19th Century: Janick is a brilliant but ultimately doomed young doctor in a remote town under the black cloud of a great Plague. His radical theories about life and death make him an outcast, driving him from his position at the medical college and from his beloved Esmeralda, into exile. Soon after Janick disappears Esmeralda becomes sick, and without his help, shortly dies. Enter a mysterious masked figure who exhumes her newly deceased body, takes her back to his remote lair and begins performing experiments upon it. Waking to find herself given a new life, Esmeralda slowly begins to re-learn the simple acts of life: eating, walking, dancing... all under the watchful tutelage of her mysterious savior. As awareness slowly creeps back into her psyche, she begins to wonder what his true motivations are.",
    "genres" : [ {
      "id" : 27,
      "name" : "Horror"
    }, {
      "id" : 878,
      "name" : "Science Fiction"
    } ]
  }, {
    "id" : 114136,
    "title" : "20,000 Leagues Under the Sea",
    "overview" : "The film, a parody of the novel Twenty Thousand Leagues Under the Sea by Jules Verne, follows a fisherman, Yves, who dreams of traveling by submarine to the bottom of the ocean, where he encounters both realistic and fanciful sea creatures, including a chorus of naiads played by dancers from the Théâtre du Châtelet. Méliès's design for the film includes cut-out sea animals patterned after Alphonse de Neuville's illustrations for Verne's novel.",
    "genres" : [ ]
  }, {
    "id" : 114146,
    "title" : "The Conquest of the Pole",
    "overview" : "A science fantasy film that deals with an extraordinary race to the north pole by rival parties of balloonists. Based on the novel \"The Adventures of Captain Hatteras\" by Jules Verne.",
    "genres" : [ {
      "id" : 12,
      "name" : "Adventure"
    }, {
      "id" : 35,
      "name" : "Comedy"
    }, {
      "id" : 878,
      "name" : "Science Fiction"
    } ]
  }, {
    "id" : 114151,
    "title" : "Songs for Drella",
    "overview" : "Songs for Drella is a concept album by Lou Reed and John Cale, both formerly of The Velvet Underground, and is dedicated to the memory of Andy Warhol, their mentor, who had died unexpectedly in 1987. Drella was a nickname for Warhol coined by Warhol Superstar Ondine, a contraction of Dracula and Cinderella, used by Warhol's crowd. The song cycle focuses on Warhol's interpersonal relations and experiences, with songs falling roughly into three categories: Warhol's first-person perspective (which makes up the vast majority of the album), third-person narratives chronicling events and affairs, and first-person commentaries on Warhol by Reed and Cale themselves. The songs on the album are, to some extent, in chronological order.",
    "genres" : [ ]
  }, {
    "id" : 114166,
    "title" : "Quo Vadis?",
    "overview" : "Quo Vadis?” (1913) was a landmark in early Italian historical epic films and certainly Herr Enrico Guazzoni’s grand scale masterpiece laid the foundations for what genuine kolossal Italian spectacles should be. It had a great deal of influence on Herr Giovanni Pastrone’s “Cabiria” (1914) and D.W. Griffith’s “Intolerance” (1916).",
    "genres" : [ {
      "id" : 18,
      "name" : "Drama"
    }, {
      "id" : 36,
      "name" : "History"
    } ]
  }, {
    "id" : 114171,
    "title" : "Provincial Actors",
    "overview" : "The film is set in a small town near Warsaw, to which a young and coming director comes to produce a classic play (Wyspianski \"Wyzwolenie\") with a modern vein. Everyone in the production gets his usual stereotypical role, but the aging idol of the ensemble senses opportunity to give the performance of his life. For young director everything is already set. The leading man, however, is not giving up and is trying to restore the role according to his view. His wife listens to his fears, complaints and frustrations, while resigning herself to a fading career in a puppet theatre.",
    "genres" : [ {
      "id" : 35,
      "name" : "Comedy"
    }, {
      "id" : 18,
      "name" : "Drama"
    } ]
  }, {
    "id" : 114176,
    "title" : "Sea of Fear",
    "overview" : "College athlete Lance and his friend Tom meet Tom's girlfriend Kate and her friend Ashley in a marina to travel on a rented boat on a leisure trip. The Captain brings his navigator and first mate Joel and another unexpected passenger, Derek, along on the trip. Soon the boat is stranded and one by one the shipmates are murdered.",
    "genres" : [ {
      "id" : 27,
      "name" : "Horror"
    } ]
  }, {
    "id" : 114186,
    "title" : "Johnny Come Lately",
    "overview" : "Cagney is a human dynamo as a drifter who helps save ailing Grace George from losing her newspaper. The pace is fast, and audiences of all ages will be pleased. The supporting cast, have all the small-town characterizations down pat -- with Margaret Hamilton a standout. Cagney himself, had genuine affection for this film, and listed it among his top five movie-making experiences at a retrospective the year before he died.",
    "genres" : [ ]
  }, {
    "id" : 114191,
    "title" : "Guitar Legends EXPO '92 at Sevilla - The Blues Night",
    "overview" : "Guitar Legends was a concert held over five nights, from October 15 to October 19, 1991, in Seville, Spain, with the aim of positioning the city as an entertainment destination to draw support for Expo '92 beginning the following April.  The event featured 27 top guitarists, including BB King, Brian May, George Benson, Joe Walsh, Keith Richards, Les Paul, Robbie Robertson, Robert Cray, Roger Waters, Albert Collins, Steve Vai and Joe Satriani. The vocalists included Rickie Lee Jones, Bob Dylan and Joe Cocker.  Five 90-minute shows and a one-hour documentary were broadcast. Forty-five countries showed at least one live show. Later, broadcasters in 105 countries broadcast one or more programmes.",
    "genres" : [ ]
  }, {
    "id" : 114196,
    "title" : "Shirome",
    "overview" : "Horror mockumentary about a school haunted by a wish-granting ghost that drags people off into hell if it deems their wish to be impure.",
    "genres" : [ {
      "id" : 27,
      "name" : "Horror"
    } ]
  }, {
    "id" : 114201,
    "title" : "Quest for Love",
    "overview" : "After a scientific experiment goes horribly wrong during a demonstration, a scientist finds himself trapped in an alternate reality that bears some similarities to our own, but also has some striking differences. In this other reality the Second World War had never occurred, mankind had not yet traveled into Space and Mt. Everest had not yet been conquered, just to name a few things. Also in this other reality he is no longer a scientist but rather a well known author. After a personal tragedy in this alternate world, he finds himself back in his own world and desperately trying to locate the woman he fell in love with in the other world. Little does she know, however, that her life depends on him finding her.",
    "genres" : [ {
      "id" : 10749,
      "name" : "Romance"
    }, {
      "id" : 18,
      "name" : "Drama"
    }, {
      "id" : 9648,
      "name" : "Mystery"
    } ]
  }, {
    "id" : 114206,
    "title" : "Silent Sam",
    "overview" : "Tells the tale of Sam Ramirez, a New York cop, dealing with the consequences of a drug bust gone bad.",
    "genres" : [ {
      "id" : 28,
      "name" : "Action"
    }, {
      "id" : 80,
      "name" : "Crime"
    }, {
      "id" : 53,
      "name" : "Thriller"
    } ]
  }, {
    "id" : 114221,
    "title" : "Strange Girls",
    "overview" : "A drug-addicted psychiatrist inherits the case of twin sisters who speak to nobody and do everything in complete synchronization. Will she be able crack their mysterious case or will she die trying? Set in the deteriorating vistas of rust-belt Pittsburgh, Strange Girls is a dark tale of horror, manipulation, violence, and obsession.",
    "genres" : [ {
      "id" : 53,
      "name" : "Thriller"
    } ]
  }, {
    "id" : 114231,
    "title" : "Fast Food",
    "overview" : "From the creators of the critically acclaimed REFLECTION comes a tasty new snowboard film, FAST FOOD. FAST FOOD features some of the most innovative and progressive riding and filming to date.  The menu includes highlights from The Battle Session in Sweden, The Arctic Challenge in Norway, Superpark at Lake Louise, Slopestyle Japan and private sessions held at Grouse Mountain, Sierra at Tahoe, Colorado, Alaska, Mt. Hood, Blackcomb Mountain and WhistlerÃ­s backcountry. Cable cams and helicopters help capture the unique talents of the riders making FAST FOOD a definite stand-out snowboard video.  Our main course offers JF Fortin, Stephan Karlsson, Travis Williams, David Melancon, Kale Stephens, Andy Finch, Ingemar Backman, Donny Ellis, Terje Haakonsen, Matt Beardmore, Jon Coleman, Joey Williams, Nate Murphy and Benji Ritchie. Other morsels include Etienne Gilbert, Hampus Mosesson, Brandon Bybee, Peter Strom, Luke Mitrani, Risto Mattila, Travis Rice, Daniel Migneault, plus more.",
    "genres" : [ {
      "id" : 99,
      "name" : "Documentary"
    } ]
  }, {
    "id" : 114236,
    "title" : "For Eternal Hearts",
    "overview" : "A professor of German literature, Su Young (Jung Jin Young, King and The Clown) is quiet, modest, and unassuming, but behind his averted eyes lies an unforgettable story. At his students' urging, he recalls his surreal first love during the chaotic 1980s. As a college student, Su Young (Jung Kyung Ho) falls in love with spunky wild child Pippi (Kim Min Sun), only to see her commit suicide in front of his eyes. Strangely enough, she mysteriously reappears soon after. Adding to his confusion, Su Young finds himself increasingly drawn to and frightened by Su Ji (Cha Soo Yeon), a quirky high school girl that he is tutoring.",
    "genres" : [ {
      "id" : 18,
      "name" : "Drama"
    } ]
  }, {
    "id" : 114246,
    "title" : "Fantasma",
    "overview" : "A solitary man's only pastime is to go to a movie theatre, the Teatro San Martín, on Corrientes Avenue in Buenos Aires. There he exorcises his ghosts.",
    "genres" : [ {
      "id" : 18,
      "name" : "Drama"
    } ]
  }, {
    "id" : 114251,
    "title" : "Suspect",
    "overview" : "A government team researching cures for plague find their results put on the Official Secrets list. One of their number is so incensed by this that he lets the maimed and jealous companion of a female colleague draw him into what, technically, could be a treasonable act.",
    "genres" : [ {
      "id" : 18,
      "name" : "Drama"
    }, {
      "id" : 53,
      "name" : "Thriller"
    } ]
  }, {
    "id" : 114256,
    "title" : "The Brutal River",
    "overview" : "In the 1960s, there were few places on Earth as quiet and peaceful as Thailand's Chumporn province, where people continue to live life the old country way. This tranquility is shattered the day an unknown dead man's body is found along the banks of the river waterway. Soon after, villagers began to mysteriously disappear for no reason. The local people endeavor to learn the cause of the disappearances and the identity of the unknown stranger. While trying to track the unknown murderer, strange tracks are found, which could have only been made by some sort of huge animal...",
    "genres" : [ {
      "id" : 18,
      "name" : "Drama"
    }, {
      "id" : 27,
      "name" : "Horror"
    }, {
      "id" : 28,
      "name" : "Action"
    }, {
      "id" : 10769,
      "name" : "Foreign"
    } ]
  }, {
    "id" : 114266,
    "title" : "A Chorus of Disapproval",
    "overview" : "Guy Jones (Irons) moves to a small British town and joins the local amateur dramatics society as a way to meet people. However he soon finds the drama offstage far outweighs those onstage.",
    "genres" : [ {
      "id" : 18,
      "name" : "Drama"
    }, {
      "id" : 35,
      "name" : "Comedy"
    }, {
      "id" : 10749,
      "name" : "Romance"
    }, {
      "id" : 10769,
      "name" : "Foreign"
    } ]
  }, {
    "id" : 114281,
    "title" : "Gatorbait II: Cajun Justice",
    "overview" : "A sweet city girl initiated into the rugged ways of the Louisiana swamp by her good-natured Cajun husband \"Big T\". She ends up putting her newly acquired survival skills to good use when she is kidnapped by Big T's chief rival Leroy and his swarthy, brutish family as part of an ongoing feud.",
    "genres" : [ {
      "id" : 28,
      "name" : "Action"
    } ]
  }, {
    "id" : 114286,
    "title" : "Memories of My Melancholy Whores",
    "overview" : "Chronicles the romantic enchantment of a 90 year old reporter with a girl 70 years younger than himself.",
    "genres" : [ {
      "id" : 18,
      "name" : "Drama"
    } ]
  }, {
    "id" : 114291,
    "title" : "Screwed",
    "overview" : "It has been two years since unsuccessful cartoonist Tsube started to live with Kuniko casually in a small apartment.",
    "genres" : [ {
      "id" : 18,
      "name" : "Drama"
    }, {
      "id" : 53,
      "name" : "Thriller"
    }, {
      "id" : 10769,
      "name" : "Foreign"
    } ]
  }, {
    "id" : 114296,
    "title" : "The Youngsters",
    "overview" : "Experiencing the forbidden. Experiencing rejection. Hating your parents. Hating the world around you. Discovering what's hot. Discovering what's cool. Discovering your first true love. Discovering who you are. Growing up can be such a wild time. But not when you've got the best guys to hang out with. Five chaste young men immerse themselves in the superficialities and superfluity of adolescence over the course of their last year in high school. But as they make their gradual transition from boyhood to manhood, they realize it is their formidable bond that stands as the real deal.",
    "genres" : [ {
      "id" : 10749,
      "name" : "Romance"
    }, {
      "id" : 35,
      "name" : "Comedy"
    }, {
      "id" : 18,
      "name" : "Drama"
    } ]
  }, {
    "id" : 114311,
    "title" : "Басни.",
    "overview" : "",
    "genres" : [ ]
  }, {
    "id" : 114326,
    "title" : "Cirano di Bergerac",
    "overview" : "Cyrano de Begerac is joyous, witty, a poet, a leader and filled with plenty of charisma and bravado in 17th Century France. He has only one flaw: an unusually long nose which makes him unattractive to any woman. Thus, he cannot have the woman he loves, his cousin Roxanne. Roxanne loves an officer in his army who gets tongue-tied in front of women. Who will Roxanne love? Will Cyrano ever find love? Or will he find happiness in helping the officer woo Roxanne? This is a story of split personalities, human frailty and unrequited love.",
    "genres" : [ {
      "id" : 10752,
      "name" : "War"
    }, {
      "id" : 18,
      "name" : "Drama"
    } ]
  }, {
    "id" : 114331,
    "title" : "The Morning Show with Mike & Juliet",
    "overview" : "Test",
    "genres" : [ ]
  }, {
    "id" : 114336,
    "title" : "The Garden of Delights",
    "overview" : "The greedy relatives of an amnesic and paralytic 45 years old millionaire try him to recover his memory by any means.",
    "genres" : [ ]
  }, {
    "id" : 114361,
    "title" : "Snow White and the Magic Mirror",
    "overview" : "In this version of the Snow White tale, the evil queen alonside her wise-cracking magic mirror eliminate anyone who is fairer than she.",
    "genres" : [ ]
  }, {
    "id" : 114371,
    "title" : "Fist of the North Star: Legend of Toki",
    "overview" : "An OVA which centers around Toki and his relationship with his brother Raoh, leading up to Toki's imprisonment in Cassandra and eventually his duel with Raoh. The OVA introduces another new character named Sara, a female doctor who watches over Toki and becomes his love interest.",
    "genres" : [ {
      "id" : 16,
      "name" : "Animation"
    }, {
      "id" : 28,
      "name" : "Action"
    } ]
  }, {
    "id" : 114386,
    "title" : "A Legitimate Defense",
    "overview" : "",
    "genres" : [ ]
  }, {
    "id" : 114401,
    "title" : "Meat",
    "overview" : "MEAT traces the process through which cattle and sheep become consumer goods. It depicts the processing and transportation of meat products by a highly automated packing plant, illustrating important points and problems in the area of production, transportation, logistics, equipment design, time-motion study, and labor management.",
    "genres" : [ {
      "id" : 99,
      "name" : "Documentary"
    } ]
  }, {
    "id" : 114411,
    "title" : "A Therapy",
    "overview" : "Short by Roman Polanski shot for Prada.",
    "genres" : [ {
      "id" : 35,
      "name" : "Comedy"
    } ]
  }, {
    "id" : 114426,
    "title" : "Deaf",
    "overview" : "The School for the Deaf at the Alabama Institute is organized around a theory of total communication i.e. the use of signs and finger spelling in conjunction with speech, hearing aids, lip reading, gestures and the written word. The film shows sequences dealing with various aspects of this comprehensive training such as teaching students and parents to sign; speech therapy; psychological counseling; regular academic courses; vocational training; disciplinary problems; parents visits; sports and recreational activity; training in living and working independently; and developing skills in home and money management.",
    "genres" : [ {
      "id" : 99,
      "name" : "Documentary"
    } ]
  }, {
    "id" : 114436,
    "title" : "Anjaam",
    "overview" : "Vijay Agnihotri is a wealthy, spoilt man who lives with his mother in the city of Mumbai. His mother has allowed him everything and more than that he wants. One day on a mishap Vijay manages to reach up with an air-hostess named Shivani Chopra, he immediately falls head over heels in love with Shivani. He tells his mother about his love, and his mother agrees to get him married, on there way to Shivani's house they get a nasty shock for Shivani had get married to Ashok Chopra, an air-line pilot. Vijay is unable to accept this proposal and continues to persuade Shivani to marry him. He even destroys Shivani's family and has her sent to jail. When Shivani is released from jail she plans to take revenge from Vijay and to make him account for all his sins.",
    "genres" : [ {
      "id" : 10749,
      "name" : "Romance"
    }, {
      "id" : 18,
      "name" : "Drama"
    }, {
      "id" : 10769,
      "name" : "Foreign"
    } ]
  }, {
    "id" : 114446,
    "title" : "La caja",
    "overview" : "",
    "genres" : [ {
      "id" : 35,
      "name" : "Comedy"
    }, {
      "id" : 18,
      "name" : "Drama"
    } ]
  }, {
    "id" : 114456,
    "title" : "Teesh and Trude",
    "overview" : "Teesh and Trude is the humorous, yet biting story of two hard and damaged women living on a diet of soapies, frustration and sarcasm. It reveals the dysfunction, denial and desperation of two people trapped by circumstances, apathy and class.",
    "genres" : [ ]
  }, {
    "id" : 114466,
    "title" : "Journey Into Medicine",
    "overview" : "A documentary/recruitment film originally intended for showings outside the United States to promote careers in public health and American methods in public health education. Directed by social documentarian Willard Van Dyke, and delivered entirely in the characteristic voice-over narration of that genre, the film centers around a young doctor, who during the course of his medical residency at the New York Presbyterian Hospital becomes disillusioned with the failures of the medical profession to address larger social and environmental health factors and discovers the field of public health. The young doctor moves to Baltimore to study at the Johns Hopkins School of Hygiene and Public Health and finds his professional calling fighting a diphtheria outbreak in the poverty-stricken streets and row-houses of East Baltimore.",
    "genres" : [ ]
  }, {
    "id" : 114471,
    "title" : "The Secret Land",
    "overview" : "This documentary, filmed entirely by military photographers, recounts the U.S. Navy's 1946-47 expedition to Antarctica, known as Operation High Jump. The expedition was under the overall command of Admiral Richard E. Byrd, no stranger to the Antarctic. This was a large undertaking involving 13 ships and over 4000 thousand men. The fleet departed from Norfolk, Virginia traveling through the Panama canal and then southward to their final destination. The trip through the ice pack was fraught with danger and forced the submarine that was part of the fleet to withdraw. The trip was a success meeting all of its scientific goals.",
    "genres" : [ {
      "id" : 99,
      "name" : "Documentary"
    } ]
  }, {
    "id" : 114476,
    "title" : "Dr. Hugo",
    "overview" : "Dr. Hugo (Vondie Curtis-Hall) makes house calls, and makes all the young ladies swoon as they see him passing by. If he's not careful, he could find himself in big trouble.",
    "genres" : [ ]
  }, {
    "id" : 114496,
    "title" : "Nanking Nanking",
    "overview" : "Break Up Club director Barbara Wong and writer-producer Lawrence Cheng are back to break your heart with The Allure of Tears. Featuring Richie Jen, Gigi Leung, Aarif Lee (Echoes of the Rainbow), idol-drama queen Joe Chen, and Under the Hawthorn Tree new stars Shawn Dou and Zhou Dongyu, the poignantly romantic melodrama consists of a trilogy of standalone tales about life, dreams, and the often futile pursuit of happiness. Though they vary in tone and theme, the subtly connected storylines wield enough emotional power to drive home the message - cherish your loved ones before it's too late.",
    "genres" : [ {
      "id" : 99,
      "name" : "Documentary"
    } ]
  }, {
    "id" : 114506,
    "title" : "The Horse with the Flying Tail",
    "overview" : "A palimino cow pony, through a series of owners and adventures becomes a champion mount for one of the US equestrian team.",
    "genres" : [ {
      "id" : 99,
      "name" : "Documentary"
    } ]
  }, {
    "id" : 114511,
    "title" : "Journey into Self",
    "overview" : "The film portrays a 16-hour group-therapy session of eight well-adjusted people who have never met before, led by psychologists Richard Farson and Carl Rogers. The \"patients\" include a cashier, a theology student, a teacher, a principal, three businessmen and a housewife.",
    "genres" : [ ]
  }, {
    "id" : 114516,
    "title" : "Genocide",
    "overview" : "The mass murder of Jewish people by the Nazi regime is chronicled, with a warning that anti-Semitism is on the rise and the events of the Holocaust could happen again. The history of European Jewish culture and events before and during the Holocaust are seen in newsreels, photographs, and animated segments. The words of the victims of the era are read, and footage from the liberation os a concentration camp is shown.",
    "genres" : [ {
      "id" : 99,
      "name" : "Documentary"
    } ]
  }, {
    "id" : 114521,
    "title" : "Artie Shaw: Time Is All You've Got",
    "overview" : "This in-depth examination of the life and career of clarinetist and bandleader Artie Shaw cuts between archival footage, location shots, and an interview with Shaw himself. Berman illustrates the tumultuous, complicated, and remarkable legacy of a man who brought numerous innovations to jazz and swing music during the big-band era.",
    "genres" : [ ]
  }, {
    "id" : 114526,
    "title" : "I Am a Promise: The Children of Stanton Elementary School",
    "overview" : "An unflinching verité portrait of the children of Stanton Elementary School in North Philadelphia, an inner-city neighborhood where 90% of the students live below the poverty line. Seen through the viewpoint of devoted principal Deanna Burney, the film shows Stanton as grossly underfunded, understaffed, and filled with children struggling to overcome their difficulties. But for these at-risk kids, however, the hope for their future survives only in the success of their education. A captivating series of vignettes concerning children growing up outside the American dream, echoing current “hot-button” issues in our country’s ongoing political discussion.",
    "genres" : [ {
      "id" : 99,
      "name" : "Documentary"
    } ]
  }, {
    "id" : 114551,
    "title" : "Hop Dedik Deli Dumrul",
    "overview" : "",
    "genres" : [ ]
  }, {
    "id" : 114556,
    "title" : "Frauds",
    "overview" : "The film is a story of the ways in which insurance investigator Roland Copping interferes in and manipulates the lives of others with outrageous games and gimmicks. Eventually he becomes involved in an escalating vendetta with a couple who make an unusual insurance claim.",
    "genres" : [ {
      "id" : 35,
      "name" : "Comedy"
    }, {
      "id" : 80,
      "name" : "Crime"
    } ]
  }, {
    "id" : 114566,
    "title" : "Cartas a Elena",
    "overview" : "In the beautiful hills of the Copper Canyon in Chihuahua, Mexico, a young boy (Emilio) is adopted by the mailman (Teo). As part of their daily tasks, they not only deliver the mail but read letters to the villagers, as well as take dictation, since most are illiterate. Young Emilio quickly learns to read and write but feels saddened by the mostly difficult stories sent by relatives, that moved north to Denver, Colorado in pursuit of a better future. One day Teo becomes disabled and Emilio takes over the mail route and with great imagination, he changes the letters to happy and optimistic stories. Within days, the village is transformed. The elders, once hopeless, lonely and sad, are now happy and enthusiastic, enjoying the \"supposed\" success their loved ones write from the United States. But the enjoyment is short lived, as they realize that all the wonderful stories are the same...",
    "genres" : [ {
      "id" : 18,
      "name" : "Drama"
    }, {
      "id" : 10769,
      "name" : "Foreign"
    } ]
  }, {
    "id" : 114571,
    "title" : "Virtual Trip Tahiti",
    "overview" : "",
    "genres" : [ ]
  }, {
    "id" : 114576,
    "title" : "Esta Noche Entierro a Pancho",
    "overview" : "",
    "genres" : [ {
      "id" : 35,
      "name" : "Comedy"
    } ]
  }, {
    "id" : 114581,
    "title" : "The World Natural Heritage Asia I & Asia II",
    "overview" : "",
    "genres" : [ ]
  }, {
    "id" : 114586,
    "title" : "The World Natural Heritage Europe",
    "overview" : "",
    "genres" : [ {
      "id" : 99,
      "name" : "Documentary"
    } ]
  }, {
    "id" : 114591,
    "title" : "Cheesecake Casserole",
    "overview" : "Four best friends get together for one last weekend before college graduation to finally confront the secrets that hold the key to the rest of their lives.",
    "genres" : [ {
      "id" : 35,
      "name" : "Comedy"
    }, {
      "id" : 18,
      "name" : "Drama"
    } ]
  }, {
    "id" : 114596,
    "title" : "5 Incher, Almost a Skateboard Video",
    "overview" : "Almost Skateboards was started in 2003 by Rodney Mullen and Daewon Song after both had ceased participating in their previous companies, Enjoi and Artafact, respectively. Almost Skateboards manufactures skateboard decks using 7-ply, 8-ply and carbon fiber constructions.",
    "genres" : [ ]
  }, {
    "id" : 114606,
    "title" : "Cockneys vs Zombies",
    "overview" : "A gang of bank robbers team up with the residents of an old people's home to try to survive a zombie outbreak.",
    "genres" : [ {
      "id" : 35,
      "name" : "Comedy"
    }, {
      "id" : 27,
      "name" : "Horror"
    } ]
  }, {
    "id" : 114611,
    "title" : "Silk Hope",
    "overview" : "Frannie Vaughn (Fawcett) comes back home after being away a long time, only to find that her mother has died. She also finds out that her sister, Natalie (Crow) and her husband, Jake (Bryce), are planning to sell the acres once owned by Frannie and Natalie's family. To buy the land back from her sister, Frannie gets a job and falls in love with a fellow worker, Rubin (Johnson). In the end, Frannie's dreams come true and Natalie comes to her senses and moves in to the old family house with Frannie and Rubin.",
    "genres" : [ {
      "id" : 18,
      "name" : "Drama"
    }, {
      "id" : 10749,
      "name" : "Romance"
    } ]
  }, {
    "id" : 114626,
    "title" : "El compadre Mendoza",
    "overview" : "During Mexican Revolution, Rosalio Mendoza (Del Diestro) survives by making and winning favors from both factions, the governmental forces and Zapata's Army. His hacienda welcomes everybody, and Mendoza is considered a good friend of his guests. Eventually, the situation becomes unsustainable and he has to take sides. Betrayal and deception overcome and Mendoza's dark side surfaces",
    "genres" : [ {
      "id" : 10752,
      "name" : "War"
    }, {
      "id" : 18,
      "name" : "Drama"
    } ]
  }, {
    "id" : 114631,
    "title" : "Wishbone Ash at Rockpalast",
    "overview" : "Wishbone Ash Mk 2 Live in concert.",
    "genres" : [ ]
  }, {
    "id" : 114646,
    "title" : "The Small Timers",
    "overview" : "",
    "genres" : [ ]
  }, {
    "id" : 114651,
    "title" : "K3 In Concert: Live In Ahoy",
    "overview" : "Concert registration of K3 2012",
    "genres" : [ {
      "id" : 10402,
      "name" : "Music"
    }, {
      "id" : 10751,
      "name" : "Family"
    } ]
  }, {
    "id" : 114661,
    "title" : "Rules of Dating",
    "overview" : "Lee Yoo-rim is a high school English teacher. He's cute, clever... and shameless. Choi Hong is a student teacher, even though she is one year older than Yu-rim. She's cynical and always plays hard-to-get when a man shows interest in her. While going out for drinks one night, Yu-rim suddenly tells Hong that he wants to have sex with her. Hong is hardly impressed. And so begins a battle of will and wits, both between each other and within themselves, as both Yu-rim and Hong are unsure of what each other wants and what they want themselves. Dating and desire mix explosively. What is the point of this strange relationship? What is the object of their desire?",
    "genres" : [ ]
  }, {
    "id" : 114671,
    "title" : "The Muppets Go Hollywood",
    "overview" : "In this one-hour special, Kermit the Frog throws a glamorous party at the Cocoanut Grove nightclub to celebrate the premiere of the Muppets' first feature film, The Muppet Movie. Hosts Dick van Dyke and Rita Moreno interview the wide array of celebrities and Muppets who attend the event. Gary Owens serves as off-camera announcer, and appears on-screen to introduce Miss Piggy.",
    "genres" : [ {
      "id" : 35,
      "name" : "Comedy"
    }, {
      "id" : 10751,
      "name" : "Family"
    } ]
  }, {
    "id" : 114676,
    "title" : "Champions League Final : FC Bayern München vs Chelsea FC",
    "overview" : "Chelsea FC  The winner UEFA Champions League 2012",
    "genres" : [ {
      "id" : 99,
      "name" : "Documentary"
    } ]
  }, {
    "id" : 114681,
    "title" : "The Cult - New York City",
    "overview" : "Live at the Fillmore, Irving Plaza New York on November 13, 2006.",
    "genres" : [ {
      "id" : 10402,
      "name" : "Music"
    } ]
  }, {
    "id" : 114691,
    "title" : "The Murder of Mary Phagan",
    "overview" : "The Murder of Mary Phagan, a 1987 two-part TV miniseries made by Orion Pictures Corporation and distributed by National Broadcasting Company (NBC), is a dramatization of the story of Leo Frank, a factory manager charged and convicted with murdering a 13-year-old girl, a factory worker named Mary Phagan, in Atlanta, Georgia in 1913. The trial was sensational and controversial. After Frank's legal appeals had failed, the governor of Georgia in 1915 commuted his death sentence to life imprisonment. In 1915 Frank was kidnapped from prison and lynched by a small group of prominent men of Marietta, Georgia. The film features Jack Lemmon, Kevin Spacey, Rebecca Miller, Charles Dutton, Peter Gallagher, Cynthia Nixon, Dylan Baker, and William H. Macy.",
    "genres" : [ {
      "id" : 80,
      "name" : "Crime"
    }, {
      "id" : 18,
      "name" : "Drama"
    }, {
      "id" : 36,
      "name" : "History"
    } ]
  } ]
}