{
  "movies" : [ {
    "id" : 276556,
    "title" : "Retro Stag Party: All Color Spectacular 2: Busty Stars Of The 60's",
    "overview" : "Welcome to the 3rd edition of RETRO STAG PARTY: Busty Stars Of The 60's. This is our new All Color Spectacular edition. More of the biggest bosomed babes in the history of glamour, and this time they're all in living color! These were the kind of stag loops that brought the living color to any adult party in the 60's.",
    "genres" : [ ]
  }, {
    "id" : 276561,
    "title" : "Atomic Kitten: So Far So Good",
    "overview" : "This fun documentary chronicles the humble beginnings and chart-topping successes of British pop supergroup Atomic Kitten. On the verge of being dropped by their record company, the girls made a major comeback with their hit single \"Whole Again.\" In addition to interviews and behind-the-scenes footage, this program features videos for \"Whole Again,\" \"Right Now,\" \"See Ya,\" \"I Want Your Love,\" \"Follow Me,\" \"Eternal Flame\" and \"You Are.\"",
    "genres" : [ ]
  }, {
    "id" : 276566,
    "title" : "Before Hollywood There Was Fort Lee, N. J.",
    "overview" : "Amazing, but true: Fort Lee, New Jersey (just across the George Washington Bridge from Manhattan), was once the epicenter of American film production. This documentary of a truly bygone era combines photographs culled from private collections, as well as restored footage from such films as Thomas A. Edison's Rescued from an Eagle's Nest and D.W. Griffith's The New York Hat, filmed at the studios in Fort Lee.",
    "genres" : [ ]
  }, {
    "id" : 276571,
    "title" : "Retro Stag Party: All Color Spectacular 3: Busty Stars Of The 60's",
    "overview" : "Welcome to the 3rd edition of RETRO STAG PARTY: Busty Stars Of The 60's. This is our new All Color Spectacular edition. More of the biggest bosomed babes in the history of glamour, and this time they're all in living color! These were the kind of stag loops that brought the living color to any adult party in the 60's.",
    "genres" : [ ]
  }, {
    "id" : 276576,
    "title" : "Toka Toka: Forbidden Fiji",
    "overview" : "Rarely is permission given to surf the forbidden breaks of the Fiji island chain, so when a select group of top international surfers gets the opportunity, it becomes a trip of legendary proportions. Discovering the surf treasures of hidden islands, these pros go at it knowing it's a once-in-a-lifetime experience. The adventure features Ian Wash, Andy Irons, Alex Gray, Bruce Irons, Keala Kennelly, Mick Fanning, Jamie O'Brien, Ben Dunn and more.",
    "genres" : [ ]
  }, {
    "id" : 276581,
    "title" : "USA's Dumbest Crooks",
    "overview" : "Committing a crime and bungling the job out of sheer stupidity does have its positive side: Brainless criminals and their half-baked schemes give the precious gift of laughter to a world in need of a good giggle. This program reveals a variety of dim-witted criminals and features testimonials from law officers, real footage and reenactments of some of the stupidest criminals in the United States trying to perpetrate ill-planned crimes.",
    "genres" : [ ]
  }, {
    "id" : 276586,
    "title" : "Afghan Hound",
    "overview" : "A soldier, paralyzed with PTSD, encounters the now-grown child of parents he killed. (Or perhaps not.) What follows? Martyrdom. Torture. Torment. Revenge. Castigation. Catharsis. Guilt. Atonement. And maybe, ultimately, redemption.",
    "genres" : [ ]
  }, {
    "id" : 276591,
    "title" : "KLK an PTX – Die Rote Kapelle",
    "overview" : "East German film about the history of Red Orchestra, a real life German pro-Soviet spy ring created after the rise of Hitler that turned into a resistance movement led by a leftist Nazi officer, Harro Schulze-Boysen, and Arvid Harnack.",
    "genres" : [ {
      "id" : 18,
      "name" : "Drama"
    }, {
      "id" : 36,
      "name" : "History"
    } ]
  }, {
    "id" : 276601,
    "title" : "The Secret Sex Life of a Single Mom",
    "overview" : "A divorced woman finds sexual liberation through online dating.",
    "genres" : [ ]
  }, {
    "id" : 276606,
    "title" : "Cut",
    "overview" : "A peculiar homage to the things that go wrong, this film is purportedly about rugby. The self-explanatory title for this jumpy “documentary” is less concerned with the filmed subject (the game, the field, the players) than a comic editing style and the complete acknowledgement given to the technical aspect of gathering and manipulating raw footage.",
    "genres" : [ {
      "id" : 99,
      "name" : "Documentary"
    } ]
  }, {
    "id" : 276611,
    "title" : "Mit meinen heißen Tränen",
    "overview" : "",
    "genres" : [ {
      "id" : 36,
      "name" : "History"
    } ]
  }, {
    "id" : 276616,
    "title" : "Squeeze",
    "overview" : "Mika Rottenberg’s Squeeze continues the artist’s inquiry into the mechanisms by which value is generated, considering the logistics of global outsourcing and the alchemy of art production. Through movie-magic portals, Rottenberg links video of her Harlem studio stage set to on-location footage of an iceberg lettuce farm in Arizona and a rubber plant in Kerala, India. This composite factory toils ceaselessly to create a single precious object, one small sculpture.",
    "genres" : [ ]
  }, {
    "id" : 276621,
    "title" : "The Girl Who Talked to Dolphins",
    "overview" : "This is the story of the most extraordinary and audacious experiment in the history of animal science. It was carried out by visionary 1960s neuroscientist John Lilly, who had a remarkable ambition; to communicate with dolphins by teaching them to speak English. The experiment was seized upon by NASA, who were embarking on the first serious search for extra-terrestrial intelligence beyond the Earth. When they detected a signal from ET, they would need to understand how to communicate with a species other than humans. Here, without leaving the planet, was the opportunity to practice such inter-species communication. But what started with ‘60s idealism would spiral into the darkness of the decade, and end in tragedy, with rumours and scandal about drug abuse and a sexual relationship between Peter and Margaret. Fifty years on, this film tells the real story of just what happened at the Dolphin House.",
    "genres" : [ {
      "id" : 99,
      "name" : "Documentary"
    } ]
  }, {
    "id" : 276626,
    "title" : "Jerry Goldsmith 80th Birthday Tribute Concert",
    "overview" : "Fimucité 3\r Closing Night Gala 2009  Conducted by Mark Snow and Diego Navarro\r Featuring the Tenerife Film Orchestra and Choir",
    "genres" : [ {
      "id" : 10402,
      "name" : "Music"
    } ]
  }, {
    "id" : 276636,
    "title" : "Boy Slaves",
    "overview" : "Social drama of Depression-era homeless children who turn to crime and are sentenced by a judge to a rehabilitation \"labor camp\".",
    "genres" : [ {
      "id" : 18,
      "name" : "Drama"
    } ]
  }, {
    "id" : 276641,
    "title" : "Real Time",
    "overview" : "A band of robbers steal money from a winery. The passion for a woman, makes them begin to covet another part of the booty that they deserve. First  film shot in a single take in the history of cinema. Certified by Guinness World Records",
    "genres" : [ ]
  }, {
    "id" : 276646,
    "title" : "Larry and Steve",
    "overview" : "A dog is adopted by a moron, and is taken to the store to go shopping.",
    "genres" : [ {
      "id" : 16,
      "name" : "Animation"
    }, {
      "id" : 35,
      "name" : "Comedy"
    } ]
  }, {
    "id" : 276651,
    "title" : "Solo Trans",
    "overview" : "Solo Trans is a concert film by Neil Young, released in 1984. It was recorded at the Hara Arena in Dayton, Ohio on September 18, 1983 during Young's Solo Trans tour. Originally released on only LaserDisc, the film has since gone out of print.",
    "genres" : [ {
      "id" : 99,
      "name" : "Documentary"
    }, {
      "id" : 10402,
      "name" : "Music"
    } ]
  }, {
    "id" : 276656,
    "title" : "Der fliegende Holländer",
    "overview" : "A surrealistic adaptation of Wagner's opera.",
    "genres" : [ {
      "id" : 10402,
      "name" : "Music"
    } ]
  }, {
    "id" : 276661,
    "title" : "Bug Wars",
    "overview" : "Two women are cryogenically frozen, but wake up a century later to find Earth in shambles, with its dwindling population in the middle of an intergalactic war.",
    "genres" : [ {
      "id" : 53,
      "name" : "Thriller"
    }, {
      "id" : 28,
      "name" : "Action"
    }, {
      "id" : 878,
      "name" : "Science Fiction"
    } ]
  }, {
    "id" : 276666,
    "title" : "Dream of the Wild Horses",
    "overview" : "The horses in Denys Colomb Daunant’s dream poem are the white beasts of the marshlands of the Camargue in South West France. Daunant was haunted by these creatures. His obsession was first visualized when he wrote the autobiographical script for Albert Lamorisse’s award-winning 1953 film White Mane. In this short the beauty of the horses is captured with a variety of film techniques and by Jacques Lasry’s beautiful electronic score.",
    "genres" : [ ]
  }, {
    "id" : 276676,
    "title" : "Dandanko",
    "overview" : "A short scene of a mother and her little son playing ball games on a set of steps together.",
    "genres" : [ {
      "id" : 18,
      "name" : "Drama"
    } ]
  }, {
    "id" : 276681,
    "title" : "Ispoved neznakomtsu",
    "overview" : "In Russia, in 1907, a rich lenient husband of a loose unfaithful woman is brutally murdered. She and her two lovers are suspects, but what about the stranger she met just before the murder? With no friends left, she and the stranger bond.",
    "genres" : [ {
      "id" : 36,
      "name" : "History"
    }, {
      "id" : 18,
      "name" : "Drama"
    } ]
  }, {
    "id" : 276686,
    "title" : "Caravaggio and My Mother the Pope",
    "overview" : "Caravaggio's tortured life, his murder and the journey of his soul.",
    "genres" : [ {
      "id" : 18,
      "name" : "Drama"
    }, {
      "id" : 35,
      "name" : "Comedy"
    } ]
  }, {
    "id" : 276691,
    "title" : "Scary Tales",
    "overview" : "An independent, shot on video horror anthology featuring three stories that aim to shock and terrify: Satan's Necklace, Sliced in Coldblood, and Level 21.",
    "genres" : [ {
      "id" : 27,
      "name" : "Horror"
    } ]
  }, {
    "id" : 276696,
    "title" : "Screwed Up",
    "overview" : "Franczesko, Fikoł and Szyja known each other for years, they work together and spend their free time together. When they lose their job in a local factory, decide to spend a crazy weekend in the capital. But the real adventure has yet to begin, when - during a forced stop in charming surroundings Transriver - three guys is mistakenly taken for German investors.",
    "genres" : [ {
      "id" : 35,
      "name" : "Comedy"
    } ]
  }, {
    "id" : 276701,
    "title" : "He Nanny",
    "overview" : "A very entertaining and funny comedy from the Nollywood award winning and master of comedy Nkem Owoh. Can Osuofia be a good Baby sitter?. find out in this movie",
    "genres" : [ ]
  }, {
    "id" : 276706,
    "title" : "Das Fräulein von Scuderi",
    "overview" : "",
    "genres" : [ {
      "id" : 18,
      "name" : "Drama"
    } ]
  }, {
    "id" : 276711,
    "title" : "Lone Wolf",
    "overview" : "A boy finds a large wolf-like dog in the mountain and they befriend. The local peasants think that it may be a real wolf responsible for the sheep pestilence. They decide to kill the animal, but the boy is worried about it and he secretly provides the dog with the food.",
    "genres" : [ {
      "id" : 10751,
      "name" : "Family"
    }, {
      "id" : 18,
      "name" : "Drama"
    } ]
  }, {
    "id" : 276726,
    "title" : "Ta matókladá sou lámpoun",
    "overview" : "A Costas Ferris' short featuring two of the best greek songs. Back in 1961 this film was expelled from Thessaloniki Film Festival because of the lyrics of these songs. They belonged to the rembetiko genre that used to over-emphasize the pleasure of using drugs. The worst thing was that Acropolis was shown in a plan and that lead the government to completely ban the film as anti-touristic!",
    "genres" : [ ]
  }, {
    "id" : 276731,
    "title" : "Προ Παντός... Ψυχραιμία",
    "overview" : "Two lazy friends (Mimis Fotopoulos and Ntinos Iliopoulos) find a job as ice-cream vendors to pay their back rent. When they start giving ice-cream to poor children for free, their boss, incensed, chases them off, and they take refuge in a nightclub, where they disguise themselves as female dancers. One misunderstanding follows another, until the impresario seeks them out, offering them a job as a comedy routine.",
    "genres" : [ ]
  }, {
    "id" : 276741,
    "title" : "Ware für Katalonien",
    "overview" : "At the end of the 1950s, the production of optics in the German Democratic Republic has reached top quality and instigates interest in the West. When national demand rises strongly and at the same time the export to South America heavily decreases, the Volkspolizei - the GDR police force - starts to look into the case. Two seemingly unrelated cases are the starting point for the investigation by second lieutenant Schellenberg of the department for optics racketeering: An old woman who was arrested in the Berlin city railway for trying to smuggle a pair of binoculars to West Berlin, and a dead person in an area of allotments who was involved in obscure dealings with optical devices.",
    "genres" : [ {
      "id" : 80,
      "name" : "Crime"
    } ]
  }, {
    "id" : 276746,
    "title" : "The Enchanted",
    "overview" : "Royce returns home to an American outback to look after a house that was once his late fathers. At first, welcomed back by a long family friend Booker T, Royce later falls in love with a mysterious woman from a strange family and Booker T warns Royce to be careful of how close he gets.",
    "genres" : [ {
      "id" : 9648,
      "name" : "Mystery"
    }, {
      "id" : 14,
      "name" : "Fantasy"
    }, {
      "id" : 27,
      "name" : "Horror"
    } ]
  }, {
    "id" : 276751,
    "title" : "UFC 174: Johnson vs. Bagautinov",
    "overview" : "UFC 174: Johnson vs. Bagautinov was a mixed martial arts event held by the Ultimate Fighting Championship on June 14, 2014 at the Rogers Arena in Vancouver, British Columbia, Canada.",
    "genres" : [ ]
  }, {
    "id" : 276756,
    "title" : "Sigi, der Straßenfeger",
    "overview" : "A comedy directed by Wolf Gremm.",
    "genres" : [ {
      "id" : 35,
      "name" : "Comedy"
    } ]
  }, {
    "id" : 276761,
    "title" : "Последният ерген",
    "overview" : "",
    "genres" : [ {
      "id" : 35,
      "name" : "Comedy"
    } ]
  }, {
    "id" : 276766,
    "title" : "A Dog in a Drawer",
    "overview" : "A-5-year-old boy of divorced parents is sitting all day long at home, watching TV. His mother is full-timer, and the father visits him just occasionally. The only dream of the boy is to have a puppy. So, he and three friends of his decide to buy a pup. No sooner said than done. The kids are ready to do everything for their pet, but the heartlessness and lack of understanding of the part of their relatives and neighbors bereaves them of such of joy. The puppy is destined for a village, and the kid is once again all alone at home, watching TV.",
    "genres" : [ {
      "id" : 18,
      "name" : "Drama"
    }, {
      "id" : 10751,
      "name" : "Family"
    } ]
  }, {
    "id" : 276771,
    "title" : "Bonne Chance, Inspector!",
    "overview" : "The local community of a provincial town is shaken by a bank robbery. A funny inspector is sent to investigate the case.",
    "genres" : [ {
      "id" : 35,
      "name" : "Comedy"
    }, {
      "id" : 80,
      "name" : "Crime"
    } ]
  }, {
    "id" : 276786,
    "title" : "Rate it X",
    "overview" : "Rate It X is a bitingly funny and disarming journey through the landscape of American sexism. Men only are interviewed by the two filmmakers in a witty montage of free-wheeling encounters. Pornographers, corporate executives, a funeral parlor director and Santa Claus are among those who reveal more than they intended. A surprisingly candid view of men's feelings towards women 15 years after the birth of the women's movement.",
    "genres" : [ ]
  }, {
    "id" : 276791,
    "title" : "Figlio delle stelle",
    "overview" : "",
    "genres" : [ {
      "id" : 10402,
      "name" : "Music"
    }, {
      "id" : 35,
      "name" : "Comedy"
    } ]
  }, {
    "id" : 276796,
    "title" : "The children of the swallow",
    "overview" : "A journalist (Alekos Alexandrakis), working together with a young director (Peris Michailidis), tries to gather information about a family that was separated due to political turmoil. They locate some of its members, who tell their dramatic stories that began with the Civil War. The two men’s search is interrupted when a key person refuses to speak",
    "genres" : [ ]
  }, {
    "id" : 276801,
    "title" : "Forever Crazy",
    "overview" : "",
    "genres" : [ {
      "id" : 10402,
      "name" : "Music"
    } ]
  }, {
    "id" : 276811,
    "title" : "You Speak of Prague: The Second Trial of Arthur London",
    "overview" : "It is at the same time document the process of realization of L'Aveu / Confession (Costa Gavras, 1970), adapted from the memoirs of Czech communist Arthur London, and demonstration of solidarity with key partners Gavras film - Yves Montand Simone Signoret and London itself -. Arthur London was arrested in 1951 in a Stalinist purge, imprisoned and tortured for two years and forced to confess in the Slansky process judged 14 people in one of the last Stalinist show trials in Eastern Europe. The film explores some of the reasons for the controversy aroused by the film of Costa Gavras, accused of anti-communist pamphlet also highlighted the political importance of putting film by its nature a fiction intended for the general public.",
    "genres" : [ {
      "id" : 99,
      "name" : "Documentary"
    } ]
  }, {
    "id" : 276816,
    "title" : "Galija - Concert at Sava Center, Belgrade 2011",
    "overview" : "Group Galija celebrated the 35th aniversary on 22 and 23 October 2011 at the Great Hall of Sava Center.",
    "genres" : [ {
      "id" : 99,
      "name" : "Documentary"
    }, {
      "id" : 10402,
      "name" : "Music"
    } ]
  }, {
    "id" : 276821,
    "title" : "Louise Bourgeois",
    "overview" : "A documentary about Louise Bourgeois by director Camille Guichard. Bourgeois created art for more than fifty years and at the time of filming was still creating.",
    "genres" : [ ]
  }, {
    "id" : 276831,
    "title" : "Tricicle 20 Aniversario",
    "overview" : "",
    "genres" : [ {
      "id" : 35,
      "name" : "Comedy"
    } ]
  }, {
    "id" : 276836,
    "title" : "Refused",
    "overview" : "Frieda Liappa in this short film casts an alternative gaze on the notion of historicity. Loukia is a teenager currently staying at her cousin’s house in Athens. Unlike her cousin she is timid and quite stressed for the school exam. She studies history. Between the lines of her book the historical events sprung up in a multidimensional way. Liappa transverses the dimensions of the real the imaginary and the symbolic. She invites the viewer to consider the construction of the filmic as well as the historical text. She succeeds in making a film with an open end and to leave room for our own contingent constructions.",
    "genres" : [ ]
  }, {
    "id" : 276841,
    "title" : "Artifacts of Idealism",
    "overview" : "A wealthy retiree's pursuit of aesthetic perfection leads him to hire a private investigator's earnest young intern to follow an amateur model after he discovers her face in local copy of a Rossetti painting. The man and boy quickly bond and, with the help of a would-be pickup artist, quietly interject themselves into the life of the girl as she enters university, in a Montreal awash with student protests.",
    "genres" : [ ]
  }, {
    "id" : 276846,
    "title" : "Badal",
    "overview" : "Badal is a victim of the 1984 riots, brought up by a terrorist. Badal aims to kill the treacherous police officer who had killed his parents and his loving sister. He takes shelter in the house of an honest police officer and falls in love with a minister's granddaughter. Will he be able to accomplish his revenge?",
    "genres" : [ {
      "id" : 28,
      "name" : "Action"
    } ]
  }, {
    "id" : 276856,
    "title" : "Griha Pravesh",
    "overview" : "A successful office worker who is happily married has a brief affair with a sultry co-worker in this romantic melodrama. His wife eventually wins him back from his forbidden lover.",
    "genres" : [ {
      "id" : 18,
      "name" : "Drama"
    } ]
  }, {
    "id" : 276861,
    "title" : "Rock n roll mum",
    "overview" : "",
    "genres" : [ ]
  }, {
    "id" : 276866,
    "title" : "Why Am I in a Box?",
    "overview" : "Ellen Farnsby is a modern-day Scheherazade. And if she doesn't tell the story of a lifetime, someone else will be writing her obituary. She is kidnapped by Paige, a failed novelist with an ax to grind. Jeremy is a video store clerk whose one talent is fooling himself, and others, that he's an artist. He and a pop junkie of a detective named Lydecker are hunting for Ellen. Will Jeremy and Lydecker find Ellen before a vicious maniac edits her out of existence? Will Ellen write a brilliant novel or end up a tragic movie-of-the-week?",
    "genres" : [ ]
  }, {
    "id" : 276871,
    "title" : "Forever's Gonna Start Tonight",
    "overview" : "Sonya, a 17-year-old Russian immigrant, lives in a claustrophobic Brooklyn apartment with her dad and his ever-growing menagerie of cats. When the Landlady threatens to kick them out, Sonya is forced to make an unimaginable decision to protect her aging father and herself.",
    "genres" : [ {
      "id" : 18,
      "name" : "Drama"
    } ]
  }, {
    "id" : 276876,
    "title" : "My Sexuality: A Sensory Experience",
    "overview" : "Five ordinary women from different backgrounds, sexual preferences and past experiences experimenting with five deliciously different self esteem boosting activities. We will follow the journey through a pleasure party, strip tease course, pole dancing course, corset fitting, makeover and a photo shoot, as they each work to re-discover their sexuality.",
    "genres" : [ {
      "id" : 99,
      "name" : "Documentary"
    } ]
  }, {
    "id" : 276881,
    "title" : "Alien Nine",
    "overview" : "Otani Yuri, much to her disgust, has been elected by her class for alien fighting duty. Together with Tonime Kasumi, who joined the alien fighter simply for the sake of doing so, and Kawamura Kumi, who became and alien fighter to avoid the responsibility of yet another year of class presidency, she must defend her school from periodic alien attacks. Introspection, fear, anxiety and friendship await Yuri as she is forced to stare life itself in the mouth in her chaotic coming of age.",
    "genres" : [ ]
  }, {
    "id" : 276896,
    "title" : "Booty Shorts",
    "overview" : "Starring Krissy Lynn! The only thing better than watching a sweet, round butt in a pair of teeny little booty shorts is taking them off! And in this tribute to fashion's latest underwear trend, you'll get to do lots of both! Now you don't need to pretend you're not staring - you can get your fill of all the hottest angles of these curve-revealing shorty-shorts - then get your fill of the gorgeous gals who can't wait to peel them off!",
    "genres" : [ ]
  }, {
    "id" : 276901,
    "title" : "Mall",
    "overview" : "Malcom's done with his life. Only the noise of Crystal Meth gives him a reason to keep going - everything else it has long regardless. Equipped with a bag full of weapons and self-made bombs, he makes his way to the nearby mall to really stir things up. On his personal war campaign, he not only changes his life radically, but also the fate of other people who are in the wrong place at the same time: a teenager whose favorite pastime is smoking pot in his dreary existence, a housewife, where their best days have been left behind, a greedy businessman whose only desire is to increase his wealth and a depressed pervert.",
    "genres" : [ {
      "id" : 18,
      "name" : "Drama"
    } ]
  }, {
    "id" : 276906,
    "title" : "Apartment Troubles",
    "overview" : "Two codependent roommates, on the verge of eviction, flee New York for the promise of sunshine in Los Angeles where their friendship is tested by a chance at fame, a fortune teller and an amorous wealthy aunt.",
    "genres" : [ {
      "id" : 18,
      "name" : "Drama"
    }, {
      "id" : 35,
      "name" : "Comedy"
    } ]
  }, {
    "id" : 276911,
    "title" : "Addiction Is Murder",
    "overview" : "After a string of half-hearted attempts to quit, a man consumed by his own ugly addiction attends an addicts anonymous meeting in this violent, comic short.",
    "genres" : [ ]
  }, {
    "id" : 276916,
    "title" : "Revenge Is Her Middle Name",
    "overview" : "Kat, a drug addicted prostitute, has hit rock bottom. In a desperate attempt to turn her life around, she plans a heist, hoping to nab enough money to leave her street life behind. When things spiral out of control, she is faced with a sadistic drug dealing pimp named Mutton Chop, who is hellbent on vengeance and orders a brutal attack. Now all she wants is Revenge... And it is her turn to collect!",
    "genres" : [ ]
  }, {
    "id" : 276921,
    "title" : "Wrong Side of the Bus",
    "overview" : "A psychiatry professor living in Australia returns to South Africa with his son for a class reunion at his old medical school. While there, he confronts his guilt over his past tolerance of the former apartheid system.",
    "genres" : [ ]
  }, {
    "id" : 276926,
    "title" : "Vamps: Deadly Dreamgirls",
    "overview" : "Tasha runs a strip club which contains a few vampire strippers. She is well aware of the bloodsucker problem as she is one herself. Heather is an all-American girl who applies for a job to pay her way through school. She is hired but it doesn't take long for Tasha to decide that they should suck Heather into their clan. Only a faltering priest named Seamus can save Heather from the horrible prospect of eternal life.",
    "genres" : [ {
      "id" : 27,
      "name" : "Horror"
    } ]
  }, {
    "id" : 276936,
    "title" : "Belinda Carlisle: Runaway Live",
    "overview" : "1980s pop icon Belinda Carlisle shows she's still got the beat as she presents some of her greatest songs in this concert video filmed during a performance in 1990. Selected from both her successful solo career as well as her stint as a vocalist from the Go-Gos, this collection of songs includes \"Runaway Horses,\" \"Our Lips Are Sealed,\" \"Heaven Is a Place on Earth,\" \"We Got the Beat,\" \"Mad About You,\" \"I Get Weak,\" \"Valentine\" and more.",
    "genres" : [ ]
  }, {
    "id" : 276941,
    "title" : "Cezanne in Provence",
    "overview" : "Explore the life and art of post-impressionist painter Paul Cézanne in this PBS documentary shot on location in Provence, France, and at Washington, D.C.'s National Gallery of Art. Art critics and historians examine the influence of the French landscape on Cézanne's work. Visit some of the sites depicted in his works, such as Montagne Sainte-Victoire and Atelier des Lauves, and marvel at his masterful use of light, color and perspective.  Narrated by Jacqueline Bisset.",
    "genres" : [ ]
  }, {
    "id" : 276946,
    "title" : "Fairytales and Pornography",
    "overview" : "A young woman, being accused of stealing from her employer, falls in love with her lawyer while spending Christmas holidays with him and his family.",
    "genres" : [ {
      "id" : 18,
      "name" : "Drama"
    } ]
  }, {
    "id" : 276951,
    "title" : "Kaskade rückwärts",
    "overview" : "",
    "genres" : [ {
      "id" : 10749,
      "name" : "Romance"
    } ]
  }, {
    "id" : 276956,
    "title" : "The 50 Best Horror Movies You've Never Seen",
    "overview" : "Fifty lesser-known horror flicks hailed by critics and genre fans as \"absolute must-sees\" are given the spotlight with fun, engaging commentary from journalists, directors, actors and critics in a countdown like no other. Stalkers, monsters, slashers, evil dolls, terrorized babysitters, holiday maniacs, mannequins, eerie motels, even giant rats... they're ALL featured in \"The 50 Best Horror Movies You've Never Seen!\"",
    "genres" : [ {
      "id" : 27,
      "name" : "Horror"
    }, {
      "id" : 99,
      "name" : "Documentary"
    } ]
  }, {
    "id" : 276961,
    "title" : "Ronnie Hawkins: Still Alive and Kickin",
    "overview" : "Narrated by Dan Aykroyd, this documentary tribute celebrates rock 'n' roll pioneer Ronnie Hawkins. Packed with performance footage and celebrity interviews, the program focuses on a year in Hawkins's life during which he was diagnosed with terminal pancreatic cancer, then experienced an amazing recovery. Song clips include \"Forty Days,\" \"Blues Stroller,\" \"Bittersweet,\" \"Need Your Lovin' (Oh So Bad),\" \"Blue-Eyed Baby\" and more.",
    "genres" : [ ]
  }, {
    "id" : 276966,
    "title" : "Discover the Summer Olympics With Cecile & Pepo",
    "overview" : "Children &amp; Family, Education &amp; Guidance - The Olympics are one of the world's biggest events, but young children may be unfamiliar with many of the sports involved. This program combines original animation and real Olympic footage to teach kids the basics of the most popular Olympic sports.",
    "genres" : [ ]
  }, {
    "id" : 276971,
    "title" : "Golden Books: Sunday School Songs",
    "overview" : "Children &amp; Family, Kids' Music, Kids' Inspirational, Faith &amp; Spirituality, Inspirational Sing-Alongs - Young viewers with a hankering to master soulful tunes, or parents who want to teach their kids a melody or two, can tap into their musical side with this collection from Golden Books. Includes \"When the Saints Go Marching In,\" \"He's Got the Whole World in His Hands,\" \"I've Got Peace Like a River,\" \"Jesus Loves the Little Children,\" \"Whisper a Prayer,\" \"Alive, Alive,\" \"This is My Commandment\" and \"Oh, How I Love Jesus.\"",
    "genres" : [ ]
  }, {
    "id" : 276976,
    "title" : "Carlo Goldoni: Venezia, Gran Teatro del Mondo",
    "overview" : "In the mid 1700's, young Venetian playwright Carlo Goldoni risked his career and rejected the conventions of traditional theatre and ushered in the era of modern drama we still enjoy today.",
    "genres" : [ ]
  }, {
    "id" : 276981,
    "title" : "Leonardo's Dream Machines",
    "overview" : "Documentary - Renaissance artist Leonardo da Vinci may be best known for his paintings, but engineers consider him just as much a genius for the machines he designed that were years ahead of their time. This film narrated by Richard Denton documents the attempts of modern experts to build some of da Vinci's designs, including a massive crossbow with arms 70 feet across and a glider that he imagined more than four centuries before humans first took flight. -  Ralph Arliss, Richard Denton, Claire Farago",
    "genres" : [ ]
  }, {
    "id" : 276986,
    "title" : "Opeth: [2014] Live at Rock am Ring",
    "overview" : "The Devil's Orchard  Heir Apparent  Hope Leaves  Deliverance  Blackwater Park",
    "genres" : [ ]
  }, {
    "id" : 276991,
    "title" : "Coco und das Weihnachtsgeschenk",
    "overview" : "",
    "genres" : [ ]
  }, {
    "id" : 276996,
    "title" : "Red Shoe Diaries 9: Hotline",
    "overview" : "David Womark - Master of erotica Zalman King brings you the long-running Showtime series \"Red Shoe Diaries,\" a collection of erotic writings that come to life and sizzle on the screen -- and are guaranteed to make the heart skip a beat or two. This disc contains the episodes \"Hotline,\" \"Gino\" and \"Love at First Sight.\" -  Anthony Addabbo, Don Bloomfield, Stéphane Bonnet",
    "genres" : [ ]
  }, {
    "id" : 277001,
    "title" : "Sawyer Brown: The Hits Live",
    "overview" : "Music &amp; Musicals, New Country, Classic Country &amp; Western, Country &amp; Western/Folk - Sawyer Brown makes country-influenced music with an anthemic quality that translates perfectly to the live show. The Hits Live capitalizes on Sawyer Brown's live excellence, compiling concert footage of the band's biggest hits, including \"Some Girls Do,\" \"The Boys and Me,\" and \"Drive Me Wild.\"",
    "genres" : [ ]
  }, {
    "id" : 277006,
    "title" : "Shooting Star(s): The Rise of Hip Hop Photographer Johnny Nunez",
    "overview" : "Documentary - In this revealing biographical portrait, filmmakers Axel Ebermann and Daniel Frei document the rags-to-riches story of photographer Johnny Nunez, charting his rise from a humble boy in Brooklyn to an in-demand presence on the hip-hop scene. No stranger to high-profile subjects, Nunez made a name for himself photographing wealthy A-list celebrities, but his glamorous lifestyle today belies the poverty and racism he had to overcome in his youth. -  Fabulous, Taraji P. Henson, Kim Kardashian",
    "genres" : [ ]
  }, {
    "id" : 277011,
    "title" : "Andy Andrews: Not Normal: The Power to Be Different",
    "overview" : "Motivational speaker and self-help author Andy Andrews effectively blends standup comedy with inspirational storytelling in this live performance that includes musings on the Civil War, Little League baseball, parental advice, and much more.",
    "genres" : [ ]
  }, {
    "id" : 277016,
    "title" : "Tamarabhai Fulltoo Fatak",
    "overview" : "Foreign, Foreign Musicals, India, Foreign Dramas, Bollywood, Gujarati Language - Rajiv and Meghna have a happy life with their children, Dhruv and Ritika. But as small grievances pile up over the years, Rajiv and Meghna gradually become adversaries. Now, their kids team up with a neighbor to stave off their impending divorce. When Meghna takes off, leaving Rajiv responsible for watching over Dhruv and Ritika, the family is turned upside down. But the new situation teaches everyone some important lessons in this family drama.",
    "genres" : [ ]
  }, {
    "id" : 277021,
    "title" : "Christa Ludwig: The Birthday Edition",
    "overview" : "Internationally recognized German mezzo-soprano Christa Ludwig performs songs by Franz Schubert, Hugo Wolf, Gustav Mahler, Richard Strauss, and Leonard Bernstein. Accompanied by Charles Spencer on the piano, Ludwig gives a deeply moving performance. Having performed all over the world for over five decades, Ludwig made a name for herself by performing both opera and Lieder, European romantic music songs",
    "genres" : [ ]
  }, {
    "id" : 277026,
    "title" : "I Want to Get Married",
    "overview" : "Fish store owner May is thirty and single, so when Chris, a millionaire, appears, May's family is only too eager to send her off. May is crushed when she finds out Chris's only reason for loving her was her resemblance to his ex-girlfriend Linda.",
    "genres" : [ {
      "id" : 10749,
      "name" : "Romance"
    }, {
      "id" : 18,
      "name" : "Drama"
    } ]
  }, {
    "id" : 277031,
    "title" : "Getting Married in Buffalo Jump",
    "overview" : "Years have passed since Sophie (Wendy Crewson) left the ranch her family calls home to pursue her dream of becoming a singer. The death of her father means that Sophie, now 30, must return to the home she left behind so long ago. Once there, she's persuaded by her mother to leave her own aspirations behind and help with the ranch -- a choice that's helped along by the presence of Alex (Paul Gross), an attractive ranch hand.",
    "genres" : [ ]
  }, {
    "id" : 277036,
    "title" : "Harlem Roots: Vol. 1: The Big Bands",
    "overview" : "Originally produced for special jukebox machines called Panorams, \"soundies\" were short musical programs made in the 1940s. This collection features performance footage showcasing four of the greatest big band leaders of all time. Highlights include Duke Ellington's \"I Got It Bad and That Ain't Good,\" Cab Calloway's \"Minnie the Moocher,\" Count Basie's \"Take Me Back Baby\" and Lucky Millinder's \"Hello Bill.\"",
    "genres" : [ ]
  }, {
    "id" : 277041,
    "title" : "The Life of Juanita Castro",
    "overview" : "A playwright taunts a number of actors into improvising a truly ridiculous but subtlely meaningful meditation on Fidel Castro and his family.",
    "genres" : [ {
      "id" : 35,
      "name" : "Comedy"
    } ]
  }, {
    "id" : 277046,
    "title" : "Maintenance",
    "overview" : "Stephanie, a young hospital worker, just relocated and met a new friend, the maintenance man at her apartment complex. But just how much can you trust someone you just met, especially when he has access to freely wander the halls of your building, and keys to enter your apartment at any time?",
    "genres" : [ ]
  }, {
    "id" : 277051,
    "title" : "Modern Jazz Quartet: Django",
    "overview" : "One of the most revered and versatile quartets that jazz has ever produced, the MJQ could easily be regarded as a supergroup, considering the skill and talent of each member, from leader Milt Jackson to John Lewis, Percy Heath and Kenny Clarke. This rare taped performance features Jackson and company playing selections from their biggest-selling album, a musical tribute to the memory of legendary guitarist Django Reinhardt.",
    "genres" : [ ]
  }, {
    "id" : 277056,
    "title" : "March with the Devil",
    "overview" : "MARCH WITH THE DEVIL is the true story of Dominiquie Vandenberg who became a martial arts champion at a very early age until a tragic accident took everything he loved and drove him into the French Foreign Legion Special Forces.  Vandenberg signed on for a five-year stint and saw engagement in Africa and Bosnia.  But his inner torment from his Legion days fueled his desire to become an advisor/soldier-for-hire.",
    "genres" : [ ]
  }, {
    "id" : 277061,
    "title" : "Married in America 2",
    "overview" : "From award-winning director Michael Apted, MARRIED IN AMERICA 2 is the second film in an ongoing documentary about the challenges of marriage in the 21st century.",
    "genres" : [ {
      "id" : 99,
      "name" : "Documentary"
    } ]
  }, {
    "id" : 277066,
    "title" : "Love Hotel - Full Service",
    "overview" : "",
    "genres" : [ {
      "id" : 35,
      "name" : "Comedy"
    } ]
  }, {
    "id" : 277071,
    "title" : "Holiday in St. Tropez",
    "overview" : "A hotel needs to be fixed up by its guests.",
    "genres" : [ {
      "id" : 35,
      "name" : "Comedy"
    }, {
      "id" : 10402,
      "name" : "Music"
    } ]
  }, {
    "id" : 277076,
    "title" : "Orlando",
    "overview" : "The great soldier Orlando is lovesick and shows little intention of resuming his former glorious and heroic deeds. When Orlando enters, he is a man clearly torn between his love of fame and his love for Angelica. \"Orlando teaches all of us that love is often responsible for our loss of reason,\" runs a line from Act 3 of the opera. It is a modest moral, and perhaps one not demanding of the dramatic finesse and musical diversity that Handel serves up in Orlando - for the opera's complex of problems is rather more complicated than that. Beneath the fabric of this masterfully woven constellation of characters and values is a score of such independence and vivacity as to give Orlando a special position among Handel's works - indeed among opera literature in general.",
    "genres" : [ ]
  }, {
    "id" : 277081,
    "title" : "Quemando suerte",
    "overview" : "",
    "genres" : [ {
      "id" : 28,
      "name" : "Action"
    } ]
  }, {
    "id" : 277086,
    "title" : "Europa canta",
    "overview" : "Little Europe, a town in the American West, is chosen as the site for a European Music Festival to be internationally broadcast via television. The peace of the village is put in jeopardy when it comes to electing judges because the dormant antagonisms of the descendants of Italian, Spanish, French and Germans will be awakened, but the good sheriff easily resolves the dispute. Then the problem becomes more acute when the lawyer Betty, a comely young lady, who is late in coming to the event because she was seized by the henchmen of an industry bully who wants to influence the victory of one of his favorite songs.",
    "genres" : [ {
      "id" : 35,
      "name" : "Comedy"
    }, {
      "id" : 37,
      "name" : "Western"
    }, {
      "id" : 10402,
      "name" : "Music"
    } ]
  }, {
    "id" : 277091,
    "title" : "The Heart of Bruno Wizard",
    "overview" : "Bruno Wizard is a London punk musician who became an underground legend for his original performances and 'mystery man' status in the mid 70's. He performed at the Roxy club alongside The Jam, Generation X and The Wire, and was part of the `Blitz kids' scene, squatting with the Warren Street mafia.",
    "genres" : [ ]
  }, {
    "id" : 277096,
    "title" : "Turn-on, Tune-in, Lookout!",
    "overview" : "Lookout! Records presents this compilation of videos from their extensive pop-punk catalog that will have fans nostalgic for the old days. Gleefully raw and low-budget, the videos present the in-your-face attitude the genre once had. Clips include the The Queers (\"Punk Rock Girls\"), MTX (\"Ba-Ba-Ba-Ba-Ba\"), three videos by The Donnas before they hit it big, and more by Hi-Fives, Pattern, The Mr. T Experience, Pansy Division and others.",
    "genres" : [ ]
  }, {
    "id" : 277101,
    "title" : "Where Is Mama's Boy",
    "overview" : "William Hung, who shot to fame with an off-key audition on \"American Idol,\" makes his film debut in this martial arts musical comedy. Auntie Foon (Nancy Sit), a music hall owner in Imperial China, searches for her long-lost son, as well as husbands for her 12 daughters. Enter kindly singer Ma (Hung), who could be Foon's son. The fun family film also features a priceless Chinese version of Hung singing his signature, Ricky Martin's \"She Bangs.\"",
    "genres" : [ ]
  }, {
    "id" : 277106,
    "title" : "Street Journeys",
    "overview" : "In the heart of Nairobi, where abandoned children wander the streets with no relief from the grim realities of poverty, hope for the future is dim, until renowned Kenyan actress Anne Wanjugu restores the children's spirit through the healing power of theater. This inspiring doc chronicles their triumphant journey from the makeshift stage of a small church to the bright lights of Broadway.",
    "genres" : [ ]
  }, {
    "id" : 277111,
    "title" : "The Cubicle",
    "overview" : "When an eccentric boss arrives from Peru with a newfound spirituality, he decides to \"let go\" of one of his employees. He organizes a race though the office between the asthmatic mail carrier and a rival - and the winner gets to keep his job.",
    "genres" : [ ]
  }, {
    "id" : 277116,
    "title" : "David Beckham: Life of an Icon",
    "overview" : "Documentary, Sports Documentaries, Biographical Documentaries, Soccer - One of the most recognizable athletes on the globe and a permanent fixture in the world of pop culture, David Beckham is a bona fide phenomenon who transcended the world of professional sports to become a household name. This in-depth portrait of the international star features candid interviews, career highlights and commentary from peers and pundits to chronicle the ascension of this one-of-a-kind celebrity.",
    "genres" : [ ]
  }, {
    "id" : 277121,
    "title" : "Discover the World of Animals: Sea",
    "overview" : "Children &amp; Family, Education &amp; Guidance, Ages 2-4, Ages 5-7 - Animated characters Pepo the boisterous buckaroo and Cecile the colorful cow share a keen sense of adventure and fun in this entry in the popular children's series. Explore the high seas and learn about the huge variety of creatures that live there. Stunning footage of sea turtles, whales, dolphins, sharks, sea horses and many other animals will entrance your children and encourage exploration of the natural beauty surrounding them.",
    "genres" : [ ]
  } ]
}