{
  "movies" : [ {
    "id" : 179966,
    "title" : "Fishing Naked",
    "overview" : "Fishing Naked is a comedy. It is a film about four young adults being bad in the woods. They pull Bigfoot hoaxes, scare tourists, disrespect their elders, hook up and smoke dope. That is until they realize there is an alien creature they have inadvertently put in harms way with all the attention they have been attracting to their rural mountain community. As their relationships fray, they hatch a half-baked plot to pull the biggest hoax yet to right their wrongs by deliberately getting caught in the act.",
    "genres" : [ {
      "id" : 35,
      "name" : "Comedy"
    } ]
  }, {
    "id" : 179976,
    "title" : "The Gordji Affair",
    "overview" : "Wahid Gordji is an Iranian diplomat suspected of the attack at 'rue de Rennes'. Yet, he is ultimately absolved when French hostages in Lebanon are released. Political scandal in France: there is suspicion that the government had intervened in the case and to have exchanged the liberation of the hostages with that of Gordj. Discredited, the judge commits suicide. Mitterand and Chirac keep lobbing the responsibility of the case to each other.",
    "genres" : [ {
      "id" : 18,
      "name" : "Drama"
    } ]
  }, {
    "id" : 179991,
    "title" : "Le 4ème morceau de la femme coupée en 3",
    "overview" : "",
    "genres" : [ {
      "id" : 18,
      "name" : "Drama"
    } ]
  }, {
    "id" : 179996,
    "title" : "World's Most Shocking Moments: Caught on Tape 2",
    "overview" : "A reality show format that focuses on showing recordings of unusual behavior.",
    "genres" : [ ]
  }, {
    "id" : 180001,
    "title" : "Slowly Over The Stones",
    "overview" : "A detective agency gives a complex smuggling case to the seemingly absent-minded PI Boetie Flenters - never thinking he will solve it. Monica Terblanche (alias Hester Smith) is blackmailed to smuggle diamonds by Da Silva (aka Hennie Gous) and his accomplice. In return, she will receive the negative of an incriminating photo of her father.  The investigation takes Boetie to the village of Geenfontein. When he bungles things he is fired and takes jobs as a bus conductor, hospital porter, lifeguard, lounge singer and plumber. Then he meets Hester, who explains her predicament, and they decide to work together.",
    "genres" : [ {
      "id" : 35,
      "name" : "Comedy"
    } ]
  }, {
    "id" : 180011,
    "title" : "Isabella, Duchess of the Devils",
    "overview" : "An Alsacian Baron massacres the family of a French Duke, and takes his lands and his title. Isabella, the Duke's baby child, escapes the massacre, is raised by gypsies, and comes back twenty years later to exact revenge.",
    "genres" : [ {
      "id" : 12,
      "name" : "Adventure"
    } ]
  }, {
    "id" : 180016,
    "title" : "First Person Plural",
    "overview" : "In 1966, Deann Borshay Liem was adopted by an American family and sent from Korea to her new home in California. There the memory of her birth family was nearly obliterated, until recurring dreams led her to investigate her own past, and she discovered that her Korean mother was very much alive. Bravely uniting her biological and adoptive families, Borshay Liem embarks on a heartfelt journey in this acclaimed film that first premiered on POV in 2000. First Person Plural is a poignant essay on family, loss and the reconciling of two identities.",
    "genres" : [ ]
  }, {
    "id" : 180021,
    "title" : "Groupies",
    "overview" : "This documentary on rock 'n' roll groupies, including the infamous Plaster Casters, features performances (musical) by such bands as Ten Years After, Terry Reid, Spooky Tooth, and Cat Mother.",
    "genres" : [ ]
  }, {
    "id" : 180031,
    "title" : "Bling Bling",
    "overview" : "A student film project, written, produced, and directed by Mark Clayborne with the assistance of the New York Digital Training Center. The story revolves around a corrupt record label, run by a man named Dice. Dice mismanages his artists, and then kills them when they try to break from their contracts. He goes one step too far when he has young rapper Little G killed, attracting the attention of the police and the vengeful wrath of Little G's brother.",
    "genres" : [ ]
  }, {
    "id" : 180041,
    "title" : "10 Years Later",
    "overview" : "10 Years Later is a dark comedy about six childhood best friends returning home for their ten year high school reunion. When one of them kidnaps an enemy from their past and inadvertently gets the others involved, each must decide whether to turn in a best friend or become accomplices in a dark plot that none of them are sure they can pull off.",
    "genres" : [ ]
  }, {
    "id" : 180046,
    "title" : "Waves",
    "overview" : "A beautiful Western woman asks a Gypsy to watch her four-year-old child while she is taught how to swim by a flirtatious married man, before she disappears into the sea.",
    "genres" : [ ]
  }, {
    "id" : 180056,
    "title" : "Lupo Goes to New York",
    "overview" : "Lupo is leaving Israel moving to New York and misses his family.",
    "genres" : [ {
      "id" : 10751,
      "name" : "Family"
    }, {
      "id" : 35,
      "name" : "Comedy"
    }, {
      "id" : 18,
      "name" : "Drama"
    } ]
  }, {
    "id" : 180071,
    "title" : "Gladiator Of Pompeii",
    "overview" : "Epic drama of Pompeii at the city’s height of glory, up to the eruption of Vesuvius in AD 79, this film is one of titanic proportions, recounting on the grandest scale, its untimely destruction which killed 20,000 people in a matter of hours.Pompeii was a world where men and women had slaves, where gladiators fought to the death to provide entertainment to the bloodthirsty crowds. Helpless against a succession of apocalyptic events (a great earthquake,tidal waves, thunder and lightning), the inferno continued for three days and then all was silent.",
    "genres" : [ ]
  }, {
    "id" : 180081,
    "title" : "A Place by the Sea",
    "overview" : "A former prostitute and her reformed convict boyfriend try to make a new start in life. They begin to refurbish a derelict building close to the sea, but people from their past come back to haunt them.",
    "genres" : [ {
      "id" : 18,
      "name" : "Drama"
    } ]
  }, {
    "id" : 180086,
    "title" : "Present Company",
    "overview" : "Leading very separate lives, Christy and her boyfriend Buddy live together in her parent's basement with their baby Mikey. As Christy, a waitress and aspiring writer, and Buddy, a plumber's apprentice, struggle with the realities of their lives, questions are formed about obligations, consequences, and all the identities we employ to get through the day.",
    "genres" : [ ]
  }, {
    "id" : 180091,
    "title" : "Mickey's Service Station",
    "overview" : "Mickey, Goofy &amp; Donald have 10 minutes to fix Pete's car. Or else!",
    "genres" : [ {
      "id" : 16,
      "name" : "Animation"
    } ]
  }, {
    "id" : 180131,
    "title" : "Kabale und Liebe",
    "overview" : "",
    "genres" : [ ]
  }, {
    "id" : 180141,
    "title" : "A Day in the Life of a Coal Miner",
    "overview" : "The work done by men and women at the coal face and the pit head.",
    "genres" : [ {
      "id" : 99,
      "name" : "Documentary"
    } ]
  }, {
    "id" : 180156,
    "title" : "Pretextos",
    "overview" : "Marriage of Vienna, theater director, and Daniel, a geriatric physician, is in crisis. Both cling to their professional activity to fill the void in their lives agonizing. Their worlds seem antagonistic, their needs, different. Account of the worst loneliness: loneliness in the company, and on promises unfulfilled desires can not be met, but it becomes a good excuse to continue living despite everything.",
    "genres" : [ ]
  }, {
    "id" : 180181,
    "title" : "A Step in the Tangocean",
    "overview" : "A documentary short about two contemporary choreographers exploring tango in Buenos Aires.",
    "genres" : [ ]
  }, {
    "id" : 180206,
    "title" : "Abram’s Hand",
    "overview" : "Seven friends fight to escape a violent death and struggle with the knowledge that their death's might be punishment from the hand of God.",
    "genres" : [ ]
  }, {
    "id" : 180211,
    "title" : "In My Father's House are Many Mansions",
    "overview" : "In the Church of the Holy Sepulchre, in the heart of Jerusalem, six different Christian denominations, Greek Orthodox, Armenian, Syrian, Roman Catholic, Ethiopian and Coptic Christians-have divided the sacred site and simply can not agree on which of the claims on the tomb of Jesus is the most legitimate. So they fight. Sometimes through a difficult time cleaning, sometimes even by force. An intuitive and entertaining approach to the fact that faith is a very human thing.",
    "genres" : [ ]
  }, {
    "id" : 180216,
    "title" : "Trapped",
    "overview" : "Hotel guests become trapped by a raging fire.",
    "genres" : [ {
      "id" : 53,
      "name" : "Thriller"
    }, {
      "id" : 18,
      "name" : "Drama"
    } ]
  }, {
    "id" : 180241,
    "title" : "Hard Knocks : The Chris Benoit Story",
    "overview" : "Also known as \"The Canadian Crippler\", Chris Benoit is a superstar in amongst the hallowed ranks of WWE. Rising from humble beginnings in the Stampede Wrestling game, Benoit has won over a huge legion of followers with his awesome displays of raw power. This release offers some highlights from his impressive career in the ring.",
    "genres" : [ {
      "id" : 28,
      "name" : "Action"
    }, {
      "id" : 18,
      "name" : "Drama"
    } ]
  }, {
    "id" : 180256,
    "title" : "Kiezkick & Punkrock",
    "overview" : "",
    "genres" : [ ]
  }, {
    "id" : 180261,
    "title" : "The Master Plan",
    "overview" : "A suburban community and a state of mind, The Master Plan is a feature film that explores Christian youth culture in America.  Critic Greg Wright called our film, “Visionary… one of the most visually arresting Indie films you will ever see. An honest, balanced, and compassionate look at the struggles of Evangelical teens that achieves much more than you’d expect.”",
    "genres" : [ ]
  }, {
    "id" : 180271,
    "title" : "Dhund",
    "overview" : "Dhund is the story of a young woman Rani Ranjit Singh (Zeenat Aman), whose invalid husband Thakur Ranjit Singh (Danny Denzongpa) is murdered. The finger of suspicion points at the young widow and her lover Suresh Saxena (Sanjay Khan), but the killer is someone else.",
    "genres" : [ {
      "id" : 10769,
      "name" : "Foreign"
    }, {
      "id" : 10749,
      "name" : "Romance"
    }, {
      "id" : 9648,
      "name" : "Mystery"
    } ]
  }, {
    "id" : 180276,
    "title" : "Chupacabra vs. the Alamo",
    "overview" : "San Antonio, Texas. The bodies of various drug cartel members are turning up mangled and drained of blood. Tough DEA agent Carlos Seguin discovers that the grisly murders are being committed by a pack of chupacabras, which are lethal predatory creatures of local legend. Carlos, his feisty new partner Tracy Taylor, wayward estranged son Tommy, and several others make a desperate last stand against the bloodthirsty beasts at the famous fort The Alamo.",
    "genres" : [ {
      "id" : 10770,
      "name" : "TV Movie"
    }, {
      "id" : 28,
      "name" : "Action"
    }, {
      "id" : 14,
      "name" : "Fantasy"
    }, {
      "id" : 27,
      "name" : "Horror"
    } ]
  }, {
    "id" : 180286,
    "title" : "Walk Like a Dragon",
    "overview" : "California, 1870s. The cowboy Lincoln 'Linc' Bartlett finds out there's a slave auction of Chinese women in San Francisco and he intervenes and purchases the Chinese Kim Sung from the auction with the intent of setting her free. But it doesn't occur to Linc that setting her free isn't enough. Where is she going to go? Kim doesn't speak English and she's just going to be exploited by somebody else. Linc takes Kim home to serve as a housekeeper. Ma Bartlett Linc's mother, is not happy that a Chinese girl is living in her home, and even less happy when Kim and her son fall in love. Their affair also arouses the jealousy of Cheng Lu, a Chinese immigrant.",
    "genres" : [ {
      "id" : 37,
      "name" : "Western"
    } ]
  }, {
    "id" : 180296,
    "title" : "They Came Together",
    "overview" : "A small business owner is about to lose her shop to a major corporate development.",
    "genres" : [ {
      "id" : 35,
      "name" : "Comedy"
    } ]
  }, {
    "id" : 180316,
    "title" : "A Blonde For A Night",
    "overview" : "After an argument, a newlywed decides to test her husband's fidelity by disguising herself as a blonde.",
    "genres" : [ {
      "id" : 35,
      "name" : "Comedy"
    } ]
  }, {
    "id" : 180341,
    "title" : "Didn't Do It For Love",
    "overview" : "DIDN'T DO IT FOR LOVE is a documentary portrait of Eva Norvind, a.k.a. Mistress Ava Taurel, born Eva Johanne Chegodaieva Sakonskaya in Trondheim, Norway. The film follows Eva's many careers, from her time as a showgirl in Paris to becoming Mexico's Marilyn Monroe in the 1960s to establishing herself as New York's most famous dominatrix in the 1980s. Using clips from Norvind's Mexican films, stills from various periods, and interviews with friends, partners and family, Treut's documentary traces Eva's search for the wellspring of her obsessive and dark sexuality.",
    "genres" : [ ]
  }, {
    "id" : 180346,
    "title" : "Hapkido Self-Defense Vol. 2",
    "overview" : "On Hapkido Self-defense Volume 2 Grandmaster Chang Soo Lee and Grandmaster Myung Yong Kim teach you ground defenses and defenses against weapons including the knife, gun and cane.  This instructional program was filmed on location in Korea, allowing you to learn from some of the top Hapkido masters in Korea. Includes instruction on:  • Bang Too Ki: Defenses against grappling (lunges, holds, throws and chokes) and multiple attackers  • Sunsool: Initiative attack  • Dan Bong Sool: Overview of mini Short Stick blocking, striking, thrusting and locking techniques  • Po Bak Sool: Arresting techniques using a belt to immobilize the opponent  • Dan Jang Sool: Cane striking and locking techniques  • Defense against gun  • Defense against a knife attack  • Women's self-defense",
    "genres" : [ ]
  }, {
    "id" : 180356,
    "title" : "Planet Ant: Life Inside The Colony",
    "overview" : "Ant colonies are one of the wonders of nature: complex, organised… and mysterious. This programme reveals the secret, underground world of the ant colony, in a way that’s never been seen before.  At its heart is a massive, full-scale ant nest, specially designed and built to allow cameras to see its inner workings. The nest is a new home for a million-strong colony of leafcutter ants from Trinidad.  For a month, entomologist Dr George McGavin and leafcutter expert Prof Adam Hart capture every aspect of the life of the colony, using time-lapse cameras, microscopes, microphones and radio tracking technology.  The programme explores how these tiny insects can achieve such spectacular feats of collective organisation. It also reveals the workings of one of the most complex and mysterious societies in the natural world – and shows the surprising ways in which ants are helping us solve global problems.",
    "genres" : [ {
      "id" : 99,
      "name" : "Documentary"
    } ]
  }, {
    "id" : 180361,
    "title" : "Prince in Hell",
    "overview" : "The story is set soon after the reunification of West and East Germany, and is about the disintegrating relationship between Jockel a political activist and Stefan a heroin junkie, and their involvement with a bisexual Micha. A 2nd plot line is concerned with Micha's young son Sascha, and his life in a rundown world of drugs and poverty. His fascination with the creepy, exhibitionist puppeteer Firlefanz, whose grotesque puppets enact a gay fairy tale paralleling the relationship of Stefan and Jockel. Central to the disintegration of these characters is the drug dealer Ingolf, who 'pulls their strings' with heroin, instead of puppet wires.",
    "genres" : [ {
      "id" : 18,
      "name" : "Drama"
    } ]
  }, {
    "id" : 180371,
    "title" : "Vai Que Dá Certo",
    "overview" : "5 friends have a plan to rob a transporter that can change their lives.",
    "genres" : [ {
      "id" : 35,
      "name" : "Comedy"
    } ]
  }, {
    "id" : 180376,
    "title" : "It Happens Fast",
    "overview" : "A young inventor discovers that his latest invention is a success, but comes with consequences.",
    "genres" : [ ]
  }, {
    "id" : 180396,
    "title" : "Duksedrengen",
    "overview" : "",
    "genres" : [ ]
  }, {
    "id" : 180401,
    "title" : "I, a lover",
    "overview" : "",
    "genres" : [ {
      "id" : 35,
      "name" : "Comedy"
    }, {
      "id" : 10749,
      "name" : "Romance"
    } ]
  }, {
    "id" : 180406,
    "title" : "All My Crazy Friends: The Movie",
    "overview" : "A non-stop behind the scenes look at the most daredevil stunts ever performed on and above the water by the world's greatest PWC riders.",
    "genres" : [ ]
  }, {
    "id" : 180441,
    "title" : "Mahmut & Meryem",
    "overview" : "The son of a Muslim emperor, Mahmut rejects his father's values and advocates a humanitarian approach to running the empire he will inherit. For him, there are more important things than power over others - namely the love he cherishes for Meryem, the daughter of a Christian monk. Rejecting the path chosen for him, Mahmut embarks on a dangerous journey looking for his love Meryem. It is this journey through a land in turmoil which will change both Mahmut and Meryem.",
    "genres" : [ {
      "id" : 10749,
      "name" : "Romance"
    }, {
      "id" : 18,
      "name" : "Drama"
    } ]
  }, {
    "id" : 180446,
    "title" : "Les clowns",
    "overview" : "At last, a film on the history of clowns, these poets of the absurd, these “men under construction” as the poet Henri Michaux described them. From the beginning of the 20th century with Charlie Chaplin, to the present day with James Thierrée, his grandson, this archival film relates the evolution of clowns across the world, identifies affinities and marks breaking points. The whole range of the art of the clown is represented, from Popov’s and Slava’s obsession with perfection, to Fratellini’s or Semianyki’s clumsiness as art. A saga like a wild poetic gospel, which showcases their humorous dimension but also underscores their tragic aspect. With complex characters such as Buster Keaton and Jacques Tati, who make us shiver by the accuracy of their take on the human condition and remind us, with Fellini, that clowns don the ridiculousness of mankind.",
    "genres" : [ ]
  }, {
    "id" : 180476,
    "title" : "Displaced",
    "overview" : "Stel, a humanoid alien played by Mark Strange, teams up with a British soldier Private John Marrettie (Malcolm Hankey). They engage on an action-packed adventure to find a top secret file which holds information on advanced energy production, captured space crafts and their alien pilots including Stel’s missing father, Arakawa, who’s been shot down and imprisoned on Earth by Core – a human paramilitary group.  The Displaced file falls into the hands of a renegade 'special forces’ leader, Wilson (Graham Brownsmith) whose plans are to sell the file to the highest bidder on the black market for his own financial gain. Private Marrettie is forced to help Stel in his quest to locate the file. The search leads them on a deadly game of survival, combat, intrigue and deceit.",
    "genres" : [ {
      "id" : 878,
      "name" : "Science Fiction"
    }, {
      "id" : 28,
      "name" : "Action"
    } ]
  }, {
    "id" : 180486,
    "title" : "Forty Naughty Girls",
    "overview" : "Hildegarde Withers (ZaSu Pitts) and Inspector Piper (James Gleason) try to solve a murder while attending the opening-night performance of a Broadway show. Comedy-mystery.",
    "genres" : [ {
      "id" : 9648,
      "name" : "Mystery"
    }, {
      "id" : 28,
      "name" : "Action"
    }, {
      "id" : 35,
      "name" : "Comedy"
    }, {
      "id" : 80,
      "name" : "Crime"
    } ]
  }, {
    "id" : 180526,
    "title" : "Play",
    "overview" : "A couple search for love but never quite seem to meet.",
    "genres" : [ {
      "id" : 18,
      "name" : "Drama"
    } ]
  }, {
    "id" : 180536,
    "title" : "Big Shot",
    "overview" : "In \"Big Shot\", the 7th installment of the CHRISTEENE video collection, rabbits roam free across the sinister landscape of CHRISTEENE's f*ck fantasy.",
    "genres" : [ ]
  }, {
    "id" : 180556,
    "title" : "Battle Taxi",
    "overview" : "In the Korean war, the commander of an Air Rescue helicopter team must show a hot-shot former jet pilot how important helicopter rescue work is and turn him into a team player.",
    "genres" : [ ]
  }, {
    "id" : 180561,
    "title" : "Elvis! Elvis!",
    "overview" : "The adventures of a small boy (Elvis), his mother and a male friend",
    "genres" : [ ]
  }, {
    "id" : 180566,
    "title" : "Magic Samson",
    "overview" : "A comedy about a postal worker Samson who suddenly discovered his talent for basketball.",
    "genres" : [ {
      "id" : 35,
      "name" : "Comedy"
    } ]
  }, {
    "id" : 180571,
    "title" : "Millionaire in Trouble",
    "overview" : "A comedy about a millionaire who pretends to be not a millionaire...",
    "genres" : [ {
      "id" : 35,
      "name" : "Comedy"
    } ]
  }, {
    "id" : 180576,
    "title" : "Rich in Love",
    "overview" : "The legendary Albert Finney heads an all-star cast (Jill Clayburgh, Kyle MacLachlan and Ethan Hawke) in this heartwarming drama of a retired man whose family blossoms after his wife leaves them.",
    "genres" : [ {
      "id" : 18,
      "name" : "Drama"
    } ]
  }, {
    "id" : 180586,
    "title" : "Moishe Air-Condition",
    "overview" : "A comedy about Moishe, a soldier in the army whose nickname is Moishe Air-Condition.",
    "genres" : [ {
      "id" : 35,
      "name" : "Comedy"
    } ]
  }, {
    "id" : 180591,
    "title" : "West Side Girl",
    "overview" : "Vered, an attractive blind singer, meets and is befriended by three students. The trio decides to save enough money for the surgery which may restore Vered's sight. After many attempts, two of them commit petty theft and are sent to prison. The third takes Vered to the surgery which is successful. Although Vered regains her sight, she losses her friends...",
    "genres" : [ {
      "id" : 10402,
      "name" : "Music"
    }, {
      "id" : 35,
      "name" : "Comedy"
    }, {
      "id" : 18,
      "name" : "Drama"
    }, {
      "id" : 10749,
      "name" : "Romance"
    } ]
  }, {
    "id" : 180631,
    "title" : "The Brotherhood VI: Initiation",
    "overview" : "When a group of sexy, young pledges arrive at a secluded cabin for their initiation into the Gamma Kappa fraternity, they're met by a blood-thirsty lumberjack, who won't stop until every one of them is dead.",
    "genres" : [ ]
  }, {
    "id" : 180636,
    "title" : "Queen of Sports",
    "overview" : "Young sprinter Lin Ying enrolls in a sports college in Shanghai. As she becomes a sports celebrity, she starts to mangle with the upper class and has gradually forgotten the true essence of sports.",
    "genres" : [ ]
  }, {
    "id" : 180641,
    "title" : "Bitter Harvest",
    "overview" : "A pretty young woman will do anything to escape her deadly dull existence in the backlots of Wales. But when she reaches the bright lights of London is the price too high?",
    "genres" : [ ]
  }, {
    "id" : 180651,
    "title" : "Fists of Legend",
    "overview" : "On a television show billed as “the greatest fight show on Earth,” eager amateurs with lots to prove boldly step into the ring and expect to leave bloody but victorious. The ratings hungry producers seek out “legendary” but largely forgotten streetfighters and mine their desperation for recaptured glory and redemption into ratings gold.",
    "genres" : [ {
      "id" : 28,
      "name" : "Action"
    }, {
      "id" : 10769,
      "name" : "Foreign"
    }, {
      "id" : 18,
      "name" : "Drama"
    } ]
  }, {
    "id" : 180666,
    "title" : "Rock Bottom",
    "overview" : "A young journalist who is on the last chance, both in his job and his relationship because of his drinking problem. He decides to try to save the relationship by taking the girlfriend to a hotel in the Eastern Iceland to get peace and some space with her. But as this is decided, his boss makes him two choices, to keep the job and work the weekend or lose the job to hang out with the girlfriend. At least he tries to strike two birds with one stone, but we'll see how that goes.",
    "genres" : [ {
      "id" : 35,
      "name" : "Comedy"
    }, {
      "id" : 18,
      "name" : "Drama"
    } ]
  }, {
    "id" : 180691,
    "title" : "David Bowie & the Story of Ziggy Stardust",
    "overview" : "Both a visual flashback and a telling of the life and birth of the alter ego that was David Bowie's Ziggy Stardust.",
    "genres" : [ {
      "id" : 99,
      "name" : "Documentary"
    }, {
      "id" : 10402,
      "name" : "Music"
    } ]
  }, {
    "id" : 180701,
    "title" : "Il tango della gelosia",
    "overview" : "Lucia has been married for ten years with Julius who is fond of horses and seems to prefer his wife. Lucy tries then ingelosirlo inventing a lover who sends flowers with tickets compromising and makes mysterious phone calls. But Julius seems immune to any kind of jealousy. Then one day is hired as a bodyguard by Lucia Diego, Diego, who has a passion for Rudolph Valentino and thinks he is a great seducer, Diego has a girlfriend away, Nunzia. And things start to get more serious.",
    "genres" : [ ]
  }, {
    "id" : 180706,
    "title" : "Ivanku, kamarade, muzes mluvit?",
    "overview" : "This title is record of authentic theatre play. The subject is composition of series of real secret records of phone calls between soccer bosses in Czech soccer underground brought to investigation in 2004. The most absurd parts used Petr Ctvrtnicek to compose this performance given in form of text recitation as it were the phone calls while the actors are sitting in chairs in front of audience having the screenplay by hand.",
    "genres" : [ {
      "id" : 35,
      "name" : "Comedy"
    } ]
  }, {
    "id" : 180721,
    "title" : "Blueberry Hill",
    "overview" : "In a small town in the 1950s, Ellie Dane loses her musician father, and her mother suddenly turns away from her. She finds solace in wise jazz singer Hattie Cale and learns that she's inherited her dad's skill at the piano. But she also begins to uncover dark truths about her family's past and the reason for her mother's emotional distance. A rich jazz score accompanies this moving drama.",
    "genres" : [ {
      "id" : 18,
      "name" : "Drama"
    } ]
  }, {
    "id" : 180736,
    "title" : "Appula Appa Rao",
    "overview" : "Appula Appa Rao  is an Indian 1991 Telugu-language film directed by E.V.V. Satyanarayana which features Rajendra Prasad, Shobana and Brahmanandam in the lead roles. Appula Apparao is scripted and directed by E.V.V under the banner of Prasad Studios, Chennai and produced by E.V.V. Satyanarayana.",
    "genres" : [ {
      "id" : 35,
      "name" : "Comedy"
    }, {
      "id" : 18,
      "name" : "Drama"
    } ]
  }, {
    "id" : 180746,
    "title" : "Humble Beauty: Skid Row Artists",
    "overview" : "A story about talented homeless and formerly homeless fine arts painters in the worst section of Los Angeles known as Skid Row. People will create art no matter how humble the circumstances.",
    "genres" : [ ]
  }, {
    "id" : 180756,
    "title" : "Waterhole Cove",
    "overview" : "An exploration of the relationship between a caretaker in rural Maryland and the two men in her life.  Waterhole Cove tells the story of a woman and the two men in her life.",
    "genres" : [ ]
  }, {
    "id" : 180761,
    "title" : "Muqaddar Ka Faisla",
    "overview" : "Muqaddar ka Faisla, is the story of Pandit Krishna Kant. A poor, but extremely honest, upright, God-fearing man, who refuses to compromise on his principles.",
    "genres" : [ ]
  }, {
    "id" : 180786,
    "title" : "China",
    "overview" : "Oswald the Lucky Rabbit works in a laundry shop in Chinatown in this one. It's a late synchronized sound cartoon: no talking or singing, but lots of music.",
    "genres" : [ ]
  }, {
    "id" : 180806,
    "title" : "The Day We Met",
    "overview" : "After being called for his mandatory yearly Israeli army reserve duty, Arik Schwartzman finds himself looking for a uniform wearing serial rapist. He is aided by Natalie, a young female soldier who looks for her lost father.",
    "genres" : [ {
      "id" : 35,
      "name" : "Comedy"
    }, {
      "id" : 53,
      "name" : "Thriller"
    }, {
      "id" : 18,
      "name" : "Drama"
    } ]
  }, {
    "id" : 180816,
    "title" : "Marriage Tel Aviv Style",
    "overview" : "After Avigdor Pumerantz calls the matchmaker in order to find a new wife his children decide to robe him.",
    "genres" : [ {
      "id" : 10749,
      "name" : "Romance"
    }, {
      "id" : 35,
      "name" : "Comedy"
    }, {
      "id" : 18,
      "name" : "Drama"
    } ]
  }, {
    "id" : 180821,
    "title" : "Everlasting Joy or the Life and Adventures of B. Spinoza as Reported by His Vigilant Neighbors",
    "overview" : "A descendant of Spinoza is living, translating, and commenting on life today.",
    "genres" : [ {
      "id" : 18,
      "name" : "Drama"
    } ]
  }, {
    "id" : 180826,
    "title" : "Soledad y Larguirucho",
    "overview" : "Soledad is a folclore singer and Larguirucho a beloved cartoon character; both from Argentina. The movie follows both in their adventures accompanied by numerous songs.",
    "genres" : [ ]
  }, {
    "id" : 180831,
    "title" : "Sid the Science Kid: The Movie",
    "overview" : "In Sid's very first film debut, Sid and his classmate Gabriela enter a contest and win the exclusive opportunity to visit a new modern science museum before it opens to the public.",
    "genres" : [ {
      "id" : 16,
      "name" : "Animation"
    }, {
      "id" : 10751,
      "name" : "Family"
    } ]
  }, {
    "id" : 180836,
    "title" : "Miss Marple: The Moving Finger",
    "overview" : "The residents of a quiet English village begin to receive nasty, threatening letters. The wife of the local vicar calls in her friend Miss Marple to investigate.",
    "genres" : [ {
      "id" : 9648,
      "name" : "Mystery"
    }, {
      "id" : 18,
      "name" : "Drama"
    }, {
      "id" : 80,
      "name" : "Crime"
    } ]
  }, {
    "id" : 180856,
    "title" : "King's Faith",
    "overview" : "When eighteen-year-old Brendan King attempts to leave his turbulent gang life behind him, his past continues to threaten his new-found faith, family, and future",
    "genres" : [ {
      "id" : 18,
      "name" : "Drama"
    } ]
  }, {
    "id" : 180861,
    "title" : "The Face of Another",
    "overview" : "Bella is the host of a popular television program about plastic surgery. Her husband René is a surgeon who performs operations on guests during the same show. Then Bella is fired, due to a drop in the ratings. She storms out of the TV studio and has a terrible car accident on the way home, leaving her disfigured. Yet what might well seem to be the coup de grace for Bella’s career turns out to be the perfect occasion to relaunch her own image...",
    "genres" : [ {
      "id" : 18,
      "name" : "Drama"
    } ]
  }, {
    "id" : 180876,
    "title" : "Submission",
    "overview" : "In wartime France, Pharmacist Elaine (Lisa Gastoni) begins a torrid affair with her shop assistant Armand (Franco Nero), but she soon becomes dominated by him. He demands more &amp; more from her, humiliating her &amp; putting her family at risk.",
    "genres" : [ {
      "id" : 18,
      "name" : "Drama"
    } ]
  }, {
    "id" : 180886,
    "title" : "Spooky Town",
    "overview" : "When a sixteen year-old boy and his two young siblings set off on a quest to find their missing parents, their search leads them to a ghost town in the middle of the desert. They soon discover that this is no ordinary tourist spot. In fact, according to the maps, it doesn't exist at all! Finding their way into this mysterious place, the kids must confront the sinister force that dwells beneath it in order to rescue their parents - and save themselves.",
    "genres" : [ {
      "id" : 27,
      "name" : "Horror"
    }, {
      "id" : 37,
      "name" : "Western"
    } ]
  }, {
    "id" : 180891,
    "title" : "Real",
    "overview" : "Koichi and Atsumi are lovers who have known each other all their lives. A year ago, however, a suicide attempt by Atsumi left her in a coma. Through 'sensing', a type of neurosurgical procedure allowing contact with the intentional aspect of a comatose patient's mind, Koishi tries to find out why Atsumi tried to kill herself, and to bring her back to consciousness. He enters her subconscious, and is told to find a picture of a plesiosaur she drew when she was a child. It turns out that a childhood incident buried in their past will bring their minds together.",
    "genres" : [ {
      "id" : 18,
      "name" : "Drama"
    }, {
      "id" : 878,
      "name" : "Science Fiction"
    } ]
  }, {
    "id" : 180896,
    "title" : "True Colours",
    "overview" : "I'll chop you to pieces! are the first words we hear before two guys start a slaughterhouse massacre, bags of chicken blood bursting everywhere; Lung (Ti Lung) will become a forger, his friend Robert (Raymond Wong) a priest. But when a corrupt venture capitalist starts treating Brigitte Lin (Lung's former girlfriend) like trash, it's time for revenge. The fights have a thrilling, brawl-like realism (without the usual flips, kicks, and aerobatics), but the plot bogs down in vainglo rious melodrama.",
    "genres" : [ ]
  }, {
    "id" : 180901,
    "title" : "Aristide and the Endless Revolution",
    "overview" : "Detailed account of the United States' removal of Haiti's democratically elected president, Aristide.",
    "genres" : [ ]
  }, {
    "id" : 180911,
    "title" : "It Came From Another World!",
    "overview" : "\"It Came From Another World!\" chronicles the continuing adventures of everyone's favorite 'a-rockin' scientist, Professor Jackson.",
    "genres" : [ {
      "id" : 878,
      "name" : "Science Fiction"
    }, {
      "id" : 27,
      "name" : "Horror"
    } ]
  }, {
    "id" : 180921,
    "title" : "Towards Mathilde",
    "overview" : "\"Mathilde Monnier is France’s foremost contemporary choreographer. An explorer of post-modern theory, she has acquired a formidable reputation. World famous French director Claire Denis (Beau travail, Friday Night) looks for parallels between her own work and that of Monnier, as she documents the birth, formulation, and performance of a radical new dance piece by Monnier. Using both Super-8 and Super-16 cameras, Denis covers a large field of creative ingenuity, from Monnier warming up, directing, and practicing performances herself, to a few behind-the-scenes looks at creating stage design, as well as several rather remarkable practice performances by Monnier’s dancers. Three different productions are caught in various stages in the documentary, and Denis’ impressionistic, elliptical style captures both the beauty of movement and the spontaneous conceptual grace of Monnier’s choreography.\" - MUBI",
    "genres" : [ {
      "id" : 99,
      "name" : "Documentary"
    } ]
  }, {
    "id" : 180931,
    "title" : "Phil Spitalny and His Musical Queens",
    "overview" : "Phil Spitalny and His All-Girl Orchestra, the females who are all clad in white gowns, perform a few musical numbers cabaret style in front of an appreciative audience. The multi-talented orchestra members not only play musical instruments, but also sing. In one number, one of their own is featured as a tap dancer. In another number, a dueling piano duet is featured.",
    "genres" : [ ]
  }, {
    "id" : 180951,
    "title" : "Summer in February",
    "overview" : "The Newlyn School of artists flourished at the beginning of the 20th Century and the film focuses on the wild and bohemian Lamorna Group, which included Alfred Munnings and Laura and Harold Knight. The incendiary anti-Modernist Munnings, now regarded as one of Britain's most sought-after artists, is at the centre of the complex love triangle, involving aspiring artist Florence Carter-Wood and Gilbert Evans, the land agent in charge of the Lamorna Valley estate. True - and deeply moving - the story is played out against the timeless beauty of the Cornish coast, in the approaching shadow of The Great War.",
    "genres" : [ {
      "id" : 18,
      "name" : "Drama"
    }, {
      "id" : 10749,
      "name" : "Romance"
    } ]
  }, {
    "id" : 180971,
    "title" : "Loving Couples",
    "overview" : "Three expectant mothers think back over their sex lives.",
    "genres" : [ ]
  }, {
    "id" : 180976,
    "title" : "Blowing Up Paradise",
    "overview" : "Blowing Up Paradise uses color archival footage to chronicle France's explosion of various nuclear devices, in violation of the international test ban treaty, from the first test in 1966 to the last in 1995. Interviews with former and current French government officials, scientists, and nuclear advisors.",
    "genres" : [ {
      "id" : 99,
      "name" : "Documentary"
    } ]
  }, {
    "id" : 180986,
    "title" : "He's a Cockeyed Wonder",
    "overview" : "An orange packer (Mickey Rooney) foils robbers with magic and wins the boss's (William Demarest) daughter (Terry Moore).",
    "genres" : [ {
      "id" : 10749,
      "name" : "Romance"
    }, {
      "id" : 35,
      "name" : "Comedy"
    } ]
  }, {
    "id" : 180996,
    "title" : "SMANDEROON! With A Vengeance",
    "overview" : "",
    "genres" : [ ]
  }, {
    "id" : 181001,
    "title" : "Legion of Iron",
    "overview" : "It's an ordinary date night for Billy (Kevin T. Walsh) and Alison (Camille Carrigan) until mysterious forces whisk them away to an underground arena, where Billy must fight other captives for the wagers of wealthy men and the pleasure of Queen Diana (Erika Nann). When he's not battling for his life or protecting Alison from Diana's lecherous bodyguards, Billy attempts to rally his fellow slaves into a full-blooded revolt.",
    "genres" : [ {
      "id" : 53,
      "name" : "Thriller"
    }, {
      "id" : 28,
      "name" : "Action"
    } ]
  }, {
    "id" : 181021,
    "title" : "Giacomo Puccini: La Boheme",
    "overview" : "Giancarlo del Monaco's cinematic production of Puccini's popular masterpiece takes its place among the great interpretations of modern times. Jes? L?ez Cobos directs an outstanding cast, led by Inva Mula and Aquiles Machado, in a landmark recording filmed with high definition cameras and true surround sound.",
    "genres" : [ ]
  }, {
    "id" : 181031,
    "title" : "The Art of Flight - Behind the Scenes",
    "overview" : "Go behind the scenes of snowboarding epic The Art of Flight with pro snowboard Travis Rice and Director Curt Morgan.",
    "genres" : [ ]
  }, {
    "id" : 181051,
    "title" : "I Love Hong Kong 2013",
    "overview" : "Eric Tsang and stars are back with another entry into the \"I Love Hong Kong\" franchise this Chinese New Year with a story that is set in the 1970s, a decade of economic growth and prosperity for Hong Kong and the citizens.",
    "genres" : [ {
      "id" : 35,
      "name" : "Comedy"
    }, {
      "id" : 10769,
      "name" : "Foreign"
    } ]
  }, {
    "id" : 181056,
    "title" : "Island of the Dead",
    "overview" : "Stranded on a deserted island, a group of people struggle to survive against a swarm of supernatural flies.",
    "genres" : [ {
      "id" : 53,
      "name" : "Thriller"
    }, {
      "id" : 27,
      "name" : "Horror"
    } ]
  }, {
    "id" : 181071,
    "title" : "My Favorite Picture of You",
    "overview" : "Oscar-winners TJ Martin and Dan Lindsay direct a short tearjerker about TJ's grandparents as they explore memories of youth and struggle with age.",
    "genres" : [ ]
  }, {
    "id" : 181076,
    "title" : "Watching Fuckin’ TV All the Time Makes a Fool",
    "overview" : "Yuki hasn't stepped out of her one-room apartment for five years now and the place is piling high with garbage and clutter. Keiji has a \"hidden\" camera set in her room connected to the internet 24 hours a day. He drops by to sleep with her in front of the camera, and to pay her for what he earns through Yuki's members-only website.All Yuki does is eat, sleep and watch TV. Then one day a counselor, sent by her mother, enters the room and tells her that watching TV all day will ruin her. He strikes up a deal with Yuki to make her take one step out of her room.",
    "genres" : [ ]
  }, {
    "id" : 181081,
    "title" : "The Kneeling Goddess",
    "overview" : "Legendary superstar María Félix, stars in this melodrama noir playing the role of Raquel, a woman who has a passionate love affair with married aristocrat Antonio. However, a sensual sculpture untitled “The Kneeling Goddess” and modeled after Raquel will lead Antonio down a memory lane he'd rather soon forget.",
    "genres" : [ {
      "id" : 80,
      "name" : "Crime"
    }, {
      "id" : 18,
      "name" : "Drama"
    } ]
  }, {
    "id" : 181091,
    "title" : "Roads of Kiarostami",
    "overview" : "Static shots of his photos alternate with footage of director Abbas Kiarostami's car winding through mountain roads, as the Iranian filmmaker muses in voice-over on the significance of the journey and on the path of his work and Persian literature as a whole.",
    "genres" : [ ]
  }, {
    "id" : 181101,
    "title" : "To Inflict",
    "overview" : "A young man under strain must come to grips with his anger when it threatens to jeopardize the most important relationship he's had thus far. The film follows a man (Gage Bladik) who's anger issues threaten to upset the relationships in his life. Themes include that of brotherly love, and the desire to change oneself for another person. Gage's Fiance (Chelsea Sanworth) works with him to curb his temper. She loves him but fears their relationship is turning into a violent one. As a result, she offers an ultimatum on their impending marriage: get help, or the wedding is off. This story is depicted through a first hand set of experiences with a man named Gage who has anger and road rage issues. Chelsea, his fiance and his autistic brother experience an impact outcome on their lives due to Gage's unleashing of anger. These undesirable but understandable emotions and actions catch up with Gage -- just as he's trying to put his life together.",
    "genres" : [ ]
  }, {
    "id" : 181106,
    "title" : "Desperate Acts of Magic",
    "overview" : "A magician competes in an international magic competition where he goes head to head with a female street magician he has fallen in love with. This film shows great magic performed by a cast of professional magicians. Like a great musical where the songs and the story are seamlessly intertwined, Desperate Acts of Magic does the same, mixing story and magic as one.",
    "genres" : [ {
      "id" : 35,
      "name" : "Comedy"
    } ]
  }, {
    "id" : 181111,
    "title" : "Dr. Satan vs. Black Magic",
    "overview" : "Plutarco Satan returns, this time he's pitted against a rival evil organization intent on owning the very formula rumored to turn any metal into gold! Dr. Satan must go toe to toe with the vampiric black magician Yei Lin, in order to keep it out of their hands. The cost of failure? His eternal rest!",
    "genres" : [ {
      "id" : 27,
      "name" : "Horror"
    } ]
  } ]
}