{
  "movies" : [ {
    "id" : 33066,
    "title" : "Phil Collins: Finally... The First Farewell Tour",
    "overview" : "In 2004, Phil Collins began the first leg of an international concert tour which Collins announced would mark his retirement from live performing. Phil Collins: Finally...The First Final Farewell documents the Paris date on his last set of live shows, in which the internationally famous musician was joined by a superb backing band for a set of his greatest songs. Selections include \"In the Air Tonight,\" \"Against All Odds,\" \"Sussudio,\" \"Don't Lose My Number,\" \"Take Me Home,\" \"One More Night,\" and many more.",
    "genres" : [ {
      "id" : 10402,
      "name" : "Music"
    } ]
  }, {
    "id" : 33076,
    "title" : "Wholly Moses",
    "overview" : "Harvey and Zoey, two tourists in Israel, discover an ancient scroll about Herschel, the man who was almost Moses. Herschel receives the command from God to free his people from slavery, but Moses keeps getting all the credit.",
    "genres" : [ {
      "id" : 35,
      "name" : "Comedy"
    } ]
  }, {
    "id" : 33081,
    "title" : "Paheli",
    "overview" : "Kishanlal marries the beautiful Lachchi, but the day after the wedding, he leaves on business for five years. When Kishanlal reappears only a few days later, Lachchi is delighted, but this new Kishanlal is in fact a spirit who has taken the form of Lachchi's husband, after having seen her by chance and fallen in love with her. Four years later, the real Kishanlal returns and the townsfolk must determine who is who.",
    "genres" : [ {
      "id" : 10749,
      "name" : "Romance"
    }, {
      "id" : 18,
      "name" : "Drama"
    } ]
  }, {
    "id" : 33086,
    "title" : "Rush!",
    "overview" : "A wacky tale of two guys, one Korean and one Japanese who, mistaken for a couple of murderers, take to their heels, thus starting off a adrenalin pumping (and often zany) adventure with a distorted sense of time",
    "genres" : [ {
      "id" : 35,
      "name" : "Comedy"
    }, {
      "id" : 80,
      "name" : "Crime"
    } ]
  }, {
    "id" : 33091,
    "title" : "The Girl",
    "overview" : "Story of a ten-year-old girl left alone in her house in the summer of 1981.",
    "genres" : [ {
      "id" : 18,
      "name" : "Drama"
    }, {
      "id" : 10751,
      "name" : "Family"
    } ]
  }, {
    "id" : 33106,
    "title" : "Silver Medalist",
    "overview" : "An action-adventure story focused on the lives of express deliverymen, traffic cops and lonely beauties.",
    "genres" : [ {
      "id" : 28,
      "name" : "Action"
    }, {
      "id" : 12,
      "name" : "Adventure"
    }, {
      "id" : 35,
      "name" : "Comedy"
    }, {
      "id" : 18,
      "name" : "Drama"
    }, {
      "id" : 10769,
      "name" : "Foreign"
    } ]
  }, {
    "id" : 33111,
    "title" : "Enchantment",
    "overview" : "Uncle Rollo finally retires to the house he was brought up in. Lost in thoughts of his lost love, Lark, he does not want to be disturbed in his last days. However, the appearance of his niece and the subsequent romance between her and Lark's nephew causes him to reevaluate his life and offer some advice so the young couple don't make the same mistake he did, all those years ago.",
    "genres" : [ {
      "id" : 18,
      "name" : "Drama"
    }, {
      "id" : 10749,
      "name" : "Romance"
    } ]
  }, {
    "id" : 33116,
    "title" : "Godspeed",
    "overview" : "Joseph McKelheer and Cory Knauf (The Hamiltons, The Violent Kind) star in this intense thriller set in the lingering light of the Alaskan midnight sun. Charlie Shepard, a modern day faith healer with a small flock of believers, is stunned when his family is brutally murdered.  Six months later a young, mysterious girl (Courtney Halverson) appears and becomes the link to his family's killing and the murderers themselves, ultimately leading to violent consequences for all.",
    "genres" : [ {
      "id" : 35,
      "name" : "Comedy"
    }, {
      "id" : 18,
      "name" : "Drama"
    }, {
      "id" : 10751,
      "name" : "Family"
    }, {
      "id" : 27,
      "name" : "Horror"
    }, {
      "id" : 9648,
      "name" : "Mystery"
    }, {
      "id" : 53,
      "name" : "Thriller"
    } ]
  }, {
    "id" : 33121,
    "title" : "Stockholm Marathon",
    "overview" : "A gardener decides to exact revenge on the men he believes to be responsible for the death of his mentally disturbed wife.",
    "genres" : [ {
      "id" : 80,
      "name" : "Crime"
    }, {
      "id" : 53,
      "name" : "Thriller"
    } ]
  }, {
    "id" : 33126,
    "title" : "Chung Kuo - Cina",
    "overview" : "A documentary on China, concentrating mainly on the faces of the people, filmed in the areas they were allowed to visit. The 220 minute version consists of three parts. The first part, taken around Beijing, includes a cotton factory, older sections of the city, and a clinic where a Cesarean operation is performed, using acupuncture. The middle part visits the Red Flag canal and a collective farm in Henan, as well as the old city of Suzhou. The final part shows the port and industries of Shanghai, and ends with a stage presentation by Chinese acrobats.",
    "genres" : [ {
      "id" : 99,
      "name" : "Documentary"
    } ]
  }, {
    "id" : 33146,
    "title" : "Om Jai Jagadish",
    "overview" : "Widowed Mrs. Saraswati Batra (Waheeda Rehman) has brought up three sons with a lot of care and love. Her eldest son Om (Anil Kapoor) is very honest and diligent; her two other sons Jai (Fardeen Khan), and Jagdish (Abhishek Bachchan) also live in the same house. this is their story",
    "genres" : [ {
      "id" : 10769,
      "name" : "Foreign"
    } ]
  }, {
    "id" : 33156,
    "title" : "Blood on the Highway",
    "overview" : "On their way to a rock concert, Carrie, her boyfriend Sam, and Bone, her thug ex-boyfriend, get lost and wind up in Fate, Texas – a town populated by bloodthirsty, dimwitted vampires. Featuring genre favorites Nicholas Brendon and Tom Towles.",
    "genres" : [ {
      "id" : 35,
      "name" : "Comedy"
    }, {
      "id" : 27,
      "name" : "Horror"
    } ]
  }, {
    "id" : 33166,
    "title" : "Downhill Racer",
    "overview" : "An ambitious young skier, determined to break all existing records, is contemptuous of the teamwork advocated by the US coach when they go to Europe for the Olympics.",
    "genres" : [ {
      "id" : 18,
      "name" : "Drama"
    } ]
  }, {
    "id" : 33171,
    "title" : "Public Enemy",
    "overview" : "Ruthless cop Chul-joong and a merciless killer in raincoat run into each other in a small alleyway and form a fatal bond. A free-for-all fight occurs by coincidence on a rainy street. A week later, the dead bodies of an old couple are discovered with multiple stab wounds. Chul-joong suddenly recalls the night he met the man in the raincoat. Chul-joong meets the old couple's son CHO Gyoo-hwan. He has an intuition that CHO is the murder but has no clue. In the meantime, another murder takes place in the same fashion. The showdown between a dirty cop and a killer unfolds, as things get more personal.",
    "genres" : [ {
      "id" : 28,
      "name" : "Action"
    }, {
      "id" : 18,
      "name" : "Drama"
    } ]
  }, {
    "id" : 33176,
    "title" : "Lupin the Third: Return of the Magician",
    "overview" : "Lupin steals an extraordinary gem from a Mediterranean party, only to be interrupted by Pycal, the trickster \"magician\" who had apparently died fighting Lupin early in his career. Pycal, now armed with real magical abilities, is determined to take revenge.",
    "genres" : [ {
      "id" : 16,
      "name" : "Animation"
    }, {
      "id" : 28,
      "name" : "Action"
    }, {
      "id" : 35,
      "name" : "Comedy"
    } ]
  }, {
    "id" : 33196,
    "title" : "Tidal Wave",
    "overview" : "Man-sik and Yeon-hee, are unsure as to whether they can overcome past wounds and continue being a couple. Dr. Kim, who cautions against a possible mega-tsunami at Haeundae, collapses in agony springing from an unexpected turn-up of his daughter and divorced wife. Hyoung-sik, after rescuing a woman from Seoul, rides out a ferocious storm to gladden her heart. A tsunami which destroys Haeundae symbolizes the establishment of a typical axis called provocation of conflicts, and later the inner spaces of the couples without anything left behind after all conflicts have ended",
    "genres" : [ {
      "id" : 28,
      "name" : "Action"
    }, {
      "id" : 12,
      "name" : "Adventure"
    }, {
      "id" : 18,
      "name" : "Drama"
    }, {
      "id" : 53,
      "name" : "Thriller"
    } ]
  }, {
    "id" : 33201,
    "title" : "Jeremiah",
    "overview" : "The young Jeremiah grows up in a priest's family in the village of Anathoth, near Jerusalem. God appears to Jeremiah in different human guises on several occasions, and makes it clear to him that he has been selected to announce God's message to the people of Jerusalem",
    "genres" : [ {
      "id" : 14,
      "name" : "Fantasy"
    } ]
  }, {
    "id" : 33206,
    "title" : "Mere Baap Pehle Aap",
    "overview" : "As if running a mall is not enough, Gaurav Rane has also to bail out his widower dad, Janardhan, as well as Madhav Mathur, several times from police custody on multiple counts of eve-teasing. Romance enters his life in the attractive shape of U.S.-based Sheekha Kapoor, who also befriends both Janardhan and Madhav. Chaos results, hilarious at times, when Janardhan starts to change his appearance to",
    "genres" : [ {
      "id" : 18,
      "name" : "Drama"
    }, {
      "id" : 10749,
      "name" : "Romance"
    } ]
  }, {
    "id" : 33221,
    "title" : "Into the West",
    "overview" : "Accused of a crime they didn't commit, two city kids and a magical horse are about to become the coolest outlaws ever to ride Into The West.",
    "genres" : [ {
      "id" : 12,
      "name" : "Adventure"
    }, {
      "id" : 18,
      "name" : "Drama"
    }, {
      "id" : 10751,
      "name" : "Family"
    }, {
      "id" : 14,
      "name" : "Fantasy"
    } ]
  }, {
    "id" : 33226,
    "title" : "Rembrandt's J'Accuse...!",
    "overview" : "J'accuse is an 'essay-istic' documentary in which Greenaway's fierce criticism of today's visual illiteracy is argued by means of a forensic search of Rembrandt's Nightwatch. Greenaway explains the background, the context, the conspiracy, the murder and the motives of all its 34 painted characters who have conspired to kill for their combined self-advantage. Greenaway leads us through Rembrandt's paintings into 17th century Amsterdam. He paints a world that is democratic in principle, but is almost entirely ruled by twelve families. The notion exists of these regents as charitable and compassionate beings. However, reality was different.",
    "genres" : [ {
      "id" : 99,
      "name" : "Documentary"
    }, {
      "id" : 9648,
      "name" : "Mystery"
    }, {
      "id" : 10769,
      "name" : "Foreign"
    } ]
  }, {
    "id" : 33241,
    "title" : "Protocols Of Zion",
    "overview" : "A documentary about the rise of anti-Semitism in the USA after the terrorist attacks of September 11, 2001.",
    "genres" : [ {
      "id" : 99,
      "name" : "Documentary"
    } ]
  }, {
    "id" : 33246,
    "title" : "All or Nothing",
    "overview" : "2003’s best-selling title…go figure when you have Hyperlite and Sidewayz teaming up to bring you the most progressive film to date.",
    "genres" : [ {
      "id" : 28,
      "name" : "Action"
    }, {
      "id" : 99,
      "name" : "Documentary"
    } ]
  }, {
    "id" : 33251,
    "title" : "The Way Home",
    "overview" : "The story begins on a fine summers morning, when San-woo and his mother board a bus to the country. It is soon clear that the unsophisticated rural passengers annoy the seven-year-old urban boy. His mother is taking him to live with his 78-year-old mute, but not deaf, grandmother while she looks for a new job after a business venture failed in Seoul.",
    "genres" : [ {
      "id" : 18,
      "name" : "Drama"
    }, {
      "id" : 10751,
      "name" : "Family"
    } ]
  }, {
    "id" : 33256,
    "title" : "The Elephant King",
    "overview" : "The story of two brothers who lead totally different lives. Jake Hunt enjoys life to the fullest in Thailand, while his shy brother Oliver deals with his own depressions back home in the USA. Their dominant mother wants Jake back home and for this reason, Oliver is sent to Thailand to retrieve his brother. Once there, Oliver finds himself in Jake's bizarre life and falls in love with a beautiful girl, Lek. However, it is not a coincidence that she and Oliver have met",
    "genres" : [ {
      "id" : 18,
      "name" : "Drama"
    }, {
      "id" : 10749,
      "name" : "Romance"
    } ]
  }, {
    "id" : 33261,
    "title" : "The FJ Holden",
    "overview" : "Suburban Australia in the late 70s. It was the era of the drive-in movie, the Chico Roll girl and the beloved FJ Holden. Boasting drunken fist fights, back seat sex, illegal drag racing, a classic Oz rock soundtrack (featuring Ol'55, Skyhooks and Renee Geyer) and the screen debut of future star Sigrid Thornton. THE FJ HOLDEN forged a strong connection with 70s mainstream youth audiences and today",
    "genres" : [ {
      "id" : 18,
      "name" : "Drama"
    } ]
  }, {
    "id" : 33271,
    "title" : "Sabrina Goes to Rome",
    "overview" : "Sabrina goes to Rome, with Salem stowaway-ed in her backpack, to free her 16th-century aunt Sophia who was banished for divulging her powers to a non-witch.",
    "genres" : [ {
      "id" : 10770,
      "name" : "TV Movie"
    }, {
      "id" : 35,
      "name" : "Comedy"
    } ]
  }, {
    "id" : 33276,
    "title" : "WWE: John Morrison- Rock Star",
    "overview" : "He’s the Shaman of Sexy, the Friday Night Delight. John Morrison is one of WWE’s best and brightest rising stars, having held numerous tag team championships, first as part of MNM and then with The Miz. He’s also had great solo success, earning the ECW and Intercontinental championships. The DVD is packed with a revealing 1-hour documentary, as well as bonus matches, interviews, Dirt Sheet segment",
    "genres" : [ ]
  }, {
    "id" : 33296,
    "title" : "When Heaven Falls",
    "overview" : "Sara was placed in care aged 11. Now 28 she hears her mother has died. She goes to the funeral and realises her brother and father don't recognise her so keeps quiet about her identity. When watching her father's house, she finds out she has two younger sisters, and realises that what's going on connects to her childhood...",
    "genres" : [ {
      "id" : 18,
      "name" : "Drama"
    } ]
  }, {
    "id" : 33301,
    "title" : "Confessions of a Driving Instructor",
    "overview" : "Timothy Lea and his brother-in-law Sidney decide upon opening a driving school as their latest get-rich-quick scheme. Though he sincerely wants to teach, young Timmy finds that his female students are far more interested in keeping their eyes on him than on the road.",
    "genres" : [ {
      "id" : 35,
      "name" : "Comedy"
    } ]
  }, {
    "id" : 33311,
    "title" : "All About John Deere for Kids, Part 3",
    "overview" : "More exciting John Deere action - Both new and vintage John Deere tractors. We visit Plow Day where 15 Johnny Poppers are plowing with everything up to a six - bottom plow pulled by powerful 820. We travel to the Northwest to see Feller Bunchers, Skidders, Knuckleboom Loaders, and Log Harvesters in action. Then we go to a log mill and see trees become lumber.",
    "genres" : [ ]
  }, {
    "id" : 33316,
    "title" : "London's Trafalgar Square",
    "overview" : "Moving picture of London's Trafalgar Square traffic, filmed with a kinesigraph.",
    "genres" : [ {
      "id" : 99,
      "name" : "Documentary"
    } ]
  }, {
    "id" : 33321,
    "title" : "The Dirt Bike Kid",
    "overview" : "When his mother sends Jack off with money to buy groceries, he comes home with a magic supercharged dirt bike instead. His mother is furious, but when Jack uses the magic bike to save the local hot dog stand from the clutches of corrupt big business, he becomes the town hero. Written by Concorde - New Horizons (with permission).",
    "genres" : [ {
      "id" : 35,
      "name" : "Comedy"
    }, {
      "id" : 18,
      "name" : "Drama"
    }, {
      "id" : 10751,
      "name" : "Family"
    }, {
      "id" : 14,
      "name" : "Fantasy"
    } ]
  }, {
    "id" : 33326,
    "title" : "Phantom Racer",
    "overview" : "Seventeen years ago, NASCAR racer Cutter McCullough died in a fiery crash. But death can’t stop a man driven by revenge. He and his car are back from the grave to settle a score with his old girlfriend Tammy and his rival JJ Sawyer. Now JJ, Tammy, and their daughter, Jesse, are hitting the road with the Phantom Racer on their tail.",
    "genres" : [ {
      "id" : 27,
      "name" : "Horror"
    }, {
      "id" : 28,
      "name" : "Action"
    }, {
      "id" : 53,
      "name" : "Thriller"
    } ]
  }, {
    "id" : 33331,
    "title" : "The World's Greatest Athlete",
    "overview" : "Stuck with a feeble sports department, college coach Sam Archer (John Amos) faces the ax unless he can reverse the school's athletic fortunes. An African vacation with his assistant (Tim Conway) answers Archer's prayers when he spots the athletically gifted Nanu (Jan-Michael Vincent). Sam counts on Nanu's remarkable abilities to put the team back on the winning track. This upbeat farce boasts an impressive cast of comedians.",
    "genres" : [ {
      "id" : 35,
      "name" : "Comedy"
    }, {
      "id" : 10751,
      "name" : "Family"
    } ]
  }, {
    "id" : 33336,
    "title" : "Taxi for Tobruk",
    "overview" : "During World War II, French Commandos join forces with a German officer in order to survive the African desert.",
    "genres" : [ {
      "id" : 36,
      "name" : "History"
    }, {
      "id" : 18,
      "name" : "Drama"
    }, {
      "id" : 10752,
      "name" : "War"
    } ]
  }, {
    "id" : 33341,
    "title" : "Fall Guy",
    "overview" : "Ginshiro, threatened by poor repute and upcoming star Tachibana, forces his friend Yasu to marry Konatsu, Ginshiro's pregnant mistress; Yasu becomes a stuntman to make ends meet.",
    "genres" : [ {
      "id" : 18,
      "name" : "Drama"
    }, {
      "id" : 35,
      "name" : "Comedy"
    } ]
  }, {
    "id" : 33346,
    "title" : "Between Calmness and Passion",
    "overview" : "An appassionato art student and a dispassionate college girl make a vow, saying they would meet each other again in the Florence Cathedral after 10 years.",
    "genres" : [ {
      "id" : 10749,
      "name" : "Romance"
    } ]
  }, {
    "id" : 33351,
    "title" : "En helt vanlig dag på jobben",
    "overview" : "A young man dreams of becoming a journalist, in order to write stories which may change the world. This does not turn out as planned, and instead he ends up as a reporter for the celebrity magazine Se og Hør. We are observing a man who gradually loses all inhibitions in order to reach the top in the country's largest weekly magazine.",
    "genres" : [ {
      "id" : 18,
      "name" : "Drama"
    }, {
      "id" : 35,
      "name" : "Comedy"
    }, {
      "id" : 10749,
      "name" : "Romance"
    } ]
  }, {
    "id" : 33356,
    "title" : "The Falls",
    "overview" : "The exploration of the effects of an unexpected catastrophe, known as VUE (violent unknown event) through the bios of 92 survivors.",
    "genres" : [ {
      "id" : 18,
      "name" : "Drama"
    }, {
      "id" : 878,
      "name" : "Science Fiction"
    } ]
  }, {
    "id" : 33361,
    "title" : "Monsieur",
    "overview" : "Désespéré par la mort de sa femme, le banquier René Duchesne se promène le long de la Seine. Seule la rencontre de Suzanne, son ancienne femme de chambre lui révélant les infidélités de Madame, le sauve du suicide. Monsieur décide alors d'aider sa protégée à sortir de la prostitution, et d'empêcher ses beaux-parents de faire main basse sur l'héritage.",
    "genres" : [ {
      "id" : 35,
      "name" : "Comedy"
    } ]
  }, {
    "id" : 33371,
    "title" : "The Little Bear Movie",
    "overview" : "Little Bear and Father Bear go camping in the wilderness where Little Bear encounters all kinds of new sights and sounds: an eagle's flight, a wolf's howl... and a wild little bear named Cub fishing in a stream. Even though they're from different worlds, Little Bear and Cub become fast friends.",
    "genres" : [ {
      "id" : 16,
      "name" : "Animation"
    }, {
      "id" : 10751,
      "name" : "Family"
    } ]
  }, {
    "id" : 33376,
    "title" : "Pikachu's Vacation",
    "overview" : "Pikachu and the gang learn responsibility, teamwork as well as cooperation during their Summer vacation at Pokemon Island.",
    "genres" : [ {
      "id" : 16,
      "name" : "Animation"
    } ]
  }, {
    "id" : 33386,
    "title" : "Charlie Chan at the Circus",
    "overview" : "While visiting the circus with his family, Charlie is recruited by the big top's co-owner to investigate threatening letters that he's received.",
    "genres" : [ {
      "id" : 80,
      "name" : "Crime"
    }, {
      "id" : 9648,
      "name" : "Mystery"
    }, {
      "id" : 35,
      "name" : "Comedy"
    }, {
      "id" : 53,
      "name" : "Thriller"
    } ]
  }, {
    "id" : 33391,
    "title" : "Charlie Chan in London",
    "overview" : "After receiving congratulations from the Home Secretary for solving his most recent case, Charlie is sought out by Pamela Gray, a beautiful but desperate young socialite whose brother Paul awaits execution for the murder of a weapons inventor. She is so convinced of his innocence that she becomes distraught when she overhears Neil Howard, her brother's lawyer and her fiancee, confide to the detective his belief in his client's guilt. Angered at this disclosure, she returns his ring and breaks off the engagement. Although the execution will take place in 65 hours, Charlie pledges to expose the murderer. All potential suspects are reassembled in the country mansion of family friend Geoffrey Richmond, where the murder took place, as Charlie tries to expose the real murderer before time runs out.",
    "genres" : [ {
      "id" : 80,
      "name" : "Crime"
    }, {
      "id" : 18,
      "name" : "Drama"
    }, {
      "id" : 9648,
      "name" : "Mystery"
    }, {
      "id" : 53,
      "name" : "Thriller"
    }, {
      "id" : 35,
      "name" : "Comedy"
    } ]
  }, {
    "id" : 33396,
    "title" : "National Geographic: Darwin's Lost Voyage",
    "overview" : "Along the wild edges of the Earth, against a stunning backdrop of aerial, underwater, and wildlife photography, evolutionary biologist Armand Leroi leads us on an unforgettable journey retracing the adventure- and uncovering the evidence-that inspired Darwin's revolutionary work, On The Origin of Species.",
    "genres" : [ {
      "id" : 99,
      "name" : "Documentary"
    } ]
  }, {
    "id" : 33401,
    "title" : "Radiohead: Live in Japan",
    "overview" : "Tracks: 15 Step, Just, There There, All I Need, Weird Fishes / Arpeggi, The Gloaming, Optimistic, Jigsaw Falling Into Place, Idioteque, Fake Plastic Trees, Bodysnatchers, Videotape, Paranoid Android, Reckoner, Everything In Its Right Place, My Iron Lung, How To Disappear Completely",
    "genres" : [ {
      "id" : 10402,
      "name" : "Music"
    } ]
  }, {
    "id" : 33406,
    "title" : "Yasam ustune bir deneme",
    "overview" : "No overview found.",
    "genres" : [ ]
  }, {
    "id" : 33411,
    "title" : "Temporary Release",
    "overview" : "John (played by Erik Clausen) is in prison for petty crime. His son is getting married and he has been granted accompanied leave to attend. The provincial Bo (played by Jesper Asholt) accompanies him.",
    "genres" : [ {
      "id" : 10751,
      "name" : "Family"
    }, {
      "id" : 18,
      "name" : "Drama"
    }, {
      "id" : 35,
      "name" : "Comedy"
    } ]
  }, {
    "id" : 33416,
    "title" : "In the Middle of the Night",
    "overview" : "No overview found.",
    "genres" : [ {
      "id" : 18,
      "name" : "Drama"
    }, {
      "id" : 35,
      "name" : "Comedy"
    } ]
  }, {
    "id" : 33421,
    "title" : "The Pearl of Death",
    "overview" : "The famous Pearl of Death, a valuable gem with a history of bringing murder and misfortune to its owner since the days of the Borgias, finally reaches its proper place at a museum in London. But before long the jewel is ingeniously stolen. Shortly thereafter, a series of horrible murders begin, with the murderer leaving his victims surrounded by a mass of smashed china.",
    "genres" : [ {
      "id" : 53,
      "name" : "Thriller"
    }, {
      "id" : 9648,
      "name" : "Mystery"
    } ]
  }, {
    "id" : 33431,
    "title" : "A Snake of June",
    "overview" : "Set in an anonymous Japanese metropolis, the film tells the tale of shy career woman, Rinko and Shigehiko, her hygiene-obsessed, workaholic husband. The couple explore their sexuality in a number of ways, causing their lives to be disrupted.",
    "genres" : [ {
      "id" : 10749,
      "name" : "Romance"
    }, {
      "id" : 18,
      "name" : "Drama"
    }, {
      "id" : 53,
      "name" : "Thriller"
    } ]
  }, {
    "id" : 33436,
    "title" : "The Brain",
    "overview" : "Arthur and Anatole are two little robbers. They want to rob money, money that will travel in a special train from Paris to Bruxelles. They don't know that other people have planned to do the same thing.",
    "genres" : [ {
      "id" : 12,
      "name" : "Adventure"
    }, {
      "id" : 35,
      "name" : "Comedy"
    }, {
      "id" : 80,
      "name" : "Crime"
    } ]
  }, {
    "id" : 33441,
    "title" : "Robot Carnival",
    "overview" : "An anthology of various tales told in various styles with robots being the one common element among them.",
    "genres" : [ {
      "id" : 16,
      "name" : "Animation"
    }, {
      "id" : 14,
      "name" : "Fantasy"
    }, {
      "id" : 878,
      "name" : "Science Fiction"
    } ]
  }, {
    "id" : 33446,
    "title" : "The Sun King",
    "overview" : "While changing the pipes in the tanningbeds at Golden Sun, Tommy meets the owner. A middleaged former Miss Fyn called Susse. Slowly an unusual love affair begins. Tommy's two friends Ole &amp; Flemming give him tips on how to give Golden Sun some masculine appeal. Susse just happens to have a sleazy lawyer that does not appreciate the new look.",
    "genres" : [ {
      "id" : 35,
      "name" : "Comedy"
    }, {
      "id" : 18,
      "name" : "Drama"
    } ]
  }, {
    "id" : 33456,
    "title" : "Alabaster's Song",
    "overview" : "A young boy discovers on Christmas Eve that he can hear the beautiful voice of the angel residing atop his Christmas tree. Through the angel's song, the boy learns the value of his faith, and passes it on to the rest of his family.",
    "genres" : [ {
      "id" : 10751,
      "name" : "Family"
    } ]
  }, {
    "id" : 33461,
    "title" : "Shalimar",
    "overview" : "Kumar (Dharmendra), a thief by profession poses as the son of Raja Bahadur Singh to accept an invitation to the island of Sir John Locksley. The guests include K.P.W. Iyengar aka Romeo, Dr. Dubari, Colonel Columbus, and Countess Sylvia Rasmussen. A stunned Kumar finds out that all of these invitees are master criminals. Kumar's guise does not fool anyone, nevertheless Sir John permits him to stay on. The reason why John has invited them is to find a successor to take his place as he is dying of cancer. He feels that one of his invitees can be trusted to take his place and for this he has arranged for them to steal a ruby (Shalimar) worth 135 crores of rupees. This gem is placed in a secure room within his palace, which is alarmed, and guarded. He challenges one of them to steal the Shalimar - but if anyone fails then they are killed by the security system. Pitted against such veterans, it looks like Kumar has got himself into a bind that he may not come out of alive.",
    "genres" : [ {
      "id" : 80,
      "name" : "Crime"
    }, {
      "id" : 28,
      "name" : "Action"
    } ]
  }, {
    "id" : 33471,
    "title" : "American Prince",
    "overview" : "After being forgotten for 30 years, the filmmaker revisits Scorsese's lost documentary 'American Boy' and it's raconteur subject, Steven Prince.",
    "genres" : [ {
      "id" : 99,
      "name" : "Documentary"
    } ]
  }, {
    "id" : 33476,
    "title" : "Abbott and Costello Meet the Keystone Kops",
    "overview" : "Harry and Willie are scammed into buying the Thomas Edison studio lot by a man named Gorman. They decide to follow Gorman's trail to Hollywood where, unbeknownst to them, he has taken the identity of a foreign film director. The lads wind up as stunt doubles in film the which Gorman is now shooting, while the conman tries to have the bungling pair done away with before they realize who he really is.",
    "genres" : [ {
      "id" : 35,
      "name" : "Comedy"
    } ]
  }, {
    "id" : 33481,
    "title" : "The Worthless",
    "overview" : "A criminal, his friend and his former girlfriend find their lives intertwining with each other.",
    "genres" : [ {
      "id" : 80,
      "name" : "Crime"
    }, {
      "id" : 18,
      "name" : "Drama"
    } ]
  }, {
    "id" : 33486,
    "title" : "Keep 'Em Flying",
    "overview" : "When a barnstorming stunt pilot decides to join the air corps, his two goofball assistants decide to go with him. Since the two are Abbott &amp; Costello, the air corps doesn't know what it's in for.",
    "genres" : [ {
      "id" : 35,
      "name" : "Comedy"
    } ]
  }, {
    "id" : 33491,
    "title" : "Venus Beauty Institute",
    "overview" : "Madam Nadine manages with pride the \"Vénus Beauté\" Salon which offers relaxation, massage and make-up services. The owner and her three beauticians: Samantha, Marianne and Angèle are pros. Contrary to her friend Marianne, who still dreams of the big day, Angèle no longer believes in love. Marie, the youngest of the three employees, discovers love in the hands of a sixty year-old former pilot, who risks everything...",
    "genres" : [ {
      "id" : 35,
      "name" : "Comedy"
    }, {
      "id" : 18,
      "name" : "Drama"
    }, {
      "id" : 10749,
      "name" : "Romance"
    } ]
  }, {
    "id" : 33496,
    "title" : "Juliana Dance",
    "overview" : "No overview found.",
    "genres" : [ ]
  }, {
    "id" : 33501,
    "title" : "The Moment After",
    "overview" : "In the twinkling of an eye, a mass disappearance has occurred. Moments after the turmoil and confusion, the FBI is called in to investigate and locate the missing persons. For Agent Adam Riley (David White), it is personal. For Agent Charles Baker (Kevin Downes), it doesn't matter, it's just a job.",
    "genres" : [ {
      "id" : 878,
      "name" : "Science Fiction"
    }, {
      "id" : 53,
      "name" : "Thriller"
    } ]
  }, {
    "id" : 33506,
    "title" : "Indian Summer",
    "overview" : "A group of childhood friends, now in their thirties, reunite at Camp Tamakwa. Only a few of the original campers show up, but they still have a good time reminiscing. The people share experiences and grow while at the camp. They are dismayed to discover that the camp's owner, Unca Lou, is going to close the camp down.",
    "genres" : [ {
      "id" : 35,
      "name" : "Comedy"
    }, {
      "id" : 18,
      "name" : "Drama"
    } ]
  }, {
    "id" : 33511,
    "title" : "Nowhere Boy",
    "overview" : "The drama tells the story of Lennon's teenage years and the start of his journey to becoming a successful musician. The story also examines the impact on his early life and personality of the two dominant females in his childhood",
    "genres" : [ {
      "id" : 18,
      "name" : "Drama"
    } ]
  }, {
    "id" : 33516,
    "title" : "Gothic",
    "overview" : "The year is 1816. A sprawling villa in Switzerland is the setting for a stormy night of madness.  On this night of the \"Haunted Summer,\" five famous friends gather around an ancient skull to conjure up their darkest fears.  Poets Lord Byron and Percy Shelley, Shelley's fiancée Mary Godwin, Mary's stepsister Claire Clairemont and Byron's friend John Polidori spend a hallucinogenic evening confronting their fears in a frenzy of shocking lunacy.  Horrifying visions invade the castle - realizations of Byron's fear of leeches, Shelley's fear of premature burial, Mary's fear of birthing a stillborn child - all brought forth in a bizarre dreamscape.  They share the terrifying fantasies that chase them through the castle that night.  The events of that night later inspired Mary Shelley to write the classic \"Frankenstein\" and Dr. Polidori to pen \"The Vampyre,\" which became the basis for the creation of Dracula..",
    "genres" : [ {
      "id" : 18,
      "name" : "Drama"
    }, {
      "id" : 14,
      "name" : "Fantasy"
    }, {
      "id" : 27,
      "name" : "Horror"
    } ]
  }, {
    "id" : 33521,
    "title" : "Dracula",
    "overview" : "Romanticized adaptation of Bram Stoker's 1897 classic. Set in 1913 England, the bloodsucking, but handsome, charming and seductive, Count Dracula seeks an immortal bride.",
    "genres" : [ {
      "id" : 27,
      "name" : "Horror"
    }, {
      "id" : 10749,
      "name" : "Romance"
    } ]
  }, {
    "id" : 33536,
    "title" : "The Naughty Nineties",
    "overview" : "In the gay '90s, cardsharps take over a Mississippi riverboat from a kindly captain. Their first act is to change the showboat into a floating gambling house. A ham actor and his bumbling sidekick try to devise a way to help the captain regain ownership of the vessel.",
    "genres" : [ {
      "id" : 35,
      "name" : "Comedy"
    } ]
  }, {
    "id" : 33541,
    "title" : "Ride 'Em Cowboy",
    "overview" : "Two peanut vendors at a rodeo show get in trouble with their boss and hide out on a railroad train heading west. They get jobs as cowboys on a dude ranch, despite the fact that neither of them knows anything about cowboys, horses, or anything else.",
    "genres" : [ {
      "id" : 35,
      "name" : "Comedy"
    }, {
      "id" : 37,
      "name" : "Western"
    } ]
  }, {
    "id" : 33546,
    "title" : "The Time of Their Lives",
    "overview" : "Two ghosts who were mistakenly branded as traitors during the Revolutionary War return to 20th century New England to retieve a letter from George Washington which would prove their innocence.",
    "genres" : [ {
      "id" : 35,
      "name" : "Comedy"
    }, {
      "id" : 14,
      "name" : "Fantasy"
    } ]
  }, {
    "id" : 33551,
    "title" : "The Wistful Widow of Wagon Gap",
    "overview" : "Chester Wooley (Lou Costello) and Duke Egan (Bud Abbott) are traveling salesmen who make a stopover in Wagon Gap, Montana while enroute to California. During the stopover, a notorious criminal, Fred Hawkins, is murdered, and the two are charged with the crime.",
    "genres" : [ {
      "id" : 35,
      "name" : "Comedy"
    }, {
      "id" : 10751,
      "name" : "Family"
    }, {
      "id" : 37,
      "name" : "Western"
    } ]
  }, {
    "id" : 33556,
    "title" : "Ishqiya",
    "overview" : "While on the run from goons, a man and his nephew fall for a kidnapper's seductive widow.",
    "genres" : [ {
      "id" : 10769,
      "name" : "Foreign"
    }, {
      "id" : 53,
      "name" : "Thriller"
    } ]
  }, {
    "id" : 33571,
    "title" : "The Avon Barksdale Story",
    "overview" : "The HBO series \"The Wire\" was based on the lives of real gangsters from Baltimore. LEGENDS OF THE UNWIRED is the first film to expose those real lives, the real people that the characters of The Wire is based upon. In this DVD, the real Avon \"Bodie\" Barksdale, tells all to his on screen character’s actor, Wood Harris. Bodie reveals the uncensored truth about drugs, sex, violence and death.",
    "genres" : [ {
      "id" : 14,
      "name" : "Fantasy"
    }, {
      "id" : 99,
      "name" : "Documentary"
    }, {
      "id" : 878,
      "name" : "Science Fiction"
    }, {
      "id" : 10751,
      "name" : "Family"
    } ]
  }, {
    "id" : 33576,
    "title" : "Qlimax 2009",
    "overview" : "Qlimax is an annual event held by the Dutch entertainment enterprise, Q-Dance. It is considered one of the leading hardstyle events on the calendar and a major attraction of Q-Dance and contains some of the most sophisticated production and setup for any event.",
    "genres" : [ {
      "id" : 10402,
      "name" : "Music"
    } ]
  }, {
    "id" : 33581,
    "title" : "Black Gruya and the Stone of Wisdom",
    "overview" : "Based on a comedy TV series about Serbian \"aristocracy\" during the Turkish \"answer\" to the Serbian Uprising during the Serbian-Turkish war in the 19th century. During this time it was of the utmost importance to take the right steps and wisdom is really needed for making those right steps. With the help of a fortune teller, Karadjordje (the leader of the Uprising) learns that, according to a legend, somewhere in the hills exists a Stone of Wisdom which makes you, if you hit your head against it three times, more wise. So he employs his nephew Crni Gruja, with assistants Ceda Velja and Bole, to find him this miraculous Stone. Crni Gruja finds the Stone and, convinced that he is really becoming more wiser, decides to make some business.",
    "genres" : [ {
      "id" : 35,
      "name" : "Comedy"
    } ]
  }, {
    "id" : 33586,
    "title" : "Heavy Petting",
    "overview" : "Charlie thinks he's met the perfect woman, but in order to be with her, he must first get past her dog. Just when he thinks all is lost, he realizes that he loves the dog too! Now he must do everything he can to keep them both.",
    "genres" : [ {
      "id" : 35,
      "name" : "Comedy"
    }, {
      "id" : 10749,
      "name" : "Romance"
    } ]
  }, {
    "id" : 33591,
    "title" : "The Border Post",
    "overview" : "At a small border-post on the Yugoslav-Albanian border, yet another generation of soldiers suffering the usual amount of boredom awaits the end of their service, counting days to the moment when they should take their uniforms off for good. It is the spring of 1987 and the thought never even crosses their mind that they would, in fact, put them back on quite soon and go to war.",
    "genres" : [ {
      "id" : 28,
      "name" : "Action"
    }, {
      "id" : 35,
      "name" : "Comedy"
    }, {
      "id" : 18,
      "name" : "Drama"
    } ]
  }, {
    "id" : 33601,
    "title" : "Love and Other Crimes",
    "overview" : "Anica lives in New Belgrade, a miserable district of tower blocks and concrete. She is mistress to Milutin, a wealthly local criminal who owns a solarium and runs a protection racket. Anica is determined not to grow old in this dump where neither love nor life seems to offer her a decent future. One grey winter’s day Anica has an idea to steal money from Milutin’s safe, get on a plane and leave the country forever.",
    "genres" : [ {
      "id" : 10749,
      "name" : "Romance"
    }, {
      "id" : 35,
      "name" : "Comedy"
    }, {
      "id" : 18,
      "name" : "Drama"
    } ]
  }, {
    "id" : 33606,
    "title" : "We Are Not Angels 2",
    "overview" : "In this sequel of \"We Are Not Angels\", a highly successful Yugoslavian comedy, a former playboy must cope with his daughter's adolescence, as well as numerous boys that keep knocking at her doors. A worried father thinks she may get in type of troubles he used to cause when he was just the age of her wooers.",
    "genres" : [ {
      "id" : 35,
      "name" : "Comedy"
    } ]
  }, {
    "id" : 33611,
    "title" : "The Robbery of the Third Reich",
    "overview" : "Story is set in World War 2 period, and shows life of two robbers in a war time.",
    "genres" : [ {
      "id" : 35,
      "name" : "Comedy"
    }, {
      "id" : 10752,
      "name" : "War"
    } ]
  }, {
    "id" : 33616,
    "title" : "Jan Gintberg: Fremtid.nu",
    "overview" : "Danish Comedy one-man show by Jan Gintberg",
    "genres" : [ {
      "id" : 35,
      "name" : "Comedy"
    } ]
  }, {
    "id" : 33636,
    "title" : "Nina",
    "overview" : "Psychological thriller larded with manga-like animations about the young, poor comic strip illustrator Nina, living with her mean landlady. She sinks further and further into a violent fantasy world.",
    "genres" : [ {
      "id" : 18,
      "name" : "Drama"
    } ]
  }, {
    "id" : 33641,
    "title" : "Frankenfish",
    "overview" : "When the body of a man is found completely destroyed in the swamps in Louisiana, the medical investigator Sam Rivers is assigned to investigate the murder. He travels with the biologist Mary Callahan to the location where the victim lived in a floating house and he meets his family and friends. They find that Chinese snake-heads genetically engineered that belong to a wealthy hunter are attacking and killing the locals. While the group fights to survive, the hunter Jeff arrives with his team to hunt the predators.",
    "genres" : [ {
      "id" : 10770,
      "name" : "TV Movie"
    }, {
      "id" : 28,
      "name" : "Action"
    }, {
      "id" : 27,
      "name" : "Horror"
    }, {
      "id" : 35,
      "name" : "Comedy"
    }, {
      "id" : 878,
      "name" : "Science Fiction"
    }, {
      "id" : 53,
      "name" : "Thriller"
    } ]
  }, {
    "id" : 33646,
    "title" : "The Perfect You",
    "overview" : "A waiter/writer living with his dad and a neat freak who's just landed a job as a reporter in New York, meet by colliding on the Brooklyn Bridge, and romance ensues.",
    "genres" : [ {
      "id" : 35,
      "name" : "Comedy"
    }, {
      "id" : 10749,
      "name" : "Romance"
    } ]
  }, {
    "id" : 33651,
    "title" : "Disney Princess: A Christmas of Enchantment",
    "overview" : "Welcome to a wondrous place of music and magic where your favorite Disney Princesses have gathered for their first-ever holiday spectacular: DISNEY PRINCESS -- A CHRISTMAS OF ENCHANTMENT. You'll enjoy the best seat in the house as you share holiday stories, songs, and surprises with Ariel, Cinderella, Belle, Aurora, Jasmine, and Snow White. Join Aurora as she waltzes to the \"Dance Of The Sugar Plum Fairy.\" Read along with Ariel as she tells a heartwarming tale about her very first Christmas, and learn how Belle brought hope and cheer to Beast one magical holiday. Plus, as a treat, the Disney Princesses perform an all-new song that celebrates the beauty of the season. Invite your little princess to join in this dazzling dream come true with all her favorite characters. Make Disney DISNEY PRINCESS -- A CHRISTMAS OF ENCHANTMENT part of your family's holiday tradition ... now and forever.",
    "genres" : [ {
      "id" : 16,
      "name" : "Animation"
    } ]
  }, {
    "id" : 33666,
    "title" : "The Glass Bottom Boat",
    "overview" : "Bruce (Rod Taylor), the owner of a aerospace company, is infatuated with Jennifer (Doris Day) and hires her to be his biographer so that he can be near her and win her affections. Is she actually a Russian spy trying to obtain aerospace secrets?",
    "genres" : [ {
      "id" : 35,
      "name" : "Comedy"
    }, {
      "id" : 10749,
      "name" : "Romance"
    } ]
  }, {
    "id" : 33671,
    "title" : "Made Men",
    "overview" : "A man and a woman are on the run from gangsters whom he has stolen $12.5 million. When the gangsters show up, he takes them supposedly to where the money is hidden but instead leads them into a trap at a backwoods crystal-meth factory. The gangsters and the drug dealers start a shoot-out for unknown reasons and both go gunning for Belushi. Meanwhile an unscrupulous cop is secretly having an affair with the girl friend and planning to make off with the money.",
    "genres" : [ {
      "id" : 28,
      "name" : "Action"
    }, {
      "id" : 35,
      "name" : "Comedy"
    }, {
      "id" : 53,
      "name" : "Thriller"
    } ]
  }, {
    "id" : 33676,
    "title" : "Losin' It",
    "overview" : "Set in 1965, four Los Angeles school friends -- Woody, Dave, Spider and Wendell -- go on a series of misadventures when they head to Tijuana, Mexico, for a night of cruisin', causing trouble, and to lose their virginity.",
    "genres" : [ {
      "id" : 35,
      "name" : "Comedy"
    } ]
  }, {
    "id" : 33686,
    "title" : "The Thirteenth Hour",
    "overview" : "In this drama, a trucker's business is nearly destroyed after he is wrongfully accused of killing a policeman with whom he recently quarreled.",
    "genres" : [ {
      "id" : 80,
      "name" : "Crime"
    }, {
      "id" : 9648,
      "name" : "Mystery"
    } ]
  }, {
    "id" : 33691,
    "title" : "Stereo",
    "overview" : "Disguised as an educational film. Stereo purports to be a report on the \"Canadian Academy of Erotic Inquiry's\" experiments to induce telepathy in eight experimental subjects. It follows the effects of the experiment using the theoretical framework of the parapsychologist Luther Stringfellow. The film is virtually silent except for commentary by the experimenters.",
    "genres" : [ {
      "id" : 878,
      "name" : "Science Fiction"
    } ]
  }, {
    "id" : 33696,
    "title" : "Bare Essence of Life",
    "overview" : "Youjin is a quirky young man living in Aomori Prefecture, Japan. Yojin has a difficult time sitting still and can't focus on extended conversations. His life revolves around farming his grandmother's vegetable garden. Yojin experiences a new kind of feeling when he meets a pretty young lady named Machiko. The feelings are strong enough that he feels the need to be with her and gain her affection.",
    "genres" : [ {
      "id" : 18,
      "name" : "Drama"
    }, {
      "id" : 10769,
      "name" : "Foreign"
    } ]
  }, {
    "id" : 33701,
    "title" : "French Fried Vacation 2",
    "overview" : "In this sequel to Les Bronzes (1978) summer has passed, but that doesn't mean the fun has to end for Bernard, Nathalie, Gigi, Jerome, Popeye, Jean-Claude, and Christiane.",
    "genres" : [ {
      "id" : 35,
      "name" : "Comedy"
    } ]
  }, {
    "id" : 33706,
    "title" : "Aag",
    "overview" : "",
    "genres" : [ {
      "id" : 10749,
      "name" : "Romance"
    }, {
      "id" : 18,
      "name" : "Drama"
    } ]
  }, {
    "id" : 33711,
    "title" : "Oh Teacher",
    "overview" : "Oswald's sweetheart is stolen by a schoolyard bully, so he has to fight him during recess to win her back.",
    "genres" : [ {
      "id" : 16,
      "name" : "Animation"
    } ]
  }, {
    "id" : 33716,
    "title" : "Die Schattenparker - Das böse Unbekannte in Freiburg",
    "overview" : "Wie in vielen anderen Städten leben auch in Freiburg Menschen in Wohnwagen und umgebauten LKWs. Ende 2005 ergeht ein Räumungsbescheid für das Gelände, auf das sich bis dato die seit 12 Jahren immer wieder der Vertreibung und Repression ausgesetzten WagenbewohnerInnen ’Schattenparker’ zurückziehen konnten. Doch die Schattenparker kämpfen mit öffentlichen Aktionen für die Akzeptanz ihrer Wohnform",
    "genres" : [ {
      "id" : 99,
      "name" : "Documentary"
    } ]
  }, {
    "id" : 33721,
    "title" : "The Boogens",
    "overview" : "Otherworldly creatures inhabit the bootleg tunnels underneath a small town mining community, and they kill any of the townsfolk who invade their home.",
    "genres" : [ {
      "id" : 27,
      "name" : "Horror"
    } ]
  }, {
    "id" : 33726,
    "title" : "Can-Can",
    "overview" : "1896, Montmartre: the Can-Can, the dance in which the women lift their skirts, is forbidden. Nevertheless Simone has it performed every day in her night club. Her employees use their female charm to let the representatives of law enforcement look the other way - or even attend the shows. But then the young ambitious judge Philippe Forrestier decides to bring this to an end. Will Simone manage to twist him round her little finger, too? Her boyfriend Francois certainly doesn't like to watch her trying.",
    "genres" : [ {
      "id" : 18,
      "name" : "Drama"
    }, {
      "id" : 10402,
      "name" : "Music"
    }, {
      "id" : 10749,
      "name" : "Romance"
    } ]
  }, {
    "id" : 33731,
    "title" : "Marjorie Morningstar",
    "overview" : "While working as a counselor at a summer camp, college-student Marjorie Morgenstern falls for 32-year-old Noel Airman, a would-be dramatist working at a nearby summer theater. Like Marjorie, he is an upper-middle-class New York Jew (born 'Ehrman'), but has fallen away from his roots, and Marjorie's parents object among other things to his lack of a suitable profession, such as medicine or law. Noel himself warns Marjorie repeatedly that she's much too naive and conventional for him, but they nonetheless fall in love. As they pursue an on-again-off-again relationship, Marjorie completes her studies at Hunter College, and works to establish an acting career, while Noel first leaves the theater for a job with an advertising agency, but later completes a musical he'd started writing before he and Marjorie had first met.",
    "genres" : [ {
      "id" : 18,
      "name" : "Drama"
    }, {
      "id" : 10749,
      "name" : "Romance"
    } ]
  }, {
    "id" : 33736,
    "title" : "Salt and Pepper",
    "overview" : "London nightclub owners (Sammy Davis Jr., Peter Lawford) play spy and foil a military madman out to overthrow the government.",
    "genres" : [ {
      "id" : 28,
      "name" : "Action"
    }, {
      "id" : 35,
      "name" : "Comedy"
    }, {
      "id" : 53,
      "name" : "Thriller"
    } ]
  }, {
    "id" : 33766,
    "title" : "Smooth Talk",
    "overview" : "Based on the short story, \"Where Are You Going, Where Have You Been\", by Joyce Carol Oates, this film chronicles a 15-year-old girl, Connie's, sexual awakening in the Northern California suburbs. Her experimenting begin to get out of hand when the mysterious Arnold Friend takes an interest in her.",
    "genres" : [ {
      "id" : 18,
      "name" : "Drama"
    }, {
      "id" : 10749,
      "name" : "Romance"
    } ]
  } ]
}