{
  "movies" : [ {
    "id" : 487626,
    "title" : "An Imagined Conversation: Kanye West & Stephen Hawking",
    "overview" : "Over a Chinese food picnic at the beach, Stephen Hawking and Kanye West discuss Dance moves, Drake and the art of Divination",
    "genres" : [ ]
  }, {
    "id" : 487631,
    "title" : "Adoration",
    "overview" : "Paul is a 12 year old boy who lives with his mother, a nurse working at a mental institution in the middle of a forest. While visiting his mother at the clinic, Paul crosses paths with Gloria, a schizophrenic teenager, and falls in love with her to the point that he decides to help her escape at all costs after she commits a crime. The pair embarks on a trip across the Ardennes woods which will reveal the extent of Gloria’s dangerous madness and Paul’s devotion to her.",
    "genres" : [ {
      "id" : 18,
      "name" : "Drama"
    } ]
  }, {
    "id" : 487646,
    "title" : "Estampas de Siria",
    "overview" : "People and places that once were and which now only exist in the form of pictures, including postcards and snapshots.",
    "genres" : [ ]
  }, {
    "id" : 487651,
    "title" : "A Victim of Jealousy",
    "overview" : "The young husband's irrational jealousy makes him suspicious of every attention bestowed upon his wife. Even the minister, who performed their marriage ceremony, making a pastoral call annoys him. They attend a social gathering, and his ill-concealed perturbation at his young wife's affability with all present spoils her evening's pleasure, and finally induces her to ask to be taken home. Arriving home, a stormy scene ensues, and there might have been a separation but for the wife's subtleness in placing within his range delicate reminders of her own gentleness.",
    "genres" : [ ]
  }, {
    "id" : 487656,
    "title" : "Koliva",
    "overview" : "In a poor Macedonian village, overwhelmed by the daily duties of a typical housewife, DANA's life revolves around her mother, husband and three children. On the day of the traditional pig slaughter, instead of the usual butcher, the appearance of her former lover MARKO, draws her deeply buried secrets and fears back to the surface.",
    "genres" : [ {
      "id" : 18,
      "name" : "Drama"
    } ]
  }, {
    "id" : 487661,
    "title" : "Muggsy's First Sweetheart",
    "overview" : "A young fellow visits a girl's home with unpredictable complications.",
    "genres" : [ ]
  }, {
    "id" : 487666,
    "title" : "World of Plenty",
    "overview" : "An opening narration explaining that the film's purpose is to examine the \"world strategy of food\", in terms of its production, distribution and consumption. The film is then divided into three parts: \"Food - As It Was\", \"Food - As It Is\" and \"Food - As It Might Be\".",
    "genres" : [ {
      "id" : 99,
      "name" : "Documentary"
    } ]
  }, {
    "id" : 487671,
    "title" : "Ety Hitsan",
    "overview" : "Ety Hitsan follows a man whose family life is shaken to its core when his maid falls pregnant and claims that the child is his. His wife, son and friends are all pulled into his personal maelstrom as he not only faces the possibility of losing all he has, but also coming to harm at the hands of a man who stalks him.",
    "genres" : [ ]
  }, {
    "id" : 487676,
    "title" : "Ball at Savoy",
    "overview" : "A British diplomat falls in love with a famous singer when he meets her in Cannes.",
    "genres" : [ {
      "id" : 35,
      "name" : "Comedy"
    }, {
      "id" : 10749,
      "name" : "Romance"
    }, {
      "id" : 10402,
      "name" : "Music"
    } ]
  }, {
    "id" : 487681,
    "title" : "Gettin' Wet on Wet with Deadpool 2",
    "overview" : "Another funny teaser for Deadpool 2.",
    "genres" : [ {
      "id" : 35,
      "name" : "Comedy"
    } ]
  }, {
    "id" : 487686,
    "title" : "Halo Collection",
    "overview" : "The Halo series follows adventures of various characters based on the popular video games of  the same name",
    "genres" : [ ]
  }, {
    "id" : 487691,
    "title" : "Déculottez-vous mesdemoiselles",
    "overview" : "The film opens with Marilyn Jess and Julai Perrin being made to remove their panties by the headmaster.Then there is an abrupt cut to Dominique Saint Claire (Madame Birch, the owner of the Pensionnat Birch) leading a horse accross a field accompanied by Danièle Troeger. Cut to Jean-Pierre Armand, with curly hair and moustache, driving a bus up to Dominique's house. He goes in and she plays the dominatrix in a b/g scene dressed in her hacking jacket.",
    "genres" : [ ]
  }, {
    "id" : 487696,
    "title" : "雨のめぐり逢い",
    "overview" : "Japanese drama film.",
    "genres" : [ {
      "id" : 9648,
      "name" : "Mystery"
    }, {
      "id" : 18,
      "name" : "Drama"
    } ]
  }, {
    "id" : 487706,
    "title" : "Eine kleine Liebe",
    "overview" : "",
    "genres" : [ {
      "id" : 10749,
      "name" : "Romance"
    } ]
  }, {
    "id" : 487711,
    "title" : "Kata",
    "overview" : "A film by Robert Fulton.",
    "genres" : [ ]
  }, {
    "id" : 487716,
    "title" : "The Contender",
    "overview" : "In the winter of 2012, Certified Master Chef Rich Rosendale and Corey Siegel earned the opportunity to represent the United States in the prestigious cooking competition known as the Bocuse d'Or. Held every two years in Lyon, France, the Bocuse d'Or represents the pinnacle of competition cooking. With the United States determined to make the podium for the first time ever, Rich and Corey embark on an intense one-year training regimen that includes the construction of a secret test kitchen inside of a decommissioned cold war bunker. Together with some of America's greatest chefs, they will vie for culinary glory at the Bocuse d'Or in Lyon, France.",
    "genres" : [ {
      "id" : 99,
      "name" : "Documentary"
    } ]
  }, {
    "id" : 487721,
    "title" : "Eddie Bravo Invitational 9: The Light Heavyweights (205 Pounds)",
    "overview" : "16 of the worlds best Jiu Jitsu practitioners in the world compete for the top prize in submission only grappling",
    "genres" : [ ]
  }, {
    "id" : 487726,
    "title" : "時の輝き",
    "overview" : "Yuka came to work as an intern nurse at a hospital and she met Shunichi again. They were school friends, and she liked him. But, she found out that Shunichi had an osteosarcoma.",
    "genres" : [ {
      "id" : 10749,
      "name" : "Romance"
    }, {
      "id" : 18,
      "name" : "Drama"
    } ]
  }, {
    "id" : 487731,
    "title" : "Telepathy: A Mantis Origin Story",
    "overview" : "Telepathy is a thigh busting story of actress Mia Malkova who, under the influence of a mutated strain of lesbian virus we now know as Dr.Elixor's Blooming Tea. Lesbianism is only one of the effects derived from the woman made virus. Mia's reaction gives her the ability to read the minds of the women she meets. Witness a corporate battle between a Conservative organization called AWAL, and the progressive homo-supportive secret agency MANTIS in this heavy and wet tale, as we follow Mia from her first moment on set, with the real \"Turning\" patient zero Halle White (Adriana Chechik), to the final stage of MANTIS' top secret plan, where unsuspecting Mia finally submits to the bidding of MANTIS, using her new gift to begin yet another chain of events led by her miraculous gift of intuition that brings us to a culmination of corporate lesbian revenge!",
    "genres" : [ ]
  }, {
    "id" : 487736,
    "title" : "Khakee",
    "overview" : "The story of Khakee is based on a true incident of a high profile case handled successfully by the Tamil Nadu Police in the 90s. Theeran, a police officer is entrusted with the task to solve the mystery behind a series of murders. The only clue left behind is, all the murders are committed in the same pattern. How he solves the case, forms the crux.",
    "genres" : [ ]
  }, {
    "id" : 487741,
    "title" : "East of Sweden",
    "overview" : "Three men meet on a night train on the border of Finland and Sweden. All three are concealing something, and a sudden confrontation amongst them leads to disastrous consequences, with two of them being forced to make a joint decision.",
    "genres" : [ {
      "id" : 53,
      "name" : "Thriller"
    }, {
      "id" : 18,
      "name" : "Drama"
    } ]
  }, {
    "id" : 487746,
    "title" : "WWE Survivor Series 2017",
    "overview" : "Survivor Series (2017) is an upcoming professional wrestling pay-per-view (PPV) event and WWE Network event, produced by WWE for the Raw and SmackDown brands. It will take place on November 19, 2017, at the Toyota Center in Houston, Texas, and will be the thirty-first event under the Survivor Series chronology.",
    "genres" : [ ]
  }, {
    "id" : 487756,
    "title" : "Le stanze aperte",
    "overview" : "",
    "genres" : [ ]
  }, {
    "id" : 487761,
    "title" : "Dámaris Live, Not Ashamed",
    "overview" : "Dámaris gives her testimony and an energetic performance of these favorites with a live 40 piece orchestra and 150 voice choir.  Songs:  At The Name of Jesus  No, Not One  He is the Answer  Christ In Me  In the Presence of Jehovah  Is There Anything Too Hard For the Lord  He Has Forgiven Me  Giving My Life Away  He’s Been Faithful  I Am Not Ashamed of the Gospel",
    "genres" : [ ]
  }, {
    "id" : 487766,
    "title" : "Before Vanishing",
    "overview" : "This film revolves around the Barada river that runs through Damascus and used to be the traditional source of its wealth. Nowadays, the river is polluted and on the point of drying out, and only runs through the city as a poor trickle.",
    "genres" : [ {
      "id" : 99,
      "name" : "Documentary"
    } ]
  }, {
    "id" : 487771,
    "title" : "Fear and Love",
    "overview" : "\"Love + fear = Torment\" exposes the secret world of the French model studios, and the men who try to corrupt them. Mobsters become involved when fifty-thousand dollars worth of uncut gems are stolen. A model studio becomes terrorized as one of the models innocently befriends one of the mobsters.",
    "genres" : [ {
      "id" : 80,
      "name" : "Crime"
    } ]
  }, {
    "id" : 487776,
    "title" : "The Lord of the Rings - The Appendices Part 3: The Journey Continues",
    "overview" : "Behind the scenes material portraying the making of the Lord of the Rings films.",
    "genres" : [ ]
  }, {
    "id" : 487781,
    "title" : "The Lord of the Rings - The Appendices Part 6: The Passing of an Age",
    "overview" : "Behind the scenes material portraying the making of the Lord of the Rings films.",
    "genres" : [ ]
  }, {
    "id" : 487786,
    "title" : "The Looming Storm",
    "overview" : "Yu, a self-assured factory guard, fancies himself a detective and begins poking his nose into a murder investigation.",
    "genres" : [ {
      "id" : 80,
      "name" : "Crime"
    }, {
      "id" : 9648,
      "name" : "Mystery"
    }, {
      "id" : 53,
      "name" : "Thriller"
    } ]
  }, {
    "id" : 487791,
    "title" : "Billy The Kid New Evidence",
    "overview" : "In a California memorabilia shop in 2010, collector Randy Guijarro bought a tintype that looked to be a familiar figure, Billy the Kid - playing croquet with his gang known as The Regulators. As the gravity of the discovery began to set in, Guijarro initiated a chain of events that would lead him on a painstaking journey to verify the photograph's authenticity.",
    "genres" : [ {
      "id" : 99,
      "name" : "Documentary"
    } ]
  }, {
    "id" : 487806,
    "title" : "Los corroboradores",
    "overview" : "Paris. Suzanne, a French journalist and researcher, travels to Buenos Aires, contacted by Martin Dressler. However, Dressler never shows up for their meeting. So, Suzanne begins to investigate, touring the most important buildings of the city. She learns that The Corroborators were a secret Buenos Aires society that, at the end of the 19th Century, proposed to copy Paris in Buenos Aires. The Corroborators sent photographs and architects to Paris to create the most perfect replica possible. However, in the 1930s, they disappeared mysteriously, and became a doubtful myth until today. Suzanne believes that they are behind the disappearance of Dressler. And that they are after her. Through unreleased documents and interviews with specialists, not only is the already known history of the famous buildings of the \"Paris of the River Plate” reviewed, but also we learn of new information and missing pieces to a jigsaw puzzle that to this day remains unfinished.",
    "genres" : [ ]
  }, {
    "id" : 487811,
    "title" : "Basho",
    "overview" : "An adaptation of Matsuo Basho's poem Travelogue of Weather-Beaten Bones.",
    "genres" : [ ]
  }, {
    "id" : 487816,
    "title" : "To My Family",
    "overview" : "A short film featuring images of his grandfather’s just-demolished shoe-repair shop in 1972",
    "genres" : [ ]
  }, {
    "id" : 487821,
    "title" : "Betty's Corner Cafe",
    "overview" : "This short tells the story of a cafe where steel workers come to eat.",
    "genres" : [ {
      "id" : 99,
      "name" : "Documentary"
    } ]
  }, {
    "id" : 487826,
    "title" : "Like Nothing Happened (short version)",
    "overview" : "A maiden work by Ryusuke Hamaguchi, and the origin to his later masterpieces \"Passion\" (2008), and the 255 minute long \"Intimacies\" (2012). The unusual, usual life and the ever wandering souls of 5 young men and women, captured on 8mm film.",
    "genres" : [ ]
  }, {
    "id" : 487831,
    "title" : "Braddock Food Bank",
    "overview" : "In this film, Buba struggles over whether he should make a film about a food bank, or just use the money to donate food to the bank. In the end, he leaves it up to the viewer.",
    "genres" : [ {
      "id" : 99,
      "name" : "Documentary"
    } ]
  }, {
    "id" : 487836,
    "title" : "Melker",
    "overview" : "Melker remembers when he was twelve; a turbulent year that started out in love and joy and ended in jealousy and sadness. Electric eels, school police, expensive video games, prestigious carpets, jumping castles and an Indian Grackle helped to make the transition from child to a lost teenager even more dreadful.",
    "genres" : [ ]
  }, {
    "id" : 487841,
    "title" : "How to Build a Boat",
    "overview" : "A group of Cuban fishermen work along the Cuba-US marine border area (Santa Cruz del Norte-Florida), and are involved with political issues and ongoing illegal migration. Yet they try to continue their normal fishermen life in their country.",
    "genres" : [ {
      "id" : 99,
      "name" : "Documentary"
    } ]
  }, {
    "id" : 487846,
    "title" : "Nisida - Storie maledette di ragazzi a rischio",
    "overview" : "The story of a group of teenagers who are sent to a juvenile detention center.",
    "genres" : [ ]
  }, {
    "id" : 487851,
    "title" : "Lunch with Gertrude Stein",
    "overview" : "A fairy is invited for lunch by Gertrude Stein, and suddenly the world changes.",
    "genres" : [ {
      "id" : 14,
      "name" : "Fantasy"
    } ]
  }, {
    "id" : 487856,
    "title" : "Fireworks Revisited",
    "overview" : "This lesbian re-working of Kenneth Anger's homoerotic classic, is a heady mix of influences from the avant garde to girl gang movies.",
    "genres" : [ ]
  }, {
    "id" : 487861,
    "title" : "Dirty Games",
    "overview" : "The beautiful daughter of a murdered scientist determines to apprehend her father's brutal killer at a nuclear waste site they're both inspecting as part of a team of international delegates. But the visiting scientists soon realize that ruthless terrorists intend to blow up the complex.",
    "genres" : [ ]
  }, {
    "id" : 487866,
    "title" : "Look See",
    "overview" : "An experimental series of sequences.",
    "genres" : [ ]
  }, {
    "id" : 487871,
    "title" : "The Illusion",
    "overview" : "Susana Barriga’s documentary, the illusion, begins with violence. A long shot reveals a man standing on a street corner, his features indiscernible in the night. He moves out of the camera’s line of vision, but the filmmaker, persistent, moves with him as the jostling of the camera marks her steps. As we learn moments later, the man in the distance is Susana’s father – and this is the clearest image of him we will have. Suddenly, an angry British man demands that Susana cease filming. Susana protests in heavily accented English, “He is my father!” Glimpses of a man’s torso are followed by blurred images as the camera spins rapidly over surfaces. The image cuts to black. A new male voice asks in carefully spaced out words if Susana would like him to call the police. When she doesn’t respond immediately, he speaks louder, as though volume would compensate for the language difference. She gives her name; she refuses the offer of an ambulance.",
    "genres" : [ {
      "id" : 99,
      "name" : "Documentary"
    } ]
  }, {
    "id" : 487876,
    "title" : "The Night the City Screamed",
    "overview" : "A massive blackout plunges an American city into a night of terror.",
    "genres" : [ {
      "id" : 18,
      "name" : "Drama"
    }, {
      "id" : 80,
      "name" : "Crime"
    } ]
  }, {
    "id" : 487881,
    "title" : "Fukushima und die Mopsfledermaus",
    "overview" : "Documentary about renewable energy in Germany.",
    "genres" : [ ]
  }, {
    "id" : 487886,
    "title" : "Ivul Unmade",
    "overview" : "Super 8 sniping on the set of Andrew Kötting’s third feature Ivul",
    "genres" : [ ]
  }, {
    "id" : 487891,
    "title" : "Las Vegas Free-For-All",
    "overview" : "The Crazy Cats, a Japanese musical-comedy group, were showcased a series of comic adventures throughout the 1960s. Las Vegas Free-For-All, one of their most popular movies, featured scenes filmed on location in Las Vegas, Los Angeles, and Hawaii. Appearing with the seven Cats were the lovely Mie Hama and such Japanese musical artists as The Peanuts, The Johnnys, The Drifters, and Jackie Yoshikawa & the Blue Comets.",
    "genres" : [ {
      "id" : 35,
      "name" : "Comedy"
    }, {
      "id" : 12,
      "name" : "Adventure"
    }, {
      "id" : 28,
      "name" : "Action"
    } ]
  }, {
    "id" : 487896,
    "title" : "The Ball is a Scumbag",
    "overview" : "\"Sometimes the ball is bewitched,\" says legendary soccer coach Rudi Gutendorf. He's the one who would know, after having coached 6 first division soccer teams in Germany alone and countless others in 38 countries around the world.",
    "genres" : [ {
      "id" : 99,
      "name" : "Documentary"
    } ]
  }, {
    "id" : 487901,
    "title" : "Visitor from the Grave",
    "overview" : "The mentally unbalanced wife of a crooked businessman kills a would-be rapist who also happens to be a business rival of her husbands. The corpse seems to return from the grave to terrorize the wife... or is it only in her mind? Released on TV in the UK as part of the Hammer House of Horror series, this was a VHS feature release in the U.S. with added Elvira commentary on the ThrillerVideo label.",
    "genres" : [ {
      "id" : 27,
      "name" : "Horror"
    } ]
  }, {
    "id" : 487906,
    "title" : "Rude Awakening",
    "overview" : "A real estate broker finds himself having dreams that seem to be incredibly real. They are so real, in fact, that he begins to wonder which is the dream and which is reality. Released on TV in the UK as part of the Hammer House of Horror series, this was a VHS feature release in the U.S. with added Elvira commentary on the ThrillerVideo label.",
    "genres" : [ {
      "id" : 27,
      "name" : "Horror"
    } ]
  }, {
    "id" : 487911,
    "title" : "Athens Gigolo",
    "overview" : "A zigolo falls victim to a well-intentioned plan that aims to incriminate him for killing a foreign agent.",
    "genres" : [ {
      "id" : 18,
      "name" : "Drama"
    } ]
  }, {
    "id" : 487916,
    "title" : "Human Watch",
    "overview" : "Odysseas Akribos is a watchmaker and wants his life to roll like clock. However, the death of his partner and his children's comrades, Angelos and Katia, will deconstructed him. He will try to put his old life in order starting with his co-operative, Electra.",
    "genres" : [ ]
  }, {
    "id" : 487921,
    "title" : "Sweet Things",
    "overview" : "A woman finally get the job she's been waiting for, but a sweet offer never comes without a bitter aftertaste.",
    "genres" : [ ]
  }, {
    "id" : 487936,
    "title" : "I Have Something to Tell You",
    "overview" : "A short documentary on Adrain Chesser, a Florida-born photographer, who used his craft to cope with his HIV/AIDS diagnosis.",
    "genres" : [ {
      "id" : 99,
      "name" : "Documentary"
    } ]
  }, {
    "id" : 487941,
    "title" : "Bravengers: Age of Buldgetron",
    "overview" : "When multi-millionaire sex toy entrepreneur Horny Fark's newest creation, the highly intelligent and super-horny Sexbot, launches an international dry-humping catastrophe, it's up the BRAvengers to save the day!",
    "genres" : [ ]
  }, {
    "id" : 487951,
    "title" : "Unfaithful Wives 9",
    "overview" : "Brandi Love: Her husband goes to work and she goes to work on a hard dick! Phoenix Marie: Thick, naughty wife in sexy lingerie! Audrey Show: Hubby paid for the massage and she fucked the masseur! Colette Adams: Sure she loves her husband, she just loves other dick too! Sabrina Cyns: And her husband thinks those huge tits are all his!",
    "genres" : [ ]
  }, {
    "id" : 487956,
    "title" : "Benim Babam Bir Melek",
    "overview" : "",
    "genres" : [ {
      "id" : 10751,
      "name" : "Family"
    }, {
      "id" : 18,
      "name" : "Drama"
    }, {
      "id" : 35,
      "name" : "Comedy"
    } ]
  }, {
    "id" : 487961,
    "title" : "The Leader's Way. Breaking The Vicious Circle",
    "overview" : "The film tells about Nursultan Nazarbayev who went into politics and made efforts to improve the existing at that time difficult situation in Kazakhstan’s metallurgy.",
    "genres" : [ ]
  }, {
    "id" : 487966,
    "title" : "When We were in Our 'Teens",
    "overview" : "Diplomacy was not Tom's strong suit. So when May showed to him her latest painting he poured scorn on it. He was anxious to discourage her from painting, knowing full well that she would never become a great artist. Howard, his rival, was more diplomatic. He praised her efforts, and is at once the top-notcher in May's esteem.",
    "genres" : [ ]
  }, {
    "id" : 487971,
    "title" : "Star Wars Episode I.I: The Phantom Edit",
    "overview" : "Star Wars Episode I.I: The Phantom Edit is a fan edit of the film Star Wars: Episode I - The Phantom Menace, removing many elements of the original film. The purpose of the edit, according to creator Mike J. Nichols, was to make a much stronger version of The Phantom Menace based on the previous execution and philosophies of film storytelling and editing of George Lucas. The Phantom Edit was the first unauthorized re-edit of The Phantom Menace to receive major publicity and acclaim.",
    "genres" : [ ]
  }, {
    "id" : 487976,
    "title" : "La Provence vue du ciel",
    "overview" : "",
    "genres" : [ {
      "id" : 99,
      "name" : "Documentary"
    } ]
  }, {
    "id" : 487981,
    "title" : "Rise",
    "overview" : "Rise is a short film produced by Crew Q, students of Staffordshire University. It was shot in Ambleside with thanks to Duncan Smith at The Fresh Bread Shop.",
    "genres" : [ ]
  }, {
    "id" : 487986,
    "title" : "Unser Vater, der Spion",
    "overview" : "",
    "genres" : [ {
      "id" : 99,
      "name" : "Documentary"
    } ]
  }, {
    "id" : 487996,
    "title" : "Der lange Nachkrieg",
    "overview" : "",
    "genres" : [ {
      "id" : 99,
      "name" : "Documentary"
    } ]
  }, {
    "id" : 488001,
    "title" : "Projection sur Canapé",
    "overview" : "Movie night at home. At the end of the film, Lucie and Manu start a conversation about travelling. While they smoke and drink wine, they exchange ideas, talk about their needs and expectations.",
    "genres" : [ ]
  }, {
    "id" : 488006,
    "title" : "We Remember Differently",
    "overview" : "An exploration of memory, testimony and cross cultural perspectives through close examination of the relationship between mother and daughter. A white South African middle-class mother and daughter are brought together by the mother's illness. That closeness is more than metaphorical: the daughter must get into the bath to wash her weakened mother. Perhaps prompted by that, the two begin to exhume personal memory - discovering how they recall the past differently and how these nuances of shared experiences shape their perceptions of the present. This contested past is evoked by archival Super-8 footage that is as absorbing as the spinal narrative.",
    "genres" : [ ]
  }, {
    "id" : 488011,
    "title" : "Ha’rav",
    "overview" : "Michael is a charismatic rabbi and much admired in a Jerusalem Yeshiva. A revealing confession made by Gadi, his favorite student, will shake the Rabbi's familiar and secure world.",
    "genres" : [ ]
  }, {
    "id" : 488016,
    "title" : "Taisei Kensetsu: Vietnam Noi Bai Kuukou",
    "overview" : "A 30-second animated commercial for the construction company Taisei. The commercial highlights Terminal 2 of Nội Bài International Airport that Taisei built in Hanoi, Vietnam.",
    "genres" : [ {
      "id" : 16,
      "name" : "Animation"
    } ]
  }, {
    "id" : 488021,
    "title" : "spring at the strand",
    "overview" : "Change. It's coming. Spring arrives in West London.",
    "genres" : [ ]
  }, {
    "id" : 488026,
    "title" : "Love Place: Shiawase no Katachi",
    "overview" : "",
    "genres" : [ {
      "id" : 10749,
      "name" : "Romance"
    } ]
  }, {
    "id" : 488031,
    "title" : "Driven",
    "overview" : "Essie, a mountain girl, moves in with a family of neighboring bootleggers when her father, also a bootlegger, is killed by federal agents. She falls in love with Tom, one of the family's brothers, but another brother, the violent and brutal Lem, decides he wants her for himself, and beats Tom badly. What the girl doesn't know is that it wasn't the feds who killed her father--it was Lem. Complications ensue.",
    "genres" : [ {
      "id" : 18,
      "name" : "Drama"
    } ]
  }, {
    "id" : 488036,
    "title" : "Alien Intrusion: Unmasking a Deception",
    "overview" : "A look at UFO's from a Christian point of view.",
    "genres" : [ {
      "id" : 99,
      "name" : "Documentary"
    } ]
  }, {
    "id" : 488041,
    "title" : "Busman's Holiday",
    "overview" : "A bus conductor and his driver manage to round up a gang of criminals.",
    "genres" : [ {
      "id" : 35,
      "name" : "Comedy"
    } ]
  }, {
    "id" : 488046,
    "title" : "Cafe Mascot",
    "overview" : "A young man discovers £1,000 in a taxi. The kindly man gives it to an impoverished Irish girl (Geraldine Fitzgerald) by investing it in her cafe, The Cafe Mascot.",
    "genres" : [ {
      "id" : 35,
      "name" : "Comedy"
    } ]
  }, {
    "id" : 488056,
    "title" : "The Adventures of Pericles - Stratford Festival of Canada",
    "overview" : "A storm at sea brings love into the life of Pericles, Prince of Tyre – and another snatches it away. Filled with music and brilliant spectacle, this magical production of Shakespeare’s epic adventure is a delight for the eye and ear as it follows a fairy-tale hero on his miraculous journey to one of drama’s most poignant reunions. A story rarely told – and one you won’t soon forget.",
    "genres" : [ ]
  }, {
    "id" : 488061,
    "title" : "Thé à la menthe ou t'es citron ? (théâtre)",
    "overview" : "",
    "genres" : [ {
      "id" : 35,
      "name" : "Comedy"
    } ]
  }, {
    "id" : 488066,
    "title" : "No Humans Involved",
    "overview" : "This movie is in pre production and no information is currently available.",
    "genres" : [ {
      "id" : 53,
      "name" : "Thriller"
    }, {
      "id" : 18,
      "name" : "Drama"
    }, {
      "id" : 28,
      "name" : "Action"
    }, {
      "id" : 80,
      "name" : "Crime"
    } ]
  }, {
    "id" : 488071,
    "title" : "The Rancher",
    "overview" : "A series of terrible dreams unhinge a man in power.  The Rancher is a parafictional newsreel film featuring an anonymous president during wartime. The reworked footage, sampled from newsreels about Lyndon Baines Johnson, presents a more fraught portrait of the daily life of this archetypical president. As he escalates military involvement, the president is plagued by terrible dreams that result in the unraveling of public opinion about the war. The narrative of The Rancher largely parallels LBJ’s administration as well as ones from more recent history.",
    "genres" : [ ]
  }, {
    "id" : 488076,
    "title" : "Fear Us Women",
    "overview" : "Fear Us Women follows Hanna Bohman, a Canadian civilian who has spent the last three years in Syria as a volunteer soldier of the YPJ, an all-female Kurdish army, battling ISIS.",
    "genres" : [ ]
  }, {
    "id" : 488086,
    "title" : "Los cazafantasmas de Petatiux",
    "overview" : "City Hall functionary takes responsibility for training a bunch of bozos as bicycle cops. Meanwhile, a different bunch of bozos is dressing up as ghosts and bothering people.",
    "genres" : [ ]
  }, {
    "id" : 488091,
    "title" : "Long Walk Home",
    "overview" : "A dark romantic comedy about a young couple from London. A decision to walk home one night, rather than taking a taxi, brings out the very different secrets that they have been keeping from one another.",
    "genres" : [ {
      "id" : 35,
      "name" : "Comedy"
    }, {
      "id" : 10749,
      "name" : "Romance"
    }, {
      "id" : 18,
      "name" : "Drama"
    } ]
  }, {
    "id" : 488096,
    "title" : "Mezzanottemezzogiorno",
    "overview" : "",
    "genres" : [ {
      "id" : 99,
      "name" : "Documentary"
    } ]
  }, {
    "id" : 488101,
    "title" : "The Color of Blood",
    "overview" : "A young girl on a train finds out that her companion is a serial killer.",
    "genres" : [ ]
  }, {
    "id" : 488111,
    "title" : "Jinn",
    "overview" : "Down on her luck Dora is given a magical genie lamp that grants her a Faustian deal.... but every wish has a price.",
    "genres" : [ {
      "id" : 27,
      "name" : "Horror"
    }, {
      "id" : 14,
      "name" : "Fantasy"
    } ]
  }, {
    "id" : 488116,
    "title" : "Come Die With Me",
    "overview" : "A man kills his older brother when he is refused a loan and then is held in bondage by the housekeeper who knows of the murder.",
    "genres" : [ ]
  }, {
    "id" : 488121,
    "title" : "The Deadly Volley",
    "overview" : "A professional tennis team is suspected in the attempted murder of its owner.",
    "genres" : [ ]
  }, {
    "id" : 488126,
    "title" : "Women Seeking Women 148",
    "overview" : "Beautiful women-women sex which is sure to excite you!",
    "genres" : [ {
      "id" : 10749,
      "name" : "Romance"
    } ]
  }, {
    "id" : 488131,
    "title" : "Wig Shop",
    "overview" : "Chaya goes to Tippy's Wig Shop with the intentions of finding the woman who has been having an affair with her husband and meets Tippy, the owner of the shop, who tries to get Chaya to try a new wig, as well as others who roam in and out of the store.",
    "genres" : [ {
      "id" : 10749,
      "name" : "Romance"
    }, {
      "id" : 18,
      "name" : "Drama"
    } ]
  }, {
    "id" : 488136,
    "title" : "Lesbian Seductions: Older/Younger 58",
    "overview" : "The revealing twisted road from desire to pursuit and surrender!",
    "genres" : [ {
      "id" : 10749,
      "name" : "Romance"
    } ]
  }, {
    "id" : 488141,
    "title" : "Pilè",
    "overview" : "Pilè (Little Bird) is a short drama that captures a moment in a boy's life where his masculinity and morality are in opposition, and the life or death of a unwanted reptile is in his hands.",
    "genres" : [ {
      "id" : 14,
      "name" : "Fantasy"
    } ]
  }, {
    "id" : 488146,
    "title" : "Stravinsky: The Rake's Progress",
    "overview" : "This lavish, cinematic realisation of Stravinsky's neo-classic masterpiece, performed in English, is filmed both in studio and on location. The imaginative richness in the music is complemented by costumes and sets which are, by turn, exquisitely garish and darkly grotesque to intoxicating effect.",
    "genres" : [ {
      "id" : 10402,
      "name" : "Music"
    } ]
  }, {
    "id" : 488151,
    "title" : "Gek van geluk",
    "overview" : "Single mum Lena is struggling with her job: she's a writer of love songs, but because of the lack of romance in her life, she's not inspired anymore. Her friend Valerie thinks she has the perfect solution: she hires a jobless actor to seduce Lena.",
    "genres" : [ {
      "id" : 10749,
      "name" : "Romance"
    }, {
      "id" : 35,
      "name" : "Comedy"
    } ]
  }, {
    "id" : 488156,
    "title" : "Pregnant Pause",
    "overview" : "Steph is in a happy, long-term relationship, but now she might be pregnant she has no idea what she wants.",
    "genres" : [ {
      "id" : 10749,
      "name" : "Romance"
    }, {
      "id" : 35,
      "name" : "Comedy"
    }, {
      "id" : 18,
      "name" : "Drama"
    } ]
  }, {
    "id" : 488161,
    "title" : "Nazeikiru: Nennyo Shounin to Yozaki Enjou",
    "overview" : "",
    "genres" : [ ]
  }, {
    "id" : 488166,
    "title" : "The Best Christmas Ever!",
    "overview" : "An elf called \"Poofer\" embarks on a mission to find Santa Claus and save Christmas, traveling by magic snowflake, and accidentally goes off course and ends up in a house full of children.",
    "genres" : [ ]
  }, {
    "id" : 488171,
    "title" : "Trahere",
    "overview" : "Deep in the bosom of the native soil, among idyllic hillocks, live men and their tractors. Trahere is a short documentary on what might be the most Slovenian of all relationships: man – tractor.",
    "genres" : [ ]
  }, {
    "id" : 488176,
    "title" : "Beautiful Woman-mooi Missi",
    "overview" : "A poetic portrait about how Petra , a 30 year old transgender who was forced to suppress her true self growing up, gives in to her subconsciousness and starts her transformation to the woman she is today.",
    "genres" : [ ]
  }, {
    "id" : 488181,
    "title" : "Moderne Kunst",
    "overview" : "Bojan and his wife Ida seem to live a harmonious life, yet without any physical contact between them. She is a housewife, and he is a security guard in a museum of contemporary art.  One day, a very expensive piece of a phallic shape comes to the museum, and Bojan is assigned to ensure its safety. With its potency and symbolism, the new piece soon begins to disrupt Bojan’s marriage.",
    "genres" : [ {
      "id" : 35,
      "name" : "Comedy"
    } ]
  }, {
    "id" : 488186,
    "title" : "Waiter No. 5",
    "overview" : "After conducting a raid on a Rebel camp, a Czarist officer discovers that his wife has joined the revolutionaries. Out of loyalty to his wife, the officer resigns his commission and escapes with her to America. Several years later, the ex-officer is gainfully employed as a waiter in a Russian restaurant. For the sake of his grown son, who is engaged to marry a wealthy socialite, our hero pretends to be a man of great wealth and prestige. The truth is revealed in the final scene, but \"Waiter Number 5\" is saved from disgrace by the timely arrival of his former superior officer.",
    "genres" : [ ]
  } ]
}