{
  "movies" : [ {
    "id" : 310721,
    "title" : "Gente Comun",
    "overview" : "Mexican drug kingpin Papi (Luis Felipe Tovar) enters a turf war against a team of American mafia intruders led by Mesías (Fernando Ciangherotti). But while the battle rages, the Korean mob sees an opportunity to seize power while its enemies fight each other. Ignacio Rinza directs this darkly ironic, Tarantino-esque thriller, where the action escalates into a three-way race for control of the lucrative drug trade.",
    "genres" : [ ]
  }, {
    "id" : 310726,
    "title" : "Bluegrass",
    "overview" : "",
    "genres" : [ {
      "id" : 18,
      "name" : "Drama"
    } ]
  }, {
    "id" : 310731,
    "title" : "Levellers: Chaos Theory",
    "overview" : "This program presents two live performances by British band the Levellers. First is a complete show featuring 23 songs, including hits \"One Way\" and \"15 Years.\" Next are highlights from an acoustic set at the Buxton Opera House, with special guests Maddy Prior, Nick Burbridge, Rev Hammer and Nick Harper. The Levellers infuse their music with punk and traditional English styles to create their own brand of anarcho-activist rock.",
    "genres" : [ ]
  }, {
    "id" : 310736,
    "title" : "Mozart: Idomeneo",
    "overview" : "Mozart authority John Pritchard conducts the London Philharmonic Orchestra and the Glyndebourne Chorus in this dazzling production of Mozart's opera \"Idomeneo,\" a tale of a king who unwittingly swears to the gods that he will sacrifice his own son. Richard Lewis stars as the tragic king, and Bozena Betley is the selfless Ilia, who offers Idomeneo a way out of his dilemma. Josephine Barstow, Leo Goeke and Alexander Oliver also star.",
    "genres" : [ ]
  }, {
    "id" : 310741,
    "title" : "Pasion Extrema II",
    "overview" : "A vicious mobster (Alberto Estrella) blackmails aging fighter Jose Luis (José Luís Mósca) into one last bout, but when an unexpected injury sidelines Jose, he must help rising star Francisco (Francisco Fortuna) train to take his place. Working together to prepare for the match, the two fighters must also find a way to keep Jose's family safe from the crime lord and his brutal thugs.",
    "genres" : [ ]
  }, {
    "id" : 310746,
    "title" : "National Geographic: Lost Kingdoms of the Maya",
    "overview" : "Long before Columbus, the Maya established one of the most highly developed civilizations of their time in the jungles of Mexico and Central America. Yet this advanced society of priests, astronomers, artisans, and farmers suddenly and mysteriously collapsed more than a thousand years ago. Accompany archaeologists to Copan, Dos Pilas, and other spectacular Classic Maya ruins as they unearth artifacts and huge temples of incredible beauty. Recently deciphered hieroglyphics and other new discoveries offer astounding clues to the lives of these ancient people. You'll hear the startling story of one kingdom's downfall and its final desperate hours of violent warfare. Through spine-tingling recreations, witness ancient rituals reenacted on sites where they originally occured. And meet the enduring Maya who still maintain many of their ancestor's traditions. You'll hear the voices of a magnificent civilization as you uncover LOST KINGDOMS OF THE MAYA.",
    "genres" : [ {
      "id" : 36,
      "name" : "History"
    }, {
      "id" : 99,
      "name" : "Documentary"
    } ]
  }, {
    "id" : 310756,
    "title" : "The Fairy Tales of the Brothers Grimm: Rapunzel / The Six Servants",
    "overview" : "Based on ancient German folklore, the fairy tales created by Jakob and Wilhelm Grimm have become ageless bedtime favorites because of their magical ability to transport children into the world of the imagination. This animated adaptation of the brothers' \"Rapunzel\" concerns a sorcerer's lonely daughter locked in a tower and endowed with the most beautiful long tresses in folklore. Includes the bonus feature \"The Six Servants.\"",
    "genres" : [ ]
  }, {
    "id" : 310761,
    "title" : "The Motocross Files: Rick Johnson",
    "overview" : "With seven national titles and 61 all-time career wins under his belt, Rick Johnson sits high in the pantheon of motocross legends. This comprehensive biography pays tribute to the bad-boy racing great and his contribution to the sport. Interviews, archival photos and racing footage combine to tell the dramatic story of the Supercross pioneer and his enduring legacy in the world of motorsports.",
    "genres" : [ ]
  }, {
    "id" : 310766,
    "title" : "Thooral Ninnu Pochu",
    "overview" : "K. Bhagyaraja and Sulakshana star as two people committed by their families to an arranged marriage. As the would-be groom faithfully courts his fiancée, the two fall in love. But when the families disagree on the dowry, both sides are incensed, and the lovers' marriage is forbidden. Now, the dejected fiancé must find a way to marry his beloved. K. Bhagyaraja directs this popular Kollywood romance drama co-starring M.N. Nambiar.",
    "genres" : [ {
      "id" : 18,
      "name" : "Drama"
    }, {
      "id" : 35,
      "name" : "Comedy"
    } ]
  }, {
    "id" : 310771,
    "title" : "When the Gods Dance: Bharatanatyam, Kuchipudi: Parts 3 & 4",
    "overview" : "Continuing the look inside India's glamorous dance world, Parts 3 and 4 of this Bollywood program feature segments with both stars and talented newcomers, along with movie clips from popular musicals. Part 3 showcases dancer Urmila Satyanarayana, dance pair Narasimhachari and Smt. Vasantalakshmi, and Priyalata Arun of the Singapore Indian Fine Arts Society. Part 4 features Chitra Vishveshwara, the Trio Sisters and Zari Hussian.",
    "genres" : [ ]
  }, {
    "id" : 310776,
    "title" : "Ab ... Bas!",
    "overview" : "Career woman Somiya (Diana Hayden) meets her dream man in Karan (Shawar Ali). They soon wed, and for years all is blissful … till Somiya learns of her spouse's affair. Crushed, she confronts him -- but regrets it after Karan gets physical. Unable to endure his abuse and adultery, Somiya escapes with their daughter. When the irate Karan hunts them down and threatens to kill them, can Somiya summon her mettle and teach him a lesson he won't forget?",
    "genres" : [ ]
  }, {
    "id" : 310781,
    "title" : "Alfredo Krauss, Ruggero Raimondi and Katia Ricciarelli in Concert",
    "overview" : "This tour-de-force concert event showcases opera luminaries Alfredo Kraus, Ruggero Raimondi and Katia Ricciarelli performing arias and other songs, including \"Chanson Boheme\" from \"Carmen\" and \"Soli noi siamo\" from \"Lucrezia Borgia.\" Filmed live in Madrid and also featuring vocalists Paolo Coni and Lucia Valentini-Terrani, this program also includes \"La calunnia e un venticello\" from \"Il barbiere di Seviglia\" and many more.",
    "genres" : [ ]
  }, {
    "id" : 310786,
    "title" : "Faded Dreams",
    "overview" : "Young basketball star Dan Milano has all the makings of a pro player -- talent, skill and determination. But as he sets out to make his dream come true, Dan learns that in the world of professional basketball, talent only gets you so far. Based on a true story, this telling drama exposes the politics and corruption that run rampant in organized sports.",
    "genres" : [ ]
  }, {
    "id" : 310791,
    "title" : "My Uncle is the Green River Killer",
    "overview" : "After living with the stigma of being related to a serial killer, family members will come together to confront Gary Ridgeway in an effort to heal their own emotional wounds and to bring closure and healing to the families of the victims.",
    "genres" : [ ]
  }, {
    "id" : 310796,
    "title" : "Federico Moreno Torroba: Luisa Fernanda",
    "overview" : "Jesús López Cobos conducts and Emilio Sagi stage directs this affecting performance of Federico Moreno Torroba's zarzuela, \"Luisa Fernanda,\" recorded live at the Teatro Real in Madrid and starring Nancy Herrera in the titular role. Plácido Domingo portrays Vidal Hernando, the farmer willing to break his own heart so his much younger beloved can run away with a man her age. Bonus features include sit-downs with López Cobos and Domingo.",
    "genres" : [ ]
  }, {
    "id" : 310801,
    "title" : "Fotonovela",
    "overview" : "Shortly after arriving in the United States, Angel Guzmán (Rafael Amaya) wins the internship of his dreams with a Los Angeles photographer. But Angel never expected the job would involve demanding bosses, backstabbing co-workers and 12 lusty supermodels. Pulled in every direction, Angel scrambles to please everyone and build a career from the assignment. This knowing mockumentary co-stars Elizabeth Gutierrez and René Pereyra.",
    "genres" : [ ]
  }, {
    "id" : 310806,
    "title" : "Glass: The Perfect American",
    "overview" : "The last days of the American icon Walt Disney form a powerful and poignant subject for Philip Glass's latest opera, which was filmed at its first performances in Madrid in January 2013.",
    "genres" : [ ]
  }, {
    "id" : 310811,
    "title" : "Last of the Giants Volume II",
    "overview" : "The Union Pacific Railroad produced its classic documentary film Last of the Giants in 1959 as a fitting tribute to the world's largest steam locomotives-the Big Boys. UP cameramen filmed the Big Boys over a three-year period, which Pentrex re-released in 1992. It ran for a total of just 23 minutes, leaving hours of unused footage that was set aside for many years.",
    "genres" : [ {
      "id" : 36,
      "name" : "History"
    }, {
      "id" : 99,
      "name" : "Documentary"
    } ]
  }, {
    "id" : 310816,
    "title" : "Learning to Surf with Surfer Joe: Vol. 3: Walkin' on Water",
    "overview" : "You've learned the basics of surfing -- now refine your technique with tips from the experts. Topics include longboarding and shortboarding; positioning; surfing big waves; competition and etiquette; mental and physical fitness; and preserving the environment. Top-notch surfers such as Chris Bredesen Jr., Laurie Wilson, Yasha and Leo Hetzel, Rusty Long, John Davies, Donna Frye and more share their wisdom, advice and stories of the surfing life.",
    "genres" : [ ]
  }, {
    "id" : 310821,
    "title" : "NQC Live 2003",
    "overview" : "A slew of inspirational artists make appearances at this gathering of the National Quartet Convention, which is a magnet for some of the biggest and brightest stars in the world of Southern gospel music. Selections include \"Blow Your Trumpet, Gabriel\" by the Booth Brothers; \"Stand by Me\" by Signature Sound; \"That Little Baby\" by Gold City; \"Yes, I Am\" by the Hoppers; and \"I'm Standing on the Solid Rock\" by the Florida Boys.",
    "genres" : [ ]
  }, {
    "id" : 310826,
    "title" : "Reggae Salute",
    "overview" : "Featuring some of the hottest names in reggae and dancehall music, this live concert celebration is a treat for fans of sizzling island rhythms and irresistible beats. With artists including Junior Tucker, Baby Wayne, Leroy Smart, Jack Raddics, Professor Nuts and Chaka Demus &amp; Pliers, this is one show not to be missed.",
    "genres" : [ ]
  }, {
    "id" : 310831,
    "title" : "Rodney Perry: Nothing But the Truth",
    "overview" : "Stand-up comedian Rodney Perry (better known as Mo'Nique's wisecracking sidekick on \"The Mo'Nique Show\") takes the stage in Birmingham, Ala., to deliver the full-bodied brand of humor he's known for, mixing influences from the likes of Bill Cosby, Redd Foxx, Eddie Murphy and Richard Pryor. No subject is safe from Perry's good-humored ridicule -- from love and marriage to the ups and downs of simply being alive.",
    "genres" : [ ]
  }, {
    "id" : 310836,
    "title" : "The Demo Crew",
    "overview" : "In order to make his legal problems disappear, ANTHONY VALENTINE agrees to form an amateur men's street hockey team and represent his home town in a state-wide tournament. Although he sees this as an opportunity to keep the old gang together, the old gang does not, and very reluctantly plays along half heartedly, until one of their teammates is killed in an auto accident. Suddenly the young men feel a sense of loyalty, bond together to become better friends than they ever were, and make a pact to play this tournament in honor of their deceased buddy. With the hometown behind them and a fallen brother watching down, the team strives for the title, not knowing that, win or lose, they've already become champions.",
    "genres" : [ ]
  }, {
    "id" : 310841,
    "title" : "Smetana: The Moldau",
    "overview" : "This program features the Czech Philharmonic Orchestra and the Slovenian Philharmonic Orchestra performing Bedrich Smetana's 1874 symphonic poem, a melodic depiction of the course of the Moldau River. In addition to \"The Moldau,\" the orchestras, conducted by Libor Pesek, also perform \"The Story of the Bartered Bride,\" \"Why Shouldn't We Be Happy,\" \"Dance of the Comedians,\" \"The History of Peer Gynt\" and more.",
    "genres" : [ ]
  }, {
    "id" : 310846,
    "title" : "Sting 21: Roots Reggae",
    "overview" : "Coming to you live from Jamaica's Jam World stage, Sting 21 -- the \"Greatest Reggae Show on Earth\" -- is back with an all-star lineup of the finest reggae artists in the business, including Capelton, I-Wayne, Richie Spice, Chuck Fenda and Jah Mason. This compilation includes the festival's hottest tracks as well as the best backstage interviews, catching up with Mr. Perfect, Ghandi, Turbulence, Queen Ifrika, Bushman, and more",
    "genres" : [ ]
  }, {
    "id" : 310851,
    "title" : "The People's Palace",
    "overview" : "With a mission of collecting, preserving and making accessible the materials of human culture, the New York Public Library plays a vital role in the cultural life of the Big Apple. This film provides a multifaceted portrait of the institution. Viewers will learn about the library's history, collections and research centers as well as the individuals charged with upholding its mission while always keeping an eye to the future.",
    "genres" : [ ]
  }, {
    "id" : 310856,
    "title" : "Whensday",
    "overview" : "Documentarian Abe Benjamin stumbles across an old cassette tape in a thrift store that leads him to investigate the mysterious origin of a bamboo bike and the odd little girl who accompanies it on its journey through time. Unbeknownst to Abe, the Braughman Brothers Security Team are on the hunt for the same bike at the request of their billionaire boss and best friend Joe Panda. Chaos ensues.",
    "genres" : [ ]
  }, {
    "id" : 310861,
    "title" : "Steam in the Spring",
    "overview" : "See 8 different steam locomotives in operation in the spring season, with budding leaves, melting snow and lots of chugging and whistling.",
    "genres" : [ ]
  }, {
    "id" : 310866,
    "title" : "A Christmas Family Tragedy",
    "overview" : "Explores the Lawson Family Massacre of Christmas Day, 1929. On that day, respected tobacco farmer Charlie Lawson brutally murdered his wife and 6 of his 7 children before committing suicide; the most horrible and mysterious mass murder in North Carolina history. The Lawson murders became immortalized in a classic bluegrass murder ballad, ghost stories, tours of the crime scene, and legends broadcast nationwide. But this southern documentary shows for the first time the true tragedy: the story of the families, the continuing effect it has on the community, and the tragedy of rural domestic violence.",
    "genres" : [ ]
  }, {
    "id" : 310871,
    "title" : "War Horses of WWI",
    "overview" : "Using rare archival materials and testimony, combined with the latest historical research, this deeply moving -- and true -- story centers on the million British horses who served in World War I.",
    "genres" : [ ]
  }, {
    "id" : 310876,
    "title" : "Animal Rescue: Vol. 2: Best Cat Rescues",
    "overview" : "Cats might have nine lives, but that doesn't keep them out of the harrowing life-or-death rescue situations captured in this thrilling volume of highlights from the Emmy-nominated \"Animal Rescue\" television show. Hosted by animal lover Alex Paen, the program chronicles the rescue of a kitten trapped inside a wall, a cat stranded on top of a telephone pole and a kitty trapped inside of a burning building.",
    "genres" : [ ]
  }, {
    "id" : 310881,
    "title" : "Babes in Kong Land",
    "overview" : "When a tinkering television repairman (Bill Randolph) tries out his latest invention and zeroes in on erotic signals coming from outer space, he's transported to an otherworldly planet where an all-female tribe of insatiable natives has turned apes into their personal love slaves. With the odds in his favor -- and his oversexed libido in heaven -- he sets out to become the ladies' King Kong and live out his wildest sexual fantasies.",
    "genres" : [ ]
  }, {
    "id" : 310886,
    "title" : "Beastie Boys: Move on Up",
    "overview" : "This stellar documentary explores the career of the Beastie Boys, from their hardcore punk beginnings in 1979 to their 2011 release, \"Hot Sauce Committee Part Two.\" Rare footage and photographs, along with interviews, shed light on the enduring band.",
    "genres" : [ ]
  }, {
    "id" : 310891,
    "title" : "Bodas trágicas",
    "overview" : "Romantic triangles, rural/hacienda setting.",
    "genres" : [ ]
  }, {
    "id" : 310896,
    "title" : "Five Faces of Woman",
    "overview" : "\"The great love of his life\" happened five times; one of those women just wrote him a letter. Which one will it be?",
    "genres" : [ {
      "id" : 10402,
      "name" : "Music"
    }, {
      "id" : 18,
      "name" : "Drama"
    } ]
  }, {
    "id" : 310901,
    "title" : "Birhen Ng Manaoag",
    "overview" : "Four people come together when they're touched by the Blessed Mother in this uplifting drama. Working on a documentary about the miracles of the Virgin Mary, filmmaker Ana (Jodi Santamaria) meets disillusioned seminarian Paul. Along with terminally ill Linda (Joyce Jimenez) and pregnant teen Marie (Bianca King), the two discover roses blooming at the feet of the statue of the Virgin of Manaoag -- reviving their spirits and renewing their faith.",
    "genres" : [ {
      "id" : 18,
      "name" : "Drama"
    } ]
  }, {
    "id" : 310906,
    "title" : "George Segal: American Still Life",
    "overview" : "Documentary about the life and work of the internationally acclaimed sculptor, whose trademark life-size plaster casts are familiar to art lovers and ordinary citizens all over the world. USA Today called him \"a cultural icon.\" Segal's sculptures are in major museums and public spaces throughout the country, from the FDR Memorial in Washington to the Holocaust Memorial in San Francisco. Through scenes of him at work casting a model in his studio, interviews with fellow artists, critics and historians, Segal's own thoughtful analysis, and rare archival footage of the Pop Art movement in the '60s, the documentary tells the story of one man's search for a unique way to express himself. Although Segal died in June of 2000, all filming was done while he was healthy and working, so the documentary is very much a present-tense biography of an artist at the peak of his powers.",
    "genres" : [ ]
  }, {
    "id" : 310911,
    "title" : "HairKutt",
    "overview" : "In this chilling documentary about the power of addiction, three friends take their fourth longtime pal Bryant \"HairKutt\" Johnson to a remote cabin in the Tennessee woods, hoping to force him to kick his heroin habit. The group must cut short their trip when HairKutt's body begins to fail without the drug, and after rushing him to a hospital, the friends are dismayed to find that he quickly returns to his old ways.",
    "genres" : [ {
      "id" : 99,
      "name" : "Documentary"
    } ]
  }, {
    "id" : 310916,
    "title" : "Raqeeb",
    "overview" : "We have an intelligent and rich bachelor, Remo, an aspiring entrepreneur. He has complete world with no women in it. Thanks to his mischievous friend Siddarth that he meets Siddarth's chat friend, and soon falls in love with her.They soon marry and their world is full of happiness, until Sunny comes in the picture, as the lover of Sophie, from her past. Along with him comes the dilemma of choosing love of Sunny over comfort given by her spouse Remo. A diabolical plan is hatched between Sunny and Sophie to kill Remo by natural means, by just threatening him by fake bullets, so that he dies in an asthmatic attack, so that no suspicion is raised. And Remo is killed by Sunny, not by asthma, but by the gun. The bullets were real, indeed. Are there any other meanings behind the scenes more dark than this?",
    "genres" : [ ]
  }, {
    "id" : 310921,
    "title" : "Sunsplit",
    "overview" : "In tradition of Crash, Sunsplit is an absorbing tale of three unique Los Angeles individuals.",
    "genres" : [ {
      "id" : 27,
      "name" : "Horror"
    } ]
  }, {
    "id" : 310926,
    "title" : "Verführt - Fatal Online Affair",
    "overview" : "",
    "genres" : [ {
      "id" : 53,
      "name" : "Thriller"
    } ]
  }, {
    "id" : 310936,
    "title" : "El gran mentiroso",
    "overview" : "A respectable, married gent has made up a passel of stories to cover for his fifteen years of frequent pleasure trips to the city. One weekend, one of his city friends meets his daughter in her home town and all his lies and cover stories start unraveling.",
    "genres" : [ ]
  }, {
    "id" : 310941,
    "title" : "Der alte Feinschmecker",
    "overview" : "",
    "genres" : [ {
      "id" : 35,
      "name" : "Comedy"
    } ]
  }, {
    "id" : 310946,
    "title" : "O Povo Brasileiro",
    "overview" : "",
    "genres" : [ {
      "id" : 99,
      "name" : "Documentary"
    } ]
  }, {
    "id" : 310951,
    "title" : "Automania",
    "overview" : "Just as he does every morning, a man is preparing to jump into his car and head off to work when the remote control gizmo refuses to cooperate.",
    "genres" : [ ]
  }, {
    "id" : 310956,
    "title" : "A303: Highway to the Sun",
    "overview" : "Writer Tom Fort drives the 92-mile length of the A303 in a lovingly-restored Morris Traveller. Along the way he has many adventures - he digs up the 1960s master plan for the A303's dreams of superhighway status; meets up with a Neolithic traveller who knew the road like the back of his hand; gets to know a section of the Roman 303; uncovers a medieval murder mystery; and discovers what lies at the end of the Highway to the Sun.",
    "genres" : [ {
      "id" : 99,
      "name" : "Documentary"
    } ]
  }, {
    "id" : 310961,
    "title" : "Lær At Spille Guitar Med Ole Kibsgaard",
    "overview" : "",
    "genres" : [ ]
  }, {
    "id" : 310966,
    "title" : "Showing Some Speed",
    "overview" : "Musty, messenger boy, is assigned to deliver a cook stove to a certain address. In spite of the fact that there is no one home and the house locked up, Musty takes the stove in through the window.",
    "genres" : [ {
      "id" : 35,
      "name" : "Comedy"
    } ]
  }, {
    "id" : 310971,
    "title" : "Out Of Order",
    "overview" : "Musty is standing around in a state of confusion, so his fairy godfather appears to find him a job as a general factotum at an amusement gallery. Musty serves as a bootblack, a ticket-taker, a target at the shooting gallery and a rope to block off a non-working escalator.",
    "genres" : [ {
      "id" : 35,
      "name" : "Comedy"
    } ]
  }, {
    "id" : 310976,
    "title" : "Drive-In Gamo",
    "overview" : "Saki and Toshi were born and raised at the shabby \"Drive in Gamo,\" located on the side of a road. Their father was a yakuza but he was kicked out of the group. Because of their father, Saki and Toshi were known as being part of the idiot family. Saki in desperation with her life became a troubled kid. She got pregnant and ran away from family. But one day, Saki who suffered from physical violence by her husband, comes back home.",
    "genres" : [ ]
  }, {
    "id" : 310981,
    "title" : "Mars in the Well",
    "overview" : "In 2053, Saigon, Vietnam is submerged in water. People have to move to the higher places for survival. The Vietnamese government has tried more than once to carry people to Mars, but their attempt turns out to be just a bitter failure.",
    "genres" : [ ]
  }, {
    "id" : 310986,
    "title" : "The Weight",
    "overview" : "The wife of a middle-aged stone miner bears child while he is in a relationship with an enchanted black figure. A fettered commitment to an unborn child he already loves and a wife he despises torments the man. The enchanted lover offers him uncertain seduction. And he must choose, just as every dark creature must only pick between painful fates.",
    "genres" : [ ]
  }, {
    "id" : 310991,
    "title" : "Countdown to Merger",
    "overview" : "With just six days remaining before Santa Fe was to be merged with the Burlington Northern, Pentrex set out to do something special to mark the occasion. It was decided to document these last few days of Santa Fe's independence by capturing the action along the Marceline Subdivision. Starting at Fort Madison, Iowa, we began a trek that took us across the isolated Missouri hills and river valleys toward Kansas City. Experiencing all types of weather, we had our share of both sunshine and rain as we relentlessly sought out photo locations along the double-tracked line. Step by step, and day by day, we made our way toward Kansas City, arriving there on the afternoon of Santa Fe's last full day, September 21, 1995.",
    "genres" : [ {
      "id" : 99,
      "name" : "Documentary"
    } ]
  }, {
    "id" : 310996,
    "title" : "The Secret Path",
    "overview" : "A love story. Theo and Frank are on the run from the British Navy in the early 1800's. They hide in the grounds of an abandoned country house and discover it's more than the living they're running from.",
    "genres" : [ ]
  }, {
    "id" : 311001,
    "title" : "Ski Mistress",
    "overview" : "Celia Berni is facing the possibility of receiving an inheritance and is forced pretend to be a virtue. But unfortunately her plans may be thwarted by zealous performer, who tries to expose her in any way.",
    "genres" : [ {
      "id" : 35,
      "name" : "Comedy"
    } ]
  }, {
    "id" : 311006,
    "title" : "Roxanne's Best Christmas Ever",
    "overview" : "Roxanne is a dog who wants a great Christmas tree.  She can't find it.  What will she do?  Have the best Christmas ever!  That's what!",
    "genres" : [ ]
  }, {
    "id" : 311011,
    "title" : "Torch of Remembrance",
    "overview" : "Melodramatic war drama by Francis Martin about a family of which the father died during the Great War. In the aftermath of the war his best friend watches over the woman and the child.",
    "genres" : [ {
      "id" : 10752,
      "name" : "War"
    }, {
      "id" : 18,
      "name" : "Drama"
    } ]
  }, {
    "id" : 311016,
    "title" : "Suit Yourself or Shoot Yourself!! The Heist",
    "overview" : "Two petty gangsters get ransomed by a group of Yakuza members, fortunately they are rescued by a kindly Kindergarten teacher.",
    "genres" : [ {
      "id" : 80,
      "name" : "Crime"
    }, {
      "id" : 35,
      "name" : "Comedy"
    }, {
      "id" : 18,
      "name" : "Drama"
    } ]
  }, {
    "id" : 311021,
    "title" : "The Uncommon Making of Petulia",
    "overview" : "A short film about the origin and making of the 1968 film Petulia.",
    "genres" : [ ]
  }, {
    "id" : 311036,
    "title" : "La Sombra del Caminante",
    "overview" : "Two men meet in downtown Bogotá: one is missing a leg, the other is a \"silletero\", a man who carries people around for money. Each character bears the burden of a bitter past life.",
    "genres" : [ {
      "id" : 35,
      "name" : "Comedy"
    }, {
      "id" : 18,
      "name" : "Drama"
    } ]
  }, {
    "id" : 311041,
    "title" : "Felhő a Gangesz felett",
    "overview" : "",
    "genres" : [ {
      "id" : 18,
      "name" : "Drama"
    } ]
  }, {
    "id" : 311046,
    "title" : "Prisoner of the Volga",
    "overview" : "Prisoner of the Volga",
    "genres" : [ {
      "id" : 12,
      "name" : "Adventure"
    } ]
  }, {
    "id" : 311051,
    "title" : "Charmants garçons",
    "overview" : "",
    "genres" : [ {
      "id" : 35,
      "name" : "Comedy"
    } ]
  }, {
    "id" : 311056,
    "title" : "Beyond the Boundary: I'll Be Here - Past",
    "overview" : "The first part of a two-part movie. The story is a recap of the TV series.",
    "genres" : [ {
      "id" : 14,
      "name" : "Fantasy"
    }, {
      "id" : 16,
      "name" : "Animation"
    }, {
      "id" : 28,
      "name" : "Action"
    } ]
  }, {
    "id" : 311061,
    "title" : "I Killed Rasputin",
    "overview" : "Grigori Rasputin becomes a fixture of Russia's Imperial Court after saving the life of Alexei Nikolaevich, Tsarevich of Russia, the haemophiliac heir to the throne. However as war breaks out, Rasputin's enemies see him as a cause and plot fatal revenge against the Russian mystic.",
    "genres" : [ {
      "id" : 18,
      "name" : "Drama"
    } ]
  }, {
    "id" : 311066,
    "title" : "Drei Tage Angst",
    "overview" : "",
    "genres" : [ {
      "id" : 80,
      "name" : "Crime"
    } ]
  }, {
    "id" : 311071,
    "title" : "Mathilde Möhring",
    "overview" : "",
    "genres" : [ {
      "id" : 18,
      "name" : "Drama"
    } ]
  }, {
    "id" : 311076,
    "title" : "Polly oder Die Bataille am Bluewater Creek",
    "overview" : "",
    "genres" : [ {
      "id" : 35,
      "name" : "Comedy"
    } ]
  }, {
    "id" : 311081,
    "title" : "Almuth und Rita",
    "overview" : "",
    "genres" : [ {
      "id" : 18,
      "name" : "Drama"
    } ]
  }, {
    "id" : 311086,
    "title" : "Master of Everything",
    "overview" : "A loveable modern twist on a Chinese fairytale, Bamboo Shoot's mixing of screwball kung-fu with Shakespearean themes of desire and confusion elevates this film to one with universal appeal.",
    "genres" : [ ]
  }, {
    "id" : 311091,
    "title" : "Eden at the End of the World",
    "overview" : "At the bottom of South America, where the Atlantic and Pacific Oceans collide, is Patagonia, one of the last great wild Edens on Earth. Join National Geographic on a journey to this breathtaking subantarctic region and its crowned jewel—Tierra del Fuego—a beautifully desolate island at its most southern tip.  Home to Magellanic penguins, elephant seals, right whales, and guanacos, this stark, wind-whipped wilderness now faces its greatest challenge: recovering from the misguided actions of man. With stunning footage and behind-the-scenes interviews with some of the world's most committed conservationists, Eden at the End of the World offers a wondrous glimpse into the pristine haven that is Patagonia.",
    "genres" : [ ]
  }, {
    "id" : 311096,
    "title" : "Cronaca nera",
    "overview" : "A mob boss seeks refuge from the police at the home of an ordinary family.",
    "genres" : [ ]
  }, {
    "id" : 311101,
    "title" : "Der Schauplatz des Krieges. Das Kino von John Ford",
    "overview" : "Documentary about the films of John Ford.",
    "genres" : [ ]
  }, {
    "id" : 311106,
    "title" : "Zwei Asse und ein König",
    "overview" : "",
    "genres" : [ {
      "id" : 18,
      "name" : "Drama"
    } ]
  }, {
    "id" : 311111,
    "title" : "Lotosblüten für Miss Quon",
    "overview" : "",
    "genres" : [ ]
  }, {
    "id" : 311116,
    "title" : "She and She",
    "overview" : "SHE AND SHE tells stories about 4 young people who used to be best friends but also had some unimaginable secrets. In a series of accidents,everything changed in their lives. In the name of love,they did something over the line unintentionally.Blinded by love,they made the others step into dangerous unconsciously...They were so desperate to be loved by the others,but sometimes they forgot to love themselves.Love makes the beloved breathless...Then,someone died,someone was missing,someone was in trouble.Finally,they saved each others by understandings and forgiveness.It seemed everything was back to the right way,but in fact something even darker just started...",
    "genres" : [ {
      "id" : 10749,
      "name" : "Romance"
    }, {
      "id" : 27,
      "name" : "Horror"
    } ]
  }, {
    "id" : 311121,
    "title" : "De Deeldeliers",
    "overview" : "De Deeldeliers is a movie/LP of a legendary evening and night in the well known studio \"the Bullet Sound Studio's\" with Jules Deelder and Bas van Lier wich has been recorded. During the evening many well known en friendly guests join the party. LikeHans Dulfer, Benjamin Herman(New cool Collective e.a.)  and Boris van der Lek (Herman Brood e.a.) . It's the first time that Jules is recorded in all of his disciplines.",
    "genres" : [ {
      "id" : 10402,
      "name" : "Music"
    } ]
  }, {
    "id" : 311126,
    "title" : "Cabatingan",
    "overview" : "Deng and his younger brother Dodoy are orphaned in an early age. As a witness to his father's death he is constantly haunted by deep traumas that are triggered by the sound of dogs barking. He goes home one day and finds out that his brother's medicine has ran out. Deng will work out through the day to make money.",
    "genres" : [ {
      "id" : 18,
      "name" : "Drama"
    } ]
  }, {
    "id" : 311131,
    "title" : "Words of Devotion: To the End of the World",
    "overview" : "Hirofumi and Shinji are colleagues at the same advertising agency. Hirofumi works in IT, and Shinji is on the company's elite fast track. The two start off completely on the wrong feet, but as time passes they find themselves falling for each other.",
    "genres" : [ {
      "id" : 35,
      "name" : "Comedy"
    }, {
      "id" : 18,
      "name" : "Drama"
    }, {
      "id" : 10749,
      "name" : "Romance"
    } ]
  }, {
    "id" : 311136,
    "title" : "Vasco Rossi - Tracks",
    "overview" : "",
    "genres" : [ {
      "id" : 10402,
      "name" : "Music"
    } ]
  }, {
    "id" : 311141,
    "title" : "Sukitomo",
    "overview" : "Drama following a young boxer Tomokazu and his relationship with his best friend Yoshiko and sister Misao as while he's training for an important match. His sister and friend have always been there for him, supporting him, but Tomokazu is about to find out that not everything is as simple as it may seem.",
    "genres" : [ {
      "id" : 18,
      "name" : "Drama"
    } ]
  }, {
    "id" : 311146,
    "title" : "The Golden Cane Warrior",
    "overview" : "Cempaka, a respected warrior and highly respected in the world of martial is a great holder of lethal weapons, Golden Cane. Cempaka will pass the weapon to one of her students.  Murder and betrayal occurs before the martial world know who the heirs. Golden Cane fall into the wrong hands and can not be avoided, chaos ensued. The only person who can help take over the Golden Cane is the White Dragon Warrior, former spouse of Cempaka, which has long disappeared.",
    "genres" : [ {
      "id" : 28,
      "name" : "Action"
    }, {
      "id" : 18,
      "name" : "Drama"
    } ]
  }, {
    "id" : 311156,
    "title" : "All Hell Breaks Loose",
    "overview" : "Based upon obviously not true events, All Hell Breaks Loose is the story of love, leather, and violence. When the Satan's Sinners, a vicious motorcycle gang from hell, kidnaps one man's bride, they bite off more than they can chew. Now the man is out to save his wife, any way he can... even if it means dying over and over again. With the help of a shit-kicking sheriff, a perverted priest, and a cowboy who just might be God, all hell is bound to break loose.",
    "genres" : [ {
      "id" : 28,
      "name" : "Action"
    }, {
      "id" : 27,
      "name" : "Horror"
    } ]
  }, {
    "id" : 311161,
    "title" : "Billy Tellier: La loi du plus fort",
    "overview" : "",
    "genres" : [ ]
  }, {
    "id" : 311166,
    "title" : "Maari",
    "overview" : "A local don locks horns with the new cop, who has come to his place, but both are not what they initially seem to be.",
    "genres" : [ {
      "id" : 28,
      "name" : "Action"
    } ]
  }, {
    "id" : 311171,
    "title" : "Vailamideus",
    "overview" : "Family's party.",
    "genres" : [ {
      "id" : 99,
      "name" : "Documentary"
    } ]
  }, {
    "id" : 311176,
    "title" : "Atti impuri all'italiana",
    "overview" : "",
    "genres" : [ {
      "id" : 35,
      "name" : "Comedy"
    } ]
  }, {
    "id" : 311181,
    "title" : "A Novel Romance",
    "overview" : "Romance novelist Liam Bradley (Dylan Bruce) has already found massive success with three books written under the pen name Gabriel August, but he's mysteriously unknown to his legions of readers. With his first book written as a way to heal after a broken relationship, Liam has slowly become disheartened with writing strictly for romantic fantasy, something evident to a sweet, but honest, journalist who reviews books, Sophie Atkinson (Amy Acker), whom he meets by chance on a plane. The two begin a tentative relationship in Sophie’s home town of Portland, Oregon, where Liam has come to find inspiration for his newest entry.  Liam’s agent puts him on the spot with a long-planned reveal of Gabriel August’s true identity, but Sophie doesn’t know of his public persona. The longer Liam avoids telling her the truth, the deeper a hole he digs for himself. Will their romance survive once his true identity comes to light?",
    "genres" : [ {
      "id" : 35,
      "name" : "Comedy"
    }, {
      "id" : 18,
      "name" : "Drama"
    }, {
      "id" : 10749,
      "name" : "Romance"
    } ]
  }, {
    "id" : 311186,
    "title" : "Mikhaylo Lomonosov",
    "overview" : "A biopic about the life of Mikhail Vasilyevich Lomonosov - Russian polymath, scientist and writer.",
    "genres" : [ {
      "id" : 18,
      "name" : "Drama"
    }, {
      "id" : 36,
      "name" : "History"
    } ]
  }, {
    "id" : 311191,
    "title" : "Bolts & Blip: Battle of the Lunar League",
    "overview" : "In the year 2080, the Earth and the moon were at peace. Tired of the same old daily routine, the ordinary robots 'Bolts' and 'Blip' coincidentally are chosen as battle robots. They join the perennially bad 'Thunderbolts' team to fight in the Moon League. However, as the competition begins, 'Blip' realizes he has specials powers and soon becomes the hero of the planet. Just then, 'Dr. Blood' threatens to take over the Earth and 'Bolts', who was jealous of popular 'Blip', teams up with Dr. Blood. Now it is left to 'Blip' to face the challenge of saving the planet and regaining his friend 'Bolts'.",
    "genres" : [ {
      "id" : 16,
      "name" : "Animation"
    } ]
  }, {
    "id" : 311196,
    "title" : "Шофёр на один рейс",
    "overview" : "",
    "genres" : [ {
      "id" : 35,
      "name" : "Comedy"
    }, {
      "id" : 10749,
      "name" : "Romance"
    } ]
  }, {
    "id" : 311201,
    "title" : "The Penguins of Madagascar: Operation Penguin Takeover",
    "overview" : "Follow the adventures of Skipper, Kowalski, Private, and Rico, four penguins who perform paramilitary missions to protect their home in the Central Park Zoo from a trio of lemurs who believe that their leader, Julien, is the Zoo's rightful ruler. Episodes included are: Kaboom And Kabust, Operation: Cooties, Stop Bugging Me, Rock-A-Bye Birdie, Brain Drain, Right-Hand Man, King Julien For A Day, Cute-astrophe, All Tied Up With A Boa and Operation: Break-Speare.",
    "genres" : [ ]
  }, {
    "id" : 311206,
    "title" : "Pretend We're Kissing",
    "overview" : "All Benny wants to do is be more confident, stop thinking so much and fall in love. When he has a chance encounter with Jordan, a woman obsessed with the notion of fate and a magical kind of love, he may finally have the opportunity. That is, if he can get out of his own way and out of his head. Pretend We're Kissing is a film for all of those who don't think their love life resembles a romantic comedy.",
    "genres" : [ {
      "id" : 35,
      "name" : "Comedy"
    }, {
      "id" : 10749,
      "name" : "Romance"
    } ]
  }, {
    "id" : 311211,
    "title" : "White-Water Sam",
    "overview" : "A mountain man known as White-Water Sam survives the Rocky Mountains with no one for company besides his Siberian Husky.",
    "genres" : [ {
      "id" : 12,
      "name" : "Adventure"
    }, {
      "id" : 18,
      "name" : "Drama"
    } ]
  }, {
    "id" : 311216,
    "title" : "Chicago by Boat- The New River Tour",
    "overview" : "History of Chicago from the stage of the Chicago River.",
    "genres" : [ ]
  }, {
    "id" : 311221,
    "title" : "Katsumi - Secrets of the Kama Sutra",
    "overview" : "Inspired by the legendary KamaSutra, Christophe Mourthe transports you into a unique universe of sensuality and eroticism. Starring the delectable Katsumi and French performer Ramon, this high budget feature is a journey into the mystery and secrets of oriental sensualism and seduction. Shot on location in France by award winning director Cristophe Mourthe who is best known for his visually stimulating imagery for Colmax Studios as well as international mainstream fashion magazines. Mourthe was a nominee at the 2004 AVN Awards for his films Amazone Sex and Color Sex and has received many accolades from the American and European press for his directing foresight. Kamasutra blends the elements of sexuality, passion and splendor of Asian fantasy, imagination and vision into an erotic cine experience for anyone who has a true appreciation for unique wardrobe, gorgeous set designs, clever videography, and beautiful, sexy performers who clearly look like they are enjoying each other.",
    "genres" : [ ]
  }, {
    "id" : 311226,
    "title" : "Little Galicia",
    "overview" : "",
    "genres" : [ {
      "id" : 35,
      "name" : "Comedy"
    } ]
  }, {
    "id" : 311231,
    "title" : "Cenodoxus",
    "overview" : "",
    "genres" : [ {
      "id" : 18,
      "name" : "Drama"
    } ]
  }, {
    "id" : 311236,
    "title" : "Alessandra",
    "overview" : "",
    "genres" : [ ]
  }, {
    "id" : 311241,
    "title" : "A Celebration: The Music of Pete Townshend and The Who",
    "overview" : "A Celebration: The Music of Pete Townshend and The Who, also known as Daltrey Sings Townshend, is a music event and later album documenting a two-night concert at Carnegie Hall in 1994. It broke Carnegie Hall's two day box office gross record, and was the fastest sell-out in the historic venue's history. The concert also raised money for Columbia Presbyterian Babies Hospital. This event was produced by Richard Flanzer and Roger Daltrey of English rock band The Who in celebration of his fiftieth birthday. The Who's music was arranged for orchestra by Michael Kamen, who directed The Juilliard Orchestra for the event. Pete Townshend, John Entwistle, Eddie Vedder, Sinéad O'Connor, Lou Reed, David Sanborn, Alice Cooper, Linda Perry, The Chieftains and others performed as special guests.",
    "genres" : [ {
      "id" : 10402,
      "name" : "Music"
    } ]
  } ]
}