{
  "movies" : [ {
    "id" : 273896,
    "title" : "Losing Ground",
    "overview" : "A comedy-drama about a Black American female philosophy professor and her insensitive, philandering, and flamboyant artist husband who are having a marital crisis. When the wife goes off on an almost unbelievable journey to find \"ecstasy\", her husband is forced to see her in a different light.",
    "genres" : [ {
      "id" : 18,
      "name" : "Drama"
    }, {
      "id" : 35,
      "name" : "Comedy"
    } ]
  }, {
    "id" : 273901,
    "title" : "$uperthief: Inside America's Biggest Bank Score",
    "overview" : "$UPERTHIEF is a captivating firsthand look at the life of Phil Christopher, a career criminal, Mafia associate, and one of the most successful bank robbers in United States history. Through raw and candid interviews, the film delves into Christopher's brutal street and prison life, offering a behind-the-scenes look into the world of professional crime. $UPERTHIEF features interviews with Christopher, as well as former FBI agents, police officers, family members and old friends of Christopher.",
    "genres" : [ ]
  }, {
    "id" : 273906,
    "title" : "A Promise to My Father",
    "overview" : "We re-trace the steps of Holocaust survivor Israel Arbeiter as he returns to Poland and Germany for the final time to look for items buried in 1939 in the basement of his old home in Plock, Poland as the German army advanced. We also travel with \"Izzy\" to Treblinka death camp where his parents and younger brother were murdered and to other camps, most notably Auschwitz-Birkenau, where \"Izzy\" used the motivation of his father's final words to him to stay alive.",
    "genres" : [ ]
  }, {
    "id" : 273911,
    "title" : "American Sasquatch Hunters: Bigfoot in America",
    "overview" : "Encounters of a creature 6 to 9 feet tall, covered in fur with super human strength have increased in the video age. Hundreds of new sightings, many with video evidence have emerged as well as breakthroughs such as DNA tested hair and skin samples.",
    "genres" : [ ]
  }, {
    "id" : 273916,
    "title" : "Beyond Bob",
    "overview" : "Isaac is in love with his old college friend, Tracy, who is about to marry the wrong man. Isaac is prepared to passively accept this marriage until he nudged into action by Tracy's old boyfriend, Bob...who has been dead for ten years.",
    "genres" : [ ]
  }, {
    "id" : 273921,
    "title" : "Coast Modern",
    "overview" : "A core group of architects embraced the West Coast from Vancouver to LA with its particular geography and values and left behind a legacy of inspired dwellings. Today, architects celebrate the influence established by their predecessors.",
    "genres" : [ {
      "id" : 99,
      "name" : "Documentary"
    } ]
  }, {
    "id" : 273926,
    "title" : "Shelter Island",
    "overview" : "This unique documentary reveals the story of Shelter Island, NY resident and 'outsider' artist Harald Olson and his equally eclectic patron, Jimmy Olinkiewicz, a blue-collar gas station owner and father of an Autistic child. The film follows their amazing journey from selling paintings alongside a picket fence to a major showing at a Chelsea art gallery in Manhattan.",
    "genres" : [ ]
  }, {
    "id" : 273931,
    "title" : "The Erectionman",
    "overview" : "Narrator and director Michael Schaap's confessional style and general goofiness bring levity to an awkward topic: \"erectile dysfunction\" and the little blue pill that treats it.",
    "genres" : [ ]
  }, {
    "id" : 273936,
    "title" : "For Real",
    "overview" : "Six-year-old Shruti knows something no one else does - an alien has come in place of her mother and her real mother has been sent to the Orion Galaxy. This charming and original drama reveals a child's passage to finding her real mother, a man's struggle to save his family, and a woman's journey to finding herself.",
    "genres" : [ ]
  }, {
    "id" : 273941,
    "title" : "Death As Life",
    "overview" : "Documentary - Death is a taboo subject. We tiptoe around it, try to circumvent it, or use euphemisms. Maybe we think we can avoid death, but no one can and death is not limited to physical death. It comes in many forms. We can experience the death of a relationship, the death of our youth, the death of our health, and any number of significant changes that force us to grapple with impermanence. If we do not face and accept death, we fear it, and fear is an even heavier load to bear than death.",
    "genres" : [ ]
  }, {
    "id" : 273946,
    "title" : "Hostage",
    "overview" : "Eugene, a man dealing with the tragedy of his family's death by living at the vacation cabin that they last stayed, discovers he's completely snowbound. During Eugene's desperate attempts to dig himself out, he discovers he's not alone.",
    "genres" : [ {
      "id" : 18,
      "name" : "Drama"
    }, {
      "id" : 27,
      "name" : "Horror"
    } ]
  }, {
    "id" : 273951,
    "title" : "В зоопарке ремонт",
    "overview" : "",
    "genres" : [ ]
  }, {
    "id" : 273956,
    "title" : "Витамин роста",
    "overview" : "",
    "genres" : [ ]
  }, {
    "id" : 273961,
    "title" : "Ugly duckling",
    "overview" : "",
    "genres" : [ {
      "id" : 10751,
      "name" : "Family"
    }, {
      "id" : 16,
      "name" : "Animation"
    } ]
  }, {
    "id" : 273966,
    "title" : "Гномы и горный король",
    "overview" : "",
    "genres" : [ ]
  }, {
    "id" : 273971,
    "title" : "Denise Austin: Shrink Your 5 Fat Zones",
    "overview" : "Torch Calories Sculpt Lean Muscles and Burn off the FAT! Blast away unwanted fat with Denise Austin's SHRINK YOUR 5 FAT ZONES. Denise uses her favorite fat-burning cardio exercises to target-tone trouble zones on your butt belly back thighs and arms. Each workout is 10 minutes and delivers maximum calorie-burning results.",
    "genres" : [ ]
  }, {
    "id" : 273976,
    "title" : "Casting About",
    "overview" : "Documentary - CASTING ABOUT is a lyrical, feature documentary that explores the captivating experience of casting actors. From the point of view of a filmmaker, we see and hear many of the 350 actresses who audition for three roles in a dramatic film. CASTING ABOUT includes footage from audition sessions held in Berlin, Boston, Chicago, London, and Los Angeles - weaving together actor interviews, monologues, and scene work to create an impressionistic collage of the casting experience. -  Wendy Elizabeth Abraham, Mädchen Amick, Jeannette Arndt",
    "genres" : [ ]
  }, {
    "id" : 273981,
    "title" : "Charlton Heston Presents the Bible: Jesus of Nazareth",
    "overview" : "Documentary / Drama / Historical - \"There's been more ink-and blood-spilled over this man since they nailed Him to the cross than over any single human being in history.\" Drawing from the King James version of accounts by those apostles who first wrote down the story, Charlton Heston hosts the third volume in the acclaimed four-part series of Bible-based stories and explorations.",
    "genres" : [ ]
  }, {
    "id" : 273986,
    "title" : "Tai ji men",
    "overview" : "This kung fu classic by the Shaw Brothers, one of Hong Kong's most famous martial arts film factories, focuses on a contested succession at the Supreme Gate School. When turncoat Shen Darong kills several of the Supreme Gate students, the survivors are forced to accept him as their leader. Or are they? The students organize a tournament for Shen to prove his skills, inviting other formidable warriors in the hopes that someone can defeat him.",
    "genres" : [ ]
  }, {
    "id" : 273991,
    "title" : "Damage Done",
    "overview" : "Drama - When Elliot comes to the aid of a beautiful hitchhiker named Andrea while traveling on the open road, he is drawn into a world of drugs and deceit his quiet Middle American background never prepared him for. As a relationship develops between the two loners, Elliot becomes convinced that he can give Andrea a good life that will lift her up from the throes of heroin abuse and criminal activity. Ultimately, it is the deep wounds of his own past that prove to be the greatest obstacle in his quest to save his damaged love. -  George Balakiryan, Joanne Baron, Herb Bermann",
    "genres" : [ ]
  }, {
    "id" : 273996,
    "title" : "National Parks Exploration Series: Yosemite",
    "overview" : "The Sierra Nevada's mountain range contains some of the most amazing wonders found on the planet, filled with such notable geographic features including Lake Tahoe, three National Parks, two National Monuments and seemingly endless wilderness areas.",
    "genres" : [ ]
  }, {
    "id" : 274001,
    "title" : "Die and Let Live",
    "overview" : "Comedy - Benny throws a party to help woo his crush Stephanie. But when bloodthirsty zombies crash the party, Benny and his friends find themselves fighting for their lives! -  Josh Lively, Zane Crosby, Sarah Bauer",
    "genres" : [ {
      "id" : 10749,
      "name" : "Romance"
    }, {
      "id" : 27,
      "name" : "Horror"
    }, {
      "id" : 35,
      "name" : "Comedy"
    } ]
  }, {
    "id" : 274006,
    "title" : "The Search for Mengele",
    "overview" : "Nazi doctor Josef Mengele, whose shocking experiments on Auschwitz prisoners made him one of the most wanted war criminals of the 20th century, spent the rest of his life fleeing authorities. His long flight is recounted in this riveting documentary. Through interviews with those who knew Mengele -- both during his early years and during his worldwide fugitive spree -- director Brian Moser constructs a complex portrait of a man and his deeds",
    "genres" : [ ]
  }, {
    "id" : 274011,
    "title" : "The Venetian Dilemma",
    "overview" : "Few can resist Venice's magical allure, but with more than 14 million visitors a year, Italy's glorious city of canals faces a number of threats. This documentary examines issues at the heart of Venice's precarious future. Interviews reveal a city in crisis -- politician Roberto plans to modernize Venice, while environmentalist Paolo wages a battle against tourist power-boat shuttles and Michela tries to maintain Venice's residential population.",
    "genres" : [ ]
  }, {
    "id" : 274016,
    "title" : "Road Dogs",
    "overview" : "Road Dogs follows three of Hollywood's most visually psychotic bands across the U.S., on a D.I.Y. tour with occasionally disastrous results.",
    "genres" : [ ]
  }, {
    "id" : 274021,
    "title" : "Scary and Deadly Incidents in Space",
    "overview" : "This film explosives the inherently dangerous occupation of astronauts and cosmonauts, who in the face of an unforgiving hostile environment, and relentless life threatening pressures, endured almost certain death in the pursuit to conquer the unknown.",
    "genres" : [ ]
  }, {
    "id" : 274026,
    "title" : "Sunday in Brazzaville",
    "overview" : "Forget about war and suffering and discover a different side of Congo. The sapeurs adhere to a subculture of high fashion. They may be surrounded by poverty but as Yves Saint Laurent, President of the Sapeur Association, explains, they're always dressed impeccably in Versace or Prada. Rapper Cheriff Bakala is working on recording his first album in a country with almost no producers. Meanwhile wrestler Palmas Ya Ya, is relying on voodoo and faith to help him defeat younger, stronger opponents...",
    "genres" : [ ]
  }, {
    "id" : 274036,
    "title" : "Ground Zero",
    "overview" : "A small group of 'cleaners' are hired to clean up five dead bodies in an old warehouse, only find out that one of the bodies isn't quite dead.",
    "genres" : [ ]
  }, {
    "id" : 274041,
    "title" : "The Panels of São Vicente de Fora: A Poetic Vision",
    "overview" : "The characters from a historical piece of art come to life to discuss poignant themes such as war and world peace.",
    "genres" : [ ]
  }, {
    "id" : 274046,
    "title" : "The Real Bloodline of Jesus Christ: The Sacred Teachings of Tim Wallace-Murphy",
    "overview" : "Tim Wallace-Murphy is an international best selling author known throughout the world for his deep knowledge of Rosslyn, the Knights Templar, Sacred Geometry and Rex Deus - the real bloodline of Jesus Christ. He has been an expert consultant to many scholars and authors most notably Dan Brown. Tim Wallace-Murphy talks about the true bloodline of Jesus Christ and Mary Magdalene.",
    "genres" : [ ]
  }, {
    "id" : 274051,
    "title" : "Greece: Journeys to the Gods",
    "overview" : "Documentary - After having venerated the pagan gods of Antiquity, two thousand years ago Greece chose to convert to Christianity. From that time forward monks undertook the construction of imposing monasteries hidden away in unusual spots like the edges of cliffs, volcanic islands, or inaccessible rocky summits. Travelers who choose to visit Mount Athos, the Meteoras or the Island of Patmos will not only live through a memorable mystical experience, but will dive head first into an unforgettable odyssey, leading to the heart of the Byzantine Empire.",
    "genres" : [ ]
  }, {
    "id" : 274056,
    "title" : "Up&Down",
    "overview" : "A struggling actor pushing 30 works a day job at a luxury hotel, shepherding guests and party goers, while yearning for the girl of his dreams.",
    "genres" : [ {
      "id" : 10749,
      "name" : "Romance"
    }, {
      "id" : 35,
      "name" : "Comedy"
    } ]
  }, {
    "id" : 274061,
    "title" : "Johnny Mercer: The Dream's on Me",
    "overview" : "Documentary - Admired and praised by the likes of Irving Berlin and Cole Porter, Johnny Mercer has been described as \"one of our great folk poets\" and \"the most perfect American lyricist.\" Throughout his extraordinary career, he collaborated with hundreds of composers to write legendary movie songs such as \"Hooray for Hollywood,\" \"Jeepers Creepers\" and \"Moon River.\" Mercer then went on to co-found Capitol Records in 1942 and became a successful Broadway producer of St. Louis Woman and L'il Abner. -  Bill Charlap, Julie Andrews, Harold Arlen",
    "genres" : [ {
      "id" : 99,
      "name" : "Documentary"
    } ]
  }, {
    "id" : 274066,
    "title" : "Wes and Ella",
    "overview" : "The randomness in your life is never the randomness you think. Wes, a mobile artist, randomly discovers Ella during a pivotal moment in her life. After an introspective road trip, Ella comes to discover a few things about herself which might give her the strength to make some changes and find out who Wes really is.",
    "genres" : [ ]
  }, {
    "id" : 274071,
    "title" : "Sacred Ground",
    "overview" : "Sacred Ground tells the true story of Aboriginal people fighting to save the last remnants of their ancient heritage and culture.",
    "genres" : [ {
      "id" : 99,
      "name" : "Documentary"
    } ]
  }, {
    "id" : 274076,
    "title" : "Mind Game",
    "overview" : "Suspense - After checking into a mental health treatment facility after her parents' death, Jamie Ellison is finally on stable ground when she meets the seemingly perfect Michael Radcliffe.",
    "genres" : [ ]
  }, {
    "id" : 274081,
    "title" : "The Inflicted",
    "overview" : "David O'Hara is a troubled medical student who kidnaps, rapes and murders women. He impregnates one of his victims, Melissa Daniels, in an attempt to replace the family that he lost as a young boy. However, the police rescue Melissa from David's warehouse, and David goes on a murderous rampage to get his family back.",
    "genres" : [ ]
  }, {
    "id" : 274086,
    "title" : "Mr. Hot Mr. Kool",
    "overview" : "Comedy - Lucky and Pat go to England in search of work and women. After being employed by the same company, they both meet women they like. Following a misunderstanding, however, they come to think that their girlfriends are toying with their feelings. -  Kishore Anand Bhanushali, Mushtaq Khan, Shahbaaz Khan",
    "genres" : [ ]
  }, {
    "id" : 274091,
    "title" : "Criminal Hearts",
    "overview" : "A jilted woman out for revenge picks up a hitchhiker running from police. An innocent road trip becomes mixed with passion and danger.",
    "genres" : [ {
      "id" : 53,
      "name" : "Thriller"
    }, {
      "id" : 28,
      "name" : "Action"
    }, {
      "id" : 80,
      "name" : "Crime"
    } ]
  }, {
    "id" : 274096,
    "title" : "Confession",
    "overview" : "This is probably a forgotten masterpiece of Japanese underground cinema, though I think I'd need subtitles to know for sure. It seems to be a very personal and autobiographical film for Obayashi. There isn't much dialogue, but subtitles would be necessary to fully understand the story. Much of the film's running time consists of creatively edited montages of the young main characters having fun, high on life, wreaking havoc 1968-style in the town of Onomichi.—Daniel Kun",
    "genres" : [ ]
  }, {
    "id" : 274101,
    "title" : "Tuve un sueño contigo",
    "overview" : "",
    "genres" : [ ]
  }, {
    "id" : 274106,
    "title" : "Josef Mengele, el ángel de la muerte",
    "overview" : "",
    "genres" : [ ]
  }, {
    "id" : 274111,
    "title" : "Ambel, la película",
    "overview" : "",
    "genres" : [ {
      "id" : 18,
      "name" : "Drama"
    }, {
      "id" : 36,
      "name" : "History"
    } ]
  }, {
    "id" : 274121,
    "title" : "Keroro, and the the Deep Sea Princess",
    "overview" : "",
    "genres" : [ ]
  }, {
    "id" : 274126,
    "title" : "After Nine Months",
    "overview" : "",
    "genres" : [ {
      "id" : 35,
      "name" : "Comedy"
    } ]
  }, {
    "id" : 274131,
    "title" : "Forbidden",
    "overview" : "Don Paolo, a young parson troubled by his love for Agnese, tries to make peace in a little village in Sardinia where two families are at war.",
    "genres" : [ ]
  }, {
    "id" : 274136,
    "title" : "El hijo de John Lennon",
    "overview" : "",
    "genres" : [ ]
  }, {
    "id" : 274141,
    "title" : "Девочка и лев",
    "overview" : "",
    "genres" : [ ]
  }, {
    "id" : 274146,
    "title" : "Hostile Intent",
    "overview" : "Brilliant renegade hacker Mike Cleary and his crack team have finally debugged Guardian, his software program designed to block government cyber snooping. It's going to make them all rich. Now it's time to celebrate with a game of paintball, played in rugged wilderness far from the digital devices of their everyday lives. Not even an ominous encounter with a militia-style survivalist can dampen the weekend warriors' spirits. But someone is playing for keeps. Instead of getting hit with paintballs, soon they're getting splattered for real. As the body count climbs, Cleary discovers he's at the center of a worldwide web of deceit, aimed at gaining control of the program at any cost. Stalked with high-tech weapons, betrayed by trusted friends, only his programming savvy and a bizarre strategic alliance forged on the battlefield can keep him alive. If he fails and Guardian falls into the wrong hands, the game is over for everyone in the nation.",
    "genres" : [ {
      "id" : 53,
      "name" : "Thriller"
    }, {
      "id" : 28,
      "name" : "Action"
    } ]
  }, {
    "id" : 274151,
    "title" : "Miss Queencake",
    "overview" : "Directed by Amanda Holiday.",
    "genres" : [ ]
  }, {
    "id" : 274156,
    "title" : "The Cigarette",
    "overview" : "Waste youth - but not with the wrong cigarette brand.  Even on the Faroes, being young is an issue of style and distiction.  And the difference between \"Kings\" and \"Prince\" is the difference between provincial backwaters and the big, wide world",
    "genres" : [ {
      "id" : 18,
      "name" : "Drama"
    } ]
  }, {
    "id" : 274161,
    "title" : "Querelle de jardins",
    "overview" : "Raul Ruiz filmed the gardens of the Château de Versailles. The first one, French, focuses on the King's Square (a space where everything is arranged in order to be seen). The other one, English, is the exact opposite, because from any point within it, one falls out of view. Within these two constructions, the labyrinth and the concentric circles, Ruiz conceives a 'photo-roman' plot: a husband and his mistress rendez-vous in the English garden (one understands why) and, through a series of accidents and afraid of being seen, he relocates to the other garden.",
    "genres" : [ ]
  }, {
    "id" : 274166,
    "title" : "When I Was a Partisan",
    "overview" : "The film deals with the Lithuanian partisan resistance. An actor is playing the part of a partisan in a play called \"Bunker\".  During the play he experiences a hallucination and starts believing he's a boy who lives in post-war Lithuania. In 1948 the boy made a mistake which cost the lives of him and the wife of a partisan. Back in 21st century, the actor has a chance to fix that mistake.",
    "genres" : [ ]
  }, {
    "id" : 274171,
    "title" : "'Doctor Who' Who's Who",
    "overview" : "Produced for American Public Television, this documentary on the long-running Doctor Who television series features interviews with actors and actresses who played the traveling companions of the Time Lord hero and with three actors, Jon Pertwee, Peter Davison, and Colin Baker, who portrayed the title character, as well as footage of a U.S. fan convention where Tom Baker, appeared and answered questions. The fan backlash against the 1985-6 hiatus for the series and the finding of some previously lost Jon Pertwee era episodes are addressed, and this documentary closes with some on-the-street interviews with British viewers, who tell who their favorite Doctor is.",
    "genres" : [ ]
  }, {
    "id" : 274176,
    "title" : "Caballo prieto azabache",
    "overview" : "Standing before Pancho Villa's tomb, horse breeder Jesus harkens back to his youth, when he provided bed and board to a nondescript laborer named Doroteo Arango. In time, Arango would transform himself into gang leader Villa. When the Mexican Civil War erupts, a man named Fierro wants to execute Jesus for selling a horse to an anti-Villa buyer. But in repayment of Jesus's debt of kindness, Villa intercedes on his behalf.",
    "genres" : [ {
      "id" : 10752,
      "name" : "War"
    }, {
      "id" : 12,
      "name" : "Adventure"
    }, {
      "id" : 18,
      "name" : "Drama"
    } ]
  }, {
    "id" : 274181,
    "title" : "Countdown to Eternity",
    "overview" : "Bible expert Bill Gallatin explores biblical prophecies from the Book of Revelation that have transpired, with a discussion of whether these events signify that we are now living in the End Times preceding the return of Jesus Christ. Gallatin touches on events such as the increasingly acute difficulties in the Middle East, numerous environmental catastrophes, earthquakes and more, explaining how they connect to scriptural writings.",
    "genres" : [ {
      "id" : 99,
      "name" : "Documentary"
    } ]
  }, {
    "id" : 274186,
    "title" : "Adios, para siempre",
    "overview" : "A crime scene photographer is drawn into an ingenious game of images that could spell his doom in this short from filmmaker David Guillermo Barba.",
    "genres" : [ ]
  }, {
    "id" : 274191,
    "title" : "El Fotografo Callejero",
    "overview" : "Legendary Mexican actor-director Alberto \"El Caballo\" Rojas stars in this irreverent comedy as a high-paid fashion photographer who finds himself embroiled in a murder mystery when he accidentally captures an assassination on film during a shoot. A hilarious homage to Blowup, Michelangelo Antonioni's classic thriller, this campy Spanish-language farce also stars César Bono, Claudia del Valle and plenty of bikini models.",
    "genres" : [ ]
  }, {
    "id" : 274196,
    "title" : "Storybook Classics: The Wind in the Willows",
    "overview" : "Family / Sci-Fi/Fantasy - Join Mole, Ratty, Badger and of the course, the irrepressible Mr Toad in this hilarious classic tale of friendship and mischief. Mole and Ratty set out for a fun-filled day on the river, but they soon meet up with Mr Toad, whose obsession with cars only leads to big trouble! After a daring jail break, Mr Toad joins his friends in a madcap battle to regain his home, Toad Hall, against the villainous weasels.",
    "genres" : [ ]
  }, {
    "id" : 274201,
    "title" : "Orange Revolution",
    "overview" : "Filmmaker Steve York explores the controversial 2004 Ukrainian presidential election, during which candidate Viktor Yushchenko suffered a near-fatal poisoning and his unpopular opponent, Viktor Yanukovych, was declared the winner. In the aftermath, more than a million people -- including the ailing Yushchenko -- took to the streets of Kiev, protesting the results that contradicted exit polls showing Yushchenko with an impressive lead.",
    "genres" : [ ]
  }, {
    "id" : 274206,
    "title" : "Save the Forest",
    "overview" : "If you had the chance to save something you cherished, would you do it or just walk away? After discovering that their beloved local theater, the Forest, has been sold to make way for an obnoxious McMultiplex, an oddball group of protesters vows to preserve the cinema. While working together against powerful forces, they learn important lessons about life, about love and (unexpectedly) about sex. The cast includes Megan McNulty and Eben Gordon.",
    "genres" : [ ]
  }, {
    "id" : 274211,
    "title" : "The Frontline",
    "overview" : "Upon his release from a mental hospital, James re-kindles his relationship with pirate DJ Marion, helping her kick her nasty heroin addiction. However, when Marion is found dead, James and Marion's father hatch a plan to trap and expose the 'protected' killer.  A plan that leads to a tense and bloody showdown that will leave you shattered. Filmed in the Moss Side area of Manchester this gritty tale of futility pulls no punches in its graphic depiction of drug addiction, political corruption and society out of control.",
    "genres" : [ ]
  }, {
    "id" : 274216,
    "title" : "The Golden Honeymoon",
    "overview" : "Comedy - Charley Tate (James Whitmore) is an old windbag, often a braggart, but somehow always lovable. Married over fifty years to his ever-patient wife Lucy (Teresa Wright), the two of them are on their Golden Honeymoon in Florida. Everything goes perfectly... until Lucy meets her former fiancee who's also vacationing with his wife. Suddenly there's a comic competition between Charley and the old boyfriend for Lucy's attention. After fifty years, cantankerous Charley has to win his girl all over again! -  James Whitmore, Teresa Wright, Larry Loonin",
    "genres" : [ ]
  }, {
    "id" : 274221,
    "title" : "Дом, который построил Джек",
    "overview" : "",
    "genres" : [ ]
  }, {
    "id" : 274226,
    "title" : "Дорожная сказка",
    "overview" : "",
    "genres" : [ ]
  }, {
    "id" : 274236,
    "title" : "Xian le piao piao",
    "overview" : "An aspiring dancer takes on a summer teaching job while practicing for an important audition. With the help of handsome and charming gym teacher Aaron Kwok, she trains a group of scrappy, less-than-perfect kids for a singing competition.",
    "genres" : [ {
      "id" : 35,
      "name" : "Comedy"
    } ]
  }, {
    "id" : 274241,
    "title" : "Nana Mouskouri: Nana Swings",
    "overview" : "Talented Greek singer Nana Mouskouri presents a crowd-pleasing set of live music, featuring popular standards such as \"Mack the Knife,\" \"I Get a Kick Out of You,\" \"Someone to Watch Over Me,\" \"Our Love Is Here to Stay,\" \"Moondance\" and more. With fluency in many languages including Greek, French, English, Spanish and Italian, Mouskouri has become an international sensation, selling millions of records around the world.",
    "genres" : [ ]
  }, {
    "id" : 274246,
    "title" : "Tarzan of the Apes",
    "overview" : "Swing into action with the greatest jungle adventure of all as spectacular animation and dazzling original songs bring Edgar Rice Burroughs’ timeless fantasy to life.",
    "genres" : [ {
      "id" : 12,
      "name" : "Adventure"
    }, {
      "id" : 16,
      "name" : "Animation"
    }, {
      "id" : 10751,
      "name" : "Family"
    } ]
  }, {
    "id" : 274251,
    "title" : "Cobra Mist",
    "overview" : "Construed in the time of running clouds, a panoramic and another examination of vacant buildings on the British shore (Orford Ness), a deserted place on Earth, place of non-specificity as a base for an open course of events that shape the sense, consisting in interaction between the image and the viewer.",
    "genres" : [ ]
  }, {
    "id" : 274256,
    "title" : "Dave Mason: Live at Sunrise",
    "overview" : "Documentary - One of the few important classic rock musicians to enjoy career longevity of more than three decades, Dave Mason is a powerful talent. The former member of Traffic is filmed live in 2002 performing an intensely passionate set of his greatest hits, spanning from his debut with Traffic through his acclaimed solo career. Songs include \"Let It Go, Let It Flow,\" \"We Just Disagree,\" and \"Feelin' Alright.\" -  Dave Mason, Richard Campbell, John Sambataro",
    "genres" : [ ]
  }, {
    "id" : 274261,
    "title" : "Galloping Through the Gospels",
    "overview" : "Faith &amp; Spirituality, Documentary, Faith &amp; Spirituality Documentaries, Religion &amp; Mythology Documentaries - Explore all the major sites featured in the Gospels, starting with a visit to the scene of the Annunciation. Host David Nunn follows the Gospel drama chronologically, providing fascinating insights into the life of Jesus. More than a travelogue, this tour of key Gospel sites, from Bethlehem to Nazareth and all over Galilee, illuminates the meaning of the world-changing events that took place at these locations.",
    "genres" : [ ]
  }, {
    "id" : 274266,
    "title" : "Time Again",
    "overview" : "We have all made mistakes.  Little white lies that blow up in our face, being selfish to a loved one, or just drinking too much the night before.  Its all the same, eventually you wish you had a chance to do it over.  People say they can’t change the past, but what would you say if you were given the chance to make things right?  That is the question presented to a young waitress as she travels back in time, not just once, but three times, to save her older sister from being murdered.  TIME AGAIN takes the audience on a wild sci-fi adventure into the notorious criminal underworld.  After a young waitress receives strange coins for a tip, she inadvertently becomes embroiled in an underworld battle with a notorious criminal that leads to her death.  With the help of a mysterious old lady, the waitress's younger sister goes back in time to save her from being murdered.",
    "genres" : [ ]
  }, {
    "id" : 274271,
    "title" : "To Catch a Dollar: Muhammad Yunus Banks on America",
    "overview" : "‘TO CATCH A DOLLAR: Muhammad Yunus Banks on America’ is an inspiring documentary by Gayle Ferraro. The film follows Nobel Peace Prize winner Professor Yunus as he brings his unique and revolutionary microfinance program to the US.\r Witness the birth of Grameen America and the compelling stories of the first women borrowers; from the challenges they face to the successes they achieve, as they learn to sustainably rise from poverty by starting and growing their own businesses with the non-collateral loans they receive.\r Join the movement to economically empower more Americans as we go beyond the theater and into the lives of those who are living in poverty, those on the edge of it, and those who can help.",
    "genres" : [ ]
  }, {
    "id" : 274276,
    "title" : "Tito Rojas: Autenticamente En Vivo",
    "overview" : "Puerto Rican salsa sensation Tito Rojas hits Las Vegas with this energetic performance featuring crowd-pleasers such as \"Ran-Kan-Kan\" and \"El Amor Que Tu Me Das\" that'll make you want to get up and dance. With a guest appearance by Roberto Roena, the sizzling show also includes \"Tormenta de Amor,\" \"Porque Este Amor,\" \"Me Tienes Que Recordar,\" \"Por Mujeres Como Tu\" and more.",
    "genres" : [ ]
  }, {
    "id" : 274281,
    "title" : "Without Conscience",
    "overview" : "Reclusive middle-aged male nurse Mauro may be in over his head when -- to save his hospital job -- he agrees to accompany 10-year-old illegal immigrant Eddi to meet his adoptive parents at the Swiss border. Along for the ride is a laconic small-time mobster named Rollo, and problems soon ensue in the form of car trouble, a Bulgarian hooker and her pimps.",
    "genres" : [ ]
  }, {
    "id" : 274286,
    "title" : "Axel: The Biggest Little Hero",
    "overview" : "A young boy becomes an unlikely hero when he sets out on an adventure-filled quest to find the legendary Bonta oasis.",
    "genres" : [ ]
  }, {
    "id" : 274291,
    "title" : "Maladonna",
    "overview" : "In late XIX century, rich and bored Maria (Paola Senatore) is after a more sexually interesting life and gets involved with Alessio who shows her other kinds of love. She soon becomes his sex slave but some unexpected consequences will arise from her desperate search for sexual fulfillment.",
    "genres" : [ ]
  }, {
    "id" : 274296,
    "title" : "Beautiful Swordswoman",
    "overview" : "Yuan leads a double life: spoiled rich girl by day and skilled swordfighter by night. A secret martial arts student, Yuan does whatever her mysterious master tells her to do -- including killing several prominent people. But when he asks her to commit an unthinkable murder, Yuan's world is turned upside down.",
    "genres" : [ ]
  }, {
    "id" : 274301,
    "title" : "Bahurani",
    "overview" : "Comedy - Despite his son's wishes to marry someone from the city, Amit's father has arranged for him to marry a simple girl from a nearby village. When Amit refuses to marry the young lady, she hatches a scheme to convince him that she can be just as sophisticated and polished as any city girl. Directed by Manik Chatterjee, this family film stars Rakesh Roshan, Utpal Dutt, Rakesh Bedi, Deven Verma, Rekha and Usha Kiran. -  Rekha, Rakesh Bedi, Urmila Bhatt",
    "genres" : [ ]
  }, {
    "id" : 274306,
    "title" : "Burning the Map",
    "overview" : "Documentary, Sports Documentaries, Water Sports, Surfing &amp; Boardsports, Sports &amp; Fitness - Surf phenom Timmy Turner and fellow wave-riders head to the pristine white-sand beaches of Indonesia in this documentary from Brett Sporich and Dustin Humphrey. Timmy, Travis Potter, Rory Parker and Ryan Turner take full advantage of Indonesia's ideal surf conditions and bask in the beauty of the tropical paradise. The filmmakers captured action shots from the beach and also employed a board-mounted camera for a unique wild-ride perspective.",
    "genres" : [ ]
  }, {
    "id" : 274311,
    "title" : "DeSean Jackson: The Making of a Father's Dream",
    "overview" : "Documentary, Biographical Documentaries, Sports Documentaries, Football, Sports Stories - The life story of Philadelphia Eagles wide receiver DeSean Jackson is a roadmap of the making of an elite athlete, from Pop Warner to the Pro Bowl. This story is a result of 18 years of documenting every aspect of DeSean's journey to NFL stardom and his family's struggle to stick together through it all.",
    "genres" : [ ]
  }, {
    "id" : 274316,
    "title" : "Gangster's Den",
    "overview" : "Fuzzy (Al St. John) purchases a saloon with a large sack of gold from the mine he owns with his partner, Billy (Buster Crabbe). When a crooked lawyer (I. Stanford Jolley) uses underhanded methods to try taking over the saloon, Billy works to bring the lawyer and his no-good gang to justice. Full of action and plenty of laughs, this classic Western also stars Ed Cassidy, Charles King and Emmett Lynn.",
    "genres" : [ {
      "id" : 37,
      "name" : "Western"
    } ]
  }, {
    "id" : 274321,
    "title" : "Danland",
    "overview" : "Amateur porn creator Dan Leal searches for commitment, meaning and intimacy in spite of his industry and himself.",
    "genres" : [ ]
  }, {
    "id" : 274326,
    "title" : "Trailer Park Boys - Live in F**kin' Dublin",
    "overview" : "The boys head to Ireland after winning a contest to see Rush but are arrested by immigration and must perform a community service puppet show.",
    "genres" : [ {
      "id" : 35,
      "name" : "Comedy"
    } ]
  }, {
    "id" : 274331,
    "title" : "Jupiter Landing",
    "overview" : "Comedy - When six reclusive tenants of a rundown apartment building called Jupiter Landing receive a 30-day eviction notice, they're forced to buck their antisocial ways and band together. Nicki (Naomi West), the reluctant leader, struggles to organize and motivate her slacker neighbors into taking a stand. Joel Riet, Bryce Wagoner, Connie Young, Monique Lanier and Tod Huntington fill out the cast of this independent dark comedy. -  Tod Huntington, Bryce Wagoner, Monique Lanier",
    "genres" : [ ]
  }, {
    "id" : 274336,
    "title" : "Urban Tale",
    "overview" : "A boy and a girl wake up in bed one morning, naked. The children's mother died a few weeks earlier. Before she died she asked her children to find their birth father who left them when they were still babies. Their quest in search of their father leads them to hospitals, nursing homes and holding cells. In the course of the quest the brother and sister meet people who provide them - like in parallel quantum universes - a glance into what their future lives may hold for them.",
    "genres" : [ {
      "id" : 18,
      "name" : "Drama"
    } ]
  }, {
    "id" : 274341,
    "title" : "Rice Girl",
    "overview" : "To land a role in the movie Hooker X, Asian American actress Windy (Cheryl Ling) researches what life is like as a prostitute. After being mistaken for a real call girl by undercover cops, Windy runs into trouble with a group of thugs and a huge wrestler. Poking fun at the entertainment industry as well as Asian stereotypes, this independent comedy co-stars Pat Morita, Martin Kove and Dean Haglund.",
    "genres" : [ {
      "id" : 35,
      "name" : "Comedy"
    } ]
  }, {
    "id" : 274346,
    "title" : "U.S. Air Power",
    "overview" : "Featuring a wealth of captivating footage -- including selections from newly declassified files -- this hourlong documentary looks at many of the aircraft, transport vehicles and weaponry of the U.S. military forces. Integrating insights from noted aviation authority Bill Gunston, the video contains highlights from training drills and combat simulations that underscore the U.S. war machine's power and capabilities.",
    "genres" : [ ]
  }, {
    "id" : 274351,
    "title" : "The Old Curiosity Shop",
    "overview" : "The classic fictional tale of Little Nell and her grandfather, animated by Burbank Films Australia.",
    "genres" : [ {
      "id" : 16,
      "name" : "Animation"
    } ]
  }, {
    "id" : 274356,
    "title" : "Africa Live: The Roll Back Malaria Concert",
    "overview" : "Organized to raise awareness of the malaria crisis in Africa, this impressive fund-raising concert brings together some of the continent's most talented musicians. Performing in front an audience of 50,000 at the Iba Mar Diop Stadium in Dakar, Senegal, the lineup includes Youssou N'Dour, Orchestra Baobab, Oumou Sangare, Tony Allen, Awadi, Corneille, Manu Dibango, Pape Diouf, Tiken Jah Fakoly, Seun Anikulap Kuti, Awilo Longomba and many more.",
    "genres" : [ ]
  }, {
    "id" : 274361,
    "title" : "The Incredible Marrec",
    "overview" : "A fisherman returns to the dock after an amazing journey to share his sea-faring adventures with the boy who is waiting for him.",
    "genres" : [ {
      "id" : 12,
      "name" : "Adventure"
    } ]
  }, {
    "id" : 274366,
    "title" : "Chihuly in the Hotshop",
    "overview" : "Filmed with three cameras, this fascinating documentary captures prolific American glass artist Dale Chihuly re-creating his past works for an audience in the fishbowl-like \"hotshop\" of the Museum of Glass in Tacoma, Wash. As part of Chihuly's weeklong residency at the museum, he invites glass blowers he's worked with over the course of his 30-year career to join him once again, revisiting 13 of his most well-known series.",
    "genres" : [ ]
  }, {
    "id" : 274371,
    "title" : "Tootsie's Orchid Lounge: Where the Music Began",
    "overview" : "The show tells the story of a group of songwriters who hung out together at the bar 30 years ago and who penned some of America's most popular music.",
    "genres" : [ {
      "id" : 99,
      "name" : "Documentary"
    } ]
  }, {
    "id" : 274376,
    "title" : "Russell Peters: 2 concerts, 1 ticket",
    "overview" : "This DVD package showcases two of Russell Peters' sold-out shows - Show Me The Funny and COMEDY NOW! Move over Howie, Jim, Tom and Mike - Peters is Canada's next big thing. NOW Magazine says, \"He's controversial, silly, cerebral, profane, eloquent, a fine mimic, purposefully self-effacing and proves time after time his ability to whip up a crowd.",
    "genres" : [ {
      "id" : 35,
      "name" : "Comedy"
    } ]
  }, {
    "id" : 274381,
    "title" : "Town Bloody Hall",
    "overview" : "Norman Mailer and a panel of feminists (Jill Johnston, Diana Trilling, Jacqueline Ceballos, Germaine Greer) debate the issue of Women's Liberation",
    "genres" : [ {
      "id" : 99,
      "name" : "Documentary"
    } ]
  }, {
    "id" : 274386,
    "title" : "Lake Los Angeles",
    "overview" : "After crossing into the U.S. with no family to speak of, young Cecilia finds herself in the charge of Francisco, a lonely Cuban immigrant long separated from his own family. Francisco operates a way station for border crossers on the outskirts of Lake Los Angeles, a surreal, desiccated lakebed in the California desert. While he copes with the alienation of living alone in a foreign land and the impossibility of realizing the American dream, Cecilia aimlessly wanders the dusty landscape, accompanied only by her fantastical imagination and distant memories of motherly love.",
    "genres" : [ ]
  }, {
    "id" : 274396,
    "title" : "Grip Video Volume 1",
    "overview" : "Here it is - the exciting first issue of Grip Video! Covering the Import Auto show and race scene, Grip delivers hard-hitting action, technical features and product showcases. Grip also exposes what goes on behind the scenes in the import industry and gets you up close and personal with the movers and the shakers.  In this issue:\r Personal interview with RJ Devera\r Extreme Autofest at Pomona\r UPFD and Mani Jayasinghe's 800+ hp Supra\r Veilside Titanium Exhaust product feature and body kit talk\r Re Works Toyota Mr-Spyder\r A shop feature with MOTOREX\r The Tommy Kaira WRX\r Import Revolution in Anaheim\r Drift Session 2 and Justin Kikkawa's Toyota Corolla GTS\r Cedric Smith's 600 hp Supra\r Drift suspension setup with Signal Auto . . . and more!",
    "genres" : [ {
      "id" : 28,
      "name" : "Action"
    }, {
      "id" : 99,
      "name" : "Documentary"
    } ]
  }, {
    "id" : 274401,
    "title" : "The Outrage",
    "overview" : "A Prussian lieutenant rapes a girl in 1870. He is killed by their son in 1914.",
    "genres" : [ ]
  }, {
    "id" : 274406,
    "title" : "Perfect Image?",
    "overview" : "Two actresses take us through a series of 'raps' and sketches about what it means to be beautiful and black.",
    "genres" : [ {
      "id" : 35,
      "name" : "Comedy"
    }, {
      "id" : 99,
      "name" : "Documentary"
    }, {
      "id" : 18,
      "name" : "Drama"
    }, {
      "id" : 10402,
      "name" : "Music"
    } ]
  }, {
    "id" : 274411,
    "title" : "The Prime Minister",
    "overview" : "Directed by Thorold Dickinson.",
    "genres" : [ ]
  } ]
}