{
  "movies" : [ {
    "id" : 141751,
    "title" : "Put More Blood Into the Music",
    "overview" : "PBS produced documentary about Sonic Youth at the height of their powers in 1988",
    "genres" : [ ]
  }, {
    "id" : 141776,
    "title" : "Strait Up",
    "overview" : "Anti drug series from the 1980s where a young man is transported to a place where he's tempted left and right by various drugs and his only friend is Lou Gossett JR",
    "genres" : [ ]
  }, {
    "id" : 141816,
    "title" : "The Devil's Liquor",
    "overview" : "Old man Eladio is dying. Throughout the last decades, he has lived alone, working in his old liquor factory. Modernity threatens his spirits business, but he refuses to abandon it. A visit by his oldest grandson will be the ideal moment to save the factory, while at the same time, reconnect with his family.",
    "genres" : [ ]
  }, {
    "id" : 141826,
    "title" : "Usta",
    "overview" : "",
    "genres" : [ ]
  }, {
    "id" : 141831,
    "title" : "Kassablanka",
    "overview" : "The Van Loock family and the Fawzi family both live in Kassablanka, a popular multiethnic district of Antwerp. Mr. Van Loock is a rabid supporter of the extreme right-wing political party Flemish bloc. Mr. Fawzi, a Moroccan immigrant, is a conservative Muslim. In October 2000, one week prior to a hotly contested national election, 17-year-old Leilah Fawzi falls for 19-year-old Berwout Van Loock. This development sparks a sometimes hilarious and sometimes politically incorrect love story that explores the thin walls between love and hate.",
    "genres" : [ {
      "id" : 18,
      "name" : "Drama"
    }, {
      "id" : 35,
      "name" : "Comedy"
    } ]
  }, {
    "id" : 141871,
    "title" : "The Miracle on 34th Street",
    "overview" : "One Kris Kringle, a department-store Santa Claus, causes quite a commotion by suggesting customers go to a rival store for their purchases. But this is nothing to the stir he causes by announcing that he is not merely a make-believe St. Nick, but the real McCoy Teresa Wright Macdonald Carey",
    "genres" : [ {
      "id" : 10770,
      "name" : "TV Movie"
    } ]
  }, {
    "id" : 141891,
    "title" : "You're in the Super Bowl, Charlie Brown",
    "overview" : "The Peanuts Gang competes in a punt, pass and kick contest. The winner gets a new bicycle and a trip to the Super Bowl. Meanwhile, Snoopy coaches the Birds football team (made up of a bunch of Woodstock-like birds) to the AFL (Animal Football League) Super Bowl.",
    "genres" : [ {
      "id" : 16,
      "name" : "Animation"
    }, {
      "id" : 35,
      "name" : "Comedy"
    }, {
      "id" : 10751,
      "name" : "Family"
    } ]
  }, {
    "id" : 141901,
    "title" : "Evim Sensin",
    "overview" : "After returning back to family, Leyla tries to fix everytihng while starting a new life wit Iskender. Everything goes smoothly until troubles find Leyla...",
    "genres" : [ {
      "id" : 14,
      "name" : "Fantasy"
    }, {
      "id" : 10749,
      "name" : "Romance"
    } ]
  }, {
    "id" : 141906,
    "title" : "Little Toys",
    "overview" : "Sister Ye lives in a rural village, where everyone makes traditional toys. When Sister Ye's husband dies of an unknown illness, and while Ye is attending to him, her son is kidnapped and sold to a wealthy lady in the city of Shanghai. Shortly after, the village is destroyed during an attack between rival warlords, forcing the villagers move to the city, where they continue to make toys.  Ten years pass, and Ye's daughter Zhu'er has become a toy designer. While helping the Nationalist army at the rear, Zhu'er is killed in an attack by the Japanese.  On New Year's Eve, Sister Ye is dressed in rags, sitting on the curb, selling toys. A young boy buys toys from her, and it is none other than her son, whom she does not recognize.",
    "genres" : [ {
      "id" : 18,
      "name" : "Drama"
    } ]
  }, {
    "id" : 141911,
    "title" : "Young Europe",
    "overview" : "",
    "genres" : [ {
      "id" : 18,
      "name" : "Drama"
    } ]
  }, {
    "id" : 141916,
    "title" : "Teenage Rebellion",
    "overview" : "Across the country, every Friday and Saturday night, they gather in the temples to perform ceremonial dances to a rhythm that seems to reach back in time. It's called the beat.\" A quickie documentary, originally paired on a drive-in double bill with \"Mondo Mod,\" claims to provide the lowdown on crazy teenage goings-on around the globe. We are shown glimpses of the Los Angeles Sunset Strip teen riots, The Paris student revolt, and the English mods and rockers running wild in Brighton. Things soon wind down to such critical issues of the day as go-go dancing, striped hip huggers, bikers, and surfing, all of which are seen to have worldwide popularity.",
    "genres" : [ {
      "id" : 99,
      "name" : "Documentary"
    } ]
  }, {
    "id" : 141921,
    "title" : "Mr. Fix-It",
    "overview" : "A young man impersonates his best friend, and in doing so upsets the decorum at a stuffy family gathering and falls in love. The arrival of a gang of hoodlums further disrupts the formalities, but our hero thwarts them and saves the day.",
    "genres" : [ {
      "id" : 35,
      "name" : "Comedy"
    }, {
      "id" : 10749,
      "name" : "Romance"
    } ]
  }, {
    "id" : 141926,
    "title" : "The Fire",
    "overview" : "It's another Pastrone collaboration with silent-cinema hottie Pina Menichelli, who ruins a painter's life just for ths sheer fun of it.",
    "genres" : [ {
      "id" : 18,
      "name" : "Drama"
    } ]
  }, {
    "id" : 141931,
    "title" : "The Danger Girl",
    "overview" : "Madcap Gloria disguises herself as a man, in order to lure a \"dangerous\" vamp away from her beau, Bobbie.",
    "genres" : [ ]
  }, {
    "id" : 141941,
    "title" : "The Lion Roars 2",
    "overview" : "A woman is disliked by men in her village because of her bad temper. She uses her martial arts skills to beat up men who are unfaithful to their wives.",
    "genres" : [ {
      "id" : 14,
      "name" : "Fantasy"
    }, {
      "id" : 28,
      "name" : "Action"
    } ]
  }, {
    "id" : 141951,
    "title" : "Bucksville",
    "overview" : "In a small, wooded town, a young man struggles to leave a secret militia started by his father.",
    "genres" : [ ]
  }, {
    "id" : 141956,
    "title" : "London Blackout Murders",
    "overview" : "Director George Sherman's 1942 thriller, about a psychopath terrorizing London during WWII, stars John Abbott, Mary McLeod, Lloyd Corrigan, Lester Matthews, Billy Bevan and Lumsden Hare.",
    "genres" : [ {
      "id" : 18,
      "name" : "Drama"
    }, {
      "id" : 80,
      "name" : "Crime"
    } ]
  }, {
    "id" : 141971,
    "title" : "Blackout",
    "overview" : "Recovering from a nail gun shot to the head and 13 months of coma, doctor Pekka Valinta starts to unravel the mystery of his past, still suffering from total amnesia.",
    "genres" : [ {
      "id" : 53,
      "name" : "Thriller"
    }, {
      "id" : 9648,
      "name" : "Mystery"
    } ]
  }, {
    "id" : 141976,
    "title" : "Mistletoe Over Manhattan",
    "overview" : "Rebecca, Mrs. Claus (Tedde Moore) is worried that her exhausted, workaholic husband (Mairtin O’Carrigan) has lost his holiday spirit. She believes she can help him recapture his bliss and secretly heads to the one place she knows the spirit of Christmas must still exist: New York City, where she first fell in love with Nick.  In a crowded New York diner, Rebecca befriends Joe (Greg Bryk), a caring cop who is worried about this kindly grandmother, who’s alone and low on funds. Joe reveals he and his wife Lucy (Tricia Helfer) are in the middle of a divorce. Sensing that Joe is still very much in love with his wife, Rebecca agrees to work temporarily as the family’s nanny until Christmas.  To Rebecca’s delight, by healing Joe and Lucy’s family, she shows Santa that Christmas miracles are still possible and his job’s more important than ever!",
    "genres" : [ {
      "id" : 10770,
      "name" : "TV Movie"
    }, {
      "id" : 10751,
      "name" : "Family"
    } ]
  }, {
    "id" : 141981,
    "title" : "I Don't Just Want You to Love Me",
    "overview" : "A documentary about the life and work of director Rainer Werner Fassbinder.",
    "genres" : [ {
      "id" : 99,
      "name" : "Documentary"
    } ]
  }, {
    "id" : 141991,
    "title" : "My Eyes Won't Dry 3 - Tubular Addiction",
    "overview" : "Pro surfer and point-of-view cinematography master, Brian Conley, in association with WAX, present the third edition of the \"My Eyes Won't Dry\" surf-film series. Three years in the making, captured in full HD quality, Conley takes viewers on the ride of their lives.",
    "genres" : [ ]
  }, {
    "id" : 141996,
    "title" : "Quattro Noza",
    "overview" : "",
    "genres" : [ {
      "id" : 28,
      "name" : "Action"
    } ]
  }, {
    "id" : 142026,
    "title" : "The Dancing Pig",
    "overview" : "A pig dressed in fancy clothes flirts with a pretty girl, but she humiliates him and tears off his suit; she then makes him dance for her affections.",
    "genres" : [ {
      "id" : 35,
      "name" : "Comedy"
    } ]
  }, {
    "id" : 142046,
    "title" : "Mary Christmas",
    "overview" : "Californian widower Joel Wallace, a successful businessman, is a great catch in a grand mansion, but absorbed by his work. His daughter Felice writes to a TV Christmas special, hoping for a 'new mammy'.",
    "genres" : [ {
      "id" : 18,
      "name" : "Drama"
    }, {
      "id" : 10751,
      "name" : "Family"
    }, {
      "id" : 10770,
      "name" : "TV Movie"
    } ]
  }, {
    "id" : 142051,
    "title" : "Jazz",
    "overview" : "A survey of the musical form's history and major talents.",
    "genres" : [ {
      "id" : 99,
      "name" : "Documentary"
    } ]
  }, {
    "id" : 142061,
    "title" : "Batman: The Dark Knight Returns, Part 2",
    "overview" : "Batman has stopped the reign of terror that The Mutants had cast upon his city.  Now an old foe wants a reunion and the government wants The Man of Steel to put a stop to Batman.",
    "genres" : [ {
      "id" : 28,
      "name" : "Action"
    }, {
      "id" : 16,
      "name" : "Animation"
    } ]
  }, {
    "id" : 142071,
    "title" : "The World According to Chocolat",
    "overview" : "This work is based on the 2007 Sony Ericsson Foma SO903i mobile advertising idea to extend into a 50-minute fantasy movie with Yuko Takeuchi as Chocolat who's younger sister Noriko met Chocolat's  old boyfriend during a storm in a bus stop. They went to cafe and started reminiscing using their mobile phone about Chocolat's death 7 years earlier in an accident...",
    "genres" : [ ]
  }, {
    "id" : 142076,
    "title" : "Sat2Mon",
    "overview" : "Chuad meets Tonliw and falls in love with the TV show host. That’s when he decides to seek the help of Pen, Tonliw’s best friend. Pen’s also got her own set of problems in the form of a controlling doctor boyfriend.",
    "genres" : [ {
      "id" : 35,
      "name" : "Comedy"
    } ]
  }, {
    "id" : 142096,
    "title" : "Mains Armées",
    "overview" : "Lucas and his team are after a gang of Serbian criminals using NATO-issued weapons. As the investigation leads him to Paris, Lucas attempts to reconnect with his estranged daughter, a young narc officer.",
    "genres" : [ {
      "id" : 80,
      "name" : "Crime"
    }, {
      "id" : 53,
      "name" : "Thriller"
    }, {
      "id" : 18,
      "name" : "Drama"
    } ]
  }, {
    "id" : 142101,
    "title" : "Vivir a todo dar",
    "overview" : "Clavillazo is a likeable drifter who gets his diploma because his teachers want him in sight. He lives in the street of what can be finding. However, nothing can prevent help those around he.",
    "genres" : [ ]
  }, {
    "id" : 142106,
    "title" : "Petunia",
    "overview" : "The story of a family whose growth is stunted... a family that learns how to love themselves while loving each other (a little too much).",
    "genres" : [ {
      "id" : 35,
      "name" : "Comedy"
    }, {
      "id" : 18,
      "name" : "Drama"
    } ]
  }, {
    "id" : 142111,
    "title" : "Flat Daddy",
    "overview" : "",
    "genres" : [ {
      "id" : 99,
      "name" : "Documentary"
    } ]
  }, {
    "id" : 142116,
    "title" : "Bio-Cop",
    "overview" : "A mutated cop deals with existential despair while running down drug dealers in this faux trailer.",
    "genres" : [ ]
  }, {
    "id" : 142121,
    "title" : "A Beer Tale",
    "overview" : "A coming of age romantic comedy centered around the lives of twin brothers Luke and Corey Frankenstein in the pivotal months following college graduation. Orphaned at the age of five, the brothers inherited their family brewery and were left in the care of their uncle, a well-meaning but less than ideal paternal figure. Raised on beer, with the assumption they're all grown up, Luke and Corey decide it's time to finish their family beer; a beer their parents started but were never able to finish twenty years ago. But when the idealistic Luke meets a girl whose family shows him the home life he's always wanted, he abandons Corey and their family beer in pursuit of this budding relationship. Corey, however, refuses to go down without a fight, and the ensuing mayhem that follows pits brother against brother and forces the Colorado wild boys to finally grow up and decide what kind of men they really want to be.",
    "genres" : [ ]
  }, {
    "id" : 142126,
    "title" : "An Old Box",
    "overview" : "During Christmastime, a bum discovers a magical box.",
    "genres" : [ {
      "id" : 16,
      "name" : "Animation"
    } ]
  }, {
    "id" : 142131,
    "title" : "Ctrl+Alt+Compete",
    "overview" : "",
    "genres" : [ ]
  }, {
    "id" : 142136,
    "title" : "Mr. Bechara",
    "overview" : "",
    "genres" : [ ]
  }, {
    "id" : 142141,
    "title" : "Over the Rainbow, Under the Skirt",
    "overview" : "In this sequel to Yesterday You, Yesterday Me, Bobby looks back on his youthful dreams -- the joys of love and the pain of separation. He also remembers the summer of 1985 when he was smitten with a woman named Sharon.",
    "genres" : [ {
      "id" : 35,
      "name" : "Comedy"
    }, {
      "id" : 10749,
      "name" : "Romance"
    } ]
  }, {
    "id" : 142146,
    "title" : "Lancer Spy",
    "overview" : "An Englishman impersonates an imprisoned German officer and \"returns\" to Germany to become a national hero. A female German spy is assigned to check him out but falls in love with him.",
    "genres" : [ {
      "id" : 18,
      "name" : "Drama"
    }, {
      "id" : 53,
      "name" : "Thriller"
    } ]
  }, {
    "id" : 142161,
    "title" : "9.79*",
    "overview" : "A look into the 100-meter final at the 1988 Seoul games.",
    "genres" : [ ]
  }, {
    "id" : 142166,
    "title" : "Carpool",
    "overview" : "Four strangers are thrown together in a carpool when a bag of money, almost a million dollars, falls from a Brinks truck into their path. Because of circumstances, they are unable to turn in the money, and they struggle over what to do. They are pursued by thieves, the mob, and the police.",
    "genres" : [ ]
  }, {
    "id" : 142176,
    "title" : "Where The Buffalo Roam",
    "overview" : "Where the Buffalo Roam is a film about the fear of change and leaving the comforting arms of home.  Wandering amongst the plotted rows of houses within the motherly arms of the suburbs, two brothers take advantage of the hours that most spend asleep. They sip liquid courage and shout their dreams aloud, only to hear them echo back in the brisk midwestern fall air.  Twenty-four year old Brad commemorates what seems to be his last night in the suburbs alongside his older brother Tyler, who is on the brink of turning thirty and still living at home. As the hours dwindle until dawn, Brad struggles to confront the realization that all things must change.",
    "genres" : [ ]
  }, {
    "id" : 142191,
    "title" : "Allures",
    "overview" : "An experimental animation from Jordan Belson",
    "genres" : [ {
      "id" : 16,
      "name" : "Animation"
    } ]
  }, {
    "id" : 142196,
    "title" : "Study No. 7",
    "overview" : "An experimental short from Oskar Fischinger",
    "genres" : [ ]
  }, {
    "id" : 142216,
    "title" : "Quarterback Princess",
    "overview" : "The Maida family has moved to Oregon, and daughter Tami wants to play quarterback for the high school football team. There's just one problem. She's a girl. With everyone from the coach to her next door neighbor against her, she's out to prove that not only can she can play football, but she can win the state championship. (Based on a true story)",
    "genres" : [ {
      "id" : 18,
      "name" : "Drama"
    } ]
  }, {
    "id" : 142241,
    "title" : "Adrenaline Hunters: The Movie",
    "overview" : "Through winter and summer, across endlessly varied landscapes in search of perfection... not just for the rush, but to unlock the philosophy of The Edge. Against these unadulterated backdrops, the athletes look more animal than human. Like a gecko clinging to a wall, Klem Loskot moves sinuously up a sheer rock cliff. Jerome Ruby leaps from a lonely, lofty sandstone spire to swoop towards the desert below, more falcon than man. David Arnaud descends raging mountain rivers as fluidly and powerfully as the fish that call it home. Australia, Canada, Madagascar, Morocco, New Zealand, Norway, the United States, and Vietnam are just some of the locations that provide the organic arenas for their high performance antics.",
    "genres" : [ ]
  }, {
    "id" : 142246,
    "title" : "The Innocence of Youth",
    "overview" : "These girls look so sweet and innocent, but these young cuties harbor a very naughty secret. Kendall Karson, Gia Steel, Chastity Lynn and Riley Reid are as slutty as they cum! So get it up and watch these tight little angels stroke, suck and fuck every last ounce of innocence from their youth.",
    "genres" : [ ]
  }, {
    "id" : 142261,
    "title" : "Six in the Morning (Part 1)",
    "overview" : "Part 1 of the sequel to \"Three in the Afternoon.\" A representative from Hasbro toys comes to reclaim the three lightsaber given to Travis, Johnathan, and Corey one month ago. Reluctant to give them up, the three friends meet to decide what to do. Meanwhile, it is revealed that the Lucas Arts empire is planning to sell real lightsabers to children around the world.",
    "genres" : [ ]
  }, {
    "id" : 142276,
    "title" : "Breathe",
    "overview" : "Martin Khodabakhshian (9-Time Emmy Award-winning ESPN producer) directs and produces this fascinating documentary that truly goes to new depths in the search for man's physical and mental limits. Breathe follows New Zealander, William Trubridge as he attempts to break his own world record in the extreme sport of Freediving. William attempts to dive completely unaided to a depth of 300ft, almost to the bottom of the deepest blue hole in the world - \"Dean's Blue Hole\" in the Bahamas.",
    "genres" : [ {
      "id" : 99,
      "name" : "Documentary"
    } ]
  }, {
    "id" : 142286,
    "title" : "Love That Brute",
    "overview" : "Director Alexander Hall's 1950 comedy, about a crude gangster hopelessly falling for a sweet young city government employee, stars Paul Douglas, Jean Peters, Cesar Romero, Keenan Wynn, Joan Davis, Arthur Treacher, Jay C. Flippen, Barry Kelley, Leon Belasco, Clara Blandick, John Doucette, Arthur O'Connell and Charles Lane.",
    "genres" : [ {
      "id" : 35,
      "name" : "Comedy"
    }, {
      "id" : 80,
      "name" : "Crime"
    } ]
  }, {
    "id" : 142301,
    "title" : "Der Rosenkavalier",
    "overview" : "Herbert Wernicke's production of Richard Strauss's \"Der Rosenkavalier\", filmed live at the Festspielhaus Baden-Baden on 31 January 2009. Renée Fleming is the Marschallin, Diana Damrau is Sophie, Sophie Koch is Octavian, Franz Hawlata is Baron Ochs, Franz Grundheber is Faninal, Jane Henschel is Annina, and Jonas Kaufmann is the Italian singer. Christian Thielemann conducts the Münchner Philharmoniker.",
    "genres" : [ ]
  }, {
    "id" : 142311,
    "title" : "Vier Töchter",
    "overview" : "",
    "genres" : [ ]
  }, {
    "id" : 142326,
    "title" : "Bait",
    "overview" : "When Jack Blake picks up a woman and her daughter stranded when their car breaks down, he is struck by the daughter's resemblance to his own murdered child. Jack sees an opportunity to unwittingly involve both women in a scheme which he hopes will unmask his daughter's killer. Written",
    "genres" : [ ]
  }, {
    "id" : 142346,
    "title" : "1942",
    "overview" : "On the 60th anniversary of World War II, Boku Films presents 1942, a suspenseful horror movie set against an unforgettable war. The year is 1942. The setting - Malaya.",
    "genres" : [ {
      "id" : 10752,
      "name" : "War"
    }, {
      "id" : 27,
      "name" : "Horror"
    }, {
      "id" : 28,
      "name" : "Action"
    } ]
  }, {
    "id" : 142351,
    "title" : "Memorias de un Soldado",
    "overview" : "",
    "genres" : [ ]
  }, {
    "id" : 142356,
    "title" : "Vampire Wars",
    "overview" : "The rural American west is the setting for this OVA, in which a bizarre and brutal attack on a NASA base in Arizona attracts the attention of a French secret service agent, Monsieur Lassar, when a dead CIA agent is found floating on the Seine in Paris. Lassar is convinced that these two events are related, and sets out to prove it. His investigation leads him to film star Lamia Vindaw and a vampire cult that may be far more vicious and dangerous than its eccentric exterior makes it seem.",
    "genres" : [ {
      "id" : 16,
      "name" : "Animation"
    }, {
      "id" : 12,
      "name" : "Adventure"
    }, {
      "id" : 28,
      "name" : "Action"
    } ]
  }, {
    "id" : 142361,
    "title" : "Anarchy in Japansuke",
    "overview" : "A middle-aged man walks up to young man who is sitting under a tree and shoots him. The film then flashes back to 1981, where a young woman steals a car with a baby strapped inside. She decides to raise the child as her own, and teaches him to shoplift from stores while she works as a prostitute. She strikes up a relationship with a convenience-store clerk, and the two eventually settle down together.",
    "genres" : [ ]
  }, {
    "id" : 142366,
    "title" : "Tram",
    "overview" : "As every morning, men get on the tram to go to work. But on that day, to the rhythm of the tickets inserted in the ticket-stamping machine, the vehicle gets erotic and the conductress’ desire turns the reality into a surrealistic and phallic fantasy.",
    "genres" : [ {
      "id" : 16,
      "name" : "Animation"
    } ]
  }, {
    "id" : 142386,
    "title" : "Arakawa Under the Bridge: The Movie",
    "overview" : "Kou Ichinomiya (Kento Hayashi) comes from a wealthy family &amp; his father runs a famous company. Kou is smart enough to already run several high-flying firms. From an early age Kou's father taught him to never owe anybody anything. Because of this, when he does owe someone something he will suffer an asthma attack. He's obsessed with never becoming in debt to another person.\r One day, Kou falls into the Arakawa River and is saved by homeless girl Nino (Mirei Kiritani). Kou is in debt to Nino for saving his life. With his obsession over never owing something to another person, Kou asks Nino if there is any way he can pay her back. The girl doesn't want anything. Kou persists in paying back his debt to her and finally Nino aks Kou to love her. Kou will then start to live under the Arakawa River bridge with Nino and other homeless persons ...",
    "genres" : [ {
      "id" : 35,
      "name" : "Comedy"
    } ]
  }, {
    "id" : 142391,
    "title" : "95ers: Time Runners",
    "overview" : "Time is unraveling, paradoxes are everywhere, and strangers with terrifying technologies are on the hunt. A thrilling, original, ultra indie full-length sci-fi movie that is the story of Sally Biggs, an FBI agent who has the power to rewind time. Her scientist husband has disappeared mysteriously, and the closer she gets to finding him, the more dangerous her life becomes. To save the future and her loved ones, Sally must enter a battlefield she never knew existed. Fortunately, she's a 95er. Surrounded by bizarre timespace paradoxes and hunted by terrifying forces from the future, Sally must discover the earth-shattering truth behind it all before her very being fades out of reality.",
    "genres" : [ {
      "id" : 53,
      "name" : "Thriller"
    }, {
      "id" : 878,
      "name" : "Science Fiction"
    } ]
  }, {
    "id" : 142396,
    "title" : "Arnaud Waltz : Méthode Aïkido Vol. 1",
    "overview" : "",
    "genres" : [ ]
  }, {
    "id" : 142401,
    "title" : "Passionate Killing in the Dream",
    "overview" : "A woman can see through the mind of a serial killer. But can she use her talents to alert the police to the killer's next move or will the killer catch on and track her down...",
    "genres" : [ ]
  }, {
    "id" : 142406,
    "title" : "Saturday October 5th",
    "overview" : "",
    "genres" : [ ]
  }, {
    "id" : 142416,
    "title" : "The Waiters' Ball",
    "overview" : "Fatty and Al are competing to take the same girl to the Waiters' Ball, but the formal dress requirement presents a problem: Fatty owns a tuxedo, but Al does not.",
    "genres" : [ ]
  }, {
    "id" : 142436,
    "title" : "Mile Zero",
    "overview" : "Mile Zero is a story about a father with a remarkable capacity to love.",
    "genres" : [ ]
  }, {
    "id" : 142451,
    "title" : "The Stunt Woman",
    "overview" : "A few years in the life of Ah Kam, starting with her joining action director Master Tung's team of regulars.",
    "genres" : [ ]
  }, {
    "id" : 142456,
    "title" : "No One's Son",
    "overview" : "Ivan is a 36-year old ex-rock singer and a disillusioned war veteran who lost both legs in the recent Croatian Homeland War. His father, Izidor, was a well-known political prisoner in the former Yugoslavia, and is now standing as an independent candidate for the Croatian Parliament. Then a face from the past re-appears: an impoverished Serbian refugee called Simo, who has recently returned to the town. As an ex-communist official, Simo imprisoned Izidor decades ago. He knows certain facts about Izidor that could destroy his reputation and wreck his political campaign. Simo demands money, in return for his silence and he also has a secret rendezvous with Ivan's mother, Ana. Soon a long-buried secret surfaces once more - with huge repercussions for Ivan. He starts to provoke hard-line Croatians by singing Serbian nationalistic songs, daring them to kill him.",
    "genres" : [ {
      "id" : 18,
      "name" : "Drama"
    } ]
  }, {
    "id" : 142461,
    "title" : "Revolution! The Making of 'Bonnie and Clyde'",
    "overview" : "The making-of documentary of Bonnie and Clyde.",
    "genres" : [ {
      "id" : 80,
      "name" : "Crime"
    }, {
      "id" : 99,
      "name" : "Documentary"
    }, {
      "id" : 18,
      "name" : "Drama"
    } ]
  }, {
    "id" : 142466,
    "title" : "Tales of William Wallace",
    "overview" : "",
    "genres" : [ ]
  }, {
    "id" : 142471,
    "title" : "Sincerely Yours",
    "overview" : "12-part documentary featuring the cast reflecting on the making of the film that defined an entire generation",
    "genres" : [ {
      "id" : 99,
      "name" : "Documentary"
    } ]
  }, {
    "id" : 142486,
    "title" : "François 1er",
    "overview" : "",
    "genres" : [ ]
  }, {
    "id" : 142496,
    "title" : "Comic Store Heroes",
    "overview" : "Follow the lives of staffers Gerry, Thor and Alex as they deal with all manner of geeks and enthusiastic customers while simultaneously planning their mega-booth for New York Comic Con, their biggest day of the year.",
    "genres" : [ ]
  }, {
    "id" : 142501,
    "title" : "The Wiser Age",
    "overview" : "Drama about the lives of the five daughters and daughter-in-law of a store owner.",
    "genres" : [ {
      "id" : 18,
      "name" : "Drama"
    } ]
  }, {
    "id" : 142506,
    "title" : "Romeo & Juliet - The Royal Ballet",
    "overview" : "Ballet superstar Carlos Acosta dances as one of the two `starcrossed lovers' in Shakespeare's timeless tragedy-- presented in the classic Kenneth MacMillan choreography and beautifully staged by the Royal Ballet. In this perennial favourite, Carlos Acosta dances alongside his regular partner, the Spanish ballerina, Tamara Rojo-- a celebrated stage partnership which currently has no equal. The drama of the doomed lovers is set against the ravishing sets and costumes designs of Nicholas Georgiadis.",
    "genres" : [ ]
  }, {
    "id" : 142511,
    "title" : "Avec Punch",
    "overview" : "High school students Isaki and Hiramasa can't stand being bored. One day, while walking across town, they bump shoulders with two other people. An argument ensues and, as usual, Hiramasa is ready to fight. Hiramasa is supremely confident when it comes to fighting. An unusual thing happens though, Hiramasa gets knocked out ...",
    "genres" : [ {
      "id" : 28,
      "name" : "Action"
    }, {
      "id" : 18,
      "name" : "Drama"
    } ]
  }, {
    "id" : 142521,
    "title" : "Giovanni de Medici: The Leader",
    "overview" : "Returned from exile where he accompanied his mother Caterina Sforza, Giovanni de 'Medici (1498-1526), becomes, under the name of Giovanni delle Bande Nere, captain of fortune at the service of the idea of a united Italy.",
    "genres" : [ {
      "id" : 12,
      "name" : "Adventure"
    }, {
      "id" : 10752,
      "name" : "War"
    } ]
  }, {
    "id" : 142541,
    "title" : "Un metteur en ordre: Robert Bresson",
    "overview" : "\"Un metteur en ordre: Robert Bresson\", a 1966 French TV program about the film \"Au Hasard Balthazar\", featuring Bresson, Jean-Luc Goddard, Louis Malle, Marguerite Duras and others.",
    "genres" : [ {
      "id" : 99,
      "name" : "Documentary"
    } ]
  }, {
    "id" : 142556,
    "title" : "Empty Rooms",
    "overview" : "\"Empty Room is a dark, highly erotic tale of a married couple whose relationship is slowly sliding into oblivion. Bored and sexually frustrated, the wife begins taking lovers while her unemployed husband spends his days wandering aimless around the city parks.  Highly stylised and with a film noir feel, Empty Room is a fine example of how Japanese Pink cinema has developed into a genre all of its own.\"  \"A highly beautiful and erotic piece of art…with ‘Empty Room’, Pink Cinema has finally come of age.\"",
    "genres" : [ {
      "id" : 10769,
      "name" : "Foreign"
    }, {
      "id" : 18,
      "name" : "Drama"
    } ]
  }, {
    "id" : 142571,
    "title" : "Totte",
    "overview" : "A collection of all Totte tales.  -Totte is small. -Totte goes out. -Totte takes a bath. -Totte tidies. -Totte builds. -Totte goes to the doctor. -Totte bakes. -Totte plays with the cat. -Totte and Malin. -Totte dresses up.",
    "genres" : [ {
      "id" : 10751,
      "name" : "Family"
    } ]
  }, {
    "id" : 142581,
    "title" : "The Normals",
    "overview" : "With a debt collector hot on his trail, Harvard graduate Billy Schine enrolls in a clinical drug trial to make a quick buck. Carted out of New York City in a shuttle full of oddball characters, Billy and the rest of the guinea pigs, affectionately referred to as \"Normals,\" camp out at hidden research facility. When not popping pills, being tagged, drained of blood, prodded, poked and color-coded, they are telling horror stories of previous tests or generally getting on each other's nerves. As the test drags on, just being there starts to take its toll, and tensions build until the dam finally bursts. Billy realizes that there is no such thing as \"normal.\"",
    "genres" : [ ]
  }, {
    "id" : 142591,
    "title" : "Love Bite",
    "overview" : "School is over and summer has begun in the dead-end seaside town of Rainmouth. While Jamie's friends seem to be happy working in the local pie factory by day and looking for sex by night, Jamie is bored out of his mind, running his pot-head mother's B&amp;B. He's desperate to get out of there. But when he meets beautiful, smart and sexy American traveler Juliana at a party, he's smitten - the world is not so small after all. But soon after Juliana's arrival, strange things start happening. One of the local teens goes missing at a party. Then, another. Jamie is warned by an enigmatic stranger that a werewolf is in town - and preying solely on virgin flesh! The only way to be safe seems to be to pop your cherry. (But that can't be true... can it?) As the locals are picked off one by one, the boys fear that a werewolf is indeed after them. And for all their talk, it turns out none of them have ever had sex before... Pretty soon, everyone is dying to get laid.",
    "genres" : [ {
      "id" : 27,
      "name" : "Horror"
    }, {
      "id" : 35,
      "name" : "Comedy"
    } ]
  }, {
    "id" : 142601,
    "title" : "Wilder Ozean - Im Reich der Wale",
    "overview" : "",
    "genres" : [ ]
  }, {
    "id" : 142611,
    "title" : "Houston, We Have a Problem!",
    "overview" : "The cold war, the space race, and NASA’s moon landing are landmark events that defined an era. But they are also fodder for conspiracy theories.\r In Houston, We Have a Problem! filmmaker Žiga Virc adds new material to the discussion on both fronts. This intriguing docu-fiction explores the myth of the secret multi-billion-dollar deal behind America’s purchase of Yugoslavia’s clandestine space program in the early 1960s.",
    "genres" : [ {
      "id" : 99,
      "name" : "Documentary"
    } ]
  }, {
    "id" : 142616,
    "title" : "The 14",
    "overview" : "Set in London’s East End, The 14 (aka The Wild Little Bunch aka Existence) is based on the true story of fourteen children who struggle against overwhelming pressures to stay together after the death of their single mother.",
    "genres" : [ {
      "id" : 18,
      "name" : "Drama"
    } ]
  }, {
    "id" : 142621,
    "title" : "Hsue-shen Tsien",
    "overview" : "This is a story of a scientist who made important contributions to the missile and space programs of both the United States and People's Republic of China.",
    "genres" : [ {
      "id" : 18,
      "name" : "Drama"
    } ]
  }, {
    "id" : 142631,
    "title" : "Love Ke Liye Kuch Bhi Karega",
    "overview" : "Three slackers living in India, whose names are Prakash, Harry, and Rahul, live a conman-like lifestyle. Rahul is in love with his landlord's daughter, but since he is poor, and has not paid for several months, her father refuses to permit her to marry him. Prakash is in love with Sonia, he marries her, and is all set to live off of his father-in-law, who refuses to give him any money nor take part in the family business. Prakash hits upon a plan to abduct Sonia, demand a hefty ransom, pocket the money, and open his own business. He meets with Rahul and Harry, and together they convince Sonia, who agrees to this plan. Sonia is accordingly kidnapped, and her dad is asked to pay up. The only problem is that Sonia has been abducted by real kidnappers",
    "genres" : [ {
      "id" : 35,
      "name" : "Comedy"
    } ]
  }, {
    "id" : 142656,
    "title" : "Fountainhead",
    "overview" : "A botanist woos the secretary of an industrialist whose company threatens the local water supply.",
    "genres" : [ {
      "id" : 18,
      "name" : "Drama"
    } ]
  }, {
    "id" : 142661,
    "title" : "Empire",
    "overview" : "Apichatpong Weerasethakul's trailer for the 2010 Viennale.",
    "genres" : [ ]
  }, {
    "id" : 142666,
    "title" : "Love and Theft",
    "overview" : "An animated riff on Melies wherein an animated face keeps transforming into different homages.",
    "genres" : [ ]
  }, {
    "id" : 142671,
    "title" : "You Must Remember This: A Tribute to 'Casablanca'",
    "overview" : "",
    "genres" : [ {
      "id" : 99,
      "name" : "Documentary"
    } ]
  }, {
    "id" : 142676,
    "title" : "Herrenjahre",
    "overview" : "",
    "genres" : [ ]
  }, {
    "id" : 142696,
    "title" : "Code Name: Melville",
    "overview" : "Mixing interviews, rare archival footage and film extracts, the film shows how Melville's works were impacted by what he experienced in his youth during WWII, and how it structured his whole approach to cinema, not only in its thematic but also in its aesthetics.",
    "genres" : [ ]
  }, {
    "id" : 142711,
    "title" : "South of Sanity",
    "overview" : "Fourteen souls were left to winter-over on Britain's largest Antarctic base, but nearly six months into winter all contact was lost. When a rescue team was sent into investigate no one was found alive. . . . . . . Cut off from the outside world, the small community gradually become fractured and antagonistic. From out of this dark crucible of malcontent, a killer emerges. In the isolated and disparate group, members are picked off one by one, paranoia ensues and no one is safe. Filmed and edited entirely on location in Antarctica, the story demonstrates that, even in the most inhospitable environment on earth, the most malevolent threat lurks inside ourselves",
    "genres" : [ {
      "id" : 27,
      "name" : "Horror"
    } ]
  }, {
    "id" : 142726,
    "title" : "Homolka and Pocketbook",
    "overview" : "The husband and wife Ludva and Hedus Homolkas with their twins Péta and Máta and Ludva's parents - the granny and grandpa - arrive in the snowy Spindleruv Mlýn for a holiday. They promise to each other that they will not spoil the quite expensive holiday by quarrels. If somebody hurts the other one he/she will kneel as a punishment.",
    "genres" : [ {
      "id" : 35,
      "name" : "Comedy"
    } ]
  }, {
    "id" : 142741,
    "title" : "Белый взрыв",
    "overview" : "",
    "genres" : [ ]
  }, {
    "id" : 142746,
    "title" : "Take Care of the Women!",
    "overview" : "Young journalist starts working on the ship in order to write a story. The only problem is - all the ships crew are young girls.",
    "genres" : [ {
      "id" : 35,
      "name" : "Comedy"
    }, {
      "id" : 10749,
      "name" : "Romance"
    }, {
      "id" : 10402,
      "name" : "Music"
    } ]
  }, {
    "id" : 142751,
    "title" : "A Private Matter",
    "overview" : "The true story of Romper Room host \"Miss Sherri\" Finkbine, who, after the devastating effects of thalidomide were discovered in the early 1960s, sparked a firestorm of controversy with her determination to obtain an abortion.",
    "genres" : [ {
      "id" : 18,
      "name" : "Drama"
    } ]
  }, {
    "id" : 142786,
    "title" : "Dara O Briain: Craic Dealer",
    "overview" : "The host of Mock the Week (BBC ONE), The Apprentice You’re Fired! (BBC TWO) and star of Three Men In A Boat (BBC TWO) returns this year with his funniest Live show to date, proving why Dara is regarded as one of the comedy greats by audiences and fellow comedians alike. The 'downright funny' Dara O Briain is at the peak of his career in this hilarious new show, making it a must-own for any discerning comedy fan.",
    "genres" : [ {
      "id" : 35,
      "name" : "Comedy"
    } ]
  }, {
    "id" : 142826,
    "title" : "The Five Billion Dollar Legacy",
    "overview" : "Crippled billionaire Lin Zhongyuan mails a letter to each of his long-lost daughters, hoping he’ll find an heir worthy to inherit his vast fortune in Japanese real estate. Good girl Peifang (Margaret Hsing Hui) hopes to enlist daddy’s help and care for her sick mom. Money-grubbing floozy Li Rong Rong (Kuo Man-Na) ditches her day job seducing rich sugar daddies for her thug boyfriend to blackmail. Blind orphan Jingxian (Wang Ping) is just happy to find a family. The sisters finally meet aboard their plane to Japan, where Peifang is also quite taken with handsome Dr. Zhang Bin (Chin Feng), en route to investigate the death of his lawyer uncle in a mysterious hit-and-run.",
    "genres" : [ ]
  }, {
    "id" : 142831,
    "title" : "Star and Death of Joaquin Murrieta",
    "overview" : "A poor Chilean Joaquin Murrieta decides to move to California in gold searches. On his way he meets a beautiful girl who becomes his wife. But their happiness is short. Life of the gold diggers is cruel... After his wife dies Joaquin takes up arms to revenge.",
    "genres" : [ {
      "id" : 10402,
      "name" : "Music"
    }, {
      "id" : 18,
      "name" : "Drama"
    }, {
      "id" : 28,
      "name" : "Action"
    }, {
      "id" : 10749,
      "name" : "Romance"
    } ]
  } ]
}