{
  "movies" : [ {
    "id" : 291291,
    "title" : "Kalinovski Square",
    "overview" : "Three months before elections the president of the Republic of Belarus Alexander Lukashenka claimed: \"You have no other choice, you will vote for me!\" We were trying to figure out how did it happen that 83% of the population voted for Lukashenka? The film tracks the opposition struggle during few post-election days. The movie shows the falsehood of the official propaganda and the ambiguous, sometimes polar, attitude of simple people. Assembling together all the debris of the opinions, comparing different historical events, jeering at dictator's arrogance and manners, admiring courage and dedication of the young generation, the feature approaches the understanding of what is really going on in the middle of Europe. And one more thing -the director's sarcastic comment throughout the film does not make you bored!",
    "genres" : [ ]
  }, {
    "id" : 291296,
    "title" : "Michael W. Smith - Sovereign",
    "overview" : "This is the intimate live recording based on the ‘Sovereign’ album by Michael W. Smith  His latest offering is a deliberate step in a new direction, after signing with Capitol Christian Music Group in 2013. This fresh collection of worship songs represents a new creative chapter in Michael’s career working with a completely new bunch of songwriters, producers, and musicians. The result is an album of vibrant innovation and vertically focused songs.  The Deluxe Edition includes bonus songs, behind the scenes video and a beautifully shot live DVD that was filmed this past January on Smith's Franklin, Tennessee farm in a packed barn during an unforgettable night of worship.  Sovereign Deluxe CD+DVD by Michael W Smith was published by Sparrow Records in May 2014",
    "genres" : [ ]
  }, {
    "id" : 291301,
    "title" : "Masterpieces of the Hermitage",
    "overview" : "Masterpieces of the Hermitage",
    "genres" : [ ]
  }, {
    "id" : 291306,
    "title" : "Kurt Angle: It's True! It's True",
    "overview" : "Kurt Angle--love him or hate him, he's the only Federation superstar with an Olympic gold medal! In this video, many Federation Superstars speak of their real feelings toward Kurt Angle. We also capture an unscripted, totally candid Kurt Angle at a Federation commercial shoot. See for yourself the Intensity, Integrity, and Intelligence Kurt used to win the European &amp; Intercontintental Championships, and the King of the Ring. Also, his notorious involvement with Stephanie McMahon-Helmsley. WARNING: Whatever your thoughts on Kurt Angle, you may change your mind after viewing this. It's true, it's true!",
    "genres" : [ ]
  }, {
    "id" : 291311,
    "title" : "Cams",
    "overview" : "The image pans slowly around a coastal moor, a neighborhood of silent villas and empty streets, a forest path in fading summer light. There are no witnesses to tell the stories of how it all ended. All manifestations of human activity have ceased, giving way to the crackling and bustling of nature. In this world, which at first seems only to reflect a recent emptying, black things move about, as if dying echoes of a cataclysm too terrifying to narrate.",
    "genres" : [ {
      "id" : 878,
      "name" : "Science Fiction"
    }, {
      "id" : 53,
      "name" : "Thriller"
    } ]
  }, {
    "id" : 291316,
    "title" : "A Life Ascending",
    "overview" : "A Life Ascending chronicles the life of acclaimed ski mountaineer and mountain guide Ruedi Beglinger. Living with his wife and two young daughters on a remote glacier in the Selkirk Mountains of British Columbia, Beglinger has built a reputation as one of the top mountaineering guides in the world. The film follows his family's unique life in the mountains and their journey in the years following a massive avalanche that killed seven people. Documenting the sublime beauty and ever-present risk of a life lived on the edge, the film ultimately explores the power of nature as both an unforgiving host and profound teacher.",
    "genres" : [ ]
  }, {
    "id" : 291321,
    "title" : "RudeBoiz 11: Spunky Scallies",
    "overview" : "Spunked up scally boys getting their hungry faces covered in cum after having their butts fucked hard by their horny mates, opened wide for the thick shafts to slide in and out. Having toned young bodies splattered in fresh jizz, it’s a nonstop fuckfest with baseball capped young lads slamming it home in real unstaged sex!",
    "genres" : [ ]
  }, {
    "id" : 291326,
    "title" : "Live Nude Girls",
    "overview" : "When Shane inherits a gentleman's club from his estranged uncle, he leaves his Midwestern home for Los Angeles. Run by a booze hound and employing a dozen out of control strippers, Shane must do everything he can to save the club from bankruptcy and maybe make history in the process.",
    "genres" : [ {
      "id" : 35,
      "name" : "Comedy"
    } ]
  }, {
    "id" : 291331,
    "title" : "Lust for Vengeance",
    "overview" : "Five women obsessed with sex &amp; drugs pay for their sins.",
    "genres" : [ ]
  }, {
    "id" : 291336,
    "title" : "Honeyspider",
    "overview" : "It's Halloween day in 1989 and college student Jackie Blue wants to enjoy a quiet birthday in the midst of a chaotic semester at school. Her friend Amber has other ideas and persuades Jackie to come to the annual Halloween party on campus after her shift at the local movie theater. As the night unfolds, it becomes apparent that Jackie will get more excitement than she bargained for on her birthday this year.",
    "genres" : [ {
      "id" : 53,
      "name" : "Thriller"
    }, {
      "id" : 27,
      "name" : "Horror"
    } ]
  }, {
    "id" : 291341,
    "title" : "Poem of Kovpak: Carpathians, Carpathians...",
    "overview" : "A third of a series of movies about Kovpak - the partisans chief during WWII.",
    "genres" : [ {
      "id" : 10752,
      "name" : "War"
    }, {
      "id" : 12,
      "name" : "Adventure"
    } ]
  }, {
    "id" : 291346,
    "title" : "Margarita Happy Hour",
    "overview" : "Five young women, each with children, meet once a week for $2 margaritas and discuss life, love and change.",
    "genres" : [ ]
  }, {
    "id" : 291351,
    "title" : "The Sea of Trees",
    "overview" : "A suicidal American befriends a Japanese man lost in a forest near Mt. Fuji and the two search for a way out.",
    "genres" : [ {
      "id" : 18,
      "name" : "Drama"
    } ]
  }, {
    "id" : 291356,
    "title" : "In a Valley of Violence",
    "overview" : "The story of a drifter named Paul who arrives in a small town seeking revenge on the thugs who murdered his friend. Sisters Mary Anne and Ellen, who run the town's hotel, help Paul in his quest for vengeance.",
    "genres" : [ {
      "id" : 80,
      "name" : "Crime"
    }, {
      "id" : 53,
      "name" : "Thriller"
    }, {
      "id" : 37,
      "name" : "Western"
    }, {
      "id" : 28,
      "name" : "Action"
    } ]
  }, {
    "id" : 291361,
    "title" : "High Risk",
    "overview" : "A troupe of former circus performers plot to steel a valuable artifact from an embassy in Washington, DC.",
    "genres" : [ {
      "id" : 10770,
      "name" : "TV Movie"
    }, {
      "id" : 35,
      "name" : "Comedy"
    }, {
      "id" : 80,
      "name" : "Crime"
    } ]
  }, {
    "id" : 291366,
    "title" : "Lies",
    "overview" : "Struggling actress accepts high paying job to play a rich heiress committed in a lunatic asylum, not knowing she's really being set up as a surrogate for the real girl who'd been murdered.",
    "genres" : [ {
      "id" : 53,
      "name" : "Thriller"
    }, {
      "id" : 18,
      "name" : "Drama"
    } ]
  }, {
    "id" : 291371,
    "title" : "Scalpers",
    "overview" : "A newcomer to ticket scalping, Joey Grey fights for his place in this new world.",
    "genres" : [ ]
  }, {
    "id" : 291376,
    "title" : "Small Timers",
    "overview" : "Three small-time crooks with dreams of hitting a big score just can't seem to get anything right. When they attempt to steal computer parts they end up with toys, when they try to steal a car they end up with a Junker. But when they pull off the bank heist of the century (not really) instead of a bag of loot they accidentally stumble across a priceless erotic statuette known as Caesar's Phallus! Unfortunately instead of cashing in they find themselves being pursued by a ruthless art collector, his hired hit men and their angry wives!",
    "genres" : [ ]
  }, {
    "id" : 291381,
    "title" : "Lola",
    "overview" : "The story follows a troubled woman and her search for identity. She is given a choice between a return to the dysfunction of the past, or a new life in self assumed identity.",
    "genres" : [ ]
  }, {
    "id" : 291386,
    "title" : "Weil du arm bist, mußt du früher sterben",
    "overview" : "",
    "genres" : [ {
      "id" : 18,
      "name" : "Drama"
    } ]
  }, {
    "id" : 291391,
    "title" : "Where the Streets Have No Name",
    "overview" : "One man’s journey to help alleviate homelessness in Cairns. A hair raising documentary uncovering what lies beneath this Paradise island.",
    "genres" : [ ]
  }, {
    "id" : 291396,
    "title" : "Love Happens",
    "overview" : "What do animals, allergies and a bet have in common? A commitment-phobic woman named Lisa Harris. Lisa may hold the record for most failed short-term relationships in modern history. It's not that she doesn't want to find her true love, it's just that she doesn't seem to know what true love means.",
    "genres" : [ ]
  }, {
    "id" : 291401,
    "title" : "Window on Your Present",
    "overview" : "Window on Your Present is Cinqué Lee's first feature film, which he wrote and directed in the late 1980s. The film takes place in a world where color and love do not exist. The people who live in this dreary world have nothing to live for and often end up taking their own lives. However, two unlikely lovers discovery that there is something else that is special that exists outside of their horrid world.",
    "genres" : [ ]
  }, {
    "id" : 291406,
    "title" : "The Windsplitter",
    "overview" : "Bobby Joe Smith returns to his home in a small town, having changed his name, his outlook on life, and gained a career as a Hollywood star. Bobby Joe finds a renewed love in Jenny Jenkins, his childhood sweetheart, whose father is the town reverend and who believes that Bobby Joe has returned as a corrupt and demoralized person. Jenny's father jealously wants no connections between Bobby and Jenny, and takes measures to keep Bobby Joe from attending any of the Homecoming activities by persuading some local boys to beat him up. This builds to a crashing climax which is utterly shocking and unexpected.",
    "genres" : [ ]
  }, {
    "id" : 291411,
    "title" : "WMD: The Murderous Reign of Saddam Hussein",
    "overview" : "This documentary tells the true story of living under the brutal regime of Saddam Hussein.",
    "genres" : [ ]
  }, {
    "id" : 291416,
    "title" : "Magic",
    "overview" : "Myeong-jin and Jeong-woo, attending the same conservatory, are studying cello. Myeong-jin is in awe of Jeong-woo's genius. Ji-eun, a piano student is working on her own composition: Magic. Jeong-woo offers to play it for her but on the day of the performance, he collapses on stage, leaving Myeong-jin to complete the concert. While nursing Jeongwoo back to health, Myeong-jin asks Ji-eun if he can step in for Jeongwoo but she refuses his offer. After Jeong-woo dies, Ji-eun goes to see Myeong-jin. She plays Magic one final time and quietly enters the music room to end her own life.",
    "genres" : [ {
      "id" : 18,
      "name" : "Drama"
    } ]
  }, {
    "id" : 291421,
    "title" : "The Cowboy",
    "overview" : "This colorful and exciting film vividly portrays the life of the real working cowboy, a life that has virtually vanished since this motion picture was made by Elmo Williams, Oscar-winning film editor of \"High Noon.\" The cowboy's work is hard, hot and dusty, but it is not without drama and times of humor. Filmed on location in the Southwest, this unique document captures a profession and a place in time that has almost disappeared.",
    "genres" : [ ]
  }, {
    "id" : 291426,
    "title" : "The Museum",
    "overview" : "An advert made by Walerian Borowczyk for a French pasta company. After everybody has left the museum, the paintings can finally come alive and help themselves to some pasta for dinner.",
    "genres" : [ {
      "id" : 35,
      "name" : "Comedy"
    } ]
  }, {
    "id" : 291431,
    "title" : "Bernard the Great",
    "overview" : "It's Bernard's birthday, but he is not happy about it. In a strange world where adults are selfish and indifferent, his parents never accepted him as a child. Bernard doesn't want to grow up if it means to become like them. So he creates a suit that stops his growth. The day he reaches 10 years of age, Bernard will confront his parents and his whole world.",
    "genres" : [ {
      "id" : 35,
      "name" : "Comedy"
    }, {
      "id" : 18,
      "name" : "Drama"
    } ]
  }, {
    "id" : 291436,
    "title" : "Diptych",
    "overview" : "A short film by Walerian Borowczyk in two parts. The first 'panel' follows the morning routine of Leon Boyer who, despite being almost 100 years old, still farms the land, drives a vintage car, and plays with his two dogs. The second panel shows shots of beautiful flowers and a cat, to a recording of Tino Rossi singing 'La romance de Nadir / Je crois encore entendre' from Bizet's opera 'Les pêcheurs de perles'.",
    "genres" : [ {
      "id" : 10402,
      "name" : "Music"
    }, {
      "id" : 99,
      "name" : "Documentary"
    } ]
  }, {
    "id" : 291441,
    "title" : "One Humanity",
    "overview" : "The story of how the world came to focus on a single cause - ending the Apartheid regime in South Africa - and the role played in this by two star-studded global television broadcasts made in the name of Nelson Mandela in 1988 and 1990.",
    "genres" : [ ]
  }, {
    "id" : 291446,
    "title" : "Golden Brother",
    "overview" : "Sit Ho Ching used to be an everyday white-collar worker who had no ambition and no plans for his future. Everything went smoothly until one day, when his boss set him up and his girlfriend cheated on him, he suddenly became a jobless single man, which made him rethink his past life of duties and routines. From then on, he decides to pursue wealth and fame by all means.",
    "genres" : [ {
      "id" : 35,
      "name" : "Comedy"
    }, {
      "id" : 18,
      "name" : "Drama"
    } ]
  }, {
    "id" : 291451,
    "title" : "How To Time Travel",
    "overview" : "Jones proposes to his girlfriend only to receive the worst possible reply, 'No'. Not being able to handle the heartbreak, Jones works on inventing a time machine so he can travel back and fix the dire complications within the relationship. Once the time machine becomes operational, friendships, loyalty and love is tested.",
    "genres" : [ {
      "id" : 14,
      "name" : "Fantasy"
    } ]
  }, {
    "id" : 291456,
    "title" : "Father of Four: Songs from the Heart",
    "overview" : "Original songs and video clips from the movies Father of Four.",
    "genres" : [ {
      "id" : 10402,
      "name" : "Music"
    } ]
  }, {
    "id" : 291461,
    "title" : "Lake Of Tears: By the Black Sea",
    "overview" : "Music DVD by Swedish Progressive/Doom/Gothic Metal Lake Of Tears, released in 2014. Includes the recordings of a full concert with 16 songs (Bucharest 2013). Bonus material on the DVD is a “Making Of”, an interview and the band’s latest video clips „Illwill“ and „House Of The Setting Sun“.",
    "genres" : [ {
      "id" : 10402,
      "name" : "Music"
    } ]
  }, {
    "id" : 291466,
    "title" : "Bellator 123",
    "overview" : "Bellator 123 was headlined by a Featherweight Championship rematch between Pat Curran and Patricio \"Pitbull\" Freire. The two originally met in a closely contested fight at Bellator 85 on January 17, 2013, with Curran winning the bout via split decision. The rematch was initially scheduled to take place at Bellator 121, however, it was announced on May 21, 2014 that Curran had pulled out of the bout due to a calf injury.",
    "genres" : [ ]
  }, {
    "id" : 291471,
    "title" : "Primordial: All Empires Fall",
    "overview" : "Live music DVD by irish Celtic Folk/Black Metal band Primordial.  Disc 1 features a full headline show recorded live on January 24, 2009 in the band's hometown of Dublin, Ireland. The concert was filmed with five cameras.  Disc 2 features live clips from the band's appearances at Ragnarök Festival (Germany), Hove Festival (Norway) and Graspop Metal Meeting (Belgium) in 2008. The second disc also contains a band documentary with all the inside stories and loads of ancient footage from the early stages of the band.",
    "genres" : [ {
      "id" : 10402,
      "name" : "Music"
    } ]
  }, {
    "id" : 291476,
    "title" : "Solitude Aeturnus: Hour of Despair",
    "overview" : "Music DVD by American Doom Metal band Solitude Aeturnus. Filmed and Recorded at: Stodola Club, Warsaw, Poland, February 12th, 2007",
    "genres" : [ {
      "id" : 10402,
      "name" : "Music"
    } ]
  }, {
    "id" : 291486,
    "title" : "The Curse of the Claw",
    "overview" : "Sir Kevin Orr is anxious to return the Sacred Claw of the Naga hills given him as a child by his uncle Jack but warned that unless it is returned before his sixtieth birthday the curse of the claw will kill him. He sets sail to return it but falls for the ship's female officer,who throws the claw overboard,killing everybody but Kevin. Years later the claw has returned and on his sixtieth birthday Kevin finds his wife Agatha dead,the claw beside her. He finally sends the claw back to the Naga hills,breaking the curse but sending him back in time to his childhood,his relatives still alive.",
    "genres" : [ {
      "id" : 35,
      "name" : "Comedy"
    }, {
      "id" : 10770,
      "name" : "TV Movie"
    } ]
  }, {
    "id" : 291491,
    "title" : "Invicta FC 8: Waterson vs. Tamada",
    "overview" : "Event (UFC Fight Pass at 8 p.m. ET):  Michelle Waterson vs. Yasuko Tamada  Katja Kankaanpaa vs. Stephanie Eggink  Ediane Gomez vs. Tonya Evinger  Tara La Rosa vs. Roxanne Modafferi  Michelle Ould vs. DeAnna Bennett  Peggy Morgan vs. Irene Aldana  Charmaine Tweet vs. Veronica Rothenhausler  Ashley Cummins vs. Alexa Grasso  Jodie Esquibel vs. Jinh Yu Frey  Delaney Owen vs. JJ Aldrich",
    "genres" : [ ]
  }, {
    "id" : 291496,
    "title" : "Please, Let the Flowers Live",
    "overview" : "A lawyer who survives a plane crash takes the opportunity to take a new identity and begin a new life.",
    "genres" : [ {
      "id" : 18,
      "name" : "Drama"
    } ]
  }, {
    "id" : 291501,
    "title" : "Mit den Clowns kamen die Tränen",
    "overview" : "",
    "genres" : [ {
      "id" : 53,
      "name" : "Thriller"
    } ]
  }, {
    "id" : 291506,
    "title" : "Supervenus",
    "overview" : "An update of our classic human anatomy.",
    "genres" : [ {
      "id" : 27,
      "name" : "Horror"
    }, {
      "id" : 16,
      "name" : "Animation"
    }, {
      "id" : 35,
      "name" : "Comedy"
    } ]
  }, {
    "id" : 291511,
    "title" : "La vie de Bohème",
    "overview" : "Mimi, an orphan, is taken in by a drunken innkeeper and becomes a domestic. She meets Rudolphe, scion of a well-to-do family, who rescues her from the unwanted advances of a drunken hotel guest. They fall madly in love, but Rudolphe's uncle, M. Durandin, wants Rudolphe to marry a family friend, Madame de Rouvre, and writes Mimi a letter, telling her that she is ruining Rudolphe's life. Musette and Marcel, friends of Mimi, also try to break up the romance by introducing Mimi to other men, and Rudolphe becomes jealous and leaves her. Brokenhearted, Mimi declines in health and eventually throws herself into the river but is rescued and taken to the hospital. Realizing it is only a matter of time before she dies, she drags herself back to the room where she and Rudolphe were happiest. Rudolphe is there and she dies knowing that he loves her.",
    "genres" : [ {
      "id" : 10749,
      "name" : "Romance"
    } ]
  }, {
    "id" : 291516,
    "title" : "Mouth Music",
    "overview" : "Mouth Music demonstrates the distinctive modes of the human voice, the most influential of all musical instruments, takes on in southern folk music and folk culture. These modes can span traditional a cappella performance styles as well as unique expressive vocal forms that have evolved as part of daily life, work, and play: hollerin’, jump-rope rhymes, “eephing,” nonsense songs, auctioneering, drill sergeant’s patter and others.",
    "genres" : [ {
      "id" : 99,
      "name" : "Documentary"
    } ]
  }, {
    "id" : 291521,
    "title" : "A Philistine in Bohemia",
    "overview" : "Mr. Brunelli, a roomer at a boarding house, has caught the eye of Kate, the daughter of the woman who owns the house. Kate knows her mother, who doesn't want her daughter to have anything to do with her tenants, will disapprove of Mr. Brunelli, but she soon discovers that Mr. Brunelli isn't quite who she thinks he is.",
    "genres" : [ {
      "id" : 10749,
      "name" : "Romance"
    } ]
  }, {
    "id" : 291526,
    "title" : "Mikael Wulff - Mand I Problemer",
    "overview" : "",
    "genres" : [ {
      "id" : 35,
      "name" : "Comedy"
    } ]
  }, {
    "id" : 291531,
    "title" : "Street Fighter",
    "overview" : "Avenge In Blood becomes the animal code that staggers the country!",
    "genres" : [ {
      "id" : 18,
      "name" : "Drama"
    } ]
  }, {
    "id" : 291536,
    "title" : "Dark Horse",
    "overview" : "A troubled young woman finds hope when she is sentenced to perform community service at a horse farm.",
    "genres" : [ {
      "id" : 10751,
      "name" : "Family"
    } ]
  }, {
    "id" : 291541,
    "title" : "Paradise",
    "overview" : "Televangelist Bobby Paradise \"saw God\" in some space debris when he was returning to Earth as an astronaut. Or at least he was convinced he did by his wife, a Cape Canaveral groupie at the time Bobby was with NASA. Now they have built up an extensive TV empire. When their proposal to merge with a somewhat tarnished mogul is investigated by the government, skeletons in the Paradise closet come to light and the family either rallies behind or disparages the enterprise.",
    "genres" : [ ]
  }, {
    "id" : 291546,
    "title" : "Birds",
    "overview" : "A film study in which the symbol of flight which contradicts human limitations inspires an emotional rhythm of scenes varying along three lines: the human desire for the sky (the first attempts for flight), the death of birds (experiments on animals) and the death of a human being in heights (a fall which isn´t a flight).",
    "genres" : [ ]
  }, {
    "id" : 291551,
    "title" : "The Devil and the Death Penalty",
    "overview" : "This documentary recounts the dysfunctional state of the death penalty in the state of California by revisiting the crimes, arrest, trials and appeals of Lawrence Bittaker, a convicted serial killer who has been on death row at San Quentin since 1981.",
    "genres" : [ {
      "id" : 99,
      "name" : "Documentary"
    } ]
  }, {
    "id" : 291556,
    "title" : "Under Jakob's Ladder",
    "overview" : "Jakob, a former teacher who lost his job due to the new Communist system, can only stand by and watch as the world around him slowly disintegrates, and fear and suspicion rule the day. Like most of the men, he soon finds himself in a Soviet prison.",
    "genres" : [ ]
  }, {
    "id" : 291561,
    "title" : "Jive Chicken",
    "overview" : "After taking charge of a struggling hot wing restaurant, Chip Watkins finds himself in massive debt and must dig himself, and the business, out of the hole.",
    "genres" : [ ]
  }, {
    "id" : 291566,
    "title" : "Return to Pontianak",
    "overview" : "A young American girl and her friends search for the resting place of her birth parents deep in the Malaysian jungle and encounter the Pontianak, a demonic female banshee seeking revenge on those who have wronged her.",
    "genres" : [ ]
  }, {
    "id" : 291571,
    "title" : "Journey of the Universe",
    "overview" : "Journey of the Universe is an epic documentary exploring the human connection to Earth and the cosmos, from producer-directors Patsy Northcutt and David Kennard director of Carl Sagan s Cosmos and Hero s Journey: The World of Joseph Campbell. Big science, big history, big story, this one-of-a-kind film was created by a renowned team of scientists, scholars, and award-winning filmmakers, led by co-writers Brian Thomas Swimme, the acclaimed author and evolutionary philosopher, and Yale University historian of religions Mary Evelyn Tucker. They weave a tapestry that draws together scientific discoveries in astronomy, geology, biology, ecology, and biodiversity with humanistic insights concerning the nature of the universe.",
    "genres" : [ ]
  }, {
    "id" : 291576,
    "title" : "La Clave 7",
    "overview" : "A dangerous agent for the Mexican government is sent to capture a powerful drug lord.",
    "genres" : [ ]
  }, {
    "id" : 291581,
    "title" : "The Lackey",
    "overview" : "In this Guy Ritchie-like action flick, JUDE ST. CLERE discovers he has a daughter by his junkie ex-girlfriend. He vows to take care of her after taking one last job. He's quickly entwined dead smack in the middle of a bloody mob war. Knowing that his chances of making it out alive are slim, he plunges in guns blazing.",
    "genres" : [ ]
  }, {
    "id" : 291586,
    "title" : "Kiss & Tell",
    "overview" : "A performance artist turns up dead with a carrot up her butt by LAX. Three detectives interview her friends to find out who killed her and why.",
    "genres" : [ {
      "id" : 18,
      "name" : "Drama"
    }, {
      "id" : 35,
      "name" : "Comedy"
    } ]
  }, {
    "id" : 291591,
    "title" : "The Watermelon Heist",
    "overview" : "To make money fast the Browns come up with a plan to win a contest for \"Watermelon Juice Afro Sheen,\" awarding $10,000 to whoever can find the juiciest, sweetest watermelon in the country.",
    "genres" : [ {
      "id" : 35,
      "name" : "Comedy"
    } ]
  }, {
    "id" : 291596,
    "title" : "Dreimal Hochzeit",
    "overview" : "",
    "genres" : [ {
      "id" : 35,
      "name" : "Comedy"
    } ]
  }, {
    "id" : 291606,
    "title" : "Lady Yakuza",
    "overview" : "Memoirs of a Ganster's Daughter, this DVD features the shocking, yet moving two-part life story of 37-year-old shoko tendo, who was born into the turbulent family of a yakuza boss.",
    "genres" : [ ]
  }, {
    "id" : 291611,
    "title" : "Fate",
    "overview" : "In 1980, 20-year-old novice director Stuart Paul exhibited far more chutzpah than talent with Falling in Love Again. Ten years later, an older, wiser Paul has picked up some talent, but it's still outweighed by sheer nerve. In Fate, Paul casts himself as the last of the truly nice guys (or so he regards himself). He has his future all planned, specifically an ideal marriage to the perfect woman. The next step is to find that woman. Cheryl Lynn co-stars, along with veterans Kaye Ballard and Susannah York.",
    "genres" : [ {
      "id" : 10749,
      "name" : "Romance"
    }, {
      "id" : 35,
      "name" : "Comedy"
    } ]
  }, {
    "id" : 291616,
    "title" : "Mother's Red Dress",
    "overview" : "Laura Ullman, a single mother, kills her abusive ex-boyfriend and turns the gun on her son when he threatens to call the police. Paul leaves home to start a better life and falls for Ashley, a young woman looking for direction in her life, unaware of his past troubles.",
    "genres" : [ ]
  }, {
    "id" : 291621,
    "title" : "Die Dame vom Maxim",
    "overview" : "",
    "genres" : [ {
      "id" : 35,
      "name" : "Comedy"
    } ]
  }, {
    "id" : 291626,
    "title" : "Naked Trip",
    "overview" : "Jason Impey stars as obsessed filmmaker, George Eastman, in this bizarre and surreal mix of trash, experimental and film noir thriller. On the run from the mafia, Eastman kidnaps actress Sarah Asproon and heads off on a strange and terrifying road trip to the coast. Along the way George and Sarah encounter various weird characters and Mafia henchmen.",
    "genres" : [ ]
  }, {
    "id" : 291631,
    "title" : "Leaf",
    "overview" : "Eastern and Western culture collide in this poetic tale of infatuation and self discovery.",
    "genres" : [ ]
  }, {
    "id" : 291636,
    "title" : "Night Scene",
    "overview" : "A candid peek into the culture of male sex workers in Beijing.",
    "genres" : [ ]
  }, {
    "id" : 291641,
    "title" : "One Last Game",
    "overview" : "Gellert is addicted. Sitting at the poker table, he must face his past. All he wanted was to pay back his debt. He really needs this last chance. He didn't want all this to happen. He just wanted one last game. One Last Game is a symbolic tale. Like All That Jazz, the movie follows Elizabeth Kuebler Ross's five stages of grief.",
    "genres" : [ ]
  }, {
    "id" : 291646,
    "title" : "Osaka Violence",
    "overview" : "",
    "genres" : [ {
      "id" : 18,
      "name" : "Drama"
    } ]
  }, {
    "id" : 291651,
    "title" : "Out of Line",
    "overview" : "Henry, a hitman hired to take out a socialite, finds himself falling for Jenny, a parole officer, instead.",
    "genres" : [ ]
  }, {
    "id" : 291656,
    "title" : "Peer Gynt",
    "overview" : "Based on the play by Henrik Ibsen, Gynt, an imaginative young man looked down upon by most everybody, is banished from his village for running away with a bride on her wedding day.",
    "genres" : [ {
      "id" : 12,
      "name" : "Adventure"
    } ]
  }, {
    "id" : 291661,
    "title" : "The Photographer: Inside the Mind of a Psycho",
    "overview" : "An ambitious young model, in a dead-end town, accepts an invitation for a glamour shoot from an unknown and eccentric photographer. As soon as she arrives at the location, she realizes that something's very wrong and her life, as well as her two friends' lives, will never be the same. A terrifying story based on real life events. Enter a world of grime and sleaze as you squirm at every action of The Photographer, a sick adventure into the very real world of porn, perversion and depravity.",
    "genres" : [ ]
  }, {
    "id" : 291666,
    "title" : "Shame",
    "overview" : "A tough female lawyer on holiday ends up in a small Pacific Northwest town where she befriends a local teenage girl and tries to persuade her to to press charges against the young thugs who raped her.",
    "genres" : [ {
      "id" : 18,
      "name" : "Drama"
    } ]
  }, {
    "id" : 291671,
    "title" : "Prey of the Chameleon",
    "overview" : "J.D. returns to his hometown many years after leaving Carrie at the altar.  After their unhappy reunion, J.D. heads to California, only to soon fall for a woman he helps with her broken down car.  Little does he know that this woman is a serial killer who takes on the identity of each of her victims.",
    "genres" : [ {
      "id" : 28,
      "name" : "Action"
    } ]
  }, {
    "id" : 291676,
    "title" : "Burgos",
    "overview" : "One of the best looking of the hand-stenciled films: a documentary showing some of the sites around Burgos.",
    "genres" : [ ]
  }, {
    "id" : 291681,
    "title" : "Trial & Error",
    "overview" : "The young and ambitious district attorney Peter Hudson is convinced that the defendant Andrew Barnes in his current case is guilty, and that winning the case could help him much on his way to become vice-governour of Philadelphia. So he doesn't think twice about influencing witnesses. Only five years later - now head of the Department of Public Prosecution - when he receives a pledge for retrial, he gets doubts and starts investigating again... even risking his career.",
    "genres" : [ ]
  }, {
    "id" : 291686,
    "title" : "Genius",
    "overview" : "Mike has the hots for class beauty Hannah, but she only dates smart boys. Mike's learning that disability is a definite obstacle, so he turns to his snooty economics teacher, Miss Helen Goldwyn, to help him raise his I.Q. and win over Hannah. When it turns out that Mike can return the favor in an unexpected way, student and teacher develop a special friendship full or warmth and surprises.",
    "genres" : [ ]
  }, {
    "id" : 291691,
    "title" : "Soldier's Fortune",
    "overview" : "A rich young girl is kidnapped by masked terrorists. Her mother's ex-husband, a former mercenary, gathers some of his former comrades and goes off to rescue her.",
    "genres" : [ {
      "id" : 28,
      "name" : "Action"
    } ]
  }, {
    "id" : 291696,
    "title" : "Proud Men",
    "overview" : "A cattle rancher faces off with his estranged son. A right-wing cattle rancher wrangles with his recently returned son, a soldier who went AWOL in Vietnam. The proud men butt chins in this arid macho weepie.",
    "genres" : [ {
      "id" : 18,
      "name" : "Drama"
    } ]
  }, {
    "id" : 291701,
    "title" : "A Quiet Day in Belfast",
    "overview" : "Andrew Angus Dalrymple's realistic portrait of a British soldier, his Irish lover and her twin sister amidst the strife of Northern Ireland.",
    "genres" : [ ]
  }, {
    "id" : 291706,
    "title" : "Rachel's Man",
    "overview" : "The Biblical love story of Rachel and Jacob is adapted for the screen as Rachel's father forces them to wait seven years before they can marry, but fate intervenes as Rachel's sister sleeps with Jacob and bears him a child.",
    "genres" : [ ]
  }, {
    "id" : 291711,
    "title" : "Red Ink",
    "overview" : "A female doctor is shot by police who think she pulled a gun on them.  A reporter looks into the case and discovers links to the deaths of several black children.",
    "genres" : [ ]
  }, {
    "id" : 291716,
    "title" : "Cry for Me, Billy",
    "overview" : "Drifter falls in love with Indian girl, with tragic results.",
    "genres" : [ ]
  }, {
    "id" : 291721,
    "title" : "Insatiable Wives",
    "overview" : "Donna is unfulfilled. In an unsatisfying marriage, Donna finds herself fantasizing about her sultry friends' lovers.",
    "genres" : [ {
      "id" : 10749,
      "name" : "Romance"
    }, {
      "id" : 18,
      "name" : "Drama"
    } ]
  }, {
    "id" : 291726,
    "title" : "Running Mates",
    "overview" : "A governor running for President gets revealed to be a serial philanderer.",
    "genres" : [ {
      "id" : 10770,
      "name" : "TV Movie"
    }, {
      "id" : 18,
      "name" : "Drama"
    }, {
      "id" : 35,
      "name" : "Comedy"
    } ]
  }, {
    "id" : 291731,
    "title" : "Homage",
    "overview" : "The young caretaker at the estate of a reclusive woman develops a dangerous obsession with her daughter, a sexy television star. Unexpected twists and turns.",
    "genres" : [ {
      "id" : 53,
      "name" : "Thriller"
    }, {
      "id" : 18,
      "name" : "Drama"
    } ]
  }, {
    "id" : 291741,
    "title" : "The Secret Diary of Sigmund Freud",
    "overview" : "Screwball account of the legendary psychologist's life leading up to his ground-breaking theories.",
    "genres" : [ {
      "id" : 35,
      "name" : "Comedy"
    }, {
      "id" : 18,
      "name" : "Drama"
    } ]
  }, {
    "id" : 291746,
    "title" : "Sins Of The Sisters",
    "overview" : "Yuki awakens in a Post-Restoration world and soon recovers her memory, only to learn that her lover perished in the World Restoration, led by Aiko.  Yuki sets forth to go back in time and kill the man who will be reincarnated as Aiko.  But she doesn't travel back in time alone.",
    "genres" : [ {
      "id" : 14,
      "name" : "Fantasy"
    }, {
      "id" : 16,
      "name" : "Animation"
    } ]
  }, {
    "id" : 291751,
    "title" : "Lidrîs cuadrade di trê",
    "overview" : "While trying to change the results of their tests, three students sneak into school at night and disappear in the basement in mysterious circumstances. Self-produced horror movie, played by non-professional actors.",
    "genres" : [ {
      "id" : 27,
      "name" : "Horror"
    } ]
  }, {
    "id" : 291756,
    "title" : "Kill Jill",
    "overview" : "Mya Luanna kicks ass, sucks dick, and fucks like a master sexual martial artist!",
    "genres" : [ ]
  }, {
    "id" : 291761,
    "title" : "Fish: Fishheads Club Live DVD 2",
    "overview" : "The Spittalrig Studio sessions 10th/11th March 2012 (recorded live in front of an invited audience)",
    "genres" : [ {
      "id" : 10402,
      "name" : "Music"
    } ]
  }, {
    "id" : 291766,
    "title" : "Mainstream",
    "overview" : "The infinite span of a thought is transformed into spatial-temporal intersects -- to become and become and become and never more or less -- MAINSTREAM is a fresh dip into oblivion -- a confused taste of love -- an expanded glimpse into a micro-moment -- a sliver of mind's motion becoming.",
    "genres" : [ ]
  }, {
    "id" : 291771,
    "title" : "There? Where?",
    "overview" : "A naive look at Southern California by an outsider, and/or an essay on displacement through the disjunction of Californian images and off screen voices. Where is the location of these voices, here or there? Are the images near or far in relation to the voices? Are the images commenting on the images or vice versa?",
    "genres" : [ ]
  }, {
    "id" : 291776,
    "title" : "A Walk Through Prospero's Library",
    "overview" : "A short made for TV with director Peter Greenaway discussing the dazzling 3.5 minute opening sequence from his film, 'Prospero's Books'. As Prospero (John Gielgud) walks through his library, Greenaway comments on the historical, mythological, biblical &amp; fictional characters occupying the library.",
    "genres" : [ {
      "id" : 36,
      "name" : "History"
    }, {
      "id" : 10770,
      "name" : "TV Movie"
    }, {
      "id" : 99,
      "name" : "Documentary"
    }, {
      "id" : 14,
      "name" : "Fantasy"
    } ]
  }, {
    "id" : 291781,
    "title" : "Notes on Blindness",
    "overview" : "In the summer of 1983, just days before the birth of his first son, writer and theologian John Hull went blind. In order to make sense of the upheaval in his life, he began keeping a diary on audio cassette.",
    "genres" : [ {
      "id" : 99,
      "name" : "Documentary"
    } ]
  }, {
    "id" : 291786,
    "title" : "The Phonograph",
    "overview" : "A short film by Walerian Borowczyk.",
    "genres" : [ {
      "id" : 16,
      "name" : "Animation"
    } ]
  }, {
    "id" : 291791,
    "title" : "Linda, uma história horrível",
    "overview" : "",
    "genres" : [ {
      "id" : 18,
      "name" : "Drama"
    } ]
  }, {
    "id" : 291796,
    "title" : "Der Koch",
    "overview" : "A cook from Sri Lanke in Switzerland gets involved in international arms trading.",
    "genres" : [ {
      "id" : 10749,
      "name" : "Romance"
    }, {
      "id" : 18,
      "name" : "Drama"
    } ]
  }, {
    "id" : 291801,
    "title" : "Five Minutes from the Station",
    "overview" : "When Bert Adams brings his boss, Mr. Mason, home for dinner, he and his wife Carrie hope Mason will take the opportunity to announce that Bert will be promoted to fill a new vacancy in the company's shipping department. But Mr. Mason has other plans for that vacancy, and for Bert.",
    "genres" : [ {
      "id" : 18,
      "name" : "Drama"
    } ]
  } ]
}