{
  "movies" : [ {
    "id" : 291816,
    "title" : "Ladylike – Jetzt erst recht!",
    "overview" : "",
    "genres" : [ {
      "id" : 35,
      "name" : "Comedy"
    } ]
  }, {
    "id" : 291821,
    "title" : "Kabel und Liebe",
    "overview" : "",
    "genres" : [ {
      "id" : 35,
      "name" : "Comedy"
    } ]
  }, {
    "id" : 291836,
    "title" : "Spievankovo",
    "overview" : "The first DVD Spievanky and Zahrajka. Finally, with us you can not only sing, but you'll also be able to see us and with us dance in a magical country that is called Spievankovo​​. Unique DVD for children quickly gained general popularity among children and parents.",
    "genres" : [ {
      "id" : 10751,
      "name" : "Family"
    } ]
  }, {
    "id" : 291841,
    "title" : "The Kurama Devil",
    "overview" : "A lone masked samurai known as the Goblin of Kurama fights injustice during the tumultuous mid-19th century.",
    "genres" : [ {
      "id" : 18,
      "name" : "Drama"
    }, {
      "id" : 12,
      "name" : "Adventure"
    } ]
  }, {
    "id" : 291846,
    "title" : "David Bowie Is Happening Now",
    "overview" : "Directed by BAFTA Award winner Hamish Hamilton, the movie was filmed during the closing night of the V&amp;A installation and features appearances by Pulp leader Jarvis Cocker, fashion designer Kansai Yamamoto, and more, as well as insight from David Bowie Is curators Victoria Broackes and Geoffrey Marsh.",
    "genres" : [ {
      "id" : 99,
      "name" : "Documentary"
    } ]
  }, {
    "id" : 291851,
    "title" : "Field of Lost Shoes",
    "overview" : "A group of teenage cadets sheltered from war at the Virginia Military Institute must confront the horrors of an adult world when they are called upon to defend the Shenandoah Valley.",
    "genres" : [ {
      "id" : 18,
      "name" : "Drama"
    }, {
      "id" : 36,
      "name" : "History"
    }, {
      "id" : 10752,
      "name" : "War"
    }, {
      "id" : 28,
      "name" : "Action"
    } ]
  }, {
    "id" : 291856,
    "title" : "UnFair: Exposing the IRS",
    "overview" : "A documentary shedding light on the certain damage the Income Tax and the IRS have wrought on liberties, businesses, families, and religious, charitable and civic organizations, while empowering a political agenda contrary to America's heritage.",
    "genres" : [ ]
  }, {
    "id" : 291861,
    "title" : "The Wild McCullochs",
    "overview" : "A story about the rich McCulloch Family, their overbearing father and the children's misguided blaming him for everything that doesn't go right.",
    "genres" : [ {
      "id" : 10749,
      "name" : "Romance"
    }, {
      "id" : 18,
      "name" : "Drama"
    } ]
  }, {
    "id" : 291866,
    "title" : "The Hive",
    "overview" : "An amnesiac must reach back into his mind for memories that will help him save the love of his life before a virus completely takes over.",
    "genres" : [ {
      "id" : 27,
      "name" : "Horror"
    }, {
      "id" : 878,
      "name" : "Science Fiction"
    }, {
      "id" : 53,
      "name" : "Thriller"
    } ]
  }, {
    "id" : 291871,
    "title" : "Yosemite",
    "overview" : "It's the fall of 1985. The intertwining tales of three 5th grade friends, Chris, Joe and Ted, unfold in the suburban paradise of Palo Alto, as the threat of a mountain lion looms over the community.",
    "genres" : [ {
      "id" : 18,
      "name" : "Drama"
    } ]
  }, {
    "id" : 291876,
    "title" : "Bukowski",
    "overview" : "The story of writer Charles Bukowski's formative years from childhood to high school and his struggles with an abusive father, disfiguring acne, alcohol addiction, and his initial attempts at writing.",
    "genres" : [ {
      "id" : 18,
      "name" : "Drama"
    } ]
  }, {
    "id" : 291881,
    "title" : "BoOzy' OS and the Cristal Gem",
    "overview" : "A world-famoOs Festival... A sparkling treasure... A charming and sturdy heroO... An enticing PoOlet... And a lot of bad naughty bloOkes!  Mission: find the hoard, beat the bad guys... and seduce the chick! BoOzy' OS is seeking the Great Cristal of Annecy!",
    "genres" : [ {
      "id" : 12,
      "name" : "Adventure"
    }, {
      "id" : 16,
      "name" : "Animation"
    } ]
  }, {
    "id" : 291886,
    "title" : "Spreewaldkrimi – Eine tödliche Legende",
    "overview" : "",
    "genres" : [ {
      "id" : 80,
      "name" : "Crime"
    } ]
  }, {
    "id" : 291891,
    "title" : "Sweet Rosie O'Grady",
    "overview" : "An American singer becomes engaged to an English duke, but is continuously pestered over her past as a burlesque dancer by a reporter from her hometown.",
    "genres" : [ {
      "id" : 10402,
      "name" : "Music"
    } ]
  }, {
    "id" : 291896,
    "title" : "Certain Proof: A Question of Worth",
    "overview" : "Three children living with significant communication and physical disabilities struggle against the public schools - and people's perceptions - in an emotional battle to prove their abilities and their worth.",
    "genres" : [ ]
  }, {
    "id" : 291901,
    "title" : "False Pregnancy",
    "overview" : "Perhaps you have to love dogs in order to sell tins of slimy mystery meat to their owners. At any rate Martin, who is indifferent to pets in general, isn't doing all too well in his marketing job at Floppy Dog Foods. But right now this is the least of his problems: he has made a British au-pair pregnant in a one night stand; and while he is trying to figure out how to deal with this, his ex-wife (who divorced him over his not wanting children) and his mother (a militant anti-overpopulation, pro-birth control, pro-abortion activist) have a few comments to offer on the situation. Before his own child is born, Martin clearly has some growing up of his own to do.",
    "genres" : [ {
      "id" : 35,
      "name" : "Comedy"
    } ]
  }, {
    "id" : 291911,
    "title" : "The Beautiful Game",
    "overview" : "Across Africa, people are using soccer to lift themselves up, to create change in their communities and to pave the way for progress. \"The Beautiful Game\" follows several unforgettable Africans who are beating the odds on and off the pitch.",
    "genres" : [ {
      "id" : 99,
      "name" : "Documentary"
    } ]
  }, {
    "id" : 291916,
    "title" : "42nd Street Forever: Blu-Ray Edition",
    "overview" : "Synapse Films’ best-selling 42ND STREET FOREVER series has been a favorite of grindhouse and exploitation fans around the world. Presented here for the first time on Blu-ray, this colossal “best of” collection combines a selection of vintage theatrical trailers from the first two DVD volumes of the series, and mixes them up with some all-new selections! Remastered in true 1080p high definition, this mind-numbing dose of classic original coming attractions will have your Blu-ray player exploding with more than three and a half hours of sex, exploitation, action, horror and science-fiction advertisements from around the world!",
    "genres" : [ {
      "id" : 878,
      "name" : "Science Fiction"
    }, {
      "id" : 28,
      "name" : "Action"
    }, {
      "id" : 27,
      "name" : "Horror"
    } ]
  }, {
    "id" : 291921,
    "title" : "Lagaf' : Histoire d'en rire",
    "overview" : "",
    "genres" : [ {
      "id" : 35,
      "name" : "Comedy"
    } ]
  }, {
    "id" : 291926,
    "title" : "The Hell Cat",
    "overview" : "Pancha O'Brien, the beautiful and spirited daughter of an Irish ranch owner, is loved by two men, Sheriff Jack Webb, whom she loves, and outlaw Jim Dyke, whose attentions she repeatedly rebuffs. Jim and his men attack Pancha's ranch, burning it to the ground and killing her father. The outlaw carries her to his cabin, where Wan-o-mee, his jealous squaw, tries to stab the girl....",
    "genres" : [ {
      "id" : 37,
      "name" : "Western"
    } ]
  }, {
    "id" : 291931,
    "title" : "Die Einflussnahme",
    "overview" : "",
    "genres" : [ ]
  }, {
    "id" : 291936,
    "title" : "Dark Light",
    "overview" : "Reflecting on past political problems and the state of the world as it was provides no tools or means for envisioning the future.",
    "genres" : [ ]
  }, {
    "id" : 291941,
    "title" : "Harte Liebe",
    "overview" : "",
    "genres" : [ ]
  }, {
    "id" : 291946,
    "title" : "Happy Anniversary",
    "overview" : "A trip down memory lane is just the spark Michelle and Andy need to reignite the lustful feelings of their first years of marriage. When Kurt discovers that his wife, Stephanie’s “home cooked anniversary meal” was something she ordered from a take-out restaurant, he helps soothe her shattered ego with a spontaneous, sexual encounter. On the morning of her 18th anniversary, a man surprises his wife with a full-body massage from a very handsome “masseuse.” After misplacing her wedding ring one too many times, Michael plays a trick on Carter proving that happiness is about celebrating one’s flaws with a little humor and a lot of passion.",
    "genres" : [ ]
  }, {
    "id" : 291951,
    "title" : "In bester Gesellschaft",
    "overview" : "",
    "genres" : [ ]
  }, {
    "id" : 291956,
    "title" : "Zurück zum Glück",
    "overview" : "",
    "genres" : [ {
      "id" : 10770,
      "name" : "TV Movie"
    }, {
      "id" : 14,
      "name" : "Fantasy"
    }, {
      "id" : 35,
      "name" : "Comedy"
    } ]
  }, {
    "id" : 291961,
    "title" : "Massage Therapy",
    "overview" : "Stressed? Uptight? Let the magic fingers of our massage therapists loosen your knots and inhibitions. Whether they're giving or receiving this all-star cast of beautiful babes experience the ultimate in bodywork, as their tight and toned bods undergo some serious deep tissue penetration. Massage Therapy is guaranteed to leave you screaming \"Holy Shiatsu!\"",
    "genres" : [ ]
  }, {
    "id" : 291966,
    "title" : "Sperm Bank",
    "overview" : "Award-winning director Brad Armstrong brings you a fun and flirty tale about Samantha - owner of a struggling medical clinic - who's looking for a better way to earn a living. Suddenly it comes to her...she'll open a Sperm Bank! Along with her staff of scorching-hot nurses, the women develop their own \"special\" way of collecting semen and quickly find themselves anointed as the queens of the \"Jizz Biz.\"",
    "genres" : [ {
      "id" : 35,
      "name" : "Comedy"
    } ]
  }, {
    "id" : 291971,
    "title" : "The Temptation Of Eve",
    "overview" : "Thrust into an uncomfortable circumstance, Eve (Remy LaCroix) finds herself living under the same roof as Brandon (the man she shared the most intense sexual connection of her life with) and Danny (her current love whom she shares the most intimate emotional connection of her life). Her own curiosity about the man she lusted for long ago, coupled with his desperate attempts at manipulating her back into another affair, leaves Eve straddling the line between right and wrong. Will Eve succumb to Brandon's games? Or will she stay loyal to Danny, the man who continues to be her grounding force in the unpredictable, unstable world Brandon has begun to weave for both of them.",
    "genres" : [ {
      "id" : 10749,
      "name" : "Romance"
    }, {
      "id" : 18,
      "name" : "Drama"
    } ]
  }, {
    "id" : 291976,
    "title" : "All Souls' Day",
    "overview" : "A pair of lovers go off to a small hotel in a little town. The memories of war, however, intrude on their idyll. The girl and boy relive certain wartime experiences in flashback. She was a communist who drove a boy loving her to give himself up.",
    "genres" : [ {
      "id" : 18,
      "name" : "Drama"
    } ]
  }, {
    "id" : 291981,
    "title" : "Sis Hopkins",
    "overview" : "Sis is an eccentric young girl in a small rural village. While most around Sis view her as a joke, she is loved by Ridy Scarboro, the clerk at the general store. One day Sis's dog knocks an oil can into the Hopkins well and when wealthy old Vibert tastes the water, he believes the Hopkins have an oil strike.....",
    "genres" : [ {
      "id" : 35,
      "name" : "Comedy"
    } ]
  }, {
    "id" : 291986,
    "title" : "Happy Birthday to a Beautiful Woman: A Portrait of My Mother",
    "overview" : "African-American painter Mickalene Thomas pays tribute to the life and longings of her mother and muse Sandra Bush.",
    "genres" : [ ]
  }, {
    "id" : 291996,
    "title" : "House Full",
    "overview" : "\"House Full\" is a romantic comedy which narrates the story of Aarush - the world's unluckiest man. Being jinxed he believes his bad luck can vanish if he finds true love. In this quest for true love how one lie leads to another and how different people from different walks of life come together adding even more confusion to this hilarious comedy of errors resulting in total chaos and mayham.",
    "genres" : [ ]
  }, {
    "id" : 292001,
    "title" : "Inheritance",
    "overview" : "Film starring Monika Hertwig",
    "genres" : [ ]
  }, {
    "id" : 292006,
    "title" : "Ivory Tower",
    "overview" : "In the cutthroat environment of the computer industry, a young executive's passion, determination and integrity are put to the test.",
    "genres" : [ {
      "id" : 18,
      "name" : "Drama"
    } ]
  }, {
    "id" : 292011,
    "title" : "The Ballad of Richard Jewell",
    "overview" : "The true story of Richard Jewell, hero and then suspect of the 1996 Olympic Park bombing.",
    "genres" : [ {
      "id" : 18,
      "name" : "Drama"
    } ]
  }, {
    "id" : 292016,
    "title" : "Refrigerator Mothers",
    "overview" : "It is America of the 1950s and 1960s, when a woman's most important contribution to society is generally considered to be her ability to raise happy, well-adjusted children. But for the mother whose child is diagnosed with autism, her life's purpose will soon become a twisted nightmare. Looking for help and support, she encounters instead a medical establishment that pins the blame for her child's bizarre behaviors on her supposedly frigid and detached mothering. Along with a heartbreaking label for her child, she receives a devastating label of her own. She is a \"refrigerator mother\".",
    "genres" : [ {
      "id" : 99,
      "name" : "Documentary"
    } ]
  }, {
    "id" : 292021,
    "title" : "Searching for Angela Shelton",
    "overview" : "In the uplifting and multiple award-winning documentary, Searching for Angela Shelton, filmmaker Angela Shelton drives around the United States surveying other Angela Sheltons. She discovers that 70% of the Angela Sheltons she speaks to are survivors of rape, childhood sexual abuse and/or domestic violence.",
    "genres" : [ ]
  }, {
    "id" : 292026,
    "title" : "Rich Girl",
    "overview" : "A rich Beverly Hills girl gets a job as a waitress, and falls in love with a rock singer.",
    "genres" : [ {
      "id" : 18,
      "name" : "Drama"
    } ]
  }, {
    "id" : 292031,
    "title" : "Pettson & Findus - Tuppens minut & När Findus var liten och försvann",
    "overview" : "",
    "genres" : [ ]
  }, {
    "id" : 292036,
    "title" : "Soweto Green",
    "overview" : "An American couple moves to Johannesburg after Nelson Mandela is elected president.",
    "genres" : [ ]
  }, {
    "id" : 292041,
    "title" : "Smoothtalker",
    "overview" : "A cop tracks down a serial killer who goes after women who work for a phone-sex company.",
    "genres" : [ {
      "id" : 53,
      "name" : "Thriller"
    } ]
  }, {
    "id" : 292046,
    "title" : "Sweet Country",
    "overview" : "An American couple in Chile is drawn into the turmoil that followed President Salvador Allende's 1973 overthrow.",
    "genres" : [ {
      "id" : 18,
      "name" : "Drama"
    }, {
      "id" : 36,
      "name" : "History"
    } ]
  }, {
    "id" : 292051,
    "title" : "The Story of Rock 'n' Roll Comics",
    "overview" : "Todd Loren, whose scandalous series of unauthorized comic book biographies of rock stars enraged and sometimes charmed his subjects, provoked numerous lawsuit threats from the likes of Bon Jovi, Guns N Roses and Skid Row, and eventually led to a landmark First Amendment case, all before he was savagely murdered in 1992. Includes first hand accounts from many of the artists and writers who were inspired and exploited by Loren, along with interviews with Alice Cooper, Mojo Nixon and more.",
    "genres" : [ {
      "id" : 99,
      "name" : "Documentary"
    } ]
  }, {
    "id" : 292056,
    "title" : "Swimsuit: The Movie",
    "overview" : "Swimsuit models are hired by an evil chemical company for a product catalog in this mockumentary.",
    "genres" : [ ]
  }, {
    "id" : 292061,
    "title" : "Adventure in Odessa",
    "overview" : "Group of youngsters find a sunken sailboat used by guerrillas during WWII, raise it, repair it, and sail out to sea for adventure.",
    "genres" : [ {
      "id" : 12,
      "name" : "Adventure"
    }, {
      "id" : 10751,
      "name" : "Family"
    } ]
  }, {
    "id" : 292066,
    "title" : "Die achte Todsünde: Das Toskana-Karussell",
    "overview" : "",
    "genres" : [ {
      "id" : 80,
      "name" : "Crime"
    } ]
  }, {
    "id" : 292071,
    "title" : "Trapper County War",
    "overview" : "A Vietnam veteran and a young man set out to rescue a woman kidnapped by a backwoods family.",
    "genres" : [ ]
  }, {
    "id" : 292076,
    "title" : "An Unexpected Life",
    "overview" : "Sequel to \"An Unexpected Family.\"",
    "genres" : [ {
      "id" : 18,
      "name" : "Drama"
    } ]
  }, {
    "id" : 292081,
    "title" : "Sunshine Superman",
    "overview" : "Documentary portrait of Carl Boenish, the father of the BASE jumping movement, whose early passion for skydiving led him to ever more spectacular -and dangerous- feats of foot-launched human flight.",
    "genres" : [ {
      "id" : 99,
      "name" : "Documentary"
    } ]
  }, {
    "id" : 292086,
    "title" : "Come Morning",
    "overview" : "Set in rural Arkansas in 1973, Come Morning is the tragic story of Frank and his 10-year-old grandson and the hunting accident that forever changes their lives.",
    "genres" : [ {
      "id" : 53,
      "name" : "Thriller"
    }, {
      "id" : 18,
      "name" : "Drama"
    } ]
  }, {
    "id" : 292091,
    "title" : "Is Your Cell Phone Killing You?",
    "overview" : "This important film investigates whether the electromagnetic radiation emitted by cell phones, cell and broadcast towers, Wi-fi and powerlines could be hazardous to your health. Compelling new scientific research is linking electromagnetic radiation to a host of serious health problems ranging from depression and miscarriage to Alzheimer's disease and cancer. Many scientists and health professionals are now warning that our long-term exposure at levels well below the existing safety standards could result in a global public health crisis. The film critically examines one of the most important scientific debates of the 21st century.",
    "genres" : [ ]
  }, {
    "id" : 292096,
    "title" : "Finding Happiness",
    "overview" : "Finding Happiness is a film that captures a joyful reality. With a unique story directly from the heart and soul of each person who has lived it. Told through the eyes of a New York investigative journalist, Finding Happiness takes us on a journey to see how people can live in harmony, collaboration, compassion, cooperation, peace and love together in a conscious community called Ananda - which means \"joy\".",
    "genres" : [ ]
  }, {
    "id" : 292101,
    "title" : "The First Smile",
    "overview" : "Midwives from around the world travel to Mexico and Brazil summoned by Naolí, a Mexican midwife, in order to learn further and make of their profession an art; just as mothers and fathers in the process of giving birth, they simultaneously open up their bodies and souls to share with us the feminine nature. The First Smile is an emotive work which recovers ancestral knowledge, that shouldn’t have been forgotten.",
    "genres" : [ ]
  }, {
    "id" : 292106,
    "title" : "Mummy, I'm a Zombie",
    "overview" : "In the sequel to \"Daddy, I'm a Zombie\", all of our favorite characters are back! The fate of the planet is once again in Dixie's hands as she must fight to end the battle that has erupted between the living and the walking dead while balancing her newfound popularity at school and a campaign for student council.",
    "genres" : [ {
      "id" : 14,
      "name" : "Fantasy"
    }, {
      "id" : 16,
      "name" : "Animation"
    } ]
  }, {
    "id" : 292111,
    "title" : "Semana santa",
    "overview" : "Chávez, Dali and Pepe belong to a middle class family who spends the Easter holydays at the beach.",
    "genres" : [ {
      "id" : 18,
      "name" : "Drama"
    } ]
  }, {
    "id" : 292116,
    "title" : "50 Ärsche zum durchficken",
    "overview" : "",
    "genres" : [ ]
  }, {
    "id" : 292121,
    "title" : "Schnittchen...und die süßen Strumpfgirls",
    "overview" : "",
    "genres" : [ ]
  }, {
    "id" : 292126,
    "title" : "Luciano Pavarotti A Life in Seven Arias",
    "overview" : "The life of Pavorotti in seven arias",
    "genres" : [ ]
  }, {
    "id" : 292131,
    "title" : "Muerte en Alto Contraste",
    "overview" : "Gabriel, a cop who seeks justice by his own hand, begins in a relationship with Raquel, the daughter of a corrupt police implicated in the death of his parents.",
    "genres" : [ {
      "id" : 28,
      "name" : "Action"
    }, {
      "id" : 53,
      "name" : "Thriller"
    } ]
  }, {
    "id" : 292136,
    "title" : "Rock Sangkut",
    "overview" : "Rock Sangkut is a comedy drama with Islamic religious value.  Its a story about 3 young men from village try to form a rock band . They have to go through many challenges to  chase their ambition. Destiny shown them that they not form a rock band but Nasyid",
    "genres" : [ {
      "id" : 10770,
      "name" : "TV Movie"
    }, {
      "id" : 18,
      "name" : "Drama"
    } ]
  }, {
    "id" : 292141,
    "title" : "Ungdommens Ret",
    "overview" : "Directed by August Blom.",
    "genres" : [ ]
  }, {
    "id" : 292146,
    "title" : "Eikichi the Chauffeur",
    "overview" : "Directed by Minoru Murata.",
    "genres" : [ ]
  }, {
    "id" : 292151,
    "title" : "20 Rules! For Sylvie",
    "overview" : "Adalbert, a paranoid, overprotective single dad imposes a set of 20 rules on his daughter Sylvie before she leaves the small town of Ormont-Dessus for university. Making sure that she obeys them perfectly, he secretly follows her to Basel, but ends up falling in with a party crowd and breaking all the rules himself.",
    "genres" : [ {
      "id" : 35,
      "name" : "Comedy"
    } ]
  }, {
    "id" : 292156,
    "title" : "Mike's Casting 3",
    "overview" : "",
    "genres" : [ ]
  }, {
    "id" : 292161,
    "title" : "Alone in the Zone 2: Back to Chernobyl",
    "overview" : "You don’t have to go to the zone to join me in this exceptional journey. Thanks to the views from the helmet-cam, you can feel like you were really there. You’ll be able to say „I was there” and no one can accuse you otherwise. In the film you’ll see places no one has seen before (well, almost no one). You’ll also see places no one will see again because they don’t exist any more. Everything to make you feel the real atmosphere of these places.",
    "genres" : [ {
      "id" : 99,
      "name" : "Documentary"
    } ]
  }, {
    "id" : 292166,
    "title" : "Don Gil von den grünen Hosen",
    "overview" : "",
    "genres" : [ {
      "id" : 18,
      "name" : "Drama"
    } ]
  }, {
    "id" : 292171,
    "title" : "La fanciulla del West",
    "overview" : "Performed at the royal Opera House",
    "genres" : [ ]
  }, {
    "id" : 292176,
    "title" : "Vasya, the Reformer",
    "overview" : "Lost film directed by Aleksandr Dovzhenko and Faust Lopatinsky.",
    "genres" : [ {
      "id" : 35,
      "name" : "Comedy"
    }, {
      "id" : 18,
      "name" : "Drama"
    } ]
  }, {
    "id" : 292181,
    "title" : "The Ventures of Marguerite",
    "overview" : "As heiress to a large fortune, Marguerite is able to satisfy her love for beautiful clothes and a taste for adventure, while confronted by a multitude of schemers and gangsters bent on reducing her to poverty.",
    "genres" : [ ]
  }, {
    "id" : 292186,
    "title" : "The Beauty Exchange",
    "overview" : "The documentary about women, their acceptance of their body and pressures from society and media.",
    "genres" : [ {
      "id" : 99,
      "name" : "Documentary"
    } ]
  }, {
    "id" : 292191,
    "title" : "Bachelor Night",
    "overview" : "When a bachelor party and a bachelorette party cross paths in Vegas, only the best man and maid of honor can save their friends from a night of epic \"mistakes.\"",
    "genres" : [ {
      "id" : 35,
      "name" : "Comedy"
    } ]
  }, {
    "id" : 292196,
    "title" : "Bucking Broncos",
    "overview" : "Some cowboys of the Wild West Show saddle bronchos not without difficulties.",
    "genres" : [ {
      "id" : 37,
      "name" : "Western"
    }, {
      "id" : 99,
      "name" : "Documentary"
    } ]
  }, {
    "id" : 292201,
    "title" : "Going Bananas",
    "overview" : "An evil circus owner chases a chimp and his friends through Africa. Not necessarily 'Dyn-O-Mite!', but this silly monkey business is decent family fun.",
    "genres" : [ {
      "id" : 35,
      "name" : "Comedy"
    } ]
  }, {
    "id" : 292206,
    "title" : "Inside the Mind of a Suicide Bomber",
    "overview" : "Film from Tom Roberts",
    "genres" : [ ]
  }, {
    "id" : 292211,
    "title" : "Junior",
    "overview" : "In JUNIOR, acclaimed cinematographer Jenna Rosher makes her directorial debut by deftly capturing the bond between this odd couple and crafts a hilarious and touching portrait of growing old while staying young. After spending time with Eddie and Josephine, you will be unable to resist the urge to hug the closest mother you can find.",
    "genres" : [ ]
  }, {
    "id" : 292216,
    "title" : "La Vie de Marianne",
    "overview" : "In the aristocratic society of the seventeenth century, the fate of Marianne child who survived the deadly attack on a convoy.",
    "genres" : [ ]
  }, {
    "id" : 292221,
    "title" : "Lock N Load with R. Lee Emery",
    "overview" : "History comes to life as former MAIL CALL host R. Lee Ermey leads viewers on a fascinating ride through the engineering, development and demonstration of weapons that made battlefield history in the new one-hour series, LOCK N' LOAD With R. Lee Ermey.",
    "genres" : [ ]
  }, {
    "id" : 292226,
    "title" : "Der entscheidende Augenblick",
    "overview" : "",
    "genres" : [ {
      "id" : 18,
      "name" : "Drama"
    } ]
  }, {
    "id" : 292231,
    "title" : "Refridgerator Mother",
    "overview" : "Documentary from David E. Simpson",
    "genres" : [ ]
  }, {
    "id" : 292236,
    "title" : "Lluvia",
    "overview" : "Synthetic rain. Cameraless film",
    "genres" : [ ]
  }, {
    "id" : 292241,
    "title" : "Margarita",
    "overview" : "",
    "genres" : [ {
      "id" : 16,
      "name" : "Animation"
    } ]
  }, {
    "id" : 292246,
    "title" : "Das Lied vom Glück",
    "overview" : "",
    "genres" : [ {
      "id" : 18,
      "name" : "Drama"
    } ]
  }, {
    "id" : 292251,
    "title" : "Die gelbe Flagge",
    "overview" : "",
    "genres" : [ {
      "id" : 18,
      "name" : "Drama"
    } ]
  }, {
    "id" : 292256,
    "title" : "Nanette",
    "overview" : "",
    "genres" : [ ]
  }, {
    "id" : 292261,
    "title" : "Zwielicht",
    "overview" : "",
    "genres" : [ {
      "id" : 18,
      "name" : "Drama"
    } ]
  }, {
    "id" : 292266,
    "title" : "Rauschende Melodien",
    "overview" : "",
    "genres" : [ {
      "id" : 18,
      "name" : "Drama"
    } ]
  }, {
    "id" : 292271,
    "title" : "Swing It... Baby!",
    "overview" : "a film by Al Quinn.",
    "genres" : [ {
      "id" : 10402,
      "name" : "Music"
    }, {
      "id" : 18,
      "name" : "Drama"
    } ]
  }, {
    "id" : 292276,
    "title" : "Alone",
    "overview" : "An aging, recently widowed man is approached by an oil company ready to pay him for his land. While his family is in favor, the man struggles with the decision in this Horton Foote screenplay.",
    "genres" : [ {
      "id" : 18,
      "name" : "Drama"
    } ]
  }, {
    "id" : 292281,
    "title" : "Einfache Leute",
    "overview" : "",
    "genres" : [ {
      "id" : 18,
      "name" : "Drama"
    } ]
  }, {
    "id" : 292286,
    "title" : "Das Ende eines normalen Tages",
    "overview" : "",
    "genres" : [ {
      "id" : 18,
      "name" : "Drama"
    } ]
  }, {
    "id" : 292291,
    "title" : "M'Liss",
    "overview" : "The third film version of the Bret Harte tale, starring Anne Shirley as a miner's daughter in a small town who falls for a handsome young schoolteacher.",
    "genres" : [ {
      "id" : 18,
      "name" : "Drama"
    } ]
  }, {
    "id" : 292296,
    "title" : "Los Angeles Azules and Los Angeles de Charly: Duelo de Videos",
    "overview" : "Ten of the biggest hits from Los Angeles Azules and its spinoff group Los Angeles de Charly, two of the top bands in the vallenata and cumbia style that originated in Colombia's Caribbean region, are presented in this reverberating collection. Highlights from this musical face-off include \"Cómo Te Voy a Olvidar\" and \"Mi Niña Mujer\" by Los Angeles Azules, and \"Por un Minuto de Tu Amor\" and \"Y Que\" by Los Angeles de Charly.",
    "genres" : [ ]
  }, {
    "id" : 292301,
    "title" : "Pat Benatar and Neil Giraldo: Live",
    "overview" : "Pat Benatar and longtime band-mate Neil Giraldo have toured together for more than 23 years. This account of 2001's \"Summer Vacation Tour\" takes Pat and Neil from Long Island, New York, to Anaheim, California, playing hits such as \"Love Is a Battlefield,\" \"All Fired Up\" and \"We Belong.\" Features intimate interviews with Pat and Neil, as well as four unreleased songs and two acoustic versions of classic hits.",
    "genres" : [ ]
  }, {
    "id" : 292306,
    "title" : "Sasu Numbri Jawai Dus Numbri",
    "overview" : "After marrying his beautiful bride, the witty and resourceful Jawai (comedy superstar Makarand Anaspure) discovers he's inherited a third party in their relationhip: Sasu (Nirmiti Sawant), the equally cunning mother-in-law from hell. Helmed by actor-turned-director Vijay Patkar (Chashmebahhadar), this spirited comedy features a screenplay by Hemant Edlabadkar and also stars Pragnya Jadhav and Gauri Kendre.",
    "genres" : [ ]
  }, {
    "id" : 292311,
    "title" : "Achtung! Schwanz-Fresser",
    "overview" : "",
    "genres" : [ ]
  }, {
    "id" : 292316,
    "title" : "Exklusiv Tattoo 7",
    "overview" : "",
    "genres" : [ ]
  }, {
    "id" : 292321,
    "title" : "To Torah and Testimony",
    "overview" : "Dr. James D. Tabor, a noted author and leading scholar specializing in the Dead Sea Scrolls and the Second Temple period of Jewish history, leads this thought-provoking discussion about the Jews' witnessing of God's presence on Mount Sinai and the subsequent spread of the testimony of what they saw and heard. This lecture was originally released as part of a series exploring the Noahide movement, which considers the role of non-Jews in Judaism.",
    "genres" : [ ]
  }, {
    "id" : 292326,
    "title" : "Piss-Nelken",
    "overview" : "",
    "genres" : [ ]
  }, {
    "id" : 292331,
    "title" : "Lightnin' Les",
    "overview" : "A Les Blank short film from 1968.",
    "genres" : [ ]
  } ]
}