{
  "movies" : [ {
    "id" : 80096,
    "title" : "Subservience",
    "overview" : "The selfishness of the bourgeoisie and the dull passivity of its servants are the theme of this puppet animation presenting the tragicomedy of a society in its death throes, taking refuge in absurd behaviour.",
    "genres" : [ {
      "id" : 16,
      "name" : "Animation"
    }, {
      "id" : 27,
      "name" : "Horror"
    } ]
  }, {
    "id" : 80106,
    "title" : "Kaliber Deluxe",
    "overview" : "Tells the story of a group of gangsters hiding out in a vacation-bungalow who get more than they bargained for.",
    "genres" : [ {
      "id" : 80,
      "name" : "Crime"
    }, {
      "id" : 53,
      "name" : "Thriller"
    } ]
  }, {
    "id" : 80116,
    "title" : "Los muertos no se tocan, nene",
    "overview" : "Logroño, 1959. The death of a local authority creates a double expectation in his family, the coming of the TV set the deceased bought and the mayor to attend the funeral. His grandson (Airas Brispo) will witness the grotesque situations.",
    "genres" : [ {
      "id" : 35,
      "name" : "Comedy"
    }, {
      "id" : 10751,
      "name" : "Family"
    } ]
  }, {
    "id" : 80121,
    "title" : "IMAX: Arabia",
    "overview" : "From the Academy Award-nominated producers of Everest and Grand Canyon Adventure comes an all-new IMAX 3D Theatre experience—Arabia 3D—about the extraordinary culture, history and religion of Arabia.",
    "genres" : [ {
      "id" : 99,
      "name" : "Documentary"
    } ]
  }, {
    "id" : 80126,
    "title" : "Up the Champs-Élysées",
    "overview" : "The history of one of France s most famous streets is retold, featuring multiple performances from Guitry himself.",
    "genres" : [ ]
  }, {
    "id" : 80131,
    "title" : "White Lies",
    "overview" : "Jeanne is a young weirdo girl who flies to Paris, and is hired by an old lady called Madeleine as an au pair. Jeanne lies to Madeleine, she says she comes from a very rich family. Young Madeleine's admirer Antoine and another thug, Marcel, kidnap Jeanne when they hear she's a millionaire. But the problem is that Jeanne's parents are poor and Antoine soon falls for her.",
    "genres" : [ {
      "id" : 80,
      "name" : "Crime"
    }, {
      "id" : 35,
      "name" : "Comedy"
    } ]
  }, {
    "id" : 80136,
    "title" : "Pingpong",
    "overview" : "The film shows the apparently intact world of a middle class family, whose harmonious facade crumbles due to the unexpected visit of their relative Paul, a young man of 16 years. Paul arrives looking for love and support after the suicide of his father.",
    "genres" : [ {
      "id" : 18,
      "name" : "Drama"
    } ]
  }, {
    "id" : 80141,
    "title" : "The Court of the Pharaoh",
    "overview" : "In the early Spanish Civil Post-war, in Madrid, during the most hard times of the Franco dictatorship, a group of second-rate players try to get out of their wretched lives taking advantage of the artistic caprices of the son of a rich man who supports the regime. They try to stage a Pre-war 'zarzuela' (a sort of Spanish operetta), 'La Corte Del Faraón', which ironically, thirty years later, is too obscene for the regime censorship. They finally manage to perform the 'zarzuela' but end up in the police station where they confirm that justice depends on which side are you on",
    "genres" : [ {
      "id" : 35,
      "name" : "Comedy"
    } ]
  }, {
    "id" : 80146,
    "title" : "El último cuplé",
    "overview" : "A musical drama featuring a tragic love story. Relates a singer's rise to fame and her subsequent downfall because of the death of her lover. She manages to return to the stage only to die after her first public performance.",
    "genres" : [ {
      "id" : 18,
      "name" : "Drama"
    }, {
      "id" : 10402,
      "name" : "Music"
    } ]
  }, {
    "id" : 80151,
    "title" : "Never Take Sweets from a Stranger",
    "overview" : "Peter Carter, his wife Sally and their young daughter Jean move to a sleepy Canadian village, where Peter has been hired as a school principal. Their idyll is shattered when Jean becomes the victim of an elderly, and extremely powerful, paedophile. The film was neither a box office nor a critical success, it garnered criticism for breaking a significant public taboo.",
    "genres" : [ {
      "id" : 18,
      "name" : "Drama"
    }, {
      "id" : 9648,
      "name" : "Mystery"
    }, {
      "id" : 53,
      "name" : "Thriller"
    } ]
  }, {
    "id" : 80156,
    "title" : "Gadar: Ek Prem Katha",
    "overview" : "Amongst the communal riots that erupt in the city, Tara shelters a wayward Sakina from a crazed mob and a bond that blossoms into love is created. The two eventually get married and have a son. The happy family, now living in Amritsar, gets the shock of their lives when Sakina learns that her father (Amrish Puri), whom she previously believed died in the riots back in Amritsar, is still alive after seeing his picture in a tattered, old newspaper. Upon contacting him, Sakina's father, now the mayor of Lahore in Pakistan, arranges for his daughter to arrive in Lahore to see him. Sakina leaves for Lahore minus Tara and her son, and upon reaching the city, learns of her father's plans for her - plans that include forcing Sakina to forget about her family and start life anew in Pakistan. Then begins an extraordinary journey which will lead Tara to cross the border into Pakistan to find his love Sakina",
    "genres" : [ ]
  }, {
    "id" : 80161,
    "title" : "Finding Mr. Wright",
    "overview" : "Clark Townsend is on his way to the top. Not only is he one of the hottest young men in West Hollywood who just bought his very first condo, but he has successfully managed to turn his best friend and first client Eddy Malone - a talented, eccentric party girl - from a beautiful, unknown starlet into one of the most sought-after actresses in Hollywood.",
    "genres" : [ {
      "id" : 35,
      "name" : "Comedy"
    }, {
      "id" : 10749,
      "name" : "Romance"
    } ]
  }, {
    "id" : 80171,
    "title" : "Three Loves Has Nancy",
    "overview" : "A small-town country homebody goes to New York to find her missing fiancé and gets romantically involved with two sophisticated men.",
    "genres" : [ {
      "id" : 35,
      "name" : "Comedy"
    }, {
      "id" : 10749,
      "name" : "Romance"
    } ]
  }, {
    "id" : 80176,
    "title" : "The Spies",
    "overview" : "The plot concerns a doctor at a run-down psychiatric hospital, who is offered a large sum of money to shelter a new patient. Soon the place is full of suspicious and secretive characters, all apparently international secret agents trying to find out who and what the patient is.",
    "genres" : [ {
      "id" : 18,
      "name" : "Drama"
    } ]
  }, {
    "id" : 80181,
    "title" : "Truth or Dare",
    "overview" : "Two boys bet a girl that they will pass a women's bath for money or a kiss...",
    "genres" : [ {
      "id" : 35,
      "name" : "Comedy"
    }, {
      "id" : 10751,
      "name" : "Family"
    } ]
  }, {
    "id" : 80186,
    "title" : "Nightmare at School",
    "overview" : "Who hasn't felt apprehensive at the thought of starting high school? This is the central theme of this short animated film. Playing on imagination and humour, the director offers viewers a thought provoking piece dealing with the transition that young people between the ages of 10 and 13 experience. Inspired by the work of Escher and Magritte, Catherine Arcand has created a graphically rich film through optical illusions and trompe-l'oeil effects. Her style aptly illustra tes the theme of perceptions and is perfectly suited to conveying the dream world into which the film takes us.",
    "genres" : [ {
      "id" : 16,
      "name" : "Animation"
    }, {
      "id" : 10751,
      "name" : "Family"
    } ]
  }, {
    "id" : 80191,
    "title" : "Passi el que passi",
    "overview" : "Alex is a screenwriter working on a very personal script, the story of a weekend with a goal: to make love to his wife four times... Four times is not that many, isn't it? But with their daughter, friends, neighbors and a party getting in the way... things are not going to be that easy and even less fitting all that into a first draft with the decision not to rewrite a single line!",
    "genres" : [ ]
  }, {
    "id" : 80196,
    "title" : "Invisible Stripes",
    "overview" : "Invisible Stripes is a 1939 Warner Bros. crime film about a gangster (George Raft) unable to go straight after returning home from prison. The movie was directed by Lloyd Bacon and also features William Holden and Humphrey Bogart. The screenplay by Warren Duff was based on the novel of the same name by Warden Lewis E. Lawes, a fervent crusader for prison reform, as adapted by Jonathan Finn.",
    "genres" : [ {
      "id" : 80,
      "name" : "Crime"
    }, {
      "id" : 18,
      "name" : "Drama"
    } ]
  }, {
    "id" : 80201,
    "title" : "Storm War",
    "overview" : "A series of freak weather occurrences around Washington D.C. reunites two estranged brothers who are the sons of a once prestigious climate scientist. One of them suspects their father is behind it and upon further investigation, they discover that all of their father's enemies are dead - victims of freak weather accidents. Soon their suspicions are confirmed as their father hijacks radio and TV transmissions to relay the message that unless a certain Senator whom canceled his Defense Department contracts is handed over, the city of Washington D.C will suffer the consequences. As the brothers race to form a plan that can defeat their father, he lets loose a variety of diabolical weather weapons on the Smithsonian, Jefferson and Lincoln Memorials, and National Mall!",
    "genres" : [ {
      "id" : 878,
      "name" : "Science Fiction"
    } ]
  }, {
    "id" : 80206,
    "title" : "Nene",
    "overview" : "In the Catholic and traditionalist Italy, two teenagers covertly discover new prohibited games.",
    "genres" : [ {
      "id" : 18,
      "name" : "Drama"
    } ]
  }, {
    "id" : 80211,
    "title" : "Weekend Pass",
    "overview" : "Three rookie sailors who have just completed basic training are out on their first weekend pass. As they hit one bar after another, they soon forget everything the Navy ever taught them.",
    "genres" : [ {
      "id" : 35,
      "name" : "Comedy"
    } ]
  }, {
    "id" : 80216,
    "title" : "Saraband for Dead Lovers",
    "overview" : "Sophie Dorothea is a young woman forced into a loveless marriage with Prince George Louis of Hanover. George Louis is later crowned King George I of England. Despairing of ever experiencing true love, the depressed queen finds life at court no solace. Sophie then falls for a dashing Swedish soldier of fortune, Count Konigsmark.",
    "genres" : [ {
      "id" : 18,
      "name" : "Drama"
    }, {
      "id" : 36,
      "name" : "History"
    } ]
  }, {
    "id" : 80221,
    "title" : "Hidden in America",
    "overview" : "Story of a man Bill Januson whose pride in being the head of his family won't let him accept help from his sick daughters doctor. He has to prove to his kids that even with the death of his wife and the loss of his job that they can and will survive. After hitting brick wall after brick wall comes a glimmer of hope.",
    "genres" : [ {
      "id" : 10770,
      "name" : "TV Movie"
    }, {
      "id" : 18,
      "name" : "Drama"
    } ]
  }, {
    "id" : 80226,
    "title" : "Narendran Makan Jayakanthan Vaka",
    "overview" : "The story follows Jayakanthan, son of Narendran, who comes from Kumbakonam, Tamil Nadu to his parent's village Paruthippara in Kannur district, Kerala to reclaim his father's property.",
    "genres" : [ {
      "id" : 35,
      "name" : "Comedy"
    }, {
      "id" : 10751,
      "name" : "Family"
    } ]
  }, {
    "id" : 80231,
    "title" : "Ammuvagiya Naan",
    "overview" : "Ammuvagiya Naan",
    "genres" : [ {
      "id" : 18,
      "name" : "Drama"
    } ]
  }, {
    "id" : 80236,
    "title" : "Freedom to Love",
    "overview" : "It is a sex education film of sorts dedicated to all forms of human sexuality.",
    "genres" : [ {
      "id" : 99,
      "name" : "Documentary"
    }, {
      "id" : 18,
      "name" : "Drama"
    } ]
  }, {
    "id" : 80241,
    "title" : "Green Fire",
    "overview" : "Set in the coffee fields of Colombia, Green Fires stars Stewart Granger and Grace Kelly. Granger plays emerald prospector Rian X. Mitchell, who intends to explore an old deserted mine despite the protests of his partner Vic Leonard Paul Douglas and the threat of death at the hands of local bandit El Moro Murvyn Vye. Ms. Kelly costars as Catherine Knowland, whose coffee plantation lies at the foot of the mine where Mitchell labors away. Such natural disasters as rain and flood, coupled with such man-made weapons of destruction as guns and dynamite, continually thwart Mitchell's search for riches.",
    "genres" : [ {
      "id" : 12,
      "name" : "Adventure"
    }, {
      "id" : 18,
      "name" : "Drama"
    } ]
  }, {
    "id" : 80246,
    "title" : "Chanakya",
    "overview" : "Chanakya in this movie Ganesh (Sarath Kumar) is an auto driver. He is earning money to help the poor and the needy.Ganesh likes to be in publicity for that he will do kidnap and murder. Then he will be maximum publicity in the media as a person crazy only for publicity. Later people begin to call him 'Publicity' Ganesh.",
    "genres" : [ {
      "id" : 28,
      "name" : "Action"
    }, {
      "id" : 10749,
      "name" : "Romance"
    } ]
  }, {
    "id" : 80251,
    "title" : "Chocolate",
    "overview" : "Chocolate is a 2001 Tamil film directed by A. Venkatesh featuring Prashanth and Jaya Re in the lead roles. Livingston, Suhasini, Mumtaj and Nagendra Prasad play supporting roles, while the film's score and soundtrack are composed by Deva.",
    "genres" : [ ]
  }, {
    "id" : 80256,
    "title" : "Garter Snake",
    "overview" : "In the heat of the night, a man from faraway plays the piano. In the local hillside prison, a bitter double-crossed convict stares at the city life over the roofs. A revenge is brewing in his mind; the blood-thirsty killer prepares his escape. Vares gets a client who needs private investigations. Despite the beautiful wife, Vares smells a rat... In the middle of the summer night, a shot rings out. One life comes to an end and Vares finds changes in his assignment. The clues lead him to first-hand encounters and second-hand bookshops; a visit to the gym reveals a drug-smuggling route from Stockholm... Vares finds himself entangled in hot money and cool silk. In the background slithers a cunning garter snake.",
    "genres" : [ {
      "id" : 80,
      "name" : "Crime"
    }, {
      "id" : 28,
      "name" : "Action"
    } ]
  }, {
    "id" : 80261,
    "title" : "Return to Rajapur",
    "overview" : "A doomed love affair blooms against the beautiful and exotic backdrop of the deserts of India in this romantic drama. Samantha Hartley (Kelli Garner) is a woman in her early twenties who travels to Rajapur in India to visit a resort where her mother stayed years ago. While tracing the steps of her mother, Sara (Lynn Collins), Samantha learns the true story about her mother's stormy marriage to Jeremy (Justin Theroux), a charming but moody alcoholic. Only a few days after their wedding, Sara began to wonder if marrying Jeremy was a mistake, and while visiting India on their honeymoon, Sara met Jai Singh (Manoj Bajpai), a handsome and sensitive widower living in Rajapur. Jai Singh, who speaks fluent English, soon strikes up a friendship with Sara that quickly grows into a romance, but both are aware of the transgressive nature of their love, and their affair takes a tragic turn, leaving its scars on all parties involved.",
    "genres" : [ ]
  }, {
    "id" : 80266,
    "title" : "Mestre Bimba, a Capoeira Iluminada",
    "overview" : "",
    "genres" : [ {
      "id" : 18,
      "name" : "Drama"
    }, {
      "id" : 99,
      "name" : "Documentary"
    } ]
  }, {
    "id" : 80271,
    "title" : "LOL",
    "overview" : "In a world connected by YouTube, iTunes, and Facebook, Lola and her friends navigate the peer pressures of high school romance and friendship while dodging their sometimes overbearing and confused parents. When Lola's mom, Anne, \"accidentally\" reads her teenage daughter's racy journal, she realizes just how wide their communication gap has grown.",
    "genres" : [ {
      "id" : 18,
      "name" : "Drama"
    }, {
      "id" : 35,
      "name" : "Comedy"
    }, {
      "id" : 10749,
      "name" : "Romance"
    } ]
  }, {
    "id" : 80276,
    "title" : "Dookudu",
    "overview" : "A young policeman hunts down the men who caused the accident that put his politician father into a coma.",
    "genres" : [ {
      "id" : 28,
      "name" : "Action"
    }, {
      "id" : 18,
      "name" : "Drama"
    }, {
      "id" : 35,
      "name" : "Comedy"
    } ]
  }, {
    "id" : 80281,
    "title" : "Oosaravelli",
    "overview" : "Tony (NTR) is a wily youngster who does illegal things for money. He falls in love with Niharika (Tamanna) during a freak incident. He keeps following her and proposing to her. But she is engaged to some other rich guy. Tony has a secret mission and he is in hot pursuit of somebody. The rest of the story is all about the love story between the lead pair and how Tony achieved his mission.",
    "genres" : [ {
      "id" : 28,
      "name" : "Action"
    }, {
      "id" : 10749,
      "name" : "Romance"
    }, {
      "id" : 10769,
      "name" : "Foreign"
    } ]
  }, {
    "id" : 80286,
    "title" : "Immoral Women",
    "overview" : "The first episode – featuring frequent Borowczyk muse Marina Pierro – is the longest and, in a way, most substantial: it’s set in Renaissance Rome, with the lusty (and perpetually nude) leading lady sexually involved with famous painters and church benefactors. The second episode is the most notorious and, consequently, gave the film its controversial poster – featuring a rabbit slowly disappearing under the skirt of a teenage girl (played by Gaelle Legrand). The third and final episode, which has a modern-day setting, is the shortest – but also, possibly, the most outrageous: Pascale Christophe is a young married woman who’s abducted on a busy Parisian street by a small-time hood hidden inside a cardboard box!",
    "genres" : [ {
      "id" : 18,
      "name" : "Drama"
    }, {
      "id" : 10769,
      "name" : "Foreign"
    } ]
  }, {
    "id" : 80291,
    "title" : "Open My Heart",
    "overview" : "Maria lives with her 18-year-old sister, Caterina in a small apartment, tutors her at home, lets her out only for dance classes. Yet Maria sees no reason to hide her work as a prostitute from her sister. Men come in and out of the apartment constantly, and Caterina turns up the volume on her music to drown out the sounds from the next room. The film soon reveals that the sisters are in love with each other, a situation that cannot stand, but exactly what prompts the characters' behavior is rarely clear. Soon after Caterina's belated discovery of her heterosexuality, she is invited into the bedroom with Maria and a client.",
    "genres" : [ {
      "id" : 18,
      "name" : "Drama"
    } ]
  }, {
    "id" : 80296,
    "title" : "Forbidden Love Game",
    "overview" : "The film begins with a school teacher bidding farewell to his students, who are leaving for the summer. As he is heading home he notices two of his students are hitch-hiking and picks them up. He invites them over for dinner and lodging, which they accept.. The majority of the film from this point on is set at the mansion, where the two students turn from guests to prisoners under the teacher's command. The teacher has a thuggish (yet sensitive) henchman who enforces the teacher's wishes. The teacher begins to sexually humiliate and torture the two students until he has mentally brainwashed them into his way of thinking.",
    "genres" : [ {
      "id" : 35,
      "name" : "Comedy"
    }, {
      "id" : 80,
      "name" : "Crime"
    }, {
      "id" : 18,
      "name" : "Drama"
    } ]
  }, {
    "id" : 80301,
    "title" : "A Christmas Wedding Tail",
    "overview" : "Jennie Garth of \"90210\" stars as Susan, an unemployed Los Angeles museum curator and widowed single mom temporarily living in a small California town with her three sensitive sons. Jake (Brad Rowe of \"General Hospital\") is a single dad of two tomboys who owns a local winery. When Susan's dog Rusty (voiced by Jay Mohr of \"Ghost Whisperer\") falls for Jake's poodle Cheri (voiced by Nikki Cox of \"Las Vegas\"), these canine matchmakers help their owners fall in love too. Now with a Christmas Day wedding to plan -- and major complications threatening to unravel it all -- can two mismatched broods find a way to make one happy family? Tom Arnold and Catherine Hicks (\"Seventh Heaven\") co-star in this heartwarming holiday film from the producer/director of The Dog Who Saved Christmas Vacation and Your Love Never Fails.",
    "genres" : [ {
      "id" : 35,
      "name" : "Comedy"
    }, {
      "id" : 18,
      "name" : "Drama"
    }, {
      "id" : 10749,
      "name" : "Romance"
    } ]
  }, {
    "id" : 80306,
    "title" : "Local Boys",
    "overview" : "On Skeet’s twelfth birthday his older brother Randy buys him his first surfboard. Suddenly his summer turns to the endless search for the perfect wave, wild times and beach parties and eventually, finding his own daring adventures when Randy’s attention turns to a girl. Beyond his wildest dreams, Skeet is taken under the wings of surfing legend Jim Wesley who gives Skeet first-hand lessons in hot-dogging. Meanwhile, Randy, still dealing with the loss of his father and trying to fill his shoes, is jealous of Jim’s influence on Skeet and isn’t thrilled when Jim begins a relationship with their single mom. Tangled by the conflict between his brother and his newfound father figure, Skeet retreats to his room while longing to surf.",
    "genres" : [ {
      "id" : 18,
      "name" : "Drama"
    } ]
  }, {
    "id" : 80311,
    "title" : "Fuck V.I.P. Opium",
    "overview" : "In the fourth installation of Fuck V.I.P., eleven girls explore the depths of intimacy with one another. From masterful double penetration to long, sensuous kisses, these girls are looking to please.",
    "genres" : [ ]
  }, {
    "id" : 80316,
    "title" : "Phffft!",
    "overview" : "When their marriage finally goes \"phffft!\", Nina and Robert get a divorce - only to discover that, like it or not, some people are just meant to be together!",
    "genres" : [ {
      "id" : 35,
      "name" : "Comedy"
    }, {
      "id" : 10749,
      "name" : "Romance"
    } ]
  }, {
    "id" : 80321,
    "title" : "Madagascar 3: Europe's Most Wanted",
    "overview" : "Alex, Marty, Gloria and Melman are still trying to get back to the Big Apple and their beloved Central Park zoo, but first they need to find the penguins. When they travel to Monte Carlo, they attract the attention of Animal Control after gate crashing a party and are joined by the penguins, King Julian and Co., and the monkeys. How do a lion, zebra, hippo, giraffe, four penguins, two monkeys, three lemurs travel through Europe without attracting attention and get back to New York? They join a traveling circus. Their attempts to get back to New York are consistently hampered by the Captain of Animal Control who wants to make Alex part of her collection. Once they make it back to New York Marty, Alex, Gloria and Melman realize that they want to be part of the traveling circus.",
    "genres" : [ {
      "id" : 16,
      "name" : "Animation"
    }, {
      "id" : 10751,
      "name" : "Family"
    } ]
  }, {
    "id" : 80326,
    "title" : "De particulier à particulier",
    "overview" : "After 10 years and two children together, Philippe and Marion, finally decide to take a honeymoon Holiday in Venice. At the train station, a abandoned bag filled with money will bring them to a different journey. A journey of doubt where reality never quite lies where it seems, leading from separation to reconciliation.",
    "genres" : [ {
      "id" : 18,
      "name" : "Drama"
    } ]
  }, {
    "id" : 80331,
    "title" : "Tatarak",
    "overview" : "",
    "genres" : [ {
      "id" : 18,
      "name" : "Drama"
    }, {
      "id" : 10769,
      "name" : "Foreign"
    } ]
  }, {
    "id" : 80336,
    "title" : "Marriage of the Century",
    "overview" : "A la suite d'un pari avec des copains, Paul, dragueur invétéré, se met en tête de séduire la princesse Charlotte dont le mariage avec un duc est imminent...",
    "genres" : [ ]
  }, {
    "id" : 80341,
    "title" : "Brother Outsider: The Life of Bayard Rustin",
    "overview" : "Documentary on Bayard Rustin, best-remembered as the organizer of the 1963 March on Washington.",
    "genres" : [ {
      "id" : 99,
      "name" : "Documentary"
    } ]
  }, {
    "id" : 80346,
    "title" : "Nobody Knows Anything!",
    "overview" : "An aspiring filmmaker learns that success in Hollywood doesn't come as easy as she suspected as she attempts to discover the formula to success. When the guidance of her helpful has-been uncle fails to pave the way, Sarah Wilder must seek the advice of such Hollywood heavies as Mike Meyers, Ben Stiller, and Fred Willard -- only to discover that the old adage is true and Nobody Knows Anything about how to succeed in the cutthroat world of Los Angeles.",
    "genres" : [ {
      "id" : 35,
      "name" : "Comedy"
    }, {
      "id" : 18,
      "name" : "Drama"
    } ]
  }, {
    "id" : 80351,
    "title" : "The Castaway Cowboy",
    "overview" : "Wayward Texas cowboy (James Garner) washes up on the beaches of Hawaii and is taken home by an fatherless boy. He saves the family's business while romancing the single mom (Vera Miles).",
    "genres" : [ {
      "id" : 12,
      "name" : "Adventure"
    }, {
      "id" : 10751,
      "name" : "Family"
    }, {
      "id" : 35,
      "name" : "Comedy"
    }, {
      "id" : 37,
      "name" : "Western"
    } ]
  }, {
    "id" : 80356,
    "title" : "Air Force, Incorporated",
    "overview" : "The documentary portrays a behind-the-scenes look at the poor state of Argentina's civil aviation, and puts the blame on the Argentine Air Force. The Air Force has been in control of air traffic operations since the military takeover of General Juan Carlos Onganía in 1966. The producer/director, Enrique Piñeyro, claims Argentina and Nigeria are the only countries whose air force controls and regulates the airline industry.  The film is heavily based on the Austral Líneas Aéreas Flight 2553 plane crash. Enrique Piñeyro takes his camera, secretly, into the control tower of the Ministro Pistarini International Airport also-known-as Ezeiza, the international airport at Buenos Aires.",
    "genres" : [ ]
  }, {
    "id" : 80361,
    "title" : "Jensen & Jensen",
    "overview" : "I 2019 har finanskrisen stadig ikke sluppet sit greb om Danmark. Især hovedstaden er plaget af forfald, og rockerbander har overtaget politiets arbejde. For at slippe af med en gæld, som truer med at koste dem livet, forsøger brødrene Jimmy og Bjarne Jensen sig som dusørjægere. Deres mål er ingen ringere end Milo, Europas mest eftersøgte storforbryder.",
    "genres" : [ {
      "id" : 35,
      "name" : "Comedy"
    } ]
  }, {
    "id" : 80371,
    "title" : "Crash Kids: Trust No One",
    "overview" : "",
    "genres" : [ {
      "id" : 18,
      "name" : "Drama"
    } ]
  }, {
    "id" : 80376,
    "title" : "Once Upon A Christmas",
    "overview" : "Can Santa's daughter turn naughty to nice and save Christmas?",
    "genres" : [ {
      "id" : 10770,
      "name" : "TV Movie"
    }, {
      "id" : 10751,
      "name" : "Family"
    }, {
      "id" : 35,
      "name" : "Comedy"
    } ]
  }, {
    "id" : 80381,
    "title" : "Toto and Marcellino",
    "overview" : "",
    "genres" : [ {
      "id" : 35,
      "name" : "Comedy"
    } ]
  }, {
    "id" : 80386,
    "title" : "Queen: Made in Heaven",
    "overview" : "Four years after the death of Freddie Mercury 'Made In Heaven' the album was released. The visual conception was commissioned with the help of the B.F.I. and producers Hot Property. Eight films representative of Queen's music are accompanied by the tracklist: 'I Was Born To Love You', 'O', 'Return Trip', 'Closing Titles', 'Evolution', 'Mother Love', 'Heart-Ache' and 'Outside-In'",
    "genres" : [ {
      "id" : 10402,
      "name" : "Music"
    } ]
  }, {
    "id" : 80391,
    "title" : "Samba",
    "overview" : "The movie is about Rayalaseema factionism. The director Vinayak tried to make it a different one by presenting it with a message. A message to say education should be of outmost importance in once life. While it's an excellent message, the movie is presented with insane unwanted violence of kick chopped heads like football! The comedy by Venu Madhav and Krishna Bhagawan is very close to the best we've seen in recent years. The music is dull but the screenplay by Vinayak makes the viewers interest till the end.",
    "genres" : [ {
      "id" : 28,
      "name" : "Action"
    }, {
      "id" : 10769,
      "name" : "Foreign"
    } ]
  }, {
    "id" : 80396,
    "title" : "No Fun City",
    "overview" : "A punk rock journey through Vancouver's underground music scene exploring its ongoing struggle to stay alive in a city that is hell-bent on shutting down all the fun.",
    "genres" : [ {
      "id" : 99,
      "name" : "Documentary"
    } ]
  }, {
    "id" : 80401,
    "title" : "Dream Affection",
    "overview" : "One day she faintly appears in Min-woo’s dream. Min-woo has no way to find out who the girl he had intercourse with in his dream is and he doesn’t have the breadth of mind to. Min-woo’s life goes by dryly and his wife Yeon-joo becomes colder and conflicts with her get deeper. Trying to avoid these situations Min-woo tries hard to tune in with Yeon-joo and write down his resume. Da-eun is a close friend of the couple since university. She sees Yeon-joo heading for somewhere with another man that’s not Min-woo accidentally. Da-eun stands by Min-woo and holds his hand because he looks so lonely standing in the middle of conflict with his wife and he tries to act like nothing's wrong. They end up having a dreamlike one night. The love they shared in his dream is now facing them.",
    "genres" : [ {
      "id" : 18,
      "name" : "Drama"
    } ]
  }, {
    "id" : 80406,
    "title" : "The Man Who Couldn't Say No",
    "overview" : "Rasmus is a commissioning editor prepared to go to lengths to keep people happy - which is just what he has to do, because Rasmus has a problem. He can't say no. To his ex-girlfriend who wants a baby or his new girlfriend, who wants things clear cut, or his author pal, who wants to write for a limited audience, or his new boss, who wants to publish sex guides.",
    "genres" : [ ]
  }, {
    "id" : 80426,
    "title" : "Mango Yellow",
    "overview" : "In a poor neighborhood in Recife, the lives of exotic and bizarre characters entwine in a bar and in a very low-budget hotel. The queer Dunga works in the hotel and has a crush on the butcher Wellington that is married with the religious Kika and has an affair with his mistress Dayse. The sick necrophiliac Isaac owns a yellow Mercedes Benz and wants to have sex with Lígia that owns of Bar Avenida.",
    "genres" : [ {
      "id" : 18,
      "name" : "Drama"
    }, {
      "id" : 10769,
      "name" : "Foreign"
    } ]
  }, {
    "id" : 80431,
    "title" : "Neither God, Nor Master or Husband",
    "overview" : "In 1896, Virginia Bolten, a well known thirty years old anarchist, arrives in Buenos Aires where she meets her friend Matilda, along with other women working in the mill Volpon Genaro, under the harsh conditions of the time.",
    "genres" : [ ]
  }, {
    "id" : 80436,
    "title" : "The Giraffe",
    "overview" : "Lena Katz, who is German, and David Fish, who is American, are Jews who live in New York. When Lena's mother, who arrives from Germany, meets her at a hotel, she finds an almost-dead woman lying on the hotel floor. She accompanies the injured woman to the hospital and meets David, who is the woman's son. After David's mother dies from the injuries, a question remains: was she murdered? The trail leads to Germany. Apparently, Lena's mother has some kind of relationship with David's mother that reaches back into the dark German history of the 1940s",
    "genres" : [ {
      "id" : 53,
      "name" : "Thriller"
    } ]
  }, {
    "id" : 80441,
    "title" : "We Still Kill the Old Way",
    "overview" : "A leftist professor wants the truth about two men killed during a hunting party; but the mafia, the Church and corrupt politicians don't want him to learn it.",
    "genres" : [ {
      "id" : 80,
      "name" : "Crime"
    }, {
      "id" : 9648,
      "name" : "Mystery"
    }, {
      "id" : 53,
      "name" : "Thriller"
    } ]
  }, {
    "id" : 80446,
    "title" : "Mortadelo & Filemon Mission Save the Planet",
    "overview" : "The planet is facing a great threat. During the worst drought ever known, a group of wrongdoers are in the process of finishing all the reserves of water that remain on Earth. The best secret agents in the world meet urgently, but they don't even have a clue. To make things even worse, the evil Botijola plans to sabotage the meeting. His intention is to convert the water into a substitute. In order to do this, he also tries to kidnap mad Professor Bacterio and get him to work for him. However, there are two things Botijola wasn't expecting. On the one hand, Bacterio, before being kidnapped, hid the parts of his invention in different historical moments, using a time machine. On the other hand, there are two international agents who haven't turned up at the sabotaged meeting, two agents who become the world's only hope: Mortadelo and Filemón.",
    "genres" : [ {
      "id" : 35,
      "name" : "Comedy"
    }, {
      "id" : 14,
      "name" : "Fantasy"
    }, {
      "id" : 10751,
      "name" : "Family"
    } ]
  }, {
    "id" : 80451,
    "title" : "Holly Hobbie and Friends: Best Friends Forever",
    "overview" : "Holly and the Hey Girls learn that you never know who might make the perfect friend when they meet the town witch and find out she's really a wonderful old lady who can use a little of their help.",
    "genres" : [ {
      "id" : 16,
      "name" : "Animation"
    } ]
  }, {
    "id" : 80471,
    "title" : "Beloved/Friend",
    "overview" : "Based on a work of Josep Maria Benet i Jornet entitled \"Testament\", the film tells the story of an aging professor of medieval literature with the dilemma of deciding who will inherit his essay on \"The Book of friend and loved\" by Ramon Llull. Feeling near death as a result of illness, he discovers that the ideal person is a young and intelligent student he is in love with and who is dedicated to male prostitution.",
    "genres" : [ {
      "id" : 18,
      "name" : "Drama"
    }, {
      "id" : 10769,
      "name" : "Foreign"
    } ]
  }, {
    "id" : 80476,
    "title" : "Therese",
    "overview" : "Thérèse is living in a provincial town, unhappily married to Bernard, a dull, pompous man whose only interest is preserving his family name and property. They live in an isolated country mansion surrounded by servants. Early in her marriage her only comforts are her fondness for Bernard's pine-tree forest, which was her primary reason for marrying him, and her love for her sister-in-law and Bernard's half-sister, Anne.  The movie recounts in flashback the circumstances that led to her being charged with poisoning her husband.",
    "genres" : [ {
      "id" : 18,
      "name" : "Drama"
    } ]
  }, {
    "id" : 80481,
    "title" : "Black Sky",
    "overview" : "A woman who works as employee in a fashion store has to care for her ill mother. At the same time she falls in love with a bohemian man.",
    "genres" : [ {
      "id" : 18,
      "name" : "Drama"
    } ]
  }, {
    "id" : 80486,
    "title" : "The Sad Sack",
    "overview" : "The tale of a rich, flaky poet and his servant who both join the army and wind up in the same barracks.",
    "genres" : [ ]
  }, {
    "id" : 80491,
    "title" : "Moochie of Pop Warner Football",
    "overview" : "In the first episode of Walt Disney's two-part miniseries Moochie of Pop Warner Football, diminutive Moochie Morgan (Kevin Corcoran) has put baseball aside to concentrate on the gridiron. Alas, in order to meet the 60-pound weight requirement to join Pop Warner Football League, Moochie must gain five pounds. Should he fail, he'd be forced to play in the Peewee league -- and their current isn't a team for that league in his small town. Then another crisis develops, this one of a political nature. \"The Peewees vs. City Hall\" originally aired as part of the Walt Disney Presents anthology and was later serialized on the syndicated version of The Mickey Mouse Club",
    "genres" : [ ]
  }, {
    "id" : 80496,
    "title" : "Stories from Madrid",
    "overview" : "Dawn in Madrid. In the Plaza de la Cibeles begins the daily grind. The statue of the goddess, from its source in the center of the square tells the story of a man, petty speculator, owner of an old building that is going to ask Saint Nicholas for his cooperation to make it sink, and thus be able to lift a twelve-story modern building. But the inhabitants of the block have also implored the Saint to prevent this from happening.",
    "genres" : [ ]
  }, {
    "id" : 80501,
    "title" : "Lost in the Woods: The Movie",
    "overview" : "Shirley, an old box turtle, meets a very lost raccoon named Fernando Hernandafandavez, and helps him discover the magic of spring. Together they learn about a newborn fawn who sleeps alone in the woods.",
    "genres" : [ {
      "id" : 10751,
      "name" : "Family"
    } ]
  }, {
    "id" : 80506,
    "title" : "Killer Wave",
    "overview" : "Suddenly the US east coast is hit by a type of natural disaster formerly reserved, except after a major earthquake, for the Pacific and Indian ocean rims: tidal waves of the destructive tsunami type. Scientist and fiction author John McAdams attends a national emergency conference which concludes the phenomenon must be man-made, quite possibly abusing the findings of John's secret former Sea Lion project, but who wants to and has the means? Indeed John soon finds himself set-up for a murder and chased. Major destructions mean major contracts for construction and coastal defenses, so building tycoons like Victor Bannister certainly have a considerable interest",
    "genres" : [ {
      "id" : 10770,
      "name" : "TV Movie"
    }, {
      "id" : 28,
      "name" : "Action"
    } ]
  }, {
    "id" : 80511,
    "title" : "Starshaped",
    "overview" : "Three years of candid camera on the road with Blur, from Reading 1991 through the dark ages of the EEC in 1992 and then on to Modern Life. This 126 minute tour film features live footage including scenes from Glastonbury ’92, the Heineken Music Festival ’94 in Nottingham, and festivals in Germany, Denmark and Sweden. It is a fascinating rockumentary about the early days of one of the most influential bands of the 1990s.",
    "genres" : [ {
      "id" : 10402,
      "name" : "Music"
    }, {
      "id" : 99,
      "name" : "Documentary"
    } ]
  }, {
    "id" : 80516,
    "title" : "Sister Blue",
    "overview" : "Lanalee's life looks rosy until her estranged sister, Blue, appears. Blackmailed by her disturbed sibling, Lanalee is suddenly fighting to protect a terrifying secret. Blue and Lanalee hide a dark past from their men # a fiancé and a lover # as a rollercoaster journey to their childhood home challenges their relationships. Painful memories resonate from an abandoned farmhouse, and their boyfriends are seared by a war they don't understand.",
    "genres" : [ {
      "id" : 18,
      "name" : "Drama"
    }, {
      "id" : 53,
      "name" : "Thriller"
    } ]
  }, {
    "id" : 80521,
    "title" : "All Mine to Give",
    "overview" : "This is a story based on fact that follows a husband and wife who emigrate from Scotland to Wisconsin in the 1850's. They work very hard and become welcome citizens of their new town, Eureka. They have six children. They prosper in the husband's boat building business. But when their eldest is 12, tragedy strikes the family, and the 12-year old is burdened with a terrible task which he handles as well as any adult could.",
    "genres" : [ {
      "id" : 18,
      "name" : "Drama"
    }, {
      "id" : 10749,
      "name" : "Romance"
    }, {
      "id" : 10751,
      "name" : "Family"
    } ]
  }, {
    "id" : 80526,
    "title" : "Auschwitz, the First Testimonies",
    "overview" : "No movie overview available.",
    "genres" : [ {
      "id" : 99,
      "name" : "Documentary"
    }, {
      "id" : 36,
      "name" : "History"
    } ]
  }, {
    "id" : 80531,
    "title" : "Aku Bukan Tomboy",
    "overview" : "Aku Bukan Tomboy\" is a story of a tomboy (Scha Alya) who was raised by her single-parent father after the loss of her mother when she was just a child. Deep down inside, she has crushes on guys and fancies them, just like any other girl. Unknowingly, she is in a love triangle with two guys - Harry (Shaheizy Sam) and Burn (Syamsul Yusof).",
    "genres" : [ {
      "id" : 35,
      "name" : "Comedy"
    }, {
      "id" : 10749,
      "name" : "Romance"
    } ]
  }, {
    "id" : 80536,
    "title" : "Twelve Months",
    "overview" : "A young queen requests a bouquet of snowdrop flowers for New Year's Day in exchange for a reward. One greedy woman sends her stepdaughter, whom she does not like, to look for the flowers in a cold forest, knowing the task will be impossible for her. The girl almost freezes to death in the forest, but she is rescued by the spirits of the Twelve Months, who create spring around her. The girl is able to deliver the bouquet to the queen, but others want a share of the reward.",
    "genres" : [ {
      "id" : 14,
      "name" : "Fantasy"
    }, {
      "id" : 16,
      "name" : "Animation"
    }, {
      "id" : 12,
      "name" : "Adventure"
    }, {
      "id" : 10751,
      "name" : "Family"
    } ]
  }, {
    "id" : 80541,
    "title" : "Puritan",
    "overview" : "Victorian inspired modern day supernatural film noir, set against the backdrop of Whitechapel, mediums and the work of supposed pagan architect Nicholas Hawksmoore.",
    "genres" : [ {
      "id" : 18,
      "name" : "Drama"
    }, {
      "id" : 14,
      "name" : "Fantasy"
    }, {
      "id" : 9648,
      "name" : "Mystery"
    } ]
  }, {
    "id" : 80546,
    "title" : "The Secret Agent Club",
    "overview" : "To the world Ray Chase is nothing more than a klutzy, overgrown toy seller whose wife passed away a few years ago; and his only son Jeremy doesn't get to see him very often, because he's always away on \"business trips.\" What no one knows-not even Jeremy-is that his dad is a secret agent who flies all around the world, completing highly classified missions for a top-secret peacekeeping agency. Unaware of his dad's dangerous, yet exciting, secret identity, Jeremy's world is utterly normal. But all that changes when Ray returns from a mission, bringing with him a high-powered laser gun he stole from a treacherous female foreign guns dealer. Ray tells his son the gun is only a toy, but his secret comes out when the dealer sends her henchmen to capture Ray and retrieve the gun. The nasty henchmen get Ray, but Jeremy escapes with the wanted firearm. After he learns how to use the laser gun, Jeremy gathers his friends, and together they hatch a clever plan to rescue Ray.",
    "genres" : [ {
      "id" : 10751,
      "name" : "Family"
    }, {
      "id" : 28,
      "name" : "Action"
    }, {
      "id" : 35,
      "name" : "Comedy"
    } ]
  }, {
    "id" : 80556,
    "title" : "The Chess Players",
    "overview" : "It is the year 1856. Nawab Wajid Ali Shah is the king of Awadh, one of the last independent kingdoms of India. The British colonialists, intent on controlling this rich land, have sent general Outram on a secret mission to clear the way for an annexation. Pressure is mounting amidst intrigue and political manoeuvres, but the Nawab whiles away his time in pursuit of pleasure and religious practice. The court is of no help either—Court nobles Mir and Mirza, ignoring the situation of their country and all their duties towards their families, spend their days playing endless games of chess.  The film is based on Munshi Premchand's short story of the same name.",
    "genres" : [ {
      "id" : 18,
      "name" : "Drama"
    } ]
  }, {
    "id" : 80561,
    "title" : "Shed Seven - See You'se At The Barras",
    "overview" : "See Youse At The Barras is a music DVD released by Shed Seven on September 22, 2003 through Secret Films. The main feature of the DVD is the band's live performance at Glasgow Barrowlands, Scotland. The DVD also features behind-the-scenes footage of the band 'On The Road' and in 'Soundcheck', along with an in-depth 'Interview' and a short 'Questions &amp; Answers' session.",
    "genres" : [ ]
  }, {
    "id" : 80566,
    "title" : "Shed Seven - Gold",
    "overview" : "1. Dolphin '99 2. Speakeasy 3. Ocean Pie 4. Where Have You Been Tonight? 5. Getting Better 6. Going for Gold 7. Bully Boy 8. On Standby 9. Chasing Rainbows 10. She Left Me on Friday 11. Heroes 12. Devil in Your Shoes 13. Disco Down",
    "genres" : [ ]
  }, {
    "id" : 80571,
    "title" : "The Green Mare",
    "overview" : "",
    "genres" : [ {
      "id" : 35,
      "name" : "Comedy"
    }, {
      "id" : 18,
      "name" : "Drama"
    } ]
  }, {
    "id" : 80576,
    "title" : "Pipo De Clown En De Piraten Van Toen",
    "overview" : "Door het land reist er een circus, circus Pipo om precies te zijn. Wanneer Pipo, Plom en Klukkluk optreden heeft een grote enge man heel veel interesse voor Plom en vooral haar buikspreekpop. Als de pop gestolen wordt, leidt het spoor naar de haven. Het blijkt dat de grote enge man de pop heeft ontvoerd. Pipo, Plom en Klukkluk volgen de man tot op het schip en raken opgesloten in het ruim. Wanneer ze weer vrij komen worden ze door de bemanning gepakt, het blijken piraten te zijn. Hoe is Pipo hier nu weer in beland. Lubbeduh, de piratenkapitein heeft de pop gestolen omdat die lijkt op zijn verloren zoon, Takko. Lubbeduh neemt onze vrienden meer naar zijn eiland, het Eiland van Toen.",
    "genres" : [ ]
  }, {
    "id" : 80586,
    "title" : "A Touch of Fate",
    "overview" : "One night in a small town in North Carolina, fate brings together three lives: an entertainment lawyer returning home to his dying mother after years in escape of his past, a woman trying to reclaim her supposed love, and a boy with a penchant for the sixth sense who struggles with the death of his father and overbearing love of his single mother. When the past and future suddenly bind these people together on a journey of need, forgiveness and discovery, they realize they've gained something when they least expected it",
    "genres" : [ {
      "id" : 18,
      "name" : "Drama"
    }, {
      "id" : 10749,
      "name" : "Romance"
    } ]
  }, {
    "id" : 80591,
    "title" : "W.E.",
    "overview" : "In 1998, an auction of the estate of the Duke and Duchess of Windsor causes great excitement. For one woman, Wally Winthrop, it has much more meaning. Wally becomes obsessed by their historic love story. As she learns more about the sacrifices involved, Wally gains her own courage to find happiness.",
    "genres" : [ {
      "id" : 18,
      "name" : "Drama"
    }, {
      "id" : 10749,
      "name" : "Romance"
    } ]
  }, {
    "id" : 80596,
    "title" : "The Magic Box",
    "overview" : "Now old, ill, poor, and largely forgotten, William Freise-Greene was once very different. As young and handsome William Green he changed his name to include his first wife's so that it sounded more impressive for the photographic portrait work he was so good at. But he was also an inventor and his search for a way to project moving pictures became an obsession that ultimately changed the life of all those he loved.",
    "genres" : [ {
      "id" : 18,
      "name" : "Drama"
    } ]
  }, {
    "id" : 80601,
    "title" : "Seduction",
    "overview" : "After returning to Catania after a long period of time, Giuseppe reunites with his old lover, Caterina. Her 15 year-old daughter, Graziella begins to seduce her mother's lover and he soon breaks down and begins an affair with her. As time passes Caterina begins having sneaking suspicions about Giuseppe's &amp; Graziella's relationship.",
    "genres" : [ {
      "id" : 18,
      "name" : "Drama"
    } ]
  }, {
    "id" : 80606,
    "title" : "The Inspector Wears Skirts II",
    "overview" : "Much of \"The Inspector Wears Skirts 2\" feels like a retread of the first film, except that it's not as funny or as fresh: girlfights, harsh training, Stanley Fung trying to woo Sibelle Hu, Sandra Ng not finding a guy to woo her and constantly getting into trouble, a boys vs. girls martial arts tournament, etc",
    "genres" : [ {
      "id" : 28,
      "name" : "Action"
    } ]
  }, {
    "id" : 80611,
    "title" : "Quiet Cool",
    "overview" : "This actioner is set in a remote, heavily forested area in Northern California where marijuana growers raise their illegal crops and run whole communities with their terrorist tactics and wealth. The tale centers on the efforts of a fearless New York cop to free one such community from the tyranny of the pot growers. It begins with a surveyor who is leading the town's crooked sheriff to a small marijuana field he has just discovered. The surveyor is killed before he can get there. Joshua, a small boy, sees the execution and tries to get back in time to tell his parents. Unfortunately, the killers murder his family and throw him off a cliff. The boy's aunt, worried at not hearing from her family, gets suspicious and asks an old flame, NY cop Joe Dillon, to investigate. The town sheriff is not pleased by his intrusion and warns him to stay out of it. Dillon disobeys, and that is where all the action comes in.",
    "genres" : [ {
      "id" : 80,
      "name" : "Crime"
    }, {
      "id" : 28,
      "name" : "Action"
    } ]
  }, {
    "id" : 80616,
    "title" : "The More the Merrier",
    "overview" : "It's World War II and there is a severe housing shortage everywhere - especially in Washington, D.C. where Connie Milligan rents an apartment. Believing it to be her patriotic duty, Connie offers to sublet half of her apartment, fully expecting a suitable female tenent. What she gets instead is mischievous, middle-aged Benjamin Dingle. Dingle talks her into subletting to him and then promptly sublets half of his half to young, irreverent Joe Carter - creating a situation tailor-made for comedy and romance.",
    "genres" : [ {
      "id" : 35,
      "name" : "Comedy"
    }, {
      "id" : 10749,
      "name" : "Romance"
    } ]
  }, {
    "id" : 80621,
    "title" : "Svalan, katten, rosen, döden",
    "overview" : "",
    "genres" : [ ]
  }, {
    "id" : 80626,
    "title" : "Love and Kisses",
    "overview" : "Coming soon.",
    "genres" : [ ]
  }, {
    "id" : 80631,
    "title" : "At the End of the Rainbow",
    "overview" : "Roy runs away from the labor camp of Santa Lucia with Emiliano, a New Mexico rancher, both imprisoned unjustly for three powerful American bankers, to seize the gold mine that had Emiliano. During flight, the landowner dies and in his last moments asked Roy to recover the mine and save Jessica, daughter of his former foreman.",
    "genres" : [ {
      "id" : 37,
      "name" : "Western"
    } ]
  }, {
    "id" : 80636,
    "title" : "Odette",
    "overview" : "The film is based on the true story of Special Operations Executive French-born agent Odette Sansom, who was captured by the Germans in 1943, condemned to death and sent to Ravensbrück concentration camp to be executed. However, against all odds she survived the war and testified against the prison guards at the Hamburg Ravensbrück Trials. She was awarded the George Cross in 1946; the first woman ever to receive the award, and the only woman who has been awarded it while still alive.  (From Wikipedia, licensed under CC-BY-SA)",
    "genres" : [ {
      "id" : 10752,
      "name" : "War"
    }, {
      "id" : 18,
      "name" : "Drama"
    } ]
  }, {
    "id" : 80641,
    "title" : "Axis of War: Night Raid",
    "overview" : "July 1937. The Chinese people are suffering under the hands of advancing Japanese troops, bent on the intimidation of civilians, destruction of property and widespread panic. To combat this threat a small regiment is sent to investigate the Japanese forces and discover a huge warehouse full of supplies. Choosing to strike while the iron is hot they undertake a dangerous solo mission. But will this night raid break them or make them?",
    "genres" : [ {
      "id" : 10752,
      "name" : "War"
    } ]
  }, {
    "id" : 80646,
    "title" : "Desperate Crossing: The Untold Story of the Mayflower",
    "overview" : "So much more than simply the story of the Thanksgiving meal, the epic saga of the Pilgrims is one of the fundamental narratives of our nation. This ambitious documentary presents the definitive history of the Pilgrims and their journey to and colonization of the New World. A marriage of feature-film quality historical reenactments with the latest scholarship and analysis of original source material, this definitive look at the Pilgrims' progress will shed light on the reality of their experience.",
    "genres" : [ {
      "id" : 99,
      "name" : "Documentary"
    }, {
      "id" : 36,
      "name" : "History"
    } ]
  }, {
    "id" : 80651,
    "title" : "J.C.",
    "overview" : "Jesus Christ is born again on Earth. But his father is a hardcore Southern Baptist, and during his teen years, Jesus rebels, joining a biker gang and leading an LSD-fueled pilgrimage to the West to fight the establishment. Anyone who adopts the initials J.C. as a nickname probably has a Messianic complex. In Iron Horseman, the hero, the head of a motorcycle gang, wigs out on LSD. While day-tripping, he has a prophetic religious vision. This leads him back to his home town, where he challenges the local church leaders-even unto knocking down chairs and tables in righteous anger, just like....you know.",
    "genres" : [ {
      "id" : 28,
      "name" : "Action"
    }, {
      "id" : 12,
      "name" : "Adventure"
    }, {
      "id" : 18,
      "name" : "Drama"
    } ]
  } ]
}