{
  "movies" : [ {
    "id" : 70216,
    "title" : "Panggilan Pulau",
    "overview" : "A man falls in love with a woman above his station. Zul is working at a stable owned by Johan. Eventually at the same time Zul fell in love with Johan's daughter Jelita. But after being ridiculed and mocked by Johan and his friends Husin, Zul resigned from his job and wanted to be a sailor instead. But unfortunately the ship he was on was hit with a big tidal wave and began sinking. Zul ended being thrown on the shore of an island not known to him. Will he ever see his Jelita again after this? How will he ever find a way to save his own life?",
    "genres" : [ {
      "id" : 28,
      "name" : "Action"
    }, {
      "id" : 18,
      "name" : "Drama"
    } ]
  }, {
    "id" : 70221,
    "title" : "Hang Tuah",
    "overview" : "Hang Tuah and his four sworn brothers, Hang Jebat, Hang Kasturi, Hang Lekir and Hang Lekiu, has pledged to protect the Sultan of Malacca. With their dedication, the five brothers rose quickly from the ranks, especially Hang Tuah whom has proven himself to be an able warrior and leader. When Hang Tuah managed to persuade Tun Teja to marry the Sultan of Malacca, the Sultan was overjoyed and rewarded Hang Tuah with full honours. The old guards felt threatened and envious, decided to frame him.",
    "genres" : [ {
      "id" : 28,
      "name" : "Action"
    } ]
  }, {
    "id" : 70226,
    "title" : "The Wager",
    "overview" : "An actor at the pinnacle of his Hollywood career finds himself buckling to temptation after he accepts the lead in a classic tale of good versus evil. Michael Steele has just been nominated for Best Actor at the Academy Awards. In the wake of that announcement, Michael is cast in what may be the role of a lifetime.\r He's set to play the lead in an incredible story of monumental conflict, but will all of the swirling gossip around Michael cause him to stumble on the path of righteousness? His marriage is in jeopardy and his career is on the line. This man who has always tried to do the right thing must find the courage and conviction needed to set his life straight.",
    "genres" : [ {
      "id" : 18,
      "name" : "Drama"
    } ]
  }, {
    "id" : 70231,
    "title" : "Zhizn Kuvyrkom",
    "overview" : "Компания аферистов создаёт школу нянечек и педагогов по оказанию \"воспитательных\" услуг населению. Сотрудниками фирмы становятся исключительно бомжи с площади трёх вокзалов, находящиеся в подчинении у бригадира Горыныча (Алексей Булдаков). Народ подобрался весьма разношёрстный, и под каждого сочиняется благопристойная легенда с рекомендациями. Таким образом, мошенники не только надували доверчивых граждан, клюнувших на рекламное объявление, но и вполне реально решали проблему бездомных предоставляя им питание и крышу над головой, а что из этого вышло смотрите сами...",
    "genres" : [ {
      "id" : 35,
      "name" : "Comedy"
    } ]
  }, {
    "id" : 70241,
    "title" : "Mike Epps: Inappropriate Behavior",
    "overview" : "Mike Epps is the hottest, most coveted and brightest new star in the world of comedy. He has already starred in numerous cult films including The Friday franchise and All About the Benjamins with Ice Cube, The Honeymooners with Cedric the Entertainer and Roll Bounce with Bow Wow &amp; Nick Cannon. Now, Mike Epps is set to explode onto the scene with his very own HBO series entitled \"Unsuccessful Thug,\" while preparing to star as the lead role in Richard Pryor’s life story. To see Mike Epps live is to experience laughter at its highest peak. You will be doubled over with stomach pains as Mike Epps gives you 60 minutes of brash, unapologetic comedy as only he can on his debut DVD \"Mike Epps – Inappropriate Behavior.\" UrbanWorks Entertainment is proud to welcome Mike Epps into the prestigious Platinum Comedy Series. Enjoy \"Mike Epps – Inappropriate Behavior\" and the Platinum Comedy Series at home on the television or in the car! Bringing you the Funniest Comedian",
    "genres" : [ {
      "id" : 35,
      "name" : "Comedy"
    } ]
  }, {
    "id" : 70246,
    "title" : "Principles of the Art of Submission",
    "overview" : "BJJ black belt under Egan Inoue, Baret Yoshida is well known worldwide for his submission grappling skills. Among his many achievements, Baret was the ADCC 2001 tournament winner. In this DVD titled \"Principles of the Art of Submission\", he holds nothing back, sharing hundreds of techniques to improve your no gi grappling game.",
    "genres" : [ ]
  }, {
    "id" : 70251,
    "title" : "Linie 3 - 25 Års Jubilæumsshow",
    "overview" : "",
    "genres" : [ {
      "id" : 35,
      "name" : "Comedy"
    }, {
      "id" : 10402,
      "name" : "Music"
    } ]
  }, {
    "id" : 70256,
    "title" : "Qlimax 2006",
    "overview" : "",
    "genres" : [ ]
  }, {
    "id" : 70271,
    "title" : "Løvekvinner",
    "overview" : "",
    "genres" : [ ]
  }, {
    "id" : 70286,
    "title" : "Strafgefangener 382",
    "overview" : "Music Composer; Score; Song",
    "genres" : [ {
      "id" : 99,
      "name" : "Documentary"
    } ]
  }, {
    "id" : 70291,
    "title" : "Wise Guys",
    "overview" : "Tale follows a threesome of teens--one a rebellious type, another a more serious type, and the young girl who fits in the middle--as they parade around Paris with carefree attitudes.",
    "genres" : [ {
      "id" : 18,
      "name" : "Drama"
    } ]
  }, {
    "id" : 70296,
    "title" : "Leaps and Bounds",
    "overview" : "The Kurdish boys Azad and Tigris are brothers. Due to an airstrike Tigris cannot speak anymore. They are sent to an uncle in Germany, the parents plan to come soon afterwards. The boys travel through Sweden and are accompanied by another family until Sweden. They get stuck there and have to live with the family in Sweden.Azad is good at high jumping and gets the opportunity to travel to Germany for a competition. However, he has no passport. Therefore he borrows the passport of a Swedish friend, and changes his appearance to look like the picture: he puts in blue lenses and dyes his hair blonde. Tigris is smuggled into Germany in a suitcase. When he is about to be discovered by the border guard, the latter is distracted with conversation, and they can move on.In Germany Azad wins the competition and is reunited with his parents.",
    "genres" : [ {
      "id" : 18,
      "name" : "Drama"
    } ]
  }, {
    "id" : 70306,
    "title" : "The Last Crooked Mile",
    "overview" : "A mystery grows after a bank robbery car leads investigators to a carnival sideshow.",
    "genres" : [ {
      "id" : 80,
      "name" : "Crime"
    } ]
  }, {
    "id" : 70311,
    "title" : "Girlfriends",
    "overview" : "Slaves to love and each other. Using a cast of Beautiful Newcomers from around the world, Alex de Renzy explores in seven segments the deeper fantasies of fairer sex.",
    "genres" : [ ]
  }, {
    "id" : 70316,
    "title" : "Yarennoka!",
    "overview" : "Yarennoka! was a MMA event that took place on December 31, 2007 at the Saitama Super Arena in Tokyo, Japan. The event was promoted by the Yarrenoka! Executive Committee, composed of former Pride Fighting Championships executives, and held in association with FEG, DEEP, and M-1 Global. It was headlined by a fight between Fedor Emelianenko and Hong-Man Choi. The undercard showcased many top lightweight fighters and was also marked by a marquee matchup of the Pride 2006 Welterweight Grand Prix Champion Kazuo Misaki and the Hero's 2006 Light Heavyweight Grand Prix Champion Yoshihiro Akiyama.The event was a farewell show to Pride fans after their acquisition by the Ultimate Fighting Championship in early 2007. It is also credited for inspiring the former Pride executives and the FEG to create the new fight series, Dream.",
    "genres" : [ ]
  }, {
    "id" : 70326,
    "title" : "Spitfire",
    "overview" : "A \"before its time\" porn-comedy about a political candidate and his family who are all very horny on everyone.",
    "genres" : [ ]
  }, {
    "id" : 70331,
    "title" : "Dream 11",
    "overview" : "Dream 11 was the culmination of the Feather Weight Grand Prix, where both the Semi-Finals and Finals took place in the same night. It also featured the Semi-Finals of the Super Hulk Grand Prix 2009. Additionally, there was a championship bout: Joachim Hansen defended the Dream Lightweight Championship against WAMMA Lightweight Champion Shinya Aoki. DREAM's featherweight division has a 63 kilograms (139 lb) weight limit.",
    "genres" : [ ]
  }, {
    "id" : 70336,
    "title" : "Dream 15",
    "overview" : "The event took place on July 10, 2010 at the Saitama Super Arena in Saitama, Japan and headlined with a bout between Shinya Aoki vs. Tatsuya \"Crusher\" Kawajiri.",
    "genres" : [ ]
  }, {
    "id" : 70346,
    "title" : "Filmhits for børn 2",
    "overview" : "´\"Filmhits for børn 2\" er til børn fra 6 år – en perlerække af film i alle genrer: små finurlige tegnefilm, korte fiktionsfilm og inspirerende dokumentarfilm. Fortællinger om børn for børn. Historier fortalt i levende billeder, der rammer børn i øje, øre, hjerne og hjerte. Film for de helt små, der er enkle og trygge og film for de lidt større, der udfordrer og giver stof til eftertanke. \"Filmhits for børn 2\" indeholder følgende film: •\"Lauges kat\" •\"Desmonds æbletræ\" •\"Bror, min bror\" •\"Fanny Farveløs\" •\"Huler\" •\"Ska' vi være kærester?\"",
    "genres" : [ ]
  }, {
    "id" : 70351,
    "title" : "Mirror Mirror",
    "overview" : "Shy teenager Megan moves to a new town with her widowed mother and quickly becomes the most unpopular girl in high school. But when she starts to communicate with a mysterious mirror, her tormentors begin to meet with a horrifying series of 'accidents'. Is the mirror a reflection of Megan's own inner demons... or has she unwittingly opened the doorway of the damned?",
    "genres" : [ {
      "id" : 27,
      "name" : "Horror"
    } ]
  }, {
    "id" : 70356,
    "title" : "Breath",
    "overview" : "The camera swoops down on a circular area, seemingly suspended in space. It is filled with medical waste and other trash. A labored exhalation is heard. Then it stops. Then it starts again, culminating in a windy, dying sigh.",
    "genres" : [ ]
  }, {
    "id" : 70361,
    "title" : "White Dwarf",
    "overview" : "In a distant future New York medical student Driscoll Rampart accomplishes his internship at Rusta, a rural planet that doesn't revolve around its axis and therefore is divided into contrasting halves of eternal day vs. eternal night. One is a Victorian-styled colony, the other a medieval kingdom. Both leave Rampart in a state of constant wonder, as he finds his way among humans and aliens, strange dreams and even stranger reality, a dark keep and a red sea, and more universal matters of war and peace, good and bad, love and hate and sickness and health.",
    "genres" : [ ]
  }, {
    "id" : 70366,
    "title" : "Master, Mistress, Servant",
    "overview" : "A Zamindar neglects his wife and prefers the company of alcohol and dancing girls. The decadence of the Bangali Zamindar milieu and the raising bourgeoisie in the late 19th century, seen through the eyes of a young upward mobile rustic seeking fortune in Calcutta, and fascinated by the lady of the house.",
    "genres" : [ {
      "id" : 18,
      "name" : "Drama"
    } ]
  }, {
    "id" : 70371,
    "title" : "Leprechaun - le retour de l'Efle guerrier",
    "overview" : "",
    "genres" : [ ]
  }, {
    "id" : 70376,
    "title" : "Theory of booze",
    "overview" : "A film about the hard fate of a decommissioned pilot, who not lost the ability to fly, as well as about male solidarity, cemented by national drinking traditions, about two truths - for male and for female, and about the love that will reconcile everyone.",
    "genres" : [ {
      "id" : 35,
      "name" : "Comedy"
    } ]
  }, {
    "id" : 70386,
    "title" : "The Devil's Rock",
    "overview" : "Set in the Channel Islands on the eve of D Day, two Kiwi commandos, sent to destroy German gun emplacements to distract Hitler's forces away from Normandy, discover a Nazi occult plot to unleash demonic forces to win the war.",
    "genres" : [ {
      "id" : 14,
      "name" : "Fantasy"
    }, {
      "id" : 27,
      "name" : "Horror"
    }, {
      "id" : 53,
      "name" : "Thriller"
    }, {
      "id" : 10752,
      "name" : "War"
    } ]
  }, {
    "id" : 70391,
    "title" : "Destiny's Son",
    "overview" : "The son of an executioner and the assassin he loved yet murdered learns of his origins, leaving his foster parents to avenge his mother's death.",
    "genres" : [ {
      "id" : 28,
      "name" : "Action"
    }, {
      "id" : 18,
      "name" : "Drama"
    }, {
      "id" : 36,
      "name" : "History"
    } ]
  }, {
    "id" : 70401,
    "title" : "L'univers et ses mystères S01E06 La Terre, notre vaisseau spatial",
    "overview" : "",
    "genres" : [ ]
  }, {
    "id" : 70406,
    "title" : "Falling Rocks",
    "overview" : "6 Friends, 1 Killer, No Mercy! Slow moving thriller that builds up towards a nerve wrecking end.",
    "genres" : [ ]
  }, {
    "id" : 70411,
    "title" : "Orgies of Edo",
    "overview" : "A collection of stories dealing with punishment towards women.",
    "genres" : [ {
      "id" : 18,
      "name" : "Drama"
    }, {
      "id" : 53,
      "name" : "Thriller"
    }, {
      "id" : 27,
      "name" : "Horror"
    } ]
  }, {
    "id" : 70421,
    "title" : "Idiots=Product+Money",
    "overview" : "The movie follows the adventures of four lovable young idiots as they embark on a journey into the underworld to save their sexy landlord's house from foreclosure. In their quest to raise $50 000 in three days, they find themselves caught in the midst of a holy war where survival is their only hope.",
    "genres" : [ {
      "id" : 35,
      "name" : "Comedy"
    }, {
      "id" : 28,
      "name" : "Action"
    } ]
  }, {
    "id" : 70426,
    "title" : "San Demetrio London",
    "overview" : "British drama documentary from 1943, based on the true story of the 1940 rescue of the tanker MV San Demetrio by parts of her own crew after she had been set afire  in the middle of the Atlantic by the German heavy cruiser Admiral Scheer and then had been abandoned. When one of the lifeboats drifted back to the burning tanker the day after, and found that she still hadn't exploded, they decided to board her and put out the fires. Eventually, they managed to start the engine again and decided to try to reach Britain against all odds.",
    "genres" : [ {
      "id" : 18,
      "name" : "Drama"
    }, {
      "id" : 28,
      "name" : "Action"
    }, {
      "id" : 10752,
      "name" : "War"
    } ]
  }, {
    "id" : 70436,
    "title" : "The Raven",
    "overview" : "A fictionalized account of the last days of Edgar Allan Poe's life, in which the poet is in pursuit of a serial killer whose murders mirror those in the writer's stories.",
    "genres" : [ {
      "id" : 80,
      "name" : "Crime"
    }, {
      "id" : 53,
      "name" : "Thriller"
    }, {
      "id" : 9648,
      "name" : "Mystery"
    } ]
  }, {
    "id" : 70441,
    "title" : "About Jessica",
    "overview" : "To ease her roommate Ivy Winters through a relationship-induced depression, jessica drake and sexy gal pal Kiara Diane take her out on the town. During their attempts to find \"Mr. Right Now\", jessica meets Jim, a cocky guy who is just her type. His brother Tom invites her back to a bachelor party, but when she unexpectedly turns up at the hotel, she gets more than she bargained for. Shocked and hurt, she runs away him and takes solace in her friends' arms. And just when you think it's over, her friends come through, saving the day and a new romance.",
    "genres" : [ {
      "id" : 35,
      "name" : "Comedy"
    }, {
      "id" : 10749,
      "name" : "Romance"
    } ]
  }, {
    "id" : 70451,
    "title" : "The Reason Why",
    "overview" : "Think of a really nice person, a friend of yours, someone who could never hurt a fly. Imagine finding out that he is supposed to have killed someone. You're told that he has shot a person in a bar, for no obvious reason. He has already confessed. He says the murder was planned. He expects a life sentence. He even longs for it. He wants to pay for his crime. The psychiatrist cannot see any mental illness. People around him don't think him to be evil. They like him. They want to help him and protect him from himself. And they all ask the same question: Why....?",
    "genres" : [ {
      "id" : 18,
      "name" : "Drama"
    } ]
  }, {
    "id" : 70456,
    "title" : "Le Cinéma de papa",
    "overview" : "",
    "genres" : [ {
      "id" : 35,
      "name" : "Comedy"
    }, {
      "id" : 18,
      "name" : "Drama"
    } ]
  }, {
    "id" : 70461,
    "title" : "IP5: The Island of Pachyderms",
    "overview" : "Young graffiti artist Tony (Olivier Martinez) and his friend Jockey (Sekkou Sall) jump-start an unexpected adventure on the streets of Grenoble, France, when they steal a car that's already occupied by an older man (Yves Montand) who's been sleeping in the back. Writer-director Jean-Jacques Beineix's foreign-language drama marks the final feature film for renowned actor Montand, who died in the midst of shooting.",
    "genres" : [ {
      "id" : 18,
      "name" : "Drama"
    } ]
  }, {
    "id" : 70466,
    "title" : "Crackoholic",
    "overview" : "Crackoholic , by Jonas Paulsson and Mikael Widerberg, is quite different to most other climbing movies. The style is somewhat similar to that of the classic Hard Grit, in that it provides a historical perspective to the climbing of the area. In this case Bohusln on the Swedish west coast. We also get to meet and listen to some of the climbers who, through the decades, have been important to the development, of difficulty as well as ethics, and hear their thoughts on climbing and risk. As would be expected, these thoughts range from profound to cliche. Of course, there's also a lot of climbing, from moderates to FA's of cutting edge \"death\" routes.",
    "genres" : [ {
      "id" : 99,
      "name" : "Documentary"
    } ]
  }, {
    "id" : 70476,
    "title" : "Gracie's Choice",
    "overview" : "For as long as she can remember, 16 year-old Gracie has been raising her four siblings, each of whom has a different, absent father and their mother is on the fast track to self-destruction. When these children's lives are about to be pulled apart, Gracie will have to do the impossible and make the ultimate sacrifices to keep her family together.",
    "genres" : [ {
      "id" : 10770,
      "name" : "TV Movie"
    }, {
      "id" : 18,
      "name" : "Drama"
    } ]
  }, {
    "id" : 70481,
    "title" : "WordWorld: Flying Ant",
    "overview" : "Flying Ant - How can ant be part of the Insect Air Show if he can?t fly? He?ll just have to build a word to give him the lift he needs to be the star of the show. Catch that C! - While PIG and ant are making cookies, their bag of letter C?s gets away from them, sending the WordFriends on a wild goose chase all over WordWorld to catch that C! Shuffleword - When PIG and ant get into an argument while playing Shuffleword, PIG storms off with the consonants and ant storms off with the vowels. But they soon learn that they need each other to build words?and have fun. Play Ball! - It?s ROBOT?s first time playing baseball ? and his team is up against the powerhouse Bug Team, led by All-Star ant. Can he learn the game in time to help his team win?",
    "genres" : [ ]
  }, {
    "id" : 70491,
    "title" : "Strikeforce Challengers 17: Bowling vs. Voelker III",
    "overview" : "Strikeforce Challengers: Voelker vs. Bowling III was a mixed martial arts event held by Strikeforce. The seventeenth Challengers episode took place on July 22, 2011 at the Palms Casino Resort in Las Vegas, Nevada.",
    "genres" : [ ]
  }, {
    "id" : 70496,
    "title" : "Woman in Chains",
    "overview" : "Stanislas Hassler blazes the development of modern art in his gallery, packed with works of surprising shapes, colours and textures, and where exhibitions turn into media events. Gilbert Moreau is one of the artists whose sculptures are on display in the gallery. His wife, Josée, is intrigued by the stern Stanislas, who devotes his free time to photography in an apartment that highlights his sophisticated artistic tastes. But besides enlarged pictures of calligraphic samples, Stanislas is amassing a collection of photographs that reveal a disturbed character. So why would Josée endanger her mature relationship with Gilbert for the morbid observation of Stanislas's hidden personality?",
    "genres" : [ {
      "id" : 18,
      "name" : "Drama"
    } ]
  }, {
    "id" : 70501,
    "title" : "Bette Midler: The Showgirl Must Go On",
    "overview" : "Filled with plenty of girls and gags and an enchanting repertoire of her greatest hits, the Divine Miss M. lights up the stage in this energetic, comical and visually stunning spectacle.",
    "genres" : [ {
      "id" : 10402,
      "name" : "Music"
    } ]
  }, {
    "id" : 70506,
    "title" : "Absolution",
    "overview" : "Decades after a meteorite destroys much of life on Earth, young survivor Ryan Murphy travels to a military base as a new recruit. However, Murphy is really an agent investigating strange occurrences at the base, which is ruled by the unforgiving Sgt. Bradley. As Murphy trains with his fellow recruits and secretly looks into the disappearance of a friend, he uncovers a shocking secret that may change the fate of humankind.",
    "genres" : [ {
      "id" : 878,
      "name" : "Science Fiction"
    }, {
      "id" : 14,
      "name" : "Fantasy"
    } ]
  }, {
    "id" : 70511,
    "title" : "Teenage Intimacies",
    "overview" : "This Softsex-comedy points out what people are doing everything so when they feel unobserved in their closed doors.",
    "genres" : [ {
      "id" : 35,
      "name" : "Comedy"
    } ]
  }, {
    "id" : 70516,
    "title" : "Kağıt",
    "overview" : "",
    "genres" : [ {
      "id" : 18,
      "name" : "Drama"
    } ]
  }, {
    "id" : 70521,
    "title" : "Lost Treasure",
    "overview" : "A paint is stolen from a building during a great fire and after recovered, the police finds inside it a mysterious map. A police officer responsible for the case ask his brother (Stephen Baldwin), who is an antiques expert, to help him during investigations. Analysing the paint an fabric, he finds that the map belonged to Cristopher Columbus and the drawings in it refer to an old legend of a lost treasure. Asside from unravel mysterious riddles the police officer and his brother will have to fight against a violent gang which is after the treasure as well.",
    "genres" : [ ]
  }, {
    "id" : 70526,
    "title" : "Cheese and Jam",
    "overview" : "A story about a couple from the bottom of the social ladder, about smuggling refugees across borders and other 'suspect' things- it is, first and foremost, an attempt to tell a story about the worst in people, wherever they may be coming from.",
    "genres" : [ {
      "id" : 35,
      "name" : "Comedy"
    }, {
      "id" : 18,
      "name" : "Drama"
    } ]
  }, {
    "id" : 70531,
    "title" : "Hostage Girls",
    "overview" : "Classic porn from the 80s.",
    "genres" : [ ]
  }, {
    "id" : 70536,
    "title" : "Irene Huss 7: Den Som Vakar I Mörkret",
    "overview" : "Två pojkscouter hittar en begravd kvinnokropp på ett ödsligt fält. Irene Huss och hennes team börjar undersöka fallet. Allt eftersom undersökningen fortgår så upptäcker man fler gravar, alla med en begravd kvinnokropp tillsammans med vad som verkar vara ett personligt föremål. Det står nu klart att en fruktansvärd serie-mördare härjar i området. Poliserna är mycket förbryllade och hittar inte kopplingen mellan offren förutom att de är medelålders kvinnor. Samtidigt börjar Irene känna sig förföljd...",
    "genres" : [ {
      "id" : 80,
      "name" : "Crime"
    }, {
      "id" : 18,
      "name" : "Drama"
    } ]
  }, {
    "id" : 70541,
    "title" : "Angels of Terror",
    "overview" : "An Australian woman arrives in London to search for her sister who she finds is involved with a heroin smuggling gang. The gang itself is under attack from an unknown rival, who is methodically assassinating them with a shot to the head.",
    "genres" : [ {
      "id" : 80,
      "name" : "Crime"
    } ]
  }, {
    "id" : 70546,
    "title" : "Living in Emergency: Stories of Doctors Without Borders",
    "overview" : "In the war-zones of Liberia and Congo, four volunteers with Doctors Without Borders struggle to provide emergency medical care under extreme conditions. With different levels of experience, each volunteer must find their own way to face the challenges, the tough choices, and the limits of their idealism. \"Living in Emergency\" is a window into the seldom portrayed and less-than glamorous side of humanitarian aid work. It explores a world that is challenging, complex, and fraught with dilemmas - the struggles, both internal and external, that aid workers face when working in war zones and other difficult contexts.",
    "genres" : [ {
      "id" : 99,
      "name" : "Documentary"
    } ]
  }, {
    "id" : 70551,
    "title" : "Loose Times at Ridley High",
    "overview" : "Where the teachers make the grades, and the students make the teachers. The succulent girls of Ridley High are about to graduate and this lust-filled take-off of a famous book fulfills every youthful fantasy ever dreamed of. Mad crushes on male teachers run rampant as our sweet young things explore their budding sexuality as well as each other's bodies. So young, so innocent, so tender, these cute little lasses - bedecked in their mid-thigh uniforms - cross and uncross their virginal legs for their instructors. With shoulder straps that outline their pert, young breasts, teachers struggle to maintain their raging passions. Student/teacher conferences take on a whole new meaning.",
    "genres" : [ ]
  }, {
    "id" : 70556,
    "title" : "Psyche II",
    "overview" : "Master climbing film maker Al Lee, does it again with his film of Leo Houlding's ascent of The Prophet on the East Face of Yosemite's El Cap. This is the main feature and is 43 minutes long. Also includes deep water soloing with Neil Gresham and Liam Cook, Mary Jenner (Dave Birkett's Mrs) on Bleed in Hell - the hardest female trad leed in the UK, Dave Pickford on Dusk till Dawn in Pembroke and Leo again, big wall climbing in Africa.",
    "genres" : [ {
      "id" : 99,
      "name" : "Documentary"
    }, {
      "id" : 12,
      "name" : "Adventure"
    } ]
  }, {
    "id" : 70561,
    "title" : "Men Are from Mars, Women Are from Venus",
    "overview" : "",
    "genres" : [ ]
  }, {
    "id" : 70566,
    "title" : "American Justice: Prostitution, Sex and the Law",
    "overview" : "\"The oldest profession in the world\" shows no signs of slowing down today. But in the age of AIDS the nature of the business has changed, and sex for pay is taking on many new, semi-legal guises. AMERICAN JUSTICE takes an unflinching look at the state of prostitution in America today, from high-class call girls to the traditional streetwalker. See footage of actual busts, and discover how the emphasis has shifted to include the \"John\" as well as the prostitute. Prostitution experts reveal the little-known facts of the criminal sex-for-pay industry, including the \"networks\" that ensure there are always fresh prostitutes hitting the streets, often runaways lured by false promises and held captive by vicious pimps. And in exclusive interviews, the women, the Johns and the police tell their tales of SEX AND THE LAW.",
    "genres" : [ {
      "id" : 99,
      "name" : "Documentary"
    } ]
  }, {
    "id" : 70571,
    "title" : "Angel Camouflaged",
    "overview" : "This rock and roll drama stars, James Brolin, Carlos Bernard, Tessie Santiago, The Marshall Tucker Band, Kurtis Blow, Patty Smyth and the rock and roll sensation from South Africa that lit up the screen on Rockstar Supernova, Dilana. When rock star sensation, Scottie B., falls prey to the demons of fame, she escapes the music scene only to find herself face to face with her destiny once again and even greater challenges when she inherits a little bar that was once owned by a woman with the same spirit and voice of an angel. This exciting rock and roll adventure shot was in the desert of California and the low country of South Carolina. Angel Camouflaged is the journey of SCOTTIE, a rock and roll singer whose struggle with substance abuse causes her music career to implode. Scottie bails on her manager/brother, MORGAN, to hide out in the Mojave Desert. Her peaceful new life is disturbed when Morgan calls and tells her that they inherited a bar in far-off South Carolina",
    "genres" : [ ]
  }, {
    "id" : 70576,
    "title" : "Decisions",
    "overview" : "When a group of friends decide to pull a bank heist to get out from underneath their money troubles. They quickly discover that things can unravel in a hurry! A compromised LAPD Detective (Corey Haim) on the take with a crime syndicate figure want the money back and will go to any lengths to get it! Things go wrong quickly as bullets start to fly and the group finds that one thing affects another and discover that the voice of reason is not always what it appears to be.",
    "genres" : [ {
      "id" : 18,
      "name" : "Drama"
    }, {
      "id" : 28,
      "name" : "Action"
    }, {
      "id" : 53,
      "name" : "Thriller"
    }, {
      "id" : 80,
      "name" : "Crime"
    } ]
  }, {
    "id" : 70581,
    "title" : "Heaven's Burning",
    "overview" : "In Sydney, the newly married Midori is honeymooning with her husband, Yukio. She does not love him and fakes her own kidnapping to escape the marriage. Her lover is supposed to meet her, but fails to appear. She goes to a bank to get some cash, only to become a hostage in an unfolding robbery, until the getaway driver, Colin, saves her from his fellow robbers. They hit the road together, with the cops, her husband and the robbers in pursuit.",
    "genres" : [ {
      "id" : 18,
      "name" : "Drama"
    }, {
      "id" : 28,
      "name" : "Action"
    }, {
      "id" : 53,
      "name" : "Thriller"
    }, {
      "id" : 80,
      "name" : "Crime"
    } ]
  }, {
    "id" : 70586,
    "title" : "Setup",
    "overview" : "A group of friends plan out a detailed heist that turns deadly when one betrays the other by taking off with the goods. Taking matters into his own hands, Sonny seeks out his revenge teaming up with the most dangerous mob boss in town to get back what is rightfully his. When he finally comes face to face with his longtime friend he will be forced to make a life changing choice.",
    "genres" : [ {
      "id" : 28,
      "name" : "Action"
    }, {
      "id" : 80,
      "name" : "Crime"
    }, {
      "id" : 18,
      "name" : "Drama"
    }, {
      "id" : 53,
      "name" : "Thriller"
    } ]
  }, {
    "id" : 70591,
    "title" : "For Love of Ivy",
    "overview" : "When it was released in 1968, For Love of Ivy was the first mainstream Hollywood film to depict a mature romantic relationship between a black man and woman. Sidney Poitier stars as Jack Parks, a trucking executive who runs an illegal travelling casino out of one of his vehicles. Abbey Lincoln co-stars as Ivy Moore, the much-valued maid of the white Austin household. To make sure that Ivy won't quit her job, Frank Austin (Carroll O'Connor) blackmails Poitier into romancing her. He eventually falls in love with Ivy for real, but not before she's discovered that he's little more than a \"hired hand\" in affairs of the heart. Beau Bridges costars as amiable hippie Tim Austin, the only truly likeable member of his snooty, upper-crust clan. Robert Alan Aurthur based his screenplay on an original story by star Sidney Poiter.",
    "genres" : [ {
      "id" : 35,
      "name" : "Comedy"
    }, {
      "id" : 18,
      "name" : "Drama"
    }, {
      "id" : 10749,
      "name" : "Romance"
    } ]
  }, {
    "id" : 70596,
    "title" : "Eric Johnson - Live from Austin, TX",
    "overview" : "Eric Johnson: Live From Austin, TX documents a 1988 performance the respected guitarist gave for the television series Austin City Limits.",
    "genres" : [ {
      "id" : 10402,
      "name" : "Music"
    } ]
  }, {
    "id" : 70601,
    "title" : "Mean Girls",
    "overview" : "With a big promotion dangling overhead, Jennifer (Kirsten Price) will do just about anything to get ahead. And with the help of her hilarious side kicks, they hatch a plan to take out the competition. But Veronika (Alektra Blue) isn't going down without a fight. It's a dog eat dog world out there and sometimes you get bitten.",
    "genres" : [ ]
  }, {
    "id" : 70606,
    "title" : "Whatever It Takes",
    "overview" : "When life takes a turn for the worse, Zoe (Tori Black) and her husband reach desperate times. Afraid of losing her home, Zoe seeks advice from her friend Amber (Stormy Daniels) who lets her in on a little secret: that she's an escort. Frantic, Zoe decides to try it... just once. Once turns into twice and soon it becomes a way of life. But when tragedy strikes, she's forced to come clean to her husband. Will it tear them apart? Sometimes when you do whatever it takes, you lose the very thing you were trying to save... In what could be one of Stormy Daniels most defining moments as a director, Whatever It Takes is a potent combination of hot sex, top rate acting performances and inspired vision.",
    "genres" : [ {
      "id" : 18,
      "name" : "Drama"
    } ]
  }, {
    "id" : 70611,
    "title" : "Janice M Vidal Fairy Concert",
    "overview" : "Gifted with an enchanting voice, popular Hong Kong singer Janice M. Vidal has given Canto-pop fans a string of hit songs and best-selling albums since her debut in 2005. She took to the Hong Kong Coliseum stage again in October 2010 with two sold-out solo concerts. The highly anticipated Fairy Concert features many of Janice's older smash hits as well as the new songs from her latest album Love Diaries, including duets with guest singers Aarif Lee and JW, and her performance of a Japanese song and some hot dance numbers. Filmed in Full HD, the concert recording captures the enthralling sights and sounds with 28 songs on Blu-ray.",
    "genres" : [ {
      "id" : 18,
      "name" : "Drama"
    }, {
      "id" : 28,
      "name" : "Action"
    }, {
      "id" : 53,
      "name" : "Thriller"
    }, {
      "id" : 10769,
      "name" : "Foreign"
    } ]
  }, {
    "id" : 70616,
    "title" : "Schoolgirl Report Part 7: What The Heart Must Thereby…",
    "overview" : "In Part 7, the filmmakers explore what’s lacking in modern German schoolgirls.",
    "genres" : [ {
      "id" : 35,
      "name" : "Comedy"
    }, {
      "id" : 18,
      "name" : "Drama"
    } ]
  }, {
    "id" : 70621,
    "title" : "The Wiggles Big Birthday!",
    "overview" : "The Wiggles are celebrating their 20th birthday and you get to join in with their biggest DVD release ever! The Wiggles: Big Birthday! includes: A collection of some of the best moments from the studio releases; live content from various tours; a 60 minute documentary on The Wiggles (featuring celebrities such as Simon Pegg); plus special features, including a music video with America's best-known weather man, Al Roker.",
    "genres" : [ {
      "id" : 10402,
      "name" : "Music"
    }, {
      "id" : 10751,
      "name" : "Family"
    } ]
  }, {
    "id" : 70626,
    "title" : "HalbZeit",
    "overview" : "",
    "genres" : [ {
      "id" : 99,
      "name" : "Documentary"
    } ]
  }, {
    "id" : 70631,
    "title" : "Polar",
    "overview" : "",
    "genres" : [ ]
  }, {
    "id" : 70636,
    "title" : "Ghost from the Machine",
    "overview" : "Wildly grief-stricken over the accidental death of his parents, young techno-geek Cody (Sasha Andreev) cobbles together an electrical device that he hopes will bring the spirits of mom and dad back from beyond the grave. But the machine's power and Cody's deepening obsession threaten the safety of his only remaining family: his younger brother, James (Max Hauser). Matt Osterman directs this ghostly sci-fi thriller that also stars Matthew Feeney.",
    "genres" : [ {
      "id" : 53,
      "name" : "Thriller"
    }, {
      "id" : 878,
      "name" : "Science Fiction"
    } ]
  }, {
    "id" : 70656,
    "title" : "Imagination",
    "overview" : "Dr. Reineger, a famous neuro-psychologist, has become convinced that a twin girl named Anna has a rare form of Autism called Asperger's Syndrome, rendering her unable to cope with reality. As for her blind sister, Sarah, the doctor cannot say for sure why her imaginary visions map so close to Anna's. At home, unable to face reality, their father leaves the family. To escape the pain, the girls sink deeper and deeper into their imagination. When a major earthquake takes their mother's life, Reineger gets more involved with helping the now-orphaned twins, while struggling with his realization that the girls seem to be capable of prophetic visions. The girls escape the doctor's institution and a subsequent search finds no trace of them. Have they transcended the physical realm? A mixture of live action, stop motion animation and other techniques makes this film a fantastic journey into the realm of imagination.",
    "genres" : [ {
      "id" : 14,
      "name" : "Fantasy"
    }, {
      "id" : 18,
      "name" : "Drama"
    }, {
      "id" : 878,
      "name" : "Science Fiction"
    } ]
  }, {
    "id" : 70661,
    "title" : "Old Hag",
    "overview" : "Work grows more interesting when a new crate containing the body of a famous serial killer arrives to be stored in the warehouse for the week. Strange things start to happen which eventually threaten the well-being of the night crew. The crew tries to explain the strange happenings by basing them on an old phenomenon called \"Old Hag.\"",
    "genres" : [ {
      "id" : 27,
      "name" : "Horror"
    } ]
  }, {
    "id" : 70666,
    "title" : "VIPs",
    "overview" : "A human look on the life of one of the biggest frauds in the world happened by important people in Brazil.",
    "genres" : [ {
      "id" : 18,
      "name" : "Drama"
    } ]
  }, {
    "id" : 70676,
    "title" : "Velvet High",
    "overview" : "High school cheerleader Velvet experiences sex with a rich kid, an athlete, a cowboy and even a female friend, but none of them truly pleases her. Can sexual harasser Piggy, the overweight gas station worker, actually be the one?",
    "genres" : [ ]
  }, {
    "id" : 70681,
    "title" : "The Bible Unearthed",
    "overview" : "THE BIBLE UNEARTHED is a four-part series based on the best-selling book The Bible Unearthed by Israel Finkelstein (Professor of Archaeology at Tel Aviv University) and Neil Silberman (Director of the Ename Centre for Public Archaeology and Heritage Presentation).",
    "genres" : [ {
      "id" : 99,
      "name" : "Documentary"
    } ]
  }, {
    "id" : 70686,
    "title" : "Liquid A$$ets",
    "overview" : "If you've got a penchant for classic porn then you have to take a gander at Liquid Assets. This cast of characters is beautiful and horny. These young whores want a piece of the American dream. Find out if they have what it takes to make it in the world of entertainment!",
    "genres" : [ {
      "id" : 35,
      "name" : "Comedy"
    } ]
  }, {
    "id" : 70691,
    "title" : "Mondo Strip",
    "overview" : "No overview found",
    "genres" : [ {
      "id" : 99,
      "name" : "Documentary"
    } ]
  }, {
    "id" : 70706,
    "title" : "Very Good Girls",
    "overview" : "Two New York City girls make a pact to lose their virginity during their first summer out of high school. When they both fall for the same street artist, the friends find their connection tested for the first time.",
    "genres" : [ {
      "id" : 18,
      "name" : "Drama"
    } ]
  }, {
    "id" : 70711,
    "title" : "Lord Don't Slow Me Down",
    "overview" : "Lord Don't Slow Me Down is a rockumentary film, looking back on British rock band Oasis' Don't Believe the Truth world tour which took place from May 2005 to March 2006.",
    "genres" : [ {
      "id" : 99,
      "name" : "Documentary"
    }, {
      "id" : 10402,
      "name" : "Music"
    } ]
  }, {
    "id" : 70716,
    "title" : "Mando Diao: The Malevolence",
    "overview" : "Bonus DVD to the 2009 Greatest Hits and B-Sides Release.",
    "genres" : [ ]
  }, {
    "id" : 70721,
    "title" : "En mor till salu",
    "overview" : "",
    "genres" : [ {
      "id" : 35,
      "name" : "Comedy"
    } ]
  }, {
    "id" : 70726,
    "title" : "Learning to Freefly - Transitions",
    "overview" : "The third in a series of six videos, created to help skydivers learn how to freefly in an easy to understand manner. This film is going to prepare you to fly in a head down position by executing transitions and drills to get familiar with the upside down visual orientation.",
    "genres" : [ ]
  }, {
    "id" : 70731,
    "title" : "Portraits deutscher Alkoholiker",
    "overview" : "The people at the centre of this film are lawyers, civil servants, housewives, managing directors and mothers. They are also alcoholics. In her documentary, Carolin Schmitz explores the protagonists’ stories and their strategies for survival: the little tricks they employ in order to try and get through their daily lives – lives which become increasingly difficult to manage the stronger the addiction becomes. Their fear of losing control and being exposed as a drinker create their need to conform, but the protagonists can only cope with this pressure by increasing their alcohol intake.",
    "genres" : [ {
      "id" : 99,
      "name" : "Documentary"
    } ]
  }, {
    "id" : 70736,
    "title" : "A Bird of the Air",
    "overview" : "A man in search of his past, and a woman who lives in the moment, are brought together when they pursue the origins of a stray parrot in this comedic and romantic drama.",
    "genres" : [ {
      "id" : 18,
      "name" : "Drama"
    }, {
      "id" : 10749,
      "name" : "Romance"
    } ]
  }, {
    "id" : 70741,
    "title" : "Last Light",
    "overview" : "Kiefer Sutherland plays Denver Bayliss, a condemned murderer who has killed three people, including a prison guard. He was brought into the system as a juvenile delinquent and never got out. Now he is awaiting execution. Forest Whitaker stars as Fred Whitmore, a death row prison guard who runs into trouble when he refuses to take part in the brutally abusive tactics of the guards. However, something about Denver haunts Fred Whitmore, and the two men form an unexpected friendship that transforms their lives.",
    "genres" : [ {
      "id" : 18,
      "name" : "Drama"
    }, {
      "id" : 53,
      "name" : "Thriller"
    } ]
  }, {
    "id" : 70746,
    "title" : "Dill Scallion",
    "overview" : "Dill Scallion is a school bus driver who dreams of becoming a famous country music singer. He sings from his heart and makes up his own dance, the \"Scallion Shuffle\". But fame is fickle and Dill falls from the spotlight faster than he rose to stardom - all in one summer. His hits include \"You Shared You\" and \"I found love at the Family Reunion.\" Sheryl Crow contributes an original score and Dill Scallion and the Dillionaires perform all songs in the movie. Star Studded cast. Hilarious and sly humor.",
    "genres" : [ ]
  }, {
    "id" : 70751,
    "title" : "Susan Tedeschi - Live from Austin, TX",
    "overview" : "Susan Tedeschi’s debut album earned her a prestigious Grammy nomination for Best New Artist in 2000 (she lost to Christina Aguilera!). She sounds like part Bonnie Raitt, part Janis Joplin, part Aretha Franklin, yet she can belt out a song without losing control in a way that gives her an edge that no other singer can compare to. Add to her vocal prowess, her guitar slinger skills and you have a rare combination in a contemporary female performer. Recorded in 2003, Tedeschi’s performance is the essence of what Austin City Limits is all about, drawing from the best of blues, rock, soul and funk. But what she does best comes from deep within her heart and soul.",
    "genres" : [ {
      "id" : 10402,
      "name" : "Music"
    } ]
  }, {
    "id" : 70756,
    "title" : "Swans",
    "overview" : "",
    "genres" : [ {
      "id" : 18,
      "name" : "Drama"
    } ]
  }, {
    "id" : 70761,
    "title" : "Brownian Movement",
    "overview" : "A psychiatrist's adulterous past continues to haunt her and her husband after they move to India.",
    "genres" : [ {
      "id" : 18,
      "name" : "Drama"
    }, {
      "id" : 10749,
      "name" : "Romance"
    } ]
  }, {
    "id" : 70766,
    "title" : "Girls in the Hood",
    "overview" : "Following a group of young street girls in Hong Kong, this is a very dark and graphic film that explores prostitution, drug abuse, sexual abuse, crime on the streets of Hong Kong, among other things...",
    "genres" : [ {
      "id" : 80,
      "name" : "Crime"
    }, {
      "id" : 18,
      "name" : "Drama"
    }, {
      "id" : 10769,
      "name" : "Foreign"
    } ]
  }, {
    "id" : 70776,
    "title" : "Help! My Girlfriend Is a Vampire",
    "overview" : "\"Tolong! Awek Aku Pontianak\" follows the naive yet kind Bob (Zahiril Adzim) who moves to a new apartment and falls in love with a peculiar woman named Maya (Sazzy Falak). Maya who lives with her sister (Liyana Jasmay), harbours a secret and other around her are beginning to suspect that she just might just be a vampire.",
    "genres" : [ {
      "id" : 35,
      "name" : "Comedy"
    }, {
      "id" : 27,
      "name" : "Horror"
    } ]
  }, {
    "id" : 70781,
    "title" : "Man in the Trunk",
    "overview" : "A beautiful and thoroughly modern young French women, Francoise, gets involved with an Israeli agent working in Libya. The agent is exposed and in order to save his life, he has to be smuggled out of the country in a trunk (\"valise\"). Francoise and the agent get through a lot of turbulent adventures, in the process of which the thoroughly liberated young woman also seduces a Libyan agent and an Egyptian officer, who also fall wildly in love with here.",
    "genres" : [ {
      "id" : 35,
      "name" : "Comedy"
    }, {
      "id" : 12,
      "name" : "Adventure"
    } ]
  }, {
    "id" : 70791,
    "title" : "K1 HERO's 3.1",
    "overview" : "Hero's 2005 in Seoul was a mixed martial arts event held by the Hero's promotion on November 5, 2005 at the Olympic Gymnasium 1 in Seoul, South Korea.It was the first event held by Hero's outside of Japan.",
    "genres" : [ ]
  }, {
    "id" : 70796,
    "title" : "K1 HERO's 3.2",
    "overview" : "Hero's Lithuania 2005 was a mixed martial arts event held by the Hero's promotion on November 26, 2005 at the Siemens Arena in Vilnius, Vilnius. This was the first event held by Hero's in Lithuania.",
    "genres" : [ ]
  }, {
    "id" : 70801,
    "title" : "Daddy-Long-Legs",
    "overview" : "Wealthy Jervis Pendleton acts as benefactor for orphan Judy Abbott, anonymously sponsoring her in her boarding school. But as she grows up, he finds himself falling in love with her, and she with him, though she does not know that the man she has fallen for is her benefactor.",
    "genres" : [ {
      "id" : 18,
      "name" : "Drama"
    }, {
      "id" : 35,
      "name" : "Comedy"
    } ]
  }, {
    "id" : 70806,
    "title" : "Blind Husbands",
    "overview" : "An Austrian military officer and roue' attempts to seduce the wife of a surgeon. The two men confront each other in a test of abilities that ends surprisingly.",
    "genres" : [ {
      "id" : 10749,
      "name" : "Romance"
    }, {
      "id" : 18,
      "name" : "Drama"
    } ]
  }, {
    "id" : 70811,
    "title" : "Hercules in the Maze of the Minotaur",
    "overview" : "Hercules has settled down with his wife and children, but misses the good old days traveling around having exciting adventures. Then one day he is persuaded out of his farming \"retirement\" to help a distant village which is being attacked by an unseen monster.  \"Hercules in the Maze of the Minotaur\" is the fifth out of five made for TV movies that spawned the series \"Hercules: The Legendary Journeys\".",
    "genres" : [ {
      "id" : 28,
      "name" : "Action"
    }, {
      "id" : 12,
      "name" : "Adventure"
    }, {
      "id" : 14,
      "name" : "Fantasy"
    }, {
      "id" : 10770,
      "name" : "TV Movie"
    } ]
  }, {
    "id" : 70816,
    "title" : "Posthumous Memories",
    "overview" : "Free adaptation of Machado de Assis' classic. The narrator is a rich dead man, who tells us about his life and times, making fun of both.",
    "genres" : [ {
      "id" : 18,
      "name" : "Drama"
    }, {
      "id" : 35,
      "name" : "Comedy"
    } ]
  }, {
    "id" : 70821,
    "title" : "Cyberbully",
    "overview" : "A woman tries to help her teenage daughter when she becomes the victim of online bullying.",
    "genres" : [ {
      "id" : 18,
      "name" : "Drama"
    } ]
  }, {
    "id" : 70826,
    "title" : "Bobby McFerrin - Live in Montreal",
    "overview" : "This is dvd is a full unedited concert held at a Jazz Festival in Montreal. It features mostly solo songs by Bobby McFerrin. In addition, there are some very talented guests (Jorane, Richard Bona and others) who improvize with McFerrin.",
    "genres" : [ {
      "id" : 10402,
      "name" : "Music"
    } ]
  } ]
}