{
  "movies" : [ {
    "id" : 197531,
    "title" : "A Film with No Name",
    "overview" : "The Kosovo region of Yugoslavia near the Albanian border is the scene of political unrest and a modern Romeo and Juliet romance in this satirical political drama. A film director (Meto Jovanovski) gathers information for his documentary about the Serbs being forced to depart by Albanian Moslems. As the region heads towards ethnic warfare, the young Albanian woman Nadira (Sonja Jacevska) falls in love with the Serbian Miloljub (Cedo Arobabic). He is captured and castrated, and the private lives of Milobjub and Nadira become part of the director's story in his film. He must answer to the financiers and producers who believe his film was to be a comedy. The events foreshadow a long and bloody conflict between two factions, a battle that has not abated in the ten years since this film's initial release.",
    "genres" : [ {
      "id" : 18,
      "name" : "Drama"
    } ]
  }, {
    "id" : 197566,
    "title" : "L'oreille d'un sourd",
    "overview" : "A philandering wife and a sleazy womanizing con-man team up to off a troublesome father-in-law in this acid-tinged French Canadian black comedy. Leon, the con-artist makes his living cheating Catholic bingo players by hosting bogus religious pilgrimages. He is involved with a woman, but that doesn't stop him from getting involved with the frustrated Sophie who hates living in a tiny apartment with her lazy husband, her ever-gloomy teenage daughter and her husband's demanding, self-centered father, Emile. Sophie is so desperate to escape and start a new life that she convinces Leon to help her kill Emile who allegedly has $150,000 tucked away. The murder is to occur during one of Leon's pilgrimages. He convinces his son Paolo, an ex-con, to assist. Despite their careful planning, nothing prepares the would-be killers for the surprising result.",
    "genres" : [ ]
  }, {
    "id" : 197576,
    "title" : "2012 Ateneo Blue Eagles: Drive For Five",
    "overview" : "Relive the journey of Coach Norman Black and the Ateneo Blue Eagles as they went from contender to 5-peat champions!  Featured in this rare 60-minute documentary are never before seen footage and interviews of the players and coaches that take you from the sanctuary of Moro Lorenzo Sports Center to their annual training camp in the US, to the locker rooms all the way to the hardcourts of the Arena stadium and the Araneta coliseum.  The  three-part documentary runs for a total of 50 minutes. Part One is titled, Learning to Fly and features the 2004-07 seasons. Part Two is titled, Flying High and focuses on Seasons 71-74. Part Three is titled, Last Flight is about Season 75 and The Drive for Five.",
    "genres" : [ {
      "id" : 99,
      "name" : "Documentary"
    } ]
  }, {
    "id" : 197581,
    "title" : "The Affair Blum",
    "overview" : "A Jewish manufacturer is accused of murder in this post-war German examination of Weimar-era anti-semitism.",
    "genres" : [ {
      "id" : 18,
      "name" : "Drama"
    }, {
      "id" : 36,
      "name" : "History"
    } ]
  }, {
    "id" : 197586,
    "title" : "Betrayal",
    "overview" : "A betrayed woman seeks revenge on the girl who left her in the hands of a chinese gangster in the city of Hong Kong.",
    "genres" : [ {
      "id" : 53,
      "name" : "Thriller"
    } ]
  }, {
    "id" : 197611,
    "title" : "Dragonfly",
    "overview" : "A man, recently released from a mental hospital, tries to track down his family.",
    "genres" : [ {
      "id" : 18,
      "name" : "Drama"
    } ]
  }, {
    "id" : 197616,
    "title" : "Agit Pop",
    "overview" : "AGIT POP, a French cultural magazine started a decade ago, is closing down due to severe financial problems. The ultimate closing times should be an occasion for joyous reunions among old friends, enemies and lovers around the completion of this special issue. This final day will become however a disaster on a Biblical scale.",
    "genres" : [ ]
  }, {
    "id" : 197621,
    "title" : "Ocean",
    "overview" : "Summer 79, holidays, Ocean. Jean, about 10 years old, realizes that his mother and father don't love each other anymore. Suddenly, the family is confronted with death. Jean discovers the ambivalence of life, its violence, human weakness, something like the end of childhood...",
    "genres" : [ ]
  }, {
    "id" : 197626,
    "title" : "Casualties",
    "overview" : "A woman tormented by an abusive, sadistic husband desperately tries to find her way out of her predicament. She discovers that she may have found the solution in her cooking class, she finds out that one of the men in her class is even more of a sadistic psycho than her husband, and she hatches a plan to get him to kill her husband.",
    "genres" : [ {
      "id" : 18,
      "name" : "Drama"
    }, {
      "id" : 53,
      "name" : "Thriller"
    } ]
  }, {
    "id" : 197631,
    "title" : "Strange Voices",
    "overview" : "A family begins to fall apart when they find out their eldest daughter, Nancy McKeon, is a victim of schizophrenia.",
    "genres" : [ ]
  }, {
    "id" : 197656,
    "title" : "Mama's Foot",
    "overview" : "Two low-life twins from South Central have two days to make $1,000 to save their mama's foot. The fun kicks in as the guys resort to everything from chili cook-offs to rappin' their way to riches in this outrageous comedy.",
    "genres" : [ ]
  }, {
    "id" : 197666,
    "title" : "Megadeth: [1992] Hammersmith Odeon",
    "overview" : "1.) Holy Wars  2.) Wake Up Dead  3.) Hangar 18  4) Lucretia  5.) Sweating Bullets  6.) In My Darkest Hour  7.) Tornado Of Souls  8.) Ashes In Your Mouth  9.) Peace Sells  10.) Anarchy In The UK",
    "genres" : [ ]
  }, {
    "id" : 197686,
    "title" : "Serena",
    "overview" : "Scotland Yard investigate when a woman, apparently the estranged wife of a London painter, is murdered with a shotgun in rural Surrey at the same time as the artist's striking model with her long black hair disappears.",
    "genres" : [ ]
  }, {
    "id" : 197691,
    "title" : "Ça glisse par les deux trous",
    "overview" : "",
    "genres" : [ ]
  }, {
    "id" : 197696,
    "title" : "Welcome to New York",
    "overview" : "Fiction inspired from the story of the rise and the fall of french politician and former head of the International Monetary Fund, Dominique Strauss-Kahn.",
    "genres" : [ {
      "id" : 18,
      "name" : "Drama"
    } ]
  }, {
    "id" : 197701,
    "title" : "Dusk to Dawn Drive-In Trash-O-Rama Show Vol. 1",
    "overview" : "Volume 1 from Something Weird Video. 75 Exploitation and Grindhouse Trailers in the first volume. Compiled by Mike Vraney.",
    "genres" : [ {
      "id" : 14,
      "name" : "Fantasy"
    }, {
      "id" : 878,
      "name" : "Science Fiction"
    }, {
      "id" : 27,
      "name" : "Horror"
    }, {
      "id" : 18,
      "name" : "Drama"
    }, {
      "id" : 28,
      "name" : "Action"
    }, {
      "id" : 12,
      "name" : "Adventure"
    } ]
  }, {
    "id" : 197711,
    "title" : "KanZeOn",
    "overview" : "An unusual documentary exploring sound. Unique elements of Japanese culture are revealed through ancient rituals and extraordinary musical spectacles. A young Buddhist priest whose family has been serving a temple for the past 500 years is also a DJ and beat-boxer. A drum teacher takes part in a costume performance of a 700-year-old ghost story. A female performer plays the Sho, a rare bamboo instrument that is believed to imitate the call of the mythical phoenix. The core ideas explaining the magical potential of sound that permeates all parts of the film are presented in the tradition of Shingon Buddhism. These beliefs are explored through following Buddhist chanting lessons for student priests at Shuchiin University in Kyoto.",
    "genres" : [ {
      "id" : 99,
      "name" : "Documentary"
    } ]
  }, {
    "id" : 197716,
    "title" : "A Conversation with Bill Farmer",
    "overview" : "A featurette on the \"Walt Disney Treasures - The Complete Goofy\" DVD.",
    "genres" : [ ]
  }, {
    "id" : 197721,
    "title" : "Studio Tour",
    "overview" : "A featurette on the \"A Trip Through the Walt Disney Studios\" DVD.",
    "genres" : [ ]
  }, {
    "id" : 197726,
    "title" : "Lon Chaney: A Thousand Faces",
    "overview" : "Lon Chaney, the silent movie star and makeup artist, renowned for his various characterizations and celebrated for his horror films, becomes the subject of this documentary..",
    "genres" : [ {
      "id" : 99,
      "name" : "Documentary"
    } ]
  }, {
    "id" : 197731,
    "title" : "Black Market Inline",
    "overview" : "Inline Movie.",
    "genres" : [ {
      "id" : 28,
      "name" : "Action"
    } ]
  }, {
    "id" : 197736,
    "title" : "Look at Me Again",
    "overview" : "Syllvio Luccio is a transsexual male being transformed in the middle of the Brazilian dry lands, a region of high temperatures, poverty and where male’s virility is extreme.",
    "genres" : [ {
      "id" : 99,
      "name" : "Documentary"
    } ]
  }, {
    "id" : 197746,
    "title" : "Invasion of the Bunny Snatchers",
    "overview" : "Daffy Duck, Yosemite Sam, and Elmer Fudd have all been captured, and badly animated pod-people versions have taken their places. Is Bugs next?",
    "genres" : [ ]
  }, {
    "id" : 197751,
    "title" : "Battery Film",
    "overview" : "The latest work in this anthology, Battery Film is an independent work that presents a unique look at New York City.  Seen through animated sequences that dissolve into actual photos from the city, the film makes the viewer see this large city in a different light.",
    "genres" : [ ]
  }, {
    "id" : 197756,
    "title" : "The Chocolate Chase",
    "overview" : "Speedy Gonzales is once again called to get past Daffy Duck when he denies the mice of Mexico chocolate bunnies for Easter.",
    "genres" : [ ]
  }, {
    "id" : 197766,
    "title" : "Bugs Bunny's Christmas Carol",
    "overview" : "Yosemite Sam is miserly Ebenezer Scrooge in this spoof of Charles Dickens' classic tale. Porky Pig, as Scrooge's clerk, Bob Cratchit, is fired on Christmas eve for the unpardonable act of using coal to keep warm. When Scrooge evicts Cratchit and his family from their modest dwelling, heroic Bugs Bunny decides to dress like a ghost and teach the hot-tempered miser a lesson on the meaning of Christmas.",
    "genres" : [ {
      "id" : 16,
      "name" : "Animation"
    }, {
      "id" : 35,
      "name" : "Comedy"
    } ]
  }, {
    "id" : 197771,
    "title" : "KRISTIAN VALEN - VALEN TV",
    "overview" : "Provides revisiting favorites from Valen TV - and those are a lot of: - Weatherman Geir who have a past as karaoke host and who even thinks he has great TV experience because he has applied for participation in Big Brother and The Farm for three consecutive years . - Jazz enthusiast Sigvart brambles with the popular program Jazz Corner, always making technical mistakes during live broadcast. - Talkshow Host Helge makes valiant attempts to interview celebrities as Magne Furuholmen, hangnail, Mia Gundersen, DDE and many more. - Kristian Valen is emerging as one of the best Norwegian imitators! He's stand-in for Tore Andre Flo, Morten Harket and numerous other famous people! The interpretation of classics from U2, Morten Harket, Chris Isaak and Jonas Fjeld leaves one question; Better than the original?",
    "genres" : [ ]
  }, {
    "id" : 197776,
    "title" : "Vasilyok",
    "overview" : "Animated Soviet propaganda cartoon by S. Aristakesov, about a boy who search for his grandfather who was MIA in WWII.",
    "genres" : [ ]
  }, {
    "id" : 197781,
    "title" : "Fritz Rasp erzählt",
    "overview" : "A talk with Fritz Rasp about his career.",
    "genres" : [ ]
  }, {
    "id" : 197786,
    "title" : "The Amorous Sisters",
    "overview" : "Comedy about some schoolgirls being taught anatomy (of the sexual nature) by the sexually frustrated Barbara Moose. In bed at nighttime the girls practice their daily lessons on each other and on any unsuspecting visitors of the night. When they're not in class they enjoy frolicking around outside (naked most of the time!) experiencing the joys of nature.",
    "genres" : [ {
      "id" : 35,
      "name" : "Comedy"
    } ]
  }, {
    "id" : 197796,
    "title" : "Beauty and the Beast",
    "overview" : "Beauty and the Beast is the adaptation of a story by Madame de Villeneuve. Published anonymously in 1740 as La Jeune Américaine et les contes marins, it paints a portrait of Belle, a joyful and touching young girl who falls in love with the Beast, a cursed creature in search of love and redemption. In 1760, a condensed children’s version was published. It was from this version that Jean Cocteau and then Walt Disney drew their famous adaptations. Overshadowed, the original version by Madame de Villeneuve has never been adapted for the screen... until now!",
    "genres" : [ {
      "id" : 14,
      "name" : "Fantasy"
    }, {
      "id" : 10749,
      "name" : "Romance"
    } ]
  }, {
    "id" : 197801,
    "title" : "The Jesse Owens Story",
    "overview" : "The Jesse Owens Story is a biographical film about the black athlete Jesse Owens. Dorian Harewood plays the Olympic gold-winning athlete. The drama won a 1985 Primetime Emmy Award and was nominated for two more.",
    "genres" : [ {
      "id" : 18,
      "name" : "Drama"
    }, {
      "id" : 36,
      "name" : "History"
    } ]
  }, {
    "id" : 197806,
    "title" : "God",
    "overview" : "Talking to the camera, Margaret tells us about her friendship with God. \"We talk every day,\" she explains. And at that moment, her phone rings, and it's God on the line. God's gossip is the best, Margaret tells us. Then, we see what happens to her when she and God have a falling out. Can they patch it up? Is she sane?",
    "genres" : [ {
      "id" : 35,
      "name" : "Comedy"
    } ]
  }, {
    "id" : 197816,
    "title" : "Demeking the Sea Monster",
    "overview" : "Slow paced monster movie from Japan where the monster is briefly shown",
    "genres" : [ ]
  }, {
    "id" : 197821,
    "title" : "Shadowed",
    "overview" : "A group of friends must survive a night in the wilderness after one of them is found stabbed to death. The dilemma is whether the killer is out in the woods, or is one of their own. The answer depends on unraveling the six month old mystery of their friend Sophia, who died suspiciously and whose killer was never found.",
    "genres" : [ {
      "id" : 9648,
      "name" : "Mystery"
    }, {
      "id" : 53,
      "name" : "Thriller"
    } ]
  }, {
    "id" : 197826,
    "title" : "Tlatelolco",
    "overview" : "Rather than focusing on the monuments and representational architecture of the Plaza, Tlatelolco concentrates on the neighboring residential high-rises. Built in the 1960s under the supervision of modernist Mario Pani, Unidad Habitacional Nonoalco-Tlatelolco is the largest apartment complex in Mexico City. Realized at the zenith of Mexico’s economic boom, Pani’s vision of a “vertical city” beyond class distinctions has itself been shaken up on multiple occasions. Schreiber and cameraman Johannes Hammel capture the fading of an urban architectural utopia.",
    "genres" : [ ]
  }, {
    "id" : 197831,
    "title" : "La fuerza de Babel",
    "overview" : "From personal experience in Brussels (where she lives), and travel through Catalonia, the UK and Israel, Anna explores the benefits of linguistic diversity and found that the interaction between language and politics is the main obstacle for multilingualism .",
    "genres" : [ ]
  }, {
    "id" : 197836,
    "title" : "Beauty and the Beast",
    "overview" : "Decameron-style collection of entertaining short stories with such diverse themes as nymphomania, bestiality, and masochism.",
    "genres" : [ {
      "id" : 18,
      "name" : "Drama"
    } ]
  }, {
    "id" : 197841,
    "title" : "Mi último Tango",
    "overview" : "A young woman working as a maid for a big time stage performer is mistaken for the star in Buenos Aires and becomes a great success in the land of the tango.",
    "genres" : [ {
      "id" : 18,
      "name" : "Drama"
    } ]
  }, {
    "id" : 197846,
    "title" : "Crying Freeman 1: Portrait of a Killer",
    "overview" : "Emu Hino, a 29-year-old virgin, witnesses a mob hit and fears that the killer will now find her and kill her. Indeed, he sets out to do so; he's Yo Hinomura, a talented potter and artist who's been conscripted against his will to be the prime hitman for the 108 Dragons, a gang within the Chinese Mafia, who are determined to push aside Tokyo's local crime lords. He breaks into her house, and she asks that he make love to her before he kills her; she connects to his inner self, and he becomes her protector. Now he must defend her against the local crime gang, who have connections with corrupt Tokyo police. Will Yo and Emu make it out alive, and will the 108 Dragons triumph?",
    "genres" : [ {
      "id" : 16,
      "name" : "Animation"
    } ]
  }, {
    "id" : 197866,
    "title" : "A Fistful Of Film",
    "overview" : "Ek Mutho Chabi is a Bengali feature-film released in September 2005. As the name suggests, the movie does not tell one continuous story over 90 minutes; rather it's a compilation of six different stories combined together, all of around 20–25 minutes duration. All directed by different directors. The movie is a kind of experiment with short stories after success of telefilm industry.Argyakamal Mitra’s Janmodin, Partha Sen’s Pakshiraj, Indranil Roychowdhury’s Tapan Babu, Prabhat Roy’s Ragun Babur Galpo, Anjan Dutt’s Tarpor Bhalobasha and Kaushik Ganguly’s ProgressReport make up the package of six.",
    "genres" : [ ]
  }, {
    "id" : 197871,
    "title" : "Peggio per me... meglio per te",
    "overview" : "",
    "genres" : [ ]
  }, {
    "id" : 197876,
    "title" : "Besser als Schule",
    "overview" : "",
    "genres" : [ {
      "id" : 35,
      "name" : "Comedy"
    }, {
      "id" : 10749,
      "name" : "Romance"
    } ]
  }, {
    "id" : 197891,
    "title" : "Nirvana: In Utero",
    "overview" : "By 1993, Nirvana was in a state of disarray. Having kick-started the grunge phenomenon two years earlier, the band were now keen to return to their roots.",
    "genres" : [ ]
  }, {
    "id" : 197911,
    "title" : "La cosa buffa",
    "overview" : "",
    "genres" : [ ]
  }, {
    "id" : 197916,
    "title" : "A Lone Scalpel",
    "overview" : "Dr Toma, a skilled surgeon, starts work at a regional hospital in Japan. After performing an operation to remove a patient’s liver cancer, something that normally would not be done at this hospital, he quickly gains a very good reputation amongst the town’s people. Some of his colleagues become so jealous they are resentful and waiting patiently for the perfect opportunity to crucify him. Soon they get their chance as Dr Toma considers performing a controversial operation…",
    "genres" : [ {
      "id" : 18,
      "name" : "Drama"
    } ]
  }, {
    "id" : 197921,
    "title" : "Night of the Bear",
    "overview" : "The harmonious life of a woman living in nature is disrupted by the arrival of a hunter.",
    "genres" : [ ]
  }, {
    "id" : 197926,
    "title" : "Sincerely Yours",
    "overview" : "He dazzled America for decades with his musical artistry. Now fans as well as those curious about this exciting entertainer’s unique appeal can relive the Liberace magic in his only starring film, Sincerely Yours. In a poignant story scripted by Irving Wallace, Liberace plays a concert pianist threatened by deafness. Plunged into despair, he finds escape from personal sorrow by secretly involving himself in the problems of strangers. Liberace touches the heart and delights the ear with sparkling renditions of 31 selections from Chopin to Chopsticks. Along the way he romances Joanne Dru and Dorothy Malone, trades barbs with old pro William Demarest and in a warmly humorous nightclub scene, pokes fun at his own image as the 1950s matinee idol of the little-old-lady set. From beginning to end, Sincerely Yours perfectly captures the charisma and sheer musicality of the legendary Mr. Showmanship.",
    "genres" : [ {
      "id" : 18,
      "name" : "Drama"
    } ]
  }, {
    "id" : 197931,
    "title" : "Heidi in the Mountains",
    "overview" : "",
    "genres" : [ {
      "id" : 16,
      "name" : "Animation"
    }, {
      "id" : 10751,
      "name" : "Family"
    } ]
  }, {
    "id" : 197936,
    "title" : "Bright Days Ahead",
    "overview" : "Bright days ahead? Caroline has retired, at last. A new life lies before her: time to take care of her children, her husband, and, most of all, herself. However, she soon comes to realize that this new freedom is synonymous with boredom and idleness. Especially when she receives a membership to her neighborhood’s senior club as a birthday present… Reluctant at first, she nevertheless decides to take the plunge. Oddly enough, she meets great people there, starting with the young computer science teacher, who is far from insensitive to her charms. Caroline gradually takes control of her life again and lives a second youth: taking a new lover, living new experiences, breaking the rules, not doing what’s expected of her… Who said that retirement was the beginning of the end and not a new beginning?",
    "genres" : [ {
      "id" : 18,
      "name" : "Drama"
    }, {
      "id" : 10749,
      "name" : "Romance"
    } ]
  }, {
    "id" : 197946,
    "title" : "What's in the Bible: Words to Make Us Wise",
    "overview" : "Volume 8: Words to Make Us Wise will take your family through the books of Job, Psalms, Proverbs, Ecclesiastes and Song of Solomon. You'll hear the story of Job and his faithfulness and learn all about the wisdom David and Solomon share in the Psalms and Proverbs. A quick trip through Ecclesiastes will teach you to trust God in the midst of everyday trials, and then Sunday School Lady will explain the \"mushy\" book - Song of Solomon - and how it demonstrates God's love for us. Memorable songs and great entertainment from VeggieTales creator Phil Vischer.",
    "genres" : [ ]
  }, {
    "id" : 197956,
    "title" : "Tattoo",
    "overview" : "A well-off couple adopt a 16-year-old boy from an orphanage in West Berlin, but their attempts to help him assimilate into his new surroundings fail. The repressive tolerance of the well-educated adoptive parents is just too much for the mischievous young boy: he shoots the father.",
    "genres" : [ {
      "id" : 18,
      "name" : "Drama"
    } ]
  }, {
    "id" : 197971,
    "title" : "Silvester: Het Recht Van De Sterkste",
    "overview" : "",
    "genres" : [ {
      "id" : 35,
      "name" : "Comedy"
    } ]
  }, {
    "id" : 197976,
    "title" : "Miracle",
    "overview" : "When plain orphan Elsa (Nora Aunor) begins having visions of the Virgin Mary, the rest of the residents of her isolated village find themselves questioning their own beliefs and values. Soon, Elsa is healing people with a variety of ailments. As word of this phenomenon spreads, tourists, pilgrims, patients and a documentary filmmaker all arrive on a quest to partake in the miracle. This drama from the Philippines is based on real events.",
    "genres" : [ {
      "id" : 18,
      "name" : "Drama"
    } ]
  }, {
    "id" : 197991,
    "title" : "What's in the Bible: Spreading the Good News!",
    "overview" : "Host Buck Denver and his friends make understanding the Bible easy as they send your family on a journey through the book of Acts - starting with Pentecost, following Jesus' disciples as they spread the Good News through the world, and watching the conversion and ministry of Saul - in What's in the Bible? Volume 11: Spreading the Good News. We know the stories of Moses, Noah, David and Jesus, but in this groundbreaking series, we learn how they all fit together to tell one big, redemptive story.",
    "genres" : [ ]
  }, {
    "id" : 198001,
    "title" : "Bernice Bobs Her Hair",
    "overview" : "Bernice, a shy young woman, leaves her safe home to go visit her flapper cousin. When her cousin tries to teach Bernice how to be much more modern, Bernice gives her much more than she bargained for. - imdb",
    "genres" : [ ]
  }, {
    "id" : 198011,
    "title" : "Mama, I'm Alive",
    "overview" : "Mama, I'm Alive (German: Mama, ich lebe) is a 1977 East German film directed by Konrad Wolf. It was chosen as East Germany's official submission to the 50th Academy Awards for Best Foreign Language Film, but did not manage to receive a nomination. It was also entered into the 27th Berlin International Film Festival.",
    "genres" : [ {
      "id" : 12,
      "name" : "Adventure"
    }, {
      "id" : 18,
      "name" : "Drama"
    }, {
      "id" : 10752,
      "name" : "War"
    } ]
  }, {
    "id" : 198036,
    "title" : "The Ant Trail",
    "overview" : "Set within a Viennese apartment block, this affectionate Austrian comedy makes fun of the strange habits of the famed city's residents. The building is located in a middle-class area and has residents from many age groups and walks of life. Many of the tenants are much older, but there are also a few children about. In one apartment lives a large group of Polish construction workers, while a Yugoslavian woman and her huge family attempt to survive in their tiny flat. The episodic story of the lives of these and other tenants is framed by a visit from a civil servant from the Office of Statistics.",
    "genres" : [ {
      "id" : 35,
      "name" : "Comedy"
    }, {
      "id" : 18,
      "name" : "Drama"
    } ]
  }, {
    "id" : 198041,
    "title" : "The Shadows Grow Longer",
    "overview" : "The Shadows Grow Longer (German: Die Schatten werden länger) is a 1961 Swiss drama film directed by Ladislao Vajda. The film was selected as the Swiss entry for the Best Foreign Language Film at the 34th Academy Awards, but was not nominated.",
    "genres" : [ {
      "id" : 18,
      "name" : "Drama"
    } ]
  }, {
    "id" : 198061,
    "title" : "EliteXC: Street Certified",
    "overview" : "EliteXC: Street Certified was a mixed martial arts event promoted by EliteXC scheduled to take place on Saturday, February 16, 2008 at the BankUnited Center in Miami, Florida. The main card aired live on Showtime at 10p.m. EST. The main event featured the return of Kevin \"Kimbo Slice\" Ferguson as he took on UFC veteran David \"Tank\" Abbott, a match originally scheduled for October 2007 in Cage Fury Fighting Championships.",
    "genres" : [ ]
  }, {
    "id" : 198071,
    "title" : "Jack White with the Montrealers",
    "overview" : "Jack White &amp; The Montrealers playing a few tunes.....",
    "genres" : [ ]
  }, {
    "id" : 198086,
    "title" : "Bakers Dirty Dozen",
    "overview" : "Jean-Yves Le Castel interviews Debbie van Gils for a job behind the counter at a pastry shop. He uses a very thin excuse to get her to strip and has sex with her. Meanwhile his wife, Elodie Cherie, is cheating on him with Eric Weiss. Then Tom O'Connors, the baker, has sex with Barbie Est in the back.  This continues until everyone has screwed everyone at the bakery. Finally Elodie is caught cheating and ends up taking both her husbands and her lovers cock at once in a DP scene.",
    "genres" : [ ]
  }, {
    "id" : 198096,
    "title" : "Jon Lord with The Hoochie Coochie Men: Live at the Basement",
    "overview" : "The Hoochie Coochie Men are: Jon Lord: Keyboards Bob Daisley: Bass Tim Gaze: Guitar &amp; Vocals Rob Grosser: Drums Jim Conway: Harmonica Special Guest: Jimmy Barnes",
    "genres" : [ {
      "id" : 10402,
      "name" : "Music"
    } ]
  }, {
    "id" : 198101,
    "title" : "Vorzimmer zur Hölle - Streng geheim!",
    "overview" : "",
    "genres" : [ {
      "id" : 10749,
      "name" : "Romance"
    } ]
  }, {
    "id" : 198126,
    "title" : "The Sheriff Won't Shoot",
    "overview" : "Sheriff Won't Shoot",
    "genres" : [ {
      "id" : 37,
      "name" : "Western"
    } ]
  }, {
    "id" : 198141,
    "title" : "Avec nos yeux",
    "overview" : "",
    "genres" : [ {
      "id" : 99,
      "name" : "Documentary"
    } ]
  }, {
    "id" : 198146,
    "title" : "Upperworld",
    "overview" : "A railroad tycoon, disillusioned with his marriage (his wife has no time for him - she's too busy giving parties and sailing on yachts), starts seeing a showgirl. Things go agreeably until the girl's manager, seeing his chance to make some big money, decides to blackmail the millionaire.",
    "genres" : [ {
      "id" : 80,
      "name" : "Crime"
    }, {
      "id" : 18,
      "name" : "Drama"
    } ]
  }, {
    "id" : 198156,
    "title" : "Jack's Big Tit Show 5",
    "overview" : "Jack is really busy casting for music videos and now he’s on the hunt for big, beautiful boobies. They bounce, and they shake. There’s more than a mouthful, more than a handful – plenty of big boobies bursting out of their bras. We don’t know what band is going to use the footage on MTV but we guarantee that all the bands are going to use the footage for some-thing! Forget professional… this volume is all about big, hot, bouncing boobs! It’s hot and kinky and Jack’s found a new niche. Enjoy it!",
    "genres" : [ ]
  }, {
    "id" : 198166,
    "title" : "Strong Black Woman",
    "overview" : "Veronica, a 27-year-old black woman, runs her house very well. Veronica has a college degree in corporate law and works for a popular firm. Darnell is a freelance photographer. A series of moments changes the course of the marriage. Veronica has choices to make as she decides whether she wants to continue on the path she's on in her marriage or learn to become a stronger woman.",
    "genres" : [ {
      "id" : 18,
      "name" : "Drama"
    } ]
  }, {
    "id" : 198171,
    "title" : "Mahoney's Last Stand",
    "overview" : "\"A truly remarkable performance!\" - Charlie Chaplin  In this rare and virtually unseen film we follow the exploits of Leroy Mahoney (Alexis Kanner) as he settles in the country leaving behind a wayward life to work his land. With plot only provided as subtext, the simple story is a dramatization of a man and his resolve to live a quite honest life farming. Mahoney’s Last Stand has only appeared on Canadian TV and in particular remains neglected, forgotten even, with no release even on VHS.",
    "genres" : [ {
      "id" : 35,
      "name" : "Comedy"
    }, {
      "id" : 18,
      "name" : "Drama"
    } ]
  }, {
    "id" : 198176,
    "title" : "Broadway Babies",
    "overview" : "Dee lives with her two girlfriends in a boarding house. Billy is in love with Dee and runs the show where Dee is in the chorus. He has Dee stepping from the chorus to featured dancer. Gessant is a importer and gambler from Detroit. A gang is trying to keep him in town to fleece him and they use Dee as bait. He is introduced to Dee after her show and she and her friends go out with Gessant and his gambling buddies only because Dee is mad at Billy. Gessant helps her get another job as headliner at the New Moon Club. Billy and Dee break up over this job and Gessant falls for Dee. But Billy still loves Dee and Gessant loves Dee and Dee must choose who she wants.",
    "genres" : [ {
      "id" : 18,
      "name" : "Drama"
    }, {
      "id" : 10402,
      "name" : "Music"
    } ]
  }, {
    "id" : 198181,
    "title" : "Stygian",
    "overview" : "Jamie and Melinda, a young couple find themselves trapped in another world known as Exile. Jamie must seek out Melinda in this new world.",
    "genres" : [ {
      "id" : 27,
      "name" : "Horror"
    } ]
  }, {
    "id" : 198196,
    "title" : "Sex Kitten Wants It On Film",
    "overview" : "Sex kitten Cadence Lux sucks dick in the backyard and get's fucked inside the house.",
    "genres" : [ ]
  }, {
    "id" : 198211,
    "title" : "Triumph of the Wall",
    "overview" : "\"A filmed chronicle about the construction of a 1000-foot dry-stone wall by a novice stonemason in rural Quebec. The stonemason, Chris Overing, is to complete the stone structure within eight weeks; the filmmaker, Bill Stone plans the film as a straightforward telling of this laborious yet creative task. But after Overing realizes he has woefully underestimated the time and energy required to construct the wall, both projects evolve into something altogether different.\" - by First Run Features",
    "genres" : [ {
      "id" : 99,
      "name" : "Documentary"
    } ]
  }, {
    "id" : 198221,
    "title" : "King Solomon's Treasure",
    "overview" : "Three adventurers lead an expedition into darkest Africa in search of the treasure of King Solomon, and on the way encounter hostile natives, volcanoes, dinosaurs and a lost Phoenician city ruled by a beautiful queen.  The effects are so-so the story is dull",
    "genres" : [ ]
  }, {
    "id" : 198226,
    "title" : "Boyy Friennd",
    "overview" : "Home Minister Nateshan tries to molest Nandini the government servant, who files a criminal case against him (a throw-back on the Neelalohidadasan vs. Nalini Netto case?). In the mean time her son Manikuttan becomes the college champion and is scheduled to receive the trophy from the Chief Minister. As chance would have it, it is the Home Minister who turns up to give away the trophy. In the course of his speech he insults Nandini. Provoked by his words, Manikuttan assaults the minister and is arrested, but cannot be traced after that",
    "genres" : [ {
      "id" : 10749,
      "name" : "Romance"
    }, {
      "id" : 53,
      "name" : "Thriller"
    }, {
      "id" : 35,
      "name" : "Comedy"
    } ]
  }, {
    "id" : 198236,
    "title" : "Calcutta News",
    "overview" : "Calcutta News (2008) is a Malayalam romantic drama film written and directed by Blessy. The film stars Dileep, Meera Jasmine, Indrajith and Vimala Raman. The music is by Debojyoti Mishra. The film deals with the issue of trafficking in women and how a middle-class girl from Kerala gets caught in it. It showcased Blessy's yet another different genre film and successfully provided Dileep a different character unlike his usual comic",
    "genres" : [ {
      "id" : 10749,
      "name" : "Romance"
    }, {
      "id" : 18,
      "name" : "Drama"
    } ]
  }, {
    "id" : 198241,
    "title" : "Shlomo Artzi & Shalom Hanoch in Caesarea",
    "overview" : "",
    "genres" : [ ]
  }, {
    "id" : 198246,
    "title" : "Alias Akhenaton",
    "overview" : "",
    "genres" : [ {
      "id" : 99,
      "name" : "Documentary"
    } ]
  }, {
    "id" : 198251,
    "title" : "Honeymooner",
    "overview" : "Yearning to be married Fran Goldman is forced to reassess his strategy of love after being dumped by his fiancée four weeks before the wedding.",
    "genres" : [ ]
  }, {
    "id" : 198256,
    "title" : "China Town",
    "overview" : "Three childhood friends Mathukutty (Mohanlal), Binoy (Dileep) and Zachariah (Jayaram) re-unite in Goa to fight a Casino don who was responsible for the deaths of their fathers.",
    "genres" : [ {
      "id" : 28,
      "name" : "Action"
    }, {
      "id" : 35,
      "name" : "Comedy"
    } ]
  }, {
    "id" : 198261,
    "title" : "The Cut Killer Show",
    "overview" : "",
    "genres" : [ {
      "id" : 99,
      "name" : "Documentary"
    } ]
  }, {
    "id" : 198281,
    "title" : "Sbamm!",
    "overview" : "Pallone is not very good at keeping jobs as in ten days he managed to get fired seven times .His big dream is to direct a large symphony orchestra and, as chance would have it, he has a girlfriend who is the daughter of a famous record producer. Could this fact help him to achieve his dream ?",
    "genres" : [ {
      "id" : 35,
      "name" : "Comedy"
    } ]
  }, {
    "id" : 198296,
    "title" : "Call of Duty: Mason's Way",
    "overview" : "",
    "genres" : [ {
      "id" : 28,
      "name" : "Action"
    }, {
      "id" : 12,
      "name" : "Adventure"
    } ]
  }, {
    "id" : 198301,
    "title" : "Simone e Matteo: un gioco da ragazzi",
    "overview" : "Toby and Butch are a couple of bumbling crooks who get a truck driving job hauling insecticide from Italy to France. Unbeknownst to the clueless duo, they're really smuggling guns. A group of equally inept mobsters try to steal the guns to no avail.",
    "genres" : [ {
      "id" : 35,
      "name" : "Comedy"
    } ]
  }, {
    "id" : 198306,
    "title" : "Ricky Gervais Live: Animals",
    "overview" : "Ricky Gervais entertains a live audience in his first stand-up routine.",
    "genres" : [ {
      "id" : 35,
      "name" : "Comedy"
    } ]
  }, {
    "id" : 198311,
    "title" : "Mademoiselle de Maupin",
    "overview" : "Mademoiselle de Maupin escapes from her uncle's castle, invaded by Hungarian troops, under the guise of a clergyman named Theodore. An army recruiter forces Theodore to enlist in the King's army, and not even the religious robe is an insurance against it. Theodore is assigned to be aide-de-camp to Alcibiade, a man as virile in combat, as he seems troubled for the figure of his aid. D'Albert, an aristocrat, will expose Theodore's true sex, and after a number of confusing, comedy situations, Alcibiade will appease his troubled feelings.",
    "genres" : [ {
      "id" : 12,
      "name" : "Adventure"
    }, {
      "id" : 10749,
      "name" : "Romance"
    } ]
  }, {
    "id" : 198316,
    "title" : "Jérusalem, le saint sépulcre",
    "overview" : "The Holy Sepulcher in Jerusalem.",
    "genres" : [ {
      "id" : 99,
      "name" : "Documentary"
    } ]
  }, {
    "id" : 198326,
    "title" : "Sons of Trinity",
    "overview" : "The Trinity legend continues when the sons of Trinity and Bambino head out on the road to continue the legendary hijinks of their fathers.",
    "genres" : [ ]
  }, {
    "id" : 198331,
    "title" : "Shania Twain: Up! Close & Personal",
    "overview" : "In the spirit and set up of Elvis' 1968 concert special, Shania Twain's UP! CLOSE AND PERSONAL performance was filmed in front of an intimate audience that later aired as a NBC concert event special.  This unique and magical concert experience containes over 60 minutes of footage including performances of some of Shania's biggest hits and an interpretaation of the AC/DC classic \"You Shook Me All Night Long,\" all accompanied by friends and multi-Grammy award winning Alison Krauss and Union Station.  Track listing: 1.  I'm Gonna Getcha Good!  / 2.  Ain't No Particular Way  / 3.  From This Moment On  / 4.  Whose Bed Have Your Boots Been under?  / 5.  I Ain't Goin' Down  / 6.  Up!  / 7.  You're Still The One  / 8.  I'm Holdin' On To Love (To Save My Life)  / 9.  She's Not Just A Pretty Face  / 10.  Forever And For Always  / 11.  In My Car (I'll Be The Driver)  / 12.  You Shook Me All Night Long",
    "genres" : [ {
      "id" : 10402,
      "name" : "Music"
    } ]
  }, {
    "id" : 198341,
    "title" : "In the Hive",
    "overview" : "Sixteen-year-old Xtra Keys hopes to raise his son better than his boozy, razor-edged mother raised him, and he just might get his wish when he's thrust into an unorthodox alternative school full of underprivileged boys.",
    "genres" : [ {
      "id" : 18,
      "name" : "Drama"
    } ]
  }, {
    "id" : 198351,
    "title" : "Chattambinadu",
    "overview" : "The movie tells the story of a village called Chembattunadu in Chamarajanagar District on the borders of Karnataka, Kerala and Tamil Nadu, which is popular as Chattambinadu for the presence of several goons and hooligans. According to Vadival Vasu (Janardanan), it was the severe animosity between Mallanchira and Kattappilly families that has caused the arrival of several goons to the land, including him, which made Chattambinadu notorious. The film begins with Mallanchira Chandramohan's(Manoj K. Jayan) plan to sell off his mansion, to pay up his heavy debts.",
    "genres" : [ {
      "id" : 35,
      "name" : "Comedy"
    } ]
  }, {
    "id" : 198361,
    "title" : "Ouvriers réparant un trottoir en bitume",
    "overview" : "Workmen fix a walkway with bitumen.",
    "genres" : [ {
      "id" : 99,
      "name" : "Documentary"
    } ]
  }, {
    "id" : 198371,
    "title" : "The Backdancers!",
    "overview" : "Four back-up dancers try to go on without their star singer, Juli, who suddenly abandons her career for marriage.",
    "genres" : [ ]
  }, {
    "id" : 198391,
    "title" : "Ricky Gervais Live 4: Science",
    "overview" : "Ricky Gervais Live IV Science or the way things worked before we invented God. The hilarious fourth live smash hit stand up show from Ricky Gervais, following his complete sell out tour - filmed live at London's Hammersmith HMV Apollo",
    "genres" : [ {
      "id" : 35,
      "name" : "Comedy"
    } ]
  }, {
    "id" : 198401,
    "title" : "Ай-ай-ай!",
    "overview" : "",
    "genres" : [ {
      "id" : 16,
      "name" : "Animation"
    } ]
  }, {
    "id" : 198411,
    "title" : "Дикие лебеди",
    "overview" : "",
    "genres" : [ {
      "id" : 16,
      "name" : "Animation"
    } ]
  }, {
    "id" : 198426,
    "title" : "Tales of Kish",
    "overview" : "Ghesse Haye Kish was originally produced as a six-episode omnibus film with finances from investors on the Island of Kish in the Persian Gulf, which is a free zone belonging to Iran. All episodes take place on the abandoned island, which had profited from the passing ships between Asia and Europe in ancient times, and they are all about solitude.These three episodes were shown in competition at the 52nd Cannes Film Festival in 1999.",
    "genres" : [ ]
  }, {
    "id" : 198431,
    "title" : "Sharaku",
    "overview" : "The ukiyo-e (woodblock print) artist Sharaku is an enigmatic puzzle in the world of Japanese art. Working at an age when such masters of the trade as Hokusai and Utamaro were at their zenith, Sharaku suddenly emerged out of obscurity and produced roughly 140 strikingly brilliant portraits of Kabuki performers, only to disappear just as suddenly. To date, no one knows about his true identity or about his post-ukiyo-e career. Veteran director Masahiro Shinoda tries to fill in the blanks with this lavish period production. Set in the 1790s, the film centers on Tombo (Hiroyuki Sanada), a lowly Kabuki player who gets dumped from his troupe after breaking his foot. He joins a ragged traveling outfit run by former courtesan Okan. While not on-stage, he takes up drawing, for which he realizes he has considerable ability. His talents are noticed by Tsutaya Juzaburo, a ukiyo-e publisher who is desperate for a replacement after his star artist Utamaro defected to his rival's stable.",
    "genres" : [ {
      "id" : 10769,
      "name" : "Foreign"
    }, {
      "id" : 18,
      "name" : "Drama"
    }, {
      "id" : 36,
      "name" : "History"
    } ]
  }, {
    "id" : 198436,
    "title" : "Antboy",
    "overview" : "12-year-old Pelle accidentally gets bitten by an ant and develops unimaginable superpowers. With help from his friend, comic book nerd Wilhelm, Pelle creates a secret identity as the superhero Antboy. Slowly things start to happen in the surburban community, and when a scary and crazy supervillain, Flea, enters the scene, Antboy must step up to the challenge.  The first Danish superhero-movie. Based on the books by Kenneth Bøgh Andersen.",
    "genres" : [ {
      "id" : 35,
      "name" : "Comedy"
    }, {
      "id" : 12,
      "name" : "Adventure"
    }, {
      "id" : 10751,
      "name" : "Family"
    } ]
  } ]
}