{
  "movies" : [ {
    "id" : 144781,
    "title" : "UFO: Misdemeanor Tour",
    "overview" : "This 1985 show from the British rock band UFO captures the group tearing through a number of songs from their catalogue including \"Heaven's Gate,\" \"Only You Can Rock Me,\" and \"Doctor Doctor.\"",
    "genres" : [ ]
  }, {
    "id" : 144786,
    "title" : "Jorge Cervantes Ultimate Grow 3",
    "overview" : "Bonus DVD released in a 3 disc set",
    "genres" : [ ]
  }, {
    "id" : 144811,
    "title" : "A Bronx Morning",
    "overview" : "Arrival in the Bronx is shown with a view from an elevated train as it enters the city. Then follows a montage of sights from the Bronx. Many typical neighborhood activities are shown, along with scenes from many local businesses.",
    "genres" : [ {
      "id" : 99,
      "name" : "Documentary"
    } ]
  }, {
    "id" : 144816,
    "title" : "Driftwood",
    "overview" : "When Sarah walks alone along the desolate beach one day she find an unconscious man, who has been brought to land by the waves. When he awakens he doesn't remember anything. He has no name and no past. His dependence lies on Sarah. A role that makes her forget her loneliness and she decides to therefore lie about their situation... She says that they are situated on an island, where no one can reach them. From now, his life lies in her hands.",
    "genres" : [ {
      "id" : 18,
      "name" : "Drama"
    }, {
      "id" : 10769,
      "name" : "Foreign"
    }, {
      "id" : 10749,
      "name" : "Romance"
    }, {
      "id" : 53,
      "name" : "Thriller"
    } ]
  }, {
    "id" : 144841,
    "title" : "Dragon Killer",
    "overview" : "A boat load of illegal Chinese immigrants make it to the California coast. But many of those on board are in a sad state. One of them (Tony Liu) makes a run for it and jumps overboard. He knows what lies ahead for the unlucky few who have manged to survive. The illegal heads for the city to look for a certain individual. Simon Yam stars (in a low key role) as a former triad who's trying to go legit (for some shady ulterior motives. The illegal knows what Simon is all about and wants him in a big way.",
    "genres" : [ {
      "id" : 28,
      "name" : "Action"
    } ]
  }, {
    "id" : 144851,
    "title" : "Cumming From Behind",
    "overview" : "13 beautiful lesbian babes are here for an anal encounter they will never forget! Watch them satisfy their sexual urges by any means necessary. Witness the beauty of an anal orgasm unfold right before your eyes! Experience a place where anal orgasms are extraordinary and plentiful. These girls are about to play out their deepest desires of anal sex, and they're cumming from behind!",
    "genres" : [ ]
  }, {
    "id" : 144856,
    "title" : "The Sybian Scam",
    "overview" : "So, here's the plan: You put an ad out for 'testers' for a new Thigh-and-Butt Toner machine. You hire the hot ones. As they test our this prototype 'exercise' machine, you hope they get hot and horny and see how far they will go as the Sybian Machine turns them on and on and on. Of all the set-ups, we chose the best five for this special DVD!",
    "genres" : [ ]
  }, {
    "id" : 144861,
    "title" : "Put It In Her Ass 3",
    "overview" : "These girls are begging for a lancing in the rear! 110% ANAL!  This is the only Deborah Black video. Adult stars also making their debut in this video: Camile Campos, Roge Ferro.",
    "genres" : [ ]
  }, {
    "id" : 144881,
    "title" : "Monkey Warfare",
    "overview" : "Two ex-revolutionaries living underground have their lives turned upside down by a sexy young radical who goes from smashing SUVs to fighting gentrification with firebombs.",
    "genres" : [ {
      "id" : 35,
      "name" : "Comedy"
    }, {
      "id" : 18,
      "name" : "Drama"
    } ]
  }, {
    "id" : 144886,
    "title" : "Schwechater",
    "overview" : "In 1957, Peter Kubelka was hired to make a short commercial for Schwechater beer. The beer company undoubtedly thought they were commissioning a film that would help them sell their beers; Kubelka had other ideas. He shot his film with a camera that did not even have a viewer, simply pointing it in the general direction of the action. He then took many months to edit his footage, while the company fumed and demanded a finished product. Finally he submitted a film, 90 seconds long, that featured extremely rapid cutting (cutting at the limits of most viewers' perception) between images washed out almost to the point of abstraction — in black-and-white positive and negative and with red tint — of dimly visible people drinking beer and of the froth of beer seen in a fully abstract pattern.",
    "genres" : [ ]
  }, {
    "id" : 144891,
    "title" : "The Hunter's Moon",
    "overview" : "A violent and dangerous tyrant who dominates the inhabitants of a mountain sees his authority threatened by the arrival of a World War I veteran and decides to hunt and kill him.",
    "genres" : [ ]
  }, {
    "id" : 144926,
    "title" : "Game",
    "overview" : "GAME... Hunting Season is Now Open. GAME is an eight-minute exercise in action suspense, as a terrified woman flees through the woods, trying to evade three monstrous pursuers...",
    "genres" : [ ]
  }, {
    "id" : 144936,
    "title" : "Varieté",
    "overview" : "Annabella, Jean Gabin and Fernand Gravey star as a trio of circus trapeze artists. Both Gabin and Gravey love Annabella, but she has eyes only for Gravey. Seething with jealousy, Gabin plots revenge against his rival. He \"accidentally\" drops Gravey into a net during rehearsal -- but does he plan to do the same during a performance, when the trio works without a net?",
    "genres" : [ {
      "id" : 10749,
      "name" : "Romance"
    }, {
      "id" : 35,
      "name" : "Comedy"
    } ]
  }, {
    "id" : 144946,
    "title" : "Villa tranquila",
    "overview" : "",
    "genres" : [ ]
  }, {
    "id" : 144951,
    "title" : "This American Life Live: The Invisible Made Visible",
    "overview" : "It features all sorts of things that are way too visual to be on the radio: dance, animation, illustration, an interactive musical performance, photographs, a short film, and David Sedaris in clown makeup. Along with Sedaris, there are stories by the now-famous Tig Notaro, Glynn Washington, Ryan Knighton and David Rakoff. Lots of the stories are funny. David Rakoff's is particularly touching. He talks about the abilities he’s lost during his fight with cancer, and then, gracefully, beautifully, does a solo dance onstage. It was the last story Rakoff ever wrote for the radio show. He died three months later, in August.  OK Go provides music. Monica Bill Barnes &amp; Company dance. Ira Glass tells a story using things he normally can't: photos. Mike Birbiglia casts Terry Gross in a surprising, hilarious little movie.",
    "genres" : [ ]
  }, {
    "id" : 144976,
    "title" : "A Rope for a Bastard",
    "overview" : "A sheriff saves an innocent man from the gallows and brings the guilty party to justice.",
    "genres" : [ ]
  }, {
    "id" : 144981,
    "title" : "I Do Not Forgive... I Kill!",
    "overview" : "Don Ramon, a wealthy patron, receives his son back after he has sent him away to medical school, only to have him fall in love with his new young wife.",
    "genres" : [ ]
  }, {
    "id" : 144986,
    "title" : "The Long Day of the Massacre",
    "overview" : "When sheriff Joe Williams (Martell) is unjustly accused of the murder of a young couple, which was in reality committed by the Mexican \"La Muerte\", Joe becomes a wanted man. Joe manages to steal and hide the loot from a bank robbery committed by the Mexican gang, but then is captured by them, but the new sheriff (Saxson), Joe's friend, is on their trail.",
    "genres" : [ ]
  }, {
    "id" : 144996,
    "title" : "The Magnificent Texan",
    "overview" : "A gang of bandits burn down the Red House belonging to Pablo Lopez. The whole Lopez family is murdered except ten year old Manuel, who is scarred for life by the horrifying sight of his dead parents and burning home. Fifteen years later, Manuel has grown up. After living through many adventures he returns to his village in disguise. Two things are on his mind: to find his long-loved Evelyn and to take revenge on those responsible for the slaughter at the Red House.",
    "genres" : [ ]
  }, {
    "id" : 145001,
    "title" : "Sartana and His Shadow of Death",
    "overview" : "Geoffredo Scarciofolo (using the pseudonym \"Jeff Cameron\") is the famed gunfighter Sartana, who is offered a chance at amnesty from the $12,000 bounty on his head if he wipes out Benny Randal (Frank Fargas), his brother Baby Face (Dennis Colt), and an equally nasty sheriff (Dino Strano using the name \"Dean Stratford\").",
    "genres" : [ ]
  }, {
    "id" : 145011,
    "title" : "London Can Take It!",
    "overview" : "A tribute to the courage and resiliency of Britons during the darkest days of the London Blitz.",
    "genres" : [ ]
  }, {
    "id" : 145016,
    "title" : "Harvest of Fire",
    "overview" : "In a small Amish community, three barns are burnt down almost simultaneously. FBI agent Sally Russwell is sent in to investigate this possible hate crime. What she finds however is a community that little trust for outsiders or \"The English\" as they call them. However, in her investigations, Agent Russell makes friends with one entrepreneurial widow, Annie Beiler who has her own curiosity about this stranger. Together, Annie introduces Russell in-depth to this close knit community bearing many appealing attributes. However, as Sally's investigations continue, she discovers secrets that reveal uncomfortable truths about the religious community that are linked to the arson attacks.",
    "genres" : [ {
      "id" : 18,
      "name" : "Drama"
    }, {
      "id" : 10770,
      "name" : "TV Movie"
    }, {
      "id" : 80,
      "name" : "Crime"
    } ]
  }, {
    "id" : 145031,
    "title" : "The Avenger, Zorro",
    "overview" : "The young Flem Mascaslim it be a hindrance to Bill Warner and, like his father did, try to get rid of it to take over his ranch. Along with his manager devises a plan: will be arrested on suspicion of robbing a bank and present false witnesses to his sentence. But the Fox manages to free the boy, putting him safely home of a friend and her daughter.",
    "genres" : [ {
      "id" : 37,
      "name" : "Western"
    } ]
  }, {
    "id" : 145041,
    "title" : "Klucht - Prive voor Twee",
    "overview" : "",
    "genres" : [ ]
  }, {
    "id" : 145051,
    "title" : "The Kinematograph",
    "overview" : "A 19th-century inventor is close to perfecting motion pictures but doesn't want to reveal his invention to the public until he can show films with sound and color.",
    "genres" : [ ]
  }, {
    "id" : 145066,
    "title" : "Waterland",
    "overview" : "The story of a mentally anguished high school history teacher going through a complete reassessment of his life. His method for reassessing his life is to narrate it to his class and interweave in it three generations of his family's history.",
    "genres" : [ {
      "id" : 18,
      "name" : "Drama"
    }, {
      "id" : 9648,
      "name" : "Mystery"
    } ]
  }, {
    "id" : 145071,
    "title" : "Espionage in Lisbon",
    "overview" : "An international gang pretends to have the means to destroy a small country in 30 seconds. The authorities have reason to believe this may be true, and the spying battle is on.",
    "genres" : [ ]
  }, {
    "id" : 145076,
    "title" : "Gottfried Helnwein and the Dreaming Child",
    "overview" : "World famous Austrian artist, Gottfried Helnwein, takes on the contentious role of Production Designer for a never before seen opera in Tel Aviv, Israel in 2010.",
    "genres" : [ ]
  }, {
    "id" : 145081,
    "title" : "The Killing Machine",
    "overview" : "Harlin Garret loses his memory and finds himself closed in a facility claimed to belong to the state security services. The manager of this place tells Garrett he used to be a killer for the mob but Garrett refuses to believe. Then he is forced to kill people that are a \"Risk to the state security\", but the whole story gets complicated when Garret falls in love with one of his victims...",
    "genres" : [ {
      "id" : 18,
      "name" : "Drama"
    }, {
      "id" : 28,
      "name" : "Action"
    }, {
      "id" : 80,
      "name" : "Crime"
    } ]
  }, {
    "id" : 145086,
    "title" : "Gladiator Days: Anatomy of a Prison Murder",
    "overview" : "Across the United States, violent crime in prison is an everyday reality, with inmates routinely exposed to assault, riot, rape and murder. Anatomy of a Prison Murder examines the culture of institutional violence through the events that led to one burtal prison murder. Utah State Prison surveillance cameras capture this disturbing real-life account of the vicious stabbing of black inmate Lonnie Blackmon by convicted murderer, white supremacist Troy Kell and his accomplice Eric Daniels.",
    "genres" : [ {
      "id" : 99,
      "name" : "Documentary"
    } ]
  }, {
    "id" : 145091,
    "title" : "Lost Angels: Skid Row Is My Home",
    "overview" : "Los Angeles' Skid Row is home to one of the largest homeless populations in the United States. And we found, inside that community, the remarkable and enormously moving stories of Olympic athletes, Harvard attorneys, accomplished musicians, scholars. We found poverty, drugs and mental illness, of course - but more importantly we found life, hope and incredibly powerful human journeys.",
    "genres" : [ {
      "id" : 99,
      "name" : "Documentary"
    } ]
  }, {
    "id" : 145096,
    "title" : "A Shot in the Dark",
    "overview" : "Danny realizes it is a lot harder to kill himself than he thought.",
    "genres" : [ {
      "id" : 35,
      "name" : "Comedy"
    }, {
      "id" : 53,
      "name" : "Thriller"
    }, {
      "id" : 18,
      "name" : "Drama"
    } ]
  }, {
    "id" : 145111,
    "title" : "Countertransference",
    "overview" : "Carla gets more than she bargained for when her therapist begins baiting her with sexual suggestiveness.",
    "genres" : [ ]
  }, {
    "id" : 145126,
    "title" : "Maria Wern 08 - Inte ens det förflutna",
    "overview" : "",
    "genres" : [ ]
  }, {
    "id" : 145131,
    "title" : "Ozzy Osbourne: Don't Blame Me",
    "overview" : "\"Don't Blame Me\" is John 'Ozzy' Osbourne's personal, gripping and frank invitation to see who he really is and what he's really been through. Filmed on location at his British and American homes, Ozzy reveals the truth behind his then 23 years of solo stardom with unnerving honesty.",
    "genres" : [ {
      "id" : 99,
      "name" : "Documentary"
    } ]
  }, {
    "id" : 145146,
    "title" : "Moto 4: The Movie",
    "overview" : "What is it like to witness a virtuosic riding performance by rising stars Eli Tomac or Ken Roczen? When Ricky Carmichael or Andrew Short rip apart their private tracks, what are the rest of us missing? What continues to feed the competitive fires inside multi-time champions like Chad Reed or Ryan Dungey? How is it that Kurt Caselli is comfortable going over 100mph on two wheels through the unchartered desert? Is it competitive drive or pure natural talent that allows Taddy Blazusiak to decimate his competition? How does Taylor Robert navigate his way through a dream-like, Jurrasic-sized motocross track built within a vineyard? This year we dug deep to find what pushes the top riders to keep elevating this amazing sport we love. Welcome to the next level of evolution of the most progressive motocross film series of all time, Moto 4: The Movie.",
    "genres" : [ ]
  }, {
    "id" : 145156,
    "title" : "Como un avión estrellado",
    "overview" : "Nico is finishing his teens a future beset by an overnight became darkness. His parents died in an accident. Today, a year later, still immersed in a sadness that interferes with your progress. His older brother, knows not help. Santi, Nico's best friend, makes things even more difficult. Va neglecting their way with actions bleak that threaten him and those around him. But among all those gray clouds appears Luchi, young warm. Nico, walking beside her, try to get away from the dark, leaving little by little, as if it was the sole survivor of a tragedy. The second film of Ezequiel Acuña-like debut, \"swim alone\" - has its focus on one of the favorite themes of Argentine independent cinema of the early twenty-first century: the disorientation teenager.",
    "genres" : [ ]
  }, {
    "id" : 145161,
    "title" : "Rise of the Black Bat",
    "overview" : "In a City where crime rules supreme, District Attorney Tony Quinn has the scales of justice stacked against him. When a crime boss has Tony blinded by acid, it seems that crime has won for good. But through a miracle of modern science, Tony is given the ability to see in the dark like a bat. Tony Quinn takes the guise of the Black Bat to see to it that crime pays and that the scales of justice are balanced once more.",
    "genres" : [ {
      "id" : 28,
      "name" : "Action"
    }, {
      "id" : 878,
      "name" : "Science Fiction"
    } ]
  }, {
    "id" : 145171,
    "title" : "Robot in the Family",
    "overview" : "A manic search for a valuable relic pits a father, son and trouble-prone robot against a nasty villain.",
    "genres" : [ {
      "id" : 10751,
      "name" : "Family"
    }, {
      "id" : 14,
      "name" : "Fantasy"
    }, {
      "id" : 35,
      "name" : "Comedy"
    } ]
  }, {
    "id" : 145176,
    "title" : "Kaos är granne med Gud",
    "overview" : "",
    "genres" : [ {
      "id" : 18,
      "name" : "Drama"
    } ]
  }, {
    "id" : 145186,
    "title" : "12 Wishes of Christmas",
    "overview" : "A woman whose dog was taken by her landlord follows her life coach's instructions to make 12 wishes for a better future, and watches in surprise as each of those wishes comes true in this Christmas fantasy for the entire family. Laura was already down in the dumps when her strict landlord took away her beloved four-legged friend. Encouraged by her best friend to seek the help of a life coach, Laura begrudgingly takes the leap. Later, as Laura follows instructions to make 12 wishes for a better life, her deepest desires become reality. But every wish has its consequences, and with Christmas fast approaching Laura must now figure out a means of getting her dog back, and her life on track in time for the holidays.",
    "genres" : [ {
      "id" : 35,
      "name" : "Comedy"
    }, {
      "id" : 14,
      "name" : "Fantasy"
    } ]
  }, {
    "id" : 145191,
    "title" : "I Always Wanted to Be a Saint",
    "overview" : "Luxembourg's submission for the Academy Award for Best Foreign Language Film in 2003",
    "genres" : [ ]
  }, {
    "id" : 145196,
    "title" : "Money and Medicine",
    "overview" : "Money & Medicine examines the reasons behind the rising costs of health care in the United States. It looks at the dangers of over-diagnosis and over-treatment and investigates how waste pervades our medical system. It also looks at how some hospitals are working to create less-expensive and high quality alternatives to the present system.",
    "genres" : [ {
      "id" : 99,
      "name" : "Documentary"
    } ]
  }, {
    "id" : 145201,
    "title" : "King of the Elves",
    "overview" : "A Mississippi man becomes the reluctant ruler of a mythical race of elves after he saves them from a deadly troll.",
    "genres" : [ ]
  }, {
    "id" : 145216,
    "title" : "Las 3 tumbas parte 2",
    "overview" : "",
    "genres" : [ ]
  }, {
    "id" : 145221,
    "title" : "Monsters: Dark Continent",
    "overview" : "Seven years on from the events of Monsters, and the ‘Infected Zones’ have spread worldwide. Humans have been knocked off the top of the food chain, with disparate communities struggling for survival. American soldiers are being sent abroad to protect US interests from the Monsters, but the war is far from being won.",
    "genres" : [ {
      "id" : 53,
      "name" : "Thriller"
    }, {
      "id" : 18,
      "name" : "Drama"
    }, {
      "id" : 878,
      "name" : "Science Fiction"
    } ]
  }, {
    "id" : 145231,
    "title" : "Song of Summer",
    "overview" : "The last five years of Frederick Delius's life through the eyes of a young composer and aide, Eric Fenby.",
    "genres" : [ ]
  }, {
    "id" : 145241,
    "title" : "Blindside - Ten Years Running Blind",
    "overview" : "LIVE AT 110 DEGREES - CORNERSTONE 2003",
    "genres" : [ {
      "id" : 99,
      "name" : "Documentary"
    }, {
      "id" : 10402,
      "name" : "Music"
    } ]
  }, {
    "id" : 145256,
    "title" : "Four Weeks in June",
    "overview" : "Sandra comes to a new town after being convicted of assault after a fight with her boyfriend. She moves into an apartment where her 80-year old neighbor, Lilly, becomes her friend. But Lilly’s life is based on a lie, and as their friendship grows Sandra gets to know more of Lilly’s secrets.",
    "genres" : [ {
      "id" : 18,
      "name" : "Drama"
    } ]
  }, {
    "id" : 145261,
    "title" : "Food",
    "overview" : "",
    "genres" : [ ]
  }, {
    "id" : 145271,
    "title" : "Ben & Gunnar",
    "overview" : "Ben and Gunnar meet during a carpool from Stockholm to Göteborg in the summer of 1995 where they are attending a concert with Bruce Springsteen at Ullevi.",
    "genres" : [ {
      "id" : 18,
      "name" : "Drama"
    }, {
      "id" : 35,
      "name" : "Comedy"
    } ]
  }, {
    "id" : 145281,
    "title" : "The Dance of the Paroxysms",
    "overview" : "This film tells the story of Galeswinthe, a young man who sought in vain for the Holy Grail and, on the way back to join his bride, is faced with the realm of the Sylphs and Queen Banschi that turn his journey to an authentic nightmare. The director retakes the poem Les Elfes from Leconte de Lisle, wich is based on a nordic legend.",
    "genres" : [ {
      "id" : 18,
      "name" : "Drama"
    } ]
  }, {
    "id" : 145291,
    "title" : "Svält",
    "overview" : "",
    "genres" : [ ]
  }, {
    "id" : 145316,
    "title" : "Air Mater",
    "overview" : "Mater's decision to fly lands him accidentally at a big airshow.",
    "genres" : [ {
      "id" : 16,
      "name" : "Animation"
    }, {
      "id" : 10751,
      "name" : "Family"
    } ]
  }, {
    "id" : 145326,
    "title" : "Las locuras de Parchís",
    "overview" : "",
    "genres" : [ {
      "id" : 10402,
      "name" : "Music"
    }, {
      "id" : 10751,
      "name" : "Family"
    } ]
  }, {
    "id" : 145336,
    "title" : "Breakfast (Table Top Dolly)",
    "overview" : "A continuous zoom traverses the space of a breakfast table, serving as a grand metaphor for indigestion.",
    "genres" : [ ]
  }, {
    "id" : 145341,
    "title" : "Colonel Kwiatkowski",
    "overview" : "",
    "genres" : [ ]
  }, {
    "id" : 145356,
    "title" : "Lejontämjaren",
    "overview" : "Simon is nine years old and in his world, he has a real lion as a companion. Simon is bullied at school by Alex. Simon is sure he can defeat Alex in team with the lion, but it's just in his imagination. In the real life he has no chance... until one day.",
    "genres" : [ {
      "id" : 10751,
      "name" : "Family"
    }, {
      "id" : 12,
      "name" : "Adventure"
    }, {
      "id" : 18,
      "name" : "Drama"
    } ]
  }, {
    "id" : 145361,
    "title" : "If You Die, I'll Kill You",
    "overview" : "In Paris' cosmopolitan and colorful 10th arrondissement, Philippe, who's fresh out of prison, crosses paths with Avdal, a Kurd who is trying to track down an Iraqi war criminal. Avdal, who dreams of staying in France, plans to bring his fiancee Siba to Paris. She's due to arrive in the next few days. The two men strike up a friendship and when Avdal dies suddenly and unexpectedly, Philippe finds himself left to organize the funeral arrangements. What should he do with the body? Siba arrives in Paris, and soon learns that Avdal has died. She is taken in by a group of Kurdish men and before long she also meets Philippe - all of whom are quite smitten by her beauty. Meanwhile, Avdal's father Cheto, a devout Muslim, comes to Paris to grieve for his son. He intends to force Siba to return to her homeland, but the young woman has now had a taste of freedom.",
    "genres" : [ {
      "id" : 18,
      "name" : "Drama"
    }, {
      "id" : 35,
      "name" : "Comedy"
    } ]
  }, {
    "id" : 145371,
    "title" : "I'll die for Vengeance",
    "overview" : "After having suffered an attack by a gang of Mexicans led by Saguaro, Jeff dashes off in pursuit of the criminals towards Lake City.",
    "genres" : [ {
      "id" : 37,
      "name" : "Western"
    } ]
  }, {
    "id" : 145381,
    "title" : "All Out",
    "overview" : "The Indian called Copper Face is suspected to have stolen a large quantity of gold from a bank.",
    "genres" : [ {
      "id" : 37,
      "name" : "Western"
    } ]
  }, {
    "id" : 145391,
    "title" : "André Rieu - Home for Christmas",
    "overview" : "The King of the Waltz introduces his special festive concert with an audience Q&amp;A live by satellite. Andre Rieu's hometown concerts in picturesque Maastricht are always magnificent events, loved by audiences around the world. For his new Christmas show, the King of the Waltz invites us into his house - a romantic mediaeval castle! By his fireplace, Andre shares a festive tale or two and reveals how he spends Christmas with his family. For the performance with his wonderful Johann Strauss Orchestra, soloists and choir, he takes to his snowy, beautifully decorated garden and the Saint Pierter Churhc across the road. Guest artists include the Royal Choir Society Mastreechter Staar, the Sjamaes Children's Choir and 10 year old ballerina Rosa. Andre's specially selective programme comprises 26 holiday favourites, ranging from classics like 'Ave Maria' to timeless festive songs such as 'White Christmas'.",
    "genres" : [ {
      "id" : 10402,
      "name" : "Music"
    } ]
  }, {
    "id" : 145406,
    "title" : "Bruce Springsteen - Isle Of Wight Festival - 24-06-2012",
    "overview" : "Une partie de ce concert a été retransmise en léger différé sur Sky TV et sur internet.  1. Badlands 2. No surrender 3. We Take Care of our own 4. Wrecking Ball 5. Death to my Hometown  6. My City of ruins 7. Spirit in the night 8. Lonesome day 9. Jack of All trades 10. Atlantic City 11. Because the night (solo Nils) 12. Working on the highway 13. Shackled and Drawn 14. Waitin’ on a sunny day 15. The River 16. The Rising 17. Out in the street 18. LOHAD 19. We are alive 20. Born in the USA 21. Born to run 22. Glory days 23. Dancing in the dark 24. 10th Avenue (sans écran derrière la scène, donc pas d’hommage à Clarence) 25. Twist and shout  End après 2h50 de concert.  Source : Fabrice sur LOHAD",
    "genres" : [ ]
  }, {
    "id" : 145421,
    "title" : "The Buttercup Chain",
    "overview" : "Born to twin sisters on the same day in London, France and Margaret are more like brother and sister than cousins. The close relationship between the cousins is suspended when Margaret is sent abroad for schooling. Now a young woman, Margaret returns to London and resumes her intimate connection with France.",
    "genres" : [ {
      "id" : 18,
      "name" : "Drama"
    }, {
      "id" : 10749,
      "name" : "Romance"
    } ]
  }, {
    "id" : 145426,
    "title" : "Thodasa Roomani Ho Jaayen",
    "overview" : "A poetic blend of Dreams and Reality, a story of ordinary people and that what is extra-ordinary in them.",
    "genres" : [ ]
  }, {
    "id" : 145436,
    "title" : "The Guru",
    "overview" : "Britain's top pop artiste, Tom Pickle, travels to Bombay, India, circa 1960s to learn to play the sitar from renowned maestro Ustad Zafar Khan.",
    "genres" : [ {
      "id" : 35,
      "name" : "Comedy"
    } ]
  }, {
    "id" : 145441,
    "title" : "IK1 - Touristen in Gefahr",
    "overview" : "Elite units of the CI are helping one careless tourists who fell into trouble during a foreign holiday. Florian, one of the best agents of this extraordinary organization, has a slightly quirky tastes - does not like to work in a team. Unfortunately, it is forced to validate his views, because superiors assign him a partner - a psychologist by the name of Nadja. Agents set off to Thailand to help a German tourist who was falsely accused of murder and imprisoned in the local jail...",
    "genres" : [ {
      "id" : 12,
      "name" : "Adventure"
    }, {
      "id" : 53,
      "name" : "Thriller"
    } ]
  }, {
    "id" : 145446,
    "title" : "The Death Sentence",
    "overview" : "A spy thriller set in 1943 when the Polish Resistance was killing SS- officers and collaborators in Lublin and Zamosc. Polish hitman romances with \"officer's lady\" while he is setting up her boyfriend for his sentence of death. In the end, he loses out to a collaborator living next door.",
    "genres" : [ {
      "id" : 18,
      "name" : "Drama"
    }, {
      "id" : 28,
      "name" : "Action"
    }, {
      "id" : 10752,
      "name" : "War"
    } ]
  }, {
    "id" : 145451,
    "title" : "Enter the Devil",
    "overview" : "The story in this horror movie revolves around a strange religious icon and the demonic sexual influence it exerts on a young art student. After a gory dream sequence in which the woman imagines herself being nailed to a cross herself, the statue eventually comes to life and begins to sexually torment her.",
    "genres" : [ {
      "id" : 27,
      "name" : "Horror"
    } ]
  }, {
    "id" : 145481,
    "title" : "Don Quijote cabalga de nuevo",
    "overview" : "A new vision of the Knight of the sad figure, which lives obsessed by the chivalry and its codes of honor. Accompanied by his unusual squire Sancho Panza, Don Quixote recalls some of the adventures they've shared.",
    "genres" : [ {
      "id" : 35,
      "name" : "Comedy"
    } ]
  }, {
    "id" : 145486,
    "title" : "In Broad Daylight",
    "overview" : "The fanatically uncompromising Len Rowan and his family insult and terrorize the citizens of a small town for years. One day the comment of a saleswoman about Len's son not being able to pay his sweets triggers off his persecution complex. As revenge for the believed insult, the whole family starts stalking the shop owner and her husband... until this escalates and the old man gets badly injured. Len is arrested, but gets off, free on bail. His clever attorney delays the court session for more than a year - while Rowan keeps threatening the witnesses. But then, the people feel they've had enough of this and decide to take the law in their own hands...",
    "genres" : [ {
      "id" : 18,
      "name" : "Drama"
    }, {
      "id" : 53,
      "name" : "Thriller"
    } ]
  }, {
    "id" : 145491,
    "title" : "John McLaughlin, Al DiMeola, Paco DeLucia: Friday Night in San Francisco   Vol,1 & 2",
    "overview" : "",
    "genres" : [ {
      "id" : 10402,
      "name" : "Music"
    } ]
  }, {
    "id" : 145496,
    "title" : "Gallero",
    "overview" : "No overview is available.",
    "genres" : [ ]
  }, {
    "id" : 145501,
    "title" : "Vanishing Twin",
    "overview" : "Yu-jin is very excited at the news of her sister's returning home. Her sister, Seung-jin, is supposed to come with her husband, Jin-ho. However, Jin-ho tells Yu-jin that Seung-jin committed suicide. Jin-ho seduces the upset Yu-jin, and Yu-jin's husband suspects that Yu-jin and Jin-ho have an affair. But Yu-jin cannot believe that her sister is dead. Yu-jin meets a man who has the same email ID ad her sister.",
    "genres" : [ ]
  }, {
    "id" : 145511,
    "title" : "Discover Spot",
    "overview" : "Spot, the ever-curious, always-adorable puppy, embarks on a fun and song-filled journey of discovery as he explores the world around him -- in one exciting adventure after another! Featuring 13 charming stories, each with a catchy song, to celebrate everything from making breakfast, to brushing teeth and taking a bath, to cleaning up and even putting on a show with friends! Spot looks to life and everything in it with the same joy and wonder as a preschool child. And now, after added educational value after each animated story, your child will learn along to live-action vignettes featuring curious preschoolers just like yours!",
    "genres" : [ {
      "id" : 10751,
      "name" : "Family"
    } ]
  }, {
    "id" : 145526,
    "title" : "Magnetic Movie",
    "overview" : "Natural magnetic fields are described by NASA scientists.",
    "genres" : [ ]
  }, {
    "id" : 145541,
    "title" : "Laura Pausini: Inedito World Tour",
    "overview" : "",
    "genres" : [ ]
  }, {
    "id" : 145551,
    "title" : "Italiani",
    "overview" : "",
    "genres" : [ ]
  }, {
    "id" : 145561,
    "title" : "Force: Five",
    "overview" : "A martial-arts expert leads a team of fellow martial artists to rescue a senator's daughter from an island ruled by the evil leader of a fanatical religious cult.",
    "genres" : [ {
      "id" : 28,
      "name" : "Action"
    }, {
      "id" : 12,
      "name" : "Adventure"
    }, {
      "id" : 18,
      "name" : "Drama"
    } ]
  }, {
    "id" : 145571,
    "title" : "AC/DC: Shoot To Thrill Iron Man",
    "overview" : "\"Shoot to Thrill\" is the second song on the album Back in Black by hard rock band AC/DC. This song is also the second track of AC/DC Live and AC/DC Live: 2 CD Collector's Edition, and is included on the Iron Man 2 soundtrack.\r On January 26, 2010, the music video for \"Shoot to Thrill\" was released with exclusive footage from the film Iron Man 2. The live concert footage used in the video was filmed in December 2009 at a concert in Buenos Aires, Argentina at the Estadio Monumental, from which the Live at River Plate DVD was filmed.[",
    "genres" : [ ]
  }, {
    "id" : 145591,
    "title" : "Gamer Revolution",
    "overview" : "Gamer Revolution explores how computer games are not only changing the world, but giving rise to a new version of life itself. The line between the real world and the virtual world is disappearing. Millions of people feel that they have a life inside these games and that it’s better than their real life.\r Gamer Revolution takes viewers around the world from Asia to the heart of the Middle East in search of the most mind-bending stories from the cutting edge of the game revolution. It also features interviews with gamers and game developers including Will Wright, creator of the wildly popular life simulation game, The Sims.",
    "genres" : [ ]
  }, {
    "id" : 145616,
    "title" : "The Scout",
    "overview" : "A new short film set in 1985. An homage to Goonies, E.T., and other 80's classics, The Scout tells the tale of a group of Raider Scouts on a \"snipe hunt\" who encounter a giant creature in the woods.  Part of the new horror anthology film, \"The Penny Dreadful Picture Show.\"",
    "genres" : [ {
      "id" : 12,
      "name" : "Adventure"
    }, {
      "id" : 10751,
      "name" : "Family"
    } ]
  }, {
    "id" : 145636,
    "title" : "Men in Suits",
    "overview" : "Godzilla… Predator… Robby the Robot… The Gill Man… These are some of the most iconic characters in cinema, but many people still don't know about the incredible actors who bring these creatures to life!",
    "genres" : [ {
      "id" : 99,
      "name" : "Documentary"
    } ]
  }, {
    "id" : 145656,
    "title" : "First",
    "overview" : "The Official Film of the XXXth Olympic Games to be held in London, following the stories of twelve first-time Olympians from around the world.",
    "genres" : [ {
      "id" : 99,
      "name" : "Documentary"
    } ]
  }, {
    "id" : 145666,
    "title" : "Vaya par de gemelas",
    "overview" : "",
    "genres" : [ ]
  }, {
    "id" : 145676,
    "title" : "Discussions with Richard Dawkins, Episode 1: The Four Horsemen",
    "overview" : "Richard Dawkins, Daniel Dennett, Sam Harris and Christopher Hitchens sits down for an unmoderated 2-hour discussion on religion.",
    "genres" : [ {
      "id" : 99,
      "name" : "Documentary"
    } ]
  }, {
    "id" : 145691,
    "title" : "Gun Glory",
    "overview" : "An ex-gunslinger (Stewart Granger) shunned by townsfolk is the only one who knows how to stop a ruthless cattleman.",
    "genres" : [ {
      "id" : 37,
      "name" : "Western"
    } ]
  }, {
    "id" : 145696,
    "title" : "Gregorio y su angel",
    "overview" : "An alcoholic janitor is fired from his job at an orphanage, and is befriended by an angel in the guise of a little girl, who proceeds to change his life.",
    "genres" : [ ]
  }, {
    "id" : 145701,
    "title" : "The Longest Bridge",
    "overview" : "I stumbled up this by accident and decided to give it a go. I'm glad I did. This is the story of the Japanese invasion of China in the late 1930's. The film literally begins with the Japanese invasion, so as the opening credits roll we watch an excellent recreation of the bombing of Shanghai. From there the film recounts the Chinese efforts to drive out the invaders.",
    "genres" : [ ]
  }, {
    "id" : 145706,
    "title" : "Al Murray, The Pub Landlord - The Only Way is Epic",
    "overview" : "Broken Britain may be staring into the bottom of an empty pint glass, but don't lose hope Al Murray The Pub Landlord is back to fill it up again, with a brand new stand-up show of epic proportions. Britain's most irrepressible Innkeeper will be serving up his premier brew of ale-inspired acumen and bar-room buffoonery on this latest live DVD, recorded as part of his 2012 THE ONLY WAY IS EPIC TOUR.",
    "genres" : [ {
      "id" : 35,
      "name" : "Comedy"
    } ]
  }, {
    "id" : 145711,
    "title" : "Naughty or Nice",
    "overview" : "Krissy Kringle receives a delivery intended for Santa Claus.  A magical book that shows if a person has been naughty or nice.  She uses the book's power to find out about those around her, which leads to some very unusual and unintended results.  Krissy realizes that everyone has some good and some not so good in them.",
    "genres" : [ {
      "id" : 14,
      "name" : "Fantasy"
    }, {
      "id" : 10770,
      "name" : "TV Movie"
    }, {
      "id" : 35,
      "name" : "Comedy"
    }, {
      "id" : 18,
      "name" : "Drama"
    } ]
  }, {
    "id" : 145726,
    "title" : "Dinotopia 3 The Election",
    "overview" : "Ideas of progress turn the peaceful city into a congested metropolis. Could extinction follow? Not with the blessed event that occurs - the birth of a dinosaur, symbolizing Dinotopia's enduring civilization.",
    "genres" : [ {
      "id" : 12,
      "name" : "Adventure"
    }, {
      "id" : 10751,
      "name" : "Family"
    }, {
      "id" : 14,
      "name" : "Fantasy"
    } ]
  }, {
    "id" : 145731,
    "title" : "Dinotopia 2: The Temptation",
    "overview" : "When a shipwreck is found on the shores of Dinotopia, Karl uses his newly discovered radio to make contact with the drifting survivors. But what will happen if that bridge between two worlds is crossed?",
    "genres" : [ {
      "id" : 12,
      "name" : "Adventure"
    }, {
      "id" : 10751,
      "name" : "Family"
    }, {
      "id" : 14,
      "name" : "Fantasy"
    } ]
  }, {
    "id" : 145756,
    "title" : "Aladdin and His Wonderful Lamp",
    "overview" : "Olive Oyl's screenplay for an Aladdin movie comes to life and Popeye battles for control of a genie, in the last of the three Popeye color specials",
    "genres" : [ ]
  }, {
    "id" : 145766,
    "title" : "Hakuchi: The Innocent",
    "overview" : "A retro-futuristic dystopia adapted from an Ango Sakaguchi novel.",
    "genres" : [ ]
  }, {
    "id" : 145786,
    "title" : "The Blues Greats",
    "overview" : "",
    "genres" : [ {
      "id" : 10402,
      "name" : "Music"
    } ]
  }, {
    "id" : 145791,
    "title" : "A Sphere In Boxland",
    "overview" : "'A Sphere In Boxland' is a story for anyone who has ever felt like they don't belong. In a place called Boxland, a lone sphere struggles with being different than everyone around him. Lonely, sad, and the target of constant harassment, he sets out one day after losing his job in search of a place where he fits in.",
    "genres" : [ ]
  }, {
    "id" : 145811,
    "title" : "Canary Row",
    "overview" : "Sylvester Cat spots Tweety Bird in a San Francisco apartment and tries to gain access but cannot make it past Granny or the cat-hating desk clerk.",
    "genres" : [ ]
  }, {
    "id" : 145816,
    "title" : "The Grandpa and the Grandchild",
    "overview" : "Winter. A little hare and a young fox wish to pull out their friend to the skating rink because they want to teach him to skate. They managed to carry out their intention with many difficulties.\r Source : animator.ru",
    "genres" : [ ]
  }, {
    "id" : 145821,
    "title" : "Blood of the Virgins",
    "overview" : "Ofelia's wedding day is approaching and she is to be married to Eduaurdo. She has some pre-wedding jitters during a meeting with her lover Gustavo but decides to tie the knot anyways. On her wedding night, Gustavo shows up in their room, murders Eduardo, and proceeds to turn Ofelia into a vampire so that they can be together forever. In the present day 1960's, a group of young men and women take shelter in an abandoned lodge after their van breaks down. Soon, Ofelia appears and seduces one of the guys and meanwhile the girls go missing. It is up to the other guys to figure out what is happening and Ofelia must make a decision as to how much longer she can continue with her cursed life.",
    "genres" : [ {
      "id" : 27,
      "name" : "Horror"
    } ]
  } ]
}