{
  "movies" : [ {
    "id" : 233691,
    "title" : "Wanted -- A Master",
    "overview" : "A dog living in a junk yard finds out that all stray dogs will be exterminated by 3 o' clock that afternoon, so sets off to find a master before the deadline.",
    "genres" : [ ]
  }, {
    "id" : 233701,
    "title" : "Secret Zone of Tokyo",
    "overview" : "Pinku from 1971.",
    "genres" : [ ]
  }, {
    "id" : 233706,
    "title" : "Flesh Futon",
    "overview" : "Pinku from 1971.",
    "genres" : [ ]
  }, {
    "id" : 233721,
    "title" : "Racoon - Another Night",
    "overview" : "TRACKLISTING Live @ Paradiso 1. Autumn Tunes 2. heroes in town 3. kingsize 4. hilarious 5. walk away 6. blow your tears 7. loose another day 8. telephone song 9. happy family 10. Couple of guys\\ 11. If you know what i mean 12. Brother 13. Smoothly 14. Feel like flying 15. Eric's Bar 16. Love You more 17. Laugh About it 18. Blue Days 19. Particular 20. Hanging with the Clowns 21. Got to get Out EXTRA'S CLIPS: Feel like flying - Blue days - Smoothly - Eric's bar - Side effects - Happy Family - Love You More - Laugh About It - Brother - Studio Recording sessions Another Day",
    "genres" : [ ]
  }, {
    "id" : 233726,
    "title" : "The Ol' Gray Hoss",
    "overview" : "This story revolves around an old man who feels alone in the world aside from the gang who keeps him company and his old horse. He runs a horse and buggy business, but he has new competition: an auto taxi. The gang helps him to maintain his job by sabotaging the other man's.",
    "genres" : [ ]
  }, {
    "id" : 233756,
    "title" : "Othello",
    "overview" : "Adaptation of Shakespeare's play.",
    "genres" : [ {
      "id" : 18,
      "name" : "Drama"
    }, {
      "id" : 10749,
      "name" : "Romance"
    } ]
  }, {
    "id" : 233771,
    "title" : "Foals: Live at the Royal Albert Hall",
    "overview" : "Live performance by English indie band Foals. Filmed at the Royal Albert Hall in London, the band perform a selection of tracks from throughout their career including 'Spanish Sahara', 'Inhaler', 'My Number' and 'Late Night'.",
    "genres" : [ {
      "id" : 10402,
      "name" : "Music"
    }, {
      "id" : 99,
      "name" : "Documentary"
    } ]
  }, {
    "id" : 233781,
    "title" : "Dumb Daddies",
    "overview" : "Max mistakes his son's acting for reality. When the play calls for the son to commit a murder (on a mannequin), Max winds up trying to hide the body from the police.",
    "genres" : [ ]
  }, {
    "id" : 233786,
    "title" : "Black and Blue",
    "overview" : "After a woman's husband beats and abuses her, she and her son join the witness protection program and move away secretly.",
    "genres" : [ ]
  }, {
    "id" : 233791,
    "title" : "Gus Van and Joe Schenck",
    "overview" : "The duo sings the songs \"Chinese Firecracker\" and \"Away Down South in Heaven\"",
    "genres" : [ ]
  }, {
    "id" : 233796,
    "title" : "Blood Stone",
    "overview" : "A landlord chases his escaped serf but some town takes the refugee under its protection. That leads to a serious confrontation. Based on a true story.",
    "genres" : [ {
      "id" : 12,
      "name" : "Adventure"
    }, {
      "id" : 36,
      "name" : "History"
    } ]
  }, {
    "id" : 233801,
    "title" : "Desclassificats",
    "overview" : "",
    "genres" : [ ]
  }, {
    "id" : 233806,
    "title" : "Zwei Wochen Chef",
    "overview" : "",
    "genres" : [ {
      "id" : 10770,
      "name" : "TV Movie"
    }, {
      "id" : 10749,
      "name" : "Romance"
    }, {
      "id" : 35,
      "name" : "Comedy"
    } ]
  }, {
    "id" : 233811,
    "title" : "Homeless Homer",
    "overview" : "Friz Freleng's second directorial effort -- under his legal name of 'Isadore' and credited as co-director with Rudolf Ising -- is a silent Oswald the Lucky Rabbit effort, made soon after Charles Mintz grabbed the rights to the character and almost all his crew from Walt Disney. Oswald takes in Homer, a small kitten, and attempts to teach him table manners and to give him a bath, but Homer retaliates using a clothesline and a player piano.",
    "genres" : [ {
      "id" : 35,
      "name" : "Comedy"
    }, {
      "id" : 16,
      "name" : "Animation"
    } ]
  }, {
    "id" : 233821,
    "title" : "Port Whines",
    "overview" : "Port Whines: Krazy Kat is a sailor on a ship. The captain gets tossed off of his ship and starts a song and dance with the rest of the crew members.",
    "genres" : [ ]
  }, {
    "id" : 233826,
    "title" : "Ko-Ko's Harem Scarem",
    "overview" : "Ko-Ko and Fitz emerge from an inkwell into the sultan's harem.",
    "genres" : [ {
      "id" : 16,
      "name" : "Animation"
    }, {
      "id" : 35,
      "name" : "Comedy"
    } ]
  }, {
    "id" : 233831,
    "title" : "Kisaragi Sword",
    "overview" : "The story concerns the efforts of seven master swordsman who join together to protect the new inexperienced Shogun Tokugawa Yoshimune from the evil plans of the Owari Clan's corrupt Lord. It's a colorful bunch, a drunk samurai, a master thief, a sword instructor and a Lord who is disguised as a ronin since it is an executable offense for a lord to wander outside of their domain without permission.  As the Chief Magistrate becomes suspicious of the Owari plot to send men to Kodenmacho Prison to start a riot he begins to investigate the rumors. He soon calls upon the Lord of Mikazuki Castle and the Shogun's best friend to help thwart the evil ambitions and battle the rouge swordsman hired by the Owari Clan.",
    "genres" : [ {
      "id" : 28,
      "name" : "Action"
    } ]
  }, {
    "id" : 233841,
    "title" : "i hate myself :)",
    "overview" : "Nebbishy filmmaker Joanna Arnow documents her yearlong relationship with racially charged poet-provocateur James Kepple. What starts out as an uncomfortably intimate portrait of a dysfunctional relationship and protracted mid-twenties adolescence, quickly turns into a complex commentary on societal repression, sexuality and self-confrontation through art.",
    "genres" : [ {
      "id" : 99,
      "name" : "Documentary"
    } ]
  }, {
    "id" : 233851,
    "title" : "Epic Java",
    "overview" : "EPIC JAVA is a visual of the universe and human culture. A searching process of the mysteries of life and everything related to it. A contemplative depiction that will take us into God power. Breaking the boundaries of dimensions and provide an unforgettable space experience. It invites audience to travel into the visual from other's point of views. EPIC JAVA is a non-narrative film flowed with music that will bring you to breathtaking moments that occurred from east to the west of Java, Indonesia. Highlighting the universe based of the movement of the sun through DSLR time-lapses photography and slow motion.",
    "genres" : [ {
      "id" : 99,
      "name" : "Documentary"
    } ]
  }, {
    "id" : 233861,
    "title" : "Trahie!",
    "overview" : "",
    "genres" : [ {
      "id" : 53,
      "name" : "Thriller"
    } ]
  }, {
    "id" : 233876,
    "title" : "Nazareno",
    "overview" : "",
    "genres" : [ ]
  }, {
    "id" : 233881,
    "title" : "Necrophile Passion",
    "overview" : "Solitary and alone, left by his girlfriend, after being treated badly by her, a young man finds a female body in the woods. His conscience tells him to call the police, but something inside him, something evil commands him to take the corpse with him and satisfy his darkest desires. His Life is total pieces of trash and only the love to the female corpse gives him the power to continue his life. But he hasn't finished with his girlfriend yet and so he decides that it's time to get his revenge once and for all. Who will be the winner in this love triangle? The man, the woman or the corpse?",
    "genres" : [ {
      "id" : 27,
      "name" : "Horror"
    } ]
  }, {
    "id" : 233886,
    "title" : "Hastey Hastey",
    "overview" : "A colorful, energetic and humorous depiction of how globalization and technology have made the world a really small place.",
    "genres" : [ ]
  }, {
    "id" : 233891,
    "title" : "Maruhi Kokosei no Seiseikatsu",
    "overview" : "Pinku from 1972.",
    "genres" : [ ]
  }, {
    "id" : 233901,
    "title" : "Race to Danger",
    "overview" : "A sailor who landed on the ground only for a bank deposit found himself involved in a spin of misadventures and vicissitudes. He will have to retrieve his ten thousand dollars (to invest in the opening of a Tahiti bar) before the ship resumes.",
    "genres" : [ {
      "id" : 28,
      "name" : "Action"
    }, {
      "id" : 12,
      "name" : "Adventure"
    } ]
  }, {
    "id" : 233911,
    "title" : "I Can't Take It Anymore",
    "overview" : "Pinku from 1972.",
    "genres" : [ ]
  }, {
    "id" : 233921,
    "title" : "El rey de las ficheras",
    "overview" : "",
    "genres" : [ ]
  }, {
    "id" : 233926,
    "title" : "Amorous Family: Like a Fox and a Racoon",
    "overview" : "Pinku from 1972.",
    "genres" : [ ]
  }, {
    "id" : 233931,
    "title" : "Seigoretsuden: Shindemoraimasu",
    "overview" : "Pinku from 1972.",
    "genres" : [ ]
  }, {
    "id" : 233941,
    "title" : "Seen, Not Seen",
    "overview" : "A dialogue between the auteur's memories and the images he shot and kept during his long film career - sketches of live that were never shown, never seen, never edited.",
    "genres" : [ ]
  }, {
    "id" : 233946,
    "title" : "Moan & Groan, Inc.",
    "overview" : "The gang ignores the warning of a local cop and goes exploring in a haunted house.",
    "genres" : [ {
      "id" : 35,
      "name" : "Comedy"
    } ]
  }, {
    "id" : 233951,
    "title" : "Inside the Harem",
    "overview" : "Pinku from 1972.",
    "genres" : [ ]
  }, {
    "id" : 233956,
    "title" : "The Iron Crown",
    "overview" : "Based on the Noh drama with the same name, The Iron Crown is about a woman plotting revenge against her husband who leaves her for a younger woman. Shindo's adaptation juxtaposes the Noh drama with a modern update of the story. The husband is now a car salesman, the young woman a typist. The wife gets her revenge by harassing the couple with unwanted phone calls at night.",
    "genres" : [ ]
  }, {
    "id" : 233961,
    "title" : "Nagasaki Butterfly",
    "overview" : "Pinku from 1972.",
    "genres" : [ ]
  }, {
    "id" : 233966,
    "title" : "Drifter's Affair",
    "overview" : "Pinku from 1972.",
    "genres" : [ ]
  }, {
    "id" : 233971,
    "title" : "UFC Fight Night 31: Fight For The Troops 3",
    "overview" : "UFC: Fight for the Troops 3 (also known as UFC Fight Night 31) was a mixed martial arts event held on November 6, 2013 at Fort Campbell in Fort Campbell, Kentucky.",
    "genres" : [ ]
  }, {
    "id" : 233976,
    "title" : "Die neue Wohnung",
    "overview" : "A commissioned film for SWB – Schweizerischer Werkbund – Die neue Wohnung was produced for the Basel architectural and interior design exhibition (WOBA) to demonstrate innovative aspects of modern architecture and highlight their differences from the event’s highly conservative approach. Aimed at a bourgeois Swiss public, this version, screened in Basel in 1930, was the outcome of the collaboration between Richter and the members of the SWB, responsible for the script but also for the film’s formal elements, such as a refusal to use animation.",
    "genres" : [ {
      "id" : 99,
      "name" : "Documentary"
    } ]
  }, {
    "id" : 233986,
    "title" : "Seien goninzuma",
    "overview" : "Pinku from 1973.",
    "genres" : [ ]
  }, {
    "id" : 233991,
    "title" : "Jochôsain sex report: Fujo bôkô",
    "overview" : "Pinku from 1973.",
    "genres" : [ ]
  }, {
    "id" : 234001,
    "title" : "The Monkey Sword Masamune",
    "overview" : "During the late Kamakura period, there lived a famous swordsmith known as Masamune whose renown as a swordsmith was so great that even long after his passing the term “Masamune” was used to describe any fine sword. Even today, the Masamune Prize is awarded to swordsmiths of outstanding skills in their craft. In Yasuji Murata’s cutout animation The Monkey Masamune a humble messenger is rewarded with the gift of a Masamune sword when he saves the life of a monkey and her child.",
    "genres" : [ {
      "id" : 16,
      "name" : "Animation"
    } ]
  }, {
    "id" : 234006,
    "title" : "Our Baseball Game",
    "overview" : "A baseball game between the rabbits and tanuki (raccoon dogs).",
    "genres" : [ {
      "id" : 16,
      "name" : "Animation"
    }, {
      "id" : 35,
      "name" : "Comedy"
    }, {
      "id" : 14,
      "name" : "Fantasy"
    } ]
  }, {
    "id" : 234011,
    "title" : "Dokyumento poruno: Himo",
    "overview" : "Pinku from 1973.",
    "genres" : [ ]
  }, {
    "id" : 234016,
    "title" : "Hitozuma: Nokoribi",
    "overview" : "Pinku from 1973.",
    "genres" : [ ]
  }, {
    "id" : 234021,
    "title" : "Esencia de verbena",
    "overview" : "A Spanish documentary capturing life at the carnival.",
    "genres" : [ ]
  }, {
    "id" : 234026,
    "title" : "Secret Chronicle: Crimson Goddess in Paradise",
    "overview" : "Pinku from 1973.",
    "genres" : [ ]
  }, {
    "id" : 234031,
    "title" : "Joshi daisei: Sex kaki seminar",
    "overview" : "Pinku from 1973.",
    "genres" : [ ]
  }, {
    "id" : 234036,
    "title" : "Love Makes Me Wet",
    "overview" : "Pinku from 1973.",
    "genres" : [ ]
  }, {
    "id" : 234046,
    "title" : "El carretero",
    "overview" : "Carlos Gardel sing his hit song \"El carretero\".",
    "genres" : [ ]
  }, {
    "id" : 234051,
    "title" : "Enfundá la mandolina",
    "overview" : "Carlos Gardel sing his hit song \"Enfundá la mandolina\".",
    "genres" : [ ]
  }, {
    "id" : 234061,
    "title" : "Rosas de Otoño",
    "overview" : "Carlos Gardel sing his hit song \"Rosas de Otoño\".",
    "genres" : [ ]
  }, {
    "id" : 234066,
    "title" : "Maruhi onsen anaba sagashi",
    "overview" : "Pinku from 1973.",
    "genres" : [ ]
  }, {
    "id" : 234076,
    "title" : "The Door Knocker",
    "overview" : "Al St. John working as a door-to-door book salesman.",
    "genres" : [ ]
  }, {
    "id" : 234081,
    "title" : "Rosie!",
    "overview" : "An eccentric Los Angeles dowager decides to fight back when her two greedy daughters attempt to have her declared legally insane.",
    "genres" : [ ]
  }, {
    "id" : 234086,
    "title" : "College Girls: Sex Equation",
    "overview" : "Pinku from 1973.",
    "genres" : [ ]
  }, {
    "id" : 234101,
    "title" : "Young Man's Fancy",
    "overview" : "An aristocrat falls in love with a human cannonball",
    "genres" : [ ]
  }, {
    "id" : 234121,
    "title" : "Two Female Spies with Flowered Panties",
    "overview" : "Two pretty chorus girls, Cecile and Brigitte, who have been sentenced to prison terms, agree to undertake risky undercover work for Senator Conolly in exchange for their freedom. Investigating the disappearance of well-known personalities, as well as young women, Conolly wants the dancers to get hired by a Canary Islands nightclub to keep tabs on the owners, Mr. and Mrs. Forbes...",
    "genres" : [ {
      "id" : 53,
      "name" : "Thriller"
    } ]
  }, {
    "id" : 234136,
    "title" : "Oil For The Lamps Of China",
    "overview" : "An American oil company representative almost sacrifices his marriage for his career.",
    "genres" : [ {
      "id" : 18,
      "name" : "Drama"
    } ]
  }, {
    "id" : 234146,
    "title" : "Oh Those Nurses!",
    "overview" : "Every year, the graduating class of nurses reward wounded WWII veterans by volunteering to replace their doctors for one day. But this year, four of them try outwearing the hospital's old general owner so his son would take over.",
    "genres" : [ ]
  }, {
    "id" : 234151,
    "title" : "Attack of the Vegan Zombies!",
    "overview" : "Joe and his wife Dionne have had yet another bad crop for their winery. Faced with the prospect of losing the family farm, Dionne convinces her mother (a witch) to cast a spell upon next year's crop. The crop is such a success that Joe hires some college students to help them harvest. However, when a nosy neighbor begins poking around in the fields, he finds out more than he bargained for. Now the question isn't how to best harvest the crop, it's how to keep from being harvested!",
    "genres" : [ {
      "id" : 27,
      "name" : "Horror"
    } ]
  }, {
    "id" : 234161,
    "title" : "Red Wedding",
    "overview" : "Between 1975 and 1979, at least 250,000 Cambodian women were forced into marriages by the Khmer Rouge. Sochan was one of them. At the age of 16, she was forced to marry a soldier who raped her. After 30 years of silence, Sochan decided to bring her case to the international tribunal set up to try former Khmer Rouge leaders.",
    "genres" : [ {
      "id" : 99,
      "name" : "Documentary"
    } ]
  }, {
    "id" : 234166,
    "title" : "Cold Lazarus",
    "overview" : "Dennis Potter's last production for television, screened alongside Karaoke.",
    "genres" : [ ]
  }, {
    "id" : 234201,
    "title" : "10.000 Nights Nowhere",
    "overview" : "The story of a son who is afraid of everything. Overwhelmed by his dull life, one day he decides to flee. He starts a journey to nowhere, living other lives. And he finds out that if one day you no longer want to grow, it's not all that bad. You just have to learn to fly, to fly far away. It's a story about taking important decisions; and about how each time we make a choice, somewhere within us we make exactly the opposite one.",
    "genres" : [ {
      "id" : 18,
      "name" : "Drama"
    } ]
  }, {
    "id" : 234236,
    "title" : "Kaspar (Inspired by the Life of Kaspar Hauser)",
    "overview" : "Living alone in darkness, Kaspar has experienced little oflife until he’s discovered by a man in black and brought outinto the world. Animator Diane Obomsawin’s affecting fableis based on the tale of the nineteenth century’s most famous wild child.",
    "genres" : [ ]
  }, {
    "id" : 234241,
    "title" : "Real Life is elsewhere",
    "overview" : "Geneva train station. A woman leaves for Marseilles to give a conference. A man is on his way to Berlin to discover his new born child. A young woman is off to live in Naples. When one person invites itself to take a seat next to someone else, a new reality can start off. Three people meeting, three life stories which switch on the platform of a railway station.",
    "genres" : [ {
      "id" : 35,
      "name" : "Comedy"
    }, {
      "id" : 18,
      "name" : "Drama"
    } ]
  }, {
    "id" : 234251,
    "title" : "A Guide for the Married Woman",
    "overview" : "A seriocomic look at the life of Julie Walker. Bored with her marriage, and encouraged by her friends, she contemplates an affair. Fantasy and reality mix often, leading to complications and headaches.",
    "genres" : [ {
      "id" : 35,
      "name" : "Comedy"
    }, {
      "id" : 18,
      "name" : "Drama"
    }, {
      "id" : 10749,
      "name" : "Romance"
    } ]
  }, {
    "id" : 234256,
    "title" : "Blinder",
    "overview" : "An ex footballer embroiled in a scandal returns hometown clear his name and reignite an old flame",
    "genres" : [ {
      "id" : 18,
      "name" : "Drama"
    }, {
      "id" : 10749,
      "name" : "Romance"
    } ]
  }, {
    "id" : 234266,
    "title" : "Kill!",
    "overview" : "Interpol investigates the freelance killings of drug and porn peddlers.",
    "genres" : [ {
      "id" : 80,
      "name" : "Crime"
    }, {
      "id" : 28,
      "name" : "Action"
    }, {
      "id" : 53,
      "name" : "Thriller"
    } ]
  }, {
    "id" : 234271,
    "title" : "The Poet and the King",
    "overview" : "Tsar Nicholas I is enamoured by Natalia, the wife of Alexander Pushkin. To cover his tracks, the tsar encourages the suit of Georges d'Anthès, a French officer, with the help of Count Alexander von Benckendorff. Pushkin hears rumours of D’Anthès’s love for his wife and challenges him to a duel. The officer attempts to save his life by marrying Natalia’s sister Ekaterina. Returning from his country estate, Pushkin receives anonymous letters and insists on a duel with D’Anthès.",
    "genres" : [ {
      "id" : 18,
      "name" : "Drama"
    } ]
  }, {
    "id" : 234276,
    "title" : "Everything is Terrible! Does the Hip-Hop: Gettin' a Bad Rap!",
    "overview" : "To prove they're still 'with it' and 'urban,' Everything is Terrible! has taken the entire history of co-opted cool, and bashed it together into one continuous mix that will not only please your earballs, but also your eyelobes. Can we B real 4 a second? Everyone knows rap music is best when performed by white people promoting reasonably-priced hammed-burgers. So doesn't it make sense to witness and celebrate the REAL birth of hip-hop? You know, the one involving child actors rappin' 'bout stamps, and claymation doughboys spittin' rhymes 'bout crescent rolls! And you'd never in a billion years think old ladies can rap- BUT THEY TOTALLY CAN! After EIT! Does The Hip-Hop!, you’ll never need to listen to music again! For various reasons! ...And it don’t stop! Word!",
    "genres" : [ {
      "id" : 35,
      "name" : "Comedy"
    } ]
  }, {
    "id" : 234281,
    "title" : "Comic Relief Zero",
    "overview" : "So, what’s the deal with Comic Relief Zero!? Sit down and shut up, so we can tell you! But seriously folks, sit down and shut up, because those dumb-faced, giggle-grabbin’ goof-troupers at Everything Is Terrible! are dishing out a stand-up comedy special! This special is the opposite of special; featuring today’s hottest ventriloquists, racists, prop comics, sexists, impersonators, homophobes, and talk show hosts in their hate-filled prime! Are you oppressed and underrepresented in society? Well then, watch out! Let’s pull back the banana peel and take a head-first descent into the brick wall of our own mind! Take my life... please!",
    "genres" : [ {
      "id" : 35,
      "name" : "Comedy"
    } ]
  }, {
    "id" : 234286,
    "title" : "Sugar and Spies",
    "overview" : "Wile E. Coyote finds a spy kit and uses its contents (sleeping gas, a mail bomb, explosive putty, and a gadget-filled spy car) in his unsuccessful attempt to catch the Road Runner.",
    "genres" : [ {
      "id" : 16,
      "name" : "Animation"
    } ]
  }, {
    "id" : 234291,
    "title" : "Hassle in a Castle",
    "overview" : "A king looks for a groom for his daughter, who must be married before midnight, or else she will be turned into a witch..",
    "genres" : [ {
      "id" : 16,
      "name" : "Animation"
    } ]
  }, {
    "id" : 234296,
    "title" : "Foot Brawl",
    "overview" : "A nostalgic Charlie is searching through his college trunk when he comes across an old photo of his football team which catches Junior's interest. Charlie passes himself off as the team's star but Bessie insists he was only good at being their \"water boy\". Charlie, determined to prove Bessie wrong, attempts to show Junior a thing or two about the game. But Bessie was right; Charlie isn't the most experienced athlete. He dresses as a tackling dummy which leads to disaster. He also gets the football caught in his mouth several times. Finally, he attempts to kick a field goal but the football has been set up a little too close to a water spigot and Charlie kicks the latter instead!",
    "genres" : [ {
      "id" : 16,
      "name" : "Animation"
    } ]
  }, {
    "id" : 234301,
    "title" : "Carl Th. Dreyer",
    "overview" : "At the world premiere of \"Gertrud\" in Paris, December 1964, Dreyer is greeted by many celebrities of the French cinema: Clouzot, Langlois, Truffaut, Godard, Anna Karina. Afterwards Dreyer delivers short comments on the style of each of his films.",
    "genres" : [ {
      "id" : 99,
      "name" : "Documentary"
    } ]
  }, {
    "id" : 234311,
    "title" : "Monster of Ceremonies",
    "overview" : "Woody meets a crazy professor who makes monsters by shooting them with a machine ray. On the second shot, they return to normal.",
    "genres" : [ {
      "id" : 16,
      "name" : "Animation"
    } ]
  }, {
    "id" : 234321,
    "title" : "Filet Meow",
    "overview" : "Perhaps because he's grown weary of chasing Jerry, Tom sets his sights on the house's goldfish. But the female goldfish is a friend of Jerry's, and the little mouse has a crush on her. When Jerry gets involved to rescue his friend, the usual confrontations with Tom begin.",
    "genres" : [ {
      "id" : 16,
      "name" : "Animation"
    } ]
  }, {
    "id" : 234326,
    "title" : "Practical Yolk",
    "overview" : "Woody lives in a pyramid. Woody finds famous explorer Mrs. Meany dressed in a helmet and shorts on a dig in Egypt.",
    "genres" : [ {
      "id" : 16,
      "name" : "Animation"
    } ]
  }, {
    "id" : 234331,
    "title" : "George Dumpson's Place",
    "overview" : "Employing experimental techniques, Emshwiller magically moved through a collection of objects and artifacts in order to capture the spirit of George Dumpson and his backyard museum.",
    "genres" : [ {
      "id" : 99,
      "name" : "Documentary"
    } ]
  }, {
    "id" : 234336,
    "title" : "Case of the Elephant's Trunk",
    "overview" : "Inspector Willoughby, the famed criminologist and master of mystery, travels to India to aid a rajah whose favorite royal elephant has been abducted by an evil swami. Encouraged at the prospect of a large reward, our heroic sleuth is hot in pursuit of the princely pachyderm and his kidnapper. Willoughby discovers the thief's hideout quite accidentally when he hears an elephant's trumpet and inquires at a nearby home, \"Pardon me, are there any stolen elephants in there?\"",
    "genres" : [ {
      "id" : 16,
      "name" : "Animation"
    } ]
  }, {
    "id" : 234346,
    "title" : "Hairied and Hurried",
    "overview" : "Wile E. Coyote chases the Road Runner and hopes, without success, to catch his prey using such schemes as a snow-making machine.",
    "genres" : [ ]
  }, {
    "id" : 234351,
    "title" : "Highway Runnery",
    "overview" : "Wile E. Coyote chases the Road Runner around an old jalopy that starts up and runs him over, with the Road Runner at the wheel.",
    "genres" : [ {
      "id" : 16,
      "name" : "Animation"
    }, {
      "id" : 35,
      "name" : "Comedy"
    } ]
  }, {
    "id" : 234356,
    "title" : "L'ultima ruota del carro",
    "overview" : "",
    "genres" : [ {
      "id" : 35,
      "name" : "Comedy"
    }, {
      "id" : 18,
      "name" : "Drama"
    } ]
  }, {
    "id" : 234371,
    "title" : "Tired and Feathered",
    "overview" : "Wile E. Coyote's latest misbegotten Road Runner-catching schemes include a propeller-powered backpack...",
    "genres" : [ ]
  }, {
    "id" : 234386,
    "title" : "It's Nice to Have a Mouse Around the House",
    "overview" : "When Speedy Gonzales invades the home of Granny and rapidly drives her cat, Sylvester, to a nervous breakdown, Granny calls on Daffy Duck of the Jet Age Pest Control company to do the job of removing Gonzales from her home.",
    "genres" : [ ]
  }, {
    "id" : 234391,
    "title" : "Haunted Mouse",
    "overview" : "Jerry's magician friend (cousin?) drops by, levitating Tom. Later, when Jerry is preparing dinner, Tom accidentally grabs the magician, who hypnotizes him. While Tom is under, the magician goes into Tom's stomach and frees/revives all the birds, mice, and even a fish. And he's just getting warmed up.",
    "genres" : [ ]
  }, {
    "id" : 234396,
    "title" : "Jerry-Go-Round",
    "overview" : "Jerry is chased into a circus, where he removes a tack from the foot of an elephant. This gets him a friend for life, and a powerful ally in the continuing battles with Tom, not that it stops Tom from trying, even when Jerry becomes part of the act.",
    "genres" : [ {
      "id" : 16,
      "name" : "Animation"
    } ]
  }, {
    "id" : 234401,
    "title" : "Das Mambospiel",
    "overview" : "",
    "genres" : [ {
      "id" : 35,
      "name" : "Comedy"
    } ]
  }, {
    "id" : 234406,
    "title" : "Freeway Fracas",
    "overview" : "The construction of a freeway threatens to destroy Woody's home.",
    "genres" : [ {
      "id" : 16,
      "name" : "Animation"
    } ]
  }, {
    "id" : 234411,
    "title" : "Saddle-Sore Woody",
    "overview" : "Dirty McNasty wants Woody's horse and horsenaps it! Woody follows the villain into town and proceeds to wreck the place in order to get his horse back.",
    "genres" : [ {
      "id" : 16,
      "name" : "Animation"
    } ]
  }, {
    "id" : 234416,
    "title" : "Hawaiian Aye Aye",
    "overview" : "Tweety Bird is on vacation with his mistress, Granny, in Hawaii, where Sylvester Cat is scrounging for food on a beach...",
    "genres" : [ {
      "id" : 16,
      "name" : "Animation"
    } ]
  }, {
    "id" : 234421,
    "title" : "Freudy Cat",
    "overview" : "Sylvester Cat is a basket case, convinced that baby kangaroo Hippety Hopper is everywhere, around every corner, waiting to damage his pride yet again in front of his son. Junior takes his fearful father to a cat psychiatrist to whom Sylvester confides his constant frustration at being unable to defeat the \"giant mouse\".",
    "genres" : [ ]
  }, {
    "id" : 234426,
    "title" : "Joachim, Put It in the Machine",
    "overview" : "A sincere provincial young man, Frantisek Koudelka leaves to work in Prague. For the trip he buys a computer made horoscope with biorhythms charts, marked according to his date of birth, there are trappy, precarious, unsuccessful and even critical days and few successful days. The clumsy luckless person Frantisek has finally a guidance for his life.",
    "genres" : [ {
      "id" : 35,
      "name" : "Comedy"
    } ]
  }, {
    "id" : 234431,
    "title" : "A Message to Gracias",
    "overview" : "Sylvester Cat has caught and eaten every messenger the Mexican revolutionary mice send to General Gracias. So, Speedy Gonzales is summoned to outwit and outrun Sylvester and reach the General with an important message, which turns out to be a birthday greeting!",
    "genres" : [ {
      "id" : 16,
      "name" : "Animation"
    }, {
      "id" : 35,
      "name" : "Comedy"
    } ]
  }, {
    "id" : 234446,
    "title" : "Jasmine",
    "overview" : "France, end of the 70s: Alain is the author of several cartoon films. His romantic meeting with a young Iranian student, Jasmine, changes the course of his life.  Teheran, 1978: The revolution sweeps away the despised regime of the Shah. Alain has joined Jasmine, their love grows in secret, with the hope that a new life is possible. The introduction of the Islamic Republic will destroy their illusions, and separate the two lovers ... For how long?  30 years later, it is time for Alain to revisit the theatre of his memory. Several faded blue aerograms, Super-8 films ... Not much remains. With his fingertips, from the bottom of the heart, he resurrects the past, image by image. In the restitution of a mysterious and oppressive Teheran, in the helter-skelter of history, beings of paste and blood fight, like many others, for love and freedom.",
    "genres" : [ {
      "id" : 16,
      "name" : "Animation"
    } ]
  }, {
    "id" : 234451,
    "title" : "Tepee for Two",
    "overview" : "When Woody makes way too much racket with his TV set and musical instruments, his neighbors have had enough and evict him from the entire city...",
    "genres" : [ {
      "id" : 16,
      "name" : "Animation"
    } ]
  }, {
    "id" : 234456,
    "title" : "The Tenant's Racket",
    "overview" : "The cartoon starts off with Woody who, tired of flying, stops to rest on a cloud...",
    "genres" : [ {
      "id" : 16,
      "name" : "Animation"
    } ]
  }, {
    "id" : 234461,
    "title" : "Mexican Cat Dance",
    "overview" : "Mexican mice take over a bullfight ring after all the people have left, and they arrange their own entertainment, with Speedy Gonzales as a matador and Sylvester Cat substituting for a bull.",
    "genres" : [ ]
  }, {
    "id" : 234466,
    "title" : "Aqua Duck",
    "overview" : "Lost in a desert, Daffy Duck finds a gold nugget and is unwilling to part with it even though he is in desperate need of water.",
    "genres" : [ ]
  }, {
    "id" : 234471,
    "title" : "Rajónové blues",
    "overview" : "",
    "genres" : [ {
      "id" : 18,
      "name" : "Drama"
    }, {
      "id" : 35,
      "name" : "Comedy"
    }, {
      "id" : 10402,
      "name" : "Music"
    } ]
  }, {
    "id" : 234476,
    "title" : "Semi-dokyumento: Mibôjin geshuku",
    "overview" : "Pinku from 1974.",
    "genres" : [ ]
  } ]
}