{
  "movies" : [ {
    "id" : 2841,
    "title" : "A Very Long Engagement",
    "overview" : "In 1919, Mathilde was 19 years old. Two years earlier, her fiancé Manech left for the front at the Somme. Like millions of others he was \"killed on the field of battle.\" It's written in black and white on the official notice. But Mathilde refuses to believe it. If Manech had died, she would know. She hangs on to her intuition as tightly as she would onto the last thread of hope linking her to her lover. A former sergeant tells her in vain that Manech died in the no man's land of a trench named Bingo Crepescule, in the company of four other men condemned to die for self-inflicted wounds. Her path ahead is full of obstacles but Mathilde is not frightened. Anything is possible to someone who is willing to challenge fate...",
    "genres" : [ {
      "id" : 18,
      "name" : "Drama"
    } ]
  }, {
    "id" : 2846,
    "title" : "Zwischen Flieder wandern und singen",
    "overview" : "",
    "genres" : [ {
      "id" : 18,
      "name" : "Drama"
    } ]
  }, {
    "id" : 2851,
    "title" : "Pulsar",
    "overview" : "",
    "genres" : [ {
      "id" : 18,
      "name" : "Drama"
    } ]
  }, {
    "id" : 2856,
    "title" : "Half Past Ten",
    "overview" : "No overview found.",
    "genres" : [ {
      "id" : 18,
      "name" : "Drama"
    } ]
  }, {
    "id" : 2861,
    "title" : "A Good Marriage",
    "overview" : "Sabine vows to give up married lovers, and is determined to find a good husband. Her best friend Clarisse introduces her to her cousin Edmond, a busy lawyer from Paris. Sabine pursues Edmond, with the encouragement of Clarisse, but Edmond does not seem very interested.",
    "genres" : [ {
      "id" : 18,
      "name" : "Drama"
    }, {
      "id" : 35,
      "name" : "Comedy"
    }, {
      "id" : 10749,
      "name" : "Romance"
    } ]
  }, {
    "id" : 2891,
    "title" : "An Angel at My Table",
    "overview" : "Janet Frame grows up in a poor family. She is different than the other kids. She is considered abnormal and locked away in a mental institution for eight years. Everything changes when she starts writing books.",
    "genres" : [ {
      "id" : 18,
      "name" : "Drama"
    } ]
  }, {
    "id" : 2896,
    "title" : "Agitator",
    "overview" : "When a young Yakuza torments the customers in a rival crime family's nightclub, it is not long before his dead body is found. Soon, inter-family retaliation follows, resulting in the death fo a prominent crime boss. Devastated by htis turn of events, the temperamental Kenzaki vows to avenge his boss's death and, as bloody violence ensues, the body count reaches excessive proportions.",
    "genres" : [ {
      "id" : 80,
      "name" : "Crime"
    }, {
      "id" : 18,
      "name" : "Drama"
    } ]
  }, {
    "id" : 2901,
    "title" : "Atash",
    "overview" : "No overview found.",
    "genres" : [ {
      "id" : 18,
      "name" : "Drama"
    } ]
  }, {
    "id" : 2906,
    "title" : "Amiga de los amores mal entendidos",
    "overview" : "",
    "genres" : [ {
      "id" : 18,
      "name" : "Drama"
    }, {
      "id" : 53,
      "name" : "Thriller"
    } ]
  }, {
    "id" : 2911,
    "title" : "The Last Drop",
    "overview" : "Different factions in WWII-era Holland race to find a stash of Nazi gold.",
    "genres" : [ {
      "id" : 28,
      "name" : "Action"
    }, {
      "id" : 80,
      "name" : "Crime"
    }, {
      "id" : 36,
      "name" : "History"
    }, {
      "id" : 10752,
      "name" : "War"
    } ]
  }, {
    "id" : 2926,
    "title" : "The Three Musketeers",
    "overview" : "The young D'Artagnan arrives in Paris with dreams of becoming a king's musketeer. He meets and quarrels with three men, Athos, Porthos, and Aramis, each of whom challenges him to a duel. D'Artagnan finds out they are musketeers and is invited to join them in their efforts to oppose Cardinal Richelieu, who wishes to increase his already considerable power over the king. D'Artagnan must also juggle affairs with the charming Constance Bonancieux and the passionate Lady De Winter, a secret agent for the cardinal.",
    "genres" : [ {
      "id" : 28,
      "name" : "Action"
    }, {
      "id" : 12,
      "name" : "Adventure"
    }, {
      "id" : 35,
      "name" : "Comedy"
    }, {
      "id" : 18,
      "name" : "Drama"
    } ]
  }, {
    "id" : 2956,
    "title" : "Homunculus, 1. Teil",
    "overview" : "Part of the artificial-creature series encompassing Der Golem (1914 and 1920), Alraune (1918, 1928, 1930) and Metropolis (1926), 'Homunculus' was the most popular serial in Germany during World War I even influencing the dress of fashionable Berlin. Foenss, a Danish star, is the perfect creature manufactured in a laboratory by Kuehne. Having discovered his origins, that he has no 'soul' and is incapable of love, he revenges himself on mankind, instigating revolutions and becoming a monstrous but beautiful tyrant, relentlessly pursued by his creator-father who seeks to rectify his mistake.",
    "genres" : [ {
      "id" : 27,
      "name" : "Horror"
    }, {
      "id" : 878,
      "name" : "Science Fiction"
    } ]
  }, {
    "id" : 2961,
    "title" : "The Destruction of Mankind",
    "overview" : "No overview found.",
    "genres" : [ {
      "id" : 27,
      "name" : "Horror"
    }, {
      "id" : 878,
      "name" : "Science Fiction"
    } ]
  }, {
    "id" : 2966,
    "title" : "20,000 Leagues Under the Sea",
    "overview" : "The year is 1886, when New England's fishing harbours are the scene for a \"creature of unknown origin\" destroying ships at sea. It is the job of Professor Pierre Aronnax, a marine expert, and Ned Land, the iron willed sailor, to learn the truth of the \"monster\" roaming the seas. The great novelist, Jules Verne, described this perilous journey to the darkest depths of the sea with Captain Nemo aboard the Nautilus.",
    "genres" : [ {
      "id" : 12,
      "name" : "Adventure"
    }, {
      "id" : 14,
      "name" : "Fantasy"
    }, {
      "id" : 28,
      "name" : "Action"
    }, {
      "id" : 878,
      "name" : "Science Fiction"
    } ]
  }, {
    "id" : 2971,
    "title" : "Alraune",
    "overview" : "A scientist creates a murderess when he artificially inseminates a prostitute with the seed of an executed killer.",
    "genres" : [ {
      "id" : 18,
      "name" : "Drama"
    }, {
      "id" : 878,
      "name" : "Science Fiction"
    } ]
  }, {
    "id" : 2976,
    "title" : "Hairspray",
    "overview" : "Pleasantly plump teenager, Tracy Turnblad and her best friend, Penny Pingleton audition to be on The Corny Collins Show – and Tracy wins. But when scheming Amber Von Tussle and her mother plot to destroy Tracy, it turns to chaos.",
    "genres" : [ {
      "id" : 10751,
      "name" : "Family"
    }, {
      "id" : 35,
      "name" : "Comedy"
    }, {
      "id" : 10402,
      "name" : "Music"
    }, {
      "id" : 10749,
      "name" : "Romance"
    } ]
  }, {
    "id" : 2981,
    "title" : "The Lost World",
    "overview" : "The first film adaptation of Sir Arthur Conan Doyle's classic novel about a land where prehistoric creatures still roam.",
    "genres" : [ {
      "id" : 12,
      "name" : "Adventure"
    }, {
      "id" : 18,
      "name" : "Drama"
    }, {
      "id" : 14,
      "name" : "Fantasy"
    }, {
      "id" : 878,
      "name" : "Science Fiction"
    } ]
  }, {
    "id" : 2986,
    "title" : "Satan's Harvest",
    "overview" : "Murdock inherits an estate in Africa, on which \"Satan's Harvest\" (heroin and marijuana) is grown. The thugs growing the drugs want him out of the way, so things get messy.",
    "genres" : [ ]
  }, {
    "id" : 2991,
    "title" : "A Diary of a Murderess",
    "overview" : "A beautiful young woman sets her sights on an aging millionaire. She seduces him, and moves into his mansion with him. She soon tires of him, though, and after she gets rid of him, she goes after his son.",
    "genres" : [ {
      "id" : 53,
      "name" : "Thriller"
    } ]
  }, {
    "id" : 2996,
    "title" : "The Lost World",
    "overview" : "Arthur Conan Doyle's \"Lost World\" performed live as a filmed audio drama.",
    "genres" : [ {
      "id" : 878,
      "name" : "Science Fiction"
    } ]
  }, {
    "id" : 3001,
    "title" : "How to Steal a Million",
    "overview" : "A woman must steal a statue from a Paris museum to help conceal her father's art forgeries.",
    "genres" : [ {
      "id" : 35,
      "name" : "Comedy"
    }, {
      "id" : 80,
      "name" : "Crime"
    }, {
      "id" : 10749,
      "name" : "Romance"
    } ]
  }, {
    "id" : 3006,
    "title" : "Dr. Jekyll and Mr. Hyde",
    "overview" : "No overview found.",
    "genres" : [ {
      "id" : 14,
      "name" : "Fantasy"
    }, {
      "id" : 27,
      "name" : "Horror"
    } ]
  }, {
    "id" : 3011,
    "title" : "Good Neighbor Sam",
    "overview" : "To help his divorced neighbor claim a substantial inheritance, a family man poses as her husband. The ruse spills over into his career in advertising, and his recent promotion relies on his wholesome and moral appearance.",
    "genres" : [ {
      "id" : 35,
      "name" : "Comedy"
    } ]
  }, {
    "id" : 3016,
    "title" : "Dr. Jekyll and Mr. Hyde",
    "overview" : "Dr. Jekyll and Mr. Hyde is a 1920 horror silent film based upon Robert Louis Stevenson's novella The Strange Case of Dr Jekyll and Mr Hyde and starring actor John Barrymore.",
    "genres" : [ {
      "id" : 18,
      "name" : "Drama"
    }, {
      "id" : 27,
      "name" : "Horror"
    }, {
      "id" : 878,
      "name" : "Science Fiction"
    } ]
  }, {
    "id" : 3021,
    "title" : "1408",
    "overview" : "A man who specializes in debunking paranormal occurrences checks into the fabled room 1408 in the Dolphin Hotel. Soon after settling in, he confronts genuine terror.",
    "genres" : [ {
      "id" : 27,
      "name" : "Horror"
    }, {
      "id" : 53,
      "name" : "Thriller"
    } ]
  }, {
    "id" : 3026,
    "title" : "The Testament of Dr. Cordelier",
    "overview" : "Dr. Cordelier, living in a suburb of Paris, withdraws from society to pursue research into the functioning of the human brain. His lifelong friend, Maître Joly, becomes concerned when Cordelier draws up a will that bequeaths his entire estate to a stranger, Monsieur Opale; he cannot understand why Cordelier defends him, considering Opale attacks women and children. After a colleague is killed, Joly confronts Cordelier and discovers the truth behind his friend's behavior.",
    "genres" : [ {
      "id" : 18,
      "name" : "Drama"
    }, {
      "id" : 27,
      "name" : "Horror"
    } ]
  }, {
    "id" : 3031,
    "title" : "Island of Lost Souls",
    "overview" : "An obsessed scientist conducts profane experiments in evolution, eventually establishing himself as the self-styled demigod to a race of mutated, half-human abominations.",
    "genres" : [ {
      "id" : 12,
      "name" : "Adventure"
    }, {
      "id" : 27,
      "name" : "Horror"
    }, {
      "id" : 878,
      "name" : "Science Fiction"
    } ]
  }, {
    "id" : 3036,
    "title" : "Mary Shelley's Frankenstein",
    "overview" : "Based on Mary Shelley's novel, \"Frankenstein\" tells the story of Victor Frankenstein, a promising young doctor who, devastated by the death of his mother during childbirth, becomes obsessed with bringing the dead back to life. His experiments lead to the creation of a monster, which Frankenstein has put together with the remains of corpses. It's not long before Frankenstein regrets his actions.",
    "genres" : [ {
      "id" : 18,
      "name" : "Drama"
    }, {
      "id" : 27,
      "name" : "Horror"
    }, {
      "id" : 878,
      "name" : "Science Fiction"
    }, {
      "id" : 10749,
      "name" : "Romance"
    } ]
  }, {
    "id" : 3041,
    "title" : "In Bed",
    "overview" : "It all begins at a party in Santiago, Chile, when a seemingly innocent gesture -- the offer of a ride home -- ends in a passionate night of lovemaking and intense conversation for young singles Bruno and Daniela. Shacked up at a flea-bitten motel for a one-night stand, the pair lingers deep into the night, alternating between powerful physical encounters and an ever-deepening emotional connection.",
    "genres" : [ {
      "id" : 18,
      "name" : "Drama"
    }, {
      "id" : 10749,
      "name" : "Romance"
    } ]
  }, {
    "id" : 3051,
    "title" : "Eye of the Devil",
    "overview" : "A French nobleman deserts his wife because of an ancient family secret.",
    "genres" : [ {
      "id" : 80,
      "name" : "Crime"
    }, {
      "id" : 27,
      "name" : "Horror"
    }, {
      "id" : 9648,
      "name" : "Mystery"
    } ]
  }, {
    "id" : 3056,
    "title" : "Frankenstein",
    "overview" : "Two hundred years after Mary Shelley's novel the brilliant but mad Doctor has sustained his creature and himself over two centuries through genetic experimentation. In present-day America Detective O'Connor is investigating a series of horrific murders which leads her to the doctor and his creature. What she uncovers reveals the strange evolution the doctor and his creation undergo over the course of two centuries and the divergent paths creator and monster take in pursuing good or evil.  Detective Carson O'Conner and her partner Detective Michael Sloane are investigating murders of a serial-killer that mutilates and removes the internal organs of the victims. When they meet the mysterious and macabre Deucalion, they are informed that Dr. Frankenstein is alive with a legion of followers, using the name of Dr. Victor Helios.",
    "genres" : [ {
      "id" : 10770,
      "name" : "TV Movie"
    }, {
      "id" : 18,
      "name" : "Drama"
    }, {
      "id" : 27,
      "name" : "Horror"
    }, {
      "id" : 878,
      "name" : "Science Fiction"
    }, {
      "id" : 9648,
      "name" : "Mystery"
    } ]
  }, {
    "id" : 3061,
    "title" : "The Crowd",
    "overview" : "The film centers on ambitious but undisciplined New York City office worker John who meets and marries Mary. They start a family, struggle to cope with marital stress, financial setbacks, and tragedy, all while lost amid the anonymous, pitiless throngs of the big city.",
    "genres" : [ {
      "id" : 18,
      "name" : "Drama"
    } ]
  }, {
    "id" : 3066,
    "title" : "Monster of Frankenstein",
    "overview" : "The film centers around the life of Victor Frankenstein. After creating the monster together with his partner Zuckel, the monster attacks the assistant and falls from a cliff. Assuming the monster is dead, Victor returns to his wife Elizabeth and daughter Emily. A police inspector named Bellbeau investigates some mysterious mutilations killings, and Victor is blackmailed by his former assistant, who lost an eye in his fight with the monster.",
    "genres" : [ {
      "id" : 27,
      "name" : "Horror"
    }, {
      "id" : 16,
      "name" : "Animation"
    } ]
  }, {
    "id" : 3071,
    "title" : "Frankenstein",
    "overview" : "Frankenstein is a 2007 British television film produced by Impossible Pictures for ITV. It was written and directed by Jed Mercurio, adapted from Mary Shelley's original novel to a present-day setting. Dr. Victoria Frankenstein, a female geneticist, accidentally creates a monster while growing her son's clone from stem cells as an organ donor in an effort to prevent his imminent death.",
    "genres" : [ {
      "id" : 18,
      "name" : "Drama"
    } ]
  }, {
    "id" : 3076,
    "title" : "Frankenstein Meets the Wolf Man",
    "overview" : "Graverobbers open the grave of the Wolfman and awake him. He doesn't like the idea of being immortal and killing people when the moon is full, so he tries to find Dr. Frankenstein, in the hopes that the Dr. can cure him, but Frankenstein is dead and only his Monster is alive and this one wants to live, not to die like the Wolfman.",
    "genres" : [ {
      "id" : 27,
      "name" : "Horror"
    }, {
      "id" : 878,
      "name" : "Science Fiction"
    } ]
  }, {
    "id" : 3081,
    "title" : "The Goddess",
    "overview" : "Booze, pills and loneliness mark a young actress' rise to stardom.",
    "genres" : [ {
      "id" : 18,
      "name" : "Drama"
    } ]
  }, {
    "id" : 3086,
    "title" : "The Lady Eve",
    "overview" : "It's no accident when wealthy Charles falls for Jean. Jean is a con artist with her sights set on Charles' fortune. Matters complicate when Jean starts falling for her mark. When Charles suspects Jean is a gold digger, he dumps her. Jean, fixated on revenge and still pining for the millionaire, devises a plan to get back in Charles' life. With love and payback on her mind, she re-introduces herself to Charles, this time as an aristocrat named Lady Eve Sidwich.",
    "genres" : [ {
      "id" : 35,
      "name" : "Comedy"
    }, {
      "id" : 10749,
      "name" : "Romance"
    } ]
  }, {
    "id" : 3096,
    "title" : "Dos billetes",
    "overview" : "",
    "genres" : [ {
      "id" : 80,
      "name" : "Crime"
    }, {
      "id" : 53,
      "name" : "Thriller"
    } ]
  }, {
    "id" : 3101,
    "title" : "I Love You to Death",
    "overview" : "Joey Boca is the owner of a pizza parlor located in Tacoma, Washington, and has been married to Rosalie for years. Rosalie is horrified to discover that Joey is a womanizer and has been cheating on her for a long time. Based on the true story of Frances and Anthony Toto.",
    "genres" : [ {
      "id" : 28,
      "name" : "Action"
    }, {
      "id" : 35,
      "name" : "Comedy"
    }, {
      "id" : 80,
      "name" : "Crime"
    } ]
  }, {
    "id" : 3111,
    "title" : "A Star Is Born",
    "overview" : "A movie star helps a young singer/actress find fame, even as age and alcoholism send his own career into a downward spiral.",
    "genres" : [ {
      "id" : 18,
      "name" : "Drama"
    }, {
      "id" : 10402,
      "name" : "Music"
    }, {
      "id" : 10749,
      "name" : "Romance"
    } ]
  }, {
    "id" : 3116,
    "title" : "Midnight Cowboy",
    "overview" : "A naive male prostitute and his sickly friend struggle to survive on the streets of New York City.",
    "genres" : [ {
      "id" : 18,
      "name" : "Drama"
    } ]
  }, {
    "id" : 3121,
    "title" : "Nashville",
    "overview" : "This movie tells the intersecting stories of various people connected to the music business in Nashville. Barbara Jean is the reigning queen of Nashville but is near collapse. Linnea and Delbert Reese have a shaky marriage and 2 deaf children. Opal is a British journalist touring the area. These and other stories come together in a dramatic climax.",
    "genres" : [ {
      "id" : 18,
      "name" : "Drama"
    }, {
      "id" : 10402,
      "name" : "Music"
    } ]
  }, {
    "id" : 3126,
    "title" : "Alvin and the Chipmunks Meet Frankenstein",
    "overview" : "While the Chipmunks are working at the amusement park, Majestic Movie Studios, in a singing attraction. Little do they know that the real Dr. Frankenstein are in a new attraction called, \"Frankenstein's Castle\". After Alvin drives a crazy bus ride, they miss their next performance and get locked in the park after closing time. Dr. Frankenstein figures that the castle isn't scary enough and re-creates the real Frankenstein and after the monster finds the boys, it starts a wild and wacky adventure!",
    "genres" : [ {
      "id" : 16,
      "name" : "Animation"
    }, {
      "id" : 35,
      "name" : "Comedy"
    } ]
  }, {
    "id" : 3131,
    "title" : "Gangs of New York",
    "overview" : "It's 1863. America was born in the streets. Amsterdam Vallon returns to the Five Points of America to seek vengeance against the psychotic gangland kingpin, Bill the Butcher, who murdered his father years earlier. With an eager pickpocket by his side and a whole new army, Vallon fights his way to seek vengeance on the Butcher and restore peace in the area.",
    "genres" : [ {
      "id" : 18,
      "name" : "Drama"
    }, {
      "id" : 36,
      "name" : "History"
    }, {
      "id" : 80,
      "name" : "Crime"
    } ]
  }, {
    "id" : 3146,
    "title" : "The War of the Gargantuas",
    "overview" : "An experimental lab animal called a gargantua escapes from his captors and is suspected to be the creature that is killing people all over the countryside. But when the gargantua from the lab appears at the same time as the evil gargantua, the two begin to battle across Japan.",
    "genres" : [ {
      "id" : 28,
      "name" : "Action"
    }, {
      "id" : 27,
      "name" : "Horror"
    }, {
      "id" : 878,
      "name" : "Science Fiction"
    } ]
  }, {
    "id" : 3151,
    "title" : "Frankenstein General Hospital",
    "overview" : "A mad doctor puts together a new body by using body parts he steals from a mortuary at the hospital where he works.",
    "genres" : [ {
      "id" : 27,
      "name" : "Horror"
    }, {
      "id" : 35,
      "name" : "Comedy"
    } ]
  }, {
    "id" : 3156,
    "title" : "Tu vas rire mais je vais te tuer",
    "overview" : "No overview found.",
    "genres" : [ {
      "id" : 35,
      "name" : "Comedy"
    } ]
  }, {
    "id" : 3161,
    "title" : "Making Frankensense of 'Young Frankenstein'",
    "overview" : "A 40-minute documentary about the making of 'Young Frankenstein', mainly told through an interview with writer/actor Gene Wilder.",
    "genres" : [ {
      "id" : 99,
      "name" : "Documentary"
    } ]
  }, {
    "id" : 3166,
    "title" : "Frankenstein Meets the Spacemonster",
    "overview" : "When an atomic war on Mars destroys the planet's women, it's up to Martian Princess Marcuzan and her right-hand man Dr. Nadir to travel to earth and kidnap women for new breeding stock. Landing in Puerto Rico, they shoot down a NASA space capsule manned by an android. With his electronic brain damaged, the android terrorizes the island while the Martians raid beaches and pool parties",
    "genres" : [ {
      "id" : 27,
      "name" : "Horror"
    }, {
      "id" : 878,
      "name" : "Science Fiction"
    } ]
  }, {
    "id" : 3171,
    "title" : "Bambi Meets Godzilla",
    "overview" : "Bambi is nibbling the grass, unaware of the upcoming encounter with Godzilla. Who will win when they finally meet?",
    "genres" : [ {
      "id" : 16,
      "name" : "Animation"
    }, {
      "id" : 35,
      "name" : "Comedy"
    } ]
  }, {
    "id" : 3176,
    "title" : "Battle Royale",
    "overview" : "In the future, the Japanese government captures a class of ninth-grade students and forces them to kill each other under the revolutionary \"Battle Royale\" act.",
    "genres" : [ {
      "id" : 18,
      "name" : "Drama"
    }, {
      "id" : 53,
      "name" : "Thriller"
    }, {
      "id" : 12,
      "name" : "Adventure"
    } ]
  }, {
    "id" : 3201,
    "title" : "The Vindicator",
    "overview" : "An employee of a secret company operation becomes the victim of the company's special weapons project. He is transformed into a robotic killing machine that, because of his programming must destroy anything that comes near him.",
    "genres" : [ {
      "id" : 28,
      "name" : "Action"
    }, {
      "id" : 27,
      "name" : "Horror"
    }, {
      "id" : 878,
      "name" : "Science Fiction"
    } ]
  }, {
    "id" : 3206,
    "title" : "Frankenstein vs. the Creature from Blood Cove",
    "overview" : "Near an isolated beach on California's coast, a sinister plan is underway in a laboratory of horror. Three renegade scientists have resurrected the Frankenstein Monster. . . legendary indestructible dead man come to life. . . and they have also created a biogentically engineered half-man, half fish abomination. . . to use as secret weapons in the fight against terrorists worldwide. However, disaster strikes when the terrifying monsters chemical brainwashing fails and the entire plan goes to hell! Instead of stopping terror, these invincible monsters spread terror! The first victims. . . young people on a glamour photo shoot are attacked by the amphibious beast of evil! Rescued and held hostage by the scientists, the survivors must find a way to escape the madmen and the monsters!",
    "genres" : [ {
      "id" : 27,
      "name" : "Horror"
    }, {
      "id" : 878,
      "name" : "Science Fiction"
    } ]
  }, {
    "id" : 3211,
    "title" : "Allen and Rossi meet Dracula and Frankenstein",
    "overview" : "No overview found.",
    "genres" : [ {
      "id" : 35,
      "name" : "Comedy"
    } ]
  }, {
    "id" : 3216,
    "title" : "Assignment Terror",
    "overview" : "Aliens from a dying world plot to conquer earth by praying on man's superstitions. Bringing two dead scientists (Michael Rennie and Karin Dor) back to life, they use their knowledge to re-animate various earth monsters, including the werewolf Waldemar Daninsky, Frankenstein's monster (both played by Jacinto Molina), the mummy Tao-Tet, and the vampire Count de Meirhoff.",
    "genres" : [ {
      "id" : 27,
      "name" : "Horror"
    }, {
      "id" : 878,
      "name" : "Science Fiction"
    } ]
  }, {
    "id" : 3286,
    "title" : "Island - Insel im Norden",
    "overview" : "No overview found.",
    "genres" : [ {
      "id" : 99,
      "name" : "Documentary"
    } ]
  }, {
    "id" : 3291,
    "title" : "Good Night, and Good Luck.",
    "overview" : "The story of journalist, Edward R Murrow's stand against Senator McCarthy's anti-communist witch-hunts in the early 1950s.",
    "genres" : [ {
      "id" : 18,
      "name" : "Drama"
    }, {
      "id" : 36,
      "name" : "History"
    } ]
  }, {
    "id" : 3306,
    "title" : "Frankenstein '80",
    "overview" : "A mad scientist creates a monster called \"Mosaico,\" who breaks out of the laboratory to hunt down and kill beautiful women.",
    "genres" : [ {
      "id" : 27,
      "name" : "Horror"
    }, {
      "id" : 878,
      "name" : "Science Fiction"
    } ]
  }, {
    "id" : 3346,
    "title" : "Frankenstein, the Vampire and Company",
    "overview" : "No overview found.",
    "genres" : [ {
      "id" : 27,
      "name" : "Horror"
    }, {
      "id" : 35,
      "name" : "Comedy"
    }, {
      "id" : 878,
      "name" : "Science Fiction"
    } ]
  }, {
    "id" : 3351,
    "title" : "Frankenstein Reborn: Behind the Scenes",
    "overview" : "No overview found.",
    "genres" : [ {
      "id" : 99,
      "name" : "Documentary"
    } ]
  }, {
    "id" : 3361,
    "title" : "Video Kings",
    "overview" : "Flo und sein Kumpel Hotte arbeiten in der mies gehenden Neuköllner Videothek Video König. Kein Wunder, denn Hotte glänzt mit null Filmwissen, und Flo muss mit damit fertig werden, von seiner Freundin verlassen worden zu sein. Die beiden Unglücksvögel lassen sich vom Kiez-Gauner Bernhardt abzocken, von Schlägern die Fresse polieren und Inkasso-Unternehmen drangsalieren. Ein Glück, dass für Flo wenigstens wieder die Liebe in Form von Nachbarin Ramona lacht, auch wenn diese möglicherweise eine Prostituierte ist.",
    "genres" : [ {
      "id" : 35,
      "name" : "Comedy"
    }, {
      "id" : 18,
      "name" : "Drama"
    } ]
  }, {
    "id" : 3396,
    "title" : "The Yes Men",
    "overview" : "A comic, biting and revelatory documentary following a small group of prankster activists as they gain worldwide notoriety for impersonating the World Trade Organization (WTO) on television and at business conferences around the world.",
    "genres" : [ {
      "id" : 35,
      "name" : "Comedy"
    }, {
      "id" : 99,
      "name" : "Documentary"
    } ]
  }, {
    "id" : 3401,
    "title" : "Scenes from the Sex Struggles at North Beverly Drive, Los Angeles, CA (Remix)",
    "overview" : "No overview found.",
    "genres" : [ ]
  }, {
    "id" : 3406,
    "title" : "Frankenstein's Grandson Moses - Version Changes",
    "overview" : "",
    "genres" : [ {
      "id" : 27,
      "name" : "Horror"
    } ]
  }, {
    "id" : 3411,
    "title" : "Robot Wrecks",
    "overview" : "Spanky and the gang discover a demonstration of a \"human-like\" robot named Volto and are inspired to create a robot themselves to do their chores for them. Slicker Walburn convinces them they will need \"invisible rays\" to bring it to life which he just happens to have to sell to them. As they rush off to get their money, Slicker gets Boxcar Smith to wear the robot's outer body so when he \"brings\" the robot to life, it will be Boxcar bringing it to life. The gang unsuspectedly gets their robot to mow the lawn at Froggy's house, but with a signal from Slicker, Boxcar runs amok and mows down everything in his path. Froggy gets to explain what happened to his parents who bust up the fraud and get the miscreants to work with the gang to clean up the mess.",
    "genres" : [ {
      "id" : 35,
      "name" : "Comedy"
    }, {
      "id" : 878,
      "name" : "Science Fiction"
    } ]
  }, {
    "id" : 3416,
    "title" : "Il Mostro di Frankenstein",
    "overview" : "The last silent Frankenstein film. While there is plenty of promotional material proving this film was shown internationally, there is currently no known film print and it is believed lost.",
    "genres" : [ {
      "id" : 27,
      "name" : "Horror"
    } ]
  }, {
    "id" : 3421,
    "title" : "Bloomfield",
    "overview" : "No overview found.",
    "genres" : [ {
      "id" : 18,
      "name" : "Drama"
    } ]
  }, {
    "id" : 3426,
    "title" : "Cesar and Rosalie",
    "overview" : "Claude Sautet's romantic drama stars Romy Schneider as Rosalie, a beautiful young woman involved with successful businessman Cesar (Yves Montand). One day, Rosalie's former flame David (Sami Frey) appears and attempts to win her back. Cesar reacts with a jealous intensity never before seen by Rosalie, and because of that, she returns to David. She remains conflicted regarding her choice of partner, but eventually, one of the men does something which resolves the situation. (Allmovie)",
    "genres" : [ {
      "id" : 10749,
      "name" : "Romance"
    }, {
      "id" : 18,
      "name" : "Drama"
    }, {
      "id" : 35,
      "name" : "Comedy"
    } ]
  }, {
    "id" : 3471,
    "title" : "Siren of Atlantis",
    "overview" : "Two Foreign Legion soldiers, Jean (Dennis O'Keefe) and Andre (Jean Pierre Aumont), accidentally discover the famed lost continent of Atlantis. Bewitched by the sultry, beauty of the Queen of Atlantis (Maria Montez) the two men vie for her affections; little realising that her previous lovers have been embalmed into statues that line the passages of her kingdom.",
    "genres" : [ {
      "id" : 12,
      "name" : "Adventure"
    } ]
  }, {
    "id" : 3476,
    "title" : "That Most Important Thing: Love",
    "overview" : "Servais Mont, a photographer, meets Nadine Chevalier who earns her money starring in cheap soft-core movies. Trying to help her, he borrows the money from the loan sharks to finance the theatrical production of 'Richard III' and gives Nadine a part.",
    "genres" : [ {
      "id" : 18,
      "name" : "Drama"
    }, {
      "id" : 10749,
      "name" : "Romance"
    } ]
  }, {
    "id" : 3481,
    "title" : "The Face of Fu Manchu",
    "overview" : "Grisly strangulations in London alert Nayland Smith of Scotland Yard to the possibility that fiendish Fu Manchu may not after all be dead, even though Smith witnessed his execution. A killer spray made from Tibetan berries seems to be involved and clues keep leading back to the Thames.",
    "genres" : [ {
      "id" : 80,
      "name" : "Crime"
    } ]
  }, {
    "id" : 3486,
    "title" : "The Fiendish Plot of Dr. Fu Manchu",
    "overview" : "Fu Manchu's 168th birthday celebration is dampened when a hapless flunky spills Fu's age-regressing elixir vitae. Fu sends his lackeys to round up ingredients for a new batch of elixir, starting with the Star of Leningrad diamond, nabbed from a Soviet exhibition in Washington. The FBI sends agents Capone and Williams to England to confer with Nayland Smith, an expert on Fu.",
    "genres" : [ {
      "id" : 35,
      "name" : "Comedy"
    }, {
      "id" : 27,
      "name" : "Horror"
    } ]
  }, {
    "id" : 3511,
    "title" : "The Broken",
    "overview" : "The life of a successful radiologist spirals out of control when she sees the spitting image of herself driving down a London street. While attempting to uncover who the imposter could be, she stumbles into a terrifying mystery that her family and closest friends are somehow involved in, leaving her with no one to trust.",
    "genres" : [ {
      "id" : 53,
      "name" : "Thriller"
    }, {
      "id" : 18,
      "name" : "Drama"
    }, {
      "id" : 27,
      "name" : "Horror"
    } ]
  }, {
    "id" : 3516,
    "title" : "largo e mesto",
    "overview" : "No overview found.",
    "genres" : [ {
      "id" : 99,
      "name" : "Documentary"
    } ]
  }, {
    "id" : 3521,
    "title" : "The Puzzle of the Red Orchid",
    "overview" : "Rival gangsters from Chicago move to London and attempt to extort money from rich Britons.",
    "genres" : [ {
      "id" : 80,
      "name" : "Crime"
    }, {
      "id" : 27,
      "name" : "Horror"
    }, {
      "id" : 53,
      "name" : "Thriller"
    } ]
  }, {
    "id" : 3526,
    "title" : "Frances",
    "overview" : "The true story of Frances Farmer's meteoric rise to fame in Hollywood and the tragic turn her life took when she was blacklisted.",
    "genres" : [ {
      "id" : 18,
      "name" : "Drama"
    } ]
  }, {
    "id" : 3536,
    "title" : "U-571",
    "overview" : "In the midst of World War II, the battle under the sea rages and the Nazis have the upper hand as the Allies are unable to crack their war codes. However, after a wrecked U-boat sends out an SOS signal, the Allies realise this is their chance to seize the 'enigma coding machine'.",
    "genres" : [ {
      "id" : 28,
      "name" : "Action"
    }, {
      "id" : 18,
      "name" : "Drama"
    }, {
      "id" : 53,
      "name" : "Thriller"
    }, {
      "id" : 10752,
      "name" : "War"
    } ]
  }, {
    "id" : 3541,
    "title" : "The Mad Dog Killer",
    "overview" : "Sadistic no-count killer Nanni Vitali and three other equally brutish hoodlums escape from prison. The foul foursome embark on a savage rape, murder, and robbery spree. Vitali even abducts and defiles frightened hapless lass Giuliana Caroli. Meanwhile, rugged police inspector Giulio Santini is determined to bag the despicable Vitali.",
    "genres" : [ {
      "id" : 28,
      "name" : "Action"
    }, {
      "id" : 53,
      "name" : "Thriller"
    }, {
      "id" : 80,
      "name" : "Crime"
    }, {
      "id" : 10769,
      "name" : "Foreign"
    } ]
  }, {
    "id" : 3546,
    "title" : "Wsciekly",
    "overview" : "No overview found.",
    "genres" : [ {
      "id" : 80,
      "name" : "Crime"
    }, {
      "id" : 53,
      "name" : "Thriller"
    } ]
  }, {
    "id" : 3556,
    "title" : "Mad Dog Coll",
    "overview" : "Killer Vincent \"Mad Dog\" Coll moves in on gangster Dutch Schultz in 1920s New York.",
    "genres" : [ {
      "id" : 80,
      "name" : "Crime"
    }, {
      "id" : 18,
      "name" : "Drama"
    } ]
  }, {
    "id" : 3561,
    "title" : "Obscene Desire",
    "overview" : "Amanda, a beautiful American girl is soon to be married to Andrea Orsomandi, a wealthy nobleman who lives in an extravagant Gothic mansion. However there exists something dark, sinister and supernatural within the walls of the mansion. It seems that Andrea has been driven to madness and is a victim of the evil contained within the house. It soon transpires that he is involved in black magic, perverse rituals and serial killings with the aid of his sadistic henchman and gardener Giovanni. Killing prostitutes in order to exorcise this Evil. Now the demonic forces set out to possess Amanda,take her soul and turn her into another victim of the mansion.",
    "genres" : [ {
      "id" : 27,
      "name" : "Horror"
    } ]
  }, {
    "id" : 3576,
    "title" : "Calling Dr. Gillespie",
    "overview" : "Dr. Gillespie is called in to investigate when a young man suffering from mental problems disappears on a killing spree.",
    "genres" : [ {
      "id" : 18,
      "name" : "Drama"
    }, {
      "id" : 53,
      "name" : "Thriller"
    } ]
  }, {
    "id" : 3581,
    "title" : "Death Line",
    "overview" : "There's something pretty grisly going on under London in the Tube tunnels between Holborn and Russell Square. When a top civil servant becomes the latest to disappear down there Scotland Yard start to take the matter seriously. Helping them are a young couple who get nearer to the horrors underground than they would wish.",
    "genres" : [ {
      "id" : 27,
      "name" : "Horror"
    } ]
  }, {
    "id" : 3586,
    "title" : "Prêt-à-Porter",
    "overview" : "Paris Fashion Week draws the usual bunch of people; designers, reporters, models, magazine editors, photographers. Follows the various storylines of these characters, centering around a murder investigation of a prominent fashion figure. Features an all-star cast.",
    "genres" : [ {
      "id" : 18,
      "name" : "Drama"
    }, {
      "id" : 35,
      "name" : "Comedy"
    } ]
  }, {
    "id" : 3591,
    "title" : "One Million Years B.C.",
    "overview" : "As the Earth wrestles with its agonising birth, the peoples of this barren and desolate world struggle to survive. Driven by animal instinct they compete against the harsh conditions, their giant predators, and warring tribes. When two people from opposing clans fall in love, existing conventions are shattered forever as each tribe struggles for supremacy and Man embarks on his tortuous voyage of civilisation.",
    "genres" : [ {
      "id" : 28,
      "name" : "Action"
    }, {
      "id" : 12,
      "name" : "Adventure"
    }, {
      "id" : 14,
      "name" : "Fantasy"
    } ]
  }, {
    "id" : 3596,
    "title" : "Things to Come",
    "overview" : "Late 1960 and the world consists of feudal cities after decades of a global war and plague. 2035 and the world has been rebuilt with fantastic technology, but has progress gone too far and has man learned anything.",
    "genres" : [ {
      "id" : 18,
      "name" : "Drama"
    }, {
      "id" : 878,
      "name" : "Science Fiction"
    } ]
  }, {
    "id" : 3631,
    "title" : "Tara Road",
    "overview" : "Two grieving women - Ria, a Dublin mom whose husband discloses he's in love with a woman already pregnant, and Marilyn, a Connecticut Yankee who's son has died - swap houses for a couple months. Marilyn finds solace in Ria's garden and becomes friends with Colm, a local with a restaurant and his own demons. Ria gets a job cooking, has a date or two, and gradually comes out of her shell. Meanwhile,",
    "genres" : [ {
      "id" : 18,
      "name" : "Drama"
    } ]
  }, {
    "id" : 3641,
    "title" : "House of Ricordi",
    "overview" : "",
    "genres" : [ {
      "id" : 36,
      "name" : "History"
    } ]
  }, {
    "id" : 3681,
    "title" : "What's New Pussycat?",
    "overview" : "A playboy who refuses to give up his hedonistic lifestyle to settle down and marry his true love seeks help from a demented psychoanalyst who is having romantic problems of his own.",
    "genres" : [ {
      "id" : 35,
      "name" : "Comedy"
    }, {
      "id" : 10749,
      "name" : "Romance"
    } ]
  }, {
    "id" : 3686,
    "title" : "Last of the Renegades",
    "overview" : "Forester, a ruthless oil baron, wants to create a war between the native American tribes and the white men. Old Shatterhand, Winnetou and their sidekick Castlepool try to prevent this.",
    "genres" : [ {
      "id" : 37,
      "name" : "Western"
    } ]
  }, {
    "id" : 3691,
    "title" : "Train d'enfer",
    "overview" : "No overview found.",
    "genres" : [ {
      "id" : 53,
      "name" : "Thriller"
    } ]
  }, {
    "id" : 3696,
    "title" : "Versatile Lovers",
    "overview" : "",
    "genres" : [ {
      "id" : 18,
      "name" : "Drama"
    } ]
  }, {
    "id" : 3701,
    "title" : "Gang War in Milan",
    "overview" : "A Milan pimp faces off against a ruthless and greedy French gangster whom wants to unite organized crime in Italy.",
    "genres" : [ {
      "id" : 28,
      "name" : "Action"
    }, {
      "id" : 80,
      "name" : "Crime"
    }, {
      "id" : 53,
      "name" : "Thriller"
    } ]
  }, {
    "id" : 3716,
    "title" : "In July",
    "overview" : "Can Daniel follow the sun from Hamburg to the Bosporus by Friday to meet his love?",
    "genres" : [ {
      "id" : 12,
      "name" : "Adventure"
    }, {
      "id" : 35,
      "name" : "Comedy"
    }, {
      "id" : 10749,
      "name" : "Romance"
    } ]
  }, {
    "id" : 3766,
    "title" : "The Lady from Shanghai",
    "overview" : "A romantic drifter gets caught between a corrupt tycoon and his voluptuous wife.",
    "genres" : [ {
      "id" : 80,
      "name" : "Crime"
    }, {
      "id" : 18,
      "name" : "Drama"
    }, {
      "id" : 9648,
      "name" : "Mystery"
    } ]
  }, {
    "id" : 3786,
    "title" : "Buck Rogers in the 25th Century",
    "overview" : "Capt. William \"Buck\" Rogers is a jovial space cowboy who is accidentally time-warped from 1987 to 2491. Earth is engaged in interplanetary war following a global holocaust, and Buck's piloting skills make him an ideal starfighter recruit for the Earth Defense Directorate, where his closest colleagues are Dr. Huer (Tim O'Connor), squadron leader Col. Wilma Deering (former model Erin Gray, looking oh-so-foxy), the wisecracking robot Twiki (voiced by cartoon legend Mel Blanc), and a portable computer-brain named Dr. Theopolis, who's carried by Twiki like oversized bling-bling.",
    "genres" : [ {
      "id" : 878,
      "name" : "Science Fiction"
    }, {
      "id" : 10770,
      "name" : "TV Movie"
    } ]
  }, {
    "id" : 3846,
    "title" : "The Musical Marvel",
    "overview" : "No overview found.",
    "genres" : [ {
      "id" : 35,
      "name" : "Comedy"
    } ]
  }, {
    "id" : 3851,
    "title" : "Für den unbekannten Hund",
    "overview" : "",
    "genres" : [ {
      "id" : 18,
      "name" : "Drama"
    } ]
  }, {
    "id" : 3866,
    "title" : "D-Day on Mars",
    "overview" : "This is a shortened version of the 1945 Republic serial \"The Purple Monster Strikes,\" which was released to television in 1966.",
    "genres" : [ {
      "id" : 878,
      "name" : "Science Fiction"
    } ]
  }, {
    "id" : 3901,
    "title" : "Deszcz",
    "overview" : "",
    "genres" : [ {
      "id" : 18,
      "name" : "Drama"
    } ]
  } ]
}