{
  "movies" : [ {
    "id" : 324801,
    "title" : "The Lost Dragon",
    "overview" : "During a mission to Earth, two fairies are exposed to the human world for the first time. Everything is new and strange which causes lots of nuisance, but also generates laughter from acts when trying to \"integrate\" with the world of humans. From this, two fairies understand the meaning of love, friendship and rediscover themselves.",
    "genres" : [ {
      "id" : 35,
      "name" : "Comedy"
    } ]
  }, {
    "id" : 324806,
    "title" : "The Skid Kid",
    "overview" : "A kid finds a pair of magic boots that grant him special powers.",
    "genres" : [ {
      "id" : 878,
      "name" : "Science Fiction"
    }, {
      "id" : 28,
      "name" : "Action"
    }, {
      "id" : 12,
      "name" : "Adventure"
    } ]
  }, {
    "id" : 324811,
    "title" : "Sora Aoi's Adventures in Wonderland",
    "overview" : "G-Cup model Sora Aoi is shrunken down to palm size! her adventures unfolds in a strange world.",
    "genres" : [ {
      "id" : 99,
      "name" : "Documentary"
    } ]
  }, {
    "id" : 324816,
    "title" : "Casting sauvage",
    "overview" : "",
    "genres" : [ ]
  }, {
    "id" : 324821,
    "title" : "The Laws of Eternity",
    "overview" : "When a group of students manage to complete Thomas Edison's unfinished \"spirit phone\" that allows communication with the dead, they are brought to the spirit world by an ancient Incan priest.  There they meet historic figures such as Albert Einstein, Buddha, and Friedrich Nietzsche and learn the hidden truths of the cosmos, heaven, hell, and God.",
    "genres" : [ {
      "id" : 16,
      "name" : "Animation"
    }, {
      "id" : 14,
      "name" : "Fantasy"
    } ]
  }, {
    "id" : 324826,
    "title" : "Wings of Mystery",
    "overview" : "Sheffield, England: someone in the steelworks is selling details of a new alloy to a foreign agent. The children lead to his capture with the help of a prize pigeon.",
    "genres" : [ {
      "id" : 10751,
      "name" : "Family"
    } ]
  }, {
    "id" : 324841,
    "title" : "Treasure in Malta",
    "overview" : "Six episodes relating to a thriller of a hunt after archaeological treasure in Malta, and the thwarting of crooks.",
    "genres" : [ {
      "id" : 10751,
      "name" : "Family"
    } ]
  }, {
    "id" : 324851,
    "title" : "Bob De Bouwer Packers Eerste dag",
    "overview" : "",
    "genres" : [ ]
  }, {
    "id" : 324861,
    "title" : "Ernst Bobbie En De Rest Avonturen Op Het Kasteel",
    "overview" : "",
    "genres" : [ ]
  }, {
    "id" : 324866,
    "title" : "The James Holmes Conspiracy",
    "overview" : "Documentary detailing the life of James Eagan Holmes who was the suspected perpetrator of a mass shooting that occurred on July 20, 2012, at a movie theatre in Aurora, Colorado. He had no known criminal record prior to the shooting.  This film includes several witness testimonies, news reports, theories and ideas behind the motives of the crime.",
    "genres" : [ {
      "id" : 99,
      "name" : "Documentary"
    } ]
  }, {
    "id" : 324871,
    "title" : "Ernst Bobbie En De Rest Feest In De Circustent",
    "overview" : "",
    "genres" : [ ]
  }, {
    "id" : 324876,
    "title" : "Soapy Wet Tits",
    "overview" : "These sexy ladies like to soap up their big juggs to get you all worked up before you enter their wet twats and pound the hell out of them!",
    "genres" : [ ]
  }, {
    "id" : 324881,
    "title" : "Het Zandkasteel Deel 3",
    "overview" : "",
    "genres" : [ {
      "id" : 10751,
      "name" : "Family"
    } ]
  }, {
    "id" : 324886,
    "title" : "Het Zandkasteel Deel 6",
    "overview" : "",
    "genres" : [ ]
  }, {
    "id" : 324891,
    "title" : "Élodie Bradford",
    "overview" : "",
    "genres" : [ {
      "id" : 35,
      "name" : "Comedy"
    } ]
  }, {
    "id" : 324896,
    "title" : "Mega Mindy - De Pinguinjas",
    "overview" : "",
    "genres" : [ ]
  }, {
    "id" : 324901,
    "title" : "Nightwish: Please Learn The Setlist In 48 Hours",
    "overview" : "An intimate, two-hour documentary of Nightwish’s innermost-workings – included in their upcoming Showtime, Storytime DVD – is a story about what happens when persistence and desire pushes towards dreams. Directed by Ville Lipiäinen (30 Seconds To Mars, HIM) and shot with seventeen cameras at the Wacken Open Air Festival in front of 85,000 fans, the 110-minute live performance by Finland’s most beloved rockers Nightwish was the first of three final shows of the band’s 2013 “Imaginaerum World Tour” which consisted of 104 concerts in 34 countries and a total audience of over 1.5 million fans around the globe.",
    "genres" : [ {
      "id" : 99,
      "name" : "Documentary"
    }, {
      "id" : 10402,
      "name" : "Music"
    } ]
  }, {
    "id" : 324911,
    "title" : "Aaron Briggs and the HMS Gaspee",
    "overview" : "Starting from a simple parade, a documentary film traces the legacy of slavery in Colonial Rhode Island and the role of the Brown family, who later would endow an Ivy League university in Providence, Brown University.",
    "genres" : [ ]
  }, {
    "id" : 324916,
    "title" : "Benedict XVI, the Last Pope",
    "overview" : "St. Malachy, a Catholic Priest in the early 1100s, received a vision that gave him a motto for all the Popes from his time \"to the end of time.\" The total number of Popes from Celestine II till the end would be 111 according to St. Malachy's prophecy. In the late 1950's or early 60's the Catholic Church added the 112th whose motto was given as \"Peterus Romanus.\" This presentation provides a summary of Malachy's prophecy, describes the reasons that Benedict XVI is the last Pope, the 111th, and the consequences for the church and the world.",
    "genres" : [ ]
  }, {
    "id" : 324921,
    "title" : "Happy F***ing Endings",
    "overview" : "You meet someone, fall in love and live happily ever after - that's what's supposed to happen, right? But is life ever that simple? Old friends Rachel and Iain are desperate to pursue their own paths to what they think is true love, until they slowly realise their love for one another. The path to true love is far from smooth, when Clare decides to intervene, with her supernatural powers to change time, in this unconventional sci-fi rom-com. Clare meddles with their courtship to try to fight the inevitability that, in a romantic comedy, there will always be a happy f****** ending.",
    "genres" : [ ]
  }, {
    "id" : 324926,
    "title" : "Plop en het Muizenmeisje",
    "overview" : "",
    "genres" : [ {
      "id" : 10751,
      "name" : "Family"
    } ]
  }, {
    "id" : 324931,
    "title" : "REJECTED! Turned Down! Ignored! and #*?/@ ON!",
    "overview" : "New Comedy Video For Dummies HOLLYWOOD, CA. - July 01, 2014 - Walters &amp; Associates Productions announces the release of a new hilarious, paradoxical comedy video. Designed for appeal to the simpleminded viewer (basic dummy) as well as the intellectual (sophisticated dummy), this unique, eclectic mix of humor has received rave reviews from liberal and conservative entertainment critics alike.",
    "genres" : [ ]
  }, {
    "id" : 324936,
    "title" : "The Big Zoo",
    "overview" : "Part of the award-winning BIG Adventure Series from Little Mammoth Media! Lions and tigers... and hedgehogs! See lions, tigers, rhinos, emus, snakes, bats, otters, goats, giraffes, hippos, porcupines, lizards, turtles, sitatungas, monkeys, penguins, bears, and praire dogs! Learn why zebras have stripes, why flamingoes are pink, what polar bears do for fun, and much, much more! Experience feeding day a the Reptile House, a visit to the Zoo Hospital and meet all the people who make the BIG Zoo work!",
    "genres" : [ ]
  }, {
    "id" : 324941,
    "title" : "The Portalz Vol 1 -- Issa Camia",
    "overview" : "The Portalz is a CGI animated fantasy drama based on the popular web series. In Vol. One Issa/Camia, we see how Isabella and Aaron's forbidden romance began.",
    "genres" : [ ]
  }, {
    "id" : 324946,
    "title" : "Verdi, Un Ballo in Maschera - Salvatore Licitra, Maria Guleghina, Riccardo Muti, Teatro alla Scala",
    "overview" : "Conducted by Riccardo Muti, the master of the Scala in Milan for twenty years, the Verdian melodrama unfolds before our eyes. This Cavani's approach is ageless and excellence is pre-eminent: to start with, the role of Riccardo is played by the wonderful Salvatore Licitra. As for Maria Guleghina, she plays an exceptionally good Amelia. Riccardo Muti proves once again what a wonderful Verdian he is.",
    "genres" : [ {
      "id" : 10402,
      "name" : "Music"
    } ]
  }, {
    "id" : 324951,
    "title" : "Waupun Truck N' Show 2012 Truck Show",
    "overview" : "Filmed in Waupun, Wisconsin. You?ll see tricked out custom show trucks, show highlights, daytime and night time truck parades, and interviews. Learn about the professional drivers and the equipment they run across America.",
    "genres" : [ ]
  }, {
    "id" : 324956,
    "title" : "Ancient & Medieval Worlds Series: Medieval World",
    "overview" : "After The Fall: Medieval European world. Feudalism is the political structure. Origins of feudalism. Basis. Obligations. Chivalry. Urban life. Manorialism is the economic structure. Serfs. Knights. The nobles are somewhat better off. Pleasures in life. The Church: The Catholic Church. Positives. Monastic orders. Negatives. The Crusades. The Bubonic Plague : The Black Death. Population craziness. Jews. Aftermath of the plague. The lords: The decline of the medieval world. Beginning of the modern world. Selected theme: What explains the profound backwardness, population stagnation, and the cities all but disappearing during Medieval Europe?",
    "genres" : [ ]
  }, {
    "id" : 324961,
    "title" : "Michele Schottenbauer, Live in Concert 1996",
    "overview" : "Full-length recital by Michele Schottenbauer, at that time 20 years old, performing selections by Mozart, Scriabin, Schoenberg, Debussy, and Liszt.",
    "genres" : [ ]
  }, {
    "id" : 324966,
    "title" : "Warren Miller's Ski Ala Carte",
    "overview" : "What's more appetizing than deep powder snow and some incredible skiing: Warren Miller's Ski Ala Carte. Join the all you can ski buffet with skiers like John Reveal, Phil Mahre, Steve Mahre, Kurt Miller, Mike Chew, Karen Huntoon, Cindy Clinker, Bob Klein, Karen Jacobsen and many many more as they ski some of the most traditional ski resorts in the world as well as some very non-traditional places. From Keystone and Copper, up to Canada, and all the way across the world to Greece and Chamonix, come along and take a ski adventure that will surely satisfy your hunger for skiing.",
    "genres" : [ ]
  }, {
    "id" : 324971,
    "title" : "Khud-Daar",
    "overview" : "Khud-Daar is a 1982 Indian Hindi movie directed by Ravi Tandon. The music is by Rajesh Roshan and the lyrics by Majrooh Sultanpuri. The film stars Amitabh Bachchan, Parveen Babi, Vinod Mehra, Sanjeev Kumar, Prem Chopra, Mehmood, Bindiya Goswami and Tanuja in pivotal roles. It was remade in Tamil as Padikkadhavan which starred Rajinikanth and in Telugu as Driver Babu with Sobhan Babu.",
    "genres" : [ ]
  }, {
    "id" : 324981,
    "title" : "Oasis: Lord Don't Slow Me Down",
    "overview" : "Lord Don't Slow Me Down is a rockumentary film, looking back on British rock band Oasis' Don't Believe the Truth world tour which took place from May 2005 to March 2006. The film is directed by Baillie Walsh. It went platinum in the UK",
    "genres" : [ {
      "id" : 10402,
      "name" : "Music"
    } ]
  }, {
    "id" : 324986,
    "title" : "The Last House on Cemetery Lane",
    "overview" : "Screenwriter John Davies has grown tired of living in London and moves to an old manor house in a sleepy West Wales village to get out of the rat race. At first he enjoys himself, embracing the quieter pace of life and starting a relationship with his beautiful neighbour Cassie Konrad. But strange, unexplained occurrences begin to occur in the manor house. John discovers he is surrounded by a supernatural presence and begins to research the house's past, discovering secrets more terrible than he ever imagined. It is now up to John to right the injustices of the past and finally lay to rest the spirits which haunt the Last House on Cemetery Lane.",
    "genres" : [ {
      "id" : 27,
      "name" : "Horror"
    } ]
  }, {
    "id" : 324991,
    "title" : "Allure",
    "overview" : "Based on true stories, ALLURE is a process-driven film, where filmmakers and actors worked together through a series of improvisations to tell the stories of five women in New York, who come from five very different countries. Each one struggles to overcome her personal conflict, set against the Occupy Wall Street movements of 2011. These stories touch and inform each other, and create a larger narrative about gender, emigration, power, class, and personal politics.",
    "genres" : [ {
      "id" : 18,
      "name" : "Drama"
    } ]
  }, {
    "id" : 324996,
    "title" : "Nothing to Hide",
    "overview" : "A classic from the \"Golden Age of Porn.\" Two best friends couldn't be more different; Jack is a smooth-talking ladies man, while Lenny is anything but. But when Lenny meets Karen, it threatens to change the dynamic of their friendship.",
    "genres" : [ {
      "id" : 35,
      "name" : "Comedy"
    } ]
  }, {
    "id" : 325001,
    "title" : "Captain",
    "overview" : "Steve, mid-thirties and an unpublished author, had taken a writing class with Carl Johnson an award-winning novelist. Carl sees the potential in Steve. In writing exercises, he stuns his classmates with his wit and use of language but Carl wants more. Carl and his wife Trish are planning a trip and ask Steve if he could take care of their Chihuahua Captain. Steve says yes without hesitation, thinking it will be a good opportunity to re-establish his relationship with Carl, who three months earlier, kicked him out of class and wouldn't be allowed back until he made a commitment to becoming the best writer he could be.",
    "genres" : [ ]
  }, {
    "id" : 325006,
    "title" : "The Mayfair Set",
    "overview" : "The Mayfair Set is a series of films that study how buccaneer capitalists of hot money were allowed to shape the Thatcher government in Britain during the 1980s. The series focuses on the rise of Colonel David Stirling, Jim Slater, James Goldsmith and Tiny Rowland — all members of The Clermont club in the 1960s, and how their distinct financial roles influenced the Thatcher government…",
    "genres" : [ {
      "id" : 99,
      "name" : "Documentary"
    } ]
  }, {
    "id" : 325011,
    "title" : "At The Mercy Of It All",
    "overview" : "Listening to The Body's I Shall Die Here, I was pulled into this landscape that had been created; an incredibly visual account of death, tragedy and loss. I had this image of a man, his face covered in dirt, but his arms still moving and his eyes open. Body and soil. The image reminded me of the kind of parallels artist Robert Smithson made between geological change and the fragility of the mind, which in turn gave me the emotional content of the film. To quote Smithson, \"One's mind and the earth are in a constant state of erosion, mental rivers wear away abstract banks, brain waves undermine cliffs of thought, ideas decompose into stones of unknowing, and conceptual crystallizations break apart into deposits of gritty reason.\"",
    "genres" : [ {
      "id" : 18,
      "name" : "Drama"
    } ]
  }, {
    "id" : 325016,
    "title" : "I giorni più belli",
    "overview" : "",
    "genres" : [ {
      "id" : 35,
      "name" : "Comedy"
    } ]
  }, {
    "id" : 325021,
    "title" : "Showtek: Shakes the Valley",
    "overview" : "Dance Valley's 20th anniversary had a killer line up whole day, and from that we bring you Dutch Bad Boys Showtek. They took the international EDM scene by storm with their electric/uplifting sound.",
    "genres" : [ ]
  }, {
    "id" : 325026,
    "title" : "Brum og Motocross Mesteren",
    "overview" : "",
    "genres" : [ {
      "id" : 10751,
      "name" : "Family"
    }, {
      "id" : 14,
      "name" : "Fantasy"
    } ]
  }, {
    "id" : 325031,
    "title" : "Ugly Revenge",
    "overview" : "Ron Lynch, JB Smoove, and Amy Poehler all star in this western set in modern day Manhattan.",
    "genres" : [ ]
  }, {
    "id" : 325036,
    "title" : "Nueva Argirópolis",
    "overview" : "Snatches of conversation, movements in coastal areas, videos circulating on the Internet warning of a conspiracy. From the Bermejo river basin there are people who sail in camalotes to the islands that are emerging in the Delta. Maybe it’s an invasion, perhaps an attempt at re-foundation.",
    "genres" : [ ]
  }, {
    "id" : 325041,
    "title" : "Traces Left",
    "overview" : "The career of Norman McLaren is well documented; less so that of his collaborator, the textiles artist, sculptress and active member of the Glasgow Kino Film Group, Helen Biggar. Traces Left explores the part Biggar played in the making of Hell Unltd, plus her contributions to the vibrant Glaswegian art and political scene of the 30s and 40s. Don’t miss this rare screening.",
    "genres" : [ ]
  }, {
    "id" : 325046,
    "title" : "When Dr. Quackell Did Hide",
    "overview" : "A comedic parody of Jekyll and Hyde.",
    "genres" : [ {
      "id" : 35,
      "name" : "Comedy"
    } ]
  }, {
    "id" : 325051,
    "title" : "Fetish Fanatic 15",
    "overview" : "Director Aiden Riley guides us through the intriguing world of kinky lesbian lust in the four smoldering, Sapphic scenes of Fetish Fanatic 15. Eight of the hottest young sluts in the porn industry pair off and enjoy a variety of perversions and distractions in their passionate quests to make each other cum! As always in Aiden's releases, the feature includes tons of revealing interviews and backstage footage. Lingerie-clad cuties Maddy O'Reilly and Abella Danger explore one another's plump, jiggling ass and juicy pussy. Sexy brunettes Gabriella Paltrova and Dana DeArmond turn a yoga workout into a sphincter-stretching, fart-sniffing, toe-sucking rendezvous! Athletic Euro-slut Lea Lexis and black beauty Skin Diamond worship each other, eat pussy-flavored bananas and use a frozen dessert pop as a double dildo. Finally, bitchy babe Sinn Sage wipes the insipid smile off of pretty girlfriend Sasha Heart, replacing it with her O face via a passionate strap-on fucking!",
    "genres" : [ ]
  }, {
    "id" : 325056,
    "title" : "My Sexy Kittens #51",
    "overview" : "Hardcore sex, lesbian play, and masturbation? Why, it's all catnip for these 10 sexy little kittens. They're young, they're horny, and they're licking their chops and ready to go. Eight scenes in two full hours of action.",
    "genres" : [ ]
  }, {
    "id" : 325061,
    "title" : "Samson & Gert Deel 15",
    "overview" : "",
    "genres" : [ ]
  }, {
    "id" : 325066,
    "title" : "Buurman & Buurman Deel 1",
    "overview" : "",
    "genres" : [ {
      "id" : 16,
      "name" : "Animation"
    } ]
  }, {
    "id" : 325071,
    "title" : "Garage Sale Mystery: The Deadly Room",
    "overview" : "A sleuthing garage sale maven suspects foul play when her friend dies in an old house with a cursed reputation. Even though police evidence - and even webcam footage of the death – point to natural causes – this mysterious death in a cursed” home poised for multi-million dollar sale seems too coincidental. Putting her keen instincts to work, she examines a few key suspects. As she digs into this deadly mystery, she uncovers clues that bring her closer to the truth, and even put her own life in danger.",
    "genres" : [ {
      "id" : 10770,
      "name" : "TV Movie"
    }, {
      "id" : 9648,
      "name" : "Mystery"
    } ]
  }, {
    "id" : 325076,
    "title" : "Ordeal in the Desert",
    "overview" : "description",
    "genres" : [ {
      "id" : 10751,
      "name" : "Family"
    } ]
  }, {
    "id" : 325081,
    "title" : "Johnny Bakru",
    "overview" : "Nine year old Rose is living happily with her mother, four brothers and a limousine. Until the charming folk singer Johnny Ster walks into their live. Rose’s mother falls madly in love with Johnny, but Rose sees what nobody else seems to notice: Johnny is a ‘Bakru’, an evil spirit that is becharming her mother",
    "genres" : [ {
      "id" : 10751,
      "name" : "Family"
    }, {
      "id" : 18,
      "name" : "Drama"
    }, {
      "id" : 35,
      "name" : "Comedy"
    } ]
  }, {
    "id" : 325086,
    "title" : "Transmission",
    "overview" : "Set across post-apocalyptic Western Australian desert highways, Transmission takes the audiences on a compelling journey of survival as they follow 10 year old Tilly and her father Jim who try to make their way to the 'virus free' safe zone based in the small town of Leonora following an airborne pandemic that has wiped out 90% of the population of their hometown, Perth. Along the way Tilly must face up to some harsh lessons, most importantly, how to drive. She must endure the ultimate driving lesson in a post apocalyptic world.",
    "genres" : [ ]
  }, {
    "id" : 325091,
    "title" : "Sundara Swapnagalu",
    "overview" : "Sundara Swapnagalu (Kannada: ಸುಂದರ ಸ್ವಪ್ನಗಳು) is a 1986 Kannada melodrama film directed by K. Balachander and written by Maniyan. The film featured Sridhar in the main role along with Ramesh Aravind, Devilalitha, Janani and Kuyili, all making their on-screen debuts. Actress Tara and K. S. Ashwath featured in the supporting roles. Produced by V. Natarajan of Kavithalaya Productions, the film had score and soundtrack composed by Vijaya Bhaskar. The film was a remake of director's own Tamil film Sollathaan Ninaikkiren.",
    "genres" : [ {
      "id" : 10749,
      "name" : "Romance"
    }, {
      "id" : 10751,
      "name" : "Family"
    }, {
      "id" : 18,
      "name" : "Drama"
    } ]
  }, {
    "id" : 325096,
    "title" : "At the Party",
    "overview" : "Buddy Harris and Frank Radcliffe crack some jokes, play craps, and sing a song.",
    "genres" : [ {
      "id" : 35,
      "name" : "Comedy"
    } ]
  }, {
    "id" : 325101,
    "title" : "Les Etoiles ne meurent jamais",
    "overview" : "",
    "genres" : [ ]
  }, {
    "id" : 325106,
    "title" : "Winter Fever",
    "overview" : "Feeling sick this winter, well don't worry we have the perfect cure for you ailment, Warren Miller's Winter Fever. Follow along as some of the best skiers of the time like Junior Bounous, Suzie Patterson, Penelope Street, and Scotty Brooksbank show you some of the most classic and purest techniques from the early stages of extreme skiing. Travel all around and visit places like New Mexico, Crested Butte, Snowbasin, Mt. Baker, Wisconsin, Lake Placid, and Canada. If you start to feel a little hot and bothered after this movie don't worry, you just got a little case of Winter Fever.",
    "genres" : [ ]
  }, {
    "id" : 325111,
    "title" : "Wingman Inc.",
    "overview" : "When a professional wingman falls for a professional man-eater, it's only a matter of time before they realize that they're in love with the competition.",
    "genres" : [ {
      "id" : 10749,
      "name" : "Romance"
    }, {
      "id" : 35,
      "name" : "Comedy"
    } ]
  }, {
    "id" : 325116,
    "title" : "The Creators",
    "overview" : "Six artists sculpt South Africa's future from the fragments of a tumultuous past. The artists separately recraft history - and the impacts of apartheid - in their own artistic languages. How does creative expression traverse the divide?",
    "genres" : [ ]
  }, {
    "id" : 325121,
    "title" : "Rest Days",
    "overview" : "Johnny, an aspiring bodybuilder from Boston leaves behind his troubled past and heads to LA in hopes of training with his mentor from YouTube. His plans are quickly derailed by a shady porn director and a lifelong friend who is a murderous drug runner.",
    "genres" : [ ]
  }, {
    "id" : 325126,
    "title" : "Container 158",
    "overview" : "Everyday life and struggles of Romani people living in the biggest camp in Europe, located in Rome.",
    "genres" : [ ]
  }, {
    "id" : 325131,
    "title" : "Is This the Real World",
    "overview" : "In the real world you can't just do what you want. In the real world you have to compromise. Mark Blazey does not want to live in the real world. Living in a semi-industrial coastal town, seventeen-year old Mark is a smart kid from a chaotic family who has just thrown away a scholarship to a private school and found himself at the local high. At school Mark is zeroed in on by an overbearing principal who dominates everything around him. At home Mark is dealing with a jail-bound brother, his grandmother is fighting for her life, and a mum who's short fuse is kept doused with cask wine. His little sister is someone he wants to protect. When Mark finds his first real love he tries to escape all the forces in his life with her. But his love is with the daughter of his nemesis, the school principal. Simmering tensions boil over between the student and the teacher, between the son and his mother.",
    "genres" : [ {
      "id" : 18,
      "name" : "Drama"
    } ]
  }, {
    "id" : 325136,
    "title" : "Bharya",
    "overview" : "Bharya is a 1962 Malayalam language film starring Sathyan and Ragini in the lead roles. It was directed by Kunchacko[1] based on a novel with the same title by Kanam EJ. The novel was based on the controversial Thiruvalla Ammalu murder case.",
    "genres" : [ {
      "id" : 18,
      "name" : "Drama"
    } ]
  }, {
    "id" : 325141,
    "title" : "Fitz & the Tantrums: Live From the Aragon Ballroom",
    "overview" : "Fitz and The Tantrums return to Chicago and rock the crowd at the Aragon Ballroom for one fun-filled dance explosion. Set includes hits off their latest album \"More Than Just a Dream\" such as \"The Walker\" and \"Out of My League\".",
    "genres" : [ ]
  }, {
    "id" : 325146,
    "title" : "Hopeful Romantic",
    "overview" : "One man's emotional journey through love, heartbreak, and healing.",
    "genres" : [ ]
  }, {
    "id" : 325151,
    "title" : "Cathouse: The Musical",
    "overview" : "The Moonlite Bunny Ranch's most musically talented working girls sing onstage in this sexy show-stopping edition of 'Cathouse!'",
    "genres" : [ ]
  }, {
    "id" : 325161,
    "title" : "Love Under the Sun",
    "overview" : "On a splendid night, as elegant individuals lose themselves in dance in a ballroom, a rumor is born that one of the guests is HIV positive. Unprecedented fear and suspicion follow, with fallacies about HIV infection close up on its heels.",
    "genres" : [ {
      "id" : 10402,
      "name" : "Music"
    } ]
  }, {
    "id" : 325166,
    "title" : "The Final Song",
    "overview" : "A romantic comedy about a woman struggling to make it in the recording industry. Her life is complicated by her brother, a wacky garbage man who acts as her manager. He constantly sets her up with one humiliating gig after another, each one pushing her closer and closer to throwing in the towel for good. Only after a chance run in with love, do all her dreams finally come true.",
    "genres" : [ ]
  }, {
    "id" : 325171,
    "title" : "The Unapproachable",
    "overview" : "",
    "genres" : [ {
      "id" : 18,
      "name" : "Drama"
    } ]
  }, {
    "id" : 325176,
    "title" : "The Runaway",
    "overview" : "Day in the life of a French youth worker.",
    "genres" : [ {
      "id" : 18,
      "name" : "Drama"
    } ]
  }, {
    "id" : 325186,
    "title" : "Smothered",
    "overview" : "Five horror icons ditch an unprofitable autograph signing convention to earn some extra cash haunting an RV park, but find themselves being haunted instead.",
    "genres" : [ {
      "id" : 27,
      "name" : "Horror"
    }, {
      "id" : 35,
      "name" : "Comedy"
    } ]
  }, {
    "id" : 325191,
    "title" : "Trumpit",
    "overview" : "Avant-Garde short",
    "genres" : [ ]
  }, {
    "id" : 325196,
    "title" : "El camino de los gatos",
    "overview" : "Love story and family-melodrama set during the Mexican War Of Independence, 1860s.",
    "genres" : [ ]
  }, {
    "id" : 325216,
    "title" : "Memory Of The Youth",
    "overview" : "Fang, a lively and lovely girl from Qingdao, finds a violet which belongs to a little gentleman Yao. A true friendship starts to develop between them after this destined enounter. They grow together along with their friendship. However, Fang's mother wants Fang to get married and in order to escape, Fang decides to elude to Europe. Before her departure, the two young people finally realise love has already blossomed between them long time ago...",
    "genres" : [ ]
  }, {
    "id" : 325221,
    "title" : "La Riviere des Trois Jonques",
    "overview" : "",
    "genres" : [ ]
  }, {
    "id" : 325226,
    "title" : "Eat My Shit",
    "overview" : "Eat My Shit tells the tale of a woman with the unfortunate defect of having a butthole for a mouth.",
    "genres" : [ {
      "id" : 35,
      "name" : "Comedy"
    }, {
      "id" : 18,
      "name" : "Drama"
    } ]
  }, {
    "id" : 325231,
    "title" : "Godzilla: Ancient Enemy - The M.U.T.O.S",
    "overview" : "A documentary short featured on the DVD release of Godzilla (2014).",
    "genres" : [ ]
  }, {
    "id" : 325236,
    "title" : "HESOMORI -ヘソモリ-",
    "overview" : "",
    "genres" : [ {
      "id" : 35,
      "name" : "Comedy"
    }, {
      "id" : 18,
      "name" : "Drama"
    }, {
      "id" : 14,
      "name" : "Fantasy"
    } ]
  }, {
    "id" : 325241,
    "title" : "Stop Pepper Palmer",
    "overview" : "Three black guys from Utah, who happen to be the only black people from Utah, stumble upon a new black woman who has come to town. They begin to vie for her love but fear they aren't \"black enough\" to appeal to her. They hire someone from out of own, Pepper Palmer, to teach them how to act \"blacker,\" except when he arrives, he's not quite what they had in mind.",
    "genres" : [ ]
  }, {
    "id" : 325256,
    "title" : "Der Flug um den Erdball",
    "overview" : "A spectacular six-part action-adventure travelogue with stages in Genoa, Suez, Colombo, Singapore, Canton, Yokohama, Honolulu, San Francisco, New York and Brest.",
    "genres" : [ ]
  }, {
    "id" : 325261,
    "title" : "Im Schneeland",
    "overview" : "Directed by Stephan Settele.",
    "genres" : [ ]
  }, {
    "id" : 325266,
    "title" : "L Train",
    "overview" : "L TRAIN is the story of Sunny, a teenaged African American girl. Her commute through an inner city Chicago winter reinforces a negativity in her, until one day an encounter with a young woman who is differently-abled forces her to consider replacing her anger with compassion. L TRAIN aspires to be a brief, humble reminder of what we all might miss everyday.",
    "genres" : [ ]
  }, {
    "id" : 325271,
    "title" : "Cold War Era Cartoon Chronicles",
    "overview" : "This fascinating Video is a compilation of various cartoons that use humor to tout the dangers of Communism and the benefits of capitalism. It contains Cold War era cartoons defending the profit motive against anti-capitalist critics and telling American workers that they are the luckiest people in the world!The main message of all of the films is how you should be proud to be an American. Shot in the 1940s workers are told that increased productivity would bring about greater purchasing power during inflationary times. In the final clip there is an interesting corporate Cold War- era cartoon linking Bill Of rights to free-enterprise ideology.",
    "genres" : [ ]
  }, {
    "id" : 325276,
    "title" : "Good Song",
    "overview" : "The animated video is an awarded animation directed by David Shrigley and the group Shynola and included in \"Good Song\" DVD of English alternative rock band Blur.",
    "genres" : [ {
      "id" : 16,
      "name" : "Animation"
    } ]
  }, {
    "id" : 325281,
    "title" : "Historic Travel US Many Faces Of California",
    "overview" : "Ever since the gold fever died down and men discovered that California had much more to offer than just gold, people have thronged to this golden state which is sometimes jokingly referred to as the \"state of fruits and nuts\". A booming economy, availability of jobs and a pleasant climate have ensured that there are few dull moments when you are in California. The films on this Video offer a rare and historic glimpse of life in this \"Golden State\".",
    "genres" : [ ]
  }, {
    "id" : 325286,
    "title" : "Historic Travel US Ohio Surges On",
    "overview" : "This Video provides a fascinating peek at the northeastern corner of the prosperous state of Ohio and explains why it claims to be the \"best location in the nation\".",
    "genres" : [ ]
  }, {
    "id" : 325291,
    "title" : "History Of World War II Europe Invaded",
    "overview" : "Witness how the ambitions of one power-hungry man- Adolph Hitler-changed the course of world history forever! From his unprovoked invasion of Holland to his brilliant tactical invasion of France, this Video provides an in-depth view of how Hitler planned to bring Europe and the rest of the world under the Nazi flag!",
    "genres" : [ ]
  }, {
    "id" : 325296,
    "title" : "The House In The Park",
    "overview" : "Architects from Europe, America and China are invited to a Chinese provincial town. Within several months, they are to construct a park in Jinhua, intended to form the centre of a new district of that town. Where green fields now flourish and farmers plough the land, investors will soon flock, followed by new inhabitants and political reforms. But the project ends up being drawn out over years. The euphoria of the early stages runs up against a reality in which torn-open earth and the ambitious hopes of politicians, workers and locals are the only manifest features. The film documents the changes leading to the Jinhua Architecture Park - from the laying of the foundation stone to its final opening. In giving all participants in this process an opportunity to comment.",
    "genres" : [ ]
  }, {
    "id" : 325301,
    "title" : "English Poetry Anthology - The Victorian Poets",
    "overview" : "Features the works of favorite Victorian poets, including Tennyson, Browning, Hopkins and others. This fascinating program provides a revealing look into the great works of this period, plus filmed reconstructions which depict life during the Victorian Era.",
    "genres" : [ ]
  }, {
    "id" : 325306,
    "title" : "Historic Travel US In the Grip of The Great Depression Volume II",
    "overview" : "See how the people of Britton South Dakota faced up to the challenges thrown at them by the great depression of the 30s. Witness their resolute spirit and never-say-die attitude, in the fascinating films on this fabulous and historic DVD, the second of a two-volume set on South Dakota.",
    "genres" : [ ]
  }, {
    "id" : 325311,
    "title" : "Retaliate",
    "overview" : "After being betrayed and left for dead, David searches high and low for months; trying to find the man who betrayed him, John. After finding where he lives, he knocks on his door and greets him with a gun pointed to his head. After minutes of begging, even bigger secrets come to life which changes both men's lives forever.",
    "genres" : [ {
      "id" : 28,
      "name" : "Action"
    }, {
      "id" : 53,
      "name" : "Thriller"
    } ]
  }, {
    "id" : 325316,
    "title" : "The Kindness of Strangers",
    "overview" : "Ellie and Joe Farrelly are a busy couple bringing up a teenage son while running a large building company. When they suddenly have twins, a stranger comes into their life at just the time when they need help the most.",
    "genres" : [ {
      "id" : 18,
      "name" : "Drama"
    } ]
  }, {
    "id" : 325321,
    "title" : "The Coach",
    "overview" : "A man from a small place has become a coach of the biggest club in the country. He's coming back to his home town to buy a talented striker from a local club. A new striker immediately becomes a star in the big club. But a conflict between coach on one side and striker and manager of the club on the other occurs and results in coach leaving the club. He then becomes a coach of a big German club and in international competition has a match against his former club. In first game in Munich his former club wins which puts him in danger of losing position of coach in new club. But in the second game his team wins in Belgrade and goes trough. He once again goes to his home town and in the graveyard, at the tomb of his father, who died in war fighting Germans, asks himself what happened so he's now fighting for the Germans against a club from his own country.",
    "genres" : [ {
      "id" : 18,
      "name" : "Drama"
    } ]
  }, {
    "id" : 325326,
    "title" : "Perro Liquen",
    "overview" : "A young guy goes to the mountains to explore and create his own martial art. By Miguel Llansó",
    "genres" : [ ]
  }, {
    "id" : 325331,
    "title" : "Disregarded People",
    "overview" : "Young man, Yusuke Mamiana, fed up with his life meats a unattractive ugly girl, Kyoko, at his hometown. Out of his impulsive desire, he had a relationship by nearly raping her. They started to live together and gradually feel 'Family' attachment in each other. As time passes, Yusuke starts to think more about 'Happiness' of his family and himself.",
    "genres" : [ {
      "id" : 18,
      "name" : "Drama"
    } ]
  }, {
    "id" : 325336,
    "title" : "Hop Harrigan: America's Ace of the Airways",
    "overview" : "Hop Harrigan, a top Air Corps pilot, leaves the military and he and his mechanic, Tank Tinker, open up a small charter air service. They are hired to fly an inventor, Dr. Tabor, to his secret laboratory, where he is working on a new and powerful energy machine. However, a mysterious villain named The Chief Pilot is determined to have the new energy machine for his own purposes and kidnaps Dr. Tabor.",
    "genres" : [ ]
  }, {
    "id" : 325341,
    "title" : "Andre Mehmari e Na Ozzetti - Piano e Voz",
    "overview" : "Then it was to be only a show and became an album. Best for Brazilian music. The CD André Mehmari - Na Ozzetti - piano and voice brings together for the first time, the precious voice Na Ozzetti and the talent of pianist André Mehmari in a handful of songs that scans the Brazilian music in various periods and also covers what best in international song. The repertoire, which has the song Mehmari own, in partnership with Cristina Saraiva (Vôo da Bailarina) and goes to Pixinguinha (Rosa) but also passes by Caetano Veloso (O Ciúme), Luiz Tatit and Dante Ozzetti (Nosso Amor), Zé Miguel wisnik and Paulo Neves (Pérolas aos Poucos), Nelson Ukulele (Luz Negra) and Tom Jobim (Gabriela), among others.",
    "genres" : [ {
      "id" : 10402,
      "name" : "Music"
    } ]
  }, {
    "id" : 325346,
    "title" : "The Hollars",
    "overview" : "Aspiring New York City artist, John Hollar returns to his Middle America hometown on the eve of his mother’s brain surgery. Joined by his girlfriend, eight months pregnant with their first child, John is forced to navigate the crazy world he left behind.",
    "genres" : [ {
      "id" : 35,
      "name" : "Comedy"
    }, {
      "id" : 18,
      "name" : "Drama"
    } ]
  }, {
    "id" : 325351,
    "title" : "Itt a szabadság!",
    "overview" : "",
    "genres" : [ {
      "id" : 35,
      "name" : "Comedy"
    }, {
      "id" : 18,
      "name" : "Drama"
    } ]
  }, {
    "id" : 325356,
    "title" : "Mutantès : dans la tête de Pierre Lapointe",
    "overview" : "Documentary about Pierre Lapointe's show Mutantès.",
    "genres" : [ {
      "id" : 99,
      "name" : "Documentary"
    } ]
  }, {
    "id" : 325361,
    "title" : "Joyce Crazy Band Live",
    "overview" : "Recorded live at the  Franco Zampari Theather, TV Cultura of São Paulo, the DVD \"Joyce Crazy Band Live\" brings together musicians first, in the company of one of the most acclaimed Brazilian artists abroad. Joyce show the musical complicity between her and her band in a contemporary production.",
    "genres" : [ {
      "id" : 10402,
      "name" : "Music"
    } ]
  } ]
}