{
  "movies" : [ {
    "id" : 204711,
    "title" : "Candlelight in Algeria",
    "overview" : "Candlelight in Algeria is a 1944 British war film directed by George King and starring James Mason, Carla Lehmann and Raymond Lovell. This drama follows the exploits of Eisenhower's top aide, Mark Clark, and other important Allies as they journey to an important meeting held on Algeria's coast. The precise location of this vital secret gathering is upon a piece of film which must not fall into enemy hands",
    "genres" : [ {
      "id" : 18,
      "name" : "Drama"
    }, {
      "id" : 10752,
      "name" : "War"
    } ]
  }, {
    "id" : 204716,
    "title" : "Midnight Alibi",
    "overview" : "A man suspected of murder seeks an elderly woman's help in providing the alibi that will prove his innocence.",
    "genres" : [ ]
  }, {
    "id" : 204721,
    "title" : "The Strike",
    "overview" : "",
    "genres" : [ {
      "id" : 18,
      "name" : "Drama"
    } ]
  }, {
    "id" : 204731,
    "title" : "Alfons Zitterbacke",
    "overview" : "Alfons is very unlucky boy. Even when he intends well everything is going wrong, so his life is full of various mishaps.",
    "genres" : [ {
      "id" : 12,
      "name" : "Adventure"
    }, {
      "id" : 10751,
      "name" : "Family"
    }, {
      "id" : 35,
      "name" : "Comedy"
    } ]
  }, {
    "id" : 204736,
    "title" : "RGB XYZ",
    "overview" : "David O'Reilly's first short film.",
    "genres" : [ {
      "id" : 35,
      "name" : "Comedy"
    }, {
      "id" : 16,
      "name" : "Animation"
    } ]
  }, {
    "id" : 204741,
    "title" : "CHALKLINES",
    "overview" : "Coming-of-age short film  In an all-boys boarding school in the 1950s, Agosto stands in the field, painfully taking part in a game of lunch-time cricket. He is detached from his surroundings unlike his friend Hector, who seems to revel in the attention of his classmates.",
    "genres" : [ ]
  }, {
    "id" : 204751,
    "title" : "Jon Reep: Metro Jethro",
    "overview" : "That hilarious hick from Hickory is back! And in this new one-hour stand-up special he's gonna make the rafters shake and your biscuits bake. Recorded live at the McGlohon Theatre in Charlotte, NC, is a sweet batch of sophisticated small town funny with a little bit of big city smarts. Jon lays down the rules for nudity in locker rooms, contemplates big city vs. small town life, and of course, shares more heart-warming stories about his loveable father David Reep.",
    "genres" : [ {
      "id" : 35,
      "name" : "Comedy"
    } ]
  }, {
    "id" : 204756,
    "title" : "Downhill They Ride",
    "overview" : "Northeastern China is infested with bandits. Hsiao Kai (Paul Chang Chung), a wandering knight, captures a white horse from thieves. His skilful handling of the horse earns his admiration of fellow traveler Chu Ching Hsu (Wong Chung Shun). They arrive at Lo Lung Kow, where the villagers hunt for a living and are constantly terrorized by bandits. Grocer Ting Tze Pao (Ngai Ping Ngo) returns from his negotiations with the bandits with bad news. They intend to collect furs from the villagers at a fixed price. Village leader Mu (Yuen Sam and his daughter Tsui Ying (Pat ting Hung) run a tavern. She wonders how the white horse belonging to a Sinkiang youth named Sha Yi Ti (Man Ling) is now in the possession of Hsiao Kai.",
    "genres" : [ {
      "id" : 28,
      "name" : "Action"
    }, {
      "id" : 12,
      "name" : "Adventure"
    } ]
  }, {
    "id" : 204761,
    "title" : "Suspension of Disbelief",
    "overview" : "Martin is a screenwriter, who finds himself in one of his own plays: A young woman is found dead in the Thames and no one really knows, what has happened to her.",
    "genres" : [ ]
  }, {
    "id" : 204771,
    "title" : "Le Monde doit m'arriver",
    "overview" : "",
    "genres" : [ ]
  }, {
    "id" : 204776,
    "title" : "Fernando Rocha - Portugal Laugh in Times of Crisis",
    "overview" : "Portuguese standup comedy by Fernando Rocha.",
    "genres" : [ {
      "id" : 35,
      "name" : "Comedy"
    } ]
  }, {
    "id" : 204781,
    "title" : "Two Soldiers",
    "overview" : "In rural Mississippi, just before Pearl Harbor, brothers Pete, about 19, and Willie, about 10 years younger, are close. News arrives of America's entry into the Second World War, and Pete goes to enlist. Willie wants to come along, but is told he cannot. After his big brother leaves, the boy walks 30 miles to the nearest town, where the sheriff eventually puts him on a bus to Memphis where his brother is. At the recruiting office, Willie proves even more determined to see his brother. Eventually, sympathetic Colonel McKellog takes care of him.",
    "genres" : [ {
      "id" : 18,
      "name" : "Drama"
    } ]
  }, {
    "id" : 204806,
    "title" : "Melvin",
    "overview" : "Melvin, a high school student who doesn't fit in, becomes victim of a horrible prank, now he will seek revenge on all who wronged him... and even some who didn't.",
    "genres" : [ ]
  }, {
    "id" : 204821,
    "title" : "Dragstrip Girl",
    "overview" : "Johnny is a bad guy whom is trying to go straight whom becomes smitten with Laura, a wealthy good girl whom is rebelling against her parents by pretending to go steady with him, all set among the backdrop of 1950s Los Angeles.",
    "genres" : [ ]
  }, {
    "id" : 204831,
    "title" : "Ambra - Honour & Glory",
    "overview" : "Ambra - Honour &amp; Glory",
    "genres" : [ {
      "id" : 10402,
      "name" : "Music"
    } ]
  }, {
    "id" : 204836,
    "title" : "Ambra - Prism Of Life",
    "overview" : "",
    "genres" : [ ]
  }, {
    "id" : 204841,
    "title" : "Written in Blood",
    "overview" : "Detective John Traveller (Peter Coyote) is convicted of the murder of his wife and her lover. His partner and friend, Detective Matthew Ransom, becomes very upset, affecting his marriage that was not working well. The lover of John's wife was the son of Luke Williams, a detective of the same department, and he does not accept the death of his son. After the trial and conviction of John, Matthew separates from his wife Mary Ramson, being sexually arrested by John's daughter Jude. Meanwhile, a serial killer kills the enemies of John, leaving clues in the crime scenes relatives to Sherlock Holmes tales and Matthew suspects of Jude.",
    "genres" : [ {
      "id" : 80,
      "name" : "Crime"
    }, {
      "id" : 18,
      "name" : "Drama"
    }, {
      "id" : 53,
      "name" : "Thriller"
    } ]
  }, {
    "id" : 204846,
    "title" : "The Third Wave",
    "overview" : "The Third Wave film was shot in Sri Lanka following the 2004 Indian Ocean earthquake. It was directed by Australian film maker Alison Thompson and Italian producer Oscar Gubernati. After the 2004 Asian tsunami disaster, four independent volunteers, with little money and no experience, race off to volunteer in tsunami ravaged Sri Lanka.",
    "genres" : [ ]
  }, {
    "id" : 204871,
    "title" : "The Unforgettable",
    "overview" : "About hardships of the first years of War, which fell to the lot of ordinary people in Ukraine, who got under the yoke of fascist occupation, and heroic struggle against the invaders.",
    "genres" : [ {
      "id" : 10752,
      "name" : "War"
    }, {
      "id" : 10749,
      "name" : "Romance"
    } ]
  }, {
    "id" : 204891,
    "title" : "Some Birds Can't Fly",
    "overview" : "The doctors predicted Vesna to have one more year. The very sick girl is taken, by her estranged grandfather, up to the mountains, where she learns of a different life.",
    "genres" : [ {
      "id" : 18,
      "name" : "Drama"
    } ]
  }, {
    "id" : 204901,
    "title" : "John Lee Hooker and Furry Lewis - Masters of Blues",
    "overview" : "",
    "genres" : [ {
      "id" : 10402,
      "name" : "Music"
    } ]
  }, {
    "id" : 204906,
    "title" : "The Black Book",
    "overview" : "We know you've been craving some chocolate honies, so we're breaking out the black book just for you! Join Jade Aspen, Skin Diamond, Ana Foxxx, and Cali Sweets because they're horny and ready to get buck wild on cock. Don't miss out, because these delicious ebonies are about to get it on!",
    "genres" : [ ]
  }, {
    "id" : 204946,
    "title" : "A Strange Adventure",
    "overview" : "A trio of thieves make their getaway by kidnapping a young hot-rodder, and take over a mountain cabin for a hideout after overpowering its occupants.",
    "genres" : [ ]
  }, {
    "id" : 204951,
    "title" : "His Master's Voice",
    "overview" : "A loyal dog follows his master to the front in World War One.",
    "genres" : [ {
      "id" : 18,
      "name" : "Drama"
    }, {
      "id" : 28,
      "name" : "Action"
    }, {
      "id" : 10752,
      "name" : "War"
    } ]
  }, {
    "id" : 204956,
    "title" : "Survival Prayer",
    "overview" : "'Survival Prayer' explores the power of food, nature and culture. On a remote archipelago in Western Canada, an uncommon abundance of wildlife has sustained the Haida people for countless generations. Here, a last speaker frames a moving portrait of these sacred food systems at risk. Rich with spectacular scenery of the North Pacific coastline and detailed views of wild food gathering and preservation, 'Survival Prayer' is a story of possibility amid deep loss.",
    "genres" : [ {
      "id" : 99,
      "name" : "Documentary"
    } ]
  }, {
    "id" : 204971,
    "title" : "Gringa",
    "overview" : "There are only three ways out, by boat, by plane, or by Gringa. Manuel (Nirvado Carillo) is a destitute farmhand from the Andes with little hopes for the future.  Armed with a manual on how to charm a Gringa, he hopes to get a new start.",
    "genres" : [ ]
  }, {
    "id" : 204976,
    "title" : "My American Wife",
    "overview" : "Ann Sothern essays the title role in My American Wife. The story opens in Smelter City, Arizona, where the richest man in town is grizzled old Indian fighter Lafe Cantillon (Fred Stone). Lafe's social-climbing sister-in-law (Billie Burke) insists that her daughter Mary wed a titled European, Count Ferdinand (Francis Lederer). Much to Lafe's delight, Mary isn't assimilated into Continental high society; instead, she instructs Count Ferdinand in the virtues of good, old-fashioned American democracy. And, of, course, the Count and Lafe become great chums when the \"furriner\" proves that he can ride a bucking bronco with the best of 'em.",
    "genres" : [ ]
  }, {
    "id" : 204996,
    "title" : "My first war",
    "overview" : "At the age of 28, I was drafted as a soldier in the Second Lebanese War. Instinctively, I grabbed my video camera. The movie recalls the lack of justice in this unnecessary war and the loss of valuable lives. This was my personal earthquake and the nation as a whole. (Yariv mozer)",
    "genres" : [ {
      "id" : 99,
      "name" : "Documentary"
    } ]
  }, {
    "id" : 205001,
    "title" : "Lost Heritage",
    "overview" : "When Pierre Mombin travels to a remote African kingdom to claim an inheritance, he discovers that he is the last male descendant of the royal family. As he learns about his lineage, he discovers a darker side to the prophecy that foretold his return.",
    "genres" : [ ]
  }, {
    "id" : 205016,
    "title" : "eDating Exposed",
    "overview" : "",
    "genres" : [ ]
  }, {
    "id" : 205031,
    "title" : "Giulio Cesare contro i pirati",
    "overview" : "",
    "genres" : [ {
      "id" : 12,
      "name" : "Adventure"
    } ]
  }, {
    "id" : 205056,
    "title" : "Dolap Beygiri",
    "overview" : "",
    "genres" : [ {
      "id" : 35,
      "name" : "Comedy"
    }, {
      "id" : 18,
      "name" : "Drama"
    } ]
  }, {
    "id" : 205061,
    "title" : "Always a Bridesmaid",
    "overview" : "A documentaryOne of the most personal documentaries out there. Nina Davenport's journey through her life as a wedding videographer who is unable to receive a marriage commitment from her boyfriend. As she attempts to make since of her life, Davenport interviews elderly women who never married and her own mother, who was quite the prize in her day. What escapes onto film is a courageous young woman who leaves her heart out for the taking.",
    "genres" : [ {
      "id" : 99,
      "name" : "Documentary"
    } ]
  }, {
    "id" : 205071,
    "title" : "Die schöne Lügnerin",
    "overview" : "",
    "genres" : [ {
      "id" : 35,
      "name" : "Comedy"
    } ]
  }, {
    "id" : 205076,
    "title" : "Not My Life",
    "overview" : "After a car accident, a woman with a seemingly perfect life begins to have visions that suggest she is not who she thinks she is.",
    "genres" : [ {
      "id" : 53,
      "name" : "Thriller"
    } ]
  }, {
    "id" : 205081,
    "title" : "Codename: Kids Next Door - Operation Z.E.R.O.",
    "overview" : "The villains of the Kids Next Door, lead by Father, join forces to resurrect the Ultimate Evil, Grandfather, a tyrant who once ruled the world many years ago when most of the villains were themselves kids. However, Father disgraced him that he can't even try to destroy the KND and the Villains were quickly betrayed when they are turned into Senior Citizombies, creatures that are immortal and can transform any living creature into one of them and slaves who are forced to make Tapioca to refuel Grandfather so he can find and destroy the Book of K.N.D.",
    "genres" : [ {
      "id" : 16,
      "name" : "Animation"
    }, {
      "id" : 878,
      "name" : "Science Fiction"
    }, {
      "id" : 10770,
      "name" : "TV Movie"
    } ]
  }, {
    "id" : 205091,
    "title" : "The Yellow Wallpaper",
    "overview" : "A woman goes slowly mad as she is confined to a room for weeks on end by her husband.",
    "genres" : [ {
      "id" : 27,
      "name" : "Horror"
    }, {
      "id" : 53,
      "name" : "Thriller"
    }, {
      "id" : 18,
      "name" : "Drama"
    } ]
  }, {
    "id" : 205096,
    "title" : "Raphael Saadiq and Black Joe Lewis and the Honeybears: Austin City Limits",
    "overview" : "R&amp;B grooves the ACL stage with Raphael Saadiq and Black Joe Lewis &amp; the Honeybears. Saadiq highlights songs from his old-school soul LP Stone Rollin’. Lewis &amp; his Honeybears rock their bluesy soul nuggets from Scandalous. Originally aired October 8, 2011",
    "genres" : [ {
      "id" : 10402,
      "name" : "Music"
    } ]
  }, {
    "id" : 205101,
    "title" : "Couch & Potatoes",
    "overview" : "Two TV-watching enthusiasts pioneer a clever way to live on their couch until an unexpected event hurls them back into their youthful past.",
    "genres" : [ {
      "id" : 16,
      "name" : "Animation"
    }, {
      "id" : 35,
      "name" : "Comedy"
    }, {
      "id" : 10751,
      "name" : "Family"
    } ]
  }, {
    "id" : 205106,
    "title" : "Operation Hollywood",
    "overview" : "The American military forces has a long tradition of cooperation with the movie industry. Movie studios can save millions of dollars by securing use of military stock footage, equipment and manpower. But there will only be cooperation if the scripts are depicting the armed forces in a favorable way. The most realistic and successful war movies has generally been made without the military's support.",
    "genres" : [ {
      "id" : 99,
      "name" : "Documentary"
    } ]
  }, {
    "id" : 205111,
    "title" : "Cabin Fever",
    "overview" : "Lenore, an artist, arrives for a stay at a secluded cabin in a remote area. However, she wasn't expecting that Jack, the handyman, would also be there--and she finds herself attracted to him.",
    "genres" : [ {
      "id" : 18,
      "name" : "Drama"
    } ]
  }, {
    "id" : 205116,
    "title" : "Flying the Flag, Arming the World",
    "overview" : "Britain is still a world leader. Indeed it has twenty percent of a world market, second only to the United States. And this industry is considered so important by the government that it consumes almost half of all research and development funds. Strangely it produces not consumer goods that people want, but machines that hardly any of us use or want to use. Moreover, for all its’ preeminence, its’ future is uncertain and depends to a large degree on secret deals with some of the most corrupt and brutal regimes on Earth. One of the biggest manufacturing industries in Britain at the close of the century is ARMS. John Pilger and David Munro look behind the political rhetoric and discover the world of international arms dealing.",
    "genres" : [ {
      "id" : 99,
      "name" : "Documentary"
    } ]
  }, {
    "id" : 205126,
    "title" : "Independence Daysaster",
    "overview" : "When Earth is attacked by a hostile alien force, a small town firefighter and a rogue SETI scientist team up to activate the only technology capable of defeating the invaders.",
    "genres" : [ {
      "id" : 28,
      "name" : "Action"
    }, {
      "id" : 878,
      "name" : "Science Fiction"
    } ]
  }, {
    "id" : 205131,
    "title" : "Dizzy Dishes",
    "overview" : "Audrey is reading a science fiction comic book called 'Ace' when her mother asks her to wash the dishes. Audrey carries the dishes to a workshop where she has invented a dish washing machine. Audrey continues reading her book while the dishes wash themselves. She is interrupted by a radio broadcast announcing that a flying saucer has been spotted in the sky. Audrey imagines a little green man flying over the city in a cup and saucer, disintegrating everything in its path, She then pictures herself as the hero and visualizes ways to stop the alien attack.",
    "genres" : [ ]
  }, {
    "id" : 205146,
    "title" : "Outlaw",
    "overview" : "A semi interesting somewhat funny lost universe movie",
    "genres" : [ ]
  }, {
    "id" : 205191,
    "title" : "A Date to Skate",
    "overview" : "Popeye takes Olive roller skating in a rink; she's never skated before, so he has to teach her, and she's not exactly a quick learner. After a while, she ends up outside the rink, and still out of control; she skates through a department store and causes major traffic problems. When she gets stuck on a speeding fire truck, Popeye realizes he'll need his spinach, but he's out. Fortunately, an audience member tosses him a can.",
    "genres" : [ ]
  }, {
    "id" : 205211,
    "title" : "Saaya",
    "overview" : "Tanya is a rich woman who is married to another rich man named Vinod. But their lives change by Vinod's death. Tanya than starts falling in love with a doctor named Akash. But Akash is in love with a woman named Maya and after some time gets married to her. But their marriage does not last long. Because, first Maya leaves him to travel to another part of India to help people who are sick; and then Akash receives news that she is dead. Tanya comes up to console Akash and hopes that he will now love, accept and marry her. But Akash does not do so, as he is still immersed in Maya's memories, and believes that Maya is still alive and calling out to him. Is Akash going out of his mind?",
    "genres" : [ ]
  }, {
    "id" : 205216,
    "title" : "El niño de las monjas",
    "overview" : "When a newborn baby is abandoned in a convent Andalusian Mother Superior decides to be the gardener who takes over from him. As the boy grows, manifest a decided vocation for bullfighting and, although his adoptive father did not endorse, struggle to achieve his dream.",
    "genres" : [ ]
  }, {
    "id" : 205221,
    "title" : "Rugged Gold",
    "overview" : "A woman struggles to survive in the Alaskan frontier after separating from her family because of an earthquake.",
    "genres" : [ {
      "id" : 18,
      "name" : "Drama"
    }, {
      "id" : 10751,
      "name" : "Family"
    }, {
      "id" : 12,
      "name" : "Adventure"
    } ]
  }, {
    "id" : 205236,
    "title" : "El taxi de los conflictos",
    "overview" : "Musical. Thaddeus (Juanjo Menéndez) is a taxi driver who is about to experience a busy work day. Throughout the day you climb into his cab heteogéneos the more characters, which give rise to the most varied situations. When one of them left in the taxi leaves a baby, Thaddeus will have to find out who's not forget that at the end of the day has a date with a mysterious woman (Concha Velasco), apparently, have to tell you something very important.",
    "genres" : [ {
      "id" : 35,
      "name" : "Comedy"
    } ]
  }, {
    "id" : 205241,
    "title" : "Weird Fancies",
    "overview" : "This is a mesmerising little short that employs a peculiar bird’s eye view of a mischievous devil who dances around, performing strange tricks and making sexy ladies appear out of nowhere. The colourful visual effects are very impressive for the time.",
    "genres" : [ {
      "id" : 14,
      "name" : "Fantasy"
    } ]
  }, {
    "id" : 205251,
    "title" : "Educated Fish",
    "overview" : "A small fish doesn’t pay attention in school, and ends up getting caught on a hook.",
    "genres" : [ ]
  }, {
    "id" : 205256,
    "title" : "Loie Fuller",
    "overview" : "This is another short, simple dance number. It’s quite stunning and unusual though with a bat turning into a woman who proceeds to give us a skirt dance before disappearing into thin air. The dance is mesmerising with the skirt stunningly changing colour throughout the film.",
    "genres" : [ {
      "id" : 14,
      "name" : "Fantasy"
    } ]
  }, {
    "id" : 205261,
    "title" : "Suicide: It Doesn't Have to Happen",
    "overview" : "Marcel Marceau helps out a depressed girl, and gets her into a group to discuss the ways they all deal with thoughts of suicide.",
    "genres" : [ ]
  }, {
    "id" : 205266,
    "title" : "The Fairy of Spring",
    "overview" : "A family gets a visit from The Fairy of the Spring during a harsh winter.",
    "genres" : [ ]
  }, {
    "id" : 205281,
    "title" : "The Blue Bird",
    "overview" : "This is a frustrating watch as there looks to be some great filmmaking there, but a number of scenes (including the beginning and end) are missing, the print is in poor condition. It looks very nice though and the production values are once again quite high, but the current presentation is a shame.",
    "genres" : [ ]
  }, {
    "id" : 205311,
    "title" : "Hitman the Cobra",
    "overview" : "Philippe (Richard Harrison) kills Roger (who sold information to the Japanese). Mike (Mike Abbott), Roger's brother, wants revenge and sends Bob, Blackie (Nathan Mutanda Chukueke) to find Philip.",
    "genres" : [ {
      "id" : 10752,
      "name" : "War"
    }, {
      "id" : 28,
      "name" : "Action"
    } ]
  }, {
    "id" : 205321,
    "title" : "Sharknado",
    "overview" : "A freak hurricane hits Los Angeles, causing man-eating sharks to be scooped up in tornadoes and flooding the city with shark-infested seawater. Surfer and bar-owner Fin sets out with his friends Baz and Nova to rescue his estranged wife April and teenage daughter Claudia",
    "genres" : [ {
      "id" : 878,
      "name" : "Science Fiction"
    }, {
      "id" : 10770,
      "name" : "TV Movie"
    }, {
      "id" : 27,
      "name" : "Horror"
    }, {
      "id" : 28,
      "name" : "Action"
    } ]
  }, {
    "id" : 205331,
    "title" : "Sign of the Pagan",
    "overview" : "Roman centurion Marcian is captured by Attila the Hun en route to Constantinople, but escapes. On arrival, he finds the eastern Roman emperor Theodosius plotting with Attila to look the other way while the latter marches against Rome. But Marcian gains the favor of Pulcheria, lovely sister of Theodosius, who favors a united Empire.",
    "genres" : [ {
      "id" : 18,
      "name" : "Drama"
    }, {
      "id" : 36,
      "name" : "History"
    } ]
  }, {
    "id" : 205341,
    "title" : "Beauty for Sale",
    "overview" : "A young beautician begins an affair with her customer's husband.",
    "genres" : [ {
      "id" : 18,
      "name" : "Drama"
    }, {
      "id" : 10749,
      "name" : "Romance"
    } ]
  }, {
    "id" : 205346,
    "title" : "Rauða Hettan",
    "overview" : "Based on the Gothic fairytale of Red Riding Hood and Norse mythology, 'Trials of the Red Hood' is an Icelandic language, (English subbed), Science Fiction short that follows a young woman on her journey and through her trials to find a way to save her home planet from the Second Ragnarok.",
    "genres" : [ {
      "id" : 12,
      "name" : "Adventure"
    }, {
      "id" : 878,
      "name" : "Science Fiction"
    }, {
      "id" : 14,
      "name" : "Fantasy"
    } ]
  }, {
    "id" : 205361,
    "title" : "Boycott",
    "overview" : "This made-for-TV movie dramatizes the historic boycott of public buses in the 1950s, led by civil rights leader Dr. Martin Luther King, Jr.",
    "genres" : [ {
      "id" : 36,
      "name" : "History"
    }, {
      "id" : 18,
      "name" : "Drama"
    }, {
      "id" : 10770,
      "name" : "TV Movie"
    } ]
  }, {
    "id" : 205366,
    "title" : "Our Pleasure in the Pain / Vilification",
    "overview" : "1985-86, 8 minutes, Super 8",
    "genres" : [ ]
  }, {
    "id" : 205381,
    "title" : "Das Andechser Gefühl",
    "overview" : "An anxious teacher (played, as is the lead role in all his films, by the director) sits in a beer garden on the hill of the Andechs monastery. While flies drown in his mug of beer, he confronts a life of failure: the wife he ignored, the child he neglected, the teaching duties he has shirked, and his doomed efforts at winning tenure from school officials. Only a dream from the past-the memory of a former liaison with a film star with whom he shared \"the Andechs feeling, a feeling that we are not alone\" - provides sustenance. Despite an unexpected series of events, longing in Achternbusch's world ultimately remains stronger than fulfilment and thirst better than beer.",
    "genres" : [ {
      "id" : 18,
      "name" : "Drama"
    } ]
  }, {
    "id" : 205391,
    "title" : "Un retrato de Diego",
    "overview" : "Documentary film about Diego Rivera produced by his grandson, director Diego Rivera Lopez and released to commemorate the 50th anniversary of Rivera's death. Rivera Lopez says, \"In the 50 years since his death, my father's image has been obscured by the recent presentation of Frida as a heroine, and now I think its time to put him back in perspective.\"",
    "genres" : [ ]
  }, {
    "id" : 205396,
    "title" : "Romper el cerco",
    "overview" : "Analyzes the events in San Salvador Atenco (Mexico) during the first days of May 2006, and denounces human rights violations of civilians by police forces in Mexico State and Federal. The documentary also disassembled mode of operation of the mass media, responsible for creating a climate of fear and an information blockade around the events in San Salvador Atenco, in the context of a particularly delicate: the process of Mexico presidential succession in 2006.",
    "genres" : [ ]
  }, {
    "id" : 205401,
    "title" : "Sandwich",
    "overview" : "Sai (Kunchacko Boban), a high-profile software engineer who is currently acknowledged as the best in their payrolls of his big MNC. Betrothed to another techie Shruthy, Sai and his friends lead a happy-go lucky life. After a small party on a Friday, Sai rushes home to join his parents for dinner, but on the way happens to hit another car, killing the driver. Very soon Sai realizes that he has actually killed a dreaded criminal of the city who was the main accused in many police cases.",
    "genres" : [ {
      "id" : 35,
      "name" : "Comedy"
    } ]
  }, {
    "id" : 205406,
    "title" : "Besitz",
    "overview" : "",
    "genres" : [ ]
  }, {
    "id" : 205416,
    "title" : "Défense de savoir",
    "overview" : "",
    "genres" : [ {
      "id" : 18,
      "name" : "Drama"
    }, {
      "id" : 80,
      "name" : "Crime"
    }, {
      "id" : 53,
      "name" : "Thriller"
    } ]
  }, {
    "id" : 205421,
    "title" : "Kyoto Story",
    "overview" : "Higashide Kyoko is a university librarian. She also helps her parents with their drycleaning company. She is involved with a childhood friend from the neighborhood, Yanase Kota. He is the son of the local tofu maker and has begun a moderately successful career as a stand-up comedian. A visiting lecturer from Tokyo falls head-over-heels in love with Kyoko and asks her to go abroad with him to Beijing, where he has to spend the next few years for his research. But Kyoko cannot decide. -- Berlin International Film Festival",
    "genres" : [ {
      "id" : 18,
      "name" : "Drama"
    } ]
  }, {
    "id" : 205436,
    "title" : "The Loyal 47 Ronin",
    "overview" : "Short version of the classic 47 Ronin story.",
    "genres" : [ ]
  }, {
    "id" : 205446,
    "title" : "The World at War: A Special Presentation - Secretary to Hitler",
    "overview" : "The World at War: A Special Presentation - Secretary to Hitler",
    "genres" : [ ]
  }, {
    "id" : 205451,
    "title" : "Stoned",
    "overview" : "Jack is a motivated high school student who smokes cannabis for the first time, and falls in with a fast crowd. Will he wake up and realize what he's doing with his future before it's too late?",
    "genres" : [ ]
  }, {
    "id" : 205456,
    "title" : "Die Gerechten von Kummerow",
    "overview" : "",
    "genres" : [ {
      "id" : 10751,
      "name" : "Family"
    } ]
  }, {
    "id" : 205461,
    "title" : "Das hat man nun davon",
    "overview" : "",
    "genres" : [ {
      "id" : 35,
      "name" : "Comedy"
    } ]
  }, {
    "id" : 205466,
    "title" : "Dark Space",
    "overview" : "College friends Devin, Jack, Shelly, Kristy, Shaun, and Flower rent a spacecraft to autopilot them to Centauri Five for a holiday break. Impatient over the rental agency restricting the ship’s speed to 10x, Devin and the others convince Shaun to remove the craft’s constrictor device. Doing so damages the computer’s automated systems, as well as the ability to send a distress beacon, causing the six friends to crash land on an uncharted alien planet.",
    "genres" : [ {
      "id" : 878,
      "name" : "Science Fiction"
    } ]
  }, {
    "id" : 205471,
    "title" : "Blood of the Executioner",
    "overview" : "Set in medieval Venice, this swashbuckler chronicles the courage of an executioner and his godson as they attempt to show that the Grand Inquisitor is in league with murderous pirates.",
    "genres" : [ {
      "id" : 18,
      "name" : "Drama"
    }, {
      "id" : 12,
      "name" : "Adventure"
    }, {
      "id" : 28,
      "name" : "Action"
    } ]
  }, {
    "id" : 205481,
    "title" : "The Intended",
    "overview" : "A period drama/thriller about a surveyor and his fiancée who arrive in a remote Malaysian trading post and encounter a closed-fisted ivory trader and her ill-meaning family.",
    "genres" : [ {
      "id" : 53,
      "name" : "Thriller"
    }, {
      "id" : 18,
      "name" : "Drama"
    } ]
  }, {
    "id" : 205491,
    "title" : "Canned Harmony",
    "overview" : "The Professor will not allow his daughter to marry a non-musician, but Billy, her would-be suitor, cannot play a single note. When he is about to give up, Billy's roommate suggests bluffing his way into the Professor's favor with the aid of a suitably musical disguise and a well-hidden phonograph player.",
    "genres" : [ {
      "id" : 35,
      "name" : "Comedy"
    } ]
  }, {
    "id" : 205501,
    "title" : "The Prospector",
    "overview" : "The Prospector, filmed six months after Anderson’s unit settled in Niles and released that December, follows a familiar storyline in which the Westerner, though unschooled in human wiles, thwarts his foe and creates a new community. On his way to file a claim, a lone prospector (Fred Church) stops overnight with a settler (Arthur Mackley) and his family. The miner little suspects that his host plots to steal the gold. But the settler’s daughter overhears the plan and warns the visitor just in time. The couple escapes with the woman’s younger sister. In store-bought finery suggesting new wealth, they return to the scene of the attempted crime and make peace with the settler. “We’ll work the mine together,” promises the prospector.",
    "genres" : [ ]
  }, {
    "id" : 205556,
    "title" : "Fort Defiance",
    "overview" : "It's just after the Civil War and Ben Shelby arrives looking for Johnny Tallon whom he plans to kill. Shelby was the only survivor of a battle due to the cowardice of Tallon. Thinking Tallon dead, another man who lost a brother at the same battle arrives to kill Tallon's blind brother. Tallon arrives to find Shelby and his brother fleeing. Then they are attacked by Indians and Shelby and Tallon must now fight together postponing the inevitable showdown.  - Written by Maurice VanAuken",
    "genres" : [ {
      "id" : 28,
      "name" : "Action"
    }, {
      "id" : 37,
      "name" : "Western"
    } ]
  }, {
    "id" : 205566,
    "title" : "Hannah Montana: Pop Star Profile",
    "overview" : "Not only is Jake Ryan a hottie, he's also a famous actor and the star of his own TV series. While \"Miley\" tries to keep her superstar identity under wraps at school, \"Hannah\" winds up guest starring on his show -- with an on-screen kiss! See how she makes her way through all sorts of hilarious adventures and learns not to judge people by appearances alone.",
    "genres" : [ ]
  }, {
    "id" : 205596,
    "title" : "The Imitation Game",
    "overview" : "Based on the real life story of legendary cryptanalyst Alan Turing, the film portrays the nail-biting race against time by Turing and his brilliant team of code-breakers at Britain's top-secret Government Code and Cypher School at Bletchley Park, during the darkest days of World War II.",
    "genres" : [ {
      "id" : 36,
      "name" : "History"
    }, {
      "id" : 18,
      "name" : "Drama"
    }, {
      "id" : 53,
      "name" : "Thriller"
    }, {
      "id" : 10752,
      "name" : "War"
    } ]
  }, {
    "id" : 205601,
    "title" : "Belle",
    "overview" : "BELLE is inspired by the true story of Dido Elizabeth Belle, the illegitimate mixed race daughter of a Royal Navy Admiral. Raised by her aristocratic great-uncle Lord Mansfield and his wife, Belle's lineage affords her certain privileges, yet the color of her skin prevents her from fully participating in the traditions of her social standing. Left to wonder if she will ever find love, Belle falls for an idealistic young vicar's son bent on change who, with her help, shapes Lord Mansfield's role as Lord Chief Justice to end slavery in England",
    "genres" : [ {
      "id" : 18,
      "name" : "Drama"
    } ]
  }, {
    "id" : 205606,
    "title" : "Maxime Au Théâtre Sébastopol",
    "overview" : "",
    "genres" : [ {
      "id" : 35,
      "name" : "Comedy"
    } ]
  }, {
    "id" : 205611,
    "title" : "Jessie Rogers: Unbreakable",
    "overview" : "",
    "genres" : [ ]
  }, {
    "id" : 205616,
    "title" : "Tommy Fleming - Live At St Patricks Cathedral Dublin",
    "overview" : "A wooden St. Patrick's Church stood on the site now known as Dublin 8 from the 5th century to about 1191, when the church was raised to the status of cathedral. The present building, the largest church in Ireland, was built between 1191 and 1270, and it is here, that Tommy Fleming wanted to capture the setting of this beautiful Irish Cathedral in this unique concert.  The songs that were chosen for this unique concert were performed in an acoustic and simple style which befitted the historical magnificence of this building. Old, new and contemporary classics that seemed to take a life of their own when performed in these historical surroundings.",
    "genres" : [ {
      "id" : 10402,
      "name" : "Music"
    } ]
  }, {
    "id" : 205621,
    "title" : "Otolith I",
    "overview" : "Set in the twenty-second century when the human race lives on the International Space Station, Otolith I imagines a mutant future that harks back to the Cold War era. An exo-anthologist is researching life on an earth she can only experience through a media archive.",
    "genres" : [ ]
  }, {
    "id" : 205626,
    "title" : "Don Mclean - Starry Starry Night",
    "overview" : "Don McLean performs live in Austin, Texas at the Paramount Theatre for this program. Best known for the ubiquitous \"American Pie,\" McLean has been a premier singer/songwriter since the 1960s. This live concert was recorded for PBS and features a career spanning set of songs. Songs: Castles in the Air, Jerusalem, Crossroads, You Gave Me a Mountain, Crying, Singin' the Blues, Vincent (Starry, Starry Night), Angry Words, Raining in My Heart (with Nanci Griffith), And I Love You So (with Nanci Griffith), Fashion Victim, If We Try, It Was a Very Good Year, You're My Little Darlin', American Pie. Includes Photo Gallery; Biographies; Discography; Concert Footage from the '70s, '80s, '90s.",
    "genres" : [ {
      "id" : 10402,
      "name" : "Music"
    } ]
  }, {
    "id" : 205631,
    "title" : "Finde dich",
    "overview" : "",
    "genres" : [ ]
  }, {
    "id" : 205636,
    "title" : "The Kiss",
    "overview" : "Directed by Ulysses Davis, the screenplay was based on a story by Marc Edmund Jones.Long thought to have been a lost film, a copy was found and put on YouTube. The film is the only known surviving film in which director William Desmond Taylor appears as an actor. In 1964 Taylor's co-star Margaret Gibson, shortly before her death, reportedly confessed to having murdered him in 1921.",
    "genres" : [ ]
  }, {
    "id" : 205641,
    "title" : "Picnic Panic",
    "overview" : "A young Indian boy, his girl, and his mule go on a picnic, and are having a good time when they come upon a temperamental volcano and, then, almost anything can happen and almost does.",
    "genres" : [ ]
  }, {
    "id" : 205646,
    "title" : "Wimmin Hadn't Oughta Drive",
    "overview" : "Popeye has a new car; Olive wants a driving lesson. Things don't go well.",
    "genres" : [ {
      "id" : 16,
      "name" : "Animation"
    } ]
  }, {
    "id" : 205651,
    "title" : "Holiday for Drumsticks",
    "overview" : "The patriarch of a family of farming hill billies is fattening a turkey to slaughter for Thanksgiving Day dinner, and he is fattening the fowl by providing him with a veritable feast of roast beef, ham, fruits, vegetables, cakes, and pies. A jealous Daffy Duck, one of the turkey's fellow farm animals, wants to have all the food for himself. So, Daffy pretends to care for the turkey's welfare and warns the turkey off the food, and he urges the turkey to lose weight so that the hill billies won't want to slaughter him. Daffy gorges himself on the food while acting as coach to the turkey, who is frantically and strenuously trying to reduce himself. When Thanksgiving comes, the turkey is toothpick-thin, and the hillbilly father turns his hungry sights on an overweight Daffy!",
    "genres" : [ ]
  }, {
    "id" : 205661,
    "title" : "Cause I Have the Looks",
    "overview" : "Charo seems like a typical Berlin teenager. She's a student surrounded by good friends and has her eye on the coolest guy in school. But no one knows that Charo has been living in Germany illegally for years, not even her best friend Laura. Problems start to arise when Charo's mother is caught by the police and wants to take Charo back to Columbia. Charo now needs to trust Laura with her secret because it's the only way she'll be able to fight for her future in Germany.",
    "genres" : [ {
      "id" : 18,
      "name" : "Drama"
    } ]
  }, {
    "id" : 205666,
    "title" : "WWE Money in the Bank 2013",
    "overview" : "After a faux retirement speech, a vicious attack revealed Mark Henry's true objective… becoming WWE Champion. Can John Cena overcome size and momentum to stay out of the Hall of Pain, or will The World's Strongest Man put a most elusive stamp on his near two-decade career? Plus, Dolph Ziggler seeks revenge and the World Heavyweight Championship when he challenges Alberto Del Rio. And in the first ever Money In The Bank All Stars Ladder Match, Rob Van Dam makes his much anticipated return to compete against 5 other former champions, all battling to scale the ladder and grab destiny. Who will rise to the top at WWE Money in the Bank?",
    "genres" : [ {
      "id" : 28,
      "name" : "Action"
    }, {
      "id" : 18,
      "name" : "Drama"
    } ]
  }, {
    "id" : 205676,
    "title" : "Knight of a 100 Faces",
    "overview" : "Two knights, the honorful Riccardo and the sinister Fosco, are rivalling for damsel Zuela.",
    "genres" : [ {
      "id" : 12,
      "name" : "Adventure"
    } ]
  }, {
    "id" : 205686,
    "title" : "Desire to Kill",
    "overview" : "On a rainy night, while her husband is away, a man appears. It is the young assassin. Rie is frightened, desperate to protect her son and triying to convince the man to leave. But ... he closes himself in a room. A suspense story with great tension.",
    "genres" : [ {
      "id" : 27,
      "name" : "Horror"
    }, {
      "id" : 18,
      "name" : "Drama"
    } ]
  }, {
    "id" : 205711,
    "title" : "Furies",
    "overview" : "An abstract pastel-animated film featuring two cats.",
    "genres" : [ {
      "id" : 16,
      "name" : "Animation"
    } ]
  }, {
    "id" : 205716,
    "title" : "Экипаж машины боевой",
    "overview" : "",
    "genres" : [ {
      "id" : 10752,
      "name" : "War"
    }, {
      "id" : 18,
      "name" : "Drama"
    } ]
  } ]
}