{
  "movies" : [ {
    "id" : 14816,
    "title" : "Dog Bite Dog",
    "overview" : "A young Cambodian man who has been trained to fight for money in his country is hired to kill someone in Hong Kong. He performs the hit and then flees from Hong Kong police, who are wrestling with internal problems of a model cop and his son, who is also on the force and who was told by his dad not to become a police officer. The father goes into a coma after being shot, and internal affairs suspects him of dealing drugs on the side.  The assassin then befriends a young girl who is molested and abused by her father. They both plan to get back on a ship to Cambodia but have to get past Hong Kong police, who do everything they can to catch him.",
    "genres" : [ {
      "id" : 28,
      "name" : "Action"
    } ]
  }, {
    "id" : 14821,
    "title" : "Escape to Witch Mountain",
    "overview" : "Tia and Tony are two orphaned youngsters with extraordinary powers. Lucas Deranian poses as their uncle in order to get the kids into the clutches of Deranian's megalomaniacal boss, evil millionaire Aristotle Bolt, who wants to exploit them. Jason, a cynical widower, helps Tia and Tony escape to witch mountain, while at the same time Tia and Tony help Jason escape the pain of the loss of his wife.",
    "genres" : [ {
      "id" : 12,
      "name" : "Adventure"
    }, {
      "id" : 14,
      "name" : "Fantasy"
    }, {
      "id" : 878,
      "name" : "Science Fiction"
    }, {
      "id" : 10751,
      "name" : "Family"
    } ]
  }, {
    "id" : 14831,
    "title" : "Help!",
    "overview" : "This Beatles film has an obscure Asian cult, that believes in human sacrifice, chasing Ringo after he accidentally put on the their victim's ceremonial ring. He is pursued by the cult, a pair of mad scientists, a member of a side cult that no longer believes in human sacrifice, and the London police who are trying to help.",
    "genres" : [ {
      "id" : 35,
      "name" : "Comedy"
    }, {
      "id" : 10402,
      "name" : "Music"
    } ]
  }, {
    "id" : 14836,
    "title" : "Coraline",
    "overview" : "When Coraline moves to an old house, she feels bored and neglected by her parents. She finds a hidden door with a bricked up passage. During the night, she crosses the passage and finds a parallel world where everybody has buttons instead of eyes, with caring parents and all her dreams coming true. When the Other Mother invites Coraline to stay in her world forever, the girl refuses and finds that the alternate reality where she is trapped is only a trick to lure her.",
    "genres" : [ {
      "id" : 16,
      "name" : "Animation"
    }, {
      "id" : 10751,
      "name" : "Family"
    } ]
  }, {
    "id" : 14846,
    "title" : "Little Black Book",
    "overview" : "Determined to learn about her boyfriend's past relationships, Stacy -- who works for a talk show -- becomes a bona fide snoop. With her colleague, Barb, Stacy gets the names of Derek's ex-lovers and interviews them, supposedly for an upcoming show. But what she learns only adds to her confusion, and her plans begin to unravel when she befriends one of the women.",
    "genres" : [ {
      "id" : 35,
      "name" : "Comedy"
    }, {
      "id" : 10749,
      "name" : "Romance"
    }, {
      "id" : 18,
      "name" : "Drama"
    } ]
  }, {
    "id" : 14851,
    "title" : "The Escapist",
    "overview" : "Frank Perry is an institutionalized convict twelve years into a life sentence without parole. When his estranged daughter falls ill, he is determined to make peace with her before it's too late. He develops an ingenious escape plan, and recruits a dysfunctional band of escapists - misfits with a mutual dislike for one other but united by their desire to escape their hell hole of an existence.",
    "genres" : [ {
      "id" : 28,
      "name" : "Action"
    }, {
      "id" : 53,
      "name" : "Thriller"
    } ]
  }, {
    "id" : 14866,
    "title" : "Farm House",
    "overview" : "Set in the modern day mid-west, the film focuses on a young couple trying to establish a new life. They become stranded in a very isolated vineyard. They are forced to face secrets from their own pasts and the malicous intents of the vineyard's inhabitant who turn out to be demons from hell.",
    "genres" : [ {
      "id" : 27,
      "name" : "Horror"
    }, {
      "id" : 53,
      "name" : "Thriller"
    }, {
      "id" : 9648,
      "name" : "Mystery"
    } ]
  }, {
    "id" : 14871,
    "title" : "Make It Happen",
    "overview" : "Embarking on a journey to fulfill her dreams as a dancer, a young girl discovers a new style of dance that will prove to be the source of both conflict and self-discovery.",
    "genres" : [ {
      "id" : 18,
      "name" : "Drama"
    }, {
      "id" : 10749,
      "name" : "Romance"
    } ]
  }, {
    "id" : 14881,
    "title" : "Joe Kidd",
    "overview" : "A band of Mexicans find their U. S. land claims denied and all the records destroyed in a courthouse fire. Their leader, Louis Chama, encourages them to use force to regain their land. A wealthy landowner wanting the same decides to hire a gang of killers with Joe Kidd to track Chama.",
    "genres" : [ {
      "id" : 37,
      "name" : "Western"
    } ]
  }, {
    "id" : 14886,
    "title" : "The Last Detail",
    "overview" : "Two Navy men are ordered to bring a young offender to prison but decide to show him one last good time along the way.",
    "genres" : [ {
      "id" : 35,
      "name" : "Comedy"
    }, {
      "id" : 18,
      "name" : "Drama"
    } ]
  }, {
    "id" : 14891,
    "title" : "Dirty Sanchez: The Movie",
    "overview" : "The Welsh nutters, Dirty Sanchez are making a movie: The concept of the film is that the Devil has heard about the dare devil nature of the Sanchez boys so he's set them the ultimate challenge, to complete stunts based on the 7 Deadly Sins or be damned to the gutter forever.",
    "genres" : [ {
      "id" : 35,
      "name" : "Comedy"
    } ]
  }, {
    "id" : 14896,
    "title" : "Rich Kids",
    "overview" : "A story about a group of rich kids, from old money families, north of Copenhagen, from a world where people with ambition and power rule. Away from the superficiality and pretention of their social class, they live a secret life, in which power, money, sex, drugs and endless secrets dominate. A lifestyle only a few of them can survive and where most become scarred for life.",
    "genres" : [ {
      "id" : 18,
      "name" : "Drama"
    } ]
  }, {
    "id" : 14906,
    "title" : "Saludos Amigos",
    "overview" : "Live-action segments show members of the Disney staff touring South America and recording their impressions in sketches. These segue into four animated sections: \"Lake Titicaca\" depicts tourist Donald Duck's troubles with a stubborn llama; and in \"Aquarela do Brasil,\" Jose Carioca shows Donald the sights and sound of Rio de Janeiro.",
    "genres" : [ {
      "id" : 16,
      "name" : "Animation"
    }, {
      "id" : 10751,
      "name" : "Family"
    } ]
  }, {
    "id" : 14911,
    "title" : "Bat*21",
    "overview" : "Lt. Col. Iceal \"Ham\" Hambleton is a weapons countermeasures expert and when his aircraft is shot over enemy territory the Air Force very much wants to get him back. Hambleton knows the area he's in is going to be carpet-bombed but a temporary shortage of helicopters causes a delay. Working with an Air Force reconnaissance pilot, Capt. Bartholomew Clark, he maps out an escape route.",
    "genres" : [ {
      "id" : 28,
      "name" : "Action"
    }, {
      "id" : 10752,
      "name" : "War"
    } ]
  }, {
    "id" : 14916,
    "title" : "Moontrap",
    "overview" : "The Space Shuttle returns to earth, but some of the equipment brought back on it begins to behave strangely. Scientists are unsure what is happening, and decide to take all necessary precautions.",
    "genres" : [ {
      "id" : 27,
      "name" : "Horror"
    }, {
      "id" : 878,
      "name" : "Science Fiction"
    } ]
  }, {
    "id" : 14921,
    "title" : "Three and Out",
    "overview" : "A London tube driver considers pursuing a third fatal accident to collect a huge payout.",
    "genres" : [ {
      "id" : 18,
      "name" : "Drama"
    }, {
      "id" : 35,
      "name" : "Comedy"
    } ]
  }, {
    "id" : 14926,
    "title" : "Uptown Girls",
    "overview" : "Molly Gunn, the freewheeling daughter of a deceased rock legend, is forced to get a job when her manager steals her money. As nanny for precocious Ray, the oft ignored daughter of a music executive she learns what it means to be an adult while teaching Ray how to be a child.",
    "genres" : [ {
      "id" : 35,
      "name" : "Comedy"
    } ]
  }, {
    "id" : 14931,
    "title" : "Miami Blues",
    "overview" : "When Fred gets out of prison, he decides to start over in Miami, where he starts a violent one-man crime wave. He soon meets up with amiable college student Susie. Opposing Fred is Sgt Hoke Moseley, a cop who is getting a bit old for the job, especially since the job of cop in 1980's Miami is getting crazier all the time.",
    "genres" : [ {
      "id" : 28,
      "name" : "Action"
    }, {
      "id" : 80,
      "name" : "Crime"
    }, {
      "id" : 18,
      "name" : "Drama"
    }, {
      "id" : 53,
      "name" : "Thriller"
    } ]
  }, {
    "id" : 14976,
    "title" : "Rachel Getting Married",
    "overview" : "A young woman who has been in and out from rehab for the past 10 years returns home for the weekend for her sister's wedding.",
    "genres" : [ {
      "id" : 18,
      "name" : "Drama"
    } ]
  }, {
    "id" : 14981,
    "title" : "Welcome To Macintosh",
    "overview" : "\"Welcome to Macintosh\" is a documentary that mixes history, criticism and an unapologetic revelry of all things Apple. Whether a long time Mac fanatic or new to computers, Welcome to Macintosh explores the many ways Apple Computer (now Apple, Inc.) has changed the world, from the early days of the Apple-I to the latest the company has to offer.",
    "genres" : [ {
      "id" : 99,
      "name" : "Documentary"
    } ]
  }, {
    "id" : 15006,
    "title" : "Rails & Ties",
    "overview" : "A deadly collision between a train and car lead to an unlikely bond between the train engineer and a young boy who escapes the carnage.",
    "genres" : [ {
      "id" : 18,
      "name" : "Drama"
    } ]
  }, {
    "id" : 15011,
    "title" : "Red Mist",
    "overview" : "A young doctor in a US hospital administers a powerful and untested cocktail of drugs to a coma victim. But instead of curing him, it triggers a powerful \"out-of-body\" experience and enables the patient - a depraved and dangerous loner - to inhabit other people's bodies and, through them, take revenge on the bullying medical students who were accidentally responsible for his condition.",
    "genres" : [ {
      "id" : 53,
      "name" : "Thriller"
    }, {
      "id" : 27,
      "name" : "Horror"
    } ]
  }, {
    "id" : 15016,
    "title" : "Barbie of Swan Lake",
    "overview" : "Barbie comes to life in her third animated movie, based on the beloved fairy tale and set to the brilliant music of Tchaikovsky. Barbie as Odette, the young daughter of a baker, follows a unicorn into the Enchanted Forest and is transformed into a swan by an evil wizard intent on defeating the Fairy Queen.",
    "genres" : [ {
      "id" : 16,
      "name" : "Animation"
    }, {
      "id" : 10751,
      "name" : "Family"
    } ]
  }, {
    "id" : 15021,
    "title" : "Films to Keep You Awake: The Baby's Room",
    "overview" : "In Spain, the sports journalist Juan has a perfect life with his wife Sonia: they have just had a baby and moved to an old house that needs to be repaired in a fancy neighborhood. When Juan's sister and her husband visit the couple, they give them an electronic nanny to monitor the baby's room. During the night, Juan and Sonia hear voices in the room but they do not find anybody. On the next day, Juan hires an alarm system for the house and a monitor to observe the baby's room. When Juan sees a man in the room, he gets a knife to protect his son. However, Sonia believes her husband is insane and moves to her mother's house. Juan investigates the happening with the former journalist Domingo, who explains him the paradoxical experiment Schrodinger's Cat and the existence of parallel worlds. Further, he advises the obsessed Juan to leave the house otherwise could be trapped in another world.",
    "genres" : [ {
      "id" : 27,
      "name" : "Horror"
    }, {
      "id" : 9648,
      "name" : "Mystery"
    }, {
      "id" : 53,
      "name" : "Thriller"
    } ]
  }, {
    "id" : 15026,
    "title" : "The Guyver",
    "overview" : "FBI agent Max Reed witnesses Dr. Tetsu Segawa - a researcher for the mysterious Chronos Corporation - being murdered. Dr. Segawa had stolen an alien device known as \"The Guyver\" from Chronos. College student Sean Barker, whose girlfriend's father was Dr. Segawa, finds the Guyver's hiding spot while watching the forensic team investigating the crime scene.",
    "genres" : [ {
      "id" : 28,
      "name" : "Action"
    }, {
      "id" : 14,
      "name" : "Fantasy"
    }, {
      "id" : 878,
      "name" : "Science Fiction"
    } ]
  }, {
    "id" : 15031,
    "title" : "The Breaks",
    "overview" : "Derrick, a racially-confused Irishman raised in the hood by a black family is having the worst day ever. Determined to prove to his fed-up mother and would-be girlfriend that he's not a screw-up, he sets out to do one thing right (get some milk) and even that proves to be a challenge! Hilarious encounters with racist red-neck cops, local gangsters and 'flamboyant' pawn shop owners ensue, and along the way Derek shows that he can actually do things for others and maybe even get his own life together.",
    "genres" : [ {
      "id" : 35,
      "name" : "Comedy"
    } ]
  }, {
    "id" : 15036,
    "title" : "Eden Is West",
    "overview" : "Elias (Riccardo Scamarcio) is an immigrant in his twenties who tries to get to Europe by a boat along with other illegal immigrants. When the boat is near the Greek shores and they hope they will soon disembark, a marine patrol approaches and Elias jumps into the sea in order to avoid arrest. So do the other people in the boat. He wakes up next morning in a shore with nudists, which is not so bad after all, since he has lost some of his clothes while he was swimming for quite a few hours. He pretends to be a nudist himself, steals some clothes and he pretends he is an employee of the hotel “Eden Club-Paradise”.",
    "genres" : [ {
      "id" : 18,
      "name" : "Drama"
    }, {
      "id" : 10769,
      "name" : "Foreign"
    } ]
  }, {
    "id" : 15041,
    "title" : "American Girl",
    "overview" : "A pregnant teenager is determined to leave her trailer park home with the hope of living a happy family life.",
    "genres" : [ {
      "id" : 35,
      "name" : "Comedy"
    }, {
      "id" : 18,
      "name" : "Drama"
    } ]
  }, {
    "id" : 15046,
    "title" : "7-10 Split",
    "overview" : "An aspiring actor whose career is in the dumps, exploits his amazing bowling skills to take the PBA by storm and becomes rich and famous, only to lose his best girl and best friend...",
    "genres" : [ {
      "id" : 18,
      "name" : "Drama"
    }, {
      "id" : 35,
      "name" : "Comedy"
    }, {
      "id" : 10769,
      "name" : "Foreign"
    } ]
  }, {
    "id" : 15056,
    "title" : "The Curse of King Tut's Tomb",
    "overview" : "Thousands of years ago, the great Child King Tutankhamen ruled. Few know the details of his life -- No one knows the secrets of his death. All that is about to change.Free -spirited archaeologist Danny Fremont (Casper Van Dien, Sleepy Hollow) is certain that if found, King Tut's Emerald Tablet would hold the power to control the world. Unfortunately, the only one who believes Fremont is his nemesis archaeologist Morgan Sinclair (Jonathan Hyde, Titanic), a member of a secret society who wants the tablet to harness unspeakable evil on the world and will stop at nothing to get it.",
    "genres" : [ {
      "id" : 28,
      "name" : "Action"
    }, {
      "id" : 12,
      "name" : "Adventure"
    }, {
      "id" : 14,
      "name" : "Fantasy"
    }, {
      "id" : 53,
      "name" : "Thriller"
    } ]
  }, {
    "id" : 15066,
    "title" : "Walking Tall: The Payback",
    "overview" : "A man goes back to his hometown that is now overrun with crime and single-handedly takes justice into his own hands.",
    "genres" : [ {
      "id" : 80,
      "name" : "Crime"
    }, {
      "id" : 12,
      "name" : "Adventure"
    }, {
      "id" : 28,
      "name" : "Action"
    } ]
  }, {
    "id" : 15071,
    "title" : "The Contractor",
    "overview" : "Former CIA Operative, James Dial is coaxed back into action to kill a terrorist in London, but it all goes wrong and he is forced into hiding, where he meets and befriends a 12 year old girl.",
    "genres" : [ {
      "id" : 28,
      "name" : "Action"
    }, {
      "id" : 12,
      "name" : "Adventure"
    }, {
      "id" : 18,
      "name" : "Drama"
    }, {
      "id" : 53,
      "name" : "Thriller"
    } ]
  }, {
    "id" : 15081,
    "title" : "The Three Lives of Thomasina",
    "overview" : "Thomasina is the pet cat of Mary McDhui, the daughter of Scottish veterinarian Andrew McDhui. When Thomasina falls ill, McDhui declares that the pet should be put down. But when Mary and her father try to bury the cat, Lori MacGregor (Susan Hampshire), who is said to be a witch, shows up and attempts to steal it.",
    "genres" : [ {
      "id" : 14,
      "name" : "Fantasy"
    }, {
      "id" : 18,
      "name" : "Drama"
    }, {
      "id" : 53,
      "name" : "Thriller"
    }, {
      "id" : 878,
      "name" : "Science Fiction"
    }, {
      "id" : 9648,
      "name" : "Mystery"
    }, {
      "id" : 10751,
      "name" : "Family"
    } ]
  }, {
    "id" : 15086,
    "title" : "La Patinoire",
    "overview" : "No overview found.",
    "genres" : [ {
      "id" : 35,
      "name" : "Comedy"
    } ]
  }, {
    "id" : 15091,
    "title" : "Korn - Live at Montreux 2004",
    "overview" : "Korn came out of California in the early nineties and went on to become one of the most globally successful metal acts of their generation. They continue to play live to vast crowds and have record sales in the millions. This concert from Montreux in 2004 is their only performance at the festival to date.",
    "genres" : [ {
      "id" : 10402,
      "name" : "Music"
    } ]
  }, {
    "id" : 15096,
    "title" : "20 Million Miles to Earth",
    "overview" : "When the first manned flight to Venus returns to Earth, the rocket crash-lands in the Mediterranean near a small Italian fishing village. The locals manage to save one of the astronauts Colonel Calder, the mission commander. A young boy also recovers what turns out to be a specimen of an alien creature. Growing at a fantastic rate, it manages to escape and eventually threatens the city of Rome.",
    "genres" : [ {
      "id" : 878,
      "name" : "Science Fiction"
    } ]
  }, {
    "id" : 15106,
    "title" : "Blue Man Group: How to Be a Megastar Live!",
    "overview" : "How To Be A Megastar Tour 2.0. Blue Man Group s inventive new how-to-manual, which expands on the Rock Concert Manual concept from The Complex Rock Tour, will take you through the steps of a wildly clever and interactive show that offers unique all-ages appeal.",
    "genres" : [ {
      "id" : 10402,
      "name" : "Music"
    }, {
      "id" : 99,
      "name" : "Documentary"
    } ]
  }, {
    "id" : 15111,
    "title" : "All Day Every Day",
    "overview" : "Sandbox “All Day Everyday” Snowboard DVD: Who is Sandbox, you say? Bah! Obvi it’s Kevin Sansalone and Clayton Larsen, along with a team of very talented young designers, filmers and riders. “All Day Everyday” is all about unique footage, good riding and fun mixed with some new faces, new sponsors, and high end HD production. All together this film has a great look and might just make you want to go riding.",
    "genres" : [ ]
  }, {
    "id" : 15116,
    "title" : "For Right Or Wrong",
    "overview" : "For For Right Or Wrong is a documentary feature made in conjunction with Burton Snowboards, which profiles several of the companies sponsored riders in their various snow board disciplines; Pipe, Street, Free Ride and Big Air. A large part of the action takes place around the snowboard wunderkind Shaun White, as he prepares to compete in the 2006 winter Olympic Games in Torino, Italy. The other various narrative strands follow the different paths of the individual boarders as we see them in action and they talk about why it is they do what they do. The film also introduces Burton Snow Board founder and CEO of Burton, Jake Burton Carpenter.",
    "genres" : [ {
      "id" : 99,
      "name" : "Documentary"
    } ]
  }, {
    "id" : 15121,
    "title" : "The Sound of Music",
    "overview" : "Film adaptation of a classic Rodgers and Hammerstein musical based on a nun who becomes a governess for an Austrian family.",
    "genres" : [ {
      "id" : 18,
      "name" : "Drama"
    }, {
      "id" : 10751,
      "name" : "Family"
    }, {
      "id" : 10402,
      "name" : "Music"
    }, {
      "id" : 10749,
      "name" : "Romance"
    } ]
  }, {
    "id" : 15126,
    "title" : "Eldorado",
    "overview" : "Yvan finds a burglar in his house. After some consideration, Yvan decides not to call the police and to drop the lad near the nearby city but he ends up giving him a lift home to his parents. Together, they travel through Belgium and meet some extraordinary people and find themselves in ditto situations.",
    "genres" : [ {
      "id" : 35,
      "name" : "Comedy"
    }, {
      "id" : 18,
      "name" : "Drama"
    } ]
  }, {
    "id" : 15136,
    "title" : "So Close",
    "overview" : "A conflict of interest between two high-kicking assassin sisters is complicated as they're pursued by the criminals who hired them and an equally high-kicking female cop.",
    "genres" : [ {
      "id" : 28,
      "name" : "Action"
    }, {
      "id" : 53,
      "name" : "Thriller"
    } ]
  }, {
    "id" : 15146,
    "title" : "Warren Miller's Cold Fusion",
    "overview" : "Warren Miller's 52nd year of ski movies.",
    "genres" : [ {
      "id" : 99,
      "name" : "Documentary"
    }, {
      "id" : 28,
      "name" : "Action"
    } ]
  }, {
    "id" : 15156,
    "title" : "Illegal Tender",
    "overview" : "After the gangsters who killed his father come to settle a score, a teenage boy and his mother turn the tables on the killers - one Latino family's quest for honor and revenge as the hunted become the hunters.",
    "genres" : [ {
      "id" : 18,
      "name" : "Drama"
    }, {
      "id" : 28,
      "name" : "Action"
    }, {
      "id" : 53,
      "name" : "Thriller"
    }, {
      "id" : 80,
      "name" : "Crime"
    } ]
  }, {
    "id" : 15166,
    "title" : "The Gene Generation",
    "overview" : "In a futuristic world, Michelle lives everyday battling with DNA Hackers who use their skills to hack into people's bodies and kill them. She is an assassin, trying to keep her younger brother, Jackie, out of trouble. When Jackie gets involved in a petty crime of robbery, he propels himself into the world of DNA Hackers, Shylocks (Loan Sharks) and Gangs",
    "genres" : [ {
      "id" : 28,
      "name" : "Action"
    }, {
      "id" : 878,
      "name" : "Science Fiction"
    } ]
  }, {
    "id" : 15171,
    "title" : "Charlotte's Web",
    "overview" : "Wilbur the pig is scared of the end of the season, because he knows that come that time, he will end up on the dinner table. He hatches a plan with Charlotte, a spider that lives in his pen, to ensure that this will never happen.",
    "genres" : [ {
      "id" : 10402,
      "name" : "Music"
    }, {
      "id" : 16,
      "name" : "Animation"
    }, {
      "id" : 18,
      "name" : "Drama"
    }, {
      "id" : 10751,
      "name" : "Family"
    } ]
  }, {
    "id" : 15181,
    "title" : "The Boston Strangler",
    "overview" : "Boston, Mass. 1962. The dawn of the serial killer was at hand. Thirteen innocent women were brutally slaughtered by a faceless monster. Now, through the eyes of the killer himself, we are taken on a sadistic journey from the jail cell to the grave, reliving each terrifying event one murder at a time.",
    "genres" : [ {
      "id" : 80,
      "name" : "Crime"
    }, {
      "id" : 18,
      "name" : "Drama"
    }, {
      "id" : 53,
      "name" : "Thriller"
    } ]
  }, {
    "id" : 15186,
    "title" : "Full Frontal",
    "overview" : "A contemporary comedy set in Los Angeles, Full Frontal traces the complicated relationship among seven friends as they deal with the fragile connections that bind them together. Full Frontal takes place during a twenty-four hour period - a day in the life of missed connections.",
    "genres" : [ {
      "id" : 35,
      "name" : "Comedy"
    }, {
      "id" : 18,
      "name" : "Drama"
    }, {
      "id" : 10749,
      "name" : "Romance"
    } ]
  }, {
    "id" : 15196,
    "title" : "Clue",
    "overview" : "Clue finds six colorful dinner guests gathered at the mansion of their host, Mr. Boddy -- who turns up dead after his secret is exposed: He was blackmailing all of them. With the killer among them, the guests and Boddy's chatty butler must suss out the culprit before the body count rises.",
    "genres" : [ {
      "id" : 35,
      "name" : "Comedy"
    }, {
      "id" : 53,
      "name" : "Thriller"
    }, {
      "id" : 80,
      "name" : "Crime"
    }, {
      "id" : 9648,
      "name" : "Mystery"
    } ]
  }, {
    "id" : 15201,
    "title" : "Skin",
    "overview" : "In the late Seventies, a Dutch teenager named Frankie, who is the son of a holocaust survivor, lives in a working class area in Holland. Frankie’s mother is taken to hospital in a terminal condition, causing a bigger rift between him and his father. This leads to Frankie becoming the interest of the local Nazi skinhead group.",
    "genres" : [ {
      "id" : 18,
      "name" : "Drama"
    }, {
      "id" : 10769,
      "name" : "Foreign"
    }, {
      "id" : 36,
      "name" : "History"
    } ]
  }, {
    "id" : 15206,
    "title" : "The Mother of Tears",
    "overview" : "An ancient urn is found in a cemetery outside Rome. Once opened, it triggers a series of violent incidents: robberies, rapes and murders increase dramatically, while several mysterious, evil-looking young women coming from all over the world are gathering in the city. All these events are caused by the return of Mater Lacrimarum, the last of three powerful witches who have been spreading terror and death for centuries. Alone against an army of psychos and demons, Sarah Mandy, an art student who seems to have supernatural abilities of her own, is the only person left to prevent the Mother of Tears from destroying Rome.",
    "genres" : [ {
      "id" : 27,
      "name" : "Horror"
    } ]
  }, {
    "id" : 15216,
    "title" : "Midnight Clear",
    "overview" : "On Christmas Eve in the Arizona desert, a middle-aged man (Stephen Baldwin) and an old woman (K Callan) contemplate suicide. But through chance run-ins with strangers and perhaps some divine intervention, they cross paths and change each other's life forever.",
    "genres" : [ {
      "id" : 18,
      "name" : "Drama"
    } ]
  }, {
    "id" : 15251,
    "title" : "Eddie Murphy: Delirious",
    "overview" : "Taped live and in concert at Constitution Hall in Washington, D.C. in August, 1983, Eddie Murphy: Delirious captures Eddie Murphy's wild and outrageous stand-up comedy act, which he performed in New York and eighteen other cities across the U.S. to standing-room-only audiences. Eddie's comedy was groundbreaking, completely new, razor sharp and definitely funny.Eddie Murphy pontificates in his own vulgarly hilarious fashion on everything from bizarre sexual fantasies to reliving the family barbecue, and is peppered with Eddie's one-of-a-kind wit. Laugh along as Eddie reminiscences of hot childhood days and the ice cream man intermixed with classic vocal parodies of top American entertainers.Experience Eddie Murphy at his best, live and red hot! Delirious! Uncensored and Uncut!",
    "genres" : [ {
      "id" : 35,
      "name" : "Comedy"
    } ]
  }, {
    "id" : 15256,
    "title" : "200 Cigarettes",
    "overview" : "A collection of twentysomethings try to cope with relationships, loneliness, desire and their individual neuroses.",
    "genres" : [ {
      "id" : 35,
      "name" : "Comedy"
    }, {
      "id" : 18,
      "name" : "Drama"
    }, {
      "id" : 10749,
      "name" : "Romance"
    } ]
  }, {
    "id" : 15261,
    "title" : "Bring It On: In It To Win It",
    "overview" : "Fourth 'Bring It On' movie is set at a cheerleader camp in Florida with a 'West Side Story' musical feel has the female captain of the West Side Sharks meeting and romancing a male member of the East Coast Jets amid their different team rivalries.",
    "genres" : [ {
      "id" : 35,
      "name" : "Comedy"
    } ]
  }, {
    "id" : 15266,
    "title" : "The Fighting Kentuckian",
    "overview" : "John Breen (John Wayne), a Kentucky militiaman falls in love with French exile Fleurette De Marchand (Vera Ralston). He discovers a plot to steal the land that Fleurette's exiles plan to settle on and aims to foil it.",
    "genres" : [ {
      "id" : 12,
      "name" : "Adventure"
    }, {
      "id" : 37,
      "name" : "Western"
    } ]
  }, {
    "id" : 15271,
    "title" : "Bright Young Things",
    "overview" : "in the 1930’s a social set known to the press – who follow their every move – as the “Bright Young Things.” are Adam and his friends who are eccentric, wild and entirely shocking to the older generation. Amidst the madness, Adam, who is well connected but totally broke, is desperately trying to get enough money to marry the beautiful Nina. While his attempts to raise cash are constantly thwarted, their friends seem to self-destruct, one-by-one, in an endless search for newer and faster sensations. Finally, when world events out of their control come crashing around them, they are forced to reassess their lives and what they value most.",
    "genres" : [ {
      "id" : 35,
      "name" : "Comedy"
    } ]
  }, {
    "id" : 15276,
    "title" : "Barely Legal",
    "overview" : "Teenager Deacon works at a video shop, and his buddies, Fred and Matt, sell the bootleg porno films he acquires. Deacon gets fired, but the pals have the bright idea of filming their own Internet porn flick in order to make money and become more popular at school. Hijinks ensue as they cast and create their movie, but porn industry player Vic Ramalot grows jealous of their burgeoning success and tries to put a stop to the project.",
    "genres" : [ {
      "id" : 35,
      "name" : "Comedy"
    } ]
  }, {
    "id" : 15281,
    "title" : "King Corn",
    "overview" : "King Corn is a fun and crusading journey into the digestive tract of our fast food nation where one ultra-industrial, pesticide-laden, heavily-subsidized commodity dominates the food pyramid from top to bottom – corn. Fueled by curiosity and a dash of naiveté, two college buddies return to their ancestral home of Greene, Iowa to figure out how a modest kernel conquered America. With the help of some real farmers, oodles of fertilizer and government aide, and some genetically modified seeds, the friends manage to grow one acre of corn. Along the way, they unlock the hilarious absurdities and scary but hidden truths about America’s modern food system in this engrossing and eye-opening documentary.",
    "genres" : [ {
      "id" : 99,
      "name" : "Documentary"
    } ]
  }, {
    "id" : 15286,
    "title" : "Marine Boy",
    "overview" : "Marine Boy is the story of a former national swimmer who finds himself in debt, and out of desperation is employed as a mule by a gangster boss, smuggling drugs by sea.",
    "genres" : [ {
      "id" : 28,
      "name" : "Action"
    }, {
      "id" : 53,
      "name" : "Thriller"
    } ]
  }, {
    "id" : 15301,
    "title" : "Twilight Zone: The Movie",
    "overview" : "Four directors collaborated to remake four episodes of the popular television series 'The Twilight Zone' for this movie. The episodes are updated slightly and in color (the television show was in black-and-white), but very true to the originals, where eerie and disturbing situations gradually spin out of control. \"A Quality of Mercy\", \"Kick the Can\", \"It's a Good Life\", and \"Nightmare at 20,000 Feet\".",
    "genres" : [ {
      "id" : 18,
      "name" : "Drama"
    }, {
      "id" : 14,
      "name" : "Fantasy"
    }, {
      "id" : 27,
      "name" : "Horror"
    }, {
      "id" : 878,
      "name" : "Science Fiction"
    }, {
      "id" : 53,
      "name" : "Thriller"
    } ]
  }, {
    "id" : 15316,
    "title" : "Good Time Max",
    "overview" : "Two genius brothers grow up and grow apart as one becomes a successful surgeon and the other pursues a drug-fueled high life.",
    "genres" : [ {
      "id" : 18,
      "name" : "Drama"
    } ]
  }, {
    "id" : 15321,
    "title" : "Twin Town",
    "overview" : "Jeremy and Julian Lewis, the \"Lewis Twins\", are two unruly brothers who terrorise the city of Swansea from the caravan park where they live with their family. When their father, Fatty, is injured while working on a roof for local kingpin Bryn Cartwright, they try in vain to claim compensation. Thus begins a campaign of terror, which local policemen Terry and Grayo are ill-equipped to prevent, involved as they are in a drugs deal with Cartwright.",
    "genres" : [ {
      "id" : 35,
      "name" : "Comedy"
    }, {
      "id" : 18,
      "name" : "Drama"
    } ]
  }, {
    "id" : 15331,
    "title" : "The Vanishing Point",
    "overview" : "Lucie, jeune étudiante en histoire de l'art, enquête sur les oeuvres du peintre Watteau. Elle est persuadée que certaines de ses toiles cachent un sens encore jamais révélé. Sa rencontre avec l'énigmatique Vincent, muet de naissance, va bouleverser ses recherches, et la plonger au coeur d'une intrigue commencée il y a deux siècles.",
    "genres" : [ {
      "id" : 18,
      "name" : "Drama"
    }, {
      "id" : 9648,
      "name" : "Mystery"
    }, {
      "id" : 53,
      "name" : "Thriller"
    } ]
  }, {
    "id" : 15336,
    "title" : "Par suite d'un arrêt de travail...",
    "overview" : "No overview found.",
    "genres" : [ {
      "id" : 35,
      "name" : "Comedy"
    } ]
  }, {
    "id" : 15346,
    "title" : "The Golden Boys",
    "overview" : "Three retired sea captains living together in genteel squalor. They scheme to improve their fortunes by having one of them solicit a bride through an ad in a Boston newspaper. The loser of a coin toss must get married and take in the other two as boarders. But upon the arrival of the Nantucket woman selected from the applicants, the captains get cold feet.",
    "genres" : [ {
      "id" : 35,
      "name" : "Comedy"
    }, {
      "id" : 10749,
      "name" : "Romance"
    } ]
  }, {
    "id" : 15356,
    "title" : "The Girl Next Door",
    "overview" : "In a quiet suburban town in the summer of 1958, two recently orphaned sisters are placed in the care of their mentally unstable Aunt Ruth. But Ruth's depraved sense of discipline will soon lead to unspeakable acts of abuse and torture that involve her young sons, the neighborhood children, and one 12-year-old boy whose life will be changed forever.",
    "genres" : [ {
      "id" : 53,
      "name" : "Thriller"
    }, {
      "id" : 80,
      "name" : "Crime"
    }, {
      "id" : 18,
      "name" : "Drama"
    }, {
      "id" : 27,
      "name" : "Horror"
    } ]
  }, {
    "id" : 15361,
    "title" : "Shanghai Kiss",
    "overview" : "Liam Liu unwittingly gets involved with a high school girl. He suddenly has to go to China after learning from his father that he has inherited his grandmother's home in Shanghai. He's not very appreciative of his Chinese roots and at first only wants to sell the house and get back to the U.S. as fast as possible. He gets a taste of the Chinese culture and ends up having some big decisions to make",
    "genres" : [ {
      "id" : 35,
      "name" : "Comedy"
    }, {
      "id" : 18,
      "name" : "Drama"
    }, {
      "id" : 10749,
      "name" : "Romance"
    } ]
  }, {
    "id" : 15366,
    "title" : "American Gun",
    "overview" : "Seemingly disparate portraits of people -- among them a single mother, a high school principal, and an ace student -- Distinctly American -- all affected by the proliferation of guns in American society.",
    "genres" : [ {
      "id" : 18,
      "name" : "Drama"
    } ]
  }, {
    "id" : 15371,
    "title" : "Lupin the Third: The Castle of Cagliostro",
    "overview" : "After a successful robbery leaves famed thief Lupin III and his partner Jigen with nothing but a large amount of fake money, the so called \"Goat Bills\", he decides to track down the counterfeiter responsible - and steal any other treasures he may find in the Castle of Cagliostro, including the 'damsel in distress' he finds imprisoned there.",
    "genres" : [ {
      "id" : 12,
      "name" : "Adventure"
    }, {
      "id" : 16,
      "name" : "Animation"
    }, {
      "id" : 35,
      "name" : "Comedy"
    } ]
  }, {
    "id" : 15381,
    "title" : "Charlie & me",
    "overview" : "When her beloved grandfather Charlie suddenly falls ill, twelve year-old Casey finds herself making some life or death decisions - and learning to live with the consequences.",
    "genres" : [ {
      "id" : 10770,
      "name" : "TV Movie"
    }, {
      "id" : 18,
      "name" : "Drama"
    }, {
      "id" : 10751,
      "name" : "Family"
    } ]
  }, {
    "id" : 15386,
    "title" : "Currency and Peace",
    "overview" : "Martin is an innocent lad from small-town Mlada Boleslav who comes to big-city Prague, hoping to exchange his krona for deutschemarks so that he can visit Germany. A local spiv named Robert obliges Martin, but at an unfair exchange rate. When Martin finds out he was rooked, he plans revenge on Robert ... but then decides to join Robert's gang instead.",
    "genres" : [ {
      "id" : 18,
      "name" : "Drama"
    } ]
  }, {
    "id" : 15391,
    "title" : "Obsession: Radical Islam's War Against the West",
    "overview" : "Obsession is a film about the threat of Radical Islam to Western civilization. Using unique footage from Arab television, it reveals an 'insider's view' of the hatred the Radicals are teaching, their incitement of global jihad, and their goal of world domination.",
    "genres" : [ {
      "id" : 99,
      "name" : "Documentary"
    } ]
  }, {
    "id" : 15401,
    "title" : "Captain Kidd",
    "overview" : "The unhistorical adventures of pirate Captain Kidd revolve around treasure and treachery. In 1699, William Kidd (Charles Laughton), a pirate who has recently captured the ship The Twelve Apostles and killed its crew, presents himself at the court of King William III (Henry Daniell) as an honest shipmaster seeking royal backing. With this backing, he recruits a crew from the inmates of Newgate and Marshalsea prisons, promising them a royal pardon at the end of their voyage. Among the new recruits is the quarrelsome, though cultured Adam Mercy (Randolph Scott), whom Kidd makes his new master gunner because of his claimed prior service with a famous pirate.",
    "genres" : [ {
      "id" : 28,
      "name" : "Action"
    }, {
      "id" : 12,
      "name" : "Adventure"
    } ]
  }, {
    "id" : 15411,
    "title" : "Bheja Fry",
    "overview" : "Ranjeet Thadani (Rajat Kapoor), a bored, arrogant music company executive hurts his back the night he has found a prize catch for a weekly bring - your -idiot talent dinner hosted by his friends and him. He ends up spending the evening with this idiot, Bharat Bhushan (Vinay Pathak) who tries to help him get his wife (Sarika) back who left him earlier that day. The result is utter chaos let loose by the idiot, who cannot do a single thing without messing it up further. The plot turns around to be a series of mini disasters that leave Ranjeet's comfortable life in ruins. Call it the idiot's revenge!",
    "genres" : [ {
      "id" : 35,
      "name" : "Comedy"
    }, {
      "id" : 18,
      "name" : "Drama"
    } ]
  }, {
    "id" : 15416,
    "title" : "Clarkson: Heaven and Hell",
    "overview" : "And so, this is the big one. I trawl the whole of cardom to bring you seven great cars and truffle the undergrowth looking for seven automotive disasters. The good ones - the Ferraris, the Porches and the Aston Martins are driven to within an inch of their lives on the track. Some are even handed over to the Stig who makes a guest appearance. The bad ones are killed. Sawn in half. Hung, drawn and quartered. They're hammered and blown to pieces with dynamite and their skeletons left in the open to rot. I even find time for a game of car jousting. It's Heaven then, and Hell.",
    "genres" : [ {
      "id" : 99,
      "name" : "Documentary"
    } ]
  }, {
    "id" : 15421,
    "title" : "Becket",
    "overview" : "King Henry II of England has trouble with the Church. When the Archbishop of Canterbury dies, he has a brilliant idea. Rather than appoint another pious cleric loyal to Rome and the Church, he will appoint his old drinking and wenching buddy, Thomas Becket, technically a deacon of the church, to the post. Unfortunately, Becket takes the job seriously and provides abler opposition to Henry.",
    "genres" : [ {
      "id" : 18,
      "name" : "Drama"
    }, {
      "id" : 36,
      "name" : "History"
    } ]
  }, {
    "id" : 15426,
    "title" : "Unearthed",
    "overview" : "In the desert area of Hat Creek, cows are found partially devoured and the farmers believe that a wolf is attacking the cattle. The alcoholic Sheriff Annie Flynn is called by the local farmer Rob Horn to witness the remains of an animal to request reimbursement from the government and for an accident with a tank truck that is blocking the road.",
    "genres" : [ {
      "id" : 28,
      "name" : "Action"
    }, {
      "id" : 12,
      "name" : "Adventure"
    }, {
      "id" : 27,
      "name" : "Horror"
    }, {
      "id" : 878,
      "name" : "Science Fiction"
    }, {
      "id" : 53,
      "name" : "Thriller"
    } ]
  }, {
    "id" : 15436,
    "title" : "Let It Rain",
    "overview" : "Agnes Jaoui plays a local political candidate Agathe Villanova, who returns to her childhood home in the south of France in order to help her sister Florence (Pascale Arbillot) sort through their recently deceased mother's belongings. While she's there, the son (Jamel Debbouze as Karim) of family maid (Mimouna Hadji) takes advantage of her presence and attempts to interview her as part of a documentary about successful women that he's undertaken with his film school teacher, Michel (co-writer Jean-Pierre Bacri). However, Michel's intentions aren't quite what they seem, as he's having an affair with Florence and hoping to persuade her to leave her husband.",
    "genres" : [ {
      "id" : 35,
      "name" : "Comedy"
    } ]
  }, {
    "id" : 15451,
    "title" : "Revanche",
    "overview" : "Ex-con Alex plans to flee to the South with his girl after a robbery. But something terrible happens and revenge seems inevitable.",
    "genres" : [ {
      "id" : 80,
      "name" : "Crime"
    }, {
      "id" : 18,
      "name" : "Drama"
    }, {
      "id" : 10749,
      "name" : "Romance"
    } ]
  }, {
    "id" : 15456,
    "title" : "Intrusions",
    "overview" : "Pauline, une riche héritière, a été mariée contre son gré par son père à un de ses employés, François, qui l'avait mise enceinte.Quand, quelques mois plus tard, son mari lui annonce qu'il veut la quitter, Pauline, furieuse, laisse sur le téléphone de ce dernier des menaces de mort.Alexis Target, un ouvrier qui travaille dans la maison de Pauline, entend la jeune femme proférer ces menaces.François meurt, le soir même, dans un accident de voiture.Le jour de l'enterrement, Alexis revient voir Pauline en affirmant qu'il a exaucé son souhait et a tué François.Alexis entre alors par effraction dans la vie de Pauline. Car lui aussi poursuit une vengeance...",
    "genres" : [ {
      "id" : 53,
      "name" : "Thriller"
    } ]
  }, {
    "id" : 15466,
    "title" : "Atlantis",
    "overview" : "Atlantis is more visual art than nature film and a 'must see' for any Luc Besson fan. The film captures the feel of what it's actually like to swim underwater better than any film I've ever seen, perfectly illustrating the form and texture of sea water. Beautiful. Highly recommended for anyone interested in visual arts or diving.",
    "genres" : [ {
      "id" : 10402,
      "name" : "Music"
    }, {
      "id" : 99,
      "name" : "Documentary"
    } ]
  }, {
    "id" : 15476,
    "title" : "7eventy 5ive",
    "overview" : "As another semester draws to a close at the University of Dreyskill, a simple game dreamt to help students avoid studying becomes a bloody battle for survival in this stalk-and-slash frightener from filmmaking duo Brian Hooks and Deon Taylor.",
    "genres" : [ {
      "id" : 27,
      "name" : "Horror"
    }, {
      "id" : 53,
      "name" : "Thriller"
    } ]
  }, {
    "id" : 15481,
    "title" : "Rope of Sand",
    "overview" : "Story of a South African diamond mine watch over by a sadistic policeman tasked with looking out for smugglers.",
    "genres" : [ {
      "id" : 18,
      "name" : "Drama"
    }, {
      "id" : 28,
      "name" : "Action"
    }, {
      "id" : 53,
      "name" : "Thriller"
    } ]
  }, {
    "id" : 15486,
    "title" : "The Bank",
    "overview" : "The Bank, a world ripe with avarice and corruption, where O'Reilly and his ilk can thrive and honest Aussie battlers lose everything. Enter Jim Doyle a maverick mathematician who has devised a formula to predict the fluctuations of the stock market. When he joins O'Reilly's fold, he must first prove his loyalty to the \"greed is good\" ethos. Which way will he go? What does he have to hide?",
    "genres" : [ {
      "id" : 18,
      "name" : "Drama"
    }, {
      "id" : 53,
      "name" : "Thriller"
    } ]
  }, {
    "id" : 15496,
    "title" : "Tokyo Trash Baby",
    "overview" : "Miyuki doesn't need to stalk the man she's crazy about, because he lives one floor down. He's Yoshinori, a not very successful long-haired musician. Miyuki, a coffee-shop waitress, nods when they pass on the stairs, but hasn't yet dared to strike up a conversation. Instead she slips out every night and helps herself to his trash.",
    "genres" : [ {
      "id" : 18,
      "name" : "Drama"
    }, {
      "id" : 35,
      "name" : "Comedy"
    }, {
      "id" : 10769,
      "name" : "Foreign"
    } ]
  }, {
    "id" : 15501,
    "title" : "Dane Cook: Vicious Circle",
    "overview" : "Vicious Circle captures the hottest comic in America in his first HBO comedy event, a unique \"in the round\" performance before his hometown Boston fans.",
    "genres" : [ {
      "id" : 35,
      "name" : "Comedy"
    } ]
  }, {
    "id" : 15506,
    "title" : "Agnes Browne",
    "overview" : "When Agnes Browne's husband died, she discovered something amazing... Herself.",
    "genres" : [ {
      "id" : 18,
      "name" : "Drama"
    } ]
  }, {
    "id" : 15511,
    "title" : "VeggieTales: The Pirates Who Don't Do Anything",
    "overview" : "Set Sail For Adventure! A boatload of beloved VeggieTales pals embark on a fun and fresh pirate adventure with their trademark humor and silly songs in The Pirates Who Don't Do Anything - A VeggieTales Movie! Larry the Cucumber, Mr. Lunt and Pa Grape find themselves on the ride of their lives when they are mysteriously whisked back to the time when pirates ruled the high seas.",
    "genres" : [ {
      "id" : 12,
      "name" : "Adventure"
    }, {
      "id" : 16,
      "name" : "Animation"
    }, {
      "id" : 35,
      "name" : "Comedy"
    }, {
      "id" : 878,
      "name" : "Science Fiction"
    }, {
      "id" : 10751,
      "name" : "Family"
    } ]
  }, {
    "id" : 15516,
    "title" : "The Last House on the Left",
    "overview" : "Mari and Phyllis go to the \"big city\" to see their favorite band BloodLust. Along the way they meet up with newly escaped convict Krug and his gang.",
    "genres" : [ {
      "id" : 27,
      "name" : "Horror"
    }, {
      "id" : 53,
      "name" : "Thriller"
    } ]
  }, {
    "id" : 15531,
    "title" : "Get Smart's Bruce and Lloyd Out of Control",
    "overview" : "Bumbling R&D inventors Bruce and Lloyd get out of the lab and into the field as they search to locate their latest invention - which has somehow gone missing. When you're used to spending your day inventing the most cutting edge spy equipment known to man, adapting the stealth and guile needed to become a true secret agent doesn't come naturally. Unfortunately the invisibility cloak that the pair recently collaborated on has disappeared, and in order to ensure that it doesn't fall into the hands of KAOS they will have to master the skills of a true spy. But how exactly does one find an object that's invisible to begin with? As the search gets underway, these brainy inventors are given an eye-opening crash course in high-level espionage.",
    "genres" : [ {
      "id" : 28,
      "name" : "Action"
    }, {
      "id" : 35,
      "name" : "Comedy"
    } ]
  }, {
    "id" : 15536,
    "title" : "Deadline Torp",
    "overview" : "On September 28th, 1994, two Swedish men robbed a bank in the small Norwegian town of Larvik. Soon, with a massive police hunt underway, the robbers ended up taking two civilians and two police officers hostage. Next morning the drama would come to a deadly halt at nearby Torp Airport, where for the first time in history, a Norwegian police chief was forced to give the order to shoot to kill.",
    "genres" : [ {
      "id" : 18,
      "name" : "Drama"
    }, {
      "id" : 53,
      "name" : "Thriller"
    }, {
      "id" : 28,
      "name" : "Action"
    } ]
  }, {
    "id" : 15541,
    "title" : "Affliction: Day of Reckoning",
    "overview" : "Affliction: Day of Reckoning a mixed martial arts event promoted by Affliction Entertainment on January 24, 2009, in Anaheim, California at the Honda Center. It was originally scheduled for October 11, 2008, at the Thomas and Mack Center in Las Vegas, Nevada with a different fight card.",
    "genres" : [ ]
  }, {
    "id" : 15546,
    "title" : "Cirque du Soleil: Quidam",
    "overview" : "A young girl has already seen everything there is to see and her world has lost all meaning. Her anger shatters her world and she finds herself in the universe of QUIDAM, where she is joined by a playful companion, as well as another mysterious character who attempts to seduce her with the marvelous, the unsettling and the terrifying.",
    "genres" : [ {
      "id" : 99,
      "name" : "Documentary"
    }, {
      "id" : 10402,
      "name" : "Music"
    } ]
  }, {
    "id" : 15551,
    "title" : "Cirque du Soleil: Corteo",
    "overview" : "Corteo, which means \"cortege\" in Italian, is a joyous procession, a festive parade imagined by a clown. The show brings together the passion of the actor with the grace and power of the acrobat to plunge the audience into a theatrical world of fun, comedy and spontaneity situated in a mysterious space between heaven and earth.",
    "genres" : [ {
      "id" : 99,
      "name" : "Documentary"
    }, {
      "id" : 10751,
      "name" : "Family"
    }, {
      "id" : 10402,
      "name" : "Music"
    } ]
  }, {
    "id" : 15556,
    "title" : "At First Sight",
    "overview" : "A blind man has an operation to regain his sight at the urging of his girlfriend and must deal with the changes to his life.",
    "genres" : [ {
      "id" : 18,
      "name" : "Drama"
    }, {
      "id" : 10749,
      "name" : "Romance"
    } ]
  }, {
    "id" : 15566,
    "title" : "Surviving Christmas",
    "overview" : "Drew Latham is an executive leading an empty, shallow life with only wealth on his side. Facing another lonely Christmas ahead, he revisit his old childhood home in the hope of reliving some old holiday memories – but he finds that the house in which he was raised is no longer the home in which he grew up.",
    "genres" : [ {
      "id" : 35,
      "name" : "Comedy"
    }, {
      "id" : 10749,
      "name" : "Romance"
    } ]
  }, {
    "id" : 15571,
    "title" : "Deep Winter",
    "overview" : "Maverick downhill racer, Tyler Crowe, reunites with best friend and renegade snowboarder, Mark Rider. It doesn't take long for the old friends to take on a new mission. Together they head to Alaska, where led by a veteran guide, the two attempt the most daring descent on snow ever caught on film. But with glory comes risk. And this challenge is no exception.",
    "genres" : [ {
      "id" : 28,
      "name" : "Action"
    }, {
      "id" : 12,
      "name" : "Adventure"
    }, {
      "id" : 53,
      "name" : "Thriller"
    } ]
  }, {
    "id" : 15576,
    "title" : "Bellamy",
    "overview" : "A well known Parisian inspector becomes involved in an investigation while on holiday.",
    "genres" : [ {
      "id" : 18,
      "name" : "Drama"
    }, {
      "id" : 80,
      "name" : "Crime"
    } ]
  }, {
    "id" : 15581,
    "title" : "Who's Your Caddy?",
    "overview" : "When \"street smart\" rapper Christopher \"C-Note\" Hawkins (Big Boi) applies for a membership to all-white Carolina Pines Country Club, the establishment's proprietors are hardly ready to oblige him.",
    "genres" : [ {
      "id" : 35,
      "name" : "Comedy"
    } ]
  } ]
}