{
  "movies" : [ {
    "id" : 89226,
    "title" : "At War as at War",
    "overview" : "To the young lieutenant Maleshkin the war is a minor obstacle, if compared to his personal battle to command his subordinates, while conducting an armored vehicle at the same time he's trying to impress his superior Soviet officers who put him under extreme pressures, one after the other, fighting the German forces occupying Ukraine during World War II. Here's the story of an impressionable man who learns in the hard way that being a leader is more than just using of his commanding voice to get what he wants.",
    "genres" : [ {
      "id" : 18,
      "name" : "Drama"
    }, {
      "id" : 10752,
      "name" : "War"
    } ]
  }, {
    "id" : 89231,
    "title" : "The Chief of Chukotka",
    "overview" : "Young patriotic young man ends up in the on Chukotka right after the civil war, where he intends to spread ideas of justice and equality among the natives. As it happens, instead he learn the local capitalist ways, and he start profitable fur trading with US, Japanese and other merchants.",
    "genres" : [ {
      "id" : 12,
      "name" : "Adventure"
    }, {
      "id" : 35,
      "name" : "Comedy"
    }, {
      "id" : 18,
      "name" : "Drama"
    } ]
  }, {
    "id" : 89241,
    "title" : "Ammen",
    "overview" : "A 2005 és 2011 között készült Ammen című dokumentumfilm egy kis szatmári falu cigány-sorának életébe nyújt betekintést. Az utca lakói egy ameriaki pásztor vezetésével hat évvel ezelőtt \"bemerítkeztek\" és felvették a baptista vallást. Hozott-e változást életükbe a hit? Segített-e a boldogulásban? Mennyire kitartó, mély az Istenhitük? Miért fontos a karizmatikusság? Lehet-e a vallás közösség-összetartó erő? A film - többek között - ezekre a kérdésekre keresi a választ.",
    "genres" : [ {
      "id" : 99,
      "name" : "Documentary"
    } ]
  }, {
    "id" : 89251,
    "title" : "All men are the same",
    "overview" : "Three divorced men share a flat. They live together without trouble till they hire a cleaning lady with whom the three flirt.",
    "genres" : [ ]
  }, {
    "id" : 89256,
    "title" : "Her Married Lover",
    "overview" : "Film cutter Katie Griffin is hopelessly in love with writer Richard Mannhart, and starts an affair with him. When Mannhart's wife is killed in a road accident, Katie tells the police she thinks he's tampered with his wife's car. Being questioned Mannhart declares he's innocent. Not only that, he also denies any amorous involvement with Griffin. As it is her word against his, both parties are pressed to back up their stories with hard evidence. Finally Katie comes up with some. End of story?",
    "genres" : [ {
      "id" : 53,
      "name" : "Thriller"
    }, {
      "id" : 80,
      "name" : "Crime"
    }, {
      "id" : 10749,
      "name" : "Romance"
    } ]
  }, {
    "id" : 89261,
    "title" : "The Perfect Stranger",
    "overview" : "The mysterious arrival of a foreigner to a small village in a Mediterranean island, awake the sudden interest from a diverse group of residents, who will appear unexpectedly in the stranger's life, believing that he's going to reopen an old shop. In contrast, the real intentions of the stranger are hidden behind an old Polaroid photo, which has led him to that place in search of answers.",
    "genres" : [ {
      "id" : 35,
      "name" : "Comedy"
    }, {
      "id" : 18,
      "name" : "Drama"
    } ]
  }, {
    "id" : 89271,
    "title" : "The Milky Way",
    "overview" : "A modern love story set in Sao Paulo about Heitor, a writer and literature professor, and Julia, a theatre student turned veterinarian. A fight over the telephone propels Heitor into a journey through the chaotic city streets to reconcile with Julia. Their personal history unfolds against the backdrop of the city and its people in a series of events representing the struggle between poetry and science.",
    "genres" : [ {
      "id" : 18,
      "name" : "Drama"
    } ]
  }, {
    "id" : 89281,
    "title" : "Antfarm Dickhole",
    "overview" : "Hailed as having \"the most WTF moments in movie history\" Antfarm Dickhole is the story of rampaging army ants that have nested inside a living human body. The unwilling host discovers that when bullies attack him, the ants defend their nest. Thus begins a tragic tale of what happens when the powerless become powerful.",
    "genres" : [ {
      "id" : 27,
      "name" : "Horror"
    } ]
  }, {
    "id" : 89291,
    "title" : "Female Three Times",
    "overview" : "The Russian women's basketball team faces to the American team for the championship of the world, in Rome. Upon arriving at the 'Eternal City', the Russian athletes find ways to evade the strict surveillance and meet some Italian guys. After many persecutions, the Russians are confined by their guardians under the promise that, if they win, they can stay and live in Italy. But as they conquer the championship, their guards forget the promises and put them on a plane to Moscow.",
    "genres" : [ ]
  }, {
    "id" : 89301,
    "title" : "Joseph et la fille",
    "overview" : "Joseph has just spent 20 years in prison. After being released, he has only one obsession: to make one last heist. To perform this masterpiece, he needs an accomplice. He cannot trust anyone, so decides to prepare Julie, 20 years old. The confusion and uncertainty, however, stand between these two beings so opposite ...",
    "genres" : [ {
      "id" : 18,
      "name" : "Drama"
    } ]
  }, {
    "id" : 89306,
    "title" : "Tales of the White Sheets",
    "overview" : "Medieval erotic comedy in which a young man, played by Manolo Otero, comes to a town where he pretends to be tooth-puller and physician. This man is able to invent any potion to quench the sexual thirst of locals.",
    "genres" : [ ]
  }, {
    "id" : 89326,
    "title" : "96 Minutes",
    "overview" : "The story of 4 lives slammed together in a shocking moment. Intercutting between a carjacking and the separate stories of the 4 kids, we watch as they hurtle toward a life-changing end.",
    "genres" : [ {
      "id" : 18,
      "name" : "Drama"
    }, {
      "id" : 53,
      "name" : "Thriller"
    } ]
  }, {
    "id" : 89351,
    "title" : "Daddy's Deadly Darling",
    "overview" : "Teenager Lynn kills her father while he tries to rape her - the receiving officer at the mental hospital cannot convince her that her father is dead. After electric shock treatment she escapes in a nurses car. There is a farm where the manager is unable to feed his pigs on the usual swill, they have tasted blood - Human Blood! Lynn stumbles on the farm, she is looking for work she explains. \"Papa they tell me, what do you see One little girl as deadly as can be.\" The circle begins, feed people to the pigs - then eat the pigs.",
    "genres" : [ {
      "id" : 27,
      "name" : "Horror"
    } ]
  }, {
    "id" : 89356,
    "title" : "Obsessed & Scientific",
    "overview" : "Obsessed &amp; Scientific is a documentary about the possibility of time travel and the people who dream about it.",
    "genres" : [ ]
  }, {
    "id" : 89366,
    "title" : "Twice a Woman",
    "overview" : "Laura falls in love with Sylvia and they start an affair, until Sylvia runs off with Laura's ex-husband, Alfred.",
    "genres" : [ {
      "id" : 18,
      "name" : "Drama"
    }, {
      "id" : 10749,
      "name" : "Romance"
    } ]
  }, {
    "id" : 89376,
    "title" : "The Curse of El Charro",
    "overview" : "n California, Maria has awful nightmares with and visions of her sister that committed suicide one year ago. Her roommate Chris invites Maria to travel with her and her friends Tanya and Rose on vacation to her uncle's house in Saguaro, Arizona, to relax. When the group arrives in the house, they immediately go to a night-club to have fun and chase some local guys for sex; however, the evil El Charro is seeking Maria killing her friends with his machete.",
    "genres" : [ {
      "id" : 27,
      "name" : "Horror"
    } ]
  }, {
    "id" : 89381,
    "title" : "Runaway Nightmare",
    "overview" : "Two dorky Nevada worm wranglers are kidnapped by a gang of beautiful women as part of a plot to steal platinum from the Mafia.",
    "genres" : [ {
      "id" : 53,
      "name" : "Thriller"
    }, {
      "id" : 27,
      "name" : "Horror"
    }, {
      "id" : 80,
      "name" : "Crime"
    } ]
  }, {
    "id" : 89386,
    "title" : "Poor Albert and Little Annie",
    "overview" : "Albert tried to kill his rich snobby mother once. Then he was institutionalized. Now he's escaped. Albert is after his mother again. And he will torture and kill anything that lays in the way...",
    "genres" : [ {
      "id" : 53,
      "name" : "Thriller"
    }, {
      "id" : 27,
      "name" : "Horror"
    }, {
      "id" : 18,
      "name" : "Drama"
    } ]
  }, {
    "id" : 89441,
    "title" : "Väckelsemöte",
    "overview" : "",
    "genres" : [ ]
  }, {
    "id" : 89451,
    "title" : "A Woman's Revenge",
    "overview" : "Roberto is one of those men for whom the simulation is the greatest art.",
    "genres" : [ {
      "id" : 18,
      "name" : "Drama"
    } ]
  }, {
    "id" : 89456,
    "title" : "Outside Satan",
    "overview" : "Along the Côte d'Opale, near a hamlet, with its dunes and marshes, lives a mysterious wanderer from nowhere who struggles along, poaches, prays and builds fires...",
    "genres" : [ {
      "id" : 18,
      "name" : "Drama"
    }, {
      "id" : 10769,
      "name" : "Foreign"
    } ]
  }, {
    "id" : 89461,
    "title" : "Luminaris",
    "overview" : "In a world controlled and timed by the light, a common man has a plan that could change the destiny.",
    "genres" : [ {
      "id" : 16,
      "name" : "Animation"
    } ]
  }, {
    "id" : 89466,
    "title" : "The Last Gaze",
    "overview" : "A drama centered on the relationship between a painter who's losing his sight and a maid in a Mexican brothel.",
    "genres" : [ {
      "id" : 18,
      "name" : "Drama"
    } ]
  }, {
    "id" : 89481,
    "title" : "How To Stop Being A Loser",
    "overview" : "James is useless with women, but his luck changes under the tutelage of pick-up artist, Ampersand. As James learns the art of seduction he begins to wonder about Ampersand’s intentions and questions what would truly make him happy in life.",
    "genres" : [ {
      "id" : 35,
      "name" : "Comedy"
    } ]
  }, {
    "id" : 89486,
    "title" : "Texas Detour",
    "overview" : "Stunt driving was no problem. It was real life that was out to get him",
    "genres" : [ ]
  }, {
    "id" : 89496,
    "title" : "Banner of the Stars",
    "overview" : "Three years of uneasy have passed since the Four Nations Alliance declared war on the Abh Empire. With both sides decimated by the first encounter, the lull in violence has provided enough time to build fleets massive enough to span the entire galaxy. Just before the Abh complete preparations for their conquest, however, the Alliance launches a pre-emptive strike, forcing them to take the defensive. Now in command of her own ship, Lafiel is assigned to the fleet as a destroyer captain, and eagerly awaits the opportunity to prove herself as a true Abriel. But when a new class of enemy ship appears on the front lines, the tides quickly turn for the worse. With her vessel now little more than cannon fodder, her dreams are turned into a desperate race for survival - can she and her crew survive amidst a battlefield of endless death and destruction?",
    "genres" : [ {
      "id" : 878,
      "name" : "Science Fiction"
    } ]
  }, {
    "id" : 89501,
    "title" : "Nameless Gangster",
    "overview" : "A corrupted customs officer, Choi Ik-hyeon, faces losing his job. Then, his life turns around as he meets ganster Choi Hyeong-bae who has connection with the Yakuza. They quickly form a partnetship; Hyeong-bae helps Ik-hyeon set up a business with the money from drug trafficking while Ik-hyeon lobbies for his partner Hyeong-bae. As the government declares war on crime, however, their partnership begins to crack.",
    "genres" : [ {
      "id" : 80,
      "name" : "Crime"
    }, {
      "id" : 53,
      "name" : "Thriller"
    } ]
  }, {
    "id" : 89511,
    "title" : "White Soup",
    "overview" : "The dramatic story of a woman's struggle to discover the identity of her grandchild's father. The grandmother  becomes obsessed with discovering the identity of the man who fathered her daughter's child.The naive daughter  is of little help with her mother with the search, which turns into a dangerous journey, filled with unexpected events. The mother is forced to face and overcome her own dark secrets and deepest fears, and her struggles provide her daughter with a new sense of hope and understanding of her own life.",
    "genres" : [ {
      "id" : 18,
      "name" : "Drama"
    }, {
      "id" : 35,
      "name" : "Comedy"
    }, {
      "id" : 10769,
      "name" : "Foreign"
    } ]
  }, {
    "id" : 89516,
    "title" : "Below the Belt",
    "overview" : "A boxer's manager pays a prostitute to make his boxer's nights hot, and endless. Not so strange, considering all the dirty deals the manager has with the local mafia. The strong champion has to contend with the sexy girl, before he gets to the ring with the title contender. But there are other interests at play, and more girls to play.",
    "genres" : [ {
      "id" : 18,
      "name" : "Drama"
    } ]
  }, {
    "id" : 89526,
    "title" : "Hit List",
    "overview" : "A family man (Jan-Michael Vincent) and a mob witness (Leo Rossi) hunt a mob hit man (Lance Henriksen) who has mistakenly kidnapped the family man's son.",
    "genres" : [ {
      "id" : 28,
      "name" : "Action"
    }, {
      "id" : 53,
      "name" : "Thriller"
    }, {
      "id" : 80,
      "name" : "Crime"
    } ]
  }, {
    "id" : 89531,
    "title" : "Silent Sonata",
    "overview" : "A man stays alone with his children in a half demolished house in the middle of a desolate field. His wife has just been killed by a grenade in a military battle. He is expecting a new attack. Instead a wandering caravan called Circus Fantasticus stops by the house. They bring along the dying director of the circus. Is it possible for anything beautiful to happen in a landscape of war and death? Can life go on? Is it possible to realize that death does not exist?",
    "genres" : [ {
      "id" : 10752,
      "name" : "War"
    }, {
      "id" : 14,
      "name" : "Fantasy"
    }, {
      "id" : 18,
      "name" : "Drama"
    } ]
  }, {
    "id" : 89536,
    "title" : "All Your Dead Ones",
    "overview" : "Salvador is a peasant who one day wakes up as usual to work on his land but instead finds a pile of corpses in the middle of his crops. He runs to notify the authorities but is Sunday and Election Day so the dead ones end up being a nuisance that nobody wants to deal with.",
    "genres" : [ {
      "id" : 35,
      "name" : "Comedy"
    }, {
      "id" : 10769,
      "name" : "Foreign"
    } ]
  }, {
    "id" : 89541,
    "title" : "Bowery Bombshell",
    "overview" : "Slip (Leo Gorcey), Sach (Huntz Hall), Bobby (Bobby Jordan), Whitey (William Benedict) and Chuck (David Gorcey) unsuccessfully try to sell a dilapidated car to a street cleaner for a fabulous amount, so they can get enough money to save Louie's (Bernard Gorcey) Malt Shop. Sidewalk photographer Cathy Smith (Teala Loring) snaps a pictures of three bank robbers as they are fleeing a robbery but when the Bowery Boys and Cathy realize that Sach is also in the photograph, they break into the photo lab to destroy the negative, which might make the police think Sach was involved in the robbery.",
    "genres" : [ {
      "id" : 35,
      "name" : "Comedy"
    } ]
  }, {
    "id" : 89551,
    "title" : "Bush Christmas",
    "overview" : "In Australia, five children pursue horse thieves through the mountains.",
    "genres" : [ {
      "id" : 10751,
      "name" : "Family"
    }, {
      "id" : 28,
      "name" : "Action"
    }, {
      "id" : 12,
      "name" : "Adventure"
    } ]
  }, {
    "id" : 89571,
    "title" : "Five Days One Summer",
    "overview" : "A 1930s Scottish doctor (Sean Connery) goes climbing in the Alps with an infatuated niece (Betsy Brantley) he passes off as his wife.",
    "genres" : [ {
      "id" : 18,
      "name" : "Drama"
    } ]
  }, {
    "id" : 89581,
    "title" : "Child Bride",
    "overview" : "Jennie is a twelve-year-old girl living with her parents in extremely rural mountain country. Her schoolteacher, Miss Carol, though a mountain girl herself, has gone off to be educated and returned in hopes of stopping the tradition of child marriage which permeates the culture. Jennie's father Ira is a good man who tries to protect Miss Carol from the men who threaten her if she doesn't call off her crusade. One of these men, Jake Bolby, has his eye on little Jennie and plots to make her his bride.",
    "genres" : [ {
      "id" : 18,
      "name" : "Drama"
    } ]
  }, {
    "id" : 89586,
    "title" : "Anathema",
    "overview" : "A woman who is raped and gives birth to a child in war torn Kosovo, struggles to keep her child.",
    "genres" : [ {
      "id" : 10752,
      "name" : "War"
    }, {
      "id" : 18,
      "name" : "Drama"
    } ]
  }, {
    "id" : 89591,
    "title" : "Black Plague",
    "overview" : "Paranoia sets in as the Black Death strikes European villagers in the 14th century.",
    "genres" : [ {
      "id" : 53,
      "name" : "Thriller"
    } ]
  }, {
    "id" : 89596,
    "title" : "Reuniting the Rubins",
    "overview" : "An up-tight lawyer, Lenny Rubins, (Timothy Spall), has to put his dream retirement on hold when his ailing mother (Honor Blackman) emotionally blackmails him into reuniting his estranged children for a Jewish holiday. They may be peas from the same pod, but in Lenny's eyes, his grown-up children are certainly not even from the same planet: a ruthless control-freak and hard-nosed capitalist, an outspoken, argumentative eco-warrior committed to the cause, an outer-worldly Buddhist Monk; and to cap it all, a bible bashing born-again Rabbi. While they might quarrel, fight, and perhaps even be starting a war in Africa, they are still family. It is going to take a whole lot of soul-searching and sacrifice for everyone to come together in this comic drama. Written by monterey media inc.",
    "genres" : [ {
      "id" : 35,
      "name" : "Comedy"
    }, {
      "id" : 18,
      "name" : "Drama"
    }, {
      "id" : 10751,
      "name" : "Family"
    } ]
  }, {
    "id" : 89601,
    "title" : "The Unchained Goddess",
    "overview" : "A scientist and a writer explain the various meteorological phenomena to Meteora, the goddess of weather, while giving an insight into the technology involved in predicting them and warning about the threat of global climate change.",
    "genres" : [ {
      "id" : 16,
      "name" : "Animation"
    } ]
  }, {
    "id" : 89606,
    "title" : "Hemo The Magnificent",
    "overview" : "No overview found.",
    "genres" : [ {
      "id" : 16,
      "name" : "Animation"
    }, {
      "id" : 10751,
      "name" : "Family"
    } ]
  }, {
    "id" : 89626,
    "title" : "Beauty Plus Pity",
    "overview" : "Presented in seven parts, Beauty Plus Pity considers the potential for goodness amidst the troubled relations between God, humanity, animals, parents and children. While an animated cast of animal “spirit guides” quote Philip Larkin’s poem, This Be the Verse, and implore us to “get out as early as you can” from life and our parents’ grasp, a hunter dreams of a zoo where he might lie next to tranquilized animals calmed of their savagery. A senile and unstable God stumbles, forgets to take his medication, and turns frost into diamonds. Beauty Plus Pity contemplates the shame and beauty of existence; it is part apologia, part call to arms.",
    "genres" : [ ]
  }, {
    "id" : 89631,
    "title" : "Busty Cops 2",
    "overview" : "Busty cops 2 was a complex work that conjoined beautiful women, wild animals and awe inspiring CGI in a brilliant display of cinematic excellence.",
    "genres" : [ {
      "id" : 35,
      "name" : "Comedy"
    }, {
      "id" : 9648,
      "name" : "Mystery"
    } ]
  }, {
    "id" : 89636,
    "title" : "Dragon Ball: Plan to Eradicate the Super Saiyans",
    "overview" : "Dr. Raichi is one of the only survivors of the Tuffles, a race that once lived on Planet Plant before the coming of the Saiyans. The Saiyans not only massacred the entire Tuffle race, but also stole their technology and conquered the planet, renaming it Planet Vegeta in honor of their king. Raichi managed to escape with a capsule and found refuge on the Dark Planet, a world at the end of the universe. His only wish is to eradicate the last remaining Saiyans.",
    "genres" : [ {
      "id" : 28,
      "name" : "Action"
    }, {
      "id" : 16,
      "name" : "Animation"
    }, {
      "id" : 12,
      "name" : "Adventure"
    } ]
  }, {
    "id" : 89641,
    "title" : "Angkor",
    "overview" : "Basically a travelogue featuring footage of Angkor Wat (in Cambodia) shot by a couple of explorers in the WWI years, with additional footage shot on a set in Hollywood by George M. Merrick.",
    "genres" : [ {
      "id" : 12,
      "name" : "Adventure"
    } ]
  }, {
    "id" : 89646,
    "title" : "Cappuccino",
    "overview" : "Victor is a journalist, his wife Vanessa is in health care writing a thesis on how some women use sex to get what they want. One morning she tells him he's stopped listening to her, stopped trying to figure out her needs, and hasn't satisfied her for months. At a bar two hours later, a seductive married women, whom he nicknames Cappuccino, comes onto him, inviting him to play a game. She gives him a phone number missing the last digit, meets him in an abandoned house, appears in his shower while Vanessa's at work: soon he's obsessed even as Vanessa tries to regain his attention. When Cappuccino shows up with a black eye, Victor decides her abusive husband must be stopped",
    "genres" : [ ]
  }, {
    "id" : 89651,
    "title" : "Loaded Guns",
    "overview" : "An air hostess gets involved in Naples, against her will, in the in-fighting amongst rival gangs.",
    "genres" : [ {
      "id" : 35,
      "name" : "Comedy"
    }, {
      "id" : 28,
      "name" : "Action"
    } ]
  }, {
    "id" : 89656,
    "title" : "Cool Breeze",
    "overview" : "A paroled crook masterminds a $3 million jewelry theft to fund a bank for businessmen.",
    "genres" : [ {
      "id" : 28,
      "name" : "Action"
    }, {
      "id" : 80,
      "name" : "Crime"
    } ]
  }, {
    "id" : 89661,
    "title" : "Cuando ¡Viva Villa! es la muerte",
    "overview" : "The third and final chapter of director Ismael Rodríguez's series about Pancho Villa (Pedro Armendáriz)",
    "genres" : [ {
      "id" : 10752,
      "name" : "War"
    }, {
      "id" : 28,
      "name" : "Action"
    }, {
      "id" : 18,
      "name" : "Drama"
    } ]
  }, {
    "id" : 89666,
    "title" : "Date with a Kidnapper",
    "overview" : "A woman living in a boarding house is kidnapped by a small-time criminal. Soon others in the gang try to take her away from him so they can get the ransom.",
    "genres" : [ {
      "id" : 10749,
      "name" : "Romance"
    }, {
      "id" : 80,
      "name" : "Crime"
    }, {
      "id" : 18,
      "name" : "Drama"
    } ]
  }, {
    "id" : 89671,
    "title" : "Give Up Yer Aul Sins",
    "overview" : "A schoolgirl offers a spirited and somewhat unconventional retelling of the story of John the Baptist.",
    "genres" : [ ]
  }, {
    "id" : 89681,
    "title" : "The Hour of the Furnaces",
    "overview" : "An impassioned three-part documentary of the liberation struggle waged throughout Latin America, using Argentina as a historical example of the imperialist exploitation of the continent. Part I: Neo-Colonialism and Violence is a historical, geographic, and economic analysis of Argentina. Part II: An Act For Liberation examines the ten-year reign of Juan Perón (1945-55) and the activities of the Peronist movement after his fall from power. Part III: Violence and Liberation studies the role of violence in the national liberation process and constitutes a call for action.",
    "genres" : [ {
      "id" : 99,
      "name" : "Documentary"
    } ]
  }, {
    "id" : 89691,
    "title" : "ATM",
    "overview" : "On a late night visit to an ATM, three co-workers end up in a desperate fight for their lives when they become trapped by an unknown man.",
    "genres" : [ {
      "id" : 27,
      "name" : "Horror"
    }, {
      "id" : 53,
      "name" : "Thriller"
    } ]
  }, {
    "id" : 89716,
    "title" : "Light Blast",
    "overview" : "A crazed physician invents a death ray and threatens to destroy San Francisco unless he is paid $10 million.",
    "genres" : [ {
      "id" : 28,
      "name" : "Action"
    }, {
      "id" : 878,
      "name" : "Science Fiction"
    }, {
      "id" : 53,
      "name" : "Thriller"
    } ]
  }, {
    "id" : 89726,
    "title" : "Death on the Diamond",
    "overview" : "Pop Clark is about to lose his baseball team, unless they can win the pennant so he can pay off debts. He hires ace player Larry Kelly to ensure the victory. As well as rival teams, mobsters are trying to prevent the wins, and as the pennant race nears the end, Pop's star players begin to be killed, on and off the field. Can Larry romance Pop's daughter, win enough games, and still have time to stop a murderer before he strikes more than three times?",
    "genres" : [ {
      "id" : 9648,
      "name" : "Mystery"
    }, {
      "id" : 18,
      "name" : "Drama"
    } ]
  }, {
    "id" : 89731,
    "title" : "Diary of the Dead",
    "overview" : "An unemployed man who lives with his wife and overbearing mother-in-law sees an opportunity to relieve himself of the old bat, which tangles him in a maze of deception.",
    "genres" : [ ]
  }, {
    "id" : 89736,
    "title" : "Honeymoon",
    "overview" : "A Frenchwoman in Manhattan, in danger of being deported because of her relationship with a recently arrested drug offender, enters into a marriage of convenience with a stranger that is arranged through an agency. But even though the two are not supposed to even meet, her new husband starts taking his faux wedding vows entirely too seriously.",
    "genres" : [ {
      "id" : 53,
      "name" : "Thriller"
    }, {
      "id" : 27,
      "name" : "Horror"
    } ]
  }, {
    "id" : 89741,
    "title" : "Terror Aboard",
    "overview" : "An ocean liner is found at sea with everyone on board dead. An investigation is begun to find out what happened.",
    "genres" : [ {
      "id" : 9648,
      "name" : "Mystery"
    } ]
  }, {
    "id" : 89751,
    "title" : "The Beatniks",
    "overview" : "A young singer's chance at fame is threatened by his hoodlum pals.",
    "genres" : [ {
      "id" : 18,
      "name" : "Drama"
    }, {
      "id" : 80,
      "name" : "Crime"
    } ]
  }, {
    "id" : 89756,
    "title" : "Captive",
    "overview" : "Joe Goodies has just entered an advertising agency after recovering from the death of his girlfriend in a car accident. Ruined by the compensation he has to pay for the accident, he decides, with his new girlfriend, to kidnap the son of the president of the agency and ask for a bailout.",
    "genres" : [ {
      "id" : 10770,
      "name" : "TV Movie"
    }, {
      "id" : 53,
      "name" : "Thriller"
    } ]
  }, {
    "id" : 89766,
    "title" : "The Girl at the Inn",
    "overview" : "Juan Luis and Dimas arrive to the \"Venta del Catite\", a tavern run by Rafael and his goddaughter Reyes. The tavern is frequented by tuna fishermen in the region, but in reality it is a cover for smuggling. Rafael decides to hire a beautiful singer, Raquel, to distract customers and the two new arrivals, so that he can do his business without being disturbed.",
    "genres" : [ ]
  }, {
    "id" : 89771,
    "title" : "Juvenile Liaison 2",
    "overview" : "Nick Bloomfield's sequel documentary reacquaints us with the lives of the children and officers and examines the scars left by the stark events of Part I.",
    "genres" : [ {
      "id" : 99,
      "name" : "Documentary"
    } ]
  }, {
    "id" : 89791,
    "title" : "The Last Warrior",
    "overview" : "After a nuclear holocaust, as the rest of society regresses to primitivism, a small, \"elite\" group that has managed to escape radioactive contamination takes it upon itself to exterminate those it sees as \"unfit\", including certain members of its own group.",
    "genres" : [ {
      "id" : 28,
      "name" : "Action"
    }, {
      "id" : 878,
      "name" : "Science Fiction"
    } ]
  }, {
    "id" : 89806,
    "title" : "Baryllis Baked Beans",
    "overview" : "",
    "genres" : [ ]
  }, {
    "id" : 89816,
    "title" : "The Bear That Wasn't",
    "overview" : "A bear settles down for his long winter nap, and while he sleeps the progress of man continues. He wakes up to find himself in the middle of an industrial complex where nobody believes he's a bear.",
    "genres" : [ {
      "id" : 16,
      "name" : "Animation"
    }, {
      "id" : 10751,
      "name" : "Family"
    }, {
      "id" : 35,
      "name" : "Comedy"
    } ]
  }, {
    "id" : 89821,
    "title" : "House-hunting",
    "overview" : "A girl goes exploring to find a new house. Along the way, she encounters many of Japan's guardian spirits.",
    "genres" : [ {
      "id" : 12,
      "name" : "Adventure"
    }, {
      "id" : 16,
      "name" : "Animation"
    } ]
  }, {
    "id" : 89831,
    "title" : "Recoil",
    "overview" : "A jeweller is killed in a gang robbery leaving the daughter as the only witness. When the police can't build a case against him she decides to go undercover to infiltrate the home of the killer's brother. Slowly she is drawn into the world of the rival gangs.",
    "genres" : [ {
      "id" : 80,
      "name" : "Crime"
    }, {
      "id" : 18,
      "name" : "Drama"
    } ]
  }, {
    "id" : 89841,
    "title" : "Delivered",
    "overview" : "Driven by a promise, fueled by revenge. True Romance and Vanishing point, the Mojave desert is the backdrop for this heartfelt story of betrayal and redemption. An eclectic collection of unique characters that include Japanese gangsters, an Italian proctologist, an Armenian art dealer and a hero with a very cool car set the stage for this modern crime thriller.",
    "genres" : [ {
      "id" : 28,
      "name" : "Action"
    }, {
      "id" : 35,
      "name" : "Comedy"
    }, {
      "id" : 80,
      "name" : "Crime"
    } ]
  }, {
    "id" : 89851,
    "title" : "We Once Were Tide",
    "overview" : "Set on the Isle of Wight, the film tells the story of Anthony and Kyle, and their last night together as Kyle moves away leaving Anthony to look after his terminally ill mother. Poetic in nature, the film is concerned with exploring the intimate and often unspoken moment in which we give something special away.",
    "genres" : [ {
      "id" : 18,
      "name" : "Drama"
    }, {
      "id" : 10402,
      "name" : "Music"
    }, {
      "id" : 10749,
      "name" : "Romance"
    }, {
      "id" : 10769,
      "name" : "Foreign"
    } ]
  }, {
    "id" : 89861,
    "title" : "Stiff Upper Lips",
    "overview" : "Stiff Upper Lips is a broad parody of British period films, especially the lavish Merchant-Ivory productions of the 'eighties and early 'nineties. Although it specifically targets A Room with a View, Chariots of Fire, Maurice, A Passage to India, and many other films, in a more general way Stiff Upper Lips satirises popular perceptions of certain Edwardian traits: propriety, sexual repression, xenophobia, and class snobbery.",
    "genres" : [ {
      "id" : 35,
      "name" : "Comedy"
    } ]
  }, {
    "id" : 89866,
    "title" : "Gerrymandering",
    "overview" : "Gerrymandering is a 2010 documentary feature film written and directed by Jeff Reichert. The film explores the history and the ethical, moral and racial problems raised by redistricting, i.e., the drawing of boundaries of electoral districts in the United States.Gerrymandering covers the history of the redistricting practice, how it is used and abused, how it benefits the two major major political parties, Democrats and Republicans. The documentary draws on the perspectives from different individuals, reporters, pundits and politicians.",
    "genres" : [ {
      "id" : 99,
      "name" : "Documentary"
    } ]
  }, {
    "id" : 89871,
    "title" : "Poslednyaya Osen",
    "overview" : "Начало 80-х годов прошлого века, закат \"эры Брежнева\"... Сотрудник МУРа честный и неподкупный майор Корнеев расследует дела о разбойных грабежах квартир состоятельных советских граждан. Банда действует явно по чьей-то наводке. В ходе расследования майор неожиданно выходит на крупных милицейских начальников, давно ставших \"кунаками\" воротил преступного мира...",
    "genres" : [ {
      "id" : 9648,
      "name" : "Mystery"
    }, {
      "id" : 80,
      "name" : "Crime"
    }, {
      "id" : 53,
      "name" : "Thriller"
    } ]
  }, {
    "id" : 89876,
    "title" : "Doonby",
    "overview" : "A handsome drifter, without a past, gets off an interstate bus in a small Texas town and finds work at Leroy's Country Blues Bar....and the mystery begins.",
    "genres" : [ {
      "id" : 18,
      "name" : "Drama"
    }, {
      "id" : 9648,
      "name" : "Mystery"
    } ]
  }, {
    "id" : 89886,
    "title" : "O Cônsul de Bordéus",
    "overview" : "This is the story of Aristides de Sousa Mendes, a man of conviction who saved 30,000 lives during WWII, in June 1940.  Among them were10,000 Jews.  As the Portuguese General Consul stationed in Bordeaux, France, he issued 30,000 visas for safe passage to Portugal.  He defied the direct orders of his government and exhibited courage, moral rectitude, unselfishness, and self-sacrifice by issuing visas to all refugees regardless of nationality, race, religion or political opinions.This narrative film expresses his heroic actions towards humanity, which will perpetuate his legacy of justice for a new generation.  In 1966, Yad Vashem named him Righteous Among the Nations. He is considered to have achieved the largest single rescue operation of World War II.",
    "genres" : [ {
      "id" : 18,
      "name" : "Drama"
    } ]
  }, {
    "id" : 89906,
    "title" : "deadmau5: Meowingtons Hax 2k11 Toronto",
    "overview" : "On February 20th , deadmau5 releases the \"Meowingtons Hax 2k11 TORONTO\" live DVD featuring one of the biggest live shows in electronic music.  The concert was filmed at the Rogers Centre in Toronto in front of a sold out hometown crowd and includes performances of deadmau5's biggest hits, plus special unreleased tracks, all accompanied by his infamous mind-blowing visuals.  \"Meowingtons Hax 2k11 TORONTO\" rounds off a prodigious 12 months for the 'mau5 and showcases exactly why he has been lauded so highly by critics and peers alike.",
    "genres" : [ {
      "id" : 10402,
      "name" : "Music"
    } ]
  }, {
    "id" : 89921,
    "title" : "White Fire",
    "overview" : "When Bo was a child, a mysterious stranger sadistically murdered his parents. Only Bo and his sister, Ingrid survived the bloodshed. Now, twenty years later... Bo and his sister are grown up. They are now employees at a diamond mineshaft located in the desert. As mischievous as they are, they stumble upon the discovery of a legendary diamond, the \"White Fire.\" However, this rapture for the diamond has provoked the angst of some short-tempered, not-so-nice villains. The quest to capture the most sought-out diamond in the world is afoot...",
    "genres" : [ {
      "id" : 28,
      "name" : "Action"
    }, {
      "id" : 53,
      "name" : "Thriller"
    }, {
      "id" : 10769,
      "name" : "Foreign"
    } ]
  }, {
    "id" : 89931,
    "title" : "Oddballs",
    "overview" : "A Canadian sex comedy about saving a summer camp from becoming a shopping mall.",
    "genres" : [ {
      "id" : 35,
      "name" : "Comedy"
    } ]
  }, {
    "id" : 89941,
    "title" : "Lovesick",
    "overview" : "Ariel Lin is a girl who has love phobia caused by her HS ex-bfd who left her heart broken. She vows never to fall in love again but then she meets a handsome doctor in the hospital who seems to a perfect guy. Her new journey starts when she tries to show all women that the doctor is not that good as everyone thinks he is but fate is playing a trick on her. Because the more she does things to uncover the doctor, the more she discovers that he may be the right guy who can cure her phobia of love.",
    "genres" : [ {
      "id" : 10749,
      "name" : "Romance"
    }, {
      "id" : 35,
      "name" : "Comedy"
    } ]
  }, {
    "id" : 89946,
    "title" : "Final Mission",
    "overview" : "When his family are murdered Vietnam War veteran, Vince Deacon, tracks down the man responsible for the murders and to get his revenge.",
    "genres" : [ {
      "id" : 80,
      "name" : "Crime"
    }, {
      "id" : 28,
      "name" : "Action"
    }, {
      "id" : 53,
      "name" : "Thriller"
    } ]
  }, {
    "id" : 89956,
    "title" : "The Devil",
    "overview" : "A hideously ugly witch casts spells on her victims which turns their insides into snakes and worms.",
    "genres" : [ {
      "id" : 27,
      "name" : "Horror"
    } ]
  }, {
    "id" : 89961,
    "title" : "Vixen Highway 2006: It Came from Uranus!",
    "overview" : "Ailing, egotistical and sexually perverted rock-star Bobby Barzell (who sold his soul for wealth and rock and roll stardom) awaits a liver transplant from a psychotic fugitive of the law; as a vengeful, demonic alien tries to collect a past debt.",
    "genres" : [ ]
  }, {
    "id" : 89966,
    "title" : "We Are All Naked",
    "overview" : "A poverty-stricken family lives in a rundown shack on the coast of Northern France--Dad (Jacques Normand) is a foul-mouthed drunk, Mom (Rita Maiden) likes to make it with random strangers on the beach, their son (Gérard Dessalles) is mentally handicapped and their six-year-old daughter (Isabelle Pierson) is oversexed.",
    "genres" : [ ]
  }, {
    "id" : 89971,
    "title" : "The Forbidden",
    "overview" : "This documentary explores assorted \"forbidden\" topics from all over the world. Among the subjects depicted herein are a racy TV commercial for a female martial arts school, rowdy teenagers protesting a strict curfew on the Sunset Strip, an underground lesbian club in Geneva, a portable topless bar, and various strip acts from different parts of the globe.",
    "genres" : [ {
      "id" : 99,
      "name" : "Documentary"
    } ]
  }, {
    "id" : 89976,
    "title" : "The Rainmakers",
    "overview" : "Roscoe the Rainmaker is invited to California (with sidekick \"Billy\") to relieve a terrible dry spell and to save the community from an unscrupulous businessman who stands to profit from the drought",
    "genres" : [ {
      "id" : 35,
      "name" : "Comedy"
    } ]
  }, {
    "id" : 89986,
    "title" : "On Again-Off Again",
    "overview" : "This wacky vaudeville-style romp casts the irreverent comedy team as feuding co-owners of a drug company, William “Willy” Hobbs (Wheeler) and Claude Augustus Horton (Woolsey), who agree to wrestle each other for the sole ownership of the business. The winner will take the company and the loser must become the other’s valet for a year. But when Hobbs loses, he sends his wife to Florida and schemes to trick Horton. What follows are hilarious hijinks as only Wheeler and Woolsey can pull off!",
    "genres" : [ {
      "id" : 35,
      "name" : "Comedy"
    } ]
  }, {
    "id" : 89996,
    "title" : "Truck Busters",
    "overview" : "An independent truck driver organizes his fellow truckers to resist the efforts of a crooked trucking company exec to bring all drivers under his control. When the trucker's brother dies in an \"accident\" arranged by the trucking company's henchmen, he takes matters into his own hands",
    "genres" : [ {
      "id" : 18,
      "name" : "Drama"
    } ]
  }, {
    "id" : 90001,
    "title" : "Film, Film, Film",
    "overview" : "The trials and tribulations of putting a feature film together",
    "genres" : [ {
      "id" : 35,
      "name" : "Comedy"
    }, {
      "id" : 16,
      "name" : "Animation"
    } ]
  }, {
    "id" : 90006,
    "title" : "The Touch of Flesh",
    "overview" : "A whole town exploded when a boy and a girl DARED go beyond the blue denim stage!!!",
    "genres" : [ {
      "id" : 18,
      "name" : "Drama"
    }, {
      "id" : 53,
      "name" : "Thriller"
    } ]
  }, {
    "id" : 90016,
    "title" : "The Spider Woman Strikes Back",
    "overview" : "A young girl goes to work as a live-in caretaker for a spooky old woman. She doesn't know that every night, the woman drains some blood from her to feed her strange plant.",
    "genres" : [ {
      "id" : 27,
      "name" : "Horror"
    } ]
  }, {
    "id" : 90021,
    "title" : "Story of One Crime",
    "overview" : "The story about an everyman who one morning suddenly leaps out on the courtyard and bludgeons two conversing housewives to death with a frying pan. The following sequence illuminates motives behind the crime",
    "genres" : [ {
      "id" : 16,
      "name" : "Animation"
    } ]
  }, {
    "id" : 90041,
    "title" : "La Région Centrale",
    "overview" : "A 1971 experimental Canadian film directed by Michael Snow. Shot in the Canadian mountains over a period of 24 hours using a robotic arm.",
    "genres" : [ ]
  }, {
    "id" : 90056,
    "title" : "The Cameraman's Revenge",
    "overview" : "A jilted husband takes his revenge by filming his wife and her lover and showing the result at the local cinema. This was one of Starewicz' first animated films, and stars very realistic animated beetles",
    "genres" : [ {
      "id" : 16,
      "name" : "Animation"
    } ]
  }, {
    "id" : 90061,
    "title" : "American Mullet",
    "overview" : "This documentary emphasizes that people have strong feelings about the mullet - very popular hair style among lesbians, race car drivers and others. The general attitude about the mullet is not all positive; some people are even harassed for having one. The director toured the USA asking one and all what they thought about this coif. The journey is not only hilariously funny, it's also enlightening. Turns out, the mullet isn't just a dyke cut. Musicians, bikers and Latino soccer players all love that style.",
    "genres" : [ {
      "id" : 99,
      "name" : "Documentary"
    } ]
  }, {
    "id" : 90066,
    "title" : "Evasions",
    "overview" : "In the hot summer of 1940 the German troops are just outside Paris, and numerous Parisians are leaving the city in a complete panic. Luce Ader, the sensitive daughter of a factory owner, decides somewhat belatedly to escape as well, together with her arrogant fiancé Bruno. Since they have a luxury automobile, the elderly society lady Daine Lessing decides to join them, and brings along the sensitive homosexual diplomat with her. The four of them finally leave the city in the hopelessly overloaded luxury car, only to get stuck in the middle of a seemingly endless column of refugees along a dusty road outside Paris...",
    "genres" : [ {
      "id" : 35,
      "name" : "Comedy"
    }, {
      "id" : 18,
      "name" : "Drama"
    } ]
  }, {
    "id" : 90071,
    "title" : "Lady Whirlwind",
    "overview" : "A young woman determines to help a man who is being pursued by gangsters, so that she would have the pleasure of killing him herself as revenge for causing the death of her sister.",
    "genres" : [ {
      "id" : 28,
      "name" : "Action"
    } ]
  }, {
    "id" : 90076,
    "title" : "Death Journey",
    "overview" : "Fearful that their star witness might be murdered, two attorneys hire a protector to bring him from Los Angeles to New York. Jesse Crowder (Fred Williamson) is a no-nonsense tough guy. He buddies up with the witness, an accountant, and they hit the road. Outwitting their foes means taking all manner of conveyance, including automobile, train, and airplane.",
    "genres" : [ {
      "id" : 18,
      "name" : "Drama"
    }, {
      "id" : 28,
      "name" : "Action"
    }, {
      "id" : 80,
      "name" : "Crime"
    } ]
  }, {
    "id" : 90086,
    "title" : "Devil's Angels",
    "overview" : "An exiled band of Hell's Angels strike a bargain with the Sheriff of a local town, let them stay and the town is safe. But a local girl strays into their lair and sparks off a full scale Angel war.",
    "genres" : [ {
      "id" : 28,
      "name" : "Action"
    } ]
  }, {
    "id" : 90106,
    "title" : "Don't Play Us Cheap",
    "overview" : "Film version of Melvin Van Peebles' Broadway musical. A pair of devil-bats take human form and crash a Harlem house party in an attempt to break it up. But somehow, their attempts to ruin the party fail.",
    "genres" : [ {
      "id" : 10749,
      "name" : "Romance"
    }, {
      "id" : 35,
      "name" : "Comedy"
    }, {
      "id" : 10402,
      "name" : "Music"
    } ]
  }, {
    "id" : 90111,
    "title" : "The Man and the Monster",
    "overview" : "A failed pianist sells his soul to the devil in return for his becoming the greatest musician in the world. The catch: every time he plays he turns into a horrible monster.",
    "genres" : [ {
      "id" : 27,
      "name" : "Horror"
    } ]
  }, {
    "id" : 90116,
    "title" : "Jessicka Rabid",
    "overview" : "Jessicka is held captive and treated like a human dog. But when she's let loose there will be hell to pay.",
    "genres" : [ {
      "id" : 27,
      "name" : "Horror"
    } ]
  } ]
}