{
  "movies" : [ {
    "id" : 341118,
    "title" : "P90X3 - Incinerator",
    "overview" : "A full burnout session that pushes you way past your limits.",
    "genres" : [ ]
  }, {
    "id" : 341123,
    "title" : "P90X3 - Agility X",
    "overview" : "Improved precision, flexibility, balance, and strength.",
    "genres" : [ ]
  }, {
    "id" : 341128,
    "title" : "P90X3 - MMX",
    "overview" : "incinerates fat with a martial-arts based cardio routine.",
    "genres" : [ ]
  }, {
    "id" : 341133,
    "title" : "P90X3 - Isometrix",
    "overview" : "Instability-plus-isometric contraction to build a rock solid platform.",
    "genres" : [ ]
  }, {
    "id" : 341138,
    "title" : "Lilly Schönauer - Liebe gut eingefädelt",
    "overview" : "",
    "genres" : [ {
      "id" : 18,
      "name" : "Drama"
    } ]
  }, {
    "id" : 341143,
    "title" : "Tina Takes a Break",
    "overview" : "Second in the Tina trilogy of films (Tina Goes Shopping, Mischief Night) set on a tough Leeds housing estate and starring the residents who actually live there in real life. This time Tina is in prison and life on the estate is viewed through her children's eyes.",
    "genres" : [ ]
  }, {
    "id" : 341148,
    "title" : "Lilly Schönauer - Wo die Liebe hinfällt",
    "overview" : "",
    "genres" : [ {
      "id" : 18,
      "name" : "Drama"
    } ]
  }, {
    "id" : 341153,
    "title" : "That's Life",
    "overview" : "A film by Paul Vecchiali.",
    "genres" : [ ]
  }, {
    "id" : 341158,
    "title" : "Guilty of Treason",
    "overview" : "The story of Cardinal Josef Mindzhenty, a Roman Catholic cardinal from Hungary who spoke out against both the Nazi occupation of his country during World War II and the Communist regime that replaced it after the war.",
    "genres" : [ ]
  }, {
    "id" : 341168,
    "title" : "Ride in a Pink Car",
    "overview" : "A man, thought to be dead, returns to his hometown in Florida. He finds his wife re-married and the town now ruled by corrupt forces.",
    "genres" : [ {
      "id" : 53,
      "name" : "Thriller"
    }, {
      "id" : 28,
      "name" : "Action"
    } ]
  }, {
    "id" : 341178,
    "title" : "Dangerous Company",
    "overview" : "Pauline begins to lose track of time, misplace things and find herself disoriented. She fears falling victim to a disease, but all is not as it seems. She must find the truth and prove it to the police and herself.",
    "genres" : [ {
      "id" : 53,
      "name" : "Thriller"
    } ]
  }, {
    "id" : 341183,
    "title" : "Hofrat Geiger",
    "overview" : "",
    "genres" : [ {
      "id" : 18,
      "name" : "Drama"
    } ]
  }, {
    "id" : 341188,
    "title" : "Nichts als Erinnerung",
    "overview" : "",
    "genres" : [ {
      "id" : 18,
      "name" : "Drama"
    } ]
  }, {
    "id" : 341193,
    "title" : "Die weiße Stadt",
    "overview" : "",
    "genres" : [ {
      "id" : 18,
      "name" : "Drama"
    } ]
  }, {
    "id" : 341198,
    "title" : "Skoplje '63",
    "overview" : "\"Skoplje '63\" is a 1964 Yugoslavian documentary film directed by Veljko Bulajić about the 1963 Skopje earthquake (Skoplje, per film title, is the Serbo-Croatian spelling of Skopje). The filming started three days after the earthquake and lasted for four months. After that, Bulajić spent 12 months editing the footage at Jadran Film studios.",
    "genres" : [ {
      "id" : 99,
      "name" : "Documentary"
    } ]
  }, {
    "id" : 341203,
    "title" : "Jan Jaap van der Wal: Onderbewust",
    "overview" : "",
    "genres" : [ ]
  }, {
    "id" : 341208,
    "title" : "DeGarmo & Key - Rock Solid: Absolutely Live",
    "overview" : "Tracklist\r Casual Christian (Chorus)\t / Rock Solid\t/ Ready Or Not / Soldier Of Fortune\t/ Six, Six, Six\t/ Don't Stop The Music / Holy Hustle / When The Son Begins To Reign / Are You Ready\t/ Addey / Let The Whole World Sing / Alleluia, Christ Is Coming / Destined To Win\t/ Rock Solid (Reprise)",
    "genres" : [ ]
  }, {
    "id" : 341213,
    "title" : "Do Not Go Gentle",
    "overview" : "Maureen has her hands full at home and can't take care of her father William, who may be suffering from Alzheimer's. Her brothers - Alun, an alcoholic trumpet player, and John, an insensitive businessman - don't really want to help. William, a lifelong socialist, feels angry and resentful towards the British government which has abandoned him in his old age. Having been persuaded by his children to buy a council house in the booming 80s, he discovers that this selfsame government, which made such a virtue of home ownership some ten years earlier, now expects him to sell the property in order to pay for his care. Isolated in old age, Williams secretly decides to put into action a plan to get back at the system.",
    "genres" : [ ]
  }, {
    "id" : 341218,
    "title" : "Legend of Horror",
    "overview" : "Legend Of Horror was cobbled together from an Argentinian Edgar Allan Poe adaptation called Obras Maestras del Terror (the flashback sequence transforms into “The Tell-Tale Heart”) and some American wrap-around footage from 1966.",
    "genres" : [ ]
  }, {
    "id" : 341223,
    "title" : "Amina",
    "overview" : "Taiwan's submission for the Academy Award for Best Foreign Language Film in 1957",
    "genres" : [ ]
  }, {
    "id" : 341228,
    "title" : "La araucana",
    "overview" : "La Araucana is a Chilean film based on an epic poem in Spanish about the Spanish conquest of Chile, by Alonso de Ercilla; it is also known in English as The Araucaniad. It is considered the national epic of the Kingdom of Chile and one of the most important works of the Spanish Golden Age",
    "genres" : [ {
      "id" : 36,
      "name" : "History"
    }, {
      "id" : 18,
      "name" : "Drama"
    }, {
      "id" : 10752,
      "name" : "War"
    } ]
  }, {
    "id" : 341233,
    "title" : "Heroic Pioneers",
    "overview" : "Taiwan's submission for the Academy Award for Best Foreign Language Film in 1986. In the story, the kindly and very efficient Chinese settlers are distrusted by the natives until they show that they are able and willing to cure an outbreak of plague. The daughter of the native Taiwanese chief has her own peace plan for the region, which involves finding the most eligible Chinese bachelor and marrying him.",
    "genres" : [ ]
  }, {
    "id" : 341243,
    "title" : "Rice",
    "overview" : "The poor farmers of Muju in Cheonbuk Province cannot get enough water to irrigate their rice. They attempt many times to build a canal to the Geum River, but fail each time. After the military coup of 1962 however, the government gives its full support and helps the villagers succeed",
    "genres" : [ ]
  }, {
    "id" : 341248,
    "title" : "Er Woo Dong: The Entertainer",
    "overview" : "Er Woo Dong translates to \"entertainer,\" a rough approximation of the duties of 14th-century Korean courtesan Er Yoon Chang. After a lifetime \"in service,\" Er Yoon Chang retires to a faraway village. Meanwhile, her powerful father, ashamed of his daughter's lifestyle, dispatches an assassin to do her in. Er Yoon Chang is protected by her faithful deaf-mute bodyguard, but only up to a point.",
    "genres" : [ ]
  }, {
    "id" : 341253,
    "title" : "Super Duper Baseball Bloopers",
    "overview" : "Baseball can be a stately game. It can even seem slow and a little old-fashioned. However, this Major League Ball production, which edits together a collection of professional baseball players committing errors, blunders, collisions, tumbles, stumbles, and pratfalls, makes it look like the Keystone Kops have taken up America's Pastime. And that tends to make people laugh. Includes a segment titled \"The Field of Bad Dreams.\"",
    "genres" : [ ]
  }, {
    "id" : 341258,
    "title" : "Rio à Noite - Capital do Samba",
    "overview" : "",
    "genres" : [ {
      "id" : 10402,
      "name" : "Music"
    } ]
  }, {
    "id" : 341263,
    "title" : "Return from Hell",
    "overview" : "Two men depend on each other for survival in the first world war, but something in their past might prevent them to get along. Will they be able to put everything aside in order to survive?",
    "genres" : [ ]
  }, {
    "id" : 341268,
    "title" : "State of Things",
    "overview" : "A story of revolution, betrayal, corruption and wrongful imprisonment, as well as human character and strength while facing them.",
    "genres" : [ {
      "id" : 18,
      "name" : "Drama"
    } ]
  }, {
    "id" : 341273,
    "title" : "Heroes Without A Cause",
    "overview" : "This docu-drama deals with the lives of two soldiers from Puerto Rico enlisted to fight during the Vietnam conflict. Based on a real-life incident, the movie relates the young soldiers' ambiguity about the war and the tragic consequences their plight holds for them, as well as their families.",
    "genres" : [ ]
  }, {
    "id" : 341278,
    "title" : "Olympics 40",
    "overview" : "The film deals with the a clandestine Olympiade held in a German POW camp during WW II, housing many Poles, but also French and Brits. A spit and a Polish German lieutenant is added to the staff of a prison camp. He sees a Pole, the acknowledged leader of the Polish prisoners, against whom he had competed during the Berlin Olympics in 1936. He asks the Pole to train with him but is refused; the Pole points out out that he is a prisoner and nothing more. But that plants the seed and the Pole proposes and Olympics 40 to be held among the prisoners. They ingeniously make a flag and medals, set up a number of races; a croaching hop race is unwittingly organized by a German prison guard who uses it as a torture. The German lieutenant knows that something is going on but cannot find out. Finally the Germans realize the idea and the Polish chief is sent to concentration camp but the others disobey the orders.",
    "genres" : [ ]
  }, {
    "id" : 341288,
    "title" : "Seni Seviyorum Adamım",
    "overview" : "",
    "genres" : [ {
      "id" : 10749,
      "name" : "Romance"
    } ]
  }, {
    "id" : 341293,
    "title" : "The Ghost of War",
    "overview" : "In this political thriller, Reynaldo, a young dancer from a resort area on Nicaragua's Caribbean coast, deserts his career to join his nation's fight against the American-backed Contras. Wartime footage is interspersed with dance scenes, including one notable break-dancing demonstration at a discotheque. Despite its heavy political theme, this Spanish-language war drama also features a romantic subplot.",
    "genres" : [ ]
  }, {
    "id" : 341298,
    "title" : "The Dream",
    "overview" : "Netherlands' submission for the Academy Awards for Best Foreign Language Film in 1985",
    "genres" : [ ]
  }, {
    "id" : 341303,
    "title" : "Muna Madan",
    "overview" : "An epic tragedy, based on Nepal's most famous epic poem. Madan, a lower-class worker, is forced by poverty and mounting debts to go to Lhasa, Tibet, leaving behind his lonely mother and beloved wife, Muna. However, tragedy befalls him on the way home.",
    "genres" : [ ]
  }, {
    "id" : 341308,
    "title" : "Blood Wedding",
    "overview" : "Morocco's submission for the Academy Award for Best Foreign Language Film in 1977",
    "genres" : [ ]
  }, {
    "id" : 341313,
    "title" : "The Moroccan Symphony",
    "overview" : "Morocco's submission for the Academy Award for Best Foreign Language Film in 2006",
    "genres" : [ ]
  }, {
    "id" : 341318,
    "title" : "Nunca debieron amarse",
    "overview" : "Ranchera romance; two young lovers whose families are hostile to each other.",
    "genres" : [ ]
  }, {
    "id" : 341323,
    "title" : "Longitud de guerra",
    "overview" : "Mexico's submission for the Academy Award for Best Foreign Language Film in 1976.",
    "genres" : [ {
      "id" : 53,
      "name" : "Thriller"
    }, {
      "id" : 28,
      "name" : "Action"
    }, {
      "id" : 18,
      "name" : "Drama"
    } ]
  }, {
    "id" : 341328,
    "title" : "Gas",
    "overview" : "Captured in location with Ambient Sound and Radio Frequencies. Shortwave radio signals. KHz Range: 6098 -6638 AM SW",
    "genres" : [ ]
  }, {
    "id" : 341333,
    "title" : "Umsonst",
    "overview" : "",
    "genres" : [ {
      "id" : 18,
      "name" : "Drama"
    } ]
  }, {
    "id" : 341338,
    "title" : "Civilisation",
    "overview" : "Camera Edit, with Ambient Sound and Radio Frequencies. Captured in location. Shortwave radio signals. KHz Range: 500-800 AM SW",
    "genres" : [ ]
  }, {
    "id" : 341343,
    "title" : "Jimmie",
    "overview" : "",
    "genres" : [ ]
  }, {
    "id" : 341348,
    "title" : "Maldita Coincidência",
    "overview" : "",
    "genres" : [ {
      "id" : 18,
      "name" : "Drama"
    } ]
  }, {
    "id" : 341353,
    "title" : "The In-Law",
    "overview" : "Lusha is suffering from her drunken husband. One day her father-in-law rapes her. Of course, she doesn’t dare admit it to her husband. So, unable to move this incident, Lusha commits suicide...",
    "genres" : [ {
      "id" : 18,
      "name" : "Drama"
    } ]
  }, {
    "id" : 341358,
    "title" : "A Tale of Love",
    "overview" : "Portraying the Vietnamese immigrant experience through Kieu, A Tale of Love follows the quest of a woman in love with Love. Voyeurism runs through the history of narrative and is here one of the threads that structure the film. Playing with the fiction of love in love stories, the film invites a different experience of cinema with non-naturalistic acting and layered interaction of performed reality, memory and imagination.",
    "genres" : [ ]
  }, {
    "id" : 341363,
    "title" : "MGR Sivaji Rajini Kamal",
    "overview" : "MGR Sivaji Rajini Kamal (2014 FILM) Full Cast &amp; Crew\r Movie : MGR Sivaji Rajini Kamal\r Music : Srikanth Deva\r Production : Vanitha Film Production\r Director : Robert\r Starring : Robert, Chandrika\r Year Released : 2014\r Language : Tamil\r Lyrics : Gaana Guna, Sri, Lincy Vincent, Bizmac",
    "genres" : [ ]
  }, {
    "id" : 341368,
    "title" : "Mumbai 125 KM",
    "overview" : "On their way to a New Year's Eve party in Mumbai, a group of five friends encounter supernatural occurrences on a highway, 125 kilometres outside the city.",
    "genres" : [ {
      "id" : 27,
      "name" : "Horror"
    } ]
  }, {
    "id" : 341373,
    "title" : "Sesame Street: Get Up and Dance",
    "overview" : "Big Bird decides to hold a birthday party for Radar in the dance studio around the corner. More kids than Sesame Street Muppets are seen in the video as the plot moves along by the kids suggesting a dance, Celina explaining how to do it, and the song or video plays.",
    "genres" : [ {
      "id" : 10751,
      "name" : "Family"
    } ]
  }, {
    "id" : 341378,
    "title" : "Sesame Street: Put Down the Duckie: An All-Star Musical Special",
    "overview" : "The stars come out on Sesame Street in this fun-filled video featuring the show's most memorable moments. Sing-along in this star-studded celebration!",
    "genres" : [ {
      "id" : 10751,
      "name" : "Family"
    } ]
  }, {
    "id" : 341383,
    "title" : "Kong Frederik VIII's Død Og Bisættelse",
    "overview" : "People stand in line to get in and see the king's coffin in Christiansborg Palace.",
    "genres" : [ {
      "id" : 99,
      "name" : "Documentary"
    } ]
  }, {
    "id" : 341388,
    "title" : "Het Huis Anubis en de Legende van het Spooktheater",
    "overview" : "",
    "genres" : [ ]
  }, {
    "id" : 341393,
    "title" : "Suburbio mental",
    "overview" : "",
    "genres" : [ {
      "id" : 35,
      "name" : "Comedy"
    }, {
      "id" : 18,
      "name" : "Drama"
    } ]
  }, {
    "id" : 341398,
    "title" : "Record of a Marathon Runner",
    "overview" : "This was a sponsored documentary film by director Kazuo Kuroki of Japan. This highly artistic film focused entirely on Japanese marathon runner Kenji Kimihara. Kimihara finished eighth in the 1964 Olympic marathon with a time of 2:19:49. He had previously won the Japanese trials in 2:17:11 on April 12th of that year. He competed in a total of three Olympic marathons in all (finishing 2nd in 1968, and 5th in 1972) and he won 9 of 18 marathons prior to the Mexico City Games, including the Boston Marathon in 1966. Kimihara’s personal best was 2:13:25.",
    "genres" : [ ]
  }, {
    "id" : 341403,
    "title" : "Mega Mindy - de Snorrenbende",
    "overview" : "",
    "genres" : [ {
      "id" : 28,
      "name" : "Action"
    }, {
      "id" : 12,
      "name" : "Adventure"
    }, {
      "id" : 10751,
      "name" : "Family"
    } ]
  }, {
    "id" : 341408,
    "title" : "Decent People",
    "overview" : "What would you do if a relative recently released from prison would move to your house? And you accidentally killed him...",
    "genres" : [ {
      "id" : 35,
      "name" : "Comedy"
    } ]
  }, {
    "id" : 341413,
    "title" : "One Man's Show",
    "overview" : "On the eve of his fiftieth birthday, an actor discovers that he's got stomach cancer. He must now face his shattered life.",
    "genres" : [ ]
  }, {
    "id" : 341418,
    "title" : "Sophie kocht",
    "overview" : "",
    "genres" : [ {
      "id" : 10770,
      "name" : "TV Movie"
    }, {
      "id" : 35,
      "name" : "Comedy"
    } ]
  }, {
    "id" : 341423,
    "title" : "København Paa Kryds Og Tværs",
    "overview" : "A view of Copenhagen primarily from the perspective of a sea traveler.",
    "genres" : [ {
      "id" : 99,
      "name" : "Documentary"
    } ]
  }, {
    "id" : 341428,
    "title" : "Bella Familia: Umtausch ausgeschlossen",
    "overview" : "",
    "genres" : [ {
      "id" : 10770,
      "name" : "TV Movie"
    }, {
      "id" : 35,
      "name" : "Comedy"
    } ]
  }, {
    "id" : 341433,
    "title" : "Sesame Street: Three Bears and a New Baby",
    "overview" : "Everyone knows the story of The Three Bears, so what happens when Mama, Papa, and Baby Bear are expecting a new cub in the family? They become four!",
    "genres" : [ {
      "id" : 10751,
      "name" : "Family"
    } ]
  }, {
    "id" : 341438,
    "title" : "Golden Ninja Invasion",
    "overview" : "Mr Warren and the Red Sun Ninja Empire are in pursuit of a secret blueprint to increase their power. They dispatch top criminals Brad and Candy on their behalf but haven't reckoned on Ritchie - who has a Titanium/Uranium hand and is bent on revenge - and Blue Ninja Paul, who will stop at nothing to defeat the evil Red Sun.",
    "genres" : [ ]
  }, {
    "id" : 341443,
    "title" : "Vampire in Love",
    "overview" : "Kiira seems like an ordinary young girl, who likes to talk with her friends and to dress up. Her ultimate goal is to become the world's best baker, but what differentiates her from others is that she is a vampire. She has never told anyone her secret, including her childhood friend Tetsu, whom she played with everyday and liked as a child. After her parents died when Kiira was only 12-years-old, she had to go live with her relatives and lost contact with Tetsu.  Now, 8 years later, Tetsu appears at the bakery where Kiira is working part-time. Kiira is ecstatic to see her first love again. Soon, they are dating and Kiira dreams of having a family with Tetsu. Kiira also becomes filled with worries because she is vampire.",
    "genres" : [ {
      "id" : 18,
      "name" : "Drama"
    } ]
  }, {
    "id" : 341448,
    "title" : "The Politician's Husband",
    "overview" : "Aiden Hoynes is a senior cabinet minister who has always put his career before family, with the support of Freya, his devoted wife and mother to their two young children. But when Freya's own political career takes off and threatens to overshadow his, Aiden's life is thrown into chaos. As his political career comes to a standstill, and with his marriage turned upset down, Aiden takes increasing risks in his quest for power.",
    "genres" : [ {
      "id" : 18,
      "name" : "Drama"
    } ]
  }, {
    "id" : 341453,
    "title" : "Namasthe Bali Island",
    "overview" : "Annamma (Roma) and Chandi (Aju Varghese) are engaged to be married. Annamma starts weaving dreams of their glorious future, when Chandi flees to Bali, leaving her and their wedding in the lurch. A determined Annamma leaves for Bali as well, intending to find him, and comes across a world renowned photographer Sunny (Manoj K Jayan) during her stint there, who transforms the ugly duckling into a swan.",
    "genres" : [ {
      "id" : 35,
      "name" : "Comedy"
    }, {
      "id" : 18,
      "name" : "Drama"
    } ]
  }, {
    "id" : 341458,
    "title" : "Son de la Calle",
    "overview" : "",
    "genres" : [ {
      "id" : 18,
      "name" : "Drama"
    } ]
  }, {
    "id" : 341463,
    "title" : "The Flying Matchmaker",
    "overview" : "Reb Kalman, the matchmaker comes home on Shabbat to find out that Reb Pinchas has been there. He learns that RebPinchas wants him to find a husband from a good family for his daughter Carolina. Carolina, however, is in love with Max, her French teacher. Pinchas finds them making out and is furious and even more adamant that she marry soon. Reb Kalman finds Kuni Lemel as a possible match. It turns out that Max and Kuni are cousins and are identical, except that Kuni is blind in one eye, limps, and stutters. Max plans to act like Kuni so that Reb Pinchas will have his daughter marry Max by mistake. The real Kuni Lemel shows up and has everyone confused.",
    "genres" : [ ]
  }, {
    "id" : 341468,
    "title" : "Requiem of Snow",
    "overview" : "People are praying for rainfall... a Land parched in drought... the illusion of snow... Rozhin is engulfed in reveries of flight from an undesirable marriage... Rozhin seeks support from a stranger... and this is not the end of the story.",
    "genres" : [ ]
  }, {
    "id" : 341473,
    "title" : "Leaf on a Pillow",
    "overview" : "The Indonesian society is seen through a middle-aged lady's eyes in her daily encounters with the street children who work and live off the harsh and sleazy world of adults.",
    "genres" : [ ]
  }, {
    "id" : 341488,
    "title" : "White Whales",
    "overview" : "Two friends, who are experienced whale hunters, decide to settle down in Rekyavik at the end of the whaling season. During a night on the town, the duo lands in a heap of trouble after they are thrown out of one establishment after another. As events escalate the two men break into a weapons shop and arm themselves with rifles for a confrontation with the police.",
    "genres" : [ ]
  }, {
    "id" : 341493,
    "title" : "Little But Tough",
    "overview" : "Hungary's submission for the Academy Award for Best Foreign Language Film in 1990",
    "genres" : [ ]
  }, {
    "id" : 341498,
    "title" : "Yesterday's Child",
    "overview" : "A young couple's three-year-old daughter is kidnapped and no trace is ever found of her. Fourteen years later, a young woman claiming to be that girl shows up at the parents' house.",
    "genres" : [ {
      "id" : 53,
      "name" : "Thriller"
    } ]
  }, {
    "id" : 341503,
    "title" : "Slaughter of the Cock",
    "overview" : "Greece's submission for the Academy Award for Best Foreign Language Film in 1997.",
    "genres" : [ ]
  }, {
    "id" : 341508,
    "title" : "Nazi Hunters: The Real Story",
    "overview" : "This gripping documentary recounts the story of the long search for Nazis in hiding from 1945 to the present day.  Sixty years of relentless investigations, set-backs, trials and dramas brought about principally by three extraordinary individuals:  the Austrian death camp survivor, Simon Wiesenthal and the German/French couple Beate and serge Klarsfeld who devoted their lives to search for the highest level Nazis still at large.",
    "genres" : [ {
      "id" : 10752,
      "name" : "War"
    }, {
      "id" : 99,
      "name" : "Documentary"
    } ]
  }, {
    "id" : 341513,
    "title" : "Mediator",
    "overview" : "Georgia's submission for the Academy Award for Best Foreign Language Film in 2008",
    "genres" : [ {
      "id" : 18,
      "name" : "Drama"
    }, {
      "id" : 80,
      "name" : "Crime"
    } ]
  }, {
    "id" : 341518,
    "title" : "Beck: Sea change",
    "overview" : "1. The Golden Age\r 2. Paper Tiger\r 3. Guess I'm Doing Fine\r 4. Lonesome Tears\r 5. Lost Cause\r 6. End of the Day\r 7. It's All in Your Mind\r 8. Round the Bend\r 9. Already Dead\r 10. Sunday Sun\r 11. Little One\r 12. Side of the Road",
    "genres" : [ {
      "id" : 10402,
      "name" : "Music"
    } ]
  }, {
    "id" : 341523,
    "title" : "Soledad",
    "overview" : "A lonely limousine driver named Victor lives an isolated existence until one evening he is forced to defend a client, Raquel; from being sexually assaulted by her prom date, Preston. A simple act of compassion that sets off a series of events destined to bring back a past for Victor he has fought desperately to get away from. A road trip journey through the city of Angels that reminds us that it only takes one night to change our lives forever.",
    "genres" : [ ]
  }, {
    "id" : 341528,
    "title" : "Dreams from the Middle of the World",
    "overview" : "A bus called Sueños (Dreams) links three modern-day tales set in exotic Ecuador - the equator-straddling country that calls itself \"The Middle of the World.\" Each of these stories carries a woman's name, and each features a mysterious, alluring female outsider who bewitches men. In the first tale, a blonde woman with an unclear past arrives in a remote, male-deprived Andean town and offers piano lessons, only to become the focus of wild rumors and innuendo. In the second, a married college professor who is haunted by nightmares becomes obsessed with a beguiling woman who seems to be sending him an ominous message. In the final story, a couple vacationing at a jungle resort refuse to believe in the ancient myths of Ecuador, but are forced to confront the legendary Guasangó.",
    "genres" : [ ]
  }, {
    "id" : 341533,
    "title" : "Slayer",
    "overview" : "Eric Carlson, a young college student, witnesses a brutal slaying in the hills of Amherst, Massachusetts. After some investigation, Eric slowly discovers the unpleasant truth behind the popular vampire myth. As a clean up crew member for a local team of Slayers, Eric discovers the reality and consequences of violence, and learns the truth is never as simple as black and white.",
    "genres" : [ {
      "id" : 12,
      "name" : "Adventure"
    }, {
      "id" : 18,
      "name" : "Drama"
    }, {
      "id" : 28,
      "name" : "Action"
    } ]
  }, {
    "id" : 341538,
    "title" : "Lovers in the Year One",
    "overview" : "Czechoslovakia's submission for the Academy Award for Best Foreign Language Film in 1974",
    "genres" : [ ]
  }, {
    "id" : 341543,
    "title" : "Sukiyaki with Love",
    "overview" : "A cheating husband who thinks of marriage as a nightmare comes home to a lovely wife who teaches him the true meaning of horror.",
    "genres" : [ ]
  }, {
    "id" : 341548,
    "title" : "Babymetal - Live in London: World Tour 2014",
    "overview" : "Babymetal - Live in London: World Tour 2014 is the fourth live video album by the Japanese band Babymetal. It contains two concerts that the band performed in London as part of its first world tour. The first took place on July 7th, 2014 at \"The Forum\" and the second on November 8th 2014, at the \"O2 Academy Brixton\".",
    "genres" : [ {
      "id" : 10402,
      "name" : "Music"
    } ]
  }, {
    "id" : 341553,
    "title" : "Countess Dora",
    "overview" : "A pseudo biography of Dora Pejačević (10 September 1885 - 5 March 1923), a Croatian composer.",
    "genres" : [ {
      "id" : 18,
      "name" : "Drama"
    } ]
  }, {
    "id" : 341558,
    "title" : "Transatlantic",
    "overview" : "A young man flees to the United States searching for the American dream.",
    "genres" : [ {
      "id" : 53,
      "name" : "Thriller"
    }, {
      "id" : 80,
      "name" : "Crime"
    } ]
  }, {
    "id" : 341563,
    "title" : "Sun Zhongshan",
    "overview" : "Dr. Sun Zhongshan leads a democratic revolution in China.",
    "genres" : [ ]
  }, {
    "id" : 341568,
    "title" : "Margarit and Margarita",
    "overview" : "Bulgaria's submission for the Academy Award for Best Foreign Language Film in 1990",
    "genres" : [ {
      "id" : 18,
      "name" : "Drama"
    } ]
  }, {
    "id" : 341573,
    "title" : "Warming Up Yesterday's Lunch",
    "overview" : "High in the mountains of Macedonia a team of young film makers are making a documentary about Katerina Vandeva - a descendant of an ancient and very famous family. Several former state and party functionaries interfere in the filmmaking in the hopes of manipulating Katerina's confessions for their own purposes. Nikola, the director, and his friends have to make the choice - whether to compromise with their consciences and their art, (as normally happens here in the Balkans), or whether to preserve Katerina's message.",
    "genres" : [ {
      "id" : 18,
      "name" : "Drama"
    } ]
  }, {
    "id" : 341578,
    "title" : "Saaradhi",
    "overview" : "Saradhi is a malayalam movie made on the lines of Traffic, chronicling the events of one day, with an ambulance driver being forced to undertake a risky journey with a dead body, surpassing all odds.",
    "genres" : [ {
      "id" : 53,
      "name" : "Thriller"
    } ]
  }, {
    "id" : 341583,
    "title" : "Rubens, schilder en diplomaat",
    "overview" : "This historical costume drama is a mini-series on the life of Flemish first-rate Baroque painter Pieter Pauwel Rubens (1577-1640), whose artistic success throughout Europe not only made him a fortune allowing him to stock his Antwerp residence ('Rubenshuis' in Dutch) and a castle at Elewijt, in the countryside nearer Brussels, with numerous fashionable treasures, but also became an ennobled diplomat for the Spanish Hapsburg rulers of the Southern Low Countries (now Belgium), who often traveled, for painting commissions and/or diplomatic missions, to and worked in Italy, France, Spain, all Catholic powers, as well as protestant England and the United Provinces (mainly Holland), also allowing him to meet other prominent contemporaries such as artists. It further covers his marriages to Isabella Brandt and Hélène Fourment.",
    "genres" : [ ]
  }, {
    "id" : 341588,
    "title" : "Aha!",
    "overview" : "Mr. Rafiq is given an option to develop the ancestral property by a privet developer agent. The house carries the style of typical historic buildings of old Dhaka; which are being pushed aside by urban modernization. With the decision hanging, Ruba, his daughter, leaves her husband in the US and returns to Dhaka. The cause being her husband's excessive misbehave. Ruba tries to find peace in her memory soaked old home but could not as the decision to reconstruct the property is discussed and debated over and over again. Another character, Soleman, obedient servant of Mr. Rafiq becomes irritating to Ruba since he has a rivalry with the local power holders. As Ruba seeks her memories in the home, she occasionally watches a man on a neighboring flat. The man notices this. With the man's efforts they finally get to be friends. But the orthodox mindset of the father desperately looks for ways to stop the developing relationship or perhaps a new hope for Ruba.",
    "genres" : [ ]
  }, {
    "id" : 341593,
    "title" : "The Girlfriend",
    "overview" : "Argentina's submission for the Academy Award for Best Foreign Language Film in 1989",
    "genres" : [ ]
  }, {
    "id" : 341598,
    "title" : "Puppets",
    "overview" : "A film about puppets, the creative process, and how conflict can end in resolution.",
    "genres" : [ {
      "id" : 14,
      "name" : "Fantasy"
    }, {
      "id" : 35,
      "name" : "Comedy"
    } ]
  }, {
    "id" : 341603,
    "title" : "Engraçadinha Depois dos Trinta",
    "overview" : "",
    "genres" : [ {
      "id" : 18,
      "name" : "Drama"
    } ]
  }, {
    "id" : 341608,
    "title" : "A Banana Mecânica",
    "overview" : "",
    "genres" : [ {
      "id" : 35,
      "name" : "Comedy"
    } ]
  }, {
    "id" : 341623,
    "title" : "Sad Cypress",
    "overview" : "",
    "genres" : [ {
      "id" : 9648,
      "name" : "Mystery"
    }, {
      "id" : 80,
      "name" : "Crime"
    } ]
  }, {
    "id" : 341628,
    "title" : "The Ring",
    "overview" : "After a wild Las Vegas bachelor party, Tracey's (Kaylani Lei) best friend, John, winds up in jail. Being a good friend, she gets in her car (with her ex) and takes a roadtrip to bail him out. Once out of jail, the insanity really starts - including trying to get his wedding ring back from an angry stripper - and getting him to the aisle on time! Fun and sexy - The Ring will leave you screaming, \"I Do!\"",
    "genres" : [ ]
  }, {
    "id" : 341633,
    "title" : "Money",
    "overview" : "Money (1985) is an historical document of the early days of \"language poetry\" and the downtown improvised music scene.  A manic collage film from the mid-80s when it still seemed that Reaganism of the soul could be defeated. Filmed primarily on the streets of Manhattan for the ambient sounds and movements and occasional pedestrian interaction to create a rich tapestry of swirling colors and juxtaposed architectural spaces in deep focus and present the intense urban overflowing energy that is experience living here. Money is thematically centered around a discussion of economic problems facing avant-garde artists. Discussion, however, is fragmented into words and phrases and reassembled into writing. Musical and movement phrases are woven through this conversation to create an almost operatic composition. Give me money!",
    "genres" : [ ]
  }, {
    "id" : 341638,
    "title" : "Gotham",
    "overview" : "Gotham is a music video commissioned by Elektra Records to the Naked City song “Batman”. Naked City is John Zorn (alto), Bill Frisell (guitar), Wayne Horvitz (keyboards), Fred Frith (bass), Joey Baron (drums), and Yamatsuka Eye (vocals). Taking the band’s name and first album cover as a clue, I drew heavily on themes in WeeGee’s photographs (his major collection, Naked City, inspired the title of Jules Dassin’s great 50’s film noir classic which inspired the TV show of the same name, of which I obtained and employed a portion of an episode), recreating many of his pictures in their actual Lower East Side/Little Italy locations (a rare home movie shot of WeeGee--smoking a cigar--is also included.)",
    "genres" : [ ]
  }, {
    "id" : 341643,
    "title" : "SSS",
    "overview" : "SSS is composed from footage of movement improvised on the streets of pre-gentrified East Village by Sally Silvers, Pooh Kaye, Harry Shepperd, Lee Katz, Kumiko Kimoto, David Zambrano, Ginger Gillespie, Mark Dendy, and others, painstaking synched to music previously improvised for the project at Noise New York by Tom Cora (cello), Christian Marclay (turntables), and Zeena Parkins (harp). Beauty emerging from rubble. (Henry Hills)",
    "genres" : [ ]
  }, {
    "id" : 341653,
    "title" : "El viento que rompe los muros",
    "overview" : "Poetic documentary about the experience of a Puerto Rican film student in Cuba.",
    "genres" : [ {
      "id" : 99,
      "name" : "Documentary"
    } ]
  }, {
    "id" : 341658,
    "title" : "Il rumore della notte ( The noise of the night )",
    "overview" : "When the sound of silence hurts ..",
    "genres" : [ ]
  } ]
}