{
  "movies" : [ {
    "id" : 155133,
    "title" : "The Most Beautiful Age",
    "overview" : "An artist's studio is descended upon by a group of retired men and a young mother who agree to model in the nude for money. Comedy ensues as the students and the local bureaucracy react to the models, all in need of extra money. Several running gags border on slapstick as the officials and the students don't know what to do with the nude models.",
    "genres" : [ {
      "id" : 18,
      "name" : "Drama"
    }, {
      "id" : 35,
      "name" : "Comedy"
    } ]
  }, {
    "id" : 155143,
    "title" : "Found Footage Festival Volume 1: Live in Brooklyn",
    "overview" : "A celebration of odd and hilarious found videos",
    "genres" : [ {
      "id" : 35,
      "name" : "Comedy"
    } ]
  }, {
    "id" : 155148,
    "title" : "Found Footage Festival Volume 3: Live in San Francisco",
    "overview" : "Hosts Joe Pickett and Nick Prueher present an all-new collection of unintentionally hilarious videos found at thrift stores and garage sales across the country. From pool hustlers to public access TV weirdos, from exercising celebrities to toilet training cats, Found Footage Festival: Volume 3 puts them all on display in a loving tribute to the golden age of VHS. Recorded live at the Red Vic Movie House in San Francisco.",
    "genres" : [ {
      "id" : 35,
      "name" : "Comedy"
    } ]
  }, {
    "id" : 155153,
    "title" : "Babai Abbai",
    "overview" : "One of the Jandhyala's best comedy movies.",
    "genres" : [ ]
  }, {
    "id" : 155158,
    "title" : "The Fast Sword",
    "overview" : "Shaw Legend Chang Yi takes on the Wild Vile West. It's Kung vs. Gun! \"A man's knowledge puts him above animals\" says the Shaolin scriptures. Chang Yi must prove this- or die! A rare and fantastic film!",
    "genres" : [ ]
  }, {
    "id" : 155163,
    "title" : "Palnati Yudham",
    "overview" : "1947 Movie in Telugu language",
    "genres" : [ ]
  }, {
    "id" : 155168,
    "title" : "Elvis Presley: Prince from Another Planet",
    "overview" : "Prince From Another Planet takes its title from a New York Times headline that accompanied its rave review of the King of Rock 'n' Roll's four sold-out shows at Madison Square Garden (80,000 tickets sold), the weekend of Friday through Sunday, June 9-11, 1972.",
    "genres" : [ ]
  }, {
    "id" : 155178,
    "title" : "The Client List Parody",
    "overview" : "When Alec leaves Veronica high and dry with bills to pay and a house in foreclosure, she gets a job at a local massage parlor to make ends meet. Little does she know these clients aren't looking for an ordinary rub down. At first she's not sure how to handle the sticky situation, but with financial pressures bearing down, she finds herself giving in to the insatiable sexual needs of her 'client list.' Veronica Avluv and Alec Knight gives stellar performances in this unique story based on the hit series!",
    "genres" : [ ]
  }, {
    "id" : 155188,
    "title" : "Brion Gysin's Dreamachine",
    "overview" : "Hafler Trio/Genesis P-Orridge video related to Brion Gysin's Dream Machine, demonstrating Gysins theories and accompanied by music by Hafler Trio and Temple Of Psychic Youth.",
    "genres" : [ ]
  }, {
    "id" : 155203,
    "title" : "Santa Fe",
    "overview" : "Picking up where \"God Does Not Believe In Us Anymore\" leaves off, Freddy struggles to find work after arriving in New York in 1940. His world of refugee acquaintances includes the depressed daughter of a poet/delicatessen owner, an aging surgeon who cannot find work, and a lovable charlatan photographer. Corti's trilogy continues with \"Welcome in Vienna\"",
    "genres" : [ {
      "id" : 18,
      "name" : "Drama"
    } ]
  }, {
    "id" : 155208,
    "title" : "Night Unto Night",
    "overview" : "A bleak mansion sits ominously on a cliff above the sea somewhere on Florida's east coast. In its shadows, two people meet: a scientist haunted by incurable illness and a beautiful woman haunted by the voice of her dead husband. Ronald Reagan and Hollywood-debuting Viveca Lindfors star in an eerie drama steeped in religious faith and supernatural fear, in the destructive power of sexual jealousy and the redemptive power of love. In one of his earliest directorial efforts, Don Siegel (Dirty Harry, The Shootist) displays his command of pacing and camerawork, building the action to a climactic hurricane that parallels the tumultuous emotions of characters precariously balanced between now and the hereafter.",
    "genres" : [ {
      "id" : 10749,
      "name" : "Romance"
    }, {
      "id" : 18,
      "name" : "Drama"
    } ]
  }, {
    "id" : 155233,
    "title" : "The Rosebud Beach Hotel",
    "overview" : "After taking over a failing Miami hotel with her workaholic fiance, Elliot, Tracy thinks Monique Gabrielle has seduced her better half-to-be. She then tries to have an affair of her own, and arranges for hookers to become bellhops. Meanwhile, her rich daddy hires an inept arsonist to blow up the place.",
    "genres" : [ ]
  }, {
    "id" : 155238,
    "title" : "I'm Not Single",
    "overview" : "The movie tells of a young couple Maya and Adam who loathe each other because they are forced into an arranged marriage by their parents. Maya's ailing grandmother wants her to marry as soon as possible despite the fact that she already has a steady boyfriend, Dani. Dani and Maya love each other and had even planned to marry previously. With the arranged marriage looming closer, Dani has to try and figure out how to stop from Maya been taken away from him forever.",
    "genres" : [ {
      "id" : 10749,
      "name" : "Romance"
    } ]
  }, {
    "id" : 155253,
    "title" : "Degree of Guilt",
    "overview" : "Two part movie that follows attorney Christopher Paget and his assistant Teri Peralta. The first part has Paget being asked by his former lover and mother of his son to defend her when she is charged with murder despite being aware that Paget hasn't practice criminal law in years. During the case Paget and Peralta whose marriage is in trouble get close. And the second part has Paget being accused of killing Peralta's husband.",
    "genres" : [ ]
  }, {
    "id" : 155283,
    "title" : "Deep Inside: Part 1",
    "overview" : "The four heavy hitting scenes in Deep Inside Part 1 are surely some of the finest work yet from director Steve Cruz. The first part of Deep Inside features handsome, blindingly hung Paddy O'Brian deepening his hold on your gonads when his stunning meat gives Angelo Marconi a serious depth charge. Lean fuck machine Landon Conrad uses his cock to explore the far reaches of muscle-bottom Mitchell Rock. Superstar hunky boyfriends Trenton Ducati and Tate Ryder trade rides like you've never seen, and exceptionally fine form of Andrew Justice measures his meat in the pleasure hole of buff Johnny Ryder. Deep Inside has huge muscles, immense dicks, and steamy guys who lob their dirty lovin' deeper and deeper. And just think - it's only Part 1!",
    "genres" : [ ]
  }, {
    "id" : 155288,
    "title" : "Bela Kiss: Prologue",
    "overview" : "A true story, Bela Kiss was one of the the most brutal serial killers, who killed 23 young women during the beginning of the first World War. The blood-drained bodies were found in metal barrels, conserved in alcohol. According to rumors, he was still seen decades later, in different parts of the world. He never was found and so the whereabouts of this man are unknown, even today. Almost a century later, five bank robbers search for a hideaway in a remote hotel, as they flee from the police. Brutal and unforeseen events take overhand and build a bridge to the past. The assumed safe house turns into a nightmare... is Bela Kiss still alive?",
    "genres" : [ {
      "id" : 27,
      "name" : "Horror"
    }, {
      "id" : 9648,
      "name" : "Mystery"
    }, {
      "id" : 53,
      "name" : "Thriller"
    } ]
  }, {
    "id" : 155308,
    "title" : "Zakhm",
    "overview" : "Amidst religious riots, a son deals with his mother's life-threatening injuries, and her last request.",
    "genres" : [ ]
  }, {
    "id" : 155323,
    "title" : "20 Lat Później",
    "overview" : "",
    "genres" : [ ]
  }, {
    "id" : 155328,
    "title" : "No... Just Passing By",
    "overview" : "Life as a labyrinth. An elevator ride were lives, sounds and memories cross... The path is more important than the destination.",
    "genres" : [ ]
  }, {
    "id" : 155333,
    "title" : "Agnes 1946",
    "overview" : "",
    "genres" : [ {
      "id" : 18,
      "name" : "Drama"
    } ]
  }, {
    "id" : 155348,
    "title" : "Mr. Big: Back to Budokan",
    "overview" : "Back to Budokan is a live album CD and DVD by the hard rock band Mr. Big. The performance was recorded at Budokan in Tokyo, Japan Jun 20, 2009. Track Listing: 1. Daddy, Brother / 2. Lover, Little Boy (The Elecrtic Drill Song) / 3. Take Cover / 4. Green-Tinted Sixties Mind / 5. Alive and Kickin' / 6. Next Time Around / 7. Hold Your Head Up / 8. Just Take My Heart / 9. Temperamental / 10. It's For You - Mars / 11. Pat Torpey Drum Solo / 12. Price You Gotta Pay / 13. Stay Together / 14. Wild World / 15. Goin' Where The Wind Blows / 16. Take a Walk / 17. Paul Gilbert Guitar Solo / 18. Paul Gilbert and Billy Sheehan Duo / 19. Double Human Capo / 20. The Whole World's Gonna Know / 21. Promise Her The Moon / 22. Rock &amp; Roll Over / 23. Billy Sheehan Bass Solo / 24. Addicted To That Rush",
    "genres" : [ {
      "id" : 10402,
      "name" : "Music"
    } ]
  }, {
    "id" : 155353,
    "title" : "Queen: Greatest Flix I and II",
    "overview" : "This DVDs (Greatest Flix I and II) were the very first version of Queen's \"Greatest Hits\" on DVD. Even though most people consider them a bootleg, on the original Queen Web site they were listed as official. It's a great collection, with great sound and the original videos (some of them were later changed).",
    "genres" : [ {
      "id" : 10402,
      "name" : "Music"
    } ]
  }, {
    "id" : 155368,
    "title" : "When Playboys Ruled the World",
    "overview" : "Produced by ITV Sport, When Playboys Ruled the World is a documentary that takes a look at the lives of 1970s legends Barry Sheene and James Hunt. First aired back in 2010, the documentary mixes period race footage, original interviews with Hunt and Sheene and conversations with friends and family. People like Stephanie Sheene, David Hunt, Sir Stirling Moss, Max Mosley, Murray Walker, Max Clifford and Kelvin MacKenzie provide an interesting perspective on how things were back then. If you haven't seen it already, get some cold beers and get ready to be transported back into a time that was magical...",
    "genres" : [ {
      "id" : 99,
      "name" : "Documentary"
    } ]
  }, {
    "id" : 155378,
    "title" : "The Unstable Object",
    "overview" : "What do a luxury automobile, a cymbal, and a wall clock all have in common? What are the diverse attachments and experiences produced by those who make these things and those who consume them? What exchanges take place through the object itself—sensually, esthetically, abstractly? We often forget that most of the things we use are made by the labor of others, often in distant places, living dramatically different, diverse lives. What do these objects mean to them? How does their labor, their aspirations, their sense of alienation or satisfaction connect to ours?",
    "genres" : [ ]
  }, {
    "id" : 155383,
    "title" : "Björk: The Inner or Deep Part of an Animal or Plant Structure",
    "overview" : "Official DVD released by Björk about the making of the Medúlla album. The DVD features clips of the studio performances by Dokaka, Shlomo, Rahzel and Mike Patton that formed the beats for many of the songs on the album. The title of the DVD is the actual definition of the word \"Medúlla\".",
    "genres" : [ {
      "id" : 10402,
      "name" : "Music"
    }, {
      "id" : 99,
      "name" : "Documentary"
    } ]
  }, {
    "id" : 155393,
    "title" : "Taking Manhattan",
    "overview" : "Ho has a bright future with Hong Kong's police force. ButHo's wife wants to emigrate to the United States. So he winds up in Manhattan on the New York police force. Ho's wife meets Chinese 'wheeler- dealer' Chan who teaches her how to double her money overnight. She changes from a tender wife into a hard business woman as Ho watches helplessly. In fact, Ho has been given his new undercover assignment: to investigate Chan and his suspected criminal background. So the Hos and the Chans keep on meeting, loving and hating, all the while in the shadow of the Brooklyn Bridge until the explosive end.",
    "genres" : [ {
      "id" : 28,
      "name" : "Action"
    } ]
  }, {
    "id" : 155398,
    "title" : "A Man Called Tiger",
    "overview" : "A young man suspects his father's suicide was actually a murder committed by gangsters. Using his expertise in martial arts, he gets himself hired by the gangsters who he suspects are responsible for his father's death.",
    "genres" : [ {
      "id" : 28,
      "name" : "Action"
    } ]
  }, {
    "id" : 155403,
    "title" : "Save and Protect",
    "overview" : "Inspired by Flaubert’s Madame Bovary, Sokurov’s Save and Protect recalls the most crucial events of Emma’s decline and fall: affairs with the aristocratic Rodolphe and the student Leon, the humiliation that follows her husband’s botching of the operation on the stable boy’s clubfoot. The universality of the theme of eternal struggle between the soul and the flesh is conveyed through the absence of specific reference to time or place: although the film seems to begin in 1840, its surreal mode effortlessly accommodates an automobile and the strains of “When the Saints Go Marching In” on an off-screen radio. Focusing on passion from a woman’s perspective and downplaying plot, Sokurov explores his subject in exquisite detail, capturing not only the heat of passion but also the quiet moments before and after and the innocent sensuousness of the body.",
    "genres" : [ ]
  }, {
    "id" : 155413,
    "title" : "Monika Gruber: Wenn ned jetzt, wann dann?",
    "overview" : "Stand-up Comedy mit Monika Gruber",
    "genres" : [ {
      "id" : 35,
      "name" : "Comedy"
    } ]
  }, {
    "id" : 155418,
    "title" : "Fractalus",
    "overview" : "A motley group of astronauts travel unimaginable distances across time and space on a quest for a glimpse of something beyond known reality.",
    "genres" : [ {
      "id" : 878,
      "name" : "Science Fiction"
    }, {
      "id" : 18,
      "name" : "Drama"
    } ]
  }, {
    "id" : 155423,
    "title" : "Qualtingers Wien",
    "overview" : "",
    "genres" : [ {
      "id" : 35,
      "name" : "Comedy"
    } ]
  }, {
    "id" : 155428,
    "title" : "Återkomsten",
    "overview" : "",
    "genres" : [ {
      "id" : 80,
      "name" : "Crime"
    }, {
      "id" : 53,
      "name" : "Thriller"
    } ]
  }, {
    "id" : 155433,
    "title" : "Det grovmaskiga nätet",
    "overview" : "",
    "genres" : [ ]
  }, {
    "id" : 155438,
    "title" : "Autoportret z kochanką",
    "overview" : "",
    "genres" : [ {
      "id" : 10749,
      "name" : "Romance"
    }, {
      "id" : 18,
      "name" : "Drama"
    } ]
  }, {
    "id" : 155448,
    "title" : "Min frus förste älskare",
    "overview" : "",
    "genres" : [ ]
  }, {
    "id" : 155468,
    "title" : "Love Ain't Suppose To Hurt",
    "overview" : "\"Love hurts sometimes, but Lawd knows when it's real, it brings more joy than pain!\"  This spectacular, live-filmed Gospel Musical stage play celebrates love relations through humor and drama. Filled with phenomenal musical performances by talented cast members, including rising star Tony Grant (Tyler Perry's \"Why Did I Get Married\"), Nei-Ce Knight-Preuitt, Ricke Vermont (Universal's \"Blues Brothers\" show) and Bridgette Bentley (\"A Good Man is Hard to Find\", \"What Goes Around Comes Around\"). Also featuring, from the Grammy-nominated &amp; Platinum-selling R&amp;B group AZ Yet.",
    "genres" : [ ]
  }, {
    "id" : 155478,
    "title" : "Getürkt",
    "overview" : "Akin plays a loser who pretends that he has good dope and finds that he has to deliver in real to a gangster.",
    "genres" : [ ]
  }, {
    "id" : 155488,
    "title" : "Foo Fighters -T in The Park",
    "overview" : "The Foo Fighter's incredible headlining performance at the 2011 T in The Park Festival is now available on DVD, exclusively at DVDRare.com! This DVD contains every second of their lengthy set at the legendary Scottish music festival in high video and audio quality!  Main Stage  Balado Station, Scotland  July 10, 2011  Setlist:  Bridge Burning  Rope  The Pretender  My Hero  Learn to Fly  White Limo  Arlandria  Breakout  Long Road to Ruin  Cold Day in the Sun  Stacked Actors  Walk  Monkey Wrench  Let It Die  These Days  Best of You  All My Life  Wheels  Times Like These  Young Man Blues  This is a Call  Everlong",
    "genres" : [ {
      "id" : 10402,
      "name" : "Music"
    } ]
  }, {
    "id" : 155498,
    "title" : "Red Hot Chili Peppers - Live From The Roxy Theatre",
    "overview" : "Near perfect quality Pro-shot recording of the Red Hot Chili Peppers, recorded live at the Roxy Theatre, in West Hollywood, CA on August 22nd, 2011. DVD has a total running time of 41 minutes, and quality is about 9/10. Track listing is as follows:  Monarchy of Roses\r Can't Stop\r Meet Me at the Corner\r The Adventures of Rain Dance Maggie\r Me &amp; My Friends\r Californication\r Soul to Squeeze\r By the Way\r Give It Away",
    "genres" : [ ]
  }, {
    "id" : 155503,
    "title" : "Deadly Matrimony",
    "overview" : "",
    "genres" : [ {
      "id" : 53,
      "name" : "Thriller"
    }, {
      "id" : 18,
      "name" : "Drama"
    } ]
  }, {
    "id" : 155508,
    "title" : "Super Model",
    "overview" : "Super model Mandom (Ronald Cheng) is very famous in the field. One day, he is threatened by someone, asking him not to attend a model competition. Mandom calls for police and Madam Cheung (Karena Lam) is sent to bodyguard him 24 hours a day. However they have hostile feeling to each other. At the same time, Mandom also faces a challenger Fantasy (Sammy). How can Mandom fight against Fantasy in the model competition?",
    "genres" : [ {
      "id" : 35,
      "name" : "Comedy"
    } ]
  }, {
    "id" : 155513,
    "title" : "Balanga",
    "overview" : "",
    "genres" : [ ]
  }, {
    "id" : 155518,
    "title" : "Annayum Rasoolum",
    "overview" : "A taxi driver, Rasool and a salesgirl, Anna fall in love with each other. But soon their union is put to question when Anna persuades Rasool to convert to Christianity.",
    "genres" : [ {
      "id" : 18,
      "name" : "Drama"
    }, {
      "id" : 10749,
      "name" : "Romance"
    } ]
  }, {
    "id" : 155523,
    "title" : "The Stranglers: Friday The Thirteenth - Live at the Albert Hall",
    "overview" : "Twenty one years after their recording debut, the Stranglers celebrated the release of their 13th album with this sell out concert at the Royal Albert Hall. The band were accompanied by an eighteen piece string orchestra to perform tracks from throughout the years including 'Golden Brown', 'Skin Deep' and Kinks cover 'All Day and All of the Night'.",
    "genres" : [ {
      "id" : 10402,
      "name" : "Music"
    } ]
  }, {
    "id" : 155528,
    "title" : "Billboard",
    "overview" : "",
    "genres" : [ {
      "id" : 53,
      "name" : "Thriller"
    } ]
  }, {
    "id" : 155533,
    "title" : "Bohaterowie Sybiru",
    "overview" : "",
    "genres" : [ ]
  }, {
    "id" : 155538,
    "title" : "Nazareth: Road Trip",
    "overview" : "A Video Diary of Nazareth's Eastern Europe 2008 tour",
    "genres" : [ ]
  }, {
    "id" : 155543,
    "title" : "Metallica: Kill 'Em All to St. Anger - The Ultimate Critical Review",
    "overview" : "This is the ultimate critical review of Metallica featuring rare live footage including the legendary performance at Woodstock 1994. Also featured are rare archive interviews with James Hetfield and Jason Newstead and the views of a leading team of music critics, working musicians and Metallica insiders.",
    "genres" : [ {
      "id" : 10402,
      "name" : "Music"
    } ]
  }, {
    "id" : 155548,
    "title" : "Dan Bäckman 2-0 Turnéfilmen",
    "overview" : "",
    "genres" : [ ]
  }, {
    "id" : 155553,
    "title" : "Metallica: Rock Milestones - Master of Puppets",
    "overview" : "Metallica put thrash metal on the map with the aggression and exuberance of their epic album MASTERS OF PUPPETS Rock Milestones - Metallica's Master of Puppets DVD. This unauthorized documentary offers a critical review of the 1986 masterpiece through rare live-performance clips and interviews with leading rock critics and journalists.",
    "genres" : [ ]
  }, {
    "id" : 155563,
    "title" : "This Is Garth Brooks, Too!",
    "overview" : "A follow-up to the previous show. The concert took place on June 12, 1993 at Texas Stadium, which sold out in 92 minutes, selling over 65,000 tickets and breaking the previous sales record held by Paul McCartney. Dallas fans demanded and got more shows: a second show sold 65,000 tickets in 92 minutes, as did a third.",
    "genres" : [ ]
  }, {
    "id" : 155573,
    "title" : "Gold Rush Maisie",
    "overview" : "Maisie becomes attached to a dirt-poor farmer and his family as they try to make ends meet joining hundreds of others digging for gold in a previously panned-out ghost town.",
    "genres" : [ {
      "id" : 35,
      "name" : "Comedy"
    }, {
      "id" : 18,
      "name" : "Drama"
    } ]
  }, {
    "id" : 155578,
    "title" : "Halva sanningen",
    "overview" : "",
    "genres" : [ ]
  }, {
    "id" : 155583,
    "title" : "Ringside Maisie",
    "overview" : "Young undefeated boxer Terry Dolan, who's been lying to his invalid mother about his career, confides to Maisie that he hates and is terrified by boxing and wants out. Not wanting to let down his best friend and manager Skeets Maguire, who has hopes of him becoming the next champion, he is reluctant to bring up the subject with him. Maisie convinces Terry to tell Skeets, whose unexpected reaction induces him to step into the ring again.",
    "genres" : [ {
      "id" : 35,
      "name" : "Comedy"
    }, {
      "id" : 9648,
      "name" : "Mystery"
    } ]
  }, {
    "id" : 155588,
    "title" : "The Red One: Triumph",
    "overview" : "Andrei, nicknamed Red, is a young drug dealer, trawling hotel corridors, selling little bags of hits to hookers and businessmen alike. Shrewd and tough, he has seen more than his fair share of life. But he has a problem - a rival gang, the Abreks, have moved into his territory and are forcing prices down. Andrei is a loner, attached to no one, but he is smart. He knows a member of a rival gang, Peaky, who runs with the X-Rays. Andrei manages to get them some \"rods\" - guns - and concocts his plan to run the Abreks out of his area.",
    "genres" : [ ]
  }, {
    "id" : 155593,
    "title" : "The War of the 16 Year Olds",
    "overview" : "The film serves as a tribute to those that lost their lives during the air raid on the Toyokawa Naval Arsenal on August 7, 1945.  As it's experimental and dream-like, you may quite possibly derive further meaning from it.",
    "genres" : [ ]
  }, {
    "id" : 155603,
    "title" : "After the Banquet",
    "overview" : "After never having seen each other for years, a group of college alumni in their 30’s gather at one of their friend’s second wedding. The core members composed of mainly men had one woman who they were anticipating to see at the wedding. However, they were surprised to find the woman’s daughter come to the wedding, creating a tense atmosphere of curiosity. They soon realize that the daughter came on behalf of her dead mother and was in fact looking for her dad who was actually at the reception.",
    "genres" : [ ]
  }, {
    "id" : 155613,
    "title" : "The Invincible",
    "overview" : "Film about a Russian Master of Martial Arts, Andrei Khromov (Rostotsky). Based on a true story. A young man travels all over the Eastern republics of the Soviet Union. He is studying various systems of self-defense in order to develop his own system that would make him unbeatable.",
    "genres" : [ {
      "id" : 12,
      "name" : "Adventure"
    }, {
      "id" : 28,
      "name" : "Action"
    } ]
  }, {
    "id" : 155628,
    "title" : "Kommissarie Winter - Segel av sten",
    "overview" : "",
    "genres" : [ ]
  }, {
    "id" : 155633,
    "title" : "Made in YU",
    "overview" : "The lives of three brothers who left their small village in Serbia to live in Sweden. The first one escaped from police, while the other two followed his path.",
    "genres" : [ {
      "id" : 28,
      "name" : "Action"
    }, {
      "id" : 18,
      "name" : "Drama"
    } ]
  }, {
    "id" : 155663,
    "title" : "Sex hopp och kärlek",
    "overview" : "A drama about the power of Love, the lust for Sex, and the need for Hope. Birgit is stuck in an uneventful, everyday life with her husband Lennart and their teenage daughter.",
    "genres" : [ {
      "id" : 18,
      "name" : "Drama"
    } ]
  }, {
    "id" : 155668,
    "title" : "Ilegales",
    "overview" : "Tells the stories of a group of people in Ciudad de Juarez with one thing in common: they are all looking for a better life for them and their families. For many, that better life waits just a short walk away in the United States.",
    "genres" : [ ]
  }, {
    "id" : 155688,
    "title" : "Draw!",
    "overview" : "In the final days of the Old West, a former desperado faces down a now drunken ex-sheriff, who was his long time nemesis.",
    "genres" : [ ]
  }, {
    "id" : 155708,
    "title" : "Abolition",
    "overview" : "Joshua is burdened with a single task that will ultimately decide the worlds' fate.",
    "genres" : [ ]
  }, {
    "id" : 155718,
    "title" : "Blaavand melder storm",
    "overview" : "Svend come back after a year of travel as a mate. Inger and Svend's father has been waiting him with longing. Conversely, Svends brother Thorsten, jealousy at Svend. Both of Inger's love for Sven and because Svend take over the family fishing boat. After a new argument in the family takes Svend space with another skipper, so that Thorsten can get the boat. Thorsten sabotage the radio, so that Sven and Inger can not talk. So reports Bluewater storm!",
    "genres" : [ {
      "id" : 18,
      "name" : "Drama"
    } ]
  }, {
    "id" : 155728,
    "title" : "Siberia",
    "overview" : "Filmed entirely by Preiss and her then lover, Dumont, mostly in the claustrophobia of a train car on the Trans-Siberian Railway, Siberia is an intense and raw observation of a relationship’s denouement. With unflinching honesty and a Direct Cinema approach, Preiss’s documentary is a fascinating psychological exploration of love, dependency, and the bounds of romantic privacy.",
    "genres" : [ ]
  }, {
    "id" : 155738,
    "title" : "Sudigaadu",
    "overview" : "Sudigadu is a 2012 Telugu comedy film directed by Bhimaneni Srinivasa Rao and produced by Chandrasekhar D Reddy under Arundathi Movies. It is the adaptation of C. S. Amudhan's debut tamil super hit movie Thamizh Padam",
    "genres" : [ {
      "id" : 35,
      "name" : "Comedy"
    } ]
  }, {
    "id" : 155743,
    "title" : "True Spirit",
    "overview" : "Poul is a struggling magician looking for just the right trick to take him to the big time. To get the money to acquire 'The Sawed-in-Half Lady' from Frankfurt he makes a deal with Arne, a shifty insurance agent. Using his magic skills, Poul pretends to be a clairvoyant exorcist, while Arne supplies the clients. Then Poul meets Lærke, the owner of the 'Spiritual Universe' store, and he realises there really is more between heaven and earth and that a whole woman is better than two half ones.",
    "genres" : [ {
      "id" : 35,
      "name" : "Comedy"
    } ]
  }, {
    "id" : 155748,
    "title" : "Farlig ungdom",
    "overview" : "Egon, a young man from Jutland living with relatives in Copenhagen, meets sensible young girl Ruth and falls in love. But Egon is involved with a gang of criminals, and when they assault a man they meet in a bar they are caught by the police. Egon is sent to a juvenile home, but can he stay out of trouble?",
    "genres" : [ {
      "id" : 80,
      "name" : "Crime"
    }, {
      "id" : 18,
      "name" : "Drama"
    } ]
  }, {
    "id" : 155768,
    "title" : "Groove: Requiem in the Key of Ski",
    "overview" : "Greg Stump's Groove is shot in 1991 during the Gulf War questions the pursuits of pleasure in times of political heaviness. Scot Schmidt, Dan Donnelly, Davey McCoy,Tom Jungst, Ace Mackay-Smith, Jimbo Morgan, Kevin Andrews, Rob Boyd, Laird Hamilton and Chip &amp; Pepper go extreme skiing and boarding in locations including France's Val D'Isere, Mammoth Mountain, and Valdez. Music includes 808 State, Seal, Hoodlum Priest, Bin Master, So.L.A. and Iggy Pop.",
    "genres" : [ ]
  }, {
    "id" : 155778,
    "title" : "Moving Day",
    "overview" : "A young girl discovers the secrets of her new home.",
    "genres" : [ ]
  }, {
    "id" : 155783,
    "title" : "Manoro",
    "overview" : "The mountain-dwelling Aetas have been forced to settle in the lowlands by the sudden eruption of Mt. Pinatubo. With their settlements being closer to the government-funded schools of the Kapampangan townships, the Aeta children now have the opportunity to study. Jonalyn, one of the elementary school graduates of the ceremony depicted in the confused introduction and an Aeta, seeks to teach her elders to read and write a day before the National Elections. With Jonalyn's effort, the Aetas, for the very first time, have participated in the democratic process that has existed in the Philippines since the early part of the 20th century.  source: http://oggsmoggs.blogspot.com/2006/11/manoro-2006.html",
    "genres" : [ {
      "id" : 99,
      "name" : "Documentary"
    }, {
      "id" : 18,
      "name" : "Drama"
    } ]
  }, {
    "id" : 155793,
    "title" : "The Boy on the Galloping Horse",
    "overview" : "",
    "genres" : [ ]
  }, {
    "id" : 155798,
    "title" : "Notoryus",
    "overview" : "Toryo Liwanag (Victor Neri) is a born trouble maker. He sees no difference being in jail and out of it saying that once he gets out he is basically only in a different much larger enclosure. A cage of crime and poverty. One day he meets Liway (Rachel Alejandro), a PUP colegiala looking to interview and put into study the behavior of troublemakers, the likes of Toryo. He is released from prison. But trouble seems to have a crush on Toryo.",
    "genres" : [ {
      "id" : 28,
      "name" : "Action"
    } ]
  }, {
    "id" : 155803,
    "title" : "Paddle Pop Adventures 2: Journey Into The Kingdom",
    "overview" : "The quest to find the Paddle Pop gems continues...",
    "genres" : [ ]
  }, {
    "id" : 155808,
    "title" : "Stars Shine Down",
    "overview" : "Rebecca is born to a poor family, a young woman whose life is defined by poverty and deprivation. But of the many things she has to endure, it is the insults that other people hurl that hurt the most. Yet despite of everything, Rebecca remains ambitious and unabashed. She pledges to herself that she will one day raise herself and her family from poverty and when that time comes, she will get back at those who had oppressed them.",
    "genres" : [ {
      "id" : 10749,
      "name" : "Romance"
    }, {
      "id" : 18,
      "name" : "Drama"
    }, {
      "id" : 10402,
      "name" : "Music"
    } ]
  }, {
    "id" : 155823,
    "title" : "Nightwish: Nemo",
    "overview" : "Nemo Video and The Making Of Nemo.",
    "genres" : [ {
      "id" : 10402,
      "name" : "Music"
    } ]
  }, {
    "id" : 155838,
    "title" : "The Adventures of Young Ramses",
    "overview" : "How does one pick the future ruler of a vast empire? Young Ramses is the exciting story of a courageous and trustworthy boy who lived long ago in ancient Egypt. Ramses' father, the mighty Pharoah, must decide who will replace him and become the next ruler of the Kingdom. Will it be Ramses or his older brother Sharon? The new leader must be quick on his feet, clever, brave and true. You'll love Ramses' girlfriend and future wife Ahita. She's a real Valley (of the Nile) Girl! There is never a dull moment as Ramses proves himself to be a leader worth of being Pharoah. Full of fun and action, Young Ramses teaches a lesson for all time. Perfect for the whole family!",
    "genres" : [ ]
  }, {
    "id" : 155848,
    "title" : "Silence",
    "overview" : "",
    "genres" : [ ]
  }, {
    "id" : 155853,
    "title" : "Wake Open - Red Bull Signature Series 2012",
    "overview" : "In Red Bull Wake Open, the best riders on the planet will come together in Tampa to compete in 1, 2 or possibly 3 of the following categories: Park, Boat, and Big Air. The top athletes in each discipline will be crowned the best wakeboarders in the world. Athletes will be judged on overall impression and a score-based system with single elimination qualifiers in this 3-day event.",
    "genres" : [ ]
  }, {
    "id" : 155858,
    "title" : "Peeping Tom",
    "overview" : "A hotel clerk takes to spying through the keyholes on his patrons with disastrous results!",
    "genres" : [ {
      "id" : 35,
      "name" : "Comedy"
    } ]
  }, {
    "id" : 155863,
    "title" : "Truth Hall",
    "overview" : "College friends reunite for their best friends' wedding, only to discover that the lies of their past are about to collide with the truths of their present.",
    "genres" : [ {
      "id" : 18,
      "name" : "Drama"
    } ]
  }, {
    "id" : 155888,
    "title" : "Games of Clouds and Rain",
    "overview" : "Li Qin leaves her temperamental husband and unknowingly provides a trail for a detective who has been, for months, secretly devoted to her. In the wake of their one-way chase, a Chinese businessman wanders around town; two magicians attempt to overcome a crisis, and a waitress is desperate for stability. Some will find what they are looking for, some will find each other, and some simply will not.",
    "genres" : [ {
      "id" : 18,
      "name" : "Drama"
    }, {
      "id" : 10749,
      "name" : "Romance"
    }, {
      "id" : 35,
      "name" : "Comedy"
    } ]
  }, {
    "id" : 155893,
    "title" : "Halimaw",
    "overview" : "",
    "genres" : [ {
      "id" : 27,
      "name" : "Horror"
    } ]
  }, {
    "id" : 155898,
    "title" : "Mother 007",
    "overview" : "Nina Wenzel used to be an undercover agent. After her sister's death five years ago Nina gets child custody of the three orphans and quits her dangerous job. In her new family-life she manages to retain some of her skills. When Wolf Geiger, the last person Nina imprisoned, escapes, Nina's old skills are needed again.",
    "genres" : [ {
      "id" : 10770,
      "name" : "TV Movie"
    }, {
      "id" : 35,
      "name" : "Comedy"
    }, {
      "id" : 10751,
      "name" : "Family"
    } ]
  }, {
    "id" : 155908,
    "title" : "King Thrushbeard",
    "overview" : "King Thrushbeard",
    "genres" : [ {
      "id" : 10751,
      "name" : "Family"
    }, {
      "id" : 14,
      "name" : "Fantasy"
    } ]
  }, {
    "id" : 155918,
    "title" : "Cynga",
    "overview" : "",
    "genres" : [ ]
  }, {
    "id" : 155953,
    "title" : "The Blot",
    "overview" : "Professor Griggs, teaching at the college, doesn't get paid a living wage; his next door neighbor, successful shoemaker Olsen, has money and plentiful food, while the Griggses have hardly any. When the professor's rich student Phil West falls for beautiful Griggs daughter Amelia and also befriends the poor Reverend Gates (a young man who is also in love with Amelia), he observes the difference in his life and theirs and tries to help make a difference.",
    "genres" : [ {
      "id" : 18,
      "name" : "Drama"
    } ]
  }, {
    "id" : 155968,
    "title" : "Salt of the Black Earth",
    "overview" : "During the 1920 Silesian uprising, seven brothers take part in the struggle with the Germans to keep the region in the Polish hands.",
    "genres" : [ ]
  }, {
    "id" : 155973,
    "title" : "Aan: Men at Work",
    "overview" : "Crime is at its highest peak in Mumbai with it split in three ways. Walia has one-third, Manik Rao has one-third and Roshni has a third of the Mumbai territory. The crime rate rises with more smuggling, trading and illegal activities soaring.",
    "genres" : [ {
      "id" : 28,
      "name" : "Action"
    }, {
      "id" : 80,
      "name" : "Crime"
    }, {
      "id" : 18,
      "name" : "Drama"
    } ]
  }, {
    "id" : 155988,
    "title" : "The Men Who Made the Movies: Alfred Hitchcock",
    "overview" : "A look at Alfred Hitchcock's films. The Master of Suspense himself, who is interviewed extensively here, shares stories including his deep-seated fear of policemen, elaborates on the difference between shock and suspense, defines the meaning of \"MacGuffin,\" and discusses his use of storyboarding in designing a film. Clips from many of his greatest films (including \"North by Northwest\", \"Shadow of a Doubt\", \"The Birds\", and the legendary shower scene from \"Psycho\") illustrate his points, often to Hitchcock's own voice-over observations, with narrator Cliff Robertson offering other critical insights.",
    "genres" : [ ]
  }, {
    "id" : 155993,
    "title" : "The Young Eagles",
    "overview" : "1918. Thousands of volunteers hurry to defend a nascent Republic of Estonia against the advancing enemy from East and South-East. Among others three brave young men - a student, a blacksmith and a farmhand - enlist to the Estonian People's Army. Three of them go scouting together and shoulder by shoulder they fight in battle. With strenuous effort the enemy's overwhelming contingent is pushed back. The farmhand falls as a hero, while the battle-hardened blacksmith and the student return home. The reconstruction of the young republic begins.",
    "genres" : [ {
      "id" : 18,
      "name" : "Drama"
    }, {
      "id" : 10752,
      "name" : "War"
    }, {
      "id" : 10749,
      "name" : "Romance"
    } ]
  }, {
    "id" : 155998,
    "title" : "Learn to Sign 1",
    "overview" : "Sing &amp; Sign features Rachel Coleman signing thirteen of the most popular Signing Time songs from beginning to end. You'll have lots of fun while you learn the ASL concepts in each song.",
    "genres" : [ ]
  }, {
    "id" : 156008,
    "title" : "Keep Away from the Window",
    "overview" : "",
    "genres" : [ ]
  }, {
    "id" : 156013,
    "title" : "Road Ends",
    "overview" : "Real estate agent Maceda (Chris Sarandon) once testified against drug trafficker Orosco (Miguel Najera). Now Orosco is out of prison, and Maceda has a problem. He flees, hiding out at a near-vacant California Central Valley inn where innkeeper Kat (Mariel Hemingway) is happy to have him sign the register. His presence, however, arouses the suspicions of lone cop Gilchrist (Dennis Hopper). Meanwhile, Fed agent Gere (Peter Coyote) hopes to track Maceda before Orosco's thugs pick up the scent.",
    "genres" : [ {
      "id" : 53,
      "name" : "Thriller"
    } ]
  }, {
    "id" : 156018,
    "title" : "Boney M: The Greatest Hits",
    "overview" : "Compilation demonstrating the sequined glamour and diaphanous disco genius that was Boney M. Features 'Rivers of Babylon' and 'Rasputin'.",
    "genres" : [ {
      "id" : 10402,
      "name" : "Music"
    } ]
  }, {
    "id" : 156033,
    "title" : "O Diário de Tati",
    "overview" : "",
    "genres" : [ ]
  }, {
    "id" : 156053,
    "title" : "Parni Valjak ‎– 25 Godina",
    "overview" : "Concert of croatian band Parni Valjak on 25th aniversary.",
    "genres" : [ {
      "id" : 10402,
      "name" : "Music"
    } ]
  }, {
    "id" : 156063,
    "title" : "Off the Charts: The Song-Poem Story",
    "overview" : "Like a warped fun-house mirror, the song-poem industry has run parallel to the mainstream music business for close to a century; it's estimated that over 200,000 song-poems have been recorded since 1900. The genre's durability can be traced to three of our deepest American desires - to be in show business, to get rich quick, and to share and express our deepest feelings. We meet several of the \"songwriters\" - from an elderly woman to a young African-American man to a small-town Iowan with big-time dreams - each of whom has been in the \"business\" for awhile, churning out odd compositions that cover the waterfront of American obsessions, from Jesus to genitalia, from politics to Elvis. We also meet the producers (often known as song-sharks) who hold out the tantalizing promise of fame to their eager customers, and the has-been musicians who sit in studios, day after day and year after year...",
    "genres" : [ {
      "id" : 99,
      "name" : "Documentary"
    } ]
  }, {
    "id" : 156068,
    "title" : "Mark of the Witch",
    "overview" : "A 300-year-old witch terrorizes a college town to get revenge on the descendant of the man who persecuted her.",
    "genres" : [ {
      "id" : 27,
      "name" : "Horror"
    } ]
  } ]
}