{
  "movies" : [ {
    "id" : 326128,
    "title" : "Booze Boys and Brownies",
    "overview" : "An aspiring actress navigates the musically comedic underbelly of Hollywood in search of fame fortune (boys) and herself. Hint: she finds one.",
    "genres" : [ ]
  }, {
    "id" : 326133,
    "title" : "Crushed Lives - Il sesso dopo i figli",
    "overview" : "With humor and wit, Crushed Lives – Sex or Kids? takes on the probing but taboo question: what happens to our sex lives after children? New father Saverio films a documentary to get to the bottom of this matter after an uninspired sex session with his wife. Interviewing couples at various stages of parenthood, Saverio unearths the fear and anxieties that seem to universally plague his peers as they collectively experience the quiet devastation of a dying bedroom. Honing in on this seldom fully explored theme of adulthood, director Alessandro Colizzi brings us on a sincere and funny journey into life encumbered by children and the fainting sexual imagination that seems to go with it. - Vivian Yuen",
    "genres" : [ {
      "id" : 18,
      "name" : "Drama"
    }, {
      "id" : 35,
      "name" : "Comedy"
    } ]
  }, {
    "id" : 326143,
    "title" : "Sikandar",
    "overview" : "The film begins after Alexander the Great (Sikander in Hindi/Urdu) conquers Persia and the Kabul valley and approaches the Indian border at Jhelum. Sohrab Modi plays the Indian king Puru (Porus to the Greeks).  The story goes that when Sikander defeated Porus and imprisoned him, he asked Porus how would he like to be treated. Porus replied the same way a defeated king is treated by the winner (meaning killed).",
    "genres" : [ {
      "id" : 10752,
      "name" : "War"
    }, {
      "id" : 18,
      "name" : "Drama"
    }, {
      "id" : 36,
      "name" : "History"
    } ]
  }, {
    "id" : 326148,
    "title" : "Doraemon Comes Back",
    "overview" : "A short film released in 1998 between Nobita's Great Adventure in the South Seas and The Great Operating of Springing Insects.  About Doraemon leaving Nobita to go back to the future.",
    "genres" : [ ]
  }, {
    "id" : 326153,
    "title" : "Malli Malli Idhi Rani Roju",
    "overview" : "Raja Ram(Sharwananad) is an aspiring young athlete who lives with his single mother. During one of his sporting events, he comes across a burkha clad Muslim girl named Nazeera(Nithya Menen) and falls head over heels for her eyes. He chases her and eventually the couple fall in love with each other.  Twist in the tale arises when shocking incidents occur in both their lives and the couple get separated. What is that incident ? How did it change their life ? Will they ever meet each other again ? To know the answers to these questions, you need to watch the film on the big screen.",
    "genres" : [ {
      "id" : 10749,
      "name" : "Romance"
    }, {
      "id" : 35,
      "name" : "Comedy"
    } ]
  }, {
    "id" : 326158,
    "title" : "Fedora",
    "overview" : "",
    "genres" : [ ]
  }, {
    "id" : 326163,
    "title" : "Eunice",
    "overview" : "Moments in four different years in the lives of the Harper family beginning with 1955 as a hopeful Eunice prepares to go to a party, and her brother Phillip, a recent college graduate, departs for New York In 1963, a married Eunice and her husband Ed Higgins help Mama welcome novelist Phillip home for a visit. In 1973, a divorced Eunice is living with Mama. In 1978, Eunice, Ellen, and Phillip return from Mama's funeral and Eunice makes a painful realization about her life.",
    "genres" : [ ]
  }, {
    "id" : 326173,
    "title" : "Anestesia",
    "overview" : "",
    "genres" : [ {
      "id" : 18,
      "name" : "Drama"
    } ]
  }, {
    "id" : 326178,
    "title" : "Meine Tochter Anne Frank",
    "overview" : "",
    "genres" : [ {
      "id" : 18,
      "name" : "Drama"
    } ]
  }, {
    "id" : 326183,
    "title" : "Il vedovo allegro",
    "overview" : "",
    "genres" : [ {
      "id" : 18,
      "name" : "Drama"
    } ]
  }, {
    "id" : 326188,
    "title" : "Kyuu BondS",
    "overview" : "",
    "genres" : [ {
      "id" : 35,
      "name" : "Comedy"
    } ]
  }, {
    "id" : 326193,
    "title" : "Tiempo sin aire",
    "overview" : "",
    "genres" : [ {
      "id" : 18,
      "name" : "Drama"
    } ]
  }, {
    "id" : 326198,
    "title" : "Nothing in Return",
    "overview" : "One summer, Dario flees the hellish environment of his home. Luismi, unconditional friend, a poor devil with pretensions of winning, and Antonia, an old woman who collects abandoned his motorcar furniture, become his new family. Three generations living together in a city too big to be alone.",
    "genres" : [ {
      "id" : 18,
      "name" : "Drama"
    } ]
  }, {
    "id" : 326203,
    "title" : "Suamiku, Encik Perfect 10!",
    "overview" : "Aleeya Azmeen willingly went to London with her boyfriend five years ago only to get dumped by him in the end. Things became worse when she was thrown out of London's college. Left with nothing, she had no choice but to return to Malaysia. But how will she explain what has happened to her family and friends? A fated meeting at Heaththrow airport with Zariel Daniel, who is willing to become Aleeya's fake husband for a week, leads to many dramatic and hilarious situations.",
    "genres" : [ {
      "id" : 18,
      "name" : "Drama"
    }, {
      "id" : 10749,
      "name" : "Romance"
    } ]
  }, {
    "id" : 326208,
    "title" : "Der Liebe entgegen",
    "overview" : "",
    "genres" : [ {
      "id" : 12,
      "name" : "Adventure"
    }, {
      "id" : 18,
      "name" : "Drama"
    } ]
  }, {
    "id" : 326213,
    "title" : "Climate Change: Our Planet - The Arctic Story",
    "overview" : "In the far North, in the late fall, at a time of year when it should be covered with ice, the sea remains frozen along the coast of Greenland. Glaciers are melting and shedding chunks of ice that are scattered across the ocean surface. The animals inhabiting the land and water are threatened by warming temperatures and loss of sea ice. Climate change is fundamentally altering the natural environment of Greenland and affecting the lives of its wildlife and indigenous people. Greenlanders, who have survived for generations by hunting, are now losing their prey and their traditional way of life. They are facing the stark reality of a warming climate and are trying to adapt. Until now, the Inuit people who were born in Greenland and know only their traditional life of hunting, have never thought of a different place, a different life, a different future. But now they must face the possibility of losing their ancient traditions and their prey along with the disappearing ice.",
    "genres" : [ {
      "id" : 99,
      "name" : "Documentary"
    } ]
  }, {
    "id" : 326218,
    "title" : "Intervista a Salvador Allende: La forza e la ragione",
    "overview" : "An interview with the president of Chile, conducted by Roberto Rossellini.",
    "genres" : [ {
      "id" : 99,
      "name" : "Documentary"
    } ]
  }, {
    "id" : 326223,
    "title" : "Les chefs-d'oeuvre de Bébé",
    "overview" : "A child painter sells one of his paintings to an adult who appears to be surprised.",
    "genres" : [ ]
  }, {
    "id" : 326228,
    "title" : "Brains Repaired",
    "overview" : "Depicts a doctor looking into his patient's brain and seeing a collection of hideous and grotesque figures.",
    "genres" : [ {
      "id" : 14,
      "name" : "Fantasy"
    }, {
      "id" : 35,
      "name" : "Comedy"
    } ]
  }, {
    "id" : 326233,
    "title" : "Le musée des grotesques",
    "overview" : "Animated short.",
    "genres" : [ ]
  }, {
    "id" : 326238,
    "title" : "Doraemon: The Day When I Was Born",
    "overview" : "A 2002 Japanese short anime film based on the popular manga and anime series, Doraemon. It premiered on March 9, 2002 in Japan on a bill with Doraemon: Nobita in the Robot Kingdom. The movie's original plot was written by Hiroshi Fujimoto and Motoo Abiko.",
    "genres" : [ ]
  }, {
    "id" : 326243,
    "title" : "The Happiest Place on Earth",
    "overview" : "A daycare teacher's dreams of a home and family of her own are threatened by the loss of her husband's newspaper job and his subsequent disappearance.",
    "genres" : [ {
      "id" : 9648,
      "name" : "Mystery"
    }, {
      "id" : 18,
      "name" : "Drama"
    } ]
  }, {
    "id" : 326248,
    "title" : "In the Company of Women",
    "overview" : "Down on his luck, a sophisticated ladies man agrees to take an unusual assignment escorting an older academic for an evening out. The night takes an unexpected turn as the two learn something about women they never knew.",
    "genres" : [ ]
  }, {
    "id" : 326253,
    "title" : "Marry Me",
    "overview" : "She is a quick-tempered and feisty Turkish woman; he, a shy and reticent, young Flemish man. Their respective families hold strong – perhaps too strong – opinions on the imminent marriage, and, on the big day, chaos ensues, making the young couple question their own readiness to commit to a union for life. Are their backgrounds really so different to tear them apart?",
    "genres" : [ {
      "id" : 10749,
      "name" : "Romance"
    }, {
      "id" : 35,
      "name" : "Comedy"
    } ]
  }, {
    "id" : 326258,
    "title" : "A Photographer's Journey",
    "overview" : "Though his story is largely unknown, Pedro E. Guerrero led a remarkable life photographing the work of some of the greatest artists in the world and as an integral part of the 1950s “Mad Men” advertising world. Guerrero grew up poor and the victim of segregation as a Mexican-American. But, when Guerrero was just 22, Frank Lloyd Wright took a look at his portfolio and made the spur-of-the-moment decision to hire him to photograph Taliesin West, Wright’s desert home. Guerrero rapidly became one of the most sought-after architectural photographers and, consequently, the era’s major interpreter of modernist architecture and sculpture. A Photographer’s Journey is as much a portrait of Guerrero as it is a panorama of the culture and art of his time. - Sandy Wolf",
    "genres" : [ ]
  }, {
    "id" : 326263,
    "title" : "Still Dreaming",
    "overview" : "Once a star on Broadway, always a star – at least that is what a group of feisty, humorous, and inspirational actors think as they embark on a journey to perform Shakespeare's 'A Midsummer Night's Dream' at their retirement home. With the help of two enthusiastic New York City theater directors who are not quite sure what awaits them, the troupe is formed among thespians whose skills and minds are not what they once were. As performance day nears, the tension mounts, with the actors battling to overcome crises, as well as themselves. But the show must go on and go on it does, with the troupe clinging to the hope of experiencing the magic and exuberance of performing on stage just one last time. - Sandy Wolf",
    "genres" : [ {
      "id" : 99,
      "name" : "Documentary"
    } ]
  }, {
    "id" : 326268,
    "title" : "The Trace",
    "overview" : "A member of a gang falls in love with the daughter of a rich father. As his gang pressures him to set up her father for a scam, the gang member must decide between love and loyalty.",
    "genres" : [ ]
  }, {
    "id" : 326273,
    "title" : "The Year We Thought About Love",
    "overview" : "With passion, wit, intelligence and attitude, an LGBTQ youth theater group creates a play about love in all its forms, while bonding together to make change in their own lives. With candor, they tell their stories through intimate interviews, entertaining and powerful clips of their self-written plays, and glimpse into their everyday lives. Members range from a transgender woman being kicked out of her home, to a runway model who likes men’s clothing, to an out gay man accepted unconditionally by his mother. The plays they write and perform are close to their experiences and not only provide catharsis but insight into what it means to be gay, lesbian, transgender, or just queer. It’s an inspirational work of art about the hardships one faces in realizing that they are different and the courage it takes to find the pride within that. – Nina Zheng",
    "genres" : [ ]
  }, {
    "id" : 326278,
    "title" : "VeggieTales: Noah's Ark",
    "overview" : "Noah and his family along with a zoo full of animals take an adventure aboard an orange slice ark. After 40 days and nights of rain, everyone's faith has been tested, and they're ready to jump ship. Will they chart a new course, or will they remember to trust God's promises? Grad your umbrellas and find out in this VeggieTales re-telling of the beloved Bible story!",
    "genres" : [ {
      "id" : 16,
      "name" : "Animation"
    }, {
      "id" : 10751,
      "name" : "Family"
    } ]
  }, {
    "id" : 326283,
    "title" : "Rosemary Conley - Shape Up & Salsacise",
    "overview" : "This is a highly motivational dance and toning programme that will burn fat and tone you up like no other fitness programme. The two Salsacise sections are tremendous fun as well as fabulous fat-burners - you can BURN UP TO 500 CALORIES in one session! And the two Ten Minute Tone Ups are designed to achieve maximum effect in minimum time. You'll love what this programme does for your body!",
    "genres" : [ ]
  }, {
    "id" : 326288,
    "title" : "Little Finger",
    "overview" : "Three small-time thugs from Warsaw's Praga district decide to celebrate a successful car theft in one of the city's Asian bars. They feel like kings of the world, but what they don't know yet is that the bartenders there are not to be messed with...A solid mix of wickedly funny psycho-drama and thrilling action.",
    "genres" : [ ]
  }, {
    "id" : 326293,
    "title" : "Alice in Marialand",
    "overview" : "Tonatiuh and Maria experience a passionate and turbulent relationship. One night, in the heat of an argument, they suffer a dramatic automobile accident. Tonatiuh is left in a coma, where he sees Alicia, his nurse, including her in his dreams about Maria. Time later, Alicia has an accident and suffers amnesia while Tonatiuh wakes up. One year later, Tonatiuh and Alicia meet  and an impossible love arouses from oblivion, haunted by the ghost of Maria's memories.",
    "genres" : [ ]
  }, {
    "id" : 326298,
    "title" : "Der schlechte Soldat Smith",
    "overview" : "",
    "genres" : [ {
      "id" : 18,
      "name" : "Drama"
    } ]
  }, {
    "id" : 326303,
    "title" : "Der neue Mann",
    "overview" : "",
    "genres" : [ {
      "id" : 18,
      "name" : "Drama"
    } ]
  }, {
    "id" : 326308,
    "title" : "Tom and Jerry Tales, Vol. 2",
    "overview" : "",
    "genres" : [ {
      "id" : 16,
      "name" : "Animation"
    }, {
      "id" : 35,
      "name" : "Comedy"
    }, {
      "id" : 10751,
      "name" : "Family"
    } ]
  }, {
    "id" : 326313,
    "title" : "Kayıp Aşıklar",
    "overview" : "The sotry of a young couple has changed with a man came to town, who is a part of the town's history.",
    "genres" : [ {
      "id" : 10770,
      "name" : "TV Movie"
    }, {
      "id" : 18,
      "name" : "Drama"
    } ]
  }, {
    "id" : 326318,
    "title" : "Otosan no Backdrop",
    "overview" : "",
    "genres" : [ {
      "id" : 35,
      "name" : "Comedy"
    }, {
      "id" : 18,
      "name" : "Drama"
    } ]
  }, {
    "id" : 326323,
    "title" : "Kannodu Kanbathellam",
    "overview" : "The film was initially planned by debutant Prabhu Solomon to feature Raghuvaran and Bhanupriya in the leading roles, though the producers Anabalaya Films were reluctant to cast a character artiste in the lead role. Prabhu revealed he met Arjun at the insistence of his producer and actively tried to make a poor impression. Arjun, nonetheless, was keen and worked on the film",
    "genres" : [ {
      "id" : 10749,
      "name" : "Romance"
    }, {
      "id" : 18,
      "name" : "Drama"
    } ]
  }, {
    "id" : 326333,
    "title" : "Liza, the Fox-Fairy",
    "overview" : "Liza's a nurse, seeking love. Her only company is a long-dead Japanese pop star, who turns her into a fox-fairy out of jealousy. Now, every men who desires Liza shall die horribly. Can she overcome the curse?",
    "genres" : [ {
      "id" : 35,
      "name" : "Comedy"
    }, {
      "id" : 14,
      "name" : "Fantasy"
    }, {
      "id" : 10749,
      "name" : "Romance"
    } ]
  }, {
    "id" : 326338,
    "title" : "Absentees",
    "overview" : "The story follows the sporadic reunions of six friends during the seven year period of their integration into society. The reunions take place on their ancestral island, the setting of their common past. Every time they return \"home\" they carry with them the results of their personal choices. They also carry with them the effects of modern Greek society, a society the slowly but surely changes them, weathering their relationships, until they gradually lose contact with each other. The end of this epoch, will find them dispersed, confronting the dawn of an era where the pursuit of individual ambitions reigns.",
    "genres" : [ {
      "id" : 18,
      "name" : "Drama"
    } ]
  }, {
    "id" : 326343,
    "title" : "Million Dollar Ransom",
    "overview" : "To stop his mother from marrying a man he doesn't like, a young millionaire hires an ex-con help him fake his own kidnaping.",
    "genres" : [ {
      "id" : 18,
      "name" : "Drama"
    } ]
  }, {
    "id" : 326348,
    "title" : "Gachiban III",
    "overview" : "",
    "genres" : [ {
      "id" : 18,
      "name" : "Drama"
    }, {
      "id" : 28,
      "name" : "Action"
    } ]
  }, {
    "id" : 326353,
    "title" : "Expedition in die Tiefsee",
    "overview" : "More than two -thirds of the earth's surface is covered by water , and especially the deep sea is still only poorly understood . What animals there are down there , what life is all possible in the extreme environment of submarine volcanoes and black smoke ? To find out, has Robert Ballard, an explorer in residence at the National Geographic Society , made ​​several expeditions to the bottom of the ocean with submersibles and robots. Oceanographer became famous in 1985 by the  Discovery of \" Titanic.\" Now he examined with the latest technology tectonic zones off Hawaii and the Mediterranean , where , among other things the active volcano \" Kolumbos \" near the Aegean island of Santorini. His conclusion: \" The one must keep in mind. \"",
    "genres" : [ {
      "id" : 99,
      "name" : "Documentary"
    } ]
  }, {
    "id" : 326358,
    "title" : "C'est bon pour la morale",
    "overview" : "Short film.",
    "genres" : [ ]
  }, {
    "id" : 326368,
    "title" : "Cleopatra",
    "overview" : "Cleopatra situates itself in the same relationship to Hollywood as the Warhol/Morrisey films of the period. It corresponds to Joseph Mankiewicz's 1963 Cleopatra, starring Elizabeth Taylor and Richard Burton which Auder's cast watched and used as the starting point for scene by scene improvisation Auder drew his cast from Warhol's ensemble – including not only Viva and Louis Waldon, but also Taylor Mead, Ondine, Andrea Feldman, Gerard Melanga and others.",
    "genres" : [ ]
  }, {
    "id" : 326373,
    "title" : "Vier muren",
    "overview" : "Film essay about the slums of 1960's Amsterdam.",
    "genres" : [ ]
  }, {
    "id" : 326378,
    "title" : "Hard Candy 4",
    "overview" : "Heavily Awarded director, Robby D. offers fans this tasty tribute to young girls and their innocent excitement as they discover sex and the mind-blowing enjoyment of their first orgasm! Hard Candy 4 is a fetish movie for every fan of hot girls in need of a proper sexual education. These sweet girls are looking for a big cock to help teach them a thing or two. Gabriella Fox tries to clean away her dirty thoughts in the shower, but her filthy ambitions soon have her riding Scott Nails. After school activities for Gabriella, Jessie, Allyssa, Zeina, and Heather consist of wet blowjobs and hardcore poundings!",
    "genres" : [ ]
  }, {
    "id" : 326383,
    "title" : "A Convenient Truth",
    "overview" : "A documentary crew follows California assemblyman, Coleman Burleson, as he presents his plan to cure the climate crisis, energy issues, unemployment, illegal immigration, obesity, our dependence on foreign oil, and more with one unprecedented solution - to hire undocumented workers to ride bicycles that generate electricity in his factory.",
    "genres" : [ ]
  }, {
    "id" : 326388,
    "title" : "Kniven i hjertet",
    "overview" : "",
    "genres" : [ {
      "id" : 18,
      "name" : "Drama"
    } ]
  }, {
    "id" : 326393,
    "title" : "B-Side Studio",
    "overview" : "Despite Felix's get-rich-quick schemes, it seems that their Chicago recording studio is never going to reach the heights of success that the once-promising McNamara brothers always dreamed of. When Felix decides to use the studio to record \"Song Poems\" with the help of their assistant Janice and in-house musicians Butch and Marvin, there might be hope yet to save the studio. They just have to convince Lady, the overbearing trophy wife of their absentee landlord.",
    "genres" : [ ]
  }, {
    "id" : 326398,
    "title" : "Goin' with the Flo",
    "overview" : "An abused wife, who is in denial, has become pregnant. So now, she has someone else's safety to consider. Her college-age daughter and her best friend encourage her to act, but still she hesitates.",
    "genres" : [ ]
  }, {
    "id" : 326403,
    "title" : "Moya",
    "overview" : "The Holechek Brothers (David &amp; Daniel) together with Philosophy In Motion LLC &amp; Solare Entertainmen present 'Moya', a clean cut ganster murder action short film with great cinematic style and brilliant acting, cast and script. A short bite with great potentical for a feature film. The synopsis: Marc treads hesitantly down a path of sin, seeking control over his increasingly changing world. He seeks comfort in the arms of Natalia, a beautiful young woman on the run from her past. Little does he know his actions will lead to an explosive confrontation that quickly turns deadly. Marc is witness to a brutal attack and a cold-blooded murder. Now he has to find the strength to make the right decision between what is safe and what is right.",
    "genres" : [ ]
  }, {
    "id" : 326408,
    "title" : "The Mutant Diaries: Unzipping My Genes",
    "overview" : "How far would you go to save your life? Superpowers stem from incredible sacrifices in 'The Mutant Diaries: Unzipping My Genes', a feisty and frank solo musical from performer/composer Eva Moon. Upon learning she had the BRCA genetic mutation, which spikes the risk of breast cancer to 87% and ovarian cancer to 55%, Moon had to make a life-altering choice: remove her healthy breasts and ovaries or face terrifying odds of cancer. Live music, warmth and generous amounts of humor are all expertly woven in this story of her decision -- and the extraordinarily empowering results of that choice. The Mutant Diaries: Unzipping My Genes - a musical about telling cancer to take a hike - was filmed live on stage at Rogue Machine Theatre in Los Angeles.",
    "genres" : [ ]
  }, {
    "id" : 326413,
    "title" : "Dorami-chan: Hello, Dynosis Kids",
    "overview" : "A japanese Doraemon film featuring Doraemon's sister Dorami-chan as the star.",
    "genres" : [ {
      "id" : 35,
      "name" : "Comedy"
    }, {
      "id" : 16,
      "name" : "Animation"
    } ]
  }, {
    "id" : 326418,
    "title" : "Deranged High",
    "overview" : "A surreal satirical comedy based on the lives of teachers &amp; students where chaos evolves all in one day.",
    "genres" : [ ]
  }, {
    "id" : 326423,
    "title" : "Barbershop: The Next Cut",
    "overview" : "It’s been more than 10 years since our last appointment at Calvin’s Barbershop. Calvin and his longtime crew, including Eddie, are still there, but the shop has undergone some major changes. Most noticeably, our once male-dominated sanctuary is now co-ed. The ladies bring their own flavor, drama and gossip to the shop challenging the fellas at every turn. Despite the good times and camaraderie within the shop, the surrounding community has taken a turn for the worse, forcing Calvin and our crew to come together to not only save the shop, but their neighborhood.",
    "genres" : [ {
      "id" : 35,
      "name" : "Comedy"
    } ]
  }, {
    "id" : 326428,
    "title" : "A Gum Boy",
    "overview" : "Nobody in a class loves ‘Kuchao’ who cannot live without.  .  .  gum.  When all [his] classmates fly their balloons, he wouldn’t let his go.  After school, on his way home, he gets to his own imaginary world with a bubble gum.  His balloon turns to be a face and to many things as he chews [his] gum. His imagination doesn’t stop flying.  Then comes a bird.  .  .",
    "genres" : [ {
      "id" : 16,
      "name" : "Animation"
    } ]
  }, {
    "id" : 326433,
    "title" : "Manjina Hani",
    "overview" : "Directed by V. Ravichandran",
    "genres" : [ ]
  }, {
    "id" : 326438,
    "title" : "Onkel Albin",
    "overview" : "For a long time he simply was my father's brother; Uncle Albin. As a child I spent many holidays with my father on Albin's farm. My father died early. My visits to Albin didn't stop. Albin looks like my father, Albin has the same blood and he still lives where my father was born. One day I brought a camera along. I didn't just capture memories but found an untainted vitality, a lust for life that maybe my father lacked: A will to survive in his very own and often unexpected way. It's the wry poetry that surrounds him and his farm that fascinates me and that I want to breathe in as long as he lives.",
    "genres" : [ ]
  }, {
    "id" : 326443,
    "title" : "Refuge In Music",
    "overview" : "Directed by  Dorothee Binding.",
    "genres" : [ ]
  }, {
    "id" : 326448,
    "title" : "Shira Baam",
    "overview" : "The film describes the quiet revolution the Jerusalem Ketovet Group generates in order to bring back the relevance and usefulness of poetry in our life in general and in Jerusalem, Israel, in particular. By rich and fascinating visual means, the film makes it possible to experience poetry in a different way and more approachable to the general public. The film describes the cultural awakening taking place in recent years in the center of Jerusalem, which had been neglected physically and culturally before. after four years of activity, it seems their vision is still far from reality. The activities of the group comes to a climax in the production of the first poetry festival 'One Square Meter' in the Jerusalem outdoors Market. Will the audience come?",
    "genres" : [ ]
  }, {
    "id" : 326453,
    "title" : "Tanya Hyde's Preach to the Perverted",
    "overview" : "Tanya Hyde is back with gorgeous girls in stunning latex clad outfits. This film has it all - sex slaves galore, queening chairs and plenty of girly assholes! Welcome to Preach to the Perverted!",
    "genres" : [ ]
  }, {
    "id" : 326458,
    "title" : "Driven to Race",
    "overview" : "Shot across the United States and Canada, this feature-length documentary follows young male and female drivers from around the world as they compete for the one thing that will move them up the ladder to a career in professional racing.",
    "genres" : [ ]
  }, {
    "id" : 326463,
    "title" : "The Quest for Local Honey",
    "overview" : "The Quest Is obviously for and with the honey bees. We think it's everyone's bzzness to pay attention to what's happening in the hive these days. The bees are whispering quite loudly and we are on a quest to pay attention, document our efforts &amp; share them with the world. Follow the Quest's Northern California journey as they discover how humans are working hand in wing with the bees to raise awareness of the honey bee and create locally focused circles of community while keeping the health of the honey and hive alive. They discover pollination projects, inspired beekeepers of all kinds, community grown Bee-Positive efforts celebrating the honey bee and of course, everyone's local honey! The Quest is on!",
    "genres" : [ ]
  }, {
    "id" : 326468,
    "title" : "Von jetzt an kein Zurück",
    "overview" : "Germany, 1967. Ruby &amp; Martin, a young couple, are rehearsing their uprising. The price is high: expulsion from school, parental violence, and ultimately institutionalization. But they are ready to take on the cause of love.",
    "genres" : [ {
      "id" : 10751,
      "name" : "Family"
    }, {
      "id" : 18,
      "name" : "Drama"
    }, {
      "id" : 36,
      "name" : "History"
    } ]
  }, {
    "id" : 326473,
    "title" : "Brando",
    "overview" : "A short film about unfulfilled masochistic desire with a score by Scott Walker &amp; Sunn O))).",
    "genres" : [ ]
  }, {
    "id" : 326478,
    "title" : "Kobe: The Interview",
    "overview" : "The hour-long documentary is a portrait of a basketball artist as an older man. In a longform discussion, Bryant and Ahmad Rashad walk back through Kobe's career, examining all the twists and turns that have led Kobe to where he stands today.",
    "genres" : [ {
      "id" : 99,
      "name" : "Documentary"
    } ]
  }, {
    "id" : 326483,
    "title" : "Destinea, Our Island",
    "overview" : "A woman is stranded on a deserted island with her sister's husband. Together, they must fight for their lives and against the basic laws of human nature.",
    "genres" : [ ]
  }, {
    "id" : 326488,
    "title" : "At Any Cost",
    "overview" : "Two brothers and their best friend start a rock band and try to make it big in Los Angeles.",
    "genres" : [ {
      "id" : 18,
      "name" : "Drama"
    } ]
  }, {
    "id" : 326498,
    "title" : "Funtoosh",
    "overview" : "Bollywood 1956",
    "genres" : [ ]
  }, {
    "id" : 326508,
    "title" : "Morte all'orecchio di Van Gogh",
    "overview" : "Part of Piero Bargellini's Lost Cinema.",
    "genres" : [ ]
  }, {
    "id" : 326513,
    "title" : "The Pig's Eclipse",
    "overview" : "Animated short by Tatu Pohjavirta",
    "genres" : [ ]
  }, {
    "id" : 326523,
    "title" : "Live from the Moon",
    "overview" : "Over forty years ago man first set foot on a body other than Earth, a milestone event in human history shared by millions back home on television.  From the first grainy black and white TV pictures of Apollo 7 to the glorious color finale of Apollo 17, this is the incredible tale of mankind's greatest adventure and how it was shared with the world.",
    "genres" : [ {
      "id" : 99,
      "name" : "Documentary"
    } ]
  }, {
    "id" : 326528,
    "title" : "Mozart Requiem - Claudio Abbado & Lucerne Festival Orchestra",
    "overview" : "Mozart did not write the Requiem as despairing funeral music for his impending death. Rather, the piece proclaims eternal light and redemption. Together with a first-class quartet of soloists, the choirs of the Bavarian and Swedish radios and the distinguished musicians of the Lucerne Festival Orchestra, Claudio Abbado uncovers this more hopeful and forgiving essence of the Requiem",
    "genres" : [ {
      "id" : 10402,
      "name" : "Music"
    } ]
  }, {
    "id" : 326533,
    "title" : "Ohnsorg-Theater - Großwildjagd",
    "overview" : "A comedy directed by Hans Timmermann and Sigmar Börner.",
    "genres" : [ {
      "id" : 35,
      "name" : "Comedy"
    } ]
  }, {
    "id" : 326538,
    "title" : "Biba Boerderij Deel 2",
    "overview" : "",
    "genres" : [ ]
  }, {
    "id" : 326543,
    "title" : "The End of the World Begins with One Lie",
    "overview" : "\"I deconstructed Flaherty’s film. Rearranged the order and changed the context of his scenes and used the music in many different ways even rearranging the music. His film gives the narrative structure to my film. Without it I could not have made The End Of The World Begins With A Lie. The End Of The World Begins With A Lie is about history. It is about the lie’s that we have been told and are continually being told in order to sell an ideology and material goods that we all want and need.\"",
    "genres" : [ {
      "id" : 99,
      "name" : "Documentary"
    } ]
  }, {
    "id" : 326548,
    "title" : "Bassie & Adriaan - Op Reis Door Europa Deel 2",
    "overview" : "",
    "genres" : [ ]
  }, {
    "id" : 326553,
    "title" : "Keith Robinson: Back of the Bus Funny",
    "overview" : "Robinson finds the funny in everything from politics, music and pop culture to growing up in South Philly.",
    "genres" : [ {
      "id" : 35,
      "name" : "Comedy"
    } ]
  }, {
    "id" : 326558,
    "title" : "Bassie & Adriaan - Op Reis Door Europa Deel 6",
    "overview" : "",
    "genres" : [ ]
  }, {
    "id" : 326563,
    "title" : "Bassie & Adriaan - Alle Liedjes Uit Grootmoeders Tijd",
    "overview" : "",
    "genres" : [ ]
  }, {
    "id" : 326568,
    "title" : "Bassie & Adriaan - Op Reis Door Amerika Deel 1",
    "overview" : "",
    "genres" : [ ]
  }, {
    "id" : 326573,
    "title" : "Bassie & Adriaan - Op Reis Door Amerika Deel 4",
    "overview" : "",
    "genres" : [ ]
  }, {
    "id" : 326578,
    "title" : "Bassie & Adriaan - En De Huilende Professor",
    "overview" : "",
    "genres" : [ ]
  }, {
    "id" : 326583,
    "title" : "Bassie & Adriaan - Lachspektakelshow",
    "overview" : "",
    "genres" : [ ]
  }, {
    "id" : 326588,
    "title" : "Bassie & Adriaan - Het Geheim van De Schatkaart Deel 2",
    "overview" : "",
    "genres" : [ ]
  }, {
    "id" : 326593,
    "title" : "G.I. Joe: Initiate",
    "overview" : "An elite G.I. Joe team confronts a Cobra force in Springfield, USA to rescue a comrade and deal with a traitor.",
    "genres" : [ {
      "id" : 53,
      "name" : "Thriller"
    }, {
      "id" : 28,
      "name" : "Action"
    } ]
  }, {
    "id" : 326598,
    "title" : "Tragedy of W",
    "overview" : "When she wins a small supporting role in a play, a young actress is disappointed, but fate tempts her with another shot at stardom.",
    "genres" : [ {
      "id" : 18,
      "name" : "Drama"
    } ]
  }, {
    "id" : 326603,
    "title" : "James Last: Gentleman of Music",
    "overview" : "Recorded live at his Bayreuth concert in Germany, in front of an adoring and fiercely loyal audience, this concert was the climax of Last's 2000 orchestra and choir tour. This programme captures one of the greatest phenomena of orchestral entertainment and features traditional James Last favourites - Don't Cry For Me Argentina, My Way, and the legendary \"a go-go\" arrangements of chart topping pop songs from The Beatles to the theme from Titanic, My Heart Will Go On. This programme is essential viewing for an entire generation of music lovers, illustrating the very specific and unique James Last style.",
    "genres" : [ {
      "id" : 10402,
      "name" : "Music"
    } ]
  }, {
    "id" : 326608,
    "title" : "Blind Is Beautiful",
    "overview" : "",
    "genres" : [ {
      "id" : 18,
      "name" : "Drama"
    } ]
  }, {
    "id" : 326618,
    "title" : "On prend la pilule et on s'éclate",
    "overview" : "",
    "genres" : [ ]
  }, {
    "id" : 326623,
    "title" : "Anarchy, U.S.A.",
    "overview" : "A remarkable examination of the forces behind the Civil Rights Movement in 1960’s America. Drawing parallels between successful communist insurrections in China, Cuba, and Algeria; “Anarchy USA” attempts to convince its audience that revolutionary communism was using the noble fight for civil rights to foment racial tension and overthrow the US government. A treasure trove of rare archival footage from America’s most traumatic period of social upheaval. Featuring Ahmed Ben Bally, Julia Brown, Charles De Gaulle, Martin Luther King. (DVD blurb)",
    "genres" : [ {
      "id" : 99,
      "name" : "Documentary"
    } ]
  }, {
    "id" : 326628,
    "title" : "Hempfest: No Prison for Pot",
    "overview" : "The \"Homegrown\" documentary DVD about the world's largest pot rally...the Seattle Hempfest.",
    "genres" : [ {
      "id" : 99,
      "name" : "Documentary"
    } ]
  }, {
    "id" : 326633,
    "title" : "Frank Zappa - Freak Jazz, Movie Madness & Another Mothers",
    "overview" : "After disbanding the original Mothers of Invention in '69, Frank Zappa unleashed a second incarnation of the band by '70. This film focuses on the sophomore Mothers and this often-overlooked period in Zappa's career. Featuring rare footage, exclusive interviews, and contributions from many who worked with him, which all at once provide for the first film to tackle this phase in the Zappa legend",
    "genres" : [ ]
  }, {
    "id" : 326638,
    "title" : "Warren Miller's White Winter Heat",
    "overview" : "Turn up the heat this winter and catch fire with some of the most extreme skiers of the time as they burn up the slopes. Featuring skiers and riders like Scot Schmidt, Tom Day, Cindy Nelson, Tom Jungst, plus many more, Warren Miller's White Winter Heat takes you on an adventure to places like Kooteney National Park in Canada, Verbier Switzerland, New Zealand, and Vail. Grab your skis and find out how to scorch up the slopes even during the coldest, snowiest winter days.",
    "genres" : [ {
      "id" : 99,
      "name" : "Documentary"
    } ]
  }, {
    "id" : 326643,
    "title" : "Historical World Fairs New York Volume IV",
    "overview" : "In our fourth volume of great videos documenting world fairs we take you to the 1939 New York World's Fair- one of the largest world's fairs of all time- and the 1964/1965 New York World's Fair- the second World's Fair to be held at flushing Meadows Park. The first disc is a compilation of the \"World of Tomorrow\", from 1939 including the City of Light, Garden, Parade, Florida Building, Japanese Building and Lightning Fountains. This disc is a fascinating look at how the people of yesterday viewed their future. The second disc shows preparation, planning and construction for the 1965 World's Fair, under the imperious direction of the legendary Robert Moses. You then get a stunning tour of the fair and its star attractions.",
    "genres" : [ ]
  }, {
    "id" : 326648,
    "title" : "Faith and Fortune: The Reichmann Story",
    "overview" : "An epic tale of the rise and fall of one of the most religious, secretive and fascinating great Jewish families. The Reichmanns were ultra-Orthodox Jews who rose from humble origins to build the greatest real estate empire.",
    "genres" : [ ]
  }, {
    "id" : 326653,
    "title" : "Rostropovich: The Genius of the Cello",
    "overview" : "From John Bridcut",
    "genres" : [ {
      "id" : 10402,
      "name" : "Music"
    } ]
  }, {
    "id" : 326663,
    "title" : "Bar Talk",
    "overview" : "In a dusty Texas bar, a chatty stranger insists on striking up a conversation with the man sitting next to him. The more this out-of-towner talks, the more obvious it is he's not from 'round here. Heck, he's not even from this planet! Based on the short story by Joe R. Lansdale.",
    "genres" : [ ]
  }, {
    "id" : 326668,
    "title" : "Luna di miele",
    "overview" : "",
    "genres" : [ ]
  } ]
}