{
  "movies" : [ {
    "id" : 208838,
    "title" : "New Shadow Warriors III: Jiraika 1",
    "overview" : "Toyotomi Hideyori's married granddaughter, Princess Sen, is targeted by someone. Hattori Hanzo, who receives the news, challenges the blocking of conspiracy to recover Senhime.",
    "genres" : [ {
      "id" : 28,
      "name" : "Action"
    }, {
      "id" : 10752,
      "name" : "War"
    }, {
      "id" : 10769,
      "name" : "Foreign"
    }, {
      "id" : 18,
      "name" : "Drama"
    } ]
  }, {
    "id" : 208843,
    "title" : "Hanky-Panky Baby",
    "overview" : "3 friends look to solve their respective cash-flow problems by making an adult film together. As the cameras roll, however, the trio begin to sense that they may have more feelings for each other than they previously thought.",
    "genres" : [ {
      "id" : 35,
      "name" : "Comedy"
    } ]
  }, {
    "id" : 208853,
    "title" : "New Shadow Warriors V: Hattori Hanzo vs Onmyoji",
    "overview" : "In order to save the daughter of Kuroiwa clan lord who was made ill by the curse of someone, Hattori Hanzo brings the shadow warriors.",
    "genres" : [ {
      "id" : 28,
      "name" : "Action"
    }, {
      "id" : 18,
      "name" : "Drama"
    }, {
      "id" : 10769,
      "name" : "Foreign"
    }, {
      "id" : 80,
      "name" : "Crime"
    } ]
  }, {
    "id" : 208873,
    "title" : "The Virgo, the Taurus and the Capricorn",
    "overview" : "Distressed that her wayward husband, Gianni (Alberto Lionello), forsakes her favors and seduces a series of other women, drop-dead gorgeous Gioia (Edwige Fenech) turns to handsome lothario Patrizio (Ray Lovelock) to help her get revenge. Will her enthusiastic affair help Gianni see the error of his ways? Luciano Martino directs this saucy comedy that also stars Aldo Maccione, Alvaro Vitali and Olga Bisera.",
    "genres" : [ {
      "id" : 35,
      "name" : "Comedy"
    } ]
  }, {
    "id" : 208878,
    "title" : "The Road Taken",
    "overview" : "The movie is based upon the true story of Kim Seon-myung, a communist who steadfastly refuses to recant his beliefs and becomes the world's longest-serving political prisoner of conscience in South Korea. He undergoes torture, starvation and humiliation at the hands of his captors, yet says true freedom is being able to maintain your integrity and conscience.",
    "genres" : [ {
      "id" : 18,
      "name" : "Drama"
    }, {
      "id" : 36,
      "name" : "History"
    } ]
  }, {
    "id" : 208908,
    "title" : "Shadow Warriors: Hattori Hanzo",
    "overview" : "The tale takes place around 1650, after the death of the third Tokugawa shogun, when ronin were expelled from Edo, the military capital. During the political instability following the death of Iemitsu Tokugawa, Hanzo's Iga ninja clan battles against the Koga clan as various factions vie to seize power. The child shogun Ietsuna is kidnapped but turns out to be hidden under (or over) everyone's noses in a castle turret which is reinforced by a comic book villain, the fire-spitting black ninja. The good ninja has to get through all the traps & save the child.",
    "genres" : [ {
      "id" : 28,
      "name" : "Action"
    }, {
      "id" : 10752,
      "name" : "War"
    }, {
      "id" : 18,
      "name" : "Drama"
    } ]
  }, {
    "id" : 208913,
    "title" : "Invicta FC 6: Coenen vs. Cyborg",
    "overview" : "Invicta FC 6: Coenen vs. Cyborg was a mixed martial arts event held on 13th July 2013. The event will be headlined by Marloes Coenen vs Cristiane Santos to crown the first Invicta FC Featherweight Champion. It has been stated that the winner between Leslie Smith and Jennifer Maia will get a title shot against Flyweight Champion Barb Honchak",
    "genres" : [ ]
  }, {
    "id" : 208923,
    "title" : "Chain",
    "overview" : "As regional character disappears and corporate culture homogenizes our surroundings, it's increasingly hard to tell where you are. Actual malls, theme parks, hotels and corporate centers worldwide are joined into one \"superlandscape\" which shapes the lives of two women caught within it. One is a corporate executive, the other a young drifter.",
    "genres" : [ ]
  }, {
    "id" : 208928,
    "title" : "Weird Paul: A Lo Fidelity Documentary",
    "overview" : "An in depth look at a little known recording artist named Weird Paul. After releasing several homemade cassette albums in the late 80's, Paul finally became noticed and got a record deal with Homestead Records, one of the best indie labels at the time. See interviews with Paul, his family, friends, band-mates, musicians and label executives.",
    "genres" : [ {
      "id" : 99,
      "name" : "Documentary"
    } ]
  }, {
    "id" : 208933,
    "title" : "Mezzanotte d'amore",
    "overview" : "",
    "genres" : [ {
      "id" : 10749,
      "name" : "Romance"
    } ]
  }, {
    "id" : 208943,
    "title" : "Blackhats",
    "overview" : "\"blackhats\" is about a reformed, hot-tempered bounty hunter, whom, finds his new harmonious life as a Fugitive Recovery Agent threatened, when he must track down a group of cyber hackers before they are assassinated by a rival bounty hunter while also trying to prevent a massive viral attack that could collapse America’s economic foundation.",
    "genres" : [ {
      "id" : 28,
      "name" : "Action"
    }, {
      "id" : 18,
      "name" : "Drama"
    }, {
      "id" : 53,
      "name" : "Thriller"
    } ]
  }, {
    "id" : 208948,
    "title" : "Lisa Stansfield - Live at Ronnie Scotts",
    "overview" : "Tracklist\r 1  8-3-1  2  The Real Thing  3  So Natural  4  Make Love To Ya  5  Tenderly  6  Someday  7  Don't Explain  8  Can't Take That Away From Me  9  Didn't I?  10  Change  11  Live Together  12  Something Better  13  Face Up  14  All Woman  15  Never Never Gonna Give You Up  16  People Hold On  17  All Around The World",
    "genres" : [ {
      "id" : 10402,
      "name" : "Music"
    }, {
      "id" : 99,
      "name" : "Documentary"
    } ]
  }, {
    "id" : 208953,
    "title" : "Криминальные обстоятельства",
    "overview" : "",
    "genres" : [ ]
  }, {
    "id" : 208958,
    "title" : "One Night Stand",
    "overview" : "In Australia, four teenagers in a Sydney theater are astounded to hear the news that a nuclear war has broken out in Eastern Europe. They try to figure out the best way they can survive the coming conflagration.",
    "genres" : [ {
      "id" : 10402,
      "name" : "Music"
    }, {
      "id" : 35,
      "name" : "Comedy"
    }, {
      "id" : 18,
      "name" : "Drama"
    } ]
  }, {
    "id" : 208968,
    "title" : "Kumail Nanjiani: Beta Male",
    "overview" : "Stand up Special debuted July 20th 2013",
    "genres" : [ {
      "id" : 35,
      "name" : "Comedy"
    } ]
  }, {
    "id" : 208983,
    "title" : "The Wings",
    "overview" : "The film follows a director shooting a modern version of the Icarus myth in an artistic environment.",
    "genres" : [ ]
  }, {
    "id" : 208988,
    "title" : "The War",
    "overview" : "The War is a seven episode documentary miniseries, produced by Ken Burns and Lynn Novick, that examines the myriad ways in which the Second World War touched the lives of every family on every street in every town in America. By telling the stories of ordinary people in four quintessentially American towns – Waterbury, Connecticut; Mobile, Alabama; Sacramento, California; and the tiny farming town of Luverne, Minnesota – the series will portray this enormous worldwide catastrophe on an intimate, human scale. The War will intertwine vivid eyewitness accounts of the harrowing realities of life on the front lines with reminiscences of Americans who never left their home towns, and who tried their best to carry on with the business of daily life while their fathers and brothers and sons were overseas. The film will honor and celebrate the bravery, endurance, and sacrifice, of the generation of Americans who lived through what will always be known simply as The War.",
    "genres" : [ {
      "id" : 99,
      "name" : "Documentary"
    }, {
      "id" : 36,
      "name" : "History"
    }, {
      "id" : 10752,
      "name" : "War"
    } ]
  }, {
    "id" : 209023,
    "title" : "The First World War From Above",
    "overview" : "The story of the Great War told from a unique new aerial perspective. Featuring two remarkable historical finds, including a piece of archive footage filmed from an airship in summer 1919, capturing the trenches and battlefields in a way that has rarely been seen before. It also features aerial photographs taken by First World War pilots - developed for the first time in over ninety years - that show not only the devastation inflicted during the fighting, but also quirks and human stories visible only from above.",
    "genres" : [ {
      "id" : 99,
      "name" : "Documentary"
    } ]
  }, {
    "id" : 209058,
    "title" : "O Boneco Rebelde",
    "overview" : "Loose animated sequences, recovered by Cinemateca Portuguesa through the Tobis Portuguesa labs, from several reels of nitrate film damaged by time. Although incomplete, it is the oldest known portuguese animated film from which some original film actualy survived.",
    "genres" : [ {
      "id" : 16,
      "name" : "Animation"
    } ]
  }, {
    "id" : 209063,
    "title" : "Bed & Breakfast",
    "overview" : "Life changes for three woman who run a failing hotel, when a mysterious man washes up at the beach.",
    "genres" : [ {
      "id" : 18,
      "name" : "Drama"
    }, {
      "id" : 35,
      "name" : "Comedy"
    }, {
      "id" : 10749,
      "name" : "Romance"
    } ]
  }, {
    "id" : 209068,
    "title" : "The Secret World of Gold",
    "overview" : "In a wide-ranging look at the history and present of the barbarous relic, CBC's Brian McKenna and Ann-Marie MacDonald have gathered many perspectives (pro and con) on gold. The following documentary moves from historical shipwrecks to Nazi 'death gold' and England's war chest to recent years where widespread economic uncertainty has given the yellow metal a \"new lustre in the world of high finance.\" Valued for its permanence, beauty and scarcity, people will lie, cheat, steal and kill in the name of gold; and the clip provides color on many of the market manipulations of the last few years.",
    "genres" : [ {
      "id" : 99,
      "name" : "Documentary"
    } ]
  }, {
    "id" : 209088,
    "title" : "Quando dico che ti amo",
    "overview" : "",
    "genres" : [ {
      "id" : 35,
      "name" : "Comedy"
    } ]
  }, {
    "id" : 209093,
    "title" : "Il segreto del successo",
    "overview" : "",
    "genres" : [ {
      "id" : 35,
      "name" : "Comedy"
    } ]
  }, {
    "id" : 209103,
    "title" : "The Jungle",
    "overview" : "Big cat conservationist LARRY BLACK and his film-maker brother BEN travel into the Indonesian jungle to find and document the rare and endangered Javan Leopard. As they travel deeper and deeper into the jungle they realise they are being stalked by a deadly predator",
    "genres" : [ {
      "id" : 53,
      "name" : "Thriller"
    } ]
  }, {
    "id" : 209108,
    "title" : "The Happy Sad",
    "overview" : "Two young couples in New York-one black and gay, one white and heterosexual-find their lives intertwined as they create new relationship norms, explore sexual identity, and redefine monogamy.",
    "genres" : [ ]
  }, {
    "id" : 209118,
    "title" : "Simone",
    "overview" : "After years of dating women, Simone meets Pedro. He's charming, intelligent and attractive, and he's appeared at a time when Simone's relationship with her live-in girlfriend is falling apart. Tormented by uncertainties and doubts that test everything Simone thinks she knows about herself, she must make a decision. But in the end is it really a question of gender? This is a film about sexual expression and choice, and about the importance of following your heart.",
    "genres" : [ ]
  }, {
    "id" : 209133,
    "title" : "The Seductress",
    "overview" : "Alexis Baxter marries and murders wealthy men in order to assume their fortune.",
    "genres" : [ {
      "id" : 18,
      "name" : "Drama"
    } ]
  }, {
    "id" : 209138,
    "title" : "In The French Style",
    "overview" : "A young American art student must decide whether to stay in Paris with her boyfriend or go back to the U.S. when her wealthy father arrives to bring her back.",
    "genres" : [ {
      "id" : 18,
      "name" : "Drama"
    }, {
      "id" : 10749,
      "name" : "Romance"
    } ]
  }, {
    "id" : 209153,
    "title" : "Igloo",
    "overview" : "It's 2013 and Daniel works as a storyboard artist in an advertising agency. In this place he meets Camila and develops an endearing friendship that gives his life a new meaning. Through his comics, Daniel will draw his past and the complex relationship he had with Paula, a therapist that helped him get out of an acute drug dependence and Marco, his charismatic ex partner. As Paula did at the time, Camila helps Daniel to face the present with new challenges and questions about his sexuality, family and life.",
    "genres" : [ {
      "id" : 18,
      "name" : "Drama"
    } ]
  }, {
    "id" : 209163,
    "title" : "Night Sins",
    "overview" : "A female FBI investigator takes over jurisdiction in Dear Lake, a small northern town just as a young boy is abducted. Her investigation leads to a bigger series of abductions and murders dating back over 20 years. Her investigation also brings her into a mutual attraction with the small-town police chief who shares her investigation.",
    "genres" : [ ]
  }, {
    "id" : 209168,
    "title" : "Nietos (Identidad y memoria)",
    "overview" : "Documentary about children stolen during Argentina's dictatorship that collects testimonies from kidnapped between 1976 and 1983. During these years, thousands of people were kidnapped and murdered with impunity. In many cases, the state appropriated the newborns of pregnant women at the time of his abduction. The disappearance of 500 children is one of the darkest legacies of this period. However, the tireless work of the Grandmothers of the Plaza de Mayo became possible that a hundred of these children were returned to their families.",
    "genres" : [ ]
  }, {
    "id" : 209183,
    "title" : "Les Chevaliers Du Fiel : Le Best Ouf",
    "overview" : "",
    "genres" : [ {
      "id" : 35,
      "name" : "Comedy"
    } ]
  }, {
    "id" : 209198,
    "title" : "Scotch Myths",
    "overview" : "Myths of tartanry exploded",
    "genres" : [ ]
  }, {
    "id" : 209208,
    "title" : "Dirty Sky",
    "overview" : "\"Dirty Sky\" tells a gruesome tale of our time with a double finale: once the eternally classic love story of Romeo and Juliet in the guise of Bonnie and Clyde substance, as bloody road movie. On the other end with a romantic fantasy. This film also tells of growing up. Our story is told against the backdrop of a dying industrial area on two versions about the love between two lots of chance: the 17-year-old Jenny and 19-year-old Paule, leading her life in series of unfortunate, even tragic circumstances of the death. Or, with alternative conclusion: the 17-year-old Jenny and 19-year-old Paule, which almost leads her life despite unfortunate chain, even tragic circumstances in the sky of love.",
    "genres" : [ {
      "id" : 18,
      "name" : "Drama"
    } ]
  }, {
    "id" : 209213,
    "title" : "Ferdinand fährt Ferrari",
    "overview" : "",
    "genres" : [ {
      "id" : 28,
      "name" : "Action"
    }, {
      "id" : 35,
      "name" : "Comedy"
    } ]
  }, {
    "id" : 209223,
    "title" : "Il sol dell'avvenire",
    "overview" : "",
    "genres" : [ {
      "id" : 99,
      "name" : "Documentary"
    } ]
  }, {
    "id" : 209228,
    "title" : "Silence Between Two Thoughts",
    "overview" : "In an unnamed country in a small village the young local executioner is carrying out the execution of three people on the orders of the outside hard core cleric, Hadji. After the first two are shot, he is told to stop, because Hadji believes that executing the young women will send the young virgin to heaven. Instead Hadji orders the young executioner to marry and deflower the virgin, so she will end up in hell after her execution. This is the start of the executioner's crisis of faith.",
    "genres" : [ {
      "id" : 18,
      "name" : "Drama"
    } ]
  }, {
    "id" : 209238,
    "title" : "Ferenc se žení",
    "overview" : "",
    "genres" : [ ]
  }, {
    "id" : 209248,
    "title" : "Gräfin Mariza",
    "overview" : "",
    "genres" : [ {
      "id" : 35,
      "name" : "Comedy"
    }, {
      "id" : 10402,
      "name" : "Music"
    } ]
  }, {
    "id" : 209263,
    "title" : "Enough Said",
    "overview" : "Eva is a divorced soon-to-be empty-nester wondering about her next act. Then she meets Marianne, the embodiment of her perfect self. Armed with a restored outlook on being middle-aged and single, Eva decides to take a chance on her new love interest Albert — a sweet, funny and like-minded man. But things get complicated when Eva discovers that Albert is in fact the dreaded ex–husband of Marianne...",
    "genres" : [ {
      "id" : 35,
      "name" : "Comedy"
    }, {
      "id" : 18,
      "name" : "Drama"
    }, {
      "id" : 10749,
      "name" : "Romance"
    } ]
  }, {
    "id" : 209283,
    "title" : "Rock-A-Die-Baby",
    "overview" : "A mother tells her daughter three scary bedtime stories. A small platoon in the jungles of Vietnam encounter a horror other than the war, a group of college friends decide to play a prank on a prudish girl they know from school, and the woman tells her daughter about what happened shortly after she and the girl's father were married.",
    "genres" : [ {
      "id" : 53,
      "name" : "Thriller"
    }, {
      "id" : 27,
      "name" : "Horror"
    }, {
      "id" : 18,
      "name" : "Drama"
    } ]
  }, {
    "id" : 209288,
    "title" : "One Last Dive",
    "overview" : "Vice presents The 3:07 AM Project, a mission to make a 1min 1 shot POV of something scary happening at 3:07am. In \"One Last Dive\", a diver at a crime scene goes to check out the body one last time.",
    "genres" : [ {
      "id" : 27,
      "name" : "Horror"
    } ]
  }, {
    "id" : 209293,
    "title" : "Louis Cyr : The Strongest Man in the World",
    "overview" : "Biopic of Louis Cyr, strongest man in the world at the end of the 19th Century.",
    "genres" : [ {
      "id" : 18,
      "name" : "Drama"
    }, {
      "id" : 36,
      "name" : "History"
    } ]
  }, {
    "id" : 209298,
    "title" : "Glimpse 4",
    "overview" : "Fourth in a series of video documentaries by Roy Stuart, featuring nude models engaging in various sexual and fetish acts.",
    "genres" : [ ]
  }, {
    "id" : 209308,
    "title" : "The Divided Heart",
    "overview" : "During World War II, a German woman, Inga, goes missing and is presumed dead. Her infant son is placed in an orphanage where, years later, he's adopted by a childless couple. The adoptive parents' happiness is shattered when Inga reappears and insists on custody of her son.",
    "genres" : [ {
      "id" : 18,
      "name" : "Drama"
    } ]
  }, {
    "id" : 209313,
    "title" : "Echelon 8",
    "overview" : "A new government agency with the right to domestic charter is reformed to prevent another terrorist attack in the United States.",
    "genres" : [ {
      "id" : 18,
      "name" : "Drama"
    }, {
      "id" : 28,
      "name" : "Action"
    }, {
      "id" : 80,
      "name" : "Crime"
    } ]
  }, {
    "id" : 209318,
    "title" : "Memorial Day",
    "overview" : "An embittered satellite expert gets the opportunity for revenge against the USA by aiding terrorists in a plan to destroy the country's military base.",
    "genres" : [ {
      "id" : 28,
      "name" : "Action"
    }, {
      "id" : 35,
      "name" : "Comedy"
    }, {
      "id" : 53,
      "name" : "Thriller"
    } ]
  }, {
    "id" : 209323,
    "title" : "Cowboys from Texas",
    "overview" : "Cowboys from Texas is a 1939 American Western \"Three Mesquiteers\" B-movie directed by George Sherman.Texas has opened up land for homesteaders. Clay Allison wants their land and has his men led by Plummer try to start a range war between them and the ranchers. With each side suspecting the other of their problems, the Mesquiteers realize someone else is responsible. Stony suspects Plummer and fakes leaving the Mesquiteers to join Plummer's gang hoping to find out who it is.",
    "genres" : [ {
      "id" : 37,
      "name" : "Western"
    } ]
  }, {
    "id" : 209328,
    "title" : "Powder River Rustlers",
    "overview" : "Powder River Rustlers is a western film directed by Philip Ford in 1949. The railroad is coming and to get the townspeople's money. Shears Williams brings in a fake Agent who tells them they must raise $50,000 as their share of a railroad bridge. Railroad Agent Rocky Lane arrives and immediately spots the fake. A phony telegram assures Rocky his friend is still alive and he sets out to find him and his abductor.",
    "genres" : [ {
      "id" : 37,
      "name" : "Western"
    } ]
  }, {
    "id" : 209333,
    "title" : "American Shopper",
    "overview" : "\"American Shopper\" is a feature-length film about one man's passionate and comic struggle to start an unlikely new sport, and about the citizens of a small town who overcome their initial skepticism and get swept up in his crazy dream. The film follows the stories of several townspeople who decide to participate in the sport and compete in the 1st National Aisling Championship, and whose lives are turned upside down in the process.",
    "genres" : [ {
      "id" : 35,
      "name" : "Comedy"
    }, {
      "id" : 99,
      "name" : "Documentary"
    } ]
  }, {
    "id" : 209338,
    "title" : "Kalamazoo?",
    "overview" : "The story of three girlfriends who go back to Kalamazoo, Michigan for their 10 year high school reunion. There, they discover that a time capsule placed on their graduation night containing predictions would be opened. Horrified at the thought of having their unfulfilled goals made public, the three women decide to find the time capsule and destroy it before it is opened.",
    "genres" : [ {
      "id" : 35,
      "name" : "Comedy"
    } ]
  }, {
    "id" : 209343,
    "title" : "The Frozen Limits",
    "overview" : "The Crazy Gang join the 1898 gold rush. Unfortunately it's now 1939 and they're a bit late.",
    "genres" : [ {
      "id" : 35,
      "name" : "Comedy"
    } ]
  }, {
    "id" : 209353,
    "title" : "Those Happy Years",
    "overview" : "A narcissistic artist's world turns upside down after his wife's affair and a disastrous exhibition of his work.",
    "genres" : [ {
      "id" : 18,
      "name" : "Drama"
    }, {
      "id" : 35,
      "name" : "Comedy"
    } ]
  }, {
    "id" : 209358,
    "title" : "Ksiezna Lowicka",
    "overview" : "Księżna Łowicka is a Polish historical film. It was released in 1932.",
    "genres" : [ ]
  }, {
    "id" : 209373,
    "title" : "King for a Day",
    "overview" : "A talented tap dancer who can't get an audition uses his prowess at playing craps to gain ownership of a musical show, making himself the star.",
    "genres" : [ {
      "id" : 35,
      "name" : "Comedy"
    } ]
  }, {
    "id" : 209378,
    "title" : "Griefwalker",
    "overview" : "Documentary about Harvard-trained theologian Stephen Jenkinson, a grief counselor who teaches that death empowers us to live and that we must not only accept death but embrace it.",
    "genres" : [ {
      "id" : 99,
      "name" : "Documentary"
    } ]
  }, {
    "id" : 209403,
    "title" : "Bad Words",
    "overview" : "A misanthropic man sets out to exact revenge on his estranged father, by finding a loophole and attempting to win the National Spelling Bee as an adult. Figuring it would destroy his father, and everything he's worked so hard for as head of the Spelling Bee Championship Organization, Guy Trilby (Jason Bateman) eventually discovers winning isn't necessary for revenge, and that friendship is a blessing not a curse.",
    "genres" : [ {
      "id" : 35,
      "name" : "Comedy"
    } ]
  }, {
    "id" : 209408,
    "title" : "Swordsman",
    "overview" : "By the China Audio Visual, in the studio together to build a positive, gold medal screenwriter, producer is based in Jin Yong's famous novel \"Swordsman\" on March 24 at the first national 4A-class tourist destination Zhejiang Xiandu boot.  Joe Chen unassailable modeling exposure, following Wallace (Linghu), Yuan Shanshan (Ren Yingying), such as modeling exposure, the highly anticipated and controversial Joe Chen (Swordsman) modeling has finally surfaced. In addition, Leung Kar Yan (Feng Qingyang), Han Dong (Tian Boguang), Lv Jiarong (Blue Phoenix), Zhang Tianyang (total no Shi) Dingzhuang Zhao also be exposed April 5",
    "genres" : [ ]
  }, {
    "id" : 209413,
    "title" : "Intrepido: A Lonely Hero",
    "overview" : "A middle-aged man tries to get by in Milan while trying to retain his dignity.",
    "genres" : [ {
      "id" : 35,
      "name" : "Comedy"
    } ]
  }, {
    "id" : 209418,
    "title" : "Wounded",
    "overview" : "The first work from Fernando Franco revolves around Ana, a 30 year old ambulance driver. Though good at her job, Ana has problems relating in her personal life. She doesn't know it, but she suffers from a condition known by psychiatrists as Borderline Personality Disorder. The situation pushes her to outbreaks of self-destructive behaviour, alcohol abuse and self-harm. Ana is incapable of getting what she wants most: to be happy.",
    "genres" : [ {
      "id" : 18,
      "name" : "Drama"
    } ]
  }, {
    "id" : 209428,
    "title" : "Aubervilliers",
    "overview" : "An empathetic description of the misery in an inner Parisian suburb, by a photographer who was also the camerman for Joris Ivens, Pierre Prévert and Luis Buñuel. - Nicole Brenez",
    "genres" : [ ]
  }, {
    "id" : 209433,
    "title" : "Gentleman's Fate",
    "overview" : "Director Mervyn LeRoy's 1931 crime drama stars John Gilbert and Leila Hyams.",
    "genres" : [ {
      "id" : 18,
      "name" : "Drama"
    } ]
  }, {
    "id" : 209443,
    "title" : "The Aliens Are Coming",
    "overview" : "An alien mother ship hovering in Earth's atmosphere is the base for an attempted alien invasion of Earth.",
    "genres" : [ {
      "id" : 27,
      "name" : "Horror"
    }, {
      "id" : 878,
      "name" : "Science Fiction"
    }, {
      "id" : 10770,
      "name" : "TV Movie"
    } ]
  }, {
    "id" : 209453,
    "title" : "Lanka",
    "overview" : "Lanka is a Malayalam film directed by A. K. Sajan released in the year 2006. The film stars Suresh Gopi and Mamta Mohandas.",
    "genres" : [ {
      "id" : 18,
      "name" : "Drama"
    } ]
  }, {
    "id" : 209498,
    "title" : "The Blacks",
    "overview" : "War. A city under the siege. The truce has been recently signed, and the squad known as the 'Blacks', who used to do the dirty jobs, needs to be disbanded. Ivo, the squad commander who has lost three of his soldiers, prepares the action to retrieve their dead bodies from the forest and, despite the ceasefire, blow up the dam, thus causing a great damage to the enemy: The survived members of the squad, tortured by their personal doubts and guilt, move into action. On the battlefield, they find the enemy they are searching for is in the place they least expect - inside themselves.",
    "genres" : [ {
      "id" : 10752,
      "name" : "War"
    }, {
      "id" : 18,
      "name" : "Drama"
    }, {
      "id" : 10769,
      "name" : "Foreign"
    } ]
  }, {
    "id" : 209508,
    "title" : "Of Men and Demons",
    "overview" : "A man lives in peace and harmony. But one day his quiet life is interrupted by demons.",
    "genres" : [ ]
  }, {
    "id" : 209513,
    "title" : "Weekendfar",
    "overview" : "Against his will the boy Sune is going camping in the Swedish woods with his father.\r What was meant to be a trip for bonding, ends up tearing father and son further apart until they meet a wanted robber and has to work together to get out of the forrest alive.",
    "genres" : [ ]
  }, {
    "id" : 209518,
    "title" : "Twilight Phantom",
    "overview" : "Misaki visits her boyfriend Koichi in Okinawa, the southern island of Japan. To welcome the arrival of Misaki, Koichi's friend Jinsei holds a welcoming party at his house. At the party, Misaki learns from the wise granny about the legend behind the bag hanging from the fig tree and the local demon: Kijimuna, which deeply fascinate Misaki. Jinsei then introduces Misaki to a young female writer, Kagemi, who tells Misaki the darker side of the Kijimuna legend. As the local shaman and medium to the other world, Kagemi’s knowledge in local lore gives Misaki much more to wonder about. The quiet life in Okinawa takes a sharp turn with the arrival of Jinsei’s ex-wife Sanae, which leads to a tragic accident. Soon, the parties involved begin to see a vengeful spirit and their peaceful lifes turn into a nightmare.",
    "genres" : [ {
      "id" : 27,
      "name" : "Horror"
    } ]
  }, {
    "id" : 209523,
    "title" : "VS: The Movie",
    "overview" : "After a devastating tsunami in 2010, southern Florida and the Caribbean islands have been left in ruin. Citizens attempt to rebuild their lives and start anew, but the streets have been taken over by gangs and overrun with criminals.",
    "genres" : [ {
      "id" : 28,
      "name" : "Action"
    } ]
  }, {
    "id" : 209528,
    "title" : "The Hill Farm",
    "overview" : "A country couple and their shepherd endure drought, flood, a monstrous bear, hunters and tourists during a somewhat odd few days in their normally quiet life.",
    "genres" : [ {
      "id" : 16,
      "name" : "Animation"
    } ]
  }, {
    "id" : 209538,
    "title" : "Cowboys: That's Nothin'",
    "overview" : "Cowboys trade lewd stories in the spirit of one-upmanship. Beer guzzling, bestiality and hellfire: it must be a Phil Mulloy cartoon.",
    "genres" : [ {
      "id" : 37,
      "name" : "Western"
    }, {
      "id" : 16,
      "name" : "Animation"
    }, {
      "id" : 35,
      "name" : "Comedy"
    } ]
  }, {
    "id" : 209543,
    "title" : "Cowboys: Murder!",
    "overview" : "Cowboys trade lewd stories in the spirit of one-upmanship. Beer guzzling, bestiality and hellfire: it must be a Phil Mulloy cartoon.",
    "genres" : [ {
      "id" : 37,
      "name" : "Western"
    }, {
      "id" : 16,
      "name" : "Animation"
    }, {
      "id" : 35,
      "name" : "Comedy"
    } ]
  }, {
    "id" : 209548,
    "title" : "Paradise",
    "overview" : "An Oscar-nominates short from 1985 by Ishu Patel, which raises the question - which is preferable, a beautiful gilded cage, or your freedom?",
    "genres" : [ {
      "id" : 16,
      "name" : "Animation"
    } ]
  }, {
    "id" : 209553,
    "title" : "Eugene",
    "overview" : "A man checks into a hotel and is mysteriously delivered an intriguing gift.",
    "genres" : [ ]
  }, {
    "id" : 209578,
    "title" : "The Days God Slept",
    "overview" : "“The Days God Slept” is a cinematic prayer which uses surrealistic images and non-literal elements to reveal the emotions of its characters. We are introduced to a mysterious Gentleman’s Club where John (played by Malcolm Madera) enters looking for Kristy (Lauren Fox), one of the dancers. He sees her with another patron and when they come together, she says “I have something I need to tell you”. In a series of private exchanges, we begin to understand a sense of the connection between the two. Kristy begins a story that she “needs to tell” John and their blossoming intimacy is harshly derailed. As Kristy struggles to tell her tale, the fantasy realm of the club yields itself to a different reality – the less fanciful daylight of a park. The shifting between locations conveys the shifting realities in the characters’ minds. Ultimately, THE DAYS GOD SLEPT is the story of a man trying to discover the secrets of a woman, which begs the question, “How much do you really want to know?”",
    "genres" : [ {
      "id" : 18,
      "name" : "Drama"
    }, {
      "id" : 9648,
      "name" : "Mystery"
    } ]
  }, {
    "id" : 209583,
    "title" : "WWE No Way Out 2001",
    "overview" : "No Way Out (2001) was a PPV event that took place on February 25, 2001 at the Thomas &amp; Mack Center in Las Vegas, Nevada. It was presented by Weider Nutrition.  2 Main events were scheduled. The first saw The Rock challenge Kurt Angle for the WWF Championship. The other main event was a Three Stages of Hell match featuring Stone Cold Steve Austin and Triple H. The featured bout on the undercard was a Fatal Four Way match between defending WWF Intercontinental Champion Chris Jericho, Chris Benoit, Eddie Guerrero and X-Pac.",
    "genres" : [ {
      "id" : 28,
      "name" : "Action"
    }, {
      "id" : 18,
      "name" : "Drama"
    } ]
  }, {
    "id" : 209593,
    "title" : "Dust Request: A Last Will and Testament",
    "overview" : "Political journalist Arjun Chandra left one last recording for his wife Surya to be played two years after his death. In his Last Will and Testament, Arjun asks Surya to return to the island of their memories alone – where he promises to return to her if she can fulfill his last wish. Haunted by this promise, Surya journeys into nature to fulfill his final supernatural request.",
    "genres" : [ {
      "id" : 18,
      "name" : "Drama"
    }, {
      "id" : 10749,
      "name" : "Romance"
    } ]
  }, {
    "id" : 209598,
    "title" : "Mallas, MA",
    "overview" : "Two bumbling con artists try to pull one over on a small, superstitious town by posing as paranormal investigators.",
    "genres" : [ ]
  }, {
    "id" : 209603,
    "title" : "Tillman",
    "overview" : "Richard Tillman has the life everyone have dreamed of. He owns his own car dealership, Tillman's Auto Mall. He has a family, three kids and a wife. But his life isn't as perfect as it seems. His eldest son Richard Jr. is in rehab, his daughter, April, wishes she wasn't a part of the family, and his wife Deborah, is an alcoholic. His only salvation is his youngest son Connor, who is naive to all going on around him. His car dealership is failing miserably, and his assistant, Missy, seems to be quite infatuated with him. His already less-than-perfect life changes once Richard Jr. returns home from rehab without any notice.",
    "genres" : [ {
      "id" : 35,
      "name" : "Comedy"
    }, {
      "id" : 18,
      "name" : "Drama"
    } ]
  }, {
    "id" : 209633,
    "title" : "Dead Man's Revenge",
    "overview" : "Bitter and vengeful fugitive Luck Hatcher, dignified former slave turned bounty hunter Jessup Bush, and wily deputy U.S. Marshal Bodine all converge in a small town so they can hatch an intricate con in order to bring greedy and ruthless railroad speculator Payton McCay to justice.",
    "genres" : [ {
      "id" : 37,
      "name" : "Western"
    }, {
      "id" : 28,
      "name" : "Action"
    }, {
      "id" : 80,
      "name" : "Crime"
    } ]
  }, {
    "id" : 209658,
    "title" : "Hauptsache glücklich!",
    "overview" : "",
    "genres" : [ {
      "id" : 35,
      "name" : "Comedy"
    } ]
  }, {
    "id" : 209668,
    "title" : "Stumped",
    "overview" : "When forest-dweller Juma gets stumped while trying to go for a luge ride, best friend Ting comes to the rescue. Together they enjoy a roller coaster thrill and win the race.",
    "genres" : [ {
      "id" : 16,
      "name" : "Animation"
    } ]
  }, {
    "id" : 209688,
    "title" : "The Itsy Bitsy Spider",
    "overview" : "During a piano lesson, a music teacher discovers a harmless spider, so she calls in The Exterminator.",
    "genres" : [ {
      "id" : 16,
      "name" : "Animation"
    } ]
  }, {
    "id" : 209693,
    "title" : "The Last Bus",
    "overview" : "The Last Autbus is short film processing the universal theme of human selfishness and fear. It is a disturbing parable of the animal kingdom, where heroes risk revealing their true character and on behalf of their own salvation are able to sacrifice and their relatives.",
    "genres" : [ {
      "id" : 18,
      "name" : "Drama"
    } ]
  }, {
    "id" : 209698,
    "title" : "More Perfect Union",
    "overview" : "Hank, fresh off a fight with his girlfriend, travels for a weekend alone to a quaint bed and breakfast, only to inadvertently trigger a fight between the elderly couple who runs it.",
    "genres" : [ {
      "id" : 18,
      "name" : "Drama"
    }, {
      "id" : 10749,
      "name" : "Romance"
    } ]
  }, {
    "id" : 209708,
    "title" : "Glens Falls Sequence",
    "overview" : "Starting in the late 1930s, illustrator and experimental animator Douglass Crockwell created a series of short abstract animated films at his home in Glen Falls, New York. The films offered Crockwell a chance to experiment with various unorthodox animation techniques such as adding and removing non-drying paint on glass frame-by-frame, squeezing paint between two sheets of glass, and finger painting. The individual films created over a nine-year period were then stitched together for presentation, forming a nonsensical relationship that only highlights the abstract qualities of the images. —Kansas City Electronic Music and Arts Alliance",
    "genres" : [ ]
  }, {
    "id" : 209713,
    "title" : "Andy Warhol",
    "overview" : "Andy Warhol is a lyrical exploration of Warhol's creative process by filmmaker, painter, and actress (Chelsea Girls) Marie Menken. Using a hand-held camera, Menken captures Warhol and his assistants, including Gerard Malanga, as they work at the Factory. The result is an intimate portrait of the artist in the process of creating some of his most famous works, including the Brillo boxes, the Jackie series, and the Flowers silkscreens. - EAI",
    "genres" : [ ]
  }, {
    "id" : 209718,
    "title" : "B.O.Y.D.",
    "overview" : "Set against the 2003 northeast blackout, \"B.O.Y.D.\" follows a group of 20-somethings as they embark on a journey with equal parts debauchery and self-discovery. Featuring the sights and sounds of western new york, it is an unforgettable experience that reminds us all what it feels like to be stuck in a rut and how much fun you can have getting out of it.",
    "genres" : [ ]
  }, {
    "id" : 209723,
    "title" : "Socks and Cakes",
    "overview" : "Five people of different ages, backgrounds, cultures and tastes find themselves at a dinner conversing with each other about their lives and where they see themselves in the future. Some deeper, hidden secrets emerge and just when it seems all is to be revealed...all is still kept secretive.",
    "genres" : [ {
      "id" : 35,
      "name" : "Comedy"
    }, {
      "id" : 18,
      "name" : "Drama"
    } ]
  }, {
    "id" : 209728,
    "title" : "Simple Mind",
    "overview" : "Simple Mind is the story of a man, who through therapy, discovers more about himself and his life then he ever imagined.",
    "genres" : [ {
      "id" : 18,
      "name" : "Drama"
    } ]
  }, {
    "id" : 209733,
    "title" : "Sausalito",
    "overview" : "Impressionistic documentary of Sausalito, California, a small town near San Francisco, in its pre-beatnik days when it was still an artist's colony. - IMDb",
    "genres" : [ ]
  }, {
    "id" : 209738,
    "title" : "WWE WrestleMania XXV",
    "overview" : "WrestleMania XXV was the twenty-fifth annual WrestleMania PPV. It was presented by the National Guard and took place on April 5, 2009 at Reliant Stadium in Houston, Texas.  The first main event was a singles match for the WWE Championship that featured the champion, Triple H, defending against Randy Orton. The second was a Triple Threat match for the World Heavyweight Championship, between defedning champion Edge against John Cena &amp; Big Show. The third main event was The Undertaker versus Shawn Michaels. Featured matches on the undercard included, Jeff Hardy versus Matt Hardy in an Extreme Rules match, Chris Jericho versus the team of Roddy Piper, Ricky Steamboat and Jimmy Snuka, and the annual Money in the Bank ladder match featuring Kane, MVP, Mark Henry, Shelton Benjamin, Kofi Kingston, CM Punk, Christian, &amp; Finlay.  With an attendance of 72,744, it is the 6th largest attendance in WrestleMania history.",
    "genres" : [ {
      "id" : 28,
      "name" : "Action"
    }, {
      "id" : 18,
      "name" : "Drama"
    } ]
  }, {
    "id" : 209758,
    "title" : "Breathing",
    "overview" : "Breer’s animation explores the theme and variation of the drawn line: a line in constant movement and transformation. With a very sketchy style, he demonstrates how a simple, abstract image can fill and satisfy the imagination of the film viewer. - MoMA",
    "genres" : [ ]
  }, {
    "id" : 209773,
    "title" : "The Miracle Man",
    "overview" : "A gang of crooks evade the police by moving their operations to a small town. There the gang's leader, John Madison, encounters a faith healer and uses him to scam the gullible public of funds for a supposed chapel. But when a real healing takes place, a change comes over the gang.",
    "genres" : [ ]
  }, {
    "id" : 209808,
    "title" : "Cat Listening to Music",
    "overview" : "Guillaume-en-Egypte lolls around listening to music.",
    "genres" : [ ]
  }, {
    "id" : 209813,
    "title" : "It Happened in Sarasota",
    "overview" : "A short documentary featuring those that live in work in Sarasota, FL, the circus capital of the world.",
    "genres" : [ ]
  }, {
    "id" : 209828,
    "title" : "Tottenham Hotspur - The Official History (1882-2001)",
    "overview" : "This DVD never bores and truly shows why Spurs have always been know as the entertainers. With a cast that contains some of the greatest home grown and foreign talent ever to grace English football, a must for every Spurs fan and one that general football fans will enjoy due to abundence of footage showing Greaves, Hoddle, Gazza (the list goes on) performing feats that are only normally seen on the training ground.",
    "genres" : [ ]
  }, {
    "id" : 209833,
    "title" : "Ident",
    "overview" : "Explores the nature of man, not only with feet of clay, but with a face of clay as well. Within a colorless city of walls, corridors, and small rooms, a man makes his way from home to work, then to a bar, and then, by a stroke of luck, into an outdoors of space, fresh air, and color. Along the way, he changes his face to fit his surroundings, interacts with his dog, argues with co-workers, and gossips at a bar. His altering of his visage suggests a two-faced nature, and his stepping into the outdoors provides the ultimate test of his real identity.",
    "genres" : [ {
      "id" : 16,
      "name" : "Animation"
    } ]
  }, {
    "id" : 209838,
    "title" : "The Purple House",
    "overview" : "As Zhou Tong, a bourgeois woman returned from abroad with her fiancé Li Yi to success to her father's property, the old memory was unsealed. The story just begins from there. There aren't any impression or nostalgia for her, though that is the home in which she had lots of childhood reminiscences and which she hadn't been back in a long time. Everything around her make her anxious only. People under one roof are family members not related to her at all, callous stepmother, her younger brother, and her personal hospice and a weird gardener. From the very first moment when Zhou and Li moved in that old house, mysterious incidents happen in continuous, and they cannot find any clue like they are fogged in. All in the house go into have an ulterior motive, Zhou and Li are at a loss for what to do in these situation that seems people have complicated relations each other. Are all of these just a nightmare indeed, or a disaster now happening?",
    "genres" : [ {
      "id" : 18,
      "name" : "Drama"
    }, {
      "id" : 9648,
      "name" : "Mystery"
    } ]
  }, {
    "id" : 209843,
    "title" : "Torso",
    "overview" : "A man without arms wants an apple up in a tree. A man without legs wants to ride a bike. Can they help each other?",
    "genres" : [ {
      "id" : 16,
      "name" : "Animation"
    } ]
  } ]
}