{
  "movies" : [ {
    "id" : 316943,
    "title" : "Gül Baba",
    "overview" : "Venice Film Festival 1940",
    "genres" : [ {
      "id" : 35,
      "name" : "Comedy"
    }, {
      "id" : 10402,
      "name" : "Music"
    } ]
  }, {
    "id" : 316948,
    "title" : "The Knight of Kruja",
    "overview" : "Venice Film Festival 1940",
    "genres" : [ ]
  }, {
    "id" : 316953,
    "title" : "Last Night of Scheherazade",
    "overview" : "The Further Adventures of a shoemaker Maruf, Gina, emerging out of the bottle, and wise caliphs and viziers insidious and murderous bandits, and magic carpets - planes.",
    "genres" : [ ]
  }, {
    "id" : 316958,
    "title" : "Tasmanian Tiger",
    "overview" : "Chris, a career-obsessed orphan whose attempts to forge a dependable and tranquil future for himself spin out of control after news reports of a deadly hurricane trigger a flood of mysterious dreams from his childhood. Chris loses everything and is plunged into a world of con-men, hustlers and dreamers, where he is forced to confront his own mixed up notions of life, love, and career.",
    "genres" : [ {
      "id" : 18,
      "name" : "Drama"
    }, {
      "id" : 35,
      "name" : "Comedy"
    } ]
  }, {
    "id" : 316963,
    "title" : "The Song of the Road",
    "overview" : "After the Local council he works for decides to replace its horse-drawn services with motor vehicles, one of the drivers spends his savings to buy the horse. Together they search the countryside looking for work, and meeting an assorted group of characters on the way.",
    "genres" : [ {
      "id" : 18,
      "name" : "Drama"
    } ]
  }, {
    "id" : 316968,
    "title" : "Euphoria",
    "overview" : "Consistent stylistic-thematic structures link and merge throughout the bewildering event chain. The distinction between organic forms and human artifacts is blurred by the visual style which is enigmatic without being ambiguous.",
    "genres" : [ {
      "id" : 16,
      "name" : "Animation"
    } ]
  }, {
    "id" : 316978,
    "title" : "4 Artists Paint 1 Tree: A Walt Disney 'Adventure in Art'",
    "overview" : "Four Disney artists paint their own interpretations of a tree, and explain their techniques and methods.",
    "genres" : [ {
      "id" : 99,
      "name" : "Documentary"
    } ]
  }, {
    "id" : 316983,
    "title" : "Glück bei Frauen",
    "overview" : "",
    "genres" : [ {
      "id" : 35,
      "name" : "Comedy"
    } ]
  }, {
    "id" : 316988,
    "title" : "The Owl And The Pussycat",
    "overview" : "A short animation based on the Edward Lear poem",
    "genres" : [ {
      "id" : 10402,
      "name" : "Music"
    }, {
      "id" : 16,
      "name" : "Animation"
    } ]
  }, {
    "id" : 316993,
    "title" : "Night Moth",
    "overview" : "Venice Film Festival 1941",
    "genres" : [ {
      "id" : 18,
      "name" : "Drama"
    }, {
      "id" : 10402,
      "name" : "Music"
    } ]
  }, {
    "id" : 316998,
    "title" : "Zavaros éjszaka",
    "overview" : "Venice Film Festival 1941",
    "genres" : [ ]
  }, {
    "id" : 317003,
    "title" : "Zu mir oder zu dir?",
    "overview" : "",
    "genres" : [ {
      "id" : 35,
      "name" : "Comedy"
    } ]
  }, {
    "id" : 317008,
    "title" : "Nozze di sangue",
    "overview" : "Venice Film Festival 1941",
    "genres" : [ ]
  }, {
    "id" : 317013,
    "title" : "Correo de Indias",
    "overview" : "Venice Film Festival 1942",
    "genres" : [ ]
  }, {
    "id" : 317018,
    "title" : "Szíriusz",
    "overview" : "Based on the Hungarian writer Ferenc Herczeg's novel written in 1894, this film takes the viewers to the past of Hungary. Professor Sergius (Elemér Baló) insists that he invented a machine that can fly faster than the speed of earth's rotation and this enables him (or anyone who travels with him) to fly back with it to the past; that is to travel in time. To prove this the professor promises the hand of his daughter Rózsi (Katalin Karády) and all his possessions to the one who is willing to try the 'space travel' with him in his machine. The romantic and adventurous Hungarian count Ákos Tibor (László Szilassy) finally accepts the challenge. For the count's luck before the time travel he attends a costume ball dressed as a Hungarian hussar. Because when they arrive in the past, people think that he is a far relative of the wealthy landlord whose field they landed. This is how the strange adventures begins for our 20th century hero in the world of the 18th century Austro-Hungary.",
    "genres" : [ {
      "id" : 878,
      "name" : "Science Fiction"
    }, {
      "id" : 36,
      "name" : "History"
    }, {
      "id" : 10749,
      "name" : "Romance"
    } ]
  }, {
    "id" : 317023,
    "title" : "Alfa Tau!",
    "overview" : "Venice Film Festival 1942",
    "genres" : [ ]
  }, {
    "id" : 317028,
    "title" : "Dive",
    "overview" : "Dive is the eleventh chapter in iamamiwhoami's audiovisual album BLUE.",
    "genres" : [ {
      "id" : 10402,
      "name" : "Music"
    } ]
  }, {
    "id" : 317033,
    "title" : "Point Rationing of Foods",
    "overview" : "Animated documentary short film demonstrating the reasons and methods of the point system of wartime food rationing.",
    "genres" : [ ]
  }, {
    "id" : 317038,
    "title" : "Sacrifice of the White Goddess",
    "overview" : "Three people looking for treasure run afoul of a savage cannibal tribe.",
    "genres" : [ ]
  }, {
    "id" : 317043,
    "title" : "Han matado a Tongolele",
    "overview" : "Murder mystery set in a night-club; who killed the star performer?",
    "genres" : [ ]
  }, {
    "id" : 317048,
    "title" : "Made in Hollywood",
    "overview" : "Steeped in irony, Made in Hollywood depicts the personal and cultural mediation of reality and fantasy, desire and identity, by the myths of television and cinema. Quoting from a catalogue of popular styles and sources, from TV commercials to The Wizard of Oz, the Yonemotos construct a parable of the Hollywood image-making industry from a pastiche of narrative cliches: A small-town ingenue goes West to find her dream and loses her innocence; the patriarch of a Hollywood studio nears death; a New York couple seeks screenwriting fame and fortune in the movies. With deadpan humor and hyperbolic visual stylization, the Yonemotos layer artifice upon artifice, constructing an image-world where reality and representation, truth and simulation, are meaningless distinctions.",
    "genres" : [ ]
  }, {
    "id" : 317053,
    "title" : "The Wait of May",
    "overview" : "The month of May, the blackbird: they hide while they sing.",
    "genres" : [ ]
  }, {
    "id" : 317058,
    "title" : "Venezia/Massi",
    "overview" : "A blue rhinoceros and a child are in a small boat. The child catches a fish with his fishing rod…",
    "genres" : [ ]
  }, {
    "id" : 317063,
    "title" : "Madness Rules",
    "overview" : "If any one man is responsible for the rejuvenation of the postwar Swiss film industry, that man was director Leopold Lindtberg. Matto Regiert (Madness Rules) was co-adapted for the screen by Lindtberg from a novel by Friedrich Glauser. Heinrich Gretler stars as Police Constable Studer, the hero of several of Glauser's most popular works. This time, Studer must solve the murder of the director of an insane asylum -- and it's not (surprise, surprise) the most likely suspect, manic-depressive patient Herbert Caplaun. For box-office purposes, Matto Regiert stresses a romantic subplot involving Caplaun and nurse Irma Wasem.",
    "genres" : [ {
      "id" : 80,
      "name" : "Crime"
    } ]
  }, {
    "id" : 317068,
    "title" : "Bethsabée",
    "overview" : "Danielle Darrieux stars as Arabella Delvaire in this baroque adaptation of Pierre Benoit's novel Bethshabee. Arabella is a woman of the world who arrives at a remote Foreign Legion outpost for a rendezvous with her current lover, Captain Duveuil. It so happens that one of Arabella's previous amours, Captain Somerville (Paul Meurisse), is also serving at the same post. So much for joining the Foreign Legion to forget. A climactic knife duel \"solves\" the film's various plot complications. Despite its Foreign Legion background, Bethsabee has next to no action, which must have made things difficult when the film was distributed to the U.S.",
    "genres" : [ ]
  }, {
    "id" : 317073,
    "title" : "Border Street",
    "overview" : "The story of Polish and Jewish families living side by side in one Warsaw street. Everything changes once and for all with the Nazi invasion.",
    "genres" : [ {
      "id" : 10752,
      "name" : "War"
    }, {
      "id" : 18,
      "name" : "Drama"
    } ]
  }, {
    "id" : 317078,
    "title" : "Fortune Lane",
    "overview" : "In this children's movie a young inventor dreams of becoming an engineer. He has even created a new gadget, but before he can finish it, he needs more money so he and his pal begin washing windows. The inventor's pal wants to use the money to go home to Ireland so he can see his dying grandpa. His good-hearted partner gladly gives up his share. Later, he is praised for his genius.",
    "genres" : [ ]
  }, {
    "id" : 317083,
    "title" : "Kaminfeuer 4K",
    "overview" : "",
    "genres" : [ {
      "id" : 99,
      "name" : "Documentary"
    } ]
  }, {
    "id" : 317088,
    "title" : "Hulihin si Tiagong Akyat",
    "overview" : "Tiagong Akyat was one of the most famous outlaws in Philippine history. He terrorized Manila and the nearby provinces in the 1920s.  Born Santiago Ronquillo in Imus, Cavite sometime in the late 19th century, Tiagong Akyat got his moniker because he simply entered homes and loot it of its wealth amidst the horrified residents (it should be noted that during the early 20th century, few homes had gates).  Legend has it that Tiagong Akyat possessed an amulet that made him invisible. This amulet is called \"Tagabulag\" in Philippine folklore.Yet, despite Tiagong Akyat's notoriety, there was existing rumors that he was a \"Robin Hood\" character, helping the poor and looting the rich.  In 1923, Manila Chief of Police John Fulton Green received an intelligence report that Tiagong Akyat was seen in Noveleta, Cavite. In cooperation with the Philippine constabulary, Green organized a formidable force to capture Tiagong Akyat, resulting to the kill of the latter.",
    "genres" : [ {
      "id" : 36,
      "name" : "History"
    }, {
      "id" : 28,
      "name" : "Action"
    } ]
  }, {
    "id" : 317093,
    "title" : "The Hex 2: Messengers of Hell",
    "overview" : "Raul Araiza's chilling Spanish-language supernatural thriller tells the tale of two powerful beings, one good and one evil incarnate, fighting for control of Earth--and of a beautiful woman.",
    "genres" : [ {
      "id" : 53,
      "name" : "Thriller"
    }, {
      "id" : 9648,
      "name" : "Mystery"
    }, {
      "id" : 27,
      "name" : "Horror"
    } ]
  }, {
    "id" : 317098,
    "title" : "Manifold",
    "overview" : "While a small-town sheriff investigates a mysterious multiple murder scene, a brilliant young software engineer is bizarrely linked to the crime and to a much bigger conspiracy.",
    "genres" : [ {
      "id" : 18,
      "name" : "Drama"
    }, {
      "id" : 878,
      "name" : "Science Fiction"
    } ]
  }, {
    "id" : 317103,
    "title" : "Nebenwirkungen",
    "overview" : "",
    "genres" : [ ]
  }, {
    "id" : 317113,
    "title" : "Die geheime Welt der Babys",
    "overview" : "",
    "genres" : [ {
      "id" : 99,
      "name" : "Documentary"
    } ]
  }, {
    "id" : 317118,
    "title" : "I Do, I Do, I Do",
    "overview" : "An architect heads to the altar with her fiancé, unsure of  her marriage and their future. She relives her disastrous  wedding day, put together by her fiance’s overbearing  mother, over and over until, with the help of his brother,  she begins to face her biggest fears and discover what she  really wants in herself and in her life.",
    "genres" : [ {
      "id" : 10749,
      "name" : "Romance"
    }, {
      "id" : 35,
      "name" : "Comedy"
    } ]
  }, {
    "id" : 317123,
    "title" : "Na Hund?",
    "overview" : "",
    "genres" : [ ]
  }, {
    "id" : 317128,
    "title" : "The Water of Life",
    "overview" : "A king was dying. An old man told his sons that only the water of life would save him.",
    "genres" : [ {
      "id" : 14,
      "name" : "Fantasy"
    } ]
  }, {
    "id" : 317133,
    "title" : "The Acrobat",
    "overview" : "Every 40 seconds a person commits suicide in the world, this is the story one of them.",
    "genres" : [ {
      "id" : 18,
      "name" : "Drama"
    } ]
  }, {
    "id" : 317138,
    "title" : "Anal Debauchery III",
    "overview" : "Welcome to Gazzman's depraved and scandalous world of anal loving whores. Watch as these rampant hussies love to take huge cocks into their tight little asses and pussies. Where beauty is in the ass of the beholder...",
    "genres" : [ ]
  }, {
    "id" : 317143,
    "title" : "Draconis Olim",
    "overview" : "Two friends discover they have supernatural powers stemming from an ancient, magical race of beings, and they must use their new-found abilities to stop an enemy who wishes to use them for evil.",
    "genres" : [ {
      "id" : 878,
      "name" : "Science Fiction"
    }, {
      "id" : 28,
      "name" : "Action"
    }, {
      "id" : 12,
      "name" : "Adventure"
    }, {
      "id" : 14,
      "name" : "Fantasy"
    } ]
  }, {
    "id" : 317153,
    "title" : "Hell on Earth",
    "overview" : "An FBI Agent on the trail of a group of drug traffickers learns that their corruption runs deeper than she ever imagined, and finds herself in a supernatural - and deadly - situation.",
    "genres" : [ ]
  }, {
    "id" : 317163,
    "title" : "The Birthday Girl",
    "overview" : "A shy, unpopular girl is given a thoughtless present for her birthday. She discovers that the present has magical powers, and goes out to exact vengeance upon those who have ignored and made fun of her over the years.",
    "genres" : [ ]
  }, {
    "id" : 317168,
    "title" : "Santo vs. the She-Wolves",
    "overview" : "Also known as Santo vs. the She-Wolves",
    "genres" : [ {
      "id" : 27,
      "name" : "Horror"
    }, {
      "id" : 28,
      "name" : "Action"
    }, {
      "id" : 14,
      "name" : "Fantasy"
    } ]
  }, {
    "id" : 317173,
    "title" : "Der Maulwurf als Filmstar",
    "overview" : "",
    "genres" : [ {
      "id" : 16,
      "name" : "Animation"
    }, {
      "id" : 10751,
      "name" : "Family"
    } ]
  }, {
    "id" : 317178,
    "title" : "Der Maulwurf und der Adler",
    "overview" : "",
    "genres" : [ ]
  }, {
    "id" : 317188,
    "title" : "Dream Brigade",
    "overview" : "",
    "genres" : [ {
      "id" : 10770,
      "name" : "TV Movie"
    }, {
      "id" : 35,
      "name" : "Comedy"
    } ]
  }, {
    "id" : 317193,
    "title" : "Looney Tunes Platinum Collection: Volume One",
    "overview" : "Looney Tunes Platinum Collection: Volume 1 is a Blu-ray Disc and DVD box set by Warner Home Video. It was released on November 15, 2011. It contains 50 Looney Tunes and Merrie Melodies cartoons and numerous supplements. A DVD version of the box set was released on July 3, 2012, but contained no extras. All but seven cartoons included on this volume - Lovelorn Leghorn, The Hasty Hare, Hare-Way to the Stars, Bill of Hare, A Witch's Tangled Hare, Feline Frame-Up, and From A to Z-Z-Z-Z - have been previously released, either as a part of the Looney Tunes Golden Collection or a Looney Tunes Super Stars DVD.",
    "genres" : [ {
      "id" : 16,
      "name" : "Animation"
    } ]
  }, {
    "id" : 317198,
    "title" : "Bad Hair Day",
    "overview" : "The film is about a high school tech whiz (Laura Marano), who is determined to become prom queen. But on the big day, she suddenly wakes up having a bad hair day, and her destroyed prom dress, and everything that can go wrong, does go badly wrong. A police officer (Leigh-Allyn Baker) seeks the necklace that the teen somehow ends up possessing. Prom day goes really bad as the pair is pursued by a dogged jewel thief (Christian Campbell) on a wild ride cross around the city.",
    "genres" : [ {
      "id" : 10770,
      "name" : "TV Movie"
    }, {
      "id" : 12,
      "name" : "Adventure"
    }, {
      "id" : 35,
      "name" : "Comedy"
    } ]
  }, {
    "id" : 317203,
    "title" : "Welcome to Vermont: Four Stories of Resettled Identity",
    "overview" : "Welcome to Vermont: four stories of resettled identity, a 65-minute documentary, offers a nuanced view of lives of forcibly displaced people once they have achieved their ultimate desire to resettle in the US and \"live the American dream.\" In four vignettes, it takes us inside the daily lives of four families from Bosnia, Somalia, Iraq, and Rwanda who have recently resettled in Vermont, one of the smallest and most homogeneous states in the country. The documentary raises questions about identity, assimilation, and diversity and explores how the adaptation process differs from one ethnic group to another, from one individual to the next.  Welcome to Vermont is an intimate portrait of communities grappling to re-frame their identities as they strive to build their lives in America.  By sharing the stories featured in the film, Welcome to Vermont aims to engage the general public, educators, and students in a humanistic dialogue about diversity and tolerance.",
    "genres" : [ {
      "id" : 99,
      "name" : "Documentary"
    } ]
  }, {
    "id" : 317208,
    "title" : "Le sorcier du ciel",
    "overview" : "Venice Film Festival 1949",
    "genres" : [ ]
  }, {
    "id" : 317213,
    "title" : "The Twin Girls of Sunset Street",
    "overview" : "Enriqueta and Ramoneta run a business out of their house selling something too taboo to be available in any grocery store.",
    "genres" : [ {
      "id" : 53,
      "name" : "Thriller"
    }, {
      "id" : 16,
      "name" : "Animation"
    }, {
      "id" : 80,
      "name" : "Crime"
    } ]
  }, {
    "id" : 317223,
    "title" : "Cum Drippers #2",
    "overview" : "This Vince Vouyer original release has been re-edited, includes never before seen footage, and brand spankin' new footage as well! Completely re-mastered and packaged for your consumption, CUM DRIPPERS #2 is truly one of Vince's prized possessions! The young and very horny Lea DeMae is first up, handling two big black studs at once! Donna Marie is next and she's one sex hungry blonde who eats her partners ass out as well as swallowing his member whole! Tabitha Stern is next and she enjoys a good ride just like the next girl, but likes the taste of her own cream pie even more! Next up is Danielle Rush, a nasty young brunette that enjoys both white and dark meat. Cover girl Monica Sweetheart is our finale and man, is she worth the wait. She takes her partner on and holds nothing back as she offers up her p*ssy and ass for the taking, all the while screaming in ecstasy begging for her own special desert, a cream pie of a life time!",
    "genres" : [ ]
  }, {
    "id" : 317228,
    "title" : "Bericht von den Inseln",
    "overview" : "",
    "genres" : [ {
      "id" : 18,
      "name" : "Drama"
    } ]
  }, {
    "id" : 317233,
    "title" : "Und nicht mehr Jessica",
    "overview" : "",
    "genres" : [ {
      "id" : 18,
      "name" : "Drama"
    } ]
  }, {
    "id" : 317238,
    "title" : "The Zoo",
    "overview" : "A Oswald the Lucky Rabbit cartoon.",
    "genres" : [ ]
  }, {
    "id" : 317243,
    "title" : "Chris Columbo",
    "overview" : "A fun, tune-filled retelling of the legendary Christopher Columbus telling of the world being round, and going on his ocean voyage.",
    "genres" : [ ]
  }, {
    "id" : 317248,
    "title" : "Kooky Cucumbers",
    "overview" : "The adventures of Possible Possum and his swamp-bound friends.",
    "genres" : [ ]
  }, {
    "id" : 317253,
    "title" : "The Unhandy Man",
    "overview" : "On a rainy afternoon, exasperated Bessie is fed up with getting soaked opening and closing the garage door.",
    "genres" : [ {
      "id" : 16,
      "name" : "Animation"
    } ]
  }, {
    "id" : 317258,
    "title" : "Mouse in the House",
    "overview" : "Bessie is doing the dishes when a mouse makes his presence known in the kitchen. She calls for an exterminator.",
    "genres" : [ {
      "id" : 16,
      "name" : "Animation"
    } ]
  }, {
    "id" : 317263,
    "title" : "A Balmy Knight",
    "overview" : "Sir Blur was Famous Studios' answer to Mr. Magoo in that he was another nearsighted fellow who mistakes something or someone for something else.",
    "genres" : [ ]
  }, {
    "id" : 317268,
    "title" : "A Clue for Scooby-Doo",
    "overview" : "The kids suspect an old ghost in a green-glowing sea-diver suit is connected with the disappearance of several boats.",
    "genres" : [ {
      "id" : 16,
      "name" : "Animation"
    }, {
      "id" : 10751,
      "name" : "Family"
    }, {
      "id" : 9648,
      "name" : "Mystery"
    } ]
  }, {
    "id" : 317273,
    "title" : "Kelly the Coed - Rush Week",
    "overview" : "Meet Kelly the Coed. Fresh out of high school and away from home for the first time, what's a young freshman to do but get into trouble? Watch as Kelly experiences her first Rush Week on Greek Row as rowdy frat boys pledge new brothers and little sisters at wild toga parties. But the Greek system never saw a little sister quite like Kelly the Coed. All the holes are open boys, so grab a beer bong and go for a ride!",
    "genres" : [ {
      "id" : 10749,
      "name" : "Romance"
    }, {
      "id" : 35,
      "name" : "Comedy"
    }, {
      "id" : 18,
      "name" : "Drama"
    } ]
  }, {
    "id" : 317278,
    "title" : "Brain 17",
    "overview" : "Brain is the world's greatest computer, and also the most intelligent being on planet Earth. One day, Brain decides to abandon its terrestrial moorings, and it's up to The Defenders to track it down. Unfortunately, Brain has developed an amazing army of deadly giant robots, including one with a huge \"17\" emblazoned on its chest-plate, with which it plans to subjugate its creators. A young boy whose family was killed by Brain's followers manages to activate Daitetsujin 17, which thereafter comes to his rescue whenever he is in danger from Brain's minions.",
    "genres" : [ {
      "id" : 10751,
      "name" : "Family"
    }, {
      "id" : 878,
      "name" : "Science Fiction"
    }, {
      "id" : 28,
      "name" : "Action"
    }, {
      "id" : 10770,
      "name" : "TV Movie"
    } ]
  }, {
    "id" : 317283,
    "title" : "Tom & Jerry  - Hijinks & Shrieks",
    "overview" : "The chase continues as Tom the cat pursues Jerry the mouse through seven vintage cartoons. William Hanna and Joseph Barbera directed the best of these: \"The Flying Cat\" (1952); \"Missing Mouse\" (1953); \"Two Little Indians\" (1953); the Oscar-nominated \"Touché, Pussy Cat\" (1954); and \"The Flying Sorceress\" (1956). The latter finds Tom tormenting his rodent nemesis from the air after borrowing a magic broom of a witch voiced by June Foray -- a.k.a. Rocky of Rocky &amp; Bullwinkle -- among others. While the mayhem quotient is still high, these are less violent than the duo's 1940 cartoons. This collection also includes two lesser cartoons directed by Chuck Jones, \"Is There a Doctor in the House?\" (1964) and \"Haunted Mouse\" (1965).",
    "genres" : [ {
      "id" : 16,
      "name" : "Animation"
    } ]
  }, {
    "id" : 317288,
    "title" : "Marie Brand und das Mädchen im Ring",
    "overview" : "",
    "genres" : [ {
      "id" : 80,
      "name" : "Crime"
    } ]
  }, {
    "id" : 317293,
    "title" : "Looney Tunes Super Stars Tweety & Sylvester: Feline Fwenzy",
    "overview" : "It's not your imagination; you really \"taw a puddy tat.\" Laugh your way through 15 bird-chasing, all-time cartoon favorites with \"Looney Tunes Super Stars: Tweety & Sylvester.\" It's a grand collection featuring the clever canary and the cagey cat. Includes classic Warner Bros. cartoons like \"The Last Hungry Cat,\" \"Snow Business,\" \"Birds Anonymous\" and the Oscar-winning short \"Tweetie Pie.\"",
    "genres" : [ {
      "id" : 35,
      "name" : "Comedy"
    }, {
      "id" : 16,
      "name" : "Animation"
    } ]
  }, {
    "id" : 317303,
    "title" : "Marie Brand und das Lied von Tod und Liebe",
    "overview" : "",
    "genres" : [ {
      "id" : 80,
      "name" : "Crime"
    } ]
  }, {
    "id" : 317313,
    "title" : "The Lonely House",
    "overview" : "Venice Film Festival 1949",
    "genres" : [ ]
  }, {
    "id" : 317318,
    "title" : "Our Father",
    "overview" : "A precocious young African American girl is conflicted with the representation of her identity within her religion.  She lives with her grandmother, who is a traditionalist at heart and doesn’t accept new ideas easily.",
    "genres" : [ ]
  }, {
    "id" : 317323,
    "title" : "Ballet Body",
    "overview" : "If you've always desired the sleek toned muscles of ballet dancers, this workout is for you! Jennifer Galardi has created five mini workouts blending exercises from classical ballet, Pilates and yoga to deliver a workout that elongates and strengthens your entire body AND feels amazing. Each segment delivers maximum benefits to ensure you'll see results whether you pick one or all routines. Choose from: Warm Up, Strength, Balance, Floor Barre, or Stretch or put all of them together for an hour long intense toning and stretch session!",
    "genres" : [ ]
  }, {
    "id" : 317328,
    "title" : "Chuquiago",
    "overview" : "Racial, social and cultural aspects of La Paz (called Chuquiago by the Aymaras) seen through four stories.",
    "genres" : [ {
      "id" : 18,
      "name" : "Drama"
    } ]
  }, {
    "id" : 317333,
    "title" : "Tomorrow Is Too Late",
    "overview" : "Domani e Troppo Tardi is the first of two Leonide Moguy films dealing with the travails of postwar Italian life; the second was Domani e un altro Giorno. The story concerns the efforts to provide a proper sex education for youngsters. Progressive schoolteachers Landi (Vittorio de Sica) and Anna (Lois Maxwell) have a profound influence on two of their young students, Mirella (Anna Maria Pierangeli) and Franco (Gino Leuri). The two kids are enamored of one another, and decide to experiment with some of the knowledge they've gleaned in the classroom...with devastating results. Eighteen-year-old Anna Maria Pierangeli, who makes her film debut in Domani e Troppo Tardi and also appeared in Domani e un altro Giorno, later changed her professional name to Pier Angeli.",
    "genres" : [ {
      "id" : 18,
      "name" : "Drama"
    } ]
  }, {
    "id" : 317338,
    "title" : "Barbe-Bleue",
    "overview" : "Just before wowing international critics and moviegoers with his adventure romp Fanfan la Tulipe, director Christian-Jaque dashed off the lampoonish Barbe-Bleue. Ostensibly the story of the famed wife-killing potentate Bluebeard (Pierre Brasseur), this lighthearted costumer begins as the title character is poised to march down the matrimonial aisle for the eighth time. Barbe-Bleue's newest spouse Aline (Cécile Aubry) is kept in line by her husband's claims of murdering her predecessors. But when Aline opens the famous locked door to the equally famous hidden room, both she and the audience are in for quite a surprise. The frivolous nature of Barbe-Bleue is underlined by its pleasing utilization of the French Gezacolor process.",
    "genres" : [ {
      "id" : 18,
      "name" : "Drama"
    }, {
      "id" : 35,
      "name" : "Comedy"
    } ]
  }, {
    "id" : 317343,
    "title" : "Addicted To Boobs 5",
    "overview" : "Bra-bustin' babes and their huge knockers cause the hardest cocks to splooge like crazy! These hotties fuck and suck like no ones business and are sure to please every big boob lover out there! So take a seat and get comfortable, you're gonna be here for a long time!",
    "genres" : [ ]
  }, {
    "id" : 317348,
    "title" : "Hunger Strife",
    "overview" : "It's the first day of tourist season at Peachstone National Park and Ranger Willoughby is told by his superior to \"keep things ship-shape\".",
    "genres" : [ {
      "id" : 16,
      "name" : "Animation"
    } ]
  }, {
    "id" : 317353,
    "title" : "Eggnapper",
    "overview" : "Tourist season is over and Ranger Willoughby closes the park for the winter, telling the bears they will have to forage for themselves from now on.",
    "genres" : [ {
      "id" : 16,
      "name" : "Animation"
    } ]
  }, {
    "id" : 317358,
    "title" : "Riverboat Mission",
    "overview" : "Hector Heathcote has his own Mississippi riverboat in the War of 1812. The Americans are running out of powder, and the British are winning the war. Hector is assigned to bring some ammunition by boat. When the ammunition runs loose, the Americans win the war. Hector goes down in history as an unsung hero.",
    "genres" : [ ]
  }, {
    "id" : 317368,
    "title" : "El Enigma de los Libros Plúmbeos",
    "overview" : "",
    "genres" : [ {
      "id" : 99,
      "name" : "Documentary"
    } ]
  }, {
    "id" : 317373,
    "title" : "A Flight to the Finish",
    "overview" : "Hector is working his crops. When a bird flies over, he gets a desire to fly, too. He finds an eagle's nest. As he is getting lessons from a baby eagle, the mother appears. She is not happy with Hector. Not to be outdone, Hector builds himself a flying machine. It doesn't fly. Then he ties himself to a kite and to a horse. He flies... right into a tree.",
    "genres" : [ ]
  }, {
    "id" : 317378,
    "title" : "Mit 25 geht's bergab",
    "overview" : "",
    "genres" : [ {
      "id" : 99,
      "name" : "Documentary"
    } ]
  }, {
    "id" : 317383,
    "title" : "Tough Guise 2",
    "overview" : "In this highly anticipated update of the influential and widely acclaimed Tough Guise, pioneering anti-violence educator and cultural theorist Jackson Katz argues that the ongoing epidemic of men's violence in America is rooted in our inability as a society to move beyond outmoded ideals of manhood.",
    "genres" : [ {
      "id" : 99,
      "name" : "Documentary"
    } ]
  }, {
    "id" : 317388,
    "title" : "Milfs Anthology",
    "overview" : "\"Are you into MILFs with big tits? What are you waiting for? This movie is the one for you! With 16 scenes from MARC DORCEL's most prestigious productions, discover more than a dozen mature women with only one thing on their minds: let their knowledge of the pleasures of the flesh do the talking and reach the ultimate orgasm! Deep throat, anal, double penetration and gangbangs, there's something for everyone! Nothing is off-limits as these mature stunners give themselves fully to their male lovers and let you watch as they give in to their wildest fantasies. The experience of these legendary actresses knows no bounds. So come and enjoy! You won't be disappointed...",
    "genres" : [ ]
  }, {
    "id" : 317403,
    "title" : "Uncle Joey",
    "overview" : "Joey, a mouse caricature of Joe E. Brown, comes to visit a bunch of kiddie mice in their home inside a wall. A cat that's been chasing them is easily outwitted by Joey.",
    "genres" : [ ]
  }, {
    "id" : 317408,
    "title" : "All About 'V'",
    "overview" : "Forest animals do their part for the war effort. A cartoon that makes you proud to be an American.",
    "genres" : [ ]
  }, {
    "id" : 317413,
    "title" : "スク水H THE BEST 6",
    "overview" : "",
    "genres" : [ ]
  }, {
    "id" : 317418,
    "title" : "スク水H* THE BEST 5",
    "overview" : "",
    "genres" : [ ]
  }, {
    "id" : 317423,
    "title" : "The Wreck of the Hesperus",
    "overview" : "When the sailing ship 'Hesperus' gets into trouble in a raging sea-storm, the ever-vigilant lighthouse keeper, Mighty Mouse, flies forth and comes to the rescue of the captain, his fair-maiden daughter, and the crew.",
    "genres" : [ {
      "id" : 16,
      "name" : "Animation"
    } ]
  }, {
    "id" : 317433,
    "title" : "Beanstalk Jack",
    "overview" : "A Terrytoon reworking of Jack and the Beanstalk, and the hen/goose that laid the golden eggs; here, the hen is a Jackpot that lays/produces golden coins, and swings a mean mallet in protecting Jack from the evil giant.",
    "genres" : [ ]
  }, {
    "id" : 317438,
    "title" : "Kiddie Koncert",
    "overview" : "Wally Walrus is the conductor at a local schoolhouse who conducts the entire school band to the tune of \"Morning, Noon, and Night in Vienna\".",
    "genres" : [ {
      "id" : 16,
      "name" : "Animation"
    } ]
  }, {
    "id" : 317443,
    "title" : "Banktresor 713",
    "overview" : "",
    "genres" : [ {
      "id" : 18,
      "name" : "Drama"
    }, {
      "id" : 80,
      "name" : "Crime"
    } ]
  }, {
    "id" : 317448,
    "title" : "Men on Call",
    "overview" : "A drama released by Fox starring Edmund Lowe and Mae Clarke.",
    "genres" : [ {
      "id" : 18,
      "name" : "Drama"
    } ]
  }, {
    "id" : 317453,
    "title" : "Pauken und Trompeten",
    "overview" : "",
    "genres" : [ {
      "id" : 35,
      "name" : "Comedy"
    } ]
  }, {
    "id" : 317458,
    "title" : "Zucchero - La Sesion Cubana",
    "overview" : "Zucchero describes his new album in his own words: My music, as everybody knows, comes from blues, from soul, from gospel. This project is a trip from New Orleans to Cuba via Mexicali. Latin, Cuban, tex-mex sounds and rhythms melt together dancing. Hasta l asta siempre.",
    "genres" : [ {
      "id" : 10402,
      "name" : "Music"
    } ]
  }, {
    "id" : 317463,
    "title" : "Why Me?",
    "overview" : "Cristian, a young idealistic prosecutor whose career is on the rise, tries to crack a case against a senior colleague accused of corruption. The dilemma of choosing between his career and the truth weighs heavily on his shoulders. Looking further to solve the case, he enters a danger zone paved with unexpected and painful revelations.",
    "genres" : [ {
      "id" : 53,
      "name" : "Thriller"
    }, {
      "id" : 80,
      "name" : "Crime"
    }, {
      "id" : 18,
      "name" : "Drama"
    } ]
  }, {
    "id" : 317468,
    "title" : "The Black Heart Procession: The Tropics of Love",
    "overview" : "Tropics of Love is the visual companion of \"Amore Del Tropico,\" the Black Heart Procession's fourth full-length album. A sweat-soaked murder-mystery concept album, \"Tropics\" gives faces to the characters and backdrops to the musical themes. It tells the",
    "genres" : [ {
      "id" : 10402,
      "name" : "Music"
    } ]
  }, {
    "id" : 317473,
    "title" : "Pirates",
    "overview" : "A pirate radio, the girl next door, and a test of friendship.",
    "genres" : [ {
      "id" : 35,
      "name" : "Comedy"
    }, {
      "id" : 18,
      "name" : "Drama"
    } ]
  }, {
    "id" : 317478,
    "title" : "Goons from the Moon",
    "overview" : "The inhabitants of the quiet mouse village are thrown in a panic when it is learned that that a strange planet is approaching. The planet lands and throngs of bat-winged cats attack the mice with strange weapons. But Mighty Mouse arrives and sends the invaders fleeing.",
    "genres" : [ ]
  }, {
    "id" : 317483,
    "title" : "Locas Vacaciones",
    "overview" : "A Frenchwoman tempts a man amid unrest on a balmy island",
    "genres" : [ {
      "id" : 35,
      "name" : "Comedy"
    } ]
  }, {
    "id" : 317488,
    "title" : "Chicago Blues Jam: Hubert Sumlin / Rod Piazza",
    "overview" : "Known for its sizzling Monday-night jam sessions and impressive weekend marquee, the Chicago stage at Buddy Guy's Legends (owned by its celebrated namesake) has played host to some of the most talented blues artists in the world. This installment of the Chicago Blues Jam series features memorable performances by Hubert Sumlin and Rod Piazza, an \"old dog\" and a \"new dog\" who both have plenty of tricks.",
    "genres" : [ ]
  }, {
    "id" : 317493,
    "title" : "Dragon Knight: Wheel of Time",
    "overview" : "It's been years since hero Takeru was at the top of his game. And now, it's time for Takeru's son, Kakeru, to take up the heroic knight's mantle and save the kingdom from a burgeoning evil. Lucifon's minions are on the march, preceded by a mysterious black mist that turns everyone it touches to stone. Led by Eto, Kakeru and his friends must take the fight into the very heart of Lucifon's despotic empire or become statues for his garden.",
    "genres" : [ ]
  }, {
    "id" : 317498,
    "title" : "Israel at Eurovision: Song Festival",
    "overview" : "Collected over the course of three decades, this compilation rounds up 27 of Israel's entries in the Eurovision Song Contest, an international music competition in which countries submit a song to be performed on live television. Highlights include Israel's winning songs -- \"Abanibi\" (1978) and \"Diva\" (1998) -- plus footage of opening and closing night festivities from the 1979 and 1999 contests, when Israel played host.",
    "genres" : [ ]
  } ]
}