{
  "movies" : [ {
    "id" : 343983,
    "title" : "Aadmi Khilona Hai",
    "overview" : "The Verma family consists of two brothers, Vijay and Sharad (Jeetendra and Govinda respectively), Vijay's wife, Ganga (Reena Roy), and their daughter. Sharad is unmarried and is studying in college, while Vijay runs the household on his income. In college, Sharad meets with Punam (Meenakshi Sheshadhri) and both are attracted to each other. Ganga and Vijay get them married, but permit them a married life only after they complete their studies, which they do so. They are devastated to learn that Punam cannot be a mother, so Ganga lets Punam mother her child. Soon Sharad gets a job, which gets him to re-locate to another city, and there are tearful good-byes. Punam decides to keep Ganga's child with her. But Ganga has been kind to Punam and Sharad for a reason, and now the time has come for payback.",
    "genres" : [ ]
  }, {
    "id" : 343988,
    "title" : "Ghost Crocodile",
    "overview" : "Ghost Crocodile",
    "genres" : [ {
      "id" : 27,
      "name" : "Horror"
    } ]
  }, {
    "id" : 343993,
    "title" : "Julie la douce",
    "overview" : "Julie is cycling along a country lane when she is knocked off her bike by Edouard's limousine. He and his chauffeur pick her up and take her to his mansion to recover. Edouard's wife, Louise, is out and the maid, Ingrid, is dusting a high shelf. Edouard cannot resist groping Ingrid and then going down on her as she lies on the table. He gets the chauffeur, Armand, to join in for a threesome. Armand cums first, giving her a facial, and then Louise arrives home. Armand helps her with her bag and presses a buzzer to warn his employer of his wife's arrival.",
    "genres" : [ ]
  }, {
    "id" : 344003,
    "title" : "Impair et père",
    "overview" : "",
    "genres" : [ ]
  }, {
    "id" : 344008,
    "title" : "Mon voisin du dessus",
    "overview" : "",
    "genres" : [ ]
  }, {
    "id" : 344013,
    "title" : "Vous êtes mon sujet",
    "overview" : "",
    "genres" : [ ]
  }, {
    "id" : 344023,
    "title" : "Fervor",
    "overview" : "Two-channel video installation by Shirin Neshat",
    "genres" : [ ]
  }, {
    "id" : 344033,
    "title" : "Satan's Coming For You",
    "overview" : "Matt Marshall stars as Bubba, a man who murdered his cheating wife, but is still desperately in love with her. He enlists the help of his friend Alister (Bailey) to help dig up her corpse, and the two bag up her bones and take them home so that Bubba can dance with his love one last time.",
    "genres" : [ ]
  }, {
    "id" : 344038,
    "title" : "Strange Experiment",
    "overview" : "Doctors perform brain surgery to reform a hardened criminal",
    "genres" : [ ]
  }, {
    "id" : 344043,
    "title" : "Hole",
    "overview" : "A disabled man yearns for intimacy in a world that would rather ignore him.",
    "genres" : [ ]
  }, {
    "id" : 344048,
    "title" : "Birthday",
    "overview" : "Sky Arts’ adaptation of Joe Penhall’s 2012 Royal Court play Birthday sees Mangan reprise the role of Ed who endures a caesarian birth with his high-flying wife by his side.",
    "genres" : [ ]
  }, {
    "id" : 344053,
    "title" : "Angry Birds: Year of the Dragon",
    "overview" : "The Angry Birds are celebrating the Year of the Chinese Dragon.",
    "genres" : [ {
      "id" : 35,
      "name" : "Comedy"
    }, {
      "id" : 16,
      "name" : "Animation"
    } ]
  }, {
    "id" : 344058,
    "title" : "Britannica's Beauty and the Beast",
    "overview" : "Britannica's Fairy Tales from Around the World presents \"Beauty and the Beast &amp; Other Animated Tales.\" A bevy of beasts all come together in this dazzling assortment of fairy tale classics. Produced by Encyclopedia Beirtannica, this collection of colorful cartoons tell the stories of fretful maidens, cursed princes, and helpful animals both big and small.  Includes 4 Animated Tales- 1) Beauty and the Beast, 2) Sedna, 3) The Chinese Parrot, 4) The Scarecrow",
    "genres" : [ ]
  }, {
    "id" : 344063,
    "title" : "Moon",
    "overview" : "A process of changing from the atomic scale to outer space, vibrant dialogue between opposite forces. A point of mutation in which darkness is replaced by light. MOON is an abstract animation film directly handmade on 16mm unexposed film stock. A handmade voyage to the moon.",
    "genres" : [ {
      "id" : 16,
      "name" : "Animation"
    } ]
  }, {
    "id" : 344073,
    "title" : "Die Toten Hosen - Rock am Ring",
    "overview" : "",
    "genres" : [ {
      "id" : 10402,
      "name" : "Music"
    } ]
  }, {
    "id" : 344078,
    "title" : "System of a Down Live in Yerevan, Armenia 2015",
    "overview" : "System of a Down  - Yerevan, Armenia - 23.04.2015  1. Holy Mountains, 2. Jet Pilot, 3. Suite-Pee, 4. Prison Song, 5. U-Fig, 6. Aerials, 7. Soldier Side - Intro, 8. B.Y.O.B., 9. I-E-A-I-A-I-O, 10. Radio/Video, 11. Bubbles, 12. CUBErt, 13. Hypnotize, 14. Dreaming, 15. Needles, 16. Deer Dance, 17. P.L.U.C.K., 18. Sartarabad, 19. Psycho, 20. Chop Suey!, 21. Lonely Day, 22. Question!, 23. Bounce, 24. Kill Rock 'n Roll, 25. Marmalade, 26. Lost in Hollywood, 27. Spiders, 28. Mr. Jack, 29. Science, 30. Chic 'N' Stu, 31. ATWA, 32. War?, 33. Arto, 34. Cigaro, 35. Roulette, 36. Toxicity, 37. Sugar",
    "genres" : [ ]
  }, {
    "id" : 344083,
    "title" : "****",
    "overview" : "Photographed entirely in color, Four Stars was projected in its complete length of nearly 25 hours (allowing for projection overlap of the 35-minute reels) only once, at the Film-Makers' Cinematheque in the basement of the now-demolished Wurlitzer Building at 125 West 41st Street in New York City. The imagery in the film is dense, wearying and beautiful, but ultimately hard to decipher, for, in contrast to his earlier, and more famous film Chelsea Girls, made in 1966, Warhol directed that two reels be screened simultaneously on top of each other on a single screen, rather than side-by-side. (Wikipedia)",
    "genres" : [ ]
  }, {
    "id" : 344088,
    "title" : "Eat Your Makeup",
    "overview" : "John Waters' first sixteen-millimetre film, about a deranged nanny who kidnaps young girls and forces them to 'model themselves to death' in front of her boyfriend and their crazed friends.",
    "genres" : [ {
      "id" : 35,
      "name" : "Comedy"
    } ]
  }, {
    "id" : 344093,
    "title" : "Block",
    "overview" : "Day through night Block is a portrait of a 1960’s London tower block, its interior and exterior spaces explored and revealed, patterns of activity building a rhythm and viewing experience not dissimilar from the daily observations of the security guard sat watching the flickering screens with their fixed viewpoints and missing pieces of action.—http://emilyrichardson.org.uk",
    "genres" : [ ]
  }, {
    "id" : 344098,
    "title" : "Dual City",
    "overview" : "2034,Japan is divided into north and south parts.In the south,people live a peaceful life,while conflicts are going on in the north. For Yoriko,a nurse in the north,her sole consolation is to visit where she can access her late daughter’s lifetime information.One day,Yoriko is abducted,but she learns that dead individual’s total memories are preserved as  in the south,and that her daughter is still alive in that form.Yoriko heads south to see her daughter.She is helped by a hacker group intending to expose the injustice of the state.",
    "genres" : [ {
      "id" : 878,
      "name" : "Science Fiction"
    } ]
  }, {
    "id" : 344103,
    "title" : "Moldy",
    "overview" : "Bulletproof Films investigates the dangerous world of toxic environmental mold in the new documentary film MOLDY. Produced by prominent biohacker, bestselling author, and Bulletproof Founder, Dave Asprey, and directed by Kee Kee Buckley and Eric Troyer, the film uncovers the frightening truth about this growing health crisis far more dangerous than asbestos and lead paint, and exposes risks, explains the effects, and shares solutions for keeping our families strong.",
    "genres" : [ {
      "id" : 99,
      "name" : "Documentary"
    } ]
  }, {
    "id" : 344108,
    "title" : "Frontier Wolf",
    "overview" : "A secret service agent is sent to investigate various acts of sabotage.",
    "genres" : [ {
      "id" : 53,
      "name" : "Thriller"
    } ]
  }, {
    "id" : 344113,
    "title" : "Living Legends",
    "overview" : "Group of friends meet again, 13 years after their prom because of a problem of one of them, and face the opportunity to experience the things in life they have always put aside in life so far.",
    "genres" : [ {
      "id" : 10749,
      "name" : "Romance"
    }, {
      "id" : 35,
      "name" : "Comedy"
    }, {
      "id" : 18,
      "name" : "Drama"
    } ]
  }, {
    "id" : 344118,
    "title" : "Not About Us",
    "overview" : "Pared down, wordless and whimsical: \"Not About Us\" is a symbolic staging of the complex dance of rapprochement between a man and a woman. A mechanical ballet flitting between black and white, light and dark and countless mirroring motions - until at last contact is made and a relationship develops.",
    "genres" : [ {
      "id" : 16,
      "name" : "Animation"
    } ]
  }, {
    "id" : 344123,
    "title" : "Perfect Match",
    "overview" : "When an engaged couple can’t agree on anything, the mother of the groom (Linda Gray) hires a wedding planner (Danica McKellar) and an event planner (Paul Greene) to help put together the wedding of their dreams.  The two planners are as different as night and day, but as they too learn to compromise, they discover opposites do indeed attract and can combine to produce incredible results!",
    "genres" : [ {
      "id" : 35,
      "name" : "Comedy"
    }, {
      "id" : 10749,
      "name" : "Romance"
    } ]
  }, {
    "id" : 344128,
    "title" : "Urashima and Undersea Kingdom",
    "overview" : "Urashima Tarō (浦島太郎?) is an animated film produced by Seitaro Kitayama in 1918, which was found in an antique shop in Osaka in March 2008. The film is an adaptation of a folk tale Urashima Tarō about a fisherman traveling to an underwater world on a turtle. It premiered on February 1918.",
    "genres" : [ {
      "id" : 16,
      "name" : "Animation"
    } ]
  }, {
    "id" : 344133,
    "title" : "Affittasi Gigolo",
    "overview" : "",
    "genres" : [ ]
  }, {
    "id" : 344138,
    "title" : "Our Tall Man",
    "overview" : "Documentary about Manute Bol and the Sudan.",
    "genres" : [ ]
  }, {
    "id" : 344148,
    "title" : "Tunay na ina",
    "overview" : "Magdalena (Rosario Moreno) becomes pregnant because she was raped by Antonio (Exequiel Segovia). Before his death, her father (Precioso Palma) gives up the baby for adoption, thinking that no man can ever understand her past. Magdalena is engaged to Roberto (Rudy Concepcion), a decent, well-off young man. Haunted by her conscience, Magdalena writes Roberto a letter, admitting her past. Her aunt, afraid that the wedding may be called off, intercepts the letter and hides it. Assuming that Roberto has accepted her in spite of her past, she marries him.",
    "genres" : [ ]
  }, {
    "id" : 344153,
    "title" : "Free sample",
    "overview" : "The story of a young woman in the effort to discover the ideal love, falling into the wrong men.",
    "genres" : [ {
      "id" : 35,
      "name" : "Comedy"
    } ]
  }, {
    "id" : 344158,
    "title" : "Fernández – Gutierrez, Ohio 1991",
    "overview" : "Footage collection of a Chilean family who seeking the American dream on an American midwest town.",
    "genres" : [ ]
  }, {
    "id" : 344163,
    "title" : "Climas",
    "overview" : "Three women of vastly differing ages and origins cope with life in three distinct regions of Peru. Eva, a young girl from the lush tropics of the Amazonian jungle, experiences a sexual awakening by way of a forbidden relationship with her uncle. Victoria, a wealthy socialite from Lima, suffers a terrible secret that renders her inner life as gray and melancholic as the city surrounding her. Zoraida, an elderly peasant from a destitute village in the Andean Mountains, confronts her worst fears in the wake of the unexpected return of her estranged son. Three unconnected regions, three introverted women, three stories of discovery shaped by three different geographies, societies and climates of the same fragmented country.",
    "genres" : [ {
      "id" : 18,
      "name" : "Drama"
    } ]
  }, {
    "id" : 344168,
    "title" : "Tarja Turunen: Luna Park Ride",
    "overview" : "Luna Park Ride is the third live album released by the Finnish soprano Tarja Turunen as a solo artist. The concert was filmed at Stadium Luna Park in Buenos Aires, Argentina by the fans and mixed by Tim Palmer. Apart from this show the release also contains 70 minutes of bonus material filmed during 2010-2014.",
    "genres" : [ {
      "id" : 10402,
      "name" : "Music"
    } ]
  }, {
    "id" : 344173,
    "title" : "Bonjour Balwyn",
    "overview" : "Kevin leaves a job in insurance to start his own magazine. As his debts mount, Kevin’s prospects begin to look brighter in the criminal world.",
    "genres" : [ ]
  }, {
    "id" : 344178,
    "title" : "Hoke",
    "overview" : "Life and misadventures of homicide detective Hoke Moseley during the 1980s.",
    "genres" : [ {
      "id" : 80,
      "name" : "Crime"
    }, {
      "id" : 18,
      "name" : "Drama"
    } ]
  }, {
    "id" : 344188,
    "title" : "Hugo",
    "overview" : "It's a big day for self-proclaimed good guy, Hugo; he's about to become a serial killer.",
    "genres" : [ {
      "id" : 53,
      "name" : "Thriller"
    }, {
      "id" : 18,
      "name" : "Drama"
    } ]
  }, {
    "id" : 344193,
    "title" : "The Unforgiving",
    "overview" : "As Serb forces close in on Srebrenica a Serbian mother seeks the body of her 11-year old son, who was tortured and killed by Muslims in Bosnia.",
    "genres" : [ {
      "id" : 10752,
      "name" : "War"
    }, {
      "id" : 99,
      "name" : "Documentary"
    } ]
  }, {
    "id" : 344198,
    "title" : "No Doubt: MTV World Stage",
    "overview" : "No Doubt performs in Frankfurt, Germany in 2012; songs include \"Just a Girl,\" \"Don't Speak,\" \"Hella Good,\" \"It's My Life,\" and selections from \"Push and Shove.\"",
    "genres" : [ {
      "id" : 10402,
      "name" : "Music"
    } ]
  }, {
    "id" : 344203,
    "title" : "Calino veut être cow-boy",
    "overview" : "In \"Calino Wants to Be a Cowboy\", Clément Mégé plays the boob, Calino. He wants to live the cowboy life and travels to America to see the West. There he meets some real cowboys who seem to think he's hilarious--as he's totally out of his element and a bit of an idiot as well.",
    "genres" : [ ]
  }, {
    "id" : 344208,
    "title" : "Le baptême de Calino",
    "overview" : "While the film is about the baptism of a child, this isn't 100% apparent by the action. Out of the blue, midway through the film, the 'baby' walks off, steals a bicycle and goes on a made dash--followed by the members of the baptism party.",
    "genres" : [ ]
  }, {
    "id" : 344213,
    "title" : "7 Cases",
    "overview" : "Two retired bank robbers agree to one last job. A face from their past steals their proceeds and divides the cash into 7 Cases.... each one is left with someone they know. If they take a case, the victim dies... if they don't get there in time... the victim dies.... if they tamper with the traps...they all die... Their day goes from bad to worse as they encounter all the faces from their past and have to make some heartbreaking decisions.",
    "genres" : [ {
      "id" : 53,
      "name" : "Thriller"
    }, {
      "id" : 80,
      "name" : "Crime"
    }, {
      "id" : 18,
      "name" : "Drama"
    } ]
  }, {
    "id" : 344218,
    "title" : "Calino dompteur par amour",
    "overview" : "One day, Calino has the bold and imprudent idea to follow a woman down the street. The woman leads him all the way to the traveling lion cage run by her husband. To avoid her husband's jealous anger, the woman introduces Calino as an apprentice lion tamer. Unassured, Calino has to enter the cage, but his fear is so intense that he forgets to shut the door behind him.",
    "genres" : [ {
      "id" : 35,
      "name" : "Comedy"
    } ]
  }, {
    "id" : 344223,
    "title" : "100 Cameras: Capturing Lars von Trier's Vision",
    "overview" : "A behind-the-scenes look at the making of \"Dancer in the Dark\" by Lars von Trier.",
    "genres" : [ ]
  }, {
    "id" : 344228,
    "title" : "A Night in Town",
    "overview" : "A maid and butler take advantage of their employers' absence and have a party.",
    "genres" : [ ]
  }, {
    "id" : 344238,
    "title" : "Please, Call Back Later",
    "overview" : "Escaping from her daily routine, a girl gets into an imaginary city of her dreams - Seoul.",
    "genres" : [ {
      "id" : 16,
      "name" : "Animation"
    } ]
  }, {
    "id" : 344243,
    "title" : "Silica-Esc",
    "overview" : "SILICA-ESC is a generative movie that portrays possible computing platform for the future. The story takes place in Singapore, where the decision about massive production of the new computing platform - SILICA-ESC is about to be made. The protagonists challenge the emerging supercomputer with issues like: class segregations, rules of art making, and spirituality. These questions seem like they are very important for the future developments of the global IT sector. Also, they are considered to be the most difficult ones and challenging for the super computer. But, SILICA-ESC responds with ease. By emitting audio, visual and scent impulses, she mesmerizes her first public users.",
    "genres" : [ {
      "id" : 878,
      "name" : "Science Fiction"
    }, {
      "id" : 16,
      "name" : "Animation"
    } ]
  }, {
    "id" : 344248,
    "title" : "Meri Biwi Ka Jawab Nahin",
    "overview" : "Ajay gets married to his childhood friend Durga; who is illiterate unable to differentiate between the style of these days and that of long time ago. When Ajay is given the post as police inspector he re-locates to Bombay and later on encourages Durga to move into there new home. In this new environment Durga will meet with some women who are subjected to injustice by some influential people, the police and corrupt politicians. Watch when Durga attempts to defend the rights of these women how she will be maligned and what impact it will cause on her marriage life.",
    "genres" : [ ]
  }, {
    "id" : 344253,
    "title" : "Pas de Deux de Deux",
    "overview" : "A parasitic presence has completely taken over the body of its host while allowing its movements and mannerisms to remain intact; a pas de deux from classical ballet has been restaged frame by frame with the two original dancers replaced by four new dancers. The movement remains continuous, but in each frame a different person occupies the dancers’ body spaces.",
    "genres" : [ ]
  }, {
    "id" : 344258,
    "title" : "Fish",
    "overview" : "In an unprecedented move for its day in 1915, Biograph Company executives hired actor Bert Williams to star, produce, direct, and write his own films, having full control, the first time a Black-American ever had such control given by a mainstream movie company. The two films made for Biograph were A Natural Born Gambler (1916) and Fish (1916).  Bert lives in a rustic-looking cottage with his parents and two much younger brothers. The three sons have been ordered to chop wood, but Bert would rather shirk his chores and go fishing. When his father orders him to take kindling to the stove, Bert sighs and wearily totes a couple of tiny sticks while his kid brothers carry large stumps. As soon as he can manage to escape Bert does so, and happily fishes at a nearby stream. Almost immediately he catches a large fish, and decides to head for a more affluent neighborhood to sell his catch to anyone willing to buy it.",
    "genres" : [ {
      "id" : 35,
      "name" : "Comedy"
    } ]
  }, {
    "id" : 344263,
    "title" : "Eccitazione Fatale",
    "overview" : "",
    "genres" : [ ]
  }, {
    "id" : 344268,
    "title" : "The New Adventures of Aladdin",
    "overview" : "A pair of losers working at department store plan to rob the place after it closes. When a bunch of kids show up begging for a story, the men launch into an improvised version of Aladdin.",
    "genres" : [ {
      "id" : 35,
      "name" : "Comedy"
    } ]
  }, {
    "id" : 344273,
    "title" : "Les Chalumeuses",
    "overview" : "",
    "genres" : [ ]
  }, {
    "id" : 344278,
    "title" : "The Decorator",
    "overview" : "Jimmy Aubrey comedy produced by Vitagraph.",
    "genres" : [ ]
  }, {
    "id" : 344283,
    "title" : "Boos in the Night",
    "overview" : "Musical cartoon with various scenarios set to popular songs.",
    "genres" : [ ]
  }, {
    "id" : 344288,
    "title" : "A Harem Hero",
    "overview" : "A Hank Mann Arrow comedy.",
    "genres" : [ ]
  }, {
    "id" : 344293,
    "title" : "Standing Pat",
    "overview" : "Ton O' Fun comedy produced by Larry Darmour.",
    "genres" : [ ]
  }, {
    "id" : 344298,
    "title" : "Dawn of the Dead 22 year reunion",
    "overview" : "Cinema Wasteland's 22 year reunion from back in 2000",
    "genres" : [ ]
  }, {
    "id" : 344303,
    "title" : "Non perdiamo la testa",
    "overview" : "A mad scientist pursues a man hoping to study his brain.",
    "genres" : [ ]
  }, {
    "id" : 344308,
    "title" : "Cum Swapping Sluts 11",
    "overview" : "Share and share alike! That goes for splooge, too. Featuring Tobi Pacific, Chelsie Rae, Roxy DeVille, Ariel Alexis, Naudia Marie and more.",
    "genres" : [ ]
  }, {
    "id" : 344313,
    "title" : "The Chicken Parade",
    "overview" : "Jimmy Aubrey comedy THE CHICKEN PARADE produced by Vitagraph.",
    "genres" : [ ]
  }, {
    "id" : 344318,
    "title" : "Don't Be Foolish",
    "overview" : "Billy gets into trouble with a couple of cops by littering in the park, and must use all his ingenuity to elude them.",
    "genres" : [ ]
  }, {
    "id" : 344323,
    "title" : "Where We Disappear",
    "overview" : "A young woman disappears, leaving behind her best friend, who becomes intertwined with her memory, in order to figure out the reasons of her absence.",
    "genres" : [ {
      "id" : 18,
      "name" : "Drama"
    }, {
      "id" : 9648,
      "name" : "Mystery"
    } ]
  }, {
    "id" : 344328,
    "title" : "Crossroads",
    "overview" : "A man finds himself at a spiritual crossroads and must choose which path to take according to his faith.",
    "genres" : [ {
      "id" : 9648,
      "name" : "Mystery"
    }, {
      "id" : 18,
      "name" : "Drama"
    } ]
  }, {
    "id" : 344333,
    "title" : "Nerve Tonic",
    "overview" : "Jimmie Adams comedy produced by Al Christie.",
    "genres" : [ ]
  }, {
    "id" : 344338,
    "title" : "The Drover's Wife",
    "overview" : "The Australian myth of the ‘drover's wife' retold from a different perspective.",
    "genres" : [ ]
  }, {
    "id" : 344343,
    "title" : "Ghostown",
    "overview" : "From the colorful explosion of human tourists known as Venice Beach, comes an Urban Fable of The 90's Pop Culture.",
    "genres" : [ ]
  }, {
    "id" : 344348,
    "title" : "Secrets",
    "overview" : "Andrew Blake uses his singular style to tell a story of Beverly Hills call girls who get caught up in international intrigue. The look of this picture is stupendous and the acting and photography are some of the best you'll find in adult. This is a modern porn film for folks who enjoy a storyline woven into their erotica. The women and the locations are all magnificent. This is a different style of erotic entertainment which has to be rated highly because of the quality of production.",
    "genres" : [ ]
  }, {
    "id" : 344353,
    "title" : "Zero Hour",
    "overview" : "Propaganda short about the allied landing in France.",
    "genres" : [ ]
  }, {
    "id" : 344358,
    "title" : "L'innocenza violata",
    "overview" : "",
    "genres" : [ ]
  }, {
    "id" : 344363,
    "title" : "Vice City: The Movie",
    "overview" : "A condensed version of Rockstar Games' \"Grand Theft Auto: Vice City\" in which, after being released from jail, Tommy Vercetti leaves Liberty City for Vice City--a city overrun by the mob. Now, Tommy is out to make the Vice City his home.",
    "genres" : [ ]
  }, {
    "id" : 344368,
    "title" : "This Is Orson Welles",
    "overview" : "Misunderstood genius, superstar, Hollywood’s fallen angel...  Orson Welles left his indelible mark on the 20th century.",
    "genres" : [ {
      "id" : 99,
      "name" : "Documentary"
    } ]
  }, {
    "id" : 344373,
    "title" : "FAMOUS COMPOSERS: Puccini",
    "overview" : "This biography of Puccini features portraits, music, commentary, rare archival material and concludes with an informative outline of the key works. Background excerpts are performed by the Elysian Ensemble. Extend your listening experiences by combining these biographical videos with our Greatest Hits CDs for a great introduction to classical music for ages 12 and up.  35 min.",
    "genres" : [ ]
  }, {
    "id" : 344378,
    "title" : "FAMOUS COMPOSERS Wagner",
    "overview" : "This biography of Wagner features portraits, music, commentary, rare archival material and concludes with an informative outline of the key works. Background excerpts are performed by the Elysian Ensemble. Extend your listening experiences by combining these biographical videos with our Greatest Hits CDs for a great introduction to classical music for ages 12 and up.  35 min.",
    "genres" : [ ]
  }, {
    "id" : 344383,
    "title" : "Store forventninger",
    "overview" : "Danish silent adaptation of Charles Dickens' Great Expectations.",
    "genres" : [ ]
  }, {
    "id" : 344388,
    "title" : "Lil' Scratch",
    "overview" : "An outdoorsman falls in love with a wild orphaned bear cub.",
    "genres" : [ ]
  }, {
    "id" : 344393,
    "title" : "I Know",
    "overview" : "In a basement, a man built his masterpiece ...",
    "genres" : [ {
      "id" : 18,
      "name" : "Drama"
    } ]
  }, {
    "id" : 344398,
    "title" : "Rapunzel... and more classic fairytales",
    "overview" : "Part of the Scholastic Storybook Treasures Collection, \"Rapunzel... and More Classic Fairytales\" brings 6 stories to life on the screen.  1) Rapunzel- A unique retelling of the story of Rapunzel, the girl with the long, golden hair.  2) The Talking Eggs- When a young girl befriends a mysterious elderly woman, magical things begin to happen.  3) The Elves and the Shoemaker- A Pair of elves secretly create an amazing pair of shoes for a poor but kindly shoemaker.  4) The Three Billy Goats Gruff- Follow the adventures of three billy goats named Gruff as they bravely hunt for fresh green grass to eat.  5) Lon Po Po: A Red Reding Hood Story from China- This Asian version of the classic fairytale brings lessons about strangers, trust and courage.  6) Princess Furball- A king falls in love with a princess after she hides her identity under a coat made of a thousand furs.",
    "genres" : [ ]
  }, {
    "id" : 344403,
    "title" : "The Ugly Duckling",
    "overview" : "1925 Paul Terry version of the familiar story that was re-done twice by Walt Disney. Farmer Alfalfa gets into the early scenes since the story takes place on his farm.",
    "genres" : [ ]
  }, {
    "id" : 344408,
    "title" : "Parsifal",
    "overview" : "",
    "genres" : [ ]
  }, {
    "id" : 344413,
    "title" : "There Is No Gravity",
    "overview" : "A sister comes to terms with what it means to come of age in rural isolation, but the adversity of the outside world is no comparison to the immensity of her imagination.",
    "genres" : [ {
      "id" : 18,
      "name" : "Drama"
    } ]
  }, {
    "id" : 344418,
    "title" : "Du har lovet mig en kone!",
    "overview" : "Du har lovet mig en kone! (English: You have promised me a wife!) is a 1935 Norwegian comedy film written by Tancred Ibsen, and co-directed by Ibsen and Einar Sissener, starring Sissener, Randi Brænne and Kirsten Heiberg.",
    "genres" : [ ]
  }, {
    "id" : 344423,
    "title" : "Jump",
    "overview" : "A Southern stock-car driver puts his rising career in the hands of a race promoter",
    "genres" : [ {
      "id" : 18,
      "name" : "Drama"
    }, {
      "id" : 28,
      "name" : "Action"
    } ]
  }, {
    "id" : 344428,
    "title" : "Gente decente",
    "overview" : "In Santiago, Andrés Barros is a partner at an up-and-coming law firm. He's getting married, and his friends, including his law partner Roberto, arrange a bachelor party where he spends the night with a prostitute, Gloria. She later shows up at his office and the passion continues, against his better judgment. Soon, Andrés is entangled in sex, lies, videotape, and blackmail. His relationship with Rosario, his fiancée, is strained, he neglects his work, and there's a dead body in a bathtub. A pimp, a whore, a doorman, a receptionist: where are the decent people?",
    "genres" : [ ]
  }, {
    "id" : 344433,
    "title" : "Die großen und die kleinen Wünsche - David gegen Goliath",
    "overview" : "",
    "genres" : [ {
      "id" : 35,
      "name" : "Comedy"
    }, {
      "id" : 18,
      "name" : "Drama"
    } ]
  }, {
    "id" : 344438,
    "title" : "Sex Pistols Live - Phoenix Festival",
    "overview" : "Pro-shot Broadcast recording of The Sex Pistols, recorded live at the Phoenix Festival, on July 21st, 1996, with lots of bonus footage.",
    "genres" : [ ]
  }, {
    "id" : 344443,
    "title" : "Sweet War, Farewell",
    "overview" : "A man walks with his child on the grass of a hill. He reaches an old country house, where years before he had spent his childhood during World War II. The deserted and desolate rooms make him travel back in memory to the time when the war was ending. Episodes of family life pass before his eyes: father, mother, grandmother and six children, of which he, Silvano, the youngest, was made mute by the shock of a bomb exploding...",
    "genres" : [ {
      "id" : 18,
      "name" : "Drama"
    } ]
  }, {
    "id" : 344448,
    "title" : "Sweet Cream Pies 6",
    "overview" : "These cum starved cuties are getting their pussy holes filled nice and gooey. Don't be fooled by imitations we promise 100% real organic cream filling in ever pie! Hurry up, don't wait … these nasty hos are begging for a big cum shot from your monstrous cock!",
    "genres" : [ ]
  }, {
    "id" : 344453,
    "title" : "Rew Day",
    "overview" : "A day of a man’s life is seen as on a videotape which is being rewound. When he wakes up in the morning he has no idea what lays ahead.",
    "genres" : [ ]
  }, {
    "id" : 344458,
    "title" : "Grey",
    "overview" : "Summer, bus stop, ordinary people, indifference... RAGE!",
    "genres" : [ {
      "id" : 35,
      "name" : "Comedy"
    }, {
      "id" : 16,
      "name" : "Animation"
    } ]
  }, {
    "id" : 344463,
    "title" : "Play Guitar Today!",
    "overview" : "Instructional DVD",
    "genres" : [ ]
  }, {
    "id" : 344468,
    "title" : "Van de Velde: The Perfect Marriage",
    "overview" : "A drama dircted by Franz Josef Gottlieb. It was followed by \"Every Night of the Week\".",
    "genres" : [ {
      "id" : 18,
      "name" : "Drama"
    } ]
  }, {
    "id" : 344473,
    "title" : "K3 in Nederland",
    "overview" : "",
    "genres" : [ ]
  }, {
    "id" : 344478,
    "title" : "American Pie",
    "overview" : "",
    "genres" : [ ]
  }, {
    "id" : 344483,
    "title" : "Linkin Park: MTV World Stage",
    "overview" : "Linkin Park performs at 2014 Rock am Ring; songs include \"The Catalyst,\" \"Breaking the Habit,\" \"New Divide,\" \"Numb,\" and \"Waiting for the End.",
    "genres" : [ {
      "id" : 10402,
      "name" : "Music"
    } ]
  }, {
    "id" : 344488,
    "title" : "Airport Noise",
    "overview" : "\"In 1983 I was working in San Francisco as a housepainter and much of the time we worked in Burlingame, south of the city. This tape is a meditation on that suburban world, with the actor, me, moodily, incoherently expressing his alienation from the society he inhabits.\" – Mike Dunford",
    "genres" : [ ]
  }, {
    "id" : 344493,
    "title" : "Not So Dusty",
    "overview" : "Two London rubbish collectors come into possession of a valuable book, and thwart the attempts of some criminals to con them out of it. Meanwhile one of the dustmen pursues a romance with a housemaid he has met on his round. Remake of a 1936 film of the same title which had also been directed by Maclean Rogers. Wally Patch who had written and starred in the earlier film, appears in a small role in the remake.",
    "genres" : [ ]
  }, {
    "id" : 344503,
    "title" : "Stay at home",
    "overview" : "I just broke up... bloody society.",
    "genres" : [ {
      "id" : 35,
      "name" : "Comedy"
    } ]
  }, {
    "id" : 344508,
    "title" : "lynda.com: C# Essential Training",
    "overview" : "C# is an object-oriented language designed by Microsoft and used by systems engineers, desktop programmers, and mobile app developers the world over. In these tutorials, David Gassner takes you through C#'s history, its core syntax, and the fundamentals of writing strong C# code. After explaining C#'s relationship to .NET and Windows, David shows how to install Visual Studio, a great IDE for developing in C#, and then dives into the language itself.",
    "genres" : [ ]
  }, {
    "id" : 344513,
    "title" : "The Last Mark",
    "overview" : "",
    "genres" : [ {
      "id" : 18,
      "name" : "Drama"
    } ]
  }, {
    "id" : 344518,
    "title" : "Alice in the Underworld: The Dark Märchen Show!!",
    "overview" : "Lewis Carroll's \"Alice in Wonderland\" goes goth in Mari Terashima's screen adaptation of the children's classic. Terashima brings together Goth Loli performance troupe Rose de Reficul et Guiggles, doll maker Mari Shimizu and magician and actor-dwarf Mame Yamada (Blue Spring, 9 Souls) to create a macabre trip down the rabbit hole. The film appears animated, but the gothic characters are as real as can be.",
    "genres" : [ {
      "id" : 14,
      "name" : "Fantasy"
    } ]
  } ]
}