{
  "movies" : [ {
    "id" : 209863,
    "title" : "Best of Luck",
    "overview" : "The story of a gangster, a pizza boy and a dumb plan.",
    "genres" : [ {
      "id" : 35,
      "name" : "Comedy"
    } ]
  }, {
    "id" : 209868,
    "title" : "Miracle",
    "overview" : "Eun-Chul (Park Ji-Bin) and Eun-Ha (Lee Seul-Gi) lives in a small village. They are the only family they have. One day, stubborn Eun-Ha begins to beg Eun-Chul to go and see a whale. Eun-Ha follows Eun-Chul all day long and keeps talking about the whale. To quiet her, Eun-Chul makes a false promise.  Eun-Ha has a disease which is eroding her vision. Adults tell them that Eun-Ha should be sent to a good facility, but Eun-Chul can't separate from his sister. Eun-Chul decides to show a whale to Eun-Ha before she loses her vision completely. They begin travel from Namwon to Jangsaeng where they can see a whale. They travel their by bicycle. Along the way to Jangsaeng, Eun-Chul and Eun-Ha meet Duk-Soo (Lee Moon-Sik). Eun-Chul and Eun-Ha have a warm feelings towards him like the father they never had ...",
    "genres" : [ ]
  }, {
    "id" : 209893,
    "title" : "Desconectados",
    "overview" : "The TAC team of psychiatrists of Aviles city in Spain, can moved his practice anywhere: a park, supermarket, bar ... Their approach is unique and exemplary in their dealings with patients. Film divided into seven exciting and moving stories whose protagonists have received warm and effective support of these professionals.",
    "genres" : [ ]
  }, {
    "id" : 209903,
    "title" : "Silvio Rodríguez, Ojalá",
    "overview" : "Silvio Rodríguez learned to play guitar secretly during his military service. After 45 years of career, he's still in full musical activity and maintains his commitment to culture through their studio, Ojalá, and initiatives such as \"La gira por los barrios\", in which Silvio, barely advertised, performs in the most disadvantaged neighborhoods of Havana.",
    "genres" : [ ]
  }, {
    "id" : 209913,
    "title" : "Carrot Crazy",
    "overview" : "",
    "genres" : [ {
      "id" : 16,
      "name" : "Animation"
    }, {
      "id" : 10751,
      "name" : "Family"
    }, {
      "id" : 35,
      "name" : "Comedy"
    } ]
  }, {
    "id" : 209928,
    "title" : "A River of Waste: The Hazardous Truth About Factory Farms",
    "overview" : "This documentary tells details how the practice wreaks havoc on the environment and on consumers' health. Through disturbing footage and interviews with experts, director Don McCorkell paints a disturbing portrait of a food system that uses hormones, antibiotics and arsenic to increase its output with little regard for the damage it causes.",
    "genres" : [ {
      "id" : 99,
      "name" : "Documentary"
    } ]
  }, {
    "id" : 209933,
    "title" : "Pipin, der Kurze",
    "overview" : "",
    "genres" : [ {
      "id" : 35,
      "name" : "Comedy"
    } ]
  }, {
    "id" : 209938,
    "title" : "Neander-Jin: The Return of the Neanderthal Man",
    "overview" : "The Return of The Neanderthal Man is a screwball comedy with a Freudian twist. The story of a young woman's quest to find the perfect mate, who is embodied in a 10,000 year old Neanderthal Man. A tongue in cheek look at relationships in our modern age, The Return of the Neanderthal playfully examines all of our preconceived notions about love and romance and turns them inside out and upside down.",
    "genres" : [ {
      "id" : 35,
      "name" : "Comedy"
    }, {
      "id" : 10749,
      "name" : "Romance"
    } ]
  }, {
    "id" : 209943,
    "title" : "Anupama",
    "overview" : "Mohan Sharma (Tarun Bose) is a workaholic, whose life changes dramatically after his wife dies upon giving birth to their daughter Uma (Sharmila Tagore).",
    "genres" : [ {
      "id" : 10751,
      "name" : "Family"
    }, {
      "id" : 18,
      "name" : "Drama"
    } ]
  }, {
    "id" : 209953,
    "title" : "How to Tell a Relationship Is Over in 90 Seconds",
    "overview" : "Boy meets girl. Boy gets girl. Girl gets sick of boy. Boy gets sick of girl. Big Fight. The End.",
    "genres" : [ ]
  }, {
    "id" : 209968,
    "title" : "The Bit Player",
    "overview" : "A socio-realist drama-comedy ﬁlm, it follows a seemingly usual day in the life of LOIDA MALABANAN (Vilma Santos) as she embarks on yet another shooting day of a soap opera as an extra. As the shoot goes on, we get a glimpse of the truth in the ruling system of the production as well as the exploitation of the marginalized laborers like her.",
    "genres" : [ {
      "id" : 35,
      "name" : "Comedy"
    }, {
      "id" : 18,
      "name" : "Drama"
    } ]
  }, {
    "id" : 209973,
    "title" : "David F.",
    "overview" : "Black is scientifically the absence of color, but not all who see it is color-blind, figuratively.  David F. weaves three stories that look into the lineage of African-Americans in the Philippines--from American soldiers in the Fil-Am war to the “Amboys” in the former Clark Airfield.  In the course of history, the “F” in “David F.” may spell different levels of discrimination. But would we also admit that we Filipinos are bigots ourselves?",
    "genres" : [ {
      "id" : 18,
      "name" : "Drama"
    } ]
  }, {
    "id" : 209983,
    "title" : "Skwerl",
    "overview" : "A couple's special meal is ruined when underlying tensions surface. A study of the role of language in communication, and food as a social pastime.",
    "genres" : [ ]
  }, {
    "id" : 209998,
    "title" : "Tits Aholics",
    "overview" : "Get ready to fall off the wagon and satisfy your addiction for great big titties! You'll be in heaven as Wicked Pictures brings you the latest Mark Stone adventure featuring the nastiest, big breasted babes around! Anal, threeways, Double Penetration, it's all here!",
    "genres" : [ ]
  }, {
    "id" : 210008,
    "title" : "Portrait of Lars von Trier",
    "overview" : "Danish documentary from TV2 in 1991.",
    "genres" : [ {
      "id" : 99,
      "name" : "Documentary"
    } ]
  }, {
    "id" : 210023,
    "title" : "Our Day Out",
    "overview" : "Our Day Out is a television play about deprived children from Liverpool in the United Kingdom. It was written by Willy Russell and first aired on 28 December 1977, at 9pm on BBC2.[1] It was later converted into a full length stage musical.",
    "genres" : [ ]
  }, {
    "id" : 210048,
    "title" : "Down by the River",
    "overview" : "A family deals with the disease of sickle cell, in there youngest family member. In the midst of this trying time and prosperous time at moments, there are many other obstacles that come in to play, that test the very foundation of this family.",
    "genres" : [ {
      "id" : 18,
      "name" : "Drama"
    } ]
  }, {
    "id" : 210068,
    "title" : "Mujhe Kucch Kehna Hai",
    "overview" : "Karan who is weak in his studies but good at music and masti which always results in fighting with his father, but his life changes when he sees the girl of his dreams. Everywhere he sees her he follows her but one day he goes out of town to find her but couldn't. Later his father sents him to another city but his car breaks down and takes lift and finds it's the same girl whos name is Pooja.",
    "genres" : [ {
      "id" : 10749,
      "name" : "Romance"
    } ]
  }, {
    "id" : 210083,
    "title" : "The Forge",
    "overview" : "In 2011, Tanya Lim committed suicide. Her brother Eric wanted to use the wedding funds she left behind to create a film — one that would ultimately be born from and fight against self-destruction.",
    "genres" : [ ]
  }, {
    "id" : 210088,
    "title" : "A Cargo to Africa",
    "overview" : "",
    "genres" : [ {
      "id" : 35,
      "name" : "Comedy"
    } ]
  }, {
    "id" : 210093,
    "title" : "Desire of the Innocent Blood",
    "overview" : "Thoroughly dark and pessimistic old-fashioned erotic vampire film",
    "genres" : [ ]
  }, {
    "id" : 210098,
    "title" : "Everyone Loves Mel",
    "overview" : "Set in the beauty of the Pacific Northwest, the legend of Swanson Lake is kept by one man, Bill (Ernest Borgnine). And he's not about to surrender it! When Bill's grandsons come for a summer visit, they stumble into a big-time adventure with a giant turtle named Mel. When Bill's neighbor Bailey (Jack Scalia) tries to kidnap Mel in order to feature him in a proposed theme park, the grandsons plot to hide Mel from the neighbor. Then the fun begins, and Mel becomes an unlikely hero!",
    "genres" : [ {
      "id" : 10751,
      "name" : "Family"
    }, {
      "id" : 14,
      "name" : "Fantasy"
    } ]
  }, {
    "id" : 210103,
    "title" : "Fuzzbucket",
    "overview" : "In the vein of \"Harvey\", an invisible creature befriends a 12 year old boy. Of course, no one else can see him nor believes in him.",
    "genres" : [ {
      "id" : 12,
      "name" : "Adventure"
    }, {
      "id" : 35,
      "name" : "Comedy"
    }, {
      "id" : 10751,
      "name" : "Family"
    } ]
  }, {
    "id" : 210113,
    "title" : "Derby",
    "overview" : "Roller derby is the bond between individuals of every strain; the film-makers capture both on-track footage and elucidating moments before and after bouts.",
    "genres" : [ {
      "id" : 99,
      "name" : "Documentary"
    } ]
  }, {
    "id" : 210123,
    "title" : "12 Tiny Christmas Tales",
    "overview" : "12 little Christmas tales from Bill Plympton.",
    "genres" : [ {
      "id" : 16,
      "name" : "Animation"
    } ]
  }, {
    "id" : 210158,
    "title" : "How Cossacks Celebrated Wedding",
    "overview" : "",
    "genres" : [ {
      "id" : 16,
      "name" : "Animation"
    }, {
      "id" : 35,
      "name" : "Comedy"
    }, {
      "id" : 9648,
      "name" : "Mystery"
    } ]
  }, {
    "id" : 210173,
    "title" : "If There Weren't Any Blacks You'd Have to Invent Them",
    "overview" : "Set in a cemetery, the film tells the story of a young man whom a blind man wrongly imagines to be black, and explores the nature of human prejudice.",
    "genres" : [ ]
  }, {
    "id" : 210183,
    "title" : "Held For Ransom",
    "overview" : "A female detective investigates the kidnapping of a wealthy businessman.",
    "genres" : [ {
      "id" : 80,
      "name" : "Crime"
    } ]
  }, {
    "id" : 210188,
    "title" : "Spandex Loads 5",
    "overview" : "Fetish director Kevin Moore loves the way form-fitting spandex leggings outline plump, juicy butts. The lucky pornographer takes this fascination to another level with “Spandex Loads #5,” the latest entry in his Buttman Choice series of sinfully sensuous first-person encounters with gorgeous girls and their lycra-clad booties. Kevin spies brunette hardbody Kendra Lust stretching in the park and admires her firm, toned figure. They make a date to work out together at her place, and a workout is exactly what Kevin gets!",
    "genres" : [ ]
  }, {
    "id" : 210198,
    "title" : "Invasion: UFO",
    "overview" : "The Earth is threatened by an alien race who kidnap and kill humans and even animals and and use them for their body parts. In the year 1980 S.H.A.D.O. (Supreme Headquarters Alien Defence Organization), a highly secret military organization, is set up in the hope of defending the Earth from this alien threat. This organization operates from a secret location beneath the Harlington-Straker film studio in London. S.H.A.D.O. also has a base on the moon with Interceptors as well as an early warning satellite that detects inbound UFOs (called S.I.D.), and operate a fleet of submarines. General James Henderson and commander Ed Straker have a team of highly trained and well equipped females and males to battle the regularly incoming hostile UFOs.",
    "genres" : [ {
      "id" : 878,
      "name" : "Science Fiction"
    } ]
  }, {
    "id" : 210203,
    "title" : "The Favourite Game",
    "overview" : "As a kid, Leo thought he possessed, like a magician, the secret power to make things happen. As a young man, he certainly knows how to make things happen with women. But as his best friend Krantz would say to him, \"Why do you always ask questions you already know answers to?\". Leo believes firmly in what he invents from one day to the next. Images, impressions, stories fill his head. That's just how he is: life, for Leo, is just a game. Behind this childlike attitude, hides the very essence of his own life's quest.",
    "genres" : [ {
      "id" : 18,
      "name" : "Drama"
    } ]
  }, {
    "id" : 210218,
    "title" : "One Day with Peter",
    "overview" : "Peter Aalbaek Jensen is one of the greatest danish film producers. In 1998, he founded Filmbyen a Film-Town with his partner and friend Lars von trier. This movie shows one day in Peter's lifetime.",
    "genres" : [ {
      "id" : 99,
      "name" : "Documentary"
    } ]
  }, {
    "id" : 210228,
    "title" : "The Policeman's Wife",
    "overview" : "The story of a young couple who live in a small town with their four-year-old daughter. The husband is so caught up in his work as a policeman that he gradually becomes increasingly alienated from his wife and daughter who become ever closer to one another as they discover the new town. It is only a matter of time before the conflicts within the family manifest themselves.",
    "genres" : [ {
      "id" : 18,
      "name" : "Drama"
    } ]
  }, {
    "id" : 210238,
    "title" : "Exorcist Chronicles",
    "overview" : "Across the world, demonic possessions are on the increase. Two specialists are brought in and uncover a dark and terrifying worldwide plot.",
    "genres" : [ {
      "id" : 27,
      "name" : "Horror"
    } ]
  }, {
    "id" : 210243,
    "title" : "Banquise",
    "overview" : "Short film shown in Cannes.",
    "genres" : [ {
      "id" : 16,
      "name" : "Animation"
    } ]
  }, {
    "id" : 210248,
    "title" : "Conte de Quartier",
    "overview" : "Seven characters, who are not connected with each other, live a restless day in the district in renovation of a busting city. Each one pursues a distinct aim and nobody pays attention to the others. A rag doll passes from the hands of one character to the other's. And their ways criss-cross until they finally meet and unite.",
    "genres" : [ {
      "id" : 16,
      "name" : "Animation"
    } ]
  }, {
    "id" : 210258,
    "title" : "El día de los Albañiles II",
    "overview" : "Sequel to Day of the Laborer. Roberto and his wife Beatriz work on a construction site, him as a laborer and her selling food. Another laborer El Chalan, seduces neighborhood maids in order to rob the homes  where they work. In the neighborhood there is also a cereal killer on the loose who preys on prostitutes.",
    "genres" : [ {
      "id" : 10769,
      "name" : "Foreign"
    }, {
      "id" : 35,
      "name" : "Comedy"
    } ]
  }, {
    "id" : 210268,
    "title" : "Bizarre Dinosaurs",
    "overview" : "While dinosaurs may have been some of the mightiest creatures ever to have walked the earth, they also could have been among the most bizarre. With extreme, exaggerated body parts, some predators were loaded with outlandish or disproportionately sized appendages.  Join world-renowned paleontologists and travel the globe to unearth some of the lesser-known but most surprising members of the dinosaur family: Mamenchisaurus, whose neck alone was longer than the rest of its body; Chasmosaurus, adorned with a fashionable crown of frilly spikes to attract the eyes of potential suitors; Spinosaurus, with massive extensions from its vertebrae that could have supported a sail or a hump; and Parasaurolophus, whose tube-like head crest may look odd to us, but was a mating magnet back in the day.",
    "genres" : [ ]
  }, {
    "id" : 210273,
    "title" : "Savages",
    "overview" : "Indian independent Zombie movie",
    "genres" : [ ]
  }, {
    "id" : 210278,
    "title" : "A Sweet Scent of Death",
    "overview" : "Early morning in the oat fields of Carranco, Ramón runs into the dead body of his secret teenage love Adela. After he covers her naked body with his shirt, the gossip in town is that Ramón's girlfriend is been found murdered. Meanwhile, the Gitano (the gypsy) has left Carranco after a night of love and sex with Gabriela, suddenly interrupted by a flash light of an unknown bearer. That night at the local bar, where Justino, the town sheriff and other regular costumers discuss what should be done, La Amistad, pointing his flashlight to them shouts \"el gitano murdered the girl\". Marcelino, a bitter old man pushes Ramón to avenge his \"girlfriend\"'s murder. Now Ramón will have to prove to the people in his town that he's now a man or leave the town in shame.",
    "genres" : [ {
      "id" : 18,
      "name" : "Drama"
    } ]
  }, {
    "id" : 210288,
    "title" : "Gettin' In",
    "overview" : "A trio of clueless minors embark on a quest to get into the local bar, in the hopes of scoring with the opposite sex.",
    "genres" : [ {
      "id" : 35,
      "name" : "Comedy"
    } ]
  }, {
    "id" : 210293,
    "title" : "The Smile Man",
    "overview" : "THE SMILE MAN focuses on a gentleman dealing with the consequences of a car accident, which has left him with a spinal injury that means he has a permanent smile on his face.",
    "genres" : [ {
      "id" : 35,
      "name" : "Comedy"
    }, {
      "id" : 18,
      "name" : "Drama"
    } ]
  }, {
    "id" : 210298,
    "title" : "The Darklings",
    "overview" : "A bed-ridden teen believes he has witnessed the murder of a neighbor by another neighbor. He then recruits friends to attempt to prove the death when no body is found.",
    "genres" : [ ]
  }, {
    "id" : 210318,
    "title" : "The Last Edition",
    "overview" : "The hectic life of a seasoned journalist, who’s busy getting out the latest edition of The San Francisco Chronicle. The director follows the editor on his rambles through the city and offers a lively account of the din of the newspaper office – all the way from collecting information to going to press and distributing the newspaper. The historical images of San Francisco are something special: we see landmark buildings like the Pacific Telephone and Telegraph Building, City Hall and the Pickwick Hotel.",
    "genres" : [ {
      "id" : 18,
      "name" : "Drama"
    } ]
  }, {
    "id" : 210323,
    "title" : "Evo Pueblo",
    "overview" : "This is the history of a young farmer of the Bolivian plateau that becomes the first indigenous president of Bolivia. His childhood consists of shepherding ewes in the small school located in Orinoca where he befriends Reneco and Jamie, as well as his first love Wilma. All of them partake in different stages of each others lives. At the young age of 17 he is transferred to Oruro mining city in the heat of the Bolivian plateau. In order to survive he will have to work as a brick maker, baker, and trompetista in the Imperial band. The poverty and continuous droughts in the Moral field force the family Ayma to migrate towards the cochabambino tropic.  In the tropical Chapare, Evo will become the biggest coca grower, soon to be delegated and win in the elections for president in 2005 with 54% votes. Evo Pueblo depicts the reality of our country, accounting for the common man that inhabits Bolivia through his fights, joys, poverty, exclusion and marginamiento.",
    "genres" : [ {
      "id" : 99,
      "name" : "Documentary"
    }, {
      "id" : 36,
      "name" : "History"
    } ]
  }, {
    "id" : 210333,
    "title" : "Coolie Killer",
    "overview" : "Ko leads a team of Hong Kong assassins that are taken out one by one. Ko manages to flee to the countryside, where he aims to find out who's behind this and to gain the strength to fight back. Helping him is local girl Tong, whilst chasing Ko is the long arm of the law, represented by cop Chung.",
    "genres" : [ {
      "id" : 28,
      "name" : "Action"
    } ]
  }, {
    "id" : 210338,
    "title" : "Офицеры 2 (сериал)",
    "overview" : "",
    "genres" : [ ]
  }, {
    "id" : 210343,
    "title" : "Je suis un Sentimental",
    "overview" : "",
    "genres" : [ {
      "id" : 80,
      "name" : "Crime"
    } ]
  }, {
    "id" : 210358,
    "title" : "Between Night and Day",
    "overview" : "Francisco, a man with autism resides secluded, ignored and locked away. He's a burden on his brothers, and decides to flee into the forest, where he befriends a rat.",
    "genres" : [ {
      "id" : 18,
      "name" : "Drama"
    } ]
  }, {
    "id" : 210363,
    "title" : "Frontier Rangers",
    "overview" : "A pastiche of three episodes from the 1958 TV series Northwest Passage, stitched together as a feature and released theatrically in Europe.",
    "genres" : [ {
      "id" : 12,
      "name" : "Adventure"
    }, {
      "id" : 37,
      "name" : "Western"
    }, {
      "id" : 10752,
      "name" : "War"
    } ]
  }, {
    "id" : 210368,
    "title" : "Teresa la ladra",
    "overview" : "",
    "genres" : [ {
      "id" : 35,
      "name" : "Comedy"
    } ]
  }, {
    "id" : 210373,
    "title" : "It's a Grand Life",
    "overview" : "Classic British comedy following an accident-prone army Private, played by music hall legend Frank Randle in his final screen role, as he attempts to rescue a Corporal (played by icon Diana Dors) from the attentions of a predatory Sergeant-Major.",
    "genres" : [ {
      "id" : 35,
      "name" : "Comedy"
    } ]
  }, {
    "id" : 210383,
    "title" : "Kung Fu Beauty",
    "overview" : "AJ and her husband Scott have been on the run from a notorious underground gang for years. They finally think they can live a normal life, until the gang caches up to them and kills AJ's husband, Scott. Devastated, AJ returns to her roots as a trained ninja and goes after the killers. With ninja-like moves, she is able to fuck, and fuck up every gangster she meets. See acclaimed director B. Skow brings his tease-and-please style to a sweeping story with AJ Bailey; in \"Kung Fu Beauty\" - she's taking all comers - and taking no prisoners.",
    "genres" : [ ]
  }, {
    "id" : 210408,
    "title" : "Aşk Kırmızı",
    "overview" : "The film asks the question would have been triple love. Ferhat and Zeynep is a happily married couple. Karlıdağ outside of marriage appears happy couple, the first love of life remained in the years ahead will be turned upside down with the introduction of the Euphrates Nazlıgül again. Zeynep even a night encounter with the former love of her husband Nazlıgül powdery mildew that can not bear to be separated , and that is the love in his heart can not prevent the re-ignition.",
    "genres" : [ {
      "id" : 18,
      "name" : "Drama"
    }, {
      "id" : 10749,
      "name" : "Romance"
    } ]
  }, {
    "id" : 210413,
    "title" : "Uma História de Camelos",
    "overview" : "Credited as being the first portuguese animated movie programmed to be exhibited in a movie theatre.\r The movie is considered lost. Only a few drawings survived, from which a 4\" scene could be reconstituted.",
    "genres" : [ {
      "id" : 16,
      "name" : "Animation"
    }, {
      "id" : 35,
      "name" : "Comedy"
    } ]
  }, {
    "id" : 210418,
    "title" : "Questioning Faith: Confessions of a Seminarian",
    "overview" : "When Macky Alston's fellow seminarian, Alan Smith, died of AIDS, Alston had a crisis of faith that caused him to make this documentary. Alston sought out Smith's partner and family and tried to answer the question \"Why does God permit such senseless tragedies?\"",
    "genres" : [ ]
  }, {
    "id" : 210448,
    "title" : "The Medic and the Duchess",
    "overview" : "Pixilation of the portuguese fado \"O Médico e a Duquesa\".",
    "genres" : [ {
      "id" : 16,
      "name" : "Animation"
    } ]
  }, {
    "id" : 210493,
    "title" : "Last White Man Standing",
    "overview" : "Documentary about the trial of an aristocrat accused of murdering a poacher in Kenya.",
    "genres" : [ ]
  }, {
    "id" : 210498,
    "title" : "SDU: Sex Duties Unit",
    "overview" : "The Special Duties Unit (SDU) is an elite paramilitary tactical unit of the Hong Kong Police Force and is considered one of the world's finest in its role. But being the best carries its own burdens. Like everyone else, they go through troubles with love, with family and with their jobs. And sometimes they get horny.  This touching story is about Special Duties Unit Team B and their trip to Macau for a weekend of unadulterated debauchery.",
    "genres" : [ {
      "id" : 35,
      "name" : "Comedy"
    } ]
  }, {
    "id" : 210508,
    "title" : "Private Superfuckers 11: Serial Sex",
    "overview" : "Pierre and his friends once again take us on a tempestuous tour taking in no less than 5 filthy newcummers in the sensuous shape of Kristina, Agnes, Erika, Nicolette and Edina. Add these to some firm favorites and let the pussy parade begin. These brazen bitches take us from classic castings to full on fetish with as much DP, anal and dripping facial cumshots as it is humanly possible to cram into the 6 scenes and 3 hours of hardcore heaven!",
    "genres" : [ ]
  }, {
    "id" : 210513,
    "title" : "Utterly Without Redeeming Social Value",
    "overview" : "A psychologist interviews the members of a therapy group for people with sexual issues as to why they're in the group.",
    "genres" : [ ]
  }, {
    "id" : 210518,
    "title" : "Serena",
    "overview" : "A short film that deals with the forbidden love of a woman for her pastor, which she reveals to him while confessing.",
    "genres" : [ {
      "id" : 18,
      "name" : "Drama"
    } ]
  }, {
    "id" : 210538,
    "title" : "La routine",
    "overview" : "A commuter escapes into a dream world.",
    "genres" : [ ]
  }, {
    "id" : 210548,
    "title" : "Roof Sex",
    "overview" : "XXX chair-on-chair action.",
    "genres" : [ {
      "id" : 16,
      "name" : "Animation"
    } ]
  }, {
    "id" : 210553,
    "title" : "KaBoom!",
    "overview" : "Familiar objects are transformed into a candy-coated vision of war in this seminal stop-motion short by PES.",
    "genres" : [ {
      "id" : 16,
      "name" : "Animation"
    } ]
  }, {
    "id" : 210558,
    "title" : "Laid Off",
    "overview" : "Upon getting laid off from their corporate desk jobs, two men use their severance packages to fund one final summer vacation.",
    "genres" : [ {
      "id" : 35,
      "name" : "Comedy"
    } ]
  }, {
    "id" : 210563,
    "title" : "Parallel Lines: Darkroom",
    "overview" : "None supplied",
    "genres" : [ {
      "id" : 53,
      "name" : "Thriller"
    } ]
  }, {
    "id" : 210573,
    "title" : "Parallel Lines: Jun and the Hidden Skies",
    "overview" : "None supplied",
    "genres" : [ {
      "id" : 12,
      "name" : "Adventure"
    }, {
      "id" : 16,
      "name" : "Animation"
    } ]
  }, {
    "id" : 210578,
    "title" : "Last Minutes with ODEN",
    "overview" : "Thank You Jason Wood for allowing us this moment.\r Oden's struggle with cancer finally came to an end.  May he rest in peace and his memory be eternal.",
    "genres" : [ ]
  }, {
    "id" : 210588,
    "title" : "The Zebra",
    "overview" : "During the Mexican Revolution, Leandro and Odón, two war vultures, find a zebra. They mistakenly believe this to be an American horse and thus begin a journey in search of General Obregón, who they assume, will appoint them as colonels given their peculiar beast of burden. They partake in several adventures during their journey.",
    "genres" : [ {
      "id" : 35,
      "name" : "Comedy"
    } ]
  }, {
    "id" : 210603,
    "title" : "Pin Up",
    "overview" : "The story takes place in the 50's. A 13-year old boy, who has never seen a naked woman, collects pictures of pin up girls. One of his pictures is that of a naked blonde woman holding a guitar that is covering her private parts. One day a woman that resembles the girl in the picture moves in to the neighbourhood. Could it be the same blonde?",
    "genres" : [ {
      "id" : 35,
      "name" : "Comedy"
    } ]
  }, {
    "id" : 210613,
    "title" : "Ninì Tirabusciò: la donna che inventò la mossa",
    "overview" : "",
    "genres" : [ {
      "id" : 35,
      "name" : "Comedy"
    } ]
  }, {
    "id" : 210623,
    "title" : "Dancing Around the Shit Fire with Kyle Kinane",
    "overview" : "Kyle Kinane is back with a brand new hourlong comedy show and he’s brought a few friends along. Shot June 14, 2013 in Chicago as part of the Just for Laughs Comedy Festival, Dancing Around the Shit Fire is a no holds barred, uncensored romp featuring Kyle Kinane and comics Bryan Cook (Competitive Erotic Fan Fiction) and Ben Roy (Those Who Can’t) with musical guest Brendan Kelly from The Lawrence Arms.  It’s Kinane’s personal “love letter” to his hometown of Chicago, as he returns to a sold out crowd to confess his hilariously true stories and hijinks of living in the ‘Windy City’.",
    "genres" : [ ]
  }, {
    "id" : 210633,
    "title" : "Nichts als Ärger mit den Männern",
    "overview" : "",
    "genres" : [ {
      "id" : 35,
      "name" : "Comedy"
    }, {
      "id" : 10770,
      "name" : "TV Movie"
    } ]
  }, {
    "id" : 210638,
    "title" : "Serenade",
    "overview" : "Upon his father's death, Florante, a classically trained guitarist returns to the Philippines after 12 years of absence. During his stay he rediscovers the music of harana - a long-forgotten tradition of Filipino serenading when men sang under the window at night to fearlessly declare their love for a woman.  Intent on unearthing these unheralded songs, Florante travels to the remote provinces where he discovers three of the last surviving practitioners - a farmer, a fisherman and a tricycle driver. Astounded by their golden voices, Florante asks them to travel with him to perform and record these unknown songs. During their travels, the haranistas meet Brian, a shy young man who for years has been secretly in love with a schoolmate. The haranistas, who have not serenaded in the last thirty years, offered their services to serenade Brian's object of affection, resulting in one of the most tender moments of genuine harana captured on film.",
    "genres" : [ {
      "id" : 99,
      "name" : "Documentary"
    }, {
      "id" : 36,
      "name" : "History"
    }, {
      "id" : 10402,
      "name" : "Music"
    } ]
  }, {
    "id" : 210643,
    "title" : "Das Rheingold",
    "overview" : "From the gorgeous scene deep in the river Rhine that opens the opera, up to the magic Rainbow Bridge that appears at the end, leading to a glistening Valhalla, Otto Schenk’s production captures the scenic world of Wagner’s Ring as brilliantly as James Levine and the Met orchestra capture the musical world. The cast is incomporable: an astounding James Morris as the young god Wotan, the great Christa Ludwig as his wife Fricka, incandescent Siegfried Jerusalem as Loge, the wily god of fire, and Ekkehard Wlaschiha as a complex Alberich.",
    "genres" : [ {
      "id" : 14,
      "name" : "Fantasy"
    }, {
      "id" : 10402,
      "name" : "Music"
    } ]
  }, {
    "id" : 210648,
    "title" : "Das Totenschiff",
    "overview" : "",
    "genres" : [ {
      "id" : 12,
      "name" : "Adventure"
    } ]
  }, {
    "id" : 210653,
    "title" : "The Man Without a Face",
    "overview" : "A faceless killer who hunts women can only be stopped by a detective with a disturbing past.",
    "genres" : [ {
      "id" : 80,
      "name" : "Crime"
    }, {
      "id" : 18,
      "name" : "Drama"
    }, {
      "id" : 27,
      "name" : "Horror"
    } ]
  }, {
    "id" : 210658,
    "title" : "Zalacaín el aventurero",
    "overview" : "During the third Carlist war on Basque soil, Zalacaín, no frowns that his great enemy of the people pretend to love his sister, but he lives the reverse situation, in love with his sister.",
    "genres" : [ ]
  }, {
    "id" : 210668,
    "title" : "Seven Deadly Sins",
    "overview" : "After losing her status as queen bee to Kaia (Rachel Melvin), a new transfer student, Harper (Dreama Walker) battles her catty high school frenemies in a dangerous game involving sex, deception and revenge, which leads to a mysterious death and disturbing revelations. An adaptation of Robin Wasserman's best-selling book series, this teen-drama miniseries offers a contemporary look at the seven deadly sins.",
    "genres" : [ {
      "id" : 18,
      "name" : "Drama"
    } ]
  }, {
    "id" : 210673,
    "title" : "The Man from Bitter Ridge",
    "overview" : "The Man from Bitter Ridge is a film directed by Jack Arnold. Jeff Carr, a special investigator, arrives in Tomahawk. His assignment is to discover who has been holding up the local stagecoach and is guilty for a series of killings that terrorize the town. Sheepman Alec Black is suspected by the local population but it is not long before Jeff realizes the man is innocent. Alec even becomes a good friend although he is in love with the same woman as him, Holly. Jeff will manage to arrest the real culprits but not before the latter try to compromise him down.",
    "genres" : [ {
      "id" : 37,
      "name" : "Western"
    } ]
  }, {
    "id" : 210688,
    "title" : "The Elevator",
    "overview" : "Nate only takes the stairs. One day, he sees the girl of his dreams but the only problem is... she takes the elevator. Nate recruits the help of his best friend, Louise, to help him try to overcome his fears and get this mysterious elevator girl.",
    "genres" : [ {
      "id" : 35,
      "name" : "Comedy"
    }, {
      "id" : 10749,
      "name" : "Romance"
    } ]
  }, {
    "id" : 210703,
    "title" : "Windham Hill - Water's Path",
    "overview" : "This dreamvideo was filmed primarily in California during the months of June and August of 1984. Featuring the music of Windham Hill artists William Ackerman, Scott Cossu, Daniel Hecht, Michael Hedges, Bill Quist, Shadowfax, Ira Stein and George Winston.",
    "genres" : [ ]
  }, {
    "id" : 210708,
    "title" : "It's Me It's Me",
    "overview" : "Hitoshi Nagano (Kazuya Kamenashi), who works at an electronics store, picks up a cellphone left behind by a customer and goes about a scam. He calls the person's mother and pretends to be her son. He then gets the mother to transfer money to his bank account. Soon, Hitoshi gets a lot more than he bargained for. (Source: Asianwiki)",
    "genres" : [ {
      "id" : 35,
      "name" : "Comedy"
    }, {
      "id" : 18,
      "name" : "Drama"
    }, {
      "id" : 878,
      "name" : "Science Fiction"
    } ]
  }, {
    "id" : 210713,
    "title" : "Hissatsu: Sure Death",
    "overview" : "A group of seemingly ordinary merchants is really a band of assassins for hire. When they discover that all the assassins in Edo are being killed they must act quickly to find the culprit.",
    "genres" : [ ]
  }, {
    "id" : 210718,
    "title" : "Sailing Along",
    "overview" : "Sailing Along is a 1938 British musical comedy film directed by Sonnie Hale and starring Jessie Matthews, Barry MacKay, Jack Whiting, Frank Pettingell, Noel Madison and Alastair Sim. A barge-owner's adopted daughter falls in love with his son, and gives up her chances of stardom to be with him",
    "genres" : [ ]
  }, {
    "id" : 210728,
    "title" : "No Turning Back",
    "overview" : "Mexican English teacher Pablo Fernandez seeks a better life for himself and his spoiled daughter Christina after losing his wife in a hurricane. Pablo becomes a tomato picker as illegal immigrant in California. While driving his illegal employer Charlie's truck, he accidentally runs over Dinah Knightly, who later dies. Dumb, arrogant detective Bryant and brighter but superstitious rookie Steven Lightning investigate and set chase.",
    "genres" : [ ]
  }, {
    "id" : 210733,
    "title" : "I Am Because We Are",
    "overview" : "I Am Because We Are is a 2008 documentary film directed by Nathan Rissman and written, narrated, and produced by Madonna through her production company Semtex Films. The film documents the concern over the millions of orphans in the African country of Malawi who have lost parents and siblings to HIV and AIDS, many of whom live on the streets. The film also shows the efforts with Madonna's charitable organisation Raising Malawi in helping with improving their lives and conditions.",
    "genres" : [ {
      "id" : 99,
      "name" : "Documentary"
    } ]
  }, {
    "id" : 210738,
    "title" : "Up Her Asshole 3",
    "overview" : "Goal-oriented director/performer Mike Adriano keeps his eye on the prize, that being the seductive asses of beautiful women! Mikes newest two-disc celebration of butt-banging mayhem, Up Her Asshole #3, is a POV-style journey deep into the most intimate region of some sexy bitches. The filthy anal sluts in this collection dont shy away from the anus winking, asshole gaping, slobbery face fucking and nasty ass-to-mouth cocksucking that Adriano fans have cum to expect.",
    "genres" : [ ]
  }, {
    "id" : 210743,
    "title" : "Rosa de Alfama",
    "overview" : "",
    "genres" : [ {
      "id" : 18,
      "name" : "Drama"
    }, {
      "id" : 35,
      "name" : "Comedy"
    } ]
  }, {
    "id" : 210753,
    "title" : "Messiah",
    "overview" : "After two horribly mutilated bodies are discovered, DCI Red Metcalfe is assigned the case.",
    "genres" : [ ]
  }, {
    "id" : 210763,
    "title" : "A",
    "overview" : "\"A\" is a 1998 Indian Kannada language blockbuster psychological love story film written and directed by Upendra. It starred Upendra and Chandni as the lead couple. It was about an unusual love story between a film director and an actress which was narrated through multiple flashbacks within flashbacks and reverse screenplay. The film dealt with various dark truths of film world like the casting couch. Due to the reverse screenplay, the audience were forced to watch it multiple times to understand the story. The movie generated a lot of attention, which began with its rather unusual name. Then there was the subject matter, which dealt with the love affair between a director and his heroine and the dreaded casting couch. The movie discovered human emotions through a different dimension and showed how emotions change with circumstances.",
    "genres" : [ ]
  }, {
    "id" : 210773,
    "title" : "Johan Glans: World Tour of Skandinavien",
    "overview" : "Johan Glans scandinavian tour",
    "genres" : [ {
      "id" : 35,
      "name" : "Comedy"
    } ]
  }, {
    "id" : 210778,
    "title" : "Cop Shop Babes",
    "overview" : "Bear and Satay are two cops who got moved to the Cop Shop Babes brigade, where they can chat up policewomen. But bomb expert Fireball wants to revenge from the Cop Shop Babes chief (Carina Lau) and the girls.",
    "genres" : [ {
      "id" : 35,
      "name" : "Comedy"
    }, {
      "id" : 80,
      "name" : "Crime"
    }, {
      "id" : 18,
      "name" : "Drama"
    }, {
      "id" : 10769,
      "name" : "Foreign"
    } ]
  }, {
    "id" : 210783,
    "title" : "Hens and Chicks",
    "overview" : "Raised by her two Moms, Young Hanna has always known there are all types of families. But she's never thought about the logistics of it all until her friend Marco explains the process of creating chicks from eggs. Soon after, an educational trip through cyberspace has Hanna asking, 'Who's MY rooster?'",
    "genres" : [ {
      "id" : 18,
      "name" : "Drama"
    }, {
      "id" : 35,
      "name" : "Comedy"
    } ]
  }, {
    "id" : 210788,
    "title" : "Cadillac",
    "overview" : "A young man goes back to the scene of his father's suicide.",
    "genres" : [ {
      "id" : 18,
      "name" : "Drama"
    } ]
  }, {
    "id" : 210793,
    "title" : "The Teacher",
    "overview" : "Marian, a classics teacher with regrets about not living life to the fullest, is unaware that she is being tested by the gods as she tries to reach a difficult student.",
    "genres" : [ ]
  }, {
    "id" : 210803,
    "title" : "Vow of Death",
    "overview" : "Ake, Whan, Don, and Moe are four high-school friends who always misbehave and never focus on school. When the time for their college entrance exams comes along, all of them decide they'll need some special help in order to pass. They visit a holy banyan tree and pray for themselves to easily pass the exams. Their wish is granted. However, when they come back to the holy banyan tree to redeem their vow to the tree, they find that the holy banyan tree has been cut down and transferred to be made into toothpicks! The foursome must now struggle to collect every little piece of the tree before their fortune reverses.",
    "genres" : [ {
      "id" : 35,
      "name" : "Comedy"
    }, {
      "id" : 27,
      "name" : "Horror"
    }, {
      "id" : 10769,
      "name" : "Foreign"
    } ]
  }, {
    "id" : 210808,
    "title" : "Sanctuary",
    "overview" : "Director Tony Richardson's 1961 film adaptation of the William Faulkner tales \"Sanctuary\" and \"Requiem For A Nun\", set in the American South, stars Lee Remick as a governor's daughter who is raped by a bootlegger.",
    "genres" : [ {
      "id" : 18,
      "name" : "Drama"
    } ]
  }, {
    "id" : 210818,
    "title" : "Fede tider",
    "overview" : "Also known as: Groovy Days",
    "genres" : [ {
      "id" : 35,
      "name" : "Comedy"
    } ]
  } ]
}