{
  "movies" : [ {
    "id" : 271058,
    "title" : "Mull",
    "overview" : "An Australian film about a teenage girl who takes responsibility for keeping her \"family\" together.",
    "genres" : [ ]
  }, {
    "id" : 271068,
    "title" : "Jilted",
    "overview" : "Two people who have had disastrous love affairs meet on a tropical island resort.",
    "genres" : [ ]
  }, {
    "id" : 271073,
    "title" : "Where the Outback Ends",
    "overview" : "Daisy, a gun-toting grumpy old battle-axe, eeking out her life in a tumbledown shack in the middle of nowhere. Into her life stumbles Simon, a mild-mannered accountant. Together, they form an uneasy alliance that is hilarious to watch. Gradually he helps her rediscover her zestful youth in return for stability in his troubled life.",
    "genres" : [ ]
  }, {
    "id" : 271078,
    "title" : "Georgia",
    "overview" : "A young woman investigates the death of her mother, who drowned when her daughter was still a baby. The question is: was it murder, suicide or merely an accident?",
    "genres" : [ {
      "id" : 53,
      "name" : "Thriller"
    }, {
      "id" : 9648,
      "name" : "Mystery"
    } ]
  }, {
    "id" : 271083,
    "title" : "What the Moon Saw",
    "overview" : "Steven Wilsonis sent to Melbourne from the outback to spend his holidays with his Grandmother, an old time Tivoli showgirl/dancer. He becomes drawn into the world of the theatre, where the illusion is everything and grease-paint covers up reality. While watching a pantomime of Sinbad, Steven succumbs to the magic of the story and actually becomes the sailor on his greatest adventure ever.",
    "genres" : [ ]
  }, {
    "id" : 271088,
    "title" : "Saved by Deportation",
    "overview" : "In 1940, Joseph Stalin ordered the deportation of 200,000 Polish Jews from Russian-occupied Eastern Poland to forced labor settlements in the Soviet interior. This cruel action ended up saving Jews from the Holocaust. Seven deportees share their story.",
    "genres" : [ ]
  }, {
    "id" : 271093,
    "title" : "Ostende, reine des plages",
    "overview" : "Images of Ostend.",
    "genres" : [ ]
  }, {
    "id" : 271098,
    "title" : "Pinoy Power 2",
    "overview" : "Rafael Concepción of Panama then replaced Cazares as Donaire's opponent for the Interim WBA Super Flyweight title, which headlined the card titled \"Pinoy Power 2.\" Because Concepcion failed to weigh within the super flyweight limit (115 lbs.), only Donaire, who made weight successfully, can win the title. Donaire won the bout via unanimous decision.",
    "genres" : [ {
      "id" : 28,
      "name" : "Action"
    } ]
  }, {
    "id" : 271103,
    "title" : "Deadly",
    "overview" : "A drama about Aboriginal deaths occurring in police custody.",
    "genres" : [ ]
  }, {
    "id" : 271113,
    "title" : "Roaming by Ray Mcdonald",
    "overview" : "Roaming by Ray Mcdonald  The story of famous thailand backpacker who want to challenge, From Bangkok to London by train.\r 52 Days ,15,000 Km. , 16 Countries",
    "genres" : [ {
      "id" : 99,
      "name" : "Documentary"
    } ]
  }, {
    "id" : 271118,
    "title" : "Land of legends",
    "overview" : "",
    "genres" : [ ]
  }, {
    "id" : 271123,
    "title" : "Patagonia de los sueños",
    "overview" : "",
    "genres" : [ ]
  }, {
    "id" : 271128,
    "title" : "Mundialito",
    "overview" : "",
    "genres" : [ ]
  }, {
    "id" : 271133,
    "title" : "Perez y señora",
    "overview" : "",
    "genres" : [ ]
  }, {
    "id" : 271138,
    "title" : "Madama Butterfly",
    "overview" : "Opera at La Scala Milan",
    "genres" : [ {
      "id" : 10402,
      "name" : "Music"
    } ]
  }, {
    "id" : 271143,
    "title" : "The Man Who Slept",
    "overview" : "A young woman lives with her sleeping husband. Prisoner of her loneliness, she refuses to accept that this man is only a memory.",
    "genres" : [ ]
  }, {
    "id" : 271148,
    "title" : "Ezo Gelin",
    "overview" : "Feyzi Tuna's 1973 adaptation (the first in color) of the famous legend of Ezo the Bride, a real person who lived in the south eastern part of Turkey, close to Syrian border, in early 20th century.",
    "genres" : [ {
      "id" : 18,
      "name" : "Drama"
    } ]
  }, {
    "id" : 271153,
    "title" : "Saudades Para Dona Genciana",
    "overview" : "",
    "genres" : [ {
      "id" : 18,
      "name" : "Drama"
    } ]
  }, {
    "id" : 271158,
    "title" : "The Front Line",
    "overview" : "The world's press gather at Dover, England awaiting a threatened German attack.",
    "genres" : [ {
      "id" : 99,
      "name" : "Documentary"
    }, {
      "id" : 10752,
      "name" : "War"
    } ]
  }, {
    "id" : 271163,
    "title" : "As You Like It",
    "overview" : "The director has visited tens of cemeteries. He records monuments above mass graves and memorials that people pile above the ground where the dead bodies lie.",
    "genres" : [ ]
  }, {
    "id" : 271168,
    "title" : "Libra",
    "overview" : "The year is 2003, and space colony Libra's development of solar power could solve an acute, worldwide energy crisis. Government opposition to the Libran energy plan sparks a debate about free enterprise and government control.",
    "genres" : [ {
      "id" : 878,
      "name" : "Science Fiction"
    } ]
  }, {
    "id" : 271173,
    "title" : "Jailbait",
    "overview" : "Action - 17 year old Kyle comes to the big city in search of her half-sister Merci. Merci is on the run after being used to set up a murder. The police and the killers both want her.  - C. Thomas Howell, Renée Humphrey, Krista Errickson",
    "genres" : [ ]
  }, {
    "id" : 271178,
    "title" : "Paranormal Ghost Hauntings at the Turn of the Century",
    "overview" : "Bone chilling Paranormal Ghost Encounters that you will never forget.",
    "genres" : [ ]
  }, {
    "id" : 271183,
    "title" : "Tornado",
    "overview" : "Action &amp; Adventure - Photographer Josh Barnaby teams up with local reporter Geena Flynt to get story of a lifetime - a mile wide tornado that is cutting its deadly path through Tornado Alley.  - Daniel Bernhardt, Lisa Stothard",
    "genres" : [ ]
  }, {
    "id" : 271188,
    "title" : "Dangerous Mind of a Hooligan",
    "overview" : "Five criminals unknown to each other are hired to complete a bank robbery. What should have been a smooth operation soon descends into paranoia, violence and horror.",
    "genres" : [ {
      "id" : 80,
      "name" : "Crime"
    } ]
  }, {
    "id" : 271193,
    "title" : "Final Justice",
    "overview" : "Father Lee (Sean Lau) is young and unconventional. He fell into temptation and was sued by Donna (Almen Wong), who accuses him of rape. Lee faces a lawsuit and abandonment by his church and his followers. Gangster Mr. Gum (Eric Tsang) is willing to help and has hired Ku (Carman Lee) as his defending lawyer. Mr. Gum believes in silence by violence, while Ku would rather try false witnesses. But Lee refuses to attack Donna in court for fear of hurting her again. In the end, Lee proved to Mr. Gum and Ku that conscience does in fact exist in this corrupt world ruled by power and material desire.",
    "genres" : [ ]
  }, {
    "id" : 271203,
    "title" : "Slashers Gone Wild!",
    "overview" : "There is a contest. The prize is immortality. To win, all you have to do is kill! A demon with the power to resurrect and control the dead enters the contest. There will be HELL to pay!",
    "genres" : [ ]
  }, {
    "id" : 271208,
    "title" : "Say a Little Prayer",
    "overview" : "Seymour is a loner. A small, shy, introverted eleven year old whose parents are separated. By chance Seymour meets the beautiful, effervescent but drug-addicted Angie, who is also lonely and trapped in her own unhappy world. The relationship that develops offers strength to them both and through the highs and lows of a long hot summer they gradually learn to face the truth about each other and themselves.",
    "genres" : [ ]
  }, {
    "id" : 271213,
    "title" : "This Won't Hurt a Bit",
    "overview" : "This Won't Hurt a Bit is a 1993 Australian comedy film about a dentist.",
    "genres" : [ ]
  }, {
    "id" : 271218,
    "title" : "The Sob",
    "overview" : "After his mother had died, Kenan (Muzaffer Tema) left the home to take care of a goodhearted rich man, whose daughter Nalan (Nedret Güvenç) fell deeply in love with him...",
    "genres" : [ {
      "id" : 18,
      "name" : "Drama"
    }, {
      "id" : 10749,
      "name" : "Romance"
    } ]
  }, {
    "id" : 271223,
    "title" : "The Plague",
    "overview" : "A nurse in the Red Crescent (the Turkish equivalent of the Red Cross) fights to save the populace during a plague.",
    "genres" : [ {
      "id" : 18,
      "name" : "Drama"
    } ]
  }, {
    "id" : 271228,
    "title" : "The Coexist Comedy Tour",
    "overview" : "Comedy Tour stars six comics, a Muslim, Christian, Jew, Hindu, Buddhist and atheist, trying to coexist.",
    "genres" : [ ]
  }, {
    "id" : 271233,
    "title" : "La moglie del sarto",
    "overview" : "",
    "genres" : [ {
      "id" : 18,
      "name" : "Drama"
    } ]
  }, {
    "id" : 271238,
    "title" : "Blues Company: Keepin' the Blues Alive",
    "overview" : "Foreign / Music/Musical - The Blues Company is an innovative band that breathes fresh life into the blues. When Germany's oldest and most successful blues band is on the stage, knocking out masterpieces of Chicago blues, soul, boogie, rock and New Orleans sound, no-one in the audience can fail to be moved.",
    "genres" : [ ]
  }, {
    "id" : 271243,
    "title" : "Bones Bones Bones and More",
    "overview" : "Family - In DEM BONES, A skeleton band supplies words and music to the well-known song based on the African-American spiritual. In DINOSAUR BONES, fun dinosaur facts will make dino-fans of kids and adults too! - Gary McGivney - Director, Chris Thomas King - Narrator, Jerry Dixon - Narrator",
    "genres" : [ ]
  }, {
    "id" : 271248,
    "title" : "Christopher Reeve: Hope in Motion",
    "overview" : "Documentary - Documentary about lives of Christopher and Dana Reeve after Christopher was paralyzed from the neck down from falling off a horse in 1995. -  John W. McDonald, Christopher Reeve, Dana Reeve",
    "genres" : [ ]
  }, {
    "id" : 271253,
    "title" : "Best of Chris Isaak",
    "overview" : "Music clips of Chris Isaak",
    "genres" : [ ]
  }, {
    "id" : 271258,
    "title" : "The Fugitive",
    "overview" : "Framed for a killing, a teenager takes refuge in a farm house.",
    "genres" : [ {
      "id" : 80,
      "name" : "Crime"
    }, {
      "id" : 18,
      "name" : "Drama"
    } ]
  }, {
    "id" : 271263,
    "title" : "Dying or Live",
    "overview" : "So-ryong is the delivery man of a Chinese restaurant when he falls in love with Jang, a local girl who is forced by a hoodlum into prostitution. Feeling helpless, So-ryong promises to learn kung fu so that he may fight and save Jang from her misery.",
    "genres" : [ {
      "id" : 28,
      "name" : "Action"
    }, {
      "id" : 35,
      "name" : "Comedy"
    } ]
  }, {
    "id" : 271268,
    "title" : "Excursion",
    "overview" : "In a small town on the border, lieutenant Kostas’ wife, Eirini has a love affair with one of their friends, sergeant Stratos. When Kostas gets very seriously injured, Stratos tells Eirini that her husband was killed and talks her into leaving with him.",
    "genres" : [ {
      "id" : 18,
      "name" : "Drama"
    }, {
      "id" : 10749,
      "name" : "Romance"
    }, {
      "id" : 10752,
      "name" : "War"
    } ]
  }, {
    "id" : 271273,
    "title" : "The Kung Fu Brothers",
    "overview" : "Two half-brothers are reunited after a long break, only to perpetuate an old feud over their desire for the same woman.",
    "genres" : [ {
      "id" : 28,
      "name" : "Action"
    }, {
      "id" : 80,
      "name" : "Crime"
    } ]
  }, {
    "id" : 271278,
    "title" : "Frank Sinatra: In Concert at Royal Festival Hall",
    "overview" : "Princess Grace of Monaco introduces Sinatra to the adoring crowd in this London concert, which was filmed on the eve of the Chairman's temporary retirement.",
    "genres" : [ {
      "id" : 10402,
      "name" : "Music"
    } ]
  }, {
    "id" : 271283,
    "title" : "Massacre in Lace",
    "overview" : "Cock-eyed reporter Georges Masse enjoys a peaceful vacation in Venice. Which does not please his boss as he is not supposed to be... in vacation! P'tit Louis, Georges' blundering but faithful photographer, is sent to Venice with a mission: pull up his socks. But Georges is not so dormant as he appears. Behind the scenes, he investigates the activities of a gang that cleans out Venice. Quite logically, he soon finds himself face to face with a bunch of shady brutal characters, among whom Zélos, a Greek nightclub owner, and Alessandro Cassidi, a powerful motor manufacturer married to the alluring Clara, twice younger than he is...",
    "genres" : [ {
      "id" : 12,
      "name" : "Adventure"
    }, {
      "id" : 80,
      "name" : "Crime"
    } ]
  }, {
    "id" : 271288,
    "title" : "The Perfect Victim",
    "overview" : "For over thirty years, three women have languished in Missouri State prison under unjust sentences for killing their abusive husbands. Denied the opportunity to enter the abuse into evidence, each of the women represents a system broken by outdated and media-sensationalized stereotypes. When a greater understanding of the \"battered\" syndrome change legal practices in 2000, Missouri's Governor crafts a new law demanding the parole board reevaluate each woman's case.",
    "genres" : [ ]
  }, {
    "id" : 271293,
    "title" : "The Scariest And Deadliest Moments in Space History",
    "overview" : "In charting the mysterious expanse of space, both men and women pioneers risked their lives to further human kind's reach and influence. Some of these pioneer heroes never came back, while others experienced explosions, catastrophe, and injury. This film explosives the inherently dangerous occupation of astronauts and cosmonauts, who in the face of an unforgiving hostile environment, and relentless life threatening pressures, endured almost certain death in the pursuit to conquer the unknown.",
    "genres" : [ ]
  }, {
    "id" : 271298,
    "title" : "Jazztime",
    "overview" : "Family - Set in Harlem in 1919, two girls - one white, one black - form a lifelong friendship through a chance encounter and the jazztime music of young \"Fats\" Waller.",
    "genres" : [ ]
  }, {
    "id" : 271303,
    "title" : "Johnny Guitar Watson: Music Hall in Concert",
    "overview" : "Music/Musical - Features the highly respected guitarist performing eight songs during a 1993 German television appearance. The setlist includes renditions of \"Real Mother For Ya,\" and \"Superman Lover.\"",
    "genres" : [ ]
  }, {
    "id" : 271308,
    "title" : "Miroslav Vitous: Live in Vienna",
    "overview" : "Music/Musical - This concert was filmed in early 2005 at Vienna's famous jazz club \"Porgy &amp; Bess,\" and features the incredibly talented Miroslav Vitous performing on bass. Interwoven with the footage are insightful artist interviews.",
    "genres" : [ ]
  }, {
    "id" : 271313,
    "title" : "Mons 2 - OMFG",
    "overview" : "A supposedly crippled boy rents a room to a female student of his age. Mistreated by her boyfriend, she decides to break up with him and gets close with her landlord, and they set up a plan to get revenge on their enemies using her beauty and his imaginative ways of torture.",
    "genres" : [ {
      "id" : 53,
      "name" : "Thriller"
    } ]
  }, {
    "id" : 271318,
    "title" : "Racing Cars: 76-06, 30th Anniversary Concert",
    "overview" : "Music/Musical - It has been 30 years since Racing Cars unique blend of rock and funk first found favor with UK gig goers. This DVD was filmed at their 30th Anniversary Concert with a packed house at Pontardawe Arts Centre in Wales on July 7th, 2006.",
    "genres" : [ ]
  }, {
    "id" : 271323,
    "title" : "Sam Kinison: Live in Vegas",
    "overview" : "Comedy / Music/Musical - In the town that knows no limits, Kinison gives a completely raw and uncensored performance at the very height of his career. Filled with scorching comedy, hot women and sizzling rock 'n roll, this rarely seen live show encapsulates the energy, verve and relentless brand of comedy that was unique to Kinison.",
    "genres" : [ {
      "id" : 35,
      "name" : "Comedy"
    } ]
  }, {
    "id" : 271328,
    "title" : "South Beach Dreams",
    "overview" : "Drama - An aspiring entertainer / singer who's willing to do anything to get ahead finds the consequences of her questionable actions having unexpected results. -  Eric Aragon, Jason Bartley, Scott Borish",
    "genres" : [ ]
  }, {
    "id" : 271333,
    "title" : "Tales From a Golden Age: Bob Dylan 1941-1966",
    "overview" : "Documentary - Tracing his career up to the point of his 1966 motorcycle accident and subsequent disappearance from the spotlight, this unauthorized documentary uncovers a side of Bob Dylan never revealed before. Includes extensive interviews and rare footage. -  Mickey Jones",
    "genres" : [ ]
  }, {
    "id" : 271338,
    "title" : "The Laughing Matter",
    "overview" : "Comedy / Documentary - It's funny or die in this hilarious doc that follows several of improv comedy's hottest new talents, struggling to make names for themselves and become stars in the frenetic Los Angeles comedy scene.",
    "genres" : [ ]
  }, {
    "id" : 271343,
    "title" : "Walking Under Water",
    "overview" : "In the crystal clear waters off the coast of Borneo, a unique way of life threatens to disappear forever. For generations, the Badjao were oceanic nomads, living in harmony with the sea as fishermen and free divers. Nowadays, however, only a few Badjao remain, like Alexan, who still remembers the old ways. He hopes to pass his knowledge along to his ten-year-old nephew Sari, but time and opportunities are running out. Sari loves the sea, but it can only offer a hard life of subsistence fishing, while the nearby tourist resort sings a siren song of easy money.",
    "genres" : [ ]
  }, {
    "id" : 271348,
    "title" : "Three Cheers for Catherine the Great",
    "overview" : "Family - Sara's feisty Russian grandmother asks for \"no presents\" for her birthday - and gets them - one from each neighbor, one from Mama and a special one from Sara to teach Grandma to read and write English.",
    "genres" : [ ]
  }, {
    "id" : 271353,
    "title" : "Terra Nova",
    "overview" : "A disturbed young woman runs away from her New Zealand home and hides away in an Australian boarding house, named Terra Nova. There she finds that every one else in the boarding house is just as zany as she is, and on some levels make her seem sane despite the voices in her head and her strange visions.",
    "genres" : [ ]
  }, {
    "id" : 271358,
    "title" : "Lucrezia Borgia",
    "overview" : "Rodrigo Borgia, Pope Alexander VI, has three adult children: Juan, who is virtuous and has a sweetheart who is a woman of the people, Lucrezia, who is virtuous and wants to marry Alfonso, and Cesare, who is wicked and lusts after Lucrezia, Juan's girlfriend, and probably others. Cesare has vowed to kill any suitor for Lucrezia's love, and he has three thugs to carry out his wishes. Bodies fall into the Tiber, into the Colosseum (with lions prowling), and onto the Vatican floors.",
    "genres" : [ ]
  }, {
    "id" : 271368,
    "title" : "You Were the One I Loved",
    "overview" : "A film adaptation of André Gide's book The Pastoral Symphony.",
    "genres" : [ {
      "id" : 18,
      "name" : "Drama"
    }, {
      "id" : 10749,
      "name" : "Romance"
    } ]
  }, {
    "id" : 271373,
    "title" : "The Abandoned Documents of a Dead Woman",
    "overview" : "Based on the novel by Güzide Sabri, the film tells the story of a woman suffering from a forbidden love.",
    "genres" : [ {
      "id" : 18,
      "name" : "Drama"
    }, {
      "id" : 10749,
      "name" : "Romance"
    } ]
  }, {
    "id" : 271378,
    "title" : "20,000 Leagues Under the Sea",
    "overview" : "The larger-than-life Jules Verne adventure about reclusive genius Captain Nemo, his magnificent submarine, The Nautilus, and the perilous voyage he makes with a group of captive adventurers, one of which is a young woman disguised as a man.",
    "genres" : [ {
      "id" : 16,
      "name" : "Animation"
    } ]
  }, {
    "id" : 271383,
    "title" : "Pongo Catches The Crossword Craze",
    "overview" : "\"Pathe presents its sixth all-British cartoon of The Adventures of Pongo the Pup.\"",
    "genres" : [ ]
  }, {
    "id" : 271388,
    "title" : "Velociraptor",
    "overview" : "During the end of the world, two best friends walk around their city, talking about their sex lives, and one of them reveals they are still a virgin.",
    "genres" : [ {
      "id" : 35,
      "name" : "Comedy"
    }, {
      "id" : 18,
      "name" : "Drama"
    }, {
      "id" : 14,
      "name" : "Fantasy"
    } ]
  }, {
    "id" : 271393,
    "title" : "Demon Legacy",
    "overview" : "In a remote mountain lodge, five sorority sisters accidentally unleash an unholy entity, and must battle evil and each other to stop it from devouring mankind.",
    "genres" : [ {
      "id" : 27,
      "name" : "Horror"
    } ]
  }, {
    "id" : 271398,
    "title" : "Hungry Hearts",
    "overview" : "Plump and Runt are starving artists who are both in love with their pretty model. Runt chooses money over love and marries a widow he thinks is rich. It turns out the model is the real heiress, and Plump marries her.",
    "genres" : [ ]
  }, {
    "id" : 271403,
    "title" : "The Talking Teddie Sic",
    "overview" : "\"The Pathe Sound Magazine presents An All-British Talking Cartoon - Little Bruin - The Talking Teddie.\"  \"Episode one --\" A broken down building stands on a hill with a sign \"Misery Farm\" outside. The cartoon is drawn by Joe Noble.",
    "genres" : [ ]
  }, {
    "id" : 271408,
    "title" : "The Tragedy of Silence",
    "overview" : "Romantic melodrama where a young husband is diagnosed as suffering from the terrible disease of leprosy. In his anguish, he decides to leave home. A student consoles and woos the desolate wife. But a mistake is discovered.",
    "genres" : [ {
      "id" : 18,
      "name" : "Drama"
    } ]
  }, {
    "id" : 271413,
    "title" : "The Broken Disk",
    "overview" : "In this film, the famous singer/composer Zeki Müren plays himself. His flamboyant and luxurious life takes a tragic turn when he is poisoned, loses his voice and then gets framed for the killing that he doesn't actually carry out.",
    "genres" : [ {
      "id" : 10402,
      "name" : "Music"
    }, {
      "id" : 80,
      "name" : "Crime"
    }, {
      "id" : 18,
      "name" : "Drama"
    } ]
  }, {
    "id" : 271418,
    "title" : "Many Wings",
    "overview" : "\"Throughout the World, every coast has a Bird Rock.\" A short of seaside images.",
    "genres" : [ ]
  }, {
    "id" : 271423,
    "title" : "Réveil Tam-Tam",
    "overview" : "Advertising film for \"Réveil Tam-Tam\". Undoubtedly one of the oldest Belgian advertising films, with a strong colonial connotations present in the product name.",
    "genres" : [ ]
  }, {
    "id" : 271428,
    "title" : "Fuga in Francia",
    "overview" : "A movie of M.Soldati",
    "genres" : [ {
      "id" : 18,
      "name" : "Drama"
    } ]
  }, {
    "id" : 271433,
    "title" : "Wir sind die Neuen",
    "overview" : "Three old friends from college move back in together in an apartment in Munich for financial reasons",
    "genres" : [ {
      "id" : 35,
      "name" : "Comedy"
    } ]
  }, {
    "id" : 271438,
    "title" : "The Smoke Scream",
    "overview" : "An old man is smoking a pipe. His wife hates the smoke and throws the pipe away. Felix fills the gramophone horn with coal so that he can smoke that instead. Smelling the fumes, his wife goes into a mad rage and throws the new pipe away. The old man falls asleep. The sun shines on his spectacles and starts a fire in his beard. The smoke alerts his wife who angrily fights with him for smoking again. Felix empties the goldfish bowl on him to douse the flames.",
    "genres" : [ ]
  }, {
    "id" : 271443,
    "title" : "Les guérisseurs",
    "overview" : "Film directed by Sidiki Bakaba.",
    "genres" : [ ]
  }, {
    "id" : 271448,
    "title" : "Baw-Naan",
    "overview" : "Senegalesian film directed by Joseph Gaï Ramaka.",
    "genres" : [ ]
  }, {
    "id" : 271453,
    "title" : "Home Away from Home",
    "overview" : "Short directed by Maureen Blackwood.",
    "genres" : [ ]
  }, {
    "id" : 271458,
    "title" : "Con le unghie e con i denti",
    "overview" : "An italian comedy",
    "genres" : [ {
      "id" : 35,
      "name" : "Comedy"
    } ]
  }, {
    "id" : 271463,
    "title" : "Red River, Black Sheep",
    "overview" : "The daughter of the lord of the village and a poor herdsman cannot get married for traditional reasons, but the village elders find a way out of this dilemma: if the herdsman manages to make his thirsty sheep cross the river without drinking from the water then the marriage will be allowed.",
    "genres" : [ {
      "id" : 18,
      "name" : "Drama"
    } ]
  }, {
    "id" : 271468,
    "title" : "Taken by Grace",
    "overview" : "An ex-con kidnaps a Christian couple in a bid to avenge his son's murder in this faith-based thriller starring Angus MacFayden and Haylie Duff. Years ago, Lucas Blackstone (Macfadyen) watched helplessly as his son was killed in cold blood. Years later, upon being released from prison, Lucas determines to see justice served at the business end of a .357. After kidnapping Shawn Everett (Bradley Dorsey) and his wife Carrie (Duff) from a campsite, Lucas instructs them to drive him to the town of Trinity so he may carry out the execution. Now as the trio drives to their grim destination, Lucas learns that Shawn and Carrie have put their trust in their faith to save their broken marriage. Unmoved by their devotion, he threatens to take their lives if they try to stop him. Later, a shocking discovery about his intended target leaves the grieving father questioning everything he ever thought he knew.",
    "genres" : [ {
      "id" : 53,
      "name" : "Thriller"
    }, {
      "id" : 18,
      "name" : "Drama"
    } ]
  }, {
    "id" : 271473,
    "title" : "A Heretic's Primer on Love and Exertion",
    "overview" : "Identically dressed and with sibling-like resemblance, performance artists Trevor Martin and Kym Olsen shift between spoken word and athletic dance choreography in a collection of 29 scenes. Set in various locations - including a gymnasium, an abandoned hospital, and a trailer park circus - Martin and Olsen slip between a ventriloquist and his dummy, a seducer and his surrogate, a doctor and his patient, and synchronized dance partners. The film examines a complex social psychology - questioning the colonization of the human body for various political, medical and religious agendas.",
    "genres" : [ ]
  }, {
    "id" : 271478,
    "title" : "Allie & Me",
    "overview" : "Beverly Hills wife Michelle catches her husband in bed with her best friend Allie, who works at Michelle's favorite beauty salon. Shortly thereafter, Michelle and Allie embark on a life of crime, robbing the homes of the salon's wealthy patrons.",
    "genres" : [ ]
  }, {
    "id" : 271483,
    "title" : "Bastards of Young",
    "overview" : "Welcome to adulthood! When two early-30s couples celebrate their last annual Halloween party in New York, they are confronted with sex, lies, and unspoken drama which tests their relationships and futures.",
    "genres" : [ {
      "id" : 18,
      "name" : "Drama"
    }, {
      "id" : 35,
      "name" : "Comedy"
    } ]
  }, {
    "id" : 271488,
    "title" : "Malignant",
    "overview" : "After the death of his wife, a grieving man becomes the victim of a horrific experiment to cure his addiction.",
    "genres" : [ {
      "id" : 27,
      "name" : "Horror"
    }, {
      "id" : 53,
      "name" : "Thriller"
    }, {
      "id" : 878,
      "name" : "Science Fiction"
    } ]
  }, {
    "id" : 271493,
    "title" : "Tired Business Men",
    "overview" : "Tired Business Men is a 1927 American short silent comedy film directed by Robert A. McGowan. It was the 60th Our Gang short subject released.",
    "genres" : [ ]
  }, {
    "id" : 271498,
    "title" : "Uncle Elephant",
    "overview" : "Animation - 'Old Uncle Elephant does his best to cheer Arnie up until his missing parents return. Provides viewers with some gentle lessons about caring. -  Will Ryan, Pat Musick, June Foray",
    "genres" : [ ]
  }, {
    "id" : 271503,
    "title" : "1st Testament: CIA Vengeance",
    "overview" : "Action - A political time bomb is about to explode and CIA Agent Phillip is having doubts about his service to his country and his assignment to kill the very people he once befriended. His boss tells him to do his job and not to question orders. But Phillip has made his decision and refuses to kill anyone. -  Ron Becks, Soo J. Kim, Luciano Saber",
    "genres" : [ ]
  }, {
    "id" : 271513,
    "title" : "What's in the Bible: Letters from Paul!",
    "overview" : "The Bible Made Easy for Kids! Buck Denver and his friends take your children through the WHOLE Bible. Volume 12: Letters from Paul! will take your family on a whirlwind journey through all of the Apostle Paul's letters to churches around the Roman World, and then Buck Denver and friends will dive into some of the BIG topics Paul teaches, like justification, sanctification, the fruit of the spirit and what it means to walk with Jesus every day!",
    "genres" : [ ]
  }, {
    "id" : 271518,
    "title" : "Attack: The Battle for New Britain",
    "overview" : "War - Documentary film depicting the attack by Allied forces on the Japanese strong-holds of Arawe Beach and Cape Gloucester, New Britain, in the South Pacific theatre of the Second World War in 1943. -  Leo Genn, Burgess Meredith, Anthony Veiller",
    "genres" : [ {
      "id" : 10752,
      "name" : "War"
    }, {
      "id" : 99,
      "name" : "Documentary"
    } ]
  }, {
    "id" : 271523,
    "title" : "Godmoney",
    "overview" : "A streetwise young man leaves his sordid past behind, moving from New York to the Los Angeles suburbs to start a simple, honest life. When he meets a small-time drug dealer with insatiable ambition, his past returns to haunt him.",
    "genres" : [ ]
  }, {
    "id" : 271528,
    "title" : "Blood Guardian",
    "overview" : "Horror - Blood Guardian weaves a stirring tale of a twelve-year old boy (Jack Nolan) who witnesses his father's (Mike Watkiss) murder - during a violent quarrel -- at the hands of his drug-addicted mother (Darl Chryst). Unsuccessful in trying to convince the boy to take the blame for the murder, mother was dealt her own fate. -  Matt Robinson, Sallie Glaner, Lanny Rethaber",
    "genres" : [ ]
  }, {
    "id" : 271533,
    "title" : "Chain of Souls",
    "overview" : "Horror - Kyla Travis has come to Hollywood to become an actress. She finds herself auditioning in a rundown theater for producer Carl Reese. Reese is not looking for actors; he has something far more deadly in mind. -  Denise Gossett, Suzanne Sheikh, Joe Decker",
    "genres" : [ ]
  }, {
    "id" : 271538,
    "title" : "Hilfe!",
    "overview" : "Eleven-year-old Emma wants nothing more than to be a different person. Shocked to learn that her wish has been fulfilled, however, she and her schoolmate must quickly figure out how to become themselves again.",
    "genres" : [ ]
  }, {
    "id" : 271543,
    "title" : "Kidneys on Ice",
    "overview" : "In a world where everything is for sale, is it wrong to sell your own kidney? Or to buy an illegal organ if it could save your life? Every year 15,000 human organs are trafficked from impoverished Europeans to recipients in more privileged countries. A shocking and exclusive new film on an intractable subject.",
    "genres" : [ ]
  }, {
    "id" : 271548,
    "title" : "Water Ways",
    "overview" : "\"A wag once labelled water as the stuff they put under bridges.\" L/S of a barge travelling under one of the London bridges. \"To Eve, water brings up bright memories of beaches - and sunny days.\" M/S of woman in swimsuit and swimming hat posing by the edge of the sea. \"But, water to a Chemist is just H2O.\" C/U of a chemist's bottle with an H2O label stuck on the side. \"H2O means that water consists solely of 2 parts of hydrogen and 1 part of oxygen.\" Joe Noble dressed in a white lab coat measures out some liquid into a glass then pours it into a glass tube.",
    "genres" : [ ]
  }, {
    "id" : 271553,
    "title" : "Cotton Flowers",
    "overview" : "Drama - Four privileged teenagers with little in common are thrown together on a school project. They will soon be tested if they are ready for life's challenges when they face some serious adult situations without parental support. -  Keila Collins, Giovanna Marie, Kevin Lyon",
    "genres" : [ ]
  }, {
    "id" : 271558,
    "title" : "Making Light in Terezin",
    "overview" : "The film follows a modern day theater group from Minnesota as they travel to the Czech Republic to perform a cabaret piece originally performed in Terezin in 1943.",
    "genres" : [ ]
  }, {
    "id" : 271563,
    "title" : "Dog's Life",
    "overview" : "Drama - This film tells the story of the intertwining fates of a troubled young man and a dimwitted janitor.",
    "genres" : [ ]
  }, {
    "id" : 271568,
    "title" : "Mission on Everest: A Divine Appointment",
    "overview" : "Follow along with Philippe and his team as they climb under very difficult conditions, experiencing extreme temperature changes, high winds, and a decrease in the oxygen level.",
    "genres" : [ ]
  }, {
    "id" : 271573,
    "title" : "Fear Itself",
    "overview" : "Horror - We follow a group of high school students with a twisted sense of fun. Instead of studying, partying and worrying about who to take to the prom, these teens get off on playing mean spirited pranks on anyone who crosses them.",
    "genres" : [ ]
  }, {
    "id" : 271578,
    "title" : "Mr. Smith Goes to Tokyo",
    "overview" : "When Tomoko finds some messages for a 'Mr Smith' on a lost mobile phone, she finds herself on an 'Alice in Wonderland' journey through Tokyo's boulevards and back alleys. From the tyranny of symmetry in soaring office blocks - to buildings that look like space-ships, this creative documentary shows us the city's soul.",
    "genres" : [ ]
  } ]
}