{
  "movies" : [ {
    "id" : 161183,
    "title" : "Here and Now",
    "overview" : "A young Montreal woman has an affair with a famous French author, and the experience helps to teach her a number of things about life and love.",
    "genres" : [ ]
  }, {
    "id" : 161203,
    "title" : "Crashing Hollywood",
    "overview" : "Two gangsters provide details of an actual bank robbery when helping a neophite screenwriter create a hit Hollywood film. Director Lew Landers' 1938 comedy stars Lee Tracy, Bradley Page, Paul Guilfoyle, Lee Patrick, Joan Woodbury, Jack Carson, Richard Lane, Willie Best, Edythe Elliott, George Irving, Tom Kennedy and Jimmy Conlin.",
    "genres" : [ {
      "id" : 80,
      "name" : "Crime"
    }, {
      "id" : 35,
      "name" : "Comedy"
    } ]
  }, {
    "id" : 161208,
    "title" : "Saawan... The Love Season",
    "overview" : "Born in Patiala, widower Fakirchand Kapoor lives a poor lifestyle with two daughters, the younger of which is Kajal, and collects recyclables and antiques (Bhangar) for a living. He re-locates to the United States, makes a lot of money, changes his name to Fakki Cappar, and returns to live in Bandra, Mumbai, gets his elder daughter married, and soon becomes the grandfather of Gudiya. Then one day he gets a visit from his childhood friend, who used to be a vegetable vendor, but is now a wealthy businessman and they rekindle their friendship. His friend tells him that the purpose of this visit is to solemnize the marriage of his son, Raj, and Kajal, who met in Cape Town and have fallen in love with each other. Both arrange for a formal engagement on Kajal's birthday. Both do not know that Kajal will soon come to know that her dad is going to pass away on the day of her engagement, there will be an accident involving 3 cars...",
    "genres" : [ ]
  }, {
    "id" : 161218,
    "title" : "Yeh Hai Jalwa",
    "overview" : "Raj Saxena (Salman Khan) goes to London, expecting his long lost Dad (Rishi Kapoor) to warmly greet him. But things do not go as planned.",
    "genres" : [ {
      "id" : 10749,
      "name" : "Romance"
    }, {
      "id" : 18,
      "name" : "Drama"
    } ]
  }, {
    "id" : 161223,
    "title" : "Dulhan Hum Le Jayenge",
    "overview" : "Sapna has lost her parents at an early age and lives with her three quirky uncles - Bhola Nath is a fitness freak, Prabhu Nath is a deeply religious fellow and Vicky Nath is a disco-savvy dude. Sapna is fed up of their quirks and runs away to Europe where she meets Raja. Her purse is stolen and hence she has to depend financially on Raja. During the course of the tour they fall in love after much bickering. When Raja comes to know that to marry Sapna he has to convince her three uncles for their support, he sets off on his mission.",
    "genres" : [ ]
  }, {
    "id" : 161238,
    "title" : "Judwaa",
    "overview" : "Mrs. Malhotra (Reema Lagoo) is the mother of twins, who were separated at birth, and she only has one son. Since then she has been in shock and confined in a wheelchair in the USA. Quiet and mature Prem, (Salman Khan) one of the twins, and his dad (Dalip Tahil) return to India together with Mrs. Malhotra to get Prem married to outgoing and percocious Mala (Karishma Kapoor), who is the daughter of Mr. Sharma (Kader Khan). There Prem meets with his twin brother very outgoing and percocious Raja (also Salman Khan), who looks like him, but is exactly the opposite in nature, A series of comic scenes result as a result of the twins getting together. Raja loves quiet and mature Roopa (Rambha), and both the girls are confused by the change they perceive in their respective lovers. To muddy the waters Tiger Ratanlal (Mukesh Rishi) has sworn vengeance against the Malhotra family for what they did to his dad (Deepak Shirke).",
    "genres" : [ ]
  }, {
    "id" : 161243,
    "title" : "Men to Kiss",
    "overview" : "The gay couple Tobi and Ernie are being visited by Ernie's old friend Uta. What at first looks like an innocent house-call, turns into an insidious attack on the couple's relationship.",
    "genres" : [ ]
  }, {
    "id" : 161258,
    "title" : "Chevallier et Laspalès - Au Théâtre des Nouveautés",
    "overview" : "",
    "genres" : [ ]
  }, {
    "id" : 161263,
    "title" : "Gold",
    "overview" : "Documentary about the triumph of the Mexican National Team at the Olympic Games in London. Discover tales, stories and hear the different perspective of the Mexican team players. Have fun with this recognition of the 18 players who participated in the Olympic Games.",
    "genres" : [ ]
  }, {
    "id" : 161273,
    "title" : "A Time of Roses",
    "overview" : "In the year 2011, historian Raimo Lappalainen wants to illustrate how life was 50 years earlier. He becomes obsessed with the fate of a 1970s nude model, Saara Turunen, and finds a perfect actress to reconstruct her life and death in front of a TV camera. Meanwhile, a strike at a nuclear plant is covered up by the media. Written by Markku Kuoppamäki",
    "genres" : [ {
      "id" : 878,
      "name" : "Science Fiction"
    } ]
  }, {
    "id" : 161293,
    "title" : "Oxygene 30th Anniversary Tour",
    "overview" : "As part of the Oxygene 30th Anniversary Tour, Jean Michel Jarre performed 10 Oxygene concerts in Paris, from December 12 to December 26, 2007. The concerts took place at the Théâtre Marigny, a small, 1000 seats theater located in the Champs-Élysées.",
    "genres" : [ {
      "id" : 10402,
      "name" : "Music"
    } ]
  }, {
    "id" : 161303,
    "title" : "The Playroom",
    "overview" : "Four children in their attic hideaway make up a fantastic story, while downstairs their parents weave a drunken intrigue of their own.",
    "genres" : [ ]
  }, {
    "id" : 161308,
    "title" : "Auslandstournee",
    "overview" : "Senay (Blume) is a willful eleven year old girl in Hamburg who's Turkish father has just died. The only friend responding to the news about her father is a gay Turkish cabaret singer, Zeki (Siir Eloglu). Together they travel through Europe in search of the orphan girl's mother, Cicek (Fecht), who left at childbirth and whom Zeki represents as Senay's aunt.",
    "genres" : [ {
      "id" : 18,
      "name" : "Drama"
    } ]
  }, {
    "id" : 161313,
    "title" : "Cairo",
    "overview" : "MGM remake of Asphalt Jungle set in Egypt.",
    "genres" : [ {
      "id" : 80,
      "name" : "Crime"
    } ]
  }, {
    "id" : 161318,
    "title" : "Take Me Away Fast",
    "overview" : "A documentary film about a DJ who journeys throughout West Africa, digging for rare vinyl recordings of Afro-beat music from the 70s.",
    "genres" : [ ]
  }, {
    "id" : 161338,
    "title" : "Your Childhood Shall Never Die",
    "overview" : "A film about a group of people and their complicated relationships to one another. Vera is trying to figure out how to relate to her son's irresponsible father, while her sister is about to release a book about their shared childhood. Not far from Vera, a professional clown is hesitantly trying to get on with his life and form a new relationship, but his ex is refusing to let go of him. In close shots, full of emotions, the characters expose the best as well as the worst in them, and the film provides no simple answers to its questions.",
    "genres" : [ ]
  }, {
    "id" : 161343,
    "title" : "Crestfallen",
    "overview" : "When Tuva's parents die in a car crash, she learns that she is adopted. Disappointed with those around her for never telling her the truth, she sets off with her own daughter in search of her biological mother.",
    "genres" : [ {
      "id" : 53,
      "name" : "Thriller"
    }, {
      "id" : 18,
      "name" : "Drama"
    } ]
  }, {
    "id" : 161353,
    "title" : "Way of the Black Dragon",
    "overview" : "Allison Wong gets abducted by a gang of drug smugglers with a nasty sideline business involving white slavery and prostitution. Interpol agent Bill Eaton, honest worker Chen, and Allison's brother join forces to take out the nefarious crime syndicate.",
    "genres" : [ {
      "id" : 28,
      "name" : "Action"
    } ]
  }, {
    "id" : 161358,
    "title" : "Naked Angels",
    "overview" : "Mother has just got out of prison and wants to get revenge on the biker gang that put him there. He teams up with his old gang \"The Angels\" and they head to the desert to get even. Soon, Mother's obsession begins to take it's toll on his relationship with his girlfriend, Marlene, and the respect his gang has for him quickly dwindles until he is left alone in the desert to fend for himself.",
    "genres" : [ ]
  }, {
    "id" : 161368,
    "title" : "Killer Crocodile II",
    "overview" : "Radioactive waste creates a killer croc.",
    "genres" : [ {
      "id" : 27,
      "name" : "Horror"
    } ]
  }, {
    "id" : 161388,
    "title" : "SCANDAL - EVERYBODY SAY YEAH! -TEMPTATION BOX TOUR 2010- ZEPP TOKYO",
    "overview" : "EVERYBODY SAY YEAH! -TEMPTATION BOX TOUR 2010- ZEPP TOKYO is SCANDAL’s second live DVD.  It contains footage from their tour “SCANDAL TEMPTATION BOX TOUR 2010″ ~YEAH! tte Iei!~ on October 2, 2010 at Zepp Tokyo.",
    "genres" : [ {
      "id" : 10402,
      "name" : "Music"
    } ]
  }, {
    "id" : 161398,
    "title" : "Kurbaan",
    "overview" : "Maan Singh and Prithvi Singh's families have been locked in a property dispute in a Court in India. When the Court gives a verdict in favor of Prithvi, Maan hires a bandit, Panna Singh, to kill Prithvi and all of his family. Panna only partially succeeds, and retreats badly wounded to a dense forest to escape Prithvi's wrath. But the harm has been done, Prithvi has lost his sister and other family to this vicious assault, and has vowed to avenge this by killing Maan's family, and he does so with partial success, thus incurring the wrath of Maan's Police Inspector brother, Suraj Singh. Prithvi then goes into hiding and is now called Daku Prithvi Singh. The only survivors from his family are his daughter, Chandra, his aunt, and her son, Himmat, while Suraj Singh lives with his son, Akash. Years later, an educated Akash meets with an uneducated Chandra and both fall in love with each...",
    "genres" : [ ]
  }, {
    "id" : 161403,
    "title" : "Nishchaiy",
    "overview" : "'Nishchaiy' is the story of two brothers, Ravi and Rohan Yadav separated due to unforeseen circumstances created by Ravi's employer Manohar Singh who suspects Ravi of having an affair with his wife Renuka. Ravi is sent to prison for a crime which he never committed and Rohan is adopted by Renuka's friend Yashoda. Years later, Ravi, a branded criminal is released from prison and Rohan, a successful lawyer now known as Vasu Gujral, clash with each other unaware of the fact that they are real brothers. This clash is engineered by none other than Manohar Singh, who is responsible for their separation years ago.",
    "genres" : [ ]
  }, {
    "id" : 161413,
    "title" : "Day of Violence",
    "overview" : "Two thugs take 15 people hostage and demand a ransom from the authorities million dollars in gold, a car and a plane to get out of the country.",
    "genres" : [ {
      "id" : 53,
      "name" : "Thriller"
    }, {
      "id" : 28,
      "name" : "Action"
    }, {
      "id" : 80,
      "name" : "Crime"
    } ]
  }, {
    "id" : 161428,
    "title" : "Moon Shadow",
    "overview" : "",
    "genres" : [ {
      "id" : 18,
      "name" : "Drama"
    } ]
  }, {
    "id" : 161433,
    "title" : "Suhaag",
    "overview" : "Durga and Vikram Singh have been married for years. Vikram has taken to crime in a big way, and as a result has antagonized a rival gangster, Jaggi. Durga gives birth to twins, and Jaggi steals one of them, and sells him to a bootlegger, Pascal. Durga is upset when she finds her son missing, but is devastated when Vikram abandons her. With a lot of difficulty, Durga brings up her son, Kishan, and has given up on finding her other son. Kishan has grown up and is now a dedicated police officer. On the other hand, Pascal has exploited Amit, kept him illiterate, doing petty crime, and alcoholic. This gets him in confrontation with Kishan, but ironically the two settle their differences and become fast friends. Vikram is still alive, and is not aware of his two sons and wife being alive.",
    "genres" : [ ]
  }, {
    "id" : 161448,
    "title" : "Jai Kishen",
    "overview" : "Inspector Pratap Singh is killed, while one of his son's, Kishen, goes missing, and the other, Jai, loses his vision. His wife is the only witness to his brutal death at the hands of three criminal dons. Years later, Kishen and Jai have both grown up. While Jai has mastered self-defence and use of a sword, Kishen is a career thief. When Kishen unknowlingly double-crosses one of the three dons, who were responsible for killing his dad, he puts the entire family to risk, as the criminal dons will not hesitate to wipe the entire family from the face of this Earth.",
    "genres" : [ ]
  }, {
    "id" : 161453,
    "title" : "Zakhmi Dil",
    "overview" : "Jaidev Anand is a celebrity, and lives a fairly isolated life. One day he comes to the rescue of a young woman, Vandana Acharya, and falls in love with her. Vandana respects him, but falls in love with another man, Abhimanyu. This news shatters Jaidev, but he decides not to tell Vandana anything. Then the jeep in which Abhimanyu and Vandana were traveling is attacked by an assailant named D.K., and as a result Abhimanyu gets killed. Jaidev is sorry for Vandana, but gets his hopes up enough to propose to her, and to his joy, she accepts. The plans are on for an early marriage, but before that could happen Vandana meets a single mother, Gayetri, and her son. It is then she finds out that Jaidev is already married, and also has a son. What possible reason could Jaidev have for not sharing this information with Vandana?",
    "genres" : [ ]
  }, {
    "id" : 161463,
    "title" : "Citizen King",
    "overview" : "Documentary about the final five, turbulent years in the life of civil rights activist Martin Luther King. The story begins at the Lincoln Memorial in August 1963, when a 34-year-old preacher galvanized millions with his dream for an America free of racism and comes to a bloody end five years later on a motel balcony in Memphis.  King has since become a mythic figure, an activist whose works and image are more hotly contested, negotiated and sold than almost anyone else's in American history. (Storyville)",
    "genres" : [ {
      "id" : 99,
      "name" : "Documentary"
    } ]
  }, {
    "id" : 161468,
    "title" : "Inkaar",
    "overview" : "At a leading ad agency, the battle for the top job between Rahul Verma, the advertising CEO, and Maya Luthra, his ambitious protégée, takes an ugly turn when Maya files a sexual harassment complaint against Rahul.",
    "genres" : [ ]
  }, {
    "id" : 161488,
    "title" : "功夫无敌",
    "overview" : "",
    "genres" : [ ]
  }, {
    "id" : 161503,
    "title" : "Music, Forward!",
    "overview" : "“Music Forward!” is the order given by a lady in Colonial costume, and in march a group of five musicians, working industriously at their instruments. The directress stands them in a row, and taking the head off each, throws it onto a huge music staff and each becomes a note of the scale. The whole bodies appear again, after which the manipulator seems to wrap them up in a large sheet of music, which is then shown to contain nothing. The paper is rolled up again, and a cane is held, perpendicularly, in a horizontal position to the sheet.",
    "genres" : [ {
      "id" : 14,
      "name" : "Fantasy"
    }, {
      "id" : 35,
      "name" : "Comedy"
    } ]
  }, {
    "id" : 161523,
    "title" : "As Libertinas",
    "overview" : "In a holiday camp, couples live situations of sex and love, in three segments: Alice, Angélica and Ana.",
    "genres" : [ ]
  }, {
    "id" : 161533,
    "title" : "J.J. Cale - In Session at the Paradise Studios",
    "overview" : "Reluctant rock hero J.J. Cale takes the spotlight for this 80-minute session, recorded in Los Angeles in 1979 but virtually unseen until 2001. The reclusive, Oklahoma-born Cale is probably best known for writing songs made famous by others (\"After Midnight\" and \"Cocaine\" by Eric Clapton, \"Call Me the Breeze\" by Lynyrd Skynyrd). Those are among the some two dozen tunes heard here (five of which, including \"Breeze,\" are audio-only bonus tracks), as is Cale's own minor hit, \"Crazy Mama.\" The latter is a good example of the witty, laconic groove that Cale, a superb guitar player and laid-back vocalist, brings to much of his music, an appealing style that's been an obvious influence on Mark Knopfler and others.",
    "genres" : [ {
      "id" : 10402,
      "name" : "Music"
    } ]
  }, {
    "id" : 161543,
    "title" : "Gian Burrasca",
    "overview" : "",
    "genres" : [ ]
  }, {
    "id" : 161548,
    "title" : "The Rabeats à l'Olympia",
    "overview" : "",
    "genres" : [ ]
  }, {
    "id" : 161558,
    "title" : "You Try Somebody Else",
    "overview" : "Ethel Merman sings the title song with a Bouncing Ball. Animated sequence: a cat burglar, just out of jail, raids Betty Boop's icebox.",
    "genres" : [ ]
  }, {
    "id" : 161563,
    "title" : "The Forest and Water",
    "overview" : "A poetic documentary film \"The Forest and Water\" was created by Escape to Nature production for the Administration of the Giant Mountains National Park in Czech Republic (KRNAP). Film was awarded at several film festivals in the Czech Republic and abroad.  Fifteen minutes long documentary \"The Forest and Water\" was filmed during last year and completed in the beginning of January 2012. Film is in Czech language with English subtitles.",
    "genres" : [ ]
  }, {
    "id" : 161573,
    "title" : "Bosko's Party",
    "overview" : "Bosko whistles \"It Ain't Gonna Rain No Mo\" as he walks down the sidewalk in the pouring rain. His umbrella provides a good sailboat when he wants to cross a flooded street. Meanwhile, Honey is getting dressed and made up. She's about to remove her nightgown when she realizes that we in the audience are watching her. She goes behind a modesty screen, but the mirror reveals all to us. Bosko arrives at Honey's place and one of her friends opens the door. Little does she know that several of her friends are downstairs waiting to surprise her. This is Honey's birthday. Honey's little yapping dog causes trouble before and during the party. Worse trouble comes from her pupil--a little kitten who hides underneath a flowerpot and can't get out from under it. When he finally does, he causes a minor catastrophe.",
    "genres" : [ {
      "id" : 35,
      "name" : "Comedy"
    }, {
      "id" : 16,
      "name" : "Animation"
    } ]
  }, {
    "id" : 161578,
    "title" : "The Office Boy",
    "overview" : "Flip schemes to get himself hired as an office boy at the Screwy Nuts &amp; Bolts factory, especially because of the attractive typist. He starts well, using a cat's tongue to lick a stack of envelopes.",
    "genres" : [ ]
  }, {
    "id" : 161593,
    "title" : "Fire! Fire!",
    "overview" : "Flip The Frog and his pals work at a fire station and is called out to stop a fire in this Ub Iwerks animation short.",
    "genres" : [ ]
  }, {
    "id" : 161598,
    "title" : "Sophie Lang Goes West",
    "overview" : "Reformed jewel-thief Sophie Lang, tired of being questioned by the New York City police every time a jewel disappears, decides to head for California only to get into more trouble.",
    "genres" : [ ]
  }, {
    "id" : 161603,
    "title" : "The Music Lesson",
    "overview" : "Flip's piano instructor sits him down at the keys and leaves the room. In her absence, Flip plays jazzy music that brings some of the objects in the room to life. Later, Flip's friends call for him and he sneaks away from his lesson to go swimming. The piano teacher and her dog go after Flip, as does a police-officer who seeks to punish the boys for swimming on private property.",
    "genres" : [ ]
  }, {
    "id" : 161613,
    "title" : "The Milkman",
    "overview" : "Flip, the owner of a dairy farm, wakes up one morning and goes to milk his cow. He has problems with a pesky fly who is eventually swatted by the cow's tail. Flip then takes the milk into town to deliver it. While in town, he encounters a bratty little kid who just won't leave him alone. Eventually Flip and the kid make up and become friends.",
    "genres" : [ ]
  }, {
    "id" : 161618,
    "title" : "Porky's Phoney Express",
    "overview" : "A pony express office. Porky's only allowed to clean up and lick envelopes. When a rider comes back...",
    "genres" : [ ]
  }, {
    "id" : 161623,
    "title" : "The Tuba Tooter",
    "overview" : "A German \"ohm-pah\" trio is incomplete until their tuba player arrives on a boat from overseas. The resulting quartet brings the whole town out for a German dance party, until the police arrive to take the \"tuba tooter\" to jail.",
    "genres" : [ ]
  }, {
    "id" : 161643,
    "title" : "Minding the Baby",
    "overview" : "Bimbo's minding his baby brother, but neighbor Betty Boop (with dog's ears) wants him to come over and play.",
    "genres" : [ {
      "id" : 35,
      "name" : "Comedy"
    }, {
      "id" : 16,
      "name" : "Animation"
    } ]
  }, {
    "id" : 161648,
    "title" : "Desert Commandos",
    "overview" : "German commandos are dropped behind enemy lines in the Sahara Desert tasked with getting to Casablanca in an assassination attempt on allied leaders.",
    "genres" : [ {
      "id" : 12,
      "name" : "Adventure"
    }, {
      "id" : 18,
      "name" : "Drama"
    }, {
      "id" : 10752,
      "name" : "War"
    } ]
  }, {
    "id" : 161658,
    "title" : "'The Bully'",
    "overview" : "\"Bully\" is a Bluto-type - you know: big, gruff guy with a cigar, small bowler hat, needs a shave....Here, he picks a fight with poor Flip. Before you know it, a neutral party comes along, shows the two guys a sign advertising \"boxing to-night\" and advises them to take it to the arena, where at least they could pick up some bucks if they're going to fight",
    "genres" : [ ]
  }, {
    "id" : 161683,
    "title" : "Secrets In The Snow",
    "overview" : "On this particular Friday morning the students of Eastbrook High are arriving at school to complete their final exams before the Christmas Holiday. But what began as a December snowfall quickly becomes a threatening winter storm, and school is dismissed for the day. The students who are unable to arrange transportation before the storm grows are forced to remain in the school gym. The six familiar strangers are the only students remaining as the outdoor conditions worsen and the doors are locked. Wills are tested, friendships are created, and secrets are revealed as they realize they must rely on each other to make it through the night.",
    "genres" : [ ]
  }, {
    "id" : 161688,
    "title" : "Pretending Not to See",
    "overview" : "While one kid is being bullied, another one witnesses the revolting situation. Filled with guilt, fear, and powerlessness; he starts wondering if just minding his own business is the right thing to do.",
    "genres" : [ {
      "id" : 18,
      "name" : "Drama"
    }, {
      "id" : 16,
      "name" : "Animation"
    } ]
  }, {
    "id" : 161708,
    "title" : "Ten Minutes to Live",
    "overview" : "A movie producer offers a nightclub singer a role in his latest film, but all he really wants to do is bed her. She knows, but accepts anyway. Meanwhile, a patron at the club gets a note saying that she'll soon get another note, and that she will be killed ten minutes after that.",
    "genres" : [ {
      "id" : 18,
      "name" : "Drama"
    }, {
      "id" : 10402,
      "name" : "Music"
    }, {
      "id" : 9648,
      "name" : "Mystery"
    } ]
  }, {
    "id" : 161723,
    "title" : "Led Zeppelin - Danmarks Radio Live",
    "overview" : "Concert at Danmarks Radio Live in 17 March 1969. Setlist: Communication Breakdown, Dazed and Confused, Babe I'm Gonna Leave You, How Many More Times.  Notes:  TV performance recorded on Danmarks Radio / Danish TV.  Broadcast as: Led Zeppelin on Monday May 19th, 1969, rebroadcast on BBC New Years Evening 1989.  Released on the official dvd in 2003.  --\r 01 Communication Breakdown\r 02 Dazed and Confused\r 03 Babe I'm Gonna Leave You\r 04 How Many More Times",
    "genres" : [ {
      "id" : 10402,
      "name" : "Music"
    } ]
  }, {
    "id" : 161728,
    "title" : "Barrage",
    "overview" : "Sabine, a 30-year-old woman, has recently moved to an isolated house near to a river with a dam.  She is accompanied by her son Thomas, aged 15.  As she tries to settle into her new home, Sabine experiences a series of strange phenomena.  She cannot bear to see her son grow up and leave her, and she will do anything to keep him with her...",
    "genres" : [ ]
  }, {
    "id" : 161733,
    "title" : "Do Elephants Pray?",
    "overview" : "Frustrated by the soulless routine world he is shackled to and dogged by a need to find meaning in everything, the life of advertising executive Callum Cutter is thrown into poetic chaos when he meets the free-spirited French seductress Malika who promises to change his life forever...providing he keeps her identity a secret.",
    "genres" : [ ]
  }, {
    "id" : 161743,
    "title" : "California Hot Wax",
    "overview" : "Three Southern Californian woman lose their successful business to their evil landlord. They team up with a handsome hunk to start a competitive car wash, using scantily-clad girls and guys to lure in customers. The ensuing rivalry leads to various antics by the old landlord to put them out of business",
    "genres" : [ {
      "id" : 35,
      "name" : "Comedy"
    } ]
  }, {
    "id" : 161753,
    "title" : "Divertimento",
    "overview" : "A rivalry between two actors proves to have dangerous consequences in this drama from Spain. Daniel (Federico Luppi) is the star of a popular television series who is interested in more prestigious work. and longs to appear on the legitimate stage. Daniel is lobbying for the leading role in Divertimento, a well-known play that made a star of leading man Bernardo Gabler (Francisco Rabal). When Daniel pays a visit to the theater where the play is being staged, he discovers to his surprise that Bernardo is waiting for him. Bernardo is not at all eager to turn over his signature role to another actor and insists on putting Daniel through a punishing audition, which turns out to be the least of Daniel's problems when Bernardo forces him to help hide a corpse, implicating him in a murder Bernardo claims to have committed.",
    "genres" : [ {
      "id" : 18,
      "name" : "Drama"
    } ]
  }, {
    "id" : 161763,
    "title" : "Alabama: 2000 Light Years from Home",
    "overview" : "\"The film starts with a shot of a cassette recorder, and it has a juke box in it. There’s always music in it. When I was asked by some critics at a festival press conference what the film was all about, I said 'it’s about the song All Along The Watchtower, and the film is about what happens and what changes depending on whether the song is sung by Bob Dylan or by Jimi Hendrix.'\" Well, both versions of the song appear in the film, and everybody thought I was pretty arrogant to explain the story this way. But the film really is about the difference between the Dylan version of All Along the Watchtower, and the Jimi Hendrix Version. One is at the beginning and one is at the end.\" – Wim Wenders",
    "genres" : [ {
      "id" : 80,
      "name" : "Crime"
    }, {
      "id" : 18,
      "name" : "Drama"
    } ]
  }, {
    "id" : 161773,
    "title" : "The Whizzard of Ow",
    "overview" : "Wile E. Coyote is chasing the Road Runner (still) and comes across the Acme Book of Magic. With the power to levitate heavy boulders, fly on broomsticks, and transfigure anything to suit his need, it seems like Wile E. finally has a chance at getting his breakfast... but then again, this is Wile E. Coyote we're talking about.",
    "genres" : [ {
      "id" : 16,
      "name" : "Animation"
    }, {
      "id" : 35,
      "name" : "Comedy"
    } ]
  }, {
    "id" : 161778,
    "title" : "Rabbit in the Pit",
    "overview" : "A young girl falls in love for the first time, but she has a dark secret and her boyfriend is on the verge of finding out.",
    "genres" : [ {
      "id" : 10749,
      "name" : "Romance"
    }, {
      "id" : 18,
      "name" : "Drama"
    } ]
  }, {
    "id" : 161783,
    "title" : "Platinum High School",
    "overview" : "Mickey Rooney stars in this 1960 drama, playing a father investigating his son's mysterious death at a private military school. Directed by Charles Haas, the film also features Dan Duryea, Terry Moore, Yvette Mimieux, Warren Berlinger, Conway Twitty, Richard Jaeckel, Jimmy Boyd and Elisha Cook Jr.",
    "genres" : [ ]
  }, {
    "id" : 161793,
    "title" : "99.9 FM",
    "overview" : "Gautam on meeting his ex girlfriend after marriage gets attracted to her. He gets confused to make a choice between his wife and his girlfriend and decides to murder one of them.",
    "genres" : [ ]
  }, {
    "id" : 161803,
    "title" : "CM101MMXI Fundamentals",
    "overview" : "The funny little details of everyday life; the simple things that makes us laugh. An unforgettable performance from Cem Yilmaz. Yilmaz captures the audience with his hilarious stories about relationships, humankind's struggle with the technology and professional life. Yilmaz proves us that a food delivery or even a funeral might be amusing when considered correctly. Written by Elmalma Brand Communication",
    "genres" : [ {
      "id" : 99,
      "name" : "Documentary"
    }, {
      "id" : 35,
      "name" : "Comedy"
    } ]
  }, {
    "id" : 161808,
    "title" : "Celal ile Ceren",
    "overview" : "Celal, who dreams of achieving happiness as a ladies' man and charmer, soon gets into difficulties and suffers misfortune. Back when Celal was in a relationship, he was jealous of the life of a bachelor.",
    "genres" : [ {
      "id" : 35,
      "name" : "Comedy"
    }, {
      "id" : 10749,
      "name" : "Romance"
    } ]
  }, {
    "id" : 161818,
    "title" : "Guitarra Mía: A Tribute To José Feliciano",
    "overview" : "Dedicated to the legendary Puerto Rican singer and guitarist, the film is a narrative about José Feliciano's remarkable life and prolific musical career as the first crossover Latin artist in the United States. This special and unique project takes viewers on a visual journey through Feliciano's unique life using archival concerts and vintage footage coupled with testimonials. It combines musical performances by José Feliciano and artists such as Marc Anthony, Son by Four, Gilberto Santa Rosa, Luis Enrique, Ednita Nazario, Michael Stuart, among others.",
    "genres" : [ {
      "id" : 10402,
      "name" : "Music"
    } ]
  }, {
    "id" : 161823,
    "title" : "Son of Cain",
    "overview" : "Nico Albert is a very peculiar character teenager, with exceptional intelligence and a single obsession: chess. His parents, concerned about the anomalous attitude of his son, child psychologist hired Julio Beltran. Through therapy and common hobby chess, Julio will delve into the disturbing world of Nico and the complex relationships of this seemingly normal family.",
    "genres" : [ {
      "id" : 53,
      "name" : "Thriller"
    } ]
  }, {
    "id" : 161828,
    "title" : "Vulcan, Son of Giove",
    "overview" : "A superhero battles lizard men and other monsters that are terrorizing the countryside.",
    "genres" : [ {
      "id" : 14,
      "name" : "Fantasy"
    }, {
      "id" : 28,
      "name" : "Action"
    }, {
      "id" : 18,
      "name" : "Drama"
    } ]
  }, {
    "id" : 161833,
    "title" : "Mickey's Gala Premier",
    "overview" : "Mickey's film is having a premiere, and all the stars turn out at the Chinese Theatre. Among those shown: Laurel and Hardy, the Marx Brothers, Jimmy Durante, Clark Gable, Sid Grauman, Mae West. The picture, Galloping Romance (Pegleg Pete kidnaps Minnie, and Mickey gives chase on a variety of animals), starts, and everyone in the audience sways along to the music, then rolls in the aisles with laughter. After, everyone comes on stage to congratulate Mickey; Garbo smothers him with kisses.",
    "genres" : [ {
      "id" : 16,
      "name" : "Animation"
    } ]
  }, {
    "id" : 161838,
    "title" : "Wild Elephinks",
    "overview" : "Popeye and Olive, marooned on a raft, land on what apparently is Africa, and are immediately battling elephants and gorillas. And a moose(!). Popeye eventually battles an entire menagerie at once, after his spinach, of course.",
    "genres" : [ {
      "id" : 16,
      "name" : "Animation"
    } ]
  }, {
    "id" : 161843,
    "title" : "Seasin's Greetinks!",
    "overview" : "Popeye skates over to Olive's house to give her a Christmas present: ice skates of her own. While he's teaching her, Bluto skates up and gets fresh; of course, Popeye fights him. When she rejects Bluto again, he sends her careening on an ice floe towards a waterfall.",
    "genres" : [ ]
  }, {
    "id" : 161848,
    "title" : "Maxïmo Park: Found on Film",
    "overview" : "A tasty compendium of Maximo Park’s ‘A Certain Trigger’ campaign, featuring a veritable array of content",
    "genres" : [ ]
  }, {
    "id" : 161853,
    "title" : "Bosko the Speed King",
    "overview" : "Bosko enters a road race.",
    "genres" : [ ]
  }, {
    "id" : 161858,
    "title" : "Betty Boop's Birthday Party",
    "overview" : "Betty drudges in the kitchen alone until her friends (including Bimbo and Koko) hold a surprise birthday party for her… which gets rowdy.",
    "genres" : [ {
      "id" : 35,
      "name" : "Comedy"
    }, {
      "id" : 16,
      "name" : "Animation"
    } ]
  }, {
    "id" : 161863,
    "title" : "Betty Boop's Penthouse",
    "overview" : "While Bimbo and Koko admire Betty, their experiment becomes a monster.",
    "genres" : [ {
      "id" : 35,
      "name" : "Comedy"
    }, {
      "id" : 16,
      "name" : "Animation"
    } ]
  }, {
    "id" : 161868,
    "title" : "The Kid from Borneo",
    "overview" : "The gang goes to a circus sideshow to visit Dickie and Spanky's uncle, mistakenly believing he is \"The Wild Man from Borneo.\"",
    "genres" : [ ]
  }, {
    "id" : 161878,
    "title" : "Under Western Eyes",
    "overview" : "",
    "genres" : [ ]
  }, {
    "id" : 161893,
    "title" : "Groucho Marx's Home Movies",
    "overview" : "Footage of Groucho, his wife and his children.",
    "genres" : [ ]
  }, {
    "id" : 161898,
    "title" : "Oil: A Symphony in Motion",
    "overview" : "A self-proclaimed saga of oil, celebrating the speed and power of plane, trains, and automobiles.",
    "genres" : [ ]
  }, {
    "id" : 161908,
    "title" : "Head Over Heels 2",
    "overview" : "Alice owns a network of sex shops and workaholic who, in trying to reconcile the harsh routine of work and family life, suffers nervous breakdown, she is forced by her husband to go to spa. Precisely at this time, appears unique opportunity to expand its business in New York. Using fun gimmicks, risks his health, leaves spa party there with family to ride, but actually in order to facilitate their professional interests. In trying to reconcile the agendas, engage in hilarious situations and mistakes that culminate in the possible separation of the couple.",
    "genres" : [ {
      "id" : 35,
      "name" : "Comedy"
    }, {
      "id" : 10749,
      "name" : "Romance"
    } ]
  }, {
    "id" : 161923,
    "title" : "Ham and Eggs",
    "overview" : "Oswald runs a luncheon counter; the food is unlikely and everyone tries to stiff him.",
    "genres" : [ ]
  }, {
    "id" : 161928,
    "title" : "Galloping Fanny",
    "overview" : "Cubby The Bear is a jockey and prepares to race....",
    "genres" : [ ]
  }, {
    "id" : 161943,
    "title" : "Bosko the Sheep-Herder",
    "overview" : "For the first three minutes or so of this one, Bosko doesn't really have much to do and is only seen briefly playing a musical instrument. Instead, the bulk of the time is spent following a lamb and its interactions with a couple of insects.",
    "genres" : [ ]
  }, {
    "id" : 161953,
    "title" : "Boilesk",
    "overview" : "An old-fashioned 'Burlesk' variety show, mostly animated with a live-action performance of \"I'm Playing With Fire\" by the Watson Sisters.",
    "genres" : [ {
      "id" : 16,
      "name" : "Animation"
    } ]
  }, {
    "id" : 161958,
    "title" : "Runaway Blackie",
    "overview" : "This was not a \"Cubby Bear\" cartoon. In the cartoon, the lead character is a sheep named Blackie. While this sheep does bear a slight resemblance to Cubby, it has horns and cloven hoofs for hands... but Blackie runs away from home and gets caught and put in a chain gang....",
    "genres" : [ {
      "id" : 16,
      "name" : "Animation"
    } ]
  }, {
    "id" : 161968,
    "title" : "Tumble Down Town",
    "overview" : "Dancing animals in a depression-era shanty town.",
    "genres" : [ {
      "id" : 16,
      "name" : "Animation"
    } ]
  }, {
    "id" : 161973,
    "title" : "Uomini senza donne",
    "overview" : "",
    "genres" : [ ]
  }, {
    "id" : 161978,
    "title" : "We're in the Money",
    "overview" : "After the last human has left the department store, the toys walk over to the music department where they start performing the Warren/Dubin song \"We're in the money\". The money soon joins for a chorus, as well as display dolls in the wardrobe department.",
    "genres" : [ {
      "id" : 16,
      "name" : "Animation"
    }, {
      "id" : 35,
      "name" : "Comedy"
    } ]
  }, {
    "id" : 161983,
    "title" : "Young and Healthy",
    "overview" : "Warner Bros. animated short featuring the song 'Let's Put Out the Lights (and Go to Sleep)'",
    "genres" : [ {
      "id" : 35,
      "name" : "Comedy"
    }, {
      "id" : 16,
      "name" : "Animation"
    }, {
      "id" : 10402,
      "name" : "Music"
    } ]
  }, {
    "id" : 162013,
    "title" : "Shalom Hanoch - 4 Stations",
    "overview" : "4 תחנות הינה סדרת מופעים אשר עוברת בין תחנות הזמן של שלום חנוך. כל מופע חוזר לתחנה אחרת בקריירה הענפה של שלום חנוך.\r סדרת ההופעות החיות הייחודית \"4 תחנות\", אליה יצא שלום חנוך בחורף 2010.  הסדרה ליוותה את תחנות היצירה ואת אלבומיו המיתולוגיים: \"שבלול\", \"פלסטלינה\", \"אדם בתוך עצמו\", \"סוף עונת התפוזים\", \"חתונה לבנה\", \"מחכים למשיח\" ועוד...  במהלך הסדרה התארחו, בין היתר, ריטה, אהוד בנאי, נינט, אביב גפן, היהודים, יזהר אשדות, קרן פלס ועוד רבים..",
    "genres" : [ ]
  }, {
    "id" : 162018,
    "title" : "Make Every Second Count 3D",
    "overview" : "“Make Every Second Count 3D” is an extreme mountain bike and bmx documentary featuring the best riders in the world! See the best slopestyle trick riders battle it out at the Teva Mountain Games in Vail, Colorado and experience World Cup downhill racing with the world’s fastest riders. Fly along the best dirt jump trails and much more in true 3D!  Best 3D Cinematography 2011  Jury 3rd Place 7th Annual LA 3D Movie Festival",
    "genres" : [ ]
  }, {
    "id" : 162023,
    "title" : "The Universe: Nemesis - The Sun's Evil Twin",
    "overview" : "The theory of a Nemesis star thThe theory of a Nemesis star that orbits the sun and causes catastrophic events every 26 million years is explored.at orbits the sun and causes catastrophic events every 26 million years is explored.",
    "genres" : [ {
      "id" : 99,
      "name" : "Documentary"
    }, {
      "id" : 36,
      "name" : "History"
    }, {
      "id" : 878,
      "name" : "Science Fiction"
    } ]
  }, {
    "id" : 162033,
    "title" : "The Setting Sun",
    "overview" : "A Japanese soldier is forced to question alliances when he meets and falls in love with the leader of the rebel movement.",
    "genres" : [ ]
  }, {
    "id" : 162038,
    "title" : "McMahon",
    "overview" : "Just who is Vincent Kennedy McMahon? To some he is the sports entertainment innovator and visionary corporate leader of a multimillion dollar company. To others he is evil personified- the manipulative sadistic boss of a corral of WWE Superstars who takes great personal pleasure in making others suffer. Mr. McMahon has achieved stunning successes and experienced humiliating defeats and yet keeps coming back for more. What other boss requires his employees to literally kiss his bare ass on national television? This 2 disc production takes a look back at what caused Vince McMahon to come out of the announcer booth and right into some of the most controversial moments ever seen on television. For the first time ever the onscreen and offscreen intrigues of the world’s most notorious boss are broken down by the people who know the man best. Exclusive interviews with Shane, Stephanie and Linda McMahon, Triple H, Hulk Hogan, Kurt Angle, Eric Bischoff, Paul Heyman, and more.",
    "genres" : [ ]
  }, {
    "id" : 162043,
    "title" : "Madonna: A Case of Blood Ambition",
    "overview" : "A man is convicted of raping and murdering a child and sent to prison. He is shortly afterwards beaten to death by other inmates. His daughter blames the jurors who convicted him for his death, and she hatches a scheme to murder each of the jury members, often seducing them herself first",
    "genres" : [ {
      "id" : 27,
      "name" : "Horror"
    } ]
  }, {
    "id" : 162048,
    "title" : "Worked Up",
    "overview" : "With muscles bulging and jockstraps straining, our cast of 8 get hot and sweaty ... and all Worked Up. Director Erik Rhodes puts his men through their paces, letting all the brawn, all the sweat, all the built-up desires dictate the action.",
    "genres" : [ ]
  }, {
    "id" : 162098,
    "title" : "Pyrats",
    "overview" : "Animated short film about a group of pirates.",
    "genres" : [ ]
  }, {
    "id" : 162103,
    "title" : "Doraemon: The Record of Nobita, Spaceblazer",
    "overview" : "Seven years ago, Lopplc and Morina were playing at a park. Suddenly they felt an earthquake on the Koya Koya Planet. The quake was so massive that the planet was destroyed. Everyone had to escape using a giant ship. A sudden bolt of lightning damaged the ship, causing a power failure. The Professor (who was Morina's father) wanted to fix the spaceship, but another lightning strike took him to another dimension.",
    "genres" : [ {
      "id" : 16,
      "name" : "Animation"
    } ]
  }, {
    "id" : 162133,
    "title" : "Bug Off!",
    "overview" : "Big sister Krista angrily wishes her little brother Tyler would just turn into a bug and buzz off. She gets her wish, courtesy of Mrs. Pickle Nickle, an alien babysitter. Can Krista find her missing bug of a brother and get him back to normal?",
    "genres" : [ ]
  }, {
    "id" : 162143,
    "title" : "It's Not a Cowboy Movie",
    "overview" : "Teenagers discuss in a bathroom the qualities of the movie that they saw last night on tv: Brokeback Mountain.",
    "genres" : [ ]
  }, {
    "id" : 162168,
    "title" : "Butterfly Man",
    "overview" : "Adventure/romance about an English backpacker whose world falls apart when he meets and falls in love with a beautiful girl on an exotic Thai island.",
    "genres" : [ {
      "id" : 10749,
      "name" : "Romance"
    }, {
      "id" : 18,
      "name" : "Drama"
    } ]
  } ]
}