{
  "movies" : [ {
    "id" : 197588,
    "title" : "The War of 33 - Letters from Beirut",
    "overview" : "The War of 33 is an intimate, personal and powerful telling of the story of the 2006 war in Lebanon. A series of letters written by Hanady Salman--a mother living through the war in Beirut--carve a narrative arc through the intense and haunting images of conflict. She tells the stories of her family and the people she lives the war with--the refugees, the wounded, and the everyday Lebanese, struggling to maintain their sanity and their humanity during a time of war.",
    "genres" : [ {
      "id" : 99,
      "name" : "Documentary"
    } ]
  }, {
    "id" : 197598,
    "title" : "The Fumbleheads",
    "overview" : "When his town's beloved football team, the Buzzards, moves out of state, diehard fan Charlie confronts the team's greedy owner. With the help of his nephew and a nervous accountant, Charlie embarks on a campaign to bring the Buzzards home.",
    "genres" : [ {
      "id" : 35,
      "name" : "Comedy"
    } ]
  }, {
    "id" : 197603,
    "title" : "Captain Boycott",
    "overview" : "Based on real events, this historical drama is set in 19th-century Ireland, when poverty-stricken tenants dispossessed by greedy landowner Capt. Boycott (Cecil Parker) band together to assert their rights. Patriotic farmer Hugh Davin (Stewart Granger) leads the rebels. Choosing nonviolent resistance, the villagers ostracize their nemesis, who squanders his fortune to repair his ruined reputation and wagers what's left on a horse race.",
    "genres" : [ {
      "id" : 18,
      "name" : "Drama"
    }, {
      "id" : 36,
      "name" : "History"
    } ]
  }, {
    "id" : 197613,
    "title" : "Into The Woods",
    "overview" : "Six friends take the deadliest challenges of their lives when they go into the woods, where a hunter of human lives lurk in the bushes and trees on a mountain top far in the woods of Los Angeles. His playground of death becomes their final resting place as they go through the woods. Many have come in, but few have made it out when they go into the woods.",
    "genres" : [ {
      "id" : 53,
      "name" : "Thriller"
    } ]
  }, {
    "id" : 197618,
    "title" : "Rumors",
    "overview" : "A young unemployed journalist finds a way to control the incredible power of gossip for living. He create a small business and establishes the rules of what he believes will be a revolutionary new business. One day he discovers that it is no pioneer: the world has been manipulated for decades by large multinational dedicated to creating and spreading rumors.",
    "genres" : [ ]
  }, {
    "id" : 197623,
    "title" : "Never Ever",
    "overview" : "Thomas Murray and Amanda have just moved to Paris. He works for a bank owned by Amanda's father Arthur Trevane. Amanda decides that she does not like Paris, so she goes back to London. But trouble begins on a drive through the countryside, where he meets a free spirit whose charms pressure his long-distance marriage.",
    "genres" : [ {
      "id" : 18,
      "name" : "Drama"
    } ]
  }, {
    "id" : 197628,
    "title" : "Reflex Action",
    "overview" : "Emotionally scarred after serving in the Gulf War, soldier Quinn Taylor returns to his Arizona home, only to learn that his father plans to sell their land to a drug lord. Determined to interrupt the sale, Taylor goes to war with a powerful cartel.",
    "genres" : [ ]
  }, {
    "id" : 197633,
    "title" : "Monsieur M, 1968",
    "overview" : "",
    "genres" : [ ]
  }, {
    "id" : 197643,
    "title" : "Maximilian: Saint of Auschwitz",
    "overview" : "Drama that chronicles the remarkable life of Maximilian Kolbe, a Polish friar and eventual saint who was arrested and sent to the Auschwitz concentration camp for speaking out against the Nazi regime.",
    "genres" : [ ]
  }, {
    "id" : 197653,
    "title" : "Shopping Anal",
    "overview" : "",
    "genres" : [ ]
  }, {
    "id" : 197658,
    "title" : "Gudia",
    "overview" : "Gudia is a 1997 Indian drama film directed by Gautam Ghose. Story of a simple ventriloquist, played by Mithun; his life and love. Based on a play by Mahasweta Devi.",
    "genres" : [ ]
  }, {
    "id" : 197663,
    "title" : "The Good Voice",
    "overview" : "La Buena Voz (aka The Good Voice) explores the relationship that develops between a father and a gay son he never knew existed -- two men suddenly and unexpectedly thrust into each other's lives. Pepe, a slightly listless, fifty-something taxi driver with a heart condition, suddenly learns that he fathered a child, Jordi, from a quiet affair with his wife's girlfriend. Jordi, now HIV-positive, enters Pepe's world and recolors the elder's perspective and outlook on life, with his take-no-prisoners zeal for living and a restless, inquisitive spirit.",
    "genres" : [ ]
  }, {
    "id" : 197673,
    "title" : "Porky's Picnic",
    "overview" : "Porky Pig goes on a picnic.",
    "genres" : [ ]
  }, {
    "id" : 197688,
    "title" : "San Jose Sharks vs Los Angeles Kings 26.05.13",
    "overview" : "Good games",
    "genres" : [ {
      "id" : 10770,
      "name" : "TV Movie"
    } ]
  }, {
    "id" : 197698,
    "title" : "Dr. Minx",
    "overview" : "A small-town doctor (Edy Williams) becomes a suspect while probing her rich husband's mysterious death.",
    "genres" : [ {
      "id" : 35,
      "name" : "Comedy"
    }, {
      "id" : 18,
      "name" : "Drama"
    } ]
  }, {
    "id" : 197713,
    "title" : "111 Girls",
    "overview" : "About 111 Girls is a satirical road movie about a pompous but empathetic government bureaucrat sent by the president himself to investigate the case of 111 young women threatening to jump off a cliff together in the tiny far-off corner of Iranian Kurdistan. Due to wars, bad economy and politics, there seem to be no perspective husbands around, and these young women are protesting the conditions that have left them spinsters. The bureaucrat, accompanied by an assistant and a little boy who seems to be both guide and interpreter leads the search to find the women.",
    "genres" : [ {
      "id" : 18,
      "name" : "Drama"
    }, {
      "id" : 35,
      "name" : "Comedy"
    } ]
  }, {
    "id" : 197718,
    "title" : "Frank and Ollie... and Mickey",
    "overview" : "A featurette on the \"Walt Disney Treasures - Mickey Mouse in Black and White\" DVD.",
    "genres" : [ ]
  }, {
    "id" : 197723,
    "title" : "Lotte Reiniger: Homage to the Inventor of the Silhouette Film",
    "overview" : "Follows the life and work of animator Lotte Reiniger.",
    "genres" : [ ]
  }, {
    "id" : 197728,
    "title" : "Frank Capra Jr. Remembers: It Happened One Night",
    "overview" : "Frank Capra Jr. talks about 'It Happened One Night (1934)'",
    "genres" : [ ]
  }, {
    "id" : 197733,
    "title" : "Louise Brooks: Looking for Lulu",
    "overview" : "Documentary recounting the life story of Louise Brooks in 5 sections: \"Lulu in Toe Shoes\"; \"Lulu in Hollywood\"; \"Lulu in Berlin\"; \"Lulu in Hell\"; and \"Resurrection\". Narrated by Shirley MacLaine.",
    "genres" : [ {
      "id" : 99,
      "name" : "Documentary"
    } ]
  }, {
    "id" : 197748,
    "title" : "(Blooper) Bunny!",
    "overview" : "A behind-the-scenes look at the making of \"The Bugs Bunny 51st-and-a-Half Anniversary Spectacular,\" complete with shaky camera and a variety of outtakes from stars Bugs Bunny, Daffy Duck, Elmer Fudd, and Yosemite Sam.",
    "genres" : [ {
      "id" : 16,
      "name" : "Animation"
    }, {
      "id" : 35,
      "name" : "Comedy"
    } ]
  }, {
    "id" : 197753,
    "title" : "Tale of a Toy",
    "overview" : "Made to commemorate the 40thanniversary of the Soviet victory over the Germans. The film won second prize at the XXII Leipzig Festival of Films for Children. In a German concentration camp Russian prisoners fashion a Don Quixote doll from a bit of metal. It becomes their symbol of hope. The lyrical film is bracketed with references to the Spanish Civil War, which led to decades of authoritarian rule by Generalissimo Franco, and the 1973 coup detat in Chile which toppled the socialist, pro-Soviet regime of  Salvadore Allende. (Clear skies was the codeword which launched Francos 1936 coup, supported by the fascist governments of Italy and Germany and opposed by the USSR and France).",
    "genres" : [ ]
  }, {
    "id" : 197768,
    "title" : "Freeze Frame",
    "overview" : "Wile E. Coyote chases the Road Runner through some snowy mountaintops, leading to a series of snow-related traps such as the Acme Blizzard Machine which makes instant snow....a little too instant for the Coyote's taste.",
    "genres" : [ ]
  }, {
    "id" : 197773,
    "title" : "They Went That-A-Way & That-A-Way",
    "overview" : "Dewey (Tim Conway) and Wallace (Chuck McCann) are small-town lawmen who are ordered by the governor to go undercover as prison inmates to find out where a gang of thieves have hidden their loot. While they're undercover, however, the governor dies, and because no one else knows about the ruse Dewey and Wallace are stranded in prison.",
    "genres" : [ {
      "id" : 35,
      "name" : "Comedy"
    } ]
  }, {
    "id" : 197778,
    "title" : "Don't Be Like Brenda",
    "overview" : "The brutally entitled Don't Be Like Brenda (1973) is an eight-minute lecture to young women, telling them not to be sexually promiscuous like the film's hapless heroine – although heaven knows, the promiscuity hinted at here is tragically modest. Poor Brenda goes all the way with a boy who does not marry her. The film is stunningly without any useful educational content on contraception and makes it entirely clear that the woman, not the man, is to blame. The film even makes her poor unwanted child suffer from a heart defect, so that no one wants to adopt the poor little thing – just to hammer the point home. (from: http://www.theguardian.com/film/filmblog/2009/feb/11/sex-education-films)",
    "genres" : [ {
      "id" : 18,
      "name" : "Drama"
    }, {
      "id" : 99,
      "name" : "Documentary"
    } ]
  }, {
    "id" : 197783,
    "title" : "60 Going On 12",
    "overview" : "Charles and Pierrot are inseparable. When Charles takes early retirement, it seems the world is their oyster. They can spend even more time together. Their motto is simple: \"Make the most of life and have fun!». They fill their days with abundant imagination, under the tender and sometimes worried gaze of the women in their lives…",
    "genres" : [ {
      "id" : 35,
      "name" : "Comedy"
    } ]
  }, {
    "id" : 197788,
    "title" : "Behave Yourself!",
    "overview" : "A young man takes in a dog that turns out to be wanted by mobsters.",
    "genres" : [ {
      "id" : 80,
      "name" : "Crime"
    }, {
      "id" : 35,
      "name" : "Comedy"
    } ]
  }, {
    "id" : 197813,
    "title" : "Like a Dream",
    "overview" : "While on a business trip in Shanghai, a man sees a woman he has had recurring dreams of.",
    "genres" : [ {
      "id" : 18,
      "name" : "Drama"
    } ]
  }, {
    "id" : 197818,
    "title" : "Flower Square",
    "overview" : "An obscure actor is hired by the police to get a confession out of a dying mafioso.",
    "genres" : [ {
      "id" : 35,
      "name" : "Comedy"
    }, {
      "id" : 18,
      "name" : "Drama"
    } ]
  }, {
    "id" : 197823,
    "title" : "Invasores",
    "overview" : "A poor young woman prepares to enter music college, but has no piano to practice. Her boyfriend decides to help her crashing into houses that have one so she can plays.",
    "genres" : [ ]
  }, {
    "id" : 197833,
    "title" : "Those who were drenched in rain",
    "overview" : "Jara Brishtite Bhijechhilo, is a Bengali film based on Joy Goswami's story Jara Brishtite Bhijechhilo, released in 2007. The film directed by Anjan Das stars Indrani Halder, Sudip Mukherjee, Aloknanda Ray.  Indrani Haldar has bagged the best actress award at the Madrid International Film Festival (Spain) for her role in this film, plays a woman, who walks out of marriage after being subjected to repeated marital rape and starts living her life on her own terms with her poet-lover",
    "genres" : [ ]
  }, {
    "id" : 197838,
    "title" : "Nenhuma Fórmula Para a Contemporânea Visão do Mundo",
    "overview" : "Carola Brecker is a young writer in crisis. After leaving her husband Mickey, she is hired by the cultural gangster Al Gazarra to write 42 plays about the god Pan, to be staged by the excentric polish director Tadeusz Karkovski.",
    "genres" : [ ]
  }, {
    "id" : 197843,
    "title" : "Grace, Milly, Lucy ... Child Soldiers",
    "overview" : "This documentary by filmmaker Raymonde Provencher talk about childhoods in Uganda, where they were forced to kill against their will as soldiers in the Lord's Resistance Army. Now as adults, they're working as activists to help others through a support group for survivors of childhood slavery, never forgetting their own haunting experiences.",
    "genres" : [ ]
  }, {
    "id" : 197858,
    "title" : "New York Shadows",
    "overview" : "“New York Shadows” is a psychological drama avant-garde that tackles the tribulations of Julian (Juan Pinzás) a Spanish filmmaker who comes to New York to visit the locations of filming his new movie and meet the American actress Jennifer (Lindsey Ireland) to star in the film. Suddenly something strange happens to the filmmaker who is caught in the story of his own script sharing disturbing illusions with the characters he has created.",
    "genres" : [ {
      "id" : 27,
      "name" : "Horror"
    } ]
  }, {
    "id" : 197863,
    "title" : "Au Coeur d'IAM, génèse d'un album",
    "overview" : "",
    "genres" : [ {
      "id" : 99,
      "name" : "Documentary"
    } ]
  }, {
    "id" : 197868,
    "title" : "Vacation on the Esmeralda Coast",
    "overview" : "A hotel owner, in competition with a rival owner, finds a cache of lost treasure on the bottom of the bay after trying to drown himself which turns his life upside down.",
    "genres" : [ {
      "id" : 10402,
      "name" : "Music"
    }, {
      "id" : 35,
      "name" : "Comedy"
    } ]
  }, {
    "id" : 197873,
    "title" : "Badesalz - Dugi Otok",
    "overview" : "",
    "genres" : [ {
      "id" : 35,
      "name" : "Comedy"
    } ]
  }, {
    "id" : 197878,
    "title" : "Starting Over",
    "overview" : "",
    "genres" : [ {
      "id" : 18,
      "name" : "Drama"
    }, {
      "id" : 10749,
      "name" : "Romance"
    } ]
  }, {
    "id" : 197888,
    "title" : "One Room Kitchen",
    "overview" : "Watch One Room Kitchen for the stark, yet cliched contrast between lives of middle and upper-middle classes",
    "genres" : [ ]
  }, {
    "id" : 197893,
    "title" : "Shelter",
    "overview" : "In 2001 Woodshed Films released their third Moonshine Experiment surf movie entitled “Shelter.” With a similar style and feel to the first two Moonshine Experiments, “Thicker Than Water” and “September Sessions”, “Shelter” is one of Taylor Steele and Chris Malloy’s best productions. This surf movie does a great job of staying far away from the politics of surfing and focuses more on soul surfing. However, don’t think that there aren’t any surfers worth watching in this movie because there are plenty. “Shelter” is jam packed with professional and well-known surfers such as Rob Machado, Taylor Knox, Joel Tudor, Mick Fanning, Dean Morrison, Jack Johnson, The Malloy’s, Kelly Slater, Nat Young, Donavon Frankenreiter, Shane Dorian, Jon Swift and many more.  The soundtrack for “Shelter” is similar to “Thicker Than Water” and “September Sessions”. It has a slower and mellower feel, featuring artists such as Mason Jennings, The Shins, White Buffalo and even surfers Jon Swift and Rob Machado.",
    "genres" : [ {
      "id" : 99,
      "name" : "Documentary"
    } ]
  }, {
    "id" : 197898,
    "title" : "The Velvet Lounge",
    "overview" : "The Velvet Lounge is an exclusive private members club where gentlemen can relax and enjoy the company of desirable young women. British director Disanto presents a beautiful cinematic adult production shot in amazing location. In house relationships, the experience of high class courtesans and their clients are all exposed in this collection of erotic vignettes.",
    "genres" : [ ]
  }, {
    "id" : 197908,
    "title" : "Auf wiedersehen Finnland",
    "overview" : "",
    "genres" : [ {
      "id" : 99,
      "name" : "Documentary"
    }, {
      "id" : 10769,
      "name" : "Foreign"
    } ]
  }, {
    "id" : 197913,
    "title" : "Oliver Pocher - It's My Life",
    "overview" : "",
    "genres" : [ ]
  }, {
    "id" : 197918,
    "title" : "Where Are You Going All Naked?",
    "overview" : "Young bank employee is very surprised by his bride behavior...",
    "genres" : [ {
      "id" : 35,
      "name" : "Comedy"
    } ]
  }, {
    "id" : 197928,
    "title" : "Le Débutant",
    "overview" : "",
    "genres" : [ ]
  }, {
    "id" : 197933,
    "title" : "Heidi zurück in den Bergen",
    "overview" : "",
    "genres" : [ {
      "id" : 16,
      "name" : "Animation"
    }, {
      "id" : 10751,
      "name" : "Family"
    } ]
  }, {
    "id" : 197943,
    "title" : "What's in the Bible: Exile and Return",
    "overview" : "Episode 1: \"Ezra &amp; Nehemiah\" The exile is over, but the Israelites face BIG challenges back home in Judah! The Israelites return home to Judah to rebuild God's temple - a task full of unexpected challenges. Episode 2: \"Brave Queen Esther\" A brave young Jewish girl risks everything to save her people from doom at the hands of the evil Haman.",
    "genres" : [ ]
  }, {
    "id" : 197953,
    "title" : "Premiere",
    "overview" : "As Fraulein Leander prepares for opening night, her life is thrown into turmoil by a variety of romantic misadventures.  But she manages to show up on stage at the appointed time, scoring a huge success.",
    "genres" : [ {
      "id" : 10402,
      "name" : "Music"
    }, {
      "id" : 80,
      "name" : "Crime"
    } ]
  }, {
    "id" : 197958,
    "title" : "Flamberede Hjerter",
    "overview" : "A comedy about the everydaylife of the 30-year-old something nurse Henriette and her life. Her boyfriend is boring and she has an affair with a violent doctor.\r She shares an apartment with a gay man and she is close with her brother who is a somewhat insecure and love-seeking guy. However, after some unfortunate clashes with the world, Henriette realizes she is able to stand on her own.",
    "genres" : [ ]
  }, {
    "id" : 197963,
    "title" : "Trotta",
    "overview" : "Trotta is a 1971 West German film directed by Johannes Schaaf. It is based on the 1938 novel Die Kapuzinergruft (The Emperor's Tomb) by Austrian author Joseph Roth. It was chosen as West Germany's official submission to the 45th Academy Awards for Best Foreign Language Film, but did not manage to receive a nomination. It was also entered into the 1972 Cannes Film Festival.",
    "genres" : [ ]
  }, {
    "id" : 197973,
    "title" : "Fabian",
    "overview" : "Fabian is a 1980 West German film directed by Wolf Gremm. It is based on the novel Fabian, the Story of a Moralist (1931) by German author Erich Kästner. The film was chosen as West Germany's official submission to the 53rd Academy Awards for Best Foreign Language Film receive a nomination.",
    "genres" : [ ]
  }, {
    "id" : 197983,
    "title" : "The Coffee House",
    "overview" : "Avant-garde adaptation of a Carlo Goldoni play. Well-to-do Venetians congregate in a coffee house and discuss their problems.",
    "genres" : [ ]
  }, {
    "id" : 197993,
    "title" : "John Shuttleworth : It's Nice Up North",
    "overview" : "Shuttleworth travels to the Shetland Islands to test his theory that the further north in Great Britain you go the nicer people are, Shetland being the most far north part of the UK. He meets various Shetland people in unrehearsed situations. Many assume him to be a real person and not a comic creation, though some scenes are acted, particularly parts with famous local tour guide Elma Johnson.",
    "genres" : [ ]
  }, {
    "id" : 197998,
    "title" : "Minazuki",
    "overview" : "Akira's wife walks out on him, leaving him to confide in his gangster brother-in-law. Using only a cryptic note as a clue the two brothers go on a road trip to find his wife. After a series of violent encounters with strangers, Akira meets a prostitute. The pair start a relationship. After Akira finds his wife, he questions whether he still wants to be with her.",
    "genres" : [ ]
  }, {
    "id" : 198013,
    "title" : "The Fiancee",
    "overview" : "The wrenching story of a woman sentenced in 1934 to ten years in prison for antifascist activities. The love between her and her fiancée enables her to survive the tribulations of her time in prison, where she is one of few political prisoners.",
    "genres" : [ ]
  }, {
    "id" : 198023,
    "title" : "Moss on the Stones",
    "overview" : "Moss on the Stones (German: Moos auf den Steinen) is a 1968 Austrian drama film directed by Georg Lhotsky. The Austrian academic Robert von Dassanowsky said it was one of the most remarkable and memorable Austrian films of the 1960s. The film was selected as the Austrian entry for the Best Foreign Language Film at the 42nd Academy Awards, but was not nominated.",
    "genres" : [ {
      "id" : 10749,
      "name" : "Romance"
    }, {
      "id" : 18,
      "name" : "Drama"
    } ]
  }, {
    "id" : 198028,
    "title" : "Bad Weekend",
    "overview" : "Deep in the woods lives a hermit called Taggett who thinks that aliens inhabit the woods, On the way through the woods A group of local ruffians encounter Taggett and a fight ensues as He thinks they are aliens, Later Hawk decides to rape Kim Ferguson, and then her Father ( David Rankin ) seeks revenge.",
    "genres" : [ ]
  }, {
    "id" : 198038,
    "title" : "Hannah",
    "overview" : "The dynamic PR-agent Hannah is starting up her dream-job in the Hochstedt Company producing toys and soon falls in love with her firm's junior executive director, Wolfgang. But while Hannah is still totally immersed in this passionate love affair, she unknowingly and progressively gets caught in a web of danger. Behind the harmless dolls and teddy-bears produced by the company a deadly secret is revealed. And for Hannah, the game of love suddenly turns bloody.",
    "genres" : [ {
      "id" : 53,
      "name" : "Thriller"
    } ]
  }, {
    "id" : 198053,
    "title" : "Tanner",
    "overview" : "During the WW2, a Swiss mountain farmer, refuses to follow the government policy  to increase self-sufficiency with produce. In his opinion, the steep mountain pastures are not suited for agriculture. Most of the villagers agree. However some begin to cultivate. Even after all his fellow farmers have given in and have started to plant cops, Tanner continues his opposition and ignores all letters and instructions. This leads to a series of reprimands, for instance, some of his hay is seized and his wife cannot buy at the local grocer's since the family won't comply with the government policy.",
    "genres" : [ {
      "id" : 18,
      "name" : "Drama"
    } ]
  }, {
    "id" : 198063,
    "title" : "Kutti Puli",
    "overview" : "Kutti Puli (Sasikumar) is a happy go-lucky good hearted ruffian, whose mother (Saranya Ponvannan) wants him to settle down. But our hero does not believe in love or marriage till he meets Bharathy (Lakshmi Menon), who changes his attitude. But his enemies will not allow him to lead a respectful family life. Meanwhile a Silambatam match breaks out into a haphazard fight between Puli and a local gang; the events turn out to become a bloodbath after the goons beat Puli up pretty badly. Post the trauma and pain, will Puli avenge his pride? What happens to Bharathi's love? Can Puli lead a normal life that his mother always wanted to? The rest of plot unveils with all these questions answered.",
    "genres" : [ {
      "id" : 10749,
      "name" : "Romance"
    }, {
      "id" : 28,
      "name" : "Action"
    }, {
      "id" : 35,
      "name" : "Comedy"
    } ]
  }, {
    "id" : 198068,
    "title" : "Red Nichols and His Five Pennies",
    "overview" : "9-minute short from Vitaphone/Warner has Red Nichols and his \"Five Pennies\" doing songs including China Boy, Nobody's Sweetheart, Ida Sweet as Apple Cider and Who Cares?.",
    "genres" : [ ]
  }, {
    "id" : 198073,
    "title" : "Rhythms",
    "overview" : "Early talkie-musical from Vitaphone and Warner has Leo Ruisman and his orchestra doing a few numbers including Some of These Days, Lonely, the standard Milenberg Joys and the highlight If I Had You sung by Smith Ballew.",
    "genres" : [ ]
  }, {
    "id" : 198078,
    "title" : "Los cuatreros",
    "overview" : "A band of fierce rustlers is ravaging the region of Las Cruces. Appears an outsider who saves the ranch owner \"The Spur\" of being kidnapped by members of the band. Thankfully, he was appointed foreman, and his daughter is in love with him. But things are not what they seem and there are murky intrigues in the background.",
    "genres" : [ ]
  }, {
    "id" : 198083,
    "title" : "Cristo Negro",
    "overview" : "After witnessing the murder of her father, the little Mikoa flees the plantation where he works as a slave. Janson, master of the plantation, and his daughter Laura, found lost in the jungle and decide to present to the Father Braulio, a missionary who welcomes him like his son. The young native is raised and educated in the mission, becoming a good man in love with his childhood friend, however, still has much hatred for the person who killed his father, Charles, a cruel white overseer who now at the service of revolutionary blacks.",
    "genres" : [ ]
  }, {
    "id" : 198093,
    "title" : "Stille Post",
    "overview" : "",
    "genres" : [ {
      "id" : 18,
      "name" : "Drama"
    } ]
  }, {
    "id" : 198098,
    "title" : "Vorzimmer zur Hölle",
    "overview" : "",
    "genres" : [ {
      "id" : 35,
      "name" : "Comedy"
    } ]
  }, {
    "id" : 198108,
    "title" : "Kalashnikov Rifle Gunfighting",
    "overview" : "The AK-47/74 series of rifle is one of the most prolific and useful weapons on earth. More than 100 million have been made in various parts of the world, and the odds of encountering one on the battlefield or in a civil disturbance are high.  Best-selling author and maverick combat shooting instructor Gabriel Suarez has embraced the Kalashnikov rifle system for its utility, accuracy and ruggedness. In this original Paladin Press production, Suarez teaches you the \"caveman simple\" skills you need to operate the AK rifle platform and win in a combat environment.  Suarez addresses the common myths about the AK and explains why it is one of the best weapon choices for urban and close quarters combat. He teaches you about the AK fire control system, proper use of the sling, zeroing the AK and ready/carry positions. Then you will learn about ambidextrous use of the rifle, snap shooting, CQB shooting and the use of the rifle in movement. For information purposes only.",
    "genres" : [ {
      "id" : 99,
      "name" : "Documentary"
    } ]
  }, {
    "id" : 198118,
    "title" : "Advanced Close Range Gunfighting",
    "overview" : "In Close Range Gunfighting, Gabe Suarez, the most controversial trainer on the planet, showed you that traditional range training can get you killed.  He showed the basics of how to break out of the range mentality.  In doing so he challenged the status quo like no one before and changed the way gunfighting is taught in America.  In Advanced Close Range Gunfighting, he shows you the rest of the material.  Very fast-paced and full of full-speed concealed carry shooting action, this DVD will have you doing things most people think are impossible.  Gabe shows the benefits of Appendix Carry, Ambidextrous Gunfighting, Weapon Transfers and why it is important you know how to do them, Enhanced Get Off The X Footwork, and an important discussion on the Elements of the Combative Technique of the Pistol. This DVD will move the art of gunfighting another giant leap forward.",
    "genres" : [ ]
  }, {
    "id" : 198128,
    "title" : "7 Golden Women Against Two 07",
    "overview" : "Mark Davis, secret agent No. 07, is after a Nazi treasure hidden somewhere in the Mediterranean waters before the end of WW2. The key to the secret location is hidden in a Goya painting. Mark attends an art auction just in time to see the painting being bought by a lovely young woman. But soon he will discover that there are six other replicas of the painting - each in the possession of a girl, and as many international spies, art dealers, and com men behind the ladies. Mark is already an expert with young women, and now he must become one in art fakes as well.",
    "genres" : [ {
      "id" : 28,
      "name" : "Action"
    }, {
      "id" : 12,
      "name" : "Adventure"
    } ]
  }, {
    "id" : 198133,
    "title" : "E-Athletes",
    "overview" : "Team 3D and Complexity are the top two professional counterstrike teams in the United States. They leave their girlfriends and travel the world to compete for thousands of dollars.",
    "genres" : [ {
      "id" : 99,
      "name" : "Documentary"
    } ]
  }, {
    "id" : 198138,
    "title" : "Fado - Património da Humanidade",
    "overview" : "",
    "genres" : [ ]
  }, {
    "id" : 198143,
    "title" : "Society Lawyer",
    "overview" : "Society lawyer Christopher Durant agrees to defend his friend Phil Siddall when Siddall is arrested for the murder of an ex-girlfriend. With the help of nightclub singer Pat Abbott and crime boss Tony Gazotti (a former client), Durant launches his own investigation of the murder in order to prove his friend's innocence",
    "genres" : [ {
      "id" : 18,
      "name" : "Drama"
    } ]
  }, {
    "id" : 198148,
    "title" : "Liberté chérie",
    "overview" : "",
    "genres" : [ {
      "id" : 99,
      "name" : "Documentary"
    } ]
  }, {
    "id" : 198163,
    "title" : "Miss Chic",
    "overview" : "An agent on the brink of bankruptcy finds a reluctant singing talent on a TV quiz show.",
    "genres" : [ {
      "id" : 35,
      "name" : "Comedy"
    } ]
  }, {
    "id" : 198168,
    "title" : "Continuously Habitable Zones",
    "overview" : "C.H.Z. (\"Continuously Habitable Zones\") is linked to a territory. The film gives perspective to a black garden constructed in Portugal. A landscape produced a film, and a film produced a landscape. The landscape is perennial; it is what the image rejects.",
    "genres" : [ ]
  }, {
    "id" : 198188,
    "title" : "Liberace: Behind the Music",
    "overview" : "A gifted classical pianist, fueled by poverty, Wladiziu Valentino Liberace was already playing with the Chicago Symphony Orchestra at the age of 17.  Through a variety of his highs and lows, chaptered in TV-style format, Liberace's life from his early years through his death are chronicled.",
    "genres" : [ {
      "id" : 18,
      "name" : "Drama"
    } ]
  }, {
    "id" : 198198,
    "title" : "Personal Effects",
    "overview" : "An attorney is trying to solve her younger brother's mysterious disappearance while simultaneously helping a new friend rid herself of a stalker. As she begins to uncover the truth, it turns out that the seemingly separate situations are actually connected.",
    "genres" : [ {
      "id" : 18,
      "name" : "Drama"
    } ]
  }, {
    "id" : 198228,
    "title" : "Eastwood Directs: The Untold Story",
    "overview" : "With a focus on Clint Eastwood's career as a director, this documentary features movie clips, behind-the-scenes footage, interviews with people with whom he has worked, as well as comments from Clint Eastwood himself.",
    "genres" : [ {
      "id" : 99,
      "name" : "Documentary"
    } ]
  }, {
    "id" : 198233,
    "title" : "442: Live with Honor, Die with Dignity",
    "overview" : "Medal of Honor Recipient George Sakato said with tear, ' I am not a hero. I just killed a lot of people. It's not good. This medal is for the people who couldn't return their homes, not for me.' Even many soldiers who received the decoration still have deep scars in their hearts now. He is the veteran of 442nd Regimental Combat Team in WW2 composed of Japanese Americans, who were at first seen as the problem because of their race, but later seen as problem solvers because of their splendid achievements on the battle field. They had to fight not only the enemy but also prejudice. This is the story of the 442nd and their veterans now and then.",
    "genres" : [ {
      "id" : 99,
      "name" : "Documentary"
    }, {
      "id" : 10752,
      "name" : "War"
    }, {
      "id" : 36,
      "name" : "History"
    } ]
  }, {
    "id" : 198238,
    "title" : "Eat Pray Surf",
    "overview" : "Two surfers tell us about life in Bali and what surfing means to them. One of them being a native indonesian, the other one immigrated from the USA, it's fascinating to hear two completely different stories.",
    "genres" : [ {
      "id" : 99,
      "name" : "Documentary"
    }, {
      "id" : 10769,
      "name" : "Foreign"
    } ]
  }, {
    "id" : 198243,
    "title" : "The Poor Rich",
    "overview" : "Albert Stuyvesant Spottiswood (Edward Everett Horton) and his cousin Harriet Winthrop Spottiswood (Edna May Oliver) arrive separately at their long abandoned and very much run down family manor, each unaware that the other is going to be there, and since both have become penniless, they are forced to move into the dilapidated house. When Albert receives a letter from old acquaintances Lord and Lady Fetherstone advising the Spottiswoods of their impending visit to the manor, the cousins are at wit's end as to how to exercise non-existent skills required to make the old house acceptable for guest reception.",
    "genres" : [ ]
  }, {
    "id" : 198248,
    "title" : "Shlomo Artzi in Caesarea",
    "overview" : "",
    "genres" : [ ]
  }, {
    "id" : 198253,
    "title" : "Happy Together",
    "overview" : "",
    "genres" : [ {
      "id" : 18,
      "name" : "Drama"
    } ]
  }, {
    "id" : 198263,
    "title" : "Kourtrajme",
    "overview" : "",
    "genres" : [ ]
  }, {
    "id" : 198273,
    "title" : "I Love You Renato",
    "overview" : "\"I love you Renato\" is a film about freedom and love in the lost 90s. The story takes place within the state of Rio in the historic city of Valença. The year is 1996, the year that marks the end of the famous Coca-Cola generation, the death of the typewriter and handwritten letters. Beto, Adriana and André embark on a journey of discovery, music and desire, until their lives and an entire generation is changed forever!",
    "genres" : [ {
      "id" : 18,
      "name" : "Drama"
    }, {
      "id" : 10749,
      "name" : "Romance"
    } ]
  }, {
    "id" : 198303,
    "title" : "The Silent Swordsman",
    "overview" : "A young swordsman is tasked to lead a patriotic secret society to fight a traitorous general who conspired with the enemy to invade their country. In due course, he meets two pretty sisters from a rural tribe and is caught between the affections of the two girls...",
    "genres" : [ {
      "id" : 28,
      "name" : "Action"
    } ]
  }, {
    "id" : 198308,
    "title" : "Ricky Gervais Live 3: Fame",
    "overview" : "Ricky Gervais third stand-up comedy routine.",
    "genres" : [ {
      "id" : 35,
      "name" : "Comedy"
    } ]
  }, {
    "id" : 198318,
    "title" : "Stress Position",
    "overview" : "A psychological experiment between two friends spirals out of control. How bad could it be?",
    "genres" : [ ]
  }, {
    "id" : 198333,
    "title" : "NatGeoHD Oceani Asciutti",
    "overview" : "",
    "genres" : [ {
      "id" : 99,
      "name" : "Documentary"
    } ]
  }, {
    "id" : 198338,
    "title" : "Silent Dust",
    "overview" : "A wealthy blind man is determined to build a cricket pavilion as a memorial to his dead son, who was killed in battle in World War II. Not long before the dedication ceremony is to be held, the son shows up; it turns out that he wasn't killed in battle but deserted, and has become a blackmailer and a killer. He wants to get some money to \"start a new life\", but his blind father senses that something is wrong and sets out to find out what's going on.",
    "genres" : [ {
      "id" : 18,
      "name" : "Drama"
    } ]
  }, {
    "id" : 198343,
    "title" : "Narsimha",
    "overview" : "Narasimha a young and captive man lives a middle class life with his family in a quite neighbour hood. He gets his beautiful sister marry to an eligible young man in there vicinity. On the occasion of his sister giving birth, he returns home to find that a conflict arise between his neighbour hood and another neighbour hood where he seek refuge in a dwelling area nearby only to return and find out that his whole family has been murder. Without no aim left in life Narasimha decided to turn to crime and alcohol. He later decided to work for a man call Suraj Narayan Singh. But when Suraj asks him to kill Ravi Rastogi for falling in love with his daughter, Meenu. Narasimha refuses, and on the contrary joins forces with Ravi, his sister, Anita, to force Suraj to get the young couple married. This kind of conflict escalates to such proportions that Suraj finally gets arrested and lodged in a cell.",
    "genres" : [ {
      "id" : 28,
      "name" : "Action"
    } ]
  }, {
    "id" : 198348,
    "title" : "Inside the Aryan Brotherhood",
    "overview" : "Formed in the 1980s, the Aryan Brotherhood of Texas is one of America’s fastest growing and most violent white supremacist gangs. Consisting of 5,000 members both in and outside of prison, they adhere to Nazi ideologies and are notorious for killings and kidnappings. For the first time, they have allowed cameras to access the criminal world they run from inside the prison walls. Viewers will learn the secrets of their drug smuggling methods as they strive to control the Texas Meth trade and their shocking plans to ignite a bloody gang war. Some of the most violent inmates belong to the Aryan Brotherhood of Texas and you will witness firsthand their attempts to govern by terror and ruthless behaviour.",
    "genres" : [ ]
  }, {
    "id" : 198363,
    "title" : "Sauts de cheval en longueur",
    "overview" : "No Overview",
    "genres" : [ ]
  }, {
    "id" : 198368,
    "title" : "Worm",
    "overview" : "\"Worm\" tells the story of a man wanted for a double homicide in the small town of Guthrie, OK. Jason \"Worm\" Truitt has a young daughter that he loves dearly - and a beautiful girlfriend that he feels is out of his league. Worm is always doing the wrong thing at the wrong time, taking odd jobs for shady men, and even breaking the law from time to time. He is constantly tailed by the local Sheriff, and constantly berated by his own Father and friends. The film plays out as a Southern Neo-Noir of sorts. A modern day \"whodunit\" tale told using a chest-mounted Snorricam. The audience journeys with Worm as he tries to clear his name and make safe the ones he loves. Along the way, he is entangled in a small town crime syndicate and nearly loses the people that mean the most to him. Did he commit this heinous crime? Will his past sins catch up to him? Only God knows.",
    "genres" : [ {
      "id" : 18,
      "name" : "Drama"
    } ]
  }, {
    "id" : 198373,
    "title" : "Heldin der Lüfte",
    "overview" : "",
    "genres" : [ ]
  }, {
    "id" : 198378,
    "title" : "Apocalipsis sexual",
    "overview" : "A band of kinky perverts kidnap a young heiress and teach her the joys of sexual decadence in this rare psycho sleaze-fest.",
    "genres" : [ {
      "id" : 80,
      "name" : "Crime"
    }, {
      "id" : 18,
      "name" : "Drama"
    } ]
  }, {
    "id" : 198428,
    "title" : "Tree of Blood",
    "overview" : "Done in the style of an African folk tale, this film, a collaboration between European and African countries, is said to be among the most elaborate, high tech film in African film. Exquisitely photographed and filled with archetypal figures to create a poetic look at nature's revenge against those who would exploit her. It is set in the forest village of Amanha Lundju, a place where the birth of children is celebrated by the planting of a tree. The trees are considered spiritual twins. But for every tree planted, the rapacious state destroys many more for firewood and lumber.",
    "genres" : [ {
      "id" : 18,
      "name" : "Drama"
    } ]
  }, {
    "id" : 198438,
    "title" : "Broken Highway",
    "overview" : "In this moody black and white drama, very much in the mode of the American \"western,\" but with its own film noir characteristics, a whole town is heaved out of its doldrums when a pair of mysterious strangers come visiting. In the beginning of the film, Angel is traveling with his friend Max on a ship to Honeyfield, a town on the coast of Australia. He is coming home to die. Instead, he dies on board the ship, willing his boots to Angel, and an unopened package to someone called \"The Dead Man,\" in Honeyfield. Also on the ship is a man named Tatts, a far less pleasant personality. When Angel gets off to head into Honeyfield, Tatts decides to follow along unseen. The package, Angel was told, contains something its intended recipient has been looking for without knowing it. On finding the recipient, a mean-spirited old man who is more or less the boss and owner of the town, he learns that the package contains opium.",
    "genres" : [ ]
  }, {
    "id" : 198443,
    "title" : "The Otherside",
    "overview" : "Known by music fans as the birthplace of Jimi Hendrix and grunge rock, there is a new music scene brewing in the Pacific Northwest.  Seattle hip hop artists are redefining the genre and exploding onto the national scene as they attempt to capitalize on the do-it-yourself digital age of the music world. Some have found success, but others wonder if the dream of “making it” in a crowded industry is still attainable.  While the fame and attention mounts, gain a firsthand look at the eclectic mix of artists that define northwest hip hop, as they work to conquer a genre that has long been inaccessible to a city void of major labels.  THIS IS THE OTHERSIDE.",
    "genres" : [ {
      "id" : 99,
      "name" : "Documentary"
    } ]
  }, {
    "id" : 198448,
    "title" : "Kuarup",
    "overview" : "This epic Brazilian film was based on the equally epic novel by Antonio Callado. Set between 1954 and 1964, the film's focus is the saga of Jesuit priest Taumaturgo Ferreira. Fed up with civilization, Ferreira ventures deep into Amazon country to live with and work among the Xingu Indians. The most expensive Brazilian production up to its time, Kuarup was well worth every penny. Upon its international release, Kuarup was often coupled with an impressive \"the making of...\" documentary.",
    "genres" : [ ]
  } ]
}