{
  "movies" : [ {
    "id" : 359468,
    "title" : "Angela & Viril",
    "overview" : "While Angela meditates, Viril is typing the numbers one through one thousand.",
    "genres" : [ {
      "id" : 35,
      "name" : "Comedy"
    } ]
  }, {
    "id" : 359473,
    "title" : "Kouthuka Varthakal",
    "overview" : "Kouthuka Varthakal is a 1990 Indian Malayalam film, directed by Thulasidas and produced by Navas. The film stars Suresh Gopi, Urvashi, Mukesh and Ranjini in lead roles.",
    "genres" : [ {
      "id" : 18,
      "name" : "Drama"
    }, {
      "id" : 35,
      "name" : "Comedy"
    } ]
  }, {
    "id" : 359478,
    "title" : "Injakkadan Mathai & Sons",
    "overview" : "Injakkadan Mathai owns a textile shop called Injakkadan Mathai & Sons with his two sons Roy and Thankachan. Their main rival is the Chungathara clan who also own a textile shop. Thankachan marries Beena, who was the daughter of Mathai's friend, Thomachen. Roy falls in love with Shirley, Beena's sister.",
    "genres" : [ {
      "id" : 18,
      "name" : "Drama"
    } ]
  }, {
    "id" : 359483,
    "title" : "Adidas vs. Puma - That's The Name Of The Game!",
    "overview" : "Two brothers start a sportswear company in the 1920s, hoping to make the best shoes in the world. Their relationship deteriorates until they become bitter rivals.",
    "genres" : [ {
      "id" : 18,
      "name" : "Drama"
    } ]
  }, {
    "id" : 359493,
    "title" : "Mukhachithram",
    "overview" : "Siddique, a local school teacher has Jayaram a street musician pretend to be a qualified band master for his school band, which leads them to tell many lies and have problems in keeping the act up.",
    "genres" : [ {
      "id" : 18,
      "name" : "Drama"
    } ]
  }, {
    "id" : 359498,
    "title" : "Bharthavudyogam",
    "overview" : "Bharthaavudyogam is a 2001 Indian Malayalam film, directed by Suresh Vinu, starring Jagadish and Jagathy Sreekumar in the lead roles.",
    "genres" : [ {
      "id" : 18,
      "name" : "Drama"
    } ]
  }, {
    "id" : 359503,
    "title" : "Kunukkitta Kozhi",
    "overview" : "Jagadish is a poor man who gets by any way possible in life. At a job interview place he get a tip that the manager is a big cricket fan. So , Jagadish pretends to be one , but it backfires when the appointed manager does not come in and his father who hates cricket does the interview and he does not get the job. A woman pretends to be Jagadish's wife for her interview, to get sympathy for having a cricket crazed husband and gets the job. Jagadish finds out and demands 1/3 the payment every week from her for getting the job , by saying he was her husband. The rest of the story forms how they fight over the job/payment and the hilarious situations that happens when their lives intersect.",
    "genres" : [ {
      "id" : 18,
      "name" : "Drama"
    }, {
      "id" : 35,
      "name" : "Comedy"
    } ]
  }, {
    "id" : 359508,
    "title" : "Every Young Man's Battle",
    "overview" : "Sexual temptation. It’s everywhere you look. On TV, in the movies, on the Internet. And sometimes it feels like you can’t escape its clutches. But God wants his children to be sexually pure.  How?",
    "genres" : [ ]
  }, {
    "id" : 359513,
    "title" : "How We Got Gay",
    "overview" : "The incredible story of how gay men and women went from being the ultimate outsiders to occupying the halls of power, with a profound influence on our cultural, political and social lives.",
    "genres" : [ {
      "id" : 99,
      "name" : "Documentary"
    } ]
  }, {
    "id" : 359518,
    "title" : "Deepasthambham Mahascharyam",
    "overview" : "Dilip who is is a classical/kathakali dancer who goes to perform for a one week function at a rich man's mansion . There one of the girls , Rasika falls in love and gets obsessive over him. Problem is Dilip is already in love and has a girl waiting back home (Jomol).",
    "genres" : [ {
      "id" : 10749,
      "name" : "Romance"
    }, {
      "id" : 18,
      "name" : "Drama"
    } ]
  }, {
    "id" : 359523,
    "title" : "Shanghai Massacre",
    "overview" : "Intrigue and fighting amidst the Japanese occupation of China.",
    "genres" : [ ]
  }, {
    "id" : 359528,
    "title" : "Kallanum Polisum",
    "overview" : "Kallanum Polisum is a Malayalam film about a police who is the only earner for his family. He has to go through hardships but is entangled when a thief is mistaken with a bank robbery.",
    "genres" : [ {
      "id" : 18,
      "name" : "Drama"
    } ]
  }, {
    "id" : 359533,
    "title" : "Seduced by Mommy 3",
    "overview" : "Mother knows best, and Dad ain’t here! These young ladies are irresistible candy for their MILF mamas’ sugary sweet cravings. A little time and attention always does a family good.",
    "genres" : [ {
      "id" : 10749,
      "name" : "Romance"
    } ]
  }, {
    "id" : 359538,
    "title" : "The Canterville Ghost",
    "overview" : "",
    "genres" : [ {
      "id" : 14,
      "name" : "Fantasy"
    }, {
      "id" : 35,
      "name" : "Comedy"
    } ]
  }, {
    "id" : 359548,
    "title" : "Sthalathe Pradhana Payyans",
    "overview" : "Goplakrishnan (Jagadish), a resident of Hindustan Colony is an educated youth, who works as a newspaper boy. Along with his bunch of friends Gopalakrishnan becomes a candidate and wins the election with stunning majority. Gopalakrishnan starts performing in his own capacity and announces free policing system and cleansing the law and order. Mohammed Iqbal (Siddique), a young dynamic police officer is assigned the task of cleaning up the capital city, who arrests goons.",
    "genres" : [ {
      "id" : 18,
      "name" : "Drama"
    }, {
      "id" : 28,
      "name" : "Action"
    } ]
  }, {
    "id" : 359553,
    "title" : "Thooval Kottaram",
    "overview" : "Mohanachandra Poduval (Jayaram), is a lawyer, also working as a plumber, caterer, electrical worker, driver and chenda player at festival programs. He is engaged to Sujatha (Sukanya), a music and dance teacher, who is the daughter of Achu Marar (Oduvil Unnikrishnan). Things go smoothly until Devaprabha (Manju Warrier) and her grandfather Rama Varma arrive in the village. The heiress of the royal family, Devaprabha forms a strong relationship with Mohanachandran.",
    "genres" : [ {
      "id" : 18,
      "name" : "Drama"
    } ]
  }, {
    "id" : 359558,
    "title" : "Darksiders",
    "overview" : "",
    "genres" : [ {
      "id" : 12,
      "name" : "Adventure"
    }, {
      "id" : 16,
      "name" : "Animation"
    } ]
  }, {
    "id" : 359563,
    "title" : "Utsavamelam",
    "overview" : "Suresh Gopi is hired by a rich family torn apart into two , to perform/sing in the cultural activities for the local festival they are sponsoring in the town where he grew up. Though he comes to perform , he has ulterior motives as well , to investigate the death of of his father who was murdered years back. Which leads him to look deeper into things , he sees more darker forces at work , which puts his life in danger.",
    "genres" : [ {
      "id" : 18,
      "name" : "Drama"
    } ]
  }, {
    "id" : 359568,
    "title" : "Travessia",
    "overview" : "",
    "genres" : [ {
      "id" : 99,
      "name" : "Documentary"
    } ]
  }, {
    "id" : 359573,
    "title" : "Massacre County",
    "overview" : "After a hideous crime in a mansion by the forest, where a group of young people was found murdered, a suspicious clown tries to prove his innocence to the investigator that found him covered in blood.",
    "genres" : [ {
      "id" : 80,
      "name" : "Crime"
    }, {
      "id" : 9648,
      "name" : "Mystery"
    }, {
      "id" : 27,
      "name" : "Horror"
    }, {
      "id" : 53,
      "name" : "Thriller"
    } ]
  }, {
    "id" : 359578,
    "title" : "Salt Kiss",
    "overview" : "A confirmed bachelor tries to persuade his recently engaged friend back to his old carefree life.",
    "genres" : [ {
      "id" : 18,
      "name" : "Drama"
    } ]
  }, {
    "id" : 359583,
    "title" : "Corpo em Delito",
    "overview" : "",
    "genres" : [ ]
  }, {
    "id" : 359588,
    "title" : "El cuatrero",
    "overview" : "Gambler-horsethief-womanizer ends up hiding out in a church-run orphanage. Spiritual regeneration stuff happens.",
    "genres" : [ {
      "id" : 35,
      "name" : "Comedy"
    }, {
      "id" : 28,
      "name" : "Action"
    }, {
      "id" : 12,
      "name" : "Adventure"
    } ]
  }, {
    "id" : 359593,
    "title" : "The Miracle of Life",
    "overview" : "The heartbreaking story of a living placenta that is raised as a human, a christian, a soldier.",
    "genres" : [ {
      "id" : 27,
      "name" : "Horror"
    }, {
      "id" : 35,
      "name" : "Comedy"
    }, {
      "id" : 18,
      "name" : "Drama"
    } ]
  }, {
    "id" : 359598,
    "title" : "The Coast",
    "overview" : "A poetic documentary observation of everyday life in a Latvian fishing village, where centuries-old traditions and wind-hardened men and women live alongside the optimism of new construction and the smiling faces of the new generation.",
    "genres" : [ {
      "id" : 99,
      "name" : "Documentary"
    } ]
  }, {
    "id" : 359608,
    "title" : "Paradise",
    "overview" : "Follows people heading for a better place on either side of the ocean. Although at times their paths do cross, they never really seem to meet.",
    "genres" : [ {
      "id" : 18,
      "name" : "Drama"
    }, {
      "id" : 16,
      "name" : "Animation"
    } ]
  }, {
    "id" : 359618,
    "title" : "John Turner, M.P.",
    "overview" : "Part of BFI collection \"Portrait of a People.\"",
    "genres" : [ ]
  }, {
    "id" : 359623,
    "title" : "Onnanoko Kirai",
    "overview" : "Kiriko is pretty girl, working at an office. She also binge eats and then makes herself vomit. The male workers like her, but female workers hate her. Kiriko believes that the only that matters for a woman is being cute. Kiriko has Yuto, who works at a bar. The relationship between Kiriko and Yuto is more than friends, but less than a romantic relationship.",
    "genres" : [ {
      "id" : 35,
      "name" : "Comedy"
    } ]
  }, {
    "id" : 359628,
    "title" : "Assassination Classroom: Graduation",
    "overview" : "Story continues with the students' own conflicts, Koro Sensei’s identity and the fate of the world. The time limit for assassination is approaching.",
    "genres" : [ {
      "id" : 878,
      "name" : "Science Fiction"
    }, {
      "id" : 35,
      "name" : "Comedy"
    }, {
      "id" : 28,
      "name" : "Action"
    } ]
  }, {
    "id" : 359633,
    "title" : "Mayweather Vs. Berto",
    "overview" : "Floyd Mayweather, Jr. vs. Andre Berto, billed as \"High Stakes\", was a professional boxing superfight, contested for the welterweight and super welterweight championships. The bout was held on September 12, 2015 at the MGM Grand Garden Arena in Las Vegas, Nevada on Showtime PPV[1] Mayweather, Jr. has confirmed his retirement after the bout.",
    "genres" : [ {
      "id" : 99,
      "name" : "Documentary"
    } ]
  }, {
    "id" : 359638,
    "title" : "A Lenda do Pai Inácio",
    "overview" : "",
    "genres" : [ ]
  }, {
    "id" : 359643,
    "title" : "3 Histórias da Bahia",
    "overview" : "",
    "genres" : [ ]
  }, {
    "id" : 359653,
    "title" : "A Clerk in Charge",
    "overview" : "A clerk has his own duty. A clerk does his own work. This is what a clerk should do.",
    "genres" : [ {
      "id" : 16,
      "name" : "Animation"
    } ]
  }, {
    "id" : 359658,
    "title" : "On efface tout",
    "overview" : "",
    "genres" : [ {
      "id" : 80,
      "name" : "Crime"
    } ]
  }, {
    "id" : 359663,
    "title" : "La part du feu",
    "overview" : "",
    "genres" : [ ]
  }, {
    "id" : 359668,
    "title" : "Le diable dans la boîte",
    "overview" : "",
    "genres" : [ {
      "id" : 18,
      "name" : "Drama"
    } ]
  }, {
    "id" : 359673,
    "title" : "Fleetwood Mac - Live in Montreal 2015",
    "overview" : "Fleetwood Mac performed at the Bell Centre February 5th, 2015. This is the first tour since 1998 to feature the band’s classic lineup of Christine McVie, Mick Fleetwood, Lindsey Buckingham, Stevie Nicks and John McVie.",
    "genres" : [ {
      "id" : 10402,
      "name" : "Music"
    } ]
  }, {
    "id" : 359678,
    "title" : "Too Close to the Sun",
    "overview" : "A magistrate investigating a fraud case discovers the woman is the biological mother of her adopted child. Instead of recusing herself, the magistrate pursues the case further.",
    "genres" : [ {
      "id" : 18,
      "name" : "Drama"
    } ]
  }, {
    "id" : 359683,
    "title" : "The Spectre of Hope",
    "overview" : "The SpectrE of Hope is based on the latest work of photographer Sebastiao Salgado. Salgado spent 6 years traveling to over 40 countries, taking pictures of globalization and its consequences - most notably, the mass migrations of populations around the world. In the film, Salgado presents his remarkable photographs in conversation with John Berger.",
    "genres" : [ {
      "id" : 99,
      "name" : "Documentary"
    } ]
  }, {
    "id" : 359688,
    "title" : "C'est arrivé à Paris",
    "overview" : "",
    "genres" : [ {
      "id" : 35,
      "name" : "Comedy"
    } ]
  }, {
    "id" : 359693,
    "title" : "Charitra Nayakan",
    "overview" : "Story about two siblings who get separated by villains to get property. Their kids fall in love and solve the murder of the hero's father and clear his uncle of all wrong doings.",
    "genres" : [ ]
  }, {
    "id" : 359698,
    "title" : "Притчи",
    "overview" : "",
    "genres" : [ {
      "id" : 18,
      "name" : "Drama"
    }, {
      "id" : 35,
      "name" : "Comedy"
    }, {
      "id" : 10751,
      "name" : "Family"
    } ]
  }, {
    "id" : 359703,
    "title" : "Barbie Boy",
    "overview" : "Bobby is a bright, imaginative seven-year-old who plays with dolls. One day his father tells him that dolls are for girls, sending Bobby on a personal mission to find what he should be playing with. He must choose accept his love for dolls or conform.",
    "genres" : [ ]
  }, {
    "id" : 359708,
    "title" : "Yoga to the Rescue",
    "overview" : "Relieve your aching neck, back, shoulders, wrists, and feet with this gentle yoga practice. Specially designed for those who've avoided yoga because of their lack of flexibility, low fitness level, or chronic pain, these simple exercises stretch, strengthen, and massage joints and muscles from head to toe, leaving you refreshed and restored. Instructor Desirée Rumbaugh has helped thousands with therapeutic Anusara yoga, and she can help you as well—whether you're a beginner or experienced practitioner.",
    "genres" : [ {
      "id" : 99,
      "name" : "Documentary"
    } ]
  }, {
    "id" : 359713,
    "title" : "How to Beat a Bully",
    "overview" : "When a new kid named Cory moves to town, he's picked on by the school bullies. To protect himself, he doesn't use his fists-he uses his brain instead! He scares the bullies off by fibbing that his father is a hit man for the mob. Word quickly spreads around and gets the attention of the REAL mobsters in town, too. Now his dad has the problem! As shenanigans between the family and the mobsters ensue, Cory must find a way to make things right.",
    "genres" : [ {
      "id" : 10751,
      "name" : "Family"
    }, {
      "id" : 35,
      "name" : "Comedy"
    } ]
  }, {
    "id" : 359723,
    "title" : "Rap City Berlin",
    "overview" : "a dvd about berlins rap crews",
    "genres" : [ ]
  }, {
    "id" : 359728,
    "title" : "Spaceship To The Unknown",
    "overview" : "Edited version of the 1936 Universal serial \"Flash Gordon\" that was released to television in a package deal in 1966.",
    "genres" : [ {
      "id" : 878,
      "name" : "Science Fiction"
    } ]
  }, {
    "id" : 359733,
    "title" : "Para Sempre Teu, Caio F.",
    "overview" : "",
    "genres" : [ {
      "id" : 99,
      "name" : "Documentary"
    } ]
  }, {
    "id" : 359738,
    "title" : "The Dream and the Dreaming",
    "overview" : "For over thirty thousand years, the Desert People of Central Australia had walked their lands, their life governed by ancient and immutable laws laid down by the totemic ancestors and their Dreamings.  In 1877 the German Lutherans arrived. Their dream of a 'mission field' in the very heart of the Australian continent put them at the epicentre of a massive clash of cultures. As the pastoral frontier, engulfed the Arrarnta homelands and threatened their existence, the Mission lease of 1,000 square miles was to become not so much a beachhead of Christianity but a place of sanctuary.",
    "genres" : [ {
      "id" : 99,
      "name" : "Documentary"
    } ]
  }, {
    "id" : 359743,
    "title" : "Blowback: Love & Death",
    "overview" : "A betrayed gangster seeks to avenge his dead partner, with the help of a beautiful restaurant owner and a mysterious bounty hunter.",
    "genres" : [ {
      "id" : 12,
      "name" : "Adventure"
    }, {
      "id" : 28,
      "name" : "Action"
    }, {
      "id" : 80,
      "name" : "Crime"
    } ]
  }, {
    "id" : 359748,
    "title" : "Cristobalito, the Calypso Colt",
    "overview" : "Filmed entirely on location in the Caribbean, this touching family drama tells the adventurous tale of a Puerto Rican boy who befriends a Paso Fino palomino, a descendant of the horses of the Spanish Conquistadors. The young man kidnaps the colt in order to ride in the island horse championships and ends up learning a lesson in responsibility and honor.",
    "genres" : [ {
      "id" : 10751,
      "name" : "Family"
    } ]
  }, {
    "id" : 359753,
    "title" : "The Fogbrook Thing",
    "overview" : "In 1965, a busload of boy scouts go for a camping trip, where they start telling campfire tales. One of the older scouts, in attempt to scare the youngers,  tells the \"true story\" about The Berko Brothers ,  which according to the legend, used to be a pair of Italian brothers who crashed their plane near the area years ago.",
    "genres" : [ {
      "id" : 27,
      "name" : "Horror"
    } ]
  }, {
    "id" : 359758,
    "title" : "From a Distant Gaze",
    "overview" : "Jean Ravel's A Distant Gaze (D'un lontain regard) is a 12-minute observance of people on the streets backed by Michel Legrand music.",
    "genres" : [ ]
  }, {
    "id" : 359763,
    "title" : "The Nth Commandment",
    "overview" : "Though The Nth Commandment survives incomplete, enough exists of director Frank Borzage’s last film while under contract with William Randolph Hearst’s Cosmopolitan Pictures for scholar Hervé Dumont to declare “it the first truly Borzagian work.”  Colleen Moore stars as a department store clerk whose decision to marry a withdrawing colleague with tuberculosis, over another dashing, ambitious suitor, leads to a life of hardship and struggle.",
    "genres" : [ {
      "id" : 18,
      "name" : "Drama"
    } ]
  }, {
    "id" : 359768,
    "title" : "Pakners",
    "overview" : "Two men from different backgrounds team up to win a billiards challenge in this underdog sports drama from the Philippines. Pakners stars real-life pool legend Efren \"Bata\" Reyes as a man who's just been conned out of his savings when he meets up with a Jeepney driver (Fernando Poe Jr.) who has a plan for how the two of them can find riches: billiards. Reyes' character proves a natural at the sport, and the two work their way to the national championships, where it's a do-or-die faceoff with some of the country's best players.",
    "genres" : [ {
      "id" : 28,
      "name" : "Action"
    }, {
      "id" : 35,
      "name" : "Comedy"
    } ]
  }, {
    "id" : 359773,
    "title" : "Triple Boogie",
    "overview" : "1948 danish short",
    "genres" : [ ]
  }, {
    "id" : 359778,
    "title" : "Copenhagen Boogie",
    "overview" : "1949 Danish short",
    "genres" : [ ]
  }, {
    "id" : 359783,
    "title" : "Cupid and Psyche",
    "overview" : "1953 Danish short",
    "genres" : [ ]
  }, {
    "id" : 359788,
    "title" : "The Voice from the Hat",
    "overview" : "Some gangsters try to con local bookies, but Inspector Pink spoils their fun.",
    "genres" : [ {
      "id" : 10770,
      "name" : "TV Movie"
    }, {
      "id" : 35,
      "name" : "Comedy"
    }, {
      "id" : 80,
      "name" : "Crime"
    } ]
  }, {
    "id" : 359793,
    "title" : "They and Me",
    "overview" : "",
    "genres" : [ {
      "id" : 18,
      "name" : "Drama"
    } ]
  }, {
    "id" : 359798,
    "title" : "Hexen von Paris",
    "overview" : "",
    "genres" : [ {
      "id" : 18,
      "name" : "Drama"
    } ]
  }, {
    "id" : 359803,
    "title" : "Something Like That",
    "overview" : "Two seventeen-year-olds go out at night looking for a good time in the streets of São Paulo and end up discovering a lot about them selves and their hidden feelings.",
    "genres" : [ {
      "id" : 18,
      "name" : "Drama"
    } ]
  }, {
    "id" : 359808,
    "title" : "Damas do Samba",
    "overview" : "",
    "genres" : [ {
      "id" : 99,
      "name" : "Documentary"
    } ]
  }, {
    "id" : 359813,
    "title" : "The Song That Reached His Heart",
    "overview" : "A Story of the Lumber Regions of Western Canada: a lumberjack remember his past while he listens to a record of the song his fiancée used to sing him.",
    "genres" : [ ]
  }, {
    "id" : 359818,
    "title" : "Street Safe",
    "overview" : "Instructional video by Marc \"Animal\" MacYoung on how to defend yourself against street thugs. \"Marc \"Animal\" MacYoung knows the ins and outs of American violence. He is the author of many books and has appeared in countless videos on street violence and self-defense for Paladin. Reading his books and watching his videos will save you a lot of hassles and a lot of hurt.\"",
    "genres" : [ ]
  }, {
    "id" : 359823,
    "title" : "Eyes",
    "overview" : "Part of BFI collection \"Stop Look Listen!\"",
    "genres" : [ ]
  }, {
    "id" : 359828,
    "title" : "Look Back",
    "overview" : "Part of BFI collection \"Worth the Risk?\"",
    "genres" : [ ]
  }, {
    "id" : 359833,
    "title" : "Pop Goes the Weasel",
    "overview" : "Part of BFI collection \"Worth the Risk?\"",
    "genres" : [ ]
  }, {
    "id" : 359838,
    "title" : "Another World",
    "overview" : "Part of BFI collection \"Worth the Risk?\"",
    "genres" : [ ]
  }, {
    "id" : 359843,
    "title" : "Hand",
    "overview" : "Part of BFI collection \"Worth the Risk?\"",
    "genres" : [ ]
  }, {
    "id" : 359848,
    "title" : "Join the UDR",
    "overview" : "Part of BFI collection \"Worth the Risk?\"",
    "genres" : [ ]
  }, {
    "id" : 359853,
    "title" : "Wear Bright Gear",
    "overview" : "Part of BFI collection \"Worth the Risk?\"",
    "genres" : [ ]
  }, {
    "id" : 359858,
    "title" : "Take an Adult",
    "overview" : "Part of BFI collection \"Worth the Risk?\"",
    "genres" : [ ]
  }, {
    "id" : 359863,
    "title" : "Fire is a Nightmare – Tom",
    "overview" : "Part of BFI collection \"Worth the Risk?\"",
    "genres" : [ ]
  }, {
    "id" : 359868,
    "title" : "39 Stripes",
    "overview" : "The true story of Ed Martin, former chain gang convict who converted to Christianity in prison in 1944 and formed the HopeAglow Prison Ministries. Ron Ormond's dramatized version of Ed's life in prison follows him swinging on a hammer in a chain gang, remembering his life of squalor and petty crime, finding Jesus through the persistence of his future wife Alfreda, and helping other inmates find salvation through his preaching in the prison chapel.",
    "genres" : [ ]
  }, {
    "id" : 359873,
    "title" : "The Red and the Black",
    "overview" : "Historical psychological drama which chronicles the attempts of a provincial young man to rise socially beyond his modest upbringing through a combination of talent, hard work, deception, and hypocrisy - who ultimately allows his passions to betray him.",
    "genres" : [ {
      "id" : 18,
      "name" : "Drama"
    } ]
  }, {
    "id" : 359878,
    "title" : "My Little Pony - Rescue at Midnight Castle",
    "overview" : "The story begins as the peaceful ponies of Dream Valley are attacked by monsters, led by Scorpan, who kidnap several ponies and take them away to Midnight Castle. Enraged, Firefly, a Pegasus pony, takes to the skies to try to find someone who can help them defeat Tirek, a centaur-like demon whose plan is to use these ponies to pull his chariot of darkness. On her way, she crashes into 12-year-old Megan's well and asks her for her help. Megan is at first reluctant to go but after being confronted by the monsters, she sets out with the ponies to rescue them.",
    "genres" : [ ]
  }, {
    "id" : 359883,
    "title" : "Celia: The Queen",
    "overview" : "",
    "genres" : [ {
      "id" : 99,
      "name" : "Documentary"
    }, {
      "id" : 10402,
      "name" : "Music"
    } ]
  }, {
    "id" : 359888,
    "title" : "Not Another Zombie Movie....About the Living Dead",
    "overview" : "Franklin and Mike find themselves trapped in the undead-infested Cyrene City, where they must attempt to lead a group of unconventional survivors to safety. As they join forces with the likes of a pregnant woman, a moronic arms dealer, and a mentally challenged man, they will have to determine which is worse: relying on each other or succumbing to the zombie mayhem. While this uprising of zombies has overwhelmed the city, Mr. Roberts, the CEO of R2 Pharmaceuticals, has sent in a team of mercenaries known as the S.I.E.G.E into Cyrene City to recover the only known antidote for his own financial gain. Not Another Zombie Movie... About the Living Dead is a hilarious twisted tale about survival versus morality during a zombie apocalypse. Watch as these survivors discover there is no such thing as a hero when zombies are trying to eat your face off.",
    "genres" : [ ]
  }, {
    "id" : 359893,
    "title" : "Másik bolygó",
    "overview" : "",
    "genres" : [ {
      "id" : 18,
      "name" : "Drama"
    }, {
      "id" : 99,
      "name" : "Documentary"
    } ]
  }, {
    "id" : 359898,
    "title" : "From Dirt",
    "overview" : "Two creatures find themselves in nowhere land. As they discover each other, chemistry happens.",
    "genres" : [ ]
  }, {
    "id" : 359903,
    "title" : "Rabbit Ears - Parables That Jesus Told",
    "overview" : "Here the parables of The Sower, The Good Samaritan and The Prodigal Son come to life against the backdrop of Jesus journeys through Galilee and Judea. The parables are put into a context that makes their simple truths resonate with meaning for young audiences.",
    "genres" : [ ]
  }, {
    "id" : 359908,
    "title" : "Rabbit Ears - The Boy Who Drew Cats",
    "overview" : "This is the story of a small Japanese boy whose only interest is drawing pictures of cats...even while everyone else in the village is struggling to defeat a mysterious demon that plagues the countryside. Although first seen as entirely useless, it is the boy's peculiar talent that ultimately restores prosperity to the land. This haunting and enchanting folktale about finding your place in the world resonates with deep respect for and appreciation of Japanese culture.",
    "genres" : [ ]
  }, {
    "id" : 359913,
    "title" : "Rabbit Ears - The Lion and the Lamb",
    "overview" : "This is the only story in the Rabbit Ears collection that is fully animated. Christopher Reeve and Amy Grant relate this wondrous fable of an escaped lion and a new-born lamb who teach a brother and a sister about the true spirit of Christmas. Based on European legends, this animated tale is directed by Bill Kroyer (FernGully: The Last Rainforest) with a score by composer-pianist Lyle Mays. The Lion and the Lamb is a heartfelt holiday story for all ages that promises to be a seasonal classic.",
    "genres" : [ ]
  }, {
    "id" : 359918,
    "title" : "Rabbit Ears - The Talking Eggs",
    "overview" : "This colorful Cajun folktale, set deep in the bayous of Louisiana, tells the story of Ruby Rouge, a young girl who befriends a mysterious old woman. She is ultimately rewarded for her kindness with several magical eggs in this classical tale of good versus evil.",
    "genres" : [ ]
  }, {
    "id" : 359923,
    "title" : "La clinique du docteur H",
    "overview" : "",
    "genres" : [ {
      "id" : 53,
      "name" : "Thriller"
    }, {
      "id" : 80,
      "name" : "Crime"
    } ]
  }, {
    "id" : 359928,
    "title" : "The English Teacher",
    "overview" : "Tired of nursing her husband through his terminal illness, 65-year-old Sonia, a retired teacher, decides to resume giving classes at her Havana home.",
    "genres" : [ ]
  }, {
    "id" : 359933,
    "title" : "Pendulum",
    "overview" : "When Luther, the CEO of a major software company, realises he has a stalker intent on doing him harm, he calls in Ryan, an old friend and former soldier. Ryan, who is battling with post-traumatic stress disorder, tracks down the stalker and is forced to kill him, but in so doing, makes a shocking discovery. Now Ryan must decipher whether he is being framed or succumbing to the delusions of his illness.",
    "genres" : [ ]
  }, {
    "id" : 359938,
    "title" : "Alto Vista",
    "overview" : "Souls trapped in a moment, searching for love, satisfaction and forgiveness. Alto Vista is a place that not only unites a family, but also divides them, repeating their past and reflecting their future.",
    "genres" : [ ]
  }, {
    "id" : 359943,
    "title" : "Trafficked",
    "overview" : "George, Penny and Nadia are best friends. While on vacation on an idyllic Caribbean island, they find themselves being seduced by a stranger’s wealth and charm. When the stranger’s true motives are revealed, the three friends realize that they are pawns in a deadly game.",
    "genres" : [ ]
  }, {
    "id" : 359953,
    "title" : "The Tough Ones",
    "overview" : "Two soldiers can't deal with peacetime.",
    "genres" : [ {
      "id" : 10752,
      "name" : "War"
    }, {
      "id" : 18,
      "name" : "Drama"
    } ]
  }, {
    "id" : 359963,
    "title" : "No Petrol, No Diesel",
    "overview" : "A small town, on State Highway 1, where nothing ever happens...then Rex Devlin dies in a suspicious car wreck and a mysterious stranger moves into the Temuka Hotel. Why is one of the world's biggest multinational corporations so desperate to buy a dowdy little backwater petrol station? Has Oscar Devlin really come all the way home from Los Angeles to sort out his meager inheritance, or is it Frankie he's come to see?",
    "genres" : [ {
      "id" : 35,
      "name" : "Comedy"
    }, {
      "id" : 18,
      "name" : "Drama"
    } ]
  }, {
    "id" : 359968,
    "title" : "American Dream / American Knightmare",
    "overview" : "Documentary that delves deep into the life and storied exploits of the iconic Death Row Records co-founder Suge Knight, as well as the volatile and highly influential era in gangsta rap he presided over. Through a series of interviewers face to face with director Antoine Fuqua, Knight reveals exactly how it all happened and why it all fell apart. Knight is currently in jail pending trial on murder, attempted-murder and hit-and-run charges.",
    "genres" : [ ]
  }, {
    "id" : 359983,
    "title" : "The Lion Guard: Return of the Roar",
    "overview" : "Set in the African savannah, the film follows Kion as he assembles the members of the 'Lion Guard'. Throughout the film, the diverse team of young animals will learn how to utilize each of their unique abilities to solve problems and accomplish tasks to maintain balance within the Circle of Life, while also introducing viewers to the vast array of animals that populate the prodigious African landscape.",
    "genres" : [ {
      "id" : 10770,
      "name" : "TV Movie"
    }, {
      "id" : 16,
      "name" : "Animation"
    }, {
      "id" : 10751,
      "name" : "Family"
    } ]
  }, {
    "id" : 359988,
    "title" : "HIV: Si Heidi, Si Ivy at Si V",
    "overview" : "A story about a documentarist who interviews a number of individuals who acquired the HIV virus.",
    "genres" : [ {
      "id" : 18,
      "name" : "Drama"
    } ]
  }, {
    "id" : 359993,
    "title" : "Hanggang Kailan Kita Mamahalin?",
    "overview" : "Lisa Reyes and Mike Reyes lives a happy life with a with a great family until one day when the promotions in the company they both work for chose Lisa instead Mike to be promoted. Due to this event their lives change when Mike's pride got the better of him causing both trouble in work as well as in the family.",
    "genres" : [ {
      "id" : 10749,
      "name" : "Romance"
    }, {
      "id" : 18,
      "name" : "Drama"
    } ]
  }, {
    "id" : 360003,
    "title" : "PWG Card Subject to Change 2",
    "overview" : "1. Fergal Devitt, Bino Gambino &amp; TJ Perkins vs. Disco Machine, Nemesis &amp; Ronin / 2. \"Classic\" Colt Cabana vs. Alex Koslov / 3. Cape Fear (El Generico &amp; Quicksilver) vs. Dark and Lovely (Human Tornado &amp; Scorpio Sky) / 4. Excalibur vs. Top Gun Talwar / Pro Wrestling Guerrilla World Tag Team Championship Title Match  5. Super Dragon &amp; Davey Richards (c) vs. Los Luchas (Phoenix Star &amp; Zokre) / 6. \"The Future\" Frankie Kazarian vs. \"The Professional\" Scott Lost / Pro Wrestling Guerrilla World Championship Title 4-Way Elimination Match  7. Joey Ryan (c) vs. \"Photogenic\" Chris Bosh vs. \"Mr. Wrestling\" Kevin Steen vs. AJ Styles / Pro Wrestling Guerrilla World Tag Team Championship Title Match  8. Super Dragon &amp; Davey Richards (c) vs. Kings of Wrestling (\"Double C\" Claudio Castagnoli &amp; Chris Hero)",
    "genres" : [ ]
  }, {
    "id" : 360008,
    "title" : "Das Paradies ist eine Falle",
    "overview" : "",
    "genres" : [ {
      "id" : 35,
      "name" : "Comedy"
    } ]
  }, {
    "id" : 360013,
    "title" : "Lotto-Liebe",
    "overview" : "",
    "genres" : [ {
      "id" : 35,
      "name" : "Comedy"
    } ]
  }, {
    "id" : 360018,
    "title" : "Death Faces",
    "overview" : "",
    "genres" : [ {
      "id" : 27,
      "name" : "Horror"
    }, {
      "id" : 99,
      "name" : "Documentary"
    } ]
  } ]
}