{
  "movies" : [ {
    "id" : 361133,
    "title" : "Teen Getaway",
    "overview" : "Two people in their early teens escape from a party. They end up lost in the woods and decide to live there indefinitely, before they are confronted with the inevitable fate that is being a suburban teenager. Teen Getaway is a fantasy for the average kid who might not be so lucky at getting away.",
    "genres" : [ ]
  }, {
    "id" : 361138,
    "title" : "Urban Family",
    "overview" : "Selja is in her thirties and lives in a shared flat with her friends. One day a boy appears at her door; a boy she gave up for adoption sixteen years earlier. Selja has a chance to get to know her son, but at the same time, makes a complete mess of her and her best friends’ lives. Urban Family is a new kind of music film set in the modern-day world.",
    "genres" : [ ]
  }, {
    "id" : 361143,
    "title" : "Santo vs. the Killers of the Mafia",
    "overview" : "",
    "genres" : [ ]
  }, {
    "id" : 361148,
    "title" : "Sem Dentes: Banguela Records e a Turma de 94",
    "overview" : "A documentary about Banguela Records, a 90's brazilian rock label.",
    "genres" : [ {
      "id" : 99,
      "name" : "Documentary"
    } ]
  }, {
    "id" : 361153,
    "title" : "Rashômon at 65",
    "overview" : "A short documentary visiting some of Rashômon’s key locations, featuring interviews with former staff from the Daiei-Kyoto Studios.",
    "genres" : [ {
      "id" : 99,
      "name" : "Documentary"
    } ]
  }, {
    "id" : 361158,
    "title" : "Black & White",
    "overview" : "Blacked.com proudly presents the new series \"Black &amp; White\" filmed and directed by award winning director Greg Lansky. This film is all about quality. Beautiful girls having passionate interracial sex for the 1st time and 100% exclusively for Blacked. Each sex scene happens in superb locations with every angle and detail carefully crafted to bring you a film with higher standards and cinematic qualities. Featuring, Dakota James, Payton Simons and sensational sisters Brooke Wylde and Taylor Whyte both living and enjoying their 1st Interracial experience.",
    "genres" : [ ]
  }, {
    "id" : 361163,
    "title" : "Home from the Hill",
    "overview" : "Documentary about Colonel Hilary Hook, formerly of the Indian cavalry and leader of extravagant safaris in Kenya. Hook returned home to England after being evicted from his home in the Kenya Hills, and is finding it hard to readjust to the English way of life.",
    "genres" : [ ]
  }, {
    "id" : 361168,
    "title" : "Geri",
    "overview" : "TV documentary which shows the roller-coaster career of the former Spice Girl, Geri Halliwell, including very candid behind-the-scenes footage and interviews with her.",
    "genres" : [ ]
  }, {
    "id" : 361173,
    "title" : "James Brown with BB King - Live at the Beverly Theater",
    "overview" : "The video contains amazing performances from both artists. The concert kicks off with a terrific set by B.B., which includes classics \"The Thrill Is Gone\" and \"Let The Good Times Roll.\"  Following B.B.'s set, James tears up the stage with some of his biggest hits. The Godfather showed he hadn't lost a step and delivered a powerhouse performance, which featured some of his dazzling footwork. He kept the audience on their feet with his raw funk and unrivaled charisma. Some of the tracks he performed in his set included \"The Payback,\" \"I Got the Feeling,\" \"It's a Man's Man's Man's World,\" and \"Get Up (I Feel Like Being a) Sex Machine.\"  This is the legendary show where Michael Jackson and Prince were in the audience. James invites MJ on stage to sing and perform briefly.",
    "genres" : [ ]
  }, {
    "id" : 361178,
    "title" : "Catharsis",
    "overview" : "No overview.",
    "genres" : [ ]
  }, {
    "id" : 361183,
    "title" : "Sum of Histories",
    "overview" : "What would you do if you could change the past?",
    "genres" : [ {
      "id" : 18,
      "name" : "Drama"
    }, {
      "id" : 10749,
      "name" : "Romance"
    }, {
      "id" : 878,
      "name" : "Science Fiction"
    } ]
  }, {
    "id" : 361188,
    "title" : "Secret Sinners",
    "overview" : "When a wife finds out that her husband has fallen for a chorus girl, she figures that if he can stray so can she, so she starts looking elsewhere.",
    "genres" : [ ]
  }, {
    "id" : 361193,
    "title" : "Death Reel",
    "overview" : "An eccentric collector of rare movies shot on super-8 dies and his library is sold off. Film Fanatic Marty Weeks successfully bids on several reels of film and rushes home to watch them. The projector clatters to life an the light flickers on the screen as terror unspools in early short films made by the Polonia bros between 1983 and 1985, right before their switch to the new video format. Witness the celluloid horror of maniacal cults, scarecrow vengeance, and even an Aqua-Maniac! Watch as Death Reel unfolds and the fevered beginnings of the Polonia Bros gets you in its death grip!!!!!!",
    "genres" : [ {
      "id" : 27,
      "name" : "Horror"
    } ]
  }, {
    "id" : 361198,
    "title" : "Sam & Me",
    "overview" : "23-year-old Nikhil comes to Canada from India to find his fortune and is convinced by his uncle to work as a companion and care-giver to Sam, an elderly Jewish man. An unlikely friendship ensues, which gives both men new insight into life.",
    "genres" : [ {
      "id" : 18,
      "name" : "Drama"
    } ]
  }, {
    "id" : 361203,
    "title" : "The Middle Distance",
    "overview" : "Womanizing workaholic Neil returns to Michigan to reunite with his brother after their father dies. As they try to sell the family home, their interactions are as chilly as the frost-covered February landscape. But Neil’s facade thaws under the glow of his brother’s charismatic fiancée. Chicago writer-director Patrick Underwood crafts a big-hearted romantic melodrama about rebuilding.",
    "genres" : [ {
      "id" : 18,
      "name" : "Drama"
    } ]
  }, {
    "id" : 361208,
    "title" : "Vive la rose",
    "overview" : "The tale of a tragic love story set in Newfoundland. When illness takes the woman he loves, a simple man raises his voice in melancholy song as a last farewell. The film, based on a song by local musician Emile Benoit, is anchored in a beautiful, remote corner of the province, and pays homage to its land, sea and the harsh lives of the local fishermen.",
    "genres" : [ {
      "id" : 18,
      "name" : "Drama"
    } ]
  }, {
    "id" : 361213,
    "title" : "Fun Radio",
    "overview" : "This 1963 kaleidoscope of our culture, both its energy and its tawdriness, rolls out in a never ending babble from radio station 3UZ, and in particular their top DJ at the time - Don Lunn.",
    "genres" : [ ]
  }, {
    "id" : 361218,
    "title" : "The Tradition of Performing Arts in Japan",
    "overview" : "A variety of traditional Japanese theater, this program presents the heart of Noh, Bunraku, and the total experience which is Kabuki.",
    "genres" : [ {
      "id" : 99,
      "name" : "Documentary"
    } ]
  }, {
    "id" : 361228,
    "title" : "Jane Gone",
    "overview" : "short music-driven video by Tess Hughes-Freeland",
    "genres" : [ ]
  }, {
    "id" : 361233,
    "title" : "Die, hemda, die",
    "overview" : "",
    "genres" : [ ]
  }, {
    "id" : 361243,
    "title" : "First Growth",
    "overview" : "Winemaker son, Charlie Marshall left Burgundy to become a Parisian renowned winemaker, author of a successful guide whose notes are annually tremble vineyards.  But in Côte-d'Or, his father lost the taste of wine and mistakes the family winery rush towards bankruptcy.  At first reluctant, Charlie returns to Burgundy. It must his boots and shoes back up his sleeves and become winemaker confront a profession he does not know, under the skeptical gaze of his father.  Between unpredictable weather and a delicate variety, Charlie will have to prove to his father that he is worthy of this land passed from generation to generation in their family.  It is easy to note a wine, but how do we do a great wine?",
    "genres" : [ {
      "id" : 18,
      "name" : "Drama"
    } ]
  }, {
    "id" : 361248,
    "title" : "Where have all the flowers gone?",
    "overview" : "A parallel between the hippie generation and the generation of nowadays.",
    "genres" : [ ]
  }, {
    "id" : 361258,
    "title" : "The Man with No Name",
    "overview" : "A documentary film-maker ventures into local woodland to meet up with a mysterious man that claims to have been living in the woods for three years.",
    "genres" : [ ]
  }, {
    "id" : 361263,
    "title" : "Jesse Stone: Lost in Paradise",
    "overview" : "Once a Los Angeles homicide detective, Police Chief Jesse Stone now presides over the quiet, seaside village of Paradise, Massachusetts. When the facts don't add up in a brutal Boston-area murder case, Jesse opens an investigation filled with surprises, unlikely suspects and grave danger. Though it's widely believed the murder was committed by an incarcerated serial killer, Jesse suspects another killer is at large and is hell-bent on bringing him to justice.",
    "genres" : [ {
      "id" : 18,
      "name" : "Drama"
    }, {
      "id" : 10770,
      "name" : "TV Movie"
    }, {
      "id" : 80,
      "name" : "Crime"
    }, {
      "id" : 9648,
      "name" : "Mystery"
    } ]
  }, {
    "id" : 361268,
    "title" : "Trees 2: The Root of All Evil",
    "overview" : "Having already faced the Great White Pine in TREES, Ranger Cody is now faced with the task of battling an entire feeding frenzy of geneticly enhanced trees created by the government.",
    "genres" : [ {
      "id" : 27,
      "name" : "Horror"
    }, {
      "id" : 35,
      "name" : "Comedy"
    } ]
  }, {
    "id" : 361273,
    "title" : "Young Harlots : Forbidden Fruit",
    "overview" : "",
    "genres" : [ ]
  }, {
    "id" : 361283,
    "title" : "Primary",
    "overview" : "Nicholas Gray a young executive has a secret not even he knows about....",
    "genres" : [ {
      "id" : 80,
      "name" : "Crime"
    }, {
      "id" : 53,
      "name" : "Thriller"
    }, {
      "id" : 9648,
      "name" : "Mystery"
    } ]
  }, {
    "id" : 361288,
    "title" : "Kizhakku Karai",
    "overview" : "Sekhar (Chandrasekhar) and Murali (Prabhu) are best friends. Murali sacrifices his job opportunity for his friend and Sekhar becomes a custom officer. So Murali goes back to his native village. His cousin Mahalakshmi (Kushboo) falls in love with him.  Ranganathan (Vijayakumar), Murali's father, works with the smuggler Daaha (K. Rajpreeth) for 25 years. When Murali knew about his father's profession, he convinces his father to quit his job. Finally, Ranganathan decides to leave this odd job but Daaha kills him. Murali decides to take revenge and becomes also a smuggler.",
    "genres" : [ ]
  }, {
    "id" : 361293,
    "title" : "Los diablos del terror",
    "overview" : "An adventure thriller directed by Fernando Méndez.",
    "genres" : [ {
      "id" : 12,
      "name" : "Adventure"
    }, {
      "id" : 9648,
      "name" : "Mystery"
    }, {
      "id" : 53,
      "name" : "Thriller"
    }, {
      "id" : 37,
      "name" : "Western"
    } ]
  }, {
    "id" : 361298,
    "title" : "Raja Veetu Kannu Kutti",
    "overview" : "Tamil Movie Raja Veetu Kannu Kutti release in year 1984. Directed by C V Rajendran, and starring Prabhu, Viji.",
    "genres" : [ ]
  }, {
    "id" : 361303,
    "title" : "Duas Histórias",
    "overview" : "",
    "genres" : [ ]
  }, {
    "id" : 361313,
    "title" : "Tsamo",
    "overview" : "In the 1860’s Alaska and Finland are simultaneously parts of the Russian Empire. A Finnish mining engineer Simon buys an Alaskan native American girl and decides to bring her to Finland.  The child, Tsamo, is baptized and Simon starts to teach her European manners. Tsamo thinks she’s married to Simon and acts accordingly, but when Simon marries a lady of his own age and class, she gets confused. Simon is forced to send the girl away and the battle over Tsamo’s identity takes complicated turns.",
    "genres" : [ ]
  }, {
    "id" : 361318,
    "title" : "Mark II",
    "overview" : "Three Maori youths, bored with Auckland, head south in a restored  Mark II Zephyr in search of something different. One of them is on  the run from drug dealers, whom he had crossed. Various  mini-adventures occurs as they make their way down the North  Island, but it all comes to a head while visiting a cousin.  Finally, they, the drug dealers and the police all come together,  with the expected fights and arrests.",
    "genres" : [ {
      "id" : 18,
      "name" : "Drama"
    } ]
  }, {
    "id" : 361323,
    "title" : "Period Stories",
    "overview" : "Period Stories is an award-winning, crowdsourced short documentary about menstruation experiences from around the world.",
    "genres" : [ {
      "id" : 99,
      "name" : "Documentary"
    } ]
  }, {
    "id" : 361328,
    "title" : "Edgar, Hüter der Moral",
    "overview" : "",
    "genres" : [ {
      "id" : 35,
      "name" : "Comedy"
    } ]
  }, {
    "id" : 361333,
    "title" : "Ladri Di Futuro",
    "overview" : "",
    "genres" : [ {
      "id" : 35,
      "name" : "Comedy"
    } ]
  }, {
    "id" : 361338,
    "title" : "Reise in die Dunkelheit",
    "overview" : "",
    "genres" : [ {
      "id" : 18,
      "name" : "Drama"
    } ]
  }, {
    "id" : 361343,
    "title" : "Train",
    "overview" : "A mechanical ballet composed of footage of the last steam trains arriving to the Waterloo Station",
    "genres" : [ ]
  }, {
    "id" : 361348,
    "title" : "Drop",
    "overview" : "A man sitting on a couch trying to read ...",
    "genres" : [ {
      "id" : 35,
      "name" : "Comedy"
    }, {
      "id" : 16,
      "name" : "Animation"
    } ]
  }, {
    "id" : 361353,
    "title" : "Fresh Outta High School 3",
    "overview" : "School's out and these girls need somethin' in their mouths! 6 gorgeous graduates are ready to leave their degrees behind so they can ride a cock and grind. Mike Adriano gives Bree Olson and Paulina James a lesson in tough cock. Maya Hills and Chris Charming go for a hard hitting session of wham bam thank you ma'am. While Kissy Kapri gets enrolled in DP 101 with John Strong and Mike Adriano. Audrey Bitoni and McKenzee Miles also get in the action when they spread wide open and get their pussies fucked. We're hung... they're young... and they're Fresh Outta High School!",
    "genres" : [ ]
  }, {
    "id" : 361358,
    "title" : "Nobunaga Concerto: The Movie",
    "overview" : "Saburo is a high school student good in sports, but not very good with his studies. One day, Saburo travels back in time and arrives in the Sengoku period of 1549. There, Saburo meets Nobunaga Oda who looks and sounds just like Saburo. Nobunaga Oda is the son of a warlord and magistrate of the lower Owari Province. Nobunaga Oda though is physically weak and he asks Saburo to take his place. Then, Saburo as Nobunaga Oda attempts to unify the country of Japan.",
    "genres" : [ {
      "id" : 28,
      "name" : "Action"
    }, {
      "id" : 35,
      "name" : "Comedy"
    }, {
      "id" : 878,
      "name" : "Science Fiction"
    } ]
  }, {
    "id" : 361363,
    "title" : "Erich Mielke - Master of Fear",
    "overview" : "Docudrama about life, career and breakdown of Erich Mielke, the former Security chief of East Germany.",
    "genres" : [ {
      "id" : 18,
      "name" : "Drama"
    }, {
      "id" : 36,
      "name" : "History"
    }, {
      "id" : 99,
      "name" : "Documentary"
    } ]
  }, {
    "id" : 361368,
    "title" : "The Scent of Pheasant’s Eye: An Episode from the Tales of Flowers",
    "overview" : "When Kaoru's sister-in-law Miyoko arrives at the family home, tender feelings start to grow between the two. However, the initial happiness that Kaoru finds in the company of her beautiful sister-in-law is frustrated by her brother Mitsuo, Miyoko's husband, who intervenes in their budding passion. Full of unspoken words, deeply suggestive mise-en-scène, and forbidden glances, Fukujuso is a compelling melodrama that surprises us with its potent homoeroticism, especially considering its year of production.",
    "genres" : [ ]
  }, {
    "id" : 361373,
    "title" : "Virgin Talkies",
    "overview" : "A priest has a crisis of faith after hearing strange voices in his church -- which used to be a village's movie theater.",
    "genres" : [ {
      "id" : 18,
      "name" : "Drama"
    } ]
  }, {
    "id" : 361378,
    "title" : "Jamnapyari",
    "overview" : "Vasoottan an auto driver by profession, who is very good at heart and meanwhile he is an impetuous person. Once a MBA student happens to travel his auto with some hidden purposes.",
    "genres" : [ {
      "id" : 35,
      "name" : "Comedy"
    }, {
      "id" : 12,
      "name" : "Adventure"
    } ]
  }, {
    "id" : 361383,
    "title" : "Nevěrné hry",
    "overview" : "",
    "genres" : [ {
      "id" : 18,
      "name" : "Drama"
    } ]
  }, {
    "id" : 361388,
    "title" : "The Last Human in the Milky Way",
    "overview" : "An astronaut and his android have a talk about the place of the Human race in the Universe.",
    "genres" : [ {
      "id" : 878,
      "name" : "Science Fiction"
    } ]
  }, {
    "id" : 361393,
    "title" : "Home/Alone",
    "overview" : "A girl spends a night home alone for the very first time.",
    "genres" : [ {
      "id" : 53,
      "name" : "Thriller"
    }, {
      "id" : 27,
      "name" : "Horror"
    } ]
  }, {
    "id" : 361398,
    "title" : "Theresa Is a Mother",
    "overview" : "Singer/songwriter and single mother Theresa McDermott has finally hit the end of the line in NYC. Unable to make ends meet, she is forced to pack up her life and her 3 girls and move back to the small town and parents she ran from a decade ago. Teresa needs a job, her parents need their space and a family tragedy that was never dealt with from years past needs closure. Old wounds, unattainable dreams and a few other things expose themselves as a fractured family works to become whole and a single mom, a responsible mother.",
    "genres" : [ {
      "id" : 10402,
      "name" : "Music"
    }, {
      "id" : 35,
      "name" : "Comedy"
    }, {
      "id" : 18,
      "name" : "Drama"
    } ]
  }, {
    "id" : 361403,
    "title" : "Ich bin dann mal weg",
    "overview" : "Based on the book \"Ich bin dann mal weg\" by Hape Kerkeling where the author describes his journey on the Way of St. James, a pilgrimage route, and the people he encounters there.",
    "genres" : [ {
      "id" : 35,
      "name" : "Comedy"
    }, {
      "id" : 18,
      "name" : "Drama"
    } ]
  }, {
    "id" : 361408,
    "title" : "Mere Do Anmol Ratan",
    "overview" : "Two Hindi boys (Arshad Warsi, Mukul Dev) learn that the same mother raised them because the hospital where they were born did not know which baby was hers.",
    "genres" : [ ]
  }, {
    "id" : 361413,
    "title" : "Lost Valley",
    "overview" : "Best friends Mary-Ann (Foster) and Sandy (Thompson) are finally taking their dream expedition to New Zealand. They are  accompanied by their teenage daughters Jaretha (Gillette) and Kerry (Nicoll). Issues of first night frights from the local wildlife and daughters that can't stand each other  become insignificant when they come face to face with Kiwi poachers.  No match for gun-toting guys, the four find themselves held prisoner and fearing for their lives.",
    "genres" : [ {
      "id" : 12,
      "name" : "Adventure"
    } ]
  }, {
    "id" : 361418,
    "title" : "Magik & Rose",
    "overview" : "As everyone in town gears up for the annual Hokitka Wild Foods Festival, Magik and Rose are locked  in a poignant and funny off-beat tale of friendship and fertility. The result could end a good marriage,  redefine the \"perfect man\", as well as discover what it means to be mother and daughter.",
    "genres" : [ {
      "id" : 35,
      "name" : "Comedy"
    }, {
      "id" : 18,
      "name" : "Drama"
    } ]
  }, {
    "id" : 361428,
    "title" : "Prairie Dog",
    "overview" : "A lone sheriff and a visiting environmental consultant race to solve the mystery that haunts the valleys of Brada County.",
    "genres" : [ {
      "id" : 18,
      "name" : "Drama"
    }, {
      "id" : 12,
      "name" : "Adventure"
    }, {
      "id" : 53,
      "name" : "Thriller"
    }, {
      "id" : 27,
      "name" : "Horror"
    }, {
      "id" : 14,
      "name" : "Fantasy"
    } ]
  }, {
    "id" : 361438,
    "title" : "Disonorata - Senza colpa",
    "overview" : "",
    "genres" : [ {
      "id" : 18,
      "name" : "Drama"
    } ]
  }, {
    "id" : 361443,
    "title" : "EMMERSON NOGUEIRA VOL2",
    "overview" : "",
    "genres" : [ ]
  }, {
    "id" : 361453,
    "title" : "Bryan Adams -LIVE IN TORONTO 2014",
    "overview" : "Show in Toronto",
    "genres" : [ {
      "id" : 10402,
      "name" : "Music"
    } ]
  }, {
    "id" : 361458,
    "title" : "Muse - BBC Radio 1's Big Weekend(may 23,2015)",
    "overview" : "",
    "genres" : [ ]
  }, {
    "id" : 361463,
    "title" : "VILLA MIX 10",
    "overview" : "",
    "genres" : [ ]
  }, {
    "id" : 361468,
    "title" : "Anne-Sophie Mutter - Brahms · The Violin Sonatas",
    "overview" : "",
    "genres" : [ {
      "id" : 10402,
      "name" : "Music"
    } ]
  }, {
    "id" : 361473,
    "title" : "Berlin Philharmonic - Gala Concert 2010",
    "overview" : "",
    "genres" : [ ]
  }, {
    "id" : 361478,
    "title" : "Fresh Outta High School 5",
    "overview" : "These girls are fresh out of high school, and they think that they're so cool. So what did we do? We shoved a cock in their face and told them to shut the fuck up. Mackenzee Pierce, Cassidy Essence, and Lexi Belle get fucked until their faces turn red. While Jessica Valentino and Ashlynn Brooke get put in check when their pussies get ripped and wrecked. So grab your pen and take some notes, because there's just some things you can't learn in school.",
    "genres" : [ ]
  }, {
    "id" : 361483,
    "title" : "La Noche Rota",
    "overview" : "For Paul every day are equal. At night, he meets secretly with his girlfriend Clara .",
    "genres" : [ {
      "id" : 18,
      "name" : "Drama"
    } ]
  }, {
    "id" : 361488,
    "title" : "They Only Come Out at Night",
    "overview" : "Jack Warden plays real-life Los Angeles detective John St. John in this pilot for the Jigsaw John television series. He and his Native American partner track a pervert serial killer of elderly women.",
    "genres" : [ {
      "id" : 80,
      "name" : "Crime"
    } ]
  }, {
    "id" : 361493,
    "title" : "Kirumi",
    "overview" : "Kathir, a carefree young man, becomes a police informer like his neighbour Prabhakar, and begins to get too close with inspector Soundarapandian, despite the warnings of the latter. It is only when he tries to ride on an ego clash between Soundarapandian and Mathiarasu, a rival inspector, that he realizes he's become a pawn in a dangerous game.",
    "genres" : [ {
      "id" : 53,
      "name" : "Thriller"
    }, {
      "id" : 28,
      "name" : "Action"
    }, {
      "id" : 18,
      "name" : "Drama"
    } ]
  }, {
    "id" : 361498,
    "title" : "Life of Josutty",
    "overview" : "Life of Josutty narrates the story of the struggles and life lessons learned by Josutty(Dileep), a simple farmer living in a village in Kerala who migrates to New Zeland after marriage.",
    "genres" : [ {
      "id" : 18,
      "name" : "Drama"
    } ]
  }, {
    "id" : 361503,
    "title" : "The Man Beneath",
    "overview" : "The Man Beneath (also known as Østens Søn) is a 1919 American crime drama film directed by William Worthington and produced by Sessue Hayakawa's Haworth Pictures Corporation.",
    "genres" : [ ]
  }, {
    "id" : 361508,
    "title" : "Private Gold 191: Private College Girls",
    "overview" : "Tyrannical temptress Chelsey Lanette is a classy but nasty headmistress faced with some rather challenging disciplinary issues. Using her sexual prowess she seduces and trains her male educators in the art of fucking hoping that they can control the wayward girls with promises of fat carrots AND big sticks. Amirah Adarah, Sienna Day and Tiffany Doll star as the tight young mischievous pupils destined to have their desires expelled by Chelsey’s studly teachers. When these rebellious harlots break the rules they find themselves suspended on some very thick staffs. Double penetration, rough anal sex, deep throating and, of course, vigorous pussy poundings ensure that these Private school girls learn their lesson well: That sometimes nice girls come last.",
    "genres" : [ ]
  }, {
    "id" : 361513,
    "title" : "The Making of 16 Carat Gold",
    "overview" : "An inside look into the making of one of Europe's major annual wrestling events.",
    "genres" : [ {
      "id" : 99,
      "name" : "Documentary"
    } ]
  }, {
    "id" : 361518,
    "title" : "Wasted",
    "overview" : "",
    "genres" : [ ]
  }, {
    "id" : 361523,
    "title" : "Pet Shop Boys: Discovery (Live in Rio)",
    "overview" : "\"Pet Shop Boys filmed live in Rio De Janeiro, Brazil, at the end of their 1994 Discovery tour of Singapore, Austrailia and Latin America. They perform many of their biggest hits from West End Girls to Go West, with dancers and films before a wildly enthusiastic Brazilian audience.\"  Setlist.  1.\tTonight Is Forever  2.\tI Wouldn’t Normally Do This Kind Of Thing  3.\tAlways On My Mind  4.\tDomino Dancing  5.\tTo Speak Is A Sin  6.\tOne In A Million / Mr. Vain  7.\tPaninaro  8.\tRent  9.\tSuburbia  10.\tKing’s Cross  11.\tSo Hard  12.\tLeft To My Own Devices / Rhythm Of The Night  13.\tAbsolutely Fabulous  14.\tLiberation  15.\tWest End Girls  16.\tCan You Forgive Her?  17.\tGirls And Boys  18.\tIt's A Sin / I Will Survive  19.\tGo West  20.\tGo West (Reprise)  21.\tBeing Boring",
    "genres" : [ ]
  }, {
    "id" : 361528,
    "title" : "Babyraub - Kinder fremder Mächte",
    "overview" : "",
    "genres" : [ {
      "id" : 80,
      "name" : "Crime"
    } ]
  }, {
    "id" : 361533,
    "title" : "Cut Out The Eyes",
    "overview" : "Er Housheng is a blind musician who travels Inner Mongolia with his lover/partner Liu Lanlan performing a saucy, bawdy form of musical duet comedy. Er’s female audiences are particularly enthralled with his combination of sensuality, Rabelaisian earthiness, and frankly socially subversive lyrics.",
    "genres" : [ {
      "id" : 18,
      "name" : "Drama"
    } ]
  }, {
    "id" : 361538,
    "title" : "Blood Curse II: Asmodeus Rises",
    "overview" : "Alicia Stone returns in this gore-drenched sequel. Having lost all hope, husband Jason calls on the help of Paranormal TV host Tyson to confront the demonic forces that have plagued the Stone household.",
    "genres" : [ {
      "id" : 27,
      "name" : "Horror"
    } ]
  }, {
    "id" : 361543,
    "title" : "Mula Noon Hanggang Ngayon",
    "overview" : "A Filipino romance drama film directed by Khryss Adalia.",
    "genres" : [ {
      "id" : 10749,
      "name" : "Romance"
    }, {
      "id" : 18,
      "name" : "Drama"
    } ]
  }, {
    "id" : 361548,
    "title" : "Videopoly",
    "overview" : "",
    "genres" : [ {
      "id" : 878,
      "name" : "Science Fiction"
    } ]
  }, {
    "id" : 361553,
    "title" : "Mara Clara The Movie",
    "overview" : "Almira and Susan give birth at the same time in the same hospital. Gary steals the Almira’s newborn child and switches the infant to one of his newborn twins; in revenge to Almira’s decision of rejecting his love for Amanthe’s Gary concocts the wicked plan with his friend, Kardo, a hospital staff in switching the babies. However, one of the twins dies in the process of switching and the Del Valle’s are made to believe that the stillborn child is theirs. Gary then persuades Amanthe to adopt one of his twins to spare Almira from despair and sorrow. Amanthe agrees and for a fee and Gary hands one of his twins to Amanthe. Kardo, feeling remorseful documents every detail of the event on his diary. Susan names her daughter Mara while the Del Valle’s name their child, Clara.",
    "genres" : [ {
      "id" : 18,
      "name" : "Drama"
    } ]
  }, {
    "id" : 361558,
    "title" : "Good Morning",
    "overview" : "",
    "genres" : [ ]
  }, {
    "id" : 361568,
    "title" : "Obchodníci",
    "overview" : "",
    "genres" : [ {
      "id" : 10402,
      "name" : "Music"
    }, {
      "id" : 35,
      "name" : "Comedy"
    }, {
      "id" : 10749,
      "name" : "Romance"
    } ]
  }, {
    "id" : 361573,
    "title" : "Gilgamesh",
    "overview" : "As his one and only friend, Enkidu, dies in his arms, King Gilgamesh is faced with the ultimate truth that is his own mortality.",
    "genres" : [ {
      "id" : 36,
      "name" : "History"
    }, {
      "id" : 18,
      "name" : "Drama"
    } ]
  }, {
    "id" : 361578,
    "title" : "Al Dente",
    "overview" : "A short Finnish Western film.",
    "genres" : [ {
      "id" : 35,
      "name" : "Comedy"
    }, {
      "id" : 37,
      "name" : "Western"
    } ]
  }, {
    "id" : 361583,
    "title" : "Adana İşi",
    "overview" : "",
    "genres" : [ {
      "id" : 35,
      "name" : "Comedy"
    } ]
  }, {
    "id" : 361588,
    "title" : "A Girl Like Grace",
    "overview" : "Raised by a single mother, a bullied 17 year-old girl seeks guidance from her best friend and the girl's older sister.",
    "genres" : [ {
      "id" : 18,
      "name" : "Drama"
    } ]
  }, {
    "id" : 361593,
    "title" : "What's The Love Making Babies For",
    "overview" : "Trecartin's extraordinary digital manipulations reach a new level as he speculates in vivid animation about reproduction, sexuality, and contemporary moralities. Collapsing footage appropriated from television, the Internet, and pop culture, Trecartin and his elaborately costumed collaborators manufacture an alien yet familiar reality. Inside this startling new video world, technophile gods wearing acid-washed denim argue about the future of gender and produce cryptic TV commercials. In a surreal backyard town meeting, characters deliver disjointed polemics assembled from clashing phrases that could have originated in ad campaigns, instant messaging conversations, or twisted episodes of syndicated science fiction. Constructed from the raw material of disposable media clichés and fads, Trecartin's narrative leaves us to answer the riddles he poses.  Lizzie, Brian, Nick, Alison, Ben, Lyndsay, Will, Muffy, Asher, Rhett, Kenny, Ryan. -- Electronic Arts Intermix",
    "genres" : [ ]
  }, {
    "id" : 361598,
    "title" : "The Best of the Dean Martin Celebrity Roasts",
    "overview" : "Video series spotlighting memorable moments and roasts hosted by Dean Martin. \"Dean Martin Celebrity Roasts\" were periodic specials aired in the 1970s and 1980s, which roasted (or honored) such stars as Lucille Ball, Muhammad Ali and Johnny Carson; guests then recalled comedic moments they shared. Comedian Rich Little (a regular on the \"Roast\" specials) served as pitchman for the videos in a series of TV infomercials",
    "genres" : [ ]
  }, {
    "id" : 361603,
    "title" : "A Place to Call Home",
    "overview" : "The story of the privatisation of state housing in New Zealand through the eyes of two Maori women involved in opposing housing projects.",
    "genres" : [ ]
  }, {
    "id" : 361608,
    "title" : "Boiling Pot",
    "overview" : "On a college campus in modern America, ideas that have long been neglected as \"issues of the past\" emerge as racial tensions and frictions grow between different student groups.",
    "genres" : [ {
      "id" : 36,
      "name" : "History"
    }, {
      "id" : 18,
      "name" : "Drama"
    }, {
      "id" : 80,
      "name" : "Crime"
    } ]
  }, {
    "id" : 361613,
    "title" : "Lost in Hong Kong",
    "overview" : "The film follows Xu Lai, a former artist whose dreams were dashed when the responsibilities of life set in. With his life now revolving around his wife Cai Bo who is obsessed with having children, the quirks of his eccentric family and his mediocre, ordinary existence, Xu Lai hopes to reconnect with his first love Yang YIi on an upcoming vacation. However, his hopes are dashed when he finds himself wrapped up in a murder investigation that proves truth is often stranger than fiction.",
    "genres" : [ {
      "id" : 35,
      "name" : "Comedy"
    } ]
  }, {
    "id" : 361618,
    "title" : "UFC Fight Night 75: Barnett vs. Nelson",
    "overview" : "UFC Fight Night: Barnett vs. Nelson (also known as UFC Fight Night 75) is a mixed martial arts event held on September 27, 2015 at Saitama Super Arena in Saitama, Japan. The event is headlined by a heavyweight bout between former UFC Heavyweight champion Josh Barnett and The Ultimate Fighter 10 heavyweight winner Roy Nelson. The featherweight final of Road to UFC: Japan, a new UFC reality series that was held in conjunction with the event, is featured on the card. Gegard Mousasi faced Uriah Hall and Kyoji Horiguchi fought Chico Camus.",
    "genres" : [ ]
  }, {
    "id" : 361623,
    "title" : "Wittstock statt Woodstock - Hippies in der DDR",
    "overview" : "",
    "genres" : [ {
      "id" : 99,
      "name" : "Documentary"
    } ]
  }, {
    "id" : 361638,
    "title" : "Because That Road Is Trodden",
    "overview" : "No overview.",
    "genres" : [ ]
  }, {
    "id" : 361643,
    "title" : "Then the Wind Changed",
    "overview" : "Strathewen: a lush green paradise where families built their homes to raise their children, close to nature. But at 3am one summer morning residents are woken by the trees thrashing in the hot northerly wind. \"It felt like we were in a tinderbox\". The lucky ones drive out before the firestorm spreads across the darkened countryside and the trucks start to explode.",
    "genres" : [ ]
  }, {
    "id" : 361648,
    "title" : "Coldplay - Live in Toronto",
    "overview" : "Coldplay, September 21st 2011. Live In The Lot. MuchMusic Building Toronto, Canada\r Broadcasted on FUSE HD 29 Sep 2011",
    "genres" : [ ]
  }, {
    "id" : 361653,
    "title" : "Secrets of Mexico's Drug War",
    "overview" : "Drugs, undercover stings and smuggled AK-47s – were US government enforcement agencies bound up in the business of Mexican gangs?",
    "genres" : [ {
      "id" : 99,
      "name" : "Documentary"
    } ]
  }, {
    "id" : 361658,
    "title" : "Byggare Bob - Riddarna klarar allt",
    "overview" : "",
    "genres" : [ ]
  }, {
    "id" : 361663,
    "title" : "Männer sind zum Abgewöhnen",
    "overview" : "",
    "genres" : [ {
      "id" : 35,
      "name" : "Comedy"
    }, {
      "id" : 10749,
      "name" : "Romance"
    } ]
  }, {
    "id" : 361668,
    "title" : "The Lost World of Friese-Greene",
    "overview" : "During 1924 and for the next two years, Claude Friese-Greene, filmmaker and cinematographer, embarked on an epic journey, and calling it The Open Road, which would bring the people and the lands of Great Britain together. From Land's End to Scotland's John O'Groats, and with his new and modern filming technique, that for once has the ability to film in colour. For the first time the people of England, and the world could see itself in colour. This modern-day retrospective looks back, and takes the same ride some eighty years later, reconnecting with past places and past memories. With its compare and contrast travelogue flavour, Dan Cruickshank, the British Film Institute and the BBC have revisited a journey of how we used to live and how, as a nation, have changed, since those glorious days of England's golden years. Wonderful colourful historical vision with its updated look into the past. Enchanting.",
    "genres" : [ ]
  }, {
    "id" : 361673,
    "title" : "Head Full of Dreams, Heart Full of Promises",
    "overview" : "An insightful short documentary about eight young filmmakers, just out of film school who all have a romantic outlook about Cinema but are equally aware of the challenges of the real world of film making. This little film captures these beautiful young filmmakers at their most candid selves.",
    "genres" : [ {
      "id" : 99,
      "name" : "Documentary"
    } ]
  }, {
    "id" : 361678,
    "title" : "Borealis",
    "overview" : "JONAH, an unemployed gambler, takes his estranged pot-smoking teen-aged daughter AURORA on a dangerous road trip to Churchill, Manitoba to show her the magnificent Northern Lights - before her vision disorder renders her completely blind.",
    "genres" : [ {
      "id" : 18,
      "name" : "Drama"
    }, {
      "id" : 35,
      "name" : "Comedy"
    } ]
  }, {
    "id" : 361683,
    "title" : "В гореловской роще",
    "overview" : "",
    "genres" : [ ]
  } ]
}