{
  "movies" : [ {
    "id" : 240373,
    "title" : "Main Street Today",
    "overview" : "This patriotic MGM short film, set in World War II has a factory owner who produces the breech block for a key piece of army artillery. The military wants to increase production by 50% but they can barely meet their production targets as it is. Going to a third shift in the plant will need manpower, 500 in total, that is sorely missing due to the number of men in the military. The film then looks at the town's main street seeing where the workforce might come from. Their brain storming identifies 220 men but then one of them comes up with the solution: if everyone worked just a bit harder and contributed just a bit more, the war will be won. The fictional factory found its workers, mostly women who hadn't previously worked and others who already had a full time job, but also worked part-time at the plant.",
    "genres" : [ ]
  }, {
    "id" : 240383,
    "title" : "The Don",
    "overview" : "The story is about Unnikrishnan (Dileep), who spent his entire childhood in a juvenile home for killing his uncle, the murderer of his parents. One day Unnikrishnan saves the life of a do-gooder, Kasim Baba (Lal). Unnikrishnan becomes Kasim Baba's most trusted man and later becomes the Don.",
    "genres" : [ {
      "id" : 28,
      "name" : "Action"
    }, {
      "id" : 80,
      "name" : "Crime"
    }, {
      "id" : 53,
      "name" : "Thriller"
    } ]
  }, {
    "id" : 240388,
    "title" : "The Little Witch",
    "overview" : "Olga San Juan is the singing and dancing star of a night club in a South America country,and is in love with Bob Graham, the orchestra leader and vocalist, whose wealthy parents are unaware of his club and musical activities. The parents, when told of the romance, think the girl is after the son's future inheritance. A Paramount \"Musical Parade\" short.",
    "genres" : [ ]
  }, {
    "id" : 240398,
    "title" : "Rippling Romance",
    "overview" : "Oscar nominated 1945 Short Cartoon",
    "genres" : [ ]
  }, {
    "id" : 240403,
    "title" : "Die Verhoevens",
    "overview" : "A documentary by Felix Moeller.",
    "genres" : [ {
      "id" : 99,
      "name" : "Documentary"
    } ]
  }, {
    "id" : 240408,
    "title" : "College Queen",
    "overview" : "Tom Cannon, a tap-dancer senior at State University sets out to find a College Queen for the upcoming competition. He selects Cindy Harris, a girl who is working her way through college as a waitress and can sing and dance. They win and she is named College Queen. Songs include \"I'm Learning a Lot in College\" and \"Down the Old Ox Road.\"",
    "genres" : [ ]
  }, {
    "id" : 240418,
    "title" : "Atomic Power",
    "overview" : "1946 documentary short on atomic power.",
    "genres" : [ ]
  }, {
    "id" : 240423,
    "title" : "Climbing the Matterhorn",
    "overview" : "1947 Oscar winning short film (Best Short Subject, Two-reel)",
    "genres" : [ ]
  }, {
    "id" : 240428,
    "title" : "A Voice Is Born",
    "overview" : "This Columbia short (part of their \"Two-Reel Special\" series) tells the story of the Hungarian tenor, Miklos Gafni, who learned to sing while being confined in a Nazi slave-labor/concentration camp during World War II, and who had just made a successful New York City concert-hall debut. Mr. Gafni sings \"The Return to Sorrento,\" \"Vesti la Guiba,\" and an Hungarian love song.",
    "genres" : [ ]
  }, {
    "id" : 240433,
    "title" : "Now You See It",
    "overview" : "This Pete Smith Specialty demonstrates the uses of micro- and macrophotography. We see extreme closeups of the mechanical workings of a tiny wristwatch, the surface of a cat's tongue, and several insects.",
    "genres" : [ ]
  }, {
    "id" : 240438,
    "title" : "Drei Schwedinnen auf der Reeperbahn",
    "overview" : "A comedy directed by Walter Boos.",
    "genres" : [ {
      "id" : 35,
      "name" : "Comedy"
    } ]
  }, {
    "id" : 240443,
    "title" : "Snow Capers",
    "overview" : "1948 short film nominated for an Oscar in the category \"Best Short Subject, Two-reel\".",
    "genres" : [ ]
  }, {
    "id" : 240448,
    "title" : "Cinderella Horse",
    "overview" : "Oscar nominated short film",
    "genres" : [ ]
  }, {
    "id" : 240458,
    "title" : "Chase of Death",
    "overview" : "Oscar nominated 1949 short film",
    "genres" : [ ]
  }, {
    "id" : 240463,
    "title" : "Spills and Chills",
    "overview" : "Oscar nominated short film",
    "genres" : [ ]
  }, {
    "id" : 240468,
    "title" : "Lost Girl",
    "overview" : "Ryoko (Makiko Watanabe) hides herself in a closet after a patron in her restaurant becomes ill from food poisoning &amp; she is held responsible. Her husband and co-owner Daichi (Hiroshi Yamamoto) attempts to lure her out of the closet. After a violent argument with Daichi, Ryoko seeks out old friend Yuka (Manami Tanabe) ...",
    "genres" : [ ]
  }, {
    "id" : 240473,
    "title" : "Love Till First Blood",
    "overview" : "Füge is studying at a high-school. He rarely visits his divorced parents. He establishes a successful music group with his friends. He falls in love with his class-mate, Ágota.",
    "genres" : [ ]
  }, {
    "id" : 240478,
    "title" : "Nobody's Perfect",
    "overview" : "German filmmaker Niko von Glasow embarks on a very personal project with this documentary that profiles thalidomiders: people born with malformed or missing limbs because their mothers took thalidomide for morning sickness during pregnancy.",
    "genres" : [ {
      "id" : 99,
      "name" : "Documentary"
    } ]
  }, {
    "id" : 240483,
    "title" : "Robot Overlords",
    "overview" : "Earth has been conquered by robots from another galaxy and the human survivors must stay in their homes, or risk incineration.",
    "genres" : [ {
      "id" : 12,
      "name" : "Adventure"
    }, {
      "id" : 878,
      "name" : "Science Fiction"
    }, {
      "id" : 28,
      "name" : "Action"
    } ]
  }, {
    "id" : 240488,
    "title" : "Présumé dangereux",
    "overview" : "",
    "genres" : [ {
      "id" : 53,
      "name" : "Thriller"
    }, {
      "id" : 28,
      "name" : "Action"
    } ]
  }, {
    "id" : 240493,
    "title" : "Illustrious Energy",
    "overview" : "Chan and his older mate Kim prospect for gold in 1890s Otago. Marooned until they can pay off their debts and return to China; they’ve been fruitlessly working their claim for 12 and 27 years respectively. Chan faces racism, isolation, extreme weather, threatening surveyors, opium dens and a circus romance.",
    "genres" : [ ]
  }, {
    "id" : 240528,
    "title" : "Greenland, 1932",
    "overview" : "Danish documentary filmed in Greenland. Shows a lot of Greenlanders, skiing, hunting for birds, seals and whales, and ice fishing. Filmed by Dr. Leif Folke.",
    "genres" : [ {
      "id" : 99,
      "name" : "Documentary"
    } ]
  }, {
    "id" : 240533,
    "title" : "Perumazhakkalam",
    "overview" : "The movie deals with the repercussions of the murder of Reghu Rama Iyer (Vineeth) in Saudi Arabia. Under the Shariath Law, Akbar (Dileep) is found guilty and is condemned to be beheaded for the crime committed. The judgment is revoked only if the deceased ones wife, Ganga (Kavya Madhavan), forgives the murderer, Akbar. Razia (Meera Jasmin), Akbar's wife, is caught in this agonizing situation.",
    "genres" : [ {
      "id" : 18,
      "name" : "Drama"
    } ]
  }, {
    "id" : 240543,
    "title" : "Anne Bäbi Jowäger -  Teil 2: Jakobli und Meyeli",
    "overview" : "",
    "genres" : [ {
      "id" : 18,
      "name" : "Drama"
    }, {
      "id" : 35,
      "name" : "Comedy"
    }, {
      "id" : 10749,
      "name" : "Romance"
    } ]
  }, {
    "id" : 240583,
    "title" : "Gángsters contra charros",
    "overview" : "Gangster Johnny Carmenta must confront the \"Charro of the Slums\" Pancho Domínguez, who has control over the city, but their rivalry gets worse when rumba dancer Rosa befriends both men.",
    "genres" : [ {
      "id" : 18,
      "name" : "Drama"
    } ]
  }, {
    "id" : 240598,
    "title" : "Rich Relations",
    "overview" : "A secretary finds herself being romanced by a \"ladies man\". What she doesn't know is that it's her boss who really loves her.",
    "genres" : [ ]
  }, {
    "id" : 240603,
    "title" : "Sky Liner",
    "overview" : "Travellers board a flight, unaware that other passengers might be spies and counterspies, complete with secret documents, poison and elaborate plans to engage in international espionage!",
    "genres" : [ {
      "id" : 80,
      "name" : "Crime"
    } ]
  }, {
    "id" : 240608,
    "title" : "Janitzio",
    "overview" : "First all Mexican sound film. Story is based on the ancient customs and legends of the fisherfolk as they come into conflict with the exploitation of agents sent by \"big business\" from the cities.",
    "genres" : [ {
      "id" : 18,
      "name" : "Drama"
    } ]
  }, {
    "id" : 240618,
    "title" : "The Quest",
    "overview" : "THE QUEST chronicles the beginnings of Corvette Racing at the famed Le Mans 24 Hour Endurance Race in France. Corvettes first appeared there in June of 1960.  The film re-caps that historic race and what happened to both the Corvettes and their drivers.  Following the race, all the Corvettes were lost for decades.  Collectors, restorers and enthusiasts came to recognize the historical significance of these cars, and an undercurrent of frantic searching for them was put into motion.  THE QUEST reveals a series of sub-stories that all feed into the emotional tale of a son doing what he felt compelled to do in honoring his father’s wish.  Told by many of the people directly involved, THE QUEST uses archival materials to weave a story never told in its entirety...until now.",
    "genres" : [ {
      "id" : 99,
      "name" : "Documentary"
    } ]
  }, {
    "id" : 240623,
    "title" : "Far from Poland",
    "overview" : "FAR FROM POLAND is probably the first American non-fiction film (Godmilow calls it a \"drama-tary\") to explode cinema verite's mythic claim to be the only trustworthy mode of representation for discussing the real world, and in particular, social and political issues, on film. Refused a visa to travel to Poland, \"Jillski\" (her Polish nickname in the film) has to literally re-invent the documentary to deal with the Polish situation and she does so with a particular eye to deconstructing not only documentary's specific claims to objectivity, but also the bourgeois audience's desire to sit comfortably in their seats, feel compassion, feel themselves part of the solution (not part of the problem) by having felt compassion for the poor oppressed Poles, who, Godmilow would argue, are far more acutely aware of their situation and what forces oppress them than the liberal American folk in the movie house.",
    "genres" : [ ]
  }, {
    "id" : 240628,
    "title" : "Black Wind",
    "overview" : "The building of a railroad under tough conditions from searing heat to freezing cold in the Sonora desert provokes clashes of passion and struggles between the engineers and the workers at the campsite. The workers also contend with sudden dust storms that are called the 'black wind'.",
    "genres" : [ {
      "id" : 12,
      "name" : "Adventure"
    }, {
      "id" : 18,
      "name" : "Drama"
    } ]
  }, {
    "id" : 240633,
    "title" : "Allá en el Rancho Grande",
    "overview" : "",
    "genres" : [ {
      "id" : 10402,
      "name" : "Music"
    }, {
      "id" : 18,
      "name" : "Drama"
    }, {
      "id" : 35,
      "name" : "Comedy"
    } ]
  }, {
    "id" : 240638,
    "title" : "Fantastic Animation Festival",
    "overview" : "A collection of fourteen award winning animated short films including \"Moonshadow,\" \"The Last Cartoon Man,\" \"Closed Mondays,\" and \"Cosmic Cartoon\".",
    "genres" : [ {
      "id" : 16,
      "name" : "Animation"
    } ]
  }, {
    "id" : 240643,
    "title" : "The Protector",
    "overview" : "A man of mystery with no memory is haunted by a vicious crime lord and a band of lethal assassins from a secret government agency. A \"Protector\"...from an unlikely source joins the man in the battle to save the economic world and recapture both a past and a kidnapped son.",
    "genres" : [ {
      "id" : 28,
      "name" : "Action"
    } ]
  }, {
    "id" : 240658,
    "title" : "All-Star Jazz Show: Live From The Ed Sullivan Theater",
    "overview" : "Originally broadcast on CBS April 11, 1976, under the title THE ORIGINAL ROMPIN' STOMPIN' HOT AND HEAVY, COOL AND GROOVE ALL-STAR JAZZ SHOW, this concert ran as part of the \"Lively Arts for Young People\" series. As staged at the Ed Sullivan Theater and directed by Gary Keys, it features performances by a who's-who of jazz legends who were still active at the time, including Lionel Hampton, Count Basie, Dizzy Gillespie and Stan Getz. In the process, Keys also uses such elements as narration by host Dionne Warwick, and dance performances, to follow the evolution of jazz from classic American spirituals through the styles that became en vogue in the 1970s.",
    "genres" : [ ]
  }, {
    "id" : 240673,
    "title" : "The Huggetts Abroad",
    "overview" : "Life is not going well for the Huggetts. Father has lost his job. Jimmy and his wife cannot get to South Africa where he has a new job. So the family decide that they should go to South Africa by truck. With their travelling companion they travel across the desert which includes a brush with the law.",
    "genres" : [ {
      "id" : 35,
      "name" : "Comedy"
    } ]
  }, {
    "id" : 240683,
    "title" : "My Place",
    "overview" : "An intimate 7-year journey of a family struggling to overcome past wounds of reverse migration (from Canada to Korea) begins when the director's little sister decides to be an un-wed single mom. The little sister decides to raise the child in Canada as she never felt welcome in her parent's homeland, South Korea. The lives of parents, intertwined with Korea's modern history is revealed, while family members try to come together to face the challenges of raising a new baby outside of the traditional family form. What starts out as the director's personal journey of re-discovering the lives of family members and self, evolves into broader themes of cultural differences, identity, and belonging.",
    "genres" : [ {
      "id" : 99,
      "name" : "Documentary"
    } ]
  }, {
    "id" : 240688,
    "title" : "Navy Spy",
    "overview" : "A federal agent and a female reporter team up to catch a criminal gang that has kidnapped a scientist in order to get his formula for a new type of poison gas.",
    "genres" : [ {
      "id" : 18,
      "name" : "Drama"
    }, {
      "id" : 28,
      "name" : "Action"
    }, {
      "id" : 80,
      "name" : "Crime"
    } ]
  }, {
    "id" : 240693,
    "title" : "Park Avenue Logger",
    "overview" : "Millioniare Curran, thinking his son too intellectual, sends him west to learn logging at one of his lumber camps. Unknown to his father, Grant Curan is a professional wrestler and easily able to handle the thugs that attack him at the lumber camp. This enables him to stay on the job and he soon undercovers how his father is being cheated by the local boss.",
    "genres" : [ {
      "id" : 28,
      "name" : "Action"
    }, {
      "id" : 18,
      "name" : "Drama"
    }, {
      "id" : 10749,
      "name" : "Romance"
    } ]
  }, {
    "id" : 240698,
    "title" : "Bill Cracks Down",
    "overview" : "When William Reardon, a steel magnate, dies and leaves a strange will. When his spineless and dandified heir and son returns home from living in Paris, he finds \"Tons' Walker, a strong and burly steel worker running the company, per his late-father's will request. He also finds that his father's will specifies the Junior will change his name to Bill Hall and work in the family steel mill for a year under the fake name. Walker's job is to make a man out of the son. The son is not overjoyed by this prospect. Neither is Walker.",
    "genres" : [ {
      "id" : 28,
      "name" : "Action"
    }, {
      "id" : 18,
      "name" : "Drama"
    }, {
      "id" : 10749,
      "name" : "Romance"
    } ]
  }, {
    "id" : 240708,
    "title" : "Juego de espías",
    "overview" : "",
    "genres" : [ {
      "id" : 99,
      "name" : "Documentary"
    } ]
  }, {
    "id" : 240713,
    "title" : "La adúltera",
    "overview" : "",
    "genres" : [ ]
  }, {
    "id" : 240718,
    "title" : "Absolutely Positive",
    "overview" : "16 year old Dennis is angry. His Mum is dead and he has a problem with aggression. When he falls in love it all just seems to get worse: because Dennis is HIV positive and he'll have to tell Sara if he is to win her heart.",
    "genres" : [ ]
  }, {
    "id" : 240723,
    "title" : "Coming Home for Christmas",
    "overview" : "Sisters Kate and Melanie haven’t spoken to each other in years since a hurtful scene at Melanie’s wedding. Their parents, Wendy and Al, have let the pain of their daughters’ absence drive a wedge between them, and their tensions have led to a separation. Kate is determined to reunite the entire family for Christmas, and has the perfect spot… their old family home. The only problem is there’s someone else living there now.",
    "genres" : [ {
      "id" : 10751,
      "name" : "Family"
    } ]
  }, {
    "id" : 240728,
    "title" : "Todd Rundgren - Live in San Francisco",
    "overview" : "Rock's original Renaissance man brings his vast array of musical styles to the stage in this raucous live concert at Maritime Hall in San Francisco, California. Producer extraordinaire, writer of such hits as \"I Saw the Light,\" \"Hello, It's Me\" and \"Bang the Drum All Day,\" founder of the band Utopia and general music maverick, Todd Rundgren performs many of his greatest hits and a wealth of new tunes in this video capturing his live stage show. Songs: I Hate My Frickin ISP, Yer Fast, Black and White, Number 1 Lowest Common Denominator, Open My Eyes, Trapped, Love in Action, Bang the Drum All Day, Temporary Insanity, Medley: Mystified/Broke Down and Busted, Buffalo Grass, One World, The Ikon, Hammer in My Heart, World Wide Epiphany.",
    "genres" : [ {
      "id" : 10402,
      "name" : "Music"
    } ]
  }, {
    "id" : 240733,
    "title" : "Shame the Devil",
    "overview" : "A London detective tracking a serial killer finds the killers \"truth or die\" methods take him to New York to solve the case.",
    "genres" : [ {
      "id" : 53,
      "name" : "Thriller"
    }, {
      "id" : 80,
      "name" : "Crime"
    }, {
      "id" : 9648,
      "name" : "Mystery"
    } ]
  }, {
    "id" : 240743,
    "title" : "Mario & Zelda Big Band Live DVD",
    "overview" : "The \"Mario &amp; Zelda Big Band Live\" concert was held on September 14th, 2003, at the Nihon Seinenkan Hall in Tokyo, Japan. The DVD recording of this event was bundled with the Japanese gaming magazine \"Nintendo Dream\" vol. 101. Mario &amp; Zelda Big Band Live was, as the name suggests, live performances of Mario and Zelda music arranged into jazz, Latin, country, and bluegrass. The host, Ashura Benimaru Itoh, started off the concert with an awesome guitar arrangement of the Super Mario Bros. \"main theme\" and \"underworld theme.\" The performances that followed were divided almost evenly between the Tokyo CubaBoys Jr. (The Big Band of Rogues) and Mr. Yoshihiro Arita (with his band)",
    "genres" : [ {
      "id" : 10402,
      "name" : "Music"
    } ]
  }, {
    "id" : 240748,
    "title" : "Take Back Your Power",
    "overview" : "Utility companies are racing to replace electricity, gas and water meters worldwide with new generation \"smart\" meters at an unprecedented rate. With compelling insight from insiders, researchers, government representatives, lawyers, doctors and environmentalists, Take Back Your Power investigates claimed benefits and apparent risks of this ubiquitous \"smart\" grid program. Transparency advocate Josh del Sol takes us on a journey of revelation and discovery, as we question corporate practices of surveillance, extortion and causing harm in the name of \"green\". What you discover will surprise you, unsettle you, and inspire you to challenge the status quo.",
    "genres" : [ {
      "id" : 99,
      "name" : "Documentary"
    } ]
  }, {
    "id" : 240763,
    "title" : "Triangle",
    "overview" : "A tense standoff between a wealthy young widow with a collection of world-famous art, a swindler with an eye on her collection, and a strange woman who blackmails him into including her in the con.",
    "genres" : [ ]
  }, {
    "id" : 240783,
    "title" : "Johnny Bingo",
    "overview" : "Johnny Bingo is the story of a man, no hero, no villain, just an ordinary man, who tries to fight his way out of the suffocating world of Bingo, where addiction, lust, loneliness and even love turn out to be formidable adversaries.",
    "genres" : [ {
      "id" : 18,
      "name" : "Drama"
    } ]
  }, {
    "id" : 240793,
    "title" : "Chuck E. Cheese in the Galaxy 5000",
    "overview" : "A boy named Charlie Rockit needs $50,000 to fix his aunt and uncle's tractor engine, so Chuck E. and friends go to the Galaxy 5000 to win it in a race.",
    "genres" : [ {
      "id" : 10751,
      "name" : "Family"
    }, {
      "id" : 10402,
      "name" : "Music"
    } ]
  }, {
    "id" : 240808,
    "title" : "Smokin' POV 3",
    "overview" : "Surgeon General be damned. When these girls smoke, there is one thing that they are guaranteed to get...a nice big cock into their slick warm pussies. And as for their mouths...cigarettes are not the only things that are being put in there. Hope you have your lube handy.",
    "genres" : [ ]
  }, {
    "id" : 240813,
    "title" : "Yoshido (The Other Life)",
    "overview" : "Six years ago, Yoshido directed La Vie lointaine, the adaptation of the eponymous novel of Haruki. Two days before the end of the shooting, a sudden and strange rise of fever struck the members of the crew causing the film to stop. Today, Yoshido is an old and weakened man. When he leaves the hospital, he knows he only has little time to live. During the night, after a few glasses of saké, he decides to resume the shooting of his unfinished film.",
    "genres" : [ ]
  }, {
    "id" : 240818,
    "title" : "The Journey",
    "overview" : "A Giacometti departs from a media-consumed herd to discover what lies beyond the lithographic valley.",
    "genres" : [ {
      "id" : 14,
      "name" : "Fantasy"
    }, {
      "id" : 18,
      "name" : "Drama"
    } ]
  }, {
    "id" : 240823,
    "title" : "Potugadu",
    "overview" : "Potugadu is a Telugu film directed by Pavan Wadeyar. It is a remake of the Kannada film Govindaya Namaha which was also directed by Pavan Wadeyar. It is being produced by Sirisha and Sridhar under Ramalakshmi Cine Creations banner.",
    "genres" : [ ]
  }, {
    "id" : 240833,
    "title" : "The Marriage of Convenience",
    "overview" : "Małżeństwo z rozsądku (\"Marriage of Convenience\") is a Polish musical comedy from 1966 directed by Stanisław Bareja.",
    "genres" : [ ]
  }, {
    "id" : 240838,
    "title" : "O Pontal do Paranapanema",
    "overview" : "",
    "genres" : [ {
      "id" : 99,
      "name" : "Documentary"
    } ]
  }, {
    "id" : 240858,
    "title" : "No Rio das Amazonas",
    "overview" : "",
    "genres" : [ {
      "id" : 99,
      "name" : "Documentary"
    } ]
  }, {
    "id" : 240863,
    "title" : "Laura",
    "overview" : "Laura, a sexy Brazilian immigrant, has been living in New York for 25 years. She is a regular at NY nightclubs and frequents the most exclusive parties and upscale restaurants. However, she lives in a modest boarding house in Manhattan, where she shares a bathroom with other guests who are largely illegal immigrants. The film questions the meaning of success, examines the fear of returning home, the unconscious pressure of the family she abandoned in Curitiba, and the deliberate creation of a fantasy as a means of protection.",
    "genres" : [ {
      "id" : 99,
      "name" : "Documentary"
    } ]
  }, {
    "id" : 240873,
    "title" : "Zoufalci",
    "overview" : "",
    "genres" : [ ]
  }, {
    "id" : 240883,
    "title" : "Bernard Lavilliers Escale au Grand Rex",
    "overview" : "http://www.sortiesdvd.com/film-318.html",
    "genres" : [ ]
  }, {
    "id" : 240893,
    "title" : "Shaolin Warrior",
    "overview" : "Trying to escape a criminal past, one man attempts to join the ranks of the Shaolin Warriors, but is denied. Having impressed the King with his dedication, he is hired as a temple groundskeeper. Working on the temple grounds during the day and mastering Kung Fu at night, he prepares for a second chance at becoming a warrior. His test comes sooner than expected, when his King's enemy declares war, leaving him alone to defend the temple.",
    "genres" : [ {
      "id" : 28,
      "name" : "Action"
    } ]
  }, {
    "id" : 240898,
    "title" : "Mister Moses",
    "overview" : "A con man on the run in Africa aids a minister's daughter by helping lead a local tribe to their new homeland.",
    "genres" : [ {
      "id" : 12,
      "name" : "Adventure"
    } ]
  }, {
    "id" : 240913,
    "title" : "Non-Stop",
    "overview" : "Mysterious emotional thriller about a woman who, after being left at the altar, has a brief liaison with a handsome stranger on a plane which ultimately puts her – and everyone else on the flight – in terrible danger.",
    "genres" : [ {
      "id" : 10770,
      "name" : "TV Movie"
    }, {
      "id" : 18,
      "name" : "Drama"
    }, {
      "id" : 9648,
      "name" : "Mystery"
    }, {
      "id" : 53,
      "name" : "Thriller"
    } ]
  }, {
    "id" : 240918,
    "title" : "Amazing",
    "overview" : "Relive the greatest season in the history of BYU Basketball! Watch Coach Dave Rose and his team, led by NCAA player of the year Jimmer Fredette, march to a record 32 wins and their first Sweet 16 appearance in 30 years! With exclusive interviews from the team, the coaches, legendary ESPN analyst Dick Vitale, NFL Hall of Famer Steve Young, Boston Celtics General Manager Danny Ainge, along with coverage from ESPN and the 2011 NCAA Tournament, this feature length documentary puts you court-side in the middle of the action.  This is the official, most complete and comprehensive look you'll get into a season that can only be described as AMAZING.",
    "genres" : [ {
      "id" : 99,
      "name" : "Documentary"
    } ]
  }, {
    "id" : 240923,
    "title" : "Les frères Hélias",
    "overview" : "Nico and Raphael stole a towel from Victoire, a girl who was swimming naked in a lake.",
    "genres" : [ {
      "id" : 18,
      "name" : "Drama"
    } ]
  }, {
    "id" : 240938,
    "title" : "How to Catch a Feather from the Firebird",
    "overview" : "Following king Berendey's orders, his youngest son, Ivan is sent to find the wonderful Firebird. In his search he is accompanied by his loyal friend and helper - Sery Volk, who, through his wits is always there to help his lightheaded friend. Fascinating and dangerous adventures , the executions of Ivan's cruel brothers and his fated encounter with Elena Prekrasnaia, are awaiting our heroes.  The young spectators would be absorbed by the magical world of russian tales, with their traditions and characteristical aesthetics wonderfully mixing up with modern cinema. As for the parents, they will most certainly appreciate the humor and music especially written by popular rock artists.",
    "genres" : [ {
      "id" : 16,
      "name" : "Animation"
    } ]
  }, {
    "id" : 240968,
    "title" : "The Red Detachment of Women",
    "overview" : "Adapted from the earlier film of the same title, The Red Detachment of Women is a Chinese ballet which premiered in 1964 and was one of the Eight Model Operas which dominated the national stage during the Cultural Revolution. It is best known in the West as the ballet performed for U.S. President Richard Nixon on his visit to China in February 1972.",
    "genres" : [ {
      "id" : 18,
      "name" : "Drama"
    }, {
      "id" : 10752,
      "name" : "War"
    } ]
  }, {
    "id" : 240988,
    "title" : "Democracy at Work",
    "overview" : "A clumsy local political campaign fights to avoid damage from an enigmatic Internet rumor spread about their candidate 5 days before the election.",
    "genres" : [ ]
  }, {
    "id" : 240993,
    "title" : "The Fuzzball Rally",
    "overview" : "Follow the guys behind Hot Fuzz as they tour America, immediately following their promotional tours down under and in Europe. This documentary covers the crew as they get interviewed, from a behind the scenes angle, with little to no restraint. They praise 'Little Man' and 'White Chick' without being sarcastic, act incredibly homoerotic (and that's putting it politely), visit famous film and historical sites, get taped as they urinate and play in the toilet, and generally act like buffoons as they tour their little film around theaters for nearly a month. A very thorough, oddball doc.",
    "genres" : [ {
      "id" : 99,
      "name" : "Documentary"
    } ]
  }, {
    "id" : 241008,
    "title" : "Chantage de femmes",
    "overview" : "",
    "genres" : [ ]
  }, {
    "id" : 241013,
    "title" : "Like Water Through Stone",
    "overview" : "In the Espinhaço Mountains one winter, a group of small-town Brazilian girls are experiencing the end of their youth. Impossible romances leave marks on their bodies and the surrounding landscape. Each of the friends finds her own particular way to overcome the loneliness and to live within a tangle of uncertainty.",
    "genres" : [ {
      "id" : 99,
      "name" : "Documentary"
    } ]
  }, {
    "id" : 241018,
    "title" : "The Adventures of the Son of Exploding Sausage",
    "overview" : "The Bonzo Dog Band drive into the country in a truck, unload their equipment in some woods only to find some of it taken away by some children. They eat and play at a party, and the Bonzos play a number of instrumentals in a stable yard, including 'Rockaliser Baby', 'We are Normal' and 'Quiet Walks and Summer Talks'. At the end they are driven away in a white car. Note: No words are sung. Featured alongside the Bonzo Dog Band are the children Amanda, Jennifer and Ashley Lees, Edward Roebuck, and Olivia Smith. (BFI)",
    "genres" : [ {
      "id" : 10402,
      "name" : "Music"
    }, {
      "id" : 35,
      "name" : "Comedy"
    } ]
  }, {
    "id" : 241028,
    "title" : "Joseph and the Amazing Technicolor Dreamcoat",
    "overview" : "Television version of the Andrew Lloyd Webber musical.",
    "genres" : [ {
      "id" : 10402,
      "name" : "Music"
    }, {
      "id" : 10770,
      "name" : "TV Movie"
    } ]
  }, {
    "id" : 241033,
    "title" : "Fais danser la poussière",
    "overview" : "",
    "genres" : [ {
      "id" : 18,
      "name" : "Drama"
    } ]
  }, {
    "id" : 241043,
    "title" : "Nove Mesi",
    "overview" : "",
    "genres" : [ {
      "id" : 99,
      "name" : "Documentary"
    } ]
  }, {
    "id" : 241058,
    "title" : "Lover's Knot",
    "overview" : "A pair of lovers have no idea that their affair is overseen and orchestrated by an angel sent by Cupid to see that they remain together in this romantic comedy.",
    "genres" : [ {
      "id" : 10749,
      "name" : "Romance"
    }, {
      "id" : 35,
      "name" : "Comedy"
    } ]
  }, {
    "id" : 241068,
    "title" : "Gigi, God's Little Princess: Dreaming of a Pink Christmas",
    "overview" : "Sheila Walsh reminds little girls that Jesus is the true treasure of Christmas. Gigi starts off the season with a huge wishlist of things pink and pretty, but soon realizes she hasn’t been thinking about giving gifts to other people she loves. Suddenly the whole season turns into a race to give and receive things—and that just doesn’t seem right. Thankfully Gigi’s mom and dad were kids once too, and can help their little girl remember how to keep her heart aimed at the real star of Christmas—while still enjoying all the celebrations. “I am bringing you good news. It will be a joy to all the people. Today your Savior was born in David’s town. He is Christ, the Lord.” Luke 2:10-11 (ICB)",
    "genres" : [ ]
  }, {
    "id" : 241078,
    "title" : "Behind the Mascot",
    "overview" : "Behind the Mascot will take you inside the stinky, sweaty, hundred and twenty-degree suit as we expose the exhilarating, strange and all-too-often dangerous underbelly of life as a mascot.",
    "genres" : [ ]
  }, {
    "id" : 241083,
    "title" : "Lange Beine - lange Finger",
    "overview" : "",
    "genres" : [ {
      "id" : 80,
      "name" : "Crime"
    }, {
      "id" : 35,
      "name" : "Comedy"
    } ]
  }, {
    "id" : 241088,
    "title" : "Mister Katzeklo – Helge Schneider wird 50",
    "overview" : "",
    "genres" : [ {
      "id" : 99,
      "name" : "Documentary"
    } ]
  }, {
    "id" : 241093,
    "title" : "Love Yoou Soniye",
    "overview" : "Members of rival families eventually realize they are falling in love, much to their parents' consternation.",
    "genres" : [ ]
  }, {
    "id" : 241113,
    "title" : "De Prooi",
    "overview" : "De Prooi tells the story of the rise and fall of Dutch banker Rijkman Groenink and the fall of ABN AMRO Bank. It is based on the acclaimed novel by research journalist and professor Jeroen Smit.",
    "genres" : [ ]
  }, {
    "id" : 241118,
    "title" : "Capitan Basilico",
    "overview" : "",
    "genres" : [ ]
  }, {
    "id" : 241123,
    "title" : "Bhai",
    "overview" : "Bhai (Nagarjuna) is the most skilled and trusted enforcer of a Hong Kong based Don, named David (Ashish Vidyarthi). David is heavily dependant on Bhai for his day to day operations and this is resented by David’s sons, James (Sonu Sood) and Tony (Ajay). David sends Bhai to Hyderabad, to finish off an undercover police officer who is disrupting the mafia operations in the city. Bhai begins hunting down the undercover officer and uncovers his identity. The cop is none other than Arjun (Prasanna) and Bhai decides to finish him off. At the last moment, Bhai discovers a shocking truth about Arjun and his family. He must now protect Arjun from the clutches of David and his gang. What is that truth? What does Bhai do to save Arjun? Will he succeed in his mission?",
    "genres" : [ {
      "id" : 35,
      "name" : "Comedy"
    }, {
      "id" : 28,
      "name" : "Action"
    } ]
  }, {
    "id" : 241163,
    "title" : "Odiquê?",
    "overview" : "",
    "genres" : [ ]
  }, {
    "id" : 241168,
    "title" : "Clint Eastwood: The Man from Malpaso",
    "overview" : "A look at the life and career of actor/director Clint Eastwood, including scenes from his past film and television work and interviews with friends, fellow actors and crew members who have worked with him over the years.",
    "genres" : [ {
      "id" : 99,
      "name" : "Documentary"
    } ]
  }, {
    "id" : 241183,
    "title" : "A Casa Elétrica",
    "overview" : "",
    "genres" : [ ]
  }, {
    "id" : 241188,
    "title" : "Supercollider",
    "overview" : "A scientist working on an energy project discovers his family have undergone strange changes in their personalities, while a series of natural disasters are happening across the globe. He realises that his work has accidentally pushed the planet forward in time seven seconds - and the loss of those few moments has had devastating effects on the world and the human race.",
    "genres" : [ {
      "id" : 28,
      "name" : "Action"
    }, {
      "id" : 12,
      "name" : "Adventure"
    }, {
      "id" : 18,
      "name" : "Drama"
    }, {
      "id" : 878,
      "name" : "Science Fiction"
    } ]
  }, {
    "id" : 241193,
    "title" : "Gvinis Akvani",
    "overview" : "",
    "genres" : [ {
      "id" : 99,
      "name" : "Documentary"
    } ]
  }, {
    "id" : 241198,
    "title" : "Three Day Two Night",
    "overview" : "A girl plans to break up with her boring loser boyfriend during a 3 days, 2 nights excursion in the forest.",
    "genres" : [ {
      "id" : 18,
      "name" : "Drama"
    }, {
      "id" : 10749,
      "name" : "Romance"
    } ]
  }, {
    "id" : 241208,
    "title" : "Too Many Wives",
    "overview" : "An heiress and a dog-catcher go searching for a priceless stamp.",
    "genres" : [ {
      "id" : 35,
      "name" : "Comedy"
    } ]
  }, {
    "id" : 241213,
    "title" : "A Black and White Cartoon About Roof Tiling",
    "overview" : "A grim animated short film created with paper.",
    "genres" : [ {
      "id" : 16,
      "name" : "Animation"
    }, {
      "id" : 18,
      "name" : "Drama"
    } ]
  }, {
    "id" : 241218,
    "title" : "Satan's whore",
    "overview" : "",
    "genres" : [ ]
  }, {
    "id" : 241228,
    "title" : "Yuuki",
    "overview" : "A drama about friendship that spans ages, this is based on a true story which chronicles the life of a man who died at the age of 23 after an illness that started with the partial collapse of his cranial bone, and a subsequent battle with seven types of incurable diseases.",
    "genres" : [ {
      "id" : 18,
      "name" : "Drama"
    } ]
  }, {
    "id" : 241258,
    "title" : "Incarnate",
    "overview" : "An exorcist comes up against an evil from his past when he uses his skills to enter the mind of a nine year old boy.",
    "genres" : [ {
      "id" : 27,
      "name" : "Horror"
    }, {
      "id" : 53,
      "name" : "Thriller"
    } ]
  }, {
    "id" : 241288,
    "title" : "Parachute Battalion",
    "overview" : "Director Leslie Goodwins' 1941 military drama, about various men who become buddies when they join the paratroopers, stars Robert Preston, Edmond O'Brien and Buddy Ebsen.",
    "genres" : [ {
      "id" : 18,
      "name" : "Drama"
    }, {
      "id" : 10749,
      "name" : "Romance"
    } ]
  }, {
    "id" : 241293,
    "title" : "Canterbury Tales",
    "overview" : "Adaptations of Chaucer's Tales to a modern setting.",
    "genres" : [ ]
  }, {
    "id" : 241298,
    "title" : "The Guinea Pig",
    "overview" : "A working-class boy wins a scholarship to a public school, as part of a post-World War Two experiment in bringing boys of different social classes together.",
    "genres" : [ ]
  }, {
    "id" : 241308,
    "title" : "The Hunchback of Notre Dame",
    "overview" : "TV-movie version of the Victor Hugo novel.",
    "genres" : [ ]
  } ]
}