{
  "movies" : [ {
    "id" : 315358,
    "title" : "The Freemason",
    "overview" : "A wealthy banker lies brutally murdered. The bankers daughter and only heir, Rana (Alex McKenna) calls upon Cyrus (Randy Wayne) a brilliant but eccentric freelance writer, to assist in the investigation. Teaming up with homicide detective, Leon Weed (Sean Astin), Cyrus and Leon are quickly thrust into the cryptic world of Freemasonry, pursuing a legendary relic. They begin by interviewing Grandmaster Sheldon Lombard (Richard Dutcher) and a 32nd Degree Freemason named Jericho Beck (Joseph James). As the evidence leads them to a few select members of the bankers inner circle, the duo is forced to examine elements beyond their natural senses- and must do so quickly before the killer strikes again!",
    "genres" : [ ]
  }, {
    "id" : 315363,
    "title" : "Billy Joel - The Ultimate Collection",
    "overview" : "With over 100 million albums sold in the course of a career now in its fourth decade, Billy Joel is one of the most beloved entertainers in the world. Now, for the first time on DVD, a comprehensive selection of Billy's innovative, visually compelling music videos have been brought together for The Ultimate Collection. A stunning group of videos and special live performances spanning the entire career of this Rock &amp; Roll Hall Of Fame honouree. The Ultimate Collection showcases the thoughtful lyrics and musical sophistication that make Billy Joel a legend of American music. Whether you're a long-time Billy Joel fan or looking for an introduction to the man and his work, The Ultimate Collection is a great addition to your DVD library. Bonus tracks include the MTV favourite \"She's Right On Time\" and a rare early promotional video of \"James\", both previously unavailable on home video.",
    "genres" : [ {
      "id" : 10402,
      "name" : "Music"
    } ]
  }, {
    "id" : 315368,
    "title" : "The Last One",
    "overview" : "A documentary uncovering the birth of The AIDS Memorial Quilt, which became a galvanizing force against bigotry and a flag in the fight for a cure. This moving story explores the quest to sew on the last panel, representing the final death and an end to the disease. Features archival footage, vérité scenes and interviews with the quilt makers and activists.",
    "genres" : [ ]
  }, {
    "id" : 315373,
    "title" : "Eine öffentliche Affäre",
    "overview" : "",
    "genres" : [ {
      "id" : 80,
      "name" : "Crime"
    } ]
  }, {
    "id" : 315378,
    "title" : "Looney Tunes: Best Of Daffy And Porky",
    "overview" : "They’re the ultimate animated odd couple. Together they starred in numerous timeless cartoon shorts highlighting the combination of their hilariously opposite personalities. Over the course of their remarkable careers, Daffy’s impulsive goofball tendencies would become ever more pronounced, while the endearing, stuttering Porky became more of a thinker than a mallet-wielding doer.",
    "genres" : [ ]
  }, {
    "id" : 315383,
    "title" : "Reifende Jugend",
    "overview" : "",
    "genres" : [ {
      "id" : 18,
      "name" : "Drama"
    } ]
  }, {
    "id" : 315388,
    "title" : "Jabes",
    "overview" : "",
    "genres" : [ {
      "id" : 18,
      "name" : "Drama"
    } ]
  }, {
    "id" : 315393,
    "title" : "Mandelson: The Real PM?",
    "overview" : "Documentary following Peter Mandelson in the run-up to the 2010 general election. Hannah Rothschild's film shows Mandelson at his ministry, masterminding the election campaign and dealing with colleagues such as Gordon Brown and Alastair Campbell. With unprecedented access to key events and conversations, this is a fascinating behind-the-scenes exploration of British politics. (Storyville)",
    "genres" : [ {
      "id" : 99,
      "name" : "Documentary"
    } ]
  }, {
    "id" : 315398,
    "title" : "Stanley Donen: You Just Do It",
    "overview" : "Story of a director Stanley Donen, king of Hollywood musicals and man behind such classics as \"Singin' in the Rain\".",
    "genres" : [ {
      "id" : 99,
      "name" : "Documentary"
    } ]
  }, {
    "id" : 315403,
    "title" : "Anal Cuties",
    "overview" : "AVN award winning best new studio, Hard X, is proud to announce \"Anal Cuties\" an assemblage of adorably cute and insatiable young stars features in intense hardcore anal. Featuring Dakota Skye in her second anal scene, Jodi Taylor, Chloe Foster, and Carter Cruise. \"Anal Cuties\" is shot in 1080p and directed by the award winning Mason.",
    "genres" : [ ]
  }, {
    "id" : 315408,
    "title" : "Bao",
    "overview" : "Bao and his sister are taking the train like every day. It's always a fabulous adventure for them. But this time, everything will be different.",
    "genres" : [ ]
  }, {
    "id" : 315413,
    "title" : "Basta con la guerra... facciamo l'amore",
    "overview" : "A comedy directed by Andrea Bianchi.",
    "genres" : [ {
      "id" : 35,
      "name" : "Comedy"
    } ]
  }, {
    "id" : 315418,
    "title" : "Not Only Mrs. Raut",
    "overview" : "Mrs. Vidya Raut murders her boss Karkhanis near Juhu Beach and surrenders herself to the police. She also submits the bloody dagger, weapon of murder. Swati Dandavate, a budding scholar advocate decides to fight her case. Her initial meetings with Mrs. Raut go waste as she keeps confessing her crime and is ready for the punishment. Convinced that something is hidden, Swati decides to find it out. Swati's husband Aditya, who is also an advocate, is now public prosecutor in this case. His elder brother and he try to convince Swati to drop the case which she would obviously lose. But standing against her family, Swati decides to dig out truth and defend Mrs. Raut.",
    "genres" : [ ]
  }, {
    "id" : 315423,
    "title" : "The Click: The Body Beautiful",
    "overview" : "The \"Body Beautiful\" Gym is ongoing some cash flow problems. In order to prevent it from going broke, and losing their jobs, two employees plan to use the \"click\" device (if you haven't seen any other episode in this series: some sort of remote control that \"turns on\" the one who is pointed at) to make things a little bit hotter, to promote the place.",
    "genres" : [ ]
  }, {
    "id" : 315428,
    "title" : "The Treasure of Count Chamaré",
    "overview" : "",
    "genres" : [ {
      "id" : 18,
      "name" : "Drama"
    } ]
  }, {
    "id" : 315433,
    "title" : "The Click 5: Rod Steele 0014",
    "overview" : "Secret Agent Rod Steele 0014 accidentally ends up with a device that increases sex drives and leads to many soft core sex scenes. A James Bond 007 parody.",
    "genres" : [ ]
  }, {
    "id" : 315443,
    "title" : "Jamaican Mafia",
    "overview" : "Jamaican Gangsters",
    "genres" : [ {
      "id" : 80,
      "name" : "Crime"
    }, {
      "id" : 28,
      "name" : "Action"
    } ]
  }, {
    "id" : 315448,
    "title" : "Masca de argint",
    "overview" : "Margelatu has to clear his name.",
    "genres" : [ {
      "id" : 12,
      "name" : "Adventure"
    } ]
  }, {
    "id" : 315453,
    "title" : "Six Feet High",
    "overview" : "Oraalppokkam [Six feet high] is a people funded independent Malayalam movie. This road movie has been shot in the tough terrains of Himalayas.",
    "genres" : [ {
      "id" : 12,
      "name" : "Adventure"
    }, {
      "id" : 10749,
      "name" : "Romance"
    } ]
  }, {
    "id" : 315458,
    "title" : "Wake Up Baby",
    "overview" : "People on Earth are sleeping, only few people awake!  Only those awake know the real answer. The story is about a boy that has an annoying life which include a series of hardships brought about by his position in life, and his attempts to remedy this.",
    "genres" : [ {
      "id" : 18,
      "name" : "Drama"
    }, {
      "id" : 35,
      "name" : "Comedy"
    } ]
  }, {
    "id" : 315463,
    "title" : "WBO Welterweight Manny Pacquiao Vs Miguel Cotto",
    "overview" : "Manny Pacquiao vs. Miguel Cotto, billed as Firepower, was a boxing match for the WBO welterweight championship. The bout was held on November 14, 2009, at the MGM Grand Garden Arena, in Las Vegas, Nevada, United States.",
    "genres" : [ ]
  }, {
    "id" : 315468,
    "title" : "HBO Boxing Klitschko vs Haye",
    "overview" : "Wladimir Klitschko vs. David Haye was a heavyweight unification fight for the WBA (Super), WBO, IBF, IBO and The Ring heavyweight titles. The fight took place in Imtech Arena, Altona, Hamburg, Germany on July 2, 2011.",
    "genres" : [ ]
  }, {
    "id" : 315473,
    "title" : "Caso cerrado",
    "overview" : "",
    "genres" : [ {
      "id" : 18,
      "name" : "Drama"
    } ]
  }, {
    "id" : 315478,
    "title" : "Tutob",
    "overview" : "Director: Kissza Mari Campano  Writers: Kissza Mari Campano (story), Ron Christian Cagula (story), Kissza Mari Campano (screenplay), and John Stephen Malapote (screenplay)",
    "genres" : [ ]
  }, {
    "id" : 315483,
    "title" : "The Bouncer",
    "overview" : "The Bouncer tells the story of Danny Martin a reluctant one man fighting machine tasked with cleaning up the roughest night spot in town without getting himself killed in the process.",
    "genres" : [ ]
  }, {
    "id" : 315488,
    "title" : "Timothy Wright: Live in New York",
    "overview" : "Gospel singer Timothy Wright performs his inspiring music live in New York. Featured tracks include \"United We Stand,\" \"There's A Blessing\" (featuring Dottie Peoples), \"We Will Wait,\" \"Due Time,\" \"Grateful,\" \"Holy Spirit, Have Your Way,\" \"For the Rest of My Life (I'll Serve Him),\" \"My Desire,\" \"I Know a Man\" and many more. Also includes rehearsal footage and interviews.",
    "genres" : [ ]
  }, {
    "id" : 315493,
    "title" : "Warren",
    "overview" : "After giving up on making it in the Chicago improv scene, a young comedian fatefully reconnects with the former love of his life one fall night while working at a coffee shop in his hometown. Afraid of growing old and alone like his divorced father, Warren must choose between winning her back or finding the courage to go after his dreams a second time.",
    "genres" : [ {
      "id" : 10749,
      "name" : "Romance"
    }, {
      "id" : 35,
      "name" : "Comedy"
    }, {
      "id" : 18,
      "name" : "Drama"
    } ]
  }, {
    "id" : 315498,
    "title" : "The Jade Badger",
    "overview" : "A marriage between nobles in Ancient China sets the stage for murder,  monsters, and mutilation as the invited guests search for a secret hidden treasure.  A search that leads them through dark evil forests, opulent  palaces, and each other! When two sick and twisted killers enter the fray  it is up to our hat wearing hero to straighten things out and put the  warlords, henchmen, and evil ninja six feet under! But is he working for  the law, or himself?",
    "genres" : [ ]
  }, {
    "id" : 315503,
    "title" : "Nothing Really Happened",
    "overview" : "An overprotective mother plagues her daughter out of guilt over unintentionally scarring her daughter's cheek.",
    "genres" : [ ]
  }, {
    "id" : 315508,
    "title" : "Scooby-Doo's Creepiest Capers",
    "overview" : "Join the spook-busting, case-cracking, snack-munching fun as Scooby-Doo and the Mystery, Inc. gang gear up for four of their most frightening adventures ever!  Traveling the globe on their ongoing quest to trip up crooks (and chow down on munchies), Scooby-Doo, Shaggy, Daphne, Fred and Velma tangle with a supernatural assortment of eerie adversaries. Facing multiple monsters, ghouls galore and gobs of ghosts, our top-dog detective and those \"meddling kids\" will stop at nothing to get their ghoul as they confort SCOOBY-DOO'S CREEPIEST CAPERS!",
    "genres" : [ {
      "id" : 16,
      "name" : "Animation"
    }, {
      "id" : 10751,
      "name" : "Family"
    } ]
  }, {
    "id" : 315513,
    "title" : "In Search of Santa Claus",
    "overview" : "This chronicle of the life of St. Nicholas illuminates his transformation from holy man to the ultimate symbol of Christmas cheer.",
    "genres" : [ {
      "id" : 99,
      "name" : "Documentary"
    } ]
  }, {
    "id" : 315518,
    "title" : "Zatracení",
    "overview" : "",
    "genres" : [ ]
  }, {
    "id" : 315523,
    "title" : "Last Scene",
    "overview" : "Ambitious first-time film director is having trouble eliciting a good and believable performance out of his lovely, but inexperienced lead actress. He decides to use unorthodox methods to coax more credible and effective acting for the crucial final scene of the horror movie they're working on together.",
    "genres" : [ {
      "id" : 35,
      "name" : "Comedy"
    }, {
      "id" : 80,
      "name" : "Crime"
    }, {
      "id" : 53,
      "name" : "Thriller"
    } ]
  }, {
    "id" : 315528,
    "title" : "Fermilab: Science at Work",
    "overview" : "Six days. Three frontiers. One amazing lab. From 2010 to 2012, a film crew followed a group of scientists at the Department of Energy's Fermilab and filmed them at work and at home. This 40-minute documentary shows the diversity of the people, research and work at Fermilab. Viewers catch a true behind-the-scenes look of the United States' premier particle physics laboratory while scientists explain why their research is important to them and the world.  Scientists included: Brendan Casey, Herman White, Craig Hogan, Denton Morris, Mary Convery, Bonnie Fleming, Deborah Harris, Dave Schmitz, Brenna Flaugher and Aron Soha.",
    "genres" : [ {
      "id" : 99,
      "name" : "Documentary"
    } ]
  }, {
    "id" : 315533,
    "title" : "City",
    "overview" : "1964, Autumn in Chicago. This was my 4th film, shot while waiting to go to prison for refusing to serve in the US military. Silent. B&W. I think it captures the sense of depression, of loneliness within the city. Looking back it seems almost archaic, Chicago as some kind of East Bloc country in Soviet times.",
    "genres" : [ {
      "id" : 99,
      "name" : "Documentary"
    } ]
  }, {
    "id" : 315538,
    "title" : "The Sultan of Love",
    "overview" : "An French orientalist fairy tale starring France Dhélia, Gaston Modot, Sylvio De Pedrelli and Marcel Lévesque.",
    "genres" : [ {
      "id" : 12,
      "name" : "Adventure"
    }, {
      "id" : 18,
      "name" : "Drama"
    } ]
  }, {
    "id" : 315543,
    "title" : "A Trip Down Memory Lane",
    "overview" : "A man struggles with his past relationship, and decides to go to the park to let go of his troubles.",
    "genres" : [ ]
  }, {
    "id" : 315548,
    "title" : "El Verano Siguiente",
    "overview" : "",
    "genres" : [ {
      "id" : 99,
      "name" : "Documentary"
    } ]
  }, {
    "id" : 315553,
    "title" : "The Song of Stone",
    "overview" : "While extracting and polishing their blocks of stone, stonecutters used to say “the stone is coming to life\". This paradox provided Matsumoto with the best metaphor for what making a film is all about. In his opinion, filmmakers work images in the same way that stonecutters work stones.",
    "genres" : [ {
      "id" : 99,
      "name" : "Documentary"
    } ]
  }, {
    "id" : 315558,
    "title" : "Две луны три Солнца",
    "overview" : "",
    "genres" : [ ]
  }, {
    "id" : 315563,
    "title" : "No Te Va Gustar - El Verano Siguiente (Show en Costanera Sur)",
    "overview" : "",
    "genres" : [ ]
  }, {
    "id" : 315568,
    "title" : "Pride FC 33 The Second Coming",
    "overview" : "Pride 33: The Second Coming was a mixed martial arts event held by Pride Fighting Championships on February 24, 2007 at the Thomas &amp; Mack Center in Las Vegas, Nevada.",
    "genres" : [ ]
  }, {
    "id" : 315573,
    "title" : "The Fighting Parson",
    "overview" : "Harry is mistaken for \"The Fighting Parson\" in a tough western town.",
    "genres" : [ {
      "id" : 35,
      "name" : "Comedy"
    } ]
  }, {
    "id" : 315578,
    "title" : "Bianong Bulag-The One Eyed Terror of Cavite",
    "overview" : "The Story of a blind young man gets hold of an amulet that makes him a deadly sharpshooter a special power he uses to help those in need",
    "genres" : [ {
      "id" : 18,
      "name" : "Drama"
    }, {
      "id" : 28,
      "name" : "Action"
    } ]
  }, {
    "id" : 315583,
    "title" : "Chelsea FC - Season Review 2004/05",
    "overview" : "Features all the games, goals and glory from Chelsea's incredibly successful 2004/05 Premiership campaign in which they were crowned Champions for the first time since 1955. The programme includes exclusive interviews with players, the manager and an insight into the season on and off the pitch.",
    "genres" : [ {
      "id" : 99,
      "name" : "Documentary"
    } ]
  }, {
    "id" : 315588,
    "title" : "Dreamgirls",
    "overview" : "Parallel love stories of three young women in Berlin: Hannah - an unhappy attorney who sexually demeans herself in order to get at least some love and romance, Leni who runs a coffee shop and has just been ditched by her long term boyfriend, and Vivienne who ends up falling in love with a puppy-eyed pasta designer with 21 dogs.",
    "genres" : [ {
      "id" : 35,
      "name" : "Comedy"
    } ]
  }, {
    "id" : 315593,
    "title" : "Мудаки.Арабески",
    "overview" : "",
    "genres" : [ ]
  }, {
    "id" : 315598,
    "title" : "Chelsea FC - Season Review 2013/14",
    "overview" : "Back at the club he loves and back with the fans who love him. Jose Mourinho returned to provide a captivating season from beginning to the very end. Every goal from every game of Chelsea Football Club s 2013/14 season.",
    "genres" : [ {
      "id" : 99,
      "name" : "Documentary"
    } ]
  }, {
    "id" : 315603,
    "title" : "L'étrange Petite enquete de l'inspecteur Lenoir",
    "overview" : "The shortest thriller of the world in less than 5mn.Découvrez the plot of this revival thrillers of the 40s / The Black 50.L'inspectur it will stop you plush killer?",
    "genres" : [ ]
  }, {
    "id" : 315608,
    "title" : "All About Garbage and Recycling - All About Trucks",
    "overview" : "Join Backpack Jack and his friends as they dive into the big stinky and amazing story of garbage. Then take a road trip in a big old 18-wheeler and see what it's like to sleep in the cab hook up the trailer and even talk to other truckers on the CB radio! Scoop up big snow drifts in a snow plow.",
    "genres" : [ {
      "id" : 99,
      "name" : "Documentary"
    } ]
  }, {
    "id" : 315613,
    "title" : "Märtyrer Doku - Blick Hinter Die Kulissen",
    "overview" : "",
    "genres" : [ ]
  }, {
    "id" : 315618,
    "title" : "Incident at Midnight",
    "overview" : "In a late night chemist a shot bank robber has been taken for treatment, and to rendezvous with the gang leader.",
    "genres" : [ {
      "id" : 80,
      "name" : "Crime"
    } ]
  }, {
    "id" : 315623,
    "title" : "Doctor Who: The Doctor, the Widow and the Wardrobe",
    "overview" : "It's Christmas Eve, 1938, when Madge Arwell comes to the aid of an injured Spaceman Angel as she cycles home. He promises to repay her kindness - all she has to do is make a wish. Three years later, a devastated Madge escapes war-torn London with her two children for a dilapidated house in Dorset. She is crippled with grief at the news her husband has been lost over the channel, but determined to give Lily and Cyril the best Christmas ever. The Arwells are surprised to be greeted by a madcap caretaker whose mysterious Christmas gift leads them into a magical wintry world. Here, Madge will learn how to be braver than she ever thought possible. And that wishes can come true...  - Written by BBC Publicity",
    "genres" : [ ]
  }, {
    "id" : 315628,
    "title" : "Arresting Power: Resisting Police Violence in Portland, Oregon",
    "overview" : "Media artists and social activists Jodi Darby, Julie Perini, and Erin Yanke’s film speaks to the history of police violence in our society, providing a framework for understanding the systems of social control in Portland and its history of exclusion laws, racial profiling, redlining, and gentrification practices. Through conversations with community leaders that include Walidah Imarisha, author of the “Oregon Black History Timeline,” JoAnn Hardesty, and Rev. LeRoy Haynes of the Albina Ministerial Alliance Coalition for Justice &amp; Police Reform, Dan Handelman of Portland Copwatch, and Kent Ford, founder of the Portland Chapter of the Black Panther Party, the filmmakers explore alternatives to current policing practices and consider strategies for community safety that do not employ constant surveillance and unneeded violence.",
    "genres" : [ {
      "id" : 99,
      "name" : "Documentary"
    } ]
  }, {
    "id" : 315633,
    "title" : "The King of the Duplicators",
    "overview" : "This MGM short film highlights the work of master make-up artist William Tuttle. As the head of MGM's make-up department, Bill Tuttle has been involved in many of MGM's best known productions. He shows how they make masks of actors' faces that allows them to work on make-up, particularly prostheses or appliances, without the actor having to spend hours in the make-up room.",
    "genres" : [ {
      "id" : 99,
      "name" : "Documentary"
    } ]
  }, {
    "id" : 315638,
    "title" : "The Perfect Crime",
    "overview" : "In this short National Safety Council film, the perfect crime is presented as excess speed. Accidents at high speed often results in deaths and are rarely investigated like the robbery of a corner grocery shown at the beginning of the film. The film ends with a plea to support the costs of new modern roads.",
    "genres" : [ {
      "id" : 18,
      "name" : "Drama"
    }, {
      "id" : 99,
      "name" : "Documentary"
    } ]
  }, {
    "id" : 315648,
    "title" : "Guerra de Cholos",
    "overview" : "",
    "genres" : [ ]
  }, {
    "id" : 315653,
    "title" : "Bloody Serial Killer",
    "overview" : "",
    "genres" : [ ]
  }, {
    "id" : 315658,
    "title" : "Das rote Tuch",
    "overview" : "",
    "genres" : [ {
      "id" : 35,
      "name" : "Comedy"
    } ]
  }, {
    "id" : 315663,
    "title" : "Ave Maria",
    "overview" : "Ave Maria was the second film-starring vehicle for legendary operatic tenor Beniamino Gigli. Mourning the loss of the only woman he ever loved, concert singer Tino Dossi (Gigli) is temporarily shaken from his doldrums by vivacious Montmartre entertainer Claudette (Kaethe Von Nagy). Dossi doesn't realize that Claudette is merely using him to advance her own singing career. Ultimately won over by Dossi's sincerity and courtesy, Claudette falls in love with him for real, only to suffer the pangs of conscience as a result. About to kill herself, she decides instead to return to Dossi's arms, vowing never to confess her original mercenary intentions.",
    "genres" : [ ]
  }, {
    "id" : 315668,
    "title" : "The Crockett Craze",
    "overview" : "“The Davy Crockett Craze” (19:05) has Leonard Maltin interviewing author Paul F. Anderson (whose book has the same title as this featurette). Anderson spends most of the time explaining Davy’s place in history, and hearing his well-put view points is rather enjoyable. This is basically just a video of the two men talking, but it’s peppered with archival footage and photos.",
    "genres" : [ ]
  }, {
    "id" : 315678,
    "title" : "Alice's Cartoon World: An Interview with Virginia Davis",
    "overview" : "This featurette is available on the 'Walt Disney Treasures: Disney Rarities' DVD.",
    "genres" : [ ]
  }, {
    "id" : 315683,
    "title" : "Katy Pervy: The XXX Parody",
    "overview" : "Pop sensation Katy Pervy knows what sells her music: sex! Well, that and a sexy voice that could only get that way via daily deep throat vocal exercises. So, Katy Pervy goes on a XXX adventure, from her cleavage filled appearance with everybody's favourite red puppet, Elmar, to kissing a girl and liking it so much that it evolves into a hot &amp; heavy lesbian party!  Featuring parodies of all of Katy Pervy's famous horny friends, Ka$$a, Rihandjob, Lady Gagger, Snoop Dong, and Russell Gland, as they fuck their way up the charts!",
    "genres" : [ ]
  }, {
    "id" : 315688,
    "title" : "God Forgive Us",
    "overview" : "God Forgive Us is the dramatic collision of four strangers struggling through drug addiction, existential suicide, terminal illness and death. Portraying various aspects of life and Western society, God Forgive Us chronicles the utter hopelessness that all humans experience regardless of class or social status.",
    "genres" : [ {
      "id" : 18,
      "name" : "Drama"
    } ]
  }, {
    "id" : 315693,
    "title" : "English Only, Please",
    "overview" : "A Filipino-American man hires a translator to help translate a letter he wrote for the woman that broke his heart.",
    "genres" : [ {
      "id" : 35,
      "name" : "Comedy"
    }, {
      "id" : 10749,
      "name" : "Romance"
    } ]
  }, {
    "id" : 315698,
    "title" : "Twelfth Night",
    "overview" : "People who live on farms in seclusion far away from any civilization go to see a performance of Shakespeares Twelfth Night by the Universitas Ensemble.",
    "genres" : [ ]
  }, {
    "id" : 315703,
    "title" : "Expertos en Tetología",
    "overview" : "",
    "genres" : [ {
      "id" : 35,
      "name" : "Comedy"
    } ]
  }, {
    "id" : 315708,
    "title" : "Martins Feuer",
    "overview" : "Animated crime movie directed by Bruno Sukrow.",
    "genres" : [ {
      "id" : 80,
      "name" : "Crime"
    }, {
      "id" : 16,
      "name" : "Animation"
    }, {
      "id" : 27,
      "name" : "Horror"
    } ]
  }, {
    "id" : 315713,
    "title" : "Gen Silent",
    "overview" : "LGBT people who fought the earliest battles for equality now face so much fear about discrimination, or worse, in health care/long-term care that they hide their past lives, are afraid to ask for help, and die earlier. But, a small group of professionals is trying to change that.",
    "genres" : [ ]
  }, {
    "id" : 315718,
    "title" : "Abierto día y noche",
    "overview" : "",
    "genres" : [ {
      "id" : 35,
      "name" : "Comedy"
    } ]
  }, {
    "id" : 315723,
    "title" : "The Nostalgist",
    "overview" : "In the futuristic city of Vanille, with properly tuned ImmerSyst Eyes &amp; Ears the world can look and sound like a paradise. But the life of a father and his young son threatens to disintegrate when the father's device begins to fail. Desperate to avoid facing his own traumatic reality, the man must venture outside to find a replacement, into a city where violence and danger lurk beneath a skim of beautiful illusion.",
    "genres" : [ {
      "id" : 28,
      "name" : "Action"
    }, {
      "id" : 12,
      "name" : "Adventure"
    }, {
      "id" : 14,
      "name" : "Fantasy"
    }, {
      "id" : 878,
      "name" : "Science Fiction"
    } ]
  }, {
    "id" : 315728,
    "title" : "Celo",
    "overview" : "",
    "genres" : [ {
      "id" : 9648,
      "name" : "Mystery"
    } ]
  }, {
    "id" : 315733,
    "title" : "The Big Kick",
    "overview" : "Revenuers have been chasing a gang of bootleggers for years. They're hot on the trail near a gas station operated by Harry, a seemingly slow witted fellow with a cheery and spunky girlfriend. A shootout between treasury agents and the gang - they transport the hooch in manikins seated in a touring car - takes place in front of Harry's filling station. While Harry's gal stays outside, Harry carries the liquor-filled dummies into the station. Will there be a reward for the heroics of Harry and his honey?",
    "genres" : [ {
      "id" : 35,
      "name" : "Comedy"
    } ]
  }, {
    "id" : 315738,
    "title" : "Smiling Addiction",
    "overview" : "A short film about the pursuit of happiness...and self medication.",
    "genres" : [ ]
  }, {
    "id" : 315743,
    "title" : "Willi wills wissen - Von A bis Z",
    "overview" : "",
    "genres" : [ {
      "id" : 99,
      "name" : "Documentary"
    } ]
  }, {
    "id" : 315748,
    "title" : "Junkie Junior",
    "overview" : "Junior Rios started using heroin when he was 15. Now 29 and the father of three children, Junior's habit costs $200 a day. When he isn't getting high, he is climbing over rooftops and through the burned-out buildings of the South Bronx, stealing what other thieves have overlooked to keep his habit going. His meager diet consists of coffee-soaked bread.",
    "genres" : [ {
      "id" : 99,
      "name" : "Documentary"
    } ]
  }, {
    "id" : 315753,
    "title" : "Ein Mädchen von heute",
    "overview" : "",
    "genres" : [ {
      "id" : 18,
      "name" : "Drama"
    } ]
  }, {
    "id" : 315758,
    "title" : "Schattengrenze",
    "overview" : "",
    "genres" : [ {
      "id" : 18,
      "name" : "Drama"
    } ]
  }, {
    "id" : 315763,
    "title" : "Dr. Knock",
    "overview" : "",
    "genres" : [ {
      "id" : 35,
      "name" : "Comedy"
    } ]
  }, {
    "id" : 315768,
    "title" : "Legacy Fighting Championship 16",
    "overview" : "Legacy Fighting Championship returned to the Dallas/Fort Worth area on December 14 and brought another night of exciting MMA action. Headlining the card was the much awaited title bout to crown the new Legacy Flyweight Champion, with Jimmy Flick vs Will Campuzano; in addition, several of the top talent in the DFW area also fought inside the Legacy cage.  The full card included:  125 (Flyweight Title) - Will Campuzano vs. Jimmy Flick  145 – Matt Hobar vs. Steven Peterson  145 – Rey Trujillo vs. Chas Skelly  135 – Joseph Sandoval vs. Ryan Benoit  135 – Nelson Salas vs. Eli Tamez  170 – Charles Byrd vs. Derrick Krantz  145 – Quaint Kempf vs. Darrion Caldwell  135 – Klayton Mai vs. Alex Russ  170 – Russell Brewer vs. Aaron Culpepper  185 – Bobby Moore vs. Evan Thompson  120 – Lisa Lamb vs. Amber Stautzenberger  145 – Sidney Cawdrey vs. Joseph Salas  205 – Alex Madrid vs. Alfredo Leija",
    "genres" : [ ]
  }, {
    "id" : 315778,
    "title" : "Alexandra Beres - 200%",
    "overview" : "After a short warm-up dance and music are the calves, thighs, buttocks, hips, shoulders, arms, chest, abs exercises, and a well-deserved six-minute professional services. Hard, but not exaggerated, from head to toe shape.",
    "genres" : [ ]
  }, {
    "id" : 315783,
    "title" : "Alexandra Beres - Vitality",
    "overview" : "\"The fitness room day my guests in my classes and as them, I myself also appreciating the change. I notice that even if certain parts of the body a little bit left behind, or do not develop sufficiently rapidly. In this case until I change until the training plan reaches a sufficient effect .  This movement is based on material quintessential fat burning ground. The main focus of the most desired body shape invested parts: the thigh, abdomen, his bottom, around the waist, but a little back and spine as well. Will need a small dumbbell and towel, and then you go to bed. Bring It On! You can do it! \"",
    "genres" : [ ]
  }, {
    "id" : 315788,
    "title" : "Christian Tissier - Aikido progression",
    "overview" : "An emblematic figure of the French Aikido internationally recognized character; Christian Tissier. With is great abilities, he  gained the recognition of the great Moriteru Ueshiba Doshu of Aikido, who allowed him to become his training partner during the eight years of his stay in Japan.  Today leader of the French Federation of Aikido (FFAAA), he always works to promote Aikido, among others, through many stages around the world.  This film presents, without a formal program, the most logical progression to climb all levels from beginner to the confirmed practitioner of Aikido.",
    "genres" : [ {
      "id" : 99,
      "name" : "Documentary"
    } ]
  }, {
    "id" : 315798,
    "title" : "Non più di uno",
    "overview" : "",
    "genres" : [ ]
  }, {
    "id" : 315803,
    "title" : "Carike in Kinderland 2",
    "overview" : "",
    "genres" : [ ]
  }, {
    "id" : 315808,
    "title" : "Lost & Found Video Night Vol. 10",
    "overview" : "This landmark edition is filled with insane public access footage, strange Third World musical moments, vintage TV commercials from the 50’s, 60’s &amp; even the 1980’s, advice on how to treat an elderly person when you are dressed like a circus clown, classic exploitation trailers, classic live TV news screw ups, Fred Travalena in black face, Ronald Reagan selling soap, Iron Maiden encouraging people to buckle up, even helpful advice on how to avoid a surprise samurai sword attack!  Plus you get David Bowie performing on Soul Train, Ike &amp; Tina Turner live, Serge Gainsbourg on French television, Blondie, Stevie Wonder, and a whole lot more!",
    "genres" : [ ]
  }, {
    "id" : 315813,
    "title" : "Carike en Ghoempie in Kinderland 5",
    "overview" : "",
    "genres" : [ ]
  }, {
    "id" : 315818,
    "title" : "Carike en Ghoempie kuier saam met Ghoeghoe in Kinderland 6",
    "overview" : "",
    "genres" : [ ]
  }, {
    "id" : 315823,
    "title" : "Super Electromagnetic Machine Voltes V",
    "overview" : "Chōdenji Machine Voltes V (超電磁マシーン ボルテスＶ Chōdenji Mashīn Borutesu Faibu?, Super Electromagnetic Machine Voltes Five) more popularly known as Voltes V, is a Japanese anime television series that was first aired on TV Asahi starting June 4, 1977. It was created by Saburo Yatsude (a pseudonym referring to a committee within Toei Company) and directed by Tadao Nagahama. Voltes V is the second part of the Robot Romance Trilogy of the Super Robot genre which includes Chōdenji Robo Combattler V and Tōshō Daimos. Like Combattler V, the series was animated by Sunrise and produced by Toei Company. The series was animated by Sunrise on Toei's behalf. This super robot along with the other two aforementioned super robots first appeared the USA as a part of Mattel's Shogun Warriors line of import toys, released in the late 1970s.",
    "genres" : [ {
      "id" : 16,
      "name" : "Animation"
    }, {
      "id" : 28,
      "name" : "Action"
    }, {
      "id" : 10751,
      "name" : "Family"
    } ]
  }, {
    "id" : 315828,
    "title" : "100 Minutes of Glory",
    "overview" : "True story about the tragic life of a famous late 19th century deaf female Croatian watercolor painter Slava Raškaj.",
    "genres" : [ {
      "id" : 18,
      "name" : "Drama"
    } ]
  }, {
    "id" : 315833,
    "title" : "Shaun Palmer - The Miserable Champion",
    "overview" : "The Miserable Champion is a shocking portrait of one of the most notorious athletes of all-time, action sports hero Shaun Palmer. 7 Sports, 7 Times World Champion, 6 X-Games Gold, 38 Elite Victories, 117 Tour Podiums and ESPY 2006 \"Action Sports Athlete of the Year\". USA Today asks the question “Is This The World's Greatest Athlete?”  Featuring: Shaun Palmer, Steve Caballero, Bob Klein, Terry Kidwell, Sam Hill, Jake Burton, Tom Sims, Rob Roskopp, Danny Kass, Steve Peat and many more.  Winner of X-Dance 2012 Action Sports Film Festal ‘Best Biography’\r Winner of the Sheffield Adventure Film Festival 2112 \"Judges Choice Award\"",
    "genres" : [ ]
  }, {
    "id" : 315838,
    "title" : "Witches' Brew",
    "overview" : "A remake of 1944's Lon Chaney film Weird Woman (the first was Burn, Witch, Burn! in 1962) is more of a horror spoof, as three women use witchcraft to help their professor husbands further their careers. When a higher position becomes available in the university, they turn on each other, and no one is safe!",
    "genres" : [ {
      "id" : 27,
      "name" : "Horror"
    }, {
      "id" : 35,
      "name" : "Comedy"
    } ]
  }, {
    "id" : 315843,
    "title" : "Tales of Zestiria: The Shepherd's Advent",
    "overview" : "*****  TV anime special of Bandai Namco Games' Tales of Zestiria role-playing game. *****  The Seraphim, a mystical spirit race who act as a stabilizing force in the land, blessed a human boy known as Sorey with powers. Sorey's encounter with Alisha and Lunarre leads him to leave on a journey to becoming the Shepherd and saving the world.",
    "genres" : [ {
      "id" : 16,
      "name" : "Animation"
    }, {
      "id" : 28,
      "name" : "Action"
    }, {
      "id" : 12,
      "name" : "Adventure"
    }, {
      "id" : 14,
      "name" : "Fantasy"
    } ]
  }, {
    "id" : 315848,
    "title" : "Men of Daring",
    "overview" : "",
    "genres" : [ {
      "id" : 37,
      "name" : "Western"
    } ]
  }, {
    "id" : 315853,
    "title" : "FOUJITA",
    "overview" : "A biopic of seminal 20th century artist Leonard Foujita, a contemporary of Picasso and Modigliani, who was famous for mixing up European and Japanese styles.",
    "genres" : [ {
      "id" : 18,
      "name" : "Drama"
    }, {
      "id" : 36,
      "name" : "History"
    } ]
  }, {
    "id" : 315858,
    "title" : "Das Fräulein an der Kasse",
    "overview" : "",
    "genres" : [ {
      "id" : 18,
      "name" : "Drama"
    } ]
  }, {
    "id" : 315863,
    "title" : "Liebe ist nur ein Wort",
    "overview" : "",
    "genres" : [ {
      "id" : 18,
      "name" : "Drama"
    } ]
  }, {
    "id" : 315868,
    "title" : "Cosmos",
    "overview" : "Two young men seek the solitude of the country; their peace is disturbed when a set of random occurrences suggest to their susceptible minds a pattern with sinister meanings.",
    "genres" : [ {
      "id" : 18,
      "name" : "Drama"
    } ]
  }, {
    "id" : 315878,
    "title" : "The LeWood Anal Hazing Crew 5",
    "overview" : "American Latina porn MILF Francesca Le and her equally perverted husband, well-hung Mark Wood, are well known for filthy, rough anal carnality. These veteran pornographers/suburban swingers mask their nastiest desires behind a veil of genteel normalcy. 'The LeWood Anal Hazing Crew #5' shows the horny couple brutally initiating four of porn's hottest girls into their special world of extreme anal debauchery.",
    "genres" : [ ]
  }, {
    "id" : 315883,
    "title" : "Mountain Ava",
    "overview" : "The story takes place in a primeval forest in southwest China, the forest near the village each time they suddenly encountered the beast attacked, there will be a wild man in distress rescued villagers, local villagers called mountain charm.  A group of uninvited guests broke the silence of the forest: a suffering Tong reporters with his autistic son Tong of the forest came to encounter the mountain charm; animal protection station claiming poaching gangs at this time find this savage, Wu owners and others in pursuit of mountain charm.  Mountain charm in the way of escape injury, Charm Tong of looking to the mountain after mountain charm slowly and become good friends. Tong of twice sneaked into the nest poaching gangs and fight poaching. Master Wu killed little monkey, Charm Tong of the mountain in order to revenge, set up numerous institutions in the forest, protected forest, the gang of poachers gang to justice.",
    "genres" : [ {
      "id" : 12,
      "name" : "Adventure"
    }, {
      "id" : 18,
      "name" : "Drama"
    } ]
  } ]
}