{
  "movies" : [ {
    "id" : 37203,
    "title" : "Throw Down Your Heart",
    "overview" : "A film crew follows the well-known banjo player Bela Fleck on his travels to Africa, where he learns about the instrument's origins.",
    "genres" : [ {
      "id" : 99,
      "name" : "Documentary"
    }, {
      "id" : 10402,
      "name" : "Music"
    } ]
  }, {
    "id" : 37208,
    "title" : "Self Medicated",
    "overview" : "Based on true events. On the edges of Las Vegas, 17-year-old Andrew's life is spiraling out of control. Unable to cope with the loss of his father, Andrew's descent into drugs and violence is gaining momentum, and the once promising young man is now headed for self-destruction. Andrew's mother, helpless to control her son and fighting an addiction of her own, refuses to watch idly as her only child destroys himself. As a last resort, she hires a private company to forcibly kidnap and confine him in a locked-down and corrupt psychiatric hospital. As Andrew is subjected to the secret physical and emotional abuses of the program something inside him is re-awakened. He must somehow get free to save what's left of his life, but to do that, he knows he must first face his own demons head-on.",
    "genres" : [ {
      "id" : 18,
      "name" : "Drama"
    } ]
  }, {
    "id" : 37213,
    "title" : "Lovely Complex",
    "overview" : "Koizumi Risa an unusually tall high school girl, meets the \"vertically challenged\" young man Otani Atsushi. They find common ground in height anxieties and interests. Risa (Ema Fujisawa), a tall Japanese girl, gets rejected by a boy because she is taller than him. Otani (Teppei Koike), a short Japanese guy, gets rejected by a girl because he is shorter than her. Obviously these two would make the oddest of couples and would never be a good match for each other right? Well love doesn’t always follow such logic as Love Complex shows.",
    "genres" : [ {
      "id" : 35,
      "name" : "Comedy"
    }, {
      "id" : 10749,
      "name" : "Romance"
    } ]
  }, {
    "id" : 37218,
    "title" : "For the Moment",
    "overview" : "This Canadian film presents and old-fashioned war time romance.  It is set during 1942 in Manitoba and traces the doomed affair between a young farmer's wife (Christianne Hirt) whose husband is fighting abroad and a dashing Australian pilot (Russell Crowe).  The pilot has come to train in the British Commonwealth Air Training Plan of Canada.  When the pilot, Lachlan, is not training, he is surreptitiously wooing Lill, the farmer's wife.  At the other end of town, Betsy (Wanda Cannon) who supports her two kids by bootlegging, charges for her services.  She gets involved with Zeek (Scott Kraft), an American flight instructor.",
    "genres" : [ {
      "id" : 10752,
      "name" : "War"
    }, {
      "id" : 18,
      "name" : "Drama"
    }, {
      "id" : 10749,
      "name" : "Romance"
    }, {
      "id" : 28,
      "name" : "Action"
    } ]
  }, {
    "id" : 37223,
    "title" : "Oneechanbara The Movie",
    "overview" : "The dead have risen to feast on the flesh of the living, and just when it seems that all hope for humanity has been lost, bikini girls with machine guns take one last shot at saving mankind from certain extinction. In the near future, a deranged scientist named Sugita has conducted a series of experiments intended to reanimate the dead. Unfortunately for the entire population of the planet, these experiments were a resounding success. Now, as a massive, shambling army of the undead launches a bloody war against their living counterparts, wandering beauties Aya (Eri Otoguro) and Reiko (Manami Hashimoto) team up to destroy every last zombie in sight. Unfortunately, Aya's sword-wielding schoolgirl sister Saki (Chise Nakamura) is in league with the nefarious Sugita. When Aya discovers that Saki has killed their father, she vows to take brutal revenge against her murderous younger sibling. Meanwhile, the zombie population is growing at an alarming rate.",
    "genres" : [ {
      "id" : 28,
      "name" : "Action"
    }, {
      "id" : 27,
      "name" : "Horror"
    } ]
  }, {
    "id" : 37228,
    "title" : "Anarchism in America",
    "overview" : "A colorful and provocative survey of anarchism in America, the film attempts to dispel popular misconceptions and trace the historical development of the movement. The film explores the movement both as a native American philosophy stemming from 19th century American traditions of individualism, and as a foreign ideology brought to America by immigrants. The film features rare archival footage and interviews with significant personalities in anarchist history including Murray Boochkin and Karl Hess, and also live performance footage of the Dead Kennedys.",
    "genres" : [ {
      "id" : 99,
      "name" : "Documentary"
    } ]
  }, {
    "id" : 37233,
    "title" : "The Firm",
    "overview" : "Mitch McDeere is a young man with a promising future in Law. About to sit his Bar exam, he is approached by 'The Firm' and made an offer he doesn't refuse. Seduced by the money and gifts showered on him, he is totally oblivious to the more sinister side of his company. Then, two Associates are murdered. The FBI contact him, asking him for information and suddenly his life is ruined. He has a choice - work with the FBI, or stay with the Firm. Either way he will lose his life as he knows it. Mitch figures the only way out is to follow his own plan...",
    "genres" : [ {
      "id" : 18,
      "name" : "Drama"
    }, {
      "id" : 9648,
      "name" : "Mystery"
    }, {
      "id" : 53,
      "name" : "Thriller"
    } ]
  }, {
    "id" : 37238,
    "title" : "Geronimo",
    "overview" : "In 1883, the Apache Indians lead by Geronimo reluctantly surrender to the attacks of American and Mexican troops, in exchange for a territory and food for their warriors. Soon though, Geronimo escapes the camps and declares war against the Americans.",
    "genres" : [ {
      "id" : 36,
      "name" : "History"
    }, {
      "id" : 37,
      "name" : "Western"
    } ]
  }, {
    "id" : 37248,
    "title" : "Zombiemania",
    "overview" : "Documentary about zombies.",
    "genres" : [ {
      "id" : 99,
      "name" : "Documentary"
    }, {
      "id" : 27,
      "name" : "Horror"
    } ]
  }, {
    "id" : 37253,
    "title" : "The Vice Guide to Travel",
    "overview" : "The VICE GUIDE TO TRAVEL is the first installment in VICE magazine’s new DVD series. The series will feature short documentaries arranged around a different theme. For this edition we went to the kinds of places that nobody else wants to visit. We traveled to the corners of the world where news is happening, the forgotten locales where strange people and stories lie and where history is being made every day. This is the VICE idea of a vacation.",
    "genres" : [ {
      "id" : 99,
      "name" : "Documentary"
    } ]
  }, {
    "id" : 37258,
    "title" : "Equus",
    "overview" : "A psychiatrist, Martin Dysart, investigates the savage blinding of six horses with a metal spike in a stable in Hampshire, England. The atrocity was committed by an unassuming seventeen-year-old stable boy named Alan Strang, the only son of an opinionated but inwardly-timid father and a genteel, religious mother. As Dysart exposes the truths behind the boy's demons, he finds himself face-to-face with his own.",
    "genres" : [ {
      "id" : 18,
      "name" : "Drama"
    }, {
      "id" : 9648,
      "name" : "Mystery"
    } ]
  }, {
    "id" : 37263,
    "title" : "The Final Curtain",
    "overview" : "The Final Curtain is a British film from 2002 directed by Patrick Harkins and starring Peter O'Toole. It tells the story of J. J. Curtis, ageing gameshow host played by O'Toole, who hires novelist Jonathan Stitch (Adrian Lester) to pen his biography, in the hope of sealing his immortality in the hearts and minds of the British public. This is made more difficult by his rivalry with fellow gameshow host Dave Turner (Aidan Gillen), and events from his past.",
    "genres" : [ {
      "id" : 18,
      "name" : "Drama"
    } ]
  }, {
    "id" : 37268,
    "title" : "Les Misérables: The Dream Cast in Concert",
    "overview" : "Les Misérables: The Dream Cast in Concert a.k.a. Les Misérables in Concert is a concert version of the musical Les Misérables, produced to celebrate its 10th anniversary. It was filmed in October 1995 at the Royal Albert Hall and released on DVD and VHS in 1998 and re-released on DVD in North America in 2008. It stars Colm Wilkinson as Jean Valjean, Philip Quast as Inspector Javert, Michael Ball as Marius Pontmercy, Lea Salonga as Éponine, Judy Kuhn as Cosette, Ruthie Henshall as Fantine, and several others, and was directed by John Caird. The performers were chosen from London, Broadway and Australian productions of the show.",
    "genres" : [ {
      "id" : 18,
      "name" : "Drama"
    }, {
      "id" : 10749,
      "name" : "Romance"
    }, {
      "id" : 10402,
      "name" : "Music"
    } ]
  }, {
    "id" : 37288,
    "title" : "Take Care of My Cat",
    "overview" : "The fashionable Hye-joo is focused on her career at a brokerage house. She's making a decent living, but her co-workers look down on her. Tae-hee is sick of living under the thumb of her domineering father. She spends her time doing volunteer work for a poet with cerebral palsy. Sullen Ji-young lives in poverty with her grandparents and struggles to find work. The girls, close friends in high school, find themselves drifting apart as their adult lives begin to take shape.",
    "genres" : [ {
      "id" : 18,
      "name" : "Drama"
    } ]
  }, {
    "id" : 37293,
    "title" : "Stakeout",
    "overview" : "Two detectives begin a stakeout based on the slim chance of catching a murderer whom they suspect will try to reunite with an old flame.",
    "genres" : [ {
      "id" : 80,
      "name" : "Crime"
    }, {
      "id" : 18,
      "name" : "Drama"
    } ]
  }, {
    "id" : 37298,
    "title" : "The Strange Mr. Gregory",
    "overview" : "The title character, played by Edmund Lowe, is a famous magician who fakes his own death -- then reappears as his nonexistent twin brother. It's all part of Gregory's master scheme to pin his \"murder\" on innocent John Randall (Don Douglas), the husband of Ellen (Jean Rogers), the woman Gregory loves.",
    "genres" : [ {
      "id" : 9648,
      "name" : "Mystery"
    } ]
  }, {
    "id" : 37303,
    "title" : "Babel",
    "overview" : "",
    "genres" : [ ]
  }, {
    "id" : 37308,
    "title" : "100 Rifles",
    "overview" : "When half-breed Indian Yaqui Joe robs an Arizona bank, he is pursued by dogged lawman Lyedecker. Fleeing to Mexico, Joe is imprisoned by General Verdugo, who is waging a war against the Yaqui Indians. When Lyedecker attempts to intervene, he is thrown into prison as well. Working together, the two escape and take refuge in the hills, where Lyedecker meets beautiful Yaqui freedom fighter Sarita and begins to question his allegiances.",
    "genres" : [ {
      "id" : 12,
      "name" : "Adventure"
    }, {
      "id" : 28,
      "name" : "Action"
    }, {
      "id" : 37,
      "name" : "Western"
    }, {
      "id" : 10752,
      "name" : "War"
    } ]
  }, {
    "id" : 37313,
    "title" : "The Scourge of Worlds: A Dungeons & Dragons Adventure",
    "overview" : "Long ago in a land ravaged by strife, an ancient race of mages crafted the ultimate weapon to destroy their enemies, and end all wars. They called it the Aryx Orthian, the Scourge Of Worlds. Hidden safely for hundreds of years, the Scourge is now sought by a new swarm of darkness threatening to unleash its secrets. To save the world, three fearless heroes-Regdar the human warrior, Lidda the rogue halfling, and Mialee the elf wizard-must embark on a treacherous quest and choose between honor and evil, between life and death. But the choice is not theirs. It is yours.",
    "genres" : [ {
      "id" : 14,
      "name" : "Fantasy"
    }, {
      "id" : 16,
      "name" : "Animation"
    }, {
      "id" : 28,
      "name" : "Action"
    }, {
      "id" : 878,
      "name" : "Science Fiction"
    } ]
  }, {
    "id" : 37318,
    "title" : "Tales of the Rat Fink",
    "overview" : "This is an interesting look at the Life and Times of car customizer/cartoonist Ed \"Big Daddy\" Roth. Through the use of many graphically enhanced photographs and \"talking\" cars, it is a loving look at the car culture in Southern California from the Early 50's to Ed's Passing in 2001.",
    "genres" : [ {
      "id" : 99,
      "name" : "Documentary"
    } ]
  }, {
    "id" : 37323,
    "title" : "The Brotherhood of the Bell",
    "overview" : "A successful professor has his life disrupted by a secret from his past - in his college days he became a member of a powerful secret society, and now the society has a job for him.",
    "genres" : [ {
      "id" : 18,
      "name" : "Drama"
    } ]
  }, {
    "id" : 37328,
    "title" : "Ani DiFranco - Live at Babeville",
    "overview" : "On September 11 and 12, 2007, singer / songwriter / guitarist Ani DiFranco played two sold-out shows before a hometown audience in Buffalo, New York. What made those nights so special wasn’t just the music—because that’s always special at an Ani show—but the fact that she was playing the inaugural shows in her very own venue, a downtown church once slated for demolition that has been beautifully restored as a state-of-the-art music hall and newly renamed “Babeville.” Ani took the opportunity to fashion a two-night retrospective of sorts, performing songs from every stage of her fabled career in breathtaking new arrangements with her latest touring band; Allison Miller on drums, Todd Sickafoose on upright bass and Mike Dillon on vibes and percussion. The spirit of celebration was in the air, and energy in the room-both onstage and in the audience—was extraordinary.",
    "genres" : [ {
      "id" : 10402,
      "name" : "Music"
    } ]
  }, {
    "id" : 37333,
    "title" : "Lake Consequence",
    "overview" : "Irene, a thirty-something housewife with a successfull husband and a young son, has her life thrown in a spin when she becomes attracted to Billy, a member of a landscape crew outside her house. When Irene's husband and son leave for a weekend fishing trip, Irene wanting to see Billy, gets locked in the back of his trailer and ends up at remote Lake Consequence with Billy and his girlfriend Grace where they take Irene on a trip into the nearby town to a Chinese New Year Festival, and through a series of adventures they bring out the repressed sexual needs Irene has been holding inside for a long time.",
    "genres" : [ {
      "id" : 18,
      "name" : "Drama"
    }, {
      "id" : 10749,
      "name" : "Romance"
    }, {
      "id" : 10770,
      "name" : "TV Movie"
    } ]
  }, {
    "id" : 37338,
    "title" : "Super Bowl XLII Champions - New York Giants",
    "overview" : "The NFC champion New York Giants and the AFC champion New England Patriots meet for the championship of the National Football League.",
    "genres" : [ {
      "id" : 99,
      "name" : "Documentary"
    } ]
  }, {
    "id" : 37343,
    "title" : "Cash on Demand",
    "overview" : "A charming but ruthless criminal holds the family of a bank manager hostage as part of a cold-blooded plan to steal 97,000 pounds.",
    "genres" : [ {
      "id" : 80,
      "name" : "Crime"
    }, {
      "id" : 18,
      "name" : "Drama"
    } ]
  }, {
    "id" : 37348,
    "title" : "Monte Walsh",
    "overview" : "Monte Walsh and Chet Rollins are long-time cowhands, working whatever ranch work comes their way, but \"nothing they can't do from a horse.\" Their lives are divided between months on the range and the occasional trip into town. Monte has a long-term relationship with prostitute Martine Bernard, while Chet has fallen under the spell of the widow who owns the hardware store. Camaraderie and competition with the other cowboys fill their days, until one of the hands, Shorty Austin, loses his job and gets involved in rustling and killing. Then Monte and Chet find that their lives on the range are inexorably redirected.",
    "genres" : [ {
      "id" : 28,
      "name" : "Action"
    }, {
      "id" : 37,
      "name" : "Western"
    } ]
  }, {
    "id" : 37353,
    "title" : "Bumfights 3: The Felony Footage",
    "overview" : "In September 2002, the Bumfights Krew was arrested on seven felony charges for paying homeless people to fight. Finally, thanks to some good lawyers, here is the footage that was seized from the arrests. Rufus, Bling Bling, Donnie and all your favorite characters are back in our most hardcore video yet! The prosecutors who tried to send us to prison called it shocking, criminal, and outrageous.\" We call it the funniest and most entertaining video of all time!",
    "genres" : [ {
      "id" : 35,
      "name" : "Comedy"
    }, {
      "id" : 99,
      "name" : "Documentary"
    } ]
  }, {
    "id" : 37358,
    "title" : "The Golf Specialist",
    "overview" : "At a Florida hotel, absconding miscreant J. Effingham Bellweather goes slapstick golfing with the house detective's flirtatious wife and an incompetent caddy.",
    "genres" : [ {
      "id" : 35,
      "name" : "Comedy"
    } ]
  }, {
    "id" : 37363,
    "title" : "Speed",
    "overview" : "A documentary on the history on mankind's attempts to reach high speeds. Starting with the invention of the bicycle, going on to sports cars, cars with jet engines, rocket-powered cars, attempts to break the sound barrier, and rocket-engine airplanes. Each achievement is documented by title card indicating the speed reached in miles per hour.",
    "genres" : [ {
      "id" : 99,
      "name" : "Documentary"
    } ]
  }, {
    "id" : 37368,
    "title" : "The Fugitive",
    "overview" : "Based of the Graham Greene novel about a revolutionary priest in Central America. A priest who is The Fugitive is trying to getaway from the authorities who have denounced Christianity and want anyone linked to it dead. The Fugitive finds shelter with an Indian Woman (The Woman), a faithful parishioner, who gives the priest directions to Puerto Grande, where he could then board a ship and sail to freedom in America. On his journey to Puerto Grande, he meets up with a man who says he will protect him. In reality, he is the Police Informer and once The Fugitive realizes this, he is back on the run, but the Police Informer is never far behind along with the authorities.",
    "genres" : [ {
      "id" : 37,
      "name" : "Western"
    } ]
  }, {
    "id" : 37373,
    "title" : "Island in the Sun",
    "overview" : "Set on a fictitious island in the Carribean during colonial British rule. It focuses on the life of a young charismatic and handsome black male with political aspirations. He finds himself confused on returning home when his romantic liaison with a white female tends to conflict with his political views. As rumor has it an interracial screen kiss caused quite a commotion in the U.S. when the film was released. The plot is further strengthened by a look at the lives of a white ex-pat family also living on the island. The family has to deal with problems of infidelity, racism and murder.",
    "genres" : [ {
      "id" : 18,
      "name" : "Drama"
    }, {
      "id" : 10751,
      "name" : "Family"
    } ]
  }, {
    "id" : 37378,
    "title" : "Bitchcraft 7",
    "overview" : "There's lesbian porn. Then there's Jake Malone's lesbian porn - oh my! The long-awaited Bitchcraft 7 thwacks off to a resounding start with a grudge match between two queen bitches: pint-sized Kristina Rose and rangy Chayse Evans. Then black-latexed ... Full Descriptioneuro-minxes Dia Zerva and Mz. Berlin invoke the kind of severe Germanic discipline that can go from stately to brutal at the shove of an oversized butt plug! Bombastically breasted British banger Sophie Dee is thoroughly tongue-serviced by her fetish slave Audrianna Angel, who suffers various pinching, prodding and stretching in return, and finally, world-class nasty fuckpigs Amber Rayne and Kylie Ireland throw down in a dark, especially erotic vignette regarding the time that the girl scout tried to sell \"cookies\" to the dominatrix!",
    "genres" : [ ]
  }, {
    "id" : 37383,
    "title" : "Big Tit Obsession",
    "overview" : "Adult",
    "genres" : [ ]
  }, {
    "id" : 37393,
    "title" : "Stroke Suck And Tease 8",
    "overview" : "Adult",
    "genres" : [ ]
  }, {
    "id" : 37398,
    "title" : "Strikeforce: Evolution",
    "overview" : "Strikeforce: Evolution was a mixed martial arts event to be held by the Strikeforce on December 19, 2009 in San Jose, California at the HP Pavilion at San Jose. The event aired live on Showtime in the US and live on SuperChannel in Canada.",
    "genres" : [ ]
  }, {
    "id" : 37403,
    "title" : "Agneepath",
    "overview" : "Vijay's (Amitabh Bachchan) father is brutally lynched by villagers after being framed by Kancha Cheena (Danny Denzongpa), and his family is forced to flee. The young Vijay vows revenge, and grows... Vijay's (Amitabh Bachchan) father is brutally lynched by villagers after being framed by Kancha Cheena (Danny Denzongpa), and his family is forced to flee. The young Vijay vows revenge, and grows up protecting his sister and mother by becoming a gangster himself. Eventually he works his way up the ladder until he is face to face with the men who killed his father, but by this time he is little different from them, and his actions have put his family in the line of danger once more.",
    "genres" : [ {
      "id" : 10769,
      "name" : "Foreign"
    }, {
      "id" : 18,
      "name" : "Drama"
    }, {
      "id" : 28,
      "name" : "Action"
    }, {
      "id" : 80,
      "name" : "Crime"
    } ]
  }, {
    "id" : 37408,
    "title" : "Vicki",
    "overview" : "A supermodel gets murdered. While investigating the case the story of a waitress turned glamor girl is revealed.",
    "genres" : [ {
      "id" : 80,
      "name" : "Crime"
    }, {
      "id" : 18,
      "name" : "Drama"
    }, {
      "id" : 9648,
      "name" : "Mystery"
    }, {
      "id" : 10749,
      "name" : "Romance"
    }, {
      "id" : 53,
      "name" : "Thriller"
    } ]
  }, {
    "id" : 37413,
    "title" : "Down Three Dark Streets",
    "overview" : "An FBI Agent takes on the three unrelated cases of a dead agent to track down his killer.",
    "genres" : [ {
      "id" : 53,
      "name" : "Thriller"
    } ]
  }, {
    "id" : 37418,
    "title" : "La sociologie est un sport de combat",
    "overview" : "A documentary from Pierre Carles about famous French sociologist Pierre Bourdieu.",
    "genres" : [ {
      "id" : 99,
      "name" : "Documentary"
    } ]
  }, {
    "id" : 37423,
    "title" : "Fly Girls",
    "overview" : "The skies are a whole lot friendlier when a group of the world's most beautiful porn stars pose as slutty flight attendants and sneak onto a plane to shoot a reality show. Cleared for take-off, the captain leaves the real stewardesses detained in security. Sex erupts aboard the flight, and the horny bliss proves too much for the weak-hearted pilot. Now it's up to Digital Playground's girls to land the plane to safety.",
    "genres" : [ {
      "id" : 35,
      "name" : "Comedy"
    } ]
  }, {
    "id" : 37428,
    "title" : "Reform School Girl",
    "overview" : "For refusing to squeal on her delinquent boyfriend, a teen girl is thrown into reform school where she ends up meeting his ex-girlfriend and the jealous tempers fly.",
    "genres" : [ {
      "id" : 80,
      "name" : "Crime"
    }, {
      "id" : 18,
      "name" : "Drama"
    } ]
  }, {
    "id" : 37433,
    "title" : "Neo Tokyo",
    "overview" : "Three shorts directed by the same names that brought you Metropolis, Ninja Scroll, and Akira. It begins with “Labyrinth Labyrintos”, a story of a maze in a child's mind, directed by Rintaro. Next Yoshiaki Kawajiri gives us “The Running Man”. This is a futuristic formula one race is set on a deadly track. Lastly Katsuhiro Ôtomo describes a struggle to shut down an entirely automated facility in “Construction Cancellation Order“.",
    "genres" : [ {
      "id" : 27,
      "name" : "Horror"
    }, {
      "id" : 878,
      "name" : "Science Fiction"
    }, {
      "id" : 16,
      "name" : "Animation"
    }, {
      "id" : 12,
      "name" : "Adventure"
    }, {
      "id" : 14,
      "name" : "Fantasy"
    } ]
  }, {
    "id" : 37438,
    "title" : "Road, Movie",
    "overview" : "A young man's journey across the mythic Indian landscape becomes a life changing odyssey.",
    "genres" : [ {
      "id" : 12,
      "name" : "Adventure"
    }, {
      "id" : 35,
      "name" : "Comedy"
    }, {
      "id" : 80,
      "name" : "Crime"
    }, {
      "id" : 18,
      "name" : "Drama"
    }, {
      "id" : 10769,
      "name" : "Foreign"
    } ]
  }, {
    "id" : 37443,
    "title" : "A Gun, a Car, a Blonde",
    "overview" : "In this homage to film noir, a wheelchair bound (Jim Metzler) paraplegic fantasizes about the new blonde (Andrea Thompson), who moves into the house across from him..",
    "genres" : [ {
      "id" : 18,
      "name" : "Drama"
    }, {
      "id" : 53,
      "name" : "Thriller"
    } ]
  }, {
    "id" : 37448,
    "title" : "Came a Hot Friday",
    "overview" : "Set in post-war (1949) rural New Zealand, this film traces the efforts of two con men to run a betting scam in a small town (Tainuea) already rife with illegal gambling corruption, and eccentricity.",
    "genres" : [ {
      "id" : 18,
      "name" : "Drama"
    }, {
      "id" : 35,
      "name" : "Comedy"
    } ]
  }, {
    "id" : 37453,
    "title" : "Molly: An American Girl on the Home Front",
    "overview" : "Molly is a girl living in the year 1944 and WWII has brought many changes to Molly's life. An English girl comes to live with Molly's family to escape the bombings. They slowly become good friends.",
    "genres" : [ {
      "id" : 18,
      "name" : "Drama"
    }, {
      "id" : 10751,
      "name" : "Family"
    }, {
      "id" : 36,
      "name" : "History"
    } ]
  }, {
    "id" : 37463,
    "title" : "Phantom of the Rue Morgue",
    "overview" : "One of many films based on the mysterious tale written by Edger Allen Poe.",
    "genres" : [ {
      "id" : 80,
      "name" : "Crime"
    }, {
      "id" : 27,
      "name" : "Horror"
    }, {
      "id" : 9648,
      "name" : "Mystery"
    } ]
  }, {
    "id" : 37468,
    "title" : "The Big Lift",
    "overview" : "The Berlin Air Lift from the point of view of two NCOs.",
    "genres" : [ {
      "id" : 10752,
      "name" : "War"
    }, {
      "id" : 28,
      "name" : "Action"
    }, {
      "id" : 12,
      "name" : "Adventure"
    }, {
      "id" : 18,
      "name" : "Drama"
    } ]
  }, {
    "id" : 37473,
    "title" : "Loss",
    "overview" : "Mentally ill young woman Valda convinces herself that a boy growing up in an orphanage is her child. Following the footsteps of a thousands Lithuanians, she immigrates to Ireland to earn money to save him. \"Loss\" portrays beauty and tragedy in the human heart.",
    "genres" : [ {
      "id" : 18,
      "name" : "Drama"
    } ]
  }, {
    "id" : 37478,
    "title" : "Profils paysans, chapitre 2 : Le Quotidien",
    "overview" : "The second of a documentary serie about rural France",
    "genres" : [ {
      "id" : 99,
      "name" : "Documentary"
    } ]
  }, {
    "id" : 37488,
    "title" : "Hit Man",
    "overview" : "Bernie Casey portrays Tyrone and Pamela Grier plays a sultry skin-flick star in this first Americanized remake of the iconic Michael Caine action film Get Carter. From Watts to the West Side, from porno parlors to a high-rise, from motel dives to a crime kingpin’s sprawling pleasure dome, from corner hangouts to a wildlife preserve, Tyrone covers a lot of real estate, busts a lot of heads.",
    "genres" : [ {
      "id" : 28,
      "name" : "Action"
    } ]
  }, {
    "id" : 37498,
    "title" : "Knock Off",
    "overview" : "Marcus Ray (Jean-Claude Van Damme), a sales representative for \"V SIX\" jeans, and his partner, Tommy Hendricks (Rob Schneider), are about to be busted for selling \"knock off\" jeans. Their American contact, Karan Leigh, who by the way is not only their employer but a CIA agent sent to find the mole in their operation, is threatening them with a jail term if they do not prove their innocence.",
    "genres" : [ {
      "id" : 28,
      "name" : "Action"
    }, {
      "id" : 12,
      "name" : "Adventure"
    }, {
      "id" : 53,
      "name" : "Thriller"
    } ]
  }, {
    "id" : 37503,
    "title" : "Bulletface",
    "overview" : "Horror and Revenge drive this thriller set in the sex and human trafficking underbelly of a nightmarish city where spinal fluid has become the drug of choice...with frightening consequences.",
    "genres" : [ {
      "id" : 53,
      "name" : "Thriller"
    } ]
  }, {
    "id" : 37508,
    "title" : "Bølle Bob og smukke Sally",
    "overview" : "Bully Bob is in love, but it is very difficult to say it. At the same time beautiful Sally interested in making their presence felt. When a sudden, a television crew to town she gets her chance.",
    "genres" : [ {
      "id" : 10751,
      "name" : "Family"
    }, {
      "id" : 10402,
      "name" : "Music"
    } ]
  }, {
    "id" : 37513,
    "title" : "The Quiet Duel",
    "overview" : "Toshirō Mifune plays a young idealistic doctor who works at his father's (Takashi Shimura) clinic in a small and seedy district. During the war, he contracts syphilis from the blood of a patient when he cuts himself during an operation. Treating himself in secret and tormented by his conscience, he rejects his heartbroken fiancée without explanation.",
    "genres" : [ {
      "id" : 18,
      "name" : "Drama"
    } ]
  }, {
    "id" : 37518,
    "title" : "Star Wait",
    "overview" : "Geeks waiting in line to see Star Wars: Episode I The Phantom Menace outside of Mann's Chinese Theater in Hollywood, CA film themselves.",
    "genres" : [ ]
  }, {
    "id" : 37523,
    "title" : "Envy",
    "overview" : "Seniha lives with her brother Halit and his wife Mükerrem. When Nüzhet, the handsome son of the richest family in town, sets his eyes on the married Mükerrem, she is at first disgusted with Nüzhet’s overt sexual innuendo. However, it isn’t long before Mükerrem yields to her lust and thus they embark on an affair. When Seniha finally reveals her sister-in-law’s un-virtuousness to her brother, Seniha has no idea what the consequences will be and how cruelly her destiny will change.",
    "genres" : [ {
      "id" : 18,
      "name" : "Drama"
    } ]
  }, {
    "id" : 37528,
    "title" : "Jump",
    "overview" : "Aspiring dancer Phoenix (Kitty Zhang) lives in the countryside with her father, but she's got her eyes set on farther places. Jumping at the chance to move to shiny Shanghai, she makes ends and dreams meet by working as a janitor at an elite dance studio where she picks up dance moves on the sly. Even with her unfailing spirit, things aren't easy for Phoenix working two jobs and putting up with the mockery from city folks. Enter her knight in shining armor, CEO and studio owner Ron (Leon Jay Williams), who sweeps her off her feet and gives her a spot on the dance team.",
    "genres" : [ {
      "id" : 35,
      "name" : "Comedy"
    }, {
      "id" : 18,
      "name" : "Drama"
    }, {
      "id" : 10769,
      "name" : "Foreign"
    } ]
  }, {
    "id" : 37533,
    "title" : "White Wedding",
    "overview" : "The plot centres around moody 17 year old Mathilde (Paradis) who has no parents. Her philosophy teacher François (Cremer), happens to stumble across her path and is eager to help her learn more. He starts to come over to her house everyday going over her homework, and teaching her the art of the study. Eventually, Mathilde starts placing little hints that she finds the 47 year old François attractive. He tries to resist her, but he finds himself falling for her as well. They soon blossom into a passionate love, but they must keep their affair a secret from his wife (Mikaël) and the school.",
    "genres" : [ {
      "id" : 10749,
      "name" : "Romance"
    }, {
      "id" : 18,
      "name" : "Drama"
    } ]
  }, {
    "id" : 37538,
    "title" : "Harry Hill: in 'Hooves'",
    "overview" : "Harry Hill, the self styled floppy-collared-clown-prince-of-daft, is back with his hugely successful sell out Hooves tour. After a two year break, the multi-award winning comedian has returned to the stage for a show of fun, mayhem and swing ball - complete with new cordless mic! Expect special appearances from Stouffer (Harry's lifelong companion) as welll as Gary (His son from his first marriage) and music from his TV show-band The Harrys.",
    "genres" : [ {
      "id" : 35,
      "name" : "Comedy"
    } ]
  }, {
    "id" : 37543,
    "title" : "Journey's End",
    "overview" : "In France, 1917, an alcoholic captain is afraid that his new replacement, his sweetheart's brother, will betray his downfall.",
    "genres" : [ {
      "id" : 10752,
      "name" : "War"
    }, {
      "id" : 18,
      "name" : "Drama"
    } ]
  }, {
    "id" : 37553,
    "title" : "Jacob Tingleff: Pyt med skjorten",
    "overview" : "",
    "genres" : [ ]
  }, {
    "id" : 37558,
    "title" : "Little Brothers",
    "overview" : "Talia runs away from home taking her beloved dog with her. When her dog is stolen Talia enlists the help of a gang of boys to help her find her pet.",
    "genres" : [ {
      "id" : 18,
      "name" : "Drama"
    }, {
      "id" : 10769,
      "name" : "Foreign"
    } ]
  }, {
    "id" : 37563,
    "title" : "A Summer's Tale",
    "overview" : "A shy maths graduate takes a holiday in Dinard before starting his first job. He hopes his sort-of girlfriend will join him, but soon strikes up a friendship with another girl working in town. She in turn introduces him to a further young lady who fancies him. Thus the quiet young lad finds he is having to do some tricky juggling in territory new to him.",
    "genres" : [ {
      "id" : 35,
      "name" : "Comedy"
    }, {
      "id" : 18,
      "name" : "Drama"
    }, {
      "id" : 10749,
      "name" : "Romance"
    } ]
  }, {
    "id" : 37568,
    "title" : "Alice's Tin Pony",
    "overview" : "Alice and Julius are driving a train, which is carrying a large payroll. Pete the Bear and his gang find out about it and devise a plan to rob the train.",
    "genres" : [ {
      "id" : 16,
      "name" : "Animation"
    }, {
      "id" : 35,
      "name" : "Comedy"
    } ]
  }, {
    "id" : 37573,
    "title" : "My Only Sunshine",
    "overview" : "Hayat, her father and bedridden grandfather live in a riverside shack near the dangerously dark but breathtakingly beautiful waters of the Bosphorus. Hayat's father owns a small boat that secures the family's survival through a miscellany of not always lawful ventures. Beyond the motion and romance of the water, Hayat's life is harsh and unrelenting. But Hayat has an instinct for survival. Her capacity for courage, endurance and hope in the face of these trials suggest that there is Life despite the manifold injustices of an unjust world.",
    "genres" : [ {
      "id" : 18,
      "name" : "Drama"
    } ]
  }, {
    "id" : 37583,
    "title" : "Herb & Dorothy",
    "overview" : "He was a postal clerk. She was a librarian. With their modest means, the couple managed to build one of the most important contemporary art collections in history. Meet Herb and Dorothy Vogel, whose shared passion and disciplines and defied stereotypes and redefined what it means to be an art collector.",
    "genres" : [ {
      "id" : 99,
      "name" : "Documentary"
    } ]
  }, {
    "id" : 37588,
    "title" : "Bruce Lee: A Warrior's Journey",
    "overview" : "Legendary martial artist Bruce Lee is the subject of this thoughtful documentary by Lee aficionado John Little. Using interviews, behind-the-scenes footage and action sequences from Lee's last (unfinished) film, Game of Death, Little paints a textured, complex portrait of the world's most famous action hero",
    "genres" : [ {
      "id" : 99,
      "name" : "Documentary"
    } ]
  }, {
    "id" : 37593,
    "title" : "Lone Star",
    "overview" : "Rip-roaring big star, big budget semi-historical story about cattle baron Devereaux Burke, who is enlisted by an aging Andrew Jackson to dissuade Sam Houston from establishing Texas as a republic. Burke must fight state senator Thomas Craden, in the process winning the heart of Craden's newspaper-editor girlfriend Martha Ronda.",
    "genres" : [ {
      "id" : 37,
      "name" : "Western"
    }, {
      "id" : 28,
      "name" : "Action"
    }, {
      "id" : 12,
      "name" : "Adventure"
    }, {
      "id" : 36,
      "name" : "History"
    } ]
  }, {
    "id" : 37598,
    "title" : "Butch and Sundance: The Early Days",
    "overview" : "A \"prequel\" of sorts to \"Butch Cassidy and the Sundance Kid,\" chronicling the two outlaws' lives in the years before the events portrayed in the Newman/Redford movie.",
    "genres" : [ {
      "id" : 37,
      "name" : "Western"
    } ]
  }, {
    "id" : 37603,
    "title" : "Diversant",
    "overview" : "",
    "genres" : [ ]
  }, {
    "id" : 37608,
    "title" : "The New Centurions",
    "overview" : "An idealistic rookie cop joins the LAPD to make ends meet while finishing law school, and is indoctrinated by a seasoned veteran. As time goes on, he loses his ambitions and family as police work becomes his entire life.",
    "genres" : [ {
      "id" : 80,
      "name" : "Crime"
    }, {
      "id" : 18,
      "name" : "Drama"
    }, {
      "id" : 28,
      "name" : "Action"
    } ]
  }, {
    "id" : 37613,
    "title" : "Basil",
    "overview" : "A lonely young aristocrat in turn-of the century England struggles to meet the approval of his over-bearing, class-conscious father while trying to please the selfish woman he loves.",
    "genres" : [ {
      "id" : 18,
      "name" : "Drama"
    }, {
      "id" : 10769,
      "name" : "Foreign"
    }, {
      "id" : 10749,
      "name" : "Romance"
    } ]
  }, {
    "id" : 37618,
    "title" : "The Asphyx",
    "overview" : "Hugo is a brilliant turn-of-the-century scientist, loved and respected by his family and friends, admired by his colleagues. But he is a man quickly becoming obsessed with a curious and frightening question... what is the mysterious apparition found in the photographs of his dying subjects?",
    "genres" : [ {
      "id" : 14,
      "name" : "Fantasy"
    }, {
      "id" : 27,
      "name" : "Horror"
    }, {
      "id" : 878,
      "name" : "Science Fiction"
    }, {
      "id" : 10769,
      "name" : "Foreign"
    } ]
  }, {
    "id" : 37623,
    "title" : "A&E - The Saudi Royal Family Biography",
    "overview" : "The Saudi Royal Family. At a time when America's relationship with Saudi Arabia is under close scrutiny because of the war against terrorism, this timely profile looks at the colorful history of Saudi Arabia's royal rulers. Discover how charismatic King Ibn Saud went from being a desert warrior to leader of the largest il-producing nation in the world, and how his 4 successors have been both friends and foes of the U.S",
    "genres" : [ {
      "id" : 99,
      "name" : "Documentary"
    } ]
  }, {
    "id" : 37628,
    "title" : "The Criminal Life of Archibaldo de la Cruz",
    "overview" : "A bizarre black comedy about a man whose overwhelming ambition in life is to be a renowned serial killer of women, and will stop at nothing to achieve it - but not everything goes according to plan...",
    "genres" : [ {
      "id" : 35,
      "name" : "Comedy"
    }, {
      "id" : 80,
      "name" : "Crime"
    }, {
      "id" : 18,
      "name" : "Drama"
    } ]
  }, {
    "id" : 37633,
    "title" : "Nos amis les Terriens",
    "overview" : "What on earth would extraterrestrials think if they could observe us? This is the movie they made.",
    "genres" : [ {
      "id" : 14,
      "name" : "Fantasy"
    }, {
      "id" : 35,
      "name" : "Comedy"
    }, {
      "id" : 18,
      "name" : "Drama"
    } ]
  }, {
    "id" : 37638,
    "title" : "The Whistler",
    "overview" : "Cannes, the French Riviera. Armand Teillard is happy with life; a busy store downtown, a delightful girlfriend, a magnificent record collection and lunch every day at Sofia and Martial's family restaurant with a perfect sea view. So when Sofia tells Armand that Zapetti, a property developer with mafia connections, is putting the squeeze on her to sell up, he is horrified. Armand is an easy-going guy, but when he gets mad... actually, Armand never gets mad. He leaves that to his twin brother, Maurice, The Whistler. When Maurice rides into town in his Aston Martin and designer suit, Zapetti, his mob and the corrupt local politicians are in trouble. But what if, behind the dyed hair and tinted contact lenses, Maurice and Armand are one and the same guy? Is Cannes big enough for the both of them?",
    "genres" : [ {
      "id" : 35,
      "name" : "Comedy"
    } ]
  }, {
    "id" : 37643,
    "title" : "Muse: Live at The Royal Albert Hall",
    "overview" : "Muse are an English rock band from Teignmouth, Devon. Since their inception in 1994, the band has been composed of Matthew Bellamy (lead vocals, guitar, piano), Christopher Wolstenholme (bass guitar, backing vocals ,keyboards), and Dominic Howard (drums and percussion). Muse are known for their energetic and extravagant live performances[1][2][3] and their fusion of many music genres, including progressive rock, classical music, heavy metal and electronica.[4]",
    "genres" : [ {
      "id" : 10402,
      "name" : "Music"
    }, {
      "id" : 99,
      "name" : "Documentary"
    } ]
  }, {
    "id" : 37648,
    "title" : "The Harbortown Bobber",
    "overview" : "Two years in the making. Follow the ground-up build of Scott Di Lalla's '69 bobber as various backyard masters put their hands on it, creating a unique custom motorcycle, showing their techniques and telling their own personal stories along the way.",
    "genres" : [ {
      "id" : 99,
      "name" : "Documentary"
    } ]
  }, {
    "id" : 37653,
    "title" : "The Three Brothers",
    "overview" : "Three half-brothers are reunited at their mother's funeral. After being told of their inheritance they quickly spend the money, only to find out that they will not receive it after all. The men grow closer while deciding how to proceed.",
    "genres" : [ {
      "id" : 35,
      "name" : "Comedy"
    } ]
  }, {
    "id" : 37658,
    "title" : "Anthony Adverse",
    "overview" : "Anthony Adverse is a 1936 American drama film directed by Mervyn LeRoy. The screenplay by Sheridan Gibney is based on the sprawling 1,224-page novel of the same title by Hervey Allen.",
    "genres" : [ {
      "id" : 28,
      "name" : "Action"
    }, {
      "id" : 18,
      "name" : "Drama"
    }, {
      "id" : 10749,
      "name" : "Romance"
    } ]
  }, {
    "id" : 37668,
    "title" : "Mega Man",
    "overview" : "In the year 20XX, Dr. Thomas Light, an Nobel Prize winning professor in the field of Robotics, creates a series of 6 revolutionary robots entitled the “Robot Master Series DRN” in an effort to use robotics as a mean to better mankind. As a personal project, Dr. Light creates 2 androids named Roll (a female) and Rock (a male) who are made to be as human as possible from appearance to behavior. His partner and colleague, Dr. Albert Wily, grows enraged and jealous of Light’s success. Dr. Wily decides to reprogram and steal the robot master series to do his bidding so he can wreak havoc and gain control of the city.",
    "genres" : [ {
      "id" : 28,
      "name" : "Action"
    }, {
      "id" : 18,
      "name" : "Drama"
    }, {
      "id" : 878,
      "name" : "Science Fiction"
    } ]
  }, {
    "id" : 37673,
    "title" : "Destiny",
    "overview" : "The story is set in the 12th century in Arab-ruled Spanish province Andalusia, where famed philosopher Averroes is appointed grand judge by the caliph and his liberal court judgements are not liked by everyone. The caliph's political rivals, centered around the leader of a fanatical Islamic sect, force the caliph to send Averroes into exile, but his ideas keep on living thanks to his students.",
    "genres" : [ {
      "id" : 18,
      "name" : "Drama"
    }, {
      "id" : 36,
      "name" : "History"
    } ]
  }, {
    "id" : 37678,
    "title" : "The Playgirls and the Vampire",
    "overview" : "Sexy nightclub dancers get trapped in a dark, creepy castle for the night.",
    "genres" : [ {
      "id" : 27,
      "name" : "Horror"
    } ]
  }, {
    "id" : 37688,
    "title" : "Lahore",
    "overview" : "Lahore reflects the need and the desire to bring about peace and harmony in the subcontinent. It tells us how sports could play a key role in building bridges and bringing the two countries like India and Pakistan together that has more than 50 years of the history of unrelenting hostility.",
    "genres" : [ {
      "id" : 28,
      "name" : "Action"
    }, {
      "id" : 10769,
      "name" : "Foreign"
    } ]
  }, {
    "id" : 37693,
    "title" : "Adventures of Gallant Bess",
    "overview" : "Ted Daniels, a ranch hand working for a rodeo, captures a magnificent wild horse that he tames and trains. As Ted is recovering from an accident that happened during a rodeo, the rodeo owner cheats him out of his horse. Ted must decide whether to pursue him and try to recover the horse, or whether to settle down with the doctor's daughter who is nursing him back to health. Written by Snow Leopard",
    "genres" : [ {
      "id" : 28,
      "name" : "Action"
    }, {
      "id" : 18,
      "name" : "Drama"
    }, {
      "id" : 10749,
      "name" : "Romance"
    }, {
      "id" : 37,
      "name" : "Western"
    } ]
  }, {
    "id" : 37698,
    "title" : "The Roaring Twenties",
    "overview" : "After the WWI Armistice Lloyd Hart goes back to practice law, former saloon keeper George Hally turns to bootlegging, and out-of-work Eddie Bartlett becomes a cab driver. Eddie builds a fleet of cabs through delivery of bootleg liquor and hires Lloyd as his lawyer. George becomes Eddie's partner and the rackets flourish until love and rivalry interfere.",
    "genres" : [ {
      "id" : 80,
      "name" : "Crime"
    }, {
      "id" : 18,
      "name" : "Drama"
    }, {
      "id" : 53,
      "name" : "Thriller"
    } ]
  }, {
    "id" : 37703,
    "title" : "The Flirting Scholar",
    "overview" : "A scholar in search of true love. Disguising himself as a houseboy, he indentures himself to a rich family in order to pursue the ravishing servant girl who has stolen his heart.",
    "genres" : [ {
      "id" : 18,
      "name" : "Drama"
    }, {
      "id" : 35,
      "name" : "Comedy"
    }, {
      "id" : 10749,
      "name" : "Romance"
    } ]
  }, {
    "id" : 37708,
    "title" : "Wild Things: Foursome",
    "overview" : "A murdered hotel millionaire's son finds himself tangled up in a game of seduction and murder after a raunchy night with three beautiful women.",
    "genres" : [ {
      "id" : 80,
      "name" : "Crime"
    }, {
      "id" : 18,
      "name" : "Drama"
    }, {
      "id" : 9648,
      "name" : "Mystery"
    } ]
  }, {
    "id" : 37713,
    "title" : "X-Men: Pryde of the X-Men",
    "overview" : "Pryde of the X-Men was a short-lived series about the X-Men, with the main character being Kitty Pryde (whose alias is Shadow Cat, though she never becomes Shadow Cat in the series), which is why the series is titled Pryde of the X-Men. The show was produced by Marvel Productions and Sunbow Productions, who made a pilot for NBC. The pilot aired, but for unknown reasons, it was never turned into a full-blown series. Despite it not becoming a full series, the pilot has aired in syndication, and was later released on video.",
    "genres" : [ {
      "id" : 16,
      "name" : "Animation"
    }, {
      "id" : 28,
      "name" : "Action"
    } ]
  }, {
    "id" : 37718,
    "title" : "The Muse",
    "overview" : "What happens when a screenwriter (Brooks) loses his edge, he turns to anyone he can for help... even if it's the mythical \"Zeus's Daughter\" (Stone). And he's willing to pay, albeit reluctantly, whatever price it takes to satisfy this goddess, especially when her advice gets him going again on a sure-fire script. However, this is not the limit of her help, she also gets the writer's wife (MacDowell) going on her own bakery enterprise, much to the chagrin of Brooks, who has already had to make many personal sacrifices for his own help.",
    "genres" : [ {
      "id" : 14,
      "name" : "Fantasy"
    }, {
      "id" : 35,
      "name" : "Comedy"
    } ]
  }, {
    "id" : 37723,
    "title" : "Illegal Entry",
    "overview" : "Long before he became producer/director of The Tonight Show, Fred DeCordova helmed the Universal meller Illegal Entry. Howard Duff, who later worked with DeCordova on the TV series Mr. Adams and Eve, stars as Bert Powers, an undercover agent for the U.S. Department of Immigration. While attempting to bring a vicious gang of alien smugglers to justice, Powers falls in love with Anna Duvak (Marta Toren), a gang member who is Not What She Seems.",
    "genres" : [ {
      "id" : 28,
      "name" : "Action"
    }, {
      "id" : 53,
      "name" : "Thriller"
    } ]
  }, {
    "id" : 37728,
    "title" : "Jönssonligan på Mallorca",
    "overview" : "Vanheden and Dynamit-Harry, together with Harry's fiancée Doris, are in Mallorca while Sickan is still in Stockholm...",
    "genres" : [ {
      "id" : 35,
      "name" : "Comedy"
    } ]
  }, {
    "id" : 37733,
    "title" : "Kane & Lynch",
    "overview" : "A pair of Death Row inmates, a mercenary named Kane and a schizophrenic named Lynch, escape during a prison transport and team up to retrieve a stolen fortune. Based on a video game.",
    "genres" : [ {
      "id" : 28,
      "name" : "Action"
    }, {
      "id" : 53,
      "name" : "Thriller"
    }, {
      "id" : 18,
      "name" : "Drama"
    }, {
      "id" : 80,
      "name" : "Crime"
    } ]
  }, {
    "id" : 37738,
    "title" : "Cream - Royal Albert Hall London",
    "overview" : "The legendary rock trio of Ginger Baker, Jack Bruce, and Eric Clapton--two jazz musicians and a blues guitarist--was one of the most influential bands of the 1960s, even though they played together for less than three years. They brought their psychedelic fusion of blues and pop into the mainstream with albums like FRESH CREAM and WHEELS OF FIRE; Clapton, long regarded as one of the greatest guitarists of all time, did some of his best work on those albums. London's Royal Albert Hall, the site of what was supposed to be Cream's final performance back in 1968, was also the venue for their reunion show. Sounding as if they'd been on vacation for a few weeks instead of disbanded for well over three decades, Cream brought the house down with a series of four shows, all of which are excerpted here. The band performs classics like \"Spoonful,\" \"Born Under a Bad Sign,\" \"Sunshine of Your Love,\" and \"White Room,\" among more than 20 others.",
    "genres" : [ {
      "id" : 10402,
      "name" : "Music"
    } ]
  }, {
    "id" : 37743,
    "title" : "Oben geblieben ist noch keiner",
    "overview" : "",
    "genres" : [ {
      "id" : 35,
      "name" : "Comedy"
    } ]
  }, {
    "id" : 37748,
    "title" : "800 Bullets",
    "overview" : "Julián Torralba is a former movie stuntman in Almeria, Spain. He and several of his colleagues, who once made a living in American Westerns shot in Spain, now are reduced to doing stunt shows for minuscule audiences on the decaying set built for those old Westerns. Julián wrestles with dark memories of the death of his son, also a stuntman, and with estrangement from his daughter-in-law Laura and her son Carlos. Carlos, a young boy, becomes intrigued with his late father's life and runs away to join Julián and his band of has-beens. There Carlos is initiated into the rambunctious life of these hard-drinking faux cowboys. But when Laura, a powerful executive looking for a new site for a tourist resort, learns that Carlos has joined the hated Julián, she moves to destroy even this remnant of Julián's once-proud career. Julián and the cowboys decide to fight back the only way they know how.",
    "genres" : [ {
      "id" : 28,
      "name" : "Action"
    }, {
      "id" : 35,
      "name" : "Comedy"
    } ]
  }, {
    "id" : 37753,
    "title" : "Consenting Adults",
    "overview" : "Richard and Priscilla Parker are an ordinary suburban couple whose lives are invaded and rocked by their hedonistic, secretive new neighbors, Eddy and Kay Otis.",
    "genres" : [ {
      "id" : 80,
      "name" : "Crime"
    }, {
      "id" : 18,
      "name" : "Drama"
    }, {
      "id" : 9648,
      "name" : "Mystery"
    } ]
  }, {
    "id" : 37758,
    "title" : "Four Dimensions",
    "overview" : "Four Dimensions is a dynamic and exciting departure from previous windsurfing movies. Not only showcasing the explosive nature and intense technical capabilities of modern windsurfing, but also bringing new and progressive production techniques to create an inspirational film. Compared to many of the great “legends” movies previously released, Four Dimensions also leads us into the future of windsurfing, turning the spotlight on some of the most talented young sailors in the sport. Already accomplished competition sailors, these riders are the new champions of windsurfing who will lead our sport into its next evolution. Whether familiar with windsurfing or not, I challenge anyone to watch this film and not want to just go out and do it",
    "genres" : [ {
      "id" : 99,
      "name" : "Documentary"
    }, {
      "id" : 18,
      "name" : "Drama"
    } ]
  } ]
}