{
  "movies" : [ {
    "id" : 294263,
    "title" : "Bongo: Killer Clown",
    "overview" : "A bad 'teen mom\" creates a monster in her child by leaving the TV on to serve as a babysitter. A twisted TV clown enters the child's psyche, leading to depraved violence as the persona of Bongo the killer clown emerges. Violence, topless nudity and gore in a psycho-dynamic plot. Bongo is a must see for fans of the genre. Director Geraldine Winters delivers a good story in a matrix of violent dark irony.",
    "genres" : [ ]
  }, {
    "id" : 294268,
    "title" : "Mama macht’s möglich",
    "overview" : "",
    "genres" : [ {
      "id" : 10770,
      "name" : "TV Movie"
    }, {
      "id" : 10751,
      "name" : "Family"
    }, {
      "id" : 35,
      "name" : "Comedy"
    } ]
  }, {
    "id" : 294273,
    "title" : "Blood and Tears",
    "overview" : "Dyno returns home after a nine-year prison stay.  Upon his return, he is pulled back and forth between loyalty to his gang and devotion to his wife and daughter.",
    "genres" : [ ]
  }, {
    "id" : 294278,
    "title" : "The Current",
    "overview" : "Jake loves living in Chicago but when big city violence hits a little too close to home his parents buy a campground in rural Minnesota and move the family there. Jake hates living at the campground until he meets Peter, the boy across the river. The two quickly become best friends and spend a fun-filled summer together on the river. In one of their conversations, Peter shares his Christian faith with Jake. Jake uses his new faith to help a friend through a tragedy.",
    "genres" : [ ]
  }, {
    "id" : 294283,
    "title" : "Shaun das Schaf - Abspecken mit Shaun",
    "overview" : "",
    "genres" : [ {
      "id" : 35,
      "name" : "Comedy"
    }, {
      "id" : 16,
      "name" : "Animation"
    } ]
  }, {
    "id" : 294288,
    "title" : "Funhouse",
    "overview" : "Just when you thought it was safe to go back into the carnival, TitanMen lifts the curtain on another unique fantasy. Starring ten built studs in nearly three hours of footage, Funhouse raises the bar again following the groundbreaking, award-winning Carny and its incendiary follow up Cirque Noir. Two friends stumble on a dark carnival and can’t resist temptation as they’re beckoned onto a funhouse ride, where scenes of masculine aggression and beauty unfold. Funhouse is a dark yet colorful trip you don’t want to miss.",
    "genres" : [ ]
  }, {
    "id" : 294293,
    "title" : "Your Name Is?",
    "overview" : "Set at the end of World War II, the picture features a relationship of a man and a woman who meet and share time without ever revealing their names. However, they commit to meeting again in six months....  The film is an adaptation from a recurring NHK drama and helped spur on a \"Kimi no na wa\" boom with the lead actors becoming stars and the costumes inspiring fashions of the day.",
    "genres" : [ {
      "id" : 18,
      "name" : "Drama"
    } ]
  }, {
    "id" : 294298,
    "title" : "Liebe für Liebe",
    "overview" : "",
    "genres" : [ {
      "id" : 35,
      "name" : "Comedy"
    } ]
  }, {
    "id" : 294303,
    "title" : "Dragon and the Hawk",
    "overview" : "Korean martial arts master teams up with US police detective to solve the mystery of his missing sister. Their search leads to a sinister underworld organization that they must battle their way through.",
    "genres" : [ ]
  }, {
    "id" : 294308,
    "title" : "Don't Blink",
    "overview" : "Ten people arrive at a secluded mountain resort to find it completely deserted. With no gas for the return trip, the visitors are forced to stay and investigate the mystery surrounding the abandoned lodge.",
    "genres" : [ {
      "id" : 27,
      "name" : "Horror"
    } ]
  }, {
    "id" : 294313,
    "title" : "The DSK Story",
    "overview" : "The first ever film on Dominique Strauss-Kahn, the one time enormously powerful head of the International Monetary Fund (IMF) and former shoo-in for the Presidency of France, whose career post and political ambitions were forever derailed upon the filing of attempted rape charges against him by a NYC maid.",
    "genres" : [ ]
  }, {
    "id" : 294318,
    "title" : "The Endless Possibility of Sky",
    "overview" : "Sex and drugs-getting hooked and getting off –can be addicting. For Drew (Brad Hallowell), eking out a mundane life in Waterville, Maine, it is resisting the illicit pleasure in New York; for Mistress Datina (Philly), it means operating a sex and drug den to cope with her life. In his visually and sexually stimulating film, director Verow introduces multiple characters and overlapping narratives that portray the physical and emotional faces of addiction. For Rob (newcomer Rob Ordonez), drugs and sex are means of finding a bed to sleep in every night – while they provide Christian (Michael Vaccaro) a means of dealing with his helplessness and loss. A writer records these characters and their unforgettable stories. The themes are universal, but the possibilities are endless.",
    "genres" : [ {
      "id" : 18,
      "name" : "Drama"
    } ]
  }, {
    "id" : 294323,
    "title" : "Effraction",
    "overview" : "",
    "genres" : [ {
      "id" : 80,
      "name" : "Crime"
    }, {
      "id" : 53,
      "name" : "Thriller"
    }, {
      "id" : 18,
      "name" : "Drama"
    } ]
  }, {
    "id" : 294328,
    "title" : "Die Reise nach Sundevit",
    "overview" : "A boy takes a trip.",
    "genres" : [ {
      "id" : 12,
      "name" : "Adventure"
    } ]
  }, {
    "id" : 294333,
    "title" : "Give Them a Chance",
    "overview" : "Back in 2001, action director Sam Wong Ming-Sing shepherded a young group of lower-class dancers into the semi-big leagues. Thanks to great effort and timely sponsorship, the troupe was able to display their hip-hop street dance stylings as back-up dancers in Andy Lau's summer concert.",
    "genres" : [ ]
  }, {
    "id" : 294338,
    "title" : "Bolt",
    "overview" : "21 Jump Street heartthrob Richard Grieco stars in the 1994 motorcycle movie Bolt, released on DVD as Rebel Run. A tough New Jersey biker named Bolt (Grieco) travels across the country heading west. He encounters old gang rival Billy Niles (Michael Ironside). Bolt fights to protect his Indian girlfriend Patty Deerheart (Sean Young) from land-stealing bad guys.",
    "genres" : [ {
      "id" : 18,
      "name" : "Drama"
    }, {
      "id" : 28,
      "name" : "Action"
    }, {
      "id" : 80,
      "name" : "Crime"
    } ]
  }, {
    "id" : 294343,
    "title" : "Keyed: A Deadly Game of Sex/Lies/Betrayal",
    "overview" : "Three lives are intricately linked during a New Years Eve “Key Party” for Swingers: A young newlywed is forced into an open relationship by her star-athlete husband and best friend an ill-fated club owner reunites with old friends to realize the bond they once shared is in jeopardy and a loving father has to reconcile his relationship with his estranged brother to save the life of his daughter.",
    "genres" : [ ]
  }, {
    "id" : 294348,
    "title" : "Memphis",
    "overview" : "Two men and a woman in the deep south of the 1950s plot to kidnap a child from a wealthy black family, mistakenly believing that no one will try to stop them.",
    "genres" : [ {
      "id" : 28,
      "name" : "Action"
    } ]
  }, {
    "id" : 294353,
    "title" : "Making Ugly",
    "overview" : "Neil (Paul Quinn) has his habits he drinks too much and smokes too much. He also kills too many women. In a city of millions, who will notice? But someone has, a tape is sent to Neil with footage of his brutal violence. Who has been following him and what will they do with this information? Stark (Jamie Jack Gordon) returns home after investigating another crime scene, perhaps he can shed light on the growing number of corpses found suffocated. Heather (Margaret Ann Bain) has a violent boyfriend an unfulfilling job and her brother is in a critical condition in hospital. She is reaching breaking point and her fragile state of mind is threatening to spiral into powerful rage. So look this way for a while. This story revolves around the dark bonds that link seemingly disparate characters and the horrific crimes committed when no one is really looking. Self-preservation is the link between them but similar interests do not always lead to making friends when the goal is making ugly.",
    "genres" : [ ]
  }, {
    "id" : 294358,
    "title" : "Below the Line",
    "overview" : "Rin Tin Tin adventure!",
    "genres" : [ {
      "id" : 18,
      "name" : "Drama"
    }, {
      "id" : 28,
      "name" : "Action"
    } ]
  }, {
    "id" : 294363,
    "title" : "Karnataka: Live in the USA",
    "overview" : "Karnataka is currently on tour in the UK and has won awards for both best band and best female vocalist. This DVD features the first foray into the USA by the band",
    "genres" : [ {
      "id" : 10402,
      "name" : "Music"
    } ]
  }, {
    "id" : 294368,
    "title" : "An Open Secret",
    "overview" : "An investigation into accusations of teenagers being sexually abused within the film industry.",
    "genres" : [ {
      "id" : 99,
      "name" : "Documentary"
    } ]
  }, {
    "id" : 294373,
    "title" : "Looney Lens: Anamorphic People",
    "overview" : "[Looney Lens: Anamorphic People] (1927) is unreleased footage by Fox Newsreel cameraman Al Brick shot through distorting mirrors.",
    "genres" : [ ]
  }, {
    "id" : 294383,
    "title" : "Ay Jalisco No Te Rajes!",
    "overview" : "Little boy grows up to avenge his murdered father.",
    "genres" : [ ]
  }, {
    "id" : 294388,
    "title" : "Millionnaires",
    "overview" : "",
    "genres" : [ {
      "id" : 18,
      "name" : "Drama"
    } ]
  }, {
    "id" : 294393,
    "title" : "One man",
    "overview" : "In a desert, a woman is in trouble and only one man can save her. One Man, the super sexy superhero for whom women go crazy. One Man, your traditional superhero with a difference.",
    "genres" : [ ]
  }, {
    "id" : 294398,
    "title" : "Hairy Beaver - Bärenjäger 6",
    "overview" : "",
    "genres" : [ ]
  }, {
    "id" : 294403,
    "title" : "The Next She-Male Idol 9",
    "overview" : "",
    "genres" : [ ]
  }, {
    "id" : 294408,
    "title" : "The Bait",
    "overview" : "Brenna’s world is turned upside down as her pampered life as a trophy wife comes to an abrupt end. As things continue to spiral out of control, she finds herself in jail with no money or friends. Enter Charlie … a hardened bounty hunter that is desperately running out of time to bring in a dangerous criminal. Desperate, he agrees to bail out Brenna and share the reward money with her if she’ll go undercover in a strip club. With Brenna serving as “the bait”, Charlie surprisingly finds himself falling for the once bratty housewife. Stay tuned as we find out who ultimately gets “hooked”!",
    "genres" : [ {
      "id" : 28,
      "name" : "Action"
    }, {
      "id" : 35,
      "name" : "Comedy"
    } ]
  }, {
    "id" : 294413,
    "title" : "Aagadu",
    "overview" : "Shankar (Mahesh Babu) is an orphan who is adopted by a sincere police officer (Rajendra Prasad). But he is forced to leave and become a cop on his own. Shankar is a powerful police officer who uses unconventional methods to bring criminals to justice. He is posted to a village where Damodhar (Sonusood) is building a power plant, which is fiercely opposed by the locals. Shankar finds a personal connection after going to the village. Rest of the story is all about how Shankar sets everything right.",
    "genres" : [ {
      "id" : 28,
      "name" : "Action"
    }, {
      "id" : 35,
      "name" : "Comedy"
    }, {
      "id" : 18,
      "name" : "Drama"
    } ]
  }, {
    "id" : 294418,
    "title" : "If I Could Be God Just Once",
    "overview" : "",
    "genres" : [ {
      "id" : 35,
      "name" : "Comedy"
    } ]
  }, {
    "id" : 294423,
    "title" : "Pearl Pistols",
    "overview" : "Queen Mother Moore speaking at Greenhaven Federal Prison, 1973.",
    "genres" : [ {
      "id" : 16,
      "name" : "Animation"
    } ]
  }, {
    "id" : 294428,
    "title" : "Konjunkturritter",
    "overview" : "",
    "genres" : [ {
      "id" : 18,
      "name" : "Drama"
    } ]
  }, {
    "id" : 294433,
    "title" : "Els noms de Crist",
    "overview" : "Episodic film, divided into 14 chapters, based on the play De los nombres de Cristo (1586), by Fray Luis de Leon and intended for exhibition \"Are You Ready for TV?\". Filmed partly in the rooms of MACBA (Museu d'Art Contemporani de Barcelona), is about the difficulty of naming or visually represent abstract concepts.",
    "genres" : [ ]
  }, {
    "id" : 294438,
    "title" : "Elias De Kleine Reddingsboot - Deel 1",
    "overview" : "",
    "genres" : [ ]
  }, {
    "id" : 294443,
    "title" : "Elias De Kleine Reddingsboot - Deel 3",
    "overview" : "",
    "genres" : [ ]
  }, {
    "id" : 294448,
    "title" : "Bible Black Origins",
    "overview" : "",
    "genres" : [ {
      "id" : 16,
      "name" : "Animation"
    } ]
  }, {
    "id" : 294458,
    "title" : "Vincent",
    "overview" : "Vincent has an extraordinary ability: his strength and reflexes increase tenfold when in contact with water. To make full use of this gift, he settles in a region with many lakes and rivers, and that is isolated enough to allow him to live a peaceful life. Then one day, during an aquatic escapade, he encounters Lucie...",
    "genres" : [ {
      "id" : 12,
      "name" : "Adventure"
    }, {
      "id" : 35,
      "name" : "Comedy"
    }, {
      "id" : 14,
      "name" : "Fantasy"
    } ]
  }, {
    "id" : 294463,
    "title" : "Lou!",
    "overview" : "Lou, a creative and dreamy 12-year-old girl, lives alone with her mother in an orange building with tons of little balconies that give access to the roof. Mina has been her best friend since kindergarten, and Lou has been in love with Tristan, one of her neighbors, since elementary school. Her mother has relinquished her own personal happiness of late so as to devote herself to her daughter, but their little bubble bursts when Mom meets a man and Lou at last dares speak to Tristan.",
    "genres" : [ {
      "id" : 35,
      "name" : "Comedy"
    } ]
  }, {
    "id" : 294473,
    "title" : "EZ3kiel - The Naphtaline Orchestra DVD",
    "overview" : "",
    "genres" : [ ]
  }, {
    "id" : 294478,
    "title" : "Private Gold 174: St. Valentine's College Sluts",
    "overview" : "Prepare for these super pretty, eager young women to turn into sluts right before your eyes! They're out of control and they're fucking every hung stud on campus!",
    "genres" : [ ]
  }, {
    "id" : 294483,
    "title" : "Wir waren Könige",
    "overview" : "Violent youth gangs and a police force way out of its depth. When a police operation goes awry and two policemen die, the powder keg threatens to ignite as the SWAT team knows only one goal: revenge - irrespective of the law.",
    "genres" : [ {
      "id" : 18,
      "name" : "Drama"
    }, {
      "id" : 80,
      "name" : "Crime"
    }, {
      "id" : 53,
      "name" : "Thriller"
    } ]
  }, {
    "id" : 294488,
    "title" : "Maniac Too!",
    "overview" : "In this sex horror directed by Sean Weathers, we enter into the waking dreams of a deranged serial rapist.",
    "genres" : [ ]
  }, {
    "id" : 294493,
    "title" : "Mi Amigo",
    "overview" : "Thirty years after separating when their friendship is harmed by a mutual love of the same woman, two friends, Bobby Ray and Pal, return to their hometown to settle old debts.",
    "genres" : [ ]
  }, {
    "id" : 294498,
    "title" : "Mission",
    "overview" : "Film starring Joshua Leonard, Evan Arnold, Chris Coburn, Sandrine Holt",
    "genres" : [ ]
  }, {
    "id" : 294508,
    "title" : "My Big Phat Hip Hop Family",
    "overview" : "Audrey is a typical music student at a large Midwestern college, interested in pursuing a career in classical music. Her apparent \"normalcy,\" however, makes her something of a misfit in her family, made up as it is by a group of outrageous performers. Audrey's parents were funk/ R&amp; B stars in the 1970s, while her brother currently reigns supreme on the hip hop and fashion scene, and her precocious little sister is a streetsmart MC in the manner of Lil' Kim. Audrey finds this family tree a little embarrassing, and is somewhat disdainful of the ego and trappings of pop culture entertainment, so she hides her clan from her new boyfriend. This unfortunately becomes a bit difficult to maintain when the family shows up for a visit. The campus will never be the same again!",
    "genres" : [ ]
  }, {
    "id" : 294513,
    "title" : "New Faces",
    "overview" : "New Faces was a musical revue with songs and comedy skits tied together by a quirky plot. It ran on Broadway for nearly a year in 1952 and was then made into a motion picture in 1954. It helped jump start the careers of several young performers including Paul Lynde, Alice Ghostley, Eartha Kitt, Carol Lawrence, performer/writer Mel Brooks (as Melvin Brooks), and lyricist Sheldon Harnick. The film was basically a reproduction of the stage revue with a thin plot added. The plot involved a producer and performer (Ronny Graham) in financial trouble and is trying to stave off an angry creditor long enough to open his show. A wealthy Texan offers to help out, on the condition that his daughter be in the show.",
    "genres" : [ ]
  }, {
    "id" : 294518,
    "title" : "Height of the Sky",
    "overview" : "Landowners and sharecroppers clash as their worlds are destroyed by secrets.",
    "genres" : [ ]
  }, {
    "id" : 294523,
    "title" : "HENDRIX ON HENDRIX",
    "overview" : "An unauthorized biography. Leon Hendrix, brother to Jimi opens up in an exclusive interview first looking at the family issues then at the private Jimi and the professional musician. In addition first hand footage of the Rainbow Bridge performance.",
    "genres" : [ ]
  }, {
    "id" : 294528,
    "title" : "Nuit Bleue",
    "overview" : "A young woman, Antonia, returns to her island of birth, Corsica, after one of her relatives has disappeared at sea. She is torn back and forth between her old love Ettore and the dumb Alexander. The quest for Antonia's place in the masculine environment of armed nationalism is an excuse for all kinds of peregrinations in the spectacular landscape of Cap Corse - a landscape that itself becomes a leading character.",
    "genres" : [ {
      "id" : 18,
      "name" : "Drama"
    } ]
  }, {
    "id" : 294533,
    "title" : "Baldessari Sings LeWitt",
    "overview" : "From Wikipedia- \"In a 1972 tribute to fellow artist Sol LeWitt, Baldessari sang lines from LeWitt's thirty-five statements on conceptual art to the tune of popular songs.\"",
    "genres" : [ ]
  }, {
    "id" : 294538,
    "title" : "Hit by Lightning",
    "overview" : "When Ricky Miller, a single, quiet 40-year old aspiring writer and manager of Debbie's (think Denny's) and probably the last person you'd notice in a crowd is 'hit by lightning' and meets the love of his life, the beautiful Danita on E-Happily.com, he is catapulted into a relationship online but it's a lot more than what he bargained for - this includes being asked to kill! Hounded by his best friend Seth who thinks no \"10\" would even go out with a guy like Ricky unless she had ulterior motives (or needed glasses), Ricky starts to get skeptical himself. Turns out, Danita confesses she's actually married to a handsome affable crime novelist and former Rabbi, Ben Jacobs. Is Danita telling Ricky the truth when she says wants to leave her husband but fears for her life if she does? Will Ricky go through with the plan to kill him so he and Danita can live happily ever after?",
    "genres" : [ {
      "id" : 10749,
      "name" : "Romance"
    }, {
      "id" : 35,
      "name" : "Comedy"
    }, {
      "id" : 80,
      "name" : "Crime"
    } ]
  }, {
    "id" : 294543,
    "title" : "Pelican Dreams",
    "overview" : "Sundance-and-Emmy-Award-winning filmmaker Judy Irving (with her first film since the widely acclaimed and loved “The Wild Parrots of Telegraph Hill”) follows a wayward California brown pelican from her “arrest” on the Golden Gate Bridge into care at a wildlife rehabilitation facility, and from there explores pelicans’ nesting grounds, Pacific coast migration, and survival challenges of these ancient birds, sometimes referred to as the flying dinosaurs. The film is about wildness, and asks the following questions: how close can we get to a wild animal without taming or harming it? Why do we need wildness in our lives, and how can we protect it? PELICAN DREAMS, stars “Gigi” (for Golden Gate) and Morro (a backyard pelican with an injured wing).",
    "genres" : [ {
      "id" : 99,
      "name" : "Documentary"
    } ]
  }, {
    "id" : 294548,
    "title" : "Shadows Light",
    "overview" : "Film starring Tom Phillips, Tucky Williams, Jessica Kline, Boris Nacev, Vesna Stanojevska, Sabina Ajrula-Tozija",
    "genres" : [ ]
  }, {
    "id" : 294553,
    "title" : "Le bœuf clandestin",
    "overview" : "",
    "genres" : [ {
      "id" : 35,
      "name" : "Comedy"
    } ]
  }, {
    "id" : 294558,
    "title" : "A Commandant of Birds Island",
    "overview" : "A  few very hard days from the life of Kositsyn - the sailor from the coast guard ship.",
    "genres" : [ {
      "id" : 12,
      "name" : "Adventure"
    } ]
  }, {
    "id" : 294563,
    "title" : "R.I.C.C.O.",
    "overview" : "A lawyer witnesses the murder of an informant at the hands of a secret task force that has become corrupt and hoes on the run.",
    "genres" : [ ]
  }, {
    "id" : 294568,
    "title" : "Am seidenen Faden",
    "overview" : "",
    "genres" : [ {
      "id" : 18,
      "name" : "Drama"
    } ]
  }, {
    "id" : 294578,
    "title" : "The Jack of Spades",
    "overview" : "In a marginalized New Orleans still trying desperately to recover from Katrina, a private eye on the fringes of society reluctantly investigates two murders - one present day, one thirty years old. But even as detective Jack Spade encounters ancient French Quarter jewelers, shifty bayou drunks, rich uptown socialites, mysterious street prostitutes, exotic voodoo fortune tellers, corrupt police lieutenants, and homicidal Mardi Gras jesters - none of whom he can trust individually - he can't continue to ignore the mounting evidence that his father may have been involved in both crimes.",
    "genres" : [ ]
  }, {
    "id" : 294583,
    "title" : "Die Nacht der Entscheidung",
    "overview" : "",
    "genres" : [ {
      "id" : 18,
      "name" : "Drama"
    } ]
  }, {
    "id" : 294588,
    "title" : "The Unamenables",
    "overview" : "A comedy about a young girl working in a big factory tries to help two unamenable guys to become a perfect employees.",
    "genres" : [ {
      "id" : 10749,
      "name" : "Romance"
    }, {
      "id" : 35,
      "name" : "Comedy"
    } ]
  }, {
    "id" : 294593,
    "title" : "Kornblumenblau",
    "overview" : "",
    "genres" : [ {
      "id" : 35,
      "name" : "Comedy"
    } ]
  }, {
    "id" : 294598,
    "title" : "Der Stammbaum des Dr. Pistorius",
    "overview" : "",
    "genres" : [ {
      "id" : 18,
      "name" : "Drama"
    } ]
  }, {
    "id" : 294603,
    "title" : "Der Vierte kommt nicht",
    "overview" : "",
    "genres" : [ {
      "id" : 80,
      "name" : "Crime"
    } ]
  }, {
    "id" : 294608,
    "title" : "The Light of Freedom",
    "overview" : "It is the year 1861 and President Lincoln has called for 75,000 men to join the Union Army. As the Civil War begins, another battle has been raging for decades. It is the fight for freedom waged by the Underground Railroad.",
    "genres" : [ ]
  }, {
    "id" : 294613,
    "title" : "The Lonesome Trail",
    "overview" : "Back from the Indian wars, a cowboy wages a single-handed war against a land baron and his henchmen. After his shooting hand is disabled, he masters the bow and arrow to take on the gang one arrow at a time!",
    "genres" : [ {
      "id" : 37,
      "name" : "Western"
    } ]
  }, {
    "id" : 294618,
    "title" : "Lost in Buenos Aires",
    "overview" : "Mike Dalton is tired of his life in LA and decides to move to Buenos Aires in pursuit of happiness.",
    "genres" : [ ]
  }, {
    "id" : 294623,
    "title" : "Himmel, wir erben ein Schloß",
    "overview" : "",
    "genres" : [ {
      "id" : 35,
      "name" : "Comedy"
    } ]
  }, {
    "id" : 294628,
    "title" : "Hairdo U",
    "overview" : "Two construction workers take their frustrations out on an effeminate hairdresser.  After being found guilty of the assault, they are sentenced to community service at the beauty college.  Hilarity ensues.",
    "genres" : [ ]
  }, {
    "id" : 294633,
    "title" : "Mike Case in: The Big Kiss Off",
    "overview" : "“Mike Case in: The Big Kiss Off” is about Mike Case, a low-rent private detective who works out of his car and advertises on Craigslist. When hired by the sexy yet unstable socialite Victoria Billows to find her missing husband, Lennie, Mike finds himself face to face with raving lunatics, new age con artists, and, of course, beautiful women.",
    "genres" : [ {
      "id" : 35,
      "name" : "Comedy"
    } ]
  }, {
    "id" : 294638,
    "title" : "The Hollywood Detective",
    "overview" : "An actor at the end of the line who used to play a PI on TV turns to real detective work when a fan of his begs him to help her.",
    "genres" : [ {
      "id" : 10770,
      "name" : "TV Movie"
    }, {
      "id" : 80,
      "name" : "Crime"
    }, {
      "id" : 18,
      "name" : "Drama"
    }, {
      "id" : 53,
      "name" : "Thriller"
    } ]
  }, {
    "id" : 294643,
    "title" : "Da Vinci's War",
    "overview" : "A veteran and his war buddies hunt for the killer of the veteran's sister.",
    "genres" : [ {
      "id" : 28,
      "name" : "Action"
    } ]
  }, {
    "id" : 294648,
    "title" : "Man, a Natural Girl",
    "overview" : "Miike's first television production in seven years (since 1992's Last Run), Tennen Shoujo Mahn (lit: Natural Girl Mahn) is an adaptation of a manga series by Tetsuya Koshiba about a schoolgirl with extraordinary fighting prowess.",
    "genres" : [ ]
  }, {
    "id" : 294653,
    "title" : "Undertone",
    "overview" : "\"In this now infamous tape, exemplary of his early transgressive performance style, Acconci sits and relates a masturbatory fantasy about a girl rubbing his legs under the table. Carrying on a rambling dialogue that shifts back and forth between the camera/spectator and himself, Acconci sexualizes the implicit contract between performer and viewer - the viewer serving as a voyeur who makes the performance possible by watching and completing the scene, believing the fantasy.\"",
    "genres" : [ ]
  }, {
    "id" : 294658,
    "title" : "Lost Innocence 1",
    "overview" : "Full of hardcore hole stretching and muscle studs, the debut release from Bulldog Red will blow you away! Ashley Ryder, on a journey from sweet and innocent to super bottom sexual fiend, takes what he’s given in this completely uninhibited show of pure lust. Picking up guys in the park is how Ashley passes his time. These horned up men give Ashley exactly what he wants and they always leave satisfied. The final scene is absolutely stunning, with no holds barred fucking, hot wax, huge dildos, and hard hairy men.",
    "genres" : [ ]
  }, {
    "id" : 294663,
    "title" : "Couleur locale",
    "overview" : "",
    "genres" : [ {
      "id" : 35,
      "name" : "Comedy"
    } ]
  }, {
    "id" : 294668,
    "title" : "Pirâmide: Além da Imaginação",
    "overview" : "",
    "genres" : [ {
      "id" : 99,
      "name" : "Documentary"
    } ]
  }, {
    "id" : 294673,
    "title" : "Ein Fall für den Fuchs - In Vino Veritas",
    "overview" : "",
    "genres" : [ {
      "id" : 35,
      "name" : "Comedy"
    }, {
      "id" : 80,
      "name" : "Crime"
    } ]
  }, {
    "id" : 294678,
    "title" : "Muss man sich gleich scheiden lassen?",
    "overview" : "",
    "genres" : [ {
      "id" : 35,
      "name" : "Comedy"
    } ]
  }, {
    "id" : 294683,
    "title" : "Affäre Dreyfus",
    "overview" : "",
    "genres" : [ {
      "id" : 36,
      "name" : "History"
    } ]
  }, {
    "id" : 294688,
    "title" : "Die kleinen Füchse",
    "overview" : "",
    "genres" : [ {
      "id" : 18,
      "name" : "Drama"
    } ]
  }, {
    "id" : 294693,
    "title" : "Das Lächeln der Gioconda",
    "overview" : "",
    "genres" : [ {
      "id" : 18,
      "name" : "Drama"
    } ]
  }, {
    "id" : 294698,
    "title" : "Immobilien",
    "overview" : "",
    "genres" : [ {
      "id" : 18,
      "name" : "Drama"
    } ]
  }, {
    "id" : 294703,
    "title" : "The Maneater",
    "overview" : "",
    "genres" : [ {
      "id" : 18,
      "name" : "Drama"
    } ]
  }, {
    "id" : 294708,
    "title" : "The Filmmaker and the Labyrinth",
    "overview" : "A documentary looking at the life and films of Francesco Rosi.",
    "genres" : [ {
      "id" : 99,
      "name" : "Documentary"
    } ]
  }, {
    "id" : 294718,
    "title" : "Fusa",
    "overview" : "Period piece about a samurai who marries a mysterious beautiful young woman who claims to have lost her memory.",
    "genres" : [ ]
  }, {
    "id" : 294723,
    "title" : "Visitante de invierno",
    "overview" : "",
    "genres" : [ {
      "id" : 27,
      "name" : "Horror"
    } ]
  }, {
    "id" : 294728,
    "title" : "Heritage Fight",
    "overview" : "",
    "genres" : [ {
      "id" : 99,
      "name" : "Documentary"
    } ]
  }, {
    "id" : 294733,
    "title" : "Iskalawags",
    "overview" : "One day, in the small peaceful town of Barrio Malinawon, seven young punks, who call themselves the Iskalawags because of their shared love for Filipino action movies (particularly those starred by their idol Jeric Raval), decide to set out on a mini quest to find the tree that according to Palot-the gang's de facto leader-bears the lone papaya fruit as large as the belly of Intoy's father.",
    "genres" : [ {
      "id" : 28,
      "name" : "Action"
    } ]
  }, {
    "id" : 294738,
    "title" : "O-ha! Ako Pa?",
    "overview" : "a film by Mike Relon Makiling.",
    "genres" : [ {
      "id" : 35,
      "name" : "Comedy"
    } ]
  }, {
    "id" : 294743,
    "title" : "A Journey to Haifa",
    "overview" : "An openly gay filmmaker goes on a conservative religious pilgrimage to Haifa, Israel with his family.",
    "genres" : [ {
      "id" : 99,
      "name" : "Documentary"
    } ]
  }, {
    "id" : 294748,
    "title" : "Untiring Journey of the Red Suitcase",
    "overview" : "The tradition of close Filipino family ties makes its way to a small, wool-producing town in Italy.",
    "genres" : [ {
      "id" : 99,
      "name" : "Documentary"
    } ]
  }, {
    "id" : 294753,
    "title" : "Sleepless Nights",
    "overview" : "Film starring Chiara Caselli, Jacqueline Anderson, Richard Ryan, Matthew Thomas, Max Von Sydow, Stefano Dionisi",
    "genres" : [ ]
  }, {
    "id" : 294763,
    "title" : "The Strike",
    "overview" : "Action Adventure Film",
    "genres" : [ ]
  }, {
    "id" : 294768,
    "title" : "Completely Wicked",
    "overview" : "Conceived from the deviant dark mind of Samantha Saint, the Wicked Pictures Contract Star pushes the proverbial envelope! With an all-star cast - handpicked by the blonde bombshell, all inhibitions are left at the door. The result? Samantha Saint at her nastiest!",
    "genres" : [ ]
  }, {
    "id" : 294773,
    "title" : "The Fortuneteller",
    "overview" : "Messina, an outcast and failed fortuneteller returns to her hometown to save her daughter Claire from a syndicate that aims to exploit her gift of fortune telling. When Messina returns, she finds her daughter caught in debt and the squabble of a petty syndicate running a band of fortunetellers for the unwary, desperate answer-seekers. For years, their hometown has been grooming one great fortuneteller just as they had hailed Dorothea as the town's leader. Dorothea is the grandmother of Claire who appears in her dreams. A helpful fortuneteller named Rachel teaches Messina that the only way to save her daughter is to embrace a gift she has vowed to give up, the ability to see the future no matter how bleak and inescapable.",
    "genres" : [ {
      "id" : 18,
      "name" : "Drama"
    } ]
  }, {
    "id" : 294778,
    "title" : "Si Ako At... Tres Muskiteros!",
    "overview" : "a film by Bobby P. Santiago.",
    "genres" : [ {
      "id" : 35,
      "name" : "Comedy"
    } ]
  }, {
    "id" : 294783,
    "title" : "Wooly Booly: Ang Classmate Kong Alien",
    "overview" : "a film by Ben Feleo.",
    "genres" : [ {
      "id" : 878,
      "name" : "Science Fiction"
    }, {
      "id" : 35,
      "name" : "Comedy"
    } ]
  }, {
    "id" : 294788,
    "title" : "Count it Down: Casting Scandals",
    "overview" : "Presented by TVGN. In-fighting, salary disputes and bad behavior are just some of the reasons for these high profile casting scandals. TVGN is taking viewers behind-the-scenes of the 25 most infamous cast swaps.",
    "genres" : [ ]
  }, {
    "id" : 294793,
    "title" : "All the Old Knives",
    "overview" : "Romance and espionage set the stage for this thriller when two former lovers meet for one meal that one of them may not survive.",
    "genres" : [ {
      "id" : 10749,
      "name" : "Romance"
    }, {
      "id" : 28,
      "name" : "Action"
    }, {
      "id" : 53,
      "name" : "Thriller"
    } ]
  } ]
}