{
  "movies" : [ {
    "id" : 185283,
    "title" : "Tribe",
    "overview" : "In the darker side of Manila-by-night, tribes of youthful gangsters roam the streets in search of quick fixes and precarious thrills. World-weary Tondo throbs to the beat of of hiphop and freestyle gangsta rap, and to the scents and sensations of drugs and sex and violence.  We witness this crepus-cular underworld through the eyes of ten-year-old Ebet. We follow him as he witnesses the deadly lives of teen age gang members in Tondo and the events that lead to their explosive confrontation.",
    "genres" : [ {
      "id" : 80,
      "name" : "Crime"
    }, {
      "id" : 18,
      "name" : "Drama"
    } ]
  }, {
    "id" : 185298,
    "title" : "Kiss [1996] Prague Nite 1 Alive World Wide",
    "overview" : "Kiss live at Sportovni hala, Prague, Czech Republic, December 14, 1996. First ever KISS concert in Czech Republic",
    "genres" : [ ]
  }, {
    "id" : 185308,
    "title" : "Dogging Tales",
    "overview" : "Many people have heard of dogging but very few know what goes on in this secretive world. This intimate and compelling True Stories film provides an insight into why men and women engage in or watch sexual activity in front of strangers in public areas, under the cover of darkness. Dogging Tales is directed by award-winning photographer Leo Maguire - who made his critically-acclaimed debut in 2012 with Gypsy Blood: True Stories. Interviews with doggers begin in the 'real world' as their day draws to a close and they discuss their normal lives. As they go out they shed their daytime personas and Maguire accompanies them to lay-bys, woods and picnic spots around the UK that often double as dogging locations after dusk.",
    "genres" : [ {
      "id" : 99,
      "name" : "Documentary"
    } ]
  }, {
    "id" : 185313,
    "title" : "Kiss [1983] Madrid 1983",
    "overview" : "Kiss live at Pabellon Del Real Madrid. Madrid, Spain. October 14, 1983.\r I Love It Loud, Detroit Rock City, Lick It Up.",
    "genres" : [ ]
  }, {
    "id" : 185338,
    "title" : "Journey to the Lost City",
    "overview" : "An exotic dancing girl of India inflames the passions of a traveling draftsman.",
    "genres" : [ {
      "id" : 12,
      "name" : "Adventure"
    } ]
  }, {
    "id" : 185343,
    "title" : "Delicious Peace Grows in a Ugandan Coffee Bean",
    "overview" : "The Abayudaya are Ugandan Jews, who once numbered 5000; but due to casualties from Idi Amin’s regime of terror, only a small group remains. Living with lingering intolerance as well as collapsed coffee prices, struggling Jewish, Christian and Muslim coffee farmers put aside their differences and form the Delicious Peace Coffee Cooperative. What follows is an uplifting and inspiring story.",
    "genres" : [ {
      "id" : 99,
      "name" : "Documentary"
    } ]
  }, {
    "id" : 185348,
    "title" : "Unashamed: A Romance",
    "overview" : "Rae Lane entices her workaholic boss to come to a nudist camp in the hopes of winning his heart. Things go swimmingly, with lots of nude golfing and volleyball and some comic relief, until attractive and pert blond Barbara, captures his attention. Unable to loose her love, Rae commits suicide. Written by Kieran Kenney",
    "genres" : [ {
      "id" : 10749,
      "name" : "Romance"
    }, {
      "id" : 18,
      "name" : "Drama"
    } ]
  }, {
    "id" : 185353,
    "title" : "Wolfheart's Revenge",
    "overview" : "Blake, the crooked foreman of a cattle ranch, murders a sheep rancher. Then after framing ranch hand Jack for the murder, he urges the ranch hands to hang him. But Jack's dog Wolfheart finds evidence implicating Blake in the murder. The ranch owner then stops the hanging and Jack and Wolfheart head out after Blake. Written by Maurice VanAuken",
    "genres" : [ ]
  }, {
    "id" : 185363,
    "title" : "Ice Cream",
    "overview" : "This film was shown at Sundance, the MOMA New Directors New Films Fest, and won the grand prize at the Aspen Short Fest.",
    "genres" : [ ]
  }, {
    "id" : 185368,
    "title" : "Hello There",
    "overview" : "A film by Louis C.K.",
    "genres" : [ ]
  }, {
    "id" : 185373,
    "title" : "The Slave Wife",
    "overview" : "When a stuck-up and privileged lady of a wealthy family is left to fend for herself, her butler decides to teach her some overdue humility through BDSM. His spiral of debauchery is soon overtaken by madness, and his sex games threaten to harm more than just her social standing and pride... Perhaps the most sadistic and bizarre film in Nikkatsu's lengthy Oniroku Dan/Naomi Tani collaboration, SLAVE WIFE (aka Captured for Sex 3) is a disturbing portrait of a man who’s life as a servant has driven him to revenge and ultimate satisfaction, and the beautiful woman who must endure his perverted wrath. Be warned, the final act is NOT for those who don’t realize how nasty Nikkatsu’s Roman Porno line can get.",
    "genres" : [ {
      "id" : 53,
      "name" : "Thriller"
    } ]
  }, {
    "id" : 185383,
    "title" : "Hunting Time",
    "overview" : "When photographer Eran Barak moves into an apartment in Haifa, he spends his days observing the neighbourhood: three high-rise residential buildings under construction, forever changing the neighbourhood; a photograph of two eternally smiling teenagers killed in a car accident, taped to a small monument; an aging Nazi hunter looking for recognition. As he absorbs it all, these seemingly unrelated elements enter his apartment in the form of photographs that line his walls. Reminiscent of the work of Chris Marker, Barak’s Hunting Time is a poetic and moving meditation on memories and remembrance, history and documentation, reality and imagination.",
    "genres" : [ {
      "id" : 99,
      "name" : "Documentary"
    } ]
  }, {
    "id" : 185393,
    "title" : "In the Presence of My Neighbours",
    "overview" : "In this startling investigative piece, Canadian-Greek journalist George Gedeon, though not Jewish himself, focuses his camera on the historic and current climate of attitudes among Greeks towards Jews. The Jewish population in Greece went from 70,000 prior to the Holocaust, to 5,000 today. During several visits to Greece and through interviews with Jewish leaders, Holocaust survivors and academics, Gedeon exposes the misinformed and intolerant views propagated by Greek mass media, church sermons and the general public.",
    "genres" : [ {
      "id" : 99,
      "name" : "Documentary"
    } ]
  }, {
    "id" : 185408,
    "title" : "El armario del tiempo",
    "overview" : "Collection of the following 7 short films from the series 'Mortadelo y Filemón, agencia de información':",
    "genres" : [ ]
  }, {
    "id" : 185433,
    "title" : "Condemned",
    "overview" : "1959. Desperate, branded, forgotten by the law, Female Convict #1031 fights to stay alive in the concrete womb. Condemned by her fellow inmates and in her own mind, #1031 expects the worst. When a new inmate, Laura (#1059), is brought into the cell, #1031's paranoia grows. Is this striking Blonde to be her ally, or possibly, her executioner?",
    "genres" : [ {
      "id" : 18,
      "name" : "Drama"
    } ]
  }, {
    "id" : 185438,
    "title" : "The Runaway Horse",
    "overview" : "A laundry man parks his horse-drawn cart to make a delivery. While he is inside, his horse sees a bag of oats and starts to eat them. By the time the man comes back outside, the horse has eaten a whole bag of oats, and has so much energy that he begins to race out of control.",
    "genres" : [ {
      "id" : 28,
      "name" : "Action"
    }, {
      "id" : 35,
      "name" : "Comedy"
    } ]
  }, {
    "id" : 185453,
    "title" : "Deadly Game",
    "overview" : "A military convoy is transporting something apparently for disposal. They pass by Sheriff Abel Marsh's town and they are passing by property that's owned by Amy Franklin who is the girlfriend of Abel's deputy, Malcolm. Before they know it, everything around the property is uninhabitable. The army returns to clean things up and make restitution. But there is one nagging question, was this an accident or was it deliberate? That is something Abel is most interested in finding out.",
    "genres" : [ {
      "id" : 18,
      "name" : "Drama"
    } ]
  }, {
    "id" : 185458,
    "title" : "Maria Bethânia: Noite Luzidia",
    "overview" : "Recorded at Canecão in 2001, this historic show celebrates Maria Bethânia's 35-year career with guest appearances from MPB. The DVD also shows testimonials from various artists and the soundtrack that was the beginning of this great and memorable party.",
    "genres" : [ ]
  }, {
    "id" : 185468,
    "title" : "UFC on Fuel TV: Mousasi vs. Latifi",
    "overview" : "UFC on Fuel TV: Mousasi vs. Latifi (also known as UFC on Fuel TV 9 or UFC Sweden 2) was a mixed martial arts event held on April 6, 2013 at the Ericsson Globe Arena in Stockholm, Sweden. The event was broadcast live on Fuel TV.",
    "genres" : [ ]
  }, {
    "id" : 185488,
    "title" : "Edgar Wallace - Das Haus der toten Augen",
    "overview" : "",
    "genres" : [ {
      "id" : 80,
      "name" : "Crime"
    }, {
      "id" : 9648,
      "name" : "Mystery"
    }, {
      "id" : 53,
      "name" : "Thriller"
    } ]
  }, {
    "id" : 185493,
    "title" : "Citizen Buelna",
    "overview" : "Rafael Buelna Tenorio, our citizen, is a law student of Sinaloa, committed to his ideals during the Mexican Rvolution. He died at 33 years fighting for his deep conviction of justice and equality. He shared his life with Maria Luisa Sarría, supportive and loving wife, who understood the role of his partner in the revolutionary struggle. Citizen Buelna is a young maverick, unknown to the official story, who dreamed of a country with equality and justice.",
    "genres" : [ {
      "id" : 18,
      "name" : "Drama"
    } ]
  }, {
    "id" : 185508,
    "title" : "La guerra de papá",
    "overview" : "",
    "genres" : [ ]
  }, {
    "id" : 185518,
    "title" : "The Shining Trench of Chairman Gonzalo",
    "overview" : "A recreation of one day at the Canto Grande prison in Peru, following women guerrillas from the Maoist Shining Path movement in their morning marches to their bedtime chants. Kept isolated in their own cellblocks, the guerrillas refused to acknowledge that were imprisoned. Their cellblocks were another front in the People's War: \"shining trenches of combat\". This film shows the intense indoctrination and belief system of the brutal Latin American insurgency.",
    "genres" : [ ]
  }, {
    "id" : 185543,
    "title" : "Escapade",
    "overview" : "A romantic comedy-drama-musical of mistaken identity, infidelity and farce, set in Vienna at the turn of the 20th century.",
    "genres" : [ {
      "id" : 10749,
      "name" : "Romance"
    }, {
      "id" : 35,
      "name" : "Comedy"
    } ]
  }, {
    "id" : 185568,
    "title" : "The Soup, One Morning",
    "overview" : "Kitagawa and Shizu are lovers and roommates. Suffering from a panic disorder, Kitawgawa estranges himself from the world and entraps himself in the claustrophobic confines of the apartment. He leaves only to attend his new seminar. Initially heartened by his interest in this new venture, Shizu senses something fishy when he shows up with a strange amulet and begins to fill their place with unfamiliar furniture. When he commences rambling about the karmic life, she realizes that the man she cares for has become a complete stranger.",
    "genres" : [ ]
  }, {
    "id" : 185573,
    "title" : "Gila-Gila Remaja 2",
    "overview" : "The sequel of the 1985 classic “Gila-Gila Remaja” follows the modern youngsters in Malaysian society and takes a long ride to see the struggles faced by the young guns with actions, comedy, relationships and family. Hairul Azreen as Afiq is a youth who comes from a wealthy family and is interested in only motorcycle races and dance. Meanwhile, Faralyna Idris as Lisa is a poor village girl who mostly keeps to herself. Fizz Fairuz plays Haikal, Lisa’s strict brother who tries to control Lisa’s conversations and acquaintances. In college, Afiq falls for Lisa, but Lisa misunderstands Afiq behaviour because of their closeness, as she is also Erna’s best friend. Kris, who is interested in Erna, is jealous of Erna and Afiq’s friendship, which leads to a rivalry between the tw",
    "genres" : [ {
      "id" : 28,
      "name" : "Action"
    } ]
  }, {
    "id" : 185578,
    "title" : "Looking for Iara",
    "overview" : "Investigation of the life of ex-guerrilla Iara Iavelberg (1944-1971), a cultured and beautiful woman who left behind a comfortable family life opting to engage in an armed struggle against the Brazilian military dictatorship.",
    "genres" : [ {
      "id" : 99,
      "name" : "Documentary"
    } ]
  }, {
    "id" : 185583,
    "title" : "Waardenberg & de Jong: Begin maar vast",
    "overview" : "Theatershow",
    "genres" : [ ]
  }, {
    "id" : 185633,
    "title" : "Raza",
    "overview" : "",
    "genres" : [ {
      "id" : 18,
      "name" : "Drama"
    }, {
      "id" : 10752,
      "name" : "War"
    } ]
  }, {
    "id" : 185648,
    "title" : "The Girl and the Wooden Horse Torture",
    "overview" : "Nami is a masochistic high school student who is attacked and almost raped by a gang of hoodlums before being rescued by handsome teacher Muraki. The near-miss triggers bizarre hallucinations in Nami, and she imagines herself engaged in various S&M situations with Muraki, in which she is beaten, forced to urinate, and tortured on the titular wooden horse. The hallucinations grow progressively more real (and exciting) to Nami, and soon Muraki is accused of raping her and loses his teaching position.",
    "genres" : [ ]
  }, {
    "id" : 185668,
    "title" : "Rope Torture",
    "overview" : "After an indiscretion with a younger man, her jealous husband disciplines poor Miki. He teaches her how to become the pig that she really is.",
    "genres" : [ ]
  }, {
    "id" : 185673,
    "title" : "Bridal Doll",
    "overview" : "A man visiting a fun fair spots a young woman entranced by an exhibit of torture in the wax museum, and is compelled to follow her out...",
    "genres" : [ ]
  }, {
    "id" : 185678,
    "title" : "Big Breast Nurses 4",
    "overview" : "Tory Lane - Sascha is in a coma. Nurse Tony offers to help relieve the patient and maybe pull him out of the coma.\r Ava Devine - Nurse Ava discovers that Dane is a virgin. Nurse Ava knows just the procedure to see if his cock is working alright before he has sex for the first time!\r Jessica Bangkok - Dr. Johnson is undecided on who will be his new assitant. After a long decision process, Nurse Jessica takes matters and his cock into her own hands.\r Nyomi Banxxx - Nurse Banxxx is new to the hospital. Unsure about a certain procedure, Nurse Banxxx convinces the Doctor to let her practice with his cock!\r Bella Blaze - Nurse Bella is caught in a real sticky situation. Lucky for her, Doctor Jack knows just what to do!",
    "genres" : [ {
      "id" : 35,
      "name" : "Comedy"
    } ]
  }, {
    "id" : 185683,
    "title" : "After All",
    "overview" : "A darkly humorous black and white tale of a young boy, unable to fit in, finally realizing his calling while watching animals killing each other on nature documentaries. Raw non-sync early effort, interesting as an early and funny example of Buck's forays into continuing themes of painful isolation, suburban disassociation and the inherent violence that can follow.",
    "genres" : [ {
      "id" : 18,
      "name" : "Drama"
    } ]
  }, {
    "id" : 185688,
    "title" : "Home",
    "overview" : "Acting as both pseudo-sequel to, and remake of, Cutting Moments, Buck's follow-up  changes the focus from the matriarch to the father... or, more fittingly, the many fathers... and the sins they pass down. Eschews explicit violence for a more psychological approach, to a no less harrowing result.",
    "genres" : [ {
      "id" : 18,
      "name" : "Drama"
    } ]
  }, {
    "id" : 185693,
    "title" : "Blue Woman",
    "overview" : "Shima plays a woman who marries into a disapproving family which tricks her into appearing into a staged S&amp;M show in order to embarrass her. Unfortunately for Shima, the family patriarch decides to take her to his private dungeon for some real torture and degradation.",
    "genres" : [ {
      "id" : 53,
      "name" : "Thriller"
    }, {
      "id" : 27,
      "name" : "Horror"
    }, {
      "id" : 80,
      "name" : "Crime"
    } ]
  }, {
    "id" : 185698,
    "title" : "Double Rope Torture",
    "overview" : "Two sisters are captured by a bounty hunter for an S&amp;M nightclub .",
    "genres" : [ ]
  }, {
    "id" : 185708,
    "title" : "Beauty Rope Cosmetology",
    "overview" : "Miki is the daughter of an affluent family. She's an elegant and sophisticated girl who gets captured by a secret admirer. The sadist tortures Moo, successfully turning her into masochistic woman.",
    "genres" : [ ]
  }, {
    "id" : 185713,
    "title" : "I Will, I Will...For Now",
    "overview" : "Elliot Gould stars as Les Bingham, who takes umbrage that his ex-wife Katie (Diane Keaton) has a new love in life. What Les doesn't realize is that her new paramour is lawyer Lou Springer (Paul Sorvino). When Katie's sister Sally (Candy Clark) arrives and tells the two about her new, hip '70s marriage contract, Les and Katie decide to try to get together again under a more liberal marriage contract, like Katie's sister. But, unfortunately for the couple, the contract is planted with the seeds of self-destruction, having been drafted by Lou.",
    "genres" : [ {
      "id" : 10749,
      "name" : "Romance"
    }, {
      "id" : 35,
      "name" : "Comedy"
    } ]
  }, {
    "id" : 185738,
    "title" : "Stockholm",
    "overview" : "The story of the encounter between a boy and a girl. He confesses that he fell in love with her at first sight, but she does not believe him. However, as they walk through the night in Madrid, they share their desires, secrets, and maybe a few little lies. But soon the film brings us back to the harsh reality of power struggles, psychological games and conflicts between the sexes. Stockholm thus offers an incredible reading of the relations between young people today.",
    "genres" : [ {
      "id" : 18,
      "name" : "Drama"
    }, {
      "id" : 10749,
      "name" : "Romance"
    } ]
  }, {
    "id" : 185753,
    "title" : "THE MONEY FIX",
    "overview" : "Money is at the intersection of nearly every aspect of modern life. Most of us take the monetary system for granted, but it has a profound and largely misunderstood influence on our lives.  THE MONEY FIX is a feature-length documentary exploring our society’s relationship with the almighty dollar.",
    "genres" : [ {
      "id" : 99,
      "name" : "Documentary"
    } ]
  }, {
    "id" : 185763,
    "title" : "The Praying Mantis",
    "overview" : "",
    "genres" : [ {
      "id" : 53,
      "name" : "Thriller"
    }, {
      "id" : 35,
      "name" : "Comedy"
    } ]
  }, {
    "id" : 185768,
    "title" : "Boy Crazy",
    "overview" : "Love never sounded so good, until Corey must decide between two love interests and whether he wants to give up the joys of the single life.",
    "genres" : [ {
      "id" : 10402,
      "name" : "Music"
    } ]
  }, {
    "id" : 185778,
    "title" : "Rock 'N Learn: Phonics Easy Readers",
    "overview" : "Children ages 6 and up can teach themselves to read with a self-paced, kid-friendly program that has twelve entertaining stories that employ fun characters and build in sequence from the simple to the more complex. Kids have time to read each screen before hearing a voice read the highlighted words. In addition to community library children's multi-media collections, these titles (Alphabet Circus Video, Nursery Rhymes Video, Getting Ready for Kindergarten Video, and Phonics Easy Readers on DVD) are very highly recommended supplements for preschool, daycare, home schooling, and traditional curriculums. --Children's Bookwatch, September 2005",
    "genres" : [ ]
  }, {
    "id" : 185783,
    "title" : "Maisy: Animals",
    "overview" : "Join Maisy the colourful lovable mouse and her friends for fun and adventures. Maisy enjoys a fun packed day on the farm, helped by her friend the little black cat. She collects eggs from the chickens, rides a horse and feeds the geese and then she takes her tractor to muck out the pigs and the lambs before tucking everyone up in bed for the night.",
    "genres" : [ ]
  }, {
    "id" : 185808,
    "title" : "The Many Faces of Chika",
    "overview" : "Director Kazuo Hara tells the tale of the eponymous Chika and four different relationships she has during the turbulent political climate of the 1970s. Four different actresses play the role of Chika in order to emphasise the different ways she is perceived by her husband, a teacher, a student and an aging gangster.",
    "genres" : [ {
      "id" : 18,
      "name" : "Drama"
    } ]
  }, {
    "id" : 185818,
    "title" : "A Hypnotic Television Experience",
    "overview" : "What interests me is the hypnotic trance in which one can plunge a viewer. When you make a film and it works, you're like a shaman, a hypnotist.",
    "genres" : [ ]
  }, {
    "id" : 185828,
    "title" : "La peur, petit chasseur",
    "overview" : "One November day in the countryside a young boy is afraid to go into his house. He waits for his mother to join him in the garden.",
    "genres" : [ {
      "id" : 18,
      "name" : "Drama"
    } ]
  }, {
    "id" : 185843,
    "title" : "The Strangler",
    "overview" : "'Unhappy women are being murdered by Emile, a psychotic young man suffering from the delusion that his acts are mercy killings. The detective assigned to track down the killer resorts to seriously unorthodox and even unethical methods to get his man.",
    "genres" : [ {
      "id" : 18,
      "name" : "Drama"
    } ]
  }, {
    "id" : 185853,
    "title" : "El regalo de Silvia",
    "overview" : "",
    "genres" : [ ]
  }, {
    "id" : 185858,
    "title" : "Polisen i Strömstad: Polisen som vägrade svara",
    "overview" : "",
    "genres" : [ {
      "id" : 53,
      "name" : "Thriller"
    }, {
      "id" : 35,
      "name" : "Comedy"
    } ]
  }, {
    "id" : 185863,
    "title" : "Ça peut pas être l'hiver, on a même pas eu d'été",
    "overview" : "A 57 years old woman discovers herself after her husband's death.",
    "genres" : [ ]
  }, {
    "id" : 185903,
    "title" : "Alestorm: Live at GMM 2012",
    "overview" : "Live at GMM 2012",
    "genres" : [ ]
  }, {
    "id" : 185913,
    "title" : "Molly's Girl",
    "overview" : "An emotional misfit named Molly believes she's found love in a drunken one-night stand with a gay-marriage lesbian activist named Mercedes. But once sober, Mercedes discovers she cannot escape the clingy and desperate Molly. As she's about to call upon all of her legal options to rid herself of Molly, Mercedes learns that Molly's father is actually an influential state senator opposed to gay marriage. Seeing this as a golden opportunity, Mercedes convinces Molly to pretend that they are an engaged lesbian couple, though Molly's not at all gay, as a way to drive a stake into the senator's politics. But as Mercedes gets to know Molly's family, she begins to understand who Molly is and why they surprisingly share so much in common.",
    "genres" : [ ]
  }, {
    "id" : 185918,
    "title" : "The Ideal City",
    "overview" : "Actor turned director Luigi Lo Cascio stars as the talented architect and fervent environmentalist Michele who has moved from Palermo to his ideal city, Siena. He holds a successful job and is living out a dream experiment of functioning one year without running water or electricity. Not surprisingly, he also displays a passionate opposition to cars and driving. One evening, after being forced to borrow his boss’ car in order to collect a colleague for a work function, Michele’s life takes an unexpected turn.\r In the blinding rain Michele hits something he cannot identify. After leaving a note on a parked car he believes he damaged, he continues down the road only to come across a dead body a few miles down which he later discovers belongs to one of Siena’s most important luminaries. Michele immediately calls the police, but in doing so, he unwittingly brings intense suspicion on himself as his uncertainty raises more questions than he has answers for.",
    "genres" : [ {
      "id" : 18,
      "name" : "Drama"
    }, {
      "id" : 53,
      "name" : "Thriller"
    } ]
  }, {
    "id" : 185938,
    "title" : "Lullaby",
    "overview" : "A 1937 Soviet documentary film directed by Dziga Vertov. The film was shot to commemorate the 20th anniversary of the October Revolution. It focuses on the women and the role of motherhood, featuring images from across the Soviet Union, in particular the Far East.",
    "genres" : [ {
      "id" : 99,
      "name" : "Documentary"
    } ]
  }, {
    "id" : 185948,
    "title" : "Lil Wayne MTV Unplugged",
    "overview" : "Live performance.",
    "genres" : [ ]
  }, {
    "id" : 185953,
    "title" : "Bob Dylan - Hard Rain",
    "overview" : "Live performace",
    "genres" : [ ]
  }, {
    "id" : 185958,
    "title" : "Kamen Rider J",
    "overview" : "The story begins with three Aliens in human form preparing for a ritual to feed the Fog Mother's \"siblings\". The Fog Mother last came to earth during the Prehistoric Age and is the cause of the extinction of the dinosaurs. Kenji (KR J) and his kid sister are in the mountains, Kenji is investigating all the deaths of animals and trees there. The Fog Mother sends the three aliens, \"Prince Gorai\", \"Zoo\", and \"Agito\" to kidnap Kenji's baby sister for the sacrifice. During the course, \"Agito\" punches through Kenji's stomach and plunges to his death. Or did he?",
    "genres" : [ {
      "id" : 28,
      "name" : "Action"
    }, {
      "id" : 12,
      "name" : "Adventure"
    }, {
      "id" : 878,
      "name" : "Science Fiction"
    } ]
  }, {
    "id" : 185968,
    "title" : "Dýrin í Hálsaskógi",
    "overview" : "",
    "genres" : [ ]
  }, {
    "id" : 185973,
    "title" : "Lady Furious",
    "overview" : "A female detective does everything she can to mop up the mess brought into Korea by Hong Kong drugs lords.",
    "genres" : [ {
      "id" : 28,
      "name" : "Action"
    } ]
  }, {
    "id" : 185993,
    "title" : "Bóbó Bangsi og vinir hans - Sjóræningjaeyjan",
    "overview" : "",
    "genres" : [ ]
  }, {
    "id" : 185998,
    "title" : "Sweepstake Annie",
    "overview" : "A young woman who works in the movie business buys a sweepstakes ticket that turns out to be a winner. Her stroke of luck changes her life around--and not necessarily for the better.",
    "genres" : [ {
      "id" : 35,
      "name" : "Comedy"
    } ]
  }, {
    "id" : 186008,
    "title" : "James Brown Live From The House Of Blues",
    "overview" : "The hardest working man in show business brings down the House of Blues with a live concert event in Las Vegas. Recorded with high definition equipment, James Brown's influential music, uninhibited style and energetic stage presence are captured like never before. Generations of fans rejoice as the undisputed \"Godfather of Soul\" takes his diverse audience on a journey through five decades of chart-topping hits. Also includes an interview with Brown. Songs: Get Up Offa That Thing, Gonna Have a Funky Good Time, Living in America, Popcorn, Soul Power, Soul Man, I Got the Feeling, Hot Pants, Try Me, Prisoner of Love, Georgia on My Mind, If I Ruled the World, Why Don't You Do It Right, Papa's Got a Brand New Bag, Funk on a Roll, I Feel Good, Payback, Papa Don't Take No Mess, Please Please Please, Sex Machine.",
    "genres" : [ ]
  }, {
    "id" : 186018,
    "title" : "Stevie Ray Vaughan South Texas Tornado Jam",
    "overview" : "Decent quality Pro-shot Broadcast recordings of Stevie Ray Vaughan, recorded live at Steve Ely’s South Texas Tornado Jam, in Manor Downs, TX on July 11th, 1981.  DVD has a total running time of 29 minutes, and quality is about 7/10.  Tracks are as follows:  Come on\r Look at little sister\r Dirty pool\r Love struck baby\r You’ll be mine\r Manic depression",
    "genres" : [ ]
  }, {
    "id" : 186023,
    "title" : "The Blues Brothers: Soul Biscuit",
    "overview" : "The Blues Brothers Band captured live in performance at Winterland in 1978. The band were opening for the Grateful Dead and performed a number of their most popular songs including 'Can't Turn You Loose', 'Hey Bartender' and 'Soul Man'.",
    "genres" : [ ]
  }, {
    "id" : 186028,
    "title" : "Born to Gamble",
    "overview" : "A wealthy man relates how gambling had tragic consequences for his family.",
    "genres" : [ ]
  }, {
    "id" : 186033,
    "title" : "Buddy Guy: Live Montreal Jazz Festival 1997",
    "overview" : "Buddy Guy live at the Montreal Jazz Festival in 1997.",
    "genres" : [ ]
  }, {
    "id" : 186038,
    "title" : "Group Portrait with a Lady",
    "overview" : "The story follows the life of a regular German women Leni Gruyten during the 1930s and 1940s. Through her interactions with friends, family and other people she knows, the regular folks' perception of the Nazi era is shown. (IMDb)",
    "genres" : [ {
      "id" : 18,
      "name" : "Drama"
    }, {
      "id" : 36,
      "name" : "History"
    }, {
      "id" : 10749,
      "name" : "Romance"
    } ]
  }, {
    "id" : 186058,
    "title" : "Mrs. Scarlet Rose",
    "overview" : "Based on the novel by Oniroku Dan.",
    "genres" : [ {
      "id" : 18,
      "name" : "Drama"
    } ]
  }, {
    "id" : 186068,
    "title" : "Breaking the Frame",
    "overview" : "Breaking The Frame is a feature–length documentary portrait of the New York artist Carolee Schneemann by Canadian filmmaker Marielle Nitoslawska. A pioneer of performance and body art as well as avant-garde cinema, Schneemann has been breaking the frames of the art world for five decades, in a variety of mediums, challenging assumptions of feminism, gender, sexuality, and identity.",
    "genres" : [ {
      "id" : 99,
      "name" : "Documentary"
    } ]
  }, {
    "id" : 186083,
    "title" : "Please Abuse Me, Henrietta",
    "overview" : "A young widow (Keiko Kaja) becomes an SM call girl to pay off the debts accumulated by her yakuza husband. She's a depressed woman, merely going through the motions of existence, subjected to every cruel whim concocted by her clients. She's dedicated to the misery - even fmding comfort in it - stumbling through life like a zombie.",
    "genres" : [ ]
  }, {
    "id" : 186093,
    "title" : "Portrait Of A Callgirl dup",
    "overview" : "She is young, somewhat naive, and she has done wrong. She is romanced by materialism, and a type of lifestyle, but deep down something isn't right about the way she feels about herself. This manifests itself in her sexual emotions, and her dynamics, and this enables her to experience and come to terms with her deeper feelings of guilt and a lack of self worth. The story is intended to be a visually poetic and sexually powerful journey towards acquiring the freedom she has been searching for by being honest with herself, taking responsibility, and making amends.",
    "genres" : [ ]
  }, {
    "id" : 186098,
    "title" : "Dark Funeral: Attera Orbis Terrarum - Part I",
    "overview" : "This is the first DVD from the Swedish black metal band Dark Funeral. The group has been around since 1993, and their current lineup includes original guitarist Lord Ahriman and longtime vocalist Emperor Magus Caligula along with some newer members.  Attera Orbis Terrarum: Part I is a 2 DVD set that includes three live shows. The first one was recorded on March 12, 2005 in Katowic, Poland. Tilburg, Netherlands was the setting for the second concert and was recorded on March 5, 2006. The final concert on the DVD was filmed less than two weeks later in Paris, France.",
    "genres" : [ ]
  }, {
    "id" : 186103,
    "title" : "The Sex Boutique: Glory Holes",
    "overview" : "When Alektra stumbles upon a secret glory hole in a competitors bathroom, she decides to turn her boutique into a fantasy glory hole business. Her trusty assistant helps spread the word and soon business is booming, providing discerning women with a unique sexual experience. But things get complicated when Alektras boyfriend shows up to apply for a position. Will this be the end of their relationship? Or the beginning of an entirely new one? Pick your pleasure.",
    "genres" : [ ]
  }, {
    "id" : 186108,
    "title" : "Dimmu Borgir: Wacken 2001",
    "overview" : "Recorded Live at Wacken Open Air in 2001.",
    "genres" : [ ]
  }, {
    "id" : 186118,
    "title" : "The Submission of Emma Marx",
    "overview" : "The film centers around Emma Marx (Penny Pax), a woman who is unable to embrace modern-day romantic ideals. Feeling more and more like an outsider as she watches her sister, Nadia (Riley Reid) get swept up into a whirlwind of wedding plans, Emma fears she is emotionally and sexually abnormal. That is, until a chance encounter with a wealthy older man opens her up to a world she never dreamt possible. The two enter into a contractual BDSM relationship that allows her to explore the freedom and surrender that comes with the mental and physical aspects of the lifestyle. The Submission of Emma Marx introduces the couples genre to a different kind of love story, that will challenge the idea of normalcy.",
    "genres" : [ {
      "id" : 18,
      "name" : "Drama"
    }, {
      "id" : 10749,
      "name" : "Romance"
    } ]
  }, {
    "id" : 186123,
    "title" : "Les Lendemains",
    "overview" : "With her baccalauréat under her belt, Audrey decides to continue her studies at Rennes university. She leaves the family nest, her best friend since childhood, and her boyfriend. Her new roommate introduces Audrey to political activism. From disillusions to difficulties, Audrey crosses paths with the young members of GRAL, a squatter group, who propose a different way of living and offer a new vision of the world. She decides to join them, becoming increasingly radical in the process.",
    "genres" : [ {
      "id" : 18,
      "name" : "Drama"
    } ]
  }, {
    "id" : 186133,
    "title" : "Freak City",
    "overview" : "After being diagnosed with Multiple Sclerosis, a rebellious young woman is disease-stricken. Upon being admitted to a nursing home, she finds hope in the most unlikely of places...",
    "genres" : [ ]
  }, {
    "id" : 186138,
    "title" : "As Simple as That",
    "overview" : "A mother and wife is on the brink of an attack. Hengameh Tahareh Ghaziani lives with her husband, her son and daughter in a middle class neighborhood, and spends his days taking care of their needs.",
    "genres" : [ ]
  }, {
    "id" : 186148,
    "title" : "Europe: Live In Stockholm 2008",
    "overview" : "1.Got to Have Faith2.Forever Traveling3.Devil Sings the Blues4.Wish You Were Here5.Dreamer6.Love to Love7.The Final Countdown8.Yesterday's News9.Since I've Been Loving You10.Hero11.Suicide12.Memories13.Superstitious14.Rock the Night",
    "genres" : [ ]
  }, {
    "id" : 186158,
    "title" : "Tonka of the Gallows",
    "overview" : "Adaptation of the  Egon Erwin Kisch novel.",
    "genres" : [ ]
  }, {
    "id" : 186173,
    "title" : "L'auberge rouge",
    "overview" : "Two young doctors, surprised by the storm, take refuge in an inn. A diamond broker joins them and, for lack of space, shares their room. At dawn he is found dead. A few years later justice is done.",
    "genres" : [ {
      "id" : 80,
      "name" : "Crime"
    }, {
      "id" : 18,
      "name" : "Drama"
    } ]
  }, {
    "id" : 186178,
    "title" : "Into Spring",
    "overview" : "Spring breaks in vibrant color, movement and sound.",
    "genres" : [ ]
  }, {
    "id" : 186193,
    "title" : "White Tiger",
    "overview" : "Three crooks pull off a magnificent crime. As they're forced to hide out together they slowly begin to distrust each other.",
    "genres" : [ {
      "id" : 80,
      "name" : "Crime"
    }, {
      "id" : 18,
      "name" : "Drama"
    }, {
      "id" : 9648,
      "name" : "Mystery"
    } ]
  }, {
    "id" : 186198,
    "title" : "Live or Die in Entebbe / Lihyot O’Lamut Be’Entebbe",
    "overview" : "A moving documentary about the 1976 terrorist hijacking of an Air France flight and Israel’s military rescue raid, as told by Jonathan Khayat, the nephew of one of the hostages who did not survive. The film chronicles the events that unfolded, day-by-day, and uncovers some little-known and shocking back stories while shedding light on the four passengers who did not survive Israel’s rescue. A sensitive and riveting look at those for whom Israel’s most heroic moment was their family’s greatest tragedy.",
    "genres" : [ {
      "id" : 99,
      "name" : "Documentary"
    } ]
  }, {
    "id" : 186203,
    "title" : "La belle Nivernaise",
    "overview" : "A young man falls in love with the daughter of the man who adopted him.",
    "genres" : [ {
      "id" : 18,
      "name" : "Drama"
    } ]
  }, {
    "id" : 186208,
    "title" : "Jon Oliva's Pain: Greetings From Yesterday",
    "overview" : "0:01:33 Sirens 0:04:56 Warriors 0:08:59 Hounds 0:16:21 Jesus saves 0:21:43 Tonight he grins again 0:27:00 Firefly 0:37:08 Maniacal renderings 0:45:33 Gutter ballet 0:52:40 Walk upon the water 0:58:43 Edge of thorns (feat. Zak Stevens) 1:06:06 All that I bleed (feat. Zak Stevens) 1:11:30﻿ Chance (feat. Zak Stevens) 1:20:16 Somewhere in time 1:23:27 Believe 1:30:20 When the crowds are gone 1:37:00 Hall of the mountain king",
    "genres" : [ ]
  }, {
    "id" : 186213,
    "title" : "24 Hours of a Woman's Life",
    "overview" : "A compulsive gambler stumbles towards losing everything when Merle Oberon decides to save him from himself.",
    "genres" : [ {
      "id" : 18,
      "name" : "Drama"
    } ]
  }, {
    "id" : 186223,
    "title" : "Photonovela",
    "overview" : "A 12-year-old girl must complete a family history assignment for school. The boring task slowly becomes a sweeping drama embodying many secrets over three generations of one family, beginning before the Second World War and ending with the fall of the collective kibbutz idealism. In the vein of Arnon Goldfinger’s The Flat, this quiet and sensitively-constructed documentary explores a family’s resistance to excavate a buried painful past.",
    "genres" : [ {
      "id" : 99,
      "name" : "Documentary"
    } ]
  }, {
    "id" : 186228,
    "title" : "Present Continuous / Ha’Chaim Beinataim",
    "overview" : "At the height of the second Intifada, Ruty witnesses a suicide attack that pushes her to the brink. Unwilling to live in a constant state of anxiety, she decides to protect her husband, teenaged daughter and soldier son by barricading their home while they sleep. She plans to keep them there “until there is peace”. Disconnected from the outside world, the family is forced to communicate with each other, and tensions brewing over the years begin to surface. Director Aner Preminger offers a keenly-observed family drama that resonates beyond Israel’s political context.",
    "genres" : [ {
      "id" : 18,
      "name" : "Drama"
    } ]
  }, {
    "id" : 186233,
    "title" : "The Price of Kings: Shimon Peres",
    "overview" : "“I don’t sleep at night... What we call experience the younger generation calls a chain of mistakes,” reflects Israeli President and Nobel Peace Prize winner Shimon Peres. Here, his life and career are chronicled, in all their contradictions: his arrival in Israel, his experiences with Ben-Gurion, the Oslo Accords, his rivalry—and eventual cooperation—with Yitzhak Rabin, and his current status in Israel. “Ultimately, there is something very melancholy in this portrait. Peres, it seems, is both the dream and its shattering. Aware of his achievements, pained about his failures, he continues to look forward with eternal optimism.” (Jerusalem International Film Festival)",
    "genres" : [ {
      "id" : 99,
      "name" : "Documentary"
    } ]
  }, {
    "id" : 186238,
    "title" : "Lee Aaron: Live in London",
    "overview" : "Filmed at the height of Lee Aaron's success, just after the release of her controversial but acclaimed record METAL QUEEN, this rousing concert was held at London's Camden Place in May of 1985 Lee Aaron - Live in London film. After an early beginning to her professional career as a singer, the young Karen Greening joined the band Lee Aaron, whose name she eventually adopted as her own Lee Aaron.",
    "genres" : [ ]
  }, {
    "id" : 186243,
    "title" : "Lita Ford: Live in LA '88",
    "overview" : "Lita Ford was born on September 19, 1958 in London, England, and grew up in Los Angeles. She became the lead guitarist in the all-girl hard rock band The Runaways, whose debut album was released in 1976. With their punkish sound, provocative stage outfits and rebellious lyrics, the band shocked many in the rock world, and achieved mild popularity until they broke up in 1979. Ford then enjoyed a successful solo career in heavy metal, with such hits as \"Kiss Me Deadly\" and \"Close My Eyes Forever.\"",
    "genres" : [ ]
  }, {
    "id" : 186248,
    "title" : "OH! Mikey!",
    "overview" : "Mannequin animation from Japan. An American family relocates to Japan.",
    "genres" : [ {
      "id" : 35,
      "name" : "Comedy"
    } ]
  }, {
    "id" : 186258,
    "title" : "Skin Deep / Malka Lev Adom",
    "overview" : "Etgar Keret’s first experience with directing was on the award-winning Skin Deep, which he wrote and co-directed with Ran Tal (Children of the Sun, The Garden of Eden). Set among a group of twenty-somethings, the film is a dark comedy that has both edge and warmth. After getting a heart tattoo with his girlfriend Malka’s name on it, Pich pays her a surprise visit only to find her having sex with another man. As fate would have it, Pich soon meets another girl named Malka. But while fate may have brought them together, can Pich find a way to truly win her heart?",
    "genres" : [ ]
  }, {
    "id" : 186263,
    "title" : "Wine, Women and Horses",
    "overview" : "An ex-gambler (Barton MacLane) hooks up with an old flame (Ann Sheridan) after his old habit resurfaces and drives off his wife.",
    "genres" : [ {
      "id" : 18,
      "name" : "Drama"
    } ]
  }, {
    "id" : 186268,
    "title" : "Angels in Disguise",
    "overview" : "Slip and the gang (Bowery Boys) stray from newspaper work to detective work.",
    "genres" : [ {
      "id" : 35,
      "name" : "Comedy"
    } ]
  }, {
    "id" : 186283,
    "title" : "Silver Reunion",
    "overview" : "In Manchester, Tennessee a secret meeting will take place. But this is no ordinary gathering; instead, a monumental decision will be made. Forty years after the USA men’s Olympic basketball team declined their Silver medals after controversially losing the Gold to the Soviet Union, the 12 players from that team will gather together, and like the jury in 12 Angry Men, they will come to a unanimous decision – accept or refuse the medals for a game many of the players believe they never lost.",
    "genres" : [ {
      "id" : 99,
      "name" : "Documentary"
    }, {
      "id" : 36,
      "name" : "History"
    } ]
  }, {
    "id" : 186323,
    "title" : "Black and White Trypps Number Three",
    "overview" : "The third part in a series of films dealing with naturally-derived psychedelia. Shot during a performance by Rhode Island noise band Lightning Bolt, this film documents the transformation of a rock audience’s collective freak-out into a trance ritual of the highest spiritual order.",
    "genres" : [ {
      "id" : 10402,
      "name" : "Music"
    } ]
  } ]
}