{
  "movies" : [ {
    "id" : 159088,
    "title" : "Before Snowfall",
    "overview" : "Before Snowfall starts with a dramatic escape: Eighteen year-old Nermin runs away from her wedding in a village in Iraqi Kurdistan. Being the elder of the family, her younger brother Siyar becomes responsible for finding her and restoring the family reputation. The mission proves a dangerous one for the inexperienced Siyar. First stop is Istanbul, where he meets Elvin, a young girl who becomes his travel companion. On the way from east to west, through Europe and all the way to Norway, Siyar comes to realize his own need for respect, and for love.",
    "genres" : [ {
      "id" : 18,
      "name" : "Drama"
    } ]
  }, {
    "id" : 159108,
    "title" : "The Underwater Realm - Part V - 149 BC",
    "overview" : "The height of Roman power. The greatest army the world has ever known – or, at least, that it remembers. Far down in the depths of the ocean, the remains of another power still survive, desperately eking out an existence. History has many secrets, and none more so than the mission of a certain Roman fleet, long lost in the murk of time.",
    "genres" : [ ]
  }, {
    "id" : 159118,
    "title" : "Jubiabá",
    "overview" : "Jubiabá is a French-Brazilian film based on  the homonymous novel by Jorge Amado.",
    "genres" : [ ]
  }, {
    "id" : 159123,
    "title" : "Flotsam/Jetsam",
    "overview" : "Fact and fiction collide on the high seas.",
    "genres" : [ ]
  }, {
    "id" : 159128,
    "title" : "We Are What We Are",
    "overview" : "In this reimagining of the 2010 Mexican film of the same name, director Jim Mickle paints a gruesome portrait of an introverted family struggling to keep their macabre traditions alive, giving us something we can really sink our teeth into.",
    "genres" : [ {
      "id" : 18,
      "name" : "Drama"
    }, {
      "id" : 27,
      "name" : "Horror"
    }, {
      "id" : 53,
      "name" : "Thriller"
    } ]
  }, {
    "id" : 159133,
    "title" : "At Bear Track Gulch",
    "overview" : "This western, with its simple story set in a gold mining camp, recycles many of the elements found in David Belasco's influential play, THE GIRL OF THE GOLDEN WEST, produced a decade earlier.",
    "genres" : [ ]
  }, {
    "id" : 159138,
    "title" : "The Crash Reel",
    "overview" : "The Crash Reel tells the story of a sport and the risks that athletes face in reaching the pinnacle of their profession. This is Kevin Pearce’s story, a celebrated snowboarder who sustained a brain injury in a trick gone wrong and who now aims, against all the odds, to get back on the snow.",
    "genres" : [ {
      "id" : 99,
      "name" : "Documentary"
    } ]
  }, {
    "id" : 159143,
    "title" : "Mixtape",
    "overview" : "Ben spends his time listening to his Dad's old 70s vinyl and making mixtapes on an old double deck tape recorder. He makes a tape to try and woo the girl next door, Lily, the girl of his dreams.",
    "genres" : [ {
      "id" : 35,
      "name" : "Comedy"
    }, {
      "id" : 18,
      "name" : "Drama"
    } ]
  }, {
    "id" : 159153,
    "title" : "Running from Crazy",
    "overview" : "'Running from Crazy' is a documentary examining the personal journey of model and actress Mariel Hemingway, the granddaughter of Ernest Hemingway, as she strives for a greater understanding of her family history of suicide and mental illness.",
    "genres" : [ {
      "id" : 99,
      "name" : "Documentary"
    } ]
  }, {
    "id" : 159168,
    "title" : "Omid Djalili - Tour Of Duty",
    "overview" : "Live stand up performance from the British-Iranian comedian. Captured on his 2012 'Tour of Duty' tour, Djalili brings his trademark energy to the stage as he seeks to find comedy in the fraught terrain of religious and cultural divisions.",
    "genres" : [ ]
  }, {
    "id" : 159173,
    "title" : "The Muppets All-Star Comedy Gala",
    "overview" : "The Muppets will take part in a \"Muppets All-Star Comedy Gala\" at Just For Laughs 2012 in Montreal from July 10 -29th.",
    "genres" : [ {
      "id" : 35,
      "name" : "Comedy"
    } ]
  }, {
    "id" : 159178,
    "title" : "First, Last and Deposit",
    "overview" : "Thirteen-year-old Tessa (Jessica White) faces more than the usual tribulations of adolescence. When bad times hit, she and her mother find themselves living on the streets. The injustice of poverty is emphasized by the fact that Tessa's school chums are the children of very wealthy parents, and the only way to fit in is by lying. Add the gorgeous and expensive trappings of their Santa Barbara community, and you get a portrait of cruel contradictions seen through the eyes of a young girl.",
    "genres" : [ {
      "id" : 18,
      "name" : "Drama"
    } ]
  }, {
    "id" : 159198,
    "title" : "Chad Daniels: As Is",
    "overview" : "Laughspin.com presents \"Chad Daniels: As Is\" . Recorded at the Acme Comedy Co. in Minneapolis, MN.  All video by Black Iris Media, Ryan Brennan  www.blackirismedia.com  All audio/sound by Stand Up! Records, Dan Schlissel  www.standuprecords.com",
    "genres" : [ ]
  }, {
    "id" : 159203,
    "title" : "Tale of a Forest",
    "overview" : "FOREST TALE is a family film unique Finnish forests, the colorful and diverse life. film starring Forest by numerous individuals: the bears and deer, snakes and owls, ants, frogs and flying squirrels, the ancient soul of birds such as the Siberian jay, woodpecker and many, many others. Central role are also hundreds of years old trees. There is still a primeval forest is an impressive experience, and gives us a reason to respect the forest environment like the old days of his contemporaries did. around a campfire in the woods has always been told and listened to",
    "genres" : [ {
      "id" : 99,
      "name" : "Documentary"
    }, {
      "id" : 10751,
      "name" : "Family"
    } ]
  }, {
    "id" : 159213,
    "title" : "Rabindranath Tagore",
    "overview" : "Documentary about the life of Bengali writer, poet and philosopher.",
    "genres" : [ {
      "id" : 99,
      "name" : "Documentary"
    } ]
  }, {
    "id" : 159223,
    "title" : "Chonda Pierce - Stayin' Alive... Laughing!",
    "overview" : "Recorded in front of 4,300 roaring fans is sure to tickle your funny bone. Chonda dances her way through topics from the empty nest to group therapy and even features Bill Gaither as a security guard, plus Russ Taff drops in for a surprise visit.",
    "genres" : [ ]
  }, {
    "id" : 159228,
    "title" : "King of Robbery",
    "overview" : "After robbing countless Hong Kong jewelery shops Simon Yam sets out on a murderous rampage killing everything in his path. Police informants, criminals and members of the public - nobody is safe from the Hong Kong Thug.",
    "genres" : [ {
      "id" : 80,
      "name" : "Crime"
    }, {
      "id" : 28,
      "name" : "Action"
    } ]
  }, {
    "id" : 159243,
    "title" : "Fantasmes 2: Soubrettes & Secrétaires",
    "overview" : "",
    "genres" : [ ]
  }, {
    "id" : 159258,
    "title" : "Good Luck, Sweetheart",
    "overview" : "Dirceu, 30 years old, has origins that go back to the aristocracy of Northeast Brazilian backlands. Settled in a kind of subjective amnesia, Dirceu tries to bury his family's past. He is a demolition man in Recife, an urban landscape undergoing an uncontrolled process of transformation. Maria shares the same country origins, but she uses the city for a different purpose. She is a carefree and joyful music student. If Dirceu aspires to a world that is stable and present, Maria lives in discord with the present. To her, nothing is as it should be. Maria's apparition unleashes in Dirceu an urge for being somebody else. On a route of escape through the desert of the backlands, a unique encounter is set to happen. Boa sorte, meu amor (Good luck, sweetheart) is an anti-romance of the impact between music and silence.",
    "genres" : [ {
      "id" : 18,
      "name" : "Drama"
    } ]
  }, {
    "id" : 159263,
    "title" : "Rebels in Canada",
    "overview" : "Hudson river fur hunters rebel against their English masters in this pre-Blind Dead effort from de Ossorio. Victor, chief of the rebels, kidnaps Ann from the ruthless landowner, Sullivan, as a bartering tool. Ann and Victor, in love, fight together against Sullivan for a free life together.",
    "genres" : [ {
      "id" : 37,
      "name" : "Western"
    } ]
  }, {
    "id" : 159288,
    "title" : "Ducháček to zařídí",
    "overview" : "",
    "genres" : [ {
      "id" : 35,
      "name" : "Comedy"
    } ]
  }, {
    "id" : 159313,
    "title" : "Techniques of Love",
    "overview" : "A pseudo-documentary story about what happens behind dance school walls.",
    "genres" : [ {
      "id" : 10749,
      "name" : "Romance"
    }, {
      "id" : 35,
      "name" : "Comedy"
    } ]
  }, {
    "id" : 159323,
    "title" : "Emmanuelle Queen of the Galaxy",
    "overview" : "Emmanuelle shows a group of aliens the art of making love.",
    "genres" : [ {
      "id" : 10749,
      "name" : "Romance"
    }, {
      "id" : 878,
      "name" : "Science Fiction"
    } ]
  }, {
    "id" : 159333,
    "title" : "City of Bees",
    "overview" : "Explore the secret, complex world of honeybees from a child's point of view. Six-year-old Oliver and his young friends join a beekeeper as he cares for his beehives over the course of a year. The children study everything from how a queen bee rules the hive, the various jobs each bee performs, how bees pollinate and how bees can fly at amazing speeds. With colorful imagery, learning activities, and remarkable up-close video, viewers of all ages will be enchanted and informed about the remarkable world that is the City of Bees.",
    "genres" : [ ]
  }, {
    "id" : 159338,
    "title" : "Rumpelstilzchen",
    "overview" : "",
    "genres" : [ ]
  }, {
    "id" : 159348,
    "title" : "Official Denial",
    "overview" : "A man who claims to have been abducted by aliens is also abducted by a top secret government agency, the Majestic Group, who want him to attempt to communicate with the only surviving alien from a UFO shot down by the Air Force. Telepathically, the alien tells him it must be returned to its ship, where it will reveal a secret vital to the future of the planet. Written by Alexander Lum  , IMDb.",
    "genres" : [ ]
  }, {
    "id" : 159358,
    "title" : "Limousine",
    "overview" : "A young female limo driver meets a young male hooker who says he just accidentally killed his \"John\". They drive around the city looking for the client's girlfriend with the hooker in the trunk.",
    "genres" : [ {
      "id" : 80,
      "name" : "Crime"
    }, {
      "id" : 53,
      "name" : "Thriller"
    } ]
  }, {
    "id" : 159368,
    "title" : "Chiseled",
    "overview" : "",
    "genres" : [ {
      "id" : 27,
      "name" : "Horror"
    } ]
  }, {
    "id" : 159378,
    "title" : "Soft Bullets",
    "overview" : "Asya, Boyana, Iren and Vera are assassins working for S.T.A.R. Will they succeed in finding the killer of their boss?",
    "genres" : [ ]
  }, {
    "id" : 159393,
    "title" : "Little Erin Merryweather",
    "overview" : "",
    "genres" : [ ]
  }, {
    "id" : 159403,
    "title" : "Shinobi no Mono 4: Siege",
    "overview" : "[Period covered: 1614-1615] 4th film in the shinobi no mono series  Tokugawa Ieyasu is now the ruler of all Japan. But one last loose thread must be tied up before his domination is complete -- the destruction of the Toyotomi clan, now beseiged in Osaka castle. Ieyasu's ninja are the only ones who can penetrate the fortress, but unfortunately for Ieyasu, Kirigakure Saizo (Ichikawa) and the other Toyotomi ninja can just as easily get out. As armies of samurai maneuver for battle, the fate of the nation will be decided by a desperate struggle in the dark!",
    "genres" : [ {
      "id" : 28,
      "name" : "Action"
    }, {
      "id" : 10769,
      "name" : "Foreign"
    }, {
      "id" : 18,
      "name" : "Drama"
    }, {
      "id" : 36,
      "name" : "History"
    } ]
  }, {
    "id" : 159408,
    "title" : "H.R. Giger's Sanctuary",
    "overview" : "\"H.R. Giger's Sanctuary\" explores the treasures of the H.R. Giger Museum &amp; Giger Bar at the Chateau St. Germain in beautiful Gruyeres, Switzerland. The documentary features an interview and a museum tour with the master of the airbrush, the inventor of \"biomechanics\", and the creator of the Academy Award winning \"Alien\". The artist talks openly about his fascination with the morbid, his fame and cult following, his fears and nightmares, and about his visions of the future.",
    "genres" : [ {
      "id" : 99,
      "name" : "Documentary"
    } ]
  }, {
    "id" : 159423,
    "title" : "The Racing Strain",
    "overview" : "A race-car driver whose career is on the skids because of his drinking falls for a rich society girl. That motivates him to clean up his act and resume his career, but it may be too late for that.",
    "genres" : [ {
      "id" : 18,
      "name" : "Drama"
    } ]
  }, {
    "id" : 159428,
    "title" : "Sky Bride",
    "overview" : "Barnstorming pilots Speed Condon, Bill Adams, and Eddie Smith travel the country with their manager, Alec Dugan, performing at fairs and air shows and hawking rides for the locals. But when Speed's rambunctious flying results in tragedy, he gives up flying in despair and guilt. Alec tracks him down and hopes to get him back on his feet and back in the air.",
    "genres" : [ ]
  }, {
    "id" : 159448,
    "title" : "Raiders of the Magic Ivory",
    "overview" : "Two Vietnam vets are hired to infiltrate a religious sect and steal an ancient relic, a magic ivory tablet. Mercenaries Sugar and Mark enter a dangerous jungle full of cannibalistic natives in an unnamed Asian country and retrieve an ancient stone relic being held by a hostile religious sect. The two accept the job but something about the gig just isn't sitting right and their client may be withholding information vital to the mission and their survival.",
    "genres" : [ ]
  }, {
    "id" : 159458,
    "title" : "Behind Stone Walls",
    "overview" : "Esther Clay, wife of District Attorney John Clay and mother of attorney Bob Clay, is having an affair with Jack Keene. Scorned by him Esther kills Jack. Bob comes to her defense and confesses to the shooting. The father prosecutes the son who receives a life imprisonment sentence. Jack Keene's butler Druggett knows the truth and blackmails Esther. Bob's girlfriend Peg Harper summons John Clay to the scene...",
    "genres" : [ {
      "id" : 80,
      "name" : "Crime"
    } ]
  }, {
    "id" : 159468,
    "title" : "Gorilla Ship",
    "overview" : "Philip Wells and his wife Helen argue a lot about the attention that Philip thinks Helen and his best friend, Dave Burton, are giving each other, but they all sail off together on Philips yacht, until \"Gorilla\"Larsen and his motley crew show up, scuttle the yacht, and marital-strife is no longer the issue of the day.",
    "genres" : [ ]
  }, {
    "id" : 159473,
    "title" : "Malice Mizer: Merveilles l'espace",
    "overview" : "In 1998, the band played a two day live at the Nippon Budokan which involved a large building as a stage prop and elaborate theatrics; each member performing a skit with another on their own (including the aforementioned skit in which Gackt fell to the stage to sing the song \"Le Ciel\", and returned to \"Heaven\" by song's end). It was a success and was released on home video as Merveilles l'espace.",
    "genres" : [ ]
  }, {
    "id" : 159478,
    "title" : "Hell's Headquarters",
    "overview" : "Doctor Smith and his wife, Mary,depart a riverboat and are met by Phil Talbot. Phil informs Dr. Smith that Jessup, the only other white man in the village, has died while the doctor and his wife were off on a two-day holiday. Unknown to Smith, Jessup and his partner, Ross King, had a large cache of ivory tusks in the jungle, and he had told Phil about it. Meanwhile, Mary Smith has decided to steam-boat down the Congo River to Capetown for an extended holiday. Kuba, King's gun-bearer, asks Smith to write a letter to King, currently residing at a New York City Explorer's Club, and advise him that his partner has died. Talbot sends a letter to his stateside sweetheart, Diane Cameron, and her father, asking them to come to Africa and join him on an ivory-treasure expedition, and replenish their family-fortune lost in the recent stock-market crash. What Mr. Cameron and Diane don't know about Talbot is that his years in Africa have unhinged him...",
    "genres" : [ {
      "id" : 10749,
      "name" : "Romance"
    }, {
      "id" : 18,
      "name" : "Drama"
    }, {
      "id" : 9648,
      "name" : "Mystery"
    } ]
  }, {
    "id" : 159483,
    "title" : "Discarded Lovers",
    "overview" : "In this murder mystery, sexy blonde film star Irma Gladden is found dead in her car after shooting the last scene in her film, \"Falling Star\" at Eminent Studios. The suspects are numerous due to her free and easy lifestyle and messy romantic affairs. Among them are Grace Sibley the jealous wife of her director, Warren Sibley, her drunken actor husband, Andre Leighton, her screenwriter boyfriend, Rex Forsythe, and her first husband, Robert Worth. Also on hand to help solve the mystery are visiting reporter Bob Adair, Irma's secretary, Valerie Christine, and policemen Captain Sommers and Sergeant Delaney.",
    "genres" : [ ]
  }, {
    "id" : 159493,
    "title" : "3Focus",
    "overview" : "3Focus dives in headfirst to the madness that is the UCI World Cup, and doesn't come up for air for nearly an hour. Insane high speeds, raw emotions and an eclectic soundtrack make 3Focus a truly entertaining account of life on the road, racing bikes. Stunning scenery, amazing camerawork, and revolutionary shooting techniques are all present, and combined with the pure energy of the racers to produce something pretty damn special.  2008 was the most closely contested world cup season in living memory, and 3Focus is the perfect film to bring it to your living room.",
    "genres" : [ ]
  }, {
    "id" : 159498,
    "title" : "La Tendresse",
    "overview" : "This is the first film by Hänsel based entirely on her own script and gives a wise and loving significance to the concept of personal and anecdotal. With beautiful leading roles by Canto as mother and Gourmet as her ex. Together, they drive to a ski resort to fetch their son, a ski instructor with a broken leg.",
    "genres" : [ ]
  }, {
    "id" : 159503,
    "title" : "Gwar ‎– Ultimate Video GWARchive",
    "overview" : "Ultimate Video Gwarchive is a DVD collection of almost all of Gwar's videos up through the Violence Has Arrived album. The only ones not included are the Hell-O bonus track version of \"Black &amp; Huge\", and \"SFW\". The cover art was designed by Chris Bopst, who played the original Balsac on bass guitar from 1985-1987.",
    "genres" : [ ]
  }, {
    "id" : 159508,
    "title" : "Wish 143",
    "overview" : "A fifteen-year-old boy with only months to live is granted one wish from the Dreamscape Charity. But David doesn’t want to go to Disneyland or meet Gary Neville; what he really wants is an hour alone with a naked woman",
    "genres" : [ {
      "id" : 18,
      "name" : "Drama"
    } ]
  }, {
    "id" : 159518,
    "title" : "The Crush",
    "overview" : "Ardal Travis is in love. There’s just one problem. He’s an 8 year old schoolboy and the object of his affection is his Second Class teacher, Miss Purdy. But when her boyfriend arrives on the scene Ardal is heartbroken. His reaction, though, is a little unexpected. He challenges Miss Purdy’s boyfriend to a duel. To the death.",
    "genres" : [ ]
  }, {
    "id" : 159523,
    "title" : "Let's Pollute",
    "overview" : "In the spirit of 50's &amp; 60's educational films, 'Let's Pollute' is a modern satire on how pollution is our heritage and keeps our economy growing strong, while instructing us how to be better polluters for a better blighted tomorrow.",
    "genres" : [ ]
  }, {
    "id" : 159528,
    "title" : "Sepah The Movie",
    "overview" : "Based on the group Sepah, \"Sepah The Movie\" stars its three members as three single men who work in an electronic factory near their village who are also obsessed with motor cross racing. As if the friends have not enough in common, all of them fall for a girl named Ayu Sofea, who works in the quality control department in the electronic factory where the trio also work. This leads to a series of bungling schemes and misunderstandings perpetrated by the three men in order to win Ayu Sofea's heart. To make things worse, a rival appears in the form of their new manager, called Based, who has an international degree, wealth and an equal love for motor cross.",
    "genres" : [ {
      "id" : 35,
      "name" : "Comedy"
    }, {
      "id" : 28,
      "name" : "Action"
    } ]
  }, {
    "id" : 159538,
    "title" : "The Strange Case of Alice Cooper",
    "overview" : "The Strange Case of Alice Cooper is a must watch for any Cooper fan... a man in the prime of his career doing what he did best, entertaining kids and scaring parents.",
    "genres" : [ {
      "id" : 10402,
      "name" : "Music"
    } ]
  }, {
    "id" : 159543,
    "title" : "San Diego Surf",
    "overview" : "Viva and Taylor Mead are a married couple renting an extra beach-house to a group of surfers sent to them by a Mr. Morrissey of La Jolla Realty. Their daughter, Ingrid Superstar, is pregnant and on the hunt for a husband. Mr. Mead, who is gay, tries to pawn her off to one of the surfers. Meanwhile, Viva wants a divorce from her boy-crazy hubby, who wants a surfer of his own. Tom, a surfer, is inveigled by Mr. Mead to urinate on him. In a close-up, Mr. Mead receives Tom's offering ecstatically, after which he comments, \"I'm a real surfer now.\"",
    "genres" : [ ]
  }, {
    "id" : 159578,
    "title" : "Choosing Love",
    "overview" : "In Paris, a university student attempts to lead a double life - in love with her French boyfriend Pascal, and staying true to her Algerian family, particular her strict, traditional father. In Algiers, her cousin Yacine leads a parallel life, preparing to leave his girlfriend to move to Paris.",
    "genres" : [ {
      "id" : 18,
      "name" : "Drama"
    } ]
  }, {
    "id" : 159598,
    "title" : "La bani, la cap, la oase",
    "overview" : "Too soft and innocent for the job they do, HARPOON and THE BAPTIST are two money collectors that don't collect much, except for kicks and bruises. As they try in vain to fulfill their contracts, they get involved in a robbery and decide to go for a change in their lives: they will start collecting for themselves.",
    "genres" : [ ]
  }, {
    "id" : 159618,
    "title" : "Domestic",
    "overview" : "Wonderfully surreal, painfully real, this is the story of children, adults and animals who live together trying to have a better life, but sometimes death comes unexpectedly. The lives of three characters surrounded by a bunch of extraordinary, funny, absurd but quite realistic events. It is all about us, people who eat the animals that they love and the animals that love people unconditionally.",
    "genres" : [ ]
  }, {
    "id" : 159638,
    "title" : "Ghost Team One",
    "overview" : "Two roommates deathly afraid of ghosts both fall in love with a girl who believes their home is haunted.",
    "genres" : [ {
      "id" : 35,
      "name" : "Comedy"
    }, {
      "id" : 27,
      "name" : "Horror"
    } ]
  }, {
    "id" : 159643,
    "title" : "Emma's Wish",
    "overview" : "A lonely retirement home resident obtains a magical ring on her 75th birthday which grants her wish to again be young. Awakening the next morning she finds herself to be 40 years old again. She leaves the home and takes a position as a housekeeper for her daughter, who does not recognize her.",
    "genres" : [ ]
  }, {
    "id" : 159648,
    "title" : "Manchester United - The Champions League Final and The Road To Moscow 2008",
    "overview" : "\"The newly crowned Champions of England are the new Champions of Europe, 2008 is another Manchester United vintage year. Wembley, Barcelona, Moscow, Manchester United three times European Champions\".  Extra time, injury time, penalties. Whenever United win the biggest prize of all, it’s always a dramatic, intense affair. At well past midnight in Moscow, the big hands of Edwin van der Sar pushed away Nicolas Anelka’s penalty and the Reds were once again crowned the Kings of Europe. And how the Red Army roared as Ryan and Rio raised the giant trophy aloft again.  \"It’s double top for the red arrows, too good for Chelsea…and the rest in the quest to become European champions\".",
    "genres" : [ ]
  }, {
    "id" : 159653,
    "title" : "Daulat Ki Jung",
    "overview" : "Bhushan Chaudhry (Shafi Inamdar) and Mr. Agarwal (Tiku Talsania) are business rivals, and hate each other. Their children, Rajesh Chaudhry (Aamir Khan) and Asha Agarwal (Juhi Chawla) study in the same class in college, and are in love with each other. Both are terrified of what their parents will do when they find out about their romance. And when the parents do find out, all kinds of restrictions are placed on them. Unable to stay away from each other, they elope in a stolen car. On the way, they come across an injured man, and decide to take him to hospital. Little knowing that helping this stranger will not only change their lives forever, but also place their lives in danger.",
    "genres" : [ ]
  }, {
    "id" : 159673,
    "title" : "He's Way More Famous Than You",
    "overview" : "When once-up-and-coming indie film starlet Halley Feiffer loses her boyfriend, her agent and her career in one fell swoop she finally realizes that something in her life has got to change... she has to become WAY MORE FAMOUS! Armed with a stolen script and two pitchers of sangria, Halley enlists the help of her brother Ryan and his boyfriend to make her own movie, starring herself (of course) as herself, and any A-list celebrity she can land along the way.",
    "genres" : [ {
      "id" : 35,
      "name" : "Comedy"
    } ]
  }, {
    "id" : 159678,
    "title" : "Joy de V.",
    "overview" : "A con-artist feigning illness to live off of disability checks finds his scam unraveling when his wife suddenly disappears.",
    "genres" : [ ]
  }, {
    "id" : 159688,
    "title" : "Six Against the Rock",
    "overview" : "In May of 1946, Alcatraz inmate Bernie Coy initiates a carefully thought out plan to escape the island prison. His plan, carried out with five accomplices, falls apart when they can't obtain a key to unlock a door leading to the yard.",
    "genres" : [ {
      "id" : 28,
      "name" : "Action"
    }, {
      "id" : 18,
      "name" : "Drama"
    }, {
      "id" : 53,
      "name" : "Thriller"
    } ]
  }, {
    "id" : 159698,
    "title" : "Get That Girl",
    "overview" : "A young girl, who is about to receive a large inheritance, is abducted to an isolated sanitarium where a crazed doctor is performing strange experiments.",
    "genres" : [ {
      "id" : 53,
      "name" : "Thriller"
    }, {
      "id" : 27,
      "name" : "Horror"
    }, {
      "id" : 28,
      "name" : "Action"
    } ]
  }, {
    "id" : 159713,
    "title" : "Generator",
    "overview" : "Takashi Makino’s source of inspiration, our place in the world and the universe, never seems to dry up in view of the never-ending flow of immersive films. Generator may well be the earthiest of his films so far, made as a reaction to the Fukushima disaster. A reality check, but in the world that Makino shows, this can never be achieved without looking inwards too.",
    "genres" : [ ]
  }, {
    "id" : 159718,
    "title" : "Circle Jerks: Live at the House of Blues",
    "overview" : "Shot on multiple Panasonic DVX 100 cameras with 24 track digital audio with 5.1 Suround Sound, this episode of \"The Show Must Go Off\" shows why the Circle Jerks are still as pertinent to the punk scene more than 20 years after the release of their top albums. Over 25 songs are included, commentary, more. .",
    "genres" : [ {
      "id" : 10402,
      "name" : "Music"
    }, {
      "id" : 99,
      "name" : "Documentary"
    } ]
  }, {
    "id" : 159723,
    "title" : "Torna",
    "overview" : "Cousins James and Robert are in love with Susanna. When Robert and Susanna announce their engagement, James vows to ruin their happiness.",
    "genres" : [ {
      "id" : 18,
      "name" : "Drama"
    } ]
  }, {
    "id" : 159753,
    "title" : "Little Girl Lost: The Delimar Vera Story",
    "overview" : "Luz Cuevas baby daughter  Delimar disappeared in 1997 after their house caught fire during a party, The police reported that she was killed in the fire. However, Cuevas suspects that she was kidnapped and that the fire was staged by an outsider. Six years after the fire, Cuevas meets Valerie Valleja former wife of one of Pedro's cousins, who was also at the party. She has a six-year-old girl with her, named Aaliyah. The girl bears a resemblance to Cuevas and she suspects it is Delimar. Cuevas begins an investigation…",
    "genres" : [ {
      "id" : 18,
      "name" : "Drama"
    } ]
  }, {
    "id" : 159758,
    "title" : "Malagasy Gospel",
    "overview" : "",
    "genres" : [ ]
  }, {
    "id" : 159763,
    "title" : "A Nanny's Revenge",
    "overview" : "When Gina Meyers finds out that both of her parents were killed and that wealthy contractor Preston Randall is to blame, she vows to get even. Securing a job as a nanny to Preston's troubled stepson, Gina moves into Randall's house with plans to make him confess his part in the crime, but soon realizes that the ruthless Randall has very dark plans of his own.",
    "genres" : [ {
      "id" : 18,
      "name" : "Drama"
    }, {
      "id" : 53,
      "name" : "Thriller"
    } ]
  }, {
    "id" : 159768,
    "title" : "No Substitute for Victory",
    "overview" : "Troma Entertainment",
    "genres" : [ ]
  }, {
    "id" : 159773,
    "title" : "Winter of the Dead. Meteletsa",
    "overview" : "Russian Winter is a terrible thing... especially if it arrives in mid-July. Out amidst the icy storm, something raises its hideous head - a Russian zombie - senseless and merciless.",
    "genres" : [ {
      "id" : 27,
      "name" : "Horror"
    } ]
  }, {
    "id" : 159778,
    "title" : "Espera un milagro",
    "overview" : "",
    "genres" : [ ]
  }, {
    "id" : 159783,
    "title" : "Trapped",
    "overview" : "On an expedition into unexplored wolf territory, two zoology students intrude into a secret world. In the midst of unrelenting wilderness and hours from civilization, they encounter a strange young woman. The two men are drawn into her enchanted reality...and their friendship is put to the ultimate test.",
    "genres" : [ ]
  }, {
    "id" : 159788,
    "title" : "Von Garibaldi zu Berlusconi Teil 1/2 - 150 Jahre Italienische Geschichte",
    "overview" : "",
    "genres" : [ ]
  }, {
    "id" : 159793,
    "title" : "Last Chance",
    "overview" : "",
    "genres" : [ ]
  }, {
    "id" : 159798,
    "title" : "Make Me a Star",
    "overview" : "Menton Gill is longing to become a cowboy actor and leaves his hometown to try his luck in Hollywood, but there his acting ability is regarded as non-existent, but actress Flips gives him a chance in a bit part, but he fails in that, but the way he fails makes her think that he could be a good comedian. She persuades the studio to put him in a western parody, not telling him what they're really planing, because they know that he does not like comedies. Rather than ending tragic-comically, however, the movie becomes a brilliant coda to art and its servants, the artists, in this case the magniloquent Joan Blondell and Stuart Erwin.",
    "genres" : [ {
      "id" : 10749,
      "name" : "Romance"
    }, {
      "id" : 35,
      "name" : "Comedy"
    }, {
      "id" : 18,
      "name" : "Drama"
    } ]
  }, {
    "id" : 159803,
    "title" : "Him Indoors",
    "overview" : "Gregory Brewster is a serial killer, only problem is, he's agoraphobic! Facing an impending eviction from his family home, Gregory has a plan that will save him from being subjected to the one thing he's terrified of... the outside world. Things don't quite go to plan however, when a surprise visit from his new neighbor finds him in a very awkward situation.",
    "genres" : [ {
      "id" : 35,
      "name" : "Comedy"
    }, {
      "id" : 27,
      "name" : "Horror"
    } ]
  }, {
    "id" : 159813,
    "title" : "Making Waves",
    "overview" : "\n",
    "genres" : [ ]
  }, {
    "id" : 159818,
    "title" : "Zodiac Fighters",
    "overview" : "A woman discovers a magical sword, which enables her to learn the deepest secrets of the Dragon Kung-Fu school.",
    "genres" : [ {
      "id" : 14,
      "name" : "Fantasy"
    }, {
      "id" : 28,
      "name" : "Action"
    }, {
      "id" : 18,
      "name" : "Drama"
    } ]
  }, {
    "id" : 159828,
    "title" : "Marcel, King of Tervuren",
    "overview" : "Marcel survives the bird flu, alcohol, sleeping pills and his son Max. Though blinded in one eye, he remains the King of Tervuren. Greek tragedy as acted out by Belgian roosters.",
    "genres" : [ {
      "id" : 16,
      "name" : "Animation"
    } ]
  }, {
    "id" : 159838,
    "title" : "What Do We Have in Our Pockets?",
    "overview" : "A most unusual love story unravels when the objects in a young man's pockets come to life.",
    "genres" : [ ]
  }, {
    "id" : 159843,
    "title" : "Under the City",
    "overview" : "",
    "genres" : [ ]
  }, {
    "id" : 159868,
    "title" : "Echoes In The Darkness",
    "overview" : "Based on the true life story that took place in the 1970s, this movie follows the murder of Susan Reinert and her two children in Upper Merion Township in Pennsylvania, a case that lasted seven years",
    "genres" : [ ]
  }, {
    "id" : 159878,
    "title" : "Twilight of a Woman's Soul",
    "overview" : "Despite living in luxury, Vera is lonely and discontented. When she accompanies her mother, the Countess, on a charity visit to the poor, she is troubled by what she sees, and she resolves to do whatever she can to help them. But one man takes advantage of her innocence, and he lures her into a trap so that he can assault her. The dreadful results of this attack will affect Vera's life long afterward.",
    "genres" : [ {
      "id" : 18,
      "name" : "Drama"
    } ]
  }, {
    "id" : 159893,
    "title" : "2 in the AM PM",
    "overview" : "Two store clerks slacking off at work (at a gas station) on Halloween go on an acid trip. Created by J.G. Quintel the characters were the basis for Mordacai and Benson on the Regular Show. The taller clerk, voiced by Quintel, introduces to the shorter clerk, voiced by Sam Marin, what he describes as a piece of \"candy\", to which later is learned to be laced with LSD. The characters then go on an acid trip, seeing each other morph into characters and objects. Sam's character is paranoid because he has not had acid before, and they attempt to figure out a plan as to how to \"sober themselves up\" before they are noticed by work personnel or police enforcement attention.",
    "genres" : [ {
      "id" : 16,
      "name" : "Animation"
    }, {
      "id" : 35,
      "name" : "Comedy"
    } ]
  }, {
    "id" : 159898,
    "title" : "The Boxing Cats (Prof. Welton's)",
    "overview" : "\"A glove contest between trained cats. A very comical and amusing subject, and is sure to create a great laugh.\" (by Edison Films)",
    "genres" : [ {
      "id" : 35,
      "name" : "Comedy"
    } ]
  }, {
    "id" : 159903,
    "title" : "Chinese Laundry Scene",
    "overview" : "The pursuit of Hop Lee by an irate policeman.",
    "genres" : [ {
      "id" : 80,
      "name" : "Crime"
    }, {
      "id" : 35,
      "name" : "Comedy"
    } ]
  }, {
    "id" : 159908,
    "title" : "Band Drill",
    "overview" : "A scene from Charles Hoyt's 'A Milk White Flag': A brass band marches out, led by bandmaster Steele Ayers. When Ayers reaches his position, he turns around and directs the musicians as they take up their own positions.",
    "genres" : [ {
      "id" : 35,
      "name" : "Comedy"
    } ]
  }, {
    "id" : 159918,
    "title" : "Iron Maiden: [1981] Beat Club Bremen",
    "overview" : "Setlist:  1. Prowler  2. Sanctuary  3. Phantom of the Opera  4. Iron Maiden  5. Wrathchild  6. Innocent Exile  7. Sanctuary  8. Another Life",
    "genres" : [ ]
  }, {
    "id" : 159923,
    "title" : "Just for Fun",
    "overview" : "homemade movies \"bandit\" township commended caused Cai Jia Zhuang villagers creative boom, every day, villagers blocked the door to send the script, This has also allowed him complain incessantly, had to pretend to be sick \"refuge\". Suddenly heard returning home from work in town, and grew up playing good buddy Bao Qiang crazy message. Ran turned out to be a look at young people wishing Caibao Jiang bent dream boarded Gala is hoping to become famous overnight Fortunately, major cities successful career, buy a house then the parents went to live in his madness rehearsal on the Spring Festival program has terrified parents and villagers.",
    "genres" : [ ]
  }, {
    "id" : 159938,
    "title" : "DJ Bobo: Pirates Of Dance",
    "overview" : "",
    "genres" : [ ]
  }, {
    "id" : 159943,
    "title" : "100 Favourite Toddler Tunes & Rhymes",
    "overview" : "A selection of favourite songs and rhymes old and new, accompanied by colourful illustrations, for children under 5. Includes 'The Wheels on the Bus', 'The Grand Old Duke of York', 'There's a Hole in My Bucket', 'Polly Put The Kettle On' and many more.",
    "genres" : [ ]
  }, {
    "id" : 159983,
    "title" : "Bible Quiz",
    "overview" : "Mikayla hopes to win the National Bible Quiz championship and the heart of her team captain.",
    "genres" : [ ]
  }, {
    "id" : 159988,
    "title" : "The Institute",
    "overview" : "Thousands of participants in a San Francisco-based alternate reality game end up getting more than they bargained for. Told from the players’ perspectives, the film looks over the precipice at an emergent new art form where the real world and fictional narratives merge to create unforeseen and often unsettling consequences. Examining counter-culture, new religious movements and street art, this film takes the viewer on a journey into a secret underground world teeming just beneath the surface of everyday life.",
    "genres" : [ {
      "id" : 99,
      "name" : "Documentary"
    }, {
      "id" : 80,
      "name" : "Crime"
    }, {
      "id" : 9648,
      "name" : "Mystery"
    } ]
  }, {
    "id" : 159993,
    "title" : "Дредноуты",
    "overview" : "",
    "genres" : [ {
      "id" : 18,
      "name" : "Drama"
    } ]
  }, {
    "id" : 159998,
    "title" : "A Trap for Santa",
    "overview" : "Even the great D.W. Griffith made holiday films back in the day. Of course, he put his own spin on the genre and made something quite unique. In A TRAP FOR SANTA, the children attempt to capture the man-in-the-red-suit but they catch something else entirely.",
    "genres" : [ ]
  }, {
    "id" : 160008,
    "title" : "The Revolutionary",
    "overview" : "Documentary about the life of Sidney Rittenberg, an American who spent over 30 years in China and was an active participant in the Chinese communist revolution.",
    "genres" : [ {
      "id" : 99,
      "name" : "Documentary"
    } ]
  }, {
    "id" : 160013,
    "title" : "Тринадцать месяцев",
    "overview" : "",
    "genres" : [ {
      "id" : 18,
      "name" : "Drama"
    }, {
      "id" : 80,
      "name" : "Crime"
    } ]
  }, {
    "id" : 160033,
    "title" : "Girlgasmic",
    "overview" : "Anabolic proudly presents our first installment of an All Girl series that is pleasingly packed with a plethora of pleasure producing pussy! 15 hot, horny, healthy, hooch hungry whores grace the screen in this pounding fuck fest! Erotic tease, hardcore sex, entertaining and enlightening behind the scenes. This movies has it all! Anabolic fans have come to expect the best from us and we consistently deliver exactly that! Anabolic gives you more fuck for the buck (again)! When your searching for porn perfection look for Anabolic! Enjoy, The Gang at Anabolic.",
    "genres" : [ ]
  }, {
    "id" : 160043,
    "title" : "Сказка о Мальчише-Кибальчише",
    "overview" : "",
    "genres" : [ ]
  }, {
    "id" : 160048,
    "title" : "The Nude Set",
    "overview" : "Coming soon",
    "genres" : [ {
      "id" : 18,
      "name" : "Drama"
    } ]
  }, {
    "id" : 160058,
    "title" : "Curtin",
    "overview" : "1941. A country in crisis. A new man in power. Leadership demands and personal demons are set to collide. The story of John Curtin as he faces his first six months as Prime Minister, confronting in quick succession, the tragedy of Pearl Harbour, the fall of Singapore, the bombing of Darwin and a furious battle with Churchill over the deployment of Australian troops. This is a raw and intimate story of a driven and inspirational leader - a man who struggles to battle his own personal demons while serving and protecting a country at war.",
    "genres" : [ {
      "id" : 18,
      "name" : "Drama"
    } ]
  }, {
    "id" : 160068,
    "title" : "Gloria",
    "overview" : "Gloria is a 58-year-old divorcée. Her children have all left home but she has no desire to spend her days and nights alone. Determined to defy old age and loneliness, she rushes headlong into a whirl of singles’ parties on the hunt for instant gratification – which only leads to repeated disappointment and enduring emptiness. But when Gloria meets Rodolfo, an ex-naval officer seven years her senior, she begins to imagine the possibility of a permanent relationship.",
    "genres" : [ {
      "id" : 35,
      "name" : "Comedy"
    }, {
      "id" : 18,
      "name" : "Drama"
    } ]
  } ]
}