{
  "movies" : [ {
    "id" : 237713,
    "title" : "Dubai",
    "overview" : "Dubai, speaks about the fight of Ravi Mamman, a Dubai based business tycoon against his enemies.  Barring a few scenes in the beginning, the film was completely shot from U. A. E.. It was considered one of the most expensive films made in Malayalam until then.",
    "genres" : [ {
      "id" : 53,
      "name" : "Thriller"
    } ]
  }, {
    "id" : 237718,
    "title" : "How Sherlock Changed the World",
    "overview" : "Sherlock Holmes is, without doubt, the most famous fictional detective the world has ever known. HOW SHERLOCK CHANGED THE WORLD will show that Conan Doyle’s hero not only revolutionized the world of fiction, but also changed the real world in more ways than many realize. Holmes was a scientist who used chemistry, fingerprints and bloodstains to catch an offender in an era when eyewitness reports and “smoking gun” evidence were needed to convict criminals, and police incompetence meant that Jack the Ripper stalked the streets freely. In many ways, the modern detective can be seen as a direct extension of Conan Doyle’s literary genius.",
    "genres" : [ ]
  }, {
    "id" : 237723,
    "title" : "Riot",
    "overview" : "In April 1992, following the notorious Rodney King verdict, the streets of Los Angeles became a battlefield, the backdrop to four personal intertwined stories.",
    "genres" : [ {
      "id" : 18,
      "name" : "Drama"
    } ]
  }, {
    "id" : 237728,
    "title" : "The King",
    "overview" : "The King is a 1995 Malayalam action thriller film. Directed by Shaji Kailas and written by Renji Panicker with Mammootty in the title role as district collector.",
    "genres" : [ {
      "id" : 28,
      "name" : "Action"
    }, {
      "id" : 53,
      "name" : "Thriller"
    } ]
  }, {
    "id" : 237733,
    "title" : "Kalikkalam",
    "overview" : "Mammootty plays the role of a burglar who is known by different names in different places.He is a kind person and uses the money burgled to help poor and orphans. During one of his burglaries, he happens to witness a murder for which a police officer named Shekharan is falsely accused. He helps Shekharan to prove his innocence.",
    "genres" : [ {
      "id" : 18,
      "name" : "Drama"
    } ]
  }, {
    "id" : 237743,
    "title" : "Zehreela Insaan",
    "overview" : "Arjun, a hot headed but soft hearted man, always finds himself in situations that others take him as a bad person. His childhood teacher Masterji is the only person understands him &amp; appreciates his good quality and Arjun follows his instruction/wishes completely. Arjun loves Aarti and wants to marry her but Aarti's father does not endorse this alliance and decides to get her marry to someone else. Arjun is agitated but Masterji calms him down and asks him to not disrupt this marriage, instead convince Aarti to marry the boy her father has chosen for her. Arjun follows what Masterji has asked him. Devastated Arjun finds love in Margret who he has been fighting with since she came to town. Now Margret's uncle and mother are against their marriage. This time Arjun is not lenient and does not even listen to Masterji. Arjun and Margret run away and commit suicide jumping down a mountain.",
    "genres" : [ {
      "id" : 28,
      "name" : "Action"
    } ]
  }, {
    "id" : 237748,
    "title" : "The Best House in London",
    "overview" : "In Victorian London, the British Government attempts a solution to the problem of prostitution by establishing the world's most fabulous brothel.",
    "genres" : [ {
      "id" : 35,
      "name" : "Comedy"
    } ]
  }, {
    "id" : 237763,
    "title" : "Smokin' POV 5",
    "overview" : "Wow POV never looked so good and smokey! These sluts love to have a good time fucking and sucking and wont put that butt down while they are doin the nasty. Oral has a new meaning when your getting your cock sucked in a swirl of smoke, or when you are fucking the shit out of your bitch and she's really smokin!",
    "genres" : [ ]
  }, {
    "id" : 237768,
    "title" : "The Sunless Street",
    "overview" : "Mauricio is a Frenchman who arrived in Barcelona fleeing from justice. He takes refuge in a hostel in Chinatown and falls in love with Pilar, the niece of the owner. When a murder is committed in the neighborhood, Mauricio becomes the prime suspect.",
    "genres" : [ {
      "id" : 18,
      "name" : "Drama"
    }, {
      "id" : 10749,
      "name" : "Romance"
    } ]
  }, {
    "id" : 237783,
    "title" : "Sete Dias de Agonia",
    "overview" : "",
    "genres" : [ ]
  }, {
    "id" : 237788,
    "title" : "Sidekicks",
    "overview" : "This 1974 made-for-TV sequel to Skin Game (1971) brings back Lou Gossett, Jr. as Jason, with Larry Hagman taking over the role of Quince, played by James Garner in the first film. On the lam from their most recent scam, Quince and Jason find themselves mistaken for a pair of bank robbers, and at the mercy of an overzealous sheriff's daughter and an outlaw looking to pull one last job before he goes home to his family.",
    "genres" : [ {
      "id" : 35,
      "name" : "Comedy"
    }, {
      "id" : 37,
      "name" : "Western"
    } ]
  }, {
    "id" : 237793,
    "title" : "A Pelada",
    "overview" : "",
    "genres" : [ {
      "id" : 35,
      "name" : "Comedy"
    } ]
  }, {
    "id" : 237798,
    "title" : "Afrojack vs David Guetta & Nicky Romero - Live @ Tomorrowland 2013",
    "overview" : "Afrojack vs David Guetta &amp; Nicky Romero - Live @ Tomorrowland 2013",
    "genres" : [ {
      "id" : 10402,
      "name" : "Music"
    } ]
  }, {
    "id" : 237808,
    "title" : "Quod erat demonstrandum",
    "overview" : "A scholar of mathematics would like to publish his research outside Ceaucescu's Romania, but getting it through the border and the State censorship is not easy.",
    "genres" : [ {
      "id" : 18,
      "name" : "Drama"
    } ]
  }, {
    "id" : 237813,
    "title" : "The Eighth Wonder",
    "overview" : "A view of New York's latest sky-scraper, the remarkable Flatiron Building, at the junction of Broadway, Fifth Ave., and 23rd St., New York, with a panorama of the surroundings.",
    "genres" : [ ]
  }, {
    "id" : 237823,
    "title" : "Panoramic View of Charleston Exposition (South Carolina)",
    "overview" : "The camera was placed in almost the center of the compound area by the exhibit buildings, and the cameraman began to photograph and pan his camera simultaneously. The film consists of pictures of the walkways, pools of water, bridges over the pools, exhibit buildings, bandstands, statuary, and decorations of all nature that, put together, made up the Exposition in Charleston in 1902.",
    "genres" : [ ]
  }, {
    "id" : 237828,
    "title" : "Entre nosotros",
    "overview" : "A group of close friends and family members from South-America gather together in a small apartment in Amsterdam for a farewell party. The party is thrown for Diego, who will return to Chile together with his son after visiting his brother Pablo for a month. Pablo has lived in the Netherlands with his Dutch wife and daughter since he fled his country in the late 70's.",
    "genres" : [ ]
  }, {
    "id" : 237838,
    "title" : "Vast",
    "overview" : "Isabel, a teenage girl, is being admitted in a closed institution for juveniles. After an incident where she ends up in solitary confinement, she promises to change herself. But before she can handle the future, she has to confront her past.",
    "genres" : [ ]
  }, {
    "id" : 237843,
    "title" : "Shuttlecock",
    "overview" : "Sam likes his children to be grown-up chaps. So nine-year-old Harry is at a disadvantage in the battle of wits that develops...",
    "genres" : [ ]
  }, {
    "id" : 237848,
    "title" : "Run of N.Y. Fire Department",
    "overview" : "A splendid and exciting run among the skyscrapers. Taken for the city's 250th anniversary celebration.",
    "genres" : [ ]
  }, {
    "id" : 237863,
    "title" : "Tragedy in a Country Churchyard",
    "overview" : "A murder investigation takes detective Christer Wijk to a small village, where he needs to separate rumors and facts to trail the murderer.",
    "genres" : [ {
      "id" : 80,
      "name" : "Crime"
    } ]
  }, {
    "id" : 237873,
    "title" : "C'est Papa qui a pris la purge",
    "overview" : "A man has diarrhea.... a French comedy.",
    "genres" : [ ]
  }, {
    "id" : 237878,
    "title" : "Ping Pong Bath Station",
    "overview" : "An unhappy housewife regains her passion for life by taking over a failing bath house.",
    "genres" : [ ]
  }, {
    "id" : 237883,
    "title" : "La Tosca",
    "overview" : "A Danish silent version of the play La Tosca.",
    "genres" : [ ]
  }, {
    "id" : 237888,
    "title" : "Tomkins Buys a Donkey",
    "overview" : "A countryman buys a stubborn donkey and has trouble.",
    "genres" : [ ]
  }, {
    "id" : 237898,
    "title" : "My Next Breath",
    "overview" : "A unique acting class in Hollywood create a movie based on their lives.",
    "genres" : [ ]
  }, {
    "id" : 237918,
    "title" : "The Night Before the Strike",
    "overview" : "Dongseong Metal employs over 200 impecunious workers at its production plant. One day, a new worker named Ju Wan-ik joins the Forging Team, and the team members welcome him with drinks and good cheer. Han-su, who is also a member of the Forging Team, longs to shake off the insufferable shackles of poverty. His dream, which he is determined to realize, is to work hard, save, and become rich someday. But to the management, the workers are mere machines that are unfortunately prone to breakage. Director Kim meticulously lays down his plans against the impending unionization of his laborers, and Han-su is recruited by his manager to stand on the side of the company.  The film was screened at universities nationwide. The government authorities dispatched the armed police to the campuses in question in an effort to prevent the film from showing, and the students formed combat teams to defend the screenings. Hundreds of thousands of college students saw the movie in this manner.",
    "genres" : [ ]
  }, {
    "id" : 237933,
    "title" : "Midzomernacht",
    "overview" : "For their annual trip, Lena -originally from Sweden- invites her close group of friends to a Frisian island to celebrate the Swedish Midsummer Night tradition. For the first time Meike, an outsider is invited. As with all friendships, in this thirty-something group of friends some secrets are shared, and others remain untold.",
    "genres" : [ {
      "id" : 18,
      "name" : "Drama"
    } ]
  }, {
    "id" : 237943,
    "title" : "Lang zal ze leven",
    "overview" : "Marta wanted to become a pilot. After an accident, she is paralysed from the waist down. For her birthday she gets an electric wheelchair and a lame boat trip. She wants to end her life on the boat, but her travelling companions keep messing things up. Marta is thwarted by a spastic admirer, a terminal Jehovah’s witness and a paralysed hairdresser in this black comedy full of crap, vomit, sex and impertinent jokes.",
    "genres" : [ ]
  }, {
    "id" : 237948,
    "title" : "You Can't Do That! The Making of 'A Hard Day's Night'",
    "overview" : "Thirty years after A Hard Day's Night, its producer, director, writer and others describe its making. United Artists Records came to Walter Shenson, asking him to produce a movie so UA could issue a soundtrack album. Shenson signed Lester to direct, and they got the Beatles to agree to star. Shenson sent Owen to Dublin to spend time with the Fab Four; from this came a script built around their being prisoners of their own success. Phil Collins, himself an extra on A Hard Day's Night, hosts this examination of a seminal film: what was ad-libbed, why was it a hit, what was its influence on other movies, and how did it define the way the public viewed each Beatle for years to come?",
    "genres" : [ {
      "id" : 10402,
      "name" : "Music"
    }, {
      "id" : 99,
      "name" : "Documentary"
    } ]
  }, {
    "id" : 237958,
    "title" : "Pepperminta",
    "overview" : "Pepperminta is an anarchist of the imagination. She lives in a futuristic rainbow villa and according to her own rules. Colors are the young woman's best friends and strawberries are her pets. She knows the most amazing remedies to free people of their fears. Pepperminta's wish is for everyone to see the world in her favorite colors. Werwen, a young plump and shy man yet whose sex appeal Pepperminta finds highly attractive, and the beautiful Edna, who talks to tulips, join her on her passionate mission. These three musketeers of a different kind set out to fight for a more humane world. Wherever the gang appears, everything is turned upside down and people's lives are transformed in the most miraculous and wondrous of ways.",
    "genres" : [ {
      "id" : 18,
      "name" : "Drama"
    } ]
  }, {
    "id" : 237973,
    "title" : "Bold",
    "overview" : "Dev Gill is a tycoon who believes that he can buy the world with his money. He is smitten with Tanvi Verma, but she doesn't reciprocate his feelings. Dev gives Tanvi's father, Prem Chopra, a big business contract, making Prem very happy with the association. He is even more delighted when Dev asks Tanvi's hand in marriage. But Tanvi refuses, as she is in love with a civil engineer (Sameer Kochhar), and she marries him. But Dev still does not give up on his pursuit of Tanvi. He gives Sameer a highly paid job in his company, leaving Sameer a very happy man. But he is not aware of Dev's fixation for his wife. At a party, Dev drugs Tanvi and rapes her. In a fight between Dev and Sameer, Sameer is left crippled. Tanvi goes on to take revenge to ruin Dev. Can she do it?",
    "genres" : [ ]
  }, {
    "id" : 237978,
    "title" : "Citizen Poet",
    "overview" : "A documentary about the Citizen Poet movement in Russia: satirical comedy shared on YouTube that strikes out at the Putin regime.",
    "genres" : [ ]
  }, {
    "id" : 237983,
    "title" : "Just Ask My Children",
    "overview" : "Based on the true story of a modern-day witch hunt, in which a couple is falsely accused and imprisoned for molesting their own children. Twelve years later, the couple's children come forward with the truth that they were coerced by the police to testify against their parents.",
    "genres" : [ {
      "id" : 18,
      "name" : "Drama"
    }, {
      "id" : 10770,
      "name" : "TV Movie"
    } ]
  }, {
    "id" : 238008,
    "title" : "Death Mills (Die Todesmühlen)",
    "overview" : "Originally made with a German soundtrack for screening in occupied Germany and Austria, this film was the first documentary to show what the Allies found when they liberated the Nazi extermination camps: the survivors, the conditions, and the evidence of mass murder. The film includes accounts of the economic aspects of the camps' operation, the interrogation of captured camp personnel, and the enforced visits of the inhabitants of neighboring towns, who, along with the rest of their compatriots, are blamed for complicity in the Nazi crimes - one of the few such condemnations in the Allied war records.",
    "genres" : [ {
      "id" : 10752,
      "name" : "War"
    }, {
      "id" : 99,
      "name" : "Documentary"
    } ]
  }, {
    "id" : 238018,
    "title" : "The Christmas Ornament",
    "overview" : "Newly widowed Kathy plans to skip out on decking the halls and trimming the tree this Christmas, trying to avoid anything that will bring back memories of her late husband. The only Christmas tradition she will observe is baking cookies for her friends, a passion since she was a child. When Kathy meets handsome Christmas tree shop owner Tim, their undeniable chemistry - along with an ornament Tim gives her that symbolizes hope - helps Kathy open up to the joys of the season again. With the support of her best friend Jenna, and the budding relationship with Tim, Kathy begins to embrace the hopeful message of the ornament.  Although Kathy wants to take a chance on Tim, she struggles to find the balance between preserving the memory of her husband and moving on with her own future. Is the Christmas ornament a sign that she can have a hopeful future?",
    "genres" : [ {
      "id" : 10749,
      "name" : "Romance"
    }, {
      "id" : 10770,
      "name" : "TV Movie"
    } ]
  }, {
    "id" : 238028,
    "title" : "12 hónap az erdőn",
    "overview" : "",
    "genres" : [ ]
  }, {
    "id" : 238033,
    "title" : "Spartacus and the Ten Gladiators",
    "overview" : "The story of Spartacus and 10 other gladiators who rebelled against the bloody coliseum sports. They escape and are faced at every turn by Roman soldiers bent on taking them back to the Coliseum - dead or alive!",
    "genres" : [ {
      "id" : 12,
      "name" : "Adventure"
    }, {
      "id" : 35,
      "name" : "Comedy"
    }, {
      "id" : 36,
      "name" : "History"
    } ]
  }, {
    "id" : 238053,
    "title" : "Neelagiri",
    "overview" : "Neelagiri (English: The Blue Mountain, in reference to the town Neelagiri) is a 1991 Malayalam film directed by I. V. Sasi and written by Ranjith, starring Mammootty, Madhoo, M. G. Soman,Anju and Srividya. The music is composed by M. M. Keeravani, credited as Maragathamani.",
    "genres" : [ {
      "id" : 18,
      "name" : "Drama"
    } ]
  }, {
    "id" : 238063,
    "title" : "Nyayavidhi",
    "overview" : "Paramu and Johnie are friends who manage to frame Unnithan, a local businessman, for a murder committed by Johnie. With a friendly policeman's help, Johnie manages to appropriate a large chunk of Unnithan's unaccounted wealth and becomes a successful businessman himself. Paramu, meanwhile, continues to work as the henchman for another businessman McPherson, who asks him to hide Rs. 1 crore (10 million) of unaccounted money for a period of two months. Paramu entrusts the money to Johnie, but the two fall out because of Unnithan's daughter for whom Paramu has a soft corner but who is now a prostitute because of Johnie's machinations. Johnie convinces McPherson that Paramu has eloped with the money, and the two join hands to eliminate Paramu and retrieve the money.",
    "genres" : [ {
      "id" : 28,
      "name" : "Action"
    }, {
      "id" : 80,
      "name" : "Crime"
    }, {
      "id" : 18,
      "name" : "Drama"
    } ]
  }, {
    "id" : 238088,
    "title" : "Sassy Player",
    "overview" : "A girl school in town plans to found male football team, so it's the first year that the school allows boys to enroll. But, there are only 16 boys who come for the admission and 7 of them turn out to be transsexual. Anyway, as the big final match is going to start soon, the boys are the only hope to reach for the champion. They're put into a tough, and unusual training by former professional football players, and teacher Tukky, a domestic science teacher turns to football coach. This is a great opportunity for the boys to prove their spirit and potentiality.",
    "genres" : [ {
      "id" : 35,
      "name" : "Comedy"
    } ]
  }, {
    "id" : 238093,
    "title" : "Shootdown",
    "overview" : "Nan Moore, the mother of one of the victims of the aero accident of the Korean Air Lines in 1983 where the plane was shot down over the Soviet Union, tries to find the truth of what happened on that particular flight. But she finds only a wall of silence and lots of trouble with the authorities...",
    "genres" : [ {
      "id" : 18,
      "name" : "Drama"
    }, {
      "id" : 10770,
      "name" : "TV Movie"
    } ]
  }, {
    "id" : 238098,
    "title" : "Murder, She Wrote: South by Southwest",
    "overview" : "Jessica Fletcher searches for a woman who witnessed the murder of a man trying to expose a serious flaw in a top-secret government satellite code.",
    "genres" : [ {
      "id" : 10770,
      "name" : "TV Movie"
    }, {
      "id" : 9648,
      "name" : "Mystery"
    } ]
  }, {
    "id" : 238118,
    "title" : "Camarote de lujo",
    "overview" : "",
    "genres" : [ {
      "id" : 18,
      "name" : "Drama"
    }, {
      "id" : 35,
      "name" : "Comedy"
    } ]
  }, {
    "id" : 238128,
    "title" : "Mormonens offer",
    "overview" : "A Mormon missionary seduces and kidnaps an attractive young woman, forcing her to accompany him to Utah to become one of his wives.",
    "genres" : [ ]
  }, {
    "id" : 238133,
    "title" : "Khela",
    "overview" : "Kolkata-based Sheela Bhowmik feels isolated and neglected, and decides to leave her busy film-maker husband, Raja, to spend sometime with her friend, Renu, her mom, and then subsequently travels to Kashmir to spend some time by herself. Raja gets involved in a new movie depicting the life of Gautam Buddh, and is on the look-out for a male child to play the character. He does find one, a young school-going lad, Abhirup Mitra; introduces him to the Producer, Vikram; as well as other crew including beautiful Anjali, who has a crush on Raja. Neither Vikram, Anjali nor any of the crew are aware that Raja is the prime suspect in the abduction of Abhirup.",
    "genres" : [ {
      "id" : 18,
      "name" : "Drama"
    } ]
  }, {
    "id" : 238143,
    "title" : "The Trip",
    "overview" : "A woman taking a trip encounters a nightmarish landscape juxtaposed against scenes of classical beauty.",
    "genres" : [ {
      "id" : 16,
      "name" : "Animation"
    } ]
  }, {
    "id" : 238148,
    "title" : "Uden Nattegn",
    "overview" : "A military comedy short where a prank backfires.",
    "genres" : [ ]
  }, {
    "id" : 238153,
    "title" : "Mor 8",
    "overview" : "A heart-warming but yet funny story of a hi-school where boys and girls are merged to study in the same class for the first time. The differences between boys and girls bring such a big headache to the two teachers like Sompat and Kaysorn, so they try to teach the students many lessons of life and living.",
    "genres" : [ {
      "id" : 35,
      "name" : "Comedy"
    } ]
  }, {
    "id" : 238158,
    "title" : "Dek Dane",
    "overview" : "A love affair between a high-school boy and a beautiful girl sets off a battle between students at two colleges. The fight causes too many people to be injured when the violence spirals out of control. The unruly students are sent to to a remote military camp to be reformed. Later, they plan to escape, but it's not what their plan should be when they find themselves stuck in a battlefield instead of escaping away from the camp.",
    "genres" : [ {
      "id" : 28,
      "name" : "Action"
    }, {
      "id" : 18,
      "name" : "Drama"
    } ]
  }, {
    "id" : 238163,
    "title" : "Burlesk Queen",
    "overview" : "To support her paralytic father, Chato works as a utility girl for a burlesque star Virgie Nite. But when Virgie gets drunk on the night of her scheduled show, Chato pitches in for her. And she becomes an instant sensation. Enthused by the initial acceptance of the audience, she defies her father's admonitions and presents herself to the manager. And thus, becoming the new burlesque queen.",
    "genres" : [ {
      "id" : 18,
      "name" : "Drama"
    } ]
  }, {
    "id" : 238178,
    "title" : "Lady Antebellum Live: On This Winter's Night",
    "overview" : "This is a great looking concert video that benefits from uniform, relatively \"normal\" looking stage lighting that doesn't bury the singers and instrumentalists in weird tones.\r Lady Antebellum's holiday concert at Nashville's Schermerhorn Symphony Center was a special night of music accompanied by a symphony orchestra and their live band.",
    "genres" : [ {
      "id" : 10402,
      "name" : "Music"
    } ]
  }, {
    "id" : 238188,
    "title" : "Proces",
    "overview" : "",
    "genres" : [ {
      "id" : 18,
      "name" : "Drama"
    } ]
  }, {
    "id" : 238198,
    "title" : "Out of the Clouds",
    "overview" : "A day following workers at an airport",
    "genres" : [ ]
  }, {
    "id" : 238203,
    "title" : "A Star Athlete",
    "overview" : "During college military training exercises, the bond between two friends and athletic rivals is tested when one of them becomes involved with a woman who may be a prostitute.",
    "genres" : [ {
      "id" : 18,
      "name" : "Drama"
    }, {
      "id" : 35,
      "name" : "Comedy"
    } ]
  }, {
    "id" : 238228,
    "title" : "The Runner",
    "overview" : "The cubicle rat-race is envisioned as dance.",
    "genres" : [ ]
  }, {
    "id" : 238238,
    "title" : "The Last Days of Colonel Savath",
    "overview" : "This is a movie from Cambodia and it was actually directed by King Norodom Sihanouk, the king of Cambodia. It depicts the events of 1975 that ended with the fall of Phnom Penh to the Khmer Rouge.",
    "genres" : [ {
      "id" : 18,
      "name" : "Drama"
    } ]
  }, {
    "id" : 238243,
    "title" : "Movin' On",
    "overview" : "A race car driver and his friend, a motorcycle racer and former POW, join forces to tour the U.S. in search of competition.",
    "genres" : [ {
      "id" : 18,
      "name" : "Drama"
    } ]
  }, {
    "id" : 238258,
    "title" : "Der kleine und der große Klaus",
    "overview" : "",
    "genres" : [ {
      "id" : 14,
      "name" : "Fantasy"
    }, {
      "id" : 10751,
      "name" : "Family"
    } ]
  }, {
    "id" : 238263,
    "title" : "The Nine-Colored Deer",
    "overview" : "In ancient times, a Persian merchant gets lost in a windstorm. Suddenly a spiritual deer of nine colors appears to guide the man. Later on, the deer rescues a man drowning in a river. In exchange, the man promises not to reveal the deer's whereabouts. The man reaches an imperial palace. The king insists on hunting down the spiritual deer down to make clothes out of the deer skin. The man gives in to his greed and leads an army of warriors to the spot. He falls into the river again, hoping the deer will show up to rescue him. This time, all the warriors' arrows turn into dust and the man is drowned",
    "genres" : [ {
      "id" : 16,
      "name" : "Animation"
    }, {
      "id" : 14,
      "name" : "Fantasy"
    } ]
  }, {
    "id" : 238268,
    "title" : "Palomita blanca",
    "overview" : "A young working class girl falls in love with an upper class boy who is part of the plot to assassinate General Schneider, head of the Chilean Army.",
    "genres" : [ ]
  }, {
    "id" : 238273,
    "title" : "Pica-Don",
    "overview" : "On August 6th, 1945, Little Boy was dropped on the city of Hiroshima.",
    "genres" : [ ]
  }, {
    "id" : 238278,
    "title" : "Verdensgiften",
    "overview" : "A sea captain gets involved in a dangerous relationship with a vamp of a lady.",
    "genres" : [ ]
  }, {
    "id" : 238288,
    "title" : "Stagecoach Kid",
    "overview" : "Crooked ranch foreman Thatcher sends his two henchmen, Parnell and Clint, out to murder his boss, wealthy Peter Arnold who has just arrived to retire on his ranch, bringing in tow his daughter, tomboy Jessie, who despises western life and can't wait to run off back to San Francisco. Stagecoach line owner Dave Collins and his sidekick Chito show up just in time to deter the attackers. Collins isn't done yet, though, as a gold shipment sent on one of his stages is stolen by Parnell and Clint, one of whom is recognized by Jessie, attempting to escape back to the west coast. Collins has his hands full trying to retrieve the stolen gold, and dealing with Jessie, who's fallen head-over-heels in love with him.",
    "genres" : [ {
      "id" : 37,
      "name" : "Western"
    } ]
  }, {
    "id" : 238293,
    "title" : "Murder, She Wrote: The Last Free Man",
    "overview" : "Jessica Fletcher discovers a shocking old family secret that leads her on a journey to the deep South to bring to light the mysterious details surrounding the death of a slave owned by one of her long dead ancestors in the mid-1800s.",
    "genres" : [ {
      "id" : 10770,
      "name" : "TV Movie"
    }, {
      "id" : 9648,
      "name" : "Mystery"
    } ]
  }, {
    "id" : 238298,
    "title" : "Locomotion",
    "overview" : "No movie overview is available.",
    "genres" : [ {
      "id" : 16,
      "name" : "Animation"
    } ]
  }, {
    "id" : 238303,
    "title" : "Bionic Heroes",
    "overview" : "Sombat Metanee stars as an army captain who teams up with a coalition of spook agencies to bust open a global heroin ring run by bad gangsters who think nothing of blowing up an army base to secure an opium route through the mountains.",
    "genres" : [ {
      "id" : 28,
      "name" : "Action"
    } ]
  }, {
    "id" : 238308,
    "title" : "Yam Yasothon 3",
    "overview" : "",
    "genres" : [ ]
  }, {
    "id" : 238323,
    "title" : "The Mender",
    "overview" : "Parents are fighting and their little girl runs away. The worrying brings them closer together and when she returns all is well with their relationship again.",
    "genres" : [ ]
  }, {
    "id" : 238328,
    "title" : "Murder in the Mirror",
    "overview" : "Mary meets Paul, marries Paul and when Paul is murdered becomes the number one suspect. While the police are preparing their case against her she begins her own investigation which takes her to the seedy parts of town and begins to expose her husbands very secret double life.",
    "genres" : [ ]
  }, {
    "id" : 238338,
    "title" : "Serra Pelada - A Lenda da Montanha",
    "overview" : "",
    "genres" : [ {
      "id" : 99,
      "name" : "Documentary"
    } ]
  }, {
    "id" : 238343,
    "title" : "Where No Vultures Fly",
    "overview" : "A true story about an Englishman working as a game warden in Kenya who is disgusted by the ongoing destruction of African wildlife, and decides to create a national park to protect them.",
    "genres" : [ {
      "id" : 12,
      "name" : "Adventure"
    } ]
  }, {
    "id" : 238353,
    "title" : "Hoots Mon",
    "overview" : "An English comedian is infuriated by a Scottish comedienne's impersonation of him",
    "genres" : [ {
      "id" : 35,
      "name" : "Comedy"
    } ]
  }, {
    "id" : 238358,
    "title" : "Fear Lives Here",
    "overview" : "Five college friends go on a hiking trip in a remote area.  What starts as a beautiful sunny day, turns into a deadly  nightmare.  After an encounter with a strange kid who just  wants to play a game, their car mysteriously dies in the night.  Stranded in the middle of nowhere, they decide to wait it out  and find help in the morning... But not all of them make it through  the night.  As they desperately search for their missing friends,  they stumble upon the haunting truth behind the strange kid, who  has actually been dead for decades, and find themselves  unwilling participants in his deadly game.",
    "genres" : [ {
      "id" : 27,
      "name" : "Horror"
    }, {
      "id" : 53,
      "name" : "Thriller"
    } ]
  }, {
    "id" : 238368,
    "title" : "High Barbaree",
    "overview" : "After his plane is downed in the South Pacific, a Navy flier recounts his life to a co-pilot while awaiting rescue.",
    "genres" : [ {
      "id" : 28,
      "name" : "Action"
    }, {
      "id" : 18,
      "name" : "Drama"
    } ]
  }, {
    "id" : 238373,
    "title" : "Vicharana",
    "overview" : "The story is about the problems faced by a lawyer in his personal, social and professional lives when he undertakes the murder case of a trade union leader in which his brother-in-law is the main accused.",
    "genres" : [ {
      "id" : 53,
      "name" : "Thriller"
    }, {
      "id" : 18,
      "name" : "Drama"
    } ]
  }, {
    "id" : 238378,
    "title" : "Don't Bother To Knock",
    "overview" : "An Edinburgh travel agent loses his keys and his fiancé in one night. A friend finds the keys and makes loads of copies with his address attached as a joke. She gives them to him as he leaves for a holiday. He gives the keys to several women he romances across the continent. He gets engaged again by phone and arranges to meet his fiancé at his flat, but the flat isn't empty",
    "genres" : [ {
      "id" : 10749,
      "name" : "Romance"
    }, {
      "id" : 35,
      "name" : "Comedy"
    } ]
  }, {
    "id" : 238398,
    "title" : "Grantham and Rose",
    "overview" : "When a petty crime thrusts him into the company of a feisty eighty-one-year-old African-American woman named Rose Price, Grantham and Rose push the boundaries of their relationship, their lives, and what it means to love, as they take a road trip back to their roots.",
    "genres" : [ {
      "id" : 35,
      "name" : "Comedy"
    }, {
      "id" : 18,
      "name" : "Drama"
    } ]
  }, {
    "id" : 238408,
    "title" : "Singh Saab the Great",
    "overview" : "A common man fights corruption and injustice.",
    "genres" : [ {
      "id" : 18,
      "name" : "Drama"
    }, {
      "id" : 28,
      "name" : "Action"
    } ]
  }, {
    "id" : 238428,
    "title" : "The Man in the Santa Claus Suit",
    "overview" : "The mysterious owner of a costume shop rents a Santa Claus suit to three very different men: a math teacher trying to get the nerve to propose, a homeless restaurateur trying to hide from the mob, and a harried political speech writer visiting with his estranged wife and son. Their lives are inexorably changed by their experience of playing Santa Claus.",
    "genres" : [ {
      "id" : 18,
      "name" : "Drama"
    } ]
  }, {
    "id" : 238443,
    "title" : "I Storm og Stille",
    "overview" : "A crooked Danish crime drama from director Vilhelm Glückstadt and Filmfabrikken Danmark.",
    "genres" : [ ]
  }, {
    "id" : 238458,
    "title" : "Dead Before Dawn",
    "overview" : "Based upon a true story. Wife with young family finds life becoming unbearable with her successful, but violent and abusive, husband. After filing for divorce, she quickly learns that her husband, through fear of his personal life embarrassing his clients, has commissioned an assassin to murder her before going to court. Unfortunately, for him, the hired assassin turns out to be an FBI agent. The FBI convince her that she must “pretend” to have been murdered in order to prove her husband’s involvement.",
    "genres" : [ {
      "id" : 18,
      "name" : "Drama"
    }, {
      "id" : 53,
      "name" : "Thriller"
    } ]
  }, {
    "id" : 238473,
    "title" : "Palunku",
    "overview" : "Monichan shifts to the city from his village to provide better education to his children. But will things go as planned?",
    "genres" : [ {
      "id" : 18,
      "name" : "Drama"
    } ]
  }, {
    "id" : 238478,
    "title" : "Six by Sondheim",
    "overview" : "Directed by Tony Award-winner and frequent Sondheim collaborator James Lapine, SIX BY SONDHEIM is a highly personal profile of a great American artist as revealed through the creation and performance of six of his iconic songs. Told primarily in Sondheim’s own words, this feature documentary weaves together dozens of interviews with the composer, rarely seen archival material spanning more than half a century (including newly discovered footage of Ethel Merman performing “Gypsy”) and re-stagings of three songs produced especially for the film.",
    "genres" : [ {
      "id" : 99,
      "name" : "Documentary"
    } ]
  }, {
    "id" : 238503,
    "title" : "To Mennesker",
    "overview" : "Two People is about a marriage on the the rocks because of a irresponsible husband. And turns into a American western half-way.",
    "genres" : [ ]
  }, {
    "id" : 238513,
    "title" : "Suspiros de Triana",
    "overview" : "The famous singer Carlos Ojeda has come to Seville to hire some Spanish figure to accompany him on the show to be presented in Mexico. Negotiations with Dorita, The Cadiz, fail and Carlos is about to return to empty when discovered Reyes, selling beautiful flowers with a magnificent voice.",
    "genres" : [ ]
  }, {
    "id" : 238523,
    "title" : "Strandvaskeren",
    "overview" : "A body washes up at the shore and Hans is framed for criminal acts by rival Jens.",
    "genres" : [ ]
  }, {
    "id" : 238528,
    "title" : "Tancredo - A Travessia",
    "overview" : "",
    "genres" : [ ]
  }, {
    "id" : 238533,
    "title" : "I tjenstlig Øjemed",
    "overview" : "Danish short comedy. A hotel room mix-up with Frederik Buch on support as the hopeless military servant.",
    "genres" : [ ]
  }, {
    "id" : 238553,
    "title" : "Drishti",
    "overview" : "Sandhya and Nikhil have been married for eight years and live a wealthy lifestyle in Bombay, along with a daughter, Rashmi. However, their lives change when Nikhil has an affair with his assistant Vrinda and divorces Sandhya.",
    "genres" : [ ]
  }, {
    "id" : 238563,
    "title" : "FMW: The Enforcer",
    "overview" : "From rookie mat-wrestler to international superstar, Masato Tanaka has proven he can crush all who stand in his way. He single-handedly took on Kanemura and the ultra-hardcore wrestling faction W*ING and finally took down WWF superstar Mike \"Gladiator\" Awesome in a history-making feud that spanned two continents and two promotions.  Struggling to reach the top-rung of the FMW, Tanaka finally left when it seemed he would only ever achieve second best. But when a war-weary FMW needs a new wrestler to rise-up and lead the promotion, Tanaka returns with his new devastating move--the Diamond Dust. Tanaka embodies the violence of the FMW. From the blood he's shed, to the scars that mark his conquests, he's weathered all storms only to come back stronger. Destroying everyone in his way, he's shown he has the number of everyone in the FMW, and why he is The Enforcer.",
    "genres" : [ {
      "id" : 99,
      "name" : "Documentary"
    } ]
  }, {
    "id" : 238568,
    "title" : "All My Dreams on VHS",
    "overview" : "James can record his dreams onto VHS. He collects them… but what happens when girl of his dreams Erica finds herself on tape?",
    "genres" : [ ]
  }, {
    "id" : 238573,
    "title" : "The Un-Gone",
    "overview" : "In 2020 global travel is simple. Step into a matter transporter in one time zone and arrive seconds later in another. But this apparent golden age of travel without boundaries has its shadow side. And when the system malfunctions, one man discovers the dark truth behind the corporate facade. Written by Simon Bovey",
    "genres" : [ {
      "id" : 878,
      "name" : "Science Fiction"
    } ]
  }, {
    "id" : 238583,
    "title" : "Telling Lies",
    "overview" : "The morning after the night before, a rapid spiral of disastrous telephone calls chart the certain ruin of young Phil's day as he attempts to fib his way out of one scrape after another. Told entirely in animated captions.",
    "genres" : [ {
      "id" : 16,
      "name" : "Animation"
    }, {
      "id" : 35,
      "name" : "Comedy"
    }, {
      "id" : 18,
      "name" : "Drama"
    } ]
  }, {
    "id" : 238593,
    "title" : "How to Follow Strangers",
    "overview" : "There is a true story of a woman who died in her apartment and it took people a year to find her body decomposing in a crisp Chanel suit. A young man becomes obsessed with this urban tragedy and disappears, wondering if anyone will notice. A young woman who shares his commuting schedule DOES notice. And when he resurfaces, she decides to follow him setting of a chain of events that bind them together...",
    "genres" : [ {
      "id" : 18,
      "name" : "Drama"
    }, {
      "id" : 10749,
      "name" : "Romance"
    } ]
  }, {
    "id" : 238598,
    "title" : "Reginald D Hunter Live: In the Midst of Crackers",
    "overview" : "Live stage performance by controversial American comedian Reginald D. Hunter recorded during his 2013 tour.",
    "genres" : [ {
      "id" : 35,
      "name" : "Comedy"
    } ]
  }, {
    "id" : 238603,
    "title" : "Earth to Echo",
    "overview" : "After a construction project begins digging in their neighborhood, best friends Tuck, Munch and Alex inexplicably begin to receive strange, encoded messages on their cell phones. Convinced something bigger is going on, they go to their parents and the authorities. When everyone around them refuses to take the messages seriously, the three embark on a secret adventure to crack the code and follow it to its source. But taking matters into their own hands gets the trio in way over their heads when they discover a mysterious being from another world who desperately needs their help. The epic, suspenseful and exciting journey that follows will change all of their lives forever.",
    "genres" : [ {
      "id" : 10751,
      "name" : "Family"
    }, {
      "id" : 12,
      "name" : "Adventure"
    }, {
      "id" : 878,
      "name" : "Science Fiction"
    } ]
  }, {
    "id" : 238608,
    "title" : "Faces of Earth",
    "overview" : "Faces of Earth is a 4-hour high-definition television series about the ever-changing planet we live on. The only thing constant on Earth is change and Faces of Earth examines this phenomenon through the eyes of those that know it best - geoscientists. Explosive volcanic eruptions, earthquakes, floods and even human beings contribute to the constant changes on the Earth's surface.",
    "genres" : [ {
      "id" : 99,
      "name" : "Documentary"
    } ]
  }, {
    "id" : 238613,
    "title" : "Population Boom",
    "overview" : "A well-known nightmarish vision of the future: The Earth's population reaches seven billion. Dwindling resources, mountains of toxic waste, hunger and climate change-the results of overpopulation? Who says that the world's overpopulated? And who's one too many? After the box-office success of \"Plastic Planet,\" in POPULATION BOOM curious documentary filmmaker Werner Boote travels the globe and examines a stubborn view of the world that has existed for decades. But he sees a completely different question: Who or what is driving this catastrophic vision?",
    "genres" : [ ]
  }, {
    "id" : 238623,
    "title" : "Notes on the Circus",
    "overview" : "The short film is a montage of sped up clips of The Ringling Brothers Circus in action set to a musical track. The film is separated into four segments, each segment which focuses on different acts within the circus. The later segments often incorporate clips from earlier segments, mostly as background to the featured acts. The speed of the clips match the tempo of the soundtrack music.",
    "genres" : [ {
      "id" : 99,
      "name" : "Documentary"
    } ]
  } ]
}