{
  "movies" : [ {
    "id" : 129568,
    "title" : "Buone notizie",
    "overview" : "Giancarlo Giannini stars as the nameless hero, a disaffected media executive who spends his days watching violent programming on the six television screens in his office and his evenings neglecting his frustrated wife at home. An encounter with an apparently delusional old friend who claims to be in mortal danger, and the friend’s alluring nymphomaniac wife, provides a temporary respite from drab routine.",
    "genres" : [ {
      "id" : 35,
      "name" : "Comedy"
    } ]
  }, {
    "id" : 129573,
    "title" : "The End of the World",
    "overview" : "The monotonous everyday life of an elderly couple is recorded almost silently in a time frame of three days. A woman and a man who have lived their whole lives together no longer have anything in common, apart from habit and the arguments that separate them.",
    "genres" : [ ]
  }, {
    "id" : 129578,
    "title" : "Pulp - F.E.E.L.I.N.G.C.A.L.L.E.D.L.I.V.E.",
    "overview" : "Take a trip down to Brixton Academy and totally immerse yourself in F.E.E.L.I.N.G.C.A.L.L.E.D.L.I.V.E; 1. Do You Remember The First Time 2. Monday Morning 3. Pencil Skirt 4. I Spy 5. Sorted For E's And Wizz 6. Something Changed 7. Live Bed Show 8. Acrylic Afternoons 9. Babies 10. Disco 2000 11. Mis-Shapes 12. F.E.E.L.I.N.G.C.A.L.L.E.D.L.O.V.E 13. Underwear 14. Common People",
    "genres" : [ ]
  }, {
    "id" : 129608,
    "title" : "Lowlands",
    "overview" : "Lowlands explores the fragility of domestic and creative life in time of war. Its focus is Catharina Bolnes, wife and widow of 17th century painter, Johannes Vermeer of Delft. The film explores her struggle to ensure the family’s survival during the France-Netherlands War (1672-1675), and the bankruptcy she declares after Vermeer’s death leaves her with no income and ten minor children.  The film is built from varied sources including paintings of Catharina by Vermeer; etchings depicting Louis XIV’s policy of rape warfare; reenactments of legal depositions by the Vermeer family about domestic violence, forged paintings and bankruptcy; archival b/w films taken in Delft during WWII; contemporary color footage tracking the movements of Louis XIV’s army near Delft in 1672; a deposition by a perpetrator of rape warfare at the Criminal Tribunal in the Hague in 1996….",
    "genres" : [ ]
  }, {
    "id" : 129613,
    "title" : "The Wall - The Final Days",
    "overview" : "",
    "genres" : [ {
      "id" : 10770,
      "name" : "TV Movie"
    }, {
      "id" : 18,
      "name" : "Drama"
    } ]
  }, {
    "id" : 129628,
    "title" : "Stars & Bars",
    "overview" : "Henderson Dores (Daniel Day Lewis), a New York based art dealer from England, travels to Georgia to persuade patriarch, Harry Dean Stanton, to sell a Monet previously thought lost.",
    "genres" : [ {
      "id" : 35,
      "name" : "Comedy"
    } ]
  }, {
    "id" : 129633,
    "title" : "Kate Bush - The Whole Story",
    "overview" : "With five albums under her belt from EMI Records, it was time for Kate to put out a greatest hits. She'd made it big with Hounds Of Love, which spawned four hit singles, and The Whole Story brings her EMI songs to closure. And it was this album that introduced me to Kate Bush, and the rest is history. The version of \"Wuthering Heights\" features a newer vocal, which is more developed than the girlish vocals of the Kick Inside days and helps the piano and drums of this song. Yes, she does sing about the longing about Kathy towards Heathcliff. Much better than the original.",
    "genres" : [ ]
  }, {
    "id" : 129648,
    "title" : "Tarja Turunen: What Lies Moscow 2011",
    "overview" : "01. Intro\r 02. Anteroom of Death\r 03. My Little Phoenix\r 04. I Feel Immortal\r 05. Dark Star\r 06. I Walk Alone\r 07. Mike Terrana`s Drums Solo\r 08. Instrumental Band Solo\r 09. Little Lies\r 10. Underneath\r 11. The Siren (Nightwish cover)  Acoustic set\r 12. Higher Than Hope (Nightwish cover)\r 13. We Are\r 14. Minor Heaven\r 15. The Archive of Lost Dreams\r 16. Ciaran`s Well\r 17. In for a Kill",
    "genres" : [ ]
  }, {
    "id" : 129663,
    "title" : "Necro Files 2",
    "overview" : "Murder runs deep in the Logan family. The brother of the maniac (turned zombie) in THE NECRO FILES becomes a crazed cannibal rapist and unwittingly reanimates his evil brother's corpse as a flesh-eating zombie rapist! Together, the pair go on a berserk killing spree in the streets of Seattle! Detectives Sloane and Manners investigate the grisly murders in this over the top sequel to the original cult classic, loaded with sick humor, nudity and gore.",
    "genres" : [ ]
  }, {
    "id" : 129668,
    "title" : "Roulette",
    "overview" : "Sina, a young homeless girl, who has lost her parents at a car accident, gets offered the once in a lifetime opportunity to play Russian roulette in front of an paying audience.",
    "genres" : [ {
      "id" : 53,
      "name" : "Thriller"
    } ]
  }, {
    "id" : 129673,
    "title" : "I'm on Fire",
    "overview" : "Following the death of her estranged mother, Emma, a young drifter, returns to her childhood home in Palm Springs for the first time in a decade...",
    "genres" : [ ]
  }, {
    "id" : 129713,
    "title" : "Break Through!",
    "overview" : "Romeo, A.K.A. Kosuke Matsuyama (Shun Shioya), is a second-year high school student. A nice, normal, nonviolent type, he suddenly finds himself in the middle of a rampaging crowd of Korean boys, outraged by insults perpetrated by several of his idiotic class-mates on two Korean girls. He makes a narrow escape, but soon after, he and his best bud Yoshio (Keisuke Koide) are sent by their home-room teacher to invite the Korean students to a friendly soccer game as a way of restoring the peace.",
    "genres" : [ {
      "id" : 18,
      "name" : "Drama"
    }, {
      "id" : 28,
      "name" : "Action"
    }, {
      "id" : 35,
      "name" : "Comedy"
    } ]
  }, {
    "id" : 129728,
    "title" : "Palme",
    "overview" : "Olof Palme was openly shot to death on a February evening 1986 on the streets of Stockholm. In one night, the country of Sweden was transfigured. “Palme” is about his life, his time, and about the Sweden he had created. About a man who altered history.",
    "genres" : [ {
      "id" : 99,
      "name" : "Documentary"
    } ]
  }, {
    "id" : 129733,
    "title" : "Viola The Traveling Rooms Of A Little Giant",
    "overview" : "Seven-year-old Viola packs a suitcase and climbs a floating staircase into the sky. She soon discovers that her journey will unite her past, present, and future into a fanciful adventure, part life and part dream.",
    "genres" : [ ]
  }, {
    "id" : 129738,
    "title" : "Free and Easy",
    "overview" : "Densuke Hamazaki is an office worker at Suzuki Construction and gets transferred to the main Tokyo office. After settling in to his surrounding along with his wife Eri, Densuke befriends an elderly man named Ichinosuke Suzuki. Ichinosuke is a lonely and old man who learns to enjoy life again through his friendship with Densuke. Meanwhile, Densuke is completely unaware that Ichinosuke is the boss of his construction company. The two men become friends through their shared passion for fishing.",
    "genres" : [ ]
  }, {
    "id" : 129743,
    "title" : "Another",
    "overview" : "After a chain of deaths at a junior high school, new transfer student Koichi Sakakibara turns to a mysterious girl who holds the key to the dark mystery.",
    "genres" : [ {
      "id" : 27,
      "name" : "Horror"
    }, {
      "id" : 53,
      "name" : "Thriller"
    }, {
      "id" : 9648,
      "name" : "Mystery"
    } ]
  }, {
    "id" : 129758,
    "title" : "Macabro",
    "overview" : "Documentary showcasing various strange practices around the world, including tribal circumcision ceremonies, male Japanese geishas and headhunting Indian tribes in the Brazilian jungles.",
    "genres" : [ {
      "id" : 99,
      "name" : "Documentary"
    } ]
  }, {
    "id" : 129763,
    "title" : "The Mating Urge",
    "overview" : "An exploitation pot-boiler, posing as an anthropology art-film, and supposedly filmed by seventeen different cameraman in Africa, Malaya, India, Ceylon, Bali, New Guinea and New Hebrides.",
    "genres" : [ ]
  }, {
    "id" : 129783,
    "title" : "The Screen Illusion",
    "overview" : "In this contemporary adaptation of Pierre Corneille’s brilliant, eponymous 17th century play, the enigmatic Alcandre is now a hotel concierge who uses the myriad in-house high-tech security cameras to show worried father Pridamant the whereabouts and travails of his son, Clindor. As Pridamant witnesses the conflicting romances involving his estranged son, Corneille’s modernist meta-narrative is transposed to contemporary Paris, underscoring the ambiguous nature of love, wealth and desire in an age of consumerism. (Chicago International Film Festival)",
    "genres" : [ {
      "id" : 35,
      "name" : "Comedy"
    } ]
  }, {
    "id" : 129788,
    "title" : "Гиблое дело",
    "overview" : "",
    "genres" : [ ]
  }, {
    "id" : 129798,
    "title" : "The Crying Dead",
    "overview" : "In 2008 a cast and crew set out to shoot a pilot for a paranormal reality show. During the first night vague apparitions became violent hauntings. One by one they lost their lives. The Whispering Dead is a diary of the final tortured moments of real people in an unthinkable situation.",
    "genres" : [ {
      "id" : 12,
      "name" : "Adventure"
    }, {
      "id" : 27,
      "name" : "Horror"
    }, {
      "id" : 53,
      "name" : "Thriller"
    } ]
  }, {
    "id" : 129808,
    "title" : "Melodie der Welt",
    "overview" : "An impression of the state of the world in 1929, contrasting similarities and differences in religion, customs, art and entertainment from all over the world. The film is constructed like a symphony.",
    "genres" : [ {
      "id" : 99,
      "name" : "Documentary"
    } ]
  }, {
    "id" : 129818,
    "title" : "Длинное, длинное дело",
    "overview" : "",
    "genres" : [ ]
  }, {
    "id" : 129823,
    "title" : "Inspector of Criminal Investigation",
    "overview" : "A detective investigating the robbery also tries to help young man to avoid criminal future.",
    "genres" : [ {
      "id" : 80,
      "name" : "Crime"
    }, {
      "id" : 9648,
      "name" : "Mystery"
    } ]
  }, {
    "id" : 129828,
    "title" : "Variola Vera",
    "overview" : "The subject of the film is the 1972 outbreak of smallpox in Yugoslavia, more specifically the events related to the epidemic and the subsequent quarantine at Belgrade's General Hospital. The film follows the journey of a Kosovar pilgrim on his way back to Belgrade from the Middle East. While at a bazaar, the pilgrim buys a flute from a man who is visibly ill. Upon his return to Belgrade, the pilgrim starts to show signs of illness and is transported to the city's General Hospital. His disease is initially misdiagnosed and the smallpox virus starts spreading through the hospital very quickly. Once the disease is correctly identified, the authorities attempt to subdue the outbreak by declaring martial law, enforcing quarantine and enlisting the help of the World Health Organization. Eventually, these measures prove to be effective to subdue the epidemic.",
    "genres" : [ {
      "id" : 27,
      "name" : "Horror"
    }, {
      "id" : 18,
      "name" : "Drama"
    } ]
  }, {
    "id" : 129843,
    "title" : "London 2012: Paralympics Opening Ceremony",
    "overview" : "The opening ceremony of the London 2012 Paralympic games.",
    "genres" : [ ]
  }, {
    "id" : 129848,
    "title" : "Attakathi",
    "overview" : "A shy young youth gets down in love,fails and transforms into a popular dude amongst his college mates. But does the change sustain?",
    "genres" : [ {
      "id" : 35,
      "name" : "Comedy"
    }, {
      "id" : 10749,
      "name" : "Romance"
    } ]
  }, {
    "id" : 129853,
    "title" : "Flamingo Pride",
    "overview" : "",
    "genres" : [ ]
  }, {
    "id" : 129858,
    "title" : "Violated!",
    "overview" : "Rape-revenge drama. Possibly lost.",
    "genres" : [ {
      "id" : 53,
      "name" : "Thriller"
    }, {
      "id" : 18,
      "name" : "Drama"
    }, {
      "id" : 27,
      "name" : "Horror"
    } ]
  }, {
    "id" : 129863,
    "title" : "Demolishing and Building Up the Star Theatre",
    "overview" : "Time-lapse photography showing the one month-long demolition of the Star Theatre in New York.",
    "genres" : [ {
      "id" : 99,
      "name" : "Documentary"
    } ]
  }, {
    "id" : 129868,
    "title" : "Dr. Pyckle and Mr. Pryde",
    "overview" : "Stan Laurel before Laurel and Hardy, in this \"Dr Jekyll and Mr Hyde\"-inspired story, which was released 30 July 1925.",
    "genres" : [ ]
  }, {
    "id" : 129878,
    "title" : "Blenderstein!",
    "overview" : "Sydney is a typical teenage girl with a typical job delivering packages. However, this certain day will be less than typical for her when a demented monkey scientist and his hunchbacked henchman abduct her. Their plan consists of one brainless monster, one blender and poor little Sydney of course! Written by Anonymous",
    "genres" : [ ]
  }, {
    "id" : 129893,
    "title" : "Les Chevaliers du Fiel : La brigade des feuilles",
    "overview" : "A hilarious dive into the world of city employees! These are your local taxes will tremble! Find Fiel Knights in their new show that has doubled France.",
    "genres" : [ {
      "id" : 35,
      "name" : "Comedy"
    } ]
  }, {
    "id" : 129903,
    "title" : "Twisted Sister: Double Live - Northstage 82 & Ny Steel 01",
    "overview" : "This two disc DVD set couples Twisted Sister live shows from the start of their recording career in 1982 and the beginning of their reunion career in 2001. The show from the North Stage Theater in Long Island in 1982 was the same year as the release of their debut album Under The Blade. It features many of the songs from that record along with songs that have not been performed since Twisted Sister left the club scene. .Following the terrible events of September 11, 2001, Twisted Sister's classic line-up reunited to headline the New York Steel Benefit Show at the Hammerstein Ballroom in New York City on November 28 that year. Organized by radio &amp; television personality Eddie Trunk, the concert was a fundraiser for the families of New York Police Officers and Fire Fighters who had lost their lives in the attack on the World Trade Center. The reaction to Twisted Sister's set was overwhelming and led directly to the ongoing existence of the band today.",
    "genres" : [ {
      "id" : 10402,
      "name" : "Music"
    } ]
  }, {
    "id" : 129908,
    "title" : "Bharati",
    "overview" : "",
    "genres" : [ ]
  }, {
    "id" : 129918,
    "title" : "PMMP: Live at YleX Pop",
    "overview" : "",
    "genres" : [ {
      "id" : 10402,
      "name" : "Music"
    } ]
  }, {
    "id" : 129923,
    "title" : "Nightwish: Live in Sydney",
    "overview" : "1) Crimson Tide (Hans Zimmer song)\r 2) Storytime  3) Dark Chest of Wonders  4) Wish I Had an Angel  5) Amaranth  6) Scaretale  7) Slow, Love, Slow  8) I Want My Tears Back (with Troy Donockley)\r 9) Nemo (with Troy Donockley)\r 10) Last of the Wilds (with Troy Donockley)\r 11) Planet Hell  12) Ever Dream  13) Over the Hills and Far Away (Gary Moore cover) (with Troy Donockley)\r 14) Ghost Love Score  15) Song of Myself  16) Last Ride of the Day  17) Imaginaerum",
    "genres" : [ {
      "id" : 10402,
      "name" : "Music"
    } ]
  }, {
    "id" : 129933,
    "title" : "Paraguayan Hammock",
    "overview" : "Set in 1935, a couple of aged smallholders are waiting for their son, for rain, for better days.",
    "genres" : [ {
      "id" : 18,
      "name" : "Drama"
    } ]
  }, {
    "id" : 129943,
    "title" : "Breaktime",
    "overview" : "A young boy accidentaly kicks his football through a glass window. On his way home he steals a new ball from some older kids who start to run after him.",
    "genres" : [ {
      "id" : 18,
      "name" : "Drama"
    } ]
  }, {
    "id" : 129948,
    "title" : "The Moonstone",
    "overview" : "Greg Wise (Sense and Sensibility) and Keeley Hawes (Karaoke) star in this sumptuous adaptation of Wilkie Collins' classic mystery, the first detective novel ever written.  The Moonstone, a sacred Hindu diamond was stolen from the head of the Moon God, in its shrine by John Herncastle in 1799. The stone is said to be cursed if it is removed from the shrine.  In 1848, a man named Franklin Blake announces to Rachel that the Moonstone has been bequeathed to her by Herncastle. Blake gives her the jewel on her birthday and offers to mount the jewel for her, in order that she might wear it. Inevitably, the jewel is found missing the next morning and Rachel believes Blake stole it. Determined to prove his innocence, Blake leaves in order to pursue the real truth behind the theft.",
    "genres" : [ {
      "id" : 10770,
      "name" : "TV Movie"
    }, {
      "id" : 80,
      "name" : "Crime"
    }, {
      "id" : 9648,
      "name" : "Mystery"
    } ]
  }, {
    "id" : 129953,
    "title" : "Bienvenue parmi nous",
    "overview" : "Despite his fame, Taillandier has suddenly stopped painting. Deeply depressed, the sixty-year-old decides to go away. He has no clear goal and explains nothing to his close friends. During his travels, he has a strange encounter with Marylou, a wild teenager who was rejected by her mother. The lost girl and the man at the end of his tether will travel together awhile. Finally living like a father and daughter, at peace.",
    "genres" : [ {
      "id" : 18,
      "name" : "Drama"
    } ]
  }, {
    "id" : 129958,
    "title" : "The Stepdaughter",
    "overview" : "In Palm Springs, Penny Crane, young vivacious daughter of Senator Crane and stepdaughter of his wife Lillian all decide to go to Jackson Hole, Wyoming, to enjoy the skiing and also get away from the pressures of the investigation regarding the recall of Senator Crane. Penny, not a ski fan until she meets her ski instructor, young handsome Chris and their relationship grows not only on the ski slopes, but every minute they are able to find to be alone together. Mrs. Crane becomes jealous of her stepdaughter's relationship with Chris and insists they end it immediately.",
    "genres" : [ {
      "id" : 18,
      "name" : "Drama"
    } ]
  }, {
    "id" : 129968,
    "title" : "Below the Border",
    "overview" : "Scully has forced Joe Collins who works on the Garcia ranch to give him information so his men can steal the family jewels. But the Rough Riders are on the job. Buck poses as a wanted outlaw to get into the gang, Tim as a cattle buyer, and Sandy is collecting information as the saloon janitor. As usual they pretend not to know each other. Written by Maurice Van Auken",
    "genres" : [ {
      "id" : 37,
      "name" : "Western"
    } ]
  }, {
    "id" : 129973,
    "title" : "Between Men",
    "overview" : "",
    "genres" : [ {
      "id" : 37,
      "name" : "Western"
    } ]
  }, {
    "id" : 129978,
    "title" : "Secret Africa",
    "overview" : "Documentary about French Equatorial Africa, including sequences on adult circumcision rites of Bariba tribe; whipping of young Peuls; a secret asylum in the jungle; new-born tattooing in Haussa tribe; Muslim Tabaski tribe's rites; blood rites.",
    "genres" : [ {
      "id" : 99,
      "name" : "Documentary"
    } ]
  }, {
    "id" : 129998,
    "title" : "Santo and the Border of Terror",
    "overview" : "Santo takes on illegal immigration! By that, I mean that he runs into a mad doctor turning immigrants into mind-controlled zombie slaves. (It's Santo, don't ask questions.)",
    "genres" : [ ]
  }, {
    "id" : 130003,
    "title" : "Lewis & Clark - The Journey of the Corps of Discovery",
    "overview" : "Sent by President Thomas Jefferson to find the fabled Northwest Passage, Meriwether Lewis and William Clark led the most important expedition in American history— a voyage of danger and discovery from St. Louis to the headwaters of the Missouri River, over the Continental Divide to the Pacific. It was the United States' first exploration of the West and one of the nation's most enduring adventures.  This extraordinary film tells the remarkable story of the entire Corps of Discovery— not just the two famous Captains, but the young army men, French-Canadian boatmen, Clark's African-American slave, and the Shoshone woman named Sacagawea, who brought along her infant son. Journey with them all, across a breath-taking landscape in an unforgettable experience that explores both the history— and promise— of America.",
    "genres" : [ {
      "id" : 36,
      "name" : "History"
    }, {
      "id" : 99,
      "name" : "Documentary"
    }, {
      "id" : 10751,
      "name" : "Family"
    } ]
  }, {
    "id" : 130013,
    "title" : "Gumball 3000: Number 13",
    "overview" : "The 13th Gumball 3000 film follows the story of MTV's Dirty Sanchez stars Lee Dainton and Matthew Pritchard participating in the famous 3000 mile road trip. Driving alongside the most incredible array of supercars ever seen together their humble ride is a 20 year old VW van that they bought for just £850! From London to Istanbul, driving 3000 miles across 13 countries in just 7 days with insane parties each night takes its toll on the Dirty Sanchez duo and the rest of the Gumballers. Featuring Bun B, EVE, Ndamukong Suh, The Dudesons, Tamer Hassan, Costas Mandylor, Shane Lynch, Maximillion Cooper, David Hasselhoff, David Guetta, and incorporating the Monaco F1...its one hell of a week!",
    "genres" : [ {
      "id" : 99,
      "name" : "Documentary"
    } ]
  }, {
    "id" : 130018,
    "title" : "The Corpse Grinders II",
    "overview" : "A campy low-budget sequel to 1971's cult classic gore-fest with an interplanetary sub-plot grafted on.  The giant flesh-mangling meat grinder in the basement of the Lotus Cat Food Company is back in business under new management. And this time the popular \"food for cats who like people\" has drawn the attention of an alien race of intelligent felines from the planet Ceta. The Cetans' food supply has been destroyed in their interplanetary war with dog-headed dinosaurs. With help from the U.S. government's \"men in black\" the cat queen, Felina, negotiates a mega-deal with the Lotus Company to supply her planet with food. This sudden increase in orders has the new owners scrambling for fresh - and not-so-fresh- human flesh to meet the growing demand.",
    "genres" : [ {
      "id" : 27,
      "name" : "Horror"
    }, {
      "id" : 878,
      "name" : "Science Fiction"
    } ]
  }, {
    "id" : 130023,
    "title" : "A Ghost of a Chance",
    "overview" : "Defence lawyer Emi is assigned to a particularly unusual case: a man is suspected of murdering his wealthy wife, and his only alibi is a 421-year old ghost, Rokubei. At first Emi is hesitant, but when she pursues her lead she is visited by the ghost herself. And so the fun begins in the courtroom when Prosecutor Osano starts to cross examine…",
    "genres" : [ {
      "id" : 35,
      "name" : "Comedy"
    }, {
      "id" : 18,
      "name" : "Drama"
    } ]
  }, {
    "id" : 130028,
    "title" : "How to Make Movies",
    "overview" : "This film was never released for the general public. It was hidden in Chaplin's private vaults for forty years until he included some parts of it in his compilation 'The Chaplin Revue' in 1959.",
    "genres" : [ {
      "id" : 99,
      "name" : "Documentary"
    } ]
  }, {
    "id" : 130033,
    "title" : "All at Sea",
    "overview" : "\"All at Sea\" is a short documentary of Cooke, Charlie Chaplin and Paulette Goddard all on Chaplin's yacht on an afternoon sail.",
    "genres" : [ {
      "id" : 99,
      "name" : "Documentary"
    } ]
  }, {
    "id" : 130038,
    "title" : "Ippodrom",
    "overview" : "After one horse racing Sunday the body of a jockey is found on the racetrack. Was it an accident or a murder connected to bet fixing?",
    "genres" : [ ]
  }, {
    "id" : 130043,
    "title" : "La bicicleta",
    "overview" : "Ramon, a twelve year old visit a bicycle shop to fix a puncture. There he meets an old man named Mario, a former amateur cyclist, and was fascinated by a bike that just built with parts from different models. The old man decides to give it away.",
    "genres" : [ ]
  }, {
    "id" : 130048,
    "title" : "The Light in the Dark",
    "overview" : "A young girl is struck and seriously injured by a wealthy society matron's car. The woman brings the girl back to her house. Later, a hardened thief is told by the girl of a goblet, that could be the Holy Grail, which has healing powers and could help her. The thief, touched by her predicament, sets out to steal the goblet and bring it to her.",
    "genres" : [ {
      "id" : 18,
      "name" : "Drama"
    }, {
      "id" : 80,
      "name" : "Crime"
    } ]
  }, {
    "id" : 130053,
    "title" : "Max Wants a Divorce",
    "overview" : "Max is forced to choose between losing his newly wedded wife and a fortune. He hits upon a brilliant scheme: He will give his wife grounds for a divorce, secure the money and then make his ex-wife Mrs. Linder again. He goes through any amount of trouble in helping her to get the necessary evidence, only to find that it is all a mistake on the part of a stupid lawyer - the money and the wife are both to be his.",
    "genres" : [ ]
  }, {
    "id" : 130058,
    "title" : "Max and His Mother-in-Law",
    "overview" : "Max and his young bride attempt to enjoy an Alpine honeymoon, despite the presence of her mother.",
    "genres" : [ {
      "id" : 35,
      "name" : "Comedy"
    } ]
  }, {
    "id" : 130068,
    "title" : "The Phantom Ship",
    "overview" : "Uncle Beans and the kids are off to visit a haunted ship ('The Phantom') trapped in the ice, hoping to find pirate treasure. They encounter all manner of ghosts and goblins, but eventually find what they've been looking for. When Beans tries to warm up by throwing some chairs in a stove and lighting it, he thaws out a pair of pirates that chase the trio around. They treasure-seekers are eventually forced back into their plane and they decide to fly away.",
    "genres" : [ {
      "id" : 16,
      "name" : "Animation"
    } ]
  }, {
    "id" : 130078,
    "title" : "2011 Season Highlights: Geelong Cats",
    "overview" : "The loss of an on-field icon. The departure of a coaching legend. The experts said they were too old and too slow, and thought that 2010 marked the end of an era. But in fact, all these moments were cornerstones in the Geelong Cats 2011 road to victory.",
    "genres" : [ ]
  }, {
    "id" : 130083,
    "title" : "La moza del cántaro",
    "overview" : "Doña Maria de Guzman, a beautiful lady of Ronda has seen as Don Diego slapped his elderly father, disguised as a man pretending to be his brother (the expected return from Flanders) duels with him and kills him. Forced to flee, traveling in company with Don Juan, one of his fans, still hiding her gender. Unable to bear the intimacy with a soldier who believes him, leaving Don Juan and arrives in Madrid.  Based on the play by Lope de Vega. The Adventures of Dona Maria de Guzman, a seventeenth-century noblewoman: served in a hostel, dressed as a man, dueled ... A life rich in experiences.",
    "genres" : [ ]
  }, {
    "id" : 130088,
    "title" : "Terror in the Family",
    "overview" : "Fifteen-year-old Deena Marten wants the same freedom every teenager craves. But when she can't have her way, her rebellious temperament erupts in violence. Her parents, Stephanie and Todd, fear her new boyfriend, Garret, 17, is the cause. Distraught, Stephanie turns to alcohol, and Todd escapes in his work. They're unaware their Boy Scout son Adam, 13, sips from a vodka bottle hidden in his bedroom. And the problems in this dysfunctional family continue to worsen.",
    "genres" : [ {
      "id" : 18,
      "name" : "Drama"
    } ]
  }, {
    "id" : 130093,
    "title" : "Oklahoma Territory",
    "overview" : "Temple Houston (Sam Houston's son) who is the DA with a sense of Justice. He is located in Fort Smith, Ark and works with Judge Parker in 1872. His area includes the Oklahoma Territory which was the Indian territory at that time. Chief Buffalo Horn who is falsely accused of murder.",
    "genres" : [ {
      "id" : 28,
      "name" : "Action"
    } ]
  }, {
    "id" : 130098,
    "title" : "Treachery Rides the Range",
    "overview" : "The Indians need the Buffalo to survive and the Government has promised to keep the herds free from hunters. But Carter, of Carter and Barton, just signed a big contract for furs and Buffalo meat so they want the herds. The only way they can get them is to rile the Indians up enough to go on the warpath and break the treaty. After the trouble starts, the Indians get the Colonel's daughter and hold her prisoner. Written by Tony Fontana",
    "genres" : [ {
      "id" : 10402,
      "name" : "Music"
    }, {
      "id" : 37,
      "name" : "Western"
    } ]
  }, {
    "id" : 130108,
    "title" : "Teddy Roosevelt: An American Lion",
    "overview" : "This thorough documentary covers the life of President Theodore Roosevelt, from his birth until his death.",
    "genres" : [ {
      "id" : 99,
      "name" : "Documentary"
    }, {
      "id" : 36,
      "name" : "History"
    } ]
  }, {
    "id" : 130118,
    "title" : "Hattie",
    "overview" : "Hattie is a television film on the life of the British comic actress Hattie Jacques, played by Ruth Jones, her marriage to John Le Mesurier (Robert Bathurst) and her affair with their lodger John Schofield (Aidan Turner).",
    "genres" : [ {
      "id" : 10770,
      "name" : "TV Movie"
    }, {
      "id" : 18,
      "name" : "Drama"
    } ]
  }, {
    "id" : 130133,
    "title" : "The Spy Who Came",
    "overview" : "A cop goes undercover for Interpol in order to smash a spy ring involving sex, drugs and brainwashing.",
    "genres" : [ ]
  }, {
    "id" : 130153,
    "title" : "Haiku",
    "overview" : "Short film.",
    "genres" : [ ]
  }, {
    "id" : 130158,
    "title" : "Easter",
    "overview" : "\"I smell gasoline,\" the suspicious husband, Matthew, announces in the opening scene of \"Easter,\" Will Scheffer's dark and poignant heartland drama at Naked Angels. Wilma, his wife, has just returned from town, in a wedding dress, no less, and Matthew is worried that she is up to her old tricks. She has already burned down a dozen churches in Oklahoma and Kansas, and all the warning signs point to another holy torching.",
    "genres" : [ ]
  }, {
    "id" : 130168,
    "title" : "The Cowboy Millionaire",
    "overview" : "Englishwoman falls for dude ranch cowboy but goes back to England when she thinks he's only pretending. But he follows her to England.",
    "genres" : [ {
      "id" : 37,
      "name" : "Western"
    }, {
      "id" : 28,
      "name" : "Action"
    }, {
      "id" : 12,
      "name" : "Adventure"
    } ]
  }, {
    "id" : 130183,
    "title" : "Forbidden Trails",
    "overview" : "Trapped in a burning cabin by ex-cons Fulton and Howard, Roberts has his horse Silver drag him to safety. He then joins McCall and Hopkins as they go after Fulton, Howard, and their boss Cramer. Written by Maurice Van Auken",
    "genres" : [ {
      "id" : 28,
      "name" : "Action"
    }, {
      "id" : 37,
      "name" : "Western"
    } ]
  }, {
    "id" : 130188,
    "title" : "Meanwhile",
    "overview" : "A love triangle between two boys and a girl who drift through life from a rugby game, to a pool party, to the beach.",
    "genres" : [ {
      "id" : 18,
      "name" : "Drama"
    } ]
  }, {
    "id" : 130218,
    "title" : "The Kid's Last Ride",
    "overview" : "The fifth film in the 24-film Range Busters series finds \"Crash\", \"Dusty\" and Alibi, on their way to Gopher City to become the town's peace officers. In the saloon, young Jimmy Rowell is losing money in a crooked poker game to saloon owner Bob Harmon. Harmon and his henchman Bart Gill are in reality wanted-outlaw brothers Jim and Ike Breedon seeking revenge against Jimmy and his school-teaching sister Sally as their father, a circuit judge in Nebraska, had sentenced their brother Bud to be hanged. Harmon involves Jimmy, because of his gambling debts, in a robbery of a rancher known to keep large amounts of money at his ranch. The Range Busters break up the robbery, Bart is killed, as is Rancher Fleming, and Jimmy is wounded but escapes. Harmon, setting a trap for Crash, tricks Sally and Jimmy to his hideout, and Crash follows them.",
    "genres" : [ {
      "id" : 37,
      "name" : "Western"
    } ]
  }, {
    "id" : 130223,
    "title" : "Cancer to Capricorn: Path of the Modern Gypsy",
    "overview" : "Taking place between the latitudinal lines of the Tropic of Cancer and the Tropic of Capricorn, Reef’s new movie documents the search for perfect surf and new cultural experiences on the path of the modern gypsy. Coming in the Summer of 2010, Cancer to Capricorn – The Path of The Modern Gypsy, features Mick Fanning, Rob Machado, Tonino Benson, Mike Losness, Ben Bourgeois, Miss Reef and many more.",
    "genres" : [ ]
  }, {
    "id" : 130233,
    "title" : "Fly Away",
    "overview" : "",
    "genres" : [ {
      "id" : 18,
      "name" : "Drama"
    }, {
      "id" : 10749,
      "name" : "Romance"
    } ]
  }, {
    "id" : 130243,
    "title" : "Wives Under Suspicion",
    "overview" : "A merciless district attorney prosecutes a case that mirrors his own life. Director James Whale's 1938 drama stars Warren William, Gail Patrick, William Lundigan, Constance Moore, Cecil Cunningham, Milburn Stone, Ralph Morgan, Lillian Yarbo, Jonathan Hale, James Flavin and Samuel S. Hinds.",
    "genres" : [ {
      "id" : 80,
      "name" : "Crime"
    }, {
      "id" : 18,
      "name" : "Drama"
    } ]
  }, {
    "id" : 130248,
    "title" : "Warren Miller's Journey",
    "overview" : "In fifty-four years of capturing the worldwide flavor of skiing and kindred adventure sports, the Warren Miller crew has traveled to every corner of the globe.  This seasons journey offers another prismatic view of winter sports, taking the view on a voyage inside the soul of skiing.",
    "genres" : [ ]
  }, {
    "id" : 130253,
    "title" : "The Stray",
    "overview" : "Summer school, what a bummer! That is what Mason, Aidan, Maddie, Melinda and Luke are thinking on the first day of school. Bored, the five of them are daydreaming about what they might be doing if they weren't in school. But when a cute little stray pup they name Chewy wanders into their school, the days are anything but boring. The four of them must unite to help keep Chewy out sight of the principal, Ms. Thistle. What ensues is an elaborate game of hide- and-seek as they not only try to keep Chewy from being discovered, but also clean up the messes he leaves behind. The kids come up with one creative hiding place after another, even enlisting the help of school staff members to keep Chewy's presence under wraps. This game of hide-and-seek can't last forever, or can it? Or will Ms. Thistle catch on to their little secret, and capture them red handed in possession of The Stray? Written by Larry &amp; Stan  (IMDB.com).",
    "genres" : [ ]
  }, {
    "id" : 130258,
    "title" : "Mi verano con Amanda 2",
    "overview" : "Summer is over and Chicho, Fabio, Gaby, and RS must return to their normal routine.",
    "genres" : [ {
      "id" : 35,
      "name" : "Comedy"
    } ]
  }, {
    "id" : 130268,
    "title" : "Where Is Madame Catherine?",
    "overview" : "The life in a Catalan (Southern France) village near the border may be quite boring. A young man who is escaping from his homeland is seeking for something and may find it in this weird place. You see the relationship between the people in the village, their dreams, their past and their perspectives in life. The foreigner is hosted there and is messed in the deep whereabouts of these people and tries somehow to fit in.",
    "genres" : [ ]
  }, {
    "id" : 130273,
    "title" : "Radiance",
    "overview" : "With the death of their mother, two sisters (Nona and Cressy) return to their childhood home in Northern Australia where their third sister, Mae, lived looking after their mother. The funeral happens and the three find themselves together in the house for the first time in years. With time to talk, drink and fight, past hurts are revealed and family secrets come out.",
    "genres" : [ ]
  }, {
    "id" : 130278,
    "title" : "Struck",
    "overview" : "On his way to work one day, Joel is impaled through the chest by a three-foot arrow. But it doesn’t harm him. And it won’t come out. So Joel has to learn to deal – both with his newfound protrusion, and his own painful loneliness. He tries to go to work, to date women, but no one seems ready to accept his strange flaw. Little does he know, his life is about to change forever...",
    "genres" : [ ]
  }, {
    "id" : 130283,
    "title" : "Helloween: Live on Three Continents",
    "overview" : "Germany's Helloween are undeniably one of the most influential heavy metal bands to emerge from Europe during the 1980s. By taking the harmonies and structure of classic bands like Iron Maiden and Judas Priest and infusing them with the urgency and energy of the growing thrash metal movement, Helloween created something unique and truly embody the essence of 'power metal'. The band remains a strong force today, as proven on this new double DVD, Keeper Of The Seven Keys: The Legacy World Tour 2005-2006 Live on 3 Continents. Captured live in Sao Paulo, March 25th, 2006, along with alternate takes from Sofia and Tokyo shows from the same tour, this release is a must for any fan of fantastic Heavy Metal.",
    "genres" : [ ]
  }, {
    "id" : 130288,
    "title" : "Traces",
    "overview" : "Sydney Kessler answers the phone call that no parent ever hopes to receive. He travels to the morgue. There, they unveil a body he doesn't recognize - his son Julian. Over the course of one night, Sydney embarks on journey deep into the city to uncover the truth about how his son died. Instead, he discovers how his son lived. Written by Rachel Zisser",
    "genres" : [ ]
  }, {
    "id" : 130293,
    "title" : "The Renovation",
    "overview" : "Tessa opens her luxurious clinic with a big party. She is smart, beautiful, savvy, and happily married with an intelligent adolescent son. But appearances are deceptive. In reality, her marriage is falling apart, her house renovation is a disaster and the finances of her clinic are a mess. Desperate, she accepts the helping hand of a friend from the past who has turned up suddenly, but in doing so, opens herself up to an ordeal of terror and blackmail.",
    "genres" : [ {
      "id" : 53,
      "name" : "Thriller"
    } ]
  }, {
    "id" : 130303,
    "title" : "El idioma imposible",
    "overview" : "Fernando, lives in the heart of Barcelona's Chinatown, which seeks life peddling amphetamines and alternating with a peculiar gallery sinister characters. In one of those sunrises stolen life, Fernando meet Elsa, a young teenager, fresh and lively, with a passionate and self-destructive personality who unwittingly become the most addictive. Together they try to survive in a shadowy villain and Barcelona at the end of the day is taken by the renegades of society and their particular codes.",
    "genres" : [ {
      "id" : 18,
      "name" : "Drama"
    } ]
  }, {
    "id" : 130318,
    "title" : "Easy Out",
    "overview" : "A 1971 16mm colour sound experimental short film by Pat O'Neill.",
    "genres" : [ ]
  }, {
    "id" : 130328,
    "title" : "The Stud Farm",
    "overview" : "In 1950, when a young communist director arrives to take charge of a stud farm, his efforts to draw on the experience of the old hands there meet with little success. Indeed, so outraged are they at the changeover to communism that they harass him at every turn, especially after he treats a local barmaid as if she were a whore of some kind. After administering a beating to him, the old hands are nonetheless incensed when he calls on the police. The director doesn't get enough help, however, because the stable hands stab him before running off for the border.",
    "genres" : [ ]
  }, {
    "id" : 130343,
    "title" : "Metrosexual",
    "overview" : "Pom, Pang, Pat, Nim and Fai are five upper-class best friends in Bangkok, Thailand. Fai is married with two sons, Pat is engaged to an older Japanese man, Pom and Nim, still hopelessly single. At one of their frequent dinners out, Pang introduces her friends to Kong, a man she has secretly been dating for three months, and who she has agreed to marry. Kong is handsome, cultured, fashionable, and seems to know more about cooking and fashion than all the girls put together. Her four friends, mostly well-meaning and ever-so-slightly jealous, believe that Kong can't be this perfect, and conclude he must be a closet gay. They set out on a quest to get the evidence, by any means necessary, to prove to their friend that Kong is actually not going to be the ideal husband she thinks he is.",
    "genres" : [ {
      "id" : 35,
      "name" : "Comedy"
    } ]
  }, {
    "id" : 130348,
    "title" : "Everything Happens at Night",
    "overview" : "Two reporters compete to discover a scientist living in hiding and win his daughter.",
    "genres" : [ {
      "id" : 35,
      "name" : "Comedy"
    }, {
      "id" : 18,
      "name" : "Drama"
    } ]
  }, {
    "id" : 130353,
    "title" : "Dust Up",
    "overview" : "Dust Up is a kick ass action comedy served up by Ward Roberts and starring Amber Benson that will make you laugh, gasp and punch the person you're sitting ...",
    "genres" : [ {
      "id" : 35,
      "name" : "Comedy"
    }, {
      "id" : 28,
      "name" : "Action"
    } ]
  }, {
    "id" : 130358,
    "title" : "Liz & Dick",
    "overview" : "On the set of Cleopatra, Hollywood's most beautiful star, Elizabeth Taylor, fell into the arms of one of the world's greatest actors, Richard Burton - and she didn't leave. Their subsequent white-hot, scandalous love affair gave rise to the paparazzi and they became the most hunted and photographed couple on earth. Their rocky, passionate, relationship, born in front of the cameras, was subsequently captured in a series of films, including The V.I.P.s and Who's Afraid of Virginia Woolf? The last of the great, extravagant stars, flaunting diamonds, yachts and private planes, they continually seized the headlines. They even divorced and married again - only to divorce again - but remain in each other's hearts. This Elizabeth Taylor - Richard Burton story is a no-holds barred account of their undying, but impossible love.",
    "genres" : [ {
      "id" : 18,
      "name" : "Drama"
    }, {
      "id" : 10770,
      "name" : "TV Movie"
    } ]
  }, {
    "id" : 130363,
    "title" : "Eyes of the Navy",
    "overview" : "Produced by MGM in 'cooperation' with the US Navy, Eyes of the Navy amounts to a prewar recruitment film for young men to become Navy fliers. It follows young men from basic flight training through to take-offs and landings on an aircraft carrier. While the work is serious, the film says, it's all a lot of fun with lot's of time off and the chance to visit exotic locales around the world. Patriotic throughout, the film tells of the preparations they are making, just in case they are necessary.",
    "genres" : [ ]
  }, {
    "id" : 130368,
    "title" : "Metallica: All Nightmare Long",
    "overview" : "1. \"All Nightmare Long\"\r 2. \"Berlin Magnetic\" [Documentary] - 31:51\r 3. \"Rock Im Park 'Containter' Rehearsal\" - 14:46",
    "genres" : [ ]
  }, {
    "id" : 130373,
    "title" : "Metallica: Fan Can 1",
    "overview" : "Fan Cans are customized paint cans stuffed with a CD, video, T-shirt and various Metallica “swag”.  Fan Cans are released by the official fan club and sold to members only, this makes the early versions practically hard to find.  Fan Can 1 is a collection of studio outtakes and miscellaneous jams from when the band was in the studio recording Load.  During one of the Load sessions, Metallica recorded (what became the Fan Can one CD) in one take without stopping the tape between songs, capturing discussions between the band and Bob Rock about what to play and such. The tracks are untitled but include versions and snippets of songs by AC/DC, Mercyful Fate, The Beatles and one of Lars favorites at that time, Oasis. These covers are often short or cut in half as they haven't played them before. The video is excellent, containing footage not available anywhere else.  The Video and CD cover art design is by James Hetfield.",
    "genres" : [ ]
  }, {
    "id" : 130378,
    "title" : "Metallica: Live at Donington",
    "overview" : "UK (Donington), June 10, 2006",
    "genres" : [ ]
  }, {
    "id" : 130388,
    "title" : "Metallica: Live at London Riverside Studios",
    "overview" : "1. Blackened  2. No Remorse  3. Sad but True  4. Frantic  5. Welcome Home (Sanitarium)  6. Fuel  7. St. Anger",
    "genres" : [ ]
  }, {
    "id" : 130398,
    "title" : "Broadway Serenade",
    "overview" : "Mary Hale (a singer) and Jimmy Seymour (pianist/composer), are a show biz couple working in The Big Apple in small night clubs hoping to hit it big. One night, Larry Bryant (a Broadway producer) spots Mary and is taken with her beauty and golden voice. Larry Bryant asks her to audition for Mr. Collier and have Jimmy accompany her. After hearing Mary, Collier wants Mary to be in his show. Jimmy encourages a reluctant Mary to go on the road without him. Soon Mary's talent is noticed and her role in the show increases, while Harriet Ingalls the show's original star is pushed out. Ingalls quits promising to seek revenge. After 5 weeks on the road, Mary returns home. Mary is now a big star, while Jimmy's career has gone nowhere, and he feels threatened by Mary's success.",
    "genres" : [ {
      "id" : 10749,
      "name" : "Romance"
    }, {
      "id" : 18,
      "name" : "Drama"
    }, {
      "id" : 10402,
      "name" : "Music"
    } ]
  }, {
    "id" : 130403,
    "title" : "Karagattakaran",
    "overview" : "Karagattakaran was a 1989 Tamil movie directed by Gangai Amaran and produced by Karumari Kandasamy and J. Durai. It is considered to be one of the most successful Tamil films ever. The cast included Ramarajan, Goundamani, Senthil, Kanaka, Junior Balaiya, Kanthimathi and Kovai Sarala. Ramarajan became one of the leading Tamil film stars post success of the film",
    "genres" : [ ]
  }, {
    "id" : 130413,
    "title" : "Riders of the Sage",
    "overview" : "In an effort to get Jim Martin to sell his ranch, the Halsey brothers have kidnapped his son Tom. When Bob Burke goes after him alone, he gets help from the gang known as the Riders of the Sage.",
    "genres" : [ {
      "id" : 37,
      "name" : "Western"
    } ]
  }, {
    "id" : 130443,
    "title" : "Walking the Tracks: The Summer of 'Stand by Me'",
    "overview" : "A unique look at the making of Stand By Me including interviews from Stephen King, Rob Reiner, Keifer Sutherland, Richard Dreyfuss, and the three surviving cast members Wil Wheaton, Corey Feldman, and Jerry O'Connell.",
    "genres" : [ {
      "id" : 99,
      "name" : "Documentary"
    } ]
  } ]
}