{
  "movies" : [ {
    "id" : 74643,
    "title" : "The Artist",
    "overview" : "Hollywood, 1927: As silent movie star George Valentin wonders if the arrival of talking pictures will cause him to fade into oblivion, he sparks with Peppy Miller, a young dancer set for a big break.",
    "genres" : [ {
      "id" : 18,
      "name" : "Drama"
    }, {
      "id" : 35,
      "name" : "Comedy"
    }, {
      "id" : 10749,
      "name" : "Romance"
    } ]
  }, {
    "id" : 74648,
    "title" : "The Abbott and Costello Show",
    "overview" : "Whether dodging the landlord, the cops, or the dentist, Abbott and Costello prove in this amazing collection of TV episodes that they were the all time greatest duo of the Burlesque routine.",
    "genres" : [ {
      "id" : 35,
      "name" : "Comedy"
    } ]
  }, {
    "id" : 74658,
    "title" : "Winx Club - Magic Adventure",
    "overview" : "School for fairies Alfea celebrates the inauguration of the new school year when the party is interrupted by Icy, Darcy and Stormy, the perfidious Trix. The Winx without Bloom, are forced to remedy the confusion created by the witches who, having ruined the party, steal a powerful and mysterious object. Meanwhile, Bloom is on Domino, which is experiencing the best moments of his new life as a princess. He finally found his parents and Sky asks her to marry him. But not all gold that glitters, the three Witches are Ancestors in fact come back to haunt Stella, Aisha, Tecna, Musa, Flora and Bloom. Moreover, Erendor, Sky's father, forbids his son to marry the princess of Domino. A dark secret lies in the realm of Eraklyon and now that Sky, the legitimate ruler of the kingdom, as known.",
    "genres" : [ {
      "id" : 10751,
      "name" : "Family"
    }, {
      "id" : 16,
      "name" : "Animation"
    } ]
  }, {
    "id" : 74663,
    "title" : "Meninas",
    "overview" : "",
    "genres" : [ {
      "id" : 99,
      "name" : "Documentary"
    }, {
      "id" : 18,
      "name" : "Drama"
    } ]
  }, {
    "id" : 74668,
    "title" : "Tuesday",
    "overview" : "In \"Monday\" Maniek and Dawid got hold of some dirty money. In \"Tuesday\" they invest them in a strip club.",
    "genres" : [ {
      "id" : 35,
      "name" : "Comedy"
    } ]
  }, {
    "id" : 74673,
    "title" : "A Year in My Life",
    "overview" : "In 1950s France, a young boy is taken in by a couple after spending a few months in the care of social service.",
    "genres" : [ {
      "id" : 18,
      "name" : "Drama"
    } ]
  }, {
    "id" : 74678,
    "title" : "Joe Calzaghe: My Life Story",
    "overview" : "Joe Calzaghe is a true living legend and one of the greatest british boxers of all time. \"my life story\" uniquely documents joe's extraordinary life and stunning rise to greatness, as told by joe himself and those close to him. With exclusive fight footage, interviews with family, friends, opponents and legends of the ring and including commentary and contributions from among others Sugar Ray Leonard, Jack La Motta, Amir Khan, Chris Eubank, Richie Woodhall, Roy Jones Jnr and of course the unique insights of the nimitable Enzo Calzaghe. Using the very latest camera technology, this film also exclusively shows joe in the ring as never before, getting you right in amongst the action. You also get to see an opponents eye view and get to see just what it's like to face the undisputed champion! Over two hours of action packed footage!",
    "genres" : [ {
      "id" : 99,
      "name" : "Documentary"
    } ]
  }, {
    "id" : 74683,
    "title" : "Hard Grit",
    "overview" : "Hard Grit (1998) is a climbing film produced by Slackjaw Film, featuring climbing on gritstone in the North of England. It has won ten international film festival awards.",
    "genres" : [ {
      "id" : 18,
      "name" : "Drama"
    }, {
      "id" : 28,
      "name" : "Action"
    } ]
  }, {
    "id" : 74693,
    "title" : "The Pandora Project",
    "overview" : "A CIA agent has to stop a former associate who has stolen a weapon which kills people without harming buildings, all before he is to get married in a few days.",
    "genres" : [ {
      "id" : 53,
      "name" : "Thriller"
    }, {
      "id" : 28,
      "name" : "Action"
    } ]
  }, {
    "id" : 74698,
    "title" : "For da Love of Money",
    "overview" : "When rumors start circling that average guy Dre has come into money, everyone starts coming to get their's.",
    "genres" : [ {
      "id" : 35,
      "name" : "Comedy"
    } ]
  }, {
    "id" : 74703,
    "title" : "Quand passent les faisans",
    "overview" : "",
    "genres" : [ {
      "id" : 35,
      "name" : "Comedy"
    } ]
  }, {
    "id" : 74708,
    "title" : "Rue de Paris",
    "overview" : "Life in a one-parent family with a focus on the parent, Henri Neveu (Jean Gabin), is the topic of this standard drama with a dash of comedy. While Henri was a POW during the war, his wife passed away and he returned to face the challenges of bringing up three children alone. Henri may get drunk and angry at times but he also has a better side that will not stay buried. Since handling three children alone is no easy task, the single father has the choice of growing in the process or not.",
    "genres" : [ {
      "id" : 18,
      "name" : "Drama"
    } ]
  }, {
    "id" : 74713,
    "title" : "Forces occultes",
    "overview" : "one of the most extreme examples of Franco-German ideological collaboration to emerge from the Second World War. Echoing racist stereotypes dating back to the nineteenth century, contemporary propaganda, and a wide range of repressive measures instituted by both the Nazis and the Vichy government, the film revives the paranoid conspiracy theory that a secret, international network of Freemasons and Jews controls world politics and economics.",
    "genres" : [ {
      "id" : 18,
      "name" : "Drama"
    } ]
  }, {
    "id" : 74718,
    "title" : "O Costa d'África",
    "overview" : "Costa is travelling from Africa to London, and wishes very much to his nephew Amadeu, and see by himself how well he has been invested large sums of money he is been sending him. Amadeu 'borrows' for 24 hours a wife, a villa, a car, and a servant - for he has been lies to his uncle all the time. All goes well. But, Costa decides to prolong his stay for two weeks...",
    "genres" : [ {
      "id" : 35,
      "name" : "Comedy"
    } ]
  }, {
    "id" : 74723,
    "title" : "Dog Gone",
    "overview" : "A courageous boy battles a gang of bumbling thieves to rescue a dog carrying a fortune in stolen diamonds.",
    "genres" : [ {
      "id" : 35,
      "name" : "Comedy"
    }, {
      "id" : 10751,
      "name" : "Family"
    } ]
  }, {
    "id" : 74738,
    "title" : "When Eagles Strike",
    "overview" : "An elite group of American soldiers are in a race against time in this action thriller from director Cirio H. Santiago. Stacy Keach stars as the general in charge of the team tasked with infiltrating a terrorist organization and saving an American politician before the bad guys kill him. When Eagles Strike also stars Christian Boeving and Davee Youngblood.",
    "genres" : [ {
      "id" : 28,
      "name" : "Action"
    }, {
      "id" : 53,
      "name" : "Thriller"
    } ]
  }, {
    "id" : 74743,
    "title" : "Florence Foresti - Florence Foresti & Friends",
    "overview" : "",
    "genres" : [ ]
  }, {
    "id" : 74748,
    "title" : "Geo's Garage",
    "overview" : "",
    "genres" : [ ]
  }, {
    "id" : 74753,
    "title" : "The Sleeping Tiger",
    "overview" : "A petty thief breaks into the home of a psychiatrist and gets caught in a web of a doctor who wishes to experiment on him and a doctor's wife who wishes to seduce him.",
    "genres" : [ {
      "id" : 18,
      "name" : "Drama"
    }, {
      "id" : 53,
      "name" : "Thriller"
    } ]
  }, {
    "id" : 74758,
    "title" : "Godsmack - Smack This",
    "overview" : "Multimillion selling hard rockers Godsmack make more noise than a monster truck rally. SMACK THIS! was filmed over a period of 5 years, during which Godsmack released 2 albums and went on 10 different live tours. The film is a compilation of candid interviews, rowdy backstage antics, and concert performances including \"Now or Never,\" \"Stress,\" and \"Voodoo.\"",
    "genres" : [ ]
  }, {
    "id" : 74763,
    "title" : "Alles im Eimer",
    "overview" : "The unsuccessful inventor Leo Bergert is the awkwardness in person: Everything he tackles goes wrong. His latest project, the development of a totally new fuel goes, clearly failed. Now he is deeply in debt, and the bank will immediately return their money. As also leaves him his Dauerverlobte and also the rich Erbtante nothing rausrückt, he sees only one way out: Suicide. But even while he proves to be a failure: All attempts to convey himself to death, miscarry. He hires a hitman to kill him. But then his situation improves suddenly, he wants to live and make the job undone. But that turns out to be not so easy.",
    "genres" : [ {
      "id" : 35,
      "name" : "Comedy"
    } ]
  }, {
    "id" : 74768,
    "title" : "City of Paranoia",
    "overview" : "City Of Paranoia is a film about London, a documentation of the activities of a bunch of men who dedicated a section of their lives to painting. The film tries to showcase what they have done whilst giving the viewer an insight to the emotions and feelings that come with this lifestyle...",
    "genres" : [ {
      "id" : 18,
      "name" : "Drama"
    }, {
      "id" : 28,
      "name" : "Action"
    }, {
      "id" : 99,
      "name" : "Documentary"
    }, {
      "id" : 10769,
      "name" : "Foreign"
    } ]
  }, {
    "id" : 74773,
    "title" : "Diamond City",
    "overview" : "Set in the diamond fields of South Africa, Stafford Parker is a lawman trying to maintain a semblance of law and order in the \"Wild South\".",
    "genres" : [ {
      "id" : 37,
      "name" : "Western"
    }, {
      "id" : 12,
      "name" : "Adventure"
    }, {
      "id" : 18,
      "name" : "Drama"
    } ]
  }, {
    "id" : 74778,
    "title" : "Socrates",
    "overview" : "After Athens falls under the government of the Thirty Tyrants, the lives of citizens are no longer safe. The philosopher Socrates, meanwhile, continues his so-called philosophical \"preaching\", gathering more and more young disciples. The youth of Athens like Socrates, although the conservatives, such as the comedian Aristophanes, ridicule him, believing him to be one of the sophists.",
    "genres" : [ {
      "id" : 18,
      "name" : "Drama"
    }, {
      "id" : 36,
      "name" : "History"
    } ]
  }, {
    "id" : 74783,
    "title" : "The Southern Belles of Comedy",
    "overview" : "Brett Butler is BACK and she is bringing The Southern Belles of Comedy with her! Along with being hilarious, these women are southern, sexy, strong-minded and simply irresistible! Trish Suhr, Lisa Landry, Pat Brown and Sarah Tiana are four performers who have risen through the comedy ranks in the shadow of great female comedians like Brett, but are now joining her on stage for this legendary stand-up comedy special!",
    "genres" : [ {
      "id" : 35,
      "name" : "Comedy"
    } ]
  }, {
    "id" : 74788,
    "title" : "Mannequin in Red",
    "overview" : "A model is murdered at a famous fashion house and the Hillmans start to investigate. Kajsa Hillman is employed as a model and discovers that several people had motives to kill her.",
    "genres" : [ {
      "id" : 9648,
      "name" : "Mystery"
    }, {
      "id" : 80,
      "name" : "Crime"
    } ]
  }, {
    "id" : 74793,
    "title" : "Rocksteady: The Roots of Reggae",
    "overview" : "The Roots of Reggae is a musical journey to Jamaica's Golden Age of music, Rocksteady. The film features the music and stories of the legendary singers and musicians of the Rocksteady era. They come together after 40 years to record an album of Rocksteady hits, to perform together again at an All-Stars reunion concert in Kingston, Jamaica, and to tell their story.",
    "genres" : [ {
      "id" : 99,
      "name" : "Documentary"
    }, {
      "id" : 10402,
      "name" : "Music"
    } ]
  }, {
    "id" : 74798,
    "title" : "Copak je to za vojáka...",
    "overview" : "",
    "genres" : [ {
      "id" : 35,
      "name" : "Comedy"
    } ]
  }, {
    "id" : 74803,
    "title" : "Mayweather vs. Marquez",
    "overview" : "Floyd Mayweather takes on Juan Manuel Marquez for a non-title bout at the MGM Grand in Las Vegas, Nevada.",
    "genres" : [ ]
  }, {
    "id" : 74808,
    "title" : "Envy: Transfovista",
    "overview" : "The first long-form video documenting the long and winding history of Envy's sound and vision. Presented here are seventeen of the band's most notable live performances, spanning a dozen years.",
    "genres" : [ {
      "id" : 10402,
      "name" : "Music"
    } ]
  }, {
    "id" : 74813,
    "title" : "Gymkhana Two: The Infomercial",
    "overview" : "Riding on the success of the first Gymkhana Practice video that grabbed the attention of over 20 million viewers worldwide, the Gymkhana TWO video takes infomercials to the next level. Unlike other infomercials, this one sells the products with great action, cinematography, and a dramatic driving performance-and, no stereotypical cheesy informercial pitchman! Produced specifically to market Blocks first-ever Rally TeamWorks Collection, the new video is filled with great driving stunts, surprises, explosions, and a guest appearance from DC team rider, Rob Dyrdek. Filmed at the Port of Los Angeles, expect non-stop motor sport eye-candy as Block hits the all-new course in a custom tuned, high performance, and brand-new Subaru Impreza WRX STI.",
    "genres" : [ ]
  }, {
    "id" : 74828,
    "title" : "The Mad Love Life of a Hot Vampire",
    "overview" : "In Las Vegas, Dracula is a pimp who sends out vampire hookers to snare unsuspecting--and horny--victims",
    "genres" : [ {
      "id" : 27,
      "name" : "Horror"
    } ]
  }, {
    "id" : 74838,
    "title" : "Neophytes and Neon Lights",
    "overview" : "In a world where teleportation has replaced air travel, 5 unemployed people try to survive in Sydney's underground.",
    "genres" : [ {
      "id" : 878,
      "name" : "Science Fiction"
    } ]
  }, {
    "id" : 74848,
    "title" : "Chez Gino",
    "overview" : "",
    "genres" : [ {
      "id" : 35,
      "name" : "Comedy"
    } ]
  }, {
    "id" : 74863,
    "title" : "Where We Began",
    "overview" : "Two lovers torn apart by addiction confront each other one more time at the spot where they met.",
    "genres" : [ {
      "id" : 18,
      "name" : "Drama"
    } ]
  }, {
    "id" : 74868,
    "title" : "The Other Side Of Aspen III: Snowbound",
    "overview" : "The Legend Reborn! Sensational men, sensational sex, the legend re-ignites with Falcon icons Johnny Hanson and Eric Stone, plus Kevin Dean--bigger than John Holmes!",
    "genres" : [ ]
  }, {
    "id" : 74873,
    "title" : "The Little Mermaid",
    "overview" : "The little mermaid rescues a prince from drowning and falls in love with him. To be with him, she makes a deal with the evil sorceress: her beautiful voice against a life on land. It seems to work at first, the prince is enchanted with her lovely appearance. But the memory of a foreign princess still haunts him: The one who found him on the beach where the mermaid had left him, and whom he (of course) believes to be his saviour. To resolve this mistake is too much for the mute little mermaid, and not even her father, king of all seas, can help her in the impending catastrophe.",
    "genres" : [ {
      "id" : 10751,
      "name" : "Family"
    }, {
      "id" : 14,
      "name" : "Fantasy"
    }, {
      "id" : 10749,
      "name" : "Romance"
    } ]
  }, {
    "id" : 74878,
    "title" : "Cloportes",
    "overview" : "",
    "genres" : [ {
      "id" : 35,
      "name" : "Comedy"
    }, {
      "id" : 80,
      "name" : "Crime"
    } ]
  }, {
    "id" : 74883,
    "title" : "Sex, Death and the Gods",
    "overview" : "An intimate journey into the twilight world of the devadasi, Hindus who are married to god in childhood and at puberty sold for sex. The girls of Karnataka, southern India who are forced to live in this ancient tradition despite it having been declared illegal for more than 60 years.",
    "genres" : [ {
      "id" : 99,
      "name" : "Documentary"
    } ]
  }, {
    "id" : 74888,
    "title" : "Para Para Sakura",
    "overview" : "Phillip (Aaron Kwok) is a dance instructor who holds a class devoted to the latest dance craze, Para Para. While in Shanghai, he meets Yee (Cecilia Cheung), a spoiled rich girl who is running away from her impending arranged marriage. Soon, Yee begins using Phillip's dance studio as a sanctuary from her responsibilities, and an attraction begins to form between the two. However, Yee is called back to Japan to be married before long, and Phillip must use more than his dance skills and charisma to prevent her from taking her vows.",
    "genres" : [ {
      "id" : 18,
      "name" : "Drama"
    }, {
      "id" : 35,
      "name" : "Comedy"
    }, {
      "id" : 10749,
      "name" : "Romance"
    } ]
  }, {
    "id" : 74893,
    "title" : "Babe",
    "overview" : "Babe, heiress to a massive fortune and top fashion model can't control her insatiable sexual appetite. Top stylist Cappuccini can't keep his hands to himself and soon sparks are flying between him and Babe. Cappuccini's wife learns about his dirty secret and plots to disgrace the heiress and bring scandal to the fashion world.",
    "genres" : [ {
      "id" : 18,
      "name" : "Drama"
    } ]
  }, {
    "id" : 74903,
    "title" : "Almanac of Fall",
    "overview" : "In this dense setting, the inhabitants of a large, claustrophobic apartment reveal their darkest secrets, fears, obsessions and hostilities.",
    "genres" : [ {
      "id" : 18,
      "name" : "Drama"
    } ]
  }, {
    "id" : 74908,
    "title" : "Almost Illegal #2",
    "overview" : "You'll witness 100% real life footage of Street Fights, Chick Fights, wild college parties, and lets not forget dozens of young, sexy, wild college girls stripping down and doing stuff you could never imagine, plus much much more. Hands down this is the rawest most sexiest video EVER!!",
    "genres" : [ {
      "id" : 28,
      "name" : "Action"
    }, {
      "id" : 35,
      "name" : "Comedy"
    }, {
      "id" : 80,
      "name" : "Crime"
    }, {
      "id" : 99,
      "name" : "Documentary"
    }, {
      "id" : 53,
      "name" : "Thriller"
    } ]
  }, {
    "id" : 74918,
    "title" : "Il n'y a pas de Kennedy heureux",
    "overview" : "a documentary about Kennedys",
    "genres" : [ {
      "id" : 99,
      "name" : "Documentary"
    } ]
  }, {
    "id" : 74923,
    "title" : "Sesame Street: Play with Me Sesame: Playtime with Grover",
    "overview" : "Time to play with Grover and his friends! Dance the Groverelli, join in on \"Super Grover Says\", and lots more playtime activites. With the help of Bert, Ernie, Prairie Dawn and other Sesame pals, Grover encourages preschoolers to engage in interactive play while learning fundamental concepts such as opposites and size relationships.",
    "genres" : [ {
      "id" : 10751,
      "name" : "Family"
    } ]
  }, {
    "id" : 74933,
    "title" : "Gintberg På Kanten",
    "overview" : "",
    "genres" : [ ]
  }, {
    "id" : 74938,
    "title" : "The Dark Side of the Heart",
    "overview" : "Oliveiro is a young poet living in Buenos Aires where sometimes he has to sell his ideas to an advertising agency to make a living or exchange his poems for a steak. In Montevideo, he meets a prostitute, Ana, with whom he falls in love. Back in Buenos Aires, he accepts a contract with a publicity agency to get the money for three days of love with her. Will he get what he's searching for when his ideal of love's pleasure is literally going in levitation while making love?",
    "genres" : [ {
      "id" : 35,
      "name" : "Comedy"
    }, {
      "id" : 18,
      "name" : "Drama"
    }, {
      "id" : 10749,
      "name" : "Romance"
    } ]
  }, {
    "id" : 74943,
    "title" : "Evil Bong 3: The Wrath of Bong",
    "overview" : "An evil alien bong crashes on earth. Its intent: world domination. Our stoner heroes are sent to the alien bong planet and held captive by nude alien beauties. Their only hope to escape and save planet earth: Eebee, the original Evil Bong.",
    "genres" : [ {
      "id" : 35,
      "name" : "Comedy"
    }, {
      "id" : 27,
      "name" : "Horror"
    }, {
      "id" : 878,
      "name" : "Science Fiction"
    } ]
  }, {
    "id" : 74948,
    "title" : "Steppenwolf",
    "overview" : "In the bourgeois circles of Europe after the Great War, can anything save the modern man? Harry Haller, a solitary intellectual, has all his life feared his dual nature of being human and being a beast. He's decided to die on his 50th birthday, which is soon. He's rescued from his solipsism by the mysterious Hermine, who takes him dancing, introduces him to jazz and to the beautiful and whimsical Maria, and guides him into the hallucinations of the Magic Theater, which seem to take him into Hell. Can humour, sin, and derision lead to salvation?",
    "genres" : [ {
      "id" : 18,
      "name" : "Drama"
    } ]
  }, {
    "id" : 74953,
    "title" : "Magick Lantern Cycle",
    "overview" : "Nine films grouped together that form the basis of Anger's reputation as one of the most influential independent filmmakers in cinema history.",
    "genres" : [ {
      "id" : 14,
      "name" : "Fantasy"
    } ]
  }, {
    "id" : 74958,
    "title" : "Donald and Pluto",
    "overview" : "Plumber Donald is using a large magnet in his work. When he drops it, it causes trouble for Pluto, especially after Pluto swallows it. Things begin clinging to him, especially his metal dog dish.",
    "genres" : [ {
      "id" : 16,
      "name" : "Animation"
    } ]
  }, {
    "id" : 74968,
    "title" : "Transfer",
    "overview" : "\"Transfer\", an all girl snowboarding DVD documents and encapsulates the dramatic upsurge in the standards of female riding in the sport, as well as detailing some of the personalities involved. This second instalment from the Chunkyknit team features more jaw-dropping riding from the hottest talents in the world of women's snowboarding. While last year's Dropstitch set the tone, making snowboarding finally sit up and take note of the superb range of skills at the Chunkyknit team's disposal, Transfer proves that the top female riders are going faster, bigger and harder than ever before. Join them as they tour from Iceland and Japan to Russia, North America and Europe. Watch out fellas, these ladies mean business!",
    "genres" : [ ]
  }, {
    "id" : 74973,
    "title" : "National Geographic: Hitler and the Occult",
    "overview" : "Was Adolf Hitler influenced and motivated by the occult? Through the years, historians have debated the mysterious connection between the occult, Hitler and the Nazi party, including some who maintain that Hitler killed others to keep his occult beliefs a secret. NGC examines how Hitler's involvement with the German Worker's Party brought him face-to-face with occultists who may have influenced his beliefs.",
    "genres" : [ {
      "id" : 99,
      "name" : "Documentary"
    } ]
  }, {
    "id" : 74988,
    "title" : "Betrayal",
    "overview" : "A weekend getaway with close friends takes a tumultuous turn as a loving married couple toys with the boundaries of betrayal. Beautiful Kayden Kross is a loving wife, happily married to her husband, ready for a few days to reconnect and unwind. An innocent conversation leads to a hated exploration of the boundaries of marriage, and the limits of the heart. When a seductive invitation to engage in an explicit affair is accepted, can their love save what remains in the aftermath of ruthless betrayal?",
    "genres" : [ {
      "id" : 18,
      "name" : "Drama"
    } ]
  }, {
    "id" : 74998,
    "title" : "Seeking Justice",
    "overview" : "After his wife is assaulted, a husband enlists the services of a vigilante group to help him settle the score.",
    "genres" : [ {
      "id" : 28,
      "name" : "Action"
    }, {
      "id" : 18,
      "name" : "Drama"
    }, {
      "id" : 53,
      "name" : "Thriller"
    } ]
  }, {
    "id" : 75008,
    "title" : "Plötzlich fett",
    "overview" : "",
    "genres" : [ {
      "id" : 35,
      "name" : "Comedy"
    } ]
  }, {
    "id" : 75013,
    "title" : "Ninjas vs. Vampires",
    "overview" : "Ninjas battle Vampires for the fate of the world in this all new Action-Horror-Comedy from the creators of 2010's cult smash, \"Ninjas Vs Zombies\"! Moments after down-on-his-luck Aaron is rejected by the girl of his dreams, they both are attacked by blood sucking VAMPIRES. Driven to save her, Aaron tracks down the mysterious NINJAS, who wage a nightly war against the forces of darkness. Now, as the Vampire overlord Seth plots to destroy Mankind, Aaron has only one choice - join the ninjas, save the world, and get the girl... or die trying. Sexy, funny, shocking, and fun, NINJAS VS VAMPIRES delivers an action-packed comedic adventure unlike any other!",
    "genres" : [ {
      "id" : 27,
      "name" : "Horror"
    }, {
      "id" : 28,
      "name" : "Action"
    }, {
      "id" : 35,
      "name" : "Comedy"
    }, {
      "id" : 53,
      "name" : "Thriller"
    } ]
  }, {
    "id" : 75018,
    "title" : "Great Migrations",
    "overview" : "Three years in the making, and from award-winning National Geographic cinematographers, Great Migrations takes viewers around the world on the arduous journeys millions of animals undertake to ensure the survival of their species. Shot from land and air, in trees and cliff-blinds, on ice floes and underwater, Great Migrations tells the formidable, powerful stories of many of the planet’s species and their movements, while revealing new scientific insights with breathtaking high-definition clarity. Narrated by Alec Baldwin.",
    "genres" : [ {
      "id" : 99,
      "name" : "Documentary"
    } ]
  }, {
    "id" : 75023,
    "title" : "Marecek, Pass Me the Pen!",
    "overview" : "This comedy is about one average family. The father works as master in the factory and his son is studying on high school. One day father must start to visit the evening school. It's the same school as his son visiting. The lives both students are connecting together. The son must teach the math and physics his own father. The father getting to know, that the life of the students is not simple as he supposed.",
    "genres" : [ {
      "id" : 35,
      "name" : "Comedy"
    } ]
  }, {
    "id" : 75028,
    "title" : "The Coconut Revolution",
    "overview" : "The movie tells the story of the successful uprising of the indigenous peoples of Bougainville Island against the Papua New Guinea army and the mining plans of the mining corporation Rio Tinto Zinc (RTZ) to exploit their natural resources. The documentary reveals how the Bougainville Revolutionary Army (BRA) managed to overcome the marine blockade strategy used by the Papuan army by using coconut oil as fuel for their vehicles.",
    "genres" : [ {
      "id" : 99,
      "name" : "Documentary"
    } ]
  }, {
    "id" : 75033,
    "title" : "Winnie Mandela",
    "overview" : "A drama that chronicles the life of Winnie Mandela from her childhood through her marriage and her husband's incarceration.",
    "genres" : [ {
      "id" : 18,
      "name" : "Drama"
    } ]
  }, {
    "id" : 75038,
    "title" : "Holla",
    "overview" : "Tells the story of a TV star who is stranded with seven of her friends in a cabin on the grounds of Camp Diamond Creek. Also trapped with the group is a murderous sociopath.",
    "genres" : [ {
      "id" : 27,
      "name" : "Horror"
    }, {
      "id" : 35,
      "name" : "Comedy"
    } ]
  }, {
    "id" : 75043,
    "title" : "Found",
    "overview" : "Sixteen years after the Drakes' young daughter was kidnapped by her nanny, a woman appears claiming to be the long-lost child.",
    "genres" : [ {
      "id" : 53,
      "name" : "Thriller"
    }, {
      "id" : 9648,
      "name" : "Mystery"
    } ]
  }, {
    "id" : 75048,
    "title" : "King of the Mountain",
    "overview" : "A group of friends race their high-powered cars up and down a dangerous and deadly mountain road known as Mulholland Drive to see who can claim the title of \"King of the Hill.\"",
    "genres" : [ {
      "id" : 18,
      "name" : "Drama"
    }, {
      "id" : 28,
      "name" : "Action"
    } ]
  }, {
    "id" : 75053,
    "title" : "Underwater Worlds - The inhabitants of the Red Sea",
    "overview" : "",
    "genres" : [ {
      "id" : 99,
      "name" : "Documentary"
    } ]
  }, {
    "id" : 75058,
    "title" : "Corduroy",
    "overview" : "CORDUROY (Live Action--Based on the book by Don Freeman) Corduroy longs for someone to take him home from the department store. He thinks that finding his lost button may help, so he searchers the store when no one is around. Will Corduroy find the button on his adventure?",
    "genres" : [ {
      "id" : 12,
      "name" : "Adventure"
    }, {
      "id" : 10751,
      "name" : "Family"
    } ]
  }, {
    "id" : 75063,
    "title" : "Rainbow Bridge",
    "overview" : "A documentary about various singers, musicians, artists, astrologers, etc., who attended a \"New Age\" gathering in Maui, Hawaii.",
    "genres" : [ {
      "id" : 10402,
      "name" : "Music"
    }, {
      "id" : 99,
      "name" : "Documentary"
    } ]
  }, {
    "id" : 75068,
    "title" : "Big Wet Asses 17",
    "overview" : "Big Wet Asses, the winner of AVN's coveted Best Anal Themed Series award for 2006, 2007, &amp; 2008, is back! Elegant Angel is delighted to announce that porn superstar Jayden Jaymes, stars in her 1st anal scene. This is the 17th edition of the critically acclaimed series, alongside another stellar assemblage of voluptuous superstars. Big Wet Asses 17 features Brooke Lee Adams, Ashli Orion, Mason Moore and the beautiful Katie St. Ives in her very 1st anal scene.",
    "genres" : [ ]
  }, {
    "id" : 75078,
    "title" : "Mirror Wars: Reflection One",
    "overview" : "Mirror Wars: Reflection One is a post-cold-war thriller from the Russian point of view. Bad-guy British arms dealer Murdock (Malcolm McDowell) and numerous mercenaries and clandestine agents tries to steal a new Russian stealth fighter. Murdock is foiled by the hero, a patriotic Russian fighter-jet pilot who was recently branded a potential traitor because of his romantic fling with an alleged American ecologist. She was actually a shadowy intelligence operative before her untimely assassination in her lover's arms.",
    "genres" : [ {
      "id" : 28,
      "name" : "Action"
    }, {
      "id" : 53,
      "name" : "Thriller"
    }, {
      "id" : 10769,
      "name" : "Foreign"
    } ]
  }, {
    "id" : 75088,
    "title" : "Bellator 51",
    "overview" : "Bellator LI is an upcoming mixed martial arts event to be held by Bellator Fighting Championships. The event is scheduled to take place on September 24, 2011 at the Canton Memorial Civic Center in Canton, Ohio. The event will be distributed live in prime time by MTV2.",
    "genres" : [ ]
  }, {
    "id" : 75098,
    "title" : "Lotte Reiniger - The Fairy Tale Films",
    "overview" : "Lotte Reiniger was one of the twentieth century's major animation artists, pioneering a unique and distinctive style of black and white silhouette animation in her interpretations of classic myths and fairy tales. This is a DVD collection of her work.",
    "genres" : [ ]
  }, {
    "id" : 75118,
    "title" : "Absolutely Fabulous",
    "overview" : "The wildly popular British television show Absolutely Fabulous gets a Francophonic makeover with this film version directed by Gabriel Aghion. In this go around, Josiane Balasko and Nathalie Baye play the incorrigible Eddie and Patsy, who leave no impulse unenacted and no lust unsated -- be it for sex or the latest in designer clothing. Waking up from a night of drunken debauchery, the two dip right into a feast of champagne and caviar, much to the irritation of Eddie's elegant mother and her resentful daughter. As Eddie stretches an appalling pair of leopard-print leotards (complete with matching shoes, purse, and hat) over her massive rear end, she and Patsy learn of a handsome young Rollerblading delivery boy who quickly becomes the object of their lust. This film was screened at the 2001 Toronto Film Festival.",
    "genres" : [ {
      "id" : 35,
      "name" : "Comedy"
    } ]
  }, {
    "id" : 75133,
    "title" : "Sharpe's Enemy",
    "overview" : "Portugal 1813. A band of deserters, including Sharpe's old enemy, Obadiah Hakeswill, have captured two women, one the wife of a high-ranking English officer, and are holding them hostage for ransom. Sharpe is given the 60th Rifles and a Rocket troop, as well as his majority to rescue the women. But while Sharpe may be able to deal with his old enemy, he has yet to face a newer threat, the French Major Duclos.",
    "genres" : [ {
      "id" : 36,
      "name" : "History"
    }, {
      "id" : 28,
      "name" : "Action"
    }, {
      "id" : 12,
      "name" : "Adventure"
    }, {
      "id" : 10752,
      "name" : "War"
    } ]
  }, {
    "id" : 75138,
    "title" : "Sharpe's Sword",
    "overview" : "Sharpe is tasked to protect the most important spy in Lord Wellington's network, but domestic issues, a traumatized young girl, and possible French spies all threaten his success",
    "genres" : [ {
      "id" : 36,
      "name" : "History"
    }, {
      "id" : 28,
      "name" : "Action"
    }, {
      "id" : 12,
      "name" : "Adventure"
    } ]
  }, {
    "id" : 75143,
    "title" : "Sharpe's Mission",
    "overview" : "Sharpe is teamed with a Colonel he helped promote and they are tasked to destroy a powder magazine, but an alliance with the French may threaten their success. Meanwhile, Jane is wearying of the army life and Harper and Ramona are at odds.",
    "genres" : [ {
      "id" : 28,
      "name" : "Action"
    }, {
      "id" : 12,
      "name" : "Adventure"
    }, {
      "id" : 36,
      "name" : "History"
    } ]
  }, {
    "id" : 75158,
    "title" : "WWE Divas: Do New York",
    "overview" : "The female wrestlers of the WWE hit the streets of NYC. This release contains photo shoots of the girls, interviews, a swimsuit contest, a lingerie pillow fight, and the girls stopping traffic and turning heads on 5th Avenue.",
    "genres" : [ {
      "id" : 28,
      "name" : "Action"
    }, {
      "id" : 18,
      "name" : "Drama"
    } ]
  }, {
    "id" : 75163,
    "title" : "WWE Divas: Viva Las Divas",
    "overview" : "The WWE Divas once again grace the sizzling beaches and exotic locales of Mexico for the hottest photo shoots this side of the Equator. Whether in the ring or in the sun, see how much talent and beauty of these lovely ladies is much more than skin deep.",
    "genres" : [ {
      "id" : 28,
      "name" : "Action"
    }, {
      "id" : 18,
      "name" : "Drama"
    } ]
  }, {
    "id" : 75168,
    "title" : "TNA: Knocked Out",
    "overview" : "The knockouts of TNA Wrestling recap the year of 2008 with some extras.",
    "genres" : [ {
      "id" : 99,
      "name" : "Documentary"
    } ]
  }, {
    "id" : 75173,
    "title" : "Noble House",
    "overview" : "Ian Struan Dunross is chairman of Struan &amp; Co, the oldest and largest of the British-East Asia trading companies. To the Chinese, that also makes him \"Tai-Pan\" (\"supreme leader\") of the \"Noble House\". Unfortunately, with his power, he inherits ancient promises, dark secrets and deep financial problems on a small island full of people who want to see Struan's fall so they can become the Noble House. Dunross' worst enemy is the vicious Quillan Gornt, a lesser tai-pan, and he's doing everything in his power to bring the Noble House to ruin. Drawn into the fight between Gornt and Dunross is an upstart American billionaire who tries to gain a foothold on the Hong Kong market and has made a deal to steal something that will give him power, even over the Noble House. Unfortunately, that something has fallen into the hands of a powerful Chinese overlord...",
    "genres" : [ {
      "id" : 12,
      "name" : "Adventure"
    }, {
      "id" : 28,
      "name" : "Action"
    }, {
      "id" : 18,
      "name" : "Drama"
    }, {
      "id" : 53,
      "name" : "Thriller"
    } ]
  }, {
    "id" : 75178,
    "title" : "The Mountain",
    "overview" : "Michael Lawrence’s evocative and illuminating documentaty about Hobart’s iconic mountain. A fascinating insight into the history and people of Mt. Wellington and its flora and fauna.",
    "genres" : [ {
      "id" : 28,
      "name" : "Action"
    }, {
      "id" : 36,
      "name" : "History"
    }, {
      "id" : 99,
      "name" : "Documentary"
    } ]
  }, {
    "id" : 75183,
    "title" : "Men's Private Parts",
    "overview" : "",
    "genres" : [ ]
  }, {
    "id" : 75188,
    "title" : "Whispers and Moans",
    "overview" : "Inspired by interviews with real-life prostitutes, Herman Yau's sexy but socially conscious film revolves around a social worker seeking to unionize sex workers, and depicts a variety of tawdry experiences from the seedy underbelly of Hong Kong.",
    "genres" : [ {
      "id" : 18,
      "name" : "Drama"
    }, {
      "id" : 10769,
      "name" : "Foreign"
    } ]
  }, {
    "id" : 75193,
    "title" : "A Buddha",
    "overview" : "Un Buda follows two brothers orphaned as children when their parents were taken by the military during the \"Dirty Wars\" of the 1970s in Argentina. Tomas  is now a drifting and withdrawn young man who experiments with ascetic practices and has an instinctive compassion for others. His older brother Rafael is a university philosophy professor, detached and alone. Their struggles with each other and the world around them in Buenos Aires take a dramatic turn when they find themselves at a rural Zen center.",
    "genres" : [ {
      "id" : 18,
      "name" : "Drama"
    } ]
  }, {
    "id" : 75198,
    "title" : "Welcome Aboard",
    "overview" : "Isabelle, HR of a large cruise company, made the mistake of choosing her boss as a lover. Before embarking on the maiden voyage of the new flagship of the fleet, though, he decided to disembark from their relationship! Some women take their revenge by poison, firearm, or slander. Isabelle chooses Remy (Franck Dubosc), a flamboyant, unemployed ne'er-do-well who flunked out in life on land, but after all is said and done, might have better luck at sea... She recruits him as leader of her plot and on this Palace of the Seas, Remy will first prove to be the worst nightmare of the CEO and Richard, the Cruise Director...then, little by little, he will change his life and that of all those who cross his path...",
    "genres" : [ {
      "id" : 35,
      "name" : "Comedy"
    } ]
  }, {
    "id" : 75203,
    "title" : "Day of the Panther",
    "overview" : "A martial-arts expert goes after a criminal gang and its boss, who were responsible for the death of his partner.",
    "genres" : [ {
      "id" : 28,
      "name" : "Action"
    } ]
  }, {
    "id" : 75208,
    "title" : "David",
    "overview" : "David is a six-year-old boy who is caught in the middle of his two feuding (&amp; divorced) parents. His father, Charles, kidnaps him to California, where he eventually sets him on fire as a means of revenge against Marie, David's mother (Young David receives third-degree burns over 90% of his body). This movie chronicles David's struggle to recover and the obstacles he faces along the way.",
    "genres" : [ {
      "id" : 18,
      "name" : "Drama"
    } ]
  }, {
    "id" : 75213,
    "title" : "Trzy minuty 21:37",
    "overview" : "",
    "genres" : [ {
      "id" : 18,
      "name" : "Drama"
    } ]
  }, {
    "id" : 75223,
    "title" : "(həd) p.e. Live in LA DVD",
    "overview" : "Live DVD by rapcore band (həd) p.e., shot at Hollywood (CA), and included in the \"Major Pain 2 Indee Freedom: The Best of (hed) p.e.\" album. Tracklist: 1) Live Or Die Free - NWO 2) Mad House - Insomnia 3) Game Over - Insomnia 4) Walk On By - Insomnia 5) Sophia - Back 2 Base X 6) Peer Pressure - Back 2 Base X 7) The Truth - Only In Amerika 8) Waiting To Die - Broke 9) Lets Ride - Back 2 Base X 10) Raise Hell - Only In Amerika 11) RTO - Insomnia 12) Bartender - Broke 13) Renegade - NWO 14) Credits Track Renegade - NWO",
    "genres" : [ {
      "id" : 10402,
      "name" : "Music"
    } ]
  }, {
    "id" : 75233,
    "title" : "Oslo, August 31st",
    "overview" : "Anders is a recovering drug addict in an Oslo rehab clinic. On the 30th August, he is given a day’s leave to attend a job interview in the city centre.",
    "genres" : [ {
      "id" : 18,
      "name" : "Drama"
    } ]
  }, {
    "id" : 75253,
    "title" : "Aa ab Laut Chalen",
    "overview" : "Rohan is a jobless graduate living in the Delhi-based Khanna family with his widowed mother and grandfather. His father Balraj was killed in an accident many years ago. Rohan leaves Delhi for USA at the request of his friend to improve his life. Upon arrival in New York he finds shelter with Iqbal and Sardar. Rohan becomes a taxi-driver. One of his rides is a young woman named Pooja who has no one to call her own. He brings her to his home, and Pooja falls in love with Rohan but Rohan wants to make money and hence wants to marry a richer girl like Loveleen a spoiled rich girl, whom Rohan decides marry. When his friends oppose his decision, Rohan leaves their home, decides to live with Pooja - and a life full of uncertainties.",
    "genres" : [ {
      "id" : 18,
      "name" : "Drama"
    }, {
      "id" : 10749,
      "name" : "Romance"
    }, {
      "id" : 10769,
      "name" : "Foreign"
    } ]
  }, {
    "id" : 75258,
    "title" : "Secret of the Wings",
    "overview" : "Tinkerbell wanders into the forbidden Winter woods and meets Periwinkle. Together they learn the secret of their wings and try to unite the warm fairies and the winter fairies to help Pixie Hollow.",
    "genres" : [ {
      "id" : 16,
      "name" : "Animation"
    }, {
      "id" : 10751,
      "name" : "Family"
    }, {
      "id" : 14,
      "name" : "Fantasy"
    }, {
      "id" : 12,
      "name" : "Adventure"
    } ]
  }, {
    "id" : 75263,
    "title" : "Raven Alexis: Nymphomaniac",
    "overview" : "What happens when you fill a room with nymphomaniacs? Watch and find out as Raven Alexis decides to get help for her long time problem of wanting rough, hot sex constantly.",
    "genres" : [ ]
  }, {
    "id" : 75268,
    "title" : "Stories Our Nannies Don't Tell",
    "overview" : "Erotic spoof of Snow White and the Seven Dwarfs.",
    "genres" : [ {
      "id" : 35,
      "name" : "Comedy"
    } ]
  }, {
    "id" : 75273,
    "title" : "Alô, Alô, Terezinha!",
    "overview" : "",
    "genres" : [ {
      "id" : 99,
      "name" : "Documentary"
    } ]
  }, {
    "id" : 75278,
    "title" : "Im Gasthaus zum scharfen Hirschen",
    "overview" : "Hannelore Reitzler elopes with her boyfriend to the Hotel Liebesnest but he leaves her during the night after failing to take her virginity. Not wanting to return home, Hannelore takes job as a chambermaid which also involves giving sexual favors to the guests at an extra charge. Meanwhile, a female cat burglar visits Das Liebesnest every night and each time she gets caught, she offers her body to the captor to keep them quiet.",
    "genres" : [ ]
  }, {
    "id" : 75283,
    "title" : "Czech Peace",
    "overview" : "From the makers of legendary CZECH DREAM, a hilarious documentary about a hoax  hypermarket, comes CZECH PEACE, a new playfully explosive flm about the mayor of a  small Czech village and his attempts to foil the American plan to build its 762nd military base  right on his doorstep. The players in this story are everyone from villagers to George W. Bush,  Condoleezza Rice, Barack Obama, peace activists and lobbyists representing American  arms manufacturers. Can the Mayor of Trokavec (population 80) take the US on? CZECH PEACE shows the workings of geopolitics and the way they affect the little people.  The personal clashes with the impersonal, the specifc with the universal, and an individual  with the so-called great history.",
    "genres" : [ {
      "id" : 99,
      "name" : "Documentary"
    } ]
  }, {
    "id" : 75288,
    "title" : "En förtjusande fröken",
    "overview" : "Insurance salesman Paul is to be engaged with Louise, the daughter of his boss. Trying to sell insurance to a millionaire he meet the millionaire's daughter Annette whom he fall in love with after complications and funny business.",
    "genres" : [ {
      "id" : 35,
      "name" : "Comedy"
    } ]
  }, {
    "id" : 75293,
    "title" : "Till Marriage Do Us Part",
    "overview" : "The Marquise Eugenia di Maqueda, an orphan raised by the nuns, marries Raimondo Corrao, but on their wedding night she finds out that he is her brother. The piece of news is in a letter written from Paris by their father, a womaniser who lives and hides from them in the French headtown. The pair decide, to avoid the scandal, to live as brother and sister. He will later leave for the war in Lybia, she will find solace and sexual satisfaction in the arms of the family chauffeur.",
    "genres" : [ {
      "id" : 35,
      "name" : "Comedy"
    } ]
  }, {
    "id" : 75298,
    "title" : "The Fountain",
    "overview" : "A story of a Moscow's apartment building that is slowly falling apart, literally. First, the hot water has been cut off by an old man from Asia, who could not stand it being wasted. Then the roof is starting to collapse. Finally, the electricity has been cut off. All the tenants of the building, no matter how different they were, find themselves in the same situation.",
    "genres" : [ {
      "id" : 35,
      "name" : "Comedy"
    } ]
  }, {
    "id" : 75303,
    "title" : "Derren Brown: Messiah",
    "overview" : "Shown on 7 January 2005, Brown traveled to the United States to try to convince five leading figures that he had powers in their particular field of expertise: Christian evangelism, alien abduction, psychic powers, New Age theories and contacting the dead. Using a false name each time, Derren succeeded in convincing all of the \"experts\" that he had powers, and four openly endorsed him as a true practitioner. The concept of the show was to highlight the power of suggestion with regard to beliefs and people's abilities, and failure to question them. His conclusion was that people tend to hear only things that support their own ideas and ignore contradictory evidence; this is known in psychology as confirmation bias.",
    "genres" : [ {
      "id" : 35,
      "name" : "Comedy"
    } ]
  } ]
}