{
  "movies" : [ {
    "id" : 69578,
    "title" : "What Have They Done to Your Daughters?",
    "overview" : "Police investigate apparent suicide of teen girl and uncover details of a teenage prostitution racket. They go on the hunt for a motorcycle riding killer.",
    "genres" : [ {
      "id" : 9648,
      "name" : "Mystery"
    }, {
      "id" : 53,
      "name" : "Thriller"
    } ]
  }, {
    "id" : 69583,
    "title" : "Rendu",
    "overview" : "Shakti (Madhavan) is a young man from a village, with no job but tons of ambition and dreams. As he sees his life pass him by, stuck in a rut in his hometown, he decides that he will try his fortunes elsewhere. Chennai beckons him and off goes Shakti, to join his uncle Kirikalam (Vadivelu), who has a stall of magic tricks at an exhibition. No, Kirikalam is not really a magician, but is posing as one and his amateurish tricks don't exactly bring in big crowds.",
    "genres" : [ {
      "id" : 18,
      "name" : "Drama"
    }, {
      "id" : 28,
      "name" : "Action"
    }, {
      "id" : 35,
      "name" : "Comedy"
    }, {
      "id" : 10769,
      "name" : "Foreign"
    } ]
  }, {
    "id" : 69593,
    "title" : "Yavarum Nalam",
    "overview" : "Yavarum Nalam is a 2009 Indian horror film directed by Vikram Kumar, starring R. Madhavan and Neetu Chandra in the lead roles. Produced by Suresh Balaje and George Pius, the film was simultaneously filmed and released in Tamil and also Hindi as 13B with a slightly different cast. The film's soundtrack was composed by Shankar-Ehsaan-Loy and background score by Tubby Parik. The film was released on 6 March 2009.",
    "genres" : [ {
      "id" : 28,
      "name" : "Action"
    }, {
      "id" : 18,
      "name" : "Drama"
    } ]
  }, {
    "id" : 69598,
    "title" : "Paruthiveeran",
    "overview" : "The story is set in a rural area around Madurai, in the village called Parithiyur. Paruthiveeran (Karthi) is a country brash, He is often arrested for petty crimes. His one ambition in life is to gain enough notoriety to be on TV news and to be thrown into Madras Jail. He often bullies Paruthiyur villagers for money, women and fun. He lives with his doting uncle Chevvaazhai (Saravanan) who pampers and accompanies him in every misbehavior to keep him happy. His cousin Muththazhagu (Priyamani) is the daughter of a caste fanatic who is a prominent person in the village's council. Muththazhagu loves him more than her life, but he remains unmoved and keeps her at bay.",
    "genres" : [ {
      "id" : 18,
      "name" : "Drama"
    }, {
      "id" : 28,
      "name" : "Action"
    } ]
  }, {
    "id" : 69608,
    "title" : "Kannum Kannum",
    "overview" : "Sathyamoorthy, an orphan, vents his feelings in a poem but doesn’t submit it to a magazine. Surprisingly he reads a poem, penned by a girl, in a magazine that is quite similar to what he has written. He is amused and sets off to find the girl. He finds that she is a college student and living in Kutralam. He writes a letter and gets a reply. The friendship develops and it gradually evolves into love.",
    "genres" : [ {
      "id" : 10749,
      "name" : "Romance"
    }, {
      "id" : 18,
      "name" : "Drama"
    } ]
  }, {
    "id" : 69613,
    "title" : "Naanayam",
    "overview" : "The plot opens with the introduction of Ravi (Prasanna) an electronics engineer,who introduces himself as a youthful guy who aspires to become a businessman. He meets Viswanath (S. P. Balasubrahmanyam) when he fights to grab a bag from a stranger.Ravi chases the man but unable to catch him but gets a glimpse of the man's face. Viswanath offers Ravi a job in the Trust bank in which he is the CEO. The bank promotes its new branch as the 'World's safest bank' with the security locker design of Ravi. Ravi also applies for a loan amount of Rs.2 Crores to start his own business.",
    "genres" : [ {
      "id" : 18,
      "name" : "Drama"
    } ]
  }, {
    "id" : 69618,
    "title" : "Pandian",
    "overview" : "The film is about Pandian (Rajinikanth) who wants to avenge his sister's (Jaysudha) husband's ( Charan Raj) death. He joins the murderer's gang, and how he takes revenge forms the crux of \"Pandian\". Then the gang came to known as Pandiyan made undercover operation, Pandiyan was a police officer, then rest of the story deals with how pandiyan caught the culprit, with style approach of Pandiyan (Rajinikanth).",
    "genres" : [ {
      "id" : 28,
      "name" : "Action"
    }, {
      "id" : 35,
      "name" : "Comedy"
    } ]
  }, {
    "id" : 69623,
    "title" : "Silambattam",
    "overview" : "A man unravels the mysteries of his past and his upbringing while settling a village feud.",
    "genres" : [ {
      "id" : 28,
      "name" : "Action"
    }, {
      "id" : 10749,
      "name" : "Romance"
    } ]
  }, {
    "id" : 69628,
    "title" : "Kuthu",
    "overview" : "The movie is about Silambarasan, who falls in love with Divya Spandana and incurs the wrath of her father. Whether Silambarasan succeeds in marrying Divya Spandana, with the help of his college mates, forms the rest of the story. Srikanth Deva's tunes (he is in fact music director Deva's son) are catchy though familiar. The re-recording especially in stunt sequences is jarring.",
    "genres" : [ {
      "id" : 18,
      "name" : "Drama"
    }, {
      "id" : 28,
      "name" : "Action"
    } ]
  }, {
    "id" : 69638,
    "title" : "Pithamagan",
    "overview" : "Pithamagan whirls around four characters. Chithan (Vikram) who is orphaned at a young age, devoid of all human contacts lives on his animal instincts and ekes out a living as a graveyard caretaker.He seems to exhibit behaviour consistent with autism spectrum disorders. Gomathy (Sangeetha), a petty ganja seller, who pities Chithan’s condition, gets him a job at the ganja fields of the main villain.",
    "genres" : [ {
      "id" : 28,
      "name" : "Action"
    } ]
  }, {
    "id" : 69643,
    "title" : "Mia's Father",
    "overview" : "Mia Williams, raised on the family Bed &amp; Breakfast by Sara, a loving single mom grows up believing her father was lost, M.I.A., in the Gulf War. A tragic accident results in the sudden death of Sara and Mia finds herself alone to care for the B&amp;B while attending college. Daniel Williams, a hard-edged businessman from New York, arrives at the B&amp;B and Mia suspects he may be her lost father. The townsfolk believe he may be responsible for Sara's death. As events unfold, Daniel clears his name and finds acceptance from the community and Mia finds a father at last.",
    "genres" : [ {
      "id" : 18,
      "name" : "Drama"
    } ]
  }, {
    "id" : 69648,
    "title" : "Bagavathi",
    "overview" : "Bagavathi is a 2002 Tamil film directed by A. Venkatesh, which features Vijay and Reemma Sen in the leading roles. Vadivelu, K. Vishwanath, Yugendran and Ashish Vidyarthi play other supporting roles, while Deva composed the music for the film. Vijay introduced himself as an action hero through this film with firing puch dialogues and crackling style of a mass hero. However The film opened to mixed reviews and was a hit.",
    "genres" : [ {
      "id" : 28,
      "name" : "Action"
    }, {
      "id" : 10749,
      "name" : "Romance"
    } ]
  }, {
    "id" : 69653,
    "title" : "Badri",
    "overview" : "Badri (Vijay) is a troublemaker and a source of heartburn for his father (Kitty). So the father pins his hopes on his elder son, Vetri (Riyaz Khan), to win the kickboxing championship. Janu (Bhumika Chawla), Badri's neighbour, is in love with him but it is just one-sided as Badri considers her a good friend and a source of money (and since her dad is a garage owner, his gateway to new cars to impress the other girls). He falls in love with Mamathi (Monal), a rich girl, and poses as a rich guy to impress her. But he soon realises his mistakes and when his brother becomes bedridden, he decides to redeem himself in his father's eyes by fighting in the championship match. He finally redeems himself by defeating his opponent and at the same time, accepts Janu's love.",
    "genres" : [ {
      "id" : 18,
      "name" : "Drama"
    } ]
  }, {
    "id" : 69658,
    "title" : "Udhaya",
    "overview" : "Udhayakumar (Vijay) and Vasanthi (Simran) are collegemates and they fall in love. But soon he comes to know that she is engaged to be married. After he moves to Chennai and finds a job as a reporter at a magazine. He tries to fight for social change. In the process , he unknowingly gets to know a group of unsavoury characters who promise to help him in his goals. They frame him up. One day Udhaya is arrested for a crime involving a terrorist plot which he is not responsible. The movie is about how Vasanthi fights to prove his innocence and to get him out from behind bars.",
    "genres" : [ {
      "id" : 18,
      "name" : "Drama"
    } ]
  }, {
    "id" : 69663,
    "title" : "Samurai",
    "overview" : "Samurai is directed by then debutante, Balaji Sakthivel and produced by S Dhanu under the Alayam Banner. The film starred Vikram, Anita, Jayaseel and Sriya Reddy in the lead roles.Vikram, a medico, leads a gang of four to abduct corrupt politicians and bureaucrats who use the loophole in law to enjoy their prison term in hospitals or guest houses.Anitha, a school girl and daughter of Nassar, a police officer on the trail of the mysterious gang, has a crush on Vikram. She is not aware of his real identity.",
    "genres" : [ {
      "id" : 28,
      "name" : "Action"
    } ]
  }, {
    "id" : 69668,
    "title" : "Dream House",
    "overview" : "Publisher, Will Atenton quits a lucrative job in New York to relocate his wife, Libby and their daughters to a quaint town in New England. However, as they settle into their home the Atentons discover that a woman and her children were murdered there, and the surviving husband is the town's prime suspect. With help from a neighbor who was close to the murdered family, Will pieces together a horrifying chain of events.",
    "genres" : [ {
      "id" : 18,
      "name" : "Drama"
    }, {
      "id" : 53,
      "name" : "Thriller"
    }, {
      "id" : 9648,
      "name" : "Mystery"
    } ]
  }, {
    "id" : 69678,
    "title" : "Les Inconnus - Ze Inconnus Story : Le bôcoup meilleur, Vol. 2",
    "overview" : "",
    "genres" : [ {
      "id" : 35,
      "name" : "Comedy"
    } ]
  }, {
    "id" : 69683,
    "title" : "A Close Call for Ellery Queen",
    "overview" : "Two mysterious seamen come from Alan Rogers' past to blackmail him as he seeks to locate his missing daughters. Ellery Queen is called in by Stewart Cole, Rogers' secretary. Queen goes to the estate and finds one daughter already there and the second one expected. When she arrives, it is Ellery's secretary Nikki Porter posing as the daughter as Ellery had her intercept the real heiress after learning of a plot to swindle Rogers. The blackmailing seamen are killed at a waterfront café after getting the blackmail money, Rogers is suspected and Inspector Queen arrives to arrest him, but he is also found dead.",
    "genres" : [ {
      "id" : 9648,
      "name" : "Mystery"
    }, {
      "id" : 12,
      "name" : "Adventure"
    }, {
      "id" : 80,
      "name" : "Crime"
    } ]
  }, {
    "id" : 69688,
    "title" : "Boston Blackie Booked on Suspicion",
    "overview" : "Blackie is implicated in a murder when he accidently sells a phony Charles Dickens first edition at an auction.",
    "genres" : [ {
      "id" : 80,
      "name" : "Crime"
    }, {
      "id" : 18,
      "name" : "Drama"
    }, {
      "id" : 9648,
      "name" : "Mystery"
    } ]
  }, {
    "id" : 69693,
    "title" : "Ellery Queen and the Murder Ring",
    "overview" : "Ralph Bellamy made his fourth and final appearance as literary sleuth Ellery Queen in Columbia's Ellery Queen and the Murder Ring. On this occasion, Ellery and his police-inspector father (Charley Grapewin) are summoned to a private hospital by its owner, philanthropist Mrs. Stack (Blanche Yurka). There've been some very weird goings-on at the hospital as of late, and Mrs. Stack wants to get to the bottom of things.",
    "genres" : [ {
      "id" : 9648,
      "name" : "Mystery"
    } ]
  }, {
    "id" : 69698,
    "title" : "Ellery Queen, Master Detective",
    "overview" : "The mysteriously ill John Braun makes a new will, leaving out his daughter Barbara, over the protests of his wife. The trouble began when the daughter wanted to marry Mr. Braun's doctor, James Rogers. Mrs. Braun asks Inspector Queen to help find the long-missing Barbara. The inspector's son, Ellery, works on the case. He goes to a home frequently visited by Dr. Rogers where the bell is answered by Nikki Porter who Ellery mistakes for Barbara and insists she return to the Braun home. Nikki does, to protect Barbara, and a short time later finds herself alone in a room outside Braun's bedroom. She finds him dead - his throat cut. No weapons are found and the door to the room where Nikki had been is locked, and she is suspected. Ellery hides Nikki in his apartment. Braun's body, sent for an autopsy, disappears and in its place is a life-sized statue of the dead man.",
    "genres" : [ {
      "id" : 12,
      "name" : "Adventure"
    }, {
      "id" : 80,
      "name" : "Crime"
    }, {
      "id" : 18,
      "name" : "Drama"
    }, {
      "id" : 9648,
      "name" : "Mystery"
    } ]
  }, {
    "id" : 69703,
    "title" : "The Trial",
    "overview" : "Joseph K. awakes one morning, to find two strange men in his room, telling him he has been arrested. Joseph is not told what he is charged with, and despite being \"arrested,\" is allowed to remain free and go to work. But despite the strange nature of his arrest, Joseph soon learns that his trial, however odd, is very real, and tries desperately to spare himself from the court's judgement.",
    "genres" : [ {
      "id" : 53,
      "name" : "Thriller"
    }, {
      "id" : 18,
      "name" : "Drama"
    } ]
  }, {
    "id" : 69718,
    "title" : "SOS: Fanget af pirater",
    "overview" : "7th November, 2008 a phone rings at one of Denmark's largest shipping companies, Clipper. Somali pirates have hijacked the cargo vessel CEC Future and 13 crew members. The pirates demand 7 million dollars. A nightmare has just begun.",
    "genres" : [ ]
  }, {
    "id" : 69723,
    "title" : "Lord of the Piercing",
    "overview" : "A spoof of The Fellowship of the Ring (specifically, the Council of Elrond scene) from the 2002 MTV Movie Awards.",
    "genres" : [ ]
  }, {
    "id" : 69728,
    "title" : "Le Derrière",
    "overview" : "Frédérique's mother has died recently leaving her the family stud farm. She's never met her father, doesn't even know his name. But she finds it on the back of an old photo. She sets off for Paris. She stays with her gay dancer pal Marc. Marc and friends decide to go to their favourite gay bar... but it's men only. So Frédérique becomes Frédéric, an effeminate gay boy... Frédérique follows her father. Pierre Arroux is an art curator - and gay. She introduces herself to him, but as Frédéric. So while Frédéric is quite an awkward young man and an embarrassment to his father, Frédérique is secretly meeting with her old boyfriend now living in Paris..",
    "genres" : [ {
      "id" : 35,
      "name" : "Comedy"
    } ]
  }, {
    "id" : 69733,
    "title" : "The Man-Eater",
    "overview" : "This is the story of a Sicilian woman that tries to have avidly as many sexual adventures as possible. She uses different identities and personalities, but she can't stop collecting adventures. One day she meets Valerio, a young student who falls in love with her.",
    "genres" : [ {
      "id" : 35,
      "name" : "Comedy"
    } ]
  }, {
    "id" : 69738,
    "title" : "AAA, la película: Sin límite en el tiempo",
    "overview" : "On the night that Parka pried the championship from Abismo Negro's hands, the master of darkness' long lasting resentments resurge, thus threatening AAA's stability. With the help of Chesman, Charly Manson, and Cybernético, Abismo plots his revenge. Not even Octagón, AAA's spiritual leader, can stop the evil turn of events. When Kenzo Suzuki and Yonatan, Parka's younger brother, are kidnapped, it's quite clear the war has begun. Parka, helped by Gronda, Mascarita, Faby Apache, and Octagón, will fight to their very last breath to overcome the obstacles. The sudden appearance of a long lost evil, Triple A's ancestral enemy, rises the odds even more. An abandoned insane asylum, murderous cyborgs, gigantic dragonflies, ancient armies, and time travel are just the beginning of the adventure. The most spectacular lucha libre match ever is about to begin...",
    "genres" : [ ]
  }, {
    "id" : 69743,
    "title" : "Afterparty",
    "overview" : "Erik Rhodes is one happy man and passing the Bar gives him reason enough to party hearty. He summons his friends to help him celebrate and they pull out all the stops to make sure the fuckfest is one he'll never forget.",
    "genres" : [ ]
  }, {
    "id" : 69748,
    "title" : "Darkroom",
    "overview" : "See what develops in the Darkroom, where sexual fear easily becomes a motivating force.The chambers of a dark heart can house the feverish fantasies of a wicked imagination. Anything and anyone is fair game in this naughty and voyeuristic culture. And it can all be captured and recorded just as desired in any photograph, imagined or real.",
    "genres" : [ ]
  }, {
    "id" : 69758,
    "title" : "Scènes de crimes",
    "overview" : "Une jeune femme disparaît mystérieusement de l'auberge de ses parents. Deux policiers de la Crim' de Paris sont chargés de l'affaire. Mais des tâches de sang trouvés dans un prospectus laisse présager le pire...",
    "genres" : [ {
      "id" : 80,
      "name" : "Crime"
    }, {
      "id" : 53,
      "name" : "Thriller"
    } ]
  }, {
    "id" : 69768,
    "title" : "Breaking Up Is Hard to Do",
    "overview" : "Vince and Shonda have come to the proverbial end of their ropes with one another. Set in Atlanta during the 2008 Presidential Election season, Breaking Up Is Hard To Do is the touching story of what happens when two people feel they have nothing more to give to a relationship. A funny and intimate look at how people fall in love and what it takes to stay there, Breaking Up Is Hard To Do touches on the reality of the outside forces that can make or break a relationship. They say the truth will set you free, but when Shonda and Vince are armed with the truth, will they use it to set themselves free for once and for all?",
    "genres" : [ {
      "id" : 18,
      "name" : "Drama"
    }, {
      "id" : 10749,
      "name" : "Romance"
    } ]
  }, {
    "id" : 69773,
    "title" : "Return in Red",
    "overview" : "Certain electromagnetic frequencies can cause mental disruption in human beings... and now someone has decided to put that to the test on the people of a small town. Used as guinea pigs, the citizens find their lives turned upside down in a terrifying nightmare that will haunt your mind long after the chilling climax.",
    "genres" : [ {
      "id" : 27,
      "name" : "Horror"
    } ]
  }, {
    "id" : 69778,
    "title" : "A Good Old Fashioned Orgy",
    "overview" : "A group of 30-year-olds who have been friends since high school attempt to throw an end-of-summer orgy.",
    "genres" : [ {
      "id" : 35,
      "name" : "Comedy"
    } ]
  }, {
    "id" : 69783,
    "title" : "Dragoon Wells Massacre",
    "overview" : "A cavalry officer, the sole survivor of an Indian attack, and a wagon load of prisoners travel through hostile Indian country.",
    "genres" : [ {
      "id" : 37,
      "name" : "Western"
    } ]
  }, {
    "id" : 69793,
    "title" : "Romeo & Juliet",
    "overview" : "",
    "genres" : [ ]
  }, {
    "id" : 69798,
    "title" : "The Inbetweeners Movie",
    "overview" : "High school graduation just wouldn’t be complete without an un-chaperoned, uninhibited and unforgettable final holiday. At least that’s what Will, Jay, Simon and Neil think when they book a two-week stay on an exotic Greek island. As their dreams of sun-drenched days and booze-filled nights are left hopelessly unfulfilled, the lads fight their way into the party scene with hilariously humiliating results in this smash hit UK raunchy comedy.",
    "genres" : [ {
      "id" : 35,
      "name" : "Comedy"
    } ]
  }, {
    "id" : 69803,
    "title" : "Mayor Cupcake",
    "overview" : "A hard-working cupcake maker is inadvertently elected mayor of a small town burdened with debt. Uneducated, she relies on her street smarts to clean up the town.",
    "genres" : [ {
      "id" : 35,
      "name" : "Comedy"
    }, {
      "id" : 18,
      "name" : "Drama"
    }, {
      "id" : 10751,
      "name" : "Family"
    } ]
  }, {
    "id" : 69808,
    "title" : "Dirty!",
    "overview" : "Happier than drunken pigs in a poke, these seven burly guys hunker down and make grimy he-man bonding rock out! From a boozy trailer park to a deserted carport... from untapped hunting grounds to a deserted fishin' hole, nobody's safe with all that testosterone exploding in your face.",
    "genres" : [ ]
  }, {
    "id" : 69813,
    "title" : "Alyosha Ptitsyn Develops Character",
    "overview" : "Alyosha Ptitsyn, a third-grader decides that he wants to improve his personality and immediately starts to act.",
    "genres" : [ {
      "id" : 10751,
      "name" : "Family"
    } ]
  }, {
    "id" : 69818,
    "title" : "Zhenskie Slyozy",
    "overview" : "Максим и Светлана 15 лет вместе. Он - успешный тележурналист, она ведёт в популярном женском журнале рубрику \"Женские слёзы\". Однажды Максим, готовя репортаж о влиятельном политике, встречает молодую девушку по имени Елена и неожиданно для себя страстно влюбляется в неё. Елена отвечает Максиму взаимностью, не подозревая, что тот женат. Света случайно знакомится с Еленой, которая, как выясняется через пару минут, оказывается... любовницей её супруга. Обе понимают, что Максим обманывал их. Максим не готов выбирать между преданной супругой и очаровательной любовницей. Наконец, женщины принимают решение за него...",
    "genres" : [ {
      "id" : 10749,
      "name" : "Romance"
    }, {
      "id" : 18,
      "name" : "Drama"
    } ]
  }, {
    "id" : 69823,
    "title" : "1982 FIA Formula One World Championship Season Review",
    "overview" : "The 1982 Formula One season was the 33rd FIA Formula One World Championship season. It commenced on January 23, 1982, and ended on September 25 after sixteen races. The World Drivers' Championship was won by Williams driver Keke Rosberg. Rosberg was the first driver since Mike Hawthorn in the 1958 season to win the championship after winning only one race. 11 drivers won a race during the season, none of them more than two times. Scuderia Ferrari won the World Constructors' Championship.",
    "genres" : [ ]
  }, {
    "id" : 69828,
    "title" : "Breaking In",
    "overview" : "Professional thief Ernie takes Mike on as an apprentice, but while Mike clearly has \"larceny in his heart\", it will take him a long time to get as good as Ernie.",
    "genres" : [ {
      "id" : 28,
      "name" : "Action"
    }, {
      "id" : 12,
      "name" : "Adventure"
    }, {
      "id" : 35,
      "name" : "Comedy"
    } ]
  }, {
    "id" : 69833,
    "title" : "Put Korablya",
    "overview" : "Советский теплоход «Албанов», столкнувшись с подводной скалой, терпит аварию в Северном море. Пассажиры и команда на шлюпках направляются к прибрежным скалам и находят временный приют. Получив сигнал о бедствии теплохода, отряд водолазов-спасателей во главе с начальником партии — комиссаром Петровым — начинают работы по подъему «Албанова»…",
    "genres" : [ {
      "id" : 12,
      "name" : "Adventure"
    } ]
  }, {
    "id" : 69838,
    "title" : "Sylvain Larocque - Vue d'même",
    "overview" : "Dans ce nouveau tour de piste, Larocque aborde des sujets qui ne sortent pas nécessairement de l’ordinaire mais, en revanche, l’angle qu’il utilise est intéressant. Courts, efficaces et toujours aussi punchés, tous ses numéros font mouche, et ce, sans exception. Dans Vu d’même, Sylvain Larocque est drôle, intelligent et surtout très pertinent. De tous les spectacles de l’artiste, celui-ci est sans aucun doute le plus achevé. Bref, c’est évident, l’humoriste est au sommet de son art. D’entrée de jeu, l’humoriste a tenu à remercier son public d’avoir osé venir le voir, et ce, malgré son apparence. «Je sais, je n’ai pas l’air d’un gars qui, après le spectacle, va aller gambader nu dans un champ de marguerites. Pas que je n’aime pas ça mais, quand ça fait deux fois que tu te fais arrêter par la police, tu comprends le message…» .",
    "genres" : [ {
      "id" : 35,
      "name" : "Comedy"
    } ]
  }, {
    "id" : 69843,
    "title" : "Hochelaga",
    "overview" : "After an unpleasant run-in with a group of bikers, a young convenience store robber (Marc) gets approached by the same bikers to help out with a picnic. After the picnic, seeing he has guts, the bikers propose him for membership. As the story unfolds, Marc winds up questioning his own morality and wondering whether he's going down the wrong path. The biggest problem, however, is that one of his friends got him into trouble, and he has little time to fix it...",
    "genres" : [ {
      "id" : 18,
      "name" : "Drama"
    } ]
  }, {
    "id" : 69848,
    "title" : "One Man's Hero",
    "overview" : "One Man's Hero tells the little-known story of the \"St. Patrick's Battalion\" or \"San Patricios,\" a group of mostly Irish and other immigrants of the Catholic faith who deserted to Mexico after encountering religious and ethnic prejudice in the U.S. Army during the Mexican-American War. The plot centers around the personal story of John Riley, an Irishman who had been a sergeant in the American Army who is commissioned as a captain in the Mexican army and commands the battalion, as he leads his men in battle and struggles with authorities on both sides of the border",
    "genres" : [ {
      "id" : 37,
      "name" : "Western"
    }, {
      "id" : 28,
      "name" : "Action"
    }, {
      "id" : 18,
      "name" : "Drama"
    }, {
      "id" : 36,
      "name" : "History"
    } ]
  }, {
    "id" : 69853,
    "title" : "Voodoo",
    "overview" : "Andy comes to campus in order to be close to his girlfriend Rebecca. Since he needs a place to stay he joins one of the college fraternities. However, a strange looking man warns him that the fraternity is just a cover-up for the weird voodoo cult.",
    "genres" : [ {
      "id" : 27,
      "name" : "Horror"
    } ]
  }, {
    "id" : 69858,
    "title" : "Mayerthorpe",
    "overview" : "A semi-fictional story about the shooting of four Canadian RCMP officers during a drug raid in Mayerthorpe, Alberta.",
    "genres" : [ {
      "id" : 18,
      "name" : "Drama"
    } ]
  }, {
    "id" : 69863,
    "title" : "Married Men and Single Women",
    "overview" : "When 3 married men decide to step out on their marriages, they find that infidelity has unpredictable &amp; devastating consequences. Betrayal, hypocrisy, racism, &amp; several other matters surface as married men and single women come together.",
    "genres" : [ {
      "id" : 35,
      "name" : "Comedy"
    }, {
      "id" : 18,
      "name" : "Drama"
    }, {
      "id" : 10749,
      "name" : "Romance"
    } ]
  }, {
    "id" : 69868,
    "title" : "Piccolo, Saxo & Cie",
    "overview" : "A collection of brass and string instruments band together to form a grand symphonic orchestra, then embark on a mission to find the evil doctor who stole some of their other instruments and musical notes so he could build the perfect instrument.",
    "genres" : [ ]
  }, {
    "id" : 69873,
    "title" : "Lady Godiva: Back in the Saddle",
    "overview" : "Theres trouble brewing in Downtown Coventry. Mobster, Ray Carlton has a dreamcasinos! Hes got dirt on the local Mayor, Derek Osbourne and he wants his pound of flesh. In return for not flushing him down the toilet, Carlton has the Mayor greasing the way for a super casino on the site of the park where Lady Godiva actually rode!",
    "genres" : [ {
      "id" : 35,
      "name" : "Comedy"
    } ]
  }, {
    "id" : 69878,
    "title" : "Harvest",
    "overview" : "Gathered one summer in a beautiful shoreline town, three generations are drawn together by their patriarch. With endearing moments of humor and uplifting spirit, Harvest is a portrait of a family awkwardly yet delicately hanging on to what was, what now is, and to one another.",
    "genres" : [ {
      "id" : 18,
      "name" : "Drama"
    } ]
  }, {
    "id" : 69883,
    "title" : "Flick's Chicks",
    "overview" : "A romantic comedy that centers around a young mother named Flick. After a lifetime of problems and disappointments with men, she decides she wants to spend her life with a woman. As sweet and funny as she is, Flick is flawed and confused but has come up with an unconventional way to find her new mate; A weekend sleepover. She finds the 5 women that she's recently met and has been attracted to in one way or another and invites them to spend a weekend at an out of the way summer house by the beach.",
    "genres" : [ {
      "id" : 35,
      "name" : "Comedy"
    }, {
      "id" : 10749,
      "name" : "Romance"
    } ]
  }, {
    "id" : 69898,
    "title" : "The Karen Carpenter Story",
    "overview" : "Story of the meteoric rise and sudden fall of Karen Carpenter, who became a famous singer before battling anorexia and bulimia. This made-for-TV movie is the authorized version of the life of Karen Carpenter and was made with the approval of Richard Carpenter and the Carpenter family.",
    "genres" : [ {
      "id" : 18,
      "name" : "Drama"
    }, {
      "id" : 10402,
      "name" : "Music"
    } ]
  }, {
    "id" : 69903,
    "title" : "The Greatest",
    "overview" : "The Greatest is a 1977 film about the life of boxer Muhammad Ali, in which Ali plays himself. It was directed by Tom Gries and Monte Hellman. The song \"Greatest Love of All\", later remade by Whitney Houston, was written for this film and sung by George Benson. The movie follows Ali's life from the 1960 Olympics to his regaining the heavyweight crown from George Foreman in their famous \"Rumble in the Jungle\" fight in 1974.",
    "genres" : [ {
      "id" : 18,
      "name" : "Drama"
    } ]
  }, {
    "id" : 69913,
    "title" : "My Dad Is 100 Years Old",
    "overview" : "A tribute to Isabella Rossellini's father",
    "genres" : [ {
      "id" : 99,
      "name" : "Documentary"
    } ]
  }, {
    "id" : 69928,
    "title" : "The Man Who Loved Women",
    "overview" : "1983 Burt Reynolds version -- This is the tale of a sculptor named David who has a major womanizing problem. He goes to seek help from a psychiatrist, Marianna, to cure him of his obsession with women. His story of sexual and romantic exploits with the ladies is told by Marianna.",
    "genres" : [ {
      "id" : 35,
      "name" : "Comedy"
    } ]
  }, {
    "id" : 69933,
    "title" : "Track",
    "overview" : "",
    "genres" : [ {
      "id" : 53,
      "name" : "Thriller"
    }, {
      "id" : 28,
      "name" : "Action"
    } ]
  }, {
    "id" : 69938,
    "title" : "Trap.com",
    "overview" : "Exposed by his girlfriend through a video on the Internet, Bruno tries to revive his reputation, but all he can do is get into a series of traps (Cilada, in Portuguese). Cilada.com is a comedy about love and betrayal that shows the power of the Internet to transform small intimacies and slips in fame and constraints globalized.",
    "genres" : [ {
      "id" : 35,
      "name" : "Comedy"
    }, {
      "id" : 10749,
      "name" : "Romance"
    } ]
  }, {
    "id" : 69948,
    "title" : "Voodoo T-Shirt",
    "overview" : "Dennis suddenly finds himself suddenly impotent after a near sexual encounter and must rectify the situation after learning about a cursed shirt that he wore.",
    "genres" : [ ]
  }, {
    "id" : 69953,
    "title" : "Frogs, Toads and Love",
    "overview" : "",
    "genres" : [ ]
  }, {
    "id" : 69958,
    "title" : "Suitable for Murder",
    "overview" : "Joe Mondragon, a veteran cop who gets things done, forms an unlikely partnership with Samantha Baines. She is attached to Police Intelligence Division and feels more comfortable handling a computer than a gun. Samantha's computer skills are needed to help hack into and track two serial killers who get their victims from Internet Chat Rooms. The plan goes horribly wrong and in a fire fight between Samantha and Joe, and the two killers, Joe is killed when Samantha is unable to make herself fire her weapon at the two serial killers. Samantha feels guilty and responsible. With the help of her new friend Mimi, and the Head of Homicide, Samantha reinvents herself and avenges Joe after a relentless chase of the killers.",
    "genres" : [ {
      "id" : 27,
      "name" : "Horror"
    }, {
      "id" : 28,
      "name" : "Action"
    }, {
      "id" : 53,
      "name" : "Thriller"
    }, {
      "id" : 80,
      "name" : "Crime"
    } ]
  }, {
    "id" : 69963,
    "title" : "Thuy Nga Paris By Night 102",
    "overview" : "Thuy Nga Paris By Night 102: Tinh ca Lam Phuong",
    "genres" : [ {
      "id" : 10402,
      "name" : "Music"
    } ]
  }, {
    "id" : 69968,
    "title" : "Albert's Memorial",
    "overview" : "One-off comedy drama that follows the story of three World War II veterans: Harry, Frank and Albert. It is October 2000 and, at the age of 76, Albert's dying wish is to be buried on the little hill outside Hinderburg in Germany where he watched the Russians take position in the closing stages of the Battle for Berlin. The notion of Harry and Frank transporting Albert's body after his death is a crazy one, but life is short, friendship precious and, after all, the trio have known each other for more than half a century.",
    "genres" : [ {
      "id" : 18,
      "name" : "Drama"
    }, {
      "id" : 35,
      "name" : "Comedy"
    }, {
      "id" : 10769,
      "name" : "Foreign"
    } ]
  }, {
    "id" : 69973,
    "title" : "Dulcima",
    "overview" : "John Mills plays a farmer who loves a drink but his farm is in a state of disrepair. He meets a young girl called Dulcima who takes pity on him and becomes his cleaner. He happy to have some company and she needs to earn the money. He finds himself falling for her but things get complicated when she starts seeing the gamekeeper. However, one day she discovers the farmer is a very rich man and decides she wants to be with him after all, but she can't stop seeing the gamekeeper...and the farmer finds out.",
    "genres" : [ {
      "id" : 18,
      "name" : "Drama"
    } ]
  }, {
    "id" : 69978,
    "title" : "Les Zozos",
    "overview" : "",
    "genres" : [ {
      "id" : 35,
      "name" : "Comedy"
    } ]
  }, {
    "id" : 69983,
    "title" : "Impasse du désir",
    "overview" : "When the distinguished psychiatrist Robert Block discovers that his young wife Carole has betrayed him, he is thrown completely off balance. His jealousy hinders him from caring for his patients as responsibly as he should, until Léo Debond , a psychotic and depressive single, seeks his help. Robert sees him with a mixture of compassion and secret contempt. After Carole wants to leave him for good, he takes advantage of Léo’s trust and dependence and makes him an accomplice in a secret plan aiming to end his own pain.",
    "genres" : [ {
      "id" : 53,
      "name" : "Thriller"
    } ]
  }, {
    "id" : 69988,
    "title" : "Hell of the North",
    "overview" : "Paris-Roubaix is a race that stands out in modern day cycling. It sends shivers down the spines of the riders who line up in Compiègne, 55km north of Paris for the spring classic. Also known as Hell of the North because of the devastation of the region at the conclusion of World War 1, it is a race not necessarily won by the strongest rider - luck plays a major part in winning the famous cobblestone trophy. This documentary takes the viewer along the bone-jarring cobbled route from the perspective of the 2007 winner, Stuart O’Grady. Other cycling legends join him to reminisce over the 115 year history of the Hell of the North. Featuring interviews with: Stuart O'Grady, Fabian Cancellara, Roger de Vlaeminck, Thor Hushovd, George Hincapie, Paul Sherwen, Phil Liggett, Scott Sunderland, Graham Watson (Photographer).",
    "genres" : [ ]
  }, {
    "id" : 70003,
    "title" : "Forsenses II: Timber Lounge",
    "overview" : "A unique mixture of high definition images with sophisticated lounge music. A great way to explore the possibilities of a home theater system.",
    "genres" : [ {
      "id" : 10402,
      "name" : "Music"
    } ]
  }, {
    "id" : 70008,
    "title" : "Tactical Force",
    "overview" : "A training exercise for the LAPD SWAT Team goes terribly wrong when they find themselves pitted against two rival gangs while trapped in an abandoned Hangar, armed with nothing but blanks.",
    "genres" : [ {
      "id" : 28,
      "name" : "Action"
    }, {
      "id" : 53,
      "name" : "Thriller"
    } ]
  }, {
    "id" : 70018,
    "title" : "10½",
    "overview" : "Tommy, 10 years old, is well known by Social Services. He is considered a danger to society. Gilles, his guardian at this halfway house, sees potential for redemption in this kid driven by violence.",
    "genres" : [ {
      "id" : 18,
      "name" : "Drama"
    }, {
      "id" : 10769,
      "name" : "Foreign"
    } ]
  }, {
    "id" : 70028,
    "title" : "The Devil's Daffodil",
    "overview" : "An unknown murderer who wears a black stocking to disguise his face, leaves a bunch of daffodils at his crime scenes.\r The Devil's Daffodil is the seventh Edgar Wallace film produced by Rialto and is based on Wallace’s novel The Daffodil Mystery. This film is a special case in that it was a co-production with the British company Omnia Pictures Ltd. Filmed at Shepperton Studios in Middlesex, there were two versions of the film made, a German-language version and an English version, both shot at the same time.",
    "genres" : [ {
      "id" : 9648,
      "name" : "Mystery"
    }, {
      "id" : 80,
      "name" : "Crime"
    } ]
  }, {
    "id" : 70038,
    "title" : "Not Another Ski Movie",
    "overview" : "Don’t get stuck with the same old ski movies! This year, Poor Boyz Production and newcomers Push Films presents Not Another Ski Movie. Shot entirely on 16mm film, Not Another Ski Movie features Jon Olsson, Henrik Windstedt, Niklas Karlstrom, Simon Dumont, Lars Veen, Sage Cattabriga-Alosa, Stian Hagen and some of Scandinavia’s finest tearing up the backcountry across the US, Canada and Europe. Check out how it all went down with a second look at this incredible season.",
    "genres" : [ ]
  }, {
    "id" : 70043,
    "title" : "Racing Daylight",
    "overview" : "Sadie thinks she's going insane. Edmund is sure he's being haunted. And Henry, well Henry's just racing daylight.",
    "genres" : [ {
      "id" : 18,
      "name" : "Drama"
    }, {
      "id" : 10749,
      "name" : "Romance"
    } ]
  }, {
    "id" : 70048,
    "title" : "To Fight For: The Year of Decision",
    "overview" : "",
    "genres" : [ {
      "id" : 18,
      "name" : "Drama"
    }, {
      "id" : 10769,
      "name" : "Foreign"
    } ]
  }, {
    "id" : 70053,
    "title" : "Twelve O'Clock",
    "overview" : "An amazing discovery leads one man down a twisting path of government secrets and alien conspiracies.",
    "genres" : [ ]
  }, {
    "id" : 70058,
    "title" : "Rage Against the Machine: Live at the Grand Olympic Auditorium",
    "overview" : "Rage Against The Machine performed their last shows on September 12th and 13th 2000 prior to their original break-up. Having paved the way for many alternative bands in the 90s, and proving once and for all that rock and politics do mix, the band decided to quit while they were ahead. Fortunately a camera crew were on hand to capture the action from their emotional farewell shows, providing an intense document of the final hours of the band. All the groups hits are present, including 'Bombtrack', 'Bulls on Parade', 'Killing In The Name', and many more.",
    "genres" : [ {
      "id" : 10402,
      "name" : "Music"
    } ]
  }, {
    "id" : 70078,
    "title" : "1972",
    "overview" : "Two teenagers from opposite sides of town, with very little in common except for their passion for music meet in 1970's Rio de Janeiro, at the height of the military dictatorship _ and of Brazil's booming underground rock scene.",
    "genres" : [ {
      "id" : 10749,
      "name" : "Romance"
    }, {
      "id" : 35,
      "name" : "Comedy"
    }, {
      "id" : 10402,
      "name" : "Music"
    } ]
  }, {
    "id" : 70083,
    "title" : "Wonderful Summer",
    "overview" : "Kitka was just a little girl when she lost her mother. Now, in her late teens, she makes her first life choices. Her grandfather, her father and even her late mother are determined to help the adolescent girl. However, suffering from the family trauma and in constant conflict with each other, they themselves seem to need help. They do not make it any easier for Kitka so the girl decides to take matters into her own hands. She embarks on a series of funny adventures, meets a number of strange characters and experiences first romantic entanglements. Eventually, everything ends wonderfully well, and the literal sense of the word wonder is not to be forgotten in this context.",
    "genres" : [ {
      "id" : 35,
      "name" : "Comedy"
    }, {
      "id" : 10749,
      "name" : "Romance"
    } ]
  }, {
    "id" : 70088,
    "title" : "Tu mi turbi",
    "overview" : "The first movie directed by Roberto Benigni in four surreal short stories: \"Durante Cristo\" (During Christ), \"Angelo\" (Angel), , \"In Banca\" (At the Bank) and \"I Due Militi\" (The Two Soldiers). An excursus in Benigni's satirical views on man, religion and society.",
    "genres" : [ {
      "id" : 35,
      "name" : "Comedy"
    }, {
      "id" : 10769,
      "name" : "Foreign"
    } ]
  }, {
    "id" : 70093,
    "title" : "High Score",
    "overview" : "",
    "genres" : [ {
      "id" : 53,
      "name" : "Thriller"
    } ]
  }, {
    "id" : 70098,
    "title" : "The Strange Countess",
    "overview" : "Strange fortune hunters are behind a girl's murder in this Edgar Wallace tale.",
    "genres" : [ {
      "id" : 80,
      "name" : "Crime"
    }, {
      "id" : 12,
      "name" : "Adventure"
    } ]
  }, {
    "id" : 70103,
    "title" : "Jimmy Page and Robert Plant - Glastonbury 1995",
    "overview" : "Jimmy Page and Robert Plant, both formerly of the English hard rock band Led Zeppelin, recorded and toured in the mid-1990s under the title Page and Plant. The pair re-united in 1994 and, after recording a highly successful first album, they embarked on a world tour. They then recorded a second album, followed by another world tour, before disbanding at the end of 1998. They later briefly reunited in 2001.  This is a Japanese proshot broadcast recording of Jimmy Page &amp; Robert Plant, performing live at the Glastonbury Festival at Pilton, Somerset, England on June 25th, 1995.  Set List  01 No Quarter\r 02 Gallows Pole\r 03 'Presentation'\r 04 Since I've Been Loving You\r 05 The Song Remains The Same\r 06 Friends\r 07 Break On Through~ Dazed And Confused~ Calling To You\r 08 Four Sticks\r 09 In The Evening\r 10 Kashmir",
    "genres" : [ {
      "id" : 10402,
      "name" : "Music"
    } ]
  }, {
    "id" : 70108,
    "title" : "Hood Life 2: The Documentary Continues",
    "overview" : "HOOD LIFE 2 presents a brutal glimpse of America's urban underbelly with another collection of real-life street footage taken straight from the nation's toughest 'hoods. Set to a blazing hip-hop soundtrack, this hardhitting documentary captures all the poverty, crime, and violence that permeate inner-city life in a no-holds-barred style of guerilla filmmaking.",
    "genres" : [ {
      "id" : 99,
      "name" : "Documentary"
    } ]
  }, {
    "id" : 70113,
    "title" : "Tokyo Joe",
    "overview" : "Joe Barrett returns to Tokyo after World War II where he once owned a bar, Tokyo Joe's, and deserted his wife Trina. They have a seven-year-old daughter. Kimura forces Joe into piloting war criminals by revealing that during the war Trina made treasonous propaganda broadcasts.",
    "genres" : [ {
      "id" : 80,
      "name" : "Crime"
    }, {
      "id" : 18,
      "name" : "Drama"
    }, {
      "id" : 53,
      "name" : "Thriller"
    } ]
  }, {
    "id" : 70123,
    "title" : "Final Stab",
    "overview" : "Angela's sister wants to make a revenge game up on her, inviting to mystery farm her old friends, to participate into a game with fake blood and knifes - but Angela and her disturbed boyfriend Charlie were not supposed to know about the fake part. But what starts as a little friendly game, get dark and bloody with real deaths - and sure, real blood and knifes.",
    "genres" : [ {
      "id" : 27,
      "name" : "Horror"
    } ]
  }, {
    "id" : 70128,
    "title" : "N. Took the Dice",
    "overview" : "N Took the Dice is essentially a reworking of Eden and After made possible by the roll of a dice (scenes from the 1970 film were combined with outtakes and additional footage in an aleatory way). Robbe-Grillet was always interested in music and since he perceived Eden and After to be serial in nature, it only made sense that its sister film would stand in opposition to that.",
    "genres" : [ {
      "id" : 18,
      "name" : "Drama"
    }, {
      "id" : 27,
      "name" : "Horror"
    } ]
  }, {
    "id" : 70133,
    "title" : "Sharpe's Rifles",
    "overview" : "During the Peninsular War in Spain against the French, Sergeant Richard Sharpe saves the life of Arthur Wellesley, the future Duke of Wellington and is promoted to Lieutenant. In order to pay the troops Wellesley needs a money draft from the banker Rothschild, but fears he has been captured by the French and sends Sharpe behind enemy lines to find him. Sharpe is given command of a platoon of crack riflemen, led by the surly Irishman Harper and including Hagman and Harris, who resent Sharpe as not being a 'proper officer'.",
    "genres" : [ {
      "id" : 28,
      "name" : "Action"
    }, {
      "id" : 12,
      "name" : "Adventure"
    }, {
      "id" : 36,
      "name" : "History"
    }, {
      "id" : 10752,
      "name" : "War"
    } ]
  }, {
    "id" : 70138,
    "title" : "The Rat Pack - The Greatest Hits",
    "overview" : "A collection of live performances of the rat pack",
    "genres" : [ {
      "id" : 10402,
      "name" : "Music"
    } ]
  }, {
    "id" : 70143,
    "title" : "Esli Ty Menya Slyshish",
    "overview" : "Тридцатилетняя женщина Лариса работала сотрудником туристического агентства. Проживала она в Москве, и хотя была одинокой, но вполне обеспеченной женщиной. Однажды к ней вернулся Гера – человек, с которым у нее в прошлом были романтические отношения. Он обещал развестись со своей женой и вернуться к Ларисе, которую он любил всю свою молодость. Лариса не хочет опять встречаться с Герой и возобновлять отношения, так как эти встречи в прошлом приносили ей только боль. Поэтому она уезжает на один из крымских курортов, где мечтает отдых с работой по туристическому бизнесу местных пансионатов. Во время работы и отдыха в Крыму она познакомилась с мужчиной, который ее очень заинтересовал, так как в нем присутствовала загадочная таинственность.",
    "genres" : [ {
      "id" : 10749,
      "name" : "Romance"
    } ]
  }, {
    "id" : 70148,
    "title" : "Houve uma Vez Dois Verões",
    "overview" : "",
    "genres" : [ {
      "id" : 35,
      "name" : "Comedy"
    }, {
      "id" : 10749,
      "name" : "Romance"
    } ]
  }, {
    "id" : 70153,
    "title" : "La terza stella",
    "overview" : "",
    "genres" : [ {
      "id" : 35,
      "name" : "Comedy"
    } ]
  }, {
    "id" : 70158,
    "title" : "Arje",
    "overview" : "A drama about a doctor Arje who discovers his illness and decides to go to Israel in order to meet Sonya - the love of his life.",
    "genres" : [ {
      "id" : 18,
      "name" : "Drama"
    }, {
      "id" : 10749,
      "name" : "Romance"
    } ]
  }, {
    "id" : 70163,
    "title" : "Zolushka.RU",
    "overview" : "Начинающий певец из провинциального городка Андрей мечтает о славе, большой сцене, миллионах долларов… И однажды известный продюсер предлагает ему заключить выгодный контракт. Андрей без колебаний соглашается, оставляет любимую девушку Наташу и едет в Москву. Спустя некоторое время девушка узнает из светской хроники, что Андрей помолвлен с \"нефтяной принцессой\" Еленой. Расстроенной Наташе советуют обратиться в брачное агентство \"Золушка\", устраивающее браки с миллионерами. Она соглашается и приезжает в Москву для встречи с потенциальными женихами. Но агентство оказывается подставным, Наташу жестоко обманывают и она остается в столице без жениха и без денег. Вернуться в родной город девушка не может, поэтому устраивается на работу официанткой. Но судьба преподносит Наташе подарок. И вскоре ее жизнь меняется - она встречает свою новую любовь...",
    "genres" : [ {
      "id" : 35,
      "name" : "Comedy"
    }, {
      "id" : 10749,
      "name" : "Romance"
    } ]
  }, {
    "id" : 70173,
    "title" : "Ghost Ship",
    "overview" : "The Goonies have got nothing on these adventure seeking kids! When a group of teens stumble across a mysterious treasure map, the search is on to find a lost pirate ship that's filled with treasure. Though they soon discover a secret desert tunnel that will lead directly to the ship, the teens hadn't counted on a pair of Chinese strangers determined to claim the bounty at any cost. Making the acquaintance of an old hermit who claims to have been a member of the crew, the kids must overcome a series of deadly obstacles and fierce adversaries if they are to claim the elusive lost treasure and escape with their lives.",
    "genres" : [ {
      "id" : 12,
      "name" : "Adventure"
    } ]
  }, {
    "id" : 70178,
    "title" : "Anthrax War",
    "overview" : "Filmmakers investigate 2001 anthrax attacks and uncover a nightmare world.",
    "genres" : [ {
      "id" : 99,
      "name" : "Documentary"
    }, {
      "id" : 10752,
      "name" : "War"
    }, {
      "id" : 36,
      "name" : "History"
    }, {
      "id" : 80,
      "name" : "Crime"
    } ]
  }, {
    "id" : 70193,
    "title" : "Hazard",
    "overview" : "Shin is a Japanese university student living a boring and meaningless life. One day, he spots a book titled Dangerous Ways to Walk the World, in which he finds a page written about hazards in New-York. Eager to get out, he jets off to New-York to find this inspiration.",
    "genres" : [ {
      "id" : 18,
      "name" : "Drama"
    }, {
      "id" : 28,
      "name" : "Action"
    }, {
      "id" : 53,
      "name" : "Thriller"
    }, {
      "id" : 10769,
      "name" : "Foreign"
    } ]
  }, {
    "id" : 70198,
    "title" : "Dangerous Game",
    "overview" : "A game becomes deadly serious! An insane cop hunts down five students in a shopping mall after closing time. His life is ruined as he was dishonorably discharged from the police force because of these people. Armed with a Rambo knife and a crossbow, he initially only wants to scare them off, but when he accidentally injures one of the boys deadly, there is no turning back. The witnesses to the murder must be eliminated! So begins a relentless hunt through the mall at night…",
    "genres" : [ {
      "id" : 27,
      "name" : "Horror"
    }, {
      "id" : 53,
      "name" : "Thriller"
    } ]
  }, {
    "id" : 70208,
    "title" : "Rachun Dunia",
    "overview" : "Jamal the son of Kamal a woodsman owner is married to Aminah. Their marriage is blessed even more with Mardiana their new born. But their happiness was short lived when Jamal started to mix around with Harun and his bad influenced friends. Harun is an insurance representative who also works for Aishah the stunning beauty. Jamal is attracted to Aishah so much that he starts to abandon his family. Jamal had to spend a lot of his money to accompany Aishah who is used to the lifestyle of a rich person. Will Jamal ever repent and come back to his originally family and be the father figure he has been all these while?",
    "genres" : [ {
      "id" : 18,
      "name" : "Drama"
    } ]
  }, {
    "id" : 70213,
    "title" : "Ibu",
    "overview" : "The son of a poor blind woman has dreams of being a famous trumpter.",
    "genres" : [ {
      "id" : 18,
      "name" : "Drama"
    } ]
  } ]
}