{
  "movies" : [ {
    "id" : 373628,
    "title" : "Sister Dearest",
    "overview" : "Incoming freshmen go through the hazing process at Delta Gamma Nu and that means they need to have sex to be accepted. All well and good but our hero can't cut it until his sister takes him.",
    "genres" : [ ]
  }, {
    "id" : 373638,
    "title" : "Bruno & Marrone - Multishow Ao Vivo 2015",
    "overview" : "",
    "genres" : [ {
      "id" : 10402,
      "name" : "Music"
    } ]
  }, {
    "id" : 373643,
    "title" : "Monocerus",
    "overview" : "Sarah Good is a 14 year old American girl and a talented show jumper. Therefore, no one understands why she suddenly loses control of her horse at a show, and badly injures herself. Sarah herself knows why she fell. In the middle of her jump she had a vision of her long lost grandmother Gudrun Schillingmeyer saying good bye. At the same time an old lady is put to rest in Norway. Gudrun lived a long and colored life. Now she follows her daughter Svanhild to her final resting place. What is the connection with Sarah's fear of horses? Sarah knows that she has to get back on her horse, but how? She will find her answer in a remote part of Norway.",
    "genres" : [ ]
  }, {
    "id" : 373653,
    "title" : "Liberdade de Imprensa",
    "overview" : "A panel of Brazilian political scenery in 1968, alternating images of the main events and politicians and specialists' statements about freedom in the Press.",
    "genres" : [ {
      "id" : 99,
      "name" : "Documentary"
    } ]
  }, {
    "id" : 373658,
    "title" : "A Nudez de Alexandra",
    "overview" : "",
    "genres" : [ {
      "id" : 10749,
      "name" : "Romance"
    } ]
  }, {
    "id" : 373663,
    "title" : "Sexo Profundo",
    "overview" : "",
    "genres" : [ {
      "id" : 18,
      "name" : "Drama"
    } ]
  }, {
    "id" : 373668,
    "title" : "A Noite do Meu Bem",
    "overview" : "",
    "genres" : [ {
      "id" : 18,
      "name" : "Drama"
    } ]
  }, {
    "id" : 373673,
    "title" : "Os Mendigos",
    "overview" : "",
    "genres" : [ {
      "id" : 18,
      "name" : "Drama"
    } ]
  }, {
    "id" : 373678,
    "title" : "The Vampire of Copacabana",
    "overview" : "",
    "genres" : [ {
      "id" : 35,
      "name" : "Comedy"
    } ]
  }, {
    "id" : 373683,
    "title" : "The Explorer",
    "overview" : "The documentary presents the life and research of Emil Racovita, one of the first Antarctic explorers, a pioneer of oceanology and the founder of a new science, the bio-speleology. He created in Cluj the first Institute of Speleology in the world. Using photographs made by Emil Racovita in Antarctica, the film focuses mainly on the Belgica expedition (1897-1899), the first scientific expedition who wintered in Antarctica, having Roald Amundsen, Frederick Cook on board and Adrien de Gerlache as captain.",
    "genres" : [ {
      "id" : 99,
      "name" : "Documentary"
    } ]
  }, {
    "id" : 373693,
    "title" : "Real Bushy Beavers 18",
    "overview" : "Women rarely keep their pubic hair nowadays so it's nice when you find a full bush! It's even nicer when she asks you to spew your thick load all over her furburger!",
    "genres" : [ ]
  }, {
    "id" : 373698,
    "title" : "Big Bad Greedy Girls",
    "overview" : "Big Busty Thick girls can hardly live on a ration of just one cock. These lusty voluptuous cock riders need two at once. Just watch the ball churning action as these girls get their mouths and pussy's filled with hard cock and then gorge themselves on double helpings of thick creamy cum.",
    "genres" : [ ]
  }, {
    "id" : 373703,
    "title" : "Stan Becker - Auf eigene Faust",
    "overview" : "",
    "genres" : [ {
      "id" : 28,
      "name" : "Action"
    } ]
  }, {
    "id" : 373708,
    "title" : "Буузы",
    "overview" : "",
    "genres" : [ {
      "id" : 35,
      "name" : "Comedy"
    } ]
  }, {
    "id" : 373713,
    "title" : "Fuck My Mom & Me 11",
    "overview" : "Gracie always knew she wanted to fuck for money, so when she found out her mom Jewels was a porn slut, she decided to join the family business! Darla has always told her daughter Kimberly that \"Sharing is Caring\", so she knew just what to do when she was Talon's raging hard-on! Jaylene is a busy whore with a petite daughter called Brittney that she has decided to pimp out and tech how to give good head, so we're happy to catch this \"Slut-in Training\", on camera! Angela was furious when she found out her lil' girl Alexia has been whoring it up all over town, but when she got behind on the rent she was ready to sell some pussy, too!",
    "genres" : [ ]
  }, {
    "id" : 373718,
    "title" : "MILFs in Heat 5",
    "overview" : "These hot and horny mom's need to get pounded just like their daughters! Watch these smoking hot MILFs getting fucked hard and fast!",
    "genres" : [ ]
  }, {
    "id" : 373723,
    "title" : "Ultraman Ginga S the Movie: Showdown! The 10 Ultra Warriors!",
    "overview" : "Earth has regained peace, but a new enemy with space-time powers has arrived! Musashi, Cosmos' host, tells the UPG that the Ultra Warriors have been sealed inside an evil space-time castle by a warrior woman named Arina. The fate of the entire world will be at stake. Hikaru and Shou are not strong enough to face this enemy, but if they can learn to fuse their hearts, they stand a chance. But to do that, they first must survive the training of Ultraman Zero!",
    "genres" : [ {
      "id" : 14,
      "name" : "Fantasy"
    }, {
      "id" : 28,
      "name" : "Action"
    }, {
      "id" : 878,
      "name" : "Science Fiction"
    } ]
  }, {
    "id" : 373728,
    "title" : "Legends Rising Season Finale: Worlds",
    "overview" : "Legends Rising Season Finale: Worlds",
    "genres" : [ ]
  }, {
    "id" : 373733,
    "title" : "Luxure: Wives to share",
    "overview" : "In a world of luxury and seduction, these six beautiful married women are ready and willing to do anything to satisfy the debauched and voyeuristic fantasies of their husbands. Offering themselves to strangers under the perverted gaze of their husbands, they are about to discover new heights of pleasure. Without doubt, forbidden fruit tastes even better when shared...\r Earlier in the day, this amazing redhead sucked off a stranger until he came in her mouth, and her husband didn't miss a second of this tantalising performance. On returning to the house, she is delighted to discover that he has never been so aroused, and he intends to make her come like never before...",
    "genres" : [ ]
  }, {
    "id" : 373738,
    "title" : "Walt Disney Treasures-Topolino Star a Colori-Vol-1",
    "overview" : "",
    "genres" : [ ]
  }, {
    "id" : 373748,
    "title" : "JL's Passion",
    "overview" : "In January 1990, at the age of 33, the artist José Leonilson starts registering an intimate journal in a tape recorder. His views on events that shook both Brazil, such as the resignation of former president Collor, and overseas, such as the fall of the Berlin Wall, permeate his confessions. He also talks about his impressions on the various movies he used to watch. The records of this sensitive artist in tune with modern life did not intend, at first, anything more than register the harmony that existed between his life and his peculiar and intimate work. However, J.L. suffers the unexpected blow of the discovery that he himself is HIV positive. The uncertainty and urgency in his life begin to permeate his reports.",
    "genres" : [ {
      "id" : 99,
      "name" : "Documentary"
    } ]
  }, {
    "id" : 373753,
    "title" : "Emilia Galotti",
    "overview" : "",
    "genres" : [ {
      "id" : 18,
      "name" : "Drama"
    } ]
  }, {
    "id" : 373758,
    "title" : "Single",
    "overview" : "Ebi is a naive young man and does not have a job. Ebi is also single forever as never dating. Each time he approaches women, he is always rejected.  One day, Ebi’s brother, Alva who is more handsome and successful, announces that he is about to get married. Because of this, Ebi is looking for a girlfriend to be brought to the marriage feast of Alva, and to save his face in front of his mother.  Assisted by two friends, Henry  who is a smartass, and Victor who is pessimistic, Ebi is looking for girlfriend. But he is always failed. His encounter with the most beautiful girl occur in his own boarding house: Angel.",
    "genres" : [ {
      "id" : 18,
      "name" : "Drama"
    }, {
      "id" : 35,
      "name" : "Comedy"
    } ]
  }, {
    "id" : 373763,
    "title" : "Blondin: Tu seras ministre mon fils - Live at Reigny",
    "overview" : "",
    "genres" : [ {
      "id" : 10402,
      "name" : "Music"
    } ]
  }, {
    "id" : 373768,
    "title" : "I'm No Fool Having Fun",
    "overview" : "Jiminy Cricket explains the relatively recent rise of leisure time, and explains how to enjoy it safely: the proper places to play, and basic safety rules for hiking, swimming, bicycling, ice skating, sun-bathing, etc.",
    "genres" : [ {
      "id" : 16,
      "name" : "Animation"
    } ]
  }, {
    "id" : 373778,
    "title" : "Buy Now, Die Later",
    "overview" : "Story about five people who wanted something so badly that they’ll do anything, even to deal with the devil. As they finally get what they want, no one has mentioned that their dream will cost them their lives.",
    "genres" : [ {
      "id" : 35,
      "name" : "Comedy"
    }, {
      "id" : 27,
      "name" : "Horror"
    }, {
      "id" : 53,
      "name" : "Thriller"
    } ]
  }, {
    "id" : 373783,
    "title" : "Assault on Normandy: Gold Beach - Battle for the Beaches",
    "overview" : "Gold Beach is the story of the highly successful assault by 50th Northumbrian Division and 231 Malta Bde on the central beach of the Allied D day landings.  The beach was one of the 2 extra beaches that Montgomery had added to the COSSAC plan and the two veteran formations chosen were highly successful achieving nearly all their objectives despite some hard and bloody fighting. It was on this beach that WO2 Stan Hollis won the only VC of D Day.",
    "genres" : [ {
      "id" : 99,
      "name" : "Documentary"
    }, {
      "id" : 36,
      "name" : "History"
    }, {
      "id" : 10752,
      "name" : "War"
    } ]
  }, {
    "id" : 373788,
    "title" : "Turma do Pagode - MultiShow",
    "overview" : "",
    "genres" : [ {
      "id" : 10402,
      "name" : "Music"
    } ]
  }, {
    "id" : 373798,
    "title" : "Wesley Safadão & Garota Vip",
    "overview" : "",
    "genres" : [ {
      "id" : 10402,
      "name" : "Music"
    } ]
  }, {
    "id" : 373808,
    "title" : "The High Country",
    "overview" : "A sensitive portrait of love, uniting two disillusioned misfits running away from the societies that are trying to tame them.",
    "genres" : [ {
      "id" : 12,
      "name" : "Adventure"
    } ]
  }, {
    "id" : 373818,
    "title" : "Dystopia Files",
    "overview" : "Dystopia Files is an archive of video clips depicting public interactions between police and protesters in North America since 1999. Typically shot on city streets during protest actions of various kinds, this footage portrays scenes of ritualized conflict that are by turns familiar and shocking.",
    "genres" : [ ]
  }, {
    "id" : 373823,
    "title" : "Condolences",
    "overview" : "Burial Rites become the mise-en scene in which politicians, the media, a monk and an infuriated neighbour vividly portray the aftermath of an accident.",
    "genres" : [ ]
  }, {
    "id" : 373828,
    "title" : "Mama",
    "overview" : "No overview",
    "genres" : [ ]
  }, {
    "id" : 373833,
    "title" : "Voodoo Science Park",
    "overview" : "No overview",
    "genres" : [ ]
  }, {
    "id" : 373838,
    "title" : "The Best Day Ever",
    "overview" : "For a successful DPS officer time to start a family, but he lives with his mother. When Petia decides to propose Olya marriage, his official car crashes into drunken pop star.",
    "genres" : [ {
      "id" : 35,
      "name" : "Comedy"
    } ]
  }, {
    "id" : 373843,
    "title" : "Der vierte Mann",
    "overview" : "",
    "genres" : [ {
      "id" : 35,
      "name" : "Comedy"
    } ]
  }, {
    "id" : 373848,
    "title" : "Mr. Housewife",
    "overview" : "34-year-old Jin-Man (Han Suk-Kyu) is a full time stay at home dad, taking care of his daughter and the house chores, while his wife (Shin Eun-Kyung) works at a television station. Ji-Man enjoys doing the daily household things and taking care of his daughter.  Jin-Man then falls into financial trouble and, out of desperation, takes part in the TV game show \"Housewife Quiz Show\" to win the jackpot. Jin-Man also has to disguise to himself as a woman to take part in the quiz show.",
    "genres" : [ {
      "id" : 35,
      "name" : "Comedy"
    } ]
  }, {
    "id" : 373853,
    "title" : "Starstruck",
    "overview" : "A screenwriter befriends a washed up teen idol.",
    "genres" : [ ]
  }, {
    "id" : 373858,
    "title" : "1 Interrogation",
    "overview" : "",
    "genres" : [ ]
  }, {
    "id" : 373863,
    "title" : "P!nk: Live in Europe",
    "overview" : "P!nk's Live In Europe finds the acclaimed pop singer delivering hit after hit on 2004's Try This Tour. This dynamic stage show features stylized versions of \"Trouble,\" \"God Is A DJ,\" \"Feel Good Time\" and covers of Guns N' Roses and Janis Joplin.",
    "genres" : [ {
      "id" : 10402,
      "name" : "Music"
    } ]
  }, {
    "id" : 373868,
    "title" : "Dora the Explorer: Big Sister Dora",
    "overview" : "Big Sister Dora - Dora needs to hurry home!- Her Mami is having a baby! Is it a boy or a girl? Help Big Sister Dora and Boots find the quickest way home so that they can discover the surprise  Dora Saves the Game - Dora, Boots and Dora's entire family watches a big soccer game to root for Diego's big sister Daisy as her team plays on it. The game was stopped because Daisy's team is short of 1 player, Daisy and her team mates calls for Dora to join their team and save the game. Dora and Boots had to hurry to the soccer game by going through The Forest, over The Bridge and into The Soccer Game  Job Day - Dora and Boots spend time thinking about they want to be when they grow up  A Letter for Swiper - It’s up to Dora, Boots and you to deliver letters to everyone – even Swiper and Fox!",
    "genres" : [ ]
  }, {
    "id" : 373873,
    "title" : "High Voltage",
    "overview" : "After WW II many young people arrive to Zagreb, among them a young worker Sonja Kacar. She is supposed to participate in the construction of the first generator in the Rade Koncar factory. Because there aren't enough experts and materials in Yugoslavia, the factory counts on help from fellow communist countries, Czechoslovakia and Soviet Union. However, after the Inform Bureau's resolution this help is no longer available. Sonja experiences a great intimate disappointment because Stjepan, who she is in love with, supports Stalin.",
    "genres" : [ {
      "id" : 10749,
      "name" : "Romance"
    }, {
      "id" : 18,
      "name" : "Drama"
    } ]
  }, {
    "id" : 373878,
    "title" : "Lusers",
    "overview" : "Three guys from differents countries (Peru, Argentina and Chile) come together in a funny adventure through the jungle in order to get to the Final of the FIFA World Cup Brasil 2014.",
    "genres" : [ {
      "id" : 35,
      "name" : "Comedy"
    }, {
      "id" : 12,
      "name" : "Adventure"
    } ]
  }, {
    "id" : 373888,
    "title" : "Sea Legs",
    "overview" : "The story of a Russian sailor coming back home.",
    "genres" : [ {
      "id" : 16,
      "name" : "Animation"
    } ]
  }, {
    "id" : 373893,
    "title" : "Dora The Explorer - Wereldavontuur",
    "overview" : "",
    "genres" : [ ]
  }, {
    "id" : 373903,
    "title" : "National Theatre Live: Les Liaisons Dangereuses",
    "overview" : "Marquise de Merteuil, former lover of Vicomte de Valmont, incites him to corrupt the innocent Cecile de Volanges before her wedding night, but Valmont has targeted the peerlessly virtuous and beautiful Madame de Tourvel.",
    "genres" : [ ]
  }, {
    "id" : 373908,
    "title" : "Nayyapudai",
    "overview" : "A 70-year-old man takes on a corrupt assistant commissioner and the gangster whom he is protecting.",
    "genres" : [ {
      "id" : 10749,
      "name" : "Romance"
    }, {
      "id" : 28,
      "name" : "Action"
    }, {
      "id" : 18,
      "name" : "Drama"
    } ]
  }, {
    "id" : 373923,
    "title" : "Revolverheld - MTV Unplugged in drei Akten",
    "overview" : "",
    "genres" : [ {
      "id" : 10402,
      "name" : "Music"
    } ]
  }, {
    "id" : 373928,
    "title" : "Esta voz entre muchas",
    "overview" : "",
    "genres" : [ ]
  }, {
    "id" : 373933,
    "title" : "Tjúba Tén / The Wet Season",
    "overview" : "An experimental ethnography recorded in the jungle village of Bendekondre, Suriname at the start of 2007. Composed of community-generated performances, re-enactments and extemporaneous recordings, this film functions doubly as an examination of a rapidly changing material culture in the present and as a historical document for the future. Whether the resultant record is directed towards its subjects, its temporary residents (filmmakers), or its Western viewers is a question proposed via the combination of long takes, materialist approaches, selective subtitling, and a focus on various forms of cultural labor.",
    "genres" : [ ]
  }, {
    "id" : 373943,
    "title" : "A Fervent Wish",
    "overview" : "Charlie, a backpacker, is walking through the bushes with a pen and notebook in his hand. He sways with the rustling of the trees as the music plays in his ears. While walking he sees a lady, Anna, a teenager, swimming in the river. That river became their meeting place and they easily became friends. But Anna’s father, Mang Berting, prohibited Charlie from coming to the river and even threatened him. How far will Anna and Charlie’s friendship go?",
    "genres" : [ {
      "id" : 18,
      "name" : "Drama"
    } ]
  }, {
    "id" : 373948,
    "title" : "X-TRACTS",
    "overview" : "This was my first 16mm film, made with Desmond Horsfield. For the image we created a gridded score of movements, both within the frame ('subject moves right to left') and between the camera and the subject (zooms, pans, tilts...,) using this as a shooting script. The sound was derived from an old journal, read out loud and then cut-up into the same units of time as the image, ranging from 3 seconds to 1/4 second. Assembling the material was largely mechanical, following the predetermined score. That a tonal portrait of a person emerges was an after effect; we thought of the film as a structural or indexical system of sound/image relations, and viewed the soundtrack as a linguistic experiment, working with the building blocks of speech. - LT",
    "genres" : [ ]
  }, {
    "id" : 373953,
    "title" : "Castaic Lake",
    "overview" : "Taking its course, the camera drifts in to the coves and surveys the shorelines of a multi-use reservoir to unearth fragments of its young history and consider a series of possible relationships to this artificial environment. Visits are filled with a sense of potentials and the unseen, the lake’s surface separating what is buried and what is to come. Municipal orchestrations, recreational episodes, and small pageants trace this body’s perimeter.",
    "genres" : [ ]
  }, {
    "id" : 373958,
    "title" : "AM/PM",
    "overview" : "Off hours spent wandering a ghost town theme park in the Mojave Desert; a young Sikh man considers his recent relocation.",
    "genres" : [ ]
  }, {
    "id" : 373963,
    "title" : "Jeans",
    "overview" : "",
    "genres" : [ {
      "id" : 35,
      "name" : "Comedy"
    } ]
  }, {
    "id" : 373968,
    "title" : "MILFs Seeking Boys #5",
    "overview" : "Eva hires young chef Logan to teach her how to cook healthy food for her husband. Once Logan starts teaching her Eva has plans to teach him a few things.  Jayden hires a handy man that is completely useless. Jayden confronts him and calls him out on his lack of knowledge. To her surprise he is very good with his personal tool.  Dana rents her guest house out to young college student Tyler. What Tyler doesn't know is that Dana wants a whole lot more than just some rent money.  Tommy heads over to his buddy Brad's house only to find out that he's not there. Tommy Meets Brad's new stepmother Romi, what Tommy doesn't know is that she's not a one guy type of girl.",
    "genres" : [ ]
  }, {
    "id" : 373973,
    "title" : "O Detetive Bolacha Contra o Gênio do Crime",
    "overview" : "",
    "genres" : [ {
      "id" : 18,
      "name" : "Drama"
    } ]
  }, {
    "id" : 373978,
    "title" : "Una golfa",
    "overview" : "Trumpet-player in a club band falls for a streety young woman; she dumps him to become a kept woman... and his roommate the pianist is dealing weed... and...",
    "genres" : [ ]
  }, {
    "id" : 373988,
    "title" : "La mujer de oro",
    "overview" : "Heist movie: bank teller develops an elaborate game plan to lift money from the vault where she works.",
    "genres" : [ ]
  }, {
    "id" : 373993,
    "title" : "Ancient Worlds Brought to Life",
    "overview" : "",
    "genres" : [ {
      "id" : 99,
      "name" : "Documentary"
    } ]
  }, {
    "id" : 374003,
    "title" : "Hieronymus Bosch: Touched by the Devil",
    "overview" : "In 2016, the Noordbrabants Museum in the Dutch city of Den Bosch held a special exhibition devoted to the work of Hieronymus Bosch, who died 500 years ago. This late-medieval artist lived his entire life in the city, causing uproar with his fantastical and utterly unique paintings in which hell and the devil always played a prominent role.",
    "genres" : [ {
      "id" : 99,
      "name" : "Documentary"
    } ]
  }, {
    "id" : 374023,
    "title" : "Haunted Mansion",
    "overview" : "A group of high school students who are spending the night in a old mansion. When they learn that the house is haunted they set to look out for ghosts just for fun , but they find out soon enough that the urban legends are real.",
    "genres" : [ {
      "id" : 53,
      "name" : "Thriller"
    }, {
      "id" : 27,
      "name" : "Horror"
    } ]
  }, {
    "id" : 374028,
    "title" : "Kreator: [2014] Wacken Open Air",
    "overview" : "Tracklist:  01. Mars Mantra  02. Phantom Antichrist  03. From Flood Into Fire  04. Warcurse  05. Coma of Souls (teaser)  06.  Endless Pain  07. Pleasure to Kill  09. Hordes of Chaos  10. Phobia  11. Enemy of God  12. Civilization Collapse  13. The Patriarch  14. Violent Revolution  15. Solo Sami Yli-Sirniö  16. United in Hate  17. Billie Jean by Michael Jackson (teaser)  18. Painkiller by Judas priest (teaser)  19. Flag of Hate  20. Tormentor",
    "genres" : [ {
      "id" : 10402,
      "name" : "Music"
    } ]
  }, {
    "id" : 374033,
    "title" : "Behemoth: Demigod in Holland",
    "overview" : "TRACKLIST:  01 - Slaying The Prophets Ov Isa  02 - Antichristian Phenomenon  03 - Demigod  04 - From the pagan vastlands  05 - Prometherion  06 - Conquer All  07 - Christgrinding Avenue  08 - As Above So Below  09 - Decade Ov Therion  10 - Chant For Eschaton (2000)  11 - I Got Erection",
    "genres" : [ {
      "id" : 10402,
      "name" : "Music"
    } ]
  }, {
    "id" : 374038,
    "title" : "This Is My Show",
    "overview" : "\"Working with Nature\" can be grueling and painful, but your hostess Adrienne Edmunds is ready and willing to walk you through what it takes to perfect and control your surroundings…",
    "genres" : [ ]
  }, {
    "id" : 374043,
    "title" : "The Classic Project Vol. 8",
    "overview" : "",
    "genres" : [ {
      "id" : 10402,
      "name" : "Music"
    } ]
  }, {
    "id" : 374048,
    "title" : "Masquerade",
    "overview" : "The well-known actor, Michael Barczewski, returns after a long break to the stage. He tells reporter the story of Jack Burda, a young promising actor who took his profession a bit too serious and played his own death...",
    "genres" : [ {
      "id" : 18,
      "name" : "Drama"
    } ]
  }, {
    "id" : 374053,
    "title" : "Logística",
    "overview" : "“Logistics” tells a story of separation between a group of friends — those who leave and those who decide to stay in their country.",
    "genres" : [ ]
  }, {
    "id" : 374063,
    "title" : "Chanuka at Bubbe's",
    "overview" : "The special is an installment (there’s also a Passover version) of “Bubbe’s Boarding House,” an educational program that was released on VHS in 1989. The 42-minute-long musical features a Sesame Street-style puppet cast of animals and people-like creatures, many of whom live together in the boarding house. In the Chanukah episode, siblings Zack and Muffin and their friend Chester come to visit their bubbe (grandmother in Yiddish) for the holiday.",
    "genres" : [ ]
  }, {
    "id" : 374068,
    "title" : "Happy XXXMas!",
    "overview" : "It's the most wonderful time of the year for fucking! Since you've been so good all year long, it's time to indulge your nasty side! Simony Diamond, Dominno, Lana Ivans, Liz, Tiffany Rousso and the incredible Maserati prove why they all landed on Santa's eXXXtra naughty list! That means big presents are on the way for these horny sluts! The big bearded guy may reward good boys and girls with presents, but just like you, Santa knows that sluts deserve extra special treatment! Any girl who gets plowed up the ass by two big dicks deserves a big gift under her tree!",
    "genres" : [ ]
  }, {
    "id" : 374073,
    "title" : "Christy: Santa's First Female Reindeer",
    "overview" : "Santa's bringing Christmas to the forest, but his elf just can't get into her work. What to do? All proceeds help support the Wild Life Unlimited Foundation.",
    "genres" : [ ]
  }, {
    "id" : 374078,
    "title" : "Glory 1: Stockholm",
    "overview" : "Glory 1: Stockholm was a kickboxing event held on May 26, 2012 at the Ericsson Globe in Stockholm, Sweden. This event featured a Glory 70kg Slam Tournament qualification bouts and super fight for the inaugural Glory Heavyweight championship.",
    "genres" : [ ]
  }, {
    "id" : 374083,
    "title" : "Luke, the Candy Cut-Up",
    "overview" : "Working as a pastry chef, Luke steals a watch from a customer, which results in a wild police chase throughout the store.",
    "genres" : [ {
      "id" : 35,
      "name" : "Comedy"
    } ]
  }, {
    "id" : 374088,
    "title" : "Woezel & Pip Op zoek naar de Sloddervos!",
    "overview" : "",
    "genres" : [ {
      "id" : 10751,
      "name" : "Family"
    }, {
      "id" : 16,
      "name" : "Animation"
    } ]
  }, {
    "id" : 374093,
    "title" : "Glory 23: Las Vegas",
    "overview" : "Glory 23: Las Vegas was a kickboxing event held on August 7, 2015 at the Hard Rock Hotel and Casino in Las Vegas, Nevada, USA.  This event featured world title fight for the vacant Glory Welterweight Championship of Nieky Holzken vs. Raymond Daniels as headliner. Also this event featured 4-Man Middleweight Qualification Tournament for a chance to win a spot in the Glory Middleweight Contender Tournament to be held later.[18]  Glory 23 had average of 295,000 viewers on Spike TV.[19]",
    "genres" : [ ]
  }, {
    "id" : 374098,
    "title" : "Chão Bruto",
    "overview" : "",
    "genres" : [ {
      "id" : 18,
      "name" : "Drama"
    } ]
  }, {
    "id" : 374103,
    "title" : "Die Kupferfalle",
    "overview" : "",
    "genres" : [ {
      "id" : 80,
      "name" : "Crime"
    } ]
  }, {
    "id" : 374108,
    "title" : "None But That!",
    "overview" : "\"Nahed\" (Nabila Ebeid) as the Greedy Mother fight over \"Dina\" (Arwa) the innocent talent who falls in love with \"Nader\" (Khaled Abol Naga) as a Music Talent Hunter &amp; Famous icon/Director &amp; shatters her Family apart when she becomes a big success.",
    "genres" : [ {
      "id" : 10402,
      "name" : "Music"
    } ]
  }, {
    "id" : 374113,
    "title" : "Like a Tale",
    "overview" : "The war between Iran and Iraq is raging. Near the border on the Iranian side, an old man takes care of martyrs’ graves by the little cabin where he lives with his wife and grandson, while the boy’s father is fighting in the war. Suddenly one day, their home is invaded by a wounded Iraqi officer and two of his subordinates. They desperately need care and a place to hide. The intruders and the little family do not understand each other’s language, the tone is aggressive and an intense, life-and-death chamber play ensues.",
    "genres" : [ {
      "id" : 10752,
      "name" : "War"
    } ]
  }, {
    "id" : 374118,
    "title" : "Heinrich, the Deer",
    "overview" : "By ship and train Heinrich, the Deer gets to the local zoo where he's greeted bey a group of children. With the winter arriving and snow falling, Heinrich explores the surroundings - even outside his compound...",
    "genres" : [ {
      "id" : 10751,
      "name" : "Family"
    }, {
      "id" : 16,
      "name" : "Animation"
    } ]
  }, {
    "id" : 374123,
    "title" : "Zaz - Paris, Encore!",
    "overview" : "",
    "genres" : [ {
      "id" : 10402,
      "name" : "Music"
    } ]
  }, {
    "id" : 374128,
    "title" : "Animal Serenade",
    "overview" : "",
    "genres" : [ ]
  }, {
    "id" : 374133,
    "title" : "Alice the Piper",
    "overview" : "The rats are out of control in Hamlin; they've taken over the kitchen, but when they take over the King's bedroom, that's the last straw. He posts a $5 reward, which the rats change to $5,000. Alice and Julius accept the challenge; they play a tune and the rats gather around, but they won't fall for the old \"follow me into the river\" trick. Fortunately, a very powerful vacuum cleaner is nearby, and Alice and Julius suck all the rats into it. The king gives them their reward: $5.",
    "genres" : [ {
      "id" : 16,
      "name" : "Animation"
    } ]
  }, {
    "id" : 374138,
    "title" : "Alice Charms the Fish",
    "overview" : "Alice and Julius go fishing where Alice charms the fish ashore with a tune from her flute.",
    "genres" : [ {
      "id" : 16,
      "name" : "Animation"
    } ]
  }, {
    "id" : 374143,
    "title" : "Alice the Lumberjack",
    "overview" : "Pete schemes to kidnap Alice while she and Julius are working as lumberjacks along the river.",
    "genres" : [ {
      "id" : 16,
      "name" : "Animation"
    } ]
  }, {
    "id" : 374148,
    "title" : "Alice the Collegiate",
    "overview" : "Alice gets a job teaching football at a local college, where the star quarterback is none other than Julius.",
    "genres" : [ {
      "id" : 16,
      "name" : "Animation"
    } ]
  }, {
    "id" : 374153,
    "title" : "Alice's Knaughty Knight",
    "overview" : "Pete, dressed in a suit of armor, steals away the female that Julius is after. So Julius devises his own suit of armor, made mostly out of junk, to win her back.",
    "genres" : [ {
      "id" : 16,
      "name" : "Animation"
    } ]
  }, {
    "id" : 374158,
    "title" : "Alice's Channel Swim",
    "overview" : "Julius and Pete have a contest to swim across the English Channel, with Alice as the referee.",
    "genres" : [ {
      "id" : 16,
      "name" : "Animation"
    } ]
  }, {
    "id" : 374163,
    "title" : "Alice in the Big League",
    "overview" : "Alice attempts to umpire a big league baseball game where the animals begin to take exception to her bad calls.",
    "genres" : [ {
      "id" : 16,
      "name" : "Animation"
    } ]
  }, {
    "id" : 374168,
    "title" : "Svatojánský věneček",
    "overview" : "",
    "genres" : [ {
      "id" : 10751,
      "name" : "Family"
    } ]
  }, {
    "id" : 374173,
    "title" : "Kapoor & Sons (Since 1921)",
    "overview" : "A story revolving around a dysfunctional family of two brothers who visit their parents and grandfather in Coonoor, and end up falling for the same woman.",
    "genres" : [ {
      "id" : 18,
      "name" : "Drama"
    } ]
  }, {
    "id" : 374178,
    "title" : "Schwarzfahrer",
    "overview" : "",
    "genres" : [ {
      "id" : 35,
      "name" : "Comedy"
    } ]
  }, {
    "id" : 374188,
    "title" : "Amy Winehouse - I Told You I Was In Trouble (The Documentary)",
    "overview" : "",
    "genres" : [ ]
  }, {
    "id" : 374193,
    "title" : "Opbrud",
    "overview" : "",
    "genres" : [ {
      "id" : 35,
      "name" : "Comedy"
    }, {
      "id" : 80,
      "name" : "Crime"
    }, {
      "id" : 18,
      "name" : "Drama"
    } ]
  }, {
    "id" : 374198,
    "title" : "Joey Runs Away",
    "overview" : "After Joey, a young kangaroo, runs away in search of a better place to live, other animals try out his mother's empty pouch while she is looking for him.",
    "genres" : [ {
      "id" : 10751,
      "name" : "Family"
    } ]
  }, {
    "id" : 374203,
    "title" : "Saturday Night Live: The Best of David Spade",
    "overview" : "Considered one of the bad boys of SNL. David Spade has been making television and movie audiences laugh for years with his unique blend of sarcasm and wit. See where it all began with some of his most memorable moments on SNL. You'll enjoy Spade's classic characters like The Receptionist, Gap Girls, Don Lapre, and of course the Flight Attendant wishing you a good day and \"Buh Bye\". You'll also enjoy Spade in America featuring Teri Hatcher, Sean Penn, and Christopher Walken. If you're a fan, you won't want to miss the bonus features seen only here, including audio commentary from David Spade himself and never-before-seen outtakes and dress rehearsal sketches that until now have only been seen by the studio audience.",
    "genres" : [ ]
  }, {
    "id" : 374208,
    "title" : "So war Mama",
    "overview" : "",
    "genres" : [ {
      "id" : 35,
      "name" : "Comedy"
    } ]
  }, {
    "id" : 374213,
    "title" : "A Norfin Noel",
    "overview" : "The Norfins are in for a delightful surprise when a charming alien with magical powers drops in for a visit.",
    "genres" : [ ]
  }, {
    "id" : 374218,
    "title" : "Ore Ru",
    "overview" : "In July 2015, after 27 years, Paraguay will receive the Pope. Ru Ore is a documentary about the waiting for this important event through four life stories: Gaby, 13, who lives in one of the poorest neighborhoods of Asuncion; Mafe, 16, who is fighting against cancer; the story of Margarita, 53, Indigenous \"Aché\" fighting for the survival of her traditions and culture; and the history of Tati, 18, a survivor of the Ycuá Bolaños tragedy.",
    "genres" : [ {
      "id" : 99,
      "name" : "Documentary"
    } ]
  }, {
    "id" : 374223,
    "title" : "Proavlio",
    "overview" : "School's out for summer, school's out forever, school's been blown to pieces.",
    "genres" : [ {
      "id" : 18,
      "name" : "Drama"
    } ]
  } ]
}