{
  "movies" : [ {
    "id" : 75923,
    "title" : "复活的黄金圣斗士神话",
    "overview" : "",
    "genres" : [ ]
  }, {
    "id" : 75928,
    "title" : "Åsa-Nisse och den stora kalabaliken",
    "overview" : "",
    "genres" : [ {
      "id" : 35,
      "name" : "Comedy"
    } ]
  }, {
    "id" : 75933,
    "title" : "My Reincarnation",
    "overview" : "Filmed over twenty years by acclaimed documentarian Jennifer Fox (FLYING: CONFESSIONS OF A FREE WOMAN), MY REINCARNATION chronicles the epic story of the high Tibetan Buddhist Master, Choegyal Namkhai Norbu, and his western-born son, Yeshi. The film follows Namkhai Norbu's rise to greatness as a Buddhist teacher in the West, while his son, Yeshi, recognized at birth as the reincarnation of a famous spiritual master, breaks away from his father's tradition to embrace the modern world. Can the father convince his son to keep the family's threatened spiritual legacy alive? Never before has a high Tibetan Master allowed such complete access to his private life and it is doubtful that another ever will. With her signature intimate entry to both family and icons including the Dalai Lama, Fox expertly distills a decades-long drama into a universal story about love, transformation, and destiny.",
    "genres" : [ {
      "id" : 99,
      "name" : "Documentary"
    }, {
      "id" : 10769,
      "name" : "Foreign"
    } ]
  }, {
    "id" : 75938,
    "title" : "Twilight's Last Gleaming",
    "overview" : "A renegade USAF general, Lawrence Dell, escapes from a military prison and takes over an ICBM silo near Montana and threatens to provoke World War 3 unless the President reveals details of a secret meeting held just after the start of the Vietnam War between Dell and the then President's most trusted advisors.",
    "genres" : [ {
      "id" : 53,
      "name" : "Thriller"
    } ]
  }, {
    "id" : 75943,
    "title" : "I Was a Swiss Banker",
    "overview" : "Roger is a young, dashing banker full of boyish self-confidence. He has a highly successful business, smuggling black money across the border for reinvestment. But then a split second reaction changes his entire life. Flagged down one day by a customs officers, Roger loses his cool and makes a run for it. His only means of escape: diving headlong into Lake Constance, thereby catapulting himself out of his life as a banker and into a totally new universe, populated with shy mermaids decked out in Lara Croft gear, and cunning magpie witches in helicopters. As in a Grimm Brothers fairy tale, Roger has to pass three tests to cast off the witch’s curse and find happiness. His underwater journey through an intoxicatingly beautiful Switzerland is enhanced by the enchanting songs of sirens – a fable full of lust for life and love.",
    "genres" : [ {
      "id" : 10749,
      "name" : "Romance"
    } ]
  }, {
    "id" : 75948,
    "title" : "The Sorcerer and the White Snake",
    "overview" : "The Sorcerer and the White Snake is an ancient Chinese fable about a woman demon who falls in love with a mortal is brought to life through the latest advances in CGI and action techniques.",
    "genres" : [ {
      "id" : 28,
      "name" : "Action"
    }, {
      "id" : 14,
      "name" : "Fantasy"
    } ]
  }, {
    "id" : 75953,
    "title" : "The Rowdy Girls",
    "overview" : "A hooker, a bank robber and an innocent young woman clash over love and loot from a robbery.",
    "genres" : [ {
      "id" : 28,
      "name" : "Action"
    }, {
      "id" : 35,
      "name" : "Comedy"
    }, {
      "id" : 37,
      "name" : "Western"
    }, {
      "id" : 10749,
      "name" : "Romance"
    } ]
  }, {
    "id" : 75958,
    "title" : "So Sweet... So Perverse",
    "overview" : "Industrialist Jean is living a jet set life in late sixties Paris. Things are not so well at home with his frigid wife Danielle. He meets their new neighbour, Nicole, and they become lovers. But she has a sadistic ex-boyfriend, Klaus, which keeps showing up. It soon transpires that Danielle and Nicole are conspiring against Jean, Klaus being the hitman hired to murder him.",
    "genres" : [ {
      "id" : 53,
      "name" : "Thriller"
    }, {
      "id" : 80,
      "name" : "Crime"
    }, {
      "id" : 9648,
      "name" : "Mystery"
    } ]
  }, {
    "id" : 75963,
    "title" : "Going Ape!",
    "overview" : "When his father - who owned a circus - dies, Oscar inherits 5 million dollars - and 3 orang outangs. However there's a condition connected to the money: if he gives away the apes or just one gets sick or dies during the next 3 years, the zoologic society will get all the money. So he not only has to deal with 3 apes and an annoyed girlfriend, but also with a greedy zoologic society's president.",
    "genres" : [ {
      "id" : 35,
      "name" : "Comedy"
    } ]
  }, {
    "id" : 75968,
    "title" : "El agente 00-P2",
    "overview" : "Tambo Macaw, an overweight macaw who works as a janitor at the Central Intelligentus Animalus (CIA), dreams of becoming a secret agent. His opportunity arises when he is assigned by mistake the most important mission in the agency's history: stop the wicked plans of Mama Bear and her evil organization. Tambo is helped by Jack Tortoise, an old turtle that's in charge of the advanced technology lab in the agency and is one of Tambo's few friends.",
    "genres" : [ ]
  }, {
    "id" : 75973,
    "title" : "The Grand Bizarre",
    "overview" : "Step right up and get your tickets to the all-inclusive action thrill ride of the decade! Take your seat, grab your popcorn and witness the most daring skiers on the planet performing death-defying feats including Bobby Brown’s ground-breaking triple cork 1440 and Simon Dumont’s one of a kind cubed halfpipe. Nowhere have you seen anything more bizarre than this year’s Poor Boyz Production release The Grand Bizarre.",
    "genres" : [ ]
  }, {
    "id" : 75978,
    "title" : "The Dictator's Guns",
    "overview" : "Jacques Cournot, a freelance skipper, is hired by Mr Hendrix in Santo Domingo, first of all to advise him regarding the acquisition of a sailing boat. After a thorough inspection of a prospective vessel, the \"Dragoon\", Cournot reports his positive appraisal to Mr Hendrix and initiates the negotiations with Mrs Osborne, the owner of the craft. Barely a couple of days later, Cournot finds himself in a bind as the police questions him about the exact kind of cruise he was supposed to organize for his principal. For the \"Dragoon\" is gone; Mr Hendrix has disappeared; Mrs Osborne is not aware of any deal; and the corpses of mysterious individuals, victims of a violent death, are found on the beaches of Santo Domingo.",
    "genres" : [ {
      "id" : 18,
      "name" : "Drama"
    }, {
      "id" : 80,
      "name" : "Crime"
    } ]
  }, {
    "id" : 75983,
    "title" : "Rules of the Game",
    "overview" : "David infiltrates a gang to take revenge on a triad kingpin. Two of David's good friends die in David's search for revenge. David is captured by the kingpin to face the punishment of the triad society.",
    "genres" : [ {
      "id" : 28,
      "name" : "Action"
    }, {
      "id" : 10769,
      "name" : "Foreign"
    }, {
      "id" : 80,
      "name" : "Crime"
    } ]
  }, {
    "id" : 75988,
    "title" : "Walpurgis Night",
    "overview" : "",
    "genres" : [ {
      "id" : 10749,
      "name" : "Romance"
    }, {
      "id" : 18,
      "name" : "Drama"
    } ]
  }, {
    "id" : 75993,
    "title" : "The Last Grenade",
    "overview" : "British mercenaries (Stanley Baker, Alex Cord) finish their Congo feud in Hong Kong, with a woman (Honor Blackman) caught in the middle.",
    "genres" : [ {
      "id" : 28,
      "name" : "Action"
    }, {
      "id" : 18,
      "name" : "Drama"
    }, {
      "id" : 10752,
      "name" : "War"
    } ]
  }, {
    "id" : 75998,
    "title" : "The Last Outpost",
    "overview" : "A love triangle set on the Eastern Front in World War I. The acting is strained, with no hint of the later brilliance of Cary Grant and Claude Rains in Hitchcock's \"Notorious\".",
    "genres" : [ {
      "id" : 10749,
      "name" : "Romance"
    }, {
      "id" : 28,
      "name" : "Action"
    }, {
      "id" : 12,
      "name" : "Adventure"
    } ]
  }, {
    "id" : 76008,
    "title" : "Pup on a Picnic",
    "overview" : "Spike is taking his son on a picnic. Jerry keeps hiding in the basket, so Tom keeps disrupting the picnic while chasing him.",
    "genres" : [ {
      "id" : 35,
      "name" : "Comedy"
    }, {
      "id" : 16,
      "name" : "Animation"
    } ]
  }, {
    "id" : 76013,
    "title" : "No Rest for the Wicked",
    "overview" : "Madrid, the beginning of the century. One day, the police inspector Santos Trinidad coming home very drunk, is involved in a triple murder. But there is a witness who managed to escape and that could incriminate him. Santos undertakes an investigation to locate and eliminate the witness. Meanwhile, Chacón a judge in charge of investigating the triple murder, meticulously advances in the search for the murderer. Santos and Chacon soon discover that what seemed a simple case of drug trafficking is actually something far more dangerous.",
    "genres" : [ {
      "id" : 53,
      "name" : "Thriller"
    } ]
  }, {
    "id" : 76018,
    "title" : "The Happening",
    "overview" : "A group of young drifters kidnap wealthy businessman Roc Delmonico just for kicks. They keep him captive, demanding a ransom for his safe release. However there is no one - wife, Mafia associates or mother - willing to part with the $200,000 ransom. Demonico is dismayed that no one appears unduly concerned about his fate and joins forces with the kidnappers to plot his revenge, blackmailing his once nearest and dearest into parting with $3,000,000 in hush money.",
    "genres" : [ {
      "id" : 35,
      "name" : "Comedy"
    } ]
  }, {
    "id" : 76023,
    "title" : "The Signature",
    "overview" : "Η Άννα, μια νεαρή ιστορικός τέχνης, ετοιμάζει μια έκθεση για τη ζωγράφο Μαρία Δήμου, το θάνατο της οποίας καλύπτει βαθύ μυστήριο. Αντλώντας πληροφορίες από τον σύντροφο της Δήμου, τον Άγγελο, θα αρχίσει σιγά σιγά να ανακαλύπτει ότι τόσο εκείνος όσο και η ζωή της Μαρίας κρύβουν πολλές σκοτεινές πλευρές.",
    "genres" : [ {
      "id" : 10769,
      "name" : "Foreign"
    }, {
      "id" : 18,
      "name" : "Drama"
    } ]
  }, {
    "id" : 76028,
    "title" : "Put-Put Troubles",
    "overview" : "Pluto is towing Donald and his little motorboat. He gets distracted by a frog, and the boat runs away from him. While Pluto is struggling with the frog, and then a bedspring, Donald struggles with the outboard motor, which either won't start, or when it does start, has a tendency to destroy the boat.",
    "genres" : [ {
      "id" : 16,
      "name" : "Animation"
    } ]
  }, {
    "id" : 76038,
    "title" : "Love Breakups Zindagi",
    "overview" : "Love Breakups Zindagi is a movie which tries to answer the question related to love, breakups and life.\r A couple and many of their friends experience changes and challenges in their respective lives after attending a wedding.",
    "genres" : [ {
      "id" : 35,
      "name" : "Comedy"
    }, {
      "id" : 10749,
      "name" : "Romance"
    }, {
      "id" : 10769,
      "name" : "Foreign"
    } ]
  }, {
    "id" : 76043,
    "title" : "RFK Must Die The Assassination Of Bobby Kennedy",
    "overview" : "A new investigative documentary exploring the controversies surrounding the assassination of Bobby Kennedy on June 5, 1968 as he looked set to challenge Nixon for the White House. Munir Sirhan tells how his brother Sirhan has never been able to remember the shooting. Sandra Serrano speaks for the first time in forty years about the girl in the polka-dot dress fleeing the scene, yelling \"We shot him! We shot him!\" And Dr. Herbert Spiegel of Columbia University describes how Sirhan was hypnotically programmed to kill Robert Kennedy.",
    "genres" : [ {
      "id" : 99,
      "name" : "Documentary"
    } ]
  }, {
    "id" : 76053,
    "title" : "Der Mann mit dem Fagott",
    "overview" : "",
    "genres" : [ {
      "id" : 99,
      "name" : "Documentary"
    } ]
  }, {
    "id" : 76058,
    "title" : "SSI: Sex Squad Investigation",
    "overview" : "When the scene of the crime has your jaw dropping from steamy felonious activity, it's time for the SSI: Sexy Squad Investigation forensics team to uncover the clues, crack the case and nail the perpetrators. Seduction Cinema's hottest new spoof takes you deep into the sordid world of sensual wrongdoing and the courageous men and women of law enforcement who bring hardened criminals to justice.",
    "genres" : [ {
      "id" : 35,
      "name" : "Comedy"
    } ]
  }, {
    "id" : 76068,
    "title" : "Pink String and Sealing Wax",
    "overview" : "Melodrama set in Victorian Brighton. Scheming pub landlady uses the timorous son of a domineering pharmacist to assist in the poisoning of her drunkard husband. (The title is from the way pharmacists used to wrap parcels containing poison).",
    "genres" : [ {
      "id" : 80,
      "name" : "Crime"
    }, {
      "id" : 18,
      "name" : "Drama"
    }, {
      "id" : 9648,
      "name" : "Mystery"
    }, {
      "id" : 53,
      "name" : "Thriller"
    } ]
  }, {
    "id" : 76073,
    "title" : "Medieval - MittelalterFest",
    "overview" : "Hier kommt das ultimative Erlebnis für alle Freunde der Wave-, Gothic- und Mittelalter-Szene! Erstmalig gibt es die angesagtesten Musiker aus diesem Umfeld auf DVD! Bands wie Corvus Corax, Tanzwut oder Schandmaul präsentieren sich in mehr als 90 Minuten in Musik und Wort (Interviews). Die Festivalzeit 2004 ist bereits wieder eröffnet und tausende von Fans kennen die \"Rolling Stones des Mittelalters\" von allen wichtigen Festivals, u.a. auch dem legendären \"Kaltenberger Ritterturnier\", zu dem sie Prinz Luitpold von Bayern auch schon persönlich eingeladen hat. Mit Bands wie Tanzwut oder Schandmaul kommen auch die Freunde des \"elektrifizierten Mittelalter-Rock\" auf ihre Kosten. Weitere Impressionen vom berühmten Feuertanz-Festival runden dieses Produkt zu einem Fan-Artikel für die sehr lebendige und umfangreiche Gemeinde der \"Mittelalter-Kultur\" ab.",
    "genres" : [ ]
  }, {
    "id" : 76083,
    "title" : "Tarzan the Fearless",
    "overview" : "Mary Brooks' father, who has been studying ancient tribes, falls into the hands of \"the people of Zar, god of the Emerald Fingers.\" Tarzan helps Mary locate her father, rescues everyone from the High Priest of Zar, and takes Mary to his cave.",
    "genres" : [ {
      "id" : 28,
      "name" : "Action"
    }, {
      "id" : 12,
      "name" : "Adventure"
    } ]
  }, {
    "id" : 76088,
    "title" : "Tarzan's Peril",
    "overview" : "Escaped convicts are selling weapons to a warlike native tribe.",
    "genres" : [ {
      "id" : 28,
      "name" : "Action"
    }, {
      "id" : 12,
      "name" : "Adventure"
    } ]
  }, {
    "id" : 76093,
    "title" : "Fem år i helvete",
    "overview" : "",
    "genres" : [ ]
  }, {
    "id" : 76098,
    "title" : "'Weird Al' Yankovic - Live! The Alpocalypse Tour",
    "overview" : "\"Weird Al” Yankovic Live! — The Alpocalypse Tour is the concert event to end all concert events…and the perfect way to kill some time while waiting for the end of the world. It features all of the multi-GRAMMY® Award-winning artist’s greatest hits, including “Perform This Way,” “White &amp; Nerdy,” “Amish Paradise,” and “Fat.” So lock the airtight door on your fallout shelter, sit back, relax and enjoy the Alpocalypse with Weird Al.",
    "genres" : [ {
      "id" : 10402,
      "name" : "Music"
    }, {
      "id" : 35,
      "name" : "Comedy"
    } ]
  }, {
    "id" : 76103,
    "title" : "Faithless - Live In Moscow",
    "overview" : "In 2006 Faithless released their fifth studio album \"To All New Arrivals\" Successive world tours have enshrined their popularity all over the globe and this is clearly evident as they delight their Moscow fans as part of this Greatest Hits Tour.",
    "genres" : [ {
      "id" : 10402,
      "name" : "Music"
    } ]
  }, {
    "id" : 76108,
    "title" : "Passage to Zarahemla",
    "overview" : "Two teens from L.A. make their way to Utah to hide with distant Mormon relatives from their troubled pasts. An earthquake opens up a time rift, drawing them and their pursuers into an ancient mesoamerican war.",
    "genres" : [ {
      "id" : 12,
      "name" : "Adventure"
    }, {
      "id" : 28,
      "name" : "Action"
    } ]
  }, {
    "id" : 76113,
    "title" : "Over Beautiful British Columbia",
    "overview" : "Over Beautiful British Columbia is a spectacular scenic tour of Canada's Pacific province. Savor the grandeur of British Columbia as you join a helicopter adventure from elegant Victoria to rugged Fort Nelson, from the ski slopes of Whistler to the sun-drenched Okanagan shores, from the razor spine of Mount Robson to the primeval coast of the Queen Charlotte Islands.",
    "genres" : [ {
      "id" : 99,
      "name" : "Documentary"
    } ]
  }, {
    "id" : 76118,
    "title" : "King Billy Cokebottle 13: Black Magic",
    "overview" : "\"Black Magic\" is the 1st ever DVD release from King Billy Cokebottle. As expected this compilation is packed full of King Billy's latest jokes that are sure to cause offence to countless people and also provide a laugh or two! Recorded in July 2003 @ The Dalrymple Hotel in Townsville and based around the comedy of the album of the same name, \"Black Magic\" offers almost an hour of laughs on this classic comedy DVD",
    "genres" : [ {
      "id" : 35,
      "name" : "Comedy"
    } ]
  }, {
    "id" : 76123,
    "title" : "The Haunted Pumpkin of Sleepy Hollow",
    "overview" : "It's Halloween, and friends Nick and Kate are on a mission to find the biggest and best pumpkin in the patch. Unfortunately, the pumpkin thy chose is haunted by the ghost of the Headless Horseman...and he wants his head back! Aided by the skittish spirit Nathaniel, the two kids have to keep the Headless Horseman from getting his pumpkin head back before midnight. Inspired by the classic Washington Irving tale, \"The Legend of Sleepy Hollow\", the whole town of Sleepy Hollow gets involved in the exciting and thrilling race towards midnig",
    "genres" : [ {
      "id" : 10751,
      "name" : "Family"
    } ]
  }, {
    "id" : 76128,
    "title" : "La Vie dissolue de Gérard Floque",
    "overview" : "",
    "genres" : [ {
      "id" : 35,
      "name" : "Comedy"
    } ]
  }, {
    "id" : 76133,
    "title" : "Slipknot: Rock In Rio 2011",
    "overview" : "Slipknot at Cidade do Rock, Rio de Janeiro, Brazil on September 25, 2011. Setlist: (sic) / Eyeless / Wait and Bleed / The Blister Exists / Liberate / Before I Forget / Pulse of the Maggots / Disasterpiece / Psychosocial / The Heretic Anthem / Duality / Spit It Out / People = Shit / Surfacing",
    "genres" : [ {
      "id" : 10402,
      "name" : "Music"
    } ]
  }, {
    "id" : 76138,
    "title" : "Love Summer",
    "overview" : "A group of teenagers set out to fulfill the meaning of their lives. They meet by chance, become friends, and fall in love.",
    "genres" : [ {
      "id" : 35,
      "name" : "Comedy"
    }, {
      "id" : 10749,
      "name" : "Romance"
    } ]
  }, {
    "id" : 76143,
    "title" : "Pirates of the Lake",
    "overview" : "It is the first day of the summer vacation. Jojje, Jerker and Fabian wants to borrow a sailing boat to take a boat trip so they steal it. They plan to examine all of Lake Maelaren, but a storm breaks out and the boat sinks. They go ashore, steal food and a new boat. While everybody else believes them to be dead, they have a wonderful time. They meet a crazy Count and find a dead body.",
    "genres" : [ {
      "id" : 12,
      "name" : "Adventure"
    } ]
  }, {
    "id" : 76148,
    "title" : "Room to Rent",
    "overview" : "Ali is a young Egyptian screenwriter determined to succeed in London, where he has been a student. He loves the artistic and political freedom, the colours, the music, the individualism. But he has little money, his student visa is about to expire and he has been thrown out of his lodgings. And so Ali moves in with a succession of eccentric and colourful London flatmates: Mark, a photographer with a very individual style, Linda, a young, blonde, very sexy model and Marilyn Monroe impersonator, and Miss Stevenson who is convinced that Ali is the reincarnation of her long dead Egyptian lover.",
    "genres" : [ {
      "id" : 35,
      "name" : "Comedy"
    } ]
  }, {
    "id" : 76163,
    "title" : "The Expendables 2",
    "overview" : "Mr. Church reunites the Expendables for what should be an easy paycheck, but when one of their men is murdered on the job, their quest for revenge puts them deep in enemy territory and up against an unexpected threat.",
    "genres" : [ {
      "id" : 28,
      "name" : "Action"
    }, {
      "id" : 12,
      "name" : "Adventure"
    }, {
      "id" : 53,
      "name" : "Thriller"
    } ]
  }, {
    "id" : 76168,
    "title" : "The Demon Murder Case",
    "overview" : "A young boy is taken over by demons who force him to commit murder.",
    "genres" : [ {
      "id" : 10770,
      "name" : "TV Movie"
    }, {
      "id" : 27,
      "name" : "Horror"
    } ]
  }, {
    "id" : 76178,
    "title" : "Terrorists, Killers and Middle-East Wackos",
    "overview" : "The makers of the world's most controversial video series have done it again. Guaranteed the world's gnarliest hardcore video in existence, these graphic and shocking images might be the sickest ever put to film. You'll see smuggled video of Iraqi executions, firing squads, amputations, suicide bombings, gangland slayings, knife fights, animal maulings,  hostage killings, and terror attacks. Witness first hand the scary truth about the world in which we live.",
    "genres" : [ {
      "id" : 99,
      "name" : "Documentary"
    } ]
  }, {
    "id" : 76183,
    "title" : "Here We Are Waiting for You",
    "overview" : "A fascinating and poetical collage of countless images from the 20th century with the purpose of revealing matters of life and death during the era and its many social, cultural and political transformations, with the director making several statements on several issues, combining fact and fiction to compose his powerful mosaic of images along with the magnificent music of Wim Mertens. A true work of art that dares to make several questions about the human condition, its contradictions and ironies.",
    "genres" : [ {
      "id" : 99,
      "name" : "Documentary"
    } ]
  }, {
    "id" : 76198,
    "title" : "The Slap",
    "overview" : "A Parisian teacher (Lino Ventura) loses his cool when his teenage daughter tells him she plans to drop out of school and move in with her boyfriend.",
    "genres" : [ {
      "id" : 10769,
      "name" : "Foreign"
    }, {
      "id" : 35,
      "name" : "Comedy"
    }, {
      "id" : 18,
      "name" : "Drama"
    }, {
      "id" : 10749,
      "name" : "Romance"
    } ]
  }, {
    "id" : 76203,
    "title" : "12 Years a Slave",
    "overview" : "In the pre-Civil War United States, Solomon Northup, a free black man from upstate New York, is abducted and sold into slavery. Facing cruelty as well as unexpected kindnesses Solomon struggles not only to stay alive, but to retain his dignity. In the twelfth year of his unforgettable odyssey, Solomon’s chance meeting with a Canadian abolitionist will forever alter his life.",
    "genres" : [ {
      "id" : 18,
      "name" : "Drama"
    }, {
      "id" : 36,
      "name" : "History"
    } ]
  }, {
    "id" : 76208,
    "title" : "Red Bull Vertigo",
    "overview" : "For two weeks in 2006, the quiet town of Villeneuve by Lake Geneva went crazy for hang-gliding, when the best aerobats in the world turned up, took off and spun out.",
    "genres" : [ ]
  }, {
    "id" : 76233,
    "title" : "I Wonder Who's Killing Her Now?",
    "overview" : "Oliver is in trouble. He's been caught embezzling money from his father's company, and unless he can pay back the $250,000 he took (which he can't), he will be fired from his job, arrested and probably sent to jail. Meanwhile, his rich wife has not only refused to bail him out of this mess, she's planning to divorce him. Desperate, Oliver thinks up a way out. He takes out an insurance policy on his wife with him as the beneficiary, then hires a hit man to kill her. The only problem is that because the doctor who performed the examination is an incompetent fraud, the insurance policy is invalid. Desperate to call off the hit, Oliver tracks down the hit man, only to find that he's subcontracted the killing to another hit man. Tracking down that killer reveals that he, too, has hired it out to a third person, and so on, and so on. Just how many people are trying to kill Oliver's wife?",
    "genres" : [ {
      "id" : 35,
      "name" : "Comedy"
    } ]
  }, {
    "id" : 76238,
    "title" : "Struggle on the Nile",
    "overview" : "Naïve young Muhasab is asked to accompany his more dependable friend, Mujahed, on a voyage up the Nile to Cairo. Once there, they will sell their boat, the \"Bride of the Nile,\" in order to buy a barge that will make their village elders more competitive in business and trade. But a ruthless business rival is determined to see that the men never reach Cairo. Matters become even more complicated when Nargis, a scheming carnival dancer, is discovered hiding out in the cargo hold of the \"Bride of the Nile.\"",
    "genres" : [ {
      "id" : 10749,
      "name" : "Romance"
    }, {
      "id" : 18,
      "name" : "Drama"
    } ]
  }, {
    "id" : 76243,
    "title" : "Treasure Island Kids: The Monster of Treasure Island",
    "overview" : "Part two of the Treasure Island Kids Series follows Charlie, a rebellious teenager sent to summer camp by his parents. This is not any old summer camp, this is the real Island.",
    "genres" : [ {
      "id" : 12,
      "name" : "Adventure"
    }, {
      "id" : 10751,
      "name" : "Family"
    } ]
  }, {
    "id" : 76248,
    "title" : "The Master of Taiga",
    "overview" : "After the robbery of a store, detective Snezhkin suspects one of the drafters working at a saw mill. It starts a mental duel between two strong personalities.",
    "genres" : [ {
      "id" : 9648,
      "name" : "Mystery"
    }, {
      "id" : 18,
      "name" : "Drama"
    }, {
      "id" : 80,
      "name" : "Crime"
    } ]
  }, {
    "id" : 76253,
    "title" : "Smugglarkungen",
    "overview" : "It's the early 20s, just after World War I. In Sweden, restrictions on alcohol are harder than most people like and so, smuggling is abundant. In this particular little town, smuggling is ruled by one man, who is the king of smugglers. The smugglers who work for him don't get to keep much of the profit themselves, but if they don't work for him, they get in trouble, which his henchmen make sure. However, Albert Jansson arrives in town and starts taking up the competition with the smuggler king. Meanwhile, the police, together the customs office, try to catch the smugglers.",
    "genres" : [ {
      "id" : 35,
      "name" : "Comedy"
    }, {
      "id" : 80,
      "name" : "Crime"
    }, {
      "id" : 10749,
      "name" : "Romance"
    } ]
  }, {
    "id" : 76258,
    "title" : "Plunder of the Sun",
    "overview" : "An American insurance adjuster, stranded in Havana, becomes involved with an archaeologist and a collector of antiquities in a hunt for treasure in the Mexican ruins of Zapoteca.",
    "genres" : [ {
      "id" : 28,
      "name" : "Action"
    }, {
      "id" : 12,
      "name" : "Adventure"
    }, {
      "id" : 18,
      "name" : "Drama"
    } ]
  }, {
    "id" : 76263,
    "title" : "Thomas & Friends: Misty Island Rescue",
    "overview" : "The engines are hard at work to build the new Sodor Search and Rescue Center. When Thomas helps a friend in need, he is rewarded with an exciting trip to the Mainland. Along the way, he gets lost at sea and finds himself on the mysterious Misty Island, where he meets new friends Bash, Dash, and Ferdinand. Together they try to help Thomas find his way home. Will Sir Topham Hatt's search party ever find Thomas? Find out in in this action-packed movie adventure the whole family will enjoy!!",
    "genres" : [ {
      "id" : 16,
      "name" : "Animation"
    }, {
      "id" : 10751,
      "name" : "Family"
    } ]
  }, {
    "id" : 76268,
    "title" : "My Son",
    "overview" : "Julien and his mum care for each other very much. But Julien has committed a deadly sin: he is growing into a teenager! Worse, he has found himself a girlfriend of his age. \"Mummy\" is not going to tolerate such an ignominy. Julien is HER baby and will remain HERS for ever, encouraged in her \"crusade\" by her bovine husband and barely thwarted by the more courageous interventions of Suzanne, Julien's sympathetic big sister.",
    "genres" : [ {
      "id" : 18,
      "name" : "Drama"
    } ]
  }, {
    "id" : 76283,
    "title" : "Your Cheatin' Heart",
    "overview" : "The story of the country and western singer Hank Williams.",
    "genres" : [ {
      "id" : 18,
      "name" : "Drama"
    }, {
      "id" : 10402,
      "name" : "Music"
    } ]
  }, {
    "id" : 76288,
    "title" : "Moi vouloir toi",
    "overview" : "",
    "genres" : [ {
      "id" : 35,
      "name" : "Comedy"
    }, {
      "id" : 18,
      "name" : "Drama"
    }, {
      "id" : 10749,
      "name" : "Romance"
    } ]
  }, {
    "id" : 76293,
    "title" : "The Valiant Ones",
    "overview" : "A righteous husband-and-wife swordfighting duo struggle to protect China from the machinations of Japanese pirates and corrupt officials.",
    "genres" : [ {
      "id" : 12,
      "name" : "Adventure"
    }, {
      "id" : 28,
      "name" : "Action"
    } ]
  }, {
    "id" : 76298,
    "title" : "John Farnham: Full House",
    "overview" : "Full House is a live compilation album by Australian singer John Farnham. The album was released in Australia on 4 November 1991, and is the first live album by Farnham since his comeback via the 1986 release of the seminal, Whispering Jack. The album contains live tracks recorded during Farnham's 1987 \"Jack's Back Tour,\" 1989 \"Age Of Reason Tour\" and the 1990 \"Chain Reaction Tour.\"",
    "genres" : [ ]
  }, {
    "id" : 76318,
    "title" : "The War of 1812",
    "overview" : "The War 1812 is a two-hour film history of a deeply significant event in North American and world history. The war shaped American, Canadian and British destiny in the most literal way possible: had one or two battles or decisions gone a different way, a map of the United States today would look entirely (and shockingly) different. The fires of this war forged the nation of Canada; at the same time, the result tolled the end of Native American dreams of a separate nation. By war's end, the process of Native nation removal had already begun in the southeast, paving the way for a Cotton Kingdom powered by slavery, and a United States that had been on the verge of collapse was ready to announce its arrival as a global power. The U.S. did not win the War of 1812, but the noble experiment of democracy had managed to survive intense pressure from without, and within.",
    "genres" : [ {
      "id" : 99,
      "name" : "Documentary"
    }, {
      "id" : 36,
      "name" : "History"
    }, {
      "id" : 10752,
      "name" : "War"
    } ]
  }, {
    "id" : 76323,
    "title" : "Eye of the Eagle",
    "overview" : "In 1218 Danish king Valdemar sends his homonymous young son and heir in safety, as war is at the borders, to Erskil, the bishop of Ravensburg, who is instructed to see to the prince's education. Alas the bishop is the brain of a conspiracy to seize the crown for himself, as most of the nobles are dissatisfied with the endless wars that bring them no profit. The prince and kitchen-boy Aske accidentally fall out of the castle and overhear the conspirators, but are seen and pursued by the men of the One-eyed Man, a feared mercenary who is in the conspiracy to take mortal revenge on the king for leaving him behind on a battlefield where he lost an eye which was eaten by an eagle, which he tamed and now shares his sight with. Written by KGF Vissers",
    "genres" : [ {
      "id" : 12,
      "name" : "Adventure"
    }, {
      "id" : 36,
      "name" : "History"
    }, {
      "id" : 18,
      "name" : "Drama"
    }, {
      "id" : 10751,
      "name" : "Family"
    } ]
  }, {
    "id" : 76328,
    "title" : "Tiramisu",
    "overview" : "Bookkeeper Jacob newest client is the talented and flamboyant actress Anne. They first meet each other on her houseboat, the morning after the premiere of Anne's new theatrical play. Jacob soon discovers that Anne has made a mess of her personal finances and that she has several debts. She may even have to sell her houseboat. Anne gets into a blind panic as she definitely has no intention to sell the boat where she has so many memories. Jacob becomes fascinated about Anne's world and is not concerned anymore with his own personal life and wife. Anne is trying to get money and is convinced that Jacob can save her financial mess. Despite Anne's plans and efforts, the boat must be sold by auction. During the evening of the auction, Anne has organized a big good-bye dinner and has invited all her colleagues and friend on the boat. When Jacob is about to inform Anne about how he wants to save Anne's houseboat (he has bought it himself for her), she comes up with a totally different plan..",
    "genres" : [ {
      "id" : 18,
      "name" : "Drama"
    }, {
      "id" : 10769,
      "name" : "Foreign"
    }, {
      "id" : 9648,
      "name" : "Mystery"
    } ]
  }, {
    "id" : 76333,
    "title" : "Extraterrestrial",
    "overview" : "Everyone knows what to do if one morning the sky would be absolutely full of UFOs: run as fast as you can. However, what would happen if the invasion started while you are in the flat of the girl of your dreams, the one you have just met?",
    "genres" : [ {
      "id" : 878,
      "name" : "Science Fiction"
    }, {
      "id" : 18,
      "name" : "Drama"
    }, {
      "id" : 35,
      "name" : "Comedy"
    } ]
  }, {
    "id" : 76338,
    "title" : "Thor: The Dark World",
    "overview" : "Thor fights to restore order across the cosmos… but an ancient race led by the vengeful Malekith returns to plunge the universe back into darkness. Faced with an enemy that even Odin and Asgard cannot withstand, Thor must embark on his most perilous and personal journey yet, one that will reunite him with Jane Foster and force him to sacrifice everything to save us all.",
    "genres" : [ {
      "id" : 28,
      "name" : "Action"
    }, {
      "id" : 12,
      "name" : "Adventure"
    }, {
      "id" : 14,
      "name" : "Fantasy"
    } ]
  }, {
    "id" : 76343,
    "title" : "Dirty Oil",
    "overview" : "Deep behind-the-scenes into the strip-mined world of Alberta, Canada, where the vast and toxic Tar Sands deposit supplies the U.S. with the majority of its oil. Through the eyes of scientists, 'big oil' officials, politicians, doctors, environmentalists, and aboriginal citizens directly impacted by 'the largest industrial project on the planet today,' the filmmakers journey to both sides of the border to see the emotional and irreversible toll this 'black gold rush' fueled by America's addiction to oil is taking on our planet.",
    "genres" : [ {
      "id" : 99,
      "name" : "Documentary"
    } ]
  }, {
    "id" : 76348,
    "title" : "Us Two",
    "overview" : "Françoise has gone into business seducing men whose wives want to divorce them, and who need incriminating evidence against them. In addition, she has a little blackmail operation going on on the side with politicians who can't afford a scandal. She got started on this business after she was raped, and hasn't looked back since. Now the police are on her trail, and she avails herself of the services of a couple who make a profession of hiding wanted criminals. At the hideout, she meets Simon, a second-generation mobster. As the police close in, Françoise and Simon go on the run together, pulling off occasional heists for operating money. Before long, they have also fallen in love.",
    "genres" : [ {
      "id" : 18,
      "name" : "Drama"
    } ]
  }, {
    "id" : 76353,
    "title" : "Underkastelsen",
    "overview" : "Documentary in which director Stefan Jarl has a blood test performed on himself to show the \"chemical burden\" of trace chemicals in the blood of all people born since World War II.",
    "genres" : [ {
      "id" : 99,
      "name" : "Documentary"
    } ]
  }, {
    "id" : 76363,
    "title" : "Lee Marvin: A Personal Portrait by John Boorman",
    "overview" : "John Boorman met Lee Marvin in London when the latter was making The Dirty Dozen and immediately they struck up a friendship. Shortly afterwards they made two films together, the first of which was Point Blank, during which Boorman found that he learnt a lot about screen acting and how to direct from the contributions and support from Marvin. Later they worked together on Hell in the Pacific. With his friendship providing an insightful collection of memories of Marvin, Boorman leads this intimate documentary on the life of Lee Marvin.",
    "genres" : [ ]
  }, {
    "id" : 76373,
    "title" : "Escaladies 2",
    "overview" : "The naughty Latina sisters are doing their dirty deeds again, but this time, the lusty battle to control Selena's desires blazes to a sultry peak. Pristine Ann Marie Rios and slutty Ariella Ferrera vie for their baby sister, Selena, wanting to turn her into a virginal angel or a wild sex demon. Tempted by both sides of her erupting passions, Selena indulges in whorish acts in the shadows of Ariella's twisted lifestyle. Ann Marie takes her husband by the balls, giving him the final, nasty ultimatum before grabbing back control of her own tawdry desires.",
    "genres" : [ ]
  }, {
    "id" : 76378,
    "title" : "Yesenia",
    "overview" : "A beautiful gypsy named Yesenia has no set path in life. During a caravan trip she meets Osvaldo who is enrolled in the militia, they both fall in love despite their differences and social prejudices.",
    "genres" : [ {
      "id" : 10749,
      "name" : "Romance"
    }, {
      "id" : 18,
      "name" : "Drama"
    } ]
  }, {
    "id" : 76383,
    "title" : "Coyote County Loser",
    "overview" : "In the lonely American Southwest, life is slow for the desert inhabitants of Coyote County. Although it reflects the diversity and pride of the Coyote County residents, local talk radio station K-RAP struggles financially, withering like a tumbleweed on its way to oblivion. Meanwhile, a rising radio personality from Los Angeles reluctantly drives through the hot desert toward Coyote County. His name is Jack Proctor. Upon visiting K-RAP, Jack meets the motley crew that works to keep the place running. These odd but charming individuals are a snapshot representation of the population living in this desert region. Jack meets Mr. Sanchez, the \"maintenance engineer\" and host of a \"fix it\" show; Raymond, the former-military accountant and host of an alien and paranormal phenomena talk show; Doyle, the sound engineer and host of a technology \"geek\" show; Mrs. Hopps...",
    "genres" : [ {
      "id" : 35,
      "name" : "Comedy"
    }, {
      "id" : 10749,
      "name" : "Romance"
    } ]
  }, {
    "id" : 76388,
    "title" : "Tea in the Harem",
    "overview" : "The story of two youths - one Algerian, one French - who become juvenile delinquents in a Paris suburb.",
    "genres" : [ {
      "id" : 18,
      "name" : "Drama"
    } ]
  }, {
    "id" : 76393,
    "title" : "Peter: A Study for a Portrait of a Serial Killer",
    "overview" : "Peter: A Study for a Portrait of a Serial Killer is a feature film that delivers uncompromising performances and rare, shocking archive to reveal for the first time ever the astonishing true story of The Yorkshire Ripper. Exploring his childhood, the sadistic murders of 13 women and his ongoing psychological treatment, the audience journey into the dark and twisted mind of Britain s most notorious serial killer. Psychiatrists say he is a dangerous paranoid schizophrenic, many think he is simply evil; this film challenges the audience to make up their own mind.",
    "genres" : [ {
      "id" : 18,
      "name" : "Drama"
    } ]
  }, {
    "id" : 76398,
    "title" : "The Hunt for Tony Blair",
    "overview" : "The Comic Strip team return for a special 50s-style 'fugitive' film noir spoof. The 60-minute film, penned by Peter Richardson and Pete Richens, follows Prime Minister Tony Blair (Stephen Mangan), wanted for murder and on the run. Escaping from Number 10 and leaving behind his adoring wife Cherie (Catherine Shepherd), Tony vows to clear his name no matter what the consequences.",
    "genres" : [ {
      "id" : 35,
      "name" : "Comedy"
    }, {
      "id" : 53,
      "name" : "Thriller"
    } ]
  }, {
    "id" : 76403,
    "title" : "DNA",
    "overview" : "DNA is a 1997 American science fiction action film starring Mark Dacascos and Jürgen Prochnow, and directed by William Mesa. Filming took place in the Philippines. The film was retitled ADN - La menace for its French DVD release, and Scarabée for its television showing.An evil scientist's DNA experiment on the bones of a mysterious jungle creature brings the carnivorous beast to life.",
    "genres" : [ {
      "id" : 27,
      "name" : "Horror"
    }, {
      "id" : 53,
      "name" : "Thriller"
    }, {
      "id" : 878,
      "name" : "Science Fiction"
    } ]
  }, {
    "id" : 76408,
    "title" : "Chewin' the Fat Live",
    "overview" : "The stars of Scotland's \"Chewin' the Fat\" take to the stage in this play adaptation, recorded live at the Kings Theater, Glasgow. It is a hysterical and sometimes bitter sweet tale which appeals to people of all ages (as long as they are over 18). The jokes and funny observations come thick and fast and although they will appeal more to Scottish people there is something for everyone as the story tells of the hopes and fears of a group of pensioners, wondering what they are doing with their lives and if they are \"still game\" for anything. The cast are exceptional and you find it difficult to believe that not one of them is over pension age. The comic timing is wonderful and the dialogue fantastic. If you are not near to tears of laughter you must be dead already. However what really surprises is the fact that one second you are laughing and the next with one line of dialogue you are near to tears of sadness.",
    "genres" : [ ]
  }, {
    "id" : 76413,
    "title" : "No Deal",
    "overview" : "Mark can't believe his luck when he finds himself back at Cassie's place, after just meeting at a party earlier in the night. As everything seems to be going his way and the bedroom begins to quickly \"heat up\", Mark unfortunately learns that Cassie doesn't live alone. When her roommate Kygan enters the picture, Mark starts to realize that it's gonna take a lot more than a little game to close this deal.",
    "genres" : [ {
      "id" : 35,
      "name" : "Comedy"
    }, {
      "id" : 10749,
      "name" : "Romance"
    } ]
  }, {
    "id" : 76418,
    "title" : "Spaceways",
    "overview" : "The test launch for the first inter-planetary research station goes wrong when the satellite station is inadvertently set up instead of returning to earth. Two people attached to the secret project are missing, presumed murdered, and all suspicions fall on the cuckold husband, the scientist responsible for the lack of fuel aboard the rocket. The theory is he murdered his wife and her lover, depositing the bodies on the errant rocket. Desperate to prove his innocence he volunteers for the next mission to link up with the satellite and clear his name.",
    "genres" : [ {
      "id" : 878,
      "name" : "Science Fiction"
    } ]
  }, {
    "id" : 76423,
    "title" : "Elemagika",
    "overview" : "Paddle Pop Lions first full length feature film",
    "genres" : [ ]
  }, {
    "id" : 76428,
    "title" : "Standing Sleeping Tree",
    "overview" : "There is a man who you want to protect. There is a brave firefighter Goo-sang, wife Soon-yeong, who loves Goo-sang so much, their daughter Seul-gi, and Seok-woo, who Goo-sang trusts like a blood brother. Goo-sang and Seok-woo have their own secrets. Goo-sang has incurable disease and Seok-woo loves Goo-sang’s wife. Goo-sang, who noticed Seok-woo’s love toward Soon-yeong, tells Seok-woo that if he dies during the surgery, please take care of Goo-sang’s family. After Goo-sang’s shocking confession, unexpectedly huge fire broke out on the birthday of Seul-gi. Goo-sang and Seok-woo run toward the fire to extinguish it...",
    "genres" : [ {
      "id" : 10749,
      "name" : "Romance"
    }, {
      "id" : 18,
      "name" : "Drama"
    } ]
  }, {
    "id" : 76433,
    "title" : "Ma-ma",
    "overview" : "The first story is about a mother who devotes her life to taking care of her son, who suffers from a chronic disease. When the son, who can barely walk, realizes his mother has also fallen ill, he decides to care for her as she has done for him. The second story depicts the troubled relationship between a mother and daughter. The mother, the top soprano in the nation, is far from a typical devoted Korean mother and always wants to be pampered. Her daughter, a high school dropout whose experience has been the opposite of her mother’s, works as her manager. The two are always fighting and struggle to find a way to navigate their relationship. The third episode centers upon a gangster. When he hears that his mother has been diagnosed with breast cancer, he strives to fulfill his mother’s wish to reunite with her first love before she dies.",
    "genres" : [ {
      "id" : 18,
      "name" : "Drama"
    } ]
  }, {
    "id" : 76438,
    "title" : "Racketeer",
    "overview" : "Story of a man named Sayan, that had to live through harsh 1990's and make tough decisions.",
    "genres" : [ {
      "id" : 80,
      "name" : "Crime"
    }, {
      "id" : 18,
      "name" : "Drama"
    }, {
      "id" : 28,
      "name" : "Action"
    } ]
  }, {
    "id" : 76443,
    "title" : "Gypsy",
    "overview" : "An orphan, Josefa, runs away from her threatening uncle with whom she is living, and stows away on traveller Fændrik's boat. She is no better off with him, however, as he forces himself on her and makes her steal and beg for a living. Meanwhile Fændrik's sister, who has been left penniless on shore by her deceitful brother, joins forces with Josefa's fiancé, Oscar, in a search for the missing pair.",
    "genres" : [ ]
  }, {
    "id" : 76448,
    "title" : "Shetlandsgjengen",
    "overview" : "\"Shetlandsgjengen\", which translates as \"the Shetland-gang\", relates the true story of the illegal traffic across the North Sea from German occupied Norway to Shetland during World War II. A small group of Norwegian sailors loosely connected to the British navy take refugees from Norway to Shetland in small fishing-boats, equipped only with low-caliber weapons to protect themselves from German airplanes and patrol-boats. The film is closely based on real events, and many of the members of the gang, including the leader, called \"Shetlands-Larsen\" play themselves.",
    "genres" : [ ]
  }, {
    "id" : 76453,
    "title" : "I Love Périgord",
    "overview" : "",
    "genres" : [ ]
  }, {
    "id" : 76458,
    "title" : "Little Lise",
    "overview" : "A man carries his dead wife to the trunk of a car in front of their 4-year-old daughter. All together they drive to a lake far into the forest, where the father plans to dump the body and end the lives of himself and his daughter. However, everything is not what it seems...",
    "genres" : [ {
      "id" : 18,
      "name" : "Drama"
    }, {
      "id" : 27,
      "name" : "Horror"
    }, {
      "id" : 10751,
      "name" : "Family"
    } ]
  }, {
    "id" : 76463,
    "title" : "Black Blooded Brides of Satan",
    "overview" : "Black Blooded Brides of Satan - Grim, oppressive an in part even more realistic horror movie whose world in strung on modern devils worship, anguish, agony and dark discomfort from where there is no escape. Linda is a student from a well-off family and her parents have high expectations and put a lot of pressure on her to succeed. Too high pressure and expectations cause some rebellion in the young woman, however, and lead by her friend Linda drifts into the dark and twisted world of Satans worship - To the clutches of charismatic Master, to rituals where truth and nightmares mix and to the vertigo of self-destruction",
    "genres" : [ {
      "id" : 27,
      "name" : "Horror"
    } ]
  }, {
    "id" : 76468,
    "title" : "Adam",
    "overview" : "After their child is abducted, John and Reve Walsh are trying to find him. But, shortly after that, Adam is found dead.",
    "genres" : [ {
      "id" : 18,
      "name" : "Drama"
    } ]
  }, {
    "id" : 76473,
    "title" : "Настоятель",
    "overview" : "",
    "genres" : [ {
      "id" : 28,
      "name" : "Action"
    }, {
      "id" : 80,
      "name" : "Crime"
    } ]
  }, {
    "id" : 76483,
    "title" : "Murder on a Honeymoon",
    "overview" : "A schoolteacher and amateur sleuth suspects foul play when a fellow passenger on a sea-plane gets sick and dies. The third and last film with Edna May Oliver and James Gleason as the astute schoolteacher Hildegarde Withers and the New York Police Inspector Oscar Piper busy solving crimes. Based on a series of crime novels by Stuart Palmer.",
    "genres" : [ {
      "id" : 9648,
      "name" : "Mystery"
    }, {
      "id" : 35,
      "name" : "Comedy"
    } ]
  }, {
    "id" : 76488,
    "title" : "The Agency 2: Hunt for the Cure",
    "overview" : "In the second installment of the \"Agency Trilogy\". The virus has been released. The C.I.A. is scrambling to stop the spreading of the infection. Now, they must hunt down the founder of the cure and bring him to justice before it is to late. New allies, and new villains.",
    "genres" : [ ]
  }, {
    "id" : 76493,
    "title" : "The Dictator",
    "overview" : "The heroic story of a dictator who risks his life to ensure that democracy would never come to the country he so lovingly oppressed.",
    "genres" : [ {
      "id" : 35,
      "name" : "Comedy"
    } ]
  }, {
    "id" : 76498,
    "title" : "Heartworn Highways",
    "overview" : "This film is about the \"outlaw\" country music movement of the 70s, when artists rejected the glossy, strings filled Nashville sound and made poignant, gritty music. Guy Clark, David Allen Coe, Charlie Daniels and more are featured. Townes Van Zandt really steals the show, though. Out in his ratty trailer he's shown drinking whiskey and shooting bb guns. He sits down in the kitchen and plays some songs for his girlfriend and his elderly black neighbor, Uncle Seymour Washington (whose interactions with Townes are amazing) and plays some of the most amazing music you'll ever hear. There are also some great scenes of a little local ensemble playing in a bar. This is a must-see film for fans of Real Country Music™.",
    "genres" : [ {
      "id" : 99,
      "name" : "Documentary"
    }, {
      "id" : 10402,
      "name" : "Music"
    } ]
  }, {
    "id" : 76503,
    "title" : "The Three Musketeers",
    "overview" : "",
    "genres" : [ {
      "id" : 12,
      "name" : "Adventure"
    } ]
  }, {
    "id" : 76508,
    "title" : "Selena Rose: Prom",
    "overview" : "Beautiful Selena Rose can't wait to lose her virginity, but her dream is to go all the way on the night of her senior prom. She talks her two best friends into losing theirs too, only time is running out and they don't want to lose it to the 'lame' high school boys! They devise a lusty plan to go after the sexiest teachers at the school, but getting their attention is not easy. Each hot, horny girl comes up with a naughty idea to seduce the right one and get him to deflower her. Prom night assures a banging time for these wild teens!",
    "genres" : [ ]
  }, {
    "id" : 76518,
    "title" : "Bez Muzhchin",
    "overview" : "Пассажиры вечернего рейса пристегнули ремни и приготовились к взлету.Но полет отложили до утра. Пассажиры отстегнули ремни и вышли из аэропорта. Под светом фонаря поблескивали капли косого дождя. В луже отразились два женских силуэта. Две женщины, две случайные попутчицы отправились в путешествие длиной в московскую ночь…Они меняют машины и настроение, мчатся по кольцевым и бульварам, смеются и плачут. Кажется, они могут позволить себе все в эту странную ночь, словно выпавшую из реальной жизни. Они могут все: страдать, любить, ненавидеть. Они не могут только одного — разойтись. Ими движет одна идея, одна мысль, одна страсть, и имя ее МУЖЧИНА.",
    "genres" : [ ]
  }, {
    "id" : 76523,
    "title" : "White Lotus Cult",
    "overview" : "Something like a jumbled, back-to-front version of Tai Chi Master and Fong Sai Yuk. Shifting focus on at least ten major characters makes whatever story there is hard to follow. But there's brother against brother, conflicts of loyalty, even disappointment in love. San (always good guy) is disappointed in his brother Kuang's (weak character) decision to join the Cult, and how the power has corrupted him. Chin Chen (good guy) resists his brother Chan's efforts to obtain the Classics. Chan tortures Chin by mistaking him for a pincushion then, with the help of his cranky but skilled old flame Hung and his daughter Tien, Chin trains San in the Classics, to fight Chan.",
    "genres" : [ {
      "id" : 28,
      "name" : "Action"
    } ]
  }, {
    "id" : 76533,
    "title" : "By the Sea",
    "overview" : "A crusty old General leads his dotty family on a relaxing weekend at the seaside, and comic chaos ensues.",
    "genres" : [ {
      "id" : 35,
      "name" : "Comedy"
    }, {
      "id" : 10749,
      "name" : "Romance"
    } ]
  }, {
    "id" : 76543,
    "title" : "Tyrannosaur",
    "overview" : "The story of Joseph a man plagued by violence and a rage that is driving him to self-destruction. As Joseph's life spirals into turmoil a chance of redemption appears in the form of Hannah, a Christian charity shop worker. Their relationship develops to reveal that Hannah is hiding a secret of her own with devastating results on both of their lives.",
    "genres" : [ {
      "id" : 18,
      "name" : "Drama"
    }, {
      "id" : 10749,
      "name" : "Romance"
    } ]
  } ]
}