{
  "movies" : [ {
    "id" : 363908,
    "title" : "Arcade Fire - Coachella Music and Arts Festival",
    "overview" : "Arcade Fire - Coachella Music and Arts Festival",
    "genres" : [ {
      "id" : 10402,
      "name" : "Music"
    } ]
  }, {
    "id" : 363913,
    "title" : "Morderen uten ansikt",
    "overview" : "",
    "genres" : [ {
      "id" : 80,
      "name" : "Crime"
    } ]
  }, {
    "id" : 363923,
    "title" : "LIAF Animated Shorts Special - September 2015",
    "overview" : "A compilation of shorts from the London International Animation Festival.  The LIAF proudly showcases the whole spectrum of creative animation, showing that animation is for everyone. Founded in 2003, LIAF aims to dispel the popular misconception that animation is just cartoons for kids by screening the broadest possible range of intelligent, entertaining and provocative current films on offer from all around the world as well as retrospectives and specialised sessions from countries and animators who don't normally elicit such attention.",
    "genres" : [ ]
  }, {
    "id" : 363928,
    "title" : "Kiss 2348/72",
    "overview" : "Factory workers get fired for kissing during work hours",
    "genres" : [ ]
  }, {
    "id" : 363933,
    "title" : "Tits and Tattoos",
    "overview" : "These busty, tattooed beauties are so wild, you'll blow your load as soon as they stuff that hard cock of yours inside!",
    "genres" : [ ]
  }, {
    "id" : 363938,
    "title" : "Shaun the Sheep - One Giant Leap for Lambkind",
    "overview" : "Unidentified Farm Objects and paranormal sightings are the norm with Shaun the Sheep and his barnyard buddies Bitzer, Shirley, and Timmy, as they encounter more madcap mischief along with those Naughty Pigs next door.",
    "genres" : [ ]
  }, {
    "id" : 363943,
    "title" : "El Salvador: cuatro puntos cardinales",
    "overview" : "Brings together four inspiring stories from North, South, East, and West El Salvador. With a soft poetic veil, these stories portray a rich cultural, ecological and social diversity, showing a viewpoint of the country that distances itself from the accounts of violence that prevail in the Central American region.",
    "genres" : [ {
      "id" : 99,
      "name" : "Documentary"
    } ]
  }, {
    "id" : 363948,
    "title" : "Awake",
    "overview" : "\"Infidelity has made Jessy Ares and Jonathan Agassi’s relationship numb in Awake. The men escape to Mykonos and try to regain emotions for each other but as soon as they arrive, a car accident leaves Jonathan in the hospital. Jessy meets local Mitchell Rock and they explore the breathtaking island as Jessy is tempted into sexual freedom. Jessy uses Mitchell as a mirror to find out who he has become now that he is alone without Jonathan. But guilt and passion take over reality and Jessy gives in to his dark desire. It’s man against himself as he tries to escape but he has become his own game where every man around him uncovers a heightened illusion of sex. For Jessy, seduction and madness collide when he opens his eyes, Awake.\"",
    "genres" : [ ]
  }, {
    "id" : 363953,
    "title" : "Virtual Date 3: Akiya",
    "overview" : "Today is the day of the date of Akiya and perfect body!  (Player) will be your hero, please enjoy a date with Akiya!  I would have gone to the hot spring and summer festivals and Akiya this time!  Playing full blast at the festival, I saw fireworks, hot spring inn ... last.  The event also packed etch time of course!  Please spend a moment and the best Akiya ...  Let's try choose Tachi, uke, even Positions!  And training as well AKIYA! ?  After six long wear!r).",
    "genres" : [ ]
  }, {
    "id" : 363958,
    "title" : "Alcatraz: Search for the Truth",
    "overview" : "More than 50 years after three men broke out of the world's toughest penitentiary, HISTORY's 'ALCATRAZ: SEARCH FOR THE TRUTH' uncovers new leads and exclusive family secrets that may solve this country's most notorious cold case.",
    "genres" : [ {
      "id" : 99,
      "name" : "Documentary"
    } ]
  }, {
    "id" : 363968,
    "title" : "Hot Sexy Plumpers All Stars 2",
    "overview" : "Every succulent inch is sexier than the last... and there are just so many to enjoy! Get a piece, a hot and heavy piece of Delotta Brown, Kandi Kream, Amy Hunter, Samantha 38FFF Eden 38DD, Autumn East and more.",
    "genres" : [ ]
  }, {
    "id" : 363973,
    "title" : "Down On It",
    "overview" : "This movie is about a school boy from Glasgow who always talks to his friends and sit in front a computer doing work but something strange happens when he's down the corridor and he notices a spirit and some other strange things.  The movie is filmed in a college and the cast are students from the college.  The movie is about Ceingee (Rapper) but with a unreal events that didn't happen such as the spirits and strange happenings.  The film is a non-profit and budget movie, it s a freely production.",
    "genres" : [ {
      "id" : 27,
      "name" : "Horror"
    }, {
      "id" : 18,
      "name" : "Drama"
    } ]
  }, {
    "id" : 363978,
    "title" : "Ko 2",
    "overview" : "A young man kidnaps the chief minister and sends the state into a tizzy. What is his motive?",
    "genres" : [ {
      "id" : 28,
      "name" : "Action"
    }, {
      "id" : 53,
      "name" : "Thriller"
    }, {
      "id" : 10749,
      "name" : "Romance"
    } ]
  }, {
    "id" : 363983,
    "title" : "Morgengrauen",
    "overview" : "",
    "genres" : [ {
      "id" : 10749,
      "name" : "Romance"
    }, {
      "id" : 80,
      "name" : "Crime"
    }, {
      "id" : 10770,
      "name" : "TV Movie"
    } ]
  }, {
    "id" : 363988,
    "title" : "SWAT The Real Story",
    "overview" : "Actual police footage of hostage situations, high-octane chases and gun battles bring pulse-pounding drama to this documentary. The special delves into the heroics of SWAT teams, elite forces that use special weapons and tactics to take down criminals. Included: a look at training fields across America.",
    "genres" : [ ]
  }, {
    "id" : 363993,
    "title" : "La sombra vengadora contra la mano negra",
    "overview" : "Masked wrestler vs. gothic criminal gang. Third or fourth in a series.",
    "genres" : [ ]
  }, {
    "id" : 363998,
    "title" : "La visita que no tocó el timbre",
    "overview" : "Two underachieving brothers take responsibility for an abandoned baby.",
    "genres" : [ ]
  }, {
    "id" : 364003,
    "title" : "Count Dracula",
    "overview" : "Czech television production of Dracula that is very faithful to Bram Stoker's novel.",
    "genres" : [ {
      "id" : 27,
      "name" : "Horror"
    }, {
      "id" : 10770,
      "name" : "TV Movie"
    } ]
  }, {
    "id" : 364013,
    "title" : "Tower of Power: 40th Anniversary",
    "overview" : "Tower of Power's 40th Anniversary concert at The Fillmore Auditorium in San Francisco with original members and alumni. Recorder in October 2008.",
    "genres" : [ {
      "id" : 10402,
      "name" : "Music"
    } ]
  }, {
    "id" : 364018,
    "title" : "Minus 9",
    "overview" : "A collection of six vignettes based on the book \"Crimes Exemplaires\" by Max Aub.",
    "genres" : [ {
      "id" : 18,
      "name" : "Drama"
    } ]
  }, {
    "id" : 364023,
    "title" : "Pasanga 2",
    "overview" : "The frustrated parents of two hyperactive kids realise the key to unlock their kids' potential lies in them accepting the kids' exuberant nature, thanks to an understanding doctor and his teacher wife.",
    "genres" : [ {
      "id" : 35,
      "name" : "Comedy"
    }, {
      "id" : 18,
      "name" : "Drama"
    }, {
      "id" : 10751,
      "name" : "Family"
    } ]
  }, {
    "id" : 364028,
    "title" : "The Boy from Stalingrad",
    "overview" : "If J.M. Barrie had had a hand in Tarkovsky's IVAN'S CHILDHOOD, it might like something like this bizarre boys' adventure confection. Surprised by the advancing German Army while gathering wheat outside their village, a spunky band of Russian adolescents employs a combination of wits and heroic self-sacrifice to defeat a Nazi battalion, blow up a tank, and save the people of Stalingrad from imminent destruction. A rarely-seen entry in Hollywoood's brief wartime spate of pro-Soviet propaganda films, THE BOY FROM STALINGRAD stars Serbian-American child actor Bobby Samarzich, who went on to found one of Southern California's greatest tamburitza bands.",
    "genres" : [ {
      "id" : 10752,
      "name" : "War"
    }, {
      "id" : 18,
      "name" : "Drama"
    } ]
  }, {
    "id" : 364033,
    "title" : "Neber 2 Geder",
    "overview" : "Andrew and Redford do not let their skin color affect their friendship.",
    "genres" : [ {
      "id" : 35,
      "name" : "Comedy"
    } ]
  }, {
    "id" : 364038,
    "title" : "Kool Ka Lang",
    "overview" : "Karen, Helen, Joyce, Sandy and Anna are next-door neighbors. They also happen to be the closest of friends. And though they are five different girls, they have one similar problem;  their relationship with boys. They end up meeting the wrong guys who do not only break their hearts but also get them into messy situations.",
    "genres" : [ {
      "id" : 35,
      "name" : "Comedy"
    } ]
  }, {
    "id" : 364048,
    "title" : "Tatak ng Tundo",
    "overview" : "Two childhood friends choose different paths in life; one believes in the principle of law and justice and the other believes that only the ruthless survive.",
    "genres" : [ {
      "id" : 28,
      "name" : "Action"
    } ]
  }, {
    "id" : 364053,
    "title" : "Kampf der Tiger 2",
    "overview" : "",
    "genres" : [ {
      "id" : 10770,
      "name" : "TV Movie"
    }, {
      "id" : 18,
      "name" : "Drama"
    } ]
  }, {
    "id" : 364058,
    "title" : "Die Champions",
    "overview" : "",
    "genres" : [ {
      "id" : 99,
      "name" : "Documentary"
    } ]
  }, {
    "id" : 364063,
    "title" : "Padre de Familia - Algo del lado oscuro",
    "overview" : "",
    "genres" : [ {
      "id" : 28,
      "name" : "Action"
    }, {
      "id" : 16,
      "name" : "Animation"
    }, {
      "id" : 35,
      "name" : "Comedy"
    } ]
  }, {
    "id" : 364068,
    "title" : "LUXE Re:D",
    "overview" : "This is the special edition of the popular LUXE series that has ended. This special edition has been focusing on the SM. These including dump faint in agony fist, tight binding rape, compulsion semen, etc. It's going to be super erotic video for those who are into SM, seeing how Nagi, Sho, and Hikaru are being tortured and abused. The trial that got over is revealed now! Are you endured for their exclamation that wants to look away??",
    "genres" : [ ]
  }, {
    "id" : 364073,
    "title" : "Babylon 58: Innocent Blue",
    "overview" : "Teens, not accustomed to children even adults, boys and Between youth .... Will I believe what had anything to lost of those days?  Teachers and secret love of apprentices. Bad boy who witnessed the love affair. Feelings that can not be explained that sprouted in the boy's mind, irritation ....  It would be forgotten and become adults, the conflict of puberty-awakening, to draw fresh in the contest of luxury main Models.  Starring of Babylon's first appointment KAZUMA, SORA, DAICHI, Sports Council domination RACER main, and popular TAIGA other in PRECIOUS.  And woven in all four parts, a little sad Long story. Please stay tuned!",
    "genres" : [ ]
  }, {
    "id" : 364078,
    "title" : "The Boy from Geita",
    "overview" : "Adam, a young Tanzanian boy persecuted because of his albinism, finds a kindred spirit in Peter, a Canadian man with the same condition. Together they embark on an unlikely journey that transcends cultures and continents.",
    "genres" : [ {
      "id" : 18,
      "name" : "Drama"
    }, {
      "id" : 99,
      "name" : "Documentary"
    } ]
  }, {
    "id" : 364083,
    "title" : "Mi America",
    "overview" : "A hate-crime has been committed in a the small city of Braxton, N.Y. Five migrant laborers have been beaten, shot, then ditched. This will upset the delicate balance of an ethnically diverse populace.",
    "genres" : [ {
      "id" : 18,
      "name" : "Drama"
    }, {
      "id" : 80,
      "name" : "Crime"
    } ]
  }, {
    "id" : 364088,
    "title" : "Decay",
    "overview" : "Jonathan is a very lonely man. One day, he gets a visitor in his house: a young woman who, through a jarring turn of events, ends up dead. He does not report it because he is happy to have a friend, but now the body begins to decay.",
    "genres" : [ {
      "id" : 18,
      "name" : "Drama"
    }, {
      "id" : 53,
      "name" : "Thriller"
    }, {
      "id" : 27,
      "name" : "Horror"
    } ]
  }, {
    "id" : 364093,
    "title" : "The Tattoo Age - The Awareness",
    "overview" : "Tattoo has never been as popular as it is in these days! The film reveals the real reasons why messes are getting inked without knowing the consequences lying ahead in their future.",
    "genres" : [ ]
  }, {
    "id" : 364098,
    "title" : "Chilam Balam",
    "overview" : "Priest defies the gods by refusing to sacrifice his daughter. Also: conquistadores.",
    "genres" : [ ]
  }, {
    "id" : 364103,
    "title" : "Deep Love Ayu no Monogatari",
    "overview" : "Ayu, a young prostitute has lived a meaningless life until she met a young boy named Yoshiyuki. They met when an old lady who taught her the meaning of life passed away, only briefly telling her of her grandson, Yoshiyuki. Knowing that the old lady wished only to see her grandson but is unable to grant the old lady her wish, Ayu then thought that she could take care of Yoshiyuki for her. Ayu and Yoshiyuki, despite his heart problems and her dark past love each other to the fullest. However, life wasn't easy for the both of them. Yoshiyuki's father forbids their relationship and kept them away from each other. But Ayu sacrificed herself by becoming a prostitute once again to earn money for Yoshiyuki's operation and to keep her promise to the old woman who changed her life.",
    "genres" : [ ]
  }, {
    "id" : 364108,
    "title" : "Marrying Death",
    "overview" : "End of the 1930s. The times of Stalin's terror. Lieutenant Scherbakov got the order to shoot several \"enemies of the people\". Unexpectedly, a rural wedding found itself at the crime scene. Pursuant to the instruction, witnesses were also eliminated...",
    "genres" : [ {
      "id" : 53,
      "name" : "Thriller"
    }, {
      "id" : 18,
      "name" : "Drama"
    } ]
  }, {
    "id" : 364113,
    "title" : "Catalogo n. 3 - Odore di tiglio attorno alla casa",
    "overview" : "",
    "genres" : [ ]
  }, {
    "id" : 364118,
    "title" : "The Best of Everybody Loves Big Boobies",
    "overview" : "The cream of the crop from one of our all time most popular series! Four hours of star-studded adult erotica!",
    "genres" : [ ]
  }, {
    "id" : 364123,
    "title" : "Andy Kaufman Plays Carnegie Hall",
    "overview" : "Andy Kaufman's legendary sold-out Carnegie Hall performance, featuring all of Kaufman's classic routines, including Foreign Man, Elvis, conga drums, plus Andy wrestling women and even taking on a real male wrestler! Also appearing is a menagerie of Kaufman's collection of human oddities, including the infamous Tony Clifton, The Love Family (a sub-Partridge Family singing group who do a bang-up version of \"The Age of Aquarius\" complete with synchronized dance movements), Grant Bowman the \"Happy New Year Man\" (straight from Times Square, where Andy found him), \"cowgirl\" Eleanor Cody Gould and an uncredited, surprise big name guest as Andy’s grandmother. Bob Zmuda appears as Andy's referee, and at the end of the show, Andy takes the entire audience out for milk and cookies.",
    "genres" : [ ]
  }, {
    "id" : 364128,
    "title" : "Le città del mondo",
    "overview" : "",
    "genres" : [ {
      "id" : 18,
      "name" : "Drama"
    } ]
  }, {
    "id" : 364133,
    "title" : "BBW Ink",
    "overview" : "Watch these inked up BBWs suck and fuck like the rockstars they are. When it comes to being freaks and getting down and dirty, there is none better than a badass tattooed chick. Fulfill all your BBW fantasies with these meaty tattooed hotties.",
    "genres" : [ ]
  }, {
    "id" : 364138,
    "title" : "Terry and Brenda",
    "overview" : "Terry and Brenda is a dark comedy/horror about the banality of evil, starring Tim Blackwell and Debra Baker as the eponymous couple. The film is currently touring festivals and will be available to watch online in the future.",
    "genres" : [ {
      "id" : 27,
      "name" : "Horror"
    } ]
  }, {
    "id" : 364143,
    "title" : "Education, Inc.",
    "overview" : "Corporations, billionaires and free-market ideologues see dollar signs when they look at American public schools. Billions of tax dollars are being diverted away from public school children under the banner of 'school choice.' Dark money contributors are funding free-market reformers to take over local school boards and transform American public education into a business. Parents, teachers and students are fighting back across the country.",
    "genres" : [ ]
  }, {
    "id" : 364148,
    "title" : "Chasing the Light",
    "overview" : "Riggs, a down-on-his-luck screenwriter, struggles to finish a script. But failed suicide attempts, unstable friends, drug deals, and memories of his ex-girlfriend interfere.",
    "genres" : [ {
      "id" : 18,
      "name" : "Drama"
    }, {
      "id" : 35,
      "name" : "Comedy"
    } ]
  }, {
    "id" : 364153,
    "title" : "Zombie Ninjas vs Black Ops",
    "overview" : "In the clandestine research tower of a ruthless Japanese security and arms company, Saisei Security, scientist MALI awakens employed mercenaries killed in combat, their death giving rise to a new, vicious breed of zombie... ZOMBIE NINJAS. Trapped amongst unsuspecting civilians, including former tactical operative DILLON (Adam T Perkins), the ZOMBIE NINJAS commanded by a ferocious leader (Soa 'The Hulk' Palelei) are unleashed in the inner city high-rise. They soon face off with the covert response mission deployed to fight back. This elite black ops team underestimates the brutality of their encounter, which ultimately tests their loyalty and friendship, resulting in a frightful assault between these two highly skilled lethal forces and DILLON thrust in the middle fighting for survival.",
    "genres" : [ {
      "id" : 28,
      "name" : "Action"
    }, {
      "id" : 27,
      "name" : "Horror"
    } ]
  }, {
    "id" : 364163,
    "title" : "Untitled",
    "overview" : "An exercise in portraiture with a Super 8 camera, Juan José Mugni portrays filmmaker Marie Louise Alemann in a number of different shots.",
    "genres" : [ ]
  }, {
    "id" : 364168,
    "title" : "The Bengali Night",
    "overview" : "A short film by Narcisa Hirsch.",
    "genres" : [ ]
  }, {
    "id" : 364173,
    "title" : "Hauling Toto Big",
    "overview" : "Hauling Toto Big is a dense and ecstatic work of fragmented narratives, dream states, chaos and serenity… a culmination of Nelson’s cinematic interests. Winner of the Grand Prize at the 1998 Ann Arbor Film Festival.",
    "genres" : [ ]
  }, {
    "id" : 364178,
    "title" : "Pisces of an Unconscious Mind",
    "overview" : "A man walks from his office, off a cliff, finding himself at the sea where he catches a thought, then takes it back with him to the reality of his city.",
    "genres" : [ ]
  }, {
    "id" : 364183,
    "title" : "Kickboxer from Hell",
    "overview" : "While in Hong Kong preparing for a big tournament, American kickboxing champion Sean becoms involved with undercover British nun Sophia and her battle against his evil crew of kickboxers",
    "genres" : [ {
      "id" : 27,
      "name" : "Horror"
    }, {
      "id" : 28,
      "name" : "Action"
    }, {
      "id" : 14,
      "name" : "Fantasy"
    } ]
  }, {
    "id" : 364188,
    "title" : "Alyen",
    "overview" : "In the midst of an alien invasion, Joy attempts to save her sick daughter by making a run out of the city.",
    "genres" : [ ]
  }, {
    "id" : 364193,
    "title" : "Earthbound",
    "overview" : "Two brothers discover an ancient alien device that threatens to bring back the war that destroyed our planet.",
    "genres" : [ ]
  }, {
    "id" : 364203,
    "title" : "Just the Right Age",
    "overview" : "Be in the audience for a peep-show rehearsal. Nine guys of twenty years old, selected for their beauty and youthfulness, audition in front of a choreographer sensitive to their provocative attitudes. The curves of their bodies, the camber and smoothness of their buttocks warm up the seating area, audience and control room. An enormous erotic cavalcade finishes the feverish rehearsal.",
    "genres" : [ ]
  }, {
    "id" : 364208,
    "title" : "Curvaceous Part 2",
    "overview" : "This time we're laying it on thick. Five big scenes...five big girls...five big, round asses. Rachel Love, Katie Kox, Ava Rose, Alison Tyler and Sierra Skye...taking two dicks at once, begging for big, wet facials, fucking outside in broad daylight, oiling up their giant, natural tits, and teasing their big, fat pussies for the camera just the way B. Skow likes it.",
    "genres" : [ ]
  }, {
    "id" : 364213,
    "title" : "Reform School Confidential",
    "overview" : "The great (late) beauty body bottom boy Kyle McKenna stars in Reform School Confidential, in one of this reviewer's favorite films of the star. The premise involves the bottom slut getting snagged for stealing, and being sent to the titular school. Yeah, it's been done before in countless other flicks, but director Cross uses not only a terrific cast, but some wildly inventive, funny, and unquestionably hot motives and tactics to get his cast - and the viewer - insane with a hard-on.The flick's best scene by far has cover model Kyle getting a medical exam from doctor Jack Phillips (since when do doctors slobber over and sniff boots?) that includes gut and pec punching, nipple and ball twisting and an wicked ass pummeling. (That's one HMO I'd join in a heartbeat.) There's more, including a quite amusing food fight that turns into a group scene, and Mack and David first kissing Kyle with a broom handle, and then fucking the living crap out of him.",
    "genres" : [ ]
  }, {
    "id" : 364218,
    "title" : "The Hunger. El Lado Salvaje del Deseo",
    "overview" : "",
    "genres" : [ {
      "id" : 27,
      "name" : "Horror"
    }, {
      "id" : 18,
      "name" : "Drama"
    } ]
  }, {
    "id" : 364223,
    "title" : "Strange Weather",
    "overview" : "Years after her son's suicide, a woman longs to confront both the past and a friend of his who took his business idea.",
    "genres" : [ {
      "id" : 18,
      "name" : "Drama"
    } ]
  }, {
    "id" : 364228,
    "title" : "Lepatus",
    "overview" : "A naked man stands on a mountain. He leans into the wind and flaps.",
    "genres" : [ {
      "id" : 16,
      "name" : "Animation"
    } ]
  }, {
    "id" : 364233,
    "title" : "Balcony at the End of the World",
    "overview" : "A child trying to survive in a world filled with chaos.",
    "genres" : [ {
      "id" : 16,
      "name" : "Animation"
    } ]
  }, {
    "id" : 364238,
    "title" : "Kielletyt leikit",
    "overview" : "The Filthy Shades Of Gray.",
    "genres" : [ {
      "id" : 16,
      "name" : "Animation"
    } ]
  }, {
    "id" : 364243,
    "title" : "5 minutos tarde",
    "overview" : "",
    "genres" : [ {
      "id" : 35,
      "name" : "Comedy"
    } ]
  }, {
    "id" : 364248,
    "title" : "Las noches de Paloma",
    "overview" : "While being shuttled from her convent/boarding school to her wedding, a young lady of the upper classes is kidnapped by bandits. She gets to see the world and meet interesting people.",
    "genres" : [ ]
  }, {
    "id" : 364253,
    "title" : "Indián v ohrožení",
    "overview" : "",
    "genres" : [ {
      "id" : 35,
      "name" : "Comedy"
    } ]
  }, {
    "id" : 364258,
    "title" : "The Bloody Shirt",
    "overview" : "A film about blood revenge in Montenegro.",
    "genres" : [ {
      "id" : 18,
      "name" : "Drama"
    } ]
  }, {
    "id" : 364263,
    "title" : "Tod eines Schaustellers",
    "overview" : "",
    "genres" : [ {
      "id" : 80,
      "name" : "Crime"
    } ]
  }, {
    "id" : 364268,
    "title" : "A Descent Into Coffin Joe's Hell",
    "overview" : "",
    "genres" : [ ]
  }, {
    "id" : 364273,
    "title" : "Black Birds",
    "overview" : "WW2 story about group of prisoners who are trying to escape the death camp, run by local pro-Nazi militia.",
    "genres" : [ {
      "id" : 18,
      "name" : "Drama"
    }, {
      "id" : 10752,
      "name" : "War"
    } ]
  }, {
    "id" : 364288,
    "title" : "Cruise Ship Down: Saving Concordia",
    "overview" : "On January 13, 2012, the largest passenger shipwreck in history occurred when the Costa Concordia struck a submerged rock off Italy's Tuscan coast. Once a floating pleasure palace for more than 4,200 passengers and crew, the half-sunken ship spent the next two years as a grisly tourist attraction...and an ecological time bomb. Relive the night of her crash, captured on video by those aboard the liner. Then witness the monumental engineering challenge that followed as 500 experts from 24 nations teamed up to pry this 114,000-ton ship from her rocky grave.",
    "genres" : [ {
      "id" : 99,
      "name" : "Documentary"
    } ]
  }, {
    "id" : 364293,
    "title" : "Watchers 2: Signs in the Heavens and the Earth",
    "overview" : "Why are the nations of the world in turmoil? What is happening with the sun and the moon? Why is it that birds are dropping out of the air dead, and why have fish numbering into the millions suddenly died without explanation? Why are there sinkholes of gigantic proportions appearing all over the earth, and what are the Torah Codes saying about the moon? What about the UFO seen over the Temple Mount? Something has changed, and Watchers 2 will try and investigate if what ancient texts have said for millenniums are true - that we are entering a period where there will be wars, earthquakes, and famines - including signs in the skies and the heavens. L.A. Marzulli offers brilliant comment as well as interview experts on this volume. Including: Chuck Missler, Rabbi Aaron Parry, Stan Deyo and Jim Wilhelmsen, Marshall Masters and Dr. Roger Leir will also give us his update on alien implants.",
    "genres" : [ {
      "id" : 99,
      "name" : "Documentary"
    } ]
  }, {
    "id" : 364308,
    "title" : "Fast Zombies Suck",
    "overview" : "Based on Brian Keene’s 2011 short story, it features a young couple who’ve arrived at a crossroads in their relationship due to Ken's unhealthy obsession with the undead.",
    "genres" : [ {
      "id" : 27,
      "name" : "Horror"
    } ]
  }, {
    "id" : 364313,
    "title" : "Las medias de seda",
    "overview" : "Vineyard worker is happy when her long-estranged artist brother comes to visit her. But then...",
    "genres" : [ ]
  }, {
    "id" : 364323,
    "title" : "Gigolo and Whore II",
    "overview" : "Humiliated by Charlene, a rich girl who has acquired the company that Johnson works in, Johnson decides to take revenge on her. To their surprise, Charlene turn to woman again. When Jack nearly succeeds, he finds himself in love with Charlene...",
    "genres" : [ {
      "id" : 35,
      "name" : "Comedy"
    } ]
  }, {
    "id" : 364328,
    "title" : "The Cure: Staring At The Sea - The Images",
    "overview" : "A collection of music videos spanning the first eight years of The Cure's career.  1. Killing An Arab\r 2. 10:15 Saturday Nigth\r 3. Boy's Don't Cry\r 4. Jumping Someone Else's Train\r 5. A Forest\r 6. Play For Today\r 7. Primary\r 8. Other Voices\r 9. Charlotte Sometimes\r 10. The Hanging Garden\r 11. Lets Go To Bed\r 12. The Walk\r 13. The Lovecats\r 14. The Caterpillar\r 15. In Between Days\r 16. Close To Me\r 17. A Night Like This.",
    "genres" : [ {
      "id" : 10402,
      "name" : "Music"
    }, {
      "id" : 99,
      "name" : "Documentary"
    } ]
  }, {
    "id" : 364333,
    "title" : "On Your Lips",
    "overview" : "An afternoon at the amusement park. Viljami, 12 years old, takes a step towards his adolescense.",
    "genres" : [ {
      "id" : 10751,
      "name" : "Family"
    }, {
      "id" : 18,
      "name" : "Drama"
    } ]
  }, {
    "id" : 364343,
    "title" : "Whispers",
    "overview" : "Murmurs: noise that is made by speaking very softly and in such a way that you cannot hear what is being said. A study of violence in Mexico.",
    "genres" : [ {
      "id" : 18,
      "name" : "Drama"
    } ]
  }, {
    "id" : 364353,
    "title" : "Patah Hati",
    "overview" : "Romance with Rahimah not sanctioned Kassim Hassan and Sidek . They expect to be married to Salma Kassim . And to decide on such a relationship with Hassan went to see Rahimah not far Kassim . To Rahimah , Hassan told the event the debt of gratitude due Hassan Kassim and begged him not yet made ​​contact with Kassim .",
    "genres" : [ {
      "id" : 18,
      "name" : "Drama"
    }, {
      "id" : 10749,
      "name" : "Romance"
    } ]
  }, {
    "id" : 364358,
    "title" : "Der Geiger von Florenz",
    "overview" : "Girl dressed up as a boy falls in love with a painter.",
    "genres" : [ ]
  }, {
    "id" : 364363,
    "title" : "Versailles I & II",
    "overview" : "For this film I made a contact printing box,with a printing area 16mm x 185mm which enabled the printing of 24 frames of picture plus optical sound area at one time.  The first part is a composition using 7 x 1-second shots of the statues of Versailles, Palace of 1000  Beauties, with accompanying soundtrack, woven according to a pre-determined sequence. Because sound and picture were printed simultaneously, the minute inconsistencies in exposure times resulted in rhythmic fluctuations of picture density and levels of sound.  Two of these shots comprise the second part of the film which is framed by abstract imagery printed across the entire width of the film surface: the visible image is also the sound image.",
    "genres" : [ ]
  }, {
    "id" : 364368,
    "title" : "When Léon M.’s Boat Went Down the Meuse for the First Time",
    "overview" : "Documentary about a man remembering his struggles while floating on a boat down a river.",
    "genres" : [ {
      "id" : 99,
      "name" : "Documentary"
    } ]
  }, {
    "id" : 364373,
    "title" : "Meister Timpe",
    "overview" : "",
    "genres" : [ {
      "id" : 18,
      "name" : "Drama"
    } ]
  }, {
    "id" : 364378,
    "title" : "Menschenfresser",
    "overview" : "",
    "genres" : [ {
      "id" : 18,
      "name" : "Drama"
    } ]
  }, {
    "id" : 364383,
    "title" : "Einfach sterben",
    "overview" : "",
    "genres" : [ {
      "id" : 18,
      "name" : "Drama"
    } ]
  }, {
    "id" : 364388,
    "title" : "Sentenced for Life",
    "overview" : "An engineer is wrongly convicted of selling secrets to enemy agents and is sentenced to life in prison. Convinced it was his former partner who framed him, he enlists his son to investigate.",
    "genres" : [ {
      "id" : 18,
      "name" : "Drama"
    } ]
  }, {
    "id" : 364393,
    "title" : "Sunless Days",
    "overview" : "Director Shu Kei travelled to Venice, Canada, London and Hong Kong, collecting accounts of the Tiananmen impact. Among his interviewees are: award-winning Taiwanese filmmaker Hou Hsiao-hsien; Hong Kong director Alfred Cheung, a witness to the massacre; actress Deanne Ip, whose national consciousness is fired by the event; as well as his own brothers, one who soon migrates from Hong Kong, and the other, already an Australian emigre. Their personal testimonies are pieced together into a mural of the Chinese people united in their horror and outrage.",
    "genres" : [ ]
  }, {
    "id" : 364398,
    "title" : "The Log",
    "overview" : "New Year's Eve of 1997, Hong Kong is almost in hand to China and the service routine is shaken by a number of events that threaten to get out of hand: a cop accidentally kills an old woman kidnapped by a thug during a tense action and is arrested facing general disbelief. A cadet committing the same offense is acquitted and instead celebrated as a hero by the citizens, but flooding of guilt. A senior police officer on the other hand is going to be left by his wife in vain that claims more attention and time he has never failed to give her. The three destinies cross when the third of them takes hostage during the New Year, the new man in the woman.",
    "genres" : [ {
      "id" : 18,
      "name" : "Drama"
    } ]
  }, {
    "id" : 364403,
    "title" : "Red Thousand Miles race",
    "overview" : "The story is based on 2014 Mille Miglia and encompasses eighty-five years of the race, from early 1930s to the present day, mixing life, memories, mystery and excitement of its characters who are brought together by the love for cars and separated by long-time secrets. They are fascinated by the presence and the story of a fabulous OM 665 Superba - a car built in Brescia, who won the first edition in 1927 - taken to pieces and forgotten for so many years.",
    "genres" : [ {
      "id" : 12,
      "name" : "Adventure"
    }, {
      "id" : 35,
      "name" : "Comedy"
    } ]
  }, {
    "id" : 364408,
    "title" : "Crazy Sex",
    "overview" : "Shaw Brothers superdirector Li Han-Hsiang was particularly masterful in two genres: erotica and classic Chinese tales. He combined these two loves in this two-part examination of lust. The first story features an elderly jeweler's adventures with his unsatisfied wife, a handsome neighbor, and the neighborhood bordello. The second is a more modern tale of sex, lies, and videotape.",
    "genres" : [ {
      "id" : 80,
      "name" : "Crime"
    }, {
      "id" : 35,
      "name" : "Comedy"
    }, {
      "id" : 18,
      "name" : "Drama"
    } ]
  }, {
    "id" : 364413,
    "title" : "La ilegitima",
    "overview" : "Family melodrama: manipulative parents ruin lives with their meddling.",
    "genres" : [ ]
  }, {
    "id" : 364418,
    "title" : "Sembène: The Making of African Cinema",
    "overview" : "Senegalese documentary about the country's most famous film-maker - Ousmane Sembène.  The groundbreaking director explains his philosophy, politics and hopes for the future of African cinema.",
    "genres" : [ {
      "id" : 99,
      "name" : "Documentary"
    } ]
  }, {
    "id" : 364423,
    "title" : "Auf Leben und Tod: Peter Scholl-Latour wird 90",
    "overview" : "",
    "genres" : [ {
      "id" : 99,
      "name" : "Documentary"
    } ]
  }, {
    "id" : 364433,
    "title" : "They Call Me Jeeg Robot",
    "overview" : "Enzo Ceccotti comes into contact with a radioactive substance, then accidently discovers he has superpowers. A touchy, navel-gazing introvert, he’s sure his new capabilities will do wonders for his life of crime, but that all changes when he meets Alessia, who’s convinced he’s the hero from the famous Japanese comic strip, Steel Jeeg Robot.",
    "genres" : [ {
      "id" : 28,
      "name" : "Action"
    }, {
      "id" : 18,
      "name" : "Drama"
    }, {
      "id" : 35,
      "name" : "Comedy"
    }, {
      "id" : 53,
      "name" : "Thriller"
    }, {
      "id" : 878,
      "name" : "Science Fiction"
    } ]
  }, {
    "id" : 364438,
    "title" : "Lies I Told My Little Sister",
    "overview" : "After the death of her oldest sister, a 30 year old globe-trotting nature photographer is guilted onto a family trip to Cape Cod - along with the younger sister she used to torment. Amid recriminations, revelations, a very weird shopkeeper and an old romance, they square off against the patterns of childhood.",
    "genres" : [ {
      "id" : 18,
      "name" : "Drama"
    }, {
      "id" : 35,
      "name" : "Comedy"
    } ]
  }, {
    "id" : 364443,
    "title" : "Dry",
    "overview" : "The movie follows a trail of Zara, a successful African doctor living in Wales, on a mission of mercy to Africa. Against the backdrop of a rich African culture, she experiences much turmoil and despair as she revisits the inexplicable horrors of her childhood, while working with suffering African women.. Zara meets a young girl facing tremendous obstacles and marvels at the revelation of the ties that binds them together.",
    "genres" : [ {
      "id" : 18,
      "name" : "Drama"
    } ]
  }, {
    "id" : 364448,
    "title" : "Jay Z: Live at the Royal Albert Hall",
    "overview" : "The Jay Z Royal Albert Hall concert marks the first time that a hip hop act has headlined at the 135 year old London venue. The event follows Jay Z’s landmark Fade to Black concert at New York’s Madison Square Gardens, held in 2004,",
    "genres" : [ {
      "id" : 10402,
      "name" : "Music"
    } ]
  }, {
    "id" : 364453,
    "title" : "The Great Japanese Empire",
    "overview" : "Favorable portrayal of Japanese Prime Minister Hideki Tojo, who approved of the bombardment of Pearl Harbor, as a patriot. The film is a jingoistic defense of Japanese imperialism.",
    "genres" : [ {
      "id" : 10752,
      "name" : "War"
    } ]
  }, {
    "id" : 364458,
    "title" : "Klaxon",
    "overview" : "",
    "genres" : [ ]
  }, {
    "id" : 364463,
    "title" : "L'uomo di Toledo",
    "overview" : "",
    "genres" : [ ]
  }, {
    "id" : 364468,
    "title" : "Seahorse",
    "overview" : "The story of a first love, an unrequited love and a pregnant boy.",
    "genres" : [ {
      "id" : 35,
      "name" : "Comedy"
    } ]
  }, {
    "id" : 364473,
    "title" : "Chartres",
    "overview" : "This early documentary by director Jean Grémillon highlights the textures and architectural details of the great Gothic cathedral at Chartres.",
    "genres" : [ ]
  } ]
}