{
  "movies" : [ {
    "id" : 27818,
    "title" : "Skeleton Key",
    "overview" : "No overview found.",
    "genres" : [ {
      "id" : 53,
      "name" : "Thriller"
    } ]
  }, {
    "id" : 27823,
    "title" : "Pretty Bloody: The Women of Horror",
    "overview" : "Pretty Bloody: The Women of Horror is a television documentary film that premiered on the Canadian cable network Space on February 25, 2009.  The hour-long documentary examines the experiences, motivations and impact of the increasing number of women engaged in horror fiction, with producers Donna Davies and Kimberlee McTaggart of Canada's Sorcery Films interviewing actresses, film directors, writers, critics and academics. The documentary was filmed in Toronto, Canada; and in Los Angeles, California and New York City, New York in the US.",
    "genres" : [ {
      "id" : 99,
      "name" : "Documentary"
    }, {
      "id" : 27,
      "name" : "Horror"
    } ]
  }, {
    "id" : 27828,
    "title" : "The Las Vegas Abductions",
    "overview" : "Faced with the extinction of their species, shape shifting, evil alien monsters descend on earth with the intent to mutate with humans. They choose Las Vegas as their destination, seeking to blend in with Sin City to hatch their plan. Little do they know what they will be up against when they cross paths with Cindy, a hypnotherapist. and Lucas, a mystery man. Divining their evil intent, it is up to them to turn the tide and restore balance.",
    "genres" : [ {
      "id" : 878,
      "name" : "Science Fiction"
    }, {
      "id" : 53,
      "name" : "Thriller"
    } ]
  }, {
    "id" : 27838,
    "title" : "The Wild World of Ted V. Mikels",
    "overview" : "THE WILD WORLD OF TED V. MIKELS, a new documentary by Kevin Sean Michaels (no blood relation to Ted",
    "genres" : [ {
      "id" : 99,
      "name" : "Documentary"
    } ]
  }, {
    "id" : 27843,
    "title" : "Tokyo Zombie",
    "overview" : "Two Japanese friends accidentally kill their boss and dump his remains in Black Fuji, a mountain/landfill hybrid. This leads to poor results when the chemicals of the landfill mix with the corpse (and many other corpses) to give rise to a zombie infestation in Tokyo.",
    "genres" : [ {
      "id" : 35,
      "name" : "Comedy"
    }, {
      "id" : 27,
      "name" : "Horror"
    } ]
  }, {
    "id" : 27848,
    "title" : "Shock-O-Rama",
    "overview" : "No overview found.",
    "genres" : [ ]
  }, {
    "id" : 27853,
    "title" : "The Monster Man",
    "overview" : "No overview found.",
    "genres" : [ {
      "id" : 27,
      "name" : "Horror"
    }, {
      "id" : 878,
      "name" : "Science Fiction"
    } ]
  }, {
    "id" : 27858,
    "title" : "PT 109",
    "overview" : "Dramatization of President John F. Kennedy's war time experiences during which he captained a PT boat, took it to battle and had it sunk by a Japanese destroyer. He and the survivors had to make their way to an island, find food and shelter and signal the Navy for rescue.",
    "genres" : [ {
      "id" : 18,
      "name" : "Drama"
    }, {
      "id" : 10752,
      "name" : "War"
    } ]
  }, {
    "id" : 27863,
    "title" : "Thirty-three",
    "overview" : "A comedy about the adventures of engineer Travkin after scientists discover he has 33 teeth.",
    "genres" : [ {
      "id" : 35,
      "name" : "Comedy"
    } ]
  }, {
    "id" : 27873,
    "title" : "Battletruck",
    "overview" : "It’s the 21st century, the Oil Wars have made a mess of the planet and the land outside major cities is lawless. After Hunter comes to the aid of Corlie, who has run away from the villainous Straker, he takes her to the peaceful community of Clearwater. Unfortunately for the citizens of Clearwater, Straker fully intends to get Corlie back.",
    "genres" : [ {
      "id" : 878,
      "name" : "Science Fiction"
    } ]
  }, {
    "id" : 27878,
    "title" : "Zombie Bloodbath 2: Rage of the Undead",
    "overview" : "An evil demonic scarecrow resurrects the dead as ravenous cannibalistic zombies who feast on the living. A motley assortment of folks who include a bunch of bickering college kids, a trio of dangerous escaped convicts, an equally lethal pair of savage hoodlums, and three sisters do their best to stay alive and survive this harrowing ordeal.",
    "genres" : [ {
      "id" : 27,
      "name" : "Horror"
    } ]
  }, {
    "id" : 27883,
    "title" : "Macbeth",
    "overview" : "Orson Welles' unique take on Shakespeare's classic tragedy.",
    "genres" : [ {
      "id" : 18,
      "name" : "Drama"
    } ]
  }, {
    "id" : 27888,
    "title" : "The Rockville Slayer",
    "overview" : "A series of small-town murders with no apparent connection leads two detectives towards a horrific discovery in this terrifying tale starring Linnea Quigley, Robert Z'Dar and Joe Estevez, and directed by Marc Selz. When two young couples are viciously murdered in the small town of Rockville, the police are baffled and the citizens are terrified. Now, as the body count continues to mount and police investigation hits a standstill, it's up to two detectives to find the missing link and bring the murderous madman to justice",
    "genres" : [ {
      "id" : 9648,
      "name" : "Mystery"
    }, {
      "id" : 53,
      "name" : "Thriller"
    } ]
  }, {
    "id" : 27903,
    "title" : "Margaret Cho: CHO Revolution",
    "overview" : "Filmed live at the Wiltern Theatre in Los Angeles, REVOLUTION is comedian Margaret Cho's triumphant return to the screen with the same unbridled, no holds-barred humor that infused her previous two concert films. In REVOLUTION, Margaret tackles the axis of evil, her travels through Thailand's red light district, the explosion of child birth, bartering sex for household chores, revolutionizing one's self-esteem, the joy of bodily functions, her loser ex-boyfriend, and of course, her now world-famous mother. Known as much for her social activism as she is for her raunchy humor, Margaret is a one-of-a-kind phenomenon who once again brings her distinctive and empowering personal voice to her devoted and adoring fans.",
    "genres" : [ {
      "id" : 35,
      "name" : "Comedy"
    } ]
  }, {
    "id" : 27918,
    "title" : "The Invisible Ray",
    "overview" : "Dr. Janos Rukh discovers a certain type of radium that has almost magical healing properties. But the element has a dangerous side, too, and it has already started affecting Rukh. Consumed by paranoia, he begins to suspect that his wife is having an affair. Wild for revenge, Rukh hatches a deadly plot...using his own poisoned body as a weapon to kill.",
    "genres" : [ {
      "id" : 878,
      "name" : "Science Fiction"
    }, {
      "id" : 27,
      "name" : "Horror"
    }, {
      "id" : 9648,
      "name" : "Mystery"
    } ]
  }, {
    "id" : 27923,
    "title" : "Hopelessly Lost",
    "overview" : "From Wikipedia, the free encyclopedia. Hopelessly Lost is a 1973 Soviet adventure comedy directed by Georgi Daneliya based on Mark Twain's Adventures of Huckleberry Finn. Cinematography by Vadim Yusov. It was entered into the 1974 Cannes Film Festival. Description above from the Wikipedia article Hopelessly Lost, licensed under CC-BY-SA, full list of contributors on Wikipedia.",
    "genres" : [ {
      "id" : 10751,
      "name" : "Family"
    }, {
      "id" : 12,
      "name" : "Adventure"
    } ]
  }, {
    "id" : 27928,
    "title" : "Heads and Tails",
    "overview" : "To earn money for married life, a young engaged man takes a job as an engineer on a privately operated oil drilling rig in the far North of Russia. A friend's letter brings the sad news that his fiancée has already married someone else and in desperation he quits his job and flies back to Moscow. There all his vast efforts to win her back seem in vain...",
    "genres" : [ {
      "id" : 35,
      "name" : "Comedy"
    } ]
  }, {
    "id" : 27933,
    "title" : "The Legend of Frosty the Snowman",
    "overview" : "Frosty the Snowman goes where he is needed most, and the town of Evergreen sure needed a visit. Mr Tinkerton, the mayor, runs a tight ship, and there's no room for talk of magic or any other such nonsense. But, when Frosty the Snowman blows through town, he shows the town's children that magic is real. Tinkerton's sons, Charlie and Tommy, along with their friends Sarah and Walter, want to spread the word about Frosty's fun-loving, magical antics but meet resistance from Evergreen Elementary's dastardly principal Hank Pankley. In the end, good wins out, and all the citizens of Evergreen happily learn that magic is real and fun is for everyone!",
    "genres" : [ {
      "id" : 16,
      "name" : "Animation"
    } ]
  }, {
    "id" : 27938,
    "title" : "Gelatin Silver, Love",
    "overview" : "The story of a photographer who becomes obsessed with a mysterious woman who lives in the apartment opposite his.",
    "genres" : [ {
      "id" : 53,
      "name" : "Thriller"
    } ]
  }, {
    "id" : 27943,
    "title" : "Dance of the Dragon",
    "overview" : "The story of three people whose lives are pulled into review and assessment when their paths cross. The initial sparks of what could be a new romance plays off against a couple falling out of love, a student and teacher, a father and son, a mother's influence and competing suitors - all explored with sensitivity, delicacy and refined artistry.",
    "genres" : [ {
      "id" : 18,
      "name" : "Drama"
    }, {
      "id" : 10769,
      "name" : "Foreign"
    }, {
      "id" : 10749,
      "name" : "Romance"
    } ]
  }, {
    "id" : 27948,
    "title" : "In Extremo: Live 2002",
    "overview" : "No overview found.",
    "genres" : [ {
      "id" : 10402,
      "name" : "Music"
    } ]
  }, {
    "id" : 27953,
    "title" : "Kabadayı",
    "overview" : "Ali Osman is a former bully of city of Istanbul. But lately he gives up bully and starts to operate a synthetic pitch. He often meets his old friends, former bullies, too. One day Ali Osman receives a news which is related with his previous passionate life. Then the whole action stats as a chain of events.",
    "genres" : [ {
      "id" : 28,
      "name" : "Action"
    }, {
      "id" : 80,
      "name" : "Crime"
    }, {
      "id" : 18,
      "name" : "Drama"
    } ]
  }, {
    "id" : 27958,
    "title" : "Cruising",
    "overview" : "A serial killer brutally slays and dismembers several gay men in New York's S/M and leather districts. The young police officer Steve Burns is sent undercover onto the streets as decoy for the murderer. Working almost completely isolated from his department, he has to learn and practice the complex rules and signals of this little society.",
    "genres" : [ {
      "id" : 27,
      "name" : "Horror"
    }, {
      "id" : 28,
      "name" : "Action"
    }, {
      "id" : 18,
      "name" : "Drama"
    }, {
      "id" : 9648,
      "name" : "Mystery"
    }, {
      "id" : 53,
      "name" : "Thriller"
    } ]
  }, {
    "id" : 27973,
    "title" : "Dead End",
    "overview" : "This film introduced the Dead End Kids in their intricate East Side slum, overlooked by the apartments of the rich. Their antics, some funny, some vicious, alternate with subplots: unemployed architect Dave is torn between Drina, sweet but equally poor, and Kay, a rich man's mistress; gangster Baby Face Martin returns to his old neighborhood and finds that nobody is glad to see him. Then violent crime, both juvenile and adult, impacts the neighborhood and its people.",
    "genres" : [ {
      "id" : 80,
      "name" : "Crime"
    }, {
      "id" : 18,
      "name" : "Drama"
    } ]
  }, {
    "id" : 27978,
    "title" : "The Woman on Pier 13",
    "overview" : "Communists blackmail a shipping executive into spying for them.",
    "genres" : [ {
      "id" : 18,
      "name" : "Drama"
    }, {
      "id" : 53,
      "name" : "Thriller"
    } ]
  }, {
    "id" : 27983,
    "title" : "Yours, Mine and Ours",
    "overview" : "When a widower with 10 children marries a widow with 8, can the 20 of them ever come together as one big happy family?",
    "genres" : [ {
      "id" : 35,
      "name" : "Comedy"
    }, {
      "id" : 18,
      "name" : "Drama"
    }, {
      "id" : 10751,
      "name" : "Family"
    } ]
  }, {
    "id" : 27993,
    "title" : "Senior Trip",
    "overview" : "While on detention, a group of misfits and slackers have to write a letter to the President explaining what is wrong with the education system. There is only one problem, the President loves it! Hence, the group must travel to Washington to meet the Main Man.",
    "genres" : [ {
      "id" : 35,
      "name" : "Comedy"
    } ]
  }, {
    "id" : 27998,
    "title" : "The Murder Man",
    "overview" : "Steve Grey, reporter for the Daily Star, has a habit of scooping all the other papers in town. When Henry Mander is investigated for the murder of his shady business partner, Grey is one step ahead of the police to the extent that he often dictates his story in advance of its actual occurrence. He leads the police through an 'open and shut' case resulting in Mander being tried, convicted and sentenced to death. Columnist Mary Shannon is in love with Steve but she sees him struggle greatly with his last story before Mander's execution. When she starts typing out the story from his recorded dictation, she realizes why.",
    "genres" : [ {
      "id" : 80,
      "name" : "Crime"
    }, {
      "id" : 18,
      "name" : "Drama"
    }, {
      "id" : 10749,
      "name" : "Romance"
    }, {
      "id" : 53,
      "name" : "Thriller"
    } ]
  }, {
    "id" : 28003,
    "title" : "Madea's Class Reunion",
    "overview" : "Madea is traveling to the Pandora Hotel, where her 50 year class reunion is to be held. Running afoul of the law, Madea nonetheless manages to teach valuable lessons amidst the comedy and chaos, addressing the importance of forgiveness and the value of friendship.With the help of Madea, and her colorful crazy neighbor and classmate, Mr. Brown, a married couple must come to terms with unfaithfulness; A woman hurt by years of torment must give up prostituting herself with her abusive baby's daddy, and reconcile with her tired elderly mother who was fired by the evil manager of the Pandora, who is having an affair with a man who is married to Madea's daughter, Cora's friend who is too reliant on her man.Through all of this craziness, the insane bellboy/bartender, \"Dr.\" Willie Leroy Jones (new character played by Perry), is causing ruckus in the already rowdy hotel. Willie is suffering from Dissociative identity disorder (DID), claiming to have 27 people living in his head.",
    "genres" : [ {
      "id" : 35,
      "name" : "Comedy"
    }, {
      "id" : 10402,
      "name" : "Music"
    } ]
  }, {
    "id" : 28013,
    "title" : "Bangkok Hilton",
    "overview" : "The story of Kat Stanton (Kidman), an Australian woman searching for her father who, whilst travelling back from London to Australia via Thailand, makes friends with Arkie Ragan (Ehlers), a photographer. Kat is tricked into carrying some luggage through Thai customs for Arkie, only for the police to find drugs in his bag. Kat is sentenced to spend time in the horrific \"Bangkok Hilton\" prison, where she makes friends with fellow inmate Mandy Engels (Smithers), who has been sentenced to death. Whilst she endures the terrible conditions inside, Kat's lawyer Richard Carlisle (Weaving) and ex-patriot Hal Stanton (Elliott) battle with the authorities to have her freed.",
    "genres" : [ {
      "id" : 18,
      "name" : "Drama"
    } ]
  }, {
    "id" : 28018,
    "title" : "Collision",
    "overview" : "COLLISION carves a new path in documentary film-making as it pits leading atheist, political journalist and bestselling author Christopher Hitchens against fellow author, satirist and evangelical theologian Douglas Wilson, as they go on the road to exchange blows over the question: \"Is Christianity Good for the World?\". The two contrarians laugh, confide and argue, in public and in private, as they journey through three cities. And the film captures it all. The result is a magnetic conflict, a character-driven narrative that sparkles cinematically with a perfect match of arresting personalities and intellectual rivalry. COLLISION is directed by prolific independent filmmaker Darren Doane (Van Morrison: Astral Weeks Live at the Hollywood Bowl, The Battle For L.A., Godmoney).",
    "genres" : [ {
      "id" : 99,
      "name" : "Documentary"
    }, {
      "id" : 18,
      "name" : "Drama"
    } ]
  }, {
    "id" : 28023,
    "title" : "Riot in Cell Block 11",
    "overview" : "A prisoner leads his counterparts in a protest for better living conditions which turns violent and ugly.",
    "genres" : [ {
      "id" : 80,
      "name" : "Crime"
    } ]
  }, {
    "id" : 28028,
    "title" : "Sonny",
    "overview" : "New Orleans, 1981. Sonny Phillips, just discharged from the Army, returns home. The only life he's known is as a gigolo, working for his mother, but he wants to leave that behind. However, the job his Army buddy promised doesn't materialize, and he can't escape his past.",
    "genres" : [ {
      "id" : 80,
      "name" : "Crime"
    }, {
      "id" : 18,
      "name" : "Drama"
    } ]
  }, {
    "id" : 28033,
    "title" : "Stuart Saves His Family",
    "overview" : "Stuart Smalley, the Saturday Night Live character, comes to the big screen. Stuart, the disciple of the 12 step program, is challenged by lifes injustices.",
    "genres" : [ {
      "id" : 35,
      "name" : "Comedy"
    }, {
      "id" : 18,
      "name" : "Drama"
    } ]
  }, {
    "id" : 28038,
    "title" : "Slaughter Party",
    "overview" : "Here's what Judge David Johnson has to say about this film: Yes, there is a party, and some people do get slaughtered. Beyond that you're better off looking the other way and using your time more wisely. Go read a book. Or run for a position on your local school board. Or yodel for 90 minutes.",
    "genres" : [ {
      "id" : 27,
      "name" : "Horror"
    } ]
  }, {
    "id" : 28043,
    "title" : "Black Sabbath",
    "overview" : "Black Sabbath is a 1963 Italian horror film directed by Mario Bava. Boris Karloff, in addition to appearing in the linking passages, has a role in \"The Wurdalak\" segment (based on a story by Aleksey Konstantinovich Tolstoy). The film comprises three horror stories, the others being \"The Drop of Water\" and \"The Telephone.\"",
    "genres" : [ {
      "id" : 27,
      "name" : "Horror"
    } ]
  }, {
    "id" : 28048,
    "title" : "King of the Wild",
    "overview" : "Richard Grant, imprisoned in India for a crime he did not commit, escapes and makes his way to Africa.",
    "genres" : [ {
      "id" : 12,
      "name" : "Adventure"
    }, {
      "id" : 27,
      "name" : "Horror"
    }, {
      "id" : 28,
      "name" : "Action"
    } ]
  }, {
    "id" : 28053,
    "title" : "City Island",
    "overview" : "The Rizzos, a family who doesn't share their habits, aspirations, and careers with one another, find their delicate web of lies disturbed by the arrival of a young ex-con brought home by Vince, the patriarch of the family, who is a corrections officer in real life, and a hopeful actor in private.",
    "genres" : [ {
      "id" : 18,
      "name" : "Drama"
    }, {
      "id" : 35,
      "name" : "Comedy"
    } ]
  }, {
    "id" : 28058,
    "title" : "Hercules in the Haunted World",
    "overview" : "Upon his return from battle in the previous film, the great warrior Hercules learns that his lover, Daianara, has lost her senses. Acording of the oracle Medea, Dianara's only hope is the Stone of Forgetfulness which lies deep in the realm of Hades. Hercules, with two companions, Theseus and Telemachus, embarks on a dangerous quest for the stone, while he is unaware that Dianara's guardian, King Lico, is the one responsible for her condition and plots to have the girl for himself as his bride upon her revival.",
    "genres" : [ {
      "id" : 12,
      "name" : "Adventure"
    }, {
      "id" : 14,
      "name" : "Fantasy"
    }, {
      "id" : 27,
      "name" : "Horror"
    } ]
  }, {
    "id" : 28063,
    "title" : "Caltiki, the Immortal Monster",
    "overview" : "Academic researchers are chased by a nuclear-hot specimen of ancient Mayan blob.",
    "genres" : [ {
      "id" : 53,
      "name" : "Thriller"
    }, {
      "id" : 12,
      "name" : "Adventure"
    }, {
      "id" : 878,
      "name" : "Science Fiction"
    }, {
      "id" : 27,
      "name" : "Horror"
    } ]
  }, {
    "id" : 28068,
    "title" : "The Loreley's Grasp",
    "overview" : "The legendary Loreley has been living for centuries in a grotto beneath the river Rhein in Germany. Every night when the moon is full, she turns into a reptile-like creature craving for human blood. When one girl after another of a nearby boarding school is killed by her, a hunter named Sirgurd is engaged to kill the monster.",
    "genres" : [ {
      "id" : 27,
      "name" : "Horror"
    } ]
  }, {
    "id" : 28073,
    "title" : "Curse of the Crimson Altar",
    "overview" : "When his brother disappears, Robert Manning pays a visit to the remote country house he was last heard from. While his host is outwardly welcoming - and his niece more demonstrably so - Manning detects a feeling of menace in the air with the legend of Lavinia Morley, Black Witch of Greymarsh, hanging over everything.",
    "genres" : [ {
      "id" : 27,
      "name" : "Horror"
    }, {
      "id" : 9648,
      "name" : "Mystery"
    } ]
  }, {
    "id" : 28078,
    "title" : "The Flesh Merchant",
    "overview" : "",
    "genres" : [ {
      "id" : 18,
      "name" : "Drama"
    } ]
  }, {
    "id" : 28083,
    "title" : "Witchcraft IX: Bitter Flesh",
    "overview" : "No overview found.",
    "genres" : [ {
      "id" : 27,
      "name" : "Horror"
    }, {
      "id" : 53,
      "name" : "Thriller"
    } ]
  }, {
    "id" : 28093,
    "title" : "In Which We Serve",
    "overview" : "This is the story of a British Naval ship, the HMS Torrin, from it's construction to its sinking in the Mediterranean during action in World War II. The ships first and only commanding officer is the experienced Captain E.V. Kinross who trains his men not only to be loyal to him but to the country and most importantly, to themselves. They face challenges at sea and also at home. They lose some of theirs shipmates in action and some of their loved ones in the devastation of the blitz. Throughout it all, the men of the Torrin serve valiantly and heroically.",
    "genres" : [ {
      "id" : 18,
      "name" : "Drama"
    }, {
      "id" : 10752,
      "name" : "War"
    } ]
  }, {
    "id" : 28098,
    "title" : "Psycho Santa",
    "overview" : "While en route to a holiday gathering, young Ron teases his wife about the legend of a backwoods Santa with an axe to grind. However, when the legend comes to life, the Christmas bash turns into a holiday bloodbath!",
    "genres" : [ ]
  }, {
    "id" : 28103,
    "title" : "Bog Creatures",
    "overview" : "Five young adults venture into a bog to excavate some bodies. After a while they find that bodies that have been buried in the bog have risen from the dead and seek to pick them off one by one.",
    "genres" : [ {
      "id" : 27,
      "name" : "Horror"
    }, {
      "id" : 878,
      "name" : "Science Fiction"
    } ]
  }, {
    "id" : 28108,
    "title" : "Dead Clowns",
    "overview" : "The residents of Port Emmett prepare for a hurricane that will churn up a 50-year-old secret, awakening an army of zombie clowns. Left to die after a circus train accident, the clowns rise from their muddy graves to get revenge. The guilty can run, but they can't hide from the truth -- or the undead.",
    "genres" : [ {
      "id" : 27,
      "name" : "Horror"
    } ]
  }, {
    "id" : 28113,
    "title" : "The Frightening",
    "overview" : "The eighteen years old Corey Peterson moves with his mother to a small town due a trauma in the past. On his first day at Hallows End High School, he is approached by the student also new arrival in town Mason that tells him about a death of a friend of him in the school and advises Corey to stay away from the wrestler Perry and his gang. When two other students vanish, Corey decides to talk to Principal Rizcheck, who does not give any attention to him. Together with Mason, they investigate the secret about the school and disclose the dark truth about Hallows End and the missing students.",
    "genres" : [ {
      "id" : 27,
      "name" : "Horror"
    } ]
  }, {
    "id" : 28118,
    "title" : "The Gruffalo",
    "overview" : "The magical tale of a mouse who takes a walk though the woods in search of a nut.",
    "genres" : [ {
      "id" : 16,
      "name" : "Animation"
    }, {
      "id" : 10751,
      "name" : "Family"
    } ]
  }, {
    "id" : 28123,
    "title" : "Safe House",
    "overview" : "A psychological thriller; Mace Sowell, an ex-intelligence operative and whose past government activities catches up with him, faces his own mortality, in the shape of the onset of Alzheimer's disease. Holding the electronic key to secret information which implicates a Presidential front-runner, Mace struggles for his life while battling the debilitating effects of the disease.",
    "genres" : [ {
      "id" : 53,
      "name" : "Thriller"
    } ]
  }, {
    "id" : 28128,
    "title" : "Hard Rock Zombies",
    "overview" : "A hard rock band travels to the tiny and remote town of Grand Guignol to perform. Peopled by hicks, rubes, werewolves, murderous dwarves, sex perverts, and Hitler, the town is a strange place but that doesn't stop the band's lead singer from falling in love with a local girl named Cassie. After Nazi sex perverts kill the band to satisfy their lusts...",
    "genres" : [ {
      "id" : 35,
      "name" : "Comedy"
    }, {
      "id" : 27,
      "name" : "Horror"
    } ]
  }, {
    "id" : 28133,
    "title" : "One by One",
    "overview" : "In a place in Africa we follow a group of children preparing their kites for an adventure of their life.",
    "genres" : [ ]
  }, {
    "id" : 28138,
    "title" : "Dinosaur Island",
    "overview" : "Welcome to lush Dinosaur Island, where a tribe of gorgeous cavedwelling warrior women satisfy the exotic fantasies of five downed military airmen. Fearsome battles with the island's ferocious maneating dinosaurs are the only disruption of their seductive pleasures on this island paradise. Narrowly surviving with their lives, the rugged men fall under the seductive spell of their lovely captors and soon find their every dream fulfilled.",
    "genres" : [ {
      "id" : 12,
      "name" : "Adventure"
    }, {
      "id" : 35,
      "name" : "Comedy"
    }, {
      "id" : 14,
      "name" : "Fantasy"
    } ]
  }, {
    "id" : 28143,
    "title" : "Witchouse II: Blood Coven",
    "overview" : "When an old house in a small town is razed to make way for a shopping mall, the crew unearths four unmarked graves. A professor from a nearby university is asked to find out who the bodies are, but when she and her students arrive in town and begin to ask questions, they discover that no one wants to talk to them or help them in any way.",
    "genres" : [ {
      "id" : 27,
      "name" : "Horror"
    } ]
  }, {
    "id" : 28148,
    "title" : "Ninja III: The Domination",
    "overview" : "A female aerobic instructor is possessed by an evil spirit of a fallen ninja when coming to his aid. The spirit seeks revenge on those who killed him and uses the female instructor's body to carry out his mission. The only way the spirit will leave aerobic instructor's body is with the help of another ninja.",
    "genres" : [ {
      "id" : 27,
      "name" : "Horror"
    }, {
      "id" : 28,
      "name" : "Action"
    } ]
  }, {
    "id" : 28153,
    "title" : "It's Alive",
    "overview" : "Heavily pregnant Lenore Davis tells her husband, Frank, that she is in labor. They leave their eleven year-old son Chris with their friend Charley and they head to the Community Hospital. Lenore feels that something is wrong and delivers a monster that kills the team in the delivery room and escapes through a skylight. Lieutenant Perkins comes to the hospital to investigate the murder and the press divulges the identity of the parents. Frank discovers a dark secret about Lenore and the baby.",
    "genres" : [ {
      "id" : 27,
      "name" : "Horror"
    } ]
  }, {
    "id" : 28158,
    "title" : "How Porn Conquered The World",
    "overview" : "The porn industry lies on the verge of revolution. From mobile phones to virtual sex, new technologies will bring pornography deeper into every aspect of our lives.",
    "genres" : [ {
      "id" : 99,
      "name" : "Documentary"
    } ]
  }, {
    "id" : 28163,
    "title" : "Evil Ever After",
    "overview" : "No overview found.",
    "genres" : [ ]
  }, {
    "id" : 28168,
    "title" : "Blood Feast 2: All U Can Eat",
    "overview" : "Fuad Ramses III (J.P. Delahoussaye) returns to Miami to reopen his grandfather's defunct catering company. This arouses the interest of the local sheriff (Mark McLachlan), who holds Fuad's family reputation in ill favor. Fuad is soon, however, asked to cater the sheriff's wedding by his mother-in-law, Mrs. Lamply (Melissa Morgan), and fiancee, Tiffani (Toni Winne). After finding his grandfather's statue of Ishtar, an Egyptian goddess, in a utility closet, he becomes possessed by her evil spirit. He then goes on to create the 'blood feast' his grandfather failed to do, by killing young women in the area and making them into party food for the wedding.",
    "genres" : [ {
      "id" : 27,
      "name" : "Horror"
    } ]
  }, {
    "id" : 28173,
    "title" : "Troma's War",
    "overview" : "A small group of typical Tromaville citizens find themselves in the path of a terrorist army controlled by the power elite...",
    "genres" : [ {
      "id" : 35,
      "name" : "Comedy"
    }, {
      "id" : 27,
      "name" : "Horror"
    }, {
      "id" : 28,
      "name" : "Action"
    } ]
  }, {
    "id" : 28178,
    "title" : "Hachi: A Dog's Tale",
    "overview" : "A drama based on the true story of a college professor's bond with the abandoned dog he takes into his home.",
    "genres" : [ {
      "id" : 18,
      "name" : "Drama"
    }, {
      "id" : 10751,
      "name" : "Family"
    } ]
  }, {
    "id" : 28183,
    "title" : "Rage of the Werewolf",
    "overview" : "No overview found.",
    "genres" : [ ]
  }, {
    "id" : 28188,
    "title" : "Swamp Zombies!!!",
    "overview" : "A chief physician at a large metropolitan hospital is formulating a serum to resurrect recently deceased \"patients\".When his facility comes under inspection from the federal government, the doctor is forced to dispose of the \"patients\" as quick as possible even though they are in mid-experiment and he doesn't know if his serum even will work. With the help of the evil hospital operations manager, he manages to ditch the experiments in the neighboring swamplands. Little do they know, their serum works, the experiments rise to \"life\" and wreck havoc on a group of students conducting science experiments at the swamplands. With the help of a swamp hermit, a beautiful innocent bystander, a park ranger, and the police captain they try to piece together what has gone on... as well as survive",
    "genres" : [ {
      "id" : 27,
      "name" : "Horror"
    } ]
  }, {
    "id" : 28198,
    "title" : "Vampire in Venice",
    "overview" : "Professor Paris Catalano visits Venice, to investigate the last known appearance of the famous vampire Nosferatu during the carnival of 1786.",
    "genres" : [ {
      "id" : 27,
      "name" : "Horror"
    } ]
  }, {
    "id" : 28203,
    "title" : "men of israel",
    "overview" : "No overview found.",
    "genres" : [ ]
  }, {
    "id" : 28208,
    "title" : "Russell Brand: Scandalous",
    "overview" : "Filmed in front of 16,000 at London's O2, the most thrilling comedian of his generation delivers his first live DVD for two years. With 80 minutes of blistering, boundry-pushing stand-up, featuring Brand's first hand experience of hosting the MTV Video Music Awards, his rise to Hollywood fame, sexual notoriety and the media storm around 'Sachsgate'.",
    "genres" : [ {
      "id" : 35,
      "name" : "Comedy"
    } ]
  }, {
    "id" : 28213,
    "title" : "A Tale of Springtime",
    "overview" : "Simple conversations engender complicated human interactions. The first in Eric Rohmer's Four Seasons series, Conte de printemps (A Tale In Springtime) is the story of an introverted young girl (Florence Darel) just reaching adulthood who takes a liking to an older woman she meets at a party (Anne Teyssedre) and determines to match her off with her father (Hugues Quester), despite the latter's already having a lover of his own. There is a certain absurdity to this, apparent to both adults, who though both reluctantly attracted to each other resent Darel's attempts at matchmaking. Nevertheless, both of them are intelligent enough to understand that there is no 'proper' way to meet, and are alive to the possibilities that life brings them. Darel, for her part, is a persistent catalyst. As with all Rohmer films, the stage is set, in an age of increasing impermanence and uncertainty in human relationships, for a series of minimalist reflections on love and life.",
    "genres" : [ {
      "id" : 35,
      "name" : "Comedy"
    }, {
      "id" : 18,
      "name" : "Drama"
    }, {
      "id" : 10749,
      "name" : "Romance"
    } ]
  }, {
    "id" : 28218,
    "title" : "Deathstalker II",
    "overview" : "Deathstalker helps Reena the Seer out of a few jams, and she solicits his help for a bigger task. She reveals that she is actually Princess Evie, but the evil sorcerer had her abducted and cloned in order to seize control of the kingdom. Together they travel to the evil sorcerer's stronghold to restore the princess to her rightful position, encountering challenges along the way both from the sorcerer's goons and the fierce Amazon women.",
    "genres" : [ {
      "id" : 28,
      "name" : "Action"
    }, {
      "id" : 12,
      "name" : "Adventure"
    }, {
      "id" : 35,
      "name" : "Comedy"
    }, {
      "id" : 14,
      "name" : "Fantasy"
    } ]
  }, {
    "id" : 28223,
    "title" : "Creepozoids",
    "overview" : "The year is 1998, six years after the nuke wars reduced the world to rubble and a few bands of wandering survivors. One of these groups stumbles into an abandoned government research facility, where they were working on making the body capable of creating its own amino acids, thus obviating the need for food. They are then attacked by one of the leftover experiments and begin experiencing an attrition problem.",
    "genres" : [ {
      "id" : 878,
      "name" : "Science Fiction"
    }, {
      "id" : 27,
      "name" : "Horror"
    } ]
  }, {
    "id" : 28228,
    "title" : "The Jekyll and Hyde Portfolio",
    "overview" : "A man commits a series of murders due to his dual personalities and his zodiac birth sign.",
    "genres" : [ {
      "id" : 27,
      "name" : "Horror"
    } ]
  }, {
    "id" : 28238,
    "title" : "Hamlet",
    "overview" : "David Tennant stars in a film of the Royal Shakespeare Company's award-winning production of Shakespeare's great play. Director Gregory Doran's modern-dress production was hailed by the critics as thrilling, fast-moving and, in parts, very funny.",
    "genres" : [ {
      "id" : 18,
      "name" : "Drama"
    } ]
  }, {
    "id" : 28248,
    "title" : "Copperhead",
    "overview" : "Small town in the Wild West is attacked by poisonous snakes.",
    "genres" : [ {
      "id" : 28,
      "name" : "Action"
    }, {
      "id" : 27,
      "name" : "Horror"
    }, {
      "id" : 10770,
      "name" : "TV Movie"
    }, {
      "id" : 37,
      "name" : "Western"
    } ]
  }, {
    "id" : 28258,
    "title" : "The Secret Six",
    "overview" : "Bootlegger/cafe owner, Johnny Franks  recruits crude working man Scorpio to join his gang, masterminded by crooked criminal defense lawyer Newton. Scorpio eventually takes over Frank's operation, beats a rival gang, becomes wealthy and dominates the city for several years until a secret group of 6 masked businessmen have him prosecuted and sent to the electric chair.",
    "genres" : [ {
      "id" : 80,
      "name" : "Crime"
    }, {
      "id" : 18,
      "name" : "Drama"
    } ]
  }, {
    "id" : 28263,
    "title" : "Fifty/Fifty",
    "overview" : "Two bickering mercenaries are hired by the CIA to overthrow a South East Asian dictator.",
    "genres" : [ {
      "id" : 28,
      "name" : "Action"
    }, {
      "id" : 35,
      "name" : "Comedy"
    }, {
      "id" : 53,
      "name" : "Thriller"
    } ]
  }, {
    "id" : 28268,
    "title" : "I Was Born, But...",
    "overview" : "Two young brothers become the leaders of a gang of kids in their neighborhood. Ozu's charming film is a social satire that draws from the antics of childhood as well as the tragedy of maturity.",
    "genres" : [ {
      "id" : 35,
      "name" : "Comedy"
    }, {
      "id" : 18,
      "name" : "Drama"
    } ]
  }, {
    "id" : 28273,
    "title" : "The End of Summer",
    "overview" : "The Kohayakawa family is thrown into distress when childlike father Manbei takes up with his old mistress, in one of Ozu’s most deftly modulated blendings of comedy and tragedy.",
    "genres" : [ {
      "id" : 18,
      "name" : "Drama"
    } ]
  }, {
    "id" : 28278,
    "title" : "The Night Before Christmas: A Mouse Tale",
    "overview" : "Animated holiday feature for the entire family, destined to become a classic. Based on the beloved poem by Clement C. Moore, the story begins on Christmas Eve.",
    "genres" : [ {
      "id" : 16,
      "name" : "Animation"
    } ]
  }, {
    "id" : 28283,
    "title" : "The Secret of Dr. Orloff",
    "overview" : "A mad scientist creates a hideous monster to carry out his murderous plans.",
    "genres" : [ {
      "id" : 27,
      "name" : "Horror"
    } ]
  }, {
    "id" : 28288,
    "title" : "The Gay Divorcee",
    "overview" : "Guy Holden falls for Mimi Glossop without knowing she's married. She's trying to get a divorce, so her dizzy aunt and incompetent lawyer hire a professional correspondent to pose as her lover. When Guy unknowingly gives Mimi the code phrase, she thinks he's the faux beau; and she confuses his genuine interest for part of the act.",
    "genres" : [ {
      "id" : 35,
      "name" : "Comedy"
    }, {
      "id" : 10402,
      "name" : "Music"
    }, {
      "id" : 10749,
      "name" : "Romance"
    } ]
  }, {
    "id" : 28293,
    "title" : "Flying Down to Rio",
    "overview" : "A dance band leader finds love and success in Brazil. The first Fred Astaire-Ginger Rogers pairing.",
    "genres" : [ {
      "id" : 35,
      "name" : "Comedy"
    }, {
      "id" : 10402,
      "name" : "Music"
    }, {
      "id" : 10749,
      "name" : "Romance"
    } ]
  }, {
    "id" : 28298,
    "title" : "Eugénie",
    "overview" : "Eugenie, a beautiful but shy young girl, lives with her stepfather, a famous writer specializing in stories of erotica. One day she happens to read one of his \"erotic\" books and its power so affects her that begins to find herself sexually attracted to her stepfather. He notices this, and eventually brings her into his dark world of sexual perversion and murder.",
    "genres" : [ {
      "id" : 18,
      "name" : "Drama"
    }, {
      "id" : 53,
      "name" : "Thriller"
    } ]
  }, {
    "id" : 28303,
    "title" : "The Cheyenne Social Club",
    "overview" : "Two cowboys inherit a \"social club\" specializing in satisfying men.",
    "genres" : [ {
      "id" : 28,
      "name" : "Action"
    }, {
      "id" : 35,
      "name" : "Comedy"
    }, {
      "id" : 37,
      "name" : "Western"
    } ]
  }, {
    "id" : 28308,
    "title" : "The Body",
    "overview" : "An ancient skeleton has been discovered in Jerusalem in a rich man's tomb. Colouration of the wrist and leg bones indicates the cause of death was crucifiction. other signs, include a gold coin bearing the marks of Pontius Pilate and faint markings around the skull, lead authorities to suspect that these could be the bones of Jesus Christ. Politicians, clerics, religious extremists and those using terror as a means to an end, find their beliefs and identities test while risking their lives to unearth the truth.....",
    "genres" : [ {
      "id" : 18,
      "name" : "Drama"
    }, {
      "id" : 9648,
      "name" : "Mystery"
    }, {
      "id" : 10749,
      "name" : "Romance"
    }, {
      "id" : 53,
      "name" : "Thriller"
    } ]
  }, {
    "id" : 28313,
    "title" : "Losing Isaiah",
    "overview" : "Khaila Richards, a crack-addicted single mother, accidentally leaves her baby in a dumpster while high and returns the next day in a panic to find he is missing. In reality, the baby has been adopted by a warm-hearted social worker, Margaret Lewin, and her husband, Charles. Years later, Khaila has gone through rehab and holds a steady job. After learning that her child is still alive, she challenges Margaret for the custody.",
    "genres" : [ {
      "id" : 18,
      "name" : "Drama"
    } ]
  }, {
    "id" : 28318,
    "title" : "Hitcher in the Dark",
    "overview" : "Sick young man drives around in his daddy's camper, looking for lone stray females to kidnap, torture, rape, and murder.",
    "genres" : [ {
      "id" : 80,
      "name" : "Crime"
    }, {
      "id" : 27,
      "name" : "Horror"
    }, {
      "id" : 53,
      "name" : "Thriller"
    } ]
  }, {
    "id" : 28323,
    "title" : "I Will Fight No More Forever",
    "overview" : "Pursued by 2,000 US soldiers and cavalry, Chief Joseph leads his tribe of 800 Nez Perce on a 1,700 mile journey across the West and towards Canada. Based on the true story of the westward expansion of the United States and the military force used to displace Native Americans from their lands.",
    "genres" : [ {
      "id" : 28,
      "name" : "Action"
    }, {
      "id" : 18,
      "name" : "Drama"
    }, {
      "id" : 37,
      "name" : "Western"
    }, {
      "id" : 10752,
      "name" : "War"
    } ]
  }, {
    "id" : 28328,
    "title" : "Hard Sensation",
    "overview" : "Three escaped convicts, stranded on a Carribean island, invade the home of three wealthy schoolgirls.",
    "genres" : [ {
      "id" : 27,
      "name" : "Horror"
    }, {
      "id" : 53,
      "name" : "Thriller"
    } ]
  }, {
    "id" : 28333,
    "title" : "The Ladies Man",
    "overview" : "After his girl leaves him for someone else, Herbert gets really depressed and starts searching for a job. He finally finds one in a big house which is inhabited by many, many women. Can he live in the same home with all these females?",
    "genres" : [ {
      "id" : 35,
      "name" : "Comedy"
    } ]
  }, {
    "id" : 28338,
    "title" : "Evil Spawn",
    "overview" : "Microbes are brought back to earth via a space probe from Venus. A scientist is using them in experiments on aging, but dies before the work is finished. His assistant approaches an aging actress who is being passed by for the lead roles, and she injects the serum hoping to become young again. When the actress is still passed up for the plum roles, the alien bacterium transforms her into a hideous bug-like alien resulting in a predictable attrition problem amongst her detractors.",
    "genres" : [ {
      "id" : 27,
      "name" : "Horror"
    }, {
      "id" : 878,
      "name" : "Science Fiction"
    } ]
  }, {
    "id" : 28348,
    "title" : "Cirque Du Soleil: Kooza",
    "overview" : "The story of an innocent and charming clown who strives to find his own place in the world. KOOZA is a return to the origins of Cirque du Soleil. It combines two circus traditions - acrobatic performance and the art of clowning. Between strength and fragility, laughter and chills and turmoil and harmony. KOOZA is set in an electrify8ing and exotic visual world full of surprises, thrills, audacity and total involvement. filmed live in Toronto, Canada with 8 cameras in high definition.",
    "genres" : [ {
      "id" : 99,
      "name" : "Documentary"
    } ]
  }, {
    "id" : 28353,
    "title" : "Def Jam's How to Be a Player",
    "overview" : "Dray is a young playboy whose only objective in life seems to be to have sex with as many girls as he can without getting caught by his girlfriend Lisa. Dray's sister Jenny and her friend Katrina plan to show him that the way he lives is wrong and organize a party in Malibu, inviting all of his girlfriends.",
    "genres" : [ {
      "id" : 35,
      "name" : "Comedy"
    }, {
      "id" : 10749,
      "name" : "Romance"
    } ]
  }, {
    "id" : 28358,
    "title" : "Bloody Friday",
    "overview" : "Womansing thug Klett is sprung from the courthouse by two accomplices, then sets about planning the big heist of a local bank, equipped with a cache of high-powered weapons he's acquired from an American army outpost. Together with his faithful protégé, who reluctantly on-boards his young girlfriend and her AWOL brother, the quartet bumble their way through the supposedly full-proof plan that aims to deliver them a cool million in cash and a new life in Australia. Predictably, things deteriorate quickly at every turn. (from IMDB)",
    "genres" : [ {
      "id" : 80,
      "name" : "Crime"
    }, {
      "id" : 28,
      "name" : "Action"
    }, {
      "id" : 18,
      "name" : "Drama"
    } ]
  }, {
    "id" : 28363,
    "title" : "The Mad Magician",
    "overview" : "Vincent Price plays Gallico the great, an inventor of stage-magic effects who aspires to become a star in his own right. Just before his first performance, his act is shut down by capricious manager Ormond who wants Gallico's brilliant buzzsaw effect for the act of the Great Rinaldi, an established star. With this defeat, and the humiliation of having already lost his wife Claire to his rival, Gallico goes insane and uses the buzzsaw to decapitate his manager.",
    "genres" : [ {
      "id" : 27,
      "name" : "Horror"
    }, {
      "id" : 53,
      "name" : "Thriller"
    }, {
      "id" : 9648,
      "name" : "Mystery"
    } ]
  }, {
    "id" : 28368,
    "title" : "Gardens of Stone",
    "overview" : "A sergeant must deal with his desires to save the lives of young soldiers being sent to Vietnam. Continuously denied the chance to teach the soldiers about his experiences, he settles for trying to help the son of an old army buddy.",
    "genres" : [ {
      "id" : 18,
      "name" : "Drama"
    }, {
      "id" : 36,
      "name" : "History"
    } ]
  }, {
    "id" : 28373,
    "title" : "The House of the Seven Gables",
    "overview" : "In 1828, the bankrupt Pyncheon family fight over Seven Gables, the ancestral mansion. To obtain the house, Jaffrey Pyncheon obtains his brother Clifford's false conviction for murder. Hepzibah, Clifford's sweet fiancée, patiently waits twenty years for his release, whereupon Clifford and his former cellmate, abolitionist Matthew, have a certain scheme in mind.",
    "genres" : [ {
      "id" : 53,
      "name" : "Thriller"
    }, {
      "id" : 18,
      "name" : "Drama"
    } ]
  }, {
    "id" : 28378,
    "title" : "The Blizzard of AAHHH's",
    "overview" : "Greg Stump's rockumentary-style ski film inspired a whole new generation of skiers when it was first released in 1988. Taking a look at the heroes of the ski world -- both known and unknown -- Blizzard of Ahhhs features some of the best ski action ever filmed.",
    "genres" : [ ]
  }, {
    "id" : 28383,
    "title" : "Vampire's Seduction",
    "overview" : "No overview found.",
    "genres" : [ ]
  }, {
    "id" : 28388,
    "title" : "Severe Injuries",
    "overview" : "No overview found.",
    "genres" : [ {
      "id" : 18,
      "name" : "Drama"
    }, {
      "id" : 27,
      "name" : "Horror"
    } ]
  }, {
    "id" : 28393,
    "title" : "A Werewolf in the Amazon",
    "overview" : "No overview found.",
    "genres" : [ {
      "id" : 27,
      "name" : "Horror"
    }, {
      "id" : 35,
      "name" : "Comedy"
    } ]
  } ]
}