{
  "movies" : [ {
    "id" : 88423,
    "title" : "The Quiet Room",
    "overview" : "A seven-year-old girl adopts a vow of silence in protest when her quarrelsome parents grow increasingly hostile to one another.",
    "genres" : [ {
      "id" : 18,
      "name" : "Drama"
    }, {
      "id" : 10769,
      "name" : "Foreign"
    } ]
  }, {
    "id" : 88428,
    "title" : "The Volatile Woman",
    "overview" : "Widowed young, Masuda Etsuko runs a small-town garage/gas-station on her own. Nervous bank robber Sawada (he keeps throwing up when stressed) enters her life pretending to be a customer, and takes the meagre contents of her till at knifepoint. But his getaway is thwarted by the appearance of a cop on the forecourt, so he hides in her backroom and ties her up overnight. This turns out to be the start of a bizarre \"odd couple\" relationship, in which they alternate between attacking and wounding each other and dressing each other’s wounds. As advertised in the title, Etsuko’s emotional volatility (rooted in her possessiveness, which the script links with a passion for butterfly collecting) has a major bearing on the unexpected outcome.",
    "genres" : [ ]
  }, {
    "id" : 88448,
    "title" : "In the Mood",
    "overview" : "When 15-year-old Sonny Wisecarver has an affair with his older neighbor Francine and then runs off to marry her, a stern judge has the union annulled. Then, when Sonny finds himself before the same judge after getting involved with another woman in her 20s, the publicity from this case makes him the object of affection for millions of young women",
    "genres" : [ {
      "id" : 35,
      "name" : "Comedy"
    }, {
      "id" : 10749,
      "name" : "Romance"
    } ]
  }, {
    "id" : 88463,
    "title" : "Cinderella",
    "overview" : "Lotte Reiniger's interpretation of Grimm's recorded version of Aschenputtel (Cinderella) from 1922.",
    "genres" : [ {
      "id" : 16,
      "name" : "Animation"
    }, {
      "id" : 14,
      "name" : "Fantasy"
    } ]
  }, {
    "id" : 88478,
    "title" : "Any Questions for Ben?",
    "overview" : "For 27-year-old Ben, life couldn't be better. A well paid job, friends, parties, girls and nothing to tie him down. But when he is invited back to his old school to join several other ex-students including Alex and Jim in talking about their personal achievements, something goes wrong.",
    "genres" : [ {
      "id" : 35,
      "name" : "Comedy"
    } ]
  }, {
    "id" : 88498,
    "title" : "L'entrée des Trappistes",
    "overview" : "",
    "genres" : [ {
      "id" : 18,
      "name" : "Drama"
    }, {
      "id" : 10769,
      "name" : "Foreign"
    } ]
  }, {
    "id" : 88508,
    "title" : "Have a Little Faith",
    "overview" : "At age 82, Mitch Albom's former rabbi Albert Lewis wants the famous Detroit sportswriter to give his eulogy when the time comes. Albom makes a visit to his former home town in New Jersey, where Rabbi Lewis has served a congregation for about 50 years. Albom doesn't feel worthy, especially since he is no longer a practicing Jew and, in fact, he has married a Christian (who apparently isn't active either). Nevertheless, Rabbi Lewis says he is the one to do the job, and over the next eight years, Albom makes several visits back home and even attends some Sabbath services, where the good rabbi is determined to continue working and inspiring his flock even as his health declines.",
    "genres" : [ {
      "id" : 18,
      "name" : "Drama"
    } ]
  }, {
    "id" : 88518,
    "title" : "Angel of Destruction",
    "overview" : "Undercover cop Jo Alwood is out to avenge her sisters death at the hands of a serial killer.",
    "genres" : [ {
      "id" : 28,
      "name" : "Action"
    }, {
      "id" : 12,
      "name" : "Adventure"
    }, {
      "id" : 53,
      "name" : "Thriller"
    } ]
  }, {
    "id" : 88528,
    "title" : "Fighting Delinquents",
    "overview" : "This rarely seen gem from master Suzuki casts teenage heartthrob Koji Wada as a young misfit who suddenly finds himself the unwitting pawn in an escalating family feud that ultimately leads to tragedy.  Lean, mean, and stylish as always, this tale of youth-gone-wild is both vibrant and touching. Suzuki contrasts tranquil glimpses of traditional regional life with the emergence of the new rock 'n' roll youth culture and the greed and seething cynicism of encroaching Westernism.  Also released under the title \"Go To Hell, Hoodlums!\", this is a melodrama as colorful, shocking, and exhilarating as one would come to expect from Japan's master filmmaker.",
    "genres" : [ {
      "id" : 80,
      "name" : "Crime"
    }, {
      "id" : 28,
      "name" : "Action"
    } ]
  }, {
    "id" : 88548,
    "title" : "My Run",
    "overview" : "After tragically losing his wife to breast cancer and struggling to raise three young children on his own, real life super hero and modern day Forrest Gump, Terry Hitchcock seized on an idea. He wanted to accomplish the impossible: run 75 consecutive marathons in 75 consecutive days to bring attention to the incredibly difficult lives of single-parent families. He ran in spite of freezing rain and unbearable heat, in spite of chest pains and bone fractures that wracked his 57-year-old body. He just kept running - each day, every day - strengthening an unbreakable bond between father and son--- not stopping until he broke the finish line tape in Atlanta. MY RUN is more than a film about a guy running multiple marathons; it's a film about the daily marathons we all run in life.",
    "genres" : [ {
      "id" : 99,
      "name" : "Documentary"
    } ]
  }, {
    "id" : 88553,
    "title" : "The Blonde Fury",
    "overview" : "While celebrating the smashing of a big New York counterfeit ring, the G-men find out that the top funny money man, Wong, has slipped away. Blackbelt Cynthia Rothrock is ordered to Hong Kong to get Wong. In Hong Kong, Wong goes into the printing business. Ostensibly, he publishes a newspaper. But his real business is still the forging of bank notes.",
    "genres" : [ {
      "id" : 28,
      "name" : "Action"
    }, {
      "id" : 10769,
      "name" : "Foreign"
    } ]
  }, {
    "id" : 88558,
    "title" : "A Town Like Alice",
    "overview" : "In 1941, The advancing Japanese army captures a lot of British territory very quickly. The men are sent off to labor camps, but they have no plan on what to do with the women and children of the British.",
    "genres" : [ {
      "id" : 18,
      "name" : "Drama"
    }, {
      "id" : 10749,
      "name" : "Romance"
    } ]
  }, {
    "id" : 88568,
    "title" : "OOO, Den-O, All Riders: Let's Go Kamen Riders",
    "overview" : "The course of history is accidentally changed when Ankh leaves behind a Medal in the past after Kamen Rider OOO helps Den-O and New Den-O chase a Mole Imagin all the way back to November 11, 1971. When they return to the present time on April 1, 2011, they discover that Shocker succeeded in conquering the world and now Kamen Rider 1 and 2 are Shocker's top agents. In order to defeat Shocker, Kamen Rider OOO and the Den-Liner gang must travel back in time to gather other Kamen Riders to defeat Shocker and restore the proper timeline.",
    "genres" : [ {
      "id" : 28,
      "name" : "Action"
    }, {
      "id" : 12,
      "name" : "Adventure"
    }, {
      "id" : 878,
      "name" : "Science Fiction"
    } ]
  }, {
    "id" : 88573,
    "title" : "Headshot",
    "overview" : "A hitman named Tul is shot in the head during an assignment. When he wakes up from a two month coma Tul discovers that he literally sees everything upside down.",
    "genres" : [ {
      "id" : 18,
      "name" : "Drama"
    }, {
      "id" : 53,
      "name" : "Thriller"
    }, {
      "id" : 80,
      "name" : "Crime"
    } ]
  }, {
    "id" : 88583,
    "title" : "The Pursuit of Happiness",
    "overview" : "William Popper is the son of a stockbroker and is thoroughly disenchanted with \"the system.\" So much so that even though he can prove that he ran over a woman in his car entirely by accident, he accepts a sentence for manslaughter.",
    "genres" : [ {
      "id" : 18,
      "name" : "Drama"
    } ]
  }, {
    "id" : 88588,
    "title" : "Vendus",
    "overview" : "",
    "genres" : [ {
      "id" : 35,
      "name" : "Comedy"
    } ]
  }, {
    "id" : 88593,
    "title" : "Spy Quest",
    "overview" : "Spy Quest is one helluva thriller, with high tech sets and macho attitude. But it doesn't waste your time with tales of espionage. It's internal affairs that are a volcano of sex at TIO--that's the Titan Intelligence Organization--where eight hairy-chested, heavy-cocked and sweaty fuckers unleash their urgent need to take control, to dominate, to cum.",
    "genres" : [ ]
  }, {
    "id" : 88598,
    "title" : "Stag Fight",
    "overview" : "\"I have never seen porn like this before! Its new, its excellent, and its shocking!!\"--Chris Ward, President Raging Stallion Studios  Stag Fight is the first DVD put out by Stag Homme Studios, the hot new company owned by Damien Crosse and Francesco D'Macho! We think that Stag Homme might end up being the next big studio--yes, its that good. This is an absolute MUST OWN for all fans of Damien and Franceso--and for fans of incredible all male fucking and sucking. This is beautifully filmed filthy sex that will drive you wild.",
    "genres" : [ ]
  }, {
    "id" : 88613,
    "title" : "Magic of the Universe",
    "overview" : "Good-hearted circus magician Jamir accidentally causes his daughter to disappear. Jamir has to venture into a dangerous alternate dimension in order to rescue his wife, daughter and oafish chubby kid assistant from the vile clutches of evil, ugly, powerful witch Mikula and her grotesque army of freakish animal people minions.",
    "genres" : [ {
      "id" : 27,
      "name" : "Horror"
    }, {
      "id" : 14,
      "name" : "Fantasy"
    } ]
  }, {
    "id" : 88623,
    "title" : "Anton the Magician",
    "overview" : "",
    "genres" : [ {
      "id" : 18,
      "name" : "Drama"
    }, {
      "id" : 35,
      "name" : "Comedy"
    }, {
      "id" : 10749,
      "name" : "Romance"
    } ]
  }, {
    "id" : 88633,
    "title" : "Heroes Two",
    "overview" : "Director Chang Cheh begins his Shaolin Cycle with this solid kung fu actioner about a band of fighting Ming Dynasty loyalists branded as enemies of the state and driven underground following the burning of the Shaolin Temple by Qing Dynasty officials. Due to a misunderstanding, Shaolin kung fu prodigy Fong Sai-yuk (Alexander Fu Sheng) is duped into helping Qing agents to capture leading Shaolin rebel Hung Hei-gun (Chen Kuan-tai). Upon discovering his mistake, Sai-yuk teams up with the remaining rebels to free Hei-gun before his planned execution. Plotting to stop them is General Che Kang (Zhu Mu), a formidable Tibetan kung fu master who commands an army of fighters including four deadly Tibetan llamas.",
    "genres" : [ {
      "id" : 28,
      "name" : "Action"
    }, {
      "id" : 10769,
      "name" : "Foreign"
    } ]
  }, {
    "id" : 88643,
    "title" : "Dr. Kildare's Crisis",
    "overview" : "Jimmy Kildare's impending nuptials are jeopardized by a diagnosis of possible epilepsy in his fiancee's brother.",
    "genres" : [ {
      "id" : 18,
      "name" : "Drama"
    } ]
  }, {
    "id" : 88658,
    "title" : "Cold Feet",
    "overview" : "The leader of a group of misfits, his girlfriend and an assassin have devised a bizarre plan to smuggle stolen jewelry over the US/Mexican border. They implant the jewelry in a racing horse.",
    "genres" : [ {
      "id" : 80,
      "name" : "Crime"
    }, {
      "id" : 35,
      "name" : "Comedy"
    } ]
  }, {
    "id" : 88673,
    "title" : "April Morning",
    "overview" : "A teenager grows up during the onset of the American revolution.",
    "genres" : [ {
      "id" : 18,
      "name" : "Drama"
    } ]
  }, {
    "id" : 88678,
    "title" : "Francis in the Haunted House",
    "overview" : "A Ha-Ha-Haunted House Has Got 'Em! ...and it's every ghost for himself!",
    "genres" : [ {
      "id" : 14,
      "name" : "Fantasy"
    }, {
      "id" : 35,
      "name" : "Comedy"
    }, {
      "id" : 27,
      "name" : "Horror"
    } ]
  }, {
    "id" : 88703,
    "title" : "Kennedy's Brain",
    "overview" : "A young Swedish freelance investigative journalist dies under mysterious circumstances in South Africa, and his mother sets off in a relentless pursuit of the truth behind his death.",
    "genres" : [ {
      "id" : 53,
      "name" : "Thriller"
    } ]
  }, {
    "id" : 88718,
    "title" : "Paura",
    "overview" : "",
    "genres" : [ {
      "id" : 27,
      "name" : "Horror"
    }, {
      "id" : 53,
      "name" : "Thriller"
    } ]
  }, {
    "id" : 88758,
    "title" : "Getting Even",
    "overview" : "A soldier-of-fortune steals some Russian nerve gas from Afghanistan, and brings it to the U.S. to be analyzed. A greedy millionaire rancher finds out about it and sets out to steal it.",
    "genres" : [ ]
  }, {
    "id" : 88768,
    "title" : "Tweety Pie",
    "overview" : "Thomas the cat finds Tweety in the snow, warming himself by a cigar butt. Thomas's mistress rescues the little yellow bird before her cat can devour him, but Thomas doesn't give up.",
    "genres" : [ {
      "id" : 16,
      "name" : "Animation"
    }, {
      "id" : 10751,
      "name" : "Family"
    }, {
      "id" : 35,
      "name" : "Comedy"
    } ]
  }, {
    "id" : 88773,
    "title" : "Little Bigfoot 2: The Journey Home",
    "overview" : "A single father and his children come to Little Bigfoot's rescue when a wealthy landowner hunts him down, hoping to use him as a profitable circus attraction.",
    "genres" : [ {
      "id" : 10751,
      "name" : "Family"
    } ]
  }, {
    "id" : 88798,
    "title" : "Something Short of Paradise",
    "overview" : "A young couple in New York are having problems with their relationship.",
    "genres" : [ {
      "id" : 18,
      "name" : "Drama"
    }, {
      "id" : 35,
      "name" : "Comedy"
    }, {
      "id" : 10749,
      "name" : "Romance"
    } ]
  }, {
    "id" : 88803,
    "title" : "The Silver Fleet",
    "overview" : "Jaap van Leyden is in charge of a shipyard in newly occupied Holland. At first he collaborates with the Germans because it is the easiest course to follow. Later a child's rhyme reminds him of his patriotic duty, but how best to resist the Nazis without endangering his wife and fellow workers?",
    "genres" : [ {
      "id" : 18,
      "name" : "Drama"
    }, {
      "id" : 10752,
      "name" : "War"
    } ]
  }, {
    "id" : 88818,
    "title" : "The Object of Beauty",
    "overview" : "A valuable piece of art is stolen from a couple.",
    "genres" : [ {
      "id" : 18,
      "name" : "Drama"
    }, {
      "id" : 35,
      "name" : "Comedy"
    }, {
      "id" : 80,
      "name" : "Crime"
    }, {
      "id" : 10769,
      "name" : "Foreign"
    } ]
  }, {
    "id" : 88823,
    "title" : "Blood Massacre",
    "overview" : "A gang are on the run after a video store robbery goes wrong and results in a death. One of their party, Rizzo is maybe not as stable as he should be. Hiding out at a family's farm house, events unfold that reveal not everything is as it seems. Who will survive the Blood Massacre?",
    "genres" : [ {
      "id" : 27,
      "name" : "Horror"
    }, {
      "id" : 80,
      "name" : "Crime"
    } ]
  }, {
    "id" : 88853,
    "title" : "As Cartas Psicografadas Por Chico Xavier",
    "overview" : "",
    "genres" : [ {
      "id" : 99,
      "name" : "Documentary"
    } ]
  }, {
    "id" : 88863,
    "title" : "Caught Up",
    "overview" : "Daryl gets out of jail after 5 years. His mother has died, his girlfriend is married, and he can't find a job. His new girlfriend Vanessa, whom he meets when a gunman opens fire on them, gets him a job as a car driver. Hitmen are still after them, and Vanessa tells Daryl that this is her former lover Ahmad who wants revenge.",
    "genres" : [ {
      "id" : 18,
      "name" : "Drama"
    }, {
      "id" : 53,
      "name" : "Thriller"
    }, {
      "id" : 80,
      "name" : "Crime"
    } ]
  }, {
    "id" : 88878,
    "title" : "Tic Tac, Luca Torelli es Torpedo",
    "overview" : "An outraged watchmaker wants revenge on his adulterous wife and his partner. He wants Torpedo to take care of them, blowing them up...",
    "genres" : [ {
      "id" : 16,
      "name" : "Animation"
    }, {
      "id" : 80,
      "name" : "Crime"
    } ]
  }, {
    "id" : 88893,
    "title" : "Scream of Stone",
    "overview" : "A meeting of two world famous climbers, one an experienced mountaineer the other a sport climber, and a journalist (Ivan) results in a bet on which of the two is the best climber. Roger (the mountaineering expert) states that Martin (the sport climber) wouldn't survive a day on a 'real' climbing expedition, although he is considered to be the world's best sport climber (having just won an indoor 'world championship,' an event depicted in the opening scene). They plan to climb 'Cerro Torre,' in the Patagonia region of South America, near the Argentinian/Chilean border, one of the world's most difficult mountains, especially considering the extreme weather conditions common to the area.",
    "genres" : [ {
      "id" : 12,
      "name" : "Adventure"
    }, {
      "id" : 18,
      "name" : "Drama"
    }, {
      "id" : 99,
      "name" : "Documentary"
    } ]
  }, {
    "id" : 88913,
    "title" : "Bujang Telajak",
    "overview" : "\"Bujang Telajak\" tells the story of three best friends, played by Saiful, Nabil dan Johan, who fall in love with the same girl, named Puteri (Fazura) and end up competing with each other. The three of them are actually professional magicians, who met Puteri while filming for a commercial. The three friends decide to follow Puteri to learn more about her, only to discover that she is also a kindergarten teacher and part-time model. In order to get closer to Puteri, Saiful turns to her blind father, Haji Hashim (Mustapha Kamal) hoping to hear her secrets from him. To his surprise, Saiful is told by Hashim that Puteri longs to marry with someone who is handicapped, as she believes that it is the only way that she will obtain true love like her mother. And so begins the disguise of the three friends as disabled individuals in order to win Puteri's heart, including sabotaging each other. Who will triumph in this comedic love story?",
    "genres" : [ ]
  }, {
    "id" : 88918,
    "title" : "Boys & Men Healing",
    "overview" : "Boys and Men Healing is a documentary about the impact the sexual abuse of boys has on both the individual and society, and the importance of healing and speaking out for male survivors to end the devastating effects. The film portrays stories of three courageous non-offending men whose arduous healing helped them reclaim their lives—while giving them a powerful voice to speak out, and take bold action toward prevention for other boys.  The film includes a support group of men and is testimony to the importance of men finding safe places to support one another and share their stories together.",
    "genres" : [ {
      "id" : 99,
      "name" : "Documentary"
    } ]
  }, {
    "id" : 88933,
    "title" : "Adventures of Rusty",
    "overview" : "Fearing that his recently-acquired step-mother, Ann Dennis, is competing with him for his father's affections, and saddened by the death of his dog, young Danny Mitchell, in the first film of the long-running \"Rusty\" series, seeks consolation in the companionship of a ferocious, Nazi-trained police dog, Rusty, brought to the U.S. by a returning WWII-veteran. The step-mother, with tender understanding, eventually wins Danny over while Danny pacifies his new dog.",
    "genres" : [ {
      "id" : 10751,
      "name" : "Family"
    }, {
      "id" : 12,
      "name" : "Adventure"
    } ]
  }, {
    "id" : 88953,
    "title" : "The Ear",
    "overview" : "Husband (senior ministry official) and wife find their house is riddled with listening devices put there by his own ministry. A harrowing night follows (reminiscent of 'Who's Afraid Of Virginia Woolf'), and the resolution is worse  than being carted off to jail",
    "genres" : [ {
      "id" : 9648,
      "name" : "Mystery"
    }, {
      "id" : 53,
      "name" : "Thriller"
    }, {
      "id" : 18,
      "name" : "Drama"
    }, {
      "id" : 27,
      "name" : "Horror"
    } ]
  }, {
    "id" : 88978,
    "title" : "Death Valley",
    "overview" : "Lo Wei was twenty years into his notable career when he wrote, directed, and co-starred in this tale of a murdered lord, a hired killer who unknowingly becomes friends with his intended victim, a vicious bandit chief, a kind blind woman, and a death duel which explodes into an ambush and then a slaughter. Star Yueh Hua would go on to an exceptional acting career, while Lo himself would give both Bruce Lee and Jackie Chan their \"big breaks.\"",
    "genres" : [ {
      "id" : 28,
      "name" : "Action"
    }, {
      "id" : 10769,
      "name" : "Foreign"
    } ]
  }, {
    "id" : 88983,
    "title" : "Cannibal World",
    "overview" : "The network where the famous anchorwoman Grace Forsyte works, is collapsing and she would do everything to regain the favour of the audience, therefore she convinces her professional team to go to the Amazon jungle for a sensational scoop about the cannibals",
    "genres" : [ {
      "id" : 12,
      "name" : "Adventure"
    }, {
      "id" : 27,
      "name" : "Horror"
    } ]
  }, {
    "id" : 88993,
    "title" : "Karate Kallie",
    "overview" : "An Afrikaans story about a chubby 17-year old (Kallie) who struggles to fit in in his new school. On top of that, luck has it that he falls in love with the school bully's sister.",
    "genres" : [ {
      "id" : 10749,
      "name" : "Romance"
    }, {
      "id" : 35,
      "name" : "Comedy"
    } ]
  }, {
    "id" : 89008,
    "title" : "The Oranges",
    "overview" : "A man's (Hugh Laurie) affair with his friend's much-younger daughter (Leighton Meester) throws two neighboring families into turmoil.",
    "genres" : [ {
      "id" : 35,
      "name" : "Comedy"
    }, {
      "id" : 10749,
      "name" : "Romance"
    }, {
      "id" : 18,
      "name" : "Drama"
    } ]
  }, {
    "id" : 89018,
    "title" : "Zores",
    "overview" : "",
    "genres" : [ ]
  }, {
    "id" : 89038,
    "title" : "Yes: Keys To Ascension",
    "overview" : "Yes: Keys To Ascension",
    "genres" : [ {
      "id" : 10402,
      "name" : "Music"
    } ]
  }, {
    "id" : 89053,
    "title" : "Vleugels",
    "overview" : "",
    "genres" : [ {
      "id" : 35,
      "name" : "Comedy"
    }, {
      "id" : 10749,
      "name" : "Romance"
    } ]
  }, {
    "id" : 89068,
    "title" : "Deep Core",
    "overview" : "A powerful laser machine rips the core of the earth causing earthquakes and tsunamis, and only one man and his team can save the planet from destruction. Will they succeed? Action, suspense and disaster for fans of the genre.",
    "genres" : [ {
      "id" : 28,
      "name" : "Action"
    }, {
      "id" : 878,
      "name" : "Science Fiction"
    }, {
      "id" : 53,
      "name" : "Thriller"
    } ]
  }, {
    "id" : 89088,
    "title" : "Our Own Oslo",
    "overview" : "The comedy Our Own Oslo is an everyday love story. We follow the strained courtship of the wildly differing Harald, forty year old engineer and Vilborg, an unemployed single mother. They are both tangled up in their own pasts and their attempts at love end in disaster.",
    "genres" : [ {
      "id" : 35,
      "name" : "Comedy"
    }, {
      "id" : 10749,
      "name" : "Romance"
    } ]
  }, {
    "id" : 89093,
    "title" : "Fanny & Elvis",
    "overview" : "",
    "genres" : [ {
      "id" : 18,
      "name" : "Drama"
    }, {
      "id" : 10769,
      "name" : "Foreign"
    } ]
  }, {
    "id" : 89098,
    "title" : "Union City",
    "overview" : "A 1950s accountant (Dennis Lipscomb) with a restless wife (Deborah Harry) grows paranoid after hiding a milk thief's corpse next door.",
    "genres" : [ {
      "id" : 35,
      "name" : "Comedy"
    }, {
      "id" : 18,
      "name" : "Drama"
    }, {
      "id" : 9648,
      "name" : "Mystery"
    } ]
  }, {
    "id" : 89108,
    "title" : "Comedy Makes You Cry",
    "overview" : "This story is a description of how modern people search for their happiness and self-worth in Taipei City. In order to make a living, a man and a woman applied for a job as Call Man and Call Girl in the same day coincidentally, and they also sat out with the same taxi in that day. More spontaneously, due to various factors, both of them always fail to get clients which produced a lot of funny accidents. Finally, these pitiful and ridiculous \"chicken and duck\" have an opportunity to break the shackles on their body toward the well-being reality. The film's unique humor in trying to approach the interpretation of the most true humanity.",
    "genres" : [ {
      "id" : 35,
      "name" : "Comedy"
    }, {
      "id" : 18,
      "name" : "Drama"
    } ]
  }, {
    "id" : 89143,
    "title" : "In The Woods",
    "overview" : "Two hunters who have journeyed deep into the woods stumble across a burial site. They decide to dig it up. It is only after they uncover a strange horned skull amongst the artifacts that they become aware of the evil they have unleashed. Getting out of the woods becomes a nightmare for the two men.",
    "genres" : [ {
      "id" : 27,
      "name" : "Horror"
    } ]
  }, {
    "id" : 89148,
    "title" : "Grand National Night",
    "overview" : "The story of a husband's implication in his wife's death, his stupid disposal of her body and the police enquiry which almost embroils him in a murder charge.",
    "genres" : [ {
      "id" : 80,
      "name" : "Crime"
    }, {
      "id" : 53,
      "name" : "Thriller"
    } ]
  }, {
    "id" : 89153,
    "title" : "Christopher Titus: Neverlution",
    "overview" : "Neverlution debuted at the Montreal Comedy festival in 2010 to standing ovations. In it, Titus talks about bringing the country back to its former glory, the new generation, and politics. Comedy Central Records released a double CD of Neverlution on June 28, 2011.The 105 minute Neverlution DVD was available for pre order on August 3, 2011 and shipped on August 15, 2011. In a change from his earlier deals with distribution companies Titus got the rights to his special and will only distribute it through his website christophertitus.com. Titus believes that the web will make it so that artists can make the most with their art and support their fans better and the special aired on Comedy Central on July 3, 2011",
    "genres" : [ {
      "id" : 35,
      "name" : "Comedy"
    } ]
  }, {
    "id" : 89158,
    "title" : "The President's Lady",
    "overview" : "The story of president Andrew Jackson from his early years, through his meeting with and subsequent marriage to Rachel Donelson Robards. The plot concentrates on the later scandal concerning the legality of their marriage and how they overcame the difficulties.",
    "genres" : [ {
      "id" : 18,
      "name" : "Drama"
    } ]
  }, {
    "id" : 89168,
    "title" : "Phulkumar",
    "overview" : "A boy orphaned at birth grows up making his flower garden, trancing a flower fairy of that garden as his illusioned mother. Like a fresh flower, he scents the world inside him apart from the realities of society. But when his flower is plucked eventually by the force of his fate, he discovers friendship, love, passion and finally hatred that drowns him, tearing his petals, under the water.",
    "genres" : [ ]
  }, {
    "id" : 89173,
    "title" : "1978 FIA Formula One World Championship Season Review",
    "overview" : "1978 Ferrari and Lauda had now gone their separate ways despite winning the championship together in ‘77. Lauda moved to Brabham and Ferrari took on the young Gilles Villeneuve. Frank Williams and Patrick Head formed Williams Grand Prix Engineering, mounting their first title challenge with Alan Jones in the driving seat.  Tyrrell had reverted back to four wheels from their radical six-wheeled P34, and this year it was Brabham who turned heads with the introduction of their BT-46B ‘fan car’. On its first Grand Prix in Sweden it took first place only to be banned from future competition by the FIA.",
    "genres" : [ {
      "id" : 99,
      "name" : "Documentary"
    } ]
  }, {
    "id" : 89183,
    "title" : "Positive I.D.",
    "overview" : "A plain suburban housewife, the past victim of a brutal assault, is still having trouble coping with the incident a year later...",
    "genres" : [ {
      "id" : 18,
      "name" : "Drama"
    }, {
      "id" : 80,
      "name" : "Crime"
    }, {
      "id" : 53,
      "name" : "Thriller"
    } ]
  }, {
    "id" : 89208,
    "title" : "1990 FIA Formula One World Championship Season Review",
    "overview" : "The 1990 Formula 1 season was the last time Senna and Prost would have such an intense battle for a championship. In '91 Prost was nowhere near. In '93 Senna was nowhere near.  That first corner accident at Suzuka is one of the defining moments in all of motorsport history, and it wasn't just the title challengers providing the sparks. Mansell's brilliant move on Berger in Mexico is an example, as was Piquet's battle with Mansell in Australia.  1990 was also the season that the pathetic Life team tried to enter. However, the video fails to mention the fact that the team could only manage a 7 minute lap around Imola (that's over 5 and a half minutes off the pace!) in prequalifying, and also the fact that they had a 350bhp engine, compared to the 700+ used by nearly everyone else.  The season wasn't without it's accidents. We don't get to see Martin Donnelly's accident in his Lotus in Spain, however team mate Derek Warwick has a cracking smash at Monza.",
    "genres" : [ {
      "id" : 99,
      "name" : "Documentary"
    } ]
  }, {
    "id" : 89223,
    "title" : "Snuff Trap",
    "overview" : "Michelle lives in Paris with René, who is influential politicians. One morning as Michelle discovers that her 18-year-old daughter Lauren has not come home from a pub tonight. René does not want to involve the police, because he does not want a scandal that could affect his political career negative. They decide instead to hire a private investigator. It turns out that Lauren has been kidnapped to be used by a gang producing snuff. Detective withdraws from the case, however, because he fears for his life and Michelle decides to find their own daughter. The hunt goes by porn swamps in Paris, Amsterdam and Hamburg.",
    "genres" : [ {
      "id" : 9648,
      "name" : "Mystery"
    }, {
      "id" : 53,
      "name" : "Thriller"
    } ]
  }, {
    "id" : 89253,
    "title" : "Like Father Like Son",
    "overview" : "Life for Dee Stanton is improving at every turn. Her legal career is blossoming and her boyfriend Dominic unexpectedly proposes to her. Things were very different 11 years ago when her husband Paul was jailed for the brutal murders of four girls and Dee was hounded from her home. Dee has kept all this a secret from her 15-year-old son Jamie. Now he has discovered the truth about his father and demands to see him.",
    "genres" : [ {
      "id" : 80,
      "name" : "Crime"
    }, {
      "id" : 18,
      "name" : "Drama"
    }, {
      "id" : 10769,
      "name" : "Foreign"
    }, {
      "id" : 9648,
      "name" : "Mystery"
    }, {
      "id" : 53,
      "name" : "Thriller"
    } ]
  }, {
    "id" : 89258,
    "title" : "Mystery Woman: Redemption",
    "overview" : "Samantha Kinsey is the owner of the Mystery Woman bookstore and an expert in criminology. This time she will have to solve the murder of a war veteran. As always, she will face the police chief Connor, who will try by all means to derail the investigation of Samantha and her friend, the district attorney.",
    "genres" : [ {
      "id" : 9648,
      "name" : "Mystery"
    }, {
      "id" : 80,
      "name" : "Crime"
    }, {
      "id" : 53,
      "name" : "Thriller"
    } ]
  }, {
    "id" : 89283,
    "title" : "This Beautiful City",
    "overview" : "Friday night in Toronto’s lower west end. Chatter from a dinner party in Harry and Carol’s nouveau riche condo drifts through an open balcony door, as two freebase cokeheads, Pretty and Johnny, have a party on their own in the alley below. As the dinner guests leave, the hostess is nowhere to be found. Until, a wet thud and a sharp scream rise up to the balcony.  Pretty stares in horror at Carol’s body, splayed on the alley floor, as Harry screams for help from above. The sharp burst of police sirens sends the cokeheads running as Peter, a middle aged police officer, sprints from his cruiser to check Carol’s vitals.  Rocket forward three months and these five disparate lives begin to cataclysmically intersect through weaving multi-narrative story arcs that release spurts and geysers of long-suppressed sexuality and aggression.  Beautiful things can happen when you hit rock bottom.",
    "genres" : [ {
      "id" : 18,
      "name" : "Drama"
    } ]
  }, {
    "id" : 89288,
    "title" : "Loco por Machín",
    "overview" : "A grotesque story starring a man obsessed with Antonio Machin, whose only desire was always to be black.",
    "genres" : [ {
      "id" : 35,
      "name" : "Comedy"
    } ]
  }, {
    "id" : 89308,
    "title" : "The Dumbfounded King",
    "overview" : "Spain, under Philip IV (1621-1665). The film is based on a novel by Gonzalo Torrente Ballester. The King (Gabino Diego) is stunned to see the naked body of Marfisa (Laura del Sol), the most beautiful prostitute of the town and Court. After that, he also wants to see the Queen (Anne Roussel) naked. However, the King, despite the opposition and the scandal of the Church, will not stop until he reaches his wishes.",
    "genres" : [ {
      "id" : 36,
      "name" : "History"
    } ]
  }, {
    "id" : 89313,
    "title" : "Car Bomb",
    "overview" : "Forget about nuclear missiles, the decisive weapon of the twentieth century is the car bomb. After Iraq we now know you can defeat a Superpower, start a civil war or just blow up your own Government with a trunk load of home-made explosives and a battered old car. From the Middle East, Oklahoma, Ireland and the streets of the City of London the car bomb has shaped human conflict. Even today the car bomb remains the number one terrorist threat across the world. In this film, ex-CIA agent Robert Baer uncovers the history of this extraordinary weapon. With footage of car bomb attacks and interviews with car bombers, Baer reveals how the century of the car turned into the century of the car bomb. And how a dream of freedom turned nightmare.",
    "genres" : [ {
      "id" : 99,
      "name" : "Documentary"
    }, {
      "id" : 10752,
      "name" : "War"
    } ]
  }, {
    "id" : 89318,
    "title" : "Ham & Cheese",
    "overview" : "Two talentless actors attempt to make it in the cruel world of showbiz. Without an ounce of talent between the two of them and their only strength being persistence, they'll do almost anything to attain their dream. Except let it go.",
    "genres" : [ {
      "id" : 35,
      "name" : "Comedy"
    } ]
  }, {
    "id" : 89323,
    "title" : "Dirty Hands: The Art & Crimes of David Choe",
    "overview" : "Los Angeles artist David Choe's kaleidoscopic work can be playful, confrontational and sexually frank. His personal life is no less complicated, as revealed by close friend Harry Kim, who documented Choe's life and crimes from 2000 to 2007. From the manic highs of commercial success and dinosaur hunting in the Congo to the self-destructive lows of Japanese jail sentences and bouts of self-doubt and depression, what begins as a gleeful portrait of a bad-boy artist slowly becomes a poignant celebration of one man's journey, both artistically and spiritually, toward his own uncertain salvation. Written by Travis Miles",
    "genres" : [ {
      "id" : 99,
      "name" : "Documentary"
    }, {
      "id" : 80,
      "name" : "Crime"
    } ]
  }, {
    "id" : 89328,
    "title" : "Jiggery Pokery",
    "overview" : "",
    "genres" : [ ]
  }, {
    "id" : 89333,
    "title" : "Catwalk",
    "overview" : "A documentary following Christy Turlington and other models during spring fashion week in Milan, Paris and New York.",
    "genres" : [ {
      "id" : 99,
      "name" : "Documentary"
    } ]
  }, {
    "id" : 89353,
    "title" : "Fear & Shivers",
    "overview" : "",
    "genres" : [ {
      "id" : 35,
      "name" : "Comedy"
    } ]
  }, {
    "id" : 89358,
    "title" : "The Junior Olsen Gang and the Black Gold",
    "overview" : "The story is set in the 1960s. Norwegian engineers are searching for oil and our main character, Egon Olsen, convinces his friends to buy stocks in the oil market In the process, Egon, stumbles upon a scheme to fool the Norwegian Government that there is indeed no traces of oil in the North Sea. The Olsen Gang tries to tell the ministry the truth about the oil but they are caught by the bad guy, Sheik El-Altan, who in order to make sure the boys keep their mouths shut, kidnaps, Valborg, and brings her to Egypt. Egon and his two friends decide to rescue Valborg and embark upon an adventurous trip to Egypt and the Pyramids.",
    "genres" : [ {
      "id" : 12,
      "name" : "Adventure"
    }, {
      "id" : 10751,
      "name" : "Family"
    } ]
  }, {
    "id" : 89378,
    "title" : "In the Belly of the Beast",
    "overview" : "For 11 years, the FantAsia Film Festival in Montreal has been the premiere showcase in North America of fantasy, horror and action films from around the world. Every July, sold out crowds of 900 line up around the block before each screening; the festival itself lasts approximately 3 weeks. Shot during the 2 year of the festival in 1997, In the Belly of the Beast chronicles the intense struggles that five filmmakers in attendance went through to complete their films. Crew rebellions, corporate embezzlers and bankrupt studios are just a few of the memories conjured up during candid interviews, while the camera captures the latest challenge: the public acceptance - or rejection - of their films.",
    "genres" : [ ]
  }, {
    "id" : 89383,
    "title" : "Bigard - Oh Ben Oui !",
    "overview" : "",
    "genres" : [ {
      "id" : 35,
      "name" : "Comedy"
    } ]
  }, {
    "id" : 89398,
    "title" : "Revenge of the Radioactive Reporter",
    "overview" : "A young newspaper reporter becomes a horrible crusty-faced zombie following a radioactive contamination.",
    "genres" : [ {
      "id" : 27,
      "name" : "Horror"
    } ]
  }, {
    "id" : 89403,
    "title" : "Dear God No!",
    "overview" : "A gang of outlaw bikers pull a home invasion on a disgraced Anthropologist hiding a secret locked in his cabin basement.",
    "genres" : [ {
      "id" : 27,
      "name" : "Horror"
    }, {
      "id" : 35,
      "name" : "Comedy"
    } ]
  }, {
    "id" : 89408,
    "title" : "Macbeth",
    "overview" : "Anthony Sher and Harriet Walter star in a highly-acclaimed screen version of William Shakespeare's classic story of tyranny and ambition.  On the stage this Royal Shakespeare Company presentation was universally lauded.  Following sell-out seasons at Statford's Swan Theatre and in London, the production played Japan and in the United States, where The New York Times praised director Gregory Doran's interpretation as a \"harrowing and disturbingly funny parable for the dawn of the 21st century\".  To make this compelling screen version, Gregory Doran worked with all of the original cast and filmed at London's Roundhouse.  Brilliantly shot by director of photography Ernie Vincze, the production uses the edgy techniques of fly-on-the-wall documentaries.  The effect is raw, intimate and strikingly dynamic.",
    "genres" : [ ]
  }, {
    "id" : 89418,
    "title" : "The Painted Smile",
    "overview" : "Jo and Mark are working the \"outraged husband\" racket when they fall foul of the sinister Kleinie....",
    "genres" : [ {
      "id" : 53,
      "name" : "Thriller"
    } ]
  }, {
    "id" : 89423,
    "title" : "Ljublju i tochka",
    "overview" : "",
    "genres" : [ {
      "id" : 35,
      "name" : "Comedy"
    }, {
      "id" : 10749,
      "name" : "Romance"
    } ]
  }, {
    "id" : 89428,
    "title" : "Tremendous Dynamite: Making Hombre Lobo",
    "overview" : "Hombre Lobo: 12 Songs of Desire is the seventh studio album by American rock band Eels, released on June 2, 2009. Hombre Lobo is Spanish for \"werewolf.\" On March 31, 2009, the band made the track \"Fresh Blood\" available on Spinner.com, explaining that the song would be the lead single for the album. A documentary entitled Tremendous Dynamite was filmed to document the recording of the album. The cover art is a tribute to the famous Cuban cigar brand Cohiba.",
    "genres" : [ {
      "id" : 10402,
      "name" : "Music"
    }, {
      "id" : 99,
      "name" : "Documentary"
    } ]
  }, {
    "id" : 89433,
    "title" : "Big Bullet",
    "overview" : "Hotheaded cop Bill Zhu (Lau Ching-wan) gets relegated to the Emergency Unit after a dustup with his inept boss. When the mob kills Zhu's pal and ex-colleague (Francis Ng) during a turf-war hit, he rounds up his motley department cohorts and embarks on a mission of revenge against the gangsters. The pursuit of the baddies culminates in a hair-raising showdown atop a hijacked transport plane in this action thriller.",
    "genres" : [ {
      "id" : 28,
      "name" : "Action"
    }, {
      "id" : 80,
      "name" : "Crime"
    } ]
  }, {
    "id" : 89438,
    "title" : "Was weg is, is weg",
    "overview" : "",
    "genres" : [ {
      "id" : 35,
      "name" : "Comedy"
    } ]
  }, {
    "id" : 89443,
    "title" : "Intruso",
    "overview" : "In childhood and youth, the three were \"the inseparables.\" Luisa married Ángel, then two years later, she left him to marry Ramiro. After ten years, Ángel reappears, back from South America, broke and ill. Luisa is overcome with sentimentality and, over Ramiro's objections, takes Ángel into their house. Ángel is bitter, he and Ramiro have shifted from best friends to enemies. Luisa wants to be in love with both. Ramiro hopes he can wait out Ángel's declining health, and Luisa wants to heal Ángel through force of will. What is Ángel's plan? Observing the roiling emotions are Luisa and Ramiro's precocious young children. Who's in danger here?",
    "genres" : [ {
      "id" : 18,
      "name" : "Drama"
    }, {
      "id" : 10769,
      "name" : "Foreign"
    } ]
  }, {
    "id" : 89448,
    "title" : "Florbela",
    "overview" : "The life of Florbela Espanca.",
    "genres" : [ {
      "id" : 36,
      "name" : "History"
    }, {
      "id" : 18,
      "name" : "Drama"
    } ]
  }, {
    "id" : 89453,
    "title" : "Love",
    "overview" : "Told through a looping, non-linear narrative from each of the characters' points of view, the film reconstructs the stories of a Yugoslav hit man, his former lover and her police officer boyfriend, as their paths cross in New York.",
    "genres" : [ ]
  }, {
    "id" : 89458,
    "title" : "Crayon Shin-chan: Pursuit of the Balls of Darkness",
    "overview" : "The Nohara family gets involved in a dispute between two clans who are fighting to possess a sphere claimed to be able to bring back to life a powerful evil spirit.",
    "genres" : [ {
      "id" : 16,
      "name" : "Animation"
    }, {
      "id" : 35,
      "name" : "Comedy"
    } ]
  }, {
    "id" : 89463,
    "title" : "Perry Mason: The Case of the Sinister Spirit",
    "overview" : "Jordan White, a publisher friend of Perry, is called to a hotel where a guest, famous horror writer David Hall, has cleared out the hotel for a weekend and has called his \"friends\" - an actress, a fortune-teller, David's private assistant and the two remaining staff at the hotel to discuss business. They have come to the hotel as all of them are going to sue David over his new book - \"The Resort\" which characters are obviously based on Jordan and the guests. A practical joker, David plays tricks on them until he is thrown from the high tower of the hotel where Susan Warrenfield, the manager and owner of the hotel sees the fall and then Jordan at the tower causing the police to arrest Jordan. While Perry and Della try to solve the main mystery, Paul tries to find out who is trying to scare Susan away from the hotel. Could it really be a ghost or a more earthy visitor?",
    "genres" : [ {
      "id" : 18,
      "name" : "Drama"
    }, {
      "id" : 53,
      "name" : "Thriller"
    } ]
  }, {
    "id" : 89468,
    "title" : "In God's Country",
    "overview" : "In God's Country is a modern day story of slavery. Young women ignored by the police and protected by \"freedom of religion\" are trapped in polygamous communities scattered throughout North America. Judith Joseph is one of them. Despite being raised under the watchful eyes of \"God's Keepers\" and knowing no other life, Judith realises she cannot watch her sixteen year old daughter succumb to the same fate she was born into. Desperate, with no other resources and no connections, Judith sets her house on fire and escapes with her five children. Alone, on the \"outside\", Judith is ill equipped to handle the challenges facing her, but she's determined to build a life.",
    "genres" : [ ]
  }, {
    "id" : 89473,
    "title" : "Tweety's High Flying Adventure",
    "overview" : "A full-length animated feature starring the little yellow bird. When Col. Rimfire announces at the Looney Club his belief that cats are the most intelligent animals, Granny, hoping to raise enough money to save a nearby children's park, makes a wager that her Tweety can fly around the world in 80 days, collecting the pawprints of 80 cats in the process. Sylvester, still hoping to make Tweety his personal snack, is incensed at the thought of some other cat getting the little bird first and vows to follow Tweety around the world and catch the canary himself.",
    "genres" : [ {
      "id" : 16,
      "name" : "Animation"
    }, {
      "id" : 10751,
      "name" : "Family"
    } ]
  }, {
    "id" : 89478,
    "title" : "Ninja in the Killing Fields",
    "overview" : "The government seems powerless against the brutal activities of the ninjas and requests the help of the powerful task force of the American drug fighting organization.  The US authorities send their best man on a high-explosive mission to eliminate the unscrupulous killer ninja clan and destroy their drug ring.",
    "genres" : [ {
      "id" : 28,
      "name" : "Action"
    } ]
  }, {
    "id" : 89483,
    "title" : "Ninja Thunderbolt",
    "overview" : "The Ninja Empire has been run by an evil master and one member decides to leave the empire. The ex-Ninja wants a Hong Kong detective to track down the new leader and end his reign of terror.",
    "genres" : [ {
      "id" : 80,
      "name" : "Crime"
    }, {
      "id" : 28,
      "name" : "Action"
    } ]
  }, {
    "id" : 89488,
    "title" : "Anna",
    "overview" : "This film is the theatrical follow-up to a very popular German TV-series (also called \"Anna\"), about a young girl who wants to make it as a prima ballerina.",
    "genres" : [ {
      "id" : 18,
      "name" : "Drama"
    }, {
      "id" : 10749,
      "name" : "Romance"
    }, {
      "id" : 10402,
      "name" : "Music"
    }, {
      "id" : 10751,
      "name" : "Family"
    } ]
  }, {
    "id" : 89513,
    "title" : "Assassin of Youth",
    "overview" : "A high-school girl gets involved with a ring of teenage marijuana smokers and starts down the road to ruin. A reporter poses as a soda jerk to infiltrate the gang of teen dope fiends.",
    "genres" : [ {
      "id" : 18,
      "name" : "Drama"
    }, {
      "id" : 35,
      "name" : "Comedy"
    } ]
  }, {
    "id" : 89528,
    "title" : "Zephyr",
    "overview" : "Zephyr, a strong-willed adolescent girl, spends her summer vacation with her grandparents in the mountains, waiting for her mother to come and take her back home. Her mother finally shows up, but only to say farewell before going far away places for a voluntary position. But Zephyr is determined that she will not let her mother ever leave her again.",
    "genres" : [ {
      "id" : 18,
      "name" : "Drama"
    } ]
  }, {
    "id" : 89543,
    "title" : "Paint It Black",
    "overview" : "A California metal sculptor (Rick Rossovich) becomes a suspect after someone kills his gallery-owner lover (Sally Kirkland).",
    "genres" : [ {
      "id" : 10749,
      "name" : "Romance"
    }, {
      "id" : 53,
      "name" : "Thriller"
    }, {
      "id" : 27,
      "name" : "Horror"
    }, {
      "id" : 9648,
      "name" : "Mystery"
    }, {
      "id" : 80,
      "name" : "Crime"
    } ]
  }, {
    "id" : 89548,
    "title" : "Prime Suspect",
    "overview" : "The only witness to a young woman's murder has a nervous breakdown, is institutionalized, and escapes, tracking down the murderer.",
    "genres" : [ {
      "id" : 53,
      "name" : "Thriller"
    } ]
  }, {
    "id" : 89553,
    "title" : "TripFall",
    "overview" : "",
    "genres" : [ {
      "id" : 53,
      "name" : "Thriller"
    } ]
  } ]
}