{
  "movies" : [ {
    "id" : 29628,
    "title" : "Get Crazy",
    "overview" : "Mega-promoter Colin Beverly plans to sabotage the New Year's 1983 concert of small-time operator Max Wolfe. Wolfe's assistants Neil Allen and Willie Loman find romance while trying to save the drugs, violence, and rock and roll from Beverly's schemes.",
    "genres" : [ {
      "id" : 35,
      "name" : "Comedy"
    }, {
      "id" : 10402,
      "name" : "Music"
    } ]
  }, {
    "id" : 29633,
    "title" : "Pulsebeat",
    "overview" : "Roger is the owner of a very successful and exclusive health club. His gym attracts good looking women and men who want to pump iron, aerobicise and mostly socialize. Roger and his beautiful aerobics instructor, Annie, work out together in and out of the club. Annie pushes Roger to complete in the National Aerobithon. But for Roger to even come close to winning he must overcome his fear of defeat - in front of Annie and the world.",
    "genres" : [ {
      "id" : 35,
      "name" : "Comedy"
    } ]
  }, {
    "id" : 29638,
    "title" : "Werewolf in a Women's Prison",
    "overview" : "No overview found.",
    "genres" : [ ]
  }, {
    "id" : 29643,
    "title" : "Delta Delta Die!",
    "overview" : "Mother Fitch (Julie Strain) and her girls have an insatiable taste for men; their flesh that is. The Delta Delta Pi sorority girls are not only the most popular and wealthy on campus, but also the most deadly. Now, as they prepare for their 20th anniversary homecoming, a meddlesome student has enlisted the help of DDP charter member Rhonda Cooper (Brinke). Together they attempt to end the sorority's reign of culinary terror that grips the California campus.",
    "genres" : [ {
      "id" : 35,
      "name" : "Comedy"
    } ]
  }, {
    "id" : 29648,
    "title" : "Super Hero Central",
    "overview" : "No overview found.",
    "genres" : [ ]
  }, {
    "id" : 29653,
    "title" : "Battle Queen 2020",
    "overview" : "In the frozen eternal winter of a post-asteroid impact, mankind's last remnants cling to a fragile existence. One woman must rise to the challenge, to free her people from the ever widening chasm separating the Haves from the Have-nots. She is...Battle Queen 2020.",
    "genres" : [ {
      "id" : 28,
      "name" : "Action"
    }, {
      "id" : 12,
      "name" : "Adventure"
    }, {
      "id" : 14,
      "name" : "Fantasy"
    }, {
      "id" : 878,
      "name" : "Science Fiction"
    }, {
      "id" : 53,
      "name" : "Thriller"
    } ]
  }, {
    "id" : 29658,
    "title" : "Raw and Uncensored",
    "overview" : "No overview found.",
    "genres" : [ ]
  }, {
    "id" : 29663,
    "title" : "The Mount Of Venus",
    "overview" : "Pompous, but powerful head Greek god Jupiter Stormbringer is having trouble coping with the 20th century. He's especially upset about his current lack of loyal followers. Jupiter goes down to earth to try and convince several mortal women to worship him by having sex with them. Meanwhile, Jupiter's fellow gods watch his faltering attempts at converting new disciples from their base way up in the heavens.",
    "genres" : [ {
      "id" : 35,
      "name" : "Comedy"
    } ]
  }, {
    "id" : 29668,
    "title" : "Teenage Pajama Party",
    "overview" : "Teenage Pajama Party wastes no time as the opening credits roll while a variety of \"teens\" stroll through their inner city neighborhood and file into young Kim's (Candy Love) apartment for a slumber party. No sooner than the parents shut the door for their night out, the girls disrobe to a ripped off instrumental version of David Bowie's Fame. After a brief period of dancing they don their pajamas and gather around the telephone to listen to an obscene caller, an uncredited fat slob who masturbates while reciting a violent fantasy to one of the girls.",
    "genres" : [ {
      "id" : 35,
      "name" : "Comedy"
    } ]
  }, {
    "id" : 29673,
    "title" : "Drop Out Wife",
    "overview" : "A young housewife gets involved in the \"swinging\" scene and discovers that it isn't all it's cracked up to be.",
    "genres" : [ {
      "id" : 18,
      "name" : "Drama"
    }, {
      "id" : 10749,
      "name" : "Romance"
    } ]
  }, {
    "id" : 29678,
    "title" : "Lady Godiva Rides",
    "overview" : "When an English lord finds his wife Lady Godiva in bed with her lover Tom Jones they have to leave the country and go to the USA. Godiva ends up in a brothel and when Tom wants to save her he is challenged to a duel by the owner of the brothel.",
    "genres" : [ {
      "id" : 18,
      "name" : "Drama"
    }, {
      "id" : 28,
      "name" : "Action"
    }, {
      "id" : 10749,
      "name" : "Romance"
    } ]
  }, {
    "id" : 29683,
    "title" : "Fatal Passion",
    "overview" : "No overview found.",
    "genres" : [ {
      "id" : 27,
      "name" : "Horror"
    }, {
      "id" : 53,
      "name" : "Thriller"
    } ]
  }, {
    "id" : 29688,
    "title" : "Six Bridges to Cross",
    "overview" : "Follow the evolution of a small time juvenile delinquent hood to a big time racketeer. Based on the famous 1950 Brinks Robbery in Boston that netted the crooks $2.5 million. The story delves into the psychology of the perpetrators, as well as the intricate mechanics of the hold-up.",
    "genres" : [ {
      "id" : 80,
      "name" : "Crime"
    }, {
      "id" : 18,
      "name" : "Drama"
    } ]
  }, {
    "id" : 29693,
    "title" : "Psycho Cop Returns",
    "overview" : "A group of office workers decide to have a party in the office building. Among other things, they want to have some drugs there. Their conversation on the subject is overheard by Joe Vickers, which is rather unfortunate for them, since Joe Vickers is a policeman. Even more unfortunate is the fact that Vickers is also an undead psychotic satanist, and instead of arresting them, he will make sure that nobody leaves the party alive...",
    "genres" : [ {
      "id" : 27,
      "name" : "Horror"
    } ]
  }, {
    "id" : 29698,
    "title" : "Ratcatcher",
    "overview" : "James Gillespie is 12 years old. The world he knew is changing. Haunted by a secret, he has become a stranger in his own family. He is drawn to the canal where he creates a world of his own. He finds an awkward tenderness with Margaret Anne, a vulnerable 14 year old expressing a need for love in all the wrong ways, and befriends Kenny, who possesses an unusual innocence in spite of the harsh surroundings.",
    "genres" : [ {
      "id" : 18,
      "name" : "Drama"
    } ]
  }, {
    "id" : 29708,
    "title" : "Vampire Centerfolds",
    "overview" : "No overview found.",
    "genres" : [ ]
  }, {
    "id" : 29713,
    "title" : "Arne Anka - An evening at Zekes",
    "overview" : "Arne Anka had been declared dead as a comic strip character since a few months back. However, by this time Charlie Christensen's (a.k.a. Alexander Barks) creation had reached status as quite a cult phenomenon, so the play must have been received with much anticipation and enthusiasm, so much so that it was filmed and subsequently released on video-tape.",
    "genres" : [ {
      "id" : 35,
      "name" : "Comedy"
    } ]
  }, {
    "id" : 29718,
    "title" : "Jim Breuer: Let's Clear the Air",
    "overview" : "One of the “100 Greatest Stand-Ups of All Time,” Jim Breuer joined NBC’s Saturday Night Live in 1995. Since then he went on to star in several movies, tour the country with his Heavy Metal Man and Family Man comedy tours. You may remember Jim as the infamous Goat-Boy from SNL, or his stoner persona from the cult hit Half Baked. Now he’s clearing the air with this concert event.",
    "genres" : [ {
      "id" : 35,
      "name" : "Comedy"
    } ]
  }, {
    "id" : 29723,
    "title" : "The Concorde... Airport '79",
    "overview" : "The last of the 'Airport' series again stars George Kennedy as aviation disaster-prone Joe Patroni, this time having to contend with nuclear missiles, the French Air Force and the threat of the plane splitting in two over the Alps!",
    "genres" : [ {
      "id" : 28,
      "name" : "Action"
    }, {
      "id" : 18,
      "name" : "Drama"
    }, {
      "id" : 53,
      "name" : "Thriller"
    } ]
  }, {
    "id" : 29738,
    "title" : "Dejavu",
    "overview" : "A Spanish short film that won 2 Málaga International Week of Fantastic Cinema awards.",
    "genres" : [ ]
  }, {
    "id" : 29743,
    "title" : "Attila flagello di Dio",
    "overview" : "The misadventures of Attila and his band of barbarians as they take up arms against the Roman Empire in their native Milano",
    "genres" : [ {
      "id" : 35,
      "name" : "Comedy"
    } ]
  }, {
    "id" : 29748,
    "title" : "Taste the Blood of Dracula",
    "overview" : "Three elderly distinguished gentlemen are searching for some excitement in their boring borgoueis lives and gets in contact with one of count Dracula's servants. In a nightly ceremony they restore the count back to life. The three men killed Dracula's servant and as a revenge, the count makes sure that the gentlemen are killed one by one by their own sons.",
    "genres" : [ {
      "id" : 27,
      "name" : "Horror"
    } ]
  }, {
    "id" : 29758,
    "title" : "Chasing Butterflies",
    "overview" : "Mother stands in for a runaway bride and marries the groom by proxy, then both set out to convince her daughter to reconsider. Later they mistake the missing bride and her companion for two escaped convicts and pursue them with a sex obsessed teenage boy in tow. All paths cross at a remote motel run by a jilted church deacon.",
    "genres" : [ {
      "id" : 35,
      "name" : "Comedy"
    } ]
  }, {
    "id" : 29763,
    "title" : "Catacombs",
    "overview" : "Some kids go to an old Haunted House attraction to learn about Fear and participate in a study. Once there, some crazy killer starts taking them out.",
    "genres" : [ ]
  }, {
    "id" : 29768,
    "title" : "Violent New Breed",
    "overview" : "A detective investigating a rash of mysterious drug-related deaths finds a society of Satanists bent on bringing about the End Times.",
    "genres" : [ ]
  }, {
    "id" : 29773,
    "title" : "Abbey of Thelema",
    "overview" : "Based on actual facts and events, explores the Thelemic Commune in Cefalu, Sicily from 1920-1923.",
    "genres" : [ {
      "id" : 35,
      "name" : "Comedy"
    }, {
      "id" : 18,
      "name" : "Drama"
    }, {
      "id" : 53,
      "name" : "Thriller"
    } ]
  }, {
    "id" : 29778,
    "title" : "Dracula Has Risen from the Grave",
    "overview" : "In the shadow of Castle Dracula, the Prince of Darkness is revived by blood trickling from the head-wound of an unconscious priest attempting exorcism. And once more fear and terror strikes Transylvania as the undead Prince of Darkness stalks the village of Keineneburg to ensnare victims and satisfy his evil thirst.",
    "genres" : [ {
      "id" : 27,
      "name" : "Horror"
    } ]
  }, {
    "id" : 29788,
    "title" : "Prehistoric Bimbos in Armageddon City",
    "overview" : "An evil overload and his cyborg army plot to control the world. Trianna and her bimbo tribe set out to stop them.",
    "genres" : [ {
      "id" : 878,
      "name" : "Science Fiction"
    }, {
      "id" : 35,
      "name" : "Comedy"
    } ]
  }, {
    "id" : 29793,
    "title" : "The Perfect Marriage",
    "overview" : "A conman persuades his married lover to murder her husband for the inheritance, only for his reckless spending and infidelity to drive her away.",
    "genres" : [ {
      "id" : 27,
      "name" : "Horror"
    }, {
      "id" : 53,
      "name" : "Thriller"
    } ]
  }, {
    "id" : 29798,
    "title" : "Dead Man's Hand",
    "overview" : "After inheriting a casino from his dead uncle, Matthew Dragna, his girl friend J.J. (Robin Sydney) and a group of friends take a road trip to the outskirts of Las Vegas, where they find the run-down Mysteria Casino. But the trip takes a frightening turn when the kids discover that the casino is haunted by the ghosts of Vegas mobsters Roy \"The Word\" Donahue (Sid Haig) and his goon Gil Wachetta (Michael Berryman), looking to settle an old score. Matthew and J.J. must fight for their very souls as the ghosts seek their gruesome vengeance, and in the vein of The Shining, this horrifying tale builds to a bloody and surprising climax.",
    "genres" : [ {
      "id" : 27,
      "name" : "Horror"
    } ]
  }, {
    "id" : 29803,
    "title" : "Twilight Zone: Rod Serling's Lost Classics",
    "overview" : "No overview found.",
    "genres" : [ ]
  }, {
    "id" : 29808,
    "title" : "Haunting Fear",
    "overview" : "Victoria can't sleep: she's having bad dreams about being buried alive. Her husband Terry makes her go see Dr. Carlton, who she blames for her father's death. Unable to help her, he asks Dr. Harcourt to try and unlock Victoria's mental block with hypnotism. Meanwhile Terry continues an affair with his secretary, and worries about paying off a huge gambling debt. Terry could pay off his debt and be with his secretary if he could just get his hands on Victoria's money somehow.",
    "genres" : [ {
      "id" : 27,
      "name" : "Horror"
    } ]
  }, {
    "id" : 29813,
    "title" : "Les gloutonnes",
    "overview" : "According to legend, a group of women escaped from Atlantis just before the destruction of the continent. They took refuge on a mysterious island, and founded a kingdom. Men who dared approach the island, were devoured by these sexually voracious Atlanteans, and thus they were called \"gobblers\".",
    "genres" : [ ]
  }, {
    "id" : 29818,
    "title" : "Auditions",
    "overview" : "A pseudo-documentary about the processes involved in putting together and casting actors and actresses for a porn film. Although several actual porn stars are in the film, it is not a porn film itself.",
    "genres" : [ {
      "id" : 35,
      "name" : "Comedy"
    }, {
      "id" : 99,
      "name" : "Documentary"
    } ]
  }, {
    "id" : 29828,
    "title" : "Edi",
    "overview" : "No overview found.",
    "genres" : [ {
      "id" : 18,
      "name" : "Drama"
    }, {
      "id" : 10769,
      "name" : "Foreign"
    } ]
  }, {
    "id" : 29833,
    "title" : "Brain Dead",
    "overview" : "The story of six people caught in the unusual (except in horror films) predicament of being stranded in a deserted fishing lodge with a host of alien-infected, mutant amoeba-controlled zombies at their doorstep.",
    "genres" : [ {
      "id" : 27,
      "name" : "Horror"
    } ]
  }, {
    "id" : 29848,
    "title" : "Beyond the Dunwich Horror",
    "overview" : "No overview found.",
    "genres" : [ {
      "id" : 27,
      "name" : "Horror"
    } ]
  }, {
    "id" : 29853,
    "title" : "Kemek",
    "overview" : "A wealthy, eccentric chemical company owner sends his woman to get an American writer to take a mind control drug, Kemek, to verify its potential. She accomplishes her mission, but falls totally in love with the writer. The chemical magnate, satisfied with the results of the test, rewards her with murder, just as she is about to flee to Naples with her new lover. Her ex-husband and a private detective track the killer behind it all to a remote hideaway to unravel the solution.",
    "genres" : [ {
      "id" : 53,
      "name" : "Thriller"
    } ]
  }, {
    "id" : 29858,
    "title" : "Cover Girl Models",
    "overview" : "A fashion photography assignment teams three American models and inadvertently pitches them into the mystery and danger of international espionage, when an invaluable roll of microfilm secreted into one of the girls' fashion gowns, draws them into the violence and intrigue of a spy-vs-counterspy conspiracy.",
    "genres" : [ {
      "id" : 18,
      "name" : "Drama"
    }, {
      "id" : 28,
      "name" : "Action"
    } ]
  }, {
    "id" : 29863,
    "title" : "Perfect Fit",
    "overview" : "No overview found.",
    "genres" : [ ]
  }, {
    "id" : 29873,
    "title" : "The Bloody Vampire",
    "overview" : "Count Cagliostro, whose family has tried for generations to rid the world of vampires, instructs his daughter and her fiance to protect several valuable documents.",
    "genres" : [ {
      "id" : 27,
      "name" : "Horror"
    } ]
  }, {
    "id" : 29878,
    "title" : "I Hate My Body",
    "overview" : "The brain of a male engineer is transplanted into a female’s body. He soon finds it very frustrating to cope with the daily sexist discrimination most women deal with. For example, he is surprised when no one will hire a female engineer. When he is faced with dealing with female sexuality, he quickly begins exhibiting lesbian tendencies.",
    "genres" : [ {
      "id" : 878,
      "name" : "Science Fiction"
    }, {
      "id" : 18,
      "name" : "Drama"
    }, {
      "id" : 27,
      "name" : "Horror"
    } ]
  }, {
    "id" : 29883,
    "title" : "The Untold",
    "overview" : "Based on actual accounts, The Untold is the story of Harlan Knowles, billionaire and President of Bio-Comp Industries who heads up a team of experts in a quest to locate a company plane that disappeared over the remote forests of the Pacific Northwest. Knowles is obsessed with finding the plane and rescuing his daughter, who was one of its passengers. The assembled team includes local guide Clayton Tyne, renowned wilderness expert and author Winston Burg and the beautiful Marla Lawson. Soon, the team begins to suspect that Knowles' main objective is actually to recover the prototype of a DNA testing machine called the Huxley Project, which his company has spent years and millions of dollars developing.",
    "genres" : [ {
      "id" : 27,
      "name" : "Horror"
    } ]
  }, {
    "id" : 29888,
    "title" : "Dulha Mil Gaya",
    "overview" : "A heart warming tale of four individuals each of whom have different takes on relationships in their lives. When paths cross for these four characters, fireworks go off and they not only land up influencing each other with their outlook on relationships but also get influenced themselves and learn a whole new meaning of the term.",
    "genres" : [ {
      "id" : 18,
      "name" : "Drama"
    } ]
  }, {
    "id" : 29898,
    "title" : "Dr. Chopper",
    "overview" : "No overview found.",
    "genres" : [ {
      "id" : 27,
      "name" : "Horror"
    } ]
  }, {
    "id" : 29903,
    "title" : "Barbarian Queen",
    "overview" : "Set during the days of the Roman Empire. A simple village is raided by Roman troops, and most of the people are whisked off to be slaves or killed. Three women survive and set off to liberate their people. When they arrive at the Roman city, they team up with the local underground to seek vengeance and liberation of the slaves",
    "genres" : [ {
      "id" : 12,
      "name" : "Adventure"
    }, {
      "id" : 14,
      "name" : "Fantasy"
    }, {
      "id" : 28,
      "name" : "Action"
    }, {
      "id" : 878,
      "name" : "Science Fiction"
    } ]
  }, {
    "id" : 29908,
    "title" : "Heartbeat",
    "overview" : "Paul Marnac and his infirm wife Geneviève move to his childhood estate in the French countryside. The estate is also the site of the castle inhabited by Paul's ancestor Alaric de Marnac, who was known for brutally slaughtering anyone whom he suspected of infidelity. There is a legend that Alaric rises from the grave to continue his deeds. The estate is currently inhabited by Paul's aunt Maville and cousin Julie. Right after Paul and Geneviève arrive, mysterious things begin to happen. Geneviève begins to wonder if the legend about Alaric is true.",
    "genres" : [ {
      "id" : 27,
      "name" : "Horror"
    } ]
  }, {
    "id" : 29918,
    "title" : "Lassie",
    "overview" : "An update of the Lassie legend stars Thomas Guiry as a troubled city kid whose family retreats to the country, where he befriends the famous collie and changes for the better. Conflict develops when a ruthless sheep rancher causes trouble for everyone.",
    "genres" : [ {
      "id" : 28,
      "name" : "Action"
    }, {
      "id" : 12,
      "name" : "Adventure"
    }, {
      "id" : 18,
      "name" : "Drama"
    }, {
      "id" : 10751,
      "name" : "Family"
    } ]
  }, {
    "id" : 29923,
    "title" : "Detour",
    "overview" : "Driving back to Norway, Lina and Martin reach a roadblock where a policeman tells them to take a detour deep into the Swedish forest. But soon one creepy incident after another leaves them stranded in the dark woods and everything seems much too bizarre to be accidental.",
    "genres" : [ {
      "id" : 27,
      "name" : "Horror"
    }, {
      "id" : 53,
      "name" : "Thriller"
    } ]
  }, {
    "id" : 29928,
    "title" : "Heartless",
    "overview" : "No overview found.",
    "genres" : [ ]
  }, {
    "id" : 29933,
    "title" : "Kanal",
    "overview" : "September, 1944. It's the 56th day of Warsaw's uprising against the Nazis. The third Platoon of the Resistance is down to 43 heroic men and women, and they're penned in. After a last day of fighting, and of good-byes to family, to love making, and to music, a handful of doomed survivors wade into the city's underground sewers in hopes of escape. Their valor is tested a final time.",
    "genres" : [ {
      "id" : 10752,
      "name" : "War"
    }, {
      "id" : 18,
      "name" : "Drama"
    } ]
  }, {
    "id" : 29938,
    "title" : "Alien Escape",
    "overview" : "No overview found.",
    "genres" : [ {
      "id" : 27,
      "name" : "Horror"
    }, {
      "id" : 878,
      "name" : "Science Fiction"
    } ]
  }, {
    "id" : 29943,
    "title" : "The Journey from the 20th Century",
    "overview" : "No overview found.",
    "genres" : [ ]
  }, {
    "id" : 29948,
    "title" : "Epitaph",
    "overview" : "A family must keep moving from town to town because the mother is a psychotic axe murderer who keeps flipping out and murdering people.",
    "genres" : [ {
      "id" : 27,
      "name" : "Horror"
    } ]
  }, {
    "id" : 29953,
    "title" : "David Frost Interviews Richard Nixon",
    "overview" : "This program, culled from the over 28 hours of interview footage between Sir David Frost and U.S. President Richard M. Nixon, was originally broadcast in May of 1977. Never before, nor since, has a U.S. President been so candid on camera. Even more intriguing is the fact that Nixon agreed to appear on camera with no pre-interview preparation or screening of questions.",
    "genres" : [ {
      "id" : 10770,
      "name" : "TV Movie"
    }, {
      "id" : 99,
      "name" : "Documentary"
    } ]
  }, {
    "id" : 29958,
    "title" : "Snake Island",
    "overview" : "A group of American tourists heading down an African river make a brief stop at Snake Island, an island that has been virtually abandoned for years. When they end up getting trapped on the island overnight, they find thousands of deadly snakes intent on reclaiming the tropical island for themselves.",
    "genres" : [ {
      "id" : 53,
      "name" : "Thriller"
    }, {
      "id" : 28,
      "name" : "Action"
    }, {
      "id" : 27,
      "name" : "Horror"
    } ]
  }, {
    "id" : 29963,
    "title" : "Bright Star",
    "overview" : "In 1818, high-spirited young Fanny Brawne finds herself increasingly intrigued by the handsome but aloof poet John Keats, who lives next door to her family friends the Dilkes. After reading a book of his poetry, she finds herself even more drawn to the taciturn Keats. Although he agrees to teach her about poetry, Keats cannot act on his reciprocated feelings for Fanny, since as a struggling poet he has no money to support a wife.",
    "genres" : [ {
      "id" : 18,
      "name" : "Drama"
    }, {
      "id" : 10749,
      "name" : "Romance"
    } ]
  }, {
    "id" : 29968,
    "title" : "Nothing in Common",
    "overview" : "On his way up the corporate ladder, David Basner confronts his greatest challenge: his father.",
    "genres" : [ {
      "id" : 18,
      "name" : "Drama"
    }, {
      "id" : 35,
      "name" : "Comedy"
    }, {
      "id" : 10749,
      "name" : "Romance"
    } ]
  }, {
    "id" : 29973,
    "title" : "Cobb",
    "overview" : "Al Stump is a famous sports-writer chosen by Ty Cobb to co-write his official, authorized 'autobiography' before his death. Cobb, widely feared and despised, feels misunderstood and wants to set the record straight about 'the greatest ball-player ever,' in his words.",
    "genres" : [ {
      "id" : 18,
      "name" : "Drama"
    } ]
  }, {
    "id" : 29978,
    "title" : "The Scent of Love",
    "overview" : "University student Seo In-ha meets a young woman on the subway and falls in love. After joining a local book club, he is pleasantly surprised to find that the woman, Mun Hie-jae, is also a member. Although he makes a poor first impression, In-ha and Hie-jae become friends, though she is more interested in another student, Kang Seong-ho.Several years pass as they go their separate ways. While Hie-jae and Seong-ho prepare to wed, In-ha, now a producer at a local radio station, still pines after his crush. When Hie-jae survives a car crash that kills her fiancé and parents, In-ha resumes his pursuit of her by reading out letters on his radio show. They reunite and plan to get married.However, their happiness is short-lived, as Hie-jae becomes pregnant only to discover that she has stomach cancer, and must choose between her own life and the life of her unborn child.",
    "genres" : [ {
      "id" : 18,
      "name" : "Drama"
    }, {
      "id" : 10749,
      "name" : "Romance"
    } ]
  }, {
    "id" : 29983,
    "title" : "A New Wave",
    "overview" : "A frustrated artist is convinced by his eccentric roommate to rob a bank. Having planned the crime by watching bank-robber films, the amateur heist is doomed from the beginning.",
    "genres" : [ {
      "id" : 28,
      "name" : "Action"
    }, {
      "id" : 35,
      "name" : "Comedy"
    } ]
  }, {
    "id" : 29988,
    "title" : "Ishq",
    "overview" : "Harbans Rai and Ranjit Rai are two wealthy businessmen who absolutely *loathe* poverty and poor people . As fate would have it , Harbans Rai's daughter Madhu falls for a poor mechanic Raja while Ranjit Rai's son Ajay romances a poor girl Kajal . When Harbans and Ranjit come to know of it they try various ways to separate the lovers.",
    "genres" : [ {
      "id" : 28,
      "name" : "Action"
    }, {
      "id" : 35,
      "name" : "Comedy"
    }, {
      "id" : 18,
      "name" : "Drama"
    }, {
      "id" : 10769,
      "name" : "Foreign"
    }, {
      "id" : 10749,
      "name" : "Romance"
    } ]
  }, {
    "id" : 29993,
    "title" : "Samson and Delilah",
    "overview" : "The classic story of Samson and Delilah as told by Cecil B. DeMille.",
    "genres" : [ {
      "id" : 18,
      "name" : "Drama"
    }, {
      "id" : 10749,
      "name" : "Romance"
    } ]
  }, {
    "id" : 29998,
    "title" : "The Amazing Mr. X",
    "overview" : "The Amazing Mr. X stars Turhan Bey as the title character, a mysterious mystic named Alexis. Making a comfortable living by fleecing the gullible wealthy, Alexis' latest target is grieving young widow Christine Faber (Lynn Bari). Hoping to communicate with her dead husband Christine submits to Alexis' crystal-ball act. Alexis gets more than he bargained for when the \"deceased\" man may be alive.",
    "genres" : [ {
      "id" : 53,
      "name" : "Thriller"
    } ]
  }, {
    "id" : 30003,
    "title" : "Girls' Night",
    "overview" : "Two British best friends and in-laws Dawn and Jackie work together at a factory. When Dawn is diagnosed with a brain tumor Jackie shares $100,000 she's got from her secret lover with Dawn to fulfil her dream - a visit to Las Vegas. They buy two tickets and fly there...",
    "genres" : [ {
      "id" : 35,
      "name" : "Comedy"
    }, {
      "id" : 18,
      "name" : "Drama"
    } ]
  }, {
    "id" : 30018,
    "title" : "Mother",
    "overview" : "A mother lives quietly with her twenty-eight-year-old son, Do-joon, providing herbs and acupuncture to neighbors. One day, a girl is brutally murdered, and Do-joon is charged with the killing. Now, it's his mother's call whether to prove him innocent or to leave him imprisoned.",
    "genres" : [ {
      "id" : 80,
      "name" : "Crime"
    }, {
      "id" : 18,
      "name" : "Drama"
    }, {
      "id" : 9648,
      "name" : "Mystery"
    }, {
      "id" : 53,
      "name" : "Thriller"
    } ]
  }, {
    "id" : 30023,
    "title" : "Adventures of Power",
    "overview" : "In his quest to become the world's greatest air-drummer, a small-town dreamer must overcome obstacles and ridicule to save the day.",
    "genres" : [ {
      "id" : 35,
      "name" : "Comedy"
    } ]
  }, {
    "id" : 30028,
    "title" : "Assault of the Party Nerds 2",
    "overview" : "",
    "genres" : [ {
      "id" : 35,
      "name" : "Comedy"
    }, {
      "id" : 53,
      "name" : "Thriller"
    } ]
  }, {
    "id" : 30033,
    "title" : "Real Time: Siege at Lucas Street Market",
    "overview" : "No overview found.",
    "genres" : [ {
      "id" : 53,
      "name" : "Thriller"
    } ]
  }, {
    "id" : 30038,
    "title" : "The Seduction",
    "overview" : "A beautiful newscaster is stalked and tormented by a photographer obsessed with her beauty.",
    "genres" : [ {
      "id" : 18,
      "name" : "Drama"
    }, {
      "id" : 53,
      "name" : "Thriller"
    } ]
  }, {
    "id" : 30043,
    "title" : "Green Chair",
    "overview" : "When an ordinary housewife is convicted for seducing a minor, reckless love leads to obsession and creeping doubt. Mun-hee (Seo Jung), a married woman in her thirties, has been arrested and convicted for having sex with an underage, Hyun. After being sentenced for 100 hours os social work, Mun-hee is released only to find reporters hungry to sell her story to the press, and among them, Hyun is standing alone. Leaving those hyenas, the two head for nowhere and stop at a small hotel. Day and night they indulge into each other through endless sex. After 5 days of sex and enjoyment, Mun-hee undergoes extreme changes of emotion, and suddenly says goodbye to Hyun. However, Moon-hee finds herself still lingering on to Hyun...",
    "genres" : [ {
      "id" : 10749,
      "name" : "Romance"
    }, {
      "id" : 18,
      "name" : "Drama"
    } ]
  }, {
    "id" : 30048,
    "title" : "ZZ Top - Live from Texas",
    "overview" : "That Little Ol’ Band from Texas comes up big in ZZ Top: Live from Texas, a concert recorded on November 1st, 2007 at the Nokia Theatre in Grand Prairie, Texas. The hirsute trio (guitarist Billy Gibbons, bass player Dusty Hill, drummer Frank Beard) has been at it for nearly four decades now.",
    "genres" : [ {
      "id" : 10402,
      "name" : "Music"
    } ]
  }, {
    "id" : 30058,
    "title" : "Venue Songs",
    "overview" : "\"The DVD side includes ten original video clips, as well as colorful narration by former literary agent John Hodgman in the role of The Deranged Millionaire. There will be bonus video material including \"Damn Good Times,\" \"Bastard Wants to Hit Me,\" \"Experimental Film\" (with Homestar Runner), \"I'm All You Can Think About\" and more. On the CD side there is over an hour of music- all for the first t",
    "genres" : [ ]
  }, {
    "id" : 30068,
    "title" : "Devil's Playground",
    "overview" : "The Devil's Playground is a fascinating and moving documentary about a little-known aspect of Amish life. Amish are not permitted to join the church until their late teens, and have to do so of their own volition. The film explores Rumspringa, wherein young Amish are given the opportunity to explore the \"English\" way of life.",
    "genres" : [ {
      "id" : 99,
      "name" : "Documentary"
    } ]
  }, {
    "id" : 30083,
    "title" : "Jerry Sadowitz - Total Abuse Show",
    "overview" : "Jerry Sadowitz, the man who claims to hate everything, performs live in concert with his magic tricks and offensive humour.",
    "genres" : [ {
      "id" : 35,
      "name" : "Comedy"
    } ]
  }, {
    "id" : 30088,
    "title" : "Sankarabharanam",
    "overview" : "",
    "genres" : [ {
      "id" : 10749,
      "name" : "Romance"
    }, {
      "id" : 18,
      "name" : "Drama"
    } ]
  }, {
    "id" : 30098,
    "title" : "Alice in Chains: MTV Unplugged",
    "overview" : "Alice in Chains resurfaced on April 10, 1996 to perform their first concert in two and a half years for MTV Unplugged, a program featuring all-acoustic set lists. The performance was one of the band's final appearances with vocalist Layne Staley. The performance featured some of the band's highest charting singles, including \"Down in a Hole\", \"Heaven Beside You\", and \"Would?\".",
    "genres" : [ {
      "id" : 10402,
      "name" : "Music"
    } ]
  }, {
    "id" : 30113,
    "title" : "Mexican Gangster",
    "overview" : "Johnny Sun is a Mexican American with a white mother and Mexican dad. He witnesses his parents murder and gets his revenge years later, leading to a hard life as a gangster in drugs and smuggling. He tries to keep his borther from the life and finds himself fending for his own life.",
    "genres" : [ {
      "id" : 28,
      "name" : "Action"
    }, {
      "id" : 80,
      "name" : "Crime"
    }, {
      "id" : 18,
      "name" : "Drama"
    } ]
  }, {
    "id" : 30118,
    "title" : "Outside Sales",
    "overview" : "A romantic comedy about a depressed salesman coping with a cheating wife, his sadistic boss and the beautiful sales rep hired to replace him.",
    "genres" : [ {
      "id" : 35,
      "name" : "Comedy"
    }, {
      "id" : 10749,
      "name" : "Romance"
    } ]
  }, {
    "id" : 30123,
    "title" : "Striking Range",
    "overview" : "When millionaire businessman Ted Billings (Glenn Morshower) double-crosses his partners in a weapons deal, he decides to hire some protection. Billings enlists Eugene \"Vash\" Vasher (Lou Diamond Phillips) a mercenary-for-hire and soon, Vash is fighting off assaults on his boss from all sides, but on top of that, he doesn't even like Billings who has a hidden agenda. Among the shoot-outs and chases, Vash forms a bond with Emily (Yancy Butler) Billings' chief-of-security and Vash's former flame who's not all that she appears to be.",
    "genres" : [ {
      "id" : 28,
      "name" : "Action"
    }, {
      "id" : 12,
      "name" : "Adventure"
    }, {
      "id" : 18,
      "name" : "Drama"
    }, {
      "id" : 53,
      "name" : "Thriller"
    } ]
  }, {
    "id" : 30128,
    "title" : "I Hope They Serve Beer in Hell",
    "overview" : "Tucker decides to take an impromptu trip to celebrate his friend's bachelor party. He drags his friend into a lie with his fiancée, gets him into trouble and then abandons him in order to pursue a hilarious carnal interest. Tucker is disinvited to the wedding, and in order to get back in, Tucker has to find a way to balance his narcissism with the demands of friendship.",
    "genres" : [ {
      "id" : 35,
      "name" : "Comedy"
    }, {
      "id" : 18,
      "name" : "Drama"
    } ]
  }, {
    "id" : 30143,
    "title" : "Lupin the Third: The Secret of Mamo",
    "overview" : "In Transylvania, Lupin III, the notorious international thief, is hung and no one is more suprised to learn of that than Lupin III himself, who was alive and well and nowhere near that area at that time. The answer to that mystery, begins to surface when Lupin gets a seemingly ordinary pebble from an Egyptian pyramid for his would-be girlfriend, Fujiko, the mercenary thief, who is in the employ of a mysterious figure known only as Mamo. Intrigued by this bizarre request, Lupin decides to get involved and finds himself in an international chase that has a greater scope and danger than he has ever faced.",
    "genres" : [ {
      "id" : 28,
      "name" : "Action"
    }, {
      "id" : 12,
      "name" : "Adventure"
    }, {
      "id" : 16,
      "name" : "Animation"
    }, {
      "id" : 35,
      "name" : "Comedy"
    }, {
      "id" : 80,
      "name" : "Crime"
    } ]
  }, {
    "id" : 30148,
    "title" : "Wings of Glass",
    "overview" : "Vingar av glas är en svensk film från 2000 regisserad av Reza Bagher, det var hans debutfilm. I huvudrollerna ses Alexander Skarsgård som en \"vanlig svensk kille\" och Sara Sommerfeld som en invandrartjej. Det blir problem mellan dem.",
    "genres" : [ {
      "id" : 18,
      "name" : "Drama"
    }, {
      "id" : 10749,
      "name" : "Romance"
    } ]
  }, {
    "id" : 30153,
    "title" : "Sagara Sangamam",
    "overview" : "A young multi-talented dancer is poverty stricken and as a principled person he does not want to compromise on his ethics for commercial dancing. A wealthy woman recognizes this talent and provides him with an opportunity to showcase his art.",
    "genres" : [ {
      "id" : 18,
      "name" : "Drama"
    } ]
  }, {
    "id" : 30163,
    "title" : "Fugitives",
    "overview" : "Coming out from jail, Lucas has decided to change his life and behave like a good citizen. But when he is taken hostage in a bank by a hare-brained robber, no cops can believe he is not part of the action.",
    "genres" : [ {
      "id" : 35,
      "name" : "Comedy"
    }, {
      "id" : 80,
      "name" : "Crime"
    } ]
  }, {
    "id" : 30168,
    "title" : "It Came from Hollywood",
    "overview" : "Dan Ackroyd, John Candy, Gilda Radner and Cheech and Chong present this compilation of classic bad films from the 50's, 60's and 70's. Special features on gorilla pictures, anti-marijuana films and a special tribute to the worst film maker of all-time, Ed Wood.",
    "genres" : [ {
      "id" : 35,
      "name" : "Comedy"
    }, {
      "id" : 99,
      "name" : "Documentary"
    } ]
  }, {
    "id" : 30173,
    "title" : "Barney's Halloween Party",
    "overview" : "It's Halloween and Barney and his friends are decorating the gym for an exciting party at the school. From Indian corn to smiling jack-o-lanterns, the gym is aglow with the colors of fall. Meanwhile, BJ and Baby Bop are putting the final touches on their costumes as they get ready for a fun-filled night of trick-or-treating.",
    "genres" : [ {
      "id" : 10751,
      "name" : "Family"
    } ]
  }, {
    "id" : 30178,
    "title" : "Stuart Little 3: Call of the Wild",
    "overview" : "With school out for the summer, the Littles are vacationing in a cabin by the lake, and Stuart is so excited he could burst! But when Snowbell the cat is captured by a mean-spirited creature known simply as the Beast, it's up to Stuart and a skunk named Reeko to rescue him and a few other friends.",
    "genres" : [ {
      "id" : 14,
      "name" : "Fantasy"
    }, {
      "id" : 16,
      "name" : "Animation"
    }, {
      "id" : 35,
      "name" : "Comedy"
    }, {
      "id" : 878,
      "name" : "Science Fiction"
    }, {
      "id" : 10751,
      "name" : "Family"
    } ]
  }, {
    "id" : 30183,
    "title" : "Zombies on Broadway",
    "overview" : "Hiring real zombies for a broadway show proves difficult.",
    "genres" : [ {
      "id" : 35,
      "name" : "Comedy"
    } ]
  }, {
    "id" : 30193,
    "title" : "Max & Ruby - A Merry Bunny Christmas",
    "overview" : "A Nick Jr. animated preschool series based on the hugely popular storybooks by Rosemary Wells. Max &amp; Ruby celebrates the warm &amp; humorous relationship between Max, an enthusiastic and determined bunny, and his big sister Ruby. The TV series has a distinct look &amp; feel, incorporating 2D characters into a 3D world. Books first launched 1979 &amp; more than a million books have been sold to date.",
    "genres" : [ {
      "id" : 18,
      "name" : "Drama"
    }, {
      "id" : 10769,
      "name" : "Foreign"
    } ]
  }, {
    "id" : 30198,
    "title" : "The Red Spectacles",
    "overview" : "Summer 1995. With the arrival of the \"Age of Cats\", the former Kerberos police unit is now disbanded. However one member remains, a stray dog who returns to his old roost after a three-years exile. This wild dog no longer has a master, but now the \"Young Lady of Fate\" will guide him on his journey...",
    "genres" : [ {
      "id" : 28,
      "name" : "Action"
    }, {
      "id" : 10769,
      "name" : "Foreign"
    }, {
      "id" : 878,
      "name" : "Science Fiction"
    } ]
  }, {
    "id" : 30203,
    "title" : "Star Runners",
    "overview" : "Two space smuggles are caught by the government and told if they deliver a create to a certain location the charges will be forgotten. Turns out the create is the key to a cover up and other parties want it to.",
    "genres" : [ {
      "id" : 10770,
      "name" : "TV Movie"
    }, {
      "id" : 27,
      "name" : "Horror"
    }, {
      "id" : 878,
      "name" : "Science Fiction"
    } ]
  }, {
    "id" : 30233,
    "title" : "Freaky Faron",
    "overview" : "When she was 11, young Faron Hallowell was sent away to a mental institution for shooting and nearly killing a local weatherman--a secret mission she claimed was assigned to her by alien beings. Now, five years later, released and rehabilitated, all she wants is a normal life. But when the events of her dark past return to haunt her, she'll have to use her uncanny abilities once again to protect.",
    "genres" : [ {
      "id" : 9648,
      "name" : "Mystery"
    }, {
      "id" : 878,
      "name" : "Science Fiction"
    }, {
      "id" : 53,
      "name" : "Thriller"
    } ]
  }, {
    "id" : 30238,
    "title" : "Earthlings",
    "overview" : "Using hidden cameras and never-before-seen footage, Earthlings chronicles the day-to-day practices of the largest industries in the world, all of which rely entirely on animals for profit.",
    "genres" : [ {
      "id" : 99,
      "name" : "Documentary"
    } ]
  }, {
    "id" : 30253,
    "title" : "Late Bloomers",
    "overview" : "Centers around four older ladies from the Emmental region. When four older women decide to turn the local corner shop into a chic lingerie store, the whole community is thrown into disarray.",
    "genres" : [ {
      "id" : 35,
      "name" : "Comedy"
    } ]
  }, {
    "id" : 30258,
    "title" : "Status Quo - Pictures Live At Montreux",
    "overview" : "Status Quo's album \"Pictures\" (released in November 2008) celebrated 40 years of Status Quo filling the UK charts with hit after hit. The album was an instant success, charting at No.8 and selling over a quarter of a million copies in the UK alone. In July 2009 the Pictures live tour landed at Montreux in Switzerland as part of the world famous festival.",
    "genres" : [ {
      "id" : 10402,
      "name" : "Music"
    } ]
  }, {
    "id" : 30273,
    "title" : "Gad Elmaleh - Papa est en haut",
    "overview" : "Dans ce spectacle, mis en scène par sa soeur Judith Elmaleh, il parle de son enfance, de son fils et de son père ; 750 000 places seront vendus.",
    "genres" : [ {
      "id" : 35,
      "name" : "Comedy"
    }, {
      "id" : 10751,
      "name" : "Family"
    } ]
  }, {
    "id" : 30278,
    "title" : "Comfort and Joy",
    "overview" : "Radio host Alan Bird witnesses how an icecream van is attacked and destroyed by angry competitors. This leads him into the struggle between two Italian families over the icecream market of Glasgow.",
    "genres" : [ {
      "id" : 35,
      "name" : "Comedy"
    } ]
  }, {
    "id" : 30288,
    "title" : "Shoot the Duke",
    "overview" : "When mardukas switches sides,the order to whack him is given pretty fast,but who can you trust to really shoot the duke?",
    "genres" : [ {
      "id" : 28,
      "name" : "Action"
    }, {
      "id" : 35,
      "name" : "Comedy"
    }, {
      "id" : 80,
      "name" : "Crime"
    }, {
      "id" : 53,
      "name" : "Thriller"
    } ]
  }, {
    "id" : 30298,
    "title" : "The Secret of Santa Vittoria",
    "overview" : "During World War II, Italian villagers hide their wine from the German army.",
    "genres" : [ {
      "id" : 35,
      "name" : "Comedy"
    }, {
      "id" : 18,
      "name" : "Drama"
    }, {
      "id" : 10752,
      "name" : "War"
    } ]
  } ]
}