{
  "movies" : [ {
    "id" : 181073,
    "title" : "First Fall",
    "overview" : "Abel lives in the winter and Apolline lives in the summer. Isolated in their \"natures\", they never met each other. They are not even supposed to meet. So when Abel crosses the border and discovers Apolline, curiosity is overwhelming. Their encounter soon becomes more complicated than they could imagine. Both of them will have to learn compromise to protect the other...",
    "genres" : [ {
      "id" : 14,
      "name" : "Fantasy"
    }, {
      "id" : 16,
      "name" : "Animation"
    }, {
      "id" : 18,
      "name" : "Drama"
    } ]
  }, {
    "id" : 181083,
    "title" : "God's Gift",
    "overview" : "In pre-colonial times a peddler crossing the savanna discovers a child lying unconscious in the bush. When the boy comes to, he is mute and cannot explain who he is. The peddler leaves him with a family in the nearest village. After a search for his parents, the family adopts him, giving him the name Wend Kuuni (God's Gift) and a loving sister with whom he bonds. Wend Kuuni regains his speech only after witnessing a tragic event that prompts him to reveal his own painful history.",
    "genres" : [ {
      "id" : 18,
      "name" : "Drama"
    } ]
  }, {
    "id" : 181103,
    "title" : "Endless Horizon - Africa 3D",
    "overview" : "Africa: the primal and savage slumbers in the heart of this mysterious continent. Amidst the dangerous beauty of the paradoxical diversity of jungles and everything scorching deserts is the cradle of humanity.  Join us on a journey that will lead you from the endless sandy seas of the North into the green valleys of the south. The wonderful and varied landscape of seemingly lifeless desert, the vast savannah, the humid tropics and stately mountains are now incorporated in stereoscopic 3D. Hot as giraffes, lions, reptiles and birds unique welcome at home and experience Africa in a new species.",
    "genres" : [ {
      "id" : 99,
      "name" : "Documentary"
    } ]
  }, {
    "id" : 181108,
    "title" : "Code Of The West",
    "overview" : "At a time when the country is rethinking its drug policies large and small, one state raises to the forefront of national attention. Once a pioneer in legalizing medical marijuana, the state of Montana is poised to become the first in the nation to repeal its medical marijuana law. Set against the sweeping vistas of the Rockies, the steamy lamplight of marijuana grow houses, and the bustling halls of the State Capitol, CODE OF THE WEST follows the 2011 Montana State Legislature as it debates the fate of medical marijuana. This is the story of the many lives and fraught emotions tied to one of the most heated policy questions facing the country today",
    "genres" : [ ]
  }, {
    "id" : 181113,
    "title" : "Story Conference",
    "overview" : "A movie producer announces that Lillian Roth has been signed to do a movie and he calls a story conference with a director and writers to come up with an idea for the film. As they work through various ideas, performers act out the song and dance numbers. A girls getting a divorce, a laundry worker who gets dumped by her boyfriend and singing scarecrows are all pitched and the producer suggests that they all be melded into one story.",
    "genres" : [ ]
  }, {
    "id" : 181118,
    "title" : "Atını Seven Kovboy",
    "overview" : "A turkish spoof of the Fench comic book character Lucky Luke.",
    "genres" : [ {
      "id" : 35,
      "name" : "Comedy"
    }, {
      "id" : 12,
      "name" : "Adventure"
    }, {
      "id" : 37,
      "name" : "Western"
    } ]
  }, {
    "id" : 181123,
    "title" : "Les sièges de l'Alcazar",
    "overview" : "Paris, 1955. Guy, film critic of the Cahiers du Cinéma, often goes to see the films of Vittorio Cottafavi in a local cinema. One day he notices that Jeanne, film critic of \"Positive \", the rival magazine, seems to be following him. He is intrigued.",
    "genres" : [ ]
  }, {
    "id" : 181128,
    "title" : "Bubbling Over",
    "overview" : "In this all-black short musical comedy, a woman has a husband so lazy she can stick a pin in him without him waking up... but announcing lunch gets him up pretty fast. She's also saddled with a bevy of his lazy relatives. Four more come by and sing as a quartet. After the wife learns they had been traveling men, she advises them to keep traveling and kicks them out...",
    "genres" : [ ]
  }, {
    "id" : 181133,
    "title" : "Service with a Smile",
    "overview" : "Walter Webb, thinking his gas station has been destroyed, describes a \"super-deluxe\" gas station run by chorus girls to his insurance agent.",
    "genres" : [ {
      "id" : 35,
      "name" : "Comedy"
    }, {
      "id" : 10402,
      "name" : "Music"
    } ]
  }, {
    "id" : 181163,
    "title" : "Break The Cycle",
    "overview" : "Break the Cycle is a documentary about Downhill Mountain Biking in Ireland.  Most of the best downhill riders lives revolve around their bikes - their friends, their family, even their jobs. Break the Cycle aims to get an insight into the lives of those top Irish mountain bike riders, to show their individuality. Shooting them at the places they ride, train, work and live while showing off the amazing landscapes on the Island of Ireland. It's looks into how these riders have used their bikes to \"break the cycle\" of everyday life.  Break the Cycle film includes profiles from nine of the best Irish Downhill Mountain Bike riders. They each have their own unique lives, and different views, but they all have one thing in common - their love for bikes.  From the full time pros, to the medical graduates, air conditioning engineers, apprentice joiners, and personal fitness instructors, their passion for downhill mountain biking has united them all.",
    "genres" : [ ]
  }, {
    "id" : 181168,
    "title" : "2030 - Aufstand der Alten",
    "overview" : "",
    "genres" : [ ]
  }, {
    "id" : 181173,
    "title" : "The Entree",
    "overview" : "The Entree is an in depth documentary/ extended interview with Australian born UCI DOWNHILL WORLD SERIES CHAMPION Sam Hill based on his 2009 racing season. With just three rounds to go and a winless and turbulent season already behind him The Entree begins in Mont Saint Anne, Canada round #6 where things begin to change and the race to the finish begins. Follow Sam and his team mate Brendan Fairclough across the globe on an insightful journey from Canada, back to his homeland Australia then to Schladming, Austria for the ride of the season on his quest for World Series GOLD and the celebrations that followed.",
    "genres" : [ ]
  }, {
    "id" : 181203,
    "title" : "Oktopusse 3D - Genies aus der Tiefsee",
    "overview" : "",
    "genres" : [ {
      "id" : 99,
      "name" : "Documentary"
    } ]
  }, {
    "id" : 181228,
    "title" : "Cerita Kita",
    "overview" : "Kamal, who used to wash cars for a living, decides to turn his life around upon the advice of Ika, the girl he is in love with. In order to do that, he takes a risk and makes an illegal loan to open a burger stall without Ika's knowledge",
    "genres" : [ {
      "id" : 10749,
      "name" : "Romance"
    }, {
      "id" : 18,
      "name" : "Drama"
    } ]
  }, {
    "id" : 181268,
    "title" : "Chennaiyil Oru Naal",
    "overview" : "Chennaiyil Oru Naal is Tamil thriller film written by brothers Bobby and Sanjay and directed by Shahid Khader. On September 16, superstar Gautham Krishna (Prakash Raj) gets ready for the release of his new film. On the same day, Traffic Constable Satyamoorthy (Cheran) joins back on duty, after having been suspended from service for taking bribes. The day is special for Dr. Robin (Prasanna) who is celebrating his first wedding anniversary. Karthik Vishwanathan (Sachin), an aspiring television journalist, starts his first job with an interview with Gautham Krishna the very same day. On the same day, at a crowded traffic junction in Chennai, Karthik, who was set to interview Gautham Krishna, and Ajmal (Mitun), traveling in a bike are hit by a speeding car at the signal, and Karthik is rushed to Global Hospital. Also at the junction, in another car, was the surgeon Dr. Robin. Karthik goes into coma and is declared brain dead although he is kept alive using ventilator.",
    "genres" : [ {
      "id" : 18,
      "name" : "Drama"
    }, {
      "id" : 53,
      "name" : "Thriller"
    } ]
  }, {
    "id" : 181283,
    "title" : "Child 44",
    "overview" : "Set in Stalin-era Soviet Union, a disgraced MGB agent is dispatched to investigate a series of child murders -- a case that begins to connect with the very top of party leadership.",
    "genres" : [ {
      "id" : 80,
      "name" : "Crime"
    }, {
      "id" : 53,
      "name" : "Thriller"
    } ]
  }, {
    "id" : 181308,
    "title" : "Rose, Be My Love",
    "overview" : "Not a love triangle but a love rectangle, Rose, Be My Love is a romantic drama that represents the high standards achieved by Shaw Brothers in both star power and technical polish. Set on the eve of Pearl Harbor and Hong Kong's invasion by the Japanese, the tragic romance takes on added poignancy in light of the future fate of leading lady Li Ting, the \"Rose\" of Rose, Be My Love who committed suicide a mere three months after the movie's release.",
    "genres" : [ {
      "id" : 18,
      "name" : "Drama"
    } ]
  }, {
    "id" : 181338,
    "title" : "Reliance",
    "overview" : "A girl, Selinda, runs into her parents' bedroom in the middle of the night, claiming that a strange man just climbed through her window. The event causes a commotion in the entire residential area where they live. Some immediately assume that the outsider running the convenience store is the perpetrator. Others doubt the girl's story. In the midst of this drama, middle-aged Paul is trying to find his way back to his daughter, who is growing up, and away from him.",
    "genres" : [ {
      "id" : 18,
      "name" : "Drama"
    } ]
  }, {
    "id" : 181348,
    "title" : "Superfish",
    "overview" : "The KBS documentary program Superfish takes a thorough look into the history of fishing over the past 100,000 years, from fishing techniques to the role of fish in East Asian food and culture. The five episodes – \"Fish Planet,\" \"The Great Taste of Fish,\" \"Mystery of Rotten Fish,\" \"Fish on Friday\" and \"Super Fish\" – offer a fascinating essay on the intriguing relationship between fish and humans over the course of global history. Using high-speed and underwater shooting and time-slicing, Superfish also breaks new ground in documentary filmmaking with its stunning underwater imagery and dramatic editing. Narrated by actor Kim Suk Hoon.",
    "genres" : [ ]
  }, {
    "id" : 181353,
    "title" : "The Remarkable Mr. Kipps",
    "overview" : "A young tradesman learns that money doesn't necessarily bring happiness. Drama.",
    "genres" : [ {
      "id" : 35,
      "name" : "Comedy"
    }, {
      "id" : 18,
      "name" : "Drama"
    } ]
  }, {
    "id" : 181368,
    "title" : "The Man Inside",
    "overview" : "A detective tracking a stolen gem begins to suspect there's more to the case than just theft.",
    "genres" : [ {
      "id" : 18,
      "name" : "Drama"
    }, {
      "id" : 12,
      "name" : "Adventure"
    }, {
      "id" : 80,
      "name" : "Crime"
    } ]
  }, {
    "id" : 181373,
    "title" : "Kiss Me Again",
    "overview" : "No Overview",
    "genres" : [ {
      "id" : 10749,
      "name" : "Romance"
    } ]
  }, {
    "id" : 181418,
    "title" : "Giuliani Time",
    "overview" : "A documentary that investigates the 'new' New York City that then-Mayor Rudy Giuliani claimed he helped create.",
    "genres" : [ {
      "id" : 99,
      "name" : "Documentary"
    } ]
  }, {
    "id" : 181463,
    "title" : "Rented Lips",
    "overview" : "A documentary filmmaker, who has spent the last 15 years making films like \"Aluminum: Our Shiny Friend,\" is finally given the chance to make the documentary on Indian farming he has always wanted to. The catch? He must simultaneously direct a porn film. But as he tries to make the porn film, which he turns into a musical called \"Halloween in the Barracks,\" he must deal with a temperamental actor, a fundamentalist preacher, and other obstacles.",
    "genres" : [ ]
  }, {
    "id" : 181508,
    "title" : "Spider-Man Tech",
    "overview" : "This documentary discuss all the laws of physics , genetic biology and reflexis which Peter Parker (Spiderman) uses and how he become so powerful dispite of having comparatively weak body.",
    "genres" : [ {
      "id" : 99,
      "name" : "Documentary"
    } ]
  }, {
    "id" : 181518,
    "title" : "Kiss [2003] VH1 Ultimate Album",
    "overview" : "VH1 Kiss special about their live album Alive!",
    "genres" : [ ]
  }, {
    "id" : 181528,
    "title" : "Doctor Docatto's Reprise!!!",
    "overview" : "Every small town has a mad scientist, unfortunately, for Jamestown that man is Dr. Docatto: the worlds worst inventor. After years of severe failure, Dr. Docatto is about to throw in the towel all together, when he comes up with an idea so wild, so nutty, and so hair-brained, that he is sure it will secure his place in the history books!  The theory: Cats always land on their feet, so if one were to take two cats, and attach them together, back-to-back, one cat wouldn't be able to do so, thus, the cats would fly, and he would have invented the worlds first Anti-Gravity Propulsion machine!  He attaches two cats together but doesn't bother testing the theory before inviting, colleagues, the media, and the citizens of Jamestown to witness the unveiling!",
    "genres" : [ ]
  }, {
    "id" : 181533,
    "title" : "Night at the Museum: Secret of the Tomb",
    "overview" : "When the magic powers of The Tablet of Ahkmenrah begin to die out, Larry Daley (Ben Stiller) spans the globe, uniting favorite and new characters while embarking on an epic quest to save the magic before it is gone forever.",
    "genres" : [ {
      "id" : 12,
      "name" : "Adventure"
    }, {
      "id" : 35,
      "name" : "Comedy"
    }, {
      "id" : 14,
      "name" : "Fantasy"
    }, {
      "id" : 10751,
      "name" : "Family"
    } ]
  }, {
    "id" : 181548,
    "title" : "WWE: Triple H - That Damn Good",
    "overview" : "I am \"The Game\"... I am That Damn Good... and here`s the proof: six of the matches that prove who really is the best in the business.  Vs Vince Mcmahon  Vs Cactus Jack  Vs Chris Jericho  Vs The Rock Vs Kurt Angle  Vs Stone Cold Steve Austin  Triple Returns  Vs Chris Jericho",
    "genres" : [ {
      "id" : 99,
      "name" : "Documentary"
    } ]
  }, {
    "id" : 181553,
    "title" : "Me, Natalie",
    "overview" : "Since she was a child, Natalie Miller has always thought she was an ugly ducking. Despite her mother's encouragement that she will grow up to be pretty, Natalie has never believed it will happen. She rents a Greenwich Village apartment from an eccentric landlady and gets a job at the Topless Bottom Club. She rides a motorcycle to work, decorates her loft with a moose head, and rides up and down a dumbwaiter to get to her apartment. There Natalie meets David an artist, and the two have a love affair before she discovers he is married.",
    "genres" : [ {
      "id" : 35,
      "name" : "Comedy"
    }, {
      "id" : 18,
      "name" : "Drama"
    } ]
  }, {
    "id" : 181563,
    "title" : "Finding Atlantis",
    "overview" : "Using satellite photography, ground-penetrating radar and underwater technology, The film, Finding Atlantis, was screened by the National Geographic Channel in the US and fronted by Professor Richard Freund, from Hartford University in Connecticut. Professor Freund explained how he led a pursuit to find the lost civilisation, believed by many to be an ancient Greek myth, by using deep-ground radar, digital mapping and satellite imagery. He contends that Atlantis, described by Plato in 360BC, in Spain's Donaña National Park, north of Cadiz, and was wiped out by a giant tsunami. Plato wrote it had been destroyed by a natural disaster in 9,000BC. Experts are now surveying marshlands in Spain to look for proof of the ancient city.",
    "genres" : [ {
      "id" : 99,
      "name" : "Documentary"
    } ]
  }, {
    "id" : 181573,
    "title" : "Burn 'Em Up Barnes",
    "overview" : "Marjorie Temple, owner of a bus line and an apparently worthless plot of land, is set upon by rich oil speculators who know her land actually is worth millions. When they try to put her out of business for good, young race driver Burn 'em Up Barnes comes to her rescue - again and again and again.",
    "genres" : [ {
      "id" : 28,
      "name" : "Action"
    } ]
  }, {
    "id" : 181583,
    "title" : "Iron Fist: The Giants Are Coming",
    "overview" : "The superhero Iron Fist is in search of a daggar that will point the way to a uranium mine and a hidden treasure.",
    "genres" : [ {
      "id" : 14,
      "name" : "Fantasy"
    }, {
      "id" : 28,
      "name" : "Action"
    } ]
  }, {
    "id" : 181603,
    "title" : "Ruth",
    "overview" : "particular translation",
    "genres" : [ ]
  }, {
    "id" : 181618,
    "title" : "Disney Sing-Along-Songs: Pocahontas - Colors of the Wind",
    "overview" : "Disney Sing-Along-Songs: Colors of the Wind",
    "genres" : [ ]
  }, {
    "id" : 181628,
    "title" : "Search for the Beast",
    "overview" : "Dr. David Stone is a scientist with a special interest in legends about the Okaloosa wilderness, where a violent, man-like beast is said to dwell, and where many campers have disappeared over the years. When local moneyman Milton St. John offers to fund an expedition to look for the monster, Stone readily accepts, not realizing that St. John's son was one of those missing campers, and that his financier is not interested in science, but in getting revenge on the beast!",
    "genres" : [ ]
  }, {
    "id" : 181633,
    "title" : "People's Hero",
    "overview" : "Ex-gangster Sonny Koo finds himself in the middle of a bank holdup by two inexperienced crooks. The robbery goes awry, but before order can be restored, Sonny assumes control. He proceeds to turn the hostage situation to his advantage, and uses the bank's customers and personnel as leverage to free his girlfriend from prison. On the outside, sympathetic cop Ah Sai debates with his captain over how to handle the situation.",
    "genres" : [ {
      "id" : 28,
      "name" : "Action"
    }, {
      "id" : 18,
      "name" : "Drama"
    }, {
      "id" : 53,
      "name" : "Thriller"
    }, {
      "id" : 10769,
      "name" : "Foreign"
    } ]
  }, {
    "id" : 181638,
    "title" : "Untold",
    "overview" : "A dangerous beauty queen sinks her claws into the life of a married doctor and his family.",
    "genres" : [ ]
  }, {
    "id" : 181648,
    "title" : "The Swift Knight",
    "overview" : "In a rare reversal of typecasting, Shaw Brothers' perennial bad guy Lo Lieh breaks tradition to play the honorable and noble swordsman in The Swift Knight. Similar to Danny Kaye's The Court Jester without the jest, it's a tale of brave knights, chivalry and fair maidens where the Swift Knight (Lo Lieh) finds himself involved in romance, court intrigue and deadly jousts while trying to protect a baby who is the Emperor's secret heir apparent.",
    "genres" : [ {
      "id" : 28,
      "name" : "Action"
    }, {
      "id" : 10769,
      "name" : "Foreign"
    } ]
  }, {
    "id" : 181653,
    "title" : "Shtemp",
    "overview" : "",
    "genres" : [ {
      "id" : 28,
      "name" : "Action"
    } ]
  }, {
    "id" : 181663,
    "title" : "TISM: Gold! Gold!! Gold!!!",
    "overview" : "Gold! Gold!! Gold!!! is the fifth and final TISM VHS, featuring interviews, live performances, a video clip and TV appearances.",
    "genres" : [ ]
  }, {
    "id" : 181668,
    "title" : "Kiss [1975] Midnight Special",
    "overview" : "Kiss live at Midnight special TV show",
    "genres" : [ ]
  }, {
    "id" : 181738,
    "title" : "The Haunted Cop Shop II",
    "overview" : "Specially trained government troops are sent to clean out a city that is plagued by vampires, ghosts and cannibalistic zombies.",
    "genres" : [ {
      "id" : 35,
      "name" : "Comedy"
    }, {
      "id" : 27,
      "name" : "Horror"
    } ]
  }, {
    "id" : 181748,
    "title" : "The Bronze Screen: 100 Years of the Latino Image in American Cinema",
    "overview" : "Documentary about the presence of Latin American culture and actors in American movies.",
    "genres" : [ {
      "id" : 99,
      "name" : "Documentary"
    } ]
  }, {
    "id" : 181753,
    "title" : "Backfire",
    "overview" : "Mara McAndrew's marriage is falling apart. Her husband, Donnie, a Vietnam veteran, suffers troubling flashbacks about the war, leaving him unresponsive to her needs. Mara wants out, but she also wants Donnie's money. When Mara meets a mysterious stranger, Reed, at a local bar, she believes she has found the right person to help her out of her predicament. But Mara worries that Donnie's sister, Jill, is on to her.",
    "genres" : [ {
      "id" : 53,
      "name" : "Thriller"
    }, {
      "id" : 18,
      "name" : "Drama"
    }, {
      "id" : 9648,
      "name" : "Mystery"
    } ]
  }, {
    "id" : 181768,
    "title" : "Heroic Ones",
    "overview" : "A naive kung-fu student (Lung Ti) falls under the influence of a corrupt master. Soon the student realizes his master plans to dominate the martial arts community by stealing a legendary martial arts book that's supposed to bestow its owner with extraordinary powers. And his master will stop at nothing - including murder - to possess that book. Now, with the help of a sympathetic female fighter and an intriguing drunk, the student must lead a rival kung-fu sect in a deadly tournament against his master and his kung-fu stablemates to keep the book out of the wrong hands.",
    "genres" : [ ]
  }, {
    "id" : 181778,
    "title" : "Quartetto",
    "overview" : "A film by Salvatore Piscicelli.",
    "genres" : [ ]
  }, {
    "id" : 181788,
    "title" : "Les Bidochon",
    "overview" : "",
    "genres" : [ {
      "id" : 35,
      "name" : "Comedy"
    } ]
  }, {
    "id" : 181798,
    "title" : "Vesnice roku",
    "overview" : "",
    "genres" : [ {
      "id" : 35,
      "name" : "Comedy"
    } ]
  }, {
    "id" : 181808,
    "title" : "Star Wars: The Last Jedi",
    "overview" : "Rey develops her newly discovered abilities with the guidance of Luke Skywalker, who is unsettled by the strength of her powers. Meanwhile, the Resistance prepares to do battle with the First Order.",
    "genres" : [ {
      "id" : 28,
      "name" : "Action"
    }, {
      "id" : 12,
      "name" : "Adventure"
    }, {
      "id" : 14,
      "name" : "Fantasy"
    }, {
      "id" : 878,
      "name" : "Science Fiction"
    } ]
  }, {
    "id" : 181818,
    "title" : "Laurent Paquin - Première impression",
    "overview" : "",
    "genres" : [ ]
  }, {
    "id" : 181828,
    "title" : "A Reencarnação do Sexo",
    "overview" : "Patricia (Patricia Scalvi) lives with her parents in the countryside near São Paulo. She's in love with Artur (Artur Roveder) who works for her parents. Both are very happy and full of plans, but Artur is atrociously killed and Patricia fades away in pain. Years later, the house, seemingly empty, is to let, but Artur's voice and Patricia's ghost remain there. All those who rent the house will suffer their influence and become possessed. Through sex and through violence they will be led to the point of no return.",
    "genres" : [ {
      "id" : 9648,
      "name" : "Mystery"
    }, {
      "id" : 27,
      "name" : "Horror"
    }, {
      "id" : 80,
      "name" : "Crime"
    } ]
  }, {
    "id" : 181833,
    "title" : "Cowgirl",
    "overview" : "",
    "genres" : [ ]
  }, {
    "id" : 181858,
    "title" : "Double Cross: The True Story of the D-day Spies",
    "overview" : "The story of D-Day has been told from the point of view of the soldiers who fought in it, the tacticians who planned it and the generals who led it. But that epic event in world history has never been told before through the perspective of the strange handful of spies who made it possible. D-Day was a great victory of arms, a tactical coup, and a moral crusade. But it was also a triumph for espionage, deceit, and thinking of the most twisted sort.  Following on from his hugely successful BBC Two documentaries, Operation Mincemeat and Double Agent: The Eddie Chapman Story (Agent Zigzag), writer and presenter Ben Macintyre returns to the small screen to bring to life his third best-selling book - Double Cross The True Story of the D-Day Spies. Macintyre reveals the gripping true story of five of the double agents who helped to make D-day such a success.",
    "genres" : [ {
      "id" : 10752,
      "name" : "War"
    }, {
      "id" : 99,
      "name" : "Documentary"
    } ]
  }, {
    "id" : 181863,
    "title" : "Pulupot",
    "overview" : "\"Pulupot\" is a story of Eva (Justin Ferrer of GMA7's Survivor Philippines), a hardworking transsexual entrepreneur who waits for the love of her life, Edgardo (Gio Gapas) with complicated relationships with a possessive gay man Kiko (Justin De Leon of Ang Lalaki Sa Parola), a pragmatic sex worker (Echo Caceres of Survivor Philippines) and his OFW girl friend (Joyce Acorda).  This story an upbeat testament to the simple truth that love is a choice. And sometimes the most incovenieant choice is the key to one's happiness. \"Pulupot is the gay truth about life.\"",
    "genres" : [ ]
  }, {
    "id" : 181868,
    "title" : "Slut.",
    "overview" : "This provocative documentary examines the word \"Slut\" and traces how it evolved from the Victorian era to today, how it affects women and popular culture, and whether it should be banned.",
    "genres" : [ {
      "id" : 99,
      "name" : "Documentary"
    } ]
  }, {
    "id" : 181883,
    "title" : "High Hell",
    "overview" : "Tempers and sexual jealousies flare when five men and a woman share a mountain cabin while mining for gold.",
    "genres" : [ {
      "id" : 12,
      "name" : "Adventure"
    } ]
  }, {
    "id" : 181888,
    "title" : "The Lady Punisher",
    "overview" : "The carefree days of a happy lesbian Hong Kong couple are over when they are attacked by three drug dealers while enjoying a swim; the girls are raped and one of them is killed. Three years later, the surviving girl, now a boutique owner, accidentally runs across one of those men, and decides this is the perfect opportunity to take her revenge.",
    "genres" : [ ]
  }, {
    "id" : 181898,
    "title" : "Virtual Trip: Tokyo Twilight from the Air",
    "overview" : "A virtual tour of Tokyo by helicopter. Very beautiful and very professional photography twilight and night Tokyo from the air. The film can be seen as a documentary or use for relaxation. Have a nice trip!",
    "genres" : [ {
      "id" : 99,
      "name" : "Documentary"
    } ]
  }, {
    "id" : 181918,
    "title" : "Motoring in Mexico",
    "overview" : "This Traveltalk entry takes viewers along the Pacific International Highway, which starts in Mexico City (not seen) and proceeds west to Acapulco. We see the Spanish colonial architecture in Morelia, the famous Popocatépetl Volcano, and Acapulco's famous cliff divers and beaches.",
    "genres" : [ {
      "id" : 99,
      "name" : "Documentary"
    } ]
  }, {
    "id" : 181923,
    "title" : "El Zaeem",
    "overview" : "This is a well known Adel Imam play ,In his play Al-Zaeem or the leader, he criticizes the relationship between rulers and their people.",
    "genres" : [ {
      "id" : 35,
      "name" : "Comedy"
    } ]
  }, {
    "id" : 181928,
    "title" : "Shadow",
    "overview" : "Rajaram (Venkatesh) is the son of Raghuram (Naga Babu). Raghuram is Associate in Nursing, as investigatory journalist in an United Nations agency. He infiltrates the criminal organization of Nana Bhai (Aditya Pancholi) and earns his trust. He gathers proof against the activities of Nana and hands them over to newspaper publisher CP - Chaitanya Prasad (Sayaji Shinde). This is often discovered by Nana Bhai and he eliminates Raghuram in an exceedingly brutal manner. He additionally destroys Raghuram's family. Rajaram manages to flee from the Massacre and he vows to require revenge on Nana. With the assistance of Baba (Nassar), Rajaram grows up into a strong young man. He assumes the identity of Shadow and starts looking members of Nana Bhai's gang. Meanwhile, Prathap (Srikanth) comes into the story as a tricky cop in UN agency, also searching for Nana Bhai and his gang.  Can Shadow reach his mission? That forms the story of this film.",
    "genres" : [ ]
  }, {
    "id" : 181933,
    "title" : "Salar, the Leaper",
    "overview" : "No Overview",
    "genres" : [ ]
  }, {
    "id" : 181938,
    "title" : "Escuela de seductoras",
    "overview" : "Three friends in love, are ignored because of their lack of gift to conquer. After learning of the existence of a school of seduction, are enrolled as students.",
    "genres" : [ ]
  }, {
    "id" : 181943,
    "title" : "deadend.com",
    "overview" : "Wyeth Clarkson directs this movie where three teens make a pact to drive from Quebec City to the west coast and upon arrival, commit suicide.",
    "genres" : [ ]
  }, {
    "id" : 181948,
    "title" : "El Padre Pistolas",
    "overview" : "Feature on the adventures that develop the most perfect of false priest.",
    "genres" : [ ]
  }, {
    "id" : 181958,
    "title" : "El esfuerzo y el ánimo",
    "overview" : "The death of the brilliant Maurice Béjart in 2007 is an irreparable loss for the world of Dance, but above all, it means a cataclysm for his own company. Forty dancers from all five continents are now orphans and they'll have to work hard for the survival of the company.",
    "genres" : [ ]
  }, {
    "id" : 181963,
    "title" : "Heimweh nach Dir",
    "overview" : "--- nothing found ---",
    "genres" : [ {
      "id" : 18,
      "name" : "Drama"
    } ]
  }, {
    "id" : 181973,
    "title" : "Young and Beautiful",
    "overview" : "Bob Preston, publicity man for Superba Pictures, uses his publicity skills in an attempt to make this fiancée June Dale the most famous movie star in the world. But in doing so, he forgets that women want to be attended to for themselves, not as objects of fame.",
    "genres" : [ {
      "id" : 35,
      "name" : "Comedy"
    }, {
      "id" : 10749,
      "name" : "Romance"
    } ]
  }, {
    "id" : 181983,
    "title" : "The Marines Are Coming",
    "overview" : "Expelled from his lieutenancy in the Marine Corps, Bill Traylor reenlists as a private. His unit is sent to a Latin American country where a rebel leader called The Torch promotes insurrection. There Traylor encounters again Captain Benton, the man responsible for his disgrace and his rival for the love of a girl.",
    "genres" : [ {
      "id" : 10752,
      "name" : "War"
    }, {
      "id" : 28,
      "name" : "Action"
    } ]
  }, {
    "id" : 181988,
    "title" : "Kiss [1979] Landover 1979",
    "overview" : "Bonus disc from Kissology II. Kiss live at Capital Center, Landover, MI, July 8, 1979",
    "genres" : [ ]
  }, {
    "id" : 182008,
    "title" : "Kiss: São Paulo, 1994",
    "overview" : "Bonus disc from Kissology III. Kiss live at Sao Paulo, Brazil, August 27, 1994",
    "genres" : [ ]
  }, {
    "id" : 182013,
    "title" : "Macbeth",
    "overview" : "In eleventh century Scotland, three witches foretell that Macbeth will become King, while Banquo will beget Kings. Macbeth accordingly has King Duncan slain, and is duly crowned in his place. But that's where his problems really begin...",
    "genres" : [ {
      "id" : 18,
      "name" : "Drama"
    } ]
  }, {
    "id" : 182023,
    "title" : "Smyrna: The Destruction of a Cosmopolitan City - 1900-1922",
    "overview" : "A unique exhibition of rare and unknown photographs of Smyrna from American and European archives and private collections.",
    "genres" : [ ]
  }, {
    "id" : 182043,
    "title" : "Summer Story",
    "overview" : "Coming of age story about a friendship between 12 years old Gal and 19 years old Haya in Israeli moshav where both are living.",
    "genres" : [ {
      "id" : 18,
      "name" : "Drama"
    }, {
      "id" : 10751,
      "name" : "Family"
    } ]
  }, {
    "id" : 182048,
    "title" : "The Miami Model",
    "overview" : "Against the prescribed template of paramilitary oppression, information warfare, and profit above all values, activists converge in Miami to demonstrate grassroots resistance, creative action, and international solidarity—a clash between competing visions of globalization, soon to be known as the Miami Model. Indymedia activists shot hundreds of hours documenting the 2003 FTAA protests in Miami and shaped it into a documentary that cuts through the mass media blackout to reveal the brutal repression and assault on civil liberties that took place, as well as the inspiring alternatives to capitalist globalization that were also in full effect in Miami.",
    "genres" : [ ]
  }, {
    "id" : 182063,
    "title" : "Dear Mr. Prohack",
    "overview" : "A present-day version of Arnold Bennett's novel telling of a Treasury official who, despite keeping a firm control on the handling of public money, has no idea how to cope with the large fortune which he unexpectedly inherits. (BFI Website)",
    "genres" : [ {
      "id" : 35,
      "name" : "Comedy"
    }, {
      "id" : 10749,
      "name" : "Romance"
    } ]
  }, {
    "id" : 182088,
    "title" : "Martin Solveig - Live at Tomorrowland 2012",
    "overview" : "",
    "genres" : [ {
      "id" : 99,
      "name" : "Documentary"
    }, {
      "id" : 10402,
      "name" : "Music"
    } ]
  }, {
    "id" : 182093,
    "title" : "Respice Finem",
    "overview" : "\"A refined film essay about the loneliness, wisdom and humility of old women. The film, most valued by Jan Špáta, was awarded the Grand Prize at the International Short Film Festival in Oberhausen, the Trilobit Award and Special Mention at the IFF in Karlovy Vary.\"",
    "genres" : [ ]
  }, {
    "id" : 182118,
    "title" : "Le meilleur des enfoirés - 20 ans",
    "overview" : "",
    "genres" : [ {
      "id" : 10402,
      "name" : "Music"
    } ]
  }, {
    "id" : 182188,
    "title" : "Desideria",
    "overview" : "An overweight teenage girl (Lara Wendel) walks in on her mother (Stephania Sandrelli) having a three-way. She later confronts her mother and gets her birthday cake shoved in her face. She then tries to commit suicide, but survives and loses a lot of weight. Now attractive to boys and men for the first time, she turns into a world-class tease, manipulating a smitten boy her age, her mother's middle-age jerk of boyfriend, an older would-be revolutionary, and so on.",
    "genres" : [ {
      "id" : 18,
      "name" : "Drama"
    } ]
  }, {
    "id" : 182228,
    "title" : "100 Degrees Below Zero",
    "overview" : "After freak climate and weather events destroy the world around them, a group of rogue scientists attempt to reverse the deadly new ice age.",
    "genres" : [ {
      "id" : 28,
      "name" : "Action"
    }, {
      "id" : 878,
      "name" : "Science Fiction"
    } ]
  }, {
    "id" : 182238,
    "title" : "Contestatarios (poemágnes 1)",
    "overview" : "Exercise testing, with the constraint of being an independent film production and risky, is a very free version of the classic Greek myth, and has its best supplement in Contestatarios (Poemágenes 1) short film shot during the French May '68, whose exhibition was banned and which until now has not offered ever in a movie theater.",
    "genres" : [ ]
  }, {
    "id" : 182248,
    "title" : "Seven Hours to Judgment",
    "overview" : "A distraught husband kidnaps the judge who freed his wife's killers on insufficient evidence. He gives him seven hours to find evidence that will put them away, or he'll kill his wife.",
    "genres" : [ {
      "id" : 28,
      "name" : "Action"
    }, {
      "id" : 80,
      "name" : "Crime"
    }, {
      "id" : 18,
      "name" : "Drama"
    } ]
  }, {
    "id" : 182273,
    "title" : "Chennai Super Kings vs Mumbai Indians",
    "overview" : "The Indian Premier League (IPL) is a professional league for Twenty20 cricket championship in India.",
    "genres" : [ ]
  }, {
    "id" : 182278,
    "title" : "Dead Men Talking",
    "overview" : "With an audience of 40 million, Ding Yu, a beautiful Chinese journalist interviews condemned prisoners shortly before execution. But what about the emotional burden this is having on Ding Yu herself?",
    "genres" : [ ]
  }, {
    "id" : 182283,
    "title" : "My First Thomas with Thomas",
    "overview" : "An introduction to the world of Thomas – 8 adventures with Thomas!  The “My First Thomas” series is designed to be an introduction for new fans who are just embarking on their journey into the wonderful world of Thomas &amp; Friends. Each collection focuses on one key character from the series and allows the fledgling Thomas fan to get familiar with Thomas, the Island of Sodor and all the fun adventures the friends have every day.  Episodes:  Thomas and Gordon  Thomas’ Train  Thomas and the Guard  Thomas Goes Fishing  Thomas, Terence and the Snow  Thomas and Bertie  Bertie’s Chase  Thomas Comes to Breakfast  NB: These episodes have appeared on previous ABC DVD releases.",
    "genres" : [ ]
  }, {
    "id" : 182298,
    "title" : "Männer auf Rädern",
    "overview" : "",
    "genres" : [ ]
  }, {
    "id" : 182303,
    "title" : "The Bashful Bachelor",
    "overview" : "Lum Edwards is annoyed with his partner in Pine Ridge's Jot-'em-Down general store, Abner Peabody, because Abner has swapped their delivery car for a racehorse. Lum is also too timid to propose to Geraldine, so he involves Abner in a \"rescue\" effort which nearly gets both of them killed. They try again, and this time Geraldine is impressed. Lum writes a proposal note, but Abner, by mistake, delivers it to the Widder Abernathy, who has been ready to remarry for years. This puts Lum in a peck of trouble until the sheriff appears with the Widder's long-gone and hiding husband.",
    "genres" : [ ]
  }, {
    "id" : 182308,
    "title" : "العسكري الأخضر",
    "overview" : "",
    "genres" : [ ]
  }, {
    "id" : 182338,
    "title" : "Super-Sleuth",
    "overview" : "A movie actor playing a detective gets carried away with his role and starts trying to solve real-life crimes.",
    "genres" : [ {
      "id" : 9648,
      "name" : "Mystery"
    }, {
      "id" : 35,
      "name" : "Comedy"
    } ]
  }, {
    "id" : 182343,
    "title" : "المش مهندس حسن",
    "overview" : "",
    "genres" : [ ]
  }, {
    "id" : 182373,
    "title" : "The Rockford Files: A Blessing in Disguise",
    "overview" : "Angel's televangelical ministry launches a boycott against a movie entitled \"Little Ezekial,\" and Rockford is hired to protect its star.",
    "genres" : [ ]
  }, {
    "id" : 182413,
    "title" : "Sans titre",
    "overview" : "short short movie by cote",
    "genres" : [ ]
  }, {
    "id" : 182423,
    "title" : "Monte Carlo Nights",
    "overview" : "A man wrongfully convicted of murder escapes custody and goes in search of the real killer. The problem is that he only has one clue to go on.",
    "genres" : [ {
      "id" : 9648,
      "name" : "Mystery"
    }, {
      "id" : 10749,
      "name" : "Romance"
    } ]
  }, {
    "id" : 182438,
    "title" : "Night",
    "overview" : "",
    "genres" : [ ]
  }, {
    "id" : 182458,
    "title" : "Blindside Blues Band - Rockpalast Crossroads",
    "overview" : "The blindside blues band to mastermind Mike Onesko belongs to the top of the power-Blues. Rarely the blues of similar to hard 'n' is interpreted currently heavy as of this combo. Classic 'old school' is equipped with hardest riffs and powerful fills them. Oneskos game is trained to guitarists like Jimi Hendrix and Robin Trower, also cream or deep purple fall to benchmark - the spectacular musicality of everyone never gets to the end in itself, but is always the band subordinates.",
    "genres" : [ ]
  }, {
    "id" : 182473,
    "title" : "أيامنا الجاية",
    "overview" : "",
    "genres" : [ ]
  }, {
    "id" : 182483,
    "title" : "Consent",
    "overview" : "A wealthy Manhattan family's inability to cope with the suicide of their eldest daughter sends them into a downward spiral of drugs, alcohol and sexual taboos that threatens to destroy them.",
    "genres" : [ ]
  }, {
    "id" : 182488,
    "title" : "Santana Live at the Fillmore San Francisco",
    "overview" : "Near perfect quality proshot broadcast recording of Santana recorded live at the Fillmore, in San Francisco, CA. on May 20th , & 21st, 2008.",
    "genres" : [ {
      "id" : 10402,
      "name" : "Music"
    } ]
  } ]
}