{
  "movies" : [ {
    "id" : 37768,
    "title" : "Borotalco",
    "overview" : "Sergio Benvenuti is a shy seller of contracts for a Roman company of music, but because of his character he cannot find even a customer, so he asks for help from a fellow named Nadia.",
    "genres" : [ {
      "id" : 35,
      "name" : "Comedy"
    } ]
  }, {
    "id" : 37773,
    "title" : "Spy Games",
    "overview" : "A romantic suspense-comedy about CIA agent Harry (Bill Pullman) and SVR agent Natasha (Irene Jacob) fighting to save the world, their lives and secret love in the post cold war Helsinki",
    "genres" : [ {
      "id" : 28,
      "name" : "Action"
    }, {
      "id" : 35,
      "name" : "Comedy"
    }, {
      "id" : 10749,
      "name" : "Romance"
    } ]
  }, {
    "id" : 37788,
    "title" : "Kaptein Sabeltann og grusomme Gabriels Skatt",
    "overview" : "Kaptein Sabeltann is back! And when the people of Kjuttaviga also find a parchment that says there is another treasure from the pirate Grusomme Gabriel in Kjuttaviga, things really become wild.",
    "genres" : [ {
      "id" : 10751,
      "name" : "Family"
    } ]
  }, {
    "id" : 37793,
    "title" : "Ghosts",
    "overview" : "The film tells the story of a scary Maestro with supernatural powers, who is being forced out of a small town by its mayor. The movie includes a series of dance routines performed by Michael Jackson and his \"family\" of ghouls. Every song from the film was taken from Michael Jackson's HIStory and Blood on the Dance Floor albums.",
    "genres" : [ {
      "id" : 10402,
      "name" : "Music"
    }, {
      "id" : 27,
      "name" : "Horror"
    } ]
  }, {
    "id" : 37798,
    "title" : "One Track Mind",
    "overview" : "One Track Mind explores the technical side and ambitious nature of surfing’s most competitive individuals and their drive to push the limits and succeed. Shot on 16mm, the film spans generations and styles in search of the common thread that makes them the best. The most influential people in modern surfing tell stories about their best boards, the surfers they hail and the waves they live to ride.",
    "genres" : [ {
      "id" : 28,
      "name" : "Action"
    }, {
      "id" : 12,
      "name" : "Adventure"
    }, {
      "id" : 35,
      "name" : "Comedy"
    }, {
      "id" : 18,
      "name" : "Drama"
    } ]
  }, {
    "id" : 37803,
    "title" : "The Movie Tokyo Friends: The Movie",
    "overview" : "Rei Iwatsuki (Ai Otsuka) moved from her hometown Kōchi to Tokyo to pursue her dreams. On arrival, she found a job as a waitress in a restaurant and met guitarist Ryuuji Shintani. Ryuuji (Eita) liked her voice and invited her to join his band as the vocalist, The Survival Company (also known as Sabakan). The two started a relationship but then broke off when Rei wanted to write her own songs.  Rei met other girls also working in the restaurant, Hirono (Matsumoto Rio), Ryoko (Maki Yoko) and Maki (Kobayashi Mao), all in pursuit of their own dreams, and became good friends with all of them. One day, Rei receives news that Takashi was seen in New York and she decides to go look for him..",
    "genres" : [ ]
  }, {
    "id" : 37813,
    "title" : "Shadow",
    "overview" : "A Young soldier returning from Iraq goes on a high mountain adventure in a desolate place in Europe to forget his past, he will lear truth in a mysterious local legend discovering that reality can be sicker than nightmares.",
    "genres" : [ {
      "id" : 27,
      "name" : "Horror"
    }, {
      "id" : 53,
      "name" : "Thriller"
    } ]
  }, {
    "id" : 37818,
    "title" : "The Allnighter",
    "overview" : "Molly (Hoffs), Val (Pfeiffer) and Gina (Cusack) are graduating college, but on their final night, frustrations are aired. Molly is still looking for real love and Val is beginning to doubt if that is what she has found. Gina is too busy videotaping everything to really notice. When the final party at Pacifica College kicks off, things do not go exactly as planned.",
    "genres" : [ {
      "id" : 35,
      "name" : "Comedy"
    }, {
      "id" : 10749,
      "name" : "Romance"
    } ]
  }, {
    "id" : 37823,
    "title" : "Gilbert Gottfried: Dirty Jokes",
    "overview" : "The outrageous Gilbert Gottfried breaks down the walls of good taste in this hilarious, jaw-dropping DVD, recorded live in New York, City. He gleefully bats aside political correctness and fires an onslaught of jokes guaranteed to offend, building to a grand finale of filth known as the Dirtiest Joke of All Time",
    "genres" : [ {
      "id" : 35,
      "name" : "Comedy"
    } ]
  }, {
    "id" : 37828,
    "title" : "Armadillo",
    "overview" : "ARMADILLO is an upfront account of growing cynicism and adrenaline addiction for young soldiers at war. Mads and Daniel are on their first mission in Helmand, Afghanistan. Their platoon is stationed in Camp Armadillo, right on the Helmand frontline, fighting tough battles against the Taliban. The soldiers are there to help the Afghan people, but as fighting gets tougher and operations increasingly hairy, Mads, Daniel and their friends become cynical, widening the gap between themselves and the Afghan civilisation. Mistrust and paranoia set in causing alienation and disillusion. Armadillo is a journey into the soldier’s mind and a unique film on the mythological story of man and war, staged in its contemporary version in Afghanistan.",
    "genres" : [ {
      "id" : 99,
      "name" : "Documentary"
    }, {
      "id" : 10752,
      "name" : "War"
    } ]
  }, {
    "id" : 37833,
    "title" : "Reefer Madness",
    "overview" : "High-school principal Dr. Alfred Carroll (Josef Forte) relates to an audience of parents that marijuana can have devastating effects on teens. In his story, a drug supplier entices several restless teens, including sister and brother Mary (Dorothy Short) and Jimmy Lane (Warren McCollum) and Mary's boyfriend, Bill (Kenneth Craig), into frequenting a \"reefer\" house. Gradually, Bill and Jimmy are drawn into smoking dope, which affects their family lives and leads to a terrible crime.",
    "genres" : [ {
      "id" : 35,
      "name" : "Comedy"
    }, {
      "id" : 18,
      "name" : "Drama"
    } ]
  }, {
    "id" : 37838,
    "title" : "Desert Dream",
    "overview" : "This film takes place in a remote area, a desert region situated somewhere between the Mongolia and Chinese border. The town has become nearly void of all inhabitants except for Hangai, who works obsessively to plant trees in the desert area. Hangai’s own wife has recently left him, as their daughter became increasingly ill. While Hangai wallows in solitude, a North Korean refugee arrives at his doorstep with her son. They ask for shelter and Hanghai obliges. Although the trio can’t even speak a common language, they are able to communicate nonethless and work together to plant trees. It seems Hanghai is attracted to Soon Hee, but she doesn’t feel quite the same way. Then a Mongolian soldier stationed at a nearby camp, befriends the trio and the dynamics of their relationship start to change.",
    "genres" : [ {
      "id" : 18,
      "name" : "Drama"
    } ]
  }, {
    "id" : 37843,
    "title" : "Blood Beach",
    "overview" : "Something or someone is attacking people one by one on the beach. Some of them are mutilated, but most of them are sucked into the sand, disappearing without a trace. What is the creature responsible? Where does it live, and where did it come from? And is there any chance of it reproducing? Meanwhile, David Huffman and Mariana Hill are once-almost-married old friends, reunited over the death of her mother on the beach, and searching for clues in the abandoned buildings where they used to play when they were young.",
    "genres" : [ {
      "id" : 878,
      "name" : "Science Fiction"
    }, {
      "id" : 27,
      "name" : "Horror"
    }, {
      "id" : 35,
      "name" : "Comedy"
    } ]
  }, {
    "id" : 37848,
    "title" : "The Treasure Hunter",
    "overview" : "In the northwest desert where countless prosperous dynasties have flourished and fallen, there is rumor of a treasure of unbelievable riches buried among it. A group of mysterious guardians have been guarding the map to the location of the treasure until a fierce rivalry erupted. A notorious international crime group, The Company hunted down the map keeper and before they managed to secure the map, the keeper passed the map to a young chivalrous man Ciao Fei. Ciao Fei was forced to give up the map to save the live of his mentor’s daughter Lan Ting. Teaming up with Hua Ding Bang and Lan Ting they embark on a dangerous journey to recover the map and fight to protect the ancient treasure.",
    "genres" : [ {
      "id" : 28,
      "name" : "Action"
    }, {
      "id" : 12,
      "name" : "Adventure"
    }, {
      "id" : 14,
      "name" : "Fantasy"
    }, {
      "id" : 878,
      "name" : "Science Fiction"
    } ]
  }, {
    "id" : 37853,
    "title" : "Mister Roberts",
    "overview" : "A hilarious and heartfelt military comedy-drama co-directed by John Ford and Mervyn LeRoy, Mister Roberts stars Henry Fonda as an officer who's yearning for battle but is stuck in the backwaters of World War II on a noncommissioned Navy ship run by the bullying Capt. Morton (James Cagney). Jack Lemmon enjoys a star-making turn as the freewheeling Ensign Pulver, and William Powell stars as the ship's doctor in his last screen role.  Based on the 1946 novel with the same name, by Thomas Heggen, and the 1948 Broadway play, written by Thomas Heggen and Joshua Logan. Henry Fonda also starred in the original Broadway production. Warner Bros. didn't want Fonda to star in the film, as they thought he was too old, and had been a stage player for so long (8 years), that he no longer was box office material. However, John Ford insisted on Fonda and the company eventually agreed.",
    "genres" : [ {
      "id" : 35,
      "name" : "Comedy"
    }, {
      "id" : 18,
      "name" : "Drama"
    }, {
      "id" : 10751,
      "name" : "Family"
    }, {
      "id" : 10752,
      "name" : "War"
    } ]
  }, {
    "id" : 37858,
    "title" : "Bandaged",
    "overview" : "Since his wife's death, Arthur, a peculiar and severe surgeon, cloisters his teen daughter Lucille inside a strange mansion. Desperate, Lucille tries to commit suicide and ends up with her face completely burned and bandaged. Arthur, with the assistance of his aunt, prepares a weird skin graft in order to give back Lucille a face, a face that resembles his beloved and deceased wife. To take care of her, the father then hires Joan, an attractive nurse with a somber past. Lucille and Joan start a forbidden and passionate love affair.",
    "genres" : [ {
      "id" : 28,
      "name" : "Action"
    }, {
      "id" : 18,
      "name" : "Drama"
    }, {
      "id" : 53,
      "name" : "Thriller"
    } ]
  }, {
    "id" : 37863,
    "title" : "Running on Empty",
    "overview" : "Mike loves his fast cars and his hot women. When he fancies the girlfriend of the local street racing king, Fox, he gets way in over his head in racing for his girl, his money and his life. Through racing, sex, nightclubs and small road trips the film depicts what it was like to be a teenager in Australia in the 1980's.",
    "genres" : [ {
      "id" : 28,
      "name" : "Action"
    }, {
      "id" : 18,
      "name" : "Drama"
    } ]
  }, {
    "id" : 37868,
    "title" : "A Serious Shock! Yes Madam!",
    "overview" : "Though policewoman Hsie Wan-chin (Cynthia Yang Li-ching) is merrily planning for her wedding with fellow cop Wilson Tsiang (Lawrence Ng Kai-wah), he is having an illicit affair with her best friend, May (Moon Lee). When Wilson tries to break things off, May doesn't take it well. When she learns that Wilson and Wan-chin are moving to Though policewoman Hsie Wan-chin (Cynthia Yang Li-ching) is merrily planning for her wedding with fellow cop Wilson Tsiang (Lawrence Ng Kai-wah), he is having an illicit affair with her best friend, May (Moon Lee). When Wilson tries to break things off, May doesn't take it well. When she learns that Wilson and Wan-chin are moving to England, she completely loses it. (http://www.allmovie.com/work/a-serious-shock-yes-madam-270076)",
    "genres" : [ {
      "id" : 28,
      "name" : "Action"
    }, {
      "id" : 12,
      "name" : "Adventure"
    } ]
  }, {
    "id" : 37873,
    "title" : "Shinsengumi: Assassins of Honor",
    "overview" : "Near the end of the nineteenth century, as the balance of power shifts from Shogunate towards the Emperor, Japan restlessly awaits the dawning of a new age. But not all are content...The Shinsengumi, a small army of samurai, farmers and peasants, band together to do battle against the tide of history. Their leader, Isami Kondo (Mifune) is a man who rises from farmer to fighter to head the fierce Shinsengumi brigade. Using a stern hand and a heart of gold, he rallies his men in defense of the tottering Shogunate. But bloodshed and treachery lurk around every corner.",
    "genres" : [ {
      "id" : 28,
      "name" : "Action"
    }, {
      "id" : 18,
      "name" : "Drama"
    }, {
      "id" : 10769,
      "name" : "Foreign"
    }, {
      "id" : 36,
      "name" : "History"
    } ]
  }, {
    "id" : 37878,
    "title" : "Big Country: Live at Rockpalast",
    "overview" : "Big Country: Live at Rockpalast 1991",
    "genres" : [ ]
  }, {
    "id" : 37883,
    "title" : "Joe Satriani: Live in San Francisco",
    "overview" : "Joe Satriani - Live in San Francisco (2001)",
    "genres" : [ {
      "id" : 10402,
      "name" : "Music"
    } ]
  }, {
    "id" : 37888,
    "title" : "Queensryche: The Art of Live",
    "overview" : "The summer tour was a co-headlining run with dream theater. Vocalist geoff tate guitarist michael wilton guitarist mike stone bassist eddie jackson and drummer scott rockenfield perform queensryche classics their newest songs and a cover encore of the whos wont get fooled again w/dream theater. Studio: Uni Dist Corp (music)",
    "genres" : [ ]
  }, {
    "id" : 37893,
    "title" : "Tears For Fears - Going To California",
    "overview" : "Going To California is a concert performance video by the British pop group Tears For Fears. Released in 1990, it is a recording of the band's show at the Santa Barbara County Bowl in May 1990 during their \"Seeds Of Love\" World Tour.",
    "genres" : [ {
      "id" : 10402,
      "name" : "Music"
    } ]
  }, {
    "id" : 37898,
    "title" : "Amphitryon – Aus den Wolken kommt das Glück",
    "overview" : "Lamenting Thebian women are waiting for the men to come back from war. God Jupiter is attracted to one of them: Alkmene. He goes to earth and tries to seduce her as himself: an old man. Failing in this, he disguises himself as Amphitryon (Alkemene's husband) and tries again. Next morning Amphitryon and his men come back from war; he suspects adultery and wants a divorce. Jupiter's wive Juno now also comes to earth and clears things up.",
    "genres" : [ ]
  }, {
    "id" : 37903,
    "title" : "The White Ribbon",
    "overview" : "Strange events happen in a small village in the north of Germany during the years just before World War I, which seem to be ritual punishment. The abused and suppressed children of the villagers seem to be at the heart of this mystery.",
    "genres" : [ {
      "id" : 80,
      "name" : "Crime"
    }, {
      "id" : 18,
      "name" : "Drama"
    }, {
      "id" : 9648,
      "name" : "Mystery"
    } ]
  }, {
    "id" : 37913,
    "title" : "Killer Queen!",
    "overview" : "This is a new documentary on Queen, and features new interviews with Brian and Roger, footage from the 'We Will Rock You' musical, and other unseen footage, including excerpts from rare Solo promo videos. Any new or rare footage is shown in red. First broadcast on 1st June 2002 on Channel 4 as part of 'Queen Night'. Director / Producer : Nick Cory-Wright. Narrator : Arabella Weir",
    "genres" : [ {
      "id" : 99,
      "name" : "Documentary"
    } ]
  }, {
    "id" : 37918,
    "title" : "The Agronomist",
    "overview" : "Documentary on Jean Dominique, Haitian radio personality and human rights activist.",
    "genres" : [ {
      "id" : 99,
      "name" : "Documentary"
    } ]
  }, {
    "id" : 37923,
    "title" : "Last Embrace",
    "overview" : "Secret agent Harry Hannan suffers a mental breakdown when a botched mission in Mexico results in the death of his wife. He is sent to a mental asylum, after which he eventually returns to work. But, once again, he begins to doubt his sanity when he receives a bizarre death threat written in Hebrew. Not knowing which of his colleagues wants to kill him, Hannan teams up with pretty young college student Ellie Fabian to attempt to unravel the mystery.",
    "genres" : [ {
      "id" : 53,
      "name" : "Thriller"
    }, {
      "id" : 9648,
      "name" : "Mystery"
    }, {
      "id" : 10749,
      "name" : "Romance"
    } ]
  }, {
    "id" : 37928,
    "title" : "Cencoroll",
    "overview" : "A giant monster sends a town's citizens into a panic, except for a girl named Yuki and her schoolmate Tetsu. Tetsu happens to have his own strange creature named Cenco as a pet. Another boy named Shuu controls the monster threatening the town, and the stage is set for a battle.",
    "genres" : [ {
      "id" : 16,
      "name" : "Animation"
    }, {
      "id" : 878,
      "name" : "Science Fiction"
    } ]
  }, {
    "id" : 37933,
    "title" : "Tales from Earthsea",
    "overview" : "Something bizarre has come over the land. The kingdom is deteriorating. People are beginning to act strange... What's even more strange is that people are beginning to see dragons, which shouldn't enter the world of humans. Due to all these bizarre events, Ged, a wandering wizard, is investigating the cause. During his journey, he meets Prince Arren, a young distraught teenage boy. While Arren may look like a shy young teen, he has a severe dark side, which grants him strength, hatred, ruthlessness and has no mercy, especially when it comes to protecting Teru. For the witch Kumo this is a perfect opportunity. She can use the boy's \"fears\" against the very one who would help him, Ged.",
    "genres" : [ {
      "id" : 12,
      "name" : "Adventure"
    }, {
      "id" : 14,
      "name" : "Fantasy"
    }, {
      "id" : 16,
      "name" : "Animation"
    }, {
      "id" : 878,
      "name" : "Science Fiction"
    } ]
  }, {
    "id" : 37938,
    "title" : "Stranger in Our House",
    "overview" : "A country family of five takes in cousin Julia, whose parents recently perished in a car crash. Julia extends her influence over the family and those around them, fooling all except for Rachel, the teenaged girl who knows her cousin is up to no good.  This TV horror movie had the title \"Stranger in Our House\" when it was originally released by NBC on Halloween night in 1978. When released on VHS in the late 1980s, the title was changed to \"Summer of Fear\", which is the title of the Lois Duncan book on which it is based.",
    "genres" : [ {
      "id" : 27,
      "name" : "Horror"
    }, {
      "id" : 53,
      "name" : "Thriller"
    }, {
      "id" : 10770,
      "name" : "TV Movie"
    } ]
  }, {
    "id" : 37943,
    "title" : "Eureka",
    "overview" : "An Alaskan gold prospector (Gene Hackman) lives in luxury with his family on an island gangsters want.",
    "genres" : [ {
      "id" : 18,
      "name" : "Drama"
    }, {
      "id" : 28,
      "name" : "Action"
    }, {
      "id" : 53,
      "name" : "Thriller"
    } ]
  }, {
    "id" : 37948,
    "title" : "Strange Hearts",
    "overview" : "An aging former child star tries to capture the wealth that has always eluded him by latching on to a lucky man while both have their eye on the same girl of their dreams.",
    "genres" : [ {
      "id" : 35,
      "name" : "Comedy"
    }, {
      "id" : 18,
      "name" : "Drama"
    } ]
  }, {
    "id" : 37953,
    "title" : "This is Love",
    "overview" : "Set in Vietnam and Germany, This Is Love centers on Chris and the nine-year-old Jenjira on the run from the mafia. Together with his friend Holger, Chris bought the young Vietnamese girl's freedom from human traffickers – without actually being able to pay. Meanwhile, the female detective Maggie learns after 16 years why her husband up and left her without a word. These two worlds come together when Chris is accused of murder and Maggie is charged with interrogating him.....",
    "genres" : [ {
      "id" : 18,
      "name" : "Drama"
    } ]
  }, {
    "id" : 37958,
    "title" : "Immortals",
    "overview" : "Theseus is a mortal man chosen by Zeus to lead the fight against the ruthless King Hyperion, who is on a rampage across Greece to obtain a weapon that can destroy humanity.",
    "genres" : [ {
      "id" : 14,
      "name" : "Fantasy"
    }, {
      "id" : 28,
      "name" : "Action"
    }, {
      "id" : 18,
      "name" : "Drama"
    } ]
  }, {
    "id" : 37963,
    "title" : "Phobia 2",
    "overview" : "Phobia 2 is composed of five short movie segments directed by five of the best directors of Thai horror films. A teenager who committed a crime goes to a sacred place for meditation and hiding that brings him fright and guilt about what he did (segment Novice). A young man gets haunted in an hospital by an old man in coma who's not too far from him (segment Ward). Two men along with two hitchhikers in a truck got into a big trouble after opening the back (segment Backpackers). A secondhand car dealer realizes what the previous car owners/passengers had terribly been into (segment Salvage). An ill hardworking actress whose role is a ghost is reported dead after she was brought to the hospital (segment In the End).",
    "genres" : [ {
      "id" : 53,
      "name" : "Thriller"
    }, {
      "id" : 27,
      "name" : "Horror"
    } ]
  }, {
    "id" : 37973,
    "title" : "Alone",
    "overview" : "\"ALONE\" tells the story of Pim who moved from Thailand to Korea to escape the guilt of being the surviving half of a conjoined twin. Flashbacks to Pim's childhood show how the bittersweet relationship with her sister, and their commitment to stay together forever, transforms into a repressive bond that ultimately leads to a separation. After she returns to visit her dying mother, the spirit of her dead sister angrily thrusts herself into Pim's life.",
    "genres" : [ {
      "id" : 18,
      "name" : "Drama"
    }, {
      "id" : 27,
      "name" : "Horror"
    }, {
      "id" : 53,
      "name" : "Thriller"
    } ]
  }, {
    "id" : 37978,
    "title" : "Niagara Motel",
    "overview" : "A group of struggling individuals cross paths at a low-rent motel in the tourist Mecca of Niagara Falls",
    "genres" : [ {
      "id" : 35,
      "name" : "Comedy"
    } ]
  }, {
    "id" : 37983,
    "title" : "Rabbit Fever",
    "overview" : "The Rabbit is the world's belling-selling vibrator. In the past year alone, millions have been sold all over the globe. Now experts are warning the Rabbit is becoming the new addiction; women who start using often find they simply cannot stop. RABBIT FEVER is the first film to follow the trials and tribulations of a group of Rabbit Addicts as they attempt to kick their Rabbit habit.",
    "genres" : [ {
      "id" : 35,
      "name" : "Comedy"
    } ]
  }, {
    "id" : 37988,
    "title" : "Vares: Private Eye",
    "overview" : "Vares, a film noir comedy from Finland, is yet another twist on PULP FICTION. And, just in case we miss the similarities of splattered blood mixed with outrageous incidents, the movie explicitly references PULP FICTION and has a comedic scene in which two guys argue about McDonald's hamburgers. Still, VARES - PRIVATE EYE, by director Aleksi Mäkelä, manages to be kind of fun even not especially original. The script has more characters than the screenwriter can handle, leaving the audience frequently confused about who is doing what and why. The two best scenes are one about a wacky wedding and another about a guy who answers a cell phone call while he is busy enjoying the pleasures of a sex parlor.",
    "genres" : [ {
      "id" : 28,
      "name" : "Action"
    }, {
      "id" : 35,
      "name" : "Comedy"
    }, {
      "id" : 80,
      "name" : "Crime"
    } ]
  }, {
    "id" : 37993,
    "title" : "Angels of the Sun",
    "overview" : "In Northeastern of Brazil, the father of the twelve years old illiterate Maria sells his daughter to Tadeu to be employed as a housemaid and have a better life. However, the girl is resold to the farmer Lourenço that deflowers her, and he gives the abused girl to his teenager son to have his first sexual experience. Then she is sent to a brothel in a gold field in Amazonas and explored his owner, the despicable Saraiva. When Maria escapes to Rio de Janeiro expecting a better life, she is explored by the cáften Vera.",
    "genres" : [ {
      "id" : 18,
      "name" : "Drama"
    } ]
  }, {
    "id" : 37998,
    "title" : "Freeze Me",
    "overview" : "Chihiro is raped by three men and it is captured on video camera. She leaves her hometown and prepares to marry a colleague five years later, when one of the rapists arrives and says the others are on their way. He behaves like her long-lost lover and mistreats her again. Chihiro takes revenge, kills him and puts him in a freezer. The other rapists are awaiting a similar fate...",
    "genres" : [ {
      "id" : 18,
      "name" : "Drama"
    }, {
      "id" : 10769,
      "name" : "Foreign"
    }, {
      "id" : 27,
      "name" : "Horror"
    }, {
      "id" : 53,
      "name" : "Thriller"
    } ]
  }, {
    "id" : 38003,
    "title" : "Guardami",
    "overview" : "Nina is a young and very independent porno actress. She doesn't need the help of any agent or manager. She has a daughter and a lesbian relationship with Cristiana, a porno editor. Following a usual medical check she discovers she has a cancer. Her life is completely different now. Nina decides to visit her father. Also the real love finds now space in her heart. In fact at the hospital, she knows Flavio, a patient following her same therapies. Nevertheless their liaison Nina still continues to act in porn movies. But for one of them there won't be a future",
    "genres" : [ {
      "id" : 18,
      "name" : "Drama"
    } ]
  }, {
    "id" : 38008,
    "title" : "Ghosts of Cité Soleil",
    "overview" : "In the slum of Cité Soleil, President Aristide's most loyal supporters were ruling as kings. The five major gang leaders were controlling heavily armed young men; the Chiméres. The Secret army of President Jean-Bertrand Aristide. \"Ghosts of Cité Soleil\" is a film about Billy and Haitian 2pac. Two brothers. Gang Leaders of the Chiméres.",
    "genres" : [ {
      "id" : 99,
      "name" : "Documentary"
    }, {
      "id" : 10769,
      "name" : "Foreign"
    } ]
  }, {
    "id" : 38013,
    "title" : "Hanging Garden",
    "overview" : "For his fourth full feature, Toyoshi Toyoda has abandoned the theme of the angry young man, examined in depth in Pornostar, Blue Spring and 9 Souls. Kuchu Teien is, on the face of it, more a drama, a character study, than a typical Toyoda genre flick. Yet within this beautifully structured and photographed film, there lies a dark soul. Ostensibly the story of a happy family, it becomes increasingly clear as the movie progresses that the Kyobashis are anything but. Despite a family agreement that they are all open with each other, the entire household knows the opposite is true.",
    "genres" : [ {
      "id" : 18,
      "name" : "Drama"
    }, {
      "id" : 10749,
      "name" : "Romance"
    } ]
  }, {
    "id" : 38018,
    "title" : "Strayed",
    "overview" : "Fleeing the June 1940 arrival of Hitler's army in Paris, a young war widow and her two children are rescued from dive-bombing German fighters by a cocky, reckless teenager. He finds them refuge in an abandoned house, but despite the fact that the family quickly comes to be depending much on his cunning and survival abilities, their cohabitation proves uneasy.",
    "genres" : [ {
      "id" : 18,
      "name" : "Drama"
    }, {
      "id" : 10749,
      "name" : "Romance"
    } ]
  }, {
    "id" : 38023,
    "title" : "The Young in Heart",
    "overview" : "The Carleton family makes a living as card sharps, fortune hunters, and finding new suckers to mooch off of.",
    "genres" : [ {
      "id" : 35,
      "name" : "Comedy"
    } ]
  }, {
    "id" : 38033,
    "title" : "Chain Letter",
    "overview" : "Six friends receive a mysterious chain letter via text messaging and in their email accounts from a maniac who's hunting down teenagers who fail to forward his online chain letter. Who knew they should take the threats in the chain letter seriously? Or that chain letters using the teens' favorite technologies to track them can kill? This maniacal game pits friend against friend as they race to beat rules that seem impossible to escape. Break the chain, lose a life. Do you pass it on? Does friendship mean anything?",
    "genres" : [ {
      "id" : 27,
      "name" : "Horror"
    }, {
      "id" : 53,
      "name" : "Thriller"
    } ]
  }, {
    "id" : 38038,
    "title" : "The... Copanoi",
    "overview" : "Leonidas is tricked into thinking he will hit the jackpot by a guy from the underworld, Babis, also well-known on the street as \"the teacher\". So, he sets up an ad hoc gang with his close friends in order to rob a bank. The operation, however, is crowned by complete failure. Actually, Babis used Leonidas to create a diversion in order to rob a jeweler's shop. Leonidas flies into a rage and swears to take revenge on the \"teacher\". The scuffle that follows results in all of them ending up in hospital.",
    "genres" : [ {
      "id" : 35,
      "name" : "Comedy"
    } ]
  }, {
    "id" : 38043,
    "title" : "Shag",
    "overview" : "Summer of 1963. Carson is getting married to her boyfriend so her friends Melaina, Pudge and Luanne take her to Myrtle Beach for one last irresponsible weekend.",
    "genres" : [ {
      "id" : 35,
      "name" : "Comedy"
    }, {
      "id" : 18,
      "name" : "Drama"
    } ]
  }, {
    "id" : 38048,
    "title" : "The Wild Stallion",
    "overview" : "A story about two girls, CJ and Hanna. CJ lives on a ranch, Hanna comes to visit and decides to photograph wild horses for a school project",
    "genres" : [ {
      "id" : 28,
      "name" : "Action"
    }, {
      "id" : 12,
      "name" : "Adventure"
    }, {
      "id" : 18,
      "name" : "Drama"
    }, {
      "id" : 10751,
      "name" : "Family"
    }, {
      "id" : 37,
      "name" : "Western"
    } ]
  }, {
    "id" : 38053,
    "title" : "The President's Barber",
    "overview" : "A well-meaning but politically naive barber gets pulled into the inner circle of the South Korean dictator Park Chung-Hee, with rather baleful consequences for his hapless family. This sharp political satire covers roughly twenty years in South Korean political history, from the viewpoint of the barber's son.",
    "genres" : [ {
      "id" : 36,
      "name" : "History"
    }, {
      "id" : 18,
      "name" : "Drama"
    }, {
      "id" : 35,
      "name" : "Comedy"
    } ]
  }, {
    "id" : 38058,
    "title" : "Hold Back Tomorrow",
    "overview" : "Suicidal hooker Cleo Moore agrees to spend the night with condemned prisoner John Agar in this Hugo Haas film noir.",
    "genres" : [ ]
  }, {
    "id" : 38063,
    "title" : "Fratello homo, sorella bona - Nel Boccaccio superproibito",
    "overview" : "The young Chiarina di Vallefiorita is forced by her father to marry an old, fat, rich man. With the help ot the monk of a nearby convent, she will escape her fate.",
    "genres" : [ {
      "id" : 35,
      "name" : "Comedy"
    } ]
  }, {
    "id" : 38068,
    "title" : "Silver",
    "overview" : "The story in \"Silver\" is about women wrestler who is really an undercover agent. Disguised as a wrestling warrior, heroine Jun Shirogane (Atsuko Sakuraba) goes after the gang that killed her family in Takashi Miike's action-packed thriller. Aided by secret service colleague Yusuke Minamida (Kenji Haga), Jun goes undercover as Silver, a formidable fighter in the professional women's wrestling circuit. But Jun's success in the ring doesn't detract her from her primary mission -- exacting revenge on the Paradise gang.",
    "genres" : [ {
      "id" : 28,
      "name" : "Action"
    }, {
      "id" : 10769,
      "name" : "Foreign"
    }, {
      "id" : 27,
      "name" : "Horror"
    }, {
      "id" : 878,
      "name" : "Science Fiction"
    } ]
  }, {
    "id" : 38073,
    "title" : "Going the Distance",
    "overview" : "Erin and Garrett are very much in love. When Erin moves to San Francisco to finish her journalism degree and Garrett stays behind in New York to work in the music industry, they gamely keep the romance alive with webcams and frequent-flyer miles. But just when it seems the lovers will soon be reunited, they each score a big break that could separate them for good.",
    "genres" : [ {
      "id" : 35,
      "name" : "Comedy"
    }, {
      "id" : 18,
      "name" : "Drama"
    }, {
      "id" : 10749,
      "name" : "Romance"
    } ]
  }, {
    "id" : 38078,
    "title" : "Homesick",
    "overview" : "This DVD comes along with the Deluxe Edition of Homesick CD from A Day To Rember. It's packed with a full live set as well as bonus features for more than three hours of goodness",
    "genres" : [ {
      "id" : 10402,
      "name" : "Music"
    } ]
  }, {
    "id" : 38088,
    "title" : "Matías, juez de línea",
    "overview" : "Matias is a soccer referee. He promised his dying mother never to lie. When he referees a match of the spanish national team and there is a clear penalty against Spain in the last minute of the game he has no choice and marks the foul. As a result Spain does not qualify for the world championship and Matias is forced to escape from the rage of the people. He hides in the town of his father which he hasn't visited since his childhood.",
    "genres" : [ ]
  }, {
    "id" : 38093,
    "title" : "Just Wright",
    "overview" : "A physical therapist falls for the basketball player she is helping recover from a career-threatening injury.",
    "genres" : [ {
      "id" : 35,
      "name" : "Comedy"
    }, {
      "id" : 18,
      "name" : "Drama"
    }, {
      "id" : 10749,
      "name" : "Romance"
    } ]
  }, {
    "id" : 38098,
    "title" : "Evet, ich will!",
    "overview" : "Rund um ein Berliner Hochhaus spannt sich ein Reigen an alltäglichen Geschichten, \"Short-Cuts\" im deutsch-türkischen Austausch: 4 Paare, 4 Probleme und 2 Hochzeiten!Dirk (Oliver Korittke) und Özlem (Lale Yavas) wollen den Bund fürs Leben schließen.",
    "genres" : [ {
      "id" : 35,
      "name" : "Comedy"
    } ]
  }, {
    "id" : 38103,
    "title" : "The Clouded Yellow",
    "overview" : "After leaving the British Secret Service, David Somers (played by Trevor Howard) finds work cataloging butterflies at the country house of Nicholas and Jess Fenton. After the murder of a local gamekeeper, suspicion (wrongfully) falls on their niece, Sophie Malraux (Jean Simmons). Somers helps Sophie to escape arrest and they go on the run together. After a cross-country chase they arrive at a coastal city with the intention of leaving the country by ship. All's well that ends well after the true identity of the murderer is revealed.",
    "genres" : [ {
      "id" : 80,
      "name" : "Crime"
    }, {
      "id" : 18,
      "name" : "Drama"
    }, {
      "id" : 9648,
      "name" : "Mystery"
    } ]
  }, {
    "id" : 38108,
    "title" : "Tidal Wave: No Escape",
    "overview" : "A retired and disgruntled scientist is brought out of retirement to explain why tidal waves are wiping out coastal communities. But is he part of the problem?",
    "genres" : [ {
      "id" : 28,
      "name" : "Action"
    }, {
      "id" : 878,
      "name" : "Science Fiction"
    }, {
      "id" : 53,
      "name" : "Thriller"
    } ]
  }, {
    "id" : 38123,
    "title" : "Not Like Others",
    "overview" : "Vera and Vanja, two vampire sisters, are forced to run for their lives, when Vera kills the leader of a biker-gang in a night club. While escaping from the bikers, Vanja gets more determined that she wants to leave the outcast vampire-lifestyle and adjust to the human world. She wants to live a normal life, even though it means the end of a life together with her sister. Vera won't accept a life in solitude and is willing to fight to make her sister stay.",
    "genres" : [ {
      "id" : 10769,
      "name" : "Foreign"
    }, {
      "id" : 27,
      "name" : "Horror"
    }, {
      "id" : 53,
      "name" : "Thriller"
    } ]
  }, {
    "id" : 38128,
    "title" : "Sting: Inside - The Songs of Sacred Love",
    "overview" : "\"Inside the Songs of Sacred Love\" proves to be a great showcase for his other band members and provides an interesting look at all of the masterful talent behind Sting.",
    "genres" : [ {
      "id" : 10402,
      "name" : "Music"
    } ]
  }, {
    "id" : 38133,
    "title" : "Henry Rollins Provoked: Live From Melbourne",
    "overview" : "Filmed at Melbourne's atmospheric Comedy Theatre, Rollins' latest spoken word show, Provoked, delivers the informed and unrestrained punch you've come to expect from the outspoken American iconoclast. Not afraid to give you his opinion on everything from the state of US politics, to rocking it out with gods of the punk rock scene, The Ruts, or hilarious tales of life in the LA party scene, This will leave you with no doubt that this is a man with plenty to say.",
    "genres" : [ {
      "id" : 35,
      "name" : "Comedy"
    } ]
  }, {
    "id" : 38138,
    "title" : "A Fork in the Road",
    "overview" : "An escaped convict and a woman ponder what to do with a not-quite-dead body.",
    "genres" : [ {
      "id" : 35,
      "name" : "Comedy"
    }, {
      "id" : 80,
      "name" : "Crime"
    } ]
  }, {
    "id" : 38143,
    "title" : "The Story of Qiu Ju",
    "overview" : "The Story of Qiu Ju is a 1992 Chinese comedy-drama film. The film was directed by Zhang Yimou and, as in many of his films, stars Gong Li in the title role. The screenplay is an adaption of Chen Yuanbin's novella The Wan Family's Lawsuit. The film tells the story of a peasant woman, Qiu Ju, who lives in a rural area of China. When her husband is kicked in the groin by the village head, Qiu Ju, despite her pregnancy, travels to a nearby town, and later a big city to deal with its bureaucrats and find justice.",
    "genres" : [ {
      "id" : 35,
      "name" : "Comedy"
    }, {
      "id" : 18,
      "name" : "Drama"
    } ]
  }, {
    "id" : 38148,
    "title" : "Oh, God! You Devil",
    "overview" : "George Burns is back as God, but oops, here he is as Satan, too. A young rock star is ready to sell his soul to Satan, and Satan is all too happy to oblige. Oops! Seems the fellow was watched over by God as a baby, so now the almighty and his nemesis have to duke it out over the soul. Written by Steve Derby",
    "genres" : [ {
      "id" : 35,
      "name" : "Comedy"
    } ]
  }, {
    "id" : 38153,
    "title" : "Shadow Conspiracy",
    "overview" : "Bobby Bishop (Sheen) is a special assistant to the President of the United States. Accidentally, he meets his friend professor Pochenko on the street. Pochenko has time to tell Bishop about some conspiracy in the White House but then immediately gets killed by an assassin. Now bad guys are after Bobby as the only man who knows about a plot. Bishop must now not only survive, but to stop the conspirators from achieving their goal. And he doesn't know whom to trust.",
    "genres" : [ {
      "id" : 28,
      "name" : "Action"
    }, {
      "id" : 53,
      "name" : "Thriller"
    } ]
  }, {
    "id" : 38158,
    "title" : "The Brain",
    "overview" : "THE BRAIN is an astonishing voyage of discovery into our last biological frontier. Although today s computers can make calculations in one-100th of a second and technology can transport us outside the bonds of Earth, only now are we beginning to understand the most complex machine in the universe. Using simple analogies, real-life case studies, and state-of-the-art CGI, this special shows how the brain works, explains the frequent battle between instinct and reason, and unravels the mysteries of memory and decision-making. It takes us inside the mind of a soldier under fire to see how decisions are made in extreme situations, examines how an autistic person like Rain Man develops remarkable skills, and takes on the age-old question of what makes one person good and another evil. Research is rushing forward. We’ve learned more about the workings of the brain in the last five years than in the previous one hundred.",
    "genres" : [ {
      "id" : 99,
      "name" : "Documentary"
    } ]
  }, {
    "id" : 38163,
    "title" : "Bernard and Doris",
    "overview" : "Sympathetic look loosely based on the relationship between tobacco heiress, Doris Duke (1912-1993) - think Duke University - and her shy butler, Bernard Lafferty. The icy and mercurial Duke fires her butler for serving a chilled cantaloupe; the agency sends Lafferty, formerly household staff to Liz Taylor and to Peggy Lee. He's an alcoholic, fresh out of rehab. He gradually becomes Duke's gay alter ego as she romps through life sleeping with young men, making shrewd decisions quickly, managing her fortune and orchids as Lafferty manages her New Jersey estate. With a wine cellar to die for, Bernard falls off the wagon. Can he pull himself together when Doris needs him?",
    "genres" : [ {
      "id" : 35,
      "name" : "Comedy"
    }, {
      "id" : 18,
      "name" : "Drama"
    } ]
  }, {
    "id" : 38168,
    "title" : "Neil Diamond: Hot August Night/NYC",
    "overview" : "Recorded live at New York's Madison Square Garden in August, 2008, the DVD and Blu-Ray include the entire show from beginning to end and feature 25 career-spanning hits from Neil's phenomenal four-night sold-out run at the fabled concert hall.",
    "genres" : [ {
      "id" : 10402,
      "name" : "Music"
    } ]
  }, {
    "id" : 38173,
    "title" : "Up Your Anchor",
    "overview" : "Those Lemon Popsicle boys are at it again!..Naughtier than ever in...",
    "genres" : [ {
      "id" : 35,
      "name" : "Comedy"
    } ]
  }, {
    "id" : 38178,
    "title" : "Sign o' the Times",
    "overview" : "In front of a crowd at the Rotterdam Music Hall, Prince and his band perform 13 numbers, 11 of which are from his double album, \"Sign 'o' the Times,\" and all but \"Now's the Time\" are his compositions. This is high energy stuff, with neon signs flashing above the stage, suggesting the honky-tonk district of a big city. Between a few of the numbers, there are vignettes of street life. Three women - Shiela E, Boni Boyer, and Cat - provide rhythmic, vocal, and physical pyrotechnics. Sheena Easton appears in a film within a film, her rock video \"U Got the Look.\" In constant motion, never far from center stage, is Prince, Minnesota's charismatic pixy.",
    "genres" : [ {
      "id" : 10402,
      "name" : "Music"
    } ]
  }, {
    "id" : 38183,
    "title" : "The Hire: Ambush",
    "overview" : "While escorting an elderly man to an undisclosed location, The Driver is confronted by a van full of armed men and is warned that the old man has stolen a large amount of diamonds. The old man claims to have swallowed the diamonds and that the men will likely cut him open to retrieve them. The Driver decides at the last minute to help him, participating in a car chase and shootout with the van. The Driver eventually evades his pursuers and watches their destruction. He then delivers the old man to a town nearby and asks the merchant if he did indeed swallowed the diamonds. The client merely chuckles and walks away. The Driver then leaves.",
    "genres" : [ {
      "id" : 28,
      "name" : "Action"
    } ]
  }, {
    "id" : 38193,
    "title" : "Perkele",
    "overview" : "'Perkele' is a finely tuned comedy about Finnish men. All the three episodes of the film take place in the countryside of wintry Finland. It's a place filled with snow and silent people trying to endure the winter",
    "genres" : [ ]
  }, {
    "id" : 38198,
    "title" : "Itinerary of a Spoiled Child",
    "overview" : "A foundling, raised in the circus, Sam Lion becomes a businessman after a trapeze accident. However, when he reaches fifty and becomes tired of his responsibilities and of his son Jean-Philippe, he decides to disappear at sea. However, he runs into Albert Duvivier, one of his former employees. He comes to realise that he has ignored the important things in his life.",
    "genres" : [ {
      "id" : 18,
      "name" : "Drama"
    }, {
      "id" : 12,
      "name" : "Adventure"
    } ]
  }, {
    "id" : 38203,
    "title" : "The Wedding Waltz",
    "overview" : "Viltteri, a balding guy in his thirties living in rural northern Finland, is hopelessly clueless about his new role as a married man and the father of a newborn son. A perfect escape from family responsibilities is having to get his old Hillman Minx repaired and inspected for road-worthiness, with a little help from an eccentric bunch of friends who never seem to have grown up either.",
    "genres" : [ {
      "id" : 18,
      "name" : "Drama"
    }, {
      "id" : 35,
      "name" : "Comedy"
    } ]
  }, {
    "id" : 38208,
    "title" : "Onks Viljoo Näkyny",
    "overview" : "Not suitable for foreigners",
    "genres" : [ ]
  }, {
    "id" : 38218,
    "title" : "Wild Innocents",
    "overview" : "Six teen girls arrive at Camp Red Duck. They're there, as their camp counselor, Laurette, reminds them, \"Because your parents were too lazy to take care of you this summer\". Two, Mary and Susan, walk in and are never seen again. One, Joan, decides to make the best of the situation and begins working her way through the male staff, beginning with the camp director, Mr. Wasserman. The other three, Wendy, Lisa and Jennie, are virgins but don't intend to remain so. The three make a bet. The first girl to lose her cherry will command the other two for a full day.",
    "genres" : [ ]
  }, {
    "id" : 38223,
    "title" : "Harriet the Spy",
    "overview" : "When the secret notebook of a young girl who fancies herself a spy is found by her friends, her speculations make her very unpopular! Can she win her friends back?",
    "genres" : [ {
      "id" : 35,
      "name" : "Comedy"
    }, {
      "id" : 18,
      "name" : "Drama"
    }, {
      "id" : 10751,
      "name" : "Family"
    } ]
  }, {
    "id" : 38228,
    "title" : "Colors_LIVE",
    "overview" : "Between The Buried &amp; Me release their 2008 album, Colors- Live which includes a bonus DVD of one of the finest exhibitions of true performance art. The fantastic voyage that Between The Buried &amp; Me charted at the creation of their groundbreaking record Colors was both cathartic, magical and life-affirming for the band. Becoming one solid unit of artists and recording their definitive record in such a cohesive fashion is a very rare feat. Colors has since become one of the most celebrated records in the metal and rock spectrums for 2008.",
    "genres" : [ {
      "id" : 10402,
      "name" : "Music"
    } ]
  }, {
    "id" : 38233,
    "title" : "A Bit of Tom Jones?",
    "overview" : "In a late night bar, Henry is approached by a mysterious woman who offers to sell him the severed \"manhood\" of Wales' greatest vocal entertainer. Believing he can make a fortune selling the infamous appendage on to obsessive fans, Henry stumps up the cash. To help find the right buyer, Henry teams up with his slightly dodgy best friend Teddy and together the two head off on an insane journey that leads them deep into the secret world of celebrity body part trading.",
    "genres" : [ {
      "id" : 35,
      "name" : "Comedy"
    } ]
  }, {
    "id" : 38238,
    "title" : "The Widows of Thursdays",
    "overview" : "La cerrada comunidad de “Altos de la Cascada”, un barrio privado de casas de alto precio, se conmueve con el hallazgo de tres cadáveres que aparecen flotando en una piscina y se apresura a encuadrarlo como accidente. Es el punto de partida para que a través de la vida de algunos matrimonios que allí habitan, Tano (Pablo Echarri) -gerente de una multinacional- y Teresa (Ana Celentano), Ronnie (Leonardo Sbaraglia) que vive a expensas de su esposa Mavy, una agente inmobiliaria (Gabriela Toscano), el pusilánime Martín (Ernesto Alterio) y su insatisfecha esposa Lala (Gloria Carrá) y los recién llegados Gustavo (Juan Diego Botto) y Carla (Juana Viale), la película intente una descripción del sector social que compone ese tipo de comunidad y, por extensión, a un sector más amplio de la sociedad de la época.",
    "genres" : [ {
      "id" : 80,
      "name" : "Crime"
    }, {
      "id" : 18,
      "name" : "Drama"
    } ]
  }, {
    "id" : 38243,
    "title" : "Fatty Finn",
    "overview" : "The time is the 1930's. Australia like the rest of the world is in the grip of depression. For Aussie's one man lifted their spirits, Don Bradman. Arguably one of the greatest sportsmen of any sport, The Don's cricketing prowess was a ray of sunshine to all Australian, especially to one Hubert \"Fatty\" Finn. He had a dream, to own a crystal set ( very early radio receiver) so as to listen to Bradman flay the Pom's ( English) in the upcoming Ashes Test match. However that took money to buy and times were hard. Fatty uses his enterprise to raise money and promptly loses it as misfortune strikes time and again. Then of course his arch rival Bruiser Murphy is also plotting Fatty's downfall. If he can only win the goat race again he will have enough to pay for the crystal set; or will Bruiser Murphy gazump him? With his band of friends plus Trumper the frog and Hector the goat Fatty sets out to win the day. Hurray for Fatty Finn. Oh yes and Bradman made a record score in the test.",
    "genres" : [ {
      "id" : 10751,
      "name" : "Family"
    }, {
      "id" : 14,
      "name" : "Fantasy"
    }, {
      "id" : 35,
      "name" : "Comedy"
    } ]
  }, {
    "id" : 38248,
    "title" : "Technotise: Edit & I",
    "overview" : "Technotise: Edit &amp; I is a Serbian animated feature film. The plot is set in 2074 in Belgrade. The main character is Edit Stefanović, a female psychology student who, after failing the same university exam for the sixth time, decides to visit a dealer on the black market who installs a stolen military chip in her body that will record everything she sees to help pass the exam. Edit also has a job at a scientific and social research company, in taking care of Abel Mustafov, an autistic math genius who discovered a formula that connects all forces in the world, but no computer was able to calculate it fully without becoming self aware and shutting down immediately after that. After Edit sees the formula graph, the chip calculates the formula, able to \"survive\" thanks to its connection to Edit, develops a parallel personality and affords her abilities greater than she ever imagined...",
    "genres" : [ {
      "id" : 16,
      "name" : "Animation"
    }, {
      "id" : 878,
      "name" : "Science Fiction"
    }, {
      "id" : 53,
      "name" : "Thriller"
    } ]
  }, {
    "id" : 38253,
    "title" : "City of Gold",
    "overview" : "Today, there is hardly anyone who hasn't visited the swanky shopping malls, nightclubs, lounge bars, clubs and other such lifestyle destinations that sprung up across the centre of Mumbai. However, very few know that buried deep below these glittering edifices to consumerism lies the dark, dirty and painful reality of many thousands of mill workers who once worked the cotton mills in this very same area. Rising and toiling to the wail of the mill sirens each and every day, seven days a week, these workers embodied the true unbridled zeal and unflagging spirit of the city and played a pivotal role in the evolution of Mumbai as the modern day business capital of India. And then it suddenly was as if they never existed. Following the mill workers strike in the mid-80s, these mills began closing down rapidly and the mill-workers mysteriously disappeared...",
    "genres" : [ {
      "id" : 18,
      "name" : "Drama"
    }, {
      "id" : 80,
      "name" : "Crime"
    } ]
  }, {
    "id" : 38258,
    "title" : "Grizzly II: The Concert",
    "overview" : "When a park ranger claims a 15-foot grizzly bear is killing people within a national park, all hell breaks loose after authority figures refuse to step in and cancel a big rock concert scheduled to take place there.  While the park ranger and his girlfriend pursue the bear and debate its proper fate, a group of poachers attempt to trap it themselves.",
    "genres" : [ {
      "id" : 27,
      "name" : "Horror"
    } ]
  }, {
    "id" : 38263,
    "title" : "Womb Ghosts",
    "overview" : "Life after death of a fetus inside a woman’s body exists as a Womb Ghost. Unnatural termination of such life will turn the baby into the evilest and most vicious kind of spirit. A mental hospital is haunted by spirits, the mysterious miscarriage of a young and beautiful inmate causes the authority to investigate. Only one answer can be given to the existence of such an ungodly creature…Womb Ghost.",
    "genres" : [ {
      "id" : 27,
      "name" : "Horror"
    } ]
  }, {
    "id" : 38268,
    "title" : "The War in Space",
    "overview" : "Earth is attacked by alien spacecraft from Venus. But a Japanese scientist has constructed a space craft, the Gohten, with which he may save humanity.",
    "genres" : [ {
      "id" : 12,
      "name" : "Adventure"
    }, {
      "id" : 878,
      "name" : "Science Fiction"
    }, {
      "id" : 28,
      "name" : "Action"
    } ]
  }, {
    "id" : 38273,
    "title" : "Calling Dr. Death",
    "overview" : "Losing his memories of the last few days, neurologist Dr. Steele is told that his wife has been brutally murdered. Steele, aware of his conniving wife's infidelity, believes he may have been the killer and enlists the aid of his pretty nurse Stella to hypnotize him into recovering his lost memories.",
    "genres" : [ {
      "id" : 53,
      "name" : "Thriller"
    }, {
      "id" : 9648,
      "name" : "Mystery"
    } ]
  }, {
    "id" : 38283,
    "title" : "Harvest of Redemption",
    "overview" : "Harvest of Redemption was inspired by a true story which occurred in the Texas Rio Grande Valley in the 1920's. It is a coming of age story about a young Latino's struggle as he grows up and attempts to overcome the resentment incurred after witnessing the brutal murder of his father as a young child. His journey is threaded with the very vivid and real colors of life including love, hate, faith, revenge and ultimately Redemption. Written by Hippo Films",
    "genres" : [ ]
  }, {
    "id" : 38288,
    "title" : "I Corti",
    "overview" : "The shorts of Aldo , Giovanni &amp; Giacomo was the first theatrical show of the trio of comedians Aldo , Giovanni &amp; Giacomo , with the participation of Marina Massironi .  The show is the son of the fortunate trio 's holdings in television as Mai dire Gol, and shows such as The Circus by Paolo Rossi and on the head !  The short was recorded live at the Teatro Nuovo in Ferrara on 28 and 29 March 1996. Produced by Agidi , the theater director is entrusted to the change artist Arturo Brachetti .",
    "genres" : [ ]
  }, {
    "id" : 38293,
    "title" : "Porridge",
    "overview" : "Times are hard for habitual guest of Her Majesty Norman Stanley Fletcher. The new prison officer, Beale, makes MacKay look soft and what's more, an escape plan is hatching from the cell of prison godfather Grouty and Fletcher wants no part of it. The breakout is set for the day of a morale-raising football match between a 'celebrity' football team and the inmates of Slade. Everything is going to plan until Godber is injured on the goal post. In the ensuing confusion, Fletcher finds himself on the wrong side of the prison walls and must now try and break back into prison.",
    "genres" : [ {
      "id" : 35,
      "name" : "Comedy"
    }, {
      "id" : 80,
      "name" : "Crime"
    } ]
  }, {
    "id" : 38298,
    "title" : "The Visual Bible: Matthew",
    "overview" : "The only dramatization using the actual scriptures...word for word from the New International Version (NIV). The Matthew video series broke new ground by offering the first-ever dramatic portrayal of events in the Bible, presented word for word from the best-selling New International Version® (NIV) translation. Now you can experience this thrilling epic in DVD format, which blends the superior digital surround sound of CDs with crisp, high-resolution digital images.",
    "genres" : [ {
      "id" : 18,
      "name" : "Drama"
    }, {
      "id" : 36,
      "name" : "History"
    } ]
  }, {
    "id" : 38303,
    "title" : "You Again",
    "overview" : "History -- make that high school -- may repeat itself when Marni learns that Joanna, the mean girl from her past, is set to be her sister-in-law. Before the wedding bells toll, Marni must show her brother that a tiger doesn't change its stripes. On Marni's side is her mother, while Joanna's backed by her wealthy aunt.",
    "genres" : [ {
      "id" : 35,
      "name" : "Comedy"
    }, {
      "id" : 10749,
      "name" : "Romance"
    } ]
  }, {
    "id" : 38308,
    "title" : "Queen: Live Killers in Paris",
    "overview" : "Concert of the Queen Live Killers world tour at the Pavillion de Paris, March 1st 1979. Songs including Fat Bottomed Girls, You're My Best Friend, Don't Stop Me Now, If You Can't Beat Them, Spread Your Wings and Dreamer's Ball. On the exhausting Jazz Tour in late 1978 for the US and early 1979 through Europe and Japan, most European dates were recorded and then later spliced together to make up the Live Killers double-album. This tour featured their \"Pizza Oven\" lighting rig which consisted of 320 par lights arranged on a massive moveable rig above the band. It was nicknamed the \"Pizza Oven\" due to the massive amount of heat that the lights generated.",
    "genres" : [ {
      "id" : 10402,
      "name" : "Music"
    } ]
  }, {
    "id" : 38313,
    "title" : "School of Thieves",
    "overview" : "Frenetic in its pacing and with miniscule character development, this trite slapstick farce stars three Italian comics - Paolo Villaggio, Lino Banfi, and Massimo Boldi as the idiot-nephews of a wealthy invalid (Enrico Maria Salerno). The uncle's plan is to teach the trio how to successfully steal for a living but the plan does not have a chance against their exaggerated ineptitude.",
    "genres" : [ ]
  }, {
    "id" : 38318,
    "title" : "Burnt by the Sun 2: Intercession",
    "overview" : "Epic film about WWII, a sequel to Utomlyonnye solntsem (1994). Evil Stalin is terrorizing people of Russia while the Nazis are advancing. Russian officer Kotov, who miraculously survived the death sentence in Stalin's Purge, is now fighting in the front-lines. His daughter, Nadia, who survived a rape attempt by Nazi soldiers, is now a nurse risking her own life to save others. In the war-torn nation even former enemies are fighting together to defend their land. People stand up united for the sake of victory. Written by Steve Shelokhonov",
    "genres" : [ {
      "id" : 18,
      "name" : "Drama"
    }, {
      "id" : 10752,
      "name" : "War"
    } ]
  }, {
    "id" : 38323,
    "title" : "Mama",
    "overview" : "Mrs. Rada the Goat tells her five children to behave while she goes to the fair, and under no circumstances open the door to anyone except her. But the Big Bad Wolf, Kostika (Titi) Suru, and his nephew, the Little Bad Wolf, along with friends Rassul the Lynx and Petrika the Donkey has made a plan to kidnap the children while their mother is away. And when the eldest child, Matei, decides to disobey his mother and visit the fair himself, things start to go badly for the goat-family.",
    "genres" : [ {
      "id" : 12,
      "name" : "Adventure"
    }, {
      "id" : 10751,
      "name" : "Family"
    }, {
      "id" : 14,
      "name" : "Fantasy"
    } ]
  } ]
}