{
  "movies" : [ {
    "id" : 199253,
    "title" : "Heroes of  Shipka",
    "overview" : "Heroes of Shipka was the first solo effort for Soviet director Sergei Vasilyev, who had previously collaborated with his late brother Georgi. As head of the Leningrad Film Studios, Vasilyev was obliged to traffic in propaganda, but he never forgot how to make his material entertaining. The film is set in 1887 during the pivotal battle between the Russians and the Turks at the Shipka Pass. Stressing the solidarity of the Soviet states, tribute is paid to the courageous Bulgarian volunteers who helped the Russians fend off their mutual enemy. American critics were impressed by Heroes of Shipka, but felt that the film would have been twice as effective had it been lensed in Cinemascope rather than \"standard aspect.\"",
    "genres" : [ ]
  }, {
    "id" : 199263,
    "title" : "The Actress and the Poet",
    "overview" : "Ryuji Nagami's script mandates a fairly straightforward comedy of nonconformism and antisocial behavior, and also tends to lean too hard on its comic contrivances. Most of the film is low-key and digressive, and Naruse does some nice, relaxed character work with the supporting players, a few of whom are suspended between comic relief and villainy....",
    "genres" : [ ]
  }, {
    "id" : 199273,
    "title" : "Spaghetti Story",
    "overview" : "Nowadays, four Italian young adults longing to change their lives, yet stuck upon the shelf: Valerio and Kookie, dreaming of their big break, yet still not being independent; Giovanna and Serena, pretending to be adult, yet never having dared to live. Then, the encounter with Mei Mei, a young Chinese prostitute, shines a light on the truth: the gain of one’s freedom is, above all, an inside job.",
    "genres" : [ {
      "id" : 35,
      "name" : "Comedy"
    } ]
  }, {
    "id" : 199278,
    "title" : "The Ravine of Goodbye",
    "overview" : "In a valley, with a dense growth of trees, a baby is killed. The baby's mother Satomi is arrested as the prime suspect. The police also learn that Satomi is involved in a romantic relationship with her next door neighbor Ozaki. The information was provided by the neighbor's lover Kanako. Meanwhile, magazine reporter Watanabe, who is covering the story, discovers the shocking fact that Ozaki was involved in a rape case 15 years ago. Even more shocking, the victim in the rape case is Kanako.",
    "genres" : [ {
      "id" : 18,
      "name" : "Drama"
    } ]
  }, {
    "id" : 199283,
    "title" : "Babushka",
    "overview" : "An old Russian grandmother or \"babushka\", who took part in the Battle of Stalingrad, sacrificed everything for her children and even sold her house to get money for her grandchildren, is shuttled among those very grandchildren--products of the \"new\" Russia--none of whom want her to stay with them since she's too much of a \"burden\" for them.",
    "genres" : [ {
      "id" : 18,
      "name" : "Drama"
    } ]
  }, {
    "id" : 199288,
    "title" : "Memories They Told Me",
    "overview" : "A group of friends, who resisted the military dictatorship, and their children will face the conflict between the daily life of today and the past when one of them is dying.",
    "genres" : [ {
      "id" : 18,
      "name" : "Drama"
    } ]
  }, {
    "id" : 199293,
    "title" : "Father and Son",
    "overview" : "My father and I get into an old camper and head for Paris where, 23 years ago, he dispersed his mother’s ashes in the Luxembourg Garden. Our trip will take two weeks. We’re both documentary filmmakers so we’ve decided to make a film recording the journey. We stop at camper parks or gas stations for the night. We each have a camera to keep the conditions fair and so we’re both the directors and protagonists at the same time. My father is 70, I am 44. We discuss various things - family history, difficult past, my father’s divorces. Any question is allowed. The journey is a pretext to get to know each other a little better. A cinematic-psychological experiment about the father-son relationship. Once in the editing room, will we be able to create a single version that would be acceptable to both?",
    "genres" : [ ]
  }, {
    "id" : 199298,
    "title" : "Liebesgrüße aus der Lederhose 2: Zwei Kumpel auf der Alm",
    "overview" : "A sequel directed again by Franz Marischka.",
    "genres" : [ {
      "id" : 35,
      "name" : "Comedy"
    } ]
  }, {
    "id" : 199318,
    "title" : "Stories About the Space",
    "overview" : "Two short stories about space",
    "genres" : [ {
      "id" : 878,
      "name" : "Science Fiction"
    }, {
      "id" : 16,
      "name" : "Animation"
    }, {
      "id" : 35,
      "name" : "Comedy"
    } ]
  }, {
    "id" : 199328,
    "title" : "Decoding Die Hard",
    "overview" : "A one hour and forty-seven minute retrospective documentary about the franchise.",
    "genres" : [ ]
  }, {
    "id" : 199333,
    "title" : "Addiction",
    "overview" : "Sex Therapist Dr. Demetri Santos is a specialist practitioner dealing with the sexual needs of his wealthy female clients. His professional integrity is tested to the fullest as his stunning patients relate their explicit sexual fantasies and desires to him. The good Doctor's resistance is finally broken and he becomes embroiled in a web of hedonistic adventures and sexual addiction",
    "genres" : [ ]
  }, {
    "id" : 199338,
    "title" : "Jacks Teen America 6",
    "overview" : "Jack's at it again! But this time, it's professional... and even kinkier than before. Jack turns what he knows best into a career. Welcome to Jack's answer to getting a fuckin' job!",
    "genres" : [ ]
  }, {
    "id" : 199343,
    "title" : "Breathe Me",
    "overview" : "17 year-old A-Young has just given birth in a secluded spot by a railroad. Bleeding heavily, she tries to find refuge. Her boyfriend Hyung-gyu returns to the scene to help her only to find out she's left. He is soon chased by police officers who see the bloodstains and assume he is guilty of a possible crime.",
    "genres" : [ ]
  }, {
    "id" : 199348,
    "title" : "Adria Blues",
    "overview" : "Aging Bosnian rocker Toni Riff hasn’t written a single song in twenty years; suffering from depression, he relies on financial support from his wife Sonia. The latter decides to make a last-ditch attempt to salvage Toni’s talent – and their marriage.",
    "genres" : [ {
      "id" : 18,
      "name" : "Drama"
    } ]
  }, {
    "id" : 199353,
    "title" : "Matthew Gray Gubler's Life Aquatic Intern Journal",
    "overview" : "Documentary created by Matthew Gray Gubler during, and about, his time on the set of The Life Aquatic with Steve Zissou.  (Released in 2005)",
    "genres" : [ {
      "id" : 99,
      "name" : "Documentary"
    } ]
  }, {
    "id" : 199368,
    "title" : "Bullet Code",
    "overview" : "Protecting himself in an attack by rustlers, Rancher Steve Holden believes he has killed one of the attackers, young Bud Mathews, who in reality has warned Holden of the rustlers' approach. Unaware that Mathews was actually killed by rustler boss Cass Barton, Holden heads out to Mathews' home town where he plans to tell the boy's family of his death but instead uncovers a plan by a local businessman to force Mathews' father out of his ranch.",
    "genres" : [ {
      "id" : 37,
      "name" : "Western"
    } ]
  }, {
    "id" : 199373,
    "title" : "The Frozen Ground",
    "overview" : "An Alaska State Trooper partners with a young woman who escaped the clutches of serial killer Robert Hansen to bring the murderer to justice. Based on actual events.",
    "genres" : [ {
      "id" : 53,
      "name" : "Thriller"
    }, {
      "id" : 80,
      "name" : "Crime"
    } ]
  }, {
    "id" : 199398,
    "title" : "Kamasutra: Sexual Positions for Lovers",
    "overview" : "Kamasutra is a mystical book from India for the lovers of erotic writings first of all the lovers of passion! Discover the different poses from the Kamasutra in this open minded movie and take new winds to your bedroom! This film is optional in german or english language documentary film and also without in voice over version and playable like a tonic erotic movie. Whichever option you select, this film will be a unique experience.",
    "genres" : [ ]
  }, {
    "id" : 199403,
    "title" : "TNA Slammiversary 2013",
    "overview" : "Slammiversary XI was a professional wrestling pay-per-view (PPV) event produced by the Total Nonstop Action Wrestling (TNA) promotion, which took place on June 2, 2013 at the Agganis Arena in Boston, Massachusetts. It was the 11th anniversary celebration for TNA, and the 11th monthly Pay-Per-View under the Slammiversary chronology.  Chris Sabin VS Kenny King (c) VS Suicide  |  Magnus, Samoa Joe and Jeff Hardy VS Aces &amp; Eights (Wes Brisco, Garrett Bischoff and Mr. Anderson)  |  Jay Bradley VS Sam Shaw  |  Abyss VS Devon (c)  |  Gunner and James Storm VS Chavo Guerrero and Hernandez (c) VS Bad Influence (Christopher Daniels and Kazarian) VS Austin Aries and Bobby Roode  |  Taryn Terrell VS Gail Kim  |  Kurt Angle VS A.J.  |  Bully Ray (c) VS Sting",
    "genres" : [ ]
  }, {
    "id" : 199408,
    "title" : "1971",
    "overview" : "Based on true facts, the film revolves around 6 brave soldiers who escape from the clutches of the Pakistan Army and risk death with honour and courage with sacrifice towards their journey home.",
    "genres" : [ {
      "id" : 28,
      "name" : "Action"
    }, {
      "id" : 10752,
      "name" : "War"
    }, {
      "id" : 18,
      "name" : "Drama"
    } ]
  }, {
    "id" : 199413,
    "title" : "Dark Is the Night",
    "overview" : "A girl, working in a German commandant's office, saves two wounded Russian pilots sacrificing her own life.",
    "genres" : [ ]
  }, {
    "id" : 199423,
    "title" : "Visitors",
    "overview" : "From the director of Koyaanisqatsi, an astonishing film that documents the drama of how we both live and witness what we experience. Shot in rich black and white Godfrey Reggio's latest film finds the full spectrum of emotion in human faces, gorgeous landscapes and even the behaviour of an especially expressive gorilla.",
    "genres" : [ {
      "id" : 99,
      "name" : "Documentary"
    } ]
  }, {
    "id" : 199428,
    "title" : "Samba Fantástico",
    "overview" : "Directed by Jean Manzon &amp; René Persin",
    "genres" : [ {
      "id" : 99,
      "name" : "Documentary"
    } ]
  }, {
    "id" : 199433,
    "title" : "Neapolitan Carousel",
    "overview" : "Carosello Napoletano was the first major Italian musical of the postwar era. The title, which translates to Neopolitan Carousel, refers to a family of street singers. The story covers a century or so in the lives of this family, with ample screen time given over to romance and heartbreak. Basically an \"inventory musical\", the film spotlights several well-known Neopolitan tunes, given sprightly performances by the cast. The uncredited voice of famed tenor Beniamino Gigli is heard from time to time for the benefit of his legions of fans. At 125 minutes, Carosello Napoletano tends to wear on the viewer at times, though lovers of popular Neopolitan music and dance will get their fill.",
    "genres" : [ {
      "id" : 10402,
      "name" : "Music"
    }, {
      "id" : 35,
      "name" : "Comedy"
    } ]
  }, {
    "id" : 199443,
    "title" : "Maddalena",
    "overview" : "The story takes plays during the annual Good Friday pageant in a tiny Italian village. Local priest Don Vincenzo faces a crisis when the girl selected to play the Virgin Mary shows up pregnant.",
    "genres" : [ {
      "id" : 18,
      "name" : "Drama"
    } ]
  }, {
    "id" : 199448,
    "title" : "Memories of a Mexican",
    "overview" : "Explore the events of the Mexican Revolution as they are recreated through the use of archival material and interviews with participants and scholars.",
    "genres" : [ {
      "id" : 36,
      "name" : "History"
    }, {
      "id" : 99,
      "name" : "Documentary"
    } ]
  }, {
    "id" : 199453,
    "title" : "Five from Barska Street",
    "overview" : "In war-ravaged Warsaw, five juvenile delinquents are given probation for stealing, to rehabilitate themselves, but remain under the influence of their profiteer-boss.",
    "genres" : [ {
      "id" : 18,
      "name" : "Drama"
    } ]
  }, {
    "id" : 199458,
    "title" : "As Long as You're Near Me",
    "overview" : "As Long as You're Near Me (German: Solange Du da bist) is a 1953 West German drama film directed by Harald Braun. It was entered into the 1954 Cannes Film Festival.",
    "genres" : [ {
      "id" : 18,
      "name" : "Drama"
    } ]
  }, {
    "id" : 199463,
    "title" : "Barabbas",
    "overview" : "The story about the thief who didn't get crucified because Jesus was choosen to take his place.",
    "genres" : [ {
      "id" : 18,
      "name" : "Drama"
    } ]
  }, {
    "id" : 199468,
    "title" : "For the Sake of My Intemperate Youth",
    "overview" : "For the Sake of My Intemperate Youth (Swedish: För min heta ungdoms skull) is a 1952 Swedish drama film directed by Arne Mattsson. It was entered into the 1953 Cannes Film Festival.",
    "genres" : [ {
      "id" : 18,
      "name" : "Drama"
    }, {
      "id" : 10749,
      "name" : "Romance"
    } ]
  }, {
    "id" : 199483,
    "title" : "The Village",
    "overview" : "The Village (German: Sie fanden eine Heimat) is a 1953 Swiss drama film directed by Leopold Lindtberg.",
    "genres" : [ {
      "id" : 18,
      "name" : "Drama"
    } ]
  }, {
    "id" : 199493,
    "title" : "A Tale of Genji",
    "overview" : "Genji Monogatori (A Tale of Genji) was another copacetic collaboration between Japanese director Kosaburo Yoshimura and screenwriter Kaneto Shindo. Based on a long-popular novel by Murasaki Shikibu, the film stars Kazuo Hasegawa as Genji, the illegitimate offspring of a Japanese potentate. Seemingly irresistible to women, Genji accepts the philosophy of \"love 'em and leave 'em\" as a matter of course. Only when his heart is broken by Awaji (Machiko Kyo) does Genji realizes how much pain he himself has caused. Visually, the film is a feast, capturing its 8th-century time-frame with pinpoint accuracy.",
    "genres" : [ ]
  }, {
    "id" : 199498,
    "title" : "Shore of Love",
    "overview" : "Leila Mourad one of the Orient's Divas stars in this classic musical romance as a poor girl who marries a wealthy young man while others try to break them apart.",
    "genres" : [ ]
  }, {
    "id" : 199503,
    "title" : "We Are All Murderers",
    "overview" : "Originally titled Nous Sommes Tout des Assassins, We Are All Murderers was directed by Andre Cayette, a former lawyer who detested France's execution system. Charles Spaak's screenplay makes no attempt to launder the four principal characters (Marcel Mouloudji, Raymond Pellegrin, Antoinine Balpetre, Julien Verdeir): never mind the motivations, these are all hardened murderers. Still, the film condemns the sadistic ritual through which these four men are brought to the guillotine. In France, the policy is to never tell the condemned man when the execution will occur--and then to show up without warning and drag the victim kicking and screaming to his doom, without any opportunity to make peace with himself or his Maker. By the end of this harrowing film, the audience feels as dehumanized as the four \"protagonists.\" We Are All Murderers was roundly roasted by the French law enforcement establishment, but it won a special jury prize at the 1952 Cannes Film Festival.",
    "genres" : [ {
      "id" : 80,
      "name" : "Crime"
    } ]
  }, {
    "id" : 199508,
    "title" : "Three Women",
    "overview" : "The short stories of Guy de Maupassant enjoyed a renaissance in the early 1950s, thanks in great part to the Max Ophuls production Le Plaisir. In Trois Femmes, three De Maupassant stories are dramatized, each conveying the central theme of women falling in love. In the first, a black female carnival entertainer causes an uproar when she falls in love with a white soldier. In the second, a young bride is pressured into having a baby to collect a huge inheritance. And in the final episode, a pregnant girl is \"adopted\" and protected by a small circle of friends. In standard De Maupassant fashion, each of the three stories in Trois Femmes is capped by a surprise twist.",
    "genres" : [ {
      "id" : 35,
      "name" : "Comedy"
    } ]
  }, {
    "id" : 199513,
    "title" : "Dance of Fire",
    "overview" : "The title of this Argentine film translates literally to Dance of Fire. It is the sometimes profound, sometimes slightly sordid tale of Emilia, (Amelia Bence), a famous concert pianist. As a child, Emilia was sexually assaulted by a circus clown (Enrique Diosdado) while the music of Manuel de Fallas' \"Ritual Dance of Fire\" could be heard from the circus tent. Since that time, Emilia has gone into hysterics every time she hears the de Fallas composition. Making matters worse, the lascivious clown is now her business manager. Exploiting Emilia's fragile emotional state, the ruthless manager dominates the poor girl. An outburst of violence against the manager is not only inevitable, but in the context of the story it's downright cathartic.",
    "genres" : [ ]
  }, {
    "id" : 199518,
    "title" : "Los isleros",
    "overview" : "Los Isleros is a 1951 Argentine film directed by Lucas Demare. It was entered into the 1951 Cannes Film Festival.",
    "genres" : [ ]
  }, {
    "id" : 199523,
    "title" : "The Marihuana Story",
    "overview" : "The title of this Argentine film would seem to suggest an exploitive anti-drug tract. While it's true that Marihuana leans towards stridency and unsubtlety, it has a lot more going for than, say, Reefer Madness. Lopez Lagar plays a prominent surgeon whose pot-addict wife is murdered under sordid circumstances. Vowing revenge, the doctor ventures into Buenos Aires' drug subculture to find his wife's killer. He finds a few faithful friends along the way, notably a singer (Fanny Navarro) and a pianist (Nathan Pinzon). Unfortunately, the surgeon becomes the very thing he despises when he takes to the weed himself. The climax pits the good guys against the evil forces of a drug-dealer (Eduardo Cuitino) and his gang. Some intentional humor is provided by Hector Quintanilla as a goofy doper.",
    "genres" : [ ]
  }, {
    "id" : 199528,
    "title" : "Unvanquished City",
    "overview" : "Unvanquished City (Polish: Robinson warszawski, Polish: Miasto nieujarzmione) is a 1950 Polish drama film directed by Jerzy Zarzycki. It was entered into the 1951 Cannes Film Festival.",
    "genres" : [ ]
  }, {
    "id" : 199533,
    "title" : "Die tödlichen Träume",
    "overview" : "Die Tödlichen Träume is a 1951 German drama film directed by Paul Martin. It was entered into the 1951 Cannes Film Festival.",
    "genres" : [ ]
  }, {
    "id" : 199538,
    "title" : "Marriage Prep",
    "overview" : "7 days, 4 couples and a whole heap of issues make Marriage Prep a story for all ages. Four engaged couples who are having the pre-marriage jitters register for CC &amp; C's Marriage Preparatory Workshop where \"marriage is the game and Jesus gets the glory!\"",
    "genres" : [ ]
  }, {
    "id" : 199563,
    "title" : "Female Astrology",
    "overview" : "This film is about the world of the modern woman which is very varied like the Universe in which hasn’t the main and the second things but only different time of different planet. Today rose the planet School, tomorrow – the planet Fashion, the next – Work and Kitchen, and only the planet Love is somewhere far of",
    "genres" : [ {
      "id" : 16,
      "name" : "Animation"
    } ]
  }, {
    "id" : 199568,
    "title" : "The Sunnyboy",
    "overview" : "Following the Sunnyboys’ enigmatic frontman Jeremy Oxley from the band’s origins, breakthrough success and his subsequent 30-year battle with schizophrenia, The Sunnyboy is one man's inspired story of survival and hope.  A meditation on a condition often stigmatised and misunderstood, Kaye Harrison’s documentary buries below the surface of Oxley’s public “identity” to explore his own reality and battle to maintain “self”. Secure in a loving relationship with his partner Mary, Oxley slowly emerges from his solitary torment to join the world we all share.  The film follows him as he tentatively unpicks his confused thoughts and feelings about the past with his brother Peter. From his struggle with the physical effects of years spent self-medicating to his hopeful contemplation of a married future and a daring return to the stage, The Sunnyboy is the definitive documentary of Jeremy Oxley's journey from the Sunnyboys and back.",
    "genres" : [ {
      "id" : 99,
      "name" : "Documentary"
    } ]
  }, {
    "id" : 199573,
    "title" : "Galore",
    "overview" : "As four teens navigate the flashpoint of adolescent relationships, their lives will be forever scarred by a tragedy that engulfs their city.  Teenagers Billie and Laura, who live in Canberra’s suburban outskirts, are best friends and share everything – even, as it turns out, Laura’s boyfriend Danny, although Laura doesn’t know this. During the summer of Canberra’s bushfires, Billie’s mother welcomes the troubled Isaac into her care and his presence causes disarray in the girls’ friendship: Laura finds herself drawn to the gentle but intense newcomer while Billie’s unpredictable ways threaten self-destruction.",
    "genres" : [ {
      "id" : 18,
      "name" : "Drama"
    } ]
  }, {
    "id" : 199578,
    "title" : "Patrick",
    "overview" : "Patrick lays comatose in a small private hospital, his only action being his involuntary spitting. When a pretty young nurse, just separated from her husband, begins work at the hospital, she senses that Patrick is communicating with her, and he seems to be using his psychic powers to manipulate events in her life.",
    "genres" : [ {
      "id" : 27,
      "name" : "Horror"
    }, {
      "id" : 878,
      "name" : "Science Fiction"
    }, {
      "id" : 53,
      "name" : "Thriller"
    } ]
  }, {
    "id" : 199583,
    "title" : "Aptharakshaka",
    "overview" : "The story starts off with an ancient painting of Nagavalli (Vimala Raman), distributed as a prize to bharathanatyam dancer Saraswathi (Lakshmi Gopalaswamy), her husband and her family. At the Engagement day of Gowri (Sandhya), one of her friends had fainted by encountering a huge thirty-feet Snake/Serpent, and the bridegroom/fiancé had ran away from the family house fearing of something. All strange incidents happen as the family called for a snake charmer to the house, but the snake charmer had died when he attempted to make the serpent appear.",
    "genres" : [ {
      "id" : 27,
      "name" : "Horror"
    }, {
      "id" : 10769,
      "name" : "Foreign"
    }, {
      "id" : 18,
      "name" : "Drama"
    } ]
  }, {
    "id" : 199588,
    "title" : "The Race-Ist",
    "overview" : "As a kid in the eighties in South Africa, Lukas dreams of becoming a quarter mile racing champ. His mom tells him to stay away from those people because they are Racists. Lukas is too young to know what a racist is and hears it as 'Race-ist'. The Film follows his journey as a young man in modern South Africa where the limitation of color no longer applies.",
    "genres" : [ ]
  }, {
    "id" : 199603,
    "title" : "International Crime",
    "overview" : "The second and final Grand National Pictures film to feature The Shadow, played again by Rod La Rocque. In this version, Lamont Cranston is an amateur detective and host of a radio show with his assistant Phoebe (not Margo) Lane. Cabbie Moe Shrevnitz and Commissioner Weston also appear.",
    "genres" : [ {
      "id" : 9648,
      "name" : "Mystery"
    }, {
      "id" : 80,
      "name" : "Crime"
    } ]
  }, {
    "id" : 199608,
    "title" : "Tornado Rampage",
    "overview" : "Tornado Rampage 2011 finds the people who were pulled into the raging tornadoes and tells their stories first-hand, with remarkable and terrifying video footage they shot in the heat of the storm. Discovery Channel's 'Stormchaser' Reed Timmer joins the hunt on the 27 April, tracking down the twisters as they form - with exclusive pictures of their progress across Alabama and Mississippi states.",
    "genres" : [ {
      "id" : 99,
      "name" : "Documentary"
    } ]
  }, {
    "id" : 199618,
    "title" : "Sly Artistic City",
    "overview" : "Some argue that modern graffiti was born in Philadelphia, where the pioneers of wall-writing became citywide celebrities during the late 1960s and early 1970s. Graffiti eventually consumed the city, and a new mayor made it his top priority to fight back. In the process, the city's Mural Arts Program was born. Philadelphia is now a great outdoor museum. Yet graffiti still thrives, with new writers always ready to replace those who are caught or quit.",
    "genres" : [ {
      "id" : 99,
      "name" : "Documentary"
    } ]
  }, {
    "id" : 199628,
    "title" : "She Dreamed That I Died",
    "overview" : "This delicate and impressive collection of life experiences centers on a group of foreigners -- Chinese, Peruvian, North American, Senegalese, Australians, French -- who are trapped in Brazilian jails.",
    "genres" : [ {
      "id" : 99,
      "name" : "Documentary"
    } ]
  }, {
    "id" : 199638,
    "title" : "That Fiery Girl",
    "overview" : "The bandits of Hulu Valley murder the chief of Mei Clan while searching for a treasure map. In retaliation, the clan’s leading swordsman Feng-chun (Chan Leung) infiltrates the bandit’s fortress hideout in anticipation of a surprise attack by a larger force and unexpectedly finds himself romantically involved with the bandit leader’s feisty daughter (Cheng Pei-Pei).",
    "genres" : [ {
      "id" : 28,
      "name" : "Action"
    }, {
      "id" : 12,
      "name" : "Adventure"
    }, {
      "id" : 10769,
      "name" : "Foreign"
    } ]
  }, {
    "id" : 199643,
    "title" : "The Big Bad Wolf",
    "overview" : "Once upon a time in 2012, three brothers lived happily. One day their mom fell into a coma. So Henri, Philippe, and Louis suddenly started wondering about the meaning of their lives and were swamped by a wave of existential doubts. An entirely new situation for this bourgeois trio in their forties, one which opened a door to the novel and indeed the forbidden... and to the big bad wolf!",
    "genres" : [ {
      "id" : 35,
      "name" : "Comedy"
    } ]
  }, {
    "id" : 199648,
    "title" : "American Ghost Hunter",
    "overview" : "Paranormal investigator and documentary filmmaker Chad Calek  returns to his hometown of Persia, Iowa in hopes to put an end to the 20 year reign of suffering that his family has endured due to an overwhelming amount of intense negative paranormal activity. Armed with the support and paranormal knowledge of best friend and paranormal investigator Ryan Buell , as well as world renown psychic Lorraine Warren, who's also known for her work as the primary investigator in the Amityville and Enfield Poltergeist cases, Calek is determined to not only solve the mysteries as to why the paranormal phenomena initially began, but also to finally bring an end to the activity that has been tormenting his family for over two decades",
    "genres" : [ {
      "id" : 99,
      "name" : "Documentary"
    } ]
  }, {
    "id" : 199653,
    "title" : "Daniël Arends: Joko 79",
    "overview" : "",
    "genres" : [ ]
  }, {
    "id" : 199693,
    "title" : "The Loan Shark",
    "overview" : "The story begins with a pair of siblings, Ah Mun and Ah Long who hate loan sharks because they caused the death of their father. They vowed to each other that if given an opportunity, they would rid the world of this social menace. However, as time wears on, the siblings realize they have to choose between justice and love. Malaysia’s MCA Public Service and Complaints Department head Datuk Michael Chong (who has been actively addressing loan shark problems) will make a special appearance.",
    "genres" : [ {
      "id" : 28,
      "name" : "Action"
    }, {
      "id" : 53,
      "name" : "Thriller"
    } ]
  }, {
    "id" : 199703,
    "title" : "The Birthday Massacre - Show And Tell",
    "overview" : "Canadian synth-rock outfit The Birthday Massacre perform live in Hamburg, Germany in 2007.",
    "genres" : [ {
      "id" : 10402,
      "name" : "Music"
    } ]
  }, {
    "id" : 199708,
    "title" : "Embarque Imediato",
    "overview" : "",
    "genres" : [ ]
  }, {
    "id" : 199713,
    "title" : "Roma - A Última Fronteira",
    "overview" : "Using the latest scientific and archaeological research, combined with reconstructions of battles in computer graphics, \"Rome - The Last Frontier\" tells the story of how Rome conquered Britain. Under a dictatorship which lasted for over 400 years, this series reveals the backstage of what was considered the largest empire ever built in the history of mankind.",
    "genres" : [ ]
  }, {
    "id" : 199718,
    "title" : "Arara Vermelha",
    "overview" : "A mine boss hires a policeman to chase some runaways who stole a precious diamond.",
    "genres" : [ ]
  }, {
    "id" : 199723,
    "title" : "Trap for Cinderella",
    "overview" : "A young girl suffering from amnesia after surviving a house fire that takes her childhood friend's life, begins a tormented road to recovery.",
    "genres" : [ {
      "id" : 53,
      "name" : "Thriller"
    }, {
      "id" : 80,
      "name" : "Crime"
    }, {
      "id" : 18,
      "name" : "Drama"
    } ]
  }, {
    "id" : 199728,
    "title" : "Criminal Behavior",
    "overview" : "Female lawyer is stalked by a killer. The last in a long line of con artists, defense lawyer Jessie Lee Stubbs (Farrah Fawcett) has every intention of staying on the right side of the law. But a suitcase packed with $3 million, a missing Hollywood starlet, and a trail of dead bodies draw her deeper into a deadly intrigue of desire, deception, betrayal and murder.",
    "genres" : [ {
      "id" : 10770,
      "name" : "TV Movie"
    }, {
      "id" : 53,
      "name" : "Thriller"
    } ]
  }, {
    "id" : 199738,
    "title" : "Withering",
    "overview" : "After years spent in Belgrade, Janko returns to his half-deserted village, the home of his widowed mother Milica. The latter sincerely hopes that Janko has come back for good; her son, however, has other plans.",
    "genres" : [ {
      "id" : 18,
      "name" : "Drama"
    } ]
  }, {
    "id" : 199743,
    "title" : "The Contest",
    "overview" : "Being a stranger doesn’t necessarily mean to be coming from the farthest away. Karl and his mother are about to learn this when they move from the west coast of Denmark to the ethnically and religiously mixed area of Nørrebro in Copenhagen. Sawsan, a Danish-Turkish girl in Karl’s new class, takes him under her wings and tries to integrate him into the big city, with all its slang and hipness. Sawsan is far more experienced and blunt than most – especially compared to Karl, this young Danish boy from the provinces. Sawsan’s big dream comes true when one of her songs is chosen for the Danish version of the Eurovision Song Contest for kids. Sawsan’s father of course says no, but Karl has a plan.",
    "genres" : [ {
      "id" : 10751,
      "name" : "Family"
    } ]
  }, {
    "id" : 199748,
    "title" : "Canta Maria",
    "overview" : "Movie directed by Francisco Ramalho Jr. After her parents were killed by a troupe of soldiers in search of Lampião, an outlaw living in Northeastern Brazil, Maria marries Filipe, a horse whisperer. But his nephew Coriolano soon develops an attraction for Maria, while a jealous Filipe decides to break his marriage and sends Maria away.",
    "genres" : [ ]
  }, {
    "id" : 199753,
    "title" : "Tom and Jerry's Giant Adventure",
    "overview" : "Tom And Jerry are among the last animals living in Storybook Town, a fairy tale-inspired theme park \"where dreams come true, if you believe.\"",
    "genres" : [ {
      "id" : 16,
      "name" : "Animation"
    }, {
      "id" : 10751,
      "name" : "Family"
    } ]
  }, {
    "id" : 199758,
    "title" : "A Midsummer Night's Dream",
    "overview" : "A MIDSUMMER NIGHT’S DREAM is one of Shakespeare’s most popular works and no wonder: it’s about the world’s most popular pastime — falling in love.  And as Puck knows, falling in love can make fools of us all!",
    "genres" : [ {
      "id" : 35,
      "name" : "Comedy"
    }, {
      "id" : 14,
      "name" : "Fantasy"
    }, {
      "id" : 10749,
      "name" : "Romance"
    } ]
  }, {
    "id" : 199778,
    "title" : "Robert Mugabe... What Happened?",
    "overview" : "Robert Mugabe... what happened?, charts the Shakespearean rise and fall of the man who led a very successful African country, and then ruined it. Mugabe was damned as a terrorist, then knighted by Queen Elizabeth, and is still in power more than 30 years later. The film explores what happened through interviews with some of his closest comrades. It assembles a unique collection of southern African archive to powerfully evoke each of the decades of Mugabe's reign. This is a complex and compelling view of Zimbabwe the country and Mugabe the man.",
    "genres" : [ ]
  }, {
    "id" : 199783,
    "title" : "Jump the Gun",
    "overview" : "Set in Johannesburg, JUMP THE GUN follows the tangled lives of six very different working class characters, formerly kept apart by apartheid and now all striving to succeed in the new \"rainbow nation\". United by their insecurities - both physical and financial - the film follows their struggle to discover their niche in this brave new world, where opportunity beckons, but violence is always lurking.",
    "genres" : [ {
      "id" : 35,
      "name" : "Comedy"
    } ]
  }, {
    "id" : 199788,
    "title" : "Omnivores",
    "overview" : "Marcos Vela is a prestigious gastronomic journalist who accepts the request of an independent publisher to write an article on the recent emergence of the Clandestine Restaurants.",
    "genres" : [ {
      "id" : 27,
      "name" : "Horror"
    }, {
      "id" : 53,
      "name" : "Thriller"
    } ]
  }, {
    "id" : 199798,
    "title" : "Mili",
    "overview" : "Shekhar Dayal (Amitabh Bachhan) has moved into a new neighborhood, and is unhappy with the new surroundings. He resents the noise children make while playing, as he prefers quiet and solitude. His reclusion is shattered when his neighbor, Mili, comes into his life. At first he hates the intrusion, but then grows fond, and ultimately falls in love with her. When the time comes for him to propose to this sunny, cheerful, and positive young lady, he learns that she has only a few more months to live..",
    "genres" : [ {
      "id" : 10749,
      "name" : "Romance"
    }, {
      "id" : 18,
      "name" : "Drama"
    } ]
  }, {
    "id" : 199808,
    "title" : "Thammudu",
    "overview" : "Subrahmanyam (Pawan Kalyan), the youngest son of a family is a wastrel and a ladies man. His father always scolds him but his brother Chakri (Achyuth) who is a boxer, and friend Jaanu (Preeti Jhangiani) dote him. Meanwhile he falls in love with Lovely (Aditi) and for this he keeps on telling lies to her that he is very rich. Jaanu in the middle truly loves Subrahmanyam and gives him everything he asks her for thinking that he is doing these for her but he does it for lovely. The incidents that led Subrahmanyam to change, the way he realised the true love of Jaanu and the final twist of him becoming a boxing champion is the real plot to be seen.",
    "genres" : [ {
      "id" : 18,
      "name" : "Drama"
    }, {
      "id" : 35,
      "name" : "Comedy"
    } ]
  }, {
    "id" : 199813,
    "title" : "Mado la Niçoise",
    "overview" : "",
    "genres" : [ {
      "id" : 35,
      "name" : "Comedy"
    } ]
  }, {
    "id" : 199818,
    "title" : "Mystery Road",
    "overview" : "An indigenous detective returns to the Outback to investigate the murder of a young girl.",
    "genres" : [ {
      "id" : 53,
      "name" : "Thriller"
    }, {
      "id" : 80,
      "name" : "Crime"
    }, {
      "id" : 9648,
      "name" : "Mystery"
    } ]
  }, {
    "id" : 199823,
    "title" : "Aleph",
    "overview" : "“Aleph” is an artist’s meditation on life, death, mysticism, politics, and pop culture. In an eight-minute loop of film, Wallace Berman uses Hebrew letters to frame a hypnotic, rapid-fire montage that captures the go-go energy of the 1960s. Aleph includes stills of collages created using a Verifax machine, Eastman Kodak’s precursor to the photocopier. These collages depict a hand-held radio that seems to broadcast or receive popular and esoteric icons. Signs, symbols, and diverse mass-media images (e.g., Flash Gordon, John F. Kennedy, Mick Jagger) flow like a deck of tarot cards, infinitely shuffled in order that the viewer may construct his or her own set of personal interpretations. The transistor radio, the most ubiquitous portable form of mass communication in the 1960s, exemplifies the democratic potential of electronic culture and serves as a metaphor for Jewish mysticism. The Hebrew term Kabbalah translates as “reception” for knowledge, enlightenment, and divinity. —ubu.com",
    "genres" : [ ]
  }, {
    "id" : 199833,
    "title" : "Xi AVANT",
    "overview" : "Short anime screened in theaters with the stereoscopic 3D conversion of Ghost in the Shell: Stand Alone Complex - Solid State Society movie. The story of Xi Avant is set in Spain and other locales in the near future, and it is tied to the NTT Docomo mobile phone network's next-generation Xi service.  Read more at http://myanimelist.net/anime/10405/Xi_Avant#F1MzvL2rXrERaF5c.99",
    "genres" : [ ]
  }, {
    "id" : 199838,
    "title" : "they",
    "overview" : "after witnessing a traumatic event Julia lund a graduate student in psychology gradually comes to the realisation that everything that scared her as a child could be real",
    "genres" : [ ]
  }, {
    "id" : 199848,
    "title" : "Overcoming Thyroid Disorders",
    "overview" : "Join renowned holistic physician Dr. David Brownstein as he shares his insights on the shocking epidemic of thyroid illness faced by 52 million Americans today. This powerful video-documentary presentation shares exactly what you can do to protect yourself and your family from the little-known dangers of thyroid disorders no linked to 59 diseases and conditions.",
    "genres" : [ ]
  }, {
    "id" : 199858,
    "title" : "A Gosto do Freguês",
    "overview" : "",
    "genres" : [ ]
  }, {
    "id" : 199868,
    "title" : "Secret Service",
    "overview" : "In 1864 a Secret Service agent for the Union army goes undercover in Richmond and pretends to be a Confederate captain. Civil War drama.",
    "genres" : [ {
      "id" : 37,
      "name" : "Western"
    }, {
      "id" : 18,
      "name" : "Drama"
    }, {
      "id" : 36,
      "name" : "History"
    }, {
      "id" : 10749,
      "name" : "Romance"
    }, {
      "id" : 10752,
      "name" : "War"
    } ]
  }, {
    "id" : 199873,
    "title" : "Lara",
    "overview" : "The life of Brazilian actress Odete Lara, muse of the movement called Cinema Novo in Brazil, who exchanged stardom for a quiet and religious life.",
    "genres" : [ {
      "id" : 18,
      "name" : "Drama"
    } ]
  }, {
    "id" : 199883,
    "title" : "Besame Mucho",
    "overview" : "The story of two couples - Xico and Olga, Tuca and Dina - through 20 years of friendship, from adolescent dreams to maturity frustrations. They meet in a small town in the State of São Paulo, but one of the couples decides to try their luck in the big city. As background, the political events in the 60's and 70's, and how they affect their lives.",
    "genres" : [ ]
  }, {
    "id" : 199888,
    "title" : "Rákóczi hadnagya",
    "overview" : "",
    "genres" : [ {
      "id" : 28,
      "name" : "Action"
    }, {
      "id" : 36,
      "name" : "History"
    } ]
  }, {
    "id" : 199893,
    "title" : "Anuska, Manequim e Mulher",
    "overview" : "An aspiring model leaves her wealthy middle-aged lover for a handsome young writer. But as her career takes off, their relationship gets worse.",
    "genres" : [ ]
  }, {
    "id" : 199898,
    "title" : "My Wife's Best Friend",
    "overview" : "When a man confesses to his wife that he has been unfaithful, she imagines all the different ways that historical figures such as Cleopatra and Joan of Arc might handle the situation.",
    "genres" : [ {
      "id" : 35,
      "name" : "Comedy"
    }, {
      "id" : 18,
      "name" : "Drama"
    } ]
  }, {
    "id" : 199903,
    "title" : "O Enfermeiro José",
    "overview" : "",
    "genres" : [ ]
  }, {
    "id" : 199908,
    "title" : "¡Que vienen los socialistas!",
    "overview" : "Spain, 1982. In a small Spanish town produces special shock announcement of the next election. And above all, the political forces in center and right are moved to the claim that the Socialists will win by a landslide. Then begins the hunt for possible partnerships. Each of the delegates of the center parties want to win the favor of the delegate of the PSOE in the area.",
    "genres" : [ ]
  }, {
    "id" : 199913,
    "title" : "Sexmonster!",
    "overview" : "A stage play by Jörg Buttgereit, photographed by Thilo Gosejohann, based on a radio play by Jörg Buttgereit.",
    "genres" : [ ]
  }, {
    "id" : 199923,
    "title" : "Uristen@menny.hu",
    "overview" : "",
    "genres" : [ {
      "id" : 35,
      "name" : "Comedy"
    } ]
  }, {
    "id" : 199928,
    "title" : "The Outsider",
    "overview" : "It’s an epic story set in post-World War II Japan, chronicling the life of a former American G.I. who becomes part of the Japanese yakuza.",
    "genres" : [ {
      "id" : 80,
      "name" : "Crime"
    }, {
      "id" : 18,
      "name" : "Drama"
    }, {
      "id" : 9648,
      "name" : "Mystery"
    }, {
      "id" : 53,
      "name" : "Thriller"
    } ]
  }, {
    "id" : 199933,
    "title" : "Atlas Shrugged Part III: Who is John Galt?",
    "overview" : "Approaching collapse, the nation's economy is quickly eroding. As crime and fear take over the countryside, the government continues to exert its brutal force against the nation's most productive who are mysteriously vanishing - leaving behind a wake of despair. One man has the answer. One woman stands in his way. Some will stop at nothing to control him. Others will stop at nothing to save him. He swore by his life. They swore to find him.",
    "genres" : [ {
      "id" : 18,
      "name" : "Drama"
    }, {
      "id" : 878,
      "name" : "Science Fiction"
    }, {
      "id" : 9648,
      "name" : "Mystery"
    } ]
  }, {
    "id" : 199938,
    "title" : "Billabong Frothing",
    "overview" : "",
    "genres" : [ ]
  }, {
    "id" : 200008,
    "title" : "Warsaw: Year 5703",
    "overview" : "In the winter of 1943 two young Jews, Alek and Fryda, escape, via sewer tunnels, from the atrocities underway in Warsaw ghetto. Alek, entrusted with undeveloped photos of the horrors within, makes his way to a supposedly safe apartment only to find it occupied by Germans. Another tenant, a pole Stephania, abruptly offers to shelter him in her spacious apartment. She comforts him and they make love that very night. Stefania is uncommonly generous and willing to jeopardize her own safety by hiding a Jew. She even goes to a nearby church and rescues Fryda. But Fryda is ungrateful and proceeds to sabotage the trio's safety in insidious ways.",
    "genres" : [ {
      "id" : 10752,
      "name" : "War"
    }, {
      "id" : 18,
      "name" : "Drama"
    }, {
      "id" : 10749,
      "name" : "Romance"
    } ]
  }, {
    "id" : 200013,
    "title" : "Ongole Githa",
    "overview" : "White(Ram) enters the Chilli market yard in Ongole at the age of 12. Adikeshava (Prakash Raj) is the chairman of that Chilli yard. White comes to know of Adikeshava's real character and asks him to arrange a marriage with his daughter in certain situations to which Adikeshava agrees. Then what happens to White and Adikeshava?? Why White is doing all these things? Is there any intention for his deeds?? Watch the movie and find out",
    "genres" : [ {
      "id" : 28,
      "name" : "Action"
    }, {
      "id" : 35,
      "name" : "Comedy"
    } ]
  }, {
    "id" : 200018,
    "title" : "A Sense of Loss",
    "overview" : "Shot over six weeks in December 1971, and January 1972, the film consisted of interviews with Protestants, Catholics, politicians, and some soldiers, combined with TV news clips of bombings and violence. The deaths of four individuals formed the central focus of the film, which Ophüls described as ‘an old, middle-aged, humanistic, social-democratic attempt to give people an idea that life after all is not that cheap’. The BBC refused to transmit the completed film on the grounds that it was ‘too pro-Irish’ (Sunday Times, 5 Nov. 1972). (via http://cain.ulst.ac.uk/othelem/media/docs/freespeech.htm)",
    "genres" : [ {
      "id" : 99,
      "name" : "Documentary"
    } ]
  }, {
    "id" : 200023,
    "title" : "Owls' Castle",
    "overview" : "As the great military commander Nobunaga Oda was consolidating his power across Japan, one of his actions was to wipe out a clan of assassins, killing every man, woman and child he found in the village. Years later, one of the survivors has hired a young but skilled assassin to avenge the deaths of his friends and family. His mission: to sneak into the most heavily guarded castle in Japan, and kill the supreme ruler of the country.",
    "genres" : [ ]
  }, {
    "id" : 200038,
    "title" : "The Golden Girls",
    "overview" : "A screenwriter gets involved with two actresses who are trying to succeed in the 1960s Hong Kong film industry.",
    "genres" : [ {
      "id" : 10749,
      "name" : "Romance"
    }, {
      "id" : 35,
      "name" : "Comedy"
    } ]
  }, {
    "id" : 200048,
    "title" : "Little Farm",
    "overview" : "The wages of sin. A foul-mouthed family of brother and sister, in their late teens or early 20s, and their father run a small farm. During one argument between the siblings, ostensibly about her choice of a man to marry, she hints that she knows why he has no woman in his life. Later that night, when dad's sleeping off heavy drinking, brother and sister open Pandora's box.",
    "genres" : [ {
      "id" : 27,
      "name" : "Horror"
    } ]
  }, {
    "id" : 200058,
    "title" : "Surkhaab",
    "overview" : "An illegal immigrant and a carrier who is on the run in a world alien from her. An exposure to the parallel world that exists in developed countries. A week in the life of a human being trafficked.",
    "genres" : [ ]
  }, {
    "id" : 200063,
    "title" : "Sunset Strip",
    "overview" : "A documentary on the famous Los Angeles street.",
    "genres" : [ {
      "id" : 99,
      "name" : "Documentary"
    } ]
  } ]
}