{
  "movies" : [ {
    "id" : 273213,
    "title" : "White Night",
    "overview" : "A rich irresponsible boy shows a different feeling towards a fresher at the university. He suddenly vanishes taking money from the girl´s bank. The girl goes in search of the boy to get her money. The film has a turning point which is surprising.",
    "genres" : [ {
      "id" : 10749,
      "name" : "Romance"
    }, {
      "id" : 35,
      "name" : "Comedy"
    } ]
  }, {
    "id" : 273218,
    "title" : "Bibingka... Apoy sa ilalim, apoy sa ibabaw",
    "overview" : "Long years of separation have made sisters Loida and Lina strangers to each other. So much so that when cruel fate makes their paths cross anew, it is by way of one man's love Willie's. As unsuspecting of the two women are, of their familial affinities, Willie gets caught in the what seems a sticky situation. Especially as Loida and Lina finally and eventually find the truth about themselves. Love and life can be as hot and sticky as rice cakes, indeed!",
    "genres" : [ {
      "id" : 10749,
      "name" : "Romance"
    }, {
      "id" : 18,
      "name" : "Drama"
    } ]
  }, {
    "id" : 273223,
    "title" : "Kiskisan",
    "overview" : "Jojo grew in the house of his wicked Lola Susana who never taught him to be a rightful person.  He became an image of his grandmother--- deceitful, arrogant and very greedy.  He intentionally destroys the lives of his brothers and his sister without knowing that his own actions leads to his own downfall.",
    "genres" : [ ]
  }, {
    "id" : 273228,
    "title" : "The Tunnel of Love",
    "overview" : "A whimsical lesson in love from Helen Hill.",
    "genres" : [ ]
  }, {
    "id" : 273233,
    "title" : "Bohemian Town",
    "overview" : "A tribute to Halifax.",
    "genres" : [ ]
  }, {
    "id" : 273238,
    "title" : "2 Guns: Zero Tolerance",
    "overview" : "Johnny and Peter, former paramilitary operatives, search Bangkok - leaving carnage in their wake - to find the men who killed Johnny's daughter, Angel.",
    "genres" : [ {
      "id" : 53,
      "name" : "Thriller"
    }, {
      "id" : 28,
      "name" : "Action"
    }, {
      "id" : 80,
      "name" : "Crime"
    } ]
  }, {
    "id" : 273243,
    "title" : "Johnny Walker",
    "overview" : "A washed up Hollywood director is trapped in a remote castle by his own fears until the arrival of a mysterious woman offers him possible salvation. Inspired by Dostoevsky's 'Notes from the Underground', Johnny Walker attempts to answer the burning question: Is living a long life vulgar, immoral or just plain bad manners?",
    "genres" : [ {
      "id" : 18,
      "name" : "Drama"
    }, {
      "id" : 35,
      "name" : "Comedy"
    } ]
  }, {
    "id" : 273248,
    "title" : "The Hateful Eight",
    "overview" : "Bounty hunters seek shelter from a raging blizzard and get caught up in a plot of betrayal and deception.",
    "genres" : [ {
      "id" : 80,
      "name" : "Crime"
    }, {
      "id" : 18,
      "name" : "Drama"
    }, {
      "id" : 9648,
      "name" : "Mystery"
    }, {
      "id" : 37,
      "name" : "Western"
    } ]
  }, {
    "id" : 273253,
    "title" : "La Blue Girl Volume 2",
    "overview" : "It began centuries ago, when the Miroku ninja clan made a deal with the forces of the underworld, leading to centuries of struggle between rival clans. And now, after more than 600 years of peace, the denizens of the underworld are about to get a new boss.  Now, 18-year-old ninja in training Midou Miko is entrusted with the family business: making sure that sex-starved demons stay out of humanity's way! What does a ninja do? Fight, with every battle skill and sexual sorcery she can muster!",
    "genres" : [ ]
  }, {
    "id" : 273258,
    "title" : "Untamagiru",
    "overview" : "A magical realist story of the legendary Okinawan hero Untamagiru participating in efforts to form an independent Okinawa before the island was returned to Japan in 1972.",
    "genres" : [ {
      "id" : 18,
      "name" : "Drama"
    }, {
      "id" : 35,
      "name" : "Comedy"
    } ]
  }, {
    "id" : 273263,
    "title" : "Five Girls and a Rope",
    "overview" : "Five girls grow up in China during the first years of the twentieth century. When they become adults they have to learn that women are almost without rights. Other women close to them are suppressed in the most brutal way. When Mingtao is to marry a mentally deficient but rich man, she and her friends decide to escape and to search for the mythical \"garden\" where a woman's life is worth living.",
    "genres" : [ ]
  }, {
    "id" : 273268,
    "title" : "Chikin Biznis ... The Whole Story!",
    "overview" : "Directed by Ntshaveni Wa Luruli.",
    "genres" : [ ]
  }, {
    "id" : 273273,
    "title" : "Dancing Darkies",
    "overview" : "\"A company of little darkies showing off their paces to the music of the banjo.\"",
    "genres" : [ ]
  }, {
    "id" : 273278,
    "title" : "The Demolition of the Russian Monument at St Stephen",
    "overview" : "Filmed by reserve army officer Fuat Uzkinay shortly after the Ottoman empire's entry into the Great War.  A General Enver's establishes a film centre and several more scenes are shot during the war.",
    "genres" : [ ]
  }, {
    "id" : 273283,
    "title" : "Tarzan: Lord of the Louisiana Jungle",
    "overview" : "A documentary about the making of the 1918 film \"Tarzan of the Apes\"",
    "genres" : [ {
      "id" : 99,
      "name" : "Documentary"
    } ]
  }, {
    "id" : 273288,
    "title" : "Dreaming Rivers",
    "overview" : "A bittersweet and nostalgic short drama illustrating the spirit of modern families touched by the experience of migration. Miss T., from the Caribbean, lives alone in her one-room apartment, her children and husband having left her to pursue new dreams. When she dies her family and friends gather at her wake. The tapestry of words that interweave the drama convey the fragments of a life lived, but only partly remembered.",
    "genres" : [ ]
  }, {
    "id" : 273298,
    "title" : "Go, Diego, Go!: Diego Saves the World",
    "overview" : "Join Diego, his sister Alicia, and their friends all over the world as they race to the rescue of animals in trouble! Help them reach Antarctica to help some penguins! Save a Bengal Tiger in India and thirsty camels in Egypt! Dive under the sea to save a Humpback Whale, and swing through the Latin American rainforest to help a deer, a hawk, and even those silly Bobo Brothers (and their spider monkeys sisters too)! ¡Al rescate!",
    "genres" : [ ]
  }, {
    "id" : 273303,
    "title" : "Music Videos II & III",
    "overview" : "Includes videos of Mylène Farmer made ​​by Laurent Boutonnat, Luc Besson, Abel Ferrara and Marcus Nispel.",
    "genres" : [ {
      "id" : 10402,
      "name" : "Music"
    } ]
  }, {
    "id" : 273308,
    "title" : "Nel gorgo del peccato",
    "overview" : "",
    "genres" : [ {
      "id" : 10749,
      "name" : "Romance"
    }, {
      "id" : 18,
      "name" : "Drama"
    } ]
  }, {
    "id" : 273313,
    "title" : "Materia oscura",
    "overview" : "",
    "genres" : [ ]
  }, {
    "id" : 273318,
    "title" : "VeggieTales: Rack, Shack & Benny",
    "overview" : "There's trouble brewing at the Nezzer Chocolate Factory! To celebrate the sale of two million chocolate bunnies, company president Nebby K. Nezzer announces that his workers may eat as many bunnies as they like! This sounds great, until three boys named Rack, Shack and Benny remember that their parents taught them not to eat too much candy. By paralleling the Biblical story of Sadrach, Meschach and Abednego and the fiery furnace, \"Rack, Shack, &amp; Benny\" teaches kids how to resist peer pressure and stand up for what they believe in. Kids of all ages will love the songs, humor and dazzling 3D computer animation of VeggieTales!",
    "genres" : [ ]
  }, {
    "id" : 273323,
    "title" : "Sesame Street: Bert & Ernie's Word Play",
    "overview" : "It's time to learn to read, Sesame Street style! Bert, Ernie, and friends are putting on a new play and some of your favorite words are the stars!",
    "genres" : [ {
      "id" : 10751,
      "name" : "Family"
    } ]
  }, {
    "id" : 273328,
    "title" : "Sesame Street: Furry Red Monster Parade",
    "overview" : "Elmo's Furry Red Monster Parade is so popular that all of his friends want to join in. But what should they call the parade full of different colors and types of monsters, plus a few animals and humans? Can Elmo find a way to include everyone so the parade can march on?",
    "genres" : [ {
      "id" : 10402,
      "name" : "Music"
    }, {
      "id" : 35,
      "name" : "Comedy"
    }, {
      "id" : 10751,
      "name" : "Family"
    } ]
  }, {
    "id" : 273333,
    "title" : "Sesame Street: The Letter of the Month Club",
    "overview" : "Telly has joined the Letter of the Month Club and is excited! Vinnie begins delivering Telly's letters, but they take over Hooper's store where Alan is preparing for a birthday party.",
    "genres" : [ {
      "id" : 10402,
      "name" : "Music"
    }, {
      "id" : 35,
      "name" : "Comedy"
    }, {
      "id" : 10751,
      "name" : "Family"
    } ]
  }, {
    "id" : 273338,
    "title" : "Joseph Roth's Grosse-Welt-Bioskop-Theater",
    "overview" : "The Austrian writer-journalist Joseph Roth (1894-1939) travelled criss-cross through Europe. Hans Keller visited the same countries and places in order to make a film about the life and work of this man, who could only live in hotels. Keller creates a beautiful synthesis between Europe as Roth knew it and the present-day Europe. In the loving look at the different locations, the continuity of past and present reveals itself. Intermittently, tableaux in a copied 'Bioskoptheater' show scenes from the author's life. Finally, a film script which was once rejected by Hollywood yet comes alive.",
    "genres" : [ {
      "id" : 99,
      "name" : "Documentary"
    } ]
  }, {
    "id" : 273358,
    "title" : "Super Sentai World",
    "overview" : "The film involves the team-up of five different Super Sentai teams (Ninja Sentai Kakuranger, Gosei Sentai Dairanger, Kyōryū Sentai Zyuranger, Chōjin Sentai Jetman, and Chikyū Sentai Fiveman), who must defend the planet Earth from the evil demon Emperor Daidas. In addition to the five Sentai teams, the film also features Shiro Izumi, who played Yūma Ōzora in Dengeki Sentai Changeman and Burai in Zyuranger, as Masato, a young man who witnesses the Emperor's weak point with his sister Ayumi. Masato and Ayumi also appear in Kamen Rider World, linking the two movies. The narration was provided by Hironori Miyata, the narrator from Dairanger.",
    "genres" : [ {
      "id" : 878,
      "name" : "Science Fiction"
    }, {
      "id" : 28,
      "name" : "Action"
    }, {
      "id" : 12,
      "name" : "Adventure"
    } ]
  }, {
    "id" : 273368,
    "title" : "Sista ringen",
    "overview" : "Eric and Clarence are friends from the same class in school - but from different social classes. Eric comes from the working class, Clarence from the upper class. Eric regards his studies as a way of getting somewhere, while Clarence is only interested in the drawing lessons. There are only a few months left until graduation. Clarence behaves very provocatively against the art teacher 'Sjasen'. Plot by Mattias Thuresson.",
    "genres" : [ {
      "id" : 18,
      "name" : "Drama"
    } ]
  }, {
    "id" : 273373,
    "title" : "Les vamps - En coup de vamp",
    "overview" : "",
    "genres" : [ {
      "id" : 35,
      "name" : "Comedy"
    } ]
  }, {
    "id" : 273378,
    "title" : "Morgan Agren's Conundrum: A Percussive Misadventure",
    "overview" : "What do Frank Zappa, Devin Townsend, and Fredrik Thordendal of Meshuggah have in common? They all re-invented rock music, and they all selected Morgan as their drummer. Yet his 'intentionally broken' and complex drumming makes most musicians plug their ears, go home and practice, or just quit. Praised only by the enlightened few, this 45-year-old husband and humble father remains unknown to popular music listeners. But why? Watch this 2-hour documentary as Morgan visits L.A. in search of an answer to his continuing conundrum: 'The Music or The Money?' Special Guest Appearances by Mats Oberg, Devin Townsend, Marco Minnemann, Mike Keneally, Dweezil Zappa, Tosin Abasi, Thomas Lang, Danny Carey, Brendon Small, Dave Elitch, Simon Phillips, Joe Travers, Raanen Bozzio, Daedelus And Others.",
    "genres" : [ ]
  }, {
    "id" : 273383,
    "title" : "Art City 2 Simplicty",
    "overview" : "Travelling around the country, Art City: Simplicity takes viewers on a revealing trip into the studios and lives of a group of singular artists. On a desert mesa outside Santa Fe, Richard Tuttle invents his mysterious and marvellously humble forms, made of wire, cardboard, wood. In Taos, Agnes Martin rhythmically repeats extremely simplified images. Near the Santa Monica surf, John Baldessari, aims for successful juxtapositions of photographs and text. In his North Hollywood living room, Robert Williams revels in surreal cartoon imagery. At a cabin in Woodstock, Joan Snyder refines her sensuous art amid a lush forest. Mike Bidlo salutes Duchamp in a SoHo Gallery, while on Sunset Boulevard, Amy Adler reclaims personal history through self-portraits. Through this group of memorable iconoclasts, the creative \"act\" is there to see and study.",
    "genres" : [ ]
  }, {
    "id" : 273388,
    "title" : "Disco Spinning The Story",
    "overview" : "Hosted by the one and only Disco Diva, Gloria Gaynor, \"Disco: Spinning the Story\" takes a comprehensive look at the evolution of the music that defined the 70's. From the recording studios to the dance floors, \"Disco: Spinning the Story\" examines the phenomenon in a way it has never been told before. Hear funk pioneer George Clinton, Donna Summer producer Giorgio Moroder, Nile Rodgers of Chic, Earl Young of the Trammps, hip-hop icon Kurtis Blow, remix legend Tom Moulton, \"Saturday Night Fever\" actress, Karen Lynn Gorney and even Bob Weir of The Grateful Dead talk about the roots of Disco, how it emerged, and how it has influenced music ever since. Included are vintage performance highlights from Donna Summer, KC &amp; The Sunshine Band, Bee Gees, Chic, Gloria Gaynor, Rose Royce, Labelle, Hues Corporation and many more.",
    "genres" : [ {
      "id" : 99,
      "name" : "Documentary"
    } ]
  }, {
    "id" : 273398,
    "title" : "Frihetsligan",
    "overview" : "Directed by Leyla Assaf-Tengroth.",
    "genres" : [ ]
  }, {
    "id" : 273403,
    "title" : "Kyukyu Sentai GoGoFive: Sudden Shock! A New Warrior",
    "overview" : "Kyukyu Sentai GoGoFive: Sudden Shock! A New Warrior, also known as GoGoFive vs. Zeek, is a straight-to-video movie based on Kyukyu Sentai GoGoFive.",
    "genres" : [ {
      "id" : 878,
      "name" : "Science Fiction"
    }, {
      "id" : 28,
      "name" : "Action"
    }, {
      "id" : 12,
      "name" : "Adventure"
    } ]
  }, {
    "id" : 273408,
    "title" : "Braunschweig im Wandel der Zeit",
    "overview" : "",
    "genres" : [ ]
  }, {
    "id" : 273413,
    "title" : "Mokssh",
    "overview" : "Parth,a young ambitious film director struggles with his career but in his struggles lies his confidence and belief that success will surely come his way.His search for a successful path breaking film makes him team up with Eric,a student of anthropology. Their subject ' Waari ' is a religious pilgrimage which is collectively made by millions every year in Maharashtra,India.It has kept pace with modern times but has retained its core values as it did many centuries ago. Through Parth the viewer is taken through a soul searching journey.His struggle with his conscience and his lover lead him eventually to a state of belief. 'Mokssh ' narrates a modern love story.Its not only spiritual it gives direction to the youth of the modern world who is lost in greed,lust,ambition.its a realization that everyone is connected to their roots ,culture. beauty of relationships,humanity,simplicity has been depicted &amp; high lightedthroughout the film.",
    "genres" : [ ]
  }, {
    "id" : 273418,
    "title" : "Killer Dead",
    "overview" : "An alien ship crashes to Earth. A group of campers are caught in the midst of this crash. There are a number of alien bugs here who proceed to infect a number of corpses. These dead bodies promptly rise from the earth as zombies and start to kill the campers. They chase the remaining campers through the woods. There is also a hitman thrown in here for good measure.",
    "genres" : [ {
      "id" : 27,
      "name" : "Horror"
    }, {
      "id" : 35,
      "name" : "Comedy"
    } ]
  }, {
    "id" : 273423,
    "title" : "Get Rollin'",
    "overview" : "A documentary about Pat the Cat and other roller disco skaters who want to make it big doing what they do.",
    "genres" : [ {
      "id" : 99,
      "name" : "Documentary"
    } ]
  }, {
    "id" : 273428,
    "title" : "The Brute",
    "overview" : "Directed by Oscar Micheaux.",
    "genres" : [ ]
  }, {
    "id" : 273433,
    "title" : "Hiroshima",
    "overview" : "The film shows the bombing of Hiroshima and the horrific aftermath following the detonation of an atomic bomb on humans for the first time in history.",
    "genres" : [ {
      "id" : 18,
      "name" : "Drama"
    }, {
      "id" : 36,
      "name" : "History"
    } ]
  }, {
    "id" : 273438,
    "title" : "The Gulf War... What Next?",
    "overview" : "The second Gulf War from 1990 to 1991 represents in the collective Arab memory a turning point in regards to the Arab nationalism’s self-perception as well as a moment of deep historical and existential insecurity. Five Arab directors discuss the events from their personal perspective.",
    "genres" : [ ]
  }, {
    "id" : 273443,
    "title" : "L'aventure extraordinaire d'un papa peu ordinaire",
    "overview" : "",
    "genres" : [ {
      "id" : 35,
      "name" : "Comedy"
    } ]
  }, {
    "id" : 273448,
    "title" : "My House",
    "overview" : "Suzumoto and Sumi creatively master their independent lives while living in a park in Nagoya. In contrast, a middle-class family is caught up in pressure and routine. The two threads of the story gradually intertwine, until a tragic escalation occurs. Shot with a black-and-white documentary feel, yet highly stylized, the film analyzes the contradictions and pathologies of modern society.",
    "genres" : [ ]
  }, {
    "id" : 273458,
    "title" : "Spirit Berlin",
    "overview" : "Stephan Ziller is an aspring actor who has lost his way and looks for his spiritual compass. He goes looking for answers in spiritual, religious and self-help groups across the city of Berlin. He eventually chances upon a romance with Simone Geißler, but soon grows weary of his spiritual pursuit.",
    "genres" : [ {
      "id" : 99,
      "name" : "Documentary"
    } ]
  }, {
    "id" : 273463,
    "title" : "10 Things I Hate About Life",
    "overview" : "10 Things I Hate About Life follows two desperate souls saddened by childhood trauma who meet while each is attempting to commit suicide.",
    "genres" : [ {
      "id" : 35,
      "name" : "Comedy"
    }, {
      "id" : 10749,
      "name" : "Romance"
    } ]
  }, {
    "id" : 273468,
    "title" : "A Human Murder Weapon",
    "overview" : "A man dubbed \"Karate Kid\" is imprisoned and forced to fight for his life in an underground fighting ring.",
    "genres" : [ ]
  }, {
    "id" : 273478,
    "title" : "The Elevator Manager of the Empire State Building",
    "overview" : "Sometimes it takes a loyal and dedicated man to manage an elevator.",
    "genres" : [ {
      "id" : 99,
      "name" : "Documentary"
    } ]
  }, {
    "id" : 273488,
    "title" : "After",
    "overview" : "A haunting and powerful psychological thriller. Set in icy upstate New York in the winter of 2002, \"After\" is about the Valentinos, a middle class clan facing financial hardship--their family stone cutting business is slowly failing--and coping with the usual rivalries and resentments that affect all but their absent daughter, Samantha, who has recently escaped Rochester for a new life in lower Manhattan. At their center is matriarch Nora (Quinlan), whose cheerful exterior masks an emotional fragility of which the entire family is painfully aware and fiercely protective. But, their delicate balance is threatened by a carefully concealed secret that, once revealed, will change their lives forever.",
    "genres" : [ {
      "id" : 9648,
      "name" : "Mystery"
    }, {
      "id" : 18,
      "name" : "Drama"
    } ]
  }, {
    "id" : 273493,
    "title" : "King of the Cannibal Islands",
    "overview" : "Believed to be the first film to feature cannibals.",
    "genres" : [ {
      "id" : 35,
      "name" : "Comedy"
    } ]
  }, {
    "id" : 273498,
    "title" : "Man Overboard",
    "overview" : "The owner of a boat shop unwittingly hires a slick con man as his new sales manager, and subsequently has his life turned upside down.",
    "genres" : [ {
      "id" : 35,
      "name" : "Comedy"
    } ]
  }, {
    "id" : 273503,
    "title" : "Play in the Gray",
    "overview" : "An intimate look at identity, sexuality, love, and performance art, Play in the Gray, shakes the foundation of gender stereotypes by exploring the work and personal lives of Boston drag-based theatre troupe, ALL THE KINGS MEN",
    "genres" : [ ]
  }, {
    "id" : 273508,
    "title" : "Ready or Not",
    "overview" : "A new reality television show chooses six contestants to travel to a secluded mansion to compete for one million dollars. The game is Hide-and-Seek. But the rules change when one contestant is found murdered by the very cameraman who was sent to record their every move. The players realize that this is no game. It's a real life horror film and they are the stars. What began as a contest for quick fame and easy fortune becomes a battle for survival.",
    "genres" : [ ]
  }, {
    "id" : 273518,
    "title" : "Who Did I Marry?",
    "overview" : "A successful couple with a beautiful daughter, gorgeous home and a mother-in-law and housekeeper that are both eccentric are all the ingredients necessary for a somewhat perfect yet always interesting family. But when Jennifer finds out that her husband Terrance has been cheating on her for years, the family is changed forever. Can Jennifer learn to forgive Terrance so their marriage can be saved, or is it too late to make amends?",
    "genres" : [ {
      "id" : 18,
      "name" : "Drama"
    } ]
  }, {
    "id" : 273528,
    "title" : "Lovelorn",
    "overview" : "Set between the parallel worlds of contemporary London, the deserted afterlife and a mysterious dreamscape, LOVELORN is a story of lost souls trying to save each other.",
    "genres" : [ ]
  }, {
    "id" : 273533,
    "title" : "Shattered Sky",
    "overview" : "Eerily reminiscent of today's climate-change crisis, Shattered Sky recounts the dramatic story of how America led the world to solve the biggest environmental crisis ever seen - a hole in the ozone layer the size of North America.",
    "genres" : [ ]
  }, {
    "id" : 273538,
    "title" : "Swimsuit 46",
    "overview" : "Chantal, a chubby girl of twelve, is having a hard time finding her way throughlife. She doesn't have a lot of friends, and at home she can only turn to herstepfather for support as she doesn't get along with her mother or stepbrother.Only in the local pool, where she is training intensively for an upcoming swimmingcompetition, does she truly feel at home. But when she needs a new pair ofgoggles, things don't go as smoothly as planned and she takes everything to gethold of them.",
    "genres" : [ ]
  }, {
    "id" : 273543,
    "title" : "House of Perversity",
    "overview" : "Erotic Sex Drama",
    "genres" : [ ]
  }, {
    "id" : 273548,
    "title" : "Justin Bieber: The Next Chapter",
    "overview" : "Documentary / Music/Musical - The Next Chapter chronicles the life of the worldwide pop phenomenon who continues to tear up the charts whilst remaining to melt hearts around the world.",
    "genres" : [ ]
  }, {
    "id" : 273553,
    "title" : "How to be Happy",
    "overview" : "Following a bad breakup, relationship councilor Cormac Kavanagh starts sleeping with his clients in a misguided attempt to reignite their passions.",
    "genres" : [ {
      "id" : 10749,
      "name" : "Romance"
    }, {
      "id" : 35,
      "name" : "Comedy"
    } ]
  }, {
    "id" : 273558,
    "title" : "Bob the Builder: Hammer Time",
    "overview" : "It's HAMMER TIME with Bob and the Can-Do Crew! Benny feels left out but soon learns that sometimes it takes a small digger to do a big job! Lofty is nervous about his turn at the campfire sing along until he learns that singing, like building, takes teamwork! While building an observation tower, the team uses creativity to help Roley reach new heights. Bob and Wendy find the perfect owner to rock out in the newly restored houseboat and much, much more.",
    "genres" : [ ]
  }, {
    "id" : 273563,
    "title" : "Hit Favorites: Friends and Family",
    "overview" : "Enjoy quality time with friends and family with these warm-hearted tales. Share birthday surprises with Thomas and the Percival Twins, while Angelina and Polly choreograph a special show for their parents. Then join Bob the Builder and Barney as they show their friends how to be the best big brother and sister they can be. Siblings, friends and parents alike will delight in these stories celebrating love, friendship and fun!",
    "genres" : [ ]
  }, {
    "id" : 273573,
    "title" : "Airborne",
    "overview" : "Hoping to follow in his uncle's footsteps, an Indiana teenager enlists in the army's Airborne Division and undergoes training to become a paratrooper at Fort Bragg, NC.",
    "genres" : [ ]
  }, {
    "id" : 273578,
    "title" : "VeggieTales: The Ballad of Little Joe",
    "overview" : "Join Little Joe and his rootin' tootin' French pea brothers on an adventure that will take them from an abandoned mineshaft all the way to Dodge Ball City--with Little Joe's faith being tested every step of the way!  It's a Wild West yarn that teaches us to keep the faith when facing hardship because, in the end, god can work all things out for good. Yee-haw!",
    "genres" : [ {
      "id" : 10751,
      "name" : "Family"
    }, {
      "id" : 16,
      "name" : "Animation"
    } ]
  }, {
    "id" : 273583,
    "title" : "Las apariencias engañan",
    "overview" : "",
    "genres" : [ {
      "id" : 35,
      "name" : "Comedy"
    } ]
  }, {
    "id" : 273593,
    "title" : "Thomas & Friends: A Very Thomas Christmas",
    "overview" : "All aboard for a special holiday delivery filled with friendship, teamwork and fun! Rheneas picks the perfect Christmas tree when he finally stops to smell the evergreen. Charlie knows how fun snow can be and discovers that teamwork-in-the-snow is the most fun of all. Edward gets Salty just what he asked for - the perfect story to re-tell -- and Emily learns the best way to be Really Useful. Unwrap the holiday adventures with Thomas and his friends and best wishes for a very Thomas Christmas! Features the episodes: The Christmas Tree Express, Ho Ho Snowman, Salty's Surprise and Emily's Winter Party Special.",
    "genres" : [ ]
  }, {
    "id" : 273598,
    "title" : "Road to Your Heart",
    "overview" : "Basson has five days to make it to his father's funeral in Cape Town, but needs to complete certain tasks on this trip before he can call the family company his own. On the road he meets free-spirited bohemian girl, Amory. As they journey across the breathtaking landscape of South Africa, they meet wonderful characters that allow for hilarious moments and life-changing experiences. Their trip takes a sudden turn for the worst when a villainous figure makes an appearance. Basson and Amory are faced with disappointment and heartache. On the road called life, it is inevitable that you will take some wrong turns. But no matter how hard the road might be, on route to true love is where you will find your true north.",
    "genres" : [ {
      "id" : 12,
      "name" : "Adventure"
    }, {
      "id" : 10749,
      "name" : "Romance"
    } ]
  }, {
    "id" : 273603,
    "title" : "Threesome",
    "overview" : "Arpa Pawilai is appealingly cast as Som, an ordinary young woman who works as a movie make-up artist. Her longtime live-in boyfriend Rang (Chaiyapol Julien Poupart) is also in the business. But the handsome musclebound prop guy – always wearing tight, biceps-baring vest T-shirts – captures many adoring eyes, like that slutty actress, but also his straight-acting gay boss (Akarin Akaranithimethara) and just about anyone else with a pulse. Som has about had it with Rang being distracted by all the flirting. She's finally pushed to the brink when she arrives home to find him drunk and passed out in bed after being taken advantage of by the predatory Catwoman. She kicks Rang out and then goes to her apartment rooftop, which is of course the first place any heartbroken young woman should go. She stands at the precipice only to be held back at the last instant by a neighbor guy named Ple who's been hanging creepily around (Steven Fuhrer)...",
    "genres" : [ {
      "id" : 35,
      "name" : "Comedy"
    }, {
      "id" : 27,
      "name" : "Horror"
    }, {
      "id" : 10749,
      "name" : "Romance"
    } ]
  }, {
    "id" : 273608,
    "title" : "Toxic Lullaby",
    "overview" : "TOXIC LULLABY tells the story of Eloise, who wakes up in a destroyed, life threatening world after a bad drug trip. She joins a group of people, who like her, are motivated by the longing to flee this nightmare, but it's hard to tell who'll carry the day, the survivors or the zombies.",
    "genres" : [ {
      "id" : 53,
      "name" : "Thriller"
    }, {
      "id" : 27,
      "name" : "Horror"
    }, {
      "id" : 878,
      "name" : "Science Fiction"
    }, {
      "id" : 28,
      "name" : "Action"
    } ]
  }, {
    "id" : 273613,
    "title" : "ผีเข้า ผีออก",
    "overview" : "",
    "genres" : [ {
      "id" : 35,
      "name" : "Comedy"
    }, {
      "id" : 53,
      "name" : "Thriller"
    } ]
  }, {
    "id" : 273618,
    "title" : "Doctor Penetration",
    "overview" : "Sweet Stacey Donovan and Herschel Savage star as a pair of newlyweds whose car breaks down on their way to their honeymoon.",
    "genres" : [ ]
  }, {
    "id" : 273623,
    "title" : "The Parallel",
    "overview" : "Pregnant Emmy is drugged by her boyfriend and taken to an illegal abortion clinic, but the ordeal makes her sterile. One day she decides to adopt an orphan girl who always keeps a doll which turns out to be possessed.",
    "genres" : [ {
      "id" : 18,
      "name" : "Drama"
    }, {
      "id" : 27,
      "name" : "Horror"
    } ]
  }, {
    "id" : 273633,
    "title" : "Foodhunter Kulinarische Schatzsuche in Asien Indien",
    "overview" : "",
    "genres" : [ ]
  }, {
    "id" : 273643,
    "title" : "Inang Yaya",
    "overview" : "Inang Yaya (Mother Nanny) is a 2006 movie directed by \"Pablo Biglang-awa\" and \"Veronica Velasco\" and stars Maricel Soriano as Norma, a nanny who has to choose between Ruby (Tala Santos, her daughter) or Louise (Erika Oreta, the girl who she takes care of). The film won Best Film and Best Performance, awards given by the Young Critics Circle",
    "genres" : [ {
      "id" : 18,
      "name" : "Drama"
    } ]
  }, {
    "id" : 273648,
    "title" : "Het beste voor Kees",
    "overview" : "44-year old autistic Kees still lives with his parents. How long can his eldery parents keep taking care of him and what happens with Kees when they are unable to?",
    "genres" : [ {
      "id" : 99,
      "name" : "Documentary"
    } ]
  }, {
    "id" : 273653,
    "title" : "Dragon Ball: Goku's Traffic Safety",
    "overview" : "An educational film featuring characters from \"Dragon Ball\". Roshi and Krillin are on their way to Bulma's birthday party, and they see a boy run into the street, nearly getting run over. Launch, as a traffic officer, teaches him about traffic safety. Meanwhile, Goku, who is also on his way to Bulma's party, gets a traffic lesson of his own from Suno after running through traffic to see her.",
    "genres" : [ {
      "id" : 16,
      "name" : "Animation"
    } ]
  }, {
    "id" : 273658,
    "title" : "Twilight: The Robert Pattinson and Taylor Lautner Saga",
    "overview" : "Documentary / Music/Musical - This is the inside story of one of the most successful actors of our time, how they shot to fame and what to expect from them next.",
    "genres" : [ ]
  }, {
    "id" : 273663,
    "title" : "America's Alien Invasion: The Lost UFO Encounters",
    "overview" : "- Most Americans have no idea that the White House was swarmed by UFOs not once but twice, once in 1952 and again in 1963. The government knows that UFOs are here. Explore this phenomenon that is destined to impact our very being because we are not alone. -",
    "genres" : [ ]
  }, {
    "id" : 273668,
    "title" : "Beyond Grace",
    "overview" : "Drama / Family - Natalie Preston-Waith is a gospel recording artist who suspends her career to manage the ill direction of her children, Michal and Ken. When tragedy strikes the family, Malcolm and Natalie are determined to get their children to see what they do for Christ will last, and the grace of God is sufficient in all situations.",
    "genres" : [ ]
  }, {
    "id" : 273673,
    "title" : "Dear Santa",
    "overview" : "Dear Santa is based on a selection of the most compelling letters the U.S. Postal Service receives from children asking for Santa's help. Their dramatic and heartwarming stories will be told as their holiday dreams are fulfilled.",
    "genres" : [ {
      "id" : 10751,
      "name" : "Family"
    } ]
  }, {
    "id" : 273678,
    "title" : "Home Is Where The Heart Is",
    "overview" : "Family - Home Is Where The Heart Is is an original story and contemporary Gospel stage play about the Anderson family and their strength that comes from the love they share for each other and their home.",
    "genres" : [ ]
  }, {
    "id" : 273683,
    "title" : "Don't Shoot the Pharmacist",
    "overview" : "Zack Wright, a pharmacist who works the graveyard shift in Brooklyn, alongside Ty Jackman, a blunt, wise-cracking pharmacy tech, would rather be stuck in Vegas as a roulette dealer rather than dreaming his nights away at Goodyear Pharmacy on Coney Island Avenue.  Several customers patronize the store, varying from idiotic to obnoxious, from beautiful to dangerous, as Zack and Ty go through the motions of another bizarre night.",
    "genres" : [ {
      "id" : 35,
      "name" : "Comedy"
    } ]
  }, {
    "id" : 273688,
    "title" : "A nu yeyo, etu lyubov!",
    "overview" : "Childhood, school, first love. Heart of the protagonist in finding one that will share with him all the joys of a young life.",
    "genres" : [ {
      "id" : 35,
      "name" : "Comedy"
    }, {
      "id" : 18,
      "name" : "Drama"
    } ]
  }, {
    "id" : 273693,
    "title" : "Baby Bootcamp",
    "overview" : "Fitness instructor Julia is down on her luck, trying to make her baby boot camp a thriving business. To make ends meet, she becomes a part-time nanny for a single widowed father. Trouble is, she knows nothing about taking care of children.",
    "genres" : [ {
      "id" : 10749,
      "name" : "Romance"
    }, {
      "id" : 18,
      "name" : "Drama"
    } ]
  }, {
    "id" : 273698,
    "title" : "The Crop Circle Man: The Incredible Tales of a Crop Circle Maker",
    "overview" : "Documentary - Matthew Williams is a UFO researcher with a strong interest in crop circles. One day, he and his friends figured out how to create amazing, wonderful shapes so incredible that they would fool thousands of people who interpreted them as signs of alien visitors. One day, as they were creating yet another incredible design, a strange psychological effect occurred.",
    "genres" : [ ]
  }, {
    "id" : 273703,
    "title" : "Cirque du Soleil: Zed in Tokyo",
    "overview" : "Witness how ZED comes to life in its making-of documentary. Learn how the show became more than its individual pieces. Through the nurturance and cultivation of a sense of community between ZED artists, musicians and technicians, Francois Girard encouraged the show to develop its own arrangement and follow the rhythm of its own heartbeat.",
    "genres" : [ ]
  }, {
    "id" : 273708,
    "title" : "Ghost of the Brotherhood",
    "overview" : "This is the video diary of events that occurred one night in one of the most notoriously haunted places in York. Featuring Britain's foremost paranormal expert, Martin Jeffrey of Fright Nights. This unique documentary will have you re-examine your beliefs like no other. The Blair Witch was fiction; The Brotherhood of the Ghost is very real....",
    "genres" : [ ]
  }, {
    "id" : 273713,
    "title" : "Fight to Live",
    "overview" : "Documentary - FIGHT TO LIVE follows the pursuit of emerging cures for terminal diseases as told through the stories of patients, patient advocates and the companies who stake their future on the discovery of new treatments. -  Saoirse Ronan, Tom Holland, George MacKay",
    "genres" : [ ]
  }, {
    "id" : 273718,
    "title" : "Max Kennedy and the American Dream",
    "overview" : "Documentary - Max Kennedy is a Minuteman, one of the many American vigilantes who patrol the border with Mexico. Hunting down illegal immigrants, the Minutemen live a gritty existence in the desert. They do it from a belief that they are at the frontline of a war to save their country. Yet within Max lies a great conflict: a sympathy for the Mexicans. Casting a penetrating light on the US-Mexico border issue, Max's story is a telling insight into human trafficking, first-world poverty and right- wing hate politics. -  Li'l Dog, Gadget, Max Kennedy",
    "genres" : [ ]
  }, {
    "id" : 273723,
    "title" : "Pavlov's Dog",
    "overview" : "Drama - The film centers on Ksenia and Maxim, two twenty-year-olds, who meet each other in the sanatorium and fall in love. Ksenia is an alcoholic, Maxim is suicidal. They have been both sent here by their relatives, who did not want to deal with their children and their problems. Gradually it becomes clear that the characters, betrayed by their relatives, kept inside the sanatorium, constrained by regimes and the cult of work therapy, are healthier and freer than many of those who live outside.",
    "genres" : [ ]
  }, {
    "id" : 273728,
    "title" : "Telling of the Shoes",
    "overview" : "Chronicling a Manhattan dinner party that starts out good-natured and civil, it turns unexpectedly dark, as alcohol-fueled party guests eschew their mantles of reserve, turning quick-witting sparing into full-fledged skewering.",
    "genres" : [ ]
  }, {
    "id" : 273733,
    "title" : "Seasons of Gray",
    "overview" : "Drama - Hated and betrayed by his brothers, Brady Gray is forced off of the family ranch and must start a new life in Dallas. With a good job and a promising romance, better days seem to lie ahead until Brady is framed for a crime he didn't commit. -  Andrew Cheney, Megan Parker, Akron Watson",
    "genres" : [ {
      "id" : 18,
      "name" : "Drama"
    } ]
  }, {
    "id" : 273738,
    "title" : "Jokehnen oder Wie lange fährt man von Ostpreußen nach Deutschland?",
    "overview" : "",
    "genres" : [ {
      "id" : 18,
      "name" : "Drama"
    } ]
  }, {
    "id" : 273743,
    "title" : "The Last Light",
    "overview" : "Seven strangers find themselves trapped inside an abandoned hospital after an unexplainable apocalyptic event. In addition to being haunted by what they've lost, the strangers must also fight off mysterious creatures that hunt them down one by one.",
    "genres" : [ {
      "id" : 53,
      "name" : "Thriller"
    }, {
      "id" : 18,
      "name" : "Drama"
    } ]
  }, {
    "id" : 273748,
    "title" : "Torture Made in USA",
    "overview" : "Acclaimed journalist and filmmaker Robin Marie-Monique investigative film explores the events and the machinations of key policy leaders that led the US to adapt the systematic use of torture on in Afghanistan, Guantanamo and Iraq in the name of \"war on terror.\" Mixing stunning archival footage and on the ground detective work, the film includes exclusive interviews with several key witnesses.",
    "genres" : [ {
      "id" : 99,
      "name" : "Documentary"
    } ]
  }, {
    "id" : 273753,
    "title" : "Art Car: The Movie",
    "overview" : "Documentary - With almost 300 entrants and more than 300,000 spectators, the Art Car Parade is the biggest in the world, and attracts talent from across the globe. Against the hectic race to finish on time -- not only for the artists but also for the parade's organizers, the Orange Show For Visionary Art and the City of Houston -- the film closely follows two renowned Houston artists and art car veterans as they scratch and claw in very different ways to achieve the same goal. A FilmBuff Presentation. -  Felix Alvarado, Daniel Arellano, Dan Aykroyd",
    "genres" : [ ]
  }, {
    "id" : 273758,
    "title" : "Nurses on the Line: The Crash of Flight 7",
    "overview" : "Student nurses join some doctors to work in a medical station a few hours flying-time from the Mexican town of Catamaco. One of their planes goes down due to an engine malfunction and crashes in the rain forest. This is the story of the attempts to save the lives of the passengers (both nurses and doctors).",
    "genres" : [ {
      "id" : 18,
      "name" : "Drama"
    }, {
      "id" : 12,
      "name" : "Adventure"
    } ]
  }, {
    "id" : 273763,
    "title" : "Antisocial Behaviour",
    "overview" : "Jakob Kelser is a lonely man living in a run-down house on the edge of a council estate. After enduring weeks of aggrevation and torment from local youths , Jacob, in a last-ditch attempt to once again lead a normal life, plots his revenge on his unsuspecting tormentors. One by one, they're be taught a lesson. One by one, they meet their deaths.",
    "genres" : [ ]
  }, {
    "id" : 273768,
    "title" : "Bands on the Run",
    "overview" : "After accidentally falling off a truck, five rubber bands - Roxie (rock star), Daisy (flower), Edison (light bulb), Ray (TV) and Amelia (airplane) join together to make their way to the toy store and ultimately onto the wrists of three happy children!",
    "genres" : [ ]
  }, {
    "id" : 273773,
    "title" : "Don't Let the Riverbeast Get You!",
    "overview" : "In this campy throwback to 1950's monster films, a vicious monster, the Riverbeast, has arisen from its watery lair to terrorize a peaceful New England town. Local tutor Neil Stuart has seen the beast before, but nobody believed his story, making him the town laughingstock. Neil sets out to not only prove that the Riverbeast exists, but also, with the help of his beautiful pupil, scrappy tutor buddies, and a former professional athlete, to vanquish the aquatic menace!",
    "genres" : [ {
      "id" : 27,
      "name" : "Horror"
    }, {
      "id" : 35,
      "name" : "Comedy"
    }, {
      "id" : 28,
      "name" : "Action"
    } ]
  }, {
    "id" : 273778,
    "title" : "Carmen",
    "overview" : "David McVicar's exhilarating new production, with Anne Sofie von Otter in the title role, restores the Opera Comique to Bizet's masterpiece. Philippe Jordan, in his Glyndebourne debut, conducts the London Philharmonic Orchestra, the Glyndebourne Chorus, and a cast which includes Marcus Haddock, Laurent Naouri, and Lisa Milne.",
    "genres" : [ {
      "id" : 10402,
      "name" : "Music"
    } ]
  }, {
    "id" : 273783,
    "title" : "Custody",
    "overview" : "After a husband loses his wife, all he has left to comfort him is his adopted teenage daughter. But the widower's life gets complicated when the girl's biological father comes forward, claiming he wants to raise the girl as his own. It's a fight to the finish to see who will win custody of their daughter: the biological father who abandoned her as an infant, or the man who raised her.",
    "genres" : [ ]
  } ]
}