{
  "movies" : [ {
    "id" : 79498,
    "title" : "Pornochic 15 : Mélissa",
    "overview" : "",
    "genres" : [ ]
  }, {
    "id" : 79503,
    "title" : "Camel Trophy - The Land Rover Years",
    "overview" : "Land Rover Years Land Rover Years combines a decade of great adventure, skillful 4WD action and stunning scenery. The Camel Trophy, the world's greatest amateur expedition, was the original testing ground for teamwork, sportsmanship and human endurance. Teams from around the world were invited to embark on remarkable and challenging 4x4 adventures, and asked to survive using their wits, bare knuckles and the capable power of the Land Rover.",
    "genres" : [ {
      "id" : 99,
      "name" : "Documentary"
    } ]
  }, {
    "id" : 79508,
    "title" : "Maid, Thief and Guard",
    "overview" : "Otello, an amateur thief, tries a burglary on New Year Eve but he finds the maid Adalgisa in the supposedly empty house. Adalgisa likes Otello who, all things considered, is a good guy, unlike Amerigo the night watchman who tries to profit from the situation.",
    "genres" : [ {
      "id" : 35,
      "name" : "Comedy"
    } ]
  }, {
    "id" : 79513,
    "title" : "Women of Devil's Island",
    "overview" : "Italian costume drama about convicted women in France being sent to the penal colony on Devil's Island where they must wade through alligator-infested waters and find gold. Life on the island is tough for these buxom, beautifully-swept coiffed maidens - virtually none who look like they had even the slightest knowledge of crimes worthy of such a punishment. Here, if the girls want to get a day of rest they must work the night with the guards and/or warden of the island, but some changes come when Guy Madison arrives as the new warden out to change the horrible lives led by these playmate-wannabes.",
    "genres" : [ {
      "id" : 28,
      "name" : "Action"
    }, {
      "id" : 12,
      "name" : "Adventure"
    }, {
      "id" : 18,
      "name" : "Drama"
    } ]
  }, {
    "id" : 79518,
    "title" : "Naked",
    "overview" : "A little boy goes to a sauna with his mother. The required nudity is a bit scary at first, but interesting after a while. After all he enjoyed it.",
    "genres" : [ {
      "id" : 18,
      "name" : "Drama"
    } ]
  }, {
    "id" : 79523,
    "title" : "Pornochic 17 : Tarra",
    "overview" : "",
    "genres" : [ ]
  }, {
    "id" : 79528,
    "title" : "Secrets of the Tribe",
    "overview" : "What happens when western anthropologists descend on the Amazon and make one of the last unacculturated tribes in existence, the Yanomami, the most exhaustively filmed and studied tribe on the planet? Despite their \"do no harm\" creed and scientific aims, the small army of anthropologists that has studied the Yanomami since the 1960s has wreaked havoc among the tribe - and sparked a war within the anthropology community itself.",
    "genres" : [ {
      "id" : 99,
      "name" : "Documentary"
    }, {
      "id" : 10770,
      "name" : "TV Movie"
    } ]
  }, {
    "id" : 79538,
    "title" : "Listen Up: The Lives Of Quincy Jones",
    "overview" : "The extraordinary life of Quincy Jones -- one of the 20th century's most influential and talented composers, musicians and music producers -- provides the basis of this offbeat, free-form documentary tribute. With little regard for formal timelines and traditional documentary biography methods, the film is an amazing patchwork of personal insights featuring a constellation of music stars including his long-time friend Ray Charles, Miles Davis, Frank Sinatra, Herbie Hancock, Ella Fitzgerald, Michael Jackson, Aretha Franklin, Dizzy Gillespie and rappers Big Daddy Kane and Flavor Flav, as well as politicians, filmmakers and other important people. Some of the most moving scenes involve Jones returning to his childhood home in Chicago and recounting honest and painful memories from his childhood. Jones does not shy from discussing everything -- from his mother's mental illness, to his marital problems, to his serious health conditions. He also looks frankly at his career.",
    "genres" : [ {
      "id" : 99,
      "name" : "Documentary"
    } ]
  }, {
    "id" : 79548,
    "title" : "Gone",
    "overview" : "Jill Parrish is trying to rebuild her life after surviving a terrifying kidnapping attempt. Though she is having a difficult time, she takes small steps toward normalcy by starting a new job and inviting her sister, Molly, to move in with her. Returning home from work one morning, Jill discovers that Molly has vanished, and she is certain that the same man who previously abducted her has returned for revenge.",
    "genres" : [ {
      "id" : 18,
      "name" : "Drama"
    }, {
      "id" : 53,
      "name" : "Thriller"
    } ]
  }, {
    "id" : 79553,
    "title" : "The Front Line",
    "overview" : "In 1951 ceasefire is declared, but two remaining armies fought their final battle on the front line Towards the end of the Korean War, a South Korean battalion is fiercely battling over a hill on the front line border against the North in order to capture a strategic point that would determine the new border between two nations. The ownership of this small patch of land would swap multiple times each day. Kang is dispatched to the front line in order to investigate the tacit case that’s been happening there. But he gets spiraled into the war that’s more terrifying than death itself when he meets his friend Kim, who has transformed into a war machine, and his unit. As the countdown for ceasefire begins, both sides become more vicious, resulting in deaths of countless lives until the last man could claim the land.",
    "genres" : [ {
      "id" : 18,
      "name" : "Drama"
    }, {
      "id" : 28,
      "name" : "Action"
    }, {
      "id" : 10752,
      "name" : "War"
    } ]
  }, {
    "id" : 79558,
    "title" : "Smart Asses",
    "overview" : "Award winning director Jonathan Morgan assembles a first class set of ass in Smart Asses! It's a visually stimulating exploration of the backside of some of the hottest babes in adult. So sit back and prepare to find out who's really too hot for teacher!",
    "genres" : [ ]
  }, {
    "id" : 79563,
    "title" : "Evgeny Kissin: Gift of Music",
    "overview" : "A documentary about Evgeny Kissin, a prodigious Russian pianist. Contains footage from the legendary concert in the Royal Albert Hall.",
    "genres" : [ ]
  }, {
    "id" : 79568,
    "title" : "Milton Jones: Lion Whisperer",
    "overview" : "Milton Jones, - you know the weird bloke with the shirts from Mock the Week. As well as star of the Michael McIntyre Roadshow, and the voice of 9 series for Radio 4 (including The Very World of Milton Jones and Another Case of Milton Jones) and all sorts of other radio and telly as well. Awards too. Well it s his new show with new stuff, not in his last show. Youtube him or something....",
    "genres" : [ {
      "id" : 35,
      "name" : "Comedy"
    } ]
  }, {
    "id" : 79573,
    "title" : "Quartier VIP",
    "overview" : "Gardien à la Santé, Alex mène une petite vie tranquille aux côtés de son épouse Louisette et de son collègue et copain René. Muté au quartier des V.I.P., il se voit proposer par l'un des détenus, Bertrand, un businessman condamné pour affaires frauduleuses, un étrange marché : Claire, l'épouse de Bertrand, a décidé de se séparer d'un mari devenu encombrant tout en profitant de sa fortune. Alex est alors chargé de lui proposer une affaire financière alléchante mais bidon qui pourrait permettre à Bertrand de récupérer son argent. Désireux de mettre un peu de piment dans sa vie, Alex accepte de jouer le jeu et de se comporter pendant ses soirées en homme d'affaires suisse et discret ! Claire est séduite. Très vite, Bertrand réalise qu'Alex s'intéresse vraiment à sa femme, Claire découvre la supercherie financière et Louisette la trahison conjugale...",
    "genres" : [ {
      "id" : 35,
      "name" : "Comedy"
    } ]
  }, {
    "id" : 79578,
    "title" : "Cigalon",
    "overview" : "Cigalon (Alexandre Arnaudy) manages a restaurant in a small town in Provence. A chef with a high opinion of his past culinary achievements, he makes no effort to attract customers and is rude to those who venture into his establishment expecting to be fed. To Cigalon, gastronomy is the greatest of all the arts, and so he is naturally aghast when a former laundress named Madame Toffi (Marguerite Chabert) opens a restaurant next door to his. Madame Toffi does not share his elevated notions and intends to serve meals to the general public - an appalling prospect! While Cigalon's restaurant remains empty, Madame Toffi's is always busy. To prove he's the better chef, Cigalon must now start catering to the whims of paying customers or be forced out of business.",
    "genres" : [ ]
  }, {
    "id" : 79583,
    "title" : "ShowBusiness: The Road to Broadway",
    "overview" : "Going behind the curtain to capture the most controversial, passionate, risky and high-profile Broadway season in decades.",
    "genres" : [ {
      "id" : 99,
      "name" : "Documentary"
    } ]
  }, {
    "id" : 79593,
    "title" : "The Tie That Binds",
    "overview" : "John Netherwood and his wife Leann are fugitives who are both wanted for murder. They have a young daughter named Janie and they want her back.",
    "genres" : [ {
      "id" : 53,
      "name" : "Thriller"
    } ]
  }, {
    "id" : 79598,
    "title" : "American Disciples",
    "overview" : "Three brothers come together to make positive changes in the world, changing themselves in the process.",
    "genres" : [ ]
  }, {
    "id" : 79603,
    "title" : "Icetime",
    "overview" : "Minor league baseball is one thing. Icetime tells the story of what goes on behind the scenes in hockey. The pressures on kids, the rise to the top.",
    "genres" : [ ]
  }, {
    "id" : 79608,
    "title" : "Stand van de zon",
    "overview" : "",
    "genres" : [ ]
  }, {
    "id" : 79613,
    "title" : "UFC 140: Jones vs. Machida",
    "overview" : "UFC 140: Jones vs. Machida was a mixed martial arts event held by the Ultimate Fighting Championship on December 10, 2011 at the Air Canada Centre in Toronto, Ontario.  A bout between Lyoto Machida and Phil Davis was linked to the event, but Davis was still recovering from a knee injury and the bout did not occur. A bout between Jon Jones and Rashad Evans was also linked to the event. However, a lingering thumb injury meant Evans missed a title bout with Jones for the second time, as Jones faced Lyoto Machida.  Rory MacDonald was expected to face Brian Ebersole at the event, but on November 8, MacDonald pulled out of the bout because of injury and was replaced by Claude Patrick, who was promoted from a preliminary card bout with Rich Attonito. Rich Attonito remained on the card and faced UFC newcomer Jake Hecht.",
    "genres" : [ {
      "id" : 28,
      "name" : "Action"
    } ]
  }, {
    "id" : 79618,
    "title" : "La double inconstance",
    "overview" : "",
    "genres" : [ ]
  }, {
    "id" : 79623,
    "title" : "Quirky Guys and Gals",
    "overview" : "The movie consists of 4 stories each telling how people survive on life-death choice. The story titles are: Cheering Girls, Boy? meets girl., Claim Night! and The House Full Of 'Abandoned' Businessmen.",
    "genres" : [ {
      "id" : 35,
      "name" : "Comedy"
    } ]
  }, {
    "id" : 79628,
    "title" : "TT3D: Closer to the Edge",
    "overview" : "By vividly recounting the TT's legendary rivalries and the Isle of Man's unique road racing history, this 3D feature documentary discovers why modern TT riders still risk their lives to win the world's most dangerous race. The Isle of Man Tourist Trophy is the greatest motorcycle road race in the world, the ultimate challenge for rider and machine. It has always called for a commitment far beyond any other racing event, and many have made the ultimate sacrifice in their quest for victory. A story about freedom of choice, the strength of human spirit and the will to win. It's also an examination of what motivates those rare few, this elite band of brothers who risk everything to win.",
    "genres" : [ {
      "id" : 99,
      "name" : "Documentary"
    } ]
  }, {
    "id" : 79633,
    "title" : "Attention les yeux !",
    "overview" : "Un réalisateur sans beaucoup d'expérience souhaite tourner un film pornographique.",
    "genres" : [ ]
  }, {
    "id" : 79638,
    "title" : "Bini-Biniku Gengster",
    "overview" : "Child and Herry was a couple who love each other very romantic and loving. Manja dan Herry adalah sepasang suami isteri yang sangat romantik dan saling sayang menyayangi. For Herry, Manja is a wife and a good housewife. Bagi Herry, Manja adalah seorang isteri dan suri rumah yang baik. Child best to try to hide his identity as a leader of the gangsters. Sedaya upaya Manja cuba menyembunyikan identitinya sebagai seorang ketua kumpulan gangster. Office, Herry often bullied by Mat Only, but every time Herry Mat Only bullied sure will reward. Dipejabat, Herry kerap dibuli oleh Mat Saja, tetapi setiap kali Herry dibuli pasti Mat Saja akan menerima balasannya.",
    "genres" : [ ]
  }, {
    "id" : 79643,
    "title" : "Anche se è amore non si vede",
    "overview" : "Salvo e Valentino sono due amici che hanno una piccola società di servizi per il turismo. Il loro mezzo, un restaurato e coloratissimo autobus inglese di qualche anno fa, trasporta i turisti tra i monumenti di Torino. Valentino è abbastanza timido e riservato, mentre Salvo è parecchio intraprendente e sfacciato. Alle loro dipendenze c'è Natascha, una giovane e bella guida turistica, che non conosce però nessuna lingua straniera. È chiaro, quindi, qual è stato il criterio di selezione e, soprattutto, chi è stato il selezionatore! Valentino ha una relazione stabile con Gisella: la sua fidanzata storica, che ama di un amore morboso, totalizzante e oppressivo. Quando la storia arriva al capolinea, entra in gioco il fidato amico Salvo, con l’obiettivo di trovargli una donna che lo faccia tornare a vivere e a sorridere. Per contro, Valentino vuole mettere fine alla vita scanzonata e frivola di Salvo, e anche lui vuole trovare la compagna della vita all’amico e collega di lavoro...",
    "genres" : [ {
      "id" : 35,
      "name" : "Comedy"
    } ]
  }, {
    "id" : 79648,
    "title" : "Temps d`une Paix - Special Noel",
    "overview" : "Temps d`une Paix - Special Noel",
    "genres" : [ ]
  }, {
    "id" : 79653,
    "title" : "Adhu Oru Kana Kaalam",
    "overview" : "The story is about",
    "genres" : [ {
      "id" : 10749,
      "name" : "Romance"
    } ]
  }, {
    "id" : 79678,
    "title" : "Introducing... Janet",
    "overview" : "Janet is an over-weight girl who has a knack for making the other children in school laugh...by making fun of her own weight. In seeing the other kids reaction, she feels that she might have what it takes to be a comedian. She visits the local comedy club where she finds Tony Moroni who is a struggling comedian whose jokes are less than funny. Together Tony helps Janet find self-esteem and Janet helps Tony with his material.",
    "genres" : [ ]
  }, {
    "id" : 79683,
    "title" : "Bad Man's River",
    "overview" : "Robber Roy King loses his wife, Alicia, to revolutionary Montero. Despite their rivalry they collaborate in an attempt to rob the Mexican government of one million dollars.",
    "genres" : [ {
      "id" : 28,
      "name" : "Action"
    }, {
      "id" : 37,
      "name" : "Western"
    } ]
  }, {
    "id" : 79688,
    "title" : "Joshua",
    "overview" : "A black soldier returns from fighting for the Union in the Civil War only to find out that his mother has been murdered by a gang of white thugs. He becomes a bounty hunter, determined to track down and kill the men who killed his mother.",
    "genres" : [ {
      "id" : 18,
      "name" : "Drama"
    }, {
      "id" : 53,
      "name" : "Thriller"
    } ]
  }, {
    "id" : 79693,
    "title" : "Orders Are Orders",
    "overview" : "Movie company wants to shoot a science-fiction film using an Army barracks as location, and its soldiers as actors. Of course, the Commander doesn't like it a bit, and persuades the crew to use a nearby haunted house instead.",
    "genres" : [ {
      "id" : 35,
      "name" : "Comedy"
    }, {
      "id" : 53,
      "name" : "Thriller"
    } ]
  }, {
    "id" : 79698,
    "title" : "The Lovers",
    "overview" : "The Lovers is an epic romance time travel adventure film. Helmed by Roland Joffé from a story by Ajey Jhankar, the film is a sweeping tale of an impossible love set against the backdrop of the first Anglo-Maratha war across two time periods and continents and centred around four characters — a British officer in 18th century colonial India, the Indian woman he falls deeply in love with, an American present-day marine biologist and his wife.",
    "genres" : [ {
      "id" : 28,
      "name" : "Action"
    }, {
      "id" : 12,
      "name" : "Adventure"
    }, {
      "id" : 878,
      "name" : "Science Fiction"
    }, {
      "id" : 10749,
      "name" : "Romance"
    } ]
  }, {
    "id" : 79703,
    "title" : "Cheburashka Goes to School",
    "overview" : "Fourth animation about Gena and Cheburashka.",
    "genres" : [ {
      "id" : 16,
      "name" : "Animation"
    }, {
      "id" : 10751,
      "name" : "Family"
    } ]
  }, {
    "id" : 79708,
    "title" : "Pink Floyd: Behind the Wall",
    "overview" : "This documentary looks at the conception, design and live shows of The Wall performed by Pink Floyd in 1980 and 1981. It features in-depth 1980s era interviews with Roger Waters, David Gilmour, Richard Wright and Nick Mason and shows footage of The Wall performed at Earl's Court in 1980. It also features archival footage of the Syd Barrett era Pink Floyd and discusses how David Gilmour was brought into the band to initially augment their live shows when Syd became unreliable due to his drug problem and how Gilmour ultimately replaced him.",
    "genres" : [ {
      "id" : 99,
      "name" : "Documentary"
    }, {
      "id" : 10402,
      "name" : "Music"
    } ]
  }, {
    "id" : 79713,
    "title" : "White Mommas 3",
    "overview" : "Older white women are tired of sucking on little white penises their whole lives so they take a chance and do the humpty dance on top of the poles of rugged thug black men!",
    "genres" : [ ]
  }, {
    "id" : 79718,
    "title" : "Being There",
    "overview" : "With some of the best skiers within all aspects of modern freeskiing, and a passionate film crew equipped with the best of HD cameras, this movie will both thrill and amaze you. Along side amazing action shots and mind blowing scenery, this movie will give you a behind the scenes look at the production itself. You should have been there when wonder kid Jesper Tjäder shocked the whole film crew with his urban skiing or when Tom Wallisch was head of production at Strandafjellet. You should have been there when Aleksander Aurdal proved how much of a man he is or when Aksel Lund Svindal had unforgettable days in Lofoten. Missed it? Well, don´t worry. This movie will take you there.",
    "genres" : [ {
      "id" : 99,
      "name" : "Documentary"
    } ]
  }, {
    "id" : 79723,
    "title" : "New Kids Nitro",
    "overview" : "Gerrie, Richard, Rikkert, Robbie and Barry from Maaskantje are in a big fight with the village of Schijndel. When a zombie kills someone from Brabant, things get out of hand.",
    "genres" : [ {
      "id" : 28,
      "name" : "Action"
    }, {
      "id" : 35,
      "name" : "Comedy"
    } ]
  }, {
    "id" : 79728,
    "title" : "Nicostratos the Pelican",
    "overview" : "After his wife died a man refuses to go out and doesn't want to talk to his only son. Life has no meaning for him. One day his son finds a baby pelican and decides to leave the bird at home. Pelican helps the boy find his father again and revive him back to life ...",
    "genres" : [ {
      "id" : 35,
      "name" : "Comedy"
    }, {
      "id" : 18,
      "name" : "Drama"
    } ]
  }, {
    "id" : 79733,
    "title" : "Vysotsky: Thank God I'm Alive",
    "overview" : "Russian poet, singer and actor Vladimir Vysotsky was an idol of the 1970s and '80s. In 1980, at the age of 42, he passed away during the Moscow Olympic Games. This is the story of his last great love as handed down to his son from a family friend. Written by nitorch.",
    "genres" : [ {
      "id" : 18,
      "name" : "Drama"
    } ]
  }, {
    "id" : 79738,
    "title" : "Beverly Hills Family Robinson",
    "overview" : "Marsha Robinson, host of a TV cooking show, takes her family on a working vacation to a South Seas Island, but their yacht is hijacked by pirates, and then shipwrecked, and the Robinsons must survive Marsha's complaints while they build a treehouse, meet a handsome carpenter, bond together as a family and fight off the pirates",
    "genres" : [ ]
  }, {
    "id" : 79743,
    "title" : "What Became of Us",
    "overview" : "Have you ever wondered how your old schoolmates are? Perhaps the guy next to you, who is doing time in jail at the moment, still thinks you are his best and only friend. Perhaps your first crush might've been interested in you all these years but was too afraid to tell you that. Perhaps, if it were not too late already, the bullied one would've done everything differently.",
    "genres" : [ {
      "id" : 80,
      "name" : "Crime"
    }, {
      "id" : 18,
      "name" : "Drama"
    }, {
      "id" : 53,
      "name" : "Thriller"
    } ]
  }, {
    "id" : 79748,
    "title" : "Pick Up Your Belongings",
    "overview" : "Pierre Cohen, a sophisticated Parisian psychologist, goes to his brother's farm in order to protect it from very hostile local landowners.",
    "genres" : [ {
      "id" : 35,
      "name" : "Comedy"
    } ]
  }, {
    "id" : 79753,
    "title" : "Promotion canapé",
    "overview" : "",
    "genres" : [ {
      "id" : 35,
      "name" : "Comedy"
    } ]
  }, {
    "id" : 79758,
    "title" : "The Big Scare",
    "overview" : "",
    "genres" : [ {
      "id" : 35,
      "name" : "Comedy"
    }, {
      "id" : 80,
      "name" : "Crime"
    }, {
      "id" : 27,
      "name" : "Horror"
    } ]
  }, {
    "id" : 79768,
    "title" : "Sex-Parade 2003",
    "overview" : "Sommer, Sonne, Sex-Parade! In Berlin tanzt der Techno-Baer. Im Auftrag der Liebe schickt Inflagranti seine heißesten Girls und Jungs auf den groeßten Techno-Event der Republik zum aufgeilenden Katz- und Moeschen-Spiel mit den Buergerschuetzern in der gruenen Uniform! Schon in der S-Bahn beginnt der oeffentliche Nahverkehr, als die wilden Tanztitten den Boys an die Knack-Aersche grabschen und die Triller-Pfeifen steif blasen. Seht selbst, was fuer stramme Beat-Kanonen sich die wippenden Frisch-Titten dann mitten im Tanzgewusel taktgerecht in die nassen Muschis schieben lassen! Eine Siegessaeule nach der anderen! Hinterm Wagnerdenkmal laesst sich Besseres machen als an Wagner zu denken ... und ein hartgekochtes Ei darf auch mal eine Hauptrolle spielen: Find Your Own Love Rules!",
    "genres" : [ ]
  }, {
    "id" : 79773,
    "title" : "Blood in the Mobile",
    "overview" : "The production of phones has a dark, bloody side. The main part of minerals used to produce phones is coming from the mines in the Eastern DR Congo. The Western World is buying these so-called conflict minerals and thereby finances a civil war that, according to human rights organisations, has been the bloodiest conflict since World War II: During the last 15 years the conflict has cost the lives of more than 5 million people and 300,000 women have been raped. The war will continue as long as armed groups can finance their warfare by selling minerals. The Documentary Blood in the Mobile shows the connection between our phones and the civil war in the Congo. Director Frank Poulsen travels to DR Congo to see the illegal mine industry with his own eyes. He gets access to Congo s largest tin-mine, which is being controlled by different armed groups, and where children work for days in narrow mine tunnels to dig out the minerals that end up in our phones.",
    "genres" : [ {
      "id" : 99,
      "name" : "Documentary"
    } ]
  }, {
    "id" : 79778,
    "title" : "The Odds",
    "overview" : "A murder mystery set in the world of illegal teenage gambling. A 17-year old must find his best friends' killer before the game is exposed.",
    "genres" : [ {
      "id" : 80,
      "name" : "Crime"
    }, {
      "id" : 9648,
      "name" : "Mystery"
    } ]
  }, {
    "id" : 79783,
    "title" : "Camilla",
    "overview" : "Freda Lopez, an aspiring musician, travels with her husband to the beautiful beaches of Georgia where she befriends Camilla, an odd and exotic elderly woman who plays the violin. When the two embark on a journey together, Camilla reclaims a lost love and makes peace with herself and her son, while Freda discovers inner resources she never knew she had.",
    "genres" : [ {
      "id" : 12,
      "name" : "Adventure"
    }, {
      "id" : 18,
      "name" : "Drama"
    }, {
      "id" : 35,
      "name" : "Comedy"
    }, {
      "id" : 10751,
      "name" : "Family"
    } ]
  }, {
    "id" : 79798,
    "title" : "Ballem",
    "overview" : "Overview Coming Soon...",
    "genres" : [ {
      "id" : 28,
      "name" : "Action"
    }, {
      "id" : 18,
      "name" : "Drama"
    } ]
  }, {
    "id" : 79803,
    "title" : "Premiste",
    "overview" : "Premiste is a dubbed version of tamil movie Kaadal and it is an romantic movie in which, Aiswarya (Sandhya) is a rich adolescent girl. Murali (Bharath) is a poor uneducated boy who works as bike mechanic. They fall in love with each other and Aiswarya's parents want to marry her off to a rich NRI. Aiswarya forces Murali to take her away from hometown Madhurai. They reach Chennai. The rest of the story is about how they suffer in that city to lead their life.",
    "genres" : [ {
      "id" : 10749,
      "name" : "Romance"
    } ]
  }, {
    "id" : 79808,
    "title" : "Bet",
    "overview" : "Overview Coming Soon...",
    "genres" : [ {
      "id" : 28,
      "name" : "Action"
    }, {
      "id" : 10749,
      "name" : "Romance"
    } ]
  }, {
    "id" : 79813,
    "title" : "Azhagai Irukkirai Bayamai Irukkirathu",
    "overview" : "Azhagai Irukkirai Bayamai Irukkirathu movie tells Manu (Bharath) loves Jo (Mallika Kapoor) and he becomes her friend, hoping to help her win her love for Prem, as Jo secretly loves Prem (Arun Kumar). Then they both try to break Prem",
    "genres" : [ {
      "id" : 10749,
      "name" : "Romance"
    } ]
  }, {
    "id" : 79818,
    "title" : "A Christmas Memory",
    "overview" : "A boy, Buddy, whose parents have split and whose mother is an actress in New York, has been dumped in the south at the small-town home of some older cousins, all of whom are unmarried.",
    "genres" : [ {
      "id" : 10770,
      "name" : "TV Movie"
    }, {
      "id" : 18,
      "name" : "Drama"
    }, {
      "id" : 10751,
      "name" : "Family"
    } ]
  }, {
    "id" : 79823,
    "title" : "Schizoid",
    "overview" : "When Dr. Peter Fales’s (Klaus Kinski) patients start getting annihilated by an unknown serial killer, he and his daughter Alison (Donna Wilkes) both come under suspicion. Part slasher film and part psychological thriller, Schizoid co-stars Marianna Hill as Julie, a syndicated “Dear Abby”-style columnist who also happens to be in one of Dr. Fales’s therapy groups. After she receives several ominous letters she not only wonders if Dr. Fales might be behind the killings, she also starts to suspect her estranged husband.",
    "genres" : [ {
      "id" : 27,
      "name" : "Horror"
    }, {
      "id" : 9648,
      "name" : "Mystery"
    } ]
  }, {
    "id" : 79828,
    "title" : "Meat Market",
    "overview" : "Animals attacks, says the TV news. But two ex-security agents know the real cause - maybe the real culprits. Shahrokh and Argenta are former employees of a company they knew to be conducting bizarre medical experiments. What has resulted are not animals attacks, but attacks by humans turned into vicious, decomposing, cannibalistic zombies. Their efforts to stem the violence in vain, hunted by the authorities, Shahrokh and Argenta escape the city just as it is engulfed in chaos. Their only hope lies in finding and organizing the few remaining survivors. What they find - three women claiming to be vampires with high-tech weaponry, a deranged and washed-up Mexican wrestler, a wounded soldier, and a scientist who may know more than he lets on - offer more questions than answers. Can this tiny cadre hope to defeat an army of the undead? And if they succeed...will there be anyone left alive?",
    "genres" : [ {
      "id" : 28,
      "name" : "Action"
    }, {
      "id" : 27,
      "name" : "Horror"
    }, {
      "id" : 35,
      "name" : "Comedy"
    } ]
  }, {
    "id" : 79833,
    "title" : "The Infinite Worlds of H.G. Wells",
    "overview" : "H.G. Wells foresaw the future in such visionary novels as The Time Machine and The War of the Worlds. On a night in London in 1946, newspaper reporter Ellen McGillivray arrives at the home of legendary literary figure, Herbert George Wells. Expecting to hear of the events and people who formed his prophetic imagination, she is informed of a world in which known scientific boundaries no longer exist. It begins a half-century earlier at London's Imperial College of Science where Wells meets Jane Robbins, a scientist equally fascinated by unnatural phenomenon, and a woman who immediately captures Wells' heart. To Wells' surprise, Ellen accepts his outlandish tales of traveling through time. What Ellen is about to discover is that at the heart of the mysterious orb is buried the equally mysterious heart of Jane Robbins, the one who inspired H.G. Wells to tell the amazing truth in the form of science \"fiction.\"",
    "genres" : [ {
      "id" : 18,
      "name" : "Drama"
    }, {
      "id" : 878,
      "name" : "Science Fiction"
    }, {
      "id" : 10749,
      "name" : "Romance"
    } ]
  }, {
    "id" : 79838,
    "title" : "The Flying Doctors of East Africa",
    "overview" : "The Flying Doctors of East Africa (German: Die Fliegenden Ärzte von Ostafrika) is a 1969 documentary film by Werner Herzog about the \"flying doctors\" service of the African Medical and Research Foundation in Tanzania, Kenya, and Nairobi.",
    "genres" : [ {
      "id" : 99,
      "name" : "Documentary"
    } ]
  }, {
    "id" : 79843,
    "title" : "Doctor Love",
    "overview" : "Dr. Love is the story of Vinayachandran (Kunchacko Boban), a person who is a consistent helper of those who are in love and who wants to be in love. He comes to a college to settle a love matter and becomes the hero of the college. He is then given the title Doctor Love - Romance Consultant by all in the campus. The problems faced by Vinayachandran later in the campus forms the rest of the story.",
    "genres" : [ {
      "id" : 10749,
      "name" : "Romance"
    }, {
      "id" : 35,
      "name" : "Comedy"
    } ]
  }, {
    "id" : 79848,
    "title" : "A Ballad of Love",
    "overview" : "Тридцатилетняя Галина умна, обаятельна и красива. Она работает реставратором в мастерской ленинградского Екатерининского дворца и, казалось бы, создана для любви. Но настоящего чувства все нет и нет…",
    "genres" : [ {
      "id" : 10749,
      "name" : "Romance"
    } ]
  }, {
    "id" : 79853,
    "title" : "38 Parrots",
    "overview" : "Parrot, Monkey and Elephant are excited to understand how long their friend Boa is. They finally arrive to the result, though it is measured in quite a strange fashion.",
    "genres" : [ {
      "id" : 16,
      "name" : "Animation"
    }, {
      "id" : 10751,
      "name" : "Family"
    } ]
  }, {
    "id" : 79858,
    "title" : "Wie die Alten sungen...",
    "overview" : "",
    "genres" : [ ]
  }, {
    "id" : 79863,
    "title" : "Journey to Shiloh",
    "overview" : "At the beginning of the Civil War, seven friends embark on a cross-country journey in order to join the Confederate army.",
    "genres" : [ {
      "id" : 37,
      "name" : "Western"
    }, {
      "id" : 28,
      "name" : "Action"
    }, {
      "id" : 18,
      "name" : "Drama"
    }, {
      "id" : 10752,
      "name" : "War"
    } ]
  }, {
    "id" : 79868,
    "title" : "The Power Within",
    "overview" : "Stan Dryer, a teen, afraid to even ask a girl to the prom, finds courage and extreme martial arts skill when he is given a ring by an old man he tried to save from a group of attackers. The ring is a mate to a ring stolen by a double dealing art thief who had been hired to steal it by a criminal mastermind who wanted it for its mystical powers.",
    "genres" : [ {
      "id" : 14,
      "name" : "Fantasy"
    }, {
      "id" : 28,
      "name" : "Action"
    }, {
      "id" : 878,
      "name" : "Science Fiction"
    } ]
  }, {
    "id" : 79873,
    "title" : "The Student Prince",
    "overview" : "The Queen's youngest son is off to university, mainly because \"I'm hopeless at anything else\". Barry, his new bodyguard, has no time for the royal family and left school at fifteen. He certainly didn't volunteer for this job, and is damned if he's going to enjoy it. Yet he can't help liking the hopelessly unworldly young prince, at least, until they both set their eyes on the new American student!",
    "genres" : [ {
      "id" : 35,
      "name" : "Comedy"
    }, {
      "id" : 10749,
      "name" : "Romance"
    }, {
      "id" : 10769,
      "name" : "Foreign"
    } ]
  }, {
    "id" : 79878,
    "title" : "Small Local Trains",
    "overview" : "Émile Durand, an insecticide manufacturer, is appalled to learn that his son Gérard has fallen in love with Suzy, the daughter of a travelling theatre company.  Realising his father will never favour the union, Gérard joins the company on their next tour. In an attempt to heal the rift, Durand’s wife goes after Gérard and ends up performing in their next play…",
    "genres" : [ {
      "id" : 35,
      "name" : "Comedy"
    }, {
      "id" : 18,
      "name" : "Drama"
    }, {
      "id" : 10749,
      "name" : "Romance"
    } ]
  }, {
    "id" : 79888,
    "title" : "The Cemetery Club",
    "overview" : "The story of three Pittsburgh widows who meet every year to visit their husband's graves and talk about perspectives in their lives.",
    "genres" : [ {
      "id" : 35,
      "name" : "Comedy"
    } ]
  }, {
    "id" : 79893,
    "title" : "Breaking the Taboo",
    "overview" : "Narrated by Morgan Freeman, this groundbreaking new documentary uncovers the UN sanctioned war on drugs, charting its origins and its devastating impact on countries like the USA, Colombia and Russia. Featuring prominent statesmen including Presidents Clinton and Carter, the film follows The Global Commission on Drug Policy on a mission to break the political taboo and expose the biggest failure of global policy in the last 50 years",
    "genres" : [ {
      "id" : 99,
      "name" : "Documentary"
    } ]
  }, {
    "id" : 79898,
    "title" : "The Black Crowes - Who Killed That Bird Out On Your Window Sill... The Movie",
    "overview" : "Who Killed That Bird On Your Windowsill...The Movie is an often hilarious insight into the inner workings of the Black Crowes--one that sees the brothers Robinson doing just about everything you'd expect from them: sneering at everyone, fighting with one another, at odds with radio programmers, but most imporantly, creating some of the best American rock music of the early '90s.",
    "genres" : [ {
      "id" : 10402,
      "name" : "Music"
    } ]
  }, {
    "id" : 79903,
    "title" : "Pino Daniele, Francesco De Gregori, Fiorella Mannoia, Ron: In Tour",
    "overview" : "",
    "genres" : [ {
      "id" : 10402,
      "name" : "Music"
    } ]
  }, {
    "id" : 79908,
    "title" : "Outing Riley",
    "overview" : "Bobby is a gay man in the closet in 2003, afraid to come out to his three older brothers, even though he's at least 30 and is being pressed by his sister, his boyfriend, and his lesbian beard to tell the lads. The death of his father and a fishing trip with his brothers provide occasions when he could tell them, but he fails. When he screws his courage to the sticking point, how will they react, and how will he deal with their reactions? He imagines a movie of his rather boring life - surrounded by possibilities - but can anything overcome the insular narrow-mindedness of a big Irish Catholic family in Chicago?",
    "genres" : [ {
      "id" : 35,
      "name" : "Comedy"
    } ]
  }, {
    "id" : 79913,
    "title" : "Under One Roof",
    "overview" : "It's Sex and the City meets The Wedding Banquet for young San Franciscan Daniel Chang, living at home with his clueless, traditional mother. Desperate for a grandchild, she's eager to see him married and spends much of her time planning introductions to suitable Chinese girls for Daniel. But when she recruits a new lodger for the downstairs flat, Daniel finds himself falling for Robert, the hot Southern boy who's moved to the big city. Well, Robert's not a suitable Chinese girl - but is he gay? And does he feel the same way about Daniel? Daniel soon gets his chance to find out when the basement floods and his mother insists Daniel share his bedroom with Robert while the plumbers fix the mess downstairs...",
    "genres" : [ {
      "id" : 10749,
      "name" : "Romance"
    }, {
      "id" : 35,
      "name" : "Comedy"
    } ]
  }, {
    "id" : 79918,
    "title" : "The Sky Has Four Corners",
    "overview" : "",
    "genres" : [ {
      "id" : 18,
      "name" : "Drama"
    } ]
  }, {
    "id" : 79923,
    "title" : "Mr. Smith Gets a Hustler",
    "overview" : "A Banker, Husband, and Father, Mr. Smith must leave it behind him. He's made a mistake and he's trying to pay for it but he doesn't know if there is enough money in the world. Or so he tells Bobby the eighteen year old male hustler Smith employs for company. Bobby quickly learns however, that Smith is no regular John, and their meeting has unintended consequences that neither of them is prepared to afford.",
    "genres" : [ {
      "id" : 18,
      "name" : "Drama"
    } ]
  }, {
    "id" : 79928,
    "title" : "Bibi Blocksberg - Eene Meene Eins, Zwei, Drei!",
    "overview" : "",
    "genres" : [ {
      "id" : 16,
      "name" : "Animation"
    }, {
      "id" : 10751,
      "name" : "Family"
    } ]
  }, {
    "id" : 79938,
    "title" : "Tarnished",
    "overview" : "Bud Dolliver, a former WWII hero, and an ex-convict, returns to his home town in an effort to make a new life for himself but, even with the help of Lou Jellison, a cannery worker, he finds it hard to live down his reputation.",
    "genres" : [ {
      "id" : 80,
      "name" : "Crime"
    }, {
      "id" : 28,
      "name" : "Action"
    }, {
      "id" : 12,
      "name" : "Adventure"
    } ]
  }, {
    "id" : 79943,
    "title" : "NBA Dynasty Series - Chicago Bulls",
    "overview" : "NBA Dynasty Series: The Chicago Bulls—The 1990s is complete wish fulfillment for the sports fan. This four-disc set, encompassing the Bulls' remarkable streak from 1991's first championship to 1998's second three-peat, contains so much information and insight into Chicago's several seasons of glory that it's hard to take it in all at one time. We get over seven hours of historical and archival footage, as well as new interviews from players and coaches all offering their take on what made these particular teams and seasons so special. And there's more. Discs Two through Four each have an entire NBA Finals game on them (one per side for a total of six), each representing a stellar or exceptional moment in the series. Along with the single-season documentaries (including the historic overview, seven in total) there are nearly 16 hours of Chicago Bulls goodness in this package.",
    "genres" : [ ]
  }, {
    "id" : 79953,
    "title" : "The Postman Fights Back",
    "overview" : "Four heroes embark on a secret mission for Dr Sun Yat Sen's Nationalist Guard.  Relentlessly pursued by the warriors of notorious Warlord Yue Sai Hoi, they have seven days to reach the Lo Yang Pass with their secret cargo.",
    "genres" : [ {
      "id" : 28,
      "name" : "Action"
    }, {
      "id" : 10769,
      "name" : "Foreign"
    } ]
  }, {
    "id" : 79958,
    "title" : "Ihr könnt euch niemals sicher sein",
    "overview" : "Der 17-Jährige Gymnasiast Oliver Rother bringt seine Gedanken, Gefühle und Erlebnisse gern in Hip-Hop-Texten zum Ausdruck. Als ihm seine Lehrerin Selma Vollrath eine Sechs für eine Deutscharbeit über \"Die Leiden des jungen Werther\" gibt, die er im Stil eines Rappers getextet hat, verlässt er enttäuscht und wutentbrannt die Klasse. Dabei verliert er einen Zettel, auf dem er in einem drastischen Song ankündigt, Frau Vollrath töten zu wollen. Aus Angst, einen potenziellen Amokläufer im Haus zu haben, informiert die Schulleitung die Polizei. Als diese bei der Hausdurchsuchung auf Olivers Computer gewalttätige Videos findet und sich der Jugendliche nicht eindeutig von seinen Sprüchen distanziert, nimmt ein ungeahntes Drama seinen Lauf.",
    "genres" : [ {
      "id" : 18,
      "name" : "Drama"
    } ]
  }, {
    "id" : 79963,
    "title" : "The Meatrack",
    "overview" : "A hybrid of Warholian midnight movie and Doris Wishman-esque sexploitation picture, Michael Thomas's softcore rarity Meatrack was originally produced and released by Sherpix, the company that brought underground films like Lonesome Cowboys, Pink Narcissus, and Invocation of My Demon Brother to a nationwide circuit of art house theatres. The film concerns an ostensibly straight married man who starts turning tricks on the sleazy streets of San Francisco, and it was shot almost entirely on location in the city’s by-the-hour hotels, adult theatres, gay bars, and bathhouses. With real-life go-go boys, female impersonators, and leathermen as its supporting cast, it serves as a rich subcultural document.",
    "genres" : [ {
      "id" : 18,
      "name" : "Drama"
    } ]
  }, {
    "id" : 79968,
    "title" : "Gang Bullets",
    "overview" : "Gang Bullets was one of a myriad of late-1930s Monogram crime pictures, bearing such interchangable titles as I Am a Criminal, Convict's Code and Federal Bullets. Morgan Wallace plays a Capone-like racketeer named Anderson, who after being chased out of one town by the authorities immediately sets up shop in another. Unable to get any tangible evidence against Anderson, DA Wayne (Charles Trowbridge) orders his assistant Carter (Robert Kent) to dig up some dirt on the gangster boss. To do this, Carter pretends to turned crooked, joining Anderson's gang in order to accumulate evidence. Alas, Carter's girl friend Patricia (Anne Nagel) knows nothing of her boyfriend's subterfuge, and she suspects the worst. With such formidable henchmen as John Merton and Carleton Young at his beck and call, it's something of a surprise when Anderson comes a-cropper in the last reel.",
    "genres" : [ {
      "id" : 28,
      "name" : "Action"
    }, {
      "id" : 53,
      "name" : "Thriller"
    } ]
  }, {
    "id" : 79973,
    "title" : "Baby Face Morgan",
    "overview" : "This homey little comedy is predicated on the notion that bucolic country boy Morgan (Richard Cromwell) is the son of a notorious Roaring-Twenties racketeer. Morgan Senior's former gang, pining for their glory days, appoint \"Baby Face\" Morgan as their leader and resume their criminal activities. Their strategy is sublime: with the FBI busily beating the bushes for Nazi spies, who's going to pay attention to a bunch of middle-aged Prohibition gangsters? Unaware that he's being used as a figurehead, Morgan gets mixed up in a crooked insurance scheme, but by film's end he's figured out a way to clear himself and the mob, with everyone learning a lesson in the process. Reviewers in 1942 were amused by Baby Face Morgan but deplored its threadbare production values, noting that at one point the klieg lights could be seen reflecting on the bald dome of supporting player Vince Barnett!",
    "genres" : [ {
      "id" : 80,
      "name" : "Crime"
    }, {
      "id" : 35,
      "name" : "Comedy"
    } ]
  }, {
    "id" : 79978,
    "title" : "Anahy de las Misiones",
    "overview" : "Told by gauchos from Brazil, Argentina and Uruguai, the legend says that Anahy de las Missiones wandered around the Plata Basin during the time of Cisplatina War (1825-1828), stealing the dead.",
    "genres" : [ {
      "id" : 10752,
      "name" : "War"
    }, {
      "id" : 18,
      "name" : "Drama"
    } ]
  }, {
    "id" : 79983,
    "title" : "Padre nuestro",
    "overview" : "A Mexican boy smuggles himself to Brooklyn to meet his long-lost father - only to have his identity stolen upon arrival by an impostor who seeks to steal the fathers' fortune.",
    "genres" : [ {
      "id" : 18,
      "name" : "Drama"
    }, {
      "id" : 53,
      "name" : "Thriller"
    } ]
  }, {
    "id" : 79993,
    "title" : "12 Rounds",
    "overview" : "Brian Buzzini plays a bisexual boxer who's fighting his sexual orientation as well as his opponents.",
    "genres" : [ ]
  }, {
    "id" : 79998,
    "title" : "Scarlet Road",
    "overview" : "Scarlet Road follows the extraordinary work of Australian sex worker, Rachel Wotton. Impassioned about freedom of sexual expression and the rights of sex workers, she specializes in a long over-looked clientele – people with disability.",
    "genres" : [ {
      "id" : 99,
      "name" : "Documentary"
    } ]
  }, {
    "id" : 80003,
    "title" : "Depeche Mode: Devotional",
    "overview" : "Devotional - A Performance Filmed by Anton Corbijn is a video release by Depeche Mode, featuring almost an entire concert from their 1993-1994 Devotional Tour, filmed in Barcelona, Spain (Palau Sant Jordi), Liévin, France (Stade Couvert Régional) and Frankfurt, Germany (Festhalle). It was directed by Anton Corbijn, and released in 1993 band and it was nominated for the Grammy Award for Best Long Form Music Video in 1995. The soundtrack was recorded in Liévin, Stade Couvert Régional, on July 29, 1993. This tour was particularly notable for the personal troubles the band members were struggling with at the time, most notably Dave Gahan's heroin addiction. The video is the last release to feature Alan Wilder before his departure in 1995. In 2004, the movie was re-released in DVD.",
    "genres" : [ {
      "id" : 10402,
      "name" : "Music"
    } ]
  }, {
    "id" : 80008,
    "title" : "My Brother's Keeper",
    "overview" : "Identical twin brothers Lou and Eric plan to compete together in the National Rowing Championships. But when Eric leaves their small town to attend an Ivy League University, the brother's bond is torn apart.",
    "genres" : [ {
      "id" : 18,
      "name" : "Drama"
    } ]
  }, {
    "id" : 80013,
    "title" : "Death Chase",
    "overview" : "After a man's sister is killed by two gunmen who seemingly come out of nowhere, he manages to find and kill them. He then discovers that the men he killed were part of a multi-millionaire's bizarre \"death game\", where someone is hunted through the streets of Los Angeles by teams of killers who get a big-money prize for killing their quarry--and he realizes that now he is \"it\".",
    "genres" : [ {
      "id" : 28,
      "name" : "Action"
    } ]
  }, {
    "id" : 80018,
    "title" : "L.A. Twister",
    "overview" : "The satirical journey of two guys in Los Angeles making their film as they go through the twisted world that is: Hollywood.",
    "genres" : [ {
      "id" : 35,
      "name" : "Comedy"
    } ]
  }, {
    "id" : 80023,
    "title" : "Fairytale of Kathmandu",
    "overview" : "Fairytale of Kathmandu is a 2007 documentary by Neasa Ní Chianáin. The documentary focused on visits by the poet Cathal Ó Searcaigh to Nepal during which he had close relationships with many young boys of 16 years old or younger. The documentary questioned whether Ó Searcaigh's relationships with these youths were exploitative and whether they demonstrated a power and wealth imbalance between the 50 year old Ó Searcaigh and the young Nepalese. Ó Searcaigh is presented in the documentary as paying for the housing, food, bicycles and clothing of boys at most 16 years old. He mentions on camera having sex with some of them, denying that he abused them or that he coerced them into having sex with him.",
    "genres" : [ ]
  }, {
    "id" : 80028,
    "title" : "Pardon My Backfire",
    "overview" : "The stooges are auto mechanics who need money so they can marry their girls. When some escaped convicts pull into their garage, the boys manage to capture them and use the reward money to marry their sweethearts. It appears to be an early attempt at 3D with the closeups and effects used.",
    "genres" : [ {
      "id" : 35,
      "name" : "Comedy"
    } ]
  }, {
    "id" : 80033,
    "title" : "Sexual Roulette",
    "overview" : "When a young couple loses all of their money at a casino, the husband performs certain \"favours\" in order to work the debt off, while his wife is unaware of this kinky arrangement.",
    "genres" : [ {
      "id" : 18,
      "name" : "Drama"
    } ]
  }, {
    "id" : 80038,
    "title" : "Friends with Kids",
    "overview" : "In the wake of their friends' marriages and eventual offspring, longtime pals Julie and Jason decide to have a child together without becoming a couple. By becoming \"time-share\" parents, they reason, they can experience the joys of parenthood without significantly curbing their personal freedom. However, when Julie and Jason both become involved with others, they discover that they secretly harbor romantic feelings for each other.",
    "genres" : [ {
      "id" : 35,
      "name" : "Comedy"
    }, {
      "id" : 18,
      "name" : "Drama"
    }, {
      "id" : 10749,
      "name" : "Romance"
    } ]
  }, {
    "id" : 80043,
    "title" : "Billy Connolly: You Asked for it",
    "overview" : "Billy Connolly’s most requested comedy clips – in addition to his first live TV performance. Billy is universally recognised as the master of observational humour, and here we see the comic genius at his hilarious best. You Asked For It features extracts from Billy’s most popular TV and theatrical stand-up performances, as well as his first ever TV special, broadcast in 1976.",
    "genres" : [ {
      "id" : 35,
      "name" : "Comedy"
    } ]
  }, {
    "id" : 80048,
    "title" : "Rid Of Me",
    "overview" : "A scathing black comedy of embarrassment that charts the emotional breakdown and rebirth of a woman ripe for self-discovery.",
    "genres" : [ {
      "id" : 35,
      "name" : "Comedy"
    } ]
  }, {
    "id" : 80053,
    "title" : "Ay Büyürken Uyuyamam",
    "overview" : "",
    "genres" : [ {
      "id" : 18,
      "name" : "Drama"
    }, {
      "id" : 28,
      "name" : "Action"
    }, {
      "id" : 35,
      "name" : "Comedy"
    }, {
      "id" : 53,
      "name" : "Thriller"
    } ]
  }, {
    "id" : 80058,
    "title" : "Braslet-2",
    "overview" : "Braslet-2 is a grey trotter at a Russian race track stable. Daily beatings from a cold-hearted trainer turns him into an unreliable emotional wreck, and in race after race he breaks his trot and finishes at a gallop, resulting in disqualification. To the trainer Braslet is worthless, so when World War II breaks out and Soviet Army representatives come to the track to requisition horses for the front, the trainer is only too happy to be rid of him. Now, instead of a racing sulky, Braslet is forced to pull heavy carts and sleighs laden with munitions. Gradually he resigns to his fate...",
    "genres" : [ {
      "id" : 18,
      "name" : "Drama"
    } ]
  }, {
    "id" : 80063,
    "title" : "Söderkåkar",
    "overview" : "",
    "genres" : [ ]
  } ]
}