{
  "movies" : [ {
    "id" : 78408,
    "title" : "Shoot First… Ask Questions Later",
    "overview" : "The White, the Yellow, and the Black (Italian: Il bianco, il giallo, il nero, also known as Shoot First… Ask Questions Later) is a 1975 Spaghetti Western comedy film.  It is the last spaghetti western directed by Sergio Corbucci. Differently from his previous western films, this is openly parodic.",
    "genres" : [ {
      "id" : 37,
      "name" : "Western"
    }, {
      "id" : 12,
      "name" : "Adventure"
    }, {
      "id" : 35,
      "name" : "Comedy"
    } ]
  }, {
    "id" : 78413,
    "title" : "The Two Crocodiles",
    "overview" : "Rene (Jean-Pierre Marielle) is a small-time crook who tries to shake down storekeeper Emile (Jean Carmet) in this uneven and humorless comedy. Things change when Rene starts to fall for the terminally boring and provincial Emile.",
    "genres" : [ ]
  }, {
    "id" : 78418,
    "title" : "Apocalypse: The Rise of Hitler",
    "overview" : "Chronicles Hitler's life as a failed painter and far-right activist up to his election as Chancellor of Germany, leading to his relentless rise to power, culminating in the beginning of World War II.  Part 1: The Menace - The trenches gave him his self-appointed mission to save Germany, but it was Hitler's natural ability to address the crowds that allowed him to take advantage of a devastated population.  Part 2: The Furher - Prior to his new-found prominence, Hitler was considered a mad man on the fringe of German political life. So how did he push his way into power and plunge the world into war?",
    "genres" : [ {
      "id" : 99,
      "name" : "Documentary"
    }, {
      "id" : 10752,
      "name" : "War"
    } ]
  }, {
    "id" : 78423,
    "title" : "Say Uncle",
    "overview" : "When Falcon Exclusive Jacob Hall has arrived for a lusty visit with Falcon favorite Christian Taylor and his uncle Breck Stewart there's no telling what kind of sexy man-on-twink action will unfold before the weekend is up!",
    "genres" : [ ]
  }, {
    "id" : 78428,
    "title" : "Erotic Ghost Story II",
    "overview" : "Wutung a sex demon returns in another body where he falls for the mortal girl Hsiao-yen, but heaven thinks otherwise with the girl being burned at the stake and her soul being incarnated in the just born Fang Yu-yin. Anger fills Wutung, and to stop this vengeance the town near his lair promise to offer him a virgin girl at the end of every month to become his sex slave. Ya-Yin is selected; however her lover rescues her from the clutches of Wutung. So Wutung sends his demon concubine to get her back, and to cause havoc on the village for the interference.",
    "genres" : [ {
      "id" : 27,
      "name" : "Horror"
    } ]
  }, {
    "id" : 78433,
    "title" : "Tyler Perry's I Can Do Bad All By Myself (The Play)",
    "overview" : "Madea's family comes to see her while she's sick, however it's the rest of the family that needs help. Her granddaughter Maylee has dumped her daughter, Keisha off on her sister, Vianne, who has been living with Madea for the past 6 months since her divorce. Chaos erupts when Maylee shows up engaged to Vianne's ex, Anthony, who is out to make Vy as miserable as possible. Vy meanwhile starts to get interested in Bobby, who works for Madea and who's served time, who during the past 6 months has insisted that he's no good. Elsewhere, Madea and her daughter, Cora try to convince Maylee that Keisha needs a mother to stick around with her, but that doesn't tie in with Anthony's plans. Madea's stuck with all her family's problems and a few of her own, such as Brown coming over repeatedly and getting the whole household in an uproar, and the police chasing her...",
    "genres" : [ ]
  }, {
    "id" : 78438,
    "title" : "Mod",
    "overview" : "A woman falls for a male she believes is her class-mate until she finds out that he is an unknown and unstable inmate from a mental institute.",
    "genres" : [ {
      "id" : 18,
      "name" : "Drama"
    }, {
      "id" : 10749,
      "name" : "Romance"
    }, {
      "id" : 53,
      "name" : "Thriller"
    } ]
  }, {
    "id" : 78443,
    "title" : "Bezdelniki",
    "overview" : "The movie based on early songs of Victor Tsoy.",
    "genres" : [ {
      "id" : 18,
      "name" : "Drama"
    }, {
      "id" : 10749,
      "name" : "Romance"
    } ]
  }, {
    "id" : 78448,
    "title" : "Exterior Night",
    "overview" : "Hoping to make a fresh start, Léo, a jazz musician, takes up temporary residence with his friend Bony, a young writer who is struggling to get his work published. One evening, Léo strikes up an acquaintance with a woman taxi driver, Cora; in spite of her impulsive and moody temperament, he cannot help being attracted to her. On the spur of the moment, Cora invites Léo to make love to her. When Bony meets Cora, he too finds her irresistible, but he lacks Léo’s self-confidence to make his move. Cora is not a woman that any man can possess readily. She is like a wild animal, a creature that revels in its freedom. Will either Léo or Bony be able to tame her...?",
    "genres" : [ {
      "id" : 35,
      "name" : "Comedy"
    }, {
      "id" : 18,
      "name" : "Drama"
    } ]
  }, {
    "id" : 78453,
    "title" : "The House That Drips Blood on Alex",
    "overview" : "Tells the tale of Alex as he moves into a peculiar house that mysteriously drips blood on him - a situation that he finds puzzling, perplexing and disturbing.",
    "genres" : [ ]
  }, {
    "id" : 78458,
    "title" : "Survival Of The Hitman",
    "overview" : "Bret Harts struggle from leaving WWF in 1997 to his return to the now WWE in 2010.",
    "genres" : [ {
      "id" : 99,
      "name" : "Documentary"
    } ]
  }, {
    "id" : 78463,
    "title" : "My Best Enemy",
    "overview" : "Poland 1943: An unlikely pair - a concentration camp prisoner and a captain in Hitler's notorious SS - free themselves from the wreckage of a crashed SS airplane. The two appear to be strangely familiar with each other and the extent of their extraordinary relationship is thrillingly revealed.",
    "genres" : [ {
      "id" : 35,
      "name" : "Comedy"
    }, {
      "id" : 18,
      "name" : "Drama"
    } ]
  }, {
    "id" : 78468,
    "title" : "Thai Porandaachu",
    "overview" : "Thai Porandhaachu offers a good mix of laughs and emotions. The scenes blend in well with each other and neither seems out-of-place. There are both laugh-out loud moments and scenes which touch our hearts. Ofcourse some of the jokes fall flat and there are scenes where the sentiments seem overwrought. But overall, director Kalaimani can claim reasonable success with both portions in this, his first film.Geetha(Kousalya) arrives from Coimbatore to meet her boyfriend Aravind(Karthik). But he has moved and having no place to stay until she meets him again, she is directed to house...",
    "genres" : [ {
      "id" : 18,
      "name" : "Drama"
    } ]
  }, {
    "id" : 78473,
    "title" : "Cinder Rock'n Rella",
    "overview" : "Set in the rock'n roll universe of the 1950s, »Cinder Rock'n Rella« is a classic tale, about Mille, who lives with her mum and dreams of becoming a musical star. When they stake all they have on a new milk-shake bar things begin to look up and the local film studios even want a girl to play a leading part that's just up Mille's street. But mum suddenly dies, leaving Mille deep in debt to her evil auntie and cousin, who'd rather be rid of Mille once and for all. Luckily heaven sends a couple of angels and Topper, a good fairy.",
    "genres" : [ ]
  }, {
    "id" : 78478,
    "title" : "You Don't Choose Your Family",
    "overview" : "César Borgnoli, an unsuccessful car salesman from Italy, lives well beyond his means. In order to get out of his financial disaster, he agrees to a deal: he pretends to be the husband of his sister's girlfriend Kim so she can legally adopt a little girl from Thailand. Caesar believes this to be a great idea and is looking forward to his trip to Thailand. After all, he is going to be able to mix business with pleasure--so he thinks. He didn't expect the local police, the Chinese Triads and the director of the orphanage to chip in, who want to make sure that little Mai is going to end up in a nice family.",
    "genres" : [ {
      "id" : 35,
      "name" : "Comedy"
    }, {
      "id" : 12,
      "name" : "Adventure"
    } ]
  }, {
    "id" : 78483,
    "title" : "Protect and Survive",
    "overview" : "Protect and Survive was a public information series on civil defence produced by the British government during the late 1970s and early 1980s. It was intended to inform British citizens on how to protect themselves during a nuclear attack, and consisted of a mixture of pamphlets, radio broadcasts, and public information films. The series had originally been intended for distribution only in the event of dire national emergency, but provoked such intense public interest that the pamphlets were authorised for general release.",
    "genres" : [ {
      "id" : 16,
      "name" : "Animation"
    }, {
      "id" : 10752,
      "name" : "War"
    }, {
      "id" : 99,
      "name" : "Documentary"
    } ]
  }, {
    "id" : 78488,
    "title" : "Moun Koubari",
    "overview" : "",
    "genres" : [ ]
  }, {
    "id" : 78493,
    "title" : "Joy",
    "overview" : "Joy Levine lives in an old apartment that, in complete contrast to her, is shabby and worn-out on the outside while well-kept and filled with joy on the inside. Her life changes when she auditions for a TV show called \"Gotta Be Happy\". To her astonishment, she is chosen, and her mission is to throw a surprise party for her parents on the upcoming show. However, there is a price to pay for all this: she has to let the viewers into her private inner world and share with them an event that has been overshadowing her family's life and hers for the past 22 years; an event that made a tight-knit bunch of friends shun her parents, Chaya and Yitzhak Levine.",
    "genres" : [ {
      "id" : 18,
      "name" : "Drama"
    }, {
      "id" : 35,
      "name" : "Comedy"
    } ]
  }, {
    "id" : 78498,
    "title" : "Rebellion",
    "overview" : "In this drama, a Mexican woman attempts to live a peaceful life in California. Unfortunately, land-grabbers kill her father and begin harassing her. Desperate, she sends an impassioned plea for help to Washington, who sends her is special aide to mediate.",
    "genres" : [ {
      "id" : 37,
      "name" : "Western"
    } ]
  }, {
    "id" : 78508,
    "title" : "The Monsters Crash the Pajama Party",
    "overview" : "A group of teenage girls spends the night in an old dark mansion as an initiation into a college sorority. What they don't know is that the building is actually the headquarters for a mad scientist and his hunchbacked assistant, who are experimenting with turning humans into gorillas.",
    "genres" : [ {
      "id" : 27,
      "name" : "Horror"
    } ]
  }, {
    "id" : 78513,
    "title" : "Pooveli",
    "overview" : "Pooveli movie opens with the main characters revealing their thoughts on love. Kousalya feels one must love before the wedding while Heera feels love is for after the wedding. Radharavi is totally opposed to love and feels its a way in which children cheat their parents while Karthik is totally for it.Karthik follows Heera around expressing his love for her. But when she insults his love, he promises he wouldn't trouble her again and that one day, she would understand him and come to him. He runs into Kousalya, his classmate in school, who has recently lost her lover in an...",
    "genres" : [ {
      "id" : 18,
      "name" : "Drama"
    }, {
      "id" : 10749,
      "name" : "Romance"
    }, {
      "id" : 10769,
      "name" : "Foreign"
    } ]
  }, {
    "id" : 78518,
    "title" : "The Scheming Women",
    "overview" : "",
    "genres" : [ ]
  }, {
    "id" : 78528,
    "title" : "Manna from Heaven",
    "overview" : "Manna From Heaven is a comedic fable about what happens when you get a gift from God (a financial windfall), but many years later you find out it was a just a loan and it's due immediately. Once upon a time, many years ago, a neighborhood in Buffalo, NY is mysteriously showered with 20 dollar bills. Theresa, a young girl who everyone thinks is a saint, doesn't have much trouble convincing her loose-knit \"family\" that the money is a gift from Heaven. Years later, Theresa, who has become a nun, has an epiphany that it is time to pay the money back, so she calls the eccentric group together to repay the \"loan.\" The problem is, nobody wants to give back the money, nobody has the money, they don't know to whom it belongs, and most of them can't stand each other. Along the way, the characters learn about family, romance, reconciliation and redemption, and by working together they begin to realize their full potential.",
    "genres" : [ {
      "id" : 35,
      "name" : "Comedy"
    } ]
  }, {
    "id" : 78533,
    "title" : "Lightly and Shortly Dressed",
    "overview" : "",
    "genres" : [ {
      "id" : 35,
      "name" : "Comedy"
    } ]
  }, {
    "id" : 78538,
    "title" : "On ne meurt que deux fois",
    "overview" : "On Ne Meurt Que Deux Fois, a French murder mystery based upon a novel of the same name, is an unusual, involving film with excellent performances by its entire cast. Police Inspector Staniland (Michel Serrault) is investigating the death of a pianist. While conducting his investigation and looking through the victim's apartment, he meets Barbara (Charlotte Rampling), the mistress of the murder victim. Barbara confesses to the crime, but Staniland, based on his observations and experience, does not believe her. He then sets out to find the truth, with surprising results. Both Serrault and Rampling are outstanding in this well-directed, well-paced film. On Ne Meurt Que Deux Fois was also released as He Died With His Eyes Open and won the Jury Prize at the 1985 Montreal World Film Festival.",
    "genres" : [ ]
  }, {
    "id" : 78543,
    "title" : "L'amour en herbe",
    "overview" : "",
    "genres" : [ ]
  }, {
    "id" : 78548,
    "title" : "The Satin Spider",
    "overview" : "A sultry French boarding school for girls, in the early twenties. The young pupil Lucienne evades but returns with a weird police inspector who should protect her. Against what or whom? Solange, the psychic unstable gym teacher? Or the voyeuristic principal Madame de Challens? Or other girls?",
    "genres" : [ ]
  }, {
    "id" : 78553,
    "title" : "Die Hummel",
    "overview" : "",
    "genres" : [ {
      "id" : 35,
      "name" : "Comedy"
    } ]
  }, {
    "id" : 78558,
    "title" : "Imaginary Playmate",
    "overview" : "Imaginary friends are a perfectly normal thing to have when you're a kid - that's why when Suzanne's six-year-old stepdaughter, Molly, starts talking to a \"nonexistent\" pal, she writes it off as the child's harmless way of adjusting to their new home. But when strange things start happening around the house and Molly's behavior becomes more bizarre, Suzanne suspects that the invisible playmate may actually be a restless spirit out for revenge! Is this stepmom crazy? And if she's not, will anyone believe her? Tune in and see. (This flick is so spooky, we suggest you don't watch it alone!)",
    "genres" : [ {
      "id" : 53,
      "name" : "Thriller"
    } ]
  }, {
    "id" : 78563,
    "title" : "The Giants",
    "overview" : "Brothers Danny and Zak, 15 and 13 &amp; 3/4 are spending the summer in their deceased grandfather's house, waiting in vain for their mother, who is otherwise busy, and running low on cash. To make some money they decide to rent out the house to a local drug dealer, but things don't go exactly as planned...",
    "genres" : [ {
      "id" : 18,
      "name" : "Drama"
    } ]
  }, {
    "id" : 78568,
    "title" : "Late August, Early September",
    "overview" : "A story about the transition from late youth to early maturity, the film follows several friends and lovers as they come to make decisions on how to live their lives--getting a job more in harmony with ones ideals, committing to a lover, giving up a lover that no longer loves you: a film about grown-ups growing up.",
    "genres" : [ {
      "id" : 18,
      "name" : "Drama"
    }, {
      "id" : 10769,
      "name" : "Foreign"
    } ]
  }, {
    "id" : 78573,
    "title" : "The Gerson Miracle",
    "overview" : "In 1928, Dr. Max Gerson, a German-Jewish researcher, stumbled upon a therapy that has cured tens of thousands of people worldwide since then, including patients's previously thought incurable by their doctors. For the first time, this film chronicles the epic true story of Gerson's miracle.  A cure for cancer and most other chronic and degenerative diseases has been available since 1928. The therapy was developed by Max Gerson, MD, a German Jewish physician, hailed by Nobel Laureate Albert Schweitzer as, “the most brilliant medical genius ever.”  Nine Gerson patients relate stories of recovery from the most deadly cancers (liver, ovarian, pancreatic) up to nineteen years ago. Their inspiring testimonies are powerful evidence of the Therapy’s effectiveness. Charlotte Gerson also describes her lifelong efforts to keep the Therapy alive despite powerful opposition.",
    "genres" : [ {
      "id" : 99,
      "name" : "Documentary"
    } ]
  }, {
    "id" : 78578,
    "title" : "Girls",
    "overview" : "Four weeks of basic training for girls in the IDF: seven girls and two sergeants from different backgrounds (Canadian girl, an immigrant from Russia, Sabra Buckley, etc.)",
    "genres" : [ {
      "id" : 35,
      "name" : "Comedy"
    } ]
  }, {
    "id" : 78583,
    "title" : "Maro Charithra",
    "overview" : "The story revolves around a Telugu girl and Tamil boy who fall in love. Their families interfere and ask them to stay away from each other for a whole year which results in a tragic end.",
    "genres" : [ {
      "id" : 10749,
      "name" : "Romance"
    } ]
  }, {
    "id" : 78593,
    "title" : "Jaggubhai",
    "overview" : "Jagannathan, (Sarath Kumar) fondly known as ‘Jaggubhai’. is an Indian Police Officer with sharp methods. His way of dealing the criminals strikes terror in the underground world. Tough is just an ordinary word to describe this upright, straight forward police officer. Jaggubhai is sent to Australia on an important mission to deal with anti social elements there. In Australia, Jaggubai meets Meena (Srisha) and they both fall in love with each other. Jaggubai fails in his mission for which he came to Australia and the brief romance with Meena also ends abruptly....",
    "genres" : [ {
      "id" : 28,
      "name" : "Action"
    }, {
      "id" : 18,
      "name" : "Drama"
    } ]
  }, {
    "id" : 78598,
    "title" : "China Clipper",
    "overview" : "An aviator ignores skeptics to make the first commercial flight from San Francisco to China.",
    "genres" : [ {
      "id" : 18,
      "name" : "Drama"
    } ]
  }, {
    "id" : 78603,
    "title" : "Veluchamy",
    "overview" : "Overview Coming Soon...",
    "genres" : [ {
      "id" : 18,
      "name" : "Drama"
    } ]
  }, {
    "id" : 78608,
    "title" : "Chinnadurai",
    "overview" : "Overview Coming Soon...",
    "genres" : [ {
      "id" : 28,
      "name" : "Action"
    }, {
      "id" : 18,
      "name" : "Drama"
    } ]
  }, {
    "id" : 78613,
    "title" : "Aravindan",
    "overview" : "Overview Coming Soon...",
    "genres" : [ {
      "id" : 18,
      "name" : "Drama"
    } ]
  }, {
    "id" : 78618,
    "title" : "Rune Klan: Det Blå Show",
    "overview" : "",
    "genres" : [ {
      "id" : 35,
      "name" : "Comedy"
    } ]
  }, {
    "id" : 78623,
    "title" : "Thenkasi Pattanam",
    "overview" : "Overview Coming Soon...",
    "genres" : [ {
      "id" : 10751,
      "name" : "Family"
    } ]
  }, {
    "id" : 78628,
    "title" : "Chatrapathy",
    "overview" : "Chatrapathy movie tells the story of Saravanan(Sarathkumar) who works as the bus driver for a ladies college and Nikitha, one of the college students, has fallen for him. When four goondas belonging to a caste-based political party get off easy after causing the death of a young woman, Saravanan takes justice into his own hands and kills them.Eventually we learn of his past as Chatrapathi, a decorated major in the army and the reason behind his enmity with Chakravarthy(Mahadevan), the leader of the same political party.",
    "genres" : [ {
      "id" : 18,
      "name" : "Drama"
    }, {
      "id" : 28,
      "name" : "Action"
    }, {
      "id" : 10749,
      "name" : "Romance"
    }, {
      "id" : 10769,
      "name" : "Foreign"
    } ]
  }, {
    "id" : 78633,
    "title" : "Nam Naadu",
    "overview" : "Nam Naadu is a Action based movie. It starts with Aalavandhar(Nasser) a corrupt politician who holds the post as Education minister and wants to become the chief minister. He is supported by his son-in-laws, Sathya(Saranraj) IPS Officer who runs a finance company and Ilamaran(Ponvannan) IAS officer, the district collector. With the idea of his in-laws, Aalavandhar tries to disturb peace in state and make situation against the CM.Muthazhagu (Sarath kumar) a honest youth wing leader of the same ruling party learns and opposes the move of his father and he stands by and for the...",
    "genres" : [ {
      "id" : 28,
      "name" : "Action"
    }, {
      "id" : 18,
      "name" : "Drama"
    } ]
  }, {
    "id" : 78638,
    "title" : "Narasimman I.P.S",
    "overview" : "Overview Coming Soon...",
    "genres" : [ {
      "id" : 18,
      "name" : "Drama"
    } ]
  }, {
    "id" : 78643,
    "title" : "Chandralekha",
    "overview" : "Chandralekha starring by vijay and Vanitha vijayakumar. An orthodox brahmin girl falls in love with Muslim boy Rahim. Their families don't accept it. Meanwhile, the lovers try to run away from everybody, but are caught by militants in the forest.They are rescued from the militants by the police and brought safely to the village. Finally they overcome all of their problems thanks to their love. The message of the movie is that love should be beyond religion, caste, and creed.",
    "genres" : [ {
      "id" : 10749,
      "name" : "Romance"
    } ]
  }, {
    "id" : 78648,
    "title" : "1991 – The Unshot Bullet",
    "overview" : "A film about short-lived Slovenian war of independence.",
    "genres" : [ {
      "id" : 18,
      "name" : "Drama"
    }, {
      "id" : 36,
      "name" : "History"
    }, {
      "id" : 10752,
      "name" : "War"
    } ]
  }, {
    "id" : 78653,
    "title" : "Poove Unakkaga",
    "overview" : "Poove Unakkaga is one of the classic Tamil movies of Vijay and a work that brought to him major fame. Nagesh and Nambiar have been college day best friends and so are their children Jaiganesh and Vasudevan. Jaiganesh's family members are Christians while Malaysia Vasudevan's are Hindu. Jaiganesh's son is Lawrence and Malaysia Vasudevan's daughter is Anju Aravind. Robert, brother of Jaiganesh, and Janaki, sister of Malaysia Vasudevan, fell in love with each other.Against their families will, they marry each other and run away from their homes. Ever since then, both families hate...",
    "genres" : [ {
      "id" : 10749,
      "name" : "Romance"
    } ]
  }, {
    "id" : 78663,
    "title" : "Nilaave Vaa",
    "overview" : "Nilaave Vaa starring by vijay and suvalakshmi. Siluvai (Vijay) is the son of Vinu Chakravarthy. They are Christians living in a fishing village. In another town, Perumaal (Jaiganesh) is the father to Sangeetha (Suvalakshmi) and Gauri. Suvluksmi comes to the small fishing village. Raghuvaran is proposed (and later engaged) to marry her.However, Gauri, falls in love with Siluvai's friend and after hearing that their father Jaiganesh doesn't want to accept the Hindu-Christian marriage, she decides to elope with her lover. This leads to the break up of Sangeetha and Siluvai's love...",
    "genres" : [ {
      "id" : 10749,
      "name" : "Romance"
    } ]
  }, {
    "id" : 78668,
    "title" : "In the Mountains",
    "overview" : "Sani, a boy in puberty, and his elder brother Amir spend their summer holidays as usual in Slovenia to visit his uncle and his wife. The summer is beautiful, long and hot. Sani enjoys meeting new people, he likes the girls and the carefree fun. However, he does not realize that this is more than a vacation, namely, that he would stay in Slovenia. When he finds out about these plans that his relatives made for his life Sani is distressed and shocked. Under the pressure of these new and unexpected circumstances, his puberty turns into a wild chase.",
    "genres" : [ {
      "id" : 18,
      "name" : "Drama"
    } ]
  }, {
    "id" : 78673,
    "title" : "Kai Veesamma Kai Veesu",
    "overview" : "Kai Veesamma Kai Veesu is a 1989 Tamil-language Indian feature film directed by Vinodh, starring Radhika and Nirosha in lead roles.",
    "genres" : [ ]
  }, {
    "id" : 78678,
    "title" : "Labour Equals Freedom",
    "overview" : "Peter is in his early forties and until recently he worked in a factory, but after Slovenia's integration into the European Union, the factory closed down and Peter and his colleagues have been made redundant. Slowly but surely, he is losing self-confidence and self-esteem.",
    "genres" : [ {
      "id" : 18,
      "name" : "Drama"
    } ]
  }, {
    "id" : 78683,
    "title" : "Ruins",
    "overview" : "A successful stage director plans to put on an outdoor production of a previously unknown play by a famous writer, but is haunted by his past in the form of the actors and crew with whom he has to work.",
    "genres" : [ {
      "id" : 18,
      "name" : "Drama"
    } ]
  }, {
    "id" : 78688,
    "title" : "Gentille",
    "overview" : "As Gentille opens, Fontaine Leglou (Emmanuelle Devos) is walking down a Paris street, and stops to confront a man whom she suspects is following her.  She tells him he looks normal, but she's sorry, she doesn't have time to have coffee with him.  When he convincingly protests that he was not following her, she apologizes and asks him to have coffee.  Fontaine would seem to have a relatively good life. She works as an anesthetist at a fancy mental hospital, and she's got a live-in Nobel Prize-winning arctic scientist boyfriend, Michel (Bruno Todeschini), who seems to love her.  But there's clearly something nagging at her. She walks around in a perpetually distracted state, and frequently mistakes other peoples' identities and their intentions.  When Michel proposes to her, she needs some time to digest it before she responds.",
    "genres" : [ {
      "id" : 35,
      "name" : "Comedy"
    } ]
  }, {
    "id" : 78693,
    "title" : "Final Exams",
    "overview" : "A pair of high school kids in love, Ronnie and Orna tangled up in an unplanned pregnancy. For this reason there has been a clear dilemma between the different options: abortion, adoption or leavng the child on their own growth.",
    "genres" : [ {
      "id" : 10749,
      "name" : "Romance"
    }, {
      "id" : 18,
      "name" : "Drama"
    } ]
  }, {
    "id" : 78698,
    "title" : "Big Miracle",
    "overview" : "Based on an inspiring true story, a small-town news reporter (Krasinski) and a Greenpeace volunteer (Barrymore) enlist the help of rival superpowers to save three majestic gray whales trapped under the ice of the Arctic Circle. ‘Big Miracle’ is adapted from the nonfiction book ‘Freeing the Whales: How the Media Created the World’s Greatest Non-Event’ by Tom Rose.",
    "genres" : [ {
      "id" : 12,
      "name" : "Adventure"
    }, {
      "id" : 18,
      "name" : "Drama"
    }, {
      "id" : 10749,
      "name" : "Romance"
    } ]
  }, {
    "id" : 78703,
    "title" : "Total Khéops",
    "overview" : "",
    "genres" : [ {
      "id" : 35,
      "name" : "Comedy"
    } ]
  }, {
    "id" : 78708,
    "title" : "When You Read This Letter",
    "overview" : "The English-language title of this French romantic melodrama is When You Read This Letter. Juliette Greco plays Therese, a nun-in-training who returns to \"civilian\" life to care for her young sister Denise (Irene Gatter). When Denise is compromised by love-'em-and-leave-'em stud Max (Philippe LeMaire), Therese forces Max at gunpoint to propose marriage to the hapless girl. Fascinated by this extreme behavior, Max falls madly in love with Therese. (AllMovie)",
    "genres" : [ {
      "id" : 18,
      "name" : "Drama"
    } ]
  }, {
    "id" : 78713,
    "title" : "Pollyanna",
    "overview" : "Pollyanna Whittier goes to live with her wealthy but bitter aunt after the tragic death of her father. Pollyanna shares a game her father taught her -- the 'Glad Game' -- in which everyone can find a silver lining in even the darkest cloud, and her sunny nature, good humor and determination to look on the bright side of life prove to have an astonishing effect on those around her. With the help of her orphaned friend, Jimmy Bean, she casts her spell on the grumpiest townsfolk of Beldingsville -- including the cynical shut-in Mrs. Snow, the morose millionaire Mr. Pendleton and the enigmatic Dr. Chilton. And Pollyanna masterminds the romance between her Aunt's maid, Nancy, and the handyman, Tim. It is only Aunt Polly, who cannot bring herself to embrace Pollyanna's innocence and joy. But all is not straightforward in Pollyanna's war against pessimism, since she must overcome a personal tragedy that threatens to banish \"glad\" from her vocabulary forever.",
    "genres" : [ {
      "id" : 18,
      "name" : "Drama"
    }, {
      "id" : 10751,
      "name" : "Family"
    } ]
  }, {
    "id" : 78718,
    "title" : "Kettimelam",
    "overview" : "",
    "genres" : [ {
      "id" : 18,
      "name" : "Drama"
    } ]
  }, {
    "id" : 78723,
    "title" : "Ninaivellam Nitya",
    "overview" : "Overview Coming Soon...",
    "genres" : [ {
      "id" : 10749,
      "name" : "Romance"
    } ]
  }, {
    "id" : 78728,
    "title" : "Alaigal Oyivadhilai",
    "overview" : "Overview Coming Soon...",
    "genres" : [ {
      "id" : 18,
      "name" : "Drama"
    }, {
      "id" : 10749,
      "name" : "Romance"
    } ]
  }, {
    "id" : 78733,
    "title" : "Der Erfinder",
    "overview" : "In this interesting World War I drama, Bruno Ganz gives a compelling performance as Jakob, an obsessive inventor who lives in a Swiss village. He receives unconditional support from his friend Otti (Walo Luond), but that is about all; the other villagers do not tolerate Jakob's eccentricities very well, and regard him as a crackpot. He perserveres in spite of this obstacle and finally invents a viable carriage that does not run on wheels but on a tread. Unfortunately for Jakob, the military have already come up with the same invention: the tank. The discovery finally breaks him, and he is quickly shuttled off to an asylum.",
    "genres" : [ {
      "id" : 35,
      "name" : "Comedy"
    }, {
      "id" : 18,
      "name" : "Drama"
    } ]
  }, {
    "id" : 78738,
    "title" : "Idhaya Thamarai",
    "overview" : "",
    "genres" : [ {
      "id" : 10749,
      "name" : "Romance"
    } ]
  }, {
    "id" : 78743,
    "title" : "Thiruppu Munai",
    "overview" : "Overview Coming Soon...",
    "genres" : [ {
      "id" : 18,
      "name" : "Drama"
    } ]
  }, {
    "id" : 78748,
    "title" : "Agni Natchathiram",
    "overview" : "Agni Natchathiram is a 1988 Tamil film directed by Mani Ratnam. The movie is about two half-brothers who come into conflict with each other in their claim for legitimacy as sons of a common father. The cast includes Prabhu Ganesan and Karthik Muthuraman. The movie's score and soundtrack are composed by Ilaiyaraaja. The movie is regarded as a landmark in Indian cinematography with trend-setting lighting work by P. C. Sriram. The movie was blockbuster and remade in Hindi as Vansh.",
    "genres" : [ {
      "id" : 28,
      "name" : "Action"
    }, {
      "id" : 10749,
      "name" : "Romance"
    } ]
  }, {
    "id" : 78753,
    "title" : "Chinna Jamin",
    "overview" : "Overview Coming Soon...",
    "genres" : [ {
      "id" : 18,
      "name" : "Drama"
    } ]
  }, {
    "id" : 78758,
    "title" : "Thotta Chinungi",
    "overview" : "Thotta Chinungi film starring Karthik Muthuraman, Raghuvaran, Revathi, Devayani and Nagendra Prasad.[Gopal (Raghuvaran) is in love with Bhuvana (Revathi) ever since they were kids. As adults, they get married.There are two things Gopal disapproves of, after their marriage: Bhuvana's unemployed younger brother Prasad (Nagendra Prasad) who lives with them, and Mano (Karthik), Bhuvana's childhood friend.Mano is quite handsome and a very famous singer and Bhuvana who is very fond of him, talks to him quite often on the phone. The hardworking Gopal, who loves his wife...",
    "genres" : [ {
      "id" : 10751,
      "name" : "Family"
    }, {
      "id" : 18,
      "name" : "Drama"
    } ]
  }, {
    "id" : 78763,
    "title" : "Seeman",
    "overview" : "",
    "genres" : [ {
      "id" : 18,
      "name" : "Drama"
    } ]
  }, {
    "id" : 78768,
    "title" : "Unna Nenachen Paattu Padicchen",
    "overview" : "Overview Coming Soon...",
    "genres" : [ {
      "id" : 18,
      "name" : "Drama"
    } ]
  }, {
    "id" : 78773,
    "title" : "Chinna Kannamma",
    "overview" : "",
    "genres" : [ {
      "id" : 18,
      "name" : "Drama"
    } ]
  }, {
    "id" : 78778,
    "title" : "Thedinen Vandhadhu",
    "overview" : "Velumani (Prabhu), an innocent bank watchman, losses his job after two robbers steal one crore in his bank. In a misunderstanding, an hotel manager thinks that Velumani is a bank manager. Tamizhmani (Goundamani), the hotel server, knows his secret but Velumani manages him by giving him a lottery ticket. The next day, they have the winning numbers and Tamizhmani immediately resigns his job but the lottery ticket was a fake.",
    "genres" : [ {
      "id" : 35,
      "name" : "Comedy"
    }, {
      "id" : 10749,
      "name" : "Romance"
    } ]
  }, {
    "id" : 78783,
    "title" : "Iniyavale",
    "overview" : "Overview Coming Soon...",
    "genres" : [ {
      "id" : 18,
      "name" : "Drama"
    } ]
  }, {
    "id" : 78793,
    "title" : "Simon Talbot: Damp",
    "overview" : "",
    "genres" : [ {
      "id" : 35,
      "name" : "Comedy"
    }, {
      "id" : 10749,
      "name" : "Romance"
    } ]
  }, {
    "id" : 78798,
    "title" : "Dany Boon - Trop stylé",
    "overview" : "",
    "genres" : [ {
      "id" : 35,
      "name" : "Comedy"
    } ]
  }, {
    "id" : 78803,
    "title" : "Que les gros salaires lèvent le doigt",
    "overview" : "",
    "genres" : [ {
      "id" : 35,
      "name" : "Comedy"
    }, {
      "id" : 18,
      "name" : "Drama"
    } ]
  }, {
    "id" : 78808,
    "title" : "Kristopher Schau - Ti år med juling - på tide å få betalt!",
    "overview" : "",
    "genres" : [ {
      "id" : 35,
      "name" : "Comedy"
    } ]
  }, {
    "id" : 78813,
    "title" : "Lesser Evil",
    "overview" : "When Karen finally gathers up the courage to go to the police after she is raped, she's shocked to learn that the cops won't do a thing about it! So this gutsy gal goes up against a federal law-enforcement agency in order to make sure her attacker is thrown behind bars once and for all. You'll cheer Karen on as she fights for justice.",
    "genres" : [ {
      "id" : 18,
      "name" : "Drama"
    } ]
  }, {
    "id" : 78818,
    "title" : "Almost King",
    "overview" : "",
    "genres" : [ {
      "id" : 35,
      "name" : "Comedy"
    }, {
      "id" : 14,
      "name" : "Fantasy"
    } ]
  }, {
    "id" : 78823,
    "title" : "Fausses innocences",
    "overview" : "",
    "genres" : [ {
      "id" : 18,
      "name" : "Drama"
    } ]
  }, {
    "id" : 78828,
    "title" : "Black Jack",
    "overview" : "Black Jack is the coming-of-age story of Jacky, a young, frivolous adventurer, searching for an identity and thirsty for love. As he is swept into the world of crime, he falls in love with a beautiful casino dealer and learns from her that in order to survive he must remain true to himself, and take responsibility for his own life.",
    "genres" : [ {
      "id" : 18,
      "name" : "Drama"
    }, {
      "id" : 28,
      "name" : "Action"
    }, {
      "id" : 10769,
      "name" : "Foreign"
    } ]
  }, {
    "id" : 78843,
    "title" : "Kazhugu",
    "overview" : "The film revolves round the lives, joys and sorrows of three friends, whose profession has to do with handling corpses.",
    "genres" : [ {
      "id" : 35,
      "name" : "Comedy"
    }, {
      "id" : 53,
      "name" : "Thriller"
    } ]
  }, {
    "id" : 78848,
    "title" : "Drohi",
    "overview" : "Drohi is a double hero subject featuring Srikanth and Vishnu in the lead roles as tough guys.The single-line theme of the film is that",
    "genres" : [ {
      "id" : 28,
      "name" : "Action"
    }, {
      "id" : 18,
      "name" : "Drama"
    } ]
  }, {
    "id" : 78853,
    "title" : "In Jazz Style",
    "overview" : "A successful young man meets a disappointed in love 26 years old girl. She fails for him and so her younger sister and still beautiful mother.",
    "genres" : [ {
      "id" : 10749,
      "name" : "Romance"
    }, {
      "id" : 35,
      "name" : "Comedy"
    } ]
  }, {
    "id" : 78858,
    "title" : "Paattukku Oru Thalaivan",
    "overview" : "Overview Coming Soon...",
    "genres" : [ {
      "id" : 18,
      "name" : "Drama"
    } ]
  }, {
    "id" : 78863,
    "title" : "Senthoora Poove",
    "overview" : "Story about how a young girl is ill-treated by her step-mother and how her brother's friend saves her and her husband.",
    "genres" : [ {
      "id" : 28,
      "name" : "Action"
    }, {
      "id" : 10749,
      "name" : "Romance"
    } ]
  }, {
    "id" : 78868,
    "title" : "Ullathil Nalla Ullam",
    "overview" : "Overview Coming Soon...",
    "genres" : [ {
      "id" : 18,
      "name" : "Drama"
    } ]
  }, {
    "id" : 78873,
    "title" : "Ninaivey Oru Sangeedham",
    "overview" : "Overview Coming Soon...",
    "genres" : [ {
      "id" : 10751,
      "name" : "Family"
    } ]
  }, {
    "id" : 78878,
    "title" : "Thazhuvatha Kaigal",
    "overview" : "Overview Coming Soon...",
    "genres" : [ {
      "id" : 10749,
      "name" : "Romance"
    } ]
  }, {
    "id" : 78883,
    "title" : "Santhoshakkanavukal",
    "overview" : "Overview Coming Soon...",
    "genres" : [ {
      "id" : 18,
      "name" : "Drama"
    } ]
  }, {
    "id" : 78888,
    "title" : "Vaidegi Kaathirundhal",
    "overview" : "",
    "genres" : [ {
      "id" : 18,
      "name" : "Drama"
    } ]
  }, {
    "id" : 78893,
    "title" : "Kudumbam",
    "overview" : "Overview Coming Soon...",
    "genres" : [ {
      "id" : 10751,
      "name" : "Family"
    } ]
  }, {
    "id" : 78898,
    "title" : "Nooravathu Naal",
    "overview" : "Overview Coming Soon...",
    "genres" : [ {
      "id" : 18,
      "name" : "Drama"
    } ]
  }, {
    "id" : 78903,
    "title" : "Saadhikkoru Needhi",
    "overview" : "Overview Coming Soon...",
    "genres" : [ {
      "id" : 28,
      "name" : "Action"
    }, {
      "id" : 18,
      "name" : "Drama"
    } ]
  }, {
    "id" : 78908,
    "title" : "Thirumoorthi",
    "overview" : "Overview Coming Soon...",
    "genres" : [ {
      "id" : 18,
      "name" : "Drama"
    } ]
  }, {
    "id" : 78913,
    "title" : "Sattam Oru Vilaiyaattu",
    "overview" : "Overview Coming Soon...",
    "genres" : [ {
      "id" : 28,
      "name" : "Action"
    } ]
  }, {
    "id" : 78918,
    "title" : "Annai En Dheivam",
    "overview" : "",
    "genres" : [ {
      "id" : 28,
      "name" : "Action"
    }, {
      "id" : 18,
      "name" : "Drama"
    } ]
  }, {
    "id" : 78923,
    "title" : "Alai Osai",
    "overview" : "Overview Coming Soon...",
    "genres" : [ {
      "id" : 18,
      "name" : "Drama"
    } ]
  }, {
    "id" : 78928,
    "title" : "Sathiyam Neeye",
    "overview" : "Overview Coming Soon...",
    "genres" : [ {
      "id" : 28,
      "name" : "Action"
    }, {
      "id" : 18,
      "name" : "Drama"
    } ]
  }, {
    "id" : 78933,
    "title" : "Om Sakthi",
    "overview" : "Overview Coming Soon...",
    "genres" : [ {
      "id" : 28,
      "name" : "Action"
    }, {
      "id" : 18,
      "name" : "Drama"
    } ]
  }, {
    "id" : 78938,
    "title" : "Inikkum Ilamai",
    "overview" : "Overview Coming Soon...",
    "genres" : [ {
      "id" : 18,
      "name" : "Drama"
    } ]
  } ]
}