{
  "movies" : [ {
    "id" : 203878,
    "title" : "Señoritas",
    "overview" : "Alejandra, a young middle class woman from Bogotá, in her daily routines, capturing both her moments alone and her interactions with the world.",
    "genres" : [ ]
  }, {
    "id" : 203883,
    "title" : "The Lady and the Bandit",
    "overview" : "A dramatization of the life of the English bandit Dick Turpin.",
    "genres" : [ {
      "id" : 12,
      "name" : "Adventure"
    }, {
      "id" : 10749,
      "name" : "Romance"
    } ]
  }, {
    "id" : 203888,
    "title" : "The Spy with Ten Faces",
    "overview" : "Paul Hubsschmid is Paul Finney aka Upperseven, master of disguise. He's out to stop a diamond smuggling operation which fronts for a missile building project.",
    "genres" : [ {
      "id" : 28,
      "name" : "Action"
    }, {
      "id" : 80,
      "name" : "Crime"
    }, {
      "id" : 18,
      "name" : "Drama"
    } ]
  }, {
    "id" : 203893,
    "title" : "Pokémon: The After Years",
    "overview" : "It's the future where the Pokemon Universe receives a hard slap of reality after a law is passed to ban all capturing and battling of Pokemon as the general public deems it too cruel and inhumane. No longer being tools for battling, the Pokemon have no choice but to survive by living normal, ordinary lives alongside human beings.",
    "genres" : [ ]
  }, {
    "id" : 203898,
    "title" : "The Legacy of Dear Zachary: A Journey to Change the Law",
    "overview" : "This short documentary chronicles the completion and release of the feature documentary \"Dear Zachary: A Letter to a Son About His Father\" and the subsequent journey to amend the Canadian criminal code. It is intended as an epilogue to \"Dear Zachary\" and offered as a thank you to those who supported this effort and made this change happen.",
    "genres" : [ {
      "id" : 99,
      "name" : "Documentary"
    } ]
  }, {
    "id" : 203903,
    "title" : "Middle of Nowhere Acoustic",
    "overview" : "Recorded live at HANSON's Members only event in Tulsa, OK to celebrate the 10 year anniversary of HANSON's breakthrough album, Middle of Nowhere this album includes all your favorite songs from Middle of Nowhere in a acoustic live performance that you will want to watch again and again.Middle of Nowhere Accoustic",
    "genres" : [ {
      "id" : 10402,
      "name" : "Music"
    } ]
  }, {
    "id" : 203918,
    "title" : "Gold",
    "overview" : "When gold is discovered in a remote location, a variety of different groups descend on the spot to stake their claims, resulting in a spate of brutal violence.",
    "genres" : [ {
      "id" : 18,
      "name" : "Drama"
    }, {
      "id" : 36,
      "name" : "History"
    } ]
  }, {
    "id" : 203928,
    "title" : "Дело для настоящих мужчин",
    "overview" : "",
    "genres" : [ ]
  }, {
    "id" : 203933,
    "title" : "A Girl and a Gun",
    "overview" : "A Girl and A Gun shows the female perspective on an object whose history is deeply bound to men and masculinity. The classic Hollywood portrayals of pistol packin' mamas, tomboy sharp shooters, sexually twisted femme fatales, and high-heeled, cold-blooded assassins are caricatures. In truth, the typical woman who hangs out at rifle ranges and keeps ammo in her purse is the girl-next-door, the single mom, a hard working sister or aunt. Maybe she's a realist or has learned tough lessons from life; either way, she cares about her personal safety and may even find salvation, comfort or something satisfying in possessing a gun. In a word, she is empowered.  Breaking through the caricatures, A Girl and a Gun reveals America's diverse and far-ranging female gun community. It depicts how this community is portrayed by the media and targeted by the gun industry; and shows, through personal stories, how guns change women's lives.",
    "genres" : [ {
      "id" : 99,
      "name" : "Documentary"
    } ]
  }, {
    "id" : 203958,
    "title" : "A Shadow You Soon Will Be",
    "overview" : "This film follows the exploits of middle aged man as he wanders through Argentina. It is set in the early 80's following the end of Argentina's long military dictatorship and is based on a 1990 novel by Osvaldo Soriano. Only recently returned from European exile, with no family and friends to welcome him home, \"the engineer\" travels the lonely southern Pampas of Argentina on the way to a job. He is periodically joined by other strange wanderers such as Nadia, the gun slinging psychic, Lem, a strange travelling millionaire, Barante, the hobo, and Coluccini, a bankrupt circus owner who involves \"the engineer\" in a rigged card game..",
    "genres" : [ {
      "id" : 35,
      "name" : "Comedy"
    }, {
      "id" : 18,
      "name" : "Drama"
    } ]
  }, {
    "id" : 203963,
    "title" : "Death Scenes",
    "overview" : "Vintage Hollywood themed shockumentary.",
    "genres" : [ {
      "id" : 99,
      "name" : "Documentary"
    }, {
      "id" : 27,
      "name" : "Horror"
    } ]
  }, {
    "id" : 203968,
    "title" : "Un'anima divisa in due",
    "overview" : "Many tribal people, including the Gypsies, have a form of marriage ceremony where the bride is ritually kidnapped from her home. Pietro De Leo (Fabrizio Bentivoglio), a store security guard, spends his days catching shoplifters, his weekends visiting his children who are in the custody of his ex-wife, and his evenings thinking about how to flirt some more with the store's makeup consultant. One day, he sees a young Gypsy girl (Maria Bako) lift something from his store, but is so taken with her that he lets it slide. He even testifies on her behalf when she comes to court for a hearing on another matter. Indeed, he is so taken with her that he wants to marry her, gypsy-style. He has a great deal of difficulty bringing off the kidnapping, but finally accomplishes this and the subsequent wedding. He moves to the south of Italy and starts a new life with her as a truck driver while she gets legit jobs as a hotel maid and at a factory.",
    "genres" : [ ]
  }, {
    "id" : 203973,
    "title" : "Necessary Love",
    "overview" : "In the 19th century Europe, an aging scheming couple decides to manipulate and seduce a couple of young newlyweds in love, just for the fun of it.",
    "genres" : [ ]
  }, {
    "id" : 203978,
    "title" : "A True Story",
    "overview" : "Directed by Abolfazl Jalili",
    "genres" : [ ]
  }, {
    "id" : 203983,
    "title" : "Thuy Nga Paris By Night 108",
    "overview" : "Thuy Nga Paris By Night 108",
    "genres" : [ ]
  }, {
    "id" : 203988,
    "title" : "Australia",
    "overview" : "Widower Edouard Pierson (Jeremy Irons) fought for Australia in World War Two, but he was born (and married) in Belgium. For the past twelve years, he has been living in Australia with his daughter. His occupation as a wool merchant is in keeping with his family's tradition. He is determined to remain in Australia, and is equally determined to keep his daughter (Danielle Lyttleton) from learning much about her mother, whom she never knew. Nonetheless, when his brother (Tcheky Karyo) calls urgently from Belgium, requesting his help in saving the family's business there, he returns to his hometown of Verviers. In addition to saving the family business, he comes to have second thoughts about returning to Australia after he has a brief affair with a Belgian woman (Fanny Ardant). Meanwhile, his daughter has made contact with her grandmother (Helene Surgere), and is beginning to learn about her mother.",
    "genres" : [ {
      "id" : 18,
      "name" : "Drama"
    } ]
  }, {
    "id" : 204013,
    "title" : "So ein Flegel",
    "overview" : "First adaptation of Heinrich Spoerl's novel.",
    "genres" : [ {
      "id" : 35,
      "name" : "Comedy"
    } ]
  }, {
    "id" : 204018,
    "title" : "Dancing Shoes",
    "overview" : "Salesmen Heckle and Jeckle set up shop in a hotel lobby selling mechanical shoes - they do the walking for you - and the hotel detective, an irritable and irascible dog with no tolerance for talking magpies, especially those selling mechanical shoes, objects to their business location. H &amp; J object to his objections. Mayhem follows.",
    "genres" : [ ]
  }, {
    "id" : 204033,
    "title" : "Born to Peck",
    "overview" : "An elderly, suicidal Woody Woodpecker reminisces about his life as a woodpecker, as his ability to peck wood has vanished, leaving his life seemingly without energy.",
    "genres" : [ {
      "id" : 16,
      "name" : "Animation"
    } ]
  }, {
    "id" : 204038,
    "title" : "Of Stars and Men",
    "overview" : "Of Stars and Men is a 1964 animated film from the Hubley family of animators, based on the 1959 book of the same name by astronomer Harlow Shapley, who also narrates. Made in the style of a documentary, it tells of humankind's quest (in the form of a child) to find its place in the universe, through themes such as outer space, physical matter, the meaning of life and the periodic table. There are no character voices; instead, they \"talk\" through their actions. It has been cited as an example of an \"animated documentary\".",
    "genres" : [ {
      "id" : 16,
      "name" : "Animation"
    } ]
  }, {
    "id" : 204043,
    "title" : "Quartiere",
    "overview" : "The different faces of love provide the theme for this beautifully photographed film comprised of four short episodes. In the first story, two sisters head out for a New Year's Eve celebration and end up getting a ride with a car full of boys. The lads rape one of the girls, and strangely, the victim ends up falling in love with one of the rapists. In the second story, two young bucks who have been friends for ages spend a weekend at one of their wealthy father's homes. Eventually, they become much more than friends. The third tale deals with the emotions of an abandoned lover. While moping about, he watches TV and sees the picture of a Bengal tiger. Soon he becomes obsessed by the creature and spends many hours observing it at the zoo. His lover decides to return, but he spurns her. In the last story, a homeless fellow lives in an abandoned car. Among the locals he is known for his wisdom. One day, the doorkeeper of an adjacent building goes to see the derelict.",
    "genres" : [ ]
  }, {
    "id" : 204053,
    "title" : "The Brain Man",
    "overview" : "A seemingly random series of bombings in a provincial city. The latest target is a public bus route. Detective Chaya chased terrorists and arrested a mysterious man with keen intelligence and physical power. The psychologist in charge of evaluating him is dr. Mariko. After the psychiatric examination, she puts toward a hypothesis – “Is it possible he was born without emotions?”",
    "genres" : [ {
      "id" : 9648,
      "name" : "Mystery"
    } ]
  }, {
    "id" : 204073,
    "title" : "Leave Us Alone",
    "overview" : "For children it was an exciting adventure. But for adults it became a shocking revelation...",
    "genres" : [ {
      "id" : 18,
      "name" : "Drama"
    } ]
  }, {
    "id" : 204083,
    "title" : "Rock n' Roll Space Patrol",
    "overview" : "The Planetary Outposts in Space Sector 219A have one by one fallen prey to a baffling infection. Inhabitants have given up their scientific and knowledge gathering initiatives and have instead resorted to mindless rampant consumerism &amp; corporatised servitude culminating in the terrible and mega-ultra-destructive \"Mighters March\". Super Silver Base Alpha has sent their top space agent, Bronco Cedar, to investigate the latest outbreak on Outpost 11. Now he's gone missing, so as a last resort they've sent Buck Fiesta, their B-list agent with an itchy trigger finger and a chronic case of sarcasim, to sort things out. Along the way he'll enlist help from Zen master teleporter, The Red Arrow, obtain vital information from Agent Unknown, and confront an army of Temporal Ninjas led by the sassy evil mastermind of icebox fusion, Dr. Spider Jones. It will take 2 times the action, 2 times the special effects, and 2 times the rock 'n' roll to win the day.",
    "genres" : [ ]
  }, {
    "id" : 204093,
    "title" : "Long-Haired Wonder",
    "overview" : "A story based on life events of famous gymnast Olga Korbut.",
    "genres" : [ {
      "id" : 18,
      "name" : "Drama"
    }, {
      "id" : 10751,
      "name" : "Family"
    } ]
  }, {
    "id" : 204108,
    "title" : "The Black Monk",
    "overview" : "Man who talks with a ghost called Black Monk is forced to see a doctor. After the treatment, he loses his ability to communicate with the ghost, becoming angry, violent and utterly unhappy.",
    "genres" : [ ]
  }, {
    "id" : 204113,
    "title" : "Season of Monsters",
    "overview" : "Zoltai (Andras Balint) is a Hungarian professor who returns home after a visit to the United States. Following a television interview, he commits suicide and leaves a note for his longtime friend Dr. Bardocz (Gyorgy Cserhalmi).The doctor and Zoltai's colleague Komindi (Jozsef Madaras) join the police in investigating what drove the man to suicide in this surrealistic drama.",
    "genres" : [ {
      "id" : 18,
      "name" : "Drama"
    } ]
  }, {
    "id" : 204128,
    "title" : "Amorosa",
    "overview" : "This well-executed biographical docudrama is a plunge into the madness (and the sanity) of a writer living life on its rawest edges. Agnes Von Krusenstjarna (Stina Ekbland) was a Swedish novelist (1894-1940) whose works ranged from the idyllically romantic to crushingly sardonic, sexually explicit autobiography. Von Krusenstjarna teamed up with the eccentric bisexual David Sprengel (Erland Josephson) and continued to suffer bouts of mental instability that Sprengel felt were best cured by sexual abandon. Von Krusenstjarna was not a model of emotional health when she first met Sprengel. She had inherited madness from her family while at the same time passionately rebelled against the narrow-minded mores of her genteel but poor parents. With his own wildly unorthodox behavior, Sprengel both helped and hindered Von Krusenstjarna throughout their turbulent relationship.",
    "genres" : [ {
      "id" : 18,
      "name" : "Drama"
    } ]
  }, {
    "id" : 204138,
    "title" : "Keye Luke",
    "overview" : "KEYE LUKE is a short film bio-pic about pioneering Actor and Artist Keye Luke, the first, original on-screen Kato in the 1940s Green Hornet decades before Bruce Lee and also the All-American \"Number One Son\" in the popular Charlie Chan films of the 1930s.",
    "genres" : [ ]
  }, {
    "id" : 204143,
    "title" : "Mister Cinderella",
    "overview" : "Boston blueblood Aloysius Merriweather loves to play jokes on people and he's come up with a joy-buzzer of a doozy. He'll send barber Joe Jenkins in his place to a dinner party aimed at squeezing a few Merriweather millions. That Cinderella plan soon turns into a pumpkin coach with the wheels fallen off. Circumstances will force shave-and-a-haircut Joe to masquerade as Merriweather for much longer.The comedy comes fast and frantic in Mister Cinderella, from Hal Roach Studios.",
    "genres" : [ {
      "id" : 35,
      "name" : "Comedy"
    } ]
  }, {
    "id" : 204163,
    "title" : "Angela's War",
    "overview" : "In this melodrama about love in wartime, Angela (Ida-Lotta Backman) is a Finnish nurse in Lapland who begins a torrid affair with Thomas Schmidt (Mathieu Carriere), a wounded German army captain. Their love for each other is verboten in Finland, where the Germans occupy northern Lapland until the end of the war. Finland had formed a brief alliance with Germany to fight an invading Russia in the winter of 1939, but when the Russians won that battle and took more than 16,000 square miles of land away from Finland, it was too late to successfully rout the Germans from Finnish soil. So for the entire war, the Finns were fighting Germany on their own national territory -- which makes the love affair between a Finnish nurse and German soldier a very complex issue. While Angela receives different reactions from her friends, acquaintances, and relatives, she continues on with her love for the German, against odds which are greater as time goes by.",
    "genres" : [ {
      "id" : 10749,
      "name" : "Romance"
    }, {
      "id" : 18,
      "name" : "Drama"
    } ]
  }, {
    "id" : 204173,
    "title" : "Kierion",
    "overview" : "In this political drama, a man accused of committing the murder of a foreign journalist is released for lack of evidence, and now he searches for the true culprits. He starts by tracking down the American journalist's girlfriend but discovers that she has been murdered as well. Eventually, it becomes clear that Greek oil executives, in collusion with the government, killed the journalist in order to conceal plans to nationalize foreign oil companies; this is a move from which they profited. This film was banned in Greece when it was produced in 1962 and was not released there until there was a change in government.",
    "genres" : [ ]
  }, {
    "id" : 204178,
    "title" : "La busca",
    "overview" : "Manuel Jacques Perrin is a young man from the country who tries to make it in Madrid in this somber melodrama. He struggles to survive in the unforgiving city where only the strongest will prosper. Manuel defends himself and kills a murderous thief in a fight then quietly waits for the police to reach the scene of the crime.",
    "genres" : [ {
      "id" : 80,
      "name" : "Crime"
    }, {
      "id" : 18,
      "name" : "Drama"
    } ]
  }, {
    "id" : 204183,
    "title" : "United 300",
    "overview" : "King Leonidas and his Spartans encounter a foe during a plane ride.",
    "genres" : [ {
      "id" : 35,
      "name" : "Comedy"
    } ]
  }, {
    "id" : 204188,
    "title" : "Introduction to Life",
    "overview" : "A boy from Leningrad has his world turned upside down by his parent's separation and World War II. He leaves town amidst the fighting and returns to find a friend in his step-brother. The war is seen through the eyes of children and told in flashback form. The film was a special prize winner at the Venice Film Festival.",
    "genres" : [ ]
  }, {
    "id" : 204198,
    "title" : "Thou Shall Not Kill",
    "overview" : "At the end of World War II, a French pacifist is arrested for refusing to fight. In prison, he befriends a German priest arrested for murder of a French Resistance fighter. They discuss morality, obedience, and religion.",
    "genres" : [ {
      "id" : 18,
      "name" : "Drama"
    } ]
  }, {
    "id" : 204203,
    "title" : "The Boy and the Bridge",
    "overview" : "The Boy and the Bridge is a very slight tale based on an original American story by Leon Ware centered on the Golden Gate Bridge in San Francisco. This adaptation by director and co-writer Kevin McClory is set on the Tower Bridge in London. The premise is simple and perhaps too much so for the 90-minute running time. A little boy named Tommy (Ian MacLaine) watches as his father is arrested after a bad brawl. Tommy believes his father must have killed someone and rather than return home, he heads to Tower Bridge to set up housekeeping there. The atmosphere and life around the bridge are a secondary protagonist in the story, introducing several interesting characters.",
    "genres" : [ ]
  }, {
    "id" : 204208,
    "title" : "Otar's Widow",
    "overview" : "The only son of Otari’s widow decides to serve in the serf owner’s house, and falls in love with the patron’s daughter for whom he can’t reveal his feelings to.",
    "genres" : [ {
      "id" : 18,
      "name" : "Drama"
    } ]
  }, {
    "id" : 204213,
    "title" : "An Eye for an Eye",
    "overview" : "Director Andre Cayatte's first film in two years, Oeil pour Oeil (An Eye for an Eye) was adapted from a novel by Vahe Katcha. The scene is Lebanon, where doctor Curd Jurgens, worn out by a hard day, refuses to examine the wife of Folco Lulli. When the wife subsequently dies, Lulli holds Jurgens responsible. Stalking the doctor day and night, Lulli goads Jurgens into proving that he isn't neglectful. En route to a call at a remote desert outpost, the doctor discovers that his car has been sabotaged. Marooned in the middle of the desert, Jurgens meets his fate at the hands of Lulli in a scene straight out of Von Stroheim's Greed.",
    "genres" : [ {
      "id" : 18,
      "name" : "Drama"
    } ]
  }, {
    "id" : 204223,
    "title" : "The Smashing Pumpkins: Rock Am Ring",
    "overview" : "WDR Broadcast of Rock Am Ring, June 2nd, 2007",
    "genres" : [ {
      "id" : 10402,
      "name" : "Music"
    } ]
  }, {
    "id" : 204228,
    "title" : "Red and White: Gone with the West",
    "overview" : "A journey into the American Wild West, between Past and Present, from Buffalo Bill's last gleaming hopes, to the Native Americans resurrection.",
    "genres" : [ {
      "id" : 99,
      "name" : "Documentary"
    } ]
  }, {
    "id" : 204233,
    "title" : "Bartita",
    "overview" : "A girl's turbulent past leaves her psychologically damaged.",
    "genres" : [ {
      "id" : 53,
      "name" : "Thriller"
    }, {
      "id" : 10749,
      "name" : "Romance"
    } ]
  }, {
    "id" : 204258,
    "title" : "Super Spider",
    "overview" : "They are said to be poisonous, evil, hairy and treacherous. Whether from their physical appearance or their behaviour, spiders suffer a bad reputation. We know little of their habits and we often fear them. And yet the spider is a creature of many powers and an endless source of amazement. Did you know that spiders can fly? That they can jump more than 40 times their size? With more than 40,000 species, the spider offers a rich field of study for international scientists.  Thanks to some extraordinary filming techniques, this documentary takes us to the heart of the world of spiders – a world which remains largely a mystery, even though we live with spiders on a daily basis",
    "genres" : [ {
      "id" : 99,
      "name" : "Documentary"
    } ]
  }, {
    "id" : 204273,
    "title" : "Blink",
    "overview" : "Grabbing social media obsessions by the horns, Blink tells the story of a young man losing himself and the people around him to the traps of a social networking and its questionable safety.",
    "genres" : [ ]
  }, {
    "id" : 204278,
    "title" : "Taboo: The Beginning of Erotic Cinema",
    "overview" : "Taboo: The Beginning of Erotic Cinema documents how the nascent technology of film was used to produce the earliest adult films.",
    "genres" : [ {
      "id" : 99,
      "name" : "Documentary"
    } ]
  }, {
    "id" : 204288,
    "title" : "The Battle of Tabato",
    "overview" : "Fatu’s father has returned home to Guinea-Bissau from Portugal to attend her wedding. The young woman teaches at the university and her future husband is a well-known musician. Their wedding is supposed to take place in Tabatô, a village where everyone makes music. On the way there, it becomes apparent that the father is seriously traumatised by his experiences as a soldier in the colonial war decades earlier.",
    "genres" : [ {
      "id" : 18,
      "name" : "Drama"
    } ]
  }, {
    "id" : 204293,
    "title" : "Young Chopin",
    "overview" : "As directed by Aleksander Ford in 1952, this Polish-language period drama chronicles the life, times and accomplishments of revered Warsaw-born Romantic composer Frederic Chopin, here played by Czeslaw Wollejko (Danton). The feature focuses exclusively on the youth of Chopin (who died at age 39), spanning his 15th year (c. 1825) through his 21st year (c. 1831); it also depicts Chopin as both prodigiously gifted and one filled with a tremendous spirit of Polish nationalism. Ford concludes with the onset of the illness that eventually killed Ford, set against the backdrop of the famous November Uprising in 1830.",
    "genres" : [ {
      "id" : 18,
      "name" : "Drama"
    }, {
      "id" : 36,
      "name" : "History"
    } ]
  }, {
    "id" : 204313,
    "title" : "When Winter Screams",
    "overview" : "When Yeon-soo finds out his long awaited baby has fatal deformities, he asks his wife to get an abortion which results in pain and depression.",
    "genres" : [ {
      "id" : 53,
      "name" : "Thriller"
    } ]
  }, {
    "id" : 204323,
    "title" : "The History of Pinball",
    "overview" : "Over one hour of never before seen rare machines. Commentary by pinball visionaries like Steve Kordek, Roger Sharpe and historian Richard Bueschel. Celebrity interviews with Slash former lead guitarist from Guns and Roses, Areosmith’s Joe Perry, and future MLB Hall of Famer, Frank Thomas.",
    "genres" : [ ]
  }, {
    "id" : 204333,
    "title" : "Animation Maestro GISABURO",
    "overview" : "A master of Japanese animation, Gisaburo Sugii talks candidly about his career and creative process in this rare and exciting piece of film.",
    "genres" : [ {
      "id" : 99,
      "name" : "Documentary"
    } ]
  }, {
    "id" : 204348,
    "title" : "The Crack",
    "overview" : "Following Marcella’s disappearance, her family withdraws, hoping to mourn in peace. A furious emotional storm will take place behind closed doors as everyone is forced to expose oneself. Nobody will emerge unscathed.",
    "genres" : [ {
      "id" : 18,
      "name" : "Drama"
    }, {
      "id" : 27,
      "name" : "Horror"
    } ]
  }, {
    "id" : 204383,
    "title" : "You May Be Next",
    "overview" : "Gangster tries to censor a crusading radio station by jamming its signal.",
    "genres" : [ {
      "id" : 80,
      "name" : "Crime"
    }, {
      "id" : 53,
      "name" : "Thriller"
    }, {
      "id" : 18,
      "name" : "Drama"
    } ]
  }, {
    "id" : 204388,
    "title" : "The King Steps Out",
    "overview" : "Princess is destined to marry the Emperor, until her sister steps in.",
    "genres" : [ {
      "id" : 10402,
      "name" : "Music"
    }, {
      "id" : 10749,
      "name" : "Romance"
    } ]
  }, {
    "id" : 204393,
    "title" : "Opasatica",
    "overview" : "Winter, north of Quebec. A spanish woman has a short an intense relationship.",
    "genres" : [ {
      "id" : 10749,
      "name" : "Romance"
    } ]
  }, {
    "id" : 204398,
    "title" : "Skippy and the Intruders",
    "overview" : "Skippy and the Intruders (also known as The Intruders) is a 1969 Australian film directed by Lee Robinson, and is a spin-off of the popular Skippy the Bush Kangaroo TV series. A gang of criminals led by Meredith is looking for sunken treasure off Mallacoota, pretending to be diving for abalone. Sonny, son of Matt Hammond, the Chief Ranger of Waratah National Park, investigates with their family friend, Clancy. Sonny and Clancy are kidnapped. Skippy comes to the rescue. After a speedboat chase and a fight in the sand dunes, Meredith is captured.",
    "genres" : [ {
      "id" : 10751,
      "name" : "Family"
    } ]
  }, {
    "id" : 204403,
    "title" : "Meet Nero Wolfe",
    "overview" : "Meet Nero Wolfe is a 1936 mystery film based on the 1934 novel Fer-de-Lance, written by Rex Stout. Set in New York, the story introduced the detective genius Nero Wolfe (Edward Arnold) and his assistant Archie Goodwin (Lionel Stander).",
    "genres" : [ {
      "id" : 9648,
      "name" : "Mystery"
    } ]
  }, {
    "id" : 204408,
    "title" : "Kaleidoscope",
    "overview" : "Burning with a desire to be a journalist, a young man gets his chance when a publisher -- the father of a friend -- suggests that he write a story on the daily life of the people in his house (several families worth of people). The material turns out to be too incohesive and abundant to work into a pointed, thematic article, and just when he is about to give up, his younger brother asks him a simple question: \"How many coal burners are there in Calcutta?\" This triggers an idea for a story about Calcutta's pollution -- and the aspiring journalist dreams of myriads of burner-toting citizens invading the publisher's home demanding redress. Maybe he is finally on the way to a story that matters.",
    "genres" : [ ]
  }, {
    "id" : 204413,
    "title" : "Kargus",
    "overview" : "A series of vignettes is woven into a larger story in this first film to be written and directed by Juan Minon and Miguel A. Trujillo. A writer who works in a bookshop to earn a living meets a wealthy American named Kargus looking for talent to ensconce in his projected art colony in the Gilbert Islands. In order to convince the American to take him on as a good prospect, the writer promotes his own stories -- the vignettes seen in the film. One story is about a young man trying to impress his girlfriend with his new car, a car he indirectly borrowed from a rental agency. His efforts to hide the rental sign on top of the car lead to various comical posturings. Other vignettes are from the era of the Spanish Civil War, including one about two people trying to survive by hunting cats and killing them to sell to butchers. Another vignette shows pro-Franco activists eradicating anti-Franco graffiti in Madrid.",
    "genres" : [ {
      "id" : 35,
      "name" : "Comedy"
    } ]
  }, {
    "id" : 204423,
    "title" : "Story of an Unknown Man",
    "overview" : "Based on a short story by Anton Chekhov, this drama centers around a desire for revenge and the tragedy of a star-crossed love. After a general ruins some men under him in punishment for a rebellion, a friend of the broken men vows revenge. The friend, a naval officer, takes a job as a valet in the general's son's house. While he plots his revenge, the son has an affair with a woman whom the valet begins to love. She is discarded after becoming pregnant, and the valet has his own troubles; he has contracted tuberculosis. Sick and unable to follow through on his plans for vengeance, he leaves for France with the pregnant woman hoping to declare his love and seek a cure for his illness.",
    "genres" : [ ]
  }, {
    "id" : 204448,
    "title" : "Stampede",
    "overview" : "A cowboy out to find out who murdered his brother discovers that the killers may not be who he thought they were.",
    "genres" : [ {
      "id" : 37,
      "name" : "Western"
    } ]
  }, {
    "id" : 204453,
    "title" : "Great Bolshy Yarblockos!: Making A Clockwork Orange",
    "overview" : "In this documentary, we follow Stanely Kubrick as he creates one of the most controversial films of all time, one that retains its power to shock audiences, even after 35 years. At the time of its release, A Clockwork Orange created a firestorm of controversy. Through interviews with collaborators, filmmakers, screenwriters and authors, we come to appreciate Stanley Kubrick as an artist unafraid to take risks and court controversy, committed unwaveringly to his single-minded goal: the highest artistic quality of his films",
    "genres" : [ {
      "id" : 99,
      "name" : "Documentary"
    } ]
  }, {
    "id" : 204463,
    "title" : "Kill the Ninja",
    "overview" : "A trio of rogues, King Kim, Pong Mar Kow and Shintaro steal a shipment of smuggled cash, but before long they are fighting suspicion, mistrust and the violent Hong Kong Mafia!",
    "genres" : [ {
      "id" : 28,
      "name" : "Action"
    }, {
      "id" : 10769,
      "name" : "Foreign"
    } ]
  }, {
    "id" : 204473,
    "title" : "Ghost Shark 2: Urban Jaws",
    "overview" : "When Ghost Shark returns to terrorize Auckland, Mayor Broody calls in an expert ghost shark hunter to protect the citizens and finally defeat the creature.",
    "genres" : [ {
      "id" : 35,
      "name" : "Comedy"
    }, {
      "id" : 18,
      "name" : "Drama"
    }, {
      "id" : 27,
      "name" : "Horror"
    }, {
      "id" : 53,
      "name" : "Thriller"
    } ]
  }, {
    "id" : 204483,
    "title" : "A Mind Of Her Own",
    "overview" : "Inspired by a true story, A Mind of Her Own tells the poignant and moving story of Sophie, a determined young girl whose ambition to become a doctor is obstructed by the fact that she is severely dyslexic. But Sophie, encouraged by her closest friend, Becky, has never been one to give up and, despite being advised by parents and school teachers to be realistic and pursue something less academic, she puts herself through college and university, in the process achieving a first class degree in biomedical science and a PhD conducting research into post trauma regeneration of the spinal column which ultimately leads to her achieving worldwide recognition for her work and helping to develop a cure for paralysis. Written by Owen Carey Jones",
    "genres" : [ ]
  }, {
    "id" : 204503,
    "title" : "Channel 4's Comedy Gala",
    "overview" : "A host of great comic talents, on stage and in sketches, gather together at London's O2 Arena to play to an audience of 16,000 in aid of the charity Great Ormond Street Hospital.",
    "genres" : [ ]
  }, {
    "id" : 204513,
    "title" : "Summer",
    "overview" : "",
    "genres" : [ {
      "id" : 10751,
      "name" : "Family"
    }, {
      "id" : 18,
      "name" : "Drama"
    } ]
  }, {
    "id" : 204528,
    "title" : "Rickshaw Driver",
    "overview" : "Chiang is a humble, law-abiding man who drives his rickshaw, making a meager yet honest living.  Then trouble comes forward in the form of money, women and crime. He reacts in the only way he knows how. Chiang is a kung fu expert who explodes when pushed too far!  Nothing fancy about his technique. He bashes and smashes all who stand in front of him. See Chiang rip an army of gangsters to pieces in the roughest kung fu action ever!",
    "genres" : [ {
      "id" : 28,
      "name" : "Action"
    } ]
  }, {
    "id" : 204553,
    "title" : "Cold Eyes",
    "overview" : "HA Yoon-ju becomes the newest member to a unit within the Korean Police Forces Special Crime Department that specializes in surveillance activities on high profile criminals. She teams up with HWANG Sang-Jun, the veteran leader of the unit, and tries to track down James who is the cold-hearted leader of an armed criminal organization.",
    "genres" : [ {
      "id" : 28,
      "name" : "Action"
    }, {
      "id" : 80,
      "name" : "Crime"
    } ]
  }, {
    "id" : 204558,
    "title" : "High-Rise",
    "overview" : "Through dialogues with the owners of penthouses in Rio de Janeiro, Sao Paulo and Recife, High-Rise explores the social and cultural mindset of the elite, and the phenomenon of the 'verticalization' of the Brazilian cityscape. This is a film about height, status and power.",
    "genres" : [ {
      "id" : 99,
      "name" : "Documentary"
    } ]
  }, {
    "id" : 204563,
    "title" : "Ryder Cup Greatest Last Day Singles",
    "overview" : "Golf last day singles.",
    "genres" : [ ]
  }, {
    "id" : 204578,
    "title" : "De Pernas Pro Ar",
    "overview" : "A street vendor and a servant theater, newly unemployed, accidentally swap their briefcases trinkets for one of three bandits who just rob a bank. The chase, which also involves two \"rapas\" only ends when, aided by a chorus girl, unwittingly participating in a musical number of the show's theater company.",
    "genres" : [ {
      "id" : 35,
      "name" : "Comedy"
    } ]
  }, {
    "id" : 204588,
    "title" : "Invisible Lines",
    "overview" : "A terrible film about a shockingly sad story.  The honour killing of a 26 year old gay man by his father.  Wendel's writing is banal and lifeless, his direction is no better.  A young man who deserved better.............",
    "genres" : [ {
      "id" : 80,
      "name" : "Crime"
    } ]
  }, {
    "id" : 204603,
    "title" : "Malefemmene",
    "overview" : "",
    "genres" : [ ]
  }, {
    "id" : 204608,
    "title" : "Operation Midnight Climax",
    "overview" : "Will Nitch is on a mission to achieve a transendental tantric sexual experience: a sustained orgasm. He begins to assemble a Secret Society of Women: women are, afterall, pivotal to helping a man to reach the cosmic blue lights. Will wants all the women for himself, and with the help of all the women in his life and his friend Chip, he plans a midnight tantric sex party; during which he hopes to climax to the point of reaching the mythical blue lights.",
    "genres" : [ {
      "id" : 35,
      "name" : "Comedy"
    } ]
  }, {
    "id" : 204623,
    "title" : "Heaven Over the Marshes",
    "overview" : "Unlike most Italian films of the 1940s, Augusto Genina's Cielo Sulla Palude opened in Venice rather than Rome. The film's American title was Heaven Over the Marshes, and indeed most of the story is set in the disease-ridden Pontine Marshes on the outskirts of Rome. This was the home of Maria Goretti, a pious young girl who was murdered by her would-be seducer. For reasons elucidated in the course of the film, Maria's short time on earth made her worthy of Sainthood, which was actually bestowed upon her shortly after the release of this film. Maria Goretti is well-played by Ines Orsini. Cielo Sulla Palude served as the comeback feature for director Augusto Genina, whose previous pro-fascist films had caused him to be blacklisted after WW II.",
    "genres" : [ {
      "id" : 18,
      "name" : "Drama"
    } ]
  }, {
    "id" : 204628,
    "title" : "Chitrangada: The Crowning Wish",
    "overview" : "Rudra and Partho's desire to adopt a child leads Rudra to take the most crucial decision. He decides to undergo sex change, so that the duo is considered as a couple and allowed to adopt a baby.",
    "genres" : [ {
      "id" : 18,
      "name" : "Drama"
    } ]
  }, {
    "id" : 204633,
    "title" : "Ace Drummond",
    "overview" : "This 13 chapter serial is based on the comic strip character Ace Drummond created by Eddie Rickenbacker. Ace is a 'G-Man of the sky' working out of Washington D.C. He is sent to Mongolia to find out why a mysterious villain known only as 'The Dragon' is trying to prevent the newly formed International Airways from setting up an airport there. Ace meets Peggy Trainor (Jean Rogers) who is searching for her archaeologist father who has disappeared. Together they search for answers to the puzzles.",
    "genres" : [ {
      "id" : 28,
      "name" : "Action"
    }, {
      "id" : 12,
      "name" : "Adventure"
    } ]
  }, {
    "id" : 204643,
    "title" : "The Younger Generation",
    "overview" : "Soap-opera about a social-climbing Jewish man and his old-world parents who are heartbroken by his rejection of them. Young Morris Goldfish follows his immigrant father into business. His ruthless business practices cause him to become a big success, and he moves the family to Park Avenue. They go, but were happier back on the East Side. Morris is ashamed of this parents and his humble origins, but learns in the end that there is more to life than money.",
    "genres" : [ {
      "id" : 18,
      "name" : "Drama"
    } ]
  }, {
    "id" : 204653,
    "title" : "Chasing Winter",
    "overview" : "Paul Robinson returns to Cape Town, South Africa to show his friends Carlo Traversi and Ashima Shiraishi the boulders he discovered on previous trips. Carlo repeats some of Paul's hardest lines from the last season and Ashima sets new standards for women's bouldering world wide. The crew also discovers and explores the vast, untapped potential for bouldering on the Cape of South Africa with numerous first ascents of all difficulties.",
    "genres" : [ ]
  }, {
    "id" : 204663,
    "title" : "How to Vote",
    "overview" : "A candidate has laryngitis, so his assistant must make a speech in his place. Both the speaker and his audience are soon befuddled.",
    "genres" : [ ]
  }, {
    "id" : 204668,
    "title" : "Belle and Sebastian",
    "overview" : "Belle and Sebastian is set high in the snowy Alps during the Second World War. The resourceful Sebastian is a lonely boy who tames and befriends a giant, wild mountain dog, Belle – even though the villagers believe her to be ‘the beast’ that has been killing their sheep.",
    "genres" : [ {
      "id" : 12,
      "name" : "Adventure"
    } ]
  }, {
    "id" : 204678,
    "title" : "As Ilhas Encantadas",
    "overview" : "Pierre, a French sailor circa 1850, disembarks in a desert Atlantic island, and discovers a woman who had survived for many years her father and brother, dead while searching for mysterious valuables. The young couple discover paradise, and its end. - IMDb",
    "genres" : [ {
      "id" : 18,
      "name" : "Drama"
    } ]
  }, {
    "id" : 204683,
    "title" : "Mystery Plane",
    "overview" : "An American pilot with a top-secret invention is kidnapped by foreign agents.",
    "genres" : [ {
      "id" : 80,
      "name" : "Crime"
    }, {
      "id" : 12,
      "name" : "Adventure"
    } ]
  }, {
    "id" : 204688,
    "title" : "The Scold's Bridle",
    "overview" : "Detective Cooper investigates the bizarre circumstances surrounding the murder of Matilda who was found dead in her bath wearing the Scold's Bridle.",
    "genres" : [ {
      "id" : 80,
      "name" : "Crime"
    }, {
      "id" : 18,
      "name" : "Drama"
    }, {
      "id" : 10770,
      "name" : "TV Movie"
    } ]
  }, {
    "id" : 204693,
    "title" : "Airpower13",
    "overview" : "",
    "genres" : [ ]
  }, {
    "id" : 204703,
    "title" : "Red Nichols & His World Famous Pennies",
    "overview" : "\"Red Nichols &amp; His World Famous Pennies\" aren't exactly a household name today, but they are featured in this obscure Vitaphone short. It begins with a lady at a nickelodeon putting coins in the machines and cranking them. What's weird is that music, too, comes out of them and each time she goes to a different machine, it's a way of introducing the next musical number.",
    "genres" : [ ]
  }, {
    "id" : 204708,
    "title" : "The Border Patrolman",
    "overview" : "When a border patrolman catches their spoiled daughter smoking in a no-smoking area, parents hire him to watch over her. She then runs over to Mexico and gets involved with jewel thieves and he has to go save her.",
    "genres" : [ {
      "id" : 37,
      "name" : "Western"
    } ]
  }, {
    "id" : 204723,
    "title" : "Montecassino nel cerchio di fuoco",
    "overview" : "Directed by Arturo Gemmiti",
    "genres" : [ {
      "id" : 18,
      "name" : "Drama"
    }, {
      "id" : 10752,
      "name" : "War"
    } ]
  }, {
    "id" : 204728,
    "title" : "Suzanne Vega - Live at Montreux-2004",
    "overview" : "In 2004 Suzanne Vega makes her second appearance at the Montreux Festival, accompanied by a full band. She plays many of her most popular tracks including 99.9ºF, Marlene On The Wall, When Heroes Go Down, Left Of Center, Solitude Standing, Blood Makes Noise, Luka and Tom’s Diner.  Tracklistng: 1) 99.9ºF 2) Marlene On The Wall 3) Caramel 4) When Heroes Go Down 5) Gypsy 6) (I’ll Never Be Your) Maggie May 7) Penitent 8) Solitaire 9) Left Of Center 10) The Queen And The Soldier 11) Behind Blue Eyes 12) Solitude Standing 13) Blood Makes Noise 14) In Liverpool 15) Luka 16) Tom’s Diner 17) Calypso 18) Have You Met Miss Jones",
    "genres" : [ {
      "id" : 10402,
      "name" : "Music"
    } ]
  }, {
    "id" : 204733,
    "title" : "Sensitive Pornograph",
    "overview" : "Sensitive Pornograph (センシティブ・ポルノグラフ Senshitibu Porunogurafu?) is a Japanese yaoi anime OVA based after a Boys' Love manga anthology of short stories by Ashika Sakura who also authored the seinen series Sekirei under her other pen-name, Sakurako Gokurakuin. It has one episode which is made up of two separate and unconnected parts, the title story and the fourth story in the book, \"Trophies Belong in the Bedroom\". It was animated by Digital Works, assisted by Phoenix Entertainment.",
    "genres" : [ {
      "id" : 16,
      "name" : "Animation"
    } ]
  }, {
    "id" : 204738,
    "title" : "Rottmann schlägt zurück",
    "overview" : "",
    "genres" : [ {
      "id" : 10770,
      "name" : "TV Movie"
    }, {
      "id" : 53,
      "name" : "Thriller"
    } ]
  }, {
    "id" : 204748,
    "title" : "Zelig Circus: Svisti e mai Visti - vol.2",
    "overview" : "",
    "genres" : [ ]
  }, {
    "id" : 204753,
    "title" : "Billy Budd",
    "overview" : "Captain Vere, an old man, is haunted by a moment in his life when he was tested and found wanting.  Based on Herman Melville's novella of naval life in the late 18th Century, Benjamin Britten's 'Billy Budd' is a gripping reflection on good and evil, innocence and corruption.",
    "genres" : [ {
      "id" : 10402,
      "name" : "Music"
    } ]
  }, {
    "id" : 204763,
    "title" : "Chuck Jones: Extremes and In-Betweens – A Life in Animation",
    "overview" : "This biography, shown on American television as part of the PBS \"Great Performances\" series, examines the life works of one of Hollywood's most celebrated animators, Chuck (Charles M.) Jones. He is best known for Warner Brothers cartoons featuring Bugs Bunny, Daffy Duck, Elmer Fudd, Porky Pig, Road Runner, Wile E. Coyote, and Pepe LePew. Included are plenty of behind-the-scenes descriptions of how an animated film is made, and (best of all) many clips from Chuck's cartoons.",
    "genres" : [ ]
  }, {
    "id" : 204768,
    "title" : "Les invincibles",
    "overview" : "",
    "genres" : [ {
      "id" : 35,
      "name" : "Comedy"
    } ]
  }, {
    "id" : 204788,
    "title" : "Los verduleros",
    "overview" : "The adventures of two friends, one a chicken vendor in a market and the other a policeman. They have love affairs and capture criminals.",
    "genres" : [ {
      "id" : 35,
      "name" : "Comedy"
    } ]
  }, {
    "id" : 204798,
    "title" : "The Littlest Hobo",
    "overview" : "When a roaming German Shepherd Dog rescues a boy's pet lamb from the slaughterhouse he struggles to reunite them, despite being chased by police and getting little cooperation from the lamb.",
    "genres" : [ ]
  }, {
    "id" : 204803,
    "title" : "Kelly and Me",
    "overview" : "Failing vaudeville performer, Len, is taken under the wing of the German Shepherd wonder dog, Kelly, and a new act is born. Len hopes all his dreams are coming true when he finds himself in Hollywood ... but Kelly is the one in demand on the big screen.",
    "genres" : [ ]
  }, {
    "id" : 204808,
    "title" : "Come On In! The Water's Pink",
    "overview" : "The Pink Panther arrives on his motorcycle at Bicep Beach, where a hulky, egotistical man is flexing his muscles for a group of bathing beauties. Using his bag-full of inflatable items, including muscles, weights, a swimming pool, waterskis, and balloon animals, the Pink Panther diverts the beauties' attention away from the muscleman, who angrily tries to regain his dominant-guy-on-the-beach status.",
    "genres" : [ {
      "id" : 16,
      "name" : "Animation"
    } ]
  }, {
    "id" : 204813,
    "title" : "The Fresh Vegetable Mystery",
    "overview" : "Crime strikes the vegetable world when Mrs. Mama Carrot awakens and finds her children have been carrot-napped. She summons the Irish-Potato Police and they are soon on the trail of the culprit. But the various suspects they round up, and grill, aren't the criminals. They finally track down the guilty parties, who turn out to be a gang of mice in disguise. Thrown into a third-degree mousetrap, the mice soon confess. Bleeding Heart Warning: This cartoon contains racial stereotypes (an Irish potato), and cruelty to vegetables...and mice.",
    "genres" : [ ]
  } ]
}