{
  "movies" : [ {
    "id" : 340533,
    "title" : "Sesame Street: Sing, Hoot & Howl with the Sesame Street Animals",
    "overview" : "Sing, Hoot &amp; Howl with the Sesame Street Animals is a 1991 Sesame Street direct-to-video compilation, featuring Big Bird and other Sesame Street animals showing clips of their favorite animal songs. This tape was released by Random House in the \"Sesame Songs Home Video\" series, and reissued in 2004 as a Sony Wonder video release.",
    "genres" : [ {
      "id" : 10751,
      "name" : "Family"
    } ]
  }, {
    "id" : 340543,
    "title" : "Vivien Leigh: Scarlett And Beyond",
    "overview" : "The tragic life and career of two-time Oscar winner Viviemn Leigh, who battled tuberculosis and manic-depression but always remained a star.",
    "genres" : [ ]
  }, {
    "id" : 340548,
    "title" : "The Art of Imagination: A Tribute to Oz",
    "overview" : "\"The Art of Imagination: A Tribute to Oz\" - a featurette narrated by Sydney Pollack.",
    "genres" : [ ]
  }, {
    "id" : 340553,
    "title" : "Beautiful Sisters : Flesh Slave",
    "overview" : "One of Nikkatsu Studios' most tedious filmmakers, Katsuhiko Fujii, who almost singlehandedly engineered the company's decline with the dreadful Dan Oniroku Hebi No Ana, directed this formulaic rape-revenge film.  A maniac breaks into the apartment of two sisters (Rei Akasaka, Megumi Kiyosato) and abuses them sexually and physically until they turn the tables. Like many American entries in the subgenre, the revenge scenes come off as a somewhat cynical attempt to justify the sadistic nature of what came before, while the rapes are clearly meant to entice the darker elements of the trenchcoat crowd. Kiriko Shimizu co-stars.",
    "genres" : [ {
      "id" : 80,
      "name" : "Crime"
    }, {
      "id" : 27,
      "name" : "Horror"
    } ]
  }, {
    "id" : 340558,
    "title" : "Fantasmas",
    "overview" : "",
    "genres" : [ ]
  }, {
    "id" : 340563,
    "title" : "Horst Buchholz... mein Papa",
    "overview" : "A documentary directed by Christopher Buchholz and Sandra Hacker.",
    "genres" : [ {
      "id" : 99,
      "name" : "Documentary"
    } ]
  }, {
    "id" : 340568,
    "title" : "Kein perfekter Mann",
    "overview" : "A comedy directed by Franz Josef Gottlieb.",
    "genres" : [ {
      "id" : 35,
      "name" : "Comedy"
    } ]
  }, {
    "id" : 340573,
    "title" : "Keine Gondel für die Leiche",
    "overview" : "A crime comedy directed by Franz Josef Gottlieb.",
    "genres" : [ {
      "id" : 80,
      "name" : "Crime"
    }, {
      "id" : 35,
      "name" : "Comedy"
    } ]
  }, {
    "id" : 340578,
    "title" : "FOTE: Live TV",
    "overview" : "Frenz of the Enz club DVD of live TV performances of Finn Brothers, Crowded House and Split Enz",
    "genres" : [ ]
  }, {
    "id" : 340583,
    "title" : "The Finn Brothers: Won't Give In",
    "overview" : "DVD of CD release",
    "genres" : [ ]
  }, {
    "id" : 340588,
    "title" : "La buena vida",
    "overview" : "",
    "genres" : [ {
      "id" : 18,
      "name" : "Drama"
    }, {
      "id" : 99,
      "name" : "Documentary"
    } ]
  }, {
    "id" : 340593,
    "title" : "La Puerta y La Mujer del Carnicero",
    "overview" : "A movie divided in two segments, the first \"La puerta\" (The Door) is about a high society gathering in which a door inside the mansion leads to a bizarre corridor where a naked and menacing human figure appears. The second \"La mujer del carnicero\" (The Butcher's Wife) is set during the Mexican revolution and is about horrifying hallucinations felt by a lieutenant after committing a murder.",
    "genres" : [ {
      "id" : 27,
      "name" : "Horror"
    } ]
  }, {
    "id" : 340598,
    "title" : "The Heckling",
    "overview" : "A takeoff on The Exorcist. This time around, Linda Blair's daughter is possessed not by demons but by the spaced-out comic spirits of Joan Rivers, Pee-wee Herman and Rodney Dangerfield.",
    "genres" : [ ]
  }, {
    "id" : 340603,
    "title" : "The Queens",
    "overview" : "Based on the novel of the same name, the film follows three cosmopolitan women, an actress, a PR specialist and a gallery manager, all wrestling with the ups and downs of their romantic lives.",
    "genres" : [ {
      "id" : 18,
      "name" : "Drama"
    }, {
      "id" : 10749,
      "name" : "Romance"
    } ]
  }, {
    "id" : 340613,
    "title" : "The Wife",
    "overview" : "A writer decides to leave her husband while traveling to receive a prestigious award.",
    "genres" : [ {
      "id" : 18,
      "name" : "Drama"
    } ]
  }, {
    "id" : 340628,
    "title" : "Les petites du quai aux fleurs",
    "overview" : "",
    "genres" : [ {
      "id" : 10749,
      "name" : "Romance"
    }, {
      "id" : 35,
      "name" : "Comedy"
    }, {
      "id" : 18,
      "name" : "Drama"
    } ]
  }, {
    "id" : 340638,
    "title" : "Tough It Out! Webb Wilder Live",
    "overview" : "Landslide Records is proud to present Tough It Out!, the first-ever live DVD from Nashville-based Webb Wilder and the definitive concert video of the man, the legend and the electrifying artist. Recorded in August 2005 at WorkPlay in Birmingham, Alabama, in front of a very enthusiastic audience, Tough It Out! captures all of the excitement of Wilder's action-packed shows. Joining Webb Wilder (vocals, guitar) on Tough It Out! are The Beatnecks, comprised of George Bradfute (guitars, vocals), Tony Bowles (guitars) Tom Comet (bass, vocals) and Jimmy Lester (drums). Special features on Tough It Out! include both Stereo and Dolby 5.1 Surround Sound mixes; interviews with Wilder, the band, R.S. Field and others; and Webb Wilder memorabilia.",
    "genres" : [ {
      "id" : 10402,
      "name" : "Music"
    } ]
  }, {
    "id" : 340648,
    "title" : "Sisters of the World Unite",
    "overview" : "Two sisters seek diversion after repeat disappointments with men.",
    "genres" : [ ]
  }, {
    "id" : 340653,
    "title" : "Hammer and Sickle",
    "overview" : "A bizarre tale of a fictional experiment performed during the Stalin-controlled years in the USSR. The main character is changed from a woman into a man. This is part of a larger plan to change more women into men and have a stronger workforce.",
    "genres" : [ {
      "id" : 18,
      "name" : "Drama"
    } ]
  }, {
    "id" : 340658,
    "title" : "Should Tomorrow Be",
    "overview" : "This film is about the filmmaker's father who suffered an accident rendering him paralyzed from the neck down. The film uses original hospital footage to describe the time he chose to disconnect his ventilator and life support and show how his family and friends rallied around him as he made this decision.",
    "genres" : [ ]
  }, {
    "id" : 340663,
    "title" : "La noche de los sexos abiertos",
    "overview" : "Moira – a beautiful and erotic cabaret dancer – is hired to impersonate another woman who turns out to be a secret agent who must receive an important message that contains the hidden whereabouts of a very important character from World War II who once absconded with a vast fortune in gold. Aided by private detective Al Crosby, with whom her relationship goes beyond the limits of pleasure, Moira attempts to locate the mysterious character.",
    "genres" : [ {
      "id" : 53,
      "name" : "Thriller"
    }, {
      "id" : 18,
      "name" : "Drama"
    }, {
      "id" : 9648,
      "name" : "Mystery"
    } ]
  }, {
    "id" : 340668,
    "title" : "Parejas",
    "overview" : "Comedy about different forms of love in this busy period in which we live. Two pairs of great friends celebrate together their weddings. Between drunkenness and friendship , things get confused. Will love defeat guilt? A prominent businessman lives unbeatable location : it has a beautiful lover, a new job, and wants a child with your partner. But she discovers that she cheats on him . Is a type of self- love?",
    "genres" : [ ]
  }, {
    "id" : 340678,
    "title" : "Stephen King's Night Shift Collection",
    "overview" : "Released at the height of Stephen King's popularity in the 1980s, this home video pairs two short films adapted from the horror author's earliest (and most revered) short-story compilation.",
    "genres" : [ {
      "id" : 27,
      "name" : "Horror"
    } ]
  }, {
    "id" : 340688,
    "title" : "Inocencia Mortal",
    "overview" : "A model, whose brother committed suicide by hanging himself, is the girlfriend of a rock singer. The city is hit by a series of killings. A secret admirer of the model is responsible for discovering the murderer.",
    "genres" : [ {
      "id" : 10402,
      "name" : "Music"
    }, {
      "id" : 53,
      "name" : "Thriller"
    } ]
  }, {
    "id" : 340693,
    "title" : "Canasta de Cuentos Mexicanos",
    "overview" : "Canasta De Cuento Mexicanos movie was released Mar 23, 2004 by the Ventura Distribution studio. Strong-willed Luisa attracts lots of men, but her intelligence and sharp tongue often sends them running. Canasta De Cuento Mexicanos movie When she meets Carlos, who is equally cagey, sparks fly. Canasta De Cuento Mexicanos video The two of them marry, and quickly begin clashing on a daily basis, humiliating each other as they try to teach one another lesson after lesson.",
    "genres" : [ ]
  }, {
    "id" : 340698,
    "title" : "Sandra Boynton's One Shoe Blues",
    "overview" : "It's a highly original new book and a Boynton filmmaking debut. One Shoe Blues is a thoroughly captivating story and a dazzling music video. And what an unexpected yet oddly perfect team: Sandra Boynton and—wait for it—B.B. King! Boynton writes, designs, and directs (her first film ever), B.B. stars (singing, playing, and turning in a wry and brilliant comic acting performance), and exuberant Boynton sock puppets chime in.",
    "genres" : [ ]
  }, {
    "id" : 340708,
    "title" : "Making the Connection",
    "overview" : "The film features eleven diverse contributors, which helps to maintain the upbeat pace and we included music from two Internationally renowned vegan hip-hop artists Promoe and Jah Sun to add to the contemporary feel of the film",
    "genres" : [ {
      "id" : 99,
      "name" : "Documentary"
    } ]
  }, {
    "id" : 340713,
    "title" : "Heritage of the Desert",
    "overview" : "John Abbott returns to the desert land he owns, and after being wounded by hired gunman Chick Chance, he is befriended by rancher Andrew Naab and his son, Marvin. Naab's daughter, Marian, falls in love with John but is about to marry Snap Thornton to keep a promise made by her father. She runs away on her wedding day but is captured and held hostage by outlaw Henry Holderness. John, the Naabs and fellow ranchers rush to her rescue.",
    "genres" : [ {
      "id" : 37,
      "name" : "Western"
    } ]
  }, {
    "id" : 340728,
    "title" : "Do Dilon Ke Khel Mein",
    "overview" : "Patiala-based, London-returned Rohit Singh decides to re-locate to Mumbai in order to avoid getting married to Lovely, the daughter of Ballu Singh. Assisted by his paternal uncle, and accompanying his cousin's friend, Isha, he travels there by car. The duo start squabbling resulting in an accident, and compelling them to hitch a ride on a lorry. They end up driving it, and eventually in police custody as it was carrying weapons. Inspector Babloo Bajrangi is convinced of their innocence, releases them, and they continue squabbling all the way to Borivali, Mumbai. Hoping to have got rid of each other - the duo will be in for a surprise when they find out they live in the same colony.",
    "genres" : [ ]
  }, {
    "id" : 340733,
    "title" : "Safe House",
    "overview" : "Former police officer Robert and his wife Katy left city life behind them after Robert was injured, whilst trying to protect a witness in his care. The witness, Susan Reynolds was fatally shot. Robert has been struggling with the guilt he feels over the death of Susan. In a bid to put the past behind them, Robert and Katy now run a guest house, hidden away in the idyllic Lake District. A surprise visitor turns up, DCI Mark Maxwell, an ex-colleague and old friend. He suggests that the guest house is perfectly positioned to operate as a safe house, Robert is tempted but will Katy agree?",
    "genres" : [ {
      "id" : 28,
      "name" : "Action"
    }, {
      "id" : 80,
      "name" : "Crime"
    }, {
      "id" : 18,
      "name" : "Drama"
    }, {
      "id" : 53,
      "name" : "Thriller"
    } ]
  }, {
    "id" : 340738,
    "title" : "Paisa Ho Paisa",
    "overview" : "Ashwin, an engineering college student meets a beautiful girl Bhoomika in the campus. After a few playful encounters, they fall in love. Ashwin hails from a lower middle class family and all the time he thinks of making big money in a very short time. When Bhoomika stumbles upon something big, she consults Ashwin and his friends and together they strike it rich in a very big way using an invisible chemical (A chemical when it is sprayed on anything or anyone the object or the person becomes invisible). However they are forced to be on the run after being chased by the cops. Now starts the wild goose chase with ruthless &amp; buffoonery gangsters, comic cops, bungling CBI officer and the hero and his friends playing all kinds of pranks.",
    "genres" : [ ]
  }, {
    "id" : 340743,
    "title" : "Man on a Motorcycle",
    "overview" : "Michael Fassbender stars in this 'day in the life' of a London motorcycle courier at breaking point in his profession and his life.",
    "genres" : [ {
      "id" : 18,
      "name" : "Drama"
    } ]
  }, {
    "id" : 340748,
    "title" : "No acepto!!! 1980-1990: diez años de hardcore, punk, ira y caos",
    "overview" : "Documentary in Spanish language about the Spanish Hardcore / Punk scene during the 80's.\r No Acepto!!! is a 4 hours and 30 minutes documentary in Spanish that covers what were the main focus of the scene at that time: Barcelona, Madrid, Euskadi and Zaragoza together with an introduction and a conclusions chapter.\r Featuring interviews in Spanish, old and new live footage, pictures, posters, flyers, tickets of classic bands such as R.I.P., G.R.B., Bap!!, Subterranean Kids, Kortatu, M.C.D., L'odi Social, Ultimo Resorte, IV Reich, La Polla Records, Vulpess, Ruido de Rabia, H.H.H., MG15, Anti-Dogmatikss, VÃ³mito, Anti-RÃ©gimen, ParÃ¡sitos, MonstruaciÃ³n, Decibelios, T.D.K., La Broma de SsatÃ¡n, P.V.P., Eskoria-tza, Karkaxa, Tortura SistemÃ¡tica, Bukaera, Andanada 7, Delincuencia Sonora and loads more.",
    "genres" : [ {
      "id" : 99,
      "name" : "Documentary"
    } ]
  }, {
    "id" : 340753,
    "title" : "Sunset Edge",
    "overview" : "Two narratives clash violently in this meditative portrayal of disaffected youth set in a graveyard of abandoned mobile homes known as Sunset Edge. We follow a group of four aimless, suburban teenagers - they skateboard the park, sleep in the sun, and rummage through the decaying remains completely unaware that this is where a lonesome teen is confronting a horrific past. Day turns to night, people disappear, and the secrets of Sunset Edge are revealed in a paralyzing finale.",
    "genres" : [ ]
  }, {
    "id" : 340758,
    "title" : "Never Mention Murder",
    "overview" : "When a surgeon discovers that his wife has a lover he plans murder.",
    "genres" : [ {
      "id" : 80,
      "name" : "Crime"
    } ]
  }, {
    "id" : 340763,
    "title" : "Sunday Pranks",
    "overview" : "Made in 1983, shelved for four years. A chilling tale about kids playing in a bombed-out Warsaw courtyard on the day of Stalin's death, while their parents are away at the church or a memorial procession.",
    "genres" : [ ]
  }, {
    "id" : 340768,
    "title" : "Jack Attack 2",
    "overview" : "Anything goes when the camera rolls!",
    "genres" : [ ]
  }, {
    "id" : 340773,
    "title" : "PROBE: When to Die",
    "overview" : "When Liz Shaw returns from a working holiday in Spain a new and deeply disturbing case awaits.  Corporal 7891Alpha has outlived his usefulness or rather the government can no longer afford to fund the medication. And that can mean only one thing... termination!  At first glance a 'government authorised execution' is a simple enough task for the Preternatural Research Bureau (PROBE) team.  But as events unfold, and the truth about Corporal 7891Alpha is revealed, the case becomes far more complex.  Only Liz's wealth of experience, courage and determination can save the day - but not before her her moral compass is knocked off course.",
    "genres" : [ {
      "id" : 878,
      "name" : "Science Fiction"
    } ]
  }, {
    "id" : 340778,
    "title" : "Jack Attack 4",
    "overview" : "What Red light?",
    "genres" : [ ]
  }, {
    "id" : 340783,
    "title" : "Killed the Cat",
    "overview" : "Three escaped mental hospital patients attempt to create new lives for themselves.",
    "genres" : [ ]
  }, {
    "id" : 340788,
    "title" : "Our Brother",
    "overview" : "When Mary (Stephanie Lewis) and James (James Walker-Black) lose their eldest brother, their opposing views on how to grieve their loss causes a rift between them.",
    "genres" : [ {
      "id" : 18,
      "name" : "Drama"
    } ]
  }, {
    "id" : 340793,
    "title" : "Chance",
    "overview" : "A chance meeting between Trevor and Amir stirs up unexpected passions. An inspiring story of inter-racial romance and overcoming adversity.",
    "genres" : [ ]
  }, {
    "id" : 340798,
    "title" : "The Duck's Migration",
    "overview" : "Two boys and close family friends, Jeremy and Alphonse, American and French, spend a few weeks together in Jeremy’s house in Brooklyn. Jeremy is confused about his understanding of the friendship, while obsessed with the ducks in the Prospect Park’s lake and finishing a school paper about their migration. Alphonse likes to ride bicycles and doesn’t want to leave town. The ducks inevitably leave, Alphonse goes back to Paris, and Jeremy stays in his house, but all of them depart to something new.",
    "genres" : [ {
      "id" : 18,
      "name" : "Drama"
    } ]
  }, {
    "id" : 340808,
    "title" : "Esther & Me",
    "overview" : "A humorous and touching portrait of octogenarian, Esther Weintraub, a feisty, witty, former model, former stand up comedian who comes back to life when a spring chicken in her 40's, lesbian comedian and comedy producer, Lisa Geduldig, befriends her.",
    "genres" : [ ]
  }, {
    "id" : 340813,
    "title" : "Nina - Diary of a Porn Star",
    "overview" : "A documentary about former porn actress Nina Roberts.",
    "genres" : [ {
      "id" : 99,
      "name" : "Documentary"
    } ]
  }, {
    "id" : 340818,
    "title" : "Blindsided: How ISIS Shook The World",
    "overview" : "CNN’s Fareed Zakaria explores the origins of the terror group known as Islamic State or ‘ISIS’ for a rare inside look into the heart of darkness, and an examination of how and when the U.S. came to know about ISIS.",
    "genres" : [ {
      "id" : 99,
      "name" : "Documentary"
    } ]
  }, {
    "id" : 340823,
    "title" : "Cash for Kenya",
    "overview" : "First time ever, this concert DVD shows the charismatic charm and timeless songs of Johnny Cash, who in 1991 performed a benefit show in Johnstown, Pennsylvania, to support Rev. Jack Shaw's vision and dream of building a hospital in Kenya that would reach into the heart of suffering. Writes John Carter Cash in the liner notes: 'My father is still here in spirit and his enlightened passion endures. His wish to see the continuance of Jack's vision is coming true, in numerous ways. So as you watch this concert, and are taken in by the man's music, his charm and charisma, remember what he is singing for.' Among the rarely recorded, in the studio or live, are 'Man In White,' 'Angel Band,' 'Beautiful Life' and more.",
    "genres" : [ ]
  }, {
    "id" : 340828,
    "title" : "Human Terrain",
    "overview" : "Seeking to understand 'why they hate us', the US military adopts a new strategy of cultural awareness to win over the hearts and minds of the Iraqi and Afghan people. Controversy erupts when academics embed with combat troops and the war comes home to the university.",
    "genres" : [ {
      "id" : 99,
      "name" : "Documentary"
    } ]
  }, {
    "id" : 340838,
    "title" : "Back to the Fjords",
    "overview" : "The Flying Frenchies are back, with more fantastical stunts and enthralling experiments in a whirlwind adventure to the fjords of Norway. Twenty or more of the most colourful characters you could ever imagine, each with a different skill or talent, working together to create an outdoor extravaganza the likes of which have never been seen before!",
    "genres" : [ {
      "id" : 99,
      "name" : "Documentary"
    }, {
      "id" : 12,
      "name" : "Adventure"
    } ]
  }, {
    "id" : 340848,
    "title" : "Granados y Delgado. Un crimen legal",
    "overview" : "",
    "genres" : [ {
      "id" : 99,
      "name" : "Documentary"
    } ]
  }, {
    "id" : 340853,
    "title" : "Tap or Die",
    "overview" : "TAP OR DIE is the story of Derick Grant, an African American choreographer determined to revive tap dance or die trying. In an epic struggle to legitimize an art that peaked in the era of big bands, Grant is holding auditions to bring his hip, rousing show 'Imagine Tap' to Broadway. But a legacy of racism and the pitfalls of commerce are tripping him up. Will the show go on? Mentored by giants of the genre, Grant says tap has given him a voice: 'It's given people a reason to pay attention to me.' Indeed, this man's feet have something to say. With original music and performances by the world's best hoofers, Tap or Die makes clear why Broadway should throw down the wood.",
    "genres" : [ ]
  }, {
    "id" : 340863,
    "title" : "Thomas De Stoomlocomotief: De Grote Race Op Sodor",
    "overview" : "",
    "genres" : [ {
      "id" : 10751,
      "name" : "Family"
    }, {
      "id" : 16,
      "name" : "Animation"
    } ]
  }, {
    "id" : 340868,
    "title" : "Deadly Sanctuary",
    "overview" : "Feisty, flame-haired reporter, Kendall O'Dell is drawn into an evil web of conspiracy beyond anything she could have ever imagined when she accepts a position at a small newspaper in isolated Castle Valley, Arizona. In the mix is a vanished reporter, two dead teenage girls and an attractive cowboy. Kendall's life hangs in the balance as she strives to uncover the horrifying secret.",
    "genres" : [ {
      "id" : 53,
      "name" : "Thriller"
    }, {
      "id" : 9648,
      "name" : "Mystery"
    } ]
  }, {
    "id" : 340873,
    "title" : "Rui Veloso - Ao Vivo no Pavilhao Atlantico",
    "overview" : "Rui Veloso - Ao Vivo no Pavilhao Atlantico",
    "genres" : [ ]
  }, {
    "id" : 340878,
    "title" : "The Shortcut",
    "overview" : "On the way to a high school reunion, BiBi Jones and gal pal Lilly Banks get stranded in the middle of nowhere when an old high school rival gives them dodgy directions. Their only oasis is a biker bar filled with wild characters. Hot and horny Christy Mack offers herself up to Ike Diesel in the middle of the bar. After an impromptu inking of BiBi, would-be tattoo artist Karlo Karrera bangs Bonnie Rotten. BiBi gets in the spirit of spontaneity and does the deed with bar tender Johnny Sins. When the girls finally make it to the reunion, BiBi makes up for never hooking up with her old crush Xander Corvus and shows him a hardcore sexing. Lilly unleashes her wild side and gives math teacher Tommy Gunn some naughty lessons of her own.",
    "genres" : [ ]
  }, {
    "id" : 340883,
    "title" : "Best Friends",
    "overview" : "Ferry and Robert have been best friends since the beginning of their life's. Robert slowly changes into a zombie after he gets himself into trouble. The big question is: is their friendship strong enough to last?",
    "genres" : [ ]
  }, {
    "id" : 340888,
    "title" : "Sieben Brüder",
    "overview" : "A Documentary about Seven Brothers.",
    "genres" : [ ]
  }, {
    "id" : 340893,
    "title" : "Everything for a Laugh",
    "overview" : "The rise to stardom of former comedian Rob van Liempt, which came to a grinding halt during the '90s.",
    "genres" : [ {
      "id" : 99,
      "name" : "Documentary"
    }, {
      "id" : 35,
      "name" : "Comedy"
    } ]
  }, {
    "id" : 340898,
    "title" : "Peace, Love and Understanding",
    "overview" : "Beavis and Butt-head go to a monster truck rally, and end up buried in feces when a truck crashes through some port-a-potties which were the temple of Sterculius, the Roman God of feces.",
    "genres" : [ ]
  }, {
    "id" : 340903,
    "title" : "The Angels: Greatest Hits",
    "overview" : "Deluxe CD/ DVD version of The Angels' classic GREATEST HITS collection, the monster selling anthology of all of their biggest hits. Includes 18 hits on the CD and 39 killer videos on the DVD.",
    "genres" : [ {
      "id" : 10402,
      "name" : "Music"
    } ]
  }, {
    "id" : 340908,
    "title" : "The Loyal 47 Ronin",
    "overview" : "This 1932 adaptation is the earliest sound version of the ever-popular and much-filmed Chushingura story of the loyal 47 retainers who avenged their feudal lord after he was obliged to commit hara-kiri due to the machinations of a villainous courtier. As the first sound version of the classic narrative, the film was something of an event, and employed a stellar cast, who give a roster of memorable performances. Director Teinosuke Kinugasa was primarily a specialist in jidai-geki (period films), such as the internationally celebrated Gate of Hell (Jigokumon, 1953), and although he is now most famous as the maker of the avant-garde silent films A Page of Madness (Kurutta ichipeji, 1926) and Crossroads (Jujiro, 1928), Chushingura is in fact more typical of his output than those experimental works. The film ranked third in that year’s Kinema Junpo critics’ poll, and Joseph Anderson and Donald Richie noted that 'not only the sound but the quick cutting was admired by many critics.",
    "genres" : [ {
      "id" : 18,
      "name" : "Drama"
    } ]
  }, {
    "id" : 340913,
    "title" : "Montjuich",
    "overview" : "A series of Fieldworks developed in Barcelona, an unconventional vision of Montjuich, from its cemetery to the sea.",
    "genres" : [ ]
  }, {
    "id" : 340918,
    "title" : "Frozen Coast",
    "overview" : "Shot on location along the coast of the Bering Sea, Lorino. Chukotka region, Northeastern Siberia, Russian Federation.",
    "genres" : [ ]
  }, {
    "id" : 340923,
    "title" : "Parodi",
    "overview" : "A 2007 Kannada film.",
    "genres" : [ ]
  }, {
    "id" : 340933,
    "title" : "Agontimé",
    "overview" : "Priestess, slave, queen. After two centuries trapped in Sao Luis, Brazil, Agontimé breaks free and embarks back to her homeland, the Kingdom of Dahomey – current Benin –, hoping to retake the sacred place that is her by right.",
    "genres" : [ {
      "id" : 10769,
      "name" : "Foreign"
    } ]
  }, {
    "id" : 340938,
    "title" : "Aventurera",
    "overview" : "President Romulo Betancourt's government has just began, an attack is brewing on his life. Braulio an unemployed actor, comes to work in professional wrestling, and falls deeply for Rosario, lover of Buffalo, director of the wrestling group, Ronco, who once is saved by Braulio in a clash with police, offers this winning good money for doing an \"important work\".",
    "genres" : [ {
      "id" : 36,
      "name" : "History"
    }, {
      "id" : 35,
      "name" : "Comedy"
    }, {
      "id" : 18,
      "name" : "Drama"
    } ]
  }, {
    "id" : 340943,
    "title" : "Ace Jackson Is a Dead Man",
    "overview" : "Crime - A man has to pay back a gangster for stolen drugs to save his own life. -  David A. Bynoe, Waliek Crandall, Buddy Love",
    "genres" : [ ]
  }, {
    "id" : 340948,
    "title" : "El vuelo de la cigüeña",
    "overview" : "An erotic model has three lovers, one of them is the father of her child. Which of the three will be?",
    "genres" : [ {
      "id" : 35,
      "name" : "Comedy"
    }, {
      "id" : 18,
      "name" : "Drama"
    } ]
  }, {
    "id" : 340953,
    "title" : "Lady Antebellum Own the Night",
    "overview" : "Music - By the time Lady Antebellum swept the 2011 Grammy Awards they had sold millions of records, had No. 1 hits, and earned countless awards. Other than awards shows and television appearances, the world had not yet seen the trio's music come to life on stage. Until then they had opened for the industry's biggest superstars, and now it was time to step out on their own. -",
    "genres" : [ ]
  }, {
    "id" : 340958,
    "title" : "Trafficker",
    "overview" : "Action - Nigeria is a hub for human trafficking. Victims are transported to 33 countries, mostly as part of the $100 billion dollar sex trade. The documentary underlines the human costs behind the statistics. Its tender, devastating interviews, reveal an all-too-common tale: African women turned prostitutes spend years paying off their trafficking debt in Europe. Few ever escape the shackles of their nightmarish ordeals. -  Amanda Donohoe, Om Puri, Vithaya Pansringarm",
    "genres" : [ ]
  }, {
    "id" : 340963,
    "title" : "La Folle Soirée du Palmashow 2",
    "overview" : "",
    "genres" : [ {
      "id" : 35,
      "name" : "Comedy"
    }, {
      "id" : 10751,
      "name" : "Family"
    }, {
      "id" : 10770,
      "name" : "TV Movie"
    } ]
  }, {
    "id" : 340968,
    "title" : "Show Me a Hero",
    "overview" : "Mayor Nick Wasicsko took office in 1987 during Yonkers' worst crisis when federal courts ordered public housing built in the white, middle class side of town, dividing the city in a bitter battle fueled by fear, racism, murder and politics.",
    "genres" : [ {
      "id" : 36,
      "name" : "History"
    }, {
      "id" : 80,
      "name" : "Crime"
    }, {
      "id" : 18,
      "name" : "Drama"
    } ]
  }, {
    "id" : 340973,
    "title" : "Silver Stallion",
    "overview" : "The Kid and his pals are horse thieves wanted by the law. As he takes a horse from Jan Walton she makes him promise to bring it back.",
    "genres" : [ {
      "id" : 37,
      "name" : "Western"
    } ]
  }, {
    "id" : 340978,
    "title" : "Bob Dylan: The Bootleg Series, Vol. 5: Bob Dylan Live 1975: The Rolling Thunder Revue",
    "overview" : "Bonus DVD accompanying the initial release of the Bob Dylan album.",
    "genres" : [ ]
  }, {
    "id" : 340983,
    "title" : "The Strokes: Is This It",
    "overview" : "Bonus DVD in the reissue package of The Strokes album.",
    "genres" : [ ]
  }, {
    "id" : 340993,
    "title" : "J'ai peur d'oublier",
    "overview" : "",
    "genres" : [ {
      "id" : 18,
      "name" : "Drama"
    } ]
  }, {
    "id" : 340998,
    "title" : "The Matchmaker",
    "overview" : "Casey Collins is the Matchmaker. She can find anyone the perfect partner. The ultimate professional, Casey always puts her clients first. Until now.",
    "genres" : [ ]
  }, {
    "id" : 341003,
    "title" : "O Céu no Andar de Baixo",
    "overview" : "",
    "genres" : [ {
      "id" : 16,
      "name" : "Animation"
    } ]
  }, {
    "id" : 341008,
    "title" : "Project XX",
    "overview" : "Sequel to the 2012 found footage comedy - which documented an entire day where three high schoolers attempt to throw the biggest party ever and make themselves legends.",
    "genres" : [ {
      "id" : 35,
      "name" : "Comedy"
    } ]
  }, {
    "id" : 341013,
    "title" : "Atomic Blonde",
    "overview" : "An undercover MI6 agent is sent to Berlin during the Cold War to investigate the murder of a fellow agent and recover a missing list of double agents.",
    "genres" : [ {
      "id" : 53,
      "name" : "Thriller"
    }, {
      "id" : 9648,
      "name" : "Mystery"
    }, {
      "id" : 28,
      "name" : "Action"
    } ]
  }, {
    "id" : 341018,
    "title" : "Pachá: El arquitecto de la noche",
    "overview" : "",
    "genres" : [ {
      "id" : 99,
      "name" : "Documentary"
    } ]
  }, {
    "id" : 341023,
    "title" : "June Turmoil",
    "overview" : "The film speaks of student demonstrations in Belgrade, 1969 and of the critical quality, enthusiasm and discipline of this form of protest. It was the most powerful public criticism of \"red bourgeoisie\" - members of communist apparatus, who suppressed creativity and affirmation of new generations throughout Eastern block.",
    "genres" : [ {
      "id" : 99,
      "name" : "Documentary"
    } ]
  }, {
    "id" : 341028,
    "title" : "Strange Boarders",
    "overview" : "Pre-war intelligence man Tommy Blythe interrupts his honeymoon to investigate the discovery of vital Air Ministry blueprints on a woman killed in a London road accident. The trail leads to a boarding house in Notting Hill and its varied tenants.",
    "genres" : [ {
      "id" : 53,
      "name" : "Thriller"
    }, {
      "id" : 9648,
      "name" : "Mystery"
    }, {
      "id" : 35,
      "name" : "Comedy"
    } ]
  }, {
    "id" : 341033,
    "title" : "Fortress",
    "overview" : "A drama about a film crew making a movie in an isolated mountain town famous for its ancient fortress, and what happens when the town is threatened by a modern-day foreign invasion.",
    "genres" : [ {
      "id" : 18,
      "name" : "Drama"
    } ]
  }, {
    "id" : 341038,
    "title" : "Abort",
    "overview" : "A couple must make a life or death decision when faced with parenthood.",
    "genres" : [ {
      "id" : 18,
      "name" : "Drama"
    }, {
      "id" : 35,
      "name" : "Comedy"
    } ]
  }, {
    "id" : 341043,
    "title" : "Adventures Into the Woods: A Sexy Musical",
    "overview" : "A love letter to Hollywood and Broadway musicals of the past. While participation in a scientific experiment, a young woman falls through a wormhole and winds up in Wonderland! This is not the Wonderland you remember, but a brand new world where all fairy tales exist and they are finally all grown up! On her journey to find her way back home, Emmanuelle encounters The Mad Hatter, Goldilocks, The Big Bad Wolf, Dorothy, The Scarecrow, Humpty Dumpty, Jack and Jill, Snow White, The Frog Prince, The Evil Queen and many more! What follows is the most outrageous, sexy musical comedy of the year featuring 12 original songs! It's naked 'Glee' meets Disney on acid! For children of all ages... Over 18!",
    "genres" : [ {
      "id" : 35,
      "name" : "Comedy"
    }, {
      "id" : 14,
      "name" : "Fantasy"
    }, {
      "id" : 10402,
      "name" : "Music"
    } ]
  }, {
    "id" : 341048,
    "title" : "Saturday at 5 PM",
    "overview" : "What do high school girls do on a Saturday at 5 pm? This piece outlines how 18 year-olds imagine future happiness.",
    "genres" : [ ]
  }, {
    "id" : 341053,
    "title" : "E'gad, Zombies!",
    "overview" : "Short - The 1700's...ish, Oxfordshire, England. In the sleepy town of Upper Trollop, there lived a poet named William Filthe'. He was in love with the beautiful but slightly terrifying Vanity Banks, and although she was engaged to his brother, William was blinded by love. One night however, an illness broke out turning all men into beasts. All thoughts of love strangely vanish when you're running from an unstoppable foe in rather a lot of lace...  -  Matthew Butler, Tori Hart, Ian McKellen",
    "genres" : [ ]
  }, {
    "id" : 341058,
    "title" : "Interregnum",
    "overview" : "Animation -  -  Colm Feore, Nicole Stamp, Nick Fox-Gieg",
    "genres" : [ ]
  }, {
    "id" : 341063,
    "title" : "When My Child Is Born",
    "overview" : "How much freedom can there be in a marriage? How much freedom can there be in a Chinese marriage? Long and Jun get married when the two find out that she is pregnant. She wants to have her child (only one is allowed under the Chinese policy) and Long agrees to become a parent, too. But the two of them still have to acquire doctorates in order to be able to teach in a Chinese university. (Storyville)",
    "genres" : [ {
      "id" : 99,
      "name" : "Documentary"
    } ]
  }, {
    "id" : 341068,
    "title" : "Open Window",
    "overview" : "Short - Maggie and Rowan are throwing their son, Dylan, a small party to celebrate his sixth birthday. In a single continuous shot, the afternoon unravels when an earlier dispute between the couple makes its way into the backyard. -  Kelly-Marie Murtha, Paul Nicholls, Brian Bridger",
    "genres" : [ ]
  }, {
    "id" : 341073,
    "title" : "Ricky the Handyman",
    "overview" : "Short - Ricky the handyman finds out he is expected to 'fix' more than he thought. -  Navah Raphael, Varun Pruthi",
    "genres" : [ ]
  }, {
    "id" : 341078,
    "title" : "Scaredy Cats",
    "overview" : "Short - Two friends traveling through a dystopian landscape are thrust into peril when they meet another drifter who tests the strength of their relationship. -  Phil Morales, David Rapp, Alex Ross",
    "genres" : [ ]
  }, {
    "id" : 341083,
    "title" : "The High Level Bridge",
    "overview" : "Documentary - Trevor provides a voice-over narration of Edmonton's High Level Bridge and drops his camera from the bridge in memory of those who have jumped. -  Trevor Anderson",
    "genres" : [ ]
  }, {
    "id" : 341088,
    "title" : "Tsunami, Horses and Civilization",
    "overview" : "Animation - The inner thoughts of a horse as he gallops away, escaping from tsunami disaster as soon as his sixth sense alerted him to danger, unlike the humans who are so wrapped up in their civilization and their so-called advanced technology that couldn't save them in the end.  -  Tamara Sotnikow",
    "genres" : [ ]
  }, {
    "id" : 341093,
    "title" : "Woman Waiting",
    "overview" : "Antoine Bourges - Short -  -  Carmen Casanova, Hana Du Temple, Karen Lahay",
    "genres" : [ ]
  }, {
    "id" : 341098,
    "title" : "A Brief History of Paradise as Told by the Cockroaches",
    "overview" : "They say that when the Earth is destroyed beyond habitation, the only survivors will be the cockroaches. Filmmaker Joshua Oppenheimer gives the indomitable insects the floor in this perversely comic commentary on affluence and self-destruction. Leashed with thin ribbons, a small intrusion of cockroaches scramble over magazine spreads of the good life while a schizophrenic pest voice-over mutters like an asylum inmate recalling the good old days, when food was plentiful and the roach traps were the enemy. It is consumption and consumerism as empty activity and madness, played-out as a natural history documentary in the guise of an invasion picture, all set to the theme song from LOVE STORY.",
    "genres" : [ ]
  }, {
    "id" : 341103,
    "title" : "Gamle Venner",
    "overview" : "Two older German men are headed for Southern Norway in their Trabant in 1990. They're going back to \"old haunts\", to a beach they left in the days of May 1945. They have one goal for the trip, to find something they once dug down.",
    "genres" : [ {
      "id" : 35,
      "name" : "Comedy"
    }, {
      "id" : 18,
      "name" : "Drama"
    } ]
  }, {
    "id" : 341108,
    "title" : "O Brother Man: The Art and Life of Lynd Ward",
    "overview" : "Lynd Ward is the father of the American graphic novel and one of the most prolific book illustrators and printmakers in the history of American art. Featuring more than 150 wood engravings, drawings, and illustrations by this important American artist and storyteller, the 90-minute film brings the creativity of Ward to life and illustrates his mastery of narrative without text. His work chronicles American life in the 20th century, and demonstrates his deep personal commitment to social justice and the plight of the workingman surrounding the years of the Great Depression. Written, narrated, and directed by Michael Maglaras of 217 Films. Featuring interviews with Ward's daughter, Robin Ward Savage. 2012.",
    "genres" : [ {
      "id" : 99,
      "name" : "Documentary"
    } ]
  }, {
    "id" : 341113,
    "title" : "I Am Twenty",
    "overview" : "Those born on Independence Day in 1947 were selected from different parts of India and interviewed to know their hopes and desires,ambitions, hobbies, fears and frustrations and the result is this unique film.",
    "genres" : [ ]
  } ]
}