{
  "movies" : [ {
    "id" : 154028,
    "title" : "Ed Wood: Look Back in Angora",
    "overview" : "A hysterical documentary which uses footage of Ed Wood's movie to tell the story of his life. It may not be a deep analysis, but shows distinctly how Ed's life strongly influenced his own films.",
    "genres" : [ {
      "id" : 99,
      "name" : "Documentary"
    } ]
  }, {
    "id" : 154033,
    "title" : "Brother Firetribe: Live at Apollo",
    "overview" : "Live recording video &amp; audio from Finnish Rock Band, recorded in Apollo, Helsinki 15 April 2009 and includes Anette Olzon (ex-Nightwish, ex-Alyson Avenue) singing on \"Heart Full of Fire\"",
    "genres" : [ {
      "id" : 10402,
      "name" : "Music"
    } ]
  }, {
    "id" : 154038,
    "title" : "EPCOT",
    "overview" : "Recorded on October 27, 1966, less than two months before his death, Walt Disney made a 25-minute film about his plans for the Florida Project, then dubbed \"Disney World\". In the film, Walt himself explains briefly how the Florida property will be utilized and how his EPCOT concept will work with the other aspects of Disney World.  Disney made this film primarily to persuade and encourage American industry and various corporations to opt in and help Walt Disney Productions in the creation and running of EPCOT. Disney also encouraged the industrial companies to come up with their best ideas in technology, so that those ideas could be continuously demonstrated in the city. - from Wikipedia",
    "genres" : [ {
      "id" : 99,
      "name" : "Documentary"
    } ]
  }, {
    "id" : 154043,
    "title" : "Machine Dreams",
    "overview" : "A Film by Peter Krieg. From a Marilyn Monroe robot to the ethics of artificial intelligence, Machine Dreams explores humanity's love affair with machines and computers.",
    "genres" : [ ]
  }, {
    "id" : 154048,
    "title" : "Renan Luce: Concert au Zénith de Paris",
    "overview" : "",
    "genres" : [ ]
  }, {
    "id" : 154058,
    "title" : "The Last of McGuinness",
    "overview" : "After finally achieving his childhood dream, being one of the top professional wrestlers in the world, Nigel McGuinness painfully travels the world for one last tour, battling to understand his place in the business he spent his life pursuing, after his career was cut mysteriously short.",
    "genres" : [ {
      "id" : 99,
      "name" : "Documentary"
    } ]
  }, {
    "id" : 154063,
    "title" : "Zitti e mosca",
    "overview" : "",
    "genres" : [ ]
  }, {
    "id" : 154068,
    "title" : "Kenny Rogers as The Gambler: The Adventure Continues",
    "overview" : "Brady Hawkes, Billy Montana, and Jeremiah Hawkes are on a train bound for a huge gambling event when the train is taken over by a gang of vicious killers in search of money. As ransom, the gang takes young Jeremiah hostage. Brady and Billy embark on a quest to rescue him and form a small gang of their own along the way.",
    "genres" : [ {
      "id" : 37,
      "name" : "Western"
    } ]
  }, {
    "id" : 154073,
    "title" : "Kid Blue",
    "overview" : "Bickford Waner, an apparently naive young man from Fort Worth, arrives in the tiny Texas town of Dime Box and takes on a variety of menial jobs. He's befriended by Reese Ford and his wife Molly, but before long Molly has seduced Bickford. Only with the arrival of Bickford's former girlfriend Janet Conforto is it revealed that Bickford is actually the notorious train robber Kid Blue. Humiliated by a scandal arising from his affair with his friend's wife, Bickford gives up on going straight and plots a crime.",
    "genres" : [ {
      "id" : 35,
      "name" : "Comedy"
    }, {
      "id" : 37,
      "name" : "Western"
    } ]
  }, {
    "id" : 154078,
    "title" : "Geert Hoste: Beslist",
    "overview" : "",
    "genres" : [ ]
  }, {
    "id" : 154083,
    "title" : "Extraños en la noche",
    "overview" : "",
    "genres" : [ {
      "id" : 35,
      "name" : "Comedy"
    }, {
      "id" : 10749,
      "name" : "Romance"
    }, {
      "id" : 80,
      "name" : "Crime"
    } ]
  }, {
    "id" : 154093,
    "title" : "Riding Shotgun",
    "overview" : "When a stagecoach guard tries to warn a town of an imminent raid by a band of outlaws, the people mistake him for one of the gang",
    "genres" : [ {
      "id" : 37,
      "name" : "Western"
    } ]
  }, {
    "id" : 154098,
    "title" : "Guido Weijers: De Oudejaarsconference 2012",
    "overview" : "",
    "genres" : [ {
      "id" : 35,
      "name" : "Comedy"
    } ]
  }, {
    "id" : 154103,
    "title" : "The Little Boy",
    "overview" : "",
    "genres" : [ ]
  }, {
    "id" : 154108,
    "title" : "Ardent Summer",
    "overview" : "Barbara is a sexy stripper, but she is dedicated to her husband. When a rich and above-the-law land-owner orders the murder of her husband to get her, she plans, and conducts, deadly revenge. She starts by intriguing between the rich man and his sons, who also had abused her, so that he has two of them killed, and then she sets out against the actual killers, shooting them herself, and leaving the old lecher and his older son to the last. The final confrontation has some surprises, though.",
    "genres" : [ {
      "id" : 18,
      "name" : "Drama"
    } ]
  }, {
    "id" : 154113,
    "title" : "Vieilles canailles",
    "overview" : "",
    "genres" : [ ]
  }, {
    "id" : 154123,
    "title" : "Boys in the Sand",
    "overview" : "Seminal in more ways than one, Boys in the Sand was the first triple-X film of any orientation to bill its director and actors (thereby launching the career of [Casey] Donovan, gay porn’s original superstar); it remains the only adult flick ever reviewed in The New York Times. It even began the phenomenon of porn titles spoofing mainstream fare, mocking William Friedkin’s 1970 sissyfest, The Boys in the Band. After opening at the 55th Street Playhouse in December 1971, its notoriety began to attract hetero couples, eager to see what the fuss was about. “A couple of times when women had to go to the bathroom, we had to make sure there were no guys in there,” [director Wakefield] Poole recalls. By the time Gerard Damiano’s Deep Throat opened the following year, “the egg had cracked,” Poole says, and ’70s porno chic began.",
    "genres" : [ ]
  }, {
    "id" : 154133,
    "title" : "Solos",
    "overview" : "Inspired by true events, Solos explores relationships among three individuals who are struggling to open up their feelings towards each other. Filmmakers Kan Lume and Loo Zihan co-directed this pathos that dramatizes the selfishness of love and its tragic outcomes. Set in contemporary Singapore, Solos follows the endeavors of Boy, Man and Mother. Having been in a relationship with Man (Lim Yu Beng) for years, Boy (Loo Zihan) eventually grows up and wishes to quit the relationship. Conversely, Man still wants to be with Boy and for them to settle together. Meanwhile, Mother (Goh Guat Kian) is devastated that her son (Boy) has abandoned her and has been in relationship with MAN. As the three characters fight their own demons, Solos juxtaposes reality and surreal scenes in order to give clues of each character’s inner desires. The film has minimum conversation to give freedom to the audience individual interpretation of the film.",
    "genres" : [ ]
  }, {
    "id" : 154138,
    "title" : "Dom får aldrig mig - En film om Asta Kask och punken",
    "overview" : "With the exception of Ebba Grön, the most successful Swedish punk band ever is back!",
    "genres" : [ {
      "id" : 99,
      "name" : "Documentary"
    } ]
  }, {
    "id" : 154173,
    "title" : "Boobies",
    "overview" : "This movie was released straight to DVD.",
    "genres" : [ ]
  }, {
    "id" : 154178,
    "title" : "Teed Off",
    "overview" : "National Lampoon invites you to play a round with television and film star David Leisure and his hilarious troupe of not-ready-for-tee-time players as they pull some of the most outrageous pranks ever captured by a hidden camera. That's right, it's National Lampoon's Teed Off - skit-comedy inter-cut with hidden-camera hi-jinx on the links - where the boundaries of good taste and good golf are blurred by this totally uninhibited cast of cut-ups.",
    "genres" : [ ]
  }, {
    "id" : 154183,
    "title" : "Death by Misadventure: The Mysterious Life of Bruce Lee",
    "overview" : "Death by Misadventure: The Mysterious Life of Bruce Lee exposes the truth behind Lee's death and the cover-up that ensued.",
    "genres" : [ ]
  }, {
    "id" : 154188,
    "title" : "End of Conservation",
    "overview" : "A satirical and delirious short which sums up the obsessions of João Cesar Monteiro: film-making and… young women.",
    "genres" : [ {
      "id" : 35,
      "name" : "Comedy"
    } ]
  }, {
    "id" : 154203,
    "title" : "Iron Maiden: The Making Of A Matter Of Life And Death",
    "overview" : "Bonus DVD for the album 'A Matter Of Life Or Death'",
    "genres" : [ ]
  }, {
    "id" : 154208,
    "title" : "Sex Tax: Based on a True Story",
    "overview" : "Is prostitution too big to fail, the true story of the first Government owned Brothel.",
    "genres" : [ ]
  }, {
    "id" : 154213,
    "title" : "Robbie",
    "overview" : "Set 6000 years the future, Robbie charts the existential reflections of an aging robot drifting alone through space on the last of his battery life.",
    "genres" : [ ]
  }, {
    "id" : 154238,
    "title" : "High Voltage",
    "overview" : "A busload of passengers gets stranded in a snowstorm and take refuge in an abandoned church, where they run into a mysterious man who may be on the run from the law.",
    "genres" : [ ]
  }, {
    "id" : 154283,
    "title" : "AC/DC: Live At The Apollo, Glasgow",
    "overview" : "AC/DC's concert at The Apollo on 30 April 1978 later became the bulk of the band's first live album, If You Want Blood You've Got It A Month Later.",
    "genres" : [ ]
  }, {
    "id" : 154288,
    "title" : "Jonathas' Forest",
    "overview" : "Jonathas lives with his parents and his brother, Juliano, in a cottage in a rural area of the Amazon. The family harvests and sells local products at a roadside fruit stand, a place of contact with new friends and novelties from the rest of the world. They meet Milly, a visitor from Ukraine, and the native Kedassere. The group decides to spend the weekend at a campground in the jungle. Against his father's wishes, Jonathas will embark on this adventure. Seduced by Milly and the forest, he undertakes his most transforming journey.",
    "genres" : [ {
      "id" : 18,
      "name" : "Drama"
    } ]
  }, {
    "id" : 154298,
    "title" : "Axel Rudi Pell: Live Over Europe",
    "overview" : "Axel Rudi Pell - Live Over Europe movie was released Apr 08, 2008 by the Ryko Distribution studio. German guitar god Axel Rudi Pell has been stunning audiences with his prowess for over 25 years.",
    "genres" : [ ]
  }, {
    "id" : 154303,
    "title" : "The Eschatrilogy: Book of the Dead",
    "overview" : "A dark figure appears in the night, bringing with him a virus that turns people into monsters. Hoping to gather stories to take back with him to the other side, he meets his opposite, a light figure prepared to do battle with the dark man in order to save the human race...",
    "genres" : [ {
      "id" : 27,
      "name" : "Horror"
    }, {
      "id" : 14,
      "name" : "Fantasy"
    } ]
  }, {
    "id" : 154308,
    "title" : "Morning Star",
    "overview" : "A small circus arrives in a coastal area of the North Sea: the place looks rather eerie and the audience is quite scarce. But despite all of this, the life of the performers is animated by feelings born under the circus tent, and which are often lived out in the secret of their trailers. The ballerina Angèle has an affair with Elliot, the company's clown who is tormented by his conscience; but she is also courted by Heroy, the circus director; he is a cruel and potentially dangerous man who is willing to win her over by resorting to the powers of the magician Zephyr.",
    "genres" : [ {
      "id" : 18,
      "name" : "Drama"
    } ]
  }, {
    "id" : 154353,
    "title" : "It's a Mad, Mad, Mad World",
    "overview" : "Bill, a TV news reporter, tries to make ends meet to support himself, his wife and three daughters in urban Hong Kong. In the mist of the misadventures of Bill and his family, their luck and lives ultimately change when Bill's wife suddenly wins the lottery.",
    "genres" : [ ]
  }, {
    "id" : 154358,
    "title" : "Dio: At Tokyo Super Rock Festival",
    "overview" : "RONNIE JAMES DIO recorded live with his band at the Tokyo Japan Super Rock Festival on August 10th, 1985.",
    "genres" : [ {
      "id" : 10402,
      "name" : "Music"
    } ]
  }, {
    "id" : 154373,
    "title" : "Gloria Estefan - Live in Atlantis",
    "overview" : "Shot at the Atlantis Hotel in the Bahamas, Gloria Estefan's Live in Atlantis features the hits \"Coming Out of the Dark,\" \"Oye,\" and \"Mi Tierra.\" The DVD also contains medleys of such hits as \"Conga/1-2-3/Get on Your Feet/Rhythm Is Gonna Get You\" and songs from the Grammy Award-winning CD \"Alma Caribeña,\" featuring performances by Celia Cruz, Marc Anthony, and José Feliciano. Also included are Gloria's bio, discography, and a photo gallery.",
    "genres" : [ {
      "id" : 10402,
      "name" : "Music"
    } ]
  }, {
    "id" : 154383,
    "title" : "Rusty the Knight - A perfect Christmas",
    "overview" : "Rusty the Knight prepares a perfect Christmas for the king.",
    "genres" : [ ]
  }, {
    "id" : 154388,
    "title" : "Great Tenor Performances",
    "overview" : "Great Tenor Performances outbids the famous Three Tenors by putting a dozen tenors (including the big three--Jose Carreras, Placido Domingo, and Luciano Pavarotti) in one compilation. One or two numbers fall short of greatness, but within the limits of what was available to them, the producers live up to the ambitious title. Domingo is particularly well represented with three arias, and Carreras has two. Only one Pavarotti performance is shown, but it's a good one: a youthful Celeste Aida from San Francisco. But the real meat is in the work of the other nine tenors. The muscular Samson of Jon Vickers contrasts with the bel canto delicacy of Mark Ainsley and Max-Rene Cosotti. Vladimir Atlantov as Otello, Giacomo Aragall as Cavaradossi, and Neil Shicoff as Rodolfo in La Bohème show that Domingo is not the sole proprietor of these roles. A pleasing rarity is Roberto Alagna in two excerpts from Verdi's original version of Don Carlos, with a French text.",
    "genres" : [ {
      "id" : 99,
      "name" : "Documentary"
    }, {
      "id" : 10402,
      "name" : "Music"
    } ]
  }, {
    "id" : 154413,
    "title" : "Orderly or Disorderly",
    "overview" : "A sense of order is the necessary basis of any good social organisation. To illustrate this axiom, Kiarostami presents a series of paired scenes in this educational short film in which the same action is first shown in an organised way and then in an anarchic one. The film crew, however, finds it difficult to organise disorder.",
    "genres" : [ {
      "id" : 18,
      "name" : "Drama"
    } ]
  }, {
    "id" : 154428,
    "title" : "Louise (Take 2)",
    "overview" : "",
    "genres" : [ ]
  }, {
    "id" : 154433,
    "title" : "Wild Team",
    "overview" : "A South American rebel leader in exile in Miami is given one last chance to overthrow his successor, a brutal dictator, by a multi-national mining group out to exploit his countries' mineral resources.",
    "genres" : [ {
      "id" : 28,
      "name" : "Action"
    }, {
      "id" : 10752,
      "name" : "War"
    } ]
  }, {
    "id" : 154443,
    "title" : "Le Secret de l'espadon",
    "overview" : "",
    "genres" : [ {
      "id" : 16,
      "name" : "Animation"
    } ]
  }, {
    "id" : 154453,
    "title" : "Experiments in Terror 3",
    "overview" : "The third in the series of experimental \"horror\" features, this collection features the shorts The Psychotic Odyssey of Richard Chase (1999) by Cary Burtt, J.X. Williams' Satan Claus (1975), Jason Bognacki's Loma Lynda: The Red Door (2008), Terror! (2007) by Ben Rivers, Mike Kuchar's Born of the Wind (1961), and a collaboration from Guy Maddin and Marie Losier called Manuelle Labor (2007).  While not featured in the program, an extra includes the short It Gets Worse (2008) by Clifton Childree.",
    "genres" : [ ]
  }, {
    "id" : 154493,
    "title" : "Fires Down Below",
    "overview" : "Fires Down Below- \"My life is so empty since Brian was killed in Vietnam.\" we hear a ravishing, dark-haired beauty complain in the voice-over. She calls aloud for her lost lover, begins to get horny, and caresses herself to orgasm. Still hot in the pants, she manages to maneuver Brian's Army buddy into the sack, referring to him by her dead husband's name.",
    "genres" : [ ]
  }, {
    "id" : 154498,
    "title" : "Jorge & Mateus - Ao Vivo sem Cortes",
    "overview" : "",
    "genres" : [ ]
  }, {
    "id" : 154503,
    "title" : "Volbeat: Live At Rock Am Ring",
    "overview" : "Volbeat Live at Rock Am Ring june 5, 2010.",
    "genres" : [ ]
  }, {
    "id" : 154513,
    "title" : "Salkım Hanım'ın Taneleri",
    "overview" : "",
    "genres" : [ ]
  }, {
    "id" : 154518,
    "title" : "Pan 3",
    "overview" : "A short film by Hollis Frampton",
    "genres" : [ ]
  }, {
    "id" : 154528,
    "title" : "If You Go Down in the Woods Today",
    "overview" : "A Boy Scout troupe led by their scoutmaster (Sykes) is on a field trip to a seemingly-peaceful English woodland. However, the woods are actually teeming with strange characters, some of whom turn out to be disguised police officers and others criminals. The police are searching for £2,000,000 in stolen banknotes and hope that the criminals will lead them to them. The criminals, on the other hand, are aware that the police are looking for them and doing their best to avoid betraying the location of their stash.",
    "genres" : [ {
      "id" : 35,
      "name" : "Comedy"
    } ]
  }, {
    "id" : 154538,
    "title" : "Mado à sa fenêtre",
    "overview" : "",
    "genres" : [ ]
  }, {
    "id" : 154548,
    "title" : "Foxfur",
    "overview" : "Beyond 1982 There Lies Another World",
    "genres" : [ ]
  }, {
    "id" : 154563,
    "title" : "In the Land of Owl Turds",
    "overview" : "A brilliant, surrealistic fiction film by Harrod Blank: Roland drives a dada art gallery on wheels and attracts more girls than he knows what to do with. Unfortunately, they rarely stick around. Can it be his chicken imitations? His dead animal skulls? His green body make-up? Can a handsome boy who feels like a Martian find happiness with earth girls? And if not, then with who? Or what",
    "genres" : [ ]
  }, {
    "id" : 154578,
    "title" : "Tomorrow Is My Turn",
    "overview" : "Le passage du Rhin (original title). Following the defeat of France by Germany during WWII, two French soldiers are taken to a German farm as forced laborers.",
    "genres" : [ {
      "id" : 10749,
      "name" : "Romance"
    }, {
      "id" : 18,
      "name" : "Drama"
    }, {
      "id" : 10752,
      "name" : "War"
    } ]
  }, {
    "id" : 154583,
    "title" : "Busy Buses",
    "overview" : "In a garage in the small town of Chumley lives a loveable family of buses. In charge of the buses is Mr Spector, the bus inspector. The buses are his pride and joy and he loves them like his own family. Joking, teasing and chatting, they go about their daily duties, having fun and helping each other out of all kinds of scrapes. This DVD contains 26 episodes of the series including: Sammy Meets A Monster; Stephanie and The Queen; Harry Gets Spooked; Colin Needs A Bath; Sammy Nearly Takes Off; Arnold Gets Lost; Stephanie's Bumpy Day; Sammy's First Day At School; Stephanie Gets Soaked; Susan Runs Away; Arnold In A Tight Spot; Arnold's Special Passenger; Sammy In The Snow; Roger Slips Up; Susan Goes Pink; Arnold's Brother Archie; Sammy Has A Paddle; Roger Meets His Chums; Arnold Gets A New Coat; Frank Comes To Visit; Stephanie's Bossy Day; Sammy Wins The Day; Arnold Gets Sick; Mr. Spector's Flowers; Sammy &amp; The Wrong Day &amp; Sammy The Acrobatic Bus",
    "genres" : [ ]
  }, {
    "id" : 154593,
    "title" : "Urban Permaculture",
    "overview" : "Permaculture teacher Geoff Lawton enters the intensive small space gardens in the city and looks at the way Permaculture can be used to create sustainable abundance.",
    "genres" : [ {
      "id" : 99,
      "name" : "Documentary"
    } ]
  }, {
    "id" : 154598,
    "title" : "Due cuori fra le belve",
    "overview" : "",
    "genres" : [ ]
  }, {
    "id" : 154603,
    "title" : "Sadomaster",
    "overview" : "Extreme urban violence reigns in Argentina. Senator Beccar Varela rises as the only way to stop violence with his \"zero tolerance\" politic. People doesn't suspect that Beccar is the head of the nazi gang that causes the violence. When members of the gang torture and rape a retarded man, a mysterious Masked avenger begins his brutal revenge against the gangs and the corrupt politics.",
    "genres" : [ {
      "id" : 10752,
      "name" : "War"
    }, {
      "id" : 28,
      "name" : "Action"
    }, {
      "id" : 27,
      "name" : "Horror"
    } ]
  }, {
    "id" : 154623,
    "title" : "Men without Wings",
    "overview" : "After an attack against the guard of the Third Reich, Nazi repression intensifies, and the Czechoslovakian resistance's organized sabotage in an aircraft factory leads to Gestapo shootings.",
    "genres" : [ {
      "id" : 10752,
      "name" : "War"
    } ]
  }, {
    "id" : 154633,
    "title" : "Two Stage Sisters",
    "overview" : "In pre-revolutionary China, two young girls, Chunhua and Yuehong Xing, rise through the ranks of Chinese opera, but with their artistic success comes a new series of personal and social challenges. After they're sold to a Shanghai opera and the revolution dawns, Yuehong radicalizes and devotes her career to politically progressive performances, while Chunhua flees to avoid turmoil. As the world changes around them, they fight to maintain their friendship.",
    "genres" : [ {
      "id" : 18,
      "name" : "Drama"
    } ]
  }, {
    "id" : 154648,
    "title" : "Jojo - The Violet Mystery",
    "overview" : "Violet is new to JoJo’s school. She has a big nose, and lots of trouble making friends. Violet however, has a big big heart and, to be accepted by the others, she is ready to take chances which not everyone agrees with...especially not the school Principal!",
    "genres" : [ ]
  }, {
    "id" : 154653,
    "title" : "Kiev Frescoes",
    "overview" : "Parajanov's collage of all the footage that remained from his film \"Kiev Frescoes,\" which was halted by the authorities who demanded that all the negatives be destroyed.",
    "genres" : [ ]
  }, {
    "id" : 154658,
    "title" : "Tony vs. Paul",
    "overview" : "",
    "genres" : [ ]
  }, {
    "id" : 154663,
    "title" : "The Happy Poet",
    "overview" : "When Bill, the title character, secures a very small loan to start his dream business--a health food stand--his struggles as an idealistic micro-business owner begin.",
    "genres" : [ {
      "id" : 35,
      "name" : "Comedy"
    } ]
  }, {
    "id" : 154688,
    "title" : "Lunar Jim - Up Up and Way!",
    "overview" : "Lunar Jim is a true adventurer who will transport preschoolers into an exciting world of discovery, fun and adventure. Lunar Jim and his friends are an intrepid group of astronauts living in a tiny little village called Moona Luna. A village much like any other but with one big difference. It's on the moon! It's a special place where the unexpected and fantastic can and does happen. Episode list: Pest Problems; Forget Me Nots; Jim Gets Mucky; Up Up &amp; Away; Recipes for Rover &amp; Running on Empty.",
    "genres" : [ ]
  }, {
    "id" : 154693,
    "title" : "O Céu Sobre os Ombros",
    "overview" : "Blurring borders between documentary and fiction, this film portrays a few moments from the lives of three men from Belo Horizonte: a transsexual prostitute and academic, a Hare Krishna soccer fan and a would-be writer.",
    "genres" : [ ]
  }, {
    "id" : 154698,
    "title" : "Defiant Brasília",
    "overview" : "Avenida Brasília Formosa provides a sensorial insight into the contemporary reality of a neighbourhood that was tranformed following the removal of families to make way for the construction of a coastal highway. This is about film of encounters, memories and desires.",
    "genres" : [ ]
  }, {
    "id" : 154708,
    "title" : "The Wacky Adventures of Ronald McDonald: The Visitors from Outer Space",
    "overview" : "A family of aliens kidnaps the Hamburglar, and it's up to Ronald and the gang to save him!",
    "genres" : [ ]
  }, {
    "id" : 154718,
    "title" : "Jail Bait",
    "overview" : "Based on Franz Xaver Kroetz's play, which is in turn based on a true story, this film by Rainer Werner Fassbinder tells the story of a very young girl who, after persuading a local boy to become her lover, induces the anger of her father, whose incestuous sexual attentions to her have grown unbearable.",
    "genres" : [ {
      "id" : 18,
      "name" : "Drama"
    } ]
  }, {
    "id" : 154733,
    "title" : "Hallucinating Orgasm",
    "overview" : "An affluent woman is kidnapped for a ransom and forced into kinky sex games.",
    "genres" : [ ]
  }, {
    "id" : 154738,
    "title" : "Legend of the Galactic Heroes: My Conquest Is the Sea of Stars",
    "overview" : "For the past 150 years, humanity’s two greatest nations have been deadlocked in a meaningless war. In what is hoped to be a miraculous victory, the Alliance embarks on a battle to break through the Empire’s frontline. Like many other “decisive” battles, this can only end in disaster; a sentiment shared by Imperial nobleman Reinhard von Lohengramm and Alliance Commodore Yang Wen Li, both of whom realize how to turn the fight in their favor. And while the tides of war may never change, these two men must rise to the occasion, solidifying their place in history as heroes.",
    "genres" : [ {
      "id" : 16,
      "name" : "Animation"
    }, {
      "id" : 878,
      "name" : "Science Fiction"
    } ]
  }, {
    "id" : 154748,
    "title" : "Trashy Lady",
    "overview" : "Trashy Lady is a period piece set against the backdrop of the roaring 1920's Chicago underworld, during the days of prohibition, well-dressed gangsters and tommy-guns. Harry Reems plays mobster, Dutch Siegel, who has just been dumped by his filthy mouthed girlfriend, Cara Lott. Shortly after, he falls for the new cigarette girl, Ginger Lynn, whom he meets at his posh club. Dutch wants Kitty as his dame, but a problem exists - she's too classy for him. Kitty is a lady and Dutch likes his dames trashy. He employs a local whore, Rita, played by Amber Lynn, to teach Kitty the 'right' ways to act. His problems are compounded when another local mobster, Big Louie decides to take revenge against Dutch because he believes that he's been sleeping with his girl, sparking a small gang war.",
    "genres" : [ ]
  }, {
    "id" : 154753,
    "title" : "KISS: Live in Buenos Aires",
    "overview" : "Bonus DVD for KISS's Sonic Boom album",
    "genres" : [ ]
  }, {
    "id" : 154768,
    "title" : "Out Living It",
    "overview" : "What happens when you take a group of young adult cancer fighters and survivors and put them on the river or rock for a week with an organization designed to help them paddle and climb beyond their diagnosis, defy their cancer, reclaim their lives, and connect with others doing the same? Epic Magic This film is their story. The young adults featured in this film could be your next door neighbor, the person sitting next to you in your 8 AM intro to Bio Lecture at college, or quite possibly, maybe the are even you.",
    "genres" : [ ]
  }, {
    "id" : 154773,
    "title" : "My Dog: An Unconditional Love Story",
    "overview" : "Famous New Yorkers and the pooches they love are the focus of this refreshingly honest and endearing series of interviews that celebrates the meaningful connections people share with their pups. Gossip columnist Cindy Adams, playwright Edward Albee, designer Isaac Mizrahi, and actors Glenn Close, Edie Falco and Richard Gere are among the many celebs who pay tribute to their beloved canine companions.",
    "genres" : [ ]
  }, {
    "id" : 154788,
    "title" : "Web",
    "overview" : "Web is a thought-provoking and character-based consideration of technology, interdependence, and the Internet. For 10 months, director Michael Kleiman lived in small villages in the Andes Mountains and Amazon Jungle in Peru. While there, he lived with families and documented the villagers’ first experience with computers and the Internet via the One Laptop per Child program. As the children and their parents engage with communications technologies for the first time, the film is a deeply relevant consideration of the digital world we find ourselves in, the tremendous implications we are beginning to see all around us, and the changing definition of connection – both remote technological connection and face-to-face human connection.",
    "genres" : [ {
      "id" : 99,
      "name" : "Documentary"
    } ]
  }, {
    "id" : 154793,
    "title" : "The Listening Project",
    "overview" : "Dominic Howes and Joel Weber's intellectual trek through 14 countries attempts to uncover answers to the question, \"What does the world think of the United States of America?\" Individuals from all walks of life and myriad cultures freely express their stark opinions -- both complimentary and condemning -- of a nation that may not be loved by all, but leaves few lives untouched.",
    "genres" : [ {
      "id" : 99,
      "name" : "Documentary"
    } ]
  }, {
    "id" : 154798,
    "title" : "Frank",
    "overview" : "Caught up in a world he doesn't fit into, FRANK tells the unique story of an lonely outsider who manages to find friends in the strangest of places.",
    "genres" : [ ]
  }, {
    "id" : 154808,
    "title" : "Virgin Tales",
    "overview" : "Evangelical Christians are calling out for a second sexual revolution: chastity. As a counter-movement of the attitudes and practices of today's culture, one in six girls in the US has vowed to remain 'unsoiled' until marriage. But the seven children of the Wilson family, founders of the Purity Ball, take this concept of purity of body and mind one step further; even their first kiss will be at the altar. For two years, the filmmakers follow the Wilson offspring as they prepare for their fairytale vision of romance and marriage and seek out their own prince and princess spouses. In the process, a broader theme emerges: how the religious right is grooming a young generation of virgins to embody an Evangelically-grounded Utopia in America.",
    "genres" : [ {
      "id" : 99,
      "name" : "Documentary"
    } ]
  }, {
    "id" : 154818,
    "title" : "Canyon",
    "overview" : "“A silent perusal of the Grand Canyon, morning to night, from a single, fixed camera position, by means of constant dissolves spaced a few seconds apart. Man — entirely absent — is no longer the center of the universe; the canyon exists outside of him. Despite the invisible photographer and his technologically-caused dissolves, this is a creditable approximation of the true foreign-ness of nature.”  — Amos Vogel, Film as a Subversive Art (1974)",
    "genres" : [ {
      "id" : 99,
      "name" : "Documentary"
    } ]
  }, {
    "id" : 154833,
    "title" : "Dog Gone South",
    "overview" : "Charlie Dog attempts to ingratiate himself to a southern plantation owner.",
    "genres" : [ {
      "id" : 16,
      "name" : "Animation"
    } ]
  }, {
    "id" : 154868,
    "title" : "Pretty",
    "overview" : "Mary plots to escape the small provincial town from which she hails, only to find her path to freedom challenged at every turn.",
    "genres" : [ ]
  }, {
    "id" : 154873,
    "title" : "Marie-Antoinette, la véritable histoire",
    "overview" : "",
    "genres" : [ {
      "id" : 99,
      "name" : "Documentary"
    }, {
      "id" : 18,
      "name" : "Drama"
    }, {
      "id" : 36,
      "name" : "History"
    } ]
  }, {
    "id" : 154878,
    "title" : "Career Woman",
    "overview" : "A young woman graduates from a New York City law school, returns to her small hometown, and finds her first case is defending a childhood friend accused of murder. Director Lewis Seiler's 1936 courtroom drama stars Claire Trevor, Isabel Jewell, Michael Whalen, Gene Lockhart, Eric Linden, Charles Middleton, Edward Brophy, Kathleen Lockhart, Guinn Williams, El Brendel, Sterling Holloway, Ray Brown, Howard Hickman, Frank McGlynn Sr., Charles Waldron Sr., Spencer Charters and Eily Malyon.",
    "genres" : [ ]
  }, {
    "id" : 154908,
    "title" : "Sort of a Commercial for an Icebag",
    "overview" : "short film",
    "genres" : [ ]
  }, {
    "id" : 154913,
    "title" : "Anand",
    "overview" : "A rich guy falls in love with an independent and strong-minded girl, and moves into her simple neighborhood to earn her love.",
    "genres" : [ {
      "id" : 18,
      "name" : "Drama"
    } ]
  }, {
    "id" : 154928,
    "title" : "Life, the Universe and Douglas Adams",
    "overview" : "A celebration of Douglas Adams, the genius behind The Hitch-Hiker's Guide to the Galaxy who died in May 2001, aged just 49.  First heard on radio in 1978, Hitch-Hiker turned Adams and his intergalactic cast of Arthur Dent, Ford Prefect, Zaphod Beeblebrox and Marvin the Robot into a worldwide cult, the books selling in their millions and enthralling fans from every continent.  But Adams was as full of contradictions as the galaxies he created in Hitch-Hiker - a writer who found writing torture, a techie who was ill at ease with the modern world, a sci-fi fanatic who adored PG Wodehouse, and a giant of a man who forgot the extent of his own body and would shut his own legs in the car door.  With excerpts from the TV version of Hitch-Hiker and contributions from his many friends including Stephen Fry, Terry Jones, Clive Anderson and Griff Rhys Jones, this documentary explores Life, the Universe and Douglas Adams and finds that the answer is more than 42.",
    "genres" : [ ]
  }, {
    "id" : 154933,
    "title" : "Lily Allen - Live at Glastonbury 2007",
    "overview" : "Lily Allen at Glastonbury festival 2007.",
    "genres" : [ ]
  }, {
    "id" : 154948,
    "title" : "U.D.O: Live In Sofia",
    "overview" : "Any anniversary provides artists with the perfect opportunity to look back and review the experiences they ve had. And, who realistically, could look back on more Heavy Metal history than Udo Dirkschneider, the legendary founder and frontman of Accept, and now singer with U.D.O.? Dirkschneider's unique voice, his humbleness and consistency of style have made him the fan s favourite. A quarter of a century for U.D.O., and it is time to pop corks all over the world.",
    "genres" : [ ]
  }, {
    "id" : 154953,
    "title" : "The Big Picture",
    "overview" : "Consumed by her career, Wendy never imagined going out with Jack. She never imagined spending any time with him at all, but she's about to witness events that will change her mind. She's about to experience her life played out before her very eyes.",
    "genres" : [ ]
  }, {
    "id" : 154958,
    "title" : "Tail of the Fox: Eric Carr",
    "overview" : "\"Tale of the Fox\" is the Official Eric Carr Video-Biography. When former Kiss drummer Eric Carr died prematurely from a cancer-related brain hemorrhage in 1991, it shook his family, friends and fans to the core. Director Jack Edward Sawyers documents the short life of the young rocker through a combination of stock footage, outtakes and interviews with the people who knew Carr best. Includes previously unreleased material written and performed by Carr during his pre-Kiss time with the Rockheads.",
    "genres" : [ {
      "id" : 99,
      "name" : "Documentary"
    }, {
      "id" : 10402,
      "name" : "Music"
    } ]
  }, {
    "id" : 154983,
    "title" : "Tractor Tom - Baa Baa Tom Sheep",
    "overview" : "Tractor Tom lives on Springfield Farm with all his friends and together they have lots of adventures. Features five episodes.  Ring Tone, Matt loses his new mobile phone so Tom helps him track it down. Showtime Tom, Matt and Fi decide to put their own entertainment show on the farm.  Apple Squash,  Apple harvest looks like it wil cause problems for everyone, but Tom has a great idea that will cheer them all up.  Baa Baa Tom Sheep, Tom turns white when he gets covered in flour and a lost lamb thinks Tom is his mummy!  Football Crazy, Whilst clearing up the barn, Tom finds a football so all the team join in for a match.",
    "genres" : [ ]
  }, {
    "id" : 155003,
    "title" : "The Liberation of the Mannique Mechanique",
    "overview" : "Although best known for his photography, Steven Arnold also wrote, designed, and directed several groundbreaking visionary films, The Liberation of Mannique Mechanique being the first. Stuart Comer of the Tate Modern (London) said of Mannique: “a macabre, decadent work presenting mannequins and models that travel through strange universes toward possible self-discovery.” Brooklyn-based artist and writer Kate Wadkins in a recent online article observed: “Arnold’s films are dream-like visions of androgynous beings. Their narratives are modern-day fairy tales and reveries about gender — all through the lens of an acid trip.”",
    "genres" : [ {
      "id" : 18,
      "name" : "Drama"
    } ]
  }, {
    "id" : 155008,
    "title" : "A Journey That Wasn't",
    "overview" : "An expedition leaves Ushuaia for the Antarctic circle. Pierre Huyghe, along with six other artists, is brought aboard Jean-Louis Etienne's boat in search of an uncharted island inhabited by a strange creature. Imprisoned by ice floats, they come across an albino penguin that they capture with their recording station. Six months later, on the Wollman Ice Rink in New York's Central Park -- another sea of ice -- Joshua Cody conducts his orchestral score inspired by the expedition's topographical records.",
    "genres" : [ {
      "id" : 99,
      "name" : "Documentary"
    } ]
  }, {
    "id" : 155028,
    "title" : "Nina Simone - Live at Ronnie Scott's",
    "overview" : "This DVD features Nina Simone (vocals, piano) delivering an intense emotional performance at the legendary Ronnie Scott's in Soho, London on November 17, 1985. Simone is considered to be one of the most diverse singers of the 20th century, recording mate",
    "genres" : [ {
      "id" : 10402,
      "name" : "Music"
    } ]
  }, {
    "id" : 155033,
    "title" : "Fun with Phonics - Reading",
    "overview" : "This fantastic pack has everything you need to engage your child with phonics and teach them the basics of reading. The pack contains five full-colour books that will introduce your child to the most common sounds that form a foundation to literacy.  This exciting pack also contains a 30-minute DVD featuring the popular ‘Fun with Phonics’ programmes as seen on Cbeebies. Through a mixture of lively, colourful and entertaining sequences, this unique DVD will support your child’s learning by bringing phonics vibrantly to life whilst clearly demonstrating how to voice, read and write the new sounds they are being introduced to.  In Fun with Phonics: Reading, your child will be taken through all 44 of the most basic phonics sounds that they will have to learn at school and will be encouraged to recognise written sounds and words towards being able to identify and read short and simple words on their own.",
    "genres" : [ ]
  }, {
    "id" : 155058,
    "title" : "Theo Maassen: Met alle respect",
    "overview" : "Theo Maassen is extraordiarily hard on Holland, but seems to see the fun of it. Met alle respect is his seventh solo programme. Just like in his other shows, Theo Massen combines his satirical view on our society with his daily life.",
    "genres" : [ {
      "id" : 35,
      "name" : "Comedy"
    } ]
  }, {
    "id" : 155063,
    "title" : "Boogie Beebies - Move Your Feet to the Beat",
    "overview" : "Episodes featured include: 'Shoe Hoedown', 'Going to the Park', 'Penguin Bop', 'Double Decker', 'Building', 'Tick Tock Clock', 'Carousel', 'Do the Duck' and 'Chuffa Chuffa Chawoowoo'.",
    "genres" : [ ]
  }, {
    "id" : 155098,
    "title" : "Beyond the Road",
    "overview" : "Santiago, a twenty-something Argentinean, takes a boat to Montevideo to claim land willed to him by his parents. On his way out of the capitol, he notices Juliette, a young Belgian woman who was also on the boat. After discovering they're heading in the same direction, the two travelers hit the road together.",
    "genres" : [ ]
  }, {
    "id" : 155103,
    "title" : "Umphrey's McGee: Live from Summer Camp Music Festival 2011",
    "overview" : "5-27-11  Set One  Prowler > 1348 > \"Jimmy Stewart\" > Red Tape > \"Jimmy Stewart\" > Red Tape, Pay the Snucka, 2nd Self, Senor Mouse, Mulche's Odyssey  Set Two  Jazz Odyssey, Preamble > Miss Tinkle's Overture > Higgins > Miss Tinkle's Overture > Higgins, Rocker Part 2, Day Nurse, Hourglass, The Floor, National Anthem  Encore  The Triple Wide > 1348  5-28-11  Set One  Nipple Trix > 40's Theme, Conduit > \"Jimmy Stewart\" > Conduit, Divisions, Go to Hell, Puppet String, JaJunk  Set Two  Jazz Odyssey > Bridgeless > No Comment > Bridgeless, Forks, Plunger > Glory > Hajimemashite > Plunger, Hurt Bird Bath  Encore  Booth Love, Live and Let Die",
    "genres" : [ ]
  }, {
    "id" : 155113,
    "title" : "Kathy Griffin: 50 And Not Pregnant",
    "overview" : "This special contains Kathy Griffin's performance at the Riverside Theater in Milwaukee, WI on February 19, 2011.",
    "genres" : [ {
      "id" : 35,
      "name" : "Comedy"
    } ]
  }, {
    "id" : 155128,
    "title" : "The Body",
    "overview" : "A beautiful woman who lives on an island with her abusive husband, entices a young man into a murder-for-money plot.",
    "genres" : [ {
      "id" : 18,
      "name" : "Drama"
    }, {
      "id" : 53,
      "name" : "Thriller"
    } ]
  } ]
}