{
  "movies" : [ {
    "id" : 366728,
    "title" : "Protest Album",
    "overview" : "Events surrounding the life of a female pop star in which several men are involved as well. The story starts to develop when one of them kills her...",
    "genres" : [ {
      "id" : 18,
      "name" : "Drama"
    }, {
      "id" : 80,
      "name" : "Crime"
    } ]
  }, {
    "id" : 366733,
    "title" : "Eggplant",
    "overview" : "Durian was born with his facial expressions opposite to everyone else.The film shows a time span of this little boy growing into a young adult, by displaying milestones in both his real life and his imaginary world.",
    "genres" : [ {
      "id" : 16,
      "name" : "Animation"
    } ]
  }, {
    "id" : 366743,
    "title" : "Absent",
    "overview" : "",
    "genres" : [ {
      "id" : 99,
      "name" : "Documentary"
    } ]
  }, {
    "id" : 366748,
    "title" : "Homicide: Division B",
    "overview" : "A madman threatens to blow up a police station. With only a limited amount of time, the Chief Inspector must solve the problem using a most unexpected tactic.",
    "genres" : [ {
      "id" : 35,
      "name" : "Comedy"
    } ]
  }, {
    "id" : 366753,
    "title" : "Jeff Panacloc et Jean-Marc",
    "overview" : "",
    "genres" : [ {
      "id" : 35,
      "name" : "Comedy"
    } ]
  }, {
    "id" : 366758,
    "title" : "Transeúntes",
    "overview" : "",
    "genres" : [ {
      "id" : 18,
      "name" : "Drama"
    } ]
  }, {
    "id" : 366763,
    "title" : "I Am Syd Stone",
    "overview" : "Lights, Camera, Action! When a much-desired Hollywood heartthrob returns back to his home town for a reunion of sorts, he expects to rekindle an old closeted relationship. But soon he learns that things aren t as they seem and secrets always catch up in the end.",
    "genres" : [ ]
  }, {
    "id" : 366768,
    "title" : "Zelle",
    "overview" : "",
    "genres" : [ ]
  }, {
    "id" : 366773,
    "title" : "De prisons en prisons",
    "overview" : "",
    "genres" : [ ]
  }, {
    "id" : 366778,
    "title" : "Barber Shop",
    "overview" : "A young woman gets a haircut.",
    "genres" : [ ]
  }, {
    "id" : 366783,
    "title" : "Scully",
    "overview" : "Scully dreams of becoming a world-class striker for Liverpool FC, like his hero Kenny Dalglish, but is always brought crashing down to earth by the reality of his situation. A dysfunctional family, a train-spotting brother called Henry and an attention-seeking best mate, Mooey all conspire to stop Scully from realising his dream.",
    "genres" : [ ]
  }, {
    "id" : 366788,
    "title" : "Past Perfect",
    "overview" : "Strangers meet on a cross-Canada flight.",
    "genres" : [ ]
  }, {
    "id" : 366793,
    "title" : "The Bubble: A Documentary Film About Celebration, Florida",
    "overview" : "Murder, Sex, Disney. The town of Celebration, Florida has it all. Built on the southern edge of Walt Disney World by the Disney Company in 1994, Celebration is now home to over 10,000 people attempting to live the perfect life under what they call, 'The Bubble'. For 15 years the peaceful town grew under scrutiny from outsiders and in November of 2010 they had their first murder when a man was beaten with an axe in his own home. In the following investigations, one resident was quoted as saying, 'I never met so many swingers since I moved to Celebration'. Is the bubble beginning to pop?",
    "genres" : [ ]
  }, {
    "id" : 366798,
    "title" : "Naughty Naughty",
    "overview" : "Naughty Naughty is a comedy about our obsession with fame and how pop culture influences us, but in less pretentious terms it's about pizza sex and hitting people with hammers.",
    "genres" : [ ]
  }, {
    "id" : 366803,
    "title" : "Dear Margery Boobs",
    "overview" : "Agony Aunt Margery Boobs (based on real life newspaper correspondent Margery Proops) has heard it all when it comes to sexual fantasies. Still, she finds her match in the unlikely “worried Streatham” when his sex life and weird obsessions call for expert advice.",
    "genres" : [ ]
  }, {
    "id" : 366808,
    "title" : "The Immortals",
    "overview" : "This film is a personal journey travelling through time and space to unravel hidden stories and rediscover objects and images that at one time were an integral part of the lives of these artists through which their creations came into being. It is a visual exploration of physical artifacts, personal spaces and living memories where the image speaks for itself, recreating the impression of each artist whilst telling the story of Indian cinema. The film depicts the paradox of India’s relationship with cinema: the romance and the power, the neglect and the worship.",
    "genres" : [ {
      "id" : 99,
      "name" : "Documentary"
    }, {
      "id" : 36,
      "name" : "History"
    } ]
  }, {
    "id" : 366818,
    "title" : "Jean-Luc as Seen by Luc",
    "overview" : "A tongue-in-cheek short by Luc Moullet, filmmaker and critic. Moullet was one of Godard's early friends and collaborators at the Cahiers du cinéma.",
    "genres" : [ {
      "id" : 99,
      "name" : "Documentary"
    } ]
  }, {
    "id" : 366823,
    "title" : "Brandy for the Parson",
    "overview" : "A young couple get involved with a smuggler",
    "genres" : [ {
      "id" : 35,
      "name" : "Comedy"
    } ]
  }, {
    "id" : 366828,
    "title" : "Brutal Ardour",
    "overview" : "Experimental film by Manuel Huerga.",
    "genres" : [ ]
  }, {
    "id" : 366833,
    "title" : "Holozän",
    "overview" : "Adapted from the Max Frisch novel \"Der Mensch erscheint im Holozän, Man in the Holocene\". When the novel was published back in 1979 the New York Times called it a \"brilliant parable of immense importance\". It tells the story of an old man, isolated from the outside world in a little mountain village in Ticino, Switzerland, who fights against oblivion. From books that he has there he cuts out texts and images about geology and geological history to fix and arrange them on the walls of his cottage. Frisch adds these articles to his novel to assemble human history with individual decay.",
    "genres" : [ ]
  }, {
    "id" : 366838,
    "title" : "Fuck For Dollars 4",
    "overview" : "All sex video.",
    "genres" : [ ]
  }, {
    "id" : 366843,
    "title" : "The Revenge of the Ghost Tree",
    "overview" : "Rare Ghost/Drama film from Taiwan.",
    "genres" : [ ]
  }, {
    "id" : 366848,
    "title" : "The First Summer",
    "overview" : "Two sisters meet up late one summer to clear out the house of their deceased grandparents.",
    "genres" : [ {
      "id" : 18,
      "name" : "Drama"
    } ]
  }, {
    "id" : 366853,
    "title" : "Between the Buried & Me: The Making of Coma Ecliptic",
    "overview" : "Between the Buried and Me's \"Coma Ecliptic\" was recorded in January and February of 2015 with longtime producer Jamie King at Basement Recordings in North Carolina. \"The Making of Coma Ecliptic\" follows vocalist/keyboardist Tommy Rogers, guitarist Paul Waggoner, guitar Dustie Waring, bassist Dan Briggs and dummer Blake Richardson, offering an in-depth and behind-the-scenes look into this recording process. Directed and edited by Justin Reich, with additional footage supplied by Blake Faucette.",
    "genres" : [ ]
  }, {
    "id" : 366863,
    "title" : "Driving with Selvi",
    "overview" : "Former child bride Selvi escapes her child marriage to become South India's first female taxi driver.",
    "genres" : [ {
      "id" : 99,
      "name" : "Documentary"
    } ]
  }, {
    "id" : 366868,
    "title" : "The X-Files : Existence",
    "overview" : "",
    "genres" : [ {
      "id" : 53,
      "name" : "Thriller"
    }, {
      "id" : 18,
      "name" : "Drama"
    }, {
      "id" : 878,
      "name" : "Science Fiction"
    } ]
  }, {
    "id" : 366873,
    "title" : "Campo Minado",
    "overview" : "",
    "genres" : [ {
      "id" : 18,
      "name" : "Drama"
    } ]
  }, {
    "id" : 366878,
    "title" : "Repelsteeltjie",
    "overview" : "",
    "genres" : [ ]
  }, {
    "id" : 366883,
    "title" : "Place de la Concorde (obélisque et fontaines)",
    "overview" : "",
    "genres" : [ ]
  }, {
    "id" : 366888,
    "title" : "Vleesverlangen",
    "overview" : "",
    "genres" : [ {
      "id" : 99,
      "name" : "Documentary"
    } ]
  }, {
    "id" : 366893,
    "title" : "Bighorror",
    "overview" : "A hearse and its cortege are going towards a graveyard. During this killer night, the guests are all sneaky and horrible to each other. The Big Funeral turns into terror.",
    "genres" : [ {
      "id" : 16,
      "name" : "Animation"
    } ]
  }, {
    "id" : 366898,
    "title" : "Somewhere Down the Line",
    "overview" : "This film follows a man’s life; loves and losses, shown through the exchanges he has with passengers in his car.",
    "genres" : [ {
      "id" : 12,
      "name" : "Adventure"
    }, {
      "id" : 16,
      "name" : "Animation"
    } ]
  }, {
    "id" : 366903,
    "title" : "Maxime: La Película",
    "overview" : "",
    "genres" : [ ]
  }, {
    "id" : 366908,
    "title" : "Method",
    "overview" : "During making film, the director wants for the actor Min-sung to show more real acting performance. As the takes continue, the conflicts between them are getting worse and worse.",
    "genres" : [ ]
  }, {
    "id" : 366913,
    "title" : "Chain",
    "overview" : "A girl and a boy meet by a chance in unaware of consequences on one day. A modern parable inspired by true events.",
    "genres" : [ {
      "id" : 18,
      "name" : "Drama"
    }, {
      "id" : 36,
      "name" : "History"
    } ]
  }, {
    "id" : 366918,
    "title" : "ZAZ le film",
    "overview" : "",
    "genres" : [ ]
  }, {
    "id" : 366923,
    "title" : "Palisade",
    "overview" : "Palisade is a short film about a man named Lloyd who robs a convenience store to help his girlfriend out of debt. To escape the cops, Lloyd breaks into a  woman's home, locks himself in her bedroom and holds her cat hostage. The pair develop an odd friendship through the locked bedroom door.  This film is a comedy of errors that explores the polarities of compatibility, and demonstrates the power of attraction over circumstance.",
    "genres" : [ {
      "id" : 35,
      "name" : "Comedy"
    } ]
  }, {
    "id" : 366928,
    "title" : "Moeders springen niet van Flats",
    "overview" : "In 2002, Elena Lindemans's mother Willemien took her own life by jumping off an apartment building. She had asked for euthanasia as a way out of her unbearable mental suffering. As a mental health patient, her request was rejected on principle, leaving suicide her only way out. Elena and her family knew what Willemien was planning to do, but they didn't stop her. They decided to let her go.  In the documentary Mothers don't jump off buildings, director Elena Lindemans goes looking for the residents of the apartment building who witnessed her mother's jump, and the doctors who dealt with her request for assisted suicide. She also talks to her own family for the first time about what happened on that Monday afternoon.",
    "genres" : [ ]
  }, {
    "id" : 366933,
    "title" : "François Damiens - Les Caméras planquées de François Damiens, Vol. 1",
    "overview" : "",
    "genres" : [ {
      "id" : 35,
      "name" : "Comedy"
    }, {
      "id" : 10751,
      "name" : "Family"
    } ]
  }, {
    "id" : 366938,
    "title" : "Pecado de juventud",
    "overview" : "A sympathetic elder docsplains life to a teenaged girl in his neighborhood.",
    "genres" : [ ]
  }, {
    "id" : 366948,
    "title" : "Ohnsorg-Theater - Willi, das Prachtstück",
    "overview" : "",
    "genres" : [ {
      "id" : 35,
      "name" : "Comedy"
    } ]
  }, {
    "id" : 366953,
    "title" : "Caravane de chameaux",
    "overview" : "",
    "genres" : [ ]
  }, {
    "id" : 366958,
    "title" : "Vue prise d’une plate-forme mobile, I",
    "overview" : "",
    "genres" : [ ]
  }, {
    "id" : 366963,
    "title" : "Ohnsorg -Theater - Morgen wird alles anders",
    "overview" : "",
    "genres" : [ {
      "id" : 35,
      "name" : "Comedy"
    } ]
  }, {
    "id" : 366968,
    "title" : "Force-Full Imagination",
    "overview" : "Michelle, an imaginative seven-year old, lies entangled in the schemes of her little brother while trying to save her toys and obey her mom!",
    "genres" : [ ]
  }, {
    "id" : 366978,
    "title" : "Arthur's Perfect Christmas",
    "overview" : "Arthur, D.W., and their family and friends prepare to make the best Christmas ever in Elwood City - but obstacles get in their way.",
    "genres" : [ {
      "id" : 10751,
      "name" : "Family"
    }, {
      "id" : 16,
      "name" : "Animation"
    } ]
  }, {
    "id" : 366993,
    "title" : "Rolf Miller - Alles andere ist primär",
    "overview" : "",
    "genres" : [ ]
  }, {
    "id" : 366998,
    "title" : "Therefore I Am",
    "overview" : "A mysterious encounter between a man who claims to be from the future and the man that he claims is his former self.",
    "genres" : [ {
      "id" : 878,
      "name" : "Science Fiction"
    } ]
  }, {
    "id" : 367003,
    "title" : "This  is the Way",
    "overview" : "Nijmegen, Holland, 2013. Joy has two lesbian mothers, Mo and Frei, and two gay fathers, Floor and Coen. She has a boyfriend of Nigerian origins, Timo, and a Portuguese girlfriend, Bibi. She is eighteen and she was born through an insemination passed in a jar of peanut butter. A documentary film about a girl coming from the future, shot with a mobile phone.",
    "genres" : [ ]
  }, {
    "id" : 367008,
    "title" : "Förår",
    "overview" : "A 12-year-old girl armed with a loaded hunting rifle walks down the main street of a small town. This film recreates the memory of that day. Things happened, but it's hard to remember in what order.How people got from one place to another. What people said.",
    "genres" : [ ]
  }, {
    "id" : 367013,
    "title" : "Get Lost",
    "overview" : "Red Tide Pictures’ latest Off-Road moto film shot entirely in 4K video documents the journey from civilization to wilderness and back home again. Starring Kevin Rookstool, Kyle Redmond, Rory Sullivan, Mikey Horban, and Cory Graffunder. Directed by Wiley Watson.  Synopsis:  When the elevation gains and the mountains reveal themselves, the two wheeled man changes; with an increased heartbeat the mind begins to spin off the empty canvas ahead. Where the common man turns around, the adventurist seeks the path of the unknown trail, the perfect lip, and the unfolding challenge of earth’s vast terrain. It’s a feeling we all relate to, but most have forgotten. Sometimes the only way to remember is to Get Lost!  Supported by — Bolt Motorcycle Hardware, Kenda Tires, SRT, Seat Concepts, Dirtbike Magazine.  Disclaimer: Shot on private land and legal off-road riding areas.",
    "genres" : [ ]
  }, {
    "id" : 367018,
    "title" : "Ghost Of Hidden Valley",
    "overview" : "Dawson is running rustled cattle across the abandoned Trenton ranch and has given it the reputation of a ghost ranch to keep people away. When Henty Tenton arrives from England to take over the ranch, Dawson tries to get rid of him. But Billy and Fuzzy are on hand to help Henry and it's not long before they have to go into action.",
    "genres" : [ {
      "id" : 37,
      "name" : "Western"
    } ]
  }, {
    "id" : 367023,
    "title" : "Howway the Lasses",
    "overview" : "South Shields born animator Sheila Graber takes a wry look at the ups and downs of women’s quest for emancipation. Along the way, we meet some of the North East’s true pioneers – Northumbrian Jacobite heroine Dorothy Forster, gutsy Grace Darling, Labour class warrior and Jarrow crusader, Ellen Wilkinson, and the militant suffragette, Connie Lewcock. The title is the message, which subverts a popular Geordie chant: ‘Get a move on lasses!’",
    "genres" : [ {
      "id" : 16,
      "name" : "Animation"
    } ]
  }, {
    "id" : 367033,
    "title" : "Björk",
    "overview" : "",
    "genres" : [ {
      "id" : 99,
      "name" : "Documentary"
    } ]
  }, {
    "id" : 367043,
    "title" : "Den khomyachka",
    "overview" : "",
    "genres" : [ {
      "id" : 35,
      "name" : "Comedy"
    } ]
  }, {
    "id" : 367048,
    "title" : "Moonless Summer",
    "overview" : "Before moving abroad, sixteen-year-old Isidora spends a few days at her childhood countryside house.  Lost in the summer’s stillness, she fears the coming changes...",
    "genres" : [ ]
  }, {
    "id" : 367053,
    "title" : "Friends and Romans",
    "overview" : "A group of lifelong mob movie extras mount a production of Shakespeare's Julius Caesar in their local Staten Island theater in order to finally get some speaking roles. But the theater is the secret hideout of a real-life gangster who fancies himself an actor, and whom the FBI are hunting for the recent murder of a Broadway producer. The Feds insert their own undercover agent to audition for the role of Cassius, seeking to determine who is the real gangster among a cast of make-believe criminals. All the while, the oblivious cast seek only to prove to themselves, their families, and friends that they are more than just extras.",
    "genres" : [ ]
  }, {
    "id" : 367058,
    "title" : "Hollywood Cavalcade: The Silent Dream",
    "overview" : "Special featurette included on the Hollywood Cavalcade (1939) DVD.",
    "genres" : [ ]
  }, {
    "id" : 367068,
    "title" : "The Six Billion Dollar Man",
    "overview" : "After a crippled test pilot is rebuilt with bionic limbs and implants, he serves as a unique intelligence agent.",
    "genres" : [ {
      "id" : 28,
      "name" : "Action"
    }, {
      "id" : 878,
      "name" : "Science Fiction"
    } ]
  }, {
    "id" : 367073,
    "title" : "The Green Girdle",
    "overview" : "In a bid to encourage city-dwellers to leave behind the restrictions of war, 'The Green Girdle' escapes from the austere urban landscape of inner-city London and savours the natural delights of the capital’s rural surroundings.",
    "genres" : [ {
      "id" : 99,
      "name" : "Documentary"
    } ]
  }, {
    "id" : 367078,
    "title" : "Sone Ki Chidiya",
    "overview" : "An impoverished orphan is first abused by her extended family, and then exploited after she becomes popular and wealthy.",
    "genres" : [ ]
  }, {
    "id" : 367088,
    "title" : "John Coltrane: The Coltrane Legacy",
    "overview" : "Although some of the production elements may seem a bit dated to modern viewers, The Coltrane Legacy [DVD] (2001) -- which is a remastered edition of the mid-'80s home video program -- remains a discerning compendium of Coltrane in action from three distinct eras of his career.",
    "genres" : [ ]
  }, {
    "id" : 367093,
    "title" : "Paradise Waits",
    "overview" : "As the days turn into weeks and the weeks roll into months, it's the moments when everything seems to come together in perfect harmony that resonate the loudest. For those who anticipate winter's arrival with frothing mouths and the dreams of what may come,this past year came with an unfamiliar set of struggles as these perfect moments became more and more elusive. But for the TGR team, this only hardened their pursuit of winter's rewards. Through the highs and lows of a curious season, they come to find that the moments found on the other side of adversity are the greatest moments of all.  From the award-winning filmmaking crew that brought you 2014's Almost Ablaze, comes the story of one weird winter and the people who celebrate it... Paradise Waits - a ski and snowboard film.",
    "genres" : [ ]
  }, {
    "id" : 367103,
    "title" : "Aventuras de las hermanas X",
    "overview" : "Two Zorro gals fight crime.",
    "genres" : [ ]
  }, {
    "id" : 367108,
    "title" : "Bathroom Break",
    "overview" : "Sarah and Bram’s roadtrip takes a horrifying turn when they stop for a bathroom break in the dark woods of Wallonia.",
    "genres" : [ ]
  }, {
    "id" : 367113,
    "title" : "Gothic Assassins",
    "overview" : "A global conspiracy is underway guided by The New World Order. They have strategically placed its members all over the globe in key positions of power. The time spoken in prophesy known as the end of days is quickly approaching. A secret religious order created thousands of years ago with the sole purpose to prevent the Apocalypse must face their fate. Walking by faith not by sight, through their journey, these knights will be pierced by the sword of truth, revealing their own miseries, doubts and fears, discovering how they were misled by their Master. Their faith will be put to test surrounded by temptation, betrayal, murder and remorse. Only the faithful to death shall receive the crown of life. The others will become Gothic Assassins.",
    "genres" : [ ]
  }, {
    "id" : 367118,
    "title" : "Schloßherren",
    "overview" : "",
    "genres" : [ {
      "id" : 18,
      "name" : "Drama"
    } ]
  }, {
    "id" : 367123,
    "title" : "Alberta und Alice oder Die Unterwerfung",
    "overview" : "",
    "genres" : [ {
      "id" : 18,
      "name" : "Drama"
    } ]
  }, {
    "id" : 367128,
    "title" : "L’Orchestre Noir",
    "overview" : "Investigations carried out over 20 years on the attacks in Italy in the late 1960s, particularly the Piazza Fontana bombing, leading to the accusation of the extreme left. Ultimately, a collaboration between the Italian secret services and the CIA had created a paramilitary organisation inspired by the Greek colonels of the ‘67 coup, designed to halt the “communist threat”.",
    "genres" : [ {
      "id" : 99,
      "name" : "Documentary"
    } ]
  }, {
    "id" : 367133,
    "title" : "Der Vater",
    "overview" : "",
    "genres" : [ {
      "id" : 18,
      "name" : "Drama"
    } ]
  }, {
    "id" : 367143,
    "title" : "Catupecu Machu: Intimo E Interactivo",
    "overview" : "",
    "genres" : [ ]
  }, {
    "id" : 367153,
    "title" : "Poor Boy",
    "overview" : "Two misfit brothers hustle cash and chase dreams in the desert. When a mysterious woman threatens to repo their beloved houseboat the brothers cook up an epic con to finally leave their dusty town and sail off on a beam of sunshine to California.",
    "genres" : [ {
      "id" : 18,
      "name" : "Drama"
    }, {
      "id" : 37,
      "name" : "Western"
    } ]
  }, {
    "id" : 367158,
    "title" : "Passenger",
    "overview" : "Innsbruck. Hokkaido. Edmonton. Revelstoke. Haines. Queenstown. Stubai Glacier. Many have passed through these places over the last two years; workers, travelers, adventurers…among them was a collection of friends bonded by a shared affinity for chasing snow to all corners of the globe. This group of skiers has come to be known as Legs of Steel, and they’ve been travel companions for a long time.",
    "genres" : [ ]
  }, {
    "id" : 367163,
    "title" : "Rufus! Rufus! Rufus! Does Judy! Judy! Judy!",
    "overview" : "A live recording from Rufus Wainwright's sold-out February 25, 2007 tribute concert at the London Palladium to the legendary American actress and singer Judy Garland. The tribute concert features the same songs from Garland's well-known 1961 album, Judy at Carnegie Hall.",
    "genres" : [ {
      "id" : 10402,
      "name" : "Music"
    } ]
  }, {
    "id" : 367168,
    "title" : "Chubby Chick #5",
    "overview" : "Big Babes Getting it Hard!",
    "genres" : [ ]
  }, {
    "id" : 367173,
    "title" : "Gigantic Face Smothers",
    "overview" : "If big butts bust your nuts then look no further. These plump humpers are going face to face and putting their big asses right on these lucky guys noggins.",
    "genres" : [ ]
  }, {
    "id" : 367178,
    "title" : "Большой фитиль",
    "overview" : "",
    "genres" : [ ]
  }, {
    "id" : 367183,
    "title" : "Eurovision Song Contest 2014",
    "overview" : "",
    "genres" : [ ]
  }, {
    "id" : 367188,
    "title" : "Democracy - Im Rausch der Daten",
    "overview" : "Digitalization has changed society. While data is becoming the \"new oil\", data protection is becoming the new \"pollution control\". This creative documentary opens an astonishing inside view into the lawmaking milieu on EU level. A compelling story of how a group of politicians try to protect todays society against the impact of Big Data and mass surveillance.",
    "genres" : [ {
      "id" : 99,
      "name" : "Documentary"
    } ]
  }, {
    "id" : 367193,
    "title" : "Kellerassel",
    "overview" : "",
    "genres" : [ {
      "id" : 18,
      "name" : "Drama"
    } ]
  }, {
    "id" : 367198,
    "title" : "Undercover Punch and Gun",
    "overview" : "(coming soon)",
    "genres" : [ ]
  }, {
    "id" : 367203,
    "title" : "Three on the Road",
    "overview" : "(coming soon)",
    "genres" : [ ]
  }, {
    "id" : 367213,
    "title" : "I Can't... I Can't...",
    "overview" : "I Can’t I Can’t tells the tale of a young Irish Catholic bride who is devastated when her pregnant mother miscarries and dies on her wedding day. The young woman (Tessa Wyatt), one of seven children, blames her father’s lust for the death. When her own wedding night arrives she is terrified and refuses to consummate the marriage with her husband (Dennis Waterman). Her parish priest forbids her to accept her doctor’s suggestion that she should use contraception and she is driven to desperate measures.",
    "genres" : [ ]
  }, {
    "id" : 367218,
    "title" : "Top Gear: The Burma Special",
    "overview" : "Three daring BBC presenters continue their journey through the Shan region of Burma. Later on they discover another challenge waiting for them at the river Kwai.",
    "genres" : [ ]
  }, {
    "id" : 367223,
    "title" : "The False Czar",
    "overview" : "A historical film based on the struggle of the Montenegrins for their independence.",
    "genres" : [ {
      "id" : 18,
      "name" : "Drama"
    } ]
  }, {
    "id" : 367228,
    "title" : "Wolf Alice - Reading Festival 2015",
    "overview" : "Wolf Alice\r Reading Festival\r Radio 1 / NME Stage\r Little John's Farm\r Reading, UK\r August 29, 2015",
    "genres" : [ ]
  }, {
    "id" : 367233,
    "title" : "Perhaps, Maybe, Supposedly",
    "overview" : "An intertwined love stories within a dysfunctional extended family for three generations. It tells how each generation understands and perceives the idea of love.",
    "genres" : [ {
      "id" : 18,
      "name" : "Drama"
    }, {
      "id" : 10751,
      "name" : "Family"
    }, {
      "id" : 35,
      "name" : "Comedy"
    } ]
  }, {
    "id" : 367238,
    "title" : "Dog Nation",
    "overview" : "Amid legalized corruption, a son struggles to prove to his father that he is fit to survive in a dog-eat-dog society.",
    "genres" : [ {
      "id" : 18,
      "name" : "Drama"
    } ]
  }, {
    "id" : 367243,
    "title" : "Serum Serum",
    "overview" : "Norwegian: Children's sitcom",
    "genres" : [ ]
  }, {
    "id" : 367248,
    "title" : "Maelstrom",
    "overview" : "British Mystery serial from the Norwegian Fjords. Quite Watchable. Starring Tusse Silberg",
    "genres" : [ ]
  }, {
    "id" : 367253,
    "title" : "Ein Ausgangstag",
    "overview" : "",
    "genres" : [ {
      "id" : 18,
      "name" : "Drama"
    } ]
  }, {
    "id" : 367258,
    "title" : "A wopbobalobop alopbamboom",
    "overview" : "German Whatchamacallit",
    "genres" : [ ]
  }, {
    "id" : 367263,
    "title" : "Reaching for Innocense",
    "overview" : "British / Canadien Co Production",
    "genres" : [ ]
  }, {
    "id" : 367268,
    "title" : "The Phantom Horsemen",
    "overview" : "Adventure in which a group of children find intrigue and mystery. Whisked away to a strange island, they tangle with pirates and have to deal with The Phantom Horseman.",
    "genres" : [ ]
  }, {
    "id" : 367273,
    "title" : "Quadrille",
    "overview" : "",
    "genres" : [ {
      "id" : 35,
      "name" : "Comedy"
    } ]
  }, {
    "id" : 367278,
    "title" : "Liebe hat ihre Zeit",
    "overview" : "",
    "genres" : [ {
      "id" : 18,
      "name" : "Drama"
    } ]
  }, {
    "id" : 367283,
    "title" : "Drifters",
    "overview" : "Told through the eyes of a down-on-her-luck actor, DRIFTERS explores the basic human desire to find purpose in one's life decisions.",
    "genres" : [ {
      "id" : 18,
      "name" : "Drama"
    } ]
  }, {
    "id" : 367288,
    "title" : "Le piège diabolique",
    "overview" : "",
    "genres" : [ {
      "id" : 16,
      "name" : "Animation"
    } ]
  }, {
    "id" : 367298,
    "title" : "40 Years of Silence: An Indonesian Tragedy",
    "overview" : "In one of the largest unknown mass-killings of the 20th cen­tury, an esti­mated 500,000 to 1,000,000 Indone­sians were killed in 1965 when Gen­eral Suharto began a purge of sus­pected “com­mu­nists” through a com­plex and highly con­tested series of events–ultimately lead­ing him to the presidency. 40 Years of Silence: An Indone­sian Tragedy fol­lows the com­pelling tes­ti­monies of four indi­vid­u­als and their fam­i­lies, as they break the silence with an inti­mate look at what it was like for sur­vivors dur­ing Suharto’s New Order regime.",
    "genres" : [ {
      "id" : 99,
      "name" : "Documentary"
    } ]
  }, {
    "id" : 367303,
    "title" : "No Contract",
    "overview" : "No Contract is a visceral video that combines elements of performance, sculptural cinema and documentary to explore themes of urgency, isolation and escape, as well as the notions of torment and renewal, desire and destruction.",
    "genres" : [ {
      "id" : 99,
      "name" : "Documentary"
    } ]
  } ]
}