{
  "movies" : [ {
    "id" : 367838,
    "title" : "The Redemption of the Devil",
    "overview" : "Jesse Hughes, AKA Boots Electric, AKA The Fabulous Weapon, AKA \"The Devil\" - guitarist, beloved frontman of the band Eagles of Death Metal, man of God, and (possibly) aspiring conservative politician. VICE presents The Redemption of the Devil, which follows Jesse as he gets ordained as a Catholic minister, begins an intense relationship with an ex porn star, explores the political arena, and fights for custody of his only child, all while preparing for the fervently awaited release of his first album since 2008 with childhood best friend Josh Homme, frontman of Queens of the Stone Age.",
    "genres" : [ {
      "id" : 10402,
      "name" : "Music"
    }, {
      "id" : 99,
      "name" : "Documentary"
    } ]
  }, {
    "id" : 367843,
    "title" : "Cantata of Grief",
    "overview" : "Doomsday mood in an institution for assisted suicide! Patients, nurses, and doctors voice their distress about everyday suffering and the hurts of life. In this pitch-black tragic comedy, the six actors address the audience in soliloquies.",
    "genres" : [ ]
  }, {
    "id" : 367848,
    "title" : "Hyde's Secret Nightmare",
    "overview" : "An erotic horror movie dedicated to Joe D Amato, Hyde's Secret Nightmare combines the two genres and mixes them in equal parts. Cross-cut erotic and horror scenes are kept together by a thread of dramatic force bordering on obsession, paranoia, phobia, perversion, and lack of self-acceptance. Everything unfolds in an extreme world where sex seems the only way to attain a state of well-being.",
    "genres" : [ {
      "id" : 27,
      "name" : "Horror"
    } ]
  }, {
    "id" : 367853,
    "title" : "Aankomst der vredesconferentie te Haarlem, 4 Juni 1899",
    "overview" : "Reportage about the visit that the delegates to the First Peace Conference at The Hague made to the floral parade in Haarlem. [...] Although the original goal – a treaty on disarmament – was not reached, other treaties were indeed agreed upon, for example a ban on the use of poison gas and the dropping of bombs from balloons. [...]The group, consisting of 175 guests, made a special train trip to Haarlem on June 4, where they visited the floral parade and the Frans Hals Museum.",
    "genres" : [ ]
  }, {
    "id" : 367858,
    "title" : "Rats",
    "overview" : "",
    "genres" : [ {
      "id" : 35,
      "name" : "Comedy"
    }, {
      "id" : 27,
      "name" : "Horror"
    } ]
  }, {
    "id" : 367863,
    "title" : "Crossword Monologues",
    "overview" : "If people from different parts of the world lined up their monologues, as if in a crossword puzzle, these monologues would eventually create a conversation.",
    "genres" : [ ]
  }, {
    "id" : 367868,
    "title" : "A Single oman",
    "overview" : "A Single Woman is a distinct, lively portrait of Jeannette Rankin (the first American woman elected to Congress; also a suffragist, peace activist and reformer) that takes us from her childhood in 1880's Montana, to her last television interview in 1972. Deliciously political, occasionally chilling, ironic and idiosyncratic, A Single Woman illuminates the role of the individual in the American legislative process with a whimsical amalgamation of storytelling, high-powered discourse and communion. The program is a filmed version of the successful stage play.",
    "genres" : [ ]
  }, {
    "id" : 367873,
    "title" : "Arséne Lupin",
    "overview" : "Serial about a famous French Thief.",
    "genres" : [ ]
  }, {
    "id" : 367878,
    "title" : "Eyewitness",
    "overview" : "Eyewitness is a gripping, fast-paced thriller seen through the eyes of two teenagers whose clandestine meeting unravels into a nightmare of murder, corruption and gang warfare.",
    "genres" : [ {
      "id" : 53,
      "name" : "Thriller"
    }, {
      "id" : 18,
      "name" : "Drama"
    } ]
  }, {
    "id" : 367883,
    "title" : "Deminas: Two Towers",
    "overview" : "Two brothers and their cousin are preparing an etude based on Lord Of The Rings. Patrik finds it hard to concentrate, Robert is teasing Demin and Demin himself is head over heels trying to explain the secrets of stage art to his younger relatives.",
    "genres" : [ ]
  }, {
    "id" : 367888,
    "title" : "Le château des 4 obèses",
    "overview" : "",
    "genres" : [ {
      "id" : 80,
      "name" : "Crime"
    }, {
      "id" : 9648,
      "name" : "Mystery"
    } ]
  }, {
    "id" : 367893,
    "title" : "Almosting It",
    "overview" : "A dissatisfied 20-something seeks life and relationship advice from a retirement-home playboy, with mixed results.",
    "genres" : [ {
      "id" : 35,
      "name" : "Comedy"
    }, {
      "id" : 18,
      "name" : "Drama"
    }, {
      "id" : 10749,
      "name" : "Romance"
    } ]
  }, {
    "id" : 367903,
    "title" : "Mia",
    "overview" : "Mia Malkova combines her girl-next-door looks with superstar performances. Now, for the very first time, watch her perform in stunning Boy/Boy/Girl action full of perversion, passion, and intense hardcore action.",
    "genres" : [ ]
  }, {
    "id" : 367913,
    "title" : "Coiffeur par amour",
    "overview" : "A Max Linder comedy short.",
    "genres" : [ ]
  }, {
    "id" : 367918,
    "title" : "Big Babes of Britian",
    "overview" : "Five sexy big British girls going all out for the dick they love! These are some big, plump sexy British girls, they all have some huge titties and also ... they love cock! These nasty Brits are horny and plump! And they have a huge, insatiable appetite for big cocks!",
    "genres" : [ ]
  }, {
    "id" : 367933,
    "title" : "Defenders Of The Faith (The Spanish Civil War In Colour)",
    "overview" : "",
    "genres" : [ {
      "id" : 99,
      "name" : "Documentary"
    } ]
  }, {
    "id" : 367938,
    "title" : "Black Cream Pies",
    "overview" : "Dessert anyone? Let that beautiful black booty back up onto your cock and bump and grind against you 'til you can't hold on anymore. But don't disappoint the ladies by pulling out – give 'em what they crave and fill up every hole! Then watch the cream ooze out of those chocolate holes – finger lickin' good!",
    "genres" : [ ]
  }, {
    "id" : 367943,
    "title" : "La gitana y el charro",
    "overview" : "Caravan of gypsies sets up camp outside an old-style Mexican hacienda.",
    "genres" : [ ]
  }, {
    "id" : 367948,
    "title" : "Var är Zlatan?",
    "overview" : "",
    "genres" : [ {
      "id" : 35,
      "name" : "Comedy"
    } ]
  }, {
    "id" : 367953,
    "title" : "Fatal Obsession",
    "overview" : "Cheung was the leading dancer in a dance team. She was too devoted to her dancing practices and frequently left her boy-friend Franky alone. This made happen a love affair between Franky and another female dancer Clara, who was also Cheung's room-mate. Franky decided to break-up with Cheung, but knowing that this will affect her public performance, Franky promised Clara to tell Cheung the truth after the performance.  The complicated relationship of the three was discovered by the stage director of the dance team. Tat Ming always told Cheung to spare more time for Franky but Cheung just ignored his words. On the birthday of Cheung, the four went out for fun and accidentally ran into a corpse home after a car crash. This haunted place gave Cheung the chance to discover the relationship between Franky and Clara. However, Cheung pretended as usual at the very beginning and soon she figured out a plan for revenge. ..",
    "genres" : [ {
      "id" : 53,
      "name" : "Thriller"
    }, {
      "id" : 27,
      "name" : "Horror"
    } ]
  }, {
    "id" : 367963,
    "title" : "Trick Bag",
    "overview" : "Gang members, Vietnam vets, and young factory workers from Chicago's neighborhoods tell of their personal experience with racism- who gets hurt and who profits.",
    "genres" : [ {
      "id" : 99,
      "name" : "Documentary"
    } ]
  }, {
    "id" : 367968,
    "title" : "El Fil Fel Mandil",
    "overview" : "An unassuming fruit seller is assigned a crucial mission with regional implications and emerges as an international hero.",
    "genres" : [ {
      "id" : 35,
      "name" : "Comedy"
    } ]
  }, {
    "id" : 367973,
    "title" : "Karun",
    "overview" : "British adventurers Tom Allen and Leon McCarron set out to follow Iran’s longest river, the Karun, by human powered means. Their aim is to go beyond the politics and explore the culture and geography of this most misunderstood of nations – and have a great adventure doing so. But despite Tom’s previous experience of travel in Iran, they find that cultural differences run deeper than they’d realised. And when the once-calm waters of the Karun turn nasty, they wonder if they’ve bitten off more than they can chew…",
    "genres" : [ {
      "id" : 12,
      "name" : "Adventure"
    }, {
      "id" : 99,
      "name" : "Documentary"
    } ]
  }, {
    "id" : 367978,
    "title" : "Peter Allen: Not the Boy Next Door",
    "overview" : "The two part mini-series tells the remarkable story of Peter Allen's rise from country New South Wales to the Hollywood Hills, becoming part of American royalty along the way.",
    "genres" : [ {
      "id" : 10770,
      "name" : "TV Movie"
    }, {
      "id" : 18,
      "name" : "Drama"
    } ]
  }, {
    "id" : 367988,
    "title" : "One Minute For One Image",
    "overview" : "TV series directed by Varda in which she gives thoughts to her favorite images and why she is drawn to them (in short one minute segments per image)",
    "genres" : [ {
      "id" : 99,
      "name" : "Documentary"
    } ]
  }, {
    "id" : 367993,
    "title" : "Pati Ba Pintig Ng Puso?",
    "overview" : "When Aldrin returns from the States, everyone is as ecstatic as his grandfather. But his reason for going home is not because of his lolo but his sister who is in an asylum. His vow is to take her away from their grandftaher who caused the early death of their parents. To avenge for what happened to his family, Aldrin plans a final revenge and that's when Jenna comes into his life.",
    "genres" : [ {
      "id" : 18,
      "name" : "Drama"
    } ]
  }, {
    "id" : 367998,
    "title" : "Todos os santos",
    "overview" : "",
    "genres" : [ {
      "id" : 18,
      "name" : "Drama"
    } ]
  }, {
    "id" : 368003,
    "title" : "Largo retorno",
    "overview" : "",
    "genres" : [ {
      "id" : 10749,
      "name" : "Romance"
    }, {
      "id" : 18,
      "name" : "Drama"
    } ]
  }, {
    "id" : 368008,
    "title" : "Propaganda",
    "overview" : "",
    "genres" : [ {
      "id" : 18,
      "name" : "Drama"
    } ]
  }, {
    "id" : 368013,
    "title" : "Eine Frau für Alfie",
    "overview" : "",
    "genres" : [ {
      "id" : 35,
      "name" : "Comedy"
    } ]
  }, {
    "id" : 368018,
    "title" : "Das waren noch Zeiten - Kleine Geschichten von Kalke & Söhne",
    "overview" : "",
    "genres" : [ {
      "id" : 18,
      "name" : "Drama"
    }, {
      "id" : 10751,
      "name" : "Family"
    } ]
  }, {
    "id" : 368023,
    "title" : "Abstimmung mit den Füßen",
    "overview" : "Documentary abou fugitives from East Berlin.",
    "genres" : [ ]
  }, {
    "id" : 368028,
    "title" : "Street Scene, San Diego",
    "overview" : "\"A double-decked trolley car, crowded with passengers, approaches and passes the camera. Carriages, pedestrians and bicyclists add to the action of the scene.\"",
    "genres" : [ ]
  }, {
    "id" : 368033,
    "title" : "Washing Gold on 20 Above Hunker, Klondike",
    "overview" : "This picture shows the miners washing out gold by what is known as the sluice box method. Here we see the miners shovelling from both sides the soil containing the gold into the sluice boxes, where the water, rushing at a rapid rate, carries away the dirt and stones, leaving the precious metal, which settles to the bottom of the box, to be recovered in the clean up at the end of the day's work. This is a very good subject, full of action and detail.",
    "genres" : [ ]
  }, {
    "id" : 368038,
    "title" : "Obstacle Course",
    "overview" : "After a demobilization Vladimir starts working in a little porcelain shop as a repairer - but soon gets involved in criminal activity - so he desperately needs help from army friends.",
    "genres" : [ {
      "id" : 18,
      "name" : "Drama"
    } ]
  }, {
    "id" : 368043,
    "title" : "Peyton Place '79",
    "overview" : "American TV-movie, based on daytime serial",
    "genres" : [ ]
  }, {
    "id" : 368048,
    "title" : "Snowfields I",
    "overview" : "German Whatchamacallit!",
    "genres" : [ ]
  }, {
    "id" : 368053,
    "title" : "Parting with Childhood",
    "overview" : "Two teenagers, Kasym and Liza, are trying to stop a group of criminals and helping police.",
    "genres" : [ {
      "id" : 10751,
      "name" : "Family"
    }, {
      "id" : 18,
      "name" : "Drama"
    } ]
  }, {
    "id" : 368058,
    "title" : "The Child Stealer",
    "overview" : "A young woman is granted custody of her children after a divorce. However, her ex-husband kidnaps the children soon afterward, and she can't get any help at all from the authorities.",
    "genres" : [ ]
  }, {
    "id" : 368063,
    "title" : "An Honourable Retirement",
    "overview" : "British TV-Movie",
    "genres" : [ ]
  }, {
    "id" : 368068,
    "title" : "Leader of the Band",
    "overview" : "Eddie is a down-on-his-luck bar pianist who has just been fired from another job. Desperate for work, he finds a school looking for a leader for its hopelessly incompetent marching band. Somehow, Eddie has to whip these kids into shape in time for the big band competition. Can he get them to march without tripping over their own feet, let alone win the contest?",
    "genres" : [ {
      "id" : 35,
      "name" : "Comedy"
    } ]
  }, {
    "id" : 368073,
    "title" : "Cash in hand",
    "overview" : "George Tompkins is tired of his impoverished life in an idyllic country village. He's desperate for some excitement. One evening he finds a strange metal box and discovers it contains not only a fortune but also a bloody history. A history that immediately spins him out of control, on the run, and into the hands of some very unpleasant characters all of whom are decidely more interested in the cash than George's welfare. Struggling to stay alive, in love and in pocket, he realises that life in a dull country village isn't such a bad way of life after all. But then again, a little extra cash wouldn't hurt...",
    "genres" : [ ]
  }, {
    "id" : 368078,
    "title" : "Søsken på Guds Jord",
    "overview" : "Norwegian TV-drama",
    "genres" : [ ]
  }, {
    "id" : 368083,
    "title" : "Alias: Slayer",
    "overview" : "Fredrik, age 16, from Askøy outside Bergen is an unassuming boy; until he sits down in front of a computer. There Fredrik dons his alias, Slayer, and becomes one of the world's best players of the computer game Starcraft. We follow Fredrik on a trip to Korea where the world's best Starcraft players meet in combat. Only the top 128 of over 100,000 applicants qualify to compete for the first prize of $10,000.",
    "genres" : [ ]
  }, {
    "id" : 368088,
    "title" : "Little House: Bless All the Dear Children",
    "overview" : "During preparation for Christmas baby Rose Wilder is kidnapped by the woman who recently lost her child. Looking for her Laura, Almanzo and Mr Edwards meet lonely orphan boy, who finally stays with that woman.",
    "genres" : [ {
      "id" : 18,
      "name" : "Drama"
    } ]
  }, {
    "id" : 368093,
    "title" : "De hvite bussene",
    "overview" : "Norwegian TV-Drama based on the \"white buses\" going to Auschwitz to save some of the still living after holocaust.",
    "genres" : [ ]
  }, {
    "id" : 368098,
    "title" : "Alla vi barn i Bullerbyn",
    "overview" : "Olle Hellbom's direction/production of \"The Children of Noisy Village\" based on Astrid Lindgren's book for children.",
    "genres" : [ ]
  }, {
    "id" : 368103,
    "title" : "Chatô, The King of Brazil",
    "overview" : "He was the first magnate of communications in Brazil, especially between the late 1930s and early 1960s has come to be called the brazilian Citizen Kane. Founder of the Daily Associates, TV Tupi and the São Paulo Art Museum. He was a senator of the Republic and had a close relationship and controversy with President Getulio Vargas. Based on the book by Fernando Morais. Directed and produced by Guilherme Fontes, the film went into production in 1995 and ended in 1999. The material was then shelved due to the suspicion that, in the first attempt to launch himself as a director, Guilherme Fontes has engaged in a great misuse scandal of government funds for the cinema and culture. The film was then completed in 2015.",
    "genres" : [ {
      "id" : 18,
      "name" : "Drama"
    } ]
  }, {
    "id" : 368108,
    "title" : "Streik!",
    "overview" : "A movie loosely based on a strike in the community of Sauda, Norway 2. June 1970. The strike lasted for five weeks, and was on the news almost every day.",
    "genres" : [ ]
  }, {
    "id" : 368113,
    "title" : "Kjære Kamera(t)",
    "overview" : "Drama Series in four sections that tell a serious story in a humorous way. 15 year old Maja ( Idun Krøvel ) discovers that she has a father no one has told her about . She travels halfway across the country to get in touch with him . But she is as secretive as their guardians , and she will not tell anyone about what plans she has .  A movies about the search for identity , love, friendship , jealousy and generational contrasts - universal problems in a typical Norwegian coastal environment of our time.",
    "genres" : [ {
      "id" : 18,
      "name" : "Drama"
    } ]
  }, {
    "id" : 368118,
    "title" : "Ingen roser... takk",
    "overview" : "Bjorn is released from prison after serving time for robbery . He's decided to change his life and get the help of a friend working as guard at a swimming pool . He soon realizes that not everyone will forget his past and when he tries to reunite with his wife their children , problems arise . Bjorn feels ostracized and life as criminal seems all the more tempting..",
    "genres" : [ ]
  }, {
    "id" : 368123,
    "title" : "Vi vil skilles",
    "overview" : "Norwegian Drama\r Bitten and Ola seeks out the priest who married them in order to get mediated before they file for a divorce. As they recount the history of their marriage, it becomes clear that the two has differing opinions of what caused their dissension",
    "genres" : [ ]
  }, {
    "id" : 368128,
    "title" : "Sins of the mind",
    "overview" : "A typical American family - photographer father, two talented daughters, Michelle an accomplished commercial artist with a clear upward career path. Then she has an auto accident, and the head trauma leaves behavioral changes. The part of the brain involved in impulse control is damaged (but the lesion is not visible on the usual CAT scan, and psychological tests are not done). Michelle has no control of her sexual impulses, and changes to 'a thief, a liar, and a whore' as her eventual therapist puts it. The family is broken apart, her sister and mother leave, but the father remains convinced that the daughter he loves is in there somewhere. It is a long and harrowing road to understanding of her sex addiction, and the end is not certain, but hopeful.",
    "genres" : [ ]
  }, {
    "id" : 368133,
    "title" : "It's Nothing Personal",
    "overview" : "A female cop turns bounty hunter.",
    "genres" : [ ]
  }, {
    "id" : 368138,
    "title" : "Historia de un canalla",
    "overview" : "Flashbacks during a murder trial reveal how a woman was sucked into an abusive relationship with a man who wanted to steal her business from her. First in a series of three, centered on the defense lawyer for three cases, all with feminist content.",
    "genres" : [ ]
  }, {
    "id" : 368143,
    "title" : "When She Says No",
    "overview" : "Although this women's empowerment TV-movie was written by a woman, it examines how a flirtatious night between one woman and three men goes awry quite powerfully, and both sides are equally represented (however, the filmmakers clearly do want the viewer on the girl's side). A college professor says three of her colleagues raped her in a hotel room while away at a seminar, but the men in her life try talking her out of pressing charges.",
    "genres" : [ {
      "id" : 18,
      "name" : "Drama"
    } ]
  }, {
    "id" : 368148,
    "title" : "L.A. Law: Pilot",
    "overview" : "Pilot episode for the TV series introduces the lawyers and employees of McKenzie, Brackman, Chaney and Kuzak, a Los Angeles law firm, in dealing with their courtroom cases and personal matters out of the courthouse. While the entire office deals with the unexpected death of one of the founding senior partners, Norman Chaney, junior partner Michael Kuzak reluctantly takes on the defense of a wealthy and spoiled young man, accused with two friends, of raping a woman dying from leukemia. While intern Abby Perkins deals with her abusive alcoholic husband, divorce lawyer Arnie Becker takes advantage of his latest client caught up in her divorce. Public defender Victor Sifuentes is also offered to join the firm, while the ruthless managing partner, Douglas Brackman, deals with a surprising revelation from his new secretary.",
    "genres" : [ ]
  }, {
    "id" : 368153,
    "title" : "Raskenstam",
    "overview" : "The story of the charlatan Gustaf Raskenstam life and times during World War II, who for financial gain seduced a large number of women.",
    "genres" : [ ]
  }, {
    "id" : 368158,
    "title" : "Theatre 62: Rebecca",
    "overview" : "A self-conscious bride is tormented by the memory of her husband's dead first wife.",
    "genres" : [ ]
  }, {
    "id" : 368163,
    "title" : "El trinquetero",
    "overview" : "Card-shark risks getting caught cheating. Safe in his home town, he may turn over a new leaf... but his previous victims are still looking for him.",
    "genres" : [ {
      "id" : 37,
      "name" : "Western"
    }, {
      "id" : 28,
      "name" : "Action"
    }, {
      "id" : 35,
      "name" : "Comedy"
    }, {
      "id" : 18,
      "name" : "Drama"
    } ]
  }, {
    "id" : 368168,
    "title" : "Poils",
    "overview" : "A funny portrait of hair lovers. Seductions, disappointments, fantasies…",
    "genres" : [ ]
  }, {
    "id" : 368173,
    "title" : "Totentanz",
    "overview" : "",
    "genres" : [ {
      "id" : 18,
      "name" : "Drama"
    } ]
  }, {
    "id" : 368178,
    "title" : "Desire",
    "overview" : "A silver screen actress drifts in and out of her character as she longs for the love of her co-star.",
    "genres" : [ ]
  }, {
    "id" : 368183,
    "title" : "Comic Book Freaks and Cosplay Geeks",
    "overview" : "Cum watch these Comic Book Freaks &amp; Cosplay Geeks indulge in their inner desires and play dress up to fuck like their favorite comic book characters. These sluts love role playing and get off on it so much that they cannot stop cumming! This is cosplay at it's best so don't miss out!!",
    "genres" : [ {
      "id" : 14,
      "name" : "Fantasy"
    }, {
      "id" : 35,
      "name" : "Comedy"
    } ]
  }, {
    "id" : 368188,
    "title" : "Babymetal ‎– Legend 2015 〜New Year Fox Festival〜",
    "overview" : "Babymetal ‎– Legend 2015 〜New Year Fox Festival〜 is the fifth live video album by the Japanese band Babymetal. This performance was held at Saitama Super Arena in Saitama City, Japan on January 10th, 2015.  Songs include Megitsune, Iine!, Awadama Fever, Akatsuki, Onedari Daisakusen, Catch me if you Can, Uki Uki ★ Midnight, Song 4, Mischief of the Metal Gods, Rondo of Nightmare, Headbangeeeeerrrrr!!!!!, Gimme Chocolate!!, Ijime, Dame, Zettai, Babymetal Death, Doki Doki ☆ Morning, and Road of Resistance.",
    "genres" : [ {
      "id" : 10402,
      "name" : "Music"
    } ]
  }, {
    "id" : 368193,
    "title" : "The Cloud of Unknowing",
    "overview" : "A young doctor believes that the spirit of his late wife has possessed a troubled patient in his hospital.",
    "genres" : [ ]
  }, {
    "id" : 368198,
    "title" : "Manden der ville være skyldig",
    "overview" : "",
    "genres" : [ {
      "id" : 18,
      "name" : "Drama"
    }, {
      "id" : 878,
      "name" : "Science Fiction"
    } ]
  }, {
    "id" : 368203,
    "title" : "Lifeline to Victory",
    "overview" : "Paul Devereaux is a second officer with lots of experience with merchant ships. But this is World War II and the Royal Canadian Navy desperately needs experienced officers. Paul is thus given command of his own ship. However, in early 1940's, Canadian Navy does not have the biggest budget nor the most qualified enlisted men. Paul's ship must escort merchant ship to Europe and back and take part in the longest naval battle in history.",
    "genres" : [ ]
  }, {
    "id" : 368208,
    "title" : "2.30 A.M.",
    "overview" : "Spanish Short Film",
    "genres" : [ ]
  }, {
    "id" : 368213,
    "title" : "Unexplained Laughter",
    "overview" : "British Drama Based On a novel",
    "genres" : [ ]
  }, {
    "id" : 368218,
    "title" : "The Secret World of Polly Flint",
    "overview" : "A young girl escapes her loneliness by retreating to The Magical World of Another Time, which can only be reached by using your imagination.",
    "genres" : [ ]
  }, {
    "id" : 368223,
    "title" : "Horses in Winter",
    "overview" : "Canadian Drama",
    "genres" : [ ]
  }, {
    "id" : 368228,
    "title" : "Quality Time with Uncle Spike",
    "overview" : "In this parody of a local kids' show, created by children's book writer and illustrator Peter Elwell, Uncle Spike is the reluctant replacement for his brother-in-law, Cap'n Buddy, who met with an unfortunate accident during a card game.",
    "genres" : [ ]
  }, {
    "id" : 368233,
    "title" : "Meat Loaf: London Meltdown Concert",
    "overview" : "Classic Meat Loaf in Concert",
    "genres" : [ ]
  }, {
    "id" : 368238,
    "title" : "A Long Walk To Forever",
    "overview" : "When he hears that the girl next door is getting married, Newt goes AWOL from the Army and hitch-hikes home to convince her to marry him.",
    "genres" : [ ]
  }, {
    "id" : 368243,
    "title" : "Allison's Demise",
    "overview" : "American TV-Drama",
    "genres" : [ ]
  }, {
    "id" : 368248,
    "title" : "Las Cruces, poblado próximo",
    "overview" : "Set during the civil war in 1980's Guatemala. A group of six men and a woman must find a way to work together to protect the village of Las Cruces from an impending military attack. The indigenous population of the area, inevitably is torn between their need to help and thoughts of fleeing, for self preservation.",
    "genres" : [ {
      "id" : 10752,
      "name" : "War"
    }, {
      "id" : 18,
      "name" : "Drama"
    } ]
  }, {
    "id" : 368253,
    "title" : "Colpa di comunismo",
    "overview" : "",
    "genres" : [ {
      "id" : 18,
      "name" : "Drama"
    } ]
  }, {
    "id" : 368258,
    "title" : "The Pack of Women",
    "overview" : "Australian TV-Drama",
    "genres" : [ ]
  }, {
    "id" : 368263,
    "title" : "Coma",
    "overview" : "The film shows the micro cosmos of three generations of women from one family. In detailed observation their movements between the present and an ever existing past is followed as their lives intersect while living together in one house. Coexisting, but separated by the age and time that each carry in them, they share their painful experiences and search for a way of life in the loss and agony of the war around them. Their lives overlapped with the events of Damascus, their city and constant reference, they watch while its organs slowly shut down, as if – just like its population – it is dying from a long coma.",
    "genres" : [ ]
  }, {
    "id" : 368268,
    "title" : "The education of Allison Tate",
    "overview" : "When wealthy real estate developer Richard Tate seizes land belonging to a Native American tribe for his next construction project, a group of young men from the tribe decide to kidnap Tate's daughter Allison as a means of persuading her father to abandon the project and return their land. As time drags on with no resolution in sight, Allison begins to sympathize with the plight of her captors and joins them in their fight against her father.",
    "genres" : [ ]
  }, {
    "id" : 368273,
    "title" : "Hôtel du Paradis",
    "overview" : "A diverse group of guests gather in a small hotel in Paris to contemplate the state of their lives in this pretentious drama. Joseph Goldman (Fernando Rey) is a washed-up Hollywood actor making a living in the dinner-theater circuit. Accompanied by his wife Sarah (Carole Regnier), Goldman meets Frederique (Berangere Bonvoisin), who is hiding from her former lover. French financier Arthur (Fabrice Luchini) hopes to get into the film industry and bends the ear of a British director (Michael Medwin). The talkative film has little action, and none of the characters evoke much interest or resolve their dilemma.",
    "genres" : [ ]
  }, {
    "id" : 368278,
    "title" : "Messiah",
    "overview" : "Filmmaker William Klein takes on Handel’s Messiah and has created a concert film that mixes the sacred with the profane. Performed in its entirety, the oratorio provides a narrative of Christ’s nativity, passion and resurrection juxtaposed against images of absurdities and abuses against the human species across the world. The film reveals a wide array of worshippers from the Bodybuilders of Christ to the Lavender Light Gay and Lesbian Interracial Choir to the Dallas police choir.",
    "genres" : [ {
      "id" : 10402,
      "name" : "Music"
    }, {
      "id" : 99,
      "name" : "Documentary"
    } ]
  }, {
    "id" : 368283,
    "title" : "Drive-in Blues",
    "overview" : "Short Documentary Nostalgic",
    "genres" : [ ]
  }, {
    "id" : 368288,
    "title" : "Preis der Feigheit",
    "overview" : "",
    "genres" : [ {
      "id" : 18,
      "name" : "Drama"
    } ]
  }, {
    "id" : 368293,
    "title" : "Schwarz und ohne sucker",
    "overview" : "\"One of the highlights of the Saarbrücken fest and a prizewinner there, Lutz Konermann's \"Black And Without Sugar\" is full of observations and tongue-in-cheek twists. It also scores on camera and direction\" - \"Lutz Konermann and Edda Backman make for an ideally amusing couple from the start\"",
    "genres" : [ ]
  }, {
    "id" : 368298,
    "title" : "Under overfladen",
    "overview" : "",
    "genres" : [ ]
  }, {
    "id" : 368303,
    "title" : "The Bus Coach Journey",
    "overview" : "Swedish TV-Documentary  Pensioners Alfred, Rut, Sara, Hilma and Bertil are going on an unforgettable bus journey to Holland to meet spring. During the trip the five recounts their lives. Sara's grief, Rut that never got to meet her dad, Hilma and her cottage life and Alfred who has been in love multiple times.",
    "genres" : [ ]
  }, {
    "id" : 368308,
    "title" : "La granja del pas",
    "overview" : "",
    "genres" : [ {
      "id" : 99,
      "name" : "Documentary"
    } ]
  }, {
    "id" : 368313,
    "title" : "Heather Ann",
    "overview" : "Cornish fisherman John Lewis is waiting for a stroke of luck which will give him the money to pay his debts and rid himself of his wife and his trawler Heather Ann. One day he nets a torpedo...",
    "genres" : [ ]
  }, {
    "id" : 368318,
    "title" : "Handsome Harry's",
    "overview" : "American TV-Comedy",
    "genres" : [ ]
  }, {
    "id" : 368323,
    "title" : "The Stay",
    "overview" : "Some vacations stay with you... forever.",
    "genres" : [ {
      "id" : 27,
      "name" : "Horror"
    } ]
  }, {
    "id" : 368328,
    "title" : "The Last Roommate",
    "overview" : "Jean (Jean Mitchell) accepts a new roommate Gregg (Bruce Parry) He is charming at first, but later she finds that he is psychotic and hell bent on her having his baby. She breaks from his demonic spell.",
    "genres" : [ ]
  }, {
    "id" : 368333,
    "title" : "The Murders at Lynch Cross",
    "overview" : "A snowstorm traps the guests, proprietors and servants at the newly opened Lynch Cross Moorland Hotel in Yorkshire. Gradually, everyone realizes that a common thread--involving an old crime--links them, and new murders ensue.",
    "genres" : [ ]
  }, {
    "id" : 368338,
    "title" : "Morgan's Boy",
    "overview" : "British TV-series",
    "genres" : [ ]
  }, {
    "id" : 368343,
    "title" : "Rock in the Red Zone",
    "overview" : "ROCK IN THE RED ZONE is an intimate portrayal of life on the edge in the war-torn city of Sderot. Once known for its prolific rock scene that revolutionized Israeli music, for thirteen years the town has been the target of ongoing rocket fire from the Gaza strip. Through the personal lives and music of Sderot's diverse musicians, and the personal narrative of the filmmaker, who ends up calling the town home, the film chronicles the town's trauma and reveals its enduring spirit.",
    "genres" : [ {
      "id" : 99,
      "name" : "Documentary"
    } ]
  }, {
    "id" : 368348,
    "title" : "What Jack Built",
    "overview" : "What is that thing Jack is building in his cellar?  How could such a device be used?  Perhaps it has something to do with that creature out in the woods...",
    "genres" : [ {
      "id" : 9648,
      "name" : "Mystery"
    }, {
      "id" : 28,
      "name" : "Action"
    }, {
      "id" : 18,
      "name" : "Drama"
    } ]
  }, {
    "id" : 368353,
    "title" : "When Your Lover Leaves",
    "overview" : "Comedy about a woman dumped by her married boyfriend who gets involved in a short-lived relationship with a neighbor. When that also doesn't work out, she decides she must first do something to please herself.",
    "genres" : [ {
      "id" : 18,
      "name" : "Drama"
    }, {
      "id" : 35,
      "name" : "Comedy"
    } ]
  }, {
    "id" : 368358,
    "title" : "The Regard of Flight",
    "overview" : "A performer/artist with a bag of vaudeville tricks and the help of his trusty piano player must prove to a critic that there is still a way to present New Theatre without relying on devices. Like trampolines.",
    "genres" : [ ]
  }, {
    "id" : 368363,
    "title" : "Tryggare kan ingen vara",
    "overview" : "Swedish TV-Drama",
    "genres" : [ {
      "id" : 10770,
      "name" : "TV Movie"
    } ]
  } ]
}