{
  "movies" : [ {
    "id" : 152933,
    "title" : "Rape",
    "overview" : "\"This beautiful example of far-fetched blasphemy accompanies a happy, ugly nun into the woods for her constitutional, replete with charming bird noises. Praying to and fondling a priapic mushroom, she is unaware of the evil rapist shadowing her. When the rape occurs, it is in long shot, hidden from view, under a huge tree. Articles of clothes and her cross sail through the air; the tree - entirely dominating the screen - sways rhythmically and repeatedly. A few minutes later it stops; then another tree, a few feet away, begins to sway in identical fashion. The rapist finally emerges, exhausted.\" (Amos Vogel, Film as a Subversive Art)",
    "genres" : [ {
      "id" : 18,
      "name" : "Drama"
    }, {
      "id" : 35,
      "name" : "Comedy"
    } ]
  }, {
    "id" : 152938,
    "title" : "Hitler's Stealth Fighter",
    "overview" : "In the final months of World War II, American troops discovered a top-secret facility in Germany with an advanced batwing-shaped jet fighter. If Nazi engineers had had more time, would this jet have ultimately changed the outcome of the war? In this National Geographic documentary they rebuild a jet discovered in a top-secret German facility during the final months of World War II - the Horten 229.",
    "genres" : [ {
      "id" : 99,
      "name" : "Documentary"
    } ]
  }, {
    "id" : 152943,
    "title" : "Pentimento",
    "overview" : "This film is dominated by an icy blue. In a monumental building a group of scientists submit women to obscure experiments, in which sexuality and cruelty constantly merge into one another. When the film was released, this horrifying game of power and powerlessness was condemned severely by a militant group of feminists. The criticism was undeserved. After all, 'Pentimento' is an art-historical term for a hidden image underneath the actual image giving an indication of how the latter evolved to its current state. The film does not endorse the lopsided power relations in our world but actually challenges them.",
    "genres" : [ ]
  }, {
    "id" : 152948,
    "title" : "The New Gulliver",
    "overview" : "The story, a Communist re-telling of Gulliver's Travels, is about a young boy who dreams of himself as a version of Gulliver who has landed in Lilliput suffering under capitalist inequality and exploitation.",
    "genres" : [ {
      "id" : 10751,
      "name" : "Family"
    }, {
      "id" : 14,
      "name" : "Fantasy"
    }, {
      "id" : 16,
      "name" : "Animation"
    } ]
  }, {
    "id" : 152953,
    "title" : "Maarten van Rossem Eindejaars conference 2011",
    "overview" : "",
    "genres" : [ ]
  }, {
    "id" : 152963,
    "title" : "Max's Halloween",
    "overview" : "Ruby wants Max to be a little prince for Halloween, but Max wants to be a vampire. Ruby, dressed up as Cinderella, thinks that Max will scare Grandma with his vampire costume...",
    "genres" : [ ]
  }, {
    "id" : 152973,
    "title" : "Camps of the Dead",
    "overview" : "Filmed in Buchenwald, Dachau and Ohrdruf  by \"Allied Cameramen\" there is no information about the director of the film.",
    "genres" : [ ]
  }, {
    "id" : 152988,
    "title" : "His Brother's Wife",
    "overview" : "A man helps his brother skip town, then steals his girlfriend.",
    "genres" : [ {
      "id" : 18,
      "name" : "Drama"
    }, {
      "id" : 10749,
      "name" : "Romance"
    } ]
  }, {
    "id" : 153003,
    "title" : "Faire quelque chose",
    "overview" : "",
    "genres" : [ ]
  }, {
    "id" : 153013,
    "title" : "Moby Dick",
    "overview" : "The sole survivor of a lost whaling ship relates the tale of his captain's self-destructive obsession to hunt the white whale, Moby Dick.",
    "genres" : [ {
      "id" : 12,
      "name" : "Adventure"
    }, {
      "id" : 18,
      "name" : "Drama"
    } ]
  }, {
    "id" : 153018,
    "title" : "Телевизор кота Леопольда",
    "overview" : "",
    "genres" : [ {
      "id" : 16,
      "name" : "Animation"
    }, {
      "id" : 12,
      "name" : "Adventure"
    } ]
  }, {
    "id" : 153023,
    "title" : "Лето кота Леопольда",
    "overview" : "",
    "genres" : [ ]
  }, {
    "id" : 153043,
    "title" : "Winter Solstice",
    "overview" : "When Elfrida Philips abandons London for a country village, she settles in quickly. She is very poor, but has a tiny cottage, her four-legged friend Horace, and friendships of good neighbors. Tragedy upsets her newfound tranquillity, and she takes refuge in a rambling house with a new gentleman friend in Corrydale. But the group proves to be greater than the sum of its ill-fitting parts, and as the solstice passes, and as Christmas approaches, the healing power of love, begins to work its magic. (Filmed at Dunrobin Castle, Golspie, Sutherland)",
    "genres" : [ ]
  }, {
    "id" : 153073,
    "title" : "Escape from Mars",
    "overview" : "Five astronauts make the first manned trip to Mars, in the second decade of the 21st century. They must battle and overcome inferior computer components, corporate greed and indifference, their own personal problems, as well as the surprises that The Red Planet has in store for them",
    "genres" : [ {
      "id" : 878,
      "name" : "Science Fiction"
    } ]
  }, {
    "id" : 153088,
    "title" : "Kameňák 2",
    "overview" : "Short Comedy skits of popular jokes. A continuation of the first movie.",
    "genres" : [ {
      "id" : 35,
      "name" : "Comedy"
    } ]
  }, {
    "id" : 153098,
    "title" : "Puppy Love",
    "overview" : "When single mom Megan Nolan moves to a new town, she feels guilty for uprooting her ten-year-old daughter Caitlin. Seeing that the little girl's only friend is a neighbor's dog, Megan decides to adopt a shelter pet for Caitlin. She immediately regrets her decision when Caitlin gravitates to the biggest, sloppiest dog in the pound, Jake. Megan's beautiful new home is now in shambles and, as Megan considers returning Jake to the shelter, handsome ballplayer Ben shows up claiming Jake is his dog, the regrettable outcome of his roommate leaving a gate open. Megan and Ben butt heads. Ben wants to take his dog and leave, until he sees that Caitlin loves Jake as much as he ever could. Now it is clear: the pound puppy everyone loves deserves no less than joint custody.",
    "genres" : [ {
      "id" : 10770,
      "name" : "TV Movie"
    }, {
      "id" : 35,
      "name" : "Comedy"
    }, {
      "id" : 18,
      "name" : "Drama"
    }, {
      "id" : 10751,
      "name" : "Family"
    } ]
  }, {
    "id" : 153108,
    "title" : "Side Effect",
    "overview" : "Lauren is an overachieving teenage babysitter for the Allens, who leave her in charge of their adorable young children, while they head out for some much-needed alone time. Unbeknownst to them, Lauren, overworked and overstressed, is getting a little extra help from a new prescription medication. The meds come on strong, twisting Lauren's appearance and causing an icy change in her demeanor, but the powerful medication also helps her get all of her duties done in a quick and efficient manner. Everything seems normal until Mr. and Mrs. Allen return home to discover the horrifying result of Lauren's brutal efficiency. Side Effect is a blood-curdling tale of science gone wrong in a pill-popping culture where the cure is more deadly than the disease.",
    "genres" : [ ]
  }, {
    "id" : 153113,
    "title" : "Flagpole",
    "overview" : "A film about boners and salami nipples… Just a typical day for 13-year old Zack—getting ripped on by his friends, ridiculed by the girls he's afraid to hook up with, and constantly thinking about his crush, Maddy Cohen. Quiet on the outside, he keeps his thoughts to himself, until today…",
    "genres" : [ ]
  }, {
    "id" : 153118,
    "title" : "The Man Without a Shadow",
    "overview" : "An animated film made in 2004 by the Swiss director Georges Schwizgebel. It is an adaptation of The Curious Case of Peter Shlemihl, written by German writer Adelbert von Chamisso 1813 novel.",
    "genres" : [ {
      "id" : 16,
      "name" : "Animation"
    } ]
  }, {
    "id" : 153133,
    "title" : "Undercover Bridesmaid",
    "overview" : "A bodyguard must go undercover to protect, a tycoon's daughter from death threats before her big wedding day.",
    "genres" : [ {
      "id" : 10749,
      "name" : "Romance"
    } ]
  }, {
    "id" : 153138,
    "title" : "Roots of the Cuban Missile Crisis",
    "overview" : "Documentation of the Cuban missile crisis (from 13 days supplementary material)",
    "genres" : [ ]
  }, {
    "id" : 153148,
    "title" : "Clarke-Miller-Wooten \"S.M.V. Live In Spain\"",
    "overview" : "SMV is a bass supergroup formed in 2008. The group's name comes from the initials of each of its members, Stanley Clarke, Marcus Miller, and Victor Wooten. SMV's debut release is the \"Thunder\" album. Marcus Miller (bass clarinet, synthesizer, electric bass); Stanley Clarke (acoustic bass, electric bass) and Victor Wooten (electric bass).",
    "genres" : [ ]
  }, {
    "id" : 153153,
    "title" : "Pablo",
    "overview" : "Pablo blends documentary and animation elements to tell the saga of \"famous unknown\" Pablo Ferro, a man with a personal journey that spans from Havana, during the pre-Cuban revolution to his current home, in the garage behind his son's house.",
    "genres" : [ {
      "id" : 16,
      "name" : "Animation"
    }, {
      "id" : 99,
      "name" : "Documentary"
    } ]
  }, {
    "id" : 153158,
    "title" : "Underdogs",
    "overview" : "In the small village where Amadeo lives there is no one good enough to challenge his skills at Table Football. But, while Amadeo may be a genius as a table football player in real life he's a loser. He's in love with Lara, his childhood friend, but he's so shy that he can't bring himself to confess his love for her. So he just hangs out in his quaint, timeless village. When Amadeo beats the village bully Flash at Table Football. The scene is set for an epic rivalry. Consumed with anger Flash vows to get even and 10 years later he returns as an International Superstar, a Football Icon and Galatico determined to wreak his revenge.",
    "genres" : [ {
      "id" : 16,
      "name" : "Animation"
    }, {
      "id" : 12,
      "name" : "Adventure"
    }, {
      "id" : 10749,
      "name" : "Romance"
    } ]
  }, {
    "id" : 153163,
    "title" : "The Secret of Dr. Kildare",
    "overview" : "Intern Kildare (Lew Ayres) heals a millionaire's daughter and tricks Dr. Gillespie (Lionel Barrymore) into taking a vacation.",
    "genres" : [ {
      "id" : 18,
      "name" : "Drama"
    } ]
  }, {
    "id" : 153168,
    "title" : "The Common Law",
    "overview" : "A woman (Constance Bennett) models for an artist (Joel McCrea). They fall in love. Can the artist overcome the beauty's recent past as another man's mistress?",
    "genres" : [ {
      "id" : 18,
      "name" : "Drama"
    } ]
  }, {
    "id" : 153173,
    "title" : "Philips-Radio",
    "overview" : "An industrial film which shows the operations inside the Philips Radio plant: In a mêlée of activity, glassblowers make delicate glass bulbs. Machinery assists the bulb manufacture. A virtuoso glassblower begins a more complex tube used in radio broadcasting; it is then turned, fired, and sculpted. Conveyors carry partially completed units. Workers perform their various specific assembly-line tasks. Cases are manufactured and machined, wire harnesses are assembled, loudspeakers are produced. As radios near completion, they are run through a series of tests. Engineers and draughtsmen define future developments. In a closing stop-motion sequence, in a style reminiscent of Norman McLaren, a group of loudspeakers performs a playful dance. The film overall is a poetic depiction of an industrial process.",
    "genres" : [ {
      "id" : 99,
      "name" : "Documentary"
    } ]
  }, {
    "id" : 153183,
    "title" : "Jack Of Diamonds",
    "overview" : "A cat burglar (George Hamilton) replaces his mentor (Joseph Cotten) and joins a woman (Marie Laforêt) and her stepfather on a necklace caper in Paris.",
    "genres" : [ {
      "id" : 80,
      "name" : "Crime"
    }, {
      "id" : 18,
      "name" : "Drama"
    } ]
  }, {
    "id" : 153188,
    "title" : "Nightmare Hostel",
    "overview" : "After enrolling in an experimental study on Rage Impulse Disorder at the Straun Foundation, Michael Dare discovers that the research is not what it seems. After learning that the Foundation's head, Dr. Timothy Straun has his own agenda for them, Dare and head resident Dr. Susan Verger team up to stop him. Straun's shocking family secret and twisted plan are then revealed in a stunning finale.",
    "genres" : [ {
      "id" : 27,
      "name" : "Horror"
    } ]
  }, {
    "id" : 153193,
    "title" : "Woman in the Dark",
    "overview" : "A pastry-shop girl (Penny Edwards) sees a priest's (Ross Elliott) and a lawyer's (Rick Vallin) brother take part in a jewel heist.",
    "genres" : [ ]
  }, {
    "id" : 153208,
    "title" : "Zoo York Mixtape",
    "overview" : "Here’s a classic video that’s become a staple in New York City Skate and Hip Hop culture.  Legends in the realms Hip Hop and Skateboarding – Harold Hunter, Jeff Pang, Vinny Ponte, DJ Roc Raider, Bobbito, Wu-Tang Clan, Jay-Z &amp; Busta Rhymes are just some of the names that made this historic visual mainstay possible.",
    "genres" : [ ]
  }, {
    "id" : 153223,
    "title" : "12 B",
    "overview" : "Unemployed Shakthi Singh lives a poor lifestyle along with his widowed and ailing mother and a sister. His mother falls ill and gets admitted in hospital. While on his way to an interview with HSBC, Shakthi sees a beautiful girl, gets distracted and misses his bus - route No.12B. As a result he misses the interview, and ends up getting employed as a Garage Mechanic with Madan, his friend. He does meet with the same girl, gets to know her name is Jyotika, who lives a wealthy lifestyle with her mother, Sulo, while her dad is away on business. Both continue meeting not aware that her marriage has been arranged with Pratap. This story also depicts the possibility of Shakthi catching the 12B on time, attending the interview and getting hired, pursuing Jyotika in vain, and ending up in the arms of his co-worker, Priya. Both possibilities end up with Shakthi getting involved in a vehicle accident - and no guarantees that he will survive or wed Jyotika.",
    "genres" : [ {
      "id" : 18,
      "name" : "Drama"
    }, {
      "id" : 10749,
      "name" : "Romance"
    } ]
  }, {
    "id" : 153228,
    "title" : "The Moonlighter",
    "overview" : "A savage story of hate turned love and frenzy turned loose!",
    "genres" : [ {
      "id" : 37,
      "name" : "Western"
    } ]
  }, {
    "id" : 153233,
    "title" : "Xavier",
    "overview" : "The troubled title character of Xavier (Pedro Hestnes, star of Pedro Costa’s O Sangue) returns to Lisbon after a military stint, determined to lead a meaningful life, only to find his world closing in on him. This almost lost classic of recent Portuguese cinema was shot in 1991 but only completed in 2002, and has barely been seen outside Portugal since. Deadpan and dreamy, it’s a work of bone-deep melancholy, a young man’s film that bears the scars of age.",
    "genres" : [ ]
  }, {
    "id" : 153238,
    "title" : "Battle Sounds",
    "overview" : "Battle Sounds is a documentary project about Hip-Hop DJ's, primarily those that participated in competitive battles later to be known as Turntablists. Shot over a period of three years, ending in 1997, the project captured the grass root movement efforts of DJ culture at a pivotal moment in it’s evolution.",
    "genres" : [ {
      "id" : 99,
      "name" : "Documentary"
    } ]
  }, {
    "id" : 153268,
    "title" : "Walk In",
    "overview" : "The \"walk in\" of the title refers to one person allowing another's soul to take possession of his body at the time of death.",
    "genres" : [ ]
  }, {
    "id" : 153273,
    "title" : "The Civilization of Maxwell Bright",
    "overview" : "After a series of bad relationships, a man orders a mail order bride and receives more than he bargained for.",
    "genres" : [ {
      "id" : 18,
      "name" : "Drama"
    } ]
  }, {
    "id" : 153283,
    "title" : "اسماعيل ياسين في الأسطول",
    "overview" : "",
    "genres" : [ ]
  }, {
    "id" : 153288,
    "title" : "The Nuisance",
    "overview" : "Fast-talker extraordinaire Tracy gives one of his quintessential wiseguy performances as a conniving ambulance chaser who falls in love with Evans, unaware she's a special investigator for a streetcar company he's repeatedly victimized. Laugh-a-minute caper only slows down a bit toward the end for romance. Sparkling script by Samuel and Bella Spewack.",
    "genres" : [ {
      "id" : 35,
      "name" : "Comedy"
    }, {
      "id" : 18,
      "name" : "Drama"
    }, {
      "id" : 10749,
      "name" : "Romance"
    } ]
  }, {
    "id" : 153298,
    "title" : "Hex vs. Witchcraft",
    "overview" : "A compulsive gambler weds a ghost who helps and hinders him in both horrid and hilarious ways.",
    "genres" : [ {
      "id" : 27,
      "name" : "Horror"
    }, {
      "id" : 35,
      "name" : "Comedy"
    } ]
  }, {
    "id" : 153333,
    "title" : "Vuelve",
    "overview" : "A visual incursion into the troubles psyche of a young boy whose unstable and manipulative mother committed suicide in front of him.",
    "genres" : [ {
      "id" : 53,
      "name" : "Thriller"
    } ]
  }, {
    "id" : 153348,
    "title" : "Come Fly With Me",
    "overview" : "Three air-hostesses combine their work crossing the Atlantic with searching for a rich handsome man to marry",
    "genres" : [ ]
  }, {
    "id" : 153353,
    "title" : "In the Lap of God",
    "overview" : "A bungled heist a missing $2 million in diamonds and May, a pretty office executive who happens upon the missing diamonds. Action-packed adventure and romance in Southeast Asia's back country.",
    "genres" : [ ]
  }, {
    "id" : 153358,
    "title" : "Bruce Lee and I",
    "overview" : "A movie on the life of the renowned Bruce Lee, especially his relationship with his mistress.",
    "genres" : [ {
      "id" : 28,
      "name" : "Action"
    } ]
  }, {
    "id" : 153378,
    "title" : "You Are a Traitor and I Will Kill You!",
    "overview" : "A mysterious bounty hunter goes after a town boss who is murdering homesteaders for their land.",
    "genres" : [ ]
  }, {
    "id" : 153383,
    "title" : "Phantom Soldiers",
    "overview" : "Texas Ranger Daniel Custer leaves for Vietnam to find his brother Michael, a Green Beret Lieutenant who has been reported missing in action. Michael's squad was searching for a mysterious group of 'phantom soldiers' that had been using US-made arms for massacring villages and killing unarmed civilians. Daniel goes out on his own into the jungles of Vietnam to find his brother and stop these killers.",
    "genres" : [ {
      "id" : 28,
      "name" : "Action"
    }, {
      "id" : 80,
      "name" : "Crime"
    }, {
      "id" : 10752,
      "name" : "War"
    }, {
      "id" : 53,
      "name" : "Thriller"
    }, {
      "id" : 27,
      "name" : "Horror"
    } ]
  }, {
    "id" : 153393,
    "title" : "Great Treasure Hunt",
    "overview" : "This dark, dusty western concerns a wealthy criminal, a blind man, and four mercenaries. The blind man wants to get his mitts on the crooks' gold. He can't do it alone, so he hires the quartet of soldiers-of-fortune to help him. There's bloodshed in abundance in pursuit of that goal.",
    "genres" : [ ]
  }, {
    "id" : 153408,
    "title" : "Ákos 40+",
    "overview" : "",
    "genres" : [ {
      "id" : 10402,
      "name" : "Music"
    } ]
  }, {
    "id" : 153423,
    "title" : "Motel Cactus",
    "overview" : "Motel Cactus consists of four episodes, all of which take place in Room 407 of Motel Cactus, a love hotel in Seoul: (1.) A girl celebrates her birthday with her boyfriend, because it is the only place she feels entirely secure with him. (2.) A student has rented room 407 for several hours to shoot a scene with a girl for his video film, a college project. (3.) A salesman meets a woman in a bar. Both very drunk, they arrive in room 407. Afterwards he is back in the room, alone. (4.) He is soon joined by his old love from his college days. Both are vaguely hoping to rekindle their old relationship.",
    "genres" : [ ]
  }, {
    "id" : 153428,
    "title" : "Of the Dead",
    "overview" : "This morbid, unusual, and critically acclaimed documentary was filmed in the most exotic locations all over the world. Of the Dead (Des Morts) deals with death, the soon dead, and the living they leave behind. Our senses are shown no mercy as we witness the brutal execution of a Phillippine Guerrilla. We are literally taken inside a cremation chamber while a human body melts and finally crumbles into nothingness. We witness-first hand- doctors trying to save a victim of multiple stab wounds, all close up, in graphic detail leaving nothing to the imagination. For those who think they have seen it all, Of the Dead, dares to be seen.",
    "genres" : [ ]
  }, {
    "id" : 153438,
    "title" : "Today and the Other Days",
    "overview" : "An unwed daughter lives with her father who suffers from dementia. She desperately desires to break away from this life, but she cannot. Based on the novel \"Game of the Night\" by Oh Jung-hee.",
    "genres" : [ ]
  }, {
    "id" : 153443,
    "title" : "Baron Münchhausen",
    "overview" : "",
    "genres" : [ {
      "id" : 12,
      "name" : "Adventure"
    }, {
      "id" : 10751,
      "name" : "Family"
    }, {
      "id" : 35,
      "name" : "Comedy"
    } ]
  }, {
    "id" : 153483,
    "title" : "Stephen the Great - Vaslui 1475",
    "overview" : "In 1475 when Stephen the Great, ruler of Moldavia is facing an invading Ottoman army of 120 000 men, the fate of Christian Europe largely depends on the battle's outcome.",
    "genres" : [ {
      "id" : 28,
      "name" : "Action"
    }, {
      "id" : 18,
      "name" : "Drama"
    }, {
      "id" : 10769,
      "name" : "Foreign"
    }, {
      "id" : 36,
      "name" : "History"
    }, {
      "id" : 10752,
      "name" : "War"
    } ]
  }, {
    "id" : 153493,
    "title" : "Web of Deception",
    "overview" : "Dr. Philip Pearloff is a prominent forensic psychiatrist, with a beautiful wife and a successful practice.  But when he meets a beautiful woman, his loyalty is tested and he  is drawn to her advances.  After a night of passion, she becomes dangerously obsessed with Pearloff, stalking him at work and invading his home.  Then,ina frightening twist,  the crazed woman plots  her own 'murder' to incriminate the man who spurned her.  Now, Phillip must desperately fight a staggering array of incriminating evidence and  clear his name, or lose everything he has.",
    "genres" : [ ]
  }, {
    "id" : 153498,
    "title" : "Ladies of Washington",
    "overview" : "The new boarder at a Washington, D.C. rooming house for women likes the fast life, but her recreational activities lead to her involvement in murder. Director Louis King's 1944 B-film stars Sheila Ryan, Trudy Marshall, Robin Raymond, Anthony Quinn, Ronald Graham, Robert Bailey, John Philliber, Ruby Dandridge, Pierre Watkin, Nella Walker, J. Farrell MacDonald, Byron Foulger, Jody Gilbert and Mary Field.",
    "genres" : [ ]
  }, {
    "id" : 153518,
    "title" : "The Angry Birds Movie",
    "overview" : "An island populated entirely by happy, flightless birds or almost entirely. In this paradise, Red, a bird with a temper problem, speedy Chuck, and the volatile Bomb have always been outsiders. But when the island is visited by mysterious green piggies, it’s up to these unlikely outcasts to figure out what the pigs are up to.",
    "genres" : [ {
      "id" : 10751,
      "name" : "Family"
    }, {
      "id" : 16,
      "name" : "Animation"
    } ]
  }, {
    "id" : 153533,
    "title" : "A Finger, Two Dots Then Me",
    "overview" : "A spoken-word piece based on a popular poem by renowned modern poet Derrick Brown. The film takes a dramatic look at death, life and love through the eyes of Brown, a beat poet.",
    "genres" : [ ]
  }, {
    "id" : 153538,
    "title" : "Tony Bennett: An American Classic",
    "overview" : "Tony Bennett: An American Classic was an Emmy Award-winning television special celebrating the life of musical icon Tony Bennett on the occasion of his 80th birthday. Directed by Rob Marshall (Memoirs of a Geisha, Chicago), it charts Bennett’s career by faithfully re-creating venues from his past, from the downtown Greenwich Village club where he was discovered, to the Columbia recording studios of the early 60's, from rat pack Las Vegas to Carnegie Hall. Bennett is joined for each number by the artists that collaborated with him on his Duets album, with musical performances by Barbra Streisand, John Legend, k.d. lang, Chris Botti, Diana Krall, Juanes, Elton John, Michael Bublé, Stevie Wonder and Christina Aguilera.",
    "genres" : [ {
      "id" : 10402,
      "name" : "Music"
    } ]
  }, {
    "id" : 153543,
    "title" : "Dark Circle",
    "overview" : "Documentary about the nuclear industry.",
    "genres" : [ {
      "id" : 99,
      "name" : "Documentary"
    } ]
  }, {
    "id" : 153548,
    "title" : "Arctic Monkeys T in the Park 2011",
    "overview" : "It's four years since the Sheffield four-piece made their historic appearance on the Main Stage as the first ever Friday night T In The Park headliners.  Despite the charts seemingly falling out of love with indie bands in recent years, their latest album \"Suck It And See\" knocked Lady Gaga off the top spot, no less. The band's return to Balado is a perfect way to cement that success in front of the legendary warmth of the Main Stage crowd.  Set list  1.Library Pictures  2.Brainstorm  3.This House is a Circus 4.Still Take You Home 5.Don't Sit Down Down 6.Pretty Visitors 7.Thunderstorms 8.Teddy Picker 9.Crying Lightening 10.Brick by Brick 11.Sha La La 12.View From the Afternoon 13.Dancefloor 14.Suck It and See 15.If You Were There... Beware 16.Do Me A Favour 17.Sun Goes Down 18.Mardy Bum 19.Fluorescent Adolescent 20.505",
    "genres" : [ ]
  }, {
    "id" : 153553,
    "title" : "Une Si petite semaine",
    "overview" : "",
    "genres" : [ ]
  }, {
    "id" : 153558,
    "title" : "Traveling Light",
    "overview" : "An Amtrak train pulls out of Penn Station in New York City on a cold, sunny February morning. The train moves forward as the landscape changes—the East Coast giving way to the Midwest. Passengers fill their roles, the snow begins to fall and the next train station is announced, all while the light continues shifting, bouncing, swelling and slouching into eventual darkness.",
    "genres" : [ {
      "id" : 99,
      "name" : "Documentary"
    } ]
  }, {
    "id" : 153578,
    "title" : "Nephi & Laban",
    "overview" : "When young Spencer Anderson can't seem to stay focused on the primary class sharing-time presentation, a loving leader shows him how to use his amazing imagination to make the stories come to life.",
    "genres" : [ ]
  }, {
    "id" : 153588,
    "title" : "Lulu Belle",
    "overview" : "Lulu Belle is singing in a cheap dive in Natchez, Mississippi in the early 1900's when she meets rising young attorney George Davis. He gives up his fiancée and career to marry Lulu Bell. When his money runs out, Lulu Belle goes to work in a New Orleans club run by tough gambler Mark Brady. She tries to send George back to Natchez by pretending that she has fallen for prize-fighter Butch Cooper but George, in a fit of jealousy, drives a handful of forks into Butch's face. He is sent to prison and Lulu goes to New York with millionaire Harry Randolph, who makes her the singing sensation of Broadway and asks her to marry him. She refuses when she learns that George has been released from prison, realizing that he is the only man she ever truly loved.",
    "genres" : [ {
      "id" : 10749,
      "name" : "Romance"
    }, {
      "id" : 18,
      "name" : "Drama"
    } ]
  }, {
    "id" : 153593,
    "title" : "Katanga Business",
    "overview" : "",
    "genres" : [ {
      "id" : 99,
      "name" : "Documentary"
    } ]
  }, {
    "id" : 153618,
    "title" : "Awakening",
    "overview" : "A famous \"feng shui\" master (fortune teller) gets a wake-up call when a distraught ex-customer threatens to expose him as a fraud.",
    "genres" : [ {
      "id" : 27,
      "name" : "Horror"
    } ]
  }, {
    "id" : 153623,
    "title" : "Intrepid Shadows",
    "overview" : "Al Clah was not a Navajo from Pine Springs. He said: they making films about things out there, the trading post, things you can see; I'm making films about inside: I like to see scenes that people never expected, the legends, the gods'.",
    "genres" : [ ]
  }, {
    "id" : 153628,
    "title" : "Cirque du Soleil: Amalùna",
    "overview" : "Amaluna invites the audience to a mysterious island governed by Goddesses and guided by the cycles of the moon.  Their queen, Prospera, directs her daughter’s coming-of-age ceremony in a rite that honours femininity, renewal, rebirth and balance which marks the passing of these insights and values from one generation to the next.  In the wake of a storm caused by Prospera, a group of young men lands on the island, triggering an epic, emotional story of love between Prospera’s daughter and a brave young suitor. But theirs is a love that will be put to the test. The couple must face numerous demanding trials and overcome daunting setbacks before they can achieve mutual trust, faith and harmony.",
    "genres" : [ {
      "id" : 14,
      "name" : "Fantasy"
    }, {
      "id" : 99,
      "name" : "Documentary"
    }, {
      "id" : 10751,
      "name" : "Family"
    }, {
      "id" : 10402,
      "name" : "Music"
    } ]
  }, {
    "id" : 153653,
    "title" : "Comptines A Mimer: Jeux De Doigts",
    "overview" : "",
    "genres" : [ ]
  }, {
    "id" : 153658,
    "title" : "Comptines A Danser",
    "overview" : "",
    "genres" : [ ]
  }, {
    "id" : 153673,
    "title" : "Brooklyn Lee Nymphomaniac",
    "overview" : "Come inside and witness what lies inside the mind of a Nymphomaniac! Superstar Brooklyn Lee takes you on a sexual perverse journey as she divulges her inner most fantasies. Pussies and asses are fucked to the limit before pretty faces are covered in white juicy cum. Only the dirtiest, most beautiful porn stars make a Nymphomaniac! Superstar Brooklyn Lee confesses her perverse fantasies; how she loves to fuck women. Temptress Samantha Bentley leads gorgeous Ruth Medina towards Brooklyn. Brooklyn takes full control; getting Ruth down on her knees to lick her clit out whilst Samantha masturbates. This soon breaks into a hardcore threesome on the table as finger’s probe wet pussies and tight asses to the max.",
    "genres" : [ ]
  }, {
    "id" : 153698,
    "title" : "The Boy Who Wanted To Be A Lion",
    "overview" : "MAX IS A SEVEN-YEAR-OLD DEAF BOY GROWING UP IN THE 1960S. ONE DAY HE GOES ON A SCHOOL TRIP TO THE ZOO, WHERE HE SEES A LION FOR THE FIRST TIME. A FEELING BEGINS TO GROW INSIDE HIM THAT WILL CHANGE HIS LIFE FOREVER.",
    "genres" : [ {
      "id" : 16,
      "name" : "Animation"
    }, {
      "id" : 18,
      "name" : "Drama"
    } ]
  }, {
    "id" : 153713,
    "title" : "Jazz Icons: Duke Ellington: Live in '58",
    "overview" : "Jazz Icons: Duke Ellington features the earliest-known filmed full-length concert by one of the 20th Century's greatest songwriters and bandleaders. Filmed at Amsterdam's famed Concertgebouw, this 80-minute concert features the 16-piece Duke Ellington Orchestra two years after their stunning performance at the 1956 Newport Jazz Festival,which Duke considered his second birth. This epic performance includes legendary players Clark Terry, Johnny Hodges, Harry Carney, Paul Gonsalves, Quentin Jackson and Ray Nance performing some of the most beloved American music ever written.",
    "genres" : [ ]
  }, {
    "id" : 153723,
    "title" : "Rock'n'Roll Housewives",
    "overview" : "Mieko (Hitomi Kuroki) is a housewife with some problems. Her husband (Masahiko Nishimura) is indifferent to her and her daughter Sayako (Hiroko Kurisaki) refuses to go to school. One day, Mieko meets Kaori (Tae Kimura) who is divorced. Mieko and Kaori worked at a same company years ago. Kaori tells Mieko that how she was swindled out of money by a man and, because of this, Mieko loans money to Kaori. Due to the loan, Mieko, herself, begins to do part-time work at a convenience store. While at work, Mieko catches a shoplifter Yukimi (Shizuyo Yamazaki) in the convenience store. It turns out, Mieko and Yukimi get along great. Mieko, Yukimi and Kaori decide to go to a karaoke room together. At the karaoke bar, the women hear the song \"Smoke On The Water\" by Deep Purple and decide to form a rock band!",
    "genres" : [ ]
  }, {
    "id" : 153728,
    "title" : "The last vampire",
    "overview" : "Based on Sherlock Holmes, The Adventure of the Sussex Vampire",
    "genres" : [ ]
  }, {
    "id" : 153738,
    "title" : "Frankenstein's Army",
    "overview" : "Toward the end of World War II, Russian soldiers pushing into eastern Germany stumble across a secret Nazi lab, one that has unearthed and begun experimenting with the journal of one Dr. Victor Frankenstein. The scientists have used the legendary Frankenstein's work to assemble an army of super-soldiers stitched together from the body parts of their fallen comrades -- a desperate Hitler's last ghastly ploy to escape defeat",
    "genres" : [ {
      "id" : 28,
      "name" : "Action"
    }, {
      "id" : 27,
      "name" : "Horror"
    } ]
  }, {
    "id" : 153743,
    "title" : "Trastorno",
    "overview" : "Two estranged sisters, once very close as young girls, get pregnant at the same time. After suffering an abortion, one becomes obsessed with the other’s baby and poses a threat to them.",
    "genres" : [ ]
  }, {
    "id" : 153753,
    "title" : "Frau Rettich, die Czerni und ich",
    "overview" : "",
    "genres" : [ {
      "id" : 35,
      "name" : "Comedy"
    } ]
  }, {
    "id" : 153778,
    "title" : "Japan's Tragedy",
    "overview" : "In 2010, 31,560 people ended their own lives and about 20,000 people died or went missing with the earthquake. Unemployed widower Fujio Murai’s family tragedy contains instances of both; diagnosed with lung cancer, Fujio refuses surgery and returns home with his son Yoshio.",
    "genres" : [ {
      "id" : 18,
      "name" : "Drama"
    } ]
  }, {
    "id" : 153788,
    "title" : "Les Plus belles histoires de notre enfance : Le Chat Botté",
    "overview" : "",
    "genres" : [ ]
  }, {
    "id" : 153793,
    "title" : "Soegija",
    "overview" : "Soegija is an epic history drama of Indonesia, directed by the senior director of Indonesia Garin Nugroho, about national hero Albertus Soegijapranata.",
    "genres" : [ {
      "id" : 18,
      "name" : "Drama"
    } ]
  }, {
    "id" : 153798,
    "title" : "Killing the Chickens to Scare the Monkeys",
    "overview" : "In a greyish area, nine scenes are enacted, where national politics and strategy are having unforeseen consequences in a young woman's life.",
    "genres" : [ ]
  }, {
    "id" : 153803,
    "title" : "Consequence",
    "overview" : "CONSEQUENCE tracks the tiring working day between Christmas Eve and New Year at a small German crematorium operating 24/7.",
    "genres" : [ ]
  }, {
    "id" : 153828,
    "title" : "Anna, Personal Secretary",
    "overview" : "For the past few months, Anna has been employed as a secretary in a Parisian start-up. Here the staff work in uniform and are trained to respond to all of the desires of their employers. Anna tells how she became the mistress of a company executive , by fucking in the stockroom and offering herself to three of his colleagues.  She goes over all of the gossip of the firm, the secretaries who arouse their boss, two others who want to share the same man by pretending to be lesbians before sharing his dick. She also talks about the photocopiers, where a brunette readjusts her stockings before doing a torrid striptease for one of the bosses.",
    "genres" : [ ]
  }, {
    "id" : 153843,
    "title" : "Tunelul",
    "overview" : "",
    "genres" : [ ]
  }, {
    "id" : 153853,
    "title" : "Halley",
    "overview" : "Beto works at a gym as a night security guard. He has no family. He is a lonely man and the secret he keeps isolates him even more: he suffers from a mysterious disease that is turning him into some kind of zombie. He struggles, but he cannot hide it, so he decides to quit his job. However, before doing so, he unveils his condition to the manager of the gym, Luly, and a very unusual friendship arises between them. Sebastián Hofmann’s debut is not a horror film itself, nor is it a film about zombies. Halley is a drama that explores loneliness and body decay.",
    "genres" : [ {
      "id" : 27,
      "name" : "Horror"
    }, {
      "id" : 18,
      "name" : "Drama"
    } ]
  }, {
    "id" : 153858,
    "title" : "Opeth: Heritage",
    "overview" : "Heritage is the tenth full-length studio album by the Swedish progressive death metal band Opeth. This bonus DVD includes a 5.1 surround sound mix of the entire album, the bonus tracks \"Pyre\" and \"Face In The Snow\" as well as \"The Making Of Heritage: A Documentary\"",
    "genres" : [ ]
  }, {
    "id" : 153863,
    "title" : "Opeth: Still Life",
    "overview" : "Still Life is the fourth full-length studio album by the Swedish progressive death metal band Opeth. This bonus DVD includes a 5.1 surround sound mix of the entire album and \"Face Of Melinda (Live Video 2006)\"",
    "genres" : [ ]
  }, {
    "id" : 153893,
    "title" : "Paradise Sex Mykonos",
    "overview" : "",
    "genres" : [ ]
  }, {
    "id" : 153898,
    "title" : "Wildwasser Paradiso",
    "overview" : "",
    "genres" : [ ]
  }, {
    "id" : 153903,
    "title" : "Van Kooten & De Bie: Ons Kijkt Ons 3 - De Stichting Morekop",
    "overview" : "",
    "genres" : [ ]
  }, {
    "id" : 153908,
    "title" : "Bossa Cuca Nova - Ao Vivo",
    "overview" : "",
    "genres" : [ ]
  }, {
    "id" : 153913,
    "title" : "The Intern",
    "overview" : "A young, underappreciated intern at the ultra-hip magazine Skirt must learn to deal with kissy-face phoniness, model tantrums and bulimic editors, while trying to steal the heart of a dashing British art director from the grips of a supermodel.",
    "genres" : [ ]
  }, {
    "id" : 153918,
    "title" : "The Gift of Love: A Christmas Story",
    "overview" : "After experiencing several stressful situations within a short time --including the failure of the family business and the loss of her mother-- Janet Broderick becomes ill. Falling into a deep sleep, she dreams of returning to her hometown, taking her children with her to meet her deceased loved ones. Perhaps, during a Christmas reunion with her beloved family, she will find the answer to coping with her troubles.",
    "genres" : [ {
      "id" : 18,
      "name" : "Drama"
    } ]
  }, {
    "id" : 153933,
    "title" : "A Girl Like Her",
    "overview" : "A GIRL LIKE HER is the real story of 'sex and the single girl'. It reveals the hidden history of over a million young women who became pregnant in the 1950s and 60s and were banished to maternity homes to give birth and surrender their babies for adoption. They were told to keep their secret, move on and forget. But, does a woman forget her child? Hear what they have to say now about the long-term impact of surrender and silence on their lives.",
    "genres" : [ {
      "id" : 99,
      "name" : "Documentary"
    } ]
  }, {
    "id" : 153943,
    "title" : "Samba Social Clube 4",
    "overview" : "",
    "genres" : [ ]
  }, {
    "id" : 153983,
    "title" : "The Direct Line",
    "overview" : "Yukari Oshima plays a detective who is kidnapped and held hostage by a team of Mainland agents led by Waise Lee.  Called The Golden Corps, they are chasing a traitor who is attempting to sell stolen gold in HK.",
    "genres" : [ ]
  }, {
    "id" : 153998,
    "title" : "Robin Hood: Ghosts of Sherwood",
    "overview" : "After selling his soul to a sorceress Robin is killed in battle. Distraught over these horrific turn of events Marian and Little John attempt to resuscitate Robin and his Merry Men. In doing so they inadvertently have turned the one-time heroes into the living dead and worse, the ghostly reincarnations are now hunting down Marian and Little John. So the pair attempt to seek out a new potion that will free these tormented souls from their demonic possession.",
    "genres" : [ {
      "id" : 28,
      "name" : "Action"
    }, {
      "id" : 12,
      "name" : "Adventure"
    }, {
      "id" : 9648,
      "name" : "Mystery"
    } ]
  }, {
    "id" : 154013,
    "title" : "Rise: The Story of Rave Outlaw Disco Donnie",
    "overview" : "A documentary about Disco Donnie at Mardi Gras.",
    "genres" : [ {
      "id" : 99,
      "name" : "Documentary"
    } ]
  }, {
    "id" : 154023,
    "title" : "Bugs Bunny's Lunar Tunes",
    "overview" : "Bugs has to defend the Earth's right to exist in an intergalactic court.",
    "genres" : [ {
      "id" : 35,
      "name" : "Comedy"
    }, {
      "id" : 16,
      "name" : "Animation"
    } ]
  } ]
}