{
  "movies" : [ {
    "id" : 186328,
    "title" : "The Butterfly",
    "overview" : "The film is a science fiction tale set in a near future Korea, where an \"oblivion virus\" which causes memory loss has become the centre of a tourist industry aimed at those who wish to forget the past. Anna Kim, a German woman of Korean descent, seeks the virus in order to erase painful memories and, along the way, develops a close bond with her driver and her teenage guide.",
    "genres" : [ ]
  }, {
    "id" : 186338,
    "title" : "Roman's Bride",
    "overview" : "Roman's Bride tells the story of Lily Heller, an Iowa woman torn between a repressive faith and an unrequited love for life-long neighbor Roman. Indulged in her world only by doting childhood friend Amos, Lily lives her life in a self-restricted isolation. When roman and his girlfriend announce plans to marry, Lily's fragile psyche collides fiercely with an immorality she sees permeating her world. And in Lily's world, sins must be punished.",
    "genres" : [ ]
  }, {
    "id" : 186353,
    "title" : "Woman Transformation",
    "overview" : "Kamei mixes humour, drama and, in this occasion, bits of horror to visualize the physical transformation in yôkai that the three main actresses undergo. Mihiro Iwasaki (Anri Ban) is a model extremely preoccupied by how others look at and think of her. Then, her nails start growing disproportionately until they become killing weapons. Michiko Yamane (Mariko Miyamitsu) is an unsociable university student and part-time worker in her early twenties only crazy for a hobby. At night she becomes a rokurokubi (female yokai with an extremely long and flexible neck). Finally, Mana Saeki (Haruki Ichikawa) is a last year junior high school student with a very bad character and very distrustful of all her friends, who metamorphoses into a nopperabo (yokai without face).",
    "genres" : [ ]
  }, {
    "id" : 186368,
    "title" : "Beyond Belief",
    "overview" : "Beyond Belief explores the role beliefs and the subconscious mind play in creating your experience.",
    "genres" : [ ]
  }, {
    "id" : 186378,
    "title" : "Heist",
    "overview" : "In 1303, a ragtag bunch of crooks and ne'er-do-wells plot to take revenge on Edward I, the King of England.",
    "genres" : [ {
      "id" : 10770,
      "name" : "TV Movie"
    }, {
      "id" : 35,
      "name" : "Comedy"
    }, {
      "id" : 80,
      "name" : "Crime"
    }, {
      "id" : 18,
      "name" : "Drama"
    } ]
  }, {
    "id" : 186383,
    "title" : "Kimagure Orange Road: I Want to Return to That Day",
    "overview" : "Kyousuke and Madoka have finally arrived at the point where they are close to graduation and have to decide where they want to go to college. Naturally, they want to go together, so beside all the studying they also have to look for a proper college where they can enter both. Hikaru, still a year from graduating, wants to support Kyousuke as well and does that in her own way. But while she does that, Madoka feels jealous and tells her feelings to Kyousuke. And then Kyousuke has to take action to finally decide on the girl he loves.",
    "genres" : [ {
      "id" : 10749,
      "name" : "Romance"
    }, {
      "id" : 16,
      "name" : "Animation"
    }, {
      "id" : 18,
      "name" : "Drama"
    }, {
      "id" : 35,
      "name" : "Comedy"
    } ]
  }, {
    "id" : 186398,
    "title" : "The Last Black Sea Pirates",
    "overview" : "This is a modern pirate story complete with a captain, a mutinous crew of outlaws, a princess, her wedding dress and untold riches. Only one thing is missing: the ship. According to legend, Vulchan, a 19th-century gypsy pirate, attacked three convoys laden with gold. He robbed them, sunk them and hid his treasure by the coast. Fast forward to present day. Captain Jack, an ex-con himself, leads a motley bunch of homeless outcasts—alcoholics and petty criminals—in a search for the hidden loot. But their hopes of riches and glory are threatened when the brother of the Bulgarian Prime Minister announces plans to build a new mega tourist resort by the Black Sea.",
    "genres" : [ {
      "id" : 99,
      "name" : "Documentary"
    } ]
  }, {
    "id" : 186408,
    "title" : "The Accursed",
    "overview" : "A German Jewish doctor, who is a former resistance fighter against the Nazis during the war, attends an annual reunion at the home of a former British officer. However, when he discovers that many of his former compatriots have mysteriously died, he begins to suspect that one of the \"resistance\" fighters may in fact have been a Nazi agent who is now trying to eliminate all the members of the unit.",
    "genres" : [ {
      "id" : 18,
      "name" : "Drama"
    }, {
      "id" : 9648,
      "name" : "Mystery"
    } ]
  }, {
    "id" : 186418,
    "title" : "14 Women",
    "overview" : "Documentary that explores the lives of 14 female U.S. senators and the uniquely feminine challenges they face, including the sometimes difficult balance between their roles as public servants and wives and mothers.",
    "genres" : [ {
      "id" : 99,
      "name" : "Documentary"
    } ]
  }, {
    "id" : 186423,
    "title" : "This I Wish and Nothing More",
    "overview" : "Bruno, a bisexual but closeted young man lives in rural Hungary with his girlfriend Mari. Also on the scene is her homosexual brother Ringo. Mari doesn't know that when the boys go off to work together in the city they raise cash by turning tricks and burglarizing houses.",
    "genres" : [ {
      "id" : 18,
      "name" : "Drama"
    } ]
  }, {
    "id" : 186428,
    "title" : "Corrupt Schoolgirls 2",
    "overview" : "Riley gets caught dreaming in class, so her Prof will have to fuck her back to reality.  Maddy's got a thing for chemistry, and her tutor has all the right elements.  The principal wants to recruit Hope to bring up the average, but she'll bring up something else in his pants.  Remy gets busted smoking outside of school, but she'd rather smoke pole than tobacco anyway.  Zoey fakes sick to get out of her class, but what she really needs is some bad medicine.",
    "genres" : [ {
      "id" : 35,
      "name" : "Comedy"
    } ]
  }, {
    "id" : 186433,
    "title" : "Der Berg des Schicksals",
    "overview" : "",
    "genres" : [ ]
  }, {
    "id" : 186438,
    "title" : "Freier Fall",
    "overview" : "A thriller directed by Christian Görlitz.",
    "genres" : [ {
      "id" : 80,
      "name" : "Crime"
    }, {
      "id" : 53,
      "name" : "Thriller"
    } ]
  }, {
    "id" : 186443,
    "title" : "Corrupt Schoolgirls 3",
    "overview" : "When Prof. Everhard grades Lara's mistake-ridden essay, he finds the visual stimulation more than compensates. Ella's prof catches her sexting in class, but Prof. Ferrera finds out he's the one she's sexting about. Cindy is having trouble reading her play for Prof. Stone's drama course, but that's because she isn't living the role. Pressley wants to try out for the girls' basketball team, and school jock Pete's gonna help her with her form!",
    "genres" : [ {
      "id" : 35,
      "name" : "Comedy"
    } ]
  }, {
    "id" : 186453,
    "title" : "Husbands or Lovers",
    "overview" : "A wife, bored by her overweight slob of a husband, gives in to the temptation of a slickly seductive poet.",
    "genres" : [ {
      "id" : 18,
      "name" : "Drama"
    }, {
      "id" : 10749,
      "name" : "Romance"
    } ]
  }, {
    "id" : 186458,
    "title" : "Dante's inferno",
    "overview" : "The tactics of a vicious slumlord and greedy businessman finally drive a distraught man to commit suicide. The businessman is tried for murder and executed, and is afterward taken by demons to the Hell where he will spend the rest of eternity. .",
    "genres" : [ ]
  }, {
    "id" : 186463,
    "title" : "El último centauro - La epopeya del gaucho Juan Moreira",
    "overview" : "Life of Juan Moreira.",
    "genres" : [ ]
  }, {
    "id" : 186473,
    "title" : "Vibration",
    "overview" : "Mauritz, a handsome but frustrated writer, journeys to an island idyll of the coast of Sweden to enjoy the fleeting summer sun. Soon he becomes romantically involved with Barbro, a sexy young temptress.",
    "genres" : [ {
      "id" : 18,
      "name" : "Drama"
    } ]
  }, {
    "id" : 186478,
    "title" : "Mlle. Irene The Great",
    "overview" : "Al St. John is almost discouraged from marrying Aileen Cook, when her family turns out to be a bunch of noisy circus performers. At the wedding, even the minister joins the act, and barely has time to complete the ceremony.",
    "genres" : [ ]
  }, {
    "id" : 186483,
    "title" : "Finding Ambrosia",
    "overview" : "On his deathbed, a wizened alchemist must travel through time to fix his broken past.",
    "genres" : [ ]
  }, {
    "id" : 186488,
    "title" : "Les Chansons célèbres à l'écran",
    "overview" : "How do you preserve part of the heritage sung in cafés where singers entertain customers? By bringing them to the screen of course! And here’s how La boiteuse du regiment, La femme du roulier and Tout l’pays l’a su, famous songs from the popular French repertoire are to be found at the cinema on film and set to music. La boiteuse du régiment belongs to barrack-room comedy where a soldier pines for a beautiful lame woman who prefers to visit the officers rather than the soldiers, the la femme du roulier is desperately looking for the latter in all of the town’s taverns; in tout l’pays l’a su you have a whole village gossiping, always on the lookout for spicy, malicious bits of gossip.",
    "genres" : [ ]
  }, {
    "id" : 186498,
    "title" : "Rockpalast: Kula Shaker",
    "overview" : "Kula Shaker on Rockpalast, 2008",
    "genres" : [ ]
  }, {
    "id" : 186518,
    "title" : "Live Hard",
    "overview" : "In Hong Kong, terrorists from Libya blow up a bus which kills the son of the American consul. The Hong Kong Police Force sends Lui Yung and his team of special agents to investigate the case and destroy the terrorist group. On the other hand, Senior Inspector Hui Tat Ming (Simon Yam) of the Regional Crime Unit is discontented by the fact that he is no longer in charge of the case since it has been transferred to the Politics Department. However, Hui secretly investigates alone to track down the terrorists and bring them to justice",
    "genres" : [ {
      "id" : 53,
      "name" : "Thriller"
    }, {
      "id" : 28,
      "name" : "Action"
    } ]
  }, {
    "id" : 186528,
    "title" : "Bom Povo Português",
    "overview" : "Using film and television footage taken during the revolutionary movement of April 25, 1974 in Portugal, and mixing it with music and live interviews with common people, the director conveys a vivid account of the period in which a military coup evolved to a socialist revolution, then was tempered into a formal european style democracy. - IMDb",
    "genres" : [ {
      "id" : 99,
      "name" : "Documentary"
    } ]
  }, {
    "id" : 186538,
    "title" : "Virgin Steele: Beacon Theate",
    "overview" : "The band released a few career highlights albums (Noble Savage, The Marriage of Heaven and Hell Part I, The Marriage of Heaven and Hell Part II and Invictus). In recent years, they have enriched their sound with elements of musical theatre, progressive and symphonic metal, developing and writing projects such as the Metal Opera \"The House of Atreus\" (based on Oresteia and the Greek myth related to the Atreides) in 1999/2000 and the soundtrack for an imaginary movie Visions of Eden (A Barbaric Romantic Movie of the Mind) aka \"The Lilith Project\" (based on the Sumerian legend of Lilith) in 2006.",
    "genres" : [ ]
  }, {
    "id" : 186548,
    "title" : "Cheiro de Amor - Unplugged",
    "overview" : "",
    "genres" : [ ]
  }, {
    "id" : 186568,
    "title" : "Spiritually a Cop",
    "overview" : "Comedy about a sexist idiot who wants to enlist in the Hong Kong police but is too short, so he goes around on his own pretending to be a cop and busting criminals. One day he gets shot by three bank robbers (who just happen to be men in drag) and dies, but returns as a ghost to help the police commissioner arrest the robbers, because they've assigned a woman (Yukari Oshima) to the case, and how could a woman ever do a job right?",
    "genres" : [ ]
  }, {
    "id" : 186578,
    "title" : "Sorrows",
    "overview" : "Set to music by Beethoven, this lyrical portrait moves from a chilled and misty exterior to the crystalline interior of the Swiss chateau that King Ludwig II built for Wagner.",
    "genres" : [ ]
  }, {
    "id" : 186588,
    "title" : "I Wish to Speak",
    "overview" : "The mayor of a village sees her son killed in a gun accident. A successful, dedicated bureuacrat, she must reconcile her desire to build a bridge - and the new housing that will come with it - with the reality of resistance from the townspeople and her own grief.",
    "genres" : [ {
      "id" : 18,
      "name" : "Drama"
    } ]
  }, {
    "id" : 186598,
    "title" : "Green Fields",
    "overview" : "Ulmer's soulful, open-air adaptation of Peretz Hirshbein's classic play heralded the Golden Age of Yiddish cinema. When an ascetic young scholar ventures into the countryside, searching for the city of \"true Jews,\" he learns some unexpected lessons from the Jewish peasants who take him in as a tutor for their children.",
    "genres" : [ ]
  }, {
    "id" : 186623,
    "title" : "El niño invisible",
    "overview" : "A group of children find a magic stone that transports them to the XII century.",
    "genres" : [ {
      "id" : 12,
      "name" : "Adventure"
    }, {
      "id" : 14,
      "name" : "Fantasy"
    }, {
      "id" : 10402,
      "name" : "Music"
    } ]
  }, {
    "id" : 186643,
    "title" : "Anthrax: Live Noize",
    "overview" : "Released: July 28, 1992\r Label: PolyGram\r Formats: VHS, DVD",
    "genres" : [ ]
  }, {
    "id" : 186648,
    "title" : "13 Worms",
    "overview" : "After being beaten in a chess game by The Saint of Chess, the 13 Worms agree to grant the chess master's daring request to rescue a captive Princess.",
    "genres" : [ {
      "id" : 28,
      "name" : "Action"
    } ]
  }, {
    "id" : 186678,
    "title" : "Children of Bodom: [2011] Wacken Open Air",
    "overview" : "1. Not My Funeral  2. Bodom Beach Terror  3. Shovel Knockout  4. Roundtrip to Hell and Back  5. In Your Face  6. Living Dead Beat  7. Children of Bodom  8. Hate Me!  9. Blooddrunk  10. Angels Don't Kill  11. Follow the Reaper  12. Downfall  Encore:  13. Are You Dead Yet?  14. Hate Crew Deathroll",
    "genres" : [ {
      "id" : 10402,
      "name" : "Music"
    } ]
  }, {
    "id" : 186683,
    "title" : "Amici ahrarara",
    "overview" : "",
    "genres" : [ {
      "id" : 35,
      "name" : "Comedy"
    } ]
  }, {
    "id" : 186693,
    "title" : "Every Man for Himself",
    "overview" : "shaw production",
    "genres" : [ ]
  }, {
    "id" : 186698,
    "title" : "27, rue de la Paix",
    "overview" : "",
    "genres" : [ {
      "id" : 80,
      "name" : "Crime"
    } ]
  }, {
    "id" : 186703,
    "title" : "Emperor Chien Lung and the Beauty",
    "overview" : "shaw production",
    "genres" : [ {
      "id" : 36,
      "name" : "History"
    }, {
      "id" : 18,
      "name" : "Drama"
    }, {
      "id" : 35,
      "name" : "Comedy"
    } ]
  }, {
    "id" : 186713,
    "title" : "Una papa sin catsup",
    "overview" : "Gloria's grandmother is kidnapped by \"La greñas\", a gang leader, and is forced to impersonate her to save her grandmother's life.",
    "genres" : [ {
      "id" : 10402,
      "name" : "Music"
    }, {
      "id" : 28,
      "name" : "Action"
    } ]
  }, {
    "id" : 186723,
    "title" : "Haunted Tales",
    "overview" : "1. A crash leaves a man dead, and his wife badly injured. Soon, he returns as a ghost to try to take her with him. 2. A caretaker wins the lottery thanks to the saucer spirit. Things begin to go wrong when he breaks his promise to it.",
    "genres" : [ {
      "id" : 53,
      "name" : "Thriller"
    }, {
      "id" : 27,
      "name" : "Horror"
    } ]
  }, {
    "id" : 186738,
    "title" : "The Red Light Bandit",
    "overview" : "Jorge, a luxury houses burglar in São Paulo, nicknamed by the sensationalist press of \"Red Light Bandit\", baffles the police with their unusual behaviour. In addition to wearing a red flashlight, he owns the victims, talks to them and makes bold breakthroughs to later spend the stolen money extravagantly. Jorge's world is populated by such types as detective Cabeção, prostitute Janete Jane and corrupt politician J. B. Silva.",
    "genres" : [ {
      "id" : 28,
      "name" : "Action"
    }, {
      "id" : 80,
      "name" : "Crime"
    } ]
  }, {
    "id" : 186743,
    "title" : "Vampire Boys 2: The New Brood",
    "overview" : "The vampires are back in town but this time there’s a new brood.  Chisel-jawed Jon Euler steams up the screen as brood leader Jasin in this hot sequel to the wildly popular original. This time his vengeful ex-lover Demetrius (ripped dreamboat Rob Hoflund) is out to get Jasin and brings along his coven to boot.  Jasin and Caleb’s eternal love is put to the test when Jasin’s jilted lover Demetrius returns to get this revenge. Demetrius plots to destroy Jasin by creating an army of vampires — unwilling victims recruited from the local boxing gym. Tara, reeling from her own rejection by Jasin, is eventually compelled by Demetrius to join him in his quest.",
    "genres" : [ {
      "id" : 27,
      "name" : "Horror"
    } ]
  }, {
    "id" : 186748,
    "title" : "K-ON!! Live Concert-Come With Me!!",
    "overview" : "K-ON! Live Concert: Come With Me!! is a live concert held in Saitama Super Arena on February 20, 2011. A concert dedicated to all the K-ON! fans from each of the seiyuu of the characters. There are a total 9 seiyuu attending the event, including Aki Toyosaki (Yui's seiyuu), Yoko Hikasa (Mio's seiyuu), Satomi Sato (Ritsu's seiyuu), Minako Kotobuki (Tsumugi's seiyuu), Ayana Taketatsu (Azusa's seiyuu), Asami Sanada (Ms. Sawako's seiyuu), Madoka Yonezawa (Ui's seiyuu), Chika Fujito (Nodoka's seiyuu) and Yoriko Nagata (Jun's seiyuu). This concert has been attended by more that 17 thousand fans and a CD, DVD and Blu-Ray copy has been sold throughout Japan.",
    "genres" : [ {
      "id" : 10402,
      "name" : "Music"
    } ]
  }, {
    "id" : 186753,
    "title" : "The Color of the Clouds",
    "overview" : "",
    "genres" : [ ]
  }, {
    "id" : 186783,
    "title" : "Mata Hari, agent H21",
    "overview" : "This French version of the notorious spy's life centers less on her romantic escapades, and more on those that reveal the person she actually was during WW I when her German superiors ordered her to seduce the French captain Trintignant so she can steal classified papers from him. Instead she falls in love with him, blows the cover, and ends up convicted of espionage and shot. (AllMovie)",
    "genres" : [ {
      "id" : 10752,
      "name" : "War"
    }, {
      "id" : 18,
      "name" : "Drama"
    }, {
      "id" : 36,
      "name" : "History"
    }, {
      "id" : 10749,
      "name" : "Romance"
    } ]
  }, {
    "id" : 186788,
    "title" : "Null Risiko und reich",
    "overview" : "A comedy directed by Wolf Vogel.",
    "genres" : [ ]
  }, {
    "id" : 186793,
    "title" : "America - Live in Central Park 1979",
    "overview" : "In 1979 America (Dewey Bunnell and Gerry Beckley) were at the height of their popularity and had just released \"Silent Letter\" their first album as a duo following the departure of fellow founding member Dan Peek. Acclaimed Australian filmmaker Peter Clifton captured the band at their concert in New York's Central Park and then followed them across to California where he filmed them in the studio and on location. All of this footage was combined to make America \"Live In Central Park\".",
    "genres" : [ {
      "id" : 10402,
      "name" : "Music"
    } ]
  }, {
    "id" : 186798,
    "title" : "Myths & Mysteries of the World",
    "overview" : "Embark on a journey of mystery around the world, from ancient legend up to modern-day myths that defy explanation.  This fascinating collection of footage and stills revisits 25 of the most astonishing mysteries of humankind. Including the legend of Atlantis, the curse of the Bermuda Triangle and the Sliding Rocks of Death Valley.  Make your way through this enthralling documentary of the Myths and Mysteries of the World and find interesting answers of clarifications for questions that have long excited humankind.",
    "genres" : [ {
      "id" : 99,
      "name" : "Documentary"
    } ]
  }, {
    "id" : 186813,
    "title" : "Boys to Men",
    "overview" : "A four-part anthology film dealing with homosexuality from the young to the old.  Crush, detailing the budding friendship of a 12-year old girl and a 16-year old boy, who bond over their favorite TV program and musical tastes.  The Mountain King, details a young street hustler who makes a play for a straight man on a deserted beach one afternoon. .  Lost is a look at a day in the life of a young man who is first seen engaging in unsafe sex with a random partner,.  The Confession, a dying Catholic asks his partner of 35 years to send for a priest, even though the partner is greatly opposed to such a request. ~ Jason Clark, Rovi",
    "genres" : [ {
      "id" : 18,
      "name" : "Drama"
    } ]
  }, {
    "id" : 186823,
    "title" : "Vacuity",
    "overview" : "Shortly after a major disaster aboard the XOEH (zoh•ee) space station, Alan Brahm awakes to find himself trapped in the airlock/escape pod, with a torn space suit, and the room rapidly decompressing. With his attempts to force the airlock's door open failing and only minutes left, Alan must make the choice of living to see his family again or sacrificing himself to save the lives of his stranded crew.",
    "genres" : [ {
      "id" : 18,
      "name" : "Drama"
    }, {
      "id" : 878,
      "name" : "Science Fiction"
    } ]
  }, {
    "id" : 186833,
    "title" : "G.E.M Tang - Get Everybody Moving Concert 2011",
    "overview" : "In May 2011, G.E.M. became the youngest female artist to hold solo concerts at the Hong Kong Coliseum when she took to the prestigious stage at the age of 19. These landmark concerts also kicked off her Get Everybody Moving 2011 world tour, which brought her to Australia in August, back in Hong Kong for a second leg in September, Guangzhou and Macau in October, a limited theatrical run in Hong Kong in November, and Canada in December. The pop sensation was in top form and she spared no effort to entertain her audiences, bringing the house down with a string of hit songs and hot dances. Now the unforgettable concert is released on Blu-ray, and it's time you put that live G.E.M. in your collection!",
    "genres" : [ ]
  }, {
    "id" : 186843,
    "title" : "To Rant Another Day",
    "overview" : "Slowrider a youtube critic goes missing  and Matenis22 must find him.",
    "genres" : [ {
      "id" : 35,
      "name" : "Comedy"
    } ]
  }, {
    "id" : 186848,
    "title" : "The Butcher Boy",
    "overview" : "This 1932 Pooch the Pup entry is based on a very simple idea; Pooch gets a call from his girl -- who doesn't seem to have a name -- ordering one chicken, please. So Pooch goes to the back of his butcher shop and selects one, and understandably the chicken in question is less than cooperative in going along with the idea, but ends up in the basket. At Pooch's girl's house both Pooch and chicken face off with the pet cat, who is particularly conniving; the cat winds up running off with the chicken.",
    "genres" : [ ]
  }, {
    "id" : 186853,
    "title" : "Seeing Stars",
    "overview" : "Krazy is the guest of honor as the Hollywood movie stars come out and pay tribute to Krazy.",
    "genres" : [ ]
  }, {
    "id" : 186858,
    "title" : "An Unattached Unit",
    "overview" : "Set in 1951 at the height of the Korean War it tells the story of a group of soldiers who are being replaced in the front line after serving their rotation. But on the way home they find enemy troops are about to make a breakthrough and it is up to them to pull together to save the country.",
    "genres" : [ ]
  }, {
    "id" : 186863,
    "title" : "Lighthouse",
    "overview" : "The hero of this film toiled was a lighthouse keeper before Korea's liberation in World War II. He suffered many indignities and mistreatment by the Japanese, who were then occupying Korea. After the liberation, he leads a better life, and despite his advanced age, he keeps the lighthouse in full working order, in devotion to his country and doesn't rely on recognition or praise. Lighthouse is a quiet revolution drama, which makes it clear that a meritorious fate can also stand behind an unassuming person.",
    "genres" : [ ]
  }, {
    "id" : 186868,
    "title" : "Rip Van Winkle",
    "overview" : "Rip Van Winkle, a lazy American man, wanders off one day with his dog Wolf into the Kaatskill mountains where he runs into an odd group of men drinking and playing bowls. He drinks some of their mysterious brew and passes out. When he wakes up under a tree he is astonished to find that 20 years have passed and things are a lot different.",
    "genres" : [ {
      "id" : 16,
      "name" : "Animation"
    } ]
  }, {
    "id" : 186893,
    "title" : "The Battle for the Republic of China",
    "overview" : "Patriotic extravanganza concerning early 20th century political events in Taiwan (i.e. the Republic of China), told in an ensemble format",
    "genres" : [ ]
  }, {
    "id" : 186898,
    "title" : "The Rats",
    "overview" : "",
    "genres" : [ {
      "id" : 18,
      "name" : "Drama"
    } ]
  }, {
    "id" : 186903,
    "title" : "Kung Fu from Beyond the Grave",
    "overview" : "On the 7th month of the lunar calendar, all ghosts and spirits are active and get to walk the earth for the month so that they can find a way to reincarnate. During one of these nights, a young kid named Chun Sing (Billy Chong), is visited by his dead Father. Chun Sing's father states that he was murdered by a man named Kam Tai Fu (Lo Lieh). And as you may have guessed, Chun Sing must avenge his father's death. It won't be easy though because Kam Tai Fu has some help in the form of a Black Magician (Ta Hsi Yen) and his evil gung fu.",
    "genres" : [ {
      "id" : 27,
      "name" : "Horror"
    }, {
      "id" : 28,
      "name" : "Action"
    } ]
  }, {
    "id" : 186908,
    "title" : "The Lion Has Seven Heads",
    "overview" : "Invoking Africa’s brutally violent and complex colonial histories in the film’s polyglot, hydra-headed title, Rocha transposes his radical allegory of oppression from the Brazilian backlands of his Cinema Novo classic Antonio das Mortes (1968) to the Congolese savanna. A white-robed preacher wanders and sermonizes across African lands (in a stream-of-consciousness performance by Léaud); European communists and CIA spies conspire out of mutual self interest to engineer the appointment of an African bourgeois to a puppet government presidency; and a revolutionary group marches in exile. Rocha’s second feature film after fleeing Brazil’s military dictatorship, Der Leone Have Sept Cabeças introduces intentionally disorienting new situations in virtually every scene, the result of a largely improvised production that cast European actors, local villagers, and real guerilleros side-by-side.  - MoMA",
    "genres" : [ {
      "id" : 18,
      "name" : "Drama"
    }, {
      "id" : 36,
      "name" : "History"
    } ]
  }, {
    "id" : 186918,
    "title" : "REM: When the Light is Mine",
    "overview" : "This is the first complete overview of R.E.M.'s videos for I.R.S. Records, developed and compiled by all four original members of R.E.M. DVD features over two hours of content including all 11 music videos, TV performances, and interviews, plus the unseen music video for \"Wolves, Lower.\"",
    "genres" : [ ]
  }, {
    "id" : 186923,
    "title" : "Man Crazy",
    "overview" : "shaw production",
    "genres" : [ ]
  }, {
    "id" : 186938,
    "title" : "Great Day",
    "overview" : "An impending V.I.P. visit causes bustle in an English village, while the Ellis family struggles with private problems.",
    "genres" : [ {
      "id" : 18,
      "name" : "Drama"
    } ]
  }, {
    "id" : 186948,
    "title" : "Ugly Tycoon",
    "overview" : "shaw production",
    "genres" : [ ]
  }, {
    "id" : 186958,
    "title" : "Asia-Pol",
    "overview" : "Yang Ming Xuan intercepts a truckload of contraband, but the criminals stage a brazen helicopter attack, ruthlessly eliminating their own operatives and destroying most of the shipment before it can be confiscated. In the process, Ming Xuan's partner is killed, and the young agent is brought to the unwelcome attention of the leader of the smuggling operation.",
    "genres" : [ {
      "id" : 80,
      "name" : "Crime"
    } ]
  }, {
    "id" : 186963,
    "title" : "Simones Entscheidung",
    "overview" : "A drama directed by Ulrich Stark",
    "genres" : [ ]
  }, {
    "id" : 186973,
    "title" : "Camelot: The Legend",
    "overview" : "The legend of Guinevere and Lancelot, retold as a loopy, animated musical.",
    "genres" : [ {
      "id" : 16,
      "name" : "Animation"
    }, {
      "id" : 14,
      "name" : "Fantasy"
    } ]
  }, {
    "id" : 186983,
    "title" : "Sono un pirata, sono un signore",
    "overview" : "",
    "genres" : [ {
      "id" : 35,
      "name" : "Comedy"
    } ]
  }, {
    "id" : 186988,
    "title" : "Honey",
    "overview" : "Irene, nicknamed 'Miele', has devote herself to people looking for help, and tries to alleviate their suffering even when they make extreme decisions. One day she has to cope with Grimaldi and his invisible malaise.",
    "genres" : [ {
      "id" : 18,
      "name" : "Drama"
    } ]
  }, {
    "id" : 186998,
    "title" : "Death March",
    "overview" : "The story of its namesake -- the forcible transfer of 76,000 American and Filipino prisoners of war by the Japanese Army in 1942",
    "genres" : [ ]
  }, {
    "id" : 187003,
    "title" : "Prince Charming",
    "overview" : "A year after her second place finish in the Miss Hong Kong contest one of the women being pursued by Chen Li Pen and Lolanto. Chen Li is the son of an enormously wealthy Hong Kong businessman and is vacationing in Hawaii, experiencing typical girl problems. His lothario friend Lolanto flies in from Hong Kong and is determined to find Chen Li a girl within a few days. After a series of hijinks, Chen Li and Lolanto are back in Hong Kong and investigating high-level embezzling in Chen's father's corporation. It also turns out that Kitty and May are employed there as well, with Kitty being the secretary of the supposed embezzler. Because Chen has been notoriously inconspicuous and no one knows what he looks like, he is able to assume to role of a limousine driver for Lolanto, who takes on the persona of Chen Li himself. While tracking down the corruption, Lolanto and Chen also are trying to win the hearts of the two women, but are they looking for true love or only money?",
    "genres" : [ {
      "id" : 35,
      "name" : "Comedy"
    }, {
      "id" : 10749,
      "name" : "Romance"
    } ]
  }, {
    "id" : 187008,
    "title" : "Hollywood on Parade No. A-4",
    "overview" : "Hollywood on Parade was a series of short subjects produced by Paramount Pictures between 1932 and 1934. They showcased the studio's stars both in newsreel-type footage (glimpses of Hollywood figures at premieres, parties, the races, etc.) and in new material such as sketches or musical numbers.",
    "genres" : [ ]
  }, {
    "id" : 187013,
    "title" : "Pale Passion",
    "overview" : "Eddie Chan plays Fa, a psychotic loser, always between jobs, who never seems to have his prerogative s straight. His girlfriend at the time, Ah Hsia (Chiang Li Ping) even starts to think he is psycho and decides to call off their relationship. Fa, being a psycho that he is, is unable to take the word \"no\" for answer as he constantly hounds Ah Hsia and her family and practically stalks her. (Why doesn't Ah Hsia knee this guy in the nuts??) Worse comes to worst, as Ah Hsia cannot stand Fa any longer and practically disappears off the face of the earth and starts another life, albeit in Hong Kong, but far enough from the crazy Fa. Fa, still thinking of Ah Hsia, manages to get involved in a relationship with a PR girl named Hsing (Elaine Kam), to soothe over his desire for a female companion. Eventually, Fa spots Ah Hsia again, and this time he will not let her go. Man! This Fa is crazy.",
    "genres" : [ ]
  }, {
    "id" : 187018,
    "title" : "How to Choose a Royal Bride",
    "overview" : "shaw production",
    "genres" : [ ]
  }, {
    "id" : 187028,
    "title" : "Omar",
    "overview" : "The drama, the story of three childhood friends and a young woman who are torn apart in their fight for freedom, is billed as the first fully-financed film to come out of the Palestinian cinema industry.",
    "genres" : [ {
      "id" : 53,
      "name" : "Thriller"
    }, {
      "id" : 18,
      "name" : "Drama"
    }, {
      "id" : 10749,
      "name" : "Romance"
    } ]
  }, {
    "id" : 187033,
    "title" : "Women",
    "overview" : "Liang Pao-erh (Cora Miao) joins the carefree “Spinsters’ Club” when she discovers her husband (Chow Yun-fat) is having an affair. Despite the seemingly happy front that her “sisters” put on, underneath it all each of them secretly yearns for a man in their lives. When her repentant husband begs forgiveness, Liang is forced to decide on what she truly wants.",
    "genres" : [ ]
  }, {
    "id" : 187048,
    "title" : "Buckskin",
    "overview" : "A Montana marshal (Barry Sullivan) fights a land baron (Wendell Corey) out to parch homesteaders with a spite dam.",
    "genres" : [ {
      "id" : 37,
      "name" : "Western"
    } ]
  }, {
    "id" : 187053,
    "title" : "Blue Matrix",
    "overview" : "Enter the Blue Matrix, the virtual reality universe where your every erotic fantasy can come true. As long as your every erotic fantasy doesn't extend beyond soft-porn scenarios where men do it with women and women lick each other a bit.",
    "genres" : [ {
      "id" : 14,
      "name" : "Fantasy"
    }, {
      "id" : 878,
      "name" : "Science Fiction"
    } ]
  }, {
    "id" : 187058,
    "title" : "Na stojáka - Volume 1",
    "overview" : "",
    "genres" : [ {
      "id" : 35,
      "name" : "Comedy"
    } ]
  }, {
    "id" : 187093,
    "title" : "Casting",
    "overview" : "Javier Lopez is an actor. Like so many others. Like nobody else.",
    "genres" : [ ]
  }, {
    "id" : 187098,
    "title" : "Black Diamonds",
    "overview" : "Directed by Spaniard Miguel Alcantud, Diamantes Negros, which makes a connection between the black diamond, and the black athlete, stars 2 Malian boys, Setigui Diallo and Hamidou Samaké, and laments what it calls the trafficking of African children to Europe to play football, comparing it to the transatlantic slave trade.  The two young men are convinced by scouts/agents of the riches that await them in Europe, but it doesn't take long for those dreams to become nightmares. Cut off from their families and friends, the challenges they face are even heavier burdens to carry.",
    "genres" : [ {
      "id" : 18,
      "name" : "Drama"
    } ]
  }, {
    "id" : 187118,
    "title" : "O.H.M.S.",
    "overview" : "American racketeer Jimmie Dean travels to England, where he assumes the identity of a Canadian whom he has been falsely accused of murdering. Jimmie is then forced to join the British army in the dead man's place. He falls in love with the Canadian's childhood playmate, Sally Briggs, and becomes a hero after saving an isolated English colony in China.",
    "genres" : [ {
      "id" : 28,
      "name" : "Action"
    }, {
      "id" : 35,
      "name" : "Comedy"
    }, {
      "id" : 18,
      "name" : "Drama"
    } ]
  }, {
    "id" : 187123,
    "title" : "Familia Para Armar",
    "overview" : "Familia para armar tells the story of the emotive encounter between a father and his teenage daughter after a long and traumatic separation. Ernesto is an obfuscated and distant father and Julia a hardheaded daughter wanting to be loved and to rebuild the relationship with her father.",
    "genres" : [ {
      "id" : 18,
      "name" : "Drama"
    }, {
      "id" : 35,
      "name" : "Comedy"
    } ]
  }, {
    "id" : 187128,
    "title" : "Maximum",
    "overview" : "A story of two of Mumbai Police's top encounter specialists' fight for control and oneupmanship which goes through a complex maze of politics, land deals, fake encounters and bad money.",
    "genres" : [ ]
  }, {
    "id" : 187133,
    "title" : "Harold and the Purple Crayon",
    "overview" : "A little boy takes a walk, using his purple crayon to create everything he encounters along the way, including an apple tree, a dragon, an ocean, a picnic, a hill, a hot-air balloon and a big city.",
    "genres" : [ ]
  }, {
    "id" : 187168,
    "title" : "Jazz '34",
    "overview" : "A recreation of 1934 Kansas City jazz jam session created by Robert Altman.",
    "genres" : [ ]
  }, {
    "id" : 187178,
    "title" : "My Son",
    "overview" : "shaw production",
    "genres" : [ ]
  }, {
    "id" : 187183,
    "title" : "Dua Kalimah",
    "overview" : "\"2 Kalimah\" tells the story of a couple, Aiman and a Malay-English girl Selena, who decide to return to their hometown. The couple have a secret of their own: Aiman is actually still in love with Humaira, thus he does not want want to wed Selena, but due to her pregnancy, is forced to lie to their relatives and friends that they are married.",
    "genres" : [ {
      "id" : 10749,
      "name" : "Romance"
    }, {
      "id" : 18,
      "name" : "Drama"
    } ]
  }, {
    "id" : 187188,
    "title" : "NH4",
    "overview" : "Udhayam NH4 is a 2013 Tamil romantic thriller film directed by debutant Manimaran, a former associate of Vetrimaaran. The film features Siddharth and newcomer Ashrita Shetty in the lead roles. Vetrimaaran has written the script, done the screenplay, and also penned the dialogues for this film. The story takes place in Bengaluru, Karnataka.",
    "genres" : [ {
      "id" : 10749,
      "name" : "Romance"
    }, {
      "id" : 53,
      "name" : "Thriller"
    } ]
  }, {
    "id" : 187193,
    "title" : "Free of Eden",
    "overview" : "Story about Will Cleamons, a former teacher-turned-businessman who agrees to tutor 18-year-old high school dropout, Nicole Turner. Much to his surprise, their relationship not only helps Nicole build a future, but helps Cleamons put his personal life back together.",
    "genres" : [ ]
  }, {
    "id" : 187198,
    "title" : "Go: A film About Moby",
    "overview" : "This exclusive feature-length documentary film chronicles Moby's life story from his humble beginnings in rural Connecticut to his current status as world-renowned musician and song-writer. Filmed in high- definition in Europe, the USA and South America during his world tour of 2005 this film give hitherto unseen insight into the man and his music. Moby, along with friends, family, and associates, tells us his story in his own words and takes us back to where he was brought up and where he first earned his spurs as a DJ before creating his own music. This is a rare in-depth portrait of an artist, his life and work.",
    "genres" : [ ]
  }, {
    "id" : 187213,
    "title" : "Strange Parallel",
    "overview" : "Strange Parallel is a documentary/short film revolving around the American singer/songwriter Elliott Smith. The film features interviews with Elliott himself as well as fans, friends and other acquaintances of his (including Gus Van Sant, Larry Crane, and the members of Quasi). The film also includes snippets of Elliott Smith performing as well as footage of him recording an unreleased song, \"Brand New Game\". The film sometimes moves out of reality, with acted-out, metaphorical sequences that involve Elliott considering purchasing a mechanical hand (a \"robot hand\" ) to improve his music.",
    "genres" : [ {
      "id" : 99,
      "name" : "Documentary"
    }, {
      "id" : 10402,
      "name" : "Music"
    } ]
  }, {
    "id" : 187218,
    "title" : "Norah Jones - VH1 Storytellers",
    "overview" : "Norah Jones performs live for VH1 Storytellers.",
    "genres" : [ ]
  }, {
    "id" : 187238,
    "title" : "Si può fare l'amore vestiti?",
    "overview" : "",
    "genres" : [ {
      "id" : 35,
      "name" : "Comedy"
    } ]
  }, {
    "id" : 187248,
    "title" : "Bright Eyes - Festival International Of Benicassim",
    "overview" : "Bright Eyes - Festival International Of Benicassim 2007\r Source: Satellite Broadcasted by TVVi -&gt; Hauppauge Win TV Nova -&gt; PC  Video: DVD PAL, 720x576 (4:3), 25 fps, 3900 kbps\r Audio: MPEG-1 Audio Layer-2, 48 kHz Stereo, 256 kbps",
    "genres" : [ ]
  }, {
    "id" : 187263,
    "title" : "You Lie, You Die",
    "overview" : "On the surface, Kate and Jack, late 20's, are happy. But like everyone, they carry secrets that neither of them is prepared to reveal. After their wedding, they wake from a deep, dark sleep, each alone in a sealed room with no doors or windows, just a projection screen and a monitor with two buttons: one for “yes”, one for “no”. As the horror of their situation unfolds, surveillance films showing their life together, appear on the screen as the monitor asks questions, each more strange and terrifying that the last. It soon becomes apparent that a bizarre test of their relationship is underway, and the secrets revealed lead them deeper and deeper into what could not just destroy their love, but threaten their very lives…",
    "genres" : [ {
      "id" : 53,
      "name" : "Thriller"
    } ]
  }, {
    "id" : 187273,
    "title" : "Les Amants naufragés",
    "overview" : "",
    "genres" : [ {
      "id" : 10770,
      "name" : "TV Movie"
    }, {
      "id" : 53,
      "name" : "Thriller"
    } ]
  }, {
    "id" : 187288,
    "title" : "Two Days Back",
    "overview" : "Five-year-old Emma follows a feral boy into the woods and is lost for two days. Remembering nothing of her ordeal, she avoids the woods, until seventeen years later when she accompanies a group of environmental students up a mountain to catch forestry students suspected of illegal foresting. When people go missing and bodies begin to surface, the groups join forces, but before they can make it back down the mountain, they stumble across a hunter's cabin and Emma comes face to face with the dark mystery of her past.",
    "genres" : [ {
      "id" : 27,
      "name" : "Horror"
    }, {
      "id" : 53,
      "name" : "Thriller"
    }, {
      "id" : 9648,
      "name" : "Mystery"
    } ]
  }, {
    "id" : 187298,
    "title" : "Felix Austria!",
    "overview" : "Compelled by the inheritance of a mysterious box of letters, American aesthete Felix Pfeifle begins the journey of a lifetime to reach the source of the correspondence: the last heir of the Holy Roman Emperors, aging Archduke Otto von Habsburg. The quest takes Felix across America , over the Atlantic and beyond. But time is running out on another end--Felix's father is dying of Huntington's Disease, an incurable genetic disease that Felix has a fifty percent chance of developing. Ultimately, FELIX AUSTRIA! is a universal story about a person's life-defining passions, fears, and triumphs when one dares to dream.",
    "genres" : [ ]
  } ]
}