{
  "movies" : [ {
    "id" : 286673,
    "title" : "Die Feuertreppe",
    "overview" : "",
    "genres" : [ {
      "id" : 18,
      "name" : "Drama"
    } ]
  }, {
    "id" : 286678,
    "title" : "The Outside Of The Temple",
    "overview" : "Starring Naowarat Yuktanan",
    "genres" : [ ]
  }, {
    "id" : 286683,
    "title" : "Masochist Big Tits Private Investigator",
    "overview" : "Secret agent Sora is on a top secret mission serving the nation. But when her cover is blown and she is taken to the enemy's hideout, the bad guys have their way of getting the information they need out of her.",
    "genres" : [ ]
  }, {
    "id" : 286688,
    "title" : "The Jolly Jilter",
    "overview" : "Silent comedy short film starring Ben Turpin",
    "genres" : [ ]
  }, {
    "id" : 286693,
    "title" : "National Geographic: The Last Feast of the Crocodiles",
    "overview" : "In the daily struggle for survival, terrible thirst drives wildlife to water...even when the water is just inches away from the jaws of a crocodile. During one harsh season, a punishing drought draws some of Africa's most magnificent creatures to the shrinking pools of the Luvuvhu River. Its dwindling waters provide relief for baboons, impala, elephants, lions, water birds and bee-eaters - but also a refuge for scores of hungry crocodiles. Amidst the stunning scenes of nature at its harshest, strange things happen. A baby crocodile basks on top of a hippopotamus. Baboons attack a crocodile that has taken a youngster from the troop. Crocodiles harass a heron and steal its hard-won catch. And hippos calmly wade into the middle of a crocodile feeding frenzy. But the power of nature and her relentless drought may prove greater than even that of the most fearsome beasts. This cruel season may turn out to be the LAST FEAST OF THE CROCODILES.",
    "genres" : [ {
      "id" : 99,
      "name" : "Documentary"
    } ]
  }, {
    "id" : 286703,
    "title" : "Satan Tempts with Love",
    "overview" : "A crime movie directed by Rudolf Jugert.",
    "genres" : [ {
      "id" : 18,
      "name" : "Drama"
    }, {
      "id" : 80,
      "name" : "Crime"
    }, {
      "id" : 53,
      "name" : "Thriller"
    } ]
  }, {
    "id" : 286708,
    "title" : "Farewell",
    "overview" : "In August 1914, amidst the public ecstasy surrounding the impending war, Hans Gastl, the seventeen year-old son of a Munich bürger, makes a decision: he will not take part in this war. This resolution signifies a turning point in his life; a farewell to his class and his family.",
    "genres" : [ {
      "id" : 18,
      "name" : "Drama"
    }, {
      "id" : 36,
      "name" : "History"
    } ]
  }, {
    "id" : 286718,
    "title" : "Kinky Hoodoo Voodoo",
    "overview" : "Tells the story, through surrealist and oniric images, of an alien invasion that feeds on spanish children.",
    "genres" : [ {
      "id" : 878,
      "name" : "Science Fiction"
    } ]
  }, {
    "id" : 286723,
    "title" : "Single liebt Single",
    "overview" : "",
    "genres" : [ {
      "id" : 35,
      "name" : "Comedy"
    } ]
  }, {
    "id" : 286728,
    "title" : "Die Erbschaft",
    "overview" : "",
    "genres" : [ {
      "id" : 18,
      "name" : "Drama"
    } ]
  }, {
    "id" : 286733,
    "title" : "Die Poggenpuhls",
    "overview" : "",
    "genres" : [ {
      "id" : 18,
      "name" : "Drama"
    } ]
  }, {
    "id" : 286738,
    "title" : "Grüne Hochzeit",
    "overview" : "Susanne (17) and Robert (18) want to get married, but because Susanne is still under-aged, she needs parental permission. With twin babies and tight finances, the newlyweds soon feel overwhelmed, and dealing with everything makes them forget the love that originally brought them together.",
    "genres" : [ {
      "id" : 10749,
      "name" : "Romance"
    }, {
      "id" : 18,
      "name" : "Drama"
    } ]
  }, {
    "id" : 286743,
    "title" : "The Law in Her Hands",
    "overview" : "A female lawyer (Margaret Lindsay) sets up her own practice but only achieves success as an attorney for the mob.",
    "genres" : [ {
      "id" : 18,
      "name" : "Drama"
    }, {
      "id" : 35,
      "name" : "Comedy"
    }, {
      "id" : 80,
      "name" : "Crime"
    } ]
  }, {
    "id" : 286748,
    "title" : "Icebound",
    "overview" : "Ben Jordan runs away after accidentally setting fire to a barn in his small New England community. He returns when his mother dies to find that she has left everything to her ward, Jane Crosby.",
    "genres" : [ {
      "id" : 18,
      "name" : "Drama"
    }, {
      "id" : 10749,
      "name" : "Romance"
    } ]
  }, {
    "id" : 286753,
    "title" : "Rüdiger Hoffmann - Obwohl...",
    "overview" : "",
    "genres" : [ {
      "id" : 35,
      "name" : "Comedy"
    } ]
  }, {
    "id" : 286758,
    "title" : "Fly Me To The Moon",
    "overview" : "An awesome fantasy film by the great TVJ.",
    "genres" : [ {
      "id" : 14,
      "name" : "Fantasy"
    }, {
      "id" : 12,
      "name" : "Adventure"
    }, {
      "id" : 35,
      "name" : "Comedy"
    } ]
  }, {
    "id" : 286763,
    "title" : "Outbreak",
    "overview" : "The main character of this film reminiscent of political writing is Laci, the young and ambitious factory worker. He lives with his brother's family. After an unsuccessful attempt to escape from his native country and the prison sentence which follows it he gets employed by Pray, the progressive thinker, at a newly established computer centre. It is here that Laci learns to know Anna, the new-leftist university student, daughter of the general manager. Tóth, although he does not favour their relationship, does not oppose it either.",
    "genres" : [ ]
  }, {
    "id" : 286768,
    "title" : "The Last Chance",
    "overview" : "The film is based on a true story. Jakus, managing director of a scooter-factory suddenly resigns, since he disagrees with his superiors in the ministry on several points. Disregarding the attacks of his family and friends, he returns to his original job and becomes a welder, which is not very easy because of his records.",
    "genres" : [ {
      "id" : 18,
      "name" : "Drama"
    } ]
  }, {
    "id" : 286773,
    "title" : "SCANDAL OSAKA-JO HALL 2013「Wonderful Tonight」",
    "overview" : "SCANDAL OSAKA-JO HALL 2013 \"Wonderful Tonight\" is the sixth DVD and (forth concert DVD) released by SCANDAL. It features their dream concert at Osaka-Jo Hall in March 2013",
    "genres" : [ {
      "id" : 10402,
      "name" : "Music"
    } ]
  }, {
    "id" : 286778,
    "title" : "The Man Who Went Up in Smoke",
    "overview" : "The journalist Alf Mattson gets thoroughly drunk at his birthday party, where his wife announces that she intends to divorce him. He is knocked down on the street and is later carried home by a friend. The next day he is to fly to Budapest in order to make a report for the Stockholm television. Mattson disappears in Budapest.",
    "genres" : [ {
      "id" : 18,
      "name" : "Drama"
    } ]
  }, {
    "id" : 286783,
    "title" : "What's the Time, Mr. Clock?",
    "overview" : "Even without a clock, the watch-maker of the small country town always knows the exact time to the second, and for this reason he came to be called Mr. Clock. His wife left him, and he only lives for his work. He is just engaged in repairing the tower clock when his wife returns and the German troops appear.",
    "genres" : [ {
      "id" : 10752,
      "name" : "War"
    }, {
      "id" : 18,
      "name" : "Drama"
    } ]
  }, {
    "id" : 286788,
    "title" : "Requiem for a Revolutionary",
    "overview" : "The royal summary court sentences Sallai Imre and Fürst Sándor to death on charges of attempting to uproot the state and the social order. The film, the story of which takes place in 1932, enlarges the moment of delivering the death-sentence. Sallai, preparing for his death, envisions the people and the events that have been decisive for his life.",
    "genres" : [ {
      "id" : 36,
      "name" : "History"
    }, {
      "id" : 18,
      "name" : "Drama"
    } ]
  }, {
    "id" : 286793,
    "title" : "Greggy En' Boogie: Sakyan Mo Na Lang, Anna",
    "overview" : "Greggy and Boogie are good friends. Both of them work as Jeepney Drivers and Handymen for some customers in their small community. They usually get into trouble for being too careless and yet they try to survive honestly in whatever they do.  - Written by ledster",
    "genres" : [ {
      "id" : 35,
      "name" : "Comedy"
    } ]
  }, {
    "id" : 286798,
    "title" : "Suicide Commandoes",
    "overview" : "The story line, although in fiction, was set in the last days of the Second World War  in the Philippines, particularly the Bessang Pass in the island of Luzon. The combined Filipino and American military forces are having a hard time in defeating the Japanese Imperial Army. Because of this situation, many military personnel and civilians on the side of the Filipino and Americans caught between the opposing forces are dying in large numbers everyday. Equipment and logistics in large quantities are also lost during the same time. The top brass of the United States Armed Forces in the Far East (USAFFE) decided to select six Filipinos from various several guerrilla units under its command to execute a mission codenamed “Mission X-310”:",
    "genres" : [ {
      "id" : 28,
      "name" : "Action"
    } ]
  }, {
    "id" : 286803,
    "title" : "Hilfe, die Familie kommt!",
    "overview" : "",
    "genres" : [ {
      "id" : 10770,
      "name" : "TV Movie"
    }, {
      "id" : 35,
      "name" : "Comedy"
    }, {
      "id" : 10751,
      "name" : "Family"
    } ]
  }, {
    "id" : 286808,
    "title" : "12 oz. Mouse: The Movie",
    "overview" : "In this crudely animated series, a mouse performs odd jobs so he can buy more beer.  A DVD release of the complete series was released exclusively on the Williams Street shop. The series is presented as a single, continuous movie, with newly-produced footage bridging the gaps between episodes.",
    "genres" : [ {
      "id" : 16,
      "name" : "Animation"
    }, {
      "id" : 35,
      "name" : "Comedy"
    }, {
      "id" : 9648,
      "name" : "Mystery"
    } ]
  }, {
    "id" : 286813,
    "title" : "Human Behavioural Case Studies. Series One.",
    "overview" : "Adam Elliot's earliest film, Human Behavioral Case Studies, is a drawn animation rather than claymation like his other films. It's about unusual human behaviors or obsessions. At only a minute long, it's just long enough to be memorably, darkly amusing.",
    "genres" : [ {
      "id" : 35,
      "name" : "Comedy"
    } ]
  }, {
    "id" : 286818,
    "title" : "Der falsche Feldmarschall",
    "overview" : "",
    "genres" : [ {
      "id" : 35,
      "name" : "Comedy"
    } ]
  }, {
    "id" : 286823,
    "title" : "Bellezze sulla spiaggia",
    "overview" : "",
    "genres" : [ {
      "id" : 35,
      "name" : "Comedy"
    } ]
  }, {
    "id" : 286828,
    "title" : "Wer wagt – gewinnt",
    "overview" : "",
    "genres" : [ {
      "id" : 35,
      "name" : "Comedy"
    } ]
  }, {
    "id" : 286833,
    "title" : "With Murder in Mind",
    "overview" : "A crime comedy directed by Rainer Bär.",
    "genres" : [ {
      "id" : 80,
      "name" : "Crime"
    }, {
      "id" : 35,
      "name" : "Comedy"
    }, {
      "id" : 53,
      "name" : "Thriller"
    } ]
  }, {
    "id" : 286838,
    "title" : "The Care of Time",
    "overview" : "A thriller directed by John Davies.",
    "genres" : [ {
      "id" : 10770,
      "name" : "TV Movie"
    }, {
      "id" : 53,
      "name" : "Thriller"
    } ]
  }, {
    "id" : 286843,
    "title" : "Alles Schwindel",
    "overview" : "",
    "genres" : [ {
      "id" : 35,
      "name" : "Comedy"
    } ]
  }, {
    "id" : 286848,
    "title" : "Meine Freundin Josefine",
    "overview" : "",
    "genres" : [ {
      "id" : 35,
      "name" : "Comedy"
    } ]
  }, {
    "id" : 286853,
    "title" : "Die Sache mit Styx",
    "overview" : "",
    "genres" : [ {
      "id" : 35,
      "name" : "Comedy"
    } ]
  }, {
    "id" : 286858,
    "title" : "Curious George Goes to The Doctor",
    "overview" : "Everyone's favorite monkey is back with all-new shows from his Daytime Emmy-nominated hit PBS KIDS TV series. Curious George is curious about things happening all around him and sometimes he just has to get in and try it for himself! Including 8 plus fun-filled games and activities, you'll never be without a friend when Curious George Goes to the Doctor and Lends a Helping Hand!",
    "genres" : [ {
      "id" : 10751,
      "name" : "Family"
    }, {
      "id" : 16,
      "name" : "Animation"
    } ]
  }, {
    "id" : 286863,
    "title" : "Sesame Street: Elmo's Music Magic",
    "overview" : "Kids will discover the magic of music along with Elmo in this delightful DVD. It features a special story where Elmo finds that with a wave of Abby's wand he can make everyone on Sesame Street Sing! Elmo and friends sing loud and soft, high and low, and all over Sesame Street! But what happens when everyone can't stop singing? Featuring music videos with many stars such as William, Jason Mraz and Feist, and favorite Sesame Street songs, children will want to move and sing along.",
    "genres" : [ {
      "id" : 10751,
      "name" : "Family"
    } ]
  }, {
    "id" : 286868,
    "title" : "Captain Thunder",
    "overview" : "A notorious Mexican bandit goes all soft and mushy when he falls for a beautiful senorita.  Warner Bros.' Captain Thunder contains some of the darndest Mexican accents you've ever heard in your life.  The star is Hungarian-born Victor Varconi, portraying a legendary south of the border outlaw who tries to force Canadian senorita Fay Wray to marry a rival rustler whom she despises.  She pleads with the bandito so pathetically that he is moved to grant her a single wish.  Without hesitation she chooses her poor but true love. The bandit king, being a somewhat honorable fellow grants the wish and without a twitch, guns down the wicked cattle thief.  Fortunately the film was played for comedy, a wise decision since it probably would have garnered laughs as a straight drama anyway.",
    "genres" : [ {
      "id" : 37,
      "name" : "Western"
    }, {
      "id" : 18,
      "name" : "Drama"
    }, {
      "id" : 12,
      "name" : "Adventure"
    }, {
      "id" : 10402,
      "name" : "Music"
    } ]
  }, {
    "id" : 286873,
    "title" : "Northmen: A Viking Saga",
    "overview" : "A band of Vikings cross enemy lines and a panicked race begins. The losers will pay with their lives.",
    "genres" : [ {
      "id" : 12,
      "name" : "Adventure"
    } ]
  }, {
    "id" : 286878,
    "title" : "The Little Adventuress",
    "overview" : "When Victoria’s husband Leonard leaves her for Helen , Victoria  takes up with artist Antonio. However both couples end up on George La Fuente's dude ranch. Everybody begins arguing with the poor Senor Fuentes.",
    "genres" : [ {
      "id" : 35,
      "name" : "Comedy"
    } ]
  }, {
    "id" : 286883,
    "title" : "Top Gear: Cars with Soul",
    "overview" : "Some cars have a million horsepower, others have twinkly lights and big shiny wheels. But a rare few have something else; soul. It's found in funny places. In the crack of a rusty sill. Down the back of a torn seat next to an old Smartie. And if you're really lucky, it's found in a screaming V12 or perched on a ludicrous wing, or in the rooftop hinge of a gullwing door. These are the cars that make us happy, mad, insane and inevitably very poor. And no matter how much sense is drilled into our daft little heads, we'll continue to love then. So put your feet up, play this DVD and enjoy some of our favourites. It's a celebration of soul.",
    "genres" : [ {
      "id" : 99,
      "name" : "Documentary"
    } ]
  }, {
    "id" : 286888,
    "title" : "Carmen Electra's Aerobic Striptease, Vol 2 - Fit to Strip",
    "overview" : "With several mini-workouts targeted at the hips, buns and abs, FIT TO STRIP whips the body into shape and helps individuals achieve the confidence to strip their way to a better body!",
    "genres" : [ ]
  }, {
    "id" : 286893,
    "title" : "Don't Fuck with the Lewises",
    "overview" : "A Norwegian film crew on a road trip through the deep American South run across a liquor store owned by Jerry Lee Lewis' wild'n'crazy sister and her drunken husband.  They're invited to stay the night and what starts off as quirky redneck antics suddenly devolves into an all-out hillbilly horror show!",
    "genres" : [ {
      "id" : 99,
      "name" : "Documentary"
    } ]
  }, {
    "id" : 286898,
    "title" : "Ein fröhliches Haus",
    "overview" : "",
    "genres" : [ {
      "id" : 35,
      "name" : "Comedy"
    } ]
  }, {
    "id" : 286903,
    "title" : "Herzkönig",
    "overview" : "",
    "genres" : [ {
      "id" : 35,
      "name" : "Comedy"
    } ]
  }, {
    "id" : 286908,
    "title" : "64,000,000 Years Ago",
    "overview" : "This short animated film looks at the last of the great dinosaurs to stalk the central plains of North America. Lifelike models of ornithomimus, edmontosaur, and triceratops recreate the late Cretaceous period, offering a view of how our world may have looked 64,000,000 years ago.",
    "genres" : [ ]
  }, {
    "id" : 286913,
    "title" : "Mastering Leadership Series Vol. 2: Becoming a Pack Leader",
    "overview" : "Cesar’s hands-on DVD shows you how to be a pack leader, use energy and body language to influence your dog, create rules for your dog, gain control during walks, and more in Volume 2 of Cesar’s best-selling DVD series.",
    "genres" : [ ]
  }, {
    "id" : 286923,
    "title" : "Hip Hop Abs",
    "overview" : "Get flat, sexy abs without ever doing a single crunch or sit-up with Hip Hop Abs\r Hip Hop Abs comes with 10 total workout routines including 3 bonus workouts and 3 bonus Learn to Dance workout routines across 3 DVDs\r Includes step-by-step nutrition guide, 30-day workout calendar, measurement card, and tape measure\r Bonus: 3 additional workouts, 3 Learn to Dance with Shaun T routines, Results on the Run diet guide, and 6-Day SlimDown plan",
    "genres" : [ ]
  }, {
    "id" : 286928,
    "title" : "The Secret of Wendel Samson",
    "overview" : "A young man's struggle with his sexuality overtakes his life, driving him deep into his subconscious where guilt and fears of physicality chase him still further. Cornered by an intangible terror, he realises he must either break out or break down.",
    "genres" : [ {
      "id" : 18,
      "name" : "Drama"
    }, {
      "id" : 14,
      "name" : "Fantasy"
    } ]
  }, {
    "id" : 286933,
    "title" : "Inside the Hunt for the Boston Bombers",
    "overview" : "In April 2013, chaos erupted in Boston near the finish line of one of the world's oldest and most prestigious marathons. It was the worst terrorist attack on the United States since 9/11 and led to one of the most extensive and public manhunts in American history. Now, as the one-year anniversary approaches, National Geographic Channel presents a special two-hour event, Inside the Hunt for the Boston Bombers.",
    "genres" : [ {
      "id" : 99,
      "name" : "Documentary"
    } ]
  }, {
    "id" : 286938,
    "title" : "Chuck Amuck: The Movie",
    "overview" : "Chuck Amuck: The Movie is a 1991 documentary film about Chuck Jones' career with Warner Bros., centered on his work with Looney Tunes; narrated by Dick Vosburgh.",
    "genres" : [ {
      "id" : 99,
      "name" : "Documentary"
    } ]
  }, {
    "id" : 286943,
    "title" : "Fastback",
    "overview" : "A '66 Fastback car punishes its owner for back seat sex. Well endowed Billy gets an old car from his very religious Aunt Tilly. It gets worse, when Billy's hated school rival, Arnelle, discovers what's going on in Fastback; she devises some electronics to control Fastback from her computer and really torments Billy.",
    "genres" : [ {
      "id" : 35,
      "name" : "Comedy"
    } ]
  }, {
    "id" : 286953,
    "title" : "Portrait of a Great Lady / Queen Elizabeth: The Queen Mother: 90 Glorious Years",
    "overview" : "The remarkable life of Britain's long-living royal, the Queen Mother, is lovingly remembered in this documentary double feature. In Portrait of a Great Lady, beloved actor David Niven guides viewers through the Queen Mum's life, which oversaw pivotal moments of the 20th century. The second feature, Queen Elizabeth: The Queen Mother: 90 Glorious Years, is narrated by Richard Baker.",
    "genres" : [ ]
  }, {
    "id" : 286958,
    "title" : "Kidz Bop: Everyone's a Star!",
    "overview" : "After the Kidz Bop kids learn that the local Stevie Sykes concert is sold out, they turn bad news into great news by deciding to put on their own show, with hit songs by artists such as Smash Mouth, Christina Aguilera and Jimmy Eat World. Songs include \"All Star,\" \"What A Girl Wants,\" \"Kryptonite,\" \"Get the Party Started,\" \"The Middle\" and \"All You Wanted.\" Young viewers itching to join in on the fun can use the cool sing-along feature.",
    "genres" : [ ]
  }, {
    "id" : 286963,
    "title" : "Kleine Mutti",
    "overview" : "",
    "genres" : [ {
      "id" : 18,
      "name" : "Drama"
    } ]
  }, {
    "id" : 286968,
    "title" : "Schneider Wibbel",
    "overview" : "",
    "genres" : [ {
      "id" : 35,
      "name" : "Comedy"
    } ]
  }, {
    "id" : 286973,
    "title" : "Ein Mädel wirbelt durch die Welt",
    "overview" : "",
    "genres" : [ {
      "id" : 35,
      "name" : "Comedy"
    } ]
  }, {
    "id" : 286978,
    "title" : "Melodie des Schicksals",
    "overview" : "",
    "genres" : [ {
      "id" : 18,
      "name" : "Drama"
    } ]
  }, {
    "id" : 286983,
    "title" : "Cold Sassy Tree",
    "overview" : "Handsome May-December romantic drama set in a sleepy Southern town at the turn of the century. An independent lady from up North causes a scandal when she decides to wed the local general-store owner just three weeks after he's been widowed.",
    "genres" : [ {
      "id" : 18,
      "name" : "Drama"
    } ]
  }, {
    "id" : 286988,
    "title" : "Buno Haansh",
    "overview" : "Amal works as a security guard in a mall and is tempted by the world of wealth surrounding him. When a close friend introduces him to the underworld element, he becomes trapped in a web of greed, lust and crime.",
    "genres" : [ ]
  }, {
    "id" : 286993,
    "title" : "Motel Blue",
    "overview" : "Kyle Rivers has joined the Dpt of Defense as an investigator. Her first assignment is to do a background check on Lana Hawking, scientist for a top secret clearance.",
    "genres" : [ {
      "id" : 28,
      "name" : "Action"
    }, {
      "id" : 53,
      "name" : "Thriller"
    } ]
  }, {
    "id" : 287003,
    "title" : "Avatar: Scene Deconstruction",
    "overview" : "The deconstruction of the Avatar scenes and sets",
    "genres" : [ ]
  }, {
    "id" : 287008,
    "title" : "Plop En De Verjaardagstaart",
    "overview" : "",
    "genres" : [ ]
  }, {
    "id" : 287013,
    "title" : "The Ragamuffin",
    "overview" : "In planning to break into the house of the wealthy Bob Van Dyke, Jenny's stepfather decides that his stepdaughter should do most of the dirty work, and Jenny, not wanting to disappoint him, grudgingly agrees. As soon as she enters the house, Bob catches her, but then goes back to his bedroom after making her give her word not to take anything. Jenny breaks her promise...",
    "genres" : [ {
      "id" : 18,
      "name" : "Drama"
    } ]
  }, {
    "id" : 287018,
    "title" : "The Powerpuff Girls: Dance Pantsed",
    "overview" : "The Powerpuff Girls have always saved the world before bedtime, but Mojo Jojo is back with his most diabolical scheme yet. As Blossom, Bubbles and Buttercup face off with their enemy, the girls may have found the one challenge that has them staying up past bedtime.",
    "genres" : [ {
      "id" : 10751,
      "name" : "Family"
    }, {
      "id" : 10770,
      "name" : "TV Movie"
    }, {
      "id" : 16,
      "name" : "Animation"
    }, {
      "id" : 28,
      "name" : "Action"
    } ]
  }, {
    "id" : 287023,
    "title" : "Saroyanland",
    "overview" : "Saroyanland is a docu-drama focusing on the journey of famous writer William Saroyan to the birthplace of his Armenian family Bitlis, in Turkey in 1964. While retaking the same road, the film aims to understand Saroyan's unique attitude to belonging, witnessing the self-discovery of a man who followed the traces of his Armenian ancestors.",
    "genres" : [ {
      "id" : 99,
      "name" : "Documentary"
    } ]
  }, {
    "id" : 287028,
    "title" : "Yesterday, Today, Tomorrow",
    "overview" : "Inspired by Albert Camus’s The Plague, Yesterday, Today, Tomorrow is perhaps Lung Kong’s grandest vision, and a testament to his uncompromising humanist convictions. From a rat infestation in the slums, a fast-spreading virus grips Hong Kong, inducing panic when the government is slow to react. Mercilessly cut down by censors for its frank portrayal of class and political conflicts at the time of its release, the film found new critical acclaim in during the SARS outbreak decades later. In 2011, it was placed on Hong Kong Film Archive’s list of the 100 must-see Hong Kong films of all time.",
    "genres" : [ ]
  }, {
    "id" : 287033,
    "title" : "Angel of Death 2: The Prison Island Massacre",
    "overview" : "Group of villains kidnapped girls for prostitution and forwards them to the island prison, where every day sexually humiliate and torture them in many ways, and sometimes kill them. Commands on the island an old lesbian Mrs. Steele. After another naive woman, vote on the road to complete her collectionof arrested girls in prison started this mess. First, the two girls ran away, and then landed on the island trio that wants to destroy the whole shebang and release the captives. They have their own, working with security, who tries not to arouse suspicion from criminals (it turns out he has to put it mildly, not very). And the island is full of deadly fauna (spider-killer) and traps scattered everywhere ...",
    "genres" : [ {
      "id" : 27,
      "name" : "Horror"
    } ]
  }, {
    "id" : 287038,
    "title" : "Erinnerst Du Dich?",
    "overview" : "",
    "genres" : [ {
      "id" : 18,
      "name" : "Drama"
    } ]
  }, {
    "id" : 287043,
    "title" : "Der Raub der Sabinerinnen",
    "overview" : "",
    "genres" : [ {
      "id" : 35,
      "name" : "Comedy"
    } ]
  }, {
    "id" : 287048,
    "title" : "Blof - Het eind van het Begin",
    "overview" : "",
    "genres" : [ ]
  }, {
    "id" : 287053,
    "title" : "Boudewijn de Groot - Eeuwige Jeugd",
    "overview" : "",
    "genres" : [ ]
  }, {
    "id" : 287058,
    "title" : "Roadcrew – Live Fast, Love Hard & Die Young!",
    "overview" : "",
    "genres" : [ {
      "id" : 99,
      "name" : "Documentary"
    } ]
  }, {
    "id" : 287063,
    "title" : "Discovery Civilisation - The Holy Grail",
    "overview" : "The Holy Grail is a dish, plate, stone, or cup that is part of an important theme of Arthurian literature. A grail, wondrous but not explicitly \"holy,\" first appears in Perceval le Gallois, an unfinished romance by Chrétien de Troyes:[1] it is a processional salver used to serve at a feast. Chrétien's story attracted many continuators, translators and interpreters in the later 12th and early 13th centuries, including Wolfram von Eschenbach, who makes the grail a great precious stone that fell from the sky. The Grail legend became interwoven with legends of the Holy Chalice.[2] The connection with Joseph of Arimathea and with vessels associated with the Last Supper and crucifixion of Jesus, dates from Robert de Boron's Joseph d'Arimathie (late 12th century) in which Joseph receives the Grail from an apparition of Jesus and sends it with his followers to Great Britain.",
    "genres" : [ {
      "id" : 99,
      "name" : "Documentary"
    } ]
  }, {
    "id" : 287068,
    "title" : "The Witness",
    "overview" : "Transformed by the love of a kitten, a tough New York City construction contractor is inspired to rescue abandoned animals, become a vegetarian, and take his message of compassion to the streets.  A construction contractor who grew up on the mean streets of Brooklyn, Eddie Lama is probably the last person you'd figure to be an animal activist. Indeed, Eddie was raised with a deeply ingrained aversion to animals, as he explains in the award-winning documentary \"The Witness.\" But when a pretty woman asks him to take care of her kitten, he finds himself reluctantly agreeing as a ploy to get a date, not knowing that his life is about to change forever. In the end, it is the kitten who captures his heart, opening his eyes to the wonder of other living creatures and awakening him to the richness of the human-animal bond.",
    "genres" : [ {
      "id" : 99,
      "name" : "Documentary"
    } ]
  }, {
    "id" : 287078,
    "title" : "Die Eltern",
    "overview" : "",
    "genres" : [ {
      "id" : 18,
      "name" : "Drama"
    } ]
  }, {
    "id" : 287083,
    "title" : "Der Nebbich",
    "overview" : "",
    "genres" : [ {
      "id" : 35,
      "name" : "Comedy"
    } ]
  }, {
    "id" : 287093,
    "title" : "Kopfstand, Madam!",
    "overview" : "",
    "genres" : [ {
      "id" : 18,
      "name" : "Drama"
    } ]
  }, {
    "id" : 287098,
    "title" : "Cardfight!! Vanguard the Movie",
    "overview" : "Move adaptation of Cardfight Vanguard.",
    "genres" : [ {
      "id" : 16,
      "name" : "Animation"
    } ]
  }, {
    "id" : 287103,
    "title" : "À pleines mains",
    "overview" : "",
    "genres" : [ {
      "id" : 80,
      "name" : "Crime"
    } ]
  }, {
    "id" : 287108,
    "title" : "Arms and the Man",
    "overview" : "Adaptation of the play by Bernard Shaw.",
    "genres" : [ ]
  }, {
    "id" : 287118,
    "title" : "Pothan Vava",
    "overview" : "Vava, son of Kurishuveettil Mariamma, a lawyer popularly known as Vakeelamma.  When Vava is selected to head the festivities for the year, the Thekkeyangaadi group objects saying that Vava, born to a Christian Mother and a Brahmin father (Melpathoor Vishnu Narayanan Namboothiri, a singer), was never baptized, and so could not head the festivities. Following this objection Vava decides to get baptized, but Vakeelamma says that he must first seek his father's permission.  Vava goes to see his father who is now a renowned singer. He is welcomed by his father's manager Sivankutty, Sivankutty's sister Gayathri and others. But there is someone who wants to see Vava dead. Sivan Kutty kills Namboothiri. Vava kills Sivan for revenge. So for the rituals Vava becomes Brahman. He gets arrested and his mother starts backing up into the fire and dies.  Soon after his prison sentence, the warring faction set their difference aside and invite Vava to head the church festivities",
    "genres" : [ {
      "id" : 18,
      "name" : "Drama"
    }, {
      "id" : 28,
      "name" : "Action"
    }, {
      "id" : 35,
      "name" : "Comedy"
    } ]
  }, {
    "id" : 287123,
    "title" : "Mastering Leadership Series Vol. 5: Common Canine Misbehaviors",
    "overview" : "Cesar shares his secrets for overcoming the five most common dog misbehaviors, including barking at a specific stimulus, barking while owner is away, aggression towards other dogs, overexcited or hyperactive dogs, and problems on the walk.",
    "genres" : [ ]
  }, {
    "id" : 287128,
    "title" : "His and Hers",
    "overview" : "Author-explorer Reggie Blake takes an unorthodox approach to his craft, apparently finding inspiration in the adventures suggested by his agent Charles Lunton; it matters little that most of his experiences are wildly embellished or even entirely fictitious...",
    "genres" : [ {
      "id" : 35,
      "name" : "Comedy"
    } ]
  }, {
    "id" : 287133,
    "title" : "Meines Vaters Pferde, 1. Teil: Lena und Nicoline",
    "overview" : "",
    "genres" : [ {
      "id" : 18,
      "name" : "Drama"
    } ]
  }, {
    "id" : 287138,
    "title" : "The Ideal Woman",
    "overview" : "",
    "genres" : [ {
      "id" : 35,
      "name" : "Comedy"
    } ]
  }, {
    "id" : 287143,
    "title" : "Something Real",
    "overview" : "A celebrity-packed short — with a musical twist — about the bar scene in West Hollywood. A first collaboration between acclaimed director Guy Shalem, 5-time Grammy-winning producer, composer, and lyricist Mervyn Warren, and Tony-award winning composer and lyricist Jeff Marx (Avenue Q).",
    "genres" : [ ]
  }, {
    "id" : 287148,
    "title" : "Die Mitschuldigen",
    "overview" : "",
    "genres" : [ {
      "id" : 18,
      "name" : "Drama"
    } ]
  }, {
    "id" : 287153,
    "title" : "The Winter Of The Beard",
    "overview" : "A beard-growing documentary that's somehow not really about growing beards.",
    "genres" : [ ]
  }, {
    "id" : 287158,
    "title" : "La patinoire",
    "overview" : "A Soviet animation short film.",
    "genres" : [ ]
  }, {
    "id" : 287163,
    "title" : "Mastering Leadership Series Vol. 6: Raising the Perfect Puppy",
    "overview" : "In \"Raising the Perfect Puppy,\" Cesar raises four puppies to show you how to maintain their natural state of balance.",
    "genres" : [ ]
  }, {
    "id" : 287168,
    "title" : "Cock of the Air",
    "overview" : "An opera diva sets her sights on a womanizing army officer.",
    "genres" : [ ]
  }, {
    "id" : 287173,
    "title" : "The Place on a Grey Tricorne",
    "overview" : "To do with himself in this world - the eternal question of youth. On the boys and girls wander from lane to lane, from apartment to apartment, get into fights, to the police station. At the same time they read wonderful poetry, listening to beautiful music, and sincere love. They have a delicate taste and a pure soul, but still to do with himself, where?",
    "genres" : [ ]
  }, {
    "id" : 287178,
    "title" : "Toy Masters",
    "overview" : "First ever feature-length documentary on the world-wide phenomenon that inspired an entire generation of children and became a billion dollar franchise--\"Masters of the Universe\". Features interviews with the key creative personnel behind every version of the best selling toy line and all incarnations of \"Masters of the Universe\" on television, film, stage, and print, tracing the inception and ups and downs of the fantasy juggernaut.",
    "genres" : [ {
      "id" : 99,
      "name" : "Documentary"
    } ]
  }, {
    "id" : 287183,
    "title" : "İkili Oyunlar",
    "overview" : "",
    "genres" : [ {
      "id" : 18,
      "name" : "Drama"
    } ]
  }, {
    "id" : 287188,
    "title" : "Athene",
    "overview" : "The film depicts the life at the Larissa Railway station in Athens in the spring of 1995. The camera focuses on the station’s ‘tenants’, Antonia, Florakis and George..",
    "genres" : [ ]
  }, {
    "id" : 287193,
    "title" : "The Story of Kindness or How to Behave",
    "overview" : "A Vietnamese documentary on human suffering and the meaning of kindness.",
    "genres" : [ {
      "id" : 99,
      "name" : "Documentary"
    } ]
  }, {
    "id" : 287203,
    "title" : "Two Portraits",
    "overview" : "A portrait of the director's father, Tommy Thompson, and mother, Betty Thompson, each with their own section.",
    "genres" : [ {
      "id" : 99,
      "name" : "Documentary"
    } ]
  }, {
    "id" : 287208,
    "title" : "These Thirty Years",
    "overview" : "The rise of Henry Ford of the Ford Motor Company.....",
    "genres" : [ {
      "id" : 18,
      "name" : "Drama"
    } ]
  }, {
    "id" : 287213,
    "title" : "Der Bauerndoktor von Bayrischzell",
    "overview" : "",
    "genres" : [ {
      "id" : 35,
      "name" : "Comedy"
    } ]
  } ]
}