{
  "movies" : [ {
    "id" : 82983,
    "title" : "Sins of the Mother",
    "overview" : "A charismatic Real Estate agent, Kevin Coe, is publicly proud of his mother, a prominent socialite, but privately he must put up with her constant belittlement's and taunts. And while his latest girlfriend starts discovering the depths of his anguish, no-one connects him with a long series of violent rapes that have been troubling the area.",
    "genres" : [ {
      "id" : 18,
      "name" : "Drama"
    } ]
  }, {
    "id" : 82988,
    "title" : "Andre Rieu - Au Zenith de Paris",
    "overview" : "Voix du Printemps - A la chasse - L'or et l'argent - Bahn frei - Ave Maria - Le troisième homme - Etude nø 3 Opus 10 'Adieu tristesse' - Im krapfenwaldl - Valse de l'empereur - Salome - Danse du sabre - Le beau danube bleu - Souvenir de cirque Renz - La marche de RADESTZKY - Comme un esprit / Le beau danube bleu / Roses du Sud / Sang viennois / Lippen schweigen / Je voudrais danser / Roses du Sud (STRAUSS and Co) - Valse nø 2 - La dernière rose",
    "genres" : [ ]
  }, {
    "id" : 83003,
    "title" : "Easy",
    "overview" : "A young woman's search for love and affection brings her nothing but trouble.",
    "genres" : [ ]
  }, {
    "id" : 83008,
    "title" : "A Woman's a Helluva Thing",
    "overview" : "After the death of his estranged mother, a womanizer discovers that they had a lot in common.",
    "genres" : [ {
      "id" : 35,
      "name" : "Comedy"
    }, {
      "id" : 10749,
      "name" : "Romance"
    } ]
  }, {
    "id" : 83013,
    "title" : "Bungee Jumping of Their Own",
    "overview" : "Two soulmates find eachother only to be torn apart by tragedy. However, not even death can keep them apart...but can destiny?",
    "genres" : [ {
      "id" : 18,
      "name" : "Drama"
    }, {
      "id" : 10749,
      "name" : "Romance"
    } ]
  }, {
    "id" : 83018,
    "title" : "WEC 6: Return of a Legend",
    "overview" : "WEC 6: Return of a Legend was a mixed martial arts event promoted by World Extreme Cagefighting on March 27, 2003 at the Tachi Palace Hotel &amp; Casino in Lemoore, California. The event was centered around the return of MMA superstar Frank Shamrock taking on Bryan Pardoe. Shamrock had been retired and not competed in MMA since December 2000.",
    "genres" : [ ]
  }, {
    "id" : 83023,
    "title" : "The Ghost Club",
    "overview" : "Four kids find out that a a ghost has been haunting the nearby forest. The most inventive one of them invents a contraption that will help them capture the restless ghost and thus the Ghost Club is started. One day, one of the kids finds out that her mother may lose the family business to an evil businessman, so the Ghost Club sets out to rectify the situation.",
    "genres" : [ {
      "id" : 10751,
      "name" : "Family"
    } ]
  }, {
    "id" : 83028,
    "title" : "WEC 12: Halloween Fury 3",
    "overview" : "WEC 12: Halloween Fury 3 was a mixed martial arts event promoted by World Extreme Cagefighting on October 21st, 2004 at the Tachi Palace Hotel &amp; Casino in Lemoore, California. The card featured many future superstars such as Jason \"The Punisher\" Lambert, Nate Diaz, Brad Imes, Chris \"Lights Out\" Lytle, \"The Sandman\" James Irvin, Joe \"Diesel\" Riggs, Chael Sonnen, and MMA legend \"Mr. International\" Shonie Carter. The main event saw Doug Marshall take on Carlos Garcia.",
    "genres" : [ ]
  }, {
    "id" : 83038,
    "title" : "The Wrestler",
    "overview" : "Asner struggles to foil the efforts of some lowlife wrestlers who are attempting to profit from a fixed fight.",
    "genres" : [ ]
  }, {
    "id" : 83043,
    "title" : "WEC 17: Halloween Fury 4",
    "overview" : "WEC 17: Halloween Fury 4 was a mixed martial arts event promoted by World Extreme Cagefighting on October 14, 2005 at the Tachi Palace Hotel &amp; Casino in Lemoore, California. A light heavyweight tournament was held with the winner being crowned the champion and given a deal with the UFC.",
    "genres" : [ ]
  }, {
    "id" : 83048,
    "title" : "Treasure Hunt",
    "overview" : "To further her career, elite commercial director Peggy agrees to leave her husband and her young son at home to shoot an ad on an isolated offshore island with alcoholic, incompetent action star Mr. Big. With the star, his family, his manager, and their children, Peggy attracts the attention of gangster Cobra, who is on the island to search for a legendary treasure left from the Ming Dyanasty. Juggling a spoiled superstar, kids, and a team of evildoers, how will Peggy get herself off the island so she can see family again?",
    "genres" : [ {
      "id" : 35,
      "name" : "Comedy"
    } ]
  }, {
    "id" : 83053,
    "title" : "Alice's Adventures in Wonderland",
    "overview" : "A full-length ballet created by choreographer Christopher Wheeldon for the Royal Ballet at the Royal Opera House, Covent Garden. The ballet is based on Lewis Carroll's famous story of Alice, an ordinary girl who one summer afternoon falls down a rabbit hole and finds herself on an extraordinary adventure.  The music is by Joby Talbot, with designs by the internationally acclaimed Bob Crowley. Alice is danced by the Royal Ballet's Lauren Cuthbertson, and actor Simon Russell-Beale plays the cameo role of the Duchess.",
    "genres" : [ {
      "id" : 14,
      "name" : "Fantasy"
    }, {
      "id" : 10751,
      "name" : "Family"
    } ]
  }, {
    "id" : 83058,
    "title" : "Girlfriends 2",
    "overview" : "Welcome to the pussyfest. An all-girl extravaganza where there no dicks allowed. See what happens when these horny women get together for a little La Femme love. Girl-on-girl action at its best. These pussy eating gals just love the sweet nectar for each others loins and they savor every drop. These beautiful lesbians aren't just acquaintances they are Girlfriends.",
    "genres" : [ ]
  }, {
    "id" : 83063,
    "title" : "The Trapp Family in America",
    "overview" : "",
    "genres" : [ {
      "id" : 10751,
      "name" : "Family"
    }, {
      "id" : 35,
      "name" : "Comedy"
    }, {
      "id" : 18,
      "name" : "Drama"
    } ]
  }, {
    "id" : 83068,
    "title" : "To byla svatba, strýčku!",
    "overview" : "",
    "genres" : [ {
      "id" : 18,
      "name" : "Drama"
    }, {
      "id" : 28,
      "name" : "Action"
    } ]
  }, {
    "id" : 83078,
    "title" : "Blue City",
    "overview" : "Returning to the small Florida town where he grew up, Billy Turner (Nelson) learns that his father has been killed. With little help from the police, Billy will take matters into his own hands and go up against a ruthless local mob boss in a desperate search to find the killer.",
    "genres" : [ {
      "id" : 18,
      "name" : "Drama"
    }, {
      "id" : 28,
      "name" : "Action"
    }, {
      "id" : 53,
      "name" : "Thriller"
    }, {
      "id" : 80,
      "name" : "Crime"
    } ]
  }, {
    "id" : 83083,
    "title" : "9 Millimeter",
    "overview" : "The suburb that is a society in a society, a place where young guys do anything for respect. A place where criminality and violence is a part of life. The movie is about Malik, a guy without family and land of origin, and who has made crime and violence to a part of his life. Both to win respect, and to support himself.",
    "genres" : [ {
      "id" : 80,
      "name" : "Crime"
    }, {
      "id" : 18,
      "name" : "Drama"
    } ]
  }, {
    "id" : 83088,
    "title" : "Saint Seiya: Warriors of the Final Holy Battle",
    "overview" : "The plot involves the coming of Lucifer to the Sanctuary, where his underlings systematically dispose of the surviving Gold Saints. Athena goes to Lucifer to ask for peace, placing herself in peril. The Bronze Saints must then come to her rescue, destroying Lucifer's Fallen Angels (Seima Tenshi in Japanese) in the process.",
    "genres" : [ {
      "id" : 28,
      "name" : "Action"
    }, {
      "id" : 16,
      "name" : "Animation"
    }, {
      "id" : 14,
      "name" : "Fantasy"
    } ]
  }, {
    "id" : 83093,
    "title" : "Jay-Z Live From Madison Square Garden: Answer The Call",
    "overview" : "Hip-hop superstar Jay-Z in concert with star guests from Madison Sqaure Garden, New York City on the eighth anniversary of the September 11 attacks. Filmed on the day of the release of his Blueprint 3 album, Jay-Z is joined by guests including Rihanna, Kanye West, P Diddy and Pharrell as he performs tracks from the album and classics like Hard Knock Life and 99 Problems.  The concert honoured and supported the families of police officers and firefighters who died trying to save others during the recovery efforts of the morning of September 11, 2001.",
    "genres" : [ {
      "id" : 10402,
      "name" : "Music"
    } ]
  }, {
    "id" : 83098,
    "title" : "Two Sisters From Boston",
    "overview" : "Abigail Chandler has written her stuffy Boston relatives that she's a successful opera singer in New York. In reality, she works at a burlesque house and is billed as High-C Susie. When her sister Martha comes for a visit, Abigail tries to hide the truth from her.",
    "genres" : [ {
      "id" : 35,
      "name" : "Comedy"
    }, {
      "id" : 10402,
      "name" : "Music"
    } ]
  }, {
    "id" : 83103,
    "title" : "Labyrinth",
    "overview" : "A massive explosion rips though a busy street in Istanbul, Turkey. 95 people are dead; 30 Americans and 5 British. The massacre sends shock waves from Turkey to London and Washington, DC. A new terrorist organization is behind the attack. The explosion is just the beginning. Labyrinth' is the code name of the operation conducted by Turkish intelligence to stop a second, more devastating attack that will plunge Turkey, the only democratic Muslim country in the region, into chaos and destroy the fragile balance of the Middle East. After the initial attack, Turkey becomes a battlefront for terrorists and Turkish, British and American intelligence officers. Everyone has his own agenda in the fight that stretches from Istanbul to Eastern Turkey and from Frankfurt to Northern Iraq.",
    "genres" : [ ]
  }, {
    "id" : 83108,
    "title" : "Woman To Woman",
    "overview" : "Woman To Woman",
    "genres" : [ ]
  }, {
    "id" : 83113,
    "title" : "Maths Degree",
    "overview" : "A man is looking for a solution into a mathematical problem that is written on a small piece of paper.",
    "genres" : [ {
      "id" : 9648,
      "name" : "Mystery"
    } ]
  }, {
    "id" : 83118,
    "title" : "Helene Fischer - Zum ersten Mal mit Band und Orchester Live",
    "overview" : "Concert filmed in Germany, Cologne Lanxess Arena 2011",
    "genres" : [ {
      "id" : 10402,
      "name" : "Music"
    } ]
  }, {
    "id" : 83123,
    "title" : "Sound of Horror",
    "overview" : "When a group of isolated people in the Greek mountains set off a cave explosion, they are menaced by an invisible shrieking dinosaur that had been buried for eons",
    "genres" : [ {
      "id" : 27,
      "name" : "Horror"
    }, {
      "id" : 10769,
      "name" : "Foreign"
    } ]
  }, {
    "id" : 83128,
    "title" : "Bad Fever",
    "overview" : "A humorless loner attempts to win the admiration of a drifter with his debut performance at the local comedy club.",
    "genres" : [ {
      "id" : 18,
      "name" : "Drama"
    }, {
      "id" : 10749,
      "name" : "Romance"
    } ]
  }, {
    "id" : 83133,
    "title" : "Shaolin Iron Finger",
    "overview" : "Martial arts superstar Carter Wong portrays a revolutionary who is an expert in the Iron Finger style of kung fu. When his mother is kidnapped, he is forced by his enemy James Tien to destroy a group of subversive warlords, including renegade monk Kam Kong and five element venom man Ricky Cheng. Non-stop, no-holds-barred fight action make this a must for any fan of the martial arts.",
    "genres" : [ ]
  }, {
    "id" : 83138,
    "title" : "Where is it?",
    "overview" : "Two people, named Jimmy and Arthur break into a house, somewhere in England to steal something, which does not have a name. Two married couples that live in the house are confused as to what Jimmy and Arthur's intentions are. After a great deal of forced questions and answers, things start to go from bad to worst...",
    "genres" : [ ]
  }, {
    "id" : 83143,
    "title" : "Station Jim",
    "overview" : "At a rural railway station in Victorian England, Jim is a spunky Jack Russell Terrier who escapes his mean master at the circus, and is soon befriended by station porter Bob and lonely orphan Henry. His performing feats soon become a local attraction, and before long he's in the middle of a battle to save the local orphanage.",
    "genres" : [ {
      "id" : 18,
      "name" : "Drama"
    }, {
      "id" : 10749,
      "name" : "Romance"
    }, {
      "id" : 10751,
      "name" : "Family"
    } ]
  }, {
    "id" : 83158,
    "title" : "The Educational Archives: More Sex & Drugs",
    "overview" : "Generations of American children sat in dark classrooms and absorbed wisdom in the form of 16mm educational and social guidance films. Through the flicker of dim projector bulbs and the warble of optical soundtracks a blueprint for better living in the Atomic Age was spelled out in no uncertain terms. Now, just as you remember them, a special collection of rare educational films, ranging in date from the late 1940s to the early 1980s. Some historical, some hysterical and all filled with more important misinformation than you can digest in one viewing. Fantoma presents this specially priced 4-DVD set in a box shaped like a mini school locker.",
    "genres" : [ {
      "id" : 99,
      "name" : "Documentary"
    } ]
  }, {
    "id" : 83163,
    "title" : "The Educational Archives: Patriotism",
    "overview" : "Generations of American children sat in dark classrooms and absorbed wisdom in the form of 16mm educational films. Through the flicker of dim projector bulbs and the warble of optical soundtracks a blueprint for better living in the Atomic Age was spelled out in no uncertain terms. Fantoma presents this collection of patriotic films and Cold War classics.  Revel in the American way of life, get a glimpse at vintage Homeland Security and learn what you can do for your country in such films as: Day of Thanksgiving, Duck &amp; Cover, Red Nightmare, and You Can Change The World (featuring Bob Hope &amp; Jack Benny!)",
    "genres" : [ {
      "id" : 99,
      "name" : "Documentary"
    } ]
  }, {
    "id" : 83168,
    "title" : "The Educational Archives: On the Job",
    "overview" : "Generations of American children sat in dark classrooms and absorbed wisdom in the form of 16mm educational and social guidance films. Through the flicker of dim projector bulbs and the warble of optical soundtracks a blueprint for better living in the Atomic Age was spelled out in no uncertain terms. Now just as you remember them, Fantoma presents this collection of social etiquette films.",
    "genres" : [ {
      "id" : 99,
      "name" : "Documentary"
    } ]
  }, {
    "id" : 83173,
    "title" : "WEC 26: Condit vs. Alessio",
    "overview" : "WEC 26: Condit vs. Alessio was the second mixed martial arts event held by the World Extreme Cagefighting under Zuffa management. The event was held on March 24, 2007. WEC 26 hosted three title fights on March 24. The first of the title fights was for the WEC Bantamweight Title, between challenger, Chase Beebe and champion, Eddie Wineland. The second of the title fights was for the WEC Featherweight Title, between challenger, Dominick Cruz and champion, Urijah Faber. The final title fight was for the vacant WEC Welterweight Title, between Carlos Condit and John Alessio.",
    "genres" : [ ]
  }, {
    "id" : 83178,
    "title" : "Le corps sublime",
    "overview" : "Fiction-documentary about the short life of the photographer Francesca Woodman (1958-1981) who used to photograph herself, mostly naked in strange places, until she committed sucide. American photographer Francesca Woodman is best known for black-and-white pictures of herself and of female models, which still draws new fans. Many of her photographs show young women nude, blurred (due to movement and long exposure times), merging with their surroundings, or with their faces obscured. Years after her suicide at the age of 22, her photographic works became the subject of much attention, including many exhibitions and books.",
    "genres" : [ {
      "id" : 99,
      "name" : "Documentary"
    } ]
  }, {
    "id" : 83183,
    "title" : "Tales of a Golden Geisha",
    "overview" : "The film stars two of Itami's regular actors, Nobuko Miyamoto as a geisha who brings luck to the men with whom she sleeps, and Masahiko Tsugawa as her unfaithful, sometimes partner. As well as showing her relationships with the man she loves and the men who employ her, it satirizes corruption and the influence of money in Japanese politics.",
    "genres" : [ {
      "id" : 18,
      "name" : "Drama"
    }, {
      "id" : 35,
      "name" : "Comedy"
    } ]
  }, {
    "id" : 83188,
    "title" : "Camel Spiders",
    "overview" : "Based on actual creatures that for years have tormented our armed forces in the Middle East, these creatures have now invaded the southwestern deserts of the United States. The Camel Spiders now freely hunt for prey, unafraid of any predator - including man. No place is safe no one is beyond their paralyzing sting. In the end, a small band of hearty fighters are forced to make one last stand against the creatures.",
    "genres" : [ {
      "id" : 27,
      "name" : "Horror"
    }, {
      "id" : 878,
      "name" : "Science Fiction"
    } ]
  }, {
    "id" : 83193,
    "title" : "Lokis. A Manuscript of Professor Wittembach",
    "overview" : "A pastor studying folklore in remote parts of 19th century Estonia is invited to stay with a young nobleman. His mother is sequestered and mad. It seems she has been attacked by a bear as a young wife and local peasants whisper the young man may be the son of a bear. A doctor, who treats the mother with old-fashioned remedies, reveals this to the pastor. Young nobleman's wife is found with a bite and the man has disappeared into the woods.",
    "genres" : [ {
      "id" : 14,
      "name" : "Fantasy"
    }, {
      "id" : 27,
      "name" : "Horror"
    } ]
  }, {
    "id" : 83198,
    "title" : "Elle et moi",
    "overview" : "",
    "genres" : [ ]
  }, {
    "id" : 83203,
    "title" : "Trail Mix-Up",
    "overview" : "During a picnic, Baby Herman follows a beaver into a perilous sawmill - with Roger Rabbit in frantic pursuit.",
    "genres" : [ {
      "id" : 35,
      "name" : "Comedy"
    }, {
      "id" : 16,
      "name" : "Animation"
    } ]
  }, {
    "id" : 83213,
    "title" : "Das Gelbe vom Ei",
    "overview" : "Dort, wo unsere Geschichte spielt, wissen nur die Hühner, was Stress bedeutet. Ansonsten geht es auf dem Lande ruhig zu, und so ist es kein Wunder, dass die jährliche “Hengst-Auktion” den Höhepunkt des kulturellen Lebens bildet – eine Veranstaltung, bei der die meistbietenden Damen ein Rendezvous mit den ansehnlichsten Jungbauern ersteigern können.",
    "genres" : [ {
      "id" : 35,
      "name" : "Comedy"
    } ]
  }, {
    "id" : 83218,
    "title" : "Der Bockerer III - Die Brücke von Andau",
    "overview" : "",
    "genres" : [ {
      "id" : 18,
      "name" : "Drama"
    } ]
  }, {
    "id" : 83223,
    "title" : "Rats: Night of Terror",
    "overview" : "One hundred years after a nuclear war has devastated the planet, society has been reborn into two factions; the underground society and the scavangers above in the wastelands. A group of scavangers on bikes come across a town infested with flesh eating rats, and soon the gore is spilling everywhere.",
    "genres" : [ {
      "id" : 27,
      "name" : "Horror"
    }, {
      "id" : 878,
      "name" : "Science Fiction"
    } ]
  }, {
    "id" : 83228,
    "title" : "Come and Go",
    "overview" : "Driven by his struggle against the illness that would ultimately prove fatal, Monteiro fervently devoted himself to his deeply personal last work, a musically structured meditation on spirituality and desire in which he heroically cast himself in the lead role as an eccentric libertine drifting wide-eyed through a sun-drenched Lisbon. A consciously terminal film, Come and Go offers a poetic summation of Monteiro’s fascination with the body as the most irreverent and mysterious of temples, staging a series of playfully austere encounters between the visibly infirm and prematurely aged director and the women with whom he engages in erotic, linguistic and theological debates.",
    "genres" : [ {
      "id" : 35,
      "name" : "Comedy"
    }, {
      "id" : 18,
      "name" : "Drama"
    } ]
  }, {
    "id" : 83233,
    "title" : "Silvestre",
    "overview" : "A bewitching combinatory adaptation of the Bluebeard tale and a 15th century Portuguese fable of a damsel who disguises herself as a knight errant, Silvestre is both radically feminist and fascinated with the dark, primal logic of the paternal order. Monteiro’s earliest collaboration with producer Paulo Branco was among his first to receive international acclaim, with special attention given to Silvestre’s daring use of deliberate artifice – front-projected backgrounds, extended freeze frames, theatrical performances – to capture the fatalistic rhythm and dream logic of myth.",
    "genres" : [ {
      "id" : 36,
      "name" : "History"
    }, {
      "id" : 18,
      "name" : "Drama"
    } ]
  }, {
    "id" : 83238,
    "title" : "I Saw Ben Barka Get Killed",
    "overview" : "January 1966. In a Paris apartment, police discovered the corpse of Georges Figon, the man who broke the scandal of the Ben Barka affair and undermined Gaullist power.\r A year earlier, Figon, tired of dubious deals and petty scams, is looking for a juicy blow. Close to the \"middle\" since his years in prison, he was given a large mission: to produce a documentary about decolonization, written by Marguerite Duras and directed by Georges Franju, with the help of the famous Moroccan opponent Mehdi Ben Barka, hired as a historical consultant.\r This film project is a trap ...",
    "genres" : [ {
      "id" : 36,
      "name" : "History"
    }, {
      "id" : 28,
      "name" : "Action"
    }, {
      "id" : 53,
      "name" : "Thriller"
    } ]
  }, {
    "id" : 83263,
    "title" : "Richard Jeni: Platypus Man",
    "overview" : "In his first HBO Comedy Hour appearance in 1992, Richard Jeni: Platypus Man won the prestigious Cable Ace Award for Best Stand-Up Comedy Special. Later, Jeni starred in the short-lived UPN sitcom \"Platypus Man\" and composed the theme song (\"I'm A Platypus Man\") for the TV series. A non-stop joyride and one of the funniest comedy shows ever recorded, Jeni's style will leave you breathless.",
    "genres" : [ {
      "id" : 35,
      "name" : "Comedy"
    } ]
  }, {
    "id" : 83278,
    "title" : "Isabelle",
    "overview" : "Isabelle is a famous and beloved actress from the Netherlands, who disappears when on Holiday in Belgium. She has been kidnapped by bartender Jeanne Bitor, an artist with a disfigured face. Jeanne is very bitter about her 'ugly' appearance, and she is obsessed with the process of dying and deterioration of animals and humans. Therefore, she abducts Isabelle and starves her to death, while painting her in different phases of the process.",
    "genres" : [ {
      "id" : 10769,
      "name" : "Foreign"
    }, {
      "id" : 53,
      "name" : "Thriller"
    }, {
      "id" : 18,
      "name" : "Drama"
    }, {
      "id" : 9648,
      "name" : "Mystery"
    } ]
  }, {
    "id" : 83283,
    "title" : "Iced",
    "overview" : "A group of childhood friends are invited to the opening of a posh ski resort, unaware that an old nemesis has murderous plans in mind for them.",
    "genres" : [ {
      "id" : 27,
      "name" : "Horror"
    } ]
  }, {
    "id" : 83288,
    "title" : "Virtual Combat",
    "overview" : "This lively low-budget action movie is packed with martial arts, sexy sirens, and a sci-fi plot involving computers and virtual reality images that become real. The tale centers on two Nevada border officers, Dave Quarry (Don \"The Dragon\" Wilson) and John (Ken McLeod), who amuse themselves off duty by honing their kick-boxing skills via virtual reality combat. Elsewhere, a computer tycoon prepares to market his company's latest invention, a combination of DNA and virtual reality that creates beings and creatures who look and feel real.",
    "genres" : [ {
      "id" : 878,
      "name" : "Science Fiction"
    }, {
      "id" : 28,
      "name" : "Action"
    } ]
  }, {
    "id" : 83293,
    "title" : "GWAR: Phallus in Wonderland",
    "overview" : "Revolting heavy metal band and The Scumdogs of the Universe, Gwar are about to be wiped off the face of the earth by Edna Granbo, an old hag who cannot stand Gwar and wants them eliminated. She has assembled the Morality Squad to accomplish her task. Their first mission is to steal Gwar lead singer Oderus Urungus's Cuttlefish of Cthulhu. When that is completed, they create Tiny, a super mutant beast whose only point in life is the elimination of Gwar. With their backs against the wall, Gwar and their manager, Sleazy P Martini, begin an all out war against Edna Granbo and her Morality Squad. A video version of Gwar's 1992 album \"America Must Be Destroyed.\" This was Gwar's first commercially released long form video and was nominated for a Grammy in 1993.",
    "genres" : [ {
      "id" : 35,
      "name" : "Comedy"
    }, {
      "id" : 14,
      "name" : "Fantasy"
    }, {
      "id" : 10402,
      "name" : "Music"
    } ]
  }, {
    "id" : 83313,
    "title" : "Strikeforce: At The Mansion II",
    "overview" : "Strikeforce: At The Mansion II was a mixed martial arts event held on September 20, 2008. The event took place at the Playboy Mansion in Beverly Hills, California. In addition to the event, all guests were entitled to a top-shelf, open bar; buffet-style, gourmet dinner; and wine-tasting party featuring the spirits of various California gold medal wineries.",
    "genres" : [ ]
  }, {
    "id" : 83318,
    "title" : "I Am Singh",
    "overview" : "Neo-Nazis and bigoted police oppress and target vulnerable Sikhs & Asians in post 9-11 America.",
    "genres" : [ {
      "id" : 80,
      "name" : "Crime"
    }, {
      "id" : 18,
      "name" : "Drama"
    }, {
      "id" : 28,
      "name" : "Action"
    } ]
  }, {
    "id" : 83323,
    "title" : "The Nurse",
    "overview" : "A traumatized nurse plots revenge against a catatonic businessman, whom she blames for the death of her family, by integrated herself as his personal nurse and plots revenge by killing off his family members one by one.",
    "genres" : [ {
      "id" : 18,
      "name" : "Drama"
    }, {
      "id" : 27,
      "name" : "Horror"
    }, {
      "id" : 53,
      "name" : "Thriller"
    } ]
  }, {
    "id" : 83328,
    "title" : "The Fatherless",
    "overview" : "They never expected Kyra to turn up again. The two brothers and their sister, brought together when their father dies, are stunned by the appearance of their sister.Kyra suddenly vanished over twenty years ago during the breakup of the hippie commune where they were all born. She is like a stranger to them now... but when she discovers that her very existence has been kept secret, she starts to uncover old mysteries. And soon all the brothers and sisters find themselves unearthing the roots of their childhood memories they had suppressed in order to survive. In her debut feature film Marie Kreutzer embarks upon an intriguing and disturbing journey into the past, a gripping study of belonging and solitude, bonds and freedom. Written by Novotny &amp; Novotny Film",
    "genres" : [ {
      "id" : 18,
      "name" : "Drama"
    }, {
      "id" : 10769,
      "name" : "Foreign"
    } ]
  }, {
    "id" : 83333,
    "title" : "Queen Emeraldas",
    "overview" : "",
    "genres" : [ {
      "id" : 12,
      "name" : "Adventure"
    }, {
      "id" : 878,
      "name" : "Science Fiction"
    }, {
      "id" : 16,
      "name" : "Animation"
    }, {
      "id" : 28,
      "name" : "Action"
    } ]
  }, {
    "id" : 83343,
    "title" : "Don't Touch the White Woman!",
    "overview" : "A highly stylized surreal farce about the events leading up to Custer's Last Stand anachronistically reenacted in an urban renewal area in modern Paris.\r Director Mario Fererri reenacts the events leading up to the Battle of the Little Big Horn in this wild, highly stylized surreal farce set in and around a gaping excavation for a huge urban renewal project in 1974 Paris. The anachronistic backdrop highlights the incongruity of the broad comic characterizations of real life figures George Armstrong Custer, Sitting Bull, and Buffalo Bill.",
    "genres" : [ {
      "id" : 35,
      "name" : "Comedy"
    }, {
      "id" : 37,
      "name" : "Western"
    } ]
  }, {
    "id" : 83353,
    "title" : "Five Golden Hours",
    "overview" : "A petty crook gallantly consoles wealthy widows and is doing all right in his chosen profession until he meets and falls in love with a lovely baroness, who knows all about get-rich-quick schemes. The crook evolves an ingenious swindle geared to the time differential between New York and Rome and works it on his string of widows, but the baroness takes off with the dough. The crook flees to a mental home to escape the wrath of his victims.",
    "genres" : [ {
      "id" : 35,
      "name" : "Comedy"
    } ]
  }, {
    "id" : 83358,
    "title" : "Roy Orbison: Live at Austin City Limits",
    "overview" : "Live concert of Roy Orbison.",
    "genres" : [ {
      "id" : 10402,
      "name" : "Music"
    } ]
  }, {
    "id" : 83363,
    "title" : "Offerings",
    "overview" : "Ten years after he was pushed down a well, a young man kills off the neighborhood bullies who tormented him and leaves their body parts as presents for the one girl who was kind to him.",
    "genres" : [ {
      "id" : 27,
      "name" : "Horror"
    } ]
  }, {
    "id" : 83368,
    "title" : "Herbert Grönemeyer - Stand der dinge",
    "overview" : "DVD 1:  01 | Ouvertüre  02 | Nach Mir  03 | Bochum  04 | Männer  05 | Halt mich  06 | Fanatisch  07 | Schmetterlinge im Eis  08 | Alkohol  09 | Ich dreh mich um dich Land unter DVD 2: 01 | Luxus  02 | Was soll das  03 | Bleibt alles anders  04 | Sie  05 | Flugzeuge im Bauch  06 | Vollmond  07 | Selbstmitleid  08 | Mambo  09 | Finale  10 | Heimat",
    "genres" : [ {
      "id" : 10402,
      "name" : "Music"
    } ]
  }, {
    "id" : 83373,
    "title" : "Barbershop Punk",
    "overview" : "Is \"The Man\" controlling the vertical, the horizontal and the channel you'll be on? In a privatized American Internet, is big business \"Big Brother\" or does the free market protect and serve the needs of the average citizen with its invisible hand? With the simple act of swapping files, barbershop quartet baritone Robb Topolski finds himself at ground zero of a landmark case whose outcome will affect the rights of every American citizen. Following one man's personal quest to defend what he believes to be his inalienable rights, BARBERSHOP PUNK examines the critical issues surrounding the future of the American Internet and what it takes to challenge the status quo. Contemplating the future of the American Internet and the inalienable rights under review.",
    "genres" : [ {
      "id" : 99,
      "name" : "Documentary"
    } ]
  }, {
    "id" : 83388,
    "title" : "American Translation",
    "overview" : "A sexually ambiguous Frenchman tours his native countryside with his naive American lover in pursuit of the ultimate thrill. From the moment they meet, brooding Chris (Pierre Perrier) and the beautiful Aurore (Lizzie Brocherè) fall instantly and passionately in love but it's not long before their intense connection is consumed by Chris's dark obsession with gay men. Before long, the pair embarks on a violent and sexual journey filled with seduction and destruction of young gay hustlers. Hard-hitting, intensely sexy and wildly controversial, American Translation is a twisted Bonnie and Clyde for a new generation.",
    "genres" : [ {
      "id" : 18,
      "name" : "Drama"
    } ]
  }, {
    "id" : 83398,
    "title" : "Boys of Summer",
    "overview" : "On a tiny Caribbean island of Curaçao, they take their Little League® Baseball very seriously. So seriously, in fact, that Manager Vernon Isabella has sent his Little League All-Stars to the Little League World Series for an unprecedented seven consecutive years. However, in the summer of 2008, the boys are faced with new challenges that could jeopardize their eighth chance at the championship. They must overcome injuries, team bickering and Puerto Rican Little League® players who’ve already matured – some have already started to grow mustaches – in order to do their team, manager, and nation proud.",
    "genres" : [ {
      "id" : 99,
      "name" : "Documentary"
    } ]
  }, {
    "id" : 83403,
    "title" : "Conception",
    "overview" : "Conception is a clever, romantic comedy that proves it takes more than sex to make a baby. From a couple fighting the odds of fertility to young teenagers losing their virginity, the film follows nine very different couples on the night they conceive, showing that sex can sometimes be more neurotic than erotic. The hilarious ensemble cast includes Emmy-winner Julie Bowen and Sarah Hyland (“Modern Family”), Connie Britton (“Friday Night Lights”), David Arquette (Never Been Kissed), Jason Mantzoukas (“The League”), and Alan Tudyk (Dodgeball).",
    "genres" : [ {
      "id" : 35,
      "name" : "Comedy"
    }, {
      "id" : 10749,
      "name" : "Romance"
    } ]
  }, {
    "id" : 83408,
    "title" : "The Music - Live at Blank Canvas",
    "overview" : "A live recording of The Music performing their homecoming gig at the Blank Canvas in September 2002. Concert footage is interspersed with interviews. Songs performed are \"The Dance\", \"Jag Tune\", \"The Truth Is No Words\", \"Human\", \"Let Love Be The Healer\", \"New Instrumental\", \"Turn Out The Light\", \"The People\", \"Too High\", \"Take The Long Road And Walk It\", \"Disco\" and \"The Walls Get Smaller\".",
    "genres" : [ ]
  }, {
    "id" : 83413,
    "title" : "Blood Freak",
    "overview" : "A biker comes upon a girl with a flat tire and offers her a ride home. He winds up at a drug party with the girl's sister, then follows her to a turkey farm owned by her father, a mad scientist. The father turns the biker into a giant turkey monster who goes after drug dealers.",
    "genres" : [ {
      "id" : 878,
      "name" : "Science Fiction"
    }, {
      "id" : 27,
      "name" : "Horror"
    } ]
  }, {
    "id" : 83418,
    "title" : "Stacey",
    "overview" : "The sleazy and dangerous adventures of a gorgeous female private detective.",
    "genres" : [ {
      "id" : 28,
      "name" : "Action"
    }, {
      "id" : 80,
      "name" : "Crime"
    }, {
      "id" : 18,
      "name" : "Drama"
    } ]
  }, {
    "id" : 83428,
    "title" : "Pornochic 19: Jade",
    "overview" : "Jade Laroche is gorgeous and she loves the worst places to get banged. Look at her, in her fur coat, taking it up in the ass by a stranger amid the garbage and you'll understand that she is more pervert than any other girl. Excited by a messy kitchen, after a party, Jade begin licking and groping her friend's tits. The two girls explore each other as their fingers plunge deep into their wet slits. Ready for all the excesses, jade will take two dicks in front of her webcam, to please her girlfriend watching from her home. When other girls love luxury, beautiful Jade wants what is darker and murky. That is how she gives the best for our great excitement.",
    "genres" : [ ]
  }, {
    "id" : 83433,
    "title" : "The Uh-oh Show",
    "overview" : "Newest cult favorite from famed director Herschell Gordon Lewis, known for BloodFeast 1 &amp; 2, 2000 Maniacs, Wizard of Gore, and The Gore Gore Girls. Cameo by Troma honcho Lloyd Kaufman (The ..",
    "genres" : [ {
      "id" : 27,
      "name" : "Horror"
    }, {
      "id" : 35,
      "name" : "Comedy"
    } ]
  }, {
    "id" : 83438,
    "title" : "Girls' Generation First Asian Tour",
    "overview" : "ITNW Tour SNSD",
    "genres" : [ ]
  }, {
    "id" : 83443,
    "title" : "Girl Model",
    "overview" : "Despite a lack of obvious similarities between Siberia and Tokyo, a thriving model industry connects these distant regions. GIRL MODEL follows two protagonists involved in this industry: Ashley, a deeply ambivalent model scout who scours the Siberian countryside looking for fresh faces to send to the Japanese market, and one of her discoveries, Nadya, a thirteen year-old plucked from the Siberian countryside and dropped into the center of Tokyo with promises of a profitable career. After Ashley’s initial discovery of Nadya, the two rarely meet again, but their stories are inextricably bound. As Nadya’s optimism about rescuing her family from their financial difficulties grows, her dreams contrast against Ashley’s more jaded outlook about the industry’s corrosive influence.",
    "genres" : [ {
      "id" : 99,
      "name" : "Documentary"
    } ]
  }, {
    "id" : 83448,
    "title" : "Faratyev's Fantasies",
    "overview" : "Averbakh's adaptation of a play by Alla Sokolova, Faratyev's Fantasies is the story of a man surrounded by four woman, Faratyev, he is madly in love with on, Aleksandra, compassionately take care of another, her aunt, and is indifferent to the other two, Aleksandra's mother, and her sister, Lyuba. The world of these characters are that of dreams, each one's dream in interconnected to that of other, and each respond differently to it.  Faratyev is a man who dreams, he live in the world of fantasies. Aleksandra and her mother listen to him, but do not take him seriously, his aunt listen to him, believe him, but do not encourage him, only Lyuba understand him, but to him, she is a mere child, he is madly in love with her sister, Aleksandra, she is a realist, she does not love him, but for sake of her own prosperity and that of her mother and sister, she agree to marry him, only to run away with the mysterious Bedhudov...",
    "genres" : [ {
      "id" : 35,
      "name" : "Comedy"
    }, {
      "id" : 18,
      "name" : "Drama"
    } ]
  }, {
    "id" : 83453,
    "title" : "Portrait of the Artist's Wife",
    "overview" : "A married couple is spending their vacation in a boarding house. The wife begins to suspect that she is only a distraction for her husband and his art. Her interest in another man helped the couple understand what place each of them takes in the life of another...",
    "genres" : [ {
      "id" : 18,
      "name" : "Drama"
    }, {
      "id" : 10749,
      "name" : "Romance"
    } ]
  }, {
    "id" : 83458,
    "title" : "The Pretty Man",
    "overview" : "A story about a married man who suddenly decides to leave his wife and marry rich woman.",
    "genres" : [ {
      "id" : 35,
      "name" : "Comedy"
    }, {
      "id" : 18,
      "name" : "Drama"
    }, {
      "id" : 10749,
      "name" : "Romance"
    } ]
  }, {
    "id" : 83473,
    "title" : "7 Nights Of Darkness",
    "overview" : "In 2010 six reality television show contestants spent seven nights in an abandoned and haunted asylum. The show never aired but an editor for the network was able to piece together some footage. The prize for staying all seven nights was a share of one million dollars that was to be split amongst any contestants that didn't leave. No prize money was ever awarded.",
    "genres" : [ {
      "id" : 27,
      "name" : "Horror"
    } ]
  }, {
    "id" : 83478,
    "title" : "Turkey Bowl",
    "overview" : "Every summer, Jon (Jon Schmidt) gathers ten friends together in his adopted city of Los Angeles to play the Turkey Bowl – bringing a piece of small-town tradition to the urban sprawl – all for the beloved prize for the winning team… a turkey. Friendships flare and fade, jealousy is met with both laughter and pain, old and unrequited love threatens to remain old and unrequited, and all of these undercurrents are revealed in the unique, improvised rhythm of backyard football.",
    "genres" : [ {
      "id" : 35,
      "name" : "Comedy"
    } ]
  }, {
    "id" : 83483,
    "title" : "Un bon petit diable",
    "overview" : "One of the comtesse de Ségur's most popular works,it tells the tale of an orphan ,Charles,mistreated by his wicked old cousin Madame Mac Miche;nevertheless,Charles has many friends including sweet blind young Juliette and her sister Marianne, Mac Miche's maid ,Betty,her boyfriend Donald ,and even the judge. (by dbdumonteil)",
    "genres" : [ {
      "id" : 18,
      "name" : "Drama"
    } ]
  }, {
    "id" : 83493,
    "title" : "(Half) the Time of My Life",
    "overview" : "",
    "genres" : [ ]
  }, {
    "id" : 83503,
    "title" : "You Weren't There: A History of Chicago Punk 1977–1984",
    "overview" : "You Weren't There: a History of Chicago Punk 1977-1984 is a documentary that looks back on the impact that the Punk movement had on the Windy City. Though overlooked in the annals of Rock history (compared to media centric LA, NYC and London), Chicago served as an important early supporter of the Punk movement in America. \"You Weren't There\" talks to the DJ's, musicians, promoters, artists and fans who were pivotal in creating the Chicago Punk scene. It also showcases classic archival footage of great Chicago bands such as, Effigies, Naked Raygun, Strike Under, Articles of Faith, as well as lesser known greats like Silver Abuse, DA, The Subverts, Savage Beliefs, Negative Element, Rights of the Accused and many, many more.",
    "genres" : [ {
      "id" : 10402,
      "name" : "Music"
    }, {
      "id" : 99,
      "name" : "Documentary"
    } ]
  }, {
    "id" : 83528,
    "title" : "Andre Manuel - Lazarus",
    "overview" : "In 'Lazarus' is André Manuel - winner of the VSCD cabaret price 2003 - personally and engaged battle with the thoroughly rotten world. As Manuel would, he wonders how it is that people of the atrocities are able as we daily see and hear. He obviously talks about his hilarious trip to Iraq where he gave a Youp van 't Hek imitation American soldiers the night of their lives. While the late comedian know why life as for him after all worthwhile. André Manuel is an interactive game with audience expects obligation entertainment. Who André Manuel wants to understand this new films. Nothing is too crazy. Hence!",
    "genres" : [ {
      "id" : 35,
      "name" : "Comedy"
    } ]
  }, {
    "id" : 83533,
    "title" : "Avatar 3",
    "overview" : "Plot unknown.",
    "genres" : [ {
      "id" : 28,
      "name" : "Action"
    }, {
      "id" : 18,
      "name" : "Drama"
    }, {
      "id" : 878,
      "name" : "Science Fiction"
    }, {
      "id" : 12,
      "name" : "Adventure"
    }, {
      "id" : 14,
      "name" : "Fantasy"
    } ]
  }, {
    "id" : 83538,
    "title" : "Leon van der Zanden: Zwarte Hond",
    "overview" : "",
    "genres" : [ {
      "id" : 35,
      "name" : "Comedy"
    } ]
  }, {
    "id" : 83548,
    "title" : "Kasper van Kooten: Veelvraat",
    "overview" : "",
    "genres" : [ {
      "id" : 35,
      "name" : "Comedy"
    } ]
  }, {
    "id" : 83563,
    "title" : "Friday Killer",
    "overview" : "Thailand, the present day. A student interviews veteran hitman Pie AKA for his thesis, and the latter says he was brought into the business by Pay Uzi (Tep Po-ngarm), aka The Eagle of Chanthaburi, who only killed people on Fridays. As Pay Uzi leaves prison after a 20-year sentence",
    "genres" : [ ]
  }, {
    "id" : 83568,
    "title" : "Long live the knights!",
    "overview" : "",
    "genres" : [ {
      "id" : 12,
      "name" : "Adventure"
    }, {
      "id" : 35,
      "name" : "Comedy"
    }, {
      "id" : 36,
      "name" : "History"
    }, {
      "id" : 10769,
      "name" : "Foreign"
    } ]
  }, {
    "id" : 83573,
    "title" : "Happy End",
    "overview" : "They are people who have important significance for each other, but are not honest with each other. They live in a shadow world of lies and half truths and just waiting for the truth to come forward so they can continue their lives in a new direction.",
    "genres" : [ {
      "id" : 18,
      "name" : "Drama"
    } ]
  }, {
    "id" : 83578,
    "title" : "The Big Caper",
    "overview" : "A con artist moves into a small town to spearhead a payroll robbery.",
    "genres" : [ {
      "id" : 18,
      "name" : "Drama"
    }, {
      "id" : 53,
      "name" : "Thriller"
    }, {
      "id" : 80,
      "name" : "Crime"
    } ]
  }, {
    "id" : 83583,
    "title" : "The Chateau Meroux",
    "overview" : "Marla Sokoloff of ”The Practice” stars as Wendy, a smart single woman in the big city who’s never been able to find a good job or decent relationship. But when her estranged father dies, Wendy suddenly inherits a beautiful – yet struggling – Napa Valley winery. Now with the help of her best friend (Amanda Righetti of ”The Mentalist” and ”The O.C.”), Wendy will have to deal with a local winemaker (Barry Watson of ”Samantha Who?” and ”7th Heaven”) and his father, a shrewd competitor (Christopher Lloyd) who’s trying to crush her vineyard. Can a girl who’s grown used to a life of sour grapes learn to discover delicious new pleasures – and maybe even love – in the most unexpected places?",
    "genres" : [ {
      "id" : 18,
      "name" : "Drama"
    }, {
      "id" : 35,
      "name" : "Comedy"
    }, {
      "id" : 10749,
      "name" : "Romance"
    } ]
  }, {
    "id" : 83588,
    "title" : "Middle of Nowhere",
    "overview" : "'Middle of Nowhere' follows a woman named Ruby who lost her husband to incarceration and lost herself in the process.",
    "genres" : [ {
      "id" : 18,
      "name" : "Drama"
    } ]
  }, {
    "id" : 83593,
    "title" : "A Paralyzing Fear: The Story of Polio in America",
    "overview" : "This is a very clear and personalized presentation of the history and human impact of a seriously debilitating disease - one which we in the western world are too often tempted to think of in the past tense.",
    "genres" : [ {
      "id" : 99,
      "name" : "Documentary"
    } ]
  }, {
    "id" : 83603,
    "title" : "Precious Moments: Timmy's Special Delivery",
    "overview" : "Chris and Holly are two loving children, each of whom has only one wish that the other will receive a Christmas gift. When Timmy the Angel hears their prayers, he is touched by their unselfishness and sets out to make sure that their thoughtfulness is rewarded. Join the heart-warming adventure as Timmy and his animal friends find that there are unexpected ways to make wishes come true.",
    "genres" : [ {
      "id" : 16,
      "name" : "Animation"
    }, {
      "id" : 10751,
      "name" : "Family"
    } ]
  }, {
    "id" : 83608,
    "title" : "Escape from Auschwitz",
    "overview" : "The truth about the Auschwitz death camp was one of the most closely guarded secrets of the Third Reich. Prisoners who tried to escape were killed in public as an example to other inmates. Very few ever made it out alive. Escape From Auschwitz tells the incredible story of two young Slovak Jews, Rudolph Vrba and Alfred Wetzler, who managed to escape, determined to tell the world about the atrocities being committed by the Nazis at the camp, which resulted in the saving of thousands of lives.",
    "genres" : [ {
      "id" : 99,
      "name" : "Documentary"
    }, {
      "id" : 10752,
      "name" : "War"
    } ]
  }, {
    "id" : 83613,
    "title" : "Hellgate",
    "overview" : "A motorcycle gang kidnaps a young woman, Josie, from a diner and brutally kills her. Many years later, the girl's father finds a magic crystal that can bring the life back to dead objects. He uses it to re-animate his daughter. He lets her seduce any young man that comes to visit the small town and then kills them. Four young students, two boys and two girls spend a vacation near the town, Hellgate. They hear about the story and get involved.",
    "genres" : [ {
      "id" : 35,
      "name" : "Comedy"
    }, {
      "id" : 27,
      "name" : "Horror"
    } ]
  }, {
    "id" : 83618,
    "title" : "Ceremony",
    "overview" : "An angel was cast out of heaven and dispatched to Earth 1400 years ago. The angel was made a slave of the devil and was sent forth to terrorize mankind. To rid the world of this evil threat a \"device\" was erected to imprison the angel. Now the \"device\" is about to open. The Ceremony must be performed to keep the angel imprisoned or evil will rule the Earth.",
    "genres" : [ {
      "id" : 27,
      "name" : "Horror"
    } ]
  }, {
    "id" : 83623,
    "title" : "Top Model",
    "overview" : "",
    "genres" : [ ]
  }, {
    "id" : 83633,
    "title" : "Pigskin Parade",
    "overview" : "Bessie and Winston \"Slug\" Winters are married coaches whose mission is to whip their college football team into shape. Just in time, they discover a hillbilly farmhand and his sister. But the hillbilly farmhand's ability to throw melons enables him to become their star passing ace.",
    "genres" : [ {
      "id" : 35,
      "name" : "Comedy"
    }, {
      "id" : 10402,
      "name" : "Music"
    } ]
  }, {
    "id" : 83648,
    "title" : "Mere Apne",
    "overview" : "Old woman Anandi (Meena Kumari) moves to the city with her relatives and finds out their material side.  She develops fondness for two  rival street gangs of unemployed youth.  These gangs are headed by two former friends turned foes in a time when society, politics and education are all losing their bearings in 1970s India.  The film beautifully portrays how disillusioned unemployed youth get disaffected from society and education and become pawns in the game of politics.",
    "genres" : [ {
      "id" : 10402,
      "name" : "Music"
    }, {
      "id" : 18,
      "name" : "Drama"
    }, {
      "id" : 10751,
      "name" : "Family"
    } ]
  }, {
    "id" : 83653,
    "title" : "Ingredients",
    "overview" : "At the focal point of this movement, and of this film, are the farmers and chefs who are creating a truly sustainable food system. Their collaborative work has resulted in great tasting food and an explosion of consumer awareness about the benefits of eating local.  Attention being paid to the local food movement comes at a time when the failings of our current industrialized food system are becoming all too clear. For the first time in history, our children's generation is expected to have a shorter lifespan than our own. The quality, taste and nutritional value of the food we eat has dropped sharply over the last fifty years. Shipped from ever-greater distances, we have literally lost sight of where our food comes from and in the process, we've lost a vital connection to our local community and to our health.",
    "genres" : [ {
      "id" : 99,
      "name" : "Documentary"
    } ]
  }, {
    "id" : 83658,
    "title" : "Mozzarella Stories",
    "overview" : "",
    "genres" : [ ]
  }, {
    "id" : 83663,
    "title" : "Banana Peel",
    "overview" : "The French comedy-drama of Marcel Ophuls, which came to the Paris yesterday.",
    "genres" : [ {
      "id" : 35,
      "name" : "Comedy"
    }, {
      "id" : 10769,
      "name" : "Foreign"
    } ]
  } ]
}