{
  "movies" : [ {
    "id" : 205963,
    "title" : "When The Cradle Falls",
    "overview" : "An adoption service is kidnapping healthy white babies an adopting them to infertile couples for a price. Meanwhile Brian and Donna have a bouncing baby boy.",
    "genres" : [ ]
  }, {
    "id" : 205973,
    "title" : "Rod Stewart - It Had to Be You The Great American Songbook",
    "overview" : "This exclusive one-night only concert features Rod performing over and hour and a half of music from the platinum selling, Grammy nominated, &amp; most talked about album of the year, It Had To Be You The Great American Songbook plus his all time classic hits including Maggie May, Downtown Train, Young Turks, a special bonus recording of It Takes Two and so much more.",
    "genres" : [ {
      "id" : 10402,
      "name" : "Music"
    } ]
  }, {
    "id" : 205988,
    "title" : "Victor Borge - In Concert & Encore",
    "overview" : "Victor Borge, the master of musical wit, is captured at the height of his illustrious career in this London concert performance recorded in 1979. Performing with the Wren Orchestra in the Grand Hall of Wembley Conference Centre, Borge takes the musical mickey out of Chopin and the great composers in a laugh-out-loud spoof filled with his trademark double-takes and double-entendres.",
    "genres" : [ {
      "id" : 10402,
      "name" : "Music"
    } ]
  }, {
    "id" : 205998,
    "title" : "Never Too Young to Dream",
    "overview" : "A group of kids have a dream: to play a football championship and to win. Their dream is going to be fulfilled by Don Pepe, an old guy with lots of expectations for his kids.",
    "genres" : [ ]
  }, {
    "id" : 206003,
    "title" : "Captain Johnno",
    "overview" : "\"Captain Johnno\" is a deaf boy who befriends an Italian fisherman in this Australian made-for-TV family film.",
    "genres" : [ ]
  }, {
    "id" : 206008,
    "title" : "Heavy Mental: A Rock-n-Roll Blood Bath",
    "overview" : "The story of a garage band rock star named Ace who receives a guitar as a gift that once belonged to the god father of heavy metal, Eddie Lee Stryker. Ace soon realizes that this guitar is possessed by the spirit of Eddie and that the rock god was murdered by Mrs. Delicious (the beautiful and deadly Detroit crime boss). With the help of her crew of sexy hit women, Mrs. Delicious is terrorizing the city. The violent vixens start on a killing spree murdering anyone who has borrowed money from their boss and has not paid her back. When the blood trail leads them to Ace's dad's guitar shop, Ace is forced to take action to save his friends and family and avenge the death of his rock-n-roll idol.",
    "genres" : [ ]
  }, {
    "id" : 206013,
    "title" : "Spirit Bear: The Simon Jackson Story",
    "overview" : "A teenage boy fights to save the Spirit Bear.",
    "genres" : [ {
      "id" : 18,
      "name" : "Drama"
    }, {
      "id" : 10751,
      "name" : "Family"
    }, {
      "id" : 12,
      "name" : "Adventure"
    } ]
  }, {
    "id" : 206018,
    "title" : "Asignatura pendiente",
    "overview" : "Joseph and Helen, who had been boyfriends, there meeting some years later and fall madly in love again, but now the two are married. His hard and clandestine love story addition is determined by the circumstances of the times in which they have lived: the last years of the Franco regime and the beginning of the transition.",
    "genres" : [ {
      "id" : 18,
      "name" : "Drama"
    } ]
  }, {
    "id" : 206033,
    "title" : "Días de cine",
    "overview" : "Comedy set in 1977, in which a renowned playwright (Alberto San Juan) tries to shoot a social protest drama starring a doldrums folk, former child star (Natalie Poza) and produced by a producer and shameless liar (Miguel Rellán). Inexperience, ambition, lack of means and the love-hate relationship with the star director shooting become a craze.",
    "genres" : [ ]
  }, {
    "id" : 206053,
    "title" : "A Father's Choice",
    "overview" : "The fast-paced city life of two sisters is turned upside down when they are sent to live in the country with their father after their mother is killed.",
    "genres" : [ ]
  }, {
    "id" : 206063,
    "title" : "Lorna Doone",
    "overview" : "In 17th-century England, an outlaw clan kidnaps a young girl, who grows up among them. The farm boy who met her just before the kidnapping eventually rescues her, and they fall in love.",
    "genres" : [ ]
  }, {
    "id" : 206083,
    "title" : "Herrscher ohne Krone",
    "overview" : "",
    "genres" : [ {
      "id" : 18,
      "name" : "Drama"
    } ]
  }, {
    "id" : 206093,
    "title" : "Der Mann, der nicht nein sagen konnte",
    "overview" : "A man takes in three a dog and three runaway girls.",
    "genres" : [ {
      "id" : 35,
      "name" : "Comedy"
    } ]
  }, {
    "id" : 206113,
    "title" : "WOFL 2106",
    "overview" : "A David O'Reilly short film.",
    "genres" : [ ]
  }, {
    "id" : 206118,
    "title" : "En el paraiso no existe el dolor",
    "overview" : "The story of a gay man's cathartic one-night immersion in Monterrey's sexual underworld after his lover dies of AIDS.",
    "genres" : [ ]
  }, {
    "id" : 206133,
    "title" : "Jerabek",
    "overview" : "JERABEK is an intimate portrait of one family that confronts the tragedy of war. Ryan Jerabek wanted to get out of Green Bay, Wisconsin, see the world and do something different. Moved by what happened on September 11th, the honor student and varsity athlete joined the Marines and left for boot camp weeks after his high school graduation. Nine months later, he was killed in Iraq. The film chronicles, over two years, the changes in the lives of his family. Beyond politics, headlines and statistics, JERABEK offers a candid, personal look at the toll one death takes.",
    "genres" : [ ]
  }, {
    "id" : 206153,
    "title" : "My Dead Girlfriend",
    "overview" : "Steve (Brett Kelly, who also directs) has a wonderful relationship with his girlfriend, Amy (Caitlin Delaney) — until he accidentally backs over her with his car and kills her. Desperate not to lose his great love, he uses an ancient book of magic to revive her. Unfortunately, she comes back to life as a flesh-eating zombie. Now, Steve must keep his neighbors from discovering the truth — and keep Amy from eating his friends!",
    "genres" : [ {
      "id" : 27,
      "name" : "Horror"
    }, {
      "id" : 35,
      "name" : "Comedy"
    } ]
  }, {
    "id" : 206158,
    "title" : "Karla´s Arrival",
    "overview" : "In Managua, Nicaragua, teenager Sujeylin Aguilar raises her newborn daughter Karla on the same streets she has been calling home for the past eight years. Based in a city park and part of a larger group of youngsters, mother and baby struggle to reach the little one's first birthday. Beautifully told and full of hope, Karla's Arrival offers an intense personal story about second generation street children.",
    "genres" : [ {
      "id" : 99,
      "name" : "Documentary"
    } ]
  }, {
    "id" : 206163,
    "title" : "Selkie",
    "overview" : "Teenager Jamie moves with his mother, sister and grandfather to an island off the South Australian coast where mum has a job running a marine research station. To his discomfort, Jamie discovers he`s a \"selkie\" - half human, half seal - that explains the webbing on his hands and also why he changes completely into a seal as soon as he hits water.",
    "genres" : [ ]
  }, {
    "id" : 206168,
    "title" : "Echek",
    "overview" : "Surreal and silent short by Adan Jodorowsky.",
    "genres" : [ ]
  }, {
    "id" : 206173,
    "title" : "Viva! Love",
    "overview" : "An unhappy woman in her 50s finds the love she's been pining for in the arms of her daughter's boyfriend, who is 23 years younger. Even with the neighbors in shock and her family up in arms, the woman holds on to her new love fervently.",
    "genres" : [ ]
  }, {
    "id" : 206183,
    "title" : "Bad Karma",
    "overview" : "Mental Patient terrorizes her Psychiatrist who she believes is the reincarnation of Jack the Ripper.",
    "genres" : [ {
      "id" : 53,
      "name" : "Thriller"
    }, {
      "id" : 27,
      "name" : "Horror"
    } ]
  }, {
    "id" : 206188,
    "title" : "Once Upon a Scoundrel",
    "overview" : "After falling for Alicia, greedy and powerful Mexican landowner Carlos has her fiancé thrown in prison on a bogus charge. To trick Carlos into releasing her man, Alicia teams up with her Aunt Delfina and tries to convince Carlos that he's a ghost.",
    "genres" : [ ]
  }, {
    "id" : 206198,
    "title" : "Nakhuda",
    "overview" : "Ravi Shankar lives in a shabby hotel room belonging to the owner of the Hotel \"Allah Belli\", Sheikhu Dada. Ravi studies in college and pays his rent and living expenses through money-orders sent to him from his dad. Ravi's devotion to the illiterate Shaikhoo Dada borders on worship, which doesn't sit well with his wife or her father, wealthy tycoon Seth Jaghannadh. When Seth drives a wedge between Ravi and Dada, Ravi risks everything to make things right.",
    "genres" : [ ]
  }, {
    "id" : 206203,
    "title" : "After Effect",
    "overview" : "When college students sign up for what seems a simple paid research study, they soon realize their lives are in danger. Unfortunately they've unknowingly volunteered their bodies as human collateral in an ongoing U.S. Military experiment.",
    "genres" : [ {
      "id" : 28,
      "name" : "Action"
    }, {
      "id" : 27,
      "name" : "Horror"
    }, {
      "id" : 53,
      "name" : "Thriller"
    } ]
  }, {
    "id" : 206213,
    "title" : "Zombie Hunter",
    "overview" : "Zombie Hunter is set in a post-apocalyptic Zombie wasteland caused by the mysterious street drug \"Natas\". We follow one man who has nothing left other than a beat up Camaro and a trunk full of guns and booze. He runs down Flesh Eaters, hunting for sport and redemption, while also running from his past. After crashing into a small group of survivors, who are running low on resources, he decides to lend a hand. But a surprise attack by the Flesh Eaters forces them on the run and puts the Hunter's skills to the test.",
    "genres" : [ {
      "id" : 35,
      "name" : "Comedy"
    }, {
      "id" : 28,
      "name" : "Action"
    }, {
      "id" : 878,
      "name" : "Science Fiction"
    }, {
      "id" : 53,
      "name" : "Thriller"
    } ]
  }, {
    "id" : 206223,
    "title" : "Escape from Tibet",
    "overview" : "On the roofs of a Tibetan monastery two boys let fly a kite, but suddenly a shot rips the relaxed silence, and one of the two guys gets shot, the \"Golden Boy\" which is the fictitious successor to the Dalai Lama. The monks act immediately and bring him out of Tibet to secure his body. In the meantime, the Berlinese mountaineer Johanna and her Swiss friend travel to the monastery to stay there for some days...",
    "genres" : [ {
      "id" : 18,
      "name" : "Drama"
    } ]
  }, {
    "id" : 206283,
    "title" : "Ho ammazzato Berlusconi",
    "overview" : "",
    "genres" : [ {
      "id" : 35,
      "name" : "Comedy"
    } ]
  }, {
    "id" : 206313,
    "title" : "By The Crimson Bands of Cyttorak",
    "overview" : "Short experimental animation.",
    "genres" : [ ]
  }, {
    "id" : 206328,
    "title" : "You Lucky Dog",
    "overview" : "A man leaves his fortune to his dog.",
    "genres" : [ ]
  }, {
    "id" : 206358,
    "title" : "Boundary",
    "overview" : "The 2011 New Year celebration at the Ratchaprasong Junction in Bangkok. This is where demonstrators’ protests were violently crushed a few months earlier, with more than 100 people ending up dead. It was there that the conflict between the largely rural \"red shirts\" and the more affluent, royalist \"yellow shirts\" escalated. How did this come to pass? Filmmaker Nontawat Numbenchapol came across young soldier Aod by chance, who had just completed his military service, and asked if he could accompany the soldier on his way home. Aod’s village is on the border to Cambodia and near the Hindu temple of Prasat Preah Vihea, which both countries claim as their own. Here too, a violent conflict is smouldering.",
    "genres" : [ {
      "id" : 99,
      "name" : "Documentary"
    } ]
  }, {
    "id" : 206363,
    "title" : "蔡琴：金声演奏厅",
    "overview" : "",
    "genres" : [ ]
  }, {
    "id" : 206373,
    "title" : "Bibleman: Jesus Our Savior",
    "overview" : "In this combined feature of Jesus, Our Savior Parts 1 and 2, we are introduced to the most sinister, most evil villain, Primordious Drool. Drool knows he cannot win against Bibleman on is own and has a plan to fight our favorite superhero. He intends to make Bibleman fight against himself. Drool drives the citizens of Andersonville to trust in Bibleman instead of God. Bibleman faces is toughest challenge ever as he has to explain to the townspeople that they cannot look to him as a superhero to save them. They must look to God, for only God can answer their prayers.",
    "genres" : [ {
      "id" : 35,
      "name" : "Comedy"
    }, {
      "id" : 12,
      "name" : "Adventure"
    } ]
  }, {
    "id" : 206378,
    "title" : "Special Inspector",
    "overview" : "U. S. Customs Agent Tom Evans is given the assignment of running down a smuggling ring which hijacks Canadian fur-shipper's trucks and sells the loot in the United States.",
    "genres" : [ {
      "id" : 80,
      "name" : "Crime"
    }, {
      "id" : 18,
      "name" : "Drama"
    }, {
      "id" : 10749,
      "name" : "Romance"
    } ]
  }, {
    "id" : 206383,
    "title" : "Trunks",
    "overview" : "Steve knows he's straight but under the water at his local swimming pool, he feels gay. Will he tell his ex-girlfriend the entire truth and what does he dream of?",
    "genres" : [ {
      "id" : 18,
      "name" : "Drama"
    } ]
  }, {
    "id" : 206388,
    "title" : "Men and Wolves",
    "overview" : "",
    "genres" : [ {
      "id" : 18,
      "name" : "Drama"
    } ]
  }, {
    "id" : 206398,
    "title" : "Pompeii: Back from the Dead",
    "overview" : "Documentary about the Italian city of Pompeii, which was preserved by volcanic pumice and ash 2,000 years ago. Modern genetic technology is used to explore the lives of citizens who sought shelter in a cellar.",
    "genres" : [ ]
  }, {
    "id" : 206403,
    "title" : "Celibrity Skin",
    "overview" : "Get ready for a wild ride as we journey through that provocative period in cinema, the 70’s and 80’s, a time of no-holds-barred moviemaking featuring unparalleled quantities of sex and nudity on-screen. Travel back in time through our retrospective series of documentaries that trace the roots of sex and nudity in cinema, uncovering groundbreaking films and the stars that disrobed in them. Narrated by our own in-house film historian, we highlight the series of events that led to the breaking down of the ratings system, the taboo-busting actresses and directors that challenged censorship and the controversial films that revolutionized the period and broke down long-standing barriers. Our in-depth expose is packed with revealing bios and facts, unveiling the most famous and sexiest actresses of the 70's and 80's and their contributions to skin on the screen. In many cases it was their first and only nude appearance on film, making this a must-have reference guide to nudity in cinema.",
    "genres" : [ ]
  }, {
    "id" : 206408,
    "title" : "Chinese Puzzle",
    "overview" : "Xavier is a 40-year-old father of two who still finds life very complicated. When the mother of his children moves to New York, he can't bear them growing up far away from him and so he decides to move there as well.",
    "genres" : [ {
      "id" : 35,
      "name" : "Comedy"
    }, {
      "id" : 18,
      "name" : "Drama"
    }, {
      "id" : 10749,
      "name" : "Romance"
    } ]
  }, {
    "id" : 206413,
    "title" : "Gunmen of Abilene",
    "overview" : "Abilene gunmen are bent on terrorizing the town of Blue Valley and massacring its inhabitants. They have been hired by local druggist Henry Turner, who has discovered gold beneath the town and wishes complete possession.",
    "genres" : [ {
      "id" : 28,
      "name" : "Action"
    }, {
      "id" : 37,
      "name" : "Western"
    } ]
  }, {
    "id" : 206428,
    "title" : "Il mnemonista",
    "overview" : "",
    "genres" : [ {
      "id" : 18,
      "name" : "Drama"
    } ]
  }, {
    "id" : 206443,
    "title" : "Big Bad Sis",
    "overview" : "Ah Ying (Chen Ping) is a former gangster trying to lead an honest life, and occasionally using her fighting skills to help out the girls in the factory where she now works. She befriends young colleagues Chong Lee and Shao Yin-Yin, teaching them self defence because \"girls can't be weak anymore\". Trouble starts when her old gang finds out where she now works.",
    "genres" : [ {
      "id" : 28,
      "name" : "Action"
    } ]
  }, {
    "id" : 206453,
    "title" : "The Secret of the Dirk",
    "overview" : "The lovely Ching Li and handsome Chang I star as star-and-sword-crossed comrades who take on the vicious Black Tigers gang in a quest for hidden wealth. There's action galore, until the final, fiery fight in a temple of treasure.",
    "genres" : [ {
      "id" : 28,
      "name" : "Action"
    }, {
      "id" : 12,
      "name" : "Adventure"
    }, {
      "id" : 10769,
      "name" : "Foreign"
    } ]
  }, {
    "id" : 206468,
    "title" : "Jack Taylor: Priest",
    "overview" : "Feature-length crime drama, starring Iain Glen as the private detective created by author Ken Bruen. Taylor is asked for help after a priest is beheaded, and soon finds himself mixed up in a murky world of child abuse and revenge.",
    "genres" : [ {
      "id" : 10770,
      "name" : "TV Movie"
    }, {
      "id" : 80,
      "name" : "Crime"
    } ]
  }, {
    "id" : 206508,
    "title" : "A TV Dante",
    "overview" : "The first eight cantos of Dante's Inferno (up to the entrance to the city of Dis). The text is read entirely in \"talking head\" fashion, and punctuated with a kaleidoscopic blend of both newly shot and archival footage.",
    "genres" : [ ]
  }, {
    "id" : 206518,
    "title" : "Apache Uprising",
    "overview" : "Various stage coach passengers and outlaws travelling through Indian country are forced to join forces against the Apaches.",
    "genres" : [ {
      "id" : 37,
      "name" : "Western"
    } ]
  }, {
    "id" : 206523,
    "title" : "Save the Farm",
    "overview" : "The story about the nation's largest urban farm, a 14 acre organic farm in South Central Los Angeles. Over 14 years 350 families build an oasis that feeds thousands of people in the community local, organic food. However, the city of LA sells the land back to a developer in a back room deal. Activists and celebrities stage an 11th hour tree sit to try to save the farmers from being evicted by LAPD. Latino families, city politicians, a wealthy developer, environmental activists and celebrities collide in a milieu of ideologies and hidden agendas and issues of health and survival, all in a setting that could hold the key to the future of our planet.",
    "genres" : [ ]
  }, {
    "id" : 206528,
    "title" : "Medal for the General",
    "overview" : "A retired general helps out by sheltering some evacuees during WWII.",
    "genres" : [ {
      "id" : 10752,
      "name" : "War"
    }, {
      "id" : 18,
      "name" : "Drama"
    } ]
  }, {
    "id" : 206533,
    "title" : "Boys Klub",
    "overview" : "Sent to San Francisco to spend the summer with his aunt, teenager Mario Vandetti makes fast friends with a group of neighborhood kids and encouraged by a caring priest they soon form a basketball team, becoming contenders in a city tournament.",
    "genres" : [ {
      "id" : 35,
      "name" : "Comedy"
    }, {
      "id" : 10751,
      "name" : "Family"
    } ]
  }, {
    "id" : 206538,
    "title" : "Outlaws of Sonora",
    "overview" : "Outlaws of Sonora is a 1938 American Western \"Three Mesquiteers\" B-movie directed by George Sherman.",
    "genres" : [ {
      "id" : 37,
      "name" : "Western"
    } ]
  }, {
    "id" : 206543,
    "title" : "Judas Priest Live at the US Festival",
    "overview" : "From Metal Day at the US Festival, May 29 1983, Judas Priest took the stage to fly the metal flag for hundreds of thousands of fans in the Southern California Sun. Setlist: 1 The Hellion / Electric Eye 2 Riding on the Wind 3 Heading Out to the Highway 4 Metal Gods 5 Breaking the Law 6 Diamonds &amp; Rust 7 Victim of Changes 8 Living After Midnight 9 The Green Manalishi (With the Two Pronged Crown) 10 Screaming for Vengeance 11 You've Got Another Thing Comin' 12 Hell Bent for Leather",
    "genres" : [ {
      "id" : 10402,
      "name" : "Music"
    } ]
  }, {
    "id" : 206548,
    "title" : "Girls Can Play",
    "overview" : "The Hollywood Post's sports writer, Jimmy Jones (Charles Quigley), yearns to be a crime reporter, and thus looks for foul play on even the most routine assignments. In writing a piece about a girl's softball team, Jimmy discovers that their sponsor, Foy Harris (John Gallaudet), is a notorious racketeer who has supposedly gone straight. Jimmy suspects Foy is still up to no good. He begins hanging around the team to do a bit of snooping, and also to be near the cute new pitcher, Ann Casey (Jacqueline Wells).",
    "genres" : [ {
      "id" : 18,
      "name" : "Drama"
    } ]
  }, {
    "id" : 206563,
    "title" : "Trash",
    "overview" : "Set in Brazil, three kids who make a discovery in a garbage dump soon find themselves running from the cops and trying to right a terrible wrong.",
    "genres" : [ {
      "id" : 12,
      "name" : "Adventure"
    }, {
      "id" : 80,
      "name" : "Crime"
    }, {
      "id" : 18,
      "name" : "Drama"
    }, {
      "id" : 53,
      "name" : "Thriller"
    } ]
  }, {
    "id" : 206568,
    "title" : "Endstation Bad Kleinen - Vom Versagen deutscher Sicherheitsorgane",
    "overview" : "",
    "genres" : [ {
      "id" : 99,
      "name" : "Documentary"
    } ]
  }, {
    "id" : 206573,
    "title" : "Sardari Begum",
    "overview" : "Sardari Begum is a 1996 Hindi movie directed by Shyam Benegal. The film stars Kiron Kher, Amrish Puri, Rajit Kapur and Rajeshwari Sachdev.  The film's lead actress Kiron Kher won the 1997 National Film Award - Special Jury Award. Rajeshwari Sachdev won the 1997 National Film Award for Best Supporting Actress. The music by Vanraj Bhatia also received wide acclaim. Arati Ankalikar-Tikekar, the play back singer of the film also received accolades in the category of 'Best Playback Singer'.  This film focuses on the complex portrait of family relationships, generational and sexual politics as well as social mores in India.",
    "genres" : [ ]
  }, {
    "id" : 206578,
    "title" : "The better hour",
    "overview" : "A late 18th and early 19th Century British Parlamentarian who saw the fulfillment of his Christian ideals in the complete abolition of trans-Atlantic human trafficking, Wilberforce fought aggressively and courageously to achieve this goal, and also set up 69 nonprofit organizations designed to improve social conditions in Great Britain. By telling Wilberforce's story, the biographical documentary The Better Hour: The Legacy of William Wilberforce meditates on the ways in which a single human being can permanently alter the tide of history and definitively end a human evil.",
    "genres" : [ ]
  }, {
    "id" : 206588,
    "title" : "Vatos",
    "overview" : "",
    "genres" : [ ]
  }, {
    "id" : 206598,
    "title" : "The Peacemaker",
    "overview" : "A former gunfighter who went to prison but then took up religion arrives in a western town as the new preacher. There he finds a feud between the ranchers and the farmers. The Railroad Agent is after the ranchers land and has his men causing all the trouble. The new preacher sets out to bring the two sides together and he says he will not need a gun.",
    "genres" : [ {
      "id" : 37,
      "name" : "Western"
    } ]
  }, {
    "id" : 206603,
    "title" : "A Country Cupid",
    "overview" : "Schoolteacher Edith breaks off her engagement after an argument with her fiancé. She writes him a note of reconciliation but throws it away. Without her knowledge, one of her students fishes it out of the trash and sends it to her fiancé. Later, Edith is alone grading papers when a man bursts in and threatens her.",
    "genres" : [ ]
  }, {
    "id" : 206608,
    "title" : "Juego de luna",
    "overview" : "The daughter of a poker player frequents the casinos to earn a living the only way he has learned: playing.",
    "genres" : [ ]
  }, {
    "id" : 206623,
    "title" : "The Romance of a Jockey",
    "overview" : "A wealthy family disapproves of their sons girl so he leaves the family to be with the one he loves. But they are poor and he finds job as a jockey and gets hurt....",
    "genres" : [ ]
  }, {
    "id" : 206628,
    "title" : "Bluetoes, the Christmas Elf",
    "overview" : "It's Christmas Eve and all of Santa's helpers are busy packing the sleigh... all except one unnamed elf who is too young and too clumsy to help. But in a dream come true he is riding with Santa helping deliver the toys and making a sacrifice which earns him his name \"Bluetoes.\"",
    "genres" : [ {
      "id" : 16,
      "name" : "Animation"
    }, {
      "id" : 10751,
      "name" : "Family"
    } ]
  }, {
    "id" : 206633,
    "title" : "I'll Sell My Skin Dearly",
    "overview" : "1968 Western film directed by Ettore Maria Fizzarotti, and written by Giovanni Simonelli.",
    "genres" : [ {
      "id" : 37,
      "name" : "Western"
    } ]
  }, {
    "id" : 206638,
    "title" : "La sposa del Nilo",
    "overview" : "La Sposa del Nilo (1911) was a proto-epic, where you could sense the Italian filmmakers (Enrico Guazzoni in this case) gearing up to the gigantic imaginings of Cabiria and Quo Vadis just a few years on. The film wanted to impress you with its stateliness and scale; at time the central action (a young virgin is drowned to appease Isis and ensure that the Nile floods) became lost in the crowded frame – but that just reminded you that early cinema audiences look that much more intently at what was going on, and picked up on details that our lazier eyes sometimes miss.",
    "genres" : [ ]
  }, {
    "id" : 206643,
    "title" : "Una tragedia al cinematografo",
    "overview" : "Taking a married woman to the cinema is not a good idea... if you're not her husband.",
    "genres" : [ ]
  }, {
    "id" : 206648,
    "title" : "Red Bells Part I: Mexico on Fire",
    "overview" : "A chronicle of the Russian and Mexican revolutions in the early 20th century.",
    "genres" : [ {
      "id" : 18,
      "name" : "Drama"
    }, {
      "id" : 37,
      "name" : "Western"
    } ]
  }, {
    "id" : 206653,
    "title" : "By the Cross",
    "overview" : "A costume drama from Roman times. Three out of the original six reels survive.",
    "genres" : [ ]
  }, {
    "id" : 206673,
    "title" : "Maria and Mirabella in Transistorland",
    "overview" : "The continuation of adventures of Maria and Mirabella, in which the two girls get lost in a fabulous world inside a television set.",
    "genres" : [ {
      "id" : 16,
      "name" : "Animation"
    }, {
      "id" : 35,
      "name" : "Comedy"
    }, {
      "id" : 10751,
      "name" : "Family"
    }, {
      "id" : 10402,
      "name" : "Music"
    } ]
  }, {
    "id" : 206678,
    "title" : "I Look Up When I Walk",
    "overview" : "Masuda’s tough take on juvenile street gangs created an international pop hit with the movie’s title song, sung by lead actor and heart throb Kyu Sakamoto and released as “Sukiyaki” in America (where it would be the only Japanese song ever to chart at number one). The entertaining pairing of the fresh-faced singer with a gang story was part of a five-film-a-year tear by consummate Nikkatsu professional Toshio Masuda, the studio’s indefatigable action maven.",
    "genres" : [ ]
  }, {
    "id" : 206688,
    "title" : "Chiari di luna",
    "overview" : "",
    "genres" : [ {
      "id" : 35,
      "name" : "Comedy"
    } ]
  }, {
    "id" : 206728,
    "title" : "Closure",
    "overview" : "The story centers around Robert, with the help of Lawrence and Natalie, as he struggles to find out who has murdered his wife and child. Along the way, he must try to navigate through a web of political intrigue that involves a cop and a district attorney.",
    "genres" : [ {
      "id" : 53,
      "name" : "Thriller"
    } ]
  }, {
    "id" : 206733,
    "title" : "Calling You",
    "overview" : "Shy, quiet, and unsure of herself, Ryo Aihara (Riko Narumi) doesn't quite fit in anywhere. Though she wants to make friends, she has trouble speaking up and holding a normal conversation like everyone else. It seems that whenever she talks, the words just don't come out correctly. Gradually, Ryo has gotten used to living life in silence as a lonely and introverted student. With no one to talk to, Ryo also has no need for a cell phone. Longing for friends to talk to, she creates a cell phone in her mind for imaginary phone conversations, and much to her surprise, one day Shinya (Keisuke Koide) picks up on the other side. For the first time in her life, Ryo has found someone she can talk to.",
    "genres" : [ {
      "id" : 10749,
      "name" : "Romance"
    } ]
  }, {
    "id" : 206738,
    "title" : "O Rapto de uma Actriz",
    "overview" : "",
    "genres" : [ {
      "id" : 18,
      "name" : "Drama"
    } ]
  }, {
    "id" : 206748,
    "title" : "Bocage",
    "overview" : "",
    "genres" : [ {
      "id" : 18,
      "name" : "Drama"
    }, {
      "id" : 10749,
      "name" : "Romance"
    } ]
  }, {
    "id" : 206758,
    "title" : "Machine Gun Mama",
    "overview" : "Two Americans stranded in Mexico with an elephant try to sell their animal to a traveling carnival. Low-budget comedy with songs and a misleading title.",
    "genres" : [ ]
  }, {
    "id" : 206763,
    "title" : "Nazaré",
    "overview" : "",
    "genres" : [ {
      "id" : 18,
      "name" : "Drama"
    } ]
  }, {
    "id" : 206773,
    "title" : "Der Weihnachtswolf",
    "overview" : "",
    "genres" : [ {
      "id" : 10751,
      "name" : "Family"
    }, {
      "id" : 18,
      "name" : "Drama"
    } ]
  }, {
    "id" : 206778,
    "title" : "Yantra",
    "overview" : "From the novel \"Direct Theory\" written by Edward Small, excerpt from pg.64:  Completed in 1957, less than ten minutes long, Yantra is questionably catalogued as abstract. Witness Brakhage's concept of closed-eye vision and our generic attribute of experimental film/video's affinity for mental imagery.",
    "genres" : [ ]
  }, {
    "id" : 206793,
    "title" : "Royal Bengal Rahasya",
    "overview" : "Feluda alias Pradosh Mitra, a private detective is invited by a rich former Zamindar (and a retired big game hunter) in North Bengal. The task is to solve a riddle which was written by an ancestor long time ago. The riddle ostensibly contains clue to finding hidden treasure that belongs to the family of the Zamindar. When Tarit Sengupta, the personal secretary of the Zamindar is killed in mysterious circumstances, Feluda finds out that Tarit had already solved the riddle, and was in the process of stealing the treasure when he was killed. Then the mystery thickens as there are many suspects. At the end the man-eating Tiger appears to give the story a new dimension. How does Feluda Solve it? See it to believe. The mastery of Satyajit Rays's writing and direction of Sandip Ray can be seen here.",
    "genres" : [ {
      "id" : 53,
      "name" : "Thriller"
    } ]
  }, {
    "id" : 206798,
    "title" : "A Captain at Fifteen",
    "overview" : "A classic movie based on a famous \"Dick Sand, A Captain at Fifteen\" novel by Jules Verne.",
    "genres" : [ {
      "id" : 12,
      "name" : "Adventure"
    }, {
      "id" : 10751,
      "name" : "Family"
    } ]
  }, {
    "id" : 206803,
    "title" : "High Ice",
    "overview" : "A park ranger clashes with an egotistical army officer over how to handle a rescue operation to save three rock climbers stranded on a high elevation ledge of a mountain in Washington state.",
    "genres" : [ {
      "id" : 12,
      "name" : "Adventure"
    }, {
      "id" : 10770,
      "name" : "TV Movie"
    } ]
  }, {
    "id" : 206808,
    "title" : "L'amica",
    "overview" : "",
    "genres" : [ ]
  }, {
    "id" : 206818,
    "title" : "Scarlet Pages",
    "overview" : "Nora Mason becomes entangled in a family mix-up of murder and scandal that threatens to ruin her career and entire future; Unless the mother she does not know can find a way to save her.",
    "genres" : [ {
      "id" : 28,
      "name" : "Action"
    }, {
      "id" : 10749,
      "name" : "Romance"
    }, {
      "id" : 18,
      "name" : "Drama"
    }, {
      "id" : 80,
      "name" : "Crime"
    } ]
  }, {
    "id" : 206838,
    "title" : "Apstākļu sakritība",
    "overview" : "",
    "genres" : [ ]
  }, {
    "id" : 206843,
    "title" : "Running Away with Blackie",
    "overview" : "\"Running Away With Blackie\" takes a complex and thought-provoking look into the lonely and desperate life of Jetty. Jetty, having a history of drug abuse and denial, now must confront his own personal demons in order to move forward in his life. Along with his best and only friend; his dog Blackie, he encounters some strange characters during his travels who serve as a constant reminder of what he has been trying to run away from. Jetty finally wakes up and has an epiphany when he encounters a Goblin-Like Figure (Camden Toy) who reminds him that he is the only one who can help himself, and cannot hide from himself any longer.",
    "genres" : [ {
      "id" : 18,
      "name" : "Drama"
    }, {
      "id" : 14,
      "name" : "Fantasy"
    } ]
  }, {
    "id" : 206848,
    "title" : "Einer trage des anderen Last",
    "overview" : "At the beginning of the 50s, two extremely disparate men meet in a private sanatorium for consumptives: an officer in the People's Police, Josef Heiliger; and a young Protestant curate, Hubertus Koschenz. On account of their consumption, they have to share a room. Initially, this is the only thing they have in common.",
    "genres" : [ {
      "id" : 18,
      "name" : "Drama"
    } ]
  }, {
    "id" : 206858,
    "title" : "Peter Voss, der Held des Tages",
    "overview" : "",
    "genres" : [ {
      "id" : 80,
      "name" : "Crime"
    }, {
      "id" : 35,
      "name" : "Comedy"
    } ]
  }, {
    "id" : 206863,
    "title" : "Roméo et Juliette",
    "overview" : "Juliette, 15, is the only child of an eminent judge and has had the best of education in the best of schools. Her father is in the limelight because he’s been chosen to preside over one of the most important trials of the past 10 years: the case of Réal Lamontagne, a notorious criminal accused of killing a child.  Roméo, 17, is the son of the accused.  Even though they come from diametrically opposed universes, Juliette and Roméo fall for each other.",
    "genres" : [ {
      "id" : 18,
      "name" : "Drama"
    }, {
      "id" : 10749,
      "name" : "Romance"
    } ]
  }, {
    "id" : 206868,
    "title" : "Strongheart",
    "overview" : "STRONGHEART (1914) is a rare Native American Indian drama that was produced by the Biograph Company in New York City. Based on a famous play of the time, the film features an all-star cast: Henry B. Walthall (later of BIRTH OF A NATION), Blanche Sweet, Antonio Moreno, Lionel Barrymore, and Alan Hale (father of \"Gilligan's Island\" skipper). Originally five reels, the film was reissued at three reels in 1916.",
    "genres" : [ {
      "id" : 37,
      "name" : "Western"
    }, {
      "id" : 28,
      "name" : "Action"
    } ]
  }, {
    "id" : 206883,
    "title" : "I Am Not a Rock Star",
    "overview" : "The sacrifice of self, the acclaim, the adoring crowds — classical pianist Marika Bournaki fits the role. But the title of Bobbi Jo Hart's award-winning biographical documentary, I am Not a Rock Star, speaks to the contradictions of Bournaki's life. Shot over a span of eight years - following the pianist from 12 to 20 years of age - Hart's film amounts to a front row seat in the unfolding of a life and the forming of a personality. Shot in verité style in concert halls, hotels and airports around the world and featuring stunning piano performances, the film turns Bournaki's life into a visual narrative, revealing both the rewards and costs of a life dedicated to music",
    "genres" : [ {
      "id" : 99,
      "name" : "Documentary"
    }, {
      "id" : 10402,
      "name" : "Music"
    } ]
  }, {
    "id" : 206888,
    "title" : "Porns Most Outrageous Outtakes",
    "overview" : ". . . . . . .",
    "genres" : [ ]
  }, {
    "id" : 206903,
    "title" : "The Little Town will go to Sleep",
    "overview" : "In a small town a bag with delicate letters disappears. Many of the residents are worried about their written messages. A clever sculptor uses the opportunity to play a prank.",
    "genres" : [ ]
  }, {
    "id" : 206918,
    "title" : "Star Wreck III: The Wrath of the Romuclans",
    "overview" : "Pirk's fumbling voyages continue in Star Wreck III - Wrath of the Romuclans. There were improvements in the graphics, a more complicated storyline, and lots of new, tasteless humour. Many consider this to be the funniest of the old episodes, although Pirk's excessive swearing did raise a few eyebrows back int he day... Star Wreck III saw the first of the now traditional red-shirted security guard jokes.  Having wrecked his ship in the previous episode, Pirk now commands a brand new starship, and is sent to investigate a Romuclan attack plan on a backwater space station. It all ends with the most massive space battle in the history of the P-fleet, and it's lead by Pirk... With odds like that, does humanity stand a chance?",
    "genres" : [ {
      "id" : 878,
      "name" : "Science Fiction"
    }, {
      "id" : 16,
      "name" : "Animation"
    }, {
      "id" : 35,
      "name" : "Comedy"
    } ]
  }, {
    "id" : 206923,
    "title" : "Star Wreck 4½: Weak Performance",
    "overview" : "Despite it's numbering Star Wreck 4½ - Weak Performance was actually made after Star Wreck V, even though most of it is re-used footage from Andy Bones II, made years earlier... Confused? So is the plot, where Captain Pirk plays Andy Bones on the Halludeck while Romuclans attack The Kickstart.",
    "genres" : [ {
      "id" : 878,
      "name" : "Science Fiction"
    }, {
      "id" : 35,
      "name" : "Comedy"
    }, {
      "id" : 28,
      "name" : "Action"
    } ]
  }, {
    "id" : 206933,
    "title" : "Les Caves du Majestic",
    "overview" : "",
    "genres" : [ ]
  }, {
    "id" : 206938,
    "title" : "The Photo of a Woman with a Boar",
    "overview" : "",
    "genres" : [ {
      "id" : 9648,
      "name" : "Mystery"
    }, {
      "id" : 53,
      "name" : "Thriller"
    }, {
      "id" : 80,
      "name" : "Crime"
    } ]
  }, {
    "id" : 206948,
    "title" : "Spāņu variants",
    "overview" : "",
    "genres" : [ ]
  }, {
    "id" : 206953,
    "title" : "Louis Theroux: America's Most Hated Family in Crisis",
    "overview" : "Following up on his 2007 documentary, The Most Hated Family in America, Louis Theroux returns to Topeka, Kansas, for a week-long visit with the Westboro Baptist Church. He again joins the Phelps family on their controversial pickets where they try to antagonise communities with offensive slogans and anti-gay placards. But four years on from Louis's last visit, there are signs of disarray in the Phelps clan. A series of defections of family members has shaken up the church.",
    "genres" : [ {
      "id" : 99,
      "name" : "Documentary"
    } ]
  }, {
    "id" : 206958,
    "title" : "The Laughing Samoans: Prettyfull Woman",
    "overview" : "NZ’s most successful and funniest comedy duo are back with the DVD of their hit show Prettyfull Woman.  All of the Laughing Samoans characters, such as Sam and Tony, Paul and Victor and Jonathan and Bryan, are back. Including the flamboyant and outspoken Aunty Tala who, in this show, enters a beauty contest!  Hilarious ‘clean’ comedy for all nationalities and ages to enjoy.",
    "genres" : [ {
      "id" : 35,
      "name" : "Comedy"
    } ]
  }, {
    "id" : 206968,
    "title" : "102 Boulevard Haussmann",
    "overview" : "In 1916 author Marcel Proust is leading a reclusive life in Paris. He hires a quartet of musicians and befriends one of them, a wounded serviceman.",
    "genres" : [ ]
  } ]
}