{
  "movies" : [ {
    "id" : 79824,
    "title" : "Love is Not Blind",
    "overview" : "Xiaoxian’s life is right on track. She has a steady job at an upscale wedding planning company, a cute apartment, and most importantly, a loving boyfriend of 7 years. Any day now, Xiaoxian is sure that he’ll pop the question. But everything comes crashing down when she discovers that he’s actually cheating on her— with her best friend. How could things go so wrong? Dumped and heartbroken, Xiaoxian is a total mess. It doesn’t help that she has to face perky brides every day. Things go from bad to worse until her sassy, but jaded, co-worker Jian intervenes. It’s not that Jian really cares. It’s more that he’s sick of witnessing her pathetic decline. Xiaoxian seriously needs to get a grip. 33 days into her breakup, Jian’s brand of tough love is working, but Xiaoxian still can’t help wondering: will she ever get a chance at love again?",
    "genres" : [ {
      "id" : 18,
      "name" : "Drama"
    }, {
      "id" : 10749,
      "name" : "Romance"
    }, {
      "id" : 35,
      "name" : "Comedy"
    } ]
  }, {
    "id" : 79829,
    "title" : "For Neda",
    "overview" : "On June 20, 2009, Neda Agha-Soltan was shot and killed on the streets of Tehran during the turmoil that followed the Iranian presidential contest. Within hours, images of her dying moments, captured on cell phones, appeared on computer screens across the world, focusing the world's attention on mass protests against the rigged elections in Iran. Featuring previously unseen footage of Neda with friend and family, as well as exclusive video of her recorded the day she died, \"For Neda\" debuts just before the anniversary of her death.",
    "genres" : [ {
      "id" : 99,
      "name" : "Documentary"
    } ]
  }, {
    "id" : 79844,
    "title" : "Winter Stories",
    "overview" : "An adult Martin Roy reminisces about his life in the 1966/67 school year. At fifteen years old and in his last year of junior high school, he breathed, ate and slept hockey. He collected hockey cards, played street hockey with his friends, tried skating and ice hockey for the first time in his life, but was most fascinated with his local national league team, the Montréal Canadiens, and its star player, Henri Richard. He dreamed of growing up and working for the Canadiens franchise. But a more immediate goal was to get tickets to one of their games, using M. Richard and his banker father, Hervé, as possible conduits to that goal.",
    "genres" : [ ]
  }, {
    "id" : 79849,
    "title" : "Cafe Tacuba - Un Viaje",
    "overview" : "Mexican band Cafe Tacuba celebrates 15 years of making--and often revolutionizing--Spanish rock with Un Viaje. This lush, luxurious live set includes three discs of music and one electrifying DVD. The group has culled the best moments from a two-night stand in Oct. 2004 at the Palacio de los Deportes in Mexico City, and the results are consistently electric. Every song, every rhythm, every guitar lick, every laugh is important, a not-to-be-missed moment. Cafe Tacuba's potent mix of music and message is a powerful thing, and the group thrives in its unflinchingly earnest, sweetly sincere approach to its art. Even during backstage interviews and recording studio hijinks, each member seems wholly pleased to be a part of the process. Throughout the proceedings, Cafe Tacuba's ardent fans thank them with hoots, hollers and constant singalongs to almost every song, making Un Viaje a joyous trip for everyone involved.",
    "genres" : [ {
      "id" : 10402,
      "name" : "Music"
    } ]
  }, {
    "id" : 79854,
    "title" : "18 Meals",
    "overview" : "Food, glorious food! Some of the most sumptuous and involving films revolve around that most common of acts: eating. 18 MEALS is an omnibus film of criss-crossing stories divided into three segments; breakfast, lunch and dinner. Jorge Coira's debut feature, shot over nine days in Santiago de Compostela has enough tasty portions to please audiences. Amongst Coira's expansive ensemble are aging street musician Edu, a pair awaking from a one-night stand, a businessman visiting his closeted homosexual brother and a lonely housewife, Sol. Victor and Sol are two of 18 MEALS' most fascinating characters as they each hide something - his sexuality, her depression - from those around them. Best of all is Pedro Alsono as Vladimir, a local celebrity actor who makes a meal for a mystery woman who never arrives. Who hasn't gone to a lot of trouble to do something extra special for someone just to have it go unappreciated?",
    "genres" : [ {
      "id" : 18,
      "name" : "Drama"
    }, {
      "id" : 35,
      "name" : "Comedy"
    } ]
  }, {
    "id" : 79859,
    "title" : "Ol' Witch",
    "overview" : "",
    "genres" : [ {
      "id" : 14,
      "name" : "Fantasy"
    }, {
      "id" : 12,
      "name" : "Adventure"
    }, {
      "id" : 10751,
      "name" : "Family"
    } ]
  }, {
    "id" : 79864,
    "title" : "Siege of the Saxons",
    "overview" : "King Arthur learns one of his knights is plotting to take over and marry his daughter. After the King's death, the Knight wishing to marry the princess is ordered by the great wizard Merlin to remove the sword from the scabbard and prove his right to the throne.",
    "genres" : [ {
      "id" : 12,
      "name" : "Adventure"
    } ]
  }, {
    "id" : 79869,
    "title" : "Bigfoot: The Unforgettable Encounter",
    "overview" : "When Cody gets lost while exploring in the woods, he finds a friend in the legendary creature, Bigfoot.",
    "genres" : [ {
      "id" : 10751,
      "name" : "Family"
    } ]
  }, {
    "id" : 79879,
    "title" : "2010 San Francisco Giants: The Official World Series Film",
    "overview" : "The Giants won their sixth World Series championship by beating the Texas Rangers four games to one in the 2010 World Series. Now you can relive the storybook triumph with the Official 2010 World Series Film on DVD and Blu-ray. It is all here! From the game-winning blasts of Edgar Renteria to the domination of Tim Lincecum: all the drama, game action, behind-the-scenes access and in-depth interviews a Giants fan could want. The Official 2010 World Series Film on Blu-Ray and DVD features an adrenaline-filled feature-length film, highlights from the entire postseason and incisive bonus features.",
    "genres" : [ ]
  }, {
    "id" : 79889,
    "title" : "An Invisible Man Goes Through the City",
    "overview" : "A taxi driver, (Piel), finds an odd contraption on the back seat that renders him invisible, but his friend steals the device to rob a bank. An inventive comedy.",
    "genres" : [ ]
  }, {
    "id" : 79894,
    "title" : "Nambugun: North Korean Partisan in South Korea",
    "overview" : "Reporter for a North Korean news service joins the partisans when the Americans and UN forces invade South Korea.",
    "genres" : [ {
      "id" : 10752,
      "name" : "War"
    }, {
      "id" : 10769,
      "name" : "Foreign"
    } ]
  }, {
    "id" : 79904,
    "title" : "Miguel Bosé: Papitour",
    "overview" : "Three-time Latin Grammy nominee Miguel Bosé celebrates 30 years of making music in a landmark concert held in Spain's Plaza de Toros de las Ventas. With the help of special guest artists Alaska, Bimba Bose, Rafa Sanchez and Ana Torroja, the Panamanian-born singer plows through a set list of his most beloved and popular songs, including a pair of hit singles from his 2007 album \"Papito\": \"Morena Mia\" and \"Nena.\"",
    "genres" : [ {
      "id" : 10402,
      "name" : "Music"
    } ]
  }, {
    "id" : 79909,
    "title" : "Boys Love Gekijouban",
    "overview" : "Aoi, a young teacher with striking good looks, has just learned that his newest student Sora is the alluring teen prostitute he once hired. Here the nightmare begins. As the walls of the prestigious academy become a percolating hotbed of sexual intrigue, prostitution and blackmail, other students, including Sora's nerdy roommate and the sinister campus bully, are pulled down the same torrid path of unquenchable desire toward the inevitable moment when obsession turns deadly.",
    "genres" : [ {
      "id" : 18,
      "name" : "Drama"
    } ]
  }, {
    "id" : 79914,
    "title" : "First Love and Other Pains",
    "overview" : "Across the boundaries they find each other... in this post-colonial romance. A cynical English professor discovers love in the form of an admiring student. But is it too late for him to find happiness?",
    "genres" : [ {
      "id" : 18,
      "name" : "Drama"
    } ]
  }, {
    "id" : 79919,
    "title" : "Harvest",
    "overview" : "Breathtaking in its subtle beauty, Harvest is an achingly romantic tale of an innocent but ever increasingly passionate affair that develops between two simple farmhands. Life on a farm is all that sullen teen Marco knows- leading a perfunctory and quiet life of working, going to school and avoiding the advances of girls. However, his self-imposed solitude ends when curly-haired Jakob, rejecting the banking world for farming, arrives to train on the farm. Although initially cautious and tentative with each other, it is soon obvious that the unspoken sexual tension is becoming increasingly hard to resist - something a spontaneous trip to Berlin. Proving that true love can blossom in even the most unlikely of places, Harvest is as rich and rewarding as it is heart-warming.",
    "genres" : [ {
      "id" : 18,
      "name" : "Drama"
    } ]
  }, {
    "id" : 79924,
    "title" : "Oh Happy Day",
    "overview" : "Jonathan and David meet at a black tie dinner and end up spending the night together at Jonathan's London flat. The challenges begin when Jonathan's nine–year–old daughter bounds into the bedroom very early the next morning. However, the stakes heighten when Jonathan discovers that David is his \"new client\" at the marketing firm where he is employed. Fraternizing with clients on the opposite side of the conference table is strictly prohibited by the firm, and Jonathan quickly nips things in the bud. As time progresses, love conquers all obstacles. Working against them are their different races, different countries of origin and homophobia. Oh Happy Day is that special film that brings out the true romantic hiding inside us all.",
    "genres" : [ {
      "id" : 35,
      "name" : "Comedy"
    }, {
      "id" : 10749,
      "name" : "Romance"
    }, {
      "id" : 10769,
      "name" : "Foreign"
    } ]
  }, {
    "id" : 79929,
    "title" : "Sluha dvou pánů",
    "overview" : "",
    "genres" : [ ]
  }, {
    "id" : 79934,
    "title" : "The Clown",
    "overview" : "The life of the owners of Circus Esperança, Puro Sangue e Pangaré, father and son, who plays two clowns. At a certain point, Pangaré starts showing tiredness and sadness for being an unhappy clown.",
    "genres" : [ {
      "id" : 35,
      "name" : "Comedy"
    }, {
      "id" : 18,
      "name" : "Drama"
    } ]
  }, {
    "id" : 79939,
    "title" : "MGM: When the Lion Roars",
    "overview" : "This mini-series surveys the history of Metro-Goldwyn-Mayer Studios from its creation and rise in the 1920s, its pinnacle in the '30s and '40s to its decline in the 1950s.",
    "genres" : [ {
      "id" : 99,
      "name" : "Documentary"
    } ]
  }, {
    "id" : 79949,
    "title" : "Submerged",
    "overview" : "",
    "genres" : [ ]
  }, {
    "id" : 79954,
    "title" : "Out in Fifty",
    "overview" : "A reformed ex-convict enters a love triangle and gets manipulated into being a scapegoat in a murder scheme for revenge.",
    "genres" : [ {
      "id" : 18,
      "name" : "Drama"
    }, {
      "id" : 53,
      "name" : "Thriller"
    } ]
  }, {
    "id" : 79959,
    "title" : "Glorious Times in the Spessart",
    "overview" : "The countess is married, and the ghosts are still in the Spessart. Her husband becomes an astronaut and the story involved time travelling and space travelling starts.",
    "genres" : [ {
      "id" : 12,
      "name" : "Adventure"
    }, {
      "id" : 35,
      "name" : "Comedy"
    }, {
      "id" : 878,
      "name" : "Science Fiction"
    } ]
  }, {
    "id" : 79964,
    "title" : "The Good Humor Man",
    "overview" : "Biff Jones is a driver/salesman for the Good Humor ice-cream company. He hopes to marry his girl Margie, who works as a secretary for Stuart Nagel, an insurance investigator. Margie won't marry Biff, though, because she is the sole support of her kid brother, Johnny. Biff gets involved with Bonnie, a young woman he tries to rescue from gangsters. But Biff's attempts to help her only get him accused of murder. When the police refuse to believe his story, it's up to Biff and Johnny to prove Biff's innocence and solve the crime.",
    "genres" : [ {
      "id" : 12,
      "name" : "Adventure"
    }, {
      "id" : 35,
      "name" : "Comedy"
    }, {
      "id" : 80,
      "name" : "Crime"
    } ]
  }, {
    "id" : 79969,
    "title" : "The Mini-Skirt Mob",
    "overview" : "Diane McBain, who'd been a sort of star at Warner Bros. in the early 1960s, is the leading lady of The Mini-Skirt Mob. She's in charge of a fearsome (and toothsome) gang of biker chicks, even though she herself looks as though she'd go into conniptions over a broken nail. McBain's mob gets its kicks terrorizing a sweet young married couple. The film is a veritable roll-call of fading TV icons, including Jeremy Slate and Sherry Jackson; only cycle-flick veterans Ross Hagen and Harry Dean Stanton seem truly comfortable in these low-octane surroundings. The Mini-Skirt Mob is the sort of picture that used to be described as \"ideal drive-in fare\" back in Days of Old when there were drive-ins.",
    "genres" : [ {
      "id" : 28,
      "name" : "Action"
    }, {
      "id" : 53,
      "name" : "Thriller"
    } ]
  }, {
    "id" : 79974,
    "title" : "Alonzo Bodden: Who's Paying Attention",
    "overview" : "The hilarious comedian familiar to audiences around the world from his many radio, television and movie appearances tackles his favorite related topics: the decline of civilization and the rise of pop culture. From declining home values to the swine flu, Alonzo Bodden's paying very funny attention to it.",
    "genres" : [ {
      "id" : 35,
      "name" : "Comedy"
    } ]
  }, {
    "id" : 79979,
    "title" : "WWII in 3D",
    "overview" : "A new documentary shows 3D footage of Nazi soldiers for the first time. It also features 3D images of occupied France shot by a brave citizen. For years, some remarkable images have languished deep in the archives of the Imperial War Museum, which features World War II in a manner that has never been seen before.",
    "genres" : [ {
      "id" : 99,
      "name" : "Documentary"
    }, {
      "id" : 36,
      "name" : "History"
    } ]
  }, {
    "id" : 79984,
    "title" : "Christmas in Rockefeller Center",
    "overview" : "A cherished tradition for over seven decades, NBC once again welcomes the arrival of the holiday season with a dazzling display of musical talent, celebrity surprises and the lighting of the world's most famous Christmas tree for the 20th annual \"Christmas in Rockefeller Center\" telecast.",
    "genres" : [ {
      "id" : 99,
      "name" : "Documentary"
    }, {
      "id" : 10402,
      "name" : "Music"
    } ]
  }, {
    "id" : 79989,
    "title" : "Bride of the Incredible Hulk",
    "overview" : "David and Carolyn marry in Hawaii and continue to work to find a cure for both their afflictions in a race against time.",
    "genres" : [ ]
  }, {
    "id" : 79994,
    "title" : "Secret Space III: The Crop Circle Conspiracy",
    "overview" : "In this film, CHRIS EVERARD, who has visited more than 200 crop circles personally, describes the ancient energy grid, known as LEY LINES which intersect at STONEHENGE, SILBURY HILL and AVEBURY, and how the ditches around many standing stones concentrate a flow of this geo-etheric energy.... Through photographic analysis of many crop circles which often accumulate close to these ancient megalithic stone circles, CHRIS EVERARD has managed to piece together a TIMELINE which connects more than 4,000 years of history - proving that the Crop Circles are 'attracted' to these lines of geo-energy and that our ancient forefathers knew all about the self-luminous balls of energy which make the Crop Circles...",
    "genres" : [ ]
  }, {
    "id" : 79999,
    "title" : "Behind The Wall - The Making Of The Elder Scrolls V Skyrim",
    "overview" : "This documentary contains exclusive, behind-the-scenes footage, including interviews with the Bethesda Game Studios team as they take you from concept to creation and provide insights into the story, gameplay, setting, legacy of the Elder Scrolls franchise, and much more.",
    "genres" : [ ]
  }, {
    "id" : 80004,
    "title" : "Herpers",
    "overview" : "It is estimated that there are 13 million pet reptiles in the United States alone. That means that approximately 4% of households in the country houses a least one reptile, some have even more. In fact, there are even a few who have achieved quite a wealth with their reptile breeding programs. These people are known as \"Herpers\" stemming from the word Herpetology; the study of reptiles and amphibians. Still, the fact remains that there are two kinds of people in the world; those who are reptile fanatics, and those who have no idea that there are people in the world who are, in fact, reptile fanatics. Herpers is a feature-length documentary for them both, produced by the multiple award-winning filmmaker, Dav Kaufman who fits proudly in the former category. Herpers takes us from coast-to-coast from the forests of Virginia to the skyscrapers of Chicago to the hills of Hollywood and all points in between in search of this unique reptile culture...",
    "genres" : [ ]
  }, {
    "id" : 80009,
    "title" : "Taylor Swift: Speak Now World Tour Live",
    "overview" : "Recorded during her Speak Now World Tour in 2011, this live recording collects 18 performances from the country-pop starlet, including all songs from her 2010 studio outing Speak Now. It also features home movies and rehearsal footage for the show, which was an elaborate affair that utilized dancers, aerialists, numerous costume changes, and a mammoth, multi-stage setup that more closely resembled a high-profile Broadway musical than it did a country music concert.",
    "genres" : [ {
      "id" : 99,
      "name" : "Documentary"
    }, {
      "id" : 10402,
      "name" : "Music"
    } ]
  }, {
    "id" : 80014,
    "title" : "Arlington: Field of Honor",
    "overview" : "Once little more than a potter's field, Arlington National Cemetery has become a national shrine and treasury of American history. Discover how this revered site came to be, and how it serves as the final resting place for both the famous and obscure, from John F. Kennedy to the Unknown Soldier. Through rare archival footage and captivating, true-life accounts, experience the moving stories of heroes and gain a privileged glimpse into the daily activities and official rituals of the dedicated staff. From fallen soldiers and daring explorers to political leaders, the hallowed history of Arlington reveals a powerful portrait of this iconic and venerated landmark.",
    "genres" : [ {
      "id" : 99,
      "name" : "Documentary"
    } ]
  }, {
    "id" : 80019,
    "title" : "Larry Flynt: The Right to Be Left Alone",
    "overview" : "A documentary that celebrates and examines an unabashed vulgarian.",
    "genres" : [ {
      "id" : 99,
      "name" : "Documentary"
    } ]
  }, {
    "id" : 80024,
    "title" : "Buffering",
    "overview" : "Seb and Aaron have overspent and built up debts on their credit card. Aaron decides to take matters into his own hands and secretly films their sex life to broadcast online. The money pours in until he gets caught! Realising that the scheme could sort their financial problems, Seb agrees to allow things to continue until they are back in the black. When their friend Jem arrives and suggests a third party might help them make even more cash, things start to get a little tricky....",
    "genres" : [ {
      "id" : 35,
      "name" : "Comedy"
    } ]
  }, {
    "id" : 80029,
    "title" : "Waking Up Wally: The Walter Gretzky Story",
    "overview" : "As a coach and mentor, Walter Gretzky was instrumental in nurturing the talent of his son, hockey great Wayne Gretzky. So it came as an ironic tragedy when in 1991, just days after his 53rd birthday, Walter suffered a debilitating stroke that left him with no memory of his son's hockey career or his own role in Wayne's achievements.",
    "genres" : [ {
      "id" : 18,
      "name" : "Drama"
    }, {
      "id" : 10751,
      "name" : "Family"
    } ]
  }, {
    "id" : 80034,
    "title" : "Earth's Final Hours",
    "overview" : "After dense matter from an imploded white hole hits Earth, the planet's rotation is devastated. A group of government agents must locate a lost satellite network that is the world's only hope for survival.",
    "genres" : [ {
      "id" : 878,
      "name" : "Science Fiction"
    } ]
  }, {
    "id" : 80039,
    "title" : "Determinism",
    "overview" : "A lonely South Asian American college student, who desperately attempts to escape his fate, unwittingly descends into a world of crime and violence.",
    "genres" : [ {
      "id" : 80,
      "name" : "Crime"
    }, {
      "id" : 18,
      "name" : "Drama"
    } ]
  }, {
    "id" : 80044,
    "title" : "La vie d'un honnête homme",
    "overview" : "La Vie d'un honnête homme English: The Virtuous Scoundrel, is a French comedy drama film from 1953, directed by Sacha Guitry, written by Sacha Guitry, starring Michel Simon and Louis de Funès.",
    "genres" : [ {
      "id" : 18,
      "name" : "Drama"
    }, {
      "id" : 35,
      "name" : "Comedy"
    } ]
  }, {
    "id" : 80049,
    "title" : "Those of Our Land",
    "overview" : "",
    "genres" : [ {
      "id" : 99,
      "name" : "Documentary"
    } ]
  }, {
    "id" : 80054,
    "title" : "Primrose Path",
    "overview" : "Ellie Mae lives on Primrose Hill with her good-hearted and fancy free mother, her drunken father, her younger sister and a mean-spirited grandmother. The Hill is not a good part of town, however. When she meets and falls for a hard-working man, they marry and she hides her past from him. When he discovers the truth it jeopardizes their marriage.",
    "genres" : [ {
      "id" : 18,
      "name" : "Drama"
    } ]
  }, {
    "id" : 80059,
    "title" : "The Tattooed Widow",
    "overview" : "Ester is the perfect grandmother everyone expects her to be. But she unexpectedly inherits an old aunt and gets a big apartment and a lot of money. She decides to leave her husband, children and grandchildren to start her life over. Before long, she has four men who court her and she feels young once again.",
    "genres" : [ ]
  }, {
    "id" : 80064,
    "title" : "Sandstorm",
    "overview" : "Shoba T. Mathur works for the Central Government in India and her job is to create awareness against child-marriage and other social evils that prevail due to general misinterpretation of the Hindu Shastras that demean women, particularly in Dhabri, a village in the state of Rajasthan. She does succeed in recruiting a young housewife, Saanvri, the mother of a young girl, Kamli, and wife of rickshaw driver, Sohan. Saanvri goes around the village raising awareness, and incurs the wrath of the village elders, mostly members of the Gujjar family.",
    "genres" : [ ]
  }, {
    "id" : 80069,
    "title" : "Chevallier et Laspalès - La rentrée des sketches",
    "overview" : "",
    "genres" : [ {
      "id" : 35,
      "name" : "Comedy"
    }, {
      "id" : 10751,
      "name" : "Family"
    } ]
  }, {
    "id" : 80074,
    "title" : "The Magic Seed",
    "overview" : "A fairytale about two kids who got a magic seed which can feed all the people...",
    "genres" : [ {
      "id" : 14,
      "name" : "Fantasy"
    }, {
      "id" : 10751,
      "name" : "Family"
    } ]
  }, {
    "id" : 80079,
    "title" : "Tibetan Dog",
    "overview" : "Jiantan is a young boy who has to leave Xi'an after the death of his mother to go deep into the Tibetan prairies to start living with the father he barely remembers. His dad, LaGeBa, is a busy doctor who decided to depart from the city and reside in Tibet where he is the essential physician of the poor community he lives in. To help his father, Jiantan has to learn how to herd sheep. While trying to learn his new responsibility, he is saved by a stray gold-colored Tibetan Mastiff. Both Jiantan and the big dog help each other as they try to adjust to this new environment.",
    "genres" : [ {
      "id" : 16,
      "name" : "Animation"
    } ]
  }, {
    "id" : 80084,
    "title" : "Romeo, Juliet and Darkness",
    "overview" : "Pavel, a young student living in Prague in 1942, hides a Jewish girl in his apartment building's attic. Amidst the brutality of the occupying German army, love blossoms between the two. He is her only link to the outside world. Then the two are discovered by Pavel's mother, who forces the residents of the apartment building to decide whether Hana can remain.",
    "genres" : [ {
      "id" : 10752,
      "name" : "War"
    }, {
      "id" : 18,
      "name" : "Drama"
    } ]
  }, {
    "id" : 80089,
    "title" : "Parasite Dolls",
    "overview" : "Beauty is only skin deep, but when you can’t see beneath the skin, how can you know what you’re really dealing with? In a world where perfect androids called Boomers have infiltrated every aspect of society, it’s the job of Branch to maintain peace between the people and the plastic. Unfortunately, not all boomers are created perfect, and when boomers go bad, people die. The thin blue line that separates man from machine is about to meet its most horrifying test in Parasite Dolls.",
    "genres" : [ {
      "id" : 28,
      "name" : "Action"
    }, {
      "id" : 16,
      "name" : "Animation"
    }, {
      "id" : 878,
      "name" : "Science Fiction"
    }, {
      "id" : 53,
      "name" : "Thriller"
    } ]
  }, {
    "id" : 80094,
    "title" : "The Apple Game",
    "overview" : "Sarcastic comedy about the Czechoslovakia of the seventies.",
    "genres" : [ {
      "id" : 35,
      "name" : "Comedy"
    }, {
      "id" : 18,
      "name" : "Drama"
    } ]
  }, {
    "id" : 80109,
    "title" : "Vicky and the Treasure of the Gods",
    "overview" : "When does the little Vicky finally a real Viking? This question can his father Halvar no rest. But when the terrible Sven kidnapped the chief of Flake, has to prove himself unexpectedly Vicky: As deputy chief, he leads the strong men and it gets support from the fearless Svenja. Take course for the Cape Fear to free Halvar from Sven's castle - but the biggest problem is the Vikings still to come ... On stormy seas, tropical beaches and Valkyries by dangerous icy wastes before they fight their way to a secret location to be due to the hidden treasure of the fabled gods. The terrible Sven does everything it can to get him - and only Vicky can stop him with his clever ideas ...",
    "genres" : [ {
      "id" : 28,
      "name" : "Action"
    }, {
      "id" : 12,
      "name" : "Adventure"
    }, {
      "id" : 35,
      "name" : "Comedy"
    }, {
      "id" : 10751,
      "name" : "Family"
    } ]
  }, {
    "id" : 80114,
    "title" : "Afinidades",
    "overview" : "Faced with the emptiness and lack of rational explanation for many of the problems of the contemporary world, it sometimes seems that the only solution is to take refuge in the instincts ... and instincts lead us to sex. At least this is the exit that find the protagonists of this story: sex as a shock to stay alive, the manipulation of others as a way to ward off impotence and reaffirm their personalities torn by loneliness. But the result is ephemeral and the attempt has unforeseen consequences.",
    "genres" : [ {
      "id" : 18,
      "name" : "Drama"
    }, {
      "id" : 10769,
      "name" : "Foreign"
    } ]
  }, {
    "id" : 80119,
    "title" : "The Door Of No Return",
    "overview" : "Alphonse is a 70 years old man, born and raised in Benin, left his country and his people with the promise to come back home… But he never did.  When Alphonse receives the news that his sister Veronique is ill, it seems to him that time has past too long and that he has to go and see her.  Alphonse will have to face the past and the present of his homeland. He will have to talk and explain 40 years of silence, shame and disillusion. To his sister who has been waiting for him, also to his mother, who died without seeing him back. “The door of no return” is a journey from north to south and south to north, from the present to the past, from here to beyond. An adventure back to the starting point. An open reflection about all the questions arising from the personal conflict of a man divided by the emigrant who has gone and the immigrant who has never returned. It is the unique and universal story of Alphonse Zannou.",
    "genres" : [ {
      "id" : 99,
      "name" : "Documentary"
    }, {
      "id" : 18,
      "name" : "Drama"
    }, {
      "id" : 10751,
      "name" : "Family"
    } ]
  }, {
    "id" : 80124,
    "title" : "Blond & Brunettes",
    "overview" : "Erotic superstar Anita Blond and some of the world's most popular centerfold models mee in Rome, Italy for Blond &amp; Brunettes, Andrew Blake's stylish new film about the lifestyles of the rich, beautiful and sexually perverse.",
    "genres" : [ ]
  }, {
    "id" : 80129,
    "title" : "Young & Restless II",
    "overview" : "",
    "genres" : [ ]
  }, {
    "id" : 80134,
    "title" : "Taxi A",
    "overview" : "\"Nikt nie mówił, że życie jest piękne\" - słyszy pewnego dnia rekin biznesu Andrzej (Dziędziel), dowiadując się, że jego sprytny wspólnik i niewierna żona wspólnymi siłami puścili go w skarpetkach. Prześladowany przez złośliwego komornika (Woronowicz) załamany mężczyzna rozważa już pożegnanie się z tym światem, gdy nagle przychodzi mu do głowy szalony pomysł, który na zawsze odmieni jego życie. Z dyrektorskiego stołka przesiada się na… nadszarpniętą zębem czasu łódkę.",
    "genres" : [ {
      "id" : 28,
      "name" : "Action"
    }, {
      "id" : 35,
      "name" : "Comedy"
    }, {
      "id" : 18,
      "name" : "Drama"
    } ]
  }, {
    "id" : 80139,
    "title" : "The Vector File",
    "overview" : "A geo-political thriller where Gerry Anderson finds that sometimes, everybody really is out to get you. Gerry's daughter, Mattie, accidentally prints out a DNA code that in the wrong hands can end the human race. The chase is on - the Russians, whose DNA code it is that Mattie has in her backpack, and a group of terrorists compete to get the code from the person they all assume has it, Gerry. With all this going on, Gerry's estranged wife Margaret is worried for her daughter's safety and finds herself another target in the race to find the code.",
    "genres" : [ {
      "id" : 28,
      "name" : "Action"
    }, {
      "id" : 53,
      "name" : "Thriller"
    }, {
      "id" : 10769,
      "name" : "Foreign"
    } ]
  }, {
    "id" : 80144,
    "title" : "Irene Huss 12: Jagat Vittne",
    "overview" : "En ung vacker kvinna hittas död i Göta Älv och på fingret bär hon en briljantförsedd vigselring som tillhör någon annan. Kriminalinspektör Irene Huss och hennes kollegor sätts på fallet och får direkt problem. Obduktionen visar att dödsorsaken inte är drunkning utan en skallskada. Vem är hon? Hon är inte saknad, ingen kan identifiera henne, ingen vet någonting. Samtidigt i ett nedgånget barackområde sitter en misshandlad man och ruvar på en fruktansvärd hemlighet... Angela Kovács återkommer i rollen som Irene Huss. Vi får även återse Lasse Brandeby, Reuben Sallmander, Eric Ericson, Dag Malmberg och Anki Lidén. Dessutom kommer en ny kriminaltekniker in i teamet i form av Moa Gammel känd från bl a Sommaren med Göran. Äntligen är succé-serien om Irene Huss tillbaka, även denna gång baserad på Helene Turstens bästsäljande deckarserie, och med mer spänning än någonsin.",
    "genres" : [ {
      "id" : 80,
      "name" : "Crime"
    } ]
  }, {
    "id" : 80149,
    "title" : "La sombra de Evita: Volveré y seré millones",
    "overview" : "Eva Peron visits Spain in the summer of 1947, as part of her European tour that she named as the tour of the Rainbow. Just 28 years, her mission is to sell wheat to Spain and, according to reports and historical research, also to facilitate evasion of Nazis to Argentina and to recover Nazi gold from a Swiss bank. The image of Eve fascinates Spanish people and irritates Franco and, above all, his wife Carmen Polo. The wife of the leader is the antagonistic image of Evita.",
    "genres" : [ {
      "id" : 99,
      "name" : "Documentary"
    } ]
  }, {
    "id" : 80154,
    "title" : "Ekam – Son of Soil",
    "overview" : "Ekam – Son of Soil is a film about family relations and family disputes. It’s a triangular love story with full of comedy and emotions. It’s about villager’s life and a journey of a hero from metro city to a village where he helps not just the poor farmers but also the drug ridden youth. He gives away his land to the villagers.",
    "genres" : [ ]
  }, {
    "id" : 80159,
    "title" : "Boredom in Brno",
    "overview" : "Black-and-white comedy about two young people who want to lose, finally, their innocence, and about life in a very boring city of Brno ...",
    "genres" : [ {
      "id" : 18,
      "name" : "Drama"
    }, {
      "id" : 35,
      "name" : "Comedy"
    }, {
      "id" : 10749,
      "name" : "Romance"
    } ]
  }, {
    "id" : 80164,
    "title" : "Straw Hat",
    "overview" : "Slacker Maurice Fadinar wasted his whole inheritance and the only way out of this situation, as it seems, to marry Helen Nonankur - daughter of a wealthy farmer. At the last meeting with his mistress in a nearby forest Fadinar's horse eats straw hat which belongs to a married lady, spending time in the company of young and hot Lieutenant Emil. Emil literally puts a knife to Maurice throat - or the lady will get back the exact same hat immediately, or he will arrange such a scandal that no wedding will not happen ...",
    "genres" : [ {
      "id" : 35,
      "name" : "Comedy"
    } ]
  }, {
    "id" : 80169,
    "title" : "Thrive",
    "overview" : "An unconventional documentary that lifts the veil on what's really going on in our world by following the money upstream - uncovering the global consolidation of power in nearly every aspect of our lives. Weaving together breakthroughs in science, consciousness and activism, THRIVE offers real solutions, empowering us with unprecedented and bold strategies for reclaiming our lives and our future.",
    "genres" : [ {
      "id" : 99,
      "name" : "Documentary"
    } ]
  }, {
    "id" : 80174,
    "title" : "WWE Fatal 4-Way 2010",
    "overview" : "Fatal 4-Way was a PPV which took place on June 20, 2010 at the Nassau Veterans Memorial Coliseum in Uniondale, New York. The concept of the show was based around three championship matches in the card that were contested as Fatal Four-Way matches.  The WWE Championship was defended by John Cena against Randy Orton, Edge, and Sheamus. The World Heavyweight Championship was defended by Jack Swagger against CM Punk, Rey Mysterio, and the Big Show.  Kofi Kingston defended the IC Belt against Drew McIntyre, The Miz defended the US Belt against R-Truth, and Evan Bourne fought Jericho in a singles match.",
    "genres" : [ {
      "id" : 28,
      "name" : "Action"
    } ]
  }, {
    "id" : 80179,
    "title" : "Franswa Sharl",
    "overview" : "Keeping the position of number one son requires a certain amount of ingenuity. Twelve year old Greg has inherited his father's competitive streak. On a family holiday to Fiji they have different ideas about where Greg should focus his talents. When his creative pursuits fail to amuse his father Greg goes to bizarre lengths to win him back.",
    "genres" : [ {
      "id" : 35,
      "name" : "Comedy"
    }, {
      "id" : 18,
      "name" : "Drama"
    } ]
  }, {
    "id" : 80184,
    "title" : "The Hidden Face",
    "overview" : "A Spanish orchestra conductor deals with the mysterious disappearance of his girlfriend.",
    "genres" : [ {
      "id" : 53,
      "name" : "Thriller"
    }, {
      "id" : 9648,
      "name" : "Mystery"
    } ]
  }, {
    "id" : 80189,
    "title" : "The Double Steps",
    "overview" : "Fiction inspired by the novelistic biography of the painter and writer Francois Augiéras. The artist covered with paints a military bunker in the desert, and let it sink into the sand so no one could find it until the XXI century. The search continues to feed the myth bunker ... Who is Augiéras? ¿Legionnaire, painter, writer, gunman, holy, thief, devil or a mixture of all?",
    "genres" : [ {
      "id" : 18,
      "name" : "Drama"
    } ]
  }, {
    "id" : 80194,
    "title" : "The SB Chronicles, Vol. 1",
    "overview" : "“The SB Chronicles, Vol. 1″ is the new feature-length Nike SB video project. It is the first of three films in the “SB Chronicles” video series, and will premiere online December 3rd, 2011 at 7 PM EST. Starting December 10th, 2011 it will also become available for purchase on iTunes. Shot entirely in HD, “The Nike SB Chronicles, Vol.1″ was filmed on location around the world in the streets and parks of Hong Kong, Amsterdam, Dubai, and the United States. “The Nike SB Chronicles, Vol.1″ was by shot by Jason Hernandez and showcases full parts from Nike SB team riders Youness Amrani,Chet Childress, Clark Hassler, Stefan Janoski, Lewis Marnell, Daniel Shimizu, Grant Taylor, and Wieger Van Wageningen, as well as an eclectic soundtrack featuring artists selected by the skaters themselves.",
    "genres" : [ ]
  }, {
    "id" : 80199,
    "title" : "Ten Tiny Love Stories",
    "overview" : "Ten women give monologues to camera, each remembering a man who was important in their lives.",
    "genres" : [ {
      "id" : 18,
      "name" : "Drama"
    }, {
      "id" : 10749,
      "name" : "Romance"
    } ]
  }, {
    "id" : 80204,
    "title" : "Badhuset",
    "overview" : "Set in the WWII era, the story tells of a boy in a small village who befriends three girls around his age. One day he discovers a young couple sneaking into an old and cracked bathing shack and decides to alert his new friends. When the kids join up at the shack, the eldest girl comes up with the idea to lock the couple inside, threatening not to let them out until they \"do it\" and allow the kids to watch from the outside. And so begins the psychological warfare...",
    "genres" : [ {
      "id" : 18,
      "name" : "Drama"
    } ]
  }, {
    "id" : 80209,
    "title" : "George Harrison - The Quiet one",
    "overview" : "This release documents the remarkable life of George Harrison. By turns spiritual, darkly funny, and loving father, Harrison was an uncommon man who led an uncommon life. This documentary attempts to present an overview of his many sides.",
    "genres" : [ ]
  }, {
    "id" : 80219,
    "title" : "Homeless to Harvard: The Liz Murray Story",
    "overview" : "Based on a true story. Liz Murray is a young girl who is taken care of by her loving, but drug-addicted parents. Liz becomes homeless at 15 and after a tragedy comes upon her, she begins her work to finish high school.",
    "genres" : [ {
      "id" : 18,
      "name" : "Drama"
    }, {
      "id" : 10770,
      "name" : "TV Movie"
    } ]
  }, {
    "id" : 80224,
    "title" : "Bharathi Kannamma",
    "overview" : "Bharathi Kannama film directed by Cheran. It was well received critically and commercially upon release.The story revolves around Bharathi (Parthiban), a worker for a rich Thevar Zamindar (Vijayakumar). He comes from a lower caste and falls in love with the rich Zamindar's daughter Kannamma (Meena).",
    "genres" : [ {
      "id" : 18,
      "name" : "Drama"
    } ]
  }, {
    "id" : 80229,
    "title" : "Kundakka Mandakka",
    "overview" : "Ilangovan makes plans to marry his sister to a rich man until he learns money is not everything.",
    "genres" : [ {
      "id" : 35,
      "name" : "Comedy"
    }, {
      "id" : 18,
      "name" : "Drama"
    }, {
      "id" : 10751,
      "name" : "Family"
    } ]
  }, {
    "id" : 80234,
    "title" : "Melvilasom",
    "overview" : "The film traces the progress of a court martial of a Dalit soldier, Sawar Ramachandran (Parthiban), who has been accused of killing Capt. Verma and attempting to kill Capt. Kapoor (Krishna Kumar), while on guard duty.",
    "genres" : [ {
      "id" : 18,
      "name" : "Drama"
    } ]
  }, {
    "id" : 80244,
    "title" : "A Very Old Story",
    "overview" : "Based on the famous fairytale \"The Tinderbox\" by Hans Christian Andersen.",
    "genres" : [ {
      "id" : 10751,
      "name" : "Family"
    }, {
      "id" : 14,
      "name" : "Fantasy"
    } ]
  }, {
    "id" : 80249,
    "title" : "Vaada",
    "overview" : "Vaada film Sundar C and Sheryl Brindo in lead. Sundar C is essaying the role of a person who avenges the person who has spoilt his life. Sheryl Pinto acts as an ardent fan of MGR and she feels her husband Sundar C should also be like him. Both of them dance for the song Enakku Needhan MGR Unakku Naan Dhan Saroja Devi.",
    "genres" : [ {
      "id" : 28,
      "name" : "Action"
    }, {
      "id" : 35,
      "name" : "Comedy"
    } ]
  }, {
    "id" : 80254,
    "title" : "Christmas with a Capital C",
    "overview" : "An attorney returns to his small home town in Alaska and quickly rocks the boat by getting an injunction against the nativity display tradition and attacking Christmas.",
    "genres" : [ {
      "id" : 18,
      "name" : "Drama"
    } ]
  }, {
    "id" : 80259,
    "title" : "Submarine Alert",
    "overview" : "Nazi spies use a stolen shortwave transmitter prototype to broadcast top secret shipping info to an offshore Japanese sub. To nab the spy ring, the Government has the West Coast's top radio engineers fired and shadowed to see if the Nazis recruit them to complete work on the prototype radio. Radio engineer Lew Deerhold, a resident alien without a job to pay for his adorable little ward Gina's life-saving operation, falls prey to the spy ring, and is swept up in a maelstrom of deceit and danger.",
    "genres" : [ {
      "id" : 28,
      "name" : "Action"
    }, {
      "id" : 53,
      "name" : "Thriller"
    } ]
  }, {
    "id" : 80264,
    "title" : "The Strange One",
    "overview" : "A military school student develops a destructive power over his fellow cadets.",
    "genres" : [ {
      "id" : 18,
      "name" : "Drama"
    } ]
  }, {
    "id" : 80269,
    "title" : "Yanni: Live at the Acropolis",
    "overview" : "Yanni's concert at The Acropolis (Greece), his home town.",
    "genres" : [ {
      "id" : 99,
      "name" : "Documentary"
    }, {
      "id" : 10402,
      "name" : "Music"
    } ]
  }, {
    "id" : 80274,
    "title" : "Ender's Game",
    "overview" : "Based on the classic novel by Orson Scott Card, Ender's Game is the story of the Earth's most gifted children training to defend their homeplanet in the space wars of the future.",
    "genres" : [ {
      "id" : 878,
      "name" : "Science Fiction"
    }, {
      "id" : 28,
      "name" : "Action"
    }, {
      "id" : 12,
      "name" : "Adventure"
    } ]
  }, {
    "id" : 80279,
    "title" : "Blind Alley",
    "overview" : "A serial killer traps and taunts a young dancer inside a laundromat that located down an isolated alley.",
    "genres" : [ {
      "id" : 28,
      "name" : "Action"
    }, {
      "id" : 27,
      "name" : "Horror"
    }, {
      "id" : 53,
      "name" : "Thriller"
    } ]
  }, {
    "id" : 80284,
    "title" : "Enlightened blood",
    "overview" : "Six characters narrate their complex existence through his slides from one to another body, to form a network of shared memories and experiences. The need to explain this strange condition connects them via objects, messages and memories.",
    "genres" : [ ]
  }, {
    "id" : 80289,
    "title" : "Introduction to Permaculture Design",
    "overview" : "Geoff Lawton takes you into the world of Permaculture and explains the basic concepts for beginners.",
    "genres" : [ {
      "id" : 99,
      "name" : "Documentary"
    } ]
  }, {
    "id" : 80294,
    "title" : "Suspicious River",
    "overview" : "A young married woman (Parker) sells her body, not just for money, to guests at the motel where she works as a receptionist.",
    "genres" : [ {
      "id" : 18,
      "name" : "Drama"
    } ]
  }, {
    "id" : 80299,
    "title" : "Man on the Train",
    "overview" : "A mysterious criminal rolls into a small town planning to knock off the local bank, assuming it will go off without a hitch. But when he encounters a retired poetry professor, his plans take an unlikely turn. With no place to stay, the professor generously welcomes him into his home. As the two men talk, a bond forms between these two polar opposites, and surprising moments of humor and compassion emerge. As they begin to understand each other more, they each examine the choices they've made in their lives, secretly longing to live the type of lifestyle the other man has lived, based on the desire to escape their own.",
    "genres" : [ {
      "id" : 18,
      "name" : "Drama"
    } ]
  }, {
    "id" : 80304,
    "title" : "Casa De Mi Padre",
    "overview" : "Scheming of a way to save their father's ranch, the Alvarez brothers find themselves in a war with Mexico's most feared drug lord.",
    "genres" : [ {
      "id" : 35,
      "name" : "Comedy"
    }, {
      "id" : 37,
      "name" : "Western"
    } ]
  }, {
    "id" : 80309,
    "title" : "Darfinkar & Donickar: The Movie",
    "overview" : "The movie compiled from the Swedish TV series \"Dårfinkar &amp; dönickar\" aired in 1988",
    "genres" : [ {
      "id" : 10751,
      "name" : "Family"
    } ]
  }, {
    "id" : 80314,
    "title" : "Young Thugs: Nostalgia",
    "overview" : "Nostalgia is Takashi Miike’s favorite film of his considerable body of work. Including biographical elements, Nostalgia centers around the home and school of a young boy, whose family mix the violent and dysfunctional with the comic and the loveable. Though containing elements of the sudden and shocking brutality that many associate with this director, Young Thugs – Nostalgia is more concerned with a child’s moment of leaving the internalized world of fantasy, and passing on eagerly to the next stage of life. A wonderful, touching, startling vision that is uniquely Miike’s.",
    "genres" : [ {
      "id" : 18,
      "name" : "Drama"
    }, {
      "id" : 28,
      "name" : "Action"
    }, {
      "id" : 35,
      "name" : "Comedy"
    }, {
      "id" : 10769,
      "name" : "Foreign"
    } ]
  }, {
    "id" : 80319,
    "title" : "Fuck V.I.P. Extasy",
    "overview" : "",
    "genres" : [ ]
  }, {
    "id" : 80324,
    "title" : "Innocent Sorcerers",
    "overview" : "A young doctor is tired of being sought by women. One night he meets a young girl who all but forces herself into his room where they talk of morals and love. But he loses her when he goes out to see some friends and then rushes madly around the city after her.",
    "genres" : [ {
      "id" : 10749,
      "name" : "Romance"
    }, {
      "id" : 18,
      "name" : "Drama"
    }, {
      "id" : 10402,
      "name" : "Music"
    } ]
  }, {
    "id" : 80329,
    "title" : "The Key Is in the Door",
    "overview" : "",
    "genres" : [ ]
  }, {
    "id" : 80334,
    "title" : "Hide and Go Kill 2",
    "overview" : "When her classmate Ritsuko disappears, her friend Ryoko is desperate to find her. When she discovers that Ritsuko was playing a strange game online of hide and seek, she begins to wonder if it could be related to her disappearance somehow. Ryoko then discovers that the game is more sinister than it appeared at first. It is linked to demonology and the supernatural. Will she be able to get past her fears and superstitions to discover what secrets the game of hide and seek might hold?",
    "genres" : [ {
      "id" : 27,
      "name" : "Horror"
    }, {
      "id" : 53,
      "name" : "Thriller"
    } ]
  }, {
    "id" : 80339,
    "title" : "Star Pilot",
    "overview" : "Aliens from the constellation Hydra crash-land on the island of Sardinia. A prominent scientist, his daughter, several young technicians, and a pair of Oriental spies are taken hostage by the beings so they can use them to repair their spaceship's broken engine. With that done, they take off towards their home planet, taking the earthlings with them. However, the humans attempt to mutiny against their captors, inadvertently sending their tiny spaceship hurtling into the infinite beyond...",
    "genres" : [ {
      "id" : 878,
      "name" : "Science Fiction"
    } ]
  }, {
    "id" : 80344,
    "title" : "Miles Davis: Live from the Montreal Jazz Festival",
    "overview" : "This 1985 performance at the Montreal Jazz Festival captures Miles at one of his peaks in popularity. Throughout his long career, Miles utilized the best in contemporary pop music, and this time he had some uniquely suitable sources; Cyndi Lauper's hit \"Time After Time\" and Michael Jackson's \"Human Nature.\" Combine funk, pop, and the founder of the Birth of the Cool, the result is an elegant restrained restatement of everything Miles Davis. Add in the virtuoso guitarist John Scofield - and the result is a musical treasure.",
    "genres" : [ {
      "id" : 10402,
      "name" : "Music"
    } ]
  }, {
    "id" : 80349,
    "title" : "Stranger in My Bed",
    "overview" : "To escape her abusive spouse, Sarah fakes her own death and flees. Seems like a good plan, right? Sadly, it doesn't take her estranged husband long to get wise and hunt her down. This game between them will turn deadly and it looks like only one will survive.",
    "genres" : [ {
      "id" : 10770,
      "name" : "TV Movie"
    }, {
      "id" : 53,
      "name" : "Thriller"
    }, {
      "id" : 80,
      "name" : "Crime"
    }, {
      "id" : 9648,
      "name" : "Mystery"
    } ]
  }, {
    "id" : 80354,
    "title" : "Death Dowry",
    "overview" : "",
    "genres" : [ ]
  }, {
    "id" : 80364,
    "title" : "Easy Living",
    "overview" : "J.B. Ball, a rich financier, gets fed up with his free-spending family. He takes his wife's just-bought (very expensive) sable coat and throws it out the window, it lands on poor hard-working girl Mary Smith. But it isn't so easy to just give away something so valuable, as he soon learns.",
    "genres" : [ {
      "id" : 35,
      "name" : "Comedy"
    }, {
      "id" : 10749,
      "name" : "Romance"
    } ]
  }, {
    "id" : 80369,
    "title" : "One for the Road",
    "overview" : "One for the Road is a ski film following some of the world's most progressive snow sports athletes, documenting their lives on the road, and capturing some of the most stunning riding to date. Road trips are an integral part of every adventurer's life and a conduit to define one's being. Journeys to new lands shed light on each skier's personal mission. Whether shredding with long time ski partners, or meeting a seasoned character in some far off country, wisdom is gained through these new experiences. The road trip is a metaphor for every skier's existence.",
    "genres" : [ {
      "id" : 99,
      "name" : "Documentary"
    } ]
  }, {
    "id" : 80374,
    "title" : "Toto and the King of Rome",
    "overview" : "",
    "genres" : [ {
      "id" : 35,
      "name" : "Comedy"
    } ]
  } ]
}