{
  "movies" : [ {
    "id" : 344809,
    "title" : "Cum Craving Teens",
    "overview" : "100% Hardcore Filth! Packed with ball draining action!",
    "genres" : [ ]
  }, {
    "id" : 344814,
    "title" : "Gjensyn med jungelfolket",
    "overview" : "Per Høst is known as a cinematographer, explorer, zoologist and author. He has collected material for this film from 3 expeditions to Panama and Colombia in South America.",
    "genres" : [ ]
  }, {
    "id" : 344824,
    "title" : "I Ring Doorbells",
    "overview" : "Set at a major newspaper, this crime drama centers on a fellow who returns to newspaper reporting after he bombs as a playwright. Believing his grown son is in danger of marrying a gold digger, the paper's publisher assigns his new reporter to expose her.",
    "genres" : [ {
      "id" : 9648,
      "name" : "Mystery"
    } ]
  }, {
    "id" : 344829,
    "title" : "It Takes a Village",
    "overview" : "While a city still heals in the wake of a storm, a little boy discovers how to be a Little Man.",
    "genres" : [ {
      "id" : 18,
      "name" : "Drama"
    } ]
  }, {
    "id" : 344834,
    "title" : "Collective Marriage",
    "overview" : "A married couple is having sexual difficulties. The husband acquiesces in his wife's having a lover who visits her every Friday. The lover participates in a collective living arrangement, where sex as well as household chores are shared. Thinking that they will benefit from a similar scheme, the couple starts their own collective. However, the wife dislikes it when her husband begins to spend time with a younger woman in the collective, and the collective frowns on her having an outside relationship (her Friday lover).",
    "genres" : [ {
      "id" : 18,
      "name" : "Drama"
    } ]
  }, {
    "id" : 344839,
    "title" : "No One Is Innocent : Siempre de Suerte",
    "overview" : "Siempre de Suerte est le premier concert en DVD de No One Is Innocent, Groupe de rock français.",
    "genres" : [ {
      "id" : 10402,
      "name" : "Music"
    } ]
  }, {
    "id" : 344844,
    "title" : "Snow Child",
    "overview" : "Games and precautions in winter from the perspective of a child.",
    "genres" : [ {
      "id" : 16,
      "name" : "Animation"
    } ]
  }, {
    "id" : 344849,
    "title" : "The Shop",
    "overview" : "When Shawn Wyatt (Jonathan Andre) inheirits a 1966 Mustang from his uncle, things go crazy when he finds a crazy amount of diamonds stashed in the engine. He and his close friend Rob (Le\"Dre Turner) end up on a wild ride after a local hustler spills info about the diamonds to the local hoods. Unknowing that the original thieves are on the hunt for them. Starring Tiffany \"New York\" Pollard of MTV's Flava of Love and I Love New York as the sassy \"Kiana\"",
    "genres" : [ ]
  }, {
    "id" : 344854,
    "title" : "The Pack",
    "overview" : "Man’s best friend becomes his worst nightmare when a horde of bloodthirsty wild dogs descends upon a family’s farmhouse in a fang-bearing fight for survival.",
    "genres" : [ {
      "id" : 53,
      "name" : "Thriller"
    }, {
      "id" : 27,
      "name" : "Horror"
    } ]
  }, {
    "id" : 344859,
    "title" : "Lise et André",
    "overview" : "",
    "genres" : [ {
      "id" : 18,
      "name" : "Drama"
    }, {
      "id" : 35,
      "name" : "Comedy"
    } ]
  }, {
    "id" : 344864,
    "title" : "Breach of Conduct",
    "overview" : "",
    "genres" : [ {
      "id" : 53,
      "name" : "Thriller"
    } ]
  }, {
    "id" : 344869,
    "title" : "Lee & Cindy C.",
    "overview" : "A romantic comedy about love and music.",
    "genres" : [ {
      "id" : 10402,
      "name" : "Music"
    }, {
      "id" : 10749,
      "name" : "Romance"
    }, {
      "id" : 35,
      "name" : "Comedy"
    } ]
  }, {
    "id" : 344874,
    "title" : "L'arbre sous la mer",
    "overview" : "",
    "genres" : [ {
      "id" : 18,
      "name" : "Drama"
    } ]
  }, {
    "id" : 344879,
    "title" : "Plastic",
    "overview" : "A celebrated Beverly Hills plastic surgeon risks everything to uncover the truth behind a crime, the disfigurement of an international pop star",
    "genres" : [ ]
  }, {
    "id" : 344884,
    "title" : "The Silk Road",
    "overview" : "The NHK Tokushu and China's CCTV documentary series The Silk Road began on April 7, 1980. The program started with the memorable scene of a camel caravan crossing the desert against the setting sun, with Kitaro's music and a sense of timelessness. It was the start of an epic televisual poem.  The first journey described in the series began in Chang'an (now Xi'an), at the eastern end of the ancient route. On 450,000 feet of film, the NHK crew recorded the path westward to the Pamir Heights at the Pakistan border and this material was edited to make 12 monthly broadcasts. In response to viewers' requests that the series be extended to cover the Silk Road all the way to Rome, sequels were made over the next 10 years. Seventeen years after the program was conceived, the project was completed.",
    "genres" : [ {
      "id" : 99,
      "name" : "Documentary"
    } ]
  }, {
    "id" : 344889,
    "title" : "Ghost Fighting Corporation",
    "overview" : "So many people came together to make this film happen. Thank you to every single one of them. We both appreciate everything you've done for this project. There aren't many people who would say yes to doing something like this, especially when I said \"I can't pay you very much or at all\" so thanks. Please watch the end for full credits! Everyone deserves a round of applause. Except for Ciaran. Ciaran is fired.",
    "genres" : [ {
      "id" : 35,
      "name" : "Comedy"
    } ]
  }, {
    "id" : 344894,
    "title" : "The Golem",
    "overview" : "French TV adaptation of the Golem myth",
    "genres" : [ {
      "id" : 9648,
      "name" : "Mystery"
    }, {
      "id" : 10770,
      "name" : "TV Movie"
    } ]
  }, {
    "id" : 344899,
    "title" : "Böhse Onkelz - Adios",
    "overview" : "",
    "genres" : [ {
      "id" : 99,
      "name" : "Documentary"
    }, {
      "id" : 10402,
      "name" : "Music"
    } ]
  }, {
    "id" : 344904,
    "title" : "Med kong Olav i Orienten",
    "overview" : "In January 1965 King Olav of Norway traveled to Iran and Thailand with the SAS airplane \"Olav Viking\".",
    "genres" : [ ]
  }, {
    "id" : 344909,
    "title" : "KristoBall",
    "overview" : "Kristoball can be seen as a unique expression of the time; 1960 heading towards 1968 - individuality and playful modernism, the Vietnam war and awakening political consciousness.",
    "genres" : [ {
      "id" : 18,
      "name" : "Drama"
    } ]
  }, {
    "id" : 344914,
    "title" : "Three Portrait Sketches",
    "overview" : "The three portrait sketches of the title are called 'Claudia', 'Fernando Birri' and 'Saulat Rahman'. Presumably made when Margaret Tait was a student at the Centro Sperimentale di Cinematographia, Rome.",
    "genres" : [ {
      "id" : 36,
      "name" : "History"
    }, {
      "id" : 99,
      "name" : "Documentary"
    } ]
  }, {
    "id" : 344919,
    "title" : "The Barrier of Uncertainty",
    "overview" : "The beautiful woman and the brave man disembark the train at the tiny station in the desert. He is the test pilot of the hypersonic nuclear-powered plane called Cyclone, and she is the physicist studying the strange phenomenon encountered by the first flier of the Cyclone jet, named Kazantsev.",
    "genres" : [ {
      "id" : 18,
      "name" : "Drama"
    }, {
      "id" : 878,
      "name" : "Science Fiction"
    } ]
  }, {
    "id" : 344924,
    "title" : "Zwisch!",
    "overview" : "Sivertsen has produced and animated a number of short animations since the early 1980s and since 1990 in his own company AnimaThorFilm. He has his work base in Nord-Trøndelag, where he works with advertising and short films, both digital and analogue. Zwish! is a character animation that also represented a timely celebration of the animated film inevitably not only synonymous with 'children's film'.",
    "genres" : [ ]
  }, {
    "id" : 344929,
    "title" : "Løkki Straik",
    "overview" : "About underwear and unrequited love in 1952.",
    "genres" : [ ]
  }, {
    "id" : 344934,
    "title" : "The Borrowed Face",
    "overview" : "It is the 1930s. Physician Bartos devotedly attends poor patients in the city suburbs, at the same time researching the possibilities of regeneration of human tissues after transplantation. His former colleague Rosen, now working as an assistant at the private clinic of surgeon Kirchenbruch, considers the research a mere utopia. The disappointed Bartos, trying to verify his theories, therefore accepts the outrageous proposal of Marion, owner of a brothel - to surgically replace the face of her lover, the wanted thief Cutter, with the face of murdered Father Hopsasa. Bartos is well paid but his successful operation remains a secret.",
    "genres" : [ {
      "id" : 35,
      "name" : "Comedy"
    }, {
      "id" : 878,
      "name" : "Science Fiction"
    } ]
  }, {
    "id" : 344939,
    "title" : "Mangiacake",
    "overview" : "Sisters begin to fight when they move back home with their parents.",
    "genres" : [ ]
  }, {
    "id" : 344944,
    "title" : "Depeche Mode - Playing the Angel",
    "overview" : "",
    "genres" : [ {
      "id" : 10402,
      "name" : "Music"
    } ]
  }, {
    "id" : 344949,
    "title" : "Blink",
    "overview" : "Flicker: White and black alternating frames.",
    "genres" : [ ]
  }, {
    "id" : 344954,
    "title" : "Slečna Golem",
    "overview" : "",
    "genres" : [ {
      "id" : 878,
      "name" : "Science Fiction"
    }, {
      "id" : 35,
      "name" : "Comedy"
    } ]
  }, {
    "id" : 344959,
    "title" : "Prátelé Bermudského trojúhelníku",
    "overview" : "",
    "genres" : [ {
      "id" : 9648,
      "name" : "Mystery"
    }, {
      "id" : 878,
      "name" : "Science Fiction"
    }, {
      "id" : 35,
      "name" : "Comedy"
    } ]
  }, {
    "id" : 344964,
    "title" : "Trace #22",
    "overview" : "Begins with a picture of Marilyn Monroe, then shifts to a female body, shot from belly button down, which is wriggling under piles of cellophane.",
    "genres" : [ ]
  }, {
    "id" : 344969,
    "title" : "Looking for Maria",
    "overview" : "A short, but also semi-documentary, that goes behind the story of the Colombian classic, \"María (1922)\" of M. Calvo y A. del Diestro.",
    "genres" : [ {
      "id" : 99,
      "name" : "Documentary"
    } ]
  }, {
    "id" : 344974,
    "title" : "One",
    "overview" : "High speed camera 2000fr/sec. match striking fire.",
    "genres" : [ ]
  }, {
    "id" : 344979,
    "title" : "How Ana Bought the Bread",
    "overview" : "A girl goes to buy bread...",
    "genres" : [ {
      "id" : 35,
      "name" : "Comedy"
    }, {
      "id" : 16,
      "name" : "Animation"
    } ]
  }, {
    "id" : 344984,
    "title" : "Brännvin i kikar'n",
    "overview" : "",
    "genres" : [ {
      "id" : 35,
      "name" : "Comedy"
    } ]
  }, {
    "id" : 344989,
    "title" : "Rawhide Mail",
    "overview" : "Reed breaks up the first attempted gold robbery. When the outlaws next attempt is successful, Reed is jailed as the suspect. Escaping from jail, he knows who to look for.",
    "genres" : [ {
      "id" : 37,
      "name" : "Western"
    } ]
  }, {
    "id" : 344994,
    "title" : "Smoke Tree Range",
    "overview" : "",
    "genres" : [ {
      "id" : 37,
      "name" : "Western"
    } ]
  }, {
    "id" : 344999,
    "title" : "Paprika",
    "overview" : "",
    "genres" : [ ]
  }, {
    "id" : 345004,
    "title" : "Eizo Sakushin Shu Vol.1",
    "overview" : "Eizo Sakuhinshu Vol. 1 ( Eizo Sakuhinshu ikkan, collective reflection on works volume 1) is the first video release by Japanese rock band ASIAN KUNG-FU GENERATION, released on November 26, 2004 by Ki/oon Records. It is a compilation of the music videos for all singles from \"Haruka Kanata\" to \"Kimi no Machi Made,\" including the never before seen clip of \"Siren.\" The video also contains audio commentary for each song, a making-of featurette, and live footage from their concerts.  All tracks by ASIAN KUNG-FU GENERATION  Music videos  \"Haruka Kanata\"  \"Mirai no Kakera\"  \"Kimi to Iu Hana\"  \"Siren\"  \"Siren\"  \"Loop &amp; Loop\"  \"Rewrite\"  \"Kimi no Machi Made\"  Bonus  Summer concerts footage  Making-of featurette  TV Spots",
    "genres" : [ ]
  }, {
    "id" : 345009,
    "title" : "Mine",
    "overview" : "After a failed assassination attempt, a soldier finds himself stranded in the desert. Exposed to the elements, he must survive the dangers of the desert and battle the psychological and physical toll of the treacherous conditions.",
    "genres" : [ {
      "id" : 53,
      "name" : "Thriller"
    }, {
      "id" : 10752,
      "name" : "War"
    } ]
  }, {
    "id" : 345014,
    "title" : "Callgirl",
    "overview" : "A family drama based in the 1960s.",
    "genres" : [ ]
  }, {
    "id" : 345019,
    "title" : "Las tres magnificas",
    "overview" : "Small-town priest invites his three rambunctious nieces to visit him.",
    "genres" : [ ]
  }, {
    "id" : 345024,
    "title" : "Lukten av mann",
    "overview" : "The old caretaker inaugurates four boys in secondary school with a bang! Those who believe that all it takes is soap, deodorant, water and aftershave, do not know what a man should smell.",
    "genres" : [ ]
  }, {
    "id" : 345029,
    "title" : "You and Me",
    "overview" : "The daily lives of two women in Santo Domingo, a white widow in her seventies and her young Afro-Caribbean maid, as they struggle to keep the house clean, the meat seasoned, and the soap opera on TV, without killing each other by the end of day.",
    "genres" : [ {
      "id" : 35,
      "name" : "Comedy"
    }, {
      "id" : 18,
      "name" : "Drama"
    }, {
      "id" : 99,
      "name" : "Documentary"
    } ]
  }, {
    "id" : 345034,
    "title" : "In Transit",
    "overview" : "Two girls meet in an airport. They're taking different planes - to meet their respective dads. They're blasé travellers and pretty fed up with being treated as \"air parcels\". On the spot they make a quick decision.",
    "genres" : [ ]
  }, {
    "id" : 345039,
    "title" : "Digre daier",
    "overview" : "The class receives a substitute female gym teacher with the world's most delicious bouncing breasts. After the class, the boys spy through a keyhole. The smallest of the boys, Marius, is bullied into going for a closer look to examine the \"goods\".",
    "genres" : [ ]
  }, {
    "id" : 345044,
    "title" : "A List",
    "overview" : "These A-Listers deliver the hottest anal action! Watch five, sexy, sex sluts getting their holes pounded! Every scene includes hard-core anal and a scorching facial!",
    "genres" : [ ]
  }, {
    "id" : 345049,
    "title" : "Mis-Takes",
    "overview" : "A colorful collage, with a subtle ecology theme, made largely from footage from trial runs of programs used for many of the other films.",
    "genres" : [ {
      "id" : 16,
      "name" : "Animation"
    } ]
  }, {
    "id" : 345054,
    "title" : "Double Daddy",
    "overview" : "A teen's life turns upside down when her boyfriend impregnates both her and a new student at school.",
    "genres" : [ {
      "id" : 53,
      "name" : "Thriller"
    } ]
  }, {
    "id" : 345059,
    "title" : "Atlantic",
    "overview" : "Two sisters chat on internet: Fernanda had stayed in Brazil, where she had taken care of her father until his death, while Mariana had immigrated to United Kingdom and suffers for not being there.",
    "genres" : [ {
      "id" : 99,
      "name" : "Documentary"
    } ]
  }, {
    "id" : 345064,
    "title" : "Delicious Bump Tour in USA",
    "overview" : "the pillows - \"LITTLE BUSTERS\"\r the pillows - \"Freebee Honey\"\r the pillows - \"I think I can\"\r the pillows - \"Terminal Heaven's Rock\" (ターミナル・ヘヴンズ・ロック)\r the pillows - \"Blues Drive Monster\"\r the pillows - \"Ride on shooting star\"\r the pillows - \"Dead Stock Paradise\"\r the pillows - \"STALKER\"\r the pillows - \"Instant Music\" (インスタント ミュージック)\r the pillows - \"LAST DINOSAUR\"\r the pillows - \"Carnival\" (カーニバル)\r the pillows - \"HYBRID RAINBOW\" (ハイブリッド レインボウ)\r the pillows - \"RUNNERS HIGH\"\r the pillows - \"ONE LIFE\"\r the pillows - \"Swanky Street\"\r the pillows - \"Advice\"\r the pillows - \"Funny Bunny\"\r noodles - \"Blush Timpani\"\r noodles - \"Bound lily\"",
    "genres" : [ ]
  }, {
    "id" : 345069,
    "title" : "Crush the Skull",
    "overview" : "A couple of master thieves find themselves trapped within a house they intended to rob, only to discover they've inadvertently wandered into the lair of a deranged serial killer.",
    "genres" : [ {
      "id" : 53,
      "name" : "Thriller"
    }, {
      "id" : 35,
      "name" : "Comedy"
    }, {
      "id" : 27,
      "name" : "Horror"
    } ]
  }, {
    "id" : 345074,
    "title" : "Afraid to Love",
    "overview" : "A woman discovers that her new boyfriend is a psycho killer.",
    "genres" : [ ]
  }, {
    "id" : 345079,
    "title" : "Just Because You're Grown-Up",
    "overview" : "",
    "genres" : [ {
      "id" : 878,
      "name" : "Science Fiction"
    }, {
      "id" : 10751,
      "name" : "Family"
    }, {
      "id" : 35,
      "name" : "Comedy"
    } ]
  }, {
    "id" : 345084,
    "title" : "Behind the Plain",
    "overview" : "A musician's brother's girlfriend is found dead, but is the brother or the sister to blame?",
    "genres" : [ ]
  }, {
    "id" : 345089,
    "title" : "Instinct",
    "overview" : "Giallo about a woman who rents a house where a murder occurred, and begins an affair with a gigolo who also seduced her sister.",
    "genres" : [ {
      "id" : 53,
      "name" : "Thriller"
    } ]
  }, {
    "id" : 345094,
    "title" : "Compulsion to Move - Zugzwang",
    "overview" : "Surreal giallo about a delusional student who thinks he's discovered the identity of a serial killer.",
    "genres" : [ ]
  }, {
    "id" : 345099,
    "title" : "Prisoners of a Nightmare",
    "overview" : "A group of teenagers in a coastal house are terrorised by a hooded killer.",
    "genres" : [ ]
  }, {
    "id" : 345104,
    "title" : "The Serpent's Fang",
    "overview" : "Early, proto giallo set in a boarding house for girls.",
    "genres" : [ ]
  }, {
    "id" : 345109,
    "title" : "Executor 977",
    "overview" : "",
    "genres" : [ {
      "id" : 878,
      "name" : "Science Fiction"
    } ]
  }, {
    "id" : 345114,
    "title" : "Twisted",
    "overview" : "A psychological thriller about psychically linked, depressed siblings.",
    "genres" : [ {
      "id" : 18,
      "name" : "Drama"
    }, {
      "id" : 9648,
      "name" : "Mystery"
    }, {
      "id" : 53,
      "name" : "Thriller"
    } ]
  }, {
    "id" : 345119,
    "title" : "Sadabahar Brass Band",
    "overview" : "A dilapidated building is marked for demolotion. The building houses a working class wedding band, who reunite to spend the final moments together before their beloved place turns into shambles.",
    "genres" : [ ]
  }, {
    "id" : 345124,
    "title" : "Streak of Luck",
    "overview" : "Polosa vezeniya (literally) 'Streak of Luck' is the fifth film in a Mosfilm \"youth\" anthology series and comprises three short stories. The first story, 'Vizit' (The Visit) directed by film maker turned politician Yevgeni Gerasimov tells the story of a rural boy visiting his former village girlfriend, now living in Moscow. Next comes a short film by Aleksandr Majorov called 'Zolotye rybki' (Goldfishes) which is based on a story of a magical goldfish brought from a provincial pet store by the late Russian historian and science-fiction and fantasy writer Kir Bulychyov. The final segment and the title of the film, 'Polosa vezeniya' (Streak of Luck) tells the story of a member of staff at a research institute who is offered the job of the department head, but has second thoughts when he discovers the previous boss was unfairly dismissed.",
    "genres" : [ {
      "id" : 14,
      "name" : "Fantasy"
    }, {
      "id" : 878,
      "name" : "Science Fiction"
    }, {
      "id" : 35,
      "name" : "Comedy"
    }, {
      "id" : 18,
      "name" : "Drama"
    } ]
  }, {
    "id" : 345129,
    "title" : "What Price Innocence?",
    "overview" : "A young woman has to pay the price for fooling around with men.",
    "genres" : [ {
      "id" : 18,
      "name" : "Drama"
    } ]
  }, {
    "id" : 345134,
    "title" : "Pri ispolnenii sluzhebnykh obyazannostey",
    "overview" : "",
    "genres" : [ {
      "id" : 18,
      "name" : "Drama"
    }, {
      "id" : 878,
      "name" : "Science Fiction"
    } ]
  }, {
    "id" : 345139,
    "title" : "Homeland: Iraq Year Zero",
    "overview" : "Chronicles of everyday life in Iraq before and after the U.S. invasion.",
    "genres" : [ {
      "id" : 99,
      "name" : "Documentary"
    } ]
  }, {
    "id" : 345149,
    "title" : "Another Yeti a Love Story: Life on the Streets",
    "overview" : "After moving to Los Angeles to start anew, Adam, an out of the closet single father of a yeti baby, is dragged into the underground sex trade when his child is kidnapped; Now with the help of his two new friends, a heroin-addicted yeti prostitute and a sexy stripper, they must fight the forces of evil to save the world.",
    "genres" : [ {
      "id" : 35,
      "name" : "Comedy"
    }, {
      "id" : 27,
      "name" : "Horror"
    } ]
  }, {
    "id" : 345154,
    "title" : "Gamatisme",
    "overview" : "When a new student named Zara moves in to a hostel, strange things start happening to four close friends: Haris, Daniel, Reen and Jojo. Zara turns out to be a rape victim who leads a traumatic life after aborting the baby she ended up carrying as an aftermath of the assault. Trying to start a new lease on life, she enrolls in college and lives on campus. The four friends are experiencing what Zara experiences too; all the paranormal activities and disturbances. But most disturbing for Zara is the pregnant woman who haunts her.",
    "genres" : [ {
      "id" : 27,
      "name" : "Horror"
    } ]
  }, {
    "id" : 345159,
    "title" : "Nova Science Now: How Does The Brain Work?",
    "overview" : "Astrophysicist Neil deGrasse Tyson takes viewers on a head trip, examining questions about how the brain works in this NOVA special. Tyson visits with Penn Jillette and Teller to examine magic and the mind. Elsewhere, he explores the work of synesthesia researcher and neuroscientist David Eagleman, posing questions like, \"What exactly is artificial intelligence?\" and \"How can the mind be controlled by magnets?\"",
    "genres" : [ ]
  }, {
    "id" : 345164,
    "title" : "Emmanuelle Through Time: Emmanuelle's Sexy Bite",
    "overview" : "Time-traveling Emmanuelle and her crew wind up in a world of lusty vampires who want to make their fantasies come true in this blistering erotic fantasy. Brittany Joy, Russia Hardy, Harper Issacs and Seth Gamble star. Emmanuelle and her crew travel back in time to Romania to find a place where erotic vampires exist...",
    "genres" : [ {
      "id" : 35,
      "name" : "Comedy"
    }, {
      "id" : 14,
      "name" : "Fantasy"
    }, {
      "id" : 27,
      "name" : "Horror"
    } ]
  }, {
    "id" : 345169,
    "title" : "Taksu",
    "overview" : "Chihiro is depressed and obsessed with his own mortality. Him and his wife, Yuri (Yoko Mitsuya), decide to take a trip to Bali, Indonesia to see his pregnant sister, Kumi (Kiki Sugino). They hope the trip can bring about change.",
    "genres" : [ {
      "id" : 18,
      "name" : "Drama"
    } ]
  }, {
    "id" : 345174,
    "title" : "Teeny Party",
    "overview" : "",
    "genres" : [ ]
  }, {
    "id" : 345179,
    "title" : "Pleins feux sur un voyeur",
    "overview" : "",
    "genres" : [ ]
  }, {
    "id" : 345184,
    "title" : "Plainsong",
    "overview" : "Based on the diary of Sara Charity Karker. In 1874 three young women set off for Nebraska in search of fun, idealism and family ties. Over the next 12 years the harshness of the frontier, the lawlessness, work, illness and childbirth, wreak havoc in their lives.",
    "genres" : [ ]
  }, {
    "id" : 345189,
    "title" : "Rear View",
    "overview" : "Kristina Rose: back in black! Ally Kay: a great view anyway you turn her! Jenna Presley: she's got bubbles on both ends! Phoenix Marie: room with a view! Caroline Pierce is thick & juicy from start to finish! Amber & Briana: one for lickin and one for stickin!",
    "genres" : [ ]
  }, {
    "id" : 345199,
    "title" : "Spring Comes to Kashmir",
    "overview" : "A short film that captures the arrival of spring in the Kashmir valley.",
    "genres" : [ {
      "id" : 99,
      "name" : "Documentary"
    } ]
  }, {
    "id" : 345204,
    "title" : "Chums",
    "overview" : "A poor old man is forced to sell his grandchild's terrier, but it returns. A short film.",
    "genres" : [ ]
  }, {
    "id" : 345209,
    "title" : "Code of the Yukon",
    "overview" : "A man fights for this life in the Canadian Northwest.",
    "genres" : [ ]
  }, {
    "id" : 345214,
    "title" : "Courage of Wolfheart",
    "overview" : "Silent western starring Wolfheart the dog.",
    "genres" : [ ]
  }, {
    "id" : 345219,
    "title" : "Cyclone of the Range",
    "overview" : "A cowboy searches for the man who killed his brother.",
    "genres" : [ ]
  }, {
    "id" : 345224,
    "title" : "Keep in Touch",
    "overview" : "After a major crisis, a man attempts to track down his long-lost first love, only to discover that she was killed in a car accident many years prior. His online search leads him to her younger sister, an aspiring musician who bears a striking resemblance to the girl he used to love. Quickly becoming obsessed, he arranges a not-so-chance meeting and a relationship blossoms between the two before he has a chance to disclose his true identity.",
    "genres" : [ {
      "id" : 35,
      "name" : "Comedy"
    }, {
      "id" : 18,
      "name" : "Drama"
    }, {
      "id" : 10749,
      "name" : "Romance"
    } ]
  }, {
    "id" : 345229,
    "title" : "Veddemålet",
    "overview" : "Two boys observing a church make a light-hearted bet about the cars coming to a ceremony.",
    "genres" : [ ]
  }, {
    "id" : 345234,
    "title" : "Aldri mer hverdag",
    "overview" : "Mother and father are divorced. Now it's Dad's Weekend. A short film about the relationship between a weekend dad and his 10 year old daughter.",
    "genres" : [ ]
  }, {
    "id" : 345239,
    "title" : "Bezludna planeta",
    "overview" : "",
    "genres" : [ {
      "id" : 16,
      "name" : "Animation"
    }, {
      "id" : 878,
      "name" : "Science Fiction"
    } ]
  }, {
    "id" : 345244,
    "title" : "Anolit",
    "overview" : "A circling roadmovie told from the back seat of a styled BMW.",
    "genres" : [ {
      "id" : 18,
      "name" : "Drama"
    } ]
  }, {
    "id" : 345249,
    "title" : "Muzykalnye igry",
    "overview" : "",
    "genres" : [ {
      "id" : 35,
      "name" : "Comedy"
    }, {
      "id" : 10770,
      "name" : "TV Movie"
    }, {
      "id" : 878,
      "name" : "Science Fiction"
    } ]
  }, {
    "id" : 345254,
    "title" : "Kiedys",
    "overview" : "",
    "genres" : [ {
      "id" : 878,
      "name" : "Science Fiction"
    } ]
  }, {
    "id" : 345259,
    "title" : "Les Chaises musicales",
    "overview" : "",
    "genres" : [ {
      "id" : 18,
      "name" : "Drama"
    }, {
      "id" : 35,
      "name" : "Comedy"
    } ]
  }, {
    "id" : 345264,
    "title" : "Kroppen min",
    "overview" : "A short documentary about a filmmaker's life and her relationship with her body.",
    "genres" : [ {
      "id" : 99,
      "name" : "Documentary"
    } ]
  }, {
    "id" : 345269,
    "title" : "Soundtrack",
    "overview" : "",
    "genres" : [ {
      "id" : 53,
      "name" : "Thriller"
    } ]
  }, {
    "id" : 345274,
    "title" : "Glimt",
    "overview" : "A beautiful teacher and some devious boys are all it takes to make life fun!",
    "genres" : [ ]
  }, {
    "id" : 345279,
    "title" : "The Story of Love",
    "overview" : "",
    "genres" : [ {
      "id" : 10749,
      "name" : "Romance"
    }, {
      "id" : 878,
      "name" : "Science Fiction"
    }, {
      "id" : 10751,
      "name" : "Family"
    } ]
  }, {
    "id" : 345284,
    "title" : "A Man of No Importance",
    "overview" : "A young filmmaker wraps his body with his own script to set fire to it. A hasty note to film bureaucracy.",
    "genres" : [ ]
  }, {
    "id" : 345289,
    "title" : "Home Game",
    "overview" : "From their booth, two sports announcers, Thomas and Rune, take us to the bedroom of Stian, on Park Street in Olso, where the big question is, can Stian rouse himself from sleep and get to work on time.",
    "genres" : [ ]
  }, {
    "id" : 345294,
    "title" : "Lekeplassen",
    "overview" : "A father and a mother, both workaholic, suddenly realise their son is a bit different than they could remember.",
    "genres" : [ ]
  }, {
    "id" : 345299,
    "title" : "Tokyo Express",
    "overview" : "On one of his regular guided tours, the bus driver Tormod (45), discovers that his long time associate Kaare has moved in with Tormod's newly separated wife. Deeply depressed and furious to the brink of insanity, Tormod kicks the bus in gear and gives his Japanese passengers and their translator Marit, a tour through the Norwegian countryside they'll never forget. A little piece of Norway, a huge throbbing chunk of heart.",
    "genres" : [ ]
  }, {
    "id" : 345304,
    "title" : "Panther Martin",
    "overview" : "A weekend dad goes fishing with his 8 year old son. He has been absent for much of his son's life. Now he caught in a small rowboat and confronted with the choice he has made in life.",
    "genres" : [ ]
  }, {
    "id" : 345309,
    "title" : "Fly",
    "overview" : "Dima, a petty criminal, is in constant fear of his imminent deportation from Germany.This fear he compensated by carelessness. As he meets one day Sarah, who is working on a documentary about young foreigners, he becomes the main subject of the film. Sarah offers him shelter in her loft, and the two of them get emotionally tied up.",
    "genres" : [ {
      "id" : 18,
      "name" : "Drama"
    } ]
  }, {
    "id" : 345314,
    "title" : "Up the River",
    "overview" : "",
    "genres" : [ ]
  }, {
    "id" : 345319,
    "title" : "Solitude",
    "overview" : "When his routine is broken the old man finds himself in true solitude.",
    "genres" : [ ]
  } ]
}