{
  "movies" : [ {
    "id" : 377914,
    "title" : "Kiribati: The President's Dilemma",
    "overview" : "The Pacific islands of Kiribati were among the last places to be colonized by humans. But now, because of rising sea levels, they may be among the first to be abandoned. Should Kiribati President Anote Tong surrender to climate change and evacuate? Can anything be done to help him buy more time?",
    "genres" : [ {
      "id" : 99,
      "name" : "Documentary"
    } ]
  }, {
    "id" : 377919,
    "title" : "Balada z hadrů",
    "overview" : "",
    "genres" : [ {
      "id" : 18,
      "name" : "Drama"
    }, {
      "id" : 35,
      "name" : "Comedy"
    } ]
  }, {
    "id" : 377924,
    "title" : "LRG - 1947",
    "overview" : "The LRG Team's second feature length film is a textbook example of technical skateboarding. Tommy Sandoval, Trent McClung, Chico Brenes, and the rest of the team work their wizardry on ledges, stairs, and new spots the world over.",
    "genres" : [ {
      "id" : 28,
      "name" : "Action"
    }, {
      "id" : 99,
      "name" : "Documentary"
    }, {
      "id" : 10769,
      "name" : "Foreign"
    } ]
  }, {
    "id" : 377929,
    "title" : "Keaton's Cops",
    "overview" : "Avantgarde short based on Buster Keaton's COPS.",
    "genres" : [ ]
  }, {
    "id" : 377934,
    "title" : "Another Occupation",
    "overview" : "Found footage film.",
    "genres" : [ ]
  }, {
    "id" : 377939,
    "title" : "La vita è bella",
    "overview" : "",
    "genres" : [ ]
  }, {
    "id" : 377949,
    "title" : "Jesse Jane Dirty Movies",
    "overview" : "With Jesse and friends learning that homemade films lying around, there's no telling what kind of pleasure is in store...Only Jesse can make something so dirty feel so good.",
    "genres" : [ ]
  }, {
    "id" : 377954,
    "title" : "Hollywood: Le règne des séries",
    "overview" : "Hollywood makes television.",
    "genres" : [ {
      "id" : 99,
      "name" : "Documentary"
    } ]
  }, {
    "id" : 377959,
    "title" : "Antonín Dvořák: Stabat Mater op.58",
    "overview" : "",
    "genres" : [ {
      "id" : 10402,
      "name" : "Music"
    } ]
  }, {
    "id" : 377964,
    "title" : "Huge Nipples, Huge Tits #13",
    "overview" : "Girls with fantastic tits sucking and getting fucked! Massive mammaries getting doused with cum.",
    "genres" : [ ]
  }, {
    "id" : 377969,
    "title" : "A Bite of China Celebrating the Chinese New Year",
    "overview" : "This movie explores the history, traditions and culture of Chinese New Year food.",
    "genres" : [ ]
  }, {
    "id" : 377974,
    "title" : "Doctor Who: Lost in the Dark Dimension",
    "overview" : "The future? The Earth is dying under the onslaught of industry, the polar caps are melting, the ozone layer is nearly destroyed... To save the planet, the Doctor must overcome the combined forces of some of the most feared of his old adversaries. But he must also confront a far greater enemy - one that has already reverted him to his Fourth Incarnation - in order to save both the past and future Doctors before they are taken out of time and cease to exist.",
    "genres" : [ {
      "id" : 878,
      "name" : "Science Fiction"
    }, {
      "id" : 16,
      "name" : "Animation"
    } ]
  }, {
    "id" : 377979,
    "title" : "The Anniversary",
    "overview" : "Written, shot and edited in just 48 hours, this film had to be in the Detective/cop genre; it had to include the line of dialogue \"Look at what you just did, you...\" as well as a character named Mr or Mrs Anderson, President; and had to include the mandatory prop of a set of BBQ tongs! The film was shot on location at the Pearl's Centre, Singapore.",
    "genres" : [ {
      "id" : 27,
      "name" : "Horror"
    } ]
  }, {
    "id" : 377999,
    "title" : "Looking for Rio",
    "overview" : "",
    "genres" : [ {
      "id" : 99,
      "name" : "Documentary"
    } ]
  }, {
    "id" : 378009,
    "title" : "La Gioconda",
    "overview" : "Live performance from Wiener Staatsoper some time in 1986. Ádám Fischer conducting Chor und Orchester der Wiener Staatsoper. Stage director Filippo Sanjust.",
    "genres" : [ {
      "id" : 10402,
      "name" : "Music"
    } ]
  }, {
    "id" : 378014,
    "title" : "Spirit Love",
    "overview" : "Ginny is a beautiful but very brittle singing star who agrees to be the face of a new hotel and a new drink. But she is tortured by the suicide of her lover the previous year. Soon, Ginny is found dead, hanging in her bathroom. The company directors panic and try to cover up. But Ginny's ghost obligingly reappears, and directs a junior staff member to a house in the country where a lookalike replacement can be found. Now, if they can only figure out a way of feeding Ginny's ashes to the double, they'll have her under their control....",
    "genres" : [ {
      "id" : 27,
      "name" : "Horror"
    } ]
  }, {
    "id" : 378024,
    "title" : "Whiskey: The Movie",
    "overview" : "In the beginning skate and snowboard videos were, for the most part, simple displays of talent. The Whiskey videos changed all that. No it wasn't because of flashy editing, top industry pros, or huge production budgets. These videos were made by a couple of third rate pros. All they had were a few shitty cameras and enough gas money to get to Whistler.",
    "genres" : [ ]
  }, {
    "id" : 378029,
    "title" : "Friend Request",
    "overview" : "A team of two detectives is tasked with apprehending a crazed, online psycho who tracks down and lures victims via a popular social media site.",
    "genres" : [ {
      "id" : 53,
      "name" : "Thriller"
    } ]
  }, {
    "id" : 378034,
    "title" : "L'occhio è per così dire l'evoluzione biologica di una lacrima e autoritratto Auschwitz",
    "overview" : "In the film we find some scrap of slow motion they see a Monica Vitti trying to cry, a meeting between Antonioni and Grifi, a film shot in the concentration camp of Auschwitz with a survivor who recounts those awful moments, a glimpse of Palestine today, Grifi's reflections on the prison.",
    "genres" : [ {
      "id" : 99,
      "name" : "Documentary"
    } ]
  }, {
    "id" : 378039,
    "title" : "Malaventura",
    "overview" : "An intrigue based on a failed relationship with touches of dreams and magic filmed on the streets of Seville.",
    "genres" : [ ]
  }, {
    "id" : 378044,
    "title" : "Jermaine Fowler: Give'em Hell Kid",
    "overview" : "Jermaine Former performs live from the DC Improv. Features interviews with family and friends.",
    "genres" : [ {
      "id" : 35,
      "name" : "Comedy"
    } ]
  }, {
    "id" : 378049,
    "title" : "Project Gemini: A Bold Leap Forward",
    "overview" : "In the mid-1960's, after the success of Project Mercury, the need to master long-duration missions and extravehicular activity resulted in Project Gemini, which provided the seasoning in men and machines that led to the first American spacewalk... and paved the way for ultimate victory in the race to the Moon. This 3-disc set chronicles America's bold new program with comprehensive footage from the film and videotape records of Project Gemini. Includes original Project Gemini documentary, complete 16mm onboard film from all the flights, footage from each mission preparation, launch and recovery. With rare bonus footage of the Gemini spacecraft, Titan launch vehicle, crew training activities and more. Runtime is over 6 hours. NOTE: Some of the tracks do not contain audio.",
    "genres" : [ {
      "id" : 99,
      "name" : "Documentary"
    } ]
  }, {
    "id" : 378054,
    "title" : "Romeo mit grauen Schläfen",
    "overview" : "",
    "genres" : [ {
      "id" : 35,
      "name" : "Comedy"
    } ]
  }, {
    "id" : 378059,
    "title" : "Ms. Liliane",
    "overview" : "In a primary school classroom, teacher Liliane anxiously awaits an important phone call. Her student Mathieu is even more of a disturbance than usual, but after Liliane receives a distressing call from the hospital, Mathieu rallies the students to turn a difficult day for Liliane into a magical one.",
    "genres" : [ {
      "id" : 18,
      "name" : "Drama"
    } ]
  }, {
    "id" : 378064,
    "title" : "A Silent Voice",
    "overview" : "Shouya Ishida starts bullying the new girl in class, Shouko Nishimiya, because she is deaf. But as the teasing continues, the rest of the class starts to turn on Shouya for his lack of compassion. When they leave elementary school, Shouko and Shouya do not speak to each other again... until an older, wiser Shouya, tormented by his past behaviour, decides he must see Shouko once more. He wants to atone for his sins, but is it already too late...?",
    "genres" : [ {
      "id" : 16,
      "name" : "Animation"
    }, {
      "id" : 18,
      "name" : "Drama"
    } ]
  }, {
    "id" : 378074,
    "title" : "Poolman Scores",
    "overview" : "He did his research and learned that the guys who called him for service like to play. It was not long before the fuck party was at full swing. The CEO gets so horny at times.",
    "genres" : [ {
      "id" : 14,
      "name" : "Fantasy"
    } ]
  }, {
    "id" : 378079,
    "title" : "Cola, Colita, Colassa (Oda a Barcelona)",
    "overview" : "",
    "genres" : [ {
      "id" : 99,
      "name" : "Documentary"
    } ]
  }, {
    "id" : 378084,
    "title" : "Chasing",
    "overview" : "Seung-Joo is a CEO and Jung-Taek is a detective. They have known each other for 20 years.\r One night, Seung-Joo loses his cellphone to four male high-school students and Jung-Taek loses his gun to the same high-school students. The cellphone and gun are very valuable to Seung-Joo and Jung-Taek. The two men must get their items back from the high school students.",
    "genres" : [ {
      "id" : 28,
      "name" : "Action"
    }, {
      "id" : 35,
      "name" : "Comedy"
    } ]
  }, {
    "id" : 378089,
    "title" : "Florence and the Uffizi Gallery 3D/4K",
    "overview" : "The first 3D film tour through the wonders of Florence and the Uffizi Gallery.",
    "genres" : [ {
      "id" : 99,
      "name" : "Documentary"
    } ]
  }, {
    "id" : 378094,
    "title" : "Date A Live: Date to Date",
    "overview" : "Bundled with the 9th volume of the original novel, it is the unaired 13th episode of the TV series.",
    "genres" : [ ]
  }, {
    "id" : 378104,
    "title" : "A Carpenter and Children",
    "overview" : "A carpenter, Shigetsugu, learns a lesson of love and humanity from five orphaned children and an affectionate woman named Oritsu.  It's a winning combination of drama and humor. The warm friendship that grows between the carpenter, the woman and the children making this into a true masterpiece.",
    "genres" : [ {
      "id" : 18,
      "name" : "Drama"
    } ]
  }, {
    "id" : 378109,
    "title" : "Il Magnaccio",
    "overview" : "Italian 60's drama about a pimp called Il Principino and his violent and troubled relationship with a prostitute called Laura.",
    "genres" : [ {
      "id" : 18,
      "name" : "Drama"
    } ]
  }, {
    "id" : 378114,
    "title" : "Bitter Honey",
    "overview" : "Akago (Fumi Nikaido) is a red goldfish able to change into a girl. She possesses a pure and sensuous side. She lives with an old male writer (Ren Osugi) whom she calls  “Ojisama.”  One day, the ghost of Yuriko Tamura (Yoko Maki) appears. She is a woman the writer knew in the past.",
    "genres" : [ {
      "id" : 18,
      "name" : "Drama"
    } ]
  }, {
    "id" : 378119,
    "title" : "1.35",
    "overview" : "Short documentary about unbearable distance between two separated lovers.",
    "genres" : [ ]
  }, {
    "id" : 378129,
    "title" : "Thomas & Friends: Percy and the Bandstand",
    "overview" : "You’re invited to join the celebration of fun and friendship with Thomas as he takes off on a series of exciting adventures! Come along with Thomas and the whole Sodor gang for a hot-air balloon ride, a top secret birthday party, a special surprise at the bandstand and more. A nonstop celebration of fun and friendship is leaving the station, so hop aboard and enjoy the festivities waiting up ahead!",
    "genres" : [ ]
  }, {
    "id" : 378134,
    "title" : "M Seeking W",
    "overview" : "A love story in the world of revived paintings.",
    "genres" : [ ]
  }, {
    "id" : 378139,
    "title" : "David Quilan - Apaixonado por Ti Ao vivo",
    "overview" : "",
    "genres" : [ {
      "id" : 10402,
      "name" : "Music"
    } ]
  }, {
    "id" : 378144,
    "title" : "Sea and the Jungle",
    "overview" : "Angolares are the oldest inhabitants of the island of São Tomé. Control of the island was wrested from them in the late 19th century, and their descendents have been reduced to a small fishing community. This fascinating film explores the tangled history of the Angolares and their beautiful island.",
    "genres" : [ {
      "id" : 99,
      "name" : "Documentary"
    } ]
  }, {
    "id" : 378149,
    "title" : "Tracy Anderson Beginner Dance Cardio",
    "overview" : "The Tracy Anderson Beginner Dance Cardio DVD is designed for those just starting out with Dance Cardio and is an essential supplement to your Perfect Design Series. In this DVD, Tracy carefully choreographs movements that allow you to continuously burn calories and create a more long and lean figure.  After completing the Tracy Anderson Beginner Dance Cardio DVD, you'll be ready for Tracy Anderson Dance Cardio II.",
    "genres" : [ ]
  }, {
    "id" : 378154,
    "title" : "The Wild Duck",
    "overview" : "The play opens in the study at Hakon Werle's house during a dinner party for the return of Werle's son, Gregers, from the Hoidal mines. Gregers has not come home for fifteen years. Old Ekdal appears before two servants, begging to be let into the office. Ekdal was an army officer and partner to Werle until a forestry scandal sent him to prison over some scandal. He now works as one of Werle's copyists.",
    "genres" : [ {
      "id" : 10769,
      "name" : "Foreign"
    }, {
      "id" : 18,
      "name" : "Drama"
    } ]
  }, {
    "id" : 378164,
    "title" : "Suit Yourself or Shoot Yourself: The Gamble",
    "overview" : "Having lost everything to horse racing, Yûji accidentally gets 10 million yen. But this sum belongs to a Yakuza.",
    "genres" : [ ]
  }, {
    "id" : 378174,
    "title" : "Hot & Horny Holiday Honeys",
    "overview" : "See hot and sexy models as they party it up as they show you how they celebrate the holidays.  You'll be drooling at the mouth as they demonstrate their modeling techniques in the buff during New Years, Valentine's Day, Christmas, and every holiday in between.  A 9 gal Sexy squad of models heat up the calendar as they bring in the holidays, while making love to each other.  Watch as these sexy sirens work it up on the parties and fog up the camera lens.  Autumn and Lavender Rayne's Halloween lovemaking make every trick or treated wondering if they want a trick or a treat.  You'll be running for mistletoes as Jubile Dymond unwraps her presents.  Soak up the sweat from Violetta and Jackie Stevens as they have sex in a bar in St. Patty's day love fest.  So send out your holiday cards and enjoy Hot &amp; Horny Holiday Honeys.",
    "genres" : [ ]
  }, {
    "id" : 378179,
    "title" : "samuel-613",
    "overview" : "The story of Shmilu, a Hasidic Jew in crisis, torn between his community and the romantic possibilities of trendy East London.",
    "genres" : [ {
      "id" : 18,
      "name" : "Drama"
    }, {
      "id" : 35,
      "name" : "Comedy"
    } ]
  }, {
    "id" : 378184,
    "title" : "The Resistance",
    "overview" : "In 1937, Japan began their invasion of China by murdering over 300,000 people in the capital of Nanjing. The atrocities committed against women and their daughters are especially barbaric. One of them is Xiaoyun, a peasant girl who fights with the Chinese resistance group. On her way to freedom she must fight against Japanese soldiers, ninjas, a killer geisha, Nazis, and the evil General of the Japanese imperial army.",
    "genres" : [ {
      "id" : 28,
      "name" : "Action"
    }, {
      "id" : 18,
      "name" : "Drama"
    }, {
      "id" : 10752,
      "name" : "War"
    } ]
  }, {
    "id" : 378189,
    "title" : "Tödliche Lüge",
    "overview" : "",
    "genres" : [ {
      "id" : 53,
      "name" : "Thriller"
    } ]
  }, {
    "id" : 378194,
    "title" : "The Tracy Anderson Method Dance Cardio Workout",
    "overview" : "This DVD is the cardio component of your workout and is designed to build up your stamina, keep your energy up, and help make your workout fun while you are learning these dances. This DVD is a great introduction to learning dance aerobics and mimicking my dance moves as you gain strength and build up your stamina. Cardio is just as an important component as your muscular structure work and my dance DVDs should be used in conjunction with either the Mat DVD or the Perfect Design Series depending on your ability. The goal of these Dance DVDs is to excel your ability enough so that you are able to reach the level of Metamorphosis, which is customized by body type and gives you the most personalized workout available.",
    "genres" : [ ]
  }, {
    "id" : 378199,
    "title" : "In Search of Israeli Cuisine",
    "overview" : "A portrait of the Israeli people told through food. We shot in fine restaurants, in home kitchens, wineries, cheese makers, on the street and much more. Americans see Israelis and Palestinians as always in conflict. Those are not the people of Israel for the most part. \"The Search for Israeli Cuisine\" will show the 70+ cultures that make up the Israeli people, each with wonderful and unique food traditions. Israel has one of the hottest food scenes in the world. Getting into restaurants in Tel Aviv and Jerusalem is as difficult as New York or San Francisco. Viewers will be amazed and impressed.",
    "genres" : [ {
      "id" : 99,
      "name" : "Documentary"
    } ]
  }, {
    "id" : 378204,
    "title" : "No Limits",
    "overview" : "His new adventure takes Zanardi to one of the most famous endurance races in the world: The 24 Hours of Spa-Francorchamps. He shares the cockpit of the BMW GT race car with two of the fastest men in the sport: Ex-Formula 1 driver Timo Glock and touring-car champ Bruno Spengler. They form nothing less than an all-star team of race-track pioneers, going beyond limits and limitations. Never before has a handicapped driver competed in a 24 hour race on this level with able-bodied drivers. The documentary covers the whole story: From their first get-together at BMW headquarters in Munich until the lights turn green in Belgium and the Iron Man with plastic legs limps into his racing car, changing seat and steering wheel with his teammate. But for Alex Zanardi, even after the marathon race, his mission is not over. Only four days later, he is eager to defend his white jersey at the Handcycle World Championship in Switzerland - an outrageous challenge, even for the man with no limits.",
    "genres" : [ {
      "id" : 99,
      "name" : "Documentary"
    } ]
  }, {
    "id" : 378209,
    "title" : "Celtic Woman: Destiny",
    "overview" : "The heart of Ireland beats strongly throughout The Destiny Tour, which features an entirely new production with many songs from Destiny. As the country commemorates the events of 100 years ago that led to the nation's independence, Celtic Woman offers a rousing version of \"Óró sé do bheatha 'bhaile,\" an anthem closely connected with the 1916 uprising. The all female ensemble also delivers other timeless traditional Irish songs such as \"Bean Pháidín\" and \"Siúil A Run\" highlighting the beauty of Ireland's heritage and its Gaelic language. Alongside newer songs such as \"Walk Beside Me\" and \"The Whole Of The Moon,\" the show also features reimagined renditions of audience favorites \"Amazing Grace\" and \"You Raise Me Up.\"",
    "genres" : [ {
      "id" : 10402,
      "name" : "Music"
    } ]
  }, {
    "id" : 378214,
    "title" : "David Quinlan - Coletânea - Ao Vivo",
    "overview" : "",
    "genres" : [ {
      "id" : 10402,
      "name" : "Music"
    } ]
  }, {
    "id" : 378219,
    "title" : "Sleeping with the Fishes",
    "overview" : "Sonja lives a lonely life as a fishmonger, more at ease with her fish than her customers, until one day a delivery man turns up who looks like a rainbow trout.",
    "genres" : [ {
      "id" : 18,
      "name" : "Drama"
    }, {
      "id" : 16,
      "name" : "Animation"
    }, {
      "id" : 35,
      "name" : "Comedy"
    }, {
      "id" : 10749,
      "name" : "Romance"
    } ]
  }, {
    "id" : 378224,
    "title" : "Grateful Dead: Fare Thee Well - Black Muddy Water, Chicago, IL",
    "overview" : "A final tribute to Grateful Dead's final shows through a series of photographs accompanied by \"Black Muddy Water.\"",
    "genres" : [ {
      "id" : 10402,
      "name" : "Music"
    } ]
  }, {
    "id" : 378229,
    "title" : "Radiopetti",
    "overview" : "Radiopetti, the story of a man lost in another world, a world of the past, brought alive to his ears by a radioset. How his life journeys with his love for this inanimate thing alongside his family and friends. Where will this love take him?",
    "genres" : [ {
      "id" : 18,
      "name" : "Drama"
    } ]
  }, {
    "id" : 378239,
    "title" : "Wrestless: The MPW Documentary",
    "overview" : "A documentary about Metro Pro Wrestling, an independent promotion based in Kansas City, Kansas, that follows the wrestlers, crew, and fans over the course of four months in the summer of 2013.",
    "genres" : [ {
      "id" : 99,
      "name" : "Documentary"
    } ]
  }, {
    "id" : 378244,
    "title" : "The Penguins of Madagascar - Operation: Get Ducky",
    "overview" : "Penguins discover a lost egg and decide hatching until the mother appears. When it opens unexpectedly, the new duck -Ducky- is trained as a penguin while a jealous King Julien wants to raise him to be his second in command.",
    "genres" : [ {
      "id" : 16,
      "name" : "Animation"
    }, {
      "id" : 10751,
      "name" : "Family"
    } ]
  }, {
    "id" : 378249,
    "title" : "Walt Disney Treasures: Silly Symphonies",
    "overview" : "",
    "genres" : [ {
      "id" : 10751,
      "name" : "Family"
    } ]
  }, {
    "id" : 378254,
    "title" : "First Time Remembered Volume 2",
    "overview" : "Do you remember your first time? More of our hottest Helix Boys recall their first teenage escapades of cherry popping experiences including intimate confessionals and boner-afide reenactments. Don’t miss Aiden Summers and Jessie Montgomery’s steamy skin-on-skin bareback action! If volume one got you hot, then volume two is sure to make you explode with double the penetration of boy-on-boy action.",
    "genres" : [ ]
  }, {
    "id" : 378259,
    "title" : "Penne nere",
    "overview" : "In the last days of the world war II a young Alpine soldier trys to find his way back home after the army was disbanded. In his village the soldiers, with the townspeople, become engaged in an effort to prevent the Germans from blowing up a dam.",
    "genres" : [ ]
  }, {
    "id" : 378264,
    "title" : "Atlantis: The Evidence",
    "overview" : "",
    "genres" : [ {
      "id" : 99,
      "name" : "Documentary"
    } ]
  }, {
    "id" : 378269,
    "title" : "Jock Tops Twink Bottoms",
    "overview" : "Helix’s best jock tops choose their favorite twink bottoms for six scenes of powerful and relentless pounding. The young boys salivate over the bulging muscles of their experienced older buddies and gratefully take every inch of their thick jock cocks deep up their hungry twink holes. Don’t miss sexy studs Connor Maguire, Ty Roderick and Connor Kline as they take control and have their way with the smooth boy toys.",
    "genres" : [ ]
  }, {
    "id" : 378274,
    "title" : "Pleasing the Boy",
    "overview" : "There’s more than one way to please a boy. You can whisper dirty thoughts into his ear, slip your hand under his pants and grab his smooth, firm bubble butt, or slide your lips around his swollen, throbbing cock. You can probe his tight, willing hole until, unable to hold out any longer, he explodes a hot, creamy load. Join Helix Studios as we explore the endless possibilities. The pleasure will be all yours.",
    "genres" : [ ]
  }, {
    "id" : 378279,
    "title" : "Teen Fuck Buddies",
    "overview" : "Fuckin' with some of the hottest twinks on the market, Teen Fuck Buddies brings 12 8teenboy models to your screen in some super spicy positions. Put your favorite lube on standby, especially for the sultry four-way, you'll need it for this one!",
    "genres" : [ ]
  }, {
    "id" : 378284,
    "title" : "Blood and Gold: The Making of Spain with Simon Sebag Montefiore",
    "overview" : "Simon Sebag Montefiore embarks on a fascinating journey to unlock 2,000 years of Spain's history.",
    "genres" : [ ]
  }, {
    "id" : 378294,
    "title" : "Twink Ass Bangers",
    "overview" : "Get ready for a skin slapping, butt ramming good time with nine of our sex-starved fresh twinks. Red hot stars like Chase Harding and Chris Riverz get their cocks wet with barely 18 new-\"cummers\", Bradley Spade and the sexy, smooth blonde, Derrick Porter. Twink Ass Bangers is 6 scenes of cheek pounding, dick dipping, ass bangin fun.",
    "genres" : [ ]
  }, {
    "id" : 378299,
    "title" : "Young Lust",
    "overview" : "Young Lust is a fiery and uncontrollable craving, an appetite to touch and devour every inch of smooth skin. With wild desires that demand to be filled, these horny teen boys throw themselves at each other with youthful exuberance. The nearest twink becomes the immediate object of their arousal as they fuck in the morning before breakfast, after riding bikes in the afternoon and anytime that overwhelming sensation takes control. Casual sex has never been so intense as in these six hard pounding scenes of vigor and vitality.",
    "genres" : [ ]
  }, {
    "id" : 378314,
    "title" : "Alone",
    "overview" : "Alone. Alone is what this man is. Years after the world ended and the human race perished; this is the only man left standing. How did he survive? What caused the outbreak? We don't know. No one does. This short film gives you an inside look on what the only man left alive does on a day-to-day basis, what he does to survive, kill time, and keep himself sane.",
    "genres" : [ ]
  }, {
    "id" : 378319,
    "title" : "The Completely Remarkable, Utterly Fabulous Transformation of a Regular Joe",
    "overview" : "An ultra-low budget, gay themed, mid-life crisis, romantic comedy/musical. In it, we follow Joe, a typical accountant-type, as he strives to regain the sparkle in his life by becoming a Cyndi Lauper drag queen. Office politics, personal drama, and musical numbers from the 1980's punctuate this quirky character-driven romantic comedy about one man's journey to find himself...and the perfect set of pumps.",
    "genres" : [ {
      "id" : 35,
      "name" : "Comedy"
    } ]
  }, {
    "id" : 378324,
    "title" : "Yokosuka Navy Prison",
    "overview" : "When a rebellious roughneck enlists in the Navy and goes on a rampage against his superiors, he is sent to the Yokosuka Naval Prison.",
    "genres" : [ {
      "id" : 28,
      "name" : "Action"
    } ]
  }, {
    "id" : 378329,
    "title" : "Faith",
    "overview" : "Michael Gambon stars in this high-tension thriller of political corruption and international intrigue. Peter Moreton (Gambon), a high-ranking government official, scrambles to keep his secret lifestyle hidden from the world when his daughter purposely leaks his affair to a reporter she is dating. Nick Simon (John Hannah, The Mummy) is the reporter caught between his love for Moreton’s daughter Polly and his desperation to keep his job and land the biggest story of his career.",
    "genres" : [ {
      "id" : 18,
      "name" : "Drama"
    } ]
  }, {
    "id" : 378334,
    "title" : "Status: Available",
    "overview" : "Contemporary Moscow. Nikita and Afina are the perfect couple: young, smart, attractive, and in love. Well, perfect, that is, until Afina suddenly leaves Nikita for a 40-year-old dentist. How will Nikita win her back?",
    "genres" : [ {
      "id" : 10749,
      "name" : "Romance"
    }, {
      "id" : 35,
      "name" : "Comedy"
    } ]
  }, {
    "id" : 378339,
    "title" : "Wer zweimal lügt",
    "overview" : "",
    "genres" : [ {
      "id" : 35,
      "name" : "Comedy"
    } ]
  }, {
    "id" : 378349,
    "title" : "Ein Sommer in Masuren",
    "overview" : "",
    "genres" : [ {
      "id" : 35,
      "name" : "Comedy"
    } ]
  }, {
    "id" : 378354,
    "title" : "Old Bicycle",
    "overview" : "",
    "genres" : [ ]
  }, {
    "id" : 378359,
    "title" : "Red Headed Fatties",
    "overview" : "Get ready for six of the hottest red-headed BBW's on the planet. They are all here to put on a show off for your pleasure. Their massive, over sized tits and asses can take a good hard fucking.",
    "genres" : [ ]
  }, {
    "id" : 378364,
    "title" : "titledsadasdadas",
    "overview" : "",
    "genres" : [ ]
  }, {
    "id" : 378369,
    "title" : "President Obama's 2016 State of the Union Address",
    "overview" : "President Obama delivers the 2016 State of the Union address to Congress and the nation.",
    "genres" : [ {
      "id" : 99,
      "name" : "Documentary"
    } ]
  }, {
    "id" : 378374,
    "title" : "Crosby, Stills, Nash & Young: Live At The Capital Centre",
    "overview" : "This concert film features eight songs filmed at the Capital Center in Landover, Maryland and Wembley Stadium in 1974. \"The Capital Center was the one place back then filming concerts,\" says Nash. \"We didn't even know they were doing it. It's a little funky-looking because we didn't light it for film or television, but I picked eight songs I thought were very representative of how we were then.\"",
    "genres" : [ {
      "id" : 10402,
      "name" : "Music"
    } ]
  }, {
    "id" : 378379,
    "title" : "The Lost Arcade",
    "overview" : "Chinatown Fair opened as a penny arcade on Mott Street in 1944. Over the decades, the dimly lit gathering place, known for its tic-tac-toe playing chicken, became an institution, surviving turf wars between rival gangs, changing tastes and the explosive growth of home gaming systems like Xbox and Playstation that shuttered most other arcades in the city. But as the neighborhood gentrified, this haven for a diverse, unlikely community faced its strongest challenge, inspiring its biggest devotees to next-level greatness.",
    "genres" : [ {
      "id" : 36,
      "name" : "History"
    }, {
      "id" : 99,
      "name" : "Documentary"
    } ]
  }, {
    "id" : 378384,
    "title" : "Death on the Staircase: The Aftermath",
    "overview" : "A follow-up to the documentary series reports on what has happened since author Michael Peterson was found guilty of murder. In an interview from prison, Peterson talks on camera for the first time since his trial.",
    "genres" : [ ]
  }, {
    "id" : 378389,
    "title" : "Passion (Live from Lincoln Center)",
    "overview" : "Passion is a musical with music and lyrics by Stephen Sondheim and a book by James Lapine. The story was adapted from Ettore Scola's film Passione d'Amore. Central themes include love, sex, obsession, illness, passion, beauty, power and manipulation.  Set in 19th century Italy, the plot concerns a young soldier and the changes in him brought about by the obsessive love of Fosca, his Colonel's homely, ailing cousin.",
    "genres" : [ ]
  }, {
    "id" : 378394,
    "title" : "Julie and Carol at Lincoln Center",
    "overview" : "Julie and Carol at Lincoln Center is an American musical comedy television showcase starring Julie Andrews and Carol Burnett, broadcast on CBS on December 7, 1971.",
    "genres" : [ ]
  }, {
    "id" : 378399,
    "title" : "Il goloso",
    "overview" : "",
    "genres" : [ ]
  }, {
    "id" : 378404,
    "title" : "The Ballad of Exiles Yilmaz Guney",
    "overview" : "In 1981, iconic Turkish film director escapes jail to France, his last work re-creating with other exiles the prison lives they left behind.",
    "genres" : [ ]
  }, {
    "id" : 378409,
    "title" : "La Casa",
    "overview" : "Throughout the 20th century and beyond, the rooms of an Argentinian house are witness to very different inhabitants and mysteries. Filmmaker Diego Lerman takes the opportunity of a TV series to tell different stories in various artistic styles, collectively portraying the many faces and tribulations of one country.",
    "genres" : [ ]
  }, {
    "id" : 378414,
    "title" : "Golden Fists of a Duo",
    "overview" : "A crime drama directed by Cheung Chi-Chiu.",
    "genres" : [ ]
  }, {
    "id" : 378419,
    "title" : "Dragon the Master 2",
    "overview" : "A martial arts film directed by Kant Leung Wang-Fat.",
    "genres" : [ ]
  }, {
    "id" : 378424,
    "title" : "Mozart · Don Giovanni (Scala 2011)",
    "overview" : "",
    "genres" : [ {
      "id" : 10402,
      "name" : "Music"
    } ]
  }, {
    "id" : 378429,
    "title" : "500 Noches Para Una Crisis en Directo",
    "overview" : "500 noches para una crisi is the sixth live album of Joaquin Sabina.  The concert was recorded live in Luna Park (Argentina) September 20th, 2014 and is composed of the song performed while on tour.  This tour was a celebration of the 15th anniversary of the publication of the album 19 dias y 500 noches in 1999.",
    "genres" : [ {
      "id" : 10402,
      "name" : "Music"
    } ]
  }, {
    "id" : 378439,
    "title" : "RPW: High Stakes 2014",
    "overview" : "30 Minute Iron Fist Match For The Undisputed British Heavyweight Championship  - Colt 'Boom Boom' Cabana (C) vs 'Party' Marty Scurll  Undisputed British Tag Team Championship  - The Inner City Machine Guns (Rich Swann &amp; Ricochet) vs Swords of Essex (Paul Robinson &amp; Will Ospreay)  Tag Team Dream Match  - The Young Bucks (Matt &amp; Nick Jackson) vs Project Ego (Martin Kirby &amp; Kris Travis)  International Challenge Match  - El Ligero vs Sonjay Dutt  International Challenge Match  - Josh Bodom vs Jay Lethal  Singles Grudge Match  - Sha Samuels vs Mark Andrews  Plus an appearance from: 'The Icon' Sting",
    "genres" : [ ]
  }, {
    "id" : 378444,
    "title" : "Nathan and Tabileth",
    "overview" : "Nathan and Tabileth sit on a park bench.",
    "genres" : [ ]
  }, {
    "id" : 378454,
    "title" : "Pacific",
    "overview" : "Coral, a 7 year old girl, goes to the construction site of a house in the beaches of Puerto Escondido Oaxaca every day after school to visit his godfather Diego. She waits for hours for Diego to take her home, spending time creating her own pieces and transforming her little universe. While she waits, Coral meets Oriente, a carpenter that hopes to see again his family in a faraway town.",
    "genres" : [ {
      "id" : 18,
      "name" : "Drama"
    } ]
  }, {
    "id" : 378469,
    "title" : "Barney's Round and Round We Go",
    "overview" : "When Robert bends a wheel cleaning his grandfather's old bike, Barney suggests him and the other kids visit with his friend Pop Wheely. Pop absolutely loves wheels and anything that has to do with transportation--and he just happens to run a wheel factory. As Pop's magical machine cranks out a new wheel for Robert's bike, Pop lets Barney and the kids test new wheels for his bus, ship, train, and planes as they learn about street and bike safety along the way. Lots of fun songs like \"Wheels on the Bus\" and \"Down by the Station\" accompany the kid's animated journeys and soon they're finally back in the tree house putting the finishing touches on Robert's newly renovated bike. Rereleased as \"Barney: Fun on Wheels\".",
    "genres" : [ ]
  }, {
    "id" : 378474,
    "title" : "Inverno",
    "overview" : "A brazilian movie set in Rio Grande do Sul",
    "genres" : [ ]
  }, {
    "id" : 378479,
    "title" : "The Shell Collector",
    "overview" : "The latest discovery by a blind shell collector puts the relationship between man and nature on edge: a rare mollusc that is extremely poisonous, but has a healing and hallucinogenic effect on some people. Can people resist the creature’s temptation, or will they put their lives at risk for a heavenly trip?",
    "genres" : [ ]
  }, {
    "id" : 378489,
    "title" : "The Woods Dreams Are Made of",
    "overview" : "Le Bois de Vincennes is a safe harbour for many Parisians. Migrants and natives, prostitutes and stalkers, rich and poor, old and young, downshifters and loners come to this forest in search of themselves and find there an escape from the metropolis. A delicate and profound portrait of a contemporary man and his desperate search for an 'unknown homeland'.",
    "genres" : [ {
      "id" : 99,
      "name" : "Documentary"
    } ]
  }, {
    "id" : 378494,
    "title" : "Anne Roumanoff - Aimons-nous les uns les autres",
    "overview" : "",
    "genres" : [ {
      "id" : 35,
      "name" : "Comedy"
    }, {
      "id" : 10751,
      "name" : "Family"
    } ]
  }, {
    "id" : 378504,
    "title" : "Fantasy Fulfilled",
    "overview" : "That is the newest title by Kinky Twink Entertainment. Have a look already to our cum horny boys. See bareback sex, muscled guys, big cocks and virgin holes. Don't loose this great movie.",
    "genres" : [ ]
  }, {
    "id" : 378509,
    "title" : "Gabriellas Rache",
    "overview" : "",
    "genres" : [ {
      "id" : 18,
      "name" : "Drama"
    } ]
  }, {
    "id" : 378514,
    "title" : "Der Wald",
    "overview" : "",
    "genres" : [ {
      "id" : 18,
      "name" : "Drama"
    } ]
  }, {
    "id" : 378519,
    "title" : "Fathers & Sons 2",
    "overview" : "When old college buddies David (Dirk Caber) and Mark (Nick Capra) take their young sons (Ian Levine and JD Phoenix) to the mountains for a winter retreat, snowball fights and late night card games create unexpected sexual tension between the pairs. As the gorgeous sons struggle with their taboo desires, they turn to each other's dads for support - and the sexual gratification their young bodies crave. Starring Nick Capra, Dirk Caber, JD Phoenix and Ian Levine.",
    "genres" : [ ]
  } ]
}