{
  "movies" : [ {
    "id" : 77524,
    "title" : "The End",
    "overview" : "The End is a 1998 Tony Hawk skateboarding film from Birdhouse Skateboards. It was made under the direction of Jamie Mosberg, who also produced and edited it. The original movie was released in 1998, but the movie was re-released in 2001.",
    "genres" : [ {
      "id" : 99,
      "name" : "Documentary"
    } ]
  }, {
    "id" : 77529,
    "title" : "Asia Is in Too Deep",
    "overview" : "Janie's life is a bore. Everything has become as bland and irritating as the muzac her and her husband produce. Michael has been pressuring her to allow him to bring another woman into their bed, spice things up, but Janie is resistant. Then she meets Kate, a seductive, vivacious, creative lesbian who introduces Janie to pleasures she's never known. Now she's torn between her husband and marriage or her new found sexual identity and a lover she can't bring herself to give up.",
    "genres" : [ ]
  }, {
    "id" : 77534,
    "title" : "Fat Stupid Rabbit",
    "overview" : "",
    "genres" : [ {
      "id" : 18,
      "name" : "Drama"
    }, {
      "id" : 35,
      "name" : "Comedy"
    }, {
      "id" : 10769,
      "name" : "Foreign"
    } ]
  }, {
    "id" : 77544,
    "title" : "Love on Credit",
    "overview" : "Xiaoqing and Xiaohong are twins with distinctive, different personalities. Xiaoqing believes in true love while Xiaohong only cares about money. Drama ensues when they both start pursuing love for the sake of money.",
    "genres" : [ {
      "id" : 35,
      "name" : "Comedy"
    }, {
      "id" : 10749,
      "name" : "Romance"
    } ]
  }, {
    "id" : 77549,
    "title" : "Georg Schramm - Meister Yodas Ende: Über die Zweckentfremdung der Demenz",
    "overview" : "",
    "genres" : [ ]
  }, {
    "id" : 77554,
    "title" : "Royal Cat Nap",
    "overview" : "Jerry and his little French mouse friend are raiding while the king sleeps. They awaken him; he calls for Tom, and delivers an ultimatum: One more sound from the mice, and it's off with Tom's head. The mice hear this, and team up to torment Tom. First, they drop piles of dishes on him; then, they cover the floor with tacks. In both cases, Tom dashes far away, then screams. Tom plugs the King's ears with champagne corks, but the little mouse clothespins his nose and mouth. Tom plays him to sleep with his violin. With the mice outside the room, Tom locks all the doors and swallows the key. They shoot an arrow through the lock into Tom's rear, and unable to get out, Tom screams in the room. The king is ready to lop off Tom's head, but the little mouse has mercy and sings him to sleep with Frère Jacques.",
    "genres" : [ {
      "id" : 35,
      "name" : "Comedy"
    }, {
      "id" : 16,
      "name" : "Animation"
    } ]
  }, {
    "id" : 77559,
    "title" : "Little Stomper",
    "overview" : "A bear cub who has trouble sleeping during winter sneaks out of the house and makes a new friend.",
    "genres" : [ {
      "id" : 12,
      "name" : "Adventure"
    }, {
      "id" : 16,
      "name" : "Animation"
    }, {
      "id" : 10751,
      "name" : "Family"
    } ]
  }, {
    "id" : 77564,
    "title" : "Cruelty",
    "overview" : "",
    "genres" : [ ]
  }, {
    "id" : 77574,
    "title" : "My Tehran for Sale",
    "overview" : "Marzieh is a young female actress living in Tehran. The authorities ban her theatre work and, like all young people in Iran, she is forced to lead a secret life in order to express herself artistically. At an underground rave, she meets Iranian born Saman, now an Australian citizen, who offers her a way out of her country and the possibility of living without fear.",
    "genres" : [ {
      "id" : 18,
      "name" : "Drama"
    }, {
      "id" : 10769,
      "name" : "Foreign"
    } ]
  }, {
    "id" : 77579,
    "title" : "Persten Naslednika Dinastii",
    "overview" : "Из Эрмитажа похищен уникальный перстень! Исчез раритет, переходивший от поколения к поколению императорской династии! За поиски берется детективное агентство - \"Мишель\". Но и на них оказывается беспрецедентное давление. Именно тогда к расследованию подключается настоящий ас журналистики, папарацци Егор Леонов. Для него это способ заработать, ведь уже известно, что в похищении замешаны генерал Бурляев, криминальный авторитет Василь и монархист князь Соколов! Главная задача Егора и сотрудников агентства \"Мишель\" - не просто найти и вернуть перстень в Эрмитаж, а сделать это незаметно. Ведь пропажа такого раритета может вызвать международный скандал!",
    "genres" : [ {
      "id" : 35,
      "name" : "Comedy"
    }, {
      "id" : 12,
      "name" : "Adventure"
    } ]
  }, {
    "id" : 77584,
    "title" : "Circumstances",
    "overview" : "Две супружеские пары собираются провести вечер за ужином. Однако в назначенный час в квартире оказываются лишь трое из них. Наконец, приходит и та, которую все заждались. Очень странной походкой. В очень странной шапочке. С нечеловеческим аппетитом и совершенно человеческой жаждой любви. Что могут скрывать друг от друга верные мужья и жены? На что готовы пойти ради вашего семейного счастья ваши закадычные друзья? И чем может обернуться тихий дружеский ужин, приготовленный из обид и подозрений, опасности и страха, нежности и настоящей любви?",
    "genres" : [ {
      "id" : 35,
      "name" : "Comedy"
    } ]
  }, {
    "id" : 77594,
    "title" : "Dead West",
    "overview" : "Dead West - or The Rise of the Horror Genre and the Fall of the Western. The story of a western movie actor (Johnny Dust) still trying to make it big in a western film studio and theme park, when a 'new management team' takes over the park and turns the film studio into a fright-fest for the month of Halloween. Haunted by the image of his dead western movie hero, who appears to him on the little screen, Johnny unravels the real intent of management and its opening night 'spectacular', which takes place in the depths of the park's cave.",
    "genres" : [ {
      "id" : 28,
      "name" : "Action"
    }, {
      "id" : 27,
      "name" : "Horror"
    }, {
      "id" : 37,
      "name" : "Western"
    } ]
  }, {
    "id" : 77599,
    "title" : "a Son of Porto",
    "overview" : "Nineteen-year-old Bendja was born in the Netherlands, but his roots are in Moluccas. His father, writer Frans Lopulalan, understands his son’s desire to touch Moluccan soil; he shares that wish. The two decide to travel to the village of Porto on Saparua island, where Frans’ deceased father, a former KNIL soldier, used to live. Verhaagen follows them on their trip to the tropics. A trip that the two men experience in different ways. Frans writes a lot and visits the ground where his father’s house once stood. Bendja dives into the daily village life. He also wonders if he shouldn’t resume his ancestors’ battle. Frans has mixed feelings about this: ‘I hope he can identify with being Moluccan without it necessarily causing him to reject his life in Holland.’ The personal experiences of father and son Lopulalan are complemented by significant archive footage.",
    "genres" : [ ]
  }, {
    "id" : 77604,
    "title" : "Momotaro's Divine Sea Warriors",
    "overview" : "The first Japanese feature-length animated film. It was directed by Mitsuyo Seo, who was ordered to make a propaganda film for the war by the Japanese Naval Ministry. Shochiku Moving Picture Laboratory shot the 74-minute film in 1944 and screened it on April 12, 1945. It is a sequel to Momotarō no Umiwashi, a 37-minute film released in 1943 by the same director. It is black and white. The whole movie also depicts the Japanese \"liberation of Asia\", as proclaimed by the Government at the time. Seo tried to give dreams to children, as well as to instill the hope for peace, with hidden movie's hints of dreams and hopes, under the appearance of war propaganda.",
    "genres" : [ {
      "id" : 16,
      "name" : "Animation"
    } ]
  }, {
    "id" : 77609,
    "title" : "Saturday Evening Puss",
    "overview" : "Mammy's stepping out for the evening (to play cards, as it turns out). While she's way, the cats will play: in this case, Tom and three of his alley cat friends. Their music keeps Jerry awake, so he takes action. His first strike silences them only long enough for him to return to his hole. They lure him out by restarting the music, and the chase is on: four against one. Jerry holds out for a while, but is soon tied with the cord from the venetian blinds, and the cats resume. Jerry manages to crawl to the phone and call Mammy, who comes running and throws all four cats out. But Jerry's peace is short-lived: Mammy decides to salvage what's left of the evening by listening to some music.",
    "genres" : [ {
      "id" : 35,
      "name" : "Comedy"
    }, {
      "id" : 16,
      "name" : "Animation"
    } ]
  }, {
    "id" : 77614,
    "title" : "Pokoyo",
    "overview" : "Pocoyo, the curious toddler dressed all in blue, joins Pato the yellow duck, Elly the pink elephant, Loula the dog, Sleepy Bird and many others in learning new things and having fun.",
    "genres" : [ {
      "id" : 16,
      "name" : "Animation"
    } ]
  }, {
    "id" : 77624,
    "title" : "Mesmer",
    "overview" : "A biography of the eighteenth century Viennese physician, Franz Anton Mesmer, who used unorthodox healing practices based on his theory of \"animal magnetism.\"",
    "genres" : [ {
      "id" : 18,
      "name" : "Drama"
    } ]
  }, {
    "id" : 77649,
    "title" : "The Upturned Glass",
    "overview" : "A prominent neurosurgeon relates to his students in medical school a story about an affair he had with a married woman and how, after the affair was over, the woman one day fell out a window and died. The surgeon, suspecting that she was murdered, set out to find her killer--but, instead of turning the suspect over to the police, he planned to take his own revenge on the murderer.",
    "genres" : [ {
      "id" : 80,
      "name" : "Crime"
    }, {
      "id" : 18,
      "name" : "Drama"
    } ]
  }, {
    "id" : 77654,
    "title" : "Skid Row: No Frills Video",
    "overview" : "Music Video's from Skid Row's LP Slave To The Grind &amp; EP B-Side Ourselves. Features the videos: Monkey Business, In A Darkened Room, Slave To The Grind, Quicksand Jesus, Psycho Therapy, Little Wing and Wasted Time.",
    "genres" : [ {
      "id" : 10402,
      "name" : "Music"
    } ]
  }, {
    "id" : 77659,
    "title" : "Skid Row: Live at the Budokan",
    "overview" : "Skid Row at Nippon Budokan, Tokyo, Japan on October 8, 1992. Setlist: 01. Slave to the Grind / 02. Big Guns / 03. Here I Am / 04. Makin' a Mess / 05. 18 and Life / 06. Piece of Me / 07. Drum Solo / 08. Riot Act / 09. Psycho Therapy (Ramones cover) / 10. C'mon and Love Me (KISS cover) / 11. Wasted Time / 12. Psycho Love / 13. Midnight / Tornado / 14. Mudkicker / 15. Get the Fuck Out / 16. Monkey Business / 17. Holidays in the Sun (Sex Pistols cover) / 18. I Remember You / 19. Youth Gone Wild",
    "genres" : [ {
      "id" : 10402,
      "name" : "Music"
    } ]
  }, {
    "id" : 77664,
    "title" : "And You Thought Your Parents Were Weird!",
    "overview" : "Two boys follow in their late fathers foot steps by inventing weird and wonderful gadgets. Trouble lies ahead when after a halloween party the spirit of their father ends up in the latest invention, a robot.",
    "genres" : [ {
      "id" : 10751,
      "name" : "Family"
    }, {
      "id" : 878,
      "name" : "Science Fiction"
    } ]
  }, {
    "id" : 77669,
    "title" : "The Earth Dies Screaming",
    "overview" : "A crack space pilot returns to earth to find the planet has been devastated by some unknown forces. There are a few survivors, so he organizes them in a plan to ward off control by a group of killer robots.",
    "genres" : [ {
      "id" : 27,
      "name" : "Horror"
    }, {
      "id" : 878,
      "name" : "Science Fiction"
    } ]
  }, {
    "id" : 77674,
    "title" : "Goku: Midnight Eye",
    "overview" : "In the near future, Goku, a former police detective turned private, is investigating a mysterious string of apparent suicides of a special police unit investigating a ruthless weapons merchant. In his aggressive style, Goku almost joins that list, but he mysteriously survives and receives a cybernetic eye by parties unknown that can literally control any computer in the world. Now, he has a score to settle and is armed with what he needs to accomplish that",
    "genres" : [ {
      "id" : 16,
      "name" : "Animation"
    }, {
      "id" : 28,
      "name" : "Action"
    }, {
      "id" : 53,
      "name" : "Thriller"
    } ]
  }, {
    "id" : 77679,
    "title" : "David Bowie: VH1 Storytellers",
    "overview" : "This is a Live performance for the Cable TV Show 'VH1 Storytellers' featuring David Bowie. The show was recorded on August 23, 1999, and contains songs spanning David's career from the 60's thru to his then-current release, 'Hours'.  Tracklist:  1. Life On Mars? (truncated), 2. Rebel Rebel\" (truncated), 3. Thursday's Child, 4. Can't Help Thinking About Me, 5. China Girl, 6. Seven, 7. Drive-In Saturday, 8. Word On A Wing, 9. Survive, 10. I Can't Read, 11. Always Crashing in the Same Car, 12. If I'm Dreaming My Life",
    "genres" : [ {
      "id" : 10402,
      "name" : "Music"
    } ]
  }, {
    "id" : 77699,
    "title" : "Woody Allen: A Life in Film",
    "overview" : "A series of interviews with Woody Allen interlaced with clips from his films.",
    "genres" : [ {
      "id" : 99,
      "name" : "Documentary"
    } ]
  }, {
    "id" : 77704,
    "title" : "Made in Serbia",
    "overview" : "MADE IN SERBIA portrays the Serbian video porn industry by presenting four life stories of domestic porn actors. Unlike their Western counterparts, these people work in porn industry in order to survive and obtain basic life supplies. The film follows the young hot shot porn star who travels to a shoot in Hungary, a bisexual actor who visits hometown, a 40 year old actress that invites her husband into the porn business and a peasant who became a local legend thanks to working in porn industry. The whole story is framed within one young man's search for the long lost girl who appears to have entered the world of porn. He shoots the documentary in order to find her.",
    "genres" : [ {
      "id" : 99,
      "name" : "Documentary"
    } ]
  }, {
    "id" : 77709,
    "title" : "Mayagadu",
    "overview" : "Leela Krishna is an orphan and he believes that it is the money, which rules the life, becomes a lawyer and marries Vandana and finally makes his married life successful after a small dispute.",
    "genres" : [ ]
  }, {
    "id" : 77714,
    "title" : "Life for a Child",
    "overview" : "Directed by Academy Award-nominee Edward Lachman, the documentary film Life for a Child follows the journeys of children with type 1 diabetes amid the verdant mountains and swarming streets of Nepal, one of the world’s poorest countries. The Life for a Child film was produced by the International Diabetes Federation (IDF), the world’s leading diabetes advocacy organization, and Eli Lilly and Company, a global leader in diabetes treatment, to raise awareness of the devastating impact of diabetes and increase support for the IDF Life for a Child Program. The documentary is a production of Wayne Lachman Productions and doublewide media.",
    "genres" : [ {
      "id" : 99,
      "name" : "Documentary"
    } ]
  }, {
    "id" : 77724,
    "title" : "Teagan: All-American Girl",
    "overview" : "All-American Girl is a heartwarming tribute to youth, with slow, steamy glances at innocent rites of passage. Watch a beautiful young cast as they discover the sweet art of seduction through child play. With bake sales and car washes featuring Digital Playground's Teagan Presley and Jana Cova alongside Sarah Blake, Hillary Scott, Kelly Kline, Paola Rey and Holly Morgan, Teagan: All-American Girl casts a vibrant, sexy light on America's favorite pastimes.",
    "genres" : [ ]
  }, {
    "id" : 77729,
    "title" : "Levy et Goliath",
    "overview" : "",
    "genres" : [ ]
  }, {
    "id" : 77734,
    "title" : "The Crusades: Crescent & the Cross",
    "overview" : "The Crusades: Crescent &amp; the Cross presents the epic battle between two superpowers of the Middle Ages: the Christian Crusaders and the Muslims. Fought over two centuries, the conflict decided the fate of the Holy Land of the Middle East. Only a tiny strip of land, just a few hundred miles long, it contained the ultimate prize: the city of Jerusalem. The documentary is driven by the key personalities of the First, Second and Third Crusades, the popes, kings, sultans, and knights who, in the name of God, ruthlessly fought for land and power. Experience the murder, treachery, and bloodshed of this legendary chapter of history through the eyes of key historical figures such Richard the Lionheart and Saladin, King Louis VII and Nur al-Din. With breathtaking CGI-enhanced visuals, heart-pounding reenactments, and the stunning footage from rarely seen locations, The Crusades: Crescent &amp; the Cross brings the first three Crusades alive for a new generation in conflict.",
    "genres" : [ {
      "id" : 99,
      "name" : "Documentary"
    } ]
  }, {
    "id" : 77744,
    "title" : "Kitty Foyle",
    "overview" : "Kitty Foyle, a hard-working white-collar girl from a Philadelphia, Pennsylvania low, middle-class family, meets and falls in love with young socialite Wyn Strafford but his family is against her.",
    "genres" : [ {
      "id" : 10749,
      "name" : "Romance"
    }, {
      "id" : 18,
      "name" : "Drama"
    } ]
  }, {
    "id" : 77749,
    "title" : "Amy Macdonald: Live At The Rockhal Luxemburg",
    "overview" : "Amy MacDonald and Die Deutsch Radio Philarmonic at the Rockhal Luxenbourg in 17 October 2010. Tracks: 01. An Ordinary Life 02. Spark 03. Footballer's Wife 04. Mr. Rock &amp; Roll 05. Run 06. Your Time Will Come 07. This Pretty Face 08. My Only One 09. Don't Tell Me That It's Over 10. This Is The Life 11. What Happiness Means To Me 12. Dancing In The Dark (Springsteen) 13. Let's Start A Band",
    "genres" : [ ]
  }, {
    "id" : 77754,
    "title" : "Hvor fanden er Herning",
    "overview" : "Hvor fanden er Herning? er en dansk komedieserie, der blev sendt på TV 2 Zulu i efteråret 2009. Skuespillerne Mick Øgendahl, Linda P, Geo, Jacob Haugaard og Kim Bodnia medvirker i serien, som er skrevet og instrueret af Nikolaj Peyk. Serien var på udsendelsestidspunktet den mest sete serie på TV 2 Zulu nogensinde.[1]",
    "genres" : [ ]
  }, {
    "id" : 77759,
    "title" : "Vacations in Prostokvashino",
    "overview" : "The continuation of the adventures of Fyodor and his friends from the Prostokvashino village.",
    "genres" : [ {
      "id" : 16,
      "name" : "Animation"
    } ]
  }, {
    "id" : 77764,
    "title" : "Playmobil: Future Planet",
    "overview" : "",
    "genres" : [ {
      "id" : 878,
      "name" : "Science Fiction"
    }, {
      "id" : 10751,
      "name" : "Family"
    }, {
      "id" : 16,
      "name" : "Animation"
    } ]
  }, {
    "id" : 77769,
    "title" : "Asa Akira Is Insatiable 2",
    "overview" : "Asa Akira and Mason have created a powerful gonzo epic in Asa Akira Is Insatiable 2. In many ways it reminds the Elegant Angel team of Annette Schwarz Is Slutwoman 2 but taken to another level entirely. It is intimate, jaw droppingly beautiful, sexually depraved, and amazingly powerful. It almost does the movie an injustice to reduce it to the sex acts performed. But, Asa does everything: Anal, DV, DP, DA, and a 7 guy gangbang. It is a movie of raw passion, and if there was any doubt after volume 1 (which there probably wasn't) volume 2 leaves us 100% certain that Asa Akira is insatiable and an extraordinary pornstar.",
    "genres" : [ ]
  }, {
    "id" : 77774,
    "title" : "Take That: The Ultimate Tour",
    "overview" : "The Ultimate Tour is a reunion tour by British pop group, Take That. The tour, featuring four of the original members of the group Gary Barlow, Jason Orange, Mark Owen and Howard Donald; ran for a total of 32 shows in Britain and Ireland. Sugababes were the supporting act for that year.",
    "genres" : [ {
      "id" : 10402,
      "name" : "Music"
    } ]
  }, {
    "id" : 77784,
    "title" : "Bayern Open - Gerhard Polt und die Biermösl Blosn",
    "overview" : "",
    "genres" : [ ]
  }, {
    "id" : 77789,
    "title" : "aahat93",
    "overview" : "Not worth",
    "genres" : [ ]
  }, {
    "id" : 77794,
    "title" : "I Was Monty's Double",
    "overview" : "The incredible but true story of how an impersonator was recruited to impersonate General Montgomery to mislead the German's about his intentions before the North Africa campaign.",
    "genres" : [ {
      "id" : 10752,
      "name" : "War"
    }, {
      "id" : 36,
      "name" : "History"
    }, {
      "id" : 18,
      "name" : "Drama"
    } ]
  }, {
    "id" : 77799,
    "title" : "Betting Bangarraju",
    "overview" : "Betting Bangarraju is all about a person who took 5 years to finish his degree but never failed in betting. By his capable calculations he always succeeded in all the bets. Such a character when it comes across a damsel what happens next is all the movie about.",
    "genres" : [ {
      "id" : 35,
      "name" : "Comedy"
    }, {
      "id" : 18,
      "name" : "Drama"
    } ]
  }, {
    "id" : 77809,
    "title" : "Boobwatch",
    "overview" : "The sexy stars of Boobwatch aren't just teaching water safety, they're ready to school you on fine art of random sex. Backyard BBQ's, bathtub antics and driveway car washing are just a few of ways these beach bound babes will save the world, one orgasm as a time!",
    "genres" : [ {
      "id" : 35,
      "name" : "Comedy"
    } ]
  }, {
    "id" : 77814,
    "title" : "Saddle The Wind",
    "overview" : "Steve Sinclair is a world a world-weary former gunslinger, now living as a peaceful farmer. Things go wrong when his wild younger brother Tony arrives on the scene with his new bride Joan Blake.",
    "genres" : [ {
      "id" : 37,
      "name" : "Western"
    }, {
      "id" : 28,
      "name" : "Action"
    } ]
  }, {
    "id" : 77824,
    "title" : "Rockula",
    "overview" : "A young vampire cannot lose his virginity because of a curse imposed upon him centuries ago.",
    "genres" : [ {
      "id" : 27,
      "name" : "Horror"
    }, {
      "id" : 35,
      "name" : "Comedy"
    }, {
      "id" : 10402,
      "name" : "Music"
    }, {
      "id" : 10749,
      "name" : "Romance"
    } ]
  }, {
    "id" : 77829,
    "title" : "A Hole in the Head",
    "overview" : "A Hole In The Head examines the development of modern trepanation as used by people in the UK, the US, and the Netherlands for the purpose of attaining a higher level of consciousness. This procedure, used by the ancient Egyptians, Incas and others, is believed by the voluntarily trepanned to allow for renewed brain pulsations that increase brain blood volume and thereby improve brain function. Interviews regarding the history and efficacy of the procedure are also held with some of the world's most respected neurosurgeons and anthropologists.",
    "genres" : [ {
      "id" : 99,
      "name" : "Documentary"
    } ]
  }, {
    "id" : 77844,
    "title" : "Caged",
    "overview" : "After years of suppressing her desires, Stella finds she can no longer ignore her deep-rooted longings. Breaking out of her cage and starting a secret double-life, Stella transforms into a \"unicorn\", a nickname for single women who indulge in a hedonistic lifestyle, visiting sex clubs and erotic parties, and flourishing with all the new attention. Even as her husband uncovers his Stella's secret life, he can't do much more than give her the freedom that she obviously needs, in the hope it's all just a phase. Then one day she finds herself lying unconscious in a basement cell, with no idea how she arrived there. Days go by when an other woman is brought into her cell. Christine, a woman about the same age. In the following days they reveal their life stories to one other. Christine is convinced that the reason for their captivity lies in Stella's lifestyle.",
    "genres" : [ {
      "id" : 53,
      "name" : "Thriller"
    }, {
      "id" : 18,
      "name" : "Drama"
    } ]
  }, {
    "id" : 77849,
    "title" : "Der Mann, der nach der Oma kam",
    "overview" : "",
    "genres" : [ {
      "id" : 35,
      "name" : "Comedy"
    } ]
  }, {
    "id" : 77854,
    "title" : "The Ghosts of Crowley Hall",
    "overview" : "There have been many supposed ghost sightings at Crowley Hall in England. During its life, the hall has had a number of paranormal incidents suggesting the presence of ghosts, and there are ghost stories dating back to the 1950's. Recently, a ghost photo was recovered during renovations at the hall, and this prompted a full ghost investigation there. In early 2007, a small team of paranormal investigators led by Arron Kasady, entered the building to conduct some preliminary tests. Photographs were taken, that produced images of strange orbs in certain rooms, particularly the old children's nursery. Erratic temperature readings were recorded throughout the hall, and the team had the feeling of being constantly watched. The whole event was filmed and photographed for the documentary entitled 'The Ghosts of Crowley Hall'.",
    "genres" : [ {
      "id" : 27,
      "name" : "Horror"
    }, {
      "id" : 28,
      "name" : "Action"
    }, {
      "id" : 99,
      "name" : "Documentary"
    } ]
  }, {
    "id" : 77859,
    "title" : "Ringing Bell",
    "overview" : "Chirin is an innocent though adventurous young lamb whose carefree life on the farm comes to an abrupt end when a wolf murders his mother. Confused and angry, Chirin pursues the wolf into the mountains, seeking revenge. The laws of nature are brutal, however, and hatred alone won't be enough to avenge the loss of his mother. Only the strong survive in the wild, and obtaining that strength may change Chirin forever.",
    "genres" : [ {
      "id" : 16,
      "name" : "Animation"
    }, {
      "id" : 18,
      "name" : "Drama"
    }, {
      "id" : 10751,
      "name" : "Family"
    } ]
  }, {
    "id" : 77864,
    "title" : "That Girl in Yellow Boots",
    "overview" : "An Anglo-Indian woman works in a seedy Mumbai massage parlor while trying to find her long-lost father.",
    "genres" : [ {
      "id" : 18,
      "name" : "Drama"
    }, {
      "id" : 9648,
      "name" : "Mystery"
    } ]
  }, {
    "id" : 77869,
    "title" : "Boris Godunov",
    "overview" : "Modern adaptation of Alexander Pushkin's classical play, written in 1825.",
    "genres" : [ {
      "id" : 18,
      "name" : "Drama"
    } ]
  }, {
    "id" : 77874,
    "title" : "InSight",
    "overview" : "Kaitlyn, an ER nurse who is tending to a young stabbing victim, is accidentally electrocuted by the defibrillator that is used in an effort to save the woman's life. Almost immediately Kaitlyn starts to experience the victim's memories. She turns to family, friends, and the police, but no one takes her seriously. She decides that she must take it upon herself to try to solve the crime - or risk the terrifying visions ending in her own sanity being at stake. Ultimately Kaitlyn teams up with the detective on the case and weaves her way through the victim's past - to discover not only the brutal truth, but also some very unexpected lessons about life, love, sorrow and forgiveness along the way. (official website)",
    "genres" : [ {
      "id" : 53,
      "name" : "Thriller"
    }, {
      "id" : 9648,
      "name" : "Mystery"
    }, {
      "id" : 10769,
      "name" : "Foreign"
    } ]
  }, {
    "id" : 77879,
    "title" : "The Reunion",
    "overview" : "The Cleary brothers, Sam (John Cena), Leo (Ethan Embry) and Douglas (Boyd Holbrook) took dysfunctional families to a new level: Sam and Leo have grown up hating each other and neither likes their juvenile delinquent kid brother, Douglas, to whom they've only recently been introduced. The sons share the same father, a womanizing drunk, but all have different mothers. Their father died a rich man and when they're brought together by their sister Nina (Amy Smart) to learn which of them will inherit the old man`s fortune, they are handed an unpleasant surprise.",
    "genres" : [ {
      "id" : 18,
      "name" : "Drama"
    }, {
      "id" : 28,
      "name" : "Action"
    } ]
  }, {
    "id" : 77884,
    "title" : "Silver Bullets",
    "overview" : "An actress and her filmmaker boyfriend experience turbulence in their relationship when she accepts a role in a werewolf film.",
    "genres" : [ {
      "id" : 27,
      "name" : "Horror"
    } ]
  }, {
    "id" : 77889,
    "title" : "Brides of Blood",
    "overview" : "Americans investigating the results of nuclear radiation discover a man-eating monster on a remote island.",
    "genres" : [ {
      "id" : 27,
      "name" : "Horror"
    }, {
      "id" : 878,
      "name" : "Science Fiction"
    } ]
  }, {
    "id" : 77894,
    "title" : "Das große Comeback",
    "overview" : "",
    "genres" : [ ]
  }, {
    "id" : 77904,
    "title" : "The Rolling Stones: Voodoo in Rio",
    "overview" : "Live Maracana Stadium, Rio de Janeiro, February 4th, 1995 Disc 1: Intro Not fade away You got me rocking It’s all over now Live with me Sparks will fly Satisfaction Out of tears Angie Midnight rambler Rock and a hard place I go wild Miss you Band introductions Honky tonk woman Happy The worst Disc 2: Sympathy for the devil Monkey man Street fighting man Start me up It’s only rock and roll Brown sugar Jumping jack flash Start me up",
    "genres" : [ ]
  }, {
    "id" : 77909,
    "title" : "The Rolling Stones: Tokyo Dome",
    "overview" : "Tokyo, Japan Friday, March 22, 2006 The set list 01. Intro 02. Jumping Jack Flash 03. Let's Spend The Night Together 04. She's So Cold 05. Oh No Not You Again 06. Sway 07. As Tears Go By 08. Tumbling Dice 09. Rain Fall Down 10. Night Time Is The Right Time 11. Band Introductions 12. This Place Is Empty 13. Happy 14. Miss You (to B-stage) 15. Miss you (on B-stage) 16. Rough Justice 17. Get Off Of My Cloud 18. Honky Tonk Women 19. Sympathy For The Devil 20. Paint It Black 21. Start Me Up 22. Brown Sugar 23. You Can't Always Get What You Want 24. Satisfaction",
    "genres" : [ ]
  }, {
    "id" : 77924,
    "title" : "Tell Me O Kkhuda",
    "overview" : "After finding she was adopted as child, a young woman sets out to look for her biological parents.",
    "genres" : [ ]
  }, {
    "id" : 77929,
    "title" : "Qallunaat!",
    "overview" : "Qallunaat! Why White People are Funny is an irreverent look at Western Civilization through Inuit eyes. Inspired by the satirical essays of Zebedee Nungak, the film turns the tables on generations of anthropologists, teachers, adventurers and administrators who went North to pursue their Arctic Dreams. Now it’s their turn to be poked, prodded, examined and explained. A new generation of Inuit is ready to take on the Qalllunaat at their own game. Grounded in their own traditions but educated in the South, they have a unique perspective on the culture that has come to dominate the planet. And they are not afraid to speak their minds.",
    "genres" : [ {
      "id" : 99,
      "name" : "Documentary"
    } ]
  }, {
    "id" : 77934,
    "title" : "The Christmas Bunny",
    "overview" : "The Christmas Bunny tells the story of a lonely foster child (Sophie Bolen) who finds a lost, injured rabbit in the woods on Christmas Eve. The rabbit is nursed back to health by The Bunny Lady (Florence Henderson), who runs a rabbit rescue in an old barn behind her Michigan farmhouse.",
    "genres" : [ {
      "id" : 18,
      "name" : "Drama"
    }, {
      "id" : 10751,
      "name" : "Family"
    }, {
      "id" : 10770,
      "name" : "TV Movie"
    } ]
  }, {
    "id" : 77939,
    "title" : "The False Servant",
    "overview" : "A young woman disguises herself as a knight to expose a gold-digging man divided between her and a Countess.",
    "genres" : [ {
      "id" : 18,
      "name" : "Drama"
    }, {
      "id" : 35,
      "name" : "Comedy"
    } ]
  }, {
    "id" : 77944,
    "title" : "La peggior settimana della mia vita",
    "overview" : "",
    "genres" : [ {
      "id" : 35,
      "name" : "Comedy"
    } ]
  }, {
    "id" : 77949,
    "title" : "The Awakening",
    "overview" : "1921 England is overwhelmed by the loss and grief of World War I. Hoax exposer Florence Cathcart (Hall) visits a boarding school to explain sightings of a child ghost.",
    "genres" : [ {
      "id" : 27,
      "name" : "Horror"
    }, {
      "id" : 53,
      "name" : "Thriller"
    } ]
  }, {
    "id" : 77954,
    "title" : "Restoration",
    "overview" : "A drama about a family's effort to save their antique restoration business.",
    "genres" : [ {
      "id" : 18,
      "name" : "Drama"
    } ]
  }, {
    "id" : 77959,
    "title" : "Turbo Charged Prelude to 2 Fast 2 Furious",
    "overview" : "Turbo-Charged Prelude is a 2003 short film, directed by Philip Atwell, featuring Paul Walker, reprising his role as Brian O'Conner, in a short series of sequences which bridge The Fast and The Furious with its first sequel, 2 Fast 2 Furious",
    "genres" : [ {
      "id" : 28,
      "name" : "Action"
    } ]
  }, {
    "id" : 77964,
    "title" : "That Certain Woman",
    "overview" : "A gangster's widow fights for love despite society's disapproval.",
    "genres" : [ {
      "id" : 18,
      "name" : "Drama"
    }, {
      "id" : 10749,
      "name" : "Romance"
    } ]
  }, {
    "id" : 77969,
    "title" : "Little Chenier",
    "overview" : "LITTLE CHENIER: A CAJUN STORY is the story of a young man who lives a simple life on a houseboat in the Louisiana bayou with his mentally handicapped brother until one is accused of a crime in the small town.",
    "genres" : [ {
      "id" : 18,
      "name" : "Drama"
    } ]
  }, {
    "id" : 77974,
    "title" : "Wizards On Deck With Hannah Montana",
    "overview" : "Three Disney Channel shows come together in \"Wizards On Deck With Hanna Montana\". Justin wins a Cruise to Hawaii — and a chance to meet London. Justin and Max do their best to win the heiress's affection, while Cody tries to win concert tickets, and Alex accuses Zack of being a prankster. The excitement goes overboard when Hannah Montana checks in on her way to a concert in Hawaii.",
    "genres" : [ {
      "id" : 10751,
      "name" : "Family"
    } ]
  }, {
    "id" : 77979,
    "title" : "WordWorld: Pirate Sheep",
    "overview" : "Pirate Sheep: SHEEP, DUCK, and SHARK find a message in a bottle at the beach which leads them to a special treasure! Superhero Sheep: SHEEP becomes WordWorld's first superhero, saving the day with the letter S! Mail Mix Up: DUCK offers to help KANGAROO deliver the mail to his WORDFRIENDS, and causes chaos when he accidentally delivers the wrong letters to everyone. Wee Little Whale: SHEEP rescues a tiny whale and brings her home to live in her haystack. But what happens when WHALE starts to grow?",
    "genres" : [ ]
  }, {
    "id" : 77984,
    "title" : "Without Honor",
    "overview" : "Though well past 50, Harry Carey could still play a virile and convincing cowboy hero in such inexpensive westerns as Without Honors. Carey is cast as Jack Marian, a gambler with an unsavory past. Suspected of being an outlaw, Carey plays along with this misconception, the better to infiltrate a gang of smugglers. Along the way, he clears the name of the brother of Texas ranger Mike Donovan, and helps patch up the romance between Donovan and heroine Mary Jane Irving. Among the supporting players are Gibson Gowland, previously the star of Erich Von Stroheim's silent classic Greed, and the \"ever popular\" Mae Busch, taking a break from her usual duties in the Laurel and Hardy comedies.",
    "genres" : [ {
      "id" : 37,
      "name" : "Western"
    } ]
  }, {
    "id" : 77989,
    "title" : "Karasi",
    "overview" : "Караси - это семья, проживающая в российском городе-миллионнике. Полковник Карась - военный человек, его жена Лариса - врач-гинеколог, их дочь Вероника - аспирантка и несчастливая влюбленная, а сын Андрей - красавец и ловелас. Главная коллизия сценария - необходимость срочной женитьбы Андрея, иначе квартира, которую вот-вот получит полковник для сына будет лишь однокомнатной. Андрей пытается выполнить пожелание родителей, но все его бывшие подружки отказываются выходить за него замуж. Тогда он знакомится с Соней - кривоногой и некрасивой. Девушка без оглядки влюбляется в Андрея...",
    "genres" : [ {
      "id" : 35,
      "name" : "Comedy"
    } ]
  }, {
    "id" : 77994,
    "title" : "Egorino Gore",
    "overview" : "У Егора проблемы. Он занял денег для продюсирования молодых дарований, а молодые дарования, попользовавшись им – ушли к другому музыкальному продюсеру. Теперь Егор должен до конца недели вернуть деньги гламурному бандиту Максимилиану, или представить ему новую талантливую звезду, иначе ему конец. Понимая, что за такой короткий срок он не найдёт ни денег ни звезды, Егор сматывается из Москвы «куда глаза глядят» и оказывается в городке «Глухомань». Там он обманом проникает на дебаркадер к сотруднику рыбнадзора Степанычу, у которого планирует отсидеться, пока не решит, что делать дальше. События развиваются стремительно, и вот уже разъярённый Максимилиан и его головорезы в «Глухомани». На защиту Егора встаёт Степаныч, очаровательная почтальонша Катя, и собака Килька. Это фильм о том, как русская глубинка изменила жизнь неудачливого молодого продюсера: подарила ему любовь и исправила ошибки прошлого. Счастье рядом, просто его нужно заметить.",
    "genres" : [ {
      "id" : 35,
      "name" : "Comedy"
    } ]
  }, {
    "id" : 77999,
    "title" : "The Romanovs: A Crowned Family",
    "overview" : "The story of the last year and a half of Tsar Nicholas II and his family from the February Revolution of 1917 to their execution in July 1918.",
    "genres" : [ {
      "id" : 10749,
      "name" : "Romance"
    }, {
      "id" : 36,
      "name" : "History"
    }, {
      "id" : 18,
      "name" : "Drama"
    } ]
  }, {
    "id" : 78004,
    "title" : "Kromov",
    "overview" : "Alexey Kromov, a former Russian army colonel, is stuck in Paris with a huge sum of money which belong to the former Russian government.",
    "genres" : [ {
      "id" : 18,
      "name" : "Drama"
    }, {
      "id" : 36,
      "name" : "History"
    } ]
  }, {
    "id" : 78009,
    "title" : "غاوي مشاكل",
    "overview" : "",
    "genres" : [ ]
  }, {
    "id" : 78019,
    "title" : "Motorkavaljerer",
    "overview" : "",
    "genres" : [ ]
  }, {
    "id" : 78024,
    "title" : "Who is J.O.B",
    "overview" : "The story of how a towheaded, semi-deaf haole born on the North Shore of Oahu to a wild Australian father became one of the most controversial surfers renown for his presence in the barrel. A peak into how Jamie O’Brien was weaned to throw himself over Pipeline ledges translating into a life-long adventure. Draining bombs, tweaked airs, broken legs, Tavarua, Nias, Tea- hupoo, P Pass, Chungu, and Hawaii; this will be the movie of the year.",
    "genres" : [ {
      "id" : 99,
      "name" : "Documentary"
    } ]
  }, {
    "id" : 78029,
    "title" : "Scratching The Surface",
    "overview" : "Directed by Matt Beauchesne at Irons Brothers Productions, \"Scratching the Surface\" documents the adventures of Julian, along with friends and fellow professionals Dane Reynolds, Taj Burrow, Dusty Payne, Mick Fanning and others as they spend a year hitting some of the world's most beautiful surf spots. Destinations include South Africa, Australia, Indonesia, Mexico, Nicaragua, Panama, California, Hawaii, France, Spain and Brazil. A large part of the film was also shot in the Mentawai Islands of Indonesia on a boat trip with Dane, Dusty and Taj. \"Scratching The Surface\" also teamed Julian and Matt with Brain Farm Cinema, whose goal was to evolve the way surf films are made by utilizing helicopters and The Phantom Camera, shooting entirely in HD, and incorporating an energetic and unique soundtrack.",
    "genres" : [ ]
  }, {
    "id" : 78034,
    "title" : "Jesse Jane: All-American Girl",
    "overview" : "Jesse Jane: All-American Girl tells the fun and provocative story of a popular girl, coming of age in prep school. She playfully embraces her sexuality in a delicious tale of lost innocence.",
    "genres" : [ ]
  }, {
    "id" : 78044,
    "title" : "The Pact",
    "overview" : "A pair of young lovers, one depressed, decide to end their lives together in a suicide pact.",
    "genres" : [ ]
  }, {
    "id" : 78049,
    "title" : "The Scorpion King 3: Battle for Redemption",
    "overview" : "Since his triumphant rise to power in the original blockbuster \"The Scorpion King\", Mathayus' kingdom has fallen and he's lost his queen to plague. Now an assassin for hire, he must defend a kingdom from an evil tyrant and his ghost warriors for the chance to regain the power and glory he once knew. Starring Ron Perlman (\"Hellboy\") and Billy Zane (\"Titanic\"), and featuring 6-time WWE champion Dave Bautista and UFC star Kimbo Slice, \"The Scorpion King 3: Battle for Redemption\" takes \"The Mummy\" phenomenon to an all-new level of epic action and non-stop adventure.",
    "genres" : [ {
      "id" : 28,
      "name" : "Action"
    }, {
      "id" : 14,
      "name" : "Fantasy"
    }, {
      "id" : 12,
      "name" : "Adventure"
    } ]
  }, {
    "id" : 78054,
    "title" : "Stampede",
    "overview" : "Brothers Mike and Tim McCall own a large ranch in Arizona, using the surrounding lands for grazing cattle. Stanley Cox and LeRoy Stanton sell this land to settlers who arrive to find it bone dry, as a dam on the McCall ranch controls the water. Among the settlers are John Dawson and his daughter Connie. The latter goes to the nearest town to take action, but Sheriff Ball tells him there is nothing he can do. Tim falls for Connie but Mike is unimpressed with her charms. While returning from a town dance, Tim discovers Stanton trying to dynamite the dam, and is killed in the ensuing gunfight. Stanton later sends his men to stampede the cattle while he and Cox blow up the dam. Despite the efforts of Mike and Sheriff Ball, the cattle are wiped out and Mike races to the dam and kills Stanton in a gunfight.",
    "genres" : [ {
      "id" : 37,
      "name" : "Western"
    }, {
      "id" : 28,
      "name" : "Action"
    } ]
  }, {
    "id" : 78059,
    "title" : "Call Me Mrs. Miracle",
    "overview" : "Mrs Merkle (or Mrs. Miracle as she is know by some) finds herself in a toy department of a department store that is having all kinds of financial problems, but leave it to this kind lady as she will get the Christmas spirit flowing very freely at this store.",
    "genres" : [ {
      "id" : 14,
      "name" : "Fantasy"
    }, {
      "id" : 18,
      "name" : "Drama"
    }, {
      "id" : 10751,
      "name" : "Family"
    }, {
      "id" : 10770,
      "name" : "TV Movie"
    } ]
  }, {
    "id" : 78069,
    "title" : "Love is the Only Answer",
    "overview" : "During Bo (Charmaine Sheh) and Cheong's (Alex Fong) wedding reception, a video clip intending to show their journey of love suddenly flashes a clip of Cheong being intimate with another woman. This leads to the cancellation of the wedding. A year has passed and the single Bo and flirty Cheong maintains their relationship as good friends. One day, the womanizer Cheong brings the conservative Bo to a wife swapping party, at the party, they meet Kit (Him Law) and his wife Man Lai (Kelly Fu). The four developed a romantic and passionate relationship...",
    "genres" : [ {
      "id" : 35,
      "name" : "Comedy"
    }, {
      "id" : 10749,
      "name" : "Romance"
    } ]
  }, {
    "id" : 78074,
    "title" : "Adaalat",
    "overview" : "Adaalat is an Indian television courtroom drama series which revolves around 'Advocate K.D Pathak', a defense lawyer with an impeccable track record of winning cases and setting an hapless innocent victim free, but not at the cost of upholding the truth.",
    "genres" : [ ]
  }, {
    "id" : 78079,
    "title" : "Hero",
    "overview" : "Medieval fable of sorcery and witchcraft in a remote corner of the Scottish highlands.",
    "genres" : [ {
      "id" : 18,
      "name" : "Drama"
    }, {
      "id" : 28,
      "name" : "Action"
    }, {
      "id" : 10769,
      "name" : "Foreign"
    } ]
  }, {
    "id" : 78084,
    "title" : "The Hidden History of Homosexual Australia",
    "overview" : "A documentary on the impact of gay and lesbian people in Australia.",
    "genres" : [ {
      "id" : 99,
      "name" : "Documentary"
    } ]
  }, {
    "id" : 78089,
    "title" : "Where Does It Hurt?",
    "overview" : "In this classic hospital farce, Peter Sellers plays Dr. Albert T. Hopfnagel, a greedy, crooked hospital administrator who has perfected the art of bill padding, unnecessary surgery and kickbacks. Mistrusted by patients, and resented by other staffers, his assistant Alice can no longer endure his scams and plots to have him sent to prison - but not for long enough. Sellers again steals the show with an absurd and hilarious character study.",
    "genres" : [ {
      "id" : 35,
      "name" : "Comedy"
    } ]
  }, {
    "id" : 78094,
    "title" : "Sunday Too Far Away",
    "overview" : "Friday night he's too tired. Saturday night too drunk.",
    "genres" : [ {
      "id" : 18,
      "name" : "Drama"
    } ]
  }, {
    "id" : 78099,
    "title" : "My Penis and Everyone Else's",
    "overview" : "My Penis And Everyone Else’s challenges society’s stereotypes of masculinity as well as getting to the heart of why men are so fixated with their members. Emotional, revelatory, and intensely engaging, this film takes on one of society’s last taboos and culminates in one of the most daring exhibitions ever seen in the UK, as Lawrence puts together the world’s largest collection of penis portraiture ever seen! “I do think pornography and the way it seeped into culture has had some effect because it’s so saturated, it’s so become a norm that people are seeing sex and their bodies through a completely distorted lens.”",
    "genres" : [ ]
  }, {
    "id" : 78104,
    "title" : "Hatalyan (The Hangman)",
    "overview" : "The life of Shalom, The Nazi major officer Adolf Eichmann's hangman, turned ritual slaughterer, encapsulates the story of Israel from the perspective of the 'other'- the marginalized Sephardi prison warden who is forced to do the dirty work of hanging the arch enemy and thus to carry a national burden that dramatically shaped his life. His job in the abattoir, together with his memories of his past, create a fascinating and complex portrait. His voice, yet unheard, from the edge of Israel's historical events, reveals new insights through his unique perspective. Shalom's clear, alternative voice from the margins of society carries a deeply humanistic universal message.",
    "genres" : [ {
      "id" : 99,
      "name" : "Documentary"
    }, {
      "id" : 18,
      "name" : "Drama"
    }, {
      "id" : 36,
      "name" : "History"
    } ]
  }, {
    "id" : 78109,
    "title" : "Garto",
    "overview" : "Close to the river we find the lizard Garto. Abe, the bumblebee, will take Garto out of boredom, and will make him live a day full of adventure",
    "genres" : [ ]
  }, {
    "id" : 78114,
    "title" : "Perfect Education 5: Amazing Story",
    "overview" : "Because of the desolate landscape, Kobayashi chose snow-covered Hokkaido (the most northern island of Japan) as the setting for Amazing Story, a light-erotic drama about a lonely man, Kenji, who kidnaps the woman of his dreams. The woman is Harumi, a hairdresser in the deserted town where Kenji has just arrived. It's never really busy in her business. Harumi's husband is a gambling addict and spends all Harumi's money. Maybe that's why Harumi doesn't try very hard to escape when Kenji kidnaps her. His concern about her and his boundless worship probably help, too. Something strange and beautiful blossoms between the kidnapper and his victim, but can this be the basis of a long and happy encounter?",
    "genres" : [ {
      "id" : 18,
      "name" : "Drama"
    }, {
      "id" : 53,
      "name" : "Thriller"
    }, {
      "id" : 10749,
      "name" : "Romance"
    }, {
      "id" : 10769,
      "name" : "Foreign"
    } ]
  }, {
    "id" : 78124,
    "title" : "Impy's Wonderland",
    "overview" : "The German-language CG-animated fantasy Urmel voll in Fahrt concerns a winged baby dinosaur who inhabits an island in the middle of the ocean with a group of loveable animal friends. Everything changes, however, when a dimwitted dinosaur hunter turns up and lures the creature back to captivity (via his luxury yacht) with rather sinister plans for his discovery.",
    "genres" : [ {
      "id" : 16,
      "name" : "Animation"
    }, {
      "id" : 12,
      "name" : "Adventure"
    }, {
      "id" : 10751,
      "name" : "Family"
    }, {
      "id" : 14,
      "name" : "Fantasy"
    } ]
  }, {
    "id" : 78129,
    "title" : "I Am Cuba, The Siberian Mammoth",
    "overview" : "Contemporary film critics regard the epic film I Am Cuba as a modern masterpiece. The 1964 Cuban/Soviet coproduction marked a watershed moment of cultural collaboration between two nations. Yet the film never found a mass audience, languishing for decades until its reintroduction as a \"classic\" in the 1990s. Vicente Ferraz explores the strange history of this cinematic tour de force, and the deeper meaning for those who participated in its creation.",
    "genres" : [ {
      "id" : 99,
      "name" : "Documentary"
    }, {
      "id" : 10769,
      "name" : "Foreign"
    } ]
  }, {
    "id" : 78134,
    "title" : "Nelly",
    "overview" : "The four days following the death of a small town doctor, seen through the eyes of Nelly, his wife, a nurse.",
    "genres" : [ {
      "id" : 18,
      "name" : "Drama"
    } ]
  }, {
    "id" : 78139,
    "title" : "Lupin the Third: Alcatraz Connection",
    "overview" : "In San Fransico, California; Lupin and his gang attempt to find the where abouts of some Gold Bars in a sunken ship that's off coast of Alcatraz Island. But a so called group called the Society Seven want the gold bars for their own reasons. The Society Seven is made up of 7 dangerous criminals. They also have a deep connection with Alcatraz Island and the assassination of the late President John Fritzgerald Kennedy.",
    "genres" : [ {
      "id" : 12,
      "name" : "Adventure"
    }, {
      "id" : 16,
      "name" : "Animation"
    }, {
      "id" : 35,
      "name" : "Comedy"
    }, {
      "id" : 10770,
      "name" : "TV Movie"
    } ]
  }, {
    "id" : 78149,
    "title" : "An Alan Smithee Film: Burn, Hollywood, Burn",
    "overview" : "Filmmaker Alan Smithee finds himself the unwilling puppet of a potentially bad, big budget action film which he proceeds to steal the reels and leave the cast and crew in a frenzy.",
    "genres" : [ {
      "id" : 35,
      "name" : "Comedy"
    } ]
  } ]
}