{
  "movies" : [ {
    "id" : 31954,
    "title" : "Sub Zero",
    "overview" : "A device that controls a powerful Russian-made satellite weapon is stolen by Russian terrorists, who try to escape by flying out but are shot down. The device is now on top of K2. The device is still active and where it will strike is indeterminable. The good guys have to get to the device and deactivate it. Only trouble, it's winter and it'll be difficult to climb K2. A few of the best mountain climbers in the world are recruited to take techs who can deactivate the device to the top of K2. However, before the climbing party leaves, a team member dies, and it might not be natural causes. The group who stole the device might have someone on the team. But they still go on.",
    "genres" : [ {
      "id" : 53,
      "name" : "Thriller"
    } ]
  }, {
    "id" : 31979,
    "title" : "Played",
    "overview" : "An examination of the malevolent London underworld with it's despicable criminal underground. Ray (Mick Rossi) just finished an eight year prison sentence after getting set up. Now he is back on the streets to settle the score.",
    "genres" : [ {
      "id" : 53,
      "name" : "Thriller"
    }, {
      "id" : 80,
      "name" : "Crime"
    }, {
      "id" : 10769,
      "name" : "Foreign"
    } ]
  }, {
    "id" : 31984,
    "title" : "Satellite in the Sky",
    "overview" : "A bomb dooms the first space satellite, manned by a selfless crew, a stowaway reporter (Lois Maxwell) and a mad scientist (Donald Wolfit).",
    "genres" : [ {
      "id" : 878,
      "name" : "Science Fiction"
    }, {
      "id" : 53,
      "name" : "Thriller"
    } ]
  }, {
    "id" : 31989,
    "title" : "I Love You Goodbye",
    "overview" : "All her life, Lizelle Jimenez  has always searched for love. When she met Dr. Adrian Benitez, she couldn’t ask for more. He showered her with love and affection and she has never felt so special. There is one thing Lizelle is struggling with as they live together- fitting in Adrian’s world. Coming from humble beginnings, Lizelle finds it difficult to belong.",
    "genres" : [ {
      "id" : 18,
      "name" : "Drama"
    }, {
      "id" : 10749,
      "name" : "Romance"
    } ]
  }, {
    "id" : 31999,
    "title" : "Slippery Slope",
    "overview" : "A cash strapped feminist filmmaker secretly takes a job directing a porn film in order to get her thesis film, \"Feminism For Dummies\" out of the lab. Soon, her own slumbering sexuality is awakened in surprising ways. This arouses the suspicion of her politically correct husband, Hugh, and leads to a madcap finale of mistaken identity that threatens to upend Gillian's best laid plans.",
    "genres" : [ {
      "id" : 35,
      "name" : "Comedy"
    }, {
      "id" : 10749,
      "name" : "Romance"
    } ]
  }, {
    "id" : 32004,
    "title" : "The Wedding Night",
    "overview" : "While working on a novel in his country home in Connecticut, married writer Tony Barrett (Cooper) becomes attracted to Manya (Sten), the daughter of a neighboring farmer. Manya is unhappily engaged to Frederik (Bellamy). Due to a snowstorm, Tony and Manya are trapped together in his house overnight. The next day, Manya's father insists her wedding to Frederik take place in spite of Manya's misgivings. Drunkenness and jealousy result in tragedy at the wedding reception that night.",
    "genres" : [ {
      "id" : 18,
      "name" : "Drama"
    }, {
      "id" : 10749,
      "name" : "Romance"
    } ]
  }, {
    "id" : 32009,
    "title" : "Dead Wood",
    "overview" : "Four friends escape the grime of the city and head out into the woods for a peaceful, relaxing weekend...",
    "genres" : [ {
      "id" : 27,
      "name" : "Horror"
    }, {
      "id" : 10769,
      "name" : "Foreign"
    } ]
  }, {
    "id" : 32014,
    "title" : "Timerider: The Adventure of Lyle Swann",
    "overview" : "Lyle Swann is a successful off-road racer who mistakenly gets sent back in time 100 years. When a band of outlaws robs Swann of his motorcycle, he's forced to outfox the gangsters and give in to the seductions of a gorgeous local lady. With only his smarts and a map from an Exxon station, Lyle must try to make it out of the Old West alive and find a way back to modern times.",
    "genres" : [ {
      "id" : 28,
      "name" : "Action"
    }, {
      "id" : 878,
      "name" : "Science Fiction"
    }, {
      "id" : 37,
      "name" : "Western"
    } ]
  }, {
    "id" : 32019,
    "title" : "Wooly Boys",
    "overview" : "Grizzled North Dakota rancher Stoney heads to the big city to see his daughter and winds up bonding with the grandson he never knew in this heartwarming tale. Stoney's city-bred grandson, Charles, tricks him into getting help for a serious health issue. But with the aid of his rancher pal, Stoney escapes the hospital with Charles in tow.",
    "genres" : [ {
      "id" : 28,
      "name" : "Action"
    }, {
      "id" : 35,
      "name" : "Comedy"
    }, {
      "id" : 18,
      "name" : "Drama"
    } ]
  }, {
    "id" : 32029,
    "title" : "The Domino Principle",
    "overview" : "Tucker is a chronic underachiever and a loser. A Vietnam war veteran who just can't seem to keep out of trouble, in the years since his discharge. The only thing he got out of the war was his skill with a rifle. Now, serving a long stretch in prison for murder, he has hit rock-bottom. But one day a man in a three-piece suit visits him in prison, a man he has never seen before, and informs him that he can walk out of prison a free man if he will shoot someone for them, no questions asked.",
    "genres" : [ {
      "id" : 18,
      "name" : "Drama"
    }, {
      "id" : 80,
      "name" : "Crime"
    } ]
  }, {
    "id" : 32034,
    "title" : "Puppet on a Chain",
    "overview" : "Special agent Taube is on the case of a deadly heroin smuggling operation. This one is notable for an amazing power boat chase through the canals and waterways of Amsterdam",
    "genres" : [ {
      "id" : 53,
      "name" : "Thriller"
    } ]
  }, {
    "id" : 32039,
    "title" : "The Killing Time",
    "overview" : "After bagging his latest victim, a murderous sociopath (Kiefer Sutherland) decides to steal the dead man's identity and pose as the deputy of a remote coastal town, where the local sheriff (Beau Bridges) and his lover (Camelia Kath) are cooking up a few misdeeds of their own: namely, to kill the mistress's husband (Wayne Rogers) and pin the crime on the fledgling deputy. But in this town of half-truths, nobody's secret is safe.",
    "genres" : [ {
      "id" : 28,
      "name" : "Action"
    }, {
      "id" : 53,
      "name" : "Thriller"
    }, {
      "id" : 9648,
      "name" : "Mystery"
    }, {
      "id" : 10749,
      "name" : "Romance"
    } ]
  }, {
    "id" : 32044,
    "title" : "California Split",
    "overview" : "A down on his luck gambler links up with free spirit Elliot Gould at first to have some fun on, but then gets into debt when Gould takes an unscheduled trip to Tijuana. As a final act of desperation, he pawns most of his possessions and goes to Reno for the poker game of a lifetime. A film set mainly in casinos and races, as the two win and lose (but mainly win), get robbed, and get blind drunk.",
    "genres" : [ {
      "id" : 35,
      "name" : "Comedy"
    }, {
      "id" : 18,
      "name" : "Drama"
    } ]
  }, {
    "id" : 32049,
    "title" : "Best of the Best 2",
    "overview" : "In an underground fight club, blackbelt Travis Brickley is killed after losing to the evil martial arts master Brakus. Travis' death is witnessed by Walter Grady, the son of his best friend Alex Grady. Alex and his partner, Tommy Lee, vow to avenge their friend's death by defeating Brakus and shutting down the fight club.",
    "genres" : [ {
      "id" : 28,
      "name" : "Action"
    }, {
      "id" : 53,
      "name" : "Thriller"
    } ]
  }, {
    "id" : 32054,
    "title" : "Hope and Glory",
    "overview" : "British writer/director John Boorman (The Emerald Forest) draws us into an astonishing and exhilarating portrait of his own childhood, set against the terrors of a London torn apart by the onset of WWII. Seven-year-old Billy Rohan (Sebastian Rice Edwards) finds his childhood to be atime of great dangerand even greater discovery. From thunderous bombings at his own doorstep andthe constant threat of Luftwaffe air raids to the landing of a German paratrooper in his neighborhood and the joyous obliteration of his much-hated school, Billy's young life is shapedand even enrichedby the one positive thing war has brought him: liberation from the ordinary. And though Billy is surrounded by decimation and the smoking remnants of ruined lives, his sense of enchanted wonderment and innocence in the face of man's most destructive folly affect him in a way that alters his life forever.",
    "genres" : [ {
      "id" : 18,
      "name" : "Drama"
    }, {
      "id" : 10752,
      "name" : "War"
    } ]
  }, {
    "id" : 32059,
    "title" : "The January Man",
    "overview" : "Nick and Frank Starkey were both policemen. A scandal forced Nick to leave the force, now a serial killer has driven the police to take him back. A web that includes Frank's wife, bribery, and corruption all are in the background as Nick tries to uncover the secret of where the killer will strike next, and finally must lay a trap without the police.",
    "genres" : [ {
      "id" : 80,
      "name" : "Crime"
    }, {
      "id" : 9648,
      "name" : "Mystery"
    }, {
      "id" : 53,
      "name" : "Thriller"
    } ]
  }, {
    "id" : 32064,
    "title" : "The Time Guardian",
    "overview" : "In the distant future, the human race nears extinction and a new race of beast-like creatures rule the earth. The few surviving people live in the City, a huge protected construction with the ability to travel in both space and time. The City travels back to our time to save humanity...",
    "genres" : [ {
      "id" : 878,
      "name" : "Science Fiction"
    } ]
  }, {
    "id" : 32069,
    "title" : "Inserts",
    "overview" : "A young, once-great Hollywood film director refuses to accept changing times during the early 1930s, and confines himself to his decaying mansion to make silent porn flicks.",
    "genres" : [ {
      "id" : 18,
      "name" : "Drama"
    }, {
      "id" : 35,
      "name" : "Comedy"
    } ]
  }, {
    "id" : 32074,
    "title" : "Company Business",
    "overview" : "An aging agent is called back by \"the Company\" to run a hostage trade of a Soviet spy for an American agent.",
    "genres" : [ {
      "id" : 28,
      "name" : "Action"
    }, {
      "id" : 53,
      "name" : "Thriller"
    } ]
  }, {
    "id" : 32079,
    "title" : "Cohen and Tate",
    "overview" : "A boy kidnapped by two mismatched hitmen puts them at each other's throats while being driven to their employers, possibly to be killed. Cohen, an older professional becomes increasingly irritated with his partner Tate, a brutish killer, when their prisoner uses unnatural guile and resourcefulness to play them off against each other.",
    "genres" : [ {
      "id" : 80,
      "name" : "Crime"
    }, {
      "id" : 53,
      "name" : "Thriller"
    } ]
  }, {
    "id" : 32084,
    "title" : "Lebanon",
    "overview" : "June, 1982 - The First Lebanon War. A lone tank and a paratroopers platoon are dispatched to search a hostile town - a simple mission that turns into a nightmare. The four members of a tank crew find themselves in a violent situation that they cannot contain. Motivated by fear and the basic instinct of survival, they desperately try not to lose themselves in the chaos of war.",
    "genres" : [ {
      "id" : 18,
      "name" : "Drama"
    }, {
      "id" : 10752,
      "name" : "War"
    } ]
  }, {
    "id" : 32089,
    "title" : "Toot, Whistle, Plunk and Boom",
    "overview" : "In this short subject (which mostly represents a departure from Disney's traditional approach to animation), a stuffy owl teacher lectures his feathered flock on the origins of Western musical instruments. Starting with cavepeople, whose crude implements could only \"toot, whistle, plunk and boom,\" the owl explains how these beginnings led to the development of the four basic types of Western musical instruments: brass, woodwinds, strings, and percussion.",
    "genres" : [ {
      "id" : 16,
      "name" : "Animation"
    } ]
  }, {
    "id" : 32099,
    "title" : "The Rose of the Rascal",
    "overview" : "The life of Irwin Goodman, a Finnish singer.",
    "genres" : [ {
      "id" : 10402,
      "name" : "Music"
    }, {
      "id" : 18,
      "name" : "Drama"
    } ]
  }, {
    "id" : 32109,
    "title" : "Carry On Spying",
    "overview" : "Carry On favourite Barbara Windsor makes her debut in this outrageous send-up of the James Bond movies. Fearless agent Desmond Simpkins and James Bind, aided and abetted by the comely Agent Honeybutt and Agent Crump, battle against the evil powers of international bad guys STENCH and their three cronies.",
    "genres" : [ {
      "id" : 35,
      "name" : "Comedy"
    } ]
  }, {
    "id" : 32114,
    "title" : "Whitney Houston: The Greatest Hits",
    "overview" : "\"If the voice is a musical instrument,\" Time magazine once said, \"hers is a Stradivarius.\" Yet Whitney Houston is so much more than just a legendary voice. As a singer, performer, actress and style icon, she has captivated the world like no other artist in history.",
    "genres" : [ {
      "id" : 10402,
      "name" : "Music"
    } ]
  }, {
    "id" : 32119,
    "title" : "The Boys of St. Vincent",
    "overview" : "The true story of boys being sexually abused at their orphanage ran by a religious community in Newfoundland.",
    "genres" : [ {
      "id" : 18,
      "name" : "Drama"
    } ]
  }, {
    "id" : 32124,
    "title" : "Dare",
    "overview" : "A drama centered around three high school seniors - an aspiring actress, her misfit best friend, and a loner - who become engaged in an intimate and complicated relationship.",
    "genres" : [ {
      "id" : 18,
      "name" : "Drama"
    }, {
      "id" : 53,
      "name" : "Thriller"
    } ]
  }, {
    "id" : 32134,
    "title" : "Bal Ganesh",
    "overview" : "The film is about the childhood of Lord Ganesh. The film covers a) Lord Ganesh's birth and b) The story behind Lord Ganesh's voracious appetite which recalls the incident of Lord Kubera inviting Lord Shiva and Goddess Parvathi for a feast and the consequential events",
    "genres" : [ {
      "id" : 16,
      "name" : "Animation"
    }, {
      "id" : 10751,
      "name" : "Family"
    }, {
      "id" : 10769,
      "name" : "Foreign"
    } ]
  }, {
    "id" : 32139,
    "title" : "Soccer Dog: The Movie",
    "overview" : "A heart-warming comedy about the friendship between the new kid in town and a soccer-playing dog on the lam from the dog-catcher. It's up to these two underdogs to win the PeeWee Soccer League championship game.",
    "genres" : [ {
      "id" : 35,
      "name" : "Comedy"
    }, {
      "id" : 10751,
      "name" : "Family"
    } ]
  }, {
    "id" : 32144,
    "title" : "The Proposition",
    "overview" : "Father Michael McKinnon goes from the UK to Boston circa 1935. For unknown reasons, he avoids at all costs the most prominent parishioners, Arthur and Eleanor Barret. Meanwhile Eleanor and Arthur desperately want to have a child, but Arthur is sterile, so they hire Harvard law student Roger Martin to impregnate Eleanor, but unfortunately Roger falls in love with her.",
    "genres" : [ {
      "id" : 18,
      "name" : "Drama"
    }, {
      "id" : 10749,
      "name" : "Romance"
    } ]
  }, {
    "id" : 32149,
    "title" : "Once Upon a Time",
    "overview" : "The film is a heist comedy set in 1940s Korea, and stars Park Yong-woo and Lee Bo-young as a con artist and jazz singer who each plot to steal a valuable diamond from the Japanese authorities.",
    "genres" : [ {
      "id" : 12,
      "name" : "Adventure"
    }, {
      "id" : 28,
      "name" : "Action"
    }, {
      "id" : 35,
      "name" : "Comedy"
    }, {
      "id" : 10769,
      "name" : "Foreign"
    } ]
  }, {
    "id" : 32159,
    "title" : "Bloody Tie",
    "overview" : "In this uncompromising vision of the gritty Korean underworld, a crystal meth dealer with a tragic past is forced to team up with a renegade cop to take down a powerful crime lord. Reminiscent of the Hong Kong action films of the 80’s but full of the dark and unpredictable machismo of Korean cinema today, Bloody Ties is a sinister and vicious film noir thriller.",
    "genres" : [ {
      "id" : 18,
      "name" : "Drama"
    }, {
      "id" : 28,
      "name" : "Action"
    }, {
      "id" : 53,
      "name" : "Thriller"
    }, {
      "id" : 80,
      "name" : "Crime"
    }, {
      "id" : 10769,
      "name" : "Foreign"
    } ]
  }, {
    "id" : 32164,
    "title" : "Divergence",
    "overview" : "A cop, a lawyer, and an assassin cross paths after the murder of a federal witness and the kidnapping of a famous pop star.",
    "genres" : [ {
      "id" : 28,
      "name" : "Action"
    }, {
      "id" : 53,
      "name" : "Thriller"
    }, {
      "id" : 10769,
      "name" : "Foreign"
    } ]
  }, {
    "id" : 32169,
    "title" : "Can Go Through Skin",
    "overview" : "A brutal assault changes Marieke's life. She leaves her familiar city rhythms for the solitude of a isolated house in the countryside. Her irrational fears on the frozen farm are a constant struggle. As spring's orchestra begins, her curiosity for new things that cover the cold rot of winter pull her out of the suffocating interior of her mind. Slowly she accepts the help of John, her neighbour.",
    "genres" : [ {
      "id" : 18,
      "name" : "Drama"
    }, {
      "id" : 10769,
      "name" : "Foreign"
    } ]
  }, {
    "id" : 32174,
    "title" : "A Funny Thing Happened on the Way to the Moon",
    "overview" : "Are the manned moon landings of Apollo one of the greatest hoaxes ever devised - perhaps even the greatest government conspiracy of all time? Were the moon walks filmed in a secret studio? Do you believe in the Moon Landing Hoax? The evidence will surprise you!",
    "genres" : [ {
      "id" : 99,
      "name" : "Documentary"
    } ]
  }, {
    "id" : 32179,
    "title" : "Crusty Demons: The Eighth Dimension",
    "overview" : "Finally! What you all have been waiting for, The 8th Dimention is now avilable on DVD. -13 minutes of bonus footage -Extra insane crashes and high flying action -Behind the scene antics with the Fleshwound Crew -Directors' Commentary and MORE!!!",
    "genres" : [ ]
  }, {
    "id" : 32184,
    "title" : "Crusty Demons of Dirt 12: The Dirty Dozen",
    "overview" : "They Are Back! Jumping dirt bikes over fire, buildings, and any thing In their way. You Name it, they've Done It! Take a journey with Crusty Demons throughout Australia, New Zealand, and Tasmania. See the secret riding spots in America &amp; exotic India. Crusty Demons: Dirty Dozen Is filled with the best riders In the world making the most impossible possible!",
    "genres" : [ ]
  }, {
    "id" : 32189,
    "title" : "Crusty Demons: Night Of World Records II",
    "overview" : "The most spectacular and death-defying jump-off in extreme sports history. Seth Enslow, Robbie Maddison, Ryan Capes. Three modern day daredevils, head-to-head, all smashing through the impossible 300ft barrier. Only one will claim the world distance record.",
    "genres" : [ ]
  }, {
    "id" : 32194,
    "title" : "Comrade X",
    "overview" : "An American reporter smuggling news out of Soviet Moscow is blackmailed into helping a beautiful Communist leave the country.",
    "genres" : [ {
      "id" : 35,
      "name" : "Comedy"
    }, {
      "id" : 18,
      "name" : "Drama"
    } ]
  }, {
    "id" : 32209,
    "title" : "Daydreamer",
    "overview" : "Clinton is convinced that Casey is a figment of his imagination. But seriously, what would a girl like her see in a guy like him? It seems that lately people are seeing all sorts of things in him, but the problem is that he can't see them himself.",
    "genres" : [ {
      "id" : 18,
      "name" : "Drama"
    }, {
      "id" : 9648,
      "name" : "Mystery"
    }, {
      "id" : 53,
      "name" : "Thriller"
    } ]
  }, {
    "id" : 32214,
    "title" : "Shirdi Baba - Animated Stories",
    "overview" : "Sai Baba of Shirdi was an Indian Guru, Yogi and Fakir, who is regarded by his Hindu and Muslim followers as a saint. He is an avatar of Shiva, Dattatreya, a Satguru and the next incarnation of Kabir. HE tried to embrace and reconcile Hinduism and Islam. Sai Baba lived in a mosque was buried in a Hindu temple, practiced Hindu and Muslims rituals.",
    "genres" : [ {
      "id" : 16,
      "name" : "Animation"
    } ]
  }, {
    "id" : 32219,
    "title" : "Blade: House of Chthon",
    "overview" : "The brutal hunt for the pure bloods continues as the ultimate vampire hunter, Blade, battles to defeat the House of Chthon, an ancient evil sect of vampires that is growing stronger everyday. Led by the vampire overlord Marcus, their objective is to create a vaccine that will give rise to a new breed of super vampires, immune to vampire weaknesses. In order to stop them, Blade joins forces with th",
    "genres" : [ {
      "id" : 28,
      "name" : "Action"
    }, {
      "id" : 27,
      "name" : "Horror"
    }, {
      "id" : 10770,
      "name" : "TV Movie"
    } ]
  }, {
    "id" : 32224,
    "title" : "Fortune",
    "overview" : "Two lives collide and then change forever when a suicidal psychiatrist is interrupted mid-attempt by the ambitious son of his wealthiest patient- a young man who claims to desperately need help and won't take no for an answer.",
    "genres" : [ {
      "id" : 18,
      "name" : "Drama"
    } ]
  }, {
    "id" : 32229,
    "title" : "Explosive City",
    "overview" : "A young Japanese woman has been trained to become a professional killer since childhood. Two cops pursue the girl, who has assassinated a Hong Kong official.",
    "genres" : [ {
      "id" : 28,
      "name" : "Action"
    } ]
  }, {
    "id" : 32234,
    "title" : "Doppelganger",
    "overview" : "Hayasaki is an inventor working on an Artificial Body. It is not going well and he is stressed out and on the verge of being fired from the research division of his company. His doppelgänger appears to help him out of the rut he has created for himself.",
    "genres" : [ {
      "id" : 35,
      "name" : "Comedy"
    }, {
      "id" : 27,
      "name" : "Horror"
    }, {
      "id" : 878,
      "name" : "Science Fiction"
    }, {
      "id" : 53,
      "name" : "Thriller"
    } ]
  }, {
    "id" : 32244,
    "title" : "Moppel-Ich",
    "overview" : "Based on 'Susanne Fröhlich' 's bestselling diet book, this comedy focuses on Carla Hahn, hosting a radio show as \"Christin, the sexiest voice of Berlin\". However, her listeners don't know that she is full-figured. When Tom, a charming admirer, persistently calls her on the show, she wants to meet him. As he thinks she looks a slim top model, Carla desperately tries to loose weight until their first date...",
    "genres" : [ {
      "id" : 10770,
      "name" : "TV Movie"
    }, {
      "id" : 35,
      "name" : "Comedy"
    } ]
  }, {
    "id" : 32249,
    "title" : "2000 AD",
    "overview" : "The Y2K Bug. Real Warfare vs Electronic Gaming. Peter Tong, a carefree Hong Kong youngster, finds himself drawn into the web of a deadly espionage conspiracy. A clandestine organization schemes to use the Y2K Bug to cause mayhem throughout Asia. To survive, Peter has to call on reserves of courage and stamina he has never needed before.",
    "genres" : [ {
      "id" : 28,
      "name" : "Action"
    }, {
      "id" : 53,
      "name" : "Thriller"
    } ]
  }, {
    "id" : 32254,
    "title" : "Time of Fear",
    "overview" : "Lúcia sonha em tirar o filho Rafael, de 18 anos, da prisão. Em suas frequentes visitas à penitenciária ela conhece Ruiva, advogada do Professor, líder do Comando. As duas ficam amigas e logo Lúcia é usada em missões ligadas à organização criminosa. Precisando do dinheiro, ela aceita realizar as tarefas.",
    "genres" : [ {
      "id" : 18,
      "name" : "Drama"
    } ]
  }, {
    "id" : 32274,
    "title" : "Cradle Will Rock",
    "overview" : "A true story of politics and art in the 1930s USA, centered around a leftist musical drama and attempts to stop its production.",
    "genres" : [ {
      "id" : 18,
      "name" : "Drama"
    } ]
  }, {
    "id" : 32279,
    "title" : "Arabesque",
    "overview" : "This is the tragicomic story of two lovers who cannot ever get together.",
    "genres" : [ {
      "id" : 18,
      "name" : "Drama"
    }, {
      "id" : 14,
      "name" : "Fantasy"
    }, {
      "id" : 35,
      "name" : "Comedy"
    } ]
  }, {
    "id" : 32284,
    "title" : "Dream for an Insomniac",
    "overview" : "A girl with insomnia who works in a coffee house has impossibly high standards for her love and fears she will never meet a worthy man. Then in walks a new employee and they click - until she discovers he has a girlfriend. Undaunted, she moves to L.A. with a friend sure that he will dump the girlfriend and follow her. She puts all her faith in fate and hopes for the best.",
    "genres" : [ {
      "id" : 10749,
      "name" : "Romance"
    }, {
      "id" : 35,
      "name" : "Comedy"
    }, {
      "id" : 18,
      "name" : "Drama"
    } ]
  }, {
    "id" : 32294,
    "title" : "Mr. Blandings Builds His Dream House",
    "overview" : "Cary Grant stars as an advertising executive who dreams of getting out of the city and building a perfect home in the country, only to find the transition fraught with problems.",
    "genres" : [ {
      "id" : 35,
      "name" : "Comedy"
    }, {
      "id" : 10749,
      "name" : "Romance"
    } ]
  }, {
    "id" : 32304,
    "title" : "Nine Lives",
    "overview" : "Nine friends seclude themselves in an old, isolated Scottish mansion for a birthday weekend bash. Cut off from the outside world by a snowstorm, strange behavior soon invades the group and one by one they disappear.",
    "genres" : [ {
      "id" : 27,
      "name" : "Horror"
    } ]
  }, {
    "id" : 32309,
    "title" : "The Smokers",
    "overview" : "These smokers are definitely bad for your health! A group of outcast prep school girls decide to turn the tables on some obnoxious guys by sexually humiliating them at gunpoint! A black comedy in the mold of Heathers, The Smokers stars Dominique Swain and Keri Lynn Pratt as two of the gun-toting femmes with vengeance on their minds -- and corncobs in hand!",
    "genres" : [ {
      "id" : 35,
      "name" : "Comedy"
    } ]
  }, {
    "id" : 32314,
    "title" : "Büyü",
    "overview" : "A group of archeologists are determined to make digs on a ghost town to find an old book, ignoring that the town is cursed due to events occurred about seven hundred years ago. An evil spirit comes to haunt this team...",
    "genres" : [ {
      "id" : 27,
      "name" : "Horror"
    } ]
  }, {
    "id" : 32319,
    "title" : "Beware of a Holy Whore",
    "overview" : "Tensions between members of a film crew build while they wait for the arrival of the director and star to arrive on location.",
    "genres" : [ {
      "id" : 18,
      "name" : "Drama"
    }, {
      "id" : 35,
      "name" : "Comedy"
    } ]
  }, {
    "id" : 32324,
    "title" : "Jay Cutler: New, Improved and Beyond",
    "overview" : "Filmed April and May 2003 after Jay won hissecond consective IFBB Arnold Classic title. Includes Jay's high intensity and high volume semi-off-season workouts. Exclusive interviews show you Jay's personality and his serious approach to bodybuilding.  (Topics: Current Routine &amp; Diet, Supplementation, Gain Mass Theory, Charity Activities, Memorable Places and more.)  Guest appearance at San Diego Classic, Jay on &amp; off stage, Educational business seminar at El Toro High school. Jay speaks to the class about : First Contest, To be a Pro, JKC Enterprises, Up Set, Eat Sleep Train, Jay's Day, Peak, Squats, $1,000/Week in food, Consistency...and more. and CRIBS @ his brand new Las Vegas home. Lots of information, not just training but the lifestyle of top professional bodybuilder's.",
    "genres" : [ {
      "id" : 99,
      "name" : "Documentary"
    } ]
  }, {
    "id" : 32329,
    "title" : "Looking for Langston",
    "overview" : "A black and white, fantasy-like recreation of high-society gay men during the Harlem Renaissance, with archival footage and photographs intercut with a story. A wake is going on, with mourners gathered around a coffin. Downstairs is an elegant bar where tuxedoed men dance and talk. One of them has a dream in which he comes upon Beauty, who seems to reject him, although when he awakes, Beauty is sleeping beside him. His story and his visits to the jazz and dance club are framed by voices reading from the poetry and essays of Hughes and others. The text is rarely explicit, but the freedom of gay Black men in the 1920s in Harlem is suggested and celebrated visually.",
    "genres" : [ {
      "id" : 18,
      "name" : "Drama"
    } ]
  }, {
    "id" : 32334,
    "title" : "Love and Pigeons",
    "overview" : "Shown a life in the remote siberian village. Vasia, who never leave his family, village, comes to pass summer holiday on the Black Sea. New world, new people - so, hi's temted by a half-crazy woman (Raisa Zaharovna). And after short time Vasia returns to his wife and children.",
    "genres" : [ {
      "id" : 35,
      "name" : "Comedy"
    }, {
      "id" : 10749,
      "name" : "Romance"
    } ]
  }, {
    "id" : 32339,
    "title" : "Die Zeit, die man Leben nennt",
    "overview" : "No overview found.",
    "genres" : [ ]
  }, {
    "id" : 32389,
    "title" : "Logorama",
    "overview" : "Logorama's plot involves the adventures of two cops who are chasing an armed criminal through the streets of a fictionalized, stylized city. All characters and items throughout the film are depicted using real-life brand logos. The cops are portrayed as Michelin Men and the villain as Ronald McDonald.",
    "genres" : [ {
      "id" : 16,
      "name" : "Animation"
    } ]
  }, {
    "id" : 32409,
    "title" : "Beneath the Mask: Portrait of an American Ninja",
    "overview" : "No overview found.",
    "genres" : [ ]
  }, {
    "id" : 32429,
    "title" : "Shirdi Sai Baba",
    "overview" : "An Indian has no faith in the existence of God. His friend recounts numerous tales depicting the miracles of Sai Baba. Unconvinced, he visits Shirdi himself and begins his journey towards discovery and faith. The movie is focused on the story of Sai Baba - his birth, teachings, miracles and his physical death. For the first time, a film has been shot in Shirdi, the holy temple of Sai Baba.",
    "genres" : [ {
      "id" : 18,
      "name" : "Drama"
    }, {
      "id" : 9648,
      "name" : "Mystery"
    } ]
  }, {
    "id" : 32444,
    "title" : "Dorian Blues",
    "overview" : "Dorian realizes he is gay in his final year of high school. He meets another gay youth locally, but remains confused. He starts therapy, then resorts to confession in the Church, and finally comes out to his brother. Dorian then decides to come out to his father; he gets kicked out of the house.",
    "genres" : [ {
      "id" : 35,
      "name" : "Comedy"
    }, {
      "id" : 18,
      "name" : "Drama"
    } ]
  }, {
    "id" : 32449,
    "title" : "Natural Enemy",
    "overview" : "William McNamara plays a young man who was given away by his mother at birth, seeking revenge on her for abandoning him.",
    "genres" : [ {
      "id" : 80,
      "name" : "Crime"
    }, {
      "id" : 18,
      "name" : "Drama"
    }, {
      "id" : 27,
      "name" : "Horror"
    } ]
  }, {
    "id" : 32454,
    "title" : "Wet Job",
    "overview" : "S.I.S. agent David Callan is brought out of retirement for one last assignment.",
    "genres" : [ {
      "id" : 18,
      "name" : "Drama"
    }, {
      "id" : 53,
      "name" : "Thriller"
    } ]
  }, {
    "id" : 32459,
    "title" : "Goodbye, America",
    "overview" : "Documentary about Al Lewis. He sits in the make-up chair and remembers part of his 92 years life.",
    "genres" : [ {
      "id" : 99,
      "name" : "Documentary"
    } ]
  }, {
    "id" : 32464,
    "title" : "Type O Negative: Live At Waken Festival 2007",
    "overview" : "No overview found.",
    "genres" : [ {
      "id" : 10402,
      "name" : "Music"
    } ]
  }, {
    "id" : 32474,
    "title" : "White Zombie: Let Sleeping Corpses Lie",
    "overview" : "\"Let Sleeping Corpses Lie\" is a career-spanning five-disc box-set of the band White Zombie. The set contains a remaster of every album and E.P. released officially by White Zombie from 1985 to 1996, including six non-album songs, on four CDs and a DVD containing all nine of the band's music videos along with ten live performances.",
    "genres" : [ {
      "id" : 10402,
      "name" : "Music"
    } ]
  }, {
    "id" : 32484,
    "title" : "Dimples",
    "overview" : "Shirley Temple lives with the pick-pocket grandfather in 19th century New York City. She entertains the crowds while he works his racket. A rich lady makes it possible for the girl to go legit. \"Uncle Tom's Cabin\" is performed.",
    "genres" : [ {
      "id" : 18,
      "name" : "Drama"
    }, {
      "id" : 10751,
      "name" : "Family"
    } ]
  }, {
    "id" : 32489,
    "title" : "Thoroughly Modern Millie",
    "overview" : "Millie Dillmount, a fearless young lady fresh from Salina, Kansas, determined to experience Life, sets out to see the world in the rip-roaring Twenties. With high spirits and wearing one of those new high hemlines, she arrives in New York to test the \"modern\" ideas she had been reading about back in Kansas: \"I've taken the girl out of Kansas. Now I have to take Kansas out of the girl!\"",
    "genres" : [ {
      "id" : 35,
      "name" : "Comedy"
    }, {
      "id" : 10402,
      "name" : "Music"
    }, {
      "id" : 10749,
      "name" : "Romance"
    } ]
  }, {
    "id" : 32494,
    "title" : "From the Beginning",
    "overview" : "No overview found.",
    "genres" : [ ]
  }, {
    "id" : 32499,
    "title" : "The Bad and the Beautiful",
    "overview" : "Told in flashback form, the film traces the rise and fall of a tough, ambitious Hollywood producer Jonathan Shields, as seen through the eyes of various acquaintances, including a writer James Lee Bartlow, a star Georgia Lorrison and a director Fred Amiel. He is a hard-driving, ambitious man who ruthlessly uses everyone - including the writer, star and director - on the way to becoming one of Hollywood's top movie makers.",
    "genres" : [ {
      "id" : 18,
      "name" : "Drama"
    }, {
      "id" : 10749,
      "name" : "Romance"
    } ]
  }, {
    "id" : 32514,
    "title" : "Amour-Legende",
    "overview" : "Oshima wakes up in the middle of a desert in South America with no memory. A woman named Coco is lying beside him. Coco tells Oshima that he was originally planning on crossing the desert with his girlfriend May to get to Snow Mountain, but May suddenly disappeared, leaving him at bay. Coco helped him out by chance, and now they're heading to Snow Mountain together.Perhaps May is already there...",
    "genres" : [ ]
  }, {
    "id" : 32519,
    "title" : "Kiss Me, Guido",
    "overview" : "When he discovers his girlfriend having sex with his brother, Frankie (Scotti) decides to head to Manhattan, leaving his Bronx pizza shop forever for the fame and fortune of show business. But before stardom, he needs a place to stay. Looking in the personals, he notices GWM. And thinking it \"Guy with Money,\" he heads to the Village and the apartment of gay actor Warren (Barrile), who's in desperate need of this month's rent.",
    "genres" : [ {
      "id" : 35,
      "name" : "Comedy"
    } ]
  }, {
    "id" : 32524,
    "title" : "Women From Mars",
    "overview" : "A hairdresser, a village leader and a veterinarian each have girlfriends but still insist on playing the field. One night, a demon spirit arrives to teach them a lesson by taking their \"goods\" away. To get their \"goods\" back, the trio must each have a woman tell them \"I love you.\"",
    "genres" : [ {
      "id" : 35,
      "name" : "Comedy"
    } ]
  }, {
    "id" : 32529,
    "title" : "Ah, L'Amour",
    "overview" : "A guy keeps getting painfully rejected (bodily harm) when he asks girls out.",
    "genres" : [ {
      "id" : 16,
      "name" : "Animation"
    }, {
      "id" : 35,
      "name" : "Comedy"
    } ]
  }, {
    "id" : 32534,
    "title" : "I Am So Proud of You",
    "overview" : "Dark shadows are cast over Bill's recovery, in this second chapter to Everything will be OK.",
    "genres" : [ {
      "id" : 16,
      "name" : "Animation"
    }, {
      "id" : 28,
      "name" : "Action"
    }, {
      "id" : 53,
      "name" : "Thriller"
    }, {
      "id" : 878,
      "name" : "Science Fiction"
    } ]
  }, {
    "id" : 32539,
    "title" : "The Meaning of Life",
    "overview" : "Evolution on Earth over the course of a billion years.",
    "genres" : [ {
      "id" : 16,
      "name" : "Animation"
    } ]
  }, {
    "id" : 32544,
    "title" : "Las alas de la vida",
    "overview" : "Dr. Carlos Cristos, 47, is terminally ill. He call a film director and proposes him to record his struggle for to live and die with dignity and without drama.",
    "genres" : [ {
      "id" : 99,
      "name" : "Documentary"
    } ]
  }, {
    "id" : 32549,
    "title" : "Never Been Thawed",
    "overview" : "A hilarious mockumentary about the delicious hobby of frozen food collecting and Christian rock band, The Christers. The film follows the Mesa Frozen Entree Enthusiast's Club as they plan their first Frozen Entree Enthusiasts Convention.",
    "genres" : [ {
      "id" : 35,
      "name" : "Comedy"
    } ]
  }, {
    "id" : 32559,
    "title" : "Mall Girls",
    "overview" : "Shopping malls - today's place of creating desires. Best jewelry, clothes, shoes. Unaffordable by young girls, but they \"work\" to get themselves sponsors for new items.",
    "genres" : [ {
      "id" : 18,
      "name" : "Drama"
    } ]
  }, {
    "id" : 32569,
    "title" : "X: The Man with the X-Ray Eyes",
    "overview" : "The story concerns Dr James Xavier, ably portrayed by Ray Milland. He has invented a serum for improving human vision. When his funding is cut he proceeds to experiment on himself -- with horrifying results. From the director who gave you Swamp Women, The Wasp Woman, and The Beast with a Million Eyes!",
    "genres" : [ {
      "id" : 27,
      "name" : "Horror"
    }, {
      "id" : 878,
      "name" : "Science Fiction"
    }, {
      "id" : 53,
      "name" : "Thriller"
    } ]
  }, {
    "id" : 32574,
    "title" : "Meet John Doe",
    "overview" : "As a parting shot, fired reporter Ann Mitchell prints a fake letter from unemployed \"John Doe,\" who threatens suicide in protest of social ills. The paper is forced to rehire Ann and hires John Willoughby to impersonate \"Doe.\" Ann and her bosses cynically milk the story for all it's worth, until the made-up \"John Doe\" philosophy starts a whole political movement.",
    "genres" : [ {
      "id" : 18,
      "name" : "Drama"
    }, {
      "id" : 35,
      "name" : "Comedy"
    }, {
      "id" : 10749,
      "name" : "Romance"
    } ]
  }, {
    "id" : 32579,
    "title" : "Under the Same Moon",
    "overview" : "Tells the parallel stories of nine-year-old Carlitos and his mother, Rosario. In the hopes of providing a better life for her son, Rosario works illegally in the U.S. while her mother cares for Carlitos back in Mexico.",
    "genres" : [ {
      "id" : 18,
      "name" : "Drama"
    } ]
  }, {
    "id" : 32584,
    "title" : "September",
    "overview" : "Set in the West Australian wheat-belt in 1968, SEPTEMBER concerns the friendship of two 16-year-old boys - one black, one white...",
    "genres" : [ {
      "id" : 18,
      "name" : "Drama"
    } ]
  }, {
    "id" : 32589,
    "title" : "Ronnie Coleman: On the Road",
    "overview" : "Shot in Australia over 3 days in October 2005 with 3 cameras, just 5 days after his historic 8th Olympia victory. Ronnie is hard and ripped - you've never seen him like this for a full body workout shoot. Between sets, Ronnie explains how and why he does each exercise - Mr. Olympia reveals his secrets. Witness the insanely heavy weights used, this isn't performed for the camera, it's real.",
    "genres" : [ ]
  }, {
    "id" : 32594,
    "title" : "Ecaterina Teodoroiu",
    "overview" : "The story of heroine Ecaterina Teodoroiu, the only woman who fought in the Romanian Army during World War 1.",
    "genres" : [ {
      "id" : 10752,
      "name" : "War"
    }, {
      "id" : 18,
      "name" : "Drama"
    } ]
  }, {
    "id" : 32599,
    "title" : "Alex in Wonderland",
    "overview" : "Bohemian Alex Morrison has just finished directing his first feature length movie. In its previews, the movie is considered a critical, artistic and surefire commercial success. As such, Alex seemingly has his choice of what his next project will be.  Alex has a few thoughts in mind, such as a biopic of Lenny Bruce, or a movie about a black uprising in Los Angeles. As he makes the rounds both in the Hollywood community and European movie centers for ideas, he fantasizes about movie scenarios of those everyday situations he is in. These fantasies are influenced by his movie idols, some who he meets such as Italian director Federico Fellini and French actress Jeanne Moreau.  Concurrently, he is considering what to do about his personal life.  He is wondering if he and his middle-class family should \"move up\". The need for commercial success may ultimately take artistic control out of his hands.",
    "genres" : [ {
      "id" : 35,
      "name" : "Comedy"
    }, {
      "id" : 18,
      "name" : "Drama"
    } ]
  }, {
    "id" : 32604,
    "title" : "Transylvania",
    "overview" : "Zingarina arrives in Transylavania, accompanied by her close friend Marie and her guide and interpreter Luminitsa. She is not there only to visit this region of Romania but to trace her lover Milan, a musician who has made her pregnant and who left her without a word of explanation. When she finds him back, he brutally rejects her and Zingarina is terribly upset. She leaves her two companions and having become a wreck she hardly survives by following a wandering little girl. Her destiny changes for the best when she meets Tchangalo, a traveling trader...",
    "genres" : [ ]
  }, {
    "id" : 32609,
    "title" : "Mickey One",
    "overview" : "A former comic is on the run from the mob.",
    "genres" : [ {
      "id" : 80,
      "name" : "Crime"
    }, {
      "id" : 18,
      "name" : "Drama"
    } ]
  }, {
    "id" : 32614,
    "title" : "Wozzeck",
    "overview" : "No overview found.",
    "genres" : [ ]
  }, {
    "id" : 32619,
    "title" : "Ziegfeld Girl",
    "overview" : "Discovery by Flo Ziegfeld changes a girl's life but not necessarily for the better, as three beautiful women find out when they join the spectacle on Broadway: Susan, the singer who must leave behind her ageing vaudevillian father; vulnerable Sheila, the working girl pursued both by a millionaire and by her loyal boyfriend from Flatbush; and the mysterious European beauty Sandra, whose concert violinist husband cannot endure the thought of their escaping from poverty by promenading her glamor in skimpy costumes.",
    "genres" : [ {
      "id" : 18,
      "name" : "Drama"
    }, {
      "id" : 10402,
      "name" : "Music"
    }, {
      "id" : 10749,
      "name" : "Romance"
    } ]
  }, {
    "id" : 32624,
    "title" : "When the Road Bends: Tales of a Gypsy Caravan",
    "overview" : "A brief look into Romany culture and Rom (Gypsies) from around the globe as five famous Romany groups tour the USA.",
    "genres" : [ {
      "id" : 10402,
      "name" : "Music"
    }, {
      "id" : 99,
      "name" : "Documentary"
    } ]
  }, {
    "id" : 32629,
    "title" : "A Chinese Torture Chamber Story",
    "overview" : "A Hong Kong \"Category 3\" (exploitation) classic set during the Sung Dynasty, as a corrupt magistrate subjects a lovely, innocent young bride to inconceivable physical punishments after \"convicting\" her of killing her husband (by causing his penis to explode, of course). Plenty of raunch and unintentional humor. Viewer discretion advised.",
    "genres" : [ {
      "id" : 27,
      "name" : "Horror"
    }, {
      "id" : 18,
      "name" : "Drama"
    }, {
      "id" : 12,
      "name" : "Adventure"
    }, {
      "id" : 35,
      "name" : "Comedy"
    } ]
  }, {
    "id" : 32634,
    "title" : "Two Rode Together",
    "overview" : "Two tough westerners bring home a group of settlers who have spent years as Comanche hostages.",
    "genres" : [ {
      "id" : 37,
      "name" : "Western"
    } ]
  }, {
    "id" : 32639,
    "title" : "Vive la bombe!",
    "overview" : "30 avril 1962. La guerre d'Algérie est terminée depuis deux mois, mais Charles de Gaulle a négocié avec le FLN lors des accords d'Évian la poursuite d'essais atomiques dans le désert du Sahara. Sous les yeux des officiels réunis dans un poste d'observation situé à 5 km du lieu de l'explosion, le Taourirt se fissure libérant un nuage radioactif : ce sera l'accident de Béryl.",
    "genres" : [ {
      "id" : 36,
      "name" : "History"
    } ]
  }, {
    "id" : 32644,
    "title" : "Two of a Kind",
    "overview" : "God throws his hands up at the foolishness of humanity and orders the race destroyed. A trio of bleeding-heart angels strike a deal with him: if they can find just two good souls, the Lord will allow Earth to survive. Unfortunately, the angels have staked the future of the species on a thieving bank teller and an inventor/con-artist",
    "genres" : [ {
      "id" : 14,
      "name" : "Fantasy"
    }, {
      "id" : 35,
      "name" : "Comedy"
    }, {
      "id" : 878,
      "name" : "Science Fiction"
    }, {
      "id" : 10749,
      "name" : "Romance"
    } ]
  }, {
    "id" : 32649,
    "title" : "Sandor slash Ida",
    "overview" : "Ida lives hard and fast with too much drinking and a string of boyfriends, Sandor has very few friends and his mother insists that he practices ballet. They meet in a chat room and despite appearances they discover they have much in common. Sandor and Ida lives in different cities and when Sandor unexpectedly visits her it ends with disaster.",
    "genres" : [ {
      "id" : 18,
      "name" : "Drama"
    }, {
      "id" : 10749,
      "name" : "Romance"
    } ]
  }, {
    "id" : 32654,
    "title" : "The Storm Warriors",
    "overview" : "Wind and Cloud find themselves up against a ruthless Japanese warlord intent on invading China.",
    "genres" : [ {
      "id" : 28,
      "name" : "Action"
    }, {
      "id" : 12,
      "name" : "Adventure"
    }, {
      "id" : 14,
      "name" : "Fantasy"
    } ]
  } ]
}