{
  "movies" : [ {
    "id" : 2984,
    "title" : "A Countess from Hong Kong",
    "overview" : "A Russian countess stows away in the stateroom of a married U.S. diplomat bound for New York.",
    "genres" : [ {
      "id" : 35,
      "name" : "Comedy"
    }, {
      "id" : 10749,
      "name" : "Romance"
    } ]
  }, {
    "id" : 2989,
    "title" : "Roar",
    "overview" : "Roar follows a family who are attacked by various African animals at the secluded home of their keeper.",
    "genres" : [ {
      "id" : 12,
      "name" : "Adventure"
    }, {
      "id" : 53,
      "name" : "Thriller"
    } ]
  }, {
    "id" : 2994,
    "title" : "Danger: Diabolik",
    "overview" : "One of the great comic book movies of all time from director Mario Bava.",
    "genres" : [ {
      "id" : 28,
      "name" : "Action"
    }, {
      "id" : 35,
      "name" : "Comedy"
    }, {
      "id" : 80,
      "name" : "Crime"
    } ]
  }, {
    "id" : 3004,
    "title" : "Twelve Plus One",
    "overview" : "Mario, a young philanderer, receives 13 antique chairs in a bad state by inheritance and decides to sell off them to get some money. Afterwards he gets to know that one of them contains documents worth a lot of money. So he begins an adventurous trip to regain possession of the chair. On the way he meets many strange people who would like to help or to swindle him.",
    "genres" : [ {
      "id" : 35,
      "name" : "Comedy"
    } ]
  }, {
    "id" : 3009,
    "title" : "The Trial",
    "overview" : "An unassuming office worker is arrested and stands trial, but he is never made aware of his charges.",
    "genres" : [ {
      "id" : 80,
      "name" : "Crime"
    }, {
      "id" : 18,
      "name" : "Drama"
    } ]
  }, {
    "id" : 3014,
    "title" : "The Man Between",
    "overview" : "\"The Man Between\" is a 1953 British thriller film directed by Carol Reed and starring James Mason, Claire Bloom, Hildegard Knef and Geoffrey Toone. A British woman on a visit to post-war Berlin is caught up in an espionage ring smuggling secrets into and out of the Eastern Bloc.",
    "genres" : [ {
      "id" : 53,
      "name" : "Thriller"
    } ]
  }, {
    "id" : 3019,
    "title" : "Dr. Jekyll and Mr. Hyde",
    "overview" : "Based on the story by Robert Louis Stevenson, Dr. Henry Jekyll believes that there are two distinct sides to men - a good and an evil side. He believes that by separating the two man can become liberated. He succeeds in his experiments with chemicals to accomplish this and transforms into Hyde to commit horrendous crimes. When he discontinues use of the drug it is already too late...",
    "genres" : [ {
      "id" : 27,
      "name" : "Horror"
    }, {
      "id" : 878,
      "name" : "Science Fiction"
    } ]
  }, {
    "id" : 3024,
    "title" : "The Strange Case of Dr. Jekyll and Mr. Hyde",
    "overview" : "No overview found.",
    "genres" : [ {
      "id" : 18,
      "name" : "Drama"
    }, {
      "id" : 878,
      "name" : "Science Fiction"
    }, {
      "id" : 53,
      "name" : "Thriller"
    } ]
  }, {
    "id" : 3029,
    "title" : "End of the World",
    "overview" : "The plot concerns a comet hurling toward Earth on a collision course and the different reactions to people on the impending disaster.",
    "genres" : [ {
      "id" : 878,
      "name" : "Science Fiction"
    } ]
  }, {
    "id" : 3034,
    "title" : "Young Frankenstein",
    "overview" : "A young neurosurgeon inherits the castle of his grandfather, the famous Dr. Victor von Frankenstein. In the castle he finds a funny hunchback, a pretty lab assistant and the elderly housekeeper. Young Frankenstein believes that the work of his grandfather was delusional, but when he discovers the book where the mad doctor described his reanimation experiment, he suddenly changes his mind.",
    "genres" : [ {
      "id" : 35,
      "name" : "Comedy"
    }, {
      "id" : 878,
      "name" : "Science Fiction"
    } ]
  }, {
    "id" : 3049,
    "title" : "Ace Ventura: Pet Detective",
    "overview" : "He's Ace Ventura: Pet Detective. Jim Carrey is on the case to find the Miami Dolphins' missing mascot and quarterback Dan Marino. He goes eyeball to eyeball with a man-eating shark, stakes out the Miami Dolphins and woos and wows the ladies. Whether he's undercover, under fire or underwater, he always gets his man . . . or beast!",
    "genres" : [ {
      "id" : 35,
      "name" : "Comedy"
    }, {
      "id" : 9648,
      "name" : "Mystery"
    } ]
  }, {
    "id" : 3054,
    "title" : "The Wrecking Crew",
    "overview" : "Count Contini masterminds the theft of $1 billion in U.S. gold being transported in Europe. This will cause gyrations in the world's financial markets, and Contini will profit from it. ICE chief MacDonald summons Matt Helm, \"busy\" photographing women models. MacDonald, in effect, makes Matt a Judas Goat, exposing his cover and encouraging Contini to make a move against Matt. The ICE agent will deal with Contini's former lover, current lover, a British woman agent, and Contini's lovely Asian operative before the final showdown with the Count.",
    "genres" : [ {
      "id" : 28,
      "name" : "Action"
    }, {
      "id" : 35,
      "name" : "Comedy"
    }, {
      "id" : 53,
      "name" : "Thriller"
    } ]
  }, {
    "id" : 3059,
    "title" : "Intolerance: Love's Struggle Throughout the Ages",
    "overview" : "The story of a poor young woman, separated by prejudice from her husband and baby, is interwoven with tales of intolerance from throughout history.",
    "genres" : [ {
      "id" : 18,
      "name" : "Drama"
    } ]
  }, {
    "id" : 3064,
    "title" : "Chances Are",
    "overview" : "Louie Jeffries is happily married to Corinne. On their first anniversary, Louie is killed crossing the road. Louie is reincarnated as Alex Finch, and twenty years later, fate brings Alex and Louie's daughter, Miranda, together. It's not until Alex is invited to Louie's home that he begins to remember his former life, wife and best friend. Of course, there's also the problem that he's attracted to Louie's/his own daughter.",
    "genres" : [ {
      "id" : 14,
      "name" : "Fantasy"
    }, {
      "id" : 35,
      "name" : "Comedy"
    }, {
      "id" : 878,
      "name" : "Science Fiction"
    }, {
      "id" : 10749,
      "name" : "Romance"
    } ]
  }, {
    "id" : 3069,
    "title" : "Frankenstein Reborn",
    "overview" : "The latest psychiatrist assigned to assess whether inmate Victor Frank is mentally fit to stand trial for murder gives up in frustration and so the asylum head Dr Robert Walton steps in to do the job. Frank tells Walton his story. He was a scientist experimenting in the field of nanotechnology. Using nanobots that were capable of rebuilding the human body, Frank and his team had great success in helping the crippled, wheelchair-ridden Bryce Daniels regain use of his faculties. But then Bryce started to become unstable...",
    "genres" : [ {
      "id" : 27,
      "name" : "Horror"
    }, {
      "id" : 878,
      "name" : "Science Fiction"
    }, {
      "id" : 53,
      "name" : "Thriller"
    } ]
  }, {
    "id" : 3074,
    "title" : "The Ghost of Frankenstein",
    "overview" : "Ygor discovers Frankenstein's creation is still alive and brings him to the Doctor's son, Ludwig, for help. Obsessed with restoring the monster to his full potential, Ludwig is unaware that someone has more devious plans for the creature.",
    "genres" : [ {
      "id" : 14,
      "name" : "Fantasy"
    }, {
      "id" : 27,
      "name" : "Horror"
    }, {
      "id" : 878,
      "name" : "Science Fiction"
    } ]
  }, {
    "id" : 3079,
    "title" : "The Curse of Frankenstein",
    "overview" : "Baron Victor Frankenstein has discovered life's secret and unleashed a blood-curdling chain of events resulting from his creation: a cursed creature with a horrid face — and a tendency to kill.",
    "genres" : [ {
      "id" : 27,
      "name" : "Horror"
    }, {
      "id" : 878,
      "name" : "Science Fiction"
    } ]
  }, {
    "id" : 3084,
    "title" : "Wuthering Heights",
    "overview" : "The Earnshaws are Yorkshire farmers during the early 19th Century. One day, Mr. Earnshaw returns from a trip to the city, bringing with him a ragged little boy called Heathcliff. Earnshaw's son, Hindley, resents the child, but Heathcliff becomes companion and soulmate to Hindley's sister, Catherine. After her parents die, Cathy and Heathcliff grow up wild and free on the Moors and despite the continued enmity between Hindley and Heathcliff they're happy -- until Cathy meets Edgar Linton, the son of a wealthy neighbor.",
    "genres" : [ {
      "id" : 18,
      "name" : "Drama"
    }, {
      "id" : 14,
      "name" : "Fantasy"
    }, {
      "id" : 36,
      "name" : "History"
    }, {
      "id" : 10749,
      "name" : "Romance"
    } ]
  }, {
    "id" : 3089,
    "title" : "Red River",
    "overview" : "Dunson is driving his cattle to Red River when his adopted son, Matthew, turns against him.",
    "genres" : [ {
      "id" : 37,
      "name" : "Western"
    } ]
  }, {
    "id" : 3094,
    "title" : "Elated By Night",
    "overview" : "No overview found.",
    "genres" : [ ]
  }, {
    "id" : 3099,
    "title" : "The Tulse Luper Suitcases, Part 3: From Sark to the Finish",
    "overview" : "The Tulse Luper Suitcases reconstructs the life of Tulse Luper, a professional writer and project-maker, caught up in a life of prisons. He was born in 1911 in Newport, South Wales and presumably last heard of in 1989. His life is reconstructed from the evidence of 92 suitcases found around the world - 92 being the atomic number of the element Uranium. The project includes three feature films, a TV series, 92 DVDs, CD-ROMs, and books.",
    "genres" : [ {
      "id" : 10752,
      "name" : "War"
    }, {
      "id" : 18,
      "name" : "Drama"
    }, {
      "id" : 12,
      "name" : "Adventure"
    }, {
      "id" : 10749,
      "name" : "Romance"
    }, {
      "id" : 53,
      "name" : "Thriller"
    } ]
  }, {
    "id" : 3104,
    "title" : "Frankenstein Created Woman",
    "overview" : "A deformed tormented girl drowns herself after her lover is framed for murder and guillotined. Baron Frankenstein, experimenting with the transfer of souls, places the boy's soul into her body, bringing Christina back to life. Driven by revenge, she carries out a violent retribution on those responsible for both deaths.",
    "genres" : [ {
      "id" : 27,
      "name" : "Horror"
    }, {
      "id" : 878,
      "name" : "Science Fiction"
    } ]
  }, {
    "id" : 3109,
    "title" : "The Quiet Man",
    "overview" : "Sean Thornton has returned from America to reclaim his homestead and escape his past. Sean's eye is caught by Mary Kate Danaher, the beautiful spinster and younger sister of ill-tempered \"Red\" Will Danaher. The riotous relationship that forms between Sean and Mary Kate, punctuated by Will's pugnacious attempts to keep them apart, form the plot, with Sean's past as the dark undercurrent.",
    "genres" : [ {
      "id" : 35,
      "name" : "Comedy"
    }, {
      "id" : 18,
      "name" : "Drama"
    }, {
      "id" : 10749,
      "name" : "Romance"
    } ]
  }, {
    "id" : 3114,
    "title" : "The Searchers",
    "overview" : "As a Civil War veteran spends years searching for a young niece captured by Indians, his motivation becomes increasingly questionable.",
    "genres" : [ {
      "id" : 37,
      "name" : "Western"
    } ]
  }, {
    "id" : 3119,
    "title" : "Frankenstein and Me",
    "overview" : "No overview found.",
    "genres" : [ {
      "id" : 14,
      "name" : "Fantasy"
    } ]
  }, {
    "id" : 3124,
    "title" : "The Evil of Frankenstein",
    "overview" : "Once hounded from his castle by outraged villagers for creating a monstrous living being, Baron Frankenstein returns to Karlstaad. High in the mountains they stumble on the body of the creature, perfectly preserved in the ice. He is brought back to life with the help of the hypnotist Zoltan who now controls the creature. Can Frankenstein break Zoltan's hypnotic spell that incites the monster to commit these horrific murders or will Zoltan induce the creature to destroy its creator?",
    "genres" : [ {
      "id" : 27,
      "name" : "Horror"
    }, {
      "id" : 878,
      "name" : "Science Fiction"
    } ]
  }, {
    "id" : 3134,
    "title" : "Rape Me",
    "overview" : "Manu has lived a difficult life. Abused and violently raped, she sets off to find herself only to meet Nadine, a prostitute who has encountered one too many injustices in the world. Angry at the world, they embark on a twisted, rage-filled road trip. They choose to have sex when they please and kill when they need. Leaving a trail of mischief and dead bodies in their wake. Generating a media blitz and manhunt, soon everyone is out to capture the young fugitives.",
    "genres" : [ {
      "id" : 80,
      "name" : "Crime"
    }, {
      "id" : 18,
      "name" : "Drama"
    }, {
      "id" : 10749,
      "name" : "Romance"
    }, {
      "id" : 53,
      "name" : "Thriller"
    } ]
  }, {
    "id" : 3144,
    "title" : "Rock 'n' Roll Frankenstein",
    "overview" : "No overview found.",
    "genres" : [ {
      "id" : 35,
      "name" : "Comedy"
    }, {
      "id" : 27,
      "name" : "Horror"
    } ]
  }, {
    "id" : 3149,
    "title" : "Jesse James Meets Frankenstein's Daughter",
    "overview" : "Dr. Frankenstein's Granddaughter Maria, and her brother assistant Rudolph, moved to the old west because the lightning storms there are more frequent and intense, which allows them to work on the experiments of their grandfather. But the experiments are failing and Rudolph's been secretly killing the corpses afterwards. Meanwhile, the Lopez family leaves the town because of the evil going on there",
    "genres" : [ {
      "id" : 80,
      "name" : "Crime"
    }, {
      "id" : 27,
      "name" : "Horror"
    }, {
      "id" : 878,
      "name" : "Science Fiction"
    }, {
      "id" : 37,
      "name" : "Western"
    } ]
  }, {
    "id" : 3154,
    "title" : "L'histoire d'une étoile noire",
    "overview" : "No overview found.",
    "genres" : [ ]
  }, {
    "id" : 3159,
    "title" : "Frankenstein's Castle of Freaks",
    "overview" : "Brazzi plays mad Dr. Frankenstein, Dunn is an evil dwarf and Lugosi (no relation to Bela) is a Neanderthal man. Add a monster named Hulk, and some nude women for sexploitation value.",
    "genres" : [ {
      "id" : 27,
      "name" : "Horror"
    } ]
  }, {
    "id" : 3164,
    "title" : "Frankenstein 1970",
    "overview" : "The baron's grandson rents the family castle to a TV crew to fund his atomic revival of the family monster.",
    "genres" : [ {
      "id" : 27,
      "name" : "Horror"
    }, {
      "id" : 878,
      "name" : "Science Fiction"
    } ]
  }, {
    "id" : 3174,
    "title" : "Barcode",
    "overview" : "A play of light and shadow in a virtual world.",
    "genres" : [ {
      "id" : 16,
      "name" : "Animation"
    } ]
  }, {
    "id" : 3179,
    "title" : "Beavis and Butt-Head Do America",
    "overview" : "Mike Judge's slacker duo, Beavis and Butt-Head, wake to discover their TV has been stolen. Their search for a new one takes them on a clueless adventure across America where they manage to accidentally become America's most wanted.",
    "genres" : [ {
      "id" : 16,
      "name" : "Animation"
    }, {
      "id" : 35,
      "name" : "Comedy"
    } ]
  }, {
    "id" : 3199,
    "title" : "Dracula, Prisoner of Frankenstein",
    "overview" : "Dr. Frankenstein and his assistant Morpho are killed just as they bring their creation to life. The monster is taken by Cagliostro and he now controls the monster and plans to have it mate and create the perfect master race!",
    "genres" : [ {
      "id" : 27,
      "name" : "Horror"
    }, {
      "id" : 10769,
      "name" : "Foreign"
    } ]
  }, {
    "id" : 3204,
    "title" : "She's Alive! Creating the Bride of Frankenstein",
    "overview" : "Documentary about the making of 1935's \"Bride of Frankenstein.\"",
    "genres" : [ {
      "id" : 99,
      "name" : "Documentary"
    }, {
      "id" : 27,
      "name" : "Horror"
    } ]
  }, {
    "id" : 3209,
    "title" : "No Telling",
    "overview" : "Geoffrey (Stephen Ramsey) and Lillian (Miriam Healy-Louie) are a couple spending the summer in the country in hopes of smoothing over some rough patches in their relationship. However, Geoffrey, who is a research scientist, has brought his work with him, which hardly helps, since Lillian's biggest problem with him is that he doesn't spend any time with her, and he seems more concerned with his career than his marriage. This is all the more galling for Lillian because she has given up her career as an artist in order to be more supportive of Geoffrey's work. Geoffrey is also upset because he's only been able to use mice for his lab experiments with new medications, and he is eager to begin working with larger animals; in his impatience, he begins trapping dogs, and he eventually catches the pet of a little girl named Frances (Ashley Arcemont).",
    "genres" : [ {
      "id" : 27,
      "name" : "Horror"
    } ]
  }, {
    "id" : 3214,
    "title" : "Santo and Blue Demon vs. Dr. Frankenstein",
    "overview" : "Innocent women are being kidnapped and used as guinea pigs for a brain transplant experiment. The diabolical Dr. Frankenstein continues his quest to perfect his brain transplant operation to bring back his deceased wife at any cost - even if it means playing with the lives of others. El Santo and Blue Demon are called in to help when their friend Alicia becomes Dr. Frankenstein's next target. It'll take both heroes to go up against the dastardly doctor and go mano a mano with his super strong zombie Golem.",
    "genres" : [ {
      "id" : 27,
      "name" : "Horror"
    }, {
      "id" : 28,
      "name" : "Action"
    }, {
      "id" : 10769,
      "name" : "Foreign"
    } ]
  }, {
    "id" : 3309,
    "title" : "Mildred Pierce",
    "overview" : "After her cheating husband leaves her, Mildred Pierce proves she can become independent and successful, but can't win the approval of her spoiled daughter.",
    "genres" : [ {
      "id" : 80,
      "name" : "Crime"
    }, {
      "id" : 18,
      "name" : "Drama"
    } ]
  }, {
    "id" : 3344,
    "title" : "Atomic Samurai",
    "overview" : "No overview found.",
    "genres" : [ {
      "id" : 28,
      "name" : "Action"
    } ]
  }, {
    "id" : 3349,
    "title" : "Frankenstein & the Werewolf Reborn!",
    "overview" : "No overview found.",
    "genres" : [ {
      "id" : 27,
      "name" : "Horror"
    } ]
  }, {
    "id" : 3399,
    "title" : "Lücken im Gedankenstrom",
    "overview" : "No overview found.",
    "genres" : [ {
      "id" : 18,
      "name" : "Drama"
    } ]
  }, {
    "id" : 3404,
    "title" : "The Great Swindle",
    "overview" : "A seductive woman gets involved in relationships with several people. All of the characters play games of deceit with one and other and things get more and more dangerous.",
    "genres" : [ {
      "id" : 18,
      "name" : "Drama"
    }, {
      "id" : 53,
      "name" : "Thriller"
    } ]
  }, {
    "id" : 3409,
    "title" : "The Vampire of the Highway",
    "overview" : "Some kind of sadist, but not human, is murdering people. A doctor is convinced that the killings are the evil workings of a reclusive odd baron who died many years ago.",
    "genres" : [ {
      "id" : 27,
      "name" : "Horror"
    } ]
  }, {
    "id" : 3414,
    "title" : "El último Frankenstein",
    "overview" : "No overview found.",
    "genres" : [ {
      "id" : 27,
      "name" : "Horror"
    } ]
  }, {
    "id" : 3419,
    "title" : "The Sensuous Assassin",
    "overview" : "Marina and her boyfriend have an argument while on a trip in France. While driving with the car among the cliffs, he starts speeding and the car falls into the sea. Marina can jump out of the car, but her boyfriend seems to be drowned. She gets to know his brother and he falls in love with her. But why does she always feel watched? What reasons are behind her strange behaviour anyway? Did she really murder her boyfriend? But is he dead anyway?",
    "genres" : [ {
      "id" : 53,
      "name" : "Thriller"
    } ]
  }, {
    "id" : 3424,
    "title" : "Mado",
    "overview" : "Middle-aged businessman, Simon Léotard finds his future in jeopardy when his partner Julien commits suicide after having accumulated a mass of debts. Simon's unscrupulous business rival Lépidon offers to save him from bankruptcy by buying his company, at a discount rate. Reluctant to fall into Lépidon's trap, Simon decides to resolve the crisis himself. A prostitute, Mado, provides him with the solution to his problems...",
    "genres" : [ {
      "id" : 18,
      "name" : "Drama"
    } ]
  }, {
    "id" : 3469,
    "title" : "Far from the Madding Crowd",
    "overview" : "Bathsheba Everdine, a willful, flirtatious, young woman, unexpectedly inherits a large farm and becomes romantically involved with three widely divergent men.",
    "genres" : [ {
      "id" : 18,
      "name" : "Drama"
    }, {
      "id" : 10749,
      "name" : "Romance"
    } ]
  }, {
    "id" : 3474,
    "title" : "Queen of Atlantis",
    "overview" : "Antinea, the Queen of Atlantis, rules her secret kingdom hidden beneath the Sahara Desert. One day two lost explorers stumble into her kingdom, and soon realize that they haven’t really been saved—Antinea has a habit of taking men as lovers, then when she’s done with them, she kills them and keeps them mummified.",
    "genres" : [ {
      "id" : 14,
      "name" : "Fantasy"
    }, {
      "id" : 878,
      "name" : "Science Fiction"
    } ]
  }, {
    "id" : 3479,
    "title" : "Dirty Hands",
    "overview" : "Saint Tropez. Julie Wormser and her lover, writer and neighbour Jeff Marle, plan the murder of her wealthy husband Louis, an impotent who drinks a lot. She hits him, and leaves the rest of the task to Jeff. Julie finds herself alone the following day, and becomes therefore the prime suspect. Where is Louis' body? Where is Jeff? Is there any secret beyond a door? Nothing is what it seems in this highly acclaimed taut thriller.",
    "genres" : [ {
      "id" : 53,
      "name" : "Thriller"
    }, {
      "id" : 80,
      "name" : "Crime"
    } ]
  }, {
    "id" : 3484,
    "title" : "The Mask of Fu Manchu",
    "overview" : "Boris Karloff stars as the villainous Dr. Fu Manchu in a race with a team of Englishmen to find the tomb of Ghengis Khan. Fu Manchu wants to use the relics to cause an uprising in the East to wipe out the white race.",
    "genres" : [ {
      "id" : 12,
      "name" : "Adventure"
    }, {
      "id" : 14,
      "name" : "Fantasy"
    }, {
      "id" : 27,
      "name" : "Horror"
    } ]
  }, {
    "id" : 3489,
    "title" : "88 Minutes",
    "overview" : "\"88 Minutes\" focuses on a college professor (Pacino) who moonlights as a forensic psychiatrist for the FBI and receives a death threat claiming he has only 88 minutes to live.",
    "genres" : [ {
      "id" : 80,
      "name" : "Crime"
    }, {
      "id" : 9648,
      "name" : "Mystery"
    }, {
      "id" : 53,
      "name" : "Thriller"
    } ]
  }, {
    "id" : 3509,
    "title" : "A Scanner Darkly",
    "overview" : "An undercover cop in a not-too-distant future becomes involved with a dangerous new drug and begins to lose his own identity as a result.",
    "genres" : [ {
      "id" : 16,
      "name" : "Animation"
    }, {
      "id" : 878,
      "name" : "Science Fiction"
    }, {
      "id" : 53,
      "name" : "Thriller"
    } ]
  }, {
    "id" : 3514,
    "title" : "Selbstportrait 1",
    "overview" : "No overview found.",
    "genres" : [ {
      "id" : 99,
      "name" : "Documentary"
    } ]
  }, {
    "id" : 3519,
    "title" : "Cows Knocked Up by Fog",
    "overview" : "No overview found.",
    "genres" : [ {
      "id" : 99,
      "name" : "Documentary"
    } ]
  }, {
    "id" : 3524,
    "title" : "Ordered to Love",
    "overview" : "No overview found.",
    "genres" : [ {
      "id" : 18,
      "name" : "Drama"
    }, {
      "id" : 36,
      "name" : "History"
    } ]
  }, {
    "id" : 3529,
    "title" : "The Thin Man",
    "overview" : "After a four year absence, one time detective Nick Charles returns to New York with his new wife Nora and their dog, Asta. Nick re-connects with many of his old cronies, several of whom are eccentric characters, to say the least. He's also approached by Dorothy Wynant whose inventor father Clyde Wynant is suspected of murdering her step-mother. Her father had left on a planned trip some months before and she has had no contact with him. Nick isn't all that keen on resuming his former profession but egged-on by wife Nora, who thinks this all very exciting, he agrees to help out. He solves the case, announcing the identity of the killer at a dinner party for all of the suspects.",
    "genres" : [ {
      "id" : 35,
      "name" : "Comedy"
    }, {
      "id" : 80,
      "name" : "Crime"
    }, {
      "id" : 9648,
      "name" : "Mystery"
    } ]
  }, {
    "id" : 3539,
    "title" : "Off Beat",
    "overview" : "",
    "genres" : [ {
      "id" : 18,
      "name" : "Drama"
    } ]
  }, {
    "id" : 3544,
    "title" : "Lebensborn",
    "overview" : "College freshman Kari Berman and her twin brother Kyle are young, healthy, brilliant, and attractive. To genetic researcher Dr. Martin Speer they're breeding stock, part of his scheme to make create superior humans through modern genetics.",
    "genres" : [ {
      "id" : 18,
      "name" : "Drama"
    }, {
      "id" : 53,
      "name" : "Thriller"
    } ]
  }, {
    "id" : 3549,
    "title" : "After the Wedding",
    "overview" : "A manager of an orphanage in India is sent to Copenhagen, Denmark, where he discovers a life-altering family secret.",
    "genres" : [ {
      "id" : 18,
      "name" : "Drama"
    } ]
  }, {
    "id" : 3554,
    "title" : "Mahogany",
    "overview" : "Tracy, an aspiring designer from the slums of Chicago puts herself through fashion school in the hopes of becoming one of the world's top designers. Her ambition leads her to Rome spurring a choice between the man she loves or her newfound success.",
    "genres" : [ {
      "id" : 18,
      "name" : "Drama"
    }, {
      "id" : 10749,
      "name" : "Romance"
    } ]
  }, {
    "id" : 3559,
    "title" : "The Tube",
    "overview" : "No overview found.",
    "genres" : [ {
      "id" : 28,
      "name" : "Action"
    }, {
      "id" : 18,
      "name" : "Drama"
    } ]
  }, {
    "id" : 3564,
    "title" : "The Last Tunnel",
    "overview" : "A recently released prisoner reunites his criminal colleagues to pull off one last heist.",
    "genres" : [ {
      "id" : 80,
      "name" : "Crime"
    }, {
      "id" : 18,
      "name" : "Drama"
    } ]
  }, {
    "id" : 3574,
    "title" : "Doctor X",
    "overview" : "A wisecracking New York reporter intrudes on a research scientist's quest to unmask The Moon Killer.",
    "genres" : [ {
      "id" : 35,
      "name" : "Comedy"
    }, {
      "id" : 53,
      "name" : "Thriller"
    }, {
      "id" : 27,
      "name" : "Horror"
    } ]
  }, {
    "id" : 3579,
    "title" : "Shadow Realm",
    "overview" : "Shadow Realm is a compilation of four episodes of the short-lived Fox Network television series Night Visions. Each episode contained two stories and were originally hosted by musician/actor/writer Henry Rollins. The Sci-Fi Channel acquired the rights to broadcast the episodes, including the last two unaired episodes and strung them together as an anthology movie. Title sequences and end credits were changed and the Henry Rollins introductions were removed from the final product.",
    "genres" : [ {
      "id" : 27,
      "name" : "Horror"
    }, {
      "id" : 53,
      "name" : "Thriller"
    } ]
  }, {
    "id" : 3584,
    "title" : "The Longest Tunnel",
    "overview" : "After a passenger ship sinks in 1954, Go Akutsu devises a life-saving project in the form of a tunnel under the Tsugaru Strait. While working on this project Akutsu becomes involved with Tae Makimura leading to his estrangement from his wife.",
    "genres" : [ {
      "id" : 18,
      "name" : "Drama"
    } ]
  }, {
    "id" : 3589,
    "title" : "It Happened Tomorrow",
    "overview" : "A young turn-of-the-century newspaper man finds he can get hold of the next day's paper. This brings more problems than fortune, especially as his new girlfriend is part of a phony clairvoyant act.",
    "genres" : [ {
      "id" : 14,
      "name" : "Fantasy"
    }, {
      "id" : 35,
      "name" : "Comedy"
    }, {
      "id" : 878,
      "name" : "Science Fiction"
    } ]
  }, {
    "id" : 3594,
    "title" : "The Number 23",
    "overview" : "Walter Sparrow is an animal control officer that becomes obsessed with a mysterious book that seems to be based on his own life. As soon as he opens the book, he notices strange parallels between what he reads and what he's experienced. But now he's worried that a fictional murder might materialize.",
    "genres" : [ {
      "id" : 53,
      "name" : "Thriller"
    }, {
      "id" : 18,
      "name" : "Drama"
    }, {
      "id" : 9648,
      "name" : "Mystery"
    } ]
  }, {
    "id" : 3604,
    "title" : "Flash Gordon",
    "overview" : "A football player and his friends travel to the planet Mongo and find themselves fighting the tyrant, Ming the Merciless, to save Earth.",
    "genres" : [ {
      "id" : 878,
      "name" : "Science Fiction"
    } ]
  }, {
    "id" : 3679,
    "title" : "Flash Gordon: The Greatest Adventure of All",
    "overview" : "No overview found.",
    "genres" : [ {
      "id" : 16,
      "name" : "Animation"
    }, {
      "id" : 14,
      "name" : "Fantasy"
    }, {
      "id" : 878,
      "name" : "Science Fiction"
    } ]
  }, {
    "id" : 3684,
    "title" : "Baytekin fezada carpisanlar",
    "overview" : "1967 is the year of \"Baytekin Fezada Çarpışanlar / Flash Gordon - Battle in Space\" in which director Şinasi Özonuk tries hardly,despite a very low budget,to come up with a space Opera.",
    "genres" : [ {
      "id" : 28,
      "name" : "Action"
    }, {
      "id" : 12,
      "name" : "Adventure"
    }, {
      "id" : 878,
      "name" : "Science Fiction"
    } ]
  }, {
    "id" : 3689,
    "title" : "Diamond Walkers",
    "overview" : "No overview found.",
    "genres" : [ {
      "id" : 12,
      "name" : "Adventure"
    } ]
  }, {
    "id" : 3694,
    "title" : "Che notte, ragazzi!",
    "overview" : "No overview found.",
    "genres" : [ ]
  }, {
    "id" : 3699,
    "title" : "Seven Blood-Stained Orchids",
    "overview" : "A woman, a survivor of a failed murder attempt by a person dubbed \"The Half-Moon Killer\" by the police, and her husband must find the connecting thread between herself, six other women, and the killer before the killer strikes at her again.",
    "genres" : [ {
      "id" : 9648,
      "name" : "Mystery"
    }, {
      "id" : 80,
      "name" : "Crime"
    }, {
      "id" : 27,
      "name" : "Horror"
    } ]
  }, {
    "id" : 3764,
    "title" : "The Naked Island",
    "overview" : "Deals with the intolerably hard life of a family of four, the only inhabitants of a very small Japanese island in the Setonaikai archipelago. Several times a day they row over to the neighboring island to fetch water for their miserable fields.",
    "genres" : [ {
      "id" : 18,
      "name" : "Drama"
    } ]
  }, {
    "id" : 3784,
    "title" : "Frankie and Johnny",
    "overview" : "When Johnny is released from prison following a forgery charge, he quickly lands a job as a short-order cook at a New York diner. Following a brief fling with waitress Cora, Frankie develops an attraction for Cora's friend and fellow waitress Frankie. While Frankie resists Johnny's charms initially, she eventually relents when her best friend, Tim, persuades her to give Johnny a chance.",
    "genres" : [ {
      "id" : 18,
      "name" : "Drama"
    }, {
      "id" : 35,
      "name" : "Comedy"
    }, {
      "id" : 10749,
      "name" : "Romance"
    } ]
  }, {
    "id" : 3899,
    "title" : "Sakima and the Masked Marvel",
    "overview" : "No overview found.",
    "genres" : [ {
      "id" : 28,
      "name" : "Action"
    } ]
  }, {
    "id" : 3924,
    "title" : "Blondie",
    "overview" : "Blondie and Dagwood are about to celebrate their fifth wedding anniversary but this happy occasion is marred when the bumbling Dagwood gets himself involved in a scheme that is promising financial ruin for the Bumstead family. Camping on the porch of the Poor House would become the most-used prevalent plot line in the 27 series-films that followed. It was also an issue in the comic-strip for about a year after its inception when it was basically a continuity strip but, aside from Dagwood's inability to coax a pay-raise from Mr. Dithers over the years, the financial status of the family was seldom an issue when the format switched to a gag-a-day strip.",
    "genres" : [ {
      "id" : 35,
      "name" : "Comedy"
    } ]
  }, {
    "id" : 3929,
    "title" : "Blondie Brings Up Baby",
    "overview" : "Columbia's Blondie series continued its winning streak with its fourth entry, Blondie Brings Up Baby. So much happens within the film's 72 minutes that it's best to boil things down to the central storyline.\r Baby Dumpling (Larry Simms), the six-year-old son of Blondie and Dagwood Bumstead (Penny Singleton and Arthur Lake) disappears from sight during his first day at school.\r While Dagwood frantically combs the city in search of the boy, Baby Dumpling spents a nice, safe afternoon with poor little rich girl Melinda Mason (Peggy Ann Garner), who with her new playmate's help arises from her sickbed to walk across the room for the first time in months.",
    "genres" : [ {
      "id" : 35,
      "name" : "Comedy"
    } ]
  }, {
    "id" : 3934,
    "title" : "Ménage",
    "overview" : "Menage begins as a comedy of sorts, but be warned: it develops into a very dark, very confusing probe into the seamier aspects of Parisian life. Gerard Depardieu plays a crude but charismatic thief, whose own gayness does not prevent his commiserating with those of the opposite sex. Miou-Miou and Michel Blanc are young, impoverished lovers who fall under Depardieu's influence. He gains their confidence by introducing them to kinky sex, then sucks them into a vortex of crime. Director Bertrand Blier, who in most of his films has explored the awesome power (rather than pleasure) of sex, nearly outdoes himself in Menage (aka Tenue de Soiree).",
    "genres" : [ {
      "id" : 80,
      "name" : "Crime"
    }, {
      "id" : 18,
      "name" : "Drama"
    }, {
      "id" : 35,
      "name" : "Comedy"
    } ]
  }, {
    "id" : 3939,
    "title" : "Blondie in Society",
    "overview" : "Dagwood brings home a pedigreed Great Dane which an important company client wants and which Blondie enters in the big dog show. A highlight of this film is the canine burping display.",
    "genres" : [ {
      "id" : 35,
      "name" : "Comedy"
    } ]
  }, {
    "id" : 3944,
    "title" : "Footlight Glamour",
    "overview" : "Mr. Dithers is trying to encourage a businessman to build a war-time manufacturing plant on land he owns while Dagwood tries to prevent the businessman from learning his daughter is involved in a local theatre production.",
    "genres" : [ {
      "id" : 35,
      "name" : "Comedy"
    } ]
  }, {
    "id" : 3959,
    "title" : "It's a Great Life",
    "overview" : "When the profits of their various film series began slumping in the mid-1940s, Columbia Pictures tried to broaden the appeal of these films by disguing the fact that they were indeed series entries.  Thus it was that Columbia's 13th \"Blondie\" picture was shipped out as It's a Great Life.  The comic confusion begins when Dagwood Bumstead (Arthur Lake), intending to buy a house, buys a horse instead.  Before the film's 75 minutes have run their course, Dagwood gets mixed up in a fox hunt.  But Blondie (Penny Singleton) saves the day as usual, with the help of eccentric millionaire Timothy Brewster (Hugh Herbert).  After It's a Great Life and #14 \"Footlight Glamour\", Columbia restored the name \"Blondie\" to the titles of all subesequent installments in this long-running comedy series.",
    "genres" : [ {
      "id" : 35,
      "name" : "Comedy"
    } ]
  }, {
    "id" : 3969,
    "title" : "Blondie in the Dough",
    "overview" : "Blondie #21: Blondie opens a bakery in her home to help fill the family cookie jar in this entry in the long-running domestic comedy series based on the popular comic strip.  Her tasty cookies become so popular that a cookie magnate makes her an offer that is difficult to refuse.  Unfortunately, this creates all kinds of problems for the Bumsteads.",
    "genres" : [ {
      "id" : 35,
      "name" : "Comedy"
    } ]
  }, {
    "id" : 3979,
    "title" : "Blondie's Secret",
    "overview" : "The 24th entry in the \"Blondie\" film series begins as Dagwood prepares for a long-delayed vacation with the family.  His boss Mr. Radcliffe (Jerome Cowan) has promised the Bumsteads that there'll be no more postponements for their holiday.  But when something comes up that requires Dagwood's presence, Radcliffe hires a couple of thugs to steal Blondie and Dagwood's luggage so that they'll have to stay in town. And that's only the beginning of the frantic fun.",
    "genres" : [ {
      "id" : 35,
      "name" : "Comedy"
    } ]
  }, {
    "id" : 3984,
    "title" : "Shelter Me",
    "overview" : "Anna and Mara return from a holiday abroad, and realize that Anis, a young Moroccan immigrant, managed to hide in their car in order to cross the border to Italy. At first unsure of what to do, they then decide to take him with them.",
    "genres" : [ {
      "id" : 18,
      "name" : "Drama"
    }, {
      "id" : 10769,
      "name" : "Foreign"
    } ]
  }, {
    "id" : 3989,
    "title" : "Team America: World Police",
    "overview" : "Team America World Police follows an international police force dedicated to maintaining global stability. Learning that dictator Kim Jong il is out to destroy the world, the team recruits Broadway star Gary Johnston to go undercover. With the help of Team America, Gary manages to uncover the plan to destroy the world. Will Team America be able to save it in time? It stars… Samuel L Jackson, Tim Robbins, Sean Penn, Michael Moore, Helen Hunt, Matt Damon, Susan Sarandon, George Clooney, Danny Glover, Ethan Hawke, Alec Baldwin… or does it?",
    "genres" : [ {
      "id" : 10402,
      "name" : "Music"
    }, {
      "id" : 12,
      "name" : "Adventure"
    }, {
      "id" : 16,
      "name" : "Animation"
    }, {
      "id" : 28,
      "name" : "Action"
    }, {
      "id" : 35,
      "name" : "Comedy"
    } ]
  }, {
    "id" : 4024,
    "title" : "Last Year at Marienbad",
    "overview" : "Takes place in a chateau, an ambiguous story of a man and a woman who may or may not have met last year at Marienbad.",
    "genres" : [ {
      "id" : 18,
      "name" : "Drama"
    }, {
      "id" : 10749,
      "name" : "Romance"
    } ]
  }, {
    "id" : 4034,
    "title" : "That Man from Rio",
    "overview" : "Farce, spy spoof, and adventure. Swarthy thieves ignore jewels to steal an Amazon figurine from the Museum of Man in Paris' Trocadero Palace and kidnap the world's authority on the lost Maltec civilization. Cut to Agnes, the daughter of a murdered man who possessed one of two other such figurines. Moments after her sweetheart, Adrien, an Army private with a week's leave, arrives in Paris to see her, Agnes too is kidnapped, drugged, and loaded on a plane to Rio. Adrien is in hot pursuit, and before he can rescue her (with the help of a shoeshine boy), foil the murderous thieves, and solve the riddle of the Maltecs, he must traverse Rio, Brasília, and the Amazon heartland... all before the end of his week's leave.",
    "genres" : [ {
      "id" : 28,
      "name" : "Action"
    }, {
      "id" : 12,
      "name" : "Adventure"
    }, {
      "id" : 35,
      "name" : "Comedy"
    } ]
  }, {
    "id" : 4044,
    "title" : "Le Club: Claude Jade",
    "overview" : "",
    "genres" : [ {
      "id" : 99,
      "name" : "Documentary"
    } ]
  }, {
    "id" : 4049,
    "title" : "The Glass Cell",
    "overview" : "A man is wrongfully imprisoned for five years. Once out, he hears about his wife's supposed adventures outside of their marriage and becomes increasingly jealous.",
    "genres" : [ {
      "id" : 18,
      "name" : "Drama"
    }, {
      "id" : 80,
      "name" : "Crime"
    } ]
  }, {
    "id" : 4104,
    "title" : "Benny & Joon",
    "overview" : "A mentally ill young woman finds her love in an eccentric man who models himself after Buster Keaton.",
    "genres" : [ {
      "id" : 35,
      "name" : "Comedy"
    }, {
      "id" : 18,
      "name" : "Drama"
    }, {
      "id" : 10749,
      "name" : "Romance"
    } ]
  }, {
    "id" : 4114,
    "title" : "Blondie, Biffen och Bananen",
    "overview" : "No overview found.",
    "genres" : [ {
      "id" : 35,
      "name" : "Comedy"
    } ]
  }, {
    "id" : 4134,
    "title" : "Het zwijgen",
    "overview" : "No overview found.",
    "genres" : [ {
      "id" : 53,
      "name" : "Thriller"
    } ]
  }, {
    "id" : 4149,
    "title" : "Middlemarch",
    "overview" : "A BBC dramatization of George Eliot's classic novel about the lives and loves of a group of people living on the cusp of the Industrial Revolution in a small town named Middlemarch. These include young Doctor Lydgate, who arrives at Middlemarch hospital full of idealism and determined to do good works; Dorothea Brooke, who becomes attracted to the scholarly Edward Casaubon and then finds herself trapped in an ill-fated marriage; and Will Ladislaw, a young lad who awakens Dorothea's repressed passion and thereby changes the course of her life.",
    "genres" : [ {
      "id" : 18,
      "name" : "Drama"
    } ]
  }, {
    "id" : 4154,
    "title" : "Three Seasons",
    "overview" : "Three Seasons wants to show individuals triumphing over adversities, recovering from traumas, looking forward to better times, as well as nostalgia for those better days before American and French and other invasions, material and ideological. It is a poetic film that tries to paint a picture of the urban culture undergoing westernisation.",
    "genres" : [ {
      "id" : 18,
      "name" : "Drama"
    }, {
      "id" : 10769,
      "name" : "Foreign"
    } ]
  }, {
    "id" : 4169,
    "title" : "Breach",
    "overview" : "Eric O'Neill, a computer specialist who wants to be made an agent is assigned to clerk for Robert Hanssen, a senior agent with 25 years in the FBI, and to write down everything Hanssen does. O'Neill's told it's an investigation of Hanssen's sexual habits, however Hanssen is really suspected of spying for the Soviet Union and Russia for years and being responsible for the deaths of agents working for the United States.",
    "genres" : [ {
      "id" : 18,
      "name" : "Drama"
    }, {
      "id" : 53,
      "name" : "Thriller"
    }, {
      "id" : 80,
      "name" : "Crime"
    }, {
      "id" : 36,
      "name" : "History"
    } ]
  }, {
    "id" : 4174,
    "title" : "Spellbound",
    "overview" : "When Dr. Anthony Edwardes arrives at a Vermont mental hospital to replace the outgoing hospital director, Dr. Constance Peterson, a psychoanalyst, discovers Edwardes is actually an impostor. The man confesses that the real Dr. Edwardes is dead and fears he may have killed him, but cannot recall anything. Dr. Peterson, however is convinced his impostor is innocent of the man's murder, and joins him on a quest to unravel his amnesia through psychoanalysis.",
    "genres" : [ {
      "id" : 18,
      "name" : "Drama"
    }, {
      "id" : 9648,
      "name" : "Mystery"
    }, {
      "id" : 53,
      "name" : "Thriller"
    } ]
  }, {
    "id" : 4179,
    "title" : "Les petites bonnes",
    "overview" : "No overview found.",
    "genres" : [ {
      "id" : 35,
      "name" : "Comedy"
    } ]
  }, {
    "id" : 4194,
    "title" : "A Matter of Resistance",
    "overview" : "In the countryside near Normandy's beaches lives Marie, unhappy. It's 1945, she's married to Jérôme, a somewhat fussy milquetoast, diffident to the war around him and unwilling to move his wife to Paris, where she longs to live, shop, and party. A German outfit is bivouacked at Jérôme and Marie's crumbling château because its commanding officer is pursuing Marie. She's also eyed by a French spy working with the Allies as they plan D-Day. He woos her (posing to the Germans as her brother) and, in his passion, forgets his mission. Heroics come from an unexpected direction, and Marie makes her choice.",
    "genres" : [ {
      "id" : 35,
      "name" : "Comedy"
    }, {
      "id" : 10749,
      "name" : "Romance"
    } ]
  } ]
}