{
  "movies" : [ {
    "id" : 210469,
    "title" : "Tiffany's Lingerie Lesson",
    "overview" : "You'll be full extended in Bryan Xings studious examination of legs, heels, stockings, feet, and all things undie. Led by hot-for-teacher Tiffany Taylor, in one nasty corset. She does anal by the way (You can leave your socks on) Ass dismissed.",
    "genres" : [ ]
  }, {
    "id" : 210479,
    "title" : "Locke",
    "overview" : "Ivan Locke has worked hard to craft a good life for himself. Tonight, that life will collapse around him. On the eve of the biggest challenge of his career, Ivan receives a phone call that sets in motion a series of events that will unravel his family, job, and soul.",
    "genres" : [ {
      "id" : 18,
      "name" : "Drama"
    }, {
      "id" : 53,
      "name" : "Thriller"
    } ]
  }, {
    "id" : 210489,
    "title" : "Bomb It 2",
    "overview" : "Jon Reiss and his crew travel to Asia, Australia, the Middle East and beyond, exploring the local graffiti scenes and artists. Follow-up to the groundbreaking street art documentary \"Bomb It\".",
    "genres" : [ {
      "id" : 99,
      "name" : "Documentary"
    } ]
  }, {
    "id" : 210499,
    "title" : "The Illustrated Hitchcock",
    "overview" : "Film director Hitchcock discusses his life and career in long talks with Pia Lindstrom (newscaster and daughter of Hitchcock star Ingrid Berman) and with film historian William Everson. Excerpts from several films illustrate these interviews. Discussion topics include: what is fear?, method acting vs. film acting, the difference between the usual \"Who Done It\" mystery and what he considers to be real suspense. His choice of leading ladies and why (Bergman, Baxter, Kelly, Marie Saint, Leigh, etc.).",
    "genres" : [ {
      "id" : 99,
      "name" : "Documentary"
    } ]
  }, {
    "id" : 210504,
    "title" : "L'envol",
    "overview" : "A woman crosses a mirrored surface in the Moroccan desert to embrace her lover, and the two take flight to the mournful notes of Mozart's Piano Concerto No. 23 in A major in a turning, spinning whirligig of dancing joy.",
    "genres" : [ ]
  }, {
    "id" : 210514,
    "title" : "Heavenly Appeals",
    "overview" : "After many millennia of being tortured in Hell, Raymond K. Hessle has finally earned a chance to appeal his sentence of Eternal Damnation. Upon arriving at the \"appeals\" gate of Heaven he is greeted by the angel who will preside over his case. As Raymond waits at the edge of paradise, he will finally have a chance to prove just how worthy he is.",
    "genres" : [ {
      "id" : 16,
      "name" : "Animation"
    } ]
  }, {
    "id" : 210524,
    "title" : "Imago...",
    "overview" : "The cycle of life. A boy whose father is a pilot imagines that his toy plane becomes the real thing, allowing him to fly side-by-side through the heavens with his father. He takes off from a tree house overlooking the sea and his father's landing strip. Their flight is graceful and full of adventure. Then, we watch the boy grow, study, marry, father a child, and become, himself, a grandfather. Holding a toy plane, he takes his grandchild to the same cliff from whence his own imagination took off years before.",
    "genres" : [ ]
  }, {
    "id" : 210529,
    "title" : "Denise",
    "overview" : "A girl helps a guy untangle his web of lies.",
    "genres" : [ {
      "id" : 18,
      "name" : "Drama"
    } ]
  }, {
    "id" : 210539,
    "title" : "Pendarvia",
    "overview" : "Pendarvia is a 30 minute film that documents the recording process of The Decemberists album \"The King Is Dead\" (Capitol, 2011). The album was recorded in a barn in rural Oregon. Pendarvia is heavily driven by the natural surroundings of the area, inter-cutting music with beautiful shots of the surrounding scenery. The film follows the abstractly linear narrative of the recording process, inter-cutting found moments of dialogue from the band, producer Tucker Martine, collaborators and friends. The film is a beautiful audio/visual collage that explores the trials and tribulations of the creative process.",
    "genres" : [ {
      "id" : 99,
      "name" : "Documentary"
    }, {
      "id" : 10402,
      "name" : "Music"
    } ]
  }, {
    "id" : 210564,
    "title" : "Kylie Greatest Hits",
    "overview" : "Australian pop princess Kylie Minogue's years with PWL are covered hear with this collection of 20 of her singles from 1987 to 1992. Includes such smash hits as \"Better The Devil You Know,\" \"Step Back In Time\" and her number 1 debut \"I should Be So Lucky\".",
    "genres" : [ ]
  }, {
    "id" : 210569,
    "title" : "Boca de fresa",
    "overview" : "",
    "genres" : [ {
      "id" : 35,
      "name" : "Comedy"
    }, {
      "id" : 10749,
      "name" : "Romance"
    } ]
  }, {
    "id" : 210584,
    "title" : "Sympathetic Details",
    "overview" : "None supplied",
    "genres" : [ {
      "id" : 53,
      "name" : "Thriller"
    } ]
  }, {
    "id" : 210594,
    "title" : "The Mouse",
    "overview" : "This story is about the 10-year-old girl, Liv, who starts dating her classmate, Mike. Mike gives Liv a little, white mouse as a present. This mouse is very important to Mike, and he tamed it all by himself. Back at school, Mike starts talking to Liv's friend, who is the popular girl in class, and Liv finds herself getting jealous. In her powerlessness towards this strange emotion, Liv takes out her frustration on the mouse. She leaves the mouse with her cat and closes the door behind her. The mouse gets badly injured. When Liv discovers that Mike is still only interested in her, it's too late to save the mouse. A film about love, cowardice and jealousy.",
    "genres" : [ {
      "id" : 18,
      "name" : "Drama"
    } ]
  }, {
    "id" : 210599,
    "title" : "Killer Bees",
    "overview" : "A strong-willed woman not only dominates her family of California winegrowers, but also has a strange hold on a colony of bees in her vineyard.",
    "genres" : [ {
      "id" : 27,
      "name" : "Horror"
    }, {
      "id" : 10770,
      "name" : "TV Movie"
    } ]
  }, {
    "id" : 210609,
    "title" : "Pioneer Woman",
    "overview" : "A homesteading family in the 1867 Wyoming faces a crisis when the husband is killed and the wife must decide whether to remain or take her son and daughter back East.",
    "genres" : [ {
      "id" : 37,
      "name" : "Western"
    } ]
  }, {
    "id" : 210614,
    "title" : "Kitne Door... Kitne Paas",
    "overview" : "Two young Indians, a male named Jatin, and a woman named Karishma, meet on an airplane, who is on it's way to India. Jatin is returning home to get married to a woman named Jaya, who has been chosen for him by his mother. Karishma is also returning to India to get married to an Indian named Nimesh. Their paths cross, and despite of the difference in their temperaments, both are attracted to each other. Both would like to get married, but also realize and stand by their commitment to Jaya and Nimesh. Will they marry the partners intended for them, and thus regret this meeting for the rest of their lives?",
    "genres" : [ {
      "id" : 35,
      "name" : "Comedy"
    }, {
      "id" : 10749,
      "name" : "Romance"
    } ]
  }, {
    "id" : 210624,
    "title" : "TWA Flight 800",
    "overview" : "A thought-provoking documentary about the ill-fated Trans World Airline Flight 800 to Paris, France, which exploded on July 17, 1996 just 12 minutes after takeoff from JFK International Airport, killing all 230 people on board. The special features six former members of the official crash investigation breaking their silence to refute the officially proposed cause of the jetliner's demise and reveal how the investigation was systematically undermined.",
    "genres" : [ {
      "id" : 99,
      "name" : "Documentary"
    } ]
  }, {
    "id" : 210629,
    "title" : "La capture",
    "overview" : "",
    "genres" : [ {
      "id" : 18,
      "name" : "Drama"
    } ]
  }, {
    "id" : 210634,
    "title" : "Chill Factor: House Call",
    "overview" : "In poor and lonely farm country, a woman calls a doctor out to make a house call on her strangly-ailing son. And what the old doctor finds when he gets there isn't listed in any medical books...  Originally a pilot for a proposed television series, now exists as a stand-alone short film, and as the final segment in the film \"Deadtime Stories Volume 1.\"",
    "genres" : [ {
      "id" : 27,
      "name" : "Horror"
    }, {
      "id" : 53,
      "name" : "Thriller"
    } ]
  }, {
    "id" : 210639,
    "title" : "Me late chocolate",
    "overview" : "After losing her boyfriend, Moni decides to focus on her thesis, which consists on chocolate pastry-making. When she starts seeing other guys, the ghostly figure of her abusive boyfriend Javi appears, provoking funny situations since Moni is the only one who sees him.",
    "genres" : [ {
      "id" : 35,
      "name" : "Comedy"
    }, {
      "id" : 10749,
      "name" : "Romance"
    } ]
  }, {
    "id" : 210644,
    "title" : "Lemmy pour les dames",
    "overview" : "",
    "genres" : [ {
      "id" : 80,
      "name" : "Crime"
    } ]
  }, {
    "id" : 210664,
    "title" : "Noah",
    "overview" : "Norman is a very busy builder who spends very little time with her three children. His life changes when a mysterious man convinces him to build an ark like Noah. Although the project you find something crazy, Norman accepts and learns that there are things in life that are not just for money, but simply because it's worth trying them.",
    "genres" : [ ]
  }, {
    "id" : 210669,
    "title" : "Sleeping Beauties",
    "overview" : "Lawrence, a renowned writer, comes to Santiago to spend a winter course. There, by his colleague Elijah, finds a very special house on the outskirts of the city, run by a secretive and mysterious woman, Salome. In this house, mature men, old, spend the night with young dormant, seeking to regain his lost youth side.",
    "genres" : [ {
      "id" : 18,
      "name" : "Drama"
    } ]
  }, {
    "id" : 210674,
    "title" : "Bengal Brigade",
    "overview" : "Year 1856, British India. Capt. Jeffrey Claybourne is severely punished after disobeying an order. Feeling unworthy of his fiancée Vivian Morrow, the daughter of his superior officer, Claybourne leaves the army until he could regain his reputation. When the Rajah Karam launches an attack on the British forces in India, Claybourne finds a chance at redemption.",
    "genres" : [ {
      "id" : 10752,
      "name" : "War"
    }, {
      "id" : 12,
      "name" : "Adventure"
    } ]
  }, {
    "id" : 210679,
    "title" : "The Village",
    "overview" : "Set in a walled village of busy bodies, thieves, drunkards and narrow minds, it tells the story of the one decent man whose very decency means that he is ostracised by his fellow villagers.",
    "genres" : [ {
      "id" : 16,
      "name" : "Animation"
    } ]
  }, {
    "id" : 210684,
    "title" : "Los Hombres las prefieren viudas",
    "overview" : "Marisa is an employee in a travel agency. She is in mourning and her workmates call her in fun 'the little widow'. One day, Carlos, the owner of a hotel in Almuñécar, visits the agency and is attracted by her thinking that she really is a widow. She falls in love with him and, encouraged by her friend Amelia, they both go on holiday to the hotel owned by Carlos.",
    "genres" : [ ]
  }, {
    "id" : 210689,
    "title" : "Son Contento",
    "overview" : "",
    "genres" : [ {
      "id" : 35,
      "name" : "Comedy"
    } ]
  }, {
    "id" : 210704,
    "title" : "Terzo canale - Avventura a Montecarlo",
    "overview" : "A rock band called \"The Trip\" want to get to Montecarlo to take part in a festival. Due to a series of circumstances however they end up in the place they set about the journey from: Rome. There is a music festival on at The Terme of Caracalla and they sing there.",
    "genres" : [ {
      "id" : 35,
      "name" : "Comedy"
    }, {
      "id" : 10402,
      "name" : "Music"
    } ]
  }, {
    "id" : 210709,
    "title" : "80 Meters Below the Summit",
    "overview" : "Rising 28,169 feet above the Earth's surface, Nepal's Kanchenjunga  or \"five treasures of snows\" is the world's third-highest mountain and the object of destiny for the members of the Slovak expedition at the heart of this documentary. Weather, geography and legend all conspire against those who set out to conquer the five-peaked behemoth in this film that reveals many of the mountain's most spectacular vistas.",
    "genres" : [ ]
  }, {
    "id" : 210714,
    "title" : "Ecuador",
    "overview" : "This documentary profiles Rafael Correa, an established economist who was elected Ecuador's president in 2006 and quickly transformed a country with archaic structures into a participatory democracy.",
    "genres" : [ {
      "id" : 99,
      "name" : "Documentary"
    } ]
  }, {
    "id" : 210719,
    "title" : "'Caddyshack': The 19th Hole",
    "overview" : "Behind-the-scenes documentary of the making of 'Caddyshack'. Among the people interviewed: producer Jon Peters, writer/director Harold Ramis, and players Cindy Morgan, Scott Colomby, Ann Ryerson, Hamilton Mitchell, and Chevy Chase. Ms. Ryerson mentions the candy bar-in-the-pool scene and says she can no longer eat one because of that. Ms. Morgan mentions her reluctance to do nude scenes to Mr. Ramis who didn't want to force her to do it. Mr. Peters ended up making her do it. They all mention the genius of Bill Murray's improvisations as Carl Spackler as well as John Dykstra's handling of the animatronic gopher. They also mention the ways the late Ted Knight and the late Rodney Dangerfield worked and their friction that seemed to help the movie. There were a few more interesting anecdotes that were told but I'll just say that 'Caddyshack': The 19th Hole was a nice look back at this now-classic comedy.",
    "genres" : [ ]
  }, {
    "id" : 210724,
    "title" : "Feel",
    "overview" : "Over the course of a single day, four different men visit a massage parlor looking for some kind of emotional or physical connection. Simultaneously, the film explores the complex emotional experiences of the women who work there.",
    "genres" : [ ]
  }, {
    "id" : 210729,
    "title" : "33 Teeth",
    "overview" : "Eddie's fascination with his older neighbor, Chad, heightens after he spies on him in the bathroom measuring his manhood.",
    "genres" : [ {
      "id" : 35,
      "name" : "Comedy"
    }, {
      "id" : 18,
      "name" : "Drama"
    } ]
  }, {
    "id" : 210734,
    "title" : "Battlefield Death Tales",
    "overview" : "3 interlocking stories from the dark days of World War 2. A soldier on a suicide mission. A troubled family with a monster in their bomb shelter. A supernatural investigator on her most dangerous assignment yet.",
    "genres" : [ {
      "id" : 10752,
      "name" : "War"
    }, {
      "id" : 27,
      "name" : "Horror"
    } ]
  }, {
    "id" : 210739,
    "title" : "Maniacts",
    "overview" : "Two serial killers meet and fall in love in an asylum for the criminally insane. Upon escaping their corrupt captors, they flee to the country to try and lead a happy, normal life. Unfortunately, \"normal\" turns out to be a state of mind...an elusive state of mind.",
    "genres" : [ ]
  }, {
    "id" : 210754,
    "title" : "Messiah 2: Vengeance Is Mine",
    "overview" : "When a man is buried alive, Red Metcalf must delve into a serial killer's psyche.",
    "genres" : [ {
      "id" : 53,
      "name" : "Thriller"
    }, {
      "id" : 80,
      "name" : "Crime"
    } ]
  }, {
    "id" : 210769,
    "title" : "Scooby-Doo! Adventures: The Mystery Map",
    "overview" : "Get ready to experience the world-famous Scooby-Doo! and Crew like never before in this all-new, original puppet movie! What begins as a routine night for the Gang - which includes the slobbering sleuth and Shaggy eating a triple-extra-large Scooby snack pizza - becomes a mad dash to find the frightening Phantom Parrot, who has a map to pirate Gnarlybeard's hidden treasure. Scooby sniffs out the map's clues, which lead him right to a spooky pirate ship. Ruh-roh! What will Gnarlybeard be willing to do to protect his booty? The whole family will love casting off on this mysterious, fun-filled voyage again and again.",
    "genres" : [ {
      "id" : 10751,
      "name" : "Family"
    } ]
  }, {
    "id" : 210774,
    "title" : "Se lo scopre Gargiulo",
    "overview" : "",
    "genres" : [ {
      "id" : 80,
      "name" : "Crime"
    }, {
      "id" : 35,
      "name" : "Comedy"
    } ]
  }, {
    "id" : 210779,
    "title" : "Roses Have Thorns",
    "overview" : "The collision of deceptive perspectives carried by a failed cross cultured relationship.",
    "genres" : [ {
      "id" : 18,
      "name" : "Drama"
    } ]
  }, {
    "id" : 210789,
    "title" : "Badfish",
    "overview" : "What happens when a childhood rivalry never dies -- and only intensifies as the years pass by? For 20-somethings Kevin and Ryan, it means swallowing live goldfish every day. In the tradition of Christopher Guest films and TV's The Office, BADFISH is an uproariously funny mockumentary about the fictional underground world known to its devotees as the National &amp; International Community of Competitors in the Association of Goldfish Eating (NIC CAGE).",
    "genres" : [ ]
  }, {
    "id" : 210794,
    "title" : "Contractor's Routine",
    "overview" : "Contractor's Routine is the depiction of one day in the life of Jacob Borschevsky, who although, apparently harmless is a rather quirky and strange human being. Because of his lack of skills at fitting in with normal society, Jacob has developed a full and rich fantasy life, complete with an ultra ego, who as his mentor is available at Jacob's beacon call. When Jacob resorts to horrible acts of violence and murder as a means of coping with his considerable frustrations with the workings of the real world, it is left to the audience to decide - will Jacob's mentor be able to stop the violence from spilling over into the real world?",
    "genres" : [ {
      "id" : 18,
      "name" : "Drama"
    }, {
      "id" : 53,
      "name" : "Thriller"
    } ]
  }, {
    "id" : 210799,
    "title" : "The Beneficiary",
    "overview" : "None supplied",
    "genres" : [ {
      "id" : 53,
      "name" : "Thriller"
    } ]
  }, {
    "id" : 210809,
    "title" : "Red Roses of Passion",
    "overview" : "A man-hungry suburban woman feels frustrated since she lives in the home of her prudish aunt and cousin, who interrupt and criticise her amorous liaisons. A co-worker brings her to a tarot-card reader, who introduces her to a club of women who meet occasionally to share an intoxicating brew, tease each other erotically with long-stemmed roses and honour the heathen god Pan. The occultist manages to corrupt the aunt and cousin, and lure the woman into full-fledged membership so she might participate in its climactic ritual.",
    "genres" : [ {
      "id" : 14,
      "name" : "Fantasy"
    } ]
  }, {
    "id" : 210819,
    "title" : "En loppe kan også gø",
    "overview" : "Rosa is a lonely 13 year old wearing a leg prosthesis. She lives with her single father in a small town.",
    "genres" : [ {
      "id" : 18,
      "name" : "Drama"
    }, {
      "id" : 10751,
      "name" : "Family"
    } ]
  }, {
    "id" : 210824,
    "title" : "Second Class Mail",
    "overview" : "A lonely woman sends off for a special mail-order package.",
    "genres" : [ {
      "id" : 16,
      "name" : "Animation"
    } ]
  }, {
    "id" : 210839,
    "title" : "Delusions in Modern Primitivism",
    "overview" : "Meet Jerome, tortured soul. Bored with his extensive collection of tattoos and piercings we follow Jerome on his trek across Dallas for the next, newest form of body modification as he seeks meaning, identity and acceptance from this harsh world in the form of a new scar.",
    "genres" : [ ]
  }, {
    "id" : 210844,
    "title" : "La bouteille",
    "overview" : "",
    "genres" : [ {
      "id" : 35,
      "name" : "Comedy"
    }, {
      "id" : 18,
      "name" : "Drama"
    } ]
  }, {
    "id" : 210864,
    "title" : "Celsius 41.11: The Temperature at Which the Brain... Begins to Die",
    "overview" : "This film attempts to correct the record when it comes to the left's attacks on President Bush, 9/11 and the war in Iraq and Kerry's 20-year tenure in the Senate.",
    "genres" : [ {
      "id" : 99,
      "name" : "Documentary"
    } ]
  }, {
    "id" : 210869,
    "title" : "สยิว",
    "overview" : "",
    "genres" : [ ]
  }, {
    "id" : 210889,
    "title" : "Latino",
    "overview" : "The fighting between the Sandinista government in Nicaragua and the Contra rebels backed by U.S. money and expertise is the focus of this pro-Sandinista film by Haskell Wexler. On a secret mission to help the U.S. Special Forces train Contra rebels in the jungles of Nicaragua, American soldier Eddie Guerrero begins to question the morality of the task at hand and consider how his actions may influence the fate of a nation.",
    "genres" : [ {
      "id" : 10752,
      "name" : "War"
    }, {
      "id" : 18,
      "name" : "Drama"
    } ]
  }, {
    "id" : 210894,
    "title" : "An Affirmative Act",
    "overview" : "\"An Affirmative Act\" is pro-gay marriage film, starring Charles Durning, Eric Etebari, Costas Mandylor, Rachael Robbins, and Blanche Baker, about a lesbian couple where one pretends to be a man in order for the two to get married and equal benefits. A slice of life of a young, professional married couple with their darling baby turns a sharp, dark corner when the pair are arrested and charged with several counts of fraud. The reason: Terry and Samantha Succi aren't the man and woman that they purported to be... Terry and Samantha married under false pretenses, ignoring state law that discriminates against homosexual partners and prohibits them from receiving the same rights and benefits as their straight counterparts.",
    "genres" : [ ]
  }, {
    "id" : 210914,
    "title" : "To and From New York",
    "overview" : "While covering a story in New York City, a Seattle-based reporter (Barbara King) uncovers a link between two missing women that changes her lead entirely. Now, with her editor breathing down her neck, she works with her friend and a local art dealer to turn in the headline of her career, a task that takes them precariously close to danger.",
    "genres" : [ ]
  }, {
    "id" : 210924,
    "title" : "Sonna Puriyathu",
    "overview" : "Shiva, a dubbing artiste lending voice to English films, has an aversion towards the idea of marriage and hates being in a commitment. However, his life takes unexpected turns when his mother blackmails him to meet a girl of her choice, Anjali. But Shiva has plans of his own to rule out the idea of marriage with Anjali.",
    "genres" : [ {
      "id" : 35,
      "name" : "Comedy"
    } ]
  }, {
    "id" : 210939,
    "title" : "Persona",
    "overview" : "Physician Koichiro Kiby loses interest in work and begins drinking in a local park after the death of his wife. One day he encounters a girl who knows intimate details about his life. Now, he must unlock her mystery in this fantasy drama.",
    "genres" : [ {
      "id" : 28,
      "name" : "Action"
    }, {
      "id" : 53,
      "name" : "Thriller"
    }, {
      "id" : 18,
      "name" : "Drama"
    }, {
      "id" : 878,
      "name" : "Science Fiction"
    }, {
      "id" : 10769,
      "name" : "Foreign"
    } ]
  }, {
    "id" : 210944,
    "title" : "Omar Khayyam",
    "overview" : "Omar Khayyam was one of the greatest Persian poets. He was also a brilliant mathematician. Though his quatrains were written in the 11th century, they are still popular the world over. The details of his life are unknown, so this movie invents a biography for him and includes in it his real achievements - the invention of a new calendar and the penning of those epigrammatic poems. This film has him romancing a sultan's bride and foiling the assassin sect's plot to kill the sultan's son.",
    "genres" : [ {
      "id" : 12,
      "name" : "Adventure"
    }, {
      "id" : 10749,
      "name" : "Romance"
    } ]
  }, {
    "id" : 210954,
    "title" : "Dinner with an Assassin",
    "overview" : "Mark is a young assassin hired to take out members of a large drug syndicate. But, he bumps into a mysterious woman and falls for her. Instead of just doing his job Mark throws caution into the wind and breaks all the rules of an assassin to meet her. Now, he finds himself caught between love and a group of assassins hired to take him out.  (Bobby Guions - Director)",
    "genres" : [ ]
  }, {
    "id" : 210964,
    "title" : "Technological Threat",
    "overview" : "An office clerk, fearing replacement by a robot, fights back.",
    "genres" : [ {
      "id" : 16,
      "name" : "Animation"
    } ]
  }, {
    "id" : 210979,
    "title" : "Transit",
    "overview" : "It tells the story of Moises, a Filipino single-dad working as a caregiver in Herzliya, Israel, who comes home to his apartment in Tel Aviv to celebrate his son Joshua’s 4th birthday. Itwas on that day that Moises, together with their Filipino neighbors Janet, and her daughter Yael, ﬁnd out that the Israeli government is going to deport children of foreign workers.  Afraid of the new law, Moises and Janet decide to hide their children from the immigration police by making them stay inside the house.",
    "genres" : [ {
      "id" : 18,
      "name" : "Drama"
    }, {
      "id" : 10751,
      "name" : "Family"
    } ]
  }, {
    "id" : 210984,
    "title" : "The Youngest",
    "overview" : "Inspired by the actual story of one of the youngest mothers in Philippine history, “Nuwebe” follows the story of Krista who at the tender age of 9 got pregnant from the sexual abuse perpetrated by her own father. What follows is a story of struggle and renewal. Krista’s story is complex. She refuses to see herself as a victim. Despite her situation, she demonstrates an incredible level of resilience and determination to overcome the trauma of her past. Her mother on the other hand is torn between her love for her child and her love for her husband.",
    "genres" : [ {
      "id" : 18,
      "name" : "Drama"
    } ]
  }, {
    "id" : 210994,
    "title" : "Army Daze",
    "overview" : "A Singaporean-made comedy about a group of 18 year old boys who are beginning the mandatory two-year military service in the Singapore army. Despite their different racial and family backgrounds, they discover many similarities and forge a friendship which would help ease their transition to the tough army routine.",
    "genres" : [ {
      "id" : 35,
      "name" : "Comedy"
    } ]
  }, {
    "id" : 210999,
    "title" : "My Murder",
    "overview" : "A chance meeting with a girl leads to murder as a teenage boy is engulfed by a web of lies in this innovative and gripping factual drama. My Murder tells the true story of Shakilus Townsend, a 16-year-old boy who was led to his death by the 15-year-old he thought of as his girlfriend, in what became known as the honey trap killing.",
    "genres" : [ {
      "id" : 80,
      "name" : "Crime"
    }, {
      "id" : 18,
      "name" : "Drama"
    } ]
  }, {
    "id" : 211014,
    "title" : "Sindy The Fairy Princess",
    "overview" : "Sindy awakens in a fairytale land where an evil wizard is attempting to overthrow the royal family in order to stop this Prince Hugo must find his true love and marry her within the next day and receive his mother and father, the king and Queens magical powers in order to stop the wizard taking over. Sindy with the help of 3 fairies and a magical unicorn attempt to help Hugo achieve his destiny.",
    "genres" : [ {
      "id" : 16,
      "name" : "Animation"
    }, {
      "id" : 10751,
      "name" : "Family"
    } ]
  }, {
    "id" : 211024,
    "title" : "At Berkeley",
    "overview" : "Direct cinema pioneer Frederick Wiseman takes an in-depth look at the preeminent American university during a fall semester that saw a vigorous debate taking place over tuition hikes, budget cuts, and the future of higher education in the United States.",
    "genres" : [ {
      "id" : 99,
      "name" : "Documentary"
    } ]
  }, {
    "id" : 211029,
    "title" : "Neal Cassady",
    "overview" : "The story of what happened to Neal Cassady after Jack Kerouac's \"On The Road\" came out. Deals primarily with Neal's relationship to his fictional alter-ego, Dean Moriarty.",
    "genres" : [ ]
  }, {
    "id" : 211039,
    "title" : "The Final Moments of Karl Brant",
    "overview" : "Set in the near future where experimental technology allows two detectives to bring a murder victim back to life in a digital state in order to question him about his final moments.",
    "genres" : [ {
      "id" : 878,
      "name" : "Science Fiction"
    } ]
  }, {
    "id" : 211059,
    "title" : "September",
    "overview" : "The death of a pet prompts the unraveling of a woman.",
    "genres" : [ {
      "id" : 18,
      "name" : "Drama"
    } ]
  }, {
    "id" : 211079,
    "title" : "The Forgotten Carols",
    "overview" : "A timeless classic, Michael McLean's The Forgotten Carols have been enjoyed by sold-out audiences nationwide. Now you can feel the warmth of the Christmas spirit from the stage performances in your own home. The Forgotten Carols tells the story of a nurse whose empty life is changed when a new patient recounts the story of Christ's birth as told by little known characters in the nativity story. The accounts from the Innkeeper, the Shepherd and others help her discover what the world has forgotten about Christmas, and open her heart to the joy of this special season.",
    "genres" : [ ]
  }, {
    "id" : 211084,
    "title" : "Ignasi M.",
    "overview" : "Spanish director Ventura Pons returns to documentary filmmaking with this study of world-renowned museum expert Ignasi Millet. HIV-positive yet promiscuous, accustomed to opulence yet now struggling to endure Spain’s economic crisis, Ignasi is a fascinating set of contradictions — and Pons’ film is a portrait of both the man and his times.",
    "genres" : [ {
      "id" : 99,
      "name" : "Documentary"
    } ]
  }, {
    "id" : 211104,
    "title" : "Funny People",
    "overview" : "",
    "genres" : [ ]
  }, {
    "id" : 211114,
    "title" : "Blaze You Out",
    "overview" : "Blaze You Out tells the story of Lupe, a strong-willed aspiring DJ, and her younger sister Alicia who live in the Esperanza Valley, a community that is suffocating by generations of heroin use. When Alicia witnesses a murder and disappears, Lupe sets out on a dangerous journey that forces her into the town's ruthless underworld. She quickly discovers that in order to save the person that matters most, she must harness the power that exists within her and connect with the divine that surrounds her.",
    "genres" : [ {
      "id" : 28,
      "name" : "Action"
    }, {
      "id" : 18,
      "name" : "Drama"
    }, {
      "id" : 53,
      "name" : "Thriller"
    } ]
  }, {
    "id" : 211119,
    "title" : "July 1st, An Unhappy Birthday",
    "overview" : "Handover Law met his girlfriend, Rayna, at the last July 1st march in 2010. This year, they will march again to celebrate their meeting, his birthday and protest the government. This joyful day takes a turn when Rayna runs into her 'mainland Chinese' schoolmate.",
    "genres" : [ {
      "id" : 18,
      "name" : "Drama"
    }, {
      "id" : 10749,
      "name" : "Romance"
    } ]
  }, {
    "id" : 211129,
    "title" : "Laalchee",
    "overview" : "Diwan's family gathers at his home when they hear he may pass away soon. But Dinanath disappoints them, as he not only appears hale and hearty, though confined in a wheelchair, but has a young and gorgeous nurse at his side, who he plans to marry soon. The family members, consisting of his brothers, their respective wives and children, conspire against Dinanath, and hire an imposter to masquerade as his lost grandson in order to inherit his wealth. Things don't go as the brothers' planeed, as the grandson, Amar, decides his loyalties lies only with himself, and wants to keep the entire inheritance for himself.",
    "genres" : [ ]
  }, {
    "id" : 211134,
    "title" : "White Wash",
    "overview" : "Documentary that exploring the complexity of race in America through the struggle and triumph of black surfers. This controversial and probing film looks deep into America's painful and pervasive legacy of slavery and exclusion.",
    "genres" : [ ]
  }, {
    "id" : 211139,
    "title" : "The Lion of Thebes",
    "overview" : "Fleeing Troy in the wake of its destruction, fair-faced Helen and her faithful protector Arion run into the pharaoh Ramses, who sets his sights on Helen -- and is subsequently murdered. Now it's up to Arion to save Helen from those who wish her dead.",
    "genres" : [ {
      "id" : 18,
      "name" : "Drama"
    }, {
      "id" : 28,
      "name" : "Action"
    }, {
      "id" : 12,
      "name" : "Adventure"
    } ]
  }, {
    "id" : 211144,
    "title" : "The Party Never Stops: Diary of a Binge Drinker",
    "overview" : "A promising track star, 18 year old Jesse Brenner struggles with binge drinking during her freshman year of college.",
    "genres" : [ {
      "id" : 18,
      "name" : "Drama"
    } ]
  }, {
    "id" : 211159,
    "title" : "Attack of the Killer Refrigerator",
    "overview" : "A group of teenagers get drunk and abuse a hapless refrigerator. The machine then goes on a killing rampage, eating the ones who beat him up.",
    "genres" : [ {
      "id" : 35,
      "name" : "Comedy"
    }, {
      "id" : 27,
      "name" : "Horror"
    } ]
  }, {
    "id" : 211169,
    "title" : "Oedipus",
    "overview" : "A hand-warming tale of love, incest and death. Be warned no film called Oedipus can ever end happily.",
    "genres" : [ ]
  }, {
    "id" : 211179,
    "title" : "The Magnificent Gladiator",
    "overview" : "",
    "genres" : [ {
      "id" : 28,
      "name" : "Action"
    }, {
      "id" : 12,
      "name" : "Adventure"
    }, {
      "id" : 18,
      "name" : "Drama"
    } ]
  }, {
    "id" : 211184,
    "title" : "On the Streets",
    "overview" : "Filmmaker Penny Woolcock spent eight months in a parallel world, the world of the homeless, befriending people and finding out where they eat, sleep and socialise.  While making her film, Woolcock realised that the very real problems of homeless people have very little to do with the lack of a roof over their heads or a bed to sleep in. Their problems come from their past lives - and are less easy to remedy. Despite the efforts of different charities to move people into homes, the streets are often where they feel safe and what they know best.  In this moving documentary, Woolcock gives the seen-but-unheard residents of London's streets a voice.",
    "genres" : [ {
      "id" : 99,
      "name" : "Documentary"
    } ]
  }, {
    "id" : 211189,
    "title" : "One Night",
    "overview" : "The story of four ordinary people who are linked by a seemingly inconsequential event.",
    "genres" : [ ]
  }, {
    "id" : 211199,
    "title" : "Owzat",
    "overview" : "A moonlit churchyard is a lovely spot for a nocturnal game of cricket.",
    "genres" : [ ]
  }, {
    "id" : 211209,
    "title" : "New Improved Institutional Quality: In the Environment of Liquids and Nasals a Parasitic Vowel Sometimes Develops",
    "overview" : "A reworking of an earlier film, Institutional Quality, in which the same test was given. In the earlier film, the person taking the test was not seen, and the film viewer in effect became the test taker. The newer version concerns itself with the effects of the test on the test taker. An attempt is made to escape from the oppressive environment of the test — a test containing meaningless, contradictory, and impossible-to-follow directions by entering into the imagination. —Canyon Cinema",
    "genres" : [ ]
  }, {
    "id" : 211229,
    "title" : "Tumaini",
    "overview" : "A dedicated but disillusioned high school teacher struggles to find his place in the world in the face of mental health issues, a demanding partner and the needs of his students who rely on him for so much more than just grammar lessons.",
    "genres" : [ ]
  }, {
    "id" : 211234,
    "title" : "Broken Dreams",
    "overview" : "Johnny, Elisabeth, and Ryan grew up best friends. Things change when Ryan asks Elisabeth to marry him, sending Johnny down a dangerous path.",
    "genres" : [ {
      "id" : 18,
      "name" : "Drama"
    } ]
  }, {
    "id" : 211244,
    "title" : "Swiss Army Knife with Rats and Pigeons",
    "overview" : "Utilising an apparently new-found obsession with the colour red and reinvigorating some of the circular imagery of A Man and His Dog Out for Air and 69, Breer delves into the very basis of animation to explore how a variety of easily recognisable objects can be portrayed and manipulated differently using pixillation and classically drawn animation.  -Malcolm Turner",
    "genres" : [ {
      "id" : 16,
      "name" : "Animation"
    } ]
  }, {
    "id" : 211249,
    "title" : "Christina",
    "overview" : "Inspired by a true story about a young German woman prepares to leave her war-ravaged city to begin a new life in America with her G.I. fiance. But standing between her and a hopeful future is a relentless police inspector, determined to prevent her from escaping her past. He pushes her to face the truth about a child, whose secret the woman has kept all this time. Before she can leave for her new life, she will be forced to confront the past she has been trying to leave behind.",
    "genres" : [ {
      "id" : 18,
      "name" : "Drama"
    } ]
  }, {
    "id" : 211254,
    "title" : "People Under The Stairs: The Ten Year Anniversary Set",
    "overview" : "Filmed live at the historic El Rey Theatre in Los Angeles' Miracle Mile, only steps away from the exact spot where the group was founded decades prior, People Under The Stairs present 10 years of music to a sold-beyond capacity crowd of 800+.",
    "genres" : [ {
      "id" : 10402,
      "name" : "Music"
    } ]
  }, {
    "id" : 211259,
    "title" : "Gnir Rednow",
    "overview" : "A film composed of the out takes from Brakhage’s The Wonder Ring (1955), which Cornell had commissioned as a document of New York City’s Third Avenue El before it was torn down in sections.",
    "genres" : [ ]
  }, {
    "id" : 211264,
    "title" : "Duke of Earl",
    "overview" : "Violence erupts when two vicious street gangs go to war in the inner city. Duke, the gang leader of Tokers Town, is feeling the pressure from his Barrio to go to war with their rival gang 14th St. But while Duke was in jail he made a peace treaty with the leader of 14th St. only to discover they had broken it. Now with his homies getting shot and his mothers pleas to stop the violence he is at the breaking point.",
    "genres" : [ {
      "id" : 28,
      "name" : "Action"
    }, {
      "id" : 80,
      "name" : "Crime"
    }, {
      "id" : 18,
      "name" : "Drama"
    } ]
  }, {
    "id" : 211284,
    "title" : "Dimension",
    "overview" : "Dimension is a short film written and directed by Lars von Trier, released in 2010. The film was shot in three-minute segments over several years. The original intention was to continue production for a period of 30 years for a final release in 2024. However, von Trier lost interest in the project and it was shelved in the late 1990s. The short film consists of the completed footage at the time the film was abandoned",
    "genres" : [ ]
  }, {
    "id" : 211289,
    "title" : "I Need You",
    "overview" : "Two girls check into a hotel room with a few bags and a shoebox full of money. They have a lot of pain behind them and a lot more to come.",
    "genres" : [ {
      "id" : 18,
      "name" : "Drama"
    }, {
      "id" : 10749,
      "name" : "Romance"
    } ]
  }, {
    "id" : 211309,
    "title" : "PilotsEYE.tv La Palma",
    "overview" : "",
    "genres" : [ {
      "id" : 99,
      "name" : "Documentary"
    } ]
  }, {
    "id" : 211329,
    "title" : "Pěrvij posle Boga",
    "overview" : "",
    "genres" : [ {
      "id" : 18,
      "name" : "Drama"
    }, {
      "id" : 10752,
      "name" : "War"
    } ]
  }, {
    "id" : 211339,
    "title" : "Fall From Grace",
    "overview" : "Fall from Grace is a drama, concerning the lives of Jim Bakker and his then-wife, Tammy Faye Bakker Messner during the 1980s, and starred Kevin Spacey and Bernadette Peters. This made-for-television movie aired on NBC on April 29, 1990.  Jim Bakker (Kevin Spacey) establishes a large televangelical empire in the 1980s, including Heritage Village. However, they are removed from P.T.L, the ministry that they had established in 1987. Mr. Bakker was sentenced to prison on fraud and conspiracy charges. Not shown in the movie is the subsequent divorce, in 1992, of the Bakkers. Bernadette Peters, as Tammy Faye Bakker, sings several gospel songs, among them \"Amazing Grace\", \"God Rides on the Wings of Love\", and \"His Eye is on the Sparrow\". Peter Matz arranged the music.",
    "genres" : [ ]
  }, {
    "id" : 211349,
    "title" : "The Menace",
    "overview" : "A man framed for murder escapes from prison in order to prove his innocence.",
    "genres" : [ {
      "id" : 9648,
      "name" : "Mystery"
    }, {
      "id" : 80,
      "name" : "Crime"
    }, {
      "id" : 18,
      "name" : "Drama"
    } ]
  }, {
    "id" : 211354,
    "title" : "Public Enemies",
    "overview" : "Drama exploring the relationship between a convicted murderer and his probation officer.",
    "genres" : [ {
      "id" : 18,
      "name" : "Drama"
    } ]
  }, {
    "id" : 211359,
    "title" : "Requiem for Romance",
    "overview" : "A young couple end their love affair via a phone call, with their break-up spectacularly visualised as an epic martial arts battle in ancient China against vivid watercolour backdrops.",
    "genres" : [ ]
  }, {
    "id" : 211364,
    "title" : "Darling",
    "overview" : "A woman wakes up having lost her memory and can't even remember her husband, who is lying next to her. A sensitive portrayal of mental illness, loss, intimacy, helplessness and hope.",
    "genres" : [ ]
  }, {
    "id" : 211369,
    "title" : "Radio Parade of 1935",
    "overview" : "One of the first screen outings for Will Hay. Hay plays the Director General of the National Broadcasting Group (NBG) who hides away in his office unaware that the general feeling about his programming is that it is too high-brow and the public are not happy. However, when he discovers this he decides to take action and promotes Jimmy, his Head of the Complaints Department, to Programme Director. Jimmy decides that a series of variety spectaculars are what the public want and sets about hiring the acts. But obstacles are put in his way and he discovers that the NBG has its own cluster of wannabe variety stars.",
    "genres" : [ {
      "id" : 10402,
      "name" : "Music"
    } ]
  }, {
    "id" : 211389,
    "title" : "Backstory",
    "overview" : "'Backstory' investigates the highly skilled art of 'Rear Projection', a widely used tool in film making in the mid 20th century employed in films such as Alfred Hitchcock's Vertigo or Marnie. In 'Backstory' Lewis invites the Hansard family, which has been instrumental in the provision and development of Rear Projection for hundreds of Hollywood productions over several decades, to tell their own story of the heyday of the techniques and their decline and disappearance as the they are replaced by new technologies and new tastes in visibility.",
    "genres" : [ {
      "id" : 99,
      "name" : "Documentary"
    }, {
      "id" : 36,
      "name" : "History"
    } ]
  } ]
}