{
  "movies" : [ {
    "id" : 146304,
    "title" : "The Best Man Holiday",
    "overview" : "When college friends reunite after 15 years over the Christmas holidays, they discover just how easy it is for long-forgotten rivalries and romances to be reignited.",
    "genres" : [ {
      "id" : 35,
      "name" : "Comedy"
    } ]
  }, {
    "id" : 146309,
    "title" : "The Tale of Genji: A Thousand Year Enigma",
    "overview" : "\"Genji Monogatari\" focuses on the love and hate relationships surrounding Genji Hakaru. Lady Fujitsubo is Genji's first love. Ryokuzono Miyasutokoro is obsessed with Genji and eventually becomes a spirit. Yu Kao, who is from the lower class, give comfort to Genji's emotional wounds. Writer Murasaki Shikibu is jealous of Genji and is eventually ordered by Seime Abe to write a work ...",
    "genres" : [ {
      "id" : 14,
      "name" : "Fantasy"
    }, {
      "id" : 18,
      "name" : "Drama"
    } ]
  }, {
    "id" : 146324,
    "title" : "Superheroes of Stoke",
    "overview" : "MSP is proud to bring you the most eagerly awaited ski film of the last two decades. “SUPERHEROES OF STOKE” celebrates MSP’s heritage and 20 years of skiing progression, showcasing icons of the sport and honoring the moments that helped define modern freeskiing. This awe-inspiring new film takes a captivating look at the past, present, and future of freeskiing through comprehensive storytelling and engaging first-person perspectives from those who helped change the game. Throughout the film, MSP honors the heroes who have emerged over the years and pays tribute to the heroes who have been lost. “SUPERHEROES OF STOKE” showcases incredible new action from all corners of the globe, encompassing overhead powder at Chatter Creek, massive spine walls in Alaska’s Tordrillo Mountains, pillow lines and tree jibs in Japan, and massive man-made features at Whistler and Alyeska.",
    "genres" : [ {
      "id" : 99,
      "name" : "Documentary"
    } ]
  }, {
    "id" : 146329,
    "title" : "Ammaa Ki Boli",
    "overview" : "Ammaa Ki Boli is a comical genre movie directed by Narayan Chauhan and produced by Mukesh Chaudhary under the banner of Street Act Production. The story revolves around an old-aged husbandless mother, her 5 grown-up children’s and a second-rate two-seater scooter. The movie features Faruk Zafar as Ammaa in lead role, following with Priyal Patil, Govind Namdev, Sitaram Panchal, Sanjay Mishra, Hrishita Bhatt, Zakir Hussain Actor, Ishtiaq Khan, Shekhar Singh and others in their respective important roles",
    "genres" : [ ]
  }, {
    "id" : 146334,
    "title" : "The Clown (Le Queloune)",
    "overview" : "Everybody's afraid of zombies... But try to imagine your self waking up from the dead... How would you feel?",
    "genres" : [ ]
  }, {
    "id" : 146359,
    "title" : "Hot Hot Hot",
    "overview" : "Ferdinand is a long-standing employee at Fish Land, the aquatic centre within the globalised leisure complex \"Worlds Apart\". He's a small, bald forty year-old, and a solitary, anxious introvert, entirely devoted to his passion for fish. But Ferdinand's obsessive little existence is turned upside down the day Fish Land closes down for six months of renovation. He is transferred to another section of \"Worlds Apart\", the Finnish-Turkish Delight spa, entirely geared towards the pleasure of saunas and steam rooms. Ferdinand is suddenly thrown into a world of nudity, sensuality, relaxation and letting go... In short, everything he could possibly be afraid of! HOT HOT HOT is the belated journey of initiation of an inhibited little man, who slowly but surely learns to open up to the pleasures of life. It paints a colourful yet sensitive picture of a world caught between artificiality and authenticity, between norm and peculiarity.",
    "genres" : [ ]
  }, {
    "id" : 146364,
    "title" : "Cosimo and Nicole",
    "overview" : "Cosimo is Italian, Nicole French. They meet in Genoa during the G8 protests and immediately fall in love. Swept off their feet by an overwhelming and uncontrollable passion, they decide never to part. After much wandering they decide to return to Genoa, where they start working for a friend of theirs who organises concerts. Things seem to be going well until a tragic accident almost sours their relationship, as a result of which they’re faced with two options that can change their future. Forever.",
    "genres" : [ {
      "id" : 18,
      "name" : "Drama"
    }, {
      "id" : 35,
      "name" : "Comedy"
    } ]
  }, {
    "id" : 146404,
    "title" : "The Best of Men",
    "overview" : "Ludwig Guttmann, a renowned German neurosurgeon who fled Nazi Germany in the early days of WWII, takes a position at Stoke Mandeville Hospital in Buckinghamshire, England in 1944 and begins to transform the lives of his patients, paralyzed soldiers that have been written-off and who are facing death from neglect. A breakthrough comes when Dr. Guttmann introduces sport into their rehabilitation, a breakthrough that leads to the founding of the Paralympic Games.",
    "genres" : [ {
      "id" : 18,
      "name" : "Drama"
    } ]
  }, {
    "id" : 146414,
    "title" : "The Diaries of a School Principal",
    "overview" : "The everyday life of a Soviet high school principal, a WWII veteran and an unfulfilled writer, whose vocation is teaching kids.",
    "genres" : [ {
      "id" : 10751,
      "name" : "Family"
    }, {
      "id" : 18,
      "name" : "Drama"
    } ]
  }, {
    "id" : 146419,
    "title" : "The Blue Tooth Virgin",
    "overview" : "Two writers must face a dilemma that is common to anyone who has ever had an artistic friend: what happens when you have to give feedback, and the news isn't good? Sam, an aspiring screenwriter, and David, a successful magazine editor, have been pals for years. When David doesn't appreciate Sam's latest attempt, it opens a fissure in their friendship, one that spreads through the rest of their lives. Ultimately, both men must reevaluate their motivations to write, their need for praise and validation, and what it means to see yourself as you actually are.",
    "genres" : [ ]
  }, {
    "id" : 146434,
    "title" : "Workers' Settlement",
    "overview" : "A blind war veteran comes back to his home town.",
    "genres" : [ {
      "id" : 18,
      "name" : "Drama"
    } ]
  }, {
    "id" : 146439,
    "title" : "The Loves of Edgar Allan Poe",
    "overview" : "Director Harry Lachmann's 1942 film biography of Edgar Allan Poe and the women in his life stars Shepperd Strudwick, Linda Darnell, Virginia Gilmore, Jane Darwell, Harry Morgan and Mary Howard.",
    "genres" : [ {
      "id" : 18,
      "name" : "Drama"
    } ]
  }, {
    "id" : 146444,
    "title" : "It Pays to Advertise!",
    "overview" : "Mr. Miller is the CEO of a big soap company whose son Henry like to spend his father's money but isn't interesting in working. Henry's laziness makes Mr. Miller upset and stressed out, so he assigns his young secretary (who the son also is in love with) to figure out a way to make Henry work and she will get 10,000 crowns ($1000). But things doesn't really to turn out the way Mr. Miller imagined.",
    "genres" : [ {
      "id" : 35,
      "name" : "Comedy"
    } ]
  }, {
    "id" : 146449,
    "title" : "Loose Ankles",
    "overview" : "A young woman tries to scandalize her snotty family by romancing a gigolo. Director Ted Wilde's 1930 comedy stars Loretta Young, Douglas Fairbanks Jr., Louise Fazenda, Ethel Wales and Daphne Pollard.",
    "genres" : [ {
      "id" : 10749,
      "name" : "Romance"
    }, {
      "id" : 35,
      "name" : "Comedy"
    } ]
  }, {
    "id" : 146454,
    "title" : "August",
    "overview" : "A portrait of Swedish writer August Strindberg.",
    "genres" : [ ]
  }, {
    "id" : 146464,
    "title" : "Super Guitar Trio And Friends in concert",
    "overview" : "",
    "genres" : [ {
      "id" : 10402,
      "name" : "Music"
    } ]
  }, {
    "id" : 146474,
    "title" : "Out of an Old Man's Head",
    "overview" : "After being admitted to a residential home starts the retired bricklayer Johan to dream back to his childhood - the safe upbringing with his parents, the first love, and how he with a broken heart ran away from home, and was forced to fend for himself. How he got married, had a son, barely managed to scrape together enough money for food and shelter, the son ran away from home and his wife died.",
    "genres" : [ {
      "id" : 16,
      "name" : "Animation"
    }, {
      "id" : 18,
      "name" : "Drama"
    } ]
  }, {
    "id" : 146479,
    "title" : "Several Friends",
    "overview" : "An improvised late '60's short-subject student film, and debut movie of Charles Burnett; done in the neo-realist, documentary film style. A day-in-the-life South Central L.A. tale about a rag-tag group of unemployed black male pals.",
    "genres" : [ {
      "id" : 18,
      "name" : "Drama"
    } ]
  }, {
    "id" : 146484,
    "title" : "Sting Acustico",
    "overview" : "",
    "genres" : [ {
      "id" : 10402,
      "name" : "Music"
    } ]
  }, {
    "id" : 146489,
    "title" : "Klart till drabbning",
    "overview" : "Two marines go AWOL and save a girl from drowning, they then sneak her aboard the ship.",
    "genres" : [ {
      "id" : 35,
      "name" : "Comedy"
    } ]
  }, {
    "id" : 146494,
    "title" : "Kronvittnet",
    "overview" : "A movie by Jon Lindström",
    "genres" : [ {
      "id" : 80,
      "name" : "Crime"
    }, {
      "id" : 18,
      "name" : "Drama"
    }, {
      "id" : 53,
      "name" : "Thriller"
    } ]
  }, {
    "id" : 146499,
    "title" : "Lion of Oz",
    "overview" : "Before Dorothy landed on the Wicked Witch of the East with her little farm house, the witch had to contend with another resident of middle America. The Lion, who was once part of the Omaha Circus, comes to Oz with the Wizard and starts on an adventure to stop the witch from obtaining the Flower of Oz. As new friends and strange characters look to him for his courage, Lion could loose exactly what it is that makes him so brave. Based upon the book by Roger S. Baum (Great-Grandson of Oz L. Frank Baum, the original author of the Oz books). Written by Max Vaughn",
    "genres" : [ {
      "id" : 16,
      "name" : "Animation"
    }, {
      "id" : 10751,
      "name" : "Family"
    } ]
  }, {
    "id" : 146504,
    "title" : "Robinson i Roslagen",
    "overview" : "",
    "genres" : [ {
      "id" : 35,
      "name" : "Comedy"
    } ]
  }, {
    "id" : 146509,
    "title" : "Solomon Burke - Live At North Sea Jazz",
    "overview" : "This may have been billed as a Jazz festival, but the dish served up by Solomon is one of pure Soul.The concert footage was taken in 2003 which has both its advantages and its drawbacks.On the positive side it means that we are treated to numbers from his excellent \"Don't Give Up On Me\" album which was released last year, on the negative side it means we are not seeing Solomon at his youthful best.Always a big man, Solomon looks portlier and less mobile than ever, and needed some help to reach his 'throne' on stage.The \"King of Rock and Soul\" delivers the bulk of the concert from this sitting position, so anybody expecting slick choreography would be sorely disappointed.",
    "genres" : [ {
      "id" : 10402,
      "name" : "Music"
    } ]
  }, {
    "id" : 146519,
    "title" : "Dying Young In The Arms Of A Widow",
    "overview" : "Rahmat, high school graduates but he unable to continue his studies at college because he has no money. Since the age of seven she orphaned and raised by the Mba Bunga aka Mas Bambang Mawar salon owner. Although living with a sissy but Rahmat grow into a real man, smart, pious and dutiful. Mawar saloon is infront of Ratih house, a young widow who is two years left by her husband death. Rahmat Secretly fall in love with Ratih. Yet another widow who lived in the area, Mpok Sari, has crush with Rahmat. She even always sent food to the Mawar salon and tells to every body that she is Rahmat’s wife, but Rahmat always politely declined her. So much jealous, mpok Sari says bad things about Ratih so people will hate her. Ratih tried to deny any bad news about her yet she has no the strength to defend herself.",
    "genres" : [ ]
  }, {
    "id" : 146524,
    "title" : "Kejarlah Jodoh Kau Kutangkap",
    "overview" : "The story begins with a brief meeting between Asep (Andika Pratama) and Farah (Donita). Asep which is the youth of the village Endah Pisan plain fell in love at first sight when I saw Farah, who is a model of Jakarta. But the arrival of the crew photographer Farah had received protesting villagers, fortunately Asep from prominent families in his village was finally able to save Farah and his friends from the wrath of villagers. The delegation was finally brought to his home Asep. Asep previously refused an arranged marriage by her mother (Lydia Kandou) with a girl from his village finally determined to pursue direct Farah to return to Jakarta. Asep also ran away from home to go to Jakarta. From this story and a funny incident that could make you laugh presented",
    "genres" : [ ]
  }, {
    "id" : 146549,
    "title" : "Trish Stratus: 100% Stratusfaction",
    "overview" : "Follow the career of one of the most recognizable divas in WWE history. Watch her go from fitness model to one of the greatest Women's Champions in history.",
    "genres" : [ {
      "id" : 28,
      "name" : "Action"
    }, {
      "id" : 18,
      "name" : "Drama"
    } ]
  }, {
    "id" : 146554,
    "title" : "Time Will Tell",
    "overview" : "The life story of Nesta Robert Marley, Rastafarian prophet who with Peter Tosh and Bunny Wailer brought the powerful message of reggae music to the world outside their native Jamaica. Narration consists of selections from Marley's taped interviews.",
    "genres" : [ {
      "id" : 10402,
      "name" : "Music"
    }, {
      "id" : 99,
      "name" : "Documentary"
    } ]
  }, {
    "id" : 146559,
    "title" : "Safari Express",
    "overview" : "John and Howard work in a company named Safari Express booking tourists on safaris. Their lives are turned upside down when they encounter a beautiful blonde wandering in the jungle who doesn't know who she is. They also discover uranium and what appear to be some well-mannered simians.",
    "genres" : [ ]
  }, {
    "id" : 146564,
    "title" : "Exit of Rip and the Dwarf",
    "overview" : "",
    "genres" : [ ]
  }, {
    "id" : 146569,
    "title" : "Spike - A Christmas Adventure",
    "overview" : "Festive children's animation following the adventures of a young elf who graduates to Santa's workshop. Unfortunately, as hard as Spike tries, he struggles to adapt to life in the workshop and causes no end of trouble. In a bid to prove his worth he volunteers to undertake the important job of carrying the bag containing the letters to Santa sent by children all around the world. Things take a turn for the worse when Spike loses the letters and must attempt to fetch them from a vault safeguarded by penguins and coveted by a polar bear...",
    "genres" : [ ]
  }, {
    "id" : 146574,
    "title" : "Rip Meeting the Dwarf",
    "overview" : "",
    "genres" : [ ]
  }, {
    "id" : 146579,
    "title" : "Rip's Twenty Years' Sleep",
    "overview" : "",
    "genres" : [ ]
  }, {
    "id" : 146584,
    "title" : "Paradesi",
    "overview" : "Paradesi is set in the late 1930s in a tea plantation run by British somewhere in Munnar. The people in a poor Tamil village are conned by a ruthless middleman or 'Kankani' to work in the plantation promising them decent wages. Little do these innocent people realize that they are going to be enslaved in a tea plantation as 'coolies' for the rest of their life. It is a double edged sword: Those who try to escape end up with their calf muscles cut off and those who reluctantly stay behind fall prey to deadly diseases and torture. In short there is no escape from the hell and they are destined to be slaves for life.",
    "genres" : [ {
      "id" : 18,
      "name" : "Drama"
    }, {
      "id" : 36,
      "name" : "History"
    } ]
  }, {
    "id" : 146594,
    "title" : "Pop Always Pays",
    "overview" : "A businessman boasts he'll give his daughter a large amount of cash for her wedding, and then frantically tries to raise the money. This 1940 comedy stars Leon Errol, Marjorie Gateson, Dennis O'Keefe, Adele Pearce and Walter Catlett.",
    "genres" : [ ]
  }, {
    "id" : 146599,
    "title" : "Once Upon a Time... When We Were Colored",
    "overview" : "This film relates the story of a tightly connected Afro-American community informally called Colored Town where the inhabitants live and depend on each other in a world where racist oppression is everywhere, as told by a boy called Cliff who spent his childhood there. Despite this, we see the life of the community in all its joys and sorrows, of those that live there while others decide to leave for a better life north. For those remaining, things come to a serious situation when one prominent businessman is being muscled out by a white competitor using racist intimidation. In response, the community must make the decision of whether to submit meekly like they always have, or finally fight for their rights.",
    "genres" : [ {
      "id" : 10749,
      "name" : "Romance"
    }, {
      "id" : 18,
      "name" : "Drama"
    } ]
  }, {
    "id" : 146634,
    "title" : "Goonland",
    "overview" : "Popeye sails to Goon Island in search of his Pappy. He finds the place populated by the imposing, but ugly, goons, and a \"no humans\" sign. His imprisoned pappy at first ignores him, but when Popeye is caught by the goons and carried off, his can of spinach lands near Pappy and it works just as well on him as it does on Popeye.",
    "genres" : [ ]
  }, {
    "id" : 146639,
    "title" : "Destination Big House",
    "overview" : "A teacher (Dorothy Patrick) weekends at her fiance's (Robert Rockwell) cabin, where a fugitive hides his loot.",
    "genres" : [ ]
  }, {
    "id" : 146644,
    "title" : "Killing Car",
    "overview" : "",
    "genres" : [ ]
  }, {
    "id" : 146649,
    "title" : "Cirkusrevyen 2012",
    "overview" : "",
    "genres" : [ ]
  }, {
    "id" : 146674,
    "title" : "Old Crow Medicine Show - Live at the Orange Peel and Tennessee Theatre",
    "overview" : "Directed by Lee Tucker (who also directed the band's videos for \"Wagon Wheel\" and \"Tell It To Me\"), Live at the Orange Peel and Tennessee Theatre was recorded over two nights last December and features performances of 20 songs-15 of which are from the band's three studio albums (OCMS, Big Iron World, Tennessee Pusher) - including \"Tell It To Me,\" \"Down Home Girl,\" \"Alabama High-Test,\" and \"Wagon Wheel.\" The video also includes five tracks from their live repertoire not found on their three studio albums: \"Wheeling Breakdown,\" \"Raise A Ruckus,\" \"Reuben's Train,\" \"Sally Anne\" and \"Shack #9.\"",
    "genres" : [ ]
  }, {
    "id" : 146679,
    "title" : "Backyard Dogs",
    "overview" : "Two teenage boys aspire to win a backyard wrestling championship and a chance to appear on a national TV show.",
    "genres" : [ {
      "id" : 28,
      "name" : "Action"
    }, {
      "id" : 35,
      "name" : "Comedy"
    } ]
  }, {
    "id" : 146709,
    "title" : "The Games Men Play",
    "overview" : "",
    "genres" : [ ]
  }, {
    "id" : 146714,
    "title" : "The Great Cinema Party",
    "overview" : "A group of friends, sharing a passion for cinema, assemble in Corregidor, a small island in Manila Bay that has preserved relics from the Pacific War as its foremost attractions. There, they explore the island and retire in a rustic mansion used once to make silent films. Outside the city, the woods and sea become a meeting place for more movie personalities and it all becomes a celebration of what was left behind.",
    "genres" : [ {
      "id" : 18,
      "name" : "Drama"
    }, {
      "id" : 36,
      "name" : "History"
    } ]
  }, {
    "id" : 146724,
    "title" : "Love 911",
    "overview" : "Dr. Mi-Soo misdiagnoses a patient after she meets the woman's husband, whom she assumes to be abusive. With his wife in grave condition, the man sues the hospital. Kang-Il is a widowed firefighter who overhears the situation and when he attempts to counsel the woman's husband, he is assaulted by him. When Mi-Soo learns about the confrontation, she tries to get Kang-Il to be a character witness for her and realizes that he may also be her true love.",
    "genres" : [ {
      "id" : 35,
      "name" : "Comedy"
    }, {
      "id" : 18,
      "name" : "Drama"
    }, {
      "id" : 10749,
      "name" : "Romance"
    } ]
  }, {
    "id" : 146734,
    "title" : "In the Bag",
    "overview" : "The tourists have left behind lots of trash. Ranger Woodlore enlists his bears to clean up by turning the task into a game (and a dance), but when he takes to his hammock, they see through his ruse. Plan B: bribery no food until cleanup complete. But all the other bears put their trash in to Humphrey's section, so he resorts to a number of unsuccessful ruses to dispose of it",
    "genres" : [ {
      "id" : 16,
      "name" : "Animation"
    } ]
  }, {
    "id" : 146739,
    "title" : "Krazy Kat Goes A-Wooing",
    "overview" : "Krazy Kat tries to serenade Ignatz Mouse.",
    "genres" : [ {
      "id" : 10749,
      "name" : "Romance"
    }, {
      "id" : 35,
      "name" : "Comedy"
    }, {
      "id" : 16,
      "name" : "Animation"
    } ]
  }, {
    "id" : 146744,
    "title" : "The Centaurs",
    "overview" : "A female centaur enters a clearing in the woods and picks flowers. She is met by a male centaur and the two romance each other. They then seek parental consent for their union.  Surviving footage of a now lost film.",
    "genres" : [ {
      "id" : 14,
      "name" : "Fantasy"
    }, {
      "id" : 16,
      "name" : "Animation"
    }, {
      "id" : 10749,
      "name" : "Romance"
    } ]
  }, {
    "id" : 146759,
    "title" : "To Walk with Lions",
    "overview" : "Drama based loosely on the final years of Kenya game warden and lion-raiser George Adamson's life. An unofficial sequel to 'Born Free' (1966) and 'Living Free' (1972), which also dramatised the life of Adamson, this film picks up the life of George (Richard Harris) on the African wildlife preserve he runs with the help of his brother Terrence (Ian Bannen). When drifter Tony Fitzjohn (John Michie) arrives to work for the old men he initially takes poorly to the task, almost savaged by a lion on his first day and on the verge of leaving when he hears that his predecessor was killed in a similar incident. The arrival of a lion cub that Fitzjohn must care for and raise changes everything. Soon he finds himself helping the brothers in their fight to save lions - and, ultimately, the park itself - from the poachers, soldiers and corrupt government officials that threaten them.",
    "genres" : [ {
      "id" : 12,
      "name" : "Adventure"
    }, {
      "id" : 18,
      "name" : "Drama"
    } ]
  }, {
    "id" : 146769,
    "title" : "Glimpse of the Garden",
    "overview" : "Glimpse of the Garden (1957) is a five-minute short experimental film made by Marie Menken, showing film clips of a garden, with birds chirping for the soundtrack.  In 1958, the film won an award at the Exposition Universelle et Internationale at Brussels. In 2007, the film was nominated for the National Film Registry by the Library of Congress.",
    "genres" : [ {
      "id" : 99,
      "name" : "Documentary"
    } ]
  }, {
    "id" : 146774,
    "title" : "That's It!",
    "overview" : "In 1980 film writer Ruud den Drijver goes head to head with two notorious Dutch film directors, Paul Verhoeven and Wim Verstappen, passionate film makers, competitors and colleagues in a free for all heated discussion ranging (among other subjects) from oral sex to the art of motion pictures. 25 years later the confrontation is continued during the Cannes Film Festival. In the meantime Wim Verstappen has died a year earlier and Paul Verhoeven has returned from a brilliant career in the States. Paul is still very outspoken. He talks freely about the present-day neo-conservative policies of America, and about the situation in Hollywood and his work. THAT'S IT!!(English title)(1980-2005) is a retrospective view on the careers of two driven film directors and is a hilarious time document larded with passionate statements.",
    "genres" : [ {
      "id" : 99,
      "name" : "Documentary"
    } ]
  }, {
    "id" : 146779,
    "title" : "På bølgelengde",
    "overview" : "In a world of fast cars and jealousy, one man must make the ultimate choice between two worlds: a world of love, friendship and commitment, or a world he knows all too well: the world of the bachelor. Will he make the right choice? In a perfect world he would, but the wild rugged coast of Western Norway is no such place. It's a place where real men make difficult decisions forged by the ancient conflicts of men, women and nature. For one man it may just be too much",
    "genres" : [ ]
  }, {
    "id" : 146784,
    "title" : "Let's All Go to the Lobby",
    "overview" : "An animated chorus line of treats dances down a theater aisle while singing a jingle that encourages the audience to visit the concession stand.",
    "genres" : [ {
      "id" : 16,
      "name" : "Animation"
    } ]
  }, {
    "id" : 146794,
    "title" : "Twenty-Four Hours to Kill",
    "overview" : "When a jet airliner with engine trouble lands in Beirut for a twenty-four hour stopover, purser 'Jonesey' fears his life is in danger from a gold-smuggling gang whom he double-crossed on a previous trip. So begins a day of chilling suspense, as he and other crew members find themselves embroiled in a desperate race to get out of the country alive!",
    "genres" : [ {
      "id" : 53,
      "name" : "Thriller"
    } ]
  }, {
    "id" : 146814,
    "title" : "Who Will Love My Children?",
    "overview" : "Based on a true story of Iowa farm wife Lucile Fray. Ann-Margret plays a dying mother of ten whose last wish is to find loving families for her children.",
    "genres" : [ {
      "id" : 18,
      "name" : "Drama"
    }, {
      "id" : 10770,
      "name" : "TV Movie"
    } ]
  }, {
    "id" : 146819,
    "title" : "Krishnam Vande Jagadgurum",
    "overview" : "Krishnam Vande Jagathgurum is a action drama based movie with a mining mafia as backdrop. In which, Rana Daggubati plays a role of B.Tech Babu. Nayanatara playing a role of Devika.  Award wining director Krish Jagarlamudi directing this movie. J. Sai Babu and Y.Rajeev Reddy are jointly producing this movie. Mani Sharma has composed the music.",
    "genres" : [ ]
  }, {
    "id" : 146829,
    "title" : "Hindenburg Disaster Newsreel Footage",
    "overview" : "The airship Hindenburg, arriving from Europe, was being led to its mooring at Lakehurst, New Jersey when suddenly disaster struck. The hydrogen-filled zeppelin ignited, and was almost instantly transformed into an enormous fireball. In less than a minute, the entire ship had been consumed by flames. The Hindenburg explosion marked the end of the budding airship travel industry.",
    "genres" : [ {
      "id" : 99,
      "name" : "Documentary"
    } ]
  }, {
    "id" : 146834,
    "title" : "After School Special",
    "overview" : "Teen stepbrothers, Danny, a wannabe entrepreneur, and Ajay, an artistic dreamer, pull off an elaborate prank—involving a lot of dildos—on the last day of school. Caught in the act, they’re assigned to a summer mentor: lascivious bar owner, Tyler Lavey. When Tyler enlists the boys to make a delivery to a private party, they unwittingly stumble upon an underground society hiding some very dirty secrets. After Tyler’s own niece is taken captive, he turns to protégés Danny and Ajay and former CIA agent Grandma Alice to stage one kick-ass rescue.",
    "genres" : [ {
      "id" : 35,
      "name" : "Comedy"
    }, {
      "id" : 12,
      "name" : "Adventure"
    }, {
      "id" : 80,
      "name" : "Crime"
    } ]
  }, {
    "id" : 146839,
    "title" : "Lucky, the Inscrutable",
    "overview" : "An American secret agent is sent to Europe to track down a ring of counterfeiters. His investigation takes him from Rome to Albania, where he gets involved with a sexy Albanian police commissioner.",
    "genres" : [ {
      "id" : 12,
      "name" : "Adventure"
    }, {
      "id" : 28,
      "name" : "Action"
    } ]
  }, {
    "id" : 146849,
    "title" : "Solitaire",
    "overview" : "Into these most inhospitable of lands, a handful of drifters emerge from the whiteout, ready to cast their lot on forsaken peaks both merciless and magnificent. Venturing beyond the frontiers of most mountain films, Solitaire is backcountry skiing forged in the tradition of Western cinema. Born in the spires of Argentina’s legendary Las Lenas, a lonely two-year journey begins through an abandoned world, wandering the length of a continent from Peru’s Cordillera Blanca to Chilean Patagonia. Lost in the winds of snowbound badlands and the blizzards of primordial forests; seen from a horse’s saddle and a paraglider’s wings; ridden on ski and board and telemark...Solitaire fuses western-inspired tales of backcountry gambles into landscapes never before visited on film.",
    "genres" : [ ]
  }, {
    "id" : 146864,
    "title" : "Pat Metheny Group - More Travels",
    "overview" : "",
    "genres" : [ {
      "id" : 10402,
      "name" : "Music"
    } ]
  }, {
    "id" : 146869,
    "title" : "Pat Metheny Trio - Estival Jazz Lugano",
    "overview" : "",
    "genres" : [ {
      "id" : 10402,
      "name" : "Music"
    } ]
  }, {
    "id" : 146874,
    "title" : "Ammavin Kaipesi",
    "overview" : "Annamalai (Shanthnoo) is forced to leave home after being accused of stealing by his own family. He finds a job with Chinnapulla, a genial quarry owner who is being swindled by his own employees. While he is gathering proof of these wrongdoings, his loving mother is on the verge of losing her home. Can mother and son get back together?",
    "genres" : [ ]
  }, {
    "id" : 146879,
    "title" : "Addicted To Fame",
    "overview" : "A documentary that goes behind the scenes of the movie Illegal Aliens, and a filmmaker's journey from obscurity to moral blindness in the seductive glare of the media spotlight.",
    "genres" : [ {
      "id" : 35,
      "name" : "Comedy"
    }, {
      "id" : 99,
      "name" : "Documentary"
    } ]
  }, {
    "id" : 146884,
    "title" : "I Do Bidoo Bidoo: Heto nApo sila!",
    "overview" : "Rock Polotan (Concepcion) and Tracy Fuentebella (Dos Santos) are teenage sweethearts and both nursing students in a university in Manila are in love and full of dreams. A youthful indiscretion leads them to early parenthood, a situation they face squarely, and quite maturely, by planning to get married. They shortly realize, however, that the problem behind their wedding plans has less to do with themselves than with their own parents.",
    "genres" : [ ]
  }, {
    "id" : 146889,
    "title" : "The Factory",
    "overview" : "Visiting day. Lindalva prepares food to take it to her son who is in jail. Metruti, Lindalva's son, shaves and wears the best clothes to welcome his mother. Today is a very special day and he really needs to make a phone call. His mother is taking a risk, she's willing to smuggle a cell phone for him into the penitentiary.",
    "genres" : [ {
      "id" : 18,
      "name" : "Drama"
    }, {
      "id" : 10751,
      "name" : "Family"
    } ]
  }, {
    "id" : 146899,
    "title" : "Istanbul Aku Datang",
    "overview" : "Dian (Lisa Surihani), a sweet and naïve blogger, travels to Istanbul in hopes of convincing her medical student boyfriend Azad (Tomok) to propose to her. She rents out an apartment, not knowing that it is already leased to quirky and shy artist Harris (Beto Kusyairy). Despite the unwanted roomate, Dian tries to make the most out of her sticky situation and conceal it from Azad. But when Azad eventually finds out and leaves her, Dian has to decide whether she should run and fight for Azad or stay and discover if Harris is the one who is meant for her.",
    "genres" : [ {
      "id" : 35,
      "name" : "Comedy"
    }, {
      "id" : 10749,
      "name" : "Romance"
    } ]
  }, {
    "id" : 146904,
    "title" : "Rio, Zona Norte",
    "overview" : "Setting up the gracefully jarring dichotomies that disrupt dos Santos’ otherwise “traditional” film, the opening credit montage features the discovery of a body on the train tracks while a cookie-cutter Hollywood soundtrack idly plays. The injured man is Espírito da Luz Cardoso (literally “Spirit of the Light”), a struggling composer whose sambas unite and uplift the marginalized Brazilian people in his midst. Based on the life of composer Zé Keti – who actually appears in the film as the popular singer Alaor – Espírito’s story unfolds through flashbacks which overflow luxuriously with song, yet also expose the manifold divisions within Rio’s social strata. A victim of exploitive businessmen who suck the life out of his music, Espírito witnesses each of his dreams dashed one at a time by unrelenting tragedy. - Harvard Film Archive",
    "genres" : [ ]
  }, {
    "id" : 146909,
    "title" : "Capleton - Paris' Burnin'",
    "overview" : "Live at Paris - Zentih.  Bonus include the first part with various members of the David House (Moses I, Military Man, Jah Thunder, etc.) and an interview with Capleton.",
    "genres" : [ ]
  }, {
    "id" : 146914,
    "title" : "Reggae Heroes - Volume One",
    "overview" : "Featuring Junior Reid, Johnny Clark, Yami Bolo, Mykal Rose and Sugar Minott",
    "genres" : [ ]
  }, {
    "id" : 146919,
    "title" : "Bullets For O'Hara",
    "overview" : "Director William K. Howard's 1941 gangster drama stars Roger Pryor, Joan Perry, Anthony Quinn, Maris Wrixon, Dick Purcell, William Hopper and Hobart Bosworth.",
    "genres" : [ {
      "id" : 10749,
      "name" : "Romance"
    }, {
      "id" : 80,
      "name" : "Crime"
    }, {
      "id" : 18,
      "name" : "Drama"
    } ]
  }, {
    "id" : 146929,
    "title" : "Backseat",
    "overview" : "n BACKSEAT, a 'coming of age late' story about prolonged adolescence, two old friends flee New York City on a three-day road trip to Montreal to escape their problems and meet the great Donald Sutherland. Between running drugs and meeting a man who only communicates through instant messaging, they run head-on into the always lingering problem of real life.",
    "genres" : [ ]
  }, {
    "id" : 146939,
    "title" : "La poupée cassée",
    "overview" : "",
    "genres" : [ ]
  }, {
    "id" : 146949,
    "title" : "Marine Battleground",
    "overview" : "A division of marines survive a battle with the Chinese army but find themselves stranded without contact on the wrong side of the front.",
    "genres" : [ ]
  }, {
    "id" : 146959,
    "title" : "The London Perambulator",
    "overview" : "Leading London writers and cultural commentators Will Self, Iain Sinclair and Russell Brand explore the importance of the liminal spaces at the city's fringe, it's Edgelands, through the work of enigmatic and downright eccentric writer and researcher Nick Papadimitriou - a man whose life is dedicated to exploring and archiving areas beyond the permitted territories of the high street, the retail park, the suburban walkways.",
    "genres" : [ ]
  }, {
    "id" : 146964,
    "title" : "Orion's Loop",
    "overview" : "A strange phenomenon has been noticed on the outskirts of our Solar system that quickly approaches the Earth. It's called \"Orion's Loop.\" A spaceship with a crew of people and androids identical to them is sent to intercept the anomaly. But strange events start happening as the spaceship approaches the mysterious loop.",
    "genres" : [ {
      "id" : 878,
      "name" : "Science Fiction"
    } ]
  }, {
    "id" : 146969,
    "title" : "კუკარაჩა",
    "overview" : "A screen adaptation of the novel of the same name by the well-known Georgian writer Nodar Dumbadze. This story about love and loyalty, bravery and betrayal, began shortly before the Patriotic War of 1941-1945. Georgy Tumurashvili, a militia man, was affectionately called “Cucaracha”, by both the kids and the adults. He was a conscientious divisional inspector investigating various incidents, calling to order local hoodlums and settling family arguments. Once he helped out Inga who fell prey to Murtalo, a bandit and murderer. The young people fell in love with each other. But Murtalo decided to take revenge on Cucaracha…  http://www.petershop.com",
    "genres" : [ {
      "id" : 18,
      "name" : "Drama"
    } ]
  }, {
    "id" : 146974,
    "title" : "The Testament of Professor Dowell",
    "overview" : "The film is based on the popular science-fiction novel “Professor Dowell’s Head” by Russian writer Alexander Belyaev. For many years, a prominent scientist had been striving to solve the problem of immortality. He shared the results of his daring and risky experiments with his colleagues. But one day something happened that no one could have foreseen: the professor had disappeared. The best student and follower of Professor Dowell tries to use the results of his scientific research for criminal purposes. It looks like he is going to succeed…",
    "genres" : [ {
      "id" : 12,
      "name" : "Adventure"
    }, {
      "id" : 18,
      "name" : "Drama"
    }, {
      "id" : 878,
      "name" : "Science Fiction"
    } ]
  }, {
    "id" : 147004,
    "title" : "Adventures of Krosh",
    "overview" : "The school year is over. The former nine-graders begin their summer internship, which proved for the kids to be a real school of grown-up life with its intricate laws. Not everyone stood the test… Based upon the title novel by the cult Russian author Anatoly Rybakov.",
    "genres" : [ {
      "id" : 10751,
      "name" : "Family"
    }, {
      "id" : 9648,
      "name" : "Mystery"
    }, {
      "id" : 12,
      "name" : "Adventure"
    } ]
  }, {
    "id" : 147009,
    "title" : "Anna Karenina",
    "overview" : "The film is based on the novel of the same name by the Russian writer Leo Tolstoy. “All happy families resemble each other, each unhappy family is unhappy in its own way, ” goes the novel’s opening sentence. The melodrama centers around a tragic story of love and infidelity, the destiny of a woman who irrevocably changes her life for the sake of a passion. Anna Karenina finds it impossible to renounce her feelings for the loved one. She rejects the morals of society and tries to defend her right to love. Her husband bars Anna from her son, her acquaintances turn their backs on her… Starring in the title role was the famous Russian actress Tatiana Samoilova (“The Cranes Are Flying”).",
    "genres" : [ {
      "id" : 18,
      "name" : "Drama"
    }, {
      "id" : 10749,
      "name" : "Romance"
    } ]
  }, {
    "id" : 147014,
    "title" : "The Anna Cross",
    "overview" : "Based on the short story by A. P. Chekhov. To save her family from disgrace and hunger, a young dowerless girl gets married to a rich old man, only to turn into an unscrupulous kept woman who forgets her close ones…",
    "genres" : [ {
      "id" : 18,
      "name" : "Drama"
    } ]
  }, {
    "id" : 147019,
    "title" : "Snow Patrol live in Rock in Rio 2010",
    "overview" : "Live concert of british band Snow Patrol, in Rock in Rio 2010 festival, held in Lisbon, Portugal.",
    "genres" : [ ]
  }, {
    "id" : 147049,
    "title" : "Down To The Earth's Core",
    "overview" : "Down to the Earth’s Core takes viewers from the sidewalk to the centre of the planet in one epic unbroken shot. Using spectacular computer generated imagery; the camera smashes through almost 9 000 kilometres of solid rock to explore the hidden world beneath our feet. Experience an earthquake inside the San Andreas Fault, blast out of a volcano, encounter bizarre cave-dwelling creatures and enter caves full of giant crystals – all inside planet Earth. As the camera lowers into Earth's bosom, the planet’s extraordinary story, is laid bare layer by layer, showing how prehistoric forests became modern-day fuel, witnessing the dinosaur’s cataclysmic death, and watching as stalactites form and gold grows before our eyes. Deeper, beyond the reach of any mine, any drill, we find wonders beyond imagination: towering molten metal tornadoes, forests of solid iron crystals, until we reach the strangest, least understood place on the planet – the core.",
    "genres" : [ {
      "id" : 99,
      "name" : "Documentary"
    } ]
  }, {
    "id" : 147059,
    "title" : "Čepel smrti",
    "overview" : "",
    "genres" : [ {
      "id" : 53,
      "name" : "Thriller"
    }, {
      "id" : 27,
      "name" : "Horror"
    } ]
  }, {
    "id" : 147069,
    "title" : "Estação Melodia ao Vivo - Especial MTV - Luiz Melodia",
    "overview" : "",
    "genres" : [ ]
  }, {
    "id" : 147079,
    "title" : "Milionário & José Rico - As Gargantas de Ouro do Brasil Ao Vivo",
    "overview" : "",
    "genres" : [ {
      "id" : 10402,
      "name" : "Music"
    } ]
  }, {
    "id" : 147084,
    "title" : "La momia azteca",
    "overview" : "Experimenting in hypnotic regression to past lives, Dr. Almada discovers that his fiancée, Flor, is the reincarnation of an Aztec maiden who was put to death for loving an Aztec warrior, her body placed at the entrance to a hidden chamber in the Great Pyramid of Yucatan where the treasures of the Aztecs were hidden, and her lover mummified but cursed to remain alive and guard the treasure. With her recovered memories, Flor is able to lead Almada, his wimpish assistant Pincate, and her father to the now-skeletal remains of the maiden. Attached to them is a golden breastplate with a map detailing the route to the treasure. But to their horror, the party is intercepted by the mummified warrior, Popoca, and flee with the breastplate back to Mexico city. Popoca follows. In the meantime, Prof. Krup, an unscrupulous colleague of Almada's, recruits a gang of thugs, whom he leads from behind a mask and known only as \"The Bat\"...",
    "genres" : [ {
      "id" : 27,
      "name" : "Horror"
    } ]
  }, {
    "id" : 147089,
    "title" : "Milton Nascimento - Acústico na Suiça",
    "overview" : "",
    "genres" : [ ]
  }, {
    "id" : 147094,
    "title" : "Muddy Waters - Journeyman Blues - Live",
    "overview" : "",
    "genres" : [ {
      "id" : 10402,
      "name" : "Music"
    } ]
  }, {
    "id" : 147099,
    "title" : "Délivrez-Moi",
    "overview" : "After spending a decade in prison, Annie returns to her hometown, and tries to reconnect with her now-adolescent daughter Sophie.",
    "genres" : [ {
      "id" : 18,
      "name" : "Drama"
    } ]
  }, {
    "id" : 147129,
    "title" : "Maria Bamford: The Special Special Special!",
    "overview" : "Welcome to the special special special comedy special.  It's very good.  I love comedy. And who do I want to make laugh more than Marilyn and Joel Bamford, my parents?  So, we've cut out the middle man of 200 strangers in a tv studio and gone right to the source.  With some paid audiences, the feigned enthusiasm can be a little uncomfortable to watch, but I genuinely rock the house.  My parents only wish they could be there with you when you watch this with your parents.",
    "genres" : [ {
      "id" : 35,
      "name" : "Comedy"
    } ]
  }, {
    "id" : 147159,
    "title" : "Pasqua in Sicilia",
    "overview" : "",
    "genres" : [ {
      "id" : 99,
      "name" : "Documentary"
    } ]
  }, {
    "id" : 147164,
    "title" : "Assassin of the Tsar",
    "overview" : "A new doctor from Moscow arrives at a provincial mental institution. His interest is the peculiarities of the psyche of a patient who believes that he is Yakov Yurovsky, the man who assassinated the last Russian tsar. In the course of their conversations it transpires that the patient is a kind of philosopher, not without a gift for suggestion. In a while the doctor himself falls under his patient’s influence: he tends to relive that fatal night of June 16-17, 1918 when, without any investigation or trial, Tsar Nicholas II, who had recently abdicated, was murdered, together with his wife, daughters and incurably ill heir. Soon the doctor realizes that the tragedy of the last Russian tsar is in part his own tragedy, too...",
    "genres" : [ {
      "id" : 36,
      "name" : "History"
    }, {
      "id" : 18,
      "name" : "Drama"
    } ]
  }, {
    "id" : 147169,
    "title" : "Under the Lighthouse Dancing",
    "overview" : "Harry and his much-younger girlfriend surprise their friends one vacation weekend by announcing their desire to marry immediately. As they are visiting a small island village off the coast of west Australia, that is easier said than done.",
    "genres" : [ ]
  }, {
    "id" : 147174,
    "title" : "Clash of the Ninjas",
    "overview" : "An evil corporation it out to harvest organs from live people and smuggle them into the country. It is up to our hero to find out who is behind this illegal operation and put an end to the group once and for all.",
    "genres" : [ {
      "id" : 28,
      "name" : "Action"
    } ]
  }, {
    "id" : 147179,
    "title" : "Max Entre Ciel et Terre",
    "overview" : "",
    "genres" : [ ]
  }, {
    "id" : 147199,
    "title" : "Frank Film",
    "overview" : "Frank Film is a compilation of images co-creator Frank Mouris had collected from magazines interwoven with two narrations, one giving a mostly linear autobiography and the other stating words having to do with the images, the story the first voice is relating, or neither. The movie won the 1974 Academy Award for Best Short Subject, Animated Films.",
    "genres" : [ {
      "id" : 16,
      "name" : "Animation"
    } ]
  }, {
    "id" : 147209,
    "title" : "Dough Ray Me-ow",
    "overview" : "Louie the Parrot finds a written will stating that his master bequeathes the family fortune not to him, but to his fellow household pet, a lunkheaded cat named Heathcliff, with the proviso that Louie is next in line to inherit the wealth if Heathcliff dies. So, Louie plots the untimely demise of Heathcliff.",
    "genres" : [ {
      "id" : 16,
      "name" : "Animation"
    } ]
  }, {
    "id" : 147214,
    "title" : "Fast Asleep",
    "overview" : "Ambient trip hop with visuals fit for horizontal consumption.",
    "genres" : [ ]
  }, {
    "id" : 147224,
    "title" : "João Nogueira - Sambabook",
    "overview" : "",
    "genres" : [ ]
  } ]
}