{
  "movies" : [ {
    "id" : 277429,
    "title" : "Pyaar Zindagi Hai",
    "overview" : "This Bollywood tragedy tells the story of Pratap Singh, an army major who falls madly in love with his wife's younger sister, Priya, to the point where he is prepared to give up everything to win her attentions. Pratap sets his plan in motion by killing his wife and then telling his father-in-law and Priya that she died of a heart attack, subsequently manipulating them into living with him under the pretext of needing help with his infant son.",
    "genres" : [ ]
  }, {
    "id" : 277434,
    "title" : "Fuerza Maldita",
    "overview" : "Assigned to find a senator's kidnapped daughter, a crew of expert mercenaries heads deep into a mysterious forest, where they encounter an ancient evil lurking in the woods. Having ignored the warnings before the mission began, the soldiers now must confront the forces of darkness to save the girl. This chilling thriller from Mexico stars Mario Almada, Roberto Ballesteros and Luis Reynoso.",
    "genres" : [ ]
  }, {
    "id" : 277439,
    "title" : "The Big Finish",
    "overview" : "Fed up with their college classmates' repeated attempts to make them feel like outsiders, Gary (Gary Moreline) and Tom (Tom Woodman) stage the ultimate act of rebellion by launching a strange series of practical jokes on the last day of fall term and capturing everything they do on camera. Neil, Lea and John Heather -- three-fourths of the creative team of siblings known as the Heather Brothers -- direct this black comedy with considerable bite.",
    "genres" : [ {
      "id" : 27,
      "name" : "Horror"
    } ]
  }, {
    "id" : 277444,
    "title" : "The Rhino Brothers",
    "overview" : "After a stint in the minor leagues, young hockey player Stefan Kanachowski (Curtis Bechdholt) returns to his tiny hometown to live with his girlfriend (Deanna Milligan) and hit the ice with his older brothers, Sasha (William McDonald) and Victor (Alistair Abell), who play for a local amateur team called the Rhinos. But even though no one wants to say it, they're all thinking the same thing: Has Stefan lost his shot at the big time?",
    "genres" : [ ]
  }, {
    "id" : 277449,
    "title" : "Tumulte Aux Ursulines",
    "overview" : "In 1928, Germaine Dulac shot the film The Seashell and the Clergyman, which was based on the script of the surrealist poet Antonin Artaud. However, their co-operation ended in dispute which in fact culminated during the premiere of the film on February 9, 1928 at Studio des Ursulines. That night, as well as the scandal it caused, was indelibly printed on film history. Shot in the same cinema as that of the premiere, this documentary gives an account of the attack and booing against Dulac, primarily provoked by Antonin Artaud, André Breton and Louis Aragon.  Alain Virmaux, a connoisseur in surrealism and particularly Artaud’s, recounts the period prior to the premiere and expounds the different versions of that night. Also, the documentary pays tribute to the Ursulines Studio, a landmark cinema of 1920s avant-garde film.",
    "genres" : [ ]
  }, {
    "id" : 277454,
    "title" : "Shane Mauss: Mating Season",
    "overview" : "Comic Shane Mauss wades into the waters of evolutionary theory, with hilarious observations on pregnancy, mating dances, homosexuality and hot wax.",
    "genres" : [ {
      "id" : 35,
      "name" : "Comedy"
    } ]
  }, {
    "id" : 277459,
    "title" : "Ludwig van",
    "overview" : "The black and white film is intentionally dislodged, disturbed, disrespectful, even aggressive.  Here, there is no story. The film is constituted of a series of scenes, without connection between them. At the start we are in the presence of a half deaf Beethoven, represented in a subjective way, so that the spectator becomes the composer. Then, we are present, in the confusion, at a laughable televised dispute over Beethoven and his music; an evaluation of his physical capacities, morals and psyches of the music of Beethoven on the performers.  There are many other scenes, which cover subjects such as the hearing of the composer, the analysis of his skull, the course of musical television, the analysis of the texts of Beethoven (notably his conversation notebooks), etc. The film ends at the zoo, by the scenes presenting the animals in the most stupid attitudes possible.",
    "genres" : [ {
      "id" : 99,
      "name" : "Documentary"
    } ]
  }, {
    "id" : 277464,
    "title" : "The Spike Jones Story",
    "overview" : "This program presents a combination of entertainer Spike Jones' personal and professional history, featuring Milton Berle and Danny Thomas, plus numerous family members and collaborators.",
    "genres" : [ ]
  }, {
    "id" : 277469,
    "title" : "Flirt",
    "overview" : "The life of gruff tricycle deliverer Olga (Maricel Soriano) gets thrown for a loop when she collides with fellow rider Truman (William Martinez), and the love-struck vendor makes it his mission to win her heart. Acclaimed Filipino director Ishmael Bernal (Himala) helms this charming romantic comedy that also stars Bayani Casimiro, Manny Castañeda, Perry Fajardo and Opalyn Forster.",
    "genres" : [ {
      "id" : 10749,
      "name" : "Romance"
    }, {
      "id" : 35,
      "name" : "Comedy"
    } ]
  }, {
    "id" : 277474,
    "title" : "Iwo Jima: Red Blood, Black Sand",
    "overview" : "More than 40 reels of combat footage were used to bring to life the bloodiest conflict in the history of the U.S. Marine Corps in this PBS film about the World War II battle for Iwo Jima. Documenting the fight for the island that 21,000 Japanese soldiers defended to the bitter end, this film marks the first time many of the survivors have spoken on record about the ordeal that was supposed to have been over in days but lasted more than a month.",
    "genres" : [ {
      "id" : 10752,
      "name" : "War"
    } ]
  }, {
    "id" : 277479,
    "title" : "American Mustang",
    "overview" : "Fueled by stunning footage, this stirring documentary considers wild horses' role in the American psyche and their dwindling numbers in today's West. In an artful blend of exquisite nature documentary and character-driven narrative, the majestic wild horses of the American West are revealed in stereoscopic 3D as never before. The wonder in a girl’s eye pulls us into the drama that unfolds on hundreds of millions of acres of public land. The battle lines have long been carved into the landscape, and the players are deeply entrenched. Yet as the subtle choreography that has evolved over thousands of years begins, we are captivated. The intricate dance between a man and a wild horse presents lessons for us all, even the battle-hardened special interest groups fighting for the place of the AMERICAN MUSTANG.",
    "genres" : [ {
      "id" : 37,
      "name" : "Western"
    }, {
      "id" : 99,
      "name" : "Documentary"
    }, {
      "id" : 10751,
      "name" : "Family"
    } ]
  }, {
    "id" : 277484,
    "title" : "By the Ways, a Journey with William Eggleston",
    "overview" : "French filmmakers Cedric Laty and Vincent Gerard chronicle the life of lensman William Eggleston, emerging with an artful documentary as much about the man as it is about the everyday places in the American South that he encapsulates, and transforms, in his work. Considered a pioneer of color photography, Eggleston is known for seeing the beautiful in the mundane, and the film captures the essence of his vision.",
    "genres" : [ ]
  }, {
    "id" : 277489,
    "title" : "Chihuly in the Light of Jerusalem",
    "overview" : "This documentary follows renowned glass sculptor Dale Chihuly and his Seattle crew as they journey to Jerusalem, where they collaborate with Israeli sculptors to create 14 glass sculptures in the city's ancient citadel for the 2000 millennium bash. The film chronicles the team's physically intense labor in the hot sun, culminating with one of Chihuly's most striking works: a 40-foot-high cone of pink crystals known as \"Crystal Mountain.\"",
    "genres" : [ ]
  }, {
    "id" : 277494,
    "title" : "Lillie & Leander: A Legacy of Violence",
    "overview" : "Documentarian Jeffrey Morgan set out to the track one woman's search for the truth about her great-great-aunt's 1908 murder. But his film quickly became a fascinating study of racism, revenge and family secrets. In the process of uncovering information about her ancestor's violent death at the hands of an African-American suspect, the woman learns that her family tree might have also produced a few murderers.",
    "genres" : [ ]
  }, {
    "id" : 277499,
    "title" : "From Star Wars to Star Wars: The Story of Industrial Light & Magic",
    "overview" : "The incredible evolution of George Lucas' special effects dream factory, including an inside look at \"Star Wars: Episode One - The Phantom Menace.\"",
    "genres" : [ {
      "id" : 99,
      "name" : "Documentary"
    }, {
      "id" : 878,
      "name" : "Science Fiction"
    } ]
  }, {
    "id" : 277504,
    "title" : "Reunion at Fairborough",
    "overview" : "World War II vets travel to England for a reunion at their old base. Stars Judi Trott, Barry Morse, Red Buttons, Deborah Kerr, Shane Rimmer, Robert Mitchum",
    "genres" : [ {
      "id" : 18,
      "name" : "Drama"
    }, {
      "id" : 10749,
      "name" : "Romance"
    }, {
      "id" : 10770,
      "name" : "TV Movie"
    } ]
  }, {
    "id" : 277509,
    "title" : "Miracle in Four Days",
    "overview" : "Dvorak's Symphony No. 9, \"From the New World\" wafts through a hospice recreation room. Sitting at the grand piano is a young girl, Chiori, with a prodigious ability to play any piece of music after one hearing. Keisuke Kisaragi whose career was abruptly cut short when he jumped in front of a bullet fired by a crazed gunman. The nerves in one hand were severed but he saved the life of Chiori. The tragic incident takes the lives of Chiori's parents, however, and Keisuke becomes her guardian. Not long after their return to Japan, Keisuke discovers Chiori's musical gift.",
    "genres" : [ {
      "id" : 10749,
      "name" : "Romance"
    } ]
  }, {
    "id" : 277514,
    "title" : "Alguien te está mirando",
    "overview" : "A group of students are the guinea pigs for the testing a new drug. This drug allows those students to share their dreams",
    "genres" : [ {
      "id" : 9648,
      "name" : "Mystery"
    }, {
      "id" : 14,
      "name" : "Fantasy"
    }, {
      "id" : 878,
      "name" : "Science Fiction"
    }, {
      "id" : 27,
      "name" : "Horror"
    } ]
  }, {
    "id" : 277519,
    "title" : "Z Storm",
    "overview" : "This is a story about the biggest financial fraud attempted in Hong Kong, directed at the Government of Hong Kong and involved all 7 million Hong Kong citizens... no one is free from the scheme. Within the four decades of guarding Hong Kong's financial integrity, the ICAC has never come across an opponent so huge and so well organized as in the Z Torrent file... shadowy figures from the underworld of South America, Italy and Europe all ready to plot against the estimated 150 million dollars of Hong Kong citizens' tax money which was pooled in a fund called the WELFARE FUND. High profile chartered accountants, high ranking law enforcers, power lawyers, the super entrepreneurs; they all have their shares of play but none can really grasp the big picture; they are there only for what they desire most.",
    "genres" : [ {
      "id" : 80,
      "name" : "Crime"
    }, {
      "id" : 53,
      "name" : "Thriller"
    } ]
  }, {
    "id" : 277524,
    "title" : "A Husband for Anna",
    "overview" : "Anna Zaccheo is a beautiful young woman from a working class Neapolitan family. Her main concern is to find herself a suitable husband. She meets a young sailor Andrea one day and gets engaged to him. But while she is waiting for Andrea to return from the navy she gets raped by her boss. Her life suddenly takes a downward spiral.",
    "genres" : [ {
      "id" : 18,
      "name" : "Drama"
    }, {
      "id" : 10749,
      "name" : "Romance"
    } ]
  }, {
    "id" : 277529,
    "title" : "Catembe",
    "overview" : "This documentary shows a typical Sunday in Mozambique's capital, tourist main attractions, an inquest in Lisbon about the perception of the people in the street about what life was like in that African colony (or, as the Government had it then, \"province\"), and then interviews and scenes of Lourenço Marques fishermen and a bar waitresses. African folk music and dance were used as documents and background for the text narration. - IMDb",
    "genres" : [ ]
  }, {
    "id" : 277534,
    "title" : "Carlotta",
    "overview" : "How many working class Balmain boys grow up to be showgirls? Not just any showgirl but a household name, a legend of Kings Cross, a daytime TV star, and a symbol of generational change.",
    "genres" : [ {
      "id" : 18,
      "name" : "Drama"
    } ]
  }, {
    "id" : 277549,
    "title" : "Max Ernst - Mein Vagabundieren, meine Unruhe",
    "overview" : "This documentary celebrates Max Ernst, one of the most influential and visionary artists of the past century. The film covers the highlights of Ernst's fascinating career via a format that mirrors the restless reality of his life. An inveterate traveler and always on the move, Ernst lived and worked in Germany, France and America. His nomadic way of life kept him searching: \"A painter is lost if he finds himself.\"",
    "genres" : [ {
      "id" : 99,
      "name" : "Documentary"
    } ]
  }, {
    "id" : 277554,
    "title" : "An Odd Little Opus",
    "overview" : "\"Taste in the human tongue has five receptors: Salty, Bitter, Sour, Sweet and Umami. Umami is to be found in bacon. I imagined a great deal of this film while sitting on the end of Southend Pier which in itself is a kind of tongue or spit. I always set out to make jolly films but somehow they always go sinister on me. This one is no exception.\" Chris Newby",
    "genres" : [ ]
  }, {
    "id" : 277559,
    "title" : "Of Dice and Men",
    "overview" : "Using splashy hand-drawn animation, the story about a man who ends up in the hospital and probability theory is illustrated. When the guy awakens in a hospital bed, the doctor begins spouting all sorts of statistical probabilities--at which point the patient seems confused. So, the doctor explains the history behind probability theory as well as its application.",
    "genres" : [ ]
  }, {
    "id" : 277564,
    "title" : "Silicon Valley Timelapse",
    "overview" : "The first feature-length film shot in HDR (high dynamic range) time-lapse photography, director Nate North's remarkable documentary paints the landscape, architecture and culture of the Northern California technology hub in vibrant color and light. Drawn from more than 2,000 hours of stunning footage, the film captures breathtaking detail in events both mundane and extraordinary, from the morning commute to a lunar eclipse.",
    "genres" : [ ]
  }, {
    "id" : 277569,
    "title" : "Terror of the Plains",
    "overview" : "A ranch hand sets out to prove his father is innocent of murder in this B-movie Western starring cowboy hero Tom Tyler. Disguised as an outlaw, Tom Lansing (Tyler) takes up with a motley crew hiding out in a ghost town to catch the true killer. This 1934 classic co-stars Frank Rice as Lansing's sidekick, Banty, and Roberta Gale as Bess, a beautiful young captive of the outlaw gang who is in desperate need of a hero.",
    "genres" : [ {
      "id" : 37,
      "name" : "Western"
    } ]
  }, {
    "id" : 277574,
    "title" : "The Forsaken Promise",
    "overview" : "This documentary traces the story of Britain's failure to implement the Balfour Declaration, in which it promised to establish a homeland for the Jewish people in Palestine shortly after World War I. Told from the perspective of participants in the events, the film chronicles the political and military circumstances that led to the collapse of the declaration and the turning away of Jewish immigrants from Palestine in the 1930s and '40s.",
    "genres" : [ ]
  }, {
    "id" : 277579,
    "title" : "The Horror Within",
    "overview" : "The students of a college film class make an erotic horror film at a vacant mansion owned by the director's father. And we bet you can guess what happens next! Naturally, they soon discover an ancient horror, and one by one, these wanna-be filmmakers fall victim to ageless vampires and their thirst for blood. Soon, most become monsters themselves and start \"sampling\" the others. Stars Amber Phillips, Lynne Jacobellis and Jessie Biltz.",
    "genres" : [ {
      "id" : 27,
      "name" : "Horror"
    } ]
  }, {
    "id" : 277584,
    "title" : "Buddha Eyes",
    "overview" : "A Producer's struggle to write a film about being stranded in the Himalayas with a film crew, following a helicopter crash.",
    "genres" : [ ]
  }, {
    "id" : 277589,
    "title" : "The Whole Truth",
    "overview" : "Angela (Elisabeth Röhm), a morally bankrupt acting coach, helps slimy criminals avoid prison by training them how to appear innocent in court. But when a former client pegs her as his next murder victim, Angela starts running scared and realizes her past mistakes. Written and directed by Colleen Patrick, this screwball comedy also stars Eric Roberts, Sean Patrick Flanery, Jim Holmes and Rick Overton.",
    "genres" : [ ]
  }, {
    "id" : 277594,
    "title" : "Hercules Reborn",
    "overview" : "When a young man's bride is kidnapped by an evil king, he turns to Hercules for help. The fallen hero has been living in exile, banished for killing his family, but the young man's courage inspires Hercules. Together, they fight to rescue the bride and reclaim the honor of Hercules.",
    "genres" : [ {
      "id" : 12,
      "name" : "Adventure"
    }, {
      "id" : 28,
      "name" : "Action"
    } ]
  }, {
    "id" : 277599,
    "title" : "The Legend of Six Fingers",
    "overview" : "Following a rash of slaughtered and missing persons, two would-be documentary filmmakers set off into the woods in search of a bloodthirsty legendary creature.",
    "genres" : [ {
      "id" : 27,
      "name" : "Horror"
    } ]
  }, {
    "id" : 277604,
    "title" : "Focus",
    "overview" : "You see her for the first time in the supermarket. She's the most beautiful girl you've ever seen. You go on a few dates, a couple walks and very soon, you're hanging out all the time. You tell her you love her and she loves you. Things have never felt better. But one day, you notice something about her you hadn't noticed before.",
    "genres" : [ {
      "id" : 10749,
      "name" : "Romance"
    } ]
  }, {
    "id" : 277609,
    "title" : "Maybe Tomorrow",
    "overview" : "When faced with a lengthy prison sentence, Russ Mahler - a career criminal armed with a destructive secret - blackmails the only man that can get him off the hook, Manhattan District Attorney Graham Seifert. An ambitious politician on the rise, Graham's life is upended when Senator Monty Clemens asks him to join his ticket to become the next Governor of New York. Clemens, a corrupt politican, is currently being investigated by the D.A.'s office for a multi-million dollar embezzling scheme.",
    "genres" : [ {
      "id" : 18,
      "name" : "Drama"
    } ]
  }, {
    "id" : 277614,
    "title" : "Zwei in einem Auto",
    "overview" : "",
    "genres" : [ {
      "id" : 35,
      "name" : "Comedy"
    } ]
  }, {
    "id" : 277619,
    "title" : "Sand Clock",
    "overview" : "A young girl named Ann moves with her mother to her mother's hometown after her parents go through a divorce. There, Ann meets her first love Daigo Kitamura. Daigo helps her get used to life in the country. Ann even gets through her mother's suicide.",
    "genres" : [ {
      "id" : 18,
      "name" : "Drama"
    }, {
      "id" : 10749,
      "name" : "Romance"
    } ]
  }, {
    "id" : 277624,
    "title" : "Algeria: Drink, Smoke and Love",
    "overview" : "Agnieszka Lukasiak travels to Algeria to capture it's conflict on camera. When she arrives, she's immediately sidetracked by romance with her host, Habib. She turns the camera on herself as she falls in love with him. the atmosphere quickly diminishes when Habib's family steps in and kicks her out. Not to be deterred, on her second visite to Algeria to seek Habib's love, she begins her real journey to expose the underside of the country.",
    "genres" : [ ]
  }, {
    "id" : 277629,
    "title" : "Beatles: The Beatles Diary",
    "overview" : "Alf Bicknell, who was the Beatles' driver and road manager, shows footage, photographs and outtakes taken while he was employed by the Beatles.",
    "genres" : [ {
      "id" : 99,
      "name" : "Documentary"
    }, {
      "id" : 10402,
      "name" : "Music"
    } ]
  }, {
    "id" : 277634,
    "title" : "Ex Amino",
    "overview" : "Images form a two-dimensional reality of their own. Absurd and unrelated scenes describe the rules governing the world confined to a sheet of paper. The relationships between the characters seem strangely familiar.",
    "genres" : [ ]
  }, {
    "id" : 277639,
    "title" : "Wonder",
    "overview" : "The 365 days animation consists of sequence of 8760 pictures, all different shape and color, hand-drawn by the director every day in 365 days. This is the ultimate analog approach by the abstract animated film creator in digital era.",
    "genres" : [ {
      "id" : 16,
      "name" : "Animation"
    } ]
  }, {
    "id" : 277644,
    "title" : "Guns n' Roses: Sex N' Drugs N' Rock N' Roll",
    "overview" : "Bursting out of the L.A. glam scene in the late 1980's, Guns N' Roses have gone on to epitomise everything that a rock band should be. Now, some 15 years later and with only one original member, they have somehow managed to retain an enormous army of de",
    "genres" : [ {
      "id" : 99,
      "name" : "Documentary"
    }, {
      "id" : 10402,
      "name" : "Music"
    } ]
  }, {
    "id" : 277649,
    "title" : "Mendam Berahi",
    "overview" : "A Malaysian Government agency led by Madame X, try to get the lost treasure on a sunken ship (\"Mendam Berahi\") in Sulu Sea. 3 Beautiful agents try to find the treasure, but they must fight the evil Datuk Azmi, an old enemy of Madame X.",
    "genres" : [ {
      "id" : 28,
      "name" : "Action"
    } ]
  }, {
    "id" : 277654,
    "title" : "Dulce de leche",
    "overview" : "(Spanish with English subtitles) Follow Luis &amp; Anita in this Argentinian indie charmer about young love. After a chance meeting the teenage couple's relationship blossoms into intimacy. However, an unexpected pregnancy throws their school life into fits.",
    "genres" : [ {
      "id" : 10749,
      "name" : "Romance"
    } ]
  }, {
    "id" : 277659,
    "title" : "Ragazze a mano armata",
    "overview" : "",
    "genres" : [ {
      "id" : 80,
      "name" : "Crime"
    }, {
      "id" : 35,
      "name" : "Comedy"
    } ]
  }, {
    "id" : 277664,
    "title" : "The Art Director",
    "overview" : "A film's art director is in charge of the set, from conception to construction to furnishing. This short film walks the viewer through art directors' responsibilities and the demands on their talents. They read a script carefully and design a set to capture the time and place, the social strata, and the mood. They must be scholars of the history of architecture, furnishings, and fashion. They choose the colors on a set in anticipation of the lighting and the mood. Their work also sets styles, from Art Deco in the 20's to 30s modernism. Then it's on to the next project.",
    "genres" : [ ]
  }, {
    "id" : 277669,
    "title" : "Misbehaving Husbands",
    "overview" : "Marital comedy in which a department store mannequin is mistaken for \"the other woman\".",
    "genres" : [ {
      "id" : 10749,
      "name" : "Romance"
    }, {
      "id" : 35,
      "name" : "Comedy"
    } ]
  }, {
    "id" : 277679,
    "title" : "Billy Mize and the Bakersfield Sound",
    "overview" : "Billy Mize was instrumental in defining the Bakersfield Sound, the exhilarating, innovative movement that forever changed country music. An incredibly gifted musician and lyricist well loved and respected by his peers, Mize, a product of the Dust Bowl, was also a committed family man and the rare artist who traded in the road--and the wider fame that comes with it--for home. Even those who love fiercely are subject to tragedy, however, and Mize's life is equal parts triumph and pain.",
    "genres" : [ ]
  }, {
    "id" : 277684,
    "title" : "1 Message",
    "overview" : "Tells the story of Becca, a beautiful 28 year-old woman whose perfect life is brought to an abrupt halt after she accidentally discovers a lump in her breast.",
    "genres" : [ ]
  }, {
    "id" : 277689,
    "title" : "Sweet Poolside",
    "overview" : "Two swim-team members, a hairless boy and a hirsute girl, discover the pangs and tangles of first love.",
    "genres" : [ {
      "id" : 10749,
      "name" : "Romance"
    } ]
  }, {
    "id" : 277694,
    "title" : "Cat Stevens: Tea for the Tillerman Live",
    "overview" : "1. Moonshadow - 2. On The Road To Find Out - 3. Where Do The Children Play? - 4.\tWild World\r 5. Miles From Nowhere - 6.\tLonger Boat - 7. Father And Son - 8. Hard Headed Woman 9. Teaser And The Firecat. &gt;  This DVD, coinciding with Yusuf's 60th birthday, features a rare and classic performance from 1971 which captures the warmth of his studio recordings but with even more passion and depth. It also includes the delightfully animated short film by Cat Stevens.",
    "genres" : [ {
      "id" : 10402,
      "name" : "Music"
    } ]
  }, {
    "id" : 277699,
    "title" : "The Prisoner of Zenda",
    "overview" : "King Rudolf of Ruritania is saved from a coup attempt by the help of his lookalike cousin, who falls in love with the king's fiancee.",
    "genres" : [ {
      "id" : 12,
      "name" : "Adventure"
    } ]
  }, {
    "id" : 277709,
    "title" : "Thangamani Rangamani",
    "overview" : "Thangamani Rangamani is a Tamil film.",
    "genres" : [ ]
  }, {
    "id" : 277714,
    "title" : "7 Year Zig Zag",
    "overview" : "A love story about dreams gone wrong. Told in rhythm, rhyme and song.",
    "genres" : [ ]
  }, {
    "id" : 277719,
    "title" : "Let's Make a Grandson",
    "overview" : "Foreign, Foreign Comedies, Poland, Polish Language, Foreign Regions, Foreign Languages - A large Polish city is quickly being devoured by new construction from money-hungry developers. Marian Kosela (Andrzej Grabowski) refuses to give up his farm, which he hopes will remain in the family for years to come. Uninterested in monetary offers, Kosela is determined to provide a warm, safe place for his children to grow up. The developers will stop at nothing to get Kosela's valuable plot of land, but he won't budge.",
    "genres" : [ ]
  }, {
    "id" : 277724,
    "title" : "Better Housekeeping",
    "overview" : "Follows the escalation of hostilities between an action doll collectibles salesman and his forklift-driving wife.",
    "genres" : [ ]
  }, {
    "id" : 277729,
    "title" : "Once in a Lifetime: Just Go for It",
    "overview" : "Independent, Indie Dramas, Indie Romance, Romantic Dramas - Mitch (Michael Bergin) and his friends have all weathered bad relationships. Each wants to move on with life, but their past mistakes (and the high expectations that caused them) continue to dog their every move. Michelle Parylak, Sammi Hanratty, Edward Asner, Dick Van Patten and Bruce Blauer co-star in writer-director Randolph M. Hirsch's feature-length expansion of his acclaimed 2003 short film.",
    "genres" : [ ]
  }, {
    "id" : 277734,
    "title" : "Player in Training",
    "overview" : "Comedy - When a cruel ex-girlfriend cheats on him, tender-hearted Eric (Twain Roberts) swears off female worship, enlists the help of the ladies' man next door and devotes his energy to becoming a player. Once he manages to rack up dozens of romantic conquests, his ego soars -- and he doesn't spill a drop of emotion. But when his newfound image ends up hurting a good woman (Deshanna Page), he rethinks his entire approach to relationships. -  LeChez Davis, Kellye Howard, Deshanna Page",
    "genres" : [ ]
  }, {
    "id" : 277744,
    "title" : "Nymphs (Anonymous)",
    "overview" : "Stop thinking about Girls! Start laughing!",
    "genres" : [ {
      "id" : 35,
      "name" : "Comedy"
    } ]
  }, {
    "id" : 277749,
    "title" : "Suicide Dolls",
    "overview" : "What if you knew you were going to die tomorrow? How would you spend your last day? Well Amber and Jade do know because they plan to kill themselves and record their last 24 hours. Haunted by the untimely death of her mother Maria and the searing betrayal of Ace, her first true love, Jade Evans finds herself giving up on life. Then, when her beloved counselor Lexi dies, Jade believes she has nothing left to live for.",
    "genres" : [ ]
  }, {
    "id" : 277754,
    "title" : "The Attendant",
    "overview" : "Horror - Six innocent campers are outward bound for an idyllic adventure in the backwoods of Oregon. On the way, they stumble upon a creepy gas station attendant who harbors a grisly secret -- the kind of secret that will cost some of the teens their lives. Could the interplay of dark forces be at the root of this evil … or is it something … even &amp;NFi;more&amp;NFi_; horrifying? -  Robert Ambrose, Bogdan Banu, Onika Fiori",
    "genres" : [ ]
  }, {
    "id" : 277759,
    "title" : "Die Sonnenbrucks",
    "overview" : "",
    "genres" : [ {
      "id" : 18,
      "name" : "Drama"
    } ]
  }, {
    "id" : 277769,
    "title" : "Slayer: S**t Your Never Seen!",
    "overview" : "\"S**t Your Never Seen\" is the DVD presented in \"Soundtrack to the Apocalypse\" box set by the American thrash metal band Slayer. Released November 25, 2003 through American Recordings, the DVDfeatures music from previous albums, unreleased material, and live film. //",
    "genres" : [ {
      "id" : 10402,
      "name" : "Music"
    } ]
  }, {
    "id" : 277774,
    "title" : "Misteri Dendam Balan Balan The Movie",
    "overview" : "Mystery Revenge Balan Balan tells a mystical story writer  and a group of students has come to Sabah to study the mystery story Balan-Balan  They join a group for the dismantling of questions about the mysterious creatures without heads. They have come to a village that suffered one after a pretty mysterious death and a mystery.",
    "genres" : [ {
      "id" : 9648,
      "name" : "Mystery"
    }, {
      "id" : 27,
      "name" : "Horror"
    } ]
  }, {
    "id" : 277779,
    "title" : "Bhambatha: War of the Heads 1906",
    "overview" : "Young King Bhambata leads the fight against an unfair local tax within the Natal Colony. This documentary focuses on the unfair conditions that lead Bhambatha and his people to fight back followed by the violent and the immoderate British reaction.",
    "genres" : [ {
      "id" : 99,
      "name" : "Documentary"
    } ]
  }, {
    "id" : 277784,
    "title" : "Fragments of Decay",
    "overview" : "Plaat traveled a lot, to Greece, the Middle-East, India, South-America et cetera, where his fascination began for 'places of the past', characterised by decay and destruction. What he saw got registered on film and silenced fragments got edited into pure visual cinema. Like his drawings, montages, and paintings Plaat's 8 and 16mm films blends imagination with reality. Plaat describes them as \"atmospheric movies, often photomontages with mixes of war sounds, airplane rumble, Zarah Leander's voice, Wagner's music… All fragments, leading to amazing effects\". Henri Plaat (Amsterdam 1936) made about 40 films, from absurd and surrealistic to melancholic. He has a fascination for WW2, travelling, film music, and the slow decay of things. \"To register, I want to register places and things before it gets destroyed by modernity and progression. Before it is lost forever.\"",
    "genres" : [ ]
  }, {
    "id" : 277789,
    "title" : "Weed",
    "overview" : "A documentary about the Cannabis Cup.",
    "genres" : [ ]
  }, {
    "id" : 277794,
    "title" : "The Four Elements",
    "overview" : "An educational film about power sources that’s rendered as a lyrical meditation on heat and vapor, THE FOUR ELEMENTS, is a poetic and avant-garde documentary Curtis Harrington made for the United States Information Agency.",
    "genres" : [ {
      "id" : 99,
      "name" : "Documentary"
    } ]
  }, {
    "id" : 277799,
    "title" : "A Girl in a Million",
    "overview" : "A man gets divorced from a nagging wife meets a girl in a million. Or is she?",
    "genres" : [ ]
  }, {
    "id" : 277804,
    "title" : "Sirens",
    "overview" : "Who can you turn to when protectors become predators? Dana Delany, Keith Carradine, and Brian Dennehy star in this moving, suspenseful drama about one woman's courageous battle to bring a rogue cop to justice.  Sally Rawlings (Delany), a corporate executive with a bright future, watches her life spin out of control after a policeman, Officer Wexler (Carradine), cold-bloodedly kills her ex-husband before her very eyes. Wexler is acquitted of any wrongdoing, and Sally finds herself standing alone against a shocking police department cover-up. Thwarted at every turn by a system steeped in deceit and corruption, Sally takes the law into her own hands. Hacking into computer files, staking out Wexler and questioning witnesses, Sally will risk everything – including her own life – to expose the truth.",
    "genres" : [ ]
  }, {
    "id" : 277809,
    "title" : "Massacre Canyon",
    "overview" : "A band of renegade Apaches attempts to steal a shipment of rifles being transported to Fort Collins.",
    "genres" : [ {
      "id" : 37,
      "name" : "Western"
    } ]
  }, {
    "id" : 277814,
    "title" : "Ah Lok Kafe",
    "overview" : "Ah Lok Kafe is a trendy little place in Kuala Lumpur and is a family-run business currently owned by Tan Ah Lok, who happens to be a die-hard Elvis Presley fan. The Kafe is a popular place frequented by Malaysians from all walks of life and even offers a karaoke lounge for punters. Ah Lok however, runs into some financial trouble when his daughter Ai Ling is diagnosed with a rare heart disease. In order to pay for his daughter’s treatment, Ah Lok’s only choice is to sell his cafe to a shady contractor who plans to demolish the building to make way for a condominium project. So, does this spell the end of Ah Lok Kafe?",
    "genres" : [ {
      "id" : 35,
      "name" : "Comedy"
    } ]
  }, {
    "id" : 277819,
    "title" : "Factory",
    "overview" : "Masculine and feminine, hard and soft, continues and interrupted, whole and fragmented. All that is encompassed by just one day at the factory.",
    "genres" : [ {
      "id" : 99,
      "name" : "Documentary"
    } ]
  }, {
    "id" : 277824,
    "title" : "Sambô - Estação Sambô Ao Vivo",
    "overview" : "Mixing samba to various styles such as pop, rock and MPB, the Sambo group is hitting stores with his second job: Sambo Station - Live. The DVD features appearances by Sidney Magal (from \"Proud Mary\"), Thiago (the \"Debt\"), Di Ferrero, NX Zero (in \"The Blind Castle\"), and Pericles (on \"Feeling it hurts \"and\" Leave \"). In their presentations, the group relinquishes the conventional stage to prioritize contact with the fans: they prefer the wheel (meaning the origin of samba) and choose to keep it as low as possible, providing greater interaction with the public . A group of scholars, irreverent, committed, fun and, above all, authentic musicians, that brings these launches the diverse cultures of Brazil. Everyone will want to stay in this station!",
    "genres" : [ {
      "id" : 10402,
      "name" : "Music"
    } ]
  }, {
    "id" : 277829,
    "title" : "Gigantic",
    "overview" : "Set in Spain during the Age of Exploration, Gigantic follows a teenage adventure-seeker named Jack as he discovers a world of giants hidden within the clouds. Along the way, he befriends a young giantess, Inma, who's 11 years old, 60 feet tall and treats him like a living doll. He agrees to help her find her way home, but he doesn't account for her super-sized personality, nor for the presence of the hostile Storm Giants, who stand at 120 feet.",
    "genres" : [ {
      "id" : 10402,
      "name" : "Music"
    }, {
      "id" : 16,
      "name" : "Animation"
    }, {
      "id" : 12,
      "name" : "Adventure"
    }, {
      "id" : 35,
      "name" : "Comedy"
    }, {
      "id" : 10751,
      "name" : "Family"
    }, {
      "id" : 14,
      "name" : "Fantasy"
    } ]
  }, {
    "id" : 277834,
    "title" : "Moana",
    "overview" : "In Ancient Polynesia, when a terrible curse incurred by Maui reaches an impetuous Chieftain's daughter's island, she answers the Ocean's call to seek out the demigod to set things right.",
    "genres" : [ {
      "id" : 16,
      "name" : "Animation"
    }, {
      "id" : 12,
      "name" : "Adventure"
    }, {
      "id" : 35,
      "name" : "Comedy"
    }, {
      "id" : 10751,
      "name" : "Family"
    }, {
      "id" : 14,
      "name" : "Fantasy"
    }, {
      "id" : 10402,
      "name" : "Music"
    } ]
  }, {
    "id" : 277839,
    "title" : "Good Guys Go to Heaven, Bad Guys Go to Pattaya",
    "overview" : "Franky and Krimo dream of leaving the grey grime of their neighborhood behind and of traveling to the famous and diabolical Thai beach resort of Pattaya. To get there cheaply, the two friends have the crazy idea of registering, unbeknownst to him, the local little person for the Thai Dwarf Boxing World Championship. But what was supposed to be a dream vacation will transform into the most insane and dangerous adventure of their lives.",
    "genres" : [ {
      "id" : 35,
      "name" : "Comedy"
    } ]
  }, {
    "id" : 277849,
    "title" : "Ashokavana",
    "overview" : "What the movie has in store for you, wait and watch this space for more updates.",
    "genres" : [ {
      "id" : 18,
      "name" : "Drama"
    } ]
  }, {
    "id" : 277854,
    "title" : "Rettai Vaal Kuruvi",
    "overview" : "What the movie has in store for you, wait and watch this space for more updates.",
    "genres" : [ {
      "id" : 18,
      "name" : "Drama"
    } ]
  }, {
    "id" : 277859,
    "title" : "Kunguma Chimil",
    "overview" : "",
    "genres" : [ {
      "id" : 18,
      "name" : "Drama"
    } ]
  }, {
    "id" : 277864,
    "title" : "Osai",
    "overview" : "What the movie has in store for you, wait and watch this space for more updates.",
    "genres" : [ {
      "id" : 18,
      "name" : "Drama"
    } ]
  }, {
    "id" : 277869,
    "title" : "Kilinjalgal",
    "overview" : "What the movie has in store for you, wait and watch this space for more updates.",
    "genres" : [ {
      "id" : 10749,
      "name" : "Romance"
    } ]
  }, {
    "id" : 277874,
    "title" : "Kannedhire Thondrinal",
    "overview" : "What the movie has in store for you, wait and watch this space for more updates.",
    "genres" : [ {
      "id" : 10749,
      "name" : "Romance"
    } ]
  }, {
    "id" : 277879,
    "title" : "Appu",
    "overview" : "Appu is the story of a struggling Prasanth who stands up to rescue Devayani from the vicious plans of Maharani. Prasanth's sole motivation to rescue Devayani is the memories of his sister's devastated life. Prasanth decides to embark on a torturous journey of bargain, barter, buy and sell with Prakashraj, in the hopes of receiving Devayani as the lucky prize. The movie is about the pair eluding from the clutches of the Dark Life of Maharani.",
    "genres" : [ {
      "id" : 53,
      "name" : "Thriller"
    } ]
  }, {
    "id" : 277884,
    "title" : "Jambhavan",
    "overview" : "Jambhavan movie is about Velan (Prashanth) who is a responsible son of a village landlord (Vijayakumar). Adored by the villagers for his good deeds, Prashanth gets a shock when Vijayakumar informs that he is his foster son.A shocked Velan sets out on a mission to know about his past. He reaches Chennai and comes to know that his family members were killed by a dreaded gangster Deva (Vijayan). He had then vowed to kill him and his gang. In the name of Jambhavan, he starts to kill rowdies in the society.Suffering an injury in his head, Velan loses memory and is later adopted by Vijayakumar. He comes to know that his job was just half-done. The rest is how he puts an end to Fefsi Vijayan and his men coming to Chennai.",
    "genres" : [ {
      "id" : 18,
      "name" : "Drama"
    } ]
  }, {
    "id" : 277894,
    "title" : "Tom and Jerry in Space",
    "overview" : "Tom and Jerry in Space",
    "genres" : [ ]
  }, {
    "id" : 277899,
    "title" : "Puzhayozhukum Vazhi",
    "overview" : "What the movie has in store for you, wait and watch this space for more updates.",
    "genres" : [ {
      "id" : 18,
      "name" : "Drama"
    } ]
  }, {
    "id" : 277904,
    "title" : "Ayanam",
    "overview" : "What the movie has in store for you, wait and watch this space for more updates.",
    "genres" : [ {
      "id" : 18,
      "name" : "Drama"
    } ]
  }, {
    "id" : 277909,
    "title" : "Aa Neram Alppa Dooram",
    "overview" : "What the movie has in store for you, wait and watch this space for more updates.",
    "genres" : [ {
      "id" : 53,
      "name" : "Thriller"
    } ]
  }, {
    "id" : 277914,
    "title" : "Yathra",
    "overview" : "Built upon the human rights violations by the Police and the prison authorities in India during the nationwide emergency of 1975-1977, when the fundamental rights of the citizens were suspended.",
    "genres" : [ {
      "id" : 10749,
      "name" : "Romance"
    } ]
  }, {
    "id" : 277919,
    "title" : "Ente Upasana",
    "overview" : "Lathika is happily engaged to her cousin who works abroad. While she waits for him to come back, Lathika gets raped by her brother's friend. She becomes pregnant and gives birth to a son.",
    "genres" : [ {
      "id" : 18,
      "name" : "Drama"
    } ]
  }, {
    "id" : 277924,
    "title" : "Sandharbham",
    "overview" : "Ravi (Mammootty) and Indu (Saritha) are happily married. Then Indu learns that her husband is involved in immoral trafficking.",
    "genres" : [ {
      "id" : 18,
      "name" : "Drama"
    } ]
  }, {
    "id" : 277929,
    "title" : "Oru Kochukatha Aarum Parayatha Katha",
    "overview" : "What the movie has in store for you, wait and watch this space for more updates.",
    "genres" : [ {
      "id" : 18,
      "name" : "Drama"
    } ]
  }, {
    "id" : 277934,
    "title" : "Sadece Sen",
    "overview" : "",
    "genres" : [ {
      "id" : 10749,
      "name" : "Romance"
    }, {
      "id" : 18,
      "name" : "Drama"
    } ]
  }, {
    "id" : 277939,
    "title" : "Oru Mukham Pala Mukham",
    "overview" : "What the movie has in store for you, wait and watch this space for more updates.",
    "genres" : [ {
      "id" : 18,
      "name" : "Drama"
    } ]
  }, {
    "id" : 277944,
    "title" : "Aa Rathri",
    "overview" : "Ravi (Mammotty) and Indu (Poornima) are a happily married couple who live in Trivandrum. On a train journey back from Ernakulam they meet a girl Radha (Rohini). She ran away from home to escape from her abusive stepfather and her only hope is to find her cousin Venu (Ratheesh) in Trivandrum, but is unaware of his wherabouts. Ravi and Indu take her in to their house and decides to help her find Venu.",
    "genres" : [ {
      "id" : 18,
      "name" : "Drama"
    } ]
  }, {
    "id" : 277949,
    "title" : "Sharavarsham",
    "overview" : "What the movie has in store for you, wait and watch this space for more updates.",
    "genres" : [ {
      "id" : 18,
      "name" : "Drama"
    } ]
  }, {
    "id" : 277954,
    "title" : "Ahimsa",
    "overview" : "",
    "genres" : [ {
      "id" : 18,
      "name" : "Drama"
    } ]
  }, {
    "id" : 277959,
    "title" : "Oothikachiya Ponnu",
    "overview" : "Sukumari, a saleswoman, struggles to run her poor family. Her life takes a turn when she meets a business tycoon, Vishwanathan.",
    "genres" : [ {
      "id" : 18,
      "name" : "Drama"
    } ]
  }, {
    "id" : 277964,
    "title" : "Mathilukalkkappuram",
    "overview" : "Mathilukalkkappuram movie is the sequal of Mathilukal.",
    "genres" : [ {
      "id" : 18,
      "name" : "Drama"
    } ]
  } ]
}