{
  "movies" : [ {
    "id" : 254349,
    "title" : "Get Lost in Korea",
    "overview" : "Get Lost in Korea tells a story of exploration, photography, blogging and friendship.  You can expect a mix of humor, tradition, adventure and stunning imagery; as I team up with Jesse Day: a Canadian entertainer who lives in Seoul and raps in Korean.  Highlights include me catching and eating a live octopus, attending an exorcism and learning zen martial arts from monks.  Now, I invite you to sit back, click “full-screen” and enjoy the show.  - See more at: http://www.adventuresofagoodman.com/watch-get-lost-in-korea-online/#sthash.rlvltmez.dpuf",
    "genres" : [ {
      "id" : 99,
      "name" : "Documentary"
    } ]
  }, {
    "id" : 254354,
    "title" : "Rebellious Reign",
    "overview" : "Top fighter leaves his sifu to join his new friend the 4th Prince, and supports him in his bid to gain the throne and eventually overthrow the Ching.",
    "genres" : [ {
      "id" : 28,
      "name" : "Action"
    }, {
      "id" : 10769,
      "name" : "Foreign"
    } ]
  }, {
    "id" : 254359,
    "title" : "Professor Hannibal",
    "overview" : "A school teacher becomes a momentary hero after having rescued a stuffed-bird from a school incident.",
    "genres" : [ {
      "id" : 18,
      "name" : "Drama"
    } ]
  }, {
    "id" : 254364,
    "title" : "Alexandra",
    "overview" : "",
    "genres" : [ ]
  }, {
    "id" : 254369,
    "title" : "Great Scotch Whisky",
    "overview" : "There is nothing in the world to compare with a drop of Scotch whisky for warming the body and soul on a cold winter's night, and since the most ancient of times, the people of Scotland have skillfully transformed the making of whisky into a veritable art form. Today everyone can delight in the flavours of this traditional spirit, discovering for themselves exactly what it is that makes Scotch whisky truly great. \"Great Scotch Whisky\" has been created to help you really appreciate the subtleties of this fascinating and traditional tipple. From the gentle single malts of Speyside right through to the mighty peaty brews of Islay, travel around Scotland to search out such whisky legends as Glenfiddich, Glenlivet, Bowmore and Lagavulin. Soak up the wonderful Scottish atmosphere, laced with all the history and beauty of a truly remarkable landscape, and enjoy as a connoisseur a taste of what Scotland's internationally acclaimed whisky industry proudly has to offer.",
    "genres" : [ ]
  }, {
    "id" : 254374,
    "title" : "Manila: Queen City of the Pacific",
    "overview" : "A Tour of Manila, Philippines in the 1930s",
    "genres" : [ ]
  }, {
    "id" : 254379,
    "title" : "Rio de Janeiro",
    "overview" : "A tour of the Brazilian city of Rio de Janeiro in 1938, from the Andre de la Varre \"Screen Traveler\" series.",
    "genres" : [ ]
  }, {
    "id" : 254384,
    "title" : "O Noviço Rebelde",
    "overview" : "The troubled adventures of a country novice who goes to the big city to work as a nanny, taking care of the young and rebel sons of a widow businessman.",
    "genres" : [ {
      "id" : 35,
      "name" : "Comedy"
    }, {
      "id" : 10751,
      "name" : "Family"
    }, {
      "id" : 10769,
      "name" : "Foreign"
    } ]
  }, {
    "id" : 254389,
    "title" : "Anus Beauté",
    "overview" : "",
    "genres" : [ ]
  }, {
    "id" : 254394,
    "title" : "Breakdowns of 1938",
    "overview" : "This was one of the annual \"blooper\" reels screened by the Warners Club, an organization of Warners actors, crew and executives. It was meant to poke fun at the flubs and bloopers that occurred ont the set of some of the major Warner Bros. pictures of 1938.",
    "genres" : [ ]
  }, {
    "id" : 254399,
    "title" : "Morning Does Not Begin Here...",
    "overview" : "Denisse is 23 years old. She lives in Mexico City. She wants to become a DJ. Laura Esquivel is 19. She was born and raised at a small ranch in Zacatecas known as El Verde. She is goatherd. With Denisse playing music and Laura tending to the goats, it seems improbable that their paths will ever cross, but meeting each other is quite feasible in the world of their thoughts.",
    "genres" : [ ]
  }, {
    "id" : 254409,
    "title" : "The New Testament of Jesus Christ According to John",
    "overview" : "THE GOSPEL ACCORDING TO JOHN read by Luis Miguel Cintra, one of the most prominent Portuguese actors. A glimpse at a personal experience of Jesus, filmed outdoors, from dawn to sunset, and materialized in the grain of the voice, the expression, control, rhythm and breath of the actor himself.",
    "genres" : [ ]
  }, {
    "id" : 254414,
    "title" : "The Glass Slipper",
    "overview" : "Cinderella, with some modern touches: The Brooklyn-accented Cinderella is on the phone to her girlfriend Sadie telling her about the ball. The fairy godmother looks like 'Mae West'; the dancers at the ball jitterbug; the prince looks and acts like Harpo Marx. At the end, when the prince drops by with the slipper, the fairy godmother reappears to claim both the slipper and the prince.",
    "genres" : [ ]
  }, {
    "id" : 254419,
    "title" : "Buried Treasure",
    "overview" : "While the Captain is fishing, the kids plant a treasure map on his hook. The rather dim Captain follows it to the island, where the kids have made it easy for him to find what they've prepared. But what they weren't prepared for was Long John Silver, who's followed the Captain, and kidnaps him and the treasure chest. The kids head for Silver's ship to help the Captain.",
    "genres" : [ ]
  }, {
    "id" : 254424,
    "title" : "They Knew Mr Knight",
    "overview" : "After a chance train encounter with Laurence Knight, Tom Blake's family's fortunes prosper on the beneficence of the great financier. A developing friendship leads to the Knights selling their home to the Blakes when they move back to London. All looks rosy for the Blakes as share prices in Mr Knight's new business venture soar, but is their confidence misplaced?",
    "genres" : [ {
      "id" : 18,
      "name" : "Drama"
    } ]
  }, {
    "id" : 254429,
    "title" : "Grandes ocasiones",
    "overview" : "",
    "genres" : [ ]
  }, {
    "id" : 254434,
    "title" : "The Winning Ticket",
    "overview" : "John Silver's ship has been repossessed; the Captain and the Kids have won $100,000 in a lottery. Silver dresses as an old lady and pretends to faint on the Captain's porch. He is taken inside and soon finds the winning ticket. Meanwhile, the kids spotted him outside and dress themselves as a young lady and come on to Silver, eventually handcuffing him to a batch of fireworks.",
    "genres" : [ ]
  }, {
    "id" : 254439,
    "title" : "O Candidato Honesto",
    "overview" : "",
    "genres" : [ {
      "id" : 35,
      "name" : "Comedy"
    } ]
  }, {
    "id" : 254449,
    "title" : "Sal De Prata",
    "overview" : "",
    "genres" : [ ]
  }, {
    "id" : 254459,
    "title" : "Bareback Rent Boys",
    "overview" : "Stunningly sexy barebacking boys tell of their escapades to fellow escorts and we see them in full close up! Awesome action, we see buff toned young cuties work their thick dicks into tight butts, pounding hard and fast!",
    "genres" : [ ]
  }, {
    "id" : 254464,
    "title" : "Love Games",
    "overview" : "I remember the games I played when I was young. We were happy playing together, but, looking back, I realize I used the games to satisfy my own desires. It was a child’s selfcentered behavior. But adult lovers, too, display immature sides in their relationships. Consumed by self-love, they act like children. I have tried to illustrate this kind of love through the metaphor of children’s games.",
    "genres" : [ {
      "id" : 16,
      "name" : "Animation"
    } ]
  }, {
    "id" : 254469,
    "title" : "Tape_13",
    "overview" : "Young lovers Ann and Gero are travelling through Europe when their car breaks down in the Eifel mountains. Vinzent and Franz invite them to spend a carefree weekend partying in a remote holiday cabin. But after a playful ‘séance’ their initial bright mood soon becomes uneasy as strange occurrences start to take place with alarming regularity...",
    "genres" : [ {
      "id" : 27,
      "name" : "Horror"
    }, {
      "id" : 9648,
      "name" : "Mystery"
    } ]
  }, {
    "id" : 254474,
    "title" : "Zombeavers",
    "overview" : "College friends find their weekend of sex and debauchery ruined when deadly zombie beavers swarm their riverside cabin.",
    "genres" : [ {
      "id" : 27,
      "name" : "Horror"
    }, {
      "id" : 28,
      "name" : "Action"
    }, {
      "id" : 35,
      "name" : "Comedy"
    } ]
  }, {
    "id" : 254479,
    "title" : "Fish and Elephant",
    "overview" : "The story follows the elephant keeper in the Beijing Zoo who maintains an aquarium of fish in her home (hence the two-animal title), and her lesbian lover, a fabric saleswoman in an outdoor market. Her relationship is tested, however, when her recently divorced mother returns to town in the hope of setting her daughter up in marriage. Further complicating matters is one of Xiaoqun's ex-lovers also returning to her life with the law in pursuit.",
    "genres" : [ ]
  }, {
    "id" : 254484,
    "title" : "Bobbi Starr nymphomaniac",
    "overview" : "",
    "genres" : [ ]
  }, {
    "id" : 254489,
    "title" : "Don Bosco",
    "overview" : "",
    "genres" : [ {
      "id" : 36,
      "name" : "History"
    }, {
      "id" : 12,
      "name" : "Adventure"
    } ]
  }, {
    "id" : 254494,
    "title" : "Don Milani - Il priore di Barbiana",
    "overview" : "",
    "genres" : [ {
      "id" : 36,
      "name" : "History"
    }, {
      "id" : 18,
      "name" : "Drama"
    } ]
  }, {
    "id" : 254499,
    "title" : "Dark Vengeance",
    "overview" : "Set in a distant post-apocalyptic future when the environment has been blasted into a poisoned wasteland and society has degenerated to rule by competing hordes of marauding gangs. There is one warrior, though, who fights to bring some semblance of peace and order to the land. When his family is brutally murdered, however, he becomes obsessed with seeking out their killer and taking his revenge.",
    "genres" : [ {
      "id" : 28,
      "name" : "Action"
    }, {
      "id" : 878,
      "name" : "Science Fiction"
    } ]
  }, {
    "id" : 254504,
    "title" : "Adventures of Red Ryder",
    "overview" : "Calvin Drake employs a group of low-lifes to drive away land owners along the path of a new railroad; Red Ryder opposes this strategy.",
    "genres" : [ {
      "id" : 28,
      "name" : "Action"
    }, {
      "id" : 37,
      "name" : "Western"
    } ]
  }, {
    "id" : 254509,
    "title" : "Hero",
    "overview" : "A University graduate works as an office boy. One day there is a crisis between several employers in his office. Ths office boy has to quickly find a way to solve the problem and in the process almost endangering his own life. With the help of his roommate, a monkey, he manages to overcome many problems and manages to save his job.",
    "genres" : [ {
      "id" : 35,
      "name" : "Comedy"
    } ]
  }, {
    "id" : 254514,
    "title" : "Shimmer",
    "overview" : "Join superstars Megan Abubo, Chelsea Georgeson, and Sofia Mulanovich as they create sparks in Indonesia, Fiji, Australia, and Hawaii. See rising stars Caroline Sarran, Veronica Kay, Rosie Hodge, and Carly Smith blaze trails at home and abroad. Watch longboarding's leading ladies Kassia Meador, Kula Barbieto and Crystal Dzigas charge glassy peaks from Waikiki to the Mentawais, their every ride infused with power, beauty and grace. And Roxy's own leading legend, four-time world champion Lisa Anderson, lights the way for an international team of gifted youngsters led by Hawaii's Carissa Moore, who shows us just how bright their future will be. As an added bonus, witness exclusive footage of the Roxy Pro Fiji - some of the best professional women's contest surfing to date. Lured from the shores of the world to shimmering seas, the Roxy team shines.",
    "genres" : [ {
      "id" : 99,
      "name" : "Documentary"
    } ]
  }, {
    "id" : 254519,
    "title" : "Hooperz",
    "overview" : "Hooperz tells the story of a group of young girls who plays for their netball team. The variation of characters and backgrounds of the team players plays a huge role in the film. The playing court will be the place where they escape from their normal daily routine and be free of any problems.\r All of them in the end formed a net ball team called Hooperz. Eventhough with the many challenges that the characters face in life, it does not dampen their spirit in going to the finals for the Annual Netball Tournament.",
    "genres" : [ {
      "id" : 35,
      "name" : "Comedy"
    }, {
      "id" : 18,
      "name" : "Drama"
    } ]
  }, {
    "id" : 254524,
    "title" : "Hollywood Goes to Town",
    "overview" : "This short shows how Hollywood gets ready for the world premiere of an \"important\" movie. The film celebrated here is Marie Antoinette (1938), which had its premiere at the Carthay Circle Theatre. We see the street leading to the theatre transformed to suggest a garden that might be seen in a French palace. This includes the placement of trees and other foliage, as well as large statues along the route. Grandstands are set up so fans can see their favorite stars as they arrive for the premiere. Finally, the proverbial \"galaxy of stars\" arrives in their limousines. Fanny Brice and Pete Smith make remarks at the microphone set up on the carpet outside the theatre.",
    "genres" : [ ]
  }, {
    "id" : 254529,
    "title" : "Last Rites",
    "overview" : "Three days in the life of a man that moves to a house supposedly haunted by the ghost of a religious fanatic.",
    "genres" : [ {
      "id" : 27,
      "name" : "Horror"
    } ]
  }, {
    "id" : 254534,
    "title" : "The Stranger's Hand",
    "overview" : "Eight-year-old Roger Court is in Venice expecting to reunite with his father, British diplomat Major Court (Trevor Howard), whom he hasn't seen in three years. Roger lives with his Aunt Rose since his mother abandoned him.",
    "genres" : [ {
      "id" : 53,
      "name" : "Thriller"
    }, {
      "id" : 18,
      "name" : "Drama"
    } ]
  }, {
    "id" : 254544,
    "title" : "No Return",
    "overview" : "Following her husband's death, a young woman gets involved with another man but begins to fear that her husband's spirit is returning from the grave to claim her.",
    "genres" : [ ]
  }, {
    "id" : 254549,
    "title" : "Isabella",
    "overview" : "Isabella (Nia Zulkarnaen), Indonesian girl who settled in Malaysia, fell in love with Amy (Amy Search), pemuzik rock. Due to the appearance of Amy as pemuzik rock, love their opposition by Isabella father (Robert Syarif, Ida Kusuma), which is affected by the riots news rock performances in Jakarta.",
    "genres" : [ {
      "id" : 10402,
      "name" : "Music"
    } ]
  }, {
    "id" : 254554,
    "title" : "David Galle: D",
    "overview" : "",
    "genres" : [ ]
  }, {
    "id" : 254559,
    "title" : "The Broken Shore",
    "overview" : "An evocative crime thriller that captures the chilling action and sharp wit of Peter Temple's acclaimed novel The Broken Shore. In this gripping adaptation, Detective Joe Cashin uncovers a web of lies, betrayal and police corruption in a small coastal town where tensions are at boiling point and the shocking face behind the community's respectable mask is slowly unveiled.",
    "genres" : [ {
      "id" : 80,
      "name" : "Crime"
    } ]
  }, {
    "id" : 254564,
    "title" : "Iceland Food Center",
    "overview" : "This is the story about the first Icelandic business expansion in London in 1965. One with all the characteristics of other Icelandic businesses we've come to know in the past few years.",
    "genres" : [ {
      "id" : 99,
      "name" : "Documentary"
    } ]
  }, {
    "id" : 254569,
    "title" : "The Singing Cowgirl",
    "overview" : "Tolen is after the Harkins ranch where his men have found gold. After they kill Harkins, Dorothy and Dick step in and discover that the gold actually washes down from Tolen's own ranch. When Harkins' brother arrives to take over they test Tolen by having the brother offer to swap ranches.",
    "genres" : [ ]
  }, {
    "id" : 254574,
    "title" : "Diana Krall - Montreux Jazz Festival 2013",
    "overview" : "It’s a fifth appearance at Montreux for this singer in from the cold who has her musical family to keep her warm. A key figure of contemporary jazz, Diana Krall bewitches with her rounded contralto timbre and her piano rambles, for which she’s been awarded several Grammies. In her most recent album, Glad Rag Doll (2012), Diana mischievously extracts the charm from ’20s standards and polishes them up as though they had just been invented yesterday. Marvellous vaudeville, skillfully produced by guitarist T-Bone Burnett and accompanied by Marc Ribot, among others. (FFJM © 2013)",
    "genres" : [ {
      "id" : 10402,
      "name" : "Music"
    } ]
  }, {
    "id" : 254579,
    "title" : "History on the Run: The Media and the '79 Election",
    "overview" : "This documentary examines the media's coverage of the Canadian federal election of May 1979. Filmed over a 3-week period, it takes a fascinating look at journalists in action and the politicians who attempt to manipulate the media.",
    "genres" : [ {
      "id" : 99,
      "name" : "Documentary"
    } ]
  }, {
    "id" : 254584,
    "title" : "The Rendezvous",
    "overview" : "During a long train ride heading north of Japan, a young man addresses an older woman in front of him. At first she doesn't respond, but he finally gets her into a conversation when he offers her lunch. Thus begins Saito Koichi's famous romantic thriller, \"The Rendezvous\". The woman turns out to be a murderer on parole, whist the man a runaway accused of assault and robbery. As it happens, the two soon fall in love. The woman asks the man to wait two years until she is released from jail. And he agrees...",
    "genres" : [ {
      "id" : 18,
      "name" : "Drama"
    } ]
  }, {
    "id" : 254589,
    "title" : "Vision Divine - Stage of Consciousness",
    "overview" : "First DVD - Recorded LIVE at Transilvania, Reggio Emilia, Italy, 04/16/2005",
    "genres" : [ ]
  }, {
    "id" : 254599,
    "title" : "Abigail",
    "overview" : "As the gap between a burning airplane and the ground gets smaller, one passenger has other things on his mind!",
    "genres" : [ {
      "id" : 16,
      "name" : "Animation"
    } ]
  }, {
    "id" : 254604,
    "title" : "The Weed",
    "overview" : "David Motuzka, demobilized Red Army soldier, returns to his native village, hoping to see the changes caused by the revolutionary events. But he cannot see no improvement. The village is ruled by the kulaks and David's childhood friend Kornii Matiukha helps them.",
    "genres" : [ {
      "id" : 18,
      "name" : "Drama"
    } ]
  }, {
    "id" : 254609,
    "title" : "Radio Stars on Parade",
    "overview" : "A Hollywood talent agency tries to avoid finacial ruin by getting its best clients on the air.",
    "genres" : [ {
      "id" : 35,
      "name" : "Comedy"
    }, {
      "id" : 10402,
      "name" : "Music"
    } ]
  }, {
    "id" : 254614,
    "title" : "Tyndýk",
    "overview" : "Tyndýk is an invitation to a calm journey set against the background of the pristine Kyrgyz landscape.",
    "genres" : [ ]
  }, {
    "id" : 254619,
    "title" : "Jedis & Juggalos: Your Census Guide",
    "overview" : "The once-every-five-years Australian Census is upon us (Census night is August 9, 2011). Which means the vexed 'What is your religion?' question will raise its head. This, in turn means thousands of pranksters will write down Jedi, Matrixist or Metal Head. Over the years John Safran has heard claims that far from being a joke, young people were combining spirituality with popular culture. Safran wants to hunt down these spiritual innovators. \"I thought I'd potter off around the world and try to find people who sincerely and unsarcastically synchronise spirituality with popular culture. Is it good, is it trivialising, is it even spiritually dangerous?\"",
    "genres" : [ ]
  }, {
    "id" : 254624,
    "title" : "Christina L'Esclave Du Sexe",
    "overview" : "",
    "genres" : [ ]
  }, {
    "id" : 254629,
    "title" : "Cake: A Wedding Story",
    "overview" : "When two star-crossed lovers, set on eloping, are forced into having a big wedding, the bride develops a plan of her own. Unfortunately, the groom is not privy to the plan. Meanwhile, family and friends start to take sides at a reception for a wedding that never took place!",
    "genres" : [ {
      "id" : 10749,
      "name" : "Romance"
    }, {
      "id" : 35,
      "name" : "Comedy"
    } ]
  }, {
    "id" : 254634,
    "title" : "The Chair",
    "overview" : "A psychologist, a psychiatrist and a prison warden open up a long-closed prison, unaware that the ghost of an electrocuted convict haunts it.",
    "genres" : [ {
      "id" : 27,
      "name" : "Horror"
    }, {
      "id" : 9648,
      "name" : "Mystery"
    } ]
  }, {
    "id" : 254639,
    "title" : "POWs of the American Revolution",
    "overview" : "POWs OF THE AMERICAN REVOLUTION details how thousands of patriots died in unthinkable conditions aboard British prison ships moored in New York's harbor. The victims' bones are still being found, their shallow graves exposed on modern-day Brooklyn shores. Drawing on memoirs and letters written by the doomed prisoners, this riveting special documents the appalling conditions they endured. Insight from leading naval historians, medical experts and other specialists helps reveal the many facets of this 18th-century atrocity.",
    "genres" : [ {
      "id" : 10770,
      "name" : "TV Movie"
    }, {
      "id" : 99,
      "name" : "Documentary"
    }, {
      "id" : 10752,
      "name" : "War"
    } ]
  }, {
    "id" : 254644,
    "title" : "Dangerous Toys",
    "overview" : "Adam Savage and Jamie Hyneman get the idea to play \"War\" from a group of kids. Adam builds and attempts to defend a 24-foot tall couch fort while Jamie tries to knock it down.",
    "genres" : [ ]
  }, {
    "id" : 254654,
    "title" : "The Feud Maker",
    "overview" : "When Tex is brought in to fight in a range war between the cowmen and the nesters, he meets his old outlaw boss Lassiter. He learns Lassiter is behind the feud when Lassiter asks him to join up with his gang. Tex refuses and instead sets out to stop the feud but no one will believe him that Lassiter is responsible.",
    "genres" : [ {
      "id" : 37,
      "name" : "Western"
    } ]
  }, {
    "id" : 254659,
    "title" : "A Demon for Trouble",
    "overview" : "Dyer is buying ranches and then retrieving his check by having his gang kill the owner. Bob Worth arrives just as Buck Morton is killed and gets blamed for the murder. Fleeing from the Sheriff, Bob teams up with the Mexican outlaw Golinda. Having seen Dyer pay off his men, he has a plan to trap him and Golinda is just the man he needs to make it work.",
    "genres" : [ ]
  }, {
    "id" : 254664,
    "title" : "The Journey",
    "overview" : "The Journey is a cross-continental story that explores the idea of culture, not just as tradition but as an expression of love. When Bee (Yew) returns to Malaysia for the first time in a decade - she introduces her conservative father Uncle Chuan (Lee) to her happy-go-lucky British fiancé, Benji (Pfeiffer). With Benji's lack of cultural understanding and comprehension of Chinese traditions, Chuan opposes their marriage. Unexpected circumstances ensue, and Chuan reluctantly submits to their union, on the condition that their wedding adheres to Chinese tradition. Part of that tradition is that Chuan must invite all of his childhood friends personally. So the quintessential odd couple, Benji and Chuan, embark on a cross country adventure to deliver the invitations. Despite language barriers and initial hesitation from both parties, the two men come to realize that their priorities are essentially one and the same.",
    "genres" : [ {
      "id" : 35,
      "name" : "Comedy"
    }, {
      "id" : 18,
      "name" : "Drama"
    }, {
      "id" : 10751,
      "name" : "Family"
    } ]
  }, {
    "id" : 254669,
    "title" : "Gunter Lamoot: Softie",
    "overview" : "",
    "genres" : [ ]
  }, {
    "id" : 254674,
    "title" : "Smokin' Stogies",
    "overview" : "When ruthless NY Mob boss Tony Batts sends his trusted Capo Vinnie Marscone to Miami to trace $1 million in smuggled, but now missing, Cuban Cohiba cigars, things start to heat up. The Mob in Miami are also trying to help Vinnie find the missing Havana's ...but are they? Marscone is led on wild goose chases, kidnapped and held at gunpoint. With a fast boat, a beautiful blonde and a narcotics sniffing ex-U.S. Customs dog named \"Bruno\" Vinney tries to save the cigars and his life.",
    "genres" : [ ]
  }, {
    "id" : 254679,
    "title" : "The Little House",
    "overview" : "Following the death of the unmarried and childless Taki, Takeshi, a young relative of hers, discovers several pages of closely written lines in which the old lady has recorded her memories. This is how he learns the truth about her youth working as a housemaid and nanny for the Hirai family in a little house in Tokyo with a red gabled roof.",
    "genres" : [ {
      "id" : 18,
      "name" : "Drama"
    }, {
      "id" : 10751,
      "name" : "Family"
    }, {
      "id" : 36,
      "name" : "History"
    } ]
  }, {
    "id" : 254684,
    "title" : "Girl Grief",
    "overview" : "Although terrified of girls, Charley must take a job teaching at a girls school.",
    "genres" : [ ]
  }, {
    "id" : 254689,
    "title" : "Never Tear Us Apart: The Untold Story of INXS",
    "overview" : "The story of INXS, their personal lives and their rise to fame from Australian pubs to stadiums all around the world.",
    "genres" : [ {
      "id" : 18,
      "name" : "Drama"
    } ]
  }, {
    "id" : 254694,
    "title" : "Vampire Stories: Brothers",
    "overview" : "Vampire Stories Brother tells a story about Sei who finds out that he is a pure blood vampire from his older brother, Ai, and that he will turn at the age of 20. Sei has to choose to live or die and what lies in middle of his decision is his younger step sister, Midori, whom he cares for. What will Sei choose? Midori, his younger step-sister or Ai, his older vampire brother? To live or to die?",
    "genres" : [ {
      "id" : 18,
      "name" : "Drama"
    } ]
  }, {
    "id" : 254699,
    "title" : "The Cactus Kid",
    "overview" : "Perrin and his partner get paid a big sum of money at the end of their cattle drive. Shortly thereafter, the partner is found with a knife in his back and Perrin is blamed for the murder.",
    "genres" : [ {
      "id" : 37,
      "name" : "Western"
    } ]
  }, {
    "id" : 254704,
    "title" : "Possum Trot - The Life and Work of Calvin Black 1903-1972",
    "overview" : "Calvin Black was a folk artist who lived in California's Mojave Desert and created more than 80 life-size female dolls, each with its own personality, function, and costume. He also built the \"Bird Cage Theater,\" where the dolls perform and sing in voices recorded by the artist. The film works on two levels. One is the documentation of the artist's legacy and commentary on women: grotesque female figures moving in the desert wind and the theater with its frozen \"actresses,\" protected by his widow from a world she views as hostile. The other is the re-creation of the artist's vision through the magic of film, as the camera enables the dolls to move and sing and brings theater to life as the artist imagined it.",
    "genres" : [ {
      "id" : 99,
      "name" : "Documentary"
    } ]
  }, {
    "id" : 254709,
    "title" : "Mazurka",
    "overview" : "A woman is put on trial for murdering a dancer who ruined her marriage.",
    "genres" : [ {
      "id" : 18,
      "name" : "Drama"
    } ]
  }, {
    "id" : 254714,
    "title" : "This Time Tomorrow",
    "overview" : "Sipping Jetstreams Media presents This Time Tomorrow, a film by Taylor Steele, documenting an epic Pacific swell chase over 8 days and 18,000 miles traveled. Two surfers, Dave Rastovich and Craig Anderson, tracked waves generated from this single storm in an exhausting attempt to surf the same wave twice as they pulsed eastward through the Pacific. As these waves thundered across the legendary reef of Teahupo’o, reeled down the endless point breaks of Mexico and onwards towards a frosty Arctic conclusion the pair gathered friends Kelly Slater, Chris Del Moro, Alex Gray, and Dan Malloy for this cinematic and cosmic experience of a lifetime.",
    "genres" : [ {
      "id" : 99,
      "name" : "Documentary"
    } ]
  }, {
    "id" : 254719,
    "title" : "History of Fear",
    "overview" : "A hot summer. A private district with an enormous park. An abandoned plot of land in the suburbs and an uncontrollable wave of smoke spark uncertainty and chaos.",
    "genres" : [ {
      "id" : 18,
      "name" : "Drama"
    } ]
  }, {
    "id" : 254734,
    "title" : "Notes on Love",
    "overview" : "Poet-filmmaker Jørgen Leth taps his own earliest inspirational veins by free-floating through a camera/microscope-enhanced set of poems with love as their first and final subject. For example, how a tropical island woman prepares for a meeting with her lover. The film was shot partly in the South Pacific with more than a nod to social anthropoliogist B. Malinowski's historical work The Sexual Life of Savages.",
    "genres" : [ ]
  }, {
    "id" : 254739,
    "title" : "The Wishing Stone",
    "overview" : "A commercial passenger jet has gone missing on its flight from Mexico to New York. In reality, the plane did crash, but everyone aboard is physically unhurt. One of the passengers, musician Dave Apollon, is concerned about the money he will be losing if he doesn't get to New York to perform in his scheduled gigs. When one of the other passengers tells him that they can get there using his magical Hawaiian wishing stone, Dave balks at the notion. But when someone else demonstrates the stone's power by wishing they were some place else, they are whisked from place to place. At each stop, Dave and the others perform a musical revue themed to their locale. But as Dave doesn't have the stone, will they ever make it to New York?",
    "genres" : [ ]
  }, {
    "id" : 254744,
    "title" : "West End Theatre Series: Private Lives",
    "overview" : "Elyot Chase and Amanda Prynne are glamorous, rich, reckless… and divorced. Five years later, their love for one another is unexpectedly rekindled when they take adjoining suites of a French hotel while honeymooning with their new spouses. This chance encounter instantly reignites their passion, and they fling themselves headlong into a whirlwind of love and lust once more, without a thought for partners present or turbulences past.",
    "genres" : [ ]
  }, {
    "id" : 254779,
    "title" : "A Fish Story",
    "overview" : "After his sudden death, a devoted father's search for heaven brings him back to his distraught family and his wilderness fishing camp for a few precious days in the body of a wanted man.",
    "genres" : [ {
      "id" : 18,
      "name" : "Drama"
    }, {
      "id" : 10751,
      "name" : "Family"
    } ]
  }, {
    "id" : 254784,
    "title" : "Tiger at Top",
    "overview" : "Enter the debonair Raymond Lui, who teams up with Judy, and together they defeat the evil Manchu warlord Kan.",
    "genres" : [ ]
  }, {
    "id" : 254789,
    "title" : "Bering. Equilibrio y resistencia",
    "overview" : "This documentary closely follows a group of people living in the Bering Strait and delves into the fundamental aspects of their daily lives, their survival, and the contrast between their traditions and the modern world. With extraordinary imagery, Bering portrays exceptionally well a community fighting to preserve its culture in this mythical part of the world.",
    "genres" : [ {
      "id" : 99,
      "name" : "Documentary"
    } ]
  }, {
    "id" : 254794,
    "title" : "Beautiful Jim",
    "overview" : "Grammy-nominated Jimbeau Hinson, living in Nashville and considered the first openly bisexual singer/songwriter in country music, has been HIV-positive for over 30 years. After almost dying from AIDS twice, he is now HIV-undetectable, and recently released a new album at age 62.",
    "genres" : [ ]
  }, {
    "id" : 254799,
    "title" : "Bob Birdnow's Remarkable Tale of Human Survival and the Transcendence of Self",
    "overview" : "When invited by an old friend to speak to a struggling sales team at a conference, Bob Birdnow reluctantly agrees. Bob's attempt to say something motivational takes an unexpected turn when, forced off script and desperate, he begins the one story he'd hoped he'd never have to tell.",
    "genres" : [ ]
  }, {
    "id" : 254804,
    "title" : "Dance Like No One's Watching",
    "overview" : "A short documentary that explores the world of competitive Country/Western dancing within the gay community.",
    "genres" : [ ]
  }, {
    "id" : 254809,
    "title" : "Evergreen",
    "overview" : "On a Mississippi farm, two brothers clash over their responsibilities to the farm, their father, and each other.",
    "genres" : [ {
      "id" : 35,
      "name" : "Comedy"
    }, {
      "id" : 18,
      "name" : "Drama"
    } ]
  }, {
    "id" : 254814,
    "title" : "Herd in Iceland",
    "overview" : "Herd in Iceland is a documentary about the annual round-up of the Icelandic horse, isolated for centuries by the country's oceanic borders. During the summer months, the horses live a wild existence, grazing in the highlands and raising their young. Each fall, they are rounded up by local farmers and directed across the stunning landscape. The horse holds a precious place in Icelandic culture, art and tradition; for over 1,000 years Icelandic law has prohibited the importation of horses onto the island.",
    "genres" : [ ]
  }, {
    "id" : 254819,
    "title" : "Kitties: A Short Film",
    "overview" : "A hunter and zombie struggle to gain the upper hand until they are both confronted by a new threat.",
    "genres" : [ {
      "id" : 28,
      "name" : "Action"
    }, {
      "id" : 35,
      "name" : "Comedy"
    }, {
      "id" : 14,
      "name" : "Fantasy"
    }, {
      "id" : 27,
      "name" : "Horror"
    } ]
  }, {
    "id" : 254824,
    "title" : "Lighter",
    "overview" : "In this dark comedy, redneck comedian Roman Clower decides to walk away from his successful stand-up career and return to his hometown in South Carolina to take on the part of Hamlet in a community theatre.",
    "genres" : [ ]
  }, {
    "id" : 254829,
    "title" : "Meanwhile in Memphis: The Sound of a Revolution",
    "overview" : "A Memphis music documentary featuring maverick Bluff City DIY musicians from 1978 to present day. The film documents the fact that Memphis music never stopped; even after Stax Records closed, Elvis died, and the music industry left town.",
    "genres" : [ {
      "id" : 99,
      "name" : "Documentary"
    }, {
      "id" : 36,
      "name" : "History"
    } ]
  }, {
    "id" : 254834,
    "title" : "Pets",
    "overview" : "It's the future, and humans have been kicked out of the cities by a new perfect race of clones. Now living on the outskirts, doing anything he can to survive, a man driven by desperation ventures into the city where he is abducted and adopted as a pet. He must decide whether the relatively posh life of a subservient pet is worth the cost of his freedom.",
    "genres" : [ ]
  }, {
    "id" : 254839,
    "title" : "A Quiet Strength",
    "overview" : "A single, working mother in the heart of the Mississippi Delta sees hard work, education and faith as the foundation for raising her three high school daughters. She is neither a hero nor a victim of society, but rather a simple, hardworking woman who puts one foot in front of the other each day with quiet strength.",
    "genres" : [ ]
  }, {
    "id" : 254844,
    "title" : "The Sidekick",
    "overview" : "As career “sidekick” Max McCabe pushes 40 and his job performance starts to lose its youthful zip, he is unceremoniously fired by his superhero boss and cast adrift in a world that seems to have no use for an aging professional buddy.",
    "genres" : [ ]
  }, {
    "id" : 254849,
    "title" : "The Spy Who Fleeced Me",
    "overview" : "Secret Agent Paco Suave saves puppetkind from destruction by the evil Madame Overee.",
    "genres" : [ ]
  }, {
    "id" : 254854,
    "title" : "Transmission",
    "overview" : "In a post-apocalyptic wasteland, a creature and his dog find a radio with a signal that may lead them to the first sign of other life they've encountered in ages. But is the chance to find new life worth leaving the only home they have?",
    "genres" : [ ]
  }, {
    "id" : 254859,
    "title" : "West of Elvis",
    "overview" : "The film documents a few visits to Graceland Too in Holly Springs, Mississippi, capturing the essence of this unusual museum devoted to Elvis Presley memorabilia and its curator, Paul McLeod.",
    "genres" : [ ]
  }, {
    "id" : 254864,
    "title" : "Jiwa Remaja",
    "overview" : "Hairi or Harry supported his mother and his younger brother from various jobs. He never work long enough each time because he always fight with his employers. His good friend, Joy worked as a mechanic. Hairi falls in love with Anita the daughter of a wealthy family. Yuosf, Anita’s brother disliked Hairi because of his background. Fight ensue between them which later killed Joy. Hairi wants to avenge Joy’s death. In a party at Anita’s house, Hairi shot Yusof with a gun he found and became a fugitive. Anita pleads for Hairi to surrender himself but failed.",
    "genres" : [ {
      "id" : 18,
      "name" : "Drama"
    } ]
  }, {
    "id" : 254869,
    "title" : "Torrente 5",
    "overview" : "Crooked cop Torrente gets out of jail in the year 2018 to find a different Spain from the one he knew.",
    "genres" : [ {
      "id" : 28,
      "name" : "Action"
    }, {
      "id" : 35,
      "name" : "Comedy"
    } ]
  }, {
    "id" : 254874,
    "title" : "Turtle Vision",
    "overview" : "Turtle Vision is about a deranged woman who gouges out the eyes of the strangers she has sex with. Turns out she was once filmed being brutally raped on the roof of her school and is still trying to cope with the trauma.",
    "genres" : [ ]
  }, {
    "id" : 254879,
    "title" : "Longstreet",
    "overview" : "The pilot for the 1971 - 1972 series of the same title. Mike Longstreet, an insurance investigator in New Orleans loses his sight and his wife in an explosion and is determined to track down his wife's killers.",
    "genres" : [ ]
  }, {
    "id" : 254884,
    "title" : "O Sal da Terra",
    "overview" : "",
    "genres" : [ ]
  }, {
    "id" : 254889,
    "title" : "Capitalism: Slavery",
    "overview" : "In Capitalism: Slavery, Jacobs uses a Victorian stereograph (a double-photograph) of slaves picking cotton under the watchful eye of a white overseer as the source for this wrenching silent work. Through digital manipulation, Jacobs creates a haunting illusion of depth and movement. It is as if he has \"entered\" the image and reactivated this historical moment; he moves among the figures and isolates individuals, creating a stuttering, pulsing effect that suggests motion even as it animates stasis.",
    "genres" : [ ]
  }, {
    "id" : 254894,
    "title" : "Off the Record",
    "overview" : "Bandleader B. A. Rolfe is saluted with a party on his 40th anniversary in show business.",
    "genres" : [ ]
  }, {
    "id" : 254899,
    "title" : "Matthias Reim - Unendlich Live",
    "overview" : "",
    "genres" : [ {
      "id" : 10402,
      "name" : "Music"
    } ]
  }, {
    "id" : 254904,
    "title" : "The November Man",
    "overview" : "An ex- CIA operative is brought back in on a very personal mission and finds himself pitted against his former pupil in a deadly game involving high level CIA officials and the Russian president-elect.",
    "genres" : [ {
      "id" : 80,
      "name" : "Crime"
    }, {
      "id" : 28,
      "name" : "Action"
    }, {
      "id" : 53,
      "name" : "Thriller"
    } ]
  }, {
    "id" : 254919,
    "title" : "Sochi 2014 Olympic Opening Ceremony: Dreams of Russia",
    "overview" : "The opening ceremony of the 2014 Winter Olympics took place at the Fisht Olympic Stadium in Sochi, Russia, on 7 February 2014. It began at 20:14 MSK (UTC+4) and finished at 23:02 MSK (UTC+4) This was the first Winter Olympics and first Olympic Games opening ceremony under the IOC presidency of Thomas Bach.  The Games were officially opened by President Vladimir Putin. An audience of 40,000 were in attendance at the stadium with an estimated 2,000 performers.  The ceremony touched upon various aspects of Russian history, and included tributes to famous Russians, such as Peter Tchaikovsky (1840–1893), Ukrainian-born Russian humourist, dramatist, and novelist Nikolai Gogol (1809–1852), filmmaker Sergei Eisenstein (1898–1948), ballet dancer Vaslav Nijinsky (1889–1950), and patron of arts, and founder of Ballet Russes, Sergei Diaghilev (1872–1929).",
    "genres" : [ ]
  }, {
    "id" : 254924,
    "title" : "Lost Angel",
    "overview" : "When a young Dutch tourist gets stranded at the start of his US vacation, he finds help from an unlikely stranger.",
    "genres" : [ {
      "id" : 35,
      "name" : "Comedy"
    }, {
      "id" : 18,
      "name" : "Drama"
    } ]
  } ]
}