{
  "movies" : [ {
    "id" : 155909,
    "title" : "Cudownie Ocalony",
    "overview" : "",
    "genres" : [ ]
  }, {
    "id" : 155924,
    "title" : "casting a glance",
    "overview" : "Casting a Glance is a tribute to the American artist Robert Smithson. Between May 15 2005 and January 14 2007, I made 16 trips to the Spiral Jetty. Created in 1970, the Jetty is a 1,500-foot long spiral-shaped jetty extending into the Great Salt Lake in Utah constructed from rocks, earth, salt and red algae.",
    "genres" : [ {
      "id" : 99,
      "name" : "Documentary"
    } ]
  }, {
    "id" : 155939,
    "title" : "Time to Die",
    "overview" : "An impressionistic, black-and-white portrait of the day-to-day of a nonagenarian woman as she experiences the final act of her life. Danuta Szaflarska stars as Aniela, who lives in a massive yet rapidly-deteriorating wooden house, filled with souvenirs and treasures of eras gone by. Aniela runs into conflict in her dealings with others, particularly a nasty neighbor who sees her property as an eyesore and wants to do everything in his reach to buy it up and tear it down, and her married adult son, who - though kindly - triggers paranoia within Aniela (she cannot help but believe that he is scheming and planning to wheedle the property away from her). Driven aback by these individuals, Aniela finds one of her only sources of comfort and reassurance in her daily talks with her dog, Fila - and develops a great affinity for spying on the neighbors' doings whenever boredom creeps in.",
    "genres" : [ {
      "id" : 18,
      "name" : "Drama"
    } ]
  }, {
    "id" : 155949,
    "title" : "Aap Ki Khatir",
    "overview" : "Widowed Arjun Khanna lives a wealthy lifestyle in London, England, along with his daughter, Shirani. He decides to re-marry widowed Betty, who also lives in London with her daughter, Anu. Years later both daughters have grown up and are of marriageable age. Anu has fallen in love Danny Grover, and both are expected to marry soon.",
    "genres" : [ {
      "id" : 35,
      "name" : "Comedy"
    }, {
      "id" : 10749,
      "name" : "Romance"
    } ]
  }, {
    "id" : 155959,
    "title" : "Devon: Stripped",
    "overview" : "Her dreams led her to L.A. Her friend led her to a place she thought she would never go. She found the only way to gain anything is to lose everything.",
    "genres" : [ ]
  }, {
    "id" : 155964,
    "title" : "Reanimator Academy",
    "overview" : "A Herbert West wannabe brings back a stand up comedian's head, much hilarity ensues.",
    "genres" : [ {
      "id" : 27,
      "name" : "Horror"
    } ]
  }, {
    "id" : 155989,
    "title" : "Sing & Sign 1",
    "overview" : "Sing &amp; Sign features Rachel Coleman signing thirteen of the most popular Signing Time songs from beginning to end. You'll have lots of fun while you learn the ASL concepts in each song.",
    "genres" : [ ]
  }, {
    "id" : 155994,
    "title" : "Thursdays for the Poor",
    "overview" : "A young doctor has been assigned to a hospital in the provinces, in the lakes district of northern Poland. The area is a playground with hunting lodges for the priviledged, the local politicians cover up any leaks to the public. The doctor discovers a case of drunken driving but is silenced by blackmail in the court. He tries to fight back but has a love affair with the unfaithful wife of the town's Mayor.",
    "genres" : [ {
      "id" : 18,
      "name" : "Drama"
    } ]
  }, {
    "id" : 155999,
    "title" : "Men in Soldier's Overcoats",
    "overview" : "The story of the war film is about paths of the Estonian Shooting Corps (formed by the Red Army) during the WW-2 and how the fight forms an usual man to a loyal soldier. Ideologic aspects of the movie are more hidden than in ordinary Soviet war films but they're still existing.",
    "genres" : [ ]
  }, {
    "id" : 156004,
    "title" : "Peter Hurley: The Art Behind The Headshot",
    "overview" : "Peter Hurley, one of the most successful and well known headshot photographers of all time has teamed up with Fstoppers to produce a 4 hour tutorial exposing all of his tips and tricks that he has learned over the past 8 years as a professional photographer. This video touches on all aspects of running a successful photography business but Peter’s main goal is to teach the average person about the subtleties of the human face so that you can make any human in front of your camera look interesting.",
    "genres" : [ ]
  }, {
    "id" : 156009,
    "title" : "Assume the Position 201 with Mr. Wuhl",
    "overview" : "",
    "genres" : [ ]
  }, {
    "id" : 156014,
    "title" : "Dama Kameliowa",
    "overview" : "",
    "genres" : [ ]
  }, {
    "id" : 156019,
    "title" : "Still Screaming: The Ultimate Scary Movie Retrospective",
    "overview" : "A year in the making, Still Screaming is the definitive documentary on the making of the iconic Scream movies. Dive into the fascinating success story of the classic trilogy with on-set footage and photos, and dozens of brand new interviews with cast and crew from all the films including Wes Craven, Neve Campbell, Liev Schreiber, Henry Winkler, Matthew Lillard, Jamie Kennedy, Laurie Metcalf, Parker Posey, Scott Foley and many others. Written and Directed by Ryan Turek and Produced by Anthony Masi.",
    "genres" : [ {
      "id" : 99,
      "name" : "Documentary"
    } ]
  }, {
    "id" : 156024,
    "title" : "La Banda del Carro Rojo",
    "overview" : "Drug dealers try to cross the US border.",
    "genres" : [ {
      "id" : 80,
      "name" : "Crime"
    }, {
      "id" : 18,
      "name" : "Drama"
    } ]
  }, {
    "id" : 156029,
    "title" : "Exit - El tricicle",
    "overview" : "",
    "genres" : [ ]
  }, {
    "id" : 156054,
    "title" : "The Sword of Many Lovers",
    "overview" : "A fantasy film based on Louis Cha's  novel \"The Other Tales of the Flying Fox\". Leon Lai plays the swordsman Wu Fei who is hunting down Master Fung who is responsible for killing his uncle Ping and their friend Chung.  During his travel he gets caught between the two women Yuen (Sharla Cheung) and Ling (Michelle Reis) one whom he has fallen for an another who wants him.",
    "genres" : [ ]
  }, {
    "id" : 156079,
    "title" : "The Wife of Seishu Hanaoka",
    "overview" : "The disturbing story of a physician who conducted the first operation with general anaesthetic, and the women in his life who are both so determined to win his love that they volunteer as subjects for his experiments",
    "genres" : [ ]
  }, {
    "id" : 156084,
    "title" : "The Town That Was",
    "overview" : "Filmed over a period of five years in Centralia, Pennsylvania with interviews ranging from former residents to Congressmen, THE TOWN THAT WAS is an intimate portrait of John Lokitis, the youngest remaining Centralian, and his quixotic fight to keep alive a hometown that has literally disintegrated under his feet. His unbowed determination and steadfast refusal to acknowledge defeat reveal a man, a town, a region, and a way of life abandoned and forgotten.",
    "genres" : [ ]
  }, {
    "id" : 156094,
    "title" : "Blue Blood",
    "overview" : "A debauched young aristocrat entrusts the running of his country house to Tom, the butler, on whom he depends absolutely. Before long the servant begins to dominate his master, to the alarm of the newly hired German nanny who senses sinister, demonic intent in Tom's control of the house.",
    "genres" : [ {
      "id" : 18,
      "name" : "Drama"
    }, {
      "id" : 27,
      "name" : "Horror"
    } ]
  }, {
    "id" : 156104,
    "title" : "Hitlers Hantlangare - Eichman",
    "overview" : "",
    "genres" : [ ]
  }, {
    "id" : 156109,
    "title" : "Hitlers Hantlangare - von Ribbentrop",
    "overview" : "",
    "genres" : [ ]
  }, {
    "id" : 156114,
    "title" : "Ray Boltz The Concert of a Lifetime",
    "overview" : "\"When I was nineteen years old, I attended a contemporary Christian concert. The songs I heard that night wre about faith, hope, and most of all about Jesus. At the end of that concert I gave my heart to the Lord. The Concert of a Lifetime is a video which contains the songs that I've written about that same faith, that same hope, and that same Jesus. It includes 'I Pledge Allegiance to the Lamb,' 'Thank You,' 'I Will Praise the Lord,' and many others. My life was changed at a Christian concert. I hope yours will be too.\" --Ray Boltz",
    "genres" : [ ]
  }, {
    "id" : 156119,
    "title" : "Hell Swarm",
    "overview" : "An ex-convict teams with government agents to battle an advanced race bent on conquering Earth.",
    "genres" : [ ]
  }, {
    "id" : 156129,
    "title" : "The Reunion",
    "overview" : "",
    "genres" : [ ]
  }, {
    "id" : 156139,
    "title" : "Outcry",
    "overview" : "",
    "genres" : [ {
      "id" : 18,
      "name" : "Drama"
    }, {
      "id" : 10752,
      "name" : "War"
    } ]
  }, {
    "id" : 156149,
    "title" : "Příběhy včelích medvídků",
    "overview" : "",
    "genres" : [ ]
  }, {
    "id" : 156169,
    "title" : "American Passages",
    "overview" : "Initially, there's that moment of happiness: an African-American celebrating in Harlem cheers \"We're free!\" as if Barack Obama's victory meant the ultimate end of slavery. AMERICAN PASSAGES is an associative journey through the United States: a disillusioned Iraq veteran, gay adoptive fathers, black judges, white party animals and a pimp at a casino table in Las Vegas. The extreme contrasts of black and white, rich and poor, winners and losers are often as surprising as the meaning of the constitutional right to the pursuit of happiness in these times of crisis. An epic panorama of America.",
    "genres" : [ {
      "id" : 99,
      "name" : "Documentary"
    } ]
  }, {
    "id" : 156184,
    "title" : "Ronny & Ragge - The Live konsär",
    "overview" : "",
    "genres" : [ ]
  }, {
    "id" : 156189,
    "title" : "The World at War",
    "overview" : "The World at War (1973–74) is a 26-episode British television documentary series chronicling the events of the Second World War. It was produced by Jeremy Isaacs, was narrated by Laurence Olivier, and includes a score composed by Carl Davis.",
    "genres" : [ {
      "id" : 36,
      "name" : "History"
    }, {
      "id" : 99,
      "name" : "Documentary"
    }, {
      "id" : 10752,
      "name" : "War"
    } ]
  }, {
    "id" : 156204,
    "title" : "Arne Hegerfors presenterar: Självmål och andra fotbollstabbar",
    "overview" : "",
    "genres" : [ ]
  }, {
    "id" : 156209,
    "title" : "Cold Water of the Sea",
    "overview" : "On New Year's holidays, Mariana (21) and Rodrigo (30) drive to the coast where he has to sell a property. There, they find Karina (7), late at night and in the middle of nowhere. She tells then she ran away from home.",
    "genres" : [ {
      "id" : 18,
      "name" : "Drama"
    } ]
  }, {
    "id" : 156229,
    "title" : "Höst i paradiset",
    "overview" : "",
    "genres" : [ ]
  }, {
    "id" : 156259,
    "title" : "Stockholm 1930-1939",
    "overview" : "",
    "genres" : [ ]
  }, {
    "id" : 156264,
    "title" : "Long Honeymoon",
    "overview" : "",
    "genres" : [ {
      "id" : 18,
      "name" : "Drama"
    } ]
  }, {
    "id" : 156274,
    "title" : "Patrick Huard - Face à Face",
    "overview" : "",
    "genres" : [ {
      "id" : 35,
      "name" : "Comedy"
    } ]
  }, {
    "id" : 156279,
    "title" : "Dominator Festival",
    "overview" : "Live registration of the dutch Dominator hardcore festival (2005).",
    "genres" : [ ]
  }, {
    "id" : 156284,
    "title" : "Fire In The Blood",
    "overview" : "An intricate tale of \"medicine, monopoly and malice\", FIRE IN THE BLOOD tells the story of how Western pharmaceutical companies and governments blocked access to low-cost AIDS drugs for the countries of the global south in the years after 1996 - causing ten million or more unnecessary deaths - and the improbable group of people who decided to fight back. Shot on four continents and including contributions from global figures such as Bill Clinton, Desmond Tutu and Joseph Stiglitz, FIRE IN THE BLOOD is the never-before-told true story of the remarkable coalition which came together to stop 'the crime of the century' and save millions of lives in the process.",
    "genres" : [ {
      "id" : 99,
      "name" : "Documentary"
    } ]
  }, {
    "id" : 156289,
    "title" : "Onde Andará Dulce Veiga?",
    "overview" : "Dulce Veiga (Maite Proenca) is an actress and singer who was successful for a short period of time that mysteriously disappeared. Caio (Eriberto Leon), a writer and journalist. One day, while interviewing the young singer Marcia (Carolina Dickman) discovers that she is the daughter of Dulce Veiga, from whom he was a fan. Caio publishes a chronicle recounting his memories of Dulce Veiga, which generates a huge response. The singer is remembered by all who want to know their fate. Alongside the journalist becomes increasingly obsessed with the personality of the daughter of Dulce, which is a beautiful girl with man's mannerisms.",
    "genres" : [ ]
  }, {
    "id" : 156294,
    "title" : "South of the Border with Disney",
    "overview" : "Disney short.",
    "genres" : [ ]
  }, {
    "id" : 156299,
    "title" : "Christian Death: Live",
    "overview" : "The gothic faithful made a pilgrimage from across America to witness the recording of this one-time event - the reunion of the original Christian Death.  Christian Death has remained the prominent band of the Deathrock scene since it's conception in 1979.",
    "genres" : [ ]
  }, {
    "id" : 156304,
    "title" : "Ódio",
    "overview" : "",
    "genres" : [ {
      "id" : 53,
      "name" : "Thriller"
    }, {
      "id" : 80,
      "name" : "Crime"
    }, {
      "id" : 18,
      "name" : "Drama"
    } ]
  }, {
    "id" : 156314,
    "title" : "A.K.A. Serial Killer",
    "overview" : "AKA Serial Killer documents the social upheaval and political oppression that roiled Japan in the 1960s, profiling a nineteen-year-old serial killer Norio Nagayama. An indictment of media sensationalism, the film humanizes the young man by situating his crimes in the larger context of his environment.",
    "genres" : [ {
      "id" : 80,
      "name" : "Crime"
    }, {
      "id" : 99,
      "name" : "Documentary"
    } ]
  }, {
    "id" : 156319,
    "title" : "The Death of Dmitri Karamazov",
    "overview" : "Suspicion surrounds a lieutenant for killing his father; based on Dostoevsky's novel.",
    "genres" : [ ]
  }, {
    "id" : 156324,
    "title" : "The Cheat",
    "overview" : "Love, lust, possession, money, social standing, and addiction. Elsa Carlyle is impulsive and a gambler; though loved by her husband Jeff, she's spoiled and selfish, concerned with social standing. Meanwhile, Jeff wants to keep a lid on spending while he completes business deals that could make them rich. One night, on a hunch, she bets and loses big at a casino, then she doubles her problems with more impulsive decisions. Hardy Livingston, a wealthy Casanova just back from the Orient, makes a play for her. Elsa dallies with Hardy, but soon, his insistence and her dire financial affairs seem destined to lead to adultery. Who's the cheat?",
    "genres" : [ {
      "id" : 18,
      "name" : "Drama"
    } ]
  }, {
    "id" : 156329,
    "title" : "The Mad Genius",
    "overview" : "A crippled puppeteer rescues an abused young boy and turns the boy into a great ballet dancer. Complications ensue when, as a young man, the dancer falls in love with a young woman the puppeteer is also in love with.",
    "genres" : [ {
      "id" : 18,
      "name" : "Drama"
    }, {
      "id" : 27,
      "name" : "Horror"
    }, {
      "id" : 10749,
      "name" : "Romance"
    } ]
  }, {
    "id" : 156334,
    "title" : "Mother Earth",
    "overview" : "The Duke Marco visits to his country side estate after many years absence. His farmers wants him to stay and run the place while his lover wants him to sell it. All while a farmers daughter also enters his life.",
    "genres" : [ ]
  }, {
    "id" : 156339,
    "title" : "The Wet Parade",
    "overview" : "The evils of alcohol before and during prohibition become evident as we see its effects on the rich Chilcote family and the hard working Tarleton family.",
    "genres" : [ {
      "id" : 18,
      "name" : "Drama"
    }, {
      "id" : 36,
      "name" : "History"
    }, {
      "id" : 10749,
      "name" : "Romance"
    } ]
  }, {
    "id" : 156344,
    "title" : "The Drums of Jeopardy",
    "overview" : "A mad doctor is determined to take revenge on the family he believes is responsible for his daughter's death.",
    "genres" : [ {
      "id" : 27,
      "name" : "Horror"
    }, {
      "id" : 18,
      "name" : "Drama"
    } ]
  }, {
    "id" : 156354,
    "title" : "Ivan",
    "overview" : "After the critical lambasting of his masterpiece Earth, Dovzhenko returned with a more popular iteration of its main motifs. Much like Earth, Ivan concerns itself with the natural rhythms of country life, disrupted by the beat of looming industrialisation.",
    "genres" : [ {
      "id" : 18,
      "name" : "Drama"
    } ]
  }, {
    "id" : 156369,
    "title" : "The Sea Ghost",
    "overview" : "A crooked lawyer trying to cheat a young girl out of her inheritance tries to convince a sea captain to help him.  Re-released in 1939 as \"Phantom Submarine U-67.\"",
    "genres" : [ {
      "id" : 10752,
      "name" : "War"
    }, {
      "id" : 28,
      "name" : "Action"
    }, {
      "id" : 18,
      "name" : "Drama"
    } ]
  }, {
    "id" : 156374,
    "title" : "The Black Cat",
    "overview" : "A black cat sings and dances, animated using cut-outs.",
    "genres" : [ {
      "id" : 10402,
      "name" : "Music"
    }, {
      "id" : 16,
      "name" : "Animation"
    } ]
  }, {
    "id" : 156384,
    "title" : "The Lightning Warrior",
    "overview" : "A Rin-Tin-Tin serial presented in 12 episodes. The mysterious Wolf Man is terrorizing settlers in a western town. With the help of Rinty, young Jimmy Carter unmasks the Wolf Man and foils his evil plot.",
    "genres" : [ {
      "id" : 28,
      "name" : "Action"
    } ]
  }, {
    "id" : 156389,
    "title" : "Runt Page",
    "overview" : "A kids parody of the Academy nominated movie The Front Page (1931).",
    "genres" : [ ]
  }, {
    "id" : 156394,
    "title" : "Whistlin' Dan",
    "overview" : "A cowboy and sidekick infiltrate a rustler gang to avenge the murder of their pal.",
    "genres" : [ {
      "id" : 37,
      "name" : "Western"
    } ]
  }, {
    "id" : 156399,
    "title" : "Chinatown After Dark",
    "overview" : "The female head of a criminal gang in Chinatown is after a valuable jewel, and lets nothing stand in her way of finding it.",
    "genres" : [ {
      "id" : 18,
      "name" : "Drama"
    }, {
      "id" : 80,
      "name" : "Crime"
    } ]
  }, {
    "id" : 156404,
    "title" : "Ghost Parade",
    "overview" : "A series of strange, inexplicable, and increasingly frightening events takes place in Mosby Manor.",
    "genres" : [ ]
  }, {
    "id" : 156414,
    "title" : "Battling with Buffalo Bill",
    "overview" : "A western adventure serial in 12 episodes. Buffalo Bill battles gambler Jim Rodney who is trying to scare off the townspeople so he can gain possession of a gold strike discovered in the area. A nearby Indian tribe is provoked to attack the town and the cavalry is called in.",
    "genres" : [ {
      "id" : 37,
      "name" : "Western"
    }, {
      "id" : 28,
      "name" : "Action"
    } ]
  }, {
    "id" : 156424,
    "title" : "Daphnis and Chloe",
    "overview" : "In Lesvos, shepherd Lamonas someday finds an abandoned baby boy suckling a goat and adopts it, and names him Daphnis. Around the same time, another shepherd, Dryantas, finds too an abandoned baby girl and adopts it, naming her Chloe. Daphnis and Chloe grow together and, passing the threshold of puberty feel the buzz of first love. They do not know yet what is happening to them, until a beautiful woman who desires Daphnis, initiates him into the secrets of love. Daphnis in turn initiates Chloe, too. In the meantime, it is revealed that Daphnis is the son of Lord Dionysiofani, and Chloe daughter of a ruler of the island, Megacles.",
    "genres" : [ {
      "id" : 18,
      "name" : "Drama"
    }, {
      "id" : 10749,
      "name" : "Romance"
    } ]
  }, {
    "id" : 156429,
    "title" : "Oktoberfest",
    "overview" : "",
    "genres" : [ {
      "id" : 10749,
      "name" : "Romance"
    }, {
      "id" : 18,
      "name" : "Drama"
    } ]
  }, {
    "id" : 156434,
    "title" : "Law of the Sea",
    "overview" : "A sadistic, evil ship captain lusts after a beautiful young girl he spots in town. It turns out that she's the girlfriend of a young man whose father the captain had blinded and cast adrift on the ocean many years before.",
    "genres" : [ ]
  }, {
    "id" : 156439,
    "title" : "The Montana Kid",
    "overview" : "A cowboy whose friend has been swindled out of his ranch and then murdered must take care of the man's son, then he goes after the killers.",
    "genres" : [ ]
  }, {
    "id" : 156444,
    "title" : "Night Life in Reno",
    "overview" : "A story of love, humor and drama against the background of America's \"Biggest Little City.\" An (interrupted) indiscretion by John Wyatt with a floozy prompts his wife, June, to make a trip to Reno, Nevada in order to get a quickie six-week-waiting-period divorce. John, penitent over his past actions (since he got caught), follows his wife to Reno and manages a reconciliation after a murder gives him a chance to prove his true devotion.",
    "genres" : [ {
      "id" : 80,
      "name" : "Crime"
    }, {
      "id" : 18,
      "name" : "Drama"
    }, {
      "id" : 10749,
      "name" : "Romance"
    } ]
  }, {
    "id" : 156454,
    "title" : "Mickey's Nightmare",
    "overview" : "Mickey dreams of marrying Minnie and having about 20 children. For all the possible joys of children, a brood this size turns the dream into a nightmare, especially when they get into the open cans of paint strewn about the house.",
    "genres" : [ {
      "id" : 16,
      "name" : "Animation"
    } ]
  }, {
    "id" : 156459,
    "title" : "Crazy-Town",
    "overview" : "Betty Boop and Bimbo take a wild streetcar ride to Crazy Town, where birds swim, fish fly, and everthing else reverses normal behavior.",
    "genres" : [ {
      "id" : 35,
      "name" : "Comedy"
    }, {
      "id" : 16,
      "name" : "Animation"
    } ]
  }, {
    "id" : 156464,
    "title" : "Betty Boop's Bamboo Isle",
    "overview" : "On a South Sea isle, Bimbo meets Betty in the guise of a hula dancer.",
    "genres" : [ {
      "id" : 16,
      "name" : "Animation"
    }, {
      "id" : 35,
      "name" : "Comedy"
    } ]
  }, {
    "id" : 156469,
    "title" : "Chess-Nuts",
    "overview" : "An initially realistic chess game becomes a chaotic, animated quest for the favors of Betty Boop (the black queen) by Bimbo (white king) and others, with elements of bowling and football. Koko appears.",
    "genres" : [ {
      "id" : 16,
      "name" : "Animation"
    }, {
      "id" : 35,
      "name" : "Comedy"
    } ]
  }, {
    "id" : 156484,
    "title" : "Any Rags",
    "overview" : "The rag and bone man passes through Betty Boop's neighborhood.",
    "genres" : [ ]
  }, {
    "id" : 156499,
    "title" : "Betty Boop for President",
    "overview" : "Betty's campaign tries to appeal to everyone. Real candidates are parodied, but campaign promises are a bit bizarre.",
    "genres" : [ {
      "id" : 35,
      "name" : "Comedy"
    }, {
      "id" : 16,
      "name" : "Animation"
    } ]
  }, {
    "id" : 156509,
    "title" : "Betty Boop's Bizzy Bee",
    "overview" : "Everyone loves the wheat cakes served by short-order cook Betty, but they have a drawback. With Bimbo and Koko; no bee is involved.",
    "genres" : [ {
      "id" : 35,
      "name" : "Comedy"
    }, {
      "id" : 16,
      "name" : "Animation"
    } ]
  }, {
    "id" : 156519,
    "title" : "I Ain't Got Nobody",
    "overview" : "The Mills Brothers perform two songs with the Bouncing Ball.",
    "genres" : [ ]
  }, {
    "id" : 156529,
    "title" : "La cartomancienne",
    "overview" : "In a European seaside village, a maiden takes clean sheets down from the clothesline. Carrying her basket of linens home, she stops to consult a fortune teller, whose been napping the the sun. The cartomancienne sees love in the cards. The young woman pauses to reflect. We then see water, swirling, and into view swims a man, as if just appearing on earth. He arrives on shore - is he just in her mind's eye, or is he real? She weaves a garland of for her hair. Will they meet?",
    "genres" : [ {
      "id" : 10749,
      "name" : "Romance"
    }, {
      "id" : 18,
      "name" : "Drama"
    } ]
  }, {
    "id" : 156534,
    "title" : "Noah's Outing",
    "overview" : "This short is largely a re-telling of the Noah's Ark story, with modifications, in the style of Terrytoons. Farmer Al Falfa is basically Noah here.",
    "genres" : [ {
      "id" : 35,
      "name" : "Comedy"
    }, {
      "id" : 16,
      "name" : "Animation"
    } ]
  }, {
    "id" : 156544,
    "title" : "La Fabuleuse Histoire des Jeux Vidéos",
    "overview" : "",
    "genres" : [ ]
  }, {
    "id" : 156549,
    "title" : "Mascara",
    "overview" : "Coming soon",
    "genres" : [ ]
  }, {
    "id" : 156584,
    "title" : "The Tuttles of Tahiti",
    "overview" : "After a long absense from the island, Chester Tuttle returns to Tahiti to find that little has changed. His large family, particularly his scheming Uncle Jonas, would rather dance and romance than earn a living. When Jonas loses the family plantation in a cockfight, Chester saves the day by towing in a large ship abandoned at sea and claiming the salvage. But opening a joint bank account in the name of the Tuttle clan may not have been a wise decision.",
    "genres" : [ {
      "id" : 35,
      "name" : "Comedy"
    } ]
  }, {
    "id" : 156589,
    "title" : "6 Day Bike Rider",
    "overview" : "To get his girl back, that has fallen for a biker, a worker and one of his friends enter a six day race.",
    "genres" : [ {
      "id" : 35,
      "name" : "Comedy"
    } ]
  }, {
    "id" : 156614,
    "title" : "Der Spiegel des großen Magus",
    "overview" : "",
    "genres" : [ {
      "id" : 14,
      "name" : "Fantasy"
    }, {
      "id" : 10751,
      "name" : "Family"
    } ]
  }, {
    "id" : 156639,
    "title" : "Beautiful Bounty",
    "overview" : "When dangerous mob defector Franco goes on the run and eludes the D.A.'s office, they turn to their secret weapon - a gorgeous and lethal bounty huntress who goes only by the name of J.C. With a flawless record and a deadly determination, J.C. hunts down Franco in record time. But what she doesn't expect is that Franco is holding evidence that proves his innocence and incriminates the very people who hired J.C. to kill him. Now, she must race to find the truth, and protect the man she was hired to catch.",
    "genres" : [ ]
  }, {
    "id" : 156649,
    "title" : "Crime and Passion",
    "overview" : "Financier persuades his mistress to marry a rich industrialist for his money, then discovers that he and the new wife are to be murdered by her new husband.",
    "genres" : [ {
      "id" : 80,
      "name" : "Crime"
    }, {
      "id" : 18,
      "name" : "Drama"
    }, {
      "id" : 53,
      "name" : "Thriller"
    } ]
  }, {
    "id" : 156654,
    "title" : "10 Condemned",
    "overview" : "",
    "genres" : [ ]
  }, {
    "id" : 156659,
    "title" : "Lolita 2000",
    "overview" : "Sex is banned but lolita becomes a sexual rebel and broadcasts erotic adventures throughout the universe while satisfying her own forbidden fantasies.",
    "genres" : [ {
      "id" : 878,
      "name" : "Science Fiction"
    } ]
  }, {
    "id" : 156674,
    "title" : "Dziewczyna z dobrego domu",
    "overview" : "",
    "genres" : [ ]
  }, {
    "id" : 156684,
    "title" : "A Man Needs a Plan",
    "overview" : "Marcel and Jim, two friends, appear to be plagued by a midlife crisis which is ruining both their artistic and emotional lives.",
    "genres" : [ ]
  }, {
    "id" : 156704,
    "title" : "Blood Pigs",
    "overview" : "Ninety nine percent of the worlds has been destroyed by a bio-chemical war. Technology is obsolete and the soil has been polluted leaving people with barely any food. The survivors try to continue on by hunting and consuming the living dead which has dire results as the dead flesh begins to mutate with the bio-chemical still in the atmosphere. People's digestive systems begin to evolve and force their way out of victims mouths to search for food on their own. Mutations spiral out of control into a grotesque finale.",
    "genres" : [ {
      "id" : 27,
      "name" : "Horror"
    } ]
  }, {
    "id" : 156709,
    "title" : "C Eriksson MAX",
    "overview" : "",
    "genres" : [ ]
  }, {
    "id" : 156894,
    "title" : "32 Hours 7 Minutes",
    "overview" : "A documentary film on the legacy of the U.S. Express - once known as the Cannonball Run - and the controversy shrouding the incredible secret behind the record time set on the last such illegal race nearly a quarter century ago.",
    "genres" : [ {
      "id" : 99,
      "name" : "Documentary"
    } ]
  }, {
    "id" : 156904,
    "title" : "Always In My Dreams",
    "overview" : "This engaging Afrikaans comedy/romance is about the power of love and music to transport and inspire, and to make dreams come true – sometimes. Fanie (Frederik Burgers), a struggling producer/composer, needs to write a winning song to keep his agent happy and his company in work, but, alas, he’s lacking inspiration. Until, that is, his musical partner Ben (Al Debbo) starts dreaming – and singing in  his sleep – about a beautiful girl, all in operetta style. Seizing this Cupid-sent gift, Fanie secretly tapes Ben’s songs. The delighted agent pushes for more songs to produce a full-scale musical, which means Fanie has to keep Ben dreaming, and stay awake to tape the songs. All goes well until Ben suddenly stops dreaming. Fanie’s attempts to restart the flow of inspiration fail until Cupid’s arrow comes to the rescue again – only this time, it is Fanie who falls in love.",
    "genres" : [ {
      "id" : 35,
      "name" : "Comedy"
    } ]
  }, {
    "id" : 156914,
    "title" : "Egzekutor",
    "overview" : "",
    "genres" : [ {
      "id" : 18,
      "name" : "Drama"
    } ]
  }, {
    "id" : 156934,
    "title" : "I Want You!",
    "overview" : "\"I Want You\" is the story of a sexually frustrated housewife whose imagination begins to get the better of her; everytime she sees a young couple, she imagines them having sex - and fondles her love box. Her fantasies continue in practically every circumstance until she seeks help from a psychiatrist who, through his own method of \"physical therapy,\" slakes her sexual thirst.",
    "genres" : [ ]
  }, {
    "id" : 156954,
    "title" : "Die Reise",
    "overview" : "",
    "genres" : [ {
      "id" : 18,
      "name" : "Drama"
    } ]
  }, {
    "id" : 156969,
    "title" : "TxT",
    "overview" : "A provocative thriller that will surely raise the fear in you. Proving that no one, not even DEATH can separate us from the living. A story that conquers the old adage \"till death do us part\", Roman (Oyo Boy Sotto) dies in a car accident. In a restless and unforgiving state he continues to prove his affection for girlfriend Joyce (Angel Locsin) . He then decides to embark in an intrepid and malevolent journey in order to keep Joyce. Joyce then began receiving hair raising text messages and even gets \"death photos\" of people close to her, including that of her current beau Alex (Dennis Trillo). She ignores these at first, but when the deaths happen under the exact circumstances at which they were predicted, she realizes she must fight the evil behind all these to protect her loved ones from this supernatural force.",
    "genres" : [ {
      "id" : 53,
      "name" : "Thriller"
    }, {
      "id" : 18,
      "name" : "Drama"
    }, {
      "id" : 27,
      "name" : "Horror"
    }, {
      "id" : 9648,
      "name" : "Mystery"
    } ]
  }, {
    "id" : 156974,
    "title" : "Filip z konopi",
    "overview" : "",
    "genres" : [ ]
  }, {
    "id" : 156984,
    "title" : "One More Try",
    "overview" : "A woman and her ex consider pregnancy to create a donor for their sick child.",
    "genres" : [ {
      "id" : 18,
      "name" : "Drama"
    } ]
  }, {
    "id" : 156994,
    "title" : "She-Man: A Story of Fixation",
    "overview" : "A soldier is forced to take estrogen and wear lingerie when he's blackmailed by a violent transvestite.",
    "genres" : [ {
      "id" : 35,
      "name" : "Comedy"
    }, {
      "id" : 18,
      "name" : "Drama"
    } ]
  }, {
    "id" : 156999,
    "title" : "The Jack London Story",
    "overview" : "The Jack London Story",
    "genres" : [ ]
  }, {
    "id" : 157004,
    "title" : "The Wedding Curse",
    "overview" : "Sandy and Phil, both Overseas Workers in Dubai, are busy preparing for their wedding. Upon reaching her home, Sandy learns from her mother, Daisy, what happened to her friend, Helen. A short time after Helen's father died, Helen proceeded with her wedding. A few weeks after the wedding, Helen's husband dies in a plane crash. As Helen goes to the crash site, she dies in a bus accident. A few weeks later, Helen's mother suddenly disappears inside her house. Their bodies have never been recovered. Sandy proceeds with her own wedding. During the ceremony, she suffers from nosebleed and starts seeing glimpses of a ghostly flower girl.",
    "genres" : [ {
      "id" : 53,
      "name" : "Thriller"
    }, {
      "id" : 18,
      "name" : "Drama"
    }, {
      "id" : 27,
      "name" : "Horror"
    } ]
  }, {
    "id" : 157019,
    "title" : "O Aborto dos Outros",
    "overview" : "",
    "genres" : [ ]
  }, {
    "id" : 157044,
    "title" : "Jazz Icons: Wes Montgomery: Live in '65",
    "overview" : "Wes Montgomery shines a light on one of the most unique and influential guitarists in music history. These beautifully filmed programs from the spring of 1965 feature Wes, in intimate studio settings, leading three different lineups through some of his best-known tunes, including \"Four On Six\", \"Jingles\" and \"West Coast Blues\". This rare footage, complete with rehearsals, between-song banter and closeup camera angles, illuminates We's extraordinary musical vocabulary and unconventional picking technique. An in-depth, song-by-song analysis by legendary jazz guitarist Pat Metheny makes this DVD a guitar lover's dream.",
    "genres" : [ ]
  }, {
    "id" : 157064,
    "title" : "Queensbury Rules",
    "overview" : "A young amateur boxer struggles to keep focus before an upcoming bout. Through a small number of flashbacks we begin to see what has led him to be so distracted.",
    "genres" : [ ]
  }, {
    "id" : 157069,
    "title" : "It Was One of Us",
    "overview" : "Five former college roommates gather years later for an emotional reunion. Although their lives have taken different paths, they still feel a strong bond and each reveals a dark, personal secret.",
    "genres" : [ ]
  } ]
}