{
  "movies" : [ {
    "id" : 356999,
    "title" : "Apache Chief",
    "overview" : "Alan Curtis plays the title character, a pacifistic Native American named Young Eagle. When his tribesmen begin killing off white settlers, Young Eagle is opposed to the carnage. In order to assure a lasting peace, however, the chief must deal with renegade Apache Black Wolf (Russell Hayden).  Apache Chief was the second film to be lensed with the Garutso Balanced Lens, which gave the illusion of a three-dimensional effect (the first was Deputy Marshal).",
    "genres" : [ {
      "id" : 37,
      "name" : "Western"
    } ]
  }, {
    "id" : 357004,
    "title" : "El amor es una mujer gorda",
    "overview" : "José is a young journalist who gets fired over refusing to write an article about an American film crew, overdramatizing the situation in Argentina. When he goes looking for his old girlfriend, he runs into the crew again.",
    "genres" : [ ]
  }, {
    "id" : 357014,
    "title" : "Marie Brand und das Erbe der Olga Lenau",
    "overview" : "",
    "genres" : [ {
      "id" : 80,
      "name" : "Crime"
    } ]
  }, {
    "id" : 357019,
    "title" : "Ellenbogenspiele",
    "overview" : "",
    "genres" : [ {
      "id" : 35,
      "name" : "Comedy"
    } ]
  }, {
    "id" : 357024,
    "title" : "Le corps de Diane",
    "overview" : "Diane (Jean Moreau) is married to an architect (Charles Denner) in this situation comedy. The two met in Czechoslovakia before marrying and moving to France. He becomes extremely jealous when he suspects her of having a Lesbian affair with a ballet dancer. His incessant questions and insane jealousy make Diane resentful to the point she considers pushing him off a cliff.",
    "genres" : [ {
      "id" : 18,
      "name" : "Drama"
    } ]
  }, {
    "id" : 357029,
    "title" : "Gardener Watering Plants",
    "overview" : "Directed by Robert W. Paul.",
    "genres" : [ ]
  }, {
    "id" : 357034,
    "title" : "Training Cavalry Horses: The Recruit's First Ride",
    "overview" : "Directed by Robert W. Paul.",
    "genres" : [ ]
  }, {
    "id" : 357039,
    "title" : "The Training of Infantry",
    "overview" : "Directed by Robert W. Paul.",
    "genres" : [ ]
  }, {
    "id" : 357044,
    "title" : "Firing at the Ranges",
    "overview" : "Directed by Robert W. Paul.",
    "genres" : [ ]
  }, {
    "id" : 357049,
    "title" : "Bird Hearts",
    "overview" : "Benjamin's insecurities bubble to the surface when his girlfriend Maya recounts a past sexual escapade in Brazil — and a quarter-life crisis ensues. Bird Hearts cleverly dissects Nordic liberalism and the fragility of the male ego.",
    "genres" : [ ]
  }, {
    "id" : 357054,
    "title" : "The Suffering",
    "overview" : "A man fights for his sanity when he finds himself trapped on a rural farm inhabited by sinister beings overseen by a mysterious caretaker.",
    "genres" : [ {
      "id" : 27,
      "name" : "Horror"
    }, {
      "id" : 9648,
      "name" : "Mystery"
    }, {
      "id" : 53,
      "name" : "Thriller"
    } ]
  }, {
    "id" : 357059,
    "title" : "The Butterfly",
    "overview" : "Directed by Robert W. Paul.",
    "genres" : [ ]
  }, {
    "id" : 357064,
    "title" : "Trail of Terror",
    "overview" : "Trail of Terror is a PRC Studios western starring Dave O'Brien (here billed as Dave \"Tex\" O'Brien) and Jim Newell. Texas ranger O'Brien has an outlaw twin brother. When his sibling is killed, O'Brien assumes his identity in order to infiltrate a gang of stagecoach robbers.",
    "genres" : [ {
      "id" : 37,
      "name" : "Western"
    } ]
  }, {
    "id" : 357069,
    "title" : "What'll You Have?",
    "overview" : "Directed by James Allen.",
    "genres" : [ ]
  }, {
    "id" : 357074,
    "title" : "A Working Men's Club in Sheffield",
    "overview" : "A documentary of the town of Sheffield's main pub and the people who went there.",
    "genres" : [ {
      "id" : 99,
      "name" : "Documentary"
    } ]
  }, {
    "id" : 357079,
    "title" : "Mining Review 16th Year No.5",
    "overview" : "Part of BFI collection \"Roll Out the Barrel\".",
    "genres" : [ ]
  }, {
    "id" : 357084,
    "title" : "The Inn That Crossed the Sea",
    "overview" : "Directed by Norman Cobb.",
    "genres" : [ ]
  }, {
    "id" : 357089,
    "title" : "Long Past Glory",
    "overview" : "Two aging, shabby men inhabit a decaying sewer pumping station. They live by stealing things, including beds, a piano and a gramophone.They're joined by a younger man who disrupts their dreary small talk with angry, upsetting arguments.",
    "genres" : [ ]
  }, {
    "id" : 357094,
    "title" : "Morlock",
    "overview" : "",
    "genres" : [ {
      "id" : 53,
      "name" : "Thriller"
    } ]
  }, {
    "id" : 357099,
    "title" : "Sreekrishnapurathe Nakshathrathilakkam",
    "overview" : "The plot revolves around the life in a typical, Malayali household- consisting of four brothers. The first three brothers are married to- Kausalya, Indumati, Anandam, 3 naiive, and shallow wives who adore their husbands dearly and whom the husbands equally love. The family is headed by their father, Munshi Parameshwaran Pillai, a veteran Gandhian teacher respected by everyone in their village. the household is a happy, peaceful and satisfied one until the arrival of their new neighbor- an irresistibly charming and beautiful South Indian heroine- Yamuna Rani. This turns the household upside down and sends the ladies into a frenzy.",
    "genres" : [ {
      "id" : 35,
      "name" : "Comedy"
    } ]
  }, {
    "id" : 357104,
    "title" : "Texas Jack",
    "overview" : "Jack is looking for the man that was responsible for the death of his sister after he hired her as a school teacher. When he runs into school teacher Ann who was just hired by Corey, he soon realizes Corey is the man he is after. Lacking proof, he works on Corey's nerves hoping to get a confession from him.",
    "genres" : [ {
      "id" : 37,
      "name" : "Western"
    } ]
  }, {
    "id" : 357109,
    "title" : "Kaikudunna Nilavu",
    "overview" : "Mahi and his family shelters Veni after her grandfather's death. He also tries to find Veni's boyfriend who is missing.",
    "genres" : [ {
      "id" : 18,
      "name" : "Drama"
    } ]
  }, {
    "id" : 357114,
    "title" : "Missing 411",
    "overview" : "Based on the book series by David Paulides, an investigation into the many disappearances that have occurred in National Parks and Forests of the United States and elsewhere over several decades.",
    "genres" : [ {
      "id" : 99,
      "name" : "Documentary"
    } ]
  }, {
    "id" : 357119,
    "title" : "Peeping in a Girl's Dormitory",
    "overview" : "Tina Krause, who’s a teacher or something, leads Misty Mundae and Ruby LaRocca into their new flat, which looks like a house outside and like a basement inside. She gives them very strict rules : no smoking of any kind, no homosexual activity, well, everything that any good teacher would ask of her students in real life. Of course, as soon as she leaves, Misty and Ruby smoke a joint then proceed to make out on the bed. But, you see, Tina just pretended she left. So, after watching them for a while, she bursts on the scene and, in order to teach them the errors of their ways, forces them to disrobe then to take a bath and make out some more while she watches again.",
    "genres" : [ ]
  }, {
    "id" : 357124,
    "title" : "Alex & Yvan - Ao vivo Vol.1",
    "overview" : "",
    "genres" : [ {
      "id" : 10402,
      "name" : "Music"
    } ]
  }, {
    "id" : 357129,
    "title" : "Archiculture",
    "overview" : "Archiculture takes a thoughtful, yet critical look at the architectural studio. The 25-minute film offers a unique glimpse into the world of studio-based, design education through the eyes of a group of students finishing their final design projects. Interviews with leading professionals, historians and educators help create crucial dialog around the key issues faced by this unique teaching methodology and the built environment these future architects will create.",
    "genres" : [ {
      "id" : 99,
      "name" : "Documentary"
    } ]
  }, {
    "id" : 357134,
    "title" : "Sirius no Michi",
    "overview" : "",
    "genres" : [ ]
  }, {
    "id" : 357144,
    "title" : "Nine Grounds",
    "overview" : "Charlie goes on an all expense paid Cambodian trip with the his rich friend, her mother and soccer team. Before they are able to compete in a game, they are all kidnapped. After attempts to get help from others, his temperamental father, Chuck decides to take the matter on himself.",
    "genres" : [ {
      "id" : 80,
      "name" : "Crime"
    }, {
      "id" : 28,
      "name" : "Action"
    } ]
  }, {
    "id" : 357149,
    "title" : "Kankettu",
    "overview" : "Babu (Sreenivasan) is a small time magician known by his stage name Prof. Rangoonwalla. He makes ends meet by doing odd shows. He reluctantly lets Raju (Jayaram), a pickpocket, to join him as his assistant. While performing a trick called The Vanishing Beauty with the help of his neighbour Sridevi (Geetha Vijayan), a woman (Sobhana) unknowingly stumbles in on stage. The show is spoilt and they end up running away to avoid brickbats. They confront the woman and gets pulled into her mysteries.",
    "genres" : [ {
      "id" : 18,
      "name" : "Drama"
    } ]
  }, {
    "id" : 357154,
    "title" : "11/65: Helga Philipp Painting",
    "overview" : "11/65 Bild Helga Philipp is an optical abstraction of an optical abstraction: Kren has simply intercut filmed movements and sections from an Op painting by Helga Philipp - the result is motion opticals.",
    "genres" : [ ]
  }, {
    "id" : 357159,
    "title" : "Hikinzoku No Yoru",
    "overview" : "A Japanese action drama directed by Kei Nakata.",
    "genres" : [ {
      "id" : 28,
      "name" : "Action"
    }, {
      "id" : 18,
      "name" : "Drama"
    } ]
  }, {
    "id" : 357164,
    "title" : "Echo-Echo",
    "overview" : "2004 short by Dietmar Brehm",
    "genres" : [ ]
  }, {
    "id" : 357169,
    "title" : "May Sayad",
    "overview" : "A Filipino action movie directed by Ronnie Ricketts.",
    "genres" : [ {
      "id" : 28,
      "name" : "Action"
    }, {
      "id" : 18,
      "name" : "Drama"
    } ]
  }, {
    "id" : 357174,
    "title" : "Macho Madness",
    "overview" : "09/23/87 Randy Savage vs. Honkytonk Man\r 12/26/87 Randy Savage vs. Honkytonk man\r 03/07/88 Randy Savage vs. Ted DiBiase\r 03/27/88 Randy Savage vs. Butch Reed\r 03/27/88 Randy Savage vs. Greg Valentine\r 03/27/88 Randy Savage vs. One Man Gang\r 03/27/88 Randy Savage vs. Ted DiBiase (Savage wins WWF World Title)\r 04/22/88 Randy Savage vs. One Man Gang\r 05/27/88 Randy Savage vs. Ted DiBiase\r 05/10/88 Randy Savage vs. Virgil\r 06/25/88 Randy Savage vs. Ted DiBiase (steel cage match)\r 07/30/88 Randy Savage vs. Ted DiBiase\r 07/12/88 Randy Savage &amp; Hulk Hogan interview\r 08/29/88 Randy Savage &amp; Hulk Hogan vs. Ted DiBiase &amp; Andre the Giant (referee Jesse Ventura)",
    "genres" : [ ]
  }, {
    "id" : 357179,
    "title" : "Prinsessia - De Prinselijke Kikker",
    "overview" : "",
    "genres" : [ ]
  }, {
    "id" : 357184,
    "title" : "El otro fútbol",
    "overview" : "",
    "genres" : [ {
      "id" : 99,
      "name" : "Documentary"
    } ]
  }, {
    "id" : 357189,
    "title" : "Love You You",
    "overview" : "A paralegal (Angelababy) is sent on a undercover mission to inspect You Lele (Eddie Peng), the young owner of a stunning beach resort suspected of illegal business practices. Though the two hit if off on a very wrong note, they grow fond of each other's company despite their clashing personalities.",
    "genres" : [ ]
  }, {
    "id" : 357194,
    "title" : "Something left, Something Taken",
    "overview" : "Everyone who enters a crime scene leaves something behind and takes something away. \"Something Left, Something Taken\" is an animated dark comedy about a vacationing couple's encounter with a man they believe to be the Zodiac Killer.",
    "genres" : [ {
      "id" : 16,
      "name" : "Animation"
    }, {
      "id" : 35,
      "name" : "Comedy"
    } ]
  }, {
    "id" : 357199,
    "title" : "A Sudden Love",
    "overview" : "A young woman leaves the pressures of city life for a relaxing vacation on a remote island in the Philippines. Her vacation soon turns into a wonderful romantic escapade that will never be forgotten",
    "genres" : [ ]
  }, {
    "id" : 357204,
    "title" : "The Summer of Stickleback",
    "overview" : "Set in Kyoto, 1990 Mizuho Oshima is a high school girl who hates her alcholic mom, adores her father, and has a crush on school swim team member Sho Sugimoto. Her father lives with another women, but Mizuho hopes to reunite her family. Her mother then takes up with an Amerian soldier named Charlie and they become an item. This crushes Mizuho's hopes of reuniting her family. Mizuho then seduces her mother's lover ...",
    "genres" : [ ]
  }, {
    "id" : 357209,
    "title" : "Steppin' in Society",
    "overview" : "In this crime comedy, a prominent judge's vacation is interrupted during a sudden storm that forces him to seek refuge in a shady nightclub where he is mistaken by the mobsters for a highly esteemed racketeer.",
    "genres" : [ {
      "id" : 35,
      "name" : "Comedy"
    }, {
      "id" : 80,
      "name" : "Crime"
    } ]
  }, {
    "id" : 357214,
    "title" : "Ausgekokst",
    "overview" : "",
    "genres" : [ {
      "id" : 99,
      "name" : "Documentary"
    } ]
  }, {
    "id" : 357219,
    "title" : "The Track",
    "overview" : "Short animated film.",
    "genres" : [ {
      "id" : 16,
      "name" : "Animation"
    } ]
  }, {
    "id" : 357229,
    "title" : "Dem Verbrechen auf der Spur - 200 Jahre Kriminalgeschichte",
    "overview" : "",
    "genres" : [ {
      "id" : 99,
      "name" : "Documentary"
    } ]
  }, {
    "id" : 357234,
    "title" : "Die grüne Zukunft Chinas",
    "overview" : "",
    "genres" : [ {
      "id" : 99,
      "name" : "Documentary"
    } ]
  }, {
    "id" : 357239,
    "title" : "Donau - Lebensader Europas",
    "overview" : "",
    "genres" : [ {
      "id" : 99,
      "name" : "Documentary"
    } ]
  }, {
    "id" : 357244,
    "title" : "Live on TV - Luke Bryan",
    "overview" : "Luke Bryan Live on TV",
    "genres" : [ ]
  }, {
    "id" : 357249,
    "title" : "Le soulier qui vole",
    "overview" : "",
    "genres" : [ {
      "id" : 10402,
      "name" : "Music"
    } ]
  }, {
    "id" : 357254,
    "title" : "Russlands Ströme - Russlands Schicksal",
    "overview" : "",
    "genres" : [ {
      "id" : 99,
      "name" : "Documentary"
    } ]
  }, {
    "id" : 357259,
    "title" : "Auf dem Weg",
    "overview" : "Voted for in the 2012 Sight &amp; Sound poll",
    "genres" : [ ]
  }, {
    "id" : 357264,
    "title" : "Expédition Mapaoni - L'inaccessible frontière",
    "overview" : "",
    "genres" : [ {
      "id" : 99,
      "name" : "Documentary"
    } ]
  }, {
    "id" : 357269,
    "title" : "Shakedown on the Sunset Strip",
    "overview" : "Ambitious police sergeant, Charles Stoker, takes on prostitution in 1948 Los Angeles to make a name for himself. Madam, Brenda Allen, however has the 'whole city' on her payroll and his crusade proves difficult.",
    "genres" : [ {
      "id" : 10770,
      "name" : "TV Movie"
    }, {
      "id" : 18,
      "name" : "Drama"
    } ]
  }, {
    "id" : 357274,
    "title" : "Rabbit Ears - The Emperor and the Nightingale",
    "overview" : "When the Emperor of China finds out about the beautiful music of the nightingale, he wishes to have the nightingale by his side. That is, until a new rival, a mechanical bird, shows up and outstages the nightingale. But, when the Emperor faces death, he will soon realize that the nightingale is the one who truly cares for him in his time of need.",
    "genres" : [ ]
  }, {
    "id" : 357279,
    "title" : "Manthramothiram",
    "overview" : "Manthra Mothiram is a 1997 Indian Malayalam film, directed by Sasi Shanker. The film stars Dileep, Nedumudi Venu, Kalabhavan Mani and Hakim Rawther in lead roles. The film had musical score by Johnson.",
    "genres" : [ {
      "id" : 18,
      "name" : "Drama"
    } ]
  }, {
    "id" : 357284,
    "title" : "Rabbit Ears - The Fisherman and His Wife",
    "overview" : "When a poor Fisherman discovers a magic flounder in the sea, he goes home to tell his wife. But, as his wife's greed for the better life comes to the point where she wants to take over the world, the fisherman soon realizes that his wife's greed will get the best of them yet.",
    "genres" : [ ]
  }, {
    "id" : 357289,
    "title" : "Rabbit Ears - The Emperor's New Clothes",
    "overview" : "Like everyone else in the kingdom, two clever swindlers understand the king's passion for new clothes. Claiming to be creators of the richest and most beautiful cloth in the world, they cleverly announce that the \"magical\" garments they are weaving for the Emperor are invisible to anyone lacking intelligence. Who will have the courage to speak the truth?",
    "genres" : [ ]
  }, {
    "id" : 357294,
    "title" : "Margaret Bourke-White",
    "overview" : "Double Exposure: The Story of Margaret Bourke-White is a 1989 made-for-television film biography about the life of photographer Margaret Bourke-White.",
    "genres" : [ {
      "id" : 18,
      "name" : "Drama"
    }, {
      "id" : 10770,
      "name" : "TV Movie"
    } ]
  }, {
    "id" : 357299,
    "title" : "Cabaret",
    "overview" : "",
    "genres" : [ ]
  }, {
    "id" : 357304,
    "title" : "Rabbit Ears - The Tiger and the Brahmin",
    "overview" : "When a Brahmin accidentally releases a tiger, the tiger is bent on eating the Brahmin. However, a clever jackal is the one who helps the Brahmin in his time of need.",
    "genres" : [ ]
  }, {
    "id" : 357309,
    "title" : "Rabbit Ears - Puss in Boots",
    "overview" : "Claude a youngest son of Miller feels short-changed leaves him nothing more than an a tomcat. However, when Claude decides to do away with his feline inheritance, the cat devised a plan to transform his dim-witted owner into a prince.",
    "genres" : [ ]
  }, {
    "id" : 357314,
    "title" : "Sarah",
    "overview" : "French drama",
    "genres" : [ {
      "id" : 18,
      "name" : "Drama"
    } ]
  }, {
    "id" : 357319,
    "title" : "Rabbit Ears - Stormalong",
    "overview" : "Read by John Candy",
    "genres" : [ ]
  }, {
    "id" : 357324,
    "title" : "Glory & Honor",
    "overview" : "The true story about Robert Peary's forgotten African American employee Mathew Henson who proved crucial in their race to North Pole.",
    "genres" : [ {
      "id" : 18,
      "name" : "Drama"
    }, {
      "id" : 10770,
      "name" : "TV Movie"
    } ]
  }, {
    "id" : 357329,
    "title" : "Review 32nd Year No 1",
    "overview" : "art of BFI's \"National Coal Board Collection\".",
    "genres" : [ ]
  }, {
    "id" : 357334,
    "title" : "Man Failure",
    "overview" : "Directed by Michael Shoring.",
    "genres" : [ ]
  }, {
    "id" : 357339,
    "title" : "Hands, Knees and Bumps a Daisy",
    "overview" : "Part of BFI's \"National Coal Board Collection\".",
    "genres" : [ ]
  }, {
    "id" : 357344,
    "title" : "Portrait of a Miner",
    "overview" : "Part of BFI's \"National Coal Board Collection\".",
    "genres" : [ ]
  }, {
    "id" : 357349,
    "title" : "Lies Before Kisses",
    "overview" : "A wealthy publisher is accused of murdering a prostitute he had once spent the night with. The accusations appear false until his own son testifies against him. Desperate to discredit her stepson, the publisher's wife tries to clear her husband's name, but is drawn deep into a tangled web.",
    "genres" : [ {
      "id" : 53,
      "name" : "Thriller"
    }, {
      "id" : 10770,
      "name" : "TV Movie"
    }, {
      "id" : 18,
      "name" : "Drama"
    } ]
  }, {
    "id" : 357354,
    "title" : "New Power in Their Hands",
    "overview" : "Part of BFI's \"National Coal Board Collection\".",
    "genres" : [ ]
  }, {
    "id" : 357359,
    "title" : "Plan for Coal",
    "overview" : "Part of BFI's \"National Coal Board Collection\".",
    "genres" : [ ]
  }, {
    "id" : 357364,
    "title" : "King Coal",
    "overview" : "Part of BFI's \"National Coal Board Collection\".",
    "genres" : [ ]
  }, {
    "id" : 357369,
    "title" : "From the Ground Up",
    "overview" : "Part of BFI collection \"Land of Promise\".",
    "genres" : [ ]
  }, {
    "id" : 357379,
    "title" : "Favorite Stories - Three Sesame Street Stories",
    "overview" : "(1985, re-issued in 1990 and in 1994 as \"The Best Stories: Special Edition 2\")  \"Everyone Makes Mistakes\"  \"The City Worm and the Country Worm\"  \"Wanted: The Great Cookie Thief\"",
    "genres" : [ ]
  }, {
    "id" : 357389,
    "title" : "Hurşit",
    "overview" : "Hursit lives with his mother and disabled brother in Cappadocia. He sees that what he has learned at the religious school is quite different from what is going on around him in real life.",
    "genres" : [ ]
  }, {
    "id" : 357394,
    "title" : "Monty Python - Almost the truth - Part 2: The Much Funnier Second Episode",
    "overview" : "Catch up with The Pythons as they remember Monty Python's Flying Circus' early struggles turned extreme successes with sketches influencing generations to come.",
    "genres" : [ {
      "id" : 99,
      "name" : "Documentary"
    } ]
  }, {
    "id" : 357399,
    "title" : "I'll Take Manhattan",
    "overview" : "Maxi Amberville tries to save the magazine empire her father built, but her treacherous uncle stands in her way.",
    "genres" : [ {
      "id" : 10770,
      "name" : "TV Movie"
    }, {
      "id" : 18,
      "name" : "Drama"
    } ]
  }, {
    "id" : 357404,
    "title" : "Liebe in der Warteschleife",
    "overview" : "",
    "genres" : [ {
      "id" : 35,
      "name" : "Comedy"
    } ]
  }, {
    "id" : 357409,
    "title" : "See Jane Run",
    "overview" : "Jane is a woman who does not remember her husband nor her daughter who has died some years ago because of a severe amnesia. As she suffers this loss of memory she has some paranormal sensations feeling that something strange and terrible will happen...",
    "genres" : [ {
      "id" : 53,
      "name" : "Thriller"
    }, {
      "id" : 10770,
      "name" : "TV Movie"
    }, {
      "id" : 18,
      "name" : "Drama"
    } ]
  }, {
    "id" : 357414,
    "title" : "Worlds Apart",
    "overview" : "Part science fiction, part thriller and part cautionary fairytale, Worlds Apart encompasses the universal themes of innocence, friendship and the possible fate of humanity. Set in the not so distant future, Earth is visited by extra terrestrials on a peaceful mission to find sentient life. Landing near a central California farm home, they discover a desolate, polluted world where little life remains. As they search the abandoned farm home, they find a lone teddy bear that emits signs of life. With the aid of their futuristic technology, they extract the memories of the teddy bear and thus unravel the mystery of humanity's demise. Worlds Apart asks the questions, Is there hope for what remains of humanity?",
    "genres" : [ {
      "id" : 878,
      "name" : "Science Fiction"
    } ]
  }, {
    "id" : 357419,
    "title" : "Dark Noir",
    "overview" : "My name is Vincent Black. I’m a cursed man, I see things other people can’t…Damned from the day is was born, found on the streets with the rats. But I’ve always been one step ahead. I can see the world of ideas and the daemon creatures that live in it.",
    "genres" : [ {
      "id" : 16,
      "name" : "Animation"
    }, {
      "id" : 53,
      "name" : "Thriller"
    } ]
  }, {
    "id" : 357424,
    "title" : "Almost Adults",
    "overview" : "Almost Adults follows two best friends in their final year of college while they transition into adulthood. One embraces her sexuality and tries to catch up on everything she has missed during her teenage years, while the other ends a long term relationship with her boyfriend and discovers her life isn’t going as planned. Both struggle to keep their friendship together as they begin growing apart.",
    "genres" : [ {
      "id" : 35,
      "name" : "Comedy"
    }, {
      "id" : 18,
      "name" : "Drama"
    }, {
      "id" : 10749,
      "name" : "Romance"
    } ]
  }, {
    "id" : 357429,
    "title" : "Novalis - Die blaue Blume",
    "overview" : "",
    "genres" : [ {
      "id" : 18,
      "name" : "Drama"
    } ]
  }, {
    "id" : 357434,
    "title" : "Geronimo",
    "overview" : "The story of the greatest Native American warrior who, together with the rest of his Apache tribesmen, defied American and Mexican Armies in 1867. Finally caught and sent to a reservation camp, he eluded a military force of 5000 for 18 months before finally surrendering to the government.",
    "genres" : [ {
      "id" : 10752,
      "name" : "War"
    }, {
      "id" : 37,
      "name" : "Western"
    } ]
  }, {
    "id" : 357439,
    "title" : "Boys On Film X",
    "overview" : "BOYS ON FILM X is the tenth volume in the world’s most successful short film series. A young man goes through a series of encounters that will change his life forever, an unearthly beauty will put a relationship at risk, a friendship is questioned as a secret is revealed and a young boy haunts a village long forgotten.  All boundaries will be broken as BOYS ON FILM X promises to take it further than ever before, showcasing some of the most sexy, unique and brilliant filmmaking from around the world.  These eight new short films have been showcased in some of the world’s biggest festivals including Frameline Film Festival, Iris Prize Film Festival, Outfest and the BFI London Lesbian &amp; Gay Film Festival.",
    "genres" : [ ]
  }, {
    "id" : 357449,
    "title" : "While It Lasts",
    "overview" : "A separated couple still share the same roof as a seemingly conventional family. The balance is broken with the arrival of the new ex-husband's girlfriend, highlighting the neuroses of the family's routine.",
    "genres" : [ {
      "id" : 35,
      "name" : "Comedy"
    } ]
  }, {
    "id" : 357454,
    "title" : "Guevarra: Sa Batas Ko Walang Hari",
    "overview" : "",
    "genres" : [ {
      "id" : 28,
      "name" : "Action"
    } ]
  }, {
    "id" : 357459,
    "title" : "1945, la Chute du Reich",
    "overview" : "",
    "genres" : [ {
      "id" : 99,
      "name" : "Documentary"
    } ]
  }, {
    "id" : 357464,
    "title" : "Gangster",
    "overview" : "Jamroni, a village boy, went to Jakarta to find Sari, his childhood love, and to find the truth about himself. But instead, he is involved in a feud between two powerful figures concerning arranged marriage of the daughter.",
    "genres" : [ {
      "id" : 35,
      "name" : "Comedy"
    }, {
      "id" : 28,
      "name" : "Action"
    }, {
      "id" : 18,
      "name" : "Drama"
    } ]
  }, {
    "id" : 357469,
    "title" : "Rádio Pirata",
    "overview" : "",
    "genres" : [ {
      "id" : 12,
      "name" : "Adventure"
    } ]
  }, {
    "id" : 357474,
    "title" : "Um dia, um circo",
    "overview" : "",
    "genres" : [ ]
  }, {
    "id" : 357479,
    "title" : "Chasing the Blues",
    "overview" : "Part of BFI collection \"Land of Promise\".",
    "genres" : [ ]
  }, {
    "id" : 357484,
    "title" : "Britain Can Make It, No. 1",
    "overview" : "Part of BFI collection \"Land of Promise\".",
    "genres" : [ ]
  }, {
    "id" : 357489,
    "title" : "Mein Bruder, der Idiot",
    "overview" : "",
    "genres" : [ {
      "id" : 18,
      "name" : "Drama"
    } ]
  }, {
    "id" : 357494,
    "title" : "Night Sweat",
    "overview" : "The sky’s blue hanging above the black of a forest. Lightning flashes over a clearing. And the white ball of the moon with dark spots. These are the three suggestions that make Night Sweat an examination of a visual effect’s technical aspects. The film was shot in analog Hi-8 video. Its poor resolution, especially in precarious light conditions, occupies the foreground in the first and third chapters. At the same time the musical accompaniment matches perfectly, with scattering beats, dubby wisps of sound and intensifying distortion effects.",
    "genres" : [ ]
  }, {
    "id" : 357499,
    "title" : "Die Sekretärinnen",
    "overview" : "",
    "genres" : [ {
      "id" : 35,
      "name" : "Comedy"
    } ]
  }, {
    "id" : 357504,
    "title" : "I Cat",
    "overview" : "",
    "genres" : [ ]
  }, {
    "id" : 357509,
    "title" : "Anna Maria Jopek & Pat Metheny - Upojenie",
    "overview" : "The 2002 album Upojenie, may be Pat Metheny's most unique and, for many listeners, least well-known project. The guitarist collaborates with popular Polish singer and keyboardist Anna Maria Jopek backed by a group of Polish musicians.",
    "genres" : [ ]
  }, {
    "id" : 357514,
    "title" : "War and Order",
    "overview" : "Police work during World War II in Britain.",
    "genres" : [ ]
  }, {
    "id" : 357519,
    "title" : "French Communique",
    "overview" : "Part of BFI collection \"If War Should Come.\"",
    "genres" : [ ]
  }, {
    "id" : 357524,
    "title" : "Feed Your Head",
    "overview" : "What causes mental illness? Do our thoughts, moods, and behaviours depend upon what we eat? Psychiatrists Abram Hoffer and Humphry Osmond met in Saskatchewan in 1951. They set out to prove that the symptoms of schizophrenia could be controlled with healthy, unprocessed food and large doses of vitamins. 60 years later, it looks like they may have been right.",
    "genres" : [ {
      "id" : 99,
      "name" : "Documentary"
    } ]
  } ]
}