{
  "movies" : [ {
    "id" : 165354,
    "title" : "Isn't Life Wonderful",
    "overview" : "A family from Poland has been left homeless in the wake of World War I. They move to Germany and struggle to survive the conditions there, during the Great Inflation. Inga (Carol Dempster) is a Polish war orphan who has only accumulated a small amount of money from the rubble and hopes to marry Paul (Neil Hamilton). Weakened by poison gas, Paul begins to invest in Inga's future and he serves as their symbol of optimism.",
    "genres" : [ ]
  }, {
    "id" : 165359,
    "title" : "Walking the Baby",
    "overview" : "Street-sweeper George flirts with a pretty, but dizzy, nursemaid in the park. Incorporates Burns &amp; Allen's vaudeville \"dizzy\" routine.",
    "genres" : [ ]
  }, {
    "id" : 165374,
    "title" : "Thais",
    "overview" : "Thais, an Egyptian courtesan, is converted to a life of a penitant by Paphnutius, a holy man. She is taken to a convent in the desert and lives her life in the care of the abbess there. But Paphnutius is changed by the vision of Thais and becomes obsessed with gaining her love and retrieving her from the spiritual world for himself.",
    "genres" : [ {
      "id" : 18,
      "name" : "Drama"
    } ]
  }, {
    "id" : 165379,
    "title" : "Weekend in Hell",
    "overview" : "Two POWs - Russian and Lithuanian - are trying to escape a German Camp during WWII.",
    "genres" : [ ]
  }, {
    "id" : 165389,
    "title" : "Chain Reaction 5",
    "overview" : "From the series that introduced you to the meaning of HARDCORE, Chain Reaction Five Worldwide takes you to four continents, logs thousands of frequent flyer miles and shows the planet what East Coast Style is all about. The DH Productions \"Stable of Knuckleheads\" has been unchained and they have unleashed their fury on the world. Get ready for a heavy metal onslaught of broken bikes, bones and blood as we embark on the most progressive riding ever to be documented on a DVD.",
    "genres" : [ {
      "id" : 99,
      "name" : "Documentary"
    }, {
      "id" : 28,
      "name" : "Action"
    } ]
  }, {
    "id" : 165404,
    "title" : "Humraaz",
    "overview" : "A wealthy industrialist and business man named Raj Singhania lives in Bombay, India. He reaches up with a music band in which Karan Malhotra is the leader and Priya is his right-hand and sweetheart. Karan finds that it is not easy to achieve one's merit. A contract made between the two for his band to sing on a crusade for Raj. He agrees to do so and later on conspire with his girlfriend Priya to take over Raj vast estate by setting up his girlfriend to marry Raj fakely. On a chance encounter one day Raj and Priya both meet, where by Raj fall head over heals in love with Priya.",
    "genres" : [ ]
  }, {
    "id" : 165409,
    "title" : "The Cat's Canary",
    "overview" : "This pre-code entry in Van-Buren's \"Aesop's Sound Fables\" series finds a Brooklyn-cat in a bowler hat, hanging out in the New Jersey meadow-lands (or somewhere in the wild),who traps a canary and then eats it. Actually, he swallows it and it is flying around in his ribcage. Now, instead of meowing, visual musical notes emerge every time he opens his mouth.",
    "genres" : [ ]
  }, {
    "id" : 165414,
    "title" : "Michael Schenker Group – World Wide Live 2004",
    "overview" : "World Wide Live 2004” DVD features a recording of MSG supreme performance at the Metalmania Festival 2004. The new edition includes an additional CD with audio tracks recorded at the show. Track list consists of  the highlights of all stages of Schenker’s career: from UFO hits, through MSG classic tracks, to his solo compositions! DVD also includes: band bio, discography, 25-minute interview, in which Michael talks about his career, photo gallery, desktop images, weblinks. Dolby Digital 5.1 Surround Sound. DVD+CD swing case edition is limited to 2000 copies. “World Wide Live 2004” DVD+CD will be available on 16th March in Europe and 24th March in USA (via MVD).",
    "genres" : [ ]
  }, {
    "id" : 165419,
    "title" : "Tom Petty and the Heartbreakers: High Grass Dogs - Live from the Fillmore",
    "overview" : "Tom Petty and the Heartbreakers - High Grass Dogs: Live movie was released Nov 09, 1999 by the Warner Bros. studio. This 90 minute DVD video features 19 songs performed live at the Fillmore in March 1999 including Jammin' Me, Run nin Down A Dream, Breakdown, and much more.  The first concert home video from Tom Petty &amp; The Hearbreakers since 1992 Tom Petty and the Heartbreakers - High Grass Dogs: Live video. Its 19 songs, performed live at the Filmore in San Francisco, span the bands entire history from \"Breakdown\", to 1999's \"Free Girl Now\" Tom Petty and the Heartbreakers - High Grass Dogs: Live film.",
    "genres" : [ {
      "id" : 10402,
      "name" : "Music"
    } ]
  }, {
    "id" : 165424,
    "title" : "Cinderella Blues",
    "overview" : "The Cinderella story as told by the Van Beuren Studios.",
    "genres" : [ ]
  }, {
    "id" : 165429,
    "title" : "House Cleaning Time",
    "overview" : "Farmer Alfalfa and his cat are having a wash day and mice starts a soap war.",
    "genres" : [ ]
  }, {
    "id" : 165439,
    "title" : "Singing Saps",
    "overview" : "In this Van Beuren cartoon a quartet of singers kidnap a girl and the mouse has to try and save the day.",
    "genres" : [ ]
  }, {
    "id" : 165444,
    "title" : "Good Old Schooldays",
    "overview" : "A Aesop's Fables cartoon with the animals going to school and causing mischief.",
    "genres" : [ ]
  }, {
    "id" : 165449,
    "title" : "The Rock of Souls",
    "overview" : "The love between María Ángela and Fernando is impossible because there's an ancient history of hate between their families. His father killed hers, and other family members have killed each other for years. When María Ángela's grandfather finds she's in love with Fernando, he frames the young man and forces her to marry Manuel. Maria Ángela finds that Manuel doesn't love her and together plan her escape with Fernando. But things go wrong and the lovers find their destiny in The Spirit's Canyon.",
    "genres" : [ {
      "id" : 18,
      "name" : "Drama"
    }, {
      "id" : 10749,
      "name" : "Romance"
    } ]
  }, {
    "id" : 165459,
    "title" : "The Fly Guy",
    "overview" : "A Aesop's Fables cartoon about a musical fly.",
    "genres" : [ {
      "id" : 16,
      "name" : "Animation"
    } ]
  }, {
    "id" : 165464,
    "title" : "Makin' 'Em Move",
    "overview" : "A sassy cat visits a cartoon studio and learns the mysteries of animation.",
    "genres" : [ {
      "id" : 16,
      "name" : "Animation"
    } ]
  }, {
    "id" : 165469,
    "title" : "Böhse Onkelz - Live in Dortmund",
    "overview" : "",
    "genres" : [ {
      "id" : 99,
      "name" : "Documentary"
    }, {
      "id" : 10402,
      "name" : "Music"
    } ]
  }, {
    "id" : 165494,
    "title" : "Fiji and Samoa, the Cannibal Isles",
    "overview" : "Another FitzPatrick TravelTalk, taking us to the titular islands.",
    "genres" : [ ]
  }, {
    "id" : 165499,
    "title" : "A Day in Venice",
    "overview" : "A Traveltalk visit to the city of canals.",
    "genres" : [ ]
  }, {
    "id" : 165504,
    "title" : "Mission Kiss and Kill",
    "overview" : "Set in the early days of the Chinese Republic, this tale of kung fu kingpins and masters features beautiful women in gorgeous costumes, exotic backgrounds and a tricky plot filled with martial arts magic.",
    "genres" : [ ]
  }, {
    "id" : 165509,
    "title" : "Menu",
    "overview" : "A chef helps a housewife cook a duck dinner that will not give her husband indigestion.",
    "genres" : [ {
      "id" : 14,
      "name" : "Fantasy"
    }, {
      "id" : 35,
      "name" : "Comedy"
    } ]
  }, {
    "id" : 165514,
    "title" : "Five and Dime",
    "overview" : "Oswald is out on the street in a good mood, but a rainstorm drives him into a Five &amp; Dime store, where he finds songs, jokes and a bride.",
    "genres" : [ {
      "id" : 16,
      "name" : "Animation"
    } ]
  }, {
    "id" : 165529,
    "title" : "Love Games",
    "overview" : "If you find yourself screwing a strange piece of ass who’s waaaaay out of your league and her husband happens to walk in on you and she shoots him dead — whatever you do, don’t cough up 25 G’s for her to hush it up because, my friend, you’re being scammed. It’s just the old badger game. And if you do give her money and her name is Sharon Mills (CLAUDINE BENET, an angular blonde with hefty hooters and a divine ass) then you must be Ed Garner, victim of these lewd and larcenous Love Games... Suspecting a scam, Ed — a married, middle-aged man — seeks help from private detective Rick \"The Dick\" Taylor,a hard-drinking, wise-cracking, ex-actor who believes there’s \"nothing like getting laid in the line of duty.\" Taylor’s dum-as-they-cum secretary, Lucy Brown (SHARON KELLY), a.k.a. \"Juicy Lucy, the girl with secretarial secretions,\" is only too happy to fill her mouth with Rick’s private dick. As Rick says, \"A woman should be obscene and not heard.\"",
    "genres" : [ ]
  }, {
    "id" : 165534,
    "title" : "Southbounders",
    "overview" : "A young woman attempts a \"thru-hike\" of the Appalachian Trail, the 2,170 mile footpath wandering the length of the Atlantic seaboard from Maine to Georgia.",
    "genres" : [ ]
  }, {
    "id" : 165544,
    "title" : "Private Road: No Trespassing",
    "overview" : "Stock car racer Brad Carlton (Greg Evigan) throws the Mishaw family into a tailspin the night heiress Helen Mishaw slams her car into his motorcycle. He gets romantically involved with Helen Milshaw (Mitzi Kapture), and helps multi-million dollar Milshaw Industries win a valuable government military contract. However, when Brad becomes the victim of sabotage and strange accidents, he realizes someone want to stop him cold - dead cold!",
    "genres" : [ {
      "id" : 53,
      "name" : "Thriller"
    }, {
      "id" : 18,
      "name" : "Drama"
    }, {
      "id" : 28,
      "name" : "Action"
    } ]
  }, {
    "id" : 165549,
    "title" : "The Substitute Wife",
    "overview" : "In Nebraska, in pioneer days, a woman who knows she is going to die asks a prostitute to replace her with her husband and four children in order to make it possible for them to keep their family farm.",
    "genres" : [ {
      "id" : 18,
      "name" : "Drama"
    }, {
      "id" : 10749,
      "name" : "Romance"
    }, {
      "id" : 37,
      "name" : "Western"
    } ]
  }, {
    "id" : 165569,
    "title" : "Wuthering Heights",
    "overview" : "A musical version of the classic story set in the modern day.",
    "genres" : [ ]
  }, {
    "id" : 165584,
    "title" : "Saxon: Live Legends",
    "overview" : "At the leading edge of the New Wave of British Heavy Metal were Saxon. Join Biff Byford and the boys as they power their way through a set of classic moments to produce a unique film of the best of Saxon live. Originally released as \"Greatest Hits Live!\" on VHS in 1990, this has been reissued in various forms since.",
    "genres" : [ {
      "id" : 10402,
      "name" : "Music"
    } ]
  }, {
    "id" : 165594,
    "title" : "Madeleine Tel. 13 62 11",
    "overview" : "Karin (Eva Bartok) is a brilliant student whose good looks give her an added advantage in assuming the role of a prostitute and exploring Berlin's thriving sex industry. Hired posthaste by nefarious Madame Clavius, the pretty blonde sets about gathering information for her thesis when she discovers that her old friend Madeline has been financing her luxurious lifestyle by working as a call girl in the very same brothel. The situation turns sinister when Madeline reveals to Karin that she has fallen in love and longs to start a new life, but any girl who tries to leave Madame Clavius soon turns up dead. When Madeline admits to considering suicide, Karin hatches a plan for both of them to make a clean break from the brothel and avoid Madame Clavius' deadly wrath.",
    "genres" : [ {
      "id" : 18,
      "name" : "Drama"
    }, {
      "id" : 80,
      "name" : "Crime"
    } ]
  }, {
    "id" : 165609,
    "title" : "Why Be Good: Sexuality & Censorship in Early Cinema",
    "overview" : "Before the G, PG and R ratings system there was the Production Code, and before that there was, well, nothing. This eye-opening documentary examines the rampant sexuality of early Hollywood through movie clips and reminiscences by stars of the era. Gloria Swanson, Mary Pickford, Marlene Dietrich and others relate tales of the artistic freedom that led to the draconian Production Code, which governed content from 1934 to 1968. Diane Lane narrates.",
    "genres" : [ ]
  }, {
    "id" : 165619,
    "title" : "Childhood's End",
    "overview" : "A story of two teens discovering their budding sexuality. Greg is having his first sexual experience and first relationship with his friend's mother, a woman twice his age....while Denise is angry with Greg, and sleeps with another girl. Both are in a hurry to mature, but both must deal with the repercussions of growing up, moving out, and leaving the security of childhood behind.",
    "genres" : [ {
      "id" : 35,
      "name" : "Comedy"
    }, {
      "id" : 18,
      "name" : "Drama"
    }, {
      "id" : 10749,
      "name" : "Romance"
    } ]
  }, {
    "id" : 165629,
    "title" : "Love Scenes",
    "overview" : "Acclaimed actress Val Binnes decides to play a bold and uninhibited role in a controversial new movie for her ambitious, but neglectful and self-absorbed director husband Peter. Val finds herself becoming too caught up in the risqué part, throws caution to the wind, and has an adulterous affair with her hunky, but arrogant leading man Rick. Can Val and Peter's marriage survive the pressure and problems of making the picture?",
    "genres" : [ {
      "id" : 18,
      "name" : "Drama"
    } ]
  }, {
    "id" : 165639,
    "title" : "WWE Money In The Bank 2010",
    "overview" : "Money in the Bank was a PPV that  took place on July 18, 2010 at the Sprint Center in Kansas City, Missouri and presented by A&amp;E's Criss Angel Mindfreak.  The main events were the two 8-man Money in the Bank matches. The Smackdown MiB match featured Big Show, Matt Hardy, Kane, Christian, Kofi Kingston, Cody Rhodes, Drew McIntyre, and Dolph Ziggler.  The Raw MiB match featured Edge, Chris Jericho, Randy Orton, Mark Henry, The Miz, Ted DiBiase, Evan Bourne, and John Morrison.  Sheamus defended his WWE Championship in a steel cage against John Cena, Rey Mysterio defended his World heavyweight Championship against Jack Swagger, and The Hart Dynasty defended the Tag Team Championship Belts against The Usos.",
    "genres" : [ {
      "id" : 28,
      "name" : "Action"
    } ]
  }, {
    "id" : 165644,
    "title" : "Nutcracker Fantasy",
    "overview" : "Based off of the novel, \"The Nutcracker and the Mouse King\" and the ballet, \"The Nutcracker\", Sanrio shows their take on the classic story in a stop-motion animated film.",
    "genres" : [ ]
  }, {
    "id" : 165649,
    "title" : "Madea Gets A Job: The Play",
    "overview" : "Tyler Perry's new musical stage play starring the infamous Mabel Simmons or \"Madea\" as her fans know her. When a judge orders Madea to do 20 hours of community service at a local retirement home the residents and staff are not ready for Madea's brand of \"the truth\", but all is well that ends well when Madea helps the residence of Easy Rest Retirement Home realize the importance of family, love and forgiveness.",
    "genres" : [ {
      "id" : 35,
      "name" : "Comedy"
    } ]
  }, {
    "id" : 165659,
    "title" : "Beer and Pretzels",
    "overview" : "Ted Healy and The 3 Stooges are fired and evicted from a theatre because Ted is annoying women working there. They then get jobs as waiters at a nightclub. Chaos ensues.",
    "genres" : [ {
      "id" : 10402,
      "name" : "Music"
    }, {
      "id" : 35,
      "name" : "Comedy"
    } ]
  }, {
    "id" : 165664,
    "title" : "Inja",
    "overview" : "A young Xhosa boy adopts a stray puppy, only to have his sadistic white farmer \"boss\" torment the pup which causes the dog to fear and resent the boy. This lays the foundation for training the dog to embody the farmer's racist beliefs.",
    "genres" : [ ]
  }, {
    "id" : 165669,
    "title" : "Barber Shop Blues",
    "overview" : "A barber shop owner wins a sweepstake. He remodels his shop and hires Claude Hopkins and his orchestra to play for his customers. Two songs are sung, and the Four Step Brothers tap dance in the closing number.",
    "genres" : [ {
      "id" : 10402,
      "name" : "Music"
    } ]
  }, {
    "id" : 165674,
    "title" : "The Road Is Open Again",
    "overview" : "A Songwriter falls asleep while writing a song about the NRA. He dreams that Washington, Lincoln and Teddy Roosevelt appear in his room asking him why he wants to write such a song and they're reassuring him that FDR is the right way. When he starts singing his new song, he finds himself alone, but he knows that the FDR will lead the USA back on the road to prosperity.",
    "genres" : [ ]
  }, {
    "id" : 165709,
    "title" : "Don't Bet on Love",
    "overview" : "Lew Ayres, a plumber, wins big at the racetrack but then his luck runs out and almost ruins his business. Ginger Rogers, his manicurist girlfriend , stands by him and helps him readjust to life as a plumber.",
    "genres" : [ {
      "id" : 18,
      "name" : "Drama"
    }, {
      "id" : 35,
      "name" : "Comedy"
    } ]
  }, {
    "id" : 165714,
    "title" : "DJ Premier: Music Video Anthology Vol.1",
    "overview" : "Dj Premier is arguably the best beatmaker hip hop has ever seen. This collection of music video showcases his dominance behind the boards.\r DVD Features:\r 1 - Afu-Ra : Defeat\r 2 - Show &amp; AG : Next Level Remix\r 3 - Fat Joe : The Shit Is Real Remix\r 4 - Jeru : Ya Playin Yourself Remix\r 5 - Crooklyn Dodgers : Return Of The Crooklyn Dodgers\r 6 - KRS One : Rappaz R.N. Dainja\r 7 - Jeru : Me Or The Papes\r 8 - D&amp;D All Stars : 1,2 Pass It\r 9 - Rakim : When I Be On The Mic\r 10 - Bahamadia : True Honey Buns\r 11 - Royce Da 5′9 : Boom\r 12 - Big Shug : Crush\r 13 - Group Home : Superstar\r 14 - All City : The Actual\r 15 - Nas : Nas Is Like",
    "genres" : [ ]
  }, {
    "id" : 165719,
    "title" : "Larry Bird: A Basketball Legend",
    "overview" : "Dramatic game footage and exclusive interviews tell the compelling story of the Larry Bird journey from small-town boy to sports legend. Bird revolutionized the game of basketball, winning three NBA Championships and three MVP trophies. Discover the man behind the legend- from his roots in French Luck, Indiana to his stellar collegiate basketball years and remarkable 13-year career with the Celtics. Plus, see Bird at his dazzling best with three of his most memorable game performances.",
    "genres" : [ ]
  }, {
    "id" : 165729,
    "title" : "Capturing Dad",
    "overview" : "Koharu Higashimura (Nanoka Matsubara) is a 17-year-old high school student, living in a rural town. Koharu lives with her older sister Hazuki (Elisa Yanagi) and mother Sawa (Makiko Watanabe). 14 years ago, Koharu's father abandoned their family after meeting a new woman.  One evening at dinner time, Sawa tells her daughters that their father has terminal cancer and they should go see him before it's too late. Sawa gives her daughters a camera and asks if they can take a picture of him, because she would like to see. Koharu and Hazuki then leave for the hospital where their father is hospitalized. While riding the train to the hospital, Koharu, who has doesn't have any memories of their father, asks Hazuki about their dad.",
    "genres" : [ {
      "id" : 18,
      "name" : "Drama"
    } ]
  }, {
    "id" : 165739,
    "title" : "Pawn",
    "overview" : "A petty robbery spirals into a tense hostage situation after three gunmen hold up a diner that's a front for the mob.",
    "genres" : [ {
      "id" : 80,
      "name" : "Crime"
    }, {
      "id" : 53,
      "name" : "Thriller"
    } ]
  }, {
    "id" : 165749,
    "title" : "The Invisible Killer",
    "overview" : "Reporter Sue Walker has too much inside information on the local gambling rackets to suit her sweetheart, Detective Lieutenant Jerry Brown, chief of the police Homicide Squad. When the call comes in that there has been a killing at Lefty Ross' place, a notorious gambling joint, Jerry is peeved when Sue beats him there. He discovers that gambler Jimmy Clark was killed as he answered a telephone call, and his body is riddled with bullets but Jerry can't find any weapon. Sue is amazed to see Gloria Cunningham there. Gloria's father is one of the town's leading reformers and she is engaged to District Attorney Richard Sutton. Ross decides to give Sutton all the information he needs and makes an appointment to go to Sutton's home. Once there, Ross is called to the telephone before he can give any information, and is killed in the same mysterious manner as Jimmy Clark.",
    "genres" : [ {
      "id" : 9648,
      "name" : "Mystery"
    } ]
  }, {
    "id" : 165759,
    "title" : "Taxi, Mister",
    "overview" : "The owner (William Bendix) of a cab company tries to foil a racketeer.",
    "genres" : [ {
      "id" : 10749,
      "name" : "Romance"
    }, {
      "id" : 35,
      "name" : "Comedy"
    } ]
  }, {
    "id" : 165769,
    "title" : "Lily in Winter",
    "overview" : "Lily Covington, a Manhattan housekeeper, embarks on a trip to the rural Alabama town of her youth. To Lily's surprise, her employer's nine-year-old son Michael stows away for the ride. Together, Lily and Michael realize just how alike and how different their worlds really are. Michael explores a way of life he never knew existed, while Lily discovers some tender truths about the family she left behind.",
    "genres" : [ {
      "id" : 10770,
      "name" : "TV Movie"
    } ]
  }, {
    "id" : 165784,
    "title" : "Red Trousers: The Life of the Hong Kong Stuntmen",
    "overview" : "A short action film interwoven into a documentary tells the story of the legendary unsung heroes of Hong Kong film, the stuntmen and women. This film features the world's most illustrious stuntmen, and many current working stuntmen, profiled through interviews and clips that showcase their work. It explores their death-defying feats and foolhardy working methods and traces their origin back to the original Hong Kong stuntmen known as \"red trousers\" - a term used to describe acrobats in Peking Opera. By incorporating the martial arts, fantasy, adventure short action film, \"Lost Time,\" the viewer is given an actual account of how stunts are created and executed on film.",
    "genres" : [ ]
  }, {
    "id" : 165789,
    "title" : "Terry",
    "overview" : "\"Terry\" tells the story of 21-year old amputee Terry Fox who attempted to run across Canada with only one leg. Unfortunately, he only made it to Thunder Bay, Ontario when he died, one month before his 23rd birthday yet his memories will live on forever in the hearts of Canadians everywhere.",
    "genres" : [ ]
  }, {
    "id" : 165804,
    "title" : "Bloodsucking Cinema",
    "overview" : "The sound of flapping bat wings, an empty coffin, glistening fangs, tiny punctures on the neck, the sensual taste of blood, a blank reflection, fear of the cross, and death from daylight. These are the creatures of the night, and as legendary (but fictional) vampire hunter Abraham Van Helsing exclaimed: \"Gentlemen, we are dealing with the undead!\" Perhaps the most enduring film genre of all time, vampire films continue to haunt us on the big screen. Why are we fascinated with the myth of these immortal souls? Could it be the living forever part, or perhaps the fact that they have an unearthly sexual attraction to both males and females? Whatever it is, audiences around the world can't seem to get enough of them.",
    "genres" : [ {
      "id" : 99,
      "name" : "Documentary"
    } ]
  }, {
    "id" : 165809,
    "title" : "My Blue-Eyed Girl",
    "overview" : "The film follows the eldest daughter of a family on holiday as she navigates her growing desires for a prison inmate with her heartfelt but fraying familial love. Under the film’s placid surface is a teenage, and very human, restlessness that suggests impulsive curiosity, yet also wisdom.",
    "genres" : [ {
      "id" : 18,
      "name" : "Drama"
    }, {
      "id" : 35,
      "name" : "Comedy"
    } ]
  }, {
    "id" : 165819,
    "title" : "Tango s komármi",
    "overview" : "",
    "genres" : [ ]
  }, {
    "id" : 165829,
    "title" : "Heromakers",
    "overview" : "Experience an action-packed, stunt-filled journey behind the scenes of the world-famous 'Hong Kong Action Cinema industry.'",
    "genres" : [ ]
  }, {
    "id" : 165849,
    "title" : "Disturbed: Music as a Weapon II",
    "overview" : "Music as a Weapon II was recorded as a live album/DVD, created by Disturbed. It was recorded at The Aragon in Chicago in 2003, and released in 2004. It contains Disturbed's cover of Metallica's \"Fade to Black\" and the previously unreleased song \"Dehumanized\". The DVD also contains Disturbed's video for their single \"Liberate\". This was Disturbed's last release with bass guitarist Steve Kmak. It was also Unloco's final release before splitting up.",
    "genres" : [ ]
  }, {
    "id" : 165854,
    "title" : "Hare-Less Wolf",
    "overview" : "Bugs Bunny plays with the head of a Clueless wolf who is supposed to hunt a rabbit for dinner",
    "genres" : [ ]
  }, {
    "id" : 165864,
    "title" : "Hansel and Gretel Get Baked",
    "overview" : "An intense new marijuana strain named “Black Forest” is taking Los Angeles by storm, and Gretel’s stoner boyfriend can’t get enough. But when the old woman growing the popular drug (Lara Flynn Boyle) turns out to be an evil witch, cooking and eating her wasted patrons for their youth, Gretel and her brother Hansel must save him from a gruesome death — or face the last high of their lives.",
    "genres" : [ {
      "id" : 27,
      "name" : "Horror"
    }, {
      "id" : 35,
      "name" : "Comedy"
    } ]
  }, {
    "id" : 165869,
    "title" : "Southern Fried Rabbit",
    "overview" : "Southern Fried Rabbit is a Looney Tunes cartoon by Warner Bros. starring Bugs Bunny and Yosemite Sam. Directed by Friz Freleng and produced in 1952, the animated short was first released on May 2, 1953.  In it, Bugs Bunny attempts to shake off Yosemite Sam (here, cast as a Civil War-era colonel), who is preventing him from crossing the Mason-Dixon Line.",
    "genres" : [ {
      "id" : 16,
      "name" : "Animation"
    }, {
      "id" : 35,
      "name" : "Comedy"
    } ]
  }, {
    "id" : 165874,
    "title" : "Wet Hare",
    "overview" : "Wet Hare is a 1962 animated short film in the Looney Tunes series produced by Warner Bros. Cartoons, Inc. In this cartoon, Bugs Bunny finds himself at odds with Blacque Jacque Shellacque, a ruthless lumberjack with a French Canadian accent who wants to control the water supply by building a series of dams. The title is yet another pun on \"hair/hare\".",
    "genres" : [ ]
  }, {
    "id" : 165904,
    "title" : "Special 26",
    "overview" : "In the early 1980s in India, a group of con artists rob well-known businessmen and politicians by posing as officers of the Central Bureau of Intelligence or income tax officials. The gang stages fake raids during which they steal great amounts of money from their targets.",
    "genres" : [ {
      "id" : 80,
      "name" : "Crime"
    }, {
      "id" : 18,
      "name" : "Drama"
    }, {
      "id" : 53,
      "name" : "Thriller"
    } ]
  }, {
    "id" : 165924,
    "title" : "More Bad News for the Thirsty",
    "overview" : "Made during Prohibition and consists of a group of Federal agents destroying a cache of liquor.",
    "genres" : [ ]
  }, {
    "id" : 165929,
    "title" : "La cruz",
    "overview" : "Alfredo loses his job as a film critic after twenty years working for the same newspaper. His work mates have been trying to help him for a year because he is always drunk and angry, and his reviews have become sloppy. The cause: his wife and daughters have abandoned him and she is now living with Pablo, a famous artist. Alfredo wants to get his family back at any cost and tries to find out some terrible secrets about his new enemy to discredit him before Claudia...",
    "genres" : [ ]
  }, {
    "id" : 165939,
    "title" : "El ladrón de sueños",
    "overview" : "A fantastic story that takes place in an imaginary world where Groomo, an evil scientist, seeks to conquer the world, turning people's dreams into nightmares and thus take their illusions. Nina, a girl of seven years, will try to stop him with the help of his friends, who find in the world of dreams and fantasy.",
    "genres" : [ {
      "id" : 16,
      "name" : "Animation"
    } ]
  }, {
    "id" : 165944,
    "title" : "Dear Bamako",
    "overview" : "Moussa (Djédjé Apali) is a young man from Burkina Faso. He lives in the village where he was born, his parents, his family and his wife, Fatima. Although he prefers to call \"Bamako\", because it is there, in the capital of Mali, where he met, before getting married and having a baby, Mamadou. The field gives just enough to eat, but this precarious balance is broken lately due to the long drought. Driven by the responsibility to help the family, and after seeking opinion to the elders of his village, Moussa decided to emigrate to Europe.",
    "genres" : [ ]
  }, {
    "id" : 165949,
    "title" : "Julbocken",
    "overview" : "",
    "genres" : [ ]
  }, {
    "id" : 165954,
    "title" : "Letter from an Unknown Woman",
    "overview" : "Peking, 1948. A winter night. A man returns home to find a letter awaiting him written by a woman before her death. in the letter she tells him the story of her love for him -a life-long passion that has not diminished over time, but one that he has never known. her story spans 18 years from the moment she -then a 13 year-old girl- sets her eyes on her new neighbor. she tells their brief but passionate love in her youthi the hardship she goes through raising their child alone, and their final encounter after the war, during which the man fails tor ecognize her and one which leaves her in despair. Now having lost her son, she no longer has the courage to live on. Only in a letter is she capable of telling him everything, for the first and the last time. shaken by the letter, the man searches his memory for the nameless woman.",
    "genres" : [ {
      "id" : 18,
      "name" : "Drama"
    } ]
  }, {
    "id" : 165964,
    "title" : "Un petit mensonge",
    "overview" : "In the schoolyard, Chloe, 8, pushes your buttons to Hugo to force him to talk to Eric, his future new dad, who soon leaves his wife and children to live with her and her mother.",
    "genres" : [ ]
  }, {
    "id" : 165969,
    "title" : "Tramping Tramps",
    "overview" : "In this cartoon, Oswald and Pete are two hobos traveling across the country during the Depression.",
    "genres" : [ ]
  }, {
    "id" : 165974,
    "title" : "La paloma",
    "overview" : "The beginning has the main character wooing a woman on a balcony with the flower she sends down then putting the moves on him.",
    "genres" : [ ]
  }, {
    "id" : 165979,
    "title" : "Haan Maine Bhi Pyaar Kiya",
    "overview" : "Shiv (Abhishek Bachchan) and Pooja (Karisma Kapoor) are happily married to each other but sometimes can get into the most petty arguments coming from the way they approach life. Shiv takes each day as it comes whilst Pooja's imagination sometimes gets the best of her. Pooja falls in love with Shiv so much that she gives up her high rising career for him and settles as a housewife. Their in-difference gets worse and Pooja is soon convinced that Shiv has been unfaithful. Pooja asks for a divorce and leaves him. She carries on with life and meets Raj (Akshay Kumar). Raj has everything anyone could ask for: money, fame but not love something he has craved for some time. He falls for Pooja and she also begins to like him. They get engaged and as the wedding approaches, Shiv re-enters Pooja's life. Old feelings and emotions come rushing back and she finds herself torn between two men. Who does she choose...?",
    "genres" : [ {
      "id" : 10749,
      "name" : "Romance"
    }, {
      "id" : 10402,
      "name" : "Music"
    } ]
  }, {
    "id" : 165984,
    "title" : "Scotch Highball",
    "overview" : "Various anthropomorphic animals flock to the stadium to watch a horse race. Released November 16, 1930",
    "genres" : [ ]
  }, {
    "id" : 165989,
    "title" : "Bully Beef",
    "overview" : "The story, such as it is, concerns a cat and mouse going off to War -- looking a lot like World War One, down to the artillery and tanks. It looks inspired, in a completely uninspired way, by WHAT PRICE GLORY.",
    "genres" : [ ]
  }, {
    "id" : 165994,
    "title" : "Flying Fists",
    "overview" : "Flip and a turtle train for a boxing match. They have comedic problems with their training equipment. In the match, a parrot acts as the ref.",
    "genres" : [ {
      "id" : 16,
      "name" : "Animation"
    }, {
      "id" : 35,
      "name" : "Comedy"
    } ]
  }, {
    "id" : 165999,
    "title" : "Snappy Salesman",
    "overview" : "Oswald tries to sell musical instruments to a father's many children.",
    "genres" : [ ]
  }, {
    "id" : 166004,
    "title" : "A Tough Winter",
    "overview" : "The gang creates a huge mess after they get into a taffy-pulling contest.",
    "genres" : [ {
      "id" : 35,
      "name" : "Comedy"
    } ]
  }, {
    "id" : 166039,
    "title" : "Lonely Bones",
    "overview" : "Nightmarish animation with a great soundtrack, about dreams and sacrifice. By well-known Dutch multitalented director Rosto. Made in France.  Rosto, one of the most extravagant and famous animators from the Netherlands, had to finance this film in France. Lonely Bones is a hallucinogenic film about dreams and making sacrifices. 'Hail! To all the souls-oh. Hiding on rotting floors. Little did they know that they would make today.' (Rosto) Screened before Frankenstein's Army.",
    "genres" : [ {
      "id" : 16,
      "name" : "Animation"
    } ]
  }, {
    "id" : 166059,
    "title" : "Wale - Sanfte Riesen in Gefahr",
    "overview" : "",
    "genres" : [ ]
  }, {
    "id" : 166089,
    "title" : "Scorpion in Love",
    "overview" : "Julian (Álex González) and his friend Luis (Miguel Angel Silvestre) are two neighborhood boys who are part of a gang of violent neo-Nazis, led by Solis (Javier Bardem). After start training in a gym, Julian is transformed gradually thanks to the discipline of boxing, the nobility of his coach (Carlos Bardem) and the love of a young latin girl (Judith Diakhate). All of this takes away from the group, but Luis is not ready to accept that leave the \"herd\".",
    "genres" : [ {
      "id" : 10749,
      "name" : "Romance"
    }, {
      "id" : 53,
      "name" : "Thriller"
    }, {
      "id" : 18,
      "name" : "Drama"
    } ]
  }, {
    "id" : 166094,
    "title" : "Embracing Death",
    "overview" : "Anyone who suffers from a fear of death will find this DVD both helpful and interesting. It includes several first-person accounts of near-death experiences, as well as interviews with a cardiologist and a neuro-psychiatrist who discuss this sublect from a scientific point of view. After seeing this DVD, death will no longer seem like an inevitable, looming end, but a natural and beautiful transition.",
    "genres" : [ ]
  }, {
    "id" : 166109,
    "title" : "Escape to Passion",
    "overview" : "For its lack of bucks 'Escape to Passion' packs a big bang.",
    "genres" : [ {
      "id" : 80,
      "name" : "Crime"
    }, {
      "id" : 28,
      "name" : "Action"
    } ]
  }, {
    "id" : 166114,
    "title" : "Silent Partner",
    "overview" : "A newspaper reporter uncovers a killer when he makes contact with the names listed in a dead man's address book.",
    "genres" : [ {
      "id" : 53,
      "name" : "Thriller"
    } ]
  }, {
    "id" : 166119,
    "title" : "Homeless: The Motel Kids of Orange County",
    "overview" : "A documentary that explores the world of children who reside in discounted motels within walking distance of Disneyland, living in limbo as their families struggle to survive in one of the wealthiest regions of America. The parents of motel kids are often hard workers who don't earn enough to own or rent homes. As a result, they continue to live week-to-week in motels, hoping against hope for an opportunity that might allow them to move up in the O.C.",
    "genres" : [ {
      "id" : 99,
      "name" : "Documentary"
    } ]
  }, {
    "id" : 166124,
    "title" : "USA 2 - Kalifornien, US der Südwesten",
    "overview" : "",
    "genres" : [ ]
  }, {
    "id" : 166129,
    "title" : "The Tiger Woman",
    "overview" : "Murder mystery programmer from Republic pictures",
    "genres" : [ {
      "id" : 53,
      "name" : "Thriller"
    } ]
  }, {
    "id" : 166144,
    "title" : "Song of Paris",
    "overview" : "Song of Paris is a 1952 British comedy film directed by John Guillermin and starring Dennis Price, Anne Vernon and Hermione Baddeley. It is also known as Bachelor in Paris.",
    "genres" : [ {
      "id" : 35,
      "name" : "Comedy"
    } ]
  }, {
    "id" : 166159,
    "title" : "Duke of Chicago",
    "overview" : "To save his publishing firm, a prizefighter (Tom Brown) comes out of retirement in a fixed match.",
    "genres" : [ ]
  }, {
    "id" : 166164,
    "title" : "Cinema Hong Kong: Wu Xia",
    "overview" : "A full journey from the beginning of \"Swordplay\" movies in Shanghai, growth in Hong Kong cinemas in the 60's and 70's and Ang Lee's epic \"Crouching Tiger, Hidden Dragon\" in 2000. The series also features interviews with such luminaries including John Woo, Chu Yuen, Lau Ka Leung, Gordon Lau Ka Fai, Sammo Hung, David Chiang and Cheng Pei Pei.",
    "genres" : [ {
      "id" : 99,
      "name" : "Documentary"
    } ]
  }, {
    "id" : 166169,
    "title" : "Life and Freaky Times of Uncle Luke",
    "overview" : "'Life and Freaky Times of Uncle Luke' A modern Miami adaptation of the 1962 French short film 'La Jetee', the film recounts Luke's (Uncle Luke, legendary rapper from the hip-hop group 2 Live Crew) rise to fame as he changes the face of hip-hop and fights for first amendment rights, and later as he ushers Miami into a golden era of peace and prosperity as Mayor. Everything changes when a nuclear meltdown at Turkey Point Power Plant turns Miami into a radioactive wasteland filled with mutants, and Luke is the only survivor left unscathed. Directed by visual and performance artist Jillian Mayer, the entire movie takes place in custom built installations which distort and play with visual perspectives",
    "genres" : [ ]
  }, {
    "id" : 166174,
    "title" : "Maria Stuarda:The Metropolitan Opera: ENCORE",
    "overview" : "Fresh from her triumph in the Met's The Enchanted Island, mezzo-soprano Joyce DiDonato, one of the world's most exciting singers, takes on the virtuosic bel canto role of the doomed Mary, Queen of Scots. Having scored a major success with his production of Anna Bolena, director David McVicar now turns to the second opera of Donizetti's Tudor trilogy, which explores regal characters at fateful moments of their lives. Elza van den Heever sings Elizabeth I, and Maurizio Benini conducts.\r Episode of The Metropolitan Opera HD Live, aired on 19 January 2013.",
    "genres" : [ {
      "id" : 10402,
      "name" : "Music"
    } ]
  }, {
    "id" : 166179,
    "title" : "The Dark Area",
    "overview" : "",
    "genres" : [ {
      "id" : 27,
      "name" : "Horror"
    }, {
      "id" : 9648,
      "name" : "Mystery"
    }, {
      "id" : 53,
      "name" : "Thriller"
    } ]
  }, {
    "id" : 166184,
    "title" : "The Man That Was Turned Into Juice",
    "overview" : "Deraldo, a popular poet from Northeast Brazil, arrives in the capital of São Paulo, making a living only from his poetry and pamphlets. All is well until he is mistaken for a multinational worker who killed the boss at a party where he received the title of symbolic worker.",
    "genres" : [ {
      "id" : 18,
      "name" : "Drama"
    } ]
  }, {
    "id" : 166189,
    "title" : "Böhse Onkelz - La Ultima/Live in Berlin",
    "overview" : "",
    "genres" : [ {
      "id" : 99,
      "name" : "Documentary"
    }, {
      "id" : 10402,
      "name" : "Music"
    } ]
  }, {
    "id" : 166199,
    "title" : "Nine Letters to Bertha",
    "overview" : "Lorenzo is a young man who has just returned to Salamanca (Spain) from England, where he fell in love with Berta, a girl daughter of exiled parents who have never seen Spain. Lorenzo tries through some beautiful letters that she understands how is the world where her parents once lived.",
    "genres" : [ {
      "id" : 18,
      "name" : "Drama"
    } ]
  }, {
    "id" : 166204,
    "title" : "Kanchenjungha",
    "overview" : "Played out in real time, several complex family dramas intersect in the landscape of the Himalayan foothills, allowing the Bengali auteur to examine the class and generational differences of postcolonial India while celebrating the hopes of a society in transition.",
    "genres" : [ {
      "id" : 18,
      "name" : "Drama"
    } ]
  }, {
    "id" : 166214,
    "title" : "Plaga Zombie: Zona Mutante: Revolución Tóxica",
    "overview" : "An invasion alien threatens the fate of humanity and begins in a village where there are Bill Johnson, John West and Max Giggs. The friends escape from there with the purpose of finding and destroying the invading ship before it completes its evil plan of conquest.",
    "genres" : [ {
      "id" : 878,
      "name" : "Science Fiction"
    }, {
      "id" : 27,
      "name" : "Horror"
    } ]
  }, {
    "id" : 166229,
    "title" : "Papa Kahte Hain",
    "overview" : "Sweety lives with her mom, maternal grandpa, and grandma.  All she knows is that she is not permitted to talk about her father at home",
    "genres" : [ ]
  }, {
    "id" : 166234,
    "title" : "Jhooth Bole Kauwa Kaate",
    "overview" : "Abhyankar (Amrish Puri) is an orthodox head of his family, a retired police officer, he has values which he wants his family to also uphold.",
    "genres" : [ ]
  }, {
    "id" : 166249,
    "title" : "Dangerous Dowry",
    "overview" : "Ella is just an ordinary cab-driver in Berlin, Germany. One day she meets Aleksej, a young Russian guy, who offers her DM 100.000 should she decide to marry him formally. Ella first delays answering, but when she finally decides to do it, it is too late. What Ella doesn't know is that Aleksej has stolen the Deutschmarks from his brother Jewjenij, crown-prince of the Moscow Mafia. And Jewgenij is no one who accepts loosing something...",
    "genres" : [ ]
  }, {
    "id" : 166259,
    "title" : "Virasat",
    "overview" : "After completing his studies in London, England, Shakti Thakur returns home to India in a small town where his family resides.",
    "genres" : [ ]
  }, {
    "id" : 166274,
    "title" : "L'arbre de les cireres",
    "overview" : "The story takes place between December 1994 and February 1995 in a small village near Valencia, Spain, where the lives of four people - a child, a thief and two doctors - intersect. At the same time, the great love of one woman's life suddenly crumbles and a young girl pays a high price for learning how to love.",
    "genres" : [ ]
  }, {
    "id" : 166279,
    "title" : "Le Finte Bionde",
    "overview" : "",
    "genres" : [ ]
  } ]
}