{
  "movies" : [ {
    "id" : 330959,
    "title" : "20 Years Too Soon: The Superstar Billy Graham Story",
    "overview" : "The incredible trendsetting career of legendary wrestler Superstar Billy Graham",
    "genres" : [ ]
  }, {
    "id" : 330964,
    "title" : "Chicama",
    "overview" : "Chicama tells the story of César a recent graduate of a teacher's college who has a hard time getting a job, so he accepts a position in a rural school in small mountain town.",
    "genres" : [ ]
  }, {
    "id" : 330969,
    "title" : "La Balade de Lucie",
    "overview" : "",
    "genres" : [ {
      "id" : 18,
      "name" : "Drama"
    } ]
  }, {
    "id" : 330974,
    "title" : "Live at the basement",
    "overview" : "Recorded in spectacular 5.1 surround sound, this DVD captures Eric Bibb and bass player Dave Bronze in one of the finest blues acoustic performances The Basement Club has ever seen. Eric Bibb Live at The Basement is a truly remarkable DVD featuring one of the most compelling live performers in the world today. NOTE:This DVD is ONLY available in the NTSC format. Check here to see what your country uses. Good Stuff Shingle By Shingle Needed Time Lonesome Valley Don't Ever Let Nobody Drag Your Spirit Down Sebastian's Tune (Instrumantal) Got To Do Better Panama Hat To Know You Is To Love You Nor More Cane On The Brazos Right On Time For You In My Father's House I Heard The Angel's Singin'",
    "genres" : [ ]
  }, {
    "id" : 330979,
    "title" : "Sword of the Empire",
    "overview" : "Rome, under Commodus: intrigue, fight for power, gladiators, senators, Christians, Barbarians, slaves, Pretorians, battles, wrestles, swords and muscles in by-the-numbers Italian epic.",
    "genres" : [ ]
  }, {
    "id" : 330984,
    "title" : "Бе3 Права На Ошибку",
    "overview" : "",
    "genres" : [ {
      "id" : 18,
      "name" : "Drama"
    }, {
      "id" : 10752,
      "name" : "War"
    } ]
  }, {
    "id" : 330994,
    "title" : "666 (Beware the End Is at Hand) 2",
    "overview" : "Lucifer continues his assault on the world's Christians.",
    "genres" : [ {
      "id" : 27,
      "name" : "Horror"
    } ]
  }, {
    "id" : 330999,
    "title" : "Selam: Bahara Yolculuk",
    "overview" : "Crazy Moustache Teacher inspired by Feto",
    "genres" : [ {
      "id" : 18,
      "name" : "Drama"
    } ]
  }, {
    "id" : 331004,
    "title" : "New Year's Concert 2009",
    "overview" : "This year's Vienna Philharmonic New Year's Concert 2009 featured numerous premieres and a notable anniversary: for the first time a composition by Josef Haydn appeared on a New Year's Concert program; Daniel Barenboim conducted the concert for the first time; and ROLEX was introduced as the sole presenting sponsor for the first time; the world-wide television marketing was handled for the first time by the Lucerne company T.E.A.M. Marketing AG; and the 50th anniversary of the television broadcast of the concert by the ORF was also commemorated. Following last year's record number of 59 television stations carrying the broadcast live or time delayed, thus reaching an being unprecedented number of viewers, this year's concert was broadcast by 73 television stations in 71 countries ( Europe 39, America 17, Asia/Oceana 9, Africa 6).",
    "genres" : [ ]
  }, {
    "id" : 331009,
    "title" : "Engine Counts",
    "overview" : "This 1 hour program presents five different electric and hybrid car developers presenting their ideas and also gives a justification for why electric cars and hybrid cars are better. It also looks at the environmental issues involved and at the strengths and weaknesses of the internal combustion engine. It was produced for public television initially and is revealing and insightful.",
    "genres" : [ ]
  }, {
    "id" : 331014,
    "title" : "The Greatest Sex I've Ever Had",
    "overview" : "A comedy about three couples with issues in their sex lives. Instead of seeking counseling they attempt to handle it themselves and it becomes a hilarious disaster. Hopefully they can humble themselves and realize their no love without sacrifice!",
    "genres" : [ ]
  }, {
    "id" : 331019,
    "title" : "One River Many Relations",
    "overview" : "One River Many Relations is a documentary that explores the Athabasca Oil Sands from an marginalized and often silenced perspective: Communities that live downstream. Fort Chipewyan, Alberta, is well known as a community that is fighting against the pollution from resource extraction which they claim is causing cancers and degrading their traditional territories. Despite the many documentaries that have been produced about the Oil Sands, Fort Chip has been just a small voice amidst the cries of celebrities, scientists and politicians. Our documentary is a collaborative, community effort of 33 interviews with local Cree, Dene and Metis members from Fort Chipewyan. It gets to the heart of their concerns for their families, traditional ways and territories as the Oil Sands encroach closer and closer.",
    "genres" : [ ]
  }, {
    "id" : 331024,
    "title" : "A Whale Of A Tale",
    "overview" : "Documentary filmmaker Lynch tries to find the origin of a whale bone found buried in Toronto's waterfront.",
    "genres" : [ ]
  }, {
    "id" : 331029,
    "title" : "Deadball",
    "overview" : "The Hilarious and Heartwarming True Story of Baseball's first Home Run King, The rise of the Spalding Empire, and the tour that brought Baseball to the World in 1890.",
    "genres" : [ ]
  }, {
    "id" : 331034,
    "title" : "Oil + Water",
    "overview" : "Oil + Water tells of the adventures of Seth Warren and Tyler Bradt, two friends and world-class kayakers who drove, petroleum-free, over 21,000 miles down the Pan-American Highway in a retro-fitted bio-diesel Japanese fire truck named \"Baby\". The film captures their passion for sustainable living practices and the humor they maintained in the face of many challenges along the way.",
    "genres" : [ ]
  }, {
    "id" : 331039,
    "title" : "Gelukkig ben ik Gelukkig",
    "overview" : "In the absurdistic \"Gelukkig ben ik Gelukkig\", every person is followed by a legally required, personal voice-over.",
    "genres" : [ ]
  }, {
    "id" : 331044,
    "title" : "Valley of the Gods",
    "overview" : "A mix of fantasy and sci-fi, VALLEY OF THE GODS entwines Navajo lore with a reclusive trillionaire and his would-be biographer, creating a fascinating, mysterious and idiosyncratic vision of America.",
    "genres" : [ {
      "id" : 18,
      "name" : "Drama"
    } ]
  }, {
    "id" : 331049,
    "title" : "The Hunted Lady",
    "overview" : "An undercover policewoman finds herself framed for murder by a crime. Forced to flee for her life, she determines to clear her name and bring the real killers to justice.",
    "genres" : [ {
      "id" : 10770,
      "name" : "TV Movie"
    }, {
      "id" : 18,
      "name" : "Drama"
    } ]
  }, {
    "id" : 331054,
    "title" : "Shudharil Shudhan",
    "overview" : "Shudharil Shudhan is a 2009 Malayalam film by debutant director Jayaraj Vijay, starring Mukesh, Kalabhavan Mani and Indrans.  The film is about an estate worker named Ramankutty (Indrans) who is forced to lead a strike against the estate management, leaving his family in starvation",
    "genres" : [ {
      "id" : 18,
      "name" : "Drama"
    } ]
  }, {
    "id" : 331064,
    "title" : "Moonwalk",
    "overview" : "Almost subliminal lunar images flash by. Contrasts of light and dark are evocative of the mechanisms of filmic process itself - positive/negative. A fantastic, though familiar, moonscape is momentarily exposed.",
    "genres" : [ ]
  }, {
    "id" : 331069,
    "title" : "Meermanns Baumhaus",
    "overview" : "",
    "genres" : [ {
      "id" : 18,
      "name" : "Drama"
    } ]
  }, {
    "id" : 331074,
    "title" : "Cominciò tutto per caso",
    "overview" : "",
    "genres" : [ {
      "id" : 10749,
      "name" : "Romance"
    }, {
      "id" : 35,
      "name" : "Comedy"
    } ]
  }, {
    "id" : 331079,
    "title" : "Relentless",
    "overview" : "An Arizona state trooper, who is also an Indian, pursues a gang of paramilitary-type robbers into the mountains. The gang has killed the trooper's uncle and taken a woman hostage, and the trooper must use his tracking and hunting skills to find the gang and rescue the hostage.",
    "genres" : [ {
      "id" : 18,
      "name" : "Drama"
    }, {
      "id" : 80,
      "name" : "Crime"
    } ]
  }, {
    "id" : 331084,
    "title" : "Abisa a los compañeros",
    "overview" : "Based on real events in Peru, 1963. A team of revolutionary foreigners planned and pulled a heist on the biggest bank in Peru. The loot helped fund the rural revolution in Concepción, Cusco.",
    "genres" : [ {
      "id" : 28,
      "name" : "Action"
    }, {
      "id" : 18,
      "name" : "Drama"
    }, {
      "id" : 80,
      "name" : "Crime"
    }, {
      "id" : 36,
      "name" : "History"
    } ]
  }, {
    "id" : 331089,
    "title" : "Stuff",
    "overview" : "STUFF is a 12-minute documentary about the house of RHCP guitarist John Frusciante. The film was made by Johnny Depp & Gibby Haynes (lead singer of the Butthole Surfers), and it also features a cameo by Dr. Timothy Leary. The film's main purpose was to depict the chaos & instability of Frusciante's life.",
    "genres" : [ {
      "id" : 99,
      "name" : "Documentary"
    }, {
      "id" : 10402,
      "name" : "Music"
    } ]
  }, {
    "id" : 331094,
    "title" : "Le Mozart Noir: Reviving A Legend",
    "overview" : "(LE MOZART NOIR resurrects the lost genius of Le Chevalier de Saint-Georges, a black composer famous in 18th century France. The son of a slave, Saint-Georges overcame adversities of class, race and prejudice to become a musical star who would inspire Mozart. Tragically, his music and legacy were lost to history. Canada’s internationally acclaimed Tafelmusik Orchestra champions Saint-Georges’ long-silenced music.  Broadcast on the CBC, BBC, TV5 and ARTV among others. Worldwide distribution by Media Headquarters. Home video and Juno-nominated soundtrack album distributed worldwide by CBC Records.",
    "genres" : [ {
      "id" : 99,
      "name" : "Documentary"
    }, {
      "id" : 10402,
      "name" : "Music"
    } ]
  }, {
    "id" : 331104,
    "title" : "Serangan Orang Minyak",
    "overview" : "The story of an oily man that escape from a prison with the help of his master. With the escape of that oily man, it make the people of the village afraid and feel unsecure",
    "genres" : [ {
      "id" : 27,
      "name" : "Horror"
    }, {
      "id" : 53,
      "name" : "Thriller"
    } ]
  }, {
    "id" : 331114,
    "title" : "Sand Castles",
    "overview" : "Eleanor, thirties, has just lost her father. He bequeathed his house in Brittany in the Cotes d'Armor. She is a photographer, has had some success but business no longer work as before. It is imperative to sell the house. She goes there with Samuel, her former companion which she left some time ago, because she does not feel to go alone and she has not returned since the death of her father. But she is playing with fire - because she knows that their relationship did not exactly appeased, even if it was for some adventures and Samuel lives with Laura. Claire Andrieux, the real estate agent, was busy organizing visits during the two days Samuel and Eleanor will stay in the house. It's a funny weekend that these three are about to spend.A surprising weekend full of surprises, emotions, tensions, memories and shouting matches in melancholy and absurd moments that leave the couple necessarily changed.",
    "genres" : [ {
      "id" : 35,
      "name" : "Comedy"
    }, {
      "id" : 18,
      "name" : "Drama"
    } ]
  }, {
    "id" : 331119,
    "title" : "İyi Aile Çocuğu",
    "overview" : "",
    "genres" : [ {
      "id" : 35,
      "name" : "Comedy"
    } ]
  }, {
    "id" : 331124,
    "title" : "Bhakta Pralhad",
    "overview" : "Drawn from the Vishnu Purana, this legend tells of Prahlad, the son of the demon tyrant Hiranyakshapu. Prahlad disobeys his father by worshipping the latter's hated enemy, Vishnu. He undergoes tortures, including being burnt in oil, trampled beneath an elephant and poisoning, until, finally, Vishnu appears from a pillar in his Narasimha guise to overwhelm the demon.",
    "genres" : [ {
      "id" : 36,
      "name" : "History"
    }, {
      "id" : 18,
      "name" : "Drama"
    } ]
  }, {
    "id" : 331129,
    "title" : "Raden Mas",
    "overview" : "Pengiran Agung is a very excellent man and he fall in love with a royal dancer name Mas Ayu. They have an affair and then get married without the knowledge of their family",
    "genres" : [ ]
  }, {
    "id" : 331134,
    "title" : "PDG un défi sans pareil",
    "overview" : "",
    "genres" : [ ]
  }, {
    "id" : 331139,
    "title" : "Martine volume 2. A la chasse au trésor",
    "overview" : "",
    "genres" : [ ]
  }, {
    "id" : 331144,
    "title" : "Calimero vive les vacances",
    "overview" : "",
    "genres" : [ ]
  }, {
    "id" : 331149,
    "title" : "Maya l'abeille et les incroyables inventions",
    "overview" : "",
    "genres" : [ ]
  }, {
    "id" : 331154,
    "title" : "What a Trip",
    "overview" : "",
    "genres" : [ {
      "id" : 99,
      "name" : "Documentary"
    } ]
  }, {
    "id" : 331159,
    "title" : "Jalaibee",
    "overview" : "Two friends get tangled up in debt with the local mafia called The Unit. As they look for ways to pay the debt before The Unit comes to collect, they find out there in deeper waters than they thought.",
    "genres" : [ {
      "id" : 80,
      "name" : "Crime"
    }, {
      "id" : 28,
      "name" : "Action"
    }, {
      "id" : 53,
      "name" : "Thriller"
    } ]
  }, {
    "id" : 331164,
    "title" : "Frankenstein's Hungry Dead",
    "overview" : "Dr. Frankenstein's Wax Museum of the Hungry Dead",
    "genres" : [ {
      "id" : 27,
      "name" : "Horror"
    } ]
  }, {
    "id" : 331169,
    "title" : "Broken Orbit",
    "overview" : "Film from Patrik Beck",
    "genres" : [ ]
  }, {
    "id" : 331174,
    "title" : "It's Good to Be the President",
    "overview" : "Film from Bryan Gunnar Cole",
    "genres" : [ ]
  }, {
    "id" : 331179,
    "title" : "O Liberdade",
    "overview" : "Film from Rafael Andreazza, Cíntia Langie",
    "genres" : [ {
      "id" : 99,
      "name" : "Documentary"
    }, {
      "id" : 10402,
      "name" : "Music"
    } ]
  }, {
    "id" : 331184,
    "title" : "The Park Bench",
    "overview" : "When Emily, a librarian-to-be, is assigned to tutor Mateo, a struggling undergrad, in American Lit, they do not get along; but when the discussion turns from classics to confessions, they learn something that could change their lives forever.",
    "genres" : [ {
      "id" : 10749,
      "name" : "Romance"
    }, {
      "id" : 35,
      "name" : "Comedy"
    } ]
  }, {
    "id" : 331189,
    "title" : "Antares Incident",
    "overview" : "In 1963, in the fictitious city of Antares in South of Brazil, the workers decide to strike, fighting for better salaries and working conditions. Meanwhile, seven locals die: the conservative and Catholic matriarch and very powerful lady, Quitéria Campolargo; the corrupt lawyer Cícero Branco; the Spanish anarchist shoemaker Barcelona; the drunkard Pudim de Cachaça; the prostitute Erotildes; the student João da Paz; and the pianist Menandro Olinda. Once their bodies remain unburied due to the general strike, they decide to claim to the local authorities the right of being buried. The Major Vivaldino Brazão, the judge Quintiliano do Vale, the \"Colonel\" Tibério Vacariano and the local sheriff are not able to force the workers to return to their normal activities, so the dead citizens disclose dark secrets about corruption of the leaders and the dwellers. Once they are corpses, they are not subject to the laws of the living and they can freely speak about the sordid hidden secrets.",
    "genres" : [ ]
  }, {
    "id" : 331194,
    "title" : "Palindrome",
    "overview" : "While working at a photo lab, Frampton found that the waste at both ends of the rolls of processed film—where chemicals worked on the emulsion through clips used to attach the film to the machine—produced images far too interesting to be discarded.  For Palindrome, Frampton selected images which he described as “tending towards the biomorphic,” resembling abstract surrealist painting.  However, the rigid palindromic structure that Frampton imposes on the images—a motorized sequence based on “twelve variations on each of forty congruent phrases”—deviates from the subjective aesthetic of the expressive, demonstrating Frampton’s interest in the “generative power” of films composed by rules and principles.",
    "genres" : [ ]
  }, {
    "id" : 331199,
    "title" : "Privy",
    "overview" : "A young woman is forced to live with an unsympathetic stepmother, and spends much of her time in an outhouse, escaping into books and her own vivid fantasy life.",
    "genres" : [ ]
  }, {
    "id" : 331204,
    "title" : "The Linen Closet",
    "overview" : "An older woman opens a closet door and finds a key to her confused, fading memories. Hearing and vision loss isolate her, and her mental confusion keeps her suspended in the tactile sensations of the immediate present.  The touch of old linen brings back old family history, both pleasant and traumatic.  Based on an improvised dialogue.",
    "genres" : [ ]
  }, {
    "id" : 331214,
    "title" : "Band of Brothers",
    "overview" : "Drawn from interviews with survivors of Easy Company, as well as their journals and letters, Band of Brothers chronicles the experiences of these men from paratrooper training in Georgia through the end of the war. As an elite rifle company parachuting into Normandy early on D-Day morning, participants in the Battle of the Bulge, and witness to the horrors of war, the men of Easy knew extraordinary bravery and extraordinary fear - and became the stuff of legend. Based on Stephen E. Ambrose's acclaimed book of the same name.",
    "genres" : [ {
      "id" : 28,
      "name" : "Action"
    }, {
      "id" : 18,
      "name" : "Drama"
    }, {
      "id" : 10752,
      "name" : "War"
    } ]
  }, {
    "id" : 331219,
    "title" : "You",
    "overview" : "Short portrait of a young woman.",
    "genres" : [ ]
  }, {
    "id" : 331224,
    "title" : "El pasajero diez mil",
    "overview" : "Shipboard romance/comedy between a female executive and a guy with a lot of buttons on his tunic.",
    "genres" : [ ]
  }, {
    "id" : 331229,
    "title" : "Nana",
    "overview" : "The documentary Nana is the portrait of a seventy-year-old trans woman who lives in Thessaloniki. The combination of narrative, observation and archival footage creates an image of her chequered past, as well as the hard everyday life a trans person faces in Greek reality.",
    "genres" : [ {
      "id" : 99,
      "name" : "Documentary"
    } ]
  }, {
    "id" : 331234,
    "title" : "LUNA SEA - SLAVE Limited GIG 2013 Ryogoku Kokugikan",
    "overview" : "",
    "genres" : [ ]
  }, {
    "id" : 331239,
    "title" : "Saaphalyam",
    "overview" : "A young and energetic girl from Punjab dreams of getting married to an NRI.  But Bani dreams are shattered when her husband deserts her and she is left to face the harsh realities of life.",
    "genres" : [ {
      "id" : 18,
      "name" : "Drama"
    } ]
  }, {
    "id" : 331244,
    "title" : "The Accountant",
    "overview" : "London middle class Jewish accountant Lionel is preparing for his son's bar mitzvah when he does a little favour for a friend,  and ends up getting mixed up with the Mafia.",
    "genres" : [ ]
  }, {
    "id" : 331249,
    "title" : "魁拔Ⅱ大战元泱界",
    "overview" : "",
    "genres" : [ {
      "id" : 16,
      "name" : "Animation"
    }, {
      "id" : 12,
      "name" : "Adventure"
    }, {
      "id" : 14,
      "name" : "Fantasy"
    } ]
  }, {
    "id" : 331254,
    "title" : "the boy",
    "overview" : "an intimate portrait of a 9-year-old's growing fascination with death.",
    "genres" : [ ]
  }, {
    "id" : 331259,
    "title" : "Handy Manny: Big Construction Job",
    "overview" : "Put on your hard hats and team up with Handy Manny on an awesome full-length adventure!  Join Manny and his Tools as they head out of town to work on an exciting construction project in Concrete Falls. Meanwhile, back in Sheet Rock Hills, Mr. Lopart tries to fill in for Manny – with hilarious results! Can Kelly convince Manny to come home and save the day? Introducing new Power Tools, new songs, and a wonderful message about the rewards of taking on new challenges, Big Construction Job is fully loaded with tons of fun for everyone!",
    "genres" : [ {
      "id" : 16,
      "name" : "Animation"
    } ]
  }, {
    "id" : 331264,
    "title" : "Handy Manny: A Very Handy Holiday",
    "overview" : "",
    "genres" : [ {
      "id" : 16,
      "name" : "Animation"
    } ]
  }, {
    "id" : 331269,
    "title" : "Sega Genesis vs Super Nintendo",
    "overview" : "From Cinemassacre.com James Rolfe pits two classic game consoles against each other.",
    "genres" : [ {
      "id" : 99,
      "name" : "Documentary"
    } ]
  }, {
    "id" : 331279,
    "title" : "Best Of E.O.F.T. No. 9",
    "overview" : "The best of European Outdoor film festival 2012-2013.",
    "genres" : [ {
      "id" : 99,
      "name" : "Documentary"
    } ]
  }, {
    "id" : 331284,
    "title" : "Best Of E.O.F.T.  No. 5",
    "overview" : "",
    "genres" : [ {
      "id" : 99,
      "name" : "Documentary"
    } ]
  }, {
    "id" : 331289,
    "title" : "This Time Only",
    "overview" : "A young prison inmate gets released together with an old gangster. They go to town together in order to visit their families and friends, but nobody knows that the old man is mortally ill.",
    "genres" : [ {
      "id" : 18,
      "name" : "Drama"
    }, {
      "id" : 53,
      "name" : "Thriller"
    } ]
  }, {
    "id" : 331294,
    "title" : "Se7en Signs - A Travelling Film",
    "overview" : "Six filmmakers. Six countries. One journey. Innersection Films continues its pioneering adventures in collaborative filmmaking with the release of SE7EN SIGNS. For this project, an online audience picked their favorite six filmmakers from the Innersection series and we sent them each in a different direction to film their part of this surf/travel movie. But instead of making six short films, director Nathan Myers (Here &amp; Now, Castles in the Sky) creatively curated each of the filmmakers’ edits into a single, rollicking, surprise-filled adventure. This is a film about traveling in search of waves…and everything that happens along the way.",
    "genres" : [ {
      "id" : 99,
      "name" : "Documentary"
    } ]
  }, {
    "id" : 331299,
    "title" : "Ivar Kreuger der Zündholzkönig",
    "overview" : "",
    "genres" : [ {
      "id" : 18,
      "name" : "Drama"
    } ]
  }, {
    "id" : 331304,
    "title" : "Oru Kudumba Chithram",
    "overview" : "Oru Kudumba Chithram is a 2012 Indian Malayalam film, directed by Ramesh Thampi and produced by Kanakam Subair, Manu Sreekandapuram and Ramesh Kumar. The film stars Kalabhavan Mani, Lakshmi Sharma, Jagathy Sreekumar and Suraj Venjaramoodu in lead roles. The film had musical score by Anil Pongumoodu and Indrajith Ramesh",
    "genres" : [ ]
  }, {
    "id" : 331309,
    "title" : "Andar Baahar",
    "overview" : "A Police Inspector, Ravi, has been assigned the task of apprehending notorious gangster, Shera, who, however, proves to be too elusive for him. Ravi then seeks the assistance of another gangster, Raja, who is doing time in prison. Released in the custody of Ravi, who doesn't know that Raja has his own agenda behind this so-called co-operation.",
    "genres" : [ {
      "id" : 10402,
      "name" : "Music"
    }, {
      "id" : 28,
      "name" : "Action"
    }, {
      "id" : 53,
      "name" : "Thriller"
    } ]
  }, {
    "id" : 331314,
    "title" : "Uttar Dakshin",
    "overview" : "At the time of his mother's death, Raja comes to know that his father is still alive and living a wealthy life. Raja now befriends Shankran, his step-brother.",
    "genres" : [ ]
  }, {
    "id" : 331319,
    "title" : "Pesarattu",
    "overview" : "Pesarattu telugu Upcoming Telugu Movie, Starring with Sampoornesh Babu, Nandu, Nikitha. Directed By Kathi Mahesh, Produced By Anurag Chowdary Parvathaneni.  Star Cast : Nandu &amp; Nikitha\r Director : Kathi Mahesh\r Producer : Anurag Chowdary Parvathaneni\r Music : Ghantasala",
    "genres" : [ ]
  }, {
    "id" : 331329,
    "title" : "Kindred Moon Paranormal Sallie's House",
    "overview" : "The famous paranormal group Kindred Moon Paranormal investigates the Demonic Haunting Called \"Sallie's House\" In Atchison, Kansas. As seen on the TV show A haunting and the movie Sightings: Heartland Ghost.",
    "genres" : [ ]
  }, {
    "id" : 331334,
    "title" : "Light Years Away",
    "overview" : "Astronomer David Summers (Christopher Knight) has just discovered the Dream Galaxy, and with it, Misty (Meadow Williams) -- the girl of his dreams. Also featuring Eric Roberts, Hal Linden, Adrianne Curry and Barry Van Dyke.",
    "genres" : [ ]
  }, {
    "id" : 331339,
    "title" : "Honoring a Father's Dream: Sons of Lwala",
    "overview" : "Milton and Fred Ochieng' are two brothers from Kenya whose village sent them to America to become doctors. But after losing both parents to AIDS they are left with a heartbreaking task: to return home and finish the health clinic their father started before getting sick. Unable to raise enough money on their own, the brothers are joined by students, politicians, and a rock band who launch a fund raising drive among young people across the United States. Honoring a Father's Dream: Sons of Lwala follows Milton and Fred on their incredible journey as they find a way, despite all odds, to open their village's first hospital.",
    "genres" : [ ]
  }, {
    "id" : 331344,
    "title" : "The monster machine and the girl of my dreams",
    "overview" : "Two young friends discover a dream recording machine and start making money out of it. Meanwhile, a man discovers that the screenwriter of his life is dead, and therefore, nothing is going on in his life.",
    "genres" : [ {
      "id" : 35,
      "name" : "Comedy"
    }, {
      "id" : 878,
      "name" : "Science Fiction"
    }, {
      "id" : 10749,
      "name" : "Romance"
    } ]
  }, {
    "id" : 331349,
    "title" : "The Jetfighters in Australia",
    "overview" : "For the very first time, Australia is welcoming a trial of the Jetski Freeride World Championship. Guided by the legendary Gil Beurnier, the best freestyle riders are competing facing the amazing level of the new Australian generation.",
    "genres" : [ ]
  }, {
    "id" : 331354,
    "title" : "Requisitos para ser una persona normal",
    "overview" : "",
    "genres" : [ {
      "id" : 35,
      "name" : "Comedy"
    } ]
  }, {
    "id" : 331359,
    "title" : "The Heroes of Evil",
    "overview" : "Three teenagers, brought together from bullying, indulge in petty theft, sex and drugs. They inevitably realize they can resort to violence to take revenge on everyone who has humiliated them: students, teachers and other outcasts. One of them escalates to killing, and desires to kill again. Anyone can become his next victim. The other two face the question: should they resort to violence to stop the killings?",
    "genres" : [ {
      "id" : 18,
      "name" : "Drama"
    } ]
  }, {
    "id" : 331364,
    "title" : "The Comedy Monster",
    "overview" : "The Comedy Monster Donzilla performs live in front of a theater crowd with his casuistic style of Comedy. The Comedy Monster is the newest addition of Donzilla's extensive catalog of Naughty Stand-Up Comedy. along with observations on world economics and memories of being a large child during elementary school, and only having one talent for moving his furniture for people. Donzilla always delivers an absolute fearless style of stand-up comedy without hesitation but sustains the humility and perspicacity for a very enjoyable experience for the intellectual comedy fan.",
    "genres" : [ ]
  }, {
    "id" : 331369,
    "title" : "Kindred Moon Paranormal Villisca Axe Murder House",
    "overview" : "The famous Kindred Moon Paranormal team investigates the Well known Villisca Axe Murder House in Iowa.",
    "genres" : [ ]
  }, {
    "id" : 331384,
    "title" : "North of Vortex",
    "overview" : "A bisexual junkie poet (Stavros Zalmas) driving coast-to-coast first picks up a hunky hitchhiking sailor (Howard Napper) and then an androgynous waitress (Valda Drabla) as companions. They form an uneasy erotic triangle that will finally implode in a fateful desert episode. Greek director Constantine Giannaris' moody short black-and-white feature, set to British trumpeter John Eacott’s old-school jazz combo score, is very much in the mode of the New Queer Cinema movement of its era. It unfolds almost entirely without dialogue (although with the voice of Kevin Graal as an all-seeing narrator) as the photogenic protagonists’ classic convertible travels west across a timeless America of diners, pool halls and prairie landscapes.",
    "genres" : [ ]
  }, {
    "id" : 331389,
    "title" : "Meri Adalat",
    "overview" : "It is the story of a brother played by Rajinikanth who is a tough cop and his sister played by Sonia Sahini.The sister is in love with her College friend played by Mohnish Behl.It is the loves story between them and the future incidents which make the cop take the law in his hand and have his own Adalat called Meri Adalat. Zeenat Aman a journalist plays the love interest of Rajinikanth supported by Kader Khan, Shreeram Lagoo, Rajendra Nath and others.",
    "genres" : [ ]
  }, {
    "id" : 331394,
    "title" : "Monsoon",
    "overview" : "Monsoon is a Bollywood film Produced by Mahendra Dhariwal &amp; Jitender Gulati and Directed by Suzad Iqbal Khan. The film stars Srishti Sharma, Sudhanshu, Shawar Ali, Vijay Singh and Raja Gulati. The film release on February 20, 2015. The story of this film is loosely based on an Italian romantic drama film Malèna.",
    "genres" : [ {
      "id" : 10749,
      "name" : "Romance"
    } ]
  }, {
    "id" : 331399,
    "title" : "Gatchaman the Movie",
    "overview" : "Five young superhero ninja employed by the International Science Organization oppose an international terrorist organization of technologically advanced villains who are trying to control Earth's natural resources.",
    "genres" : [ {
      "id" : 16,
      "name" : "Animation"
    } ]
  }, {
    "id" : 331404,
    "title" : "Arnie's Majors",
    "overview" : "See how Arnold Palmer's beloved style of play allowed him to win prestigious titles such as the U.S. Amateur, U.S. Open, The Masters, and the Open Championship.",
    "genres" : [ ]
  }, {
    "id" : 331409,
    "title" : "Kvalster",
    "overview" : "",
    "genres" : [ ]
  }, {
    "id" : 331414,
    "title" : "The Year After Dayton",
    "overview" : "The year after the end of the war, in Bosnia and Herzegovina, Nikolaus Geyrhalter questions Serbs, Bosnians and Croats on the consequences of the conflict, following them if necessary as they move from lodging to lodging. The use of depth of field, which sets the protagonists in the foreground of a landscape unfolding around them, in itself sums up the filmmaker’s approach: taking the opposite stance to the one-dimensional televised image, for which war is above all a news item, he shows both the more particular – the upheaval of human lives – and the more general – what happens once the conflict has officially ended. As one of them says: “It’s easy to light a fire. It’s putting it out that takes time.”",
    "genres" : [ ]
  }, {
    "id" : 331419,
    "title" : "Pecado de ser pobre",
    "overview" : "Ex-con rebuilds his life after being discharged from prison.",
    "genres" : [ ]
  }, {
    "id" : 331424,
    "title" : "Volley",
    "overview" : "Six twenty-something friends are spending New Year's Eve at a summer house at the river. The host, Nicolas (writer and director Martin Piroyansky, XXY), brings his ex-girlfriend Pilar (Inés Efron, Empty Nest, XXY) with whom he just had a one-night stand. But, Nicolas hits on every other girl including the brooding Cata (Vera Spinetta) and the voluptuous Belén (Justina Bustos). When Nicolas unexpectedly falls into bed and then into love with the high-strung Manuela (Violeta Urtizberea) who also happens to be his best friend's girlfriend, the last laugh is on him.",
    "genres" : [ {
      "id" : 35,
      "name" : "Comedy"
    } ]
  }, {
    "id" : 331429,
    "title" : "喜羊羊与灰太狼之羊年喜羊羊",
    "overview" : "",
    "genres" : [ {
      "id" : 16,
      "name" : "Animation"
    } ]
  }, {
    "id" : 331434,
    "title" : "Strawberry Shortcake: Moonlight Mysteries",
    "overview" : "Ginger Snap's No-Light Night of Fright: When Strawberry &amp; Friends go on an overnight campout, Ginger Snap doesn't want them to find out… she's afraid of the dark!  The Blueberry Beast: There's someone… or something strange in the neighborhood and the kids imagine the worst - but Strawberry finds it's a new girl, Blueberry Muffin, and she's just like them.",
    "genres" : [ {
      "id" : 10751,
      "name" : "Family"
    }, {
      "id" : 16,
      "name" : "Animation"
    } ]
  }, {
    "id" : 331439,
    "title" : "Mickey Mouse Clubhouse: Road Rally",
    "overview" : "Road Rally Episode",
    "genres" : [ {
      "id" : 16,
      "name" : "Animation"
    } ]
  }, {
    "id" : 331444,
    "title" : "La solita commedia - Inferno",
    "overview" : "",
    "genres" : [ {
      "id" : 35,
      "name" : "Comedy"
    } ]
  }, {
    "id" : 331449,
    "title" : "Naga Tasek Chini",
    "overview" : "Mayang raise by her aunt, Mak Tijah. Mak Tijah always ask Mayang to do hard work. But without Mayang own knowledge, she actually often assisted by spirits. Mayang then forced to marry a rich man Daud. When a struggle ensued between Mak Tijah and Mayang, they fell into the river. Mak Tijah drowned but Mayang was saved by spirits.",
    "genres" : [ {
      "id" : 878,
      "name" : "Science Fiction"
    } ]
  }, {
    "id" : 331454,
    "title" : "Clandestine Abortion",
    "overview" : "Sophie, a young employee, gets raped on her way back from work and realizes some time later that she is pregnant. She does not want to keep the baby but abortion is illegal. Who can she tell? She first keeps her secret to herself but Jacques, her boyfriend, notices something is the matter with her and manages to make her talk. When he learns about her lot, he advises her to let her mother know. First, the distressed Sophie is unable to as she feels too low but, at long last, she does it. Sophie's mother, who immediately sympathizes with her daughter, undertakes to find a way out, why not a in a London clinic?",
    "genres" : [ {
      "id" : 18,
      "name" : "Drama"
    } ]
  }, {
    "id" : 331459,
    "title" : "Six Reels of Film to Be Shown in Any Order",
    "overview" : "An aleatory film: each reel begins and ends with a fade from or to a different color and contains two scenes. The film reels are supplied to the projectionist with a die with each of the colors on a side. The projectionist rolls the die to determine the running order of the reels. The story is designed so that each ordering creates different implications to the film as a whole.",
    "genres" : [ ]
  }, {
    "id" : 331464,
    "title" : "Black Beauty",
    "overview" : "A modern retelling of Anna Sewell’s classic novel, Black Beauty explores the heartfelt story of 15 year-old Audry who makes the discovery of a lifetime whilst volunteering at a city animal shelter. Rescued from an abusive owner and recovering from a traumatic past, Black Beauty possesses a most unique quality of character, endearing itself to Audry and her Grandpa  who adopt the horse in order to give it a second chance and perhaps even help revitalize their own family situation. Aided by dedicated trainer James and tested by the many challenges of equine life, Black Beauty has his work cut out for him as he embarks on a remarkable journey of discovery and friendship.",
    "genres" : [ {
      "id" : 10751,
      "name" : "Family"
    } ]
  }, {
    "id" : 331474,
    "title" : "Marvel & ESPN Films Presents: 1 of 1: Genesis",
    "overview" : "A film exploring connections between superstar athletes &amp; Super Heroes",
    "genres" : [ ]
  }, {
    "id" : 331484,
    "title" : "Scarface",
    "overview" : "An immigrant rises to the top of the criminal underworld in the United States.",
    "genres" : [ ]
  }, {
    "id" : 331489,
    "title" : "New Book",
    "overview" : "Short film by Zbig Rybczyński.",
    "genres" : [ {
      "id" : 16,
      "name" : "Animation"
    } ]
  }, {
    "id" : 331494,
    "title" : "Oh! I Can't Stop!",
    "overview" : "A story of a monster which, moving at an enormous speed, devours whatever comes across on its way: people, animals, cars, buildings.",
    "genres" : [ {
      "id" : 99,
      "name" : "Documentary"
    } ]
  }, {
    "id" : 331499,
    "title" : "Woodstock for Capitalists",
    "overview" : "A story about the good side of capitalism. Three days of love and worship. A millionaire's convention in Omaha, Nebraska - probably the largest gathering of private wealth at any one time, anywhere in the world - but it's not about money.",
    "genres" : [ ]
  }, {
    "id" : 331504,
    "title" : "The Fourth Dimension",
    "overview" : "A film by Zbig R",
    "genres" : [ ]
  }, {
    "id" : 331509,
    "title" : "Hyakken: A First Night of Dreams",
    "overview" : "The deceased director Akio Jissoji portrays the 100-year love between a husband and wife.",
    "genres" : [ {
      "id" : 10749,
      "name" : "Romance"
    }, {
      "id" : 18,
      "name" : "Drama"
    } ]
  } ]
}