{
  "movies" : [ {
    "id" : 259479,
    "title" : "ラフォーレ ガール Vol.12 : 葵ゆめ",
    "overview" : "",
    "genres" : [ ]
  }, {
    "id" : 259484,
    "title" : "The Kiss",
    "overview" : "In his film work from the early 1980s, the artist used an Apple computer hooked up to a laser disc player. He scratched the laser disc, creating a stammering image, and a disconnection between time and space.",
    "genres" : [ ]
  }, {
    "id" : 259489,
    "title" : "Salaverna",
    "overview" : "In 2010, the mining company Tayahua, from Carlos Slim, began the eviction of 150 families from the Salaverna community in Zacatecas, with the intention of starting an open-air mining project. More than 100 families are evicted, but 35 decided to stay. It’s been three years and the families that stayed has to take the pressure from the company and the government, who are looking to expel them.",
    "genres" : [ ]
  }, {
    "id" : 259494,
    "title" : "Dudu the Floatie",
    "overview" : "Papa has long promised his daughter Mika that he will take her to the beach during summer vacation, but as a golf caddy he keeps getting called into work when the weekend rolls around. This time, she even had a new inflatable toy she wanted to bring to share with her father and go swimming in the ocean together: A dugong she names Dudu. Unbeknownst to her, her father is very afraid of the water due to a childhood incident.",
    "genres" : [ {
      "id" : 16,
      "name" : "Animation"
    }, {
      "id" : 35,
      "name" : "Comedy"
    }, {
      "id" : 10751,
      "name" : "Family"
    } ]
  }, {
    "id" : 259499,
    "title" : "White Weapon",
    "overview" : "Mari works as a maid in a luxury apartment where she takes care of Regina. She also helps her do her homework. Regina is a very spoiled girl and her mother, who is a doctor, works all day. One day, Mari comes home from work and discovers that Pedro, her son, who does his homework alone, has lice.",
    "genres" : [ ]
  }, {
    "id" : 259509,
    "title" : "Statues",
    "overview" : "The unveiling of a statue honoring Emiliano Zapata becomes the site in which the demands of a struggling city are manifested through the speech of a young boy.",
    "genres" : [ ]
  }, {
    "id" : 259514,
    "title" : "The Other Side",
    "overview" : "Jorge and Diego, two rival brothers who haven't seen each other in a long time, are reunited when their father dies and they decide to make a trip to the house of their infancy. The contact with the past and the secrets that come to light worsens the rivalry between the brothers and confronts them in a situation that will change their lives.",
    "genres" : [ ]
  }, {
    "id" : 259519,
    "title" : "Pink Kites",
    "overview" : "Two small girls in a pink world see a little more of their reality while their father figure falls apart.",
    "genres" : [ ]
  }, {
    "id" : 259524,
    "title" : "The Starfish Throwers",
    "overview" : "Powerful, direct and heartrending, The Starfish Throwers explores how three of the world's most fiercely compassionate individuals struggle to restore hope to the hopeless in unexpected and sometimes dangerous ways. Continents apart, a sixth grader, a top chef and retired school teacher fight what seems an unwinnable war until they discover their impact may reach further than their action",
    "genres" : [ {
      "id" : 99,
      "name" : "Documentary"
    } ]
  }, {
    "id" : 259534,
    "title" : "40 días",
    "overview" : "Desperate to experience something real after feeling dead on the inside for far too long, three young Mexicans take a road trip from Mexico City to New York. Andres, El Pato, and Ecuador each suspect that there is more to life than they realize. In an attempt to escape from themselves, the three melancholy friends gas up their convertible and begin driving north. ~ Jason Buchanan, Rovi",
    "genres" : [ {
      "id" : 18,
      "name" : "Drama"
    } ]
  }, {
    "id" : 259539,
    "title" : "The Man from Orlando",
    "overview" : "Orlando, a lifeguard in the summer and gangster in the winter, abandons his life of crime and returns to his hometown of Priddy, Texas. After getting in over his head with his Olympic swimmer ex-girlfriend and a crew of volunteer firefighters, his former lifeguard gang comes after him and the contents of his fanny pack.",
    "genres" : [ {
      "id" : 35,
      "name" : "Comedy"
    } ]
  }, {
    "id" : 259544,
    "title" : "Dead on Appraisal",
    "overview" : "Real estate agent John Dante has a problem. He's stuck with a house he can't sell. Despite his best efforts, he can't seem to overcome the house's past and the macabre tales that precede it in this haunting anthology. In the first story, THE MORNING AFTER, a group of friends wake up from the party of a lifetime to find a nightmare in the form of the worst bug invasion any homeowner has ever seen. Then there's Freddie Cooper and his band, FREDDIE AND THE GOBLINS; a tale of how Freddie's band mates try to kick him out and get caught up in the young singer's growing psychosis. With his hopes of selling the house fading, John is horrified to hear the story of Robbie, a young veteran of the war in Iraq, who returns home to live with his father Brad in FATHER LAND. Something isn't right, though, as Robbie's dark secret slowly bubbles to the surface. As the house's dark past comes to life, John becomes weary and is convinced the house is cursed and unsellable.",
    "genres" : [ {
      "id" : 35,
      "name" : "Comedy"
    }, {
      "id" : 27,
      "name" : "Horror"
    }, {
      "id" : 878,
      "name" : "Science Fiction"
    } ]
  }, {
    "id" : 259549,
    "title" : "Construção",
    "overview" : "The trajectory of Branca, a 3 years old Brazilian, and Marcos. They never met in life before seeing themselves on screen. Branca travels to Cuba, her father homeland, in the anniversary of the revolution.",
    "genres" : [ {
      "id" : 99,
      "name" : "Documentary"
    } ]
  }, {
    "id" : 259554,
    "title" : "Afghanistan: The Battle for Helmand",
    "overview" : "Mark Urban tells the inside story of Britain's fight for Helmand, told with unique access to the generals and frontline troops who were there.",
    "genres" : [ ]
  }, {
    "id" : 259559,
    "title" : "The Revenge of the Dead Indians",
    "overview" : "This is a full-length documentary honoring the life and work of American composer and artist John Cage. Cage is considered one of the most influential composers of the 20th century. This documentary features interviews with various personalities from different fields as they introduce us to the life and work of this great American artist.",
    "genres" : [ {
      "id" : 99,
      "name" : "Documentary"
    } ]
  }, {
    "id" : 259564,
    "title" : "Der Rücktritt",
    "overview" : "",
    "genres" : [ {
      "id" : 18,
      "name" : "Drama"
    } ]
  }, {
    "id" : 259569,
    "title" : "Sixten",
    "overview" : "13 year old Sixten really wants his father to meet someone he can marry. Without telling his father, he and his friends write an ad for the personal sections.",
    "genres" : [ ]
  }, {
    "id" : 259574,
    "title" : "Claire Berolina",
    "overview" : "",
    "genres" : [ ]
  }, {
    "id" : 259579,
    "title" : "Passage Home",
    "overview" : "Set in 1931, the film takes place aboard a merchant ship, briefly harboured in South America. A young woman (Diane Cilento) boards the ship as a passenger, resulting in disharmony among the superstitious crew members. Virtuous seaman Anthony Steel protects the girl from the lecherous advances of captain Peter Finch.",
    "genres" : [ {
      "id" : 18,
      "name" : "Drama"
    } ]
  }, {
    "id" : 259584,
    "title" : "Das Puppenheim in Pinnow",
    "overview" : "",
    "genres" : [ {
      "id" : 18,
      "name" : "Drama"
    } ]
  }, {
    "id" : 259599,
    "title" : "Habibti",
    "overview" : "A veiled Arab woman, steeped in tradition, journeys to London to visit her estranged daughter only to find her living with a black boyfriend..",
    "genres" : [ {
      "id" : 10769,
      "name" : "Foreign"
    } ]
  }, {
    "id" : 259604,
    "title" : "The Situation",
    "overview" : "Three senseless criminals find themselves in a desperate predicament.",
    "genres" : [ ]
  }, {
    "id" : 259609,
    "title" : "The Ideal Landscape",
    "overview" : "In post-World War II Estonia, Mait Kukemeri, an activist of the Young Communist League arrives to the Metsa collective farm in the back of a traveling cinema truck. As a commissary of the spring sowing, he has orders to usher all the people to the field, even if the water is high enough to soak your boots and the machines sink in the mud. Harald Tuvikene, the head of the farm, keeps dragging his feet, trying to pitch his peasant wisdom against the senseless demands of the central power. For the first time in his life, Kukemeri faces a real problem - does he do what's right or does he follow the party's inept commands in order to further his own career? He starts ignoring the party assignments and gets involved with the local village life and the local pioneer activist, a young woman named Liina. Nobody wants to sow before the time is right and Kukemeri gets tangled in the web of white lies to his bosses. But no one can keep anything secret from the Communist party for long.",
    "genres" : [ {
      "id" : 18,
      "name" : "Drama"
    } ]
  }, {
    "id" : 259614,
    "title" : "Galathea",
    "overview" : "Pioneer of silhouette animation, Lotte Reiniger, uses this technique in a retelling of the Greek legend in which the sculptor, Pygmalion, brings a statue to life.",
    "genres" : [ {
      "id" : 16,
      "name" : "Animation"
    } ]
  }, {
    "id" : 259619,
    "title" : "Nightfall.",
    "overview" : "Shot in his garage-studio, the camera records Ader painstakingly hoisting a large brick over his head. His figure is harshly lit by two tangles of light bulbs. He suddenly loses control of the brick, crushing one strand of lights. As he again lifts the brick, allowing tension and dread to accrue, the climax seems inevitable—the brick will (and does) fall and terminate the camera’s remaining illumination. Here the film abruptly ends with the irrevocable logic of consciousness extinguished. This simple cause and effect sequence performs a narrative that is startlingly incongruous with its conclusion. The brick is witnessed demolishing the lights, but that seems to be an insufficient explanation for the void of meaning it leaves in the wake of the film’s ending—the blunt finality of another’s death, by implication, creates a similar scramble to find language for a disturbing rupture.",
    "genres" : [ {
      "id" : 99,
      "name" : "Documentary"
    } ]
  }, {
    "id" : 259624,
    "title" : "Oliver Twist",
    "overview" : "Oliver is born into poverty and misfortune - the son of an unmarried mother, who dies shortly after his birth. He is soon delivered to the workhouse, where the cruel Mr. Bumble oversees children tormented by starvation and suffering. When Oliver dares to ask for more gruel, he finds himself cast out and forced to make his own way in the world...",
    "genres" : [ {
      "id" : 12,
      "name" : "Adventure"
    }, {
      "id" : 10751,
      "name" : "Family"
    } ]
  }, {
    "id" : 259629,
    "title" : "The Water Tank",
    "overview" : "In a country where an estimated 17million Filipinos still do not have sustained access to potable water, a little town expresses their gratitude for the blessings their water tank has given them",
    "genres" : [ ]
  }, {
    "id" : 259634,
    "title" : "Big Man - A Policy for Hell",
    "overview" : "",
    "genres" : [ ]
  }, {
    "id" : 259639,
    "title" : "Henry",
    "overview" : "A short film made for an IBM-sponsored exhibition in Paris.",
    "genres" : [ ]
  }, {
    "id" : 259649,
    "title" : "Hiroshima: Why the Bomb Was Dropped",
    "overview" : "Peter Jennings takes a behind-the-scenes look at the Truman administration and the events that led to the atomic bombing of Japan in 1945. Includes footage of the incredible destruction, some of which has been kept secret for decades.",
    "genres" : [ {
      "id" : 99,
      "name" : "Documentary"
    } ]
  }, {
    "id" : 259654,
    "title" : "That's Magic!",
    "overview" : "A musical tale about one magician who comes face to face with his own self doubt about the existence of magic in the world.",
    "genres" : [ {
      "id" : 14,
      "name" : "Fantasy"
    }, {
      "id" : 10402,
      "name" : "Music"
    } ]
  }, {
    "id" : 259664,
    "title" : "Short Changed",
    "overview" : "Bob Merritt’s most personal film project, Short Changed was described by its author as 'an Aboriginal Kramer vs Kramer': the moving account of an Aboriginal political activist (David Kennedy) fighting his white ex-wife (Susan Leith) for joint custody of their ‘magpie son’.  Unflinching and unsentimental in its subtle grasp of modern, urban Aboriginal society’s conflicting social obligations to two cultures.",
    "genres" : [ ]
  }, {
    "id" : 259669,
    "title" : "A Liar and a Broken Girl",
    "overview" : "In a small rural town, a brother and sister goes missing and there's also a serial killer case involving woman as the victims. Mayu Misono (Aya Omasa) is a sophomore high school student in the town. She is called \"Ma-chang\". When Mayu Misono was young, she was also kidnapped and locked up. Since that time she has been traumatized and has become indifferent to everything around her. One day, in front Mayu's mansion, her childhood friend Mii-kun (Shota Sometani), who was kidnapped with Mayu, suddenly appears. Ma-chang hugs Mii-kun. Up until now, she has waited for Mii-kun. Mayu has lived in the mansion alone, until a week ago, when she kidnapped two elementary school aged kids and has kept them locked in her mansion. To hide Mayu's crime, the four of them will live together in the mansion. The truth of what happened 10 years ago becomes slowly revealed. The reason Mi-kun tries to protect Mayu, even puts his life at risk, all connects to an unexpected real criminal.",
    "genres" : [ {
      "id" : 18,
      "name" : "Drama"
    }, {
      "id" : 10749,
      "name" : "Romance"
    } ]
  }, {
    "id" : 259679,
    "title" : "Requiem For The Big East",
    "overview" : "Documentary about the Big East.",
    "genres" : [ {
      "id" : 99,
      "name" : "Documentary"
    } ]
  }, {
    "id" : 259684,
    "title" : "Char·ac·ter",
    "overview" : "A raw and candid dialogue about the life and craft of acting between longtime colleagues and friends Dabney Coleman, Peter Falk, Charles Grodin, Mark Rydell, Harry Dean Stanton and Sydney Pollack. Drago Sumonja's document takes us into the hearts, minds, and living rooms of some of America's greatest storytellers.",
    "genres" : [ {
      "id" : 99,
      "name" : "Documentary"
    } ]
  }, {
    "id" : 259689,
    "title" : "Man.Road.Cars.",
    "overview" : "Nearly devoid of editing resources, the videos feature single shots of anonymous people in daily life, subtly revealed/highlighted through zooming. Instead of uncovering reality, though, the videos end up turning it into pure invention. The “videorhizomes” are not limited to production and screening in regular, traditional circuits. The process includes sending the videos to a person that is randomly chosen from the phone book.",
    "genres" : [ {
      "id" : 10769,
      "name" : "Foreign"
    } ]
  }, {
    "id" : 259694,
    "title" : "How to Be Single",
    "overview" : "New York City is full of lonely hearts seeking the right match, and what Alice, Robin, Lucy, Meg, Tom and David all have in common is the need to learn how to be single in a world filled with ever-evolving definitions of love.",
    "genres" : [ {
      "id" : 35,
      "name" : "Comedy"
    }, {
      "id" : 10749,
      "name" : "Romance"
    } ]
  }, {
    "id" : 259699,
    "title" : "Haute Route",
    "overview" : "",
    "genres" : [ {
      "id" : 99,
      "name" : "Documentary"
    } ]
  }, {
    "id" : 259704,
    "title" : "Julie, chevalier de Maupin",
    "overview" : "",
    "genres" : [ {
      "id" : 10749,
      "name" : "Romance"
    }, {
      "id" : 12,
      "name" : "Adventure"
    }, {
      "id" : 18,
      "name" : "Drama"
    } ]
  }, {
    "id" : 259714,
    "title" : "Big Man",
    "overview" : "Uzoma likes to play games. But games have consequences.",
    "genres" : [ ]
  }, {
    "id" : 259719,
    "title" : "Getulio",
    "overview" : "The movie depicts the political crisis that led to the suicide of president Getúlio Vargas, in the 19 days that preceded August 24, 1954. The crisis began with the attempted assassination of journalist and politician Carlos Lacerda (Alexandre Borges) in August 5, 1954, at rua Toneleros, Rio de Janeiro, in which Major Vaz was assassinated instead. Investigations pointed to Gregório Fortunato (Thiago Justino), chief of Vargas' personal guard, as the orderer of the frustrated assassination. This incident was one of the most importants in the history of Brazil.",
    "genres" : [ {
      "id" : 18,
      "name" : "Drama"
    } ]
  }, {
    "id" : 259724,
    "title" : "Lilies of the Field",
    "overview" : "Silent screen sweetheart Corinne Griffith, who originally wanted to retire when talkies came in, proved the wisdom of her earlier decision when she starred in the clunky musical drama Lilies of the Field. Griffith is cast as Mildred Harker, who loses custody of her child in a messy divorce settlement. Leaving her hometown in disgrace, Mildred heads to New York, where after a crash course in the school of hard knocks she joins the chorus of a Ziegfeld-like musical revue. Now a full-fledged gold-digger, she enjoys the favors of backstage johnnies and elderly sugar daddies, but finally finds true love in the form of Park Avenue socialite Ted Willing (Ralph Forbes).  Remake of 1924 film of the same name and star.",
    "genres" : [ {
      "id" : 18,
      "name" : "Drama"
    } ]
  }, {
    "id" : 259729,
    "title" : "Candles at Nine",
    "overview" : "A rich but miserly old man taunts his relatives about who will get his money when he dies, and is soon mysteriously murdered. It turns out that he has left his estate to a beautiful young actress whom the other relatives didn't know was related to him. Several attempts on her life are thwarted by a detective, who sets out to discover who's behind the scheme to kill her.",
    "genres" : [ {
      "id" : 9648,
      "name" : "Mystery"
    } ]
  }, {
    "id" : 259734,
    "title" : "Capital (Todo el mundo va a Buenos Aires)",
    "overview" : "A broken heart makes Sergio reject the city......A city full of late adolescents, girls that make you cry, drunks worried about matters they couldn´t handle even sober...and songs that say all that they would have wanted to say (if they knew that they needed to say something)",
    "genres" : [ {
      "id" : 35,
      "name" : "Comedy"
    }, {
      "id" : 18,
      "name" : "Drama"
    } ]
  }, {
    "id" : 259744,
    "title" : "Fariaho",
    "overview" : "",
    "genres" : [ {
      "id" : 18,
      "name" : "Drama"
    } ]
  }, {
    "id" : 259749,
    "title" : "42nd Street Memories: The Rise and Fall of America's Most Notorious Street",
    "overview" : "The story behind the rise and fall of New York's 42nd Street. The cinemas, the films, the people, the crime and the rebirth of the block as \"New 42nd Street\" - this is the document of the world's most notorious movie strip.",
    "genres" : [ {
      "id" : 99,
      "name" : "Documentary"
    } ]
  }, {
    "id" : 259759,
    "title" : "Formula schastya",
    "overview" : "Romance, in Russian language",
    "genres" : [ {
      "id" : 10749,
      "name" : "Romance"
    } ]
  }, {
    "id" : 259764,
    "title" : "Le Piège d'Issoudun",
    "overview" : "",
    "genres" : [ {
      "id" : 18,
      "name" : "Drama"
    } ]
  }, {
    "id" : 259769,
    "title" : "The Last of the Ski Bums",
    "overview" : "A film about three ski-bums (Run Funk, Mike Zuetell and Ed Ricks) that are followed by another ski bum (Dick Barrymore),with a 16mm Bolex camera, who filmed a four-month part of their nomadic and vanishing-breed way of life across four continents. These are four people doing every day what others work fifty weeks of the year to buy for two weeks. They were also becoming a vanishing breed who were becoming unwelcome from Aspen to Val d'Isere.",
    "genres" : [ ]
  }, {
    "id" : 259779,
    "title" : "Queen of the Night",
    "overview" : "The story takes place in Osijek in 1968. Seventeen-year-old Tomo is the greatest hope the town of Osijek has for winning the Junior Cup of Yugoslavia. Josip Broz Tito himself is expected to come to Osijek to open the competition. Nevertheless, Tomo is more interested in girls than in rowing. The beautiful prostitute Betika and a lovely girl named Jasna have captured his heart. Unfortunately, he has impotence issues of which even his doctors are unaware. Therefore, is unable to realize his sexual fantasies. Finally, he ends up in a hospital where local members of the political elite persuade him to compete in the cup. These pressures come to a head when his father is taken to prison as a political suspect.",
    "genres" : [ {
      "id" : 18,
      "name" : "Drama"
    } ]
  }, {
    "id" : 259789,
    "title" : "Ça rend heureux",
    "overview" : "The efforts of a Belgian director who has to stick posters of his film everywhere and harass crowds to get people to come and see his film. When it turns out to be a flop, he is jobless and his partner leaves him. An ironic account of rising director Joachim La Fosse’s directing debut.",
    "genres" : [ {
      "id" : 35,
      "name" : "Comedy"
    } ]
  }, {
    "id" : 259794,
    "title" : "India.Arie - Live in Brazil",
    "overview" : "This leg of the journey picks up India.Arie who leads us to Bahia in Brazil, where she continues on her spiritual journey through life and generously takes us by the hand and shows us a vastly different culture.  India.Arie’s music is rich, involving and highly spiritual. The guitar plays a huge part in her music, with two supporting guitarists accompanying Arie and her guitar. The raw percussion sound strongly backs up the powerful lyrical quality of this artist, and rich harmonies stream from the songs with so much emotion and heart.",
    "genres" : [ ]
  }, {
    "id" : 259804,
    "title" : "The Light in Her Eyes",
    "overview" : "Houda al-Habash, a conservative Muslim preacher, founded a Qur'an school for girls in Damascus, Syria when she was just 17 years old. Every summer, her female students immerse themselves in a rigorous study of Islam, in addition to their secular schooling. A surprising cultural shift is underway-women are claiming space within the mosque, a place historically dominated by men. Challenging tradition, Houda insists education for women is a form of worship. Using Qur'anic teachings, she encourages her students to pursue higher education, jobs, and public lives, while remaining committed to an interpretation of Islam prioritizing women's role as wives and mothers. In a world rarely seen, The Light In Her Eyes tells the story of a leader who challenges the women of her community to live according to Islam, without giving up their dreams. Shot right before the uprising in Syria erupted, the film is an exclusive look at a social movement thriving in a country controlled by a repressive regime",
    "genres" : [ {
      "id" : 99,
      "name" : "Documentary"
    } ]
  }, {
    "id" : 259819,
    "title" : "Protocol",
    "overview" : "In the future cloning machines known as “Multipliers” were forbidden and abandoned still operating. They still create clones inside them, in an infinite loop that is perpetuated by their security protocol.",
    "genres" : [ {
      "id" : 878,
      "name" : "Science Fiction"
    } ]
  }, {
    "id" : 259824,
    "title" : "Stalking You",
    "overview" : "Lazlo loves Sirena, but she deceives him with Lazlo´s shadow. A story that takes us into the dreams of those who love, who live with fear and die of love.",
    "genres" : [ ]
  }, {
    "id" : 259829,
    "title" : "The Crypt",
    "overview" : "The Church sends in a team to investigate the tragic deaths of a young group found in the crypt of a Convent.",
    "genres" : [ {
      "id" : 27,
      "name" : "Horror"
    } ]
  }, {
    "id" : 259834,
    "title" : "Wild Seed",
    "overview" : "A man who escaped from a prison comes to his inmate's village to find his wife, after having been told how wonderful she is. He hides at her place only to find out that she receives \"night visits\" from the village men. He starts a killing spree, causing panic among the locals.",
    "genres" : [ {
      "id" : 18,
      "name" : "Drama"
    } ]
  }, {
    "id" : 259839,
    "title" : "Dolla Morte",
    "overview" : "A film entirely made with dolls. Including everything you could ever want in a nice little offensive package.",
    "genres" : [ {
      "id" : 35,
      "name" : "Comedy"
    }, {
      "id" : 27,
      "name" : "Horror"
    } ]
  }, {
    "id" : 259844,
    "title" : "God Has a Rap Sheet",
    "overview" : "8 men in a holding cell with a homeless man who claims to be god",
    "genres" : [ {
      "id" : 18,
      "name" : "Drama"
    } ]
  }, {
    "id" : 259849,
    "title" : "Class",
    "overview" : "Preppy and wealthy Whitt Sheffield is in his last semester of law school when a professor assigns him to act as an advocate for a young, single mother who needs help finding - and keeping - a job. Whitt, whose snooty father wants Whitt to follow him into corporate law, is insulted by the low-class assignment, especially after he meets Kylie Burch, the woman he has to help. Kylie and Whitt clash at first, and it looks like Whitt will never be able to help her if he doesn't understand her situation. But when Kylie and her son's future as a family is suddenly threatened, Whitt discovers he and Kylie may not be so different, after all.",
    "genres" : [ {
      "id" : 18,
      "name" : "Drama"
    }, {
      "id" : 10749,
      "name" : "Romance"
    } ]
  }, {
    "id" : 259854,
    "title" : "Endless City",
    "overview" : "The story of the construction of the Ciudad Progresiva urban complex, with a modern development model that conflicts with patrimonial assets such as the seventeenth century San Sebastian Martir church, infringes on the traditions of the members of the Pueblo de Xoco community, who offer their testimonials.",
    "genres" : [ ]
  }, {
    "id" : 259859,
    "title" : "The Imaginary and his Tunnel",
    "overview" : "In between the reality and the imagination of the people from Ures, the ancient capital of Sonora State, Mexico, a «imaginary» it’s shaped and it turns significant through a bunch of stories-legends about the old tunnels that cross and connect the main buildings of the village. Finding the entrance to one of them, may allow the people to find their own history.",
    "genres" : [ ]
  }, {
    "id" : 259864,
    "title" : "El Triunfo, Cloud Forest",
    "overview" : "El Triunfo  was enacted in 1990 as a Biosphere Reserve and is located at the Sierra Madre of Chiapas, Mexico. The Cloud Forest is the last refuge for endemic and endangered species like the Green Aracari, the tapir, the  jaguar, the quetzal, the puma, the peacock and over 2,000 species of mosses, plants and fungi that are not yet classified. All inhabit this forest comprised of 119,000 hectares.",
    "genres" : [ ]
  }, {
    "id" : 259869,
    "title" : "The Adventures of Wee Rob Roy",
    "overview" : "An animated film of the adventures of Wee Rob Roy",
    "genres" : [ {
      "id" : 16,
      "name" : "Animation"
    } ]
  }, {
    "id" : 259874,
    "title" : "A Leap of Life",
    "overview" : "There was a time when the El Salto de Juanacatlán waterfall was considered the Niagara Falls of Mexico for its beauty and crystal-clear waters. The growth of industry in Guadalajara and the incessant pouring of toxic and chemical substances into the Santiago River have devastated this once pristine area, which now also poisons the town itself. For 30 years a family: Graciela, her husband Enrique, and their daughter Sofía, have dedicated themselves to fight against the indifference of the authorities and the impunity of corporations to rescue what was once a river full of life.",
    "genres" : [ ]
  }, {
    "id" : 259879,
    "title" : "20 Ft Below: The Darkness Descending",
    "overview" : "Below the streets of New York is a dark and dangerous world hidden in the shadows of abandoned subway tunnels and miles of forgotten infrastructure. When a young documentary filmmaker goes into these tunnels to uncover the unseen stories of the people living below our feet, she finds out that there is more to be afraid of than the dark. A mysterious figure, living beyond the reach of the law, has declared war on the outside world that threatens to tear apart the fragile underground society living in the tunnels and maybe even the city above it.",
    "genres" : [ {
      "id" : 53,
      "name" : "Thriller"
    } ]
  }, {
    "id" : 259889,
    "title" : "Fordlândia",
    "overview" : "",
    "genres" : [ {
      "id" : 99,
      "name" : "Documentary"
    } ]
  }, {
    "id" : 259894,
    "title" : "A Sister's Revenge",
    "overview" : "A restaurateur has it all - a successful business, a beautiful house and a loving family - until a ravishing femme fatale with stiletto heels and an ax to grind walks into his life.",
    "genres" : [ {
      "id" : 53,
      "name" : "Thriller"
    }, {
      "id" : 18,
      "name" : "Drama"
    }, {
      "id" : 9648,
      "name" : "Mystery"
    } ]
  }, {
    "id" : 259899,
    "title" : "Eternity",
    "overview" : "A documentary about Christian evangelist Arthur Stace, who spent 35 years writing the word \"Eternity\" in chalk around Sydney.",
    "genres" : [ {
      "id" : 99,
      "name" : "Documentary"
    } ]
  }, {
    "id" : 259904,
    "title" : "Keramat",
    "overview" : "A bunch of young movie maker from Jakarta arrived in Bantul, Yogyakarta to prepare for the shoot. Things were normal until the second day when they started to experience unexplained phenomenon. It is as if someone or something doesn’t want them to be there.",
    "genres" : [ {
      "id" : 27,
      "name" : "Horror"
    } ]
  }, {
    "id" : 259909,
    "title" : "Manoos",
    "overview" : "A love tragedy featuring a policeman, Ganpat (Modak) and a prostitute, Mainal (Hublikar). Ganpat saves Maina from a police raid on a brothel and they fall in love. Her reputation and sense of guilt resist his attempts to rehabilitate her. Ganpat's respectable middle-class mother (Sundarabai) symbolizes all that Maina would like to be, but she is arrested for murdering her evil uncle and refuses Ganpat's offer to release her from prison.",
    "genres" : [ {
      "id" : 10749,
      "name" : "Romance"
    }, {
      "id" : 18,
      "name" : "Drama"
    } ]
  }, {
    "id" : 259914,
    "title" : "Heart-Break.com",
    "overview" : "A man was heartbroken by his beloved girlfriend. They could relate distance because she had disappeared for her studies to Australia for 1 year. Suddenly they relationship end because it turns out his girlfriend dating another man. The man best friend trying to turn him back the loss of life due to a broken heart.",
    "genres" : [ {
      "id" : 35,
      "name" : "Comedy"
    }, {
      "id" : 10749,
      "name" : "Romance"
    } ]
  }, {
    "id" : 259919,
    "title" : "Neskolko prizraznih dnei",
    "overview" : "Drama, suspense - in Russian language",
    "genres" : [ ]
  }, {
    "id" : 259924,
    "title" : "Wildfire",
    "overview" : "Since they met the first time in boarding school as little kids, it was obvious that the orphans Kay and Dave would become a couple. But at sixteen, Dave foolishly attempted to rob a bank with a water pistol, and ended up in jail for eight years. Meanwhile Kay was sent to foster parents, where she met the successful business man Mike, whom she married and bore two kids. Now Frank is released from prison and immediately starts wooing Kay again. Although she's happy with Mike, she can't withdraw herself completely. Old memories and her husband's jealousy make her spend more and more time with him.",
    "genres" : [ {
      "id" : 18,
      "name" : "Drama"
    } ]
  }, {
    "id" : 259929,
    "title" : "Children of Love",
    "overview" : "Shows us a weekend in the life of a family torn by disputes and disappointments.",
    "genres" : [ {
      "id" : 18,
      "name" : "Drama"
    } ]
  }, {
    "id" : 259934,
    "title" : "El kotbia",
    "overview" : "El-Kotbia (The Bookshop), takes place at bookstore, and at the home of the family who owns it. Jamil (Ahmed El-Haffiene) goes to work for Tarek (Yadh Beji), and is given room and board as the store as part of the arrangement. Tarek's wife, Lelia (Hend Sabri), harbors dreams of becoming a professional singer, and is in conflict with her mother-in-law, Aicha (Martine Gafsi). Aicha is flamboyant by nature, leading to speculation from townspeople about the exact nature of her friendship with Jamil.",
    "genres" : [ ]
  }, {
    "id" : 259939,
    "title" : "Te gek om los te lopen",
    "overview" : "Patients in a psychiatric clinic are placed in a special home in the city, where they have access to the outside world. Another change to their previous situation is the fact that two female patients come to live with them.",
    "genres" : [ ]
  }, {
    "id" : 259944,
    "title" : "De vlinder tilt de kat op",
    "overview" : "David Storm learned 10 years ago that he has MS. For this reason and without telling her he leaves his girlfriend, Linda. Now he lives alone and only his brother, Anton, has much contact with him.",
    "genres" : [ {
      "id" : 18,
      "name" : "Drama"
    } ]
  }, {
    "id" : 259949,
    "title" : "Point of No Return",
    "overview" : "Woefully underrated HK action drama concerning hitmen and gangsters.  Circa 1990, were there any other characters befitting of a HK film?  Nope!  Jacky Cheung dresses the part as a hitman who falls for the lovely Joey Wong.  Wong is reduced to the part of a flower vase but the juice of the film is the loving early 90's HK action.  Some crazy characters in this one.  Look out for the colorful hitman duo of Ken Lo as 'Puma' and Ling Gwai-yuet as Lily.  Are there better action films from this era?  Sure.  But this one doesn't disappoint.",
    "genres" : [ ]
  }, {
    "id" : 259954,
    "title" : "5 to 7",
    "overview" : "A young writer begins an affair with an older woman from France whose open marriage to a diplomat dictates that they can meet only between the hours of 5 p.m. to 7 p.m.",
    "genres" : [ {
      "id" : 35,
      "name" : "Comedy"
    }, {
      "id" : 10749,
      "name" : "Romance"
    } ]
  }, {
    "id" : 259959,
    "title" : "All About Ann: Governor Richards of the Lone Star State",
    "overview" : "All About Ann celebrates the achievements of larger-than-life Ann Richards, who became the first elected female governor of Texas. Her cool demeanor, acid wit, and passion for social inclusivity made her one of the most powerful and progressive governors in U.S. history, a liberal democrat intent on building “the new Texas.” But, when the 1994 election begins, Richards is faced with her toughest challenge yet, as an increasingly conservative majority turn towards a new, pro-business candidate: George W. Bush.",
    "genres" : [ {
      "id" : 99,
      "name" : "Documentary"
    } ]
  }, {
    "id" : 259964,
    "title" : "Vengayam",
    "overview" : "A tale with a message, the story is set on the backdrop of a village and here is a police constable (alexander) who falls in love with Tamizh (bhavina), the daughter of a milkman. The village also has good number of godmen and astrologers who are fake. They keep coming up with false prophecies and loot the innocent villages. The story takes a turn when all of them go missing one day. Anbu is entrusted with the case of locating the missing individuals. What happens after that forms the rest of the story.",
    "genres" : [ ]
  }, {
    "id" : 259969,
    "title" : "Ultimate Deception",
    "overview" : "Terry is desperate to start a family. Unable to bear her own children, she must rely on adoption, which proves to be a difficult task.",
    "genres" : [ {
      "id" : 10770,
      "name" : "TV Movie"
    }, {
      "id" : 53,
      "name" : "Thriller"
    } ]
  }, {
    "id" : 259979,
    "title" : "Nezulla the Rat Monster",
    "overview" : "A Japanese Company funded by the USA experimenting with anti-bacteriological weapons creates a mutated humanoid rat creature which becomes violent and murders the lab technicians. The lab is condemned and its horrifying experiments kept a secret. However the strange bacteria leak from the lab and spreads to the nearby inhabitants causing a humanoid epidemic! Three people are sent to the lab to uncover the US government conspiracy that unleashed a bloodthirsty monster beyond their wildest imagination.",
    "genres" : [ ]
  }, {
    "id" : 259984,
    "title" : "Cop Target",
    "overview" : "Farley Wood is hired to escort a rich widow of a DEA agent and her kid to the tropical island of San Cristobal. The widow needs protection from a gang of international terrorists and her escort soon suspects that the deceased husband was involved in dirty drug dealings. While on the island, the daughter is kidnapped by a group of seedy South American thugs and held for ransom. The cop escort gets official orders to leave the case to the FBI, but he decides to his own investigating and finds that the crime may have had political motivations.",
    "genres" : [ {
      "id" : 28,
      "name" : "Action"
    }, {
      "id" : 80,
      "name" : "Crime"
    }, {
      "id" : 53,
      "name" : "Thriller"
    } ]
  }, {
    "id" : 259989,
    "title" : "As Boys Grow...",
    "overview" : "The coach of a freshman track team explains the intricacies of the male reproduction system, and how to use it, to his team.",
    "genres" : [ ]
  }, {
    "id" : 259994,
    "title" : "Ultimo stadio",
    "overview" : "",
    "genres" : [ ]
  }, {
    "id" : 259999,
    "title" : "Keep On Keepin’ On",
    "overview" : "Eighty-nine year old trumpeting legend Clark Terry has mentored jazz wonders like Miles Davis and Quincy Jones, but Terry’s most unlikely friendship is with Justin Kauflin, a 23-year-old blind piano player with uncanny talent, but debilitating nerves. As Justin prepares for the most pivotal moment in his budding career, Terry’s ailing health threatens to end his own.",
    "genres" : [ {
      "id" : 99,
      "name" : "Documentary"
    } ]
  }, {
    "id" : 260014,
    "title" : "Man Hunting: Redemption",
    "overview" : "A man hunts girls who got lost in the jungle. When the news broke about one of the dead brutally murdered, a group of special forces is assigned to rescue whoever is still alive. Upon arriving at his hideout, they successfully rescue one. However little did they know that they are not dealing with an ordinary hunter. They too become a target and soon running for their lives is the only option.",
    "genres" : [ ]
  }, {
    "id" : 260019,
    "title" : "Sleeping with the Devil",
    "overview" : "Professional nurse Rebecca Dubrovich is swept off her feet by charming millionaire Dick Strang, and the two begin a passionate romance. Only when it is too late does Rebecca discover that Strang has a very dark side...",
    "genres" : [ {
      "id" : 18,
      "name" : "Drama"
    } ]
  }, {
    "id" : 260024,
    "title" : "Samarang",
    "overview" : "A pseudo-documentary, “Samarang” tells the story of lowly Ahmang (Captain A.V. Cockle) and his socially superior love, Sai-Yu (Theresa Seth).  Both live in the village of Samarang in the Indian Ocean.  Because Sai-Yu is the daughter of a chief and Ahmang is but a poor fisherman, he needs to increase his wealth before asking for her hand.  Thus he accepts the perilous offer of the wily Chang-Fu, who seeks pearl divers.  Ahmang must brave the treacherous waters of the Forbidden Lagoon of Sakai, home to bloodthirsty cannibals, killer sharks, and a monstrous grasping octopus.  Sai-Yu and Ahmang’s younger brother Ko-Hai come along for kicks, too.  Ahmang finds his pearl, but he and Sai-Yu are stranded on the island, where they befriend a local orangutan.  When they return to the boat, a shark kills Ko-Hai, and Ahmang must get revenge.",
    "genres" : [ {
      "id" : 28,
      "name" : "Action"
    }, {
      "id" : 99,
      "name" : "Documentary"
    } ]
  }, {
    "id" : 260029,
    "title" : "The Bride with the Most Beautiful Eyes",
    "overview" : "Exotic, yet lyrically aimed fairy tale about a young gypsy Pista in search of a beautiful, gentle and faithful bride. An old man told him where to find a girl with those qualities, so Pista sets out on a journey to find the girl of his dreams without knowing that she is special: an hour a day human and rest of the day a chicken...",
    "genres" : [ {
      "id" : 10751,
      "name" : "Family"
    }, {
      "id" : 14,
      "name" : "Fantasy"
    } ]
  }, {
    "id" : 260034,
    "title" : "Ghost in the Noonday Sun",
    "overview" : "A pirate crewman kills his captain after learning where he has hidden his buried treasure. However, as he begins to lose his memory, he relies more and more on the ghost of the man he just murdered to help him find the loot.",
    "genres" : [ ]
  }, {
    "id" : 260039,
    "title" : "Pirate of the Half Moon",
    "overview" : "Gianna Maria Canale as the Duchess who is offered a banquet and requests for a hard-boiled egg. The stingy Spanish lord, who used his last gunpowder to fire a salute to the noble lady and thus has no more when a bunch of pirates, led by Nadir, launches an attack against his castle. Nadir is the dashing fiery hero.",
    "genres" : [ {
      "id" : 12,
      "name" : "Adventure"
    }, {
      "id" : 18,
      "name" : "Drama"
    } ]
  }, {
    "id" : 260044,
    "title" : "Big Time",
    "overview" : "A small time con-artist gets between the FBI and a suitcase filled with money.",
    "genres" : [ {
      "id" : 35,
      "name" : "Comedy"
    } ]
  }, {
    "id" : 260049,
    "title" : "Cover Girls",
    "overview" : "Two beautiful fashion models work undercover as secret agents.",
    "genres" : [ ]
  }, {
    "id" : 260054,
    "title" : "Getting Over",
    "overview" : "Senor Daniels stars as Mike, a man with a dream of making it big in the music industry. He gets conned by a bigoted board chairman, and has his label, 'Impossibly Funky Records' taken over. As surmised by Alllmovie, this tuneful drama features the rock group Love Machine as it tells the tale of a record promoter hired by a crooked producer to fulfill affirmative action quotas. It is the hard-working, independent-minded promoter who discovers and develops the Love Machine, an all female group. The trouble begins when the group's lead singer is kidnapped and the promoter learns that his employer's label is really a front for the mob.",
    "genres" : [ ]
  }, {
    "id" : 260059,
    "title" : "Tödliche Wildnis – Sie waren jung und mussten sterben",
    "overview" : "",
    "genres" : [ {
      "id" : 53,
      "name" : "Thriller"
    } ]
  }, {
    "id" : 260064,
    "title" : "My Man and I",
    "overview" : "Chu Chu Ramirez is a Mexican farm laborer in California, with lofty ideals, who is very proud of his new American citizenship. During his time off, he tries to befriend the alcoholic bar girl Nancy. After working for a month for the subsistence farmer Mr. Ames and his frustrated wife, Chu Chu discovers that his paycheck bounces and Ames stalls in paying him. Just after a confrontation between Ames and Chu Chu, Ames is accidentally wounded by his own shotgun and he and his wife blame it on Chu Chu. Despite the support of his friends and sympathetic sheriff, Chu Chu is given a year's sentence.",
    "genres" : [ {
      "id" : 18,
      "name" : "Drama"
    } ]
  }, {
    "id" : 260069,
    "title" : "Beyonce Live in Atlantic City",
    "overview" : "Live in Atlantic City, which contains live footage from Knowles' four-night residency show Revel Presents: Beyoncé Live in May 2012 at Revel Atlantic City, was released as part of the two-disc set of the home media release of Life Is But a Dream on November 25, 2013. It contains the live performances of 21 songs along with a new song, \"God Made You Beautiful\".",
    "genres" : [ {
      "id" : 10402,
      "name" : "Music"
    } ]
  } ]
}