{
  "movies" : [ {
    "id" : 100744,
    "title" : "Andre folks børn",
    "overview" : "",
    "genres" : [ ]
  }, {
    "id" : 100754,
    "title" : "The Killing Grounds",
    "overview" : "Set against the backdrop of a violent gang war, the police commissioner must find who is killing young children before the next innocent victim dies.",
    "genres" : [ {
      "id" : 28,
      "name" : "Action"
    }, {
      "id" : 53,
      "name" : "Thriller"
    } ]
  }, {
    "id" : 100764,
    "title" : "Los chulos",
    "overview" : "",
    "genres" : [ {
      "id" : 35,
      "name" : "Comedy"
    } ]
  }, {
    "id" : 100769,
    "title" : "Richard Rodgers: Some Enchanted Evening",
    "overview" : "This star-studded gala celebrates the centenary of the birth of legendary Broadway composer Richard Rodgers.  Rodgers' contribution to musical theatre was extraordinary, including 900 published songs, 40 Broadway musicals and several film scores.  Rodgers, together with lyricists Lorenz Hart and later Oscar Hammerstein II, wrote many of the best known musicals of the 20th Century, including Babes In Arms, Oklahoma!, Carousel, South Pacific, The King and I and The Sound of Music.  This performance at London's Theatre Royal, Drury Lane, directed for the stage by Simon Callow, includes songs, dance, staged numbers and anecdotes featuring leading stars from both Broadway and London's West End.  The cast comprises luminaries drawn from Oklahoma!, Kiss Me Kate, Chicago, The King and I and other recent productions as well as from television.  This musical extravaganza features many of Rodgers' best-loved classics.",
    "genres" : [ {
      "id" : 10402,
      "name" : "Music"
    }, {
      "id" : 99,
      "name" : "Documentary"
    } ]
  }, {
    "id" : 100779,
    "title" : "Ramírez",
    "overview" : "A lonesome guy finds himself in a downwards spiral of money, drugs and crime.",
    "genres" : [ {
      "id" : 53,
      "name" : "Thriller"
    } ]
  }, {
    "id" : 100784,
    "title" : "Khrustalyov, My Car!",
    "overview" : "Military doctor General Klenski is arrested in Stalin's Russia in 1953 during an anti-Semitic political campaign accused of being a participant in so-called \"doctors' plot\".",
    "genres" : [ ]
  }, {
    "id" : 100794,
    "title" : "Walking, Walking",
    "overview" : "Italian maestro Ermanno Olmi tells the tale of the journey of the Magi in this lyrical odyssey. The film focuses on a wise man who interprets his sighting of a comet streaking through the sky as a spiritual message. Joined by two associates, soldiers, villagers and others, the Magi sets out on a journey that tests his beliefs and strength.",
    "genres" : [ {
      "id" : 18,
      "name" : "Drama"
    }, {
      "id" : 10769,
      "name" : "Foreign"
    } ]
  }, {
    "id" : 100799,
    "title" : "Analog Days",
    "overview" : "Newhall, California sits about thirty miles north of Los Angeles, not quite the middle of nowhere, but not exactly a real city either. It's somewhere in between. A place where the youth work at Video Depot, go to community college, struggle with jocks and townies, and all do their best to understand politics, their careers, their love life and self-image. It's here that Jordan, Molly, Tammy, and Lloyd are about to understand that in life you don't always get what you want. Sometimes you're stuck never leaving home, never fitting in, or never really knowing who your friends are. This is their transition toward growing up and realizing that real life doesn't always end up like a movie.",
    "genres" : [ ]
  }, {
    "id" : 100814,
    "title" : "Nazty Nuisance",
    "overview" : "Germany's Adolf Hitler, with his Axis-stooges, Italy's Mussolini and Japan's Suki Yama, although he tried to avoid taking them, is on his way, via submarine, to a tropical country to negotiate a treaty with the High Chief Paj Mab. However, an American P.T-boat crew is already there and have some plans for schickenbit-grubber and his buddies.",
    "genres" : [ {
      "id" : 28,
      "name" : "Action"
    }, {
      "id" : 12,
      "name" : "Adventure"
    }, {
      "id" : 10752,
      "name" : "War"
    } ]
  }, {
    "id" : 100819,
    "title" : "Visions of Ecstasy",
    "overview" : "Short film banned for 23 years under UK blasphemy law.  The film shows the 16th Century Spanish nun St Teresa of Avila caressing the crucified body of Jesus.",
    "genres" : [ {
      "id" : 18,
      "name" : "Drama"
    }, {
      "id" : 36,
      "name" : "History"
    }, {
      "id" : 27,
      "name" : "Horror"
    } ]
  }, {
    "id" : 100824,
    "title" : "The Rear Gunner",
    "overview" : "Documentary-style drama on training of aerial rear gunners in World War II. Private PeeWee Williams, a Kansas farm boy, transforms his home-grown shooting skills into those necessary to an aerial gunner in the tail turret of an American bomber.",
    "genres" : [ {
      "id" : 18,
      "name" : "Drama"
    }, {
      "id" : 10752,
      "name" : "War"
    } ]
  }, {
    "id" : 100829,
    "title" : "This is What Love in Action Looks Like",
    "overview" : "In the summer of 2005 a 16yo Memphis, TN wrote on his MySpace blog about his parents sending him to a \"Fundamentalist Christian\" program that strives to turn gay teens straight. This documentary follows the inspirational story of this teens local community standing up for their friend with daily protests at the facility in what would become an international news story. The documentary features several former clients of the organization who tell their personal stories about the time they spent within the programs walls.",
    "genres" : [ {
      "id" : 99,
      "name" : "Documentary"
    } ]
  }, {
    "id" : 100834,
    "title" : "Reveille with Beverly",
    "overview" : "Beverly Ross, the switchboard operator at a local radio station, jumps at the chance to be the emcee of a recorded program at an early morning hour before the soldiers at a nearby army camp assemble for reveille. Bevery, sensing what bands and singers are favorites of the soldiers plays recordings she knows they will like and intersperses then with chatter and camp bulletins. Beverly's younger brother is a soldier at the camp, and two of his buddies, one rich and the other one poor, vie for Beverly's attentions.",
    "genres" : [ {
      "id" : 35,
      "name" : "Comedy"
    }, {
      "id" : 10402,
      "name" : "Music"
    }, {
      "id" : 10749,
      "name" : "Romance"
    } ]
  }, {
    "id" : 100839,
    "title" : "Orchids: My Intersex Adventure",
    "overview" : "Documentary filmmaker, Phoebe Hart, comes clean on a journey of self-discovery around her hidden intersex condition.",
    "genres" : [ {
      "id" : 99,
      "name" : "Documentary"
    } ]
  }, {
    "id" : 100849,
    "title" : "Habitat - Mosaic",
    "overview" : "The editing and filming techniques used are some of the most artistic and original in the industry through many different eyes. This Habitat's first full length video, Featuring Tim O'Connor, Fred Gall, Ed Selego, Rob Plunowski, Brian Wenning, Danny Renaud, Stefan Janoski, Danny Garcia, Kerry Getz Guest appearances by Alien Workshop stalwarts Jason Dill, Anthony Pappalardo, Heath Kirchart, Steve Berra, Danny Way, Anthony Van Engelen and Ted De Gros.",
    "genres" : [ ]
  }, {
    "id" : 100854,
    "title" : "Staying Up",
    "overview" : "Set in 1990 on an Air Force base in the mid-Atlantic. Billy is desperate to listen to his team Middlesborough, play Newcastle United. But Billy's quest for diversion masks an unspoken trauma in his past which he is forced to confront.",
    "genres" : [ ]
  }, {
    "id" : 100879,
    "title" : "Dangerous Love",
    "overview" : "A psychopath kills members of a video dating club and records their deaths.",
    "genres" : [ {
      "id" : 53,
      "name" : "Thriller"
    } ]
  }, {
    "id" : 100889,
    "title" : "Black Metal Satanica",
    "overview" : "BLACK METAL SATANICA is an in-depth documentary capturing the dark, mystical and evil history of the Black Metal genre. Based on Scandinavian Viking lore, Black Metal borrows from ancient Viking melodies, lyrics and mythology dating back to the 11th century.",
    "genres" : [ {
      "id" : 99,
      "name" : "Documentary"
    } ]
  }, {
    "id" : 100894,
    "title" : "The Mayor of Hell",
    "overview" : "Five members of a teen-age gang, including leader Jimmy Smith, are sent to the State Reformatory, presided over by the melodramatically callous Thompson. Soon, Patsy Gargan, a former gangster appointed Deputy Commissioner as a political favor, arrives complete with hip flask and blonde. Gargan falls for activist nurse Dorothy and, inspired by her, takes over the administration to run the place on radical principles. But Thompson, to conceal his years of graft, needs a quick way to discredit Gargan... Written by Rod Crawford",
    "genres" : [ {
      "id" : 80,
      "name" : "Crime"
    }, {
      "id" : 18,
      "name" : "Drama"
    } ]
  }, {
    "id" : 100904,
    "title" : "Submarine Base",
    "overview" : "Ship engineer Jim Taggert is rescued from a torpedoed tramp steamer by Joe Morgan, an American gangster that found New York too hot for him, and has become a fisherman operating from an out-of-the-way island off of the coast of South America. Morgan makes his headquarters at the Halfway House run by the parents of Maria Styx as a bar and dance resort catering to the planters and traders of the island. Taggert finds himself practically a prisoner along with a group of American girls acting as entertainers at the resort. Taggert shadows Morgan in his activities in a remote cove and finds that Morgan is supplying German U-boat commanders with torpedoes, but does not know that Morgan has rigged the torpedoes with clock devices that explode when at sea and sinks the U-boats.",
    "genres" : [ {
      "id" : 28,
      "name" : "Action"
    }, {
      "id" : 18,
      "name" : "Drama"
    }, {
      "id" : 10752,
      "name" : "War"
    } ]
  }, {
    "id" : 100909,
    "title" : "Swing Shift Maisie",
    "overview" : "Street-smart Maisie from Brooklyn lands a job at an airplane assembly plant during WWII and falls in love with handsome pilot \"Breezy\" McLaughlin. Breezy, however, falling in love with and getting engaged to Maisie's conniving roommate Iris, doesn't realize she's using him and it's up to Maisie to convince him.",
    "genres" : [ {
      "id" : 35,
      "name" : "Comedy"
    } ]
  }, {
    "id" : 100914,
    "title" : "Crows and Sparrows",
    "overview" : "At a Shanghai apartment, Mr Hou, a Nationalist official, gets ready to move to Taiwan upon the imminent defeat of the KMT during the Civil War. Mrs Hou gives an ultimatum to the rest of the tenants to move out on behalf of her husband, who is the \"owner\" of the flat and who is now planning to sell it. From the conversations with the rest, we find out that Hou has been a Hanjian during the Sino-Japanese War and that he has since taken over the apartment by force from the old landlord, Mr Kong.  The tenants, including Mr Kong, Mrs Xiao, Little Broadcast (alias Mr Xiao, played by Zhao Dan) and a schoolteacher, Mr Hua, and his wife, initially plan to band together, but circumstances force them to find other ways out. Mr Hua tries to find a place to stay at the KMT-sponsored school he is teaching in. Little Broadcast and Mrs Xiao invest in black market gold. As the situation escalates, Mr Hua gets arrested by KMT agents and his young daughter falls desperately ill.",
    "genres" : [ ]
  }, {
    "id" : 100919,
    "title" : "They Stooge to Conga",
    "overview" : "The stooges are repairmen who get a job fixing the doorbell in large house which is the secret headquarters of some Nazi spies. They manage to ruin most of the house while working on the wiring and then subdue the spies and sink an enemy submarine by remote control.",
    "genres" : [ {
      "id" : 35,
      "name" : "Comedy"
    }, {
      "id" : 10752,
      "name" : "War"
    } ]
  }, {
    "id" : 100929,
    "title" : "Slipstream",
    "overview" : "A reclusive Albertan DJ runs his popular pirate radio station in a remote farmhouse but begins to feel pressure from his romantic relationship with a fan and his producer who wants more mainstream content.",
    "genres" : [ {
      "id" : 14,
      "name" : "Fantasy"
    }, {
      "id" : 18,
      "name" : "Drama"
    }, {
      "id" : 35,
      "name" : "Comedy"
    }, {
      "id" : 878,
      "name" : "Science Fiction"
    } ]
  }, {
    "id" : 100954,
    "title" : "El Ratero de La Vecindad",
    "overview" : "Roberto es un ladrón que le hace creer a su hijo Pepito y a todos sus vecinos que es un honesto Mecánico. La güerita recién llegada a la vecindad es la muchacha de la que Roberto se ha enamorado. Pero Roberto tiene una doble vida, ya que también es Bobby \"El elagante\" jefe de una banda de ladrones, quienes siempre fallan en todos sus robos y juntos se ven envueltos en persecuciones graciosas y equivocaciones constantes. Una divertida comedia para toda la familia.",
    "genres" : [ {
      "id" : 35,
      "name" : "Comedy"
    }, {
      "id" : 80,
      "name" : "Crime"
    } ]
  }, {
    "id" : 100984,
    "title" : "Good Riddance",
    "overview" : "Set in a small rural town in the Quebec Laurentians, Michelle lives in an isolated house with her mentally-challenged brother Guy and her 13 year old daughter Manon. Together the three of them survive by running a small firewood business and performing other odd jobs. Michelle is frustrated with living in poverty and being the center of several people who demand her affection; her brother is like a second child who lives in his own world, his romantic obsession with their wealthy client Madame Viau-Vachon being an exercise in futility. Maurice, the local police chief, is her lover and Gaetan, a mechanic and family friend, would like to be. Most demanding of all is her daughter, who has an unhealthy emotional dependence on her. Precocious and uninterested in school, Manon is jealous of her Mother's suitors and angry at being left home to do chores and care for Guy. When an event occurs that threatens the emotional dynamic between Manon and her mother...",
    "genres" : [ {
      "id" : 18,
      "name" : "Drama"
    } ]
  }, {
    "id" : 101004,
    "title" : "Theirs Is the Glory",
    "overview" : "Re-enactment of World War 2 Battle of Arnhem using the survivors from the battle.",
    "genres" : [ {
      "id" : 10752,
      "name" : "War"
    }, {
      "id" : 99,
      "name" : "Documentary"
    } ]
  }, {
    "id" : 101014,
    "title" : "Palaces of Pity",
    "overview" : "Haunted by their own directionless lives, two pre-adolescent girls reunite while visiting their ailing grandmother. In the midst of her fantasies of a medieval past - one consumed by fear and desire - the two girls are transformed and confront a legacy of oppression.",
    "genres" : [ ]
  }, {
    "id" : 101024,
    "title" : "I Love Hong Kong 2012",
    "overview" : "Kwok Ching (Stanley Fung) is a soon-to-retire television weatherman who really has long aspired to be a news anchor. At home, he's single-handedly brought up three children, but they are fed up with him meddling in their lives. His eldest daughter Mei Mei (Teresa Mo) is a successful lawyer, and married to househusband Yao Ming (Eric Tsang). Tomboyish second daughter Ching Ching (Denise Ho) manages a supermarket and is in love with sissy promoter Lok Yi Nga (Bosco Wong). The youngest son Fu Shing (6wing) is an otaku enamored with beautiful starlet Vivian (Zhang Xinyu) and he unwittingly becomes the romantic rival of billionaire Roberto (William So). Meanwhile, struck by the shocking news of the world's impending doom, Kwok Ching is determined that he must reunite his family before it's too late...",
    "genres" : [ {
      "id" : 35,
      "name" : "Comedy"
    } ]
  }, {
    "id" : 101029,
    "title" : "The Alley Tramp",
    "overview" : "A teenage girl sets out on a sexual odyssey of having affairs with various men including her mother's secret boyfriend.",
    "genres" : [ {
      "id" : 18,
      "name" : "Drama"
    } ]
  }, {
    "id" : 101044,
    "title" : "Wings Over The Pacific",
    "overview" : "An American officer discovers a Nazi plot to take over an island in the Pacific on which oil has been discovered.",
    "genres" : [ {
      "id" : 10752,
      "name" : "War"
    }, {
      "id" : 28,
      "name" : "Action"
    }, {
      "id" : 18,
      "name" : "Drama"
    } ]
  }, {
    "id" : 101054,
    "title" : "Eat and Run",
    "overview" : "A humanoid alien lands on earth, and soon discovers he likes to eat Italian. Italian people, that is. Incompetent detective McSorely is the only one with a clue about what's going on, and even his grasp of the situation isn't too firm. The rest of the police force thinks he's crazy, while the alien continues sampling the Italian cuisine of New York City.",
    "genres" : [ {
      "id" : 27,
      "name" : "Horror"
    }, {
      "id" : 35,
      "name" : "Comedy"
    }, {
      "id" : 878,
      "name" : "Science Fiction"
    } ]
  }, {
    "id" : 101084,
    "title" : "Leon van der Zanden: Hoerenjong",
    "overview" : "",
    "genres" : [ ]
  }, {
    "id" : 101109,
    "title" : "Kristel Zweers - Ruig",
    "overview" : "",
    "genres" : [ ]
  }, {
    "id" : 101119,
    "title" : "Screaming Men",
    "overview" : "A documentary film about the Finnish screaming male choir.",
    "genres" : [ ]
  }, {
    "id" : 101124,
    "title" : "Beijing Taxi",
    "overview" : "BEIJING TAXI is a timely, uncensored and richly cinematic portrait of China’s ancient capital as it undergoes a profound transformation. The film takes an intimate and compelling look at the lives of three cab drivers as they confront modern issues and changing values against the backdrop of the 2008 Summer Olympic Games. Through their daily struggles infused with humor and quiet determination, BEIJING TAXI reveals the complexity and contradictions of China’s shifting paradigm.",
    "genres" : [ {
      "id" : 99,
      "name" : "Documentary"
    }, {
      "id" : 10769,
      "name" : "Foreign"
    } ]
  }, {
    "id" : 101129,
    "title" : "Rag Tale",
    "overview" : "A romance that plays out in the splashy, sensational world of British tabloids.",
    "genres" : [ ]
  }, {
    "id" : 101144,
    "title" : "Final Mission",
    "overview" : "Captain Tom \"Outlaw\" Waters is one of four Air Force pilots taking part in a \"black\" Defense project involving virtual reality. The project is managed by a secretive Colonel Anderson and overseen by General Breslaw. When two of his colleagues die during test runs after some erratic behaviour in the flight simulator, Waters begins to believe that there is a conspiracy among his superiors. He even begins to suspect his new lover, Caitlin Cole. Written by D.W. Prosser",
    "genres" : [ {
      "id" : 878,
      "name" : "Science Fiction"
    }, {
      "id" : 28,
      "name" : "Action"
    }, {
      "id" : 53,
      "name" : "Thriller"
    } ]
  }, {
    "id" : 101149,
    "title" : "Better Than Something: Jay Reatard",
    "overview" : "BETTER THAN SOMETHING is an exciting and intimate portrait of Memphis-based punk musician Jay Reatard, who toured the world and released dozens of records over the course of a 15 year career that began in his mid-teens. Original and never-before-seen footage documents his self-made journey to iconic garage rock star, with colleagues, friends, and family speaking candidly about Jay's vibrant and complicated life. Jay Reatard himself - filmed just nine months before his untimely death at the age of twenty-nine - shares his experiences both on and off stage, with all the humor, savvy, and pathos one can expect from such a prolific and vital artist.",
    "genres" : [ {
      "id" : 99,
      "name" : "Documentary"
    }, {
      "id" : 10402,
      "name" : "Music"
    } ]
  }, {
    "id" : 101154,
    "title" : "Berozgaar",
    "overview" : "Unemployed slacker Nawab lives a poor lifestyle in Chaqu-Pura, Hyderabad, with his elderly parents and refuses to find employment. He spends his time with another slacker, Baba, and are financed by their Auto-Rikshaw driver friend, Abbu. Both also indulge in petty theft and act as con-men to make money. His fed-up father asks them to leave, and they end up at Abbu's house. Not satisfied, they con Abbu's landlord, Jango Pathan, to lend them Rs.25000/- which they lose in a Carrom game. They decide to break into a wealthy man's house, steal, sell the goods, and then re-pay their debt. But the hapless duo comically end up being caught by the police and their plight is telecast on TV. Watch what impact this news has on Jango, Abbu, and Nawab's parents.",
    "genres" : [ {
      "id" : 35,
      "name" : "Comedy"
    } ]
  }, {
    "id" : 101159,
    "title" : "Barefoot Adventure",
    "overview" : "Brown takes us to various surfing locales with his customary great photography, wry comments and solid musical score.",
    "genres" : [ {
      "id" : 99,
      "name" : "Documentary"
    } ]
  }, {
    "id" : 101179,
    "title" : "Truth or Dare",
    "overview" : "A group of college friends celebrate the end of term with a party to end all parties. During a drink and drug-fuelled evening, an innocent game of ‘Truth or Dare’ has a very sore loser, sparking a terrifying sequence of events and a whole new twist on the game of truth or dare – where the truth can kill you.",
    "genres" : [ {
      "id" : 27,
      "name" : "Horror"
    }, {
      "id" : 53,
      "name" : "Thriller"
    }, {
      "id" : 9648,
      "name" : "Mystery"
    } ]
  }, {
    "id" : 101189,
    "title" : "Magic of Spell",
    "overview" : "Peach Boy and his mother live in a village. One day, there is a young man that suddenly comes to the village and asks Peach Boy to be his teacher because. At the same time, the elder of the devil palace wants to set Peach Boy to the deathtrap. They grasp children in order to have better martial arts skills. Peach Boy becomes righteous and indignant, he decides to exorcise the demons, but unexpectedly, his mother is killed by the devil. The battle between Peach Boy and the devil is unavoidable... (taken from the VCD release)",
    "genres" : [ {
      "id" : 28,
      "name" : "Action"
    }, {
      "id" : 12,
      "name" : "Adventure"
    }, {
      "id" : 14,
      "name" : "Fantasy"
    }, {
      "id" : 27,
      "name" : "Horror"
    } ]
  }, {
    "id" : 101204,
    "title" : "Eddie Presley",
    "overview" : "An Elvis impersonator with a wounded psyche, unflinching in his quest to keep the King's spirit alive bets it all on one night of glory, a headlining spot at dingy Tinseltown dive.",
    "genres" : [ {
      "id" : 18,
      "name" : "Drama"
    }, {
      "id" : 35,
      "name" : "Comedy"
    }, {
      "id" : 10402,
      "name" : "Music"
    } ]
  }, {
    "id" : 101209,
    "title" : "The Doughgirls",
    "overview" : "Arthur and Vivian are just married, but when the get to their honeymoon suite in Washington D.C., they find it occupied. Arthur goes to meet Slade, his new boss, and when he comes back, he finds three girls in his suite. He orders Vivian to get rid of them, but they are friends of Vivian's and as time goes by, it looks more like Grand Central Station than the quiet honeymoon suite Arthur expected. As long as there is anyone else in the suite, Arthur will not stay there and there will be no honeymoon.",
    "genres" : [ {
      "id" : 35,
      "name" : "Comedy"
    } ]
  }, {
    "id" : 101219,
    "title" : "Thunder in the City",
    "overview" : "A visiting American engages in a bold business promotion, the likes of which the British have not seen.",
    "genres" : [ {
      "id" : 35,
      "name" : "Comedy"
    }, {
      "id" : 18,
      "name" : "Drama"
    }, {
      "id" : 10749,
      "name" : "Romance"
    } ]
  }, {
    "id" : 101234,
    "title" : "Lap Rouge",
    "overview" : "The camera pursues the life of two Dutch brothers, Herman and Egbert over the course of several months. Their mother wanted to disassociate herself from the petty bourgeois atmosphere in Holland during the fifties. In 1959 she took her two boys and left for Marnhac, a deserted village in southern France. After living in France for the the next 35 years both brothers have become almost fully alienated from society. They don't have the courage to leave their very aged and dominant mother. Written by Kurzfilmtage - international short film festival Oberhausen",
    "genres" : [ ]
  }, {
    "id" : 101244,
    "title" : "Io sono con te",
    "overview" : "Not available",
    "genres" : [ {
      "id" : 18,
      "name" : "Drama"
    } ]
  }, {
    "id" : 101249,
    "title" : "Annalisa",
    "overview" : "The friendship between two Southern Italy kids is tested by their meeting with a young girl who's attempted suicide after failing to get married. Based on the novel \"Il paese delle spose infelici\" (literally, \"Village of the Sad Brides\", which is also the original title of this film) this elegantly photographed coming-of-age tale has sensitivity to spare but its stylish, yet understated, attitude doesn't easily win viewers over.",
    "genres" : [ {
      "id" : 18,
      "name" : "Drama"
    } ]
  }, {
    "id" : 101254,
    "title" : "La bandida",
    "overview" : "No overview",
    "genres" : [ {
      "id" : 18,
      "name" : "Drama"
    }, {
      "id" : 10749,
      "name" : "Romance"
    } ]
  }, {
    "id" : 101259,
    "title" : "Happy End",
    "overview" : "Na 'Leedvermaak' uit 1989 en 'Qui vive' uit 2001 is de trilogie nu compleet met 'Happy end'. Frans Weisz regisseerde, Judith Herzberg schreef. Een familiegeschiedenis waarin 3 generaties van een joodse familie elk op hun eigen manier worstelen...",
    "genres" : [ {
      "id" : 18,
      "name" : "Drama"
    }, {
      "id" : 878,
      "name" : "Science Fiction"
    }, {
      "id" : 10749,
      "name" : "Romance"
    }, {
      "id" : 10769,
      "name" : "Foreign"
    } ]
  }, {
    "id" : 101264,
    "title" : "Nature Unleashed: Fire",
    "overview" : "A rescue goes terribly wrong for a sheriff when trying to save four dirt bikers when they are trapped by growing forest fires. Desperate, they seek shelter in an abandoned mine, never realizing they are headed straight for evil from the sheriff's past",
    "genres" : [ {
      "id" : 28,
      "name" : "Action"
    } ]
  }, {
    "id" : 101269,
    "title" : "Marriage Is a Private Affair",
    "overview" : "Theo has had many boyfriends who wanted to marry her. Since her mother, Mrs. Selworth, has been married many times, Theo is unsure of commitment. Without much thought, she finally accepts the proposal of Air Corps Lieutenant Tom West. After the honeymoon, Tom's father dies and Tom goes into the defense industry. When Theo has a baby, she hates the idea of being matronly and wants to be the old party girl. The problem is that her husband is working constantly. She looks to her friends, who are having their own problems, and to her old flame Captain Lancing. To decide on what she wants to do with her baby and her life, Theo must grow up.",
    "genres" : [ {
      "id" : 35,
      "name" : "Comedy"
    }, {
      "id" : 10752,
      "name" : "War"
    } ]
  }, {
    "id" : 101274,
    "title" : "Paratroop Command",
    "overview" : "Charlie is a soldier who suffers the scorn of his paratroop unit because he accidentally kills one of their own men. The film is set in World War II in North Africa, Sicily, and Italy.",
    "genres" : [ {
      "id" : 10752,
      "name" : "War"
    }, {
      "id" : 18,
      "name" : "Drama"
    } ]
  }, {
    "id" : 101279,
    "title" : "A Hero Ain't Nothin But a Sandwich",
    "overview" : "Faced with the harsh reality of growing up in the ghetto, 13-year old Benjie (Larry B. Scott) turns to heroin to escape. After Benjie hits rock bottom, his mother (Cicely Tyson) and her boyfriend (Paul Winfield) must sacrifice to help him overcome his dependency. Directed by Ralph Nelson, this heartwarming drama tackles the battle of a troubled youth, his struggles with addiction, and the impact felt by those around him.",
    "genres" : [ {
      "id" : 18,
      "name" : "Drama"
    } ]
  }, {
    "id" : 101284,
    "title" : "Tahrir 2011",
    "overview" : "Months after Hosni Mubarak stepped down, Egyptians country-wide seem determined to maintain the insurgency until their demands are met.",
    "genres" : [ {
      "id" : 99,
      "name" : "Documentary"
    } ]
  }, {
    "id" : 101289,
    "title" : "See Here, Private Hargrove",
    "overview" : "Journalist Marion Hargrove enters the Army intending to supplement his income by writing about his training experiences. He muddles through basic training at Fort Bragg with the self-serving help of a couple of buddies intent on cutting themselves in on that extra income.",
    "genres" : [ {
      "id" : 35,
      "name" : "Comedy"
    }, {
      "id" : 10749,
      "name" : "Romance"
    }, {
      "id" : 10752,
      "name" : "War"
    } ]
  }, {
    "id" : 101294,
    "title" : "Song of Russia",
    "overview" : "American Conductor John Meredith (Robert Taylor) and his manager, Hank Higgins (Robert Benchley), go to Russia shortly before the Nazi invasion of the Soviet Union. Meredith falls in love with beautiful Soviet pianist Nadya Stepanova (Susan Peters) while they travel throughout the country on a 40-city tour. Along the way, they see happy, healthy, smiling, free Soviet citizens, blissfully living the Communist dream. This bliss is destroyed by the German invasion.",
    "genres" : [ {
      "id" : 18,
      "name" : "Drama"
    }, {
      "id" : 10402,
      "name" : "Music"
    }, {
      "id" : 10749,
      "name" : "Romance"
    }, {
      "id" : 10752,
      "name" : "War"
    } ]
  }, {
    "id" : 101299,
    "title" : "The Hunger Games: Catching Fire",
    "overview" : "Katniss Everdeen has returned home safe after winning the 74th Annual Hunger Games along with fellow tribute Peeta Mellark. Winning means that they must turn around and leave their family and close friends, embarking on a \"Victor's Tour\" of the districts. Along the way Katniss senses that a rebellion is simmering, but the Capitol is still very much in control as President Snow prepares the 75th Annual Hunger Games (The Quarter Quell) - a competition that could change Panem forever.",
    "genres" : [ {
      "id" : 12,
      "name" : "Adventure"
    }, {
      "id" : 28,
      "name" : "Action"
    }, {
      "id" : 878,
      "name" : "Science Fiction"
    } ]
  }, {
    "id" : 101314,
    "title" : "Animal Instincts III",
    "overview" : "An exhibitionist female author is drawn to a \"blind\" voyeur record producer. Her exhibitionist tendencies draw the interest of his musical clients and leads to visual fireworks. Her sexual romps take place in view of her blind lover but does he see more than he lets on?",
    "genres" : [ {
      "id" : 18,
      "name" : "Drama"
    } ]
  }, {
    "id" : 101329,
    "title" : "God Bless Iceland",
    "overview" : "The Icelandic people was born of Norwegian immigrants who would not submit to the tyranny of the king of Norway and established a republican country in the Middle Ages, where social classes were virtually diluted and developed a subsistence economy. After centuries of freedom was first submitted by Norway and then by Denmark until World War II. Iceland has always had a libertarian spirit that is born of its history and of being a place with few inhabitants and always with a rebellious and disobedient spirit.",
    "genres" : [ {
      "id" : 18,
      "name" : "Drama"
    }, {
      "id" : 9648,
      "name" : "Mystery"
    }, {
      "id" : 53,
      "name" : "Thriller"
    } ]
  }, {
    "id" : 101334,
    "title" : "97 Aces Go Places",
    "overview" : "Eternal 25 year-old Alan Tam is a wimpy triad boss who must avenge his dad because he had a heart attack after losing at cards to a pretty cat burglar. For help, he enlists Drunk Shooter, HK’s ace gunman, who’s also an incredible souse. Problem: Christy ripped off wacky triad boss Francis Ng, so he wants her, too. Even worse, Alan just doesn't want to kill Christy because she’s too damn beautiful. Hijinks ensue.",
    "genres" : [ {
      "id" : 28,
      "name" : "Action"
    }, {
      "id" : 35,
      "name" : "Comedy"
    }, {
      "id" : 10769,
      "name" : "Foreign"
    } ]
  }, {
    "id" : 101339,
    "title" : "São Jerônimo",
    "overview" : "Brazilian director Julio Bressane directs this religious biography on the life and work of Saint Jerome, the monk who first translated the Bible into Latin. Set both in the desert and in the posh confines of the Vatican, Jerome (Everaldo Pontes) agonizes over which Latin word would best fit its Hebrew counterpart. ~ Jonathan Crow, Rovi",
    "genres" : [ {
      "id" : 18,
      "name" : "Drama"
    } ]
  }, {
    "id" : 101344,
    "title" : "Hysteric",
    "overview" : "In this startling psychological thriller from Japan, Mami (Hijiri Kojima) is a teacher who meets Tomo (Koji Chihara), a psychotic criminal with a short temper and no visible means of support. Amour fou blooms between them, and a year later they're living together, with Mami taking part as Tomo abducts, tortures, and kills one of their neighbors. Eventually the cycle of crime goes too far for Mami and she leaves Tomo, but several years later, he arrives at her home to disrupt her life with her new husband. Hysteric was directed by Takahisa Zeze, who previously received critical acclaim for the film Kokkuri. ~ Mark Deming, Rovi",
    "genres" : [ ]
  }, {
    "id" : 101354,
    "title" : "A Sailor on Horseback",
    "overview" : "Two sailors, Lasse and Karl Gustav, float ashore after a shipwreck. Visiting a castle a baron ask them to help him lay his hands on  an inheritance by Karl Gustav posing as the heir of the castle.",
    "genres" : [ {
      "id" : 35,
      "name" : "Comedy"
    }, {
      "id" : 10749,
      "name" : "Romance"
    } ]
  }, {
    "id" : 101364,
    "title" : "Kid Safe: The Video",
    "overview" : "In this educational docudrama, kids learn how to handle emergency situations.",
    "genres" : [ {
      "id" : 99,
      "name" : "Documentary"
    } ]
  }, {
    "id" : 101404,
    "title" : "Going Home",
    "overview" : "",
    "genres" : [ {
      "id" : 16,
      "name" : "Animation"
    }, {
      "id" : 18,
      "name" : "Drama"
    }, {
      "id" : 10752,
      "name" : "War"
    } ]
  }, {
    "id" : 101414,
    "title" : "Los mánagers",
    "overview" : "Two jobless Forty-somethings: Maca and Rena are in serious need of a financial stroke of luck. When they spot an ad for a TV contest looking for the next Pop Idol, they decide to turn themselves into the MANAGERS of two young hopefuls: Pipo and David.  While launching their careers with performances in bars, bingo clubs and other such dives they encounter Rota, a shady old singer who arranges for them to tour the Costa del Sol. Thus begins a frenetic road movie where dreams of success turn into a nightmare inhabited by strange creatures: Tom Jones clones, porn stars, enlightened arabs, psychopathic marines, kitch TV presenters, corrupt politicians and even extra-terrestrials.",
    "genres" : [ ]
  }, {
    "id" : 101419,
    "title" : "407 Dark Flight",
    "overview" : "A flight attendant has to deal with a supernatural event when passengers on her plane start to die one at a time.",
    "genres" : [ {
      "id" : 27,
      "name" : "Horror"
    } ]
  }, {
    "id" : 101429,
    "title" : "Creepy Hide and Seek",
    "overview" : "when rumors about students who played at hitori Kakurenbo (sort of hide and seek alone with a ghost) propagate in high school, Shiori can no longer join his older brother Motoya. On his way to the apartment he is supposed to live, she found an empty room. But an internet forum unearthed on the computer of her brother leads her to believe that the disappearance of the latter may well be linked to this sordid game of hide and seek.  Despite attempts by her boyfriend Noboru and his best to reassure her friend Yuko, Shiori is beginning to be convinced that something he wants her too and tries to track down. It will then turn to Shiraishi, a former classmate of her brother, trying to understand what is happening and return Motoya.",
    "genres" : [ {
      "id" : 27,
      "name" : "Horror"
    }, {
      "id" : 10769,
      "name" : "Foreign"
    } ]
  }, {
    "id" : 101439,
    "title" : "Lach mee met André",
    "overview" : "",
    "genres" : [ ]
  }, {
    "id" : 101444,
    "title" : "The Hunters of the Golden Cobra",
    "overview" : "An American soldier and a British intelligence agent try to track down an ancient relic called the Golden Cobra, rumored to have supernatural powers. An early Raiders rip-off directed Antonio Margheriti.",
    "genres" : [ {
      "id" : 80,
      "name" : "Crime"
    }, {
      "id" : 12,
      "name" : "Adventure"
    }, {
      "id" : 28,
      "name" : "Action"
    }, {
      "id" : 10752,
      "name" : "War"
    } ]
  }, {
    "id" : 101449,
    "title" : "Jim Gaffigan: Mr. Universe",
    "overview" : "Recorded at the Warner Theater in Washington, DC on February 25th, 2012, Mr Universe follows in the model of Louis CK's Live At The Beacon Theater and has been made exclusively available for online purchase only, directly from Gaffigan's website.  This 75-minute special contains more of Gaffigan's trademark, surreal humor on food, life, his nit-picky fans, and whales in denial.  Also, a part of the proceeds from sales of Mr. Universe will go to the Bob Woodruff Foundation, a organization which assists veterans and their families as servicemen return to civilian life.",
    "genres" : [ {
      "id" : 35,
      "name" : "Comedy"
    }, {
      "id" : 10770,
      "name" : "TV Movie"
    } ]
  }, {
    "id" : 101459,
    "title" : "The Lustful Vicar",
    "overview" : "During a witch trial in the seventeenth century a woman is accused of being a witch and burned at the stake. The witch curse the village priest who pushed through the accusations and promises that her offspring will avenge her. During the Caroline the priest's son take over as vicar of the congregation, and the daughter of the witch bewitches him so that he suffers constant erection. This is off course very embarrassing for the vicar. The local women has to step in and try to set things right",
    "genres" : [ {
      "id" : 35,
      "name" : "Comedy"
    } ]
  }, {
    "id" : 101479,
    "title" : "Mein großer linker Zeh",
    "overview" : "",
    "genres" : [ {
      "id" : 18,
      "name" : "Drama"
    } ]
  }, {
    "id" : 101504,
    "title" : "Barbary Coast Bunny",
    "overview" : "After Bugs' giant gold nugget is stolen by Nasty Canasta, he tries to win it back at Canasta's San Francisco gambling hall.",
    "genres" : [ {
      "id" : 37,
      "name" : "Western"
    }, {
      "id" : 16,
      "name" : "Animation"
    }, {
      "id" : 10751,
      "name" : "Family"
    }, {
      "id" : 35,
      "name" : "Comedy"
    } ]
  }, {
    "id" : 101509,
    "title" : "Case of the Missing Hare",
    "overview" : "After a traveling magician puts a poster over his home, Bugs visits his act to get revenge.",
    "genres" : [ {
      "id" : 35,
      "name" : "Comedy"
    }, {
      "id" : 16,
      "name" : "Animation"
    }, {
      "id" : 10751,
      "name" : "Family"
    } ]
  }, {
    "id" : 101514,
    "title" : "Quints",
    "overview" : "Jamie Grover (Kimberly J. Brown) is an only child who has always wanted out from the constant attention her parents give her. Her wish is finally granted when she finds out her mother is pregnant, but when she turns out to have quints, Jamie's life changes in ways she had never imagined. She discovers she might not want the same things her parents want for her, but nonetheless, her parents focus all of their attention on her baby brothers and sisters. But when one of her brothers gets terribly ill (from quints) she discovers that she really doesn't mind the babies, and that she does have the courage to let her parents know she has dreams of her own.",
    "genres" : [ {
      "id" : 18,
      "name" : "Drama"
    }, {
      "id" : 10751,
      "name" : "Family"
    }, {
      "id" : 35,
      "name" : "Comedy"
    }, {
      "id" : 10770,
      "name" : "TV Movie"
    } ]
  }, {
    "id" : 101519,
    "title" : "A Fantastic Fear of Everything",
    "overview" : "Jack is a children's author turned crime novelist whose detailed research into the lives of Victorian serial killers has turned him into a paranoid wreck, persecuted by the irrational fear of being murdered. When Jack is thrown a life-line by his long-suffering agent and a mysterious Hollywood executive takes a sudden and inexplicable interest in his script, what should be his big break rapidly turns into his big breakdown, as Jack is forced to confront his worst demons; among them his love life, his laundry and the origin of all fear.",
    "genres" : [ {
      "id" : 35,
      "name" : "Comedy"
    }, {
      "id" : 53,
      "name" : "Thriller"
    } ]
  }, {
    "id" : 101529,
    "title" : "House of 1000 Pleasures",
    "overview" : "Italian sex comedy version of Arabian Nights",
    "genres" : [ {
      "id" : 35,
      "name" : "Comedy"
    } ]
  }, {
    "id" : 101534,
    "title" : "A Lady Fights Back",
    "overview" : "The saga of the Normandie is recounted from her life as a luxury liner, the horrific fire that nearly destroyed her, and her resuscitation to join in the war effort. A John Nesbitt's Passing Parade short.",
    "genres" : [ {
      "id" : 99,
      "name" : "Documentary"
    } ]
  }, {
    "id" : 101539,
    "title" : "Zack and Reba",
    "overview" : "True love that survived the mourning after.",
    "genres" : [ {
      "id" : 35,
      "name" : "Comedy"
    }, {
      "id" : 10749,
      "name" : "Romance"
    } ]
  }, {
    "id" : 101554,
    "title" : "Francophrenia",
    "overview" : "A mini-thriller comprised of TV footage of actor James Franco's guest-starring appearances on the American daytime drama, \"General Hospital.\"",
    "genres" : [ ]
  }, {
    "id" : 101559,
    "title" : "Seven Dangerous Women",
    "overview" : "Seven female friends decide to play an erotic game. They try to seduce as many aristocrats and middle-class men as possible.",
    "genres" : [ {
      "id" : 35,
      "name" : "Comedy"
    } ]
  }, {
    "id" : 101564,
    "title" : "La virgen de la lujuria (The Virgin of Lust)",
    "overview" : "In Vera Cruz in the 1940s, Nacho, an Indian, waits tables at Don Lázaro's café at Hotel Ofélia. He falls for Lola, an opium-addicted, alcoholic whore who's hopelessly in love with Gardenia Wilson, a masked wrestler who slept with her once but knows she's unbalanced. Don Lázaro warns Nacho about Lola, and Nacho knows his love will be unrequited, but he'll do anything, regardless of how degrading, to be near her. Lola, for her part, can be sadistic. Republican exiles who are regulars at the café encourage Lola's desire to assassinate Franco. Nacho in turn mixes this political mirage with his fascination with the plot of \"The Mikado.\" Where do fantasies and obsessions lead?",
    "genres" : [ {
      "id" : 18,
      "name" : "Drama"
    }, {
      "id" : 14,
      "name" : "Fantasy"
    }, {
      "id" : 10749,
      "name" : "Romance"
    } ]
  }, {
    "id" : 101569,
    "title" : "Public Toilet",
    "overview" : "This mini-epic finds Hong Kong's most independent-minded auteur in thoughtful mood, contemplating the accidents of fate and the vagaries of free-will from the other side of the U-bend. Thoughtful, but as playful as ever. It all begins in an unusually clean public toilet in Beijing, the birthplace of Dongdong, who consequently has to live with the nickname 'God of Toilets.' Now 18, he's faced with the impending death of the kind old lady who found and raised him, and the departure of his best friend Tony in search of a miracle cure for his kid brother, who's seriously ill. Already complicated by everything from snow which mysterious falls upwards to the two grizzled bachelors who have spent their whole lives as rivals for the old lady's hand, the storyline now turns into a veritable garden of forking paths.",
    "genres" : [ {
      "id" : 18,
      "name" : "Drama"
    } ]
  }, {
    "id" : 101574,
    "title" : "The Crab",
    "overview" : "Levi is a washed-up academic who uses his genetic disorder - ectrodactyly, or lobster claw syndrome - as an excuse for across-the-board bitterness and rage. Hope surfaces when he meets sophisticated professor Jane; but Levi's love, like his rage, can err on the side of intensity...",
    "genres" : [ ]
  }, {
    "id" : 101589,
    "title" : "8th Air Force Report from Britain",
    "overview" : "War Department Film about RAF and 8th Air Force activities in Britain",
    "genres" : [ {
      "id" : 99,
      "name" : "Documentary"
    }, {
      "id" : 10752,
      "name" : "War"
    } ]
  }, {
    "id" : 101599,
    "title" : "Chicken Rice War",
    "overview" : "Frivolous Singapore adaptation of Shakespeare's Romeo &amp; Juliet by Baz Luhrmann. Two rival families, owning adjacent restaurants, make life difficult for each other in any way they can.",
    "genres" : [ ]
  }, {
    "id" : 101604,
    "title" : "Eternal Blood",
    "overview" : "Carmilla, A journalism student, meets a group of kids that play a role-game called \"Eternal Blood\". She gets interested in this hobby by \"M\", a young man she met in a philosophy seminar. \"M\" gets Carmilla into the role game; but in a strange party at an abandoned house, the group meet \"Dahmer\", an unusual young man who makes rituals about vampirism and shortly he begins influencing his friends. \"M\" realizes the situation is unusual and that some of them are actually being transformed into vampires. In the investigation of the origin of these myths, \"M\" finds the way to revert the group's process. The philosophy professor gives him some texts about this issue that might help him find the way to save their souls...",
    "genres" : [ {
      "id" : 53,
      "name" : "Thriller"
    }, {
      "id" : 27,
      "name" : "Horror"
    }, {
      "id" : 28,
      "name" : "Action"
    } ]
  }, {
    "id" : 101609,
    "title" : "Pax Americana and the Weaponization of Space",
    "overview" : "Star Wars is no longer science fiction  The prospect of Earth being ruled from space is no longer science-fiction. The dream of the original Dr. Strangelove, Wernher von Braun (from Nazi rocket-scientist to NASA director) has survived every US administration since WW2 and is coming to life. Today the technology exists to weaponize space, a massive American industry thrives, and nations are maneuvering for advantage.  PAX AMERICANA tackles this pivotal moment. Are war machines already orbiting Earth? Can treaties keep space weapons-free? Must the World capitulate to one super-cop on the global beat?  With startling archival footage and unprecedented access to US Air Force Space Command, this elegant, forceful documentary reveals the state of play through generals, space-policy analysts, politicians, diplomats, peace activists, and hawks.",
    "genres" : [ {
      "id" : 99,
      "name" : "Documentary"
    } ]
  }, {
    "id" : 101624,
    "title" : "Wellness",
    "overview" : "A pyramid-scheme salesman tries to succeed in a business that doesn't exist.",
    "genres" : [ ]
  }, {
    "id" : 101634,
    "title" : "Waardenberg & de Jong: Naggelwauz",
    "overview" : "Gerijpt duo vertoont sensationeel herenleed",
    "genres" : [ ]
  }, {
    "id" : 101644,
    "title" : "The Repentant",
    "overview" : "A mysterious woman, dressed in black and carrying a small suitcase, arrives in Nice and tries in vain to get a job in a luxury goods shop. She ends up in a plush hotel where a solitary middle-aged man, engages her to be his companion. They introduce themselves - she is Charlotte, he is Paul. Both are reluctant to talk about their past; both need someone to make their present predicament more tolerable. Unbeknownst to either of them, Charlotte is being followed by another man, who seems intent on revenge...",
    "genres" : [ {
      "id" : 80,
      "name" : "Crime"
    }, {
      "id" : 18,
      "name" : "Drama"
    } ]
  }, {
    "id" : 101664,
    "title" : "Love Strikes!",
    "overview" : "Set one year after the drama series \"Moteki.\"  31-year-old Yukiyo Fujimoto (Mirai Moriyama) doesn't have money, dreams or a girlfriend. He has left his job at a staffing firm and is attempting to start a new life by working as a writer for a news site. Suddenly, Yukiyo experiences \"moteki\" - a period when a man becomes suddenly popular with woman.  Cute magazine editor Miyuki (Masami Nagasawa), pure and naive office worker Rumiko (Kumiko Aso), beautiful shop assistant Ai (Riisa Naka) and beautiful, but tough co-worker named Motoko (Yoko Maki) all become interested in Yukiyo. He tries to calm down, but is shaken by the interests of these women.",
    "genres" : [ {
      "id" : 10402,
      "name" : "Music"
    }, {
      "id" : 35,
      "name" : "Comedy"
    }, {
      "id" : 10749,
      "name" : "Romance"
    } ]
  }, {
    "id" : 101669,
    "title" : "Mother's Day",
    "overview" : "Crazed members of a sadistic family return to their childhood home to terrorize the new owners.",
    "genres" : [ {
      "id" : 80,
      "name" : "Crime"
    }, {
      "id" : 18,
      "name" : "Drama"
    }, {
      "id" : 27,
      "name" : "Horror"
    }, {
      "id" : 53,
      "name" : "Thriller"
    } ]
  }, {
    "id" : 101694,
    "title" : "15 años de mi",
    "overview" : "",
    "genres" : [ {
      "id" : 10402,
      "name" : "Music"
    } ]
  }, {
    "id" : 101699,
    "title" : "Divididos: Audio y Agua",
    "overview" : "",
    "genres" : [ {
      "id" : 10402,
      "name" : "Music"
    } ]
  }, {
    "id" : 101724,
    "title" : "Nailbiter",
    "overview" : "A horror film that combines classic monster movie elements set within the backdrop of unpredictable Kansas weather. Start with a mother and her three daughters forced to take shelter from an advancing tornado in a local storm cellar. What is waiting for them underneath is another story entirely.",
    "genres" : [ {
      "id" : 27,
      "name" : "Horror"
    } ]
  }, {
    "id" : 101744,
    "title" : "Gatling Gun",
    "overview" : "This dramatization of the origin of Dr. Gatling's self-named invention stands tall in the annals of the Old West. As cavalry transported the high-tech gun across the dangerous frontier, it blasted its way into history to become the predecessor to the modern-day machine gun.",
    "genres" : [ {
      "id" : 28,
      "name" : "Action"
    }, {
      "id" : 36,
      "name" : "History"
    }, {
      "id" : 37,
      "name" : "Western"
    }, {
      "id" : 10769,
      "name" : "Foreign"
    } ]
  } ]
}