{
  "movies" : [ {
    "id" : 137929,
    "title" : "Therion: Live Gothic",
    "overview" : "Live Gothic is the title of a live album recorded in Poland by Swedish symphonic metal band Therion released on July 25, 2008. The album is released on two CDs and one DVD.",
    "genres" : [ ]
  }, {
    "id" : 137939,
    "title" : "The Curse",
    "overview" : "\"The Curse\" stars Amy Laughlin (\"Class of '02\") as Frida, a shy, single New York City woman who suffers a mysterious dog bite during a lingerie sale. Soon after, Frida begins to change with the cycle of the moon, becoming more confident, assertive, beautiful...and dangerous. When she wakes up with her sheets soaked in blood, Frida assumes that she has been suffering from a wicked case of PMS. But when the men she dates start dying horrible deaths, Frida must face the possibility she's becoming...a werewolf! There's a reason they call it THE CURSE.",
    "genres" : [ ]
  }, {
    "id" : 137984,
    "title" : "The Collection",
    "overview" : "Set in the rarefied world of West End boutique owners and fashion designers, The Collection takes as its departure point the moment when four elegant lives are suddenly shaken by the suggestion of infidelity. The sinister anonymous phone call that disturbs Harry Kane at four o'clock in the morning becomes increasingly hard to establish...",
    "genres" : [ ]
  }, {
    "id" : 137989,
    "title" : "Casper de Vries: Dimensie",
    "overview" : "Another hilarius standup comedy by Casper de Vries",
    "genres" : [ ]
  }, {
    "id" : 138009,
    "title" : "Phoney Cronies",
    "overview" : "Three klutzy moving men end up in a museum that may or may not be haunted - slapstick hijinks ensue.",
    "genres" : [ {
      "id" : 35,
      "name" : "Comedy"
    } ]
  }, {
    "id" : 138014,
    "title" : "Fish out of Water",
    "overview" : "Fish out of Water tackles the seven Bible verses used to condemn homosexuality and justify marriage discrimination. This feature documentary uses humor and original animation to make a traditionally complex and controversial topic accessible to those who don't like talking about religion and sexuality. Fish out of Water dives into the underbelly of America, crisscrosses red and blue states and talks to ministers from every denomination to uncover America's impassioned relationship with homosexuality and the Bible. With slapstick animation and quirky interviews taken everywhere from barbershops to mega churches, Fish out of Water delivers a voice to the oppressed and informs to the misled. Most importantly, Fish out of Water sits down with hundreds of gay, lesbian, bisexual and transgender folks to impart their experiences with faith and sexuality.",
    "genres" : [ {
      "id" : 99,
      "name" : "Documentary"
    } ]
  }, {
    "id" : 138024,
    "title" : "Stoner",
    "overview" : "A poor farmer in the early 1900s becomes a scholar and faces a series of frustrating challenges and disappointments in his chosen career path.  A movie about growing.",
    "genres" : [ {
      "id" : 18,
      "name" : "Drama"
    } ]
  }, {
    "id" : 138034,
    "title" : "The Stranger Within a Woman",
    "overview" : "Tashiro (Keiju Kobayashi) coincidentally meets his best friend Sugimoto (Tatsuya Mihashi) in a bar very close to the apartment in which Sugimoto’s wayward wife is found dead. Although Tashiro is not a suspect in the police investigation, he is racked with guilt and confesses to his wife, Masako (Michiyo Aratama). In an effort to further relieve his tortured sense of guilt, he then confesses to Sugimoto. Neither his wife nor his friend can believe that he could have been involved. —Catherine Russell",
    "genres" : [ {
      "id" : 80,
      "name" : "Crime"
    }, {
      "id" : 18,
      "name" : "Drama"
    } ]
  }, {
    "id" : 138039,
    "title" : "The StratPack - Live In Concert",
    "overview" : "The Strat Pack: Live in Concert is a film of a September 24, 2004, concert featuring Joe Walsh, Gary Moore, Brian May, David Gilmour, and many more, marking the 50th Anniversary of the Fender Stratocaster guitar;  • 1. Peggy Sue • 2. Maybe Baby • 3. I Fought the Law • 4. Oh Boy • 5. Thatll Be the Day • 6. The Rise and Fall of Flingel Bunt • 7. Sleepwalk • 8. Apache • 9. I'm on My Way • 10. Country Boy • 11. How Long • 12. All Along the Watchtower • 13. While My Guitar Gently Weeps • 14. I Can't Dance • 15. Red house • 16. Angel • 17. Stronger Than Me • 18. Muddy Water Blues • 19. Drinking • 20. All Right Now • 21. Can't Get Enough • 22. Funk 49 • 23. Life's Been Good • 24. Life in the Fast Lane • 25. Rocky Mountain Way • 26. 6pm • 27. Marooned • 28. Coming Back to Life • 29. Sorrow • 30. Ooh La La • 31. Stay with Me",
    "genres" : [ {
      "id" : 10402,
      "name" : "Music"
    } ]
  }, {
    "id" : 138054,
    "title" : "Black By Injection 2",
    "overview" : "Black By Injection 2",
    "genres" : [ ]
  }, {
    "id" : 138064,
    "title" : "Toquinho - Tributo a Bossa Nova",
    "overview" : "",
    "genres" : [ ]
  }, {
    "id" : 138069,
    "title" : "G-Men from Hell",
    "overview" : "Two G-Men, returning from hell, must perform good deeds to save themselves from a doomed fate.",
    "genres" : [ ]
  }, {
    "id" : 138074,
    "title" : "Um Barzinho Um Violão - Jovem Guarda",
    "overview" : "DVD Release Date: October 23, 2007",
    "genres" : [ ]
  }, {
    "id" : 138089,
    "title" : "A Passionate Woman",
    "overview" : "1950's, Leeds: Betty (Billie Piper) is a wife and mother, whose life is changed forever after falling hopelessly and dangerously in love with her charismatic Polish neighbour, Alex Crazenovski, better known as Craze . Against her principles, she soon abandons herself to a world of untapped thrills and passion, a world that has been so desperately missing from her own conventional and claustrophobic marriage. But 30 years later, an older Betty (Sue Johnston) comes to realise that her compulsive passion of the past and its consequences have created ripples that spill far into the future, finally reaching crisis point on her beloved son s wedding day.",
    "genres" : [ {
      "id" : 18,
      "name" : "Drama"
    } ]
  }, {
    "id" : 138094,
    "title" : "Une journée bien remplie",
    "overview" : "A father plans to kill in the same day the 9 members of the jury who condemned his son to death.",
    "genres" : [ {
      "id" : 35,
      "name" : "Comedy"
    }, {
      "id" : 80,
      "name" : "Crime"
    } ]
  }, {
    "id" : 138099,
    "title" : "Take It Easy",
    "overview" : "",
    "genres" : [ {
      "id" : 18,
      "name" : "Drama"
    } ]
  }, {
    "id" : 138104,
    "title" : "Tales of Paris",
    "overview" : "",
    "genres" : [ ]
  }, {
    "id" : 138119,
    "title" : "BedBugs",
    "overview" : "Filmed as part of the Salisbury Arts Centre Shootout 2011 48 Hour film challenge. Each group was given a well known story to adapt with just 48 hours to write, film and edit a final video. BedBugs is a very loose adaptation of 'Lord of the Flies' and came 2nd place in the competition.",
    "genres" : [ ]
  }, {
    "id" : 138124,
    "title" : "All My Presidents",
    "overview" : "Can a boy inundated with politics since the day he was born, find his own voice in the world?",
    "genres" : [ ]
  }, {
    "id" : 138129,
    "title" : "Chiara e Francesco",
    "overview" : "Italy, XIII century. The story of friendship between two young people who dedicated their lives to God and others: St. Francis and St. Clare of Assisi. Children of the bourgeoisie and the nobility, respectively, gave up their lives accommodated by a life of sacrifice, humility and proselytizing ...",
    "genres" : [ {
      "id" : 99,
      "name" : "Documentary"
    }, {
      "id" : 36,
      "name" : "History"
    } ]
  }, {
    "id" : 138144,
    "title" : "Roy Chubby Brown: Jingle Bx@!*cks",
    "overview" : "\"I still can't believe we've come this far together. There's a dozen different ways to say 'thankyou'. What makes sense is to keep working and share my humour with the thousands of people who are on the same wavelength as me.  I owe my success to so many people who instilled so much confidence in me and made me work harder to keep ahead of the pack. Comics and comedy have always been the biggest part of my life, and where the hell would we be without laughter? My greatest influences are the hundreds of men and women who worked music halls for years before I came along. My father always said I was a natural comic because I had an answer for everything. My mother's humour was as dry as sticks, so it's been bred in me.  I take my hat off to all the professional entertainers and to all the fans who keep them there because there isn't any better magic than showbuisiness.\" Yours, Chubby",
    "genres" : [ ]
  }, {
    "id" : 138149,
    "title" : "She Craves Dark Meat # 3",
    "overview" : "She Craves Dark Meat # 3",
    "genres" : [ ]
  }, {
    "id" : 138154,
    "title" : "OMG",
    "overview" : "Gus (Brian Holden) and Kristen (Denise Donovan) throw a surprise party for old friend Joe (Joseph Walker), who has spent the last five years in outer space.",
    "genres" : [ {
      "id" : 35,
      "name" : "Comedy"
    } ]
  }, {
    "id" : 138159,
    "title" : "University Gang Bang 10",
    "overview" : "It's almost spring break and these girls are a little anxious to start their vacation so they call up some of their good friends to do a little early celebratory gang bang! They aced their class in BJ's, Anal & Swallowing! Gotta have good grades to attend University Gang Bang!  This is the only Mallory Fox video.",
    "genres" : [ ]
  }, {
    "id" : 138169,
    "title" : "The Sinking of the Belgrano",
    "overview" : "During the Falklands war England's attack on the ARA Belgrano outside of the conflict zone is reviewed 20 years later by a team of National Geographic hoping to find the ship and shed more light into what happened that night.",
    "genres" : [ {
      "id" : 99,
      "name" : "Documentary"
    } ]
  }, {
    "id" : 138179,
    "title" : "Arnold's Blueprint",
    "overview" : "A short documentary showing how Arnold Schwarzenegger's military service played a critical role in his fame.",
    "genres" : [ {
      "id" : 99,
      "name" : "Documentary"
    } ]
  }, {
    "id" : 138189,
    "title" : "At the Gates: Slaughter of the Soul",
    "overview" : "At the Gates Live in Kraków, Poland on December 30, 1995.  1 - Terminal Spirit Disease  2 - Cold  3. - The Swarm  4 - Blinded by Fear  5 - Nausea  6 - Forever Blind  7 - Need  8 - Kingdom Gone",
    "genres" : [ {
      "id" : 10402,
      "name" : "Music"
    } ]
  }, {
    "id" : 138199,
    "title" : "Bellicher: Cel",
    "overview" : "Michael Bellicher wakes up one morning to find out that his identity has been stolen. Soon he learns that the perpetrator is using his stolen ID for all kinds of illegal action. Michael tries to find out who is behind all this, when, to his horror, his credentials show up at the scene of a big terrorist attack. Suddenly he is public enemy number one…",
    "genres" : [ {
      "id" : 28,
      "name" : "Action"
    } ]
  }, {
    "id" : 138204,
    "title" : "Darkness on the Edge of Town, Paramount Theatre, Asbury Park",
    "overview" : "Bruce Springsteen &amp; The E Street Band - Darkness on the edge of town - Paramount Theatre - Asbury Park 2009",
    "genres" : [ ]
  }, {
    "id" : 138219,
    "title" : "YouTube Presents: Def Leppard",
    "overview" : "Recorded live 6 June 2012 on the Sunset Strip at the House of Blues (W. Hollywood, CA), Def Leppard rip through 7 songs including \"Rock of Ages\", \"Foolin'\", \"Animal\", \"Hysteria\", \"Bringin' on the Heartbreak\", \"Pour Some Sugar on Me\", and \"Let It Go\".",
    "genres" : [ {
      "id" : 10402,
      "name" : "Music"
    } ]
  }, {
    "id" : 138254,
    "title" : "Postcards from the Zoo",
    "overview" : "Little Lana was 3 years old when she was abandoned alone in the zoo. Raised by a giraffe trainer, the zoo is the only world she knows. Until one day, a charming magician arrives and Lana finds her love, for she is ready to leave the zoo. Lana embarks on journey, until one day, she decided to go back to the place where she was abandoned.",
    "genres" : [ {
      "id" : 18,
      "name" : "Drama"
    } ]
  }, {
    "id" : 138259,
    "title" : "Im Zweifel für die Liebe",
    "overview" : "A widower man wants to cancel the lease of a religious orphanage, but when one of the nuns turns into the babysitter of his children, changes opinion.",
    "genres" : [ ]
  }, {
    "id" : 138264,
    "title" : "Adorables mentiras",
    "overview" : "Jose Luis, a young boy with aspirations to become a scriptwriter and director of cinema, is dazzled on having known the beautiful Sissy. To impress her, he appears as the director who looks for a not professional actress. She, that the whole life has dreamed of being 'discovered' but that it is not naive with men, pretends not to be interested. They begin a relationship in wich both are not as they wanted to be.",
    "genres" : [ ]
  }, {
    "id" : 138269,
    "title" : "The Insane",
    "overview" : "John Vincent is a cop on a quest for vengeance. After finding his wife murdered in his own home, he decides to dispense justice on the murderous psycho's who have destroyed his life. Armed with only a crowbar and his wits, John takes to the city streets and takes out the insane maniacs only to find there's something worse out there.",
    "genres" : [ ]
  }, {
    "id" : 138284,
    "title" : "Only Decent People",
    "overview" : "David Samuels is from an intellectual Jewish family from the posh Amsterdam Old South, where he is often mistaken as Moroccan because of his dark hair. David is a remarkable man on a mission: to find a ghetto fabulous queen with great tits and thick buttocks. His parents and friends declare him mad, but David continues unabated. His search leads him to the Bijlmer, where, after some wild adventures he is left disappointed. Will David ever find his ideal woman - a large, dark sex goddess with booty and brains?",
    "genres" : [ {
      "id" : 35,
      "name" : "Comedy"
    }, {
      "id" : 18,
      "name" : "Drama"
    } ]
  }, {
    "id" : 138289,
    "title" : "Lóve",
    "overview" : "",
    "genres" : [ {
      "id" : 18,
      "name" : "Drama"
    }, {
      "id" : 10769,
      "name" : "Foreign"
    } ]
  }, {
    "id" : 138294,
    "title" : "High Ground",
    "overview" : "Eleven veterans returning from Iraq and Afghanistan join an expedition to climb the 20,000 foot Himalayan giant Mount Lobuche. With blind adventurer Erik Weihenmayer and a team of Everest summiters as their guides, they set out on an emotional and gripping climb to reach the top in an attempt to heal the emotional and physical wounds of the longest war in U.S. history.",
    "genres" : [ {
      "id" : 99,
      "name" : "Documentary"
    } ]
  }, {
    "id" : 138314,
    "title" : "Quiet Killer",
    "overview" : "On her way home in a plane to New York, the teenage Sarah gets very ill. She realizes too late that it's more than a cold and with her parents still on vacation, she breaks down in the middle of the street and dies shortly after in a hospital -- by the plague, as the terrified coroners find out. While trying to keep this from the public to avoid a panic, epidemic commissioner Dr. Nora Hart has to investigate Sarah's identity and find everyone who had contact with her. If she misses a single person, the plague could kill half the city in a few days!",
    "genres" : [ {
      "id" : 53,
      "name" : "Thriller"
    } ]
  }, {
    "id" : 138319,
    "title" : "Darwin's Dilemma",
    "overview" : "Darwin's Dilemma examines what many consider to be the most powerful refutation of Darwinian evolution-the Cambrian fossil record. Charles Darwin realized that the fossil evidence did not support his theory of gradual, step-by-step evolutionary development. He hoped that future generations of scientists would make the discoveries necessary to validate his ideas. Today, after more than 150 years of exploration fossil evidence of slow, incremental biological change has yet to be excavated. Instead, we find a picture of the rapid appearance of fully developed, complex organisms during the outset of the Cambrian geological era. Organisms that embody almost all of the major animal body plans that exist today. This remarkable explosion of life is best explained by the existence of a transcendent intelligence.",
    "genres" : [ ]
  }, {
    "id" : 138324,
    "title" : "HIM: Love Metal Archives Vol. 1 - HIM vs BAM",
    "overview" : "HIM vs. BAM (82 mins.) (comes with special editions of Vol.1)\r \"Buried Alive By Love\" (Bam Margera's making of)\r \"Buried Alive By Love\" (Promo)\r \"The Sacrament\" (Bam Margera's making of)\r \"The Sacrament\" (Promo)\r \"And Love Said No\" (Bam Margera's making of)\r \"And Love Said No\" (Promo)\r Bonus Material:\r \"Solitary Man\" (Promo)\r HIM EPK (Interview)\r HIM TV Spot - Love Metal\r Making of \"Buried Alive By Love\" (Trailer)\r \"The Sacrament\" (Trailer)\r \"Solitary Man\" (Trailer)",
    "genres" : [ {
      "id" : 10770,
      "name" : "TV Movie"
    }, {
      "id" : 10402,
      "name" : "Music"
    }, {
      "id" : 99,
      "name" : "Documentary"
    } ]
  }, {
    "id" : 138334,
    "title" : "Buried Alive",
    "overview" : "",
    "genres" : [ ]
  }, {
    "id" : 138339,
    "title" : "Most Likely To",
    "overview" : "hello hello",
    "genres" : [ ]
  }, {
    "id" : 138359,
    "title" : "Family in Hiding",
    "overview" : "A woman witnesses the murder of a prosecutor by a criminal he is trying to convict. She informs the FBI, who then places her and her family in Witness Protection. And their lives are turned upside down. The agent tries to get the criminal but it seems he has someone in the FBI helping him. And when her daughter calls her boyfriend, it places her family in danger.",
    "genres" : [ ]
  }, {
    "id" : 138369,
    "title" : "Dhanwaan",
    "overview" : "",
    "genres" : [ ]
  }, {
    "id" : 138374,
    "title" : "Stardust on the Sage",
    "overview" : "A singing cowboy (Gene Autry) and his partner (Bill Henry) thwart a foreman who wants their mine.",
    "genres" : [ {
      "id" : 37,
      "name" : "Western"
    } ]
  }, {
    "id" : 138379,
    "title" : "TNA Bound for Glory 2012",
    "overview" : "From Wikipedia, the free encyclopedia  Bound for Glory (2012) was the eighth annual Bound for Glory professional wrestling pay-per-view (PPV) event produced by Total Nonstop Action Wrestling (TNA). It took place on October 14, 2012 at the Grand Canyon University Arena in Phoenix, Arizona.[1] The event will be the first TNA event in the state of Arizona and the first Bound for Glory PPV to be held in Southwestern United States. Bound for Glory is considered to be the premiere event of the year for TNA.  Rob Van Dam VS Zema Ion (c)  |  Samoa Joe (c) VS Magnus  |  James Storm VS Bobby Roode  |  Joey Ryan VS Al Snow  |  Chavo Guerrero, Jr. and Hernandez VS The World Tag Team Champions of the World (Christopher Daniels and Kazarian) (c) and A.J. Styles and Kurt Angle  |  Tara VS Miss Tessmacher (c)  |  Aces &amp; 8s VS Sting and Bully Ray  |  Jeff Hardy VS Austin Aries (c)",
    "genres" : [ ]
  }, {
    "id" : 138394,
    "title" : "Monty Python - Almost the Truth (The Lawyer's Cut)",
    "overview" : "Britain's top comedians pay tribute to the iconic series, Monty Python's Flying Circus.",
    "genres" : [ ]
  }, {
    "id" : 138399,
    "title" : "Nine Inch Nails: Australia",
    "overview" : "Nine Inch Nails plays in Australia",
    "genres" : [ ]
  }, {
    "id" : 138404,
    "title" : "Teen a Go Go: A Little Film About Rock and Roll History",
    "overview" : "On the evening of February 9, 1964, Ed Sullivan introduced The Beatles to America. The next morning 10 million teens had something new to do. With their jaws still on the floor and inspiration stirring within, thousands of youngsters knew their destiny lay in rock and roll. Banging away in their parents garages, teen bands created timeless music. Teen A Go Go is a rock and roll stomp from beginning to end, providing an entertaining, nostalgic ride into the vibrant teen scenes of the mid 1960's. Featuring original recordings, never before sen super 8 movies, rare archival footage, photographs and interviews with musicians, fans and industry experts. Teen A Go Go captures this historic burst of creativity that swept the nation and changed rock and roll forever.",
    "genres" : [ ]
  }, {
    "id" : 138419,
    "title" : "A Caretaker's Tale",
    "overview" : "A custodian in a housing project discovers that a naked, mute woman he found in one of his apartments has miraculous healing powers.",
    "genres" : [ {
      "id" : 35,
      "name" : "Comedy"
    }, {
      "id" : 18,
      "name" : "Drama"
    } ]
  }, {
    "id" : 138434,
    "title" : "Don Giovanni",
    "overview" : "Live from Teatro alla Scala 1987.",
    "genres" : [ {
      "id" : 10402,
      "name" : "Music"
    } ]
  }, {
    "id" : 138439,
    "title" : "Mannen komen van Mars, Vrouwen van Venus",
    "overview" : "",
    "genres" : [ ]
  }, {
    "id" : 138449,
    "title" : "Ora o mai più",
    "overview" : "David, a student in Pisa who is about to pass his final exam, gets involved in an anti-globalist group.",
    "genres" : [ {
      "id" : 35,
      "name" : "Comedy"
    } ]
  }, {
    "id" : 138459,
    "title" : "Umphrey's McGee: Live At The Boulder Theater",
    "overview" : "In what has become an Umphrey’s tradition, the band followed up a legendary Red Rocks performance with an intimate Colorado theater show. With palpable energy filling the room well before the first note, the Boulder Theater crowd knew they were in for a treat. Never ones to leave anything on the table, Umphrey’s pulled out a set list with a slew of songs that hadn’t seen the light of day in Colorado for years.  Rock it in the comfort of your living room in stunning HD.  Hold on tight. Rage. Rest. Repeat.",
    "genres" : [ ]
  }, {
    "id" : 138469,
    "title" : "Out of the Body",
    "overview" : "An invisible force is killing women in Sydney and stealing their eyes.",
    "genres" : [ {
      "id" : 53,
      "name" : "Thriller"
    }, {
      "id" : 27,
      "name" : "Horror"
    } ]
  }, {
    "id" : 138499,
    "title" : "El exterminador de la mafia",
    "overview" : "",
    "genres" : [ ]
  }, {
    "id" : 138504,
    "title" : "Sultry Assassin 2: Ninja Brainwash",
    "overview" : "When Yui Kusunoki, an undercover geisha secretly in the employ of the Inner Secret Guard, disappears while en route to deliver an oral message concerning rogue Koga Ninja penetrations in southern Hikone, there's just one sword-mistress who can go down after her: the notorious but very easy on the eyes Rin Saejima a.k.a. the Sultry Assassin! But knowing that her identity may have already been compromised as a result of the Koga's Erotic Brainwashing technique, Rin devises a cunning plan of her own: one that involves bringing her \"associate\" Yasuburo back into her fold posing as her husband! Get ready for sword-handling of every kind and lots of derring-do getting done in the most unexpected places (and locations) as the team behind the sizzling escapades of The Aphrodisiac Kill reunite for a double-sworded, sordid ero-ninja epic that scholars of Japanese history would very much prefer that you don't bring up in class: Sultry Assassin 2: Ninja Brainwash!",
    "genres" : [ {
      "id" : 28,
      "name" : "Action"
    }, {
      "id" : 12,
      "name" : "Adventure"
    }, {
      "id" : 18,
      "name" : "Drama"
    } ]
  }, {
    "id" : 138514,
    "title" : "The Galician who Conquered America",
    "overview" : "",
    "genres" : [ ]
  }, {
    "id" : 138519,
    "title" : "The Rape of the Sabine",
    "overview" : "An Italian adventure film starring Roger Moore as Romulus in the early days of Rome. His city of thieves is populated entirely by men, and so Romulus is convinced to find some ladies. After finding some in Sabinia, he proceeds to take them to his city and engage them to his men. The Sabines declare war and battle ensues.",
    "genres" : [ {
      "id" : 12,
      "name" : "Adventure"
    } ]
  }, {
    "id" : 138529,
    "title" : "Tiger Cage 3",
    "overview" : "Earnest cop James (Cheung Kwok-leung) works for the Commercial Crime Bureau and is keeping a sharp eye on slick business man Lee Siu-pong (Wong Kam-kong). When his business endeavours garner the attention of an enterprising extortionist, Lee has the blackmailer killed. Fearing that the incriminating document has fallen into the hands of James, Lee does the only thing that a red-blooded criminal might -- he kidnaps the cop's girlfriend Suki (Sharla Cheung Man). When James gives chase, he finds himself horribly burned in an explosion detonated by Lee. After months of painful recovery, James dons a silver mask and sets out for bloody, gut-wrenching vengeance. Meanwhile, Suki, who has become Lee's unwilling mistress, plots for the thug's gory demise as well.",
    "genres" : [ {
      "id" : 53,
      "name" : "Thriller"
    }, {
      "id" : 28,
      "name" : "Action"
    } ]
  }, {
    "id" : 138544,
    "title" : "American Horror House",
    "overview" : "On Halloween night, a sorority house is overrun with ghosts, while a vengeful housemother goes on a killing spree.",
    "genres" : [ {
      "id" : 27,
      "name" : "Horror"
    } ]
  }, {
    "id" : 138554,
    "title" : "Our Town",
    "overview" : "3-act play by American playwright Thornton Wilder.",
    "genres" : [ ]
  }, {
    "id" : 138564,
    "title" : "Mac and Plak",
    "overview" : "Mak And Plak is set in an anonymous basement where two Siamese brothers berate each other over and over while a man with a prosthetic face attempts to have sex with a refrigerator. Chaos ensues.",
    "genres" : [ ]
  }, {
    "id" : 138569,
    "title" : "Hobo",
    "overview" : "Irish director John T Davis stashes a camera in his bedroll, catches out, and rides the rails from Minneapolis to Seattle with Beargrease, a part-time hobo and full time philosopher, who narrates their way through the incredible scenery of the Northwest and gives us his views on life, liberty, and the pursuit of happiness. The pair meet up several other men living life on the margins: in particular a scene in which Duffy - an ex-corporate executive now living under a bridge in Spokane &amp; collecting cans - describes how he got there is riveting.",
    "genres" : [ {
      "id" : 99,
      "name" : "Documentary"
    } ]
  }, {
    "id" : 138574,
    "title" : "Beyond the Hill",
    "overview" : "In the quiet foothills of Turkey, Faik lives an isolated existence. When his second son brings his boys for a visit, Faik takes the opportunity to pontificate about the law of the land, as he sees it. He shares one unsolicited thought after the next, most particularly focusing on the elusive nomads whom he suspects have been trespassing on his property. The day and night wear on, and each member of the clan takes his turn entrusting the film's audience with his own dark secret.",
    "genres" : [ {
      "id" : 9648,
      "name" : "Mystery"
    }, {
      "id" : 18,
      "name" : "Drama"
    } ]
  }, {
    "id" : 138579,
    "title" : "Nowhere to Run",
    "overview" : "Rural Texas, 1960 -- An age of good times and innocence, when growing up was supposed to be easy. Six high school seniors know the terrible secret that will make the difference in the biggest election in the county's history. Now they must make the most difficult decision of their lives. They must become adults. Written by Concorde - New Horizons",
    "genres" : [ {
      "id" : 28,
      "name" : "Action"
    }, {
      "id" : 53,
      "name" : "Thriller"
    } ]
  }, {
    "id" : 138594,
    "title" : "An Uncanny Resemblance",
    "overview" : "A short documentary about a man who resembles Barack Obama.",
    "genres" : [ ]
  }, {
    "id" : 138614,
    "title" : "Driving with My Wife's Lover",
    "overview" : "After realizing that his wife has been cheating on him, mild-mannered stamp maker Tae-han leaves his small seaside town of Naksan determined to track down his wife's lover, a taxicab driver from Seoul named Joong-sik. During one of the most intense heat waves on record, he travels to the city, where he successfully finds his target and hires him for a long-distance cab ride back to Naksan. As they drive down the highway, Tae-han refrains from revealing his secret to his new rival, and an unlikely bond develops between the two men. When they are faced with a series of unexpected detours along the way, Tae-han finds ample time to reassess his devious plans as the similarities and differences between the two men begin to surface.",
    "genres" : [ ]
  }, {
    "id" : 138624,
    "title" : "Gift of the Magi",
    "overview" : "A newlywed couple burdened with economic hardship decides not to exchange Christmas presents to save money over the holidays. Secretly, they make sacrifices to buy the other a special gift.",
    "genres" : [ {
      "id" : 18,
      "name" : "Drama"
    }, {
      "id" : 10749,
      "name" : "Romance"
    } ]
  }, {
    "id" : 138644,
    "title" : "El crimen de la calle de bordadores",
    "overview" : "Madrid in the late nineteenth century, a woman of a good social position is found murdered and is suspected of responsibility for the crime on several people. The police investigation is launched to discover the responsible and uncovering a plot in which the deceased was involved with a lover who was her lover.",
    "genres" : [ ]
  }, {
    "id" : 138659,
    "title" : "Les Braqueuses",
    "overview" : "",
    "genres" : [ ]
  }, {
    "id" : 138699,
    "title" : "The Little Hut",
    "overview" : "Sir Philip Ashlow (Stewart Granger), his neglected wife, Lady Ashlow (Ava Gardner) and his best friend Henry Brittingham-Brett (David Niven) are shipwrecked on a desert island. This potential ménage à trois where the two men compete for the lady's attention is interrupted by the unexpected arrival of a fourth inhabitant of the island.",
    "genres" : [ {
      "id" : 35,
      "name" : "Comedy"
    }, {
      "id" : 10749,
      "name" : "Romance"
    } ]
  }, {
    "id" : 138714,
    "title" : "Heavy Girls",
    "overview" : "Sven lives with his mother Edeltraut, who is suffering from dementia. He shares his entire life, the apartment, even the bed with her. During the day he works at a bank. While he is at work, Daniel comes to the apartment to look after Edeltraut. He takes her to hairdresser's, goes for walks, shopping, and tidies up the apartment. But one day while Daniel is cleaning the windows, Edeltraut locks him out on the balcony and takes off. The two men go out looking for her. But what they find is not just Edeltraut, but also a tender fondness for one another, one which turns both of their lives upside down.",
    "genres" : [ {
      "id" : 18,
      "name" : "Drama"
    }, {
      "id" : 35,
      "name" : "Comedy"
    } ]
  }, {
    "id" : 138719,
    "title" : "Super Demetrios",
    "overview" : "In a surreal, parallel universe, Thessaloniki has its very own superhero: Super Demetrios. Posing as Dimitris Christoforidis, journalist for the Golden Jerusalem magazine, he fights for truth, justice and the Greco-Christian ideal. In the dark of the night, the city's worst nightmare returns. Captain F.ROM is back, determined to meet his long-awaited goal: claiming his true name. A name he's entitled to. A name that becomes him. The two protagonists are drawn into a conflict that toys with the viewer's patience until the very climax of the film, in an archetypal battle between good and evil.",
    "genres" : [ ]
  }, {
    "id" : 138724,
    "title" : "A Man with Warranty",
    "overview" : "A big mall security guard becomes friend with the attractive woman. The only problem: he doesn't know yet that she is a mall owner.",
    "genres" : [ {
      "id" : 35,
      "name" : "Comedy"
    }, {
      "id" : 10749,
      "name" : "Romance"
    } ]
  }, {
    "id" : 138734,
    "title" : "We Fun",
    "overview" : "We Fun is a look into 21st century rock music in Atlanta, Georgia, USA.  Featuring the Black Lips, Deerhunter, Mastadon and more!",
    "genres" : [ ]
  }, {
    "id" : 138739,
    "title" : "Not a Photograph: The Mission of Burma Story",
    "overview" : "NOT A PHOTOGRAPH documents the resurrection of the seminal post-punk band Mission of Burma, beginning in 2002 and continuing to the present. For a band deemed 'too ahead-of-their-time' during their initial existence, NOT A PHOTOGRAPH follows Mission of Burma's struggle to breathe new life into a tale that's already been recorded in rock's history books -- one that's placed them under the bright lights of acclaim, influence and legend.",
    "genres" : [ ]
  }, {
    "id" : 138744,
    "title" : "The Slog Movie",
    "overview" : "A raw and unparalleled DIY documentary about the West Coast Punk scene made by a group of young fans/filmmakers about the bands they loved.",
    "genres" : [ {
      "id" : 10402,
      "name" : "Music"
    }, {
      "id" : 99,
      "name" : "Documentary"
    } ]
  }, {
    "id" : 138754,
    "title" : "Good Luck. And Take Care of Each Other",
    "overview" : "Alvar is a pensioner who hides his guilt by \"constructing\" fictitious memoirs. By chance he meets Miriam, a socially tone deaf and obstinate teenager, and they become friends. Their friendship deepens when they begin to inspire downhearted people with public art, and comes to a head when they themselves have to blossom.",
    "genres" : [ {
      "id" : 18,
      "name" : "Drama"
    }, {
      "id" : 35,
      "name" : "Comedy"
    } ]
  }, {
    "id" : 138769,
    "title" : "The Daughter",
    "overview" : "Inna lives with her dad and little brother in a small town. Her life changes when a new girl, Masha, comes to her school. They become friends. But Masha is murdered by a maniac serial killer, who kills teenage girls in the town. Inna goes to church for the funeral service. There she meets the priest's son Ilya, whose sister was also murdered.",
    "genres" : [ {
      "id" : 80,
      "name" : "Crime"
    }, {
      "id" : 18,
      "name" : "Drama"
    } ]
  }, {
    "id" : 138774,
    "title" : "The Best Damn Fiddler from Calabogie to Kaladar",
    "overview" : "A poor bush worker refuses to sacrifice his dignity to provide his family with a better life.",
    "genres" : [ ]
  }, {
    "id" : 138779,
    "title" : "Дереза",
    "overview" : "",
    "genres" : [ ]
  }, {
    "id" : 138784,
    "title" : "Давай меняться",
    "overview" : "",
    "genres" : [ ]
  }, {
    "id" : 138789,
    "title" : "Деревянные человечки",
    "overview" : "",
    "genres" : [ ]
  }, {
    "id" : 138794,
    "title" : "Turning",
    "overview" : "In 2006 Antony and the Johnsons and Charles Atlas took their collaborative performance TURNING to major cities in Europe. This documentary film explores the heart of that performance.",
    "genres" : [ ]
  }, {
    "id" : 138829,
    "title" : "The Clock",
    "overview" : "A 24-hour compendium of time-themed film clips, all synched to the time that appears on the clocks and watches within.",
    "genres" : [ ]
  }, {
    "id" : 138844,
    "title" : "The Art of Piano - Great Pianists of 20th Century",
    "overview" : "This is a film that encapsulates the essence of a great pianistic age that married virtuosity and musicianship with the most thrilling aspect of individual showmanship.",
    "genres" : [ ]
  }, {
    "id" : 138859,
    "title" : "Chercher le garçon",
    "overview" : "",
    "genres" : [ {
      "id" : 35,
      "name" : "Comedy"
    }, {
      "id" : 10749,
      "name" : "Romance"
    } ]
  }, {
    "id" : 138904,
    "title" : "Natiruts Acústico no Rio de Janeiro",
    "overview" : "",
    "genres" : [ {
      "id" : 10402,
      "name" : "Music"
    } ]
  }, {
    "id" : 138909,
    "title" : "Unmasked Judeophobia",
    "overview" : "A meticulous examination of rising anti-Jewish ideology. Filmmaker Gloria Z. Greenfield travels from Israel to Europe to North America, covering this phenomenon from all angles, including historic Christian and contemporary Islamic polemics against Jews, the proliferation of anti-Israel bias in academia and cultural institutions, misinformation campaigns and state-sanctioned calls for the destruction of the Jewish state and the killing of Jews. Wide-ranging interviews include such eloquent and respected voices as legal experts Alan Dershowitz, Senator Joe Lieberman, Ambassador John Bolton, human rights activist Natan Sharansky, British attorney Anthony Julius, Chief Rabbi Jonathan Sacks, Wall Street Journal's Bret Stephens, among many others. UNMASKED JUDEOPHOBIA is a call to action and urgent reminder that Antisemitism is a menace not only to Jews, but to the human condition itself.",
    "genres" : [ {
      "id" : 99,
      "name" : "Documentary"
    } ]
  }, {
    "id" : 138914,
    "title" : "Shot in the Excitement",
    "overview" : "Keystone short about two suitors getting into an increasingly, cartoonishly violent fight over a woman.",
    "genres" : [ {
      "id" : 35,
      "name" : "Comedy"
    } ]
  }, {
    "id" : 138919,
    "title" : "The Noise of Bombs",
    "overview" : "Four miscreants get revenge on the police chief by planting bombs in his house.",
    "genres" : [ {
      "id" : 35,
      "name" : "Comedy"
    } ]
  }, {
    "id" : 138924,
    "title" : "Fatty's New Role",
    "overview" : "Fatty gets kicked out of a bar, and then the place gets a bomb threat.",
    "genres" : [ {
      "id" : 35,
      "name" : "Comedy"
    } ]
  }, {
    "id" : 138934,
    "title" : "Damini",
    "overview" : "The theme revolves around the character Damini who represents truth and innocence. After her marriage in renowned wealthy family, Damini happens to see a cruel act done by her brother-in-law. She wants the victim to get justice, but the family including her husband oppose her, which leads her to leave the house. Soon she is helped by a drunkard, an ex-advocate, who helps her in all respect to reach to her aim and therefore justice",
    "genres" : [ {
      "id" : 18,
      "name" : "Drama"
    }, {
      "id" : 80,
      "name" : "Crime"
    } ]
  }, {
    "id" : 138944,
    "title" : "Blood for Irina",
    "overview" : "Irina is dying. A predator who stalks streets at night looking for blood, she has lived over a century; tormented by memory, living in a run-down motel by the sea, Irina has reached the end. Her perceptions skewed, her body and mind revolting against themselves, she waits for an exit. Her private hell is echoed by the motel manager, driven by an obsession to protect Irina and keep her secrets safe, and a broken prostitute whose desperate plight may be worse than Irina's. It's the tale of three people living a life on the fringe, trapped in world of literal and figurative decay.",
    "genres" : [ {
      "id" : 27,
      "name" : "Horror"
    } ]
  }, {
    "id" : 138949,
    "title" : "Dawn at Socorro",
    "overview" : "Brett Wade, gambler, gunslinger, and classical pianist, is wounded in a gunfight with the Ferris clan; the doctor finds signs of tuberculosis. En route to Colorado for his health, Brett stops in Socorro, New Mexico along with Ferris gunfighter Jimmy Rapp. Sheriff Couthen fears another shootout, but what Brett has in mind is saving waif-with-a-past Rannah Hayes from a life as one of Dick Braden's saloon girls.",
    "genres" : [ {
      "id" : 37,
      "name" : "Western"
    } ]
  }, {
    "id" : 138959,
    "title" : "The Absent",
    "overview" : "The town of Liberty has many secrets but the darkest is hidden between twin brothers. Vincent and Oscar Burton are only 10 years old when Oscar finds out his parents are trying to kill him for insurance money. Oscar takes it in to his own hands to protect himself and his twin.",
    "genres" : [ {
      "id" : 27,
      "name" : "Horror"
    }, {
      "id" : 53,
      "name" : "Thriller"
    }, {
      "id" : 9648,
      "name" : "Mystery"
    } ]
  }, {
    "id" : 138969,
    "title" : "Fool for Love",
    "overview" : "Typically you know what you are getting into when you go see a movie billed as \"romantic comedy.\" And often they lack romance or comedy and sometimes both. Not to mention that the simplicity of the characters often make the movie very predictable. That said, romantic comedies often don't work overall and viewers are left with a few good moments here or there. All that is said to explain what you won't find in \"Fool For Love.\" That is because the two main characters, in particular Dustin Nguyen's character \"Dung\" have a complexity to them that creates a real life foundation from which the romance and comedy can be built.",
    "genres" : [ {
      "id" : 10749,
      "name" : "Romance"
    }, {
      "id" : 35,
      "name" : "Comedy"
    } ]
  }, {
    "id" : 138979,
    "title" : "Fifty Shades of Grey: A XXX Adaptation",
    "overview" : "When an inexperienced college student, Anastasia Steele, meets an extremely wealthy and handsome young business tycoon, Christian Grey, a whirlwind romance encompassing the kinkiest of pleasures soon ensues.",
    "genres" : [ ]
  }, {
    "id" : 138999,
    "title" : "Little Corey Gorey",
    "overview" : "Abused by his older brother and step mother, a highschool student takes drastic steps to regain his independence.",
    "genres" : [ {
      "id" : 27,
      "name" : "Horror"
    } ]
  } ]
}