{
  "movies" : [ {
    "id" : 275324,
    "title" : "A virus",
    "overview" : "Two guys are arguing about the meaning of life and the purpose of humankind's existence. 'Why do we exist and who are we?' - this is the question.",
    "genres" : [ {
      "id" : 18,
      "name" : "Drama"
    } ]
  }, {
    "id" : 275329,
    "title" : "Appointment with Agony",
    "overview" : "A trio of thugs go on a kidnapping-and-rape rampage.",
    "genres" : [ {
      "id" : 80,
      "name" : "Crime"
    } ]
  }, {
    "id" : 275334,
    "title" : "Eva",
    "overview" : "Young Antinoos is on vacation on an island where he meets a seductive woman, Eva, who is having a miserable time with her middle-aged husband, Alekos. Eva is attracted to Antinoos, who is her missing part, but at the same time, she feels guilty and tries to suppress her passion.",
    "genres" : [ ]
  }, {
    "id" : 275339,
    "title" : "Minor Threat: Live",
    "overview" : "Minor Threat played one of its last shows at Washington DC's 930 Club in June of 1983; they would only play once more in DC. Two years later, the tapes from the 930 show were edited together and Dischord Records released them as the Minor Threat Live VHS video in 1986. Along with the 40 minute 930 performance, the DVD includes a 1982 Minor Threat show in Camden, NJ, a clip of Minor Threat's 2nd ever show at DC Space in December 1980, and excerpts from a 1983 interview with vocalist, Ian MacKaye.",
    "genres" : [ ]
  }, {
    "id" : 275344,
    "title" : "Barney: Dance With Barney",
    "overview" : "Have a tee-riffic time when you move and groove with Barney(TM) and his friends! Join Barney and learn many different types of dance, from hip-hop to ballet to folk dance and more, and watch as his friend Jamal builds the confidence to give them a try too! Then Barney and his friends explore movement and have a ball as they wiggle, waddle, hop, and bop together! Don't miss a beat and come along for a dino-mite, dino-dancing good time!",
    "genres" : [ ]
  }, {
    "id" : 275349,
    "title" : "Frank Sinatra: A Man and His Music + Ella + Jobim",
    "overview" : "A truly memorable television event, the third annual special finds Frank joined by the dazzling Ella Fitzgerald in an historic pairing of the two preeminent vocal talents of the era.",
    "genres" : [ {
      "id" : 10402,
      "name" : "Music"
    } ]
  }, {
    "id" : 275354,
    "title" : "Grace and Mercy",
    "overview" : "Marie Jose Poux runs an orphanage responsible for over 60 children and her brother, Ben Constant, who is the \"Mayor\" of one of the largest tent cities in Port-au-Prince. Combining unprecedented access with cinema-vérité footage, director Luis Peña paints a beautiful portrait of a brother and sister team who have dedicated their lives to rebuilding their home country of Haiti. Shot over the course of the year following the devastating January 12th, 2010 earthquake, the film aims to show how Haiti survives -- no matter what -- and will one day thrive again.",
    "genres" : [ ]
  }, {
    "id" : 275359,
    "title" : "Sports Illustrated: Swimsuit At Play 2005",
    "overview" : "From river rafting to snowboarding, Sports Illustrated has gone global for an action sports adventure with the world's most beautiful women. You will also see Olympians Jennie Finch and Amanda Beard and a few surprises you won't want to miss.",
    "genres" : [ ]
  }, {
    "id" : 275364,
    "title" : "Thumbnail",
    "overview" : "In one of the many fjords on the South coast of Greenland, there is what Europeans have baptized the \"Thumbnail\", a one-mile-high granite wall, undeniably the tallest cliff on the planet. Cecilia and Roberta, two of the best mountain climbers in the world today, prepare to ascend. They approach the wall by kayak, rowing for several days through icebergs, passing whales and seals: an incredible scene of the serenity of nature.",
    "genres" : [ ]
  }, {
    "id" : 275369,
    "title" : "24x24: Wide Open With Jeff Gordon",
    "overview" : "24 x 24: WIDE OPEN WITH JEFF GORDON explores the life both on and off the track of one of NASCAR racing's greatest and most beloved icons. The heart and soul of this fast paced documentary create an in-depth look behind the man by spending time off the track with Mr. Gordon, as well as a documentary-style retrospective of his career and lifestyle. Throughout this program viewers will get to know Jeff the driver, the family man, the adventurer, the entrepreneur, and the philanthropist.",
    "genres" : [ ]
  }, {
    "id" : 275374,
    "title" : "Becoming a Woman in Zanskar",
    "overview" : "In the remote kingdom of Zanskar, in the northern Himalayas, Becoming Woman recounts the true and moving story of a friendship shattered by destiny when two young girls have to part and leave their village and their families forever... to become women!",
    "genres" : [ ]
  }, {
    "id" : 275379,
    "title" : "Girl of the Port",
    "overview" : "Josie (Sally O'Neill), a New York showgirl with a mind of her own and a heart of gold, finds herself stranded on the island of Fiji. While seeking a way home she is befriended by a local man (legendary Olympic swimmer Duke Kahanamoku) who gets her a job working as a barmaid at \"The Bamboo Bar\". There she meets an alcoholic World War I veteran (Reginald Sharland) who is haunted by his wartime experiences and has an irrational fear of fire. Under her concerned care, he begins to recover and they fall in love. But then her jealous self-appointed boyfriend (Mitchell Lewis) forces the veteran to participate in a traditional Fijian fire-walking ritual. To overcome his terror he must walk across 20 feet of burning coals and fight his rival to reach Josie's loving arms.",
    "genres" : [ {
      "id" : 10749,
      "name" : "Romance"
    }, {
      "id" : 18,
      "name" : "Drama"
    } ]
  }, {
    "id" : 275384,
    "title" : "The Tattooed Police Horse",
    "overview" : "Barred from racing for breaking stride, a trotting horse finds a new career as a police officer's mount in Boston.",
    "genres" : [ {
      "id" : 12,
      "name" : "Adventure"
    } ]
  }, {
    "id" : 275389,
    "title" : "Global Warming: Our Searing Earth",
    "overview" : "Global Warming: Our Searing Earth lays bare the hidden catastrophe of global warming. Using original interviews with scientists and victims alike we look to the truth behind the controversy and examine the devastating current and future effects on our planet. Is there anything that we can do to prevent the catastrophe?",
    "genres" : [ ]
  }, {
    "id" : 275394,
    "title" : "Hoops & Yoyo's Haunted Halloween",
    "overview" : "Hoops &amp; Yoyo can't wait for Halloween... but they have waited until the last minute to begin their search for costumes. When that search leads them to the mall, they are accidentally locked inside after closing. They discover that this favorite daytime haunt is actually haunted at night. But through a series of frightening events, they learn that \"monsters\" aren't always who they seem to be.",
    "genres" : [ ]
  }, {
    "id" : 275399,
    "title" : "THE POWERBROKER: Whitney Young's Fight for Civil Rights",
    "overview" : "Whitney Young was one of the most celebrated and controversial leaders of the civil rights era. As head of the National Urban League, he fought for the rights of thousands but was often criticized by the very people he was trying to help.",
    "genres" : [ ]
  }, {
    "id" : 275404,
    "title" : "VeggieTales: MacLarry and the Stinky Cheese Battle",
    "overview" : "Larry the Cucumber stars as MacLarry- a misfit inventor who is stuck in the middle of the silliest battle every between two tribes of perpetual pranksters! Follow MacLarry as he realizes that his God-given talents may be just what is needed to save them all from the stinkiest cheese in the land!",
    "genres" : [ {
      "id" : 10751,
      "name" : "Family"
    }, {
      "id" : 16,
      "name" : "Animation"
    } ]
  }, {
    "id" : 275409,
    "title" : "Angelina Ballerina: Spring Fling",
    "overview" : "Spring is in the air, and Angelina and the mouselings dance their way through spring traditions from around the world.",
    "genres" : [ ]
  }, {
    "id" : 275414,
    "title" : "Echo of Silence",
    "overview" : "In a small town of Hokkaido, Yunni, Fusako Kurokawa (Saki Takaoka), lives a quiet life with her father. Life here is very simple, but it is good enough and she is happy enough. Days go on as usual. with some coincidence, she meets this man one day, Wataru Kadokura (Atsuro Watabe) a man who cannot speak. A very peaceful \"time\" now becomes part of her daily life as this strong emotion suddenly takes place in her simple quiet life.",
    "genres" : [ {
      "id" : 18,
      "name" : "Drama"
    } ]
  }, {
    "id" : 275419,
    "title" : "365 Days: A Year in Happy Valley",
    "overview" : "Depicting a year in the life of a small town caught in the center of the high-profile Penn State scandal, this powerful film reveals how it affected the community: showcasing the strength and resolve of those who live in and cherish what is known as \"Happy Valley.\"",
    "genres" : [ {
      "id" : 36,
      "name" : "History"
    }, {
      "id" : 99,
      "name" : "Documentary"
    } ]
  }, {
    "id" : 275424,
    "title" : "Willie and the Poor Boys",
    "overview" : "Music - On March 11th and 12th 1985, the core members of the band and additional star guests, turned up at the Fulham Town Hall, London to make this film of Willie and the Poor Boys. This rare event marked an historical Rock 'n' Roll moment where members of the Rolling Stones and The Beatles collaborated on a film project. This concert film and accompanying documentary make up this superb special edition. -  Bill Wyman, Charlie Watts, Mickey Gee",
    "genres" : [ ]
  }, {
    "id" : 275429,
    "title" : "A Company Of Heroes",
    "overview" : "Documentary - They were the \"other\" Band of Brothers. A Company of Heroes features interviews with many of the men not focused on in the book \"Band of Brothers\" by Stephen Ambrose or in the television mini-series by the same name.",
    "genres" : [ ]
  }, {
    "id" : 275434,
    "title" : "She's My Weakness",
    "overview" : "Tommy Mills and Marie Thurber, sweethearts, plan to marry when Tommy sells some land he has inherited. Marie's parents favor the match, as they prefer Tommy over Bernard Norton, another suitor. Her father, Warren Thurber, however, is in financial straits and plans to sell land to a civic improvement association headed by David Tuttle. When he discovers that Tommy has agreed to sell his land to Mrs. Oberlander, he berates him; but Tommy agrees to boost the price so that Thurber will win out. Tuttle, who favors Bernard as Marie's husband, persuades Tommy that he must endure the displeasure of the Thurbers, and as a result a misunderstanding arises over the sale of the land. But Tuttle's scheme backfires, and Tommy wins the girl after all.",
    "genres" : [ ]
  }, {
    "id" : 275439,
    "title" : "Radiophobia",
    "overview" : "RADIOPHOBIA examines the Chernobyl disaster and its consequences 20 years later from the perspective of a group of survivors and people who were on duty at the reactor on the fateful night. This is the first time that they have returned to the 'Zone' to reconcile their past with the ruins of the present.",
    "genres" : [ {
      "id" : 99,
      "name" : "Documentary"
    } ]
  }, {
    "id" : 275444,
    "title" : "D-Day: The Price Of Freedom",
    "overview" : "Documentary - Five D-Day veterans return to Normandy and re-visit the locations they landed on June 6, 1944, sharing their own very personal stories of war.",
    "genres" : [ ]
  }, {
    "id" : 275449,
    "title" : "Baseball Chronicles",
    "overview" : "The Baseball Chronicles is a lyrical, nostalgic and thoroughly entertaining look at the history and folklore of our National Pastime.",
    "genres" : [ ]
  }, {
    "id" : 275454,
    "title" : "Grandmother To Grandmother",
    "overview" : "Documentary - In sub Saharan Africa, AIDS is wiping out a generation of parents, leaving 13 million orphans behind. A similar thing is happening in cities all across America.",
    "genres" : [ ]
  }, {
    "id" : 275459,
    "title" : "The Swing Era",
    "overview" : "Jazz began to \"swing\" as musicians began to adopt swing eighths, the string bass, high hat cymbals, and a looser, more rhythmic feeling . This change occurred gradually starting in the twenties notably with Louis Armstrong, and continued on into the 40's. A lot of the music that came out of this period was played by bands of ten musicians or more. Because of this the swing era is also often known as the big band era.",
    "genres" : [ ]
  }, {
    "id" : 275464,
    "title" : "Angelina Ballerina: Ballerina Princess",
    "overview" : "Family - Join Angelina Ballerina and her friends for enchanting adventures filled with princesses, princes, kings and queens. Dancing their way through Chipping Cheddar, Angelina encounters an evil witch, uncovers a Cinderella-like mystery, treats the king and queen to a regal performance, and brings an epic tale to life with her friends! With secrets, spells, dance and celebrations, the stage is set for a royally good time!",
    "genres" : [ {
      "id" : 16,
      "name" : "Animation"
    } ]
  }, {
    "id" : 275469,
    "title" : "Officer O'Brien",
    "overview" : "Bill O'Brien is promoted to lieutenant in the police department for his arrest of Mike Patello, gang leader and racketeer, for murder. Ruth Dale, who loves Bill, is concerned when her brother, Johnny, who witnessed the murder, proposes to testify against the racketeer. Meanwhile, Captain Antrim informs Bill that his father has just been released from prison and does not know his son is a policeman. On the way from prison, O'Brien (J. P.) meets Limo, a former cockney pal who recognizes Bill and keeps J. P. from seeing his son; later, J. P. arrives intoxicated and is enraged, forcing Bill to knock him unconscious. J. P. is arrested for robbery but returns the loot to save his son from disgrace; Johnny is killed before testifying against Patello, who is released but confronted by J. P., who proves his guilt and, when he struggles with the police, kills him. Bill plans to resign, but confident of Ruth's love, he decides to remain on the force.",
    "genres" : [ {
      "id" : 35,
      "name" : "Comedy"
    }, {
      "id" : 80,
      "name" : "Crime"
    } ]
  }, {
    "id" : 275474,
    "title" : "Cannonball!",
    "overview" : "Shot under the big top and on tour with the Clyde Beatty-Cole Brothers Circus, CANNONBALL! gives viewers a rare opportunity to experience first-hand a touring circus.",
    "genres" : [ ]
  }, {
    "id" : 275479,
    "title" : "Black Water Creek",
    "overview" : "Detectives are called to investigate a string of serial killings. Someone or something is killing people and driving locals into paranoid delusions with eyewitnesses saying it's a Sasquatch. The detectives discover that some legends are better left alone.",
    "genres" : [ {
      "id" : 27,
      "name" : "Horror"
    } ]
  }, {
    "id" : 275484,
    "title" : "Choice Point",
    "overview" : "When you watch Choice Point, you'll finally get the answers that'll make all the difference - and what you're going to discover may well surprise you!  Imagine how much faster your own journey to success would be if you could tap into the thinking and experiences of some of the world's leading visionaries, scientists and spiritual leaders, and receive life-directing guidance from billionaire Richard Branson, visionary Desmond Tutu, author Jack Canfield and more!  And best of all, it's not just big names who are featured in this groundbreaking feature-length documentary. You'll also hear about regular people who massively changed their lives around following the three key Choice Point pillars of:  1. Understand your world  2. Align with your purpose  3. Be the change",
    "genres" : [ {
      "id" : 99,
      "name" : "Documentary"
    } ]
  }, {
    "id" : 275489,
    "title" : "Devious Beings",
    "overview" : "Longstanding friendships are severely tested when three buddies who grew up together botch a drug deal and get played. They take risky and often deadly gambles as they scramble to find the missing $100,000 stash of ecstasy.",
    "genres" : [ ]
  }, {
    "id" : 275494,
    "title" : "The Circus Kid",
    "overview" : "In 'The Circus Kid', Darro gives an excellent performance as Buddy, an orphan who runs away from a a harsh orphanage to join Cadwallader's Circus.",
    "genres" : [ ]
  }, {
    "id" : 275499,
    "title" : "Hangovers from Hell",
    "overview" : "Binge drinking, pub crawls, chugging, extreme drinking... terms used by adolescents to describe a dangerous phenomenon: absorbing a maximum of alcohol in a minimum of time. Ever younger males and females alike are indulging in excessive social drinking, despite the risks. The result: the number of alcohol-induced comas increased by 50% between 2002 and 2008 among the under-15 age group. Addiction is spiraling, and it is not uncommon to see youngsters attending school in a drunken state.",
    "genres" : [ ]
  }, {
    "id" : 275504,
    "title" : "Pilgrim",
    "overview" : "Documentary - Jonquil Cooper, filmmaker and spiritual guide, travels to Mount Kailash in Tibet, one of the oldest and most sacred pilgrimage sites in the world. Risking imprisonment if caught and with a young but confirmed skeptic in tow, she takes a profound and unforgettable journey that changes their lives forever.",
    "genres" : [ ]
  }, {
    "id" : 275509,
    "title" : "Lalaloopsy Ponies: The Big Show",
    "overview" : "Hold your horses, the Lalaloopsy girls are welcoming some new friends to Lalaloopsy Land: a group of talking ponies! The ponies are eager to put on a show, but there's a hitch-- their caravan and carousel need rebuilding. With teamwork, know-how, and lots of laughter and fun, the Lalas get the ponies up and running again!",
    "genres" : [ ]
  }, {
    "id" : 275514,
    "title" : "Patterns of Attraction",
    "overview" : "This romantic comedy is a story that emphasizes the importance of commitment, true love and breaking old love patterns in order to create new beginnings.",
    "genres" : [ ]
  }, {
    "id" : 275519,
    "title" : "The Amazing Zorro",
    "overview" : "The exciting tale of Don Diego Vega, a lazy young aristocrat in early California living a secret life as Zorro, the mysterious masked avenger and, defender of the oppressed. Zorro appears when least expected by the authorities, always bearing a sure sword, a swift horse, and a wicked sense of humor. Based on \"The Curse of Capistrano,\" the story that established Zorro as an international hero.",
    "genres" : [ {
      "id" : 10770,
      "name" : "TV Movie"
    }, {
      "id" : 10751,
      "name" : "Family"
    }, {
      "id" : 16,
      "name" : "Animation"
    }, {
      "id" : 37,
      "name" : "Western"
    } ]
  }, {
    "id" : 275524,
    "title" : "Wege übers Land",
    "overview" : "",
    "genres" : [ {
      "id" : 18,
      "name" : "Drama"
    } ]
  }, {
    "id" : 275529,
    "title" : "The Colombian",
    "overview" : "Action / Drama / Foreign - THE COLOMBIAN follows the violent journey of a man who forsakes everything and everyone he has ever known to single-handedly take on the cocaine cartels that are destroying his country.",
    "genres" : [ ]
  }, {
    "id" : 275534,
    "title" : "Running Funny",
    "overview" : "Michael and Eddie are two broke college graduates who rent an \"apartment\" from Stan, a cantankerous blind war veteran. As they begin their tumultuous transition into the real world they quickly discover that finding a job will be a lot harder than securing their degrees. Starring Tony nominated actor Louis Zorich, (Mad About You, Young At Heart) along with newcomers Maximilian Osinski and Gene Gallerano, Running Funny is a heartfelt comedy about the transitions we all make, and the lessons we all must learn.",
    "genres" : [ ]
  }, {
    "id" : 275539,
    "title" : "Norma",
    "overview" : "In Guy Joosten's ingenious production of Bellini's masterpiece, NORMA is about more than just beautiful singing. It becomes a layered, timeless drama in which Norma is the archetypal successful woman struggling to retain her dominant but vulnerable position. Hasmik Papian's lyrical and intense interpretation of the title role accentuates the striking similarity between a Druid high priestess and a modern opera diva. Conductor Julian Reynolds guides the brilliant cast, chorus, and Netherlands Chamber Orchestra to great heights, providing a refreshing new take on the chef d'oeuvre of bel canto.",
    "genres" : [ ]
  }, {
    "id" : 275544,
    "title" : "Patmos",
    "overview" : "As an older man, the Apostle John was sentenced to forced labor on the Island of Patmos. God honored John with His visions, faithfully transcribed to become the Book of Revelation.",
    "genres" : [ ]
  }, {
    "id" : 275549,
    "title" : "The Grove",
    "overview" : "Documentary - More Americans have been lost to AIDS than in all the U.S. wars since 1900. Yet few know about the National AIDS Memorial Grove, a seven-acre sanctuary hidden in San Francisco's Golden Gate Park and a testament to lives lost at a time when the stigma of AIDS forced many to grieve in silence. THE GROVE shows how a community in crisis found healing and remembrance, and how the seeds of a few visionary environmentalists blossomed into something larger than they could have imagined.",
    "genres" : [ ]
  }, {
    "id" : 275554,
    "title" : "Road to the Big Leagues",
    "overview" : "Through the eyes of local kids playing with pebbles to the perspective of Dominican major league stars David Ortiz and Vladimir Guerrero, this documentary reveals a side of 'America's Game' that few have ever seen before.",
    "genres" : [ ]
  }, {
    "id" : 275559,
    "title" : "Petey & Ginger",
    "overview" : "When the global economy collapses the only true victors are those that weren't invited to the boom. Petey plays in a band and works in a pornography warehouse; Ginger works the night shift in a bar. From opposite coasts of the country, the two provide their personal takes on individual vs. collective crisis, together weaving a narrative that exposes a wasteland of shattered economic dreams, unfulfilled social promises and a bleak reality that only music and friendship can float freely above.",
    "genres" : [ {
      "id" : 10402,
      "name" : "Music"
    }, {
      "id" : 99,
      "name" : "Documentary"
    } ]
  }, {
    "id" : 275564,
    "title" : "Somebody's Daughter",
    "overview" : "Because of the internet's accessibility, anonymity, and affordability, pornography addictions have risen to epidemic levels, destroying intimacy, marriages and families, while distorting our definition of sex and sexuality.",
    "genres" : [ ]
  }, {
    "id" : 275569,
    "title" : "Aftermath: Unanswered Questions from 9/11",
    "overview" : "This documentary addresses the plethora of issues that have been raised in the wake of the events of September 11, 2001. Turning a critical eye to the actions of George W. Bush's government before, during, and after the tragedy, director Stephen Marshall has assembled a collection of experts to address questions that have been overlooked in the turbulence of the times. He exposes connections between the hijackers, Pakistani intelligence (ISI), and the CIA, and examines the role that a hunger for oil has played all along.",
    "genres" : [ ]
  }, {
    "id" : 275574,
    "title" : "The Truth About The Philadelphia Experiment: Invisibility, Time Travel and Mind Control",
    "overview" : "A U.S. Navy Ship vanishes during a secret World War II Experiment gone awry. When it re-appears, observers are horrified to see crew members embedded in the deck and steel of the ship. During a sea trial, the ship vanishes and travels through time setting off a number of events that continue today. You'll meet Al Bielek, Preston Nichols and Duncan Cameron. They are all survivors of U.S. Government Experiments involving INVISIBILITY, TIME TRAVEL, MIND CONTROL, PSYCHIC WARFARE and REMOTE VIEWING.",
    "genres" : [ ]
  }, {
    "id" : 275579,
    "title" : "Ex-Files",
    "overview" : "Meng Yun, a former womanizer, meets and falls in love with Xia Lu and they become a couple. Their exes, however, have different ideas.",
    "genres" : [ {
      "id" : 10749,
      "name" : "Romance"
    }, {
      "id" : 35,
      "name" : "Comedy"
    } ]
  }, {
    "id" : 275584,
    "title" : "Amílcar Cabral",
    "overview" : "Documentary about African freedom fighter Amílcar Cabral, whose story is told by his relatives and friends. Amílcar, besides being a humanist and nationalist, was also a brilliant poet.",
    "genres" : [ {
      "id" : 99,
      "name" : "Documentary"
    } ]
  }, {
    "id" : 275589,
    "title" : "Calm Yourself",
    "overview" : "A recently-fired advertising executive starts his own company, Confidential Services, to help clients solve their unusual and problematic situations.",
    "genres" : [ {
      "id" : 10749,
      "name" : "Romance"
    }, {
      "id" : 35,
      "name" : "Comedy"
    } ]
  }, {
    "id" : 275594,
    "title" : "Baby Genius - Things That Go Counting",
    "overview" : "BABY GENIUS: THINGS THAT GO COUNTING is an animated foray into the world of numbers. Marching bands, cheerleaders, rowers, and karate students are only a few of the participants in this instructional video designed to get toddlers familiar with the elementary principles of counting.",
    "genres" : [ ]
  }, {
    "id" : 275599,
    "title" : "Ninja Busters",
    "overview" : "Two girl-crazy friends learn matrial arts in order to take on their gangster Ex-Employer.",
    "genres" : [ {
      "id" : 35,
      "name" : "Comedy"
    }, {
      "id" : 28,
      "name" : "Action"
    } ]
  }, {
    "id" : 275604,
    "title" : "My Friends Tigger and Pooh Super Sleuth Christmas Movie",
    "overview" : "Pooh and his friends work together to rescue Santa's lost reindeer-trainee, Holly.",
    "genres" : [ {
      "id" : 16,
      "name" : "Animation"
    }, {
      "id" : 10751,
      "name" : "Family"
    } ]
  }, {
    "id" : 275609,
    "title" : "Los pecados de una chica casi decente",
    "overview" : "",
    "genres" : [ {
      "id" : 35,
      "name" : "Comedy"
    } ]
  }, {
    "id" : 275614,
    "title" : "Aquarium",
    "overview" : "Six strangers awake in a strange sealed off room while a mysterious observer tells them that only one of them will survive.",
    "genres" : [ ]
  }, {
    "id" : 275619,
    "title" : "Age of Tomorrow",
    "overview" : "Mankind must fight to survive as Earth is invaded by hostile UFOs bent on destroying the planet. As the epic battle wages on, astronauts sneak aboard the mothership where they discover a portal to the aliens' home world. They manage to alert Earth before they are brutally murdered. Left with no other choice, Earth sends an elite military team of science and combat specialists through the portal where they attempt to stop the invasion from the inside out.",
    "genres" : [ {
      "id" : 53,
      "name" : "Thriller"
    }, {
      "id" : 878,
      "name" : "Science Fiction"
    }, {
      "id" : 28,
      "name" : "Action"
    } ]
  }, {
    "id" : 275624,
    "title" : "Jojo Mayer: Secret Weapons For The Modern Drummer 2",
    "overview" : "Jojo Mayer has assembled the most comprehensive and detailed volume on hand technique for drummers ever available. As both an inspiring instructional method and highly entertaining reference guide,this DVD is invaluable to drummers of every skill level.",
    "genres" : [ {
      "id" : 99,
      "name" : "Documentary"
    }, {
      "id" : 10402,
      "name" : "Music"
    } ]
  }, {
    "id" : 275629,
    "title" : "Cavalleria",
    "overview" : "Umberto Solaro loses the love of his life Speranza, a noble but poor girl who has been forced to marry a rich Austrian army officer. Heartbroken Umberto becomes a riding instructor but during a competition his horse dies and he decides to give up equitation and become an aviator.",
    "genres" : [ ]
  }, {
    "id" : 275634,
    "title" : "Die Lust der Frauen",
    "overview" : "",
    "genres" : [ {
      "id" : 99,
      "name" : "Documentary"
    } ]
  }, {
    "id" : 275639,
    "title" : "Bloody Ring",
    "overview" : "Mr. Chi (Larry Lee) goes to Thailand to assist a close friend, Nai Sin (Huang Chung Hsin), in preparing his Muay Thai boxers for a battle with Japanese boxers who have arrived in Bangkok to get even for a past loss. Instead of training Nai Sin’s students to take on the Japanese, Mr. Chi finds himself having to take on the Japanese himself, as he has to help one of Nai Sin’s top students fend off the Japanese due to the student not coming through on throwing a boxing match.",
    "genres" : [ {
      "id" : 28,
      "name" : "Action"
    } ]
  }, {
    "id" : 275644,
    "title" : "Happy Landing",
    "overview" : "An action-filled film with outlaws-of-the-clouds at war with the men of the U. S. Flying Service. A young pilot, Nick Ferris, fights to track down a dangerous gang of smugglers and clear his name of an undeserved stigma.",
    "genres" : [ {
      "id" : 18,
      "name" : "Drama"
    }, {
      "id" : 28,
      "name" : "Action"
    } ]
  }, {
    "id" : 275649,
    "title" : "Dirty Work",
    "overview" : "Staff in a jewellery store hatch a plan to catch a thief.",
    "genres" : [ {
      "id" : 35,
      "name" : "Comedy"
    } ]
  }, {
    "id" : 275659,
    "title" : "Hangover Revenge of The Desperate Women",
    "overview" : "Four modern women: Alice (America goddess), Lisa (Office Lady), Liyuan (beautiful housewife), Wenwen (hate married women Cock wire) to withstand the pressure of urban life, the feelings do not go well, everyone has their own depression, four due to heavy drinker and leads to some hilarious story of the encounter.",
    "genres" : [ {
      "id" : 18,
      "name" : "Drama"
    }, {
      "id" : 35,
      "name" : "Comedy"
    } ]
  }, {
    "id" : 275664,
    "title" : "A Clown's Recovery",
    "overview" : "Jelly Boy The Clown, a world-renowned side show performer conquered all the obstacles in a miraculous recovery as a burn survivor and as an uninsured American. Follow his experience from being trapped in an apartment fire in New York City and his battle to return to the stage as a circus sideshow performer.",
    "genres" : [ ]
  }, {
    "id" : 275669,
    "title" : "Stripper: Natasha Kizmet",
    "overview" : "It's Borat with Boobs! A hottie from Uzbekistan fends off perverts and porn stars, spins with strippers and finds the American dream.",
    "genres" : [ ]
  }, {
    "id" : 275674,
    "title" : "The Awkward Comedy Show",
    "overview" : "This outrageous standup performance documentary, premiering on Comedy Central, spotlights a category of black comedian rarely witnessed: the nerd variety.",
    "genres" : [ ]
  }, {
    "id" : 275679,
    "title" : "La battaglia tra Brenta e Adige",
    "overview" : "A Italian documentary by Luca Comerio.",
    "genres" : [ ]
  }, {
    "id" : 275684,
    "title" : "The Tree Widow",
    "overview" : "Sarah is a widow with a beautiful home who takes women in need into her home to help them during the recession. They discover that Sarah has many men attracted to her, and they can't figure out why. Why would younger men, date and admire an older woman who walks among the trees,and loves Jesus? The answer is revealed one night at a special candlelight dinner that changes the women's views of sex in the city.",
    "genres" : [ ]
  }, {
    "id" : 275689,
    "title" : "Who Stole the Electric Car?",
    "overview" : "This fresh new romantic comedy begins when self-centered, egotistical GUY takes his environmentally friendly girlfriend for granted. Chelsea tells Guy she's leaving which makes him take matters into his own hands to win her back. Guy concocts the crazy idea to fly to Detroit &amp; have his picture taken with the world's 1st Electric Car",
    "genres" : [ ]
  }, {
    "id" : 275694,
    "title" : "Bad Religion: Along the Way",
    "overview" : "Considered one of the most cerebral punk rock bands around, Bad Religion puts on a unique live show that has them blasting through song after song in record time. This documentary, compiling footage from 14 different concerts, captures the raw power and frenzy of the band as they toured Europe in 1989 to promote their third album, \"Suffer.\" The 26 featured songs include \"Do What You Want,\" \"Land of Competition,\" \"Best for You\" and more.",
    "genres" : [ ]
  }, {
    "id" : 275699,
    "title" : "Big Country: Peace in Our Time",
    "overview" : "Filmed in Moscow in 1988, Big Country broke barriers by playing in a nation not usually amenable to Western rock bands. With their innovative blend of rock music and traditional Scottish folk rhythms, the group wowed their Soviet audience. Songs include \"Peace in Our Time,\" \"Wonderland,\" \"Broken Heart (Thirteen Valleys),\" \"Steel Town,\" \"River of Hope,\" \"Thousand Yard Stare,\" \"King of Emotion\" and \"Chance.\"",
    "genres" : [ ]
  }, {
    "id" : 275704,
    "title" : "Brian Hooks All Starz Live",
    "overview" : "Comedian Brian Hooks hosts this stand-up comedy extravaganza starring five of the freshest male mouths around. Hooks (who stars on the UPN show \"Eve\") kicks off the show with his own ingenious stand-up routine, followed by comedians Rodney Perry (Johnson Family Vacation, Cedric the Entertainer's \"Starting Line-Up,\" Malibooty), Roman Murray (\"Comicview\"), Darryl Brunson (Chatroom and \"Comicview\") and George Loving Jackson (The Luau).",
    "genres" : [ ]
  }, {
    "id" : 275709,
    "title" : "Brave Detective Schwartz",
    "overview" : "Well-heeled banker Kahana suspects his spouse of carrying on an affair with snaky Dr. Lux and enlists bumbling Detective Schwartz (played by Bomba Zur) to catch the coosome twosome in the act. Will the shifty doctor hoodwink the gumshoe and his ham-fisted assistant -- and steal Kahana's wife to boot?",
    "genres" : [ ]
  }, {
    "id" : 275714,
    "title" : "Chayanne: Vivo",
    "overview" : "Grammy-nominated Puerto Rican pop sensation Chayanne offers up a dynamic live performance for an enthusiastic, standing-room-only audience of fans at this concert from River Plate Stadium in Buenos Aires. Songs include \"Si Nos Quedara Poco Tiempo,\" \"Este Ritmo Se Baila Así/Baila Baila Medley,\" \"Dejaría Todo,\" \"Provócame,\" \"Torero,\" \"No Te Preocupes Por Mí,\" \"Te Echo De Menos,\" \"Y Tú Te Vas,\" \"Yo Te Amo/Atado A Tu Amor Medley\" and many more.",
    "genres" : [ ]
  }, {
    "id" : 275719,
    "title" : "Claudio Abbado in Rehearsal: Verdi: Missa Da Requiem",
    "overview" : "Get an insider's glimpse of the preparation of Claudio Abbado's arresting performance of Verdi's \"Missa da Requiem\" in this behind-the-scenes documentary showcasing the acclaimed conductor as he rehearses with the production's various performers. Featuring the Orchestra and Chorus of La Scala Milan, this revealing program compiles rehearsal footage captured at the Chiesa di San Marco in Milan and the Teatro alla Scala opera house.",
    "genres" : [ ]
  }, {
    "id" : 275724,
    "title" : "Cruise Hawaii & Tahiti",
    "overview" : "This video gives audience members a first-class ticket on cruises to six islands in Hawaii and French Polynesia. The ravishing scenery -- pristine beaches, lush forests, dormant volcanoes -- dominates the itinerary. Stops include Hawaii, Huahine, Kauai, Lanai, Maui, Molokai, Oahu, Bora Bora, Moorea, Raiatea, Rangiroa and Tahiti. A \"Top 10 Attractions\" special feature spotlights surfing at Waikiki Beach and swimming with sharks in Bora Bora.",
    "genres" : [ ]
  }, {
    "id" : 275729,
    "title" : "The Stranger",
    "overview" : "Bonnie Bedilia stars in this psychological thriller about a woman who witnesses a murder and then flees. During her escape, she has a car accident. She becomes an amnesia victim and although, she doesn't know her own identity, is able to describe the murder, but doesn't remember where it occurred or who was involved.",
    "genres" : [ {
      "id" : 53,
      "name" : "Thriller"
    } ]
  }, {
    "id" : 275734,
    "title" : "Curse of the Dragon Slayer",
    "overview" : "Medieval knight Keltus and elfin bounty hunter Nemyt trail a sinister secret cult conspiring to unleash the god of the undead from the underworld.",
    "genres" : [ ]
  }, {
    "id" : 275739,
    "title" : "Gang of Souls: A Generation of Beat Poets",
    "overview" : "A documentary about the American Beat Poets",
    "genres" : [ ]
  }, {
    "id" : 275744,
    "title" : "Infierno de Perros",
    "overview" : "Four people voluntarily spend 24 straight hours stocked with piles of drugs and gallons of alcohol. Passing the time through nonstop games of dominoes, the four slowly descend into a narcotic abyss, and their dark sides surface quickly. Eventually a series of hallucinations turns the experience into a nightmare for all involved.",
    "genres" : [ ]
  }, {
    "id" : 275749,
    "title" : "Underground",
    "overview" : "After his parents die leaving him and his siblings to fend for themselves, Michael learns of an underground fight club where he can make money. Despite warnings, Michael remains unaware of what's at stake and is lured in by the promise of fortune.",
    "genres" : [ ]
  }, {
    "id" : 275754,
    "title" : "Duffy's Irish Circus",
    "overview" : "Filmmaker Gabriel Bellman goes on the road with an Irish circus that's been in existence for more than 200 years, capturing the magic and fantasy of David Duffy's one-ring traveling show, which has been run by seven generations of the family. With an eye toward the lifestyle and traditions of the entertainers, Bellman examines links between the circus's longtime customs and the lives of today's performance artists.",
    "genres" : [ ]
  }, {
    "id" : 275759,
    "title" : "Narcos Y Perros II",
    "overview" : "Fernando Saenz, Bernabe Melendrez and Angelica Soler star in this sequel to Narcos Y Perros, which finds drug lord Gabriel in jail but preparing to escape so he can avenge his best friend's death. With his old gang dispersed, Gabriel organizes another band willing to fight his family to the bitter and bloody end.",
    "genres" : [ ]
  }, {
    "id" : 275764,
    "title" : "Exploring Biblical Jordan",
    "overview" : "This video journey explores significant sites throughout the land of Jordan and reveals their connection to Biblical stories. Numerous sites are examined, including the river Jabbock, where Jacob wrestled with God; Agaba, the starting point of Moses' great Exodus; Mount Nebo, where Moses glimpsed the Promised Land just before he died; Mount Hor, where Aaron died and was buried; Amman, where Uriah was killed in battle; and more.",
    "genres" : [ ]
  }, {
    "id" : 275769,
    "title" : "Fear of a Punk Planet",
    "overview" : "Vandals bassist Joe Escalante stars as beleaguered club owner Brian Gomez in this tongue-in-cheek look at the California punk rock scene -- which has undeniable elements of after-school specialness -- that he also wrote and produced. Tenacious D's Kyle Gass co-stars as the evil fire marshal determined to shut down Gomez's Mullet club. Bonus concert performances are also included, featuring NOFX, the Ataris and Good Riddance.",
    "genres" : [ ]
  }, {
    "id" : 275774,
    "title" : "150 Years of Austrian Railways",
    "overview" : "Get an inside look at the past 150 years of railways in Austria with this colorful, informative program. Travel to the Strasshof Locomotive depot, located east of Vienna, and view the preparations for a magnificent parade. Staged on the updated grounds of the old goods yard, the procession of train cars features a variety of engines, carriages and wagons. Train fanatics and history buffs will enjoy this tribute to the history of railways.",
    "genres" : [ ]
  }, {
    "id" : 275779,
    "title" : "Secret Machine",
    "overview" : "Winner of the cinematography prize at the 2006 Surfer Magazine Video Awards, this trippy surf documentary takes viewers inside the heads of some of the world's best wave riders as they traverse the globe in search of swells. From Indonesia to France, Mexico, Australia, Fiji, California and Hawaii, Damien and C.J. Hobgood, Taj Burrow, Mark Occhilupo, Nathan Webster and Yadin Nicol demonstrate the moves that have put them at the top of their sport.",
    "genres" : [ ]
  }, {
    "id" : 275784,
    "title" : "Solva Saal",
    "overview" : "Classmates Laaj (Waheeda Rehman) and Shyam elope to Bombay with Laaj's necklace, which they hope to pawn to pay for their travels. On the train, a crafty journalist named Pran (Dev Anand) overhears the lovers' plan and follows them in search of a story. When Shyam snatches the necklace and runs off, it's Pran to the rescue. What follows is a song-filled caper of intrigue, adventure and romance.",
    "genres" : [ ]
  }, {
    "id" : 275789,
    "title" : "Fred Hammond and Radical for Christ: Purpose By Design",
    "overview" : "This compilation of inspirational tunes from one of today's most praised contemporary gospel singers is a musical treat to uplift the spirit and renew faith. Joined by a choir of talented vocal artists, Fred Hammond presents a selection of songs including some from his Billboard No. 1 album. The collection of 18 tracks includes \"Let the Praise Begin,\" \"I Want My Destiny,\" \"Please Don't Pass Me By,\" \"Give Me a Clean Heart\" and \"We Worship You.\"",
    "genres" : [ ]
  }, {
    "id" : 275794,
    "title" : "The Man Who Shot Chinatown: The Life and Work of John A. Alonzo",
    "overview" : "Cinematographer John A. Alonzo was one of the driving creative forces in the resurgence of expressionistic American movies of the late 1960s and '70s. Director Axel Schill's documentary explores Alonzo's work on key films of that era and beyond. Clips from Chinatown, Scarface, Internal Affairs and other movies accompany interviews with stars such as Richard Dreyfuss, Sally Field and contemporary cinematographer Haskell Wexler.",
    "genres" : [ ]
  }, {
    "id" : 275799,
    "title" : "Fytek Body Masters",
    "overview" : "You'll gain mastery over your body's destiny with this Fytek training package designed to burn fat, tone muscles, increase flexibility and enhance overall health. Top fitness and health professionals from the United Kingdom lead the comprehensive program, offering a variety of workouts, including aerobics, hip-hop, Pilates, yoga and strength and stretching routines, as well as advice on weight loss, nutrition, motivational techniques and posture.",
    "genres" : [ ]
  }, {
    "id" : 275804,
    "title" : "Goosebumps: Scary House",
    "overview" : "These two tales based on the best-selling books by R.L. Stine have a reputation for giving viewers goose bumps. In \"The House of No Return,\" new kid Chris Wakely is invited to join a club of brave kids. But first, he has to spend the night in a notoriously spooky house. In \"The Haunted House Game,\" Nadine Platt and her friend, Jonathan Hall, discover an abandoned game in the closet of a creepy house and find themselves sucked into another world.",
    "genres" : [ ]
  }, {
    "id" : 275809,
    "title" : "Anyuta",
    "overview" : "Drama - Bolshoi Ballet stars Vladimir Vasiliev and Ekaterina Maximova dance this 1982 performance of \"Anyuta,\" the story of a small-town woman who purposely marries above her social status only to learn that popularity comes with a price. Maximova performs the role of Anyuta; Vasiliev plays Anyuta's drunk father. This performance is directed by Alexandr Belinksy and also features dancers Gali Abaydulov, Marat Daukayev and John Markovsky. -  Yekaterina Maksimova, Vladimir Vasilev, Gali Abaydulov",
    "genres" : [ ]
  }, {
    "id" : 275814,
    "title" : "Minuscule",
    "overview" : "This documentary offers a behind-the-scenes look at Björk and her touring entourage for the 2001 Vespertine tour. It includes interviews with harpist Zeena Parkins, the Inuit choir from Greenland, electronic duo Matmos, and an ongoing conversation with Björk herself about her recordings and her tours. The documentary is interspersed with live footage of songs from the tour shot by Ragnheidur Gestsdóttir, which themselves correspond to the performances chosen for the Vespertine Live album.",
    "genres" : [ {
      "id" : 99,
      "name" : "Documentary"
    }, {
      "id" : 10402,
      "name" : "Music"
    } ]
  }, {
    "id" : 275824,
    "title" : "Chicago Blues Jam: Fenton Robinson / James Harman",
    "overview" : "Music &amp; Musicals, Blues, Urban &amp; Dance - Known for its sizzling Monday-night jam sessions and impressive weekend marquee, the Chicago stage at Buddy Guy's Legends (owned by its celebrated namesake) has played host to some of the most talented blues artists in the world. This installment of the Chicago Blues Jam series features memorable performances by Fenton Robinson and James Harman, a pair of celebrated purveyors of a unique blues sound.",
    "genres" : [ ]
  }, {
    "id" : 275829,
    "title" : "Barzakh",
    "overview" : "In a Chechen city recovering after the war, a man disappears. As daily life goes on, those in search are drawn into a world where encounters with diviners and legal advisors, with the torturers and the tortured, with secret prisons and mythical lakes all become commonplace.",
    "genres" : [ {
      "id" : 99,
      "name" : "Documentary"
    } ]
  } ]
}