{
  "movies" : [ {
    "id" : 185174,
    "title" : "Howling with the Angels",
    "overview" : "In March 1939, Hitler's army marched into Prague, Czechoslovakia. Jan Bodon, a young captain in the Czech Army - who also happened to be blond-haired, blue-eyed and fluent in German - was \"asked\" to join the Nazis. He promptly fled and joined the Czech Resistance Movement instead. In this powerful documentary directed by Jan's son, Jean Bodon uncovers the truth not only about Jan's wartime experiences, but also discovers that his father was secretly a Jew in a country which underwent one of the largest extermination campaigns of the war.",
    "genres" : [ {
      "id" : 99,
      "name" : "Documentary"
    } ]
  }, {
    "id" : 185179,
    "title" : "Florida Road",
    "overview" : "In spite of having a heart of gold, Shaan Sahay, the son of a wealthy Indian family, yearns for his father's love and acceptance. He struggles to pursue his passion for writing much to his family's shagrin as they believe his talent would be better served in the family business. When a tragedy hits home forcing the revealing of some very old secrets, Shaan finds a new purpose and a place of acceptance in his family.",
    "genres" : [ ]
  }, {
    "id" : 185184,
    "title" : "Cycles South",
    "overview" : "Don Marshall follows three pals who fuel up their motorcycles in Denver and hit the great highway for the adventure of a lifetime.A road trip that takes them all the way to Panama. They don't have much cash, but these nomadic spirits still manage to get their thrills while skiing, scuba diving and watching bullfights as they make their way from the States to Central America.",
    "genres" : [ {
      "id" : 99,
      "name" : "Documentary"
    } ]
  }, {
    "id" : 185194,
    "title" : "The Blocked Trail",
    "overview" : "A horse called Brilliant is the only one who knows the location of a gold mine. When Brilliant's owner is killed, the trio known as the Three Mesquiteers (Bob Steele, Tom Tyler and Jimmie Dodd) are mistakenly arrested for the murder.",
    "genres" : [ {
      "id" : 37,
      "name" : "Western"
    } ]
  }, {
    "id" : 185209,
    "title" : "3 kæll ute å velær",
    "overview" : "live theater / humor show form Norway",
    "genres" : [ {
      "id" : 35,
      "name" : "Comedy"
    } ]
  }, {
    "id" : 185219,
    "title" : "Dream and Reality",
    "overview" : "A well-dressed middle-aged man is enjoying a drink at a table with a pretty young woman. He flirts with her, and she seems not to mind his attentions. But is it all too good to be true?",
    "genres" : [ {
      "id" : 10749,
      "name" : "Romance"
    } ]
  }, {
    "id" : 185249,
    "title" : "Flight to Tangier",
    "overview" : "At the Tangier airport, a group of people await the arrival of a mysterious plane from behind the Iron Curtain. The reception committee includes Susan, an American; Gil Walker, a free-booting pilot; Danzer, a black market operator; and Danzer's girlfriend, Nicki. The plane crashes and burns. No survivors are found, nor are any corpses. Soon the search begins for a missing courier worth $3 million.",
    "genres" : [ {
      "id" : 28,
      "name" : "Action"
    }, {
      "id" : 80,
      "name" : "Crime"
    } ]
  }, {
    "id" : 185254,
    "title" : "Fedra, the devil's daughter",
    "overview" : "Estrella, a wild young woman, is lusted after by every man and therefore hated by the female community.",
    "genres" : [ {
      "id" : 18,
      "name" : "Drama"
    } ]
  }, {
    "id" : 185264,
    "title" : "Mogli pericolose",
    "overview" : "Federico, Bruno, Pirro and Benny are married. The first three have beautiful wifes, Benny instead is married to a ugly woman. Ornella is Bruno's wife, she is very jealous and maintains that all men are deceitful, granted the opportunity, while Claudine, Federico's wife, maintains the contrary point of view. So they bet that Tosca, a former dancer, will succeed in seducing Federico.",
    "genres" : [ ]
  }, {
    "id" : 185269,
    "title" : "Brides Are Like That",
    "overview" : "Fred, the wealthy owner of apple groves, has sent his nephew to college, but the only job that his nephew has after graduating is the job of not working. Bill is a dreamer, a talker and a golf player and he has a lot of ideas, but still lives off Fred. When Hazel gets engaged to Doc Jenkins, it takes a while, but Bill talks her into marrying him instead. The only problem is that now, he needs to find a job.",
    "genres" : [ {
      "id" : 35,
      "name" : "Comedy"
    }, {
      "id" : 10749,
      "name" : "Romance"
    } ]
  }, {
    "id" : 185274,
    "title" : "Faccio a pezzi il teatro!",
    "overview" : "",
    "genres" : [ {
      "id" : 35,
      "name" : "Comedy"
    } ]
  }, {
    "id" : 185279,
    "title" : "Aatma",
    "overview" : "A single mother fights against the supernatural in order to hold on to her daughter.",
    "genres" : [ {
      "id" : 9648,
      "name" : "Mystery"
    }, {
      "id" : 18,
      "name" : "Drama"
    }, {
      "id" : 27,
      "name" : "Horror"
    } ]
  }, {
    "id" : 185284,
    "title" : "Babygirl",
    "overview" : "Set in the Bronx, BABYGIRL is a bittersweet drama about teenager Lena, who, since she can remember, has watched her mom Lucy squander her life on a series of deadbeat men. When Victor (her mom's latest boy toy) starts hitting on her, Lena sets up an elaborate honey-trap, hoping to show her mom what a scumbag the guy really is. But the plan backfires. Trapped in a twisted love triangle between Victor and her mom, Lena realizes that the only way out is to stand up and confront some difficult home truths.",
    "genres" : [ {
      "id" : 18,
      "name" : "Drama"
    }, {
      "id" : 10749,
      "name" : "Romance"
    } ]
  }, {
    "id" : 185289,
    "title" : "Blues Busters",
    "overview" : "The Bowery Boys (Bowery Boys) open a nightclub after Sach has his tonsils out and wakes up with a singing voice.",
    "genres" : [ {
      "id" : 35,
      "name" : "Comedy"
    } ]
  }, {
    "id" : 185299,
    "title" : "Kiss [1996] Prague Nite 2 Alive World Wide",
    "overview" : "Kiss live at Sportovni hall, Prague, Czech Republic, December 15, 1996. Kiss second sold out concert in Czech Republic",
    "genres" : [ ]
  }, {
    "id" : 185309,
    "title" : "Twinkle Twinkle Little Star",
    "overview" : "This is an extremely rare example of science fiction, Hong Kong style, but, fittingly, it's unlike any sci-fi flick you've ever seen. Alien abductions, suicide pacts, superstardom, and the reality of science fiction itself is spotlighted in this bright, crazy, truly out of this world epic -- one of the more unusual movies in the Hong Kong cinema of the early 1980s. And if you know 80's Hong Kong cinema at all, you know that's really saying something!",
    "genres" : [ {
      "id" : 10402,
      "name" : "Music"
    }, {
      "id" : 35,
      "name" : "Comedy"
    }, {
      "id" : 878,
      "name" : "Science Fiction"
    }, {
      "id" : 28,
      "name" : "Action"
    } ]
  }, {
    "id" : 185324,
    "title" : "The Ballad of the Weeping Spring",
    "overview" : "A beautiful drama about love, friendship and the power of art to transform. Seeking redemption for a mysterious past and a dark secret, musician Yosef Tawila is on a quest to gather the members of his troupe, which disbanded for twenty years.",
    "genres" : [ {
      "id" : 18,
      "name" : "Drama"
    } ]
  }, {
    "id" : 185329,
    "title" : "Uncle Tom's Cabin",
    "overview" : "In 1856, slave Eliza (Margarita Fischer) plans to marry George (Arthur Edmund Carew) with the consent of the Shelbys, her masters, but George's owner prevents the wedding. A few years later, Eliza flees with her son, Harry (Lassie Lou Ahern), after learning the Shelbys plan to hand them over to a crooked creditor to prevent foreclosure. George also escapes and goes on the run while Eliza and Harry are captured and brought back home. Mother and son are separated as George tries to find them both.",
    "genres" : [ {
      "id" : 18,
      "name" : "Drama"
    } ]
  }, {
    "id" : 185349,
    "title" : "Murder101",
    "overview" : "With a passion for solving crime, fueled by the unsolved murder of her father’s death at the hands of a mass murderer days before she was born, law student Fiona Reid sets about the task of catching a mass murderer.",
    "genres" : [ {
      "id" : 53,
      "name" : "Thriller"
    } ]
  }, {
    "id" : 185354,
    "title" : "The War of the Worlds: Next Century",
    "overview" : "Film opens on December 18, 1999, just a few days before the dawn of the new century. A local reporter, Iron Idem, announces that the Martians have landed. Shortly after that his program loses its independence: he is given the script telling the crowds how to welcome the invaders.",
    "genres" : [ {
      "id" : 878,
      "name" : "Science Fiction"
    }, {
      "id" : 53,
      "name" : "Thriller"
    }, {
      "id" : 10752,
      "name" : "War"
    } ]
  }, {
    "id" : 185359,
    "title" : "Moxie",
    "overview" : "the final days in the life of a suicidal, pyromanic bear…",
    "genres" : [ {
      "id" : 18,
      "name" : "Drama"
    }, {
      "id" : 16,
      "name" : "Animation"
    } ]
  }, {
    "id" : 185369,
    "title" : "The First Fagin",
    "overview" : "The emotional, true story of Ikey Solomon, an infamous British convict whose life is considered to have been the inspiration for Dickens’ Fagin of Oliver Twist and perhaps also an influence on the creation of the felon Magwitch of Great Expectations. The First Fagin seamlessly blends narration (by Miriam Margolyes of Harry Potter movie fame), still photography, historical records, interviews with scholars and historians, and vivid dramatic re-enactment. Using an entirely Tasmanian cast as well as the picturesque Tasmanian landscape and historical sites as background for the drama, the film also offers insight into the 19th century British penal colony in Van Diemen’s Land.",
    "genres" : [ {
      "id" : 18,
      "name" : "Drama"
    } ]
  }, {
    "id" : 185379,
    "title" : "Honorable Ambassador",
    "overview" : "This visually stunning film is both a travelogue of the lush landscape of Cameroon and an exploration of the frustrations of bringing First World innovations to a Third World country. Israel, recognized as a leader in drip-irrigation technology, shares its expertise with countries around the world. Mickey Arbel, Israel’s ambassador to Cameroon, has made it his mission to persuade the residents of rural villages to adopt this system that would finally resolve their irrigation difficulties. However, old ways die hard in Cameroon and things do not always go as planned. Director Jonathan Paz (The Galilee Eskimos, TJFF 2009) follows Arbel on a journey that is by turns surreal, funny and frustrating. For the charismatic Arbel, it is also a journey of soul searching and self-discovery.",
    "genres" : [ {
      "id" : 99,
      "name" : "Documentary"
    } ]
  }, {
    "id" : 185399,
    "title" : "The Crunch Bird",
    "overview" : "A woman goes into a pet store seeking a gift for her husband. She decides to get him a bird with a most unusual talent, but her gift brings about an unforeseen result.",
    "genres" : [ {
      "id" : 35,
      "name" : "Comedy"
    }, {
      "id" : 16,
      "name" : "Animation"
    } ]
  }, {
    "id" : 185404,
    "title" : "All About Airplanes",
    "overview" : "Airplanes Featuring Backpack jack Did you know that kids can learn to fly airplanes? That s right! Come meet a boy named Ryan who can t wait to show you the plane he flies and have you buckle up for a ride. Hold on tight because Backpack Jack has lots of other friends with highflying adventures. Get ready to twist, roll and dive in aerobatic planes and fly to supersonic heights with the Navy s Blue Angel stunt pilots. You ll learn lots of cool things as you meet real pilots like Captain Mike who will give you an inside look at the cockpit of his plane and explain the controls. And you ll do preflight safety checks with Ryan and Andy because safety is the most important thing about flying. It s time to soar!",
    "genres" : [ {
      "id" : 10751,
      "name" : "Family"
    } ]
  }, {
    "id" : 185414,
    "title" : "Jerry and Me",
    "overview" : "Iranian-American filmmaker Mehrnaz Saeedvafa traces her journey from growing up as young girl in Tehran to adjusting to life in America, while she reflects on how the films of Jerry Lewis spoke to her as an outsider in both countries. Peppered with clips from Lewis’ films, as well as other Hollywood classics, that have been dubbed into Farsi, this short documentary is “an invaluable cross-cultural lesson,” said esteemed film critic Jonathan Rosenbaum, who called Jerry and Me one of the best films of 2012.",
    "genres" : [ {
      "id" : 99,
      "name" : "Documentary"
    } ]
  }, {
    "id" : 185419,
    "title" : "All About Cars / All About Motorcycles",
    "overview" : "This revved-up ride takes you through a day at the garage. You’ll see how the pros change a tire, change the oil, analyze an engine and even get a car squeaky clean! With pit stops at a service bay, gas station and car wash, you’ll use tough-guy tools like an air impact wrench, hydraulic jack and electronic engine analyzer. By the end of your automotive adventure, you’ll know your way around a car like a real life car mechanic!  Motorcycles Hogs to choppers, cruisers to sport bikes… see why millions of riders love all these awesome motorcycles. From Superbike to speedway racing, desert racing to supercross, there’s a motorsport for everyone.",
    "genres" : [ ]
  }, {
    "id" : 185424,
    "title" : "Ring the Bell",
    "overview" : "When high-powered sports agent Rob Decker arrives looking for his next major league prospect, he finds more than he bargained for at the Cooke Boys Ranch. As he works to secure Shawn Hart, the top high school baseball prospect in the country, he encounters a cast of characters who value happiness and common sense over dollars and cents.",
    "genres" : [ {
      "id" : 18,
      "name" : "Drama"
    } ]
  }, {
    "id" : 185429,
    "title" : "Yesterday at Ten Past Six",
    "overview" : "In a world that belongs between the pages of a vintage Archie Comics book, Jane, a typical 1950′s gal walks into the neighborhood soda fountain, where she meets the boy of her dreams, almost.",
    "genres" : [ ]
  }, {
    "id" : 185444,
    "title" : "Evocateur: The Morton Downey Jr. Movie",
    "overview" : "Long before O'Reilly and Beck, Morton Downey, Jr., was tearing up the talk-show format with his divisive populism. Between the fistfights, rabid audience, and Mort's cigarette smoke always \"in your face,\" The Morton Downey Jr. Show was billed as \"3-D television,\" \"rock and roll without the music.\" Évocateur meditates on the hysteria that ended the '80s and ultimately its most notorious agitator.",
    "genres" : [ {
      "id" : 99,
      "name" : "Documentary"
    } ]
  }, {
    "id" : 185474,
    "title" : "Paranormal Movie",
    "overview" : "A man, long haunted by the paranormal, captures on camera the horror and hilarity he and his beautiful girlfriend encounter after moving into a new home.",
    "genres" : [ {
      "id" : 35,
      "name" : "Comedy"
    } ]
  }, {
    "id" : 185494,
    "title" : "Tchin-Chao, the Chinese Conjurer",
    "overview" : "A Chinese conjurer stands next to a table, it becomes two tables. A fan becomes a parasol, lanterns appear and disappear. The conjurer spins the open parasol in front of himself, and a dog leaps out from behind it. The dog becomes a woman, then a masked man appears. The conjurer sits them each on a box a few feet apart: suddenly the woman and man have changed places. The disappearing and the transfers continue in front of a simple backdrop.",
    "genres" : [ {
      "id" : 35,
      "name" : "Comedy"
    } ]
  }, {
    "id" : 185499,
    "title" : "Ready, aim, fire!",
    "overview" : "",
    "genres" : [ ]
  }, {
    "id" : 185514,
    "title" : "Queen of the Jungle",
    "overview" : "A 12-chapter serial built around stock footage from a 1922 silent serial, \"The Jungle Goddess\",young David Worth and Joan Lawrence are children with a group of explorers that are seeking African radium deposits. They are playing in the basket of the party's air balloon when the bag takes off with Joan aboard, last seen sailing over the back-lot jungle. This puts a chill on the expedition and all hands return to whence they came. The end of chapter 1, \"Lost in the Clouds\", finds Marilyn's balloon being shot down by the flaming arrows of a native tribe. Chapter 2,\"Radium Rays\", reveals that Joan survived her descent and the tribe named \"the child from the sky\" as their queen and priestess.A flash forward of about 18 years finds that the now-adult David has returned to Africa to search for his long-lost childhood friend.He hits the trail and is quickly captured by the tribesmen and is brought to their sadistic ruler,who turns out to be a now-grown Joan. Unaware of his or her own true ...",
    "genres" : [ {
      "id" : 28,
      "name" : "Action"
    } ]
  }, {
    "id" : 185519,
    "title" : "Alte Liebe, alte Sünde",
    "overview" : "A thriller directed by Anno Saul",
    "genres" : [ {
      "id" : 53,
      "name" : "Thriller"
    } ]
  }, {
    "id" : 185529,
    "title" : "Fourteen",
    "overview" : "Sensitive and refined drama in which experiences from the puberty of a female teacher and a piano student reflected in the world of the younger generation they have contact with.",
    "genres" : [ ]
  }, {
    "id" : 185534,
    "title" : "Ten - Sin for Salvation",
    "overview" : "A short directed by Stefan Hering.",
    "genres" : [ {
      "id" : 35,
      "name" : "Comedy"
    }, {
      "id" : 18,
      "name" : "Drama"
    } ]
  }, {
    "id" : 185564,
    "title" : "A Crush on You",
    "overview" : "A man sends secret admirer e-mails to his crush but an e-mail address mix-up causes the notes to go to the woman's lovelorn coworker instead.",
    "genres" : [ {
      "id" : 10749,
      "name" : "Romance"
    }, {
      "id" : 35,
      "name" : "Comedy"
    } ]
  }, {
    "id" : 185574,
    "title" : "Louis C.K.: Oh My God",
    "overview" : "Filmed at the Celebrity Theatre in Phoenix, AZ on February 15th and 16th, 2013, Oh My God is Louis C.K.'s fifth stand-up special, his first for HBO since 2007's Shameless, and his first since winning a Emmy Award for writing on his acclaimed show on FX, Louie.  Performed in the round in front of a live audience, he discusses such topics as the food chain, animals, divorce, strange anecdotes, broken morality, murder and mortality.",
    "genres" : [ {
      "id" : 35,
      "name" : "Comedy"
    } ]
  }, {
    "id" : 185579,
    "title" : "A Sixth Part of the World",
    "overview" : "Through the travelogue format, it depicts the multitude of Soviet peoples in remote areas of USSR and details the entirety of the wealth of the Soviet land. Focusing on cultural and economic diversity, the film is in fact a call for unification in order to build a \"complete socialist society\".",
    "genres" : [ {
      "id" : 99,
      "name" : "Documentary"
    } ]
  }, {
    "id" : 185629,
    "title" : "Big Breast Nurses 2",
    "overview" : "Nurse Alanah notices her patient gets a hard on after a prostate test, so she decides to help him with that as well. After a few tests and questions, nurse Priya takes care of Tommy's erection problem. Nurse Hunter does what it takes to prevent an orderly from making a complaint after catching her masturbating while on duty. Nurse Stone is tired of working the graveyard shift, so she tries to pursuade the head doctor to change her shift. This nervous patient needs more than just a sponge bath to calm down. Nurse Von knows exactly what it takes to calm a man down.",
    "genres" : [ {
      "id" : 35,
      "name" : "Comedy"
    } ]
  }, {
    "id" : 185644,
    "title" : "The End",
    "overview" : "A documentary examining the end of live for five hospice patients and their families.",
    "genres" : [ {
      "id" : 99,
      "name" : "Documentary"
    } ]
  }, {
    "id" : 185664,
    "title" : "Nun in Rope Hell",
    "overview" : "Based on the novel by Oniroku Dan.",
    "genres" : [ {
      "id" : 80,
      "name" : "Crime"
    }, {
      "id" : 53,
      "name" : "Thriller"
    } ]
  }, {
    "id" : 185679,
    "title" : "Sisters To Be Sacrificed",
    "overview" : "Two beautiful sisters (Minako Ogawa and Miyuki Matsumoto) inherit their grandfather's inn and off they go to become entrepreneurs. Once there, the women are tricked by the disgruntled hotel employees and held captive in the basement.",
    "genres" : [ ]
  }, {
    "id" : 185689,
    "title" : "Beauty in Rope Hell",
    "overview" : "A mailman becomes obsessed with a pretty, young wife. He captures the woman, tortures her and keeps her in his basement dungeon where she becomes his private sex toy.",
    "genres" : [ ]
  }, {
    "id" : 185699,
    "title" : "Gene Kelly: Anatomy of a Dancer",
    "overview" : "American Masters Series. Documentary on Gene Kelly that gives insight into his dancing, how he formed a style (first \"blue collar dancer\") and developed different cinematique techniques, such as  brilliantly shot dancing sequences.",
    "genres" : [ ]
  }, {
    "id" : 185704,
    "title" : "A Sidewalk Astronomer",
    "overview" : "John Dobson, an 89 year old with a white ponytail and knack for comedy, is the inventor of the Dobsonian telescope mount, which revolutionized astronomy by making large, inexpensive telescopes and deep space observing available to amateur astronomers around the world.",
    "genres" : [ {
      "id" : 99,
      "name" : "Documentary"
    } ]
  }, {
    "id" : 185709,
    "title" : "Ginger Sand",
    "overview" : "David hosts a potential new fling Brandi, and a definite old friend Eric on the same weekend. A coincidence in scheduling that leads to personality conflict.",
    "genres" : [ {
      "id" : 35,
      "name" : "Comedy"
    } ]
  }, {
    "id" : 185714,
    "title" : "Hell of Roses",
    "overview" : "Popular singer Keiko felt the heat of a famous photographer Yoshida’s eyes while doing a recording in the studio. Meanwhile, another photographer Sawamura and his assistant Kihara were listening to Keiko’s song in the car. When they saw student Shizuko walked out from the wedding banquet they approach her and brought her to their place. When Shizuko senses their intentions its already too late. She was knocked out by Kihara and was raped…",
    "genres" : [ ]
  }, {
    "id" : 185724,
    "title" : "Tout droit jusqu'au matin",
    "overview" : "A sleepwalker decides to paint the town red. In the search of the wild painter, a young night watchman delivers some monologue.",
    "genres" : [ ]
  }, {
    "id" : 185744,
    "title" : "Amy Schumer: Mostly Sex Stuff",
    "overview" : "A ratings hit! Amy Schumer debuts her one-hour special in front of a live audience at the Historic Fillmore Theatre in San Francisco. Nothing is off limits as Schumer airs every hilarious, messed up detail of her dating and sex life, from encounters with unexpected body parts to hate-filled personal grooming appointments. In her matter-of-fact raunchy style, at odds with her self-described \"Cabbage Patch Kid\" appearance, Schumer tells stories of a boyfriend who makes dirty requests over dinner, the way she outsmarts her birth control, and a shocking ending to a seemingly innocent cab ride.",
    "genres" : [ {
      "id" : 35,
      "name" : "Comedy"
    } ]
  }, {
    "id" : 185759,
    "title" : "Our Friend, Martin",
    "overview" : "What begins as a routine class project for a diverse group of sixth-graders turns into a magical, time-traveling adventure they'll never forget! Authentic historical footage of Martin Luther King Jr. is blended with colorful animation as the students learn about - and actually meet - the civil rights leader who challenged all Americans to turn his dream of freedom into reality. Produced in association with the King family, \"Our Friend, Martin\" features an unprecedented all-star voice cast and a hot hit soundtrack with music performed by top contemporary artists and classic Motown greats. It's a fun, new way for your family to share Dr. King's inspiring message of hope and courage that changed the course of our nation's history.",
    "genres" : [ {
      "id" : 10751,
      "name" : "Family"
    }, {
      "id" : 16,
      "name" : "Animation"
    } ]
  }, {
    "id" : 185764,
    "title" : "Perry Rhodan - Unser Mann im All",
    "overview" : "",
    "genres" : [ {
      "id" : 99,
      "name" : "Documentary"
    } ]
  }, {
    "id" : 185769,
    "title" : "Perpetual Motion",
    "overview" : "The 25th video by Transworld Skateboarding.",
    "genres" : [ ]
  }, {
    "id" : 185789,
    "title" : "Mulholland Dr.",
    "overview" : "Initially, \"Mulholland Dr.\" was to mark David Lynch's return to television. It is a retooling of a script originally shot as a 94-minute pilot for a TV series (co-written with TV screenwriter Joyce Eliason) for the channel ABC, which had approved the script, but chose not even to air the pilot once it was done in 1999, despite Lynch's labours to cut the project to their liking. It was left in limbo until 18 month later French company Studio Canal Plus (also producer of 'The Straight Story') agreed to pay ABC $7 million for the pilot, and budget a few million more to turn the pilot into a two-hour, 27-minute movie. The cost of the film doubled to $14 million as sets had to be reconstructed and actors recalled.",
    "genres" : [ {
      "id" : 53,
      "name" : "Thriller"
    }, {
      "id" : 10770,
      "name" : "TV Movie"
    }, {
      "id" : 18,
      "name" : "Drama"
    }, {
      "id" : 9648,
      "name" : "Mystery"
    } ]
  }, {
    "id" : 185794,
    "title" : "Guns N' Roses: Live Tokyo '92",
    "overview" : "The Use Your Illusion Tour was a concert tour by the rock band Guns N' Roses which ran from January 20, 1991 to July 17, 1993. It was not only the band's longest tour, but one of the longest concert tours in rock history, consisting of 198 shows in 31 countries. It was also a source of much infamy for the band, due to riots, late starts, cancellations and outspoken rantings by Axl Rose.",
    "genres" : [ ]
  }, {
    "id" : 185799,
    "title" : "Angra: Rebirth World Tour",
    "overview" : "Angra: Rebirth World Tour movie was released Aug 26, 2006 by the Creative Sounds studio. Angra releases this live DVD recorded in their native Sao Paulo, Brazil after coming off the successful release of their comeback CD Rebirth.",
    "genres" : [ {
      "id" : 10402,
      "name" : "Music"
    } ]
  }, {
    "id" : 185804,
    "title" : "Behemoth: Live in Hovefestivalen 2008",
    "overview" : "Behemoth captured live on stage in Hovefestivalen 2008.",
    "genres" : [ ]
  }, {
    "id" : 185809,
    "title" : "Tintarella di luna",
    "overview" : "After a volcano, a small village from where no one can escape. The plague spreads, and among the survivors, the famine rules. For a piece of bread, Charlotte sleeps with the grocer. Night falls. The cliffs, someone is watching…",
    "genres" : [ {
      "id" : 878,
      "name" : "Science Fiction"
    }, {
      "id" : 18,
      "name" : "Drama"
    }, {
      "id" : 9648,
      "name" : "Mystery"
    } ]
  }, {
    "id" : 185819,
    "title" : "Mobile Men",
    "overview" : "A joyful shot recorded by Weerasethakul himself and two young men who become acquainted by filming each other in the back of a moving pickup truck. Though seemingly playful, the short film is a subtle portrait of migrant workers in the north of Thailand.",
    "genres" : [ {
      "id" : 99,
      "name" : "Documentary"
    } ]
  }, {
    "id" : 185824,
    "title" : "Luminous People",
    "overview" : "A group of people is in a boat traveling along Mekong River that stretches along the Thai-Laos border. They are running against the wind, anticipating a farewell. In the middle of the river, the lady head of the family casts the ashes off into the stream. The white dust merges with the muddy water. The boat makes a u-turn at the bridge that links two countries. The passengers are tired and start to drift off into their own world. The film disintegrates. The crew and the cast wander off in the river of simulation. The border links the worlds of the dead and of the living. The memory of an anonymous dead father lingers. The boat still moves on as the dusk arrives.  Apichatpong and his crew traveled to Nong Khai, a small town near Mekong River, and recruited local villagers to participate in the project.  For two days, the crew and cast reconstructed a fake ceremony and find a narrative.",
    "genres" : [ {
      "id" : 10769,
      "name" : "Foreign"
    }, {
      "id" : 99,
      "name" : "Documentary"
    } ]
  }, {
    "id" : 185849,
    "title" : "Prime Time",
    "overview" : "",
    "genres" : [ {
      "id" : 53,
      "name" : "Thriller"
    } ]
  }, {
    "id" : 185854,
    "title" : "Biała i Strzała podbijają kosmos",
    "overview" : "",
    "genres" : [ ]
  }, {
    "id" : 185859,
    "title" : "More Than a Thousand Cameras Are Working for Your Safety",
    "overview" : "",
    "genres" : [ {
      "id" : 53,
      "name" : "Thriller"
    }, {
      "id" : 18,
      "name" : "Drama"
    }, {
      "id" : 878,
      "name" : "Science Fiction"
    }, {
      "id" : 12,
      "name" : "Adventure"
    }, {
      "id" : 27,
      "name" : "Horror"
    } ]
  }, {
    "id" : 185864,
    "title" : "Waterfront Lady",
    "overview" : "When a young man is befriended by a gambling ship operator and made a partner in the business, he becomes involved in a police manhunt after he covers up a murder committed by his new partner.",
    "genres" : [ {
      "id" : 80,
      "name" : "Crime"
    }, {
      "id" : 18,
      "name" : "Drama"
    } ]
  }, {
    "id" : 185899,
    "title" : "BBC Two - Chilean Miners: 17 Days Buried Alive",
    "overview" : "When the 33 Chilean miners emerged from underground before a worldwide audience of over a billion, they made a pact not to speak about what had happened underground. Now six of them remember the untold story of the first 17 days - when no-one outside knew if they were alive.  Filming down a Chilean mine, the program explores the nightmare of living in the dark tunnels half a mile underground, eating a spoonful of tuna every two days and not knowing if you would ever be found.",
    "genres" : [ ]
  }, {
    "id" : 185904,
    "title" : "Born For Hard Luck: Peg Leg Sam Jackson",
    "overview" : "A biographical documentary following the life of the legendary country blues musician \"Peg Leg Sam\" Jackson.",
    "genres" : [ {
      "id" : 99,
      "name" : "Documentary"
    }, {
      "id" : 10402,
      "name" : "Music"
    } ]
  }, {
    "id" : 185919,
    "title" : "Un'insolita vendemmia",
    "overview" : "",
    "genres" : [ {
      "id" : 35,
      "name" : "Comedy"
    } ]
  }, {
    "id" : 185934,
    "title" : "A Kiss for Corliss",
    "overview" : "After a brief encounter with the romantic and thrice divorced Kenneth Marquis, Corliss Archer decides to write in her diary that they are together in order to make her boyfriend Dexter jealous. Corliss' father had also served as attorney representing Kenneth Marquis' ex-wife during his most recent divorce trial. When Corliss and Dexter don't come home one evening until five in the morning, Corliss decides to pretend to have amnesia to avoid the inevitable punishment awaiting her.",
    "genres" : [ {
      "id" : 35,
      "name" : "Comedy"
    } ]
  }, {
    "id" : 185949,
    "title" : "The Pied Piper",
    "overview" : "Greed, corruption, ignorance, and disease. Midsummer, 1349: the Black Death reaches northern Germany. Minstrels go to Hamelin for the Mayor's daughter's wedding to the Baron's son. He wants her dowry to pay his army while his father taxes the people to build a cathedral he thinks will save his soul. A local apothecary who's a Jew seeks a treatment for the plague; the priests charge him with witchcraft. One of the minstrels, who has soothed the Mayor's daughter with his music, promises to rid the town of rats for the fee. The Mayor agrees, then renigs. In the morning, the plague, the Jew's trial, and the Piper's revenge come at once.",
    "genres" : [ {
      "id" : 18,
      "name" : "Drama"
    }, {
      "id" : 14,
      "name" : "Fantasy"
    } ]
  }, {
    "id" : 185969,
    "title" : "1 Cock Is Not Enough",
    "overview" : "Depraved Creations presents: 1 Cock Is Not Enough, packed with over 2 hours of the nastiest sluts getting reamed by 2 cocks at once! These sweet, innocent cum dumpsters are ready to get filled with cock! Discover the girls who need 2 cocks and you'll never turn back!",
    "genres" : [ ]
  }, {
    "id" : 185984,
    "title" : "Dream Piece",
    "overview" : "Abel Ferrara's 42 second short movie for the collective film OneDreamRush",
    "genres" : [ ]
  }, {
    "id" : 185994,
    "title" : "Lehi's Land of First Inheritance",
    "overview" : "This beautifully filmed documentary takes you on an incredible journey through Mexico and Guatemala, and provides highlight from more than thirty years of groundbreaking research and travel conducted by renowned LDS scholars. Based on his highly acclaimed book, Exploring the Lands of the Book of Mormon, Joseph L. Allen, introduces you to some of the astonishing parallels between the Book of Mormon and the archaeology, written language, history, culture and geography of ancient and modern Central America. Join LDS author Chris Heimerdinger, as Dr. Allen establishes a standardized criteria for legitimate study of Book of Mormon geography, along with new evidence for Lehi's land site",
    "genres" : [ ]
  }, {
    "id" : 186014,
    "title" : "Marvin Gaye: Greatest Hits Live '76",
    "overview" : "Marvin Gaye live in 1976.",
    "genres" : [ ]
  }, {
    "id" : 186019,
    "title" : "Souvenir Strip of the Edison Kinetoscope",
    "overview" : "Eugen Sandow, who claims to be the strongest man in the world, appears in the Edison Company's film studio.",
    "genres" : [ {
      "id" : 99,
      "name" : "Documentary"
    } ]
  }, {
    "id" : 186024,
    "title" : "Am Ende die Hoffnung",
    "overview" : "",
    "genres" : [ {
      "id" : 18,
      "name" : "Drama"
    }, {
      "id" : 36,
      "name" : "History"
    } ]
  }, {
    "id" : 186029,
    "title" : "Crap - The Big Brother Video",
    "overview" : "From the filmmaking geniuses that brought you crap thrice before comes the cinematic juggernaut, crap. Nearly two years in the making with a budget of 75 million rubles, crap brings to the silver screen the true story of a boy and the crap that is his life. With more shit than shit, more number fours than number two and if you're looking for boobs, forget about it. Crap is guaranteed to be the most stolen item at the video store this year and it will tickle your sphincter and exacerbate your duodenum. It doesn't get any better than this folks. Forget all that crap you've seen before (owl pellets). Here it is, the real thing in bold helvetica. New crap for the double O penny. The genius contained in this little black box is blinding. You are not ready. Hold your penis and spin around three times. Stuff your face with wolf scat. Cut off your arms and beat yourself. Kosick will shine your chest. Dissect a raccoon. Go suck on a horse asshole with your father.",
    "genres" : [ {
      "id" : 28,
      "name" : "Action"
    }, {
      "id" : 35,
      "name" : "Comedy"
    } ]
  }, {
    "id" : 186044,
    "title" : "The Ultimate Fighter 17 Finale",
    "overview" : "The Ultimate Fighter: Team Jones vs. Team Sonnen Finale (also known as The Ultimate Fighter 17 Finale) was a mixed martial arts event held by the Ultimate Fighting Championship. It took place on April 13, 2013 at the Mandalay Bay Events Center in Las Vegas, Nevada.",
    "genres" : [ ]
  }, {
    "id" : 186059,
    "title" : "Eve & Lola",
    "overview" : "Eva and Lola are close friends. While Eva tries to cope with her past creating a fantasy life, Lola does not want to handle with the truth of her real identity. Two friends with different views of the same story.",
    "genres" : [ {
      "id" : 18,
      "name" : "Drama"
    }, {
      "id" : 10402,
      "name" : "Music"
    }, {
      "id" : 10749,
      "name" : "Romance"
    } ]
  }, {
    "id" : 186069,
    "title" : "95 Worlds and Counting",
    "overview" : "Swimming in Neptune's moons, flying in Uranus' moons, jumping in Mars' moons, living in Jupiter's moons...welcome to the future of the mankind, where you'll see the next worlds for to discover.",
    "genres" : [ {
      "id" : 99,
      "name" : "Documentary"
    } ]
  }, {
    "id" : 186074,
    "title" : "One for the Road",
    "overview" : "Friday night in Mexico City... guided by three different ways of understanding the world, 20-year-olds, Juan, Rodrigo and Christian live after-hour adventures of friendship, love, and respect in a city marked by social differences.",
    "genres" : [ {
      "id" : 18,
      "name" : "Drama"
    }, {
      "id" : 35,
      "name" : "Comedy"
    } ]
  }, {
    "id" : 186079,
    "title" : "K2: Siren of the Himalayas",
    "overview" : "Following a group of climbers attempting to climb K2 in 2009, on the 100-year anniversary of its landmark 1909 expedition. Experience the adventure, peril and serenity of a group's attempt to climb the most challenging peak on earth.",
    "genres" : [ {
      "id" : 12,
      "name" : "Adventure"
    }, {
      "id" : 99,
      "name" : "Documentary"
    } ]
  }, {
    "id" : 186094,
    "title" : "Starman: Yuri Gagarin",
    "overview" : "On April 12, 1961, Yuri Gagarin became the first person in history to leave the Earth's atmosphere and venture into space. His flight aboard a Russian Vostok rocket lasted only 108 minutes, but at the end of it he had become the most famous man in the world. Back on the ground, his smiling face captured the hearts of millions around the globe. Film stars, politicians and pop stars from Europe to Japan, India to the United States vied with each other to shake his hand.",
    "genres" : [ {
      "id" : 99,
      "name" : "Documentary"
    } ]
  }, {
    "id" : 186109,
    "title" : "Especialista en chamacas",
    "overview" : "The young doctor Jaime attends his father's clinic where Diana, a singer, is carried by emergency. After operating it, Jaime falls in love Diana and decides to accompany her throw artistic caravan, where replaced a singer and quarrels by jealousy with Javier, a womanizer trying to conquer Diana.  El joven médico Jaime atiende la clínica de su padre donde Diana, una cantante es llevada de emergencia. Después de operarla, Jaime se enamora de Diana y decide acompañarla a lanzar la caravana artística, donde sustituye a un cantante y riñe por celos con Javier, un mujeriego que trata de conquistar a Diana.",
    "genres" : [ {
      "id" : 10749,
      "name" : "Romance"
    }, {
      "id" : 35,
      "name" : "Comedy"
    } ]
  }, {
    "id" : 186119,
    "title" : "The Perfect Clue",
    "overview" : "Mona Stewart, madcap, spoiled daughter of a wealthy man, becomes upset when she learns that her father is engaged to a woman she hates. She runs away, via various modes of transportation, and hires an ex-con, David Mannering, to drive her around as she eludes the all-out search conducted by her father and her fiancée, Ronnie Van Zandt. A romance is blossoming until her chauffeur is arrested for the murder of a crime-syndicate boss.",
    "genres" : [ ]
  }, {
    "id" : 186129,
    "title" : "Forgiven",
    "overview" : "Suburban housewife Liz discovers that husband Stephen is abusing their daughter. She confronts him and reports him to the authorities, but also decides to try to help him recover from what must be \"a sickness\". Stephen is tried and imprisoned. When he leaves prison, Liz arranges for him to receive treatment at a residential clinic for sex offenders, where he undergoes intensive therapy. Stephen finally faces his guilt and the consequences of his abuse. The family decide to rebuild their lives together. Is this right? Is it even possible? And – if they do - what's the emotional cost?",
    "genres" : [ ]
  }, {
    "id" : 186139,
    "title" : "DPRK: The Land Of Whispers",
    "overview" : "\"Land of Whispers\" invites you to visit arguably the most unique and isolated travel destination in the world - not to criticize, but to observe and listen. Aside from usual highlights such as Pyongyang or Arirang, this unique one-man documentary brings you to areas such as Chongjin or Wonson, still virtually unknown to even google or wikipedia. There, I attempt to pierce through the ever-present 'national mythology' and as much as possible, I try to connect with people - such as the waitress mesmerized by tablet computers, or a tour guide cautiously fascinated by modern pop culture.",
    "genres" : [ {
      "id" : 99,
      "name" : "Documentary"
    } ]
  }, {
    "id" : 186149,
    "title" : "La mitad del cielo",
    "overview" : "After the Civil War, Rosa, daughter of a humble Asturian family  house with a sharpener, a drifter who later dies in jail accused of a crime he did not commit. By staying widow emigrated to Madrid with her daughter Olvido. SHe has just opened an exclusive restaurant that becomes a meeting place for politicians, intellectuals, businessmen ...",
    "genres" : [ {
      "id" : 18,
      "name" : "Drama"
    } ]
  }, {
    "id" : 186154,
    "title" : "Scandal about Eva",
    "overview" : "An engaged woman discovers her fiancé has a four year old son. Pretending to take a cure she travels to the boy's foster-parents to make his acquaintance.",
    "genres" : [ ]
  }, {
    "id" : 186159,
    "title" : "Foreigner: Unplugged VH1 Live Room",
    "overview" : "Unplugged session with the band Foreigner.",
    "genres" : [ ]
  }, {
    "id" : 186164,
    "title" : "Light Spill: Black-White-Gray",
    "overview" : "This short film made by László Moholy-Nagy is based on the shadow patterns created by his Light-Space Modulator, an early kinetic sculpture consisting of a variety of curved objects in a carefully choreographed cycle of movements. Created in 1930, the film was originally planned as the sixth and final part of a much longer work depicting the new space-time. - http://www.sfmoma.org",
    "genres" : [ ]
  }, {
    "id" : 186169,
    "title" : "The White Rose",
    "overview" : "A wealthy young Southern aristocrat, Joseph, graduates from a seminary and, before he takes charge of his assigned parish, decides to go out and see what \"the real world\" is all about. He winds up in New Orleans and finds himself attracted to a poor, unsophisticated orphan girl, Bessie. One thing leads to another, and before long Bessie finds that she is pregnant with Joseph's child.",
    "genres" : [ ]
  }, {
    "id" : 186179,
    "title" : "Jews and Money: Investigation of a Myth",
    "overview" : "Filmmaker Lewis Cohen intelligently explores the origins and evolution of the myth of the wealthy Jew.  In 2006, Ilan Halimi, a French Jewish salesman is lured to the outskirts of Paris where he is kidnapped and later murdered by criminal gang who had demanded a half-million euro ransom on the assumption that 'all Jews are rich'. Jews &amp; Money is a probe into the myth about Jews, and where and when it took root. Why is the Jew so often cast as the banker or trader, pawnbroker or movie mogul? Of all the medieval moneylenders, why is only Shylock remembered? How did the Rothschilds become the symbols of international capitalism? And why does a simple cell phone salesman get pegged as rich, and die for it?",
    "genres" : [ {
      "id" : 99,
      "name" : "Documentary"
    } ]
  }, {
    "id" : 186184,
    "title" : "The Little Bird and the Leaf",
    "overview" : "A little bird leaves its nest in pursuit of a leaf — but when a famished fox follows, the bird learns that sometimes you need to think on the fly!",
    "genres" : [ {
      "id" : 16,
      "name" : "Animation"
    } ]
  }, {
    "id" : 186189,
    "title" : "De Heideroosjes: Live at Lowlands",
    "overview" : "Heideroosjes for the final time at Lowlands festival.",
    "genres" : [ ]
  }, {
    "id" : 186199,
    "title" : "Noble Sissle and Eubie Blake Sing Snappy Songs",
    "overview" : "Noble Sissle and Eubie Blake Sing Snappy Songs",
    "genres" : [ ]
  }, {
    "id" : 186234,
    "title" : "Judas Priest: Live In New York '90",
    "overview" : "1. Intro\r 02. Hell Bent For Leather\r 03. Grinder\r 04. The Hellion\r 05. Electric Eye\r 06. All Guns Blazing\r 07. The Sentinel\r 08. Metal Gods\r 09. Night Crawler\r 10. The Ripper\r 11. Beyond The Realms Of Death",
    "genres" : [ ]
  }, {
    "id" : 186254,
    "title" : "Sirius",
    "overview" : "We are definitely not alone in the Universe... nor here on Planet Earth. Sirius is an important documentary from Emmy award winning Director Amardeep Kaleka.",
    "genres" : [ {
      "id" : 99,
      "name" : "Documentary"
    } ]
  }, {
    "id" : 186259,
    "title" : "The Tenth Drop / La dixieme goutte",
    "overview" : "With only eight Jewish men in Corsica, how does this community gather a Minyan (a quorum of 10 Jewish men required to practice certain religious ceremonies)? A portrait of this tiny Jewish community, fighting to survive on a small island, as they reflect on their past and how difficult it is to contemplate their Jewish future.",
    "genres" : [ {
      "id" : 99,
      "name" : "Documentary"
    } ]
  }, {
    "id" : 186274,
    "title" : "Stations",
    "overview" : "Harry is a television journalist crossing Canada by train to a family event in Newfoundland. While travelling, the journalist is making a documentary about Canada and reassessing his life in response to a friend’s suicide.  - http://tiff.net/CANADIANFILMENCYCLOPEDIA/content/bios/william-d-macgillivray",
    "genres" : [ ]
  } ]
}