{
  "movies" : [ {
    "id" : 243714,
    "title" : "Night of the Hunter",
    "overview" : "A false preacher ingratiates himself with a dead man's family to find where he hid the money from a robbery.",
    "genres" : [ ]
  }, {
    "id" : 243719,
    "title" : "Clutch: Live at the 9:30",
    "overview" : "Clutch performs at the 9:30 Club in Washington DC.",
    "genres" : [ {
      "id" : 10402,
      "name" : "Music"
    } ]
  }, {
    "id" : 243724,
    "title" : "The Pendulum",
    "overview" : "Long ago there was a mysterious disappearance on a island in norway. No one ever found out what happened. Until now",
    "genres" : [ {
      "id" : 9648,
      "name" : "Mystery"
    }, {
      "id" : 53,
      "name" : "Thriller"
    }, {
      "id" : 27,
      "name" : "Horror"
    } ]
  }, {
    "id" : 243729,
    "title" : "The Swing Girls",
    "overview" : "During the Fascist Regime in Italy, three Dutch sisters, Alexandra, Judith and Kitty, try to make a career as popular singers.",
    "genres" : [ {
      "id" : 18,
      "name" : "Drama"
    } ]
  }, {
    "id" : 243734,
    "title" : "August Burns Red: Foreign & Familiar",
    "overview" : "The documentary chronicles the entire 18-month touring cycle behind August Burns Red’s breakout 2011 album Leveler, whose critical and commercial success catapulted the band to the forefront of the modern heavy music scene.",
    "genres" : [ {
      "id" : 99,
      "name" : "Documentary"
    } ]
  }, {
    "id" : 243739,
    "title" : "Beste Bescherung",
    "overview" : "",
    "genres" : [ {
      "id" : 35,
      "name" : "Comedy"
    }, {
      "id" : 10770,
      "name" : "TV Movie"
    } ]
  }, {
    "id" : 243754,
    "title" : "После жизни",
    "overview" : "",
    "genres" : [ {
      "id" : 18,
      "name" : "Drama"
    } ]
  }, {
    "id" : 243764,
    "title" : "As You See",
    "overview" : "In 'As You See', Farocki searches for those instances and facts in the history of technology that have been overlooked or ignored, also exploring the ambivalent relationship between technologies developed for civil use and those designed for military purposes.  Thus the film for instance describes how in the 1970s workers at the British arms factory Lucas Aerospace attempted to develop socially useful products to replace the company's military output.  Rather than following a linear argument, this essay-film juxtaposes disparate images and weaves them into a mosaic-like structure which makes it possible for the viewers to make their own connections between the different images as well as between the images and the commentary.",
    "genres" : [ {
      "id" : 99,
      "name" : "Documentary"
    } ]
  }, {
    "id" : 243774,
    "title" : "Dancing Cat",
    "overview" : "By chance, two men open their hearts to cats on the street. One man is a poet and traveler, the other man is a CF director. The poet takes pictures of cats on the streets every day. The CF director follows the cats with his video camera and meets people who feed the cats on the street. These two men begin to feed and name the cats they see often. The men get closer to the cats, while they observe, that often, the passersby look at the cats with unfavorable gazes. On a whim, the men decide to make a movie on these street cats.",
    "genres" : [ ]
  }, {
    "id" : 243784,
    "title" : "The Assassination of President Kennedy",
    "overview" : "Produced by multiple EMMY® Award-winning executive producers Tom Hanks and Gary Goetzman (HBO’s John Adams and The Pacific), and EMMY® Award-winning producer Mark Herzog (History’s Gettysburg) of Herzog &amp; Company (HCO), on Thursday, Nov. 14, CNN will premiere The Assassination of President Kennedy at 9:00pm ET and PT.  The two-hour film explores the events on the day that changed the nation – and the world, as well as how the public’s perceptions of what happened that day have changed through the years.",
    "genres" : [ {
      "id" : 99,
      "name" : "Documentary"
    } ]
  }, {
    "id" : 243789,
    "title" : "Kyou <Magamagashi> San Renkan",
    "overview" : "The leading staff in the industry has once more collected submitted videos to produce this third volume of real horror footage. From \"Nightmarish Chained Schoolgirl\" to \"Cursed Notebook\" and additional dramatic reproductions of psychic phenomena.",
    "genres" : [ ]
  }, {
    "id" : 243794,
    "title" : "Alone Yet Not Alone",
    "overview" : "ALONE YET NOT ALONE is based on an inspiring true story taken from a novel of the same name written by Tracy Leininger Craven and depicts a family at a critical juncture in America's history.  Fleeing religious persecution in Germany, the Leininger family seeks a new start in uncharted country - America. It is the mid-1700s and British and French forces are struggling for control over the abundant resources of this new territory.  Despite the escalating tension mounting around them, the Leiningers give thanks and praise for the sparkling streams and majestic forests around Penns Creek and above all, their freedom to worship. Carving out a homestead can be arduous work, but the Leiningers labor joyfully.  Then the unthinkable: In a terrifying raid, Delaware warriors kidnap the two young Leininger daughters and attempt to indoctrinate them into native culture. Through their ordeal they never lose hope and \"their faith becomes their freedom\".",
    "genres" : [ {
      "id" : 36,
      "name" : "History"
    } ]
  }, {
    "id" : 243799,
    "title" : "In the Dark",
    "overview" : "A Hollywood messenger must endure cruelty and humiliation as he struggles for a chance to succeed. But when he's offered a lucrative opportunity, he must decide between compromising his closest friendship or giving his racist bosses the retribution they so richly deserve.",
    "genres" : [ {
      "id" : 80,
      "name" : "Crime"
    }, {
      "id" : 18,
      "name" : "Drama"
    } ]
  }, {
    "id" : 243814,
    "title" : "Three for Bedroom C",
    "overview" : "After beginning their train trip to California, a famous film actress and her daughter discover their compartment has also been assigned to a handsome biology professor. Comedy.",
    "genres" : [ ]
  }, {
    "id" : 243819,
    "title" : "Metropolitan",
    "overview" : "Opera prima donna leaves the Metropolitan to form her own company with Tibbett as leading man. She leaves this company too which means Tibbett and company must carry on without her.",
    "genres" : [ {
      "id" : 18,
      "name" : "Drama"
    }, {
      "id" : 10749,
      "name" : "Romance"
    } ]
  }, {
    "id" : 243839,
    "title" : "Pyar Ke Naam Qurbaan",
    "overview" : "A motor mechanic, Billo Chaudhary, creates waves in the local community when he dares to play Holi with the arrogant and wealthy Rajkumari Devika Singh. When she has him beaten and imprisoned by the police, he decides to avenge this humiliation by abducting her and inviting the wrath of her brother, Yeshwant - who sexually molests local women with impunity, who wants him dead at any and all costs.",
    "genres" : [ {
      "id" : 28,
      "name" : "Action"
    }, {
      "id" : 80,
      "name" : "Crime"
    }, {
      "id" : 18,
      "name" : "Drama"
    } ]
  }, {
    "id" : 243844,
    "title" : "The Death of Michael Smith",
    "overview" : "Three men, each named Michael Smith, are linked in various ways to a mysterious murder: the victim, the killer, and the homicide detective who's forced to try and sort it all out.",
    "genres" : [ ]
  }, {
    "id" : 243854,
    "title" : "Der Amokläufer - Aus Spiel wird Ernst",
    "overview" : "",
    "genres" : [ {
      "id" : 53,
      "name" : "Thriller"
    } ]
  }, {
    "id" : 243859,
    "title" : "Ceritaku Ceritamu",
    "overview" : "",
    "genres" : [ ]
  }, {
    "id" : 243864,
    "title" : "Cinta Dan Lagu",
    "overview" : "Zul a young fisherman fall in love with Noraini, his friend sister. But Malek the son of the village also fall in love with Noraini. On Zul wedding day, Malek attack Zul. This is a musical film with lots of beautiful song.",
    "genres" : [ {
      "id" : 10402,
      "name" : "Music"
    }, {
      "id" : 10749,
      "name" : "Romance"
    } ]
  }, {
    "id" : 243869,
    "title" : "Chamber Music",
    "overview" : "Rose 12 years, spends his holidays in musical colony. By day she plays the flute in an orchestra. At night she shares a room with two clarinetists of 16. By proxy, Rose tries to get out childhood.",
    "genres" : [ {
      "id" : 18,
      "name" : "Drama"
    } ]
  }, {
    "id" : 243874,
    "title" : "Rádio Auriverde",
    "overview" : "",
    "genres" : [ {
      "id" : 99,
      "name" : "Documentary"
    } ]
  }, {
    "id" : 243884,
    "title" : "Fish & Cat",
    "overview" : "A group of students travel to a remote region to participate in a kite-flying event. Next to their camp by the lakeside, they find a restaurant with cooks that treat the students with suspicion. Bizarre events lead to a complicated situation, from which the students cannot escape.",
    "genres" : [ {
      "id" : 53,
      "name" : "Thriller"
    }, {
      "id" : 18,
      "name" : "Drama"
    }, {
      "id" : 9648,
      "name" : "Mystery"
    } ]
  }, {
    "id" : 243889,
    "title" : "Nihon de Ichiban Kowai Hanashi Edo Kaidan",
    "overview" : "This DVD contains the first \"horror period drama\" recorded at Nikko Edo village, in pursuit of authentic terror.\r Episode 1: A Broken Promise\r Episode 2: Ubume\r Episode 3: Tales of the Peony Lantern",
    "genres" : [ ]
  }, {
    "id" : 243894,
    "title" : "Dancing on a Dry Salt Lake",
    "overview" : "Warner De Santis, a cosmologist obsessed with trying to hear God back in time at the \"Origin of the Universe,\" gets fired from NASA, drives to the Mojave Desert, crashes his car, and remains in a small mining town until his car is fixed. There, Warner encounters persons that might be \"spirit messengers.\" Taking their words as instructions, he goes on a mission to find what the Native Americans regard as the \"Place of Origin.\" In the end, Warner finds in the ordinary world, close at hand, the spiritual meaning that escaped his reaching into the distance of space and time.",
    "genres" : [ ]
  }, {
    "id" : 243899,
    "title" : "Silent Grace",
    "overview" : "In 1976 the British Government put an end to the special category status of prisoners from the Provisional Irish Republican Army, no longer treating them as prisoners of war, but as common criminals. Mairéad Farrell - on whose life much of the film seems to be loosely based - was the first woman Republican to be refused political status in 1976. By 1980, when the film is set, Margaret Thatcher was Prime Minister and doggedly resolute: “There can be no question of political status for someone who is serving a sentence for crime. Crime is crime is crime.” Silent Grace seeks to capture the struggle for the restoration of political status that was at the heart of prison protests in Northern Ireland  - not just by the more celebrated male prisoners - but by a smaller number of women prisoners, led by Farrell, at the Armagh Women’s Prison.",
    "genres" : [ {
      "id" : 18,
      "name" : "Drama"
    } ]
  }, {
    "id" : 243904,
    "title" : "Touring Talkies",
    "overview" : "The movie is based on the concept of roaming cinema which was one of the oldest traditions in the bygone era of Indian cinema where the movies were showcased in tents for the local folks also knows as Touring talkies. For the past few decades these films have made a common recurring occurrences in most of the Carnival Fun fair taking place across villages where the Marathi Cinema is adored in a completely distinctive fashion.",
    "genres" : [ {
      "id" : 18,
      "name" : "Drama"
    } ]
  }, {
    "id" : 243909,
    "title" : "Buli Balik",
    "overview" : "",
    "genres" : [ ]
  }, {
    "id" : 243914,
    "title" : "Neppuu Kairiku Bushi Road",
    "overview" : "A restart of \"Neppu Kairiku Bushi Lord\", a previously stalled mecha mixed-media project. The anime will air this fall under the new name \"Neppu Kairiku Bushi Road\", as a collaboration between Bushiroad, video distributor Bandai Visual, software company Nitroplus, and anime studio Kinema Citrus.",
    "genres" : [ {
      "id" : 16,
      "name" : "Animation"
    }, {
      "id" : 28,
      "name" : "Action"
    }, {
      "id" : 878,
      "name" : "Science Fiction"
    }, {
      "id" : 12,
      "name" : "Adventure"
    } ]
  }, {
    "id" : 243919,
    "title" : "Personal Tailor",
    "overview" : "From the director of Back to 1942, Feng Xiaogang, comes PERSONAL TAILOR, one of the most unique films you'll see in this upcoming holiday season. Imagine a team that will sacrifice themselves for your dream at any cost -- but only if that dream makes you a better person. And only if that dream lasts a single day... What would your dream be? Where would you go? What would you do? And after that single day, what would happen to you?",
    "genres" : [ {
      "id" : 35,
      "name" : "Comedy"
    }, {
      "id" : 18,
      "name" : "Drama"
    } ]
  }, {
    "id" : 243924,
    "title" : "Uncivilised",
    "overview" : "A white authoress, looking for a story in the outback, is kidnapped by an Afghan slaver, betrothed to a white jungle-man, and menaced by a jealous half-caste rival, a hostile witch-doctor, his crazed-killer son, and opium smugglers!",
    "genres" : [ {
      "id" : 10749,
      "name" : "Romance"
    }, {
      "id" : 12,
      "name" : "Adventure"
    } ]
  }, {
    "id" : 243929,
    "title" : "Symphony of Lianhua",
    "overview" : "\"Lianhua Symphony\" - a small collection, consisting of eight short films shot in 1937 by young filmmakers Shanghai Lianhua Film Company.",
    "genres" : [ ]
  }, {
    "id" : 243934,
    "title" : "Pin Boy",
    "overview" : "A country boy tries to find his place in Buenos Aires. He goes to live with his cousin in the outer suburbs and works as a parapalos (\"pin setter\") in one of the city's last hand-operated bowling alleys.",
    "genres" : [ ]
  }, {
    "id" : 243944,
    "title" : "The Great Train Robbery",
    "overview" : "Two-part BBC drama portraying The Great Train Robbery of 8 August 1963. The first part shows it from the point of view of the robbers,  and the second part from the point of view of the police who set out to identify and catch the robbers.",
    "genres" : [ {
      "id" : 18,
      "name" : "Drama"
    }, {
      "id" : 36,
      "name" : "History"
    } ]
  }, {
    "id" : 243959,
    "title" : "The Player",
    "overview" : "Documentary maker John Appel made a film about gambling, winning and losing, based on the the memories of his father. Appel relates anecdotes to characterize his father and shed light on the events that led to his downfall. In between, we visit the horse races, where we meet an extremely good-humored bookie named Harry. Appel delves artistically into the mysterious mind of his father, who was not just a gambler, but a player of life.",
    "genres" : [ {
      "id" : 99,
      "name" : "Documentary"
    } ]
  }, {
    "id" : 243964,
    "title" : "Havana 57",
    "overview" : "Havana 1957—sin capital of the world. Mafia nightclubs, sex, drugs and gambling. A young cop witnesses a murder and must decide if he wants to play the corrupt game or go against corrupt cops and the mob with the help of a beautiful Tropicana dancer.",
    "genres" : [ {
      "id" : 18,
      "name" : "Drama"
    } ]
  }, {
    "id" : 243969,
    "title" : "The Random",
    "overview" : "A girl from another dimension uses a mysterious function - The RANDOM - to materialize in our world and perform a certain mission. She does not know the aim, she follows her intuition and absolute trust in the Game. On her way to the town she meets different people... those who she has to help... and those who she would better not meet. A pregnant girl with an amazing gift... An insurance agent exploring his dark side... A policewoman dancing flamenco... A man trying to find his daughter he left 20 years ago. Their roles are not random either, in this game called The RANDOM",
    "genres" : [ {
      "id" : 18,
      "name" : "Drama"
    }, {
      "id" : 9648,
      "name" : "Mystery"
    }, {
      "id" : 10402,
      "name" : "Music"
    } ]
  }, {
    "id" : 243974,
    "title" : "Waypoints",
    "overview" : "Following in the footsteps of Confluence’s earlier releases DRIFT, RISE and CONNECT, WAYPOINTS is the most exotic, ambitious and in-depth feature-length project that Confluence has ever created. Shot around the world in both fresh and saltwater, locations include flats fishing St. Brandon’s Atoll in the Indian Ocean, trout fishing the wilds of Patagonian Chile, coastal Southeast Alaska for Steelhead, the Himalayan rivers of India for Golden Mahseer, and the jungles of Venezuela for saber-toothed payara.",
    "genres" : [ ]
  }, {
    "id" : 243984,
    "title" : "Persuasion",
    "overview" : "Adaptation of the Jane Austen novel.",
    "genres" : [ ]
  }, {
    "id" : 243994,
    "title" : "Sever do Vouga... Uma Experiência",
    "overview" : "First shortfilm of Paulo Rocha",
    "genres" : [ ]
  }, {
    "id" : 244009,
    "title" : "Invocation",
    "overview" : "A short film by Robert Morgan",
    "genres" : [ {
      "id" : 16,
      "name" : "Animation"
    }, {
      "id" : 14,
      "name" : "Fantasy"
    }, {
      "id" : 27,
      "name" : "Horror"
    } ]
  }, {
    "id" : 244019,
    "title" : "The Creek",
    "overview" : "Exactly five years after Billy's untimely demise, his ghost returns to lure six of his former friends back to the place where he met his demise in this low-budget supernatural shocker from director/screenwriter Erik Soulliard. Billy has returned to the land of the living, but why? The coroner's report listed Billy's death as an accident, but now old as old suspicions arise and new conflicts emerge, no one is sure what to believe. Now people are dying, and in order to stop the slaughter Billy's old friends will be forced to face a truth that possess the power to transcend death",
    "genres" : [ {
      "id" : 53,
      "name" : "Thriller"
    } ]
  }, {
    "id" : 244024,
    "title" : "Ai Weiwei: The Fake Case",
    "overview" : "After 81 days of solitary detention world famous Chinese artist Ai Weiwei is put under house arrest. He suffers from sleeping disorder and memory loss, 18 cameras are monitoring his studio and home, police agents follow his every move, and heavy restrictions from the Kafkaesque Chinese authorities weigh him down. Journalists, the art world and his family all want a piece of him and on top of that he is met with a gigantic lawsuit from the Chinese government, soon to be named 'The Fake Case'. Ai Weiwei is shaken, but during the year on probation he steadily finds new ways to provoke and challenge the mighty powers of the Chinese authorities in his fight for human rights. Ai Weiwei strongly believes that China is ready for change. And he will do everything to make it happen.",
    "genres" : [ {
      "id" : 99,
      "name" : "Documentary"
    } ]
  }, {
    "id" : 244029,
    "title" : "Bounce Baby Bounce!",
    "overview" : "Big, natural tits bounce all over the fuckin' place! Gabriella goes joggin and her F-cups bounce. Sunshine plays on a trampoline and her G-cups fly every which way. Delotta jumps rope and her H-cups nearly give her a black eye. Chavon runs and her E-cups jiggle like mad. Sabina plays basketball and her F-cups become bouncing balls. All five girls mount cocks and bounce, baby, bounce!",
    "genres" : [ ]
  }, {
    "id" : 244034,
    "title" : "Columbus's Cursed Colony",
    "overview" : "In Columbus' Cursed Colony join two scientific expeditions on a journey that takes you beneath the waters of La Isabela Bay in Dominican Republic to search for the lost fleet of Christopher Columbus.",
    "genres" : [ {
      "id" : 99,
      "name" : "Documentary"
    } ]
  }, {
    "id" : 244039,
    "title" : "A Time of Destiny",
    "overview" : "World War II provides the setting for a melodramatic tale of love and revenge.",
    "genres" : [ {
      "id" : 10752,
      "name" : "War"
    }, {
      "id" : 18,
      "name" : "Drama"
    } ]
  }, {
    "id" : 244049,
    "title" : "Drishyam",
    "overview" : "Georgekutty lives a happy life with his wife and daughters. Things take a turn when his daughter gets indecently filmed using a hidden camera, by the son of a police inspector.",
    "genres" : [ {
      "id" : 80,
      "name" : "Crime"
    }, {
      "id" : 53,
      "name" : "Thriller"
    } ]
  }, {
    "id" : 244054,
    "title" : "Scrapwood War",
    "overview" : "At their annual summer building club ‘Camp Scrapwood’, best friends Ziggy (12) and Bas (12) find themselves on opposing sides for the first time in their lives. At summer club, best friends Ziggy and Bas (12) are on opposing sides for the first time in their lives. Different secondary schools, different parental expectations and now falling in love with the same girl lead to all-out war between them. They begin to fight. Initially, tougher Bas fights hard, but soon has doubts about the row. Meanwhile, the gentle Ziggy gradually toughens up and becomes determined to win…  A family film about friendship, love, jealousy… and being a boy.",
    "genres" : [ {
      "id" : 12,
      "name" : "Adventure"
    }, {
      "id" : 10751,
      "name" : "Family"
    } ]
  }, {
    "id" : 244064,
    "title" : "Bodyline - The Ultimate Test",
    "overview" : "This is the story of one of the most well known but perhaps least understood moments of conflict and controversy in the history of sport: the infamous Bodyline test cricket series of 1932 and 1933. Self-confessed cricket tragic and comedian Adam Zwar will try to discover what happened at the crease and chart the wider social and cultural implications of the controversy by enlisting historians, sports scientists, and cricket stars to simulate the actual events.  Is there more to the legend of Bodyline than we think?  Adam is going back in time to live out a childhood fantasy or two. He is going to use machines, fancy cameras, and the latest in computer graphics. Modern day players will help him prepare. Adam will witness the real damage a high speed cricket ball can do. In the end, Adam will be on his own - with no helmet, no modern padding, and just a bat for protection. How will he handle this ultimate test?",
    "genres" : [ {
      "id" : 99,
      "name" : "Documentary"
    } ]
  }, {
    "id" : 244069,
    "title" : "Impian",
    "overview" : "A teenage girl, Yazmin is driven out of her own house by her father on account of her step mother. She works as a night club singer and has problem with her unfaithful boyfriend. Frustrated, she goes to Cameron Highlands to meet her uncle. There, she meets Hamid who sympathises and finds her a job as a private nurse to Zahari who has a heart problem. Yazmin’s presence brings fresh hope to Zahari.",
    "genres" : [ {
      "id" : 10402,
      "name" : "Music"
    }, {
      "id" : 10749,
      "name" : "Romance"
    } ]
  }, {
    "id" : 244079,
    "title" : "Mahaleo",
    "overview" : "Mahaleos voices and music have accompanied the people of Madagascar ever since the collapse of the colonial regime. Yet, even after 30 years of success, the groups seven musicians still keep their distance from the world of show-business, and remain deeply committed to helping their countrys development; their professions range from surgeon to farmer, physician to sociologist and member of parliament. Accompanied by the groups rhythmic melodies, the film follows the singers through their daily lives, giving us a glimpse of the far-reaching social and economic problems of the Malagasy people. The combined talents of the Brazilian, Cesar Paes, and the Malagasy, Raymond Rajaonarivelo, have produced a work that is both ethereal and concrete, poetic and political.",
    "genres" : [ {
      "id" : 99,
      "name" : "Documentary"
    }, {
      "id" : 10402,
      "name" : "Music"
    }, {
      "id" : 36,
      "name" : "History"
    } ]
  }, {
    "id" : 244084,
    "title" : "Alex",
    "overview" : "It is New Zealand 1959. Teen swimmer Alex Archer has to battle set backs, intense rivalry and personal tragedy in her bid to win selection for the 1960 Olympic Games in Rome.",
    "genres" : [ {
      "id" : 18,
      "name" : "Drama"
    } ]
  }, {
    "id" : 244099,
    "title" : "Brides of Sulu",
    "overview" : "Two island lovers--both of opposing religions--fall in love and flee to a remote island. Warriors from the girl's tribe put to sea in an effort to track them down. Trouble soon follows.",
    "genres" : [ ]
  }, {
    "id" : 244114,
    "title" : "Firestorm",
    "overview" : "A crew of seasoned criminals led by the notorious Nam, armed with high-powered weapons, pulls off another smooth and violent armored car heist in broad daylight in a crowded street. Whoever tries to get in their way, they will show no mercy. This puts the police force to shame and humiliation. A hardboiled senior police inspector Lui, hot on the trails of Nam and his tight crew, determines to put an end to this madness that causes the lives of innocent people. But he soon comes face to face with the cruel reality that the usual police tactics are too futile to send these armed thieves behind bars. Extreme crime requires extreme justice, even if it means crossing his moral line. Tou, an ex-con desperate to leave his criminal past behind, volunteers to be Lui’s snitch in exchange for a fresh start with her girlfriend Bing. But little does he know what hellish situation he’s getting himself into.",
    "genres" : [ {
      "id" : 28,
      "name" : "Action"
    }, {
      "id" : 80,
      "name" : "Crime"
    } ]
  }, {
    "id" : 244149,
    "title" : "Lenny Kravitz: Rock in Rio - Madrid",
    "overview" : "Lenny Kravitz, Rock in Rio in Madrid on June 30, 2012",
    "genres" : [ ]
  }, {
    "id" : 244154,
    "title" : "Science of Steroids",
    "overview" : "It is one of the most controversial issues of our day, jeopardizing the health and smearing the reputations of Olympians, professional sports players and even high school athletes. The government has declared them illegal without a prescription, athletes call them unfair, and some doctors say they are potentially deadly. What are the real dangers of these drugs? We've seen what's happening outside the body; now NGC reveals what's happening inside the body, in the Science of Steroids.",
    "genres" : [ {
      "id" : 99,
      "name" : "Documentary"
    } ]
  }, {
    "id" : 244159,
    "title" : "The Vicar of Bray",
    "overview" : "The Vicar of Bray is a satirical description of an individual fundamentally changing his principles to remain in ecclesiastical office as external requirements change around him. The religious upheavals in England from 1533 to 1559 and from 1633 to 1715 made it almost impossible for any individual to comply with the successive religious requirements of the state.",
    "genres" : [ {
      "id" : 18,
      "name" : "Drama"
    } ]
  }, {
    "id" : 244169,
    "title" : "Liebesgrüße aus der Lederhose 6: Eine Mutter namens Waldemar",
    "overview" : "A comedy directed by Gunter Otto.",
    "genres" : [ {
      "id" : 35,
      "name" : "Comedy"
    } ]
  }, {
    "id" : 244174,
    "title" : "Dem Panzerkreuzer Potemkin auf der Spur",
    "overview" : "\"Tracing Battleship Potemkin\" goes on to detail the extensive number of shots long lost from constant authorized and unauthorized re-cuts in the last 80 years, and how many of those shots have been returned. Indeed, the film is all the more powerful and lyrical with a number of key scenes (especially the famed \"Odessa steps\" sequence) filled out and shaded with emotional nuance.",
    "genres" : [ ]
  }, {
    "id" : 244179,
    "title" : "The Mechanicals",
    "overview" : "Ever felt theres more going on than you can see? Ever wondered why your walls are thicker than they have to be? In the unseen spaces live ... The Mechanicals.",
    "genres" : [ ]
  }, {
    "id" : 244194,
    "title" : "Junk Films",
    "overview" : "A controversial still photographer specializing in grim death portraits translates his morbid sensibilities to the moving picture to offer an affecting look at death from an entirely unique perspective. Tsurisaki Kiyotaka specializes in the kind of photography that most folks would shrink away from. Over the course of his career, Kiyotaka has photographed more than 1000 deaths, a focus that often finds him facing legal problems in his home country of Japan. In this collection of short films, the photographer shifts his focus to the subject of war to offer a startling and sobering look at the aftermath of combat. Additional images of starvation, disasters, and tragic accidents highlight the fragility of human life and the grotesqueness of death's many forms.",
    "genres" : [ {
      "id" : 99,
      "name" : "Documentary"
    } ]
  }, {
    "id" : 244209,
    "title" : "THE Shinrei Shashin 「Yuu」",
    "overview" : "50 photos of horror such as: Colourless Child, Abnormally Extending Pinky, Distorted Old Woman Appearing in a Child, Skeletal Hand...  Countless photo exist that words can simply not explain. Things people should never have, bizarre heads, deformities, additional limbs. We bring you 50 carefully selected pieces of spirit photography.  Will you still peek through the finder anyway?",
    "genres" : [ ]
  }, {
    "id" : 244214,
    "title" : "Star Trek: Secrets of the Universe",
    "overview" : "Is building our own starship Enterprise possible? Will we ever travel between the stars as easily as they do in Star Trek? JJ Abrams' new feature, Star Trek Into Darkness, hits the screen in a golden age of scientific discoveries. HISTORY is there, giving viewers a deep look behind the scenes, on the set, and into the science–amazing new exoplanets, the physics of Warp drive, and the ideas behind how we might one day live in a Star Trek Universe.",
    "genres" : [ {
      "id" : 99,
      "name" : "Documentary"
    } ]
  }, {
    "id" : 244219,
    "title" : "Agenten kennen keine Tränen",
    "overview" : "This feature was shot in the midst of some of Europe's most stunning scenery. The story focuses on the efforts of an espionage agent, played by Italian heartthrob Fabio Testi, to secure a uranium shipment that has been targeted by an enemy power.",
    "genres" : [ {
      "id" : 28,
      "name" : "Action"
    }, {
      "id" : 18,
      "name" : "Drama"
    }, {
      "id" : 53,
      "name" : "Thriller"
    } ]
  }, {
    "id" : 244224,
    "title" : "Getaran",
    "overview" : "Awie is a mechanic and owns his own workshop in a secluded place. One day, he discovered a group of teenagers rendering a number as a band and was impressed by what he saw. He promised the youngsters that he would make them famous recording artistes. In the midst of all this, Awie fell in love with Mona, who was attracted to Awie's righteous attitude. They even shared a similar vision and that is to promote this group of youngsters and propelled them to stardom. But all of these dreams are about to meet a crushing blow when Zamri and Sam, enemies of Awie, beats Awie up, which resulted in him losing his memories. With no Awie to guide and motivate them, the young band was without the feeling of hope.",
    "genres" : [ {
      "id" : 10749,
      "name" : "Romance"
    } ]
  }, {
    "id" : 244234,
    "title" : "For Catherine",
    "overview" : "After a two year courtship Catherine's departure for Oxford University sends Duo completely 'round the bend leaving his friends to try and pick up the sad, silly pieces.",
    "genres" : [ {
      "id" : 35,
      "name" : "Comedy"
    } ]
  }, {
    "id" : 244239,
    "title" : "Where Are the Children?",
    "overview" : "Thriller about the kidnapping of two children and the investigation that follows, based on the book by Mary Higgins Clark.",
    "genres" : [ {
      "id" : 18,
      "name" : "Drama"
    }, {
      "id" : 53,
      "name" : "Thriller"
    }, {
      "id" : 9648,
      "name" : "Mystery"
    } ]
  }, {
    "id" : 244244,
    "title" : "Sex o no sex",
    "overview" : "",
    "genres" : [ ]
  }, {
    "id" : 244254,
    "title" : "Netavi ik teatri aris?!",
    "overview" : "",
    "genres" : [ {
      "id" : 99,
      "name" : "Documentary"
    } ]
  }, {
    "id" : 244259,
    "title" : "The Iranian Film",
    "overview" : "Yassine El Idrissi is trying to make a graduation film for his Masters degree. He wants to shoot an Iranian style movie in Morocco, because he loves Iranian cinema. He enlists the help of a novelist, Rachid, and a theatre teacher, Hussein. Together they take a journey to look for locations and a cast for his film, entitled 'National Day', about a village that doesn't have flags on an important national holiday.",
    "genres" : [ ]
  }, {
    "id" : 244264,
    "title" : "Laggies",
    "overview" : "Overeducated and underemployed, 28 year old Megan is in the throes of a quarterlife crisis. Squarely into adulthood with no career prospects, no particular motivation to think about her future and no one to relate to, Megan is comfortable lagging a few steps behind - while her friends check off milestones and celebrate their new grown-up status. When her high-school sweetheart proposes, Megan panics and- given an unexpected opportunity to escape for a week - hides out in the home of her new friend, 16-year old Annika and Annika's world-weary single dad Craig.",
    "genres" : [ {
      "id" : 35,
      "name" : "Comedy"
    }, {
      "id" : 10749,
      "name" : "Romance"
    } ]
  }, {
    "id" : 244269,
    "title" : "Best of the West",
    "overview" : "2005. When a trip to New Zealand gets put off, Boone Speed, Chris Sharma, and Nate Gold have 2 weeks to kill and skin to burn. With stories of Hueco’s new age being not as restrictive as feared, they make a trip back for the first time in seven years. Sharma may be 40 pounds bigger, but the good news is, its all muscle. This rock climbing dvd stars Jason Kehl, Mike Beck, Tim Kemple, Anna Burgos, Bret Lowell, Steve Maisch and more",
    "genres" : [ {
      "id" : 99,
      "name" : "Documentary"
    }, {
      "id" : 12,
      "name" : "Adventure"
    } ]
  }, {
    "id" : 244289,
    "title" : "Motorcycle",
    "overview" : "In a remote Thai village, a man gets a call informing him that his son died in a crash. He needs to bring the body back and give a decent funeral, but he can't afford to do both.",
    "genres" : [ {
      "id" : 18,
      "name" : "Drama"
    } ]
  }, {
    "id" : 244309,
    "title" : "Insects in the Backyard",
    "overview" : "In the absence of their parents, Johnny and Jennifer are being brought up by their \"big sister\" Tanya, an overdressed transvestite who eats and smokes too much and causes both kids endless embarrassment. It's a situation ripe for problems (actually, more complicated than I've made it sound), and Tanwarin's debut feature - as director, writer and star - explores those problems with unbridled determination. Both kids mess up their pursuit of romance, in the ways that teenagers do, and both look for ways to break away from the family home and become independent. For Johnny, this entails going into male prostitution, which is as much an attempt to erase his own self-esteem as a way of earning some fast bucks. Jenny makes other mistakes, but both of them wind up deeply dissatisfied. And Tanya? When Johnny catches her trying to seduce one of his buddies, things start to go downhill for her too.",
    "genres" : [ {
      "id" : 18,
      "name" : "Drama"
    } ]
  }, {
    "id" : 244319,
    "title" : "Hallucination Generation",
    "overview" : "A juvenile is mad at his mom so he leaves his home in San Francisco to join a charismatic LSD guru's cult in Spain and turns on, tunes in, and drops out. He also gets involved in murder.",
    "genres" : [ {
      "id" : 18,
      "name" : "Drama"
    } ]
  }, {
    "id" : 244329,
    "title" : "Jean Michel Jarre: AERO - Tribute to the Wind",
    "overview" : "Jean Michel Jarre held a concert at the Gammel Vrå Enge Windmill Park near the city of Aalborg in Denmark, on September 7, 2002, with 40,000 spectators (including 5,000 VIPs)",
    "genres" : [ {
      "id" : 10402,
      "name" : "Music"
    } ]
  }, {
    "id" : 244334,
    "title" : "Hold Fast",
    "overview" : "Two teenage boys escape an unhappy home, embarking on a perilous journey of self-discovery that takes them deep into the Newfoundland wilderness.",
    "genres" : [ {
      "id" : 18,
      "name" : "Drama"
    } ]
  }, {
    "id" : 244339,
    "title" : "Out of Inferno",
    "overview" : "On the hottest day in 50 years, a serious fire incident happened to a busy commercial tower, a gaggle of fire fighters with an indestructible enthusiasm are going to save lives.",
    "genres" : [ {
      "id" : 28,
      "name" : "Action"
    } ]
  }, {
    "id" : 244359,
    "title" : "Koryo Celadon",
    "overview" : "Koryo Celadon remains one of the high points of world art. This Korean pottery style, which was at its peak in the 12th Century A.D., and called by the Chinese \"one of the ten most wonderful things in the world,\" was a truly major achievement in the field of ceramics. Its most important element was its delicate green glaze, a secret formula now lost. As simple and elegant as Koryo Celadons appear, they were the result of intricate craftsmanship that often employed up to four inlays.",
    "genres" : [ ]
  }, {
    "id" : 244369,
    "title" : "Fall Line",
    "overview" : "Oscar nominated short film from 1981",
    "genres" : [ ]
  }, {
    "id" : 244379,
    "title" : "It's the Same World",
    "overview" : "Oscar nominated documentary short from 1981",
    "genres" : [ ]
  }, {
    "id" : 244389,
    "title" : "The Tender Tale of Cinderella Penguin",
    "overview" : "Cinderella has to stay home while her evil stepsisters go to the ball. You know the rest except everyone here is a penguin (even the mice that become the \"horses\") and the lost slipper is more like a swimming flipper.",
    "genres" : [ {
      "id" : 16,
      "name" : "Animation"
    } ]
  }, {
    "id" : 244399,
    "title" : "Americas in Transition",
    "overview" : "Oscar nominated documentary short from 1982",
    "genres" : [ ]
  }, {
    "id" : 244404,
    "title" : "A Shocking Accident",
    "overview" : "Oscar Winning short film from 1982",
    "genres" : [ ]
  }, {
    "id" : 244414,
    "title" : "Jackals",
    "overview" : "Cops in a small town near the Mexican border find themselves caught up in a scheme that smuggles illegal aliens into the country.",
    "genres" : [ {
      "id" : 28,
      "name" : "Action"
    }, {
      "id" : 80,
      "name" : "Crime"
    } ]
  }, {
    "id" : 244424,
    "title" : "Gods of Metal",
    "overview" : "Academy Award nominee for best documentary short, based on biblical premise, applicable to today's nuclear proliferation: \"Do not worship false Gods of Metal.\"",
    "genres" : [ ]
  }, {
    "id" : 244434,
    "title" : "To Live or Let Die",
    "overview" : "Oscar nominated documentary short from 1982",
    "genres" : [ ]
  }, {
    "id" : 244449,
    "title" : "Flamenco at 5:15",
    "overview" : "In this Oscar Winning documentary short film, students in their final year at the National Ballet School of Canada are seen learning the flamenco from Susana and Antonio Robledo, who come to the school every winter to conduct classes which are held after the day's regular schedule has ended.",
    "genres" : [ {
      "id" : 99,
      "name" : "Documentary"
    }, {
      "id" : 10402,
      "name" : "Music"
    } ]
  }, {
    "id" : 244454,
    "title" : "Ihr zent frei",
    "overview" : "Five former U.S. Servicemen and a prison camp survivor give accounts of the liberation of the Nazi concentration camps in 1945.",
    "genres" : [ {
      "id" : 99,
      "name" : "Documentary"
    } ]
  }, {
    "id" : 244459,
    "title" : "West Hollywood Motel",
    "overview" : "Various lives intersect in and around a West Hollywood motel in this kaleidoscopic comedy about sex, love, and the meaning of life.",
    "genres" : [ {
      "id" : 35,
      "name" : "Comedy"
    } ]
  }, {
    "id" : 244474,
    "title" : "Ringgit Kasorrga",
    "overview" : "In Kasorga island, nothing else matter except power, wealth, luxury and lusty desire. Meera Almeida is the owner of modelling and talent scout agency called Blaze. She gets good commission out of supplying girls to Kasorga island. Meera has an affair with Dato' Shah, a very proviment community leader and a succesful businessman. Nina tries to prevent them from the influence of the immoral models from Blaze. Luxury was not a gurantee for Meera's happiness and she hopes that Khal, hee lover, would marry her. Khal, on the other hand, was more attracted by Nina's sincerity.  At last, the dark secret of Kasorga island was disclosed by Nina. Girls became innocent victims of the flesh market. Justice Demands scrifice. Dato' Shah must be punished. Together, Nina and Khal continued to strive for good value which is constantly by luxury.",
    "genres" : [ {
      "id" : 18,
      "name" : "Drama"
    } ]
  }, {
    "id" : 244509,
    "title" : "Cold in July",
    "overview" : "How can a split-second decision change your life? While investigating noises in his house one balmy Texas night in 1989, Richard Dane puts a bullet in the brain of low-life burglar Freddy Russell. Although he’s hailed as a small-town hero, Dane soon finds himself fearing for his family’s safety when Freddy’s ex-con father, Ben, rolls into town, hell-bent on revenge.",
    "genres" : [ {
      "id" : 18,
      "name" : "Drama"
    }, {
      "id" : 53,
      "name" : "Thriller"
    } ]
  }, {
    "id" : 244514,
    "title" : "Colpi di fortuna",
    "overview" : "",
    "genres" : [ {
      "id" : 35,
      "name" : "Comedy"
    } ]
  }, {
    "id" : 244529,
    "title" : "Gone Dark",
    "overview" : "Five years ago Jack faked his death. Now his little sister is hunting down his ex-partners who she thinks killed him. On top of that, the company send in the cleaners and everything gets bloody.",
    "genres" : [ {
      "id" : 28,
      "name" : "Action"
    } ]
  }, {
    "id" : 244534,
    "title" : "Happy Christmas",
    "overview" : "After a breakup with her boyfriend, a young woman moves in with her older brother, his wife, and their 2-year-old son.",
    "genres" : [ {
      "id" : 35,
      "name" : "Comedy"
    }, {
      "id" : 18,
      "name" : "Drama"
    } ]
  }, {
    "id" : 244539,
    "title" : "Infinitely Polar Bear",
    "overview" : "A manic-depressive mess of a father tries to win back his wife by attempting to take full responsibility of their two young, spirited daughters, who don't make the overwhelming task any easier.",
    "genres" : [ {
      "id" : 35,
      "name" : "Comedy"
    }, {
      "id" : 18,
      "name" : "Drama"
    } ]
  }, {
    "id" : 244554,
    "title" : "Taxa K-1640 efterlyses",
    "overview" : "",
    "genres" : [ {
      "id" : 18,
      "name" : "Drama"
    } ]
  }, {
    "id" : 244569,
    "title" : "Мой любимый клоун",
    "overview" : "",
    "genres" : [ {
      "id" : 18,
      "name" : "Drama"
    }, {
      "id" : 10749,
      "name" : "Romance"
    } ]
  }, {
    "id" : 244589,
    "title" : "Indie Jonesing",
    "overview" : "Patrick's life is paved with broken dreams. The bad luck keeps on coming until a sudden series of accidental, felonious and even magical events change the course of his destiny forever. Now all he has to do is deal with the body.",
    "genres" : [ ]
  }, {
    "id" : 244594,
    "title" : "Wuthering Heights",
    "overview" : "Adaptation of the novel by Emily Brontë.",
    "genres" : [ ]
  } ]
}