{
  "movies" : [ {
    "id" : 142314,
    "title" : "Certainty",
    "overview" : "",
    "genres" : [ ]
  }, {
    "id" : 142319,
    "title" : "The Foreigner",
    "overview" : "A Frenchman falls in love with a hot temper Bulgarian village girl. Following the call of his heart he starts looking for the village where she lives without knowing the character and the language of the people living there.",
    "genres" : [ ]
  }, {
    "id" : 142329,
    "title" : "Sexy Sisters",
    "overview" : "Edna keeps her younger sister Millie drugged and chained to her bed. The drugs have made Millie a nymphomaniac who's endless supply of men that Edna providers her cannot satisfy her and seeing her sister unsatisfied gets Edna off. But Edna's main plan from all of this is to inherit her deceased parents' fortune which is supposed to all go to Millie on her 21st birthday, so if she can prove Millie insane she will get the fortune. But when one of the men appears to satisfy Millie, Millie discovers the outside world and the two will try to stop Edna's evil plans.",
    "genres" : [ {
      "id" : 18,
      "name" : "Drama"
    } ]
  }, {
    "id" : 142334,
    "title" : "Uccidete la democrazia",
    "overview" : "",
    "genres" : [ ]
  }, {
    "id" : 142339,
    "title" : "In Love and War",
    "overview" : "Three Marines take shore leave in San Francisco during World War II. Frankie O'Neill visits his lower-class dysfunctional family; Nico Kantaylis visits his pregnant fiancée; and the upper-class Alan Newcombe visits his high-living playgirl girlfriend. Each must decide whether to make the best of his situation or break out of it. O'Neill drowns his troubles in alcohol, losing the respect of a potential lover; Kantaylis marries his fiancée, but realizes he may not survive the war to see his child; while Newcombe sheds his decadent girlfriend for a pure-hearted Hawaiian nurse. Later, in battle, a heroic act costs one of the Marines his life.",
    "genres" : [ {
      "id" : 10752,
      "name" : "War"
    }, {
      "id" : 18,
      "name" : "Drama"
    } ]
  }, {
    "id" : 142349,
    "title" : "Breach in the Silence",
    "overview" : "Adolescent and from a modest neighborhood, Ana has spent her years in front of a sewing machine, working to support her two younger brothers and silently enduring the abuse of a pervert stepfather and an indifferent mother. Her hearing impairment has made marginalized her in a world that refuses to listen to her, becoming her in an object of use of who are around her. Unable to resign herself that her brothers will suffer the same fate, Ana decides to save them, embarking on a trip to freedom.",
    "genres" : [ {
      "id" : 18,
      "name" : "Drama"
    } ]
  }, {
    "id" : 142354,
    "title" : "A Brief History of John Baldessari",
    "overview" : "The epic life of a world-class artist, jammed into six minutes.",
    "genres" : [ {
      "id" : 99,
      "name" : "Documentary"
    } ]
  }, {
    "id" : 142364,
    "title" : "Frank-Etienne Towards Beatitude",
    "overview" : "Frank-Étienne is a door-to-door salesman on a mission to sell empty boxes in the middle of nowhere. Things go awry when he meets a young woman who is determined to take advantage of his kindness and his car. Unable to resist her, Frank-Étienne finds himself in an increasingly absurd situation with the woman, her lover, and his dog.",
    "genres" : [ ]
  }, {
    "id" : 142374,
    "title" : "Joan the Maid 2: The Prisons",
    "overview" : "The second film covers Joan's trial and the end of her life.",
    "genres" : [ ]
  }, {
    "id" : 142379,
    "title" : "The Joker",
    "overview" : "",
    "genres" : [ {
      "id" : 35,
      "name" : "Comedy"
    } ]
  }, {
    "id" : 142394,
    "title" : "One More Dream",
    "overview" : "Four women who have reached the bottom of despair are ready to do anything to re-surface again. And at that very moment life offers them the most absurd opportunity-to fulfill their dream. On the borderline between fantasy and reality the four of them realize that when you have nothing you can risk everything. They rush into a planned bank robbery without realizing that money is the last thing they need. Because fate collides them with people who dream as well.",
    "genres" : [ ]
  }, {
    "id" : 142399,
    "title" : "Who Shot My Brother?",
    "overview" : "A documentary about the many problems of Colombia, highlighting a leftist politician (the director's brother) who tries to improve the lot of the most vulnerable people in the country.",
    "genres" : [ ]
  }, {
    "id" : 142404,
    "title" : "Robert. A Fortunate Life",
    "overview" : "Aleksander Sokurov brings the treasures of the Hermitage back into the light by making films about artists and their paintings. He has chosen the painter Hubert Robert, who spent a long time in Italy, and whose preference was for creating ancient ruined landscapes and naturalistic portrayals of times past. He was successful with the wealthy, who bought his works from him. The camera pans across the paintings while Sokurov speaks of a happy era, when the artist was at one with the spirit of the times, and agreed with the taste of his clients. Just how far removed from us this is, is shown by pictures of a \"Nô\" performance which are inter-cut on the screen. No words are necessary to describe what everybody knows today.",
    "genres" : [ {
      "id" : 99,
      "name" : "Documentary"
    } ]
  }, {
    "id" : 142409,
    "title" : "Voice of My Father",
    "overview" : "A haunting sociopolitical drama blending fiction and documentary to elucidate the turbulent history of a Kurdish family. Mehmet (co-director Zeynel Dogan) lives with his pregnant wife in Diyarbakir, eastern Turkey. His father was fatally injured while working in Saudi Arabia and all he has left is an audio tape letter. Now he is to become a father himself, he visits his mother to ask about more of these cassettes but she’s evasive, reluctant to upset Mehmet’s view of his father with the whole dark story.",
    "genres" : [ {
      "id" : 18,
      "name" : "Drama"
    }, {
      "id" : 10751,
      "name" : "Family"
    } ]
  }, {
    "id" : 142414,
    "title" : "Colleen",
    "overview" : "Director Alfred E. Green's 1936 musical, about a dingaling millionaire businessman and his various employees, stars Ruby Keeler, Joan Blondell, Dick Powell, Jack Oakie, Hugh Herbert, Louise Fazenda, Marie Wilson, Mary Treen and Berton Churchill.",
    "genres" : [ {
      "id" : 18,
      "name" : "Drama"
    }, {
      "id" : 10749,
      "name" : "Romance"
    } ]
  }, {
    "id" : 142474,
    "title" : "Chambre 12, Hôtel de Suède",
    "overview" : "Documentary about the making of Jean-Luc Godard's Breathless.",
    "genres" : [ {
      "id" : 99,
      "name" : "Documentary"
    } ]
  }, {
    "id" : 142479,
    "title" : "La Bayadère",
    "overview" : "",
    "genres" : [ ]
  }, {
    "id" : 142484,
    "title" : "The Painted Stallion",
    "overview" : "Western favorites Ray \"Crash\" Corrigan and Hoot Gibson head the cast of the 12-chapter Republic serial The Painted Stallion. Corrigan plays American federal agent Clark Stuart, on assignment in Santa Fe to draw up a trade agreement with the newly installed Mexican governor. Meanwhile, Walter Jamison (Hoot Gibson) leads a wagon train from Missouri, hoping to take advantage of the new agreement. Among Jamison's passenger are famed frontiersman Jim Bowie (Hal Taliaferro) and a very youthful Kit Carson (Sammy McKim). The destinies of all these personalities intersect when villainous ex-governor DuPrey (LeRoy Mason) schemes to undermine the treaty and take over the New Mexico territory for his own vile purposes. Somewhere along the way, Davy Crockett (Jack Perrin) joins the \"good guys\" in their efforts to thwart the despicable DuPrey.  ~ Hal Erickson, Rovi",
    "genres" : [ {
      "id" : 28,
      "name" : "Action"
    }, {
      "id" : 37,
      "name" : "Western"
    } ]
  }, {
    "id" : 142499,
    "title" : "The Harmonium in My Memory",
    "overview" : "Hong-yun is a high school girl in little mountain village when she falls head-over-heels for a handsome new school teacher, Mr. Jang. What with taking care of her youngest baby brother for her widowed mother and the impossible age difference, it is a roller-coaster ride for her as she tries to become someone special for Mr. Jang while he seems interested in the other new teacher at the school, Miss Yang.",
    "genres" : [ {
      "id" : 10749,
      "name" : "Romance"
    }, {
      "id" : 18,
      "name" : "Drama"
    } ]
  }, {
    "id" : 142504,
    "title" : "Øl - Humle, hygge og højt skum...",
    "overview" : "",
    "genres" : [ ]
  }, {
    "id" : 142534,
    "title" : "Bad Butt",
    "overview" : "The story of a high school girl and a certain part of her body that has turned into a monster. A horrifying and erotic story from the mad mind of Noboru Iguchi (THE MACHINE GIRL, KARATE ROBO-ZABORGAR).",
    "genres" : [ {
      "id" : 35,
      "name" : "Comedy"
    }, {
      "id" : 28,
      "name" : "Action"
    } ]
  }, {
    "id" : 142539,
    "title" : "Scream",
    "overview" : "A group of new students register to be a member of movie association in the university. Pai, Nuna,Tam and Man travel to the province for freshy day. When they arrived at a resort in the forest, each student has disappeared one by one. No one knows, what's happen with them. Who's the murder? They're very scared and try to escape. But who will be the last survivor?",
    "genres" : [ ]
  }, {
    "id" : 142554,
    "title" : "Cena medu",
    "overview" : "",
    "genres" : [ ]
  }, {
    "id" : 142584,
    "title" : "Who Bombed Judi Bari?",
    "overview" : "Judi Bari and Darryl Cherney were falsely arrested for car-bombing themselves on May 24, 1990 while on an Earth First! musical organizing tour for Redwood Summer. They sued the FBI for violations of the First Amendment, claiming the FBI knew they were innocent but arrested them to try to silence them. Having survived the bomb but now stricken by cancer, Judi Bari, a leader of the movement to save California's old growth redwoods, gives her on-camera, deathbed testimony about the attempt on her life and her colorful organizing history with the radical environmental movement Earth First.",
    "genres" : [ ]
  }, {
    "id" : 142609,
    "title" : "Teddy at the Throttle",
    "overview" : "Gloria Dawn lives down the hall from her sweetheart, Bobbie Knight. The dishonest Henry Black is Gloria's guardian, and he is also in charge of Bobbie's inheritance. The scheming guardian and his sister have been spending Bobbie's money, and they hope to have the sister marry Bobbie so that they can keep control over his money.",
    "genres" : [ {
      "id" : 35,
      "name" : "Comedy"
    } ]
  }, {
    "id" : 142629,
    "title" : "Junior Miss",
    "overview" : "A Manhattan family's Christmas season turns topsy-turvy when 13-year-old Judy Graves (Peggy Ann Garner) mistakenly thinks her newly-arrived visiting uncle has just been released from prison. Director George Seaton's 1945 comedy, adapted from the hit Broadway play, also features Allyn Joslyn, John Alexander, Sylvia Field, Mona Freeman, Connie Gilchrist, Barbara Whiting, Faye Marlowe, Michael Dunne, Scotty Beckett, Stanley Prager and Ruby Dandridge.",
    "genres" : [ {
      "id" : 35,
      "name" : "Comedy"
    } ]
  }, {
    "id" : 142634,
    "title" : "Tre mogli",
    "overview" : "",
    "genres" : [ ]
  }, {
    "id" : 142639,
    "title" : "All of What Follows Is True: The Making of 'Butch Cassidy and the Sundance Kid'",
    "overview" : "A retrospective on the 1969 classic \"Butch Cassidy and the Sundance Kid,\" its impact on the careers of the filmmakers and cast, and how the film made a distinct impact on the Western genre.",
    "genres" : [ {
      "id" : 99,
      "name" : "Documentary"
    } ]
  }, {
    "id" : 142644,
    "title" : "State Department: File 649",
    "overview" : "Kenneth Seeley, member of the U. S. State Department's Foreign Service Bureau, and Marge Weldon, a morale worker with the bureau, are assigned to an area in Mongolia dominated by an outlaw warlord. The latter captures the village where they reside and when escape is clearly impossible, Seeley blows up the outlaw's headquarters, losing his own life in doing so.",
    "genres" : [ ]
  }, {
    "id" : 142649,
    "title" : "Een huis in een schoen",
    "overview" : "",
    "genres" : [ ]
  }, {
    "id" : 142654,
    "title" : "Free and Easy 20: Final",
    "overview" : "Based on the manga \"Tsuribaka nisshi\" written by Juzo Yamasaki and illustrated by Kenichi Kitami. The comic has been serialized in \"Big Comic Original\" since 1979.",
    "genres" : [ ]
  }, {
    "id" : 142689,
    "title" : "Changing Destiny",
    "overview" : "A story of friendship in a squalid suburb of a city of southern Italy. Alexander and Ferdi come from poor families and live in a city in decline, where there is no future.",
    "genres" : [ ]
  }, {
    "id" : 142694,
    "title" : "Asya",
    "overview" : "A love story based on a famous Ivan Turgenev novel.",
    "genres" : [ {
      "id" : 10749,
      "name" : "Romance"
    }, {
      "id" : 18,
      "name" : "Drama"
    } ]
  }, {
    "id" : 142709,
    "title" : "The Last Vampire On Earth",
    "overview" : "Chloe is a college student studying Anthropology. Aurelius is studying Hematology. They seemingly have nothing in common, except both have a secret. When brought together in a Literature Class, Chloe and Aurelius seem like the most unlikely of friends. Chloe is a pastor's daughter. Aurelius is a pale loner. When Chloe reaches out to try and befriend him surprising things happen. This is a story of humanity, love, and blind superstition. It's amazing what can happen when you reach out to a stranger. Your whole world might get turned upside down.",
    "genres" : [ {
      "id" : 27,
      "name" : "Horror"
    } ]
  }, {
    "id" : 142724,
    "title" : "Walker",
    "overview" : "A metaphor for mourning as much as it is a reminder to slow down, Tsai Ming-liang's stunningly beautiful Walker features his acteur fétiche Lee Kang-Sheng as a red-robed monk barely locomoting through the bustling streets of Hong Kong.",
    "genres" : [ ]
  }, {
    "id" : 142749,
    "title" : "Kamikazi, agapi mou",
    "overview" : "Stathis loves bikes, Rena wants to dance all the time and Aleksis goes crazy for rock music. They are three crazy siblings. One of them, Stathis, doesn't seem capable to keep a job and when he loses his girlfriend, his mother decides to give him what he loves the most, a motorcycle!",
    "genres" : [ {
      "id" : 35,
      "name" : "Comedy"
    } ]
  }, {
    "id" : 142754,
    "title" : "Sizi Seviyorum",
    "overview" : "This is the story of a man who does not know the situation of women given by the value of the relationship, and his course is a fun story.",
    "genres" : [ ]
  }, {
    "id" : 142779,
    "title" : "The Burglar",
    "overview" : "With a brother dedicated to punk rock stardom at any cost and a drunken father who chases skirt between robotic dancing lessons from the TV, young Senka stands as much chance of nurture as the hero of Truffaut's 400 Blows. The amazing thing about Ogorodnikov's film is that it was made in Russia. Clearly, plenty of Soviet teenies share the nihilistic feelings of their Western counterparts, and the extensive footage of safety-pin chic at concerts perhaps points to a sound export instinct on the director's part. Senka's brother Kostya is under pressure from Howmuch, a very heavy rocker, to steal a synthesiser from the Community Centre, so to protect him Senka steals it himself. The story occupies little more space than the music, but the performances are splendid enough to lodge Senka's predicament in the heart.",
    "genres" : [ ]
  }, {
    "id" : 142789,
    "title" : "Kings of Crime",
    "overview" : "This is a story of a war between two powerful criminal gangs and their 'dons' (vory v zakone) in the communist Soviet Union. Corruption, cynical rhetoric, deaths of innocent people.",
    "genres" : [ {
      "id" : 18,
      "name" : "Drama"
    }, {
      "id" : 80,
      "name" : "Crime"
    }, {
      "id" : 53,
      "name" : "Thriller"
    } ]
  }, {
    "id" : 142829,
    "title" : "In fraganti",
    "overview" : "",
    "genres" : [ {
      "id" : 35,
      "name" : "Comedy"
    } ]
  }, {
    "id" : 142839,
    "title" : "Snake Catcher",
    "overview" : "A criminal story based on Lazar Karelin's novel.",
    "genres" : [ {
      "id" : 18,
      "name" : "Drama"
    }, {
      "id" : 80,
      "name" : "Crime"
    } ]
  }, {
    "id" : 142844,
    "title" : "Bassie en Adriaan 25 Jaar Theater",
    "overview" : "",
    "genres" : [ ]
  }, {
    "id" : 142854,
    "title" : "Bassie en Adriaan Leren en Lachen 3",
    "overview" : "",
    "genres" : [ ]
  }, {
    "id" : 142859,
    "title" : "Äventyr i Mjölktandslandet",
    "overview" : "",
    "genres" : [ ]
  }, {
    "id" : 142864,
    "title" : "Den Magiska Tomtesäcken",
    "overview" : "",
    "genres" : [ ]
  }, {
    "id" : 142869,
    "title" : "Out There",
    "overview" : "Teton Gravity Research (TGR) presents OUT THERE, a 16mm and HiDef film taking a progressive, fresh look at what faces the surf world today. Humankind threatens many pristine and favorite surf breaks and surfers need to take action. In partnership with the Surfrider Foundation, TGR’s OUT THERE takes viewers to a variety of breaks around the world, showcasing the cutting edge surfing of today. Through the eyes and experiences of surfers and locals, the film takes a thought-provoking look into the environmental destruction threatening key surf spots such as Trestles in Southern California, surf in Southern Chile threatened by pulp mills, Teahupoo and its growing popularity, mainland Mexico, North Shore Hawaii near the Turtle Bay development and beyond.",
    "genres" : [ {
      "id" : 28,
      "name" : "Action"
    }, {
      "id" : 12,
      "name" : "Adventure"
    }, {
      "id" : 99,
      "name" : "Documentary"
    } ]
  }, {
    "id" : 142879,
    "title" : "Collegues",
    "overview" : "A drama about the group of young people starting their adult lives.",
    "genres" : [ {
      "id" : 18,
      "name" : "Drama"
    } ]
  }, {
    "id" : 142884,
    "title" : "Ландыш серебристый",
    "overview" : "",
    "genres" : [ ]
  }, {
    "id" : 142914,
    "title" : "In Search of Blind Joe Death: The Saga of John Fahey",
    "overview" : "In Search of Blind Joe Death: The Saga of John Fahey is a documentary film about the legendary American guitarist, composer and provocateur John Fahey, 1939-2001. Fahey is often considered the godfather of 'American primitive guitar'. This cinematic exploration features Pete Townshend, Chris Funk of The Decemberists and Joey Burns of Calexico. These stellar musicians, along with Fahey associates and friends such as the famous 'Dr. Demento', radio broadcaster Barry Hansen, explore the legacy of this profoundly influential artist. The film was recorded in the Washington D.C. area where John Fahey was born, along the Mississippi Delta from Memphis to New Orleans, in Los Angeles, Toronto, Austin, New York and in Oregon where Fahey spent his last two decades.",
    "genres" : [ {
      "id" : 99,
      "name" : "Documentary"
    }, {
      "id" : 36,
      "name" : "History"
    } ]
  }, {
    "id" : 142924,
    "title" : "The George Raft Story",
    "overview" : "Ray Danton plays the title role in director Joseph M. Newman's 1961 film biography of the nightclub dancer-turned-movie star. The cast also includes Jayne Mansfield, Barrie Chase, Julie London, Neville Brand and Frank Gorshin.",
    "genres" : [ {
      "id" : 18,
      "name" : "Drama"
    } ]
  }, {
    "id" : 142939,
    "title" : "Jesse Jane: Homework",
    "overview" : "Jesse Jane Homework gets an A+! Another class act from Robby D. and the Digital Playground girls. Jesse Jane leads an ensemble cast of girls who are more interested in ‘hands on’ learning experiences than wasting their time sitting in class. As each girl manages to turn each study session into a rapid sexual one, it's no doubt that the girls have done enough homework to ace their classes.",
    "genres" : [ ]
  }, {
    "id" : 142944,
    "title" : "Where's Jack?",
    "overview" : "Based on the adventures of Jack Sheppard, the thief and jail-breaker who became a folk hero in 1720s London.",
    "genres" : [ {
      "id" : 12,
      "name" : "Adventure"
    } ]
  }, {
    "id" : 142959,
    "title" : "5'5\" x 19 1/4\" Redux",
    "overview" : "5'5\" x 19 1/4\" Redux the long anticipated new surfing video from Lost. In the winter of '96 / '97, while everyone was riding 6'1\" thrusters featuring Slater's elf shoe rocker and long before the \"retro fish\" craze, two kids attacked the North Shore and beyond on 5'5\" twin fins. The subsequent action ended up being tossed together for the 1997 video 5'5\" x 19 1/4\" and other oddities. What started as an addendum of random recent \"fish clips\" has turned into a magnus opus of epic proportion. Over 10... or 8... or 12 years in the making comes... 5'5\" X 19 1/4\" REDUX.  Starring Chris Ward, Aaron Cormican, and Mason Ho putting sub 5'6\" boards to their limits. Also featuring sections from Shane Beschen, Kolohe Andino, Dane Reynolds, Jordy Smith, Ryan Carlson, and Ol' Mr. Slater himself. ...And for the first time ever seen, Cory Lopez and Ian Walsh weaving through some of the longest tubes ever captured on video at what \"SURFER\" Magazine dubbed \"The Holy Grail of Surf Scores.\"",
    "genres" : [ ]
  }, {
    "id" : 142964,
    "title" : "La hora incógnita",
    "overview" : "In a small Spanish town, is expected to explode a nuclear bomb to ten at night. All neighbors leave, except for thirteen people who are gathered in the church and, with the help of the pastor, will find that there is still a possibility of salvation.",
    "genres" : [ {
      "id" : 18,
      "name" : "Drama"
    } ]
  }, {
    "id" : 142979,
    "title" : "The Joy of Living",
    "overview" : "Ulisse is a naive young man out looking for a job after being released from the army. He drops the offer he gets from a group of fascists to go in with the Fossatis, a family of anarchists (unknown to him).",
    "genres" : [ {
      "id" : 35,
      "name" : "Comedy"
    } ]
  }, {
    "id" : 142984,
    "title" : "Scott Joplin",
    "overview" : "",
    "genres" : [ ]
  }, {
    "id" : 142989,
    "title" : "A Get2Gether",
    "overview" : "",
    "genres" : [ ]
  }, {
    "id" : 142994,
    "title" : "The Big Picture: Rethinking Dyslexia",
    "overview" : "Though up to 20% of students are dyslexic, many pass through school unidentified, misunderstood and performing below their potential. Paradoxically, these disorders are often found in highly intelligent, creative minds, and can also be seen as a gift, because many people with dyslexia naturally think outside the box and see the big picture, finding alternative solutions to problems that others might not see.",
    "genres" : [ {
      "id" : 99,
      "name" : "Documentary"
    } ]
  }, {
    "id" : 142999,
    "title" : "The Day the Earth Moved",
    "overview" : "An aerial photography team tries to alert a small town about an impending earthquake, but no one believes the duo until the tremors start and the walls begin to collapse.",
    "genres" : [ {
      "id" : 10770,
      "name" : "TV Movie"
    }, {
      "id" : 18,
      "name" : "Drama"
    } ]
  }, {
    "id" : 143019,
    "title" : "The Cure Is....",
    "overview" : "A transformational film about how every human body is brilliantly designed for vitality and longevity. Why then is our health and life expectancy declining? Have we lost our connection to our natural way of living? Is it possible there is a powerful and effective means to address our health and disease, which can assist in tapping into our natural healing capacity of our profoundly powerful human body?  THE CURE IS... unveils one of the most profound, ancient health formulas to be released in over a century. Amazing true stories, woven with testimonials from top scientists, doctors and evolutionary leaders creates a mind-blowing journey of self-discovery that will radically shift the way you look at health and disease forever.  It is time for us look beyond the band-aid approach of medicine in our Western culture and deeper into the unlimited healing capacity of the human body.  THE CURE IS... Join the revolution to health and happiness!",
    "genres" : [ ]
  }, {
    "id" : 143024,
    "title" : "The Men",
    "overview" : "Vazgen, Sako, Suren and Aram are taxi drivers and close friends. When Aram fell in hopeless love with Karine, other three decide to help their friend.",
    "genres" : [ {
      "id" : 10749,
      "name" : "Romance"
    }, {
      "id" : 35,
      "name" : "Comedy"
    } ]
  }, {
    "id" : 143044,
    "title" : "Cleopatra: The Film That Changed Hollywood",
    "overview" : "Documentary about the making of 20th Century Fox's 1963 film \"Cleopatra,\" then the most expensive film of all time.",
    "genres" : [ ]
  }, {
    "id" : 143049,
    "title" : "Adult World",
    "overview" : "Amy, a naive college graduate who believes she's destined to be a great poet, begrudgingly accepts a job at a sex shop while she pursues a mentorship with reclusive writer Rat Billings.",
    "genres" : [ {
      "id" : 35,
      "name" : "Comedy"
    } ]
  }, {
    "id" : 143054,
    "title" : "Still Tickin': The Return of A Clockwork Orange",
    "overview" : "Produced by Channel 4, Still Tickin´: The Return of A Clockwork Orange examines the controversy over Kubrick’s iconic film, explaining the film’s “demonic level of attention,” and its influence on culture, politics and society, which led to the director’s self-imposed ban.",
    "genres" : [ {
      "id" : 99,
      "name" : "Documentary"
    } ]
  }, {
    "id" : 143064,
    "title" : "Die Tote im Moorwald",
    "overview" : "",
    "genres" : [ ]
  }, {
    "id" : 143069,
    "title" : "Old-Fashioned Comedy",
    "overview" : "",
    "genres" : [ ]
  }, {
    "id" : 143089,
    "title" : "Klucht - Er is er een Jarig",
    "overview" : "",
    "genres" : [ ]
  }, {
    "id" : 143104,
    "title" : "Klucht - Goeie Buren",
    "overview" : "",
    "genres" : [ ]
  }, {
    "id" : 143109,
    "title" : "The Forbidden",
    "overview" : "An early experimental short film based on Faust.",
    "genres" : [ {
      "id" : 27,
      "name" : "Horror"
    } ]
  }, {
    "id" : 143114,
    "title" : "Ханума",
    "overview" : "",
    "genres" : [ ]
  }, {
    "id" : 143119,
    "title" : "The Stray, White and the Speckled",
    "overview" : "In a poor provincial town, the ragamuffin boys are frenziedly drilled for combat, and at nights the local elite, gathered in a pool room, boasts of fictitious biographies, while bands of boys amuse themselves with bloody fights on trashy vacant plots… One of the most vivid staples of the postwar childhood were pigeons. They could be bought, sold or stolen. One day a beautiful white dove appeared over the town. Risking his life, Ivan caught the White. And immediately became the target of the “pigeon” mafia…",
    "genres" : [ {
      "id" : 18,
      "name" : "Drama"
    } ]
  }, {
    "id" : 143139,
    "title" : "The Man Next Door",
    "overview" : "A community is shocked to learn that their new neighbor is a convicted sex offender who has been paroled.",
    "genres" : [ {
      "id" : 27,
      "name" : "Horror"
    } ]
  }, {
    "id" : 143144,
    "title" : "Justice Is Mind",
    "overview" : "In a future where MRI technology can read your mind, the trial of the century soon begins when a defendant faces his own memory for a double murder he doesn't remember committing.",
    "genres" : [ ]
  }, {
    "id" : 143154,
    "title" : "Lakers",
    "overview" : "The 1st Quarter of ??? vs ??? from Staples Centre, Los Angeles",
    "genres" : [ ]
  }, {
    "id" : 143164,
    "title" : "Janis Joplin - Live",
    "overview" : "Janis Joplin - Live With Big Brother and the Holding Company",
    "genres" : [ ]
  }, {
    "id" : 143169,
    "title" : "Envelope",
    "overview" : "Evgeniy's hobby is to send fake letters to real countries. He has collected a letter from every country except New Zealand, and he sends a letter there. Things turn worst when he actually receives a letter from someone there.",
    "genres" : [ ]
  }, {
    "id" : 143184,
    "title" : "The Shipment",
    "overview" : "A mob enforcer is hired to recover a shipment of Viagra gone awry.",
    "genres" : [ ]
  }, {
    "id" : 143194,
    "title" : "The A-Team XXX: A Parody",
    "overview" : "Amy's boyfriend and fellow reporter Mark Gamble has been kidnapped by a drug smuggling biker gang. She seeks out the A-Team, because nobody else can help her.",
    "genres" : [ ]
  }, {
    "id" : 143204,
    "title" : "Frosty The Snowman",
    "overview" : "This short little cartoon is based on the popular song by Jack Rollins and Steve Nelson, first recorded in 1950 by Gene Autry as his followup to Rudolph the Red Nosed Reindeer.",
    "genres" : [ {
      "id" : 16,
      "name" : "Animation"
    }, {
      "id" : 10751,
      "name" : "Family"
    } ]
  }, {
    "id" : 143214,
    "title" : "Jonas Hellborg - Paris",
    "overview" : "In 2001, bassist Jonas Hellborg and guitarist Shawn Lane expanded their touring group to include percussionist V. Selvaganesh and his two brothers, Umashankar (percussion) and Umamahesh (vocals), who stem from one of the most prominent musical families of southern India. Their father, Vikku Vinayakram, was a member of John McLaughlin's pioneering '70s world music group Shakti. The first concert on the European tour of 2001 was at the legendary jazz club New Morning in Paris, France. It was filmed for a documentary on Hellborg made by Daniel Fahri for the European TV channel ARTE. This DVD presents two hours of music (both sets of the concert). It's a great memento documenting the unique talent of the late guitar master Shawn Lane.",
    "genres" : [ ]
  }, {
    "id" : 143219,
    "title" : "A Walk with Kiarostami",
    "overview" : "",
    "genres" : [ ]
  }, {
    "id" : 143224,
    "title" : "I Hate Love",
    "overview" : "A teenager loses his hearing after a terrible accident. Shortly after, he falls in love with a foreign girl living in México. He discovers that being in love makes him hear again.",
    "genres" : [ {
      "id" : 10749,
      "name" : "Romance"
    } ]
  }, {
    "id" : 143229,
    "title" : "Jimi Hendrix - On the Road - Ultimate Experience Live!",
    "overview" : "01. Purple Haze (Blackpool 1967) 02. Hey Joe (Monterey 1967) 03. Wild Thing (Monterey 1967) 04. Johnny B. Goode (Berkeley 1970) 05. Jam At the Back Of The house (Woodstock 1969) 06. Woodstock Improvisation (Woodstock 1969) 07. Land Of The Rising Sun (Rainbow Bridge 1970) 08. In From The Storm (Rainbow Bridge 1970) 09. All Along The Watchtower (Atlanta 1970) 10. Red House (Atlanta 1970) 11. Voodoo Chile (Berkeley 1970)",
    "genres" : [ {
      "id" : 10402,
      "name" : "Music"
    } ]
  }, {
    "id" : 143244,
    "title" : "Arturo's Island",
    "overview" : "Arturo is a teenage boy who lives alone on an island. His mother died when he was born, and his father is always away. From time to time, Arturo's father comes to see him, but only too soon leaves him again. He seems not to appreciate his son at all, but, nevertheless, Arturo adores his father. One day, Arturo's father arrives with his second wife, Nunciata, a seventeen-year-old girl with whom Arturo soon falls in love...",
    "genres" : [ ]
  }, {
    "id" : 143259,
    "title" : "Heaven Shall Burn - Live at Wacken 2007",
    "overview" : "at Wacken open Air",
    "genres" : [ ]
  }, {
    "id" : 143264,
    "title" : "Behemoth: Live at The Netherlands",
    "overview" : "Live at The Netherlands",
    "genres" : [ ]
  }, {
    "id" : 143289,
    "title" : "Rosa Tattooada",
    "overview" : "",
    "genres" : [ ]
  }, {
    "id" : 143299,
    "title" : "The Joyriders",
    "overview" : "A suicidal older man, Gordon Trout, is kidnapped for his car and money by three runaway teenagers who live on the streets. Their experiences together make them a close-knit family, but the nature of the crime committed could tear them apart. The intricacies of these complex relationships are explored through an emotional story with twists and turns.",
    "genres" : [ ]
  }, {
    "id" : 143304,
    "title" : "Lay That Rifle Down",
    "overview" : "Director Charles Lamont's 1955 comedy, about a girl from the sticks doing drudge work at a hotel and dreaming of a better life, stars Judy Canova, Robert Lowery, Jacqueline de Wit, Richard Deacon, Robert Burton, James Bell, Marjorie Bennett, Leon Tyler, William Fawcett and Mimi Gibson.",
    "genres" : [ {
      "id" : 35,
      "name" : "Comedy"
    }, {
      "id" : 10402,
      "name" : "Music"
    } ]
  }, {
    "id" : 143319,
    "title" : "You Got to Move",
    "overview" : "A documentary that follows people from communities in the Southern United States in their various processes of becoming involved in social change.",
    "genres" : [ ]
  }, {
    "id" : 143324,
    "title" : "Big Stakes",
    "overview" : "Chasing a steer across the border a cowboy meets a senorita and stays on making the Mexican Captian jealous. When the Captain plans to have the cowboy killed, the cowboy gets the Captain to agree to a contest between jumping beans. When the cowboy wins he says he will let the senorita decide between the two. But first he rides off to rescue another girl held by the hooded Night Riders and the Captain follows to back him up",
    "genres" : [ {
      "id" : 37,
      "name" : "Western"
    } ]
  }, {
    "id" : 143329,
    "title" : "¡No firmes más letras, cielo!",
    "overview" : "Sabino Grupe, head of accounting at a major insurance company, Elisa's husband, a beautiful fashion model who has had to leave the gateway to the most dangerous jealousy of his consort. In return, he has put Sabino sign letters and letters to exhaust their funds. Until one day he had enough and breaks with the consumer society and everyone.",
    "genres" : [ ]
  }, {
    "id" : 143344,
    "title" : "El truco del manco",
    "overview" : "",
    "genres" : [ {
      "id" : 18,
      "name" : "Drama"
    } ]
  }, {
    "id" : 143369,
    "title" : "The House in Nightmare Park",
    "overview" : "Comedy legend Frankie Howerd stars as the victim of sinister shenanigans in this hilarious spoof of British horror films of the early ‘70s. Starring Hugh Burden and Oscar winner Ray Milland, and written by Terry Nation.  Foster Twelvetrees, a struggling tragedian who scrapes a living by giving hammy performances from the classics, can hardly believe his luck when he’s invited to give a dramatic reading at the country home of a well-off family. Joy soon turns to outraged horror when he discovers dead bodies, foul intentions, lots of snakes and a madwoman in the attic. Can he uncover the hidden family secret before he comes to a sticky end..?",
    "genres" : [ {
      "id" : 35,
      "name" : "Comedy"
    }, {
      "id" : 27,
      "name" : "Horror"
    } ]
  }, {
    "id" : 143374,
    "title" : "Stewart Lee: Carpet Remnant World",
    "overview" : "What can a sexless middle aged married man, whose life now consists mainly of watching Scooby Doo cartoons with a four year old boy, possibly find to write comedy about? Formerly stand-up s youthful iconoclast, Lee now gawps blankly at News 24 as Britain burns down around him, and blinks weirdly at the vast wayside retail outlets during endless journeys to and from increasingly indistinct provincial theatres. Once he lived on the pleasure planet. Now he is trapped in Carpet Remnant World",
    "genres" : [ {
      "id" : 35,
      "name" : "Comedy"
    } ]
  }, {
    "id" : 143384,
    "title" : "Страховой агент",
    "overview" : "",
    "genres" : [ ]
  }, {
    "id" : 143389,
    "title" : "Bhoopadathil Illatha Oridam",
    "overview" : "Life changes for Madhavankutty, a school teacher after he witnesses a theft at a money lender's shop in his village, which has no identity of its own.",
    "genres" : [ {
      "id" : 18,
      "name" : "Drama"
    } ]
  }, {
    "id" : 143394,
    "title" : "The Legacy of the Wanderhure",
    "overview" : "In 1427, Lady Maria Van Arnstein is informed that her beloved husband Michel Van Arnstein was murdered in a battle against the Hussitas. However he was actually betrayed by his ambitious cousin Hettenhein that wants his lands and castle. The Pope's Great Inquisitor Janus Suppertour meets King König Sigismund and tells that he wants Maria for him. Meanwhile Maria does not find blood in Michel's sword and believes that he is alive. She asks to the king for a period to seek out Michel and Sigismund grants ten days to her. She leaves the Hohenstein Castle and heads to the lands of the independent Solkony that are preparing to a war against the Hussitas that want the right of free will to follow the religion they want. Along her journey, Maria will meet leaders and will help to bring peace to Solkony. But her beloved Michel is amnesic and does not recall his previous life with her.",
    "genres" : [ {
      "id" : 36,
      "name" : "History"
    }, {
      "id" : 18,
      "name" : "Drama"
    } ]
  }, {
    "id" : 143409,
    "title" : "Dutch Wife of the Wasteland",
    "overview" : "A wealthy real estate investor receives a film showing the rape and murder of his girlfriend. He hires a private detective, and shows him the film-- which he criticizes for its poor cinematography--- so that the detective can find the criminals and bring them to justice.",
    "genres" : [ {
      "id" : 80,
      "name" : "Crime"
    }, {
      "id" : 18,
      "name" : "Drama"
    } ]
  }, {
    "id" : 143414,
    "title" : "On Valentine's Day",
    "overview" : "Elizabeth defies her wealthy parents by running off and marrying a young man of humble prospects, and her parents have not spoken to her since - even though the couple lives in a rooming house nearby, they are struggling financially, and she is pregnant. The story of unselfish love between a man and a woman and the abiding love within a family, this American classic explores the enduring themes of human existence.",
    "genres" : [ ]
  } ]
}