{
  "movies" : [ {
    "id" : 325434,
    "title" : "Was heißt hier Ende? Der Filmkritiker Michael Althen",
    "overview" : "Documentary about German film critic Michael Althen.",
    "genres" : [ {
      "id" : 99,
      "name" : "Documentary"
    } ]
  }, {
    "id" : 325439,
    "title" : "The Wonders of Aladdin",
    "overview" : "Young Aladdin (Donald O'Connor) has a series of wild adventures after he discovers a magic lamp containing a genie (Vittorio De Sica).",
    "genres" : [ ]
  }, {
    "id" : 325444,
    "title" : "Le diable en ville",
    "overview" : "",
    "genres" : [ {
      "id" : 80,
      "name" : "Crime"
    } ]
  }, {
    "id" : 325449,
    "title" : "Nadziei za dwadziescia zlotych",
    "overview" : "",
    "genres" : [ ]
  }, {
    "id" : 325454,
    "title" : "Odd Noggins",
    "overview" : "The Oddness Begins... What is it about that horror movie on channel 12? Why do so many women in this small town work for the same party entertainment service? What is the significance of their bubble baths? Why so much yogurt? Where did that eyeball come from? Who is Bob?  Odd Noggins is a strange trip into a small town where nothing is quite what it seems to be.",
    "genres" : [ {
      "id" : 878,
      "name" : "Science Fiction"
    }, {
      "id" : 35,
      "name" : "Comedy"
    }, {
      "id" : 27,
      "name" : "Horror"
    } ]
  }, {
    "id" : 325459,
    "title" : "Keiho",
    "overview" : "The psychiatric evaluation of a young actor arrested for a brutal double murder concludes he may be unfit for trial. Further investigation, however, reveals the crime was a well-planned statement against the section of Japan's criminal code granting diminished responsibility to the mentally impaired.",
    "genres" : [ {
      "id" : 18,
      "name" : "Drama"
    }, {
      "id" : 80,
      "name" : "Crime"
    } ]
  }, {
    "id" : 325464,
    "title" : "Fast Curves at Magny Cours",
    "overview" : "Built for formula one cars, Magney Cours makes an interesting playground for historic racecars. The MASTERS SERIES' FESTIVAL at Magny Cours is a showdown in sideways drifts with its three-hour endurance race as the main highlight.",
    "genres" : [ ]
  }, {
    "id" : 325469,
    "title" : "NBA Street Series Vol. 3",
    "overview" : "The NBA brings you more off-the-hook hoops highlights from your favorite NBA stars with STREET SERIES: VOLUME 3. Hosted by platinum recording artist Chingy, this DVD features dazzling ankle breakers, huge dunks, pinpoint passes and ruthless rejections. Watch Shaquille O'Neal and Amare? Stoudemire dominate the paint. Shake 'n bake with LeBron James, Dwyane Wade and Tracy McGrady.",
    "genres" : [ ]
  }, {
    "id" : 325479,
    "title" : "Historic Travel US Around The World In New York",
    "overview" : "One of the first radio stations to undertake broadcasting in the United States was KDKA in Pittsburgh, which announced the results of the 1920 presidential elections. Two years later the number of licensed broadcasting stations had increased to 500, but only 2 million Americans owned radio sets. By 1939 there were 1,465 stations in the United States and four networks.At the start of the 1940s, the number of households owning a radio had more than doubled.",
    "genres" : [ ]
  }, {
    "id" : 325484,
    "title" : "History Of World War II Germany Destroyed",
    "overview" : "Half way through World War II, the United States Army Air Force began its own bombing missions over Germany. While the Royal Air Force relied on the cover of darkness to carry out its aerial raids, the USAAF preferred to attack by daylight, claiming greater accuracy and lesser threat to civilians.",
    "genres" : [ ]
  }, {
    "id" : 325489,
    "title" : "The Nürburgring Factor",
    "overview" : "In the hills of the Eiffel in Germany lays Nordschleife, the longest and most challenging racetrack in the world, and home of the Marathon. This white-knuckle endurance race for GT racecars from the 50s and 60s will leave you on the edge of your seat.",
    "genres" : [ ]
  }, {
    "id" : 325494,
    "title" : "Chasing Shadows",
    "overview" : "...It was time to chase One's shadow back into sunlight.  -Mike Kuchar",
    "genres" : [ ]
  }, {
    "id" : 325499,
    "title" : "The Vivero Letter",
    "overview" : "",
    "genres" : [ ]
  }, {
    "id" : 325504,
    "title" : "Les oeufs de l'autruche",
    "overview" : "",
    "genres" : [ {
      "id" : 35,
      "name" : "Comedy"
    } ]
  }, {
    "id" : 325509,
    "title" : "Two Wives at One Wedding",
    "overview" : "Tom Murray's wedding day takes a turn for the worse when a mysterious woman arrives uninvited and claims to be Tom's wife.",
    "genres" : [ {
      "id" : 18,
      "name" : "Drama"
    }, {
      "id" : 80,
      "name" : "Crime"
    } ]
  }, {
    "id" : 325514,
    "title" : "Honored",
    "overview" : "After the sudden death of her husband Carl in Iraq, Katie has isolated herself from the world. One afternoon, Philip, a soldier who served with Carl, arrives at her house with letters her husband never sent her. A fragile bond forms between the two as they try to understand and cope with the loss.",
    "genres" : [ ]
  }, {
    "id" : 325519,
    "title" : "Baaa",
    "overview" : "Experiments in ovine geometry.",
    "genres" : [ {
      "id" : 16,
      "name" : "Animation"
    } ]
  }, {
    "id" : 325524,
    "title" : "Km. 72",
    "overview" : "The millionaire Diego Verastegui has been murdered at his house, and somebody has taken a valuable briefcase from the safe-deposit box. Dimas -Verastegui's bodyguard- comes back to the house and finds three suspects: Carlos, the millionaire's son, Anna Karina, a sweet girl, and Andres, a bohemian magician. They retell the scenes of the murder from contradictory points of view, each claiming a different version of who committed the crime.",
    "genres" : [ {
      "id" : 80,
      "name" : "Crime"
    }, {
      "id" : 9648,
      "name" : "Mystery"
    }, {
      "id" : 53,
      "name" : "Thriller"
    } ]
  }, {
    "id" : 325534,
    "title" : "Monkey Rag",
    "overview" : "\"Mitzi and Spanko run amok in a colorful world where reason is overrated, featuring the thumping, riotously fun music of the Asylum Street Spankers.\" A beautiful hand-animated short inspired by and done to the song \"Monkey Rag\" by Asylum Street Spankers.  You can find the full short on YouTube at http://youtu.be/HqJQAgBPBSA",
    "genres" : [ {
      "id" : 16,
      "name" : "Animation"
    }, {
      "id" : 10402,
      "name" : "Music"
    }, {
      "id" : 10749,
      "name" : "Romance"
    } ]
  }, {
    "id" : 325539,
    "title" : "Roadmap Genesis",
    "overview" : "“Roadmap Genesis” is a film documentary that makes the case that the Book of Genesis is a roadmap containing guideposts on how to live a productive, fruitful, and fulfilling life that will help our society lift itself out of its current decline and return it to prosperity, promise, and accomplishment.When Filmmaker Nolan Lebovitz found himself at a crossroads in his life, he knew he had to choose between continuing to make the Hollywood suspense thrillers that were his livelihood and trying to make the world a better place for his new young family.",
    "genres" : [ {
      "id" : 99,
      "name" : "Documentary"
    } ]
  }, {
    "id" : 325544,
    "title" : "Patriotism",
    "overview" : "Patriotism, Part One depicts an army of phallic, bun-clad wieners marching on a vulnerable sleeping white male body, naked save for a sheet.",
    "genres" : [ ]
  }, {
    "id" : 325554,
    "title" : "Miss This at Your Peril",
    "overview" : "A story about addiction to the 21st century. A group of eleven come together to try an experimental medication and get the devils out.",
    "genres" : [ {
      "id" : 18,
      "name" : "Drama"
    }, {
      "id" : 35,
      "name" : "Comedy"
    } ]
  }, {
    "id" : 325559,
    "title" : "Fassbinder: Love Without Demands",
    "overview" : "Rainer Werner Fassbinder was probably Germany’s most significant post-war director. His swift and dramatic demise at the early age of 37 in 1982 left behind a vacuum in European filmmaking that has yet to be filled, as well as a body of unique, multi-layered and multifarious work of astonishing consistency and rigour. From 1969 onwards, Danish director and film historian Christian Braad Thomsen maintained a close yet respectfully distanced friendship with Fassbinder. Fassbinder – Lieben ohne zu fordern is based on his personal memories as well as a series of conversations and interviews he held with Fassbinder and his mother Lilo in the 1970s.",
    "genres" : [ {
      "id" : 99,
      "name" : "Documentary"
    } ]
  }, {
    "id" : 325564,
    "title" : "Invasion at Prcevo",
    "overview" : "In a small village of Prchevo in 2006, Montenegrin independence referendum takes place. But in this part of the world, the locals hide American citizen of distant Montenegrin ancestry, in order to make him \"their man\" against Montenegro's independence. USA looks for its citizen through NATO troops, and the air raid on Prchevo is about to begin.",
    "genres" : [ {
      "id" : 35,
      "name" : "Comedy"
    } ]
  }, {
    "id" : 325569,
    "title" : "Don Błachu",
    "overview" : "",
    "genres" : [ {
      "id" : 35,
      "name" : "Comedy"
    }, {
      "id" : 80,
      "name" : "Crime"
    } ]
  }, {
    "id" : 325574,
    "title" : "Das Double",
    "overview" : "",
    "genres" : [ {
      "id" : 18,
      "name" : "Drama"
    } ]
  }, {
    "id" : 325579,
    "title" : "Diamond Ruff",
    "overview" : "Action - Orphan, con artist, crime boss and millionaire, Diamond Ruff has seen it all. In prison for a murder he did not commit, he meets the Reverend Trek Woods, who overwhelms him with kindness, character and faith in god. Falling in love with April, a young woman with terminal illness, Ruff is again challenged to grow and change. Will he be redeemed? There are no easy answers. -  Felicia Pearson, Fredro Starr, Michael Barra",
    "genres" : [ ]
  }, {
    "id" : 325584,
    "title" : "malfunction",
    "overview" : "\"I've no idea what this video is. It crawled out from some dark corner of my computer after evolving from the virtual maggots that feast on rotting film footage.\" Cyriak",
    "genres" : [ {
      "id" : 16,
      "name" : "Animation"
    }, {
      "id" : 10402,
      "name" : "Music"
    } ]
  }, {
    "id" : 325589,
    "title" : "The Blinkins: The Bear and the Blizzard",
    "overview" : "A little girl, Molly, loses her doll, Belinda, in the Blinkin wood and the Blinkins find it and make it their mission to return her to the owner. In the process, Flashy gets kidnapped by Mr Bear and the Blinkins are given a ransom from Mr Bear and Mr Grogg in the form of food from their winter store in exchange for Flashy's safe return.",
    "genres" : [ {
      "id" : 14,
      "name" : "Fantasy"
    }, {
      "id" : 16,
      "name" : "Animation"
    }, {
      "id" : 10751,
      "name" : "Family"
    }, {
      "id" : 10770,
      "name" : "TV Movie"
    } ]
  }, {
    "id" : 325594,
    "title" : "At Dawn They Sleep",
    "overview" : "Via Morbid Vision Films: \"Stephen and Ian are ruthless drug lords who are in the middle of a war with their rival Billy Rae Douglas. One night Stephen and Ian escort two girls home with them whom actually seem to be stranger than they are. The next morning they wake up and the girls are gone and Stephen and Ian are not feeling so well and soon find out their lives have been changed forever.  They  find out that the girls were actually Angels that infected them with a vampire type virus. In exchange for immortality, Stephen and Ian along with the other hordes of Vampires, are to kill off the human race so that the Angels can take back what should have been theirs. The Vampires begin their slaughter until the Demon world steps in to put an end to the Angel's plans, for the Demons are satisfied with the way the three worlds co-exists.\"",
    "genres" : [ ]
  }, {
    "id" : 325599,
    "title" : "Nitro - Hyped",
    "overview" : "",
    "genres" : [ {
      "id" : 10769,
      "name" : "Foreign"
    }, {
      "id" : 28,
      "name" : "Action"
    } ]
  }, {
    "id" : 325604,
    "title" : "Circle",
    "overview" : "A story of a painter",
    "genres" : [ {
      "id" : 18,
      "name" : "Drama"
    } ]
  }, {
    "id" : 325609,
    "title" : "Lisa's New Nightmares",
    "overview" : "Omnibus vehicle for Lisa Cook, featuring monsters, masked home invaders and vampires.",
    "genres" : [ ]
  }, {
    "id" : 325614,
    "title" : "Lisa's Nighmares 4",
    "overview" : "Omnibus vehicle for Lisa Cook in which she recounts to a psychiatrist her horrific dreams involving various perverts and monsters.",
    "genres" : [ ]
  }, {
    "id" : 325619,
    "title" : "Johan Falk: Tyst diplomati",
    "overview" : "When Johan and his colleagues are watching Seth and his gang member Jack, they stumble on a larger case than they expected. Seth is selling arms to terrorists, but without Jack's knowledge, in a car where Johan's old colleague Pernilla mysterious appears. While Johan begin researching what Pernilla and SÄPO is doing, Jack suspects that everything is not right with Seth and that he's working with the police.\r - Written by Movietajm.se",
    "genres" : [ {
      "id" : 80,
      "name" : "Crime"
    }, {
      "id" : 53,
      "name" : "Thriller"
    }, {
      "id" : 28,
      "name" : "Action"
    } ]
  }, {
    "id" : 325624,
    "title" : "A Corny In The UK: The Jim Cornette Documentary",
    "overview" : "It's the wrestling documentary we've all be waiting for! What happens when you take wrestling's most outspoken star, drop him in a foreign country, wire him for video and audio 24/7 and follow him for an entire two weeks in a strange land? Wrestle Talk TV presents Jim Cornette like you've never seen him before live in the UK! From London to Scotland, Manchester to Wales via Birmingham, don't miss this incredible once in a life time release.",
    "genres" : [ ]
  }, {
    "id" : 325629,
    "title" : "liberté, égalité, improvisez!",
    "overview" : "",
    "genres" : [ {
      "id" : 99,
      "name" : "Documentary"
    } ]
  }, {
    "id" : 325634,
    "title" : "Spice Girls: Live at Wembley Stadium",
    "overview" : "The Spice Girls, now a quartet after the departure of Geri Halliwell, held the last concert of their World Tour at Wembley Stadium on Sunday 20th September 1998. Performing in front of 52,000 adoring fans, the event was a fantastic homecoming party for the girls.",
    "genres" : [ {
      "id" : 10402,
      "name" : "Music"
    } ]
  }, {
    "id" : 325644,
    "title" : "Arthur - Die Erfindung eines Königs",
    "overview" : "",
    "genres" : [ {
      "id" : 99,
      "name" : "Documentary"
    } ]
  }, {
    "id" : 325649,
    "title" : "Flirting",
    "overview" : "Legendary writer/television host/film producer Chua Lam produced the 1988 erotic drama Flirting, starring Alex Man, Ng Siu Gong, pink film actress Aoki Yuko, and Maria Yuen. A morality tale about carnal desire and betrayal, Ng stars as Sai, a rural villager who leaves his young wife behind and goes to Hong Kong to find work. He shares an apartment with best friend Choi (Alex Man), a rough womanizer who goes to Thailand and brings home new Thai wife Aoki (Aoki Yuko). As Sai is forced to hear Choi and Aoki having sex next door every night, his own desire escalates to the point where he starts to spy on the newly married couple. When Choi can't even keep down his womanizing ways in the presence of his wife, Aoki goes to Sai for consolation. However, the two are unable to hold their desires any longer, beginning a steamy affair that may lead to fatal consequences.",
    "genres" : [ {
      "id" : 18,
      "name" : "Drama"
    } ]
  }, {
    "id" : 325654,
    "title" : "When Will You Get Married?",
    "overview" : "Dinda is a successful Hotel Manager in Jakarta, but her parents think that she's a failure because she's still single in her 30s. An unacceptable thing for her parents who keeps their traditional culture by heart, where women should have babies in their early 20s. Dinda finally give in by her parents' pressure. She devise a plan to hire an actor, Satrio, to pretend to become her boyfriend for a week. She brings along Satrio to Jogjakarta for her parents' wedding anniversary party. But what it seems as a harmless plan turns into chaos. All Dinda's plan didn't work out as she hope to be. Satrio turns out to be an idealistic and eccentric actor who never follow Dinda's scenario and always has his own act to charm Dinda's parents. Dinda is trying juggling everything in order,but little does she knows that her parents also has their own scenario for Dinda. Hilarity ensues.",
    "genres" : [ {
      "id" : 18,
      "name" : "Drama"
    }, {
      "id" : 10749,
      "name" : "Romance"
    } ]
  }, {
    "id" : 325659,
    "title" : "Días de Poder",
    "overview" : "The film tells the story of Fernando Quintero (Gustavo Camacho), revolutionary leader who, after the fall of the dictatorship of Marcos Perez Jimenez, ascends to power, betraying their ideals to become an accomplice of repression against whom he fought.",
    "genres" : [ {
      "id" : 36,
      "name" : "History"
    }, {
      "id" : 18,
      "name" : "Drama"
    } ]
  }, {
    "id" : 325664,
    "title" : "Mambo Cool",
    "overview" : "White powder, dealers and poseur women in a shady city you hardly get a glimpse of. Not to forget a man who introduces himself as a warrior talking to spirits. Salsa lovers share they love for gorillas, cocaine, sex and massages.",
    "genres" : [ ]
  }, {
    "id" : 325669,
    "title" : "The Dream Children",
    "overview" : "Alex wants to become a father. Steven, his partner, has to confront his insecurities and fear of change after a lifetime smothered by superficiality. Unable to adopt legally, but still eager to become parents, they decide to turn to the black market, adopting a child from a desperate young woman, who's return with a dangerous new boyfriend, threatens to destroy everything they love.",
    "genres" : [ {
      "id" : 18,
      "name" : "Drama"
    } ]
  }, {
    "id" : 325674,
    "title" : "Helmut Lotti - Out Of Africa",
    "overview" : "",
    "genres" : [ ]
  }, {
    "id" : 325679,
    "title" : "De Smet",
    "overview" : "The brothers 'De Smet' created a system to live their lives as singles in the most comfortable way. When a new woman moves into their street, their synergy turns out to be a house of cards.",
    "genres" : [ ]
  }, {
    "id" : 325684,
    "title" : "Der Metzger muß nachsitzen",
    "overview" : "",
    "genres" : [ {
      "id" : 35,
      "name" : "Comedy"
    }, {
      "id" : 80,
      "name" : "Crime"
    } ]
  }, {
    "id" : 325689,
    "title" : "To Beat the Band",
    "overview" : "An eccentric heir must marry a widow in order to collect the millions left to him in his aunt's will, so a suicidal neighbor agrees to marry the man's young fiancée before offing himself.",
    "genres" : [ {
      "id" : 10402,
      "name" : "Music"
    }, {
      "id" : 35,
      "name" : "Comedy"
    } ]
  }, {
    "id" : 325694,
    "title" : "Das Geheimnis von Murk",
    "overview" : "",
    "genres" : [ {
      "id" : 35,
      "name" : "Comedy"
    } ]
  }, {
    "id" : 325699,
    "title" : "Temper",
    "overview" : "Daya, a corrupt police officer, is transferred to Vizag and becomes involved with Walter Vasu, a local crook. When Walter kidnaps Daya's girlfriend, Daya goes to war with Water's criminal empire.",
    "genres" : [ {
      "id" : 28,
      "name" : "Action"
    } ]
  }, {
    "id" : 325704,
    "title" : "PWG: An Inch Longer Than Average",
    "overview" : "1. The Ballard Brothers (Shane &amp; Shannon Ballard) &amp; Top Gun Talwar vs. \"Photogenic\" Chris Bosh, Lil' Cholo, &amp; TJ Perkins  2. Jardi Frantz vs. MDogg 20  3. Disco Machine &amp; Excalibur vs. The X-Foundation (\"Funky\" Billy Kim &amp; Scott Lost)  First Ever Guerrilla Warfare Match  4. Joey Ryan vs. Super Dragon  5. \"Classic\" Colt Cabana vs. \"Scrap Iron\" Adam Pearce  6. CM Punk vs. Samoa Joe  Pro Wrestling Guerrilla World Championship Title Match  7. \"The Future\" Frankie Kazarian (c) vs. \"American Dragon\"  Bryan Danielson",
    "genres" : [ ]
  }, {
    "id" : 325709,
    "title" : "8UPPERS",
    "overview" : "A rag tag group of cleaners unexpectedly 'adopt' a baby and search for the child's mother. Unfortunately, adopting this baby isn't as simple, especially when there's a group of hired assassins wanting to kill the child.",
    "genres" : [ {
      "id" : 28,
      "name" : "Action"
    }, {
      "id" : 18,
      "name" : "Drama"
    } ]
  }, {
    "id" : 325714,
    "title" : "Dirty Paradise",
    "overview" : "The true story of the Wayana people, French Indians of Amazonia who are cursed by living in a region rich in gold. Consequently, the uncontrolled exploitation of this wealth has brought about a severe deterioration of the forest's ecosystem, the irreversible pollution of streams, as well as countless violations of fundamental human rights. This film not only shows the despair of the Amerindians but also their awareness of the problem and how they are trying to cope with their survival. A documentary which gives a human face to a contemporary tragedy which concerns all of us.",
    "genres" : [ {
      "id" : 99,
      "name" : "Documentary"
    } ]
  }, {
    "id" : 325719,
    "title" : "Shelter",
    "overview" : "Netherlands, 1944 - When three wounded British Paratroopers find themselves behind enemy lines, they take shelter in a remote cottage inhabited by a Dutch mother and daughter. What seemed to be a safe hiding place quickly becomes a deadly prison, and the three men not only have to face the German enemy, but also their worst inner demons.",
    "genres" : [ {
      "id" : 10752,
      "name" : "War"
    } ]
  }, {
    "id" : 325724,
    "title" : "Yes, Your Tide is Cold and Dark, Sir",
    "overview" : "In January 2010, CLAY CLAITONOWSKY, a rogue guitar instructor, and three of his teenaged pupils disappeared into the sand dunes of Lewes, Delaware. Thereafter, Clay's estranged son CLIFF makes a pilgrimage to the town, where he forges relationships with his father's acquaintances. As he becomes mired in the unrequited love of his father and an elusive female, the students mysteriously resurface.",
    "genres" : [ ]
  }, {
    "id" : 325729,
    "title" : "Savage Memory",
    "overview" : "Founding father of Anthropology, Bronislaw Malinowski's work raises powerful and disturbing questions today. This is a look at his legacy and the imprints it has made on the generations that followed.",
    "genres" : [ {
      "id" : 99,
      "name" : "Documentary"
    } ]
  }, {
    "id" : 325734,
    "title" : "Gerolstein - Ein Wiedersehen",
    "overview" : "",
    "genres" : [ {
      "id" : 99,
      "name" : "Documentary"
    } ]
  }, {
    "id" : 325744,
    "title" : "All Saints Eve",
    "overview" : "An evil preacher in the late 1700's leads an angry church mob to murder a farmer and his family in order to steal his land. In his dying breath, the farmer incites an evil curse and vows vengeance. One fateful Halloween night, the curse is accidentally unleashed and a group of teenage friends must now fight to stay alive and solve the ancient mystery before the whole town is doomed for eternity.",
    "genres" : [ {
      "id" : 27,
      "name" : "Horror"
    } ]
  }, {
    "id" : 325749,
    "title" : "Giovanni dalle bande nere",
    "overview" : "",
    "genres" : [ {
      "id" : 12,
      "name" : "Adventure"
    } ]
  }, {
    "id" : 325754,
    "title" : "Life Is a Circus",
    "overview" : "Encompassing three hugely popular double acts, The Crazy Gang were one of Britain's best-loved, most enduring variety  troupes – their antics delighting audiences for over three decades from the early 1930s and their career taking in numerous Royal Command performances. Their efforts to save a struggling circus provide the laughs in this uproarious comedy, also starring Goldfinger icon Shirley Eaton and featuring Flanagan and Allen's rendition of their greatest hit, Underneath the Arches.  The Crazy Gang have been jacks-of-all-trades with Joe Winter's Monster Circus for almost as long as Joe has been on the road, and they're still hoping for a big break. But Joe has hit hard times: his equipment is mortgaged, most of his acts have deserted him and even the elephants have walked out. So the Gang set about finding a way to save the circus... and come up with a typically novel solution!",
    "genres" : [ ]
  }, {
    "id" : 325759,
    "title" : "Jasmine",
    "overview" : "Nearly a year after his wife's unsolved murder, Leonard To (Jason Tobin) is still struggling to come to terms with his grief. When a visit to the site of his wife's death leads him to a man he believes is her killer, Leonard decides to take justice in his own hands.",
    "genres" : [ {
      "id" : 53,
      "name" : "Thriller"
    } ]
  }, {
    "id" : 325764,
    "title" : "Per amore di Cesarina",
    "overview" : "",
    "genres" : [ ]
  }, {
    "id" : 325769,
    "title" : "The Debutante Hunters",
    "overview" : "In the Lowcountry of South Carolina a group of true Southern belles reveal their more rugged side, providing a glimpse into what drives them to hunt in the wild.",
    "genres" : [ ]
  }, {
    "id" : 325774,
    "title" : "The Sole of the Foot",
    "overview" : "Borders (and all the politics attending the drawing of borders) exist to keep some people in (citizenship) and others out. This film is an attempt to capture the presence of people otherwise denied the political right to be at home in some place that is their home, where they have their roots, where they have their being.",
    "genres" : [ ]
  }, {
    "id" : 325779,
    "title" : "Walk Tall",
    "overview" : "No sponsorship, one kidney, tuberculosis, a broken back. All set for the London Olympics, 1948.",
    "genres" : [ {
      "id" : 99,
      "name" : "Documentary"
    } ]
  }, {
    "id" : 325784,
    "title" : "Bronx 79",
    "overview" : "Bronx 79 will provide the definitive history of the birth of hip-hop culture – the largest and most impactful youth movement of the past 40 years. Employing first-person interviews of the people that were there at the beginning, original footage and photographs of that era, and unique recreations through stylized animation and live-action we will finally see the untold story of the pioneers, the fans and the world of the South Bronx in 1979.",
    "genres" : [ ]
  }, {
    "id" : 325789,
    "title" : "The Infiltrator",
    "overview" : "A U.S Customs official uncovers a massive money laundering scheme involving Pablo Escobar.",
    "genres" : [ {
      "id" : 80,
      "name" : "Crime"
    }, {
      "id" : 18,
      "name" : "Drama"
    }, {
      "id" : 53,
      "name" : "Thriller"
    } ]
  }, {
    "id" : 325794,
    "title" : "A Swelled Head",
    "overview" : "A man inherits an old house in a very bad condition. With the help of a young mechanic, he begins to renovate this house.",
    "genres" : [ {
      "id" : 35,
      "name" : "Comedy"
    } ]
  }, {
    "id" : 325799,
    "title" : "A Woman in White",
    "overview" : "Claude Sauvage, a tenacious young gynecologist takes a months long internship in a Paris hospital. Between her private life and medical career, she set her doubts and desires in a society where the square and the plight of women remain at that time a secondary issue. The film follows Claude and the staff through the case of some patients while the crucial debate on women's professional ambition, contraception and abortion rights.",
    "genres" : [ {
      "id" : 18,
      "name" : "Drama"
    } ]
  }, {
    "id" : 325804,
    "title" : "Inventiamo l'amore",
    "overview" : "",
    "genres" : [ ]
  }, {
    "id" : 325809,
    "title" : "Amore e chiacchiere",
    "overview" : "Maria and Paul love them, but they are very young and, moreover, Maria is the daughter of the municipal sweeper while Paul is the lawyer Bonelli, vice mayor and head of the opposition. To complicate the story there is the reconstruction of a hermitage destroyed during the war. Reconstruction would take the view of the Paseroni villa, big industrial and political traffic. Bonelli's lawyer, a great speaker, becomes a mayor for the death of his predecessor and is bought by Paseroni, while rejecting the love of Paul and Mary for social differences and why Paul should stay behind Doddy Paseroni. At this point, Paul and Mary flee to kill, just as Bonelli has to hold a talk on the radio for the inauguration of Paseroni's villa ...",
    "genres" : [ {
      "id" : 18,
      "name" : "Drama"
    }, {
      "id" : 35,
      "name" : "Comedy"
    } ]
  }, {
    "id" : 325819,
    "title" : "Footsteps",
    "overview" : "Short documentary revealing how the sound effects were created for Maddin's film \"Brand Upon the Brain\".",
    "genres" : [ {
      "id" : 99,
      "name" : "Documentary"
    } ]
  }, {
    "id" : 325824,
    "title" : "Scents and Nonsense",
    "overview" : "It's a fairly straightforward piece in which Krazy gets involved with a dance contest, a bear, a skunk and a pawnbroker.",
    "genres" : [ {
      "id" : 35,
      "name" : "Comedy"
    }, {
      "id" : 16,
      "name" : "Animation"
    } ]
  }, {
    "id" : 325829,
    "title" : "Fireman Save My Child",
    "overview" : "Mutt and Jeff own and operate their own firehouse. Mutt believes where there's smoke, there's fire, which gets them into an early scrape. But they are called to an actual fire of a several storied residential building. A frantic woman asks them to save her baby who is located on the top floor of the burning building. Their first problem is how to get up to the top floor, which Jeff inadvertently figures out how to do. But other distractions plus trying to find the baby through the thick smoke may be obstacles in achieving their mission. But something that the woman doesn't tell them may be the biggest hurdle.",
    "genres" : [ ]
  }, {
    "id" : 325834,
    "title" : "Regilaul - Songs of the Ancient Sea",
    "overview" : "On the shores of the Gulf of Finland, the ancient Finno-Ugric peoples originated a singing tradition of mysterious power called the Regilaul. These songs are the roots of Estonia’s renowned singing culture. Based on the continuous repetition of eight-syllable verses, they produce a haunting sound able to connect the fleeting present with the eternal circle of life. Against the stunning setting of modern Estonia, this film explores how Regi songs still fire the imagination today, weaving together people and nature through song.",
    "genres" : [ {
      "id" : 10402,
      "name" : "Music"
    }, {
      "id" : 99,
      "name" : "Documentary"
    } ]
  }, {
    "id" : 325839,
    "title" : "Mayores con reparos",
    "overview" : "",
    "genres" : [ ]
  }, {
    "id" : 325844,
    "title" : "Les Profs 2",
    "overview" : "",
    "genres" : [ {
      "id" : 35,
      "name" : "Comedy"
    } ]
  }, {
    "id" : 325849,
    "title" : "El halcón de Castilla",
    "overview" : "",
    "genres" : [ ]
  }, {
    "id" : 325854,
    "title" : "Kung Fu Panda: Legends of Awesomeness 1 : The Scorpion Sting",
    "overview" : "",
    "genres" : [ {
      "id" : 12,
      "name" : "Adventure"
    }, {
      "id" : 16,
      "name" : "Animation"
    }, {
      "id" : 28,
      "name" : "Action"
    } ]
  }, {
    "id" : 325859,
    "title" : "Ich liebe das Leben",
    "overview" : "",
    "genres" : [ {
      "id" : 18,
      "name" : "Drama"
    } ]
  }, {
    "id" : 325879,
    "title" : "Death Of A Tree",
    "overview" : "Divorced and now chaste, devout Catholic James tries to live a holy life to please God, but suddenly falls victim to seduction by a much younger woman.",
    "genres" : [ ]
  }, {
    "id" : 325889,
    "title" : "Garam Masala",
    "overview" : "Lusty womanizer, army Captain Kishore, wants a gypsy dancer for himself, and is ready to kill anyone who tries to get in the way. But his plans are foiled when the woman kills herself, leaving behind an injured father, the head of the gypsies, and a younger sister by the name of Jugnu. Jugnu swears to avenge her sister's death, and seeks training from Robert Taylor, and becomes an expert in weapons and fist-fighting. She assumes the guise of a masked male and calls herself \"Garam Masala\", and inflicts terror in Captain Kishore's life and army. Garam Masala's attempts to kill Kishore are foiled when she is captured. She is rescued by a mysterious masked male, who disappears into the night. Kishore is clearly baffled by the appearance of two masked men, and asks his men to search high and low for them. In the meantime, Kishore returns to his kingdom, which has it's King missing for several years, and the prince - a puppet in the hands of Kishore and his men.",
    "genres" : [ ]
  }, {
    "id" : 325894,
    "title" : "Man Ka Meet",
    "overview" : "Bollywood 1969",
    "genres" : [ ]
  }, {
    "id" : 325899,
    "title" : "Shaqami Dr Qassimlu",
    "overview" : "After nearly getting caught by the dreaded \"Bat Guards\" for placing political posters, Hawar meets the lovely Hiro, a young girl who offers him shelter and helps him hide from the brutal secret police. In Hiro, Hawar finds a kindred spirit that like himself yearns for freedom and self-expression under a suppressive regime. Hiro's brother Shooresh supports Hawaar's underground activities and is sympathetic to Hawaar's feelings for his sister. But Hiro's cousin Houmayoun is also courting Hiro. He has long set his eye on the girl, and his dubious loyalties and secret dealings with the government put the three others, and all they aspire to, at risk. They set out to flee to neighboring Turkey, but the journey puts them in even more danger than they were in before.",
    "genres" : [ ]
  }, {
    "id" : 325904,
    "title" : "Im Zeichen des Kreuzes",
    "overview" : "",
    "genres" : [ {
      "id" : 18,
      "name" : "Drama"
    }, {
      "id" : 878,
      "name" : "Science Fiction"
    } ]
  }, {
    "id" : 325909,
    "title" : "The Encounter",
    "overview" : "A young man is dealing with his coming of age and his abusive step-dad when a crash landing changes his future. He finds that 'aliens' aren't really what he thought they were. The Encounter presents a different explanation of close encounters.",
    "genres" : [ ]
  }, {
    "id" : 325914,
    "title" : "Intricate Minds: Understanding Classmates with Asperger Syndrome",
    "overview" : "Candid interviews with teenagers who have Asperger Syndrome designed to promote positive interactions between classmates and reduce harassment and bullying.",
    "genres" : [ ]
  }, {
    "id" : 325919,
    "title" : "Popa Wu: A 5% Story",
    "overview" : "An adventure into the mind of Popa Wu, the patriarch of the world renown rap group Wu Tang Clan. Popa Wu is also a prominent member of the 5% Nation; a nation of people who teach that man is God. The 5% Nation is hardly known throughout the world, yet it has greatly affected the world by injecting supreme knowledge into the lyrics of Hip Hop and contributing to the lexicon of today's urban youth culture.",
    "genres" : [ ]
  }, {
    "id" : 325924,
    "title" : "Tchaikovsky, Symphony No. 4 - Valery Gergiev, Mariinsky Theater Orchestra",
    "overview" : "Valery Gergiev starts recording Tchaikovsky's symphonies with the Mariinsky Theatre Orchestra. Tchaikovsky composes the Fifth ten years after the Fourth. He spends five years afterwards composing the last work of this symphonic epopee, the Sixth, also known as \"Pathetic\". His last three symphonies are considered united by a common idea, the one of the man in front of his destiny.",
    "genres" : [ ]
  }, {
    "id" : 325929,
    "title" : "Divine Unrest",
    "overview" : "Freelance graphic designer Fin Griffen has moved to San Francisco from Wisconsin looking for work. When he is unable to find a job and after his girlfriend kicks him out of her house for catching him with another woman he finds himself sleeping on the couch of an old friend's place. There is a murderer loose in the city and when Fin hears there is a reward for any information leading to the arrest of the masked killer he starts looking for him. During his search for clues Fin soon realizes that there is something not quite right. Losing sight of reality, he is left to battle the guilt and memories of his past and survive in this strange world he has entered.",
    "genres" : [ ]
  }, {
    "id" : 325934,
    "title" : "Iwo Jima: Memories in Sand",
    "overview" : "In 1945, thousands of U.S. Marines entered one of the deadliest battles of modern warfare. Fifty years later, survivors returned to honor their collective past. Iwo Jima: Memories in Sand is a powerful, lyrical encounter with survivors who reveal how such experiences forever changed their lives and caused them to reflect deeply and thoughtfully about war.",
    "genres" : [ ]
  }, {
    "id" : 325939,
    "title" : "The Illness and the Odyssey",
    "overview" : "A cure for Alzheimer's. A Nobel Prize. On one remote island, a high stakes battle to solve a medical mystery unfolds. The Illness and the Odyssey gives us an up-close look at the scientific process in the making as we observe internationally acclaimed scientists battling each other to find the cause of a mysterious disease found on Guam - Lytico-Bodig. If the answer is found it may lead to finding the cause and cure of Alzheimer's, Parkinson's and Lou Gehrig's Disease. The film features renowned author and neurologist Dr. Oliver Sacks.",
    "genres" : [ ]
  }, {
    "id" : 325944,
    "title" : "Glory",
    "overview" : "The raw material for this tape originated in a performance where I acted as both animator and controller of 100 surrogate performers who were locked in a kind of Blitzkreig on a large table in a small room. The cut-out images were drawn from past and present historical moments, famous politicians, heroes and heroines.",
    "genres" : [ ]
  }, {
    "id" : 325949,
    "title" : "Hackney's Finest",
    "overview" : "A small-time drug-dealer gets into big trouble when a corrupt East London cop tries to steal a consignment meant for Welsh-Jamaican Yardies.",
    "genres" : [ {
      "id" : 80,
      "name" : "Crime"
    }, {
      "id" : 28,
      "name" : "Action"
    }, {
      "id" : 35,
      "name" : "Comedy"
    } ]
  }, {
    "id" : 325954,
    "title" : "Getting Mary Married",
    "overview" : "Early feature from American cinema pioneer Allan Dwan, starring Marion Davies",
    "genres" : [ {
      "id" : 35,
      "name" : "Comedy"
    } ]
  }, {
    "id" : 325964,
    "title" : "Jim Cornette Managing and Booking Seminar",
    "overview" : "Jim covers topics such as What are the best characteristics for a really great manager?, Ways of getting yourself and your opponent over, What to take and not to take from UFC, Modern day WWE booking dissected , The use of social media within wrestling today, How to get into the wrestling business today, And much more…",
    "genres" : [ ]
  }, {
    "id" : 325969,
    "title" : "The mysteries of Barcelona",
    "overview" : "Folletinescas adventure series, adapted from the novel \"Barcelona and its mysteries\" of Antoni Altadill. Is divided into 8 sessions: 1. Barcelona and its mysteries 2. The smuggler boat 3. The legacy of six million 4. The Counterfeiters 5. Shine 6. The will of a dying 7. The return of an inmate in August. Death of Diego Rocafort.",
    "genres" : [ ]
  }, {
    "id" : 325974,
    "title" : "10 Things Every Golfer Should Know",
    "overview" : "EG Sports will show golfers the fastest way to the green with the DVD release of 10 Things Every Golfer Should Know.  In their follow up to 2006’s EXPLOSIVE GOLF, esteemed golf pros Michael Jacobs and Brian Manzella reveal the secrets to an amazing drive and a smart short game. Secrets that, until now, have only been available to PGA and LPGA professionals!  10 Things Every Golfer Should Know will help golfers meet their full potential through ten easy-to-learn steps. Amateurs of all levels can gain the knowledge of confidence of professionals. In this DVD, Jacobs and Manzella perfect the cutting edge teaching style they demonstrated in EXPLOSIVE GOLF, which famed golf instructor Ben Doyle called “a great tool for learning!”",
    "genres" : [ ]
  }, {
    "id" : 325979,
    "title" : "Caddy for Life",
    "overview" : "\"Caddy for Life,\" Retrace the magical &amp; tragic story of caddy Bruce Edwards, from his introduction to Tom Watson that sparked a lifelong friendship &amp; major championship, to his diagnosis and battle with ALS.",
    "genres" : [ ]
  }, {
    "id" : 325984,
    "title" : "Eyes of a Beauty",
    "overview" : "An aging opera singer facing retirement and a divorce. An energetic young woman seeking to escape her mundane life with her boyfriend. A young teacher obsessed with a new and rebellious student from Shanghai. All of them have one thing in common: their lives are intertwined with Xi Shi's, one of ancient China's legendary beauties.",
    "genres" : [ {
      "id" : 18,
      "name" : "Drama"
    } ]
  } ]
}