{
  "movies" : [ {
    "id" : 324869,
    "title" : "Ernst bobbie En de Rest Een Spannende Vakantie",
    "overview" : "",
    "genres" : [ ]
  }, {
    "id" : 324874,
    "title" : "Sprookjes Van Klaas Vaak Deel 2",
    "overview" : "",
    "genres" : [ ]
  }, {
    "id" : 324879,
    "title" : "The Doll House Vol. 8",
    "overview" : "Back by popular demand! There's nothing like perfection, and these girls are absolutely flawless. Laura crystal and Gia DiMarco lead this cast of model-perfect beauties who love to fuck! Silky smooth clear skin, gorgeous faces, pretty pink nipples on tantalizing tits, and mouth-watering pussies and asses will make you feel like you're scoring the hottest women in the world! Who says doll-perfect girls are out of your league. Come inside The Doll House!",
    "genres" : [ ]
  }, {
    "id" : 324889,
    "title" : "Het Zandkasteel Sinterklaas Special",
    "overview" : "",
    "genres" : [ ]
  }, {
    "id" : 324894,
    "title" : "Mega Mindy - De Kriminalski Broers",
    "overview" : "",
    "genres" : [ ]
  }, {
    "id" : 324899,
    "title" : "Mega Mindy - Opa Boef",
    "overview" : "",
    "genres" : [ ]
  }, {
    "id" : 324904,
    "title" : "9 Waves",
    "overview" : "'9 waves' is an independent film, produced almost entirely by crowdfunding, approaching the issue of identity in the contemporary world. It tells the story of a man (played by Dario Merlini) who forgets his memories by drinking water from a fountain at the border between Galicia and Portugal. Thus begins a journey that will take him to iconic sites - Couto Mixto, Antela, Ourense-, to engage with different stories and special situations, before finding his way towards his real identity.",
    "genres" : [ {
      "id" : 18,
      "name" : "Drama"
    } ]
  }, {
    "id" : 324914,
    "title" : "Kabouter Plop - De Goede Daden Dag",
    "overview" : "",
    "genres" : [ ]
  }, {
    "id" : 324919,
    "title" : "Gettysburg - An American Story",
    "overview" : "The 1st Minnesota Volunteer Infantry Regiment fought bravely and gallantly during the Civil War. Their regiment was the first to sign up for the Union army and arrived at Gettysburg with less than 300 survivors. Many more would sacrifice their lives there as the men of the 1st Minnesota were twice at the center of a battle that decided America?s future. As the US commemorates the 150 year anniversary of Gettysburg, HUSH follows their journey from 1861 to 1865, through the milestones of the Civil War into the deciding battles of the historic conflict, and asks: What was the war really all about? What role did slavery and civil rights play in the conflict? What did the brave men and women fight for, and why is it still relevant to American politics and society today.",
    "genres" : [ ]
  }, {
    "id" : 324924,
    "title" : "Kabouter Plop - De Witte Kabouter",
    "overview" : "",
    "genres" : [ {
      "id" : 10751,
      "name" : "Family"
    } ]
  }, {
    "id" : 324934,
    "title" : "San Bernardino, California",
    "overview" : "San Bernardino has a long history as a railroad town. It's been a home to the Santa Fe, now the BNSF railway since the 1800's. Their \"A\" and \"B\" yards provide plenty of action. We'll view Amtrak's Southwest Chief at Rana and catch 4-8-4 #3571 at the San Bernardino 2011 and 2014 Railroad Days.",
    "genres" : [ ]
  }, {
    "id" : 324939,
    "title" : "Kabouter Plop - Kabouterfeest",
    "overview" : "",
    "genres" : [ ]
  }, {
    "id" : 324944,
    "title" : "Kabouter Plop - Klus Drummer",
    "overview" : "",
    "genres" : [ ]
  }, {
    "id" : 324949,
    "title" : "Warren Miller's Winter Fever",
    "overview" : "Feeling sick this winter, well don't worry we have the perfect cure for you ailment, Warren Miller's Winter Fever. Follow along as some of the best skiers of the time like Junior Bounous, Suzie Patterson, Penelope Street, and Scotty Brooksbank show you some of the most classic and purest techniques from the early stages of extreme skiing. Travel all around and visit places like New Mexico, Crested Butte, Snowbasin, Mt. Baker, Wisconsin, Lake Placid, and Canada. If you start to feel a little hot and bothered after this movie don't worry, you just got a little case of Winter Fever.",
    "genres" : [ ]
  }, {
    "id" : 324959,
    "title" : "Incidental",
    "overview" : "A husband and wife, who both have PTSD (one from Vietnam, the other from the Gulf), must deal with financial hardship and Bureaucratic insensitivity in addition to the disease itself.",
    "genres" : [ ]
  }, {
    "id" : 324969,
    "title" : "The Light of the World",
    "overview" : "This 78-minute film takes you on an unforgettable journey, showing the biblical account of the creation of man and the entrance of sin into the world. See why Jesus Christ came to earth and how He dealt with the sin issue once and for all. Follow the Lord's life, from His miraculous birth to His agonizing crucifixion and glorious resurrection. Viewers will suddenly realize the horrible price Christ paid for their sins, and understand why He is the only way to heaven.",
    "genres" : [ ]
  }, {
    "id" : 324974,
    "title" : "XY, drôle de conception",
    "overview" : "Single man, , Eric Fleury runs the 'wooden toys' family company which is closed to bankruptcy and is about to be taken over by the Group Romance. Eric loses control of the company and his CEO position. But he s asked by Sandrine Rey, head of the Romance Group, who offers him a deal : She s willing to have a kid but she does not have the time nor the wish for a relationship.Therefore, she will marry and divorce Eric right after the birth of the child. In exchange, Eric will remain CEO and possibly will have the chance to have his company back !",
    "genres" : [ ]
  }, {
    "id" : 324979,
    "title" : "Snow, Man",
    "overview" : "Snowboarding, travel, guys having fun...a road-trip across the Czech Republic. This is grass roots snowboarding, including the bruises, breaks &amp; hangovers. Made by shredders who're also commercial directors -- it's fast, smart, beautifully shot &amp; cool.",
    "genres" : [ ]
  }, {
    "id" : 324984,
    "title" : "Samson & Gert Deel 8",
    "overview" : "",
    "genres" : [ ]
  }, {
    "id" : 324989,
    "title" : "Samson & Gert Deel 9",
    "overview" : "",
    "genres" : [ ]
  }, {
    "id" : 324994,
    "title" : "Prophets of Doom",
    "overview" : "Contemporary prophets have begun to emerge to suggest that today's problems might be signs of the demise of the modern world. They are historians as well, using all information and patterns from the past to provide context for where we are going.",
    "genres" : [ ]
  }, {
    "id" : 324999,
    "title" : "Samson & Gert Deel 13",
    "overview" : "",
    "genres" : [ ]
  }, {
    "id" : 325004,
    "title" : "Every Day Is Like Sunday",
    "overview" : "As we wait to see whether Rupert Murdoch will fall from power and lose control of News International, Every Day is Like Sunday tells the forgotten story of the dramatic downfall of Cecil King—the newspaper mogul who used to dominate British media in the 1960s, before Rupert Murdoch arrived.",
    "genres" : [ {
      "id" : 99,
      "name" : "Documentary"
    } ]
  }, {
    "id" : 325009,
    "title" : "Ana de los Angeles",
    "overview" : "A 17th century biography of Ana de los Angeles Monteagudo, an outstanding nun of the Monastery of Santa Catalina, in Arequipa, Peru. A story about a mystical character that reformed life in the monastery while living a life full of loyalty to her convictions and ideals.",
    "genres" : [ ]
  }, {
    "id" : 325014,
    "title" : "Marry the Boss's Daughter",
    "overview" : "Young man from Kansas goes to New York to work for his tycoon-hero. His superiors won't listen to his ideas about business, but the boss and his daughter do.",
    "genres" : [ {
      "id" : 35,
      "name" : "Comedy"
    } ]
  }, {
    "id" : 325019,
    "title" : "NJPW The New Beginning in Osaka",
    "overview" : "1. Sho Tanaka vs. Yohei Komatsu  2. Manabu Nakanishi &amp; Captain New Japan vs. Tiger Mask #4 &amp; Máscara Dorada  3. Rob Conway &amp; Chase Owens vs. Hiroyoshi Tenzan &amp; Jushin Thunder Liger  4. Kota Ibushi vs. Tomoaki Honma  5. 3-Way Match - IWGP Junior Heavyweight Tag Team Titles Match:  Time Splitters (KUSHIDA &amp; Alex Shelley) vs. reDRagon (Kyle O'Reilly &amp; Bobby Fish) (c) vs. Young Bucks (Nick Jackson &amp;Matt Jackson)  6. IWGP Junior Heavyweight Title Match: Kenny Omega (c) vs. Ryusuke Taguchi  7. Special Match: BULLET CLUB (Bad Luck Fale, Yujiro Takahashi &amp; Tama Tonga) vs. Kazuchika Okada, Toru Yano &amp; Kazushi Sakuraba  8. Special Match: Yuji Nagata, Satoshi Kojima &amp; Tetsuya Naito vs. CHAOS (Shinsuke Nakamura, Tomohiro Ishii &amp; YOSHI-HASHI)  9. IWGP Tag Team Titles Match: BULLET CLUB (Karl Anderson &amp; Doc Gallows) vs. Hirooki Goto &amp; Katsuyori Shibata (c)  10. IWGP Heavyweight Title Match: AJ Styles vs. Hiroshi Tanahashi (c)",
    "genres" : [ ]
  }, {
    "id" : 325024,
    "title" : "The Letter V",
    "overview" : "Louis C.K. recruited his Conan and Dana Carvey Show cohort Robert Smigel to star in another Sunny Skies segment, with Smigel playing the host of a Sesame Street-esque childrens’ show host pushed to his limits.",
    "genres" : [ ]
  }, {
    "id" : 325029,
    "title" : "The Legend of Willie Brown",
    "overview" : "Another genre exercise, this one sees Louis C.K. parodying jazz mockumentaries.",
    "genres" : [ ]
  }, {
    "id" : 325034,
    "title" : "Brunch",
    "overview" : "Louis C.K. wrote this one with Rick Shapiro, who stars as a neurotic Jewish mother. It’s easily the raunchiest of C.K.’s early films. As one astute YouTube commenter point out, “This video taught me that Marc Maron looks﻿ like Rick Shapiro with lipstick and a wig.”",
    "genres" : [ ]
  }, {
    "id" : 325039,
    "title" : "Lady of Csejte",
    "overview" : "Based on a story of Countess Bathory, a serial killer in 16th century Transylvania who supposedly killed hundreds of children.",
    "genres" : [ {
      "id" : 18,
      "name" : "Drama"
    }, {
      "id" : 53,
      "name" : "Thriller"
    }, {
      "id" : 27,
      "name" : "Horror"
    } ]
  }, {
    "id" : 325044,
    "title" : "The Man Who Would Not Die",
    "overview" : "A boat captain in the Caribbean becomes part of a bond theft/murder cover up.",
    "genres" : [ {
      "id" : 9648,
      "name" : "Mystery"
    } ]
  }, {
    "id" : 325049,
    "title" : "B For Bonnie",
    "overview" : "Jonni dedicates the entire movie to showcasing his exotically tattooed star in diverse pornographic situations. Gavin Kane's scrotum bumps her nose as she deep-throats, and face fuck slobber cakes Bonnie's eyes closed. The stud creams her face, kisses her mouth and immediately delivers a second cum facial. A dominant DP by Ramon Nomar and Toni Ribas leaves Bonnie delirious and quivering as she ejaculates multiple geysers of girl squirt her cum waves blast the camera lens. Latina sex kitten Vicki Chase, hard-bodied slut Amber Rayne and Bonnie share a slobber-soaked lesbian threesome; two double-headed dildoes link Amber and Vicki via cunts and buttholes. Muscular Mick Blue, Jordan Ash and John Strong stuff Bonnie's three holes in a rough triple-penetration. The studs slap/mash tits, pull hair and stuff two cocks up her cunt at once; her bunghole gapes and prolapses! Throughout the movie, Bonnie's genuine carnal excitement is as obvious as her torrential girl cum drenchings.",
    "genres" : [ ]
  }, {
    "id" : 325054,
    "title" : "The Globe Collector",
    "overview" : "Documentary into the incredible world of a light globe collector, a world where a passion for electronics is all-consuming and a diagnosis of Asperger's syndrome is nothing more than a label.",
    "genres" : [ {
      "id" : 99,
      "name" : "Documentary"
    } ]
  }, {
    "id" : 325064,
    "title" : "A Bride of Death",
    "overview" : "An intense melodrama in which a bride poisons her groom, and then kills herself to be joined again in death.",
    "genres" : [ {
      "id" : 80,
      "name" : "Crime"
    }, {
      "id" : 18,
      "name" : "Drama"
    } ]
  }, {
    "id" : 325069,
    "title" : "Buurman & Buurman Deel 4",
    "overview" : "",
    "genres" : [ {
      "id" : 16,
      "name" : "Animation"
    } ]
  }, {
    "id" : 325074,
    "title" : "Buurman & Buurman Deel 7",
    "overview" : "",
    "genres" : [ {
      "id" : 16,
      "name" : "Animation"
    } ]
  }, {
    "id" : 325079,
    "title" : "Lost in a Sandstorm",
    "overview" : "Lost in a Sandstorm",
    "genres" : [ {
      "id" : 10751,
      "name" : "Family"
    } ]
  }, {
    "id" : 325084,
    "title" : "Wanja",
    "overview" : "The former bank robber Wanja is released from a long prison sentence. As her feelings of loneliness escalate, Wanja sets out to find work and hereby a new identity. Against all odds she lands an internship at a horse race track. In the stable she gets to know the troubled teenager Emma, and a strong friendship develops between the two women. When Emma slips deeper into her own drug abuse, Wanja decides to rescue her.",
    "genres" : [ {
      "id" : 18,
      "name" : "Drama"
    } ]
  }, {
    "id" : 325089,
    "title" : "The Doll House Vol. 7",
    "overview" : "Back by popular demand and fueled by critical acclaim, the ZT Dolls are back in the house! Bend and shape these anatomically-perfect dolls and fuck them exactly the way you want! They've got flawless faces, perky pink nipples, tight little twats, long luscious legs and round puckered asses just waiting to be spread and fed! And the best thing about these picture perfect dolls? They get wet and wild on demand! So give these dick-loving dollies the pounding they crave and stuff their toyboxes full of cock!",
    "genres" : [ ]
  }, {
    "id" : 325094,
    "title" : "Mugila Mallige",
    "overview" : "Mugila Mallige (1985) starring Srinath, Saritha, Ashok, Ramakrishna, Pavithra, Shivaram, Rama Hariharan, Jayashree, Baby Lakshmi, Master Senthil, Baby Seetha and others. Directed by K Balachandar. Music by V S Narasimhan, Lyrics by R N Jayagopal. Saritha won Best Actress Filmfare South Awards in 1985 for this movie.",
    "genres" : [ {
      "id" : 10749,
      "name" : "Romance"
    }, {
      "id" : 10751,
      "name" : "Family"
    }, {
      "id" : 18,
      "name" : "Drama"
    } ]
  }, {
    "id" : 325099,
    "title" : "Et par Ici la Sortie",
    "overview" : "",
    "genres" : [ ]
  }, {
    "id" : 325104,
    "title" : "Αδούλωτοι Σκλάβοι",
    "overview" : "",
    "genres" : [ ]
  }, {
    "id" : 325109,
    "title" : "Gimme Gimme",
    "overview" : "Lobo and Skid are very close friends. They study in the same class and often play in a band and play skateboards with their classmates. Soda, one of their classmates, has many girlfriends concurrently, and Suki is his closest girlfriend. Fion is another classmate. She is addicted to chat in phone with friends and strangers every day. She always thinks she will find a true love from playing line.",
    "genres" : [ {
      "id" : 10749,
      "name" : "Romance"
    }, {
      "id" : 18,
      "name" : "Drama"
    } ]
  }, {
    "id" : 325119,
    "title" : "This is when we met",
    "overview" : "Robbie an Mary live out an entire relationship in three minutes.",
    "genres" : [ ]
  }, {
    "id" : 325124,
    "title" : "Aerobics: A Love Story",
    "overview" : "Maria is mentally challenged and lives with her overprotective sister Helen. Maria falls in love with a man, Janne. A marvelous and odd story about forbidden love by award winning Director Anders Rune, shot in the suburbs of Stockholm, Sweden.",
    "genres" : [ ]
  }, {
    "id" : 325129,
    "title" : "Puaka Balai Gombak",
    "overview" : "After failing to discover supernatural beings and spirits in famous haunted locations that are known for their local horror stories, a group of paranormal researchers gives up on the existence of such spiritual beings, until they discover an abandoned police station in Gombak.",
    "genres" : [ {
      "id" : 27,
      "name" : "Horror"
    } ]
  }, {
    "id" : 325134,
    "title" : "Cute and Dangerous",
    "overview" : "Directed by  Özcan Deniz.",
    "genres" : [ {
      "id" : 10749,
      "name" : "Romance"
    }, {
      "id" : 35,
      "name" : "Comedy"
    } ]
  }, {
    "id" : 325139,
    "title" : "The Departure",
    "overview" : "Gillian Anderson resumes her role as Blanche DuBois in a prequel to Tennessee Williams's A Streetcar Named Desire, inspired by the Young Vic theatre's acclaimed production in 2014.",
    "genres" : [ {
      "id" : 18,
      "name" : "Drama"
    } ]
  }, {
    "id" : 325144,
    "title" : "A Trace",
    "overview" : "Marcin Latałło's acclaimed 1996 film about his father, the lead actor in Illumination, Stanislaw Latałło.",
    "genres" : [ ]
  }, {
    "id" : 325149,
    "title" : "O’ Lucky Day",
    "overview" : "A man attempts to pass himself off as a real leprechaun.",
    "genres" : [ ]
  }, {
    "id" : 325154,
    "title" : "Picnic",
    "overview" : "A short by Curtis Harrington",
    "genres" : [ ]
  }, {
    "id" : 325159,
    "title" : "The Nation's Health",
    "overview" : "Channel 4 was barely a year old when G F Newman's searing drama about the NHS debuted. A commission from Euston Films, produced by the legendary Verity Lambert, The Nation's Health cemented the channel's reputation for hard hitting drama, particularly at a time when Thatcher's government was sharpening its knives ready to butcher the welfare state amidst her own drive to reverse what she saw as a national decline. There is no doubt she inherited a UK dubbed 'the sick man of Europe', crippled by high inflation, high unemployment and stagnant growth. The NHS was caught up in her desire to deregulate the finance sectors and labour markets and flog state owned assets and companies.",
    "genres" : [ ]
  }, {
    "id" : 325164,
    "title" : "The Brain Hack",
    "overview" : "A metaphysical thriller for the digital generation.",
    "genres" : [ ]
  }, {
    "id" : 325169,
    "title" : "La motora roja tiene que aparecer",
    "overview" : "Graffiti artist discuss their passion and work with this \"renegade\" art form.",
    "genres" : [ {
      "id" : 99,
      "name" : "Documentary"
    } ]
  }, {
    "id" : 325174,
    "title" : "Vaterunser",
    "overview" : "A young woman is raped after someone put narcotics into her drink and is refused at catholic hospitals because of the birth abortion pill. Questions of substantial matter arise, lit by the feeling of loneliness and the process of slowly losing her mind . No one can find answers for her - she'll have to do it on her own. Turning from victim to offender. From believer to doubter. From angel to demon.",
    "genres" : [ {
      "id" : 18,
      "name" : "Drama"
    } ]
  }, {
    "id" : 325179,
    "title" : "Frackman",
    "overview" : "Frackman tells the story of accidental activist Dayne Pratzky and his struggle against international gas companies. Australia will soon become the world's biggest gas exporter as more than 30,000 'fracked' wells are sunk in the state of Queensland where Dayne lives. He and his neighbours have unwittingly become the centre of a massive industrial landscape and they have no legal right to stop mining on their land. Dayne embarks on a journey that transforms him from conservative pig-shooter to sophisticated global activist as the Frackman. He meets the people drawn into a battle that is crossing the ideological divide, bringing together a peculiar alliance of farmers, activists and political conservatives. Along the way Dayne encounters love, tragedy and triumph.",
    "genres" : [ {
      "id" : 99,
      "name" : "Documentary"
    } ]
  }, {
    "id" : 325184,
    "title" : "Kokilamma",
    "overview" : "Kokilamma is a 1983 Telugu film directed by K. Balachander. The title role of Kokilamma is played with humility by Saritha. It is a musical hit film with some excellent songs penned Acharya Atreya and music score provided by M. S. Viswanathan. The Andhra Pradesh Government has also awarded K. Balachander the Nandi Award for Best Screenplay Writer for his film Kokilamma in 1982.",
    "genres" : [ {
      "id" : 18,
      "name" : "Drama"
    }, {
      "id" : 10402,
      "name" : "Music"
    } ]
  }, {
    "id" : 325189,
    "title" : "Teen Beach 2",
    "overview" : "Dive in and rock out with the hottest surf sequel under the sun! Now that summer's over and school has begun, Brady (Ross Lynch) and Mack's (Maia Mitchell) relationship seems headed for a wipeout — until Lela, Tanner and the \"Wet Side Story\" kids show up! Dazzled by the novelty and variety of the modern world, Lela wants to stay, but the real world and the \"reel\" world just don't mix. Can Mack and Brady find the magic to get the kids home and get their own romance back on track before it's too late? Packed with electrifying song &amp; dance numbers and hilarious fish-out-of-water wackiness, \"Teen Beach 2\" is \"wow-abunga\" fun for everyone!",
    "genres" : [ {
      "id" : 10751,
      "name" : "Family"
    }, {
      "id" : 35,
      "name" : "Comedy"
    }, {
      "id" : 10402,
      "name" : "Music"
    } ]
  }, {
    "id" : 325194,
    "title" : "El capitán Malacara",
    "overview" : "Misogynist military asshole is laid up for a month with a broken leg and during his convalescence he learns all the needed life-lessons.",
    "genres" : [ ]
  }, {
    "id" : 325204,
    "title" : "Blocking the Path to 9/11",
    "overview" : "With Blocking the Path to 9/11, Citizens United Productions exposes the amazing untold story behind the public firestorm surrounding The Path to 9/11. It presents courageous interviews with the original film's writer/producer, director, and editors, as well as numerous terrorism experts and the head of the 9/11 Commission. This documentary sets the historical record straight with explosive new revelations. For all those who seek the truth about 9/11 and want to learn the real story behind this shocking saga, Blocking the Path to 9/11 is required viewing.",
    "genres" : [ {
      "id" : 99,
      "name" : "Documentary"
    } ]
  }, {
    "id" : 325209,
    "title" : "Mr. Prokouk: A Horseshoe for Luck",
    "overview" : "Mr. Prokouk finds a horseshoe that does bring him nothing but bad luck.",
    "genres" : [ {
      "id" : 16,
      "name" : "Animation"
    } ]
  }, {
    "id" : 325214,
    "title" : "The Orion Conspiracy",
    "overview" : "",
    "genres" : [ ]
  }, {
    "id" : 325219,
    "title" : "The World in a Wine-Glass",
    "overview" : "Short documentary showing infusoria in a wine-glass.",
    "genres" : [ {
      "id" : 99,
      "name" : "Documentary"
    } ]
  }, {
    "id" : 325224,
    "title" : "Sechster Sinn, drittes Auge, zweites Gesicht",
    "overview" : "A young man is seeing the world through other people's eyes, struggling to find his own perspective.",
    "genres" : [ ]
  }, {
    "id" : 325229,
    "title" : "Father by Force",
    "overview" : "The story is inspired by the comedy of the most famous Yugoslav playwriter Branislav Nušić.  Žarko, a young poet is being chased by police for publishing an anti-regime poem. He hides in his friend Dušan's house, who introduced him to his parents and sister Zorica under the name of his old school mate, Vlajko Mićić. Love will develop between the false “Veljko” and Zorica, who admires Žarko’s poems. However, the poet does not reveal his true identity. Zorica’s parents notice the love between the two young people, and on the advise of their family friend secretly invite Vlajko’s father to come to their home.",
    "genres" : [ {
      "id" : 10749,
      "name" : "Romance"
    }, {
      "id" : 35,
      "name" : "Comedy"
    } ]
  }, {
    "id" : 325234,
    "title" : "Hall & Oates: The Liberty Concert",
    "overview" : "On July 4th, 1985 in front of 60,000 fans, Hall &amp; Oates performed at an outdoor benefit concert for the restoration of the Statue Of Liberty. The duo performed most of their soul-funk classics such as: \"Family Man,\" \"Rich Girl,\" \"Say It Isn't So,\" \"Method of Modern Love,\" and more.",
    "genres" : [ {
      "id" : 10402,
      "name" : "Music"
    } ]
  }, {
    "id" : 325239,
    "title" : "Anally Yours, Love Jenna Haze",
    "overview" : "Jenna Haze has put together a collection of some of the hottest, pink puckers getting stuffed senseless by some big cock! Jenna advises you to whip it out and show her what you got!",
    "genres" : [ ]
  }, {
    "id" : 325244,
    "title" : "Texas - Kabul",
    "overview" : "Directed by Helga Reidemeister",
    "genres" : [ ]
  }, {
    "id" : 325254,
    "title" : "Wild Scandinavia",
    "overview" : "documentary about scandinavia",
    "genres" : [ {
      "id" : 99,
      "name" : "Documentary"
    } ]
  }, {
    "id" : 325259,
    "title" : "Contamination",
    "overview" : "A Russian billionaire is brutally killed on the outskirts of Moscow. Vasily, a simple school teacher becomes an unwilling witness to this murder during his routine morning bike ride. The police, unable to find the criminals, begin to suspect Vasily and he quickly becomes the prime suspect. At the advice of his daughter, who also happens to be his attorney, Vasily allows himself to be placed in a psychiatric ward to avoid being incarcerated for the false accusation. It is believed that a fictitious diagnosis will help her father's case, but Irina doesn't realize that she has handed her father into the hands of a psychiatrist, Dr. Korzunov, who is conducting inhumane experiments that no medical professional would ever accept.",
    "genres" : [ {
      "id" : 53,
      "name" : "Thriller"
    } ]
  }, {
    "id" : 325264,
    "title" : "Juku",
    "overview" : "Directed by Kiro Russo.",
    "genres" : [ ]
  }, {
    "id" : 325269,
    "title" : "California Burning",
    "overview" : "It is all around us yet it is an enigma It is the marrow of our work Yet its involvement can not be defined It is seemingly organic It has no blood or life force It is creativity &amp;it is the reason we exist. It is all around us Yet it is an enigma It is the marrow of our work Yet its involvement can not be defined It is seemingly organic It has no blood or life force It is creativity &amp;it is the reason we exist.",
    "genres" : [ ]
  }, {
    "id" : 325274,
    "title" : "Naptown Rock Radio Wars",
    "overview" : "It's the 1960's, and it's the kind of battle that would change the listening habits of America, catapulting FM radio into the spotlight. Pulling from Sun Tzu's 'Art of War,' two brilliant and fierce media barons slug it out over the airwaves: Richard Fairbanks, who owns a 50,000 watt radio behemoth, versus Don Burden, the young upstart broadcasting impresario who swaggers into town and launches the glitzy, promotion-oriented, though low-powered, WIFE-AM 1310. How was the war fought? What were the strategies? Who were the personalities both in the limelight and behind the scenes? And who, in the end, would win the Naptown Rock Radio Wars?",
    "genres" : [ ]
  }, {
    "id" : 325279,
    "title" : "Radical Friends",
    "overview" : "Today is international 'Quit-your-job-and-follow-your-dream Day'. Here comes a story of a girl who follows her dream and goes to Bolivia to learn to fight for environmental justice. Chihiro is a Dutch/Bolivian wannabe environmentalist who feels stuck and alienated in the humdrum of city life. She ventures out to Bolivia to meet people who advocate Rights for Mother Earth. As she is developing her relationship with nature, she stumbles over her own roots: how to relate to her own estranged Bolivian family? How to reconnect on all levels?",
    "genres" : [ ]
  }, {
    "id" : 325284,
    "title" : "Historic Travel US Michigan Memoirs",
    "overview" : "The city of Detroit did more than just producing quality automobiles-it offered an enchanting life to its citizens full of hype and excitement. This rare Video contains some fascinating films, which go a long way in helping you understand what drew millions of people to Detroit.",
    "genres" : [ ]
  }, {
    "id" : 325289,
    "title" : "Historic Travel US Visits to the Waterfront",
    "overview" : "Everything about Coney Island seems to carry a certain fascinating charm-from how it came to be called Coney Island to the thrills it had to offer. Some believe that the name Coney Island originated from Dutch names like \"Konjn Kok\" which later evolved to Coney. Others feel the conical shaped sand bars that form along the shoreline inspired sailors to call it Coney Island.This Video provides a glimpse of what it was like to be on the famous island in the 50s. It also enables you to have a close look at the magnificent natural wonder-the Niagara Falls and see what the famous Manhattan waterfront looked like in the early part of the 20th century.",
    "genres" : [ ]
  }, {
    "id" : 325294,
    "title" : "Song of the Spindle",
    "overview" : "An animated, humorous and informative conversation between a sperm whale and a man. Each one tries to convince the other that his brain is bigger.",
    "genres" : [ ]
  }, {
    "id" : 325299,
    "title" : "Count Basie At Carnegie Hall",
    "overview" : "Jazz legend Count Basie and His Orchestra performs a concert at New York's Carnegie Hall, with guests Sarah Vaughn, Tony Bennett and George Benson.",
    "genres" : [ ]
  }, {
    "id" : 325304,
    "title" : "Historic Time Travel Wars Of The World",
    "overview" : "A Historic Video that probes the consequences of wars, how they destroy entire populations and cities in fractions of seconds. The aftermath of wars and the manner in which they change the lives of survivors and their lifestyles. A high quality product proving that it's not state-of-the-art technology alone that makes for hard hitting films.Included here, among others, you will find the atomic bomb tests on Bikini Island in the Pacific, the nuclear death which destroyed the people and cities of Hiroshima and Nagasaki, and glimpses of the Korean War.This vintage collection of Black &amp;White, World War-II films has contributions from producers ranging from the U.S. War Department, Handy (Jam) Organization, and Warner News.",
    "genres" : [ ]
  }, {
    "id" : 325309,
    "title" : "Luxo Jr. in 'Surprise' and 'Light & Heavy'",
    "overview" : "Two short films made by Pixar for Sesame Street.",
    "genres" : [ {
      "id" : 16,
      "name" : "Animation"
    } ]
  }, {
    "id" : 325319,
    "title" : "Sex Drink and Bloodshed",
    "overview" : "Three loosely connected stories about football fans in Zagreb, Croatia, during the day of the country's biggest derby between Zagreb's GNK Dinamo and Split's NK Hajduk.",
    "genres" : [ {
      "id" : 28,
      "name" : "Action"
    }, {
      "id" : 35,
      "name" : "Comedy"
    }, {
      "id" : 18,
      "name" : "Drama"
    } ]
  }, {
    "id" : 325329,
    "title" : "Plain Clothes",
    "overview" : "Struggling to balance his harrowing work with his home life, officer Cole has just finished a long shift when he notices a wanted suspect. When the confrontation goes awry, Cole's faith and his will to live are tested.",
    "genres" : [ {
      "id" : 18,
      "name" : "Drama"
    }, {
      "id" : 28,
      "name" : "Action"
    } ]
  }, {
    "id" : 325334,
    "title" : "Fast",
    "overview" : "Jean-Louis is an naive, amiable orphan who spent his life with his elderly and very strict grandfather. Jean-Louis was a 25-year old virgin when a free-spirited young Parisian woman was temporarily stranded in his village after a bus broke down. She left him a changed man, and she also left a match book from a fast food restaurant called Fast Burger. Soon after his grandfather passes away, the innocent rube Jean-Louis hops on his bike and embarks upon a quest to Paris to find this enigmatic woman. But he is not prepared for the size of Paris, and instead ends up working at a Fast Burger outlet himself. Jean-Louis is a simple soul and freely expresses himself without guile. For some reason this endears him to the staff and management; soon he has been promoted into the upper echelons of the company. One day he meets a rather ditzy Metro security guard, Henriette, who is also at sea in the big city. The kindred spirits click and a sweet romance ensues.",
    "genres" : [ {
      "id" : 10749,
      "name" : "Romance"
    }, {
      "id" : 35,
      "name" : "Comedy"
    } ]
  }, {
    "id" : 325339,
    "title" : "Sul vulcano",
    "overview" : "Three stories to narrate the relationship between mount Vesuvius and the humanity living at its feet. Maria and her flower garden, Matteo, an artist who paints using the volcano's ashes, and Yole, a neo-melodic singer whose devotion to the Virgin Mary is almost idolatric.",
    "genres" : [ {
      "id" : 99,
      "name" : "Documentary"
    } ]
  }, {
    "id" : 325344,
    "title" : "Thanatos, Drunk",
    "overview" : "They live in an old house on the fringe of Taipei City: Rat and his elder gay brother Shanghe. Two brothers look for jobs to survive while search for themselves and long for a foothold in life. The younger works at market where he meets a mute woman who gets up to all sorts of craziness. The elder is attracted to a nightclub dancer and finds himself drawn into shifty business.",
    "genres" : [ {
      "id" : 18,
      "name" : "Drama"
    } ]
  }, {
    "id" : 325354,
    "title" : "Inside Supertramp 1974-1978",
    "overview" : "Supertramp was one of the last major progressive-rock bands to enjoy an international commercial breakthrough; the band had cultivated a devoted following with their witty and intelligent music since their debut in 1970, but it was 1979's Breakfast in America album which made them a household name in America and Europe. Inside Supertramp 1974-1978 - A Critical Review features rare performance footage of the band along side a panel discussion in which musicians and music writers offer their insights on this especially fruitful period in the group's history",
    "genres" : [ {
      "id" : 99,
      "name" : "Documentary"
    }, {
      "id" : 10402,
      "name" : "Music"
    } ]
  }, {
    "id" : 325359,
    "title" : "John Pizzarelli Live in Montreal - The Big Band",
    "overview" : "Twelve never-before-seen performances from this jazz crooner, the finger-snapping musician John Pizzarelli. The charismatic and emotionally warm singer combines elements of jazz, pop, and swing music to create smoothly effective music. LIVE IN MONTREAL features Pizzarelli singing songs including \"All of Me,\" \"Lady Be Good\" and \"Roslyn,\" along with an personal interview and relaxed, fun behind-the-scenes footage.",
    "genres" : [ ]
  }, {
    "id" : 325364,
    "title" : "Lenine Incite",
    "overview" : "Lenine's live was show recorded in a presentation at the Cité de la Music in Paris on 29 and 30 April. Include Making of with subtitles in English and French.",
    "genres" : [ {
      "id" : 10402,
      "name" : "Music"
    } ]
  }, {
    "id" : 325369,
    "title" : "Masters of Stone I",
    "overview" : "Masters of Stone I &amp; II feature 2 hours of climbing action in renowned locations including Yosemite, The Needles, Smith Rock, American Fork, Owens River, City Of Rocks, Donner Summit, Wild Iris, Red Rocks, Mt. Charleston and more. This is classic \"old school\" climbing at its best.",
    "genres" : [ ]
  }, {
    "id" : 325374,
    "title" : "Baghdad Twist",
    "overview" : "A visual memoir of one family's life in Iraq before escaping to a new home in Canada in the fall of 1970. Featuring a never-before-seen collection of archival images, home movies, and family photographs from Baghdad, the film pulls back the curtain on Iraq's once-thriving Jewish community, its perilous final years, and its remarkable ability to find solace in the shadow of fear.",
    "genres" : [ ]
  }, {
    "id" : 325379,
    "title" : "Leaving Africa",
    "overview" : "Riitta and Catherine live together in Uganda. By day the two sixtysomethings provide sexual health and equality education for Catholics, Muslims and Anglicans alike. By night they smoke, do crosswords and don’t shy away from frank discussions. Riitta's long career empowering women in Africa is coming to a close, but Ugandan government is trying their best to shut down their sex-ed program during her last months in Africa.",
    "genres" : [ ]
  }, {
    "id" : 325384,
    "title" : "Saturday Night Live: The Best of Amy Poehler",
    "overview" : "Amy Poheler's best Saturday Night Live skectches and performances.",
    "genres" : [ {
      "id" : 35,
      "name" : "Comedy"
    } ]
  }, {
    "id" : 325389,
    "title" : "Rahasya",
    "overview" : "Only child of a doctor couple is murdered in her sleep inside their large duplex apartment.",
    "genres" : [ {
      "id" : 53,
      "name" : "Thriller"
    }, {
      "id" : 9648,
      "name" : "Mystery"
    } ]
  }, {
    "id" : 325399,
    "title" : "Piet Bambergen - Huwelijk In De Steigers",
    "overview" : "",
    "genres" : [ ]
  }, {
    "id" : 325404,
    "title" : "Piet Bambergen - Lief Zijn Voor Elkaar",
    "overview" : "",
    "genres" : [ ]
  }, {
    "id" : 325409,
    "title" : "Cats and Dogs",
    "overview" : "A Walter Lantz Pooch the Pup cartoon released December 5, 1932.",
    "genres" : [ ]
  }, {
    "id" : 325414,
    "title" : "Salto Mortale",
    "overview" : "Far above the ground in a circus tent, a young trapeze artist prepares himself for his first dearth-defying leap. He thinks back to his mother, who took her life eight years ago, due to him.",
    "genres" : [ {
      "id" : 18,
      "name" : "Drama"
    } ]
  }, {
    "id" : 325419,
    "title" : "Exotica, Erotica, Etc.",
    "overview" : "This essay film tells of the ocean as a place of yearning, of the world of giant container ships and their crews, and the women that wait for them in ports and drinking holes. The protagonists' thoughts are rendered as inner monologues in voiceover, all set to striking documentary images. Sandy represents all the women willing to give themselves to strange men, the perfect complement for the desire of all those roaming restlessly from port to port. The film has an affectionate eye for this eccentric former prostitute, for her body marked by life, lust, and the men she's met, as well as for her free, yet romantic idea of love. She is a siren and Penelope in equal measure.",
    "genres" : [ {
      "id" : 99,
      "name" : "Documentary"
    } ]
  }, {
    "id" : 325424,
    "title" : "Cancelled Faces",
    "overview" : "Korea, the now: A young man makes a fateful encounter with a stranger he passionately falls in love with. When Unk rides his scooter through the night he fails to notice a drunk pedestrian, a man called Boaz, and hits him. The accident has unforeseen repercussions since shortly afterwards Unk and Boaz start an intense relationship that leads into a gradually worsening dependency.",
    "genres" : [ {
      "id" : 35,
      "name" : "Comedy"
    }, {
      "id" : 18,
      "name" : "Drama"
    } ]
  }, {
    "id" : 325429,
    "title" : "The Terrible Troubador",
    "overview" : "A Walter Lantz Pooch the Pup cartoon released January 30, 1933.",
    "genres" : [ ]
  } ]
}