{
  "movies" : [ {
    "id" : 355869,
    "title" : "National Geographic: Die Macht der Vulkane",
    "overview" : "",
    "genres" : [ {
      "id" : 99,
      "name" : "Documentary"
    } ]
  }, {
    "id" : 355874,
    "title" : "National Geographic: Europa - wie unser Kontinent entstand",
    "overview" : "",
    "genres" : [ {
      "id" : 99,
      "name" : "Documentary"
    } ]
  }, {
    "id" : 355879,
    "title" : "National Geographic: Faszinierende Erde - wie unser Planet funktioniert",
    "overview" : "",
    "genres" : [ {
      "id" : 99,
      "name" : "Documentary"
    } ]
  }, {
    "id" : 355884,
    "title" : "Little Gay Boy, chrisT is Dead",
    "overview" : "",
    "genres" : [ ]
  }, {
    "id" : 355889,
    "title" : "National Geographic: Reise in das Totenreich der Pharaonen",
    "overview" : "",
    "genres" : [ {
      "id" : 99,
      "name" : "Documentary"
    } ]
  }, {
    "id" : 355894,
    "title" : "Club 7",
    "overview" : "Explores the life and times of an institution that has been described as 20 years of continuous improvisation.",
    "genres" : [ {
      "id" : 99,
      "name" : "Documentary"
    } ]
  }, {
    "id" : 355899,
    "title" : "Get Lost",
    "overview" : "Documents in depth, the process and theoretical practice of artist Peter-John de Villiers. His work is found in galleries world wide and used commercially for notable clients such as Carlos Santana, Coca-Cola, Volkswagen, Sony Records and Universal Records. Cinematographer Sindre Habberstad, and Sound Technition Christoffer Pedersen's intent was to capture in meticulous detail, the essence of the creative process through the documentation of sound and image. Accompanied by the soundtrack of composer Kai-Anders Ryan. The film brought together three critical elements to create a respective work of art.",
    "genres" : [ {
      "id" : 99,
      "name" : "Documentary"
    } ]
  }, {
    "id" : 355904,
    "title" : "Miles Davis - The Definitive Miles Davis At Montreux - Afternoon July 8 TH 1984",
    "overview" : "",
    "genres" : [ {
      "id" : 10402,
      "name" : "Music"
    } ]
  }, {
    "id" : 355914,
    "title" : "Texas Wildcats",
    "overview" : "",
    "genres" : [ {
      "id" : 37,
      "name" : "Western"
    } ]
  }, {
    "id" : 355919,
    "title" : "Book of Days",
    "overview" : "",
    "genres" : [ {
      "id" : 18,
      "name" : "Drama"
    } ]
  }, {
    "id" : 355924,
    "title" : "A Christmas Reunion",
    "overview" : "",
    "genres" : [ {
      "id" : 18,
      "name" : "Drama"
    }, {
      "id" : 10770,
      "name" : "TV Movie"
    }, {
      "id" : 14,
      "name" : "Fantasy"
    } ]
  }, {
    "id" : 355929,
    "title" : "A Night in Venice",
    "overview" : "Johan Strauss Eine Nacht in Venedig (1883) together with Die Fledermaus and Die Zigeunerbaron, has long been among the three most popular of the more than a dozen operettas composed by the 19th c. Waltz King. This Rudolf Bibl conducted performance was recorded live during the Seefestspiele Moerbisch Austria Festival in 1999 and features Marc Clear, Gideon Singer, Evelyn Schörkhuber , Ingrid Habermann, and Anton Steingruber.",
    "genres" : [ {
      "id" : 10402,
      "name" : "Music"
    } ]
  }, {
    "id" : 355934,
    "title" : "Hitler's Harlot",
    "overview" : "Three whimpering frauleins and one male are rounded up for interrogation by a horny, Ilsa-esque she-bitch and her hairy, ape-like assistant Karl, who hope to secure vital information about a local resistance fighter.  What better way to persuade this unfortunate foursome to talk than to force upon them cruel and perverse acts of sexual degradation and torture.  The Commandant, a seething, rage-filled bull-dyke in trashy make-up, cut-rate Nazi uniform and go-go boots, has an insatiable penchant for violating the female body.  When she’s not inflicting atrocities upon the innocent young hotties, she turns them over to Karl, whose methods of interrogation include cramming his over-sized bratwurst into every unwilling orifice.  Each victim is subjected to the demented pleasures of these Third Reich monsters…who delight in their acts of sexual domination…who thrill to the infliction of suffering and pain.",
    "genres" : [ ]
  }, {
    "id" : 355939,
    "title" : "Riding the Storm",
    "overview" : "Educational film about landslides, published by the United States Geological Society.  A catastrophic 1982 rainstorm triggered 18,000 landslides in the Bay Area, claiming 25 lives and causing $66 million in property damage. The combination of steep slopes, weak rocks, and intense winter storms make Bay Area uplands an ideal setting for landslides. Landslides include both swift, potentially deadly debris flows and slower, but destructive deepseated slides. Learn what USGS scientists have discovered about landslide dynamics and which slopes are most susceptible to sliding. Hear the devastating stories of Bay Area residents affected by landslides and learn to recognize the danger signs.",
    "genres" : [ ]
  }, {
    "id" : 355944,
    "title" : "Virus of Fear",
    "overview" : "A swim instructor dealing with a child terrified of the water is accused of inappropriate behavior -- but the stories offered don't line up, leaving parents suspicious and doubtful.",
    "genres" : [ {
      "id" : 18,
      "name" : "Drama"
    } ]
  }, {
    "id" : 355949,
    "title" : "Transferring",
    "overview" : "Yoko meets a transfer student when she is isolated by her junior high school classmates.",
    "genres" : [ {
      "id" : 18,
      "name" : "Drama"
    } ]
  }, {
    "id" : 355954,
    "title" : "Un drama nuevo",
    "overview" : "",
    "genres" : [ {
      "id" : 18,
      "name" : "Drama"
    } ]
  }, {
    "id" : 355959,
    "title" : "My Lover Is A Sniper",
    "overview" : "The film is about a man who decides to extort money from the Japanese Government by holding the citizens of Japan to ransom through a rather ingenious method. However, due to the man's profession as a police lawyer, he is able to shield his identity by influencing elements of the investigation through contacts within the police itself. In desperation, the Government decide to hire the services of a sniper who, at the time, is serving a 250-year sentence in a forced labour camp for previous crimes committed. A cat-and-mouse game then ensues between sniper and lawyer.",
    "genres" : [ ]
  }, {
    "id" : 355964,
    "title" : "Romance Of Darkness",
    "overview" : "Rikka Nikaidou is a cute and innocent girl sees two persons vanish into thin hair...",
    "genres" : [ ]
  }, {
    "id" : 355969,
    "title" : "Leben in Angst",
    "overview" : "",
    "genres" : [ {
      "id" : 18,
      "name" : "Drama"
    } ]
  }, {
    "id" : 355974,
    "title" : "Heiraten ist immer ein Risiko",
    "overview" : "",
    "genres" : [ {
      "id" : 80,
      "name" : "Crime"
    } ]
  }, {
    "id" : 355979,
    "title" : "Camel Trophy 1989 - The Amazon",
    "overview" : "Camel Trophy 1989 took competitors into the 'Green Hell' - the Amazon - or the toughest event to that date. As if 1000 miles of gruelling rainforest track wasn't enough, the organisers chose the rainy season to do it, adding another, rather muddy, dimension to the challenge",
    "genres" : [ {
      "id" : 99,
      "name" : "Documentary"
    } ]
  }, {
    "id" : 355984,
    "title" : "Andy Peters: Exclamation Mark Question Point",
    "overview" : "Exclamation Mark Question Point is the debut special from Andy Peters. More bootleg than traditional special, Andy recorded only one show, one night at The Virgil in Los Angeles. The special features a bouncy mix of Andy's dive-in-head-first approach to comedy. With The Virgil's intimate space as a backdrop, Andy litters the show with playful self-deprecating bits, a healthy dose of \"screaming at strangers\" and a nonstop stream of riffs.",
    "genres" : [ {
      "id" : 35,
      "name" : "Comedy"
    } ]
  }, {
    "id" : 355989,
    "title" : "Sailors on Leave",
    "overview" : "If a shy sailor marries before his next birthday, he will inherit a fortune.",
    "genres" : [ {
      "id" : 10402,
      "name" : "Music"
    }, {
      "id" : 35,
      "name" : "Comedy"
    } ]
  }, {
    "id" : 355994,
    "title" : "Parapsychology 101",
    "overview" : "After losing funding for his work, paranormal researcher Dr. Alan Greer has devised a way to continue his research and experiments with dozens of willing test subjects. His plan? To become a teacher of parapsychology at a Virginia university, where his students will secretly double as test subjects. They are about to get a much more hands on learning environment than any of them imagined.",
    "genres" : [ ]
  }, {
    "id" : 355999,
    "title" : "Duncan and Another, Blacksmith Shop",
    "overview" : "Lost film from 1891, directed by William K.L. Dickson and William Heise. The film stars James C. Duncan.",
    "genres" : [ ]
  }, {
    "id" : 356004,
    "title" : "Asa Akira: Wicked Fuck Doll",
    "overview" : "XXX Superstar and Fan Favorite, Asa Akira, has put you - the fans - in control! By listening to her fans through social media, Asa has given you the rare opportunity to conceive every over-the-top, envelope-pushing scene! The result? Asa delivers an awards-worthy, jaw-dropping performance in Asa Akira: Wicked Fuck Doll!",
    "genres" : [ ]
  }, {
    "id" : 356009,
    "title" : "Napoli milionaria",
    "overview" : "",
    "genres" : [ {
      "id" : 18,
      "name" : "Drama"
    }, {
      "id" : 35,
      "name" : "Comedy"
    } ]
  }, {
    "id" : 356014,
    "title" : "Il sergente",
    "overview" : "",
    "genres" : [ ]
  }, {
    "id" : 356024,
    "title" : "Jaws on Trotters: The Making of 'Razorback'",
    "overview" : "A look behind the scenes of Razorback (1984).",
    "genres" : [ ]
  }, {
    "id" : 356029,
    "title" : "Next to Me",
    "overview" : "Olja is a high school history teacher, married to a painter whose latest exhibition provoked violent reactions from Serbian nationalists. One night, a group of masked hooligans attacks her. They film the attack and upload the clip to YouTube. The next day Olja discovers that some of her students were responsible. She takes away their mobile phones, and in the heat of the moment decides to lock them in the school building, also disconnecting the school phones and the internet. In order to solve the problem together, and with inability to leave the school, students begin to communicate. During that night, a generation that was written off before they were ever given a chance will learn more than they ever expected about themselves and their classmates.",
    "genres" : [ {
      "id" : 18,
      "name" : "Drama"
    }, {
      "id" : 35,
      "name" : "Comedy"
    } ]
  }, {
    "id" : 356034,
    "title" : "The Blue and the Black 2",
    "overview" : "Part two of the wartime love story",
    "genres" : [ {
      "id" : 10749,
      "name" : "Romance"
    } ]
  }, {
    "id" : 356039,
    "title" : "Caruga",
    "overview" : "This film is based on the true story about Jovo Stanivukovic alias Caruga, bandit who became legend in post-WW1 Slavonia, Croatia.",
    "genres" : [ {
      "id" : 18,
      "name" : "Drama"
    }, {
      "id" : 35,
      "name" : "Comedy"
    }, {
      "id" : 12,
      "name" : "Adventure"
    } ]
  }, {
    "id" : 356044,
    "title" : "National Geographic: Wale Giganten der Meere",
    "overview" : "",
    "genres" : [ {
      "id" : 99,
      "name" : "Documentary"
    } ]
  }, {
    "id" : 356049,
    "title" : "Minus",
    "overview" : "Jelena and Milan are going to the mountain house for a weekend. Milan disappears. Jelena starts looking for him and gets lost in the woods.",
    "genres" : [ {
      "id" : 18,
      "name" : "Drama"
    } ]
  }, {
    "id" : 356054,
    "title" : "Curtis's Charm",
    "overview" : "This film, based on a Jim Carroll short story, recounts the tale of Curtis and his encounter with voodoo. Curtis is a drug addict who has become paranoid, thinking that his wife's mother has cast evil spells on him. He meets his friend Jim and asks him for help in counteracting her black magic. Jim tries to reason with his friend, but when that fails, he decides to play along and make him a talisman. Drawing a snake on a scrap of paper and mumbling an incantation, Jim gives him this charm. This immediately solves Curtis's problems...or does it?",
    "genres" : [ ]
  }, {
    "id" : 356059,
    "title" : "Sudhandhiram",
    "overview" : "The film features Arjun and Rambha in lead roles whilst Raghuvaran, Raadhika and Sharat Saxena play supporting roles.",
    "genres" : [ ]
  }, {
    "id" : 356064,
    "title" : "Camel Trophy 1997 - Mongolia",
    "overview" : "Mongolia is perceived as one of the most isolated, inaccessible locations in the world. In 1997 it proved a suitably challenging environment for an event billed as the world's greatest adventure challenge - the Camel Trophy. Forty competitors from 20 nations gathered in the modern capital of Ulaanbaatar for the start of Camel '97. From there they took their Land Rover Discoverys over existing roads and tracks through a country of extremes - from the sub-zero temperatures of the northern mountains to the heat of the Gobi desert. After circumnavigating a country three times the size of France, the event finished in the ancient capital of Karakorum, home of Mongolia's largest Buddhist monastery. Along the way, the teams visited eight competition sites and also competed in mountain biking, kayaking, 4x4 driving and orienteering awards.",
    "genres" : [ {
      "id" : 99,
      "name" : "Documentary"
    } ]
  }, {
    "id" : 356069,
    "title" : "Crumply Gurn",
    "overview" : "A story about two men, a horse, a music video, and the bloodshed that follows.",
    "genres" : [ ]
  }, {
    "id" : 356079,
    "title" : "Police Rescue: The Movie",
    "overview" : "A new recruit to Sydney's Police Rescue squad is accused of corruption.",
    "genres" : [ ]
  }, {
    "id" : 356084,
    "title" : "Rape Zombie: Lust Of The Dead 4",
    "overview" : "In a devastated, post-apocalyptic world, all men have turned into rape demons. The only hope for the future is to travel to the past and prevent the outbreak, the source of which still remains a mystery.",
    "genres" : [ ]
  }, {
    "id" : 356089,
    "title" : "Camera Trap",
    "overview" : "A wildlife film crew pursue local sightings of a rare wildcat in Central Asia using high-tech camera equipment.",
    "genres" : [ {
      "id" : 27,
      "name" : "Horror"
    }, {
      "id" : 53,
      "name" : "Thriller"
    } ]
  }, {
    "id" : 356094,
    "title" : "Chucks",
    "overview" : "Mae quit school and ran away from home. After her brother’s death her family is broken. Only his red shoes (Chucks) remain. Mae has to start working in a social institution where she meets Paul. He is funny, sensitive, takes Mae as she is - and he is terminally ill. In a book named Chucks Mae writes down her own story about growing up between life and death: wild, tender and absolutely honest.",
    "genres" : [ {
      "id" : 18,
      "name" : "Drama"
    } ]
  }, {
    "id" : 356104,
    "title" : "Descubramos",
    "overview" : "",
    "genres" : [ {
      "id" : 16,
      "name" : "Animation"
    } ]
  }, {
    "id" : 356109,
    "title" : "Gregorian chants: The secret of gregorian chants",
    "overview" : "",
    "genres" : [ ]
  }, {
    "id" : 356114,
    "title" : "Das verschollene Inka-Gold",
    "overview" : "An unemployed engineer working as a driver at an oil company hears about a lost Inca treasure and goes in search of it.",
    "genres" : [ {
      "id" : 37,
      "name" : "Western"
    } ]
  }, {
    "id" : 356119,
    "title" : "Duelo al atardecer",
    "overview" : "Mexico, 1973",
    "genres" : [ {
      "id" : 37,
      "name" : "Western"
    } ]
  }, {
    "id" : 356124,
    "title" : "Traiganlos vivos o muertos",
    "overview" : "Mexico, 1974",
    "genres" : [ {
      "id" : 37,
      "name" : "Western"
    } ]
  }, {
    "id" : 356129,
    "title" : "Решала",
    "overview" : "",
    "genres" : [ ]
  }, {
    "id" : 356134,
    "title" : "Actual T.V. Picture",
    "overview" : "Actual T. V. Picture (2013) juxtaposes footage of a jungle in Viet Nam being bombed by an American war plane with a late-60s television commercial showing recent advancements in the miniature transistors.  This technology made possible improvements in consumer goods like television sets, but its origin was in military weaponry, as the advertisement shows.",
    "genres" : [ ]
  }, {
    "id" : 356139,
    "title" : "Gambling Ghost Are Ready",
    "overview" : "The ghost of a gambling master (Wu Ma) returns to earth to help his granddaughter (Yuraki Oshima) to win the annual competition organized by the gambling master of the current year who is the killer of her parents and grandfather.",
    "genres" : [ {
      "id" : 35,
      "name" : "Comedy"
    }, {
      "id" : 28,
      "name" : "Action"
    }, {
      "id" : 18,
      "name" : "Drama"
    } ]
  }, {
    "id" : 356149,
    "title" : "Robert the Doll",
    "overview" : "In this chilling story based on real life events a family experience terrifying supernatural occurrences when their son acquires a vintage doll called Robert.",
    "genres" : [ {
      "id" : 27,
      "name" : "Horror"
    } ]
  }, {
    "id" : 356154,
    "title" : "Chinese Opium Den",
    "overview" : "Lost film from 1894, directed by William K.L. Dickson.",
    "genres" : [ ]
  }, {
    "id" : 356159,
    "title" : "Turist Ömer Arabistan'da",
    "overview" : "",
    "genres" : [ {
      "id" : 35,
      "name" : "Comedy"
    } ]
  }, {
    "id" : 356164,
    "title" : "Il était une fois... l'homme",
    "overview" : "",
    "genres" : [ {
      "id" : 16,
      "name" : "Animation"
    }, {
      "id" : 99,
      "name" : "Documentary"
    }, {
      "id" : 10751,
      "name" : "Family"
    } ]
  }, {
    "id" : 356169,
    "title" : "Sunday Morning Rapture",
    "overview" : "Sunday Morning Rapture is a Bible-Based film focused on the second coming of Jesus Christ. This living parable depicts situational dramatizations centered around how this spectacular event effects lives around the world and the aftermath of what is left in it's wake.",
    "genres" : [ {
      "id" : 18,
      "name" : "Drama"
    } ]
  }, {
    "id" : 356174,
    "title" : "The Sheik Steps Out",
    "overview" : "In this comedy, a wealthy sheik kidnaps and falls for a snobby socialite.",
    "genres" : [ {
      "id" : 35,
      "name" : "Comedy"
    } ]
  }, {
    "id" : 356179,
    "title" : "The Phantom Stage",
    "overview" : "Bob Carson and sidekick Grizzly take a job driving a stage for a line that is being repeatedly robbed. The culprits place a large box on the stage in which Runt can hide and steal the gold without the driver or guard knowing it. When Bob realizes what is happening, he replaces Runt in the box in hope of catching the outlaws.",
    "genres" : [ {
      "id" : 37,
      "name" : "Western"
    } ]
  }, {
    "id" : 356184,
    "title" : "Kaltfront",
    "overview" : "",
    "genres" : [ {
      "id" : 18,
      "name" : "Drama"
    } ]
  }, {
    "id" : 356189,
    "title" : "My Name Is Emily",
    "overview" : "Packed off to a foster home after her father is insti­tu­tion­al­ized, a rebellious young Irish girl resolves to bust her dad out of the hospital where he's been confined.",
    "genres" : [ {
      "id" : 18,
      "name" : "Drama"
    } ]
  }, {
    "id" : 356194,
    "title" : "Charisma",
    "overview" : "Two women discuss about current affairs.",
    "genres" : [ {
      "id" : 18,
      "name" : "Drama"
    }, {
      "id" : 35,
      "name" : "Comedy"
    } ]
  }, {
    "id" : 356199,
    "title" : "Amazing Grace",
    "overview" : "The late director Sydney Pollack's behind-the-scenes documentary about the recording of Aretha Franklin's best-selling album Amazing Grace finally sees the light of day more than four decades after the original footage was shot.",
    "genres" : [ ]
  }, {
    "id" : 356204,
    "title" : "Andrew Carnegie: Rags to Riches, Power to Peace",
    "overview" : "Andrew Carnegie: Rags to Riches, Power to Peace charts the story of a poor Scottish immigrant who sailed to America in the 1840s, and by the end of the century would be the richest man in the world.",
    "genres" : [ ]
  }, {
    "id" : 356209,
    "title" : "Blood Bead",
    "overview" : "Shuji Tokita (Eiji Okuda) is a film director and a professor at a university. He goes through a difficult time trying to film his new movie. He believes his movies reflect his own personal expriences. A female high school student, Ritsuko (Yukino Murakami), appears in front of Shuji.",
    "genres" : [ ]
  }, {
    "id" : 356214,
    "title" : "How much does a spy earn?",
    "overview" : "A struggling composer named Juan and his bride Ana become targets of spies while on their honeymoon. The spies want to get their hands on Juan’s latest score “Butterfly 2” as they believe that it contains a valuable secret formula.",
    "genres" : [ {
      "id" : 80,
      "name" : "Crime"
    }, {
      "id" : 35,
      "name" : "Comedy"
    } ]
  }, {
    "id" : 356219,
    "title" : "Åpenbaringen",
    "overview" : "",
    "genres" : [ ]
  }, {
    "id" : 356224,
    "title" : "Double Trouble",
    "overview" : "Shaw Brothers double trouble comedy",
    "genres" : [ {
      "id" : 35,
      "name" : "Comedy"
    } ]
  }, {
    "id" : 356229,
    "title" : "Senza Peso",
    "overview" : "Senza Peso, a mini Opera created by world-class musicians and artists, unveils a beautifully dark world of lost souls and redemption.",
    "genres" : [ {
      "id" : 18,
      "name" : "Drama"
    }, {
      "id" : 10402,
      "name" : "Music"
    } ]
  }, {
    "id" : 356234,
    "title" : "Vertigo",
    "overview" : "",
    "genres" : [ {
      "id" : 14,
      "name" : "Fantasy"
    }, {
      "id" : 18,
      "name" : "Drama"
    }, {
      "id" : 80,
      "name" : "Crime"
    }, {
      "id" : 99,
      "name" : "Documentary"
    } ]
  }, {
    "id" : 356239,
    "title" : "Linea 77: Numbed",
    "overview" : "",
    "genres" : [ ]
  }, {
    "id" : 356249,
    "title" : "Water Boys 2",
    "overview" : "Water Boys was a major sliver screen hit in 2001 that took the Japanese public by storm in depicting high school boys who pour all the passion of their youth into becoming synchronized swimmers. The year 2003 saw the start of a new TV series of the same name that maintained the overall atmosphere of the film while making new developments, and becoming a summer hit with the amazing synchronized swimming feats it depicted. And then in the summer of 2004 a second season of the series with fun and a sense of pathos opened, this time with a new town as the setting and depicting the passion, friendship and love of 32 boys who are absolutely nuts about synchronized swimming.The fascinating synchronized swimming scenes are more powerful than ever. In addition to the scenes of a public performance in the last installment, the show has loads of excitement and thrills throughout.",
    "genres" : [ ]
  }, {
    "id" : 356254,
    "title" : "Yu chao",
    "overview" : "A movie about desire",
    "genres" : [ ]
  }, {
    "id" : 356269,
    "title" : "Diabolo Nightmare",
    "overview" : "A clerk, unable to stop playing the game of Diabolo, strays in and out of precarious situations while playing with the toy.",
    "genres" : [ {
      "id" : 35,
      "name" : "Comedy"
    }, {
      "id" : 14,
      "name" : "Fantasy"
    } ]
  }, {
    "id" : 356274,
    "title" : "Verbrande Brug",
    "overview" : "First feature film from director Guido Henderickx. During a 24-hour period an intense drama unfolds between former lovers during local fair.",
    "genres" : [ ]
  }, {
    "id" : 356279,
    "title" : "Splinters - A Century of an Artistic Family",
    "overview" : "Peter von Bagh's documentary about Juhani Aho and people around him.",
    "genres" : [ {
      "id" : 99,
      "name" : "Documentary"
    } ]
  }, {
    "id" : 356284,
    "title" : "Colorado Kid",
    "overview" : "When Hines kills the Colonel for his money, the Colorado Kid is arrested and then found guilt of the murder. Bibben beaks him out of jail and later identifies some of the bills spent by Hines to have been part of the money stolen from the Colonel. The Kid now knows he is the one he is after and heads out to get a confession.",
    "genres" : [ {
      "id" : 37,
      "name" : "Western"
    } ]
  }, {
    "id" : 356289,
    "title" : "Métier de fous",
    "overview" : "",
    "genres" : [ {
      "id" : 35,
      "name" : "Comedy"
    } ]
  }, {
    "id" : 356294,
    "title" : "25 April",
    "overview" : "A dramatization of the events at Gallipoli using the letters of the soldiers who were there.",
    "genres" : [ {
      "id" : 99,
      "name" : "Documentary"
    } ]
  }, {
    "id" : 356299,
    "title" : "Welcome to F.L.",
    "overview" : "A documentary portrait of high-school students in the Quebec city of Sorel-Tracy.",
    "genres" : [ ]
  }, {
    "id" : 356304,
    "title" : "A Flickering Truth",
    "overview" : "Afghanistan's film history might well have have been lost forever, if not for the brave custodians who risked their lives to conceal films from the Taliban regime. This is a chronicle of their attempts to preserve and restore thousands of hours of film.",
    "genres" : [ {
      "id" : 99,
      "name" : "Documentary"
    } ]
  }, {
    "id" : 356309,
    "title" : "...à la campagne",
    "overview" : "",
    "genres" : [ {
      "id" : 10749,
      "name" : "Romance"
    }, {
      "id" : 35,
      "name" : "Comedy"
    }, {
      "id" : 18,
      "name" : "Drama"
    } ]
  }, {
    "id" : 356314,
    "title" : "Noon Gun",
    "overview" : "Everyday in Halifax, a ceremonial blast fires from a canon. The Noon Gun sends a rattle through the old wooden homes of the North End. Within one of these homes, an elderly woman dotes over her graffiti writer grandson. An interracial couple walk tensely down a side street. A recovering alcoholic cop lectures his street-wizened young partner as they walk the beat. On one day in particular, the Noon Gun blast ties these groups into a sequence of events. As these events unfold, each group’s perspective grows, obscuring reality and ultimately effecting each other’s lives.",
    "genres" : [ ]
  }, {
    "id" : 356319,
    "title" : "West of Carson City",
    "overview" : "West of Carson City remains one of the best of Johnny Mack Brown's Universal westerns. The story takes place in a gold-rush community where the locals are taken to the cleaners by duplicitious Eastern gamblers. When it becomes obvious that the local constabulary has been \"bought off\" by the crooks, two-fisted cattleman Jim Bannister (Brown) swings into action. The film's highlight is an outsized fistic brawl between the hero and secondary villain Breed, played by loose-limbed comic stuntman Frank Mitchell.",
    "genres" : [ {
      "id" : 37,
      "name" : "Western"
    } ]
  }, {
    "id" : 356324,
    "title" : "Don't Blink: Robert Frank",
    "overview" : "The life and work of Robert Frank—as a photographer and a filmmaker—are so intertwined that they're one in the same, and the vast amount of territory he's covered, from The Americans in 1958 up to the present, is intimately registered in his now-formidable body of artistic gestures. From the early '90s on, Frank has been making his films and videos with the brilliant editor Laura Israel, who has helped him to keep things homemade and preserve the illuminating spark of first contact between camera and people/places. Don't Blink is Israel's like-minded portrait of her friend and collaborator, a lively rummage sale of images and sounds and recollected passages and unfathomable losses and friendships that leaves us a fast and fleeting imprint of the life of the Swiss-born man who reinvented himself the American way, and is still standing on ground of his own making at the age of 90.",
    "genres" : [ {
      "id" : 99,
      "name" : "Documentary"
    } ]
  }, {
    "id" : 356329,
    "title" : "Troublemakers: The Story of Land Art",
    "overview" : "The titular troublemakers are the New York–based Land (aka Earth) artists of the 1960s and 70s, who walked away from the reproducible and the commodifiable, migrated to the American Southwest, worked with earth and light and seemingly limitless space, and rethought the question of scale and the relationships between artist, landscape, and viewer. Director James Crump has meticulously constructed Troublemakers from interviews (with Germano Celant, Virginia Dwan, and others), photos and footage of Walter De Maria, Michael Heizer, Robert Smithson, Nancy Holt, and Charles Ross among others at work on their astonishing creations.",
    "genres" : [ {
      "id" : 99,
      "name" : "Documentary"
    } ]
  }, {
    "id" : 356334,
    "title" : "Gridlocked",
    "overview" : "Former SWAT leader David Hendrix and hard-partying movie star Brody Walker must cut their ride-along short when a police training facility is attacked by a team of mercenaries.",
    "genres" : [ {
      "id" : 28,
      "name" : "Action"
    } ]
  }, {
    "id" : 356339,
    "title" : "Les amours de Paris",
    "overview" : "",
    "genres" : [ {
      "id" : 35,
      "name" : "Comedy"
    } ]
  }, {
    "id" : 356344,
    "title" : "A Place In Hell",
    "overview" : "A drunken war correspondent, a prostitute and happy-go-lucky Italian GI barely escape a bombing of Manila, only to realize that the island they land on has been captured by the Japanese. They hook up with a band of Allied survivors and attempt to escape.",
    "genres" : [ {
      "id" : 10752,
      "name" : "War"
    } ]
  }, {
    "id" : 356349,
    "title" : "Chip Off the Old Block",
    "overview" : "Dud is a disappointment to his parents.",
    "genres" : [ {
      "id" : 16,
      "name" : "Animation"
    } ]
  }, {
    "id" : 356354,
    "title" : "In Search of Ancient Ireland",
    "overview" : "A vivid portrait of the island nation's remarkable past and enduring impact on Western Civilization",
    "genres" : [ {
      "id" : 99,
      "name" : "Documentary"
    } ]
  }, {
    "id" : 356359,
    "title" : "Kabadi Kabadi",
    "overview" : "Kabadi Kabadi tells the story of two step brothers and their rivalries.",
    "genres" : [ {
      "id" : 18,
      "name" : "Drama"
    } ]
  }, {
    "id" : 356364,
    "title" : "Ponys",
    "overview" : "Three friends at a table with a couple of bottles of liquor. One of them introduces the notion of a \"pony\", an event in your early childhood that is an embarrassment and that marks you for the rest of your life. From then on, revelations about each are made by the other two in an effort to encover such ponys. A more virulent form of the game of telling a secret about yourself.",
    "genres" : [ {
      "id" : 18,
      "name" : "Drama"
    }, {
      "id" : 35,
      "name" : "Comedy"
    } ]
  }, {
    "id" : 356369,
    "title" : "Be A Man",
    "overview" : "Be A Man is a documentary that follows comedian Ray Harrington on his journey to discover what it means to be a Modern Man before the birth of his son.",
    "genres" : [ ]
  }, {
    "id" : 356374,
    "title" : "Kellog's Pop Tarts Comedy Video",
    "overview" : "Featuring Paula Poundstone.  With Anthony Griffith, Doug Kehoe, Marty Putz, Jeff Stilson",
    "genres" : [ {
      "id" : 35,
      "name" : "Comedy"
    } ]
  }, {
    "id" : 356379,
    "title" : "Keeping Watch",
    "overview" : "The sudden arrival of Han provides a diversion from Ching's monotonous life as the proprietor of the family clock shop. She quickly falls in love with the young man who claims to be her high school classmate, but her bliss proves short-lived as he disappears just as abruptly. Worried, Ching calls Han's parents, only to be told that he died many years ago.",
    "genres" : [ {
      "id" : 10749,
      "name" : "Romance"
    }, {
      "id" : 9648,
      "name" : "Mystery"
    } ]
  }, {
    "id" : 356384,
    "title" : "Father and Son",
    "overview" : "About the wealthy Mr Markurell and his son, Johan, who is closing in on his graduation, and their life in the city of Wadköping.",
    "genres" : [ ]
  }, {
    "id" : 356389,
    "title" : "Underneath",
    "overview" : "A common criminal breaks into a mans home and gets more than he bargained for.",
    "genres" : [ ]
  }, {
    "id" : 356394,
    "title" : "O Segredo das Obras de Goya",
    "overview" : "",
    "genres" : [ {
      "id" : 99,
      "name" : "Documentary"
    } ]
  }, {
    "id" : 356399,
    "title" : "Mohalla Assi",
    "overview" : "Based on Dr. Kashinath Singh's Hindi novel 'Kashi Ka Assi', a religious satire based on the commercialization of the pilgrimage city, and fake gurus who lure the visitors and tourists. Assi Ghat is a burning ghat on the river banks of Ganges flowing into the middle of Banaras, India. The film is based in a famous, historical locality by the ghat, on the southern end of Banaras (Varanasi).",
    "genres" : [ {
      "id" : 18,
      "name" : "Drama"
    } ]
  }, {
    "id" : 356404,
    "title" : "Ceallaigh at Kilmainham",
    "overview" : "A 16mm collaged and handcrafted personal essay short film that serves as an exploration of land, roots, and the struggle and strength of the persevering women who came before me. This filmic essay exploration is set against the backdrop of Ireland's radical history.",
    "genres" : [ {
      "id" : 99,
      "name" : "Documentary"
    } ]
  } ]
}