{
  "movies" : [ {
    "id" : 14154,
    "title" : "War Games: The Dead Code",
    "overview" : "Computer hacker Will Farmer engages a government super-computer named Ripley in an online terrorist-attack simulation game. Little does Farmer know that Ripley has been designed to appeal to potential terrorists, and certain software glitches have in turn made him become paranoid.",
    "genres" : [ {
      "id" : 878,
      "name" : "Science Fiction"
    }, {
      "id" : 18,
      "name" : "Drama"
    }, {
      "id" : 53,
      "name" : "Thriller"
    } ]
  }, {
    "id" : 14159,
    "title" : "Aaja Nachle",
    "overview" : "Dia is a divorced mom living in New York and must go back to India after she receives news that her guru is on his death bed. When she arrives she finds he is gone and has left her the responsibility of saving and reviving the Ajanta Theater where she used to dance. The problem is that the political officers want it torn down and turned into a shopping mall. The storyline follows Dia and her challenge to stand up for what she believes in and fight the cause to the end, while trying to win back the love and support of the people of the town whom she walked out on ten years prior.",
    "genres" : [ {
      "id" : 10749,
      "name" : "Romance"
    }, {
      "id" : 18,
      "name" : "Drama"
    } ]
  }, {
    "id" : 14164,
    "title" : "Dragonball Evolution",
    "overview" : "The young warrior Son Goku sets out on a quest, racing against time and the vengeful King Piccolo, to collect a set of seven magical orbs that will grant their wielder unlimited power.",
    "genres" : [ {
      "id" : 28,
      "name" : "Action"
    }, {
      "id" : 12,
      "name" : "Adventure"
    }, {
      "id" : 14,
      "name" : "Fantasy"
    }, {
      "id" : 878,
      "name" : "Science Fiction"
    }, {
      "id" : 53,
      "name" : "Thriller"
    } ]
  }, {
    "id" : 14169,
    "title" : "Arizona Colt",
    "overview" : "Bandit Gordon frees a group of prisoners, forcing them to join his gang or die. Arizona Colt, declining to do either, heads for Blackstone City where Gordon is planning a robbery. When one of Gordon's men murders saloon girl Dolores, Arizona offers to hunt down the killer for the price of five hundred dollars and Dolores' sister, Jane.",
    "genres" : [ {
      "id" : 37,
      "name" : "Western"
    } ]
  }, {
    "id" : 14174,
    "title" : "Lie with Me",
    "overview" : "Happily unattached, the sexually voracious Leila satisfies her desires with a host of rapidly changing bed partners, unconcerned about the emotional consequences. But that all changes when she meets an artist looking for a deeper commitment.",
    "genres" : [ {
      "id" : 18,
      "name" : "Drama"
    } ]
  }, {
    "id" : 14189,
    "title" : "Three Days To Vegas",
    "overview" : "Four grumpy old men go on a road trip from their retired life in Florida to the excitement of Las Vegas in order to stop one of their daughters from marrying the wrong guy.",
    "genres" : [ {
      "id" : 35,
      "name" : "Comedy"
    } ]
  }, {
    "id" : 14194,
    "title" : "Dhoom 2",
    "overview" : "In the second installment of the Dhoom series, Jai and Ali are back as the buddy cops on their toughest job so far. \"Mr.A\" is an international thief who has planned to steal a priceless artifact in Mumbai and the police have got to nab him. But Mr.A manages to steal the artifact and elude the police. He finds his match in Sunehri and they form a partnership. They move on to Rio for their next job, with Jai and Ali hot on their trail. Mr.A whose actual name is Aryan, and Sunehri are drawn towards each other but little does Aryan know of Sunehri's little secret.",
    "genres" : [ {
      "id" : 18,
      "name" : "Drama"
    }, {
      "id" : 28,
      "name" : "Action"
    }, {
      "id" : 53,
      "name" : "Thriller"
    }, {
      "id" : 80,
      "name" : "Crime"
    } ]
  }, {
    "id" : 14199,
    "title" : "The Adventures of Sharkboy and Lavagirl",
    "overview" : "Everyone always knew that Max had a wild imagination, but no one believed that his wildest creations -- a boy raised by watchful great white sharks and a girl with the force of a volcano -- were real. Now, these two pint-sized action masters will show Max that even an ordinary kid has what it takes to be extraordinary.",
    "genres" : [ {
      "id" : 12,
      "name" : "Adventure"
    }, {
      "id" : 10751,
      "name" : "Family"
    }, {
      "id" : 878,
      "name" : "Science Fiction"
    } ]
  }, {
    "id" : 14204,
    "title" : "Ping Pong Playa",
    "overview" : "Streetwise swaggering Christopher \"C-Dub\" Wang is a suburban guy who waxes political on all things Asian American and clings to pro basketball pipe dreams. But when misfortune strikes his family, C-dub must overcome living at home, working a dead-end job and his worldly older brother, to run his Mom's ping pong classes and defend the family's athletic dynasty.",
    "genres" : [ {
      "id" : 35,
      "name" : "Comedy"
    }, {
      "id" : 18,
      "name" : "Drama"
    } ]
  }, {
    "id" : 14209,
    "title" : "The Morgue",
    "overview" : "Trapped between the physical world and the afterlife, between dusk and dawn, six strangers, brought together through a series of unusual events, are an enigma to themselves and go mysteriously unnoticed by others. In their futile attempt for survival, they latch on to each other at a desolate mortuary in hopes of making it through the night. There is an astonishing twist in this INTENSE psychological thriller...more is happening at the Morgue than meets the eye.",
    "genres" : [ {
      "id" : 27,
      "name" : "Horror"
    }, {
      "id" : 53,
      "name" : "Thriller"
    }, {
      "id" : 9648,
      "name" : "Mystery"
    } ]
  }, {
    "id" : 14214,
    "title" : "Thoda Pyaar Thoda Magic",
    "overview" : "One day they pray to God for help and he does help them. He sends his most mischievous, childlike, lovable angel to the rescue, with a mission to bring Ranbeer and the kids together. Geeta (Rani Mukerji) comes bicycling down a rainbow… and bursts into Ranbeer's house as the selfproclaimed new nanny. And then starts the roller coaster ride of fun, emotions, magic and love.",
    "genres" : [ {
      "id" : 18,
      "name" : "Drama"
    }, {
      "id" : 35,
      "name" : "Comedy"
    } ]
  }, {
    "id" : 14219,
    "title" : "Skinwalkers",
    "overview" : "Creatures, bound by the blood of the wolf, that can kill with curses and move at lightening speed, watching the night sky for the rise of the blood-red crescent moon. They are SKINWALKERS. They feed on our flesh and thirst for the taste of human blood. The red moon signals each pack, divided by principles, hell bent to survive an ancient prophecy.",
    "genres" : [ {
      "id" : 14,
      "name" : "Fantasy"
    }, {
      "id" : 28,
      "name" : "Action"
    }, {
      "id" : 27,
      "name" : "Horror"
    } ]
  }, {
    "id" : 14224,
    "title" : "E=mc²",
    "overview" : "The film tells about mainly three people - Max, a bored, smart, poor University Professor of Philosophy; Ramzes, a mafia leader, cool, strong, merciless bully and Stella, Ramzes girlfriend.",
    "genres" : [ {
      "id" : 28,
      "name" : "Action"
    }, {
      "id" : 35,
      "name" : "Comedy"
    } ]
  }, {
    "id" : 14229,
    "title" : "Do You Like Hitchcock?",
    "overview" : "In 1990, as a boy, Giulio was chased through the woods by two women after spying on them practicing witchcraft. Now a young film student in Turin, he watches his neighbors in the flats across from his third floor apartment, especially Sasha when she's naked or arguing with her mother. Giulio's girlfriend is disgusted with his voyeurism, but, after a murder occurs, Giulio is convinced that two relative strangers, just as in Hitchcock and Highsmith's \"Strangers in a Train,\" have agreed to murder each other's bête noir. He follows his suspects, ends up with an intruder and a broken foot, and may be in real danger. Is he more than a peeping Tom?",
    "genres" : [ {
      "id" : 9648,
      "name" : "Mystery"
    }, {
      "id" : 27,
      "name" : "Horror"
    }, {
      "id" : 53,
      "name" : "Thriller"
    } ]
  }, {
    "id" : 14234,
    "title" : "Ploy",
    "overview" : "A husband and wife are locked inside a single hotel room with a stranger named Ploy. Subtle suspicions build up to jealousy as the young woman triggers devastating consequences for the couple.",
    "genres" : [ {
      "id" : 18,
      "name" : "Drama"
    } ]
  }, {
    "id" : 14239,
    "title" : "Cool World",
    "overview" : "Jack Deebs is a cartoonist who is due to be released from jail. His comic book \"Cool World\" describes a zany world populated by \"doodles\" (cartoon characters) and \"noids\" (humanoids). What Jack didn't realize is that Cool World really does exist, and a \"doodle\" scientist has just perfected a machine which links Cool World with our world. Intrigued at seeing his creating come to life, Jack is nonetheless wary as he knows that not everything in Cool World is exactly friendly.",
    "genres" : [ {
      "id" : 16,
      "name" : "Animation"
    }, {
      "id" : 35,
      "name" : "Comedy"
    }, {
      "id" : 14,
      "name" : "Fantasy"
    } ]
  }, {
    "id" : 14244,
    "title" : "Chris Rock: Kill the Messenger",
    "overview" : "An HBO special edited from three performances from Chris Rock's 2008 comedy tour: London (dark suit, dark shirt), Johannesburg (black suit, white shirt) and New York (shiny jacket). Topics include the ongoing presidential campaign, the possibility of a black president, George W. Bush, gas prices, low-paid jobs, ringtones and bottled water, sex, relationships and the correct use of the n-word",
    "genres" : [ {
      "id" : 35,
      "name" : "Comedy"
    } ]
  }, {
    "id" : 14249,
    "title" : "Revenge",
    "overview" : "Michael ‘Jay’ Cochran has just left the Navy after 12 years and he's not quite sure what he's going to do, except that he knows he wants a holiday. He decides to visit Tiburon Mendez, a powerful but shady Mexican businessman who he once flew to Alaska for a hunting trip. Arriving at the Mendez mansion in Mexico, he is immediately surprised by the beauty and youth of Mendez’s wife, Miryea.",
    "genres" : [ {
      "id" : 10749,
      "name" : "Romance"
    }, {
      "id" : 53,
      "name" : "Thriller"
    } ]
  }, {
    "id" : 14254,
    "title" : "The Uninvited",
    "overview" : "Anna returns home after spending time in a psychiatric facility following her mother's tragic death and discovers that her mother's former nurse, Rachel, has moved into their house and become engaged to her father. Soon after she learns this shocking news, Anna is visited by her mother's ghost, who warns her that Rachel has evil intentions.",
    "genres" : [ {
      "id" : 18,
      "name" : "Drama"
    }, {
      "id" : 27,
      "name" : "Horror"
    }, {
      "id" : 53,
      "name" : "Thriller"
    } ]
  }, {
    "id" : 14264,
    "title" : "Hip Hop Immortals We Got Your Kids",
    "overview" : "No overview found.",
    "genres" : [ {
      "id" : 99,
      "name" : "Documentary"
    } ]
  }, {
    "id" : 14269,
    "title" : "Polyester",
    "overview" : "A suburban housewife's world falls apart when her pornographer husband admits he's serially unfaithful to her, her daughter gets pregnant, and her son is suspected of being the foot-fetishist who's been breaking local women's feet.",
    "genres" : [ {
      "id" : 35,
      "name" : "Comedy"
    } ]
  }, {
    "id" : 14274,
    "title" : "The Heart of the Game",
    "overview" : "The Heart of the Game captures the passion and energy of a Seattle high school girls' basketball team as they strive to win the state championship, the eccentricity of their unorthodox coach, and the incredible true story of one player's fight to play the game she loves.",
    "genres" : [ {
      "id" : 99,
      "name" : "Documentary"
    } ]
  }, {
    "id" : 14279,
    "title" : "My Kid Could Paint That",
    "overview" : "A look at the work and surprising success of a four-year-old girl whose paintings have been compared to the likes of Picasso and has raked in hundreds of thousands of dollars.",
    "genres" : [ {
      "id" : 99,
      "name" : "Documentary"
    } ]
  }, {
    "id" : 14284,
    "title" : "In the Shadow of the Moon",
    "overview" : "Archival material from the original NASA film footage – much of it seen for the first time – plus interviews with the surviving astronauts, including Jim Lovell, Dave Scott, John Young, Gene Cernan, Mike Collins, Buzz Aldrin, Alan Bean, Edgar Mitchell, Charlie Duke and Harrison Schmitt.",
    "genres" : [ {
      "id" : 99,
      "name" : "Documentary"
    } ]
  }, {
    "id" : 14289,
    "title" : "Fire Down Below",
    "overview" : "Martial arts star Steven Seagal stars in this action drama as Jack Taggart, an undercover agent working for the Environmental Protection Agency. When an EPA representative is murdered in a small Appalachian community, Taggart is sent in -- posing as a handyman working with a Christian relief agency -- to find out what happened.",
    "genres" : [ {
      "id" : 28,
      "name" : "Action"
    }, {
      "id" : 12,
      "name" : "Adventure"
    }, {
      "id" : 80,
      "name" : "Crime"
    }, {
      "id" : 53,
      "name" : "Thriller"
    } ]
  }, {
    "id" : 14294,
    "title" : "Through the Fire",
    "overview" : "\"Through the Fire\" chronicles the journey of Coney Island basketball star, Sebastian Telfair, from famed Lincoln High School straight to the NBA.",
    "genres" : [ {
      "id" : 99,
      "name" : "Documentary"
    } ]
  }, {
    "id" : 14299,
    "title" : "Cadillac Records",
    "overview" : "The story of sex, violence, race and rock and roll in 1950s Chicago, and the exciting but turbulent lives of some of America's musical legends, including Muddy Waters, Leonard Chess, Little Walter, Howlin' Wolf, Etta James and Chuck Berry.",
    "genres" : [ {
      "id" : 18,
      "name" : "Drama"
    }, {
      "id" : 36,
      "name" : "History"
    }, {
      "id" : 10402,
      "name" : "Music"
    } ]
  }, {
    "id" : 14324,
    "title" : "Virgin Territory",
    "overview" : "The film is set in Tuscany during the Black Death. As in the Decameron, ten young Florentines take refuge from the plague. But instead of telling stories, they have lusty adventures, bawdy exchanges, romance and swordplay. There are randy nuns, Saracen pirates, and a sexy cow.",
    "genres" : [ {
      "id" : 12,
      "name" : "Adventure"
    }, {
      "id" : 28,
      "name" : "Action"
    }, {
      "id" : 35,
      "name" : "Comedy"
    }, {
      "id" : 10749,
      "name" : "Romance"
    } ]
  }, {
    "id" : 14329,
    "title" : "Fia og klovnene",
    "overview" : "Fia er flink til å klatre og stjele og å passe på moren sin. Men en dag sprekker det. Politiet kommer og barnevernet bestemmer at Nanna og Siggen skal være fosterforeldre for Fia, og at hun må gå på skolen. Heldigvis har hun en venn i naboen Bustric, som er klovn og tryllekunstner, og som hun håper kan hjelpe henne med å trylle verden som hun vil ha den.",
    "genres" : [ {
      "id" : 18,
      "name" : "Drama"
    } ]
  }, {
    "id" : 14334,
    "title" : "The Secret of Roan Inish",
    "overview" : "10-year-old Fiona is sent to live with her grandparents in a small fishing village in Donegal, Ireland. She soon learns the local legend that an ancestor of hers married a Selkie - a seal who can turn into a human. Years earlier, her baby brother was washed out to sea and never seen again, so when Fiona spies a naked little boy on the abandoned Isle of Roan Inish, she is compelled to investigate..",
    "genres" : [ {
      "id" : 18,
      "name" : "Drama"
    }, {
      "id" : 10751,
      "name" : "Family"
    }, {
      "id" : 14,
      "name" : "Fantasy"
    } ]
  }, {
    "id" : 14339,
    "title" : "Gamers",
    "overview" : "Gamers is a comedy about the lives of four slacker friends (and one obsessive interloper) living at home, -\"with my parents... it's just temporary... 'til they die\"- working in the real world but playing in a fantasy world. Obsessed with a role playing game called Demons, Nymphs and Dragons these \"gamers\" are the subject of this hilarious comedy.",
    "genres" : [ {
      "id" : 35,
      "name" : "Comedy"
    } ]
  }, {
    "id" : 14344,
    "title" : "Whole New Thing",
    "overview" : "Socially isolated by his parents (Rebecca Jenkins, Robert Joy), an androgynous teen (Aaron Webber) enrolls in high school and develops a crush on his male teacher (Daniel MacIvor).",
    "genres" : [ {
      "id" : 35,
      "name" : "Comedy"
    }, {
      "id" : 18,
      "name" : "Drama"
    } ]
  }, {
    "id" : 14349,
    "title" : "Sleepwalking",
    "overview" : "When her boyfriend is arrested for marijuana possession, Joleen Reedy and her 11-year-old daughter, Tara, take refuge with Joleen's aimless brother, James. Joleen soon runs off with a truck driver, and James is unable to meet his responsibilities. After Child Protective Services takes possession of Tara, James abducts her from a foster home, and the two travel from California to Utah, where his abusive father lives.",
    "genres" : [ {
      "id" : 18,
      "name" : "Drama"
    } ]
  }, {
    "id" : 14359,
    "title" : "Doubt",
    "overview" : "In 1964, a Catholic school nun questions a priest's ambiguous relationship with a troubled young student, suspecting him of abuse. He denies the charges, and much of the film's quick-fire dialogue tackles themes of religion, morality, and authority.",
    "genres" : [ {
      "id" : 18,
      "name" : "Drama"
    }, {
      "id" : 9648,
      "name" : "Mystery"
    } ]
  }, {
    "id" : 14369,
    "title" : "Out Cold",
    "overview" : "Animal House meets Casablanca in this outrageous snowboarding comedy. Rick Rambis and his friends are having the time of their lives on Bull Mountain until the legendary Papa Muntz' son decides to sell the mountain to sleazy land developer John Majors, having the staff fired and turning Bull Mountain into 'Yuppieville'.",
    "genres" : [ {
      "id" : 35,
      "name" : "Comedy"
    } ]
  }, {
    "id" : 14384,
    "title" : "Soldier Blue",
    "overview" : "After a cavalry group is massacred by the Cheyenne, only two survivors remain: Honus, a naive private devoted to his duty, and Cresta, a young woman who had lived with the Cheyenne two years and whose sympathies lie more with them than with the US government. Together, they must try to reach the cavalry's main base camp. As they travel onward, Honus is torn between his growing affection for Cresta.",
    "genres" : [ {
      "id" : 28,
      "name" : "Action"
    }, {
      "id" : 18,
      "name" : "Drama"
    }, {
      "id" : 10749,
      "name" : "Romance"
    }, {
      "id" : 37,
      "name" : "Western"
    } ]
  }, {
    "id" : 14389,
    "title" : "Danny Deckchair",
    "overview" : "Based on a true story, the tale of a cement truck driver named Danny, whose long awaited vacation is cancelled thanks to his scheming girlfriend, Trudy. Danny escapes his grim life in suburban Australia and blasts into the skies in a chair tied with helium balloons. A mighty thunderstorm blows him clean off the map, and spits him out far away over the lush green town of Clarence. In this new town, he rockets into the world of Glenda, the town's only parking cop. While the media back home becomes obsessed with the story of his disappearance, Danny gets to reinvent himself in this new town, and in his great adventure, he discovers a true soul mate in Glenda. Fate catches up with him eventually, as Danny's true identity is revealed and Trudy--now a tabloid celebrity--comes to the idyllic town to claim Danny and drag him back to Sydney. Danny, however, is a changed man; he's discovered what it means to be happy and has found a new self-worth.",
    "genres" : [ {
      "id" : 35,
      "name" : "Comedy"
    }, {
      "id" : 10749,
      "name" : "Romance"
    } ]
  }, {
    "id" : 14394,
    "title" : "Sarkar Raj",
    "overview" : "The politically influential Shankar Nagre agrees to back a power plant scheme presented by corporate hotshot Anita Rajan; providing their enemies, which include upcoming political firebrands, an embezzling facilitator and shady businessmen with a unique opportunity to destroy the mass political clout enjoyed by him and his father (Subhash Nagre), the political icon known as \"Sarkar\".",
    "genres" : [ {
      "id" : 28,
      "name" : "Action"
    }, {
      "id" : 12,
      "name" : "Adventure"
    }, {
      "id" : 80,
      "name" : "Crime"
    }, {
      "id" : 18,
      "name" : "Drama"
    } ]
  }, {
    "id" : 14399,
    "title" : "Killing Cabos",
    "overview" : "Oscar Cabos, a multimillionaire tycoon, is being held for ransom--only his captors have nabbed the wrong man. Now, to get their money, they must find the real Cabos--which could get tricky since he's been counter-kidnapped by his future son-in-law and impersonated by his childhood friend (now his janitor), Nacho.",
    "genres" : [ {
      "id" : 28,
      "name" : "Action"
    }, {
      "id" : 12,
      "name" : "Adventure"
    }, {
      "id" : 35,
      "name" : "Comedy"
    }, {
      "id" : 80,
      "name" : "Crime"
    }, {
      "id" : 10769,
      "name" : "Foreign"
    } ]
  }, {
    "id" : 14409,
    "title" : "Vampire Party",
    "overview" : "Sam, Prune et Alice sont trois amis squatteurs de soirées. Le jour où ils dénichent des invitations pour la très mystérieuse Nuit Médicis, ils pensent avoir décroché le gros lot...",
    "genres" : [ {
      "id" : 14,
      "name" : "Fantasy"
    }, {
      "id" : 27,
      "name" : "Horror"
    }, {
      "id" : 35,
      "name" : "Comedy"
    }, {
      "id" : 10769,
      "name" : "Foreign"
    } ]
  }, {
    "id" : 14414,
    "title" : "Honeydripper",
    "overview" : "In 1950s Alabama, the owner of the Honeydripper juke joint finds his business dropping off and against his better judgment, hires a young electric guitarist in a last ditch effort to draw crowds during harvest time.",
    "genres" : [ {
      "id" : 18,
      "name" : "Drama"
    }, {
      "id" : 10402,
      "name" : "Music"
    } ]
  }, {
    "id" : 14419,
    "title" : "Coluche, l'histoire d'un mec",
    "overview" : "No overview found.",
    "genres" : [ {
      "id" : 35,
      "name" : "Comedy"
    }, {
      "id" : 18,
      "name" : "Drama"
    } ]
  }, {
    "id" : 14424,
    "title" : "Sex and Death 101",
    "overview" : "A guy's life is turned around by an email, which includes the names of everyone he's had sex with and ever will have sex with. His situation gets worse when he encounters a femme fatale (Ryder) who targets men guilty of sex crime.",
    "genres" : [ {
      "id" : 35,
      "name" : "Comedy"
    }, {
      "id" : 10749,
      "name" : "Romance"
    }, {
      "id" : 18,
      "name" : "Drama"
    } ]
  }, {
    "id" : 14429,
    "title" : "Drive Me Crazy",
    "overview" : "Nicole and Chase live next door to each other but are worlds apart. However, they plot a scheme to date each other in order to attract the interest and jealousy of their respective romantic prey. But in the mist of planning a gala centennial celebration, Nicole and Chase find that the one they always wanted was closer than they ever thought.",
    "genres" : [ {
      "id" : 18,
      "name" : "Drama"
    }, {
      "id" : 35,
      "name" : "Comedy"
    }, {
      "id" : 10749,
      "name" : "Romance"
    }, {
      "id" : 10751,
      "name" : "Family"
    } ]
  }, {
    "id" : 14434,
    "title" : "I Think I Love My Wife",
    "overview" : "Richard Cooper (Rock) is a married man and father of two who is just plain bored with married life. Not getting any sex from his wife, he resorts to ogling random women on the street to the point he takes lunch late to look at them. When old crush Nikki Tru (Kerry Washington) visits his office to get a reference letter, she becomes obsessed with Cooper and they begin a complicated relationship.",
    "genres" : [ {
      "id" : 35,
      "name" : "Comedy"
    }, {
      "id" : 10749,
      "name" : "Romance"
    } ]
  }, {
    "id" : 14439,
    "title" : "The Pentagon Wars",
    "overview" : "From the director of “Made In America” and “The Money Pit” comes a hilarious look at one of the most expensive blunders in military history. Over 17 years and almost as many billion dollars have gone into devising the BFV (Bradley Fighting Vehicle). There's only one problem. . . it doesn't work.",
    "genres" : [ {
      "id" : 35,
      "name" : "Comedy"
    }, {
      "id" : 18,
      "name" : "Drama"
    }, {
      "id" : 10752,
      "name" : "War"
    } ]
  }, {
    "id" : 14444,
    "title" : "The Rugrats Movie",
    "overview" : "Tommy faces responsibility when Dil, his new baby brother, is born. As with all newborns, the child becomes a bane to Tommy and the rest of his gang. They decide to return Dil to where he came from, the hospital, but they get lost along the way. Can they find their way home and can Tommy and Dil learn to get along?",
    "genres" : [ {
      "id" : 16,
      "name" : "Animation"
    }, {
      "id" : 10751,
      "name" : "Family"
    } ]
  }, {
    "id" : 14449,
    "title" : "The Banquet",
    "overview" : "907 AD, the Tang Dynasty in China. The movie is set in an empire in chaos. The Emperor, the Empress, the Crown Prince, the Minister and the General all have their own enemies.",
    "genres" : [ {
      "id" : 14,
      "name" : "Fantasy"
    }, {
      "id" : 18,
      "name" : "Drama"
    }, {
      "id" : 28,
      "name" : "Action"
    }, {
      "id" : 36,
      "name" : "History"
    } ]
  }, {
    "id" : 14459,
    "title" : "Storm Warning",
    "overview" : "A yuppie couple lost in a swamp seek refuge at an isolated farmhouse only to discover they've jumped out of the frying pan into the fire.",
    "genres" : [ {
      "id" : 27,
      "name" : "Horror"
    } ]
  }, {
    "id" : 14464,
    "title" : "Hot Pursuit",
    "overview" : "Young Danny is following his rich girlfriend's family to the Caribbean. But suddenly he simply must make a chemistry test and cannot go with them. After they have left, he gets a leave from his professor and takes a plane to find them. But he is not quite sure where they are, and meets smugglers, crazy captains and murderers.",
    "genres" : [ {
      "id" : 35,
      "name" : "Comedy"
    } ]
  }, {
    "id" : 14469,
    "title" : "Bullet",
    "overview" : "A tough, Jewish ex-con just released from prison crosses a powerful drug dealer and former prison rival in his return to a life of crime.",
    "genres" : [ {
      "id" : 28,
      "name" : "Action"
    }, {
      "id" : 18,
      "name" : "Drama"
    }, {
      "id" : 53,
      "name" : "Thriller"
    } ]
  }, {
    "id" : 14474,
    "title" : "The Oh in Ohio",
    "overview" : "Priscilla and Jack appear to be the perfect couple, but they have a secret: She is sexually frustrated. They separate in the hope of resolving the situation. While Jack moves into a bachelor pad and begins an affair with a student, Priscilla discovers the joys of self-pleasuring and finds an unusual bed-mate.",
    "genres" : [ {
      "id" : 35,
      "name" : "Comedy"
    }, {
      "id" : 18,
      "name" : "Drama"
    }, {
      "id" : 10749,
      "name" : "Romance"
    } ]
  }, {
    "id" : 14479,
    "title" : "Letuchiy korabl",
    "overview" : "264 Views  Es war einmal - hinter dunklen Wäldern, hinter öden Sandwüsten… - Dort lebte der Recke Kotigoroschko mit seiner Mutter und seiner Schwester Aljonka.  Als Aljonka eines Tages von einem bösen Drachen in sein fernes, entlegenes Land entführt wird, begibt sich Kotigoroschko auf den beschwerlichen Weg, um seine Schwester zu befreien. Allerorten lauern Gefahren. Überall bekämpfen ihn die untertänigen Diener des Drachen. Aber immer wieder helfen dem tapferen Recken auch gutherzige Menschen die abenteuerliche Reise zu bestehen: Sie überreichen ihm ein Schwert, geben ihm Lebenswasser und ein fliegendes Schiff, das aus einer Wundereiche gefertigt wurde. Schließlich betritt Kotigoroschko das Reich des Drachens…",
    "genres" : [ ]
  }, {
    "id" : 14484,
    "title" : "Body Shots",
    "overview" : "The Los Angeles club scene is a place of booze-fueled decadence and debauchery. In a night full of possibilities, eight 20-somethings take to the clubs seeking good times, companionship and maybe a little sex. But in the harsh light of the morning after, their worlds are thrown into a spin of confusion when hungover Sara accuses hard-partying Mike of date rape. Loyalties are tested as each among them is forced to take sides.",
    "genres" : [ {
      "id" : 18,
      "name" : "Drama"
    }, {
      "id" : 10749,
      "name" : "Romance"
    } ]
  }, {
    "id" : 14489,
    "title" : "The Scarlet Flower",
    "overview" : "A merchant is living in a fairytale Russia of hundreds of years ago. When he is making a journey to market, his three daughters each ask for a present to be brought back...",
    "genres" : [ {
      "id" : 10751,
      "name" : "Family"
    }, {
      "id" : 14,
      "name" : "Fantasy"
    }, {
      "id" : 10749,
      "name" : "Romance"
    } ]
  }, {
    "id" : 14499,
    "title" : "Mio in the Land of Faraway",
    "overview" : "They're two best friends, a million miles from home. On an incredible adventure, beyond the boundaries of space and time. A fantasy about a lonely boy who is transferred from his dull life with his adoptive parents to the land where his real father is the king.",
    "genres" : [ {
      "id" : 12,
      "name" : "Adventure"
    }, {
      "id" : 18,
      "name" : "Drama"
    }, {
      "id" : 14,
      "name" : "Fantasy"
    }, {
      "id" : 10751,
      "name" : "Family"
    }, {
      "id" : 9648,
      "name" : "Mystery"
    } ]
  }, {
    "id" : 14524,
    "title" : "Cass",
    "overview" : "The incredible true story of how an orphaned Jamaican baby, adopted by an elderly white couple and brought up in an all white area of London, became one of the most feared and respected men in Britain.",
    "genres" : [ {
      "id" : 80,
      "name" : "Crime"
    }, {
      "id" : 18,
      "name" : "Drama"
    } ]
  }, {
    "id" : 14529,
    "title" : "My Name Isn't Johnny",
    "overview" : "No overview found.",
    "genres" : [ ]
  }, {
    "id" : 14534,
    "title" : "Rudy",
    "overview" : "Rudy grew up in a steel mill town where most people ended up working, but wanted to play football at Notre Dame instead. There were only a couple of problems. His grades were a little low, his athletic skills were poor, and he was only half the size of the other players. But he had the drive and the spirit of 5 people and has set his sights upon joining the team.",
    "genres" : [ {
      "id" : 18,
      "name" : "Drama"
    } ]
  }, {
    "id" : 14539,
    "title" : "An Empress and the Warriors",
    "overview" : "After the death of her father, a woman is forced to take over as empress and fight to save her kingdom.",
    "genres" : [ {
      "id" : 28,
      "name" : "Action"
    }, {
      "id" : 12,
      "name" : "Adventure"
    } ]
  }, {
    "id" : 14544,
    "title" : "Roll Bounce",
    "overview" : "From Wikipedia, the free encyclopedia. Roll Bounce is a 2005 American comedy-drama film written by Norman Vance Jr. and directed by Malcolm D. Lee. The film stars hip hop artist Bow Wow as the leader of a roller skating crew in 1970s Chicago. The film also stars Nick Cannon, Meagan Good, Brandon T. Jackson, Wesley Jonathan, Chi McBride, Kellita Smith, and Jurnee Smollett. Description above from the Wikipedia article Roll Bounce, licensed under CC-BY-SA, full list of contributors on Wikipedia.",
    "genres" : [ {
      "id" : 35,
      "name" : "Comedy"
    }, {
      "id" : 18,
      "name" : "Drama"
    }, {
      "id" : 10751,
      "name" : "Family"
    } ]
  }, {
    "id" : 14549,
    "title" : "Night Train",
    "overview" : "Two Passengers (Sobieski and Zahn) and the conductor (Glover), discovered that a person has passed away on their Night Train cabin. They come across valuable diamonds on his person, that they decide to keep for themselves...",
    "genres" : [ {
      "id" : 53,
      "name" : "Thriller"
    }, {
      "id" : 28,
      "name" : "Action"
    }, {
      "id" : 80,
      "name" : "Crime"
    } ]
  }, {
    "id" : 14554,
    "title" : "Bad Day at Black Rock",
    "overview" : "A stranger visits a tiny Western town determined to keep a horrible secret.",
    "genres" : [ {
      "id" : 80,
      "name" : "Crime"
    }, {
      "id" : 18,
      "name" : "Drama"
    }, {
      "id" : 37,
      "name" : "Western"
    } ]
  }, {
    "id" : 14564,
    "title" : "Rings",
    "overview" : "Julia becomes worried about her boyfriend, Holt when he explores the dark urban legend of a mysterious videotape said to kill the watcher seven days after viewing. She sacrifices herself to save her boyfriend and in doing so makes a horrifying discovery: there is a \"movie within the movie\" that no one has ever seen before.",
    "genres" : [ {
      "id" : 27,
      "name" : "Horror"
    } ]
  }, {
    "id" : 14569,
    "title" : "I-See-You.Com",
    "overview" : "A 17-year-old boy buys mini-cameras and displays the footage online at I-see-you.com. The cash rolls in as the site becomes a major hit. Everyone seems to have fun until it all comes crashing down....",
    "genres" : [ {
      "id" : 35,
      "name" : "Comedy"
    } ]
  }, {
    "id" : 14574,
    "title" : "The Boy in the Striped Pyjamas",
    "overview" : "When his family moves from their home in Berlin to a strange new house in Poland, young Bruno befriends Shmuel, a boy who lives on the other side of the fence where everyone seems to be wearing striped pajamas. Unaware of Shmuel's fate as a Jewish prisoner or the role his own Nazi father plays in his imprisonment, Bruno embarks on a dangerous journey inside the camp's walls.",
    "genres" : [ {
      "id" : 10752,
      "name" : "War"
    }, {
      "id" : 18,
      "name" : "Drama"
    } ]
  }, {
    "id" : 14579,
    "title" : "Lake City",
    "overview" : "In this searing Southern drama, a mother and son reunite under desperate circumstances years after a family tragedy drove them far apart.",
    "genres" : [ {
      "id" : 28,
      "name" : "Action"
    }, {
      "id" : 18,
      "name" : "Drama"
    } ]
  }, {
    "id" : 14584,
    "title" : "The Cheap Detective",
    "overview" : "Spoofing the entire 1940s detective genre, and his own performances as a bumbling private detective, Peter Falk plays Lou Pekinpaugh, a San Francisco private detective accused of murdering his partner at the instigation of his mistress, the partner's wife, Georgia Merkle.",
    "genres" : [ {
      "id" : 35,
      "name" : "Comedy"
    }, {
      "id" : 53,
      "name" : "Thriller"
    }, {
      "id" : 80,
      "name" : "Crime"
    }, {
      "id" : 9648,
      "name" : "Mystery"
    } ]
  }, {
    "id" : 14589,
    "title" : "Another Thin Man",
    "overview" : "An explosives manufacturer suspects a young man is out to kill him. He calls in Nick and Nora (with new baby) to sort things out.",
    "genres" : [ {
      "id" : 35,
      "name" : "Comedy"
    }, {
      "id" : 18,
      "name" : "Drama"
    } ]
  }, {
    "id" : 14594,
    "title" : "The Thin Man Goes Home",
    "overview" : "Nick and Nora go on holiday, and end up involved in a murder.",
    "genres" : [ {
      "id" : 35,
      "name" : "Comedy"
    }, {
      "id" : 9648,
      "name" : "Mystery"
    }, {
      "id" : 53,
      "name" : "Thriller"
    } ]
  }, {
    "id" : 14604,
    "title" : "Hold That Ghost",
    "overview" : "Two bumbling service station attendants are left as the sole beneficiaries in a gangster's will. Their trip to claim their fortune is sidetracked when they are stranded in a haunted house along with several other strangers.",
    "genres" : [ {
      "id" : 35,
      "name" : "Comedy"
    } ]
  }, {
    "id" : 14609,
    "title" : "Ultimate Avengers",
    "overview" : "When a nuclear missile was fired at Washington in 1945, Captain America managed to detonate it in the upper atmosphere. But then he fell miles into the icy depths of the North Atlantic, where he remained lost for over sixty years. But now, with the world facing the very same evil, Captain America must rise again as our last hope for survival.",
    "genres" : [ {
      "id" : 28,
      "name" : "Action"
    }, {
      "id" : 16,
      "name" : "Animation"
    }, {
      "id" : 12,
      "name" : "Adventure"
    }, {
      "id" : 878,
      "name" : "Science Fiction"
    } ]
  }, {
    "id" : 14614,
    "title" : "Churchill: The Hollywood Years",
    "overview" : "A group of American executives making a film about World War II decide that since their lead is rather unglamorous, they will draft in an American G.I. to play the part of Winston Churchill. Their take on the war depicts a handsome Churchill falling in love with Princess Elizabeth, who is herself involved in the war as an undercover agent.",
    "genres" : [ {
      "id" : 35,
      "name" : "Comedy"
    } ]
  }, {
    "id" : 14619,
    "title" : "Bottoms Up",
    "overview" : "Captivated by the posh Hollywood scene, bartender Owen Peadman (Jason Mewes) travels from the Midwest to take part in a drink-serving contest. But he fails to win the jackpot and winds up working for a gossip show instead. Now, to uncover the latest juicy secret on super celebrity Hayden Field, Owen buddies up to Field's friend Lisa (Paris Hilton) and gets not only the inside scoop, but also fame,",
    "genres" : [ {
      "id" : 10749,
      "name" : "Romance"
    }, {
      "id" : 35,
      "name" : "Comedy"
    } ]
  }, {
    "id" : 14624,
    "title" : "The Ultimate Gift",
    "overview" : "When his wealthy grandfather finally dies, Jason Stevens fully expects to benefit when it comes to the reading of the will. But instead of a sizable inheritance, Jason receives a test, a series of tasks he must complete before he can get any money.",
    "genres" : [ {
      "id" : 10749,
      "name" : "Romance"
    }, {
      "id" : 18,
      "name" : "Drama"
    }, {
      "id" : 10751,
      "name" : "Family"
    } ]
  }, {
    "id" : 14629,
    "title" : "Woman on Top",
    "overview" : "Set to the intoxicating rhythms of Brazil, \"Woman on Top\" is a spicy, sexy comedy about the magic of food, love and music. Meet Isabella, a sultry enchantress born with the special gift of melting the palates and hearts of men everywhere. When she decides to break free from her rocky marriage and the stifling kitchen of her husband's restaurant in Brazil, she spirits off to San Francisco in pursuit of her dreams of a real culinary career.",
    "genres" : [ {
      "id" : 35,
      "name" : "Comedy"
    }, {
      "id" : 18,
      "name" : "Drama"
    }, {
      "id" : 10749,
      "name" : "Romance"
    } ]
  }, {
    "id" : 14634,
    "title" : "The Stone Angel",
    "overview" : "The feisty aging Hagar Shipley has lived an unconventional life. Her rebellious heart has always ruled and her choices have put her at odds with family and friends. Faced with her own mortality, and desperate to find solace, she goes on the run. In both the past and the present, she is forced to come to terms with the pain and pleasure, the disappointments and the exhilarations of her life.",
    "genres" : [ {
      "id" : 18,
      "name" : "Drama"
    } ]
  }, {
    "id" : 14639,
    "title" : "The Order of Myths",
    "overview" : "In 2007 Mobile, Alabama, Mardi Gras is celebrated... and complicated. Following a cast of characters, parades, and parties across an enduring color line, we see that beneath the surface of pageantry lies something else altogether.",
    "genres" : [ {
      "id" : 99,
      "name" : "Documentary"
    } ]
  }, {
    "id" : 14644,
    "title" : "Boudu",
    "overview" : "",
    "genres" : [ {
      "id" : 35,
      "name" : "Comedy"
    } ]
  }, {
    "id" : 14649,
    "title" : "Have Mercy on Us All",
    "overview" : "In Paris, many citizens go to the precinct after the doors of their apartments have been sprayed with a 4 and the letters \"clt\". When a dweller is found mysteriously dead in his apartment, Detective Jean-Baptiste Adamsberg and his partner Danglard investigate the case and discover that plague may have killed the victim. Meanwhile, in the center of Paris, the former actor Joss Le Guern survives reading advertisements in a square for the public; when he receives weird messages about an outbreak of plague that is coming to Paris, the former professor Hervé Decambrais requests the warnings and goes to the library to research the meaning of the text, where he meets Adamsberg. Together they find that a maniac is killing people using flees contaminated by rats and spreading the disease in the city; without any clue, the police force do not have how to avoid the panic in Paris.",
    "genres" : [ {
      "id" : 53,
      "name" : "Thriller"
    }, {
      "id" : 80,
      "name" : "Crime"
    }, {
      "id" : 18,
      "name" : "Drama"
    } ]
  }, {
    "id" : 14654,
    "title" : "In Paris",
    "overview" : "Paul, depressed from his recent break-up with Anna, returns home to Paris and moves back in with his divorced father and amorous younger brother, Jonathan. While his carefree sibling and doting father try in vain to cheer him up, a visit from his mother seems to be the only thing that brings him joy. When Paul is then left in the house to brood and talk to one of his brother's girlfriends.",
    "genres" : [ {
      "id" : 35,
      "name" : "Comedy"
    }, {
      "id" : 18,
      "name" : "Drama"
    } ]
  }, {
    "id" : 14659,
    "title" : "Mes amis, mes amours",
    "overview" : "Two divorced fathers Mathias and Antoine, decide to raise their children together in London. Their lives consist of Sophie the pretty florist secretly in love with Antoine, Yvonne who runs the 'bistrot français' and has a very maternal outlook on life and Mac Enzie, the boss of Antoine's agency who is completley in love with Yvonne despite the big age difference.",
    "genres" : [ {
      "id" : 35,
      "name" : "Comedy"
    }, {
      "id" : 18,
      "name" : "Drama"
    } ]
  }, {
    "id" : 14664,
    "title" : "Sharky's Machine",
    "overview" : "Sharky gets busted back to working vice, where he happens upon a scandalous conspiracy involving a local politician. Accompanied by an all-star jazz soundtrack, Sharky's new \"machine\" gathers evidence while Sharky falls in love with a woman he has never met.",
    "genres" : [ {
      "id" : 80,
      "name" : "Crime"
    }, {
      "id" : 18,
      "name" : "Drama"
    }, {
      "id" : 28,
      "name" : "Action"
    }, {
      "id" : 53,
      "name" : "Thriller"
    } ]
  }, {
    "id" : 14669,
    "title" : "Yonkers Joe",
    "overview" : "Yonkers Joe tells the story of a dice hustler whose determination to make one last grab for a big score in Vegas is complicated by the reappearance of his estranged, mentally challenged son into his life.",
    "genres" : [ {
      "id" : 18,
      "name" : "Drama"
    } ]
  }, {
    "id" : 14674,
    "title" : "Man of the West",
    "overview" : "Heading east to Fort Worth to hire a schoolteacher for his frontier town home, Link Jones is stranded with singer Billie Ellis and gambler Sam Beasley when their train is held up. For shelter, Jones leads them to his nearby former home, where he was brought up an outlaw. Finding the gang still living in the shack, Jones pretends to be ready to return to a life crime.",
    "genres" : [ {
      "id" : 28,
      "name" : "Action"
    }, {
      "id" : 37,
      "name" : "Western"
    } ]
  }, {
    "id" : 14684,
    "title" : "School Ties",
    "overview" : "When David Greene receives a football scholarship to a prestigious prep school in the 1950s, he feels pressure to hide the fact that he is Jewish from his classmates and teachers, fearing that they may be anti-Semitic. He quickly becomes the big man on campus thanks to his football skills, but when his Jewish background is discovered, his worst fears are realized and his friends turn on him with violent threats and public ridicule.",
    "genres" : [ {
      "id" : 18,
      "name" : "Drama"
    } ]
  }, {
    "id" : 14689,
    "title" : "Hawaii",
    "overview" : "Abner Hale, a rigid and humorless New England missionary, marries the beautiful Jerusha Bromley and takes her to the exotic island kingdom of Hawaii, intent on converting the natives. But the clash between the two cultures is too great and instead of understanding there comes tragedy.",
    "genres" : [ {
      "id" : 18,
      "name" : "Drama"
    }, {
      "id" : 12,
      "name" : "Adventure"
    }, {
      "id" : 10749,
      "name" : "Romance"
    } ]
  }, {
    "id" : 14694,
    "title" : "The Snow Walker",
    "overview" : "A bush pilot in nothern Canada who with the aid of modernity thinks he can handle it all &amp; knows it all. After reluctantly agreeing to transport a local indian girl to a medical facility his light plane crashes &amp; they have to survive whilst finding their way back to civilization. Along the journey the man finds a new respect for the native ways as they battle to survive the elements.Strangely this movie is barely rated as it's viewed as one of the best &amp; most moving films by all who've watched it.",
    "genres" : [ {
      "id" : 28,
      "name" : "Action"
    }, {
      "id" : 12,
      "name" : "Adventure"
    }, {
      "id" : 18,
      "name" : "Drama"
    } ]
  }, {
    "id" : 14704,
    "title" : "Donkey X",
    "overview" : "The donkey, Rucio, tells the true story of Don Quixote and defends the idea that he wasn't insane, but a very intelligent, passionate and enthusiastic fellow.",
    "genres" : [ {
      "id" : 10751,
      "name" : "Family"
    }, {
      "id" : 12,
      "name" : "Adventure"
    }, {
      "id" : 16,
      "name" : "Animation"
    } ]
  }, {
    "id" : 14709,
    "title" : "Varsity Blues",
    "overview" : "In small-town Texas, high school football is a religion, 17-year-old schoolboys carry the hopes of an entire community onto the gridiron every Friday night. When star quarterback Lance Harbor suffers an injury, the Coyotes are forced to regroup under the questionable leadership of John Moxon, a second-string quarterback with a slightly irreverent approach to the game.",
    "genres" : [ {
      "id" : 35,
      "name" : "Comedy"
    }, {
      "id" : 18,
      "name" : "Drama"
    }, {
      "id" : 10749,
      "name" : "Romance"
    } ]
  }, {
    "id" : 14714,
    "title" : "Getaway in Stockholm 2",
    "overview" : "The second cult movie from the makers of Getaway in Stockholm 1 with even more excitement and wilder car chases than before. A Toyota Supra and a Ford Escort Cosworth vs. the Swedish Police - the heavy-weight champions in a documentary on street racing, a cat-and-mouse game with the Swedish Police in the night of Stockholm.",
    "genres" : [ ]
  }, {
    "id" : 14724,
    "title" : "Getaway in Stockholm 9",
    "overview" : "The Porsche 911 GT3 is one of the fastest roadgoing cars ever made. Imagine two - and then put a pair of them in the hands of Mr X and his friend and you will see some racing action in the streets of downtown Stockholm at incredible speeds. Anywhere and everywhere that they can find the cops to get a nice car chase at their hands - they will go looking - and fast!",
    "genres" : [ ]
  }, {
    "id" : 14729,
    "title" : "The Long Riders",
    "overview" : "The origins, exploits and the ultimate fate of the James gang is told in a sympathetic portrayal of the bank robbers made up of brothers who begin their legendary bank raids because of revenge.",
    "genres" : [ {
      "id" : 37,
      "name" : "Western"
    }, {
      "id" : 36,
      "name" : "History"
    } ]
  }, {
    "id" : 14734,
    "title" : "Edy",
    "overview" : "Edy est l'un des meilleurs dans le domaine de l'assurance ; particulièrement lorsqu'il s'agit d'aider certains de ses clients à mettre la main sur l'assurance-vie de leur conjoint.Mais depuis quelques temps, Edy a perdu l'envie de vivre. Quand il essaie d'en ﬁnir, le destin lui joue un drôle de tour. Non seulement il survit, mais il se retrouve avec un cadavre sur les bras.Edy n'a qu'une solution. Mais là encore, le destin se moque de lui...",
    "genres" : [ {
      "id" : 53,
      "name" : "Thriller"
    }, {
      "id" : 18,
      "name" : "Drama"
    }, {
      "id" : 35,
      "name" : "Comedy"
    } ]
  }, {
    "id" : 14749,
    "title" : "Space Buddies",
    "overview" : "B-Dawg, Mudbud, Budderball, and all the rest of the Buddies are back, but this time, they're setting their sights even higher -- as in, the moon! With the help of their new pals Spudnick (voiced by Jason Earles) and Gravity, these pooches are go for launch. But to pull off their moon landing and make it home safely, our canine heroes will have to summon all their bravery and imagination...",
    "genres" : [ {
      "id" : 35,
      "name" : "Comedy"
    }, {
      "id" : 12,
      "name" : "Adventure"
    }, {
      "id" : 18,
      "name" : "Drama"
    }, {
      "id" : 10751,
      "name" : "Family"
    } ]
  }, {
    "id" : 14759,
    "title" : "Bookies",
    "overview" : "Four college friends become small-time bookies, only to find their world spinning dangerously out of control when their greed attracts the attention of organized crime.",
    "genres" : [ {
      "id" : 18,
      "name" : "Drama"
    }, {
      "id" : 28,
      "name" : "Action"
    }, {
      "id" : 35,
      "name" : "Comedy"
    } ]
  }, {
    "id" : 14769,
    "title" : "Redemption: A Mile from Hell",
    "overview" : "Can one act justify a lifetime of wickedness? Explore the darkest confines of the soul from Robert Conway's film, \"Redemption.\" A genre busting Western where there is no law, no good guys; only the bad and worse. Frank Harden is no stranger to the unlawful west, he is a killer. However, because of a tragic event he must battle his own worst enemy, himself.",
    "genres" : [ {
      "id" : 37,
      "name" : "Western"
    } ]
  }, {
    "id" : 14774,
    "title" : "Cheech & Chong's The Corsican Brothers",
    "overview" : "Two brothers who can feel each others' pain and pleasure mess up the French revolution.",
    "genres" : [ {
      "id" : 35,
      "name" : "Comedy"
    } ]
  }, {
    "id" : 14784,
    "title" : "The Fall",
    "overview" : "In a hospital on the outskirts of 1920s Los Angeles, an injured stuntman begins to tell a fellow patient, a little girl with a broken arm, a fantastic story about 5 mythical heroes. Thanks to his fractured state of mind and her vivid imagination, the line between fiction and reality starts to blur as the tale advances.",
    "genres" : [ {
      "id" : 12,
      "name" : "Adventure"
    }, {
      "id" : 14,
      "name" : "Fantasy"
    }, {
      "id" : 18,
      "name" : "Drama"
    } ]
  }, {
    "id" : 14789,
    "title" : "The Last Sentinel",
    "overview" : "No emotion. No fear. No pain. They were the perfect soldiers to protect civilization until the drone police became the perfect enemy. With little hope left for mankind, Tallis, an electronically enhanced soldier, rescues a survivor from a failed resistance mission. She will have to learn to fight and think like a machine for the final battle to save the human race.",
    "genres" : [ {
      "id" : 28,
      "name" : "Action"
    }, {
      "id" : 53,
      "name" : "Thriller"
    }, {
      "id" : 878,
      "name" : "Science Fiction"
    } ]
  } ]
}