{
  "movies" : [ {
    "id" : 304144,
    "title" : "Aakheer",
    "overview" : "Prashant witnesses atrocities at the hands of local dons and the police, then becomes a don himself to show that good can be done for the community instead of destruction.",
    "genres" : [ ]
  }, {
    "id" : 304149,
    "title" : "The Pink Marble Egg",
    "overview" : "Musical about a British pop star who becomes a spy for the BBC.",
    "genres" : [ ]
  }, {
    "id" : 304159,
    "title" : "2 Little Indians",
    "overview" : "Family comedy from India",
    "genres" : [ ]
  }, {
    "id" : 304164,
    "title" : "Chest of Fortune",
    "overview" : "Just when we think that this movie will be about a Southern family in Civil War days, the action jumps to modern-day 1914, still in the southern United States. Handsome Jack (Guy Coombs) is in love with the fair lady played by Marguerite Clayton.",
    "genres" : [ ]
  }, {
    "id" : 304169,
    "title" : "So süß ist kein Tod",
    "overview" : "",
    "genres" : [ {
      "id" : 18,
      "name" : "Drama"
    } ]
  }, {
    "id" : 304174,
    "title" : "Ananda Kannir",
    "overview" : "Film starring Shivaji Ganesan, directed by K. Vijayan",
    "genres" : [ ]
  }, {
    "id" : 304179,
    "title" : "Classic Cartoon Favorites, Vol. 1 - Starring Mickey",
    "overview" : "All of the shorts feature Mickey Mouse: Mickey's Circus (1936), Mickey's Garden (1935), The Little Whirlwind (1941), On Ice (1935), Hawaiian Holiday (1937), Moving Day (1936), Orphan's Picnic (1936)",
    "genres" : [ {
      "id" : 10751,
      "name" : "Family"
    }, {
      "id" : 16,
      "name" : "Animation"
    } ]
  }, {
    "id" : 304184,
    "title" : "Asha",
    "overview" : "Film starring Tapas Pal, Debashree Roy and Rajeshwari Raychowdhury",
    "genres" : [ ]
  }, {
    "id" : 304194,
    "title" : "Do Gulab",
    "overview" : "Heera (Kunal Goswami) is a Hindu but loves a beautiful young girl, Ruby (Maneesha Kohli) who is Catholic. Ruby's dad, Steven (Satyen Kappu) strongly opposes any ties between the two lovers, and even has Heera thrown in prison. Heera's dad, Bholanath (Kulbhushan Kharbanda) forbids his son from seeing Ruby again, and locks Heera up in his room. Heera's mom (Sonia Sahni) is torn between the father and son conflict. Are Heera and Ruby fated to be together? Or will their love also end tragically?",
    "genres" : [ ]
  }, {
    "id" : 304199,
    "title" : "Ek Din Bahu Ka",
    "overview" : "No Overview",
    "genres" : [ ]
  }, {
    "id" : 304204,
    "title" : "Chidambara Ragasiyam",
    "overview" : "Film starring Gandhimathi, Delhi Ganesh and Manorama",
    "genres" : [ ]
  }, {
    "id" : 304209,
    "title" : "Gharam Koon",
    "overview" : "Garam Khoon is the story of Ravi and Babloo who were born twins but lived like enemies. Their father SUD Sahib was a man of reputed integrity and had worldwide business. Sheltering under the goodwill of the concern, Vishal the ccunning Manager, made a huge fortune by dealing with the magnets of the underworld. Until he has caught red-handed and expelled from his services. . In order to avenge his insult and feed his evergrowing lust for money. Vishal kidnapped Babloo and transformed him into a first rate criminal and gave him the name Johny",
    "genres" : [ ]
  }, {
    "id" : 304214,
    "title" : "Dr. Vidya",
    "overview" : "Film starring Prem Chopra, Helen and Nasir Hussain",
    "genres" : [ ]
  }, {
    "id" : 304219,
    "title" : "Der Pfandleiher",
    "overview" : "",
    "genres" : [ {
      "id" : 18,
      "name" : "Drama"
    } ]
  }, {
    "id" : 304224,
    "title" : "Golden Mountains",
    "overview" : "Soviet \"proletarian\" film about anti-war strike at St Petersburg factory, 1914. Resembles Pudovkin's classic \"End of St. Petersburg,\" made 4 years earlier: backward lad (Poslavsky) from poor village comes to town desperate for work. He's hired as replacement (\"scab\") worker at big metallurgical factory, which is in the throes of a strike organized by the Bolsheviks (communists). The Bolshevik strikers are led by Ivan Shtraukh (brother of the more famous Russian actor Maxim Shtraukh). At first, the deceitful industrialist's son (Fedosev) involves the naive Poslavsky in an attempt to murder Shtraukh, but the attempt only wounds the heroic organizer. Will Poslavsky follow through with the planned killing, or will he redeem himself by going over to the side of the strikers?",
    "genres" : [ {
      "id" : 18,
      "name" : "Drama"
    } ]
  }, {
    "id" : 304229,
    "title" : "Jai Bhavani",
    "overview" : "Silent film directed by K.P. Bhave",
    "genres" : [ ]
  }, {
    "id" : 304234,
    "title" : "Enemy at the Gate",
    "overview" : "U.S. and Afghan Soldiers react to a Vehicle Bourne Improvised Explosive Device (VBIED) that exploded at the traffic control point at Joint Combat Out Post Salerno in Khost, Afghanistan.",
    "genres" : [ ]
  }, {
    "id" : 304239,
    "title" : "Gharana Gangulu",
    "overview" : "No Overview",
    "genres" : [ ]
  }, {
    "id" : 304249,
    "title" : "Doposcuola x ragazzine",
    "overview" : "Full of passion and ready to fuck, you’ll always find something to rev your engine in a German language flick! And I guarantee you that this one is no exception! There’s a little of everything! See great threesomes, hardcore anal fucking followed by nasty ATM’s and plenty of messy cumshots!",
    "genres" : [ ]
  }, {
    "id" : 304254,
    "title" : "One Direction: Reaching for the Stars Part 2 - The Next Chapter",
    "overview" : "With their phenomenally successful 'Take Me Home' tour ensuring that One Direction continue to dominate the music landscape, this 60 minute special gets up close and personal to see how the boys' lives have been transformed over the last three years.",
    "genres" : [ {
      "id" : 99,
      "name" : "Documentary"
    }, {
      "id" : 10402,
      "name" : "Music"
    } ]
  }, {
    "id" : 304259,
    "title" : "Kittur Chennamma",
    "overview" : "It stars B. Saroja Devi as Kittur Chennamma, an Indian freedom fighter who led an armed rebellion against the British East India Company in 1824, and died in captivity in 1829.",
    "genres" : [ ]
  }, {
    "id" : 304264,
    "title" : "Kulirkala Megangal",
    "overview" : "Film from India starring Arjun and Jeevitha",
    "genres" : [ ]
  }, {
    "id" : 304269,
    "title" : "Jeet Hamaari",
    "overview" : "Thakur Vikram Singh (Om Shivpuri) is informed by a museum curator that an ancestral sword donated by his father has been stolen. This is important because it bore half the location of a hidden treasure. The other half is on a sword still in Singh's possession, and he must guard it. He finds a thief, Avvtar Singh (Madan Puri) attempting to steal the sword, and stops him. Avvtar grabs Thakur's son, Mohan, and escapes. He is to exchange sword for son at the black hills, but his car is stolen by a thief, who raises Mohan as his own under the name Raju. Raju (Rajnikanth) grows up to be a car thief, and eventually encounters his family as his enemies.",
    "genres" : [ ]
  }, {
    "id" : 304274,
    "title" : "Lai Bhaari",
    "overview" : "Sumitra travels to Pandharpur to find a ray of hope, after Sangram killed her husband and son and took over their business.",
    "genres" : [ ]
  }, {
    "id" : 304279,
    "title" : "Miss Coca Cola",
    "overview" : "Bollywood classic from Kamal Kapoor and co-starring Johnny Walker",
    "genres" : [ {
      "id" : 10749,
      "name" : "Romance"
    } ]
  }, {
    "id" : 304284,
    "title" : "Carrie Underwood: Country Idol",
    "overview" : "We are taken on a journey of Carrie Underwood's fast track trip to superstardom. The multi award winning singer/songwriter came to fame from American Idol in 2005. She has now become one of the most popular female performers in country music. Her 'girl next door' persona has given her mass appeal across the nation making her America's Sweetheart.",
    "genres" : [ ]
  }, {
    "id" : 304289,
    "title" : "Khoon Ki Takkar",
    "overview" : "No Overview",
    "genres" : [ ]
  }, {
    "id" : 304294,
    "title" : "Koi Jeeta Koi Haara",
    "overview" : "No Overview",
    "genres" : [ ]
  }, {
    "id" : 304299,
    "title" : "El amor las vuelve locas",
    "overview" : "Uni professor is voted \"Hunkiest teacher of the year.\" Madcap complications.",
    "genres" : [ ]
  }, {
    "id" : 304304,
    "title" : "Oomai Kuyil",
    "overview" : "Film starring Y.G. Mahendran, Poornima Jayaram and Aruna",
    "genres" : [ ]
  }, {
    "id" : 304309,
    "title" : "Pakkathu Veetu Roja",
    "overview" : "Film starring  Goundamani directed by M. Bhaskar",
    "genres" : [ ]
  }, {
    "id" : 304314,
    "title" : "Matir Swarga",
    "overview" : "No Overview",
    "genres" : [ ]
  }, {
    "id" : 304319,
    "title" : "High/Low",
    "overview" : "Documentary about gambling in China.",
    "genres" : [ ]
  }, {
    "id" : 304324,
    "title" : "Mera Faisla",
    "overview" : "Raj Saxena is in love with fellow collegian, Rati Verma, and both want to get married. Rati introduces Raj to her father, Major Verma, who, after finding out about Raj's background, decides to have nothing to do with him. For the Saxena family carries a stigma against their name - that of cowardice, betrayal, and corruption - which former Police Inspector Anand R. Saxena, Raj's dad, was accused of. Raj is humiliated by Verma's treatment, and swears to clear his father's name by joining the police force. What Raj does not know that in so doing, he has made himself a puppet in the hands of the very people who branded and stigmatized his father.",
    "genres" : [ ]
  }, {
    "id" : 304329,
    "title" : "Muhabbat Ki Hai Humne",
    "overview" : "No Overview",
    "genres" : [ ]
  }, {
    "id" : 304334,
    "title" : "Paasa Mazhai",
    "overview" : "No Overview",
    "genres" : [ ]
  }, {
    "id" : 304339,
    "title" : "Ponga Pandit",
    "overview" : "Haridwar-based Neelkanth Pandey and Shambhu Nath get their children, Bhagwantiprasad and Parvati respectively, married. Whille Shambhu re-locates to live in Bombay, Neelkanth continues to reside in the same residence. Years later both children have grown up, so Neelkanth invites the Naths to finalize the nuptials. Very soon the Pandeys will face humiliation and ridicule at the hands of Parvati, who now calls herself Pamela, and Shambhu, who wants his daughter to marry someone sophisticated and wealthy, while Parvati is in love with a singer named Rocky. Bhagwanti is determined to fulfill his parents' wishes and decides to stay wed to Parvati, re-locates to Bombay, to try and woo her back - with results that will end up changing his life forever.",
    "genres" : [ {
      "id" : 35,
      "name" : "Comedy"
    }, {
      "id" : 18,
      "name" : "Drama"
    }, {
      "id" : 10751,
      "name" : "Family"
    }, {
      "id" : 28,
      "name" : "Action"
    } ]
  }, {
    "id" : 304344,
    "title" : "Pyaar Kiya Nahin Jaata",
    "overview" : "After the sudden death of her father, Venkat, Kerala-based Disha goes to live with his business partner, Shekhar Pillai, who wants her to marry his son, Ravi. But Disha needs more time to think, and as a result re-locates to Kent, England, to work as an Accountant. Upon arrival there, she will be compelled to work as a slave-nanny to the nephew and niece of a wealthy and influential brute, Vikram Singh, who wants her for himself at any and all cost.",
    "genres" : [ ]
  }, {
    "id" : 304349,
    "title" : "Rakhwala",
    "overview" : "No Overview",
    "genres" : [ ]
  }, {
    "id" : 304354,
    "title" : "7 Days",
    "overview" : "You have seven days to live",
    "genres" : [ ]
  }, {
    "id" : 304359,
    "title" : "Masaccio: A View of Mankind",
    "overview" : "English artist, writer, curator and teacher Sir Lawrence Gowing narrates a personal exploration of some of the great Florentine painter Masaccio's key works.",
    "genres" : [ {
      "id" : 99,
      "name" : "Documentary"
    } ]
  }, {
    "id" : 304364,
    "title" : "El viaje de Carla",
    "overview" : "",
    "genres" : [ ]
  }, {
    "id" : 304369,
    "title" : "Los cachorros",
    "overview" : "A man who has been mutilated in boyhood encounters numerous difficulties because of it. Jose Alonso plays a man whose lower limbs, including his sexual organs, were savaged by a Great Dane in boyhood. Unfortunately for him, his sex drive developed unabated and his frustration at being unable to culminate his relationships with women eventually drives him to drastic action because he has no alternative or compensating interests.",
    "genres" : [ {
      "id" : 18,
      "name" : "Drama"
    } ]
  }, {
    "id" : 304374,
    "title" : "Vetagadu",
    "overview" : "With this film, together with Yugandhar (1979), NTR tried to change his image and to assimilate conventions of Hindi cinema. He plays a police officer who hunts down a gang of smugglers in a forest. The combination of NTR and the future Hindi star Sridevi caused a sensation.",
    "genres" : [ ]
  }, {
    "id" : 304379,
    "title" : "Boerenidylle",
    "overview" : "A farmer's daughter falls in love with a farmhand.",
    "genres" : [ ]
  }, {
    "id" : 304384,
    "title" : "Cursed Nighty",
    "overview" : "The story of the film revolves around a cursed nightie which changes hands in a logical manner, not magically. The original owner of the nightie had experienced unfulfilled love, which ultimately led to a curse on it.  A wannabe actress comes to Kolkata from a village in pursue of her career. She can cross all limits in order to become successful. She uses that nightie for seducing producers and she doesn't regret in what she is doing. The events that take place later form the climax of the story.",
    "genres" : [ {
      "id" : 35,
      "name" : "Comedy"
    } ]
  }, {
    "id" : 304389,
    "title" : "Die Kleine vom Varieté",
    "overview" : "Peter Verdy falls in love with Lola (Ossi Oswalda) who is mistaken for a boy when she appears in stage regalia  before a rich uncle who has other marriage plans for his nephew.  The tangle ensuing is finally sorted out with excellent results all  round.",
    "genres" : [ {
      "id" : 35,
      "name" : "Comedy"
    } ]
  }, {
    "id" : 304394,
    "title" : "Macbeth",
    "overview" : "Fusing Shakespeare‘s tragedy with the Verdi opera, Schroeter's Macbeth is a fascinating television experiment shot entirely in a studio with several electronic cameras. As Schroeter would recall, \"I arranged the Verdi music for a quartet of violin, accordion, piano and oboe, but modeled the rhythms on Argentinian tangos and boleros. The actors sang with horrifying, shrill voices.... The use of video allowed me to produce extraordinary colors.... Of all my films, Macbeth was most unwelcome: Audiences don’t like their Shakespeare to be presented in this way, but I do not differentiate between kitsch and culture...\". - MoMA",
    "genres" : [ ]
  }, {
    "id" : 304399,
    "title" : "The Chorus Kid",
    "overview" : "A Silent Comedy film directed by Howard Bretherton.",
    "genres" : [ {
      "id" : 35,
      "name" : "Comedy"
    }, {
      "id" : 18,
      "name" : "Drama"
    } ]
  }, {
    "id" : 304404,
    "title" : "Kri Kri imita Pegoud",
    "overview" : "Short comedy with the character Kri Kri, in which he tries to emulate the famous French stunt pilot Adolphe Pégoud.",
    "genres" : [ ]
  }, {
    "id" : 304409,
    "title" : "Laurent Gerra au Théâtre du Châtelet",
    "overview" : "",
    "genres" : [ ]
  }, {
    "id" : 304414,
    "title" : "Bis zum Ende der Welt",
    "overview" : "",
    "genres" : [ {
      "id" : 18,
      "name" : "Drama"
    } ]
  }, {
    "id" : 304419,
    "title" : "The Good in the Worst of Us",
    "overview" : "Crime drama where Minnie's past overtakes her. She flees Jim to escape his bad influence. Jim shoots a man down in a burglary and demands that Minnie helps him flee.",
    "genres" : [ ]
  }, {
    "id" : 304424,
    "title" : "Afghanistan - The Lost Mines of the Pharaohs",
    "overview" : "Afghanistan - one of the most remote and dangerous countries in the world. Yet for the last 20 years, through the turmoil of Russian invasion, retaliation, civil war and religious jihad, an American has traveled through Afghanistan in search of fabulous precious stones.",
    "genres" : [ ]
  }, {
    "id" : 304429,
    "title" : "Flight of the Bald Ibis",
    "overview" : "Bald ibises migrated back and forth between Central Europe and Northern Africa, before they were pushed over the brink by hunting and habitat destruction. Today, the birds have no memory of the old seasonal migration routes.",
    "genres" : [ ]
  }, {
    "id" : 304434,
    "title" : "Hot Water Music",
    "overview" : "Hot Water Music performing Hot Water Music live at Metro Theatre, Sydney from December 2010",
    "genres" : [ ]
  }, {
    "id" : 304439,
    "title" : "Mountains in the Sun",
    "overview" : "The landscape of southern Lower Austria is characterised by the last undulations of the Alps. This film takes a cinematic journey through these so-called «sunny mountains», showing their diverse nature and cultures in a comprehensive portrait of the region and its inhabitants.",
    "genres" : [ ]
  }, {
    "id" : 304444,
    "title" : "Red Metal: The Copper Country Strike of 1913",
    "overview" : "Red Metal: The Copper Country Strike of 1913 explores an epic labor strike that devastated Michigan's Copper Country-and haunts the American labor movement to this day. Produced and directed by Emmy Award-winning filmmaker Jonathan Silvers, the program traces the Copper Country strike from its hopeful start to that tragic conclusion.",
    "genres" : [ {
      "id" : 99,
      "name" : "Documentary"
    } ]
  }, {
    "id" : 304449,
    "title" : "The 1950s UFO Contactees: A Bunch of Liars, or an Unrecognized Art Movement?",
    "overview" : "The Roswell UFO Conference The Disclosure Debate: What Do World Governments Know About UFOs and Will They Ever Tell Us? The 60th Anniversary of the Roswell Incident The 1950s UFO Contactees: A Bunch of Liars, or an Unrecognized Art Movement? Author of the new book Project Beta, Los Angeles Radio Host, Excluded Middle Magazine Editor, Project Censored Award Winner, Conspiracy Zone contributor, Regional Representative for the Centre for Fortean Zoology, Author of Numerous Magazine Articles, Professional Judge Ito Impersonator, and ... Kook. Greg's interests run the gamut of \"Alien Writing\", Consciousness, ParaPolitics, UFO Contactees, Remote Viewing, Fortean Phenomena, CryptoZoology and much much more.",
    "genres" : [ ]
  }, {
    "id" : 304454,
    "title" : "The Roaring  Mountains",
    "overview" : "Nowhere in the Alpine mountains are water, forest and rocks as precipitous, rock faces as vertical as in the Gesäuse National Park, Europe's largest canyon. «Gesäuse» is a name derived from the rushing noise of the water, the soughing wind that echoes up to the peaks of the north faces of this unique region - home to the myth of the mountain.",
    "genres" : [ ]
  }, {
    "id" : 304459,
    "title" : "What Potential!",
    "overview" : "A young mother faces some tall challenges in life, only to find them full of potential and treasured moments... each one building a lasting bond with her child. But there is another choice...",
    "genres" : [ ]
  }, {
    "id" : 304464,
    "title" : "Axe Raiders",
    "overview" : "Fingal, the Celtic hero, betrayed to the Angles led by Aeric The Axe is murdered. Meanwhile, Roderich (Robert Jan Szemis), the governor of Strathclyde, preparing to make himself a king by marrying the daughter of the Leader of Ulster, Langoreth O'Neill. Roderich has his own daughter Melangall , who is a disappointment to him, banished to the farm of a serf in the loch lands. Fingal's daughter Ethne with the aide of retainer Domlech sets off after the Angles to avenge her father and seek help from the Picts. However, the Angles are having their own difficulties - their ship has been stolen by a Fresian merchant Aldric who had been held captive by Aeric.",
    "genres" : [ ]
  }, {
    "id" : 304469,
    "title" : "Finding Fortune",
    "overview" : "Helen Fortuno (Ilaria D'Elia) an Italian living in London, has not heard from her brother Frank for two years. She receives a cryptic postcard from him with enough information for her to track him down to a Buddhist retreat in Scotland. Along for the ride is London girl Sylvia, who is using Helen's search for her bother as her chance to leave her psycho husband Gordon. Arriving at the monastery, they are told that Frank, failing to fit in, has moved on with tantric student Fiona. At Fiona's cottage they find Fiona has been abandoned by Frank and has a baby daughter by him. Frank has gone to live on the coast but when Helen confronts Frank's ex-beach buddy Joe, she realises that Frank doesn't want to be found. Meanwhile Sylvia takes a fancy to kilted barman Davie (Jason Harvey) and invites him along. Helen is angered by this as she feels Davie is slowing them down.",
    "genres" : [ ]
  }, {
    "id" : 304474,
    "title" : "Love The One You're With",
    "overview" : "Glasgow, May bank holiday Friday. After closing a big deal, young London businessman Charlie Grant puts his credit cards, and his briefcase in the trunk of his car. In celebration he gets wildly drunk. In the morning, he wakes up on a girl's sofa, then discovers that his car has been towed away to the city pound.",
    "genres" : [ ]
  }, {
    "id" : 304479,
    "title" : "Power of the Rainbow",
    "overview" : "The beauty of nature's colors only becomes fully visible in sunlight, whether it is the splendid miracle of the rainbow or its various different forms in nature; none of the colors is a coincidence - not the green of the leaves, nor the red of blood or the deep black of space.",
    "genres" : [ ]
  }, {
    "id" : 304484,
    "title" : "Pattanamdhan Pogalamadi",
    "overview" : "Film from India with soundtrack featuring P. Susheela",
    "genres" : [ ]
  }, {
    "id" : 304489,
    "title" : "Tasmania - Paradise at the End of the World",
    "overview" : "Tasmania makes an impression with its unique landscape, architecture and scenery. Its largely unknown wilderness has always attracted adventurers and scientists. One of these courageous men was the Austrian botanist, Gustav Weindorfer. His adventurous expedition lead him to Cradle Mountain.",
    "genres" : [ ]
  }, {
    "id" : 304494,
    "title" : "One Million Dubliners",
    "overview" : "Glasnevin Cemetery is the final resting place of 1.5 million souls; it is Ireland's national necropolis. ONE MILLION DUBLINERS reveals the often unspoken stories of ritual, loss, redemption, emotion, history - and the business of death.",
    "genres" : [ {
      "id" : 99,
      "name" : "Documentary"
    } ]
  }, {
    "id" : 304499,
    "title" : "The Iron Forest",
    "overview" : "The Limestare Alps National Park is a mosaic of forests of different ages. The wild, romantic waterways are important habitats for many water insects and a paradise for the water ouzel and the gray wagtail. Another rarity shown in this film is a brood of black storks that do not actually nest in the national park but frequently catch trout in the park's brooks and streams.",
    "genres" : [ ]
  }, {
    "id" : 304504,
    "title" : "Year of the Hedgehog",
    "overview" : "It's springtime, the air is tepid, the skylarks chirp, and spring flowers cover the meadows and the forest grounds. Out of a pile of leaves a fluttery, sniffling snout tip appears: it's a hedgehog awakening from its winter sleep heading into the light of a new year, having only two things in mind: food and finding a partner.",
    "genres" : [ ]
  }, {
    "id" : 304509,
    "title" : "Poovukkul Boogambam",
    "overview" : "Film starring Saroja Devi B. and Thiagarajan",
    "genres" : [ ]
  }, {
    "id" : 304514,
    "title" : "Pottu Vecha Neram",
    "overview" : "Film with a soundtrack featuring the music of Malaysia Vasudevan",
    "genres" : [ ]
  }, {
    "id" : 304519,
    "title" : "Amber",
    "overview" : "A vengeful princess waits for the right moment to kill her foster-father - the emperor.",
    "genres" : [ {
      "id" : 53,
      "name" : "Thriller"
    }, {
      "id" : 28,
      "name" : "Action"
    }, {
      "id" : 12,
      "name" : "Adventure"
    }, {
      "id" : 18,
      "name" : "Drama"
    }, {
      "id" : 10749,
      "name" : "Romance"
    } ]
  }, {
    "id" : 304524,
    "title" : "Rahgir",
    "overview" : "Film starring Biswajeet, Sandhya Roy and Shashikala",
    "genres" : [ ]
  }, {
    "id" : 304529,
    "title" : "Wings for Maggie Ray",
    "overview" : "They said women didn't belong in the cockpit. But Margaret \"Maggie\" Ringenberg aimed for the sky anyway becoming a U.S. Army Air Force WASP and an accomplished long-distance aviation racer. A story so inspiring, Tom Brokaw dedicated an entire chapter in The Greatest Generation to her.",
    "genres" : [ {
      "id" : 99,
      "name" : "Documentary"
    } ]
  }, {
    "id" : 304534,
    "title" : "Dalai Lama: Harmony In Diversity",
    "overview" : "When His Holiness sees people from different backgrounds, whether culture, religion or belief, he doesn't see a difference. We are all one. As a species, our mental and emotional levels all are the same. In his experience everyone wants happiness and not suffering. Everyone has the right to overcome suffering. His Holiness believes our very being has the right to exist happily, and believes our very goal or purpose is happiness or satisfaction.With a good brain and a good heart His Holiness believes together we can overcome all human problems.",
    "genres" : [ ]
  }, {
    "id" : 304539,
    "title" : "Feast Of The Possessed",
    "overview" : "When an Olympic gymnast hurts her ankle at the park her coach goes to get ice but never returns. When the gymnast goes to look for her coach she finds him dead in the park bathroom. She quickly realizes she's the one now being stalked by something in the park. She tries to get help from others in the park to no avail. In a terrifying race for her life, she meets a gruesome end as she is captured or does she? Was it all a dream or was it all real? Only the devil can answer that question!",
    "genres" : [ ]
  }, {
    "id" : 304544,
    "title" : "Bandish",
    "overview" : "Mahender has been responsible for the upbringing of Tomato, a young child at a very early age. Now Mahender's health is getting worse, and he is afraid his ill-health may be contagious and may endanger Tomato. So Mahender decides to leave Tomato in the park near Kamal Roy, and instructs Tomato to call Kamal his dad. Tomato does so, and this results in utter chaos in the life of Kamal. He is unable to convince his lady love Usha Sen that the child is not his; and additionally Kamal is under pressure from his dad and mom to get married. Kamal begs Tomato to leave him, but Tomato refuses to do so. How will this impact on Kamal's life and relationships?",
    "genres" : [ ]
  }, {
    "id" : 304549,
    "title" : "Be Aabroo",
    "overview" : "No Overview",
    "genres" : [ ]
  }, {
    "id" : 304554,
    "title" : "Bhai Ho To Aisa",
    "overview" : "Thakur is a rich and wealthy man. He has two sons, the elder is Ram, who is married but frequents a prostitute Munnibai. The second son is Bharat, who is unmarried, and is good, virtuous, and devoted to his family, and expected to marry Roopa. While disciplining his elder son, Thakur has a heart-attack and passes away, leaving the administration of the estate to his younger son and daughter-in-law, the wife of Ram, Gayetri. This does not auger well with Ram and Mamaji, and they attempt to force Bharat to sign the estate over to them. When they fail, they conspire to kill him, and take over the estate from Gayetri. Bharat overhears this, and goes along with Ram's plan to kill him. He then returns as Daku Mangal Singh, his look-alike, in order to set things right. Things seem to be going well, until Bharat finds himself in a tight corner when he is accused of killing himself.",
    "genres" : [ ]
  }, {
    "id" : 304559,
    "title" : "Bommalaattam",
    "overview" : "No Overview",
    "genres" : [ ]
  }, {
    "id" : 304564,
    "title" : "Chinna Vathiyar",
    "overview" : "An eccentric scientist develops a formula to exchange souls across bodies, to comic effect.",
    "genres" : [ ]
  }, {
    "id" : 304569,
    "title" : "Deewaangee",
    "overview" : "The struggle of a woman to save his husband and family from the curse of wealth and a man thinking that wealth will bring him all the happiness.",
    "genres" : [ ]
  }, {
    "id" : 304574,
    "title" : "Dil Tera Diwana",
    "overview" : "Flamboyant, dashing and handsome, Kumar, is the proud father of Ravi, his only son, and his pride and joy. When Ravi grows up, he meets with Komal, both fall in love with each other and would like to get married. Ravi mentions this to his dad, who initially approves, but later relents when he finds out who Komal's dad is. Ravi is dismayed as his dad has never refused him anything. Ravi sets out to discover what the reason(s) are behind his dad's refusal to accept Komal as his daughter-in-law, a decision which will not only endanger his life, but also create a rift between father and son.",
    "genres" : [ ]
  }, {
    "id" : 304579,
    "title" : "Do Khiladi",
    "overview" : "No Overview",
    "genres" : [ ]
  }, {
    "id" : 304584,
    "title" : "Ek Phool Char Kante",
    "overview" : "To wed his sweetheart, a man must try and prove himself to her eccentric paternal uncles.",
    "genres" : [ ]
  }, {
    "id" : 304589,
    "title" : "Ennai Vittu Pogathey",
    "overview" : "No Overview",
    "genres" : [ ]
  }, {
    "id" : 304594,
    "title" : "Die Stimme des Herzens",
    "overview" : "",
    "genres" : [ {
      "id" : 18,
      "name" : "Drama"
    } ]
  }, {
    "id" : 304599,
    "title" : "Bath House",
    "overview" : "Six characters meet in a bath house. The pedant bath house manager, a couple with a strange way of communicating and a gang with shady intentions. Something goes wrong.  ",
    "genres" : [ {
      "id" : 35,
      "name" : "Comedy"
    }, {
      "id" : 16,
      "name" : "Animation"
    } ]
  }, {
    "id" : 304604,
    "title" : "Sondhakaran",
    "overview" : "Film with a soundtrack featuring the music of S. P. Sailaja  and more!",
    "genres" : [ ]
  }, {
    "id" : 304609,
    "title" : "Tere Mere Beech Mein",
    "overview" : "Film starring Madan Puri and Jayshree T.",
    "genres" : [ ]
  }, {
    "id" : 304614,
    "title" : "Biyudo Si Daddy, Biyuda Si Mommy",
    "overview" : "Biyudo Si Daddy, Biyuda Si Mommy was a co-production between Star Cinema and M-Zet Prod., and released by Star Cinema. After losing both their spouses, Victor and Coney unexpectedly find themselves falling for each other. This film speaks of love's triumph despite the differences of their families.",
    "genres" : [ {
      "id" : 35,
      "name" : "Comedy"
    } ]
  }, {
    "id" : 304619,
    "title" : "Thirumathi Oru Vegumathi",
    "overview" : "Film with a soundtrack featuring S. P. Balasubrahmanyam and Chitra",
    "genres" : [ ]
  }, {
    "id" : 304624,
    "title" : "Unnidathil Naan",
    "overview" : "Film with a soundtrack featuring music from Malaysia Vasudevan and P. Susheela.",
    "genres" : [ ]
  }, {
    "id" : 304629,
    "title" : "Vaa Arugil Vaa",
    "overview" : "After being murdered by her in-laws, a young girl's spirit possesses her favorite doll and seeks revenge.",
    "genres" : [ ]
  }, {
    "id" : 304634,
    "title" : "Vanshvel",
    "overview" : "Film with a soundtrack featuring Kirti Killedar &amp; Pranjal Deshpande",
    "genres" : [ ]
  }, {
    "id" : 304639,
    "title" : "Sassi Punnu",
    "overview" : "1983 Punjabi Film starring Satish Kaul",
    "genres" : [ ]
  }, {
    "id" : 304644,
    "title" : "Yeh Kaisa Farz",
    "overview" : "Film starring Mohnish Bahl, Jagdeep and Nutan",
    "genres" : [ ]
  }, {
    "id" : 304649,
    "title" : "เพลงประกอบละคร",
    "overview" : "Film with a soundtrack featuring music from Ford &amp; Subtention and more.",
    "genres" : [ ]
  }, {
    "id" : 304654,
    "title" : "Swarajyam",
    "overview" : "No Overview",
    "genres" : [ ]
  } ]
}