{
  "movies" : [ {
    "id" : 342549,
    "title" : "PWG: The Secret of Guerrilla Island",
    "overview" : "1. Johnny Goodtime vs. Charles Mercury  2. Chuck Taylor vs. Human Tornado  3. Malachi \"CK\" Jackson &amp; Jerome \"LTP\" Robinson vs. The Cutler Brothers (Brandon &amp; Dustin Cutler)  4. Kenny Omega vs. Roderick Strong  5. El Generico vs. Scott Lost  6. Davey Richards vs. Nick Jackson  7. Necro Butcher vs. Joey Ryan",
    "genres" : [ ]
  }, {
    "id" : 342554,
    "title" : "PWG: DDT4",
    "overview" : "DDT4 Opening Round Match  1. The Dynasty (Scott Lost &amp; Joey Ryan) vs. Hybrid Dolphins (Bryan Danielson &amp; Roderick Strong)  DDT4 Opening Round Match  2. Dark &amp; Lovely (Human Tornado &amp; Scorpio Sky) vs. Kenny Omega &amp; Chuck Taylor  DDT4 Opening Round Match  Pro Wrestling Guerrilla World Tag Team Championship Title Match  3. The Young Bucks (Matt &amp; Nick Jackson, Champions) vs. The Cutler Brothers (Brandon &amp; Dustin Cutler)  4. \"Youngest Buck\" Malachi Jackson vs. Phoenix Star  DDT4  Semi-Finals and Finals",
    "genres" : [ ]
  }, {
    "id" : 342559,
    "title" : "PWG: Express Written Consent",
    "overview" : "Singles Match  1. Scorpio Sky vs. Zokre  Singles Match  2. B-Boy vs. TJ Perkins  Singles Match  3. El Generico vs. Kenny Omega  Necro Butcher Rules Match  4. Austin Aries vs. Necro Butcher  Pro Wrestling Guerrilla World Championship Title 3-Way Match  5. Chris Hero (Champion) vs. \"Classic\" Colt Cabana vs. Human Tornado  Six-Man Tag Team Match  6. The Dynasty (Karl \"Machine Gun\" Anderson, Scott Lost &amp; Joey Ryan) vs. Paul London &amp; The Young Bucks (Matt &amp; Nick Jackson)",
    "genres" : [ ]
  }, {
    "id" : 342569,
    "title" : "Girls Girls Girls",
    "overview" : "A lesbian experience like none ever before! Amped up and ready to go girl crazy, you're in for one wild romp!",
    "genres" : [ ]
  }, {
    "id" : 342574,
    "title" : "El hombre que corría tras el viento",
    "overview" : "",
    "genres" : [ {
      "id" : 18,
      "name" : "Drama"
    } ]
  }, {
    "id" : 342579,
    "title" : "Fighting Mad",
    "overview" : "Ann Fenwick is a witness to a bank robbery in the U.S. and the bandits, led by Trigger (Warner Richmond) and Leon (Ted Adams) capture her and when she disappears, a warrant is issued for her arrest as a material witness. The bank robbers flee across the border into Canda where they steal a trailer in which they lock Ann and the loot. The hitch breaks and the trailer plunges into a lake. Sergeant Renfrew (James Newill) and Constable Kelly (Dave O'Brien), of the Canadian Mounties,rescue Ann and she tells them she is a hitch-hiking tourist and gives a false name. Renfrew sends Kelly for aid, Ann escapes and Kelly returns with the news that she is wanted. The leader of the gang, Cardigan (Milburn Stone), sends the gang back for Ann and the loot, which Ann has hidden in a trappers cabin, just before Trigger recaptures her. Renfrew goes to her rescue, but is also captured. But reliable Constable Kelly is somewhere in the woods.",
    "genres" : [ ]
  }, {
    "id" : 342584,
    "title" : "Kokeshi",
    "overview" : "\"A woman (we never learn her name) was born with a disorder that renders her unable to feel pain. People tell her she is lucky, but she disagrees; from the time she is a child, she spends all her time attempting to make up for the loss of this sensation – by kidnapping and torturing young women...\" Courtesy of http://horrorhouseparty.com",
    "genres" : [ {
      "id" : 27,
      "name" : "Horror"
    } ]
  }, {
    "id" : 342589,
    "title" : "La ragazza americana",
    "overview" : "",
    "genres" : [ ]
  }, {
    "id" : 342594,
    "title" : "Hugh",
    "overview" : "An old shaman was telling a story to 3 young children.  Ages ago, some human beings had big troubles because the sky was too low.  Birds could not fly and men were bended.  One day, small children decided to change things and attempted to raise the sky with stocks.",
    "genres" : [ {
      "id" : 16,
      "name" : "Animation"
    } ]
  }, {
    "id" : 342609,
    "title" : "KGB: The Secret War",
    "overview" : "",
    "genres" : [ ]
  }, {
    "id" : 342614,
    "title" : "Focus",
    "overview" : "A normal photo shoot... or not.",
    "genres" : [ {
      "id" : 14,
      "name" : "Fantasy"
    } ]
  }, {
    "id" : 342619,
    "title" : "Осьминожки со второго этажа",
    "overview" : "",
    "genres" : [ ]
  }, {
    "id" : 342624,
    "title" : "Магистраль",
    "overview" : "",
    "genres" : [ ]
  }, {
    "id" : 342629,
    "title" : "Антарктическая повесть",
    "overview" : "",
    "genres" : [ ]
  }, {
    "id" : 342634,
    "title" : "Армия спасения",
    "overview" : "",
    "genres" : [ {
      "id" : 35,
      "name" : "Comedy"
    }, {
      "id" : 12,
      "name" : "Adventure"
    } ]
  }, {
    "id" : 342639,
    "title" : "Victors, Vulcans and Cuba",
    "overview" : "In 1962 the world stood at the brink of outright nuclear war as Russia continued to deploy nuclear missiles in Cuba. This programme follows this crucial time in history and looks at what would have happened had the V-bombers of RAF Bomber Command been deployed to drop their lethal payload on Russia. Whilst a Vulcan pilot relates how the mission would have gone had he had to push the fateful button.",
    "genres" : [ {
      "id" : 99,
      "name" : "Documentary"
    } ]
  }, {
    "id" : 342644,
    "title" : "The New World",
    "overview" : "A couple moves from the country to istanbul to get proper schooling for their son, who has Down syndrome. However, the house they move to will be demolished in a number of months, the father can't get a job and has to resort to begging. Meanwhile, the stipend for their son's disability they'd thought they'd get when moving to the city and which they were depending on to live and pay for his school, is suddenly in doubt.",
    "genres" : [ {
      "id" : 18,
      "name" : "Drama"
    } ]
  }, {
    "id" : 342649,
    "title" : "Приключения слоненка Dandy",
    "overview" : "",
    "genres" : [ ]
  }, {
    "id" : 342654,
    "title" : "Kidnapped",
    "overview" : "",
    "genres" : [ ]
  }, {
    "id" : 342659,
    "title" : "Алдар-Косе",
    "overview" : "",
    "genres" : [ ]
  }, {
    "id" : 342664,
    "title" : "Бабья работа",
    "overview" : "",
    "genres" : [ ]
  }, {
    "id" : 342669,
    "title" : "Mutations",
    "overview" : "“The changing dots, ectoplasmic shapes and electronic music of L. Schwartz’s ‘Mutations’ which has been shot with the aid of computers and lasers, makes for an eye-catching view of the potentials of the new techniques.” – A. H. Weiler, N. Y. Times",
    "genres" : [ {
      "id" : 16,
      "name" : "Animation"
    } ]
  }, {
    "id" : 342674,
    "title" : "In the Shadow of War",
    "overview" : "The compelling stories of four young people as they struggle to survive a war that ended nearly 20 years ago. The physical conflict is over - but its psychological impact continues. Can they break the cycle of violence?",
    "genres" : [ {
      "id" : 99,
      "name" : "Documentary"
    } ]
  }, {
    "id" : 342684,
    "title" : "Vulcania",
    "overview" : "",
    "genres" : [ {
      "id" : 878,
      "name" : "Science Fiction"
    }, {
      "id" : 53,
      "name" : "Thriller"
    } ]
  }, {
    "id" : 342689,
    "title" : "Artichokes Piranha from the Prehistoric Abyss",
    "overview" : "The same day that Cror finds out how to control fire, strange creatures (artichokes piranha) begin to attack him mercilessly. Now Cror will have to to act cunningly and fight for his life.",
    "genres" : [ {
      "id" : 878,
      "name" : "Science Fiction"
    }, {
      "id" : 35,
      "name" : "Comedy"
    }, {
      "id" : 14,
      "name" : "Fantasy"
    } ]
  }, {
    "id" : 342694,
    "title" : "Losers",
    "overview" : "",
    "genres" : [ {
      "id" : 35,
      "name" : "Comedy"
    } ]
  }, {
    "id" : 342699,
    "title" : "O Forte",
    "overview" : "",
    "genres" : [ {
      "id" : 18,
      "name" : "Drama"
    } ]
  }, {
    "id" : 342704,
    "title" : "Michelle Bridges: Tight Toned Terrific",
    "overview" : "Strength training is the fountain of youth! Michelle Bridges: Tight, Toned and Terrific incorporates cardio fitness with strength training for a defined and toned body. Get excited about your training and the amazing benefits it will give you. Michelle Bridges: Tight, Toned and Terrific includes:  Exercises for all the major muscle groups with 5-minute sessions on legs, chest, back, triceps and biceps as well as the core.\r 2 × 5 minute cardio sessions to get that heart PUMPING!\r Low and high intensity options so there are no excuses!!!",
    "genres" : [ ]
  }, {
    "id" : 342709,
    "title" : "Addiction",
    "overview" : "A single camera follows the confronting journey of recovering addicts at a Melbourne rehab. These gamblers, drinkers and drug users have just 28 days to change the habits of a lifetime.",
    "genres" : [ {
      "id" : 99,
      "name" : "Documentary"
    } ]
  }, {
    "id" : 342714,
    "title" : "Crossroads: Labor Pains of a New Worldview",
    "overview" : "'Crossroads: Labor Pains of a New Worldview' is a documentary exploring the depths of the current human condition and the emergence of an integrated worldview. Weaving together insights and findings from biology, psychology, network science, systems science, business, culture and media, the film reveals the inner workings of the human experience in the 21st century, urging viewers to step out of the box and challenge their own assumptions about who we really are, and why we do what we do.",
    "genres" : [ {
      "id" : 99,
      "name" : "Documentary"
    } ]
  }, {
    "id" : 342719,
    "title" : "Sex Pistols: Buried Alive",
    "overview" : "Featuring the infamous Bill Grundy interview, snippets of live footage including God Save the Queen, No Fun, and two version of Anarchy in the UK. Also watch for cameos by Siouxie, Malcolm, Vivienne, Jordan from Jubilee, and Shane McGowan who would later form the Pogues.",
    "genres" : [ {
      "id" : 10402,
      "name" : "Music"
    }, {
      "id" : 99,
      "name" : "Documentary"
    } ]
  }, {
    "id" : 342724,
    "title" : "Coulrophobia",
    "overview" : "A young woman struggles to understand the arrival of a grotesque clown that loiters outside of her work.",
    "genres" : [ {
      "id" : 27,
      "name" : "Horror"
    } ]
  }, {
    "id" : 342729,
    "title" : "González: El Falso Profeta",
    "overview" : "Gonzalez is a lost soul in one of the world's biggest cities, Mexico City. Desperate to be someone in life---and to pay off his debts---he embarks on a journey into the increasingly magnetic world of Evangelical Christianity. Religion seems to offer a quick path to becoming rich and soon Gonzalez is willing to do anything in his power in order to make it happen. A thriller that evokes the gritty style of Martin Scorsese’s Taxi Driver, Gonzalez: The False Prophet is a suspenseful ride through the darker side of charismatic preachers and upstart religions that flourish on the hard-earned money of desperate people in need of hope.",
    "genres" : [ ]
  }, {
    "id" : 342734,
    "title" : "My Dear Nephews",
    "overview" : "Italian comedy",
    "genres" : [ {
      "id" : 35,
      "name" : "Comedy"
    } ]
  }, {
    "id" : 342739,
    "title" : "Koekeloere: Lente En Zomer",
    "overview" : "",
    "genres" : [ ]
  }, {
    "id" : 342749,
    "title" : "Una storia sbagliata",
    "overview" : "",
    "genres" : [ ]
  }, {
    "id" : 342754,
    "title" : "SwingTime Superhits",
    "overview" : "",
    "genres" : [ ]
  }, {
    "id" : 342759,
    "title" : "Jethro In Cuckoo Land",
    "overview" : "More laughs with the hero of West Country comedy! Jethro will have you in stitches with his mix of sketches and stories including Posh and Becks amongst others. He's cheeky, he's barmy - join Jethro is cloud cuckoo land!",
    "genres" : [ {
      "id" : 35,
      "name" : "Comedy"
    } ]
  }, {
    "id" : 342764,
    "title" : "Histoire du caporal",
    "overview" : "A quiet French peasant has spent three years as a corporal on the front lines in World War I, and one day he cannot take it anymore and goes AWOL, escaping into the Alps in the southeast of France. He first takes leave of his wife before heading into the mountains and manages to survive in the breathtaking, vast landscape while using all the knowledge and wiles under his command. Even though the area around him is fairly isolated, another deserter arrives on the scene -- but he cannot take the solitude and leaves. As the peasant diligently works at his own survival, the police from the region know he is hiding out somewhere within their jurisdiction, and so his future is anything but secure. This subdued, pacifist film strives for distance rather than emotional involvement, so as to present a pacifist cause as reasonably as possible, but as a consequence, the routine of the deserter's existence verges on a grinding boredom.",
    "genres" : [ {
      "id" : 10752,
      "name" : "War"
    }, {
      "id" : 18,
      "name" : "Drama"
    }, {
      "id" : 36,
      "name" : "History"
    } ]
  }, {
    "id" : 342769,
    "title" : "Psychopaths",
    "overview" : "Quaid and Kurk Morgan are a couple of vicious and dangerous psycho rapists who escape from prison and go on the lam. The deranged duo abduct a lovely young lass in order to ensure they can successfully elude being recaptured by the police. Meanwhile, brutish copper Doug Hanson and his more civil partner Charles Hess track the sickos down.",
    "genres" : [ ]
  }, {
    "id" : 342774,
    "title" : "A Little Girl's Dream",
    "overview" : "In 1987, a small elementary school in Niigata Prefecture made it to the TV news by welcoming three calves as new “students”. The animals were taken care of by the schoolchildren, among them little Tomomi, who was determined to become a veterinarian one day.  26 years later, a little girl’s dream came true.",
    "genres" : [ {
      "id" : 99,
      "name" : "Documentary"
    } ]
  }, {
    "id" : 342779,
    "title" : "Killer Stories",
    "overview" : "The wrap around storyline consists of a couple who have come home from a nightclub to have sex, then get into telling each other these stories about local serial killers they know, but not all is what it seems as the man shows his true colors.",
    "genres" : [ ]
  }, {
    "id" : 342784,
    "title" : "Felix",
    "overview" : "The film is based on the story The Emperor Felix written by Gustav Aagaard, rewritten for the film by Gunnar Nilsen-Vig, who also photographed the film. Rasmus Breistein directed the film.",
    "genres" : [ ]
  }, {
    "id" : 342789,
    "title" : "Attack of the Mutant Dick from Outer Space",
    "overview" : "",
    "genres" : [ {
      "id" : 27,
      "name" : "Horror"
    }, {
      "id" : 878,
      "name" : "Science Fiction"
    }, {
      "id" : 35,
      "name" : "Comedy"
    } ]
  }, {
    "id" : 342794,
    "title" : "Plat eller krone",
    "overview" : "This film follows two men, the plain Herkules (Ib Schønberg) and the rich Erik (Angelo Bruun). When they were boys, Erik defended his good friend Herkules. And he never forgot that fact. They stay up for each other, no matter that Erik gambles his money away, or what ever happens to Herkules.",
    "genres" : [ {
      "id" : 35,
      "name" : "Comedy"
    } ]
  }, {
    "id" : 342799,
    "title" : "Ninnu Choodalani",
    "overview" : "",
    "genres" : [ ]
  }, {
    "id" : 342804,
    "title" : "Anal Addicts 27",
    "overview" : "No ifs ands or butts about it. Sphincter packed, ass gaping fun. Anal Addicts #27 is sure to give you what you are looking for! Some of the hottest sluts in porn today taking big fat cocks deep in the shitter just for your pleasure. Ass to mouth and other butthole delights fill up this ass cravers flick.",
    "genres" : [ ]
  }, {
    "id" : 342814,
    "title" : "When You Wore a Tulip and I Wore a Big Red Rose",
    "overview" : "In the early 1980s, documentary filmmaker Stephen Schaller was instrumental in the rediscovery and restoration of The Lumberjack (1914), the oldest surviving film made in Wisconsin, and produced by a group of itinerant filmmakers who traveled from town to town making \"local talent\" pictures. Schaller's lovely and sometimes deeply emotional, 63-minute journal/essay film offers a look at the making of the Wausau, Wisconsin classic, including interviews with the one surviving cast member and the relatives of others who appeared in the movie.",
    "genres" : [ ]
  }, {
    "id" : 342844,
    "title" : "Fluss des Lebens: Verloren am Amazonas",
    "overview" : "",
    "genres" : [ {
      "id" : 10749,
      "name" : "Romance"
    } ]
  }, {
    "id" : 342849,
    "title" : "How Do I Love Thee?",
    "overview" : "A professor recalls his atheistic father, his devoted mother and his father's blousy mistress.",
    "genres" : [ {
      "id" : 35,
      "name" : "Comedy"
    } ]
  }, {
    "id" : 342854,
    "title" : "A Man Named Lombardi",
    "overview" : "Explore the life of legendary football coach Vince Lombardi and learn how players including Paul Hornung, Sonny Jurgenson and Fuzzy Thurston viewed the man",
    "genres" : [ {
      "id" : 99,
      "name" : "Documentary"
    } ]
  }, {
    "id" : 342864,
    "title" : "Thozha",
    "overview" : "Premji, Vijay Vasanth, and Nithin Sathya are close friends. Ajay Raj, who is out to avenge the killing of his younger sister by her boyfriend, also joins these friends. In this situation, a rowdy's daughter, Jennifer, loves Ajay, but he does not reciprocate. He has to first kill the person who cheated his sister and took her life. When it is known that it is Nitin Sathya who is the culprit, Ajay picks up an 'aruval' and rushes to confront Nitin. In the meantime, Nitin hires a mercenary paying him Rs 5 lakes to kill Ajay. The friends are divided and the outcome of the clashes between them forms the climax.",
    "genres" : [ ]
  }, {
    "id" : 342869,
    "title" : "Alton & Kenya's Outrageous Wedding",
    "overview" : "Alton &amp; Kenya's OUTRAGEOUS WEDDING is a romantic comedy about a wedding. The bride and groom, Alton Sheffield and Kenya Jackson, grew up on different sides of the track. Alton grew up in an upper class household in Baldwin Hills. His wife to be, Kenya, grew up in the \"Jungle\" (South Central LA). Comedy ensues as the two families come together for a day of holy matrimony.",
    "genres" : [ ]
  }, {
    "id" : 342874,
    "title" : "Nicht alles schlucken",
    "overview" : "",
    "genres" : [ {
      "id" : 99,
      "name" : "Documentary"
    } ]
  }, {
    "id" : 342879,
    "title" : "Israel: The Royal Tour",
    "overview" : "Prime Minister Netanyahu gives journalist Peter Greenberg unprecedented access in this history-making, one-hour television special. It is a cutting-edge, unique look at Israel through the eyes of its leader.",
    "genres" : [ ]
  }, {
    "id" : 342884,
    "title" : "barre3 Ballet Fit",
    "overview" : "Grace meets athleticism in this total body toning workout. Expect postures inspired by ballet presented in a fresh way designed to create the dancer's body: long, lean, and graceful. Candace breaks down the moves so they are easy to follow for fast body shaping results.",
    "genres" : [ ]
  }, {
    "id" : 342889,
    "title" : "Brake Mode",
    "overview" : "An employee of a Japanese automobile manufacturer travels to Busan to attend the presentation of a new car model that was developed together with Korean colleagues. When the prototype is stolen from under his nose, Japanese and Korean employees have to work together, whether they like it or not.",
    "genres" : [ ]
  }, {
    "id" : 342894,
    "title" : "The Period of Purple Crying",
    "overview" : "The Period of PURPLE Crying is a new way to help parents understand this time in their baby's life, which is a normal part of every infant's development. It is confusing and concerning to be told your baby \"has colic\" because it sounds like it is an illness or a condition that is abnormal. When the baby is given medication to treat symptoms of colic, it reinforces the idea that there is something wrong with the baby, when in fact, the baby is going through a very normal developmental phase. That is why we prefer to refer to this time as the Period of PURPLE Crying. This is not because the baby turns purple while crying. The acronym is a meaningful and memorable way to describe what parents and their babies are going through.",
    "genres" : [ ]
  }, {
    "id" : 342899,
    "title" : "La criada malcriada",
    "overview" : "Azucena is a saucy maid whose personality causes many comical situations. These will increase when the family she works for hosts a recently widowed millionaire returning to Puerto Rico after many years.",
    "genres" : [ {
      "id" : 35,
      "name" : "Comedy"
    } ]
  }, {
    "id" : 342904,
    "title" : "Flor de durazno",
    "overview" : "City slicker scams on young farmgirl while her fiance's in USA on a work permit.",
    "genres" : [ {
      "id" : 18,
      "name" : "Drama"
    }, {
      "id" : 10749,
      "name" : "Romance"
    } ]
  }, {
    "id" : 342909,
    "title" : "Den Tagen mehr Leben!",
    "overview" : "",
    "genres" : [ {
      "id" : 18,
      "name" : "Drama"
    } ]
  }, {
    "id" : 342914,
    "title" : "Scripted Content",
    "overview" : "A very short film for Vogue starring Jessica Chastain by Matthew Frost.",
    "genres" : [ ]
  }, {
    "id" : 342919,
    "title" : "Pornstar Perspective",
    "overview" : "This time we've turned things around. Imagine the fucking insanity ... and we do mean \"fucking\" - when we give the Pornstars control of the camera and allow you to see things from their perspective! Today's top stars - Tori Black, Raylene, Courtney Cummz, AnnMarie Rios and Madelyn Marie - passionately strip, suck, fuck and shoot and with a multitude of dipping wet pussies and cock-filled mouths, we've turned things upside down and given you a peek from a Pornstar's Perspective.",
    "genres" : [ ]
  }, {
    "id" : 342924,
    "title" : "All Consuming Love: Man in a Cat",
    "overview" : "A tiny man who lives inside a cat becomes obsessed with the cat's new owner. When the man finds out a woman his own size has been watching everything from afar he realizes he doesn't need to be alone anymore.",
    "genres" : [ {
      "id" : 35,
      "name" : "Comedy"
    }, {
      "id" : 16,
      "name" : "Animation"
    } ]
  }, {
    "id" : 342929,
    "title" : "Cosmic Jungle",
    "overview" : "A fiery dog with magic powers burst into an ordered urban universe and disrupts its perfect machinery.",
    "genres" : [ {
      "id" : 28,
      "name" : "Action"
    }, {
      "id" : 16,
      "name" : "Animation"
    } ]
  }, {
    "id" : 342939,
    "title" : "O Cristo de Vitória da Conquista",
    "overview" : "",
    "genres" : [ {
      "id" : 99,
      "name" : "Documentary"
    } ]
  }, {
    "id" : 342944,
    "title" : "The Iron Duke",
    "overview" : "The life and times of the Duke of Wellington",
    "genres" : [ {
      "id" : 18,
      "name" : "Drama"
    } ]
  }, {
    "id" : 342949,
    "title" : "Sonic Geometry: The Language of Frequency and Form",
    "overview" : "Throughout history, numerous clues and hints regarding geometry and frequency have been staring at us, calling to us, and waiting for us to put them into place like pieces of a giant puzzle. Here at the dawn of a new age, this sonic-geometric puzzle is finally nearing completion, revealing the building blocks of a language based on energy, frequency and form.  How will we use it? With whom will we be communicating? Now that we know the basics of this new language, maybe we are ready to begin the conversation.... again?  Please join us as we explore the synchronicities and connections between ancient places and people, as well as the roles that geometry and sound have played in revealing one of the greatest mysteries on Planet Earth.",
    "genres" : [ ]
  }, {
    "id" : 342954,
    "title" : "Mein Traum von Venedig",
    "overview" : "",
    "genres" : [ {
      "id" : 35,
      "name" : "Comedy"
    } ]
  }, {
    "id" : 342959,
    "title" : "Sommer mit Hausfreund",
    "overview" : "",
    "genres" : [ {
      "id" : 10770,
      "name" : "TV Movie"
    }, {
      "id" : 10749,
      "name" : "Romance"
    } ]
  }, {
    "id" : 342964,
    "title" : "South of the Boudoir",
    "overview" : "Charley Chase invites his boss home for dinner; hilarious complications ensue.",
    "genres" : [ {
      "id" : 35,
      "name" : "Comedy"
    } ]
  }, {
    "id" : 342969,
    "title" : "The Awful Goof",
    "overview" : "A Charley Chase short, produced at Columbia.",
    "genres" : [ {
      "id" : 35,
      "name" : "Comedy"
    } ]
  }, {
    "id" : 342974,
    "title" : "Skinny the Moocher",
    "overview" : "A Charley Chase short, produced at Columbia.",
    "genres" : [ {
      "id" : 35,
      "name" : "Comedy"
    } ]
  }, {
    "id" : 342979,
    "title" : "The Sap Takes a Wrap",
    "overview" : "A Charley Chase short, produced at Columbia.",
    "genres" : [ {
      "id" : 35,
      "name" : "Comedy"
    } ]
  }, {
    "id" : 342984,
    "title" : "The Mind Needer",
    "overview" : "A Charley Chase short, produced at Columbia.  Charley is alarmingly forgetful, and this is his wedding anniversary.  Will he give his wife a present and avoid her wrath?",
    "genres" : [ {
      "id" : 35,
      "name" : "Comedy"
    } ]
  }, {
    "id" : 342989,
    "title" : "Calling All Doctors",
    "overview" : "A Charley Chase short, produced at Columbia.",
    "genres" : [ {
      "id" : 35,
      "name" : "Comedy"
    } ]
  }, {
    "id" : 342994,
    "title" : "The Grand Hooter",
    "overview" : "A Charley Chase short, produced at Columbia.",
    "genres" : [ {
      "id" : 35,
      "name" : "Comedy"
    } ]
  }, {
    "id" : 342999,
    "title" : "YuMex - Yugoslav Mexico",
    "overview" : "TV documentary about the Mexican music craze in the communist Yugoslavia.",
    "genres" : [ {
      "id" : 99,
      "name" : "Documentary"
    } ]
  }, {
    "id" : 343004,
    "title" : "Homicycle",
    "overview" : "A town is under siege by a gang of drug dealers when from seemingly out of nowhere, a mysterious man in black astride a motorcycle, begins targeting the junk peddlers for death!",
    "genres" : [ ]
  }, {
    "id" : 343009,
    "title" : "Girls In Summer Dresses, Hiroshima August 6 1945 (1988)",
    "overview" : "In 1945, the second and third-year students of a Hiroshima girls' school are taken away to work in war factories. The remaining 220 girls of the first year try to make the best of their new-found status as the only teenagers in an almost deserted town, even amid the deprivations of wartime. On the 7th of August, an American bomber changes their lives forever. Broadcast on the 43rd anniversary of Hiroshima in memory of \"the girls who lost their lives to the atom bomb.\" (Source: Anime Encyclopedia)",
    "genres" : [ {
      "id" : 36,
      "name" : "History"
    }, {
      "id" : 16,
      "name" : "Animation"
    } ]
  }, {
    "id" : 343014,
    "title" : "The Seventh Sword",
    "overview" : "In this costume adventure, a dashing swordsman helps protect Philip III of Spain from the traitors trying to overthrow him.",
    "genres" : [ {
      "id" : 12,
      "name" : "Adventure"
    }, {
      "id" : 28,
      "name" : "Action"
    } ]
  }, {
    "id" : 343019,
    "title" : "Into the Mass",
    "overview" : "Images are originally shot by two super 8 cameras, capturing the side views of me riding a bicycle, from Marin County to San Francisco. The dual projection shows new landscape of photogenic city. The ride ended after joining \"Critical Mass,\" an event occurs every last Friday of a month in San Francisco.",
    "genres" : [ ]
  }, {
    "id" : 343024,
    "title" : "One by One",
    "overview" : "A cafe worker is violently jolted from her day-to-day existence when offered the startling revelation that this world may be on the brink of destruction, revolution, or both.",
    "genres" : [ {
      "id" : 18,
      "name" : "Drama"
    } ]
  }, {
    "id" : 343029,
    "title" : "Una canción a la vírgen",
    "overview" : "Showbiz family is stressed when wife gets sick and husband starts paying attention to costar.",
    "genres" : [ ]
  }, {
    "id" : 343034,
    "title" : "Don't Lie",
    "overview" : "After Buckwheat tells the gang he's seen a big monkey, Spanky, Froggy and Mickey decide to teach him once and for all not to lie. What the gang doesn't know is that the monkey is real, and hilarity will ensue.",
    "genres" : [ {
      "id" : 35,
      "name" : "Comedy"
    } ]
  }, {
    "id" : 343039,
    "title" : "The Man Without a Soul",
    "overview" : "A scientist brings a divinity student back to life, but revived lacks his soul.",
    "genres" : [ ]
  }, {
    "id" : 343044,
    "title" : "Mishpahat Simhon",
    "overview" : "A tale of a family in Israel in the 60's",
    "genres" : [ ]
  }, {
    "id" : 343049,
    "title" : "Popp and Mingel",
    "overview" : "8 year-old Patrick is left far too much on his own, due to the fact that his parents both work. The parents make it clear that they love their son, but only when they are hurrying out of the house, or have a guilty conscience. Patrick's need for tenderness is only fulfilled in his imagination.",
    "genres" : [ {
      "id" : 18,
      "name" : "Drama"
    } ]
  }, {
    "id" : 343054,
    "title" : "N: VI - Vanishing Roadsides",
    "overview" : "We used to travel along roads that went through inhabited places. Now, those roads have been replaced by motorways isolated from the landscape they cross. Between the point of departure and the point of arrival we have left behind those places of passage where, apparently, nothing happens anymore. The N-VI is one of those roads.",
    "genres" : [ {
      "id" : 99,
      "name" : "Documentary"
    } ]
  }, {
    "id" : 343059,
    "title" : "Hollywood Adventures",
    "overview" : "A young man goes from China to Hollywood on short notice to find his girlfriend. He ends up connected with two others in his quest, which gets much more complicated than he envisioned.",
    "genres" : [ {
      "id" : 35,
      "name" : "Comedy"
    }, {
      "id" : 28,
      "name" : "Action"
    } ]
  }, {
    "id" : 343064,
    "title" : "Garbhasreeman",
    "overview" : "Suraj plays a man who becomes pregnant through the science.",
    "genres" : [ ]
  }, {
    "id" : 343069,
    "title" : "Care Bears",
    "overview" : "Includes two episodes of the hit television series \"Care Bears.\"  \"The Care Bears Carneys\"- Episode 39- Beastly and Shreeky trick the Care Bears away from their work and into a carnival they set up as a trap to capture them.  \"The Secret of The Box\"- Episodes 51-  Trouble abounds when the crew of the S.S. Friendship become obsessed with opening a box to be delivered to an alien planet.",
    "genres" : [ ]
  }, {
    "id" : 343074,
    "title" : "Filleann an Feall",
    "overview" : "Two Dubs, Sean and Ger, get wind of the proverbial pot of gold and what should be a straight-forward job becomes a fiasco. But, there's an old Irish saying - \"Filleann an feall ar an bhfeallaire - What goes around comes around\".",
    "genres" : [ {
      "id" : 18,
      "name" : "Drama"
    } ]
  }, {
    "id" : 343079,
    "title" : "Good Night, Gorilla",
    "overview" : "Part of the Scholastic Video Collection, \"Good Night Gorilla... and More Bedtime Stories\" brings 7 bedtime story classics to life on the screen. 1- Good Night, Gorilla 2- How Do Dinosaurs Say Good Night? 3- Happy Birthday, Moon 4- The Napping House 5- The Paperboy 6- Patrick 7- The Hat",
    "genres" : [ ]
  }, {
    "id" : 343084,
    "title" : "World Series of Fighting 19: Gaethje vs. Palomino",
    "overview" : "World Series of Fighting 19: Gaethje vs. Palomino was a mixed martial arts event held March 28, 2015 in Phoenix, Arizona, United States. This event aired on NBCSN in the U.S and on Fight Network in Canada.",
    "genres" : [ {
      "id" : 28,
      "name" : "Action"
    } ]
  }, {
    "id" : 343089,
    "title" : "When Lightning Strikes",
    "overview" : "Lightning the dog stars in this wilderness melodrama.",
    "genres" : [ ]
  }, {
    "id" : 343094,
    "title" : "Fangs of the Arctic",
    "overview" : "Canadian Mounties Corporal Rod Webb and Constable Mike Kelly, along with Rod's dog Chinook, are sent to the Blackfoot Crossing country to find a killer.",
    "genres" : [ {
      "id" : 37,
      "name" : "Western"
    }, {
      "id" : 12,
      "name" : "Adventure"
    } ]
  }, {
    "id" : 343099,
    "title" : "The Paris Conspiracy",
    "overview" : "Made-for-TV movie spinoff from the Canadian television series Katts and Dog, airing in the US as Rin Tin Tin: K-9 Cop.",
    "genres" : [ ]
  }, {
    "id" : 343104,
    "title" : "Lions for Breakfast",
    "overview" : "A man, a dog, and two boys travel together by bus, including a tour through a safari park.",
    "genres" : [ ]
  }, {
    "id" : 343109,
    "title" : "El Betis, corazón abierto",
    "overview" : "",
    "genres" : [ {
      "id" : 99,
      "name" : "Documentary"
    } ]
  } ]
}