{
  "movies" : [ {
    "id" : 69544,
    "title" : "Secrets of Women",
    "overview" : "Rakel, Marta, Karin and Annette are married to four brothers. While waiting in a summer cottage for their husbands to come home, they tell each other stories about their marriages. Rakel tells about the time she had an affair and confronted her husband with it. Marta's story is about how she at first refused to marry and had her child by herself. Karin tells about what happened when one time she and her husband got stuck in an elevator together. While the women tell their stories, Marta's younger sister Maj is planning to elope.",
    "genres" : [ {
      "id" : 18,
      "name" : "Drama"
    }, {
      "id" : 35,
      "name" : "Comedy"
    } ]
  }, {
    "id" : 69549,
    "title" : "Rameswaram",
    "overview" : "asanthi (Bhavana) is the daughter of the big man (Lal), who does a lot of help for the refugees. Bhavana instantly falls for Jeevan (Jeeva), a Tamil refugee, staying in the camp in Rameswaram. Jeevan, nurturing a dream to go back to his home land, keeps on discouraging the girl, who is stubborn in her love. Jeevan’s heart, influenced by the pure love of the girl, starts melting slowly. Enters Bose Venkat, the cousin of Vasanthi with full of dreams to marry his childhood sweetheart. He joins as an Inspector in the local police station. The whole family is eagerly awaiting their marriage.",
    "genres" : [ {
      "id" : 28,
      "name" : "Action"
    }, {
      "id" : 18,
      "name" : "Drama"
    } ]
  }, {
    "id" : 69554,
    "title" : "Keerthi Chakra",
    "overview" : "Major Mahadevan (Mohanlal) is the head of the elite command force. He is in charge of fighting the country’s terrorist groups and protecting the country from their terrorist intentions. Havildar Jaikumar (Jeevaa) is Major Mahadevan’s most trusted lieutenant. He meticulously carries out his chief’s instructions, thereby gaining his trust and confidence. Mahadevan, Havildar Jaikumar and their team save the public from threats, attempted bombings, kidnappings, and extortions by militants.",
    "genres" : [ {
      "id" : 28,
      "name" : "Action"
    }, {
      "id" : 18,
      "name" : "Drama"
    }, {
      "id" : 10752,
      "name" : "War"
    } ]
  }, {
    "id" : 69559,
    "title" : "Dead Times",
    "overview" : "What is man? Man makes war, man kills man, man hunts, man is executed. A montage mixing original drawings by Topor, original shots and stock shots that ironically analyze what man is. Early Rene Laloux film",
    "genres" : [ {
      "id" : 16,
      "name" : "Animation"
    }, {
      "id" : 18,
      "name" : "Drama"
    } ]
  }, {
    "id" : 69564,
    "title" : "Aadhi Bhagavan",
    "overview" : "Aadhi Bhagavan (Tamil: ஆதி பகவன்) is a Tamil action-romance film written and directed by Ameer Sultan (directing his fourth feature film), which stars Jayam Ravi and Neetu Chandra in the lead roles. Produced by DMK politician J. Anbazhagan, the film, featuring music composed by Yuvan Shankar Raja, cinematography by R. B. Gurudev and K. Devaraj and editing by Ram Sudharsan, is currently in its production stage.",
    "genres" : [ {
      "id" : 28,
      "name" : "Action"
    } ]
  }, {
    "id" : 69569,
    "title" : "Mark Strikes Again",
    "overview" : "A murderous drug dealer breaks his partner out of police custody. An undercover cop is assigned to track down the two killers and bring them in.",
    "genres" : [ {
      "id" : 28,
      "name" : "Action"
    } ]
  }, {
    "id" : 69574,
    "title" : "A Night in Nude: Salvation",
    "overview" : "A beautiful mother and her two daughters run a bar in a town. They have a dream of becoming rich, reforming the building, and living as celebrities. With no chance of their dream coming true with just their everyday earnings, they had another face - blinding the elderly with their beauty, putting on insurance coverage and seeking to get rich quick by murdering. However, their scheme begins to collapse from one little mistake.",
    "genres" : [ {
      "id" : 18,
      "name" : "Drama"
    }, {
      "id" : 53,
      "name" : "Thriller"
    }, {
      "id" : 80,
      "name" : "Crime"
    } ]
  }, {
    "id" : 69579,
    "title" : "My Dear Killer",
    "overview" : "Following the mysterious decapitation of an insurance investigator, Police Inspector Peretti is put onto the case, but all the clues lead to an unsolved case of kidnapping and murder.",
    "genres" : [ {
      "id" : 18,
      "name" : "Drama"
    }, {
      "id" : 53,
      "name" : "Thriller"
    }, {
      "id" : 10769,
      "name" : "Foreign"
    } ]
  }, {
    "id" : 69584,
    "title" : "Thambi",
    "overview" : "Angry young man Velu Thondaiman, affectionately known as \"Thambi\" fights against all types of evils in the society. He keeps running into Sankara Pandian, a political henchman who rules the city with violence. Thambi is determined to overcome Sankara Pandian's activities in the society and his fearless attitude brings fear into the face of Sankara Pandian's gang. Thambi thwarts Sankara Pandian's terrorizing plans with the help of his close associates. At this very moment, a flashback unravels how Sankara Pandian's gang kills Thambi's family after Thambi identifies the killer as Sankara Pandian's brother Saravana Pandian. As the Police now close in on the thugs by means of \"encounters\", Sankara Pandian starts riots within the city to topple the internal government, so he can achieve power as a member of parliament. But, in the riots, Sankara Pandian's daughter and mother are caught and Thambi saves them single-handedly",
    "genres" : [ {
      "id" : 28,
      "name" : "Action"
    }, {
      "id" : 18,
      "name" : "Drama"
    }, {
      "id" : 10769,
      "name" : "Foreign"
    }, {
      "id" : 10749,
      "name" : "Romance"
    }, {
      "id" : 53,
      "name" : "Thriller"
    } ]
  }, {
    "id" : 69589,
    "title" : "Box: Hakamada Case - What is the Life",
    "overview" : "Based on the true story of former professional boxer Iwao Hakamada who has spent over 40 years incarcerated on death row. Iwao Hakamada was arrested for the June 10, 1966 murder of a family in Shizuoka . Iwao Hakamada has always insisted on his innocence and many others also believe Iwao Hakamada has been falsely accused ...",
    "genres" : [ {
      "id" : 80,
      "name" : "Crime"
    }, {
      "id" : 18,
      "name" : "Drama"
    } ]
  }, {
    "id" : 69594,
    "title" : "Happy Ghost III",
    "overview" : "A young, unsuccessful singer, after committing suicide, is to be reincarnated, this time into a musical family. Her spirit must get to the hospital where her future mother is currently ready to give birth to her, so that she can enter the womb and be born. Unfortunately, she misses her appointed birth time, twice, due to the accidental intervention of a young man, Mr. Hong. At first she is angry and makes life hard for him, but eventually they fall in love, although she can't stay around long as she has one last chance to be born.",
    "genres" : [ {
      "id" : 27,
      "name" : "Horror"
    }, {
      "id" : 35,
      "name" : "Comedy"
    }, {
      "id" : 14,
      "name" : "Fantasy"
    } ]
  }, {
    "id" : 69599,
    "title" : "Long Arm of the Law",
    "overview" : "An ultra-violent and ultra-gritty tale of desperate Chinese would-be jewel thieves hoping to make a quick, effortless score in Hong Kong. Naturally, things go afoul, and the gang must hide out until the heat dies down, besmirched with the blood of an undercover cop. A progenitor of sorts of both \"City on Fire\" and \"Reservoir Dogs,\" but lacking the romantic melodrama of the former and the hipster staginess of the latter. Winner of Hong Kong Film Awards for both Best Film and Best Director. Spawned a franchise with three sequels.",
    "genres" : [ {
      "id" : 28,
      "name" : "Action"
    }, {
      "id" : 80,
      "name" : "Crime"
    }, {
      "id" : 10769,
      "name" : "Foreign"
    } ]
  }, {
    "id" : 69609,
    "title" : "Cheena Thaana 001",
    "overview" : "The humour here is the \"Tom &amp; Jerry\", one-man- upmanship type. Prasanna wants to become a cop, but the arrogant police officers Manivannan and Sada ensure that he does not succeed. Meanwhile he discovers a plot to assassinate the governor (visu) by the terrorist Riaz Khan and he complains it to the assistant commissioner of police (Sada),but discovers that Sada is also A member of the plot. So he finds a detective agency and starts cracking the plot and he succeeds in it.",
    "genres" : [ ]
  }, {
    "id" : 69614,
    "title" : "Hoedown Showdown",
    "overview" : "A number of aspiring \"Luktung\" singers (traditional Thai country music) try to win a contest where first-prize is 1 million baht.",
    "genres" : [ {
      "id" : 35,
      "name" : "Comedy"
    } ]
  }, {
    "id" : 69619,
    "title" : "The Detective 2",
    "overview" : "Mysteries keep revolving around Tam’s life.",
    "genres" : [ {
      "id" : 28,
      "name" : "Action"
    } ]
  }, {
    "id" : 69624,
    "title" : "Vallavan",
    "overview" : "Vallavan movie is about Vallavan (Simbu) who falls in love with Swapna (Nayanthara) at first sight. Later, it becomes known that Swapna is a trainee lecturer in the same college where Vallavan studies and she is three years older.Vallavan turns into Pallan to woo her dream girl. But Swapna spurns his love after learning too late that he is younger than her and decides to marry another man.",
    "genres" : [ {
      "id" : 28,
      "name" : "Action"
    }, {
      "id" : 10749,
      "name" : "Romance"
    } ]
  }, {
    "id" : 69629,
    "title" : "Kovil",
    "overview" : "Kovil movie is about two youths who belong to two different religions. Hindu boy Sakthivel (Silambaran) and Christian girl Agnel Devi (Sonia Agarwal) fall in love. Agnel Devi",
    "genres" : [ {
      "id" : 18,
      "name" : "Drama"
    }, {
      "id" : 28,
      "name" : "Action"
    }, {
      "id" : 10749,
      "name" : "Romance"
    }, {
      "id" : 10769,
      "name" : "Foreign"
    } ]
  }, {
    "id" : 69634,
    "title" : "Vel",
    "overview" : "The story opens with a couple with twins sitting in a train. However, a thief snatches one of the sons, and after stealing the jewellery of the son, leaves the baby. However, the baby is found by a childless couple in a village. The couple hail from a large and powerful family, and they raise him as their son without telling him the truth. Thus, the twins grow up in different environment. The one living with the parents (Vasudevan a.k.a. Vasu) grows up in Chennai to become an officer in a private investigative agency. The other son, Vetrivel a.k.a Vel grows up in Dindukkal and becomes a rustic young man.",
    "genres" : [ {
      "id" : 18,
      "name" : "Drama"
    } ]
  }, {
    "id" : 69639,
    "title" : "The Makeover",
    "overview" : "Rodger Keaton is a socially challenged, clinically frigid, computer nerd, desperate single white male. Patricia Bartlett is a ruthless award winning journalist who has found her man. Pitted against overwhelming odds, Hollywood makeover Guru Brad Holloway is blackmailed via the threat of crippling publicity. Brad's challenge is a \"mission impossible\" makeover and he must prove with substantial results that his Ultimate Makeover Services are the 'Real Deal'. Over the next six weeks, Brad &amp; Rodger take a most unlikely journey into often uncharted terrain, with hilarious &amp; heart warming results at every turn. But can true change be given a deadline? And can anything with a deadline be thoroughly achieved? A willing dog can learn a thousand new tricks, but is self-identity a trick?",
    "genres" : [ ]
  }, {
    "id" : 69644,
    "title" : "Ni sangre, ni arena",
    "overview" : "Cantinflas enjoys the bullfight show, and wants to crash in every of these spectacles. Also, there's a professional bullfighter, Manolete, who is identical to Cantinflas. Manolete has to give a bullfight show in a village, but Cantinflas arrives first as a stowaway in a train, and he'll be mistake by the real bullfighter. Cantinflas will give us a demonstration of courage.",
    "genres" : [ {
      "id" : 35,
      "name" : "Comedy"
    } ]
  }, {
    "id" : 69649,
    "title" : "London Elektricity: Live Gravy",
    "overview" : "* In concert: at the Jazz Cafe, + 2 extra songs from the Autumn 2003 tour. * Meet the band: individual profiles of the world's most dysfunctional drum+bass band. * Road Trips: behind-the-scenes footage from the last 12 months on the road. Including tour bus headspins, the joys of soundchecks, BBC live sessions, The Knowledge Awards and more. * Animated Videos: the amazing videos for 'Cum Dancing' and 'Billion Dollar' Gravy' by award winning animators Conkerco.",
    "genres" : [ ]
  }, {
    "id" : 69654,
    "title" : "Kushi",
    "overview" : "The story begins when Jenny(Jyothika) and Shiva(Vijay) are born in different states of India they meet as babies, when their parents left they were pulled apart. They are in their childhood and both want to represent their home town in a camp they are next to each other but don't speak or see each other. Ten years later, Jenny wants to pursue higher studies but her father wants her to get married. At first she gets angry at him but decides to marry according to her father's wishes. On the night of the wedding her groom elopes with his lover. Seeing Jenny depressed and disappointed, her father lets her study further. Shiva lives in a big city and is accepted to a college in Canada. On the way to the airport, he gets in an accident and has to give up his dream of studying abroad",
    "genres" : [ {
      "id" : 18,
      "name" : "Drama"
    }, {
      "id" : 10769,
      "name" : "Foreign"
    }, {
      "id" : 10749,
      "name" : "Romance"
    } ]
  }, {
    "id" : 69659,
    "title" : "Priyamanavale",
    "overview" : "Vijay (Vijay), having grown up in the United States, has no interest in marriage and his goal is to enjoy his youth whenever possible. His father (S. P. Balasubrahmanyam), distraught at his son's ways, seeks to marry him off to make him more responsible. His insistence makes Vijay agree to a marriage but with a unique condition - a kind of a test drive! The marriage will be for a single year initially, and at the end of the year Vijay can choose to continue or not depending on his attitude towards his wife. His father picks Priya (Simran), his PA, who agrees to the condition because of problems plaguing her family. Unmoved by her devotion to him, Vijay opts to get out of the marriage after the year is over. But soon he realizes her worth and he wants her to come back, but now it's Priya's turn to say \"no\".",
    "genres" : [ {
      "id" : 18,
      "name" : "Drama"
    } ]
  }, {
    "id" : 69664,
    "title" : "Gemini",
    "overview" : "Gemini was released in 2002, directed by successful director Saran and it was produced by the AVM company headed by M. S. Guhan and M. Saravanan. The film starred Vikram and Kiran Rathod in the lead roles with Kalabhavan Mani and Charle in supporting roles.The story of Gemini revolves around Gemini (Vikram) and Teja (Kalabhavan Mani), two contemporary rowdies in Chennai. Gemini's friend is murdered by Teja's friend. Then Gemini and his gang search for the person who murdered his friend and kills him. This incident marks the start of their rivalry.",
    "genres" : [ {
      "id" : 18,
      "name" : "Drama"
    }, {
      "id" : 28,
      "name" : "Action"
    }, {
      "id" : 10769,
      "name" : "Foreign"
    } ]
  }, {
    "id" : 69669,
    "title" : "Sethu",
    "overview" : "A love brings to light the soft-natured characteristic features that lie buried in the sub-conscious mind of a seemingly hard-core student. Some unexpected tragic events mould his life into an epic-like story!",
    "genres" : [ {
      "id" : 28,
      "name" : "Action"
    }, {
      "id" : 18,
      "name" : "Drama"
    }, {
      "id" : 10749,
      "name" : "Romance"
    }, {
      "id" : 53,
      "name" : "Thriller"
    } ]
  }, {
    "id" : 69679,
    "title" : "Les Inconnus - Ze Inconnus Story : Le bôcoup meilleur, Vol. 3",
    "overview" : "",
    "genres" : [ {
      "id" : 35,
      "name" : "Comedy"
    } ]
  }, {
    "id" : 69684,
    "title" : "A Desperate Chance for Ellery Queen",
    "overview" : "A man is framed for embezzlement and runs off to San Francisco. His wife hires Queen to try and track him down before the police get to him.",
    "genres" : [ {
      "id" : 9648,
      "name" : "Mystery"
    } ]
  }, {
    "id" : 69689,
    "title" : "Boston Blackie and the Law",
    "overview" : "Blackie performs in a magic show at a women's prison, which gives an inmate an opportunity to escape.",
    "genres" : [ {
      "id" : 18,
      "name" : "Drama"
    }, {
      "id" : 80,
      "name" : "Crime"
    }, {
      "id" : 9648,
      "name" : "Mystery"
    } ]
  }, {
    "id" : 69694,
    "title" : "Ellery Queen and the Perfect Crime",
    "overview" : "Ralph Bellamy makes the third of four appearances as \"master detective\" Ellery Queen in Columbia's Ellery Queen and the Perfect Crime. The principal villain is crooked stockbroker John Mathews (Douglass Dumbrille), whose Wall Street manipulations render Ray Jarden (H. B. Warner) penniless. Mathews' chicanery seems particularly coldblooded, inasmuch as his daughter Marian (Linda Hayes) is engaged to Jarden's son Walter (John Beal). When the latter disappears, Mathews asks Ellery Queen to locate the young man.",
    "genres" : [ {
      "id" : 9648,
      "name" : "Mystery"
    } ]
  }, {
    "id" : 69699,
    "title" : "Meet Boston Blackie",
    "overview" : "When a murder occurs on an ocean liner docked in New York, the trail leads to Coney Island and a spy ring.",
    "genres" : [ {
      "id" : 80,
      "name" : "Crime"
    }, {
      "id" : 18,
      "name" : "Drama"
    } ]
  }, {
    "id" : 69704,
    "title" : "Trapped by Boston Blackie",
    "overview" : "Blackie is the natural suspect when an expensive pearl necklace is stolen while he is supposed to be guarding it.",
    "genres" : [ {
      "id" : 18,
      "name" : "Drama"
    }, {
      "id" : 80,
      "name" : "Crime"
    }, {
      "id" : 9648,
      "name" : "Mystery"
    } ]
  }, {
    "id" : 69719,
    "title" : "Lost in the Dark",
    "overview" : "A young girl, who has recently lost her eyesight to a degenerative disease, struggles to outwit an escaped convict who has taken refuge in her grandmother's cabin during a ferocious snowstorm.",
    "genres" : [ ]
  }, {
    "id" : 69724,
    "title" : "Son of Bambi Meets Godzilla",
    "overview" : "The Son of Bambi meets Godzilla",
    "genres" : [ {
      "id" : 16,
      "name" : "Animation"
    }, {
      "id" : 35,
      "name" : "Comedy"
    }, {
      "id" : 27,
      "name" : "Horror"
    } ]
  }, {
    "id" : 69729,
    "title" : "An Honorable Young Man",
    "overview" : "A young boxer Michel Maudet is sacked by his manager after a series of match defeats and is forced to look for a new job. He is engaged as secretary to a millionaire named Ferchaux who is in a hurry to flee the country when he discovers he has been implicated in a high-profile fraud.",
    "genres" : [ {
      "id" : 12,
      "name" : "Adventure"
    }, {
      "id" : 80,
      "name" : "Crime"
    }, {
      "id" : 18,
      "name" : "Drama"
    } ]
  }, {
    "id" : 69744,
    "title" : "My Big Fat Gay Wedding",
    "overview" : "",
    "genres" : [ ]
  }, {
    "id" : 69749,
    "title" : "Stevie Nicks: Live in Chicago",
    "overview" : "This Bluray features Nicks' October 25, 2007 Soundstage performance. The Bluray features special guest Vanessa Carlton for whom Nicks provided backing vocals on her 2007 album Heroes &amp; Thieves.  The first lady of Fleetwood Mac, Stevie Nicks performs her classic rock hits as well songs from her acclaimed solo albums on LIVE IN CHICAGO. Recorded in 2007 before a crowd of adoring fans, these Soundstage sessions feature Nicks at her most engaging, offering mesmerizing versions of \"Rhiannon,\" \"Landslide,\" \"Dreams,\" and many more.",
    "genres" : [ {
      "id" : 10402,
      "name" : "Music"
    } ]
  }, {
    "id" : 69754,
    "title" : "F*ck U",
    "overview" : "Director Chi Chi LaRue wants to welcome you to her home for a private schooling in the education of all things porno! The hottest body is the student body with an all-star cast that includes Brent Everett and Steven Daigle, turning out some of the hottest scenes of the year. Enroll today to the university that is \"F*CK U\" to get porn pointers, raging hard-ons, eager asses and cum hungry collegiates that like fucking so much, they do it for a living!",
    "genres" : [ ]
  }, {
    "id" : 69759,
    "title" : "Richard Scarry's Best Learning Songs Video Ever!",
    "overview" : "Another great day at Richard Scarry's Busytown where the kids will learn favorite songs about letters, numbers, shapes and sizes while all your other favorite characters join in.",
    "genres" : [ {
      "id" : 16,
      "name" : "Animation"
    } ]
  }, {
    "id" : 69764,
    "title" : "Maisie",
    "overview" : "Stranded, penniless in a small Wyoming town, Maisie Ravier flirts with Slim, the manager of Clifford Ames' ranch. Disgusted by Maisie's flirtation, Slim orders her to leave town. Maisie meets up with Ames and his adulterous wife, Sybil, and gets hired as their maid. When Ames is in an auto accident, Maisie finds Sybil with lover, Richard. That night, Slim and Maisie declare their love for each other. Ames discovers Sybil's infidelity and kills himself. Sybils revenges on Maisie, telling Slim that Ames and Maisie were lovers. An argument erupts between Slim and Maisie, resulting in Maisie leaving town. Maisie soon discovers that Slim is on trial for Ames' murder.",
    "genres" : [ {
      "id" : 35,
      "name" : "Comedy"
    }, {
      "id" : 18,
      "name" : "Drama"
    } ]
  }, {
    "id" : 69774,
    "title" : "Bbuddah Hoga Terra Baap",
    "overview" : "After a series of bomb blasts in Mumbai, ACP Karan Malhotra announces that he will bring in the culprits responsible within a very short period of time as well attempts to convince his college sweetheart, Tanya P. Nath, to marry him. He then sets about interrogating several suspects so much so that an underworld gangster, Kabir, is compelled to hire an assassin to do away with him. The potential killer, Viju, is an uptight older ex-convict as well as a former gangster, who now runs a pub in Paris, and is willing to kill Karan. As he sets about this gruesome task, he comes across an old flame, Kamini, as well as his estranged wife, Sita - and it is these encounters that may well be the turning point in this life that may convince him to leave the bombs and Bandooks behind and spend the rest of his life praying and watching the Bhakti Channel.",
    "genres" : [ {
      "id" : 18,
      "name" : "Drama"
    }, {
      "id" : 28,
      "name" : "Action"
    }, {
      "id" : 53,
      "name" : "Thriller"
    }, {
      "id" : 80,
      "name" : "Crime"
    }, {
      "id" : 10749,
      "name" : "Romance"
    }, {
      "id" : 10769,
      "name" : "Foreign"
    } ]
  }, {
    "id" : 69779,
    "title" : "Now, I...",
    "overview" : "Satoru belongs to the growing group of NEETs (‘not engaged in employment, education or training’). Hardly leaving his room in his mother’s house and without any real contact to the outside world, he lives a secluded life. When his mother’s friend Tosawa tries to help him to break out of his inner prison, things do not get any easier for Satoru.",
    "genres" : [ {
      "id" : 18,
      "name" : "Drama"
    } ]
  }, {
    "id" : 69784,
    "title" : "Anne of the Indies",
    "overview" : "After seizing an English ship, buccaneer captain Anne Providence spares Pierre LaRochelle from walking the plank - as he's in irons he is presumably no friend of England. He signs on as a pirate and she is increasingly drawn to him, a feeling that seems to be reciprocated. When fearsome Captain Blackbeard, her teacher in the ways of pirating, sets eyes on LaRochelle he recalls him as a French navy officer. Anne sticks by her man but the truth, when it is uncovered, is even more painful.",
    "genres" : [ {
      "id" : 12,
      "name" : "Adventure"
    }, {
      "id" : 28,
      "name" : "Action"
    }, {
      "id" : 18,
      "name" : "Drama"
    } ]
  }, {
    "id" : 69789,
    "title" : "Ringo: The Lone Rider",
    "overview" : "A town is being terrorized by a gang of marauders led by Bill Anderson, a clever bandit boss. The town's leadership is deciding to do something against the problem, but it does not believe bringing in the military will be a solution. It is agreed upon that they will request help from the well-known Pinkerton agency. At the same time, Ringo, a gunslinger, is chasing after the bandits. He suspects a deeper-sitting conspiracy than random bandit assaults. He joins forces with the newly arrived under cover Pinkerton agent, to uncover a plot between a local businessman, the Mexican revolution and bandit's heist loot of gold. But the bandits have long planned to move on. Disguised as Mormons, they are moving west to start a new life of farming during the day and robbing stage coaches at night. Ringo and the agent track them down....",
    "genres" : [ {
      "id" : 37,
      "name" : "Western"
    } ]
  }, {
    "id" : 69794,
    "title" : "Small Town Murder Songs",
    "overview" : "Walter is the chief of police in a small Ontario town that has its first murder victim, an attractive young woman who is found naked on the shores of the nearby lake. The woman isn't local and while the Ontario Provincial Police have taken the lead in the investigation, Walter assists where he can. The town is mostly a close-knit Mennonite community and Walter has recently returned to his church. He is also trying to deal with his own temper that led to a violent incident some months before. As the young woman is identified, it becomes apparent that Walter's former love interest may be lying.",
    "genres" : [ {
      "id" : 53,
      "name" : "Thriller"
    }, {
      "id" : 80,
      "name" : "Crime"
    } ]
  }, {
    "id" : 69799,
    "title" : "La Petite Fille aux allumettes",
    "overview" : "",
    "genres" : [ ]
  }, {
    "id" : 69809,
    "title" : "Shutka",
    "overview" : "Людочка Сальникова относится к редкому типу счастливых женщин, абсолютно довольных тем, как сложилась их жизнь. Любящий муж Тимур, заботливый отец — чего еще можно пожелать? Однажды Мила с супругом отправляются на отдых в деревню. В доме, где они остановились происходит пожар, после которого молодая женщина исчезает. Родные, не сумев ее найти, считают, что Люда погибла в огне… На самом же деле героине удалось выжить. После долгих мытарств она приезжает в Москву и… застает Тимура в объятиях молодой жены своего отца. Потрясенной женщине открывается горькая правда: муж только притворялся, что любит ее, а ее гибель нисколько его не расстроила. Единственная цель благоверного — добиться от отца Людмилы получения наследства. Что остается женщине, в одночасье растерявшей все иллюзии? Только мстить своим обидчикам, восстанавливая попранное достоинство и справедливость!",
    "genres" : [ {
      "id" : 10749,
      "name" : "Romance"
    }, {
      "id" : 18,
      "name" : "Drama"
    } ]
  }, {
    "id" : 69814,
    "title" : "Bolevoy Priyom",
    "overview" : "",
    "genres" : [ {
      "id" : 28,
      "name" : "Action"
    }, {
      "id" : 80,
      "name" : "Crime"
    } ]
  }, {
    "id" : 69819,
    "title" : "Dublerzy",
    "overview" : "A couple of friends, Max and Leo spend some time in Sicily, the island that is associated with mafia. Strange events on one wedding of a mafioso's daughter near the city of Trapani, bring them back to Warsaw. Yet, the criminal leaders, particularly Don Antonio Gambini, are also in Poland where they have a job to do. Unintentionally, Max and Leo are brought into a plot.",
    "genres" : [ {
      "id" : 28,
      "name" : "Action"
    }, {
      "id" : 18,
      "name" : "Drama"
    }, {
      "id" : 35,
      "name" : "Comedy"
    }, {
      "id" : 80,
      "name" : "Crime"
    } ]
  }, {
    "id" : 69824,
    "title" : "The Wheel of Love",
    "overview" : "A romantic comedy about a twenty three years old Kirill who suddenly decides to become a gigolo.",
    "genres" : [ {
      "id" : 35,
      "name" : "Comedy"
    } ]
  }, {
    "id" : 69829,
    "title" : "Believe It or Not",
    "overview" : "Musical comedy based on Russian folklore stories about an adventures of three friends .",
    "genres" : [ {
      "id" : 35,
      "name" : "Comedy"
    } ]
  }, {
    "id" : 69834,
    "title" : "Regroupement d'histoires de Donald",
    "overview" : "",
    "genres" : [ ]
  }, {
    "id" : 69839,
    "title" : "ChK Employee",
    "overview" : "A story about a struggle between ChK and criminals during the young years of Soviet Union. Based on the novel by Aleksandr Lukin and Dmitri Polyanovsky.",
    "genres" : [ {
      "id" : 28,
      "name" : "Action"
    }, {
      "id" : 36,
      "name" : "History"
    } ]
  }, {
    "id" : 69854,
    "title" : "Playing House",
    "overview" : "In this taut thriller, newlyweds Jen and Mitch find that three's company and four's a crowd when they ask their friend Danny to move in with them to share expenses. But a sweet situation turns sour when Danny invites a new person into the mix.",
    "genres" : [ {
      "id" : 53,
      "name" : "Thriller"
    } ]
  }, {
    "id" : 69859,
    "title" : "Guinea Pig: Making of Guinea Pig",
    "overview" : "This one proves that it's all a big fake, and the myth of the Guinea Pig movies being actual snuff is not true. The girl from \"Devil's Experiment\" laughs while her flesh gets twisted. The guy from \"He Never Dies\" longs to take the latex applications off.",
    "genres" : [ {
      "id" : 99,
      "name" : "Documentary"
    } ]
  }, {
    "id" : 69864,
    "title" : "Journey Through the Past",
    "overview" : "Journey Through the Past is a 1972 film by Neil Young. Originally shot in 16mm format and then transferred for theatrical release the experimental film is a self-directed combination of concert footage from 1966 onward, backstage footage and semi-fantastic art film-like sequences. Although Journey Through the Past was Young's film debut it was received poorly by critics. The film was released on DVD in 2009 with the Neil Young Archives.",
    "genres" : [ {
      "id" : 99,
      "name" : "Documentary"
    }, {
      "id" : 10402,
      "name" : "Music"
    } ]
  }, {
    "id" : 69869,
    "title" : "The House on Tombstone Hill",
    "overview" : "Eight friends go to fix up an old house that Mark has purchased. Upon arriving, they find the grave of Abigail (the former owner- a disturbed woman who murdered a well-wishing neighbor in the 1940's) in the back yard. Bob (one of Mark's friends) smashes the headstone and awakens Abigail, which begins the carnage. The house locks the friends inside and, one by one, they are gorily slaughtered. But the dead don't stay dead and they hunt down the living as the remaining survivors fight to make it through the night.",
    "genres" : [ {
      "id" : 27,
      "name" : "Horror"
    } ]
  }, {
    "id" : 69874,
    "title" : "Kiss and Tail: The Hollywood Jumpoff",
    "overview" : "Go deep into the underworld of hip-hop groupies and video vixens where sex is the backstage pass and young ladies use their bodies as a way to promote themselves and further their own careers. Jump Off takes a provocative look at the seedy side of the music business where hip-hop groupies pay a high price to get a taste of the celebrity lifestyle. Hear the real, raw truth about the groupie lifestyle from the scene's biggest stars. Get the inside story from one of hip-hop's most notorious femmes, Karrine: Superhead Steffens. Reenactments show how Karrine sexed her way through the hip-hop world, climbing her way up the ladder before crashing to the bottom. Now a bestselling author, she's still kissing and telling, but the huge stars she allegedly bedded are telling their side of the story",
    "genres" : [ {
      "id" : 99,
      "name" : "Documentary"
    } ]
  }, {
    "id" : 69879,
    "title" : "Pompeii: The Last Day",
    "overview" : "In 79 AD, one of the infamous natural disasters in human history occurred when Mount Vesuvius erupted. With speculative dramatizations of various inhabitants' final hours along with detailed documentation of the known facts concerning the eruption, the horrific day is vividly brought to life.",
    "genres" : [ {
      "id" : 28,
      "name" : "Action"
    }, {
      "id" : 18,
      "name" : "Drama"
    }, {
      "id" : 10769,
      "name" : "Foreign"
    }, {
      "id" : 36,
      "name" : "History"
    } ]
  }, {
    "id" : 69884,
    "title" : "Exit 33",
    "overview" : "A few miles off EXIT 33, lies IKE'S LAST CHANCE GAS. A secluded sleepy hideaway where Ike prepares a special jerky for customers, and a terrifying secret. Ike and his son are controlled by a mysterious ghost, whose bidding lead Ike to abduct and torture beautiful women travelers. But, there is more to this story than meets the eye... literally!",
    "genres" : [ {
      "id" : 27,
      "name" : "Horror"
    } ]
  }, {
    "id" : 69889,
    "title" : "Requiem for a Handsome Bastard",
    "overview" : "Despite the fact that he is completely unrepentant about his crimes, when Regis Savoie's son asks to visit him, prison authorities grant permission for the boy to come. The thief and murderer (Gildor Roy) takes advantage of the moment of his son's arrival to steal a gun and take flight. He settles some old scores, gets together with his girlfriend, and heads for the hills, pursued by a detective who is not to be swayed in his efforts to follow and recapture him.",
    "genres" : [ {
      "id" : 18,
      "name" : "Drama"
    } ]
  }, {
    "id" : 69894,
    "title" : "Sesame Street: Happy Healthy Monsters",
    "overview" : "It's a fun-filled, get-up-and-move fitness extravaganza! Grover is hosting his very own exercise show Fuzzy Blue and Healthy Too! on the Happy Healthy Monsters TV network. Kids join Elmo and Zoe as they watch Grover and friends jump into shape by learning the importance of eating healthy snacks, moving your body, and getting plenty of rest. With the help of celebrity guest stars Happy Healthy Monsters is the ultimate tool for helping kids to be healthy while having fun! Includes fun songs Cereal Girl and The Most Important Meal of the Day.",
    "genres" : [ {
      "id" : 10751,
      "name" : "Family"
    } ]
  }, {
    "id" : 69899,
    "title" : "The Mitten",
    "overview" : "Short soviet animated movie about a girl who wants a dog, while her mother does not approve. The girl then starts playing with her mitten, pretending that it is a dog...",
    "genres" : [ {
      "id" : 16,
      "name" : "Animation"
    } ]
  }, {
    "id" : 69904,
    "title" : "Burning Annie",
    "overview" : "The story of a college student with an \"Annie Hall\" addiction trying to make his new relationship work.",
    "genres" : [ {
      "id" : 35,
      "name" : "Comedy"
    }, {
      "id" : 18,
      "name" : "Drama"
    }, {
      "id" : 10749,
      "name" : "Romance"
    } ]
  }, {
    "id" : 69909,
    "title" : "The Wagoner",
    "overview" : "A cart-taxi driver goes to the city to make a living, but out of sympathy with other poverty-stricken people, he works for free and goes hungry himself.",
    "genres" : [ {
      "id" : 18,
      "name" : "Drama"
    }, {
      "id" : 10769,
      "name" : "Foreign"
    } ]
  }, {
    "id" : 69914,
    "title" : "Attack on a Bakery",
    "overview" : "Two young men are hungry, so they decide to rob a bakery. Adaptation of a short story by Haruki Murakami.",
    "genres" : [ {
      "id" : 35,
      "name" : "Comedy"
    }, {
      "id" : 18,
      "name" : "Drama"
    }, {
      "id" : 80,
      "name" : "Crime"
    } ]
  }, {
    "id" : 69919,
    "title" : "Uncle",
    "overview" : "A nephew recalls the sometimes-lonely and often-eccentric life of his beloved uncle.",
    "genres" : [ ]
  }, {
    "id" : 69924,
    "title" : "Veera",
    "overview" : "Veera Venkata Satyanarayana aka Veera (Ravi Teja) is the son of a landlord (Nazar). But his step mother (Roja) and step sister (Sridevi) stay in city away from them. Meanwhile, his father gets killed from a goon and Veera too murders him. However, a big industrialist (Subbaraju) plans for a power project in their village and wants to vacate the entire village and takes the help of a local don Rayudu (Pradeep Rawat). But Veera halts their efforts. At this juncture, Veera marries Kabaddi Chitti (Kajal) and his brother marries the daughter of commissioner of police.....",
    "genres" : [ {
      "id" : 28,
      "name" : "Action"
    }, {
      "id" : 35,
      "name" : "Comedy"
    }, {
      "id" : 18,
      "name" : "Drama"
    } ]
  }, {
    "id" : 69929,
    "title" : "One in the Gun",
    "overview" : "A sexy brain teaser of a thriller with nods to classic film noir of the past mixed with a post-modern flair of David Lynch-style surrealism and surprises. When Mickey Lewis, a homeless struggling artist crosses paths with Katrina, the beautiful rich wife of Arthur Webb and is enlisted to paint their home, deadly passions ignite. Soon hidden agendas, dangerous seductions, double and triple-crosses spiral Mickey's life out of control leading to a motel in the middle of nowhere filled with strange people and twisted secrets that all hold the key to the mystery of Mickey's past, present, and future. All it takes is - ONE IN THE GUN.",
    "genres" : [ {
      "id" : 53,
      "name" : "Thriller"
    } ]
  }, {
    "id" : 69934,
    "title" : "Full Clip",
    "overview" : "Lorsqu'il revient dans le quartier où il a grandi, Joshua Pope découvre une ville rongée par la violence et la corruption. Le quartier calme et paisible d'autrefois est maintenant à la merci d'une police corrompue et sans pitié. Un ancien ami de Joshua, Duncan, le rejoint accompagné de son gang afin de renverser la situation et remettre de l'ordre dans la petite ville d'Alabama. A deux, ils traquent et éliminent sans pitié les criminels…",
    "genres" : [ {
      "id" : 28,
      "name" : "Action"
    }, {
      "id" : 53,
      "name" : "Thriller"
    } ]
  }, {
    "id" : 69939,
    "title" : "Body Parts",
    "overview" : "A psycho videotapes his dismemberment of strippers.",
    "genres" : [ {
      "id" : 53,
      "name" : "Thriller"
    }, {
      "id" : 35,
      "name" : "Comedy"
    }, {
      "id" : 27,
      "name" : "Horror"
    } ]
  }, {
    "id" : 69949,
    "title" : "Fur TV",
    "overview" : "",
    "genres" : [ ]
  }, {
    "id" : 69959,
    "title" : "Serengeti",
    "overview" : "Main subject of Serengeti is the mass migration of wildebeest , which in search of nutritious grass hundreds of kilometers annually by the savannah draw. At the end of the rainy season, they break into a huge herd of over a million animals on the north. The wildebeest and other animals are joining the migration, as zebras and gazelles , continuously exposed to hazards, particularly by predators such as lions and cheetahs . A highlight of the great migration, the crossing of the Mara is: There, the wildebeest have to overcome not only meter high cliffs, they are also crocodiles delivered. With the onset of the rainy season, however, leave the wildebeest north again what had long been a mystery. The reason for this is that the grass in the north a phosphorus deficiency , and said thus wildebeest forces to retreat to the south.",
    "genres" : [ {
      "id" : 99,
      "name" : "Documentary"
    } ]
  }, {
    "id" : 69964,
    "title" : "Thuy Nga Paris By Night 101",
    "overview" : "Thuy Nga Paris By Night 101: Hanh Phuc Dau Nam",
    "genres" : [ {
      "id" : 10402,
      "name" : "Music"
    } ]
  }, {
    "id" : 69969,
    "title" : "Thuy Nga Paris By Night 99",
    "overview" : "Paris By Night 99 - Tôi Là Người Việt Nam (English Translation: I Am Vietnamese) is a Paris By Night program produced by Thúy Nga that was filmed at the Knott's Berry Farm on 16 and 17 January, 2010 and released DVD from 8 April, 2010. The show was hosted by Nguyễn Ngọc Ngạn and Nguyễn Cao Kỳ Duyên.",
    "genres" : [ {
      "id" : 10402,
      "name" : "Music"
    } ]
  }, {
    "id" : 69974,
    "title" : "The Sea That Thinks",
    "overview" : "Incredible optical illusions in a story in a story in a story helps the surprised viewer finally to find out that he has been watching himself all along.",
    "genres" : [ ]
  }, {
    "id" : 69979,
    "title" : "Love Julinsee",
    "overview" : "A romantic about teenage love that sparks during a music festival. The film revolves around young people who find different experiences of love.",
    "genres" : [ {
      "id" : 35,
      "name" : "Comedy"
    }, {
      "id" : 10749,
      "name" : "Romance"
    } ]
  }, {
    "id" : 69989,
    "title" : "Unpredictable Nature of the River",
    "overview" : "Nobleman Jean-Francois de la Plaine is exiled to serve as governor of a West African colony.",
    "genres" : [ {
      "id" : 18,
      "name" : "Drama"
    }, {
      "id" : 12,
      "name" : "Adventure"
    } ]
  }, {
    "id" : 69994,
    "title" : "Johnny Frenchman",
    "overview" : "The fisherman from a Cornish village have a friendly rivalry with the fishermen (and one formidable woman) from a French port. Then war comes and they must all rethink their petty differences.",
    "genres" : [ ]
  }, {
    "id" : 69999,
    "title" : "Absolute Aggression",
    "overview" : "In the year 2011, the prison system is run by the private sector. Business tycoon R.D. Crowley (Robert Davi) has created a Virtual Reality prison. The prisoner's bodies are locked in suspended animation while their mind traverses the lethal labyrinth of games Crowley has designed for them. Crowley allows wealthy sportsmen to participate, for a price, in deadly VR combat with the prisoners.",
    "genres" : [ {
      "id" : 28,
      "name" : "Action"
    }, {
      "id" : 878,
      "name" : "Science Fiction"
    }, {
      "id" : 53,
      "name" : "Thriller"
    } ]
  }, {
    "id" : 70004,
    "title" : "Tic & Tac, Regroupement d'histoires",
    "overview" : "",
    "genres" : [ ]
  }, {
    "id" : 70009,
    "title" : "The River Murders",
    "overview" : "The sins of the past are not forgotten in this chilling suspense thriller. When the first body was discovered, it seemed a coincidence. But now homicide detective Jack Verdon has cause to worry: the victims of a series of brutal sex murders are all his former girlfriends. Suspected by the FBI agent who’s taken over the case and suspended by his captain, Jack must work outside the law if he’s to find the killer, save his future and protect what’s left of his past.",
    "genres" : [ {
      "id" : 53,
      "name" : "Thriller"
    }, {
      "id" : 9648,
      "name" : "Mystery"
    } ]
  }, {
    "id" : 70019,
    "title" : "Experiments in Terror 2",
    "overview" : "This second collection of short films spans several decades in an attempt to bring some of the best avant-garde horror efforts to the screen: \"The Mesmerist,\" \"The Early 70s Horro Trailer,\" \"Psych-Burn,\" \"Between 2 Deaths,\" \"Amor Peligrosa,\" \"Hold My Scissors,\" \"Opus 5,\" \"The Fear,\" and \"She Sank on Shallow Bank.\"",
    "genres" : [ {
      "id" : 27,
      "name" : "Horror"
    } ]
  }, {
    "id" : 70024,
    "title" : "Bats: Human Harvest",
    "overview" : "A group of Delta Force soldiers, accompanied by a CIA agent, are sent to the Belzan forest in Chechnya in search of a rogue American weapons researcher, Dr. Benton Walsh. As they search for Walsh's camp, they are attacked by genetically-altered carnivorous bats. The survivors attempt to reach helicopter extraction but encounter various challenges, including Chechen rebels.",
    "genres" : [ {
      "id" : 27,
      "name" : "Horror"
    } ]
  }, {
    "id" : 70029,
    "title" : "Lune de miel en enfer",
    "overview" : "Frank et Marisa, jeune couple peu fortuné, s'offrent un séjour en Afrique du Sud à un prix défiant toute concurrence sans se méfier des conditions. Dès leur arrivée dans l'hôtel isolé, ils sont drogués et attaqués par des ambulanciers. Marisa réussit a s'échapper et trouve refuge chez Serafina et Biko qui la cachent. Pour retrouver Frank, Marisa et Biko, dont le fils a aussi disparu, se présentent à l'hôtel dans l'espoir de suivre le même parcours macabre. En bout de course, ils découvrent une clinique abritant un trafic d'organes lucratif, aux ramifications internationales...",
    "genres" : [ {
      "id" : 53,
      "name" : "Thriller"
    } ]
  }, {
    "id" : 70039,
    "title" : "Blind Eye",
    "overview" : "Action thriller about a brotherhood of friends torn apart by a dangerous secret and an even deadlier conspiracy. When ex-cop Nick Browning is called by his estranged wife (Tara Goudreau), needing his help to find their missing daughter, he comes home to aid in the investigation, only to discover that there's more to the disappearance than his 'friends' are letting on.",
    "genres" : [ {
      "id" : 28,
      "name" : "Action"
    }, {
      "id" : 53,
      "name" : "Thriller"
    } ]
  }, {
    "id" : 70044,
    "title" : "The Scouting Book for Boys",
    "overview" : "Thomas Turgoose (This Is England) stars as David, a young boy who lives a carefree life on a coastal caravan park with his best friend Emily (Holliday Grainger). When David learns that Emily is being forced to move away, he helps her hide out in a remote cave on the beach. But as David watches the police close in on his missing friend, their innocent secret takes on a life of its own. When the real reason Emily wants to escape comes to light, David's world is shattered. Swept up in a situation out of his control, and with his feelings for his best friend growing stranger by the day, David is forced to take action.",
    "genres" : [ {
      "id" : 53,
      "name" : "Thriller"
    }, {
      "id" : 18,
      "name" : "Drama"
    } ]
  }, {
    "id" : 70054,
    "title" : "Girls Can't Swim",
    "overview" : "Gwen is a teenager living in a small coastal town. Lise is her best friend, a city girl who comes every year with her family to spend the summer. This year things are different though; at first Lise might not come at all, and when she does it is obvious that Gwen grew up faster than she did.",
    "genres" : [ {
      "id" : 18,
      "name" : "Drama"
    } ]
  }, {
    "id" : 70059,
    "title" : "Wolf Town",
    "overview" : "Kyle, a shy college student finds himself and three of his friends trapped in an old western ghost town by a pack of ferocious wolves and has to overcome his personal fears to confront the wolves and lead his friends to safety.",
    "genres" : [ {
      "id" : 27,
      "name" : "Horror"
    }, {
      "id" : 28,
      "name" : "Action"
    }, {
      "id" : 53,
      "name" : "Thriller"
    } ]
  }, {
    "id" : 70069,
    "title" : "Doomed",
    "overview" : "In the future, death row criminals are given a chance to gain a pardon, on a \"survivor\" style reality show, only to find the island is full of zombie ex-contestants. (It's as bad as it sounds)",
    "genres" : [ {
      "id" : 27,
      "name" : "Horror"
    } ]
  }, {
    "id" : 70074,
    "title" : "Bullet to the Head",
    "overview" : "After watching their respective partners die, a cop and a hitman form an alliance in order to bring down their common enemy.",
    "genres" : [ {
      "id" : 28,
      "name" : "Action"
    }, {
      "id" : 80,
      "name" : "Crime"
    }, {
      "id" : 53,
      "name" : "Thriller"
    } ]
  }, {
    "id" : 70079,
    "title" : "Nero",
    "overview" : "Right after she moves in with him, Frederico's new girlfriend Francesca sends him back to her former boyfriend's apartment to fetch her something she forgot - but he's surprised to find him lying there - dead. Assuming that Francesca killed him and sent him for cleaning up, he cuts him up in pieces, puts him in a suitcase and tries to get rid of it... but he has a hard time finding a suitably quiet place. Unfortunately there's a witness, who comes back on him. One thing leads to another, and the normally shy and overly fearful Frederico has to rid himself of more and more corpses until this black comedy ends.",
    "genres" : [ {
      "id" : 9648,
      "name" : "Mystery"
    }, {
      "id" : 10769,
      "name" : "Foreign"
    } ]
  }, {
    "id" : 70084,
    "title" : "The Prey",
    "overview" : "Six campers jaunt off to North Point, where they're promptly stalked and killed by a ghoulish man who ultimately is just looking for a little love.",
    "genres" : [ {
      "id" : 27,
      "name" : "Horror"
    }, {
      "id" : 53,
      "name" : "Thriller"
    } ]
  }, {
    "id" : 70089,
    "title" : "Comet in Moominland",
    "overview" : "Moomin, Sniff and My set out to stop a comet approaching the Moomin valley. Along the way they meet Snusmumriken, the beautiful Snorkfröken, Snorken and a Hemul, who join them in their quest.",
    "genres" : [ {
      "id" : 16,
      "name" : "Animation"
    }, {
      "id" : 35,
      "name" : "Comedy"
    }, {
      "id" : 14,
      "name" : "Fantasy"
    } ]
  }, {
    "id" : 70094,
    "title" : "Lyubov Kak Motiv",
    "overview" : "С первого взгляда не полюбился Галине Васильевне ее зять Павел. И неспроста – вскоре она узнает, что муж дочери изменяет ей направо и налево. Само собой, любящая мать не может оставаться к этому равнодушной. Желая открыть глаза Дине на похождения неверного супруга, Галина Васильевна вооружается видеокамерой и отправляется \"на охоту\". Однако вместо сцены измены в объектив камеры попадает другое прегрешение зятя – Павел сбивает человека и скрывается с места происшествия. Это компромат почище встреч с любовницами! Галина Васильевна идет на шантаж, желая только одного – чтобы зять навсегда исчез из жизни ее дочери. И с этих пор конфликт переходит в фазу открытых боевых действий...",
    "genres" : [ {
      "id" : 10749,
      "name" : "Romance"
    }, {
      "id" : 80,
      "name" : "Crime"
    } ]
  }, {
    "id" : 70099,
    "title" : "Luchshiy Drug Moego Muzha",
    "overview" : "Это история благополучной с виду семьи, состоящей из отца, матери и их недавно повзрослевшей дочери. Однажды, во время семейного ужина, они знакомятся с человеком, который случайным образом связан со скелетом, хранящимся в их семейном шкафу. Эта встреча резко меняет их жизнь, и теперь чувствам отца и матери предстоит серьезная проверка. Но какими бы тяжелыми не были их взаимные признания, эти события позволят им разглядеть что-то очень важное рядом с собой, что долгое время оставалось незаметным.",
    "genres" : [ {
      "id" : 10749,
      "name" : "Romance"
    }, {
      "id" : 18,
      "name" : "Drama"
    } ]
  }, {
    "id" : 70104,
    "title" : "A Killer Among Friends",
    "overview" : "The film tells why a girl was killed by two of her best friends.",
    "genres" : [ {
      "id" : 10770,
      "name" : "TV Movie"
    }, {
      "id" : 18,
      "name" : "Drama"
    }, {
      "id" : 9648,
      "name" : "Mystery"
    } ]
  }, {
    "id" : 70109,
    "title" : "Hood Life 3: The Documentary Continues",
    "overview" : "Independent filmmaker Dwayne Brown presents a brutal glimpse of America's urban underbelly with the third film in his guerilla-style HOOD LIFE series. In this installment Brown returns to the neighborhoods from the first HOOD LIFE feature, providing a fascinating update on the characters who live life on the edge of the law.",
    "genres" : [ ]
  }, {
    "id" : 70114,
    "title" : "Mr. Murder",
    "overview" : "A group of scientists are trying to produce the perfect soldier by cloning. The day the clone is born, Marty Stillwater, a mystery novel writer, feels that something strange is going on inside his body and mind. Seven years later, Marty discovers that his double has his same physical appearance but has the personality of a murderer.",
    "genres" : [ {
      "id" : 878,
      "name" : "Science Fiction"
    }, {
      "id" : 53,
      "name" : "Thriller"
    } ]
  }, {
    "id" : 70119,
    "title" : "Le roman de Georgette",
    "overview" : "",
    "genres" : [ {
      "id" : 35,
      "name" : "Comedy"
    } ]
  }, {
    "id" : 70129,
    "title" : "Jealous",
    "overview" : "Thomas and Marianne, a feuding couple whose relationship has hit a wall, decide to spend a weekend at Thomas' uncle's lakeside cottage. This is their last chance to save their relationship, which has been jeopardized by Marianne's meaningless flirtations and Thomas' uncontrollable jealousy. As they arrive, a restless yet charming neighbor welcomes them into their house and, realizing that Thomas' uncle and girlfriend will not be showing up for days, suggests they share the dinner he has prepared. The drunken night that follows - with this man, who might not be who he seems to be, pushing his charms on Marianne - leads to a weekend of blurred emotions and events, where loyalties, guilt and a shared secret will test the young couple's ability to survive.",
    "genres" : [ {
      "id" : 53,
      "name" : "Thriller"
    } ]
  } ]
}