{
  "movies" : [ {
    "id" : 354739,
    "title" : "Finding Traction",
    "overview" : "\"Finding Traction\" presents the inspirational story of ultra runner Nikki Kimball and her quest to become the fastest person in history to run America's oldest hiking trail, the 273-mile Long Trail. The documentary asks what drives her to attempt such an incredible feat, and follows Nikki's journey from its beginning - training and racing in the Rocky mountains - to her actual record attempt through Vermont's beautiful but brutal Green Mountains.",
    "genres" : [ {
      "id" : 99,
      "name" : "Documentary"
    } ]
  }, {
    "id" : 354744,
    "title" : "Veggie Tales : Jonah Sing-Along Songs and More!",
    "overview" : "Jonah Sing-Along Songs and More! is the seventeenth episode in the VeggieTales animated series. Released in September 19, 2002, it is one of several sing-along videos. Released prior to the film Jonah: A VeggieTales Movie, it was intended to fuel interest in the upcoming feature. It also includes a medley of songs from Lyle the Kindly Viking, and many more. The is the only VeggieTales episode to be released only to VHS.  The story behind the video is that Archibald Asparagus, who plays Jonah in the movie, is afraid to come out of his dressing room for fear of being swallowed by a whale. Bob and Larry must coax him out to play the first feature–film, Jonah.",
    "genres" : [ ]
  }, {
    "id" : 354749,
    "title" : "Calling All Cars",
    "overview" : "Two friends on a motoring holiday pursue a pair girls.",
    "genres" : [ {
      "id" : 35,
      "name" : "Comedy"
    } ]
  }, {
    "id" : 354754,
    "title" : "Death on the Set",
    "overview" : "A well-known film director has a gangster double, whom he ends up killing. Taking the gangsters place, he then causes an actress to be framed.",
    "genres" : [ {
      "id" : 9648,
      "name" : "Mystery"
    } ]
  }, {
    "id" : 354759,
    "title" : "Happy Hour",
    "overview" : "Jun, Akari, Sakurako and Fumi truly believe that they can confide in each other. But one day, at a party, Jun confesses that she is seeking a divorce from her husband and this information seems to upset the other three. They follow her trial as she attempts to win her case against her husband’s will.",
    "genres" : [ {
      "id" : 18,
      "name" : "Drama"
    } ]
  }, {
    "id" : 354764,
    "title" : "Thinkal Muthal Velli Vare",
    "overview" : "Jayadevan is a most-wanted writer in the Malayalam Television industry, who pens the scripts for all major soap operas. The marriage brings in a lot of changes in Jayadevan's life and this forms the crux of the story.",
    "genres" : [ {
      "id" : 35,
      "name" : "Comedy"
    }, {
      "id" : 18,
      "name" : "Drama"
    } ]
  }, {
    "id" : 354774,
    "title" : "Entrada de Villa y Zapata a la Ciudad de México",
    "overview" : "The famous video of the historical event in which the two most loved revolutionary leaders met each other.",
    "genres" : [ {
      "id" : 37,
      "name" : "Western"
    }, {
      "id" : 99,
      "name" : "Documentary"
    }, {
      "id" : 10752,
      "name" : "War"
    } ]
  }, {
    "id" : 354779,
    "title" : "Elekrep",
    "overview" : "",
    "genres" : [ {
      "id" : 99,
      "name" : "Documentary"
    } ]
  }, {
    "id" : 354784,
    "title" : "The Girl from Havana",
    "overview" : "Joan Anders, a girl detective for a jewelers' protective association, poses as a chorus girl in a musical comedy troupe to capture a gang of jewel thieves.",
    "genres" : [ {
      "id" : 80,
      "name" : "Crime"
    } ]
  }, {
    "id" : 354789,
    "title" : "Girl from Havana",
    "overview" : "Rebels and a singer cause trouble for two U.S. oil-drillers in South America...",
    "genres" : [ {
      "id" : 18,
      "name" : "Drama"
    } ]
  }, {
    "id" : 354794,
    "title" : "Torment",
    "overview" : "Anna Bell is a successful, wealthy but burnt out rock singer. After breaking up with her boyfriend Craig Cane, she retreats to the country property that she's owned for several years, but never had time to visit. She wants to relax and write some new songs, but Mike, her manager, tries to influence her to go back to London. Feeding her pills and alcohol, he pushes her to keep in the spotlight and keep her career moving.",
    "genres" : [ {
      "id" : 27,
      "name" : "Horror"
    }, {
      "id" : 53,
      "name" : "Thriller"
    } ]
  }, {
    "id" : 354799,
    "title" : "The Restless Sex",
    "overview" : "A love triangle drama, based on a novel by Robert W. Chambers, who is better-known for weird fiction (which is not noticeable in this story.)",
    "genres" : [ {
      "id" : 18,
      "name" : "Drama"
    }, {
      "id" : 10749,
      "name" : "Romance"
    } ]
  }, {
    "id" : 354804,
    "title" : "Nana Mizuki Live Skipper Countdown",
    "overview" : "",
    "genres" : [ ]
  }, {
    "id" : 354809,
    "title" : "Manathe Vellitheru",
    "overview" : "Manathe Vellitheru is the story of Shobhana, who plays a pop star, gets stalked by an obsessive fan (Vineeth).",
    "genres" : [ {
      "id" : 53,
      "name" : "Thriller"
    } ]
  }, {
    "id" : 354814,
    "title" : "Kottaram Veettile Apputtan",
    "overview" : "The film tells the story of a rich orphan - Apputtan, a generous and liberal man. He helps settle the financial woes of people in the village. He is attracted to a girl whose education he has been sponsoring. But her response to his love after becoming a doctor at his expense, was something Apputtan had least expected.",
    "genres" : [ {
      "id" : 10749,
      "name" : "Romance"
    }, {
      "id" : 35,
      "name" : "Comedy"
    }, {
      "id" : 18,
      "name" : "Drama"
    } ]
  }, {
    "id" : 354819,
    "title" : "Sipayi Lahala",
    "overview" : "Mukesh tries tricking both his in-laws and his boss (Vijayraghavan) - with the help of Srinivasan - to go from being a pun to becoming manager of the company he works for, in order to marry Ratha (Vani Viswanathan).",
    "genres" : [ {
      "id" : 10749,
      "name" : "Romance"
    }, {
      "id" : 35,
      "name" : "Comedy"
    }, {
      "id" : 18,
      "name" : "Drama"
    } ]
  }, {
    "id" : 354824,
    "title" : "Silah Kardeş Elinde",
    "overview" : "",
    "genres" : [ {
      "id" : 12,
      "name" : "Adventure"
    }, {
      "id" : 18,
      "name" : "Drama"
    } ]
  }, {
    "id" : 354829,
    "title" : "Vakkalathu Narayanankutty",
    "overview" : "The film presents the story of Narayanankutty, popularly known as Vakkaalaththu Narayanankutty, an active social worker who can bear anything but breach of justice. When he sees law being broken anywhere, he reacts promptly. He doesn’t even care as to who is pitted against him and just goes on fighting. This leads to all sorts of problems in his life and the film follows that.",
    "genres" : [ {
      "id" : 18,
      "name" : "Drama"
    }, {
      "id" : 35,
      "name" : "Comedy"
    }, {
      "id" : 10749,
      "name" : "Romance"
    } ]
  }, {
    "id" : 354834,
    "title" : "ナルト 紅き四つ葉のクローバーを探せ",
    "overview" : "",
    "genres" : [ ]
  }, {
    "id" : 354839,
    "title" : "Θύρα 7: η μεγάλη στιγμή",
    "overview" : "Makis Bitsakos is a young man who loves football and his dream is to become a football star. His father tries to stop him. His sister is in love with the son of Archos, a wealthy and powerful man. One day Archos insults her and soon afterward she has an -almost fatal- accident with her bike. Makis is hired by a major football tema and soon becomes a star. Soon Archos' son is murdered by Nick, his ruthless assistant. Makis is seriously during a game. He needs money in order to save his foot. Along with his friends, they kidnap another football player and demand ransom. When they collect the money they go to attend a football game. During the game's ending, Gate 7 is full of enraged fans.  (IMDb)",
    "genres" : [ {
      "id" : 18,
      "name" : "Drama"
    } ]
  }, {
    "id" : 354844,
    "title" : "World in My Corner",
    "overview" : "A scrappy fighter from Jersey City named Tommy Shea -- \"born in a dump, educated in an alley\" -- catches the eye of wealthy businessman, Robert Mallinson, who allows him to train at his Long Island estate. Shea soon falls for Mallinson's daughter, Dorothy, but fears he doesn't have the money to support her in proper style. To get this money, Shea decides to work with crooked fight-promoter Harry Cram, even though this means dropping his honest manager, Dave Bernstein. As the big fight approaches, however, Shea begins to have second thoughts.",
    "genres" : [ {
      "id" : 18,
      "name" : "Drama"
    } ]
  }, {
    "id" : 354849,
    "title" : "La Filière Chinoise",
    "overview" : "",
    "genres" : [ {
      "id" : 28,
      "name" : "Action"
    } ]
  }, {
    "id" : 354854,
    "title" : "Anatomy of Love",
    "overview" : "A 12-act anthology film about the lives of several people whose love stories take tragic turns as they try to fill in the void in their respective lives.",
    "genres" : [ ]
  }, {
    "id" : 354859,
    "title" : "The Promise",
    "overview" : "Set during the last days of the Ottoman Empire, a love triangle develops between Mikael, a brilliant medical student, the beautiful and sophisticated artist Ana, and Chris, a renowned American journalist based in Paris.",
    "genres" : [ {
      "id" : 36,
      "name" : "History"
    }, {
      "id" : 10749,
      "name" : "Romance"
    }, {
      "id" : 18,
      "name" : "Drama"
    } ]
  }, {
    "id" : 354864,
    "title" : "Everlasting",
    "overview" : "A high school filmmaker travels to Los Angeles to confront the man who murdered his girlfriend.",
    "genres" : [ {
      "id" : 80,
      "name" : "Crime"
    }, {
      "id" : 18,
      "name" : "Drama"
    }, {
      "id" : 53,
      "name" : "Thriller"
    }, {
      "id" : 9648,
      "name" : "Mystery"
    }, {
      "id" : 10749,
      "name" : "Romance"
    } ]
  }, {
    "id" : 354869,
    "title" : "Detective Heart of America: The Final Freedom",
    "overview" : "Detective Heart of America, America's greatest eagle-statue-detective takes on his hardest case yet in this thrilling feature length adventure. When a nefarious criminal has used his tremendous stockpile of stolen wealth to purchase all of the United States' debt, making him a majority owner of America.  His first act as owner is to pass a new amendment that annuls the Constitution, retroactively revoking the United States' status as a country.  Suddenly the USA officially does not, and never has, existed. How will Heart of America deal with the death of his beloved homeland?  Will he have the strength to continue fighting the good fight now that everything he knows and cares for is gone?",
    "genres" : [ {
      "id" : 28,
      "name" : "Action"
    }, {
      "id" : 35,
      "name" : "Comedy"
    }, {
      "id" : 80,
      "name" : "Crime"
    } ]
  }, {
    "id" : 354884,
    "title" : "Among the Separations（搬家）",
    "overview" : "After graduation from colleague, Jing must pack all stuff in the dormitory before her parents coming to drive her home.Her boyfriend Kevin try to help her clean the room but only mess it up.They get quarrel before separation, even have no time to say goodbye.",
    "genres" : [ {
      "id" : 18,
      "name" : "Drama"
    } ]
  }, {
    "id" : 354894,
    "title" : "Why Spend The Dark Night With You?",
    "overview" : "A young couple kills time in the nights of Taipei. She's a psychic who fixes toys; he wants to enter a gang. Slowly, they walk away from each other.",
    "genres" : [ {
      "id" : 18,
      "name" : "Drama"
    } ]
  }, {
    "id" : 354899,
    "title" : "Miscellanea III",
    "overview" : "A meditation on ruins and remains linked strongly to the US chapters of Photography and Beyond. A rumination on a nation and dream in tatters. A cautious reminder of ever-lurking horrors: a glimpse of the warship Puglia, not far from the sarcophagus containing the mortal remains of Gabriele d'Annunzio.",
    "genres" : [ ]
  }, {
    "id" : 354904,
    "title" : "Asesinato en el campus",
    "overview" : "",
    "genres" : [ {
      "id" : 99,
      "name" : "Documentary"
    } ]
  }, {
    "id" : 354909,
    "title" : "The Square",
    "overview" : "The film documents a day in the life of Tiananmen Square in 1994, a mere five years after the crushing of a student-led democracy movement in 1989.",
    "genres" : [ {
      "id" : 99,
      "name" : "Documentary"
    } ]
  }, {
    "id" : 354914,
    "title" : "Hipóteses para o Amor e a Verdade",
    "overview" : "The film is an adaptation of the play of the same name staged by the theater group Os Satyros. More than 200 characters from the central region of São Paulo, including residents, prostitutes, drug dealers, businessmen, transsexuals, prostitutes, actors and musicians were interviewed. These testimonials were the starting point to build the trajectory of eleven characters that intersect during a night on the town.",
    "genres" : [ {
      "id" : 18,
      "name" : "Drama"
    } ]
  }, {
    "id" : 354919,
    "title" : "Der kleine Herr Friedemann",
    "overview" : "",
    "genres" : [ {
      "id" : 18,
      "name" : "Drama"
    } ]
  }, {
    "id" : 354924,
    "title" : "The Dead Room",
    "overview" : "When a terrified family flees a desolate southern New Zealand farmhouse, two cynical scientists and a young psychic are sent to investigate their claims of a haunting. There they encounter a powerful spirit that will protect the house's secrets at all costs.",
    "genres" : [ {
      "id" : 27,
      "name" : "Horror"
    }, {
      "id" : 53,
      "name" : "Thriller"
    } ]
  }, {
    "id" : 354929,
    "title" : "Chirikkudukka",
    "overview" : "Chirikkudukka is a Malayalam language film. It was released in 2002.",
    "genres" : [ {
      "id" : 35,
      "name" : "Comedy"
    } ]
  }, {
    "id" : 354934,
    "title" : "Nammal",
    "overview" : "Nammal is another campus movie from Kamal after Niram. What is different this time is Kamal introduces new faces Siddharth and Jishnu. Kamal provides glimpses of the new campus with adventure in his movie with these debutants.  Snehalatha (Suhasini) takes charge as the Principal in a college where Shyam (Siddharth) and Sivan (Jishnu) are the heroes. Shyam and Sivan are fun filled characters as well as naughty. Aparna (Renuka Menon) is teased and ragged by the duo, who happens to be the daughter of Principal's friend. Aparna complaints and Snehalatha takes action against Shyam and Shivan. Soon to her surpurise she discovers that Shyam and Shivan are orphans, hardworking and their guardian is a priest (Balachandra Menon).",
    "genres" : [ {
      "id" : 18,
      "name" : "Drama"
    }, {
      "id" : 10749,
      "name" : "Romance"
    } ]
  }, {
    "id" : 354939,
    "title" : "Avô Cantigas: É Bom Sonhar",
    "overview" : "",
    "genres" : [ ]
  }, {
    "id" : 354944,
    "title" : "Dae! Ingottu Nokkiye...",
    "overview" : "The film is about Vettikadu Sivan (Jayasurya), a young, intelligent man who sets out on a mission to settle a score and give a peace of mind to his uncle Vettikadu Sadasivan (Jagathy Sreekumar) who is the chief minister of the state.  To do this, Sivan hatches a plan to get the twin brother of Sadasivan who is settled in Gujarat and is an ordinary banana seller and a bit on the lesser side of intelligence.",
    "genres" : [ {
      "id" : 18,
      "name" : "Drama"
    } ]
  }, {
    "id" : 354949,
    "title" : "Bharathan Effect",
    "overview" : "One among the few sci-fi movies in Malayalam, 'Bharathan Effect' tells the story of Bharathan (Biju Menon) who is a genius inventor struggling to make ends meet. His efforts are under appreciated by his wife Geetha (Geethu Mohandas) and causes constant conflict between them. After apparently seeing  an object float in air defying gravity; Bharathan gets obsessed by the whole idea. He tries to research the topic with the financial assistance of his landlord (Jagathy Sreekumar) despite the entire community branding him as a lunatic. The rest of the film deals with his quest to find the truth behind the strange phenomenon of anti-gravity that he witnesses.",
    "genres" : [ {
      "id" : 878,
      "name" : "Science Fiction"
    } ]
  }, {
    "id" : 354954,
    "title" : "Mookilla Rajyathu",
    "overview" : "The film starts by displaying an antic of Keshavan (Thilakan) who is an inmate of the Kakkanad Mental Hospital. Two other inmates are Benny (Mukesh) and Krishnankutty (Jagathy Sreekumar), along with the female inmate Philomena. By profession Benny is an artist, Krishnankutty is a mechanic and Keshavan had retired from military service. The late Hakeem Rawther too plays as an inmate in a cameo role. The trio chance to come across a newspaper report that Amitabh Bachchan is visiting Ernakulam City for film shooting, near the place they stay. They are soon joined by Venu (Siddique), as the brother of Balan (N.N.Balakrishnan) who takes him to the mental hospital. Venu is a good singer but has a compulsive obsession to singing. Driven by a desire to see Amitabh Bachchan the four of them manage to escape from the mental hospital that night by ripping off the cell warden Ameen (Mala Aravindan). They reach Ernakulam city in a bus, and hilarity starts",
    "genres" : [ {
      "id" : 35,
      "name" : "Comedy"
    } ]
  }, {
    "id" : 354964,
    "title" : "Doctor Who: The Ark in Space",
    "overview" : "The TARDIS lands on a space station orbiting Earth in the distant future. It's seemingly deserted, but the Doctor, Sarah and Harry soon discover that they are not alone. Thousands of humans are in cryogenic sleep, and while they've slept their Ark has been invaded. A parasitic insect race - the Wirrn - have taken control and threaten the very future of mankind...",
    "genres" : [ {
      "id" : 12,
      "name" : "Adventure"
    }, {
      "id" : 18,
      "name" : "Drama"
    }, {
      "id" : 27,
      "name" : "Horror"
    }, {
      "id" : 878,
      "name" : "Science Fiction"
    } ]
  }, {
    "id" : 354969,
    "title" : "m.A.A.d.",
    "overview" : "A 15-minute piece on view at Los Angeles's Museum of Contemporary Art, \"m.A.A.d.\" is hypnotic: a stirring, cinematic tribute to the city of Compton, and a beguiling non-linear paean to everyday moments of life, death and magic — all set to the textured, often abstract lyrics of Compton-born rapper Kendrick Lamar.",
    "genres" : [ ]
  }, {
    "id" : 354974,
    "title" : "A Ilha do Desejo",
    "overview" : "",
    "genres" : [ ]
  }, {
    "id" : 354979,
    "title" : "Dog Eat Dog",
    "overview" : "Carved from a lifetime of experience that runs the gamut from incarceration to liberation, Dog Eat Dog is the story of three men who are all out of prison and now have the task of adapting themselves to civilian life.",
    "genres" : [ {
      "id" : 18,
      "name" : "Drama"
    }, {
      "id" : 80,
      "name" : "Crime"
    }, {
      "id" : 53,
      "name" : "Thriller"
    } ]
  }, {
    "id" : 354984,
    "title" : "Anywhere Somewhere Nowhere",
    "overview" : "Lee and his friend plan to travel round the island of Taiwan when they both face their biggest challenges in life.",
    "genres" : [ {
      "id" : 18,
      "name" : "Drama"
    } ]
  }, {
    "id" : 354989,
    "title" : "Rabbit Ears - Aladdin and the Magic Lamp",
    "overview" : "This enchanted tale is based on \"One Thousand and One Nights\" where a young rouge receives wishes from a genie and wins The Sultan's daughter.",
    "genres" : [ ]
  }, {
    "id" : 354994,
    "title" : "Rabbit Ears - Anansi",
    "overview" : "Two stories feature Anansi the Spider outsmarting various creatures to get their stories. The first story involves Anansi tricking Snake to get the stories from Tiger. The second story involves Anansi trying to admit to the other animals that he is a man after his mother-in-law dies.",
    "genres" : [ ]
  }, {
    "id" : 354999,
    "title" : "Rabbit Ears - Brer Rabbit and Boss Lion",
    "overview" : "Told by Danny Glover",
    "genres" : [ ]
  }, {
    "id" : 355009,
    "title" : "Rabbit Ears - Davy Crockett",
    "overview" : "Half-alligator and half-snapping turtle, with a touch of earthquake thrown in, Davy Crockett is the ultimate American backwoods legend. This lively tale follows the original ring-tailed roarer of the western woods through a series of out-landish adventures, including the Battle of the Alamo, where he literally brags himself into American History.",
    "genres" : [ ]
  }, {
    "id" : 355014,
    "title" : "Le Prénom : la pièce de théâtre",
    "overview" : "",
    "genres" : [ {
      "id" : 18,
      "name" : "Drama"
    } ]
  }, {
    "id" : 355019,
    "title" : "Kill Me, Deadly",
    "overview" : "It's1947, and hard-boiled private investigator Charlie Nickels' client is murdered and her priceless diamond stolen. The investigation forces him to do the one thing he vowed never to do again: trust a dame.",
    "genres" : [ {
      "id" : 35,
      "name" : "Comedy"
    }, {
      "id" : 80,
      "name" : "Crime"
    } ]
  }, {
    "id" : 355024,
    "title" : "1,000 Shapes of a Female",
    "overview" : "An art dealer asks a number of local artists for paintings centered around the nude female form; a nudie-cutie ensues.",
    "genres" : [ ]
  }, {
    "id" : 355029,
    "title" : "Crazy Wild and Crazy",
    "overview" : "A photographer tries to show us in the audience how to make a nudie-cutie, only for everything to go totally wrong.",
    "genres" : [ ]
  }, {
    "id" : 355034,
    "title" : "Tribal Basics Vol.1 Dance Fundamentals (Revised)",
    "overview" : "In this workshop:  Posture and it’s direct relation to movement, simple stretches, a moving meditation. A breakdown and drill each of the slow movements; the Figure 8 Taxeem, Ribcage and Torso isolation, Bodywaves, Bellyrolls, and Arms. The fast movements; the basic Shimmy, Egyptian, Arabic, Pivot Bump and Choo-choo. A follow-along review of all movements and steps using simple combinations and transitions, and special performance by FatChance.  With musical selections from Tribal Dances Tribal Drums, Sirocco Vol.1, Drumsongs and Rhythm of the Dance, Volume One is suitable for beginners as well as the intermediate or advanced dancer looking for a review. Teachers will find it an excellent tool for introducing Tribal. It is the equivalent of the eightweek Basics course created and taught by Carolena and FCBD® in the San Francisco Bay Area.",
    "genres" : [ ]
  }, {
    "id" : 355039,
    "title" : "Keep [Breed - Her Inside Me]",
    "overview" : "Don't you remember who I am???  Min-ah finds herself on a stranger's bed when she wakes up.\r She's handcuffed.\r Stranger Nam-gyu was next to her.  I want to let you go but my heart\r wants you to stay...\r I know it might be tough but stay here with me...  What's your name stranger?\r Sorry\r but I love you",
    "genres" : [ ]
  }, {
    "id" : 355044,
    "title" : "Twenty Secret Life",
    "overview" : "Min-chul and Yoon-suh are a couple in love. Suddenly, however, Yoon-suh breaks up with him. Min-chul wants to get back together with her, so he tries to evoke her jealousy by hiring a woman to act as his new girlfriend. Min-woo has sex with Cho-hae, then he immediately dumps her saying he wants to end their relationship.\r Cho-hae now longs for love, so she starts a side-job as an acting girlfriend. On her first “date” with Min-chul, she acts friendly with him in front of Yoon-suh. As this continues, his attraction towards Cho-hae grows.",
    "genres" : [ ]
  }, {
    "id" : 355054,
    "title" : "A Mente Por Trás De Um Massacre",
    "overview" : "",
    "genres" : [ {
      "id" : 99,
      "name" : "Documentary"
    } ]
  }, {
    "id" : 355059,
    "title" : "Os Lados da Rua",
    "overview" : "",
    "genres" : [ {
      "id" : 10751,
      "name" : "Family"
    }, {
      "id" : 18,
      "name" : "Drama"
    } ]
  }, {
    "id" : 355069,
    "title" : "How the Mole Got His Trousers",
    "overview" : "",
    "genres" : [ {
      "id" : 10751,
      "name" : "Family"
    }, {
      "id" : 16,
      "name" : "Animation"
    } ]
  }, {
    "id" : 355074,
    "title" : "Der Zauberkasten",
    "overview" : "",
    "genres" : [ {
      "id" : 18,
      "name" : "Drama"
    } ]
  }, {
    "id" : 355079,
    "title" : "PWG 2nd Annual Bicentennial Birthday Extravaganza - Night One",
    "overview" : "1. Shannon Ballard vs. Davey Richards  2. Hook Bomberry &amp; Top Gun Talwar vs. Los Luchas (Phoenix Star &amp; Zokre)  3. Mr. Excitement vs. Joey Ryan  4. Ricky Reyes vs. Petey Williams  6-Man Elimination Match  5. Disco Machine, Excalibur, &amp; \"Mr. Wrestling\" Kevin Steen vs. El Generico, Human Tornado, &amp; Super Dragon  TNA X-Division Championship Title Match  6. \"The Fallen Angel\" Christopher Daniels (c) vs. Chris Sabin  Masks vs. Titles - Pro Wrestling Guerrilla World Tag Team Championship Title Match  7. Arrogance (\"Photogenic\" Chris Bosh &amp; \"The Professional\" Scott Lost) vs. Aerial Xpress (Quicksilver &amp; Scorpio Sky)  Pro Wrestling Guerrilla World Championship Title Match  8. AJ Styles (c) vs. \"The Future\" Frankie Kazarian",
    "genres" : [ ]
  }, {
    "id" : 355084,
    "title" : "PWG Zombies (Shouldn't Run)",
    "overview" : "1. Hardkore Kidd vs. TJ Perkins  2. Davey Richards vs. Rocky Romero  3. Hook Bomberry, Mr. Excitement, &amp; Top Gun Talwar vs. Disco Machine, Excalibur, &amp; Ronin  4. \"Double C\" Claudio Castagnoli vs. Joey Ryan  5. \"The Fallen Angel\" Christopher Daniels vs. Chris Hero  6. Quicksilver vs. Super Dragon  Vacant Pro Wrestling Guerrilla World Tag Team Championship Title Match  7. Arrogance (\"Photogenic\" Chris Bosh &amp; \"The Professional\" Scott Lost) vs. 2 Skinny Black Guys (El Generico &amp; Human Tornado)  Pro Wrestling Guerrilla World Championship Title Match  8. AJ Styles (c) vs. \"Mr. Wrestling\" Kevin Steen",
    "genres" : [ ]
  }, {
    "id" : 355089,
    "title" : "Tornado Range",
    "overview" : "Tornado Range is one of five Eddie Dean westerns originally produced by PRC in 1947 but released the following year by Eagle-Lion. Cast as a troubleshooter for the U.S. Land Office, Dean is assigned to settle a deadly range war. Sure enough, the warring homesteaders and cattlemen are being whipped into a frenzy by a third party, who hopes to \"divide and conquer,\" claiming the land for himself. Surprisingly, all-purpose PRC villain George Cheseboro isn't the culprit in this one; instead, he's cast as the father of heroine Jennifer Holt. Roscoe Ates is once more on hand for some questionable comedy relief.",
    "genres" : [ {
      "id" : 28,
      "name" : "Action"
    }, {
      "id" : 18,
      "name" : "Drama"
    }, {
      "id" : 10402,
      "name" : "Music"
    }, {
      "id" : 37,
      "name" : "Western"
    } ]
  }, {
    "id" : 355099,
    "title" : "Second Death of Gregor Z",
    "overview" : "A Swiss-German-Yugoslavian production.",
    "genres" : [ {
      "id" : 18,
      "name" : "Drama"
    } ]
  }, {
    "id" : 355104,
    "title" : "Ah! Si mon moine voulait...",
    "overview" : "",
    "genres" : [ {
      "id" : 35,
      "name" : "Comedy"
    } ]
  }, {
    "id" : 355109,
    "title" : "Man I Cured",
    "overview" : "Leon Errol and his wife try to prevent their nephew's romance.",
    "genres" : [ {
      "id" : 35,
      "name" : "Comedy"
    } ]
  }, {
    "id" : 355114,
    "title" : "Pretty Dolly",
    "overview" : "Leon Errol plans to buy a doll as a gift for his wife; misunderstandings ensue.",
    "genres" : [ {
      "id" : 35,
      "name" : "Comedy"
    } ]
  }, {
    "id" : 355119,
    "title" : "Lord Epping Returns",
    "overview" : "Leon Errol invites Lord Epping for dinner, then impersonates him when he expects his Lordship is otherwise engaged.",
    "genres" : [ {
      "id" : 35,
      "name" : "Comedy"
    } ]
  }, {
    "id" : 355124,
    "title" : "Maid Trouble",
    "overview" : "Leon Errol wants to retain his maid; complications ensue.",
    "genres" : [ {
      "id" : 35,
      "name" : "Comedy"
    } ]
  }, {
    "id" : 355129,
    "title" : "Cutie on Duty",
    "overview" : "Leon Errol buys his wife a gift.",
    "genres" : [ {
      "id" : 35,
      "name" : "Comedy"
    } ]
  }, {
    "id" : 355134,
    "title" : "The Bath Dub",
    "overview" : "Billy Franey comedy",
    "genres" : [ ]
  }, {
    "id" : 355139,
    "title" : "The White-Haired Girl",
    "overview" : "The White-Haired Girl was originally a five-act opera. In the early 1960s, it was arranged into a ballet. It tells the story of Xi'er, the daughter of a poor farmer. To pay the debts of her family, she is sold to a landlord. After suffering immensely, she flees deep into the mountains, where she lives for many years without adequate food. Xi'er's hair turns white and she becomes known as the white-haired goddess, before finally being rescued by the Red Army.",
    "genres" : [ ]
  }, {
    "id" : 355144,
    "title" : "Hamtaro: Miracle in Aurora Valley",
    "overview" : "A young fairy hamster named Crystal appears before Bijou. In the snow, the two vanish off somewhere. The Ham-Hams give chase and arrive in the legendary Aurora Village. Legendary hamsters of the winter called Snow Hams live here. The Ham-Hams are told that it has not snowed in the village for a long time. The Snow Hams are troubled because it is hot even though it is winter. They also say that Snow Princess Bijou is the one who can help. But, Bijou is kidnapped by a mysterious pirate ship! Pirate Hams who hate the cold start to interfere in order to prevent snowing. The Ham-Hams picket against the captain of the pirate ship to get Bijou back. The talks with the pirates result in the decision to put Bijou on the line in a Ham-Ham Grand Prix. The competition between Hamtaro and the captain consists of running, skiing, Formula car racing and others. Can Hamtaro win the Grand Prix and save Bijou?",
    "genres" : [ {
      "id" : 10751,
      "name" : "Family"
    }, {
      "id" : 14,
      "name" : "Fantasy"
    }, {
      "id" : 12,
      "name" : "Adventure"
    }, {
      "id" : 16,
      "name" : "Animation"
    } ]
  }, {
    "id" : 355149,
    "title" : "Chi ha incastrato Elio e le Storie Tese?",
    "overview" : "",
    "genres" : [ {
      "id" : 10402,
      "name" : "Music"
    }, {
      "id" : 99,
      "name" : "Documentary"
    } ]
  }, {
    "id" : 355154,
    "title" : "Das gestohlene Leben",
    "overview" : "",
    "genres" : [ {
      "id" : 18,
      "name" : "Drama"
    } ]
  }, {
    "id" : 355159,
    "title" : "Gyllene Tider Dags att tänka på konserten",
    "overview" : "",
    "genres" : [ {
      "id" : 10402,
      "name" : "Music"
    } ]
  }, {
    "id" : 355164,
    "title" : "La calle de los pianistas",
    "overview" : "",
    "genres" : [ ]
  }, {
    "id" : 355169,
    "title" : "A Man, A Woman and A Killer",
    "overview" : "A gigantic Great White Shark terrorises a small town in New England and three men are hired to hunt the beast down.",
    "genres" : [ ]
  }, {
    "id" : 355179,
    "title" : "Proszę słonia",
    "overview" : "",
    "genres" : [ ]
  }, {
    "id" : 355184,
    "title" : "Gangbang Me",
    "overview" : "AVN Award winning Best New Studio, Hard X is proud to present 'Gangbang Me' starring A. J. Applegate in her 1st gangbang scene, featuring her 1st DV and DAP. She is joined by the depraved Adriana Chechik who performs the incredible feat of triple penetration and triple anal in her unforgettable gangbang.",
    "genres" : [ ]
  }, {
    "id" : 355189,
    "title" : "Muerte a sangre fría",
    "overview" : "A man is murdered. His father tracks the killer, hoping to get revenge before the police capture him. What happened to cause his son's death is gradually revealed.",
    "genres" : [ {
      "id" : 18,
      "name" : "Drama"
    }, {
      "id" : 12,
      "name" : "Adventure"
    }, {
      "id" : 80,
      "name" : "Crime"
    } ]
  }, {
    "id" : 355194,
    "title" : "Me llamo Margarita",
    "overview" : "A young filmmaker makes a documentary about the life of woman in the streets of Mexico City. Trying to gather the fragments of stories told by this peculiar character who goes from lucid to crazy, we are shown the relationship between them: the story of an encounter.",
    "genres" : [ ]
  }, {
    "id" : 355199,
    "title" : "Inzomnia",
    "overview" : "In a futuristic and industrialized world, a product, called Inzomnia, has been created. This pill helps people regain energy to the point they can live without sleeping anylonger. Inzomnia is compulsorily administered to everyone, but people start losing their memory and turning into some kind of automata, performing mechanical tasks to keep the system unstoppable. Camila, a 10 year old girl, is immune to Inzomnia pills, and therefore the only one able to sleep... and dream. In her dreams she will encounter fantastic creatures and live many adventures that will lead her to find answers about the origins of Inzomnia.",
    "genres" : [ ]
  }, {
    "id" : 355204,
    "title" : "Missing 55 Final Break",
    "overview" : "Final chapter of the second phase is the series to undergo training high school girl was confined abduction.",
    "genres" : [ {
      "id" : 27,
      "name" : "Horror"
    }, {
      "id" : 53,
      "name" : "Thriller"
    } ]
  }, {
    "id" : 355209,
    "title" : "Lune",
    "overview" : "At night in a sleepy town, a microwave turns in a deserted kitchen. A bottle is warming up and a hungry baby is babbling. Who's gonna feed her?",
    "genres" : [ ]
  }, {
    "id" : 355214,
    "title" : "Lugar Incomum",
    "overview" : "",
    "genres" : [ ]
  }, {
    "id" : 355229,
    "title" : "Village Barn Dance",
    "overview" : "Dan Martin, an unemployed college graduate, drifts into the town of Lyndale, only to learn that the town and everything in it are dominated by Minerva Withers, a tight-fisted, old skinflint whose welcome does not extend to tramps.",
    "genres" : [ {
      "id" : 35,
      "name" : "Comedy"
    }, {
      "id" : 10749,
      "name" : "Romance"
    }, {
      "id" : 10402,
      "name" : "Music"
    } ]
  }, {
    "id" : 355234,
    "title" : "Parisienne",
    "overview" : "The new film from Lebanese director Danielle Arbid follows a young Arab immigrant in Paris, whose encounters with three men reveal different facets of her new country, and of herself.",
    "genres" : [ {
      "id" : 18,
      "name" : "Drama"
    } ]
  }, {
    "id" : 355244,
    "title" : "Choque de Civilizações",
    "overview" : "",
    "genres" : [ {
      "id" : 99,
      "name" : "Documentary"
    } ]
  }, {
    "id" : 355254,
    "title" : "De Palma",
    "overview" : "An intimate conversation between filmmakers, chronicling De Palma’s 55-year career, his life, and his filmmaking process, with revealing anecdotes and, of course, a wealth of film clips.",
    "genres" : [ {
      "id" : 99,
      "name" : "Documentary"
    } ]
  }, {
    "id" : 355259,
    "title" : "Der Gartenkrieg",
    "overview" : "",
    "genres" : [ {
      "id" : 35,
      "name" : "Comedy"
    } ]
  }, {
    "id" : 355264,
    "title" : "The Fear of Darkness",
    "overview" : "A brilliant young psychiatrist is forced to confront the dark creature that dwells deep within her own unconscious when she investigates the supernatural disappearance of a university student.",
    "genres" : [ {
      "id" : 53,
      "name" : "Thriller"
    } ]
  }, {
    "id" : 355274,
    "title" : "Singelklubben",
    "overview" : "Stars: Adrienne Diana Bobis, Maja Bohne Johnsen, Jesper Lind | See full cast and crew »",
    "genres" : [ ]
  }, {
    "id" : 355279,
    "title" : "All Is Well",
    "overview" : "A road trip, undertaken by Rishi Kapoor and Abhishek Bachchan, is later joined by their mother.",
    "genres" : [ {
      "id" : 10749,
      "name" : "Romance"
    }, {
      "id" : 35,
      "name" : "Comedy"
    }, {
      "id" : 18,
      "name" : "Drama"
    } ]
  }, {
    "id" : 355284,
    "title" : "Herr Schmidt und Herr Friedrich",
    "overview" : "",
    "genres" : [ {
      "id" : 99,
      "name" : "Documentary"
    } ]
  }, {
    "id" : 355289,
    "title" : "Girl Fever",
    "overview" : "A producer searches for talent to headline his burlesque show.",
    "genres" : [ ]
  }, {
    "id" : 355299,
    "title" : "International Smorgas-Broad",
    "overview" : "A cook dreams of naked women.",
    "genres" : [ ]
  }, {
    "id" : 355304,
    "title" : "Paris Topless",
    "overview" : "Cut-n-paste job masquerading as a \"documentary\" on toplessness, feauring a strip routine by Tempest Storm that was filmed nearly two decades before.",
    "genres" : [ ]
  }, {
    "id" : 355309,
    "title" : "Martian Land",
    "overview" : "In the distant future, mankind lives on Mars, in cities that resemble those once found on Earth, protected from the alien atmosphere by dome-like force-fields. When a massive sandstorm breaks through the dome and destroys Mars New York, those in Mars Los Angeles must figure out how to stop the storm before it wipes them out next.",
    "genres" : [ {
      "id" : 12,
      "name" : "Adventure"
    }, {
      "id" : 878,
      "name" : "Science Fiction"
    }, {
      "id" : 28,
      "name" : "Action"
    }, {
      "id" : 27,
      "name" : "Horror"
    } ]
  }, {
    "id" : 355314,
    "title" : "Some Like It Violent",
    "overview" : "A gangster takes over a computerized dating service in order to use it as a front for his prostitution operation.",
    "genres" : [ ]
  } ]
}