{
  "movies" : [ {
    "id" : 4199,
    "title" : "The Man in the Iron Mask",
    "overview" : "The story of Louis XIV of France and his attempts to keep his identical twin brother Philippe imprisoned away from sight and knowledge of the public, and Philippe's rescue by the aging Musketeers, led by D'Artagnan.",
    "genres" : [ {
      "id" : 36,
      "name" : "History"
    }, {
      "id" : 12,
      "name" : "Adventure"
    } ]
  }, {
    "id" : 4204,
    "title" : "$5 a Day",
    "overview" : "After being released from jail, the son of a con man joins his father on the road.",
    "genres" : [ {
      "id" : 18,
      "name" : "Drama"
    }, {
      "id" : 35,
      "name" : "Comedy"
    } ]
  }, {
    "id" : 4229,
    "title" : "The Scary Movie",
    "overview" : "Martina and Sonja, cross-dress in vampire capes and werewolf claws, re-enacting familiar horror tropes. A corresponding soundtrack of stock screams and \"scary\" music suggests that the girls' toying with gender roles and power dynamics may have dire consequences.",
    "genres" : [ {
      "id" : 27,
      "name" : "Horror"
    } ]
  }, {
    "id" : 4234,
    "title" : "Scream 3",
    "overview" : "A murdering spree begins to happen again, this time its targeted toward the original Woodsboro survivors and those associated with the movie inside a movie, 'Stab 3'. Sydney must face the demons of her past to stop the killer.",
    "genres" : [ {
      "id" : 27,
      "name" : "Horror"
    }, {
      "id" : 9648,
      "name" : "Mystery"
    } ]
  }, {
    "id" : 4239,
    "title" : "Croque la vie",
    "overview" : "Friendships and business do not mix, that's what we find with Theresa, Catherine and Alain, three longtime friends. Freshly graduated, they decided to start their own business, but work is scarce and a fight breaks out between the trio. Separated, married and scattered all over France, the once inseparable trio no longer keep in touch. But four years later, they decided to organize a big party for their reunion which serves as an opportunity for them to put things right and confess everything they have in their hearts.",
    "genres" : [ {
      "id" : 18,
      "name" : "Drama"
    }, {
      "id" : 35,
      "name" : "Comedy"
    } ]
  }, {
    "id" : 4244,
    "title" : "The Kid",
    "overview" : "Powerful businessman Russ Duritz is self-absorbed and immersed in his work. But by the magic of the moon, he meets Rusty, a chubby, charming 8-year-old version of himself who can't believe he could turn out so badly -- with no life and no dog. With Rusty's help, Russ is able to reconcile the person he used to dream of being with the man he's actually become.",
    "genres" : [ {
      "id" : 14,
      "name" : "Fantasy"
    }, {
      "id" : 35,
      "name" : "Comedy"
    }, {
      "id" : 10751,
      "name" : "Family"
    } ]
  }, {
    "id" : 4249,
    "title" : "The Comeback",
    "overview" : "After an absence of five years, six times Mr Olympia winner Arnold Schwarzenegger makes a comeback and attempts to take the World Body Building Championship for the 7th time.",
    "genres" : [ {
      "id" : 99,
      "name" : "Documentary"
    } ]
  }, {
    "id" : 4254,
    "title" : "Kal Ho Naa Ho",
    "overview" : "Naina is a very serious girl with a very serious life. But one day, her soul is awakened by the happy-go-lucky Aman, who teaches her that life is meant to be lived. Naturally, she falls in love with him. But Aman is harboring a secret that keeps him from reciprocating Naina's love. But he cannot stand having her live a life without love, so he sets off on a mission to fill her life with someone else's love - someone she already knows...",
    "genres" : [ {
      "id" : 35,
      "name" : "Comedy"
    }, {
      "id" : 18,
      "name" : "Drama"
    } ]
  }, {
    "id" : 4259,
    "title" : "Making 'Scary Movie 3'",
    "overview" : "No overview found.",
    "genres" : [ {
      "id" : 99,
      "name" : "Documentary"
    } ]
  }, {
    "id" : 4269,
    "title" : "Une Chambre en Ville",
    "overview" : "Set against the backdrop of an increasingly violent strike, a worker falls in love with the middle-class daughter of his landlady.",
    "genres" : [ {
      "id" : 10402,
      "name" : "Music"
    }, {
      "id" : 18,
      "name" : "Drama"
    } ]
  }, {
    "id" : 4274,
    "title" : "Fort Saganne",
    "overview" : "In 1911, a willful and determined man from peasant stock named Charles Saganne enlists in the military and is assigned to the Sahara Desert under the aristocratic Colonel Dubreuilh.",
    "genres" : [ {
      "id" : 10752,
      "name" : "War"
    }, {
      "id" : 18,
      "name" : "Drama"
    }, {
      "id" : 36,
      "name" : "History"
    } ]
  }, {
    "id" : 4279,
    "title" : "The Married Couple of the Year Two",
    "overview" : "Nicolas Philibert goes to America after killing a French aristocrat. On his return he tries to divorce his wife, Charlotte, but when he sees others trying to woo her his own interest is rekindled.",
    "genres" : [ {
      "id" : 12,
      "name" : "Adventure"
    }, {
      "id" : 35,
      "name" : "Comedy"
    }, {
      "id" : 36,
      "name" : "History"
    } ]
  }, {
    "id" : 4284,
    "title" : "Sasquatch Hunters",
    "overview" : "Bigfoot... Sasquatch... Some legends never die... They Kill!",
    "genres" : [ {
      "id" : 27,
      "name" : "Horror"
    } ]
  }, {
    "id" : 4289,
    "title" : "Dinocroc",
    "overview" : "After an African dinosaur ancestor of the crocodile is found, Dr. Campbell uses its DNA to create prototypes at Paula Kennedy's Genetic Research Co. (Gereco) lab. However one must be put down after killing someone, another escapes and the information is kept from sheriff Harper. His daughter, county dog catcher Diane Harper, helps her ex (welding artist Tom Banning) with his kid brother Michael's beloved dog. They bump into Campbell and discover the dinocroc is growing, having escaped down a tunnel. Although Gereco hires Australian crocodile specialist and intrepid hunter, Richard 'Dick' Sydney, the beast proves impervious to bullets, so the body count rises alarming.",
    "genres" : [ {
      "id" : 27,
      "name" : "Horror"
    }, {
      "id" : 878,
      "name" : "Science Fiction"
    }, {
      "id" : 53,
      "name" : "Thriller"
    } ]
  }, {
    "id" : 4324,
    "title" : "Venusberg",
    "overview" : "Seven completely different women accept an invitation from Doctor Alphonse to his villa located on a mountain top.",
    "genres" : [ {
      "id" : 18,
      "name" : "Drama"
    } ]
  }, {
    "id" : 4339,
    "title" : "The Nasty Girl",
    "overview" : "When a young woman investigates her town's Nazi past, the community turns against her.",
    "genres" : [ {
      "id" : 35,
      "name" : "Comedy"
    }, {
      "id" : 18,
      "name" : "Drama"
    }, {
      "id" : 10769,
      "name" : "Foreign"
    } ]
  }, {
    "id" : 4344,
    "title" : "Hotel Very Welcome",
    "overview" : "No overview found.",
    "genres" : [ {
      "id" : 35,
      "name" : "Comedy"
    }, {
      "id" : 18,
      "name" : "Drama"
    }, {
      "id" : 10751,
      "name" : "Family"
    }, {
      "id" : 10769,
      "name" : "Foreign"
    }, {
      "id" : 27,
      "name" : "Horror"
    } ]
  }, {
    "id" : 4349,
    "title" : "The Kingdom",
    "overview" : "A team of U.S. government agents is sent to investigate the bombing of an American facility in the Middle East.",
    "genres" : [ {
      "id" : 53,
      "name" : "Thriller"
    }, {
      "id" : 28,
      "name" : "Action"
    }, {
      "id" : 18,
      "name" : "Drama"
    } ]
  }, {
    "id" : 4364,
    "title" : "Vera Brühne",
    "overview" : "",
    "genres" : [ {
      "id" : 80,
      "name" : "Crime"
    }, {
      "id" : 99,
      "name" : "Documentary"
    } ]
  }, {
    "id" : 4369,
    "title" : "Just a Question of Love",
    "overview" : "After his gay cousin dies from hepatitis, young Laurent, who lives with his best friend Carole, falls in love with Cedric, a plant scientist. He's afraid to inform his conservative parents that he is gay.",
    "genres" : [ {
      "id" : 18,
      "name" : "Drama"
    }, {
      "id" : 10749,
      "name" : "Romance"
    } ]
  }, {
    "id" : 4374,
    "title" : "Otley",
    "overview" : "A petty crook finds himself mistaken for a murderer and a secret agent.",
    "genres" : [ {
      "id" : 35,
      "name" : "Comedy"
    } ]
  }, {
    "id" : 4379,
    "title" : "Monster-in-Law",
    "overview" : "Office temp Charlotte Cantilini thinks she's found Mr. Right when she starts dating gorgeous surgeon Dr. Kevin Fields. But there's a problem standing in the way of everlasting bliss: Kevin's overbearing and controlling mother, Viola. Fearing she'll lose her son's affections forever, Viola decides to break up the happy couple by becoming the world's worst mother-in-law.",
    "genres" : [ {
      "id" : 10749,
      "name" : "Romance"
    }, {
      "id" : 35,
      "name" : "Comedy"
    } ]
  }, {
    "id" : 4384,
    "title" : "Rosemaries Tochter",
    "overview" : "No overview found.",
    "genres" : [ {
      "id" : 18,
      "name" : "Drama"
    } ]
  }, {
    "id" : 4394,
    "title" : "Maître Pygmalion",
    "overview" : "No overview found.",
    "genres" : [ {
      "id" : 18,
      "name" : "Drama"
    } ]
  }, {
    "id" : 4399,
    "title" : "Wambo",
    "overview" : "No overview found.",
    "genres" : [ {
      "id" : 18,
      "name" : "Drama"
    } ]
  }, {
    "id" : 4414,
    "title" : "Les Misérables",
    "overview" : "No overview found.",
    "genres" : [ {
      "id" : 36,
      "name" : "History"
    } ]
  }, {
    "id" : 4419,
    "title" : "Les Misérables",
    "overview" : "In 1935, American audiences were treated to two simultaneously released versions of Les Miserables, one made in Hollywood, the other in France. Much the same thing happened in 1952. While 20th Century-Fox's Les Miserables, starring Michael Rennie as beleagured ex-convict Jean Valjean, was making the rounds, a second version, lensed in Italy, was also showing up in selected theatres. Running a fast 112 minutes (hardly enough time to do full justice to the novel), U.S. release of the Italian adaptation starred Gino Servi as Valjean, whose \"new\" life as a man of position and respect is forever threatened by dogged detective Javert. Valentine Cortese costars as Cosette, Valjean's adopted daughter. English-language prints of the the Italian Les Miserables credit the direction to \"Robert Hampton\"; in fact, direction was handled by prominent European filmmaker Riccardo Freda.",
    "genres" : [ {
      "id" : 36,
      "name" : "History"
    } ]
  }, {
    "id" : 4434,
    "title" : "Frauenmörder Arved Imiela",
    "overview" : "No overview found.",
    "genres" : [ {
      "id" : 18,
      "name" : "Drama"
    } ]
  }, {
    "id" : 4439,
    "title" : "Goy",
    "overview" : "No overview found.",
    "genres" : [ {
      "id" : 27,
      "name" : "Horror"
    }, {
      "id" : 53,
      "name" : "Thriller"
    } ]
  }, {
    "id" : 4454,
    "title" : "Svengali",
    "overview" : "A man hypnotizes a young woman into being an opera singer.",
    "genres" : [ {
      "id" : 10749,
      "name" : "Romance"
    }, {
      "id" : 18,
      "name" : "Drama"
    }, {
      "id" : 53,
      "name" : "Thriller"
    } ]
  }, {
    "id" : 4459,
    "title" : "Night Without Sleep",
    "overview" : "Awaking one morning out of a drunken stupor, composer Richard Morton can't shake the feeling he has murdered a woman during the night.",
    "genres" : [ {
      "id" : 53,
      "name" : "Thriller"
    } ]
  }, {
    "id" : 4464,
    "title" : "Seabiscuit",
    "overview" : "True story of the undersized Depression-era racehorse whose victories lifted not only the spirits of the team behind it but also those of their nation.",
    "genres" : [ {
      "id" : 18,
      "name" : "Drama"
    }, {
      "id" : 36,
      "name" : "History"
    } ]
  }, {
    "id" : 4474,
    "title" : "My Super Ex-Girlfriend",
    "overview" : "When New York architect Matt Saunders dumps his new girlfriend Jenny Johnson - a smart, sexy and reluctant superhero known as G-Girl - she uses her powers to make his life a living hell!",
    "genres" : [ {
      "id" : 14,
      "name" : "Fantasy"
    }, {
      "id" : 18,
      "name" : "Drama"
    }, {
      "id" : 28,
      "name" : "Action"
    }, {
      "id" : 35,
      "name" : "Comedy"
    }, {
      "id" : 80,
      "name" : "Crime"
    }, {
      "id" : 878,
      "name" : "Science Fiction"
    } ]
  }, {
    "id" : 4479,
    "title" : "Les Misérables",
    "overview" : "Jean Valjean, convicted of stealing bread, is hounded for decades by the relentless and cruel policeman Javert.",
    "genres" : [ {
      "id" : 18,
      "name" : "Drama"
    }, {
      "id" : 36,
      "name" : "History"
    }, {
      "id" : 10749,
      "name" : "Romance"
    } ]
  }, {
    "id" : 4484,
    "title" : "La Cage aux folles",
    "overview" : "Two gay men living in St. Tropez have their lives turned upside down when the son of one of the men announces he is getting married. They try conceal their lifestyle and their ownership of the transvestite club downstairs when the fiancée and her parents come for dinner.",
    "genres" : [ {
      "id" : 35,
      "name" : "Comedy"
    } ]
  }, {
    "id" : 4489,
    "title" : "Tod der Engel",
    "overview" : "No overview found.",
    "genres" : [ {
      "id" : 18,
      "name" : "Drama"
    } ]
  }, {
    "id" : 4494,
    "title" : "Rapture",
    "overview" : "José Sirgado, filmmaker in his thirties, has completed his second film and is deeply unsatisfied for various reasons. One may be that his relationship with the film has nothing to do with what he had imagined, another may be that the heroine of his film has left a deeper mark than expected, or his break with Ana, the protagonist of his first film. On returning home he finds Ana and the heroine of his latest film. Both of them are expecting him as if nothing had happened and José, deeply altered, soon falls into temptation.",
    "genres" : [ {
      "id" : 18,
      "name" : "Drama"
    }, {
      "id" : 27,
      "name" : "Horror"
    } ]
  }, {
    "id" : 4499,
    "title" : "Pepi, Luci, Bom",
    "overview" : "Almodovar's first film of life in Madrid during the punk era and not one for the squeamish. He covers everything from drugs and sexual violence, to female masochism.",
    "genres" : [ {
      "id" : 35,
      "name" : "Comedy"
    } ]
  }, {
    "id" : 4519,
    "title" : "Conversations with My Gardener",
    "overview" : "A successful artist, weary of Parisian life and on the verge of divorce, returns to the country to live in his childhood house. He needs someone to make a real vegetable garden again out of the wilderness it has become. The gardener happens to be a former schoolfriend. A warm, fruitful conversation starts between the two men.",
    "genres" : [ {
      "id" : 35,
      "name" : "Comedy"
    }, {
      "id" : 18,
      "name" : "Drama"
    } ]
  }, {
    "id" : 4529,
    "title" : "The Defector",
    "overview" : "Professor Bower, an American physicist, is effectively blackmailed by a shady CIA agent named Adams to help the CIA obtain secret microfilm from a defecting Russian scientist. The reluctant Bower travels to East Germany undercover as an antiques collector where he encounters Heinzmann, an East German fellow physicist, who is also a secret agent. Heinzmann is aware of Bower's meeting with Adams and his intention to steal the microfilm, however their mutual respect for one another's tactics complicate the proceedings.",
    "genres" : [ {
      "id" : 28,
      "name" : "Action"
    } ]
  }, {
    "id" : 4534,
    "title" : "Kill Panther Kill",
    "overview" : "In the opening moments of Kill, Panther, Kill! we see the daring escape, during a prison transfer, of master criminal Arthur Tracy. Tracy has been in stir for four years after thieving a fortune in jewels worth three million dollars. Now his loyal henchmen, Anthony and Smokey, lie in wait beside a desolate hillside road that’s apparently intended to be overlooking Malibu — but is actually some anonymous European location — as the LAPD van baring Arthur approaches. After dispensing with Arthur’s guards in a hail of machinegun fire, the three pile into a getaway car, at which point Anthony says he knows of an ideal place for them to hold up. “They’re holding a rodeo this week in Calgary”, he says. “Nobody will look for us there.” And truer words were never spoken. The only thing that I’d be looking for at a rodeo in Calgary would be a thorough ass-kicking.",
    "genres" : [ {
      "id" : 80,
      "name" : "Crime"
    } ]
  }, {
    "id" : 4539,
    "title" : "Hearts of Darkness: A Filmmaker's Apocalypse",
    "overview" : "A chronicle of the production problems — including bad weather, actors' health, war near the filming locations, and more — which plagued the filming of Apocalypse Now, increasing costs and nearly destroying the life and career of Francis Ford Coppola.",
    "genres" : [ {
      "id" : 99,
      "name" : "Documentary"
    } ]
  }, {
    "id" : 4544,
    "title" : "Emil und die Detektive",
    "overview" : "No overview found.",
    "genres" : [ {
      "id" : 10751,
      "name" : "Family"
    }, {
      "id" : 35,
      "name" : "Comedy"
    }, {
      "id" : 80,
      "name" : "Crime"
    }, {
      "id" : 12,
      "name" : "Adventure"
    } ]
  }, {
    "id" : 4554,
    "title" : "Manhattan Night of Murder",
    "overview" : "Second Jerry Cotton movie. A ring of gangsters has been terrorizing New York City. Special agent Jerry Cotton is summoned by the FBI to help crack down on the Criminals and put them out of business. He doesnt pull any punches either.",
    "genres" : [ {
      "id" : 80,
      "name" : "Crime"
    } ]
  }, {
    "id" : 4559,
    "title" : "Hot Chocolate",
    "overview" : "No overview found.",
    "genres" : [ {
      "id" : 35,
      "name" : "Comedy"
    } ]
  }, {
    "id" : 4564,
    "title" : "Sex and the City",
    "overview" : "A New York writer on sex and love is finally getting married to her Mr. Big. But her three best girlfriends must console her after one of them inadvertently leads Mr. Big to jilt her.",
    "genres" : [ {
      "id" : 35,
      "name" : "Comedy"
    }, {
      "id" : 18,
      "name" : "Drama"
    }, {
      "id" : 10749,
      "name" : "Romance"
    } ]
  }, {
    "id" : 4569,
    "title" : "Jerry Cotton: Death In The Red Jaguar",
    "overview" : "Part Seven in Jerry Cotton Series.The FBI agent tackles an organisation of assassins who kill to order.",
    "genres" : [ {
      "id" : 80,
      "name" : "Crime"
    } ]
  }, {
    "id" : 4574,
    "title" : "Deadly Shots on Broadway",
    "overview" : "An FBI agent is killed by the mob after making off with five million in gold bars in a robbery gone bad. Agent Jerry Cotton is called in to bring the gang to justice and find out where his dead pal hid the missing gold.",
    "genres" : [ {
      "id" : 80,
      "name" : "Crime"
    } ]
  }, {
    "id" : 4579,
    "title" : "Heat",
    "overview" : "Former child star Joe Davis (Joe Dallesandro), reduced to living in a cheap Hollywood motel while struggling for acting jobs, is lusted after by nearly every woman he meets, including Jessica Todd (Andrea Feldman), a tightly wound feminist who has recently come out as a lesbian. When Jessica's mother, Sally (Sylvia Miles), an emotionally needy has-been actress, meets Joe, she moves him into her enormous, tacky mansion as her new boy toy and attempts to get him acting work.",
    "genres" : [ {
      "id" : 35,
      "name" : "Comedy"
    }, {
      "id" : 18,
      "name" : "Drama"
    } ]
  }, {
    "id" : 4584,
    "title" : "Sense and Sensibility",
    "overview" : "Rich Mr. Dashwood dies, leaving his second wife and her daughters poor by the rules of inheritance. Two daughters are the titular opposites.",
    "genres" : [ {
      "id" : 18,
      "name" : "Drama"
    }, {
      "id" : 10749,
      "name" : "Romance"
    } ]
  }, {
    "id" : 4599,
    "title" : "Raising Helen",
    "overview" : "Helen Harris has a glamorous, big-city life working for one of New York's hottest modeling agencies. But suddenly her free-spirited life gets turned upside down when she must chose between the life she's always loved, and the new loves of her life!",
    "genres" : [ {
      "id" : 18,
      "name" : "Drama"
    }, {
      "id" : 35,
      "name" : "Comedy"
    }, {
      "id" : 10749,
      "name" : "Romance"
    } ]
  }, {
    "id" : 4614,
    "title" : "The Sum of All Fears",
    "overview" : "When the president of Russia suddenly dies, a man whose politics are virtually unknown succeeds him. The change in political leaders sparks paranoia among American CIA officials, so CIA director Bill Cabot recruits a young analyst to supply insight and advice on the situation. Then the unthinkable happens: a nuclear bomb explodes in a U.S. city, and America is quick to blame the Russians.",
    "genres" : [ {
      "id" : 53,
      "name" : "Thriller"
    }, {
      "id" : 28,
      "name" : "Action"
    }, {
      "id" : 18,
      "name" : "Drama"
    } ]
  }, {
    "id" : 4629,
    "title" : "December Boys",
    "overview" : "For many years, four teenage orphans at an Australian outback convent have watched their younger comrades find new parents, and realize that they may never be adopted. The Reverend Mother sends the four boys away on a seaside vacation, where they meet Teresa and Fearless, a couple who would make perfect parents. The youths compete with one another to be the one Teresa and Fearless decide to adopt.",
    "genres" : [ {
      "id" : 18,
      "name" : "Drama"
    }, {
      "id" : 10749,
      "name" : "Romance"
    } ]
  }, {
    "id" : 4639,
    "title" : "Best Seller",
    "overview" : "Hit man Cleve approaches writer/cop Dennis about a story for his next book: How Cleve made a living, working for one of the most powerful politicians in the country. To get the story right, they travel around the country to gather statements and evidence, while strong forces use any means they can to keep the story untold.",
    "genres" : [ {
      "id" : 28,
      "name" : "Action"
    }, {
      "id" : 80,
      "name" : "Crime"
    }, {
      "id" : 18,
      "name" : "Drama"
    }, {
      "id" : 53,
      "name" : "Thriller"
    } ]
  }, {
    "id" : 4644,
    "title" : "The Year of Getting to Know Us",
    "overview" : "A commitment-phobic man reunites with his estranged, ailing father and comes to terms with his own childhood.",
    "genres" : [ {
      "id" : 35,
      "name" : "Comedy"
    }, {
      "id" : 18,
      "name" : "Drama"
    } ]
  }, {
    "id" : 4654,
    "title" : "Echt tu matsch",
    "overview" : "No overview found.",
    "genres" : [ {
      "id" : 35,
      "name" : "Comedy"
    } ]
  }, {
    "id" : 4659,
    "title" : "Mama Mia - Nur keine Panik",
    "overview" : "No overview found.",
    "genres" : [ {
      "id" : 35,
      "name" : "Comedy"
    } ]
  }, {
    "id" : 4679,
    "title" : "Someone Behind the Door",
    "overview" : "A brain doctor (Anthony Perkins) with an unfaithful wife (Jill Ireland) brings home an amnesiac (Charles Bronson) and gets him to commit murder.",
    "genres" : [ {
      "id" : 53,
      "name" : "Thriller"
    }, {
      "id" : 10769,
      "name" : "Foreign"
    } ]
  }, {
    "id" : 4684,
    "title" : "Bolero",
    "overview" : "No overview found.",
    "genres" : [ {
      "id" : 35,
      "name" : "Comedy"
    }, {
      "id" : 18,
      "name" : "Drama"
    }, {
      "id" : 10749,
      "name" : "Romance"
    } ]
  }, {
    "id" : 4689,
    "title" : "Sympathy for Mr. Vengeance",
    "overview" : "This is the story of Ryu, a deaf man, and his sister, who requires a kidney transplant. Ryu's boss, Park, has just laid him off, and in order to afford the transplant, Ryu and his girlfriend develop a plan to kidnap Park's daughter. Things go horribly wrong, and the situation spirals rapidly into a cycle of violence and revenge.",
    "genres" : [ {
      "id" : 28,
      "name" : "Action"
    }, {
      "id" : 18,
      "name" : "Drama"
    }, {
      "id" : 53,
      "name" : "Thriller"
    } ]
  }, {
    "id" : 4704,
    "title" : "At Long Last Love",
    "overview" : "Four socialites unexpectedly clash: heiress Brooke Carter runs into gambler Johnny Spanish at the race track while playboy Michael O. Pritchard nearly runs into stage star Kitty O'Kelly with his car. Backstage at Kitty's show, it turns out she and Brooke are old friends who attended public school together. The foursome do the town, accompanied by Brooke's companion Elizabeth, who throws herself at Michael's butler and chauffeur Rodney James.",
    "genres" : [ {
      "id" : 35,
      "name" : "Comedy"
    }, {
      "id" : 10402,
      "name" : "Music"
    }, {
      "id" : 10749,
      "name" : "Romance"
    } ]
  }, {
    "id" : 4709,
    "title" : "Holiday for Henrietta",
    "overview" : "Two scriptwriters argue about the fate of Henrietta, a charming and gamine shopgirl. One favors a comical path for their heroine, who is overcome with sentimental love for a young photographer on Bastille Day. The other has a more thrilling and dastardly fate in mind for her. Among the film's irresistible conceits is Hildegarde Neff as an oversexed circus bareback rider.",
    "genres" : [ {
      "id" : 35,
      "name" : "Comedy"
    } ]
  }, {
    "id" : 4719,
    "title" : "Arsène Lupin contre Arsène Lupin",
    "overview" : "No overview found.",
    "genres" : [ {
      "id" : 35,
      "name" : "Comedy"
    } ]
  }, {
    "id" : 4729,
    "title" : "The Gendarme Gets Married",
    "overview" : "The Saint-Tropez police launch a major offensive against dangerous drivers. Marechal Cruchot (Louis de Funès) relishes the assignment, which he pursues with a manic zeal. Cruchot is after an offending driver, who turns out to be Josépha (Claude Gensac), the widow of a highly regarded police colonel. When they meet, Cruchot falls instantly in love....",
    "genres" : [ {
      "id" : 35,
      "name" : "Comedy"
    } ]
  }, {
    "id" : 4734,
    "title" : "Van Gogh",
    "overview" : "In late spring, 1890, Vincent moves to Auvers-sur-Oise, near Paris, under the care of Dr. Gachet, living in a humble inn. Fewer than 70 days later, Vincent dies from a self-inflicted gunshot wound. We see Vincent at work, painting landscapes and portraits. His brother Theo, wife Johanna, and their baby visit Auvers. Vincent is playful and charming, engaging the attentions of Gachet's daughter Marguerite (who's half Vincent's age), a young maid at the inn, Cathy a Parisian prostitute, and Johanna. Shortly before his death, Vincent visits Paris, quarrels with Theo, disparages his own art and accomplishments, dances at a brothel, and is warm then cold toward Marguerite.",
    "genres" : [ {
      "id" : 18,
      "name" : "Drama"
    } ]
  }, {
    "id" : 4739,
    "title" : "Raphael or the Debauched One",
    "overview" : "1830, somewhere in France. Aurore is a young, beautiful and virtuous widow. She meets Raphael, a man of leisure, a debauchee. Raphael is obsessed by the death, and wait for it by chasing women and drinking. He first tries to seduce her, but is impressed by her and gives up. But Aurore felt in love with him, and tries not to look as inacessible. A romantic drama, with dispair, cynism, disgust for life and love.",
    "genres" : [ {
      "id" : 18,
      "name" : "Drama"
    } ]
  }, {
    "id" : 4764,
    "title" : "L'horoscope",
    "overview" : "No overview found.",
    "genres" : [ {
      "id" : 35,
      "name" : "Comedy"
    } ]
  }, {
    "id" : 4789,
    "title" : "The Garden of the Finzi-Continis",
    "overview" : "In late 1930s Ferrara, Italy, the Finzi-Continis are a leading family: wealthy, aristocratic, and urbane; they are also Jewish. Their adult children, Micol and Alberto, gather a diverse circle of friends for tennis and parties at their villa with its lovely grounds, and try to keep the rest of the world at bay. But tensions between them all grow as anti-Semitism rises in Fascist Italy, and even the Finzi-Continis will have to confront the Holocaust.",
    "genres" : [ {
      "id" : 18,
      "name" : "Drama"
    } ]
  }, {
    "id" : 4799,
    "title" : "Un grand patron",
    "overview" : "No overview found.",
    "genres" : [ {
      "id" : 18,
      "name" : "Drama"
    } ]
  }, {
    "id" : 4809,
    "title" : "Good Morning Miss Dove",
    "overview" : "Beloved schoolteacher reflects back on her life and former students when she is hospitalized...",
    "genres" : [ {
      "id" : 35,
      "name" : "Comedy"
    }, {
      "id" : 18,
      "name" : "Drama"
    } ]
  }, {
    "id" : 4814,
    "title" : "Three Crazy Jerks II",
    "overview" : "In 2043, Frank and Xaver have only one big problem with their jobs at a patent office, their boss Dr. Kneitz who's mission it is to make their life miserable. But then an unique opportunity presents itself when an inventor shows up to patent a time machine and they come up with a plan to travel back in time to stop the conceiving of their boss. Accidently Ronny, a night watchman, happens to be in the room with them when they use the time machine and so, in part unwillingly, the 3 of them travel to the year 1988 in Gran Canaria and they only have a couple of days to stop every interaction with potential fathers for the mother to be.",
    "genres" : [ {
      "id" : 10749,
      "name" : "Romance"
    }, {
      "id" : 35,
      "name" : "Comedy"
    }, {
      "id" : 878,
      "name" : "Science Fiction"
    } ]
  }, {
    "id" : 4824,
    "title" : "The Jackal",
    "overview" : "Hired by a powerful member of the Russian mafia to avenge an FBI sting that left his brother dead, the perfectionist Jackal proves an elusive target for the men charged with the task of bringing him down: a deputy FBI boss and a former IRA terrorist.",
    "genres" : [ {
      "id" : 28,
      "name" : "Action"
    }, {
      "id" : 53,
      "name" : "Thriller"
    }, {
      "id" : 12,
      "name" : "Adventure"
    }, {
      "id" : 80,
      "name" : "Crime"
    } ]
  }, {
    "id" : 4834,
    "title" : "Starke Zeiten",
    "overview" : "The film consists of several small episodes that take place in and around Munich.",
    "genres" : [ {
      "id" : 35,
      "name" : "Comedy"
    } ]
  }, {
    "id" : 4839,
    "title" : "Love Life",
    "overview" : "A married young academic falls under the sexual thrall of a much older man whose air of jaded ennui conceals a secret desire for vengeance.",
    "genres" : [ {
      "id" : 18,
      "name" : "Drama"
    }, {
      "id" : 10749,
      "name" : "Romance"
    } ]
  }, {
    "id" : 4879,
    "title" : "Ten Little Indians",
    "overview" : "Ten strangers are invited as weekend guests to a remote mountain mansion.When the host doesn't show up, the guests start dying, one by one, in uniquely macabre Agatha Christie-style.It is based on Christie's best-selling novel with 100 million sales to date, making it the world's best-selling mystery ever, and one of the most-printed books of all time.",
    "genres" : [ {
      "id" : 80,
      "name" : "Crime"
    }, {
      "id" : 18,
      "name" : "Drama"
    }, {
      "id" : 9648,
      "name" : "Mystery"
    }, {
      "id" : 53,
      "name" : "Thriller"
    } ]
  }, {
    "id" : 4889,
    "title" : "Billion Dollar Brain",
    "overview" : "A former British spy stumbles into in a plot to overthrow Communism with the help of a supercomputer. But who is working for whom?",
    "genres" : [ {
      "id" : 53,
      "name" : "Thriller"
    } ]
  }, {
    "id" : 4899,
    "title" : "Les portes claquent",
    "overview" : "No overview found.",
    "genres" : [ {
      "id" : 35,
      "name" : "Comedy"
    } ]
  }, {
    "id" : 4909,
    "title" : "The Day of the Jackal",
    "overview" : "An international assassin known as ‘The Jackal’ is employed by disgruntled French generals to kill President Charles de Gaulle, with a dedicated gendarme on the assassin's trail.",
    "genres" : [ {
      "id" : 28,
      "name" : "Action"
    }, {
      "id" : 53,
      "name" : "Thriller"
    } ]
  }, {
    "id" : 4924,
    "title" : "Soul Hustler",
    "overview" : "Matthew Crowe, a whoring, pot-smoking, wandering singer teams up with a tent-show preacher. The preacher recognizes Mathew's charisma, and together they collect big donations delivering sermons with rocking gospel songs.Soon enough, Matthew lands a record deal, and the older man becomes the manager of Crowe's new act: Matthew, Son of Jesus. They hire a backup group of mustachioed rock musicians, who play in brown monks' robes, in contrast to Matthew's white robe and sandals. Their debut album becomes a huge hit so they go on a concert tour to promote it.",
    "genres" : [ {
      "id" : 10402,
      "name" : "Music"
    }, {
      "id" : 18,
      "name" : "Drama"
    } ]
  }, {
    "id" : 4929,
    "title" : "Hang 'em High",
    "overview" : "Marshall Jed Cooper survives a hanging, vowing revenge on the lynch mob that left him dangling. To carry out his oath for vengeance, he returns to his former job as a lawman. Before long, he's caught up with the nine men on his hit list and starts dispensing his own brand of Wild West justice.",
    "genres" : [ {
      "id" : 37,
      "name" : "Western"
    } ]
  }, {
    "id" : 4934,
    "title" : "Firecreek",
    "overview" : "A peace-loving, part-time sheriff in the small town of Firecreek must take a stand when a gang of vicious outlaws takes over his town.",
    "genres" : [ {
      "id" : 37,
      "name" : "Western"
    } ]
  }, {
    "id" : 4939,
    "title" : "Send Me No Flowers",
    "overview" : "At one of his many visits to his doctor, hypochondriac George Kimball mistakes a dying man's diagnosis for his own and believes he only has about two more weeks to live. Wanting to take care of his wife Judy, he doesn't tell her and tries to find her a new husband. When he finally does tell her, she quickly finds out he's not dying at all (while he doesn't) and she believes it's just a lame excuse to hide an affair, so she decides to leave him.",
    "genres" : [ {
      "id" : 35,
      "name" : "Comedy"
    }, {
      "id" : 10749,
      "name" : "Romance"
    } ]
  }, {
    "id" : 4944,
    "title" : "Burn After Reading",
    "overview" : "When a disc containing memoirs of a former CIA analyst falls into the hands of Linda Litzke and Chad Feldheimer, the two gym employees see a chance to make enough money for her to have life-changing cosmetic surgery. Predictably, events whirl out of control for the duo doofuses and those in their orbit.",
    "genres" : [ {
      "id" : 35,
      "name" : "Comedy"
    }, {
      "id" : 18,
      "name" : "Drama"
    } ]
  }, {
    "id" : 4949,
    "title" : "A Time for Killing",
    "overview" : "During the Civil War, Confederate soldiers escape from a Union prison and head for the Mexican border. Along the way, they kill a Union courier bearing the news that the war is over. Keeping the message a secret, the captain has his men go on and they soon find themselves in a battle with the Union search party who also is unaware of the war's end.",
    "genres" : [ {
      "id" : 37,
      "name" : "Western"
    } ]
  }, {
    "id" : 4954,
    "title" : "Drop Zone",
    "overview" : "A team of skydiving crooks led by DEA-agent-turned-bad Ty Moncrief (Busey) specialize in landing on police roofs and breaking in so their evil computer nerd can steal undercover agents' files and sell them to drug lords. Federal Marshal Pete Nessip (Snipes) lost a brother to this crew and learns skydiving with the help of tough-but-lovable instructor Jessie Crossmann (Butler) so he can track them down.",
    "genres" : [ {
      "id" : 28,
      "name" : "Action"
    }, {
      "id" : 12,
      "name" : "Adventure"
    }, {
      "id" : 53,
      "name" : "Thriller"
    } ]
  }, {
    "id" : 4959,
    "title" : "The International",
    "overview" : "An interpol agent and an attorney are determined to bring one of the world's most powerful banks to justice. Uncovering money laundering, arms trading, and conspiracy to destabilize world governments, their investigation takes them from Berlin, Milan, New York and Istanbul. Finding themselves in a chase across the globe, their relentless tenacity puts their own lives at risk.",
    "genres" : [ {
      "id" : 18,
      "name" : "Drama"
    }, {
      "id" : 53,
      "name" : "Thriller"
    }, {
      "id" : 80,
      "name" : "Crime"
    } ]
  }, {
    "id" : 4964,
    "title" : "Knocked Up",
    "overview" : "For fun loving party animal Ben Stone, the last thing he ever expected was for his one night stand to show up on his doorstep eight weeks later to tell him she's pregnant.",
    "genres" : [ {
      "id" : 35,
      "name" : "Comedy"
    }, {
      "id" : 10749,
      "name" : "Romance"
    }, {
      "id" : 18,
      "name" : "Drama"
    } ]
  }, {
    "id" : 4974,
    "title" : "Five Times Two",
    "overview" : "As young French couple Gilles and Marion officially separate, we see, in reverse order, the milestone moments in their relationship: Gilles revealing his unfaithfulness at a tense dinner party; Marion giving birth to their premature son while Gilles is elsewhere; Gilles and Marion's joyous wedding; and, finally, the fateful moment when they meet as acquaintances at an Italian beach resort, and their love affair begins.",
    "genres" : [ {
      "id" : 18,
      "name" : "Drama"
    }, {
      "id" : 10749,
      "name" : "Romance"
    } ]
  }, {
    "id" : 4979,
    "title" : "Windows on Monday",
    "overview" : "A new house in a new town could mean the beginning of a phase of domestic bliss for a small family. Nina, a doctor, has taken a few days off. Her husband Frieder is busy laying tiles, while their daughter Charlotte plays in her new room. But Nina is having her doubts; she stands about in the half-empty rooms, feeling thoroughly alienated. Suddenly, without saying a word, she decides to leave...",
    "genres" : [ {
      "id" : 18,
      "name" : "Drama"
    } ]
  }, {
    "id" : 4984,
    "title" : "White Lightning",
    "overview" : "An ex con teams up with federal agents to help them with breaking up a moonshine ring.",
    "genres" : [ {
      "id" : 18,
      "name" : "Drama"
    }, {
      "id" : 28,
      "name" : "Action"
    }, {
      "id" : 80,
      "name" : "Crime"
    } ]
  }, {
    "id" : 4989,
    "title" : "Shamus",
    "overview" : "New York private eye Shamus McCoy likes girls, drink and gambling, but by the look of his flat business can't be too hot. So an offer of $10,000 to finds some diamonds stolen in a daring raid with a flame-thrower is too good to miss. His investigations soon get pretty complicated and rather too dangerous. At least along the way he does get to meet Alexis.",
    "genres" : [ {
      "id" : 9648,
      "name" : "Mystery"
    }, {
      "id" : 53,
      "name" : "Thriller"
    } ]
  }, {
    "id" : 4999,
    "title" : "Woman of Straw",
    "overview" : "Anthony Richmond schemes to get the fortune of his tyrannical, wheelchair-using tycoon uncle Charles Richmond by persuading Maria, a nurse he employs, to marry him.",
    "genres" : [ {
      "id" : 80,
      "name" : "Crime"
    }, {
      "id" : 18,
      "name" : "Drama"
    }, {
      "id" : 53,
      "name" : "Thriller"
    } ]
  }, {
    "id" : 5004,
    "title" : "The Long Swift Sword of Siegfried",
    "overview" : "An \"adults only\" retelling of the legend of Siegfried.",
    "genres" : [ {
      "id" : 35,
      "name" : "Comedy"
    }, {
      "id" : 14,
      "name" : "Fantasy"
    } ]
  }, {
    "id" : 5034,
    "title" : "Crime and Punishment",
    "overview" : "No overview found.",
    "genres" : [ {
      "id" : 80,
      "name" : "Crime"
    } ]
  }, {
    "id" : 5049,
    "title" : "Death Will Have Your Eyes",
    "overview" : "A young woman who comes to Rome and soon drifts into de facto prostitution in order to survive. She meets a misanthropic doctor and would-be poet, but soon falls in love with another man. Murder ensues and she soon finds herself being blackmailed, sexually and financially, by her husband's shady driver, who saw something he shouldn't have.",
    "genres" : [ {
      "id" : 18,
      "name" : "Drama"
    }, {
      "id" : 53,
      "name" : "Thriller"
    } ]
  }, {
    "id" : 5054,
    "title" : "Dangerous Affairs",
    "overview" : "The young scion of a rich lineage (Marcello Montana) should get married and give an heir to the family. But no one wants to touch his girlfriend (Barbara Blasko) before marriage and instead consoled with the beautiful waitress (Federica Farnese). But things get complicated and suddenly strange deaths begin to hit the family members.",
    "genres" : [ {
      "id" : 18,
      "name" : "Drama"
    } ]
  }, {
    "id" : 5064,
    "title" : "Carry On Doctor",
    "overview" : "Francis Bigger, a notorious charlatan who tours the country lecturing on the subject of mind over matter, slips off the platform in the middle of his performance and ends up in hospital under the care of Dr Tinkle. The hospital is about to enter a period of total chaos. The regular Carry On team is joined by Frankie Howerd as the fraudulent Francis in this 'bed-panorama of hospital life'.",
    "genres" : [ {
      "id" : 35,
      "name" : "Comedy"
    } ]
  }, {
    "id" : 5069,
    "title" : "La tête en l'air",
    "overview" : "No overview found.",
    "genres" : [ {
      "id" : 35,
      "name" : "Comedy"
    }, {
      "id" : 18,
      "name" : "Drama"
    } ]
  }, {
    "id" : 5074,
    "title" : "Prorva",
    "overview" : "No overview found.",
    "genres" : [ {
      "id" : 18,
      "name" : "Drama"
    } ]
  }, {
    "id" : 5079,
    "title" : "Born Winner",
    "overview" : "A young man whose passions are money, beautiful women and racing motorcycles comes up with a scheme that will allow him to combine all three, all while committing the \"perfect\" crime.",
    "genres" : [ {
      "id" : 80,
      "name" : "Crime"
    } ]
  } ]
}