{
  "movies" : [ {
    "id" : 365764,
    "title" : "Moto 7: The Movie",
    "overview" : "A film that rewrites the moto playbook, with the biggest jumps, the gnarliest tracks, and some of the most remote locations a motorcycle has ever touched.",
    "genres" : [ {
      "id" : 99,
      "name" : "Documentary"
    } ]
  }, {
    "id" : 365769,
    "title" : "Andre Rieu - La vie est belle (Life is Beautiful)",
    "overview" : "Filmed in Berlin's spectacular Waldbuehne Amphitheatre, an 8000 seat outdoor concert venue like no other in the world. Rieu's magic is captured witth all its charma and energy in this DVD.",
    "genres" : [ ]
  }, {
    "id" : 365774,
    "title" : "XConfessions Vol. 1",
    "overview" : "Ever wonder what it would be like to see your sexual fantasies played out in a film? Well in XCONFESSIONS, Erika Lust does just that! Part of an ongoing series, this dvd showcases 10 explicit short films directed by Erika Lust: showcasing her trademark cinematic style, fresh-faced performers and authentic stories created by the public.  At xconfessions.com, users write their dirtiest deeds and forbidden fantasies anonymously. Then, Erika picks 2 confessions each month to be turned into beautiful erotic short films. With provocative titles like “My First Time Eating Oysters and Pussy” or “I Fucking Love Ikea”, this compilation has something for everybody. Whether you’re into group sex, role-play, erotic games, bondage, or starring in your own porno… after seeing Erika’s new production, you’ll never see adult film the same way!",
    "genres" : [ ]
  }, {
    "id" : 365789,
    "title" : "Carta a una sombra",
    "overview" : "In August 1987, Héctor Abad Gómez was murdered on the streets of downtown Medellín during the darkest moments of the dirty war against the Colombian left. Why was he killed? Who could have had a vested interest in silencing a university professor, human rights activist and doctor who was a precursor of the concept of \"public health\" in Colombia?",
    "genres" : [ {
      "id" : 99,
      "name" : "Documentary"
    } ]
  }, {
    "id" : 365794,
    "title" : "Ayer Mata",
    "overview" : "Tear film is Malay film which was published in Singapore when it was part of Malaysia in 1953. Tear Film issued in the form of black and white film without color .  Tear film was released in 1953 in theaters across the country . Showing Datuk Ahmad Mahmood , Datin Rosnani Jamil and many more .\r This is the story about forbidden love, a father and his long lost son. Rashid only discovers about his son when he was after the same woman, Hasnah. The slender and legendary, Rosnani played Hasnah. True love prevails but who manage to be with Hasnah?",
    "genres" : [ {
      "id" : 18,
      "name" : "Drama"
    } ]
  }, {
    "id" : 365799,
    "title" : "Herculano Pires - Um Convite Para o Futuro",
    "overview" : "",
    "genres" : [ {
      "id" : 99,
      "name" : "Documentary"
    } ]
  }, {
    "id" : 365804,
    "title" : "Raimundo",
    "overview" : "A small crew of film students travel to the Azores for a week in order to make a documentary about Raimundo Bicudo, a controversial film director from the Island of São Miguel.",
    "genres" : [ ]
  }, {
    "id" : 365809,
    "title" : "Autobahn",
    "overview" : "A visual interprtation of Kraftwerk’s music Autobahn. A fast paced experimental film which proved to be a ground breaking combination of electronic and manual animation. It has now become an icon of late seventies design and music. One of the first films produced specifically for video disk.",
    "genres" : [ {
      "id" : 10402,
      "name" : "Music"
    }, {
      "id" : 16,
      "name" : "Animation"
    } ]
  }, {
    "id" : 365814,
    "title" : "Genitori",
    "overview" : "Is a family with a disabled child a disabled family? For the last 16 years a group of parents have gotten together to talk about their routine and to find achievable and effective solutions to better the lives of their disabled children. The group has become a micro-society. The documentary allows itself to enter, to imagine and to share the reality of the world of disability.",
    "genres" : [ {
      "id" : 99,
      "name" : "Documentary"
    } ]
  }, {
    "id" : 365819,
    "title" : "Cherry Blossom Memories",
    "overview" : "“Sakura no Ame” is a song viewed more than 4.2 million times in “niconico” video sharing website in Japan. After the release of the song by Vocaloid-virtual-idle Hatsune Miku, this heart touching song became a standard for graduations and now it has become a live-action movie. The story is based on a best seller novel “Sakura no Ame” (PHP Institute, February 2012) which 200 thousand copies are printed and was inspired by the song itself. Many characters such as teachers and students seen in the story are inspired by the song sung by a 16 year-old high school student, Vocaloid, Hatsune Miku.",
    "genres" : [ ]
  }, {
    "id" : 365829,
    "title" : "UFC 193: Rousey vs. Holm",
    "overview" : "The event will be the first that the promotion has held in Melbourne. It will also be the third stadium venue to host a UFC event after UFC 129 and UFC on Fox: Gustafsson vs. Johnson, which took place at the Rogers Centre in Canada and Tele2 Arena in Sweden, respectively.  265 lbs.: Jared Rosholt vs. Stefan Struve | 185 lbs.: Uriah Hall vs. Robert Whittaker | 265 lbs.: Mark Hunt vs. Antonio Silva | 115 lbs.: Women's Strawweight Champion Joanna Jedrzejczyk vs. Valerie Letourneau | 135 lbs.: Women's Bantamweight Champion Ronda Rousey vs. Holly Holm",
    "genres" : [ {
      "id" : 28,
      "name" : "Action"
    } ]
  }, {
    "id" : 365834,
    "title" : "Trace",
    "overview" : "A group of friends experimenting with EVP (Electronic Voice Phenomenon) accidentally open a doorway allowing a powerful demon to enter our world.",
    "genres" : [ {
      "id" : 27,
      "name" : "Horror"
    } ]
  }, {
    "id" : 365839,
    "title" : "A Holy Mess",
    "overview" : "A comedy about the new alternative family and how different family situations and relationships come to a head during the premier family weekend.",
    "genres" : [ {
      "id" : 35,
      "name" : "Comedy"
    }, {
      "id" : 18,
      "name" : "Drama"
    } ]
  }, {
    "id" : 365844,
    "title" : "Corsetry - A Darker Side",
    "overview" : "For the lust for rubber and corsetry? These beautiful women wait but for whom? Playing the \"waiting game\" beautifully. With their beautiful asses in the air, crossed legged in black shiny rubber, all bathed in warm tones.\r The moan of ecstasy. So this is what goes on behind closed doors?\r With a dark, cinematic feel and stunningly beautiful women, enter a world that is both sinister and that of Kendo...",
    "genres" : [ ]
  }, {
    "id" : 365849,
    "title" : "O SMS",
    "overview" : "",
    "genres" : [ {
      "id" : 18,
      "name" : "Drama"
    }, {
      "id" : 10749,
      "name" : "Romance"
    } ]
  }, {
    "id" : 365859,
    "title" : "Mama",
    "overview" : "In a village, a lonely retired nurse goes through her daily routine with her son by her side as she reflects on the memories of her younger days with her husband and children.",
    "genres" : [ {
      "id" : 18,
      "name" : "Drama"
    } ]
  }, {
    "id" : 365864,
    "title" : "FEM Aria",
    "overview" : "MICHAEL NINN PRESENTS THE SEXUAL DIMENSIONS OF FEM!Enter an intoxicating world of women arousing sexual fantasies with other women in exotic spaces. FEM is an erotic dreamworld of women on women, a visual meditation on hardcore feminine passion.",
    "genres" : [ ]
  }, {
    "id" : 365869,
    "title" : "La muerte en el desfiladero",
    "overview" : "Masked horseman avenges the deaths of family members and resolves questions about a contested inheritance. One of four in a series (\"Relampago\").",
    "genres" : [ ]
  }, {
    "id" : 365879,
    "title" : "FEM Diva",
    "overview" : "HARDCORE XXX ALL-GIRL ACTION!Inherent in the sensuality of a woman looms the lust for other women. FEM DIVA provides the forum for an exquisite release of these desires. Introducing the stunning Anais with full female compliment, a la Ninn.",
    "genres" : [ ]
  }, {
    "id" : 365889,
    "title" : "Sailor Moon - Un Nouveau Voyage",
    "overview" : "Sailor Moon: Un Nouveau Voyage is set to be the final performances for the casted 5 Sailor Senshi, as this follows the storyline of the Infinity Arc. It is also the Nakayoshi 60th Anniversary concert.  Performance Dates:  September 18-27, at the Tokyo AiiA 2.5 Theater  October 2-4, at the Senkei Hall Breeze Theater in Osaka",
    "genres" : [ ]
  }, {
    "id" : 365899,
    "title" : "She-Rex",
    "overview" : "Dan and Stan are sent to a lost island to rescue a wealthy pair of treasure hunters. The adventurers encounter a tribe of sexy jungle girls who worship a flesh-eating T-Rex.",
    "genres" : [ {
      "id" : 35,
      "name" : "Comedy"
    }, {
      "id" : 14,
      "name" : "Fantasy"
    } ]
  }, {
    "id" : 365904,
    "title" : "Miks Bumbullis",
    "overview" : "",
    "genres" : [ {
      "id" : 18,
      "name" : "Drama"
    } ]
  }, {
    "id" : 365909,
    "title" : "Everything Will Be Okay",
    "overview" : "A divorced father picks up his eight-year-old daughter Lea. It seems pretty much like every second weekend, but after a while Lea can't help feeling that something isn't right. So begins a fateful journey.",
    "genres" : [ {
      "id" : 53,
      "name" : "Thriller"
    }, {
      "id" : 18,
      "name" : "Drama"
    } ]
  }, {
    "id" : 365914,
    "title" : "Florence und der Zahnarzt",
    "overview" : "",
    "genres" : [ {
      "id" : 35,
      "name" : "Comedy"
    } ]
  }, {
    "id" : 365919,
    "title" : "El sistema Gorevisión: Cine z, micropolítica y rocanrol",
    "overview" : "",
    "genres" : [ {
      "id" : 99,
      "name" : "Documentary"
    } ]
  }, {
    "id" : 365924,
    "title" : "Eye Myth Educational",
    "overview" : "Abstract film.",
    "genres" : [ ]
  }, {
    "id" : 365934,
    "title" : "Isi Neraka",
    "overview" : "The film tells of the coming of Islam to the Malay Peninsula and the acceptance of local residents.",
    "genres" : [ {
      "id" : 18,
      "name" : "Drama"
    } ]
  }, {
    "id" : 365939,
    "title" : "Deep Listening: The Story Of Pauline Oliveros",
    "overview" : "Pauline Oliveros isn’t just one of the most influential 20th century composers , she’s literally changed the way many people hear and play music through the work of her Deep Listening Institute. Now she will be the subject of a new documentary from filmmaker Daniel Weintraub that will follow her career as well as examine the “deep listening concept”.",
    "genres" : [ {
      "id" : 99,
      "name" : "Documentary"
    } ]
  }, {
    "id" : 365944,
    "title" : "Fashionistas Safado: The Challenge",
    "overview" : "This sequel shot in high-definition in Berlin, Las Vegas and Los Angeles stars the most sexual girls in the adult business. Fashionistas Safado: The Challenge (a.k.a. Fashionistas 2) focuses on Antonio (Rocco) and Jesse (Belladonna) after they take command of the Fashionistas company. They receive a message from a mysterious man in Berlin who tests Antonio's loyalty to Jesse and challenges his sexual strength. Visually stunning and sexually amazing, featuring a 14-person orgy, and with a music score worthy of a mainstream release, Fashionistas 2 will be followed by Fashionistas Safado: Berlin.",
    "genres" : [ ]
  }, {
    "id" : 365949,
    "title" : "Terminal",
    "overview" : "The masterpiece of Shino Sakuragi, who won the 149th Naoki Prize for \"HOTEL ROYAL\" in 2013, is now a motion picture. A lawyer burdened with an inexpiable sin, and an accused woman who seals her past and keeps it a secret. In Kushiro, Hokkaido, the pair who chose a faraway town as the terminal station of their lives encounters and develops a moving drama by starting new lives. Koichi Sato enters new territory his performance, while Tsubasa Honda plays a serious character which creates a new image for herself. Machiko Ono, Shidou Nakamura, Shigeru Izumiya and other talented cast members join in the film.",
    "genres" : [ {
      "id" : 18,
      "name" : "Drama"
    } ]
  }, {
    "id" : 365954,
    "title" : "The Man-Eating Leopard of Rudraprayag",
    "overview" : "Set in Colonial India in 1925, the hunt for the most notorious man-eating leopard of all time.",
    "genres" : [ {
      "id" : 12,
      "name" : "Adventure"
    } ]
  }, {
    "id" : 365959,
    "title" : "Le skate moderne",
    "overview" : "Short by Antoine Besse",
    "genres" : [ ]
  }, {
    "id" : 365964,
    "title" : "88",
    "overview" : "",
    "genres" : [ {
      "id" : 27,
      "name" : "Horror"
    } ]
  }, {
    "id" : 365969,
    "title" : "Making Rounds",
    "overview" : "Life and death in a cardiac critical care unit. We follow two amazing doctors for a month as they make their rounds. Their approach to treating patients shows a path toward solving the healthcare crisis in the US.",
    "genres" : [ {
      "id" : 99,
      "name" : "Documentary"
    } ]
  }, {
    "id" : 365979,
    "title" : ".",
    "overview" : "",
    "genres" : [ ]
  }, {
    "id" : 365984,
    "title" : "Daddy's Home",
    "overview" : "With a young daughter, two baby mamas, and his own mama breathing down his neck, Ronald \"R.C.\" Carr has got more ladies in his life than he can handle! He's one hit song away from fame and fortune as a music producer, but he can't seem to find the rhythm that makes him a good, reliable father. Between his love interests scheming to get him to settle down and his unresolved issues with his own father, R.C. has got some growing up to do. It'll take finding the right harmony of love and forgiveness to be a real man and a true father.",
    "genres" : [ ]
  }, {
    "id" : 365989,
    "title" : "The Traveller",
    "overview" : "A journey of a boy to unknown.",
    "genres" : [ ]
  }, {
    "id" : 365994,
    "title" : "Samawah, year zero",
    "overview" : "A fusion of two Cinématons to celebrate the day of experimental cinema in Samawah, Iraq.",
    "genres" : [ ]
  }, {
    "id" : 365999,
    "title" : "Spore",
    "overview" : "Perry Spore's first mission to Earth goes horribly wrong.",
    "genres" : [ {
      "id" : 878,
      "name" : "Science Fiction"
    } ]
  }, {
    "id" : 366004,
    "title" : "The Magnificent 3",
    "overview" : "After getting into a brawl in a Discotech in Dominica, three strangers; a Japanese tourist (Yasuaki Kurata), a Chinese restaurant worker (Tony Poon) and an American (!) painter (Tadashi Yamashita)  find themselves thrown in jail together and left to rot there. Just when things seem their grimmest, the three are released, their bonds posted by an ex Army General. His intention is to put their supreme fighting skills to use against his family's black sheep, a powerful mafioso who employs top fighters from all over the world as protection.",
    "genres" : [ {
      "id" : 12,
      "name" : "Adventure"
    }, {
      "id" : 28,
      "name" : "Action"
    } ]
  }, {
    "id" : 366009,
    "title" : "Kings of the Road: The Story of the Portland Buckaroos",
    "overview" : "A history of the WHL's Portland Buckaroos hockey team.",
    "genres" : [ {
      "id" : 99,
      "name" : "Documentary"
    } ]
  }, {
    "id" : 366014,
    "title" : "Puscifer: at Coachella festival",
    "overview" : "Puscifer Live performance at Coachella festival",
    "genres" : [ {
      "id" : 99,
      "name" : "Documentary"
    } ]
  }, {
    "id" : 366019,
    "title" : "Fallen Stars",
    "overview" : "A poignant drama that chronicles the unexpected friendship that develops between Cooper, a melancholy bartender, who at thirty-six still isn't sure what he wants to do with his life, and Daisy, an extremely bright but socially awkward girl in her early twenties.",
    "genres" : [ {
      "id" : 35,
      "name" : "Comedy"
    } ]
  }, {
    "id" : 366024,
    "title" : "Les Vêpres siciliennes",
    "overview" : "The French have occupied Sicily, and Hélène is held hostage by Montfort, the French governor, who has had her brother executed. She turns to the partisan Jean Procida and the rebellious patriot Henri in her bid for vengeance.  Les Vêpres siciliennes is one of Verdi’s lesser-known mature operas, but was vital to his development as a composer. It was created for the Paris Opéra in 1855, providing Verdi with an opportunity to embrace the elaborate style and traditions of French grand opera.  First seen at the Royal Opera House in 2013, this staging of Verdi's rarely-performed opera Les Vêpres siciliennes – directed by Stefan Herheim and conducted by The Royal Opera’s Music Director, Verdi specialist Sir Antonio Pappano – went on to win the prestigious Olivier Award for Best New Opera Production.",
    "genres" : [ {
      "id" : 10402,
      "name" : "Music"
    } ]
  }, {
    "id" : 366029,
    "title" : "Louis de Funès ou le pouvoir de faire rire",
    "overview" : "",
    "genres" : [ {
      "id" : 99,
      "name" : "Documentary"
    } ]
  }, {
    "id" : 366034,
    "title" : "Hot Body Ink",
    "overview" : "These hot tattooed chicks are gonna turn your world upside down! They'll show you what a real woman can do. You will never be the same again!",
    "genres" : [ ]
  }, {
    "id" : 366044,
    "title" : "Human Failure",
    "overview" : "Using first-hand accounts, award-winning filmmaker Michael Verhoeven goes on a search to unearth evidence documenting one of the greatest robberies in human history.",
    "genres" : [ {
      "id" : 99,
      "name" : "Documentary"
    } ]
  }, {
    "id" : 366049,
    "title" : "Fashion Tension",
    "overview" : "A small village on an island called Bura, is looking for the 100th citizen so that the village may become a town. The head of the village will do anything to get what he wants...",
    "genres" : [ {
      "id" : 35,
      "name" : "Comedy"
    } ]
  }, {
    "id" : 366059,
    "title" : "Antariksha",
    "overview" : "This is a story about a landlord in a local rural Bengal. He is very stubborn, egoist, commanding person. Every steps of his move has logical conclusions, with reasons and vision. He doesn't want to commit himself for any cause.  But Jayanta doesn't always agree with landlord's decisions. He is very honest, sincere and whimsical person who doesn't know how to plan a work. He likes a girl from his early days and always wants to marry that girl. So he conveys his wish to the father of that girl. After a small hesitation, the landlord also agrees with his wife and nods for the approval. But after the marriage takes place, a long time mystery breaks out. As a result Jayanta has to suffer, but at last the landlord rescues him.",
    "genres" : [ ]
  }, {
    "id" : 366069,
    "title" : "Il vento e le rose",
    "overview" : "",
    "genres" : [ ]
  }, {
    "id" : 366074,
    "title" : "Get The Dance - Swing",
    "overview" : "",
    "genres" : [ ]
  }, {
    "id" : 366079,
    "title" : "Get The Dance - Discofox 3",
    "overview" : "",
    "genres" : [ ]
  }, {
    "id" : 366084,
    "title" : "Ghosting",
    "overview" : "A paranormal investigator gets more than she bargained for on a routine call.",
    "genres" : [ {
      "id" : 53,
      "name" : "Thriller"
    }, {
      "id" : 27,
      "name" : "Horror"
    } ]
  }, {
    "id" : 366089,
    "title" : "Belas Bundas Brasileiras 2012",
    "overview" : "Fine Butt Brazilian porn film in 2012 with the most beautiful and hottest asses the Brasileirinhas. The pornstars Julia Paes, Bruna Ferraz, Natalia Lemos, Yumi Saito, Luanda Boaz, Rafaela Soares and Suzana Alves getting tasty and doing very anal sex. Luanda Boaz and Mark Oliver fucking tasty in the bush, very horny and joy in the mouth. Natalia Lemos is naughty and does everything behind closed doors, gives the ass and suck the mood very well. Bruna Ferraz puts his hot ass to work and give the pro borracheiro tail. Yumi Saito more delicious than ever having sex on the beach, japa is four in the sand to give the ass. The muse Julia Paes even more irresistible, the brunette giving his ass and moaning softly all the time. These and many other cats generally releasing the film Fine Butt Brazilian 2012.",
    "genres" : [ ]
  }, {
    "id" : 366094,
    "title" : "You Get It, Man",
    "overview" : "Our hero is Glista - a young Zagreb punk whose (sub)urban adventures depict his world and philosophy.",
    "genres" : [ {
      "id" : 35,
      "name" : "Comedy"
    } ]
  }, {
    "id" : 366099,
    "title" : "One Under the Sun",
    "overview" : "Astronaut Kathryn Voss, sole survivor of a disastrous space shuttle mission, is a distraught mother desperate to reunite with her terminally ill daughter but becomes a wanted fugitive after discovering she possesses an extraordinary gift.",
    "genres" : [ {
      "id" : 878,
      "name" : "Science Fiction"
    } ]
  }, {
    "id" : 366104,
    "title" : "A Decent Man",
    "overview" : "Eddie is suffering from no longer living with Karine and their son Noam. One night walking home drunk, he gets mugged and badly injured. Suddenly, Eddie becomes a hero to his son and the victim of a vicious crime to his wife. He is asked to move back home, and is offered a new job.\r But when Ahmed, the perfect scapegoat for the attack, is charged, the gravitas of his accusation sucks Eddie into an infernal spiral of self-doubt and lies, marking the start of a dangerous freefall.",
    "genres" : [ {
      "id" : 18,
      "name" : "Drama"
    } ]
  }, {
    "id" : 366109,
    "title" : "The Good Companions",
    "overview" : "Jess Oakroyd, discontented with his home, his work and his football team, tears up his Insurance Card and disappears into the night. He intends to go to Nuneaton, but instead finds himself on the ragged edges of show business. We share with him the trials and tribulations of the Good Companions as they tour seaside towns, industrial cities and rural backwaters in their search for success and stardom.",
    "genres" : [ ]
  }, {
    "id" : 366114,
    "title" : "Marsupilami",
    "overview" : "",
    "genres" : [ ]
  }, {
    "id" : 366124,
    "title" : "The Bombshells 4",
    "overview" : "Award winning director, William H., continues his exciting new series, \"The Bombshells,\" with a fourth volume, featuring 5 of the most beautiful and insatiable performers currently in porn. Starring the beautiful Anikka Albrite, alongside Mischa Brooks, Lia Lor, Maddy Oreilly, Sharon Lee.",
    "genres" : [ ]
  }, {
    "id" : 366129,
    "title" : "In the Dark",
    "overview" : "In a post-apocalyptic world overrun by a deadly virus, three friends must decide how to spend their last night together after one of them is infected.",
    "genres" : [ {
      "id" : 27,
      "name" : "Horror"
    } ]
  }, {
    "id" : 366134,
    "title" : "Angie + Zahra",
    "overview" : "Angie and Zahra are BFFL's - Best Friends For Life. Even if life is happening during a zombie apocalypse.",
    "genres" : [ {
      "id" : 27,
      "name" : "Horror"
    } ]
  }, {
    "id" : 366139,
    "title" : "Som Min Søster",
    "overview" : "Short novell movie",
    "genres" : [ ]
  }, {
    "id" : 366144,
    "title" : "Regarding Soon",
    "overview" : "A behind the scenes look, including an interview with Hal Hartley, surrounding his play \"Soon,\" a production inspired by the 1993 events in Waco, Texas involving the religious sect called the Branch Davidians and their collision with the US Federal Government.",
    "genres" : [ {
      "id" : 99,
      "name" : "Documentary"
    } ]
  }, {
    "id" : 366154,
    "title" : "Mercedes",
    "overview" : "Mercedes is a woman who has 212 years. She is also an unusual biological phenomenon in the human race, the only living witness of the entire history of Argentina.",
    "genres" : [ {
      "id" : 14,
      "name" : "Fantasy"
    }, {
      "id" : 35,
      "name" : "Comedy"
    } ]
  }, {
    "id" : 366159,
    "title" : "Mansion of Blood",
    "overview" : "Millionaire Mason Murphy renovates the haunted Mayhew mansion. He plans a tremendous lunar eclipse viewing party to celebrate his return to his hometown of River Ridge Iowa. At the party, magic runs out of control and the party guests are murdered one by one.",
    "genres" : [ ]
  }, {
    "id" : 366164,
    "title" : "Quietos todos",
    "overview" : "Gambler faces comical mishaps trying to pay off a poker debt.",
    "genres" : [ ]
  }, {
    "id" : 366169,
    "title" : "Karz: The Burden of Truth",
    "overview" : "Suraj is the adopted son of a wealthy hotel owner who is haunted by memories of his birth mother's rejection.  He befriends Raja not knowing that he is in fact his younger brother and even gives up his love Sapna to Raja.  Through Raja he is reunited with his birth mother and it is revealed that she was raped by a criminal who fathered Suraj.  After many fights, flying bodies, car chases, and broken glass, Suraj eventually exacts revenge on his birth father and dies happily in his mother's arms.",
    "genres" : [ ]
  }, {
    "id" : 366174,
    "title" : "Die letzten Zöglinge",
    "overview" : "",
    "genres" : [ {
      "id" : 99,
      "name" : "Documentary"
    } ]
  }, {
    "id" : 366179,
    "title" : "The Blue Beads from Greece",
    "overview" : "A feud develops between a taverna with bouzoukia and a club next door that plays modern music.",
    "genres" : [ {
      "id" : 10402,
      "name" : "Music"
    }, {
      "id" : 35,
      "name" : "Comedy"
    } ]
  }, {
    "id" : 366184,
    "title" : "Der nächste, bitte",
    "overview" : "",
    "genres" : [ {
      "id" : 35,
      "name" : "Comedy"
    } ]
  }, {
    "id" : 366189,
    "title" : "Man(n) sucht Frau",
    "overview" : "A comedy directed by Vivian Naefe.",
    "genres" : [ {
      "id" : 35,
      "name" : "Comedy"
    } ]
  }, {
    "id" : 366194,
    "title" : "Ornament and Crime",
    "overview" : "I am the double of the shadow of my own image. An allegory that occupies my place. This is my act of contrition. Beyond good and evil, I stand as an equation: Its result cannot be manipulated By morals or ethics. In mathematics there is no place for beliefs Just as life and death Are a certain fate.",
    "genres" : [ {
      "id" : 18,
      "name" : "Drama"
    }, {
      "id" : 80,
      "name" : "Crime"
    } ]
  }, {
    "id" : 366199,
    "title" : "Hnev",
    "overview" : "A drama directed by Zbynek Brynych.",
    "genres" : [ {
      "id" : 18,
      "name" : "Drama"
    } ]
  }, {
    "id" : 366204,
    "title" : "Pica-Pica 01 El patio de mi casa",
    "overview" : "",
    "genres" : [ ]
  }, {
    "id" : 366209,
    "title" : "Remission",
    "overview" : "Two young men and a boy roam the overgrown English countryside, seeking to escape a deadly virus. The two men are forced to take a horrific decision after the boy's behaviour puts them in increasing danger - but is it too late to cheat death? 'Remission' is a brooding fable exploring the paradoxes of sexuality and survival.",
    "genres" : [ {
      "id" : 18,
      "name" : "Drama"
    }, {
      "id" : 27,
      "name" : "Horror"
    } ]
  }, {
    "id" : 366214,
    "title" : "Boys Village",
    "overview" : "The Boys' Village was once a village-style holiday camp located in West Aberthaw, on the south coast of Wales.  Built in the 1920s as  a holiday home for Welsh coalminers' sons, boasting a pool, sports yards and even a chapel of its own. Not much remains of its former glory, though. Shattered glass and debris are all over the place; graffiti on the walls. There are countless trap falls and opportunities for injury. A parent's nightmare, it can be heaven on earth for a certain kind of child. It more or less is for Kevin. He has been eleven years old for quite some time now. Has it been years or decades?",
    "genres" : [ {
      "id" : 18,
      "name" : "Drama"
    }, {
      "id" : 14,
      "name" : "Fantasy"
    }, {
      "id" : 27,
      "name" : "Horror"
    } ]
  }, {
    "id" : 366219,
    "title" : "Want It",
    "overview" : "An intruder breaks into a modern and luxurious home. He wants it. As he samples the lifestyle his senses are heightened. When the owner of the house returns unexpectedly, the tables are turned, and the intruder finds himself naked and powerless. A film about passion, longing and desire in all its forms.",
    "genres" : [ {
      "id" : 18,
      "name" : "Drama"
    } ]
  }, {
    "id" : 366224,
    "title" : "Lego Star Wars: The Yoda Chronicles - Menace of the Sith",
    "overview" : "Darth Sidious shows off the new Sith clone JEK who is an extremely powerful weapon. But JEK wants to be his own master and suddenly, both the Jedi and the Sith try to win him over. It now remains to be seen which side he chooses.",
    "genres" : [ {
      "id" : 28,
      "name" : "Action"
    }, {
      "id" : 12,
      "name" : "Adventure"
    }, {
      "id" : 16,
      "name" : "Animation"
    }, {
      "id" : 878,
      "name" : "Science Fiction"
    } ]
  }, {
    "id" : 366229,
    "title" : "Parsifal",
    "overview" : "A fantasy film about the knight Parsifal, who has to protect the Holy Grail from wizards.",
    "genres" : [ ]
  }, {
    "id" : 366234,
    "title" : "To Love Again",
    "overview" : "Forced by her father to marry a man she does not love in order to save him from financial ruin, Raffy runs away. Left with no choice but to fend for her own self, she takes on a secretarial job in a mining company. There she meets Bullet, an adventurous young man who, like her, has left home in order to save himself from a loveless arranged marriage. Together, Raffy and Bullet go through life. Coping up with it's ups and downs, learning about forgiveness, and discovering love in the process. - Tommy Palces",
    "genres" : [ {
      "id" : 10749,
      "name" : "Romance"
    }, {
      "id" : 18,
      "name" : "Drama"
    } ]
  }, {
    "id" : 366239,
    "title" : "Als die Igel größer wurden",
    "overview" : "",
    "genres" : [ ]
  }, {
    "id" : 366244,
    "title" : "La recta provincia",
    "overview" : "This was a man. He lived with his mother. He cared a manor house in the countryside of Chile. One day the man found a bone in the garden. The bone was bored. That was a bone flute. The man with the flute music play. And music song became. The voice of the song begging to seek the other bones of his scattered body. The man and his mother were in those ways of God and hell, looking for the bones that make up the skeleton of that Christian. And give him a Christian burial. And they saw what they saw, they lived what they lived. Many stories lived. And although they did not tell anyone, others told them. tt1213871",
    "genres" : [ {
      "id" : 18,
      "name" : "Drama"
    } ]
  }, {
    "id" : 366249,
    "title" : "Lapland Odyssey 2",
    "overview" : "It’s been three years since we last met Janne and Inari. Since then, they’ve had a daughter named Lumi. Janne and his friends experience a new adventure, this time on an autumn night. The boys go to a party but end up chasing Lumi who has disappeared. Meanwhile, Inari enjoys a girls-night-out and has an adventure of her own.",
    "genres" : [ {
      "id" : 35,
      "name" : "Comedy"
    } ]
  }, {
    "id" : 366254,
    "title" : "Hadwin's Judgement",
    "overview" : "A logging engineer, a centuries old tree, and the decision that questions both business and personal values.",
    "genres" : [ {
      "id" : 99,
      "name" : "Documentary"
    } ]
  }, {
    "id" : 366264,
    "title" : "American Nitro",
    "overview" : "Drag racing documentary. See the stars of funny car racing with their crews and hang arounds. An absolute must see if you're into drag racing.",
    "genres" : [ {
      "id" : 99,
      "name" : "Documentary"
    } ]
  }, {
    "id" : 366269,
    "title" : "Satan Lives",
    "overview" : "From Texas to the Vatican, Satan Lives meets with Satanists, exorcists, cult icons - believers and non-believers alike - to ask why in the age of reason the Devil remains so powerful and seductive.",
    "genres" : [ {
      "id" : 99,
      "name" : "Documentary"
    } ]
  }, {
    "id" : 366274,
    "title" : "Los amigos Maravilla en el mundo de la aventura",
    "overview" : "Little cowboy-fella, believed to be an orphan, helps his sheriff buddy to stamp out crime. Second of two in series.",
    "genres" : [ ]
  }, {
    "id" : 366279,
    "title" : "Cuties 4",
    "overview" : "Award winning director, Sam No, returns with five adorable and slutty girls starring in \"Cuties 4,\" the perfect series for fans of that \"Girl Next Door\" look. Featuring a collection of burgeoning industry starlets: Mia Malkova, Britney Young, Stacey Silverstone, Penny Pax, alongside cover girl, Capri Anderson. Do not miss.",
    "genres" : [ ]
  }, {
    "id" : 366284,
    "title" : "Cuties 8",
    "overview" : "Come watch some of the cutiest innocent looking teens fuck their brains out and enjoy every inch of cock that spreads apart their soggy cunts. These young beauties give off the impression they are too innocent for such deviant acts but in fact they are as slutty as they cum!! This just goes to show every woman is a slut deep down!!",
    "genres" : [ ]
  }, {
    "id" : 366289,
    "title" : "Lush 4",
    "overview" : "Lush 4, focus`s on naturalism and capturing performers sharing themselves with authenticity and passion. There are no rules, and no expectations. Just real emotions as two beautiful girls bring each other to orgasm. Club 59 stands for real sex with girls who love girls. Lush 4 is the epitome of sensual, sexual, and orgasmic girl/girl sex. Enjoy Jessie Andrews with Riley Reid, Maddy O`reilly with Sovereign Syre, Ashley Fires with Sarah Shevon, and Dana DeArmond with Kimberly Kane",
    "genres" : [ ]
  }, {
    "id" : 366294,
    "title" : "The Neighborhood",
    "overview" : "Martin Scorsese takes his youngest daughter to visit the New York City neighborhood he grew up in, showing how he incorporated the place, its people and its history in his films.",
    "genres" : [ ]
  }, {
    "id" : 366299,
    "title" : "2015 DTS Blu-Ray Demo Disc Vol.19",
    "overview" : "Offerer: DTS Entertainment Produced: 2015 Running Time: 66min. Format: 1080/24p Video Codec: AVC-MVC Type: BD-25 Size: 20.5GB Region Code: A,B,C Packing: Paper Sleeve",
    "genres" : [ ]
  }, {
    "id" : 366304,
    "title" : "Sumpah Wanita",
    "overview" : "Tells the story of a wife who betrayed the oath lively as dead even God has granted him half of his husband life but she still defying and cheating",
    "genres" : [ {
      "id" : 18,
      "name" : "Drama"
    } ]
  }, {
    "id" : 366309,
    "title" : "Matemática Zero, Amor Dez",
    "overview" : "",
    "genres" : [ {
      "id" : 10749,
      "name" : "Romance"
    }, {
      "id" : 35,
      "name" : "Comedy"
    } ]
  }, {
    "id" : 366314,
    "title" : "Corazón solitario",
    "overview" : "",
    "genres" : [ ]
  }, {
    "id" : 366319,
    "title" : "Night of the Slasher",
    "overview" : "A teenage girl must commit horror movie sins such as drink alcohol, do drugs, and have sex to lure a killer and finish him off.",
    "genres" : [ {
      "id" : 27,
      "name" : "Horror"
    }, {
      "id" : 53,
      "name" : "Thriller"
    } ]
  }, {
    "id" : 366324,
    "title" : "Burning Bodhi",
    "overview" : "Lifelong friends stumble back home after high school when word goes out on Facebook that the most popular among them has died. Old girlfriends, boyfriends, new lovers, parents, your first dead friend - how do people deal? The reunion stirs up sticky feelings of love, longing and regret, and the novelty of forgiveness, mortality and gratitude.",
    "genres" : [ {
      "id" : 18,
      "name" : "Drama"
    } ]
  }, {
    "id" : 366329,
    "title" : "Crasher Two! R/C Bloopers Tape",
    "overview" : "43 minutes of modeling mayhem.",
    "genres" : [ ]
  }, {
    "id" : 366334,
    "title" : "V Festival England 2009 Girls",
    "overview" : "O V Festival foi realizado no Reino Unido nos dias 22 e 23 de Agosto de 2009. Além do rock, uma grande variedade de gêneros musicais ganhou espaço no Festival nos últimos anos. Exemplo disso foi a participação da cantora Taylor Swift, que neste mesmo ano vendeu dez milhões de cópias com seu estilo musical pop-country. Além dela, estiveram presentes Katy Perry, Lily Allen e The Ting Tings com o gênero pop-rock e, Lady Gaga que animou o público ao som de seus hits “Paparazzi” e “Poker Face”.",
    "genres" : [ ]
  } ]
}