{
  "movies" : [ {
    "id" : 161064,
    "title" : "Filmistaan",
    "overview" : "Sunny is struggling to make a living in the Bollywood industry. He takes a job as assistant director (the operative word being assistant) for an American documentary filmmaking team, but during filming in the Indian Rajasthan province he is kidnapped by Pakistani terrorists – and detained in a small village in Pakistan. The situation is delicate, but the villagers share Sunny's passion for Bollywood film, and little by little the hostage and the guardians come to understand each other. Eventually, Sunny lays a plan to escape with the help of the villagers.",
    "genres" : [ ]
  }, {
    "id" : 161074,
    "title" : "Rue Mandar",
    "overview" : "When their beloved Polish immigrant mother passes away, the sisters Emma (Kiberlain) and Rosemonde (Devos), and their brother, Charles (Berry), are obliged to deal with the personal and physical aftereffects, which include the cozy, old fashioned flat where she lived on the movie’s titular street (located in the heart of Paris’ chic 2nd arrondissement).",
    "genres" : [ {
      "id" : 35,
      "name" : "Comedy"
    } ]
  }, {
    "id" : 161094,
    "title" : "Hoop Reality",
    "overview" : "Hoop Reality is the sequel to the 1995 documentary \"Hoop Dreams\" and explores what happened during the last decade from where \"Hoop Dreams\" left off. It follows the original basketball hero past his dream and into reality, examining where life has carried him over the decade, and taking a look at where he is today, as the torch gets passed to the next dream seeker. Along the way he mentors and inspires the up-and-coming basketball star, Patrick Beverly, who leads his team, the Marshal Commandos, for the first time since the original \"Hoop Dreams\", to the State Finals.",
    "genres" : [ ]
  }, {
    "id" : 161104,
    "title" : "3 Nuts in Search of a Bolt",
    "overview" : "An out of work Method actor is hired by a male model, an ecdysiast, and a car salesman who live together to save money. They want the actor to listen to their problems and go see a psychiatrist so they can get counseling for cheap. The psychiatrist is intrigued by the split personalities indicated by the three separate sets of problems presented by the actor, and soon producers are climbing out of the woodwork trying to buy the rights to the film, while the actor is having trouble keeping his act together.",
    "genres" : [ {
      "id" : 35,
      "name" : "Comedy"
    } ]
  }, {
    "id" : 161109,
    "title" : "Date Bait",
    "overview" : "A Troubled young man, Brad, returns home after six months rehab. On his first night he starts a fight in dance club with a man named Logan because he was dancing with Sue, a girl whom Brad is in love with. Brad's older brother ends the fight just to beat Logan up later himself. Although Sue's strict father is strongly against her relationship with Logan, they secretly get married in Las Vegas. Soon Brad's love turns to obsession and at the same time he falls back into using drugs. Sue's father takes matters into his own hands.",
    "genres" : [ {
      "id" : 18,
      "name" : "Drama"
    } ]
  }, {
    "id" : 161114,
    "title" : "Il conquistatore di Atlantide",
    "overview" : "Curious noises in the Arabian desert signal an attack by bizarre phantom-like raiders of gold who are in search of their Queen. A relocated Hercules (KIRK MORRIS of The Witch's Curse) arrives on the scene and sets off to find a kidnapped Nomad princess. He follows her abductors past the Mountain of the Dead, through the City of the Phantoms, to a mysterious castle which turn out to be Atlantis. As if all this wasn't strange enough, Hercules will encounter gold-painted, blue body stocking-wearing, reanimated dead guys; female guards (who are killed if they taste the love of a man); a dying evil queen and her Ming the Merciless wanna-be sorcerer-scientist; and a torturous climax.",
    "genres" : [ {
      "id" : 28,
      "name" : "Action"
    }, {
      "id" : 12,
      "name" : "Adventure"
    }, {
      "id" : 14,
      "name" : "Fantasy"
    } ]
  }, {
    "id" : 161119,
    "title" : "Survival Earth",
    "overview" : "In this Canadian rendering of a potential \"apocalypse then\", in 1990, after the collapse of modern civilization (due to atomic \"accidents\" and the \"failure\" of the world's economy), a young couple tries to carry on a quiet life in an uncivilized world. They are joined by a wandering soldier-of-fortune, who helps them survive the repeated attacks of mutant packs of human scavengers that have begun to evolve (mysteriously) back into animals. Mister soldier also eats their dog at one point. But an even darker threat comes from a lone figure, shadowing them wherever they go...",
    "genres" : [ {
      "id" : 27,
      "name" : "Horror"
    }, {
      "id" : 18,
      "name" : "Drama"
    }, {
      "id" : 28,
      "name" : "Action"
    }, {
      "id" : 878,
      "name" : "Science Fiction"
    } ]
  }, {
    "id" : 161124,
    "title" : "Patience",
    "overview" : "In a world gone mad with languid ladies and affected gentlemen, the lovesick maidens of Castle Bunthorne forsake their handsome soldier suitors to pursue poet aesthete - and fake - Reginald Bunthorne. But he loves the village milkmaid, Patience, who doesn't like poetry or understand love. When Patience finally learns what love is, it's Reginald's rival she falls for.",
    "genres" : [ {
      "id" : 10402,
      "name" : "Music"
    } ]
  }, {
    "id" : 161129,
    "title" : "Niagara Strip",
    "overview" : "A heroin-smuggling procedural set in a tiny town where everyone knows everyone else.",
    "genres" : [ ]
  }, {
    "id" : 161134,
    "title" : "Marked for Death",
    "overview" : "A businessman witnesses a gangland hit from his subway window",
    "genres" : [ ]
  }, {
    "id" : 161139,
    "title" : "The Hijacking of Studio 4",
    "overview" : "A television station is held hostage as a distraught father tries to bargain with a Carribean government for the release of his imprisoned daughter",
    "genres" : [ ]
  }, {
    "id" : 161154,
    "title" : "Help Wanted Female",
    "overview" : "Two kinky female roommates have odd habits. One is a hooker who beats up and robs her customers after she has sex with them. The other one takes money from men to perform stripteases for them at her place. One day she and a customer, Mr. Gregory, drop some LSD together and he begins to tell her a story that makes the girls realize this time they may have more on their hands than they bargained for.",
    "genres" : [ {
      "id" : 18,
      "name" : "Drama"
    } ]
  }, {
    "id" : 161159,
    "title" : "Teen Sorcery",
    "overview" : "Dawn (A.J. Cook), the new girl in school, discovers that her classmate Mercedes (Lexa Doig) is actually a witch and must do everything she can to stop her from using her powers for evil.  She is soon plunged into a life and death battle against an evil spirit, a sleeping spell and an angry dragon..",
    "genres" : [ {
      "id" : 35,
      "name" : "Comedy"
    }, {
      "id" : 14,
      "name" : "Fantasy"
    }, {
      "id" : 10751,
      "name" : "Family"
    } ]
  }, {
    "id" : 161179,
    "title" : "Shakti: The Power",
    "overview" : "A couple visits the husband's family in India and finds itself in the middle of a fratricidal battle.",
    "genres" : [ {
      "id" : 28,
      "name" : "Action"
    }, {
      "id" : 18,
      "name" : "Drama"
    } ]
  }, {
    "id" : 161189,
    "title" : "Alvin and the Chipmunks: A Chipmunk Valentine",
    "overview" : "In this musical adventure, Alvin develops an alter ego after Brittany rejects his offer to the Valentine Ball. In a dream state, he becomes a dashing Don Juan, the Valentine heartbreaker extraordinaire CAPTAIN CHIPMUNK. Brittany is quickly won over and eagerly accepts his offer to the Valentine Ball. Hilarious consequences follow when Alvin wakes up at the dance and realizes he’s not the dashing debonair Captain Chipmunk.",
    "genres" : [ {
      "id" : 10751,
      "name" : "Family"
    } ]
  }, {
    "id" : 161209,
    "title" : "Pornstar Pets",
    "overview" : "Pornstar Pets is a feature length documentary that dissects Adult Entertainment. We explore the lives of 22 Adult Stars through their interaction with various family pets",
    "genres" : [ ]
  }, {
    "id" : 161214,
    "title" : "Phir Milenge",
    "overview" : "Tamanna Sahni (Shilpa Shetty) is a dedicated staff member of a top advertising agency, her ideas and designs have mainly contributed to the success of the agency. She leaves for a college reunion and meets her college sweetheart Rohit (Salman Khan). They rekindle their love for each other and share some intimate moments together. Eventually Rohit leaves and Tamanna settles back into her normal daily routine. When her sister, Tanya, has an accident she decides to give her own blood to save her. However her doctor, Dr. Raisingh (Revathi), tells her that she has been tested positive for HIV. Tamanna's world turns upside down and she desperately tries to get into contact with Rohit but in vain. Her situation is soon spread around the office and she loses her job. Angered by her unfair dismissal she searches for a lawyer to fight her case. Eventually Tarun Anand (Abhishek Bachchan) agrees to represent her...",
    "genres" : [ ]
  }, {
    "id" : 161219,
    "title" : "Kahin Pyaar Na Ho Jaaye",
    "overview" : "Prem Kapoor, an aspiring popstar, lives with his elder sister, Neelu, and brother-in-law, Vinod. Prem is in love with Nisha and both hope to marry soon...",
    "genres" : [ {
      "id" : 10749,
      "name" : "Romance"
    }, {
      "id" : 10751,
      "name" : "Family"
    }, {
      "id" : 35,
      "name" : "Comedy"
    } ]
  }, {
    "id" : 161224,
    "title" : "Rolfs Liederkalender",
    "overview" : "",
    "genres" : [ ]
  }, {
    "id" : 161229,
    "title" : "Bandhan",
    "overview" : "Pooja comes from a very poor family consists of her mom, dad Ramlal and brother, Raju. She meets the wealthy, Thakur Suraj Pratap and both is in love and get married with the blessings of her family and relocates to the Thakur parental mansion with Raju, Pooja finds that she is unable to conceive, Raju falls in love with the Thakur's sister, Jyoti and is all set to make her his bride, to which Thakur agree but tragedy strikes when the Thakur meets Vaishali, whom he wants to make his bride and no body dears go against his decision, all including Pooja. When Raju hears of this he solely protests but is silence by the Thakur, publicly humiliated and shunned by each family member including Jyoti. Now his dream of marrying Jyoti will never come through and he must not dear go against the Thakur words because he might be responsible for his own sister ruin.",
    "genres" : [ ]
  }, {
    "id" : 161239,
    "title" : "Celluloid Horror",
    "overview" : "Celluloid Horror explores Kier-La Janisse's tireless crusade to bring obscure cult horror film to the masses through her independently run international film festival.",
    "genres" : [ {
      "id" : 99,
      "name" : "Documentary"
    } ]
  }, {
    "id" : 161244,
    "title" : "Desmundo",
    "overview" : "The story of Orisbela, a young and religious woman who comes from Portugal to Brazil to marry Francisco de Albuquerque, a rude sugar-cane plantation owner, in 1570.",
    "genres" : [ {
      "id" : 18,
      "name" : "Drama"
    }, {
      "id" : 10749,
      "name" : "Romance"
    } ]
  }, {
    "id" : 161249,
    "title" : "Et Dieu... créa Lafesse",
    "overview" : "",
    "genres" : [ ]
  }, {
    "id" : 161259,
    "title" : "Corazón marchito",
    "overview" : "\"Withered heart\" is a simple story with complex characters, love and hate, friendship and shared loneliness, and disagreements. Where the characters face themselves and their daily circumstances, sometimes comical, droll, sometimes a little dramatic. They seek not knowing what they want, or not knowing what they will find. And when you find ... Is it worth risking a wonderful lifelong friendship, a relationship that ... knowing both, might not work?",
    "genres" : [ ]
  }, {
    "id" : 161289,
    "title" : "A.A.A. Achille",
    "overview" : "",
    "genres" : [ {
      "id" : 35,
      "name" : "Comedy"
    } ]
  }, {
    "id" : 161299,
    "title" : "The Hired Gun",
    "overview" : "Fabio Testi is an undercover cop doubling as the bodyguard (hence, “Gorilla”) of a cantankerous middle-aged industrialist targeted for extortion.",
    "genres" : [ ]
  }, {
    "id" : 161324,
    "title" : "Hex",
    "overview" : "Set in rural Nebraska following the First World War, six veterans on motorcycles ride into the sleepy little town of Bingo. The locals are friendly until one of the vets beats a local kid in a drag race, after which the six are driven out of town. After coming upon a small farm, the fugitives are allowed to hide out by the two sisters who run the place. Things go smoothly until one of the vets, after smoking the locoweed growing nearby, tries to rape one of the hosts. Being part Native American, her sister decides to get revenge by casting a hex that steadily does in each of the unwelcome guests.",
    "genres" : [ {
      "id" : 27,
      "name" : "Horror"
    }, {
      "id" : 18,
      "name" : "Drama"
    } ]
  }, {
    "id" : 161334,
    "title" : "Ömer the Tourist in Star Trek",
    "overview" : "The Enterprise picks up a Turkish hobo.",
    "genres" : [ {
      "id" : 35,
      "name" : "Comedy"
    }, {
      "id" : 878,
      "name" : "Science Fiction"
    } ]
  }, {
    "id" : 161349,
    "title" : "Chinese Dragon",
    "overview" : "A mob henchman finds himself double-crossed by his employers.",
    "genres" : [ ]
  }, {
    "id" : 161354,
    "title" : "Cerca de las estrellas",
    "overview" : "Based on the eponymous play Ricardo López Aranda. It narrates the life of the components of a large family for a whole day, with their problems and illusions.",
    "genres" : [ {
      "id" : 18,
      "name" : "Drama"
    } ]
  }, {
    "id" : 161359,
    "title" : "Lyrical Nitrate",
    "overview" : "Compilation of film clips from 1905-1915, found footage of silent movies and documentaries from the Jean Desmet Archive of the Netherlands Film Museum. Jean Desmet was one of the first Dutch film distributors. Lyrisch nitraat is a tribute to the craftsmanship of early filmmakers, but also shows the brittleness of old nitrate films. Composed as an opera about love and death, set to music by Bizet, Masek and Puccini. (filmcommission.nl)",
    "genres" : [ {
      "id" : 99,
      "name" : "Documentary"
    } ]
  }, {
    "id" : 161364,
    "title" : "Stronghold",
    "overview" : "In 1850s Mexico, the beautiful owner of a silver mine is kidnapped by a bandit leader, who needs money to finance his revolt against the Emperor Maximilian.",
    "genres" : [ ]
  }, {
    "id" : 161374,
    "title" : "Tarantulas: The Deadly Cargo",
    "overview" : "An airplane carring coffee beans from South America has some unpleasant stowaways: a hoard of tarantulas which overcome the pilots as the airplane is flying over an orange-producing town in California. The airplane crashes, and the unlucky inhabitants of the town release the poisonous spiders into their midst. Once the town's officials discover that the tarantulas are responsible for several deaths, the tarantulas have already descended upon the town's only orange-processing factory. The town's citizens risk their lives to remove the tarantulas from the factory while the poisonous pests are rendered motionless by the transmitted sound of buzzing bees",
    "genres" : [ {
      "id" : 12,
      "name" : "Adventure"
    }, {
      "id" : 53,
      "name" : "Thriller"
    } ]
  }, {
    "id" : 161384,
    "title" : "Geert Hoste: Hard",
    "overview" : "",
    "genres" : [ ]
  }, {
    "id" : 161389,
    "title" : "Truhanes",
    "overview" : "",
    "genres" : [ ]
  }, {
    "id" : 161394,
    "title" : "Three The Hard Way",
    "overview" : "Including an all new scene from C1R exclusive Johnny Hazzard, this movie features some of the hottest three-ways ever captured on camera by Channel 1 Releasing. Two is always better than one… but nothing beats three!",
    "genres" : [ ]
  }, {
    "id" : 161399,
    "title" : "Geert Hoste: Dwars",
    "overview" : "",
    "genres" : [ ]
  }, {
    "id" : 161404,
    "title" : "Jaagruti",
    "overview" : "Vishal is a honest and diligent customs officer. He makes it known that he has never nor will ever accept any bribe. This does not auger well with various underworld dons, and even a member of parliament from the ruling party of India. One day Vishal is abducted and brutally killed in the presence of his younger brother, Jugnu. Jugnu himself is missing, and believed dead. Honest and diligent Gandhian Raghunath is outraged by this, and complains to the Chief Minister, Omiji. When Omiji attempts to inquire into this, his son is framed for selling tainted glucose in hospitals, which results in several deaths. Powerless to act, Omiji hesitates, and as a result Raghunath is killed. And then Jugnu returns, and now he must avenge his brother's death, but he is alone, and has an uphill task.",
    "genres" : [ ]
  }, {
    "id" : 161409,
    "title" : "Au Pair",
    "overview" : "Au Pair follows three young Filipino women, Roselie, Mate and Theresa, who work in Denmark in order to earn money for their families. Life is a continuous struggle with uncertain employment contracts, visas that are about to expire, homesickness and prejudice towards foreigners.",
    "genres" : [ ]
  }, {
    "id" : 161414,
    "title" : "Kusum",
    "overview" : "In India there are many ways to cure diseases. When an ordinary girl of 14, called Kusum, refuses to eat and speak and starts to have tantrums, traditional methods are put to use: exorcising spirits. Spirits are thought to be the cause of the weird disease which western medicine can’t cure. Foreman Bhagat is leading the procedures with his recipes.",
    "genres" : [ ]
  }, {
    "id" : 161424,
    "title" : "...More Than 1000 Words",
    "overview" : "In \"More Than 1000 Words\" director Solo Avital followed Ziv over a two-year period, shooting in the heart of riots, terror attack scenes, secret meetings with wanted militants, all the way to Israel's pullout from Gaza.",
    "genres" : [ ]
  }, {
    "id" : 161434,
    "title" : "Mr. Bond",
    "overview" : "Mr. Bond feature refers to one of India's greatest detectives--a man who has brought many of the most feared criminals in the country to justice. But when the evil Dragon begins kidnapping kids, he faces one of his toughest cases yet. This saga makes a world different and thus giving more burden on the story that might last for a lifetime with generations come tell about it.",
    "genres" : [ ]
  }, {
    "id" : 161439,
    "title" : "Ashaant",
    "overview" : "Ashaant is a story about effort made by the whole Police Force of the country, especially two police officers A.C.P. Vijay Bombay Police (Akshay Kumar) and A.C.P. Vishnu Bangalore Police (Vishnu Vardhan) to bring peace i.e. Shanti to country. The wage a war against a Mafia who deals in printing fake currency notes and have become threat to country´s and security. These Mafia dons Kaka (Jai Kalgutkar) and Rana (Punit) are operating from Bangalore city. But when the pressure of Police Officer Vishnu mounts on them, the decide to shift their roots to Borr y. As they enter Bombay, Rana is nabbed by ACP Vijay and is arrested. Vijay starts his investigation to reach the roots of this Mafia through Rana, when orders come from home ministry to shift Rana from Bombay custody to Bangalore court for many previous serious crimes.",
    "genres" : [ ]
  }, {
    "id" : 161444,
    "title" : "Sainik",
    "overview" : "Lieutenant Suraj Dutt has been in the Indian army for years. It is now time for him to take a leave of absence so that he can meet his father, Retired Colonel Yashpal Dutt, and sister, Minni. He travels home, and on the way rescues some school children held hostage by a group of armed men. The media portrays him as a hero, and it is here that he meets with a young woman named Alka, and both fall in love with each other. Alka and Suraj get the approval of their respective families' and get married. Minni also gets married to a young man named Vijay Ghai. Shortly after the marriage, Suraj leaves his pregnant wife and re-joins duty at the border. His father is the first one to get the news that he is missing, believed dead. He decides to keep his news from Alka and Minni. What Yashpal does not know that both Minni and Alka have already received this devastating news - and both have decided to keep a brave front and also hide it from each other...",
    "genres" : [ ]
  }, {
    "id" : 161449,
    "title" : "Amaanat",
    "overview" : "In a small village having mostly aged people, there has not been any rainfall for the past 3 years. A youngster wanting to be the leader of the village (Sanjay Dutt) has to free the village people from this calamity. The people of the village beg a rich master for water but in vain. So the hero has to go the to city to buy a water tube. In the city all his belongings including his money has been stolen. Then he rescues a guy who was getting beaten up by thieves. They become good friends and they help each other.",
    "genres" : [ ]
  }, {
    "id" : 161454,
    "title" : "Zaalim",
    "overview" : "Judge Somnath lives with his wife, three sons, and a daughter. Two of his sons, Vikram and Mohan are married, while his daughter, Kaamna, and youngest son, Ravi, are of marriageable age. Somnath had wanted his sons to be a doctor, police officer, and a Judge. While Vikram is a surgeon, Mohan's a Police Inspector, &amp; Ravi is now studying law and on his way to become a lawyer and then a Judge like his dad. This family does have a dark secret. Ravi is prone to losing his temper, so much so that he gets out of control, and has killed someone in his childhood. When Kaamna gets raped, the family are reluctant to tell Ravi. When they do they do convince him to control himself, while Mohan gets an arrest warrant for Vinod, Kaamna's molester. Things do not go smoothly in court as the matter is put off for several months and then Somnath and Kaamna are killed in a bomb explosion. Now Mohan and Vikram handcuff Ravi on their balcony while they finalize the funeral arrangements...",
    "genres" : [ ]
  }, {
    "id" : 161459,
    "title" : "Maidan-E-Jung",
    "overview" : "Daata Guru (Amrish Puri) is a wealthy, powerful, and influential head of a village. He owns and controls all the villagers and their properties. Anyone who dares to raise their voice against him is crushed by his employee, Shankar (Dharmendra), and his sons, Guman (Gulshan Grover) and Karan (Akshay Kumar). When Daata Guru learns that Shankar has abducted his widowed daughter-in-law, Lakhsmi (Jaya Pradha), and has married her, he is enraged and wants Shankar dead. Daata Guru also instigates Karan against Shankar, and threatens the villagers to cut off their water supply if they do not turn in Shankar to him. What will Shankar do to protect his new wife and himself from the wrath of Daata Guru and his men?",
    "genres" : [ ]
  }, {
    "id" : 161469,
    "title" : "Eunuch of the Western Palace",
    "overview" : "An evil Eunuch named Wang in a bid to take over the ruling dynasty in his area strikes a bargain with foreign Japanese allies in an attempt to convince them to help him seize power.",
    "genres" : [ {
      "id" : 28,
      "name" : "Action"
    } ]
  }, {
    "id" : 161474,
    "title" : "The Film of Her",
    "overview" : "Based on the story of Howard Walls,  A clerk at the Library of Congress who saved a collection of early paper reel films from the incinerator, director Bill Morrison embellishes the tale a bit in this inspired short work.  Here, the vision of a woman in an early porno film has been engrained in the mind of a man working at the Library of Congress and his search for the film of her has an unexpected consequence, as he saves a collection of historically significant films from being destroyed.",
    "genres" : [ ]
  }, {
    "id" : 161479,
    "title" : "Cadaver",
    "overview" : "A cadaver wakes up to say a last goodbye to his wife, but discovers a truth in death that he didn't know in life.",
    "genres" : [ {
      "id" : 16,
      "name" : "Animation"
    } ]
  }, {
    "id" : 161489,
    "title" : "Super Fans",
    "overview" : "",
    "genres" : [ ]
  }, {
    "id" : 161499,
    "title" : "The Experiment: Who's Watching You?",
    "overview" : "Mary's life is disintegrating, she's on the verge of losing everything and desperately needs income to survive. Driven to extremes she responds to an add in the paper and embarks on a series of home based drug tests that go horribly wrong. What follows is a world of drug induced madness and surreal sensuality as Mary falls prey to the underground world of pharmaceutical testing revealing more evil undertones than anybody would dare imagine. She is being monitored while she suffers a humiliating onslaught of psychedelic depravity both physical and mental Mary IS the experiment. Explore the warped psychological world of human sickness that is a stark reminder of the society we have created.",
    "genres" : [ ]
  }, {
    "id" : 161504,
    "title" : "Misfortune Never Comes Alone",
    "overview" : "The scene takes place in front of a barrack, where a young soldier is on duty --most laughable and comical",
    "genres" : [ ]
  }, {
    "id" : 161509,
    "title" : "Voyage sans espoir",
    "overview" : "Gohelle, escaped from prison, seeks to flee occupied France for Argentina. The captain of a cargo ship is willing to smuggle him out out France for a price but Gohelle has no money. His mistress, Marie-Angel tries to charm the money out of wealthy Alain Ginestier who seems the ideal pigeon but Marie-Angel falls in love with Ginestier.",
    "genres" : [ ]
  }, {
    "id" : 161529,
    "title" : "Must Have Been Love",
    "overview" : "A Finnish-Norwegian love story with an unexpected shape and development. Shot in Oslo, Helsinki, Istanbul and Berlin. The film focuses on showing the actual moments that lead to getting to know one another, building a relationship and to breaking up. The film takes part in Kaisa’s attempt of getting involved with two different men that look almost exactly the same, questioning where the thin line is between someone potentially being the love of your life or not. Shooting the film with the approach of a workshop and closely involving the actors allows the film to take shape as a unique, unpredictable cinematic expression touching the basis and complexity of human behavior.",
    "genres" : [ {
      "id" : 10749,
      "name" : "Romance"
    } ]
  }, {
    "id" : 161549,
    "title" : "Jolly Fish",
    "overview" : "Tom and Jerry go fishing, where they encounter an affectionate but annoying fish who won't leave them alone. They hear a piano-playing octopus (with twelve arms!) and have a run-in with a sword fish who cuts their boat in half. Other hijinks ensue, and the two eventually catch a tiny fish, which is in turn swallowed by a larger fish, and this process continues until they've caught a veritable whale. They row ashore triumphant, but when one of them puts their reel (still holding the fish) over their shoulder, the larger fish slip off, unbeknownst to them, leaving them with the runt they started with.",
    "genres" : [ {
      "id" : 16,
      "name" : "Animation"
    } ]
  }, {
    "id" : 161554,
    "title" : "Seeing Stars",
    "overview" : "First National gala celebrity banquet with stars.",
    "genres" : [ ]
  }, {
    "id" : 161569,
    "title" : "Just a Gigolo",
    "overview" : "Irene Bordoni sings the title song in French and English with a Bouncing Ball. Cartoon sequences: Betty Boop as a cabaret emcee and cigarette girl; a romantic tom-cat gigolo.",
    "genres" : [ {
      "id" : 10402,
      "name" : "Music"
    }, {
      "id" : 99,
      "name" : "Documentary"
    } ]
  }, {
    "id" : 161579,
    "title" : "Bosko's Store",
    "overview" : "Shopkeeper Bosko takes care of business.",
    "genres" : [ {
      "id" : 35,
      "name" : "Comedy"
    }, {
      "id" : 16,
      "name" : "Animation"
    } ]
  }, {
    "id" : 161594,
    "title" : "Buffalo Dreams",
    "overview" : "Josh Townsend finds himself living in New Mexico after his father's new job requires the family to move from their home in Utah. While acclimating to his new surroundings, Josh becomes involved with a group of teens attempting to preserve the buffalo and Navajo traditions. Along the way he makes friends and learns important lessons about life in this Disney Channel Original movie.",
    "genres" : [ {
      "id" : 10770,
      "name" : "TV Movie"
    }, {
      "id" : 10751,
      "name" : "Family"
    }, {
      "id" : 18,
      "name" : "Drama"
    } ]
  }, {
    "id" : 161604,
    "title" : "Killer's Romance",
    "overview" : "A triad assassin is sent to kill a female witness to a murder only to fall in love with her instead.",
    "genres" : [ {
      "id" : 10749,
      "name" : "Romance"
    }, {
      "id" : 28,
      "name" : "Action"
    } ]
  }, {
    "id" : 161609,
    "title" : "Bosko at the Zoo",
    "overview" : "Bosko and Honey go to the zoo. Honey is frightened by the lion, but Bosko is the one who ends up in danger.",
    "genres" : [ {
      "id" : 35,
      "name" : "Comedy"
    }, {
      "id" : 16,
      "name" : "Animation"
    } ]
  }, {
    "id" : 161614,
    "title" : "The Wayward Canary",
    "overview" : "Mickey gives Minnie a canary for a present. Soon there are several little canaries; they get into the inkwell and fly around the house, making a mess, though it's nothing compared to the shambles Mickey makes of the house while chasing them.",
    "genres" : [ {
      "id" : 16,
      "name" : "Animation"
    } ]
  }, {
    "id" : 161624,
    "title" : "Bosko the Lumberjack",
    "overview" : "Bosko and his friends are cutting down trees in a forest. He battles a burly woodsman named Pierre who has gone off and kidnapped his beloved Honey.",
    "genres" : [ {
      "id" : 16,
      "name" : "Animation"
    }, {
      "id" : 35,
      "name" : "Comedy"
    } ]
  }, {
    "id" : 161629,
    "title" : "The Spirit",
    "overview" : "A legally dead police detective decides to battle crime as a masked superhero.",
    "genres" : [ {
      "id" : 28,
      "name" : "Action"
    }, {
      "id" : 10770,
      "name" : "TV Movie"
    } ]
  }, {
    "id" : 161639,
    "title" : "What a Life",
    "overview" : "First, a bum comes along and steals their hat and replaces it with his flea-bitten one. Later, they are tormented at a diner when a hamburger comes to life! Later, after selling their instruments so they can get something to eat, they see a blind man begging on the street.",
    "genres" : [ ]
  }, {
    "id" : 161644,
    "title" : "Readin' and Writin'",
    "overview" : "Tired of going to school, Breezy comes up with a plan to get himself expelled.",
    "genres" : [ ]
  }, {
    "id" : 161649,
    "title" : "Stopping the Show",
    "overview" : "At the theatre, a 'Paramouse Noose Reel' and a Bimbo and Koko cartoon are followed by Betty Boop's stage performance; she sings and does imitations of Fanny Brice and Maurice Chevalier.",
    "genres" : [ {
      "id" : 16,
      "name" : "Animation"
    }, {
      "id" : 35,
      "name" : "Comedy"
    } ]
  }, {
    "id" : 161654,
    "title" : "Moonlight for Two",
    "overview" : "Two courting hillbilly dogs go to the big barn dance.",
    "genres" : [ {
      "id" : 10402,
      "name" : "Music"
    }, {
      "id" : 10749,
      "name" : "Romance"
    }, {
      "id" : 16,
      "name" : "Animation"
    }, {
      "id" : 35,
      "name" : "Comedy"
    } ]
  }, {
    "id" : 161664,
    "title" : "Tea on the Axis of Evil",
    "overview" : "When Syria was admitted to the \"Axis of Evil\", I decided to move there, alone, to record ordinary life and create a document to stimulate healthy curiosity about this Arab community to counter the vilification that dominated the media and White House rhetoric.",
    "genres" : [ ]
  }, {
    "id" : 161669,
    "title" : "Les loups chassent la nuit",
    "overview" : "",
    "genres" : [ ]
  }, {
    "id" : 161674,
    "title" : "Mademoiselle Drot",
    "overview" : "",
    "genres" : [ ]
  }, {
    "id" : 161679,
    "title" : "Instead of Abracadabra",
    "overview" : "A man who still lives with his parents tries to realize his dream of becoming a magician.",
    "genres" : [ {
      "id" : 28,
      "name" : "Action"
    }, {
      "id" : 35,
      "name" : "Comedy"
    } ]
  }, {
    "id" : 161694,
    "title" : "The Voice of John",
    "overview" : "Documentary",
    "genres" : [ ]
  }, {
    "id" : 161699,
    "title" : "Doraemon: Nobita's Great Adventure into the Underworld",
    "overview" : "Nobita requests of Doraemon the Moshimo-box and wishes for the world to become a place where the use of magic is possible. Witchcraft replaces science and technology and everyone makes use of it on their daily lives, except for Nobita, who, like usual, isn't very good at conjuring spells. Frustrated, he plans on returning things to their past state, but his mother threw the Moshimo-box away.",
    "genres" : [ {
      "id" : 16,
      "name" : "Animation"
    } ]
  }, {
    "id" : 161704,
    "title" : "Doraemon: Nobita's Little Star Wars",
    "overview" : "Papi, the tiny president of a faraway planet, escapes to Earth to avoid being captured by the military forces that took over. Despite being welcomed by Doraemon, Nobita and their friends, the little alien notices that his enemies have also reached this world and doesn't want to get his human friends involved in this war. Doraemon, Nobita, Gian, Suneo, and Shizuka start a big adventure as they try to hide and protect Papi",
    "genres" : [ {
      "id" : 16,
      "name" : "Animation"
    } ]
  }, {
    "id" : 161734,
    "title" : "Jet - Family Style",
    "overview" : "Family Style is the second full-length DVD by Jet. The DVD also contains all the band's music videos from Get Born as well as a short behind the scenes documentary showing the band on tour.",
    "genres" : [ ]
  }, {
    "id" : 161754,
    "title" : "Melody For A Hustler",
    "overview" : "French novelist Vincent Ravalec made his directorial debut with this French drama about small-time crook Gaston (Yvan Attal) who poses as a millionaire after he picks up hitchhiking 16-year-old Marie-Pierre (Virginie Lanoue). Actually living in a seedy apartment, Gaston deals in stolen goods, but he soon climbs to bigger heists, including car thefts. Concealing his illegal activities, Gaston operates his company, Extramill, out of upscale, posh offices, while he and Marie-Pierre move into a sedate upper-middle-class neighborhood. Life is sweet, but the onset of paranoia, kinky sex activities, and police probes eventually culminate in violence.",
    "genres" : [ ]
  }, {
    "id" : 161769,
    "title" : "3 American LPs",
    "overview" : "Another short was 3 American LPs, which was the first film I did with Peter Handke. It was a film about American music, about three pieces of three LPs. There was a song by Van Morrison, another by Harvey Mandel, and one of Credence Clearwater Revival. It was mainly the music and some shots out of a car, landscapes out of the car window. And it had a little bit of commentary – dialogue between Peter and me about American music and about how American rock music was about emotion and images instead of sounds. That is to say, about a kind of phenomenon, that it was in a way a kind of film music, but without a moving picture. It was a 12-minute film and it was never shown. – Wim Wenders",
    "genres" : [ {
      "id" : 10770,
      "name" : "TV Movie"
    }, {
      "id" : 99,
      "name" : "Documentary"
    }, {
      "id" : 10402,
      "name" : "Music"
    } ]
  }, {
    "id" : 161774,
    "title" : "Balduin Collection",
    "overview" : "",
    "genres" : [ ]
  }, {
    "id" : 161799,
    "title" : "Tea for Three",
    "overview" : "Three friends have spent a lifetime climbing together, and they reflect on where the journey has taken them, and where it will lead.  A cabinet-maker, an orthopaedic surgeon and a retired geologist make for interesting fireside company. With a cumulative age of 145 years these three men are attempting to grow old gracefully. They might not be world-class climbers, but they are world-class buddies out on the narrow ledge.  Their failures (put down to old age) and their successes take them from Table Mountain in Cape Town to the lichen covered walls of Blouberg in the Limpopo Province. Cameo appearances by other (sometimes more youthful) inspirational boulderers, trad and sport climbers represent the various themes in climbing life as perceived by the three friends.",
    "genres" : [ ]
  }, {
    "id" : 161809,
    "title" : "Ces messieurs de la santé",
    "overview" : "",
    "genres" : [ {
      "id" : 35,
      "name" : "Comedy"
    }, {
      "id" : 18,
      "name" : "Drama"
    } ]
  }, {
    "id" : 161814,
    "title" : "Black Widower",
    "overview" : "True story of a charming, popular American who managed to kill his mother and 3 wives before anyone even suspected him.",
    "genres" : [ {
      "id" : 18,
      "name" : "Drama"
    }, {
      "id" : 53,
      "name" : "Thriller"
    } ]
  }, {
    "id" : 161829,
    "title" : "When Husbands Cheat",
    "overview" : "After a woman helps prove her brother-in-law is cheating, she begins to work as a private investigator, but when she starts to suspect her husband is having an affair, she has to decide if she should follow her instincts or chalk it up to paranoia.",
    "genres" : [ ]
  }, {
    "id" : 161834,
    "title" : "Jhankaar Beats",
    "overview" : "This movie was a tribute to R. D. Burman. Jhankaar Beats is a story about love, friendship and music. Two copywriter brothers have lost in pop music contest called Jhankaar Beats for the last two years. They take the help of an apprentice to compete in a music contest.",
    "genres" : [ ]
  }, {
    "id" : 161844,
    "title" : "Betty Boop's Ker-Choo",
    "overview" : "Betty, Koko, and Bimbo drive at the auto races; Betty has a cold, and her sneezes help her win.",
    "genres" : [ ]
  }, {
    "id" : 161849,
    "title" : "Dinah",
    "overview" : "The Mills Brothers perform the title song with Bouncing Ball; cartoon animals load and sail the cargo ship 'Dinah Lee' to Mills music.",
    "genres" : [ ]
  }, {
    "id" : 161854,
    "title" : "Betty Boop's May Party",
    "overview" : "Betty and Bimbo, as Queen and King of the May, host a giant outdoor party that gets sprayed with rubber. Koko appears briefly.",
    "genres" : [ {
      "id" : 35,
      "name" : "Comedy"
    }, {
      "id" : 16,
      "name" : "Animation"
    } ]
  }, {
    "id" : 161859,
    "title" : "Hook & Ladder Hokum",
    "overview" : "Tom and Jerry (not the cat and mouse) are firefighters.",
    "genres" : [ ]
  }, {
    "id" : 161864,
    "title" : "The Magic Mummy",
    "overview" : "Tom and Jerry are police officers, driving around in their car and enjoying listening to some music on their police radio, when they hear a bulletin announcing another theft of a mummy from the local museum. They stumble upon the culprit, a mysterious and ghoulish man who is carrying a coffin through a secret door in a cemetery. They sneak in after him and watch him command the mummy to life; it is a beautiful woman, who he then commands to sing for his audience of skeletal theatre-goers.",
    "genres" : [ ]
  }, {
    "id" : 161869,
    "title" : "She Done Him Right",
    "overview" : "Pooch the Pup is putting up billposters in preparation of the appearance of \"Poodles\"",
    "genres" : [ {
      "id" : 16,
      "name" : "Animation"
    } ]
  }, {
    "id" : 161874,
    "title" : "The Waiting Room",
    "overview" : "The story of The Waiting Room takes place in a remote South Indian railway station, where four passengers are left stranded on a rainy night. A serial killer is on the prowl, targeting the passengers of the waiting room, creating fear among them. The dreaded night for the passengers and the investigation to nab the killer forms the crux of the film.",
    "genres" : [ ]
  }, {
    "id" : 161884,
    "title" : "Mickey's Pal Pluto",
    "overview" : "Pluto rescues a bag of kittens from the river. He feels rejected, then, as Mickey ignores him and blames him for damage the kittens do. His angel and devil sides argue with him. Pluto gets thrown outside. The kittens also find their way outside, and fall into the well, where Pluto's angel side wins out as he rescues them once again and is finally recognized as a hero.",
    "genres" : [ {
      "id" : 16,
      "name" : "Animation"
    } ]
  }, {
    "id" : 161889,
    "title" : "I Heard",
    "overview" : "The miners at Never Mine go to Betty Boop's Tavern (a jazz-jumpin' place) for lunch; back in the mine, Bimbo delves into weird realms.",
    "genres" : [ ]
  }, {
    "id" : 161899,
    "title" : "Consul Dorgen's Affairs",
    "overview" : "A mysterious consul, blessed with the power to hypnotise, manages to push young women to suicide to cash in their insurance, without having their blood on his hands.  At the death of his sister, a young detective decides to hold an investigation into this curious character, at the risk of falling into the trap himself...  Oktavijan Miletić considered to be the father of Croatian cinema, was one of the pioneers of avant-garde cinema in Croatia and shows this once again in this film.",
    "genres" : [ {
      "id" : 53,
      "name" : "Thriller"
    } ]
  }, {
    "id" : 161904,
    "title" : "Indian Whoopee",
    "overview" : "Cubby Bear imagines himself living during the the time of the pilgrims.",
    "genres" : [ ]
  }, {
    "id" : 161919,
    "title" : "John the Fearless",
    "overview" : "He's the \"Rocky\" of the 15th century-defender of the poor, enemy of evil, champion of justice. He's fearless and the strongest man in the land. He's ready and willing to take on all wrong doers-rich and poor. Accompanied by a lovable, meek little friend, his quest takes him on an unforgettable journey. Swamp monsters, knights in armor, duels, royal pageantry, and damsels in distress all abound in this story of timeless values. In the spirit of \"Robin Hood,\" it's a robust, romantic tale: a feast for the eyes and a joy for the heart.",
    "genres" : [ {
      "id" : 10751,
      "name" : "Family"
    }, {
      "id" : 16,
      "name" : "Animation"
    }, {
      "id" : 12,
      "name" : "Adventure"
    } ]
  }, {
    "id" : 161929,
    "title" : "Popular Melodies",
    "overview" : "Arthur Jarrett sings some songs with the Bouncing Ball; Betty Boop appears for \"One Hour with You\" and \"Boop-Oop-A-Doop.",
    "genres" : [ ]
  }, {
    "id" : 161934,
    "title" : "On the Pan",
    "overview" : "Soglow's The Little King in \"On the Pan\" (1933) aka \"The Little King in Darkest Africa\" ~ Van Beuren Studios ~ Originally distributed by RKO Radio Pictures ~ Re-released by Official Films (The Seal of the Best in Home Movies)",
    "genres" : [ ]
  }, {
    "id" : 161939,
    "title" : "Kristen Schaal: Live at the Fillmore",
    "overview" : "In her first Comedy Central one-hour special, Kristen Schaal unleashes her wit upon San Francisco. She is best known as a correspondent on The Daily Show with Jon Stewart and as an eccentric fan on Flight of the Conchords.",
    "genres" : [ {
      "id" : 35,
      "name" : "Comedy"
    } ]
  } ]
}