{
  "movies" : [ {
    "id" : 187219,
    "title" : "Joshua Then and Now",
    "overview" : "Based on a novel by Mordecai Richler, allegedly his autobiography, it tells the story of a Jewish writer, from his life as a young boy in Montreal to his more complicated grown-up life.",
    "genres" : [ {
      "id" : 18,
      "name" : "Drama"
    } ]
  }, {
    "id" : 187234,
    "title" : "Endstation Freiheit",
    "overview" : "",
    "genres" : [ {
      "id" : 18,
      "name" : "Drama"
    }, {
      "id" : 80,
      "name" : "Crime"
    } ]
  }, {
    "id" : 187239,
    "title" : "Det lille hotel",
    "overview" : "",
    "genres" : [ {
      "id" : 10751,
      "name" : "Family"
    }, {
      "id" : 35,
      "name" : "Comedy"
    } ]
  }, {
    "id" : 187244,
    "title" : "Leonard Cohen - Cheerfullness Keeps Breaking Through",
    "overview" : "“The last time I was in London was about 14-15 years ago.  I was about 60 years old – just a kid with a crazy dream….  “Since then I’ve studied deeply in the philosophies and  religions.  “But cheerfulness kept breaking through.”  Leonard Cohen  Live in London Concert 2008  Leonard Cohen, a Canadian born in 1934,  is a singer-songwriter, musician, poet and novelist.  After a successful career, he spent five years in a Zen Buddhist monastery in the 1990′s.  When he left, he discovered that his accountant had lost all his money and Cohen returned to public performing.  Since then, his song Hallelujah has become massively popular.",
    "genres" : [ ]
  }, {
    "id" : 187254,
    "title" : "Don't Let Me Go",
    "overview" : "An ailing father, who is about to undergo a potentially life-threatening surgery, takes his teenage kids into the woods to try and recapture their early closeness, before he and his wife divorced and everything changed. But the three are swept into a supernatural adventure, in which only their Father, Chris, \"The Healer,\" has the ability to control their destinies. Lost in a haunted forest from which there seems no escape except death, this moving and sensitive script tells a beautiful story of a family's tragedy &amp; resilience",
    "genres" : [ {
      "id" : 12,
      "name" : "Adventure"
    }, {
      "id" : 18,
      "name" : "Drama"
    } ]
  }, {
    "id" : 187259,
    "title" : "Escapade",
    "overview" : "An English pacifist's (John Mills) sons run away from school and hijack a plane to Vienna to petition for peace.",
    "genres" : [ {
      "id" : 35,
      "name" : "Comedy"
    }, {
      "id" : 18,
      "name" : "Drama"
    } ]
  }, {
    "id" : 187269,
    "title" : "We Are Wisconsin",
    "overview" : "When a Republican Governor's bill threatens to wipe away worker rights and lock out public debate, six (extra)ordinary citizens force their way into the Wisconsin State Capitol, joining thousands of protesters who spend the next twenty-six days launching a popular uprising that not only challenges the bill, but the soul of a nation.",
    "genres" : [ {
      "id" : 99,
      "name" : "Documentary"
    } ]
  }, {
    "id" : 187274,
    "title" : "Der Tag, an dem Elvis nach Bremerhaven kam",
    "overview" : "",
    "genres" : [ {
      "id" : 18,
      "name" : "Drama"
    }, {
      "id" : 10749,
      "name" : "Romance"
    }, {
      "id" : 10402,
      "name" : "Music"
    } ]
  }, {
    "id" : 187284,
    "title" : "Untamed",
    "overview" : "In her first Talkie, Joan Crawford plays Bingo, a jungle-raised oil heiress, who turns Manhattan upside down in her hunt for Andy McAllister, the man of her dreams. Unfortunately for Bingo, Andy is penniless and refuses to agree to the match until he can provide for the wild, rich girl. Andy's prideful position is more than encouraged by Bingo's Uncle Ben, who seeks to scuttle their love match.",
    "genres" : [ {
      "id" : 18,
      "name" : "Drama"
    } ]
  }, {
    "id" : 187289,
    "title" : "A Rota do Brilho",
    "overview" : "",
    "genres" : [ {
      "id" : 80,
      "name" : "Crime"
    }, {
      "id" : 12,
      "name" : "Adventure"
    } ]
  }, {
    "id" : 187294,
    "title" : "Si Sos Brujo: A Tango Story",
    "overview" : "The compelling story of a group of young Argentine musicians racing against time to learn and preserve the elegant and nuanced music played by the legendary Golden Age tango orchestras of Buenos Aires in the 40's and 50's.",
    "genres" : [ {
      "id" : 99,
      "name" : "Documentary"
    }, {
      "id" : 10402,
      "name" : "Music"
    } ]
  }, {
    "id" : 187299,
    "title" : "A Very Potter Senior Year",
    "overview" : "Get ready for one last romp of magical, musical shenanigans because Harry and his pals are back for their senior year at Hogwarts! The gang's in for their biggest adventure yet as they face off against old enemies, new foes and giant snakes! Will they win or will they lose? Either way, this is the end!",
    "genres" : [ {
      "id" : 35,
      "name" : "Comedy"
    }, {
      "id" : 10402,
      "name" : "Music"
    } ]
  }, {
    "id" : 187304,
    "title" : "If It's Loud It's Cool Bonus - Bingin Bits",
    "overview" : "If It's Loud It's Cool Bonus - Bingin Bits (2012)",
    "genres" : [ {
      "id" : 99,
      "name" : "Documentary"
    } ]
  }, {
    "id" : 187314,
    "title" : "Morality Above All Else",
    "overview" : "Professor Karas is widely known as enthusiastic propagator of the motto \"Morality Above All Else\". He guides his students as well as his own family to live a morally decent life. One day he has an unexpected visit. It's his illegitimate daughter Vera, who is proof of his thoughtless youth. Mr. Karas know that she can ruin his image, thus he decides to keep her a secret and asks her to leave. Instead of leaving she takes a position of a governess in his own family without letting him know. Mr. Karas realizes that he must reveal the truth sooner or later, but he doesn't have enough courage to do so. As he postpones it, he is more and more scared to come to his own home.",
    "genres" : [ {
      "id" : 35,
      "name" : "Comedy"
    } ]
  }, {
    "id" : 187324,
    "title" : "A Day at Santa Anita",
    "overview" : "Orphaned horse-trainer's little daughter has reciprocated bond with horse, which needs her presence to win races.",
    "genres" : [ ]
  }, {
    "id" : 187329,
    "title" : "De bør forelske Dem",
    "overview" : "",
    "genres" : [ {
      "id" : 10751,
      "name" : "Family"
    }, {
      "id" : 35,
      "name" : "Comedy"
    } ]
  }, {
    "id" : 187334,
    "title" : "Aquarion Movie: Ippatsu Gyakuten-hen",
    "overview" : "This movie is an alternative version of the TV series; it is composed of the two 2007 OVAs, edited to improve the pacing of the plot, and an extra segment akin to a TV episode where the cast are given the task of studying flowers.  The plot has several differences to the TV series, most important being Sirius's death at the beginning, Apollo's different childhood and the more marked focus on the events of 12000 years ago, particularly Apollonius' death and Reika's previous incarnation's involvement.",
    "genres" : [ ]
  }, {
    "id" : 187339,
    "title" : "Mission Impossible",
    "overview" : "A swordplay flick that takes on a ghostly feeling later on the film.",
    "genres" : [ {
      "id" : 18,
      "name" : "Drama"
    }, {
      "id" : 28,
      "name" : "Action"
    } ]
  }, {
    "id" : 187349,
    "title" : "Dong Cunrui",
    "overview" : "This war film tells the story of a martyr who gave his life in order to save his comrades. It pays tribute to Dong at the same time as it glorifies the communist revolution and provides a model hero for the audience to emulate.",
    "genres" : [ ]
  }, {
    "id" : 187354,
    "title" : "Redbeard",
    "overview" : "shaw production",
    "genres" : [ {
      "id" : 18,
      "name" : "Drama"
    } ]
  }, {
    "id" : 187364,
    "title" : "Stranger in Hong Kong",
    "overview" : "Shaw production.",
    "genres" : [ {
      "id" : 9648,
      "name" : "Mystery"
    }, {
      "id" : 12,
      "name" : "Adventure"
    } ]
  }, {
    "id" : 187369,
    "title" : "Pursuit",
    "overview" : "Instructor Lin who is home from training the imperial troops for several years. He meets his wife and runs into his brother who has become a monk at the local temple. His superior Lord Gao, strangely decides to rape Lin's wife in the temple but Lin interrupts the crime. His brother is enraged and tries to kill Gao but Lin stops him with the help of Lin's training brother and old friend Lu who works for Gao. Lin is loyal to the Commissioner and will not do anything to harm his son. Once back at the Commissioner's house, Gao and Lu hatch a plan to discredit and eventually kill Lin all with the Commissioner's approval. The plan is put into motion and Lin is unjustly arrested for trespassing on imperial property.",
    "genres" : [ {
      "id" : 18,
      "name" : "Drama"
    }, {
      "id" : 28,
      "name" : "Action"
    } ]
  }, {
    "id" : 187394,
    "title" : "Airfoiled",
    "overview" : "Two blind visionary brothers set off on a whirlwind adventure to invent the world's first airplane.",
    "genres" : [ ]
  }, {
    "id" : 187399,
    "title" : "Legends of Lust",
    "overview" : "Contains a trilogy of stories that on the surface level all relate directly to lust",
    "genres" : [ ]
  }, {
    "id" : 187409,
    "title" : "Tales of Larceny",
    "overview" : "In “The Scholar and The Soldier”, Major Fang is obsessed with Yu Zhen by chance, knowing that she is the daughter of scholar Xu, he decided to enter their house in disguise with his page, and however, Yu Zhen's cousin comes back for the pre-arranged marriage at the same time. Li Han-hsiang both scripted and helmed “Tales of Larceny” about the scams cons worked and the games people played during the corrupt Chinese Warlord era, featuring a cast filled with the best of Shaw's exceptional character actors.",
    "genres" : [ {
      "id" : 35,
      "name" : "Comedy"
    } ]
  }, {
    "id" : 187414,
    "title" : "Noddy: Catch a Falling Star",
    "overview" : "Noddy, Tessie Bear and Martha Monkey are on a camping adventure in Toyland when they find a lost little star. They have to help their new little friend get back home and escape the Goblins. With some help from Mr. Sparks, Noddy and his friends make this an adventure to remember. With over 60 minutes of content, Catch a Falling Star includes five \"Say It With Noddy\" Segments that teach children popular words and phrases in Spanish, French, Russian, Mandarin and Swahili. Episodes Included: - Catch a Falling Star - The Great Goblin Switch - Noddy's Special Treat - Forgive Me Not - Noddy's Lucky Day",
    "genres" : [ {
      "id" : 16,
      "name" : "Animation"
    }, {
      "id" : 10751,
      "name" : "Family"
    } ]
  }, {
    "id" : 187419,
    "title" : "Illicit Desire",
    "overview" : "shaw production",
    "genres" : [ {
      "id" : 10749,
      "name" : "Romance"
    }, {
      "id" : 18,
      "name" : "Drama"
    } ]
  }, {
    "id" : 187429,
    "title" : "The Villains",
    "overview" : "shaw production",
    "genres" : [ {
      "id" : 18,
      "name" : "Drama"
    } ]
  }, {
    "id" : 187439,
    "title" : "The Pirate",
    "overview" : "Pirate Chang Pao-Chai (Ti Lung) springs a leak after an otherwise successful raid on a foreign ship. He goes ashore to get materials to patch his ship up, where he encounters corrupt Qing officials and poor, oppressed peasants. Being a good man at heart, he decides to help out and becomes an even bigger outlaw in the process.",
    "genres" : [ {
      "id" : 28,
      "name" : "Action"
    }, {
      "id" : 80,
      "name" : "Crime"
    }, {
      "id" : 10769,
      "name" : "Foreign"
    } ]
  }, {
    "id" : 187459,
    "title" : "What Girls are Silent About",
    "overview" : "Four young girls are spending vacation far from Moscow - in sunny Spain while are talking about all the things that bothers them.",
    "genres" : [ {
      "id" : 35,
      "name" : "Comedy"
    } ]
  }, {
    "id" : 187464,
    "title" : "Na Cha the Great",
    "overview" : "Na Cha stars Fu Sheng as the prodigal son of a wealthy local official. When obnoxious sea dragons take on human form and cause trouble on the land, he realizes that the common people need help and takes up his mantle as their protector, fighting the dragons and their flunkies with the aid of supernatural powers.",
    "genres" : [ {
      "id" : 28,
      "name" : "Action"
    }, {
      "id" : 12,
      "name" : "Adventure"
    }, {
      "id" : 18,
      "name" : "Drama"
    }, {
      "id" : 10769,
      "name" : "Foreign"
    } ]
  }, {
    "id" : 187494,
    "title" : "The Well of Doom",
    "overview" : "A father tricks his three daughters into joining him on a mountain excursion to search for food. Deceiving his children, the father is actually searching for a hidden treasure relayed to him by an old monk.",
    "genres" : [ {
      "id" : 28,
      "name" : "Action"
    } ]
  }, {
    "id" : 187504,
    "title" : "Messner",
    "overview" : "Documentary about the famous  mountaineer Reinhold Messner.",
    "genres" : [ {
      "id" : 12,
      "name" : "Adventure"
    }, {
      "id" : 99,
      "name" : "Documentary"
    } ]
  }, {
    "id" : 187509,
    "title" : "Picture Perfect",
    "overview" : "Two teenagers (with single parents) join their families together in order to win the grand prize in a soda company competition by pretending to be the perfect family. The only problem is the CEO of the company must live with them for one week.",
    "genres" : [ {
      "id" : 10751,
      "name" : "Family"
    } ]
  }, {
    "id" : 187519,
    "title" : "Louie Giglio: Fruitcake and Ice Cream",
    "overview" : "Fruitcake and Ice Cream: An Unlikely Collision of Friendship and Grace is the message heard by students around the world on the seventeen-city Passion World Tour. Sometimes the best things in life are those we're not even sure we're looking for at the time, but those we realize we can't live without in the end. That's the story of Ashley, a somewhat typical college senior--loving life, partying hard and trying to balance it all with success in the classroom. Disengaged from God and turned off by most Christians she knew, unexpected events turned Ashley's world upside down and brought a new roommate for her final semester at the University of Florida. Unpolished, and marked by unscripted authenticity, Ashley's personal journal entries provide the backdrop for Fruitcake and Ice Cream, a message that breathes hope for the spiritually searching while providing a massive kick-start for those within the Church who carry the unrivaled story of God's grace and truth in a darkened world.",
    "genres" : [ ]
  }, {
    "id" : 187529,
    "title" : "The World's Racing",
    "overview" : "John, a television director, is preparing a show on speed. A phone call from his girlfriend Sophie makes him leave the studio in a hurry. Ηe drives fast and quarrels with another driver. John is upset; he insults the other man and drives off. In the meantime, the producer of the show changes John’s editing. John’s assistant calls him at home but John tells him that they should talk later. John hears the sound of another car and looks out the window. We hear the sound of an accident. John shouts and runs out onto the road. Sophie has hit a pedestrian. She was on her way to tell John that they are expecting a child.",
    "genres" : [ ]
  }, {
    "id" : 187534,
    "title" : "The First Traveling Saleslady",
    "overview" : "At the turn of the century Rose and ex-showbiz friend Molly get involved in selling steel. When they come unstuck with corsets they embark on the even more hazardous project of selling barbed wire to highly suspicious Texas cowboys.",
    "genres" : [ {
      "id" : 35,
      "name" : "Comedy"
    }, {
      "id" : 37,
      "name" : "Western"
    } ]
  }, {
    "id" : 187544,
    "title" : "31",
    "overview" : "This is the way you hold the racket to play a forehand. Just move your arm back, the left shoulder facing the ball, step forward with your left foot, hitting the ball.”",
    "genres" : [ {
      "id" : 18,
      "name" : "Drama"
    } ]
  }, {
    "id" : 187569,
    "title" : "Four Days in July",
    "overview" : "Two couples, one Catholic, one Protestant, exist on two sides of the chasm that is everyday life in Northern Ireland. Both women are expecting babies, both couples tell offbeat stories, both couples get by with what little they have. Yet Mike Leigh allows his actors to show not how much but how little these two couple have in common. \"Four Days in July\" is wonderful yet scathing look at the turmoil that has engulfed Northern Ireland for generations.",
    "genres" : [ ]
  }, {
    "id" : 187579,
    "title" : "Kike Like Me",
    "overview" : "Documentary in which filmmaker Jamie Kastner goes on a personal journey to find out what it means to be Jewish in the modern world.  Along the way he meets anti-semitic politician Pat Buchanan, Israeli novelist AB Yehoshua, British anti-Israeli curmudgeon Richard Ingrams and Hasids in Brooklyn; he causes a near-riot in a Parisian suburb simply by asking what people think about Jews; and he meets the 'dominatrix' behind Berlin's largest memorial to dead Jews. (Storyville)",
    "genres" : [ {
      "id" : 10770,
      "name" : "TV Movie"
    }, {
      "id" : 99,
      "name" : "Documentary"
    } ]
  }, {
    "id" : 187584,
    "title" : "Gay Republicans",
    "overview" : "In 2004, Log Cabin -- the Gay Republican Club -- was put to the test. President Bush's unequivocal opposition to gay marriage presented them with a stark choice, whether to be good Republicans and support the President, or stand up for their civil rights as gay Americans. This decision afforded them a historic opportunity to affect the election but it also opened schisms that threatened the unity of the Log Cabin itself. In GAY REPUBLICANS politics get personal as the Log Cabin wrestle with an issue that goes to the core of their identity",
    "genres" : [ {
      "id" : 99,
      "name" : "Documentary"
    } ]
  }, {
    "id" : 187594,
    "title" : "Emergency Call",
    "overview" : "A 5 year old child is diagnosed with leukemia and has only days to live. Her only hope is a blood transfusion, but her blood type is extremely rare, so the race is on to find the donors.",
    "genres" : [ {
      "id" : 53,
      "name" : "Thriller"
    } ]
  }, {
    "id" : 187614,
    "title" : "Evidently... John Cooper Clarke",
    "overview" : "A look at the life of John Cooper Clarke. From from his rise as a 'punk poet', through his heroin addiction, and finally to his comeback.",
    "genres" : [ ]
  }, {
    "id" : 187624,
    "title" : "Berliner Bettwurst",
    "overview" : "In this sequel to Die Bettwurst, Dietmar and Luzi are a somewhat unorthodox couple, who live and fight with tremendous enthusiasm. The unusual nature of their liaison is signalled by the fact that Dietmar is bisexual and is completely unable to remain faithful to Luzi. Dietmar also has his own, personal dialect of German. Luzi, on the other hand, is coziness personified. No matter, in this film they get married at the Memorial Church in Berlin. Infuriated at his playing around, Luzi briefly splits up with him, but when her dog dies of poisoning, he is there to comfort her.",
    "genres" : [ ]
  }, {
    "id" : 187644,
    "title" : "Gladio - Secret Armies in Europe",
    "overview" : "In Italy and Germany during the time from the 60's to 80's many people died in bomb attacks. The trail leads to a secret structure called \"Gladio\". Originally founded as an espionage and sabotage organization in the event of a Soviet attack, Gladio served political interests and is now suspected of having committed acts of violence on behalf of political interests in the context of right-wing groups.",
    "genres" : [ {
      "id" : 99,
      "name" : "Documentary"
    } ]
  }, {
    "id" : 187659,
    "title" : "The Protectors",
    "overview" : "Ling (Lo Lieh) and Guan are the Black and White Chiefs of the Eagle Escort security firm: during the opening credit sequence, we see them recover a stolen shipment of gold; by the time the credits have run, the two are literally knee-deep in bodies.",
    "genres" : [ {
      "id" : 28,
      "name" : "Action"
    } ]
  }, {
    "id" : 187669,
    "title" : "The Hookers and the Hustlers",
    "overview" : "shaw production",
    "genres" : [ ]
  }, {
    "id" : 187674,
    "title" : "The Gambling Syndicate",
    "overview" : "A provincial detective seeks to take down a local gambling syndicate with the help of two convicts.",
    "genres" : [ {
      "id" : 80,
      "name" : "Crime"
    }, {
      "id" : 28,
      "name" : "Action"
    } ]
  }, {
    "id" : 187679,
    "title" : "Return of the Crazy Bumpkins",
    "overview" : "The sequel to John Lo Mar and Chang Yang's original film finds the naive village immigrant, Ah Niu (Yeh Feng) leaving jail to work and live with his crooked Uncle Chou (Wang Sha) again. But now, his girlfriend Ah Hua (Ai Ti) has become the wife of an abusive husband. As with the bittersweet original, Ah Niu -- with his kind heart but simple mind -- gets caught in various rackets and silly situations.",
    "genres" : [ ]
  }, {
    "id" : 187684,
    "title" : "My Bewitched Wife",
    "overview" : "",
    "genres" : [ {
      "id" : 18,
      "name" : "Drama"
    }, {
      "id" : 35,
      "name" : "Comedy"
    }, {
      "id" : 10749,
      "name" : "Romance"
    } ]
  }, {
    "id" : 187689,
    "title" : "Fearful Interlude",
    "overview" : "Accompanied by his old manservant, scholar Sung Li Ho (Hong Hoi) is on his way to the capital for the imperial exam. They spend a night in the house of Mrs. Yuan and Li Ho takes a fancy to her pretty daughter, Pei Fang (Dana). Li Ho is discovered by a maid peeping at Pei Fang as she takes a bath. He slips and falls into the bathtub, creating a most embarrassing situation. His old servant is also implicated and both are beaten up before being thrown out. Continuing their journey in the desolate countryside, they come across woodcutter Hsi Hsueh Kuei who puts them up for the night. Captivated by the beauty of the owner’s two daughters, who are vampires, he spends a night with them and turns into a skeleton. Chased by the vampires, Shun Lai makes a narrow escape.",
    "genres" : [ {
      "id" : 27,
      "name" : "Horror"
    }, {
      "id" : 18,
      "name" : "Drama"
    } ]
  }, {
    "id" : 187694,
    "title" : "Thief of Thieves",
    "overview" : "shaw production",
    "genres" : [ ]
  }, {
    "id" : 187704,
    "title" : "Rave, Dancing to a Different Beat",
    "overview" : "Rave and Ecstasy! A cult film waiting to happen! written and directed by Shooba-Doo (who also co-stars as a drug lord); with Anne Betancourt, Ray Oriel, Eddie Garcia, Shawn Alex Thompson, Gina Philips and Keri Jo Chapman; a street-smart (but often laughable and self-righteous) exploitation movie in the fine tradition of MARIJUANA; a dancer uses tainted drugs to seduced, rape and kill young females in underground rave clubs",
    "genres" : [ ]
  }, {
    "id" : 187709,
    "title" : "One Son Too Many",
    "overview" : "The childhood exploits of the 4 adolescent Hsu brothers orbit around the family's love and indulgence of their spoiled youngest son.",
    "genres" : [ {
      "id" : 10749,
      "name" : "Romance"
    }, {
      "id" : 35,
      "name" : "Comedy"
    } ]
  }, {
    "id" : 187719,
    "title" : "The Great Divide",
    "overview" : "At a monthly gathering of her friends, a student of the Tantra and Kama Sutra introduces an unusual game designed to elicit the feelings and impressions men and women have about one another.",
    "genres" : [ {
      "id" : 35,
      "name" : "Comedy"
    } ]
  }, {
    "id" : 187724,
    "title" : "Mobfix Patrol",
    "overview" : "This is an atypical police film from 1981 and an opportunity to see a younger Kent Cheng playing a policeman.",
    "genres" : [ {
      "id" : 28,
      "name" : "Action"
    } ]
  }, {
    "id" : 187739,
    "title" : "The 82 Tenants",
    "overview" : "In “82 Tenants” the widow Zhang and Bing, her new young consort, want to sell an apartment house to a property developer but old man Zhang's will provided that the current tenants can stay there as long as they want or the building survives. So it is clear who the villains are—joining the greedy couple is Chao who has purchased all the land around the building but needs this final piece so he can know everything down and build a money spinning edifice. One the other side are the tenants, a disparate group whose grudgingly and occasionally antagonistically shared communal life, while not ideal, is certainly better than not having a place to live.",
    "genres" : [ {
      "id" : 35,
      "name" : "Comedy"
    } ]
  }, {
    "id" : 187744,
    "title" : "The Seven Cervi Brothers",
    "overview" : "The story of the Cervi family. Rural farmers brought up to be idealogically opposed to fascism during the era of Mussolini's rule of Italy and World War 2.",
    "genres" : [ {
      "id" : 18,
      "name" : "Drama"
    }, {
      "id" : 10752,
      "name" : "War"
    } ]
  }, {
    "id" : 187749,
    "title" : "Ode to Gallantry",
    "overview" : "In this entertaining, surprisingly lighthearted martial arts extravaganza, Kuo Chue, finds himself being confused with his doppelganger time and time again. With each case of mistaken identity, he becomes drawn into a number of heated conflicts between several rival schools and gangs - a dilemma that he just isn't prepared to deal with! As he is pulled to and fro by circumstances, there's no telling where the day will take him! By the film's end, he's sure to learn some valuable lessons about brotherhood and honor, but at what price?",
    "genres" : [ {
      "id" : 28,
      "name" : "Action"
    }, {
      "id" : 10769,
      "name" : "Foreign"
    } ]
  }, {
    "id" : 187759,
    "title" : "Jeeg contro i Mostri di Roccia",
    "overview" : "",
    "genres" : [ {
      "id" : 16,
      "name" : "Animation"
    } ]
  }, {
    "id" : 187764,
    "title" : "Let's Make Laugh II",
    "overview" : "shaw production",
    "genres" : [ {
      "id" : 35,
      "name" : "Comedy"
    }, {
      "id" : 10749,
      "name" : "Romance"
    } ]
  }, {
    "id" : 187769,
    "title" : "Two Anonymous Letters",
    "overview" : "When her sweetheart Bruno joins the Italian army, Gina, bored by her lack of social life, weds Tullio. She comes to regret her decision when Tullio proves to be a Nazi collaborationist. Casting her lot with the Resistance movement, Gina is forced into a difficult decision when the safety of ex-lover Bruno is endangered by the treachery of Tullio.",
    "genres" : [ {
      "id" : 18,
      "name" : "Drama"
    }, {
      "id" : 10752,
      "name" : "War"
    } ]
  }, {
    "id" : 187799,
    "title" : "The Colombian Connection",
    "overview" : "The year is 1976 and it is a dangerous year in the Straits of Yucatan. The man is Jack Hooks, a former cop set up by his corrupt partner and sent to jail for a drug crime he didn't commit. After being yanked out of prison with an early release deal offered by the DEA, he is sent on a do or die mission; bring down the drug trade of his former partner, Frank Rossi and his contacts. Hooks has no choice but to plunge into the underworld of marijuana smuggling by making one big run through the narrow channel that flows between Cuba and Mexico, also known as \"The Eye\", and into the heart of a violent Colombian drug ring.",
    "genres" : [ {
      "id" : 28,
      "name" : "Action"
    }, {
      "id" : 80,
      "name" : "Crime"
    }, {
      "id" : 9648,
      "name" : "Mystery"
    } ]
  }, {
    "id" : 187804,
    "title" : "Cards, Cads, Guns, Gore, and Death...",
    "overview" : "Short film.",
    "genres" : [ ]
  }, {
    "id" : 187844,
    "title" : "Din fortid er glemt",
    "overview" : "",
    "genres" : [ {
      "id" : 18,
      "name" : "Drama"
    } ]
  }, {
    "id" : 187849,
    "title" : "Det kære København",
    "overview" : "",
    "genres" : [ {
      "id" : 10751,
      "name" : "Family"
    }, {
      "id" : 35,
      "name" : "Comedy"
    } ]
  }, {
    "id" : 187864,
    "title" : "Halima's Path",
    "overview" : "In order to recover the body of her son lost during the war in Bosnia, a grieving, but strong-willed Muslim woman, Halima, must track down her estranged niece, who we find carries a mysterious connection to him.",
    "genres" : [ {
      "id" : 18,
      "name" : "Drama"
    } ]
  }, {
    "id" : 187874,
    "title" : "Remember Me",
    "overview" : "Set in a Victorian haunted mansion, Kelly McGillis as a grieving Mom is being driven mad by a vocal but unseen entity. She believes it to be her son.",
    "genres" : [ ]
  }, {
    "id" : 187879,
    "title" : "Color Cry",
    "overview" : "In 1944 Lye moved to New York City, initially to direct for the documentary newsreel The March of Time. He settled in the West Village, where he mixed with artists who later became the Abstract Expressionists, encouraged New York’s emerging filmmakers such as Francis Lee, taught with Hans Richter, and assisted Ian Hugo on Bells of Atlantis. Color Cry was based on a development of the “rayogram” or “shadow cast” process, using fabrics as stencils, with the images synchronized to a haunting blues song by Sonny Terry, which Lye imagined to be the anguished cry of a runaway slave. —Harvard Film Archive",
    "genres" : [ ]
  }, {
    "id" : 187884,
    "title" : "Canadian Capers",
    "overview" : "“Canadian Capers” was produced by Terrytoons and released on August 23, 1931.  Uniquely, this was assigned to only four animators:  Frank Moser, Jerry Shields, Bill Tytla and Art Babbitt.",
    "genres" : [ ]
  }, {
    "id" : 187889,
    "title" : "The Orchid",
    "overview" : "shaw production",
    "genres" : [ ]
  }, {
    "id" : 187894,
    "title" : "College Capers",
    "overview" : "The Van Beuren animals singing their way through college and then there is hippos vs mice for a college football match.",
    "genres" : [ ]
  }, {
    "id" : 187899,
    "title" : "Queer China, 'Comrade' China",
    "overview" : "This documentary reviews and summarises the development of homosexuality as an issue in the past three decades in China. We interviewed thirty prominent figures in the gay community, who have experienced the changes of views and life-styles regarding homosexuality.",
    "genres" : [ {
      "id" : 99,
      "name" : "Documentary"
    } ]
  }, {
    "id" : 187904,
    "title" : "L'Animal Italien 2",
    "overview" : "",
    "genres" : [ ]
  }, {
    "id" : 187909,
    "title" : "La caverna",
    "overview" : "",
    "genres" : [ ]
  }, {
    "id" : 187924,
    "title" : "Baby Miracle: Jonah and the Whale",
    "overview" : "Infants and toddlers learn the Bible story of Jonah and the Whale with this entertaining and educational video. The tale introduces infants and toddlers to the many wonders of the sea, using colorful footage, toys, puppetry, classical music and popular Christian children's songs. Based on Bible stories, the Baby Miracle video series entertains and educates by helping develop visual skills, music appreciation and language comprehension.",
    "genres" : [ {
      "id" : 10751,
      "name" : "Family"
    } ]
  }, {
    "id" : 187934,
    "title" : "Maciste et les filles de la vallée",
    "overview" : "",
    "genres" : [ ]
  }, {
    "id" : 187939,
    "title" : "Jasmina",
    "overview" : "Asthmatic grandmother named Safa and her six-month baby granddaughter Jasmina, are transferred in a humanitarian convoy from the besieged Sarajevo to a peaceful small city at the Adriatic coast. By a combination of circumstances, their first neighbour is an alcoholic named Stipe. He is constantly causing troubles and making their lives complicated. During one of her asthma attacks, having no other choices, Safa rings Stipe's bell and hands him the baby. Stipe starts to temporarily take care about baby Jasmina. Safa dies at the hospital and now Stipe is left alone with the baby. He's clumsy, even funny. She becomes his only mission in life. He is not ready to give Jasmina away to anyone. He loved her as if his own granddaughter even daughter. Suddenly someone is at the door. Stipe recognises Jasmina's mother. In spite of all his internal struggles, he returns Jasmina to her mother. Stipe stays alone, again.",
    "genres" : [ {
      "id" : 18,
      "name" : "Drama"
    } ]
  }, {
    "id" : 187949,
    "title" : "Romeo's Kiss",
    "overview" : "How do we fall in love? While rehearsing the love scene between Romeo and Juliette, Cécile, Thomas and Jérémie, barely twenty years old, each bring, in their own way, an answer to this question.",
    "genres" : [ ]
  }, {
    "id" : 187954,
    "title" : "The Ballad of Andy Crocker",
    "overview" : "A returning Vietnam veteran finds out that while he was gone his girlfriend has been forced into marrying someone else, his small business is in ruins and that those he once thought were his friends are in short supply.",
    "genres" : [ ]
  }, {
    "id" : 187964,
    "title" : "Love's Labor Won",
    "overview" : "Cubby the Bear is in move and sings about it....",
    "genres" : [ ]
  }, {
    "id" : 187969,
    "title" : "Abstraction",
    "overview" : "Tommy and Gary are criminals engaging in grand thefts in order to make ends meet. They are opportunists and have no fear. After a routine robbery goes awry, the friends are forced to put their criminal activity behind them. As Tommy's relationship flourishes with his new girlfriend Scarlet, his economic hardships become obvious. Scarlet soon proposes a notion that will make all their money troubles vanish - the heist of a half a million dollar painting. With just a short window of opportunity, Tommy and Gary design an ambitious plan, one that will ultimately determine their fate.",
    "genres" : [ {
      "id" : 28,
      "name" : "Action"
    }, {
      "id" : 80,
      "name" : "Crime"
    }, {
      "id" : 18,
      "name" : "Drama"
    } ]
  }, {
    "id" : 187974,
    "title" : "Holland Days",
    "overview" : "Farmer Al Falfa tries to save his Swiss cheese from thieving mice.",
    "genres" : [ {
      "id" : 16,
      "name" : "Animation"
    } ]
  }, {
    "id" : 187979,
    "title" : "The Busy Bee",
    "overview" : "As many insects happily go to work, a working bee sings and declares his love for a butterfly. A spider from a tree above who's jealous of the bee takes the butterfly and kidnaps her to a wooden place that he surrounds with his web. The bee gets help in rescuing his girlfriend from some horseradish flies (which are horses with wings) and the firebugs who ride the flies to the spider's lair and light his web on fire as the bee and butterfly sing like Nelson Eddy and Jennette McDonald for the conclusion...",
    "genres" : [ ]
  }, {
    "id" : 187989,
    "title" : "Kidsknow: Love Hate",
    "overview" : "The best styles, the newest tricks, the personalities you want to see and know, all in one action packed release from KidsKnow productions. Love/ Hate is the video you need to own to get you stoked to go riding this season. Featuring the names you want to see like; Mark Frank Montoya, BJ Lienes, Mikey LeBlanc, TJ Schneider, Joni Makinnen, and Nate Bozung. And the names you will want to know like; Justin Hebbel, Darrel Mathes, Andy Forgash, Jon Kooley and many more...Love/ Hate promises to be one of the best videos of the season. Also be ready for a few trips to the record store, because Love/ Hate has a rocking soundtrack, and tons of DVD extras to keep you laughing, and crying, living, and dying. Once you have seen Love/ Hate you'll never be the same...",
    "genres" : [ ]
  }, {
    "id" : 187999,
    "title" : "Peachhat Two",
    "overview" : "A group of friends showing their good times snowboarding",
    "genres" : [ ]
  }, {
    "id" : 188024,
    "title" : "Starlit Days at the Lido",
    "overview" : "Basically this is a commercial for Hollywood's Lido Lounge and for MGM contract players. The Lido is a large watering hole; we visit one afternoon with an orchestra playing, all sorts of stars and would-be stars sitting at tables near the pool alongside paying customers, and bathing beauties parading and diving. The Lido's manager, Reggy Denny, introduces the stars in the audience. He's sometimes interrupted by someone who does a bit, sings a song, or otherwise entertains: most of these are novelty acts. By the end, everyone's having a swell time.",
    "genres" : [ {
      "id" : 99,
      "name" : "Documentary"
    } ]
  }, {
    "id" : 188029,
    "title" : "Videograss: Enlighten",
    "overview" : "Snowboard Movie Made by Videograss",
    "genres" : [ ]
  }, {
    "id" : 188034,
    "title" : "Goofy Movies Number Three",
    "overview" : "This \"complete show on one reel\" starts with Super-Stupid Picture's \"The Heel of a Nation\", in which the narrator tells a humorous story while the audience sees scenes from a totally unrelated, unidentified silent movie. Then comes a \"Wotaphony\" newsreel. The last segment is a spoof of James A. FitzPatrick's Traveltalk series. We see a Pitts Fatrick Travel Squawk titled \"A Visit to Schnozzle Isle.\" Schnozzle Isle is just off the coast of a Polynesian land which, when seen from the air, has a profile that looks remarkably (or perhaps not so remarkably) like 'Jimmy Durante' .",
    "genres" : [ {
      "id" : 35,
      "name" : "Comedy"
    } ]
  }, {
    "id" : 188044,
    "title" : "Tales from the Organ Trade",
    "overview" : "A look into the underground world of trafficking human body parts.",
    "genres" : [ {
      "id" : 99,
      "name" : "Documentary"
    } ]
  }, {
    "id" : 188049,
    "title" : "Still Orangutans",
    "overview" : "The film tells the story of sixteen people in the hottest day of the year in the city of Porto Alegre.",
    "genres" : [ {
      "id" : 35,
      "name" : "Comedy"
    }, {
      "id" : 18,
      "name" : "Drama"
    } ]
  }, {
    "id" : 188069,
    "title" : "The Wonderful Living Fan",
    "overview" : "As a conjurer awaits an audience, a procession announces the arrival of a royal representative, carried in a sedan chair, to see him. The conjurer then has a large box brought in. It is opened, revealing a very large folding fan. When the fan is spread out, the designs on it begin to change and move. And this is far from the last of the surprises that the conjurer has in store.",
    "genres" : [ {
      "id" : 14,
      "name" : "Fantasy"
    } ]
  }, {
    "id" : 188074,
    "title" : "Cardiac Arrest",
    "overview" : "The \"Missing Heart Murders\" are plaguing San Francisco - dead bodies that turn up with their hears surgically removed! So a weak-stomached homicide cop looks into the possibilities of a black market for human organs, while across town a man must make a difficult decision regarding his wife, who needs a transplant...",
    "genres" : [ {
      "id" : 10749,
      "name" : "Romance"
    }, {
      "id" : 80,
      "name" : "Crime"
    }, {
      "id" : 53,
      "name" : "Thriller"
    }, {
      "id" : 27,
      "name" : "Horror"
    }, {
      "id" : 18,
      "name" : "Drama"
    } ]
  }, {
    "id" : 188079,
    "title" : "Crying for the Carolines",
    "overview" : "This short film is the only surviving example of Leon Schlesinger's \"Spooney Melodies\" series, the precursor to the animated \"Merrie Melodies\"",
    "genres" : [ {
      "id" : 10402,
      "name" : "Music"
    }, {
      "id" : 16,
      "name" : "Animation"
    } ]
  }, {
    "id" : 188084,
    "title" : "Believe It or Not #2",
    "overview" : "The second entry in the Believe It or Not series of shorts begins with Robert Ripley in his office sorting his mail. At the time he received about one million pieces of mail per year, more than any other individual. He shows the audience several of the more oddly addressed envelopes. These include one addressed in Morse code; one in Hebrew, one using the naval flag code; and one with a small tear to the left of a picture of Robert E. Lee (i.e., \"Rip + Lee\" = Ripley). A U.S. marshal then enters the office and arrests Ripley.....",
    "genres" : [ ]
  }, {
    "id" : 188089,
    "title" : "Pizza Man",
    "overview" : "A pizzeria employee who is shot during a robbery, acquires self-healing powers when he eats a genetically-altered tomato and must prevent corporate villains from stealing the formula.",
    "genres" : [ {
      "id" : 28,
      "name" : "Action"
    }, {
      "id" : 878,
      "name" : "Science Fiction"
    } ]
  }, {
    "id" : 188094,
    "title" : "Vices Italiens",
    "overview" : "",
    "genres" : [ ]
  }, {
    "id" : 188104,
    "title" : "Reflections",
    "overview" : "",
    "genres" : [ ]
  }, {
    "id" : 188109,
    "title" : "100 Cries of Terror",
    "overview" : "A husband and his lover hatch a plan to murder his wife, and a woman is buried alive in a mausoleum.",
    "genres" : [ ]
  }, {
    "id" : 188114,
    "title" : "Coping with Cupid",
    "overview" : "",
    "genres" : [ ]
  } ]
}