{
  "movies" : [ {
    "id" : 294849,
    "title" : "Toppers In Concert 2014",
    "overview" : "",
    "genres" : [ {
      "id" : 10402,
      "name" : "Music"
    } ]
  }, {
    "id" : 294854,
    "title" : "Carolina Moon",
    "overview" : "A singing cowboy and his sidekick encounter misunderstandings and rodeo havoc as they try and save a man and daughter from con men.",
    "genres" : [ {
      "id" : 37,
      "name" : "Western"
    } ]
  }, {
    "id" : 294859,
    "title" : "Loaded Pistols",
    "overview" : "A singing cowboy clears a boy accused of murder by finding the real killer.",
    "genres" : [ {
      "id" : 37,
      "name" : "Western"
    } ]
  }, {
    "id" : 294864,
    "title" : "Max Maven: A Fabulous Monster",
    "overview" : "Max Maven is known for performing what seem to be miracles with no possible explanation. He has probably invented more magic tricks than anyone in the history of a field filled with eccentric genius. This profile of Max Maven is built around his lifelong exploration of the twilight regions of human psychology and some of the lesser known regions of show business. Can Max actually read minds or is he creating illusions based on his mastery of certain psychological insights?",
    "genres" : [ ]
  }, {
    "id" : 294869,
    "title" : "Voices from the Forest",
    "overview" : "Sacred sites Researcher Gary Cook wanted to find out whether the faery folk beings are physical or whether they live in another dimension. Maori folklore speaks of the 'Turehu' or 'Patupaiarehe: a small faery folk, 3 to 4 foot tall. Often fair haired or occassionally witnessed with red hair and with green or blue eyes and pale skin. He engaged a camera crew and went into the bush to find out. Never in a million years did he expect to be rewarded so generously when the crew captured a supernatural anomaly on camera. Not only that, during the filming, local farmers, Maori Iwi and Kaumatua came forward with information and testimonials that have made the film an extraordinary experience that will change the way people look at the 'unseen'.",
    "genres" : [ ]
  }, {
    "id" : 294874,
    "title" : "Die Geiseln von Costa Rica",
    "overview" : "",
    "genres" : [ {
      "id" : 12,
      "name" : "Adventure"
    } ]
  }, {
    "id" : 294879,
    "title" : "My Beloved Dearest",
    "overview" : "Sambal Goreng - a traditional dish in the Malay Archipelago - is the metaphor for the sizzle, simmer, spice and flavor of a household wherein resides a Tsunami survivor turned domestic helper who struggles to save her job and her bitter retired employer.",
    "genres" : [ ]
  }, {
    "id" : 294884,
    "title" : "Unsavory Characters",
    "overview" : "A writer gets involved with the wife of a nightclub owner.  Crime drama by Richard W. Haines",
    "genres" : [ {
      "id" : 53,
      "name" : "Thriller"
    }, {
      "id" : 80,
      "name" : "Crime"
    } ]
  }, {
    "id" : 294889,
    "title" : "Männertreu",
    "overview" : "",
    "genres" : [ {
      "id" : 10770,
      "name" : "TV Movie"
    }, {
      "id" : 18,
      "name" : "Drama"
    } ]
  }, {
    "id" : 294894,
    "title" : "Made In Italy",
    "overview" : "In Made in Italy, the young filmmaker Fabio Wuytack discovers an old film which was shot more than 100 years ago in Carrara, Italy, by the inventors of cinema, the Lumière brothers. Fabio decides to bring the film back to the charming little marble city where even Michelangelo came to select marble for his sculptures. With the help of a sinister cinema owner, some rough mineworkers, an enthusiast old priest and other fascinating characters, he tries to find the mythical location where the Lumière brothers filmed. The result is an Italian journey full of commedia del'arte that brings Fabio closer to his roots than he could ever have imagined",
    "genres" : [ {
      "id" : 99,
      "name" : "Documentary"
    } ]
  }, {
    "id" : 294899,
    "title" : "The Teddy Bear",
    "overview" : "Doctors at a rejuvenation clinic discover a formula that will prevent aging.",
    "genres" : [ ]
  }, {
    "id" : 294904,
    "title" : "Headless Hero 2",
    "overview" : "Fai and Theung are good buddies. They want to get some money for gamble and foolishly decide to go to a Chinese graveyard to steal money from a corpse. Careless Theung bangs his head on a coffin and starts bleeding. His dripping blood revives an infamous headless corpse and causing it to awaken from its sleep. The headless corpse starts madly rampaging around the village until an old exorcist brings it under control by keeping its head and body in separate secure places....that is until Mek, a young guy, accidentally revives the headless corpse once again. Now, the headless dead man is alive and ready to hunt.",
    "genres" : [ {
      "id" : 35,
      "name" : "Comedy"
    }, {
      "id" : 27,
      "name" : "Horror"
    } ]
  }, {
    "id" : 294914,
    "title" : "ROH The Summer of Punk",
    "overview" : "Controversial, out-spoken, brash…those are just three words that describe the man known worldwide as CM Punk, and during his tenure in Ring of Honor, he more than lived up to those labels. He also established himself as one of the finest professional wrestlers in the world today with historic bouts against the likes of Samoa Joe, Homicide, Bryan Danielson, &amp; Christopher Daniels, and will forever be considered a legend in ROH.  But for three months in the summer of 2005, Punk shocked Ring of Honor fans &amp; officials alike and it all began one night in June when ROH gathered to bid farewell to one of their own as Punk challenged for the ROH World Title one final time. What happened that evening kicked off three months of chaos as Punk took the World Title hostage and left ROH scrambling to find the man that would dethrone him. They were three of the most exciting, unpredictable, chaotic months in ROH’s history, and they have since come to be known as “The Summer of Punk”…",
    "genres" : [ ]
  }, {
    "id" : 294924,
    "title" : "Wastelander Panda: Exile",
    "overview" : "Banished to the Wasteland, anthropomorphic panda Isaac sets out to find a young girl and reinstate his family into the Tribe of Legion in this feature-length version of the Australian web series.",
    "genres" : [ ]
  }, {
    "id" : 294929,
    "title" : "Where Are They Now?",
    "overview" : "Short story looking at the life of cartoon characters facing reality long after the prime of their heyday...",
    "genres" : [ {
      "id" : 16,
      "name" : "Animation"
    } ]
  }, {
    "id" : 294934,
    "title" : "Die Gummi-Stute",
    "overview" : "",
    "genres" : [ ]
  }, {
    "id" : 294939,
    "title" : "With a Piece of Chalk",
    "overview" : "A young boy called Justen, who went through doleful past, discoveres a way to change his situation greatly.",
    "genres" : [ {
      "id" : 18,
      "name" : "Drama"
    } ]
  }, {
    "id" : 294944,
    "title" : "Du bist entzückend, Rosmarie!",
    "overview" : "",
    "genres" : [ {
      "id" : 35,
      "name" : "Comedy"
    } ]
  }, {
    "id" : 294949,
    "title" : "Timmy's Wish",
    "overview" : "After he's sent to his room for refusing to eat his vegetables, angry little Timmy prays to God to deliver him from his cruel parents. What unfolds next is an irreverent black comedy.",
    "genres" : [ {
      "id" : 35,
      "name" : "Comedy"
    }, {
      "id" : 27,
      "name" : "Horror"
    } ]
  }, {
    "id" : 294954,
    "title" : "The Story of the Pope",
    "overview" : "The public and private life of Eugenio Pacelli, elected Pope Pius XII.",
    "genres" : [ {
      "id" : 99,
      "name" : "Documentary"
    } ]
  }, {
    "id" : 294959,
    "title" : "Valley Uprising",
    "overview" : "In the shady campgrounds of Yosemite valley, climbers carved out a counterculture lifestyle of dumpster-diving and wild parties that clashed with the conservative values of the National Park Service. And up on the walls, generation after generation has pushed the limits of climbing, vying amongst each other for supremacy on Yosemite's cliffs. \"Valley Uprising\" is the riveting, unforgettable tale of this bold rock climbing tradition in Yosemite National Park: half a century of struggle against the laws of gravity -- and the laws of the land.",
    "genres" : [ {
      "id" : 12,
      "name" : "Adventure"
    }, {
      "id" : 99,
      "name" : "Documentary"
    } ]
  }, {
    "id" : 294964,
    "title" : "T.G.I.S.: The Movie",
    "overview" : "Wacks plans a weekend get-away using his father's yacht without him knowing. However, the boat breaks down, forcing the group to stay on a nearby island.",
    "genres" : [ {
      "id" : 10749,
      "name" : "Romance"
    }, {
      "id" : 12,
      "name" : "Adventure"
    }, {
      "id" : 35,
      "name" : "Comedy"
    } ]
  }, {
    "id" : 294969,
    "title" : "37",
    "overview" : "An uptight business woman and her young daughter learn a lot about life and themselves when they travel to rural Mongolia and mix with the locals.",
    "genres" : [ {
      "id" : 18,
      "name" : "Drama"
    } ]
  }, {
    "id" : 294974,
    "title" : "Power and Impotence, a drama in 3 acts",
    "overview" : "Fernando Lugo, the bishop of the poor, won the 2008 presidential elections in Paraguay. After 61 years of hegemony by the Colorado Party and by the dictator Stroessner, this unexpected victory came as a political miracle. But politics is not for saints and the dream turns into a nightmare. Power and Impotence tells the utopia of political change: the adventure of common men accessing power to try and challenge the system from within. In a political thriller settled in stranger-than-fiction Paraguay, we follow their hopes and disappointments from a unique behind-the-scene point of view, until the tragic ending. An uncommon film, an authentic modern Shakespearean drama about power.",
    "genres" : [ ]
  }, {
    "id" : 294979,
    "title" : "Play Hooky",
    "overview" : "Five high school friends skip class in hopes of finding the perfect spot to party. They chose the wrong place. Against all warnings, they break into an abandoned mental hospital, notorious for reports of ghost sightings, satanic rituals and demon possessions. Now, armed only with a camera, they are trapped inside, haunted and hunted by something they cannot stop, reason with, or describe.",
    "genres" : [ {
      "id" : 27,
      "name" : "Horror"
    }, {
      "id" : 80,
      "name" : "Crime"
    }, {
      "id" : 18,
      "name" : "Drama"
    }, {
      "id" : 53,
      "name" : "Thriller"
    } ]
  }, {
    "id" : 294984,
    "title" : "Trade Off",
    "overview" : "A man is forced to re-evaluate the choices he's made in his life.",
    "genres" : [ ]
  }, {
    "id" : 294989,
    "title" : "Vertical Reality",
    "overview" : "Film starring Warren Miller, Chris Waddell",
    "genres" : [ ]
  }, {
    "id" : 294994,
    "title" : "A Passport to Hell",
    "overview" : "Just prior to the outbreak of World War I, in the British West African town of Akkra, English woman Myra Carson becomes involved in a scandal and is deported. While Myra's ship is docked at Duala, in German West Africa, the war breaks out and she finds herself facing internment by the Germans.",
    "genres" : [ {
      "id" : 18,
      "name" : "Drama"
    } ]
  }, {
    "id" : 294999,
    "title" : "Doctor Who: Farewell to Matt Smith",
    "overview" : "Bid the eleventh Doctor, Matt Smith, a fond farewell in this retrospective documentary special about Doctor Who Series five, six and seven - \"the Matt Smith Years.\" This compelling documentary, narrated by Alex Kingston (Doctor Who's River Song), features highlights from Smith's run with interview footage from the man himself, his cast-mates, writers, producers, guest stars and celebrity Whovians.",
    "genres" : [ ]
  }, {
    "id" : 295004,
    "title" : "Weißer Flieder",
    "overview" : "",
    "genres" : [ {
      "id" : 35,
      "name" : "Comedy"
    } ]
  }, {
    "id" : 295009,
    "title" : "Taxi-Kitty",
    "overview" : "",
    "genres" : [ {
      "id" : 35,
      "name" : "Comedy"
    } ]
  }, {
    "id" : 295014,
    "title" : "Die Wirtin von Maria Wörth",
    "overview" : "",
    "genres" : [ {
      "id" : 35,
      "name" : "Comedy"
    } ]
  }, {
    "id" : 295019,
    "title" : "Liebe und Trompetenblasen",
    "overview" : "",
    "genres" : [ {
      "id" : 35,
      "name" : "Comedy"
    } ]
  }, {
    "id" : 295024,
    "title" : "Die Brücke des Schicksals",
    "overview" : "",
    "genres" : [ {
      "id" : 18,
      "name" : "Drama"
    } ]
  }, {
    "id" : 295029,
    "title" : "Rätsel um Beate",
    "overview" : "",
    "genres" : [ {
      "id" : 18,
      "name" : "Drama"
    } ]
  }, {
    "id" : 295034,
    "title" : "Kitchen Girl",
    "overview" : "In Kitchen Girl, Trecartin's frequent collaborator Lizzie Fitch throws herself into a state of total hysteria, portraying a girl who takes the childhood game of \"playing house\" to a dark and disturbing place. After pretending to cook dinner for her \"kids,\" represented by colorful plush toys, she finds them lacking in appreciation of her efforts and throws them out the window. Fitch's overwrought performance is perfectly matched by Trecartin's skillful, hyperkinetic editing. Together they turn Trecartin's kitchen into a dimly lit world of mental trauma. Combining the innocuous with the malevolent, Fitch and Trecartin escort the viewer on a whirlwind tour of household dysfunction, child abuse, and isolation.",
    "genres" : [ ]
  }, {
    "id" : 295039,
    "title" : "Land of My Dreams",
    "overview" : "Bianca and her mother meet again in Porto after many years. Together, they will hit the road with their stripping show, running after lost time, impossible love and strange fantasies.",
    "genres" : [ ]
  }, {
    "id" : 295044,
    "title" : "The Re'Search (Re'Search Wait'S)",
    "overview" : "Re’Search Wait’S comprises four movies: Ready, The Re’Search, Roamie View : History Enhancement, and Temp Stop. The setting is a complicated industry predicated on the supremacy of metaphysically evolved market research. The base commodities are personality traits; while ordinarily they are considered malleable, here they ossify into static examples (“examplize,” to use Trecartin’s term) that can be traded among owners. With market research lording both the supply and demand of existence, characters are wrapped in a knot where their every action is studied, and the findings dictate the brands that pilot everything they do. As a picture of modern consumer society literalized to an extreme, Re’Search Wait’S verges on social science-fiction; and by examplizing Any Ever’s other half into fuel for their own stories, these works tie the seven together as a yin and yang of nihilism and boundless meaning.",
    "genres" : [ ]
  }, {
    "id" : 295049,
    "title" : "Nativity 3: Dude, Where's My Donkey?!",
    "overview" : "This Christmas the pupils of St Bernadette's and their much-loved, madcap teacher Mr. Poppy are back for their biggest adventure yet involving fantastic flashmobs, excitable elves, Christmas carols and of course Archie the donkey! When their new teacher Mr. Shepherd loses his memory and forgets all about Christmas, as well as his fiancée Sophie and the whereabouts of the beloved Archie, it's up to the pupils of St Bernadette's to save the day. Led by the ever enthusiastic Mr Poppy, they embark on a Christmas journey like never before - but time is against them if they are to help Mr Shepherd get to New York in time for his magical yuletide wedding!",
    "genres" : [ {
      "id" : 35,
      "name" : "Comedy"
    } ]
  }, {
    "id" : 295054,
    "title" : "Je vous hais petites filles",
    "overview" : "Kate screams, burns, kisses furiously. But the times are tepid, the music \"cold,\" and Kate can no longer come. Until Julien, who died ten years ago, gives her pleasure again.",
    "genres" : [ ]
  }, {
    "id" : 295059,
    "title" : "Interface",
    "overview" : "Short, German",
    "genres" : [ {
      "id" : 10769,
      "name" : "Foreign"
    } ]
  }, {
    "id" : 295064,
    "title" : "Volume 1: Lilias! Yoga 101 Workout for Beginners",
    "overview" : "If you're ready to begin feeling more relaxed and energized, Lilias! Yoga 101 Workout For Beginners is the right place to start. Lilias Folan, acclaimed yoga expert and popular star of her own PBS-TV series, is your personal instructor for this beginner program. Lilias! Yoga 101 Workout for Beginners will enhance your breathing capacity and help you reduce stress and muscle tension no matter what your age, current level of fitness, or knowledge of yoga. Join Lilias and her easy-to-follow program to start your day with energy and enthusiasm and to end your day feeling renewed and free from built-up tension.",
    "genres" : [ ]
  }, {
    "id" : 295069,
    "title" : "Saturday Night",
    "overview" : "With unprecedented access to the behind the scenes process of the writers, actors and producers, Franco and his crew document what it takes to create one full episode of Saturday Night Live.",
    "genres" : [ {
      "id" : 35,
      "name" : "Comedy"
    }, {
      "id" : 99,
      "name" : "Documentary"
    } ]
  }, {
    "id" : 295074,
    "title" : "The Lesson",
    "overview" : "A devoted teacher in a Latvian high school faces a stark choice between her personal happiness and the pressures of society.",
    "genres" : [ {
      "id" : 18,
      "name" : "Drama"
    } ]
  }, {
    "id" : 295079,
    "title" : "Poppy",
    "overview" : "Poppy is a Performance-Captured CGI drama set on France's western front in World War One. Two New Zealand soldiers are trapped behind enemy lines and are trying to find their way to safety. They find an orphaned baby under it's dead parents in a ditch. One of the men wants to save it, the other does not.",
    "genres" : [ ]
  }, {
    "id" : 295084,
    "title" : "Hautes-Terres",
    "overview" : "",
    "genres" : [ ]
  }, {
    "id" : 295089,
    "title" : "Chante ton Bac d'abord",
    "overview" : "",
    "genres" : [ {
      "id" : 99,
      "name" : "Documentary"
    } ]
  }, {
    "id" : 295094,
    "title" : "Glück in Frankreich",
    "overview" : "",
    "genres" : [ {
      "id" : 18,
      "name" : "Drama"
    } ]
  }, {
    "id" : 295099,
    "title" : "The Go-Go Boys: The Inside Story of Cannon Films",
    "overview" : "The Go-Go Boys tells the inside story of two Israeli-born cousins, the late Menahem Golan and Yoram Globus, who in pursuit of the “American dream” turned the Hollywood establishment upside down. Together they produced more than 300 films and founded the most powerful independent film company in the world, Cannon Films, which was responsible for Israeli and mainstream, Hollywood-blockbuster, action/exploitation hits during the duo’s 1980s hey day, starring the likes of Chuck Norris, Jean-Claude Van Damme and Charles Bronson. Up close and personal, and with the complete cooperation of the film’s subjects, the film examines the complex relationship between two contradictory personalities, whose combined force fueled their successes and eventual split. A film about filmmaking and two dogged, exceptional characters with modest origins taking on the big boys.",
    "genres" : [ {
      "id" : 99,
      "name" : "Documentary"
    } ]
  }, {
    "id" : 295104,
    "title" : "Vom Teufel geholt",
    "overview" : "",
    "genres" : [ {
      "id" : 18,
      "name" : "Drama"
    } ]
  }, {
    "id" : 295119,
    "title" : "The Children Must Learn",
    "overview" : "Educating the children of Appalachia.",
    "genres" : [ ]
  }, {
    "id" : 295124,
    "title" : "Southern Winds",
    "overview" : "an Asian anthology: Mirage, Aliwan Paradise, The Tree Of Life, and The Tokyo Game.",
    "genres" : [ {
      "id" : 18,
      "name" : "Drama"
    } ]
  }, {
    "id" : 295129,
    "title" : "Cover Story",
    "overview" : "A retired judge is brutally shot and with his murderer still at large, his visually impaired neighbor becomes a prime suspect.",
    "genres" : [ ]
  }, {
    "id" : 295134,
    "title" : "God the Father",
    "overview" : "Michael Franzese, the son of a Colombo crime family under boss, recounts his spiritual transformation.",
    "genres" : [ {
      "id" : 99,
      "name" : "Documentary"
    } ]
  }, {
    "id" : 295139,
    "title" : "Point, Point, Comma...",
    "overview" : "A lyric comedy about eight-graders, their life and first love...",
    "genres" : [ {
      "id" : 35,
      "name" : "Comedy"
    }, {
      "id" : 10751,
      "name" : "Family"
    }, {
      "id" : 10749,
      "name" : "Romance"
    } ]
  }, {
    "id" : 295144,
    "title" : "Marvellous",
    "overview" : "Dramatisation of the true story of the life of Neil \"Nello\" Baldwin.  Born with a mild learning disability but without the burden of social embarrassment &amp; how his inexhaustible ability to see the good in any situation overcame any stigma society tried to label him with.",
    "genres" : [ {
      "id" : 18,
      "name" : "Drama"
    }, {
      "id" : 10770,
      "name" : "TV Movie"
    } ]
  }, {
    "id" : 295149,
    "title" : "The Hobart Shakespeareans",
    "overview" : "Rafe Esquith, 1992 American Teacher of the Year and National Medal of Arts recipient, teaches 5th-grade children whose parents don't speak English at a school in a dangerous, poor, drug-infested 100% Latino/Asian neighborhood in Los Angeles.",
    "genres" : [ {
      "id" : 99,
      "name" : "Documentary"
    } ]
  }, {
    "id" : 295154,
    "title" : "Night of the Living Dead",
    "overview" : "Random strangers become trapped in an abandoned farmhouse by an army of the undead.",
    "genres" : [ {
      "id" : 27,
      "name" : "Horror"
    } ]
  }, {
    "id" : 295159,
    "title" : "Marinksy on Screen: LA Bayadere",
    "overview" : "The Mariinsky Theatre’s La Bayadère was filmed live at the annual Stars of the White Nights Festival in St. Petersburg and is an unmissable cinema event for ballet fans.",
    "genres" : [ ]
  }, {
    "id" : 295169,
    "title" : "The Trade Off",
    "overview" : "A man is forced to re-evaluate the choices he's made in his life.",
    "genres" : [ ]
  }, {
    "id" : 295174,
    "title" : "Depressionen",
    "overview" : "Diary of a Disease - prophesied that all psychiatric experience speaks against the described spontaneous healing. The next depression is determined.",
    "genres" : [ {
      "id" : 18,
      "name" : "Drama"
    } ]
  }, {
    "id" : 295179,
    "title" : "Heute und damals",
    "overview" : "",
    "genres" : [ {
      "id" : 10751,
      "name" : "Family"
    } ]
  }, {
    "id" : 295184,
    "title" : "Asylum of the Dead",
    "overview" : "Horror - For decades, Pennhurst psychiatric hospital has been haunted by turbulent supernatural forces. When a television crew embarks on a mission to capture this paranormal activity, they discover something completely unexpected. -  Sarah Roemer, Jake Muxworthy, Mark Rolston",
    "genres" : [ {
      "id" : 27,
      "name" : "Horror"
    } ]
  }, {
    "id" : 295189,
    "title" : "Fake Attorney",
    "overview" : "On his way to Jiangxi, Ren is mistaken for attorney Fong De. Ren disguises himself as Fong De, and wins a dozen lawsuits with the help of Yi, De's daughter. Appointed as an attorney, Ren must confront Ho Zuo, the corrupt magistrate in his hometown.",
    "genres" : [ ]
  }, {
    "id" : 295194,
    "title" : "Isle of Man TT: 2011 Review",
    "overview" : "Relive the action, drama and atmosphere of the amazing 2011 Isle of Man TT fuelled by Monster Energy. The Official Review features comprehensive coverage of every race, practice and the unique festival atmosphere which surrounds the world’s great road race. This is racing at its most extreme – speeds of more than 190mph just inches from hedges, houses and walls.",
    "genres" : [ {
      "id" : 99,
      "name" : "Documentary"
    } ]
  }, {
    "id" : 295199,
    "title" : "Magic Moments",
    "overview" : "Storm Show's ski/ride/adrenaline film lives up to it's name: Magic Moments. Death- defying skier Mike Tierney continues to stack up first descents and speedflier Matt Combs as he skis and soars off previously untamed lines that end in massive cliffs.",
    "genres" : [ ]
  }, {
    "id" : 295204,
    "title" : "Rebuilding the World Trade Center",
    "overview" : "Documentary - Marcus Robinson's inspiring documentary chronicles the reconstruction of the World Trade Center and restoration of the New York City skyline. Eight years in the making, this special focuses on the construction workers who performed the Herculean task. Robinson placed 13 cameras throughout the site to document eight years of progress with stunning time-lapse imagery, and shadowed workers every step of the way as they turned a pile of ashes into a towering testament to imagination and resilience. -  Marcus Robinson, Robert 'Ponch' Billingsley, Scott Zelenak",
    "genres" : [ ]
  }, {
    "id" : 295209,
    "title" : "Forgotten Four: The Integration of Pro Football",
    "overview" : "The EPIX Original Documentary, Forgotten Four: The Integration of Pro Football tells the little-known story of four outstanding and brave African American men – Kenny Washington, Woody Strode, Marion Motley and Bill Willis – who broke the color barrier in pro football in 1946, one year before Jackie Robinson and Branch Rickey were credited with integrating Major League Baseball.  The hardships and triumphs of the Forgotten Four are told through the recollections of their families and those who have researched these remarkable pioneers.",
    "genres" : [ ]
  }, {
    "id" : 295214,
    "title" : "Night Hunter",
    "overview" : "In this handmade film, composed of more than four thousand collages, the actress Lillian Gish is seamlessly appropriated from silent-era cinema and plunged into a new and haunting role. NIGHT HUNTER evokes a disquieting dreamscape, drawn from allegory, myth, and archetype.",
    "genres" : [ ]
  }, {
    "id" : 295219,
    "title" : "Idõugrók - Sötét Jövõ",
    "overview" : "",
    "genres" : [ {
      "id" : 878,
      "name" : "Science Fiction"
    } ]
  }, {
    "id" : 295224,
    "title" : "Dos Maridos baratos",
    "overview" : "Two showgirls need to find husbands in order to collect an inheritance.",
    "genres" : [ ]
  }, {
    "id" : 295229,
    "title" : "Suicide or Lulu and Me in a World Made for Two",
    "overview" : "An inventor creates a camera that can duplicate what it films. Using this camera he attempts to capture and preserve a moment of happiness between himself and his lover in the hope that his duplicate self will be happy forever if the recording is projected in an endless loop.",
    "genres" : [ {
      "id" : 878,
      "name" : "Science Fiction"
    }, {
      "id" : 18,
      "name" : "Drama"
    } ]
  }, {
    "id" : 295234,
    "title" : "LaBrassBanda: Kiah Royal",
    "overview" : "",
    "genres" : [ ]
  }, {
    "id" : 295244,
    "title" : "Zärtliche Erpresserin",
    "overview" : "A drama directed by Beat Lottaz.",
    "genres" : [ {
      "id" : 10770,
      "name" : "TV Movie"
    }, {
      "id" : 18,
      "name" : "Drama"
    }, {
      "id" : 80,
      "name" : "Crime"
    }, {
      "id" : 53,
      "name" : "Thriller"
    } ]
  }, {
    "id" : 295249,
    "title" : "Des Hoyaa Pardes",
    "overview" : "In 1984 the former Indian Prime Minister, Indira Gandhi, was assassinated by her Sikh bodyguards, and since then the Sikhs have been a target of violent backlashes by radicals and the Punjab Police. During 1985 Gursharan Singh Soman lived a peaceful life as a farmer in rural Punjab, along with his elderly parents, Gurdev and Tejpal, and an unmarried sister, Guddi.",
    "genres" : [ {
      "id" : 18,
      "name" : "Drama"
    } ]
  }, {
    "id" : 295254,
    "title" : "11:23 - 09:59 (About Fear)",
    "overview" : "Shortly before graduating, six drama students set off into the Swiss Alps. The aim of their excursion is to test the extent of and overcome their fears using a series of dares. They plan to stay overnight in an underground alpine bunker. As the group initially jokes about the similarity of their situation with THE BLAIR WITCH PROJECT, the game soon turns into an unpredictable trial of courage for them all. This no-budget-horror-experiment from director Stefan Jäger takes us into the uncomfortable underworld of the Swiss réduit, a huge defence complex, the construction of which began before the First World War.",
    "genres" : [ {
      "id" : 27,
      "name" : "Horror"
    } ]
  }, {
    "id" : 295259,
    "title" : "Die Metzger",
    "overview" : "",
    "genres" : [ {
      "id" : 18,
      "name" : "Drama"
    } ]
  }, {
    "id" : 295264,
    "title" : "Wenn wir uns begegnen",
    "overview" : "",
    "genres" : [ {
      "id" : 10770,
      "name" : "TV Movie"
    }, {
      "id" : 18,
      "name" : "Drama"
    } ]
  }, {
    "id" : 295269,
    "title" : "Madonna in Ketten",
    "overview" : "",
    "genres" : [ {
      "id" : 18,
      "name" : "Drama"
    } ]
  }, {
    "id" : 295279,
    "title" : "Back to Back, Face to Face",
    "overview" : "Wang Shuangli is Deputy Director of the local Cultural Centre, and hopes to be appointed Director. However Old Ma is brought in from the country and installed as Director. This starts a long train of events with Wang's cronies using the bureaucracy to try to oust the new director. At home, Wang has problems because his father wants Wang to have a son to carry on the family name. However, because of the one-child policy, Wang cannot have any more children unless his young daughter is certified infirm.",
    "genres" : [ {
      "id" : 18,
      "name" : "Drama"
    } ]
  }, {
    "id" : 295284,
    "title" : "The Next Life",
    "overview" : "In May 2010, Ye Hongmei, a native of Dujiangyan city in Sichuan province, started her Odyssey to xget pregnant again. Her eight year old daughter was killed in the devastating Wenchuan earthquake of 2008, a catastrophe that killed and maimed more than 6000 children. Due to China's one-child policy, most of the grieving families were left childless.",
    "genres" : [ {
      "id" : 10751,
      "name" : "Family"
    }, {
      "id" : 99,
      "name" : "Documentary"
    } ]
  }, {
    "id" : 295289,
    "title" : "The September of Mine",
    "overview" : "(coming soon)",
    "genres" : [ ]
  }, {
    "id" : 295294,
    "title" : "Tomcat: Dangerous Desires",
    "overview" : "Jacki, a scientist involved in genetic research, meets Tom, a young modern dancer who is suffering from a degenerative nerve disease. Jacki experiments with using genetic material taken from a cat to cure him, but the cure has side effects, and Tom begins to take on feline characteristics that may turn him into a monster. The situation is further complicated by Tom's attachment to Imogen--and Jacki's growing jealousy as she fears the loss of her patient and lover.",
    "genres" : [ {
      "id" : 27,
      "name" : "Horror"
    }, {
      "id" : 53,
      "name" : "Thriller"
    } ]
  }, {
    "id" : 295299,
    "title" : "E=mc2",
    "overview" : "4 minute sandanimation about love, life &amp; death.",
    "genres" : [ {
      "id" : 16,
      "name" : "Animation"
    } ]
  }, {
    "id" : 295304,
    "title" : "The Crown of Bogg",
    "overview" : "It is time to crown a new king of the kingdom of Bogg, and King Mildew's son, Milo, seems like the best creature for the job. However, Vandred, the king's brother, has other plans, and intends to put his son, Vandal, on the thrown. He challenges Milo, who must prove his worthiness by retrieving the Crown of Bogg and returning it to the kingdom. The crown has been banned from the kingdom for years because it is cursed, but Mildew and Milo are willing to face the risks of the quest in order to keep Vandred and Vandal from assuming control of the kingdom",
    "genres" : [ {
      "id" : 10751,
      "name" : "Family"
    }, {
      "id" : 14,
      "name" : "Fantasy"
    } ]
  }, {
    "id" : 295309,
    "title" : "EvAbridged 2.0: Shinji Is (Not) A Pussy",
    "overview" : "Second part of abridged movie dedicated to \"Evangelion 1.0: You Are (Not) Alone\".",
    "genres" : [ {
      "id" : 35,
      "name" : "Comedy"
    } ]
  }, {
    "id" : 295314,
    "title" : "L'Oranais",
    "overview" : "",
    "genres" : [ {
      "id" : 36,
      "name" : "History"
    }, {
      "id" : 18,
      "name" : "Drama"
    } ]
  }, {
    "id" : 295324,
    "title" : "The Reunion Dinner",
    "overview" : "The Reunion Dinner, short film by Anthony Chen",
    "genres" : [ ]
  }, {
    "id" : 295329,
    "title" : "The Kármán Line",
    "overview" : "When a mother is hit by a rare condition that sees her lift off the ground at a slow but ever increasing rate, her husband and daughter are forced to come to terms with losing her.",
    "genres" : [ {
      "id" : 14,
      "name" : "Fantasy"
    }, {
      "id" : 18,
      "name" : "Drama"
    }, {
      "id" : 10751,
      "name" : "Family"
    } ]
  }, {
    "id" : 295334,
    "title" : "Ohnsorg Theater - Der rote Unterrock",
    "overview" : "A comedy directed by Wilfried Dziallas.",
    "genres" : [ {
      "id" : 35,
      "name" : "Comedy"
    } ]
  }, {
    "id" : 295339,
    "title" : "The Haunting of Alice D",
    "overview" : "In the late 1890s the Davenport House was a famous and successful brothel, until a young prostitute named Alice killed herself there. After her death, the brothel became haunted by Alice's ghost, and was eventually abandoned. More than a century later, the old structure is renovated into a beautiful mansion. It is still rumored to inhabit the ghost of Alice. Despite this, the new owner; the rich and arrogant heir to the Davenport fortune, decides to throw a wild party for his first night in the house.",
    "genres" : [ {
      "id" : 53,
      "name" : "Thriller"
    }, {
      "id" : 27,
      "name" : "Horror"
    } ]
  }, {
    "id" : 295344,
    "title" : "Jardines Colgantes",
    "overview" : "A Taylor comes to town looking for top-quality leather. From his apartment window, he watches the comings and goings of the other inhabitants. He grows obsessed with a woman who is also desired by the rich, powerful owner of the building. The rivalry between the two men leads to a series of events culminating in a dramatic ending.",
    "genres" : [ ]
  }, {
    "id" : 295354,
    "title" : "Cornell, 1965",
    "overview" : "Lawrence Jordan's portrait of the reclusive artist Joseph Cornell.",
    "genres" : [ {
      "id" : 99,
      "name" : "Documentary"
    } ]
  }, {
    "id" : 295359,
    "title" : "Hydra Decapita",
    "overview" : "The first installment in a trilogy of film essays, Hydra Decapita uses the imaginary world in the concept albums of Detroit based techno duo Drexciya to comment on globalisation, capitalism and climate change.  ‘Drexciya’ is an underwater country populated by the unborn children of pregnant women thrown overboard during the middle-passage of slave ships across the Atlantic. In this world a new species has evolved through the children who survived, breathing and living underwater as they did in the womb. The constellation of historical and present day episodes within the essay explores the relationship between finance, death, abstraction and language.",
    "genres" : [ ]
  }, {
    "id" : 295364,
    "title" : "Bed & Beyond",
    "overview" : "Who says all porn has to be in strange exotic locations? Sometimes the hottest scenes of the years have been shot in bed! Where sex, by the way, usually happens. At it's hottest, in fact in Bed &amp; Beyond. These are intimate one on one (okay, sometimes more) pairings with the hottest boys between the sheets and between each other's cheeks.",
    "genres" : [ ]
  }, {
    "id" : 295369,
    "title" : "The Sea Change",
    "overview" : "Arrogant businessman Rupert Granger (Sean Chapman-\"A Mighty Heart\") is used to getting everything he wants... everything except Alison (Maryam d Abo-\"The Living Daylights\"). Rupert is determined to win her over, only Alison is not the kind who can be bought. He promises to change, but promises will not rescue him when a cancelled flight leaves him stranded at the airport in Spain. Now his only hope to win her back lies in Chas (Ray Winstone-\"The Departed\"), an airline passenger stuck at the airport with him. Chas doesn't tolerate any nonsense, while Rupert complains about everything... but Chas is about to give Rupert the personality makeover of a lifetime, one to put Rupert Granger on the right track to winning Alison back.",
    "genres" : [ {
      "id" : 10749,
      "name" : "Romance"
    }, {
      "id" : 35,
      "name" : "Comedy"
    } ]
  }, {
    "id" : 295374,
    "title" : "Here's Looking at You: A Celebration of Body Art",
    "overview" : "Whether the human body is serving as a canvas for tattoos, piercings or other adornments, one thing is certain: There's no limit to what people can do to their own skin. This fascinating documentary takes a closer look at the diversity of body art via the personal stories of a dozen colorful American \"decorators,\" each of whom has made the choice to embellish his or her body with a variety of jaw-dropping designs.",
    "genres" : [ ]
  }, {
    "id" : 295379,
    "title" : "Oru Oorla Rendu Raja",
    "overview" : "A young doctor decides to expose the inhuman working conditions in a factory run by a selfish owner. Attempts are made on her life, but two aimless drifters whom she encounters on a train come to her rescue.",
    "genres" : [ {
      "id" : 10749,
      "name" : "Romance"
    }, {
      "id" : 35,
      "name" : "Comedy"
    } ]
  }, {
    "id" : 295384,
    "title" : "Karnataka: In Concert",
    "overview" : "Karnataka were winners of the Classic Rock Society Awards for Best New Band and Best Female Vocalist. This DVD is a wonderful showcase for the talents of this Welsh melodic rock band, comprising a 90-minute set of tracks from the band's first two albums (Karnataka and The Storm), and showcasing some new material from their forthcoming album, 'Delicate Flame Of Desire'. The DVD also includes a photo gallery and a 'Rock Vault' of clips from other Classic Rock DVDs.",
    "genres" : [ {
      "id" : 10402,
      "name" : "Music"
    } ]
  }, {
    "id" : 295389,
    "title" : "Decameron proibitissimo (Boccaccio mio statte zitto)",
    "overview" : "A group of people, to escape the plague, took refuge in the palace of Messer Gianni, to pass the time telling some stories.",
    "genres" : [ {
      "id" : 35,
      "name" : "Comedy"
    } ]
  } ]
}