{
  "movies" : [ {
    "id" : 388739,
    "title" : "Byzuch 2",
    "overview" : "",
    "genres" : [ ]
  }, {
    "id" : 388744,
    "title" : "Comedy Hirten - Mörderisch Reloaded",
    "overview" : "",
    "genres" : [ ]
  }, {
    "id" : 388749,
    "title" : "A Notre Regrettable Epoux",
    "overview" : "",
    "genres" : [ ]
  }, {
    "id" : 388754,
    "title" : "New Zealand - Home of Middle-earth - Part 3",
    "overview" : "Cast and crew members discuss New Zealand being an ideal filming location for the \"Hobbit\" films. Comes with the extended version of 'The Battle of the Five Armies'.",
    "genres" : [ ]
  }, {
    "id" : 388759,
    "title" : "Only Fools and Horses - The Frogs Legacy",
    "overview" : "Trotters Independent Trading is causing mayhem with their faulty RAJAH computers. Rodders gets a new job at a funeral directors, while Albert and Del hit the health market with their miracle cure body massagers. At the wedding of Trigger's niece, the Trotters hear the tale of Freddy the Frog, a bank robber and close friend of the boys' mother. He left everything in his will to their mum, including missing gold bullion. While Del hunts for treasure, Rodney puzzles over Freddy and his mother's 'friendship' - and a son who would by now be his own age.",
    "genres" : [ ]
  }, {
    "id" : 388764,
    "title" : "Bounty Hunters",
    "overview" : "Lee Shan and Ayo are ex-Interpol agents who are now bounty hunters, chasing fugitives for cash rewards. When the two of them are framed for a hotel-bombing, they join hands with a legendary bounty hunter named Cat, along with her teammates, to find the real bomber.",
    "genres" : [ {
      "id" : 28,
      "name" : "Action"
    }, {
      "id" : 12,
      "name" : "Adventure"
    }, {
      "id" : 35,
      "name" : "Comedy"
    } ]
  }, {
    "id" : 388769,
    "title" : "Only Fools and Horses - Rodney Come Home",
    "overview" : "When Rodney and Cassandra have another major falling out, Rodney plans to make Cassandra jealous by going on a date with someone else. Upon hearing this, Del Boy is determined to stop Rodney making a huge mistake before Cassandra finds out.",
    "genres" : [ {
      "id" : 35,
      "name" : "Comedy"
    } ]
  }, {
    "id" : 388774,
    "title" : "Order",
    "overview" : "This off-beat psychological drama by Sohrab Shahid Saless dissects German post-war society with a cutting edge. Herbert (Heinz Lieven) is a solid, middle-class engineer who one day quits his job and ensconces himself at home (preferably in the bathroom), refusing to say very much to anyone. His wife (Dorothea Moritz ) is all the more upset at his behavior because on Sunday mornings he goes out into the street and yells at the top of his lungs for everyone to \"get up.\" Eventually, the hard-working wife who is also earning their support convinces Herbert to go to a clinic for treatment. But is it a clinic he needs? Or is Herbert rebelling against a society that is too ordered, too sterile, too buried in the monotony of routine?",
    "genres" : [ {
      "id" : 18,
      "name" : "Drama"
    } ]
  }, {
    "id" : 388779,
    "title" : "Do or Do Not. There Is No Try.",
    "overview" : "During the production of my Jabba documentary short, Slimy Piece of Worm Ridden Filth, I was put in contact with Toby Philpott’s colleague and Jabba’s right hand man. Literally, his right hand man, puppeteer Dave Barclay. Dave helped us, along with Toby (Jabba’s left arm), Mike Edmonds (tail) and John Coppinger (animatronic engineer) to reconstruct just how it was inside that filthy Hutt. And of course it couldn’t have been done without the amazing work of Eletrographica aka Pete Starling, who rendered all that information into a multilayered illustration.\r Dave was so impressed with the Jabba documentary that he asked if I would consider doing one on Yoda. Dave aged just 19 in 1979 was involved in building and puppeteering Yoda for The Empire Strikes Back. After a few email exchanges, Dave kindly found time between his work on The Muppet Show for an interview.",
    "genres" : [ ]
  }, {
    "id" : 388784,
    "title" : "The Girl with Golden Hair",
    "overview" : "Antonis Katsaris stars as a teacher in the small village of Zante who fights the growing desire of many locals to abandon the village for the big city or other countries. He works hard to organize traditional cultural events, such as outdoor performances of the traditional play I Chrissomalloussa, in order to solidify local values and a sense of identity. The teacher is aided by a young woman, a widow who has just returned from Germany and lives with her father-in-law. Kazan walks away with the film, as his sinister desires for his daughter-in-law are inflamed when he sees that she has fallen in love with the teacher. These developments lead him to whip up protests against the play by conservative locals, claiming that the teacher has changed the traditional story by adding elements of propaganda with the potential of causing peasant uprisings. The result is an unexpectedly violent example of social censorship.",
    "genres" : [ ]
  }, {
    "id" : 388794,
    "title" : "Alice in Spanish Wonderland",
    "overview" : "Four different Alices wander through mazes constructed from 40 years of Spanish history in this post-Franco meditation. Loosely related to the \"Alice\" of Alice in Wonderland, in one episode of this film, Alice (who is clearly a metaphor for the Spanish people) is raped by some multinational corporations. Told in a somewhat confusing manner, especially for those unfamiliar with the nuances of Spain's history in the period between 1936 and 1975, this is director Jorge Feliu's first feature film.",
    "genres" : [ {
      "id" : 14,
      "name" : "Fantasy"
    }, {
      "id" : 18,
      "name" : "Drama"
    } ]
  }, {
    "id" : 388799,
    "title" : "25",
    "overview" : "Documentary made in Mozambique about its process of independence and President Samora Machel's revolutionary government.",
    "genres" : [ ]
  }, {
    "id" : 388804,
    "title" : "La Muerte De Sebastian Arache Y Su Pobre Entierro",
    "overview" : "Directed by Nicolás Sarquís",
    "genres" : [ ]
  }, {
    "id" : 388809,
    "title" : "Saratan",
    "overview" : "Episodic portrait of the absurdities of Kyrgyz village life in the summer.",
    "genres" : [ ]
  }, {
    "id" : 388814,
    "title" : "Shaman Psalm",
    "overview" : "The love shaman calls for a sexual revolution of the body politic urging mankind into a new love age.",
    "genres" : [ ]
  }, {
    "id" : 388819,
    "title" : "Los libros y la noche",
    "overview" : "Documentary about Jorge Luis Borges on the occasion of his 100th birthday",
    "genres" : [ ]
  }, {
    "id" : 388824,
    "title" : "Study No. 11",
    "overview" : "An abstract to music from \"Eine Kleine Nachtmusik\" by Mozart.",
    "genres" : [ ]
  }, {
    "id" : 388829,
    "title" : "Di' asimanton aformin",
    "overview" : "",
    "genres" : [ ]
  }, {
    "id" : 388834,
    "title" : "Death Row",
    "overview" : "The death penalty in the United States is as old as the country itself, with roots to the original European settlements. During this time over 15,000 men and women have been executed, eventually spurring a heated debate about this ultimate punishment.  Featuring interviews and commentary from leading criminal and sociology experts, this documentary takes an inside look at the origins of America's capital punishment laws, the methods of execution, and the faces of evil who have received the death sentence including Ted Bundy, Timothy McVeigh, and John Wayne Gacy. Also get a glimpse into the prison cells and lives of those who await their fate on Death Row.",
    "genres" : [ {
      "id" : 99,
      "name" : "Documentary"
    } ]
  }, {
    "id" : 388839,
    "title" : "The Bridge",
    "overview" : "The efforts of a community to build a bridge which would allow their children to go school during the rainy season.",
    "genres" : [ {
      "id" : 99,
      "name" : "Documentary"
    }, {
      "id" : 18,
      "name" : "Drama"
    } ]
  }, {
    "id" : 388844,
    "title" : "Les vautours",
    "overview" : "Although he is something of a layabout, and is still living with his mother, her death comes as something of a shock to Louis Pelletier (Gilbert Sicotte). Still, he has hopes of some sort of legacy and believes that his relatives will help him find a job. All his hopes are dashed when, before the funeral, his three aunts come to Quebec City to settle their sister's estate. As grasping and efficient a crew as ever strode a parlor, by the time they leave, the estate has been cleaned to the bones, as if by vultures.",
    "genres" : [ ]
  }, {
    "id" : 388849,
    "title" : "Erica Minor",
    "overview" : "Directed by Bertrand Van Effenterre",
    "genres" : [ ]
  }, {
    "id" : 388854,
    "title" : "The Truth About the Imaginary Passion of an Unknown",
    "overview" : "A very personal interpretation, to say the least, of the passion of the Christ According to St. John.",
    "genres" : [ {
      "id" : 18,
      "name" : "Drama"
    } ]
  }, {
    "id" : 388859,
    "title" : "Hannibal",
    "overview" : "Directed by Xavier Koller",
    "genres" : [ ]
  }, {
    "id" : 388864,
    "title" : "Arichan the Ant",
    "overview" : "Arichan the Ant finds a violin in a sandbox and keeps it. However, realizing how important it is to its owner, he returns it to her.",
    "genres" : [ {
      "id" : 16,
      "name" : "Animation"
    } ]
  }, {
    "id" : 388869,
    "title" : "The Magic Pen",
    "overview" : "A western occupation propaganda film in which a boy repairs a western style doll that comes to life and uses a magic pen to rebuild his bleak and war torn world into a happy place resembling western civilization.",
    "genres" : [ {
      "id" : 16,
      "name" : "Animation"
    } ]
  }, {
    "id" : 388874,
    "title" : "Muku no Ki no Hanashi",
    "overview" : "Short animated film  from 1947",
    "genres" : [ {
      "id" : 16,
      "name" : "Animation"
    } ]
  }, {
    "id" : 388879,
    "title" : "Tekusuke Monogatari",
    "overview" : "Short animated film by Mitsuyo Seo",
    "genres" : [ {
      "id" : 16,
      "name" : "Animation"
    } ]
  }, {
    "id" : 388884,
    "title" : "Come le foglie",
    "overview" : "",
    "genres" : [ {
      "id" : 35,
      "name" : "Comedy"
    } ]
  }, {
    "id" : 388889,
    "title" : "The Displaced",
    "overview" : "War has driven 30 million children from their homes. These are the stories of three of them.",
    "genres" : [ ]
  }, {
    "id" : 388894,
    "title" : "Earth Encounter",
    "overview" : "An intergalactic alien stops by earth for an impromptu party. Unfortunately for Earth, the FBI are the first to arrive...",
    "genres" : [ ]
  }, {
    "id" : 388899,
    "title" : "Bianco di Babbudoiu",
    "overview" : "",
    "genres" : [ {
      "id" : 35,
      "name" : "Comedy"
    } ]
  }, {
    "id" : 388904,
    "title" : "1916: The Irish Rebellion",
    "overview" : "The documentary - featuring a combination of rarely seen archival footage, new segments filmed on location worldwide, and interviews with leading international experts - also uncovers the untold story of the central role Irish-Americans played in the lead-up to the rebellion. Although defeated militarily, the men and women of the Easter Rising would wring a moral victory from the jaws of defeat and inspire countless freedom struggles throughout the world - from Ireland to India.",
    "genres" : [ {
      "id" : 99,
      "name" : "Documentary"
    }, {
      "id" : 36,
      "name" : "History"
    }, {
      "id" : 10770,
      "name" : "TV Movie"
    } ]
  }, {
    "id" : 388909,
    "title" : "Suththi",
    "overview" : "A spoof of the Tamil film Kaththi, Suththi highlights the toilet problem in rural areas of south India.",
    "genres" : [ {
      "id" : 35,
      "name" : "Comedy"
    } ]
  }, {
    "id" : 388914,
    "title" : "No Place for a Lady",
    "overview" : "William Gargan and Margaret Lindsay, stars of Columbia's \"Ellery Queen\" series, were reunited for the like-minded comedy/mystery No Place for a Lady. Gargan plays private eye Jess Arno, while Lindsay is Jess' ever-faithful, long-suffering fiancee June Terry.",
    "genres" : [ {
      "id" : 9648,
      "name" : "Mystery"
    }, {
      "id" : 80,
      "name" : "Crime"
    }, {
      "id" : 18,
      "name" : "Drama"
    } ]
  }, {
    "id" : 388919,
    "title" : "Katok",
    "overview" : "On his first day as a beggar, Jepoy is dropped off on the streets as his new life working under syndicates begin.",
    "genres" : [ {
      "id" : 18,
      "name" : "Drama"
    } ]
  }, {
    "id" : 388924,
    "title" : "The Ghost That Walks Alone",
    "overview" : "Honeymooners find a dead radio producer in their suite.",
    "genres" : [ {
      "id" : 9648,
      "name" : "Mystery"
    }, {
      "id" : 35,
      "name" : "Comedy"
    }, {
      "id" : 80,
      "name" : "Crime"
    } ]
  }, {
    "id" : 388929,
    "title" : "Oktopus",
    "overview" : "On the day of their friend’s funeral, three old ladies argue who’s going to die next.",
    "genres" : [ {
      "id" : 35,
      "name" : "Comedy"
    }, {
      "id" : 18,
      "name" : "Drama"
    } ]
  }, {
    "id" : 388934,
    "title" : "National Geographic. Bigger Than T.Rex.",
    "overview" : "",
    "genres" : [ ]
  }, {
    "id" : 388939,
    "title" : "Alice in Chains: [2010] Bilbao BBK Live",
    "overview" : "Rain When I Die, Them Bones, Dam That River, Again, Check My Brain, Your Decision, Love, Hate, Love, We Die Young, Acid Bubble, Nutshell (dedicated to Layne Staley), Man in the Box, Would?, Rooster (with Mike McCready)",
    "genres" : [ ]
  }, {
    "id" : 388944,
    "title" : "Civil War Sickness",
    "overview" : "A young woman examines her eating disorder recovery. She consciously resists the temptation to rely on visuals of starvation and specific body weights, instead seeking to articulate the deeper questions: why do eating disorders develop? Why do eating disorders persist? And how does healing happen?",
    "genres" : [ {
      "id" : 99,
      "name" : "Documentary"
    } ]
  }, {
    "id" : 388949,
    "title" : "Nekros",
    "overview" : "The end of the tourist season on the beautiful island of Nekros turns into a nightmare for tour rep Ellie after a series of gruesome murders. Realizing she can't trust anyone she begins to doubt her own sanity. Is she losing her mind or is she somehow involved in the bizarre world she now finds herself in?",
    "genres" : [ {
      "id" : 53,
      "name" : "Thriller"
    } ]
  }, {
    "id" : 388954,
    "title" : "Battle For The Skies The Definitive History Of The Royal Air Force Part 1",
    "overview" : "The Royal Air Force (RAF) is among the most gloried air forces in the history of air combat, and the oldest independent air force in the world. Made with the full support\r and cooperation of the Royal Air Force, Battle for the Skies is the definitive film history of the RAF from the early days of the Air Battalion and the Royal Flying Corps right up\r to its role in the Afghanistan and Iraqi wars. This 90th anniversary edition is one of the most detailed and visually compelling aviation series ever made.",
    "genres" : [ ]
  }, {
    "id" : 388959,
    "title" : "The Adventures of Petey and Friends",
    "overview" : "Desert Sky Air Force Base is instructed to carry out an urgent mission. Petey, a new fighter plane, arrives by forced landing. Petey is determined to carry out the most important task by himself and rescue his best friend.",
    "genres" : [ {
      "id" : 12,
      "name" : "Adventure"
    }, {
      "id" : 16,
      "name" : "Animation"
    }, {
      "id" : 35,
      "name" : "Comedy"
    } ]
  }, {
    "id" : 388964,
    "title" : "Anthrax: [1994] Live in Charlotte",
    "overview" : "Caught in a Mosh, Got the Time (Joe Jackson cover), Room for One More, Potters Field, Antisocial (Trust cover), This Is Not an Exit, Indians, Hy Pro Glo, In My World, Looking Down the Barrel of a Gun (Beastie Boys cover), Only, Madhouse, Startin' Up a Posse, Bring the Noise (Public Enemy cover)",
    "genres" : [ ]
  }, {
    "id" : 388969,
    "title" : "The Woman Who Dreamed",
    "overview" : "Something changes in the relationship of Achilleas and Anna when she starts to dream vividly and insists on relating her dreams to her husband. He is a barrister in the middle of an important murder trial and his temper becomes frayed with Anna's seeming indifference and involvement and preoccupation with her dream world.",
    "genres" : [ {
      "id" : 14,
      "name" : "Fantasy"
    }, {
      "id" : 18,
      "name" : "Drama"
    } ]
  }, {
    "id" : 388974,
    "title" : "The Boy I Love",
    "overview" : "",
    "genres" : [ {
      "id" : 10749,
      "name" : "Romance"
    } ]
  }, {
    "id" : 388979,
    "title" : "Haert wo tsukame",
    "overview" : "",
    "genres" : [ ]
  }, {
    "id" : 388984,
    "title" : "Una cuestión de etiqueta",
    "overview" : "We will never forget you.",
    "genres" : [ {
      "id" : 35,
      "name" : "Comedy"
    } ]
  }, {
    "id" : 388989,
    "title" : "Welcome",
    "overview" : "A black screen. Four voices are heard. Two men are telling and repeating to two others that they are “welcome to the region”. Gradually, the situation becomes clearer: the filmmaker, Zhu Rikun, is on a shoot in Sichuan. His interest is in the lung diseases that plague the region’s workers, a health problem already present in his film Dust and which the Chinese State is trying to hush up. So here he is, invited to a brief interview with the local authorities, which is audio-recorded and played back in full in the film. A raw document that bares the methods of power: the insistence of the censors, their successive changes in strategy ranging from sugar-coated threats to the express demand that the images be destroyed, which only fuels the desire to bear witness even further.",
    "genres" : [ ]
  }, {
    "id" : 388994,
    "title" : "Ayla",
    "overview" : "A man haunted by the mysterious death of his 4-year-old sister brings her back to life thirty years later as an adult woman, with dire consequences.",
    "genres" : [ {
      "id" : 53,
      "name" : "Thriller"
    }, {
      "id" : 18,
      "name" : "Drama"
    }, {
      "id" : 27,
      "name" : "Horror"
    } ]
  }, {
    "id" : 388999,
    "title" : "Subotika: Land of Wonders",
    "overview" : "Subotika, a little-known island on the other side of the globe. An enchanting country with extraordinary sights, grand visions and a couple of minor problems.",
    "genres" : [ {
      "id" : 35,
      "name" : "Comedy"
    }, {
      "id" : 99,
      "name" : "Documentary"
    } ]
  }, {
    "id" : 389009,
    "title" : "Zwartziek",
    "overview" : "Directed by Jacob Bijl",
    "genres" : [ ]
  }, {
    "id" : 389014,
    "title" : "Dangerous Odds",
    "overview" : "A beautiful woman teams up with a dangerous bookie to form a sports betting empire.",
    "genres" : [ ]
  }, {
    "id" : 389019,
    "title" : "Billy Rose's Casa Mañana Revue",
    "overview" : "The scene is set at Billy Rose's Casa Manana Revue, filmed at the Fort Worth Frontier Fiesta (1937), an enormous production created as part of the Texas Centennial civic celebrations. The opening song, \"The Night Is Young And You're So Beautiful\" emanated from the first edition of the Revue and became a hit song on two continents in 1936.",
    "genres" : [ {
      "id" : 10402,
      "name" : "Music"
    } ]
  }, {
    "id" : 389024,
    "title" : "The Wise Guys",
    "overview" : "In this French Canadian film, when the provincial government tries to move two young farmers from their land to make way for development, the two fight back, accidentally killing a policeman and becoming outlaws in the process.",
    "genres" : [ ]
  }, {
    "id" : 389029,
    "title" : "The Death of Captain Pilecki",
    "overview" : "Captain Witold Pilecki was a Polish intelligence officer during WWII who volunteered for a Polish resistance operation to get imprisoned in the German Nazi Concentration and Extermination Camp Auschwitz-Birkenau in order to gather intelligence and enable the Polish government-in-exile to inform the allies about the ongoing Holocaust in occupied Poland. The film also tells the story of Witold Pilecki’s fate at the hands of the Communist government after the end of WWII. The film is a reconstruction of the trial which took place in Warsaw during the communist regime in Poland. Captain Pilecki described his investigation as more cruel than his stay at Auschwitz.",
    "genres" : [ ]
  }, {
    "id" : 389034,
    "title" : "A Hole in the Ground",
    "overview" : "An ambitious, enthusiastic young geologist is entangled in bureaucratic red tape when he tries to drill for oil. Frustrated with the situation, he torches an abandoned mill, ignores his girlfriend, and fights with his friends who do not share his exuberance about the project. The feature premiered at the Karlovy Vary Film Festival",
    "genres" : [ ]
  }, {
    "id" : 389039,
    "title" : "Brother Carl",
    "overview" : "Two women, Karen (theatre director) and Lena, visit an island, a Swedish resort, where Lena's ex-husband, Martin (choreographer), lives in comparative seclusion with a mentally disturbed ballet dancer named Carl. Carl is brother by guilt rather than blood, for Martin is somehow responsible for his breakdown.",
    "genres" : [ ]
  }, {
    "id" : 389044,
    "title" : "The Together Project",
    "overview" : "Samir, a lanky crane operator in Montreuil, falls madly for Agathe. As master swimmer at the pool Thorez he decides to take swimming lessons with her. But the lie does not last three lessons - Agathe hate liars. Chosen to represent the Seine-Saint-Denis, Agathe flies to Iceland for the 10th Congress of the International Masters Swimming. Samir has no choice but to fly in turn also.",
    "genres" : [ {
      "id" : 18,
      "name" : "Drama"
    }, {
      "id" : 35,
      "name" : "Comedy"
    }, {
      "id" : 10749,
      "name" : "Romance"
    } ]
  }, {
    "id" : 389054,
    "title" : "2014 AFL Grand Final",
    "overview" : "The 2014 AFL Grand Final was an Australian rules football game contested between Sydney Swans and the Hawthorn Football Club at the Melbourne Cricket Ground on 27 September 2014. It was the 118th annual Grand Final of the Australian Football League, staged to determine the premiers for the 2014 AFL season. The match, attended by 99,460 spectators, was won by Hawthorn by a margin of 63 points, marking the club's second consecutive premiership and twelfth VFL/AFL premiership victory overall. Hawthorn's Luke Hodge was awarded the Norm Smith Medal as the best player on the ground.",
    "genres" : [ ]
  }, {
    "id" : 389059,
    "title" : "Bezness As Usual",
    "overview" : "Like his Swiss half-sister Jasmin, Dutch filmmaker Alex Pitstra is the child of a European mother and a Tunisian playboy father. The majority of their lives their father was absent, but after more than twenty years Alex invites Jasmin to travel to Tunisia with him. They want to reconnect with their Tunisian roots and find out how their father and his family relate to the 'bezness' phenomenon of North-African men roaming beaches and hotels, trying to seduce western women.",
    "genres" : [ {
      "id" : 99,
      "name" : "Documentary"
    } ]
  }, {
    "id" : 389064,
    "title" : "Mga Kulay Sa Labas Ng Linya",
    "overview" : "A map of the experiences of children living in “informal” settlements inside the UP Diliman campus shows the possibility of a shared space, different from how students, professors and employees have come to know the university.",
    "genres" : [ {
      "id" : 99,
      "name" : "Documentary"
    } ]
  }, {
    "id" : 389069,
    "title" : "Danzig: [1998] Bizarre Festival",
    "overview" : "Mother  7th House  It's Coming Down  Until You Call on the Dark  Sacrifice  Snakes of Christ  Dirty Black Summer  Her Black Wings  Deep  Twist of Cain  Bringer of Death  Death Comes Ripping",
    "genres" : [ ]
  }, {
    "id" : 389074,
    "title" : "Untitled Michael Edward Staley Project",
    "overview" : "A brief biopic of the rise and fall of a professional spokesman.",
    "genres" : [ {
      "id" : 35,
      "name" : "Comedy"
    }, {
      "id" : 18,
      "name" : "Drama"
    } ]
  }, {
    "id" : 389079,
    "title" : "Dio: [1987] Monsters of Rock Italy",
    "overview" : "Neon Knights  Naked in the Rain  Dream Evil  Rock 'n' Roll Children  Long Live Rock 'n' Roll  Man on the Silver Mountain  All the Fools Sailed Away  Sunset Superman  Rainbow in the Dark",
    "genres" : [ ]
  }, {
    "id" : 389089,
    "title" : "When the Cookie Crumbles",
    "overview" : "Japanese film directed by Tadashi Imai.",
    "genres" : [ {
      "id" : 18,
      "name" : "Drama"
    } ]
  }, {
    "id" : 389094,
    "title" : "Pregnant and Pounded 3",
    "overview" : "3 Pregnant Pussies! Logan Lace At 8 Months Pregnant. At 8 months pregnant Logan Lace is horny as ever and when we brought in a young stud she was more than happy to get pounded on film. Logan took his big cock in her mouth like she was starving and had him rock hard in no time. Sierra Simmons found out she was 4 months pregnant she decided to make a bit of extra money doing what she loves. . . fucking!  At 8 months, she came back for another on camera pounding! Kaylie Kyrah Taboo Pregnancy And She Takes It In The Ass!",
    "genres" : [ ]
  }, {
    "id" : 389099,
    "title" : "The Other Wife",
    "overview" : "Kate is devastated to learn that her husband Billy has been living a double life.",
    "genres" : [ {
      "id" : 18,
      "name" : "Drama"
    }, {
      "id" : 53,
      "name" : "Thriller"
    } ]
  }, {
    "id" : 389104,
    "title" : "Queensrÿche: [2012] M3 Rock Festival",
    "overview" : "Queensrÿche at Merriweather Post Pavilion, Columbia, MD, USA  on May 12, 2012 (M3 Rock Festival). Setlist: 01. Get Started / 02. Damaged / 03. I Don't Believe in Love / 04. Hit the Black / 05. I'm American / 06. NM 156 / 07. Screaming in Digital / 08. The Lady Wore Black  / 09. Walk in the Shadows / 10. Silent Lucidity / 11. Jet City Woman / 12. Empire / 13. Eyes of a Stranger",
    "genres" : [ {
      "id" : 10402,
      "name" : "Music"
    } ]
  }, {
    "id" : 389109,
    "title" : "When Elephants Were Young",
    "overview" : "A young man and his young elephant street beg in gritty Bangkok amid the controversial elephant business that threatens their survival, until the opportunity comes to release the elephant to the wild.",
    "genres" : [ {
      "id" : 12,
      "name" : "Adventure"
    }, {
      "id" : 99,
      "name" : "Documentary"
    }, {
      "id" : 18,
      "name" : "Drama"
    }, {
      "id" : 10751,
      "name" : "Family"
    } ]
  }, {
    "id" : 389114,
    "title" : "Weekends",
    "overview" : "Every weekend, the gay male choir G-Voice rehearses in Seoul. The choir, being a kind of antidote to homophobic Korean society, makes the everyday lives of gay men its theme in an intelligent and humorous way. For their tenth anniversary, the members are planning to give their first big concert with ambitious arrangements, creative choreographies and many new pieces. Besides preparing for their big day, G-Voice are also politically active, singing for equality and against discrimination.",
    "genres" : [ {
      "id" : 99,
      "name" : "Documentary"
    } ]
  }, {
    "id" : 389119,
    "title" : "Fear Factory: [2015] Resurrection Fest",
    "overview" : "Shock  Edgecrusher  Smasher/Devourer  Powershifter  Damaged  Protomech  Soul Hacker  What Will Become?  Martyr  Scapegoat  Demanufacture  Replica  Zero Signal",
    "genres" : [ ]
  }, {
    "id" : 389124,
    "title" : "Ghost: [2013] Rock in Rio",
    "overview" : "Masked Ball  Infestissumam  Per Aspera ad Inferi  Con Clavi Con Dio  Prime Mover  Secular Haze  Stand by Him  Genesis  Year Zero  Ritual  Ghuleh/Zombie Queen  Monstrance Clock",
    "genres" : [ ]
  }, {
    "id" : 389134,
    "title" : "Coming Out",
    "overview" : "Following a series of gay teen suicides, a deeply closeted student confronts his repressed sexuality in search of acceptance from his family, community, and himself.",
    "genres" : [ {
      "id" : 99,
      "name" : "Documentary"
    } ]
  }, {
    "id" : 389144,
    "title" : "Only Fools and Horses - Diamonds are for Heather",
    "overview" : "Derek Trotter has the Yuletide Blues, and drinks away his loneliness in Spanish night at The Nag's Head. There he meets Heather, who seems to be one friend short of company. Del Boy, ever the gentleman, entertains her and sees her home safely. At her flat he discovers that she has a young son, to a husband who seems to have joined a very long queue at the Job Centre 18 months ago and not come back. In no time at all their romance blossoms, and all is running so smoothly Del decides to propose. However, when he takes her for a candle-lit curry, she refuses his offer of marriage. Her husband has returned, employed as a department store Santa, and she wants to give it another go... leaving Del Boy without an angel for Christmas.",
    "genres" : [ ]
  }, {
    "id" : 389149,
    "title" : "Trans-Cutucú",
    "overview" : "Documentary about a road being built in the Amazonian rainforest, and the effect it has on the native population.",
    "genres" : [ {
      "id" : 99,
      "name" : "Documentary"
    } ]
  }, {
    "id" : 389154,
    "title" : "Death of an Angel",
    "overview" : "Grace, a priest, tracks her missing daughter to a religious community where the strange father Angel is keeping a wooden Jesus figure that sheds actual blood. When the cross is stolen, Grace decides to help out to get her daughter back.",
    "genres" : [ {
      "id" : 18,
      "name" : "Drama"
    } ]
  }, {
    "id" : 389164,
    "title" : "The Making of 'Lords of Dogtown'",
    "overview" : "A short documentary showing the making of the movie 'Lords of Dogtown'.",
    "genres" : [ {
      "id" : 99,
      "name" : "Documentary"
    } ]
  }, {
    "id" : 389169,
    "title" : "The Machine",
    "overview" : "Directed by Jerzy Rozenberg and Arlene Shermann",
    "genres" : [ ]
  }, {
    "id" : 389174,
    "title" : "Christs in the Thousands",
    "overview" : "When a museum depicting the violence man inflicts on himself opens, a doctor, a woman and a museum official go through the building before the grand opening. Discussing the subject matter, their attention quickly turns to the May Day riots that plagued Paris. This symbolic film tries to portray all victims of violence as Christlike figures. Stock footage of war and suffering are used to underscore the effectiveness of the subject matter in this uneven feature.",
    "genres" : [ ]
  }, {
    "id" : 389179,
    "title" : "La odisea del General José",
    "overview" : "Directed by Jorge Fraga",
    "genres" : [ ]
  }, {
    "id" : 389184,
    "title" : "Q-Bec My Love",
    "overview" : "In this satire of sexuality in the entertainment industry and voyeurism, a woman maintains 3 romantic relationships simultaneously: with her husband, with her boss, and with her lover.",
    "genres" : [ ]
  }, {
    "id" : 389189,
    "title" : "Pulsation",
    "overview" : "This documentary covers the journey from Singapore to Los Angeles and New Guinea to Brazil. Beautiful color photography of the trip is expertly lenses but can lead to tedium during the 100 minute feature.",
    "genres" : [ ]
  }, {
    "id" : 389194,
    "title" : "Bakit Iisa Lamang Ang Puso?",
    "overview" : "The death of tycoon Ernesto Benitez left behind two daughters by different mothers.",
    "genres" : [ {
      "id" : 10749,
      "name" : "Romance"
    }, {
      "id" : 18,
      "name" : "Drama"
    } ]
  }, {
    "id" : 389199,
    "title" : "Those City Girls",
    "overview" : "A weird take on adventures of sophisticated escort service females based Kolkata (Calcutta), India. A non-narrative story, exploring the fun aspect of sexuality of young females. An Independent film, showcasing a few incidents of lives of 5-6 girls, who had come to the profession of prostitution for various reasons. A young and youthful film, tongue-in-cheek approach makes it different from rest of the films made from India.",
    "genres" : [ {
      "id" : 18,
      "name" : "Drama"
    } ]
  }, {
    "id" : 389204,
    "title" : "Jack's POV 7",
    "overview" : "All the screamin' hot sex in Digital Playground's award winning Jack's Playground series are now shot in POV perspective for your ultimate enjoyment. In Jack's POV Playground, YOU will get the BEST action, the most delicious tease and pure comedy IN YOUR FACE. Pretend YOU are casting for music videos as you nail gorgeous ass after even more succulent pussy. Let Jack's cameras tease and tempt you, offering the finest bush on the planet, all in first hand perspective. It's deliciously personal!",
    "genres" : [ ]
  }, {
    "id" : 389209,
    "title" : "The Sweetest Mango",
    "overview" : "Antigua's first feature film is a romantic comedy that tells the story of Lovelyanne 'Luv\" Davies, who returns from Canada to Antigua and her struggles to adjust to life on a small island. It follows her professional turmoil and personal drama, including being caught in an unexpected love triangle.",
    "genres" : [ {
      "id" : 35,
      "name" : "Comedy"
    }, {
      "id" : 10749,
      "name" : "Romance"
    } ]
  }, {
    "id" : 389219,
    "title" : "A Brief History of Time",
    "overview" : "In this conceptual animated short, we aim to create a comedic performance where the past, present and future realities overlap and interact in an environment where time has no start or end.  A modern take on Zbigniew Rybczyński's Tango, every actor that participates in this space is trapped in an infinite loop where their actions simultaneously bare and yet bare no consequence to another. Starting with a single actor that performs the same series of mundane actions, followed by another and yet another, we start to discover the motivation of these characters and their performance do not simply coexist but are correlated in a complex chain of events. Hilarity ensues as every absurd action cumulates in an amalgamation of intricately choreographed antics.",
    "genres" : [ ]
  }, {
    "id" : 389224,
    "title" : "History of Pets",
    "overview" : "A black humoured requiem for all the childhood pets, who found their end in the most curious of circumstances. One by one they get revisited as the main character takes a trip down memory lane.",
    "genres" : [ {
      "id" : 35,
      "name" : "Comedy"
    }, {
      "id" : 16,
      "name" : "Animation"
    } ]
  }, {
    "id" : 389229,
    "title" : "Ron and Chuck in Disneyland Discovery",
    "overview" : "Two young men meet and fall in love in Disneyland.",
    "genres" : [ {
      "id" : 10749,
      "name" : "Romance"
    } ]
  }, {
    "id" : 389234,
    "title" : "NARCISSUS-ECHO",
    "overview" : "Peter Foldes + Bernard Parmegiani + Computer Image Corporation!  Synopsis: Based on the Greek myth of Narcissus and Echo.",
    "genres" : [ ]
  }, {
    "id" : 389239,
    "title" : "James & Quinn",
    "overview" : "",
    "genres" : [ ]
  }, {
    "id" : 389244,
    "title" : "Faith Happens",
    "overview" : "\"LIFE WILL KNOCK YOU DOWN. THIS FILM WILL PICK YOU UP.\" This true story is about ordinary people who discover that faith happens in the midst of lifes twists and turns. Every incident in this film is based on actual events that came from the same small church. What do a drug addict, a feisty old lady, an African refugee, an ex-boxer, a salesman and a Chinese entrepreneur have in common? They are all connected through Heights Community Church.",
    "genres" : [ ]
  }, {
    "id" : 389249,
    "title" : "Ghost: [2014] Santiago, Chile",
    "overview" : "Masked Ball  Infestissumam  Per Aspera ad Inferi  Ritual  Prime Mover  Secular Haze  Satan Prayer  Con Clavi Con Dio  Elizabeth  Body and Blood  Death Knell  Here Comes the Sun  Stand by Him  Genesis  Year Zero  If You Have Ghosts  Ghuleh/Zombie Queen  Monstrance Clock  The Host of Seraphim",
    "genres" : [ ]
  }, {
    "id" : 389254,
    "title" : "Jack's My First Porn 8",
    "overview" : "The My First Porn series is a comical sex-spectacle of Jack directing his first porn movie. Volume 8 is 3 full hours and features Digital Playground contract stars Sophia Santi &amp; Lacie Heart, alongside industry babes Sasha Grey &amp; Kinzie Kenner. With buttloads of slippery anal, juicy boy/girl fuck sessions, tons of tease and titty, My First Porn 8 has it all. Enjoy some first-class, good time Digital Playground humor interlaced between all the smokin' hot fuck stars, all of which makes My First Porn 8 insanely satisfying and extremely entertaining.",
    "genres" : [ ]
  }, {
    "id" : 389259,
    "title" : "A Road to Mecca - The Journey of Muhammad Asad",
    "overview" : "A Road to Mecca - The Journey of Muhammad Asad, also known as A Road to Mecca, is a 2008 documentary by Austrian filmmaker Georg Misch. The documentary traces the path of Muslim scholar and political theorist Muhammad Asad, which led to his conversion to Islam.",
    "genres" : [ {
      "id" : 99,
      "name" : "Documentary"
    } ]
  }, {
    "id" : 389264,
    "title" : "Gene Waltz",
    "overview" : "Doctor Rie (Miho Kanno) is know as the Joan of Ark of Obstetrics &amp; Gynecology. She works in a challenging environment with clinics shutting down due to lack of doctors and the system itself breaking down. Dr. Rie then helps an infertile woman conceive with a surrogate mother which is prohibited in Japan...",
    "genres" : [ {
      "id" : 18,
      "name" : "Drama"
    }, {
      "id" : 9648,
      "name" : "Mystery"
    } ]
  }, {
    "id" : 389269,
    "title" : "Ghost: [2015] Live in Switzerland",
    "overview" : "Spirit  From the Pinnacle to the Pit  Ritual  Con Clavi Con Dio  Per Aspera ad Inferi  Majesty  Body and Blood  Devil Church  Cirice  Year Zero  He Is  Absolution  Mummy Dust  Jigolo Har Megiddo  Ghuleh/Zombie Queen  If You Have Ghosts  Monstrance Clock",
    "genres" : [ ]
  }, {
    "id" : 389274,
    "title" : "Jack's Leg Show 3",
    "overview" : "Jack's casting again! This time he's looking for leg models... sexy, leggy vixens who want to be in fresh, up and coming music videos. In volume 3, Digital Playground's contract super stars, Sophia Santi and Lacie Heart show they are PERFECT from HEAD to TOE! Join them and an all-star cast in this latest installment of Jack's leggiest fetish series. You won't regret it.",
    "genres" : [ ]
  } ]
}