{
  "movies" : [ {
    "id" : 282909,
    "title" : "Heil Hitler! Confessions of a Hitler Youth",
    "overview" : "This short-form documentary focuses on the  true story of Alfons Heck, who as an impressionable 10-year-old boy  became a high-ranking member of the Hitler youth movement during World War II.  The story is told in his own words. This film originally aired as part of the \"America Undercover\" series on HBO.",
    "genres" : [ {
      "id" : 10752,
      "name" : "War"
    }, {
      "id" : 36,
      "name" : "History"
    }, {
      "id" : 99,
      "name" : "Documentary"
    } ]
  }, {
    "id" : 282914,
    "title" : "D.T.: Dawg Territory",
    "overview" : "An alien lands in Cleveland and members of the '88 Cleveland Browns must help him.",
    "genres" : [ {
      "id" : 28,
      "name" : "Action"
    }, {
      "id" : 878,
      "name" : "Science Fiction"
    } ]
  }, {
    "id" : 282919,
    "title" : "Diebinnen",
    "overview" : "",
    "genres" : [ {
      "id" : 18,
      "name" : "Drama"
    } ]
  }, {
    "id" : 282924,
    "title" : "Der Spatzenmörder",
    "overview" : "",
    "genres" : [ ]
  }, {
    "id" : 282929,
    "title" : "Storme: Lady of the Jewel Box",
    "overview" : "“It ain’t easy…being green” is the favorite expression of Storme DeLarverie, a woman whose life flouted prescriptions of gender and race. During the 1950’s and 60’s she toured the black theater circuit as a mistress of ceremonies and the sole male impersonator of the legendary Jewel Box Revue, America’s first integrated female impersonation show and forerunner of La Cage aux Folles.",
    "genres" : [ {
      "id" : 99,
      "name" : "Documentary"
    } ]
  }, {
    "id" : 282934,
    "title" : "Nightshade",
    "overview" : "A man wants to buy  a house in Lower Saxony and meets a mysterious woman.",
    "genres" : [ {
      "id" : 27,
      "name" : "Horror"
    } ]
  }, {
    "id" : 282939,
    "title" : "Der Wüstenkönig von Brandenburg",
    "overview" : "",
    "genres" : [ {
      "id" : 10751,
      "name" : "Family"
    } ]
  }, {
    "id" : 282944,
    "title" : "Unterwegs nach Atlantis",
    "overview" : "",
    "genres" : [ {
      "id" : 12,
      "name" : "Adventure"
    } ]
  }, {
    "id" : 282949,
    "title" : "Angel of Death",
    "overview" : "A low budget Thai action thriller starring Panna Rittikrai.  A TV series was later developed with same title “ทูตมรณะ” and aired in 1990 starring Sorapong Chatree and Sombat Methanee.",
    "genres" : [ {
      "id" : 28,
      "name" : "Action"
    } ]
  }, {
    "id" : 282954,
    "title" : "Bébé court apres sa montre",
    "overview" : "On the street, Bébé has his pocket watch stolen. He sets off to find the thief himself.",
    "genres" : [ {
      "id" : 35,
      "name" : "Comedy"
    } ]
  }, {
    "id" : 282959,
    "title" : "Black Killer",
    "overview" : "Dandy (Nattakan Petchrapanna) He travelled from Japan for finding Jam, his grandpa. He took his fraud money document of his father's office with him. Dandy was chasing by a secret ninja, but there's an Interpol also chasing him. Dandy got a favor from Thanu (Bin Bunlurit), he got the order to kill Jam, but when he knew the truth, he had changed his mind. The turbulence happened when the secret document was grabbed by the pickpocket gang of Dam (Panna Rittikrai); Then the scramble happened.",
    "genres" : [ {
      "id" : 28,
      "name" : "Action"
    } ]
  }, {
    "id" : 282964,
    "title" : "Matador",
    "overview" : "A gritty drama focusing on Street Fighter's sociopathic and self-adoring Spanish ninja, Vega. Matador, details Claw's traumatic upbringing and the pivotal sequence of events that made him into the assassin he is today. First screened at EVO 2014",
    "genres" : [ ]
  }, {
    "id" : 282979,
    "title" : "How to Eat",
    "overview" : "Humorist Robert Benchley discusses the issue of food and how different situations can affect one's ability to consume and digest food, using his stock everyman and slightly bumbling character Joe Doakes to dramatize such situations. Situations that can impede digestion include receiving bad news resulting in stress, being in love, and feeling scared. Snacking or nibbling between meals can ruins one's appetite at meal time. Having the correct posture while eating is important for digestion; finding the right posture can be difficult in certain circumstances, such as being on a picnic or eating in bed (specifically for men when using trays). Sharing tables with staring strangers may also impede digestion. And it's difficult to digest food when one can't get any of it. Written by Huggo (Taken from the imdb page)",
    "genres" : [ {
      "id" : 35,
      "name" : "Comedy"
    } ]
  }, {
    "id" : 282984,
    "title" : "Irrational Man",
    "overview" : "On a small town college campus, a philosophy professor in existential crisis gives his life new purpose when he enters into a relationship with his student.",
    "genres" : [ {
      "id" : 9648,
      "name" : "Mystery"
    }, {
      "id" : 18,
      "name" : "Drama"
    } ]
  }, {
    "id" : 282989,
    "title" : "Dogwoman: The Legend of Dogwoman",
    "overview" : "Margaret O'Halloran sets out to discover whether a dog killed her friend and mentor, Harry Bowman. To do this, O'Halloran must delve into the dark secrets of her home town and what she finds not only turns her world upside down, it could cost her life.",
    "genres" : [ {
      "id" : 10770,
      "name" : "TV Movie"
    }, {
      "id" : 18,
      "name" : "Drama"
    } ]
  }, {
    "id" : 282994,
    "title" : "Os Paqueras",
    "overview" : "",
    "genres" : [ ]
  }, {
    "id" : 282999,
    "title" : "L’Endemà",
    "overview" : "",
    "genres" : [ {
      "id" : 99,
      "name" : "Documentary"
    } ]
  }, {
    "id" : 283004,
    "title" : "WWE Battleground 2014",
    "overview" : "Battleground (2014) was a professional wrestling pay-per-view (PPV) event produced by WWE. It took place on July 20, 2014 at the Tampa Bay Times Forum in Tampa, Florida. It was the second event under the Battleground chronology, with the event having originated in 2013.  Nine matches (including, for the first time ever, two pre-shows) took place at the event. There were two main events. The first main event saw Seth Rollins defeat Dean Ambrose by forfeit. Ambrose attacked Rollins during a backstage segment until Triple H demanded security to escort Ambrose out the building. Rollins would make his way to the ring and asked the referee for a victory via forfeit. After receiving the victory, Rollins would be attacked by Ambrose, who managed to evade security, including hiding himself in a car's boot and attacking Rollins yet again. The second main event saw John Cena defeat Roman Reigns, Kane and Randy Orton in a fatal 4 way to retain the WWE World Heavyweight Championship.",
    "genres" : [ {
      "id" : 18,
      "name" : "Drama"
    }, {
      "id" : 28,
      "name" : "Action"
    } ]
  }, {
    "id" : 283009,
    "title" : "Amukan Puaka",
    "overview" : "Groundswell gnome tells five students of the University of Kuala Lumpur came to the longhouse folk Grandfathers Selako located in a remote village of Kampung Pueh, Sematan, Lundu in Sarawak. While studying the customs people, they are trapped in the house a long time without the occupant. They possessed gnome and disturbed ghost grave. They have a variety of bad omens, horror and scary events leading up to the fight, murder mystery and tragic death. Is the end of the five students who had to endure the gnome environment they have never met in life ...",
    "genres" : [ {
      "id" : 27,
      "name" : "Horror"
    } ]
  }, {
    "id" : 283014,
    "title" : "Day of the Fox - The Legend of Shakaru",
    "overview" : "Directed by Sidney Peterson and Alan Zaslove.",
    "genres" : [ ]
  }, {
    "id" : 283019,
    "title" : "Monika Gruber ist Kellnerin Monique - Schmeckt's ned?",
    "overview" : "",
    "genres" : [ ]
  }, {
    "id" : 283024,
    "title" : "Dead End",
    "overview" : "A young woman is living with her mother at the end of a dead-end street. The young woman notices that a man standing in the street stares into her room every day. After a while, she gets used to his presence and falls in love with him. As the mysterious man slowly enters the girls household and becomes a friend. However the girl finds that the man is a government agent sent to arrest his brother who is a political activist hiding from the government.",
    "genres" : [ {
      "id" : 18,
      "name" : "Drama"
    } ]
  }, {
    "id" : 283029,
    "title" : "Kalte Küsse",
    "overview" : "",
    "genres" : [ {
      "id" : 53,
      "name" : "Thriller"
    } ]
  }, {
    "id" : 283034,
    "title" : "Neonnächte - Der U-Bahn-Schlitzer",
    "overview" : "",
    "genres" : [ {
      "id" : 80,
      "name" : "Crime"
    } ]
  }, {
    "id" : 283039,
    "title" : "Ein toter Bruder",
    "overview" : "",
    "genres" : [ {
      "id" : 18,
      "name" : "Drama"
    } ]
  }, {
    "id" : 283044,
    "title" : "An Aqueous Solution",
    "overview" : "This short animation is bleak and apparently grim, but it is an assertive statement on self-determination and the fundamental need for both dark and light.",
    "genres" : [ ]
  }, {
    "id" : 283049,
    "title" : "Defective Detectives",
    "overview" : "El and Harry are two office cleaners turned detectives who are assigned to chase a gangster, but they end up catching the husband and wife they are supposed to protect from him.",
    "genres" : [ ]
  }, {
    "id" : 283054,
    "title" : "Naked World",
    "overview" : "Mondo documentary.",
    "genres" : [ {
      "id" : 99,
      "name" : "Documentary"
    } ]
  }, {
    "id" : 283059,
    "title" : "Elizabeth Taylor in London",
    "overview" : "TV-documentary about the actress.",
    "genres" : [ {
      "id" : 10770,
      "name" : "TV Movie"
    }, {
      "id" : 99,
      "name" : "Documentary"
    } ]
  }, {
    "id" : 283064,
    "title" : "Myers: Rise of the Boogeyman",
    "overview" : "Taking place moments before the infamous opening scene of \"Halloween\", our story opens up in 1963 with a young Michael Myers, trick or treating with his older sister, Judith. But through a series of supernatural events, Michael is hunted down by a dark shape and forced to confront the evil within.",
    "genres" : [ {
      "id" : 27,
      "name" : "Horror"
    } ]
  }, {
    "id" : 283069,
    "title" : "DAICON III Opening Animation",
    "overview" : "A short, anime, 8 mm film that was produced for the 1981 Daicon III Nihon SF Taikai convention.",
    "genres" : [ {
      "id" : 14,
      "name" : "Fantasy"
    }, {
      "id" : 16,
      "name" : "Animation"
    }, {
      "id" : 878,
      "name" : "Science Fiction"
    } ]
  }, {
    "id" : 283074,
    "title" : "Self Portrait",
    "overview" : "This extremely brief film was Osamu Tezuka's answer to a challenge presented to the leaders of the international animation community to create animated self-portraits.",
    "genres" : [ ]
  }, {
    "id" : 283079,
    "title" : "Dégustation Maison",
    "overview" : "Sophie Tatischeff's short film set in the small town of Sainte-Sévère-sur-Indre, three decades after its use in her father's film 'Jour de Fête'. The conversation from a typical village bar is transplanted to a patisserie with particularly tempting tartlets: 'No reason for us not to have another' says one habitué; 'no more for me thanks,' says another. 'A shortbread at this time of day?' asks the woman behind the counter.",
    "genres" : [ {
      "id" : 35,
      "name" : "Comedy"
    } ]
  }, {
    "id" : 283084,
    "title" : "Desdemona",
    "overview" : "A husband and wife play the roles of Othello and Desdemona on stage, and find themselves in a similar situation in their own lives.",
    "genres" : [ ]
  }, {
    "id" : 283089,
    "title" : "Asa Gets Wicked",
    "overview" : "ASA AKIRA, 3-time Female Performer of the Year and perennial fan favorite marks her debut film as a Wicked Contract Star…and if it's possible…is more Wicked than ever! The Asian Superstar pushes the XXX envelope, as every scene sports a jaw-dropping ANAL or DP! With Asa as: masseuse, sexy flight attendant, a naughty enema nurse plus much, much more! This movie rocks the \"yankability\" meter! ASA (definitely) GETS WICKED!!!",
    "genres" : [ ]
  }, {
    "id" : 283094,
    "title" : "Sapphire Girls",
    "overview" : "Once, Ruby, Crystal and Jade were on top of the world. Now they're desperate for a comeback. When a mysterious millionaire offers them a world tour, they jump at the chance. But there are a few strings attached, and soon these sexy sirens are in hot water. With the help of an undercover agent, they're about to prove that you don't toy with the Sapphire Girls.",
    "genres" : [ {
      "id" : 18,
      "name" : "Drama"
    }, {
      "id" : 10402,
      "name" : "Music"
    } ]
  }, {
    "id" : 283099,
    "title" : "A Class to Remember II",
    "overview" : "The story follows the teacher and students of the Ryubetsu Handicapped High School.",
    "genres" : [ {
      "id" : 18,
      "name" : "Drama"
    } ]
  }, {
    "id" : 283104,
    "title" : "Prinsipe Abante",
    "overview" : "Adventures of Prinsipe Abante.",
    "genres" : [ {
      "id" : 14,
      "name" : "Fantasy"
    }, {
      "id" : 35,
      "name" : "Comedy"
    } ]
  }, {
    "id" : 283109,
    "title" : "Frau Venus und ihr Teufel",
    "overview" : "Hans Müller finds himself on a trip in Thüringen, accompanied by his loving female friend, Moritz. Hans doesn't understand much about trust, which constantly leads to problems between the two of them. During one of their fights, Lady Venus intervenes and sends the young man back to the Middle Ages - so he can learn the true meaning of love. Disguised as Tannhäuser, he has to stand his ground against a horde of minstrels. At a singing competition, he blunders, without the support of Moritz, who had also been thrown back into the 13th century. And with the help of Frau Venus, his adventure will surely turn out even worse...",
    "genres" : [ {
      "id" : 10402,
      "name" : "Music"
    }, {
      "id" : 35,
      "name" : "Comedy"
    } ]
  }, {
    "id" : 283114,
    "title" : "Color",
    "overview" : "From the mind of James Brady, \"COLOR\" is a film about a group of 12 iconic figures who have an 'Alice in Wonderland' adventure while traveling through their own shared emotional roller coasters. All caused by Color.",
    "genres" : [ {
      "id" : 14,
      "name" : "Fantasy"
    } ]
  }, {
    "id" : 283119,
    "title" : "Franz Schubert – Ein Leben in zwei Sätzen",
    "overview" : "",
    "genres" : [ {
      "id" : 36,
      "name" : "History"
    } ]
  }, {
    "id" : 283124,
    "title" : "Petria's Wreath",
    "overview" : "This film takes place in a small mining town in Serbia, within a time span covering the prewar, war, and postwar period. A story about tragic life of an illiterate woman from village, about her life with three men she loved. Her life, torn between dreams and reality, is a life of suffering, loneliness, disappointment, hope and love.",
    "genres" : [ {
      "id" : 18,
      "name" : "Drama"
    } ]
  }, {
    "id" : 283129,
    "title" : "The Vessel",
    "overview" : "At its heart, \"The Vessel\" is an epic war story between good and evil, centered around one young woman and her unborn child. For within her she carries the hope for all existence, and as an ancient prophecy from beyond this world begins to unfold, her own hidden destiny is revealed. But as a growing evil begins to take shape, the tides are shifted against those that would see the prophecy fulfilled, and a war started 1000 years before begins again here on Earth.\r - Written by Nathan Hall",
    "genres" : [ ]
  }, {
    "id" : 283134,
    "title" : "Five Acclaimed Short Films",
    "overview" : "Ouat Media presents Five Acclaimed Short Films from the World’s Most Prestigious Film Festivals: Toronto International Film Festival, Cannes International Film Festival, Berlin International Film Festival, Sundance Film Festival and Clermont Ferrand International Film Festival.  Films:  A PRETTY FUNNY STORY by Evan Morgan  37° 4S by Adriano Valerio  AVANT QUE DE TOUT PERDRE (JUST BEFORE LOSING EVERYTHING) by Xavier Legrand  TREFFIT (THE DATE) by Jenni Toivoniemi  THE CAPTAIN by Nash Edgerton &amp; Spencer Susser",
    "genres" : [ ]
  }, {
    "id" : 283139,
    "title" : "與竹共舞",
    "overview" : "2012／HD／Color／19min／",
    "genres" : [ {
      "id" : 99,
      "name" : "Documentary"
    } ]
  }, {
    "id" : 283144,
    "title" : "The Busy Young Psychic",
    "overview" : "Xie Junya is a teenage girl who possesses the innate ability to see the dead, a problem that has troubled her for a long time. She sought help at a temple, but the problem was not solved. Instead, many devotees gather to ask her questions about their deceased loved ones and even winning lottery numbers. Her work as a psychic leaves her with no time to practice baseball. What she really cares about is whether a guy in her school’s baseball team likes her. The boy she has a crush on invites Junya to his birthday party. However, there is a long line of people waiting at the temple for her advice. How will she choose between love and her sacred mission?",
    "genres" : [ {
      "id" : 14,
      "name" : "Fantasy"
    }, {
      "id" : 18,
      "name" : "Drama"
    } ]
  }, {
    "id" : 283154,
    "title" : "Peppa Pig: The Balloon Ride",
    "overview" : "\"Peppa Pig\" follows the hilarious adventures of Peppa, a loveable little piggy, her family, and all of her animal friends, including Suzy Sheep, Pedro Pony, Danny Dog and more. Peppa loves playing games and making new friends, but her absolute favorite thing is jumping up and down in muddy puddles! Includes 10 fun-packed \"peppa\"-sodes.",
    "genres" : [ {
      "id" : 10751,
      "name" : "Family"
    } ]
  }, {
    "id" : 283159,
    "title" : "Broken",
    "overview" : "",
    "genres" : [ ]
  }, {
    "id" : 283164,
    "title" : "Cada Um Dá o Que Tem",
    "overview" : "",
    "genres" : [ ]
  }, {
    "id" : 283169,
    "title" : "Anak Setan",
    "overview" : "Son of Satan is a Malay film published in Malaysia in 1974 Movies Son of Satan published in any format without the color white.  This film was directed by director Omar Rojik.",
    "genres" : [ {
      "id" : 27,
      "name" : "Horror"
    } ]
  }, {
    "id" : 283174,
    "title" : "The Costume Designer",
    "overview" : "This short focuses on the job of the costume designer in the production of motion pictures. The costume designer must design clothing that is correct for the film historically and geographically, and must be appropriate for the mood of the individual scene. We see famed costume designer Edith Head at work on a production. The Costume Designer was part of The Industry Film Project, a twelve-part series produced by the film studios and the Academy. Each series episode was produced to inform the public on a specific facet of the motion picture industry.",
    "genres" : [ {
      "id" : 99,
      "name" : "Documentary"
    } ]
  }, {
    "id" : 283179,
    "title" : "Devdas",
    "overview" : "Devdas, son of a zamindar, and Parvati (aka Paro), his poor neighbour's daughter, are childhood sweethearts. Status and caste differences prevent their marriage and Devdas is sent to Calcutta while Paro is married off to an aged but rich widower. In Calcutta the hero meets the prostitute Chandramukhi but remorse drives him to alcohol and (after a long train journey in which he attempts to run away from himself) he comes to die in front of his true love's house. This is the Bengali language version.",
    "genres" : [ ]
  }, {
    "id" : 283184,
    "title" : "Diario di un maestro",
    "overview" : "TV mini series directed by Vittorio De Seta.",
    "genres" : [ ]
  }, {
    "id" : 283189,
    "title" : "Dilorom",
    "overview" : "Directed by Ali Khamrayev.",
    "genres" : [ ]
  }, {
    "id" : 283194,
    "title" : "The Origins of Scientific Cinematography",
    "overview" : "THE ORIGINS OF SCIENTIFIC CINEMATOGRAPHY is a documentary film series directed by Virgilio Tosi. The films complement Tosi’s book Cinema Before Cinema, using archive film and original equipment to show how cinematography had its origins not in the music hall or the fairground, but in the laboratory, as scientists of the 19th and early 20th centuries attempted to find new ways of seeing and measuring the natural world.",
    "genres" : [ {
      "id" : 99,
      "name" : "Documentary"
    } ]
  }, {
    "id" : 283199,
    "title" : "Los Fernández de Peralvillo",
    "overview" : "",
    "genres" : [ {
      "id" : 18,
      "name" : "Drama"
    }, {
      "id" : 80,
      "name" : "Crime"
    } ]
  }, {
    "id" : 283204,
    "title" : "Liebelei",
    "overview" : "",
    "genres" : [ {
      "id" : 18,
      "name" : "Drama"
    } ]
  }, {
    "id" : 283209,
    "title" : "Meine Tochter Patricia",
    "overview" : "",
    "genres" : [ {
      "id" : 35,
      "name" : "Comedy"
    } ]
  }, {
    "id" : 283214,
    "title" : "Dora the Explorer: Puppy Power!",
    "overview" : "Dora's Got A Puppy Dora has a present for her new puppy, Perrito, but Swiper has all-new sneaky swiping tricks! Help her make it home with the present! ABC Animals Jump into a big ABC book with Dora and Boots to help an armadillo find all the missing animals of the alphabet! Save The Puppies Dora and Boots are counting on your help when they jump into a video game to save 100 puppies from a mean dogcatcher! Grandma's House Help Dora and Boots get past Swiper the Fox so they can bring their basket of treats to Abuela's house! While helping on these playful puppy adventures preschoolers will learn:, Spanish Language Skills, Counting, Matching &amp; Movement, Alphabet Letters, Plus Other Learning and Problem-Solving Skills!",
    "genres" : [ {
      "id" : 16,
      "name" : "Animation"
    }, {
      "id" : 10751,
      "name" : "Family"
    } ]
  }, {
    "id" : 283219,
    "title" : "The Backyardigans: Operation Elephant Drop",
    "overview" : "Catch the Backyardigans as you’ve never seen them before in “Operation Elephant Drop”! Join the adventure as Pablo, Tyrone and Tasha go on their very own secret operation to save the elephants.",
    "genres" : [ {
      "id" : 16,
      "name" : "Animation"
    } ]
  }, {
    "id" : 283224,
    "title" : "Death Rattle",
    "overview" : "An old house harbors an evil secret.",
    "genres" : [ {
      "id" : 27,
      "name" : "Horror"
    } ]
  }, {
    "id" : 283229,
    "title" : "Harmonica",
    "overview" : "Arguably Larry Gottheim’s most exuberant experiment in the single-shot, single-roll format (and his first with a soundtrack), HARMONICA trains the camera on a friend improvising a tune in the backseat of a moving car. Held out the window, the harmonica becomes a musical conduit for the wind, while Gottheim's film transforms before our eyes into a playful meditation on wrangling the natural elements into art. - Max Goldberg",
    "genres" : [ ]
  }, {
    "id" : 283234,
    "title" : "Kiss [1979] The 1979 TV Collection",
    "overview" : "Various TV appearance during Dynasty era",
    "genres" : [ ]
  }, {
    "id" : 283239,
    "title" : "Kiss [1976] Dressed For Cobo",
    "overview" : "Kiss live 1976, Cobo Hall Detroit",
    "genres" : [ ]
  }, {
    "id" : 283244,
    "title" : "Home Sic Home",
    "overview" : "Berto is secretly in love with his neighbor Melanie, who hates him because of her constant unpleasant encounters with him. One day, Berto’s son’s petition to send him in the US has been approved, while Melanie also gets a visa to the US and plans to work as a teacher abroad. Meanwhile, Berto’s friend Robin also wins a ticket to fly abroad, so Berto and Robin fly together. Melanie always hates the times she bumps with Berto, who is intentionally snooping her. But on a particular day, Berto and Robin saves Melanie from the hands of sexual abusers who try to make a move on her. Melanie begins to appreciate Berto in a different light. The two became closer to each other when they were pressed in a situation that would send Melanie home, and would risk the life of Berto’s grandson. Melanie and Berto pretend as couple and the US immigration’s constant checking makes them stay closer than ever.",
    "genres" : [ {
      "id" : 10749,
      "name" : "Romance"
    }, {
      "id" : 35,
      "name" : "Comedy"
    }, {
      "id" : 18,
      "name" : "Drama"
    } ]
  }, {
    "id" : 283249,
    "title" : "Dokuro no mai",
    "overview" : "Directed by Eizo Tanaka.",
    "genres" : [ ]
  }, {
    "id" : 283254,
    "title" : "Der Dreispitz",
    "overview" : "",
    "genres" : [ {
      "id" : 18,
      "name" : "Drama"
    } ]
  }, {
    "id" : 283259,
    "title" : "Ein Dorf ohne Männer",
    "overview" : "",
    "genres" : [ {
      "id" : 35,
      "name" : "Comedy"
    } ]
  }, {
    "id" : 283264,
    "title" : "So'n Theater",
    "overview" : "",
    "genres" : [ {
      "id" : 35,
      "name" : "Comedy"
    } ]
  }, {
    "id" : 283269,
    "title" : "Zwiebeln und Butterplätzchen",
    "overview" : "",
    "genres" : [ {
      "id" : 35,
      "name" : "Comedy"
    } ]
  }, {
    "id" : 283274,
    "title" : "Der liebe Augustin",
    "overview" : "",
    "genres" : [ {
      "id" : 35,
      "name" : "Comedy"
    } ]
  }, {
    "id" : 283279,
    "title" : "Rückfälle",
    "overview" : "",
    "genres" : [ {
      "id" : 18,
      "name" : "Drama"
    } ]
  }, {
    "id" : 283284,
    "title" : "Choke",
    "overview" : "With a rock music soundtrack, Choke suggests pop art in its treatment of Piccadilly Circus at night. Multipally exposed and treated images mirror each other or travel across the two screens. Originally made as a 2 screen film in 1971 from standard 8mm film blown up to 16mm. Recently digitized, and both screens combined in wide screen video format.",
    "genres" : [ ]
  }, {
    "id" : 283294,
    "title" : "Legally Exposed",
    "overview" : "An archaeologist's life long search for a unique relic is rewarded when he finds an object that has the power to turn anyone into a sex-starved maniac with the push of a button, or transform them physically from one gorgeous body into another.",
    "genres" : [ {
      "id" : 35,
      "name" : "Comedy"
    } ]
  }, {
    "id" : 283304,
    "title" : "Eyes Wide Shut Masks",
    "overview" : "Rialto, Venice. In a short but remarkable workshop, in 1985 Franco Cecamore has created two original masks for the Venice Carnival. Twelve years later, a man with white coloured men's clothing, came to that shop: the man was Jan Harlan, executive producer of one of the last movies directed by Stanley Kubrick. He visited \"Il Canovaccio\" in order to buy several masks. One of them would be used by Kubrick in his last masterpiece “Eyes Wide Shut” for the character of Dr. Bill Harford, played by Tom Cruise. This documentary is the incredible and unknown story behind the creation of the most important masks of “Eyes Wide Shut.” The artisans of this typical Italian product say that the origin of the art makes it a unique product. Original documents, photographs and the description of the meeting with the Kubrick's production make this the story we tell in our film.",
    "genres" : [ ]
  }, {
    "id" : 283309,
    "title" : "ABC Book",
    "overview" : "The level of social awareness in Poland in the 1970s. The artist combines symbolic image with the alphabet and a poem (“Who are you?”), deeply rooted in national tradition.",
    "genres" : [ {
      "id" : 18,
      "name" : "Drama"
    } ]
  }, {
    "id" : 283314,
    "title" : "Dragon",
    "overview" : "Directed by experimental artist Robert Darroll.",
    "genres" : [ ]
  }, {
    "id" : 283319,
    "title" : "The Dream Machine",
    "overview" : "A short non-narrative film made to commemorate the visit of Burroughs and Gysin to the UK. The film consists of multiple short vignettes: Witches Song (1979), Broken English (1979), Ballad Of Lucy Jordan (1979), Pirate Tape (Derek Jarman, 1983) and T.G.: Psychic Rally In Heaven (Derek Jarman, 1981).",
    "genres" : [ {
      "id" : 99,
      "name" : "Documentary"
    } ]
  }, {
    "id" : 283324,
    "title" : "Today",
    "overview" : "A wealthy young society couple loses their fortune. When the husband is forced to take a job like everyone else, the wife cannot deal with the sudden downward plunge of her once-privileged life and drifts into prostitution.",
    "genres" : [ {
      "id" : 18,
      "name" : "Drama"
    } ]
  }, {
    "id" : 283329,
    "title" : "The Juggler",
    "overview" : "A Holocaust survivor moves to Israel and experiences difficulty adjusting to life.",
    "genres" : [ {
      "id" : 18,
      "name" : "Drama"
    }, {
      "id" : 10752,
      "name" : "War"
    } ]
  }, {
    "id" : 283334,
    "title" : "The Crazy World of Julius Vrooder",
    "overview" : "After returning home from the war, Vietnam veteran Julius Vrooder resides in a veteran's hospital, where he has been vaguely diagnosed as \"psychiatrically impaired.\" Taking the news with an air of initially lighthearted defiance, Vrooder escapes and sets up camp under a highway, where he builds a paranoia-driven booby-trapped bunker for himself. Falling in love with not-so-bright nurse Zanni, Vrooder soon plans to elope with her to a remote Canadian outpost.",
    "genres" : [ {
      "id" : 18,
      "name" : "Drama"
    }, {
      "id" : 35,
      "name" : "Comedy"
    } ]
  }, {
    "id" : 283339,
    "title" : "Ludwig Thoma- Die Lokalbahn",
    "overview" : "",
    "genres" : [ {
      "id" : 35,
      "name" : "Comedy"
    } ]
  }, {
    "id" : 283344,
    "title" : "Ludwig Thoma- Der Wittiber",
    "overview" : "",
    "genres" : [ {
      "id" : 35,
      "name" : "Comedy"
    } ]
  }, {
    "id" : 283349,
    "title" : "Recipe",
    "overview" : "Eric Khoo's tv-movie about the relationship between a young girl and her mother with dementia.",
    "genres" : [ ]
  }, {
    "id" : 283354,
    "title" : "The Earthquake",
    "overview" : "Directed by Serif Gören.",
    "genres" : [ ]
  }, {
    "id" : 283359,
    "title" : "Elmo, the Mighty",
    "overview" : "Directed by J.P. McGowan.",
    "genres" : [ ]
  }, {
    "id" : 283369,
    "title" : "Runrig - Live at Stirling Castle",
    "overview" : "Donnie Munro's lasts concert as lead singer of Runrig. The band bid a tearful farewell to lead singer Donnie Munro in this live performance at Stirling Castle, recorded in the summer of 1997. Tracks include 'The Greatest Flame', 'Precious Years', 'Loch Lomond' and 'Hearts of Olden Glory'.",
    "genres" : [ {
      "id" : 10402,
      "name" : "Music"
    } ]
  }, {
    "id" : 283374,
    "title" : "Secret Violence",
    "overview" : "An Italian in East Africa having an affair with a coloured woman realises that his treatment of her is as tyrannical as more overt superior colonialist dogma. Based on a novel by Enrico Emmanuele.",
    "genres" : [ {
      "id" : 18,
      "name" : "Drama"
    } ]
  }, {
    "id" : 283379,
    "title" : "Thomas & Friends: Curious Cargo",
    "overview" : "Thomas and his engine friends deliver some Curious Cargo - from giraffes and cows to birds and bunnies and more! Thomas meets a tall challenge while taking a giraffe to the Sodor Wildlife Center, Percy learns to be gentle with the animals of Sodor, and Belle and Toby discover the importance of listening to others. Join Thomas on his wildest adventures yet!",
    "genres" : [ {
      "id" : 10751,
      "name" : "Family"
    }, {
      "id" : 16,
      "name" : "Animation"
    } ]
  }, {
    "id" : 283384,
    "title" : "The Calling",
    "overview" : "Detective Hazel Micallef hasn't had much to worry about in the sleepy town of Port Dundas until a string of gruesome murders in the surrounding countryside brings her face to face with a serial killer driven by a higher calling.",
    "genres" : [ {
      "id" : 53,
      "name" : "Thriller"
    } ]
  }, {
    "id" : 283389,
    "title" : "Stones for the Rampart",
    "overview" : "To be defeated and not be - a victory. This is the motto that life is guided by three young friends: Alek, Sophy and Rudy. Scouts, high school graduates high school in Warsaw drifting ambitious plans for the future broken through September 1939. Entering adulthood in a very dramatic times, which puts them a choice - to survive at any cost, or to join the fighting for a free homeland, risking everything. The boys brought up in patriotic homes, shaped by the ideals of scouting, they decide to fight. They become soldiers, and although every scrape with death, they can live a full life.",
    "genres" : [ {
      "id" : 10752,
      "name" : "War"
    }, {
      "id" : 18,
      "name" : "Drama"
    } ]
  }, {
    "id" : 283394,
    "title" : "Path of the Beast",
    "overview" : "17 year old Saki lives in a run-down hack with her mom who survives by pushing a food cart from dawn to dusk. Saki has dropped out of school, and when she's not helping her mother selling noodles in the streets, she's playing flesh-games with boyfriend Sotoo. In her spare time, the girl also entertains a truck driver named Ataru. She believes her promiscuity is a trait inherited from her mom. Determined to improve her lot in life (she doesn't want to grow up like her mother), Saki decides to stop seeing the two guys. The sizzling Japanese Tatsumi Kumashiro’s erotic drama 'Shoujo Shofu: Kemonomichi' (aka 'Whore Girl - the Animal Trail' distributed internationally as 'Path of the Beast'), offers a venue for sex kitten Ayako Yoshimura to reveal choice areas of her nubile frame.",
    "genres" : [ ]
  }, {
    "id" : 283399,
    "title" : "Vergiftet oder arbeitslos?",
    "overview" : "",
    "genres" : [ {
      "id" : 18,
      "name" : "Drama"
    } ]
  }, {
    "id" : 283404,
    "title" : "Climbing High",
    "overview" : "Wealthy Nicky finds himself engaged to gold-digger Lady Constance, but he really loves scatty model Diana. Complications, slapstick and mountaineering are the result.",
    "genres" : [ {
      "id" : 35,
      "name" : "Comedy"
    } ]
  }, {
    "id" : 283409,
    "title" : "Schwarzer Samt",
    "overview" : "Stasi agent Alexander Berg has to uncover a plot of sabotage.",
    "genres" : [ {
      "id" : 80,
      "name" : "Crime"
    } ]
  }, {
    "id" : 283414,
    "title" : "Blushes",
    "overview" : "BLUSHES is an exploration of the body. It contrasts gentle imagery of the female form with stark geometrics and powerful rushes of color. Self-depiction and tangible manipulation of the filmstrip establish a new agency for the filmmaker. Through its confrontational nature it subverts the gaze from viewer to subject.",
    "genres" : [ ]
  }, {
    "id" : 283419,
    "title" : "The Devil's Island",
    "overview" : "A scruffy detective investigates the murders of three sisters on a small Japanese island in 1946.",
    "genres" : [ ]
  }, {
    "id" : 283424,
    "title" : "The Eternity Man",
    "overview" : "An adaptation of the opera 'The Eternity Man'",
    "genres" : [ ]
  }, {
    "id" : 283429,
    "title" : "Hong Kong Graffiti",
    "overview" : "Yang Hsiu Shan was grown up in Hong Kong and her folks were emigrated to Canada. She felt in love with her boss, Chen Kai Ping, and in order to set up her business. So she decided to stay in Hong Kong. Yang's sister-in-law, Luk Ping Ting, was emigrated from China and was living in her house. Both Yang and her room-mate, Chan Pei Lien, an air hostess, were taken care of her. In the meantime, Chen's daughter, Fong, came from Taiwan to visit him. She realized that Yang was kind to others and helpful to her father's business so she got to like her more. Luk and Chen had developed a secret love affair. Yang was stunned by the news and became to hate Luk. Yang, Fong, Chan and Luk finally became reconcile.",
    "genres" : [ ]
  }, {
    "id" : 283434,
    "title" : "The Death of Mr Goluza",
    "overview" : "Traveling salesman in a small town before WW2 makes a solemn promise to kill himself. Later he finds that the local people took him very seriously.",
    "genres" : [ {
      "id" : 18,
      "name" : "Drama"
    } ]
  } ]
}