{
  "movies" : [ {
    "id" : 348614,
    "title" : "Vita di Michelangelo",
    "overview" : "A mini series about the great artist's life.",
    "genres" : [ {
      "id" : 36,
      "name" : "History"
    }, {
      "id" : 10770,
      "name" : "TV Movie"
    } ]
  }, {
    "id" : 348619,
    "title" : "The End of the World",
    "overview" : "What must one man do to reach his true love before the whole world comes to an end?",
    "genres" : [ {
      "id" : 35,
      "name" : "Comedy"
    }, {
      "id" : 878,
      "name" : "Science Fiction"
    } ]
  }, {
    "id" : 348629,
    "title" : "Free Zone",
    "overview" : "A woman wanders through a maze of storage units, looking for her clones.  This was the winning entry of an international challenge in 2003 where directors were asked to make a five-minute short film utilizing a randomly selected film title, prop, and line of dialog. At the end of the 48 hours, 180 teams completed and submitted films.",
    "genres" : [ {
      "id" : 878,
      "name" : "Science Fiction"
    } ]
  }, {
    "id" : 348634,
    "title" : "A Christmas Detour",
    "overview" : "With Christmas only a few days away, Paige Summerland, a Los Angeles magazine writer specializing in relationship advice, boards an eastbound flight to spend the holiday with her fiancé, Jack, meet his parents for the first time and plan her upcoming “dream wedding.” Paige’s enthusiasm turns to panic when a massive snowstorm detours her flight and she meets - and locks horns with - Dylan, a cynical bar manager who has lost his faith in love. When it looks like all hope of arriving in New York for Christmas is lost, Dylan surprises Paige by renting an SUV and offering her a ride. Reluctantly, Paige braves the snowy road trip with Dylan, joined by Frank and Maxine Harper, an older couple whose 20-year marriage has lost its spark. Along the journey, feelings start to develop between Paige and Dylan. Now, as the young bride-to-be scrambles to make it to New York for Christmas, she begins to wonder if she’s marrying the right man and just might learn a surprising lesson about love.",
    "genres" : [ {
      "id" : 35,
      "name" : "Comedy"
    }, {
      "id" : 10749,
      "name" : "Romance"
    }, {
      "id" : 10770,
      "name" : "TV Movie"
    } ]
  }, {
    "id" : 348639,
    "title" : "Rendezvous",
    "overview" : "Carla plunges head first into an \"Amour Fou.\" When Jacob wants her to come to Paris she leaves everything behind and hitches a ride to the \"city of love.\" But not only Paris also her Rendezvous doesn't go along with her romantic expectations.",
    "genres" : [ {
      "id" : 10749,
      "name" : "Romance"
    }, {
      "id" : 35,
      "name" : "Comedy"
    } ]
  }, {
    "id" : 348644,
    "title" : "Leute wie du und ich",
    "overview" : "",
    "genres" : [ {
      "id" : 35,
      "name" : "Comedy"
    } ]
  }, {
    "id" : 348649,
    "title" : "Fotbollskrönikan VM 2014",
    "overview" : "",
    "genres" : [ ]
  }, {
    "id" : 348654,
    "title" : "El buena suerte",
    "overview" : "An acquaintance from Venezuela visits the owner of a Mexican ranch, causes upheavals in the love-life of the foreman.",
    "genres" : [ ]
  }, {
    "id" : 348659,
    "title" : "Kerintha",
    "overview" : "The story of the film is quite simple and based on the lives of three young college going couples. Each one of them have a love story of their own and spend some precious times together in the college.  Things take a u-turn when they face the harsh realities of their respective lives and decide to part ways. Rest of the story is as to how these three couples reunite with each other and achieve their goals in life.",
    "genres" : [ ]
  }, {
    "id" : 348664,
    "title" : "The Incredible Hulk Hands",
    "overview" : "A nerd finds a pair of magic toy Hulk Hands and seeks revenge after being beaten up by bullies. As most people know, Hulk hands are foam toy gloves, similar to boxing gloves, that are modeled after the Jade Giant’s massive fists. While none have held any magical properties yet, they can still make the smallest weakling feel a little more Incredible.",
    "genres" : [ {
      "id" : 28,
      "name" : "Action"
    }, {
      "id" : 35,
      "name" : "Comedy"
    } ]
  }, {
    "id" : 348669,
    "title" : "Severance",
    "overview" : "A short film made by the B TEAM",
    "genres" : [ ]
  }, {
    "id" : 348674,
    "title" : "A War",
    "overview" : "Company commander Claus Michael Pedersen and his men are stationed in Helmand, Afghanistan. Meanwhile back in Denmark, with a husband at war and three children missing their father, everyday life is a struggle for Claus' wife Maria. During a routine mission, the soldiers are caught in heavy Taliban crossfire. In order to save his men, Claus makes a decision that ultimately sees him return to Denmark accused of a war crime.",
    "genres" : [ {
      "id" : 18,
      "name" : "Drama"
    }, {
      "id" : 10752,
      "name" : "War"
    } ]
  }, {
    "id" : 348679,
    "title" : "Northern Great Mountain",
    "overview" : "Elle, 78, doesn't like Sámi people—even though she is Sámi. Pressured by her son, she returns north for her sister's funeral. When she realizes he's planned for them to stay with their relatives, Elle checks into a hotel.",
    "genres" : [ {
      "id" : 18,
      "name" : "Drama"
    } ]
  }, {
    "id" : 348684,
    "title" : "Is the Noise in My Head Bothering You?",
    "overview" : "Participants in a group therapy session struggle with their inner voices.",
    "genres" : [ ]
  }, {
    "id" : 348689,
    "title" : "Memories of the Sword",
    "overview" : "While in medieval Korea, a young girl sets out to revenge the betrayal and the death of her mother. But therefore she must face one of the most powerful men and warriors of the Goryo Dynasty.",
    "genres" : [ {
      "id" : 36,
      "name" : "History"
    }, {
      "id" : 28,
      "name" : "Action"
    }, {
      "id" : 12,
      "name" : "Adventure"
    }, {
      "id" : 18,
      "name" : "Drama"
    } ]
  }, {
    "id" : 348694,
    "title" : "Dizzy Yardbird",
    "overview" : "Joe is in the army, and his sergeant is determined to make a soldier out of Joe if he has to kill him to do it.",
    "genres" : [ {
      "id" : 35,
      "name" : "Comedy"
    } ]
  }, {
    "id" : 348699,
    "title" : "Ezkaba. La gran fuga de las cárceles franquistas",
    "overview" : "",
    "genres" : [ {
      "id" : 99,
      "name" : "Documentary"
    }, {
      "id" : 36,
      "name" : "History"
    } ]
  }, {
    "id" : 348704,
    "title" : "Hook a Crook",
    "overview" : "Joe Besser and Jim Hawthorne are detectives trying to recover stolen jewels. They see a necklace on a furry arm, and deduce that a man wearing a fur coat was the thief. They, instead, encounter a gorilla.",
    "genres" : [ {
      "id" : 35,
      "name" : "Comedy"
    } ]
  }, {
    "id" : 348709,
    "title" : "¡Ni peones, ni patrones!",
    "overview" : "",
    "genres" : [ ]
  }, {
    "id" : 348714,
    "title" : "Sexurlaub - Keine bleibt alleine",
    "overview" : "",
    "genres" : [ {
      "id" : 10749,
      "name" : "Romance"
    } ]
  }, {
    "id" : 348719,
    "title" : "Girls Gang",
    "overview" : "Four girls are bullying everybody around them - other girls, teachers, even policemen. They've just found a new target, their beautiful schoolmate. They beat her up, force her to lick their shoes and seduce her boyfriend. They are not aware though, that their latest victim is not as weak as she seems and the girl and her boyfriend have a plan of what to do with girls gang.",
    "genres" : [ {
      "id" : 80,
      "name" : "Crime"
    }, {
      "id" : 53,
      "name" : "Thriller"
    }, {
      "id" : 18,
      "name" : "Drama"
    } ]
  }, {
    "id" : 348724,
    "title" : "Lost Camel Intentions",
    "overview" : "A short animation film by Lewis Klahr.",
    "genres" : [ ]
  }, {
    "id" : 348729,
    "title" : "Verdant Sonar",
    "overview" : "A short animation film by Lewis Klahr.",
    "genres" : [ ]
  }, {
    "id" : 348734,
    "title" : "Station Drama",
    "overview" : "A short animation film by Lewis Klahr.",
    "genres" : [ ]
  }, {
    "id" : 348739,
    "title" : "A Spray of Plum Blossoms",
    "overview" : "Bai Le De and Hu Lun tung are military cadets. After graduating, Hu Lin Tung is appointed captain of Guangdong headquarters and goes away. Later, Bae Le De is also appointed to a post at the same place. Hu Lun Ting falls in love with Luo Hua, daughter of the local commander.",
    "genres" : [ ]
  }, {
    "id" : 348744,
    "title" : "The 18 Amazones",
    "overview" : "",
    "genres" : [ {
      "id" : 28,
      "name" : "Action"
    } ]
  }, {
    "id" : 348749,
    "title" : "Taste of America",
    "overview" : "A drama about a Russian artist who desperately tries to find himself in New York.",
    "genres" : [ {
      "id" : 18,
      "name" : "Drama"
    } ]
  }, {
    "id" : 348754,
    "title" : "The Jokesters",
    "overview" : "Four friends prank a Cabin in the Woods nightmare on their friend's honeymoon so well that it actually becomes The Cabin in the Woods horror in real life.",
    "genres" : [ ]
  }, {
    "id" : 348759,
    "title" : "The Earth and its Peoples: Eskimo Hunters (Northwestern Alaska)",
    "overview" : "Black and White | 16 mm | ca. 21 min. | Production:Louis De Rochemont | Published by United World Films Inc., New York | Released on DVD from the National Archives of the United States by the U.S. Information Agency, 2008.",
    "genres" : [ ]
  }, {
    "id" : 348764,
    "title" : "Operation Third Form",
    "overview" : "Operation Third Form, features a fresh-faced John Moulder-Brown (Deep End) in a sparkling performance as the schoolboy out to foil a pair of north London crooks, is a pacey boy's own adventure complete with a groovy 1960s soundtrack.",
    "genres" : [ ]
  }, {
    "id" : 348769,
    "title" : "A Descendant of Urashima Taro",
    "overview" : "Reputedly based on Frank Capra’s 1939 film Mr. Smith Goes to Washington, A Descendant of Tarô Urashima is about a repatriated soldier who becomes populist politician in the Japanese Happiness Party.",
    "genres" : [ {
      "id" : 18,
      "name" : "Drama"
    } ]
  }, {
    "id" : 348774,
    "title" : "Playing With Ice",
    "overview" : "Tired of her life of solitude, Jocelyn applies for a mysterious program at Heri-Tech Corp. But the interview proves to be far more difficult than she ever anticipated. In the process, Emma, who works for Heri-Tech, learns of Jocelyn’s painful past of being rejected by her family when she came out. Unprepared for such a vulnerable interview, Jocelyn lashes out at Emma. And yet, could this interview be the very thing Jocelyn needs to help her embrace life here and now?",
    "genres" : [ {
      "id" : 35,
      "name" : "Comedy"
    }, {
      "id" : 18,
      "name" : "Drama"
    } ]
  }, {
    "id" : 348779,
    "title" : "Alan Davies - Life Is Pain: Live in London",
    "overview" : "Alan Davies makes a triumphant and long-awaited return to stand-up with his first live gig in more than a decade. Recorded live at Hammersmith Apollo the hilarious new show, Life Is Pain, covers every aspect of the modern condition. While famous as an actor – the titular role in BBC hit Jonathan Creek – and a household star for his role as Stephen Fry’s foil on QI, Alan was sorely missed from live stand-up. His first show back is a glorious insight into Alan’s unique worldview – growing up in the ‘70s, losing his mother as a little boy, the vagaries of Facebook, sex toys and being a father are just some of the subjects he tackles.",
    "genres" : [ {
      "id" : 35,
      "name" : "Comedy"
    } ]
  }, {
    "id" : 348784,
    "title" : "Cryptz",
    "overview" : "When aspiring rappers Tymez Skwair, Fuzzy Down, and Likrish cross paths with stripper Stesha, they follow her to a mysterious strip club where the sexy ladies are really vampires in disguise. Things go from bad to worse when the vampires' leader Kulada (Ty Badger) finds out that Tymez holds the key to the bloodsuckers' world domination in this urban horror film that plays like \"Vampire Strippers in the Hood.",
    "genres" : [ {
      "id" : 27,
      "name" : "Horror"
    } ]
  }, {
    "id" : 348789,
    "title" : "Bookworms",
    "overview" : "A suitor dons a disguise to woo a chaperoned girl.",
    "genres" : [ ]
  }, {
    "id" : 348794,
    "title" : "Giggle and Hoot's - Best Ever",
    "overview" : "Finally a collection of all your favourite songs and adventures from Jimmy Giggle, Hoot and Hootabelle. Plus for the first time on DVD The Legend of Pirate Hootbeard Special!",
    "genres" : [ {
      "id" : 10751,
      "name" : "Family"
    } ]
  }, {
    "id" : 348799,
    "title" : "BEAUTY",
    "overview" : "BEAUTY is a short story of the most important emotions of life, from birth to death, love and sexuality through pain and fear. It is a tribute to art and his disarming beauty.",
    "genres" : [ {
      "id" : 16,
      "name" : "Animation"
    }, {
      "id" : 18,
      "name" : "Drama"
    } ]
  }, {
    "id" : 348804,
    "title" : "Shoot for the Moon",
    "overview" : "The heart-breaking story of Spaceman Sal, a homeless astronaut who sets out for the moon armed with nothing more than a travel case, some bottle rockets and a trolley-load of ambition.",
    "genres" : [ {
      "id" : 14,
      "name" : "Fantasy"
    }, {
      "id" : 35,
      "name" : "Comedy"
    } ]
  }, {
    "id" : 348809,
    "title" : "Incubus Live in Santiago Chile 2007",
    "overview" : "Incubus, recorded live at Arena Santiago, in Santiago, Chile on October 9th, 2007.  Nice to know you  Wish you were here  Circles  Anna molly  Pistoia  Vitamin  Just a phase  The warmth  Drive  Meglomaniac  Sick sad little world  Under my umbrella  Dig  Warning  Stellar  Favorite things  I kiss to send us off",
    "genres" : [ {
      "id" : 10402,
      "name" : "Music"
    } ]
  }, {
    "id" : 348814,
    "title" : "The Good Bad Egg",
    "overview" : "In this Columbia All-Star Comedy short (production number 8438), Joe DeRita is a bachelor inventor who reads a marriage proposal written on an egg by a lonely widow with one child. He accepts, and soon finds out the boy is the \"bad\" part of the egg in the title, as he soon destroys whatever it was that Joe had invented.",
    "genres" : [ {
      "id" : 35,
      "name" : "Comedy"
    } ]
  }, {
    "id" : 348819,
    "title" : "Ferrell Takes the Field",
    "overview" : "A documentary that follows Will Ferrell as he takes the field in five Major League Baseball training games, playing all nine positions for ten different teams in a single day.",
    "genres" : [ {
      "id" : 10770,
      "name" : "TV Movie"
    }, {
      "id" : 35,
      "name" : "Comedy"
    } ]
  }, {
    "id" : 348824,
    "title" : "Bride and Gloom",
    "overview" : "In this Columbia All-Star Comedy (production number 8439), Shemp Howard finds himself in a love nest with the wrong woman, while his bride-to-be is waiting, none too happy, at the church.",
    "genres" : [ {
      "id" : 35,
      "name" : "Comedy"
    } ]
  }, {
    "id" : 348829,
    "title" : "Home on the Rage",
    "overview" : "Andy mistakenly believes his wife and brother-in-law are conspiring to murder him for insurance.",
    "genres" : [ {
      "id" : 35,
      "name" : "Comedy"
    } ]
  }, {
    "id" : 348834,
    "title" : "Çılgın Dersane Ada",
    "overview" : "",
    "genres" : [ {
      "id" : 35,
      "name" : "Comedy"
    } ]
  }, {
    "id" : 348839,
    "title" : "Off Again, on Again",
    "overview" : "Good samaritan Shemp rescues a girl from an accident, and a newspaper photographer snaps a picture of her thanking Shemp. The paper mixes up the caption, implying that Shemp and the girl are lovers. This doesn't sit well with Shemp's fiancee, who breaks off their engagement, leaving him so heartbroken he asks the rescued girl's gangster boyfriend (Dick Curtis) to kill him. When Shemp's intended returns and apologizes, he realizes that his days are numbered unless he can find the gangster and call off the hit.",
    "genres" : [ {
      "id" : 35,
      "name" : "Comedy"
    } ]
  }, {
    "id" : 348844,
    "title" : "Pick a Peck of Plumbers",
    "overview" : "After backing over a police motorcycle, Axel and Elmer are fined $100 and given 48 hours to come up with the money or go to jail. Knowing nothing about plumbing, they answer Mr. Skunkem's ad for plumber's assistants, and are sent to the Dinwitty estate to recover a diamond ring from a drain pipe. In due course they destroy the bathroom, and switch the gas and water lines, disrupting Mrs. Dinwitty's bridge party, Vanillia's dinner preparation, and the gardener's lawn watering.",
    "genres" : [ {
      "id" : 35,
      "name" : "Comedy"
    } ]
  }, {
    "id" : 348849,
    "title" : "A Hollywood Detour",
    "overview" : "This cartoon, featuring a running-gag throughout of a John Barrymore caricature being mobbed by fan for an autograph, is a burlesqued tour of Hollywood. The narrator conducts a tourist tour all around the town of Hollywood Boulvevard, Malibu Beach, Santa Anita Race Track, the Brown Derby, and Grauman's Chinese theatre.",
    "genres" : [ {
      "id" : 16,
      "name" : "Animation"
    }, {
      "id" : 35,
      "name" : "Comedy"
    } ]
  }, {
    "id" : 348854,
    "title" : "The wobble incident",
    "overview" : "",
    "genres" : [ ]
  }, {
    "id" : 348859,
    "title" : "Scandal: 15 Minutes of Fame",
    "overview" : "Three women, an asping actress, a reporter, and a lawyer, hatch a scheme to enrich each other. The actress will fake a sexual harassment charge against a politician and get a lot of publicity, the reporter will get the scoop, and the lawyer will get a reputation for defending the actress. The scam goes as planned, but things start to break down.",
    "genres" : [ {
      "id" : 80,
      "name" : "Crime"
    } ]
  }, {
    "id" : 348864,
    "title" : "Bare Deception",
    "overview" : "The ratings of a radio sex-talk show are dropping. But after a listener is murdered, the sexy host finds her popularity is rising again. Is she behind the killings, or is it her producer--or someone else?",
    "genres" : [ {
      "id" : 53,
      "name" : "Thriller"
    } ]
  }, {
    "id" : 348869,
    "title" : "Passion",
    "overview" : "Here is a couple who have their wedding close at hand. In the middle of the celebration party where their friends get together, it is accidentally exposed that the prospective groom had an affair in the past.",
    "genres" : [ ]
  }, {
    "id" : 348874,
    "title" : "La Maison des Cochons",
    "overview" : "A claymation about an unsuspecting man whose fondness for baby pork is tantalised when he passes a restaurant that specialises in pig dishes. He is charmed and impressed by the service and ambience of the restaurant as he places his order with the waiter. The gruesome truth of the restaurant is soon revealed to the man when his dish arrives.",
    "genres" : [ ]
  }, {
    "id" : 348879,
    "title" : "The Sound of Waves",
    "overview" : "The first part of a trilogy focusing on the northeast Tohoku region, co-directed by Sakai Ko and Hamaguchi Ryusuke. Impromptu interviews were carried out with disaster victims mainly along the Sanriku Coast, which had been ravaged by tsunamis several times prior to the Great East Japan Earthquake of 2011, and makes emotional discoveries within dialogues between close-knit people including families and workmates.",
    "genres" : [ {
      "id" : 99,
      "name" : "Documentary"
    } ]
  }, {
    "id" : 348884,
    "title" : "Exodus to Shanghai",
    "overview" : "Exodus to Shanghai tells the story of two lovers who have to escape from Vienna to China after Dr. Ho, the Chinese Consul in Vienna in 1938, issued Exit Visas to many Jews against the instruction of his superiors. Fannia, a New York Jewish Violin student, falls in love with the Consul's nephew Bruce. Together they must leave Vienna as the Gestapo is chasing them to get the Jews and Hitler's painting.",
    "genres" : [ {
      "id" : 10749,
      "name" : "Romance"
    }, {
      "id" : 28,
      "name" : "Action"
    }, {
      "id" : 12,
      "name" : "Adventure"
    }, {
      "id" : 35,
      "name" : "Comedy"
    }, {
      "id" : 18,
      "name" : "Drama"
    } ]
  }, {
    "id" : 348889,
    "title" : "Offline Dating",
    "overview" : "\"Last weekend my single friend Tom challenged himself to find his next date - OFFLINE.\" -- Samuel Abrahams",
    "genres" : [ ]
  }, {
    "id" : 348894,
    "title" : "Comfortably Numb",
    "overview" : "A clean-cut young lawyer meets a beautiful prostitute who drags him into a decadent dead-end world of sex and corruption.",
    "genres" : [ {
      "id" : 18,
      "name" : "Drama"
    } ]
  }, {
    "id" : 348899,
    "title" : "88",
    "overview" : "“88” is a landmark documentary that will explore the remarkable events leading up to January 26th 1988 and its aftermath. Following on from the 1982 Commonwealth Games Protest it was decided that 1988 was the ideal chance to make a stand. With convoys travelling from every corner of Australia to protest against the “celebration of a nation”, the march was an affirmation of survival and a reminder that white Australia had a black history. The protest instigated public debate about the concept of Australian history, the position of Aboriginal people in contemporary society and self determination. The events of 1988 changed white and black Australia forever leading to the establishment of the numerous peak Indigenous organisations, fostered a new generation of leaders, shifted attitudes towards the way we celebrate Australia Day but more importantly in marked a turning point in our approach to Australia’s history.",
    "genres" : [ ]
  }, {
    "id" : 348904,
    "title" : "Shoot",
    "overview" : "November 19, 1971, F Space, Santa Ana, California: “At 7:45 p.m. I was shot in the left arm by a friend”.",
    "genres" : [ {
      "id" : 99,
      "name" : "Documentary"
    } ]
  }, {
    "id" : 348909,
    "title" : "The Bat, the Cat, and the Penguin",
    "overview" : "Behind the scenes documentary about the making of Batman Returns.",
    "genres" : [ {
      "id" : 99,
      "name" : "Documentary"
    } ]
  }, {
    "id" : 348924,
    "title" : "Realm",
    "overview" : "A woman battles against peoples' inner demons by gaining access to their soul.",
    "genres" : [ {
      "id" : 53,
      "name" : "Thriller"
    }, {
      "id" : 27,
      "name" : "Horror"
    }, {
      "id" : 9648,
      "name" : "Mystery"
    } ]
  }, {
    "id" : 348929,
    "title" : "You're Killing Me",
    "overview" : "Joe just told his boyfriend, George, that he is a serial killer. George thinks that his boyfriend, Joe, is hilarious... and he just saw Patricia Arquette at Target!!! In the horror/comedy hybrid, 'You're Killing Me', we take a look at the life and death consequences of dating in the age of incessant chatter. Joe and George meet just as Joe is coming out to himself as someone who loves to kill. George, on the other hand, can't decide which wig to wear for his next YouTube video. As George's friends start disappearing, one by one, he must face the undeniable fact that Gretchen might not be coming back with crushed ice for his party #YouDontNeedIceForChardonnay.",
    "genres" : [ {
      "id" : 10749,
      "name" : "Romance"
    }, {
      "id" : 35,
      "name" : "Comedy"
    }, {
      "id" : 27,
      "name" : "Horror"
    } ]
  }, {
    "id" : 348934,
    "title" : "Shopping in a Zombie Apocalypse",
    "overview" : "Two women discover a different set of shopping hassles during their latest excursion. 1 in a series of short Zombie films directed by Matt Devine for Boost Mobile and The Monkeys agency.",
    "genres" : [ {
      "id" : 27,
      "name" : "Horror"
    } ]
  }, {
    "id" : 348944,
    "title" : "VeggieTales: LarryBoy - The Good, the Bad, and the Eggly",
    "overview" : "Part 4 of LarryBoy's Cartoon Adventures",
    "genres" : [ ]
  }, {
    "id" : 348949,
    "title" : "Lupino",
    "overview" : "Anthony, Orsu and Pierre-Marie belong to Lupino. They grew up here, in these public housings trapped between the motorway and the hills, far from the seaside, far from the city center, far from anything. When summer comes, they go down the streets. They spend together long restless days on public benches and waste grounds, aching for some shadow, for some company, for an escape.",
    "genres" : [ ]
  }, {
    "id" : 348964,
    "title" : "Baby Phone",
    "overview" : "",
    "genres" : [ {
      "id" : 10751,
      "name" : "Family"
    }, {
      "id" : 35,
      "name" : "Comedy"
    } ]
  }, {
    "id" : 348969,
    "title" : "The Race",
    "overview" : "Eternally dissatisfied and doomed to grow, Humanity frantically rushes along at top speed on a mad race. What if this headlong rush was not the fruit of our free will, but the result of mechanical forces ruling the universe?",
    "genres" : [ {
      "id" : 14,
      "name" : "Fantasy"
    }, {
      "id" : 16,
      "name" : "Animation"
    } ]
  }, {
    "id" : 348974,
    "title" : "Zillo Festival 2004",
    "overview" : "",
    "genres" : [ ]
  }, {
    "id" : 348979,
    "title" : "Spook Ranch",
    "overview" : "Bill Bangs and his Negro valet, George Washington Black, stray into a mining town and are arrested when they attempt to steal something to eat. The sheriff promises them their freedom if they solve the mystery of a haunted house near the town. Bill agrees.....",
    "genres" : [ {
      "id" : 37,
      "name" : "Western"
    } ]
  }, {
    "id" : 348984,
    "title" : "As Noivas de Copacabana",
    "overview" : "",
    "genres" : [ {
      "id" : 80,
      "name" : "Crime"
    }, {
      "id" : 18,
      "name" : "Drama"
    } ]
  }, {
    "id" : 348989,
    "title" : "The Deadly Recruits",
    "overview" : "Based on the novel by Anthony Price and originally aired in the UK as part of the \"Chessgame\" television series, this British spy thriller stars Terence Stamp as David Audley, former Oxford professor turned intelligence agent.",
    "genres" : [ {
      "id" : 53,
      "name" : "Thriller"
    } ]
  }, {
    "id" : 348994,
    "title" : "Lunático",
    "overview" : "",
    "genres" : [ ]
  }, {
    "id" : 348999,
    "title" : "The Pinto Bandit",
    "overview" : "This is another of PRC's \"Texas Rangers\" series, starring Dave O'Brien and Jim Newell. This time, the Rangers' principal foe is a masked desperado. Evidently, the villain's main purpose in life is to disrupt the mail service between two frontier communities. With O'Brien and Newell on the job, rest assured that the settlers will get their bills and circulars on time.",
    "genres" : [ {
      "id" : 37,
      "name" : "Western"
    } ]
  }, {
    "id" : 349004,
    "title" : "All Aboard! The Canal Trip",
    "overview" : "A two-hour, real-time canal boat journey down one of Britain's most historic waterways, the Kennet and Avon Canal, from Top Lock in Bath to the Dundas Aqueduct. Using an uninterrupted single shot, the film is a rich and absorbing antidote to the frenetic pace and white noise of modern life.",
    "genres" : [ ]
  }, {
    "id" : 349009,
    "title" : "Le Ballet",
    "overview" : "A ballet performance with special guests...",
    "genres" : [ {
      "id" : 16,
      "name" : "Animation"
    } ]
  }, {
    "id" : 349014,
    "title" : "Keith Jarrett Standards Vol.2",
    "overview" : "Keith Jarrett Standards Vol.2",
    "genres" : [ ]
  }, {
    "id" : 349029,
    "title" : "On the Horizon",
    "overview" : "After a road trip gone wrong, two lovers live life in opposite extremes, leading them into separate lives of flight and fancy that hinge on that one moment in time.",
    "genres" : [ {
      "id" : 10749,
      "name" : "Romance"
    }, {
      "id" : 18,
      "name" : "Drama"
    } ]
  }, {
    "id" : 349034,
    "title" : "Mafia Girls",
    "overview" : "",
    "genres" : [ {
      "id" : 80,
      "name" : "Crime"
    } ]
  }, {
    "id" : 349039,
    "title" : "Sky of Fallen",
    "overview" : "A story of love and betrayal which is going through Perestroika and modern times.",
    "genres" : [ {
      "id" : 10749,
      "name" : "Romance"
    }, {
      "id" : 18,
      "name" : "Drama"
    } ]
  }, {
    "id" : 349044,
    "title" : "F1 2000 Official Review - They’ve Done It At Last",
    "overview" : "Williams BMW employed the youngest ever British driver, twenty-year-old Jenson Button, big cats Jaguar opened their first F1 season, hoping to follow on from previous success in sports car racing and the US hosted its first F1 race for nine years, attracting the biggest spectator crowd the sport has witnessed in recent times. The season saw a wave of emerging talent such as Pedro de la Rosa (Arrows), and notably Jarno Trulli (Jordan), who ran strong at the Nurburgring and Monaco respectively. But no one looked close to challenging the sport’s contemporary stars Michael Schumacher (Ferrari) and Mika Hakkinen (McLaren). With the aid of Ferrari’s master strategist Ross Brawn, Michael Schumacher’s persistence and determination clinched the championship title for the third time. This video captures the season’s most awesome moments, including unique footage previously only seen on the pay-per-view channels which are produced by Formula One Administration Limited.",
    "genres" : [ {
      "id" : 36,
      "name" : "History"
    }, {
      "id" : 99,
      "name" : "Documentary"
    }, {
      "id" : 28,
      "name" : "Action"
    } ]
  }, {
    "id" : 349049,
    "title" : "T'es folle ou quoi ?",
    "overview" : "",
    "genres" : [ ]
  }, {
    "id" : 349054,
    "title" : "Putuparri and the Rainmakers",
    "overview" : "Tom \"Putuparri\" Lawford is a man caught between two worlds: his past and present in modern society, where he battles with alcoholism and domestic violence; and his future as a leader of his people, reconnecting with his ancestral lands, learning about his traditional culture and shouldering his responsibility to pass this knowledge on to the next generation.  Director Nicole Ma spent more than a decade documenting Putuparri's journey, travelling with him and his family on numerous occasions to Kurtal, in the Kimberley's Great Sandy Desert region – traditionally a site of great significance as a place where people ritually make rain – as they fight for their native title claim over the area.  Set against the backdrop of this long fight for ownership of traditional lands, the MIFF Premiere Fund-supported Putuparri and the Rainmakers is an emotional, visually breathtaking story of love, hope and the survival of Aboriginal law and culture against all odds.",
    "genres" : [ ]
  }, {
    "id" : 349059,
    "title" : "Why Anzac with Sam Neill",
    "overview" : "Sam Neill examines the enduring myths of the Anzac legend, sharing his family's war stories and uncovering forgotten truths that haunt us still today.",
    "genres" : [ ]
  }, {
    "id" : 349064,
    "title" : "Cuernavaca",
    "overview" : "A boy has to stay with his bad tempered grandmother.",
    "genres" : [ ]
  }, {
    "id" : 349069,
    "title" : "Pozoamargo",
    "overview" : "When Jesús finds out he has contracted a venereal disease, he runs away and hides in the country working as a peasant. Desire, guilt and self-punishment will cling to him like a shadow. However, a series of events will give him the possibility to redeem himself.",
    "genres" : [ ]
  }, {
    "id" : 349074,
    "title" : "Lucy's Law",
    "overview" : "What can individuals do against the established norms of the society? In this movie few individuals are put to trial for going against the established norms and expectations of society.",
    "genres" : [ ]
  }, {
    "id" : 349089,
    "title" : "Pure",
    "overview" : "A street-savvy teen tries to turn her life around but soon goes back to her old ways.",
    "genres" : [ {
      "id" : 18,
      "name" : "Drama"
    } ]
  }, {
    "id" : 349094,
    "title" : "The Stranger Of The North",
    "overview" : "Silent film drama...",
    "genres" : [ {
      "id" : 18,
      "name" : "Drama"
    } ]
  }, {
    "id" : 349099,
    "title" : "The Last Days Of Cinema",
    "overview" : "As cinemas in the city are closing their doors, the relationship between Leandro and his son Martín fades away. Leandro will try to redeem his past errors on time for Martín to be able to dream again.",
    "genres" : [ {
      "id" : 10751,
      "name" : "Family"
    }, {
      "id" : 18,
      "name" : "Drama"
    } ]
  }, {
    "id" : 349104,
    "title" : "In The Meadow",
    "overview" : "A married man and his younger mistress head into the English countryside for an illicit birthday picnic. As the afternoon progresses, events begin to take a disturbing turn.",
    "genres" : [ ]
  }, {
    "id" : 349109,
    "title" : "The Cat Funeral",
    "overview" : "Indie musician Dong-hoon and cartoonist Jae-hee broke up a year ago. The former couple meet again after the death of the cat they owned together, and go on a night's trip to hold a funeral for their pet.",
    "genres" : [ {
      "id" : 18,
      "name" : "Drama"
    }, {
      "id" : 10749,
      "name" : "Romance"
    } ]
  }, {
    "id" : 349114,
    "title" : "The Grand Horror",
    "overview" : "A mysterious darkness has swallowed the earth.  While running from blood-thirsty creatures, a group of six strangers are mysteriously drawn to an old movie theatre.  Thinking themselves safe, they attempt to come to grips with the chaos happening to the world outside. But little do they know that something far worse resides within the walls of the theatre...  ...pure evil.",
    "genres" : [ {
      "id" : 53,
      "name" : "Thriller"
    }, {
      "id" : 27,
      "name" : "Horror"
    }, {
      "id" : 9648,
      "name" : "Mystery"
    } ]
  }, {
    "id" : 349119,
    "title" : "Die Spalte",
    "overview" : "A drama directed by Gustav Ehmck.",
    "genres" : [ {
      "id" : 18,
      "name" : "Drama"
    } ]
  }, {
    "id" : 349124,
    "title" : "Brutal Killers",
    "overview" : "",
    "genres" : [ {
      "id" : 99,
      "name" : "Documentary"
    } ]
  }, {
    "id" : 349129,
    "title" : "Edwige",
    "overview" : "Edwige lives alone in a house in Normandy and works as a maid. Her only companion is her loneliness. One day she meets a man in one of the rooms of the small hotel...",
    "genres" : [ {
      "id" : 53,
      "name" : "Thriller"
    } ]
  }, {
    "id" : 349134,
    "title" : "Akhtamar",
    "overview" : "Can an epic tale of forbidden love transcend time and influence our modern world?",
    "genres" : [ ]
  }, {
    "id" : 349139,
    "title" : "Crafted",
    "overview" : "Acclaimed filmmaker Morgan Spurlock captures the struggles and triumphs of five modern artisans who vary by trade but share a passion to create. Discover their worlds and be inspired by this vibrant, honest documentary.",
    "genres" : [ ]
  }, {
    "id" : 349149,
    "title" : "All American Bully",
    "overview" : "Cyberspace is the new school playground when it comes to bullying. Children and teens of all ages use social networking sites to blast their peers, reveal dirty secrets, and taunt those around them, often destroying lives in the process. This is a story of two close young friends who have a falling out, and internet bullying ensues, evolving into physical violence. Questions arise about what is the real truth, and who actually are the victims. As it turns out, no one is as innocent as they appear. Can you handle the real answers?",
    "genres" : [ {
      "id" : 53,
      "name" : "Thriller"
    } ]
  }, {
    "id" : 349159,
    "title" : "Grand Canyon",
    "overview" : "Almost no other natural wonder of our world makes an impression quite like that of the Grand Canyon. Any sense of dimensions one might have had is instantly put into perspective by its immense size. And the Grand Canyon reveals undreamt-of views into deep chasms and gorges gorges that were gradually cut into the rock of the Colorado Plateau by the powerful waters of the Colorado River. The Grand Canyon s stony walls reveal millions of years of geological history. And now, you can experience this age-old spectacle of nature and its inhabitants in perfect 3D. This film was made by a REAL 3D method you can play and watch it in 3D and also in 2D FULL HD.",
    "genres" : [ {
      "id" : 99,
      "name" : "Documentary"
    } ]
  }, {
    "id" : 349164,
    "title" : "Neon",
    "overview" : "A film celebrating the beauty and romance, the art and science of neon: visually stunning, one of the most environmentally friendly forms of lighting ever made, and endangered – LED is slowly but surely taking its place around the globe. Vivid, beautiful and insightful, Neon is the story of this noble element that has so profoundly coloured the modern world.",
    "genres" : [ ]
  }, {
    "id" : 349169,
    "title" : "While You Weren't Looking",
    "overview" : "Dez and Terri, a mixed-race couple married 20 years and adoptive parents, they are the trailblazing lesbians of the New South Africa. But, have these freedoms guaranteed them happiness?  Asanda, their 18 year old adopted daughter, is the poster child for South Africa’s diversity but describes herself as “an experiment”, being made up as she goes along. She meets Shado, an enigmatic Tommy Boy from Khayalitsha, a township on the edge of Cape Town, and a different picture of the New South Africa emerges.",
    "genres" : [ {
      "id" : 18,
      "name" : "Drama"
    } ]
  } ]
}