{
  "movies" : [ {
    "id" : 255724,
    "title" : "The Scarlet Horseman",
    "overview" : "Government agents work to interfere with schemes to trick the Comanches into war with the Texans.",
    "genres" : [ {
      "id" : 28,
      "name" : "Action"
    }, {
      "id" : 37,
      "name" : "Western"
    } ]
  }, {
    "id" : 255734,
    "title" : "Joyce at 34",
    "overview" : "After giving birth, Joyce attempts to regain her position as a filmmaker while also caring for her new baby. The changes to both her and her husband’s professional lives are remarkable and frustrating. The new parents love the baby but must recognize the limitations she puts on their careers.",
    "genres" : [ ]
  }, {
    "id" : 255739,
    "title" : "The White Bird Marked with Black",
    "overview" : "Colourful 'optimistic tragedy' of a poor family in Ukraine, living in the Carpathian mountains near the Romanian border, during the Second World War.  This epic, which won the grand prize at the Moscow Film Festival in 1971, chronicles a family's struggle for survival in an area that was claimed as part of Rumania, Poland and the Ukraine, all within a short span of time. The family is very poor, and has a great many children.  When World War II comes, various family members choose different masters; some even choose to work for the Soviets. War, struggle, marriages, births, deaths--all these events punctuate the story of this large family. Belaya Ptitsa s Chernoi Otmetinoi, or Bily Ptakh Z Chornoyu Oznakoyu was filmed in the Ukrainian language and was directed by the famed Ukrainian cinematographer, Yuri Ilyenko. It is notable for the way its rich, poetic imagery splashes across the screen, and is considered to be an important part of Ukrainian film heritage.",
    "genres" : [ ]
  }, {
    "id" : 255744,
    "title" : "Dreams of Love",
    "overview" : "This is a romantic biographical film about Franz Liszt. In a distinguished saloon of Paris, the unknown composer, Liszt, defeats the renown Thalberg at a piano competition. Through his playing, he wins the favours and later the hand of the countess D'Agoult. A daughter is born in their marriage, Cosima. Liszt is better and better known, Marie introduces him to the circle of artists.",
    "genres" : [ {
      "id" : 18,
      "name" : "Drama"
    }, {
      "id" : 36,
      "name" : "History"
    } ]
  }, {
    "id" : 255749,
    "title" : "Watch the Birdie",
    "overview" : "Prankster Bob is traveling to New York by ship with his girlfriend and he proposes to marry her. Along the trip, he plays pranks on the captain, passengers and his future father-in-law. When they arrive in the harbor, the captain and his father-in-law decide to revenge and the captain asks his men to retain Bob at the customs for hours. Then he heads to the office of his father-in-law where his girlfriend is waiting for him. But her father is still upset with Bob. Written by Claudio Carvalho, Rio de Janeiro, Brazil",
    "genres" : [ {
      "id" : 35,
      "name" : "Comedy"
    } ]
  }, {
    "id" : 255754,
    "title" : "Dead Kansas",
    "overview" : "In a post-apocalyptic land consumed by \"Rottens\", a simple farmer and his teenage daughter struggle to survive. Meanwhile, an unruly gang make a plan to kidnap and sell the daughter for their own selfish profit.",
    "genres" : [ {
      "id" : 27,
      "name" : "Horror"
    }, {
      "id" : 35,
      "name" : "Comedy"
    } ]
  }, {
    "id" : 255759,
    "title" : "All-Star Bluegrass Celebration",
    "overview" : "A pairing of bluegrass legends with a newer generation of bluegrass stars, the All-Star Bluegrass Celebration was recorded live on January 16, 2002, at the famed Ryman Auditorium in Nashville, TN, for a PBS television production. Hosted by Ricky Skaggs, the program featured veterans like Del McCoury, Ralph Stanley, and Earl Scruggs paired with neo-bluegrass performers like Nickel Creek and Alison Krauss. Ralph Stanley steals the show with his signature a cappella version of \"Oh Death\" and Earl Scruggs is simply amazing on banjo, as always. Other highlights include Bruce Hornsby playing what can only be described as bluegrass piano on the traditional \"Darlin' Cory\" and the beautiful, wistful \"Seven Wonders\" by Nickel Creek",
    "genres" : [ ]
  }, {
    "id" : 255769,
    "title" : "The Death of Empedocles",
    "overview" : "Film adaptation by Straub and Huillot of Hölderlin's 1798 tragedy on the symbolic death of Empedoclus, the legislator in Ancient Greece.",
    "genres" : [ {
      "id" : 18,
      "name" : "Drama"
    } ]
  }, {
    "id" : 255774,
    "title" : "I Learn America",
    "overview" : "The children of immigration, here to stay, are the new Americans. How we fare in welcoming them will determine the nature of this country in the 21st century and beyond. The International High School is a New York City public school dedicated to serving newly arrived immigrant teenagers, with more than 300 students speaking two-dozen languages from 50 countries. The students strive to master English, adapt to families they haven't seen in years, confront the universal trials of adolescence, and search for a future they can claim as their own. In \"I Learn America,\" five resilient immigrant teenagers come together over a year at the International High School at Lafayette and struggle to learn their new land. Through these five vibrant young people, their stories and struggles, and their willingness to open their lives and share them with us, we \"learn America.\"",
    "genres" : [ {
      "id" : 99,
      "name" : "Documentary"
    } ]
  }, {
    "id" : 255779,
    "title" : "Dazzling",
    "overview" : "A beautifully-made film about two love-seeking angels and a lonely theater usher longing to return to the light.",
    "genres" : [ {
      "id" : 18,
      "name" : "Drama"
    }, {
      "id" : 10749,
      "name" : "Romance"
    }, {
      "id" : 14,
      "name" : "Fantasy"
    } ]
  }, {
    "id" : 255784,
    "title" : "Times of Joy and Sorrow",
    "overview" : "The story of the trials and tribulations of lighthouse keeper Keiji Sada and his wife Hideko Takamine.",
    "genres" : [ ]
  }, {
    "id" : 255789,
    "title" : "The Crotchening",
    "overview" : "Enid Endacrotche was aspiring to be the first female field goal kick in Hollow Pointe University history. But she was denied and she went crazy, Krotch crazy.",
    "genres" : [ {
      "id" : 35,
      "name" : "Comedy"
    }, {
      "id" : 27,
      "name" : "Horror"
    } ]
  }, {
    "id" : 255794,
    "title" : "ROCINHA: Daylight of a Favela",
    "overview" : "A documentary film about Rocinha,  the daylight of brazil´s most notorious and populated favela. A jouney inside the slum through some of its most remarkable inhabitants. An alternative vision of their everyday fight against the stereotypes of poverty drugs and violence.",
    "genres" : [ ]
  }, {
    "id" : 255799,
    "title" : "Wild Bára",
    "overview" : "This is a romantic story about a brave, self-made girl, despised daughter of a shepherd. She is not afraid of anything - neither night nor swimming. But the superstitious villagers are telling weird stories about her and about all sorts of strange things, even her conjunction with the powers of hell.",
    "genres" : [ {
      "id" : 18,
      "name" : "Drama"
    }, {
      "id" : 10749,
      "name" : "Romance"
    } ]
  }, {
    "id" : 255804,
    "title" : "Six Seasons and A Movie - A Community Art Show",
    "overview" : "A 30 minute documentary that explores the sub culture of fan art and artists that pay homage to the NBC comedy Community. Follow PixelDrip Gallery as they organize the first ever Community themed art show and get to know the artists and fans who's love for the show goes beyond just watching it.",
    "genres" : [ {
      "id" : 99,
      "name" : "Documentary"
    } ]
  }, {
    "id" : 255809,
    "title" : "Ghost Algebra",
    "overview" : "Janie Geiser takes us along on her search for the original meaning of the word 'algebra' with the help of a remarkable series of found objects, medical illustrations and a rich variety of animation techniques.",
    "genres" : [ ]
  }, {
    "id" : 255814,
    "title" : "Clejani, povesti, histoires, stories...",
    "overview" : "Since the recent death of Nicolae Neacsu, star violinist of the Taraf de Haïdouks, things have taken a turn for the worse in Clejani, a village in the south of Romania. Young musicians without work chase away their depression with drugs and dreams of the West. Marius grabs his accordion and plays some gypsy blues to charm the moneylenders who demand their due, to seduce a beautiful chick or maybe even attract Johnny Depp who, it seems, promised to be godfather to his youngest child. Won, stolen, borrowed or exchanged, money is the only way to thwart the fate that dogs this small gypsy community. Clejani is a chasm at the end of a road. Some are willing to do anything to get away.",
    "genres" : [ ]
  }, {
    "id" : 255819,
    "title" : "Caterpillar",
    "overview" : "A half-hour experimental film that shows Fukui moving towards cyberpunk imagery in a manner similar to Tsukamoto, featuring industrial locations, a malfunctioning cyborg/android and a hulking metallic ‘caterpillar’ that stalks characters.",
    "genres" : [ {
      "id" : 878,
      "name" : "Science Fiction"
    }, {
      "id" : 9648,
      "name" : "Mystery"
    }, {
      "id" : 14,
      "name" : "Fantasy"
    } ]
  }, {
    "id" : 255824,
    "title" : "Life of Riley",
    "overview" : "In the midst of rehearsals for a new play, amateur dramatics proponents Colin and Kathryn receive the shattering news that their friend George is fatally ill and only has a few months to live.",
    "genres" : [ {
      "id" : 35,
      "name" : "Comedy"
    } ]
  }, {
    "id" : 255829,
    "title" : "To Hear the Birds Singing",
    "overview" : "Bolivian drama that serves as a plea for tolerance of cultural diversity in that country.",
    "genres" : [ {
      "id" : 18,
      "name" : "Drama"
    } ]
  }, {
    "id" : 255839,
    "title" : "The Irishman",
    "overview" : "Paddy Doolan is a man who refuses to accept change. In a new century where the motor car is changing the way things are done, the stubborn Irishman, the last of the draught-horse teamsters, continues to haul timber the old way.",
    "genres" : [ ]
  }, {
    "id" : 255844,
    "title" : "Le Désirable et le Sublime",
    "overview" : "A couple has found peace in a strange manor by the sea but, on a hot evening, a visitor comes, troubling their solitude. However, three is not actually a crowd and they start start talking, exchanging points of view about philosophy, sociology and politics, eroticism as well.",
    "genres" : [ ]
  }, {
    "id" : 255849,
    "title" : "Sales Gosses",
    "overview" : "",
    "genres" : [ ]
  }, {
    "id" : 255854,
    "title" : "King of the Jews",
    "overview" : "King of the Jews is a film about anti-Semitism and transcendence. Utilizing Hollywood movies, 1950's educational films, personal home movies and religious films, the filmmaker depicts his childhood fear of Jesus Christ. These childhood recollections are a point of departure for larger issues such as the roots of Christian anti-Semitism.",
    "genres" : [ {
      "id" : 99,
      "name" : "Documentary"
    } ]
  }, {
    "id" : 255859,
    "title" : "Utopia Ltd.",
    "overview" : "Documentary about 1000Robota - a music band from Hamburg, Germany. Director Sandra Trostel followed the band,  Anton Spielman, Jonas Hinnerkort and Sebastian Muxfeldt for three years. Premiered at Berlinale 2011.",
    "genres" : [ ]
  }, {
    "id" : 255864,
    "title" : "The Other ½ & the Other ½",
    "overview" : "Clara Law's debut feature deals with her common theme of emigration as two people, man and woman, from separate couples, have to room together while their spouses are in America to finalize the Canadian citizenship process.",
    "genres" : [ ]
  }, {
    "id" : 255869,
    "title" : "Pleased to Meet Me",
    "overview" : "Rocker Pete Jones is in trouble. He’s solo in his personal and professional life and he can’t seem to finish his long-awaited album. Threatened with bankruptcy and a lawsuit from his label, Pete turns to his lost love and former producer-turned-radio-reporter Laura Klein for help. Together, they form an eclectic group of musicians who have never met to create a band, for one day and one day only.",
    "genres" : [ {
      "id" : 18,
      "name" : "Drama"
    }, {
      "id" : 10402,
      "name" : "Music"
    } ]
  }, {
    "id" : 255874,
    "title" : "Coyote",
    "overview" : "Story of a wild first love that takes place at the mouth of the St. Lawrence River between the refineries at Pointe-Au-Trembles and the rock culture of Montreal.",
    "genres" : [ {
      "id" : 35,
      "name" : "Comedy"
    }, {
      "id" : 18,
      "name" : "Drama"
    } ]
  }, {
    "id" : 255884,
    "title" : "The Object",
    "overview" : "This memorably odd doc by Dub Cornett and \"Dancing Outlaw\" director Jacob Young — the story of three men who claim to have found an Old Testament portal on the 99-cent sale rack at a Madison, Tennessee, Goodwill superstore — made its debut at the 38-year-old Nashville Film Festival April 2007... Last month, it played the International Documentary Film Festival Amsterdam, where no less an admirer than Werner Herzog reportedly dismissed its critics as \"retarded.\"",
    "genres" : [ {
      "id" : 99,
      "name" : "Documentary"
    } ]
  }, {
    "id" : 255889,
    "title" : "Neil Hamburger: Western Music and Variety",
    "overview" : "Neil Hamburger is a two-bit stand-up with a bad comb-over--an aging, phlegmy jokester with a penchant for cheap celebrity jabs. He's also the brilliantly odd creation of Gregg Turkington, a decidedly more gifted comedian who has found a loyal cult following for his Tony Clifton-esque character. In this concert release, Hamburger performs a handful of twangy country tunes alongside the Too-Good-For-Neil-Hamburger Band, a name that speaks the truth: the back-up group includes veteran rockers Prairie Prince, David Gleason, and Atom Ellis.",
    "genres" : [ {
      "id" : 99,
      "name" : "Documentary"
    }, {
      "id" : 10402,
      "name" : "Music"
    }, {
      "id" : 35,
      "name" : "Comedy"
    } ]
  }, {
    "id" : 255894,
    "title" : "Perón: Actualización política y doctrinaria para la toma del poder",
    "overview" : "Fernando Solanas and Octavio Getino interview the then exiled in Spain political leader Juan Domingo Perón.",
    "genres" : [ {
      "id" : 99,
      "name" : "Documentary"
    } ]
  }, {
    "id" : 255899,
    "title" : "Nat Pwe: Burma's Carnival of Spirit Soul",
    "overview" : "In Burma, many people believe in ghost spirits called NATs. They are said to possess the power to assist or devastate the lives of those who recognize them. A PWE is a ceremony held to appease a Nat.  Pwes are arranged daily throughout Burma for many purposes including the achievement of success in business, a happy marriage, or improving one's health. A Nat is summoned through a Kadaw; the flamboyant and charismatic master of the Pwe dressed in elegant costume. The Kadaw is a spirit medium, dancer, storyteller, and magician who exposes the crowd to a living incarnation of the Nat brought forth through opening ritual and careful observance of tradition.",
    "genres" : [ {
      "id" : 99,
      "name" : "Documentary"
    }, {
      "id" : 10402,
      "name" : "Music"
    } ]
  }, {
    "id" : 255904,
    "title" : "There's Something About a Soldier",
    "overview" : "Five officer candidates fight to prove their mettle during training.",
    "genres" : [ {
      "id" : 18,
      "name" : "Drama"
    } ]
  }, {
    "id" : 255909,
    "title" : "Believe",
    "overview" : "The story of one man's grief following the death of his wife. The film captures a desperate journey, played out against isolated highland landscapes.",
    "genres" : [ ]
  }, {
    "id" : 255914,
    "title" : "C'est jeune et ça sait tout!",
    "overview" : "",
    "genres" : [ {
      "id" : 35,
      "name" : "Comedy"
    } ]
  }, {
    "id" : 255919,
    "title" : "John Fahey: Live at Audimax Hamburg",
    "overview" : "\"Shot live for TV by the legendary German music show “Rockpalast” this DVD represents the earliest example of a complete Fahey concert performance. The multi-camera filming features detailed close-ups of Fahey’s playing style giving fans a rare insight into what Pete Townsend has called the William Burroughs of the guitar.  Fahey’s 1978 visit to Europe saw him in fine wild form performing an 11 track set and as an incredibly rare bonus a short interview with the maverick iconoclast.",
    "genres" : [ {
      "id" : 99,
      "name" : "Documentary"
    }, {
      "id" : 10402,
      "name" : "Music"
    } ]
  }, {
    "id" : 255924,
    "title" : "To Lavoisier, Who Died in the Reign of Terror",
    "overview" : "To Lavoisier Who Died in the Reign of Terror (1991) is a collaboration with filmmaker Carl Brown, who specializes in homebrewed chemical film development. In a series of tableaux, people perform everyday tasks — sleeping, dining, reading, card-playing — as the camera arcs past and over them (the replete set of positions recalls La région centrale’s movements). Brown abraded the film stock, creating a continuous dynamic surface-effect tension with the comparatively static views and cueing the soundtrack, the crackle of fire. The physics and chemistry of combustion were the scientific focus of Lavoisier, the 18th-century savant.",
    "genres" : [ ]
  }, {
    "id" : 255929,
    "title" : "Louis Lumière",
    "overview" : "Eric Rohmer leads a conversation with Jean Renoir and Henri Langlois on the art of filmmaker Louis Lumière.",
    "genres" : [ ]
  }, {
    "id" : 255934,
    "title" : "Tuck Bushman and the Legend of Piddledown Dale",
    "overview" : "Tuck Bushman (Chris Lumb) is an out of luck and out of work TV presenter / creature hunter. When strange things start to happen in the remote Yorkshire village of Piddledown Dale, the mayor Eli Nefarious (Rob Girdler), offers a reward to the person who can capture the culprit. Tuck jumps at the chance to claim the prize and heads off, with snobby director Jerry Stains (Matthew Jackson) in tow, to make a programme of his triumph and get his career back on track. Little does Tuck know that there is more brewing in the village than tea and some old wounds and old flames will surface from his past, not to mention his ex-girlfriend Felicity Scruples (Natalie Smeaton). Mad doctors, monster hunters, camping, booby traps, car chases and even a giant sheep make this a trip to Piddledown Dale you won't forget!",
    "genres" : [ ]
  }, {
    "id" : 255939,
    "title" : "Light in Darkness: The Return of Red Light Bandit",
    "overview" : "",
    "genres" : [ ]
  }, {
    "id" : 255944,
    "title" : "Columbarium",
    "overview" : "",
    "genres" : [ {
      "id" : 18,
      "name" : "Drama"
    }, {
      "id" : 14,
      "name" : "Fantasy"
    }, {
      "id" : 53,
      "name" : "Thriller"
    } ]
  }, {
    "id" : 255949,
    "title" : "Flower of Shanidar",
    "overview" : "A strange phenomenon takes place. A beautiful flower blooms on a selected woman's body and that flower is called the \"Shanidar\". When the Shanidar is in full bloom, the flower produces a substance which is then sold at a high cost to develop new drugs. Kenji Otaki (Gou Ayano) works as a researcher at the facility where the Shanidar is grown.",
    "genres" : [ ]
  }, {
    "id" : 255954,
    "title" : "Splendid Float",
    "overview" : "Roy is a Taoist priest but also a drag queen performer. He meets and falls for Sunny but when Sunny disappears without saying goodbye, Roy begins to suspect that something terrible has happened.",
    "genres" : [ ]
  }, {
    "id" : 255959,
    "title" : "Philomirrophobia II",
    "overview" : "Last year Chinese painter Yuke Qin showed his experimental short film, Philomirrophobia, at the Montreal World Film Festival. This year he artfully questions his own \"coming out\". He elaborates: \"I'd like to tell you about my love story. But my love story may sound really disappointing to you, because love never happened to me. I have never had any intimate relationship or intimate physical contact with anyone. I grew up determined to love the homosexual, and to accept my own sexual orientaion.\" -- Yuke Qin",
    "genres" : [ ]
  }, {
    "id" : 255964,
    "title" : "A Love of Blueness",
    "overview" : "Rookie policeman Tai Lin yearned to be an artist before he failed an examination and followed in his father's footsteps. One day he interrupts an apparent suicide attempt by a woman standing on the edge of a bridge.",
    "genres" : [ ]
  }, {
    "id" : 255969,
    "title" : "For Fun",
    "overview" : "Required to retire from his job as a utility man at a Peking Opera theater, Old Han is at loose ends, wandering the backstreets of Beijing looking for something to correct.",
    "genres" : [ ]
  }, {
    "id" : 255979,
    "title" : "Balnearios",
    "overview" : "This movie is a documentary about  Balnearios. They are tourism towns or little cities by the seacoast, or near some water fountain. The movie shows the singularity of these places and how people enjoy them.",
    "genres" : [ {
      "id" : 99,
      "name" : "Documentary"
    } ]
  }, {
    "id" : 255984,
    "title" : "Joyeux Calvaire",
    "overview" : "",
    "genres" : [ {
      "id" : 18,
      "name" : "Drama"
    } ]
  }, {
    "id" : 255989,
    "title" : "The Bladed Hand: The Global Impact of the Filipino Martial Arts",
    "overview" : "Featuring numerous interviews with Grandmasters and Masters of various styles and systems, THE BLADED HAND explores these indigenous arts of FMA from its historic roots to its current state and global impact, including its influence in military and law enforcement training,to fight choreography for Hollywood Action Films and Television.",
    "genres" : [ ]
  }, {
    "id" : 255994,
    "title" : "The Women's Club",
    "overview" : "Patrick is a struggling screenwriter who takes a second job as a male prostitute. He is supposed to write by day and do right by his lonely clientele at night, but he develops writer's block. When Patrick decides to draw from his amorous experiences as inspiration for his next screenplay, the women conspire to prevent it.",
    "genres" : [ ]
  }, {
    "id" : 255999,
    "title" : "Tante Ju beim großen Check",
    "overview" : "",
    "genres" : [ {
      "id" : 99,
      "name" : "Documentary"
    } ]
  }, {
    "id" : 256004,
    "title" : "Operation Julie",
    "overview" : "Tv movie directed by Bob Mahoney.",
    "genres" : [ ]
  }, {
    "id" : 256009,
    "title" : "Elcano, El Barco Blanco",
    "overview" : "",
    "genres" : [ {
      "id" : 99,
      "name" : "Documentary"
    } ]
  }, {
    "id" : 256014,
    "title" : "Klondike Fever",
    "overview" : "This movie chronicles Jack London's epic journey from San Francisco to the Klondike gold fields in 1898.",
    "genres" : [ ]
  }, {
    "id" : 256024,
    "title" : "Vishnuvardhana",
    "overview" : "No one has entered a biography for him.",
    "genres" : [ {
      "id" : 35,
      "name" : "Comedy"
    }, {
      "id" : 53,
      "name" : "Thriller"
    }, {
      "id" : 10749,
      "name" : "Romance"
    }, {
      "id" : 28,
      "name" : "Action"
    }, {
      "id" : 18,
      "name" : "Drama"
    } ]
  }, {
    "id" : 256039,
    "title" : "Rangan Style",
    "overview" : "No one has entered a biography for him.",
    "genres" : [ ]
  }, {
    "id" : 256044,
    "title" : "Village People Radio Show",
    "overview" : "A portrait of village life in South Thailand, home of retired Malay-Muslim members of the communist party of neighboring Malaysia. Recollections of the decades-long guerrilla war are interspersed with a Thai radio soap opera.",
    "genres" : [ {
      "id" : 99,
      "name" : "Documentary"
    } ]
  }, {
    "id" : 256049,
    "title" : "Kiraathaka",
    "overview" : "",
    "genres" : [ {
      "id" : 35,
      "name" : "Comedy"
    }, {
      "id" : 18,
      "name" : "Drama"
    }, {
      "id" : 10751,
      "name" : "Family"
    } ]
  }, {
    "id" : 256054,
    "title" : "Oh My Ghost",
    "overview" : "This comedy is about two best friends, one very pretty the other not so much. When one friend passes away, she returns as a ghost to be with her old pal, and things get complicated when they have to share the same body.",
    "genres" : [ {
      "id" : 35,
      "name" : "Comedy"
    } ]
  }, {
    "id" : 256059,
    "title" : "Seven Jackals",
    "overview" : "Seven legendary outlaws face a rival gang.",
    "genres" : [ {
      "id" : 12,
      "name" : "Adventure"
    } ]
  }, {
    "id" : 256064,
    "title" : "Sju vackra flickor",
    "overview" : "Unsuccessful composer Stig disguises himself as a woman to play in ex-fiancee Sonja's seven piece women's orchestra, which is temporarily short one member, at a hotel. When Stig's jealous, and unsuccessful actress, wife Eva finds out about it she too disguises herself as the opposite sex by posing as a hotel porter. Additional complications arise and hilarity ensues!",
    "genres" : [ {
      "id" : 35,
      "name" : "Comedy"
    } ]
  }, {
    "id" : 256069,
    "title" : "Fruit Punch",
    "overview" : "Five young men threw themselves with heart and soul into the work force. They have different approaches and different life styles.",
    "genres" : [ ]
  }, {
    "id" : 256074,
    "title" : "My American Grandson",
    "overview" : "A 12-year-old boy from America experiences the clash of cultures and the generation gap when he visits his grandfather in Shanghai.",
    "genres" : [ ]
  }, {
    "id" : 256079,
    "title" : "Barcelona, Lament",
    "overview" : "A young man named Pau Arrese, maintaining a relationship, somewhat deteriorated, with a girl (Gloria), seen as the reins of his life escape him, when, after a series of unfortunate incidents, ends up in jail. Inside prison, he become sortta friend a with David Velasco, a guy who lives on odd jobs done for a certain mobster. After being released, Pau will be involved in some rackets, with David and other gangsters, that will lead him to the lowest point of his existence.",
    "genres" : [ {
      "id" : 53,
      "name" : "Thriller"
    } ]
  }, {
    "id" : 256084,
    "title" : "In Enemy Country",
    "overview" : "Wartime secret agents are on a mission to destroy a deadly new type of torpedo, hidden in a Nazi stronghold in France.",
    "genres" : [ {
      "id" : 10752,
      "name" : "War"
    }, {
      "id" : 12,
      "name" : "Adventure"
    }, {
      "id" : 18,
      "name" : "Drama"
    } ]
  }, {
    "id" : 256089,
    "title" : "Great Speeches from a Dying World",
    "overview" : "Linas Phillips spent nearly two years getting to know nine of Seattle's homeless population. The result is a unique and compassionate exploration of the hard luck, wrong turns and broken dreams that reside on the city's streets.",
    "genres" : [ ]
  }, {
    "id" : 256094,
    "title" : "Pastor Hall",
    "overview" : "This film is based on the true story of Pastor Martin Neimuller, who was sent to Dachau concentration camp for criticising the Nazi party. The small German village of Altdorf in the 1930's has to come to terms with Chancellor Hitler and the arrival of a platoon of Stormtroopers (preceded by a flock of sheep). The Stormtrooper go about teaching and enforcing 'The New Order' but Pastor Hall is a kind and gentle man who won't be cowed. Some villagers join the Nazi party avidly, some just go along with things, hoping for a quiet life but Pastor Hall takes his convictions to the pulpit.",
    "genres" : [ {
      "id" : 18,
      "name" : "Drama"
    } ]
  }, {
    "id" : 256099,
    "title" : "Carré rouge sur fond noir",
    "overview" : "",
    "genres" : [ {
      "id" : 99,
      "name" : "Documentary"
    } ]
  }, {
    "id" : 256104,
    "title" : "Lavender",
    "overview" : "A young woman's life is changed when an angel with a broken wing lands on her balcony.",
    "genres" : [ ]
  }, {
    "id" : 256109,
    "title" : "Last Call",
    "overview" : "Danny and Phil O'Donnell are chronically underachieving cousins, who are forced to run the family pub, in order to save their crazy Uncle Pete from jail and financial destitution. The boys instigate a number of hilarious schemes, from turning the pub into a strip club to a high school speakeasy, just to keep it afloat.",
    "genres" : [ {
      "id" : 35,
      "name" : "Comedy"
    } ]
  }, {
    "id" : 256114,
    "title" : "A Story of People in War and Peace",
    "overview" : "Starting in 1988, a fierce battle raged between the two neighbouring states of Armenia and Azerbaijan (until 1991 part of the Soviet Union) over Nagorno-Karabakh. In 1994, an armistice gave control of Karabakh and the Azeri territory in-between to Armenia. Director Vadan Hovhannisyan shows the footage he shot as an independent war reporter on the front 12 years ago. He runs across the battlefield with a shaky camera, under a fierce shower of bullets. Scrawny soldiers with sunken eyes spend their days smoking, waiting and taking cover in trenches. Fallen comrades are carried down forest paths. Then, Hovhannisyan revisits the soldiers now, bringing prints of stills and frontline footage on his laptop. Although they have put on some weight, many of them are \"victims of the peace,\" as Hovhannisyan calls it in his voice-over.",
    "genres" : [ {
      "id" : 99,
      "name" : "Documentary"
    } ]
  }, {
    "id" : 256119,
    "title" : "Les Nordiques, Notre Équipe",
    "overview" : "",
    "genres" : [ {
      "id" : 99,
      "name" : "Documentary"
    } ]
  }, {
    "id" : 256124,
    "title" : "Out of Here",
    "overview" : "Ciaran is a passionate yet restless college dropout who has returned home to recession-struck Dublin after a year of travelling. Broke and living with his parents, struggling to re-connect with the ex-girlfriend that he left behind and the friends and social scene that have moved on without him, Ciaran questions whether he should stay or go - and comes to realize the difference between being stuck and being present",
    "genres" : [ ]
  }, {
    "id" : 256129,
    "title" : "The Alley",
    "overview" : "The film is a powerful condemnation of the political radicalism of the Cultural Revolution and shows how ordinary people were victimized during a decade of turmoil.",
    "genres" : [ {
      "id" : 18,
      "name" : "Drama"
    }, {
      "id" : 10749,
      "name" : "Romance"
    } ]
  }, {
    "id" : 256134,
    "title" : "Memories For Moderns",
    "overview" : "A series of 13 videos made between 2000 and 2009 shown together for the first time. Starting with the “musical” writings of Pier Vittorio Tondelli, Ancarani retraces the changes that have come to Romagna’s ‘riviera’ in recent decades: immigration and petrochemical plants amidst timeless landscapes.",
    "genres" : [ {
      "id" : 99,
      "name" : "Documentary"
    } ]
  }, {
    "id" : 256149,
    "title" : "Drifter",
    "overview" : "\"The suggestive ballad of a lone wanderer. Fourteen years in the making, Drifter is an atmospheric anthology of places, faces and the sublime gifts of Kodachrome and a Bolex camera.\"",
    "genres" : [ ]
  }, {
    "id" : 256154,
    "title" : "The Womaniser",
    "overview" : "Yan Hongwei is in distress because the first three girlfriends he had have all left and he nearly died of a broken heart. Even more unfortunately, he was unemployed and when cornered , his friend introduced him to the Water Yang which was a business deal. The deal was as long as he 's within a month to the lovelorn girl he can earn 100,000 yuan. To obtain the good things of beauty and money , Yan Hongwei has to learn let go.",
    "genres" : [ {
      "id" : 35,
      "name" : "Comedy"
    }, {
      "id" : 10749,
      "name" : "Romance"
    } ]
  }, {
    "id" : 256159,
    "title" : "Veera Madakari",
    "overview" : "",
    "genres" : [ {
      "id" : 28,
      "name" : "Action"
    }, {
      "id" : 35,
      "name" : "Comedy"
    }, {
      "id" : 18,
      "name" : "Drama"
    }, {
      "id" : 10749,
      "name" : "Romance"
    } ]
  }, {
    "id" : 256169,
    "title" : "Elmer",
    "overview" : "Elmer is a huge hound dog with a big problem - he's quite old, but he thinks he's a pup. This gets poor Elmer into plenty of trouble.",
    "genres" : [ ]
  }, {
    "id" : 256174,
    "title" : "Mission To Hell",
    "overview" : "Some guys try to locate a evil guy's secret diamond mine somewhere in Thailand.",
    "genres" : [ {
      "id" : 12,
      "name" : "Adventure"
    }, {
      "id" : 53,
      "name" : "Thriller"
    } ]
  }, {
    "id" : 256179,
    "title" : "Cafuné",
    "overview" : "",
    "genres" : [ ]
  }, {
    "id" : 256184,
    "title" : "Mr Os",
    "overview" : "Os, a poor youth, inherits RM1 million from his late grandfather. He has, however, to spend all the money within seven days and seven nights without purchasing any assets or property. If he fails to do so, everything will be donated to a company. Despite squandering wildly on the last day he still is left with RM20,000.",
    "genres" : [ {
      "id" : 35,
      "name" : "Comedy"
    } ]
  }, {
    "id" : 256189,
    "title" : "Zona inquinata",
    "overview" : "La Zone - the poor, dangerous quarters of Paris (George Lacombe, 1928); the administrative zone where Orpheus looks for his lost Eurydice (Jean Cocteau, 1950); Interzone - the working title for Naked Lunch (W.S. Burroughs, 1959). In 1983, Ossang created a synthesis of all these territories of unrest under a banner of dead colours. - IFFR",
    "genres" : [ ]
  }, {
    "id" : 256194,
    "title" : "Viva la muerte! Autopsie du nouveau cinéma fantastique espagnol",
    "overview" : "",
    "genres" : [ {
      "id" : 99,
      "name" : "Documentary"
    } ]
  }, {
    "id" : 256199,
    "title" : "First Period",
    "overview" : "New girl Cassie (Brandon Alexander III) and outcast Maggie (Dudley Beene) are easily the most awkward girls in high school. Together, they decide the way to win the hearts of the cute boys and popular girls is to come in first at the school talent show. But rivals Heather, Other Heather, and their popular boyfriends Brett and Dirk will stop at nothing to keep our heroes the laughing stock of the school. It's going to take makeovers, courage, and maybe even a little rapping to beat them in true 80s style.",
    "genres" : [ {
      "id" : 35,
      "name" : "Comedy"
    } ]
  }, {
    "id" : 256204,
    "title" : "Yuriko, Dasvidaniya",
    "overview" : "Based on a true story, Yoshiko and Yuriko relates the journey and great love affair of Yoshiko, who was a renowned translator of Russian literature and drama, and Yuriko, who was a feminist novelist and great activist of the post-war democratic literature movement. Both have left huge marks on Japanese literary history. The two women shared a strong attraction to each other from their first meeting and enjoyed a powerful love affair. Yoshiko reveals that she's an out lesbian, whilst Yuriko is married (not altogether happily) to a well-known scholar - a situation she can't walk away from with ease.",
    "genres" : [ ]
  }, {
    "id" : 256209,
    "title" : "Unter der Laterne",
    "overview" : "Else Riedel (Lissy Arna), locked out by her authoritarian father, seeks refuge with her boyfriend Hans. Complications threaten when Hans's roommate Max falls in love with her, but the situation is resolved: the three remain friends, and decide to form a music hall act. They want to ascend, but how? A way out beckons when a theatrical agent named Nevin enters Else’s life. He is played by Hubert von Meyerinck as a slick and oily villain, who oozes refinement; his experience behind bars is waved away with a silk scarf. He is cunning to the point of perfidiousness, but is not completely unsympathetic. He also embodies a new type - the scrounger.",
    "genres" : [ {
      "id" : 18,
      "name" : "Drama"
    } ]
  }, {
    "id" : 256214,
    "title" : "Natural Resistance",
    "overview" : "Ten years after Mondovino, his analysis of the increasingly standardised wine production in France, wine expert Jonathan Nossiter picks up the thread again and shows what it means to be rooted in the soil you're working on. During walks through the vineyards and relaxed gatherings with a group of alternative Italian wine growers, he trades experiences and arguments. What looks like a bucolic paradise, where intelligent people produce wine according to time-honoured and organic methods, is actually revealed to be a battleground. The DOC association, which is supposed to look after the interest of independent vintners, promotes winemakers who produce vast amounts in a standardised quality; and the agricultural industry with its hygiene regulations excludes traditional methods of production. The only thing saving the landscape from being totally destroyed is affluent foreigners using the old vineyards as summer holiday homes.",
    "genres" : [ {
      "id" : 99,
      "name" : "Documentary"
    } ]
  }, {
    "id" : 256219,
    "title" : "Keening Woman",
    "overview" : "During a farewell ceremony for a family friend, Cotton begins feeling as if her body and her consciousness are separating. Different memories, identities and actions are lingering inside Cotton, which aggravate the unusual relationship between herself, her lame boyfriend and her psychiatrist.",
    "genres" : [ ]
  }, {
    "id" : 256224,
    "title" : "The Prisoner of Zenda, Inc.",
    "overview" : "When young computer genius Rudy inherits his father's business his avaricious uncle has him kidnapped and held hostage until the boy signs off all rights to the lucrative enterprise. Not wanting the uncle to control, a pair of corporate executives happen upon a youth who looks just like the missing heir. In hopes of keeping the business afloat, they substitute him at the board meetings.",
    "genres" : [ {
      "id" : 12,
      "name" : "Adventure"
    }, {
      "id" : 18,
      "name" : "Drama"
    } ]
  }, {
    "id" : 256239,
    "title" : "Mania",
    "overview" : "Horror anthology with segments entitled:  \"See No Evil\", \"The Intruder\", \"Have a Nice Day\" and \"The Good Samaritan\".",
    "genres" : [ {
      "id" : 27,
      "name" : "Horror"
    } ]
  }, {
    "id" : 256244,
    "title" : "Arizona Frontier",
    "overview" : "A government agent (Tex Ritter) uncovers the truth behind a series of raids on a freight company.",
    "genres" : [ {
      "id" : 37,
      "name" : "Western"
    } ]
  }, {
    "id" : 256249,
    "title" : "The Spaceship of Aliens",
    "overview" : "A story about a launch of one of the first \"Vostok\" space ships in 1960.",
    "genres" : [ {
      "id" : 18,
      "name" : "Drama"
    } ]
  }, {
    "id" : 256254,
    "title" : "Glubinka 35x45",
    "overview" : "",
    "genres" : [ {
      "id" : 99,
      "name" : "Documentary"
    } ]
  }, {
    "id" : 256259,
    "title" : "Paris Vu Par... 20 Years After",
    "overview" : "Film comprised of six vignettes each illustrating one aspect of life in the French capital, each set in a different area of the city.",
    "genres" : [ ]
  }, {
    "id" : 256264,
    "title" : "Geneviève",
    "overview" : "Two teenage girls go to winter carnival in Quebec City for the first time. Their ambiguous, tentative relation with a young boy brings both of them the sweet intensity and disillusionment of first love.",
    "genres" : [ ]
  }, {
    "id" : 256269,
    "title" : "Love's Family Tree",
    "overview" : "",
    "genres" : [ {
      "id" : 18,
      "name" : "Drama"
    } ]
  }, {
    "id" : 256274,
    "title" : "As Above, So Below",
    "overview" : "When a team of explorers ventures into the catacombs that lie beneath the streets of Paris, they uncover the dark secret that lies within this city of the dead.",
    "genres" : [ {
      "id" : 27,
      "name" : "Horror"
    }, {
      "id" : 53,
      "name" : "Thriller"
    } ]
  }, {
    "id" : 256284,
    "title" : "Apocalypse Pompeii",
    "overview" : "When a former Special Ops commando visits Pompeii, his wife and daughter are trapped as Mt. Vesuvius erupts with massive force. While his family fights to survive the deadly onslaught of heat and lava, he enlists his former teammates in a daring operation beneath the ruins of the city of Pompeii.",
    "genres" : [ {
      "id" : 12,
      "name" : "Adventure"
    }, {
      "id" : 28,
      "name" : "Action"
    } ]
  }, {
    "id" : 256289,
    "title" : "Ritos Populares: Umbanda no Brasil",
    "overview" : "A documentary based on the book Umbanda no Brasil by the scholar Mata e Silva, who is interviewed by the director. The book studies the Brazilian religion known as spiritism, a syncretism of African beliefs and magical rites, Indian beliefs and images, and Catholic symbols.",
    "genres" : [ {
      "id" : 99,
      "name" : "Documentary"
    } ]
  } ]
}