{
  "movies" : [ {
    "id" : 246459,
    "title" : "The Warship Vasa",
    "overview" : "Thousands of wrecked ships lie on the seabed of the Baltic, with their woodwork often well preserved. Yet it was a world-wide sensation when the VASA was discovered in 1956 in Stockholm harbour.",
    "genres" : [ ]
  }, {
    "id" : 246464,
    "title" : "Heaven's Lost Property Final: Eternal My Master",
    "overview" : "Ikaros is an Angeloid and falls out of the sky. Tomoki Sakurai is a boy who believes the most important thing is to live a peaceful life. The two live tougher. Tomoki Sakurai has never seen Ikaros smile. Tomoki Sakurai sees Nymph and Astraea laugh after they got free from the master’s rule. He hopes Ikaros can laugh like an ordinary girl.  This movie wraps up the story of Tomoki Sakurai and his relationship with the Angeloid from the sky, Ikaros.",
    "genres" : [ {
      "id" : 28,
      "name" : "Action"
    }, {
      "id" : 16,
      "name" : "Animation"
    }, {
      "id" : 10749,
      "name" : "Romance"
    } ]
  }, {
    "id" : 246469,
    "title" : "Aksi Kuching",
    "overview" : "Action Kuching is a Malay film published in Singapore in 1966. The film was released in the form of black and white film. Omar Rojik has acted as a director for the film.",
    "genres" : [ {
      "id" : 35,
      "name" : "Comedy"
    } ]
  }, {
    "id" : 246479,
    "title" : "Theo Maassen: Einde Oefening",
    "overview" : "Theo Maassen puts his teeth in his first-ever New Year's conference. Twelve months, 52 weeks, 365 days, reduced to 70 nerve-wracking minutes. Maassen asked young super talent Tim Fransen for help writing this conference, his favorite band Stuurbaard Bakkebaard will accompany him.",
    "genres" : [ {
      "id" : 35,
      "name" : "Comedy"
    }, {
      "id" : 10769,
      "name" : "Foreign"
    } ]
  }, {
    "id" : 246519,
    "title" : "Men with Wings",
    "overview" : "Reporter Nicholas Ranson is jubilant when, on 17 Dec 1903, in Kitty Hawk, North Carolina, Orville and Wilbur Wright take their first airplane flight. Back home in Underwood, Maryland, however, his uncle Hiram F. Jenkins, owner and editor of the local newspaper, refuses to print the story. Nicholas quits and continues to work on his own airplane, with the devoted help of his little daughter Peggy. Peggy is actually the first in her family to fly when her friends, Patrick Falconer and Scott Barnes, induce her to get inside a large kite they have made, and run with it in a field until she is airborne. The kite is caught in a tree, however, and Peggy gets a black eye. Later, Nicholas dies when his experimental airplane crashes, leaving his wife and children alone. By Peggy's adulthood, planes are capable of flying at an altitude of 11,000 feet, and speeds of nearly 100 m.p.h. Peggy continues her father's obsession with flight by helping Scott and Pat to build a plane.",
    "genres" : [ {
      "id" : 18,
      "name" : "Drama"
    } ]
  }, {
    "id" : 246524,
    "title" : "Nuptials and Merriments",
    "overview" : "Ismail's son, Tarik returns to his village after long years of being away and announces that he is engaged to a Latvian woman named Nugesha and although he doesn't have the means for it, Ismail still wants to be the one who pays for the expenses of the wedding. Several problems ensue as he tries to make sure that there is enough money for the wedding.",
    "genres" : [ {
      "id" : 35,
      "name" : "Comedy"
    } ]
  }, {
    "id" : 246534,
    "title" : "The Wonderous Voyage of Esti Kornél",
    "overview" : "Middle-aged writer (Kornél Esti) travels to Germany to deliver a lecture. During the long journey he recalls the memories of an other journey he made thirty years ago.",
    "genres" : [ ]
  }, {
    "id" : 246539,
    "title" : "Chce mi sie wyc",
    "overview" : "Polish film directed by Jacek Skalski.",
    "genres" : [ ]
  }, {
    "id" : 246544,
    "title" : "Pogrzeb kartofla",
    "overview" : "Set in 1946, the film tells a story of a Polish villager returning home after years in a concentration camp. Mateusz is an old-timer, a saddler, who finds nothing but hostility when he makes it home after years away. He is not a Jew, though the villagers brand him one and give him a hard time. They feel guilty about the death of his son at the end of the war, and don't want the father around. In the background: beginnings of the Communist regime in Poland.",
    "genres" : [ ]
  }, {
    "id" : 246559,
    "title" : "El Tren de la Bruja",
    "overview" : "A man volunteers to take part in an experiment that attempts to analyse human behaviour under extreme conditions of terror. His mission is to remain seated inside a dark room for a length of time of 15 minutes. If he manages to hold on, he will receive in return a generous sum of money. Is it possible to terrify an individual who knows beforehand that everything is a farce?",
    "genres" : [ {
      "id" : 80,
      "name" : "Crime"
    }, {
      "id" : 10769,
      "name" : "Foreign"
    }, {
      "id" : 27,
      "name" : "Horror"
    }, {
      "id" : 9648,
      "name" : "Mystery"
    } ]
  }, {
    "id" : 246569,
    "title" : "Jinxed",
    "overview" : "Meet the Murphys, a family with never ending bad luck. \"Anything that can go wrong, will go wrong,\" it's Murphy's law! Over a century ago a witch put a magical curse on their great-great grandfather and the whole family has been jinxed for generations! After Meg Murphy (played by Big Time Rush's Ciara Bravo) and her family's house is destroyed in yet another freak accident, the family moves into their grandfather's house in Harvest Hills. In a not-so-strange case of bad luck, Meg's nemesis Ivy is also spending the summer in town. But things start to look up, kind of, when Meg meets a local boy named Brett and he casts another spell on her, a love spell that is! With help from her brother Charlie, Meg more determined than ever, must break the hex on her catastrophically cursed family! Watch this doomed teen try for a normal existence in a world full of hijinks!",
    "genres" : [ {
      "id" : 10751,
      "name" : "Family"
    }, {
      "id" : 14,
      "name" : "Fantasy"
    }, {
      "id" : 35,
      "name" : "Comedy"
    } ]
  }, {
    "id" : 246594,
    "title" : "Mega Shark vs. Mecha Shark",
    "overview" : "When another Mega Shark returns from the depths of the sea, world militaries go on high alert. Ocean traffic grinds to a standstill as everyone lives in fear of the insatiable beast. Out of options, the US government unleashes the top secret Mecha Shark project -- a mechanical shark built to have the same exact characteristics as Mega. A pair of scientists pilot the mechanical creature as they fight Mega in a pitched battle to save the planet. But when faulty mechanics cause the Mecha to go after humans, the scientists must somehow guide Mega to Mecha in hopes that the two titans will kill each other - or risk untold worldwide destruction.",
    "genres" : [ {
      "id" : 28,
      "name" : "Action"
    }, {
      "id" : 878,
      "name" : "Science Fiction"
    }, {
      "id" : 53,
      "name" : "Thriller"
    } ]
  }, {
    "id" : 246614,
    "title" : "Mr. Fantômas",
    "overview" : "Monsieur Fantômas is very rich in terms of surrealist images― e.g. three mysterious masked men cycling across the beach in slow motion, Inspector Juve’s assistants breaking down a door in the middle of the sand with the help of a gigantic key used as a battering ram, the two lovers' romantic and rather gripping walk along the seaside (he is masked, while she is wearing a nun’s wimple and a swimming suit) hand in hand... But one image stands out from all the rest: the sequence in which Fantômas is surrounded by police.",
    "genres" : [ {
      "id" : 18,
      "name" : "Drama"
    }, {
      "id" : 9648,
      "name" : "Mystery"
    } ]
  }, {
    "id" : 246624,
    "title" : "The Heart & The Sea",
    "overview" : "The Heart &amp; The Sea by Freefilms is the third release from independent Australian filmmaker Nathan Oldfield, the creator of the highly regarded left of center surf films Lines From a Poem and Seaworthy. Over three years in the making, The Heart &amp; The Sea explores the joy that lies at the very center of a surfing life: family, friends &amp; a shared intimacy with the sea. Filmed in Australia, New Zealand, France &amp; Spain, this is a gently refreshing &amp; quietly enchanting contribution to the surf film genre. Beautifully captured and sensitively crafted, The Heart &amp; The Sea features Dave Rastovich, Lauren Lindsey Hill, Alex Knost, Tom Wegener, Sage Joske, Brett Caller, Johnny Abegg, Kassia Meador, Clovis Donizetti, Belinda Baggs, Paul Joske, Ryan Burch, Chris Del Moro, Matt Chojnacki, Jared Mell, Dane Peterson, Harrison Roach &amp; many others.",
    "genres" : [ {
      "id" : 12,
      "name" : "Adventure"
    } ]
  }, {
    "id" : 246649,
    "title" : "Simone Barbes or Virtue",
    "overview" : "Simone and Martine are usherettes in a porno cinema in Montparnasse. Installed in the hall, they greet regulars, put men in their place, chat and pass the time. At midnight Simone departs to a lesbian nightclub.",
    "genres" : [ {
      "id" : 18,
      "name" : "Drama"
    } ]
  }, {
    "id" : 246654,
    "title" : "Géraldine",
    "overview" : "Gerard is dealing with an unwanted sex change.",
    "genres" : [ {
      "id" : 16,
      "name" : "Animation"
    } ]
  }, {
    "id" : 246659,
    "title" : "Man with Pendulous Arms",
    "overview" : "On a moonless night, a character with overlong arms, walks. Preceded by his shadow, he goes to an arena where he is about to perform a ritual.",
    "genres" : [ {
      "id" : 16,
      "name" : "Animation"
    } ]
  }, {
    "id" : 246669,
    "title" : "Reet Petite",
    "overview" : "Claymation short film to the sounds of the hit \"Reet Petite\" by Jackie Wilson.",
    "genres" : [ {
      "id" : 16,
      "name" : "Animation"
    } ]
  }, {
    "id" : 246684,
    "title" : "The Last Mile",
    "overview" : "This inspiring new film from runner and cinematographer John Burkett documents his adventures into a new life free of his destructive past and into a world on the run. At age thirty, newly sober, out walking his dog he decided to take what became the first of many runs. “No exercise I have ever tried did I really enjoy. So what is the difference with running? It can be so hard but still I crave it. Using up hours every week but still I feel it’s important to keep balance. Is it spiritual, is it just for the competitive, or is it primal, woven into every gene in our body? So why do we do it? Why do we run?”",
    "genres" : [ {
      "id" : 99,
      "name" : "Documentary"
    } ]
  }, {
    "id" : 246694,
    "title" : "The Queen of Sheba Meets the Atom Man",
    "overview" : "The Queen of Sheba Meets the Atom Man\" is a high art underground film made on a super-low budget, silent, and in black and white. Filmmaker Ron Rice announced it as a three-hour epic, but the longest cut of the footage works out to 108 minutes and that was not achieved until 20 years after the film was made.  Taylor Mead completed the film in 1982.",
    "genres" : [ ]
  }, {
    "id" : 246699,
    "title" : "Death Comes to Pemberley",
    "overview" : "Elizabeth and Darcy, now six years married and with two young sons, are preparing for the lavish annual ball at their magnificent Pemberley home. The unannounced arrival of Elizabeths wayward sister Lydia, however, brings an abrupt and shocking halt to proceedings when she stumbles out of her chaise screaming that her husband Wickham has been murdered.  Darcy leads a search party out to the woodlands, and when they discover the blood-smeared corpse, not of Wickham, but his traveling companion, suspicion is at once aroused. The dramatic and unnerving events of the evening have shattered the peace, both of the Darcys and of Pemberley, and as the family becomes caught up in the ensuing murder investigation, a mysterious web of secrets and deceit will threaten all that the Darcys hold dear.",
    "genres" : [ {
      "id" : 10749,
      "name" : "Romance"
    }, {
      "id" : 18,
      "name" : "Drama"
    }, {
      "id" : 9648,
      "name" : "Mystery"
    } ]
  }, {
    "id" : 246704,
    "title" : "Cologne",
    "overview" : "Cologne, a short film, is a contemporary love story told through dance, drag and the soul-stirring music of Dolly Parton. Presented in a three-song suite structure, the film follows a troubled man who is married to a woman and in love with a drag queen. Without any dialog, the man's memories come alive through meaningful movement. Ultimately, his failed marriage and broken relationship with the drag queen bring him face-to-face with his choices, his future, and his happiness.",
    "genres" : [ {
      "id" : 18,
      "name" : "Drama"
    } ]
  }, {
    "id" : 246719,
    "title" : "The Resurrection of Zachary Wheeler",
    "overview" : "A U.S. Senator is spirited away to a secret New Mexico medical lab after a serious car crash. His injuries are completely healed by a secret organization that has developed advanced medical technology. What does the organization want in exchange for saving his life? Meanwhile, a reporter who witnessed the accident decides to investigate the senator's disappearance.",
    "genres" : [ {
      "id" : 878,
      "name" : "Science Fiction"
    }, {
      "id" : 9648,
      "name" : "Mystery"
    }, {
      "id" : 53,
      "name" : "Thriller"
    } ]
  }, {
    "id" : 246724,
    "title" : "Cattle Stampede",
    "overview" : "Billy the Kid (Buster Crabbe) and Fuzzy Jones (Al St. John) are on their way out of Arizona being chased by some riders who hope to cash in on the reward money for their capture. They are warned in time by Ed Dawson (Hansel Warner), but Ed is wounded in the getaway. They get a doctor (John Elliott) to attend to Ed. The latter tells them there is a range war in progress across the border and that he is looking for men to help make a cattle drive to the rail junction. Agreeing to help, they head for the Dawson ranch and run across a Dawson man who has been killed from ambush. Mary Dawson (Frances Gladwin), Ed's sister, thinks they did it but they convince her of their innocence. The news of the killing causes ranch foreman Brandon (Charles King), secretly working for the rustlers, to try and get the rest of the Dawson hands to quit, but Billy intercedes and agrees to take the cattle through for Sam Dawson (Ed Cassidy)...",
    "genres" : [ {
      "id" : 37,
      "name" : "Western"
    } ]
  }, {
    "id" : 246734,
    "title" : "Lamentation",
    "overview" : "A silent color film of Martha Graham dancing extracts of \"Lamentation\".",
    "genres" : [ ]
  }, {
    "id" : 246744,
    "title" : "Michael W. Smith - Live in Concert - A 20 Year Celebration",
    "overview" : "20 year celebration concert",
    "genres" : [ ]
  }, {
    "id" : 246749,
    "title" : "Time to Die",
    "overview" : "A man comes home after serving 18 years in jail for murder in this routine western. Although the man killed in self defense, rumors in town circulated that he murdered the victim in cold blood. The ex-con wants to get his life together, but the two sons of the slain man are gunning for the man who killed their father.",
    "genres" : [ {
      "id" : 37,
      "name" : "Western"
    }, {
      "id" : 18,
      "name" : "Drama"
    } ]
  }, {
    "id" : 246784,
    "title" : "Lange Quarks Nacht 1",
    "overview" : "",
    "genres" : [ {
      "id" : 99,
      "name" : "Documentary"
    } ]
  }, {
    "id" : 246789,
    "title" : "Jedes Jahr im Juni",
    "overview" : "",
    "genres" : [ {
      "id" : 10749,
      "name" : "Romance"
    } ]
  }, {
    "id" : 246804,
    "title" : "Bouquets 1-10",
    "overview" : "Bouquets 1-10 is Lowder’s first collection in an ongoing series of one minute episodes, each composed of footage shot around a general geographic location that has been alternately woven, frame by frame, into a single film reel and connected through the interstitial still life image of a flower that cues the beginning of each integrated film Bouquet. Each bouquet of flowers is also a bouquet of frames mingling the plants to be found in a given place with the activities that happen to be there at the time. Lowder uses the film strip as a canvas with the freedom to film frames on any part of the strip in any order, running the film through the camera as many times as needed.",
    "genres" : [ ]
  }, {
    "id" : 246824,
    "title" : "Courier from 'Paradise'",
    "overview" : "A funny story about the Moscow policemen travel to a small town.",
    "genres" : [ {
      "id" : 35,
      "name" : "Comedy"
    }, {
      "id" : 12,
      "name" : "Adventure"
    } ]
  }, {
    "id" : 246829,
    "title" : "Metronotte",
    "overview" : "",
    "genres" : [ ]
  }, {
    "id" : 246844,
    "title" : "Dear Abby",
    "overview" : "Natasha Nice and Giovanni Francisco star in this romantic comedy that is as charming as it is unpredictable. Jack (Giovanni), a somewhat jaded advice columnist, has absolutely no problem dishing out words of wisdom for his romantically challenged readers; while Abby (Natasha), his ex-girlfriend, still lives with him. But when this awkward living arrangement turns into a complicated relationship crisis, will Jack be able to follow his own words of wisdom or will he ultimately lose Abby to another guy?",
    "genres" : [ {
      "id" : 10749,
      "name" : "Romance"
    } ]
  }, {
    "id" : 246864,
    "title" : "The Gladiator",
    "overview" : "A man returns to college and is talked into joining he football team and is a real joke on the team, until he is given a drug that gives him super strength.",
    "genres" : [ {
      "id" : 35,
      "name" : "Comedy"
    } ]
  }, {
    "id" : 246869,
    "title" : "Call of the Flesh",
    "overview" : "A student nun (Dorothy Jordan) falls in love with a Mexican singer (Ramon Navarro) starring in a cafe next door to her convent.",
    "genres" : [ {
      "id" : 10402,
      "name" : "Music"
    } ]
  }, {
    "id" : 246874,
    "title" : "Sporting Blood",
    "overview" : "Gambler Rid Riddell wins a racehorse, Tommy Boy, on a bet. Rid consistently wins with the horse in both honestly and dishonestly run races. But before long, Tommy Boy wins a race he wasn't supposed to, and the mob is after Rid.",
    "genres" : [ {
      "id" : 18,
      "name" : "Drama"
    }, {
      "id" : 10749,
      "name" : "Romance"
    } ]
  }, {
    "id" : 246889,
    "title" : "The Super Madman",
    "overview" : "Mad scientist, a neanderthal and a drunk makes a crazy combination.",
    "genres" : [ {
      "id" : 878,
      "name" : "Science Fiction"
    }, {
      "id" : 35,
      "name" : "Comedy"
    }, {
      "id" : 27,
      "name" : "Horror"
    } ]
  }, {
    "id" : 246894,
    "title" : "Buddy",
    "overview" : "Inexperienced guardian angel, Buddy (Michael Herbig) arrives to assist Eddie (Alexander Fehling) with getting his life back on track, but instead only causes more chaos.",
    "genres" : [ {
      "id" : 35,
      "name" : "Comedy"
    } ]
  }, {
    "id" : 246899,
    "title" : "Just Visiting",
    "overview" : "Join newest Wicked Girl ® Samantha Saint in this cute romantic comedy about a young girl who’s far from home and just trying to fit in. This tender story offers a perfect blend of great visuals and steamy sex. It's true that there's 'no place like home' but the next best thing is when you're … Just Visiting!",
    "genres" : [ {
      "id" : 35,
      "name" : "Comedy"
    }, {
      "id" : 10749,
      "name" : "Romance"
    } ]
  }, {
    "id" : 246904,
    "title" : "Dynamite Ranch",
    "overview" : "Howell breaks up a train robbery only to find that it's a fake. However the money is missing and he is blamed. He escapes and sets out to find the real thieves. He must also avoid being caught visiting the Collins ranch to see Doris.",
    "genres" : [ {
      "id" : 37,
      "name" : "Western"
    } ]
  }, {
    "id" : 246909,
    "title" : "Eye of the Storm",
    "overview" : "At a highway gas station/motel/diner where they live, two young brothers witness their parents murder. The younger brother is blinded in the same incident. Ten years later both brothers are still there and the tragedy may have turned one of them psychotic. When the abusive Gladstone and his young and sexy wife are stranded at the gas station it brings out the worst in everyone.",
    "genres" : [ {
      "id" : 53,
      "name" : "Thriller"
    }, {
      "id" : 10749,
      "name" : "Romance"
    } ]
  }, {
    "id" : 246924,
    "title" : "Kung Fu Attraction",
    "overview" : "A pair of vicious killers stalks an acrobatic troop until confronted by the skills of Chi Bun.",
    "genres" : [ ]
  }, {
    "id" : 246939,
    "title" : "Paracelsus",
    "overview" : "A 1943 German drama film directed by Georg Wilhelm Pabst based on the life of Philippus von Hohenheim (Paracelsus). The film is one of several big nazi era productions with main characters regarded as propaganda-parables to Adolf Hitler (see also Ohm Krüger and Der grosse König).",
    "genres" : [ {
      "id" : 18,
      "name" : "Drama"
    } ]
  }, {
    "id" : 246944,
    "title" : "Ice World",
    "overview" : "Ice World is a Discovery Channel documentary concerning three people living 24,000 years ago in England during the last ice age. They live very much like plains Indians, with tee pees, buckskin clothing and long hair.  Aki and Mora are a couple with a child on the way. Brom is their tribal chief. As the ice cap advances they flee southeast towards warmer weather. At that time there was no English channel and they walked to France and over several months on to present day Czechoslovakia. This is a fictional account of how people might have coped back then.  The scenes of our three twenty-somethings trying to find another tribe to join up with are intermingled with discussions by archaeologists lecturing about cave paintings and findings that correlate with the basic story.",
    "genres" : [ {
      "id" : 99,
      "name" : "Documentary"
    } ]
  }, {
    "id" : 246949,
    "title" : "Days of Harvest",
    "overview" : "1984. The teenager Elia lives with his parents but it is harvest time so in order to help them, arrives the young and wonderful Emilia.",
    "genres" : [ {
      "id" : 18,
      "name" : "Drama"
    } ]
  }, {
    "id" : 246959,
    "title" : "Cronaca nera 3: La clinica della vergogna",
    "overview" : "",
    "genres" : [ ]
  }, {
    "id" : 246969,
    "title" : "Shore Leave",
    "overview" : "\"Bilge\" Smith (Richard Barthelmess), a tough sailor, meets Connie Martin (Dorothy Mackaill), a seamstress in a small harbor who has never had a boyfriend. Connie is instantly smitten. She invites Smith to dinner, where he dances with her and gives her a kiss. Connie has a hard time letting him go, and makes him promise that he will come back.",
    "genres" : [ ]
  }, {
    "id" : 246974,
    "title" : "Cat and Clown",
    "overview" : "Animated short film by Natasha Golovanova.",
    "genres" : [ {
      "id" : 16,
      "name" : "Animation"
    } ]
  }, {
    "id" : 246984,
    "title" : "Maximum Force",
    "overview" : "Three renegade cops team up to take on the corrupt chief of police and a crime lords hatchet-man.",
    "genres" : [ {
      "id" : 28,
      "name" : "Action"
    } ]
  }, {
    "id" : 246994,
    "title" : "The Tale of How",
    "overview" : "The story of the Piranha birds or Dodos as they would be known to you.",
    "genres" : [ {
      "id" : 16,
      "name" : "Animation"
    } ]
  }, {
    "id" : 246999,
    "title" : "Trigger Happy",
    "overview" : "“Trigger Happy” was made with hundreds of objects found on the streets and sidewalks of New York. It began as an attempt to make an animated ballet, but as I was shooting the dance turned rowdy, into more of a nocturnal revel. It was shot on a lightbox with high-contrast film. The backlight silhouetted the objects, making them into graphic icons of themselves. The resulting film is a negative, which turned the objects white and the background black as asphalt. It makes the dance almost phantasmagoric. The trigger I was happy about was on the camera, but the title also fits the velocity of the imagery. Much of the animation happens by the rapid replacement of one object with another. It’s the afterimage in your eyes that animates the difference between the shapes, as one is replaced by another, and another… The music by Shay Lynch perfectly captures the idea of dancing in the streets.” —Jeffrey Noyes Scher",
    "genres" : [ {
      "id" : 10402,
      "name" : "Music"
    }, {
      "id" : 16,
      "name" : "Animation"
    } ]
  }, {
    "id" : 247009,
    "title" : "Těžká Barbora",
    "overview" : "",
    "genres" : [ {
      "id" : 18,
      "name" : "Drama"
    } ]
  }, {
    "id" : 247014,
    "title" : "Looking for Horses",
    "overview" : "Award Winning stop-motion short from the Australian director Anthony Lawrence.",
    "genres" : [ {
      "id" : 16,
      "name" : "Animation"
    } ]
  }, {
    "id" : 247019,
    "title" : "Sientje",
    "overview" : "A simplistically rendered girl screams and cries, and her environment changes to reflect her thoughts and mood.",
    "genres" : [ {
      "id" : 16,
      "name" : "Animation"
    } ]
  }, {
    "id" : 247024,
    "title" : "Sortie de Bain",
    "overview" : "Just before supper, Daddy asks his young daughter to take her bath, which is not as easy as pie.",
    "genres" : [ {
      "id" : 16,
      "name" : "Animation"
    } ]
  }, {
    "id" : 247029,
    "title" : "Superflat Monogram",
    "overview" : "While waiting to meet her friends outside of a Louis Vuitton store, Aya's cell phone is eaten by the LV Panda, who then promptly swallows Aya - but the inside of his stomach is gateway to a psychadelic wonderland. Based on characters created by famed superflat artist Takashi Murakami.",
    "genres" : [ {
      "id" : 16,
      "name" : "Animation"
    } ]
  }, {
    "id" : 247034,
    "title" : "Strap Attack 15",
    "overview" : "Director Joey Silvera reignites the perverse passions behind his popular girl-on-man pegging series: “Strap Attack 15” is chock-full of gorgeous, young ladies flipping the sodomy script on several lucky, submissive males.",
    "genres" : [ ]
  }, {
    "id" : 247039,
    "title" : "The Boy Who Flies",
    "overview" : "Following a dream, Canadian paraglider pilot Benjamin Jordan travels to Malawi to teach children the joys of kite flying. There he meets Godfrey, a young man who has always dreamed of flying though has never had the means.  The odd pair tour the country on bikes, building kites with youth while motivating them to follow their dreams. They are destined for Malawi's highest peak where, after weeks of ground training, the two will attempt to fly down and make Godfrey the first Malawian paraglider pilot.",
    "genres" : [ {
      "id" : 99,
      "name" : "Documentary"
    } ]
  }, {
    "id" : 247044,
    "title" : "XPW Cold Day in Hell",
    "overview" : "An XPW reunion show called Cold Day in Hell took place on May 24, 2008 at Aviation Park in Redondo Beach, California.",
    "genres" : [ ]
  }, {
    "id" : 247049,
    "title" : "Lion and Bull",
    "overview" : "Award winning animated short film by Fyodor Khitruk.",
    "genres" : [ {
      "id" : 16,
      "name" : "Animation"
    } ]
  }, {
    "id" : 247054,
    "title" : "Hanf - Das Milliarden-Dollar-Kraut",
    "overview" : "",
    "genres" : [ {
      "id" : 99,
      "name" : "Documentary"
    } ]
  }, {
    "id" : 247069,
    "title" : "Crazy From the Heart",
    "overview" : "A small-town, high-school principal still living at home with her mother shakes up her life in a way that even she never expected when she agrees to go out on a date with her school's Hispanic janitor.",
    "genres" : [ {
      "id" : 35,
      "name" : "Comedy"
    } ]
  }, {
    "id" : 247074,
    "title" : "Jürgen Klopp persönlich: Meine Meister",
    "overview" : "",
    "genres" : [ {
      "id" : 99,
      "name" : "Documentary"
    } ]
  }, {
    "id" : 247089,
    "title" : "Uraroji Diamond",
    "overview" : "24 daily suburb stories of a fictional morimotesque town. No real animation involved, the camera unveils through tilts and pans these B&amp;W moments of intrapersonal conflicts and situations where the dialogue gets the star role.",
    "genres" : [ ]
  }, {
    "id" : 247099,
    "title" : "Classe mista 3A",
    "overview" : "",
    "genres" : [ {
      "id" : 35,
      "name" : "Comedy"
    }, {
      "id" : 10749,
      "name" : "Romance"
    } ]
  }, {
    "id" : 247114,
    "title" : "Clouds of Glass",
    "overview" : "A young boy’s infatuation with flight is the subject of Vláčil’s poetic, prize-winning early short, made for the Czechoslovak Army’s film unit.",
    "genres" : [ {
      "id" : 18,
      "name" : "Drama"
    } ]
  }, {
    "id" : 247124,
    "title" : "Mág",
    "overview" : "A narration of episodes from the life of the famous Czech poet, Karel Hynek Mácha. Throughout the film, we witness a deep analysis of Mácha's complex character (his relation to another Czech writer of the time Josef Kajetán Tyl, his unbearable jealousy, his solitude, his attitude to nature,etc.) on the well-depicted historical background with all its particularities.",
    "genres" : [ ]
  }, {
    "id" : 247129,
    "title" : "Femme Fatale",
    "overview" : "A love story, a murder mystery, a \"Femme Fatale\" interpreted by the beautiful Ava Rose. A detective, Nick Caprice, starring Tommy Gunn, is grappling with a mysterious murder, his investigations lead him in the slums of the city where sex, perversion and pleasure are mixed to form an explosive cocktail! Beautiful girls, hot sex scenes and engaging in a frame \"film noire\" where the pleasure and the lust for wealth are the masters!",
    "genres" : [ {
      "id" : 10769,
      "name" : "Foreign"
    } ]
  }, {
    "id" : 247134,
    "title" : "Three, Two, One",
    "overview" : "\"Tatlo, Dalawa, Isa\" or in english \"Three, Two, One\" is a compilation of three intimate stories directed by Filipino cinema legend Lino Brocka.  The films show the perseverance of hope despite a sense of despair.  Featuring a drug addict, an abandoned daughter and a repressed catholic.",
    "genres" : [ {
      "id" : 18,
      "name" : "Drama"
    } ]
  }, {
    "id" : 247139,
    "title" : "Dirty Secret",
    "overview" : "A girl who is the apple of her father’s eye fears that his new wife may come between them and expose their dirty secret, however she soon becomes distracted by a handsome gigolo who comes with his own set of unimaginable fantasies. [parts 1-2]",
    "genres" : [ ]
  }, {
    "id" : 247154,
    "title" : "Anaknya Sazali",
    "overview" : "Sazali felt humiliated by his son Farid's behaviour and took steps to lead the boy to a \"normal\" life by referring him to a psychiatrist and hiring the \"Bomoh\" to cure him. But Farid takes an overdose of the pill because of Amat and his life changes completely. Farid becomes extremely confused and shameless. Sazali's frustration leads him to begin a relentless search for the solution. But unfortunately, Sazali accidentally swallows the pill.",
    "genres" : [ {
      "id" : 35,
      "name" : "Comedy"
    } ]
  }, {
    "id" : 247159,
    "title" : "West End Theatre Series: Merrily We Roll Along",
    "overview" : "Triple Olivier Award-winner Maria Friedman makes an extraordinary directorial debut with a flawless cast. With music and lyrics by Stephen Sondheim and book by George Furth, Merrily We Roll Along starts in 1980 and travels backwards in time. This powerful and moving story features some of Sondheim’s most beautiful songs including \"Good Thing Going\", \"Not a Day Goes by\" and \"Old Friends\".",
    "genres" : [ {
      "id" : 10402,
      "name" : "Music"
    } ]
  }, {
    "id" : 247169,
    "title" : "Cycles",
    "overview" : "The day Worthing sea-front was invaded by infinite teddy-bears.",
    "genres" : [ {
      "id" : 16,
      "name" : "Animation"
    } ]
  }, {
    "id" : 247179,
    "title" : "Hot Skin",
    "overview" : "It's a funky cocktail of gimmicks as the loungey luster of '70s adult entertainment gets the 3-D treatment! Legendary performers Mike Ranger, Serena, Bill Margold, Uschi Digard and Leslie Bovee bring all their bad jokes and hot cavorting right to your seat, up close and personal. (There's even a cameo by the impossible-to-overlook John Holmes.) If you're interested in a plot, it's a thinly veiled satire of Casablanca, from the jilted lover still carrying a torch to a happening nightclub with a house singer—all with a sexual spin on the action, of course. 3-D glasses provided. Also known as Blonde Emanuelle. Directed by Stephen Gibson (credited as Norm De Plume).",
    "genres" : [ ]
  }, {
    "id" : 247194,
    "title" : "Shadow of a Doubt",
    "overview" : "",
    "genres" : [ ]
  }, {
    "id" : 247204,
    "title" : "Mann Vasanai",
    "overview" : "Love, village feud and circumstances lead a young man to abandon his village and lover and head to the armed forces. Upon his return, his lover realizes that things are never going to be the same again.",
    "genres" : [ ]
  }, {
    "id" : 247219,
    "title" : "XPW Baptized in Blood",
    "overview" : "From The Palace in Hollywood, CA - The Palace - Hollywood, CA... XPW's original King of the Deathmatch Tournament: An 8-man single elimination tournament taking place over the course of a single night to crown the inaugural King of the Deathmatch! Tournament Participants include: Supreme, Kid Kaos, The Messiah, \"White Trash\" Johnny Webb, John Kronus, Carlito Montana, Axl Rotten, and Homeless Jimmy ... OTHER (NON-TOURNAMENT) MATCHES: Chronic vs. JN ... XPW World Heavyweight Title: Chris Candido (with Tammy Sytch) vs. \"Real Deal\" Damien Steele.",
    "genres" : [ ]
  }, {
    "id" : 247234,
    "title" : "Gregório de Mattos",
    "overview" : "The life of irreverent poet Gregório de Mattos, who lived in Bahia, Brazil, in the 17th century. Nicknamed Mouth of Hell, he used his transgressive poetry against the élite of the time.",
    "genres" : [ {
      "id" : 18,
      "name" : "Drama"
    } ]
  }, {
    "id" : 247254,
    "title" : "Choose You",
    "overview" : "This is what it looks like when Lena Dunham, Spike Jonze, Avicii, Vanessa Hudgens and Michael Shannon get together. Dunham wrote a short film for Sunday night's YouTube Music Awards about a heartbroken guy (Nick Lashaway) whose ex-girlfriend (Hudgens) is hooking up with a daft DJ (Shannon). Things start to look up for the protagonist when he meets an impetuous young woman (Dree Hemingway), but the pleasure is only fleeting thanks to the film's finale, which was chosen by the viewing audience: \"a double tragedy\" in the vein of \"Romeo &amp; Juliet\" set to the beat of Avicii's \"Wake Me Up\" and played for laughs.",
    "genres" : [ {
      "id" : 35,
      "name" : "Comedy"
    }, {
      "id" : 18,
      "name" : "Drama"
    } ]
  }, {
    "id" : 247269,
    "title" : "The Incredible Bionic Man",
    "overview" : "From bionic arms and legs to artificial organs, science is beginning to catch up with SF in the race to replace body parts with man-made alternatives. How to Build a Bionic Man follows psychologist Bertolt Meyer, who has a bionic hand himself, as he meets scientists working at the cutting edge of research to find out just how far this new technology can go.  Now, thanks to research on advanced prosthetic arms and legs, as well as artificial eyes, hearts and lungs - and even hybrids between computer chips and living brains - scientists can finally replace body parts and even improve on human abilities. While Bertolt's search shows just how far science has come, it also asks questions about what it means to be human and where this technology could lead in the future.",
    "genres" : [ {
      "id" : 99,
      "name" : "Documentary"
    } ]
  }, {
    "id" : 247284,
    "title" : "Tribute to Selen 1",
    "overview" : "",
    "genres" : [ ]
  }, {
    "id" : 247289,
    "title" : "Joel-Peter Witkin - L'image indélébile",
    "overview" : "A portrait of American photographer Joel-Peter Witkin.",
    "genres" : [ {
      "id" : 99,
      "name" : "Documentary"
    } ]
  }, {
    "id" : 247299,
    "title" : "Stop Motion Tests",
    "overview" : "1942, 3 minutes, 16mm, color, silent.\r A self-portrait.",
    "genres" : [ {
      "id" : 16,
      "name" : "Animation"
    } ]
  }, {
    "id" : 247309,
    "title" : "Absolutely Fabulous: The Last Shout",
    "overview" : "Eddy and Patsy prepare to go on a skiing holiday to hopefully indulge in the jet-setting lifestyle of the international celebrity elite when Saffy is proposed to by her stuffy, upper-class boyfriend, Paolo. Eddy hits the slopes and has a near death experience where God appears to her and tells her it's not yet her time. When Eddy comes to, she waits for a sign that she should get involved in Saffy's wedding. As she returns to the house, it appears all hell has broken loose- relatives piling up, practically squatting, and Saffy about to lose her mind. Eddy calms her by throwing money at her as they bond together, planning Saffy's dream wedding. What could go wrong?",
    "genres" : [ {
      "id" : 35,
      "name" : "Comedy"
    } ]
  }, {
    "id" : 247314,
    "title" : "In Search of the Jaguar",
    "overview" : "In the face of his own threatening illness, the greatest protector of jaguars is battling time and adversity to save these endangered cats. Venture deep into the wilds of Brazil, Belize, and Panama with biologist Alan Rabinowitz as he pursues these elusive predators—and fights to protect even more jaguar habitat than he already has. Narrated by actress Glenn Close.",
    "genres" : [ {
      "id" : 99,
      "name" : "Documentary"
    } ]
  }, {
    "id" : 247319,
    "title" : "Une Autre Vie",
    "overview" : "The South of France. Internationally famous pianist Aurore collapses one night during a performance, over-exhausted from too many concerts. Tired of music, she believes she no longer has anything to offer her public. Then she meets Jean, an electrician who installs residential security systems. Despite their differences, they immediately fall in love and plan a new life together. Jean intends to leave his long-time partner, Dolorès, but she will stop at nothing to keep him.",
    "genres" : [ {
      "id" : 18,
      "name" : "Drama"
    } ]
  }, {
    "id" : 247324,
    "title" : "Anima Mundi: Live in Europe",
    "overview" : "Recorded at Lakei, Helmond the Netherlands, june 18th, 2011  Cuban progressive Rock band",
    "genres" : [ {
      "id" : 10402,
      "name" : "Music"
    } ]
  }, {
    "id" : 247329,
    "title" : "Tribute to Selen 3",
    "overview" : "",
    "genres" : [ ]
  }, {
    "id" : 247334,
    "title" : "Lost Angels (The Discovery)",
    "overview" : "* Currently \"In Production and Post Production\" as a Theatrical Film. *  A Story of Courage and Heart! * Retired Colonel Jack Rogan looks to discover the truth when his wife Danielle was kidnapped by uncovering the mystery that brings some newcomers to town and reduced the worlds population to less than 1,000,000.",
    "genres" : [ ]
  }, {
    "id" : 247354,
    "title" : "Veiled Aristocrats",
    "overview" : "A young woman plans to marry, but her mother and brother--a lawyer--don't like her prospective husband and scheme to prevent the marriage.",
    "genres" : [ {
      "id" : 18,
      "name" : "Drama"
    } ]
  }, {
    "id" : 247384,
    "title" : "Aku Kaya The Movie",
    "overview" : "A story of three brothers who found an ancient historic journal, a family heirloom, which narrates their family tree from the Stone Age till the present time. Written was also the existence of a powerful magic sword which belongs to their family and the adventures through the generations.",
    "genres" : [ ]
  }, {
    "id" : 247394,
    "title" : "Procol Harum: In Concert With the Danish National Concert Orchestra and Choir",
    "overview" : "This DVD was filmed over two spectacular concerts held in the grounds of Ledreborg Castle in Denmark in August 2006. The band was accompanied throughout by the Danish National Concert Orchestra and Choir and these epic songs really benefit from the full symphonic arrangements they receive.",
    "genres" : [ ]
  }, {
    "id" : 247399,
    "title" : "Von der Liebe besiegt",
    "overview" : "",
    "genres" : [ {
      "id" : 18,
      "name" : "Drama"
    } ]
  }, {
    "id" : 247404,
    "title" : "Naked Butts Boarding School",
    "overview" : "A day in the life of a female college, filled with the usual perversions that warm the hearts of the pupils, their parents and the school workers. Humorously erotic and full of good ideas, the movie is directed by Francis Leroi (who later went on to helm a \"soft\" Emanuelle series) with a kindly libertine mood that makes its vision really pleasurable. Leroi creates, with its bouncing editorial style, a complex picture that gives life-like reality to his brilliantly conceived screenplay; and with the help of a good cast, containing some truly beautiful porn actresses (Dominique Saint-Clair; Julia Perrin), he has made one of the most interesting porn movies coming from the famed French distribution label Alpha-France.",
    "genres" : [ ]
  }, {
    "id" : 247414,
    "title" : "Arisan!",
    "overview" : "A successful architect, Sakti (Tora Sudiro), is uncertain about his sexuality, but when he meets magnetic and gay Nino (Surya Saputra), he realizes he prefers men. When Meimei (Cut Mini Theo), one of Sakti's closest female friends, reveals she's attracted to Nino, it causes complications in their social circle. Weighing whether or not to come out of the closet, Nino is mindful of fragile Meimei, who's dealing with the breakup of her marriage.",
    "genres" : [ {
      "id" : 35,
      "name" : "Comedy"
    }, {
      "id" : 18,
      "name" : "Drama"
    } ]
  }, {
    "id" : 247434,
    "title" : "Selma, Lord, Selma",
    "overview" : "In 1965 Alabama, an 11 year old girl (Jurnee Smollett) is touched by a speech by Martin Luther King, Jr. (Clifton Powell) and becomes a devout follower. But her resolution is tested when she joins others in the famed march from Selma to Montgomery.  This movie is based on the memoir \"Selma, Lord, Selma: Girlhood Memories of the Civil Rights Days\" by Sheyann Webb and Rachel West Nelson, as told to Frank Sikora, first published in 1980.",
    "genres" : [ {
      "id" : 18,
      "name" : "Drama"
    } ]
  }, {
    "id" : 247439,
    "title" : "The Boot",
    "overview" : "A little girl convinces her mother to buy her a pair of red boots, but one of them gets lost.",
    "genres" : [ ]
  }, {
    "id" : 247449,
    "title" : "The Distant Drummer: A Movable Scene",
    "overview" : "Robert Mitchum narrates an anti drug propaganda film.",
    "genres" : [ {
      "id" : 99,
      "name" : "Documentary"
    } ]
  }, {
    "id" : 247454,
    "title" : "Keep Off The Grass",
    "overview" : "Tom is confronted by his parents about being a \"dope fiend\"",
    "genres" : [ ]
  }, {
    "id" : 247459,
    "title" : "The Vicious Years",
    "overview" : "Mario, an Italian war orphan, sees Luca Rossi commit a murder. Eager for a home and family life, Mario promises not to tell the police if Luca takes him into his household and family. Luca fears and hates Mario, but his father, mother and sister all come to love him.",
    "genres" : [ {
      "id" : 80,
      "name" : "Crime"
    }, {
      "id" : 18,
      "name" : "Drama"
    } ]
  } ]
}