{
  "movies" : [ {
    "id" : 106199,
    "title" : "Así es la vida...",
    "overview" : "Based on the Greek tragedy MEDEA, this is a present day Mexican version, set in the seediest possible milieu of Mexico City. A woman abandoned by her husband, is thrown out of her apartment by her landlord - who is also her husband's new father-in-law. She is also about to lose custody of her two children to her husband, a low-life, second-rate boxer and opportunist. With the help of her godmother, she plans to take revenge on her husband.",
    "genres" : [ {
      "id" : 18,
      "name" : "Drama"
    }, {
      "id" : 10769,
      "name" : "Foreign"
    } ]
  }, {
    "id" : 106204,
    "title" : "Occupied",
    "overview" : "A mysterious woman boards a passenger plane, locks herself into the toilet, and starts cutting wires running in the ceiling overhead. What is her intention?",
    "genres" : [ {
      "id" : 35,
      "name" : "Comedy"
    } ]
  }, {
    "id" : 106214,
    "title" : "Front Without Flanks",
    "overview" : "A first episode in the trilogy about the Russian partisan's resistance against the Nazi occupation of Russia during WWII. The film is set in August of 1941, when the Nazi forces invaded and occupied the European part of Russia. Major Mlynsky is in charge of the special group of partisans. His group is absorbing other small groups of Russian soldiers, who managed to survive from the attacks of the overwhelming Nazi forces. The Nazi Armies are advancing to Moscow. Major Mlynsky is organizing the Russian partisan's resistance against the Nazis, behind the enemy lines.",
    "genres" : [ {
      "id" : 18,
      "name" : "Drama"
    }, {
      "id" : 10752,
      "name" : "War"
    } ]
  }, {
    "id" : 106219,
    "title" : "Ticket of No Return",
    "overview" : "A sartorially resplendent woman arrives in Berlin with plans to live out the rest of her days as a drunkard in this experimental film. The film provides the viewer with a tour of the city and some of the more colorful characters, but the appeal may be limited to those who are mavens of the experimental style.",
    "genres" : [ {
      "id" : 18,
      "name" : "Drama"
    } ]
  }, {
    "id" : 106224,
    "title" : "The Inheritance",
    "overview" : "Rome, 1880. Gregorio Ferramonti (Anthony Quinn) has decided to close his bakery, the family business. Then he tells his sons Pippo (Gigi Proietti), Mario (Fabio Testi) and Teta that they will have to fend for themselves. But  Irene (Dominique Sanda), the wife of Pippo, a beautiful, calculating and ambitious young woman, wants to take over the inheritance. Acting on intelligence, weighing every step and its consequences, she manages to convince the brothers that they must prevent at all costs that his father falls in love again to avoid the risk of losing their inheritance.",
    "genres" : [ {
      "id" : 18,
      "name" : "Drama"
    } ]
  }, {
    "id" : 106234,
    "title" : "Saltwater",
    "overview" : "An Irish-Italian café owner in a seaside town faces a life crisis, as his wife recently died and he's severely in debt. His oldest son tries to help, but has serious problems of his own, while his younger son and daughter are having troubles in school.",
    "genres" : [ {
      "id" : 18,
      "name" : "Drama"
    } ]
  }, {
    "id" : 106239,
    "title" : "Sleepers West",
    "overview" : "Private eye Mike Shayne encounters a large amount of trouble while attempting to guard a murder witness.",
    "genres" : [ {
      "id" : 80,
      "name" : "Crime"
    }, {
      "id" : 18,
      "name" : "Drama"
    } ]
  }, {
    "id" : 106244,
    "title" : "Nordexpressen",
    "overview" : "An action comedy by Mats Helge.",
    "genres" : [ {
      "id" : 28,
      "name" : "Action"
    }, {
      "id" : 35,
      "name" : "Comedy"
    } ]
  }, {
    "id" : 106249,
    "title" : "Cavalcade of Archery",
    "overview" : "This short tells the story of archery through the ages, mostly using Warner Brothers archive footage. Noted archer Howard Hill demonstrates his skills with various trick shots.",
    "genres" : [ {
      "id" : 36,
      "name" : "History"
    } ]
  }, {
    "id" : 106254,
    "title" : "The End of St. Petersburg",
    "overview" : "The End of St. Petersburg (Russian: Конец Санкт-Петербурга, translit. Konets Sankt-Peterburga) is a 1927 silent film directed by Vsevolod Pudovkin and produced by Mezhrabpom. Commissioned to commemorate the tenth anniversary of the October Revolution, The End of St Petersburg was to be Pudovkin's most famous film and secured his place as one of the foremost Soviet montage film directors.  The film forms part of Pudovkin's 'revolutionary trilogy', alongside Mother (1926) and Storm Over Asia (1928).",
    "genres" : [ {
      "id" : 18,
      "name" : "Drama"
    } ]
  }, {
    "id" : 106259,
    "title" : "The Fall of Berlin",
    "overview" : "Surrounded by a few party officials, Alexei Ivanov, a stakhanovist smelter, is decorated by Stalin. The \"Little Father of the Peoples\" takes this opportunity to invoke threats of war.... One day, war indeed breaks out. Bombs fall on the field where Alexei finds himself in the company of the schoolmistress Natacha, his fiancée. Alexei joins the Red Army and soon becomes a sergeant. Fighting rages and German troops advance. Natacha is arrested and deported. But the tide turns decisively with the German defeat at Stalingrad. Now the major offensive against Hitler can begin.",
    "genres" : [ {
      "id" : 18,
      "name" : "Drama"
    }, {
      "id" : 10752,
      "name" : "War"
    } ]
  }, {
    "id" : 106264,
    "title" : "On Thin Ice",
    "overview" : "Two KGB agents are fighting against foreign spies before and during WWII.",
    "genres" : [ {
      "id" : 53,
      "name" : "Thriller"
    }, {
      "id" : 9648,
      "name" : "Mystery"
    }, {
      "id" : 12,
      "name" : "Adventure"
    }, {
      "id" : 10752,
      "name" : "War"
    } ]
  }, {
    "id" : 106269,
    "title" : "Rise of the Scarecrows",
    "overview" : "Officer Brown, a big city cop comes to Adams, Massachusetts to get away from all the crime, but stumbles across a deadly secret. Adams is the sort of town that you can visit but never leave. Officer Brown soon discovers the horrible truth that is THE RISE OF THE SCARECROWS.",
    "genres" : [ {
      "id" : 27,
      "name" : "Horror"
    } ]
  }, {
    "id" : 106284,
    "title" : "Night Terror",
    "overview" : "A housewife is stalked by a psycho after she sees him a murder a highway patrol officer.",
    "genres" : [ {
      "id" : 10770,
      "name" : "TV Movie"
    }, {
      "id" : 53,
      "name" : "Thriller"
    } ]
  }, {
    "id" : 106294,
    "title" : "My Last Round",
    "overview" : "Hugo becomes captivated with Octavio, a middle-aged local boxing champion, but their relationship is tested when Hugo finds a new job in the city.",
    "genres" : [ {
      "id" : 18,
      "name" : "Drama"
    }, {
      "id" : 10769,
      "name" : "Foreign"
    } ]
  }, {
    "id" : 106299,
    "title" : "Milocrorze: A Love Story",
    "overview" : "Three tales of love told through wildly intoxicating, colorful stories. When platinum redhead Ovreneli Vreneligare was just a little boy, he fell in love in the park. Sharing a juice box with the stunningly gorgeous Milocrorze, he took her home to his cat, Verandola Gorgonzola, and made her his girlfriend until the fickle beauty abandoned him, and he covered the hole in his heart with a pot lid he found lying on the ground. This is only the beginning of his story but it’s not the end of his heartbreak. MILOCRORZE: A LOVE STORY is a candy-flavored anthology of hopeless l’amour, and it has many victims.",
    "genres" : [ ]
  }, {
    "id" : 106304,
    "title" : "Cinema Is Everywhere",
    "overview" : "A documentary feature film that ties four narratives - from China, India, Scotland, and Tunisia - together with countless insights from venerable filmmakers and ordinary moviegoers. An aspiring actress in Mumbai battles to break into Bollywood; two friends in Scotland take a mobile film festival across the highlands; a young crew in Hong Kong embarks on the shooting of its first film; a Tunisian director anxiously anticipates the premiere of his controversial film at a major festival. These stories are woven together with scenes from video stores, projection booths, studios, cinemas, and slums into a vivid meditation on the power of cinema to shape our world.",
    "genres" : [ {
      "id" : 99,
      "name" : "Documentary"
    } ]
  }, {
    "id" : 106334,
    "title" : "Cruise of the Zaca",
    "overview" : "Actor Erroll Flynn takes a group of scientists from the California Institute of Oceanography on an expedition to the South Seas aboard his schooner, The Zaca.",
    "genres" : [ {
      "id" : 99,
      "name" : "Documentary"
    } ]
  }, {
    "id" : 106339,
    "title" : "Level Up",
    "overview" : "Four very different high school teenagers battle trolls, ghouls and a dark leader of them named Maldark in a video game that goes haywire and releases the battle into the real world (IMDb.com).",
    "genres" : [ {
      "id" : 10770,
      "name" : "TV Movie"
    }, {
      "id" : 35,
      "name" : "Comedy"
    }, {
      "id" : 10751,
      "name" : "Family"
    }, {
      "id" : 14,
      "name" : "Fantasy"
    } ]
  }, {
    "id" : 106344,
    "title" : "Waiting for Lightning",
    "overview" : "Documentary about the life of skateboarder Danny Way and his attempt at jumping over the Great Wall of China on a skateboard.",
    "genres" : [ {
      "id" : 99,
      "name" : "Documentary"
    } ]
  }, {
    "id" : 106359,
    "title" : "Best Revenge",
    "overview" : "An American tourist in Spain is forced to take part in a $4 million drug deal, because his best friend has been kidnapped and is being tortured by the drug kingpin who set up the operation.",
    "genres" : [ ]
  }, {
    "id" : 106394,
    "title" : "The Fall of the House of Usher",
    "overview" : "In a decaying castle surrounded by a dank, mirrored lake live the morbidly nervous Roderick Usher and his sickly twin sister, Madeline. Their tale is told and dimly comprehended by the unnamed narrator, a boyhood friend whom Roderick has summoned. When Madeline soon dies—or seems to die—they entomb her body. On a stormy night, \"cracking and ripping\" sounds and a \"shriek\" from below convince the panicky Roderick that \"We have put her living into the tomb!\" The shrouded, emaciated figure of Madeline appears at the door of Roderick's book-strewn study, falls upon him, \"and in her violent and now final death-agonies, bore him to the floor a corpse.\"",
    "genres" : [ {
      "id" : 27,
      "name" : "Horror"
    } ]
  }, {
    "id" : 106399,
    "title" : "America Brown",
    "overview" : "A coming-of-age drama that centers on a young quarterback from West Texas, a priest in New York, and the two women in their lives.",
    "genres" : [ {
      "id" : 18,
      "name" : "Drama"
    } ]
  }, {
    "id" : 106414,
    "title" : "We Were Once a Fairytale",
    "overview" : "We Were Once a Fairytale is a 2009 short film directed by Spike Jonze. It stars hip hop musician Kanye West.",
    "genres" : [ {
      "id" : 28,
      "name" : "Action"
    } ]
  }, {
    "id" : 106419,
    "title" : "Wasao",
    "overview" : "Wasao (わさお) is a 2011 Japanese film that is based on a true story of an abandoned Akita Dog",
    "genres" : [ {
      "id" : 35,
      "name" : "Comedy"
    }, {
      "id" : 18,
      "name" : "Drama"
    }, {
      "id" : 10751,
      "name" : "Family"
    } ]
  }, {
    "id" : 106424,
    "title" : "New Pilgrims to the West",
    "overview" : "Chan Jun-Leung's 1982 film based on The Journey to the West.",
    "genres" : [ ]
  }, {
    "id" : 106429,
    "title" : "Damn!",
    "overview" : "A look at the meteoric rise to viral fame of Jimmy McMillan, of The Rent is Too Damn High Party in New York's 2010 gubernatorial race.",
    "genres" : [ ]
  }, {
    "id" : 106439,
    "title" : "The Mountain Eagle",
    "overview" : "In the Kentucky hills a store keeper tries to win the love of an innocent schoolteacher. She runs away and seeks refuge with a hermit.",
    "genres" : [ {
      "id" : 53,
      "name" : "Thriller"
    }, {
      "id" : 10749,
      "name" : "Romance"
    } ]
  }, {
    "id" : 106444,
    "title" : "The Ghost Informer",
    "overview" : "Fire Unicom was killed by Tei Po under his violent fist. The spirit of Fire Unicorn discovered there would be illegal transaction between the gangsters. He informed inspector Tang this clue. After a fierce fight between he police and gangsters, the whole gang including Tei-po were being captured. Accidentally, Tang met Sally a model. She was so beautiful and charm that made Tang fell in love with her but she did not. Fire Unicorn being Tang's good friend decided to help him. Sally changed her mind and loved Tang. Unfortunately, Tei Po escaped from Jail and kidnapped Sally to an old castle. He vowed to take revenge on Tang. Would Tang Manage to save Sally from Tei Po's hand?",
    "genres" : [ {
      "id" : 27,
      "name" : "Horror"
    } ]
  }, {
    "id" : 106449,
    "title" : "The Private Navy of Sgt. O'Farrell",
    "overview" : "Sgt. O'Farrell an Army soldier on an island in the South Pacific during World War II is trying to bring the two basics of life to his fellow servicemen, women and beer. The supply ship carrying the beer is torpedoed and the contingent of nurses consists of six males and ugly nurse Nellie Krause. If he could at least try to salvage the shipment of beer.",
    "genres" : [ {
      "id" : 35,
      "name" : "Comedy"
    }, {
      "id" : 10752,
      "name" : "War"
    } ]
  }, {
    "id" : 106454,
    "title" : "Honeymoons",
    "overview" : "'Honeymoons' shows us that the distance between Eastern and Western Europe is more than a question of kilometers. The films follows two couples, one is Albania, one in Serbia, who in the midst of wedding celebrations decide to leave their respective countries to realize their dreams in Western Europe. They soon find themselves trapped between their countries' past and their future lives together.",
    "genres" : [ {
      "id" : 18,
      "name" : "Drama"
    }, {
      "id" : 10769,
      "name" : "Foreign"
    } ]
  }, {
    "id" : 106459,
    "title" : "Backwaters",
    "overview" : "A paralyzed woman goes missing after she and her husband travel to India for specialized medical attention.",
    "genres" : [ {
      "id" : 18,
      "name" : "Drama"
    }, {
      "id" : 53,
      "name" : "Thriller"
    }, {
      "id" : 10749,
      "name" : "Romance"
    }, {
      "id" : 10769,
      "name" : "Foreign"
    } ]
  }, {
    "id" : 106464,
    "title" : "In the Land of Milk and Money",
    "overview" : "Idyllic Suburbia. Mom 'n' Apple Pie. Or not. This outrageous comedy turns suburban America on its head. Mad cow disease, Corporate Greed, Mob Mentality, the Cult of Motherhood, propaganda, discrimination, and dangerous kitchen utensils all find a home in this wild social satire.",
    "genres" : [ {
      "id" : 35,
      "name" : "Comedy"
    } ]
  }, {
    "id" : 106469,
    "title" : "Freddie Rich and His Orchestra",
    "overview" : "A musical short subject in which band leader Freddie Rich conducts three musical numbers with his orchestra, with solos by Nan Wynn with the Three Symphonettes. In the midst of the radio broadcast on which the band is performing, a gangly guitarist named Joe Sodja interrupts and asks to perform.",
    "genres" : [ {
      "id" : 10402,
      "name" : "Music"
    } ]
  }, {
    "id" : 106474,
    "title" : "You Hurt My Feelings",
    "overview" : "Children and nature shine in this melancholy love story about Johnny, a male nanny who tries to win back his girlfriend after she takes up with a man who looks just like him. The film tracks the growth of the relationship over four seasons in New England, as Johnny’s emotional problems sabotage his attempts to put together a family like the one he takes care of. A drama with the humor of spring and the sorrow of winter, YOU HURT MY FEELINGS speaks with the honesty of a child about people struggling to let go of darkness and find love.",
    "genres" : [ {
      "id" : 18,
      "name" : "Drama"
    }, {
      "id" : 10749,
      "name" : "Romance"
    } ]
  }, {
    "id" : 106489,
    "title" : "My Brother's Wife",
    "overview" : "MY BROTHER'S WIFE, Wishman-heads are back in safe territory with plenty of cutaways to paintings, chairs, and shoes and awkward dubbing. But more than a roughie, this film is Wishman's take on the 40s film noir genre, with a doomed love triangle, scheming criminals, hard-boiled dialogue and a number of far-fetched plot twists amidst the typical Wishman trappings.",
    "genres" : [ {
      "id" : 18,
      "name" : "Drama"
    } ]
  }, {
    "id" : 106509,
    "title" : "Highways by Night",
    "overview" : "A young millionaire (Richard Carlson) joins the real world and meets a maid (Jane Randolph) and mobsters.",
    "genres" : [ {
      "id" : 12,
      "name" : "Adventure"
    }, {
      "id" : 35,
      "name" : "Comedy"
    }, {
      "id" : 80,
      "name" : "Crime"
    }, {
      "id" : 10749,
      "name" : "Romance"
    } ]
  }, {
    "id" : 106524,
    "title" : "Sangikurang",
    "overview" : "Fantasy flick starring Suzzanna and the usual magic special effects.",
    "genres" : [ {
      "id" : 9648,
      "name" : "Mystery"
    }, {
      "id" : 14,
      "name" : "Fantasy"
    }, {
      "id" : 28,
      "name" : "Action"
    }, {
      "id" : 27,
      "name" : "Horror"
    } ]
  }, {
    "id" : 106529,
    "title" : "The Warrior and the Ocean Goddess",
    "overview" : "The fourth entry in \"The Warrior (Jaka Sembung)\" series.",
    "genres" : [ {
      "id" : 14,
      "name" : "Fantasy"
    }, {
      "id" : 28,
      "name" : "Action"
    } ]
  }, {
    "id" : 106534,
    "title" : "The Snake Queen's Wedding",
    "overview" : "The second film in the \"Snake Woman\" series with Suzzanna.  The beauty of Nyi Blorong makes the kings and the princes competing against each other in order to woe her. A great duel breaks out between Tejo Arum, the lover of Nyi Blorong, and King Dewacengkar. Upon Nyi Blorong's permission, Tejo Arum can marry Nyi Blorong. In one battle, Tejo Arum is devastated and Nyi Blorong comes to help him by turning him into a giant that can defeat his opponents. However, in order to return into an ordinary human form, Tejo Arum has to meditate as long as 350 years. (indonesianfilmcenter.com)",
    "genres" : [ {
      "id" : 27,
      "name" : "Horror"
    }, {
      "id" : 14,
      "name" : "Fantasy"
    } ]
  }, {
    "id" : 106559,
    "title" : "Bangkitnya Si Mata Malaikat",
    "overview" : "",
    "genres" : [ {
      "id" : 27,
      "name" : "Horror"
    } ]
  }, {
    "id" : 106564,
    "title" : "Ghost of Guts Eater",
    "overview" : "A young girl's grandmother dies who apparently possess dark powers. Before his death, his grandmother swears that her niece should always wear her ring. With this ring, she lives on and then will return to life in the form out of a flying head.",
    "genres" : [ {
      "id" : 27,
      "name" : "Horror"
    } ]
  }, {
    "id" : 106569,
    "title" : "The Demon",
    "overview" : "Two Brothers, who are both hunters and live with their mother, go to the mountains to set traps for deer. Suddenly, a demon grabs the younger brothers. The older brother shoots and arrow, severing the demon's arm, which they plan to take home. But they make an grisly discovery on the journey home.",
    "genres" : [ {
      "id" : 16,
      "name" : "Animation"
    }, {
      "id" : 18,
      "name" : "Drama"
    }, {
      "id" : 14,
      "name" : "Fantasy"
    }, {
      "id" : 27,
      "name" : "Horror"
    } ]
  }, {
    "id" : 106574,
    "title" : "Woman Chases Man",
    "overview" : "A pretty architect (Miriam Hopkins) devises a wild scheme to convince handsome millionaire Joel McCrea to fund a new housing development project. Director John Blystone's 1937 screwball comedy also stars Charles Winninger, Broderick Crawford, Erik Rhodes, Leona Maricle, Ella Logan and Charles Halton.",
    "genres" : [ {
      "id" : 35,
      "name" : "Comedy"
    }, {
      "id" : 10749,
      "name" : "Romance"
    } ]
  }, {
    "id" : 106579,
    "title" : "Les Hussards",
    "overview" : "",
    "genres" : [ {
      "id" : 10752,
      "name" : "War"
    }, {
      "id" : 35,
      "name" : "Comedy"
    }, {
      "id" : 12,
      "name" : "Adventure"
    } ]
  }, {
    "id" : 106599,
    "title" : "Imaginary Witness: Hollywood and the Holocaust",
    "overview" : "Daniel Anker’s 90-minute documentary takes on over 60 years of a very complex subject: Hollywood’s complicated, often contradictory relationship with Nazi Germany and the Holocaust. The questions it raises go right the very nature of how film functions in our culture, and while hardly exhaustive, Anker’s film makes for a good, thought provoking starting point.",
    "genres" : [ {
      "id" : 99,
      "name" : "Documentary"
    }, {
      "id" : 36,
      "name" : "History"
    } ]
  }, {
    "id" : 106614,
    "title" : "Hard Rock Nightmare",
    "overview" : "Dominick Brascia brings us Hard Rock Nightmare about a young boy named John who is tormented by his grandfather concerning vampires and werewolves until he believes his grandfather is actually a vampire. This of course, leads to John killing his grandfather with a stake. Fast-forward and John is now the lead singer of a rock band, they can no longer practice in their garage so they're forced to a house in the middle of nowhere, left to John by his Grandmother, where they soon begin to be picked off, one by one and Josh is convinced the stories his grandfather told him all those years ago may be true.",
    "genres" : [ {
      "id" : 27,
      "name" : "Horror"
    } ]
  }, {
    "id" : 106619,
    "title" : "I Need You",
    "overview" : "Celebrity chef Carl returns from New York to marry his supermodel fiancée, Chrissy. But the bride-to-be is delayed in Europe, and as Carl makes wedding plans with her family, he finds himself falling for Chrissy’s sister Lena. Preparations for the nuptials progress, but will there still be a wedding? And if so, whose wedding will it be?",
    "genres" : [ {
      "id" : 18,
      "name" : "Drama"
    }, {
      "id" : 10749,
      "name" : "Romance"
    } ]
  }, {
    "id" : 106629,
    "title" : "Alfie, the Little Werewolf",
    "overview" : "On the night of his seventh birthday, sweet Alfie suddenly changes into a white fluffy werewolf. He doesn’t understand why. Alfie struggles with himself, because the wolf at night is capable of doing things that the shy boy would not during the day. Who is Alfie ? Will he be able to accept the way he really is ? A quirky and smart film that will delight you about a young boy who suddenly develops fullmoon issues.",
    "genres" : [ {
      "id" : 10751,
      "name" : "Family"
    } ]
  }, {
    "id" : 106634,
    "title" : "Zombie Dawn",
    "overview" : "2006. A mysterious mining accident in a remote territory unleashes an unspeakable horror that creates a zombie horde with an appetite for human flesh. It decimates large portions of the country. The only course of action is to rapidly enclose the infected areas and seal them off from the rest of the remaining, living population. NOW. 15 years later the tattered remains of the government and the mining corporation responsible where the initial event took place commit themselves to finding out what may have happened at the mining complex. The solution is to send in a group of mercenaries and scientists into the quarantined zone to find answers.",
    "genres" : [ {
      "id" : 27,
      "name" : "Horror"
    }, {
      "id" : 10752,
      "name" : "War"
    } ]
  }, {
    "id" : 106644,
    "title" : "Mahabali Hanuman",
    "overview" : "When childless Anjani prayed to Shiva to give her a son, he must have been listening because nine months and a visit from Marut, the God of Wind later, she delivers one -- the young deity Hanuman. As a child Hanuman mischievously tried to swallow the sun, thinking it was a fruit. When he is smote for his unwitting trespass by Indra, king of the Gods, he lays lifeless, only to be resurrected and granted gifts by an assemblage of gods. These gifts along with his own virtues earn him the title of Mahabali, or The Mighty One. His life is the subject of this film, which focuses on both his childhood exploits and adult adventures.",
    "genres" : [ {
      "id" : 10769,
      "name" : "Foreign"
    }, {
      "id" : 12,
      "name" : "Adventure"
    }, {
      "id" : 14,
      "name" : "Fantasy"
    }, {
      "id" : 10751,
      "name" : "Family"
    } ]
  }, {
    "id" : 106649,
    "title" : "Fox Legend",
    "overview" : "When she helplessly falls in love with her mortal enemy, the beautiful yet cursed fox spirit known as Snow Lady causes her mother much trepidation. To make matters worse, a ruthless tracker emerges and threatens to alter her fate. Darkly comical and hauntingly stylish, this magical gothic tale from Hong Kong also features performances from Wai Yiu and director Ma Wu.",
    "genres" : [ {
      "id" : 14,
      "name" : "Fantasy"
    }, {
      "id" : 878,
      "name" : "Science Fiction"
    }, {
      "id" : 10749,
      "name" : "Romance"
    }, {
      "id" : 10769,
      "name" : "Foreign"
    } ]
  }, {
    "id" : 106654,
    "title" : "Painted Skin",
    "overview" : "When an amorously inclined young man runs across an attractive young woman in need of his help, it's not difficult for him to rush to her aid while imagining himself in her arms. Though he's married, he retains a strong desire to bed any pretty woman in sight. To his shock, he discovers later that the pretty woman he fantasized about is a ghost.",
    "genres" : [ {
      "id" : 10749,
      "name" : "Romance"
    }, {
      "id" : 14,
      "name" : "Fantasy"
    }, {
      "id" : 9648,
      "name" : "Mystery"
    }, {
      "id" : 27,
      "name" : "Horror"
    }, {
      "id" : 18,
      "name" : "Drama"
    } ]
  }, {
    "id" : 106664,
    "title" : "Vampire Kids",
    "overview" : "A tourist group is forced by an accident to stay at a deserted village. The travelers discover a big diamond and steal it. Unfortunately, the diamond is cursed and enables a monster to gain incredible power. He forces five vampire kids to bring him blood from the travelers in order to rejuvenate. The kids are unable to complete the task and are caught by the humans. The monster is furious and prepares to kill the little vampires and the travelers...",
    "genres" : [ {
      "id" : 27,
      "name" : "Horror"
    }, {
      "id" : 35,
      "name" : "Comedy"
    } ]
  }, {
    "id" : 106669,
    "title" : "Never Travel on a One Way Ticket",
    "overview" : "A hardboiled story that takes place in a far future when most things are over. What’s left is greed, cruelty, sexuality, fire and a tad of poetry.",
    "genres" : [ {
      "id" : 53,
      "name" : "Thriller"
    }, {
      "id" : 878,
      "name" : "Science Fiction"
    }, {
      "id" : 18,
      "name" : "Drama"
    } ]
  }, {
    "id" : 106674,
    "title" : "Hot House Backroom Exclusive Volume 18",
    "overview" : "The #1 scenes that are burning up the web in the Hot House Backroom are now available to you on DVD! Volume 18 contains 5 smoking-hot scenes starring our 'biggest' cast ever, including enormously hung Criss Strokes, Tim Kruger, &amp; Josh West. In fact, all of these guys are packing some serious meat. If you're into huge cocks, this is the one for you!",
    "genres" : [ ]
  }, {
    "id" : 106679,
    "title" : "House of Mortal Sin",
    "overview" : "A troubled young girl goes to confession at the local church. Unfortunately, the sexually frustrated priest she confesses to becomes obsessed with her. At first, the priest stalks the girl, but later it is revealed that he will stop at nothing, including blackmail and murder, just to get close to her",
    "genres" : [ {
      "id" : 27,
      "name" : "Horror"
    } ]
  }, {
    "id" : 106704,
    "title" : "Aloha, the Little Vampire",
    "overview" : "A little vampire runs away from home when he thinks his uncles are fighting over him - they're really fighting over his mom.  He makes friends with some kids and helps them take care of a gang of bullies.  The kids in turn help protect our little vampire from a man wanting to use him to cure his brother, who's turning into a western style vampire.",
    "genres" : [ ]
  }, {
    "id" : 106714,
    "title" : "Witch",
    "overview" : "May is a man who, in order to reincarnate to an honorable situation, must remain a virgin for three lifetimes. But the evil (and titular) witch has other ideas. She tricks him, then screws him, then kills him. Now dead, May becomes the servant of the prince of hell, whose parents want to marry him off. But despite being offered the choice of 73 beauties, he rejects them all as being too old. The prince (who, like the other inhabitants of hell, is quite a nice guy) is mad about Chin ... but she's \"on the corps side\" - that is, in the land of the living. May is instructed to accompany the prince through the tricky task of getting to know and woo the living girl. But the witch is still around, and still after May.....",
    "genres" : [ {
      "id" : 35,
      "name" : "Comedy"
    }, {
      "id" : 27,
      "name" : "Horror"
    } ]
  }, {
    "id" : 106719,
    "title" : "Kung Fu Student",
    "overview" : "Lin Hsiao Lan plays an oft-bullied student who yearns for adventure.  In the wrong place at the wrong time, she screws up Alexander Lo Rei's chance for reincarnation and now they are stuck with each other.  Eventually they become friends and set off to avenge Lo's death.  A fun movie and Lin Hsiao Lan actually gets to be a girl for once.",
    "genres" : [ ]
  }, {
    "id" : 106729,
    "title" : "Natural Enemies",
    "overview" : "A man hires hires five hookers to fulfill a final fantasy before killing himself and his family.",
    "genres" : [ {
      "id" : 18,
      "name" : "Drama"
    } ]
  }, {
    "id" : 106734,
    "title" : "Three Bullets for Ringo",
    "overview" : "Pre-American Civil War Ringo and his friends rescue a young woman from kidnappers.  Ringo later marries her.  With the coming of the civil War Ringo finds himself at odds with one of his friends, Frank, who has joined The South and is now in the pay of a crooked Mayor....",
    "genres" : [ {
      "id" : 37,
      "name" : "Western"
    } ]
  }, {
    "id" : 106739,
    "title" : "Low & Clear",
    "overview" : "A meditation on friendship and life in the disappearing wilderness of the West, 'Low and Clear' follows two formerly close friends who re-unite for one last fly fishing trip. Over the course of their time together they come to understand how much they have each changed and how these changes now threaten the friendship.",
    "genres" : [ {
      "id" : 99,
      "name" : "Documentary"
    } ]
  }, {
    "id" : 106744,
    "title" : "Measure For Measure",
    "overview" : "Measure For Measure (Erotic Media): The rich, the beautiful, the predators. A world of dark erotic suspense.  The disappearance of an eccentric wealthy woman leads to discoveries of sexual intrigue. A beautiful detective unravels the mysteries in an investigation of carnal liaisons.",
    "genres" : [ {
      "id" : 18,
      "name" : "Drama"
    }, {
      "id" : 10769,
      "name" : "Foreign"
    } ]
  }, {
    "id" : 106754,
    "title" : "Angel Guts: Red Classroom",
    "overview" : "When Teruro, a writer for a porn magazine, watches a \"rape\" porn, he becomes obsessed with the lead actress, Nami. Quite by chance me meets her a hotel, where she works as a receptionist. She reluctantly agrees to speak with him and confesses that she was actually raped in the film, and he tells her that he wants to help her.",
    "genres" : [ {
      "id" : 18,
      "name" : "Drama"
    } ]
  }, {
    "id" : 106764,
    "title" : "The Australian Pink Floyd Show - Live at the Hammersmith Apollo",
    "overview" : "Recorded at the Hammersmith Apollo on the 17th July 2011. Includes; Disc 1 Shine On You Crazy Diamond 1-5, Welcome To The Machine, Coming Back to Life, Arnold Layne, Sorrow, Learning to fly, Dogs, Speak To Me, Breathe, On The Run, Time, Breathe (Reprise), The Great Gig In The Sky, What Do You Want From Me, Careful with that Axe Eugene, Money, The Happiest Days Of Our Lives, Another Brick In The Wall part 2, Wish You Were Here, One Of These Days, Comfortably Numb, Run Like Hell. The band were described by Floyd drummer Nick Mason as \"Very good, probably better than we are,\" and even engaged by David Gilmour to perform at his 50th birthday celebration! The Australian Pink Floyd Show have also been described by Sunday Times as \"The best tribute band in the world\".",
    "genres" : [ {
      "id" : 10402,
      "name" : "Music"
    } ]
  }, {
    "id" : 106769,
    "title" : "Adventure in Iraq",
    "overview" : "Five Allied soldiers in an airplane flying to Egypt crash-land in Iraq. They are taken in by a local sheik, but soon begin to suspect that he may not be quite as friendly as he appears to be.",
    "genres" : [ ]
  }, {
    "id" : 106774,
    "title" : "Cathy's Curse",
    "overview" : "A young girl is possessed by the spirit of her dead aunt, who died in a car accident. Soon members of her family begin to mysteriously die off.",
    "genres" : [ {
      "id" : 27,
      "name" : "Horror"
    } ]
  }, {
    "id" : 106799,
    "title" : "Gang Boys",
    "overview" : "Linda Blair's gay son gets raped by Nazis, so she tracks down the father, played by Wings Hauser, and helps him deal with his alcoholism, and eventually they kind of fight back.",
    "genres" : [ {
      "id" : 18,
      "name" : "Drama"
    } ]
  }, {
    "id" : 106804,
    "title" : "Up-to-Date Spiritualism",
    "overview" : "In this subject a \"comique eccentric\" enters the drawing room inhabited by spirits. He tries to take off his coat and hat, but these garments return to his head and shoulders as soon as he takes them off. The chairs, his umbrella, his hat, etc., fly away in different directions and by various methods. (Star Film Catalog)",
    "genres" : [ {
      "id" : 14,
      "name" : "Fantasy"
    }, {
      "id" : 35,
      "name" : "Comedy"
    } ]
  }, {
    "id" : 106809,
    "title" : "Going to Bed Under Difficulties",
    "overview" : "A man takes off his clothes in preparation for bed, only for new clothes to spontaneously generate, leading to comical consternation.",
    "genres" : [ {
      "id" : 35,
      "name" : "Comedy"
    } ]
  }, {
    "id" : 106814,
    "title" : "The Doctor and the Monkey",
    "overview" : "A monkey wreaks havoc on a doctor.",
    "genres" : [ {
      "id" : 35,
      "name" : "Comedy"
    } ]
  }, {
    "id" : 106824,
    "title" : "Bomba, the Jungle Boy",
    "overview" : "George Harland and his daughter Pat are photographers who discover a wild boy in the jungle. When Pat becomes lost, Bomba brings her back, overcoming plagues of locusts, forest fires and fierce wild animals.",
    "genres" : [ {
      "id" : 12,
      "name" : "Adventure"
    } ]
  }, {
    "id" : 106834,
    "title" : "El Sapo Pepe y mas canciones de Sapolandia",
    "overview" : "Divertite con las canciones y los videoclips del Sapo Pepe y las Pepas",
    "genres" : [ ]
  }, {
    "id" : 106844,
    "title" : "Vedham Puthithu",
    "overview" : "Vedham Pudhithu starring Sathyaraj and Amala is a critically acclaimed Tamil movie, directed by Bharathiraja. Charuhasan, Saritha, Raja and 'Nizhalgal' Ravi played supporting roles in the movie. The story and dialogue was written by Kannan.  This is one of the few films that highlights some of the issues caused by the Caste system. The film's narrative was seamless and starred Sathyaraj as Balu Thevar. It contains some of Bharathiraja's trademark directorial touches as well as a lot of path breaking scenes, along with Kannan's powerful dialogues.",
    "genres" : [ {
      "id" : 10751,
      "name" : "Family"
    }, {
      "id" : 18,
      "name" : "Drama"
    }, {
      "id" : 10749,
      "name" : "Romance"
    } ]
  }, {
    "id" : 106849,
    "title" : "Henry IV Part 1",
    "overview" : "Henry Bolingbroke has now been crowned King of England, but faces a rebellion headed by the embittered Earl of Northumberland and his son (nicknamed 'Hotspur'). Henry's son Hal, the Prince of Wales, has thrown over life at court in favour of heavy drinking and petty theft in the company of a debauched elderly knight, Sir John Falstaff. Hal must extricate himself from some legal problems, regain his father's good opinions and help suppress the uprising.",
    "genres" : [ {
      "id" : 18,
      "name" : "Drama"
    }, {
      "id" : 36,
      "name" : "History"
    } ]
  }, {
    "id" : 106854,
    "title" : "Henry V",
    "overview" : "The life of King Henry the Fifth.",
    "genres" : [ {
      "id" : 18,
      "name" : "Drama"
    }, {
      "id" : 10752,
      "name" : "War"
    } ]
  }, {
    "id" : 106859,
    "title" : "Henry VI Part 3",
    "overview" : "The life of King Henry the Sixth, in three parts.",
    "genres" : [ {
      "id" : 18,
      "name" : "Drama"
    }, {
      "id" : 36,
      "name" : "History"
    } ]
  }, {
    "id" : 106869,
    "title" : "Bread",
    "overview" : "On their way home from the Isle of Wight Pop Festival, Jeff, Trev and Mick along with girlfriends Marty and Cathy decide to pitch a tent on private land. In the morning the land's owner Rafe turns up and orders them to get off his lawn but changes his mind when one of the girls emerges naked from the tent. Rafe explains he only comes down to the house at weekends and lets them stay providing they redecorate his house. The squatters agree but once Rafe leaves they plot to organize a pop festival at the house. Attempting to raise cash for the venture, the men coerce their girlfriends into making a blue movie. When this proves disastrous Jeff goes to London and poses as a pop journalist in order to book the groups \"Crazy Mabel\" and \"The Juicy Lucy\" for the festival.",
    "genres" : [ {
      "id" : 10402,
      "name" : "Music"
    }, {
      "id" : 35,
      "name" : "Comedy"
    } ]
  }, {
    "id" : 106874,
    "title" : "Snipers, Inc.",
    "overview" : "An explosive demolition team is challenged with safely imploding complex and iconic structures around the world. Each episode focuses on the dangers, challenges, and inside strategies of this type of high-risk demolition. Built to withstand time, gravity and natural disasters, every job poses unique engineering challenges. Blowdown explains the complex science behind the missions and highlights obstacles these experts encounter as they rely on experience and intuition to reverse engineer structures designed to be indestructible.",
    "genres" : [ ]
  }, {
    "id" : 106889,
    "title" : "The Wonder of Weeds",
    "overview" : "Blue Peter gardener Chris Collins celebrates the humble and sometimes hated plants we call weeds. He discovers that there is no such thing as a weed, botanically speaking, and that in fact what we call a weed has changed again and again over the last three hundred years. Chris uncovers the story of our changing relationship with weeds - in reality, the story of the battle between wilderness and civilisation. He finds out how weeds have been seen as beautiful and useful in the past, and sees how their secrets are being unlocked today in order to transform our crops.  Finally, Chris asks whether, in our quest to eliminate Japanese Knotweed or Rhododendron Ponticum, we are really engaged in an arms race we can never win. We remove weeds from our fields and gardens at our peril.",
    "genres" : [ ]
  }, {
    "id" : 106894,
    "title" : "Maruja in Hell",
    "overview" : "Peru's submission for the Academy Award for Best Foreign Language Film in 1983",
    "genres" : [ ]
  }, {
    "id" : 106899,
    "title" : "Baptism of Blood",
    "overview" : "A fatal skin disease forces a beautiful actress to retire from the screen. She puts a sinister plan into motion to transplant her brain into her own daughter Sakura. She hears her mother's unbelievable confession of her past, tries to escape in vain. After the horrible operation, she starts a new life as a normal little girl. And she seduces the piano teacher, tries to inherit her mother's properties.... Then a police detective who is suspicious of her mother's sudden disappearance starts sniffing around her...",
    "genres" : [ {
      "id" : 27,
      "name" : "Horror"
    }, {
      "id" : 10769,
      "name" : "Foreign"
    }, {
      "id" : 80,
      "name" : "Crime"
    }, {
      "id" : 18,
      "name" : "Drama"
    } ]
  }, {
    "id" : 106904,
    "title" : "The Batwoman",
    "overview" : "A whacked out scientist is capturing wrestlers (because they are \"perfect\") and using their spinal fluid to create a Gill Man. Two cops call in Batwoman to investigate. She steals aboard the baddies boat , uncovers his mad plan, but she is discovered and during a scuffle our hero tosses acid in the scientists face. This doesn't sit too well with the dude and he seeks revenge. His plan, capture her and turn her into a Gill Woman!",
    "genres" : [ {
      "id" : 12,
      "name" : "Adventure"
    }, {
      "id" : 878,
      "name" : "Science Fiction"
    }, {
      "id" : 27,
      "name" : "Horror"
    } ]
  }, {
    "id" : 106909,
    "title" : "The School Teacher",
    "overview" : "Edwige Fenech plays the sexy private teacher of Franco (Alfredo Pea) who immediately falls madly in love with her. Franco tries and tries to seduce her by faking his own suicide.",
    "genres" : [ {
      "id" : 35,
      "name" : "Comedy"
    } ]
  }, {
    "id" : 106914,
    "title" : "The Deathless Devil",
    "overview" : "Wacky, unrestrained, and with its own mystifying internal logic that cannot be entirely chalked up to the language barrier, this low-budget Turkish exploitation film from the 1973 is very weird, and both provide a very good time. THE DEATHLESS DEVIL introduces us to a young man (Kunt Tulgar) who discovers that he was adopted, and that his father was really a superhero named Copperhead. Like anyone who finds out such blood runs in his veins, he dons the Copperhead mask and goes into action. First on his list is the nefarious, mustached Dr. Satan, who has plans to steal technology that will let him control the world's robots and electronics. This technology belongs to a kindly professor and his pretty daughter, whose safety is now in Copperhead's hands. As he fights to bring the villain down, he finds time to enjoy the numerous Turkish beauties who disrobe for him.",
    "genres" : [ {
      "id" : 35,
      "name" : "Comedy"
    }, {
      "id" : 28,
      "name" : "Action"
    }, {
      "id" : 878,
      "name" : "Science Fiction"
    } ]
  }, {
    "id" : 106919,
    "title" : "Clarence, the Cross-Eyed Lion",
    "overview" : "When a native village is apparently terrorized by a Lion, the local sergeant enlists the help of a veterinarian working at a nearby animal study center. It is soon discovered that the Lion has a unique problem, it has double vision due to the fact that it is cross eyed and therefore cannot hunt. The Lion is taken back to the study center and is soon adopted by the vet's daughter. Meanwhile, a dangerous criminal is planning to capture young Gorillas and sell them on the black market...",
    "genres" : [ {
      "id" : 28,
      "name" : "Action"
    }, {
      "id" : 12,
      "name" : "Adventure"
    }, {
      "id" : 35,
      "name" : "Comedy"
    } ]
  }, {
    "id" : 106924,
    "title" : "School Teacher on the Sea with Her Class",
    "overview" : "It's summer. Lisa goes every day in a holiday hotel to give French lessons to Mario, the owner's son. the beauty and personality of Lisa quickly raise the attraction of tourists, but also jealousy of mothers who see their husbands and son prowling around the lovely young woman ...",
    "genres" : [ {
      "id" : 35,
      "name" : "Comedy"
    } ]
  }, {
    "id" : 106929,
    "title" : "Compressed Hare",
    "overview" : "Bugs battles Wile E. Coyote. A ten trillion volt electric magnet draws everything imaginable.",
    "genres" : [ {
      "id" : 10751,
      "name" : "Family"
    }, {
      "id" : 16,
      "name" : "Animation"
    } ]
  }, {
    "id" : 106944,
    "title" : "A Complicated Girl",
    "overview" : "Alberto intercepts a call between two troubled women. Intrigued by the situation, he decides to meet one of two girls, Claudia, and becomes her lover. The two begin a relationship the leads from one twisted game to another.",
    "genres" : [ {
      "id" : 35,
      "name" : "Comedy"
    }, {
      "id" : 10749,
      "name" : "Romance"
    } ]
  }, {
    "id" : 106949,
    "title" : "Fisticuffs",
    "overview" : "After the wild success of the HandPacked Trilogy, Director Wolfgang Bang returns to Club Inferno with Fisticuffs. Starring Rik Jammer and Billy Cochran, Fisticuffs scorches the screen with action so aggressive and so outrageous, it just might lead to some bad behavior! These muscled-up bad boys were cast for their slamming bodies, enormous dicks, and holes that know no limits. So grab a copy today of the latest wild ride from Club Inferno and settle down for some unbelievable thrills that'll leave you pumped up and ready for action!",
    "genres" : [ ]
  }, {
    "id" : 106954,
    "title" : "The Thrilling Sword",
    "overview" : "This kung-fu version of Snow White is unbelievable. Was it made for kids? Hard to say. A fleshy egg pops out of the pregnant queen, weird demons plague the kingdom, evil sorcerers try to take over, the hero fights with a weird bloody body. This film is low-budget, and if that's a plus for you, check it out. The sets are wonderful and the special effects are very funny (the dwarves are regular-sized actors, shot from above). Most of the effects involve optical-printing, which wasn't done very skillfully, so the sequences are a little out of focus. Nevertheless, this is one of the most entertaining kung-fu movies I've ever seen. The soundtrack consists of the themes to Battlestar Galactica, Starblazers, and some 80s P-funk.",
    "genres" : [ ]
  }, {
    "id" : 106969,
    "title" : "Story of a Cloistered Nun",
    "overview" : "A woman who was promised to a powerful family's son at birth falls in love with another man, refuses to renounce him, and is sent to a nunnery by her shocked parents. Once there, she first undergoes degradation to acclimatize her to convent life; then she experiences rampant lesbianism by the repressed nuns, and becomes pregnant by her lover. Finally, her refusal to accede to one nun's lascivious lesbian advances leads to plotting and treachery, and her lover being murdered out of jealousy. Her life now ruined, she further scandalises her family by refusing to take her vows, and leaves the convent, devoting her existence to those in need. Claims to be based on a true story!",
    "genres" : [ {
      "id" : 18,
      "name" : "Drama"
    }, {
      "id" : 10769,
      "name" : "Foreign"
    } ]
  }, {
    "id" : 106984,
    "title" : "Summer Window",
    "overview" : "Juliane's happiness seems perfect. She is head over heals in love and has just begun a new life with August. One morning, however, she wakes up to find that she has been unexplainable thrown back into her past - to the time before she met her new love. Is what seems at first glance a cruel setback in reality actually a second chance?",
    "genres" : [ {
      "id" : 18,
      "name" : "Drama"
    }, {
      "id" : 10749,
      "name" : "Romance"
    } ]
  }, {
    "id" : 106999,
    "title" : "Non prendere impegni stasera",
    "overview" : "",
    "genres" : [ ]
  }, {
    "id" : 107004,
    "title" : "L'amore fa male",
    "overview" : "",
    "genres" : [ ]
  }, {
    "id" : 107009,
    "title" : "Jockstrap",
    "overview" : "Director Steven Scarborough invites you to strip down to your strap in 5 throbbing Jockstrap fantasies bulging with action. Join 10 jockstrap-wearing hunks, including Hot House Exclusive Vinnie D'Angelo and Superstar Tyler Riggz, two formidable top-men who give it up on video for the first time - to each other! An afternoon workout at the gym turns into an athletic double-penetration for Hot House Exclusive C.J. Knight. Then Exclusives Francesco D'Macho and Ty LeBeouf get out of their jocks and into trouble in a dark alley. This jock-themed hit features jocks crammed with fat cocks, sweaty nutsacks and bubble-butts, so strip down to your strap and jack to Jockstrap!",
    "genres" : [ ]
  }, {
    "id" : 107014,
    "title" : "Oliver Stone's America",
    "overview" : "This 52-minute documentary provides a rare glimpse into the mind of director Oliver Stone, who for over 20 years has managed to provoke the ire of historians and Hollywood producers alike with his iconoclastic world view. Directed by Charles Kiselyak, the film goes behind the scenes with Stone on the production of Born on the Fourth of July and other films, through production stills, interviews, and comments from the director himself. Also included with the career retrospective is Stone's first short film, 1971's Last Year in Viet Nam.",
    "genres" : [ ]
  }, {
    "id" : 107019,
    "title" : "The Strange Vengeance of Rosalie",
    "overview" : "A traveling salesman is lured by a precocious teenage girl to her shack in the desert for some sexual escapades. However, a scuzzy biker comes along and they both find themselves dominated and tormented by him.",
    "genres" : [ {
      "id" : 53,
      "name" : "Thriller"
    }, {
      "id" : 18,
      "name" : "Drama"
    } ]
  }, {
    "id" : 107024,
    "title" : "Empire of Ash III",
    "overview" : "It's the year 2050, and the world has become a wasteland after a fatal virus has ravaged the human race. Those few that have survived are forced to fight against a powerful warrior empire that seeks total control over the new world. The price of freedom in this New World is death. In a desperate stand for true civilization, the last of the warriors for freedom wage an all out assault against the evil empire",
    "genres" : [ {
      "id" : 28,
      "name" : "Action"
    }, {
      "id" : 14,
      "name" : "Fantasy"
    }, {
      "id" : 878,
      "name" : "Science Fiction"
    } ]
  } ]
}