{
  "movies" : [ {
    "id" : 351454,
    "title" : "Neruda",
    "overview" : "It’s 1948 and the Cold War has arrived in Chile. In the Congress, prominent Communist Senator and popular poet Pablo Neruda accuses the government of betraying the Party and is stripped of his parliamentary immunity by President González Videla. The Chief of Investigative Police instructs inspector Óscar Peluchonneau to arrest the poet. Neruda tries to escape from the country with his wife, the painter Delia del Carril, but they are forced to go underground.",
    "genres" : [ {
      "id" : 18,
      "name" : "Drama"
    } ]
  }, {
    "id" : 351459,
    "title" : "Ice Carnival",
    "overview" : "The tortoise and hare boys argue who would win a skating race, so overconfident daddy rabbit challenges daddy tortoise to a race he ultimately wins.",
    "genres" : [ ]
  }, {
    "id" : 351464,
    "title" : "Dora l'exploratrice - Volume 18 - Dora sauve la princesse des neiges",
    "overview" : "",
    "genres" : [ ]
  }, {
    "id" : 351469,
    "title" : "Marili",
    "overview" : "",
    "genres" : [ {
      "id" : 35,
      "name" : "Comedy"
    }, {
      "id" : 18,
      "name" : "Drama"
    }, {
      "id" : 10749,
      "name" : "Romance"
    } ]
  }, {
    "id" : 351474,
    "title" : "Katie Fforde: Entscheidung am Meer",
    "overview" : "",
    "genres" : [ {
      "id" : 18,
      "name" : "Drama"
    } ]
  }, {
    "id" : 351479,
    "title" : "Toleranz",
    "overview" : "",
    "genres" : [ {
      "id" : 18,
      "name" : "Drama"
    } ]
  }, {
    "id" : 351484,
    "title" : "Back to the Soil",
    "overview" : "A Terrytoons cartoon released 14 November 1941.",
    "genres" : [ ]
  }, {
    "id" : 351489,
    "title" : "What a Little Sneeze Will Do",
    "overview" : "A Pete Smith-like narrator introduces us to a pig named Oscar who's overwhelmed with advice and useless elixirs to relieve his cold. This leads to his having a nightmare where he's pursued by giant medicine and pill containers.",
    "genres" : [ ]
  }, {
    "id" : 351494,
    "title" : "My Dear Muthachan",
    "overview" : "Meera and her younger siblngs hires an ex-army officer posed as their grandfather to find out who is behind their parent's deaths.",
    "genres" : [ {
      "id" : 35,
      "name" : "Comedy"
    }, {
      "id" : 10751,
      "name" : "Family"
    } ]
  }, {
    "id" : 351499,
    "title" : "A Dog's Dream",
    "overview" : "A Terrytoons cartoon released 2 May 1941.",
    "genres" : [ ]
  }, {
    "id" : 351504,
    "title" : "Comedia contra el drama",
    "overview" : "",
    "genres" : [ ]
  }, {
    "id" : 351509,
    "title" : "Crime File",
    "overview" : "Sister Amala (Sangita), a nun is found dead in the well of the convent where she was staying. The police discover that she was murdered. Idamattom Palackal Easow Panickar and his team find out the truth behind Sr. Amala's murder.",
    "genres" : [ {
      "id" : 80,
      "name" : "Crime"
    } ]
  }, {
    "id" : 351514,
    "title" : "A Torrid Toreador",
    "overview" : "A Toreador, who talks like Jimmy Durante, wants to marry the fair Spanish lass, who talks like Lupe Velez, but her father, who talks like Leo Carrillo, tells him he must first prove himself worthy by fighting the bull. He does so and, after a few incidents in which things do not appear to be going his way and some scattered 'ole's, wins the hand of his fair lady.",
    "genres" : [ ]
  }, {
    "id" : 351519,
    "title" : "Oh, Gentle Spring",
    "overview" : "A Terrytoons cartoon released 3 April 1942.",
    "genres" : [ ]
  }, {
    "id" : 351524,
    "title" : "Sallapam",
    "overview" : "Radha comes from a poor family and dreams of becoming a great singer. She falls in love with Sasikumar, who calls himself Junior Yesudas.",
    "genres" : [ {
      "id" : 18,
      "name" : "Drama"
    } ]
  }, {
    "id" : 351529,
    "title" : "I Should See",
    "overview" : "This is a film, that was a picture. What’s the difference? Photography takes time away, film adds time.",
    "genres" : [ {
      "id" : 16,
      "name" : "Animation"
    } ]
  }, {
    "id" : 351534,
    "title" : "Phish - Bend, OR - 2015-07-21",
    "overview" : "Set 1: Sample in a Jar, Sand, 555, Rift, Halfway to the Moon, Horn &gt; Devotion To a Dream, Blaze On[1], Tube, Wolfman's Brother  Set 2: Ghost &gt; Birds of a Feather, Mike's Song &gt; The Wedge, Fuego &gt; Shade[1], No Men In No Man's Land[1] &gt; Weekapaug Groove &gt; Boogie On Reggae Woman &gt; Chalk Dust Torture  Encore: Theme From the Bottom",
    "genres" : [ ]
  }, {
    "id" : 351539,
    "title" : "Back to Roots",
    "overview" : "A portrait of a village through the sharing and deconstruction of personal and collective memories. The village of Belide in Portugal turns joyous and lively in August, when its community – of Portuguese emigrants to France during the 60s and 70s – return briefly or permanently to their homeland.",
    "genres" : [ ]
  }, {
    "id" : 351544,
    "title" : "Bipolar Disorder",
    "overview" : "A woman whose sister suffers from Bipolar Disorder.",
    "genres" : [ {
      "id" : 53,
      "name" : "Thriller"
    }, {
      "id" : 18,
      "name" : "Drama"
    } ]
  }, {
    "id" : 351549,
    "title" : "The Helicopter",
    "overview" : "The tiny toy helicopter which all the little mice didn't think was worth bother with, comes to the rescue of a mouse that has been trapped by the cat. The helicopter saves the day and becomes a mouse-hero icon.",
    "genres" : [ {
      "id" : 16,
      "name" : "Animation"
    } ]
  }, {
    "id" : 351554,
    "title" : "Queen of Hearts",
    "overview" : "During a poker hand, a man imagines himself as a dashing knight rescuing an imperiled queen.",
    "genres" : [ {
      "id" : 28,
      "name" : "Action"
    } ]
  }, {
    "id" : 351559,
    "title" : "A Wolf's Tale",
    "overview" : "Terrytoons animated short with voice of Jo Miller as Red and Grandma.",
    "genres" : [ {
      "id" : 16,
      "name" : "Animation"
    } ]
  }, {
    "id" : 351564,
    "title" : "Raiding the Raiders",
    "overview" : "A colony of rabbits (and their newborns) is terrorized by a wake of marauding vultures (who fly around like bad enemy Second World War airplanes- even though they are supposed be an Indian tribe).",
    "genres" : [ {
      "id" : 16,
      "name" : "Animation"
    } ]
  }, {
    "id" : 351569,
    "title" : "MissiePoo16",
    "overview" : "Obviously, Missiepoo16 is not her real name. She is called Rosan, is fourteen years old and a master at manipulating her environment. She livens up her outpourings to the ever-filming webcam with colourful texts and crazy pictures. One of her favourite activities is to comfort people. She is very good at it too, especially when her mother is sad, for instance about her boyfriend Ernest. Rosan cannot stand him and decides to sue him. Part of Kort!.",
    "genres" : [ {
      "id" : 18,
      "name" : "Drama"
    } ]
  }, {
    "id" : 351574,
    "title" : "Sarah & He",
    "overview" : "When Sarah looks out of her window she sees several situations between couples take place. It is like she is watching her own life and all the choices that could change it. In the end she can take a decision about her own life by looking at others. The couples tell a story about a world in which you can loose the direction of your life just like that. And find it again.",
    "genres" : [ {
      "id" : 18,
      "name" : "Drama"
    } ]
  }, {
    "id" : 351579,
    "title" : "Aesops Fable:The Mosquito",
    "overview" : "A Terrytoons cartoon released 29 June 1945.",
    "genres" : [ {
      "id" : 16,
      "name" : "Animation"
    } ]
  }, {
    "id" : 351584,
    "title" : "The Fox and the Duck",
    "overview" : "A duck goes into the business of selling eggs, and has many prize egg-laying hens working for him. A fox tries to break up the business and burglarizes it. The duck goes to a dog, a pig and a fish looking for help against the fox, but they all choose not to get involved. So the duck takes matters into his own hands...or wings.",
    "genres" : [ {
      "id" : 16,
      "name" : "Animation"
    } ]
  }, {
    "id" : 351589,
    "title" : "Aesop's Fable: The Watchdog",
    "overview" : "A Terrytoons cartoon released 28 September 1945. The classic \"dog vs. rabbit\" routine, but this time with a whole gang of mischievous hares!",
    "genres" : [ {
      "id" : 16,
      "name" : "Animation"
    } ]
  }, {
    "id" : 351594,
    "title" : "The Exterminator",
    "overview" : "Gandy Goose, now in the pest-extermination business takes the job of ridding his friend's house of mice. Everything he tries backfires on him and the goosey one is soon gone and the mice are still playing.",
    "genres" : [ {
      "id" : 16,
      "name" : "Animation"
    } ]
  }, {
    "id" : 351599,
    "title" : "The Golden Hen",
    "overview" : "A Terrytoons cartoon released 24 May 1946.",
    "genres" : [ {
      "id" : 16,
      "name" : "Animation"
    } ]
  }, {
    "id" : 351604,
    "title" : "Winning the West",
    "overview" : "The big bad cats are the villains/Indians, and the little mice are the settlers going west in their little covered wagons, and the Indians are on a rampage about it. Things look dark indeed for the settlers when the likes of Buffalo Bill, General Custer and Daniel Boone are unable to defeat the attacking cats but...wait...up in the sky...here comes the singing, flying mouse...Mighty Mouse. Not recommended for Revisionists.",
    "genres" : [ ]
  }, {
    "id" : 351609,
    "title" : "The Hep Cat",
    "overview" : "The cats aren't doing well at all in luring the mice into their traps, so they decide to have one of their hep-cat band members make like the pied piper of old while trolling musically through the streets of Miceville. So the hep-cat trolls while playing a hot clarinet, as it is known far and wide to one and all, that the citizens of Miceville are fond of 1940s swing music, and it is no time at all before the hep-mice are following the clarinet player to their impending doom...but, wait...what's that in the sky...could it be Mighty Mouse flying once again to the rescue of the Miceville citizens? Could be.",
    "genres" : [ ]
  }, {
    "id" : 351619,
    "title" : "Actor Seeks Role",
    "overview" : "An aspiring method actor (Alex Karpovsky) in New York City resorts to medical acting, a part-time gig performing the symptoms of various illnesses for student doctors. Although his talents are overlooked for traditional roles on stage and screen, they catch the attention of a medical instructor (Dylan Baker) with a flair for the theatric.",
    "genres" : [ ]
  }, {
    "id" : 351624,
    "title" : "The Perils of Pearl Pureheart",
    "overview" : "In a burlesque of the silent-film serials, Oil Can Harry, the most evil of all evil cats, has wicked gleam-in-the-eyes designs on Pearl Pureheart, the cutest mouse in all of Micedon. She is subjected to all manners of torture and is saved through the heroic efforts of Mighty Mouse.",
    "genres" : [ {
      "id" : 16,
      "name" : "Animation"
    } ]
  }, {
    "id" : 351629,
    "title" : "Pattanathil Sundaran",
    "overview" : "The story follows Kizhakkethil Sundaresan (Dileep), a grocery store owner who never attended college, who is married to Radhamani (Navya Nair), a M.Sc. graduate. When Radhamani gets a job in Thiruvananthapuram Secretariat, she is excited and wants to move to be closer to her position. However, Sundaresan cannot close his store and go with her, nor does he want Radhamani to go alone. In the argument that follows, Radhamani decides that she will go at any cost, and Sundaresan decides to go with her.",
    "genres" : [ {
      "id" : 10751,
      "name" : "Family"
    }, {
      "id" : 35,
      "name" : "Comedy"
    } ]
  }, {
    "id" : 351634,
    "title" : "Ozzy Osbourne: Live At Ozzfest 2010",
    "overview" : "Live from MTV World Stage",
    "genres" : [ ]
  }, {
    "id" : 351639,
    "title" : "Njaan Salperu Raman Kutty",
    "overview" : "Njaan Salperu Raman Kutty (2004) Ramankutty (Jayaram), a teacher in the village school is known as \"salperu\" (i.e. good reputation). Ramankutty's uncles- Narayanan (Janardhanan), Madhavan (Jagathy Sreekumar), Velayudhan (Laloo Aalex) and Shankaran (Manianpillai Raju) are in a competition to get Ramankutty to marry their respective daughters. Ramankutty agrees to marry his uncle Velayudhan's daughter (Karthika). Madhavan's daughter Sangeetha (Gayathry Jayaram) arrives from Mumbai and seeing her, Ramankutty changes his mind. On the eve of the marriage Ramankutty's reputation is shattered. Life becomes hell.",
    "genres" : [ {
      "id" : 35,
      "name" : "Comedy"
    }, {
      "id" : 10751,
      "name" : "Family"
    } ]
  }, {
    "id" : 351644,
    "title" : "Dogs",
    "overview" : "A mini-revolution. Wrong choices. The divorce of ethereal beauty and mystery so common in experimental films. In Stephanie Barber's films. What begins as devastatingly awkward or \"tender\" unfolds itself to show a deceptive, strangely rigid literary formalism commented upon by the content. The two (form and content) dance around, moving towards and away from each other in the tricky, clear dialogue. Hyper-reflexivity, art and love (and the role faith plays in each of these). The filmmaker writes, \"I, myself, feel safest around purposefulness, can read more clearly an artist's work when I trust that choices have been weighed, bear meaning. This film requires a great deal of faith because it is strange and labile. Its device-ness is so apparent as to have left it naked. And then so naked as to be, perhaps, closed again.\"",
    "genres" : [ ]
  }, {
    "id" : 351649,
    "title" : "Season of Screams",
    "overview" : "Documentary about Knott's Berry Farm's Halloween Haunt (Knott's Scary Farm).",
    "genres" : [ {
      "id" : 99,
      "name" : "Documentary"
    } ]
  }, {
    "id" : 351654,
    "title" : "Britain at Bay",
    "overview" : "Wartime morale-boosting propaganda short, looking at the greatness of Britain and the efforts of all to preserve her power and integrity.",
    "genres" : [ {
      "id" : 99,
      "name" : "Documentary"
    } ]
  }, {
    "id" : 351659,
    "title" : "Of Monsters And Men - Hurricane Festival",
    "overview" : "Crystals  Human  King and Lionheart  Empire  I of the Storm  We Sink  Dirty Paws  Mountain Sound  Black Water  Hunger  Wolves Without Teeth  Lakehouse  Little Talks  Six Weeks",
    "genres" : [ {
      "id" : 10402,
      "name" : "Music"
    } ]
  }, {
    "id" : 351664,
    "title" : "A Soapy Opera",
    "overview" : "A Terrytoons cartoon released 27 September 1952.",
    "genres" : [ ]
  }, {
    "id" : 351669,
    "title" : "Hokey Home Movies",
    "overview" : "A Terrytoons cartoon released in 1964.",
    "genres" : [ ]
  }, {
    "id" : 351679,
    "title" : "Meleparambil Aanveedu",
    "overview" : "A young man marries a Tamil girl, and fearing his family, he brings her to the house as a servant. Problem starts when his elder brothers falls for her too.",
    "genres" : [ {
      "id" : 10751,
      "name" : "Family"
    }, {
      "id" : 35,
      "name" : "Comedy"
    } ]
  }, {
    "id" : 351689,
    "title" : "Sync",
    "overview" : "Iris and Kimberly, two close friends from Brabant, share a passion: synchronised swimming. They have been a duo for so long that their whole lives seem to run synchronously. When the day of the big event dawns, both their talent and their friendship are put to the test. Are they both motivated enough to maintain perfection? Is their friendship really as harmonious as they think?",
    "genres" : [ {
      "id" : 18,
      "name" : "Drama"
    } ]
  }, {
    "id" : 351694,
    "title" : "Monkey King: Hero Is Back",
    "overview" : "The all-powerful Monkey King once roamed freely between Heaven and Earth, but after angering the Gods, he was imprisoned within an ice cage deep within the mountains. 500 years later, monsters attack a small village and a child flees to the mountains. Unknowingly, the child releases the Monkey King from his curse. With the help and encouragement from this special child, Monkey King saves the village from the evil monsters.",
    "genres" : [ {
      "id" : 14,
      "name" : "Fantasy"
    }, {
      "id" : 16,
      "name" : "Animation"
    }, {
      "id" : 35,
      "name" : "Comedy"
    } ]
  }, {
    "id" : 351699,
    "title" : "Krishnagudiyil Oru Pranayakalathu",
    "overview" : "Krishnagudiyil Oru Pranayakalathu movie tells Meenakshi (Manju Warrier) who is confused between the word her father had given to Akhilachandran (Biju Menon) and her love.",
    "genres" : [ {
      "id" : 10749,
      "name" : "Romance"
    } ]
  }, {
    "id" : 351704,
    "title" : "Hasse & Tage - Samlade revyer",
    "overview" : "",
    "genres" : [ {
      "id" : 10751,
      "name" : "Family"
    }, {
      "id" : 35,
      "name" : "Comedy"
    } ]
  }, {
    "id" : 351709,
    "title" : "Relics",
    "overview" : "A salesman tries to sell his miraculous cleaning machine to an ailing woman and her skeptical daughter, on the day that the woman asked her daughter to help her end her own life.",
    "genres" : [ {
      "id" : 35,
      "name" : "Comedy"
    }, {
      "id" : 18,
      "name" : "Drama"
    } ]
  }, {
    "id" : 351714,
    "title" : "Madhuchandralekha",
    "overview" : "Madhu aka Madhavan (Jayaram) is a successful playback singer. Chandramathi (Urvashi) is his illiterate, rustic, betel-chewing wife with a bad habit of spitting in wrong places, and they have four children. It can be described as incompatible matrimony but still a happy one. Madhu loves his wife even though they are out of sync because she has brought him luck. Here enters Lekha (Mamta Mohandas), a sophisticated urban model-cum-singer, who finds a place in the hearts of all the family members. Chandramathi thinks Lekha will be the perfect wife for her husband and a good mother for her children.",
    "genres" : [ {
      "id" : 35,
      "name" : "Comedy"
    }, {
      "id" : 10751,
      "name" : "Family"
    } ]
  }, {
    "id" : 351719,
    "title" : "Fire Dragon",
    "overview" : "\"Cut-and-paste\" transformation of FANTASY MISSION FORCE (directed by Kevin Chu Yen-ping) with new footage directed by Chester Wong Chung-Gwong into a nearly different movie focused on John (Kwan Chung) and Sandy (Lu I-Chan) seeking revenge for men that killed her father and raped her.",
    "genres" : [ {
      "id" : 28,
      "name" : "Action"
    } ]
  }, {
    "id" : 351724,
    "title" : "Two Nil",
    "overview" : "Pavel Abrahám’s football documentary offers 22 different viewpoints of who is watching. At a match between Sparta and Slavia, the filmmakers used 22 cameras to film the spontaneous reactions of various visitors, fans, tourists, VIPs, intellectuals, and security guards over the course of the entire game. This experiment with the Czech Republic’s national sport shows football as a game around which the viewers create a whole range of other, highly diverse games.",
    "genres" : [ ]
  }, {
    "id" : 351729,
    "title" : "1-100",
    "overview" : "A short film by Peter Greenaway.",
    "genres" : [ ]
  }, {
    "id" : 351734,
    "title" : "Miss Ledya",
    "overview" : "Miss Ledyia, daughter of American millionaire Mr. Katson, vacationing in A Toxa (Galicia, Spain), will try to abort an Anarchist assassination plot against the King and Queen of Suavia.",
    "genres" : [ {
      "id" : 53,
      "name" : "Thriller"
    }, {
      "id" : 12,
      "name" : "Adventure"
    } ]
  }, {
    "id" : 351739,
    "title" : "Dwelling",
    "overview" : "A young couple deliberately moves into a haunted house to contact the other side. Until their conduit, a painted black mirror proves to contain a malevolent presence hell-bent on bringing harm to their new family.",
    "genres" : [ {
      "id" : 27,
      "name" : "Horror"
    } ]
  }, {
    "id" : 351744,
    "title" : "Camera Phone 2",
    "overview" : "There is a package with 4 phones, and each phone has a video on it. They will then learn curiosity did kill, when their lives become a part of the terror which is \"Camera Phone 2\".",
    "genres" : [ {
      "id" : 27,
      "name" : "Horror"
    } ]
  }, {
    "id" : 351749,
    "title" : "Kudumbapuranam",
    "overview" : "The film revolves around a middle class Malayalee family. Problems arise when the eldest son alienates his father and gets thrown out of home. The film portrays the other members struggling between the two.",
    "genres" : [ {
      "id" : 35,
      "name" : "Comedy"
    }, {
      "id" : 10751,
      "name" : "Family"
    } ]
  }, {
    "id" : 351759,
    "title" : "Kevin Steen: Descent into Madness",
    "overview" : "From the closing night of Steen &amp; Generico's ROH World Tag Title reign through the war at \"Final Battle 2010\" that brought this madman's time in ROH to a temporary end, this 2-DVD set is a chronicle of the matches &amp; the moments that saw Steen spiral out of control. From his tag team battles against The American Wolves &amp; The Young Bucks with El Generico to his Steve Corino-influenced violent turn, this compilation includes Steen's bouts against his former partner, bloody battles against Colt Cabana, his ROH World Championship battle against Tyler Black, and more!  From the violence of his matches to the often psychotic words spewing from his mouth, this is Kevin Steen's descent into madness...",
    "genres" : [ ]
  }, {
    "id" : 351769,
    "title" : "Djurgårdsnätter",
    "overview" : "The story revolves around a collective of variety artists. A stolen safety deposit box theft gets all in toruble.",
    "genres" : [ {
      "id" : 35,
      "name" : "Comedy"
    } ]
  }, {
    "id" : 351774,
    "title" : "Bombi Bitt och jag",
    "overview" : "A Swedish feature film based on a novel by Fritiof Nilsson Piraten.",
    "genres" : [ ]
  }, {
    "id" : 351779,
    "title" : "Bleka greven",
    "overview" : "A Swedish comedy from 1937. At castle Gyllenskiöld Holm a lawyer reads the deceased Count's will. Son Rouglas inherits the estate in front of Anne-Marie, Countess's daughter and the woman whom the testator had hoped to Rouglas would marry. But there is a supplement in the will to be read out after six months.",
    "genres" : [ ]
  }, {
    "id" : 351784,
    "title" : "Silver Raiders",
    "overview" : "Arizona Ranger Larry Grant is posing as an outlaw while hunting for an outlaw gang, secretly led by Lance Corbin, that is stealing silver in Mexico and smelting it into bars for sale in the United States.",
    "genres" : [ {
      "id" : 37,
      "name" : "Western"
    } ]
  }, {
    "id" : 351789,
    "title" : "Santa Teresa & Other Stories",
    "overview" : "In the fictional city of Santa Teresa, located on the border between Mexico and USA, the researcher Juan de Dios Martínez straddles the line between journalism and detective work. Based on an unfinished book by Roberto Bolaño, his character investigates a handful of crimes and abuses perpetrated on women and workers of the zone.",
    "genres" : [ {
      "id" : 99,
      "name" : "Documentary"
    } ]
  }, {
    "id" : 351794,
    "title" : "Transformation by Holding Time",
    "overview" : "First of three versions of Transformation by Holding Time, films with the duration of one film reel in which the screen is gradually filled with Polaroids, made in one shot from one angle, without editing. In this version, the film camera registers the filmmaker who is on a moor taking Polaroid pictures of the film camera.",
    "genres" : [ ]
  }, {
    "id" : 351799,
    "title" : "Filemon Mamon",
    "overview" : "Filemon Mamon is a high school student who desires two things, to win the heart of the girl he loves and to be the lead in a musical play about his Philippine hero Andres Bonifacio. But, he has a big problem -- his weight. His out of work father and his OFW mother leave him to adhere to the guidance of his grandmother who loves to cook and who loves to remind him that \"to be fat is to be healthy, and to be healthy is to be fat\".  Is stardom only for the skinny? Through song and dance, Filemon discovers himself by overcoming the realities of life. He may not look the part, but Filemon learns about heroism in the most unexpected way. He becomes the hero not only to his family and friends, but also to himself.",
    "genres" : [ {
      "id" : 35,
      "name" : "Comedy"
    } ]
  }, {
    "id" : 351804,
    "title" : "This Is a Recorded Message",
    "overview" : "This experimental animated short takes a critical look at consumerism in a material world. Thousands of cut-out ads are presented in increasingly fragmented, rapid succession. The film's disorienting and hectic pace seeks to interrogate the extent to which seductive advertising is a shockingly strong force in shaping our desires, needs, and lives in contemporary capitalism.",
    "genres" : [ {
      "id" : 18,
      "name" : "Drama"
    }, {
      "id" : 16,
      "name" : "Animation"
    } ]
  }, {
    "id" : 351809,
    "title" : "To Steal from a Thief",
    "overview" : "On a rainy morning six armed men in disguise rob a bank in Valencia .But what seemed like an easy heist quickly goes wrong with nothing unfolding as planned, and mistrust quickly builds between the two leaders of the gang.",
    "genres" : [ {
      "id" : 80,
      "name" : "Crime"
    }, {
      "id" : 53,
      "name" : "Thriller"
    } ]
  }, {
    "id" : 351814,
    "title" : "Morning Musume '14 Fall Concert Tour GIVE ME MORE LOVE ~Michishige Sayumi Graduation Commemoration Special~",
    "overview" : "Live features \"Morning Musume.'14 Concert Tour 2014 Aki Give Me More Love - Michishige Sayumi Sotsugyo Kinen Special -\" held at Yokohama Arena on November 26, 2014. The leader of Morning Musume/ '14, Sayumi Michishige graduated from the group on this day. Also includes her graduation ceremony.",
    "genres" : [ ]
  }, {
    "id" : 351819,
    "title" : "Fifty Shades of Black",
    "overview" : "An inexperienced college student meets a wealthy businessman whose sexual practices put a strain on their relationship.",
    "genres" : [ {
      "id" : 10749,
      "name" : "Romance"
    }, {
      "id" : 35,
      "name" : "Comedy"
    } ]
  }, {
    "id" : 351824,
    "title" : "They Also Serve",
    "overview" : "Short World War II documentary showing how the everyday work of British housewives aided the war effort.",
    "genres" : [ {
      "id" : 99,
      "name" : "Documentary"
    } ]
  }, {
    "id" : 351829,
    "title" : "Una chica y un señor",
    "overview" : "",
    "genres" : [ {
      "id" : 10749,
      "name" : "Romance"
    }, {
      "id" : 35,
      "name" : "Comedy"
    } ]
  }, {
    "id" : 351834,
    "title" : "La culpa del otro",
    "overview" : "",
    "genres" : [ {
      "id" : 18,
      "name" : "Drama"
    } ]
  }, {
    "id" : 351839,
    "title" : "Diary of Beloved Wife White Room",
    "overview" : "Sachiko and Yoshida are newlyweds, and have just moved into a newly-constructed apartment with completely white rooms. It’s reasonable to expect that they would be enjoying their newlywed life, but Sachiko is refusing to go along with Yoshida’s sexual demands. One day, Yoshida’s junior colleague, Kato, shows him a video. Its title is White Room: Evening Classroom Inspection, and in it a girl is shown holding a photograph of her mother against her thigh while engaged in fondling. But the astounding thing is that it is a room in their newly-constructed apartment! Yoshida stealthily takes the video home, but Sachiko sees what it contains.",
    "genres" : [ ]
  }, {
    "id" : 351844,
    "title" : "Max Salva o Mundo",
    "overview" : "",
    "genres" : [ ]
  }, {
    "id" : 351849,
    "title" : "Nightfall",
    "overview" : "There's a moment, just one, where all the circumstances are given, and it is time to face the first step...",
    "genres" : [ {
      "id" : 18,
      "name" : "Drama"
    } ]
  }, {
    "id" : 351854,
    "title" : "Lonny, der Aufsteiger",
    "overview" : "",
    "genres" : [ {
      "id" : 35,
      "name" : "Comedy"
    } ]
  }, {
    "id" : 351859,
    "title" : "Peter will an die Landi",
    "overview" : "“Peter will an die Landi” (1940) humorously broaches the issue of failing: Without success Peter is trying to reach an exhibition in Zurich by different means of transportation. Just before reaching the goal, the general mobilisation at the breakout of World War II is frustrating his plans.",
    "genres" : [ ]
  }, {
    "id" : 351864,
    "title" : "Gypsy Blood",
    "overview" : "Gypsy Blood examines the culture that Gypsy and Traveller fathers hand on to their children, which many non-gypsy view as overly violent, exploring its impact on two fathers and their young sons.",
    "genres" : [ ]
  }, {
    "id" : 351869,
    "title" : "Factory Complex",
    "overview" : "The drastic economic development in South Korea once surprised the rest of the world. However, behind of it was an oppression the marginalized female laborers had to endure. The film invites us to the lives of the working class women engaged in the textile industry of the 1960s, all the way through the stories of flight attendants, cashiers, and non-regular workers of today. As we encounter the vista of female factory workers in Cambodia that poignantly resembles the labor history of Korea, the form of labor changes its appearance but the essence of the bread-and-butter question remains still.",
    "genres" : [ {
      "id" : 99,
      "name" : "Documentary"
    } ]
  }, {
    "id" : 351874,
    "title" : "Tomorrow Is Theirs",
    "overview" : "Tomorrow is Theirs examines provisions for secondary school education during the war, arguing for the importance of maintaining excellent, thorough schooling in spite of wartime obstacles.",
    "genres" : [ {
      "id" : 99,
      "name" : "Documentary"
    } ]
  }, {
    "id" : 351879,
    "title" : "Stranger",
    "overview" : "Adapted freely from the classic novella 'The Mysterious Stranger' by Mark Twain; STRANGER revives a subculture of cinema dug up from way back in the late 1960's and early 1970's when visions of the counterculture broke out onto the big screen. Classic examples merged the Western genre with 'hippy' ideals and political satire peppered with surrealism, psychedelia and absurdity. This resulted in some of the most memorable exercises of transgressive cinema; marrying trash and high art with a Western setting. Prime examples include the notorious \"El Topo\" by Alejandro Jodorowsky and \"Greaser's Palace\" by Robert Downey. STRANGER will assault the senses, inheriting the guerilla, no-holds-barred spirit of the underground classics before it.",
    "genres" : [ {
      "id" : 37,
      "name" : "Western"
    } ]
  }, {
    "id" : 351884,
    "title" : "Crossing the Playground",
    "overview" : "New in High school. The cell phone at reach. Love lays in bed. Looking for the right words. Scars on the skin. To fight for your own place, you have to cross the playground.",
    "genres" : [ {
      "id" : 18,
      "name" : "Drama"
    } ]
  }, {
    "id" : 351889,
    "title" : "Madaling Araw Mahabang Gabi",
    "overview" : "The film is about the entangled stories of a group of young people who happen to be in a bar in Puerto Princessa, Palawan on the eve of All Souls' Day. As midnight approaches, we become complicit as each of them takes the challenge of the Pangangaluluwa, a seemingly innocent Palawan tradition of honoring the dead by stealing something from the living. A young guitarist battles with crabs; an Indian guy gets caught in a crossfire; a hot cougar meets her match; Cosplayers battle for road supremacy; a religious woman finds true faith in a strange kiss; and a bartender prepares a drink that results in the most bitter of brews. The movie holds up a mirror to this dark night and bear witness to the inevitable consequences that mark the choices of the young",
    "genres" : [ {
      "id" : 35,
      "name" : "Comedy"
    } ]
  }, {
    "id" : 351894,
    "title" : "We're the Weakerthans, We're from Winnipeg",
    "overview" : "Canadian feature-film documentary, released in theatres in Canada in 2010, featuring Canadian indie-rock band, The Weakerthans, as they tour the country, coast to coast, to support their 2007 album, Reunion Tour.",
    "genres" : [ ]
  }, {
    "id" : 351899,
    "title" : "Le Tour De France The Official History 2007-2010",
    "overview" : "In 2007 Alberto Contador recorded his first Tour victory in a year when drug scandals were rife. 2008 was all about Mark Cavendish, who emerged as one of the new stars of the Tour after recording four stage wins, while 2009 was a good year for another British rider, Bradley Wiggins, who finished 4th in the General Classification. Cavendish enhanced his reputation as a world-class sprinter as he recorded six stage wins, before sealing his status as one of the great sprinters in world cycling in the 2010 Tour by winning a further five stages.",
    "genres" : [ {
      "id" : 99,
      "name" : "Documentary"
    } ]
  }, {
    "id" : 351909,
    "title" : "Fu Tou Bang Quan Qi",
    "overview" : "The movie follows the birth of the legendary Shanghai Axe Gang and the alliance between the founder of the gang, Wang Ya Qiao (Dun Xin Jie), and Italian Intelligence Agency's undercover agent, Marcus Milani (Christian Bachini).",
    "genres" : [ {
      "id" : 53,
      "name" : "Thriller"
    }, {
      "id" : 28,
      "name" : "Action"
    }, {
      "id" : 12,
      "name" : "Adventure"
    }, {
      "id" : 36,
      "name" : "History"
    } ]
  }, {
    "id" : 351914,
    "title" : "Sprinter - Haltlos in die Nacht",
    "overview" : "",
    "genres" : [ {
      "id" : 18,
      "name" : "Drama"
    } ]
  }, {
    "id" : 351919,
    "title" : "Juste pour rire 2015 - Évènement JMP",
    "overview" : "",
    "genres" : [ ]
  }, {
    "id" : 351924,
    "title" : "Juste pour rire 2015 - L'orgueil",
    "overview" : "",
    "genres" : [ ]
  }, {
    "id" : 351929,
    "title" : "Juste pour rire 2015 - Hommage à François Pérusse",
    "overview" : "",
    "genres" : [ ]
  }, {
    "id" : 351934,
    "title" : "Mélanges",
    "overview" : "A quick look to the creative mind of an artist...",
    "genres" : [ {
      "id" : 53,
      "name" : "Thriller"
    }, {
      "id" : 18,
      "name" : "Drama"
    } ]
  }, {
    "id" : 351949,
    "title" : "13. Miguel Poveda",
    "overview" : "",
    "genres" : [ ]
  }, {
    "id" : 351954,
    "title" : "Wall Lover",
    "overview" : "Maiko is a housewife who does not satisfied with the sex life with her old husband, Shusaku. One day Maiko’s student Kaito and his wife, Ayano, move to her neighbor. While Maiko teaches her new neighbor Kaito cooking, they both discover their mates unsatisfactory. Kaito’s wife Ayana wants to know some wise old man through mating website. She found Mr Dolittle and set up to meet him. When she saw her neighbor Shusaku at the meeting site, she left. She contacted Mr Dolittle that night and set up to meet him again.",
    "genres" : [ {
      "id" : 18,
      "name" : "Drama"
    } ]
  }, {
    "id" : 351964,
    "title" : "The Escort",
    "overview" : "Desperate for a good story, a sex-addicted journalist throws himself into the world of high-class escorts when he starts following a Stanford-educated prostitute.",
    "genres" : [ {
      "id" : 18,
      "name" : "Drama"
    }, {
      "id" : 35,
      "name" : "Comedy"
    }, {
      "id" : 10749,
      "name" : "Romance"
    } ]
  }, {
    "id" : 351969,
    "title" : "Buda, Freud e Tau: Medicina no Oriente e no Ocidente",
    "overview" : "",
    "genres" : [ ]
  }, {
    "id" : 351974,
    "title" : "Mulligan",
    "overview" : "John Hanson has been toiling away on his epic graphic novel for 17 years. Over 1,000 pages long, no one will read it, let alone publish it. He is unexpectedly visited by his former best friend, Karl, who stole his girlfriend years before. Karl has stumbled onto a little secret: years ago, John’s late father was involved in a scheme that involved a golf course and $500,000 in stolen cash from the Teamsters. Karl thinks that money is hidden in John’s cabin on Lake Geneva. John reluctantly agrees to team up with Karl as they head north to recover the stolen money. The local femme fatales and a trigger-happy cop may get in their way, but the real question is whether this friendship is worth a do-over.",
    "genres" : [ {
      "id" : 35,
      "name" : "Comedy"
    } ]
  }, {
    "id" : 351979,
    "title" : "Die Frau mit einem Schuh",
    "overview" : "",
    "genres" : [ ]
  }, {
    "id" : 351984,
    "title" : "All Flesh is as Grass",
    "overview" : "Roland Mathis dies after falling down the stairs. He was an unsavoury private eye who had been blackmailing Anton Galba and his secret lover about their affair. Galba, who is the director of the local sewage treatment plant in Dornbirn, panics and gets rid of the body by putting it in the grinder. Nathan Weiss, the police officer investigating the case immediately suspects Galba. However, he can also think of a nasty character he would like to get rid of. Galba has no choice but to help him, but for Weiss this is just the beginning: It’s time to eradicate the scum from society.",
    "genres" : [ {
      "id" : 80,
      "name" : "Crime"
    } ]
  }, {
    "id" : 351994,
    "title" : "PWG Tango & Cash Invitational - Night Two",
    "overview" : "World Tag Team Title Tournament Second Round Matches &amp; Semi Finals  Pro Wrestling Guerrilla World Championship Title 4-Way Elimination Match  7. \"The Future\" Frankie Kazarian (c) vs. Babi Slymm vs. MDogg 20 vs. Jonny Storm  World Tag Team Title Tournament Final Round Match",
    "genres" : [ ]
  }, {
    "id" : 351999,
    "title" : "Barrura begiratzeko leihoak",
    "overview" : "",
    "genres" : [ ]
  } ]
}