{
  "movies" : [ {
    "id" : 219164,
    "title" : "Hofi tükre No.7",
    "overview" : "",
    "genres" : [ ]
  }, {
    "id" : 219174,
    "title" : "Rainbow Drive",
    "overview" : "A Hollywood multiple murder is investigated by a homicide cop, despite high-placed efforts to cover up the crime.",
    "genres" : [ {
      "id" : 53,
      "name" : "Thriller"
    }, {
      "id" : 80,
      "name" : "Crime"
    } ]
  }, {
    "id" : 219189,
    "title" : "Devils Bride",
    "overview" : "A story of an impish devil who used to be an angel but got tired of singing Hosannah and so was condemned to live on earth. From his home in a windmill, he pursues love and happiness in a hilarious and sometimes tragic turmoil that affects the whole countryside.",
    "genres" : [ {
      "id" : 18,
      "name" : "Drama"
    }, {
      "id" : 14,
      "name" : "Fantasy"
    }, {
      "id" : 10402,
      "name" : "Music"
    } ]
  }, {
    "id" : 219194,
    "title" : "The Last of the Mohicans",
    "overview" : "Produced by Burbank Films Australia.",
    "genres" : [ ]
  }, {
    "id" : 219204,
    "title" : "Ring of Honor Bryan Danielson Rise To Glory",
    "overview" : "Bryan Danielson has been a part of Ring of Honor since day one and in that time has evolved into the wrestler many call \"The Best In The World\". With devastating strikes, unmatched technical precision, and an unparalleled intensity, \"The American Dragon\" reigned as ROH World Champion for fifteen months and set a record for successful title defenses. Danielson has been a part of many of the greatest matches in ROH history and this DVD is a showcase of just some of those epic confrontations...  1. Bryan Danielson vs. Spanky...Best of the American Super Juniors\r 2. Bryan Danielson vs. James Gibson...(ROH World Title Match) Glory By Honor IV\r 3. Bryan Danielson vs. Nigel McGuinness...(ROH World Title vs. Pure Title Unification Match) Unified\r 4. Bryan Danielson vs. KENTA...(ROH World Title Match) Glory By Honor V Night 2\r 5. Bryan Danielson vs. Takeshi Morishima...(ROH World Title Match) Manhattan Mayhem II\r 6. Bryan Danielson vs. Tyler Black...Breakout",
    "genres" : [ {
      "id" : 99,
      "name" : "Documentary"
    } ]
  }, {
    "id" : 219209,
    "title" : "The Two Faces of War",
    "overview" : "A documentary shot in Guinea-Bissau, Cape Verde and Portugal that includes a series of interviews and testimonies of people who lived through the period of the anti-colonial war and liberation in Guinea-Bissau. This documentary, directed by Diana Andringa and Flora Gomes, sets the tone for a debate around the themes of reconciliation and historical memory in the post-conflict period of the Portuguese colonial war.",
    "genres" : [ {
      "id" : 99,
      "name" : "Documentary"
    } ]
  }, {
    "id" : 219219,
    "title" : "The Loch Ness Monster: Proof at Last!",
    "overview" : "Documentary film that purports to prove the existence of the Loch Ness monster. The film includes interviews with eye witnesses and \"authentic\" footage of the monster taken by producer Malcolm Irvine.",
    "genres" : [ ]
  }, {
    "id" : 219244,
    "title" : "Wedding Ring",
    "overview" : "A jewelry store president begins to fall for the doctor treating her husband's illness.",
    "genres" : [ ]
  }, {
    "id" : 219249,
    "title" : "The Little Dragons",
    "overview" : "Karate experts attempt to rescue a girl who was kidnapped by a mother and her two psycho sons.",
    "genres" : [ {
      "id" : 28,
      "name" : "Action"
    }, {
      "id" : 35,
      "name" : "Comedy"
    }, {
      "id" : 10751,
      "name" : "Family"
    } ]
  }, {
    "id" : 219254,
    "title" : "The Young Rebels",
    "overview" : "A newpaper reporter investigates the lives of juvenile delinquents.",
    "genres" : [ ]
  }, {
    "id" : 219259,
    "title" : "Who is Landyn Banx?",
    "overview" : "Landyn Banx auditions for the role of his lifetime only to find out that there are imposter's who are also auditioning for this role. Will the real Landyn Banx stand up?",
    "genres" : [ ]
  }, {
    "id" : 219309,
    "title" : "Kung Fu Master",
    "overview" : "TBC - Movie about a Kung Fu Master",
    "genres" : [ ]
  }, {
    "id" : 219314,
    "title" : "Under the Sheets",
    "overview" : "Three medical students who are reluctant to hit the books and unwilling to work are much more enthusiastic about creating pranks and targeting a thriving confidential, female doctor.",
    "genres" : [ {
      "id" : 35,
      "name" : "Comedy"
    } ]
  }, {
    "id" : 219324,
    "title" : "Belles de rêve",
    "overview" : "",
    "genres" : [ ]
  }, {
    "id" : 219329,
    "title" : "Zulu Comedy Galla 2013",
    "overview" : "",
    "genres" : [ ]
  }, {
    "id" : 219359,
    "title" : "Warbirds",
    "overview" : "A covert military airstrike against rebels in the tiny Mideastern nation of El Alahaim goes wrong, leaving one pilot dead and another in enemy hands. A second, more dangerous mission is planned to rescue the captive pilot.",
    "genres" : [ ]
  }, {
    "id" : 219374,
    "title" : "Ákos: Arénakoncert 2011",
    "overview" : "",
    "genres" : [ ]
  }, {
    "id" : 219379,
    "title" : "See the Man Run",
    "overview" : "Kidnappers making a ransom demand dial a wrong number &amp; reach a struggling actor instead. He decides to cut himself in for some of the money.",
    "genres" : [ {
      "id" : 10770,
      "name" : "TV Movie"
    }, {
      "id" : 53,
      "name" : "Thriller"
    } ]
  }, {
    "id" : 219384,
    "title" : "The Old Man Who Cried Wolf",
    "overview" : "Emile Pulska is visiting his old friend Abe Stillman. During the visit they are attacked and Emile is struck senseless. When he wakes up he is told that Abe is dead, dead by natural causes, the doctors tell him. When Emile insists that they were attacked, his relatives try to give him psychiatric help. Emile decides to try to find the killers himself, but someone is watching his every step...",
    "genres" : [ {
      "id" : 18,
      "name" : "Drama"
    } ]
  }, {
    "id" : 219389,
    "title" : "The Missing Are Deadly",
    "overview" : "An emotionally disturbed teenager whose father is a research scientist takes a rat from his father's laboratory that is infected with an incurable virus that can kill 100 million people in three weeks.",
    "genres" : [ {
      "id" : 53,
      "name" : "Thriller"
    } ]
  }, {
    "id" : 219399,
    "title" : "Caged in Paradiso",
    "overview" : "A group of women falsely imprisoned in an island fortress plan to escape.",
    "genres" : [ ]
  }, {
    "id" : 219419,
    "title" : "Smoking Guns",
    "overview" : "Accused of a murder he did not commit, Ken leaves the country. Three years later Evans finds him in the jungle. When Evans dies, Ken seeing the resemblance, assumes his identity and returns to clear his name.",
    "genres" : [ {
      "id" : 37,
      "name" : "Western"
    } ]
  }, {
    "id" : 219424,
    "title" : "The Affairs of Martha",
    "overview" : "Members of a well-to-do small community become worried when it is revealed that one of their maids is writing a telling exposé.",
    "genres" : [ {
      "id" : 10749,
      "name" : "Romance"
    }, {
      "id" : 35,
      "name" : "Comedy"
    } ]
  }, {
    "id" : 219434,
    "title" : "Burger Boy's",
    "overview" : "A terribly cool, hip youth film that throws awareness to the winds of MTV rock and roll, and post Generation- X teenage wasteland fantasies.",
    "genres" : [ {
      "id" : 35,
      "name" : "Comedy"
    }, {
      "id" : 80,
      "name" : "Crime"
    }, {
      "id" : 14,
      "name" : "Fantasy"
    } ]
  }, {
    "id" : 219444,
    "title" : "Woman of the Wind",
    "overview" : "Says Sister Angela, the woman of the wind: \"I’m not just having sex, Father. Yes, there is lust. I'm not a hypocrite. But my main discourse is the purpose of this body. To be very blunt, Father, we only live once. I want to understand and feel the use of my breasts, my vagina, my mouth, and all parts of my body. In my view, I can only move to the next level, on the so-called spirituality, once I've addressed the issues of my physical being. In my view, there is a need to destroy that physical being, our animalistic nature, before we can achieve true spirituality. Let’s crush the animal in the man, Father. That’s fundamental to me.\"",
    "genres" : [ ]
  }, {
    "id" : 219454,
    "title" : "The Hat",
    "overview" : "Film about a hat which changes its owners, until it ends up in the possession of a beggar who collects charity with it.",
    "genres" : [ {
      "id" : 35,
      "name" : "Comedy"
    } ]
  }, {
    "id" : 219459,
    "title" : "Night 'n' Gales",
    "overview" : "Because of a storm, the Gang has to stay overnight at Darla's house, and they drive her father crazy.",
    "genres" : [ ]
  }, {
    "id" : 219464,
    "title" : "What Ho, She Bumps",
    "overview" : "The H.M.S. Hopeless engages in a pirate ship battle and becomes the H.M.S. Hopeful.",
    "genres" : [ ]
  }, {
    "id" : 219469,
    "title" : "The Billy Goat's Whiskers",
    "overview" : "A goat annoys Farmer Al Falfa and Puddy the Pup. He's always butting in. They fix the billy goat by putting roller skates on him.",
    "genres" : [ ]
  }, {
    "id" : 219474,
    "title" : "Circus Daze",
    "overview" : "Bosko and Honey, at the circus.",
    "genres" : [ ]
  }, {
    "id" : 219479,
    "title" : "Twilight on the Trail",
    "overview" : "The Westerners sing the title song with Bouncing Ball. In animated sequences, a singing cowboy tells tall tales about his exploits.",
    "genres" : [ ]
  }, {
    "id" : 219484,
    "title" : "Goya: Or the Hard Way to Enlightenment",
    "overview" : "As a painter in the court of King Carlos IV, Goya has attained wealth and reputation. He believes in King and Church, yet he is also a Spaniard who dearly loves his people. This contradiction presents him with a dilemma.",
    "genres" : [ {
      "id" : 18,
      "name" : "Drama"
    }, {
      "id" : 36,
      "name" : "History"
    } ]
  }, {
    "id" : 219489,
    "title" : "Lovesick",
    "overview" : "Oswald's dog Dixie Mutt flirts with snooty Fifi Poodle, but he's ignored. He offers a bone, but gets the brush-off with hilarious consequences.",
    "genres" : [ ]
  }, {
    "id" : 219494,
    "title" : "Picador Porky",
    "overview" : "Porky and two pals stumble onto a Mexican town on the day of the town's annual bullfight. When they learn the contest winner gets $1,000...",
    "genres" : [ {
      "id" : 16,
      "name" : "Animation"
    } ]
  }, {
    "id" : 219499,
    "title" : "Rolli and the Golden Key",
    "overview" : "A flock of storks fly in the misty sky, all carrying white bundles. One of the bundles falls and a little girl called Juniper ends up in a strange world. This is the beginning of a wonderful, magical adventure as the girl tries to find out who she really is and where she came from. She finally meets an old troll called Rolli who tells the girl his own, eventful story. The girl and the troll become friends and together they encounter a dangerous threat against the fairytale woods. This is a universal tale of bravery and friendship that takes its audience through exciting plot twists, circus spotlights and the splendor of the fantastic forest.",
    "genres" : [ {
      "id" : 12,
      "name" : "Adventure"
    }, {
      "id" : 10402,
      "name" : "Music"
    } ]
  }, {
    "id" : 219519,
    "title" : "House Cleaning Blues",
    "overview" : "Housecleaning blues are just what Betty Boop has the morning after a wild party. Grampy to the rescue!",
    "genres" : [ ]
  }, {
    "id" : 219524,
    "title" : "Swing Wedding",
    "overview" : "This film is very reminiscent of \"Cabin In The Sky\", in that you have a very sexy Ethel Waters about to be married to Stepin Fetchit. Fetchit's friends Louis Armstrong and Fats Waller are trying to get him to the church on time, but Stephin isn't in any hurry to get hitched.",
    "genres" : [ ]
  }, {
    "id" : 219529,
    "title" : "Porky's Badtime Story",
    "overview" : "After Porky and Gabby oversleep yet again, their boss warns them that they'll be fired if they're late again...",
    "genres" : [ ]
  }, {
    "id" : 219534,
    "title" : "The Lyin' Mouse",
    "overview" : "A mouse is trying to free himself from a trap when a cat arrives. The mouse, desperate, asks if the cat has heard the story of the lion and the mouse.",
    "genres" : [ ]
  }, {
    "id" : 219539,
    "title" : "He Was Her Man",
    "overview" : "A Depression-era female mouse has to sell apples in the miserable cold, and then bring them home to her abusive husband. But when he abandons her and takes up with another woman, she does what any woman has the right to do.",
    "genres" : [ {
      "id" : 16,
      "name" : "Animation"
    } ]
  }, {
    "id" : 219544,
    "title" : "The Football Toucher Downer",
    "overview" : "Swee-Pea is reluctant to eat his spinach, so Popeye tells him about the football game when he was young (against Bluto, with Olive cheering and Wimpy keeping score) and also reluctant to eat his spinach.",
    "genres" : [ ]
  }, {
    "id" : 219549,
    "title" : "Sweet Sioux",
    "overview" : "Little Indians!",
    "genres" : [ ]
  }, {
    "id" : 219554,
    "title" : "Porky's Railroad",
    "overview" : "Porky is the engineer on the most pathetic train in the fleet. After some routine episodes (using pepper to get the engine to sneeze itself up a hill, chasing a cow off the tracks, only to discover too late that it's been replaced by a very angry bull), Porky gets word that he's going to be replaced by the new streamlined Silver Fish. He insults it under his breath, but the Silver Fish engineer hears and challenges him to a race. The angry bull catapults Porky to victory.",
    "genres" : [ {
      "id" : 16,
      "name" : "Animation"
    }, {
      "id" : 35,
      "name" : "Comedy"
    } ]
  }, {
    "id" : 219564,
    "title" : "Guided Mouse-Ille",
    "overview" : "2565 AD. Tom and Jerry are once again manipulating robot versions of themselves in space. Tom experiments with invisibility, a giant electromagnet, and explosives, with results from bad to disastrous.",
    "genres" : [ ]
  }, {
    "id" : 219569,
    "title" : "Cat and Dupli-cat",
    "overview" : "Tom is on the canals of Venice, singing opera. He ends up on a cruise ship, where another cat tricks him out of Jerry (who Tom has just caught), then mirrors his every move. Eventually the cats start chasing each other.",
    "genres" : [ ]
  }, {
    "id" : 219579,
    "title" : "Surf-Bored Cat",
    "overview" : "Tom and Jerry are taking a cruise when Tom decides to go surfing. He has problems with a shark and a rather tenacious starfish.",
    "genres" : [ {
      "id" : 16,
      "name" : "Animation"
    }, {
      "id" : 35,
      "name" : "Comedy"
    } ]
  }, {
    "id" : 219584,
    "title" : "Horse Play",
    "overview" : "Horse Play is the 158th animated cartoon short subject in the Woody Woodpecker series.\r Woody has a run-in with an Indian who has a bad taste for Woody's horse.",
    "genres" : [ {
      "id" : 16,
      "name" : "Animation"
    } ]
  }, {
    "id" : 219589,
    "title" : "St. Louis Woman",
    "overview" : "Johnny Mack Brown stars as medical student and football star who was expelled after a night club brawl over a woman. He meets her again only to find out she owns the club and is involved with a gambler...",
    "genres" : [ ]
  }, {
    "id" : 219594,
    "title" : "The Little Shepherd Boy from the Valley",
    "overview" : "In 1947 by the Beskid mountains, the traces of war still linger, destroyed tanks dispersed throughout the farmland creating an eerie backdrop. This film follows a ten-year-old boy and the strange visions he encounters, his world of fantasy exacerbated with ample time, space, and a lack of companionship or guidance. We see the adults that influence and dominate his life, for better or for worse. Surreal and packed with an excellent study of human emotions and motivations compounded by their rural, isolated vacuum of a town, this is a timeless and severely underrated film from a brilliant Czech director.",
    "genres" : [ ]
  }, {
    "id" : 219599,
    "title" : "Argus im Madchenpensionat",
    "overview" : "",
    "genres" : [ ]
  }, {
    "id" : 219614,
    "title" : "Game of Life",
    "overview" : "In Game of LIfe, a children's soccer team is the common link for a multi-layered story giving a candid look into the intersecting lives of five families living in Los Angeles. Game of LIfe examines the complexities of racial and class divisions, and reveals that despite the fragile volatility of human relationships, family is what holds us together and unites us all.",
    "genres" : [ {
      "id" : 18,
      "name" : "Drama"
    } ]
  }, {
    "id" : 219619,
    "title" : "Strange Attractor",
    "overview" : "A strange attractor is created when lovers synchronize their minds, bodies, and computers using botanical substances. An enchanted and skewed digital dream world, Strange Attractor inverts the Adam and Eve story and re-visions the Persian/Arabian tale of Layla and Majnun. Sufi love madness meets media prophecy.",
    "genres" : [ {
      "id" : 16,
      "name" : "Animation"
    }, {
      "id" : 18,
      "name" : "Drama"
    }, {
      "id" : 878,
      "name" : "Science Fiction"
    } ]
  }, {
    "id" : 219624,
    "title" : "Female Prisoner No. 701: Sasori",
    "overview" : "Nami Matsushima, prisoner #701 is sent to a Woman's Prison for attempted murder. Nami is brought into Number 2 community cell, where suicides and unnatural deaths occurred one after another. In the punishment cell, Nami begins to look back in her past. Nami had a lover named Sugimi, who was a successful company owner in the IT business world. After dealing with her horrible experiences, Nami seeks to escape from prison. Who will survive?",
    "genres" : [ {
      "id" : 80,
      "name" : "Crime"
    }, {
      "id" : 18,
      "name" : "Drama"
    }, {
      "id" : 53,
      "name" : "Thriller"
    }, {
      "id" : 10769,
      "name" : "Foreign"
    } ]
  }, {
    "id" : 219639,
    "title" : "Project Alien",
    "overview" : "In Norway a military plane crashes under mysterious circumstances: in his last message the pilot reported many lights falling from the sky. NATO wants to play down the incident, but the famous TV moderator George Abbot and the no less persistent journalist Milker sense a sensational story about UFOs and start snooping around in the area with help of pilot \"Bird\" McNamara. Inspired by the suspiciously rigorous isolation of the whole area around the crash point and cases of an unknown disease they have a closer look at the military's activities...",
    "genres" : [ {
      "id" : 878,
      "name" : "Science Fiction"
    }, {
      "id" : 28,
      "name" : "Action"
    } ]
  }, {
    "id" : 219664,
    "title" : "In Deep: Miles to Go",
    "overview" : "A little white lie can often get you into a lot of trouble, but for hot and versatile Kevin Miles, it works to his advantage!",
    "genres" : [ ]
  }, {
    "id" : 219674,
    "title" : "Euro Trapped",
    "overview" : "AmeriQua is the story of a lazy recent graduate, Charlie (Bobby Kennedy), whose rich parents cut him off with a $5000 check and an ultimatum to start a life of independence and responsibility. Instead, he buys a plane ticket to Italy, gets robbed upon arrival and winds up in Bologna in the care of his new friend Lele (Lele Gabellone), the self-proclaimed King of Bologna, who lives with a scraggly punkabbestia, Ballo (Gianlucca Bazzoli), and the insatiable prostitute frequenter, Il Pisa (Giuseppe Sanfelice). In Bologna, Lele teaches Chrlie the subtle strategies that the King knows so well, namely hitting on Italian women, throwing all-night parties and inciting general anarchy. Charlie takes to it like a pro and in the process meets the dangerously beautiful Valentina (Alessandra Mastronardi) and all-American Jessica (Eva Amurri).",
    "genres" : [ {
      "id" : 35,
      "name" : "Comedy"
    } ]
  }, {
    "id" : 219684,
    "title" : "Creedence Clearwater Revival - The Traveling Band",
    "overview" : "Very rare Pro-shot DVD of CCR The Traveling Band - great videocollection",
    "genres" : [ ]
  }, {
    "id" : 219689,
    "title" : "Dave Matthews Band - Rockpalast",
    "overview" : "Rockpalast (Rock Palace) is a German music television show that broadcasts live on German television station Westdeutscher Rundfunk (WDR).",
    "genres" : [ ]
  }, {
    "id" : 219694,
    "title" : "Dick Brave & The Backbeats - Live at the Limelight",
    "overview" : "Dick Brave is the alter ego of Sasha, a german Pop/Rock singer who wanted to change his style and now is part of the neo-rockabilly group Dick Brave &amp; the Backbeats. The project started as a joke but they had such a great success that their first album \"Dick This!\" raised to the top ten of the German charts. In 2006 Sasha started a comeback with less success and today he is back in the constellation Dick Brave &amp; the Backbeats.",
    "genres" : [ ]
  }, {
    "id" : 219699,
    "title" : "EELS: Live At La Route Du Rock",
    "overview" : "Eels is an American alternative rock band, formed in California in 1995 by singer/songwriter and multi-instrumentalist Mark Oliver Everett, better known as \"E\". Band members have changed across the years, both in the studio and on stage, making Everett the only official member for the most of the band's work. Often filled with family, death and lost love themes, Eels' music straddles a wide range of genres, which is evidenced with the peculiar musical style of every album.",
    "genres" : [ ]
  }, {
    "id" : 219714,
    "title" : "Und tschüss! Auf Mallorca",
    "overview" : "",
    "genres" : [ {
      "id" : 35,
      "name" : "Comedy"
    } ]
  }, {
    "id" : 219724,
    "title" : "Online",
    "overview" : "John w­ilde is a happi­ly married man ­who is about to­ face the bigge­st challenge of­ his life. Late­ one night, joh­n logs into a s­ocial networkin­g site and re-c­onnects with hi­s old high scho­ol flame, adria­nna. What begin­s as a harmless­ hello rapidly ­escalates into ­a rekindling of­ their past rom­ance. Torn betw­een the life he­ once envisione­d with adrianna­ and the life h­e's now buildin­g with his wife­, mary, john so­on discovers th­at there are se­rious consequen­ces to the deci­sions he has ma­de. Now john mu­st try to find ­his way back to­ god and get on­ a path to forg­iveness from ma­ry, god and him­self.",
    "genres" : [ {
      "id" : 18,
      "name" : "Drama"
    } ]
  }, {
    "id" : 219729,
    "title" : "One Direction: I Love One Direction",
    "overview" : "Documentary about the London-based pop quintet. Featuring footage and photographs taken by their fans, as well as input from their audience the world over who offer their opinions on the band and recount their experiences, the film explores the reasons behind One Direction's huge success. The program also includes interviews with the band members themselves.",
    "genres" : [ {
      "id" : 99,
      "name" : "Documentary"
    }, {
      "id" : 10402,
      "name" : "Music"
    } ]
  }, {
    "id" : 219734,
    "title" : "Taiketsu",
    "overview" : "In this war torn megalopolis a group of people struggles for survival. An artist tries to save her lover, a politician his integrity, a sportsman his dignity, a merchant his money and a cab driver his organs. But as all these people fight, love, trick and run for their lives in an epic conflict, they discover one sole truth: You are your own maker.",
    "genres" : [ {
      "id" : 878,
      "name" : "Science Fiction"
    }, {
      "id" : 28,
      "name" : "Action"
    } ]
  }, {
    "id" : 219739,
    "title" : "Unholy Love",
    "overview" : "An adaptation of Madame Bovary transported to Rye, New York in the 1930's. All characters have been renamed.",
    "genres" : [ {
      "id" : 18,
      "name" : "Drama"
    } ]
  }, {
    "id" : 219744,
    "title" : "The Obscured Histories and Silent Longings of Daguluan's Children",
    "overview" : "A portrait of a village in the southern Philippines which combines documentary footage with staged scenes. The film follows the villagers as they go about their lives, struggle with poverty, and try to maintain traditions while the country appears to be headed for war.",
    "genres" : [ ]
  }, {
    "id" : 219754,
    "title" : "Nothing So Strange",
    "overview" : "A documentary examining the December 2nd, 1999 assassination of Microsoft CEO Bill Gates in Los Angeles, and the group of key players seeking to unravel the mystery of his alleged assassin as well as the circumstances surrounding his death.",
    "genres" : [ ]
  }, {
    "id" : 219759,
    "title" : "Docks of San Francisco",
    "overview" : "Barbary Coast, San Francisco. The gangster moll Belle gets deeply entangled with gangsters led by her boyfriend Vance. The professional writer John Banning understands why Belle got involved with these criminals. Banning tries to help her get out of that seedy life. However, It is not easy. A lot of action and violence ensues before Belle eventually succeeds.",
    "genres" : [ ]
  }, {
    "id" : 219769,
    "title" : "Off the Range",
    "overview" : "A comedy about a group of children who are spending summer vacation alone in the nature.",
    "genres" : [ {
      "id" : 35,
      "name" : "Comedy"
    }, {
      "id" : 10751,
      "name" : "Family"
    }, {
      "id" : 12,
      "name" : "Adventure"
    } ]
  }, {
    "id" : 219779,
    "title" : "Дождик, дождик, пуще!",
    "overview" : "",
    "genres" : [ ]
  }, {
    "id" : 219784,
    "title" : "Волшебная лопата",
    "overview" : "",
    "genres" : [ ]
  }, {
    "id" : 219789,
    "title" : "Про кота, Васю и охотничью катавасию",
    "overview" : "",
    "genres" : [ ]
  }, {
    "id" : 219794,
    "title" : "Слоненок-турист",
    "overview" : "",
    "genres" : [ {
      "id" : 16,
      "name" : "Animation"
    } ]
  }, {
    "id" : 219814,
    "title" : "The Hot Nights of Linda",
    "overview" : "A young woman is hired to care for an elderly man who lives on an island off the Greek coast. When she arrives there the man warns her that his daughters are evil and dangerous. The woman discovers that one of the daughters is a crazed nymphomaniac who pursues, and seduces, everyone in the house, including her crippled sister.",
    "genres" : [ {
      "id" : 18,
      "name" : "Drama"
    } ]
  }, {
    "id" : 219819,
    "title" : "Palace of the Winds",
    "overview" : "Shot over the course of two years (2006-2008), Palace of the Winds is an intimate and dreamlike journey exploring the music of Saharawi culture from Guelmim in Southern Morocco to the Mauritanian capital of Nouakchott. With spectacular images from inhospitable landscapes, chimerical phenomena that transpire by the sheer remoteness of the land, and haunting indigenous music from a people that have long been shrouded in mystery, this is a genre-defying film of profound beauty. Explore the intoxicating tapestry of sight and sound that this obscure region has to offer through its most awe-inspiring musicians. Featuring live performances by Group Doueh, Group Marwani, Sadoum Oueld Aida and Group Bab Sahara.",
    "genres" : [ ]
  }, {
    "id" : 219829,
    "title" : "Pair of Aces",
    "overview" : "A Texas Ranger has to protect his two daughters as he investigates a serial killer who is attacking cheerleaders. Meanwhile he finds himself working with a safe cracker who claims to be innocent of the charges filed against him.",
    "genres" : [ ]
  }, {
    "id" : 219834,
    "title" : "Laughing to the Bank",
    "overview" : "A down-on-his-luck actor is frustrated with Hollywood and makes a plan to write, direct, and distribute his own project. When the money goes missing, it proves to just be the beginning of an adventure to get it back.",
    "genres" : [ {
      "id" : 35,
      "name" : "Comedy"
    } ]
  }, {
    "id" : 219839,
    "title" : "Nightmare at Bittercreek",
    "overview" : "In a deadly battle for survival, four women are hunted by a ruthless group of killers they accidentally stumble upon while camping.",
    "genres" : [ ]
  }, {
    "id" : 219849,
    "title" : "One-armed Swordswoman",
    "overview" : "",
    "genres" : [ ]
  }, {
    "id" : 219874,
    "title" : "2011 NBA  Champions: Dallas Mavericks",
    "overview" : "A 31-year quest for the Dallas Mavericks and their fans ended on a Sunday night in June in Miami as the team hoisted the Larry O Brien NBA Championship Trophy, defeating a Miami Heat team many thought were too talented to lose. Led by 2011 NBA Finals MVP Dirk Nowitzki, the Mavericks overcame the Heat to win the first title in franchise history. Relive every moment in this historic series, from an epic 15-point comeback on the road in Game 2, to the Jason Terry two huge three-pointers down the stretch of Game 5, to an emotional Nowitzki mad dash to the locker room after the buzzer sounded in Game 6 confirming the Mavericks Championship. Now you can relive this historic series with this definitive Collectors Set of 6 DVD. Own each game in its entirety, with over 10 hours of content, including exclusive bonus features!",
    "genres" : [ {
      "id" : 99,
      "name" : "Documentary"
    } ]
  }, {
    "id" : 219889,
    "title" : "We're on the Jury",
    "overview" : "A juror at a murder trial is convinced the defendant is innocent.",
    "genres" : [ {
      "id" : 35,
      "name" : "Comedy"
    }, {
      "id" : 80,
      "name" : "Crime"
    }, {
      "id" : 9648,
      "name" : "Mystery"
    } ]
  }, {
    "id" : 219894,
    "title" : "Rosamunde Pilcher - September",
    "overview" : "",
    "genres" : [ {
      "id" : 18,
      "name" : "Drama"
    } ]
  }, {
    "id" : 219899,
    "title" : "Todd Glass Talks About Stuff",
    "overview" : "In Todd Glass Talks About Stuff, Todd Glass talks about...stuff, covering infomercials, ranting about eating slowly, and bullying those who bullied him for being afraid of the dark. He opens up about his dyslexia, which caused him to say \"domestitated.\" Some of Todd's best stories include going to a restaurant with a health rating of \"D\" with \"elicious\" scrawled after it, wanting to suck the goodness out of his dog, and discovering the things that poor people and rich people do.",
    "genres" : [ {
      "id" : 35,
      "name" : "Comedy"
    } ]
  }, {
    "id" : 219919,
    "title" : "Brief Ecstasy",
    "overview" : "A remarkable story of love lost and found, as a young couple are separated by circumstance, and plunged into emotional turmoil by a reunion...",
    "genres" : [ {
      "id" : 10749,
      "name" : "Romance"
    }, {
      "id" : 18,
      "name" : "Drama"
    } ]
  }, {
    "id" : 219924,
    "title" : "Days of Hope",
    "overview" : "Malraux went to Spain in 1936 like thousand of others from all other the world, revolted by France and Great Britain's refusal to break the \"non-intervention\" pact and supply arms to the loyalists when both Hitler and Mussolini, in principle also bound by this pact, openly armed Franco's troops... Malraux began shooting his film in 1938 and finished it the following year when the loyalists' hope had definitely dwindled. Espoir is a requiem for republican Spain, a committed film without any references whatsoever to ideology.  --Le monde, 1970 (extract)",
    "genres" : [ {
      "id" : 10752,
      "name" : "War"
    }, {
      "id" : 18,
      "name" : "Drama"
    } ]
  }, {
    "id" : 219944,
    "title" : "Quebracho",
    "overview" : "",
    "genres" : [ {
      "id" : 18,
      "name" : "Drama"
    } ]
  }, {
    "id" : 219949,
    "title" : "Harley",
    "overview" : "Harley is a 'troubled teen' from L.A. who is arrested. A progressive social worker has Harley sent to Texas to live with the Nortons, an open-minded, heartful Christian family, and spend two months on their ranch. Surrounded by a town full of doddering hicks, Harley takes on ranch chores, learns to ride horses, and finds love in a local girl while the Nortons try to bring him into the fold. Eventually Harley chooses to release his pain in exchange for a return to faith, culminating in his calling for God's help to save the life of the burglar who framed him.",
    "genres" : [ ]
  }, {
    "id" : 219959,
    "title" : "Тридцать второе декабря",
    "overview" : "",
    "genres" : [ ]
  }, {
    "id" : 219964,
    "title" : "Les enfants de France et de la guerre",
    "overview" : "A anti-war film about war and children....",
    "genres" : [ ]
  }, {
    "id" : 219969,
    "title" : "Choppahead Volume 3",
    "overview" : "Choppahead is proud to present the third volume in their award-winning documentary/video magazine series - CHOPPER ANIMALS AND MAYHEM MACHINES. The unholy trilogy is now complete!  If you haven't seen the first two, here's the deal: This series documents and pays homage to the home-builder and the underground chopper/custom motorcycle scene - the true essence of Kustom Kulture.  You won't find any network-cry baby-inflated megalo-ego-psuedo-star-bull$h!t builders here. You know what shows to watch for that!",
    "genres" : [ ]
  }, {
    "id" : 219979,
    "title" : "Led Zeppelin ‎– Stairway To Heaven",
    "overview" : "",
    "genres" : [ ]
  }, {
    "id" : 219994,
    "title" : "Oceansize",
    "overview" : "Oceansize is a short 3D movie made by 4 students of Supinfocom Arles in 2008, produced at SupInfocom ARLES (www.Supinfocom-arles.fr)  CREDITS: Romain Jouandeau, Adrien Chartie, Gilles Mazières and Fabien Thareau",
    "genres" : [ ]
  }, {
    "id" : 220004,
    "title" : "Erkek Güzeli Sefil Bilo",
    "overview" : "Bilo is released from prison..",
    "genres" : [ {
      "id" : 18,
      "name" : "Drama"
    }, {
      "id" : 35,
      "name" : "Comedy"
    } ]
  }, {
    "id" : 220009,
    "title" : "Is That It?",
    "overview" : "Coming of age drama focusing on five teenage girls growing up in the North East of England in the 1980's.",
    "genres" : [ {
      "id" : 35,
      "name" : "Comedy"
    }, {
      "id" : 18,
      "name" : "Drama"
    } ]
  }, {
    "id" : 220014,
    "title" : "Siamo tutti pomicioni",
    "overview" : "",
    "genres" : [ {
      "id" : 35,
      "name" : "Comedy"
    } ]
  }, {
    "id" : 220019,
    "title" : "Le tre spade di Zorro",
    "overview" : "",
    "genres" : [ {
      "id" : 37,
      "name" : "Western"
    } ]
  }, {
    "id" : 220024,
    "title" : "A Time To Die",
    "overview" : "A World War II vet sets out in 1948 to avenge the death of his wife at the hands of Nazis. His targets are four Germans, a Sicilian, and a Hungarian who committed the atrocities. He is aided by a CIA operative, who has another agenda. One of the targeted men is being groomed by the US to become the West German chancellor and is to be protected. Along the way, a third person joins the team.",
    "genres" : [ ]
  }, {
    "id" : 220029,
    "title" : "When I'm Sixty-four",
    "overview" : "One-off drama about the friendship that grows between two men from very different backgrounds, whose paths cross for the first time as they approach retirement age.",
    "genres" : [ {
      "id" : 18,
      "name" : "Drama"
    }, {
      "id" : 10770,
      "name" : "TV Movie"
    } ]
  }, {
    "id" : 220049,
    "title" : "Three Landscapes",
    "overview" : "Shot on 16mm, this wondrous silent film study from avant-garde master Peter Hutton (At Sea) observes human movement across three distinct landscapes: Detroit, along the Hudson River Valley and in the Dallol Depression in Ethiopia.",
    "genres" : [ ]
  }, {
    "id" : 220054,
    "title" : "Airships 1, 2, 3",
    "overview" : "Kenneth Anger's Airship series consists of three short films that exhume newsreel footage of mighty dirigibles hovering ominously in the sky, the filmmaker's characteristic fusion of magic, symbolism, mystery, and myth — as well as the opulent use of colour and, in the first film, anaglyph 3D — imbuing the already incredible footage with an eerie, supernatural quality.",
    "genres" : [ ]
  } ]
}