{
  "movies" : [ {
    "id" : 370974,
    "title" : "La choca",
    "overview" : "Drug smugglers invade the home of an accomplice that ratted them out and wait for him to come back. The number of nvaders and of the family members that live there gradually dwindles.",
    "genres" : [ ]
  }, {
    "id" : 370979,
    "title" : "Nightwing: The Series",
    "overview" : "When his girlfriend is supposedly shot and killed, Dick Grayson quits as Robin and goes off to fight crime as Nightwing. While doing so he comes into the path of Deathstroke and has to defeat him before he kills again.",
    "genres" : [ {
      "id" : 28,
      "name" : "Action"
    } ]
  }, {
    "id" : 370984,
    "title" : "You Call It Passion",
    "overview" : "Ra-hee is ready for the real world. She has graduated from a respectable college and begins to apply for full-time jobs but is rejected by every company that she applies to. When all hope is lost, she gets a phone call from a newspaper company and is recruited as an intern in the entertainment section. Although reluctant at first, as she believes herself to be over-qualified for the job, she soon learns and understands the passion of the press. During her rollercoaster experience as an entertainment journalist/intern, she discovers the dirty and hidden aspects of the journalism industry.",
    "genres" : [ {
      "id" : 35,
      "name" : "Comedy"
    } ]
  }, {
    "id" : 370994,
    "title" : "Udanchhoo",
    "overview" : "An imposter disguised in various comical avatar gets deep into a Guru G's ashram, thereby making it more than a con.",
    "genres" : [ {
      "id" : 80,
      "name" : "Crime"
    }, {
      "id" : 35,
      "name" : "Comedy"
    }, {
      "id" : 18,
      "name" : "Drama"
    } ]
  }, {
    "id" : 370999,
    "title" : "Das Attentat - Schleicher: General der letzten Stunde",
    "overview" : "",
    "genres" : [ {
      "id" : 18,
      "name" : "Drama"
    }, {
      "id" : 36,
      "name" : "History"
    } ]
  }, {
    "id" : 371009,
    "title" : "Unhappy Happy",
    "overview" : "I get up and have breakfast. Don't get old. I'm so Unhappy Happy.",
    "genres" : [ ]
  }, {
    "id" : 371019,
    "title" : "Allegro squadrone",
    "overview" : "",
    "genres" : [ ]
  }, {
    "id" : 371024,
    "title" : "Our Leading Citizen",
    "overview" : "Lem Schofield, a lawyer in a one-time small-town turned industrialized big city, runs his firm on examples set by Abraham Lincoln and is a friend to the poor. Clay Clinton, his late partner's son joins the firm but is anxious for fast success and considers Schofield's old-fashioned principles antiquated. Being in love with Schofield's daughter and impatient for success he moves to offices supplied by the city's most powerful industrialist, J.T. Tapley, who has plans to use Clay's good family lineage as a stepping stone to political power. The unscrupulous Tapley precipitates a strike in his factory mill which causes a rupture between the former partners. Schofield sets out to bring Tapley and his political henchmen to justice.",
    "genres" : [ {
      "id" : 18,
      "name" : "Drama"
    }, {
      "id" : 35,
      "name" : "Comedy"
    } ]
  }, {
    "id" : 371029,
    "title" : "Soda : Le rêve américain",
    "overview" : "",
    "genres" : [ {
      "id" : 35,
      "name" : "Comedy"
    } ]
  }, {
    "id" : 371034,
    "title" : "Treat 'Em Rough",
    "overview" : "When his father is accused of graft, a former boxer returns home to clear his name.",
    "genres" : [ {
      "id" : 18,
      "name" : "Drama"
    }, {
      "id" : 28,
      "name" : "Action"
    }, {
      "id" : 80,
      "name" : "Crime"
    } ]
  }, {
    "id" : 371039,
    "title" : "Tate of Flux - Wave#1",
    "overview" : "Abstract short.",
    "genres" : [ ]
  }, {
    "id" : 371049,
    "title" : "State of Flux - Wave#3",
    "overview" : "Abstract short.",
    "genres" : [ ]
  }, {
    "id" : 371054,
    "title" : "Vainqueurs et vaincus",
    "overview" : "Wars in the Osman Empire",
    "genres" : [ ]
  }, {
    "id" : 371059,
    "title" : "Test Tube",
    "overview" : "Produced by De Appel, Amsterdam, while General Idea was in residence there, Test Tube was conceived as a program for television. Presented under the brand \"The Color Bar Lounge,\" a cocktail bar in the mythical 1984 Miss General Idea Pavilion, the program is a hybrid of popular television formats […] and infomercial. […] Advertisements for the bar are placed throughout the program; a loaded word choice, full of double-entendres and innuendo, betrays the influence of both Dadaism and consumerism. This collapse of popular and high culture is central to General Idea's agenda, as Felix Partz observes: \"You know, the mass media are like a vast pharmaceutical complex developing new cultural elixirs of an unprecedented intoxication…but art remains a curious and elitist drink. Despite its unique flavor and heady cultural properties, it has never effectively been exploited.\"",
    "genres" : [ {
      "id" : 10770,
      "name" : "TV Movie"
    } ]
  }, {
    "id" : 371064,
    "title" : "El médico módico",
    "overview" : "Underqualified doofus tries to run a medical clinic.",
    "genres" : [ {
      "id" : 10751,
      "name" : "Family"
    }, {
      "id" : 35,
      "name" : "Comedy"
    } ]
  }, {
    "id" : 371069,
    "title" : "Grandfather of My Dreams",
    "overview" : "A funny family comedy about how big wealth can affect life.",
    "genres" : [ {
      "id" : 10751,
      "name" : "Family"
    }, {
      "id" : 35,
      "name" : "Comedy"
    } ]
  }, {
    "id" : 371074,
    "title" : "From the Sideline",
    "overview" : "The filmmaker, Simon Brückner, goes in search of his long-deceased father, one of the central figures of the German students' movement. A picture of a multi-faceted character emerges and a piece of German history is retold.",
    "genres" : [ {
      "id" : 99,
      "name" : "Documentary"
    } ]
  }, {
    "id" : 371079,
    "title" : "Jalam",
    "overview" : "Jalam is an upcoming Malayalam-language movie directed by M. Padmakumar starring Priyanka Nair in the lead role.This is an world's first charity movie, a CSR film by Aries Group directed by M. Padmakumar and produced by Sohan Roy",
    "genres" : [ {
      "id" : 18,
      "name" : "Drama"
    } ]
  }, {
    "id" : 371084,
    "title" : "Mike Epps: Don't Take It Personal",
    "overview" : "Mike Epps wastes no time bringing his unapologetic and raunchy swagger to a howling live audience at the historic Orpheum Theater in Los Angeles.",
    "genres" : [ {
      "id" : 35,
      "name" : "Comedy"
    } ]
  }, {
    "id" : 371089,
    "title" : "Care of Footpath 2",
    "overview" : "An emotional suspense thriller inspired by true stories of juvenile delinquents in the India. Four teenage friends are provoked to plan and execute the murder of a cop.",
    "genres" : [ ]
  }, {
    "id" : 371094,
    "title" : "Mr. Pasteur and the Riddle of Life",
    "overview" : "Uses puppets and animation to show where living things come from. Recreates the classic experiments of Louis Pasteur.",
    "genres" : [ ]
  }, {
    "id" : 371099,
    "title" : "Paranóia",
    "overview" : "Four thieves enter a house and terrorize a family.",
    "genres" : [ ]
  }, {
    "id" : 371104,
    "title" : "The Dear Hunter - Audiotree Live",
    "overview" : "Recorded on September 13, 2013 in Chicago, IL, The Dear Hunter performs tracks from the album \"Migrant\" on Audiotree Live.",
    "genres" : [ {
      "id" : 10402,
      "name" : "Music"
    } ]
  }, {
    "id" : 371109,
    "title" : "Peigal Jaakirathai",
    "overview" : "Saravanan, who has suicidal tendencies, becomes part of Annachi's household as the latter, who has a fear of ghosts, believes that he will help him get rid of it. But the young man has a near-death experience after which he starts seeing ghosts!",
    "genres" : [ {
      "id" : 35,
      "name" : "Comedy"
    }, {
      "id" : 27,
      "name" : "Horror"
    } ]
  }, {
    "id" : 371114,
    "title" : "Pipelines, pouvoir et démocratie",
    "overview" : "",
    "genres" : [ {
      "id" : 99,
      "name" : "Documentary"
    } ]
  }, {
    "id" : 371119,
    "title" : "ROH Final Battle 2015",
    "overview" : "ROH Final Battle 2015 was a professional wrestling event produced by Ring of Honor (ROH). It took place on December 18, 2015 at the 2300 Arena in Philadelphia, Pennsylvania. The main event pitted ROH World Champion, Jay Lethal against challenger, \"The Phenomenal\" A.J. Styles.",
    "genres" : [ ]
  }, {
    "id" : 371124,
    "title" : "The Dialogue: An Interview with Screenwriter Paul Haggis",
    "overview" : "Oscar-winning writer, director and producer Paul Haggis (Crash) reflects on his remarkable journey from television to feature film in this lively conversation conducted in the same spirit as \"Inside the Actors Studio.\" The program is part of a series of in-depth talks between industry professionals and more than two dozen successful screenwriters, who candidly discuss their careers and their varied approaches to the writing craft.",
    "genres" : [ ]
  }, {
    "id" : 371129,
    "title" : "The Dialogue: An Interview with Screenwriter Ted Griffin",
    "overview" : "Ted Griffin is a man who knows a good con. Anyone who tried to follow the clever criminal head games he built into his screenplays for Ocean's Eleven and Matchstick Men knows not to trust this guy; except when he talks about screenwriting, which he does with great humor and insight in this enlightening interview that ranges from his early work on Ravenous and Best Laid Plans through the unexpected pitfalls of trying to direct his first film, Rumor Has It...",
    "genres" : [ ]
  }, {
    "id" : 371139,
    "title" : "Catching Haider",
    "overview" : "How can it be that, despite the corruption scandals he has been associated with, Jörg Haider is portrayed as a hero after his accidental death? Nathalie Borgers goes to investigate in Carinthia. Her discoveries range from the comically bizarre to the strangely vexing.",
    "genres" : [ {
      "id" : 99,
      "name" : "Documentary"
    } ]
  }, {
    "id" : 371144,
    "title" : "Artikel 7 - Unser Recht!",
    "overview" : "Against the background of current Austrian politics, the film reconstructs the history of the Carinthian minority conflict. The focus of this documentary is the eventful 1970s, when a young generation of Carinthia's Slovenes took up the fight for their rights laid down in Austria's State Treaty of 1955. With Haider as provincial governor, it is a fight fought until today.",
    "genres" : [ ]
  }, {
    "id" : 371149,
    "title" : "La Revolución de los Ángeles",
    "overview" : "",
    "genres" : [ {
      "id" : 53,
      "name" : "Thriller"
    } ]
  }, {
    "id" : 371154,
    "title" : "Martial Arts Mayhem Vol. 1",
    "overview" : "A Knockout Punch of Karate Chopping Trailers  This volume contains trailers for: Fists of Fury, Chinese Connection, Enter the Dragon, Return of the Dragon, 5 Fingers of Death, The Streetfighter, Return of Streetfighter, Sister Streetfighter, Sting of the Dragonmasters, When Tae Kwan Do Strikes, The Tattoo Connection Black Samurai, The Snakefist Fighter, Slaughter in San Francisco, Kill or Be Killed, Kill &amp; Kill Again, Dragons Die Hard, The Buddha Assasinator, Dynasty, Black Dragon, Chinatown Kid, Deep Thrust, The Dragon Flies, Dynamo, 5 Deadly Weapons, Game of Death, Lady Kung Fu, Master Killer, Queen Boxer, Return of the Boxer, Sacred Knives of Vengeance, 3 Avengers, Triple Irons, Devil Woman, Dragons Never Die, 7 Blows of the Dragon, Deadly China Doll, Blood of the Dragon, Fearless Fighters, Godfather of Hong Kong, Master of the Flying Guillotine, The Screaming Tiger",
    "genres" : [ ]
  }, {
    "id" : 371159,
    "title" : "Shaolin Tiger Claw",
    "overview" : "Shaolin Tiger Claw chronicles the struggle of Yu's search for self-discovery, which leads him on an extraordinary trek across the continent. Determined to prove himself the best fighter in the land, he seeks a man called Tiger, who is widely known as the most notorious warrior alive. The only problem is that Tiger is in jail, so Yu must scam his way into prison in order for him to challenge the infamous fighter.",
    "genres" : [ {
      "id" : 18,
      "name" : "Drama"
    }, {
      "id" : 28,
      "name" : "Action"
    }, {
      "id" : 12,
      "name" : "Adventure"
    } ]
  }, {
    "id" : 371164,
    "title" : "Chanoc en las garras de las fieras",
    "overview" : "Comic-book adaptation: Tarzan-type in the Mexican outback.",
    "genres" : [ {
      "id" : 12,
      "name" : "Adventure"
    }, {
      "id" : 28,
      "name" : "Action"
    } ]
  }, {
    "id" : 371169,
    "title" : "Bulldog Drummond",
    "overview" : "A captain saves a kidnapped magnate from a nursing home run by foreign agents.",
    "genres" : [ {
      "id" : 80,
      "name" : "Crime"
    }, {
      "id" : 28,
      "name" : "Action"
    }, {
      "id" : 12,
      "name" : "Adventure"
    } ]
  }, {
    "id" : 371174,
    "title" : "Twilight Storytellers: Masque",
    "overview" : "After her transformation, Esme's struggle to overcome her craving for human blood is only intensified by the painful memories of her tragedy-ridden past. In Masque, Carlisle helps Esme find hope for the future… and maybe even a family.",
    "genres" : [ {
      "id" : 18,
      "name" : "Drama"
    }, {
      "id" : 14,
      "name" : "Fantasy"
    } ]
  }, {
    "id" : 371179,
    "title" : "For Your Consideration",
    "overview" : "After winning best supporting actress at the SAG Awards, Golden Globes and Critics Choice, ANNE HATHAWAY reminds the Academy, one last time, why she must (and will) win at the 85th Academy Awards.",
    "genres" : [ ]
  }, {
    "id" : 371184,
    "title" : "Free ride",
    "overview" : "",
    "genres" : [ ]
  }, {
    "id" : 371189,
    "title" : "Mister Hu and the Temple",
    "overview" : "By building a Buddhist temple in the Netherlands, Mr. Hu attempts to bridge the gap between old and new, East and West.",
    "genres" : [ {
      "id" : 99,
      "name" : "Documentary"
    } ]
  }, {
    "id" : 371194,
    "title" : "Adeline For Leaves",
    "overview" : "Adeline For Leaves explores nature, science and mythology through the eyes of an eleven-year-old botanical prodigy and her recently deceased, elderly mentor.",
    "genres" : [ ]
  }, {
    "id" : 371199,
    "title" : "I Saw Mommy Eating Santa Claus #2",
    "overview" : "Mommy gave Santa head and chugged down his milk. Then, Santa spread the joy like he spread her ass cheeks. Watch these hefty mamas rock the jingle balls!",
    "genres" : [ ]
  }, {
    "id" : 371204,
    "title" : "Working Women",
    "overview" : "The various phases of work in a spinning-mill, and the harsh working conditions of the women spinners, cause them physical pain and breathing diseases, not compensated by low wages.",
    "genres" : [ ]
  }, {
    "id" : 371209,
    "title" : "Beach Week",
    "overview" : "Five friends rent the beach house that last year housed fifteen. On their last day there, 20-year-old Natalie awakes to find that her best friend, Laure, has gone missing. Racked with anxiety, Natalie goes on the search - but as the day wears on, and mysterious omens reveal themselves, she suddenly becomes terrified of Laure's return.",
    "genres" : [ ]
  }, {
    "id" : 371214,
    "title" : "Dog Days",
    "overview" : "Wisconsin, summer.  A portrait of brothers and a coming of age story for two teenagers: Stephen and Isaac.  It is a boring hot day when the family dog goes missing and Stephen leads a rescue mission into their farmland.",
    "genres" : [ ]
  }, {
    "id" : 371219,
    "title" : "Meat Loaf: In and Out of Hell",
    "overview" : "Documentary featuring an intimate profile of American rock legend Meat Loaf, spanning from his childhood of domestic violence, through a decade of rejection by record companies to global fame, bust-ups and a major comeback.",
    "genres" : [ {
      "id" : 10770,
      "name" : "TV Movie"
    }, {
      "id" : 10402,
      "name" : "Music"
    }, {
      "id" : 99,
      "name" : "Documentary"
    } ]
  }, {
    "id" : 371224,
    "title" : "The Science of Star Trek",
    "overview" : "How real is the 'science' in Star Trek?",
    "genres" : [ {
      "id" : 99,
      "name" : "Documentary"
    } ]
  }, {
    "id" : 371229,
    "title" : "Borders",
    "overview" : "The self-directed clip sees M.I.A. join a group of refugees as they climb wire fences, crowd on to tiny boats, and wade into the sea.",
    "genres" : [ ]
  }, {
    "id" : 371234,
    "title" : "The Beatles: 1+",
    "overview" : "The Beatles '1' was originally released in 2000 and quickly became the fastest selling album of all time. Featuring 27 of the band's most significant singles, all of which reached #1 in the US or UK charts, '1+' represents the ultimate collector's edition of The Beatles '1', featuring all 27 promo videos from the album and an additional 23 videos, including alternate versions, as well as rarely seen and newly restored films and videos. All the videos have been beautifully restored by a team of film and video technicians and restoration artists who have undertaken painstaking frame-by-frame cleaning, colour-grading, digital enhancement and new edits that took months of dedicated, 'round-the-clock work to accomplish.",
    "genres" : [ {
      "id" : 10402,
      "name" : "Music"
    } ]
  }, {
    "id" : 371244,
    "title" : "Tomb Mystery",
    "overview" : "TGu Ye was born in a family of intellectuals, from small to generate a strong interest in history, especially during the Tang Dynasty princess Gao Yang is particularly obsessed with the legend. Because of his father's paranoia, he has entered the University of Gu Ye have been unable to enter their favorite historical archeology. By chance, Gu Ye Xie Chunan and friend for many years led the expedition club also sponsors mysterious boss Qiu went into a deserted tomb of the Tang Dynasty ...... a vajra, a piece of jade Jue, a few broken incomplete Tomb diary, actually opened a period of thousands of years of love and hatred disputes, it will also be the tomb of a pedestrian into an unprecedented crisis",
    "genres" : [ {
      "id" : 53,
      "name" : "Thriller"
    }, {
      "id" : 9648,
      "name" : "Mystery"
    } ]
  }, {
    "id" : 371249,
    "title" : "Maybe Siam",
    "overview" : "About blind people in Hollywood films",
    "genres" : [ ]
  }, {
    "id" : 371254,
    "title" : "Un autre ete",
    "overview" : "Social drama about men living on the fringes of society.",
    "genres" : [ ]
  }, {
    "id" : 371259,
    "title" : "Aibu",
    "overview" : "Silent melodrama.",
    "genres" : [ ]
  }, {
    "id" : 371264,
    "title" : "Paw Patrol: Winter Rescues",
    "overview" : "\"PAW Patrol\" is on a roll - even through the ice and snow - in these 7 wintery missions, including a double-length adventure to save Christmas! From a ski-lift rescue to tracking down a snow monster, no job is too big and no pup is too small. Plus, see how Rubble first joined the team by helping out in a snowy situation.",
    "genres" : [ {
      "id" : 16,
      "name" : "Animation"
    } ]
  }, {
    "id" : 371269,
    "title" : "Pepe & Lucas",
    "overview" : "A hi-tech street fight is waged between an angry clown and an innocent street mime to finish centuries of rivalry that finally proves who greater entertainer. But they find that they bring happiness to a world without joy by working together.",
    "genres" : [ ]
  }, {
    "id" : 371274,
    "title" : "Uno scandalo in casa Polidor",
    "overview" : "Slapstick short.",
    "genres" : [ ]
  }, {
    "id" : 371279,
    "title" : "Chuggington - Chuggers on Safari",
    "overview" : "Brewster delivers some feed to the Safari Park unaware he has a monkey on board! Meanwhile back at the depot, someone-or something is causing mayhem! And join Wilson’s wacky tour when the children from Chuggington School come to visit the Safari Park.  Koko has her first big solo delivery job but sets off at a great speed nearly ploughing into a family of squirrels and spilling her load! While Wilson is determined to get his animal badge by taking Ebo the elephant to his new home in the Safari Park but the naughty elephant has other ideas!  A storm has left the Safari Park in a bit of chaos and some animals have escaped! Does the mighty roar from a tunnel mean there really is a dragon on the loose? Plus Zephie is very excited to be taking the vet along to give the animals their checkups.",
    "genres" : [ {
      "id" : 16,
      "name" : "Animation"
    } ]
  }, {
    "id" : 371284,
    "title" : "6:28",
    "overview" : "Short horror film.",
    "genres" : [ ]
  }, {
    "id" : 371289,
    "title" : "Urlaub vom Frieden",
    "overview" : "Socumentary about a mercenary.",
    "genres" : [ ]
  }, {
    "id" : 371294,
    "title" : "Wandsbek Gartenstück",
    "overview" : "",
    "genres" : [ ]
  }, {
    "id" : 371299,
    "title" : "Quelle famille !",
    "overview" : "",
    "genres" : [ {
      "id" : 35,
      "name" : "Comedy"
    } ]
  }, {
    "id" : 371304,
    "title" : "Nastya",
    "overview" : "Two women named Nastya, two destinies. One a policewoman, the other a criminal. But who is actually in prison?",
    "genres" : [ ]
  }, {
    "id" : 371309,
    "title" : "Enrico Brignano : a sproposito di noi",
    "overview" : "",
    "genres" : [ ]
  }, {
    "id" : 371314,
    "title" : "Temps faible",
    "overview" : "Heartbroken, Pierre decides to holiday at a seaside hotel. Leaving work and his routine back at home, through his encounters with certain people, he realizes there's a whole new horizon of possibilities open to him. Maybe this is his chance to break out of his melancholy.",
    "genres" : [ ]
  }, {
    "id" : 371319,
    "title" : "Atalaku",
    "overview" : "Documentary about elections in Congo.",
    "genres" : [ ]
  }, {
    "id" : 371324,
    "title" : "Thomas & Friends: The Early Years",
    "overview" : "The Early Years is a US DVD featuring two discs, each containing thirteen first season episodes narrated by Ringo Starr in the original UK format, and an additional disc with extras.",
    "genres" : [ ]
  }, {
    "id" : 371329,
    "title" : "Koncz Zsuzsa - Ki nevet a végén koncert",
    "overview" : "",
    "genres" : [ {
      "id" : 10402,
      "name" : "Music"
    } ]
  }, {
    "id" : 371334,
    "title" : "Simon Magus",
    "overview" : "After finding out by chance that his ex-girlfriend Mina’s mother died, Simon decides to steal her body to provoke cathartic processes in Mina. Mina hasn’t been in contact with her mother for years because of some dark family secrets. Simon plans to keep the body hidden for a few days and then revive it. He possesses the powers needed to do this. However, the body is stolen from Simon and he has great difficulty retrieving it. Unaware of Simon’s problems, Mina confronts her past and the emotional baggage she’s been carrying for years.",
    "genres" : [ {
      "id" : 35,
      "name" : "Comedy"
    } ]
  }, {
    "id" : 371339,
    "title" : "Rufus Wainwright - Live from the Artists Den",
    "overview" : "Recorded on May 17, 2012 at the magnificent Church of the Ascension, on Manhattan's lower Fifth Avenue for PBS's (((Artists Den)), this amazing show is now available in all its glory to watch again and again on Blu-Ray. The 16 song, 69-minute 'Live from the Artists Den' concert includes five songs that were not included in the broadcast, plus an additional 50 minutes of behind-the-scenes bonus material. This bonus materials includes an exclusive, extended interview with Wainwright, an additional interview with the Church of Ascension's rector, Father Andrew, 'Inside the Den', a behind-the-scenes look at the concert shoot and location, and a 'Night in Pictures' slideshow.",
    "genres" : [ {
      "id" : 10402,
      "name" : "Music"
    } ]
  }, {
    "id" : 371344,
    "title" : "Sibling Topics (section a)",
    "overview" : "Trecartin returns to his conception of family-as-business-enterprise, casting parent figures as managers and executives on one end of the spectrum, estranged children as freelancers on the other. The director plays four sisters named Ceader, Britt, Adobe and Deno, the boundaries of whom are indistinct. It is difficult to tell where one sister ends and the next begins.  The sisters' questing—for identity, for romance, etc.—leads them on an episodic series of adventures, several of which are defined as \"premises.\" A Trecartin premise plays out as a predetermined situation where the character initiating it has already set the tone, terms, and trajectory of the experience in their mind. The actual, lived event serves only as the shading-in of the outline.",
    "genres" : [ ]
  }, {
    "id" : 371349,
    "title" : "Die Rückkehr des Vaters",
    "overview" : "",
    "genres" : [ {
      "id" : 18,
      "name" : "Drama"
    } ]
  }, {
    "id" : 371354,
    "title" : "Mörderherz",
    "overview" : "",
    "genres" : [ {
      "id" : 80,
      "name" : "Crime"
    } ]
  }, {
    "id" : 371359,
    "title" : "King John (Stratford Festival)",
    "overview" : "When the King of France (Peter Hutt) demands that John (Tom McCamus) relinquish his crown in favor of his nephew, the young Prince Arthur, war is the inevitable result.  Excommunication, attempted atrocity, rebellion and assassination all contribute to a political turmoil and personal grief for a mother who has lost her son.",
    "genres" : [ {
      "id" : 18,
      "name" : "Drama"
    } ]
  }, {
    "id" : 371364,
    "title" : "Carlos Monzón, El Segundo Juicio",
    "overview" : "",
    "genres" : [ {
      "id" : 18,
      "name" : "Drama"
    } ]
  }, {
    "id" : 371369,
    "title" : "Kalki",
    "overview" : "The tenth incarnation of God rises in a world of chaos",
    "genres" : [ ]
  }, {
    "id" : 371374,
    "title" : "La diosa del puerto",
    "overview" : "After being convicted of killing her rapist, a woman gives birth to a baby in jail. Regrettable accidents cause her to lose contact with her son. Twenty years later...",
    "genres" : [ ]
  }, {
    "id" : 371379,
    "title" : "Pop Corn",
    "overview" : "Popular music director Vikramaditya (Mohanlal) returns from a long sabbatical to work with a young music troupe and falls in love with a fusion dancer Jamuna (Simran Bagga). The two marry but fall apart due to their clashing artistic egos. Vikraman's daughter Megha (Jyothi Naval) attempts to re-unite her father and mother, but fails.",
    "genres" : [ {
      "id" : 10402,
      "name" : "Music"
    }, {
      "id" : 10751,
      "name" : "Family"
    }, {
      "id" : 18,
      "name" : "Drama"
    } ]
  }, {
    "id" : 371384,
    "title" : "I'm Not in Love: The Story of 10cc",
    "overview" : "In celebration of the 40th anniversary of smash hit I'm Not in Love, the original members of 10cc - Graham Gouldman, Eric Stewart, Kevin Godley and Lol Creme - reunite to tell their story. The documentary shares the secrets to some of their most successful records, from the writing and the recording to the tours and the tensions.With contributions from an impressive array of music industry legends including 10cc's band manager Harvey Lisberg, lyricist Sir Tim Rice, broadcaster Paul Gambaccini, legendary producer Trevor Horn, Stewart Copeland (the Police), Graham Nash (the Hollies) and Dan Gillespie Sells (the Feeling), not only does this film highlight the diversity of these four brilliant musicians' songwriting talent, but it also delves into the influence they had, as well as the politics beneath their acrimonious split in 1976, at the height of their fame.",
    "genres" : [ {
      "id" : 10770,
      "name" : "TV Movie"
    }, {
      "id" : 99,
      "name" : "Documentary"
    }, {
      "id" : 10402,
      "name" : "Music"
    } ]
  }, {
    "id" : 371389,
    "title" : "Stay Here a While",
    "overview" : "Two boys walk around",
    "genres" : [ ]
  }, {
    "id" : 371394,
    "title" : "Die Hau Schau",
    "overview" : "A fictional screening of comedy shorts",
    "genres" : [ ]
  }, {
    "id" : 371399,
    "title" : "Ein Film über den Arbeiter",
    "overview" : "Autobiographical documentary.",
    "genres" : [ ]
  }, {
    "id" : 371404,
    "title" : "Die Abenteuer des Freiherrn von Münchhausen. Eine Winterreise.",
    "overview" : "Animated short.",
    "genres" : [ ]
  }, {
    "id" : 371409,
    "title" : "Vaterlandsverräter",
    "overview" : "Documentary about a former Stasi agent.",
    "genres" : [ {
      "id" : 99,
      "name" : "Documentary"
    } ]
  }, {
    "id" : 371414,
    "title" : "Amar",
    "overview" : "Animated short about a visit to India.",
    "genres" : [ ]
  }, {
    "id" : 371419,
    "title" : "Coldplay - BBC Radio 1 Live Sessions",
    "overview" : "Music legends Coldplay perform an amazing set of hits and new tracks, at an exclusive one-off intimate show in East London for Annie Mac.",
    "genres" : [ {
      "id" : 10402,
      "name" : "Music"
    } ]
  }, {
    "id" : 371424,
    "title" : "Le Chat Botté",
    "overview" : "",
    "genres" : [ ]
  }, {
    "id" : 371429,
    "title" : "Maruthu",
    "overview" : "Spurred by his grandmother, an angry young man locks horns with a thug who is intending to murder his sweetheart.",
    "genres" : [ {
      "id" : 10749,
      "name" : "Romance"
    }, {
      "id" : 28,
      "name" : "Action"
    }, {
      "id" : 35,
      "name" : "Comedy"
    } ]
  }, {
    "id" : 371434,
    "title" : "Spice Girls: Giving You Everything",
    "overview" : "The Spice Girls are the most successful girl group of all time. They have sold 55 million CDs worldwide, had nine No.1 singles and had the biggest selling single ever by an all female group. Although there have been many documentaries, books and articles about the Spice Girls, the girls themselves have never told their story. Until now... This is the story of the Spice Girls, told by the Spice Girls - the story from inside the eye of the hurricane, the story of the greatest pop phenomenon since The Beatles. From their pre-Spice Girl days, the forming of the group, the early struggles, their first taste of success, world domination, the break up, the aftermath and their subsequent solo careers and lives. Their recollections form an intriguing and revealing narrative along with archive footage from around the globe which illustrates the time when the Spice Girls ruled the world and how they are soon to re-claim their place as the most talked about group on the planet.",
    "genres" : [ {
      "id" : 99,
      "name" : "Documentary"
    } ]
  }, {
    "id" : 371439,
    "title" : "Ranbanka",
    "overview" : "Rahul, a young man, tries to protect his wife from a goon who wants to forcibly marry her. When all things go against Rahul, he becomes an angry man, and sets out to fight against the goon.",
    "genres" : [ {
      "id" : 28,
      "name" : "Action"
    } ]
  }, {
    "id" : 371444,
    "title" : "The Director Who Disappeared -The Story of The Ninja Mission",
    "overview" : "Documentary about Swedish director, Mats Helge Olsson",
    "genres" : [ ]
  }, {
    "id" : 371449,
    "title" : "Other People",
    "overview" : "David, a struggling comedy writer fresh off from breaking up with his boyfriend, moves from New York City to Sacramento to help his sick mother. Living with his conservative father and much-younger sisters for the first time in ten years, he feels like a stranger in his childhood home. As his mother’s health declines, David frantically tries to extract meaning from this horrible experience and convince everyone (including himself) that he's \"doing okay.”",
    "genres" : [ {
      "id" : 18,
      "name" : "Drama"
    } ]
  }, {
    "id" : 371454,
    "title" : "Satori Uso",
    "overview" : "A poet from the shadows, a filmmaker with no films and an enigmatic muse. A sort of \"false documentary\" about the passage of the poet by the city of Londrina in the fifties by the eyes of American filmmaker Jim Kleist.",
    "genres" : [ {
      "id" : 18,
      "name" : "Drama"
    } ]
  }, {
    "id" : 371459,
    "title" : "A Good Wife",
    "overview" : "When 50-year-old Milena finds out about the terrible past of her seemingly ideal husband, while simultaneously learning of her own cancer diagnosis, she begins an awakening from the suburban paradise she has been living in.",
    "genres" : [ {
      "id" : 18,
      "name" : "Drama"
    } ]
  }, {
    "id" : 371464,
    "title" : "Wild",
    "overview" : "An anarchist young woman breaks the tacit contract with civilization and fearlessly decides on a life without hypocrisy or an obligatory safety net.",
    "genres" : [ {
      "id" : 18,
      "name" : "Drama"
    } ]
  }, {
    "id" : 371469,
    "title" : "Weißes Blut",
    "overview" : "A military officerfalls sick because of test runs of atomic bombs.",
    "genres" : [ ]
  }, {
    "id" : 371474,
    "title" : "Bang My Tits #3",
    "overview" : "These hot sluts love to get titty fucked by huge dicks!",
    "genres" : [ ]
  }, {
    "id" : 371479,
    "title" : "Utama – Every Name in History is I",
    "overview" : "Essay film about mythology and the history of Singapore.",
    "genres" : [ ]
  }, {
    "id" : 371484,
    "title" : "GOULD",
    "overview" : "Experimental short.",
    "genres" : [ ]
  }, {
    "id" : 371489,
    "title" : "Toto à la Baloise Session 2015",
    "overview" : "",
    "genres" : [ ]
  }, {
    "id" : 371499,
    "title" : "El derecho de los pobres",
    "overview" : "Kids in an Ecuadorian slum have a benevolent doctor who tries to help them forward in life. Also they play soccer.",
    "genres" : [ ]
  }, {
    "id" : 371504,
    "title" : "River",
    "overview" : "John River, a brilliant police officer whose genius and fault-line is the fragility of his mind - a man haunted by the murder victims whose cases he must lay to rest",
    "genres" : [ {
      "id" : 80,
      "name" : "Crime"
    }, {
      "id" : 18,
      "name" : "Drama"
    }, {
      "id" : 9648,
      "name" : "Mystery"
    }, {
      "id" : 10770,
      "name" : "TV Movie"
    } ]
  } ]
}