{
  "movies" : [ {
    "id" : 207449,
    "title" : "The Amazing Feats of Young Hercules",
    "overview" : "When Hercules misuses his might, Zeus banishes him from Mt. Olympus. In order to return home, he must prove his worth by facing four perilous tasks on earth. Because he has abused his mighty powers, Young Hercules is banished from Mt. Olympus by his father Zues. In order to return he must prove himself worth by facing challenges of Earth. Follow the perils and adventures of Hercules and his sidekick Falina, a princess who's been turned into a sable. Hercules defeats the Stymphalian birds, which are drawn as robots, and the Hydra, a clumsy three-headed dragon. He also tangles with a Gorgon (borrowed from the legend of Perseus) and goes after some golden apples.",
    "genres" : [ {
      "id" : 16,
      "name" : "Animation"
    }, {
      "id" : 10751,
      "name" : "Family"
    } ]
  }, {
    "id" : 207454,
    "title" : "Mystery Woman",
    "overview" : "A famous writer is found hanged in his office. At first, all police investigations conclude that it was suicide, but when Samantha Kinsey, owner of Seller 'Mystery Woman' starts his own investigation, he discovers that there is chance that has been committed murder. The film is the first in a long series of American TV movies called\" Mystery Woman\", in which Samantha Kinsey, the owner of a bookshop specializing in thrillers and suspense is involved in the resolution of real cases.",
    "genres" : [ {
      "id" : 9648,
      "name" : "Mystery"
    }, {
      "id" : 80,
      "name" : "Crime"
    }, {
      "id" : 53,
      "name" : "Thriller"
    } ]
  }, {
    "id" : 207459,
    "title" : "Our City Dreams",
    "overview" : "Filmed over the course of two years, Our City Dreams is the story of a woman's struggles and successes as an artist in New York City. Told through five women artists, from youngest to oldest, the film features Swoon, Ghada Amer, Kiki Smith, Marina Abramovic, and Nancy Spero. From the studio to the streets of New York, from the canals of Venice to the alleys of Cairo and the beaches of Phuket, Our City Dreams takes us deep into the artists' worlds.",
    "genres" : [ {
      "id" : 99,
      "name" : "Documentary"
    } ]
  }, {
    "id" : 207464,
    "title" : "Sex, Drugs and Money",
    "overview" : "There are high times in low places in this dark comedy as three stoner friends hang out with a drug dealer who winds up killing himself. The pals make a hazy judgment call to to bring the body to the desert -- and wind up with a suitcase of cash.",
    "genres" : [ ]
  }, {
    "id" : 207469,
    "title" : "The Rhythm Man and His Dream",
    "overview" : "Cherry is a nightclub singer with lots of men after her. Bob is a shoemaker who can predict people's future by looking at their used shoes. Two of Cherry's older suitors both get to hear of him and although they don't know each other both end up at his place for a prediction on their chances with Cherry. They become desperate and each decides to pay off her room mate to steal her shoes. They get in a big fight over her and she decides to run off with Bob. However, they follow the couple, confront them and make trouble.",
    "genres" : [ {
      "id" : 18,
      "name" : "Drama"
    } ]
  }, {
    "id" : 207474,
    "title" : "Angeli senza paradiso",
    "overview" : "",
    "genres" : [ {
      "id" : 35,
      "name" : "Comedy"
    }, {
      "id" : 10402,
      "name" : "Music"
    } ]
  }, {
    "id" : 207479,
    "title" : "Dante no es únicamente severo",
    "overview" : "Surrealism in film.",
    "genres" : [ {
      "id" : 18,
      "name" : "Drama"
    } ]
  }, {
    "id" : 207489,
    "title" : "The Loves Of Joanna Godden",
    "overview" : "Joanna Godden falls heir to a farm when her father dies.",
    "genres" : [ ]
  }, {
    "id" : 207494,
    "title" : "All Night Bodega",
    "overview" : "Seeking a better life for herself, 15-year-old Venus breaks away from her Spanish Harlem neighborhood and gets caught up in a world of violence and crime. While on the run, she meets a cop whose father-figure role may save the troubled youngster.",
    "genres" : [ {
      "id" : 18,
      "name" : "Drama"
    } ]
  }, {
    "id" : 207499,
    "title" : "Metropolitan Gypsies",
    "overview" : "This film documents the daily lives of Roma in their winter quarters on the outskirts of Berlin, Germany. The film presents insights into the Roma’s complex and often tumultuous society. - The Moholy-Nagy Foundation",
    "genres" : [ ]
  }, {
    "id" : 207514,
    "title" : "Sunrise Avenue: Live in Wonderland",
    "overview" : "",
    "genres" : [ ]
  }, {
    "id" : 207589,
    "title" : "The Half-Breed",
    "overview" : "One of only five films directed by Academy Award-nominated editor Stuart Gilmore, this 1951 Western stars Robert Young as Dan Craig, a gambler who may be the only man who can stop a war between a tribe of Native Americans and a group of white settlers.",
    "genres" : [ {
      "id" : 37,
      "name" : "Western"
    } ]
  }, {
    "id" : 207599,
    "title" : "Die Toten Hosen: Noches Como Estas - Live in Buenos Aires",
    "overview" : "",
    "genres" : [ {
      "id" : 10402,
      "name" : "Music"
    } ]
  }, {
    "id" : 207629,
    "title" : "Firestorm",
    "overview" : "In the year 2024, a fierce battle rages between a ruthless villain and an android resistance group",
    "genres" : [ {
      "id" : 53,
      "name" : "Thriller"
    }, {
      "id" : 28,
      "name" : "Action"
    }, {
      "id" : 878,
      "name" : "Science Fiction"
    } ]
  }, {
    "id" : 207634,
    "title" : "Shisei: The Tattooer",
    "overview" : "Seizou, a tattoo artist, dreams of creating lasting works of art that exist long after he passes. One day, he sees the perfect canvas: the unblemished back of a female grad student. A genius in color theory, the young woman studies and experiments with block printing. Seizou kidnaps her, holding her captive in order to carve his artwork into her skin. But the allure of her prints and his enchanting ink-work slowly transform her. She begins to long for his touch. Wanting to surpass the work of his father, Seizou imprints the image of an ancient Japanese princess on her bare skin. But as the tattoo transforms their relationship, their dynamic is reversed, and they become intertwined in an shared destiny.",
    "genres" : [ {
      "id" : 80,
      "name" : "Crime"
    }, {
      "id" : 18,
      "name" : "Drama"
    }, {
      "id" : 53,
      "name" : "Thriller"
    } ]
  }, {
    "id" : 207644,
    "title" : "Contagious",
    "overview" : "",
    "genres" : [ {
      "id" : 53,
      "name" : "Thriller"
    } ]
  }, {
    "id" : 207649,
    "title" : "Vanaprastham",
    "overview" : "Kunhikuttan, a famous Kathakali dancer, meets Subhadra, a woman from an upper caste family, who falls in love with his character rather than himself.",
    "genres" : [ {
      "id" : 18,
      "name" : "Drama"
    } ]
  }, {
    "id" : 207659,
    "title" : "Nazi Concentration Camps",
    "overview" : "Produced and presented as evidence at the Nuremberg war crimes trial of Hermann Göring and twenty other Nazi leaders, this film consists primarily of dead and surviving prisoners and of facilities used to kill and torture during the World War II.",
    "genres" : [ {
      "id" : 99,
      "name" : "Documentary"
    } ]
  }, {
    "id" : 207669,
    "title" : "Imaginum",
    "overview" : "Yxxxxx, an intergalactic parasite with delusions of grandeur and highly dangerous, who is confined in a mental space, has decided to force three other inmates, who are not exactly an example of prudence, to escape the mental asylum with him to involve them in their evil plans.",
    "genres" : [ {
      "id" : 16,
      "name" : "Animation"
    }, {
      "id" : 10751,
      "name" : "Family"
    }, {
      "id" : 14,
      "name" : "Fantasy"
    }, {
      "id" : 35,
      "name" : "Comedy"
    } ]
  }, {
    "id" : 207699,
    "title" : "Punk Vacation",
    "overview" : "A peaceful California town is shaken after the brutal murder of diner owner by a gang of vicious punks. When the daughter of the slain man attempts to avenge her father’s death, she’s held hostage by the gang resulting in an epic battle between punks and rednecks.",
    "genres" : [ {
      "id" : 80,
      "name" : "Crime"
    }, {
      "id" : 28,
      "name" : "Action"
    }, {
      "id" : 53,
      "name" : "Thriller"
    } ]
  }, {
    "id" : 207704,
    "title" : "Nabbie's Love",
    "overview" : "The film tells the story of a small community on a small island in Okinawa, Japan. Especially it focusses on the story of a grandma named Nabbie, but although it's her story told in the film's centre there are some young people, the grand-daughter of Nabbie and a young Japanese who just came to visit the little island. As the film evolves with the more or less ordinary events of the little island's inhabitant's more or less ordinary life, the story behind Nabbie's life gets more and more obvious. It's a surprise to most everyone involved in one or the other way.",
    "genres" : [ {
      "id" : 35,
      "name" : "Comedy"
    }, {
      "id" : 10749,
      "name" : "Romance"
    } ]
  }, {
    "id" : 207709,
    "title" : "Nowhere to Go",
    "overview" : "NOWHERE TO GO is the portrait of Hisato YOSHIMURA, a young musician on the streets of Tokyo's Shibuya ward. What could have moved this young woman to be a street performer, what are her dreams? After initial success, Hisato is diagnosed with schizophrenia and has to return to her family home. 8 years later, the film crew decides to meet her again.",
    "genres" : [ {
      "id" : 99,
      "name" : "Documentary"
    } ]
  }, {
    "id" : 207724,
    "title" : "Carmen from Kawachi",
    "overview" : "The ups and downs in the life of a young woman.",
    "genres" : [ {
      "id" : 10749,
      "name" : "Romance"
    }, {
      "id" : 18,
      "name" : "Drama"
    } ]
  }, {
    "id" : 207729,
    "title" : "Shapeshifter",
    "overview" : "A maximum-security prison goes into serious lockdown mode when a shape-shifting demon with an insatiable taste for human flesh unleashes its fury on the inmates and guards. Jennifer Lee Wiggins, Ocean, Vaz Andreas, Thomas Downey, Chris Facey, Marat Glazer and A.J. Hammond make up the ensemble cast of this independent horror thriller from director Gregory Lemkin, who also shares screenwriting credits.",
    "genres" : [ ]
  }, {
    "id" : 207769,
    "title" : "Banshee Chapter",
    "overview" : "On the trail of a missing friend who had been experimenting with mind-altering drugs, a young journalist - aided by a rogue counter-culture writer, The Silence of The Lambs -- finds herself drawn into the dangerous world of top-secret government chemical research and the mystery of a disturbing radio signal of unknown origin. A fast-paced thriller blending fact and fiction, Banshee Chapter is based on real documents, actual test subject testimony, and uncovered secrets about covert programs run by the CIA.",
    "genres" : [ {
      "id" : 27,
      "name" : "Horror"
    }, {
      "id" : 53,
      "name" : "Thriller"
    } ]
  }, {
    "id" : 207774,
    "title" : "The Borderlands",
    "overview" : "Vatican investigators are sent to the British West Country to investigate paranormal activity, and they find the events are more disturbing than they first imagined.",
    "genres" : [ {
      "id" : 27,
      "name" : "Horror"
    } ]
  }, {
    "id" : 207779,
    "title" : "The Promoter",
    "overview" : "Benny Rubin promotes a wrestling show but ends up wrestling Constantine \"Strangler\" Romanoff himself.",
    "genres" : [ ]
  }, {
    "id" : 207784,
    "title" : "Seven Seas to Calais",
    "overview" : "Sir Francis Drake fights to take over Spain's treasure routes for Queen Elizabeth I.",
    "genres" : [ {
      "id" : 12,
      "name" : "Adventure"
    } ]
  }, {
    "id" : 207789,
    "title" : "Between the Acts at the Opera",
    "overview" : "Credited as \"The Howard Brothers\", these two famous vaudevillians perform a signature stage routine (#349).",
    "genres" : [ ]
  }, {
    "id" : 207809,
    "title" : "Charles Hackett Singing 'Il Mio Tesoro Intanto', 'O Paradiso'",
    "overview" : "Charles Hackett sings \"Il mio tesoro intanto\" from \"Don Giovanni\" and \"O paradiso\" from \"L'africaine\"",
    "genres" : [ ]
  }, {
    "id" : 207814,
    "title" : "DVD Belo: 10 Anos de Sucesso - Ao Vivo",
    "overview" : "",
    "genres" : [ ]
  }, {
    "id" : 207819,
    "title" : "Céleste Aïda",
    "overview" : "Giovanni Martinelli sings \"Céleste Aïda\" from the opera \"Aïda\", by Giuseppe Verdi and Antonio Ghislanzoni.",
    "genres" : [ ]
  }, {
    "id" : 207834,
    "title" : "Dominion",
    "overview" : "A hunting expedition goes awry when another hunter decides to make the hunters the hunted.",
    "genres" : [ {
      "id" : 12,
      "name" : "Adventure"
    }, {
      "id" : 18,
      "name" : "Drama"
    } ]
  }, {
    "id" : 207844,
    "title" : "Richard Himber and His Orchestra",
    "overview" : "Richard Himber and His Orchestra plays us a few songs.",
    "genres" : [ ]
  }, {
    "id" : 207849,
    "title" : "Gut gebrüllt, Löwe",
    "overview" : "",
    "genres" : [ ]
  }, {
    "id" : 207859,
    "title" : "Tal Henry and His North Carolinians",
    "overview" : "The title orchestra play three popular tunes of the day.",
    "genres" : [ ]
  }, {
    "id" : 207864,
    "title" : "Green's Twentieth Century Faydettes",
    "overview" : "A straight vaudeville performance of an all-girl ensemble. The leader is dressed in something like a lord Fauntleroy outfit, and the orchestra members wear matching dresses, with a patch in the shape of their individual instruments in front. Their tunes are slower than usual Vitaphone dance band entries, including a Victor Herbert selection.",
    "genres" : [ {
      "id" : 10402,
      "name" : "Music"
    } ]
  }, {
    "id" : 207879,
    "title" : "Guessed, Congratulations!",
    "overview" : "A six-grader Yura tries to convince the kids in his new school that he is a boxer and champion.",
    "genres" : [ {
      "id" : 10751,
      "name" : "Family"
    }, {
      "id" : 35,
      "name" : "Comedy"
    } ]
  }, {
    "id" : 207894,
    "title" : "Dubravka",
    "overview" : "A young girl called Dubravka approaches adolescence and experiences some difficulties adapting to it.",
    "genres" : [ {
      "id" : 10751,
      "name" : "Family"
    }, {
      "id" : 10749,
      "name" : "Romance"
    }, {
      "id" : 18,
      "name" : "Drama"
    } ]
  }, {
    "id" : 207909,
    "title" : "Battle of Westerplatte",
    "overview" : "This harrowing war film is an epic dramatization of the first battle of World War II. The Battle of Westerplatte that began on 1 September 1939 will forever be remembered as the one that announced the beginning of the Second World War in Europe. Over one week, fewer than 200 Polish soldiers fought against heavy German bombardment and in the process came to symbolize the power of resistance. As the violence rages, a complex battle of a more personal nature plays out between two Polish commanders over how to best lead their men. Amid the bloodshed, they must ask themselves – should they fight until the last man standing or surrender in the face of overwhelming odds? What unfolds is a stirring exploration of the fight against the forces of tyranny.",
    "genres" : [ {
      "id" : 18,
      "name" : "Drama"
    }, {
      "id" : 36,
      "name" : "History"
    }, {
      "id" : 10752,
      "name" : "War"
    } ]
  }, {
    "id" : 207919,
    "title" : "The Foreigner",
    "overview" : "Funny adventures of M-me Joubert and her granddaughter Madeleine from France in the city of Odessa, USSR.",
    "genres" : [ {
      "id" : 10751,
      "name" : "Family"
    }, {
      "id" : 35,
      "name" : "Comedy"
    }, {
      "id" : 12,
      "name" : "Adventure"
    } ]
  }, {
    "id" : 207924,
    "title" : "Crossings",
    "overview" : "One ticket, two travelers. Jae needs to make it to his brother's wedding - but he just gave his only train ticket to a beautiful backpacker. Who will make it to their final destination?",
    "genres" : [ {
      "id" : 35,
      "name" : "Comedy"
    }, {
      "id" : 10749,
      "name" : "Romance"
    } ]
  }, {
    "id" : 207929,
    "title" : "WWE Unforgiven 2006",
    "overview" : "Unforgiven (2006) was a PPV which took place on September 17, 2006 at the Air Canada Centre in Toronto, Ontario. It was the eighth annual Unforgiven event. The event starred talent from the Raw brand.  The main event was a Tables, Ladders, and Chairs match for the WWE Championship between Edge and John Cena. One of the predominant matches on the card was D-Generation X (Triple H and Shawn Michaels) versus The Big Show, Vince and Shane McMahon in a Handicap Hell in a Cell match. Another primary match on the undercard was Lita versus Trish Stratus for the WWE Women's Championship in what was Stratus' final match of her full-time wrestling career.",
    "genres" : [ {
      "id" : 28,
      "name" : "Action"
    }, {
      "id" : 18,
      "name" : "Drama"
    } ]
  }, {
    "id" : 207949,
    "title" : "The Pirates and the Prince",
    "overview" : "Artoo, Threepio and a broken down android are traded into the hands of young miner Jann Tosh. The android turns out to be an alien with amnesia and a price on his head. It is in fact Mon Julpa, prince of Tammuz-an, who has been put in this predicament by the power hungry vizier Zatec-Cha. Jann, the droids, and a female freight pilot named Jessica Meade help Julpa claim his throne, battle the Pirates of Tarnoonga and settle a dispute with Tammuz-an clan leader Lord Toda. Written by Il Tesoro",
    "genres" : [ {
      "id" : 878,
      "name" : "Science Fiction"
    }, {
      "id" : 16,
      "name" : "Animation"
    }, {
      "id" : 12,
      "name" : "Adventure"
    }, {
      "id" : 10751,
      "name" : "Family"
    } ]
  }, {
    "id" : 207974,
    "title" : "Der Blaufuchs",
    "overview" : "Ilona, the bored wife of an easily distracted professor, falls in love with his friend Tibor, a world-traveler and ladykiller.  Although she pursues him, he declines to take advantage of the situation, because she's married to his best friend.  Only after her husband shows an interest in a co-worker is it possible for a happy ending to take place for the two new couples.",
    "genres" : [ {
      "id" : 10749,
      "name" : "Romance"
    }, {
      "id" : 35,
      "name" : "Comedy"
    }, {
      "id" : 18,
      "name" : "Drama"
    } ]
  }, {
    "id" : 207984,
    "title" : "Great Citizen",
    "overview" : "A biography drama about Sergey Kirov, a prominent early Bolshevik leader in the Soviet Union.",
    "genres" : [ {
      "id" : 36,
      "name" : "History"
    }, {
      "id" : 18,
      "name" : "Drama"
    } ]
  }, {
    "id" : 207999,
    "title" : "Spring Fever",
    "overview" : "Kelly's employer, Waters, is such a keen golfer that he asks Kelly to help him improve his game at an exclusive country club.",
    "genres" : [ {
      "id" : 10749,
      "name" : "Romance"
    }, {
      "id" : 35,
      "name" : "Comedy"
    } ]
  }, {
    "id" : 208004,
    "title" : "¿Por qué pecamos a los cuarenta?",
    "overview" : "Alejandro Quesada (Fernando Fernan Gomez), an eminent doctor successful with women, drives his old friends Federico (Juanjo Menéndez) and Enrique (José Luis López Vázquez) to change their attitude towards life. The death of a common friend, Luis (Jesus Puente), reaffirmed in the attempt to enjoy their existence and seek the association of younger women than their wives.",
    "genres" : [ ]
  }, {
    "id" : 208009,
    "title" : "Doggie Heaven",
    "overview" : "The creative team behind the smash hit \"Saw\" films, James Wan and Leigh Whannell, tell the story of a young man who is having a dog of a day. Hes just been shot dead, but his real problems are only just beginning due to a clerical error that has sent him to the wrong heaven.",
    "genres" : [ {
      "id" : 35,
      "name" : "Comedy"
    } ]
  }, {
    "id" : 208034,
    "title" : "Excluded",
    "overview" : "Ian, a newly qualified teacher, comes up against Mark, a troubled and disruptive pupil who teachers want to see excluded from school. Against the odds, Ian makes a connection with the boy, but will he put his career on the line to save him?",
    "genres" : [ ]
  }, {
    "id" : 208039,
    "title" : "Howard Hawks: American Artist",
    "overview" : "A tribute of Howard Hawks by the British Film Institute.",
    "genres" : [ {
      "id" : 99,
      "name" : "Documentary"
    } ]
  }, {
    "id" : 208054,
    "title" : "Poor Little Rich Girl",
    "overview" : "A young, jobless woman stays in bed, reads, talks on the phone, smokes cigarettes, makes fresh coffee, and tries on some clothes from a large wardrobe.",
    "genres" : [ {
      "id" : 18,
      "name" : "Drama"
    } ]
  }, {
    "id" : 208064,
    "title" : "FC Barcelona Confidential",
    "overview" : "Documentary following the new board of FC Barcelona as they attempt to turn around the club's business performance.",
    "genres" : [ {
      "id" : 10770,
      "name" : "TV Movie"
    }, {
      "id" : 99,
      "name" : "Documentary"
    } ]
  }, {
    "id" : 208074,
    "title" : "Field",
    "overview" : "An elegant, abstracted expression of provincial life in which ordinary everyday details become frozen and magnified as its young protagonists find themselves implicated in a moment of sheer madness.",
    "genres" : [ ]
  }, {
    "id" : 208084,
    "title" : "Fire & Rain",
    "overview" : "How do you make something last just a minute that actually takes ten times as long? You boil it down. \"I took the steel rolling process that takes about 10 minutes\", James Benning writes about Fire &amp; Rain, \"and condensed it down to one minute by cutting out portions and hiding the ellipses in time with dissolves\".",
    "genres" : [ {
      "id" : 99,
      "name" : "Documentary"
    } ]
  }, {
    "id" : 208094,
    "title" : "English Harvest",
    "overview" : "Documentary short made by Humphrey Jennings",
    "genres" : [ {
      "id" : 99,
      "name" : "Documentary"
    } ]
  }, {
    "id" : 208104,
    "title" : "Speaking from America",
    "overview" : "Documentary short by Humphrey Jennings about transatlantic telecommunications.",
    "genres" : [ ]
  }, {
    "id" : 208109,
    "title" : "S.S. Ionian",
    "overview" : "Documentary short by Humphrey Jennings",
    "genres" : [ ]
  }, {
    "id" : 208114,
    "title" : "The Crazy Fisherman's Diary 11",
    "overview" : "Hama-chan accompanies Su-san on a business trip to Okinawa in the middle of the recession, but Su-san remains in low spirits over business matters.",
    "genres" : [ ]
  }, {
    "id" : 208134,
    "title" : "Bad Grandpa",
    "overview" : "86-year-old Irving Zisman is on a journey across America with the most unlikely companion: his 8 year-old grandson, Billy.",
    "genres" : [ {
      "id" : 35,
      "name" : "Comedy"
    } ]
  }, {
    "id" : 208139,
    "title" : "The 2007 Academy Award Nominated Short Films: Animation",
    "overview" : "2007 Academy Award Short Films",
    "genres" : [ ]
  }, {
    "id" : 208179,
    "title" : "Nevada",
    "overview" : "Chrysty walks through the desert carrying nothing and heading nowhere. She enters a very small town called Silver City. The local community of woman is intrigued by the sudden arrival of an attractive stranger and they find out that Chrysty left a husband and three kids behind. One of the women, McGill, calls Chrysty's husband, West to tell him where his wife is and he comes to town.",
    "genres" : [ {
      "id" : 18,
      "name" : "Drama"
    } ]
  }, {
    "id" : 208184,
    "title" : "Working with Orson Welles",
    "overview" : "\"Working with Orson Welles\" is a low-budget production put together by Gary Graver, who worked as a cameraman for Welles in the last 15 years of his life.",
    "genres" : [ {
      "id" : 99,
      "name" : "Documentary"
    } ]
  }, {
    "id" : 208199,
    "title" : "The Best Pair of Legs in the Business",
    "overview" : "Capitalising on his remarkable success in On the Buses, Reg Varney took on the contrasting role of a third-rate holiday camp entertainer dreaming of stardom in this mid-seventies comedy feature. Also starring fellow sitcom favourite Diana Coupland and Lee Montague, The Best Pair of Legs in the Business was adapted from an individual ITV Playhouse drama and scripted by Emmerdale Farm creator Kevin Laffan.  'Sherry' Sheridan, a middle-aged compère and drag artiste currently stationed at a caravan site, is low on talent but high on ambition. Convinced he just needs one decent break to launch himself into the big time, he's relentlessly optimistic - but sadly unaware that his family life is crumbling around him. Can Sherry manage to secure both his job, and his marriage?",
    "genres" : [ {
      "id" : 35,
      "name" : "Comedy"
    }, {
      "id" : 18,
      "name" : "Drama"
    } ]
  }, {
    "id" : 208209,
    "title" : "Chicago Boricua",
    "overview" : "A group of young Puerto Ricans in Chicago's Humboldt Park neighborhood grapple with issues of identity: A beauty queen may need to mask her ethnicity; a college student falls for a bad boy; a real estate agent resists exploiting his roots.",
    "genres" : [ {
      "id" : 18,
      "name" : "Drama"
    } ]
  }, {
    "id" : 208214,
    "title" : "Criminal Minded 3",
    "overview" : "",
    "genres" : [ {
      "id" : 99,
      "name" : "Documentary"
    } ]
  }, {
    "id" : 208234,
    "title" : "The Photographical Congress Arrives in Lyon",
    "overview" : "Down the gangway, photographers leave the deck of a riverboat in large numbers.",
    "genres" : [ ]
  }, {
    "id" : 208239,
    "title" : "Dutch Touch",
    "overview" : "A documentary about Dutch hip-hop culture.",
    "genres" : [ {
      "id" : 99,
      "name" : "Documentary"
    } ]
  }, {
    "id" : 208259,
    "title" : "Chink",
    "overview" : "CHINK is about an Asian American man who has internalized the racism he felt as a child and turned it into a hatred of all Asians – including himself. His anger and his desire to be like his hero (Ted Bundy) leads him to violence and ultimately to his dream of becoming the greatest serial killer in history.",
    "genres" : [ {
      "id" : 27,
      "name" : "Horror"
    } ]
  }, {
    "id" : 208269,
    "title" : "Outpost in Morocco",
    "overview" : "Capt. Gerard, greatest lover in the Foreign Legion, is assigned to escort an emir's daughter to her father's mountain citadel and find out what he can about the emir's activities. Gerard enjoys his work with lovely Cara, but arrives to find rebellion brewing. Can the garrison be reinforced in time?",
    "genres" : [ {
      "id" : 28,
      "name" : "Action"
    }, {
      "id" : 12,
      "name" : "Adventure"
    } ]
  }, {
    "id" : 208279,
    "title" : "Girl and Boy",
    "overview" : "Adventures of two tweens - Tosia and Tomek.",
    "genres" : [ {
      "id" : 10751,
      "name" : "Family"
    } ]
  }, {
    "id" : 208284,
    "title" : "The Strange Color of Your Body's Tears",
    "overview" : "A woman vanishes. Her husband inquires into the strange circumstances of her disappearance. Did she leave him? Is she dead? As he goes along searching, he plunges into a world of nightmare and violence...",
    "genres" : [ {
      "id" : 9648,
      "name" : "Mystery"
    }, {
      "id" : 53,
      "name" : "Thriller"
    } ]
  }, {
    "id" : 208289,
    "title" : "Going Equipped",
    "overview" : "A young man in prison is interviewed and talks about his life, how he got into prison, and what it's like doing time.",
    "genres" : [ ]
  }, {
    "id" : 208294,
    "title" : "Out of Time",
    "overview" : "The small old-fashioned family shops in Vienna are disappearing or holding out. These are the last days of the Button Queen, the drugstore owner, the butcher and the fine leather–goods dealer. Yet this quaint picture is soon shattered by stories and gestures marked by the disruptions of History, social violence and disappointment, behind the jumble of goods and obsessive tidying up.  OUT OF TIME lovingly portrays four jewels of their trades. Silently observed by the camera, it’s a tale of the walls encompassing their lives, of their memories, relationships and desires, of loneliness and letting go, of love, and of new hope.",
    "genres" : [ ]
  }, {
    "id" : 208309,
    "title" : "Hotel Pacific",
    "overview" : "Set in the early 1930s, a young man finds a job as a dishwasher in a hotel and quickly works his way up the ladder. Loosely based on the novel by Henryk Worcell.",
    "genres" : [ {
      "id" : 18,
      "name" : "Drama"
    } ]
  }, {
    "id" : 208319,
    "title" : "Kenedi Goes Back Home",
    "overview" : "A film about Roma deportations.",
    "genres" : [ {
      "id" : 99,
      "name" : "Documentary"
    } ]
  }, {
    "id" : 208344,
    "title" : "Time Again: Amy Grant Live",
    "overview" : "Time Again... Amy Grant Live was captured during two sold out performances April 11th and 12th, 2006 at the exquisite Bass Hall in Fort Worth, TX. Weaving a retrospective journey through a lifetime's worth of her most treasured songs, Amy invited audiences into her \"living room\" for a live concert experience unlike any other. Time Again also includes an inside look at the world of Amy and her band through an in depth behind the scenes documentary.",
    "genres" : [ {
      "id" : 10402,
      "name" : "Music"
    } ]
  }, {
    "id" : 208359,
    "title" : "Blue Bird",
    "overview" : "In the middle of the 18th Century, the Ruster family immigrates to the United States. The father, a former farm laborer, leads a hard life as a settler along with his family. One day the nine year-old George, his second-youngest son, is kidnapped by Iroquois. He is taken in by an Indian family in the place of a deceased son and receives the name \"Blue Bird.\" The boy has homesickness and difficulties accustoming to the customs of the Indians.",
    "genres" : [ {
      "id" : 12,
      "name" : "Adventure"
    }, {
      "id" : 10751,
      "name" : "Family"
    }, {
      "id" : 37,
      "name" : "Western"
    } ]
  }, {
    "id" : 208364,
    "title" : "Perfectly Prudence",
    "overview" : "Versatile technician Nigel and daughter Annie MacIntyre, officially her producer, are the only people people classy Prudence McCoy lets intervene in the traditional show on household tips she presents, third generation. But the TV station was bought by a tycoon, who sends his son Michael Merchant to modernize the show, assisted by studio executive Jack Jameson, Prue's ex. That includes a make over and, even worse, co-host Angelica Adams, an immature bikini whether program presenter, who looks up to 'maternal' Prue. Her counter-move is no less daring.",
    "genres" : [ {
      "id" : 35,
      "name" : "Comedy"
    }, {
      "id" : 10770,
      "name" : "TV Movie"
    } ]
  }, {
    "id" : 208369,
    "title" : "Há Tourada na Aldeia",
    "overview" : "Every year, in the province with the highest rate of desertification in Portugal, thirteen villages of the border rejuvenate a bullfight with unique characteristics: the Capeia Arraiana. The butlers prepare they party and contribute to the ethnographic heritage, starting a ritual of emancipation where we can see confrontations with the force of the bull. Several men wear a rudimentary object made of wood, and fight the bulls that are brought in, often from Spain. The villages compete against each other in search of the Best Capeia of the Year.",
    "genres" : [ ]
  }, {
    "id" : 208374,
    "title" : "Go to Blazes",
    "overview" : "Bernard, Harry and Alfie are three charming but unsuccessful crooks who smash and grab tactics rarely come off. On their way for another stint behind bars they see the traffic part for an on call fire engine and hatch a new plan. Upon their release they set out to acquire a fire engine to use as the perfect getaway vehicle on a jewelry robbery. But when they are mistaken for real firemen their plan slowly begins to unravel. When Harry gets scared by the appearance of the police he accidentally runs into a dress salons changing room. He meets the beautiful Chantal who might just hold the key to finally pulling off a successful heist.",
    "genres" : [ {
      "id" : 35,
      "name" : "Comedy"
    } ]
  }, {
    "id" : 208389,
    "title" : "Pioneers of the West",
    "overview" : "Pioneers of the West is a 1940 American Western \"Three Mesquiteers\" B-movie[1] directed by Lester Orlebeck.",
    "genres" : [ {
      "id" : 37,
      "name" : "Western"
    } ]
  }, {
    "id" : 208394,
    "title" : "The El Paso Kid",
    "overview" : "In this Western, an outlaw tries to escape from a gang of robbers after they refuse to assist a gang member wounded during a stagecoach caper. He and the wounded outlaw leave and try to steal a stagecoach as their ex-gang robs it. The sheriff's daughter observes the incident. Believing that the two outlaws were trying to save the stage, she takes them into town where the \"heroes\" are given jobs working for the stage.",
    "genres" : [ {
      "id" : 37,
      "name" : "Western"
    } ]
  }, {
    "id" : 208399,
    "title" : "L'Homme en colère",
    "overview" : "",
    "genres" : [ {
      "id" : 18,
      "name" : "Drama"
    } ]
  }, {
    "id" : 208404,
    "title" : "Sofía",
    "overview" : "Telefilm on Spain Queen Sofia. It all starts in Corfu (Greece), in the summer of 1961. The Royal Palace of Mon Repos, summer residence of the Greek royal family, he wakes up at work. The service strives to prepare the house for some illustrious guests: the \"Barcelona\", which are none other than the Spanish royal family in exile. The purpose of the visit is to formalize the relationship between Sofia, the eldest daughter of the kings of Greece Paul and Frederika, with Juan Carlos, the son of Juan de Borbón and Maria de las Mercedes. Both young intimated in London, at the wedding of the Duke and Duchess of Kent.",
    "genres" : [ {
      "id" : 18,
      "name" : "Drama"
    }, {
      "id" : 10749,
      "name" : "Romance"
    } ]
  }, {
    "id" : 208409,
    "title" : "Stablemates",
    "overview" : "A boozy former veterinarian and a teenage orphan team together with dreams of entering a broken-down horse in the big race.",
    "genres" : [ {
      "id" : 18,
      "name" : "Drama"
    } ]
  }, {
    "id" : 208414,
    "title" : "Taking Father Home",
    "overview" : "A 17 year old boy from a village in the Sechuan province leaves for the big city looking for his father, who left 6 years before and has not been heard of since. The fact that his mother still receives money his father does nothing to tame his anger. He his not looking for a warm reunion, it is unconcealed revenge that drives him. Totally lost, he roams the big city with his basket of ducks on his back...",
    "genres" : [ {
      "id" : 18,
      "name" : "Drama"
    } ]
  }, {
    "id" : 208429,
    "title" : "Platinum Data",
    "overview" : "Set in the year 2017, the Japanese government attempts to secretly control the DNA of its people.",
    "genres" : [ {
      "id" : 18,
      "name" : "Drama"
    }, {
      "id" : 9648,
      "name" : "Mystery"
    } ]
  }, {
    "id" : 208434,
    "title" : "The Scarlet Coat",
    "overview" : "A Colonial major (Cornel Wilde) turns traitor to catch a British spy (Michael Wilding) plotting with Benedict Arnold.",
    "genres" : [ {
      "id" : 12,
      "name" : "Adventure"
    }, {
      "id" : 18,
      "name" : "Drama"
    } ]
  }, {
    "id" : 208439,
    "title" : "Martin Petit: Full Scale",
    "overview" : "",
    "genres" : [ {
      "id" : 35,
      "name" : "Comedy"
    } ]
  }, {
    "id" : 208449,
    "title" : "The Final Chapter: The Death of Xander Cage",
    "overview" : "Short filling the gaps between xXx and xXx: State of the Union. Likely rendered non-canon by the release of xXx: Return of Xander Cage (2017). An extra from xXx (2002) Directors Cut.",
    "genres" : [ {
      "id" : 28,
      "name" : "Action"
    } ]
  }, {
    "id" : 208469,
    "title" : "XX: Beautiful Weapon",
    "overview" : "A blind female assassin lives alone in a remote house; her superiors occasionally send her \"clients\" / targets that she shoots right after having sex with them in her completely darkened bedroom.",
    "genres" : [ ]
  }, {
    "id" : 208474,
    "title" : "Décadence",
    "overview" : "The story is about 3 crazy guys who kill tourists in the mountains. They raise a captured kid to be like them. What we have here is : murder, rape, homosexuality, cross dressers, bad acting, torture...",
    "genres" : [ ]
  }, {
    "id" : 208479,
    "title" : "Disruption",
    "overview" : "A Filipino-American boxer on a pleasure trip, a prostitute on a mission, a local drug dealer experimenting with time travel, and a social climber all cross paths in Cebu, the beautiful Philippine southern island, in this deliriously imagined occult superhero movie.",
    "genres" : [ {
      "id" : 18,
      "name" : "Drama"
    } ]
  }, {
    "id" : 208494,
    "title" : "Olympia",
    "overview" : "The story revolves around Olympia, an 18-year-old looking to become famous by entering the world of online pornography.",
    "genres" : [ ]
  }, {
    "id" : 208519,
    "title" : "30 Ghosts",
    "overview" : "30 GHOSTS chronicles rural Ontario horse farmer and paranormal-investigator-on-the-side, Kim Hadfield, over a year of intense struggle as she pursues her dream of proving to mankind that ghosts exist.",
    "genres" : [ {
      "id" : 99,
      "name" : "Documentary"
    } ]
  }, {
    "id" : 208524,
    "title" : "Stars and the Moon: Betty Buckley Live at the Donmar",
    "overview" : "Recorded and filmed live at The Donmar Warehouse, London, August 31 and September 1, 2000.",
    "genres" : [ ]
  }, {
    "id" : 208529,
    "title" : "Getting In",
    "overview" : "Gabriel Higgs has failed to get into Johns Hopkins to study medicine. He's sixth on a list of backup candidates, and must persuade the five people ahead of him to drop out. Gabriel has a family tradition to live up to. Things don't go to plan.",
    "genres" : [ {
      "id" : 35,
      "name" : "Comedy"
    }, {
      "id" : 10749,
      "name" : "Romance"
    } ]
  }, {
    "id" : 208544,
    "title" : "Das Musikhotel am Wolfgangsee",
    "overview" : "Some musicians try to save a hotel from bankruptcy.",
    "genres" : [ ]
  }, {
    "id" : 208554,
    "title" : "Treasure Of Ruby Hills",
    "overview" : "Ranchers battle one another over water rights. Western.",
    "genres" : [ {
      "id" : 37,
      "name" : "Western"
    } ]
  } ]
}