{
  "movies" : [ {
    "id" : 299324,
    "title" : "Patati Patatá - Na Cidade Dos Sonhos",
    "overview" : "",
    "genres" : [ {
      "id" : 10402,
      "name" : "Music"
    } ]
  }, {
    "id" : 299334,
    "title" : "Patati Patatá - No Mundo Encantado",
    "overview" : "",
    "genres" : [ {
      "id" : 16,
      "name" : "Animation"
    } ]
  }, {
    "id" : 299339,
    "title" : "פסטיגל X",
    "overview" : "",
    "genres" : [ ]
  }, {
    "id" : 299344,
    "title" : "The Light of Sion",
    "overview" : "Ancient prophecy predicts that a time shall come when the light of Sion, or the center of our galaxy, will rise. During this time, we will experience the ascension of our souls' vibration as we are anointed by the hidden power of this light. The result will be an awakening of a higher human consciousness. It is time to move beyond our fear and embrace the Way of Light. Together we can overcome the wars that have a devastating and dehumanizing impact on all of mankind.",
    "genres" : [ ]
  }, {
    "id" : 299349,
    "title" : "I Love You Mom, Please Don't Break My Heart",
    "overview" : "Documentary - I Love You Mom, Please Don't Break My Heart is the true story of one boy's journey through a childhood of physical, mental, and emotional abuse. -",
    "genres" : [ ]
  }, {
    "id" : 299354,
    "title" : "Into the Cave of Wonders",
    "overview" : "Documentary - A unique glimpse of a miracle of nature, the Cave of Wonders, from its beginning millions of years ago to nowadays. Shot in 4k resolution, it is the first movie ever shot entirely in hyper-reality  -  Manuel Ángel Reina, Claudia Garrote",
    "genres" : [ ]
  }, {
    "id" : 299359,
    "title" : "The Cabining",
    "overview" : "Todd and Bruce, a hapless screenwriting team, get one last shot at success thanks to Todd's wealthy uncle, Sarge. If they pen a worthy horror script, Sarge will fund the entire project. But there is one condition - the script must be complete in two weeks. With the deadline looming and no fresh ideas, Todd and Bruce head to Shangri-La, a serene artist's retreat, with the hope that the peace and company of fellow artists will inspire greatness... or, failing greatness, at least enough for straight-to-DVD. Shangri-La proves to be anything but serene, as the artists die off one by one, seemingly by accident. Bruce convinces Todd to soak in this morbid atmosphere to help with the writing, but soon those two are fighting for their lives as well.",
    "genres" : [ {
      "id" : 53,
      "name" : "Thriller"
    }, {
      "id" : 27,
      "name" : "Horror"
    } ]
  }, {
    "id" : 299364,
    "title" : "A Parallel Hereafter",
    "overview" : "Léandre is a Montreal computer scientist in charge of the protection of the Minister of Public Safety. After selling secret information to the Mafia, he realizes he’s been directly implicated in an attack on the politician. If things weren't bad enough, Léandre ends up in the hospital because of awfully painful kidney stones. He then decides to leave his problems and his girlfriend behind to find refuge with his aunt in his small hometown of Havre-St-Pierre. Hiding from everyone that he’s wanted by the police, Léandre renews his relationships with his childhood friends and his childhood sweetheart, Ève.",
    "genres" : [ {
      "id" : 18,
      "name" : "Drama"
    } ]
  }, {
    "id" : 299369,
    "title" : "Stalag 17: From Reality to Screen",
    "overview" : "A documentary about the making of Billy Wilder's Stalag 17.",
    "genres" : [ ]
  }, {
    "id" : 299374,
    "title" : "Withholding Nothing",
    "overview" : "International Worship Leader and Pastor William McDowell leads viewers and listeners to the seat of worship with his latest concert film Withholding Nothing.",
    "genres" : [ ]
  }, {
    "id" : 299379,
    "title" : "Liverpool As Seen from the Front of an Electric Car from the Pierhead to the Circus",
    "overview" : "Filmed from the front of a tram, this is a fine example of the popular early film form known as a 'phantom ride', shot from a moving vehicle to give the audience a virtual journey. Heading from the Pier Head (where the iconic 'Three Graces' had yet to be built), towards the commercial centre of Liverpool, we pass by smartly-dressed city folk - many of whom look towards the camera in fascination.",
    "genres" : [ ]
  }, {
    "id" : 299384,
    "title" : "Power Games",
    "overview" : "A group of teenagers training for the national Power Commando championship games mistakenly find themselves on land owned by drug merchants. With only harmless paint bullets as their weapons, they must match their skills against live ammunition and the ruthless men behind it.",
    "genres" : [ {
      "id" : 53,
      "name" : "Thriller"
    }, {
      "id" : 28,
      "name" : "Action"
    } ]
  }, {
    "id" : 299389,
    "title" : "Kein Engel ist so rein",
    "overview" : "",
    "genres" : [ {
      "id" : 35,
      "name" : "Comedy"
    } ]
  }, {
    "id" : 299404,
    "title" : "Der erste Frühlingstag",
    "overview" : "",
    "genres" : [ {
      "id" : 35,
      "name" : "Comedy"
    } ]
  }, {
    "id" : 299409,
    "title" : "Mit besten Empfehlungen",
    "overview" : "",
    "genres" : [ {
      "id" : 18,
      "name" : "Drama"
    } ]
  }, {
    "id" : 299414,
    "title" : "Sie werden sterben, Sire",
    "overview" : "",
    "genres" : [ {
      "id" : 35,
      "name" : "Comedy"
    } ]
  }, {
    "id" : 299419,
    "title" : "Sechs Stunden Angst",
    "overview" : "",
    "genres" : [ {
      "id" : 18,
      "name" : "Drama"
    } ]
  }, {
    "id" : 299424,
    "title" : "Bellator 129",
    "overview" : "Bellator 129 took place on October 17, 2014 at the Mid-America Center in Council Bluffs, Iowa. The event aired live in prime time on Spike TV.",
    "genres" : [ ]
  }, {
    "id" : 299429,
    "title" : "Extases très particulières",
    "overview" : "Every day \"Mom\" goes to work, leaving her daughter to organize her day. While \"Mom\" knows a life of turpitude, depravity and debauchery of all kinds because it is in a very private hostess club, her daughter tastes the sexual freedoms of the permissive society of her time...",
    "genres" : [ ]
  }, {
    "id" : 299434,
    "title" : "Ken Davis: Fully Alive",
    "overview" : "Comedian Ken Davis explains why so many people lose their passion for life, then lays out a path for once again becoming fully alive.",
    "genres" : [ {
      "id" : 10751,
      "name" : "Family"
    }, {
      "id" : 35,
      "name" : "Comedy"
    } ]
  }, {
    "id" : 299439,
    "title" : "A Samurai's Love",
    "overview" : "A film about the Ghost of Okiku that's based on the kabuki play Bancho Sarayashiki.",
    "genres" : [ {
      "id" : 27,
      "name" : "Horror"
    }, {
      "id" : 18,
      "name" : "Drama"
    } ]
  }, {
    "id" : 299449,
    "title" : "White Snake Woman",
    "overview" : "While transporting a bride-to-be in a closed carriage (kago) while during a thunderstorm, a group of servants and onlookers suddenly come upon an apparition of a ghostly white-draped female figure floating down to the ground. As she turns to face the crowd, the woman reveals the disfigured right side of her face. As the procession stands in utter horror, the ghost then takes flight again and down a side street. After the shock wears off, the bride is checked on and everyone is safe in the group. Once the wedding party finally arrives at the groom's home, they apologize for the delay... and proceed to open the kago, only to realize that the bride-to-be is now missing... and all that's left in the carriage is a single white snake slithering about.",
    "genres" : [ {
      "id" : 27,
      "name" : "Horror"
    }, {
      "id" : 18,
      "name" : "Drama"
    } ]
  }, {
    "id" : 299454,
    "title" : "I'm Not Les: A Transgender Story",
    "overview" : "For almost 70 years, Sherri hid herself from the world. Everyone knew her as Les, a welder, a husband and a father. She was a biological male, but her physical gender didn't match the way she felt about who she was. Like many people in this country living with Gender Identity disorder, she was ostracized, harassed, and abused throughout her life. In fact, ninety percent of people expressing a trans-gender identity report being harassed and discriminated against at school and at work. The unemployment rate for trans-gender people is double that of the general population. More than 40 percent of trans-gender people attempt suicide at least once. \"I'm not Les\" is the deeply personal account of one women's journey to create an identity and find her place in the world. Follow Sherri, from childhood to womanhood, as she struggles to fit in, to find love, and to accept herself.",
    "genres" : [ ]
  }, {
    "id" : 299459,
    "title" : "Intersex Exposition: Full Monty",
    "overview" : "Intersex Exposition: Full Monty is a short documentary about a Jewish Australian who performs at a lesbian strip club in Sydney and ‘comes out’ (naked) as Intersex during the performance. It was produced and directed by the performer themselves.",
    "genres" : [ ]
  }, {
    "id" : 299464,
    "title" : "The Smoke",
    "overview" : "City lawyer Brad Walker (Matt di'Angelo) is having the worst day of his life. His high-maintenance girlfriend Sasha (Anna Passey) has left him for his so-called friend Tom (Christian Brassington) and to add insult to injury, he's been fired too. On a night out drowning his sorrows with old friend Dean (Jeff Leach), he overhears a conversation between Phil (Darren Ripley) and Ben (Stephen Marcus) - two drug dealers working for small-time gangster Jack (Alan Ford) - that will change his life forever...",
    "genres" : [ {
      "id" : 53,
      "name" : "Thriller"
    }, {
      "id" : 80,
      "name" : "Crime"
    } ]
  }, {
    "id" : 299469,
    "title" : "The Hoarder",
    "overview" : "A greedy little blue jay carries away whatever his beak can grasp. Berries, birds' eggs (nests and all), and even the sun in the sky go into his secret cache.",
    "genres" : [ ]
  }, {
    "id" : 299474,
    "title" : "The Invisible Man in Istanbul",
    "overview" : "H.G. Well’s popular creation gets a Turkish reworking in this fascinating account about a scientist who becomes the invisible man to track down his wife’s killer. Written by Vasillis ‘Bill’ Barounis",
    "genres" : [ {
      "id" : 878,
      "name" : "Science Fiction"
    }, {
      "id" : 53,
      "name" : "Thriller"
    } ]
  }, {
    "id" : 299479,
    "title" : "Erinnerung an zwei Montage",
    "overview" : "",
    "genres" : [ {
      "id" : 18,
      "name" : "Drama"
    } ]
  }, {
    "id" : 299494,
    "title" : "Il fitto dei padroni non lo paghiamo più",
    "overview" : "Documentary,  Short, underground film",
    "genres" : [ {
      "id" : 99,
      "name" : "Documentary"
    } ]
  }, {
    "id" : 299499,
    "title" : "Hindistan Cevizi",
    "overview" : "",
    "genres" : [ ]
  }, {
    "id" : 299504,
    "title" : "Life Raft",
    "overview" : "After their sailing boat mysteriously sinks, a group of friends, with no supplies and strange happenings, try to work together long enough to survive.",
    "genres" : [ {
      "id" : 27,
      "name" : "Horror"
    } ]
  }, {
    "id" : 299509,
    "title" : "Die zweite Frau",
    "overview" : "",
    "genres" : [ {
      "id" : 18,
      "name" : "Drama"
    } ]
  }, {
    "id" : 299514,
    "title" : "Yellow Card",
    "overview" : "A teenage soccer star learns some tough lessons about the consequences of unprotected sex.",
    "genres" : [ {
      "id" : 18,
      "name" : "Drama"
    }, {
      "id" : 35,
      "name" : "Comedy"
    } ]
  }, {
    "id" : 299524,
    "title" : "Money Hunting",
    "overview" : "Cum join these horny euro sluts for a hardcore good time!",
    "genres" : [ ]
  }, {
    "id" : 299529,
    "title" : "Rob o Robô Vol 2",
    "overview" : "",
    "genres" : [ {
      "id" : 16,
      "name" : "Animation"
    } ]
  }, {
    "id" : 299534,
    "title" : "Untitled Avengers Movie",
    "overview" : "The culmination of the Marvel Cinematic Universe.",
    "genres" : [ {
      "id" : 28,
      "name" : "Action"
    }, {
      "id" : 12,
      "name" : "Adventure"
    }, {
      "id" : 878,
      "name" : "Science Fiction"
    } ]
  }, {
    "id" : 299539,
    "title" : "The Bad Boy",
    "overview" : "First short film by Wajda, based on the story \"A Naughty Boy\" by A. Chekhov.",
    "genres" : [ ]
  }, {
    "id" : 299549,
    "title" : "Mörderische Jagd",
    "overview" : "",
    "genres" : [ {
      "id" : 35,
      "name" : "Comedy"
    }, {
      "id" : 80,
      "name" : "Crime"
    } ]
  }, {
    "id" : 299559,
    "title" : "Highpoint",
    "overview" : "James Hatcher embezzles ten million dollars from a joint mafia/CIA operation, leaving them squabbling with each other. Unemployed Lewis Kinney gets caught up in the intrigue, and must try to recover the money, while saving the beautiful Lise Hatcher (hopefully for himself).",
    "genres" : [ {
      "id" : 53,
      "name" : "Thriller"
    }, {
      "id" : 28,
      "name" : "Action"
    }, {
      "id" : 35,
      "name" : "Comedy"
    } ]
  }, {
    "id" : 299564,
    "title" : "Dead or Alive",
    "overview" : "Crime drama starring Dominique Pinon and Bernard Montiel.",
    "genres" : [ ]
  }, {
    "id" : 299569,
    "title" : "Schneider Wibbel",
    "overview" : "",
    "genres" : [ {
      "id" : 35,
      "name" : "Comedy"
    } ]
  }, {
    "id" : 299574,
    "title" : "One Starry Christmas",
    "overview" : "An aspiring astronomy professor finds unexpected Christmas romance when she meets a charming cowboy during her holiday travel. As she decides between this new cowboy and her practical boyfriend, she must decide whether it's better to play it safe in love, or let an adventurous cowboy steal her heart.",
    "genres" : [ {
      "id" : 10770,
      "name" : "TV Movie"
    }, {
      "id" : 10749,
      "name" : "Romance"
    } ]
  }, {
    "id" : 299579,
    "title" : "Northpole",
    "overview" : "Northpole, the magical city where Santa and his elves live and work is in trouble. Families around the globe have gotten too busy to enjoy the season together, and Northpole depends on their holiday happiness to keep running. In the hopes of turning things around, a determined young elf befriends a little boy with a lot of spirit. His skeptical journalist mom doesn’t have room in her heart for anything but the facts, so it’s going to take a little nudge from his charming teacher to create an unbeatable Christmas team to turn around this town and share the importance of the season with the whole world.",
    "genres" : [ {
      "id" : 10770,
      "name" : "TV Movie"
    }, {
      "id" : 14,
      "name" : "Fantasy"
    }, {
      "id" : 10751,
      "name" : "Family"
    } ]
  }, {
    "id" : 299584,
    "title" : "Christmas Under Wraps",
    "overview" : "When a driven doctor doesn't get the prestigious position she planned for, she unexpectedly finds herself moving to a remote Alaskan town. While she meets the locals and even starts a new romance, she has to learn to let the life she planned for give way to a love she never could have imagined, and finds this festive small town is hiding one big holiday secret.",
    "genres" : [ {
      "id" : 10770,
      "name" : "TV Movie"
    }, {
      "id" : 10749,
      "name" : "Romance"
    } ]
  }, {
    "id" : 299589,
    "title" : "Croaker",
    "overview" : "A curse was originally cast from the attack of Haidamark Cossacks on Nemirov Poland, 1648, spawning a mythological creature, the Vodnik. This curse now plagues the Sirko family and the citizens of his town are paying with their souls. Macy is of course hesitant to believe urban legend as is local County Sherriff, Ben Cade, who suspects Florian is dealing with the grief of losing his brother in a more sinister way.",
    "genres" : [ ]
  }, {
    "id" : 299594,
    "title" : "Der Tote im Watt",
    "overview" : "",
    "genres" : [ ]
  }, {
    "id" : 299599,
    "title" : "Asylum: the Lost Footage",
    "overview" : "A group of amateur ghost hunters go missing as they journey into the bowels of an abandon Insane Asylum in a search for evidence of the 'Lady in White' said to haunt the grounds. The only evidence of their quest of no return are video cards discovered by workman as they demolish what's left of the vacant structures. Some of the footage was salvageable and reveals the missing ghost hunters fate as they traverse into the unknowns of the Asylum",
    "genres" : [ {
      "id" : 27,
      "name" : "Horror"
    } ]
  }, {
    "id" : 299604,
    "title" : "Tarantino's Basterds",
    "overview" : "",
    "genres" : [ ]
  }, {
    "id" : 299609,
    "title" : "Rites of Love and Math",
    "overview" : "Is there a mathematical formula for love without death? The film 'Rites of Love and Math' is a sprawling allegory about Truth and Beauty, Love and Death, Mathematics and Tattoo, set on the stage of Japanese Noh theater.",
    "genres" : [ ]
  }, {
    "id" : 299614,
    "title" : "Ghost Story: Depth of Kasane",
    "overview" : "Follows the murder of a money-lending masseur by an impoverished samurai. The slain masseur's daughter will also fall victim to his curse, so that she can become empowered as an agent of her father's vengeance.",
    "genres" : [ {
      "id" : 27,
      "name" : "Horror"
    } ]
  }, {
    "id" : 299624,
    "title" : "Ghost Story of Kakui Street",
    "overview" : "Features a haunted well with yet another blind masseur's vengeful ghost.",
    "genres" : [ {
      "id" : 27,
      "name" : "Horror"
    } ]
  }, {
    "id" : 299629,
    "title" : "Metamorphosis",
    "overview" : "Hamilton Souther is the founder of Blue Morpho Tours, a company that caters to ayahuasca tourists in the Peruvian Amazon. Souther talks about the events that led him to Amazonian shamanism. Five first-time ayahuasca drinkers on a nine-day retreat with Blue Morpho relate their experiences.",
    "genres" : [ {
      "id" : 99,
      "name" : "Documentary"
    } ]
  }, {
    "id" : 299639,
    "title" : "New Ghost Story Heretic Lust: Oiwa's Vengeful Ghost",
    "overview" : "Horror filmed directed by Kinya Ogawa.",
    "genres" : [ {
      "id" : 27,
      "name" : "Horror"
    } ]
  }, {
    "id" : 299644,
    "title" : "Tom & Jerry: The Complete Collection Volume 10",
    "overview" : "",
    "genres" : [ ]
  }, {
    "id" : 299649,
    "title" : "Free Speech",
    "overview" : "When all the voices have been silenced, only one will remain. And when this last voice is no longer heard...",
    "genres" : [ {
      "id" : 16,
      "name" : "Animation"
    }, {
      "id" : 18,
      "name" : "Drama"
    } ]
  }, {
    "id" : 299654,
    "title" : "When the Sun Turns Into Juice",
    "overview" : "My daughter's expression for beautiful sunset.",
    "genres" : [ ]
  }, {
    "id" : 299659,
    "title" : "Snip",
    "overview" : "Shards of film fly from the screen with the frenetic sounds of Fats Waller on the piano.",
    "genres" : [ ]
  }, {
    "id" : 299664,
    "title" : "1000 Plateaus",
    "overview" : "Made entirely in the front seat of a car with simple art tools direct to film, this handmade short celebrates the joy of road maps, travel and jazz music.",
    "genres" : [ ]
  }, {
    "id" : 299669,
    "title" : "Mi esposa me comprende",
    "overview" : "Bachelor friend of a married couple gets caught up in the drama generated by the husband's philandering.",
    "genres" : [ ]
  }, {
    "id" : 299674,
    "title" : "All Cats Are Grey",
    "overview" : "",
    "genres" : [ {
      "id" : 18,
      "name" : "Drama"
    } ]
  }, {
    "id" : 299679,
    "title" : "Wir machen durch bis morgen früh",
    "overview" : "",
    "genres" : [ {
      "id" : 35,
      "name" : "Comedy"
    } ]
  }, {
    "id" : 299684,
    "title" : "Für zwei Groschen Zärtlichkeit",
    "overview" : "",
    "genres" : [ {
      "id" : 18,
      "name" : "Drama"
    } ]
  }, {
    "id" : 299689,
    "title" : "Great Big Groovy Horse",
    "overview" : "Rock musical retelling of the legend of the Trojan Horse.",
    "genres" : [ {
      "id" : 10402,
      "name" : "Music"
    } ]
  }, {
    "id" : 299694,
    "title" : "The Proud Rider",
    "overview" : "A social dropout joins a gang of bikers portrayed by members of the Satan's Choice motorcycle club.",
    "genres" : [ {
      "id" : 18,
      "name" : "Drama"
    }, {
      "id" : 28,
      "name" : "Action"
    } ]
  }, {
    "id" : 299699,
    "title" : "As You Were",
    "overview" : "Two childhood friends who are now a couple find their relationship threatened by the mysterious workings of memory and the foibles of familiarity.",
    "genres" : [ ]
  }, {
    "id" : 299704,
    "title" : "Song of Romance",
    "overview" : "Shaw Bros. Romance",
    "genres" : [ {
      "id" : 10402,
      "name" : "Music"
    } ]
  }, {
    "id" : 299709,
    "title" : "Everything She Ever Wanted",
    "overview" : "Based on the Ann Rule novel, about a woman who for decades killed family members who dared to cross her.",
    "genres" : [ ]
  }, {
    "id" : 299714,
    "title" : "Lies of the Heart: The Story of Laurie Kellogg",
    "overview" : "A young mother is accused of convincing four teenagers to murder her husband, who she claims abused her during their ten-year relationship.",
    "genres" : [ {
      "id" : 10770,
      "name" : "TV Movie"
    } ]
  }, {
    "id" : 299719,
    "title" : "Give Me Back My Skin",
    "overview" : "A man and a woman get into a car accident with a witch, who takes out her anger on them by switching their bodies...",
    "genres" : [ {
      "id" : 14,
      "name" : "Fantasy"
    }, {
      "id" : 35,
      "name" : "Comedy"
    } ]
  }, {
    "id" : 299724,
    "title" : "Teleco e Teco Criança Alegria",
    "overview" : "",
    "genres" : [ {
      "id" : 16,
      "name" : "Animation"
    } ]
  }, {
    "id" : 299729,
    "title" : "Banksy Does New York",
    "overview" : "On October 1, 2013, the elusive street artist Banksy launched a month-long residency in New York, an art show he called Better Out Than In. As one new work of art was presented each day in a secret location, a group of fans, called “Banksy Hunters,” took to the streets and blew up social media.",
    "genres" : [ {
      "id" : 99,
      "name" : "Documentary"
    } ]
  }, {
    "id" : 299734,
    "title" : "Così fan tutte",
    "overview" : "Mozart's genius in setting to music da Ponte's comic play of love, infidelity and forgiveness marks COSI FAN TUTTE as one of the great works of art from the Age of Enlightenment. Nicholas Hytner's beautiful new production, with its sure touch and theatrical know-how, lives up to its promise to be \"shockingly traditional\" as Iván Fischer teases artful performances from an outstanding international cast of convincing young lovers.",
    "genres" : [ {
      "id" : 10402,
      "name" : "Music"
    }, {
      "id" : 10749,
      "name" : "Romance"
    }, {
      "id" : 35,
      "name" : "Comedy"
    } ]
  }, {
    "id" : 299739,
    "title" : "Real Heroes",
    "overview" : "A group of B-string superheroes go on a reality show in hopes of hitting the big time.",
    "genres" : [ ]
  }, {
    "id" : 299744,
    "title" : "WWE: The Rock: The Most Electrifying Man in Sports Entertainment - Vol. 2",
    "overview" : "THE ROCK: THE MOST ELECTRIFYING MAN IN SPORTS ENTERTAINMENT - VOL. 2 chronicles the greatest matches in Rock's historic WWE career. Relive some of the most significant bouts in the Great One's career. Volume 2 covers from mid-1999 through early 2002, including battles with Triple H, Undertaker, Kurt Angle, and Chris Jericho, as well as a pair of Steel Cage Matches.",
    "genres" : [ ]
  }, {
    "id" : 299749,
    "title" : "The Color Orange: The Condredge Holloway Story",
    "overview" : "Condredge Holloway, one of the most celebrated athletes in Tennessee Volunteers history, is the subject of a Kenny Chesney-produced film that documents the life and career of the SEC's first African-American starting quarterback.",
    "genres" : [ ]
  }, {
    "id" : 299754,
    "title" : "Alice Cooper: Raise the Dead (Live from Wacken)",
    "overview" : "Featuring 22 songs - including covers of the Doors‘ ‘Break on Through,’ the Who‘s ‘My Generation’ and Pink Floyd‘s ‘Another Brick in the Wall’ - the DVD spotlights Cooper’s legendary stage show, complete with the famous guillotine.",
    "genres" : [ {
      "id" : 10402,
      "name" : "Music"
    } ]
  }, {
    "id" : 299759,
    "title" : "Frechheit siegt",
    "overview" : "",
    "genres" : [ {
      "id" : 35,
      "name" : "Comedy"
    } ]
  }, {
    "id" : 299764,
    "title" : "Bismarck von hinten oder Wir schließen nie",
    "overview" : "",
    "genres" : [ {
      "id" : 35,
      "name" : "Comedy"
    } ]
  }, {
    "id" : 299769,
    "title" : "König der Manege",
    "overview" : "",
    "genres" : [ {
      "id" : 35,
      "name" : "Comedy"
    } ]
  }, {
    "id" : 299774,
    "title" : "Viktoria: A Tale of Grace and Greed",
    "overview" : "The Roma Viktoria leaves her home town of Budapest to earn the big money in Switzerland. Every night she finds herself as a prostitute in the back alleys of Zurich. Although surrounded by greed, fast sex and violence she also finds friendship, love and herself.",
    "genres" : [ {
      "id" : 18,
      "name" : "Drama"
    } ]
  }, {
    "id" : 299779,
    "title" : "Oberwachtmeister Schwenke",
    "overview" : "",
    "genres" : [ {
      "id" : 18,
      "name" : "Drama"
    } ]
  }, {
    "id" : 299784,
    "title" : "Gefährtin meines Sommers",
    "overview" : "",
    "genres" : [ {
      "id" : 18,
      "name" : "Drama"
    } ]
  }, {
    "id" : 299789,
    "title" : "Rainbow Kids",
    "overview" : "A wealthy matriarch is kidnapped by a gang of three. She is insulted by the amount of money they propose to demand as ransom, and a strange interchange of roles takes place.",
    "genres" : [ {
      "id" : 18,
      "name" : "Drama"
    }, {
      "id" : 35,
      "name" : "Comedy"
    } ]
  }, {
    "id" : 299794,
    "title" : "Super Local Hero",
    "overview" : "Nobue is owner of CD shop 'Reikoudou' in Onomichi. After 3.11, started helping those who evacuated from areas nearer to Fukushima. Through the interviews of musicians and citizens, we gradually get to capture the image of this super local hero!",
    "genres" : [ ]
  }, {
    "id" : 299799,
    "title" : "Tendre Corinne",
    "overview" : "A seemingly happily married husband and wife have a secret that the other doesn't know--after his wife leaves in the morning he likes to have a friend over and they both have sex with women they have sent over, and the wife likes to go out to bars where she picks up men and has sex in the toilet with them.",
    "genres" : [ ]
  }, {
    "id" : 299804,
    "title" : "Peony Lantern Ghost Story",
    "overview" : "Version of Botan Dōrō.",
    "genres" : [ {
      "id" : 27,
      "name" : "Horror"
    } ]
  }, {
    "id" : 299809,
    "title" : "회사AUTO - Glass Ocean ||LOST BOYs||",
    "overview" : "http://www.youtube.com/watch?v=1ahhtpJmsIY",
    "genres" : [ ]
  }, {
    "id" : 299814,
    "title" : "The Hired Gun",
    "overview" : "Gunman Don Borisenko is hired by the townsfolk to mete out justice to a cruel land baron. Instead, Borisenko gets romantically involved with Tass Tory, the wife of a local farmer. When the smoke clears, the gunman has killed the rancher, and the farmer has killed the gunman.",
    "genres" : [ {
      "id" : 37,
      "name" : "Western"
    } ]
  }, {
    "id" : 299819,
    "title" : "The Girl on the River",
    "overview" : "A female reporter interviews a former prostitute from South Vietnam about her sheltering of an injured Vietcong leader during the war.",
    "genres" : [ {
      "id" : 18,
      "name" : "Drama"
    } ]
  }, {
    "id" : 299824,
    "title" : "Mojin: The Lost Legend",
    "overview" : "At the beginning of the 1990s, famous tomb explorer Hu Bayi decided to retire and move to the United States with his girlfriend Shirley. But before his wedding, Bayi discovers his first love Ding Shitian, who supposedly had died in the \"One Hundred Cave\" 20 years ago, is actually still alive. Together with Shirley and his old exploration partner, Bayi unravels a terrible millennium-old secret...",
    "genres" : [ {
      "id" : 28,
      "name" : "Action"
    }, {
      "id" : 12,
      "name" : "Adventure"
    }, {
      "id" : 14,
      "name" : "Fantasy"
    } ]
  }, {
    "id" : 299829,
    "title" : "Under Construction: The Film",
    "overview" : "An honest, brutal and sometimes humorous account of one man's experiment to push his body to its absolute size limit via weight lifting, food and steroids.",
    "genres" : [ {
      "id" : 99,
      "name" : "Documentary"
    } ]
  }, {
    "id" : 299834,
    "title" : "Keepin' It Real",
    "overview" : "A Madcap road trip set against the crazy world of feuding Hip Hop record labels. Joslyn (portia) is the bootylicious daughter of  a notorious 'gangsta' rap mogul, \"A-Ttain\" (Tiny Lister), Whose New York based record label is under pressure. Joslyn doesn't make matters any easier for her Dad when she steals the unreleased master tape of her boyfriend, Raw D (Kurupt), A-Train's biggest selling artist who has just left the label.  Believing in Raw D's promises of love and independence, joslyn sets out to personally deliver the tape to him in L,A, But the promised land doesn't come that easy when she finds out that hot on her trail are her dad's thugs and two wannabe Eminem clones hired by Raw D's lawyer.....",
    "genres" : [ {
      "id" : 10749,
      "name" : "Romance"
    }, {
      "id" : 35,
      "name" : "Comedy"
    }, {
      "id" : 80,
      "name" : "Crime"
    } ]
  }, {
    "id" : 299839,
    "title" : "Call of Duty: Modern Warfare",
    "overview" : "All the cutscenes from the 3 Modern Warfare games, telling the complete story.",
    "genres" : [ ]
  }, {
    "id" : 299844,
    "title" : "Roy Orbison Greatest Hits",
    "overview" : "For the first time ever, some of the all-time greatest performances from one of history's most unique artists are collected in one place on DVD. Roy Orbison may not have had the gyrating hips of Elvis to make the crowds go wild, by what he did posess was a voice so uncannily emotional and honest that his audience would sit in total silence, savoring every note and hanging on every word, While Roy's formidable songwritng skills could make virtually any singer sound good, when applied to his beautifully peculiar pipes, his creations simply soared. Featuring his timeless classics \"Only the Lonely,\" \"You Got It,\" \"Crying,\" \"Pretty Woman\" and many more, this is Roy Orbison at his absolute finest. With special guest appearances by k.d. lang, Bruce Springsteen, Elvis Costello, Jackson Browne, and many more!  Tracklisting:",
    "genres" : [ {
      "id" : 10402,
      "name" : "Music"
    } ]
  }, {
    "id" : 299849,
    "title" : "Sobrevivente Urbano",
    "overview" : "",
    "genres" : [ {
      "id" : 28,
      "name" : "Action"
    }, {
      "id" : 53,
      "name" : "Thriller"
    } ]
  }, {
    "id" : 299854,
    "title" : "Ehe in Dosen",
    "overview" : "Nora and Peter constantly fight and wish to divorce. Nora's uncle Eberhard, however, believes the two belong together and comes up with a plan to bring the two back together again: as a lawyer, who is processing the divorce, he explains to them that the paperwork for the divorce is completed, but will only go into effect once they undertake a reconciliation attempt. For the first reconciliation meeting, Eberhard enlists the help of his friend Christa and together, they turn Nora into such a hot tamale, that Peter burns with jealousy that any other man might look at her. At the second meeting of the two, which takes place a year later (how long do divorces in Nazi Germany take?!?!), Nora plays the girl abandoned by everyone. In the interim, she's given birth to Peter's son -- which apparently does not count as a reconciliation -- and Peter has become a successful composer. When Nora again disappears after this meeting, Peter does all he can to win her back.",
    "genres" : [ {
      "id" : 35,
      "name" : "Comedy"
    } ]
  }, {
    "id" : 299859,
    "title" : "The National Christmas Tree Lighting - 2011",
    "overview" : "The 89th annual national Christmas tree lighting ceremony, performed in Washington D.C, on the Ellipse of President's Park. The lighting ceremony, hosted by TV's Carson Daly, included performances of Christmas carols and tunes by pop group Big Time Rush, English singer Ellie Goulding, pop band OneRepublic, country singer Rodney Atkins, soul songstress Marsha Ambrosius and the Airmen of Note, a jazz ensemble of the United States Air Force.",
    "genres" : [ {
      "id" : 10751,
      "name" : "Family"
    }, {
      "id" : 10402,
      "name" : "Music"
    } ]
  }, {
    "id" : 299864,
    "title" : "The President's Plane Is Missing",
    "overview" : "When the President's plane mysteriously disappears with him on board, it is left to the seemingly weak Vice President to try and advert a nuclear exchange with the Chinese.",
    "genres" : [ {
      "id" : 18,
      "name" : "Drama"
    }, {
      "id" : 53,
      "name" : "Thriller"
    }, {
      "id" : 10770,
      "name" : "TV Movie"
    } ]
  }, {
    "id" : 299869,
    "title" : "Kurukshetramu",
    "overview" : "The Sanskrit epic Mahābhārata in a nutshell.",
    "genres" : [ {
      "id" : 18,
      "name" : "Drama"
    }, {
      "id" : 10402,
      "name" : "Music"
    }, {
      "id" : 14,
      "name" : "Fantasy"
    }, {
      "id" : 10752,
      "name" : "War"
    } ]
  }, {
    "id" : 299874,
    "title" : "Prince : Welcome 2 America - MSG New York",
    "overview" : "Prince at his best, performing all his mega hits, to a booked out Madison Square Garden in New York, on the 29th December 2010.",
    "genres" : [ {
      "id" : 10402,
      "name" : "Music"
    } ]
  } ]
}