{
  "movies" : [ {
    "id" : 319404,
    "title" : "Traditional Music Classics",
    "overview" : "A scrapbook of the time-worn melodies of the Appalachian mountains, featuring rare performances of traditional tunes by the likes of Kilby Snow, Buell Kazee, Doc Watson, and Roscoe Holcomb.",
    "genres" : [ ]
  }, {
    "id" : 319409,
    "title" : "Phish - Miami, FL - 2015-01-03",
    "overview" : "Set 1: Maze, AC/DC Bag &gt; Divided Sky, Cavern &gt; Scent of a Mule, Plasma, Devotion To a Dream, Water in the Sky, Split Open and Melt, Character Zero  Set 2: Stealing Time From the Faulty Plan &gt; Down with Disease[1] &gt; Light -&gt; Sneakin' Sally Through the Alley &gt; Sand &gt; Harry Hood &gt; Suzy Greenberg  Encore: Good Times Bad Times  [1] Unfinished.",
    "genres" : [ {
      "id" : 10402,
      "name" : "Music"
    } ]
  }, {
    "id" : 319414,
    "title" : "Black Sabbath: Masters from the Vaults: Cross Purposes",
    "overview" : "Heavy metal gods Black Sabbath -- with a lineup featuring Tony Iommi, Geezer Butler, Tony Martin and Bobby Rondinelli -- crank it up to full throttle in this blistering performance filmed at London's Hammersmith Odeon in the early 1990s. Tunes include \"Paranoid,\" \"Mob Rules,\" \"I Witness,\" \"Into the Void,\" \"Headless Cross,\" \"Time Machine,\" \"Children of the Grave,\" \"Anno Mundi\" and \"Symptom of the Universe.\"",
    "genres" : [ ]
  }, {
    "id" : 319419,
    "title" : "Captain Jon Explores the Ocean",
    "overview" : "Explore the sea with this fascinating voyage hosted by Captain Jon Schellenger. The trip begins with a seaplane trip through the Florida Keys to the Dolphin Research Center, where Captain Jon introduces the fun-loving residents. Then it's off to an artificial reef made from a sunken ship, where colorful tropical fish have been given a new home. Captain Jon shares ocean facts, discusses the varieties of fish and explains this fragile ecosystem.",
    "genres" : [ ]
  }, {
    "id" : 319424,
    "title" : "DV8 Physical Theatre: 3 Ballets",
    "overview" : "London-based DV8 Physical Theatre dances three modern ballets about human frailties and vulnerabilities in this intriguing collection of performances. \"Strange Fish\" is about the quest for someone to love, the need for something to believe in and the fear of being alone. \"Enter Achilles\" examines the male psyche using the setting of a British pub. And \"Dead Dreams of Monochrome Men\" explores homophobia and the grisly world of a notorious serial killer.",
    "genres" : [ ]
  }, {
    "id" : 319429,
    "title" : "Dvorak: Symphony No. 9: From the New World",
    "overview" : "Under the direction of Herbert Von Karajan, the Vienna Philharmonic performs Austrian composer Antonym Dvorak's Symphony No. 9. Dvorak's work was influenced by both European and American folk music, and in his later years by African-American and American Indian music. A favorite for soundtracks, this symphony is instantly recognizable to many. The video includes liner notes and biographies of the performers.",
    "genres" : [ ]
  }, {
    "id" : 319434,
    "title" : "Great Writers: John Steinbeck",
    "overview" : "This absorbing documentary chronicles the life of Pulitzer Prize-winning author John Steinbeck through interviews, authoritative commentary and archival material. The literary titan led a remarkable life, from his childhood in California's Salinas Valley to his later years in the coastal fishing town of Monterey. Toiling as a field hand during his youth, Steinbeck subsequently penned sensitive portrayals of poor laborers in his timeless novels.",
    "genres" : [ ]
  }, {
    "id" : 319439,
    "title" : "Linda Richman: I'd Rather Laugh",
    "overview" : "Mother-in-law of comedic superstar Mike Myers and the inspiration for the funnyman's popular \"Saturday Night Live\" skit \"Coffee Talk,\" Linda Richman is a motivational speaker of a different order, combining wry humor with bits of simple wisdom. Touching on subjects such as stress management, loss, loneliness and much more, Richman introduces viewers to an effective, positive approach to dealing with the many challenges life throws our way.",
    "genres" : [ ]
  }, {
    "id" : 319444,
    "title" : "Musical Youth: This Generation: Live in the UK",
    "overview" : "The members of Musical Youth -- the pint-size, British-born quintet best known for their early hit \"Pass the Dutchie\" -- are all grown up in this rousing live concert infused with the sounds of pop and reggae. A set list of memorable favorites includes \"Pass the Dutchie,\" \"Tell Me Why,\" \"I'm Into Something Good,\" \"Sixteen,\" \"Pretty Women,\" \"Never Gonna Give You Up,\" \"007 (Shanty Town)\" and \"One Love.\"",
    "genres" : [ ]
  }, {
    "id" : 319449,
    "title" : "Opera De Lyon: Debussy's Pelleas et Melisande",
    "overview" : "John Eliot Gardiner conducts the Orchestra of the Opera National de Lyon in this 1988 production of Claude Debussy's opera of jealously and love denied, \"Pelleas et Melisande,\" starring Colette Alliot-Lugaz and Francois Le Roux in the lead roles. The production places the story in vast gloomy castle halls, a sparse but atmospheric environment that only adds to the opera's sense of dark beauty entangled with doom.",
    "genres" : [ ]
  }, {
    "id" : 319454,
    "title" : "Roy Rogers: Song of the Pioneers",
    "overview" : "Singing cowpoke Roy Rogers stars in these four vintage Westerns that offer action as well as soothing musical interludes. In Bells of San Angelo, Rogers and Dale Evans catch a group of silver-mine smugglers. In Colorado, Rogers investigates Indian uprisings during the Civil War. In Robin Hood of the Pecos, Rogers organizes a citizens' group against crooked ranchers. And in Young Bill Hickok, Rogers portrays the legendary gunfighter.",
    "genres" : [ ]
  }, {
    "id" : 319459,
    "title" : "Shake, Rattle & Roll X",
    "overview" : "This anthology features three chilling horror movies that include tales of supernatural beings and other beasts, such as \"Nieves\" in which a local hero must save her hometown from rampaging nature spirits known as Engkanto. In \"Emergency,\" ghoulish creatures attack a remote hospital, and in \"Class Picture,\" the ghost of a sadistic nun attacks a group of college friends. Mike Tuviera and Topel Lee direct these hair-raising films.",
    "genres" : [ {
      "id" : 27,
      "name" : "Horror"
    }, {
      "id" : 53,
      "name" : "Thriller"
    }, {
      "id" : 35,
      "name" : "Comedy"
    } ]
  }, {
    "id" : 319464,
    "title" : "The Adventures of Little Mouse: Vol. 1",
    "overview" : "Without using any dialogue, this popular Polish animated series geared toward young children follows the experiences of a kind and generous mouse as he interacts with various other animals and learns about acceptance and friendship. The six episodes are \"The Cricket's Concert,\" \"The Cat and the Mouse,\" \"The Little Mouse and the Stork,\" \"The Little Mouse and the Tramp,\" \"The Little Mouse and the Owl\" and \"The Little Mouse Goes Skiing.\"",
    "genres" : [ ]
  }, {
    "id" : 319469,
    "title" : "The Return of Rubén Blades",
    "overview" : "Robert Mugge's 1986 film provides a full-blooded portrait of the Latino singer, actor, bandleader, and composer. Blades' Panama homeland, his Harvard Master's degree, and a New York performance with his band Seis de Solar all serve as stops on this biographical journey.",
    "genres" : [ {
      "id" : 10402,
      "name" : "Music"
    }, {
      "id" : 99,
      "name" : "Documentary"
    } ]
  }, {
    "id" : 319474,
    "title" : "Peter Pedal - Balladen med Robotaben og Andre Eventyr",
    "overview" : "",
    "genres" : [ ]
  }, {
    "id" : 319479,
    "title" : "World's Most Awesome Record Breakers",
    "overview" : "See extraordinary people push themselves to the limits of physical and mental endurance in their efforts to break the most daunting records in the world. Witness one man's amazing swim across the Atlantic Ocean. Observe the construction of a six-story sandcastle. Follow a man's unicycle trek across America. Watch a priest pull a 16-ton fire truck. And hold your breath as a man dives 439 feet underwater -- without scuba gear.",
    "genres" : [ ]
  }, {
    "id" : 319484,
    "title" : "Zubin Mehta & Mitsuko Uchida",
    "overview" : "Soloists Mitsuko Uchida on the piano, Zinovi Kaplan on the violin and Dudu Carmel on the oboe interpret the music of Bach (\"Concerto for Violin and Oboe\"), Beethoven (\"Piano Concerto No. 4\"), Stravinsky (\"Pulcinella\") and Schubert (\"Rosamunde Overture\"). They play under the able baton of maestro Zubin Mehta conducting the Israel Philharmonic Orchestra. Special features include artist bios and a documentary about the life of Johann Sebastian Bach.",
    "genres" : [ ]
  }, {
    "id" : 319489,
    "title" : "Key West Fantasy Fest 1998",
    "overview" : "See &amp; Hear the Sights &amp; Sounds of 10 Days &amp; Nights of Outrageous Costumed Craziness!",
    "genres" : [ ]
  }, {
    "id" : 319494,
    "title" : "Cuban Missile Crisis: Three Men Go to War",
    "overview" : "Explore the inside story of the Cuban Missile Crisis in October 1962, when the world teetered on the brink of nuclear holocaust. In the first major feature documentary on the subject, the film brings to life the three central characters - Kennedy, Castro and Khrushchev - and explores how the world's most powerful men fell into an abyss of their own making and outlines the courage and luck it took to climb out again.",
    "genres" : [ ]
  }, {
    "id" : 319499,
    "title" : "Escape to Nature: Vol. 6: Asian Spirits",
    "overview" : "The beauty and mystery of the Far East come to life in this enchanting audiovisual experience. A series of Zen-inspired images, accompanied by relaxing ambient music, helps eliminate the stress and tensions of everyday life. These scenes of ancient Asian culture and awe-inspiring monuments stir the soul, sending viewers on a one-of-a-kind mental vacation.",
    "genres" : [ ]
  }, {
    "id" : 319504,
    "title" : "Mendelssohn: Violin Concerto",
    "overview" : "Violin virtuoso Yehudi Menuhin performs Mendelssohn's \"Concerto for Violin and Orchestra in E Minor\" in this 1947 concert recorded at the Charlie Chaplin Studios in Hollywood. Accompanied by pianist Adolph Baller, conductor and pianist Antal Dorati and the Symphony Orchestra of Hollywood, Menuhin also performs encore pieces by Brahms, Sarasate and Bazzini. Two bonus films feature Menuhin and Humphrey Burton in 1997 discussing the concert.",
    "genres" : [ ]
  }, {
    "id" : 319509,
    "title" : "King of Punk",
    "overview" : "Learn the origins of the punk movement from musicians who helped bring about its creation. This documentary also explores how punk -- an antiestablishment statement as well as a music genre -- continues to thrive through youths across the country. Included are interviews with members of such classic punk bands as the Ramones, Adicts, Exploited, the Avengers and many more.",
    "genres" : [ ]
  }, {
    "id" : 319514,
    "title" : "Opera Australia: The Turn of the Screw",
    "overview" : "The tension is palpable in this gripping West Australian Symphony Orchestra production of Benjamin Britten's \"The Turn of the Screw,\" an opera based on the well-known novella by Henry James. Soon after agreeing to mind a wealthy man's orphaned niece and nephew, a governess (Eilene Hannan) senses that something about the children isn't normal. But a series of strange events can't possibly be linked to the children -- or can they?",
    "genres" : [ ]
  }, {
    "id" : 319519,
    "title" : "Captain Enrico’s Watch",
    "overview" : "Young boy finds a watch with an engraving in Spanish saying that the watch belongs to Captain Enrico and adventures begin...",
    "genres" : [ {
      "id" : 12,
      "name" : "Adventure"
    }, {
      "id" : 35,
      "name" : "Comedy"
    }, {
      "id" : 10751,
      "name" : "Family"
    } ]
  }, {
    "id" : 319524,
    "title" : "Robert Falcon Scott: The Race to the Pole",
    "overview" : "Britain's best hope to be the first explorer to reach the South Pole, Robert Falcon Scott carved his niche in the history books as the man who arrived second, behind Norwegian rival Roald Amundsen. After seeing Amundsen's flag planted -- and knowing he had lost the race to the pole -- Scott and his men embarked on a doomed journey out of the arctic wilderness, a tragic expedition marked by starvation and death.",
    "genres" : [ ]
  }, {
    "id" : 319529,
    "title" : "Slipknot: Voliminal: Inside the Nine",
    "overview" : "Group founder M. Shawn Crahan, aka Clown, directs this inside look into the world of the Grammy-winning alt metal band Slipknot. From the studio to the tour bus and the stage, this visually dynamic release puts viewers side by side with the guys from the band as they live and breathe the music they create. In addition to the live performance footage and music videos, fans are treated to in-depth profiles of the nine band members.",
    "genres" : [ ]
  }, {
    "id" : 319534,
    "title" : "The Firesign Theatre: Weirdly Cool",
    "overview" : "This PBS special, concocted in support of the wickedly witty Firesign Theatre's \"The Bride of Firesign\" CD, has the comedy troupe delivering high-octane humor in a number of classic bits. Featured are skits such as \"How Can You Be in Two Places at Once When You're Not Anywhere at All\" and \"Hand Me the Pliers,\" and characters such as Nick Danger, Jack Poet and Bebop Lobo. Extras include a documentary, excerpts from audio rehearsals and more.",
    "genres" : [ ]
  }, {
    "id" : 319539,
    "title" : "The War Zone: The Rhine to Victory",
    "overview" : "Squeezed by Allied forces from all sides, the German Reich found itself in a weakened position and facing its final retreat. Using newsreel footage and interviews, this documentary traces the events leading to the end of World War II. As Russian, British and American troops pounded the Germans with incessant bombings and attacks on land, they eventually forced a Nazi surrender, touching off jubilant celebrations around the world.",
    "genres" : [ ]
  }, {
    "id" : 319544,
    "title" : "Rapala Pros' Secrets for Catching More and Bigger Fish",
    "overview" : "Whether you're planning a saltwater or freshwater fishing trip, this instructional program has the tips and advice you need to succeed. Learn how to properly maintain and tune your lures, read depth charts, troll effectively and clean your fish. As experts such as Ron Shara and Al Lindner share their years of experience, viewers can see their techniques in action thanks to incredible underwater footage.",
    "genres" : [ ]
  }, {
    "id" : 319549,
    "title" : "Dragons: Destiny of Fire",
    "overview" : "Raised by a loving family of condors, little John John grows up thinking that he, too, is a condor, despite the fact that he looks nothing like his parents. Turns out, John John is no ordinary bird. In fact, he's really an honest-to-goodness dragon! After developing his fire-breathing powers, John John flies off on an adventure to find the dragon kingdom and his real family in this charming animated fantasy.",
    "genres" : [ {
      "id" : 16,
      "name" : "Animation"
    } ]
  }, {
    "id" : 319554,
    "title" : "Great Day in Havana",
    "overview" : "The performing arts have always been alive and rich throughout the Cuban culture, and this entertaining video confirms that fact by exhibiting many renowned Cuban artists, authors, painters, musicians and directors. The documentary also highlights music from Carlos Varela and Sintesis, pieces of artwork from gifted painters and sculptors and verse from Eloy Machado.",
    "genres" : [ ]
  }, {
    "id" : 319559,
    "title" : "King of the Cage: Knockout Nightmare",
    "overview" : "The no-holds-barred real fighting series continues with even more skull-cracking action and expert commentary by Don \"The Dragon\" Wilson, Eddie Bravo and announcer Bruce Butler. The competitors in the \"Knockout Nightmare\" edition include Ken Shamrock's Lions Den, Russ Vale Todo, Medina, Wallid Ismael, Vernon \"Tiger\" White and Stepp. Combat grappling and millennia jujitsu are just two of the pulse-pounding events.",
    "genres" : [ ]
  }, {
    "id" : 319564,
    "title" : "Rin Tin Tin: The Adventures of Rex & Rinty",
    "overview" : "The stage is set for action and adventure when a hallowed Arabian stallion named Rex is spirited away to America from a South Seas island and sold to an affluent, conniving rancher (Harry Woods) in this 12-chapter serial. But Rex soon escapes to the open range, where he joins forces with nomadic German shepherd Rin Tin Tin. Can the unlikely animal allies elude the rancher's henchmen with help from a human friend?",
    "genres" : [ ]
  }, {
    "id" : 319569,
    "title" : "Shaolin Ex-Monk",
    "overview" : "Kung fu master Ling Chu-Fei (John Liu) must perfect and employ his devastating \"Seven Immovable Limbs\" technique if he is to defeat a renegade monk who has begun using Shaolin skills for evil. The threat becomes frighteningly personal when the ex-monk focuses his fury upon Master Ling's young orphan disciple, Small Mud Fish. Feet fly, blood spills and bones shatter all the way up to a gripping climactic duel in this 1978 action explosion.",
    "genres" : [ {
      "id" : 10769,
      "name" : "Foreign"
    }, {
      "id" : 28,
      "name" : "Action"
    } ]
  }, {
    "id" : 319574,
    "title" : "The Big Comfy Couch: Upside Down Clown",
    "overview" : "Climb up onto the Big Comfy Couch with Loonette the clown and her dolly friend of few words, Molly, in this fifth volume of themed episodes from the popular PBS kids' series. There's fun in every direction when Loonette helps Granny bake up an upside-down cake packed with cabbage and pickles, and Molly makes friends with an upside-down doll. Loonette and Molly also learn all about the letter M -- which, upside down, looks a lot like the letter W.",
    "genres" : [ ]
  }, {
    "id" : 319579,
    "title" : "Subway Series: The Golden Era",
    "overview" : "This thrilling documentary compiles many of the greatest moments in the history of the Subway Series, with appearances by baseball legends Don Larsen, Cookie Lavagetto and Bobby Thomson. From 1947 to 1957, Major League Baseball's World Series featured at least one New York team -- the Yankees, the Giants or the Dodgers -- every year, with seven of the 11 Fall Classics featuring two NYC teams vying for the title.",
    "genres" : [ ]
  }, {
    "id" : 319584,
    "title" : "The Unforgettable Nat King Cole",
    "overview" : "Enjoy the smooth voice and cool rhythms of legendary American recording artist Nat \"King\" Cole with this music set, which includes popular hits like \"Mona Lisa,\" \"Save the Bones for Henry Jones,\" \"Shine On Harvest Moon,\" \"Sweet Lorraine\" and more. The first African-American to host a television variety show, Cole sold millions of records throughout the course of his career and continues to possess enduring popularity worldwide.",
    "genres" : [ ]
  }, {
    "id" : 319589,
    "title" : "What's New, Mr. Magoo? Magoo's Yacht Party",
    "overview" : "Jim Backus -- also known for portraying Thurston Howell III on \"Gilligan's Island\" -- reprises his role as the nearsighted senior Mr. Magoo in this collection of episodes from the 1977 animated series. Episodes include \"Magoo's Yacht Party,\" \"Choo, Choo, Magoo,\" \"Boo, Magoo,\" \"Tut Tut Magoo,\" \"Good Neighbor Magoo\" and \"Magoo's Pizza.\" Casey Kasem, Hal Smith, Frank Welker and Bob Ogle supply additional voices.",
    "genres" : [ ]
  }, {
    "id" : 319594,
    "title" : "Danskernes egen historie - Tyskerne kommer",
    "overview" : "",
    "genres" : [ {
      "id" : 99,
      "name" : "Documentary"
    } ]
  }, {
    "id" : 319599,
    "title" : "Brassneck",
    "overview" : "Through the story of a single family, Brassneck traces a history that parallels the Labour Party's advent to power in 1945 through to the property speculation of the 1960s and the disillusionment with the Labour government in the early 1970s. Like most of the early work of the writers, David Hare and Howard Brenton, committed radical (if not revolutionary) socialists throughout the 1970s, it is a satirical attack on capitalist greed and corruption, full of savage, and often disturbing, humour.",
    "genres" : [ ]
  }, {
    "id" : 319604,
    "title" : "Merry Go Round",
    "overview" : "Korea is famous for her charming ladies and tough men, such as top Taekwondo fighter, Big Mouth. When playboy Peter Pan comes to Seoul in the pretext of being with a band, he calls his old friend Big Mouth. Big Mouth's advice to Peter is any woman but not from his household. By accident Peter saves Big Mouth's sister, Moon, and becomes enamored by her. The young couple together on a trip. Peter shakes Moon off and goes to Big Mouth boasting about his loves. He is astonished to find Moon who happens to be Big Mouth's sister. All hell breaks out. Moon leaves home for a mountain retreat. Big Mouth and Peter then set out on a journey to win her back.",
    "genres" : [ ]
  }, {
    "id" : 319609,
    "title" : "Danskernes egen historie - Befrielsen",
    "overview" : "",
    "genres" : [ ]
  }, {
    "id" : 319614,
    "title" : "The Security",
    "overview" : "Ah Wei used to be a policeman but his many battle scars and bullet wounds have demoted him to the daily grind of a sercurity guard. His existence is anything but boring, however, as this Hong Kong film like all the others, thrives on shoot-outs, chases, and enough violence to keep an audience awake.",
    "genres" : [ ]
  }, {
    "id" : 319619,
    "title" : "Status Quo? The Unfinished Business of Feminism in Canada",
    "overview" : "The documentary combines archival material with contemporary stories, juxtaposing scenes from the 1967 Royal Commission on the Status of Women with the 2nd Pan-Canadian Young Feminist Gathering in 2011 in Winnipeg, organized by the rebELLEs movement. It explores the progress made on concerns raised 45 years ago: universal childcare, violence against women and abortion access.",
    "genres" : [ ]
  }, {
    "id" : 319634,
    "title" : "The Imaginary Girl",
    "overview" : "Seven year old Amy whose recently separated parents hold differing views on her social development is enthralled in her world of make believe.  One afternoon when her father comes to visit this situation comes to a head, with disturbing consequences for Amy.",
    "genres" : [ ]
  }, {
    "id" : 319639,
    "title" : "Mr. Thunderball",
    "overview" : "James Bond spoof starring Chiquito.",
    "genres" : [ {
      "id" : 35,
      "name" : "Comedy"
    }, {
      "id" : 28,
      "name" : "Action"
    } ]
  }, {
    "id" : 319649,
    "title" : "Mutter, ich will nicht sterben!",
    "overview" : "",
    "genres" : [ {
      "id" : 18,
      "name" : "Drama"
    } ]
  }, {
    "id" : 319654,
    "title" : "Trickser",
    "overview" : "",
    "genres" : [ {
      "id" : 53,
      "name" : "Thriller"
    } ]
  }, {
    "id" : 319659,
    "title" : "Cain the XVIII-th",
    "overview" : "A fairytale about homeless musician and his love for the princess.",
    "genres" : [ {
      "id" : 10749,
      "name" : "Romance"
    }, {
      "id" : 12,
      "name" : "Adventure"
    }, {
      "id" : 14,
      "name" : "Fantasy"
    } ]
  }, {
    "id" : 319664,
    "title" : "Kochubey",
    "overview" : "A story of Kochubey - a hero of Russian Civil War.",
    "genres" : [ {
      "id" : 36,
      "name" : "History"
    }, {
      "id" : 10752,
      "name" : "War"
    } ]
  }, {
    "id" : 319669,
    "title" : "Joker Game",
    "overview" : "Set along a backdrop of a fictitious second world war at an international city in Asia. In Japan, Lieutenant Colonel Yuki (Yusuke Iseya) recommends the creation of spy training school \"D Kikan\". Meanwhile, Kato (Kazuya Kamenashi) is facing capital punishment for his refusal to follow a superior's order. Kato is then scouted by \"D Kikan\". He goes through a harsh training regiment and faces his first mission as a spy. In order to seize American ambassador Graham's confidential documents \"Black Note.\" Kato infiltrates into an international city. A battle to gain possession of the \"Black Note\" ensues between Kato, a mysterious woman named Rin (Kyoko Fukada), the British Spy Agency, the Soviet Spy Agency and the radical army in Japan.",
    "genres" : [ {
      "id" : 28,
      "name" : "Action"
    }, {
      "id" : 53,
      "name" : "Thriller"
    } ]
  }, {
    "id" : 319674,
    "title" : "Believer",
    "overview" : "",
    "genres" : [ ]
  }, {
    "id" : 319679,
    "title" : "The Girl of Silence",
    "overview" : "14-year-old Shizuko (Mami Nakamura) dreams of drawing manga in Tokyo to escape her life of poverty and loneliness. Shizuko’s father has left the family, and her mother (Kaori Momoi) — who is desperate for money — takes in an icy, brutal lover (Michio Akiyama) who insists on being called “Father.” He is obsessed with having a “high-class” family and forbids Shizuko to draw her “low-class” manga, which he calls “trash.” When Father discovers that Shizuko has been impregnated by a schoolmate, he inflicts a brutal punishment. Her mother, unable to support the family without him, responds with drunken apathy. In self-defense, Shizuko’s creates manga characters who are gentle and caring.",
    "genres" : [ ]
  }, {
    "id" : 319684,
    "title" : "Across the World with Mr. and Mrs. Johnson",
    "overview" : "As if they were showing their film to a few friends in their home, the Johnsons describe their trip across the world, which begins in the South Pacific islands of Hawaii, Samoa, Australia, the Solomons (where they seek and find cannibals), and New Hebrides. Thence on to Africa via the Indian Ocean, Suez Canal, North Africa, and the Nile River to lion country in Tanganyika. (They are briefly joined in Khartum by George Eastman and Dr. Al Kayser.) Taking a safari in the Congo, the Johnsons see animals and pygmies, and travel back to Uganda, British East Africa, and Kenya.",
    "genres" : [ ]
  }, {
    "id" : 319689,
    "title" : "Women's Extreme Wrestling: War",
    "overview" : "There's enough hair flying through the air in this collection of extreme women's wrestling matches to prove that the so-called \"fairer sex\" is just as capable of dishing out mayhem as the men are. You'll see hardcore action from a long list of professional female wrestlers, including F.B.I. (\"The Full-Breasted Italian\"), Lucy Furr, Black Barbie, One Dirty Broad, Annie Social and Lauren Looselips.",
    "genres" : [ ]
  }, {
    "id" : 319694,
    "title" : "Australia the Beautiful",
    "overview" : "From ancient, misty forests to canyons that conceal secrets from the age of dinosaurs; from pristine lakes to majestic peaks; and from sophisticated cities to some of the world's greatest wilderness areas, experience all of Australia's dramatic contrasts, dazzling wildlife and glorious landscapes. Highlights include the Great Barrier Reef, Lord Howe's Island, King's Canyon and Lake Eyre ... to name just a few.",
    "genres" : [ ]
  }, {
    "id" : 319699,
    "title" : "Caged Combat: Vol. 1: Baton Rouge, Louisiana",
    "overview" : "Grab the best seat in the house for these 13 high-octane fights between some of the world's toughest bone-crushers. Highlights include a brutal battle for the title featuring competitors Mad Dog Macias, Vernon White and Robert Lalonde. Matchups include Foster vs. Saulters, Gassaway vs. Martin, Macias vs. Labbe, Mitchell vs. Lalonde and Matyushenko vs. White. The first women's tournament also takes place at this action-packed event.",
    "genres" : [ ]
  }, {
    "id" : 319704,
    "title" : "Citizen Vaclav Havel Goes on Vacation",
    "overview" : "This quirky documentary follows Vaclav Havel on an eye-opening journey across his native Czechoslovakia in the days before he became president of the Czech Republic. A leading playwright, essayist, intellectual and political dissident in 1985, Havel decides to explore the limits of the secret police by traveling and visiting a variety of friends. Along the way, he's thrown in jail twice and followed by hundreds of undercover cops.",
    "genres" : [ {
      "id" : 99,
      "name" : "Documentary"
    } ]
  }, {
    "id" : 319709,
    "title" : "Einstein: The Real Story of the Man Behind the Theory",
    "overview" : "This captivating documentary from the History Channel recounts the development of iconic physicist Albert Einstein's provocative theory of general relativity. Some 200 years after the introduction of Isaac Newton's law of universal gravitation, Einstein rocked the science community with his theory, which suggests that gravity is a warping of space-time caused by the presence of matter.",
    "genres" : [ {
      "id" : 99,
      "name" : "Documentary"
    } ]
  }, {
    "id" : 319714,
    "title" : "His Highness Hollywood",
    "overview" : "Ian Halperin poses as a gay wannabe actor and member of the Israeli royal family to get an inside look at the Hollywood industry in this companion film to his well-received book, Hollywood Undercover: Revealing the Sordid Secrets of Tinseltown. Along the way, he receives a promise from the Church of Scientology to cure his homosexuality and gets the inside scoop from numerous luminaries -- including Brad Pitt, Jay Leno and Leonardo DiCaprio.",
    "genres" : [ ]
  }, {
    "id" : 319719,
    "title" : "Lea Salonga: The Broadway Concert",
    "overview" : "Lea Salonga, the Filipino star who conquered Broadway in \"Miss Saigon,\" returns to Manila for a live concert of songs from the Great White Way. The Tony winner performs \"I've Never Been in Love Before\" from \"Guys and Dolls,\" \"I Can See It\" from \"The Fantasticks\" and \"Too Much for One Heart\" from \"Miss Saigon.\" Salonga also performs a medley of Andrew Lloyd Webber hits, as well as tunes from \"A Chorus Line,\" \"Crazy for You,\" \"Company\" and more.",
    "genres" : [ ]
  }, {
    "id" : 319724,
    "title" : "Maria Prean",
    "overview" : "This documentary profiles Austrian Maria Prean, who at 60, began life anew and moved to Uganda to help care for the country's more than 2 million orphans. The award-winning film reveals the remarkable impact Prean has had on her adopted nation.",
    "genres" : [ ]
  }, {
    "id" : 319729,
    "title" : "The Shaw Festival: Behind the Curtain",
    "overview" : "From PBS - With unprecedented access, The Shaw Festival: Behind the Curtain captures the unique creative process of one of North America's longest running, most distinctive and exciting theatre experiences. Each year between April and October, the Shaw Festival--which began in 1962 with the mandate on works by George Bernard Shaw--presents around 10 plays on four stages that attract patrons from all over the world. Located in Niagara-on-the-Lake, Ontario, Canada--the Shaw's one-of-a-kind schedule has actors and directors working on several plays at once. Over eight months, crews design and build sets on a finely honed schedule that is both frenetic, creative, and amazingly well planned and executed. Follow the process of getting the play from the page to the stage as The Shaw Festival: Behind the Curtain provides insight into every aspect of production at a summer theatre festival.",
    "genres" : [ ]
  }, {
    "id" : 319734,
    "title" : "Steve Austin: The Early Years",
    "overview" : "Before he was cue-ball \"Stone Cold\" (now one of the most recognizable faces in pro wrestling), he was a formidable young wrestler with a flowing mane of blond hair. Witness Austin's debut match against Medicine Man and other bouts early in his career with this vintage collection showcasing the ruthlessly brutal moves that would catapult him into wrestling superstardom.",
    "genres" : [ ]
  }, {
    "id" : 319739,
    "title" : "The Story of Little Mook: Tales from Europe",
    "overview" : "All the children in town mock the local hunchback, Mook (Johannes Maus), until the day he amazes them with his thrilling life story in this family adventure. As a boy, Mook set out to find the Merchant of Good Fortune. Instead, he discovers magical items that earn him a job in the sultan's court, where he uses his powers to help the prince win the hand of the princess. This was one of East Germany's most beloved and successful children's films.",
    "genres" : [ ]
  }, {
    "id" : 319744,
    "title" : "Alvin and the Chipmunks: Chipmunks Go to the Movies",
    "overview" : "Simon goes undercover as the crime-fighting \"Batmunk\" to keep the Jokester from stealing toys; Capt. James T. Duck and Mr. Speck pilot the U.S.S. Bobby Prize and Simon's new invention takes on a life of its own.",
    "genres" : [ ]
  }, {
    "id" : 319749,
    "title" : "Comedy Kadambam: Best of Vivek",
    "overview" : "Tamil comedian Vivek is known for his biting satire of modern culture, infusing his performances with jabs at corruption, overpopulation and life's little hypocrisies. This compilation features some of the most memorable clips from Vivek's comedies, proving why he's one of the best contemporary entertainers.",
    "genres" : [ ]
  }, {
    "id" : 319754,
    "title" : "The Polish Dancer",
    "overview" : "A wild young girl runs away from her parents' house to support herself and attracts the attentions of a married man, who is prepared to abandon his wife and child for her.",
    "genres" : [ {
      "id" : 18,
      "name" : "Drama"
    }, {
      "id" : 10749,
      "name" : "Romance"
    } ]
  }, {
    "id" : 319759,
    "title" : "Kumara Raja",
    "overview" : "Film starring Mohan Babu, Krishna Ghattamaneni and Jayapradha",
    "genres" : [ ]
  }, {
    "id" : 319769,
    "title" : "U.S. Catman 2: Boxer Blow",
    "overview" : "Sam (Catman) and Gus are back to work in this movie. With Cheever dead, his old gang needs a new leader, so by having some random people beat each other up, they discover this big tall guy who only wears fatigues and seems to be strong so they make him the leader. Later on, some CIA agent finds out that some woman affiliated with the Cheever gang has a nuclear starter or something and will only give it up for a lot of money. Sam and Gus then go on a mission to get it back and save the world. Like the first in the \"Catman\" series, this movie also includes various scenes of Asian people beating each other up for no real reason. In this movie, the Asian guys actually speak of Cheever at one point (providing a minor link between the two plots), but that's really about it.",
    "genres" : [ {
      "id" : 12,
      "name" : "Adventure"
    }, {
      "id" : 28,
      "name" : "Action"
    } ]
  }, {
    "id" : 319774,
    "title" : "Naina",
    "overview" : "Film starring Shashi Kapoor, Moushumi Chatterjee and Rehman",
    "genres" : [ ]
  }, {
    "id" : 319779,
    "title" : "Palletoori Bava",
    "overview" : "Film starring  Akkineni Nageshwara Rao and Lakshmi",
    "genres" : [ ]
  }, {
    "id" : 319784,
    "title" : "Lost in Oz",
    "overview" : "New take on the fictional world of Oz, as created by author L. Frank Baum, where a 20-something woman who leads a revolt against the powers that be in the mythical otherworld.",
    "genres" : [ ]
  }, {
    "id" : 319789,
    "title" : "Private Mastaru",
    "overview" : "Musical film starring  Anjali Devi and Krishna Ghattamaneni",
    "genres" : [ ]
  }, {
    "id" : 319794,
    "title" : "Rechukka Pagati Chukka",
    "overview" : "Indian film starring S.V. Ranga Rao",
    "genres" : [ ]
  }, {
    "id" : 319799,
    "title" : "Children of Congo: From War to Witches",
    "overview" : "Over the course of a decade, war in the Democratic Republic of Congo (DRC) has claimed millions of lives and made orphans of countless children. Dan Balluff's documentary visits Kinshasa to examine the lives these children lead. Living on the streets of the capital city, they are sold into prostitution, tortured and persecuted for witchcraft. The film also reveals a volcanic eruption's impact on the influx of homeless youth.",
    "genres" : [ ]
  }, {
    "id" : 319804,
    "title" : "Sehti Murad",
    "overview" : "Film starring Dheeraj Kumar",
    "genres" : [ ]
  }, {
    "id" : 319809,
    "title" : "Soggadu",
    "overview" : "Film starring Anjali Devi, Jayachitra and Jayasudha",
    "genres" : [ ]
  }, {
    "id" : 319814,
    "title" : "Southern Heart",
    "overview" : "Collin is destined to get a top management position in his family's mining company. He gets a company assignment to buy a piece of land for mining. To avoid causing bad feelings with the town community, the plans are kept a secret. The longer Collin stays in the little town, the more he likes the town and in particular one woman, Tommy. He now has to choose between his work and his heart.",
    "genres" : [ ]
  }, {
    "id" : 319819,
    "title" : "Sumathi Yen Sundari",
    "overview" : "Indian film starring Shivaji Ganesan, Jayalalitha J, Nagesh",
    "genres" : [ ]
  }, {
    "id" : 319824,
    "title" : "Heading Home",
    "overview" : "First-time director Maria Heritier helms this Vietnam War-era drama chronicling the emotional journey of two unlikely friends who form a bond en route to Washington, D.C. As he dutifully drives his bus to a war protest in the nation's capital, Horace Jones (Frankie Faison) can't help but wonder if his only son is still alive. Little does he know that a father figure is exactly what one of his young passengers (Margaret Welsh) desperately needs.",
    "genres" : [ ]
  }, {
    "id" : 319829,
    "title" : "Ustad",
    "overview" : "Bollywood film starring Nisar Ahmad Ansari, Master Bhagwan and Cuckoo",
    "genres" : [ ]
  }, {
    "id" : 319834,
    "title" : "Transworld Motocross: Crush",
    "overview" : "It doesn't matter whether you're a trail rider, freestylist or just plain racer, this video has something for everyone. Featuring top daredevil riders Kevin Windham, Grant Langston, Mike LaRocco, Ryan Capes, Nate Adams, Mike Metzger, Brian Deegan, Travis Pastrana, Ronnie Renner, Sean Nielson, Drake McElroy and others, this action-packed collection is a veritable who's who of motocross. Jay Schweitzer directs this 16mm feature film.",
    "genres" : [ {
      "id" : 99,
      "name" : "Documentary"
    } ]
  }, {
    "id" : 319844,
    "title" : "Zolar",
    "overview" : "Extreme athlete Jordan Hoffart shows off his prowess in this full-length movie featuring the blue-hued alien Zolar -- son of Sylvester \"Skip\" Crovo -- whom wanna-be skateboarding superstars recruit to teach them how to ride a board like the pros. When they meet Zolar, their newest team member, the kids have to get over their initial prejudice and learn how to hang with someone physically unlike them but just as dedicated to the sport as they are.",
    "genres" : [ {
      "id" : 878,
      "name" : "Science Fiction"
    } ]
  }, {
    "id" : 319849,
    "title" : "An Evening with Plácido Domingo",
    "overview" : "The legendary Spanish-born opera tenor Placido Domingo joins the English Chamber Orchestra, conducted by Eugene Kohn, and guests Marta Senn and Eduard Tumagian for a remarkable classical performance. Recorded live at Wembley Arena, London, in June 1987, the benefit concert for Save the Children presents a variety of superb arias, including three rare Spanish treasures. Enjoy selections from Verdi, Puccini, Lehar, Giordano, Gimenez and Sozobol.",
    "genres" : [ ]
  }, {
    "id" : 319854,
    "title" : "Computer Animation Adventure",
    "overview" : "Hang out at the intersection of technology and creativity with this eclectic collection of computer-animated short films, featuring the talents of an international team of writers and designers. The movies include the very funny \"Jumpin' Jacques Splash,\" the artistically deft \"Embryo\" and the adorable \"Tuber's Two Step.\" With romance, comedy and adventure to choose from, viewers of all ages are sure to find something that catches their fancy.",
    "genres" : [ {
      "id" : 16,
      "name" : "Animation"
    } ]
  }, {
    "id" : 319859,
    "title" : "Gene Simmons: Speaking in Tongues",
    "overview" : "Rock impresario and KISS front man Gene Simmons takes the stage -- not to sing, but to sermonize about his business successes, his wandering eye and his lust for fame. Simmons has proved to be an innovative entrepreneur and has often surprised business analysts with the success of his ingenious get-rich-quick schemes. Flexing his oratory skills, Gene shares some sage advice (with his trademark deadpan delivery) and presents some pithy insights.",
    "genres" : [ ]
  }, {
    "id" : 319864,
    "title" : "Hollywood Singing & Dancing: A Musical History - 1970's",
    "overview" : "Narrated by the legendary Shirley Jones, this installment of the Hollywood Singing and Dancing series shines a light on the musicals of the 1970s, a time when the very look of the genre was changing. Highlights include clips from squeaky-clean family fare such as Fiddler on the Roof, as well as more envelope-pushing options like Cabaret, Grease, The Rocky Horror Picture Show, Tommy, Jesus Christ Superstar and Hair.",
    "genres" : [ ]
  }, {
    "id" : 319869,
    "title" : "Peter Maffay - Tattoos - Live",
    "overview" : "",
    "genres" : [ {
      "id" : 10402,
      "name" : "Music"
    } ]
  }, {
    "id" : 319874,
    "title" : "Modern Marvels: Aquariums: Windows on a Watery World",
    "overview" : "This installment of the History Channel's \"Modern Marvels\" series dives into the history of the modern aquarium to reveal a wondrous world many people seldom see, providing an underwater experience that's \"worth the wet.\" When the first public aquariums opened in the middle of the 19th century, they piqued the world's curiosity about ocean life; today's technological innovations in water filtration and window materials enhance the experience.",
    "genres" : [ ]
  }, {
    "id" : 319879,
    "title" : "Mr. Bing and L'Art Nouveau",
    "overview" : "Françoise Levie's documentary examines the influential career of art patron, dealer and critic Siegfried Bing. Considered the father of the late 19th century art nouveau movement, Bing helped shape a new visual sensibility by exhibiting the works of artists such as Münch and Toulouse-Lautrec, promoting decorative arts and talented unknowns and exposing Europe to the beauty and refinement of Asian art. Also includes a slide show gallery.",
    "genres" : [ ]
  }, {
    "id" : 319884,
    "title" : "Danskernes egen historie - Oplevelser fra Århus",
    "overview" : "",
    "genres" : [ ]
  }, {
    "id" : 319889,
    "title" : "Real Wheels: Mega Truck Adventures",
    "overview" : "Dave, the host of the fascinating children's TV series \"Real Wheels,\" takes viewers on a thrilling ride aboard some of the biggest and most powerful wheeled machines. With the help of those who drive tanks, bulldozers and mammoth monster trucks, kids will get a chance to see what these amazing vehicles can really do.",
    "genres" : [ ]
  }, {
    "id" : 319894,
    "title" : "The Dive",
    "overview" : "Based on the true life story of Francisco Ferreras and his wife, Audrey Mestre, a pair of record-breaking freedivers.",
    "genres" : [ ]
  }, {
    "id" : 319899,
    "title" : "Danskernes egen historie - Når gløderne springer",
    "overview" : "",
    "genres" : [ ]
  }, {
    "id" : 319904,
    "title" : "Teenager Hamlet",
    "overview" : "In this study of youth in an urban Elsinore, artist Margaux Williamson meets teens whom she likens to modern Hamlets and Ophelias roaming her Toronto neighborhood and engages them in unscripted explorations of their home and their emotions.",
    "genres" : [ ]
  }, {
    "id" : 319909,
    "title" : "The Greatest Fights of Martial Arts: Part II",
    "overview" : "Martial arts fans will delight in this collection of some of the most exciting match-ups in martial arts history. Chock-full of the best fighters the sport has to offer, this release combines relentless action, uncompromising grit and astounding skill for one heart-pounding thrill ride! Featuring masters of their craft facing off against one another in high-stakes duels, this is kung fu at its very best.",
    "genres" : [ ]
  }, {
    "id" : 319914,
    "title" : "The Louvre",
    "overview" : "Lucy Jarvis -- the plucky camerawoman known for becoming the first Westerner to film inside communist China -- breaks barriers once again with this exclusive look at the world-famous Musée du Louvre, a place that previously barred access to all filmmakers. Charles Boyer is your host on this personalized tour of the museum's most prized possessions, including works by da Vinci, Michelangelo, Vermeer and Van Eyck.",
    "genres" : [ ]
  }, {
    "id" : 319919,
    "title" : "The Portrait of Billy Joe",
    "overview" : "Filmmaker Luciana Pedraza takes a penetrating look into the life of one of country music's behind-the-scenes talents, songwriter Billy Joe Shaver, who composed tunes for luminaries such as Johnny Cash and Bob Dylan. From his troubled childhood in Texas, through a battle with substance abuse and finally to the death of his wife and son, this moving portrait chronicles the career of an artist with a rare gift for transforming tragedy into poetry.",
    "genres" : [ ]
  }, {
    "id" : 319924,
    "title" : "Russell Madness",
    "overview" : "Russell, an undersized but big-hearted terrier, dreams of having a family of his own. After running away from his pet store, Russell gets taken in by The Ferraros, who discover their new pet pooch has incredible wrestling skills.",
    "genres" : [ {
      "id" : 35,
      "name" : "Comedy"
    } ]
  } ]
}