{
  "movies" : [ {
    "id" : 233524,
    "title" : "Exposure Diary: Season of Lust",
    "overview" : "Pinku from 1969.",
    "genres" : [ ]
  }, {
    "id" : 233544,
    "title" : "Colour Blind",
    "overview" : "A gritty period drama set in industrial Tyneside during World War I. Life for the McQueen family is turned upside down when daughter Bridget comes home with a black husband.",
    "genres" : [ {
      "id" : 18,
      "name" : "Drama"
    } ]
  }, {
    "id" : 233554,
    "title" : "The Dwelling Place",
    "overview" : "Adaptation of Catherine Cookson's novel. Set in the 1830s, the film tells the story of 16-year-old Cissie Brodie after the death of parents, and the repossession of the family home. She finds a barren place to live and care for her younger brothers and sisters with the help of Matthew, a local carpenter, but her life becomes complicated when the aristocratic Fischel family take an unwelcome interest.",
    "genres" : [ {
      "id" : 18,
      "name" : "Drama"
    } ]
  }, {
    "id" : 233559,
    "title" : "Rooney",
    "overview" : "Adaptation of the Catherine Cookson novel.",
    "genres" : [ ]
  }, {
    "id" : 233564,
    "title" : "Dumbbells",
    "overview" : "Dumbbells is a light-hearted buddy comedy set amongst a group of misfit employees that work in a struggling fitness center in Los Angeles.",
    "genres" : [ {
      "id" : 35,
      "name" : "Comedy"
    } ]
  }, {
    "id" : 233574,
    "title" : "Different Drummers",
    "overview" : "When David accurately foretells the death of their teacher and says God told him, Lyle devises a plan to find out if God really exists.",
    "genres" : [ {
      "id" : 18,
      "name" : "Drama"
    }, {
      "id" : 10751,
      "name" : "Family"
    } ]
  }, {
    "id" : 233584,
    "title" : "Hedda Gabler",
    "overview" : "Adaptation of Ibsen's play.",
    "genres" : [ ]
  }, {
    "id" : 233594,
    "title" : "Patchewollock Music Festival - Historical DVD",
    "overview" : "Birdsville is famous for its iconic outback pub, Tamworth is famous for its country music festival and Patchewollock will become famous for linking both together at the inaugural Patchewollock Music Festival, to be held over the weekend of 18th to 20th of October 2013. The phenomenal success of last year’s ‘Year of the Farmer’ celebration has convinced the festival director, Robin Yetman, and his committee to turn the festival into an annual three day event.  This year’s event will be called The Patchewollock Music Festival and run for 3 days from 18th-20th October. The Friday 18th evening will be the inaugural showing of 50 shades of grey. 50 shades of grey will showcase the early history of the district with black and white pictures of the early days being projected onto the side of a semi trailer taut liner parked outside the hotel on the main street. The photos will include early machinery, sheep sales, channels, dust storms, local identities and sporting activities.",
    "genres" : [ ]
  }, {
    "id" : 233599,
    "title" : "Zeebrugge",
    "overview" : "It is a film about the raid on Zeebrugge in 1918. The film recreates this event in a mixture of authentic WW I material including captured German film,drama and special effects using models. This film is an episode from an series of dramatized war docu's that was produced by a company called British Instructional Film.",
    "genres" : [ ]
  }, {
    "id" : 233604,
    "title" : "Women Hell Song: Shakuhachi Benten",
    "overview" : "Pinku from 1970.",
    "genres" : [ ]
  }, {
    "id" : 233609,
    "title" : "Kawaii Akuma: Iimono ageru",
    "overview" : "Pinku from 1970.",
    "genres" : [ ]
  }, {
    "id" : 233614,
    "title" : "The Experience",
    "overview" : "Pinku from 1970.",
    "genres" : [ ]
  }, {
    "id" : 233619,
    "title" : "The All-Out Game",
    "overview" : "Pinku from 1970.",
    "genres" : [ ]
  }, {
    "id" : 233629,
    "title" : "Shiroi Chibusa no Senritsu",
    "overview" : "Pinku from 1970.",
    "genres" : [ ]
  }, {
    "id" : 233639,
    "title" : "Windstorm",
    "overview" : "While spending the summer at her grandmother's farm, a girl (Hanna Höppner) discovers a talent for communicating with horses and tries to tame a fierce stallion.",
    "genres" : [ {
      "id" : 12,
      "name" : "Adventure"
    }, {
      "id" : 10751,
      "name" : "Family"
    } ]
  }, {
    "id" : 233644,
    "title" : "Krakatoa",
    "overview" : "Oscar winning short film",
    "genres" : [ ]
  }, {
    "id" : 233649,
    "title" : "Wolves of the City: First to Fight",
    "overview" : "Pinku from 1971.",
    "genres" : [ ]
  }, {
    "id" : 233654,
    "title" : "What, No Men?",
    "overview" : "A bill collector and a policeman are captured by a group of mad scientists and taken to an all-female Indian tribe for study.",
    "genres" : [ ]
  }, {
    "id" : 233659,
    "title" : "Cariño",
    "overview" : "Cariño is a short psychological thriller set in Spain. We follow the Rider as he travels through rural Spain on his motorcycle. An unexpected and tragic accident sends the Rider spinning into a world of darkness. Uncovering themes of loss, abandonment, love and pain, Cariño explores the darker side of human nature and delves into the contamination of destructive psychology.",
    "genres" : [ ]
  }, {
    "id" : 233669,
    "title" : "Wings Over Everest",
    "overview" : "A documentary about the first flight over Mt Everest.",
    "genres" : [ ]
  }, {
    "id" : 233679,
    "title" : "Finger Mischief",
    "overview" : "Pinku from 1971.",
    "genres" : [ ]
  }, {
    "id" : 233684,
    "title" : "Double Or Nothing",
    "overview" : "1936 musical comedy short directed by Joseph Henabery that was nominated for an Academy Award for Best Short Subject, Two Reel.",
    "genres" : [ ]
  }, {
    "id" : 233689,
    "title" : "Moscow Moods",
    "overview" : "1936 Short film nominated for an Academy Award for Best Short Subject, One Reel",
    "genres" : [ ]
  }, {
    "id" : 233699,
    "title" : "Nagumade Matte",
    "overview" : "Pinku from 1971.",
    "genres" : [ ]
  }, {
    "id" : 233704,
    "title" : "Should Wives Work?",
    "overview" : "Errol's wife goes back to work, despite his objections.",
    "genres" : [ ]
  }, {
    "id" : 233714,
    "title" : "The Glorious Fourth",
    "overview" : "The Glorious Fourth is a 1927 American short silent comedy film directed by Robert F. McGowan. It was the 62nd Our Gang short subject released.",
    "genres" : [ {
      "id" : 35,
      "name" : "Comedy"
    } ]
  }, {
    "id" : 233719,
    "title" : "Mathusalem",
    "overview" : "Methuselah is a 1922 play by Ivan Goll, considered a precursor of the theater of the absurd. During the 1927 play five sequences were projected filmed against the backdrop of white clouds made ​​by Jean Painlevé.",
    "genres" : [ ]
  }, {
    "id" : 233734,
    "title" : "To Jennifer",
    "overview" : "Joey suspects his girlfriend of two years, Jennifer, is cheating on him. He is so convinced that he enlists the help of his cousin Steven to create a Video Diary of his attempt to catch her in the act as well as to document the heartbreak she is putting him through. In an attempt to make her feel guilty, he intends to give this tape to her after catching her in the act.",
    "genres" : [ ]
  }, {
    "id" : 233754,
    "title" : "Wedding Slips",
    "overview" : "WEDDING SLIPS - starring Monte Collins, with Lucille Hutton, Robert Graves and Eva Thatcher. A newlyweds' honeymoon trip is detoured by a run-in with a troupe of gypsies, who kidnap the bride while the groom must tangle with the gypsy queen and a gorilla before resuming the honeymoon.",
    "genres" : [ ]
  }, {
    "id" : 233784,
    "title" : "The Treasurer's Report",
    "overview" : "Assistant Treasurer Benchley reports on the annual expenditures of the club for its home for \"boys between the ages of 14\", and other projects.",
    "genres" : [ ]
  }, {
    "id" : 233789,
    "title" : "Wrestling",
    "overview" : "A candid-camera view of professional wrestling as seen in the Montréal Forum, where some of the biggest bouts are staged, and in back-street wrestling parlours where the warriors practice their art.",
    "genres" : [ {
      "id" : 99,
      "name" : "Documentary"
    } ]
  }, {
    "id" : 233794,
    "title" : "Chips of the Old Block",
    "overview" : "The Foy Family performs a vaudeville act.",
    "genres" : [ ]
  }, {
    "id" : 233799,
    "title" : "The Mouse's Bride",
    "overview" : "A Aesop's Fables cartton about a mouse in love and the farmer that stands in their way. Thankfully there is a helpful, bur greedy, butler to assist.",
    "genres" : [ ]
  }, {
    "id" : 233809,
    "title" : "A Fig Leaf For Eve",
    "overview" : "A nightclub dancer, raised in an orphanage, learns she might be the long-lost heiress to a hair tonic fortune.",
    "genres" : [ ]
  }, {
    "id" : 233819,
    "title" : "Os Condenados",
    "overview" : "",
    "genres" : [ ]
  }, {
    "id" : 233824,
    "title" : "2000 Nordestes",
    "overview" : "",
    "genres" : [ {
      "id" : 99,
      "name" : "Documentary"
    } ]
  }, {
    "id" : 233834,
    "title" : "Tony Sarg's Marionettes in the Orient",
    "overview" : "A marionette musical from Tony Sarg's show.",
    "genres" : [ ]
  }, {
    "id" : 233839,
    "title" : "ゲームセンターCX: THE MOVIE",
    "overview" : "The story takes place in Japan in both 1986 and 2006. The 1986 storyline follows a gamer named Daisuke who wants to confess his feelings for Kumiko, a girl he likes — all while trying to reclaim his copy of the Famicom (NES) game Mighty Bomb Jack that he lent out. In 2006, the hapless game company manager Arino-kacho struggles to complete Mighty Bomb Jack in front of fans. The storylines of the boy who loves Famicom and the middle-aged man who loves Famicom eventually merge into one.",
    "genres" : [ {
      "id" : 35,
      "name" : "Comedy"
    }, {
      "id" : 18,
      "name" : "Drama"
    } ]
  }, {
    "id" : 233844,
    "title" : "Black Oak Conspiracy",
    "overview" : "An average Joe is pitted against a crooked sheriff and unscrupulous land grabbers in this tale of small town corruption and revenge.",
    "genres" : [ {
      "id" : 28,
      "name" : "Action"
    }, {
      "id" : 18,
      "name" : "Drama"
    } ]
  }, {
    "id" : 233849,
    "title" : "Tubettajat",
    "overview" : "Tubettajat tells about Finnish unemployed men who videotape their lives to YouTube and get a lot of viewers for their videos.",
    "genres" : [ {
      "id" : 10769,
      "name" : "Foreign"
    }, {
      "id" : 10770,
      "name" : "TV Movie"
    }, {
      "id" : 99,
      "name" : "Documentary"
    } ]
  }, {
    "id" : 233854,
    "title" : "Fuck Cinema",
    "overview" : "This documentary shows how different young people try to realize their dreams to become famous through the film industry.",
    "genres" : [ ]
  }, {
    "id" : 233869,
    "title" : "Unter Dampf - Saunalust in Deutschland",
    "overview" : "",
    "genres" : [ ]
  }, {
    "id" : 233879,
    "title" : "Ready, Steady, Ommm!",
    "overview" : "Alex and his girlfriend Anna have a problem: Anna couldn't be more pregnant, and neither can find an affordable flat. The only one who can help is Anna's father, Commander Reiker, a sweet but screwy military man who owns an empty house. Reiker, however, to whom the Swiss Army means everything, has problems of his own: how can Switzerland, nation of fabled warriors that even exports its troops to protect the Pope, maintain its fear-inspiring reputation with all the cost-cutting measures? The Army is being forced to save, to restructure, and to take itself seriously. To prevent his ramshackle troops from being axed, Reiker urgently needs help. And just about anyone will do. Like his future son-in-law Alex, the least capable man one could imagine. As a yoga teacher, house-husband and pacifist, Alex has what it takes to be discharged, not put in charge. The pact he concludes with Reiker will not only shake up the Swiss Army, but also Alex's relationship with Anna...",
    "genres" : [ {
      "id" : 35,
      "name" : "Comedy"
    } ]
  }, {
    "id" : 233889,
    "title" : "The Interrogation",
    "overview" : "A police interrogation takes a surprising turn from the classic good cop bad cop routine.",
    "genres" : [ {
      "id" : 35,
      "name" : "Comedy"
    } ]
  }, {
    "id" : 233894,
    "title" : "Seishinfudoki: Himerareta ai",
    "overview" : "Pinku from 1972.",
    "genres" : [ ]
  }, {
    "id" : 233899,
    "title" : "L'affaire d'une nuit",
    "overview" : "",
    "genres" : [ ]
  }, {
    "id" : 233904,
    "title" : "Giochi d'estate",
    "overview" : "",
    "genres" : [ ]
  }, {
    "id" : 233914,
    "title" : "Apartment Wife: Prime Woman",
    "overview" : "Pinku from 1972.",
    "genres" : [ ]
  }, {
    "id" : 233924,
    "title" : "Love Affair Exposed",
    "overview" : "Pinku from 1972.",
    "genres" : [ ]
  }, {
    "id" : 233929,
    "title" : "Sex Documentary Peek at Japan's Private Parts: Japan's First Infrared Movie",
    "overview" : "Pinku from 1972.",
    "genres" : [ ]
  }, {
    "id" : 233934,
    "title" : "The Stick",
    "overview" : "A squad (stick) of South African soldiers is sent into the bush to track down some rebel fighters when things take a supernatural turn.",
    "genres" : [ {
      "id" : 27,
      "name" : "Horror"
    }, {
      "id" : 10752,
      "name" : "War"
    } ]
  }, {
    "id" : 233939,
    "title" : "Wakazuma Onnazakari",
    "overview" : "Pinku from 1972.",
    "genres" : [ ]
  }, {
    "id" : 233949,
    "title" : "Morning of Ecstasy",
    "overview" : "Pinku from 1972.",
    "genres" : [ ]
  }, {
    "id" : 233954,
    "title" : "Secret Rendezvous",
    "overview" : "Pinku from 1972.",
    "genres" : [ ]
  }, {
    "id" : 233959,
    "title" : "Burning Skin",
    "overview" : "Pinku from 1972.",
    "genres" : [ ]
  }, {
    "id" : 233964,
    "title" : "Smokin' 3",
    "overview" : "Warning: May cause erection! Thick smoke bouncing off firm ass cheeks. Ultra close-ups of wet pussy lips that smell like ashtrays. Black death pushing out pert nipples from the inside. Two whores blowing smoke into each others dirty mouths. The thickest clit hood ever lensed. Cruel girls giggling at your impotence while languidly puffing their cigarettes. You know you love it!",
    "genres" : [ ]
  }, {
    "id" : 233974,
    "title" : "Office Lady Diary: Scent of a She-Cat",
    "overview" : "",
    "genres" : [ ]
  }, {
    "id" : 233989,
    "title" : "Neon kurage: Shinjuku hanadensha",
    "overview" : "Pinku from 1973.",
    "genres" : [ ]
  }, {
    "id" : 233994,
    "title" : "Season of Lust: A Trail of Honey from an 18 Year Old",
    "overview" : "Pinku from 1973.",
    "genres" : [ ]
  }, {
    "id" : 234004,
    "title" : "Ratchet & Clank",
    "overview" : "Ratchet and Clank tells the story of two unlikely heroes as they struggle to stop a vile alien named Chairman Drek from destroying every planet in the Solana Galaxy. When the two stumble upon a dangerous weapon capable of destroying entire planets, they must join forces with a team of colorful heroes called The Galactic Rangers in order to save the galaxy. Along the way they'll learn about heroism, friendship, and the importance of discovering one's own identity.",
    "genres" : [ {
      "id" : 28,
      "name" : "Action"
    }, {
      "id" : 12,
      "name" : "Adventure"
    }, {
      "id" : 16,
      "name" : "Animation"
    }, {
      "id" : 10751,
      "name" : "Family"
    } ]
  }, {
    "id" : 234009,
    "title" : "The Virgin Masquerade",
    "overview" : "Pinku from 1973.",
    "genres" : [ ]
  }, {
    "id" : 234014,
    "title" : "Noticiario de cine club",
    "overview" : "Noticiario, an avant-garde in which are some of the leading figures of Spanish intellectuals around 1930.",
    "genres" : [ ]
  }, {
    "id" : 234019,
    "title" : "True Story of Sex and Violence in a Female High School",
    "overview" : "Pinku from 1973.",
    "genres" : [ ]
  }, {
    "id" : 234029,
    "title" : "Sex-Crime Coast: School of Piranha",
    "overview" : "Pinku from 1973.",
    "genres" : [ ]
  }, {
    "id" : 234034,
    "title" : "Dokyumento poruno: Shin sukeban",
    "overview" : "Pinku from 1973.",
    "genres" : [ ]
  }, {
    "id" : 234044,
    "title" : "Yira, yira",
    "overview" : "Carlos Gardel sing his hit song \"Yira, yira\".",
    "genres" : [ ]
  }, {
    "id" : 234049,
    "title" : "Añoranzas",
    "overview" : "Carlos Gardel sing his hit song \"Añoranzas\".",
    "genres" : [ ]
  }, {
    "id" : 234059,
    "title" : "Padrino Pelado",
    "overview" : "Carlos Gardel sing his hit song \"Padrino Pelado\".",
    "genres" : [ ]
  }, {
    "id" : 234064,
    "title" : "Western Knights",
    "overview" : "Western Slapstick. A good chance to see Al St. John moving into the western comedy sidekick that would be his bread and butter role for the next twenty years. Also, it's a rare screen opportunity for Addie McPhail, Roscoe Arbuckle's wife and therefore Al's aunt.",
    "genres" : [ ]
  }, {
    "id" : 234069,
    "title" : "Lessons in the Art of Sex: Majoring in Voyeurism",
    "overview" : "Pinku from 1973.",
    "genres" : [ ]
  }, {
    "id" : 234074,
    "title" : "Dokyumento poruno: Chikan maruhi report",
    "overview" : "Pinku from 1973.",
    "genres" : [ ]
  }, {
    "id" : 234079,
    "title" : "Sukeban sex bouryoku",
    "overview" : "Pinku from 1973.",
    "genres" : [ ]
  }, {
    "id" : 234084,
    "title" : "Naked Resume: True Story of Kazuko Shirakawa",
    "overview" : "Pinku from 1973.",
    "genres" : [ ]
  }, {
    "id" : 234094,
    "title" : "Dream Theater: Live At Luna Park",
    "overview" : "Live at Luna Park is a live album/video by American progressive metal band Dream Theater, released on November 5, 2013 through Eagle Rock Entertainment. The concert film was produced by Over The Edge Productions and directed by Mike Leonard. The album is available on Blu-ray, a two DVD set and Blu-ray plus two DVD combo with three CDs and a Deluxe Edition with a 40-page book. The album will also be available on iTunes.  The album was recorded over two nights at Luna Park Stadium in Buenos Aires. The DVD-Blu-ray will also feature a documentary as well as Behind The Scenes-footage. It is also the first Dream Theater live recording to feature drummer Mike Mangini, following Mike Portnoy's departure in 2010.  Dream Theater are rocks supreme virtuosos with many awards to their name and here in concert they bring all the power and drama of their music to life with breathtaking performances of classic tracks from across their career.",
    "genres" : [ {
      "id" : 10402,
      "name" : "Music"
    } ]
  }, {
    "id" : 234099,
    "title" : "Van Kooten & De Bie: Ons Zingt Ons - Dertig jaar liederen en leaders!",
    "overview" : "",
    "genres" : [ {
      "id" : 35,
      "name" : "Comedy"
    } ]
  }, {
    "id" : 234119,
    "title" : "King of the Carnival",
    "overview" : "Treasury agents go after a ring of counterfeiters operating out of a traveling carnival.",
    "genres" : [ {
      "id" : 12,
      "name" : "Adventure"
    }, {
      "id" : 80,
      "name" : "Crime"
    } ]
  }, {
    "id" : 234124,
    "title" : "The Dead Inside",
    "overview" : "A bad night out just got a fair bit worse, it's the end of the world! Something terrible has happened, the undead are out in force; roaming the streets and devouring all who get in their way. A group of soldiers, civilians and teenagers take shelter in a local school for protection from the undead hordes outside, but no rescue is coming. Food is running low - morale doubly so, tensions are high and things are looking bad when a stranger arrives outside the gate. Then they get a whole lot worse.",
    "genres" : [ {
      "id" : 27,
      "name" : "Horror"
    }, {
      "id" : 28,
      "name" : "Action"
    }, {
      "id" : 878,
      "name" : "Science Fiction"
    } ]
  }, {
    "id" : 234149,
    "title" : "The Beauty Jungle",
    "overview" : "A Bristol typist joins the world of beauty contests.",
    "genres" : [ {
      "id" : 35,
      "name" : "Comedy"
    }, {
      "id" : 18,
      "name" : "Drama"
    } ]
  }, {
    "id" : 234154,
    "title" : "Mr. Baum",
    "overview" : "Balding advertising executive Mr. Baum spends more time on a new ad campaign for purple sunglasses than he does with his own family. But suddenly he is forced to reexamine his life after a doctor tells him that he has an 'aggressive' brain tumor and will die in 90 minutes.",
    "genres" : [ {
      "id" : 18,
      "name" : "Drama"
    }, {
      "id" : 35,
      "name" : "Comedy"
    } ]
  }, {
    "id" : 234159,
    "title" : "Holodomor: Ukraine's Genocide of 1932-33",
    "overview" : "\"In 1932-33, Ukraine, the breadbasket of Europe, had bountiful crops of grain, yet its people were dying of starvation. In order to crush the will of the independent-minded Ukrainian peasants and secure collectivization of all Ukrainian lands, Joseph Stalin ordered an army of ruthless, Communist Party activists to confiscate all harvested grain and seize all the foodstuffs in the villages. As a result of this genocidal decree, by the end of 1933 nearly 25 percent of the Ukrainian population - up to 10 million people, including 3 million children - had perished! In the face of terror, Ukrainians had little possibility of escaping their horrific fate to create another life elsewhere. Travel was banned for Ukrainians keeping them confined in a prison of starvation within their own villages.\"\r - Written by Bobby Leigh",
    "genres" : [ ]
  }, {
    "id" : 234164,
    "title" : "Site 2",
    "overview" : "After having fled Pol Pot, Rithy Panh, a 15 year old Cambodian finds refuge at the Mairut camp in Thailand, in 1979. Ten years later, now a filmmaker, he returns to the camps to film the daily life of this threatened people. The peoples he meets, eaten away by inactivity, insecutity and the fear of being forgotten, have been waiting for a possible return to Cambodia.",
    "genres" : [ {
      "id" : 99,
      "name" : "Documentary"
    } ]
  }, {
    "id" : 234179,
    "title" : "Badhaai Ho Badhaai",
    "overview" : "The D'Souza and the Chaddha families are neighbors and have been good friends for as long as they can remember, and despite their diverse religion and cultural beliefs, celebrate Diwali and...",
    "genres" : [ {
      "id" : 10402,
      "name" : "Music"
    }, {
      "id" : 35,
      "name" : "Comedy"
    }, {
      "id" : 18,
      "name" : "Drama"
    } ]
  }, {
    "id" : 234184,
    "title" : "Late Call",
    "overview" : "Mini-series based on Angus Wilson's novel.",
    "genres" : [ ]
  }, {
    "id" : 234214,
    "title" : "Center Jenny",
    "overview" : "CENTER JENNY has the title characters hazing newbies, pining over local (global?) hottie Jimmy West, and making the fatal it-girl mistake of straying too close to the Source of their inspiration. In it, we glimpse into the life of a Jenny who has gone too left-of-center, putting aside the endless pursuit of higher Jenn-lightenment for her own interests. Will she survive the initiation and move to a higher level of Jenny? Put your phone in the circle, pick up your solo cup and find out.",
    "genres" : [ ]
  }, {
    "id" : 234219,
    "title" : "A Zen Life: D.T. Suzuki",
    "overview" : "Using rare archival footage and interviews with noted artists, philosophers and scholars such as Huston Smith, this film examines the life and teachings of D.T. Suzuki, the celebrated Japanese religious phliosopher who first brought Zen Buddhism to the West. This program explores Suzuki's travels in America, his teachings on satori (enlightenment) and other Buddhist concepts, his influence on Western art and psychology, and more.",
    "genres" : [ {
      "id" : 99,
      "name" : "Documentary"
    } ]
  }, {
    "id" : 234234,
    "title" : "Savur-Mogila",
    "overview" : "At a military demonstration Red Imps: Misha, Duniasha and Tom Jackson bring a captured enemy, dangerous Makhno.",
    "genres" : [ ]
  }, {
    "id" : 234249,
    "title" : "The Littlest Diplomat",
    "overview" : "Young Sybil visits her grandfather, a British Colonel stationed at a garrison in India, and she helps negotiate a diplomatic truce between him and the local natives.",
    "genres" : [ {
      "id" : 35,
      "name" : "Comedy"
    }, {
      "id" : 10751,
      "name" : "Family"
    } ]
  }, {
    "id" : 234254,
    "title" : "Irish Destiny",
    "overview" : "An IRA man races to Dublin to warn his colleagues of a forthcoming raid, but he is captured by British forces.",
    "genres" : [ {
      "id" : 36,
      "name" : "History"
    }, {
      "id" : 18,
      "name" : "Drama"
    } ]
  }, {
    "id" : 234259,
    "title" : "Craeft Ports 1961",
    "overview" : "Fashion designer Tia Cibani of PORTS1961 fights against time crunches and ominous impending obstacles in a nail-biting process to produce a successful runway show at Bryant Park, New York Fashion Week.",
    "genres" : [ ]
  }, {
    "id" : 234264,
    "title" : "The Return of Boston Blackie",
    "overview" : "Just out of jail and vowing to go straight, former jewel thief Boston Blackie, undertakes the reformation of a pretty blonde who has stolen a necklace from a cabaret dancer. He learns that the jewel belongs to the mother of the blonde girl, and the blonde's philandering father gave it as a gift to the cabaret girl. Now, Blackie must find a way to return the necklace to the owner's safe without arousing the suspicions of the girl's family.",
    "genres" : [ ]
  }, {
    "id" : 234269,
    "title" : "Esterhazy",
    "overview" : "",
    "genres" : [ {
      "id" : 16,
      "name" : "Animation"
    }, {
      "id" : 35,
      "name" : "Comedy"
    } ]
  }, {
    "id" : 234274,
    "title" : "El puño de hierro",
    "overview" : "El Puño de Hierro, a Mexican Silent Film Classic In 1927, a startling silent film about drug addiction and trafficking was exhibited in a city in Mexico.",
    "genres" : [ ]
  }, {
    "id" : 234279,
    "title" : "I Want My Mummy",
    "overview" : "Jose goes to a restaurant and is told by the waiter that an all-you-can-eat buffet is $5. Jose only has a penny which he uses to get three peanuts from a candy machine. A bird comes by and eats them all.",
    "genres" : [ ]
  }, {
    "id" : 234284,
    "title" : "Time of Eve: The Movie",
    "overview" : "In the not-too-distant future, androids have come into common usage. Rikuo Sakisaka, who has taken robots for granted for his entire life, one day discovers that Sammy, his home android, has been acting independently and coming and going on her own. He finds a strange phrase recorded in her activity log, \"Are you enjoying the Time of Eve?\". He, along with his friend Masakazu Masaki, traces Sammy's movements and finds an unusual cafe, \"The Time of Eve\". Nagi, the barista, informs them that the cafe's main rule is to not discriminate between humans and androids. Within the cafe, androids do not display their status rings, and, when patrons depart, the door is automatically locked for two minutes to prevent someone from following them to discover their true nature.",
    "genres" : [ {
      "id" : 16,
      "name" : "Animation"
    }, {
      "id" : 878,
      "name" : "Science Fiction"
    }, {
      "id" : 10749,
      "name" : "Romance"
    } ]
  }, {
    "id" : 234289,
    "title" : "Clippety Clobbered",
    "overview" : "Wile E. Coyote uses a chemistry set to try and catch the Road Runner. He mixes chemicals to yield invisible paint...",
    "genres" : [ {
      "id" : 16,
      "name" : "Animation"
    } ]
  }, {
    "id" : 234294,
    "title" : "The Solid Tin Coyote",
    "overview" : "Wile E. Coyote uses scrap metal from a dump to build a huge, mechanical likeness of himself, and uses this robot to chase the Road Runner. It ends up as just another pile of scrap.",
    "genres" : [ {
      "id" : 16,
      "name" : "Animation"
    } ]
  }, {
    "id" : 234299,
    "title" : "A Squeak in the Deep",
    "overview" : "Daffy Duck enters a boat racing contest and is frustrated constantly by Speedy Gonzales.",
    "genres" : [ ]
  }, {
    "id" : 234304,
    "title" : "Gordyi korablik",
    "overview" : "The tale of a little toy ship, Aurora, that defies entire fleets of evil Capitalist warmongers.",
    "genres" : [ ]
  }, {
    "id" : 234309,
    "title" : "Teeny Weeny Meany",
    "overview" : "On a tuna boat, Chilly gives a dog a hard time by stealing the fish that he catches.",
    "genres" : [ {
      "id" : 16,
      "name" : "Animation"
    } ]
  }, {
    "id" : 234314,
    "title" : "A Taste of Catnip",
    "overview" : "Daffy Duck goes to a doctor after he realizes that he is starting to act like a cat. Daffy finds himself drinking milk out of saucers.",
    "genres" : [ ]
  } ]
}